id;data_inversa;dia_semana;horario;uf;br;km;municipio;causa_acidente;tipo_acidente;classificacao_acidente;fase_dia;sentido_via;condicao_metereologica;tipo_pista;tracado_via;uso_solo;pessoas;mortos;feridos_leves;feridos_graves;ilesos;ignorados;feridos;veiculos;latitude;longitude;regional;delegacia;uop;;;
707892;24/07/2025;quinta-feira;15:30:00;RJ;101;313;SAO GONCALO;Demais falhas mec�nicas ou el�tricas;Queda de ocupante de ve�culo;Com V�timas Feridas;Pleno dia;Decrescente;C�u Claro;Dupla;Reta;Sim;2;0;1;0;1;0;1;1;-22,81096006;-43,07068632;SPRF-RJ;DEL02-RJ;UOP02-DEL02-RJ;;;
707894;28/07/2025;segunda-feira;14:00:00;PA;230;665;ALTAMIRA;Demais falhas mec�nicas ou el�tricas;Derramamento de carga;Com V�timas Feridas;Pleno dia;Crescente;Sol;Simples;"Reta;Aclive";N�o;2;0;2;0;0;0;2;1;-3,26111;-52,36077;SPRF-PA;DEL04-PA;UOP01-DEL04-PA;;;
707898;28/07/2025;segunda-feira;18:20:00;SP;116;228;SAO PAULO;Manobra de mudan�a de faixa;Colis�o lateral mesmo sentido;Com V�timas Feridas;Plena Noite;Decrescente;C�u Claro;M�ltipla;"Reta;Em Obras";Sim;4;0;2;0;1;1;2;4;-23,50386674;-46,56795502;SPRF-SP;DEL01-SP;UOP01-DEL01-SP;;;
707902;28/07/2025;segunda-feira;17:21:00;SP;116;201;ARUJA;Manobra de mudan�a de faixa;Tombamento;Com V�timas Feridas;Anoitecer;Decrescente;Ignorado;Dupla;Reta;N�o;1;0;1;0;0;0;1;1;-23,403305;-46,329178;SPRF-SP;DEL01-SP;UOP01-DEL01-SP;;;
707903;28/07/2025;segunda-feira;16:00:00;MG;381;733,4;CARMO DA CACHOEIRA;Chuva;Capotamento;Com V�timas Feridas;Pleno dia;Decrescente;Chuva;Dupla;Declive;N�o;2;0;2;0;0;0;2;1;-21,49132447;-45,2072304;SPRF-MG;DEL16-MG;UOP02-DEL16-MG;;;
707904;28/07/2025;segunda-feira;19:00:00;SP;116;226;GUARULHOS;Trafegar com motocicleta (ou similar) entre as faixas;Colis�o lateral mesmo sentido;Com V�timas Feridas;Plena Noite;Decrescente;Nublado;M�ltipla;"Reta;Declive";Sim;5;0;1;0;4;0;1;3;-23,491072;-46,549065;SPRF-SP;DEL01-SP;UOP01-DEL01-SP;;;
707905;28/07/2025;segunda-feira;18:35:00;SC;280;126,8;RIO NEGRINHO;�rea urbana sem a presen�a de local apropriado para a travessia de pedestres;Atropelamento de Pedestre;Com V�timas Feridas;Plena Noite;Crescente;C�u Claro;Simples;"Reta;Aclive";N�o;2;0;0;1;1;0;1;2;-26,23991161;-49,5065802;SPRF-SC;DEL06-SC;UOP03-DEL06-SC;;;
707906;28/07/2025;segunda-feira;16:00:00;RS;386;420;MONTENEGRO;Velocidade Incompat�vel;Tombamento;Com V�timas Feridas;Pleno dia;Decrescente;Chuva;Simples;"Aclive;Curva;Interse��o de Vias";N�o;1;0;1;0;0;0;1;1;-29,81484764;-51,41779158;SPRF-RS;DEL04-RS;UOP02-DEL04-RS;;;
707907;28/07/2025;segunda-feira;16:00:00;BA;330;832;IPIAU;Animais na Pista;Sa�da de leito carro��vel;Com V�timas Feridas;Pleno dia;Crescente;C�u Claro;Simples;"Curva;Aclive";N�o;4;0;3;0;1;0;3;1;-14,0959551;-39,78125811;SPRF-BA;DEL03-BA;UOP01-DEL03-BA;;;
707908;28/07/2025;segunda-feira;18:45:00;PR;116;15,3;COLOMBO;Avarias e/ou desgaste excessivo no pneu;Queda de ocupante de ve�culo;Com V�timas Feridas;Anoitecer;Crescente;C�u Claro;Dupla;Reta;Sim;2;0;1;1;0;0;2;1;-25,38544122;-49,17214394;SPRF-PR;DEL01-PR;UOP02-DEL01-PR;;;
707909;28/07/2025;segunda-feira;18:35:00;SC;101;412,4;ARARANGUA;Aus�ncia de rea��o do condutor;Colis�o traseira;Com V�timas Feridas;Plena Noite;Crescente;C�u Claro;Dupla;Reta;N�o;4;0;1;0;3;0;1;2;-28,945448;-49,52927;SPRF-SC;DEL02-SC;UOP02-DEL02-SC;;;
707910;28/07/2025;segunda-feira;16:00:00;MG;381;733,4;CARMO DA CACHOEIRA;Chuva;Capotamento;Com V�timas Feridas;Pleno dia;Decrescente;Chuva;Dupla;"Curva;Declive";N�o;1;0;0;1;0;0;1;1;-21,52175;-45,22349;SPRF-MG;DEL16-MG;UOP02-DEL16-MG;;;
707912;28/07/2025;segunda-feira;18:00:00;PA;230;121;MARABA;Manobra de mudan�a de faixa;Colis�o lateral mesmo sentido;Com V�timas Feridas;Anoitecer;Crescente;C�u Claro;Dupla;Reta;Sim;2;0;1;0;1;0;1;2;-5,367873;-49,128383;SPRF-PA;DEL03-PA;UOP01-DEL03-PA;;;
707913;28/07/2025;segunda-feira;18:23:00;PE;101;51;ABREU E LIMA;Acessar a via sem observar a presen�a dos outros ve�culos;Colis�o transversal;Com V�timas Feridas;Plena Noite;Crescente;Nublado;Dupla;Reta;Sim;2;0;1;0;1;0;1;2;-7,917345;-34,896815;SPRF-PE;DEL01-PE;UOP02-DEL01-PE;;;
707914;28/07/2025;segunda-feira;19:00:00;PR;277;121;CAMPO LARGO;Trafegar com motocicleta (ou similar) entre as faixas;Colis�o transversal;Com V�timas Feridas;Plena Noite;Crescente;C�u Claro;Dupla;"Reta;Retorno Regulamentado";Sim;2;0;1;0;1;0;1;2;-25,446349;-49,487328;SPRF-PR;DEL03-PR;UOP03-DEL03-PR;;;
707915;28/07/2025;segunda-feira;19:10:00;GO;153;438;ANAPOLIS;Condutor deixou de manter dist�ncia do ve�culo da frente;Colis�o traseira;Com V�timas Feridas;Plena Noite;Crescente;C�u Claro;Dupla;"Reta;Aclive";Sim;2;0;1;0;1;0;1;2;-16,28928297;-48,93702719;SPRF-GO;DEL02-GO;UOP01-DEL02-GO;;;
707916;28/07/2025;segunda-feira;17:11:00;MG;381;674,5;PERDOES;Chuva;Capotamento;Com V�timas Feridas;Anoitecer;Crescente;Chuva;Dupla;Reta;N�o;2;0;1;0;1;0;1;1;-21,089174;-45,068247;SPRF-MG;DEL04-MG;UOP02-DEL04-MG;;;
707918;28/07/2025;segunda-feira;16:40:00;GO;60;419;RIO VERDE;Manobra de mudan�a de faixa;Queda de ocupante de ve�culo;Com V�timas Feridas;Pleno dia;Decrescente;C�u Claro;Dupla;Reta;N�o;2;0;0;1;0;1;1;2;-17,82149788;-51,24575234;SPRF-GO;DEL04-GO;UOP02-DEL04-GO;;;
707919;28/07/2025;segunda-feira;15:10:00;SC;280;80;CORUPA;Rea��o tardia ou ineficiente do condutor;Tombamento;Com V�timas Feridas;Pleno dia;Decrescente;C�u Claro;Simples;"Reta;Ponte";Sim;2;0;1;0;1;0;1;2;-26,4403848;-49,2246563;SPRF-SC;DEL06-SC;UOP03-DEL06-SC;;;
707921;28/07/2025;segunda-feira;19:15:00;MG;365;3;MONTES CLAROS;Pista Escorregadia;Tombamento;Com V�timas Feridas;Plena Noite;Decrescente;C�u Claro;Simples;Reta;Sim;2;0;2;0;0;0;2;1;-16,6537055;-43,7179377;SPRF-MG;DEL12-MG;UOP01-DEL12-MG;;;
707922;28/07/2025;segunda-feira;17:10:00;BA;101;832;PRADO;Transitar na contram�o;Colis�o frontal;Com V�timas Feridas;Anoitecer;Decrescente;C�u Claro;Simples;"Curva;Declive";N�o;2;0;0;1;1;0;1;2;-17,198839;-39,593232;SPRF-BA;DEL09-BA;UOP02-DEL09-BA;;;
707925;28/07/2025;segunda-feira;17:57:00;SC;101;282;IMBITUBA;Acessar a via sem observar a presen�a dos outros ve�culos;Colis�o transversal;Com V�timas Feridas;Anoitecer;Decrescente;C�u Claro;Simples;Rotat�ria;Sim;2;0;0;1;1;0;1;2;-28,0771078;-48,7125387;SPRF-SC;DEL02-SC;UOP03-DEL02-SC;;;
707926;28/07/2025;segunda-feira;20:03:00;CE;116;478,6;MILAGRES;Acostamento em desn�vel;Tombamento;Com V�timas Feridas;Plena Noite;Crescente;C�u Claro;Simples;Reta;N�o;1;0;1;0;0;0;1;1;-7,30443527;-38,91639439;SPRF-CE;DEL05-CE;UOP03-DEL05-CE;;;
707927;28/07/2025;segunda-feira;20:00:00;MG;365;588,9;INDIANOPOLIS;Ingest�o de �lcool pelo condutor;Colis�o com objeto;Com V�timas Feridas;Plena Noite;Crescente;C�u Claro;Dupla;Reta;N�o;1;0;1;0;0;0;1;1;-18,866542;-48,016415;SPRF-MG;DEL15-MG;UOP02-DEL15-MG;;;
707928;28/07/2025;segunda-feira;08:10:00;MG;381;438;SANTA LUZIA;Velocidade Incompat�vel;Queda de ocupante de ve�culo;Com V�timas Feridas;Pleno dia;Crescente;Sol;Simples;Curva;N�o;1;0;0;1;0;0;1;1;-19,8157686;-43,80179213;SPRF-MG;DEL01-MG;UOP01-DEL01-MG;;;
707929;28/07/2025;segunda-feira;21:16:00;SP;116;222;GUARULHOS;Trafegar com motocicleta (ou similar) entre as faixas;Colis�o lateral mesmo sentido;Com V�timas Feridas;Plena Noite;Crescente;C�u Claro;M�ltipla;Reta;Sim;2;0;1;0;1;0;1;2;-23,472222;-46,519855;SPRF-SP;DEL01-SP;UOP01-DEL01-SP;;;
707930;28/07/2025;segunda-feira;18:55:00;SP;153;215;GUAIMBE;Afundamento ou ondula��o no pavimento;Tombamento;Com V�timas Feridas;Plena Noite;Decrescente;Nublado;Simples;Reta;N�o;1;0;1;0;0;0;1;1;-21,948067;-49,921682;SPRF-SP;DEL07-SP;UOP02-DEL07-SP;;;
707931;28/07/2025;segunda-feira;20:30:00;SC;282;0,8;FLORIANOPOLIS;Condutor deixou de manter dist�ncia do ve�culo da frente;Colis�o traseira;Com V�timas Feridas;Plena Noite;Decrescente;C�u Claro;Dupla;Reta;Sim;4;0;2;0;2;0;2;3;-27,601374;-48,577986;SPRF-SC;DEL01-SC;UOP01-DEL01-SC;;;
707932;28/07/2025;segunda-feira;21:00:00;SC;470;57,5;BLUMENAU;Acessar a via sem observar a presen�a dos outros ve�culos;Colis�o transversal;Com V�timas Feridas;Plena Noite;Crescente;C�u Claro;Simples;Rotat�ria;Sim;3;0;1;0;2;0;1;2;-26,88265009;-49,14211392;SPRF-SC;DEL04-SC;UOP01-DEL04-SC;;;
707935;28/07/2025;segunda-feira;16:50:00;PR;153;121,4;IBAITI;Velocidade Incompat�vel;Sa�da de leito carro��vel;Com V�timas Feridas;Pleno dia;Crescente;C�u Claro;Simples;Curva;N�o;1;0;0;1;0;0;1;1;-23,934462;-50,239562;SPRF-PR;DEL07-PR;UOP04-DEL07-PR;;;
707936;28/07/2025;segunda-feira;17:45:00;BA;116;459;SANTO ESTEVAO;Pista esburacada;Queda de ocupante de ve�culo;Com V�timas Feridas;Anoitecer;Crescente;Nublado;Dupla;Reta;N�o;2;0;2;0;0;0;2;1;-12,42068706;-39,19877384;SPRF-BA;DEL02-BA;UOP01-DEL02-BA;;;
707937;28/07/2025;segunda-feira;16:30:00;SC;280;29,5;ARAQUARI;Trafegar com motocicleta (ou similar) entre as faixas;Colis�o transversal;Com V�timas Feridas;Pleno dia;Decrescente;C�u Claro;Simples;Reta;Sim;2;0;1;0;1;0;1;2;-26,413248;-48,757855;SPRF-SC;DEL03-SC;UOP03-DEL03-SC;;;
707939;28/07/2025;segunda-feira;21:15:00;DF;20;6;BRASILIA;Ingest�o de �lcool pelo condutor;Colis�o traseira;Com V�timas Feridas;Plena Noite;Decrescente;C�u Claro;Dupla;Declive;Sim;3;0;2;0;1;0;2;2;-15,66696006;-47,81102512;SPRF-DF;DEL02-DF;UOP01-DEL02-DF;;;
707941;28/07/2025;segunda-feira;20:40:00;MG;381;505;BETIM;Aus�ncia de rea��o do condutor;Colis�o com objeto;Sem V�timas;Plena Noite;Decrescente;C�u Claro;Dupla;Reta;N�o;1;0;0;0;0;1;0;1;-20,03652855;-44,24696144;SPRF-MG;DEL01-MG;UOP03-DEL01-MG;;;
707944;28/07/2025;segunda-feira;19:35:00;MG;365;845;SANTA VITORIA;Aus�ncia de rea��o do condutor;Atropelamento de Animal;Com V�timas Feridas;Plena Noite;Crescente;C�u Claro;Simples;Reta;N�o;1;0;1;0;0;0;1;1;-18,9718833;-50,29129028;SPRF-MG;DEL15-MG;UOP03-DEL15-MG;;;
707945;28/07/2025;segunda-feira;19:40:00;MA;10;248;IMPERATRIZ;Aus�ncia de rea��o do condutor;Colis�o transversal;Com V�timas Fatais;Plena Noite;Decrescente;Ignorado;M�ltipla;Reta;Sim;2;1;0;0;0;1;0;2;-5,563162;-47,451133;SPRF-MA;DEL04-MA;UOP01-DEL04-MA;;;
707949;28/07/2025;segunda-feira;19:10:00;AM;174;887;MANAUS;Rea��o tardia ou ineficiente do condutor;Colis�o traseira;Com V�timas Feridas;Plena Noite;Crescente;C�u Claro;Simples;Declive;N�o;3;0;0;1;0;2;1;3;-2,949792;-60,0336;SPRF-AM;DEL01-AM;UOP01-DEL01-AM;;;
707951;28/07/2025;segunda-feira;23:07:00;RJ;40;115;DUQUE DE CAXIAS;Demais falhas mec�nicas ou el�tricas;Tombamento;Com V�timas Feridas;Plena Noite;Crescente;C�u Claro;M�ltipla;Reta;Sim;1;0;1;0;0;0;1;1;-22,729331;-43,289103;SPRF-RJ;DEL01-RJ;UOP02-DEL01-RJ;;;
707952;28/07/2025;segunda-feira;23:20:00;RS;290;104,1;ELDORADO DO SUL;Demais falhas mec�nicas ou el�tricas;Colis�o traseira;Com V�timas Feridas;Plena Noite;Crescente;C�u Claro;Dupla;"Reta;Ponte";N�o;3;0;1;0;2;0;1;2;-29,99396982;-51,27928036;SPRF-RS;DEL02-RS;UOP01-DEL02-RS;;;
707953;28/07/2025;segunda-feira;23:40:00;SC;101;186;BIGUACU;Rea��o tardia ou ineficiente do condutor;Colis�o com objeto;Com V�timas Feridas;Plena Noite;Decrescente;C�u Claro;M�ltipla;Reta;N�o;2;0;2;0;0;0;2;1;-27,434007;-48,625423;SPRF-SC;DEL01-SC;UOP01-DEL01-SC;;;
707954;28/07/2025;segunda-feira;18:50:00;RJ;101;403;ITAGUAI;Ilumina��o deficiente;Queda de ocupante de ve�culo;Com V�timas Feridas;Plena Noite;Crescente;C�u Claro;Dupla;Reta;Sim;2;0;1;0;1;0;1;1;-22,8589467;-43,7591316;SPRF-RJ;DEL03-RJ;UOP01-DEL03-RJ;;;
707959;29/07/2025;ter�a-feira;03:45:00;SC;101;153,8;PORTO BELO;Rea��o tardia ou ineficiente do condutor;Colis�o com objeto;Com V�timas Feridas;Plena Noite;Decrescente;C�u Claro;Dupla;Reta;N�o;2;0;1;0;1;0;1;1;-27,1540375;-48,61074686;SPRF-SC;DEL04-SC;UOP03-DEL04-SC;;;
707961;29/07/2025;ter�a-feira;04:00:00;RS;386;293,6;POUSO NOVO;Demais falhas mec�nicas ou el�tricas;Sa�da de leito carro��vel;Com V�timas Feridas;Plena Noite;Decrescente;C�u Claro;Simples;Reta;N�o;2;0;2;0;0;0;2;1;-29,12751745;-52,25222989;SPRF-RS;DEL04-RS;UOP01-DEL04-RS;;;
707962;29/07/2025;ter�a-feira;04:50:00;PR;277;248;IRATI;Falta de elemento de conten��o que evite a sa�da do leito carro��vel;Sa�da de leito carro��vel;Com V�timas Feridas;Plena Noite;Decrescente;C�u Claro;Simples;Curva;N�o;1;0;1;0;0;0;1;1;-25,448944;-50,638731;SPRF-PR;DEL08-PR;UOP02-DEL08-PR;;;
707963;29/07/2025;ter�a-feira;05:30:00;GO;153;258;SAO LUIZ DO NORTE;Condutor Dormindo;Sa�da de leito carro��vel;Com V�timas Feridas;Amanhecer;Crescente;C�u Claro;Dupla;Reta;N�o;3;0;3;0;0;0;3;1;-14,89074394;-49,34197427;SPRF-GO;DEL07-GO;UOP02-DEL07-GO;;;
707964;29/07/2025;ter�a-feira;05:40:00;GO;153;608,2;MORRINHOS;Condutor Dormindo;Sa�da de leito carro��vel;Com V�timas Feridas;Amanhecer;Crescente;C�u Claro;Dupla;Reta;N�o;2;0;1;0;1;0;1;1;-17,615745;-49,180842;SPRF-GO;DEL03-GO;UOP01-DEL03-GO;;;
707965;29/07/2025;ter�a-feira;05:20:00;GO;60;64;ABADIANIA;Demais falhas mec�nicas ou el�tricas;Sa�da de leito carro��vel;Com V�timas Feridas;Plena Noite;Crescente;C�u Claro;Dupla;Reta;N�o;4;0;3;0;1;0;3;2;-16,19738503;-48,73237029;SPRF-GO;DEL02-GO;UOP01-DEL02-GO;;;
707967;29/07/2025;ter�a-feira;06:30:00;BA;116;431,7;FEIRA DE SANTANA;Demais falhas mec�nicas ou el�tricas;Tombamento;Com V�timas Feridas;Amanhecer;Decrescente;Nevoeiro/Neblina;Dupla;"Reta;Viaduto";N�o;2;0;2;0;0;0;2;1;-12,2951067;-39,0291308;SPRF-BA;DEL02-BA;UOP01-DEL02-BA;;;
707968;29/07/2025;ter�a-feira;06:00:00;ES;262;25;VIANA;Condutor deixou de manter dist�ncia do ve�culo da frente;Colis�o traseira;Com V�timas Feridas;Pleno dia;Crescente;C�u Claro;Simples;Reta;N�o;2;0;1;0;1;0;1;2;-20,379485;-40,537222;SPRF-ES;DEL01-ES;UOP01-DEL01-ES;;;
707969;29/07/2025;ter�a-feira;05:45:00;RS;293;172;HULHA NEGRA;Animais na Pista;Atropelamento de Animal;Com V�timas Feridas;Amanhecer;Decrescente;C�u Claro;Simples;Reta;N�o;1;0;1;0;0;0;1;1;-31,33588365;-53,84188592;SPRF-RS;DEL11-RS;UOP03-DEL11-RS;;;
707970;29/07/2025;ter�a-feira;05:30:00;MS;60;480,9;MARACAJU;Condutor Dormindo;Sa�da de leito carro��vel;Sem V�timas;Amanhecer;Decrescente;Nevoeiro/Neblina;Simples;Curva;N�o;1;0;0;0;0;1;0;1;-21,117481;-55,361573;SPRF-MS;DEL01-MS;UOP04-DEL01-MS;;;
707971;28/07/2025;segunda-feira;20:00:00;MG;40;133;JOAO PINHEIRO;Ultrapassagem Indevida;Colis�o frontal;Com V�timas Feridas;Plena Noite;Crescente;C�u Claro;Simples;Declive;N�o;7;0;0;7;0;0;7;2;-17,72321434;-46,22803689;SPRF-MG;DEL14-MG;UOP01-DEL14-MG;;;
707972;29/07/2025;ter�a-feira;07:10:00;MG;40;547,4;NOVA LIMA;Manobra de mudan�a de faixa;Colis�o lateral mesmo sentido;Com V�timas Feridas;Amanhecer;Crescente;C�u Claro;Dupla;"Aclive;Reta";N�o;2;0;0;1;1;0;1;2;-20,02887092;-43,96975803;SPRF-MG;DEL01-MG;UOP02-DEL01-MG;;;
707973;28/07/2025;segunda-feira;20:00:00;RJ;493;16;GUAPIMIRIM;Acessar a via sem observar a presen�a dos outros ve�culos;Colis�o transversal;Com V�timas Feridas;Plena Noite;Decrescente;Nublado;Simples;Reta;Sim;2;0;0;1;1;0;1;2;-22,666081;-42,99954951;SPRF-RJ;DEL04-RJ;UOP02-DEL04-RJ;;;
707975;29/07/2025;ter�a-feira;08:00:00;SP;116;1;GUARULHOS;Manobra de mudan�a de faixa;Colis�o lateral mesmo sentido;Com V�timas Feridas;Pleno dia;Crescente;Sol;Dupla;Reta;N�o;3;0;1;0;2;0;1;2;-23,451945;-46,491311;SPRF-SP;DEL01-SP;UOP01-DEL01-SP;;;
707976;29/07/2025;ter�a-feira;07:39:00;SP;116;279;EMBU DAS ARTES;Rea��o tardia ou ineficiente do condutor;Colis�o traseira;Com V�timas Feridas;Pleno dia;Decrescente;C�u Claro;Dupla;Reta;Sim;2;0;1;0;1;0;1;2;-23,63663604;-46,83271868;SPRF-SP;DEL04-SP;UOP01-DEL04-SP;;;
707979;29/07/2025;ter�a-feira;05:00:00;MT;174;275;PONTES E LACERDA;Animais na Pista;Atropelamento de Animal;Com V�timas Feridas;Amanhecer;Crescente;C�u Claro;Simples;Declive;N�o;2;0;2;0;0;0;2;1;-15,3342883;-59,2176233;SPRF-MT;DEL04-MT;UOP01-DEL04-MT;;;
707981;29/07/2025;ter�a-feira;07:05:00;MG;381;480;CONTAGEM;Aus�ncia de sinaliza��o;Colis�o lateral mesmo sentido;Com V�timas Feridas;Pleno dia;Decrescente;Sol;M�ltipla;Reta;Sim;3;0;1;0;2;0;1;2;-19,95962074;-44,05358188;SPRF-MG;DEL01-MG;UOP03-DEL01-MG;;;
707983;29/07/2025;ter�a-feira;07:40:00;TO;0;0;ARAGUAINA;Desrespeitar a prefer�ncia no cruzamento;Colis�o transversal;Com V�timas Feridas;Pleno dia;N�o Informado;C�u Claro;Simples;Interse��o de Vias;Sim;3;0;1;0;2;0;1;2;-7,18720895;-48,21551621;SPRF-TO;DEL02-TO;UOP01-DEL02-TO;;;
707985;28/07/2025;segunda-feira;18:30:00;MS;376;42;VICENTINA;Acessar a via sem observar a presen�a dos outros ve�culos;Colis�o transversal;Sem V�timas;Plena Noite;Crescente;C�u Claro;Simples;Reta;N�o;2;0;0;0;2;0;0;2;-22,42647529;-54,39079849;SPRF-MS;DEL04-MS;UOP01-DEL04-MS;;;
707986;17/07/2025;quinta-feira;07:17:00;GO;50;273;CATALAO;Rea��o tardia ou ineficiente do condutor;Colis�o traseira;Com V�timas Feridas;Pleno dia;Crescente;C�u Claro;Simples;Rotat�ria;N�o;2;0;0;1;0;1;1;2;-18,135002;-47,906887;SPRF-GO;DEL06-GO;UOP01-DEL06-GO;;;
707987;29/07/2025;ter�a-feira;06:55:00;MG;116;415,9;GOVERNADOR VALADARES;Acessar a via sem observar a presen�a dos outros ve�culos;Colis�o lateral mesmo sentido;Com V�timas Feridas;Pleno dia;Crescente;C�u Claro;Simples;Reta;Sim;2;0;1;0;1;0;1;2;-18,89598851;-41,94795225;SPRF-MG;DEL06-MG;UOP01-DEL06-MG;;;
707988;29/07/2025;ter�a-feira;09:10:00;CE;116;15;FORTALEZA;Rea��o tardia ou ineficiente do condutor;Colis�o traseira;Sem V�timas;Pleno dia;Decrescente;C�u Claro;M�ltipla;Reta;Sim;2;0;0;0;2;0;0;2;-3,88388049;-38,50132791;SPRF-CE;DEL01-CE;UOP02-DEL01-CE;;;
707990;29/07/2025;ter�a-feira;08:55:00;SP;153;295;SAO PEDRO DO TURVO;Avarias e/ou desgaste excessivo no pneu;Sa�da de leito carro��vel;Com V�timas Feridas;Pleno dia;Crescente;C�u Claro;Simples;"Aclive;Reta";N�o;2;0;2;0;0;0;2;1;-22,59768818;-49,88951683;SPRF-SP;DEL07-SP;UOP02-DEL07-SP;;;
707991;29/07/2025;ter�a-feira;08:50:00;PE;101;66,9;RECIFE;Aus�ncia de rea��o do condutor;Colis�o traseira;Sem V�timas;Pleno dia;Crescente;Sol;M�ltipla;Reta;Sim;2;0;0;0;2;0;0;2;-8,041912;-34,943062;SPRF-PE;DEL01-PE;UOP01-DEL01-PE;;;
707993;29/07/2025;ter�a-feira;09:30:00;PB;230;26;JOAO PESSOA;Aus�ncia de rea��o do condutor;Colis�o traseira;Sem V�timas;Pleno dia;Crescente;Garoa/Chuvisco;M�ltipla;Reta;N�o;2;0;0;0;2;0;0;2;-7,168865;-34,88067;SPRF-PB;DEL01-PB;UOP01-DEL01-PB;;;
707994;29/07/2025;ter�a-feira;09:45:00;CE;116;15;FORTALEZA;Manobra de mudan�a de faixa;Colis�o lateral mesmo sentido;Com V�timas Feridas;Pleno dia;Decrescente;C�u Claro;Dupla;Reta;N�o;2;0;1;0;0;1;1;2;-3,88283;-38,5011;SPRF-CE;DEL01-CE;UOP02-DEL01-CE;;;
707995;29/07/2025;ter�a-feira;09:40:00;SP;381;89;GUARULHOS;Aus�ncia de rea��o do condutor;Colis�o traseira;Com V�timas Feridas;Pleno dia;Crescente;C�u Claro;Dupla;Reta;N�o;2;0;1;0;1;0;1;2;-23,490881;-46,559432;SPRF-SP;DEL03-SP;UOP01-DEL03-SP;;;
707996;29/07/2025;ter�a-feira;05:00:00;MS;163;99;ITAQUIRAI;Ingest�o de �lcool pelo condutor;Sa�da de leito carro��vel;Sem V�timas;Amanhecer;Crescente;Nevoeiro/Neblina;Simples;Reta;N�o;2;0;0;0;2;0;0;1;-23,288092;-54,224816;SPRF-MS;DEL09-MS;UOP01-DEL09-MS;;;
707997;29/07/2025;ter�a-feira;08:30:00;PB;230;123;RIACHAO DO BACAMARTE;Velocidade Incompat�vel;Sa�da de leito carro��vel;Com V�timas Feridas;Pleno dia;Crescente;Chuva;Dupla;"Curva;Aclive";N�o;2;0;0;1;1;0;1;1;-7,246088;-35,676293;SPRF-PB;DEL02-PB;UOP01-DEL02-PB;;;
707998;29/07/2025;ter�a-feira;07:30:00;MG;153;244,5;FRONTEIRA;Acessar a via sem observar a presen�a dos outros ve�culos;Colis�o transversal;Com V�timas Feridas;Pleno dia;Crescente;C�u Claro;Simples;Reta;Sim;3;0;1;0;2;0;1;2;-20,285873;-49,198085;SPRF-MG;DEL13-MG;UOP02-DEL13-MG;;;
707999;29/07/2025;ter�a-feira;04:50:00;MS;60;491,1;MARACAJU;Avarias e/ou desgaste excessivo no pneu;Colis�o com objeto;Com V�timas Feridas;Amanhecer;Decrescente;Ignorado;Simples;Reta;N�o;3;0;1;1;0;1;2;2;-21,1809424;-55,4322592;SPRF-MS;DEL01-MS;UOP04-DEL01-MS;;;
708000;29/07/2025;ter�a-feira;09:40:00;SP;116;47,7;CANAS;Aus�ncia de rea��o do condutor;Colis�o traseira;Com V�timas Feridas;Pleno dia;Decrescente;C�u Claro;Dupla;"Reta;Em Obras";N�o;4;0;0;3;1;0;3;2;-22,72295;-45,066105;SPRF-SP;DEL08-SP;UOP02-DEL08-SP;;;
708002;29/07/2025;ter�a-feira;10:30:00;DF;20;16;BRASILIA;Manobra de mudan�a de faixa;Colis�o lateral mesmo sentido;Com V�timas Feridas;Pleno dia;Decrescente;C�u Claro;Dupla;Reta;N�o;2;0;1;0;1;0;1;2;-15,622805;-47,719902;SPRF-DF;DEL02-DF;UOP01-DEL02-DF;;;
708008;29/07/2025;ter�a-feira;08:00:00;MT;163;100,7;RONDONOPOLIS;Aus�ncia de rea��o do condutor;Colis�o traseira;Sem V�timas;Pleno dia;Decrescente;Nublado;Dupla;"Reta;Declive;Em Obras";N�o;2;0;0;0;2;0;0;2;-16,62747445;-54,69749451;SPRF-MT;DEL02-MT;UOP03-DEL02-MT;;;
708012;29/07/2025;ter�a-feira;10:50:00;RS;285;324,7;PASSO FUNDO;Demais falhas mec�nicas ou el�tricas;Sa�da de leito carro��vel;Com V�timas Feridas;Pleno dia;Crescente;C�u Claro;Simples;Reta;N�o;2;0;1;0;1;0;1;1;-28,26834536;-52,66929522;SPRF-RS;DEL08-RS;UOP03-DEL08-RS;;;
708013;29/07/2025;ter�a-feira;09:45:00;MG;50;116;UBERABA;Rea��o tardia ou ineficiente do condutor;Sa�da de leito carro��vel;Sem V�timas;Pleno dia;Decrescente;C�u Claro;Simples;Curva;N�o;1;0;0;0;1;0;0;1;-19,27464808;-48,1236577;SPRF-MG;DEL13-MG;UOP01-DEL13-MG;;;
708014;29/07/2025;ter�a-feira;12:00:00;MG;40;749,2;SANTOS DUMONT;Aus�ncia de rea��o do condutor;Queda de ocupante de ve�culo;Com V�timas Feridas;Pleno dia;Decrescente;C�u Claro;Simples;"Declive;Curva";N�o;1;0;1;0;0;0;1;1;-21,4944209;-43,53519335;SPRF-MG;DEL05-MG;UOP01-DEL05-MG;;;
708017;29/07/2025;ter�a-feira;12:15:00;MG;381;914,9;CAMANDUCAIA;Aus�ncia de rea��o do condutor;Sa�da de leito carro��vel;Com V�timas Feridas;Pleno dia;Crescente;C�u Claro;Dupla;Curva;N�o;2;0;1;0;1;0;1;1;-22,727859;-46,134357;SPRF-MG;DEL16-MG;UOP03-DEL16-MG;;;