id;data_inversa;dia_semana;horario;uf;br;km;municipio;causa_acidente;tipo_acidente;classificacao_acidente;fase_dia;sentido_via;condicao_metereologica;tipo_pista;tracado_via;uso_solo;pessoas;mortos;feridos_leves;feridos_graves;ilesos;ignorados;feridos;veiculos;latitude;longitude;regional;delegacia;uop;;;
708018;29/07/2025;ter�a-feira;12:35:00;MG;381;479;CONTAGEM;Condutor deixou de manter dist�ncia do ve�culo da frente;Colis�o traseira;Com V�timas Feridas;Pleno dia;Decrescente;C�u Claro;M�ltipla;Reta;Sim;2;0;1;0;1;0;1;2;-19,96325802;-44,04868551;SPRF-MG;DEL01-MG;UOP03-DEL01-MG;;;
708019;29/07/2025;ter�a-feira;12:20:00;SC;101;128;ITAJAI;Aus�ncia de rea��o do condutor;Colis�o lateral mesmo sentido;Com V�timas Feridas;Pleno dia;Crescente;C�u Claro;Dupla;Reta;Sim;5;0;2;0;3;0;2;4;-26,97628399;-48,68252504;SPRF-SC;DEL04-SC;UOP04-DEL04-SC;;;
708020;29/07/2025;ter�a-feira;12:00:00;RS;285;197,2;LAGOA VERMELHA;Convers�o proibida;Colis�o frontal;Com V�timas Feridas;Pleno dia;Crescente;Sol;Simples;Reta;Sim;2;0;1;0;1;0;1;2;-28,21347034;-51,51023626;SPRF-RS;DEL08-RS;UOP05-DEL08-RS;;;
708023;27/06/2025;sexta-feira;05:25:00;MS;262;326,4;CAMPO GRANDE;Acessar a via sem observar a presen�a dos outros ve�culos;Colis�o traseira;Com V�timas Feridas;Amanhecer;Decrescente;Nublado;M�ltipla;Reta;Sim;2;0;0;1;1;0;1;2;-20,466653;-54,542724;SPRF-MS;DEL01-MS;UOP01-DEL01-MS;;;
708026;29/07/2025;ter�a-feira;11:40:00;BA;116;487;RAFAEL JAMBEIRO;Rea��o tardia ou ineficiente do condutor;Sa�da de leito carro��vel;Com V�timas Feridas;Pleno dia;Decrescente;C�u Claro;Dupla;Reta;N�o;4;0;4;0;0;0;4;1;-12,54574;-39,4432;SPRF-BA;DEL02-BA;UOP01-DEL02-BA;;;
708030;29/07/2025;ter�a-feira;11:45:00;MG;381;668;PERDOES;Condutor Dormindo;Sa�da de leito carro��vel;Com V�timas Feridas;Pleno dia;Decrescente;C�u Claro;Dupla;Curva;N�o;2;0;1;0;1;0;1;1;-21,05484499;-45,0271202;SPRF-MG;DEL04-MG;UOP02-DEL04-MG;;;
708032;29/07/2025;ter�a-feira;13:16:00;PB;230;0,8;CABEDELO;Pedestre - Ingest�o de �lcool/ subst�ncias psicoativas;Atropelamento de Pedestre;Com V�timas Feridas;Pleno dia;Crescente;Nublado;Simples;Reta;Sim;2;0;0;1;1;0;1;2;-6,974955;-34,831908;SPRF-PB;DEL01-PB;UOP01-DEL01-PB;;;
708033;29/07/2025;ter�a-feira;07:30:00;BA;116;745;POCOES;Aus�ncia de rea��o do condutor;Capotamento;Com V�timas Feridas;Pleno dia;Decrescente;C�u Claro;M�ltipla;Curva;N�o;4;0;2;2;0;0;4;1;-14,443693;-40,35252;SPRF-BA;DEL08-BA;UOP02-DEL08-BA;;;
708034;29/07/2025;ter�a-feira;13:30:00;MG;381;482;BETIM;Aus�ncia de rea��o do condutor;Colis�o com objeto;Com V�timas Feridas;Pleno dia;Crescente;C�u Claro;M�ltipla;Reta;Sim;1;0;1;0;0;0;1;1;-19,958857;-44,070895;SPRF-MG;DEL01-MG;UOP03-DEL01-MG;;;
708035;29/07/2025;ter�a-feira;13:00:00;MG;50;193;DELTA;Manobra de mudan�a de faixa;Colis�o traseira;Com V�timas Feridas;Pleno dia;Crescente;C�u Claro;Dupla;"Aclive;Reta";N�o;2;0;0;1;1;0;1;2;-19,87245;-47,858756;SPRF-MG;DEL13-MG;UOP01-DEL13-MG;;;
708037;29/07/2025;ter�a-feira;11:45:00;MG;262;52;MANHUACU;Acessar a via sem observar a presen�a dos outros ve�culos;Colis�o transversal;Com V�timas Feridas;Pleno dia;Crescente;C�u Claro;Simples;Reta;Sim;2;0;1;0;1;0;1;2;-20,25027981;-42,15831757;SPRF-MG;DEL06-MG;UOP03-DEL06-MG;;;
708038;19/02/2025;quarta-feira;17:30:00;RS;116;0,1;PORTO ALEGRE;Condutor deixou de manter dist�ncia do ve�culo da frente;Colis�o traseira;Sem V�timas;Pleno dia;Decrescente;C�u Claro;Dupla;Ponte;Sim;3;0;0;0;3;0;0;3;-29,96839095;-51,17623895;SPRF-RS;DEL01-RS;UOP01-DEL01-RS;;;
708039;29/07/2025;ter�a-feira;12:20:00;SP;488;1;APARECIDA;Animais na Pista;Atropelamento de Animal;Com V�timas Feridas;Pleno dia;Decrescente;Sol;Dupla;Reta;Sim;1;0;0;1;0;0;1;1;-22,84888002;-45,23163557;SPRF-SP;DEL08-SP;UOP01-DEL08-SP;;;
708040;29/07/2025;ter�a-feira;14:10:00;RS;116;252;SAPUCAIA DO SUL;Manobra de mudan�a de faixa;Colis�o traseira;Com V�timas Feridas;Pleno dia;Crescente;C�u Claro;M�ltipla;Reta;Sim;4;0;3;0;1;0;3;2;-29,804037;-51,166449;SPRF-RS;DEL01-RS;UOP02-DEL01-RS;;;
708041;29/07/2025;ter�a-feira;12:00:00;MA;222;250,8;SANTA INES;Aus�ncia de rea��o do condutor;Colis�o lateral sentido oposto;Com V�timas Feridas;Pleno dia;Decrescente;C�u Claro;Simples;Reta;N�o;2;0;1;0;1;0;1;2;-3,692782;-45,329188;SPRF-MA;DEL01-MA;UOP02-DEL01-MA;;;
708042;29/07/2025;ter�a-feira;12:50:00;MG;116;541,5;SANTA RITA DE MINAS;Aus�ncia de rea��o do condutor;Sa�da de leito carro��vel;Com V�timas Feridas;Pleno dia;Crescente;C�u Claro;Simples;Reta;N�o;3;0;2;0;1;0;2;1;-19,89898887;-42,133699;SPRF-MG;DEL06-MG;UOP02-DEL06-MG;;;
708044;29/07/2025;ter�a-feira;14:00:00;CE;116;46;HORIZONTE;Velocidade Incompat�vel;Colis�o traseira;Sem V�timas;Pleno dia;Decrescente;C�u Claro;Dupla;Reta;Sim;2;0;0;0;1;1;0;2;-4,113413;-38,489889;SPRF-CE;DEL01-CE;UOP02-DEL01-CE;;;
708045;29/07/2025;ter�a-feira;12:50:00;SC;282;595,9;SAUDADES;Condutor deixou de manter dist�ncia do ve�culo da frente;Colis�o traseira;Com V�timas Feridas;Pleno dia;Decrescente;C�u Claro;Simples;Curva;N�o;2;0;1;0;1;0;1;2;-26,8294173;-53,12819159;SPRF-SC;DEL07-SC;UOP02-DEL07-SC;;;
708046;29/07/2025;ter�a-feira;14:00:00;ES;101;79;SAO MATEUS;Aus�ncia de rea��o do condutor;Capotamento;Com V�timas Feridas;Pleno dia;Decrescente;C�u Claro;Simples;"Reta;Ponte";N�o;2;0;2;0;0;0;2;1;-18,7271255;-39,8366474;SPRF-ES;DEL04-ES;UOP02-DEL04-ES;;;
708048;29/07/2025;ter�a-feira;14:00:00;SC;470;205,4;PONTE ALTA;Rea��o tardia ou ineficiente do condutor;Sa�da de leito carro��vel;Com V�timas Feridas;Pleno dia;Decrescente;Sol;Simples;Reta;N�o;2;0;1;0;1;0;1;1;-27,29321072;-50,17708652;SPRF-SC;DEL05-SC;UOP03-DEL05-SC;;;
708050;29/07/2025;ter�a-feira;11:02:00;MS;262;486,7;ANASTACIO;Rea��o tardia ou ineficiente do condutor;Tombamento;Com V�timas Feridas;Pleno dia;Crescente;C�u Claro;Simples;Reta;N�o;4;0;1;0;3;0;1;1;-20,50453109;-55,75630188;SPRF-MS;DEL03-MS;UOP01-DEL03-MS;;;
708051;29/07/2025;ter�a-feira;14:00:00;BA;324;1;FEIRA DE SANTANA;Transitar no Acostamento;Tombamento;Com V�timas Feridas;Pleno dia;Decrescente;C�u Claro;Dupla;Reta;Sim;1;0;1;0;0;0;1;1;-12,28003448;-38,94227296;SPRF-BA;DEL02-BA;UOP01-DEL02-BA;;;
708052;29/07/2025;ter�a-feira;14:30:00;RJ;101;428;MANGARATIBA;Aus�ncia de rea��o do condutor;Colis�o transversal;Com V�timas Feridas;Pleno dia;Crescente;Nublado;Simples;"Reta;Interse��o de Vias";N�o;4;0;1;0;3;0;1;2;-22,93532441;-43,99808443;SPRF-RJ;DEL03-RJ;UOP02-DEL03-RJ;;;
708053;29/07/2025;ter�a-feira;14:55:00;PE;101;64;RECIFE;Aus�ncia de rea��o do condutor;Colis�o com objeto;Com V�timas Feridas;Pleno dia;Decrescente;C�u Claro;M�ltipla;Reta;N�o;1;0;0;1;0;0;1;1;-8,02037882;-34,9424226;SPRF-PE;DEL01-PE;UOP01-DEL01-PE;;;
708056;27/07/2025;domingo;01:30:00;SC;101;404;ARARANGUA;Ingest�o de �lcool pelo condutor;Engavetamento;Com V�timas Feridas;Plena Noite;Crescente;Nublado;M�ltipla;Reta;N�o;5;0;4;0;1;0;4;3;-28,89289158;-49,4693327;SPRF-SC;DEL02-SC;UOP02-DEL02-SC;;;
708058;29/07/2025;ter�a-feira;15:30:00;MG;354;744;POUSO ALTO;Condutor deixou de manter dist�ncia do ve�culo da frente;Colis�o traseira;Com V�timas Feridas;Pleno dia;Decrescente;C�u Claro;Simples;Reta;Sim;4;0;2;0;2;0;2;2;-22,24915463;-44,93523985;SPRF-MG;DEL17-MG;UOP01-DEL17-MG;;;
708060;29/07/2025;ter�a-feira;15:30:00;ES;101;141,5;LINHARES;Pedestre - Ingest�o de �lcool/ subst�ncias psicoativas;Colis�o traseira;Com V�timas Feridas;Pleno dia;Decrescente;C�u Claro;Dupla;Reta;Sim;4;0;1;0;2;1;1;3;-19,3299559;-40,06984744;SPRF-ES;DEL04-ES;UOP01-DEL04-ES;;;
708061;29/07/2025;ter�a-feira;15:30:00;SP;116;225,4;GUARULHOS;Condutor deixou de manter dist�ncia do ve�culo da frente;Colis�o traseira;Com V�timas Feridas;Pleno dia;Decrescente;C�u Claro;M�ltipla;Reta;Sim;2;0;1;0;1;0;1;2;-23,49041117;-46,54780475;SPRF-SP;DEL01-SP;UOP01-DEL01-SP;;;
708062;29/07/2025;ter�a-feira;15:30:00;PE;232;399;SERRA TALHADA;Transitar na contram�o;Colis�o frontal;Com V�timas Feridas;Pleno dia;Decrescente;C�u Claro;Simples;Curva;N�o;5;0;3;2;0;0;5;2;-8,009777;-38,21918;SPRF-PE;DEL04-PE;UOP01-DEL04-PE;;;
708063;29/07/2025;ter�a-feira;14:00:00;BA;116;521;ITATIM;Transitar no Acostamento;Colis�o lateral mesmo sentido;Com V�timas Feridas;Pleno dia;Crescente;C�u Claro;Simples;Reta;N�o;2;0;1;0;1;0;1;2;-12,704822;-39,721913;SPRF-BA;DEL03-BA;UOP02-DEL03-BA;;;
708066;29/07/2025;ter�a-feira;16:30:00;RS;470;176;VERANOPOLIS;Condutor deixou de manter dist�ncia do ve�culo da frente;Colis�o lateral mesmo sentido;Com V�timas Feridas;Pleno dia;Crescente;C�u Claro;Simples;"Reta;Aclive";Sim;2;0;1;0;1;0;1;2;-28,93001175;-51,54261438;SPRF-RS;DEL06-RS;UOP02-DEL06-RS;;;
708067;29/07/2025;ter�a-feira;13:00:00;SP;116;227;SAO PAULO;Acumulo de areia ou detritos sobre o pavimento;Colis�o com objeto;Sem V�timas;Pleno dia;Decrescente;C�u Claro;M�ltipla;"Reta;Em Obras";Sim;2;0;0;0;2;0;0;1;-23,50134262;-46,56345461;SPRF-SP;DEL01-SP;UOP01-DEL01-SP;;;
708070;29/07/2025;ter�a-feira;14:40:00;GO;364;45;CACHOEIRA ALTA;Avarias e/ou desgaste excessivo no pneu;Tombamento;Com V�timas Feridas;Pleno dia;Crescente;C�u Claro;Simples;Declive;N�o;2;0;2;0;0;0;2;1;-18,83519848;-50,86566568;SPRF-GO;DEL05-GO;UOP02-DEL05-GO;;;
708071;29/07/2025;ter�a-feira;14:47:00;MT;364;253;JUSCIMEIRA;Manobra de mudan�a de faixa;Colis�o lateral mesmo sentido;Com V�timas Feridas;Pleno dia;Decrescente;C�u Claro;Dupla;Reta;N�o;2;0;1;0;0;1;1;2;-16,097703;-54,866065;SPRF-MT;DEL02-MT;UOP01-DEL02-MT;;;
708072;29/07/2025;ter�a-feira;17:13:00;MG;365;622;UBERLANDIA;Aus�ncia de rea��o do condutor;Colis�o traseira;Com V�timas Feridas;Pleno dia;Decrescente;C�u Claro;Dupla;Reta;Sim;3;0;2;1;0;0;3;2;-18,899058;-48,272372;SPRF-MG;DEL15-MG;UOP01-DEL15-MG;;;
708073;29/07/2025;ter�a-feira;16:30:00;BA;324;554;AMELIA RODRIGUES;Aus�ncia de rea��o do condutor;Sa�da de leito carro��vel;Com V�timas Fatais;Pleno dia;Crescente;C�u Claro;Dupla;"Reta;Declive";N�o;3;1;2;0;0;0;2;1;-12,47007;-38,683545;SPRF-BA;DEL01-BA;UOP03-DEL01-BA;;;
708074;29/07/2025;ter�a-feira;17:15:00;MG;40;730,6;OLIVEIRA FORTES;Velocidade Incompat�vel;Tombamento;Com V�timas Feridas;Plena Noite;Decrescente;C�u Claro;Dupla;"Declive;Curva";N�o;1;0;1;0;0;0;1;1;-21,346478;-43,582767;SPRF-MG;DEL05-MG;UOP01-DEL05-MG;;;
708075;29/07/2025;ter�a-feira;14:35:00;RR;401;11,8;BONFIM;Ingest�o de �lcool pelo condutor;Colis�o frontal;Com V�timas Fatais;Pleno dia;Crescente;C�u Claro;Simples;Reta;N�o;4;1;0;0;3;0;0;2;3,359065;-59,867477;SPRF-RR;DEL01-RR;UOP01-DEL01-RR;;;
708078;29/07/2025;ter�a-feira;17:50:00;MG;40;530,4;CONTAGEM;Rea��o tardia ou ineficiente do condutor;Colis�o traseira;Com V�timas Feridas;Anoitecer;Crescente;C�u Claro;Dupla;Reta;Sim;2;0;1;0;1;0;1;2;-19,919232;-44,030708;SPRF-MG;DEL01-MG;UOP02-DEL01-MG;;;
708080;29/07/2025;ter�a-feira;15:00:00;GO;153;583;PROFESSOR JAMIL;Acumulo de areia ou detritos sobre o pavimento;Capotamento;Com V�timas Feridas;Pleno dia;Crescente;C�u Claro;Dupla;Curva;N�o;1;0;1;0;0;0;1;1;-17,3999423;-49,2232869;SPRF-GO;DEL03-GO;UOP01-DEL03-GO;;;
708082;05/07/2025;s�bado;17:20:00;MG;365;167;BURITIZEIRO;Rea��o tardia ou ineficiente do condutor;Colis�o traseira;Com V�timas Feridas;Anoitecer;Crescente;C�u Claro;Simples;Curva;N�o;2;0;0;1;1;0;1;2;-17,3815301;-44,96059656;SPRF-MG;DEL10-MG;UOP02-DEL010-MG;;;
708083;29/07/2025;ter�a-feira;17:55:00;CE;116;5;FORTALEZA;Acessar a via sem observar a presen�a dos outros ve�culos;Colis�o traseira;Com V�timas Feridas;Plena Noite;Crescente;C�u Claro;M�ltipla;Viaduto;Sim;2;0;1;0;1;0;1;2;-3,7992489;-38,50572674;SPRF-CE;DEL01-CE;UOP02-DEL01-CE;;;
708084;29/07/2025;ter�a-feira;18:10:00;PR;376;3;APUCARANA;Ingest�o de �lcool pelo condutor;Sa�da de leito carro��vel;Sem V�timas;Plena Noite;Crescente;C�u Claro;Simples;"Curva;Declive;Interse��o de Vias";Sim;1;0;0;0;1;0;0;1;-23,55950957;-51,43581955;SPRF-PR;DEL07-PR;UOP03-DEL07-PR;;;
708085;29/07/2025;ter�a-feira;16:15:00;MG;50;190;UBERABA;Declive acentuado;Colis�o com objeto;Com V�timas Feridas;Pleno dia;Crescente;C�u Claro;Dupla;"Declive;Retorno Regulamentado";N�o;1;0;0;1;0;0;1;1;-19,8538;-47,87147;SPRF-MG;DEL13-MG;UOP01-DEL13-MG;;;
708086;29/07/2025;ter�a-feira;18:00:00;MG;40;692,9;ALFREDO VASCONCELOS;Aus�ncia de rea��o do condutor;Atropelamento de Pedestre;Com V�timas Feridas;Anoitecer;Decrescente;Ignorado;Dupla;"Reta;Interse��o de Vias";Sim;2;0;1;1;0;0;2;2;-21,14654252;-43,76467109;SPRF-MG;DEL05-MG;UOP02-DEL05-MG;;;
708087;29/07/2025;ter�a-feira;18:45:00;CE;20;403;CAUCAIA;Desrespeitar a prefer�ncia no cruzamento;Colis�o transversal;Com V�timas Feridas;Plena Noite;Crescente;C�u Claro;Simples;Interse��o de Vias;Sim;3;0;2;0;1;0;2;2;-3,77841622;-38,68641291;SPRF-CE;DEL01-CE;UOP01-DEL01-CE;;;
708090;29/07/2025;ter�a-feira;18:45:00;PR;116;12;COLOMBO;Acessar a via sem observar a presen�a dos outros ve�culos;Colis�o transversal;Com V�timas Feridas;Plena Noite;Crescente;C�u Claro;Simples;Retorno Regulamentado;N�o;2;0;1;0;1;0;1;2;-25,37628017;-49,15186342;SPRF-PR;DEL01-PR;UOP02-DEL01-PR;;;
708091;29/07/2025;ter�a-feira;18:35:00;GO;50;270,7;CATALAO;Ingest�o de �lcool pelo condutor;Sa�da de leito carro��vel;Com V�timas Feridas;Plena Noite;Crescente;C�u Claro;Dupla;"Declive;Reta";N�o;1;0;1;0;0;0;1;1;-18,1174776;-47,8964385;SPRF-GO;DEL06-GO;UOP01-DEL06-GO;;;
708092;29/07/2025;ter�a-feira;18:00:00;CE;116;4;FORTALEZA;Trafegar com motocicleta (ou similar) entre as faixas;Colis�o lateral mesmo sentido;Com V�timas Feridas;Plena Noite;Crescente;C�u Claro;M�ltipla;Reta;N�o;2;0;0;1;1;0;1;2;-3,78728673;-38,51117635;SPRF-CE;DEL01-CE;UOP02-DEL01-CE;;;
708093;29/07/2025;ter�a-feira;18:50:00;PE;101;69;RECIFE;Avarias e/ou desgaste excessivo no pneu;Tombamento;Com V�timas Feridas;Plena Noite;Decrescente;Chuva;Dupla;Reta;N�o;2;0;0;1;1;0;1;1;-8,0615915;-34,94467795;SPRF-PE;DEL01-PE;UOP01-DEL01-PE;;;
708094;29/07/2025;ter�a-feira;18:30:00;CE;116;23;AQUIRAZ;Animais na Pista;Atropelamento de Animal;Com V�timas Feridas;Plena Noite;Crescente;C�u Claro;M�ltipla;Reta;Sim;1;0;1;0;0;0;1;1;-3,93821707;-38,50904815;SPRF-CE;DEL01-CE;UOP02-DEL01-CE;;;
708096;29/07/2025;ter�a-feira;19:30:00;SP;116;224,5;GUARULHOS;Rea��o tardia ou ineficiente do condutor;Colis�o com objeto;Com V�timas Feridas;Plena Noite;Decrescente;C�u Claro;M�ltipla;"Reta;Em Obras";Sim;1;0;0;1;0;0;1;1;-23,48533378;-46,54017471;SPRF-SP;DEL01-SP;UOP01-DEL01-SP;;;
708097;29/07/2025;ter�a-feira;18:00:00;MS;267;293,3;RIO BRILHANTE;Animais na Pista;Atropelamento de Animal;Com V�timas Feridas;Plena Noite;Crescente;C�u Claro;Simples;Reta;N�o;2;0;1;0;1;0;1;2;-21,771488;-54,557867;SPRF-MS;DEL02-MS;UOP02-DEL02-MS;;;
708099;29/07/2025;ter�a-feira;18:30:00;MT;70;524;VARZEA GRANDE;Acessar a via sem observar a presen�a dos outros ve�culos;Colis�o transversal;Com V�timas Feridas;Plena Noite;Crescente;C�u Claro;Simples;Reta;Sim;2;0;1;0;1;0;1;2;-15,65225148;-56,20144892;SPRF-MT;DEL01-MT;UOP02-DEL01-MT;;;
708100;29/07/2025;ter�a-feira;17:00:00;SC;470;66;INDAIAL;Transitar na contram�o;Colis�o frontal;Com V�timas Feridas;Pleno dia;Crescente;C�u Claro;Simples;Reta;Sim;2;0;0;1;1;0;1;2;-26,87049039;-49,22305997;SPRF-SC;DEL04-SC;UOP01-DEL04-SC;;;
708101;29/07/2025;ter�a-feira;19:10:00;PR;369;154;LONDRINA;Condutor deixou de manter dist�ncia do ve�culo da frente;Colis�o traseira;Com V�timas Feridas;Plena Noite;Crescente;C�u Claro;Dupla;Reta;Sim;3;0;1;0;2;0;1;3;-23,29768813;-51,19850842;SPRF-PR;DEL07-PR;UOP01-DEL07-PR;;;
708102;29/07/2025;ter�a-feira;08:00:00;AL;101;49,2;FLEXEIRAS;Aus�ncia de rea��o do condutor;Sa�da de leito carro��vel;Com V�timas Feridas;Pleno dia;Decrescente;Chuva;Dupla;Curva;N�o;1;0;0;1;0;0;1;1;-9,24256846;-35,7625097;SPRF-AL;DEL01-AL;UOP02-DEL01-AL;;;
708103;29/07/2025;ter�a-feira;20:10:00;RS;116;268;CANOAS;Acessar a via sem observar a presen�a dos outros ve�culos;Colis�o lateral mesmo sentido;Com V�timas Feridas;Plena Noite;Decrescente;Nublado;M�ltipla;Reta;Sim;2;0;1;0;1;0;1;2;-29,94593111;-51,17680184;SPRF-RS;DEL01-RS;UOP01-DEL01-RS;;;
708105;29/07/2025;ter�a-feira;18:15:00;MT;364;404;CUIABA;Rea��o tardia ou ineficiente do condutor;Queda de ocupante de ve�culo;Com V�timas Feridas;Anoitecer;Decrescente;C�u Claro;M�ltipla;Reta;Sim;1;0;0;1;0;0;1;1;-15,643473;-56,017307;SPRF-MT;DEL01-MT;UOP02-DEL01-MT;;;
708106;29/07/2025;ter�a-feira;19:15:00;RO;364;522;ARIQUEMES;Transitar na contram�o;Colis�o frontal;Com V�timas Fatais;Plena Noite;Decrescente;C�u Claro;Simples;Reta;N�o;3;1;0;0;1;1;0;3;-9,859183;-63,05848;SPRF-RO;DEL03-RO;UOP01-DEL03-RO;;;
708107;29/07/2025;ter�a-feira;21:00:00;MG;40;470;SETE LAGOAS;Objeto est�tico sobre o leito carro��vel;Colis�o com objeto;Com V�timas Feridas;Plena Noite;Decrescente;C�u Claro;Dupla;Reta;N�o;1;0;1;0;0;0;1;1;-19,46637;-44,29608;SPRF-MG;DEL02-MG;UOP01-DEL02-MG;;;
708109;29/07/2025;ter�a-feira;19:15:00;MT;163;729;SORRISO;Aus�ncia de rea��o do condutor;Sa�da de leito carro��vel;Com V�timas Feridas;Plena Noite;Crescente;C�u Claro;Simples;"Em Obras;Reta";N�o;1;0;0;1;0;0;1;1;-12,70546796;-55,81739813;SPRF-MT;DEL06-MT;UOP01-DEL06-MT;;;
708111;29/07/2025;ter�a-feira;19:30:00;MS;163;448,5;CAMPO GRANDE;Acessar a via sem observar a presen�a dos outros ve�culos;Colis�o transversal;Com V�timas Feridas;Plena Noite;Crescente;C�u Claro;Simples;Reta;N�o;2;0;1;0;1;0;1;2;-20,739136;-54,537075;SPRF-MS;DEL01-MS;UOP01-DEL01-MS;;;
708112;29/07/2025;ter�a-feira;21:20:00;RN;110;44,9;MOSSORO;Animais na Pista;Atropelamento de Animal;Com V�timas Feridas;Plena Noite;Crescente;C�u Claro;Simples;Reta;Sim;1;0;1;0;0;0;1;1;-5,18839773;-37,30579376;SPRF-RN;DEL04-RN;UOP01-DEL04-RN;;;
708114;29/07/2025;ter�a-feira;11:00:00;RO;364;419;JARU;Aus�ncia de rea��o do condutor;Colis�o frontal;Sem V�timas;Pleno dia;Decrescente;C�u Claro;Simples;"Reta;Declive";N�o;1;0;0;0;1;0;0;1;-10,47717982;-62,443896;SPRF-RO;DEL03-RO;UOP02-DEL03-RO;;;
708115;29/07/2025;ter�a-feira;22:20:00;RS;386;443;CANOAS;Convers�o proibida;Colis�o lateral mesmo sentido;Com V�timas Feridas;Plena Noite;Crescente;C�u Claro;Dupla;Reta;N�o;3;0;1;0;2;0;1;2;-29,88727356;-51,22043816;SPRF-RS;DEL01-RS;UOP01-DEL01-RS;;;
708119;29/07/2025;ter�a-feira;22:40:00;PR;277;687;SAO MIGUEL DO IGUACU;Acessar a via sem observar a presen�a dos outros ve�culos;Colis�o transversal;Com V�timas Feridas;Plena Noite;Crescente;Nublado;Dupla;"Interse��o de Vias;Rotat�ria";Sim;3;0;1;0;1;1;1;2;-25,34473385;-54,23173428;SPRF-PR;DEL05-PR;UOP01-DEL05-PR;;;
708121;29/07/2025;ter�a-feira;21:50:00;MG;116;533,1;SANTA RITA DE MINAS;Acessar a via sem observar a presen�a dos outros ve�culos;Colis�o transversal;Com V�timas Feridas;Plena Noite;Crescente;C�u Claro;Simples;"Curva;Interse��o de Vias";N�o;2;0;2;0;0;0;2;2;-19,8422804;-42,13948756;SPRF-MG;DEL06-MG;UOP02-DEL06-MG;;;
708122;29/07/2025;ter�a-feira;23:45:00;PB;230;27,9;JOAO PESSOA;Manobra de mudan�a de faixa;Colis�o lateral mesmo sentido;Com V�timas Feridas;Plena Noite;Crescente;C�u Claro;Dupla;Reta;N�o;2;0;1;0;0;1;1;2;-7,16532104;-34,89499211;SPRF-PB;DEL01-PB;UOP01-DEL01-PB;;;
708124;30/07/2025;quarta-feira;00:40:00;MG;262;360;BETIM;Velocidade Incompat�vel;Tombamento;Com V�timas Feridas;Plena Noite;Crescente;C�u Claro;Dupla;Curva;N�o;1;0;0;1;0;0;1;1;-19,97944817;-44,25241845;SPRF-MG;DEL01-MG;UOP03-DEL01-MG;;;
708130;30/07/2025;quarta-feira;01:45:00;RJ;116;136,5;MAGE;Aus�ncia de rea��o do condutor;Tombamento;Com V�timas Fatais;Plena Noite;Decrescente;C�u Claro;Dupla;Reta;N�o;1;1;0;0;0;0;0;1;-22,64909565;-43,17666426;SPRF-RJ;DEL04-RJ;UOP02-DEL04-RJ;;;
708131;30/07/2025;quarta-feira;02:10:00;MG;40;574,8;ITABIRITO;Demais falhas mec�nicas ou el�tricas;Inc�ndio;Sem V�timas;Plena Noite;Crescente;C�u Claro;Simples;Reta;N�o;1;0;0;0;1;0;0;1;-20,25443;-43,9618;SPRF-MG;DEL01-MG;UOP02-DEL01-MG;;;
708137;30/07/2025;quarta-feira;06:10:00;SC;101;213,9;PALHOCA;Condutor deixou de manter dist�ncia do ve�culo da frente;Colis�o lateral mesmo sentido;Com V�timas Feridas;Plena Noite;Decrescente;C�u Claro;M�ltipla;Reta;Sim;2;0;1;0;1;0;1;2;-27,64362;-48,66986;SPRF-SC;DEL01-SC;UOP02-DEL01-SC;;;
708138;26/07/2025;s�bado;23:30:00;RS;116;268;CANOAS;Chuva;Colis�o traseira;Com V�timas Feridas;Plena Noite;Crescente;Chuva;Dupla;Reta;Sim;2;0;1;0;1;0;1;2;-29,95514515;-51,17642848;SPRF-RS;DEL01-RS;UOP01-DEL01-RS;;;
708139;30/07/2025;quarta-feira;06:00:00;SC;101;209,5;SAO JOSE;Pedestre andava na pista;Atropelamento de Pedestre;Com V�timas Feridas;Amanhecer;Crescente;C�u Claro;M�ltipla;Reta;Sim;2;0;1;0;1;0;1;2;-27,61317625;-48,64190189;SPRF-SC;DEL01-SC;UOP01-DEL01-SC;;;
708141;30/07/2025;quarta-feira;05:40:00;MG;116;422;ALPERCATA;Animais na Pista;Atropelamento de Animal;Com V�timas Feridas;Amanhecer;Crescente;Nublado;Simples;Reta;N�o;1;0;0;1;0;0;1;1;-18,94772291;-41,95136972;SPRF-MG;DEL06-MG;UOP01-DEL06-MG;;;
708143;30/07/2025;quarta-feira;06:20:00;SC;101;209,5;SAO JOSE;Estacionar ou parar em local proibido;Colis�o traseira;Com V�timas Feridas;Amanhecer;Decrescente;C�u Claro;M�ltipla;Reta;Sim;2;0;0;1;1;0;1;2;-27,61311401;-48,64177164;SPRF-SC;DEL01-SC;UOP01-DEL01-SC;;;
708145;30/07/2025;quarta-feira;06:05:00;SC;470;141,4;RIO DO SUL;Aus�ncia de rea��o do condutor;Colis�o transversal;Com V�timas Feridas;Plena Noite;Decrescente;C�u Claro;Simples;"Aclive;Reta";Sim;2;0;1;0;1;0;1;2;-27,20837587;-49,6504554;SPRF-SC;DEL04-SC;UOP02-DEL04-SC;;;
708147;30/07/2025;quarta-feira;07:20:00;GO;153;437;ANAPOLIS;Avarias e/ou desgaste excessivo no pneu;Tombamento;Com V�timas Feridas;Pleno dia;Decrescente;C�u Claro;Dupla;Declive;Sim;1;0;1;0;0;0;1;1;-16,299723;-48,926453;SPRF-GO;DEL02-GO;UOP01-DEL02-GO;;;