id;data_inversa;dia_semana;horario;uf;br;km;municipio;causa_acidente;tipo_acidente;classificacao_acidente;fase_dia;sentido_via;condicao_metereologica;tipo_pista;tracado_via;uso_solo;pessoas;mortos;feridos_leves;feridos_graves;ilesos;ignorados;feridos;veiculos;latitude;longitude;regional;delegacia;uop;;;
708148;30/07/2025;quarta-feira;07:20:00;MG;116;700,9;MURIAE;Aus�ncia de rea��o do condutor;Colis�o com objeto;Com V�timas Feridas;Pleno dia;Decrescente;C�u Claro;Simples;Reta;N�o;1;0;1;0;0;0;1;1;-21,14682925;-42,3813285;SPRF-MG;DEL07-MG;UOP02-DEL07-MG;;;
708149;30/07/2025;quarta-feira;06:50:00;SP;381;90;GUARULHOS;Rea��o tardia ou ineficiente do condutor;Colis�o com objeto;Sem V�timas;Pleno dia;Decrescente;C�u Claro;Dupla;Curva;N�o;1;0;0;0;1;0;0;1;-23,490881;-46,559432;SPRF-SP;DEL03-SP;UOP01-DEL03-SP;;;
708151;30/07/2025;quarta-feira;07:15:00;MG;365;624;UBERLANDIA;Manobra de mudan�a de faixa;Colis�o traseira;Com V�timas Feridas;Pleno dia;Crescente;C�u Claro;Dupla;Curva;Sim;2;0;1;0;1;0;1;2;-18,908179;-48,301651;SPRF-MG;DEL15-MG;UOP01-DEL15-MG;;;
708152;30/07/2025;quarta-feira;07:18:00;SP;116;224;GUARULHOS;Acesso irregular;Tombamento;Com V�timas Feridas;Pleno dia;Decrescente;Sol;M�ltipla;"Reta;Em Obras";Sim;1;0;1;0;0;0;1;1;-23,484813;-46,539384;SPRF-SP;DEL01-SP;UOP01-DEL01-SP;;;
708153;30/07/2025;quarta-feira;07:15:00;MG;365;624;UBERLANDIA;Condutor deixou de manter dist�ncia do ve�culo da frente;Colis�o traseira;Sem V�timas;Pleno dia;Crescente;C�u Claro;Dupla;Reta;N�o;3;0;0;0;3;0;0;3;-18,90862986;-48,30233395;SPRF-MG;DEL15-MG;UOP01-DEL15-MG;;;
708154;30/07/2025;quarta-feira;07:00:00;RJ;101;503,3;ANGRA DOS REIS;Convers�o proibida;Colis�o transversal;Com V�timas Feridas;Pleno dia;Crescente;C�u Claro;Simples;Reta;Sim;3;0;0;1;2;0;1;3;-22,98995918;-44,24208726;SPRF-RJ;DEL03-RJ;UOP03-DEL03-RJ;;;
708155;30/07/2025;quarta-feira;07:45:00;SC;101;215;PALHOCA;Manobra de mudan�a de faixa;Colis�o lateral mesmo sentido;Com V�timas Feridas;Pleno dia;Crescente;C�u Claro;M�ltipla;Reta;N�o;2;0;1;0;0;1;1;2;-27,6560659;-48,67809646;SPRF-SC;DEL01-SC;UOP02-DEL01-SC;;;
708157;30/07/2025;quarta-feira;07:40:00;PR;116;126;FAZENDA RIO GRANDE;Manobra de mudan�a de faixa;Colis�o lateral mesmo sentido;Com V�timas Feridas;Pleno dia;Decrescente;C�u Claro;Dupla;Reta;Sim;2;0;1;0;1;0;1;2;-25,637286;-49,313072;SPRF-PR;DEL01-PR;UOP03-DEL01-PR;;;
708158;30/07/2025;quarta-feira;07:30:00;PR;369;183;ARAPONGAS;Acessar a via sem observar a presen�a dos outros ve�culos;Colis�o transversal;Com V�timas Feridas;Pleno dia;Decrescente;Sol;Simples;"Reta;Interse��o de Vias";Sim;4;0;1;0;3;0;1;2;-23,39259744;-51,42290827;SPRF-PR;DEL07-PR;UOP03-DEL07-PR;;;
708160;25/07/2025;sexta-feira;21:30:00;RJ;116;144;DUQUE DE CAXIAS;Demais falhas mec�nicas ou el�tricas;Inc�ndio;Sem V�timas;Plena Noite;Crescente;C�u Claro;Dupla;Reta;Sim;1;0;0;0;1;0;0;1;-22,64975678;-43,17273051;SPRF-RJ;DEL01-RJ;UOP02-DEL01-RJ;;;
708161;30/07/2025;quarta-feira;08:00:00;RS;158;324;SANTA MARIA;Aus�ncia de rea��o do condutor;Colis�o traseira;Com V�timas Feridas;Pleno dia;Crescente;C�u Claro;Dupla;"Curva;Interse��o de Vias";Sim;2;0;1;0;1;0;1;2;-29,70090492;-53,79214168;SPRF-RS;DEL09-RS;UOP01-DEL09-RS;;;
708162;30/07/2025;quarta-feira;08:25:00;RS;116;263;CANOAS;Condutor desrespeitou a ilumina��o vermelha do sem�foro;Colis�o transversal;Com V�timas Feridas;Pleno dia;Decrescente;C�u Claro;Dupla;Reta;Sim;2;0;1;0;1;0;1;2;-29,90387227;-51,17638482;SPRF-RS;DEL01-RS;UOP01-DEL01-RS;;;
708163;30/07/2025;quarta-feira;07:50:00;BA;324;599;SIMOES FILHO;Condutor deixou de manter dist�ncia do ve�culo da frente;Colis�o traseira;Com V�timas Feridas;Pleno dia;Crescente;Nublado;Dupla;Reta;N�o;2;0;1;0;1;0;1;2;-12,75246449;-38,4310813;SPRF-BA;DEL01-BA;UOP01-DEL01-BA;;;
708164;30/07/2025;quarta-feira;07:35:00;PR;376;183,7;SARANDI;Trafegar com motocicleta (ou similar) entre as faixas;Colis�o traseira;Com V�timas Fatais;Pleno dia;Decrescente;C�u Claro;Dupla;Viaduto;Sim;5;2;0;0;1;2;0;4;-23,43947642;-51,87457681;SPRF-PR;DEL09-PR;UOP01-DEL09-PR;;;
708165;30/07/2025;quarta-feira;01:40:00;MA;316;271,7;BELA VISTA DO MARANHAO;Rea��o tardia ou ineficiente do condutor;Tombamento;Com V�timas Feridas;Plena Noite;Decrescente;C�u Claro;Simples;"Declive;Reta";Sim;1;0;0;1;0;0;1;1;-3,7077;-45,305;SPRF-MA;DEL02-MA;UOP01-DEL02-MA;;;
708167;30/07/2025;quarta-feira;07:48:00;RJ;101;313;SAO GONCALO;Animais na Pista;Colis�o traseira;Com V�timas Feridas;Pleno dia;Crescente;Sol;Dupla;Reta;Sim;2;0;1;0;1;0;1;2;-22,81184828;-43,07211399;SPRF-RJ;DEL02-RJ;UOP02-DEL02-RJ;;;
708169;30/07/2025;quarta-feira;07:45:00;MG;40;550,1;NOVA LIMA;Acumulo de areia ou detritos sobre o pavimento;Colis�o lateral mesmo sentido;Com V�timas Feridas;Pleno dia;Crescente;Sol;Dupla;Reta;N�o;2;0;1;0;1;0;1;2;-20,05120908;-43,96739094;SPRF-MG;DEL01-MG;UOP02-DEL01-MG;;;
708171;30/07/2025;quarta-feira;09:00:00;RJ;116;191;NOVA IGUACU;Condutor deixou de manter dist�ncia do ve�culo da frente;Colis�o traseira;Com V�timas Feridas;Pleno dia;Decrescente;C�u Claro;Dupla;Reta;N�o;2;0;1;0;1;0;1;2;-22,74360369;-43,5137558;SPRF-RJ;DEL06-RJ;UOP01-DEL06-RJ;;;
708172;30/07/2025;quarta-feira;07:40:00;SP;116;87;PINDAMONHANGABA;Aus�ncia de rea��o do condutor;Tombamento;Com V�timas Feridas;Pleno dia;Crescente;C�u Claro;M�ltipla;Reta;N�o;1;0;1;0;0;0;1;1;-22,9293855;-45,35894394;SPRF-SP;DEL08-SP;UOP01-DEL08-SP;;;
708173;30/07/2025;quarta-feira;07:50:00;ES;101;69;SAO MATEUS;Acessar a via sem observar a presen�a dos outros ve�culos;Colis�o transversal;Com V�timas Feridas;Pleno dia;Crescente;Nublado;Simples;Reta;Sim;3;0;2;0;1;0;2;2;-18,73872765;-39,86103773;SPRF-ES;DEL04-ES;UOP02-DEL04-ES;;;
708176;30/07/2025;quarta-feira;09:35:00;SE;235;4;NOSSA SENHORA DO SOCORRO;Aus�ncia de rea��o do condutor;Sa�da de leito carro��vel;Com V�timas Feridas;Pleno dia;Decrescente;C�u Claro;Dupla;"Reta;Aclive";Sim;1;0;1;0;0;0;1;1;-10,90617533;-37,12043166;SPRF-SE;DEL01-SE;UOP01-DEL01-SE;;;
708177;30/07/2025;quarta-feira;09:30:00;SP;116;217;GUARULHOS;Manobra de mudan�a de faixa;Colis�o lateral mesmo sentido;Com V�timas Feridas;Pleno dia;Crescente;C�u Claro;M�ltipla;Reta;Sim;2;0;1;0;1;0;1;2;-23,45588648;-46,47632766;SPRF-SP;DEL01-SP;UOP01-DEL01-SP;;;
708178;14/06/2025;s�bado;18:00:00;GO;153;535;HIDROLANDIA;Ingest�o de subst�ncias psicoativas pelo condutor;Queda de ocupante de ve�culo;Sem V�timas;Plena Noite;Crescente;Nublado;Dupla;Reta;N�o;1;0;0;0;1;0;0;1;-17,00878514;-49,22301614;SPRF-GO;DEL01-GO;UOP03-DEL01-GO;;;
708181;16/01/2025;quinta-feira;02:25:00;GO;60;38;GOIANIA;Condutor Dormindo;Colis�o com objeto;Sem V�timas;Plena Noite;Decrescente;C�u Claro;Dupla;Curva;Sim;1;0;0;0;1;0;0;1;-16,75056;-49,341296;SPRF-GO;DEL01-GO;UOP02-DEL01-GO;;;
708187;30/07/2025;quarta-feira;07:30:00;RJ;493;26;MAGE;Aus�ncia de rea��o do condutor;Tombamento;Com V�timas Feridas;Pleno dia;Decrescente;C�u Claro;Dupla;Curva;N�o;1;0;0;1;0;0;1;1;-22,6576;-43,087037;SPRF-RJ;DEL04-RJ;UOP02-DEL04-RJ;;;
708189;30/04/2025;quarta-feira;09:30:00;RJ;116;184;NOVA IGUACU;Trafegar com motocicleta (ou similar) entre as faixas;Colis�o lateral mesmo sentido;Com V�timas Feridas;Pleno dia;Decrescente;C�u Claro;M�ltipla;Reta;Sim;4;0;2;1;1;0;3;3;-22,74396113;-43,45021695;SPRF-RJ;DEL06-RJ;UOP01-DEL06-RJ;;;
708191;30/07/2025;quarta-feira;11:10:00;SC;101;215,7;PALHOCA;Rea��o tardia ou ineficiente do condutor;Colis�o traseira;Com V�timas Feridas;Pleno dia;Decrescente;Sol;M�ltipla;"Reta;Interse��o de Vias";Sim;2;0;1;0;1;0;1;2;-27,65791556;-48,67803661;SPRF-SC;DEL01-SC;UOP02-DEL01-SC;;;
708193;30/07/2025;quarta-feira;11:15:00;MG;381;259,9;TIMOTEO;Frear bruscamente;Colis�o traseira;Com V�timas Feridas;Pleno dia;Decrescente;C�u Claro;Simples;Reta;N�o;4;0;0;1;3;0;1;3;-19,532644;-42,622925;SPRF-MG;DEL03-MG;UOP02-DEL03-MG;;;
708194;30/07/2025;quarta-feira;08:49:00;ES;262;169;IBATIBA;Aus�ncia de rea��o do condutor;Colis�o transversal;Com V�timas Feridas;Pleno dia;Crescente;Sol;Simples;Retorno Regulamentado;N�o;2;0;1;0;1;0;1;2;-20,251363;-41,56377;SPRF-ES;DEL01-ES;UOP02-DEL01-ES;;;
708196;30/07/2025;quarta-feira;11:30:00;PR;277;77,3;SAO JOSE DOS PINHAIS;Rea��o tardia ou ineficiente do condutor;Sa�da de leito carro��vel;Com V�timas Feridas;Pleno dia;Decrescente;Sol;Dupla;Reta;Sim;1;0;0;1;0;0;1;1;-25,484491;-49,188796;SPRF-PR;DEL01-PR;UOP07-DEL01-PR;;;
708199;30/07/2025;quarta-feira;12:00:00;PE;424;87;GARANHUNS;Acessar a via sem observar a presen�a dos outros ve�culos;Colis�o transversal;Sem V�timas;Pleno dia;Decrescente;C�u Claro;Simples;Interse��o de Vias;Sim;2;0;0;0;2;0;0;2;-8,869161;-36,4613375;SPRF-PE;DEL03-PE;UOP01-DEL03-PE;;;
708200;27/07/2025;domingo;10:10:00;MA;10;208;RIBAMAR FIQUENE;Demais falhas mec�nicas ou el�tricas;Inc�ndio;Sem V�timas;Pleno dia;Decrescente;Sol;Simples;Reta;N�o;2;0;0;0;2;0;0;1;-5,89803;-47,36558;SPRF-MA;DEL04-MA;UOP01-DEL04-MA;;;
708201;25/07/2025;sexta-feira;18:25:00;SC;158;142;PALMITOS;Velocidade Incompat�vel;Sa�da de leito carro��vel;Com V�timas Feridas;Anoitecer;Crescente;Garoa/Chuvisco;Simples;Curva;N�o;1;0;1;0;0;0;1;1;-27,15801736;-53,2179565;SPRF-SC;DEL07-SC;UOP02-DEL07-SC;;;
708202;30/07/2025;quarta-feira;12:20:00;SC;282;17,9;PALHOCA;Mal s�bito do condutor;Sa�da de leito carro��vel;Com V�timas Feridas;Pleno dia;Crescente;C�u Claro;Simples;Reta;Sim;1;0;1;0;0;0;1;1;-27,67277;-48,694258;SPRF-SC;DEL01-SC;UOP02-DEL01-SC;;;
708206;30/07/2025;quarta-feira;13:30:00;RS;290;92;PORTO ALEGRE;Manobra de mudan�a de faixa;Colis�o traseira;Com V�timas Feridas;Pleno dia;Crescente;C�u Claro;M�ltipla;Reta;N�o;3;0;1;0;1;1;1;3;-29,97010909;-51,18199374;SPRF-RS;DEL01-RS;UOP01-DEL01-RS;;;
708209;30/07/2025;quarta-feira;13:20:00;RS;471;171;RIO PARDO;Acessar a via sem observar a presen�a dos outros ve�culos;Colis�o transversal;Sem V�timas;Pleno dia;Decrescente;C�u Claro;Simples;Interse��o de Vias;Sim;2;0;0;0;2;0;0;2;-29,95604494;-52,37116668;SPRF-RS;DEL02-RS;UOP03-DEL02-RS;;;
708212;30/07/2025;quarta-feira;14:20:00;SC;101;154,8;ITAPEMA;Trafegar com motocicleta (ou similar) entre as faixas;Colis�o lateral mesmo sentido;Com V�timas Feridas;Pleno dia;Crescente;Sol;Dupla;Reta;N�o;2;0;1;0;1;0;1;2;-27,16057371;-48,61118523;SPRF-SC;DEL04-SC;UOP03-DEL04-SC;;;
708213;30/07/2025;quarta-feira;12:55:00;PR;277;670,8;MEDIANEIRA;Aus�ncia de rea��o do condutor;Colis�o com objeto;Com V�timas Feridas;Pleno dia;Decrescente;C�u Claro;Dupla;Reta;Sim;2;0;0;1;0;1;1;2;-25,2870209;-54,0950197;SPRF-PR;DEL05-PR;UOP02-DEL05-PR;;;
708214;30/07/2025;quarta-feira;14:40:00;RJ;116;56;TERESOPOLIS;Acumulo de �leo sobre o pavimento;Queda de ocupante de ve�culo;Com V�timas Feridas;Pleno dia;Crescente;C�u Claro;Simples;"Curva;Declive";N�o;1;0;1;0;0;0;1;1;-22,20329914;-42,89543152;SPRF-RJ;DEL04-RJ;UOP01-DEL04-RJ;;;
708215;30/07/2025;quarta-feira;14:20:00;GO;60;384;RIO VERDE;Objeto est�tico sobre o leito carro��vel;Colis�o traseira;Com V�timas Feridas;Pleno dia;Crescente;C�u Claro;M�ltipla;"Reta;Declive";Sim;2;0;0;1;1;0;1;2;-17,808847;-50,925998;SPRF-GO;DEL04-GO;UOP02-DEL04-GO;;;
708216;30/07/2025;quarta-feira;14:50:00;RJ;101;291;ITABORAI;Avarias e/ou desgaste excessivo no pneu;Tombamento;Com V�timas Feridas;Pleno dia;Crescente;C�u Claro;Dupla;Reta;N�o;2;0;0;2;0;0;2;1;-22,76217337;-42,87466049;SPRF-RJ;DEL02-RJ;UOP02-DEL02-RJ;;;
708217;25/07/2025;sexta-feira;16:00:00;SC;101;138;BALNEARIO CAMBORIU;Acessar a via sem observar a presen�a dos outros ve�culos;Colis�o lateral mesmo sentido;Com V�timas Feridas;Pleno dia;Crescente;Chuva;Dupla;"Reta;Interse��o de Vias";Sim;2;0;1;0;1;0;1;2;-27,02440439;-48,60758722;SPRF-SC;DEL04-SC;UOP03-DEL04-SC;;;
708219;30/07/2025;quarta-feira;15:00:00;AL;104;86,7;RIO LARGO;Acesso irregular;Colis�o transversal;Com V�timas Feridas;Pleno dia;Crescente;C�u Claro;Dupla;Retorno Regulamentado;N�o;2;0;1;0;1;0;1;2;-9,468845;-35,824343;SPRF-AL;DEL01-AL;UOP01-DEL01-AL;;;
708222;30/07/2025;quarta-feira;14:00:00;PE;101;63;RECIFE;Pista esburacada;Queda de ocupante de ve�culo;Com V�timas Feridas;Pleno dia;Crescente;C�u Claro;Dupla;Curva;N�o;1;0;0;1;0;0;1;1;-8,00721;-34,93787;SPRF-PE;DEL01-PE;UOP01-DEL01-PE;;;
708224;30/07/2025;quarta-feira;09:35:00;SP;459;1;PIQUETE;Acumulo de �leo sobre o pavimento;Queda de ocupante de ve�culo;Com V�timas Feridas;Pleno dia;Crescente;C�u Claro;Simples;Curva;N�o;1;0;1;0;0;0;1;1;-22,57019075;-45,21716184;SPRF-SP;DEL08-SP;UOP02-DEL08-SP;;;
708225;30/07/2025;quarta-feira;14:40:00;BA;324;515;FEIRA DE SANTANA;Acessar a via sem observar a presen�a dos outros ve�culos;Colis�o lateral mesmo sentido;Com V�timas Feridas;Pleno dia;Crescente;C�u Claro;Simples;"Reta;Interse��o de Vias";Sim;2;0;0;1;1;0;1;2;-12,23510942;-38,94464993;SPRF-BA;DEL02-BA;UOP01-DEL02-BA;;;
708228;30/07/2025;quarta-feira;15:00:00;PR;163;33,9;SANTO ANTONIO DO SUDOESTE;Desrespeitar a prefer�ncia no cruzamento;Colis�o transversal;Com V�timas Feridas;Pleno dia;Decrescente;C�u Claro;Simples;"Reta;Interse��o de Vias";Sim;2;0;0;1;1;0;1;2;-26,074839;-53,719195;SPRF-PR;DEL02-PR;UOP02-DEL02-PR;;;
708230;30/07/2025;quarta-feira;15:20:00;GO;60;89,1;ANAPOLIS;Acessar a via sem observar a presen�a dos outros ve�culos;Colis�o traseira;Com V�timas Feridas;Pleno dia;Decrescente;C�u Claro;Dupla;"Reta;Retorno Regulamentado";Sim;6;0;0;1;4;1;1;2;-16,340242;-48,899192;SPRF-GO;DEL02-GO;UOP01-DEL02-GO;;;
708234;30/07/2025;quarta-feira;16:10:00;CE;116;16;FORTALEZA;Animais na Pista;Atropelamento de Animal;Com V�timas Feridas;Pleno dia;Decrescente;Sol;Dupla;"Reta;Aclive";Sim;1;0;1;0;0;0;1;1;-3,88742646;-38,5016799;SPRF-CE;DEL01-CE;UOP02-DEL01-CE;;;
708238;30/07/2025;quarta-feira;16:10:00;RN;101;99;NATAL;Manobra de mudan�a de faixa;Colis�o lateral mesmo sentido;Com V�timas Feridas;Pleno dia;Crescente;C�u Claro;Simples;Reta;Sim;4;0;1;0;3;0;1;2;-5,8744257;-35,2216724;SPRF-RN;DEL01-RN;UOP01-DEL01-RN;;;
708240;30/07/2025;quarta-feira;16:00:00;RS;116;247;SAO LEOPOLDO;Manobra de mudan�a de faixa;Colis�o traseira;Com V�timas Feridas;Pleno dia;Decrescente;C�u Claro;M�ltipla;"Curva;Interse��o de Vias";Sim;3;0;2;0;1;0;2;2;-29,768261;-51,15313768;SPRF-RS;DEL01-RS;UOP02-DEL01-RS;;;
708241;30/07/2025;quarta-feira;15:30:00;MG;116;490,5;INHAPIM;Aus�ncia de rea��o do condutor;Sa�da de leito carro��vel;Com V�timas Feridas;Pleno dia;Crescente;C�u Claro;Simples;Reta;N�o;1;0;0;1;0;0;1;1;-19,53128036;-42,12649405;SPRF-MG;DEL06-MG;UOP02-DEL06-MG;;;
708242;23/01/2025;quinta-feira;17:25:00;BA;242;864;BARREIRAS;Chuva;Colis�o lateral sentido oposto;Com V�timas Fatais;Anoitecer;Decrescente;Chuva;Simples;Reta;N�o;2;1;0;0;1;0;0;2;-12,09044874;-45,41546196;SPRF-BA;DEL10-BA;UOP01-DEL10-BA;;;
708243;30/07/2025;quarta-feira;16:30:00;PB;230;18;JOAO PESSOA;Aus�ncia de rea��o do condutor;Engavetamento;Com V�timas Feridas;Pleno dia;Decrescente;C�u Claro;Dupla;Reta;Sim;6;0;2;0;3;1;2;4;-7,1206238;-34,8447689;SPRF-PB;DEL01-PB;UOP01-DEL01-PB;;;
708244;30/07/2025;quarta-feira;16:20:00;MG;40;515;RIBEIRAO DAS NEVES;Condutor deixou de manter dist�ncia do ve�culo da frente;Colis�o traseira;Com V�timas Feridas;Pleno dia;Crescente;C�u Claro;Dupla;Reta;N�o;2;0;1;0;1;0;1;2;-19,811782;-44,093807;SPRF-MG;DEL01-MG;UOP02-DEL01-MG;;;
708247;30/07/2025;quarta-feira;17:09:00;SC;282;657,9;SAO MIGUEL DO OESTE;Transitar na contram�o;Colis�o frontal;Com V�timas Feridas;Anoitecer;Crescente;C�u Claro;Simples;Reta;N�o;2;0;0;2;0;0;2;2;-26,680937;-53,55498;SPRF-SC;DEL07-SC;UOP03-DEL07-SC;;;
708248;30/07/2025;quarta-feira;16:45:00;ES;101;287,4;CARIACICA;Acessar a via sem observar a presen�a dos outros ve�culos;Colis�o lateral mesmo sentido;Com V�timas Feridas;Pleno dia;Crescente;C�u Claro;Dupla;Reta;Sim;3;0;2;0;0;1;2;2;-20,267112;-40,387315;SPRF-ES;DEL01-ES;UOP01-DEL01-ES;;;
708250;30/07/2025;quarta-feira;17:15:00;AL;101;132;SAO MIGUEL DOS CAMPOS;Acumulo de areia ou detritos sobre o pavimento;Queda de ocupante de ve�culo;Com V�timas Feridas;Pleno dia;Crescente;C�u Claro;Simples;Reta;N�o;1;0;1;0;0;0;1;1;-9,77074794;-36,08920169;SPRF-AL;DEL02-AL;UOP01-DEL02-AL;;;
708251;30/07/2025;quarta-feira;16:50:00;GO;60;92;ANAPOLIS;Rea��o tardia ou ineficiente do condutor;Colis�o traseira;Com V�timas Feridas;Pleno dia;Crescente;C�u Claro;Dupla;Reta;Sim;4;0;0;1;3;0;1;2;-16,352618;-48,917071;SPRF-GO;DEL02-GO;UOP01-DEL02-GO;;;
708252;30/07/2025;quarta-feira;14:45:00;MG;381;940;EXTREMA;Manobra de mudan�a de faixa;Colis�o lateral mesmo sentido;Sem V�timas;Pleno dia;Decrescente;C�u Claro;Dupla;Reta;N�o;2;0;0;0;2;0;0;2;-22,82831;-46,31441;SPRF-MG;DEL16-MG;UOP03-DEL16-MG;;;
708253;30/07/2025;quarta-feira;17:30:00;RS;392;82,9;PELOTAS;Condutor deixou de manter dist�ncia do ve�culo da frente;Colis�o traseira;Com V�timas Feridas;Pleno dia;Crescente;C�u Claro;Dupla;"Reta;Aclive";N�o;2;0;1;0;1;0;1;2;-31,67758102;-52,3424533;SPRF-RS;DEL07-RS;UOP01-DEL07-RS;;;
708254;30/07/2025;quarta-feira;17:20:00;RN;101;84,6;NATAL;Demais Fen�menos da natureza;Colis�o traseira;Com V�timas Feridas;Anoitecer;Decrescente;C�u Claro;Dupla;"Reta;Aclive;Viaduto";Sim;2;0;2;0;0;0;2;2;-5,776002;-35,252898;SPRF-RN;DEL02-RN;UOP01-DEL02-RN;;;
708256;30/07/2025;quarta-feira;17:50:00;PE;232;189;SANHARO;Manobra de mudan�a de faixa;Colis�o frontal;Com V�timas Feridas;Anoitecer;Crescente;C�u Claro;Simples;Reta;N�o;7;0;0;1;6;0;1;2;-8,35538;-36,508719;SPRF-PE;DEL03-PE;UOP02-DEL03-PE;;;
708257;30/07/2025;quarta-feira;17:00:00;RJ;101;313;SAO GONCALO;Rea��o tardia ou ineficiente do condutor;Colis�o lateral mesmo sentido;Com V�timas Feridas;Anoitecer;Decrescente;C�u Claro;Dupla;Reta;Sim;2;0;1;0;1;0;1;2;-22,81180159;-43,07168411;SPRF-RJ;DEL02-RJ;UOP02-DEL02-RJ;;;
708258;30/07/2025;quarta-feira;16:15:00;CE;222;320,9;TIANGUA;Acesso irregular;Colis�o transversal;Com V�timas Feridas;Pleno dia;Crescente;C�u Claro;Simples;Reta;N�o;3;0;2;0;1;0;2;2;-3,781515;-41,050537;SPRF-CE;DEL04-CE;UOP02-DEL04-CE;;;
708259;30/07/2025;quarta-feira;18:00:00;DF;20;4,9;BRASILIA;Trafegar com motocicleta (ou similar) entre as faixas;Colis�o traseira;Com V�timas Feridas;Anoitecer;Crescente;C�u Claro;Dupla;Reta;Sim;3;0;2;0;1;0;2;2;-15,67088;-47,81641;SPRF-DF;DEL02-DF;UOP01-DEL02-DF;;;
708260;30/07/2025;quarta-feira;15:00:00;SP;116;108,7;TAUBATE;Suic�dio (presumido);Atropelamento de Pedestre;Com V�timas Fatais;Pleno dia;Decrescente;C�u Claro;Dupla;Reta;N�o;3;1;0;0;1;1;0;2;-23,028294;-45,54468;SPRF-SP;DEL02-SP;UOP02-DEL02-SP;;;
708262;30/07/2025;quarta-feira;17:45:00;BA;110;351;ALAGOINHAS;Acessar a via sem observar a presen�a dos outros ve�culos;Colis�o transversal;Com V�timas Fatais;Anoitecer;Crescente;C�u Claro;Simples;Reta;N�o;3;1;0;1;0;1;1;2;-12,24580169;-38,40316703;SPRF-BA;DEL01-BA;UOP04-DEL01-BA;;;
708263;30/07/2025;quarta-feira;18:32:00;DF;20;4;BRASILIA;Trafegar com motocicleta (ou similar) entre as faixas;Tombamento;Com V�timas Feridas;Plena Noite;Crescente;C�u Claro;Dupla;"Declive;Reta";Sim;5;0;1;0;3;1;1;3;-15,6712951;-47,81711251;SPRF-DF;DEL02-DF;UOP01-DEL02-DF;;;
708267;30/07/2025;quarta-feira;18:30:00;GO;153;428,7;ANAPOLIS;Demais falhas na via;Tombamento;Com V�timas Feridas;Plena Noite;Decrescente;C�u Claro;Dupla;Reta;Sim;2;0;1;0;0;1;1;1;-16,258702;-48,987727;SPRF-GO;DEL02-GO;UOP01-DEL02-GO;;;
708270;30/07/2025;quarta-feira;18:31:00;PE;101;69;RECIFE;Aus�ncia de rea��o do condutor;Colis�o lateral mesmo sentido;Com V�timas Feridas;Plena Noite;Decrescente;Nublado;M�ltipla;Reta;Sim;2;0;1;0;1;0;1;2;-8,059726;-34,945717;SPRF-PE;DEL01-PE;UOP01-DEL01-PE;;;
708271;30/07/2025;quarta-feira;18:50:00;ES;101;264;SERRA;Acesso irregular;Colis�o transversal;Com V�timas Feridas;Anoitecer;Decrescente;C�u Claro;Dupla;Reta;N�o;2;0;1;0;0;1;1;2;-20,178088;-40,265524;SPRF-ES;DEL02-ES;UOP01-DEL02-ES;;;
708272;30/07/2025;quarta-feira;18:17:00;PI;316;4;TERESINA;Manobra de mudan�a de faixa;Colis�o lateral mesmo sentido;Sem V�timas;Plena Noite;Crescente;Chuva;M�ltipla;Reta;Sim;7;0;0;0;5;2;0;2;-5,13983889;-42,78465271;SPRF-PI;DEL01-PI;UOP02-DEL01-PI;;;
708273;30/07/2025;quarta-feira;18:15:00;RS;392;711,6;PORTO XAVIER;Acessar a via sem observar a presen�a dos outros ve�culos;Colis�o lateral mesmo sentido;Com V�timas Feridas;Anoitecer;Crescente;C�u Claro;Simples;Reta;N�o;5;0;2;0;3;0;2;2;-27,978186;-55,131098;SPRF-RS;DEL10-RS;UOP01-DEL10-RS;;;
708278;30/07/2025;quarta-feira;17:30:00;PR;369;249;BOM SUCESSO;Acessar a via sem observar a presen�a dos outros ve�culos;Colis�o transversal;Com V�timas Feridas;Pleno dia;Decrescente;C�u Claro;Dupla;Aclive;Sim;3;0;1;0;1;1;1;3;-23,70316;-51,76178;SPRF-PR;DEL09-PR;UOP01-DEL09-PR;;;
708279;30/07/2025;quarta-feira;18:00:00;PI;343;347;TERESINA;Condutor deixou de manter dist�ncia do ve�culo da frente;Colis�o traseira;Com V�timas Feridas;Plena Noite;Decrescente;Chuva;Dupla;Reta;N�o;2;0;0;1;1;0;1;2;-5,116395;-42,781548;SPRF-PI;DEL01-PI;UOP01-DEL01-PI;;;
708280;30/07/2025;quarta-feira;18:55:00;PR;116;140,9;MANDIRITUBA;Rea��o tardia ou ineficiente do condutor;Tombamento;Com V�timas Feridas;Plena Noite;Decrescente;C�u Claro;Dupla;"Reta;Aclive";N�o;1;0;1;0;0;0;1;1;-25,771075;-49,322759;SPRF-PR;DEL01-PR;UOP03-DEL01-PR;;;
708284;30/07/2025;quarta-feira;19:40:00;RN;101;84,3;NATAL;Acessar a via sem observar a presen�a dos outros ve�culos;Colis�o traseira;Com V�timas Feridas;Plena Noite;Decrescente;C�u Claro;Dupla;"Curva;Interse��o de Vias";Sim;2;0;1;0;1;0;1;2;-5,775127;-35,255148;SPRF-RN;DEL02-RN;UOP01-DEL02-RN;;;
708288;30/07/2025;quarta-feira;19:26:00;SP;116;336,9;JUQUITIBA;Pedestre cruzava a pista fora da faixa;Atropelamento de Pedestre;Com V�timas Fatais;Plena Noite;Crescente;C�u Claro;Dupla;Reta;Sim;3;1;0;0;2;0;0;3;-23,98332342;-47,14667661;SPRF-SP;DEL04-SP;UOP03-DEL04-SP;;;