id;data_inversa;dia_semana;horario;uf;br;km;municipio;causa_acidente;tipo_acidente;classificacao_acidente;fase_dia;sentido_via;condicao_metereologica;tipo_pista;tracado_via;uso_solo;pessoas;mortos;feridos_leves;feridos_graves;ilesos;ignorados;feridos;veiculos;latitude;longitude;regional;delegacia;uop;;;
708289;30/07/2025;quarta-feira;18:20:00;MT;364;271,1;JACIARA;Rea��o tardia ou ineficiente do condutor;Colis�o traseira;Sem V�timas;Plena Noite;Crescente;C�u Claro;Dupla;"Aclive;Reta";Sim;2;0;0;0;2;0;0;2;-15,966;-54,961;SPRF-MT;DEL05-MT;UOP02-DEL05-MT;;;
708290;30/07/2025;quarta-feira;20:00:00;DF;40;0;BRASILIA;Acessar a via sem observar a presen�a dos outros ve�culos;Colis�o transversal;Com V�timas Feridas;Plena Noite;Crescente;Ignorado;M�ltipla;Reta;Sim;2;0;1;0;1;0;1;2;-15,8203904;-47,972352;SPRF-DF;DEL01-DF;UOP01-DEL01-DF;;;
708291;30/07/2025;quarta-feira;19:50:00;MG;262;361;JUATUBA;Rea��o tardia ou ineficiente do condutor;Colis�o traseira;Com V�timas Feridas;Plena Noite;Decrescente;C�u Claro;Dupla;Reta;Sim;2;0;0;1;1;0;1;2;-19,97393913;-44,26655019;SPRF-MG;DEL01-MG;UOP03-DEL01-MG;;;
708292;30/07/2025;quarta-feira;19:30:00;RJ;393;233;VASSOURAS;Acesso irregular;Colis�o transversal;Com V�timas Feridas;Plena Noite;Crescente;C�u Claro;Simples;Reta;N�o;2;0;0;1;1;0;1;2;-22,394508;-43,654979;SPRF-RJ;DEL05-RJ;UOP03-DEL05-RJ;;;
708293;30/07/2025;quarta-feira;18:20:00;PB;361;6;PATOS;Condutor deixou de manter dist�ncia do ve�culo da frente;Colis�o frontal;Com V�timas Feridas;Anoitecer;Crescente;C�u Claro;Simples;Reta;Sim;3;0;0;1;1;1;1;3;-7,03712;-37,317617;SPRF-PB;DEL03-PB;UOP01-DEL03-PB;;;
708295;30/07/2025;quarta-feira;18:24:00;MT;364;397;CUIABA;Aus�ncia de rea��o do condutor;Colis�o traseira;Com V�timas Feridas;Plena Noite;Crescente;C�u Claro;Dupla;Reta;N�o;3;0;0;2;1;0;2;2;-15,675185;-55,93956;SPRF-MT;DEL01-MT;UOP02-DEL01-MT;;;
708296;30/07/2025;quarta-feira;17:40:00;RJ;493;112;ITAGUAI;Demais falhas mec�nicas ou el�tricas;Capotamento;Com V�timas Feridas;Plena Noite;Crescente;C�u Claro;Dupla;Reta;N�o;3;0;1;0;2;0;1;1;-22,814399;-43,801923;SPRF-RJ;DEL03-RJ;UOP01-DEL03-RJ;;;
708297;30/07/2025;quarta-feira;16:15:00;MG;262;119,9;RIO CASCA;Acessar a via sem observar a presen�a dos outros ve�culos;Colis�o transversal;Com V�timas Feridas;Pleno dia;Crescente;C�u Claro;Simples;"Interse��o de Vias;Reta;Rotat�ria";Sim;3;0;1;0;2;0;1;2;-20,21897633;-42,65085354;SPRF-MG;DEL03-MG;UOP03-DEL03-MG;;;
708301;30/07/2025;quarta-feira;18:45:00;PB;104;118;LAGOA SECA;Aus�ncia de rea��o do condutor;Colis�o traseira;Com V�timas Feridas;Plena Noite;Decrescente;C�u Claro;Simples;"Reta;Aclive";N�o;2;0;0;1;1;0;1;2;-7,193169;-35,870785;SPRF-PB;DEL02-PB;UOP04-DEL02-PB;;;
708302;30/07/2025;quarta-feira;19:50:00;SC;101;112,6;ITAJAI;Velocidade Incompat�vel;Colis�o com objeto;Com V�timas Feridas;Plena Noite;Decrescente;C�u Claro;M�ltipla;Reta;Sim;1;0;0;1;0;0;1;1;-26,84670668;-48,72200338;SPRF-SC;DEL04-SC;UOP04-DEL04-SC;;;
708303;24/07/2025;quinta-feira;13:22:00;MG;153;70;MONTE ALEGRE DE MINAS;Transitar na contram�o;Colis�o lateral sentido oposto;Com V�timas Feridas;Pleno dia;Decrescente;C�u Claro;Simples;Reta;N�o;3;0;2;0;1;0;2;2;-18,96198252;-49,02746344;SPRF-MG;DEL15-MG;UOP03-DEL15-MG;;;
708305;30/07/2025;quarta-feira;17:30:00;RJ;40;121;DUQUE DE CAXIAS;Aus�ncia de rea��o do condutor;Queda de ocupante de ve�culo;Com V�timas Feridas;Anoitecer;Decrescente;C�u Claro;M�ltipla;"Reta;Interse��o de Vias";Sim;2;0;2;0;0;0;2;2;-22,78470957;-43,28530345;SPRF-RJ;DEL01-RJ;UOP02-DEL01-RJ;;;
708307;30/07/2025;quarta-feira;20:00:00;MG;381;504;BETIM;Aus�ncia de rea��o do condutor;Colis�o com objeto;Sem V�timas;Plena Noite;Decrescente;C�u Claro;Dupla;"Reta;Aclive";N�o;1;0;0;0;1;0;0;1;-20,0336674;-44,24124277;SPRF-MG;DEL01-MG;UOP03-DEL01-MG;;;
708308;30/07/2025;quarta-feira;19:50:00;SC;480;130,9;CHAPECO;Transitar na contram�o;Colis�o frontal;Com V�timas Feridas;Pleno dia;Decrescente;C�u Claro;Simples;"Declive;Reta";Sim;2;0;1;0;1;0;1;2;-27,05437043;-52,63674993;SPRF-SC;DEL07-SC;UOP01-DEL07-SC;;;
708309;30/07/2025;quarta-feira;21:00:00;RN;406;152;CEARA-MIRIM;Aus�ncia de rea��o do condutor;Colis�o traseira;Com V�timas Feridas;Plena Noite;Decrescente;C�u Claro;Simples;Reta;N�o;6;0;1;0;5;0;1;2;-5,66007955;-35,41407935;SPRF-RN;DEL02-RN;UOP01-DEL02-RN;;;
708310;30/07/2025;quarta-feira;19:30:00;MT;163;829;SINOP;Acessar a via sem observar a presen�a dos outros ve�culos;Colis�o transversal;Com V�timas Feridas;Plena Noite;Crescente;C�u Claro;Simples;Rotat�ria;Sim;3;0;1;0;2;0;1;2;-11,91332443;-55,50873399;SPRF-MT;DEL06-MT;UOP02-DEL06-MT;;;
708312;30/07/2025;quarta-feira;20:40:00;PR;163;239,2;TOLEDO;Aus�ncia de rea��o do condutor;Sa�da de leito carro��vel;Com V�timas Feridas;Plena Noite;Decrescente;C�u Claro;Dupla;"Declive;Reta";Sim;1;0;1;0;0;0;1;1;-24,72800177;-53,70275999;SPRF-PR;DEL04-PR;UOP01-DEL04-PR;;;
708313;30/07/2025;quarta-feira;20:00:00;RJ;101;474;ANGRA DOS REIS;Ilumina��o deficiente;Queda de ocupante de ve�culo;Com V�timas Feridas;Plena Noite;Decrescente;C�u Claro;Simples;Declive;N�o;1;0;1;0;0;0;1;1;-22,9900288;-44,2400768;SPRF-RJ;DEL03-RJ;UOP03-DEL03-RJ;;;
708315;30/07/2025;quarta-feira;21:30:00;PR;376;602;CURITIBA;Avarias e/ou desgaste excessivo no pneu;Tombamento;Com V�timas Feridas;Plena Noite;Crescente;Nublado;Dupla;Reta;Sim;1;0;1;0;0;0;1;1;-25,52083271;-49,33441009;SPRF-PR;DEL01-PR;UOP03-DEL01-PR;;;
708316;30/07/2025;quarta-feira;22:01:00;PE;101;49;ABREU E LIMA;Rea��o tardia ou ineficiente do condutor;Colis�o com objeto;Com V�timas Feridas;Plena Noite;Crescente;C�u Claro;M�ltipla;Reta;Sim;3;0;2;0;1;0;2;1;-7,90598;-34,90239;SPRF-PE;DEL01-PE;UOP02-DEL01-PE;;;
708319;30/07/2025;quarta-feira;22:39:00;ES;101;240;SERRA;Rea��o tardia ou ineficiente do condutor;Colis�o frontal;Com V�timas Feridas;Pleno dia;Decrescente;Chuva;Dupla;Reta;N�o;2;0;0;1;1;0;1;2;-20,054016;-40,3800064;SPRF-ES;DEL02-ES;UOP01-DEL02-ES;;;
708321;30/07/2025;quarta-feira;18:30:00;MG;116;276,1;TEOFILO OTONI;Velocidade Incompat�vel;Atropelamento de Pedestre;Com V�timas Feridas;Plena Noite;Decrescente;Nublado;M�ltipla;Reta;Sim;4;0;2;0;1;1;2;2;-17,852682;-41,51428;SPRF-MG;DEL11-MG;UOP01-DEL11-MG;;;
708322;30/07/2025;quarta-feira;23:00:00;RN;101;107;PARNAMIRIM;Animais na Pista;Atropelamento de Animal;Com V�timas Feridas;Plena Noite;Crescente;C�u Claro;M�ltipla;Reta;Sim;1;0;1;0;0;0;1;1;-5,9156912;-35,2628654;SPRF-RN;DEL01-RN;UOP01-DEL01-RN;;;
708323;30/07/2025;quarta-feira;22:20:00;MT;70;2;BARRA DO GARCAS;Acessar a via sem observar a presen�a dos outros ve�culos;Colis�o frontal;Com V�timas Feridas;Plena Noite;Crescente;C�u Claro;Simples;Reta;N�o;2;0;1;0;1;0;1;2;-15,8725379;-52,3855603;SPRF-MT;DEL07-MT;UOP01-DEL07-MT;;;
708324;30/07/2025;quarta-feira;22:45:00;PR;369;157;LONDRINA;Ingest�o de �lcool pelo condutor;Colis�o lateral mesmo sentido;Sem V�timas;Plena Noite;Crescente;C�u Claro;Dupla;Reta;Sim;2;0;0;0;2;0;0;2;-23,2923252;-51,21581479;SPRF-PR;DEL07-PR;UOP01-DEL07-PR;;;
708325;30/07/2025;quarta-feira;23:10:00;MG;153;114;PRATA;Transitar no Acostamento;Colis�o traseira;Com V�timas Feridas;Plena Noite;Crescente;C�u Claro;Simples;"Reta;Declive";N�o;2;0;0;1;0;1;1;2;-19,348489;-48,897711;SPRF-MG;DEL15-MG;UOP03-DEL15-MG;;;
708327;30/07/2025;quarta-feira;20:30:00;MG;50;19,6;UBERLANDIA;Objeto est�tico sobre o leito carro��vel;Colis�o com objeto;Sem V�timas;Plena Noite;Decrescente;C�u Claro;Dupla;Reta;Sim;1;0;0;0;0;1;0;1;-18,935919;-48,2033;SPRF-MG;DEL15-MG;UOP01-DEL15-MG;;;
708328;30/07/2025;quarta-feira;23:20:00;PR;376;248;APUCARANA;Rea��o tardia ou ineficiente do condutor;Colis�o com objeto;Com V�timas Feridas;Plena Noite;Crescente;C�u Claro;Simples;Curva;Sim;2;0;1;0;1;0;1;1;-23,60679643;-51,4084994;SPRF-PR;DEL07-PR;UOP03-DEL07-PR;;;
708329;30/07/2025;quarta-feira;23:30:00;CE;116;5,8;FORTALEZA;Ingest�o de �lcool pelo condutor;Colis�o traseira;Com V�timas Feridas;Plena Noite;Decrescente;C�u Claro;Dupla;Viaduto;Sim;2;0;0;1;1;0;1;2;-3,79929757;-38,50481629;SPRF-CE;DEL01-CE;UOP02-DEL01-CE;;;
708335;31/07/2025;quinta-feira;02:20:00;PR;369;157;LONDRINA;Aus�ncia de rea��o do condutor;Colis�o traseira;Com V�timas Feridas;Pleno dia;Decrescente;C�u Claro;Dupla;Reta;Sim;2;0;0;1;1;0;1;2;-23,29587765;-51,1907351;SPRF-PR;DEL07-PR;UOP01-DEL07-PR;;;
708336;31/07/2025;quinta-feira;03:00:00;MS;163;272;DOURADOS;Rea��o tardia ou ineficiente do condutor;Colis�o com objeto;Com V�timas Feridas;Plena Noite;Crescente;C�u Claro;Dupla;Reta;Sim;4;0;4;0;0;0;4;1;-22,19327113;-54,68611658;SPRF-MS;DEL04-MS;UOP01-DEL04-MS;;;
708337;31/07/2025;quinta-feira;00:30:00;MT;163;590;NOVA MUTUM;Velocidade Incompat�vel;Sa�da de leito carro��vel;Com V�timas Feridas;Plena Noite;Crescente;C�u Claro;Dupla;Reta;N�o;1;0;1;0;0;0;1;1;-13,882919;-56,088442;SPRF-MT;DEL01-MT;UOP01-DEL01-MT;;;
708344;02/07/2025;quarta-feira;14:10:00;MG;459;95;POUSO ALEGRE;Aus�ncia de rea��o do condutor;Colis�o frontal;Com V�timas Feridas;Pleno dia;Crescente;C�u Claro;Simples;"Em Obras;Curva";N�o;11;0;6;1;1;3;7;4;-22,183997;-45,986027;SPRF-MG;DEL09-MG;UOP01-DEL09-MG;;;
708346;30/07/2025;quarta-feira;09:41:00;BA;101;767;ITABELA;Acessar a via sem observar a presen�a dos outros ve�culos;Colis�o transversal;Com V�timas Feridas;Pleno dia;Crescente;Chuva;Simples;Reta;N�o;2;0;1;0;1;0;1;2;-16,719;-39,451;SPRF-BA;DEL09-BA;UOP01-DEL09-BA;;;
708347;31/07/2025;quinta-feira;05:50:00;PA;316;47;SANTA IZABEL DO PARA;Convers�o proibida;Colis�o transversal;Com V�timas Fatais;Pleno dia;Crescente;Nublado;Dupla;Reta;N�o;2;1;0;0;1;0;0;2;-1,283563;-48,064536;SPRF-PA;DEL01-PA;UOP01-DEL01-PA;;;
708349;31/07/2025;quinta-feira;06:58:00;MA;135;2;SAO LUIS;Condutor deixou de manter dist�ncia do ve�culo da frente;Engavetamento;Sem V�timas;Pleno dia;Crescente;C�u Claro;Dupla;Reta;Sim;3;0;0;0;3;0;0;3;-2,597705;-44,245697;SPRF-MA;DEL01-MA;UOP01-DEL01-MA;;;
708350;31/07/2025;quinta-feira;05:30:00;SC;101;208,2;SAO JOSE;Rea��o tardia ou ineficiente do condutor;Colis�o traseira;Com V�timas Feridas;Pleno dia;Decrescente;C�u Claro;M�ltipla;Reta;Sim;2;0;1;0;1;0;1;2;-27,60424;-48,63291;SPRF-SC;DEL01-SC;UOP01-DEL01-SC;;;
708351;31/07/2025;quinta-feira;07:36:00;PR;469;14;FOZ DO IGUACU;Ultrapassagem Indevida;Colis�o lateral mesmo sentido;Com V�timas Feridas;Pleno dia;Crescente;C�u Claro;Simples;"Curva;Em Obras;Desvio Tempor�rio";Sim;3;0;1;1;1;0;2;2;-25,57731348;-54,54338249;SPRF-PR;DEL05-PR;UOP04-DEL05-PR;;;
708352;31/07/2025;quinta-feira;07:15:00;RN;110;49,7;MOSSORO;Condutor deixou de manter dist�ncia do ve�culo da frente;Colis�o traseira;Com V�timas Feridas;Pleno dia;Decrescente;Sol;Dupla;Reta;Sim;3;0;1;0;2;0;1;3;-5,2228;-37,3256;SPRF-RN;DEL04-RN;UOP01-DEL04-RN;;;
708353;31/07/2025;quinta-feira;07:30:00;PR;116;15;COLOMBO;Demais Fen�menos da natureza;Atropelamento de Pedestre;Com V�timas Feridas;Pleno dia;Crescente;C�u Claro;Dupla;"Declive;Curva";Sim;2;0;1;0;1;0;1;2;-25,385483;-49,172419;SPRF-PR;DEL01-PR;UOP02-DEL01-PR;;;
708354;31/07/2025;quinta-feira;06:15:00;MT;364;119;PEDRA PRETA;Ultrapassagem Indevida;Colis�o frontal;Com V�timas Feridas;Pleno dia;Crescente;C�u Claro;Simples;Reta;N�o;4;0;1;1;2;0;2;3;-16,82688876;-54,05299187;SPRF-MT;DEL02-MT;UOP02-DEL02-MT;;;
708355;29/03/2025;s�bado;18:00:00;PR;369;171,8;ROLANDIA;Chuva;Tombamento;Com V�timas Feridas;Anoitecer;Decrescente;Garoa/Chuvisco;Dupla;Reta;N�o;1;0;1;0;0;0;1;1;-23,299574;-51,325032;SPRF-PR;DEL07-PR;UOP01-DEL07-PR;;;
708356;31/07/2025;quinta-feira;08:00:00;PR;116;126;FAZENDA RIO GRANDE;Aus�ncia de rea��o do condutor;Colis�o lateral mesmo sentido;Com V�timas Feridas;Pleno dia;Decrescente;C�u Claro;Dupla;Reta;Sim;2;0;0;1;1;0;1;2;-25,64353289;-49,31277601;SPRF-PR;DEL01-PR;UOP03-DEL01-PR;;;
708357;31/07/2025;quinta-feira;07:20:00;DF;20;8;BRASILIA;Aus�ncia de rea��o do condutor;Colis�o com objeto;Com V�timas Feridas;Pleno dia;Crescente;C�u Claro;Dupla;Reta;Sim;1;0;1;0;0;0;1;1;-15,659382;-47,79365;SPRF-DF;DEL02-DF;UOP01-DEL02-DF;;;
708358;31/07/2025;quinta-feira;08:10:00;SE;101;5;NOSSA SENHORA DO SOCORRO;Manobra de mudan�a de faixa;Colis�o lateral mesmo sentido;Com V�timas Feridas;Pleno dia;Crescente;Nublado;Dupla;Reta;N�o;3;0;1;0;1;1;1;3;-10,90404527;-37,12691657;SPRF-SE;DEL02-SE;UOP02-DEL02-SE;;;
708359;31/07/2025;quinta-feira;07:50:00;SC;470;52,4;BLUMENAU;Convers�o proibida;Colis�o transversal;Com V�timas Feridas;Pleno dia;Decrescente;C�u Claro;Simples;Reta;N�o;3;0;1;0;2;0;1;2;-26,8650034;-49,09903765;SPRF-SC;DEL04-SC;UOP01-DEL04-SC;;;
708360;31/07/2025;quinta-feira;07:40:00;BA;367;82;EUNAPOLIS;Acumulo de areia ou detritos sobre o pavimento;Queda de ocupante de ve�culo;Com V�timas Feridas;Pleno dia;Crescente;C�u Claro;Simples;Reta;N�o;1;0;1;0;0;0;1;1;-16,37220953;-39,55655099;SPRF-BA;DEL09-BA;UOP03-DEL09-BA;;;
708364;02/06/2025;segunda-feira;09:45:00;GO;60;38;GOIANIA;Aus�ncia de rea��o do condutor;Engavetamento;Com V�timas Feridas;Pleno dia;Decrescente;C�u Claro;Dupla;Reta;N�o;4;0;1;0;3;0;1;4;-16,744903;-49,343536;SPRF-GO;DEL01-GO;UOP02-DEL01-GO;;;
708367;31/07/2025;quinta-feira;07:30:00;RJ;101;325;NITEROI;Aus�ncia de rea��o do condutor;Colis�o traseira;Com V�timas Feridas;Pleno dia;Crescente;C�u Claro;Dupla;Reta;N�o;2;0;1;0;1;0;1;2;-22,87301196;-43,1319809;SPRF-RJ;DEL02-RJ;UOP01-DEL02-RJ;;;
708368;31/07/2025;quinta-feira;08:20:00;MG;381;479,4;CONTAGEM;Manobra de mudan�a de faixa;Colis�o lateral mesmo sentido;Com V�timas Feridas;Pleno dia;Decrescente;C�u Claro;Dupla;"Declive;Curva";Sim;2;0;1;0;1;0;1;2;-19,964251;-44,046638;SPRF-MG;DEL01-MG;UOP03-DEL01-MG;;;
708369;31/07/2025;quinta-feira;07:30:00;MG;381;496;BETIM;Aus�ncia de rea��o do condutor;Tombamento;Com V�timas Feridas;Pleno dia;Crescente;C�u Claro;M�ltipla;Declive;Sim;2;0;1;0;1;0;1;1;-19,976737;-44,199835;SPRF-MG;DEL01-MG;UOP03-DEL01-MG;;;
708372;31/07/2025;quinta-feira;08:10:00;BA;324;623;SALVADOR;Trafegar com motocicleta (ou similar) entre as faixas;Colis�o traseira;Com V�timas Feridas;Pleno dia;Crescente;Nublado;Dupla;Reta;Sim;3;0;2;0;0;1;2;2;-12,9387423;-38,4708841;SPRF-BA;DEL01-BA;UOP01-DEL01-BA;;;
708373;31/07/2025;quinta-feira;08:00:00;RJ;101;48;CAMPOS DOS GOYTACAZES;Acessar a via sem observar a presen�a dos outros ve�culos;Colis�o transversal;Com V�timas Feridas;Pleno dia;Decrescente;C�u Claro;Simples;Reta;Sim;2;0;1;0;1;0;1;2;-21,64115987;-41,31189677;SPRF-RJ;DEL08-RJ;UOP01-DEL08-RJ;;;
708374;31/07/2025;quinta-feira;08:27:00;PE;101;50;ABREU E LIMA;Aus�ncia de rea��o do condutor;Colis�o traseira;Com V�timas Feridas;Pleno dia;Crescente;C�u Claro;M�ltipla;Reta;Sim;3;0;1;0;2;0;1;3;-7,91592789;-34,89806626;SPRF-PE;DEL01-PE;UOP02-DEL01-PE;;;
708375;31/07/2025;quinta-feira;07:16:00;CE;116;7;FORTALEZA;Trafegar com motocicleta (ou similar) entre as faixas;Tombamento;Com V�timas Feridas;Pleno dia;Decrescente;Nublado;Dupla;Reta;Sim;2;0;1;0;1;0;1;2;-3,80276607;-38,50406528;SPRF-CE;DEL01-CE;UOP02-DEL01-CE;;;
708377;27/07/2025;domingo;17:00:00;MG;381;5;BETIM;Demais falhas mec�nicas ou el�tricas;Inc�ndio;Sem V�timas;Pleno dia;Crescente;C�u Claro;Dupla;Reta;N�o;1;0;0;0;1;0;0;1;-19,9965718;-44,2090401;SPRF-MG;DEL01-MG;UOP03-DEL01-MG;;;
708379;31/07/2025;quinta-feira;08:00:00;RJ;465;8;SEROPEDICA;Rea��o tardia ou ineficiente do condutor;Colis�o traseira;Com V�timas Feridas;Pleno dia;Decrescente;Sol;Simples;"Reta;Em Obras";N�o;2;0;1;0;1;0;1;2;-22,76503117;-43,68238878;SPRF-RJ;DEL06-RJ;UOP02-DEL06-RJ;;;
708382;31/07/2025;quinta-feira;09:10:00;GO;153;309,9;RIALMA;Objeto est�tico sobre o leito carro��vel;Tombamento;Com V�timas Feridas;Pleno dia;Decrescente;C�u Claro;Simples;Reta;N�o;1;0;1;0;0;0;1;1;-15,37078443;-49,55995561;SPRF-GO;DEL02-GO;UOP02-DEL02-GO;;;
708383;31/07/2025;quinta-feira;10:00:00;SC;101;213;PALHOCA;Rea��o tardia ou ineficiente do condutor;Colis�o traseira;Com V�timas Feridas;Pleno dia;Crescente;C�u Claro;M�ltipla;"Reta;Aclive";N�o;2;0;1;0;1;0;1;2;-27,63897508;-48,66662049;SPRF-SC;DEL01-SC;UOP02-DEL01-SC;;;
708385;31/07/2025;quinta-feira;10:00:00;PB;230;9;CABEDELO;Acessar a via sem observar a presen�a dos outros ve�culos;Colis�o lateral mesmo sentido;Com V�timas Feridas;Pleno dia;Decrescente;C�u Claro;M�ltipla;"Retorno Regulamentado;Reta;Viaduto";Sim;3;0;1;0;2;0;1;2;-7,0474865;-34,84802127;SPRF-PB;DEL01-PB;UOP01-DEL01-PB;;;
708389;31/07/2025;quinta-feira;09:15:00;RS;158;96,4;PALMEIRA DAS MISSOES;Desrespeitar a prefer�ncia no cruzamento;Colis�o transversal;Com V�timas Feridas;Pleno dia;Crescente;C�u Claro;Simples;Rotat�ria;N�o;3;0;1;1;1;0;2;2;-27,86692667;-53,33311915;SPRF-RS;DEL08-RS;UOP01-DEL08-RS;;;
708390;31/07/2025;quinta-feira;10:20:00;MG;40;749,7;SANTOS DUMONT;Aus�ncia de rea��o do condutor;Colis�o traseira;Com V�timas Feridas;Pleno dia;Decrescente;Sol;Simples;Reta;N�o;2;0;1;0;1;0;1;2;-21,485152;-43,535744;SPRF-MG;DEL05-MG;UOP01-DEL05-MG;;;
708392;31/07/2025;quinta-feira;08:00:00;RJ;393;105;SAPUCAIA;Convers�o proibida;Colis�o frontal;Com V�timas Feridas;Pleno dia;Crescente;C�u Claro;Simples;Reta;Sim;2;0;1;0;1;0;1;2;-21,889581;-42,703623;SPRF-RJ;DEL05-RJ;UOP01-DEL05-RJ;;;
708393;31/07/2025;quinta-feira;07:30:00;RS;293;87;PORTO ALEGRE;Rea��o tardia ou ineficiente do condutor;Tombamento;Com V�timas Feridas;Pleno dia;Decrescente;C�u Claro;M�ltipla;Reta;Sim;1;0;0;1;0;0;1;1;-29,96861682;-51,12264633;SPRF-RS;DEL07-RS;UOP01-DEL07-RS;;;
708394;31/07/2025;quinta-feira;07:53:00;RR;174;522;BOA VISTA;Acessar a via sem observar a presen�a dos outros ve�culos;Colis�o transversal;Com V�timas Feridas;Pleno dia;Crescente;Sol;Simples;"Reta;Interse��o de Vias";N�o;3;0;0;2;1;0;2;2;2,9656617;-60,7424466;SPRF-RR;DEL01-RR;UOP01-DEL01-RR;;;
708398;28/03/2025;sexta-feira;20:30:00;PR;376;176;MARINGA;Manobra de mudan�a de faixa;Colis�o lateral mesmo sentido;Com V�timas Feridas;Plena Noite;Crescente;C�u Claro;M�ltipla;Reta;Sim;2;0;1;0;0;1;1;2;-23,41117332;-51,93679333;SPRF-PR;DEL09-PR;UOP01-DEL09-PR;;;
708400;31/07/2025;quinta-feira;10:50:00;RN;101;96,9;NATAL;Condutor deixou de manter dist�ncia do ve�culo da frente;Colis�o traseira;Com V�timas Feridas;Pleno dia;Decrescente;C�u Claro;M�ltipla;"Declive;Viaduto";Sim;3;0;2;0;1;0;2;2;-5,857567;-35,212825;SPRF-RN;DEL01-RN;UOP01-DEL01-RN;;;
708401;31/07/2025;quinta-feira;09:50:00;BA;101;371;GANDU;Pista Escorregadia;Sa�da de leito carro��vel;Com V�timas Feridas;Pleno dia;Decrescente;Nublado;Simples;Curva;N�o;5;0;3;1;1;0;4;1;-13,7958;-39,495825;SPRF-BA;DEL05-BA;UOP03-DEL05-BA;;;
708402;31/07/2025;quinta-feira;09:40:00;PR;153;25,4;JACAREZINHO;Rea��o tardia ou ineficiente do condutor;Colis�o traseira;Com V�timas Feridas;Pleno dia;Crescente;C�u Claro;Simples;"Reta;Declive";N�o;3;0;1;1;0;1;2;2;-23,20025035;-49,98520634;SPRF-PR;DEL07-PR;UOP04-DEL07-PR;;;
708406;31/07/2025;quinta-feira;10:30:00;MS;163;409,2;NOVA ALVORADA DO SUL;Aus�ncia de rea��o do condutor;Sa�da de leito carro��vel;Sem V�timas;Pleno dia;Crescente;C�u Claro;Simples;"Reta;Declive";N�o;2;0;0;0;0;2;0;2;-21,13364187;-54,47924986;SPRF-MS;DEL02-MS;UOP01-DEL02-MS;;;
708407;14/07/2025;segunda-feira;18:15:00;SC;101;276,7;IMBITUBA;Condutor deixou de manter dist�ncia do ve�culo da frente;Tombamento;Com V�timas Feridas;Plena Noite;Crescente;Nublado;Dupla;Reta;N�o;2;0;1;0;0;1;1;2;-28,1645381;-48,69408695;SPRF-SC;DEL02-SC;UOP03-DEL02-SC;;;
708410;17/06/2025;ter�a-feira;16:40:00;MG;381;507;BETIM;Aus�ncia de rea��o do condutor;Colis�o lateral mesmo sentido;Com V�timas Feridas;Pleno dia;Crescente;C�u Claro;Dupla;Reta;N�o;2;0;1;0;1;0;1;2;-20,03787005;-44,25018311;SPRF-MG;DEL01-MG;UOP03-DEL01-MG;;;
708411;31/07/2025;quinta-feira;12:10:00;ES;101;189;ARACRUZ;Acessar a via sem observar a presen�a dos outros ve�culos;Colis�o transversal;Com V�timas Feridas;Pleno dia;Decrescente;C�u Claro;Simples;"Retorno Regulamentado;Reta";Sim;2;0;1;0;1;0;1;2;-19,68162431;-40,27077592;SPRF-ES;DEL04-ES;UOP01-DEL04-ES;;;
708412;31/07/2025;quinta-feira;12:35:00;RN;110;46;MOSSORO;Condutor deixou de manter dist�ncia do ve�culo da frente;Colis�o traseira;Com V�timas Feridas;Pleno dia;Decrescente;C�u Claro;Simples;Reta;Sim;2;0;1;0;1;0;1;2;-5,20016067;-37,32124764;SPRF-RN;DEL04-RN;UOP01-DEL04-RN;;;
708415;31/07/2025;quinta-feira;11:55:00;AL;316;82;SANTANA DO IPANEMA;Desrespeitar a prefer�ncia no cruzamento;Colis�o transversal;Com V�timas Feridas;Pleno dia;Crescente;C�u Claro;Simples;Reta;Sim;2;0;1;0;1;0;1;2;-9,366745;-37,255683;SPRF-AL;DEL03-AL;UOP02-DEL03-AL;;;
708416;31/07/2025;quinta-feira;13:10:00;RN;101;99;PARNAMIRIM;Pedestre andava na pista;Atropelamento de Pedestre;Com V�timas Feridas;Pleno dia;Decrescente;C�u Claro;M�ltipla;Reta;Sim;2;0;0;1;1;0;1;2;-5,87172784;-35,21931636;SPRF-RN;DEL01-RN;UOP01-DEL01-RN;;;
708418;31/07/2025;quinta-feira;09:25:00;PE;104;30;TORITAMA;Velocidade Incompat�vel;Atropelamento de Pedestre;Com V�timas Feridas;Pleno dia;Crescente;Garoa/Chuvisco;Simples;Reta;Sim;2;0;1;0;1;0;1;2;-8,00796;-36,06315;SPRF-PE;DEL02-PE;UOP01-DEL02-PE;;;
708419;31/07/2025;quinta-feira;10:20:00;PB;230;436;SAO DOMINGOS;Transitar na contram�o;Colis�o frontal;Com V�timas Feridas;Pleno dia;Decrescente;C�u Claro;Simples;Declive;N�o;3;0;0;3;0;0;3;2;-6,762291;-38,011806;SPRF-PB;DEL03-PB;UOP02-DEL03-PB;;;
708420;11/07/2025;sexta-feira;15:00:00;SC;282;4;SAO JOSE;Aus�ncia de rea��o do condutor;Queda de ocupante de ve�culo;Com V�timas Feridas;Pleno dia;Decrescente;C�u Claro;M�ltipla;Reta;Sim;2;0;0;1;1;0;1;2;-27,59172163;-48,60605903;SPRF-SC;DEL01-SC;UOP01-DEL01-SC;;;