id;data_inversa;dia_semana;horario;uf;br;km;municipio;causa_acidente;tipo_acidente;classificacao_acidente;fase_dia;sentido_via;condicao_metereologica;tipo_pista;tracado_via;uso_solo;pessoas;mortos;feridos_leves;feridos_graves;ilesos;ignorados;feridos;veiculos;latitude;longitude;regional;delegacia;uop;;;
708422;31/07/2025;quinta-feira;12:20:00;MS;163;456;CAMPO GRANDE;Acessar a via sem observar a presen�a dos outros ve�culos;Colis�o transversal;Com V�timas Fatais;Pleno dia;Decrescente;C�u Claro;Simples;"Reta;Interse��o de Vias";Sim;2;1;0;0;1;0;0;2;-20,66974652;-54,55887644;SPRF-MS;DEL01-MS;UOP01-DEL01-MS;;;
708423;23/07/2025;quarta-feira;12:00:00;RN;304;32;MOSSORO;Acessar a via sem observar a presen�a dos outros ve�culos;Colis�o transversal;Com V�timas Feridas;Pleno dia;Crescente;Sol;Simples;Reta;Sim;2;0;1;0;1;0;1;2;-5,135088;-37,345163;SPRF-RN;DEL04-RN;UOP02-DEL04-RN;;;
708424;31/07/2025;quinta-feira;12:50:00;ES;101;147,4;LINHARES;Condutor desrespeitou a ilumina��o vermelha do sem�foro;Colis�o transversal;Com V�timas Feridas;Pleno dia;Crescente;C�u Claro;Dupla;"Reta;Interse��o de Vias";Sim;2;0;1;0;1;0;1;2;-19,39481488;-40,06537311;SPRF-ES;DEL04-ES;UOP01-DEL04-ES;;;
708425;31/07/2025;quinta-feira;11:00:00;PR;369;193;ARAPONGAS;Velocidade Incompat�vel;Queda de ocupante de ve�culo;Com V�timas Feridas;Pleno dia;Decrescente;C�u Claro;Dupla;Reta;Sim;1;0;1;0;0;0;1;1;-23,48;-51,4238;SPRF-PR;DEL07-PR;UOP03-DEL07-PR;;;
708426;31/07/2025;quinta-feira;05:40:00;PR;277;57;SAO JOSE DOS PINHAIS;Objeto est�tico sobre o leito carro��vel;Colis�o com objeto;Sem V�timas;Plena Noite;Crescente;Nevoeiro/Neblina;Dupla;Reta;Sim;3;0;0;0;3;0;0;1;-25,54716623;-49,04695597;SPRF-PR;DEL01-PR;UOP01-DEL01-PR;;;
708427;31/07/2025;quinta-feira;14:00:00;SC;101;141,2;BALNEARIO CAMBORIU;Rea��o tardia ou ineficiente do condutor;Tombamento;Com V�timas Feridas;Pleno dia;Crescente;C�u Claro;Simples;"Declive;Curva";N�o;1;0;1;0;0;0;1;1;-27,05423381;-48,60042572;SPRF-SC;DEL04-SC;UOP03-DEL04-SC;;;
708428;31/07/2025;quinta-feira;13:05:00;RS;470;227,1;GARIBALDI;Condutor deixou de manter dist�ncia do ve�culo da frente;Colis�o traseira;Sem V�timas;Pleno dia;Decrescente;C�u Claro;Simples;"Curva;Interse��o de Vias";N�o;3;0;0;0;3;0;0;2;-29,25784931;-51,50983779;SPRF-RS;DEL06-RS;UOP01-DEL06-RS;;;
708429;21/06/2025;s�bado;21:00:00;PI;343;3;TERESINA;Aus�ncia de rea��o do condutor;Colis�o traseira;Com V�timas Feridas;Plena Noite;Crescente;C�u Claro;M�ltipla;Interse��o de Vias;Sim;2;0;0;1;1;0;1;2;-5,08086783;-42,7801314;SPRF-PI;DEL01-PI;UOP01-DEL01-PI;;;
708430;31/07/2025;quinta-feira;14:15:00;SC;101;203,8;SAO JOSE;Rea��o tardia ou ineficiente do condutor;Colis�o traseira;Com V�timas Feridas;Pleno dia;Crescente;C�u Claro;Dupla;Reta;Sim;2;0;1;0;1;0;1;2;-27,56794;-48,61408;SPRF-SC;DEL01-SC;UOP01-DEL01-SC;;;
708431;31/07/2025;quinta-feira;14:00:00;RJ;101;482;ANGRA DOS REIS;Acessar a via sem observar a presen�a dos outros ve�culos;Colis�o transversal;Com V�timas Feridas;Pleno dia;Decrescente;C�u Claro;Dupla;"Reta;Interse��o de Vias;Retorno Regulamentado";Sim;4;0;3;0;1;0;3;2;-23,005105;-44,297543;SPRF-RJ;DEL03-RJ;UOP03-DEL03-RJ;;;
708432;31/07/2025;quinta-feira;14:00:00;MG;262;802;UBERABA;Demais falhas na via;Colis�o com objeto;Sem V�timas;Pleno dia;Crescente;C�u Claro;Dupla;"Reta;Aclive";Sim;1;0;0;0;1;0;0;1;-19,77057736;-47,90592626;SPRF-MG;DEL13-MG;UOP01-DEL13-MG;;;
708434;31/07/2025;quinta-feira;13:30:00;PR;376;670;GUARATUBA;Demais falhas mec�nicas ou el�tricas;Inc�ndio;Sem V�timas;Pleno dia;Decrescente;C�u Claro;Dupla;"Reta;Aclive";N�o;1;0;0;0;1;0;0;1;-25,90994969;-48,9198634;SPRF-PR;DEL01-PR;UOP04-DEL01-PR;;;
708437;31/07/2025;quinta-feira;15:10:00;PE;101;64,5;RECIFE;Manobra de mudan�a de faixa;Engavetamento;Com V�timas Feridas;Pleno dia;Decrescente;Sol;M�ltipla;Reta;Sim;3;0;1;0;2;0;1;3;-8,01942;-34,94231;SPRF-PE;DEL01-PE;UOP01-DEL01-PE;;;
708439;31/07/2025;quinta-feira;14:30:00;BA;415;30,9;ILHEUS;Velocidade Incompat�vel;Sa�da de leito carro��vel;Com V�timas Feridas;Pleno dia;Crescente;Chuva;Dupla;Curva;N�o;1;0;1;0;0;0;1;1;-14,78249807;-39,23434079;SPRF-BA;DEL05-BA;UOP01-DEL05-BA;;;
708442;09/06/2025;segunda-feira;12:25:00;RJ;40;90;PETROPOLIS;Pista Escorregadia;Capotamento;Com V�timas Feridas;Pleno dia;Crescente;Chuva;Dupla;"Curva;Declive";N�o;2;0;0;1;1;0;1;1;-22,551615;-43,236355;SPRF-RJ;DEL01-RJ;UOP01-DEL01-RJ;;;
708443;31/07/2025;quinta-feira;13:30:00;MS;163;14;MUNDO NOVO;Aus�ncia de rea��o do condutor;Tombamento;Com V�timas Feridas;Pleno dia;Decrescente;C�u Claro;Simples;"Reta;Aclive";N�o;1;0;1;0;0;0;1;1;-23,95101267;-54,31438422;SPRF-MS;DEL09-MS;UOP02-DEL09-MS;;;
708444;25/07/2025;sexta-feira;14:45:00;RS;470;216;BENTO GONCALVES;Acessar a via sem observar a presen�a dos outros ve�culos;Colis�o transversal;Com V�timas Feridas;Pleno dia;Decrescente;C�u Claro;Dupla;Curva;Sim;4;0;3;0;1;0;3;2;-29,16193265;-51,52590472;SPRF-RS;DEL06-RS;UOP01-DEL06-RS;;;
708445;31/07/2025;quinta-feira;15:50:00;GO;50;147,5;IPAMERI;Pista esburacada;Queda de ocupante de ve�culo;Com V�timas Feridas;Pleno dia;Decrescente;C�u Claro;Dupla;Reta;N�o;1;0;0;1;0;0;1;1;-16,93176905;-47,71408077;SPRF-GO;DEL06-GO;UOP01-DEL06-GO;;;
708446;31/07/2025;quinta-feira;15:30:00;PI;316;309;PICOS;Convers�o proibida;Colis�o lateral mesmo sentido;Com V�timas Feridas;Pleno dia;Decrescente;Sol;Simples;Reta;Sim;2;0;1;0;1;0;1;2;-7,07796713;-41,48397585;SPRF-PI;DEL04-PI;UOP01-DEL04-PI;;;
708448;31/07/2025;quinta-feira;16:00:00;SC;101;87;BARRA VELHA;Condutor deixou de manter dist�ncia do ve�culo da frente;Colis�o lateral mesmo sentido;Com V�timas Feridas;Pleno dia;Decrescente;Sol;M�ltipla;"Reta;Interse��o de Vias;T�nel";Sim;2;0;1;0;1;0;1;2;-26,645146;-48,68796;SPRF-SC;DEL03-SC;UOP02-DEL03-SC;;;
708449;31/07/2025;quinta-feira;14:10:00;RJ;101;288;ITABORAI;Aus�ncia de rea��o do condutor;Tombamento;Com V�timas Feridas;Pleno dia;Decrescente;Nublado;Dupla;Reta;N�o;1;0;1;0;0;0;1;1;-22,76296142;-42,84980178;SPRF-RJ;DEL02-RJ;UOP02-DEL02-RJ;;;
708452;31/07/2025;quinta-feira;16:00:00;PR;376;174,5;MARINGA;Condutor deixou de manter dist�ncia do ve�culo da frente;Colis�o traseira;Com V�timas Feridas;Pleno dia;Crescente;C�u Claro;Dupla;"Reta;Interse��o de Vias";Sim;2;0;0;1;1;0;1;2;-23,416228;-51,954955;SPRF-PR;DEL09-PR;UOP01-DEL09-PR;;;
708453;31/07/2025;quinta-feira;16:30:00;BA;116;14,8;VITORIA DA CONQUISTA;Transitar na contram�o;Colis�o frontal;Sem V�timas;Pleno dia;Crescente;Nublado;Simples;"Reta;Viaduto";Sim;2;0;0;0;2;0;0;2;-14,893541;-40,865131;SPRF-BA;DEL08-BA;UOP01-DEL08-BA;;;
708455;31/07/2025;quinta-feira;14:10:00;RS;471;173,2;RIO PARDO;Acessar a via sem observar a presen�a dos outros ve�culos;Colis�o transversal;Com V�timas Feridas;Pleno dia;Decrescente;C�u Claro;Simples;Interse��o de Vias;Sim;5;0;3;0;2;0;3;2;-29,9740488;-52,37103794;SPRF-RS;DEL02-RS;UOP03-DEL02-RS;;;
708458;28/07/2025;segunda-feira;07:18:00;GO;40;8,9;LUZIANIA;Condutor deixou de manter dist�ncia do ve�culo da frente;Colis�o traseira;Com V�timas Feridas;Pleno dia;Decrescente;C�u Claro;Dupla;Reta;Sim;3;0;1;0;1;1;1;3;-16,124475;-47,96176003;SPRF-DF;DEL01-DF;UOP01-DEL01-DF;;;
708462;31/07/2025;quinta-feira;12:00:00;RO;364;343;JI-PARANA;Rea��o tardia ou ineficiente do condutor;Colis�o traseira;Com V�timas Feridas;Pleno dia;Decrescente;C�u Claro;Simples;Reta;Sim;2;0;1;0;1;0;1;2;-10,87401271;-61,95371211;SPRF-RO;DEL02-RO;UOP01-DEL02-RO;;;
708463;31/07/2025;quinta-feira;17:00:00;SC;101;126,8;ITAJAI;Trafegar com motocicleta (ou similar) entre as faixas;Colis�o traseira;Com V�timas Feridas;Anoitecer;Decrescente;Nublado;Dupla;Reta;N�o;2;0;0;1;1;0;1;2;-26,96648245;-48,68364125;SPRF-SC;DEL04-SC;UOP04-DEL04-SC;;;
708465;31/07/2025;quinta-feira;18:05:00;RS;290;59;GRAVATAI;Condutor deixou de manter dist�ncia do ve�culo da frente;Colis�o traseira;Sem V�timas;Anoitecer;Crescente;C�u Claro;M�ltipla;Reta;N�o;5;0;0;0;5;0;0;2;-29,925014;-50,859102;SPRF-RS;DEL03-RS;UOP01-DEL03-RS;;;
708466;31/07/2025;quinta-feira;17:00:00;MS;262;327;CAMPO GRANDE;Manobra de mudan�a de faixa;Colis�o lateral mesmo sentido;Com V�timas Feridas;Anoitecer;Crescente;C�u Claro;Dupla;Reta;Sim;2;0;0;1;1;0;1;2;-20,46664;-54,54349;SPRF-MS;DEL01-MS;UOP01-DEL01-MS;;;
708467;31/07/2025;quinta-feira;17:40:00;PR;116;116;CURITIBA;Aus�ncia de rea��o do condutor;Colis�o lateral mesmo sentido;Com V�timas Feridas;Anoitecer;Decrescente;C�u Claro;Dupla;Reta;Sim;3;0;1;0;1;1;1;3;-25,54987039;-49,30451313;SPRF-PR;DEL01-PR;UOP03-DEL01-PR;;;
708468;31/07/2025;quinta-feira;17:30:00;PE;232;4,5;RECIFE;Acessar a via sem observar a presen�a dos outros ve�culos;Colis�o transversal;Sem V�timas;Plena Noite;Decrescente;C�u Claro;Simples;Curva;N�o;2;0;0;0;1;1;0;2;-8,066192;-34,940256;SPRF-PE;DEL01-PE;UOP01-DEL01-PE;;;
708469;31/07/2025;quinta-feira;16:15:00;SP;116;461;PARIQUERA-ACU;Aus�ncia de rea��o do condutor;Atropelamento de Pedestre;Com V�timas Fatais;Pleno dia;Crescente;C�u Claro;Dupla;"Declive;Reta";N�o;2;1;0;0;1;0;0;2;-24,61567048;-47,88809672;SPRF-SP;DEL05-SP;UOP01-DEL05-SP;;;
708470;31/07/2025;quinta-feira;17:20:00;RJ;493;22;MAGE;Rea��o tardia ou ineficiente do condutor;Colis�o com objeto;Com V�timas Feridas;Anoitecer;Crescente;Nublado;Simples;Reta;N�o;1;0;1;0;0;0;1;1;-22,65869227;-43,05585927;SPRF-RJ;DEL04-RJ;UOP02-DEL04-RJ;;;
708474;31/07/2025;quinta-feira;18:10:00;PR;277;1,6;PARANAGUA;Condutor deixou de manter dist�ncia do ve�culo da frente;Engavetamento;Com V�timas Feridas;Anoitecer;Crescente;C�u Claro;Dupla;"Interse��o de Vias;Rotat�ria";Sim;4;0;1;0;3;0;1;3;-25,5511965;-48,55166165;SPRF-PR;DEL01-PR;UOP05-DEL01-PR;;;
708475;30/07/2025;quarta-feira;18:00:00;SC;101;204;SAO JOSE;Aus�ncia de rea��o do condutor;Queda de ocupante de ve�culo;Com V�timas Feridas;Plena Noite;Crescente;C�u Claro;M�ltipla;"Reta;Rotat�ria";Sim;2;0;1;0;1;0;1;2;-27,56832642;-48,61403751;SPRF-SC;DEL01-SC;UOP01-DEL01-SC;;;
708478;31/07/2025;quinta-feira;18:50:00;RS;290;93;PORTO ALEGRE;Condutor deixou de manter dist�ncia do ve�culo da frente;Colis�o traseira;Com V�timas Feridas;Plena Noite;Decrescente;C�u Claro;Dupla;Reta;Sim;3;0;2;0;1;0;2;2;-29,97051749;-51,18015289;SPRF-RS;DEL01-RS;UOP01-DEL01-RS;;;
708479;31/07/2025;quinta-feira;17:00:00;RN;226;174;CURRAIS NOVOS;Rea��o tardia ou ineficiente do condutor;Colis�o lateral mesmo sentido;Com V�timas Feridas;Pleno dia;Decrescente;C�u Claro;Simples;Reta;Sim;2;0;2;0;0;0;2;2;-6,25805004;-36,5085867;SPRF-RN;DEL03-RN;UOP02-DEL03-RN;;;
708481;31/07/2025;quinta-feira;18:55:00;SC;101;219,5;PALHOCA;Manobra de mudan�a de faixa;Colis�o lateral mesmo sentido;Com V�timas Feridas;Plena Noite;Crescente;C�u Claro;Dupla;Reta;N�o;2;0;0;1;1;0;1;2;-27,68943099;-48,6638705;SPRF-SC;DEL01-SC;UOP02-DEL01-SC;;;
708482;31/07/2025;quinta-feira;18:40:00;MG;381;491;BETIM;Aus�ncia de rea��o do condutor;Colis�o traseira;Com V�timas Feridas;Pleno dia;Decrescente;C�u Claro;Dupla;Reta;N�o;2;0;1;0;1;0;1;2;-19,95753704;-44,1519928;SPRF-MG;DEL01-MG;UOP03-DEL01-MG;;;
708484;31/07/2025;quinta-feira;17:15:00;SC;101;204,4;SAO JOSE;Manobra de mudan�a de faixa;Queda de ocupante de ve�culo;Com V�timas Feridas;Pleno dia;Crescente;Nublado;Dupla;Reta;N�o;1;0;1;0;0;0;1;1;-27,578182;-48,613785;SPRF-SC;DEL01-SC;UOP01-DEL01-SC;;;
708485;31/07/2025;quinta-feira;18:50:00;RS;101;23;TRES CACHOEIRAS;Acessar a via sem observar a presen�a dos outros ve�culos;Atropelamento de Pedestre;Com V�timas Fatais;Plena Noite;Crescente;C�u Claro;Dupla;"Reta;Declive";Sim;5;1;0;0;4;0;0;2;-29,44872251;-49,91425753;SPRF-RS;DEL03-RS;UOP02-DEL03-RS;;;
708489;31/07/2025;quinta-feira;12:30:00;SC;282;408;CATANDUVAS;Rea��o tardia ou ineficiente do condutor;Sa�da de leito carro��vel;Com V�timas Feridas;Pleno dia;Crescente;C�u Claro;Simples;"Declive;Reta";N�o;1;0;1;0;0;0;1;1;-27,08196989;-51,66368058;SPRF-SC;DEL07-SC;UOP05-DEL07-SC;;;
708490;31/07/2025;quinta-feira;19:00:00;BA;367;82;EUNAPOLIS;Acessar a via sem observar a presen�a dos outros ve�culos;Colis�o transversal;Com V�timas Feridas;Plena Noite;Decrescente;Nublado;Simples;"Interse��o de Vias;Reta;Rotat�ria";Sim;2;0;1;0;1;0;1;2;-16,372512;-39,570607;SPRF-BA;DEL09-BA;UOP03-DEL09-BA;;;
708491;31/07/2025;quinta-feira;18:10:00;RJ;101;490,8;ANGRA DOS REIS;Convers�o proibida;Colis�o lateral mesmo sentido;Com V�timas Feridas;Anoitecer;Crescente;Nublado;Simples;Reta;N�o;2;0;1;0;1;0;1;2;-22,954968;-44,31815;SPRF-RJ;DEL03-RJ;UOP03-DEL03-RJ;;;
708492;31/07/2025;quinta-feira;18:00:00;MG;251;519,9;MONTES CLAROS;Velocidade Incompat�vel;Sa�da de leito carro��vel;Com V�timas Feridas;Anoitecer;Crescente;Nublado;Simples;"Reta;Declive";N�o;2;0;1;1;0;0;2;1;-16,6536806;-43,7179974;SPRF-MG;DEL12-MG;UOP01-DEL12-MG;;;
708493;31/07/2025;quinta-feira;19:00:00;PE;423;104,6;CAETES;Manobra de mudan�a de faixa;Colis�o lateral sentido oposto;Com V�timas Feridas;Plena Noite;Crescente;C�u Claro;Simples;"Reta;Declive";N�o;5;0;1;0;4;0;1;3;-8,878554;-36,56063;SPRF-PE;DEL03-PE;UOP01-DEL03-PE;;;
708494;31/07/2025;quinta-feira;19:48:00;SC;101;202;SAO JOSE;Manobra de mudan�a de faixa;Queda de ocupante de ve�culo;Com V�timas Feridas;Plena Noite;Decrescente;C�u Claro;Dupla;Reta;Sim;1;0;0;1;0;0;1;1;-27,557922;-48,618523;SPRF-SC;DEL01-SC;UOP01-DEL01-SC;;;
708496;31/07/2025;quinta-feira;20:10:00;RS;392;43,1;RIO GRANDE;Acessar a via sem observar a presen�a dos outros ve�culos;Sinistro pessoal de tr�nsito;Com V�timas Feridas;Plena Noite;Crescente;C�u Claro;Dupla;Reta;Sim;1;0;1;0;0;0;1;1;-31,93423151;-52,31112778;SPRF-RS;DEL07-RS;UOP02-DEL07-RS;;;
708497;31/07/2025;quinta-feira;19:17:00;SP;116;210;GUARULHOS;Rea��o tardia ou ineficiente do condutor;Colis�o traseira;Sem V�timas;Plena Noite;Decrescente;C�u Claro;M�ltipla;Reta;Sim;4;0;0;0;4;0;0;2;-23,42985584;-46,41371867;SPRF-SP;DEL01-SP;UOP01-DEL01-SP;;;
708498;31/07/2025;quinta-feira;20:35:00;RJ;116;336;RESENDE;Pedestre andava na pista;Atropelamento de Pedestre;Com V�timas Fatais;Plena Noite;Crescente;C�u Claro;Dupla;Reta;Sim;2;1;0;0;0;1;0;2;-22,50360587;-44,67306789;SPRF-RJ;DEL07-RJ;UOP02-DEL07-RJ;;;
708499;31/07/2025;quinta-feira;18:00:00;MT;163;1042;MATUPA;Rea��o tardia ou ineficiente do condutor;Sa�da de leito carro��vel;Com V�timas Feridas;Plena Noite;Decrescente;C�u Claro;Simples;Reta;N�o;1;0;0;1;0;0;1;1;-10,1525;-54,9318;SPRF-MT;DEL06-MT;UOP03-DEL06-MT;;;
708501;31/07/2025;quinta-feira;18:11:00;SC;101;310,7;LAGUNA;Aus�ncia de rea��o do condutor;Colis�o traseira;Com V�timas Feridas;Plena Noite;Crescente;C�u Claro;Dupla;Reta;N�o;2;0;1;0;1;0;1;2;-28,436783;-48,80912;SPRF-SC;DEL02-SC;UOP01-DEL02-SC;;;
708502;31/07/2025;quinta-feira;19:00:00;RJ;101;319;NITEROI;Aus�ncia de rea��o do condutor;Colis�o traseira;Com V�timas Feridas;Plena Noite;Decrescente;C�u Claro;Dupla;Reta;N�o;2;0;1;0;0;1;1;2;-22,85802145;-43,10467467;SPRF-RJ;DEL02-RJ;UOP02-DEL02-RJ;;;
708504;31/07/2025;quinta-feira;20:00:00;RJ;101;70,6;CAMPOS DOS GOYTACAZES;Acessar a via sem observar a presen�a dos outros ve�culos;Colis�o lateral mesmo sentido;Com V�timas Feridas;Plena Noite;Decrescente;Nublado;Simples;Reta;N�o;3;0;2;0;0;1;2;2;-21,784266;-41,378856;SPRF-RJ;DEL08-RJ;UOP02-DEL08-RJ;;;
708505;31/07/2025;quinta-feira;18:45:00;PR;277;608;SANTA TEREZA DO OESTE;Acessar a via sem observar a presen�a dos outros ve�culos;Colis�o transversal;Com V�timas Feridas;Plena Noite;Crescente;C�u Claro;Simples;Interse��o de Vias;N�o;2;0;1;0;1;0;1;2;-25,04008556;-53,59969486;SPRF-PR;DEL05-PR;UOP02-DEL05-PR;;;
708506;31/07/2025;quinta-feira;21:28:00;SP;116;63;GUARATINGUETA;Aus�ncia de rea��o do condutor;Capotamento;Com V�timas Feridas;Plena Noite;Crescente;Nublado;Dupla;Reta;Sim;1;0;0;1;0;0;1;1;-22,8156063;-45,18023372;SPRF-SP;DEL08-SP;UOP01-DEL08-SP;;;
708508;31/07/2025;quinta-feira;20:35:00;RJ;101;0;NITEROI;Velocidade Incompat�vel;Colis�o lateral mesmo sentido;Com V�timas Feridas;Plena Noite;Decrescente;C�u Claro;Dupla;Reta;N�o;3;0;1;0;2;0;1;3;-22,88073209;-43,10671449;SPRF-RJ;DEL02-RJ;UOP01-DEL02-RJ;;;
708514;31/07/2025;quinta-feira;21:30:00;GO;153;514;APARECIDA DE GOIANIA;Acessar a via sem observar a presen�a dos outros ve�culos;Colis�o transversal;Com V�timas Feridas;Pleno dia;Decrescente;C�u Claro;M�ltipla;Reta;Sim;2;0;1;0;1;0;1;2;-16,827108;-49,242235;SPRF-GO;DEL01-GO;UOP03-DEL01-GO;;;
708517;31/07/2025;quinta-feira;18:30:00;MS;163;680,8;RIO VERDE DE MATO GROSSO;Acessar a via sem observar a presen�a dos outros ve�culos;Colis�o transversal;Com V�timas Feridas;Anoitecer;Crescente;C�u Claro;Simples;"Reta;Interse��o de Vias";Sim;4;0;0;1;3;0;1;2;-18,91318281;-54,83915303;SPRF-MS;DEL06-MS;UOP02-DEL06-MS;;;
708518;31/07/2025;quinta-feira;23:10:00;RS;290;68,2;GRAVATAI;Acessar a via sem observar a presen�a dos outros ve�culos;Colis�o lateral mesmo sentido;Com V�timas Feridas;Plena Noite;Crescente;C�u Claro;Dupla;"Reta;Interse��o de Vias";Sim;3;0;2;0;1;0;2;2;-29,94369;-50,939137;SPRF-RS;DEL03-RS;UOP01-DEL03-RS;;;
708519;31/07/2025;quinta-feira;21:45:00;SC;470;120,4;IBIRAMA;Transitar na contram�o;Colis�o frontal;Com V�timas Feridas;Plena Noite;Crescente;C�u Claro;Simples;"Curva;Aclive";N�o;4;0;0;1;3;0;1;2;-27,09584342;-49,52644095;SPRF-SC;DEL04-SC;UOP02-DEL04-SC;;;
708521;31/07/2025;quinta-feira;21:35:00;RN;226;109,7;SANTA CRUZ;Demais falhas mec�nicas ou el�tricas;Sa�da de leito carro��vel;Com V�timas Feridas;Plena Noite;Crescente;C�u Claro;Simples;"Reta;Aclive";Sim;1;0;1;0;0;0;1;1;-6,23685;-36,010295;SPRF-RN;DEL03-RN;UOP02-DEL03-RN;;;
708522;31/07/2025;quinta-feira;23:10:00;ES;101;149;LINHARES;Animais na Pista;Tombamento;Com V�timas Feridas;Plena Noite;Crescente;C�u Claro;M�ltipla;"Curva;Declive";Sim;1;0;1;0;0;0;1;1;-19,40223508;-40,0610687;SPRF-ES;DEL04-ES;UOP01-DEL04-ES;;;
708523;31/07/2025;quinta-feira;21:30:00;PB;230;341;PATOS;Animais na Pista;Atropelamento de Animal;Com V�timas Feridas;Plena Noite;Decrescente;C�u Claro;Simples;Reta;N�o;1;0;1;0;0;0;1;1;-6,99004;-37,322545;SPRF-PB;DEL03-PB;UOP01-DEL03-PB;;;
708524;31/07/2025;quinta-feira;23:00:00;RJ;101;405;ITAGUAI;Ilumina��o deficiente;Colis�o traseira;Com V�timas Feridas;Plena Noite;Decrescente;C�u Claro;Dupla;Reta;Sim;4;0;2;0;2;0;2;2;-22,861502;-43,793456;SPRF-RJ;DEL03-RJ;UOP01-DEL03-RJ;;;
708525;31/07/2025;quinta-feira;23:30:00;MG;153;172;COMENDADOR GOMES;Condutor Dormindo;Sa�da de leito carro��vel;Com V�timas Feridas;Plena Noite;Crescente;C�u Claro;Simples;Retorno Regulamentado;N�o;3;0;2;1;0;0;3;1;-19,73029587;-48,97342175;SPRF-MG;DEL13-MG;UOP02-DEL13-MG;;;
708527;31/07/2025;quinta-feira;21:40:00;SP;101;49,7;UBATUBA;Convers�o proibida;Colis�o transversal;Com V�timas Feridas;Plena Noite;Decrescente;C�u Claro;Simples;Reta;Sim;2;0;1;0;1;0;1;2;-23,44885156;-45,07882325;SPRF-SP;DEL06-SP;UOP01-DEL06-SP;;;
708528;31/07/2025;quinta-feira;21:00:00;CE;116;194,6;LIMOEIRO DO NORTE;Animais na Pista;Atropelamento de Animal;Com V�timas Fatais;Plena Noite;Decrescente;C�u Claro;Simples;Reta;N�o;2;1;0;1;0;0;1;1;-5,163132141;-38,16173112;SPRF-CE;DEL03-CE;UOP01-DEL03-CE;;;
708530;31/07/2025;quinta-feira;23:15:00;RS;116;140;CAXIAS DO SUL;Demais falhas mec�nicas ou el�tricas;Inc�ndio;Sem V�timas;Plena Noite;Decrescente;C�u Claro;Simples;Interse��o de Vias;Sim;1;0;0;0;1;0;0;1;-29,10480145;-51,10945009;SPRF-RS;DEL05-RS;UOP01-DEL05-RS;;;
708532;01/08/2025;sexta-feira;00:10:00;MT;70;4;BARRA DO GARCAS;Ultrapassagem Indevida;Colis�o lateral mesmo sentido;Com V�timas Feridas;Plena Noite;Decrescente;C�u Claro;Dupla;Interse��o de Vias;Sim;3;0;1;1;1;0;2;2;-15,87767198;-52,29570508;SPRF-MT;DEL07-MT;UOP01-DEL07-MT;;;
708535;01/08/2025;sexta-feira;01:00:00;GO;60;110;GOIANAPOLIS;Rea��o tardia ou ineficiente do condutor;Sa�da de leito carro��vel;Com V�timas Feridas;Plena Noite;Decrescente;C�u Claro;Dupla;Reta;N�o;1;0;1;0;0;0;1;1;-16,4503333;-49,033289;SPRF-GO;DEL01-GO;UOP01-DEL01-GO;;;
708537;31/07/2025;quinta-feira;22:40:00;MG;116;407;GOVERNADOR VALADARES;Aus�ncia de rea��o do condutor;Colis�o traseira;Com V�timas Feridas;Plena Noite;Decrescente;C�u Claro;Simples;Curva;N�o;3;0;3;0;0;0;3;2;-18,81545796;-41,98341742;SPRF-MG;DEL06-MG;UOP01-DEL06-MG;;;
708539;31/07/2025;quinta-feira;23:25:00;MG;116;397;GOVERNADOR VALADARES;Acesso irregular;Colis�o frontal;Com V�timas Feridas;Plena Noite;Crescente;C�u Claro;Simples;"Aclive;Interse��o de Vias";N�o;9;0;5;4;0;0;9;2;-18,7777053;-41,98747098;SPRF-MG;DEL06-MG;UOP01-DEL06-MG;;;
708542;01/08/2025;sexta-feira;01:20:00;MA;222;665;ACAILANDIA;Aus�ncia de rea��o do condutor;Sa�da de leito carro��vel;Com V�timas Feridas;Plena Noite;Crescente;Chuva;Simples;"Declive;Reta";N�o;1;0;0;1;0;0;1;1;-4,920903;-47,431275;SPRF-MA;DEL04-MA;UOP03-DEL04-MA;;;
708545;01/08/2025;sexta-feira;00:40:00;RJ;101;390;RIO DE JANEIRO;Ingest�o de �lcool pelo condutor;Queda de ocupante de ve�culo;Com V�timas Feridas;Plena Noite;Decrescente;C�u Claro;Dupla;Retorno Regulamentado;N�o;1;0;0;1;0;0;1;1;-22,89649028;-43,68059671;SPRF-RJ;DEL03-RJ;UOP01-DEL03-RJ;;;
708547;01/08/2025;sexta-feira;01:30:00;RJ;101;494,7;ANGRA DOS REIS;Velocidade Incompat�vel;Capotamento;Sem V�timas;Plena Noite;Decrescente;C�u Claro;Simples;Reta;N�o;1;0;0;0;0;1;0;1;-22,93481;-44,3197;SPRF-RJ;DEL03-RJ;UOP03-DEL03-RJ;;;
708548;01/08/2025;sexta-feira;03:30:00;RS;116;256;ESTEIO;Aus�ncia de rea��o do condutor;Colis�o com objeto;Sem V�timas;Plena Noite;Crescente;C�u Claro;Dupla;Reta;Sim;1;0;0;0;1;0;0;1;-29,8420733;-51,1777057;SPRF-RS;DEL01-RS;UOP02-DEL01-RS;;;