id;data_inversa;dia_semana;horario;uf;br;km;municipio;causa_acidente;tipo_acidente;classificacao_acidente;fase_dia;sentido_via;condicao_metereologica;tipo_pista;tracado_via;uso_solo;pessoas;mortos;feridos_leves;feridos_graves;ilesos;ignorados;feridos;veiculos;latitude;longitude;regional;delegacia;uop;;;
708550;01/08/2025;sexta-feira;03:30:00;RS;158;333;SANTA MARIA;Acessar a via sem observar a presen�a dos outros ve�culos;Colis�o transversal;Com V�timas Feridas;Plena Noite;Crescente;C�u Claro;Simples;"Reta;Interse��o de Vias";N�o;3;0;0;1;2;0;1;2;-29,707609;-53,854323;SPRF-RS;DEL09-RS;UOP01-DEL09-RS;;;
708555;01/08/2025;sexta-feira;05:45:00;SC;101;80,5;BARRA VELHA;Velocidade Incompat�vel;Colis�o com objeto;Com V�timas Feridas;Amanhecer;Decrescente;Nublado;Dupla;Curva;Sim;1;0;1;0;0;0;1;1;-26,60199738;-48,72540665;SPRF-SC;DEL03-SC;UOP02-DEL03-SC;;;
708556;01/08/2025;sexta-feira;06:00:00;PR;476;110;COLOMBO;Transitar na contram�o;Colis�o frontal;Com V�timas Fatais;Amanhecer;Crescente;C�u Claro;Simples;"Reta;Interse��o de Vias";Sim;5;1;2;2;0;0;4;2;-25,3117789;-49,14537398;SPRF-PR;DEL01-PR;UOP01-DEL01-PR;;;
708557;01/08/2025;sexta-feira;06:30:00;SC;101;210;SAO JOSE;Trafegar com motocicleta (ou similar) entre as faixas;Colis�o lateral mesmo sentido;Com V�timas Feridas;Amanhecer;Decrescente;C�u Claro;M�ltipla;Reta;N�o;3;0;1;0;2;0;1;3;-27,61814061;-48,64686934;SPRF-SC;DEL01-SC;UOP01-DEL01-SC;;;
708559;01/08/2025;sexta-feira;04:12:00;RO;364;244,4;CACOAL;Animais na Pista;Atropelamento de Animal;Sem V�timas;Plena Noite;Crescente;C�u Claro;Simples;"Aclive;Reta";N�o;2;0;0;0;2;0;0;1;-11,439943;-61,509987;SPRF-RO;DEL02-RO;UOP02-DEL02-RO;;;
708561;31/07/2025;quinta-feira;22:30:00;SC;280;23,5;ARAQUARI;Convers�o proibida;Colis�o frontal;Com V�timas Feridas;Plena Noite;Crescente;Nublado;Simples;Reta;Sim;2;0;0;1;1;0;1;2;-26,3749;-48,716741;SPRF-SC;DEL03-SC;UOP03-DEL03-SC;;;
708562;01/08/2025;sexta-feira;05:00:00;MG;381;495;BETIM;Aus�ncia de rea��o do condutor;Colis�o com objeto;Com V�timas Feridas;Plena Noite;Decrescente;C�u Claro;Dupla;Curva;N�o;1;0;1;0;0;0;1;1;-19,97426782;-44,1872759;SPRF-MG;DEL01-MG;UOP03-DEL01-MG;;;
708563;01/08/2025;sexta-feira;06:30:00;SC;282;16,4;PALHOCA;Acessar a via sem observar a presen�a dos outros ve�culos;Colis�o transversal;Com V�timas Feridas;Amanhecer;Crescente;C�u Claro;Simples;Reta;N�o;3;0;2;0;1;0;2;2;-27,68292004;-48,67595673;SPRF-SC;DEL01-SC;UOP02-DEL01-SC;;;
708564;01/08/2025;sexta-feira;07:00:00;SP;116;218;GUARULHOS;Manobra de mudan�a de faixa;Colis�o lateral mesmo sentido;Com V�timas Feridas;Pleno dia;Crescente;Nublado;M�ltipla;"Reta;Em Obras";Sim;2;0;1;0;1;0;1;2;-23,45909699;-46,48389149;SPRF-SP;DEL01-SP;UOP01-DEL01-SP;;;
708565;01/08/2025;sexta-feira;06:30:00;PB;101;86,9;JOAO PESSOA;Acessar a via sem observar a presen�a dos outros ve�culos;Colis�o transversal;Com V�timas Feridas;Pleno dia;Crescente;C�u Claro;Dupla;Reta;Sim;2;0;1;0;1;0;1;2;-7,16066966;-34,90504181;SPRF-PB;DEL01-PB;UOP01-DEL01-PB;;;
708567;01/08/2025;sexta-feira;07:03:00;CE;116;21;EUSEBIO;Condutor deixou de manter dist�ncia do ve�culo da frente;Colis�o com objeto;Com V�timas Feridas;Pleno dia;Crescente;C�u Claro;Dupla;Reta;Sim;2;0;0;1;1;0;1;2;-3,934948;-38,50776672;SPRF-CE;DEL01-CE;UOP02-DEL01-CE;;;
708568;01/08/2025;sexta-feira;06:20:00;SC;470;137;RIO DO SUL;Aus�ncia de rea��o do condutor;Colis�o transversal;Com V�timas Feridas;Amanhecer;Decrescente;Nublado;Simples;"Reta;Interse��o de Vias";N�o;5;0;3;1;1;0;4;2;-27,1722405;-49,5810941;SPRF-SC;DEL04-SC;UOP02-DEL04-SC;;;
708570;31/07/2025;quinta-feira;19:00:00;MA;316;339;BACABAL;Acessar a via sem observar a presen�a dos outros ve�culos;Colis�o transversal;Com V�timas Feridas;Plena Noite;Crescente;C�u Claro;Simples;Reta;N�o;2;0;1;1;0;0;2;2;-4,174928;-44,958962;SPRF-MA;DEL02-MA;UOP01-DEL02-MA;;;
708572;01/08/2025;sexta-feira;07:40:00;ES;101;278,8;SERRA;Aus�ncia de rea��o do condutor;Colis�o traseira;Com V�timas Feridas;Pleno dia;Decrescente;C�u Claro;Dupla;Interse��o de Vias;Sim;2;0;1;0;1;0;1;2;-20,04888027;-40,38652411;SPRF-ES;DEL02-ES;UOP01-DEL02-ES;;;
708573;01/08/2025;sexta-feira;07:20:00;SC;282;1,7;FLORIANOPOLIS;Trafegar com motocicleta (ou similar) entre as faixas;Colis�o lateral mesmo sentido;Com V�timas Feridas;Pleno dia;Decrescente;C�u Claro;Dupla;Reta;Sim;2;0;1;0;1;0;1;2;-27,603556;-48,586184;SPRF-SC;DEL01-SC;UOP01-DEL01-SC;;;
708574;01/08/2025;sexta-feira;06:50:00;RN;101;78,8;SAO GONCALO DO AMARANTE;Ingest�o de �lcool pelo condutor;Colis�o traseira;Com V�timas Feridas;Pleno dia;Crescente;Sol;Dupla;"Retorno Regulamentado;Reta";Sim;3;0;3;0;0;0;3;2;-5,74530628;-35,28999721;SPRF-RN;DEL02-RN;UOP01-DEL02-RN;;;
708575;01/08/2025;sexta-feira;06:20:00;AL;101;122;SAO MIGUEL DOS CAMPOS;Condutor deixou de manter dist�ncia do ve�culo da frente;Colis�o traseira;Sem V�timas;Pleno dia;Decrescente;C�u Claro;Simples;Declive;N�o;2;0;0;0;1;1;0;2;-9,8071365;-36,1157085;SPRF-AL;DEL02-AL;UOP01-DEL02-AL;;;
708576;01/08/2025;sexta-feira;07:00:00;PR;116;123;CURITIBA;Rea��o tardia ou ineficiente do condutor;Queda de ocupante de ve�culo;Com V�timas Feridas;Pleno dia;Decrescente;C�u Claro;Dupla;Reta;Sim;1;0;1;0;0;0;1;1;-25,5599896;-49,30723172;SPRF-PR;DEL01-PR;UOP03-DEL01-PR;;;
708577;01/08/2025;sexta-feira;07:15:00;PE;428;186,9;PETROLINA;Acessar a via sem observar a presen�a dos outros ve�culos;Colis�o transversal;Com V�timas Feridas;Pleno dia;Crescente;C�u Claro;Dupla;Reta;Sim;2;0;2;0;0;0;2;2;-9,3674352;-40,4838431;SPRF-PE;DEL06-PE;UOP01-DEL06-PE;;;
708578;01/08/2025;sexta-feira;05:35:00;RJ;116;139;MAGE;Rea��o tardia ou ineficiente do condutor;Tombamento;Com V�timas Feridas;Plena Noite;Crescente;C�u Claro;Dupla;Reta;N�o;1;0;1;0;0;0;1;1;-22,6623488;-43,08992;SPRF-RJ;DEL04-RJ;UOP02-DEL04-RJ;;;
708579;01/08/2025;sexta-feira;06:30:00;SC;101;441,7;SANTA ROSA DO SUL;Manobra de mudan�a de faixa;Colis�o traseira;Com V�timas Feridas;Pleno dia;Decrescente;C�u Claro;M�ltipla;Aclive;N�o;2;0;1;0;1;0;1;2;-29,13147015;-49,69315469;SPRF-SC;DEL02-SC;UOP02-DEL02-SC;;;
708580;20/07/2025;domingo;11:20:00;MG;381;483;BETIM;Trafegar com motocicleta (ou similar) entre as faixas;Tombamento;Com V�timas Feridas;Pleno dia;Crescente;Ignorado;Dupla;Reta;Sim;2;0;2;0;0;0;2;1;-19,95961276;-44,08225393;SPRF-MG;DEL01-MG;UOP03-DEL01-MG;;;
708581;01/08/2025;sexta-feira;06:30:00;RJ;116;185;NOVA IGUACU;Trafegar com motocicleta (ou similar) entre as faixas;Colis�o lateral mesmo sentido;Com V�timas Feridas;Amanhecer;Crescente;C�u Claro;Dupla;Reta;Sim;1;0;1;0;0;0;1;1;-22,74440391;-43,50980759;SPRF-RJ;DEL06-RJ;UOP01-DEL06-RJ;;;
708583;01/08/2025;sexta-feira;06:00:00;SC;470;58;BLUMENAU;Ingest�o de �lcool pelo condutor;Sa�da de leito carro��vel;Sem V�timas;Amanhecer;Decrescente;C�u Claro;M�ltipla;"Reta;Viaduto";Sim;1;0;0;0;1;0;0;1;-26,8840068;-49,14554564;SPRF-SC;DEL04-SC;UOP01-DEL04-SC;;;
708584;31/07/2025;quinta-feira;21:00:00;RJ;116;277;BARRA MANSA;Trafegar com motocicleta (ou similar) entre as faixas;Colis�o frontal;Com V�timas Feridas;Plena Noite;Decrescente;C�u Claro;Simples;Reta;Sim;3;0;0;1;1;1;1;3;-22,5597;-44,1728;SPRF-RJ;DEL07-RJ;UOP02-DEL07-RJ;;;
708585;01/08/2025;sexta-feira;08:25:00;PB;101;84;BAYEUX;Rea��o tardia ou ineficiente do condutor;Engavetamento;Com V�timas Feridas;Pleno dia;Decrescente;C�u Claro;Dupla;Reta;Sim;3;0;1;0;1;1;1;3;-7,12882836;-34,93961334;SPRF-PB;DEL01-PB;UOP01-DEL01-PB;;;
708586;01/08/2025;sexta-feira;08:15:00;GO;40;1;VALPARAISO DE GOIAS;Entrada inopinada do pedestre;Sa�da de leito carro��vel;Com V�timas Feridas;Pleno dia;Decrescente;C�u Claro;Dupla;Reta;Sim;1;0;1;0;0;0;1;1;-16,058496;-47,982817;SPRF-DF;DEL01-DF;UOP01-DEL01-DF;;;
708588;01/08/2025;sexta-feira;07:00:00;RO;364;430,6;JARU;Desrespeitar a prefer�ncia no cruzamento;Colis�o transversal;Com V�timas Feridas;Pleno dia;Decrescente;C�u Claro;Simples;Interse��o de Vias;N�o;2;0;1;0;1;0;1;2;-10,40649788;-62,51643344;SPRF-RO;DEL03-RO;UOP02-DEL03-RO;;;
708590;01/08/2025;sexta-feira;08:13:00;TO;10;460;PALMAS;Manobra de mudan�a de faixa;Colis�o lateral mesmo sentido;Com V�timas Feridas;Pleno dia;Crescente;C�u Claro;M�ltipla;Interse��o de Vias;N�o;2;0;1;0;1;0;1;2;-10,25370234;-48,31119776;SPRF-TO;DEL01-TO;UOP03-DEL01-TO;;;
708591;01/08/2025;sexta-feira;07:10:00;SC;280;29,6;ARAQUARI;Convers�o proibida;Colis�o transversal;Com V�timas Feridas;Pleno dia;Crescente;C�u Claro;Simples;Reta;Sim;2;0;1;0;0;1;1;2;-26,41326;-48,758438;SPRF-SC;DEL03-SC;UOP03-DEL03-SC;;;
708592;01/08/2025;sexta-feira;08:00:00;SC;101;355;SANGAO;Demais falhas mec�nicas ou el�tricas;Colis�o traseira;Com V�timas Feridas;Pleno dia;Crescente;C�u Claro;Dupla;Reta;N�o;3;0;2;0;1;0;2;2;-28,67065669;-49,12053555;SPRF-SC;DEL02-SC;UOP01-DEL02-SC;;;
708593;01/08/2025;sexta-feira;07:03:00;MT;163;819;SINOP;Acessar a via sem observar a presen�a dos outros ve�culos;Colis�o transversal;Com V�timas Feridas;Pleno dia;Decrescente;C�u Claro;Simples;Reta;Sim;3;0;1;0;2;0;1;2;-12,00228348;-55,51805071;SPRF-MT;DEL06-MT;UOP02-DEL06-MT;;;
708595;01/08/2025;sexta-feira;08:43:00;BA;407;5,5;JUAZEIRO;Modifica��o proibida;Colis�o transversal;Com V�timas Feridas;Pleno dia;Crescente;C�u Claro;Simples;Reta;Sim;2;0;1;0;1;0;1;2;-9,447315;-40,4906883;SPRF-PE;DEL06-PE;UOP01-DEL06-PE;;;
708596;01/08/2025;sexta-feira;08:45:00;PR;277;83;CURITIBA;Condutor deixou de manter dist�ncia do ve�culo da frente;Colis�o traseira;Com V�timas Feridas;Pleno dia;Crescente;C�u Claro;Dupla;"Reta;Aclive";Sim;2;0;1;0;1;0;1;2;-25,44494098;-49,23250437;SPRF-PR;DEL01-PR;UOP03-DEL01-PR;;;
708597;01/08/2025;sexta-feira;08:30:00;SP;116;215;GUARULHOS;Ultrapassagem Indevida;Colis�o traseira;Com V�timas Feridas;Pleno dia;Crescente;C�u Claro;M�ltipla;"Reta;Viaduto";Sim;2;0;0;1;0;1;1;2;-23,45173593;-46,46250665;SPRF-SP;DEL01-SP;UOP01-DEL01-SP;;;
708599;01/08/2025;sexta-feira;09:20:00;MG;381;503;BETIM;Manobra de mudan�a de faixa;Colis�o lateral mesmo sentido;Com V�timas Feridas;Pleno dia;Decrescente;C�u Claro;Dupla;"Reta;Declive";Sim;2;0;1;0;1;0;1;2;-20,02519069;-44,23082185;SPRF-MG;DEL01-MG;UOP03-DEL01-MG;;;
708600;01/08/2025;sexta-feira;09:30:00;MG;381;782,5;CAMPANHA;Mal s�bito do condutor;Sa�da de leito carro��vel;Com V�timas Feridas;Pleno dia;Decrescente;C�u Claro;Dupla;Curva;N�o;1;0;1;0;0;0;1;1;-21,83153568;-45,49808973;SPRF-MG;DEL16-MG;UOP02-DEL16-MG;;;
708603;09/07/2025;quarta-feira;13:39:00;ES;101;288,4;CARIACICA;Acessar a via sem observar a presen�a dos outros ve�culos;Colis�o transversal;Com V�timas Feridas;Pleno dia;Decrescente;Nublado;Dupla;"Retorno Regulamentado;Interse��o de Vias;Reta";Sim;2;0;0;1;1;0;1;2;-20,274515;-40,392152;SPRF-ES;DEL01-ES;UOP01-DEL01-ES;;;
708604;01/08/2025;sexta-feira;08:20:00;PR;277;723;FOZ DO IGUACU;Acessar a via sem observar a presen�a dos outros ve�culos;Colis�o lateral mesmo sentido;Com V�timas Feridas;Pleno dia;Decrescente;C�u Claro;Dupla;Retorno Regulamentado;Sim;2;0;1;0;1;0;1;2;-25,49869854;-54,52987468;SPRF-PR;DEL05-PR;UOP03-DEL05-PR;;;
708606;28/07/2025;segunda-feira;15:10:00;MG;381;477;CONTAGEM;Condutor deixou de manter dist�ncia do ve�culo da frente;Engavetamento;Com V�timas Feridas;Pleno dia;Decrescente;Nublado;Dupla;Reta;Sim;6;0;2;0;4;0;2;3;-19,95955831;-44,03367376;SPRF-MG;DEL01-MG;UOP03-DEL01-MG;;;
708609;26/05/2025;segunda-feira;06:30:00;MG;381;328;NOVA ERA;Rea��o tardia ou ineficiente do condutor;Tombamento;Com V�timas Feridas;Amanhecer;Crescente;C�u Claro;Simples;Reta;N�o;2;0;2;0;0;0;2;1;-19,79682915;-43,05421829;SPRF-MG;DEL03-MG;UOP01-DEL03-MG;;;
708611;01/08/2025;sexta-feira;10:10:00;CE;222;2;FORTALEZA;Aus�ncia de rea��o do condutor;Colis�o traseira;Com V�timas Feridas;Pleno dia;Crescente;C�u Claro;M�ltipla;Reta;Sim;3;0;1;0;2;0;1;3;-3,73982;-38,593277;SPRF-CE;DEL01-CE;UOP01-DEL01-CE;;;
708614;01/08/2025;sexta-feira;08:03:00;SP;153;176;LINS;Afundamento ou ondula��o no pavimento;Queda de ocupante de ve�culo;Com V�timas Feridas;Pleno dia;Crescente;C�u Claro;Simples;Reta;N�o;1;0;1;0;0;0;1;1;-21,6513;-49,7888;SPRF-SP;DEL07-SP;UOP01-DEL07-SP;;;
708619;01/08/2025;sexta-feira;11:30:00;SC;470;59,8;BLUMENAU;Convers�o proibida;Colis�o transversal;Com V�timas Feridas;Pleno dia;Crescente;Nublado;Simples;Reta;Sim;2;0;1;0;1;0;1;2;-26,88182782;-49,16305661;SPRF-SC;DEL04-SC;UOP01-DEL04-SC;;;
708621;01/08/2025;sexta-feira;11:40:00;PR;277;451;LARANJEIRAS DO SUL;Desrespeitar a prefer�ncia no cruzamento;Colis�o transversal;Com V�timas Feridas;Pleno dia;Decrescente;C�u Claro;Simples;"Reta;Interse��o de Vias";N�o;2;0;1;0;1;0;1;2;-25,37473008;-52,38919616;SPRF-PR;DEL04-PR;UOP02-DEL04-PR;;;
708622;30/07/2025;quarta-feira;17:45:00;BA;116;527,6;ITATIM;Velocidade Incompat�vel;Tombamento;Com V�timas Feridas;Anoitecer;Decrescente;C�u Claro;Simples;Reta;N�o;1;0;1;0;0;0;1;1;-12,7231598;-39,7666101;SPRF-BA;DEL03-BA;UOP02-DEL03-BA;;;
708623;01/08/2025;sexta-feira;09:00:00;MG;364;1,5;PLANURA;Rea��o tardia ou ineficiente do condutor;Colis�o traseira;Com V�timas Feridas;Pleno dia;Decrescente;C�u Claro;Simples;"Aclive;Curva";Sim;1;0;1;0;0;0;1;1;-20,14457249;-48,69054191;SPRF-MG;DEL13-MG;UOP02-DEL13-MG;;;
708625;01/08/2025;sexta-feira;10:40:00;MG;40;272;SAO GONCALO DO ABAETE;Acessar a via sem observar a presen�a dos outros ve�culos;Colis�o transversal;Com V�timas Feridas;Pleno dia;Crescente;C�u Claro;Simples;Reta;Sim;2;0;0;1;1;0;1;2;-18,18646495;-45,25766373;SPRF-MG;DEL14-MG;UOP02-DEL14-MG;;;
708626;01/08/2025;sexta-feira;12:00:00;SP;116;231;SAO PAULO;Ultrapassagem Indevida;Colis�o lateral mesmo sentido;Com V�timas Feridas;Pleno dia;Crescente;C�u Claro;Dupla;"Reta;Aclive";Sim;3;0;0;1;2;0;1;3;-23,5222;-46,585634;SPRF-SP;DEL01-SP;UOP01-DEL01-SP;;;
708630;01/08/2025;sexta-feira;10:50:00;RJ;40;104;DUQUE DE CAXIAS;Acessar a via sem observar a presen�a dos outros ve�culos;Colis�o transversal;Com V�timas Feridas;Pleno dia;Crescente;Sol;Dupla;Reta;N�o;2;0;0;1;1;0;1;2;-22,62814954;-43,28605277;SPRF-RJ;DEL01-RJ;UOP02-DEL01-RJ;;;
708631;01/08/2025;sexta-feira;12:35:00;RJ;101;324;NITEROI;Aus�ncia de rea��o do condutor;Tombamento;Com V�timas Feridas;Pleno dia;Crescente;C�u Claro;M�ltipla;Reta;Sim;3;0;1;0;2;0;1;3;-22,87617519;-43,11927795;SPRF-RJ;DEL02-RJ;UOP01-DEL02-RJ;;;
708633;01/08/2025;sexta-feira;08:55:00;PR;277;725;FOZ DO IGUACU;Rea��o tardia ou ineficiente do condutor;Queda de ocupante de ve�culo;Com V�timas Feridas;Pleno dia;Crescente;C�u Claro;Dupla;Reta;Sim;1;0;1;0;0;0;1;1;-25,51072825;-54,55140641;SPRF-PR;DEL05-PR;UOP03-DEL05-PR;;;
708634;01/08/2025;sexta-feira;11:30:00;MG;381;182,5;PERIQUITO;Acessar a via sem observar a presen�a dos outros ve�culos;Colis�o transversal;Com V�timas Feridas;Pleno dia;Crescente;C�u Claro;Simples;Reta;N�o;5;0;4;0;1;0;4;2;-19,16365419;-42,24208832;SPRF-MG;DEL06-MG;UOP01-DEL06-MG;;;
708635;01/08/2025;sexta-feira;12:00:00;RJ;465;20;NOVA IGUACU;Trafegar com motocicleta (ou similar) entre as faixas;Colis�o transversal;Com V�timas Feridas;Pleno dia;Decrescente;C�u Claro;Simples;Reta;N�o;3;0;2;0;1;0;2;3;-22,84879551;-43,60352246;SPRF-RJ;DEL06-RJ;UOP02-DEL06-RJ;;;
708637;01/08/2025;sexta-feira;11:50:00;RJ;101;429;MANGARATIBA;Demais falhas mec�nicas ou el�tricas;Inc�ndio;Sem V�timas;Pleno dia;Decrescente;C�u Claro;Simples;"Reta;Declive";Sim;1;0;0;0;1;0;0;1;-22,93760633;-44,01191711;SPRF-RJ;DEL03-RJ;UOP02-DEL03-RJ;;;
708638;01/08/2025;sexta-feira;13:00:00;SC;101;147;ITAPEMA;Manobra de mudan�a de faixa;Colis�o lateral mesmo sentido;Com V�timas Feridas;Pleno dia;Crescente;Nublado;Dupla;Reta;Sim;3;0;1;1;1;0;2;2;-27,08858256;-48,61246197;SPRF-SC;DEL04-SC;UOP03-DEL04-SC;;;
708641;01/08/2025;sexta-feira;13:40:00;SP;116;463;PARIQUERA-ACU;Rea��o tardia ou ineficiente do condutor;Tombamento;Com V�timas Feridas;Pleno dia;Crescente;C�u Claro;Dupla;Reta;N�o;1;0;1;0;0;0;1;1;-24,640152;-47,91343689;SPRF-SP;DEL05-SP;UOP01-DEL05-SP;;;
708643;01/08/2025;sexta-feira;13:30:00;SP;116;146;SAO JOSE DOS CAMPOS;Aus�ncia de rea��o do condutor;Colis�o lateral mesmo sentido;Com V�timas Feridas;Pleno dia;Decrescente;Sol;Dupla;Reta;N�o;2;0;1;0;1;0;1;2;-23,19213129;-45,86476666;SPRF-SP;DEL02-SP;UOP01-DEL02-SP;;;
708644;01/08/2025;sexta-feira;14:00:00;PB;230;24,4;JOAO PESSOA;Aus�ncia de rea��o do condutor;Colis�o traseira;Com V�timas Feridas;Pleno dia;Decrescente;Sol;Dupla;Viaduto;N�o;3;0;2;0;0;1;2;2;-7,167008;-34,863612;SPRF-PB;DEL01-PB;UOP01-DEL01-PB;;;
708646;28/07/2025;segunda-feira;15:10:00;RJ;116;316;RESENDE;Aus�ncia de rea��o do condutor;Queda de ocupante de ve�culo;Com V�timas Feridas;Pleno dia;Decrescente;C�u Claro;Dupla;Reta;Sim;1;0;1;0;0;0;1;1;-22,463988;-44,484854;SPRF-RJ;DEL07-RJ;UOP02-DEL07-RJ;;;
708652;01/08/2025;sexta-feira;15:15:00;MG;381;773,9;CAMPANHA;Rea��o tardia ou ineficiente do condutor;Colis�o traseira;Com V�timas Feridas;Pleno dia;Decrescente;C�u Claro;Dupla;Curva;N�o;2;0;1;0;1;0;1;2;-21,78567957;-45,43535343;SPRF-MG;DEL16-MG;UOP02-DEL16-MG;;;
708653;01/08/2025;sexta-feira;15:15:00;SC;282;20,4;PALHOCA;Acessar a via sem observar a presen�a dos outros ve�culos;Colis�o transversal;Com V�timas Feridas;Pleno dia;Crescente;Nublado;Simples;Interse��o de Vias;N�o;2;0;1;0;1;0;1;2;-27,6865718;-48,7133743;SPRF-SC;DEL01-SC;UOP02-DEL01-SC;;;
708654;01/08/2025;sexta-feira;14:25:00;MT;163;713;SORRISO;Ingest�o de �lcool pelo condutor;Colis�o traseira;Com V�timas Feridas;Pleno dia;Crescente;Sol;Simples;Reta;N�o;4;0;1;0;3;0;1;2;-12,865815;-55,834537;SPRF-MT;DEL06-MT;UOP01-DEL06-MT;;;
708655;01/08/2025;sexta-feira;15:20:00;MG;262;516,6;LUZ;Acessar a via sem observar a presen�a dos outros ve�culos;Colis�o transversal;Com V�timas Feridas;Pleno dia;Crescente;Sol;Simples;Reta;Sim;3;0;1;0;2;0;1;2;-19,78323;-45,69086;SPRF-MG;DEL08-MG;UOP03-DEL08-MG;;;
708656;04/07/2025;sexta-feira;18:15:00;RS;116;1;PORTO ALEGRE;Condutor deixou de manter dist�ncia do ve�culo da frente;Colis�o lateral mesmo sentido;Com V�timas Feridas;Plena Noite;Decrescente;C�u Claro;Dupla;Reta;N�o;3;0;1;0;2;0;1;2;-29,98480631;-51,18118286;SPRF-RS;DEL01-RS;UOP01-DEL01-RS;;;
708657;01/08/2025;sexta-feira;15:15:00;SC;101;199;SAO JOSE;Condutor deixou de manter dist�ncia do ve�culo da frente;Colis�o traseira;Com V�timas Feridas;Pleno dia;Decrescente;C�u Claro;Dupla;Reta;Sim;2;0;1;0;1;0;1;2;-27,5350582;-48,6314872;SPRF-SC;DEL01-SC;UOP01-DEL01-SC;;;
708658;01/08/2025;sexta-feira;15:10:00;PR;277;75;SAO JOSE DOS PINHAIS;Condutor deixou de manter dist�ncia do ve�culo da frente;Colis�o traseira;Sem V�timas;Pleno dia;Crescente;C�u Claro;Dupla;Reta;Sim;3;0;0;0;3;0;0;3;-25,492169;-49,170961;SPRF-PR;DEL01-PR;UOP07-DEL01-PR;;;
708659;01/08/2025;sexta-feira;13:20:00;AC;364;138;RIO BRANCO;Aus�ncia de rea��o do condutor;Colis�o lateral mesmo sentido;Com V�timas Feridas;Pleno dia;Decrescente;C�u Claro;Dupla;Rotat�ria;Sim;2;0;1;0;1;0;1;2;-9,96086197;-67,85684109;SPRF-AC;DEL01-AC;UOP01-DEL01-AC;;;
708663;01/08/2025;sexta-feira;13:10:00;BA;116;8,2;VITORIA DA CONQUISTA;Acessar a via sem observar a presen�a dos outros ve�culos;Colis�o traseira;Com V�timas Feridas;Pleno dia;Crescente;C�u Claro;Dupla;"Retorno Regulamentado;Reta";Sim;3;0;1;0;1;1;1;3;-14,84764098;-40,88584039;SPRF-BA;DEL08-BA;UOP01-DEL08-BA;;;
708665;01/08/2025;sexta-feira;15:15:00;GO;153;375;SAO FRANCISCO DE GOIAS;Condutor usando celular;Tombamento;Com V�timas Feridas;Pleno dia;Crescente;C�u Claro;Simples;"Aclive;Curva";N�o;1;0;1;0;0;0;1;1;-15,893825;-49,238088;SPRF-GO;DEL02-GO;UOP02-DEL02-GO;;;
708667;01/08/2025;sexta-feira;16:00:00;SC;101;203;SAO JOSE;Rea��o tardia ou ineficiente do condutor;Colis�o traseira;Com V�timas Feridas;Pleno dia;Decrescente;Nublado;Dupla;Declive;N�o;2;0;1;0;1;0;1;2;-27,56482876;-48,61452341;SPRF-SC;DEL01-SC;UOP01-DEL01-SC;;;
708668;01/08/2025;sexta-feira;16:15:00;SP;116;276;EMBU DAS ARTES;Demais falhas mec�nicas ou el�tricas;Tombamento;Com V�timas Feridas;Pleno dia;Decrescente;C�u Claro;Dupla;Reta;Sim;1;0;1;0;0;0;1;1;-23,62103114;-46,8125945;SPRF-SP;DEL04-SP;UOP01-DEL04-SP;;;
708669;01/08/2025;sexta-feira;16:14:00;MG;365;2,9;MONTES CLAROS;Acessar a via sem observar a presen�a dos outros ve�culos;Colis�o transversal;Com V�timas Feridas;Pleno dia;Crescente;Sol;Simples;"Reta;Interse��o de Vias";N�o;4;0;1;0;2;1;1;3;-16,7881049;-43,89343408;SPRF-MG;DEL12-MG;UOP01-DEL12-MG;;;
708670;01/08/2025;sexta-feira;16:00:00;PB;101;52,9;MATARACA;Rea��o tardia ou ineficiente do condutor;Sa�da de leito carro��vel;Com V�timas Feridas;Pleno dia;Decrescente;C�u Claro;Dupla;Declive;N�o;2;0;0;2;0;0;2;1;-6,54899408;-35,12260437;SPRF-PB;DEL01-PB;UOP03-DEL01-PB;;;
708671;01/08/2025;sexta-feira;15:10:00;SP;116;62;GUARATINGUETA;Animais na Pista;Atropelamento de Animal;Com V�timas Feridas;Pleno dia;Crescente;C�u Claro;Dupla;Reta;N�o;1;0;1;0;0;0;1;1;-22,81298991;-45,17837562;SPRF-SP;DEL08-SP;UOP01-DEL08-SP;;;
708672;01/08/2025;sexta-feira;15:10:00;RJ;40;120;DUQUE DE CAXIAS;Trafegar com motocicleta (ou similar) entre as faixas;Colis�o lateral mesmo sentido;Com V�timas Feridas;Pleno dia;Crescente;C�u Claro;M�ltipla;Reta;Sim;4;0;2;0;2;0;2;2;-22,777593;-43,28606;SPRF-RJ;DEL01-RJ;UOP02-DEL01-RJ;;;
708673;01/08/2025;sexta-feira;16:30:00;SP;116;419;JUQUIA;Rea��o tardia ou ineficiente do condutor;Tombamento;Com V�timas Feridas;Pleno dia;Decrescente;C�u Claro;Dupla;Reta;N�o;2;0;2;0;0;0;2;1;-24,33239469;-47,63671875;SPRF-SP;DEL05-SP;UOP01-DEL05-SP;;;
708674;01/08/2025;sexta-feira;16:26:00;PE;232;283,6;SERTANIA;Aus�ncia de rea��o do condutor;Sa�da de leito carro��vel;Com V�timas Feridas;Pleno dia;Crescente;Sol;Simples;Reta;N�o;4;0;3;0;1;0;3;1;-8,335813;-37,321093;SPRF-PE;DEL04-PE;UOP02-DEL04-PE;;;