id;data_inversa;dia_semana;horario;uf;br;km;municipio;causa_acidente;tipo_acidente;classificacao_acidente;fase_dia;sentido_via;condicao_metereologica;tipo_pista;tracado_via;uso_solo;pessoas;mortos;feridos_leves;feridos_graves;ilesos;ignorados;feridos;veiculos;latitude;longitude;regional;delegacia;uop;;;
708676;01/08/2025;sexta-feira;14:40:00;RJ;101;474;ANGRA DOS REIS;Condutor deixou de manter dist�ncia do ve�culo da frente;Colis�o traseira;Com V�timas Feridas;Pleno dia;Crescente;C�u Claro;Simples;Reta;N�o;2;0;0;1;1;0;1;2;-22,99672752;-44,25087814;SPRF-RJ;DEL03-RJ;UOP03-DEL03-RJ;;;
708677;01/08/2025;sexta-feira;16:18:00;MA;316;548,5;CAXIAS;Transitar na cal�ada;Queda de ocupante de ve�culo;Com V�timas Feridas;Pleno dia;Decrescente;C�u Claro;Simples;"Reta;Interse��o de Vias";Sim;2;0;1;0;1;0;1;1;-4,88603017;-43,37716699;SPRF-MA;DEL03-MA;UOP02-DEL03-MA;;;
708679;01/08/2025;sexta-feira;16:40:00;SP;116;211,8;GUARULHOS;Avarias e/ou desgaste excessivo no pneu;Tombamento;Com V�timas Feridas;Pleno dia;Crescente;Nublado;M�ltipla;"Reta;Declive";Sim;1;0;1;0;0;0;1;1;-23,43515;-46,42662;SPRF-SP;DEL01-SP;UOP01-DEL01-SP;;;
708680;01/08/2025;sexta-feira;16:45:00;AP;210;0;MACAPA;Rea��o tardia ou ineficiente do condutor;Colis�o traseira;Com V�timas Feridas;Pleno dia;Crescente;C�u Claro;M�ltipla;Reta;Sim;3;0;0;1;2;0;1;2;0,07832635;-51,07039187;SPRF-AP;DEL01-AP;UOP01-DEL01-AP;;;
708682;01/08/2025;sexta-feira;15:51:00;PE;232;4,8;RECIFE;Condutor deixou de manter dist�ncia do ve�culo da frente;Colis�o traseira;Sem V�timas;Pleno dia;Decrescente;C�u Claro;Dupla;"Declive;Viaduto";Sim;2;0;0;0;1;1;0;2;-8,06680532;-34,94213486;SPRF-PE;DEL01-PE;UOP01-DEL01-PE;;;
708684;01/08/2025;sexta-feira;17:10:00;SP;101;41;UBATUBA;Retorno proibido;Colis�o transversal;Com V�timas Feridas;Pleno dia;Crescente;C�u Claro;Simples;Reta;N�o;3;0;0;1;2;0;1;2;-23,4187936;-45,04366636;SPRF-SP;DEL06-SP;UOP01-DEL06-SP;;;
708685;01/08/2025;sexta-feira;16:55:00;CE;222;203;FORQUILHA;Ultrapassagem Indevida;Sa�da de leito carro��vel;Com V�timas Feridas;Pleno dia;Crescente;C�u Claro;Simples;Curva;N�o;4;0;1;2;1;0;3;1;-3,78484335;-40,24033897;SPRF-CE;DEL04-CE;UOP01-DEL04-CE;;;
708686;01/08/2025;sexta-feira;17:30:00;RS;285;300;PASSO FUNDO;Acessar a via sem observar a presen�a dos outros ve�culos;Atropelamento de Pedestre;Com V�timas Feridas;Pleno dia;Decrescente;C�u Claro;Simples;Reta;N�o;2;0;1;0;1;0;1;2;-28,22709721;-52,44656174;SPRF-RS;DEL08-RS;UOP03-DEL08-RS;;;
708687;01/08/2025;sexta-feira;17:45:00;RS;392;13,7;RIO GRANDE;Demais falhas mec�nicas ou el�tricas;Colis�o traseira;Com V�timas Feridas;Anoitecer;Crescente;C�u Claro;Dupla;Reta;N�o;7;0;2;0;5;0;2;2;-32,053;-52,132;SPRF-RS;DEL07-RS;UOP02-DEL07-RS;;;
708688;01/08/2025;sexta-feira;18:20:00;PI;343;8;PARNAIBA;Desrespeitar a prefer�ncia no cruzamento;Colis�o transversal;Sem V�timas;Plena Noite;Crescente;Nublado;M�ltipla;"Reta;Interse��o de Vias";Sim;3;0;0;0;3;0;0;2;-2,90024135;-41,72926831;SPRF-PI;DEL05-PI;UOP01-DEL05-PI;;;
708689;01/08/2025;sexta-feira;18:05:00;PR;116;112;CURITIBA;Condutor deixou de manter dist�ncia do ve�culo da frente;Colis�o traseira;Com V�timas Feridas;Plena Noite;Crescente;C�u Claro;Dupla;Reta;N�o;2;0;1;0;1;0;1;2;-25,55818493;-49,26839082;SPRF-PR;DEL01-PR;UOP03-DEL01-PR;;;
708691;01/08/2025;sexta-feira;17:50:00;SC;116;5,8;MAFRA;Acessar a via sem observar a presen�a dos outros ve�culos;Colis�o transversal;Com V�timas Feridas;Anoitecer;Decrescente;C�u Claro;Simples;Interse��o de Vias;Sim;3;0;2;0;1;0;2;2;-26,1455902;-49,82174126;SPRF-SC;DEL06-SC;UOP01-DEL06-SC;;;
708692;01/08/2025;sexta-feira;17:50:00;BA;367;83;EUNAPOLIS;Rea��o tardia ou ineficiente do condutor;Queda de ocupante de ve�culo;Com V�timas Feridas;Plena Noite;Decrescente;Nublado;Simples;"Reta;Interse��o de Vias";Sim;1;0;1;0;0;0;1;1;-16,373495;-39,574648;SPRF-BA;DEL09-BA;UOP03-DEL09-BA;;;
708694;01/08/2025;sexta-feira;18:20:00;ES;101;284,5;CARIACICA;Manobra de mudan�a de faixa;Colis�o lateral mesmo sentido;Com V�timas Feridas;Plena Noite;Crescente;Nublado;Dupla;Reta;Sim;2;0;1;0;1;0;1;2;-20,2506968;-40,3703938;SPRF-ES;DEL01-ES;UOP01-DEL01-ES;;;
708695;01/08/2025;sexta-feira;18:50:00;SC;101;158;PORTO BELO;Manobra de mudan�a de faixa;Colis�o lateral mesmo sentido;Com V�timas Feridas;Plena Noite;Decrescente;C�u Claro;Dupla;Reta;Sim;3;0;1;1;1;0;2;2;-27,19119;-48,612396;SPRF-SC;DEL04-SC;UOP03-DEL04-SC;;;
708696;01/08/2025;sexta-feira;18:00:00;SC;282;215;LAGES;Acessar a via sem observar a presen�a dos outros ve�culos;Colis�o transversal;Com V�timas Feridas;Pleno dia;Decrescente;C�u Claro;Simples;Rotat�ria;Sim;2;0;1;0;1;0;1;2;-27,7950323;-50,28445451;SPRF-SC;DEL05-SC;UOP01-DEL05-SC;;;
708697;01/08/2025;sexta-feira;18:45:00;SC;101;188;BIGUACU;Trafegar com motocicleta (ou similar) entre as faixas;Queda de ocupante de ve�culo;Com V�timas Feridas;Plena Noite;Crescente;Nublado;Dupla;Reta;N�o;1;0;1;0;0;0;1;1;-27,45323507;-48,63505237;SPRF-SC;DEL01-SC;UOP01-DEL01-SC;;;
708698;01/08/2025;sexta-feira;17:00:00;RO;364;526;ARIQUEMES;Rea��o tardia ou ineficiente do condutor;Colis�o traseira;Com V�timas Feridas;Pleno dia;Decrescente;C�u Claro;Simples;"Reta;Em Obras";N�o;2;0;1;0;1;0;1;2;-9,88115246;-63,05722561;SPRF-RO;DEL03-RO;UOP01-DEL03-RO;;;
708699;01/08/2025;sexta-feira;17:10:00;MS;163;128,3;NAVIRAI;Aus�ncia de rea��o do condutor;Colis�o traseira;Sem V�timas;Anoitecer;Decrescente;C�u Claro;Simples;Reta;N�o;3;0;0;0;3;0;0;2;-23,05201958;-54,24161983;SPRF-MS;DEL09-MS;UOP01-DEL09-MS;;;
708701;01/08/2025;sexta-feira;18:20:00;PA;155;123;MARABA;Transitar no Acostamento;Colis�o transversal;Com V�timas Feridas;Plena Noite;Crescente;C�u Claro;Simples;Reta;Sim;3;0;1;0;2;0;1;3;-5,376426;-49,139589;SPRF-PA;DEL03-PA;UOP01-DEL03-PA;;;
708702;01/08/2025;sexta-feira;18:30:00;GO;60;371;RIO VERDE;Acessar a via sem observar a presen�a dos outros ve�culos;Colis�o transversal;Com V�timas Feridas;Plena Noite;Decrescente;C�u Claro;Dupla;"Retorno Regulamentado;Declive";N�o;6;0;4;0;2;0;4;2;-17,71203;-50,852332;SPRF-GO;DEL04-GO;UOP02-DEL04-GO;;;
708704;01/08/2025;sexta-feira;09:03:00;CE;116;16;EUSEBIO;Condutor deixou de manter dist�ncia do ve�culo da frente;Colis�o traseira;Com V�timas Feridas;Pleno dia;Decrescente;C�u Claro;M�ltipla;Reta;Sim;2;0;1;0;1;0;1;2;-3,90188475;-38,50440139;SPRF-CE;DEL01-CE;UOP02-DEL01-CE;;;
708705;01/08/2025;sexta-feira;18:30:00;RJ;101;38;CAMPOS DOS GOYTACAZES;Condutor usando celular;Colis�o frontal;Com V�timas Feridas;Plena Noite;Crescente;C�u Claro;Simples;Reta;Sim;6;0;6;0;0;0;6;2;-21,54055;-41,341812;SPRF-RJ;DEL08-RJ;UOP01-DEL08-RJ;;;
708706;01/08/2025;sexta-feira;19:00:00;SC;101;206,7;SAO JOSE;Manobra de mudan�a de faixa;Colis�o lateral mesmo sentido;Com V�timas Feridas;Plena Noite;Crescente;C�u Claro;M�ltipla;Reta;Sim;2;0;1;0;1;0;1;2;-27,594558;-48,619262;SPRF-SC;DEL01-SC;UOP01-DEL01-SC;;;
708707;01/08/2025;sexta-feira;17:40:00;ES;101;147;LINHARES;Aus�ncia de rea��o do condutor;Tombamento;Com V�timas Feridas;Plena Noite;Crescente;C�u Claro;M�ltipla;Reta;N�o;2;0;1;0;1;0;1;1;-19,3831121;-40,06676165;SPRF-ES;DEL04-ES;UOP01-DEL04-ES;;;
708708;01/08/2025;sexta-feira;17:30:00;RJ;116;223,6;PARACAMBI;Avarias e/ou desgaste excessivo no pneu;Queda de ocupante de ve�culo;Com V�timas Feridas;Plena Noite;Crescente;C�u Claro;Dupla;Reta;N�o;2;0;1;0;1;0;1;1;-22,65694775;-43,82291794;SPRF-RJ;DEL06-RJ;UOP02-DEL06-RJ;;;
708709;01/08/2025;sexta-feira;14:40:00;SC;163;66,8;SAO MIGUEL DO OESTE;Desrespeitar a prefer�ncia no cruzamento;Colis�o transversal;Sem V�timas;Pleno dia;Decrescente;C�u Claro;Simples;"Interse��o de Vias;Rotat�ria";Sim;3;0;0;0;3;0;0;2;-26,76092936;-53,5005641;SPRF-SC;DEL07-SC;UOP03-DEL07-SC;;;
708710;01/08/2025;sexta-feira;18:40:00;MG;381;447,6;BELO HORIZONTE;Transitar no Acostamento;Colis�o transversal;Com V�timas Feridas;Plena Noite;Decrescente;C�u Claro;Simples;Reta;Sim;4;0;3;0;1;0;3;3;-19,83989776;-43,8771509;SPRF-MG;DEL01-MG;UOP01-DEL01-MG;;;
708711;01/08/2025;sexta-feira;15:30:00;MG;116;303;ITAMBACURI;Estacionar ou parar em local proibido;Colis�o traseira;Com V�timas Feridas;Pleno dia;Decrescente;C�u Claro;Simples;Curva;N�o;2;0;1;0;1;0;1;2;-18,01705318;-41,64064972;SPRF-MG;DEL11-MG;UOP01-DEL11-MG;;;
708712;01/08/2025;sexta-feira;19:00:00;PR;277;77;SAO JOSE DOS PINHAIS;Condutor deixou de manter dist�ncia do ve�culo da frente;Colis�o traseira;Com V�timas Feridas;Anoitecer;Crescente;C�u Claro;Dupla;Reta;Sim;2;0;1;0;1;0;1;2;-25,48538119;-49,18623861;SPRF-PR;DEL01-PR;UOP07-DEL01-PR;;;
708713;01/08/2025;sexta-feira;18:00:00;BA;101;714,2;EUNAPOLIS;Acessar a via sem observar a presen�a dos outros ve�culos;Atropelamento de Pedestre;Com V�timas Feridas;Plena Noite;Decrescente;C�u Claro;Simples;Reta;Sim;2;0;1;0;0;1;1;2;-16,34739355;-39,58024174;SPRF-BA;DEL09-BA;UOP01-DEL09-BA;;;
708714;01/08/2025;sexta-feira;18:17:00;MS;158;338,4;BRASILANDIA;Acessar a via sem observar a presen�a dos outros ve�culos;Colis�o transversal;Com V�timas Feridas;Plena Noite;Decrescente;C�u Claro;Simples;Curva;Sim;4;0;0;1;3;0;1;2;-21,24705163;-52,03324759;SPRF-MS;DEL07-MS;UOP01-DEL07-MS;;;
708715;01/08/2025;sexta-feira;14:50:00;RJ;40;121;DUQUE DE CAXIAS;Rea��o tardia ou ineficiente do condutor;Colis�o traseira;Com V�timas Feridas;Pleno dia;Decrescente;C�u Claro;Dupla;Reta;Sim;4;0;1;0;2;1;1;3;-22,78308708;-43,28547275;SPRF-RJ;DEL01-RJ;UOP02-DEL01-RJ;;;
708716;01/08/2025;sexta-feira;17:40:00;SC;101;50,9;JOINVILLE;Avarias e/ou desgaste excessivo no pneu;Tombamento;Com V�timas Feridas;Anoitecer;Decrescente;Nublado;Dupla;Reta;N�o;1;0;1;0;0;0;1;1;-26,39278703;-48,83929102;SPRF-SC;DEL03-SC;UOP01-DEL03-SC;;;
708718;01/08/2025;sexta-feira;18:50:00;PE;101;106,2;CABO DE SANTO AGOSTINHO;Acessar a via sem observar a presen�a dos outros ve�culos;Colis�o transversal;Com V�timas Feridas;Plena Noite;Decrescente;Nublado;Dupla;"Reta;Retorno Regulamentado";N�o;2;0;1;0;1;0;1;2;-8,308307;-35,077633;SPRF-PE;DEL01-PE;UOP03-DEL01-PE;;;
708719;01/08/2025;sexta-feira;14:30:00;RJ;40;123;DUQUE DE CAXIAS;Rea��o tardia ou ineficiente do condutor;Colis�o traseira;Com V�timas Feridas;Pleno dia;Crescente;C�u Claro;M�ltipla;Reta;Sim;2;0;1;0;1;0;1;2;-22,806918;-43,289525;SPRF-RJ;DEL01-RJ;UOP02-DEL01-RJ;;;
708722;01/08/2025;sexta-feira;19:25:00;PI;343;8;PARNAIBA;Desrespeitar a prefer�ncia no cruzamento;Colis�o transversal;Sem V�timas;Plena Noite;Decrescente;C�u Claro;Simples;"Interse��o de Vias;Rotat�ria";Sim;2;0;0;0;2;0;0;2;-2,90008753;-41,72928667;SPRF-PI;DEL05-PI;UOP01-DEL05-PI;;;
708724;01/08/2025;sexta-feira;20:00:00;PR;116;123;CURITIBA;Rea��o tardia ou ineficiente do condutor;Colis�o lateral mesmo sentido;Com V�timas Feridas;Plena Noite;Crescente;Nublado;Dupla;Reta;N�o;3;0;1;0;2;0;1;3;-25,62053393;-49,31654803;SPRF-PR;DEL01-PR;UOP03-DEL01-PR;;;
708725;01/08/2025;sexta-feira;18:10:00;RJ;40;119;DUQUE DE CAXIAS;Rea��o tardia ou ineficiente do condutor;Queda de ocupante de ve�culo;Com V�timas Feridas;Plena Noite;Crescente;C�u Claro;M�ltipla;Reta;Sim;2;0;1;0;1;0;1;1;-22,76189713;-43,28709593;SPRF-RJ;DEL01-RJ;UOP02-DEL01-RJ;;;
708726;01/08/2025;sexta-feira;18:50:00;RJ;116;329;ITATIAIA;Pedestre cruzava a pista fora da faixa;Atropelamento de Pedestre;Com V�timas Fatais;Plena Noite;Crescente;C�u Claro;Dupla;Reta;Sim;3;1;0;0;2;0;0;2;-22,50453085;-44,61123987;SPRF-RJ;DEL07-RJ;UOP02-DEL07-RJ;;;
708727;01/08/2025;sexta-feira;14:30:00;SC;101;361;SANGAO;Objeto est�tico sobre o leito carro��vel;Queda de ocupante de ve�culo;Com V�timas Feridas;Pleno dia;Decrescente;C�u Claro;Dupla;Curva;N�o;1;0;1;0;0;0;1;1;-28,67256715;-49,12290428;SPRF-SC;DEL02-SC;UOP01-DEL02-SC;;;
708728;01/08/2025;sexta-feira;19:00:00;PB;104;150;QUEIMADAS;Defici�ncia do Sistema de Ilumina��o/Sinaliza��o;Colis�o traseira;Com V�timas Fatais;Plena Noite;Decrescente;C�u Claro;Simples;Reta;N�o;2;1;0;0;1;0;0;2;-7,4558425;-35,9163425;SPRF-PB;DEL02-PB;UOP03-DEL02-PB;;;
708729;01/08/2025;sexta-feira;18:42:00;MS;262;348,3;CAMPO GRANDE;Aus�ncia de rea��o do condutor;Tombamento;Com V�timas Feridas;Plena Noite;Crescente;Ignorado;Simples;Reta;N�o;1;0;1;0;0;0;1;1;-20,563322;-54,614922;SPRF-MS;DEL01-MS;UOP03-DEL01-MS;;;
708730;01/08/2025;sexta-feira;17:02:00;RO;364;426;JARU;Desrespeitar a prefer�ncia no cruzamento;Colis�o transversal;Com V�timas Feridas;Pleno dia;Decrescente;C�u Claro;M�ltipla;Interse��o de Vias;Sim;2;0;0;1;1;0;1;2;-10,4283447;-62,4860166;SPRF-RO;DEL03-RO;UOP02-DEL03-RO;;;
708731;01/08/2025;sexta-feira;18:05:00;MA;316;262,7;SANTA INES;Acessar a via sem observar a presen�a dos outros ve�culos;Colis�o transversal;Com V�timas Feridas;Anoitecer;Decrescente;C�u Claro;Simples;Reta;Sim;3;0;0;1;2;0;1;2;-3,674533;-45,3581487;SPRF-MA;DEL02-MA;UOP01-DEL02-MA;;;
708732;01/08/2025;sexta-feira;19:09:00;PR;277;306,3;PRUDENTOPOLIS;Aus�ncia de rea��o do condutor;Colis�o traseira;Com V�timas Feridas;Plena Noite;Crescente;C�u Claro;Simples;"Declive;Curva";N�o;2;0;1;0;1;0;1;2;-25,323805;-51,192452;SPRF-PR;DEL08-PR;UOP01-DEL08-PR;;;
708733;01/08/2025;sexta-feira;17:15:00;PR;153;387;MALLET;Convers�o proibida;Colis�o transversal;Com V�timas Fatais;Anoitecer;Crescente;C�u Claro;Simples;Reta;N�o;3;2;0;1;0;0;1;2;-25,87590542;-50,83442688;SPRF-PR;DEL08-PR;UOP02-DEL08-PR;;;
708734;01/08/2025;sexta-feira;20:00:00;CE;116;3;FORTALEZA;Condutor deixou de manter dist�ncia do ve�culo da frente;Colis�o traseira;Com V�timas Feridas;Plena Noite;Crescente;C�u Claro;M�ltipla;Reta;Sim;2;0;1;0;1;0;1;2;-3,778735;-38,514834;SPRF-CE;DEL01-CE;UOP02-DEL01-CE;;;
708735;01/08/2025;sexta-feira;18:40:00;ES;101;253,7;SERRA;Animais na Pista;Atropelamento de Animal;Com V�timas Feridas;Plena Noite;Decrescente;Nublado;Simples;Reta;N�o;1;0;1;0;0;0;1;1;-20,10808697;-40,32925862;SPRF-ES;DEL02-ES;UOP01-DEL02-ES;;;
708736;01/08/2025;sexta-feira;20:15:00;RS;290;53;GLORINHA;Rea��o tardia ou ineficiente do condutor;Colis�o traseira;Com V�timas Feridas;Plena Noite;Crescente;C�u Claro;Dupla;Reta;N�o;14;0;1;0;13;0;1;4;-29,92161332;-50,8392334;SPRF-RS;DEL03-RS;UOP01-DEL03-RS;;;
708737;01/08/2025;sexta-feira;19:25:00;PA;316;43;SANTA IZABEL DO PARA;Acessar a via sem observar a presen�a dos outros ve�culos;Colis�o transversal;Com V�timas Fatais;Plena Noite;Crescente;C�u Claro;Dupla;Reta;N�o;2;1;0;0;1;0;0;2;-1,275932;-48,08611;SPRF-PA;DEL01-PA;UOP01-DEL01-PA;;;
708739;01/08/2025;sexta-feira;19:00:00;PB;427;36;POMBAL;Ingest�o de �lcool pelo condutor;Colis�o traseira;Com V�timas Feridas;Plena Noite;Decrescente;C�u Claro;Simples;Reta;Sim;5;0;4;0;0;1;4;2;-6,76024946;-37,7774334;SPRF-PB;DEL03-PB;UOP02-DEL03-PB;;;
708740;01/08/2025;sexta-feira;16:10:00;RO;364;286;PRESIDENTE MEDICI;Objeto est�tico sobre o leito carro��vel;Colis�o traseira;Sem V�timas;Pleno dia;Crescente;C�u Claro;Simples;Reta;N�o;4;0;0;0;4;0;0;2;-11,36686139;-61,84373349;SPRF-RO;DEL02-RO;UOP01-DEL02-RO;;;
708741;01/08/2025;sexta-feira;21:00:00;SC;101;194;BIGUACU;Condutor deixou de manter dist�ncia do ve�culo da frente;Colis�o traseira;Com V�timas Feridas;Plena Noite;Crescente;C�u Claro;Dupla;Reta;Sim;2;0;0;1;1;0;1;2;-27,497455;-48,656892;SPRF-SC;DEL01-SC;UOP01-DEL01-SC;;;
708742;01/08/2025;sexta-feira;17:25:00;MG;251;387;GRAO MOGOL;Velocidade Incompat�vel;Sa�da de leito carro��vel;Com V�timas Feridas;Pleno dia;Crescente;C�u Claro;Simples;Reta;N�o;2;0;2;0;0;0;2;1;-16,299023;-42,732178;SPRF-MG;DEL12-MG;UOP01-DEL12-MG;;;
708743;01/08/2025;sexta-feira;21:15:00;PR;376;4,4;MANDAGUARI;Rea��o tardia ou ineficiente do condutor;Queda de ocupante de ve�culo;Com V�timas Feridas;Plena Noite;Decrescente;C�u Claro;Simples;Reta;Sim;1;0;1;0;0;0;1;1;-23,51944048;-51,68051362;SPRF-PR;DEL09-PR;UOP01-DEL09-PR;;;
708744;01/08/2025;sexta-feira;18:50:00;MG;50;180;UBERABA;Aus�ncia de rea��o do condutor;Colis�o traseira;Com V�timas Feridas;Plena Noite;Decrescente;C�u Claro;Simples;Rotat�ria;Sim;2;0;1;0;1;0;1;2;-19,77712297;-47,92208433;SPRF-MG;DEL13-MG;UOP01-DEL13-MG;;;
708745;01/08/2025;sexta-feira;19:30:00;PR;163;140;CAPITAO LEONIDAS MARQUES;Curva acentuada;Sa�da de leito carro��vel;Com V�timas Feridas;Plena Noite;Decrescente;C�u Claro;Simples;"Aclive;Curva";N�o;1;0;1;0;0;0;1;1;-25,54473476;-53,59227117;SPRF-PR;DEL05-PR;UOP05-DEL05-PR;;;
708748;01/08/2025;sexta-feira;22:00:00;MG;40;528;CONTAGEM;Desrespeitar a prefer�ncia no cruzamento;Colis�o lateral mesmo sentido;Com V�timas Feridas;Plena Noite;Decrescente;C�u Claro;Dupla;"Reta;Declive";Sim;3;0;1;1;1;0;2;2;-19,90938731;-44,04363061;SPRF-MG;DEL01-MG;UOP02-DEL01-MG;;;
708749;01/08/2025;sexta-feira;21:00:00;SC;282;533,7;CORDILHEIRA ALTA;Ultrapassagem Indevida;Colis�o frontal;Com V�timas Feridas;Plena Noite;Crescente;C�u Claro;Simples;Reta;N�o;2;0;0;1;1;0;1;2;-26,99697293;-52,63262677;SPRF-SC;DEL07-SC;UOP01-DEL07-SC;;;
708751;01/08/2025;sexta-feira;21:00:00;MS;163;490;CAMPO GRANDE;Ingest�o de �lcool pelo condutor;Colis�o transversal;Com V�timas Feridas;Pleno dia;Crescente;C�u Claro;Dupla;"Declive;Reta";N�o;2;0;1;0;1;0;1;2;-20,33625;-54,51721;SPRF-MS;DEL01-MS;UOP02-DEL01-MS;;;
708754;01/08/2025;sexta-feira;21:50:00;RJ;40;51,5;PETROPOLIS;Rea��o tardia ou ineficiente do condutor;Colis�o traseira;Com V�timas Feridas;Plena Noite;Decrescente;C�u Claro;Dupla;Reta;N�o;6;0;3;0;3;0;3;2;-22,28224;-43,1259648;SPRF-RJ;DEL05-RJ;UOP02-DEL05-RJ;;;
708755;01/08/2025;sexta-feira;14:50:00;PR;153;314;IMBITUVA;Acessar a via sem observar a presen�a dos outros ve�culos;Colis�o transversal;Com V�timas Fatais;Pleno dia;Decrescente;Sol;Simples;Reta;N�o;4;1;2;1;0;0;3;2;-25,25104717;-50,63319147;SPRF-PR;DEL08-PR;UOP02-DEL08-PR;;;
708756;01/08/2025;sexta-feira;21:50:00;DF;70;18;BRASILIA;Pedestre andava na pista;Atropelamento de Pedestre;Com V�timas Feridas;Plena Noite;Crescente;C�u Claro;Dupla;Reta;Sim;2;0;0;1;1;0;1;2;-15,789138;-48,216788;SPRF-DF;DEL03-DF;UOP02-DEL03-DF;;;
708757;01/08/2025;sexta-feira;20:30:00;RJ;356;21;ITAPERUNA;Aus�ncia de rea��o do condutor;Sa�da de leito carro��vel;Com V�timas Feridas;Plena Noite;Crescente;C�u Claro;Simples;Reta;N�o;1;0;1;0;0;0;1;1;-21,17769812;-42,01723035;SPRF-RJ;DEL08-RJ;UOP03-DEL08-RJ;;;
708759;01/08/2025;sexta-feira;19:50:00;SC;101;272;IMBITUBA;Demais falhas mec�nicas ou el�tricas;Queda de ocupante de ve�culo;Com V�timas Feridas;Plena Noite;Crescente;C�u Claro;M�ltipla;Reta;Sim;2;0;1;1;0;0;2;1;-28,126;-48,6953;SPRF-SC;DEL02-SC;UOP03-DEL02-SC;;;
708761;01/08/2025;sexta-feira;21:50:00;GO;153;518;HIDROLANDIA;Aus�ncia de sinaliza��o;Queda de ocupante de ve�culo;Com V�timas Feridas;Plena Noite;Decrescente;Vento;Dupla;Reta;N�o;6;0;1;0;5;0;1;4;-16,92037551;-49,25286265;SPRF-GO;DEL01-GO;UOP03-DEL01-GO;;;
708763;01/08/2025;sexta-feira;22:05:00;TO;153;140;ARAGUAINA;Rea��o tardia ou ineficiente do condutor;Colis�o traseira;Com V�timas Feridas;Plena Noite;Crescente;C�u Claro;Dupla;Reta;Sim;2;0;1;0;0;1;1;2;-7,164387;-48,207765;SPRF-TO;DEL02-TO;UOP01-DEL02-TO;;;
708764;01/08/2025;sexta-feira;18:30:00;MG;262;588,8;CAMPOS ALTOS;Aus�ncia de rea��o do condutor;Colis�o lateral sentido oposto;Com V�timas Feridas;Anoitecer;Crescente;C�u Claro;Simples;Reta;N�o;4;0;2;1;1;0;3;2;-19,65732577;-46,21377176;SPRF-MG;DEL08-MG;UOP02-DEL08-MG;;;
708765;01/08/2025;sexta-feira;22:00:00;PR;476;116;COLOMBO;Ingest�o de �lcool pelo condutor;Colis�o traseira;Com V�timas Feridas;Plena Noite;Crescente;C�u Claro;Dupla;Reta;Sim;2;0;1;0;1;0;1;2;-25,349565;-49,16748;SPRF-PR;DEL01-PR;UOP01-DEL01-PR;;;
708766;01/08/2025;sexta-feira;19:20:00;RO;364;704;PORTO VELHO;Demais falhas mec�nicas ou el�tricas;Queda de ocupante de ve�culo;Com V�timas Feridas;Plena Noite;Decrescente;C�u Claro;Dupla;Reta;N�o;1;0;1;0;0;0;1;1;-8,80057724;-63,81940238;SPRF-RO;DEL01-RO;UOP01-DEL01-RO;;;
708767;01/08/2025;sexta-feira;21:00:00;MT;364;363,8;SANTO ANTONIO DO LEVERGER;Demais falhas mec�nicas ou el�tricas;Inc�ndio;Sem V�timas;Plena Noite;Decrescente;C�u Claro;Dupla;Reta;N�o;1;0;0;0;1;0;0;1;-15,75159656;-55,65860939;SPRF-MT;DEL01-MT;UOP02-DEL01-MT;;;
708768;01/08/2025;sexta-feira;22:30:00;SP;116;157,8;SAO JOSE DOS CAMPOS;Objeto est�tico sobre o leito carro��vel;Colis�o com objeto;Com V�timas Feridas;Plena Noite;Crescente;C�u Claro;Dupla;"Viaduto;Em Obras;Reta";Sim;1;0;0;1;0;0;1;1;-23,25798032;-45,94773022;SPRF-SP;DEL02-SP;UOP01-DEL02-SP;;;
708769;01/08/2025;sexta-feira;22:45:00;RJ;101;305;SAO GONCALO;Animais na Pista;Colis�o com objeto;Com V�timas Feridas;Plena Noite;Crescente;C�u Claro;Dupla;Reta;Sim;1;0;0;1;0;0;1;1;-22,78710682;-42,99691507;SPRF-RJ;DEL02-RJ;UOP02-DEL02-RJ;;;
708770;01/08/2025;sexta-feira;19:00:00;SP;459;30,1;LORENA;Acessar a via sem observar a presen�a dos outros ve�culos;Colis�o transversal;Com V�timas Feridas;Plena Noite;Crescente;C�u Claro;Simples;"Reta;Viaduto";N�o;6;0;5;0;1;0;5;4;-22,72665194;-45,10258913;SPRF-SP;DEL08-SP;UOP02-DEL08-SP;;;
708771;01/08/2025;sexta-feira;22:00:00;GO;364;293,5;MINEIROS;Animais na Pista;Atropelamento de Animal;Com V�timas Feridas;Plena Noite;Decrescente;C�u Claro;Simples;Reta;N�o;2;0;1;0;1;0;1;1;-17,585357;-52,500285;SPRF-GO;DEL05-GO;UOP01-DEL05-GO;;;
708772;01/08/2025;sexta-feira;20:05:00;RO;364;710;PORTO VELHO;Acessar a via sem observar a presen�a dos outros ve�culos;Colis�o transversal;Com V�timas Feridas;Plena Noite;Crescente;Ignorado;Dupla;"Curva;Interse��o de Vias";Sim;3;0;2;0;1;0;2;2;-8,78469631;-63,85983467;SPRF-RO;DEL01-RO;UOP01-DEL01-RO;;;