id;data_inversa;dia_semana;horario;uf;br;km;municipio;causa_acidente;tipo_acidente;classificacao_acidente;fase_dia;sentido_via;condicao_metereologica;tipo_pista;tracado_via;uso_solo;pessoas;mortos;feridos_leves;feridos_graves;ilesos;ignorados;feridos;veiculos;latitude;longitude;regional;delegacia;uop;;;
708773;01/08/2025;sexta-feira;22:30:00;DF;80;25;BRASILIA;Aus�ncia de rea��o do condutor;Atropelamento de Animal;Com V�timas Feridas;Plena Noite;Crescente;C�u Claro;Simples;Reta;N�o;3;0;1;0;1;1;1;2;-15,62170007;-48,1987381;SPRF-DF;DEL03-DF;UOP02-DEL03-DF;;;
708774;01/08/2025;sexta-feira;20:25:00;PI;343;572,2;FLORIANO;Animais na Pista;Atropelamento de Animal;Sem V�timas;Plena Noite;Decrescente;C�u Claro;Simples;"Ponte;Reta";N�o;4;0;0;0;4;0;0;1;-6,752587;-42,924875;SPRF-PI;DEL03-PI;UOP01-DEL03-PI;;;
708775;01/08/2025;sexta-feira;22:45:00;RJ;40;110;DUQUE DE CAXIAS;Rea��o tardia ou ineficiente do condutor;Colis�o com objeto;Com V�timas Feridas;Plena Noite;Decrescente;C�u Claro;M�ltipla;Curva;Sim;1;0;1;0;0;0;1;1;-22,68380134;-43,28527092;SPRF-RJ;DEL01-RJ;UOP02-DEL01-RJ;;;
708778;01/08/2025;sexta-feira;23:00:00;SC;282;506,5;XANXERE;Condutor deixou de manter dist�ncia do ve�culo da frente;Colis�o traseira;Com V�timas Feridas;Plena Noite;Decrescente;C�u Claro;Dupla;Reta;Sim;2;0;0;2;0;0;2;2;-26,88565031;-52,43040411;SPRF-SC;DEL07-SC;UOP01-DEL07-SC;;;
708779;01/08/2025;sexta-feira;22:10:00;DF;0;0;BRASILIA;Rea��o tardia ou ineficiente do condutor;Colis�o traseira;Sem V�timas;Plena Noite;N�o Informado;C�u Claro;Dupla;Curva;Sim;4;0;0;0;4;0;0;2;-15,821835;-47,908182;SPRF-DF;DEL01-DF;UOP01-DEL01-DF;;;
708781;01/08/2025;sexta-feira;14:30:00;MG;116;414;GOVERNADOR VALADARES;Velocidade Incompat�vel;Colis�o traseira;Com V�timas Feridas;Pleno dia;Decrescente;C�u Claro;Simples;Reta;Sim;2;0;1;0;1;0;1;2;-18,9023978;-41,9493979;SPRF-MG;DEL06-MG;UOP01-DEL06-MG;;;
708782;01/08/2025;sexta-feira;16:30:00;MG;381;231,7;SANTANA DO PARAISO;Frear bruscamente;Colis�o lateral mesmo sentido;Com V�timas Feridas;Pleno dia;Crescente;C�u Claro;Simples;Reta;N�o;2;0;1;0;1;0;1;2;-19,45202521;-42,51811981;SPRF-MG;DEL06-MG;UOP01-DEL06-MG;;;
708783;02/08/2025;s�bado;00:00:00;SC;101;10,7;GARUVA;Rea��o tardia ou ineficiente do condutor;Queda de ocupante de ve�culo;Com V�timas Feridas;Plena Noite;Decrescente;Nublado;Simples;Reta;N�o;1;0;0;1;0;0;1;1;-26,06816959;-48,86031954;SPRF-SC;DEL03-SC;UOP01-DEL03-SC;;;
708784;01/08/2025;sexta-feira;23:55:00;SP;116;284,1;EMBU DAS ARTES;Transitar no Acostamento;Colis�o traseira;Com V�timas Feridas;Plena Noite;Crescente;C�u Claro;Dupla;Reta;Sim;2;0;0;1;0;1;1;2;-23,67746543;-46,85776262;SPRF-SP;DEL04-SP;UOP01-DEL04-SP;;;
708785;01/08/2025;sexta-feira;22:20:00;TO;153;146;ARAGUAINA;Manobra de mudan�a de faixa;Colis�o traseira;Com V�timas Feridas;Plena Noite;Decrescente;Ignorado;M�ltipla;Reta;Sim;1;0;1;0;0;0;1;1;-7,217762;-48,246012;SPRF-TO;DEL02-TO;UOP01-DEL02-TO;;;
708786;02/08/2025;s�bado;00:40:00;MG;381;504,6;BETIM;Ingest�o de subst�ncias psicoativas pelo condutor;Tombamento;Com V�timas Feridas;Plena Noite;Decrescente;C�u Claro;Dupla;"Aclive;Reta";Sim;1;0;1;0;0;0;1;1;-20,03314712;-44,24030042;SPRF-MG;DEL01-MG;UOP03-DEL01-MG;;;
708787;02/08/2025;s�bado;00:15:00;MG;267;120,4;JUIZ DE FORA;Rea��o tardia ou ineficiente do condutor;Tombamento;Com V�timas Feridas;Plena Noite;Decrescente;Nublado;Simples;Curva;Sim;1;0;0;1;0;0;1;1;-21,7043098;-43,46822631;SPRF-MG;DEL05-MG;UOP01-DEL05-MG;;;
708790;02/08/2025;s�bado;01:40:00;SC;101;96;BARRA VELHA;Aus�ncia de rea��o do condutor;Colis�o traseira;Com V�timas Feridas;Plena Noite;Crescente;Garoa/Chuvisco;M�ltipla;Reta;N�o;2;0;1;0;0;1;1;2;-26,72183266;-48,70165765;SPRF-SC;DEL03-SC;UOP02-DEL03-SC;;;
708792;01/08/2025;sexta-feira;22:50:00;PE;232;181,3;BELO JARDIM;Condutor Dormindo;Queda de ocupante de ve�culo;Com V�timas Feridas;Plena Noite;Decrescente;C�u Claro;Simples;Reta;Sim;1;0;0;1;0;0;1;1;-8,346868;-36,440975;SPRF-PE;DEL03-PE;UOP02-DEL03-PE;;;
708795;02/08/2025;s�bado;02:30:00;MG;365;611,9;UBERLANDIA;Condutor Dormindo;Colis�o com objeto;Com V�timas Feridas;Plena Noite;Crescente;C�u Claro;Simples;"Reta;Interse��o de Vias;Rotat�ria";Sim;1;0;0;1;0;0;1;1;-18,92447433;-48,199296;SPRF-MG;DEL15-MG;UOP01-DEL15-MG;;;
708796;02/08/2025;s�bado;01:00:00;MT;364;463,8;JANGADA;Transitar no Acostamento;Colis�o com objeto;Com V�timas Feridas;Plena Noite;Crescente;C�u Claro;Simples;Reta;N�o;1;0;0;1;0;0;1;1;-15,41234044;-56,3555063;SPRF-MT;DEL01-MT;UOP02-DEL01-MT;;;
708797;02/08/2025;s�bado;01:28:00;RJ;101;330;RIO DE JANEIRO;Condutor Dormindo;Colis�o lateral mesmo sentido;Com V�timas Feridas;Plena Noite;Crescente;C�u Claro;Dupla;Ponte;Sim;2;0;1;0;1;0;1;2;-22,86921599;-43,18519592;SPRF-RJ;DEL02-RJ;UOP01-DEL02-RJ;;;
708798;02/08/2025;s�bado;02:30:00;RN;101;103;PARNAMIRIM;Ingest�o de �lcool pelo condutor;Colis�o frontal;Sem V�timas;Plena Noite;Crescente;C�u Claro;Dupla;Curva;Sim;2;0;0;0;2;0;0;2;-5,89271;-35,25733;SPRF-RN;DEL01-RN;UOP01-DEL01-RN;;;
708799;02/08/2025;s�bado;03:50:00;SP;381;90;GUARULHOS;Velocidade Incompat�vel;Capotamento;Com V�timas Feridas;Plena Noite;Decrescente;C�u Claro;Dupla;Reta;N�o;1;0;1;0;0;0;1;1;-23,49509478;-46,55938117;SPRF-SP;DEL03-SP;UOP01-DEL03-SP;;;
708800;02/08/2025;s�bado;03:35:00;RJ;101;399;ITAGUAI;Ilumina��o deficiente;Atropelamento de Animal;Com V�timas Feridas;Plena Noite;Decrescente;C�u Claro;Simples;Reta;Sim;2;0;1;0;1;0;1;1;-22,85744502;-43,76132476;SPRF-RJ;DEL03-RJ;UOP01-DEL03-RJ;;;
708802;02/08/2025;s�bado;01:28:00;RO;364;503;ARIQUEMES;Rea��o tardia ou ineficiente do condutor;Sa�da de leito carro��vel;Com V�timas Feridas;Plena Noite;Crescente;C�u Claro;Simples;Reta;N�o;1;0;0;1;0;0;1;1;-10,01201158;-63,00064838;SPRF-RO;DEL03-RO;UOP01-DEL03-RO;;;
708803;02/08/2025;s�bado;04:00:00;SC;101;213,4;PALHOCA;Velocidade Incompat�vel;Colis�o com objeto;Com V�timas Fatais;Plena Noite;Decrescente;C�u Claro;M�ltipla;Reta;Sim;1;1;0;0;0;0;0;1;-27,640208;-48,667442;SPRF-SC;DEL01-SC;UOP02-DEL01-SC;;;
708804;02/08/2025;s�bado;04:36:00;SP;116;227;GUARULHOS;Entrada inopinada do pedestre;Atropelamento de Pedestre;Com V�timas Fatais;Plena Noite;Crescente;Nublado;M�ltipla;"Reta;Declive;Em Obras;Viaduto";N�o;2;1;0;0;1;0;0;2;-23,498409;-46,560044;SPRF-SP;DEL01-SP;UOP01-DEL01-SP;;;
708807;02/08/2025;s�bado;03:00:00;RJ;101;190,7;CASIMIRO DE ABREU;Rea��o tardia ou ineficiente do condutor;Colis�o com objeto;Com V�timas Feridas;Pleno dia;Decrescente;Ignorado;Simples;Curva;N�o;5;0;2;0;3;0;2;1;-22,46706872;-42,06209279;SPRF-RJ;DEL08-RJ;UOP04-DEL08-RJ;;;
708808;02/08/2025;s�bado;05:00:00;RS;392;88,3;PELOTAS;Velocidade Incompat�vel;Sa�da de leito carro��vel;Com V�timas Feridas;Plena Noite;Crescente;Nublado;Simples;"Curva;Aclive";N�o;1;0;1;0;0;0;1;1;-31,61739;-52,5086929;SPRF-RS;DEL07-RS;UOP01-DEL07-RS;;;
708809;02/08/2025;s�bado;02:20:00;SC;101;180,4;BIGUACU;Acessar a via sem observar a presen�a dos outros ve�culos;Atropelamento de Pedestre;Com V�timas Fatais;Plena Noite;Crescente;Nublado;M�ltipla;"Aclive;Reta";Sim;2;1;0;0;0;1;0;2;-27,384999;-48,631569;SPRF-SC;DEL01-SC;UOP01-DEL01-SC;;;
708810;02/08/2025;s�bado;05:19:00;CE;116;13;FORTALEZA;Aus�ncia de rea��o do condutor;Colis�o com objeto;Com V�timas Feridas;Amanhecer;Crescente;C�u Claro;M�ltipla;Reta;Sim;1;0;0;1;0;0;1;1;-3,866577;-38,497651;SPRF-CE;DEL01-CE;UOP02-DEL01-CE;;;
708813;02/08/2025;s�bado;05:28:00;ES;262;47,6;MARECHAL FLORIANO;Entrada inopinada do pedestre;Atropelamento de Pedestre;Com V�timas Fatais;Plena Noite;Crescente;Nublado;Simples;Reta;N�o;2;1;0;0;1;0;0;2;-20,41179942;-40,68244195;SPRF-ES;DEL01-ES;UOP01-DEL01-ES;;;
708814;02/08/2025;s�bado;02:00:00;PE;110;255;JATOBA;Ultrapassagem Indevida;Colis�o frontal;Com V�timas Feridas;Plena Noite;Decrescente;C�u Claro;Simples;"Reta;Aclive";N�o;2;0;0;1;1;0;1;2;-9,27644808;-38,21763039;SPRF-BA;DEL07-BA;UOP01-DEL07-BA;;;
708815;02/08/2025;s�bado;03:35:00;PI;316;311,5;PICOS;Aus�ncia de rea��o do condutor;Colis�o com objeto;Sem V�timas;Plena Noite;Crescente;C�u Claro;Dupla;Curva;N�o;1;0;0;0;1;0;0;1;-7,081431;-41,4557229;SPRF-PI;DEL04-PI;UOP01-DEL04-PI;;;
708817;01/08/2025;sexta-feira;23:20:00;PR;376;213,4;MANDAGUARI;Ingest�o de �lcool pelo condutor;Sa�da de leito carro��vel;Sem V�timas;Plena Noite;Decrescente;C�u Claro;Dupla;"Declive;Curva";N�o;1;0;0;0;1;0;0;1;-23,56714049;-51,65473072;SPRF-PR;DEL09-PR;UOP01-DEL09-PR;;;
708818;02/08/2025;s�bado;05:00:00;GO;60;129;GOIANAPOLIS;Condutor Dormindo;Sa�da de leito carro��vel;Com V�timas Feridas;Pleno dia;Crescente;Ignorado;Dupla;Reta;N�o;1;0;1;0;0;0;1;1;-16,55565849;-49,1528439;SPRF-GO;DEL01-GO;UOP01-DEL01-GO;;;
708819;02/08/2025;s�bado;05:18:00;RN;406;148,1;CEARA-MIRIM;Animais na Pista;Atropelamento de Animal;Sem V�timas;Amanhecer;Decrescente;Vento;Simples;Reta;Sim;1;0;0;0;0;1;0;1;-5,64752522;-35,44906268;SPRF-RN;DEL02-RN;UOP01-DEL02-RN;;;
708820;02/08/2025;s�bado;04:52:00;PR;277;720;FOZ DO IGUACU;Ingest�o de �lcool pelo condutor;Colis�o transversal;Com V�timas Feridas;Amanhecer;Crescente;C�u Claro;Dupla;"Reta;Retorno Regulamentado";N�o;3;0;2;1;0;0;3;2;-25,50402403;-54,54093933;SPRF-PR;DEL05-PR;UOP03-DEL05-PR;;;
708821;02/08/2025;s�bado;02:45:00;MA;316;555;CAXIAS;Aus�ncia de rea��o do condutor;Sa�da de leito carro��vel;Com V�timas Feridas;Plena Noite;Crescente;C�u Claro;Simples;Curva;Sim;1;0;0;1;0;0;1;1;-4,870645;-43,323805;SPRF-MA;DEL03-MA;UOP02-DEL03-MA;;;
708824;01/08/2025;sexta-feira;22:15:00;SP;116;119;CACAPAVA;Rea��o tardia ou ineficiente do condutor;Engavetamento;Com V�timas Feridas;Plena Noite;Crescente;C�u Claro;Dupla;Reta;N�o;20;0;9;0;11;0;9;3;-23,068739;-45,639109;SPRF-SP;DEL02-SP;UOP02-DEL02-SP;;;
708825;02/08/2025;s�bado;05:37:00;MG;381;478;CONTAGEM;Pedestre cruzava a pista fora da faixa;Atropelamento de Pedestre;Com V�timas Feridas;Pleno dia;Decrescente;C�u Claro;M�ltipla;Reta;Sim;2;0;0;1;1;0;1;2;-19,9606562;-44,05259508;SPRF-MG;DEL01-MG;UOP03-DEL01-MG;;;
708826;02/08/2025;s�bado;06:45:00;MG;365;625,6;UBERLANDIA;Pista Escorregadia;Tombamento;Com V�timas Feridas;Pleno dia;Decrescente;C�u Claro;Simples;Rotat�ria;Sim;2;0;2;0;0;0;2;1;-18,91065;-48,3035;SPRF-MG;DEL15-MG;UOP01-DEL15-MG;;;
708827;02/08/2025;s�bado;05:00:00;SC;480;132;CHAPECO;Ingest�o de �lcool pelo condutor;Colis�o frontal;Com V�timas Fatais;Plena Noite;Crescente;C�u Claro;M�ltipla;"Aclive;Viaduto;Reta";Sim;2;1;0;0;0;1;0;2;-27,062893;-52,63279;SPRF-SC;DEL07-SC;UOP01-DEL07-SC;;;
708828;02/08/2025;s�bado;06:30:00;MG;40;530,9;CONTAGEM;Condutor deixou de manter dist�ncia do ve�culo da frente;Colis�o traseira;Com V�timas Feridas;Amanhecer;Decrescente;C�u Claro;Dupla;"Aclive;Curva";Sim;3;0;1;1;1;0;2;2;-19,91966833;-44,02536273;SPRF-MG;DEL01-MG;UOP02-DEL01-MG;;;
708830;02/08/2025;s�bado;06:50:00;GO;60;203;ABADIA DE GOIAS;Manobra de mudan�a de faixa;Sa�da de leito carro��vel;Sem V�timas;Pleno dia;Decrescente;C�u Claro;Dupla;Reta;N�o;1;0;0;0;1;0;0;1;-16,76312519;-49,46491241;SPRF-GO;DEL01-GO;UOP02-DEL01-GO;;;
708833;02/08/2025;s�bado;07:50:00;SP;116;111;TAUBATE;Aus�ncia de rea��o do condutor;Queda de ocupante de ve�culo;Com V�timas Feridas;Pleno dia;Decrescente;C�u Claro;Dupla;Reta;Sim;1;0;1;0;0;0;1;1;-23,04038378;-45,56607485;SPRF-SP;DEL02-SP;UOP02-DEL02-SP;;;
708837;02/08/2025;s�bado;00:20:00;MA;316;360;BACABAL;Velocidade Incompat�vel;Colis�o traseira;Com V�timas Fatais;Plena Noite;Crescente;C�u Claro;Simples;Reta;Sim;2;1;0;0;0;1;0;2;-4,22418773;-44,7933197;SPRF-MA;DEL02-MA;UOP01-DEL02-MA;;;
708839;02/08/2025;s�bado;08:50:00;RJ;493;54;DUQUE DE CAXIAS;Rea��o tardia ou ineficiente do condutor;Queda de ocupante de ve�culo;Com V�timas Feridas;Pleno dia;Decrescente;C�u Claro;Dupla;"Curva;Interse��o de Vias";N�o;2;0;2;0;0;0;2;1;-22,66016845;-43,35447346;SPRF-RJ;DEL01-RJ;UOP03-DEL01-RJ;;;
708840;02/08/2025;s�bado;07:15:00;RJ;40;123;DUQUE DE CAXIAS;Rea��o tardia ou ineficiente do condutor;Tombamento;Com V�timas Feridas;Pleno dia;Crescente;C�u Claro;M�ltipla;Reta;Sim;1;0;0;1;0;0;1;1;-22,80419823;-43,2898823;SPRF-RJ;DEL01-RJ;UOP02-DEL01-RJ;;;
708843;02/08/2025;s�bado;09:40:00;MG;116;604,4;SAO JOAO DO MANHUACU;Convers�o proibida;Colis�o transversal;Com V�timas Feridas;Pleno dia;Crescente;C�u Claro;Simples;Interse��o de Vias;Sim;2;0;1;0;1;0;1;2;-20,394;-42,148;SPRF-MG;DEL06-MG;UOP03-DEL06-MG;;;
708844;02/08/2025;s�bado;09:00:00;DF;20;10;BRASILIA;Sinaliza��o mal posicionada;Colis�o traseira;Com V�timas Feridas;Pleno dia;Crescente;C�u Claro;Dupla;Em Obras;Sim;2;0;1;0;1;0;1;2;-15,648608;-47,771831;SPRF-DF;DEL02-DF;UOP01-DEL02-DF;;;
708846;02/08/2025;s�bado;09:50:00;PR;369;138,4;IBIPORA;Rea��o tardia ou ineficiente do condutor;Colis�o lateral mesmo sentido;Com V�timas Feridas;Pleno dia;Crescente;C�u Claro;Simples;Reta;N�o;3;0;2;0;1;0;2;2;-23,27367708;-51,05478644;SPRF-PR;DEL07-PR;UOP01-DEL07-PR;;;
708847;05/07/2025;s�bado;14:10:00;MG;262;386;MATEUS LEME;Velocidade Incompat�vel;Sa�da de leito carro��vel;Com V�timas Feridas;Pleno dia;Decrescente;C�u Claro;Dupla;Reta;N�o;4;0;3;1;0;0;4;1;-19,9192673;-44,4795292;SPRF-MG;DEL01-MG;UOP03-DEL01-MG;;;
708849;02/08/2025;s�bado;09:15:00;RJ;116;182;NOVA IGUACU;Condutor deixou de manter dist�ncia do ve�culo da frente;Colis�o traseira;Com V�timas Feridas;Pleno dia;Crescente;Sol;Dupla;Reta;Sim;3;0;1;0;2;0;1;3;-22,75741911;-43,43010155;SPRF-RJ;DEL06-RJ;UOP01-DEL06-RJ;;;
708850;02/08/2025;s�bado;09:25:00;MG;116;524,9;CARATINGA;Ultrapassagem Indevida;Colis�o traseira;Com V�timas Feridas;Pleno dia;Crescente;Sol;Simples;Curva;Sim;2;0;1;0;1;0;1;2;-19,76997484;-42,13210702;SPRF-MG;DEL06-MG;UOP02-DEL06-MG;;;
708851;02/08/2025;s�bado;08:50:00;MT;163;773;SORRISO;Ultrapassagem Indevida;Colis�o frontal;Com V�timas Feridas;Pleno dia;Crescente;C�u Claro;Simples;"Reta;Em Obras";N�o;6;0;2;0;4;0;2;2;-12,394819;-55,619238;SPRF-MT;DEL06-MT;UOP01-DEL06-MT;;;
708853;02/08/2025;s�bado;08:58:00;ES;101;148,1;LINHARES;Ingest�o de �lcool pelo condutor;Colis�o com objeto;Com V�timas Feridas;Pleno dia;Crescente;C�u Claro;Dupla;Reta;Sim;1;0;0;1;0;0;1;1;-19,38903866;-40,06754892;SPRF-ES;DEL04-ES;UOP01-DEL04-ES;;;
708860;02/08/2025;s�bado;11:25:00;SP;153;64,6;SAO JOSE DO RIO PRETO;Aus�ncia de rea��o do condutor;Colis�o traseira;Com V�timas Feridas;Pleno dia;Decrescente;C�u Claro;Dupla;Aclive;Sim;2;0;1;0;1;0;1;2;-20,833492;-49,363738;SPRF-SP;DEL09-SP;UOP01-DEL09-SP;;;
708861;02/08/2025;s�bado;11:15:00;SP;116;20,8;LAVRINHAS;Rea��o tardia ou ineficiente do condutor;Colis�o com objeto;Com V�timas Feridas;Pleno dia;Crescente;C�u Claro;Dupla;Reta;N�o;3;0;2;0;1;0;2;2;-22,57569702;-44,86915112;SPRF-SP;DEL08-SP;UOP02-DEL08-SP;;;
708862;02/08/2025;s�bado;11:00:00;GO;60;45,9;ALEXANIA;Manobra de mudan�a de faixa;Colis�o lateral mesmo sentido;Com V�timas Feridas;Pleno dia;Decrescente;C�u Claro;Dupla;"Aclive;Curva";N�o;2;0;1;0;1;0;1;2;-16,14208221;-48,59895654;SPRF-GO;DEL02-GO;UOP01-DEL02-GO;;;
708864;02/08/2025;s�bado;10:50:00;SP;116;64;GUARATINGUETA;Manobra de mudan�a de faixa;Colis�o lateral mesmo sentido;Com V�timas Feridas;Pleno dia;Crescente;C�u Claro;Dupla;Reta;N�o;3;0;2;0;1;0;2;2;-22,82064;-45,187962;SPRF-SP;DEL08-SP;UOP01-DEL08-SP;;;
708865;02/08/2025;s�bado;11:00:00;PE;408;50;TRACUNHAEM;Acessar a via sem observar a presen�a dos outros ve�culos;Colis�o transversal;Com V�timas Feridas;Pleno dia;Crescente;C�u Claro;Simples;Reta;N�o;5;0;1;0;4;0;1;2;-7,79731;-35,2445;SPRF-PE;DEL01-PE;UOP01-DEL01-PE;;;
708868;05/07/2025;s�bado;22:15:00;RJ;116;141;DUQUE DE CAXIAS;Ingest�o de �lcool pelo condutor;Colis�o traseira;Com V�timas Fatais;Plena Noite;Crescente;C�u Claro;Dupla;Reta;Sim;2;1;0;0;1;0;0;2;-22,647166;-43,2231286;SPRF-RJ;DEL01-RJ;UOP02-DEL01-RJ;;;
708869;02/08/2025;s�bado;10:45:00;MG;116;605;SAO JOAO DO MANHUACU;Condutor deixou de manter dist�ncia do ve�culo da frente;Colis�o traseira;Com V�timas Feridas;Pleno dia;Decrescente;C�u Claro;Simples;Reta;Sim;2;0;0;1;1;0;1;2;-20,37387736;-42,14761735;SPRF-MG;DEL06-MG;UOP03-DEL06-MG;;;
708870;02/08/2025;s�bado;12:10:00;GO;40;3;VALPARAISO DE GOIAS;Entrada inopinada do pedestre;Atropelamento de Pedestre;Com V�timas Feridas;Pleno dia;Decrescente;C�u Claro;Dupla;"Reta;Aclive";Sim;3;0;1;1;1;0;2;3;-16,08427388;-47,98662398;SPRF-DF;DEL01-DF;UOP01-DEL01-DF;;;
708871;02/08/2025;s�bado;12:30:00;PR;277;83;CURITIBA;Condutor deixou de manter dist�ncia do ve�culo da frente;Colis�o traseira;Com V�timas Feridas;Pleno dia;Crescente;Sol;Dupla;Reta;Sim;2;0;1;0;1;0;1;2;-25,45032746;-49,22834158;SPRF-PR;DEL01-PR;UOP03-DEL01-PR;;;
708873;02/08/2025;s�bado;13:00:00;SP;116;228;SAO PAULO;Aus�ncia de rea��o do condutor;Colis�o lateral mesmo sentido;Com V�timas Feridas;Pleno dia;Decrescente;Nublado;M�ltipla;Reta;Sim;2;0;1;0;0;1;1;2;-23,503212;-46,56695573;SPRF-SP;DEL01-SP;UOP01-DEL01-SP;;;
708876;02/08/2025;s�bado;13:40:00;SP;153;49,5;SAO JOSE DO RIO PRETO;Acumulo de �leo sobre o pavimento;Tombamento;Com V�timas Feridas;Pleno dia;Decrescente;C�u Claro;Simples;Reta;Sim;2;0;1;0;1;0;1;1;-20,704815;-49,339235;SPRF-SP;DEL09-SP;UOP01-DEL09-SP;;;
708877;02/08/2025;s�bado;07:00:00;ES;259;44;COLATINA;Rea��o tardia ou ineficiente do condutor;Colis�o com objeto;Sem V�timas;Pleno dia;Crescente;Sol;Dupla;Interse��o de Vias;N�o;1;0;0;0;1;0;0;1;-19,53099513;-40,58246613;SPRF-ES;DEL02-ES;UOP01-DEL02-ES;;;
708878;02/08/2025;s�bado;12:00:00;SC;101;357;SANGAO;Velocidade Incompat�vel;Sa�da de leito carro��vel;Com V�timas Feridas;Pleno dia;Crescente;C�u Claro;M�ltipla;"Retorno Regulamentado;Rotat�ria";N�o;1;0;1;0;0;0;1;1;-28,64178467;-49,10028458;SPRF-SC;DEL02-SC;UOP01-DEL02-SC;;;
708879;02/08/2025;s�bado;12:30:00;RN;406;91;JOAO CAMARA;Convers�o proibida;Colis�o transversal;Com V�timas Feridas;Pleno dia;Crescente;C�u Claro;Simples;Reta;N�o;3;0;2;1;0;0;3;2;-5,48731;-35,902444;SPRF-RN;DEL02-RN;UOP01-DEL02-RN;;;
708880;02/08/2025;s�bado;14:10:00;RS;116;262;CANOAS;Rea��o tardia ou ineficiente do condutor;Colis�o traseira;Sem V�timas;Pleno dia;Crescente;C�u Claro;Dupla;Reta;Sim;2;0;0;0;2;0;0;2;-29,88445502;-51,18040888;SPRF-RS;DEL01-RS;UOP01-DEL01-RS;;;
708881;02/08/2025;s�bado;12:40:00;MG;116;244,5;TEOFILO OTONI;Condutor deixou de manter dist�ncia do ve�culo da frente;Colis�o traseira;Com V�timas Feridas;Pleno dia;Decrescente;Nublado;Simples;Curva;Sim;2;0;0;1;0;1;1;2;-17,87183282;-41,51960159;SPRF-MG;DEL11-MG;UOP01-DEL11-MG;;;
708882;02/08/2025;s�bado;13:30:00;SP;116;220;GUARULHOS;Aus�ncia de rea��o do condutor;Colis�o lateral mesmo sentido;Sem V�timas;Pleno dia;Decrescente;C�u Claro;M�ltipla;Reta;Sim;2;0;0;0;2;0;0;2;-23,46317897;-46,49345398;SPRF-SP;DEL01-SP;UOP01-DEL01-SP;;;
708883;02/08/2025;s�bado;14:20:00;SC;101;199,3;SAO JOSE;Acessar a via sem observar a presen�a dos outros ve�culos;Colis�o transversal;Com V�timas Feridas;Pleno dia;Crescente;C�u Claro;Dupla;"Reta;Interse��o de Vias";Sim;2;0;0;1;1;0;1;2;-27,53592;-48,62807;SPRF-SC;DEL01-SC;UOP01-DEL01-SC;;;
708884;02/08/2025;s�bado;14:20:00;PE;101;78;RECIFE;Rea��o tardia ou ineficiente do condutor;Colis�o traseira;Com V�timas Feridas;Pleno dia;Decrescente;C�u Claro;Dupla;Reta;Sim;3;0;2;0;1;0;2;3;-8,13685;-34,94738;SPRF-PE;DEL01-PE;UOP01-DEL01-PE;;;
708886;02/08/2025;s�bado;08:50:00;MG;251;500,3;MONTES CLAROS;Pista Escorregadia;Sa�da de leito carro��vel;Com V�timas Feridas;Pleno dia;Crescente;C�u Claro;Simples;"Declive;Reta";N�o;3;0;1;1;1;0;2;1;-16,6537055;-43,7179377;SPRF-MG;DEL12-MG;UOP01-DEL12-MG;;;
708888;02/08/2025;s�bado;14:30:00;SP;116;111;TAUBATE;Aus�ncia de rea��o do condutor;Queda de ocupante de ve�culo;Com V�timas Feridas;Pleno dia;Crescente;C�u Claro;Dupla;Reta;N�o;1;0;1;0;0;0;1;1;-23,03541839;-45,55438697;SPRF-SP;DEL02-SP;UOP02-DEL02-SP;;;
708889;02/08/2025;s�bado;14:10:00;PE;101;138;RIBEIRAO;Aus�ncia de rea��o do condutor;Tombamento;Com V�timas Feridas;Pleno dia;Decrescente;Nublado;Dupla;Reta;N�o;1;0;1;0;0;0;1;1;-8,42418;-35,31936;SPRF-PE;DEL01-PE;UOP03-DEL01-PE;;;
708890;02/08/2025;s�bado;14:30:00;GO;50;98,6;CRISTALINA;Aus�ncia de rea��o do condutor;Colis�o com objeto;Com V�timas Feridas;Pleno dia;Decrescente;C�u Claro;Simples;Viaduto;Sim;2;0;1;0;1;0;1;1;-16,773143;-47,621312;SPRF-DF;DEL01-DF;UOP02-DEL01-DF;;;
708891;02/08/2025;s�bado;15:00:00;CE;116;57;PACAJUS;Ultrapassagem Indevida;Colis�o frontal;Com V�timas Feridas;Pleno dia;Crescente;C�u Claro;Simples;"Declive;Reta";N�o;2;0;1;0;1;0;1;2;-4,23116;-38,47886;SPRF-CE;DEL01-CE;UOP04-DEL01-CE;;;
708892;02/08/2025;s�bado;10:40:00;RO;364;384;OURO PRETO DO OESTE;Rea��o tardia ou ineficiente do condutor;Colis�o traseira;Sem V�timas;Pleno dia;Crescente;Sol;Simples;Declive;Sim;2;0;0;0;2;0;0;2;-10,71394997;-62,25181711;SPRF-RO;DEL02-RO;UOP01-DEL02-RO;;;
708893;02/08/2025;s�bado;15:00:00;PR;163;253;TOLEDO;Ingest�o de �lcool pelo condutor;Sa�da de leito carro��vel;Sem V�timas;Pleno dia;Decrescente;C�u Claro;M�ltipla;Reta;N�o;1;0;0;0;1;0;0;1;-24,670742;-53,803401;SPRF-PR;DEL06-PR;UOP02-DEL06-PR;;;
708894;02/08/2025;s�bado;15:50:00;SP;116;331,5;JUQUITIBA;Avarias e/ou desgaste excessivo no pneu;Queda de ocupante de ve�culo;Com V�timas Feridas;Pleno dia;Crescente;C�u Claro;Dupla;Reta;N�o;2;0;2;0;0;0;2;1;-23,954417;-47,1065308;SPRF-SP;DEL04-SP;UOP03-DEL04-SP;;;
708895;02/08/2025;s�bado;14:40:00;BA;324;586;CANDEIAS;Demais falhas mec�nicas ou el�tricas;Sa�da de leito carro��vel;Com V�timas Feridas;Pleno dia;Crescente;C�u Claro;Dupla;Reta;N�o;3;0;2;0;1;0;2;1;-12,643495;-38,476095;SPRF-BA;DEL01-BA;UOP01-DEL01-BA;;;