id;data_inversa;dia_semana;horario;uf;br;km;municipio;causa_acidente;tipo_acidente;classificacao_acidente;fase_dia;sentido_via;condicao_metereologica;tipo_pista;tracado_via;uso_solo;pessoas;mortos;feridos_leves;feridos_graves;ilesos;ignorados;feridos;veiculos;latitude;longitude;regional;delegacia;uop;;;
708896;02/08/2025;s�bado;15:07:00;SC;282;136,4;BOM RETIRO;Convers�o proibida;Colis�o transversal;Com V�timas Feridas;Pleno dia;Decrescente;C�u Claro;Simples;Reta;Sim;9;0;1;1;7;0;2;4;-27,82020459;-49,5620513;SPRF-SC;DEL05-SC;UOP01-DEL05-SC;;;
708897;02/08/2025;s�bado;14:57:00;MG;381;490,7;BETIM;Manobra de mudan�a de faixa;Colis�o lateral mesmo sentido;Sem V�timas;Pleno dia;Decrescente;Sol;M�ltipla;Reta;Sim;2;0;0;0;1;1;0;2;-19,961621;-44,161158;SPRF-MG;DEL01-MG;UOP03-DEL01-MG;;;
708898;02/08/2025;s�bado;14:05:00;MS;376;4,3;DOURADOS;Acessar a via sem observar a presen�a dos outros ve�culos;Colis�o transversal;Com V�timas Feridas;Pleno dia;Decrescente;C�u Claro;Simples;Interse��o de Vias;N�o;4;0;1;1;2;0;2;2;-22,22500598;-54,66593242;SPRF-MS;DEL04-MS;UOP01-DEL04-MS;;;
708899;02/08/2025;s�bado;14:09:00;PR;116;16;COLOMBO;Condutor deixou de manter dist�ncia do ve�culo da frente;Engavetamento;Com V�timas Feridas;Pleno dia;Decrescente;C�u Claro;Dupla;Reta;N�o;4;0;0;2;2;0;2;4;-25,3880067;-49,1807041;SPRF-PR;DEL01-PR;UOP02-DEL01-PR;;;
708900;29/06/2025;domingo;20:30:00;RJ;101;53;CAMPOS DOS GOYTACAZES;Demais falhas mec�nicas ou el�tricas;Tombamento;Com V�timas Feridas;Pleno dia;Crescente;C�u Claro;Simples;Reta;Sim;2;0;2;0;0;0;2;1;-21,6608125;-41,3113714;SPRF-RJ;DEL08-RJ;UOP01-DEL08-RJ;;;
708901;02/08/2025;s�bado;16:05:00;RN;304;41;MOSSORO;Rea��o tardia ou ineficiente do condutor;Colis�o traseira;Com V�timas Feridas;Pleno dia;Crescente;C�u Claro;Dupla;Reta;N�o;2;0;0;1;1;0;1;2;-5,20471386;-37,37625754;SPRF-RN;DEL04-RN;UOP01-DEL04-RN;;;
708902;02/08/2025;s�bado;15:30:00;PR;369;20;CAMBARA;Acessar a via sem observar a presen�a dos outros ve�culos;Colis�o transversal;Com V�timas Feridas;Pleno dia;Crescente;C�u Claro;Dupla;Interse��o de Vias;Sim;4;0;3;0;0;1;3;2;-23,03712566;-50,08167028;SPRF-PR;DEL07-PR;UOP05-DEL07-PR;;;
708903;02/08/2025;s�bado;16:27:00;SC;101;434,6;SOMBRIO;Desrespeitar a prefer�ncia no cruzamento;Colis�o transversal;Com V�timas Feridas;Pleno dia;Decrescente;C�u Claro;Simples;Interse��o de Vias;Sim;2;0;0;1;1;0;1;2;-29,10363298;-49,63569403;SPRF-SC;DEL02-SC;UOP02-DEL02-SC;;;
708905;02/08/2025;s�bado;16:00:00;PI;343;345,3;TERESINA;Ingest�o de �lcool pelo condutor;Colis�o traseira;Sem V�timas;Pleno dia;Decrescente;C�u Claro;Simples;Curva;Sim;2;0;0;0;2;0;0;2;-5,106403;-42,767778;SPRF-PI;DEL01-PI;UOP01-DEL01-PI;;;
708906;02/08/2025;s�bado;16:30:00;MG;381;482,8;BETIM;Rea��o tardia ou ineficiente do condutor;Engavetamento;Com V�timas Feridas;Pleno dia;Crescente;C�u Claro;Dupla;"Declive;Reta";Sim;6;0;1;0;4;1;1;4;-19,9578332;-44,0773203;SPRF-MG;DEL01-MG;UOP03-DEL01-MG;;;
708907;02/08/2025;s�bado;15:00:00;GO;60;382;RIO VERDE;Rea��o tardia ou ineficiente do condutor;Colis�o com objeto;Com V�timas Feridas;Pleno dia;Crescente;C�u Claro;Dupla;Reta;N�o;4;0;1;0;3;0;1;1;-17,795508;-50,913158;SPRF-GO;DEL04-GO;UOP02-DEL04-GO;;;
708908;02/08/2025;s�bado;15:30:00;RS;386;261,5;FONTOURA XAVIER;Ultrapassagem Indevida;Colis�o lateral sentido oposto;Com V�timas Feridas;Pleno dia;Decrescente;C�u Claro;Simples;"Em Obras;Declive";N�o;3;0;1;0;2;0;1;2;-28,902822;-52,400292;SPRF-RS;DEL04-RS;UOP03-DEL04-RS;;;
708910;02/08/2025;s�bado;17:20:00;SC;101;12,5;GARUVA;Manobra de mudan�a de faixa;Colis�o lateral sentido oposto;Com V�timas Feridas;Pleno dia;Crescente;Nublado;Dupla;"Aclive;Reta";N�o;3;0;1;0;2;0;1;2;-26,085715;-48,862188;SPRF-SC;DEL03-SC;UOP01-DEL03-SC;;;
708911;02/08/2025;s�bado;16:50:00;CE;20;391;CAUCAIA;Acessar a via sem observar a presen�a dos outros ve�culos;Colis�o transversal;Com V�timas Feridas;Anoitecer;Decrescente;C�u Claro;Simples;Reta;N�o;2;0;0;1;1;0;1;2;-3,85441717;-38,78589034;SPRF-CE;DEL01-CE;UOP01-DEL01-CE;;;
708913;02/08/2025;s�bado;13:00:00;RJ;493;1;ITABORAI;Acesso irregular;Colis�o lateral sentido oposto;Com V�timas Feridas;Pleno dia;Crescente;C�u Claro;Simples;"Reta;Aclive";Sim;2;0;1;0;0;1;1;2;-22,77363469;-42,86827767;SPRF-RJ;DEL02-RJ;UOP02-DEL02-RJ;;;
708914;02/08/2025;s�bado;17:35:00;BA;110;188;RIBEIRA DO AMPARO;Acessar a via sem observar a presen�a dos outros ve�culos;Colis�o transversal;Com V�timas Feridas;Anoitecer;Decrescente;Nublado;Simples;"Reta;Interse��o de Vias";N�o;6;0;4;0;2;0;4;2;-10,961829;-38,520957;SPRF-BA;DEL07-BA;UOP02-DEL07-BA;;;
708915;02/08/2025;s�bado;16:46:00;RS;290;694;URUGUAIANA;Demais falhas mec�nicas ou el�tricas;Inc�ndio;Sem V�timas;Pleno dia;Decrescente;C�u Claro;Simples;Reta;N�o;2;0;0;0;2;0;0;1;-29,873087;-56,828677;SPRF-RS;DEL13-RS;UOP01-DEL13-RS;;;
708917;02/08/2025;s�bado;17:30:00;MG;381;482;BETIM;Condutor deixou de manter dist�ncia do ve�culo da frente;Colis�o traseira;Com V�timas Feridas;Anoitecer;Crescente;C�u Claro;M�ltipla;Reta;Sim;2;0;0;1;1;0;1;2;-19,9589287;-44,07114029;SPRF-MG;DEL01-MG;UOP03-DEL01-MG;;;
708918;02/08/2025;s�bado;17:45:00;RJ;101;61,6;CAMPOS DOS GOYTACAZES;Acessar a via sem observar a presen�a dos outros ve�culos;Colis�o transversal;Com V�timas Feridas;Anoitecer;Crescente;C�u Claro;Simples;"Reta;Interse��o de Vias";Sim;4;0;2;0;2;0;2;2;-21,732096;-41,323866;SPRF-RJ;DEL08-RJ;UOP01-DEL08-RJ;;;
708919;02/08/2025;s�bado;17:30:00;RJ;493;19;MAGE;Convers�o proibida;Colis�o transversal;Com V�timas Feridas;Anoitecer;Decrescente;C�u Claro;Simples;Reta;Sim;2;0;1;0;1;0;1;2;-22,663638;-43,036396;SPRF-RJ;DEL04-RJ;UOP02-DEL04-RJ;;;
708920;02/08/2025;s�bado;18:20:00;MG;381;333;BELA VISTA DE MINAS;Aus�ncia de rea��o do condutor;Colis�o transversal;Com V�timas Feridas;Plena Noite;Crescente;C�u Claro;M�ltipla;"Curva;Aclive;Interse��o de Vias";Sim;3;0;0;2;1;0;2;2;-19,818486;-43,067473;SPRF-MG;DEL03-MG;UOP01-DEL03-MG;;;
708921;02/08/2025;s�bado;15:35:00;PB;412;74;SERRA BRANCA;Acesso irregular;Colis�o frontal;Com V�timas Feridas;Pleno dia;Crescente;Sol;Simples;Reta;N�o;3;0;2;0;1;0;2;2;-7,489085;-36,650553;SPRF-PB;DEL02-PB;UOP02-DEL02-PB;;;
708922;02/08/2025;s�bado;18:15:00;SP;116;147,7;SAO JOSE DOS CAMPOS;Rea��o tardia ou ineficiente do condutor;Colis�o traseira;Sem V�timas;Anoitecer;Decrescente;C�u Claro;Dupla;Reta;Sim;2;0;0;0;2;0;0;2;-23,19782766;-45,87561177;SPRF-SP;DEL02-SP;UOP01-DEL02-SP;;;
708923;02/08/2025;s�bado;18:13:00;RJ;101;552;PARATY;Pedestre andava na pista;Atropelamento de Pedestre;Com V�timas Fatais;Plena Noite;Crescente;C�u Claro;Simples;Reta;N�o;2;1;0;0;0;1;0;2;-23,05582178;-44,67841777;SPRF-RJ;DEL03-RJ;UOP04-DEL03-RJ;;;
708925;30/07/2025;quarta-feira;07:15:00;RJ;116;145;DUQUE DE CAXIAS;Rea��o tardia ou ineficiente do condutor;Colis�o lateral mesmo sentido;Com V�timas Feridas;Pleno dia;Crescente;C�u Claro;Dupla;Reta;Sim;2;0;1;0;1;0;1;2;-22,65272069;-43,23964519;SPRF-RJ;DEL01-RJ;UOP02-DEL01-RJ;;;
708926;02/08/2025;s�bado;18:30:00;SP;116;227;SAO PAULO;Sinaliza��o mal posicionada;Colis�o com objeto;Com V�timas Feridas;Plena Noite;Crescente;C�u Claro;M�ltipla;"Reta;Em Obras;Declive";Sim;1;0;1;0;0;0;1;1;-23,50139182;-46,56440226;SPRF-SP;DEL01-SP;UOP01-DEL01-SP;;;
708927;02/08/2025;s�bado;17:55:00;RN;101;117;SAO JOSE DE MIPIBU;Demais falhas mec�nicas ou el�tricas;Tombamento;Com V�timas Feridas;Anoitecer;Crescente;C�u Claro;Dupla;Declive;N�o;1;0;0;1;0;0;1;1;-6,00458208;-35,25817093;SPRF-RN;DEL01-RN;UOP01-DEL01-RN;;;
708928;02/08/2025;s�bado;16:30:00;GO;153;307;RIALMA;Condutor Dormindo;Sa�da de leito carro��vel;Com V�timas Fatais;Pleno dia;Decrescente;C�u Claro;Simples;"Declive;Reta";N�o;5;2;0;3;0;0;3;1;-15,37;-49,559;SPRF-GO;DEL02-GO;UOP02-DEL02-GO;;;
708929;02/08/2025;s�bado;18:10:00;MG;40;776,9;JUIZ DE FORA;Pedestre andava na pista;Atropelamento de Pedestre;Com V�timas Fatais;Anoitecer;Crescente;C�u Claro;Dupla;Curva;Sim;2;1;0;0;1;0;0;2;-21,67287;-43,4446;SPRF-MG;DEL05-MG;UOP01-DEL05-MG;;;
708932;02/08/2025;s�bado;17:10:00;GO;70;380;MONTES CLAROS DE GOIAS;Animais na Pista;Sa�da de leito carro��vel;Com V�timas Feridas;Pleno dia;Crescente;C�u Claro;Simples;Reta;N�o;3;0;3;0;0;0;3;1;-15,919502;-51,408203;SPRF-GO;DEL04-GO;UOP02-DEL04-GO;;;
708933;02/08/2025;s�bado;18:30:00;MG;381;494,2;BETIM;Aus�ncia de rea��o do condutor;Colis�o com objeto;Com V�timas Feridas;Plena Noite;Decrescente;C�u Claro;M�ltipla;"Reta;Aclive";Sim;1;0;1;0;0;0;1;1;-19,9675797;-44,1797931;SPRF-MG;DEL01-MG;UOP03-DEL01-MG;;;
708934;02/08/2025;s�bado;18:00:00;MS;376;113,3;IVINHEMA;Rea��o tardia ou ineficiente do condutor;Sa�da de leito carro��vel;Sem V�timas;Anoitecer;Crescente;C�u Claro;Simples;Reta;N�o;1;0;0;0;1;0;0;1;-22,30313401;-53,85954559;SPRF-MS;DEL04-MS;UOP04-DEL04-MS;;;
708935;02/08/2025;s�bado;18:35:00;PB;230;10,3;CABEDELO;Afundamento ou ondula��o no pavimento;Tombamento;Com V�timas Feridas;Plena Noite;Crescente;Garoa/Chuvisco;Dupla;Reta;Sim;1;0;1;0;0;0;1;1;-7,05619181;-34,85076475;SPRF-PB;DEL01-PB;UOP01-DEL01-PB;;;
708936;02/08/2025;s�bado;19:10:00;PR;376;257;CALIFORNIA;Aus�ncia de rea��o do condutor;Colis�o traseira;Com V�timas Feridas;Plena Noite;Decrescente;C�u Claro;Simples;Reta;Sim;4;0;1;0;3;0;1;2;-23,66385706;-51,36457407;SPRF-PR;DEL07-PR;UOP03-DEL07-PR;;;
708937;02/08/2025;s�bado;16:40:00;SC;282;535,2;CHAPECO;Suic�dio (presumido);Colis�o com objeto;Com V�timas Feridas;Pleno dia;Decrescente;C�u Claro;Simples;Rotat�ria;Sim;1;0;0;1;0;0;1;1;-26,99964302;-52,64639452;SPRF-SC;DEL07-SC;UOP01-DEL07-SC;;;
708938;02/08/2025;s�bado;19:00:00;PI;316;7;TERESINA;Acessar a via sem observar a presen�a dos outros ve�culos;Colis�o transversal;Sem V�timas;Plena Noite;Crescente;C�u Claro;Dupla;"Declive;Retorno Regulamentado";Sim;2;0;0;0;1;1;0;2;-5,16234502;-42,76996762;SPRF-PI;DEL01-PI;UOP02-DEL01-PI;;;
708939;02/08/2025;s�bado;19:35:00;ES;101;94;JAGUARE;Rea��o tardia ou ineficiente do condutor;Colis�o traseira;Com V�timas Feridas;Plena Noite;Decrescente;C�u Claro;Simples;"Reta;Declive";Sim;4;0;1;0;0;3;1;3;-18,93381566;-39,97318475;SPRF-ES;DEL04-ES;UOP02-DEL04-ES;;;
708940;02/08/2025;s�bado;19:00:00;SP;459;24;LORENA;Aus�ncia de rea��o do condutor;Colis�o traseira;Com V�timas Feridas;Plena Noite;Decrescente;C�u Claro;Simples;Reta;N�o;2;0;1;0;1;0;1;2;-22,68435474;-45,13054043;SPRF-SP;DEL08-SP;UOP02-DEL08-SP;;;
708941;02/08/2025;s�bado;18:00:00;BA;101;866;TEIXEIRA DE FREITAS;Velocidade Incompat�vel;Sa�da de leito carro��vel;Com V�timas Feridas;Plena Noite;Decrescente;C�u Claro;Simples;Reta;N�o;2;0;0;1;1;0;1;2;-17,5588836;-39,7263003;SPRF-BA;DEL09-BA;UOP02-DEL09-BA;;;
708942;02/08/2025;s�bado;18:50:00;MG;365;626;UBERLANDIA;Velocidade Incompat�vel;Colis�o lateral mesmo sentido;Com V�timas Feridas;Plena Noite;Crescente;C�u Claro;Dupla;Reta;Sim;4;0;1;1;2;0;2;2;-18,908894;-48,310277;SPRF-MG;DEL15-MG;UOP01-DEL15-MG;;;
708943;02/08/2025;s�bado;19:45:00;SE;235;37;AREIA BRANCA;Ingest�o de �lcool pelo condutor;Colis�o frontal;Com V�timas Feridas;Plena Noite;Crescente;Nublado;Simples;Curva;N�o;5;0;3;1;1;0;4;2;-10,77016;-37,340809;SPRF-SE;DEL01-SE;UOP02-DEL01-SE;;;
708944;02/08/2025;s�bado;18:15:00;BA;101;329;PRESIDENTE TANCREDO NEVES;Acessar a via sem observar a presen�a dos outros ve�culos;Colis�o transversal;Com V�timas Feridas;Plena Noite;Crescente;C�u Claro;Simples;Reta;N�o;2;0;0;1;0;1;1;2;-13,47153164;-39,4184866;SPRF-BA;DEL05-BA;UOP03-DEL05-BA;;;
708946;02/08/2025;s�bado;19:40:00;RS;285;448,3;BOZANO;Afundamento ou ondula��o no pavimento;Colis�o frontal;Com V�timas Feridas;Plena Noite;Crescente;Nublado;Simples;Reta;N�o;4;0;1;0;3;0;1;2;-28,36708434;-53,816185;SPRF-RS;DEL10-RS;UOP01-DEL10-RS;;;
708948;02/08/2025;s�bado;20:30:00;MG;381;449;SANTA LUZIA;Manobra de mudan�a de faixa;Colis�o traseira;Com V�timas Feridas;Plena Noite;Crescente;C�u Claro;Dupla;Reta;Sim;3;0;2;0;1;0;2;2;-19,82775648;-43,8457489;SPRF-MG;DEL01-MG;UOP01-DEL01-MG;;;
708950;02/08/2025;s�bado;12:30:00;BA;324;449;RIACHAO DO JACUIPE;Aus�ncia de rea��o do condutor;Sa�da de leito carro��vel;Com V�timas Feridas;Pleno dia;Crescente;C�u Claro;Simples;Reta;N�o;2;0;1;1;0;0;2;1;-11,87562349;-39,30558777;SPRF-BA;DEL04-BA;UOP02-DEL04-BA;;;
708951;02/08/2025;s�bado;20:25:00;SC;470;147,3;LAURENTINO;Velocidade Incompat�vel;Capotamento;Com V�timas Fatais;Plena Noite;Decrescente;C�u Claro;Simples;Reta;N�o;1;1;0;0;0;0;0;1;-27,243245;-49,68979;SPRF-SC;DEL04-SC;UOP02-DEL04-SC;;;
708952;02/08/2025;s�bado;19:00:00;MG;381;492;BETIM;Pedestre cruzava a pista fora da faixa;Atropelamento de Pedestre;Com V�timas Feridas;Plena Noite;Crescente;C�u Claro;M�ltipla;Reta;Sim;3;0;0;1;2;0;1;2;-19,96274621;-44,16539227;SPRF-MG;DEL01-MG;UOP03-DEL01-MG;;;
708953;02/08/2025;s�bado;16:50:00;RO;364;815;PORTO VELHO;Rea��o tardia ou ineficiente do condutor;Sa�da de leito carro��vel;Com V�timas Feridas;Pleno dia;Crescente;C�u Claro;Simples;Reta;N�o;1;0;0;1;0;0;1;1;-8,7916544;-63,8582784;SPRF-RO;DEL01-RO;UOP02-DEL01-RO;;;
708954;02/08/2025;s�bado;19:45:00;MG;381;481;CONTAGEM;Ingest�o de �lcool pelo condutor;Colis�o traseira;Com V�timas Feridas;Plena Noite;Crescente;C�u Claro;M�ltipla;Declive;Sim;3;0;0;2;1;0;2;2;-19,96104;-44,05263;SPRF-MG;DEL01-MG;UOP03-DEL01-MG;;;
708955;02/08/2025;s�bado;20:40:00;MG;40;666,8;CARANDAI;Desrespeitar a prefer�ncia no cruzamento;Colis�o transversal;Com V�timas Feridas;Plena Noite;Crescente;C�u Claro;Simples;Interse��o de Vias;Sim;2;0;1;0;1;0;1;2;-20,94842774;-43,79709274;SPRF-MG;DEL05-MG;UOP02-DEL05-MG;;;
708957;02/08/2025;s�bado;20:43:00;PB;230;25;JOAO PESSOA;Aus�ncia de rea��o do condutor;Tombamento;Com V�timas Feridas;Plena Noite;Crescente;C�u Claro;Simples;"Declive;Reta";Sim;1;0;1;0;0;0;1;1;-7,16924062;-34,87566769;SPRF-PB;DEL01-PB;UOP01-DEL01-PB;;;
708958;02/08/2025;s�bado;18:25:00;SC;470;273,9;BRUNOPOLIS;Acessar a via sem observar a presen�a dos outros ve�culos;Colis�o transversal;Com V�timas Fatais;Plena Noite;Crescente;C�u Claro;Simples;Curva;N�o;4;1;2;0;1;0;2;2;-27,3281556;-50,8082894;SPRF-SC;DEL07-SC;UOP06-DEL07-SC;;;
708960;02/08/2025;s�bado;20:20:00;PR;376;112;PARANAVAI;Aus�ncia de rea��o do condutor;Capotamento;Com V�timas Feridas;Plena Noite;Decrescente;C�u Claro;Dupla;Reta;N�o;1;0;1;0;0;0;1;1;-23,0870595;-52,3990509;SPRF-PR;DEL09-PR;UOP02-DEL09-PR;;;
708961;02/08/2025;s�bado;19:25:00;SC;101;60,4;ARAQUARI;Ultrapassagem Indevida;Colis�o lateral mesmo sentido;Com V�timas Fatais;Plena Noite;Crescente;C�u Claro;Dupla;Curva;N�o;5;1;0;0;3;1;0;5;-26,452728;-48,782707;SPRF-SC;DEL03-SC;UOP02-DEL03-SC;;;
708962;02/08/2025;s�bado;21:20:00;PR;369;132,5;IBIPORA;Rea��o tardia ou ineficiente do condutor;Sa�da de leito carro��vel;Com V�timas Feridas;Plena Noite;Crescente;C�u Claro;Dupla;Aclive;Sim;3;0;2;0;1;0;2;1;-23,260158;-51,006953;SPRF-PR;DEL07-PR;UOP01-DEL07-PR;;;
708963;02/08/2025;s�bado;20:45:00;PE;407;128,8;PETROLINA;Condutor deixou de manter dist�ncia do ve�culo da frente;Colis�o traseira;Com V�timas Feridas;Plena Noite;Crescente;C�u Claro;Dupla;Rotat�ria;Sim;2;0;0;1;1;0;1;2;-9,399068;-40,505483;SPRF-PE;DEL06-PE;UOP01-DEL06-PE;;;
708966;02/08/2025;s�bado;14:30:00;PA;230;140;MARABA;Rea��o tardia ou ineficiente do condutor;Colis�o transversal;Com V�timas Feridas;Pleno dia;Crescente;C�u Claro;Simples;"Declive;Reta";N�o;3;0;2;0;1;0;2;2;-5,314797;-49,247505;SPRF-PA;DEL03-PA;UOP01-DEL03-PA;;;
708967;02/08/2025;s�bado;20:00:00;MG;381;539,2;ITATIAIUCU;Convers�o proibida;Colis�o lateral mesmo sentido;Com V�timas Feridas;Plena Noite;Crescente;C�u Claro;Simples;Interse��o de Vias;Sim;3;0;2;0;0;1;2;2;-20,2268799;-44,39580409;SPRF-MG;DEL04-MG;UOP03-DEL04-MG;;;
708968;02/08/2025;s�bado;20:45:00;RJ;495;27;PETROPOLIS;Velocidade Incompat�vel;Colis�o lateral sentido oposto;Sem V�timas;Plena Noite;Decrescente;Vento;Simples;Curva;N�o;5;0;0;0;5;0;0;2;-22,3993837;-43,10927868;SPRF-RJ;DEL05-RJ;UOP02-DEL05-RJ;;;
708971;02/08/2025;s�bado;17:20:00;GO;70;1;AGUAS LINDAS DE GOIAS;Manobra de mudan�a de faixa;Colis�o traseira;Com V�timas Feridas;Anoitecer;Crescente;C�u Claro;Dupla;"Curva;Aclive";N�o;3;0;2;0;1;0;2;2;-15,78284266;-48,2332764;SPRF-DF;DEL03-DF;UOP02-DEL03-DF;;;
708972;02/08/2025;s�bado;21:40:00;PR;163;278;MARECHAL CANDIDO RONDON;Ingest�o de �lcool pelo condutor;Sa�da de leito carro��vel;Sem V�timas;Plena Noite;Crescente;C�u Claro;Dupla;"Declive;Reta";N�o;1;0;0;0;1;0;0;1;-24,56842029;-54,01614754;SPRF-PR;DEL06-PR;UOP02-DEL06-PR;;;
708973;02/08/2025;s�bado;21:55:00;GO;153;518,8;HIDROLANDIA;Aus�ncia de rea��o do condutor;Sa�da de leito carro��vel;Sem V�timas;Plena Noite;Decrescente;C�u Claro;Dupla;Reta;N�o;1;0;0;0;1;0;0;1;-16,85488947;-49,24773502;SPRF-GO;DEL01-GO;UOP03-DEL01-GO;;;
708974;02/08/2025;s�bado;21:25:00;RS;290;134;ELDORADO DO SUL;Transitar na contram�o;Colis�o frontal;Com V�timas Fatais;Plena Noite;Decrescente;Nublado;Simples;Reta;N�o;4;2;1;0;0;1;1;3;-30,0662766;-51,5575657;SPRF-RS;DEL02-RS;UOP01-DEL02-RS;;;
708976;02/08/2025;s�bado;22:10:00;PE;101;31,2;ITAPISSUMA;Transitar no Acostamento;Tombamento;Com V�timas Fatais;Plena Noite;Crescente;Nublado;Dupla;Reta;Sim;1;1;0;0;0;0;0;1;-7,745794;-34,93824;SPRF-PE;DEL01-PE;UOP02-DEL01-PE;;;
708977;02/08/2025;s�bado;20:05:00;MG;262;31;REDUTO;Velocidade Incompat�vel;Colis�o frontal;Com V�timas Feridas;Plena Noite;Crescente;C�u Claro;Simples;"Declive;Curva";N�o;5;0;1;3;1;0;4;2;-20,253841;-41,997153;SPRF-MG;DEL06-MG;UOP03-DEL06-MG;;;
708978;02/08/2025;s�bado;22:00:00;AL;316;110;CACIMBINHAS;Aus�ncia de rea��o do condutor;Colis�o traseira;Com V�timas Fatais;Plena Noite;Crescente;Chuva;Simples;Reta;N�o;6;3;0;2;0;1;2;2;-9,39766565;-37,00864792;SPRF-AL;DEL03-AL;UOP01-DEL03-AL;;;
708979;02/08/2025;s�bado;20:40:00;PE;101;206,3;XEXEU;Velocidade Incompat�vel;Colis�o frontal;Com V�timas Feridas;Plena Noite;Crescente;C�u Claro;Dupla;Reta;N�o;1;0;0;1;0;0;1;1;-8,81686;-35,63751;SPRF-PE;DEL01-PE;UOP03-DEL01-PE;;;
708980;02/08/2025;s�bado;18:30:00;RJ;493;88;JAPERI;Acessar a via sem observar a presen�a dos outros ve�culos;Colis�o traseira;Com V�timas Feridas;Plena Noite;Crescente;C�u Claro;Dupla;Reta;N�o;5;0;3;0;2;0;3;2;-22,66661066;-43,63220215;SPRF-RJ;DEL01-RJ;UOP03-DEL01-RJ;;;
708981;02/08/2025;s�bado;22:40:00;SP;116;147;SAO JOSE DOS CAMPOS;Aus�ncia de rea��o do condutor;Capotamento;Com V�timas Feridas;Plena Noite;Crescente;Nublado;M�ltipla;Reta;Sim;2;0;1;1;0;0;2;1;-23,19528065;-45,86997986;SPRF-SP;DEL02-SP;UOP01-DEL02-SP;;;
708982;02/08/2025;s�bado;21:15:00;RJ;101;58;CAMPOS DOS GOYTACAZES;Acessar a via sem observar a presen�a dos outros ve�culos;Colis�o transversal;Com V�timas Feridas;Plena Noite;Decrescente;C�u Claro;Simples;"Reta;Interse��o de Vias";Sim;3;0;2;0;0;1;2;2;-21,713055;-41,308435;SPRF-RJ;DEL08-RJ;UOP01-DEL08-RJ;;;
708983;02/08/2025;s�bado;21:30:00;RJ;40;106;DUQUE DE CAXIAS;Aus�ncia de rea��o do condutor;Queda de ocupante de ve�culo;Com V�timas Feridas;Plena Noite;Crescente;C�u Claro;Simples;Reta;Sim;1;0;1;0;0;0;1;1;-22,6494186;-43,2838982;SPRF-RJ;DEL01-RJ;UOP02-DEL01-RJ;;;
708986;02/08/2025;s�bado;18:20:00;MG;116;506,1;UBAPORANGA;Suic�dio (presumido);Atropelamento de Pedestre;Com V�timas Fatais;Plena Noite;Crescente;C�u Claro;Simples;Reta;N�o;6;1;0;0;4;1;0;2;-19,61429349;-42,11221486;SPRF-MG;DEL06-MG;UOP02-DEL06-MG;;;
708987;02/08/2025;s�bado;19:02:00;MS;267;482,7;JARDIM;Condutor deixou de manter dist�ncia do ve�culo da frente;Colis�o lateral mesmo sentido;Com V�timas Feridas;Plena Noite;Crescente;C�u Claro;Simples;Reta;Sim;3;0;1;1;1;0;2;2;-21,48119964;-56,15476934;SPRF-MS;DEL05-MS;UOP01-DEL05-MS;;;
708988;02/08/2025;s�bado;22:35:00;PR;469;1;FOZ DO IGUACU;Ingest�o de �lcool pelo condutor;Sa�da de leito carro��vel;Com V�timas Feridas;Plena Noite;Decrescente;C�u Claro;Dupla;"Em Obras;Rotat�ria";Sim;1;0;1;0;0;0;1;1;-25,57659826;-54,55433965;SPRF-PR;DEL05-PR;UOP04-DEL05-PR;;;
708990;02/08/2025;s�bado;21:40:00;PR;277;485;NOVA LARANJEIRAS;Frear bruscamente;Queda de ocupante de ve�culo;Com V�timas Feridas;Plena Noite;Decrescente;C�u Claro;Simples;Curva;N�o;1;0;1;0;0;0;1;1;-25,248936;-52,629516;SPRF-PR;DEL04-PR;UOP02-DEL04-PR;;;
708991;02/08/2025;s�bado;21:15:00;SC;470;47;BLUMENAU;Ingest�o de �lcool pelo condutor;Sa�da de leito carro��vel;Sem V�timas;Plena Noite;Decrescente;Ignorado;Simples;"Em Obras;Curva";Sim;2;0;0;0;2;0;0;1;-26,86408459;-49,04656291;SPRF-SC;DEL04-SC;UOP01-DEL04-SC;;;
708993;02/08/2025;s�bado;21:33:00;SC;101;286;IMBITUBA;Rea��o tardia ou ineficiente do condutor;Colis�o com objeto;Sem V�timas;Plena Noite;Decrescente;C�u Claro;Dupla;Reta;N�o;1;0;0;0;0;1;0;1;-28,249414;-48,700993;SPRF-SC;DEL02-SC;UOP03-DEL02-SC;;;
708994;02/08/2025;s�bado;23:00:00;SP;116;210,5;GUARULHOS;Manobra de mudan�a de faixa;Colis�o traseira;Com V�timas Feridas;Plena Noite;Crescente;Nublado;M�ltipla;Reta;Sim;3;0;2;0;0;1;2;2;-23,429666;-46,413952;SPRF-SP;DEL01-SP;UOP01-DEL01-SP;;;
708995;02/08/2025;s�bado;17:20:00;MG;365;163;PIRAPORA;Transitar na contram�o;Colis�o frontal;Com V�timas Fatais;Pleno dia;Crescente;C�u Claro;Simples;Reta;N�o;8;1;7;0;0;0;7;2;-17,36496;-44,93098;SPRF-MG;DEL10-MG;UOP02-DEL010-MG;;;
708996;02/08/2025;s�bado;23:00:00;CE;222;2;CAUCAIA;Condutor desrespeitou a ilumina��o vermelha do sem�foro;Colis�o transversal;Com V�timas Feridas;Pleno dia;Crescente;C�u Claro;M�ltipla;Reta;N�o;2;0;1;0;1;0;1;2;-3,74264796;-38,60943317;SPRF-CE;DEL01-CE;UOP01-DEL01-CE;;;
708999;02/08/2025;s�bado;23:00:00;MG;381;483,3;BETIM;Aus�ncia de rea��o do condutor;Tombamento;Com V�timas Feridas;Plena Noite;Crescente;C�u Claro;M�ltipla;"Declive;Curva";Sim;2;0;1;0;0;1;1;1;-19,959138;-44,081093;SPRF-MG;DEL01-MG;UOP03-DEL01-MG;;;