id;data_inversa;dia_semana;horario;uf;br;km;municipio;causa_acidente;tipo_acidente;classificacao_acidente;fase_dia;sentido_via;condicao_metereologica;tipo_pista;tracado_via;uso_solo;pessoas;mortos;feridos_leves;feridos_graves;ilesos;ignorados;feridos;veiculos;latitude;longitude;regional;delegacia;uop;;;
709000;02/08/2025;s�bado;18:40:00;SC;282;119,5;BOM RETIRO;Transitar na contram�o;Colis�o lateral sentido oposto;Com V�timas Fatais;Plena Noite;Crescente;C�u Claro;Simples;Reta;N�o;8;1;1;0;5;1;1;4;-27,79074;-49,41628;SPRF-SC;DEL05-SC;UOP01-DEL05-SC;;;
709001;02/08/2025;s�bado;22:00:00;SC;470;332,1;CAMPOS NOVOS;Aus�ncia de rea��o do condutor;Capotamento;Com V�timas Feridas;Plena Noite;Crescente;C�u Claro;Simples;Reta;N�o;1;0;1;0;0;0;1;1;-27,486825;-51,319673;SPRF-SC;DEL07-SC;UOP06-DEL07-SC;;;
709002;02/08/2025;s�bado;19:00:00;RO;421;52;MONTE NEGRO;Pedestre - Ingest�o de �lcool/ subst�ncias psicoativas;Colis�o traseira;Com V�timas Feridas;Plena Noite;Crescente;C�u Claro;Simples;Reta;N�o;3;0;1;1;0;1;2;2;-10,25867966;-63,2881758;SPRF-RO;DEL03-RO;UOP01-DEL03-RO;;;
709003;02/08/2025;s�bado;22:16:00;MT;163;753;SORRISO;Ingest�o de �lcool pelo condutor;Sa�da de leito carro��vel;Com V�timas Feridas;Plena Noite;Decrescente;C�u Claro;Dupla;"Reta;Retorno Regulamentado";Sim;3;0;1;0;2;0;1;2;-12,54269258;-55,70816869;SPRF-MT;DEL06-MT;UOP01-DEL06-MT;;;
709005;02/08/2025;s�bado;22:40:00;RR;174;490;BOA VISTA;Pista esburacada;Queda de ocupante de ve�culo;Com V�timas Feridas;Plena Noite;Crescente;C�u Claro;Simples;Reta;N�o;2;0;1;0;1;0;1;1;2,71960198;-60,82450206;SPRF-RR;DEL01-RR;UOP01-DEL01-RR;;;
709006;02/08/2025;s�bado;22:30:00;MA;316;407;ALTO ALEGRE DO MARANHAO;Ingest�o de �lcool pelo condutor;Colis�o lateral sentido oposto;Com V�timas Feridas;Plena Noite;Crescente;C�u Claro;Simples;Reta;N�o;2;0;1;0;1;0;1;2;-4,21643399;-44,44957059;SPRF-MA;DEL03-MA;UOP01-DEL03-MA;;;
709007;02/08/2025;s�bado;23:25:00;ES;101;421,5;ATILIO VIVACQUA;Ingest�o de �lcool pelo condutor;Colis�o com objeto;Com V�timas Feridas;Plena Noite;Crescente;Nublado;Simples;Curva;N�o;2;0;1;0;1;0;1;1;-20,9772395;-41,1116758;SPRF-ES;DEL03-ES;UOP02-DEL03-ES;;;
709008;02/08/2025;s�bado;23:10:00;PR;153;335;IRATI;Ultrapassagem Indevida;Colis�o lateral mesmo sentido;Com V�timas Feridas;Plena Noite;Decrescente;Nublado;Simples;Reta;N�o;5;0;0;1;4;0;1;2;-25,49347838;-50,64664006;SPRF-PR;DEL08-PR;UOP02-DEL08-PR;;;
709009;02/08/2025;s�bado;22:40:00;SP;101;49;UBATUBA;Ingest�o de �lcool pelo condutor;Colis�o frontal;Com V�timas Feridas;Plena Noite;Decrescente;C�u Claro;Simples;Reta;Sim;2;0;0;1;1;0;1;2;-23,44319182;-45,08477775;SPRF-SP;DEL06-SP;UOP01-DEL06-SP;;;
709010;02/08/2025;s�bado;12:00:00;RO;364;956;PORTO VELHO;Rea��o tardia ou ineficiente do condutor;Sa�da de leito carro��vel;Com V�timas Fatais;Pleno dia;Crescente;C�u Claro;Simples;"Curva;Em Obras";N�o;1;1;0;0;0;0;0;1;-9,64705708;-65,60043454;SPRF-RO;DEL01-RO;UOP03-DEL01-RO;;;
709013;03/08/2025;domingo;00:23:00;SC;101;194,1;BIGUACU;Transitar na contram�o;Colis�o lateral sentido oposto;Com V�timas Feridas;Plena Noite;Decrescente;Nublado;M�ltipla;Curva;Sim;5;0;0;2;3;0;2;3;-27,49907;-48,65592;SPRF-SC;DEL01-SC;UOP01-DEL01-SC;;;
709016;03/08/2025;domingo;00:10:00;PR;116;0;QUATRO BARRAS;Ingest�o de �lcool pelo condutor;Sa�da de leito carro��vel;Sem V�timas;Plena Noite;Crescente;C�u Claro;Dupla;"Curva;Viaduto;Declive;Interse��o de Vias";N�o;1;0;0;0;1;0;0;1;-25,34590133;-49,04388841;SPRF-PR;DEL01-PR;UOP02-DEL01-PR;;;
709019;02/08/2025;s�bado;22:00:00;MS;419;63;RIO NEGRO;Animais na Pista;Atropelamento de Animal;Com V�timas Feridas;Plena Noite;Crescente;C�u Claro;Simples;Reta;N�o;1;0;1;0;0;0;1;1;-19,346285;-54,988831;SPRF-MS;DEL06-MS;UOP02-DEL06-MS;;;
709020;02/08/2025;s�bado;20:40:00;GO;70;474;ARAGARCAS;Acessar a via sem observar a presen�a dos outros ve�culos;Colis�o transversal;Com V�timas Feridas;Plena Noite;Decrescente;C�u Claro;Dupla;Rotat�ria;Sim;2;0;0;1;1;0;1;2;-15,89598299;-52,25148737;SPRF-GO;DEL04-GO;UOP02-DEL04-GO;;;
709021;03/08/2025;domingo;00:10:00;SC;101;329;TUBARAO;Ingest�o de �lcool pelo condutor;Colis�o com objeto;Sem V�timas;Plena Noite;Decrescente;C�u Claro;Dupla;Curva;N�o;1;0;0;0;0;1;0;1;-28,452278;-48,974152;SPRF-SC;DEL02-SC;UOP01-DEL02-SC;;;
709022;03/08/2025;domingo;02:05:00;SP;116;307;SAO LOURENCO DA SERRA;Aus�ncia de rea��o do condutor;Colis�o com objeto;Sem V�timas;Plena Noite;Decrescente;C�u Claro;Dupla;Reta;Sim;5;0;0;0;5;0;0;1;-23,85883789;-46,94423676;SPRF-SP;DEL04-SP;UOP01-DEL04-SP;;;
709023;03/08/2025;domingo;00:45:00;CE;222;206;SOBRAL;Transitar na contram�o;Colis�o frontal;Com V�timas Fatais;Plena Noite;Crescente;C�u Claro;Simples;Reta;N�o;2;1;0;0;1;0;0;2;-3,7257216;-40,337408;SPRF-CE;DEL04-CE;UOP01-DEL04-CE;;;
709025;03/08/2025;domingo;02:30:00;SC;101;447;SANTA ROSA DO SUL;Ingest�o de �lcool pelo condutor;Colis�o traseira;Com V�timas Feridas;Plena Noite;Decrescente;Nublado;M�ltipla;Reta;N�o;3;0;1;0;2;0;1;2;-29,157195;-49,732603;SPRF-SC;DEL02-SC;UOP02-DEL02-SC;;;
709026;03/08/2025;domingo;02:00:00;PB;230;374;CONDADO;Ingest�o de �lcool pelo condutor;Sa�da de leito carro��vel;Com V�timas Feridas;Plena Noite;Crescente;C�u Claro;Simples;"Ponte;Reta";N�o;1;0;0;1;0;0;1;1;-6,908022;-37,58847;SPRF-PB;DEL03-PB;UOP02-DEL03-PB;;;
709027;03/08/2025;domingo;03:30:00;SP;116;222,1;GUARULHOS;Aus�ncia de rea��o do condutor;Colis�o com objeto;Com V�timas Feridas;Plena Noite;Crescente;Nublado;M�ltipla;Reta;Sim;2;0;2;0;0;0;2;1;-23,47504512;-46,52450021;SPRF-SP;DEL01-SP;UOP01-DEL01-SP;;;
709028;03/08/2025;domingo;03:25:00;PR;376;177,8;MARINGA;Aus�ncia de rea��o do condutor;Colis�o com objeto;Com V�timas Feridas;Plena Noite;Crescente;C�u Claro;Dupla;Reta;Sim;1;0;1;0;0;0;1;1;-23,41549597;-51,92446844;SPRF-PR;DEL09-PR;UOP01-DEL09-PR;;;
709029;03/08/2025;domingo;03:40:00;ES;259;104;BAIXO GUANDU;Ingest�o de �lcool pelo condutor;Colis�o lateral sentido oposto;Com V�timas Feridas;Plena Noite;Crescente;C�u Claro;Simples;Curva;N�o;3;0;2;0;0;1;2;2;-19,5083467;-41,0343139;SPRF-ES;DEL02-ES;UOP01-DEL02-ES;;;
709031;02/08/2025;s�bado;23:30:00;PB;104;22;CUITE;Animais na Pista;Atropelamento de Animal;Com V�timas Fatais;Plena Noite;Decrescente;Garoa/Chuvisco;Simples;Reta;N�o;1;1;0;0;0;0;0;1;-6,595387;-36,139177;SPRF-PB;DEL02-PB;UOP04-DEL02-PB;;;
709034;02/08/2025;s�bado;09:00:00;MG;40;495;PEDRO LEOPOLDO;Velocidade Incompat�vel;Queda de ocupante de ve�culo;Com V�timas Feridas;Pleno dia;Decrescente;C�u Claro;Dupla;"Reta;Aclive";N�o;1;0;1;0;0;0;1;1;-19,668638;-44,19451;SPRF-MG;DEL02-MG;UOP01-DEL02-MG;;;
709035;03/08/2025;domingo;04:30:00;SC;101;204,6;SAO JOSE;Aus�ncia de rea��o do condutor;Colis�o com objeto;Com V�timas Feridas;Plena Noite;Decrescente;Nublado;M�ltipla;Reta;Sim;2;0;1;0;0;1;1;1;-27,57954;-48,61446;SPRF-SC;DEL01-SC;UOP01-DEL01-SC;;;
709038;03/08/2025;domingo;05:30:00;PR;153;483;GENERAL CARNEIRO;Velocidade Incompat�vel;Sa�da de leito carro��vel;Com V�timas Feridas;Plena Noite;Crescente;Nublado;Simples;Curva;N�o;1;0;0;1;0;0;1;1;-26,3803;-51,264987;SPRF-PR;DEL02-PR;UOP03-DEL02-PR;;;
709039;03/08/2025;domingo;05:45:00;MG;50;85;UBERLANDIA;Ingest�o de �lcool pelo condutor;Sa�da de leito carro��vel;Com V�timas Feridas;Amanhecer;Crescente;C�u Claro;Dupla;Reta;N�o;1;0;1;0;0;0;1;1;-18,9696621;-48,2295571;SPRF-MG;DEL15-MG;UOP01-DEL15-MG;;;
709040;02/08/2025;s�bado;12:35:00;SC;282;383,5;HERVAL DOESTE;Velocidade Incompat�vel;Sa�da de leito carro��vel;Com V�timas Feridas;Pleno dia;Crescente;Sol;Simples;"Declive;Curva";N�o;1;0;1;0;0;0;1;1;-27,1953922;-51,5063221;SPRF-SC;DEL07-SC;UOP05-DEL07-SC;;;
709041;03/08/2025;domingo;05:20:00;CE;116;46;PACAJUS;Aus�ncia de rea��o do condutor;Colis�o traseira;Com V�timas Feridas;Pleno dia;Decrescente;C�u Claro;Dupla;Reta;N�o;4;0;1;3;0;0;4;4;-4,1451594;-38,4782571;SPRF-CE;DEL01-CE;UOP02-DEL01-CE;;;
709042;02/08/2025;s�bado;11:10:00;GO;60;122;TEREZOPOLIS DE GOIAS;Demais falhas mec�nicas ou el�tricas;Queda de ocupante de ve�culo;Com V�timas Feridas;Pleno dia;Decrescente;C�u Claro;Dupla;Reta;N�o;2;0;0;2;0;0;2;1;-16,50368655;-49,11249161;SPRF-GO;DEL01-GO;UOP01-DEL01-GO;;;
709043;03/08/2025;domingo;05:00:00;RS;470;175;VERANOPOLIS;Ingest�o de �lcool pelo condutor;Sa�da de leito carro��vel;Sem V�timas;Plena Noite;Decrescente;C�u Claro;Simples;Curva;Sim;1;0;0;0;1;0;0;1;-28,92305353;-51,53815119;SPRF-RS;DEL06-RS;UOP02-DEL06-RS;;;
709045;03/08/2025;domingo;07:00:00;SP;116;215,2;GUARULHOS;Ingest�o de �lcool pelo condutor;Colis�o com objeto;Sem V�timas;Pleno dia;Decrescente;C�u Claro;M�ltipla;Reta;Sim;1;0;0;0;1;0;0;1;-23,45358227;-46,46962833;SPRF-SP;DEL01-SP;UOP01-DEL01-SP;;;
709046;03/08/2025;domingo;05:45:00;BA;349;911;CORRENTINA;Aus�ncia de rea��o do condutor;Capotamento;Com V�timas Feridas;Amanhecer;Crescente;C�u Claro;Simples;Reta;N�o;1;0;1;0;0;0;1;1;-13,41331;-44,483403;SPRF-BA;DEL10-BA;UOP02-DEL10-BA;;;
709047;03/08/2025;domingo;06:20:00;PR;376;169,6;MARINGA;Velocidade Incompat�vel;Colis�o traseira;Com V�timas Feridas;Plena Noite;Crescente;Nublado;Dupla;"Declive;Reta";N�o;4;0;2;0;0;2;2;3;-23,40520675;-51,99405313;SPRF-PR;DEL09-PR;UOP01-DEL09-PR;;;
709048;03/08/2025;domingo;03:30:00;RO;364;519;ARIQUEMES;Ingest�o de �lcool pelo condutor;Colis�o traseira;Com V�timas Feridas;Plena Noite;Crescente;C�u Claro;Simples;Reta;Sim;2;0;0;1;1;0;1;2;-9,88040945;-63,05700157;SPRF-RO;DEL03-RO;UOP01-DEL03-RO;;;
709051;03/08/2025;domingo;06:50:00;RN;101;96;NATAL;Manobra de mudan�a de faixa;Colis�o lateral mesmo sentido;Com V�timas Feridas;Pleno dia;Decrescente;Nublado;Simples;"Viaduto;Curva";Sim;3;0;2;0;0;1;2;2;-5,848955;-35,20787565;SPRF-RN;DEL01-RN;UOP01-DEL01-RN;;;
709052;03/08/2025;domingo;06:10:00;SC;282;4;SAO JOSE;Rea��o tardia ou ineficiente do condutor;Colis�o traseira;Com V�timas Feridas;Amanhecer;Crescente;Nevoeiro/Neblina;Dupla;Reta;Sim;2;0;1;0;1;0;1;2;-27,58983979;-48,60962033;SPRF-SC;DEL01-SC;UOP01-DEL01-SC;;;
709053;03/08/2025;domingo;07:10:00;RS;116;143,3;CAXIAS DO SUL;Condutor Dormindo;Sa�da de leito carro��vel;Sem V�timas;Amanhecer;Crescente;Nublado;Dupla;"Reta;Declive";Sim;1;0;0;0;1;0;0;1;-29,12391;-51,12456;SPRF-RS;DEL05-RS;UOP01-DEL05-RS;;;
709054;02/08/2025;s�bado;17:30:00;RO;364;394;OURO PRETO DO OESTE;Ultrapassagem Indevida;Colis�o frontal;Com V�timas Feridas;Pleno dia;Crescente;Sol;Simples;Declive;N�o;3;0;3;0;0;0;3;2;-10,64635;-62,307673;SPRF-RO;DEL03-RO;UOP02-DEL03-RO;;;
709055;03/08/2025;domingo;04:20:00;RO;364;713;PORTO VELHO;Aus�ncia de rea��o do condutor;Tombamento;Com V�timas Feridas;Plena Noite;Decrescente;C�u Claro;Dupla;Curva;Sim;1;0;0;1;0;0;1;1;-8,77242631;-63,88103383;SPRF-RO;DEL01-RO;UOP01-DEL01-RO;;;
709056;03/08/2025;domingo;06:01:00;PI;343;454;SAO PEDRO DO PIAUI;Rea��o tardia ou ineficiente do condutor;Capotamento;Com V�timas Feridas;Amanhecer;Crescente;C�u Claro;Simples;Reta;N�o;1;0;1;0;0;0;1;1;-5,90984843;-42,68325806;SPRF-PI;DEL01-PI;UOP02-DEL01-PI;;;
709058;03/08/2025;domingo;06:35:00;MS;163;265;DOURADOS;Aus�ncia de rea��o do condutor;Tombamento;Com V�timas Feridas;Pleno dia;Decrescente;C�u Claro;Dupla;Reta;Sim;1;0;0;1;0;0;1;1;-22,2224492;-54,72976685;SPRF-MS;DEL04-MS;UOP01-DEL04-MS;;;
709059;03/08/2025;domingo;07:20:00;PR;376;398;IMBAU;Rea��o tardia ou ineficiente do condutor;Capotamento;Com V�timas Feridas;Amanhecer;Crescente;C�u Claro;Dupla;Curva;N�o;1;0;0;1;0;0;1;1;-24,4682606;-50,7454694;SPRF-PR;DEL03-PR;UOP02-DEL03-PR;;;
709061;03/08/2025;domingo;04:00:00;MA;316;301;PIO XII;Ingest�o de �lcool pelo condutor;Colis�o lateral sentido oposto;Sem V�timas;Plena Noite;Crescente;C�u Claro;Simples;Reta;N�o;2;0;0;0;2;0;0;2;-3,90398858;-45,16033173;SPRF-MA;DEL02-MA;UOP01-DEL02-MA;;;
709062;03/08/2025;domingo;07:50:00;RN;101;81;NATAL;Aus�ncia de rea��o do condutor;Colis�o traseira;Com V�timas Feridas;Pleno dia;Decrescente;C�u Claro;Dupla;Reta;Sim;4;0;0;1;3;0;1;2;-5,7636196;-35,2859478;SPRF-RN;DEL02-RN;UOP01-DEL02-RN;;;
709063;03/08/2025;domingo;08:00:00;PB;230;3,7;CABEDELO;Rea��o tardia ou ineficiente do condutor;Colis�o com objeto;Sem V�timas;Pleno dia;Crescente;Garoa/Chuvisco;M�ltipla;Reta;Sim;1;0;0;0;0;1;0;1;-7,0013826;-34,8288155;SPRF-PB;DEL01-PB;UOP01-DEL01-PB;;;
709065;03/08/2025;domingo;02:20:00;MG;262;188;SAO DOMINGOS DO PRATA;Ingest�o de �lcool pelo condutor;Colis�o frontal;Com V�timas Feridas;Plena Noite;Decrescente;C�u Claro;Simples;Reta;N�o;4;0;3;0;1;0;3;2;-19,882269;-43,047463;SPRF-MG;DEL03-MG;UOP01-DEL03-MG;;;
709066;03/08/2025;domingo;04:45:00;MG;381;602,5;CARMOPOLIS DE MINAS;Velocidade Incompat�vel;Tombamento;Com V�timas Feridas;Plena Noite;Decrescente;C�u Claro;Dupla;"Curva;Declive";N�o;1;0;1;0;0;0;1;1;-20,61048826;-44,73511191;SPRF-MG;DEL04-MG;UOP01-DEL04-MG;;;
709067;03/08/2025;domingo;03:50:00;RJ;40;109;DUQUE DE CAXIAS;Aus�ncia de rea��o do condutor;Queda de ocupante de ve�culo;Com V�timas Feridas;Plena Noite;Decrescente;C�u Claro;Dupla;Reta;N�o;1;0;0;1;0;0;1;1;-22,68141309;-43,28588068;SPRF-RJ;DEL01-RJ;UOP02-DEL01-RJ;;;
709068;03/08/2025;domingo;08:00:00;GO;70;1,9;AGUAS LINDAS DE GOIAS;Manobra de mudan�a de faixa;Colis�o transversal;Com V�timas Feridas;Pleno dia;Decrescente;C�u Claro;Dupla;Curva;Sim;2;0;1;0;1;0;1;2;-15,76320737;-48,23313693;SPRF-DF;DEL03-DF;UOP02-DEL03-DF;;;
709069;26/07/2025;s�bado;10:30:00;SP;101;47;UBATUBA;Convers�o proibida;Colis�o transversal;Com V�timas Feridas;Pleno dia;Crescente;C�u Claro;Simples;Reta;Sim;3;0;0;1;2;0;1;2;-23,43552911;-45,08767605;SPRF-SP;DEL06-SP;UOP01-DEL06-SP;;;
709070;03/08/2025;domingo;08:10:00;RJ;101;321;NITEROI;Aus�ncia de rea��o do condutor;Engavetamento;Com V�timas Feridas;Pleno dia;Crescente;C�u Claro;M�ltipla;Reta;Sim;8;0;2;0;6;0;2;5;-22,86989268;-43,11053965;SPRF-RJ;DEL02-RJ;UOP01-DEL02-RJ;;;
709072;03/08/2025;domingo;07:57:00;PR;376;669,7;GUARATUBA;Rea��o tardia ou ineficiente do condutor;Colis�o com objeto;Com V�timas Feridas;Pleno dia;Crescente;C�u Claro;Dupla;"Curva;Declive";N�o;5;0;2;0;3;0;2;1;-25,872936;-48,936278;SPRF-PR;DEL01-PR;UOP04-DEL01-PR;;;
709074;03/08/2025;domingo;09:24:00;PE;101;43,1;IGARASSU;Acessar a via sem observar a presen�a dos outros ve�culos;Colis�o transversal;Com V�timas Feridas;Pleno dia;Crescente;C�u Claro;M�ltipla;Reta;Sim;3;0;1;0;2;0;1;2;-7,8485665;-34,9096163;SPRF-PE;DEL01-PE;UOP02-DEL01-PE;;;
709075;03/08/2025;domingo;07:05:00;RO;364;196,7;PIMENTA BUENO;Aus�ncia de rea��o do condutor;Tombamento;Com V�timas Feridas;Amanhecer;Crescente;C�u Claro;Simples;Interse��o de Vias;Sim;2;0;2;0;0;0;2;1;-11,680527;-61,186963;SPRF-RO;DEL02-RO;UOP02-DEL02-RO;;;
709078;03/08/2025;domingo;06:10:00;BA;330;796;JEQUIE;Pista esburacada;Capotamento;Com V�timas Feridas;Pleno dia;Crescente;C�u Claro;Simples;Reta;N�o;2;0;2;0;0;0;2;1;-13,923633;-40,00771523;SPRF-BA;DEL03-BA;UOP01-DEL03-BA;;;
709079;03/08/2025;domingo;09:00:00;PR;116;0;QUATRO BARRAS;Aus�ncia de rea��o do condutor;Colis�o com objeto;Com V�timas Feridas;Pleno dia;Decrescente;C�u Claro;Dupla;Curva;N�o;1;0;0;1;0;0;1;1;-25,3514;-49,0599;SPRF-PR;DEL01-PR;UOP02-DEL01-PR;;;
709080;03/08/2025;domingo;06:55:00;RS;293;248;DOM PEDRITO;Acessar a via sem observar a presen�a dos outros ve�culos;Colis�o transversal;Com V�timas Feridas;Amanhecer;Decrescente;Nublado;Simples;Reta;Sim;3;0;1;0;2;0;1;2;-30,8486;-54,84023;SPRF-RS;DEL11-RS;UOP01-DEL11-RS;;;
709083;03/08/2025;domingo;09:28:00;SP;116;228;SAO PAULO;Aus�ncia de rea��o do condutor;Colis�o traseira;Sem V�timas;Pleno dia;Crescente;C�u Claro;M�ltipla;Reta;Sim;2;0;0;0;2;0;0;2;-23,51806868;-46,52597046;SPRF-SP;DEL01-SP;UOP01-DEL01-SP;;;
709084;22/07/2025;ter�a-feira;17:00:00;MS;158;96,4;PARANAIBA;Aus�ncia de rea��o do condutor;Tombamento;Com V�timas Feridas;Pleno dia;Crescente;Ignorado;Dupla;Reta;N�o;1;0;1;0;0;0;1;1;-19,692353;-51,189911;SPRF-MS;DEL08-MS;UOP01-DEL08-MS;;;
709085;03/08/2025;domingo;10:00:00;DF;60;2,5;BRASILIA;Acessar a via sem observar a presen�a dos outros ve�culos;Colis�o transversal;Com V�timas Feridas;Pleno dia;Decrescente;C�u Claro;Dupla;"Reta;Rotat�ria";Sim;3;0;0;1;2;0;1;2;-15,881808;-48,080686;SPRF-DF;DEL03-DF;UOP01-DEL03-DF;;;
709088;03/08/2025;domingo;09:40:00;MS;163;29;MUNDO NOVO;Rea��o tardia ou ineficiente do condutor;Sa�da de leito carro��vel;Com V�timas Feridas;Pleno dia;Decrescente;Nublado;Simples;"Aclive;Curva";N�o;1;0;1;0;0;0;1;1;-23,85024229;-54,33700562;SPRF-MS;DEL09-MS;UOP02-DEL09-MS;;;
709089;03/08/2025;domingo;06:00:00;PR;153;351,5;REBOUCAS;Aus�ncia de rea��o do condutor;Sa�da de leito carro��vel;Sem V�timas;Amanhecer;Crescente;C�u Claro;Simples;Reta;N�o;1;0;0;0;1;0;0;1;-25,6252247;-50,7098545;SPRF-PR;DEL08-PR;UOP02-DEL08-PR;;;
709090;02/08/2025;s�bado;22:00:00;RJ;465;20;SEROPEDICA;Aus�ncia de rea��o do condutor;Colis�o lateral mesmo sentido;Com V�timas Feridas;Plena Noite;Crescente;C�u Claro;Simples;Reta;Sim;2;0;1;0;0;1;1;2;-22,7147776;-43,7223424;SPRF-RJ;DEL06-RJ;UOP02-DEL06-RJ;;;
709091;03/08/2025;domingo;10:05:00;GO;50;278,7;CATALAO;Acessar a via sem observar a presen�a dos outros ve�culos;Colis�o transversal;Com V�timas Feridas;Pleno dia;Crescente;C�u Claro;Simples;"Em Obras;Interse��o de Vias;Rotat�ria";Sim;3;0;0;2;0;1;2;3;-18,172069;-47,925105;SPRF-GO;DEL06-GO;UOP01-DEL06-GO;;;
709092;27/07/2025;domingo;23:30:00;BA;101;258;SANTO ANTONIO DE JESUS;Condutor deixou de manter dist�ncia do ve�culo da frente;Colis�o traseira;Sem V�timas;Plena Noite;Crescente;C�u Claro;Dupla;Reta;Sim;2;0;0;0;1;1;0;2;-12,95445481;-39,25631896;SPRF-BA;DEL01-BA;UOP02-DEL01-BA;;;
709093;03/08/2025;domingo;05:40:00;PI;230;306;FLORIANO;Aus�ncia de rea��o do condutor;Colis�o com objeto;Com V�timas Feridas;Pleno dia;Crescente;C�u Claro;Simples;"Curva;Aclive;Rotat�ria";Sim;1;0;1;0;0;0;1;1;-6,78673629;-42,99332052;SPRF-PI;DEL03-PI;UOP01-DEL03-PI;;;
709095;03/08/2025;domingo;10:50:00;PB;230;162,4;CAMPINA GRANDE;Manobra de mudan�a de faixa;Colis�o traseira;Sem V�timas;Pleno dia;Decrescente;Chuva;Simples;Reta;N�o;2;0;0;0;2;0;0;2;-7,226983;-35,943788;SPRF-PB;DEL02-PB;UOP01-DEL02-PB;;;
709096;03/08/2025;domingo;11:00:00;GO;414;404;ABADIANIA;Rea��o tardia ou ineficiente do condutor;Colis�o traseira;Com V�timas Feridas;Pleno dia;Crescente;C�u Claro;Simples;Reta;N�o;4;0;1;0;3;0;1;2;-16,02625728;-48,84522486;SPRF-GO;DEL02-GO;UOP01-DEL02-GO;;;
709098;03/08/2025;domingo;10:35:00;SP;116;531;BARRA DO TURVO;Rea��o tardia ou ineficiente do condutor;Queda de ocupante de ve�culo;Com V�timas Feridas;Pleno dia;Decrescente;C�u Claro;Dupla;Reta;N�o;3;0;1;0;2;0;1;2;-24,946;-48,312;SPRF-SP;DEL05-SP;UOP02-DEL05-SP;;;
709099;03/08/2025;domingo;10:40:00;BA;20;198;LUIS EDUARDO MAGALHAES;Condutor Dormindo;Sa�da de leito carro��vel;Com V�timas Feridas;Pleno dia;Crescente;C�u Claro;Simples;Reta;N�o;1;0;0;1;0;0;1;1;-12,196537;-45,827767;SPRF-BA;DEL10-BA;UOP01-DEL10-BA;;;
709101;03/08/2025;domingo;11:00:00;SC;101;103;BALNEARIO PICARRAS;Rea��o tardia ou ineficiente do condutor;Colis�o traseira;Com V�timas Feridas;Pleno dia;Crescente;Nublado;Dupla;"Declive;Reta";Sim;2;0;1;0;1;0;1;2;-26,78448012;-48,68302552;SPRF-SC;DEL03-SC;UOP02-DEL03-SC;;;
709106;03/08/2025;domingo;11:30:00;RJ;40;70;PETROPOLIS;Velocidade Incompat�vel;Colis�o com objeto;Com V�timas Feridas;Pleno dia;Crescente;C�u Claro;Dupla;Curva;N�o;1;0;1;0;0;0;1;1;-22,451145;-43,203295;SPRF-RJ;DEL05-RJ;UOP02-DEL05-RJ;;;
709110;03/08/2025;domingo;12:25:00;PA;316;25,2;BENEVIDES;Manobra de mudan�a de faixa;Colis�o lateral mesmo sentido;Com V�timas Feridas;Pleno dia;Decrescente;C�u Claro;Dupla;Reta;N�o;2;0;1;0;1;0;1;2;-1,331092;-48,236653;SPRF-PA;DEL01-PA;UOP01-DEL01-PA;;;
709113;03/08/2025;domingo;12:15:00;GO;50;278,7;CATALAO;Acessar a via sem observar a presen�a dos outros ve�culos;Colis�o transversal;Com V�timas Feridas;Pleno dia;Crescente;C�u Claro;Simples;"Interse��o de Vias;Em Obras";N�o;28;0;1;1;26;0;2;2;-18,2157312;-47,972352;SPRF-GO;DEL06-GO;UOP01-DEL06-GO;;;
709114;03/08/2025;domingo;13:15:00;RN;304;299,3;MACAIBA;Demais falhas mec�nicas ou el�tricas;Inc�ndio;Com V�timas Feridas;Pleno dia;Decrescente;Nublado;Dupla;"Reta;Declive";Sim;1;0;1;0;0;0;1;1;-5,871477;-35,321758;SPRF-RN;DEL01-RN;UOP02-DEL01-RN;;;
709115;03/08/2025;domingo;12:00:00;MG;267;88,7;JUIZ DE FORA;Rea��o tardia ou ineficiente do condutor;Colis�o transversal;Com V�timas Feridas;Pleno dia;Crescente;C�u Claro;Simples;Reta;N�o;4;0;2;0;1;1;2;3;-21,76766485;-43,28834865;SPRF-MG;DEL05-MG;UOP01-DEL05-MG;;;
709116;03/08/2025;domingo;12:58:00;ES;101;211;IBIRACU;Manobra de mudan�a de faixa;Colis�o lateral mesmo sentido;Com V�timas Feridas;Pleno dia;Crescente;C�u Claro;Simples;Reta;N�o;6;0;5;0;1;0;5;2;-19,80791491;-40,36752284;SPRF-ES;DEL02-ES;UOP01-DEL02-ES;;;
709118;03/08/2025;domingo;08:40:00;MG;40;125,3;JOAO PINHEIRO;Condutor deixou de manter dist�ncia do ve�culo da frente;Colis�o traseira;Com V�timas Feridas;Pleno dia;Crescente;C�u Claro;Simples;Reta;N�o;2;0;1;0;1;0;1;2;-17,685201;-46,323039;SPRF-MG;DEL14-MG;UOP01-DEL14-MG;;;
709120;03/08/2025;domingo;13:25:00;SC;101;93;BARRA VELHA;Mal s�bito do condutor;Colis�o lateral mesmo sentido;Com V�timas Feridas;Pleno dia;Decrescente;Nublado;Dupla;Reta;Sim;2;0;1;0;1;0;1;2;-26,70227;-48,69941;SPRF-SC;DEL03-SC;UOP02-DEL03-SC;;;
709121;03/08/2025;domingo;13:55:00;MG;381;505,5;BETIM;Ingest�o de �lcool pelo condutor;Colis�o lateral mesmo sentido;Com V�timas Feridas;Pleno dia;Decrescente;C�u Claro;Dupla;"Declive;Reta";Sim;3;0;2;1;0;0;3;2;-20,03390909;-44,24186753;SPRF-MG;DEL01-MG;UOP03-DEL01-MG;;;