id;data_inversa;dia_semana;horario;uf;br;km;municipio;causa_acidente;tipo_acidente;classificacao_acidente;fase_dia;sentido_via;condicao_metereologica;tipo_pista;tracado_via;uso_solo;pessoas;mortos;feridos_leves;feridos_graves;ilesos;ignorados;feridos;veiculos;latitude;longitude;regional;delegacia;uop;;;
709122;03/08/2025;domingo;12:45:00;MG;381;401,1;NOVA UNIAO;Afundamento ou ondula��o no pavimento;Tombamento;Com V�timas Feridas;Pleno dia;Decrescente;C�u Claro;Dupla;"Declive;Curva";N�o;1;0;0;1;0;0;1;1;-19,752562;-43,539265;SPRF-MG;DEL01-MG;UOP01-DEL01-MG;;;
709124;03/08/2025;domingo;12:15:00;MG;381;912,9;CAMANDUCAIA;Rea��o tardia ou ineficiente do condutor;Capotamento;Com V�timas Feridas;Pleno dia;Crescente;C�u Claro;Dupla;Curva;N�o;4;0;4;0;0;0;4;1;-22,71207789;-46,1226082;SPRF-MG;DEL16-MG;UOP03-DEL16-MG;;;
709125;03/08/2025;domingo;14:00:00;MG;50;17;ARAGUARI;Velocidade Incompat�vel;Tombamento;Com V�timas Fatais;Pleno dia;Crescente;C�u Claro;Dupla;"Curva;Aclive";N�o;2;1;0;1;0;0;1;1;-18,51598558;-48,03597897;SPRF-MG;DEL15-MG;UOP02-DEL15-MG;;;
709128;03/08/2025;domingo;12:55:00;PE;232;127;CARUARU;Condutor Dormindo;Colis�o lateral sentido oposto;Com V�timas Feridas;Pleno dia;Crescente;Garoa/Chuvisco;Simples;Viaduto;Sim;3;0;2;0;1;0;2;2;-8,3039261;-35,9653086;SPRF-PE;DEL02-PE;UOP03-DEL02-PE;;;
709129;22/07/2025;ter�a-feira;05:45:00;PR;116;73;QUATRO BARRAS;Aus�ncia de rea��o do condutor;Sa�da de leito carro��vel;Com V�timas Feridas;Amanhecer;Decrescente;C�u Claro;Dupla;"Declive;Curva";N�o;8;0;7;0;1;0;7;1;-25,36353;-49,041132;SPRF-PR;DEL01-PR;UOP02-DEL01-PR;;;
709130;03/08/2025;domingo;12:07:00;MT;163;753;SORRISO;Rea��o tardia ou ineficiente do condutor;Tombamento;Com V�timas Feridas;Pleno dia;Decrescente;Sol;Dupla;Reta;Sim;1;0;1;0;0;0;1;1;-12,552085;-55,714563;SPRF-MT;DEL06-MT;UOP01-DEL06-MT;;;
709131;03/08/2025;domingo;14:00:00;RJ;116;170;RIO DE JANEIRO;Manobra de mudan�a de faixa;Colis�o lateral mesmo sentido;Com V�timas Feridas;Pleno dia;Decrescente;C�u Claro;Dupla;Reta;N�o;3;0;2;0;1;0;2;2;-22,8044788;-43,3451977;SPRF-RJ;DEL06-RJ;UOP01-DEL06-RJ;;;
709134;03/08/2025;domingo;12:30:00;SC;282;598,4;CUNHA PORA;Acumulo de �gua sobre o pavimento;Sa�da de leito carro��vel;Com V�timas Feridas;Pleno dia;Decrescente;Chuva;Simples;"Curva;Declive";N�o;2;0;2;0;0;0;2;1;-26,82385057;-53,15038562;SPRF-SC;DEL07-SC;UOP02-DEL07-SC;;;
709135;03/08/2025;domingo;14:20:00;SP;381;76;SAO PAULO;Rea��o tardia ou ineficiente do condutor;Queda de ocupante de ve�culo;Com V�timas Feridas;Pleno dia;Crescente;C�u Claro;Dupla;Curva;N�o;3;0;2;0;0;1;2;2;-23,38398215;-46,56508288;SPRF-SP;DEL03-SP;UOP01-DEL03-SP;;;
709136;03/08/2025;domingo;13:20:00;PI;230;270,7;NAZARE DO PIAUI;Velocidade Incompat�vel;Colis�o com objeto;Sem V�timas;Pleno dia;Decrescente;C�u Claro;Simples;Reta;N�o;1;0;0;0;0;1;0;1;-6,949;-42,711233;SPRF-PI;DEL03-PI;UOP01-DEL03-PI;;;
709137;11/07/2025;sexta-feira;05:25:00;PR;369;165,1;CAMBE;Acessar a via sem observar a presen�a dos outros ve�culos;Colis�o transversal;Com V�timas Fatais;Plena Noite;Decrescente;C�u Claro;Dupla;Retorno Regulamentado;N�o;2;1;1;0;0;0;1;2;-23,29537667;-51,30206049;SPRF-PR;DEL07-PR;UOP01-DEL07-PR;;;
709139;03/08/2025;domingo;15:30:00;MG;381;434,5;SABARA;Rea��o tardia ou ineficiente do condutor;Colis�o traseira;Com V�timas Feridas;Pleno dia;Crescente;C�u Claro;Simples;"Aclive;Curva";N�o;3;0;1;0;2;0;1;2;-19,810208;-43,766583;SPRF-MG;DEL01-MG;UOP01-DEL01-MG;;;
709140;03/08/2025;domingo;13:30:00;PI;316;305,1;PICOS;Acumulo de �leo sobre o pavimento;Tombamento;Com V�timas Feridas;Pleno dia;Decrescente;C�u Claro;Simples;"Curva;Aclive";Sim;2;0;2;0;0;0;2;1;-7,071822;-41,508423;SPRF-PI;DEL04-PI;UOP01-DEL04-PI;;;
709141;10/07/2025;quinta-feira;22:40:00;SC;101;332,2;TUBARAO;Rea��o tardia ou ineficiente do condutor;Capotamento;Sem V�timas;Plena Noite;Decrescente;C�u Claro;M�ltipla;Reta;Sim;2;0;0;0;2;0;0;2;-28,46016431;-48,98968873;SPRF-SC;DEL02-SC;UOP01-DEL02-SC;;;
709142;03/08/2025;domingo;15:10:00;RS;290;17;SANTO ANTONIO DA PATRULHA;Demais falhas mec�nicas ou el�tricas;Inc�ndio;Sem V�timas;Pleno dia;Crescente;Garoa/Chuvisco;Dupla;Reta;N�o;1;0;0;0;1;0;0;1;-29,874721;-50,423852;SPRF-RS;DEL03-RS;UOP01-DEL03-RS;;;
709143;08/06/2025;domingo;12:50:00;MG;40;559,5;NOVA LIMA;Aus�ncia de rea��o do condutor;Sa�da de leito carro��vel;Com V�timas Feridas;Pleno dia;Crescente;Sol;Dupla;Reta;N�o;1;0;1;0;0;0;1;1;-20,12589881;-43,96570802;SPRF-MG;DEL01-MG;UOP02-DEL01-MG;;;
709144;03/08/2025;domingo;11:08:00;RR;432;208;CANTA;Transitar na contram�o;Colis�o transversal;Sem V�timas;Pleno dia;Crescente;Sol;Simples;Reta;N�o;3;0;0;0;2;1;0;2;2,77814165;-60,60907312;SPRF-RR;DEL01-RR;UOP01-DEL01-RR;;;
709145;03/08/2025;domingo;15:40:00;RN;405;136;SAO FRANCISCO DO OESTE;Ultrapassagem Indevida;Colis�o frontal;Com V�timas Fatais;Pleno dia;Decrescente;C�u Claro;Simples;Reta;Sim;2;1;0;1;0;0;1;2;-5,995559;-38,163052;SPRF-RN;DEL04-RN;UOP02-DEL04-RN;;;
709147;03/08/2025;domingo;15:40:00;SE;235;62;ITABAIANA;Ingest�o de �lcool pelo condutor;Queda de ocupante de ve�culo;Com V�timas Feridas;Pleno dia;Decrescente;Chuva;Simples;Reta;N�o;1;0;1;0;0;0;1;1;-10,60864438;-37,47779846;SPRF-SE;DEL01-SE;UOP02-DEL01-SE;;;
709148;03/08/2025;domingo;15:24:00;PE;428;186,9;PETROLINA;Manobra de mudan�a de faixa;Colis�o lateral mesmo sentido;Com V�timas Feridas;Pleno dia;Crescente;C�u Claro;Dupla;Rotat�ria;Sim;4;0;2;0;2;0;2;2;-9,37468613;-40,48874024;SPRF-PE;DEL06-PE;UOP01-DEL06-PE;;;
709150;03/08/2025;domingo;16:00:00;RS;101;14;DOM PEDRO DE ALCANTARA;Acessar a via sem observar a presen�a dos outros ve�culos;Colis�o lateral mesmo sentido;Com V�timas Feridas;Pleno dia;Crescente;Garoa/Chuvisco;Dupla;Interse��o de Vias;Sim;2;0;1;0;1;0;1;2;-29,39762084;-49,84918392;SPRF-RS;DEL03-RS;UOP02-DEL03-RS;;;
709151;03/08/2025;domingo;12:00:00;AC;317;175;CAPIXABA;Pista esburacada;Sa�da de leito carro��vel;Com V�timas Feridas;Pleno dia;Crescente;C�u Claro;Simples;Reta;N�o;2;0;1;0;1;0;1;1;-10,592732;-67,925341;SPRF-AC;DEL01-AC;UOP02-DEL01-AC;;;
709153;03/08/2025;domingo;15:45:00;MG;40;509;RIBEIRAO DAS NEVES;Aus�ncia de rea��o do condutor;Colis�o traseira;Com V�timas Feridas;Pleno dia;Crescente;C�u Claro;Dupla;Reta;Sim;4;0;1;0;3;0;1;3;-19,78378378;-44,11747686;SPRF-MG;DEL01-MG;UOP02-DEL01-MG;;;
709154;03/08/2025;domingo;16:20:00;PR;116;131;FAZENDA RIO GRANDE;Rea��o tardia ou ineficiente do condutor;Sa�da de leito carro��vel;Com V�timas Feridas;Pleno dia;Crescente;C�u Claro;Dupla;Reta;Sim;1;0;1;0;0;0;1;1;-25,686547;-49,31661;SPRF-PR;DEL01-PR;UOP03-DEL01-PR;;;
709156;03/08/2025;domingo;16:00:00;GO;20;140;FLORES DE GOIAS;Ultrapassagem Indevida;Colis�o frontal;Sem V�timas;Pleno dia;Decrescente;C�u Claro;Simples;Reta;N�o;2;0;0;0;2;0;0;2;-14,781568;-46,690673;SPRF-DF;DEL02-DF;UOP03-DEL02-DF;;;
709157;03/08/2025;domingo;15:00:00;RJ;465;17;SEROPEDICA;Acessar a via sem observar a presen�a dos outros ve�culos;Colis�o transversal;Com V�timas Feridas;Pleno dia;Crescente;C�u Claro;Simples;Reta;N�o;2;0;1;0;1;0;1;2;-22,7147776;-43,7223424;SPRF-RJ;DEL06-RJ;UOP02-DEL06-RJ;;;
709158;03/08/2025;domingo;15:30:00;CE;116;56;CHOROZINHO;Condutor deixou de manter dist�ncia do ve�culo da frente;Engavetamento;Com V�timas Feridas;Plena Noite;Crescente;C�u Claro;Simples;Reta;N�o;11;0;1;0;10;0;1;3;-4,24283172;-38,48128259;SPRF-CE;DEL01-CE;UOP04-DEL01-CE;;;
709160;03/08/2025;domingo;06:00:00;RS;386;275,4;FONTOURA XAVIER;Condutor Dormindo;Sa�da de leito carro��vel;Com V�timas Feridas;Pleno dia;Decrescente;Chuva;Simples;Curva;N�o;1;0;1;0;0;0;1;1;-29,01344157;-52,32663631;SPRF-RS;DEL04-RS;UOP03-DEL04-RS;;;
709161;03/08/2025;domingo;16:40:00;MG;381;1;BETIM;Condutor deixou de manter dist�ncia do ve�culo da frente;Colis�o traseira;Com V�timas Feridas;Pleno dia;Decrescente;C�u Claro;Dupla;"Reta;Aclive";Sim;7;0;1;0;5;1;1;5;-19,96796788;-44,15971463;SPRF-MG;DEL01-MG;UOP03-DEL01-MG;;;
709162;03/08/2025;domingo;15:40:00;MG;116;605,3;SAO JOAO DO MANHUACU;Velocidade Incompat�vel;Tombamento;Com V�timas Feridas;Pleno dia;Crescente;C�u Claro;Simples;Reta;N�o;1;0;1;0;0;0;1;1;-20,38305;-42,147085;SPRF-MG;DEL06-MG;UOP03-DEL06-MG;;;
709163;03/08/2025;domingo;17:20:00;BA;116;486,5;RAFAEL JAMBEIRO;Rea��o tardia ou ineficiente do condutor;Tombamento;Com V�timas Feridas;Pleno dia;Decrescente;C�u Claro;Dupla;Reta;N�o;3;0;0;2;0;1;2;2;-12,5504;-39,4525;SPRF-BA;DEL02-BA;UOP01-DEL02-BA;;;
709164;03/08/2025;domingo;16:30:00;SC;470;71,1;RODEIO;Condutor deixou de manter dist�ncia do ve�culo da frente;Colis�o traseira;Com V�timas Feridas;Pleno dia;Crescente;Nublado;Simples;Curva;N�o;4;0;2;0;2;0;2;2;-26,94283;-49,2938;SPRF-SC;DEL04-SC;UOP01-DEL04-SC;;;
709167;03/08/2025;domingo;16:30:00;MS;262;483,4;ANASTACIO;Demais falhas mec�nicas ou el�tricas;Tombamento;Com V�timas Feridas;Pleno dia;Crescente;C�u Claro;Simples;Reta;N�o;1;0;1;0;0;0;1;1;-20,50321603;-55,75408979;SPRF-MS;DEL03-MS;UOP01-DEL03-MS;;;
709169;03/08/2025;domingo;17:17:00;PA;316;27;BENEVIDES;Avarias e/ou desgaste excessivo no pneu;Queda de ocupante de ve�culo;Com V�timas Feridas;Pleno dia;Decrescente;C�u Claro;Dupla;Reta;Sim;2;0;1;1;0;0;2;1;-1,315;-48,225;SPRF-PA;DEL01-PA;UOP01-DEL01-PA;;;
709170;03/08/2025;domingo;16:59:00;DF;70;6,8;BRASILIA;Ingest�o de �lcool pelo condutor;Colis�o traseira;Sem V�timas;Pleno dia;Decrescente;C�u Claro;Dupla;Reta;Sim;2;0;0;0;1;1;0;2;-15,78718556;-48,11631829;SPRF-DF;DEL03-DF;UOP02-DEL03-DF;;;
709171;03/08/2025;domingo;16:00:00;SC;282;374;ERVAL VELHO;Avarias e/ou desgaste excessivo no pneu;Sa�da de leito carro��vel;Com V�timas Feridas;Pleno dia;Decrescente;Chuva;Simples;"Declive;Curva";N�o;4;0;4;0;0;0;4;1;-27,23948678;-51,45137823;SPRF-SC;DEL07-SC;UOP05-DEL07-SC;;;
709172;03/08/2025;domingo;16:00:00;SC;282;544,4;CHAPECO;Aus�ncia de rea��o do condutor;Sa�da de leito carro��vel;Com V�timas Feridas;Pleno dia;Decrescente;Ignorado;Simples;Curva;N�o;1;0;1;0;0;0;1;1;-26,991907;-52,725127;SPRF-SC;DEL07-SC;UOP01-DEL07-SC;;;
709173;03/08/2025;domingo;17:39:00;ES;101;157,7;LINHARES;Demais falhas mec�nicas ou el�tricas;Tombamento;Com V�timas Feridas;Anoitecer;Decrescente;C�u Claro;Simples;Reta;N�o;2;0;2;0;0;0;2;1;-19,42963092;-40,08310318;SPRF-ES;DEL04-ES;UOP01-DEL04-ES;;;
709174;03/08/2025;domingo;16:50:00;PB;104;160,9;BARRA DE SANTANA;Rea��o tardia ou ineficiente do condutor;Colis�o traseira;Com V�timas Feridas;Pleno dia;Decrescente;C�u Claro;Simples;"Aclive;Reta";N�o;2;0;1;0;1;0;1;2;-7,51909599;-35,98485768;SPRF-PB;DEL02-PB;UOP03-DEL02-PB;;;
709175;03/08/2025;domingo;17:00:00;BA;367;67,4;PORTO SEGURO;Velocidade Incompat�vel;Capotamento;Com V�timas Feridas;Anoitecer;Crescente;Nublado;Simples;Curva;N�o;4;0;3;1;0;0;4;1;-16,39623661;-39,41516876;SPRF-BA;DEL09-BA;UOP03-DEL09-BA;;;
709176;03/08/2025;domingo;17:30:00;RJ;116;183;NOVA IGUACU;Condutor Dormindo;Colis�o traseira;Com V�timas Feridas;Anoitecer;Crescente;C�u Claro;Simples;Reta;N�o;6;0;2;0;4;0;2;3;-22,75275466;-43,43719482;SPRF-RJ;DEL06-RJ;UOP01-DEL06-RJ;;;
709177;03/08/2025;domingo;09:15:00;MG;116;461,1;TARUMIRIM;Aus�ncia de rea��o do condutor;Colis�o traseira;Com V�timas Feridas;Pleno dia;Decrescente;C�u Claro;Simples;Reta;N�o;2;0;1;0;0;1;1;2;-19,24424723;-42,05736492;SPRF-MG;DEL06-MG;UOP02-DEL06-MG;;;
709178;03/08/2025;domingo;17:00:00;SC;101;197;BIGUACU;Ingest�o de �lcool pelo condutor;Colis�o traseira;Sem V�timas;Pleno dia;Decrescente;Nublado;M�ltipla;"Aclive;Curva";Sim;2;0;0;0;2;0;0;2;-27,52401802;-48,6364788;SPRF-SC;DEL01-SC;UOP01-DEL01-SC;;;
709179;03/08/2025;domingo;17:20:00;SC;470;59,5;BLUMENAU;Transitar na contram�o;Colis�o frontal;Com V�timas Feridas;Anoitecer;Decrescente;C�u Claro;Simples;Curva;N�o;2;0;1;0;1;0;1;2;-26,8821599;-49,159482;SPRF-SC;DEL04-SC;UOP01-DEL04-SC;;;
709180;03/08/2025;domingo;17:30:00;SP;116;112;TAUBATE;Manobra de mudan�a de faixa;Colis�o traseira;Com V�timas Feridas;Plena Noite;Crescente;C�u Claro;Dupla;Reta;Sim;2;0;0;1;1;0;1;2;-23,04267979;-45,57570057;SPRF-SP;DEL02-SP;UOP02-DEL02-SP;;;
709181;03/08/2025;domingo;16:20:00;RS;386;84,5;LAJEADO DO BUGRE;Aus�ncia de rea��o do condutor;Colis�o transversal;Com V�timas Feridas;Anoitecer;Decrescente;Chuva;Simples;Reta;N�o;2;0;1;0;1;0;1;2;-27,72713223;-53,23420465;SPRF-RS;DEL08-RS;UOP02-DEL08-RS;;;
709182;03/08/2025;domingo;15:45:00;PI;343;73;BURITI DOS LOPES;Convers�o proibida;Colis�o transversal;Com V�timas Feridas;Pleno dia;Decrescente;C�u Claro;Simples;Reta;N�o;4;0;0;3;1;0;3;2;-3,32184504;-41,74221039;SPRF-PI;DEL05-PI;UOP01-DEL05-PI;;;
709183;03/08/2025;domingo;18:20:00;GO;153;656;GOIATUBA;Velocidade Incompat�vel;Capotamento;Com V�timas Feridas;Plena Noite;Crescente;C�u Claro;Dupla;Reta;N�o;5;0;4;0;1;0;4;1;-18,011492;-49,262277;SPRF-GO;DEL03-GO;UOP01-DEL03-GO;;;
709184;03/08/2025;domingo;17:40:00;TO;10;453;PALMAS;Aus�ncia de rea��o do condutor;Queda de ocupante de ve�culo;Com V�timas Feridas;Pleno dia;Crescente;C�u Claro;Dupla;Rotat�ria;N�o;1;0;1;0;0;0;1;1;-10,32817087;-48,29805342;SPRF-TO;DEL01-TO;UOP03-DEL01-TO;;;
709185;03/08/2025;domingo;16:15:00;RJ;101;406;ITAGUAI;Acessar a via sem observar a presen�a dos outros ve�culos;Colis�o transversal;Com V�timas Feridas;Pleno dia;Decrescente;C�u Claro;Dupla;Interse��o de Vias;Sim;2;0;0;1;1;0;1;2;-22,8747014;-43,81197151;SPRF-RJ;DEL03-RJ;UOP01-DEL03-RJ;;;
709186;03/08/2025;domingo;16:45:00;RJ;116;300;PORTO REAL;Rea��o tardia ou ineficiente do condutor;Capotamento;Com V�timas Feridas;Anoitecer;Crescente;C�u Claro;M�ltipla;Reta;N�o;5;0;1;0;4;0;1;1;-22,451;-44,345;SPRF-RJ;DEL07-RJ;UOP02-DEL07-RJ;;;
709187;03/08/2025;domingo;16:24:00;RJ;101;293;SAO GONCALO;Rea��o tardia ou ineficiente do condutor;Queda de ocupante de ve�culo;Com V�timas Feridas;Pleno dia;Crescente;Sol;Dupla;Curva;Sim;1;0;0;1;0;0;1;1;-22,7868672;-43,0276608;SPRF-RJ;DEL02-RJ;UOP02-DEL02-RJ;;;
709188;03/08/2025;domingo;18:00:00;MG;381;501;BETIM;Trafegar com motocicleta (ou similar) entre as faixas;Colis�o lateral sentido oposto;Com V�timas Feridas;Plena Noite;Decrescente;Nublado;Dupla;Reta;Sim;4;0;2;0;2;0;2;3;-20,0166153;-44,22281452;SPRF-MG;DEL01-MG;UOP03-DEL01-MG;;;
709189;03/08/2025;domingo;17:35:00;PR;158;336,7;LARANJEIRAS DO SUL;Ingest�o de �lcool pelo condutor;Sa�da de leito carro��vel;Com V�timas Feridas;Pleno dia;Crescente;C�u Claro;Simples;Curva;N�o;1;0;1;0;0;0;1;1;-25,370325;-52,391025;SPRF-PR;DEL04-PR;UOP02-DEL04-PR;;;
709193;03/08/2025;domingo;16:00:00;MT;364;111;PEDRA PRETA;Acessar a via sem observar a presen�a dos outros ve�culos;Colis�o transversal;Com V�timas Feridas;Plena Noite;Decrescente;C�u Claro;Simples;Reta;N�o;3;0;1;0;2;0;1;2;-16,84263119;-53,96695733;SPRF-MT;DEL02-MT;UOP02-DEL02-MT;;;
709194;03/08/2025;domingo;19:00:00;SC;101;147,2;ITAPEMA;Rea��o tardia ou ineficiente do condutor;Tombamento;Com V�timas Feridas;Plena Noite;Crescente;Nublado;Dupla;Curva;Sim;2;0;2;0;0;0;2;1;-27,09245;-48,61736;SPRF-SC;DEL04-SC;UOP03-DEL04-SC;;;
709195;03/08/2025;domingo;18:00:00;RJ;101;447;MANGARATIBA;Curva acentuada;Sa�da de leito carro��vel;Com V�timas Feridas;Plena Noite;Decrescente;C�u Claro;Simples;Curva;N�o;3;0;1;0;2;0;1;1;-22,9408768;-43,9943168;SPRF-RJ;DEL03-RJ;UOP02-DEL03-RJ;;;
709196;03/08/2025;domingo;18:40:00;RN;101;58;CEARA-MIRIM;Acessar a via sem observar a presen�a dos outros ve�culos;Colis�o transversal;Com V�timas Feridas;Plena Noite;Decrescente;C�u Claro;Simples;"Reta;Interse��o de Vias;Rotat�ria";Sim;4;0;1;0;3;0;1;2;-5,54234442;-35,31535713;SPRF-RN;DEL02-RN;UOP01-DEL02-RN;;;
709197;03/08/2025;domingo;19:01:00;RJ;116;112;GUAPIMIRIM;Rea��o tardia ou ineficiente do condutor;Tombamento;Com V�timas Feridas;Plena Noite;Crescente;Nublado;Simples;Reta;N�o;1;0;1;0;0;0;1;1;-22,560965;-42,997324;SPRF-RJ;DEL04-RJ;UOP02-DEL04-RJ;;;
709198;03/08/2025;domingo;19:00:00;ES;101;127,7;SOORETAMA;Ingest�o de �lcool pelo condutor;Tombamento;Com V�timas Feridas;Plena Noite;Decrescente;C�u Claro;Dupla;Curva;Sim;1;0;0;1;0;0;1;1;-19,21075166;-40,09477615;SPRF-ES;DEL04-ES;UOP01-DEL04-ES;;;
709200;03/08/2025;domingo;18:45:00;RJ;116;145;DUQUE DE CAXIAS;Manobra de mudan�a de faixa;Colis�o traseira;Com V�timas Feridas;Plena Noite;Crescente;C�u Claro;Dupla;Reta;Sim;3;0;1;0;1;1;1;3;-22,67020138;-43,27456065;SPRF-RJ;DEL01-RJ;UOP02-DEL01-RJ;;;
709201;03/08/2025;domingo;19:40:00;MG;381;511;IGARAPE;Aus�ncia de rea��o do condutor;Colis�o lateral sentido oposto;Com V�timas Feridas;Plena Noite;Decrescente;C�u Claro;Dupla;Reta;Sim;3;0;2;0;1;0;2;2;-20,06661668;-44,29564899;SPRF-MG;DEL01-MG;UOP03-DEL01-MG;;;
709202;03/08/2025;domingo;19:30:00;TO;153;690;CARIRI DO TOCANTINS;Defici�ncia do Sistema de Ilumina��o/Sinaliza��o;Colis�o lateral mesmo sentido;Com V�timas Feridas;Plena Noite;Decrescente;C�u Claro;Simples;Reta;N�o;3;0;1;0;2;0;1;2;-11,867;-49,1547;SPRF-TO;DEL01-TO;UOP02-DEL01-TO;;;
709203;03/08/2025;domingo;19:35:00;MG;40;693;ALFREDO VASCONCELOS;Aus�ncia de rea��o do condutor;Colis�o traseira;Com V�timas Feridas;Plena Noite;Decrescente;C�u Claro;Dupla;Reta;Sim;2;0;1;0;1;0;1;2;-21,1460573;-43,7653849;SPRF-MG;DEL05-MG;UOP02-DEL05-MG;;;
709206;03/08/2025;domingo;18:15:00;PI;402;40,3;PARNAIBA;Aus�ncia de rea��o do condutor;Atropelamento de Pedestre;Com V�timas Feridas;Anoitecer;Crescente;C�u Claro;Simples;Curva;N�o;3;0;0;1;1;1;1;2;-2,968942;-41,7072235;SPRF-PI;DEL05-PI;UOP01-DEL05-PI;;;
709207;03/08/2025;domingo;20:00:00;BA;367;30;PORTO SEGURO;Animais na Pista;Atropelamento de Animal;Com V�timas Feridas;Plena Noite;Decrescente;Garoa/Chuvisco;Simples;Reta;N�o;3;0;2;0;1;0;2;1;-16,41369195;-39,16282654;SPRF-BA;DEL09-BA;UOP03-DEL09-BA;;;
709208;03/08/2025;domingo;19:50:00;GO;60;101,1;ANAPOLIS;Ingest�o de �lcool pelo condutor;Sa�da de leito carro��vel;Com V�timas Feridas;Plena Noite;Decrescente;C�u Claro;Dupla;Reta;N�o;1;0;1;0;0;0;1;1;-16,401951;-48,974233;SPRF-GO;DEL02-GO;UOP01-DEL02-GO;;;
709209;03/08/2025;domingo;19:00:00;BA;20;186;LUIS EDUARDO MAGALHAES;Rea��o tardia ou ineficiente do condutor;Sa�da de leito carro��vel;Com V�timas Feridas;Plena Noite;Decrescente;C�u Claro;Simples;Reta;N�o;2;0;1;1;0;0;2;1;-12,314671;-45,85199;SPRF-BA;DEL10-BA;UOP01-DEL10-BA;;;
709210;03/08/2025;domingo;06:00:00;PA;230;94;SAO JOAO DO ARAGUAIA;Manobra de mudan�a de faixa;Colis�o frontal;Com V�timas Feridas;Amanhecer;Crescente;C�u Claro;Simples;"Reta;Declive";N�o;2;0;0;1;0;1;1;2;-5,444165;-48,91055;SPRF-PA;DEL03-PA;UOP01-DEL03-PA;;;
709211;03/08/2025;domingo;19:50:00;MG;116;410;GOVERNADOR VALADARES;Rea��o tardia ou ineficiente do condutor;Colis�o com objeto;Com V�timas Feridas;Plena Noite;Crescente;C�u Claro;Dupla;Reta;Sim;1;0;1;0;0;0;1;1;-18,86425787;-41,97409213;SPRF-MG;DEL06-MG;UOP01-DEL06-MG;;;
709212;03/08/2025;domingo;20:20:00;RS;116;484,8;PELOTAS;Aus�ncia de rea��o do condutor;Sa�da de leito carro��vel;Com V�timas Feridas;Plena Noite;Decrescente;C�u Claro;Dupla;Reta;N�o;1;0;1;0;0;0;1;1;-31,4946;-52,2136;SPRF-RS;DEL07-RS;UOP01-DEL07-RS;;;
709214;03/08/2025;domingo;18:32:00;RJ;101;290;ITABORAI;Condutor deixou de manter dist�ncia do ve�culo da frente;Colis�o lateral mesmo sentido;Com V�timas Feridas;Plena Noite;Crescente;C�u Claro;Dupla;"Aclive;Reta";N�o;2;0;1;0;1;0;1;2;-22,76429545;-42,87478387;SPRF-RJ;DEL02-RJ;UOP02-DEL02-RJ;;;
709216;03/08/2025;domingo;19:10:00;RN;226;76;TANGARA;Transitar na contram�o;Colis�o frontal;Com V�timas Feridas;Plena Noite;Crescente;Nublado;Simples;Reta;N�o;2;0;1;0;0;1;1;2;-6,160557;-35,752642;SPRF-RN;DEL01-RN;UOP02-DEL01-RN;;;
709217;03/08/2025;domingo;17:30:00;MG;262;22;REDUTO;Demais falhas mec�nicas ou el�tricas;Sa�da de leito carro��vel;Com V�timas Feridas;Anoitecer;Crescente;C�u Claro;Simples;Curva;N�o;1;0;1;0;0;0;1;1;-20,2459017;-41,92509368;SPRF-MG;DEL06-MG;UOP03-DEL06-MG;;;
709218;03/08/2025;domingo;20:50:00;MG;381;498;BETIM;Trafegar com motocicleta (ou similar) entre as faixas;Colis�o lateral mesmo sentido;Com V�timas Feridas;Plena Noite;Crescente;C�u Claro;Dupla;Reta;N�o;6;0;1;0;5;0;1;4;-19,9840672;-44,2023325;SPRF-MG;DEL01-MG;UOP03-DEL01-MG;;;
709219;03/08/2025;domingo;18:55:00;MG;262;423;SAO GONCALO DO PARA;Aus�ncia de rea��o do condutor;Colis�o traseira;Com V�timas Feridas;Plena Noite;Decrescente;C�u Claro;Dupla;Reta;N�o;3;0;1;0;2;0;1;2;-19,893408;-44,842138;SPRF-MG;DEL08-MG;UOP03-DEL08-MG;;;
709220;03/08/2025;domingo;20:40:00;SC;470;134,1;RIO DO SUL;Ingest�o de �lcool pelo condutor;Capotamento;Sem V�timas;Plena Noite;Crescente;Chuva;Simples;"Declive;Curva";Sim;1;0;0;0;1;0;0;1;-27,174589;-49,589246;SPRF-SC;DEL04-SC;UOP02-DEL04-SC;;;
709221;03/08/2025;domingo;18:20:00;SC;282;128,8;BOM RETIRO;Transitar na contram�o;Colis�o lateral sentido oposto;Com V�timas Feridas;Plena Noite;Decrescente;Chuva;Simples;Reta;Sim;10;0;4;1;5;0;5;3;-27,8007038;-49,4955562;SPRF-SC;DEL05-SC;UOP01-DEL05-SC;;;
709223;03/08/2025;domingo;20:50:00;CE;116;28,6;AQUIRAZ;Aus�ncia de rea��o do condutor;Colis�o traseira;Com V�timas Feridas;Plena Noite;Decrescente;C�u Claro;Dupla;Reta;N�o;2;0;1;0;1;0;1;2;-4,00076798;-38,51654291;SPRF-CE;DEL01-CE;UOP02-DEL01-CE;;;
709224;03/08/2025;domingo;21:20:00;PR;369;133;IBIPORA;Transitar na contram�o;Colis�o frontal;Com V�timas Feridas;Pleno dia;Decrescente;C�u Claro;Simples;Reta;N�o;2;0;0;1;1;0;1;2;-23,26211032;-51,0231456;SPRF-PR;DEL07-PR;UOP01-DEL07-PR;;;
709226;03/08/2025;domingo;19:30:00;PR;277;80;CURITIBA;Rea��o tardia ou ineficiente do condutor;Tombamento;Com V�timas Feridas;Plena Noite;Crescente;Garoa/Chuvisco;Dupla;Reta;N�o;1;0;1;0;0;0;1;1;-25,4745733;-49,20861594;SPRF-PR;DEL01-PR;UOP03-DEL01-PR;;;