id;data_inversa;dia_semana;horario;uf;br;km;municipio;causa_acidente;tipo_acidente;classificacao_acidente;fase_dia;sentido_via;condicao_metereologica;tipo_pista;tracado_via;uso_solo;pessoas;mortos;feridos_leves;feridos_graves;ilesos;ignorados;feridos;veiculos;latitude;longitude;regional;delegacia;uop;;;
709228;03/08/2025;domingo;19:00:00;PR;277;218;TEIXEIRA SOARES;Condutor deixou de manter dist�ncia do ve�culo da frente;Engavetamento;Com V�timas Feridas;Plena Noite;Crescente;C�u Claro;Simples;Reta;N�o;5;0;2;0;2;1;2;3;-25,46419;-50,37619;SPRF-PR;DEL08-PR;UOP02-DEL08-PR;;;
709231;03/08/2025;domingo;18:00:00;CE;230;31;LAVRAS DA MANGABEIRA;Aus�ncia de rea��o do condutor;Sa�da de leito carro��vel;Com V�timas Fatais;Pleno dia;Decrescente;Nublado;Simples;Reta;N�o;1;1;0;0;0;0;0;1;-6,75764982;-38,89009953;SPRF-CE;DEL05-CE;UOP01-DEL05-CE;;;
709232;03/08/2025;domingo;21:11:00;MS;158;196;SELVIRIA;Aus�ncia de rea��o do condutor;Capotamento;Com V�timas Feridas;Plena Noite;Crescente;C�u Claro;Simples;Reta;N�o;1;0;1;0;0;0;1;1;-20,37012487;-51,42950948;SPRF-MS;DEL07-MS;UOP01-DEL07-MS;;;
709233;03/08/2025;domingo;21:41:00;PE;101;76;RECIFE;Transitar no Acostamento;Atropelamento de Pedestre;Com V�timas Feridas;Plena Noite;Decrescente;Chuva;Dupla;Reta;Sim;2;0;1;0;1;0;1;2;-8,115932;-34,944204;SPRF-PE;DEL01-PE;UOP01-DEL01-PE;;;
709235;03/08/2025;domingo;21:05:00;RJ;101;330;NITEROI;Rea��o tardia ou ineficiente do condutor;Colis�o traseira;Com V�timas Feridas;Pleno dia;Decrescente;C�u Claro;M�ltipla;Reta;Sim;5;0;1;0;4;0;1;2;-22,8786176;-43,1128576;SPRF-RJ;DEL02-RJ;UOP01-DEL02-RJ;;;
709236;03/08/2025;domingo;22:00:00;RN;101;74;SAO GONCALO DO AMARANTE;Animais na Pista;Atropelamento de Animal;Com V�timas Feridas;Plena Noite;Crescente;C�u Claro;Simples;Reta;N�o;2;0;1;1;0;0;2;1;-5,71801547;-35,27445054;SPRF-RN;DEL02-RN;UOP01-DEL02-RN;;;
709238;03/08/2025;domingo;20:00:00;MG;116;290,6;TEOFILO OTONI;Ingest�o de �lcool pelo condutor;Colis�o lateral mesmo sentido;Com V�timas Feridas;Plena Noite;Decrescente;C�u Claro;Dupla;Reta;N�o;6;0;1;0;5;0;1;2;-17,973738;-41,545171;SPRF-MG;DEL11-MG;UOP01-DEL11-MG;;;
709239;03/08/2025;domingo;22:05:00;PR;277;644;CEU AZUL;Condutor deixou de manter dist�ncia do ve�culo da frente;Colis�o traseira;Sem V�timas;Plena Noite;Crescente;C�u Claro;Simples;Reta;N�o;2;0;0;0;2;0;0;2;-25,173537;-53,887197;SPRF-PR;DEL05-PR;UOP02-DEL05-PR;;;
709240;03/08/2025;domingo;21:15:00;RN;110;44;MOSSORO;Animais na Pista;Atropelamento de Animal;Com V�timas Feridas;Plena Noite;Crescente;C�u Claro;Simples;Reta;Sim;1;0;1;0;0;0;1;1;-5,191648;-37,309962;SPRF-RN;DEL04-RN;UOP01-DEL04-RN;;;
709241;03/08/2025;domingo;19:20:00;AC;317;287;EPITACIOLANDIA;Aus�ncia de rea��o do condutor;Colis�o lateral mesmo sentido;Com V�timas Fatais;Plena Noite;Decrescente;C�u Claro;Simples;"Reta;Declive";N�o;3;1;1;1;0;0;2;2;-11,03665906;-68,71563721;SPRF-AC;DEL01-AC;UOP02-DEL01-AC;;;
709242;03/08/2025;domingo;21:00:00;MG;40;299,8;TRES MARIAS;Ingest�o de �lcool pelo condutor;Sa�da de leito carro��vel;Com V�timas Fatais;Plena Noite;Decrescente;C�u Claro;Simples;"Curva;Aclive";N�o;1;1;0;0;0;0;0;1;-18,35077814;-45,09308338;SPRF-MG;DEL14-MG;UOP02-DEL14-MG;;;
709244;03/08/2025;domingo;22:20:00;ES;101;175;ARACRUZ;Acumulo de areia ou detritos sobre o pavimento;Sa�da de leito carro��vel;Com V�timas Feridas;Plena Noite;Decrescente;C�u Claro;Simples;Reta;N�o;1;0;1;0;0;0;1;1;-19,58842636;-40,19146228;SPRF-ES;DEL04-ES;UOP01-DEL04-ES;;;
709247;03/08/2025;domingo;21:45:00;SC;101;345,7;JAGUARUNA;Aus�ncia de rea��o do condutor;Sa�da de leito carro��vel;Com V�timas Feridas;Plena Noite;Decrescente;Nublado;Dupla;Reta;N�o;1;0;1;0;0;0;1;1;-28,56332;-49,054203;SPRF-SC;DEL02-SC;UOP01-DEL02-SC;;;
709248;03/08/2025;domingo;22:15:00;MG;40;509,8;RIBEIRAO DAS NEVES;Suic�dio (presumido);Colis�o com objeto;Com V�timas Feridas;Plena Noite;Crescente;C�u Claro;Dupla;"Declive;Reta";N�o;1;0;0;1;0;0;1;1;-19,773159;-44,124618;SPRF-MG;DEL01-MG;UOP02-DEL01-MG;;;
709249;03/08/2025;domingo;19:44:00;SC;280;24;ARAQUARI;Transitar no Acostamento;Colis�o transversal;Sem V�timas;Plena Noite;Crescente;Nublado;Simples;"Reta;Interse��o de Vias";Sim;4;0;0;0;4;0;0;2;-26,37932713;-48,72209072;SPRF-SC;DEL03-SC;UOP03-DEL03-SC;;;
709250;03/08/2025;domingo;20:15:00;SP;116;556;BARRA DO TURVO;Objeto est�tico sobre o leito carro��vel;Sa�da de leito carro��vel;Com V�timas Feridas;Plena Noite;Crescente;C�u Claro;M�ltipla;Curva;N�o;2;0;1;0;1;0;1;1;-24,9866;-48,5075;SPRF-SP;DEL05-SP;UOP02-DEL05-SP;;;
709251;03/08/2025;domingo;20:25:00;PR;277;599;CASCAVEL;Aus�ncia de rea��o do condutor;Queda de ocupante de ve�culo;Com V�timas Feridas;Plena Noite;Decrescente;C�u Claro;Dupla;Reta;N�o;1;0;0;1;0;0;1;1;-25,0011894;-53,5216057;SPRF-PR;DEL04-PR;UOP01-DEL04-PR;;;
709252;03/08/2025;domingo;22:43:00;PE;101;48;ABREU E LIMA;Aus�ncia de rea��o do condutor;Colis�o com objeto;Com V�timas Feridas;Plena Noite;Decrescente;Chuva;Dupla;Reta;Sim;2;0;0;2;0;0;2;1;-7,89651;-34,902622;SPRF-PE;DEL01-PE;UOP02-DEL01-PE;;;
709253;03/08/2025;domingo;23:20:00;RJ;101;54;CAMPOS DOS GOYTACAZES;Transitar no Acostamento;Atropelamento de Pedestre;Com V�timas Fatais;Plena Noite;Crescente;C�u Claro;Simples;Reta;N�o;3;1;0;0;0;2;0;2;-21,672077;-41,310995;SPRF-RJ;DEL08-RJ;UOP01-DEL08-RJ;;;
709254;03/08/2025;domingo;22:53:00;RS;116;262;CANOAS;Rea��o tardia ou ineficiente do condutor;Colis�o com objeto;Com V�timas Feridas;Pleno dia;Decrescente;C�u Claro;Dupla;Reta;Sim;2;0;1;0;1;0;1;1;-29,87887734;-51,18035845;SPRF-RS;DEL01-RS;UOP01-DEL01-RS;;;
709255;03/08/2025;domingo;23:00:00;PA;316;39;SANTA IZABEL DO PARA;Aus�ncia de rea��o do condutor;Colis�o traseira;Com V�timas Feridas;Plena Noite;Decrescente;Nublado;Dupla;Reta;N�o;3;0;1;1;1;0;2;2;-1,281256;-48,131395;SPRF-PA;DEL01-PA;UOP01-DEL01-PA;;;
709256;03/08/2025;domingo;21:30:00;RS;386;176,9;CARAZINHO;Acumulo de �gua sobre o pavimento;Sa�da de leito carro��vel;Com V�timas Feridas;Plena Noite;Crescente;Chuva;Simples;"Curva;Declive";Sim;2;0;2;0;0;0;2;1;-28,27990714;-52,7653268;SPRF-RS;DEL08-RS;UOP01-DEL08-RS;;;
709257;03/08/2025;domingo;21:50:00;PR;277;672;MEDIANEIRA;Rea��o tardia ou ineficiente do condutor;Sa�da de leito carro��vel;Com V�timas Feridas;Plena Noite;Decrescente;Nublado;Dupla;"Reta;Interse��o de Vias";Sim;1;0;1;0;0;0;1;1;-25,29180361;-54,10884317;SPRF-PR;DEL05-PR;UOP02-DEL05-PR;;;
709258;03/08/2025;domingo;22:00:00;SC;282;627,9;IRACEMINHA;Transitar na contram�o;Colis�o frontal;Com V�timas Fatais;Plena Noite;Crescente;Garoa/Chuvisco;Simples;"Curva;Declive";N�o;9;1;0;8;0;0;8;2;-26,818872;-53,36612;SPRF-SC;DEL07-SC;UOP02-DEL07-SC;;;
709260;04/08/2025;segunda-feira;00:40:00;RS;116;241;NOVO HAMBURGO;Ingest�o de �lcool pelo condutor;Colis�o com objeto;Com V�timas Feridas;Plena Noite;Crescente;Garoa/Chuvisco;M�ltipla;"Viaduto;Reta";Sim;4;0;3;0;1;0;3;1;-29,71373649;-51,14784356;SPRF-RS;DEL01-RS;UOP02-DEL01-RS;;;
709262;03/08/2025;domingo;22:30:00;RJ;465;7;SEROPEDICA;Rea��o tardia ou ineficiente do condutor;Engavetamento;Com V�timas Feridas;Plena Noite;Crescente;Nublado;Dupla;Reta;N�o;6;0;2;1;3;0;3;3;-22,77048345;-43,67365837;SPRF-RJ;DEL06-RJ;UOP02-DEL06-RJ;;;
709263;03/08/2025;domingo;23:40:00;MT;70;514;VARZEA GRANDE;Manobra de mudan�a de faixa;Colis�o frontal;Com V�timas Feridas;Plena Noite;Crescente;Chuva;Simples;Reta;Sim;3;0;3;0;0;0;3;2;-15,705989;-56,133159;SPRF-MT;DEL01-MT;UOP02-DEL01-MT;;;
709265;04/08/2025;segunda-feira;00:20:00;RJ;116;187;NOVA IGUACU;Condutor usando celular;Colis�o traseira;Com V�timas Feridas;Plena Noite;Decrescente;C�u Claro;M�ltipla;Reta;Sim;3;0;2;0;0;1;2;2;-22,73905534;-43,47220151;SPRF-RJ;DEL06-RJ;UOP01-DEL06-RJ;;;
709266;03/08/2025;domingo;23:20:00;RJ;465;3;SEROPEDICA;Aus�ncia de rea��o do condutor;Queda de ocupante de ve�culo;Com V�timas Feridas;Plena Noite;Decrescente;C�u Claro;Simples;"Curva;Retorno Regulamentado";N�o;2;0;0;2;0;0;2;1;-22,73797231;-43,70840907;SPRF-RJ;DEL06-RJ;UOP02-DEL06-RJ;;;
709268;04/08/2025;segunda-feira;01:34:00;MG;40;441,7;PARAOPEBA;Animais na Pista;Atropelamento de Animal;Com V�timas Feridas;Plena Noite;Crescente;Ignorado;Dupla;Reta;N�o;3;0;2;0;1;0;2;1;-19,273895;-44,419048;SPRF-MG;DEL02-MG;UOP01-DEL02-MG;;;
709269;04/08/2025;segunda-feira;01:20:00;PB;230;41;SANTA RITA;Aus�ncia de rea��o do condutor;Colis�o lateral mesmo sentido;Sem V�timas;Plena Noite;Crescente;Garoa/Chuvisco;Dupla;Reta;N�o;2;0;0;0;2;0;0;2;-7,14294275;-34,98903563;SPRF-PB;DEL01-PB;UOP02-DEL01-PB;;;
709270;04/08/2025;segunda-feira;00:15:00;RS;153;407,3;CACHOEIRA DO SUL;Desrespeitar a prefer�ncia no cruzamento;Colis�o transversal;Com V�timas Feridas;Plena Noite;Crescente;Nublado;Dupla;Interse��o de Vias;Sim;3;0;1;0;2;0;1;2;-30,02197924;-52,91768488;SPRF-RS;DEL02-RS;UOP03-DEL02-RS;;;
709272;04/08/2025;segunda-feira;01:25:00;PB;361;5,8;PATOS;Animais na Pista;Tombamento;Com V�timas Fatais;Plena Noite;Crescente;C�u Claro;Simples;Reta;Sim;1;1;0;0;0;0;0;1;-7,035697;-37,309758;SPRF-PB;DEL03-PB;UOP01-DEL03-PB;;;
709274;04/08/2025;segunda-feira;04:10:00;SC;101;74,5;ARAQUARI;Ingest�o de �lcool pelo condutor;Colis�o com objeto;Com V�timas Feridas;Plena Noite;Crescente;Nublado;Dupla;"Declive;Curva";Sim;1;0;1;0;0;0;1;1;-26,54971115;-48,71414836;SPRF-SC;DEL03-SC;UOP02-DEL03-SC;;;
709278;04/08/2025;segunda-feira;05:00:00;PB;101;93;JOAO PESSOA;Demais falhas mec�nicas ou el�tricas;Inc�ndio;Sem V�timas;Amanhecer;Crescente;Chuva;Dupla;"Reta;Interse��o de Vias";N�o;1;0;0;0;1;0;0;1;-7,2105649;-34,91049439;SPRF-PB;DEL01-PB;UOP01-DEL01-PB;;;
709280;04/08/2025;segunda-feira;04:45:00;MS;163;14;MUNDO NOVO;Chuva;Sa�da de leito carro��vel;Com V�timas Feridas;Plena Noite;Crescente;Chuva;Simples;Reta;N�o;4;0;2;0;2;0;2;1;-23,95464602;-54,31666374;SPRF-MS;DEL09-MS;UOP02-DEL09-MS;;;
709281;04/08/2025;segunda-feira;05:10:00;PB;230;41,6;SANTA RITA;Aus�ncia de rea��o do condutor;Colis�o traseira;Com V�timas Feridas;Amanhecer;Decrescente;Chuva;Dupla;"Aclive;Curva";Sim;4;0;0;2;0;2;2;3;-7,142489;-34,995245;SPRF-PB;DEL01-PB;UOP02-DEL01-PB;;;
709282;04/08/2025;segunda-feira;03:00:00;MT;163;692;SORRISO;Ingest�o de �lcool pelo condutor;Tombamento;Sem V�timas;Plena Noite;Crescente;C�u Claro;Simples;Reta;N�o;1;0;0;0;1;0;0;1;-13,046152;-55,904589;SPRF-MT;DEL06-MT;UOP01-DEL06-MT;;;
709283;04/08/2025;segunda-feira;05:20:00;DF;20;6;BRASILIA;Aus�ncia de rea��o do condutor;Capotamento;Com V�timas Feridas;Amanhecer;Decrescente;C�u Claro;Dupla;Curva;Sim;4;0;3;0;1;0;3;1;-15,66529;-47,80718;SPRF-DF;DEL02-DF;UOP01-DEL02-DF;;;
709284;04/08/2025;segunda-feira;06:00:00;RJ;101;2;CAMPOS DOS GOYTACAZES;Condutor Dormindo;Sa�da de leito carro��vel;Com V�timas Feridas;Amanhecer;Decrescente;C�u Claro;Simples;Reta;Sim;1;0;1;0;0;0;1;1;-21,238128;-41,322525;SPRF-RJ;DEL08-RJ;UOP01-DEL08-RJ;;;
709286;03/08/2025;domingo;20:30:00;PI;222;95;BATALHA;Ingest�o de �lcool pelo condutor;Sa�da de leito carro��vel;Com V�timas Fatais;Plena Noite;Crescente;C�u Claro;Simples;Reta;N�o;1;1;0;0;0;0;0;1;-4,21672;-41,93671;SPRF-PI;DEL02-PI;UOP01-DEL02-PI;;;
709287;03/08/2025;domingo;23:30:00;SP;381;41;ATIBAIA;Aus�ncia de rea��o do condutor;Colis�o com objeto;Sem V�timas;Plena Noite;Crescente;C�u Claro;Dupla;Reta;Sim;1;0;0;0;0;1;0;1;-23,13926555;-46,57571697;SPRF-SP;DEL03-SP;UOP01-DEL03-SP;;;
709288;25/02/2025;ter�a-feira;07:00:00;PR;116;116;CURITIBA;Condutor deixou de manter dist�ncia do ve�culo da frente;Colis�o traseira;Com V�timas Feridas;Pleno dia;Decrescente;Sol;Dupla;Reta;Sim;3;0;1;1;1;0;2;3;-25,55156432;-49,3049401;SPRF-PR;DEL01-PR;UOP03-DEL01-PR;;;
709291;04/08/2025;segunda-feira;07:00:00;GO;50;209;CAMPO ALEGRE DE GOIAS;Condutor Dormindo;Sa�da de leito carro��vel;Com V�timas Feridas;Amanhecer;Crescente;C�u Claro;Dupla;Curva;Sim;5;0;2;0;3;0;2;1;-17,642386;-47,762492;SPRF-GO;DEL06-GO;UOP01-DEL06-GO;;;
709293;04/08/2025;segunda-feira;06:30:00;RJ;101;97;CAMPOS DOS GOYTACAZES;Velocidade Incompat�vel;Sa�da de leito carro��vel;Com V�timas Feridas;Pleno dia;Crescente;C�u Claro;Dupla;Reta;N�o;2;0;1;0;1;0;1;1;-21,87240342;-41,56791971;SPRF-RJ;DEL08-RJ;UOP02-DEL08-RJ;;;
709294;04/08/2025;segunda-feira;07:30:00;RS;386;6,3;IRAI;Aus�ncia de rea��o do condutor;Colis�o traseira;Com V�timas Feridas;Pleno dia;Decrescente;Chuva;Simples;Reta;N�o;4;0;0;1;3;0;1;2;-27,19473043;-53,27891557;SPRF-RS;DEL08-RS;UOP02-DEL08-RS;;;
709295;04/08/2025;segunda-feira;07:05:00;DF;20;8;BRASILIA;Manobra de mudan�a de faixa;Colis�o lateral mesmo sentido;Com V�timas Feridas;Pleno dia;Decrescente;C�u Claro;Dupla;Reta;Sim;2;0;1;0;1;0;1;2;-15,65676025;-47,7883485;SPRF-DF;DEL02-DF;UOP01-DEL02-DF;;;
709296;04/08/2025;segunda-feira;07:30:00;RJ;101;232,5;SILVA JARDIM;Aus�ncia de rea��o do condutor;Queda de ocupante de ve�culo;Com V�timas Feridas;Pleno dia;Decrescente;C�u Claro;Dupla;Reta;N�o;1;0;0;1;0;0;1;1;-22,5902835;-42,3859568;SPRF-RJ;DEL02-RJ;UOP03-DEL02-RJ;;;
709298;04/08/2025;segunda-feira;06:45:00;PR;116;125,7;FAZENDA RIO GRANDE;Condutor deixou de manter dist�ncia do ve�culo da frente;Colis�o lateral mesmo sentido;Com V�timas Feridas;Pleno dia;Decrescente;Nublado;Dupla;"Reta;Declive";Sim;3;0;1;0;2;0;1;2;-25,637227;-49,313097;SPRF-PR;DEL01-PR;UOP03-DEL01-PR;;;
709299;04/08/2025;segunda-feira;07:10:00;PR;376;179;MARINGA;Aus�ncia de rea��o do condutor;Colis�o traseira;Com V�timas Feridas;Pleno dia;Crescente;Nublado;Dupla;Viaduto;Sim;4;0;1;0;2;1;1;3;-23,42298;-51,90551;SPRF-PR;DEL09-PR;UOP01-DEL09-PR;;;
709300;04/08/2025;segunda-feira;07:35:00;SC;101;179,7;GOVERNADOR CELSO RAMOS;Acumulo de areia ou detritos sobre o pavimento;Tombamento;Com V�timas Feridas;Pleno dia;Decrescente;Garoa/Chuvisco;Simples;Viaduto;Sim;2;0;2;0;0;0;2;1;-27,378614;-48,630786;SPRF-SC;DEL01-SC;UOP01-DEL01-SC;;;
709302;03/08/2025;domingo;22:00:00;RJ;465;14;SEROPEDICA;Acessar a via sem observar a presen�a dos outros ve�culos;Colis�o frontal;Com V�timas Feridas;Plena Noite;Decrescente;Ignorado;Simples;Reta;Sim;2;0;0;1;1;0;1;2;-22,80313969;-43,64132015;SPRF-RJ;DEL06-RJ;UOP02-DEL06-RJ;;;
709303;04/08/2025;segunda-feira;07:45:00;PI;343;18,8;PARNAIBA;Aus�ncia de rea��o do condutor;Colis�o traseira;Com V�timas Feridas;Pleno dia;Decrescente;C�u Claro;Simples;Reta;N�o;2;0;1;0;0;1;1;2;-2,96952777;-41,76055479;SPRF-PI;DEL05-PI;UOP01-DEL05-PI;;;
709304;04/08/2025;segunda-feira;01:00:00;MG;116;518;UBAPORANGA;Aus�ncia de rea��o do condutor;Sa�da de leito carro��vel;Com V�timas Feridas;Plena Noite;Decrescente;C�u Claro;Simples;Curva;N�o;1;0;0;1;0;0;1;1;-19,70709854;-42,11807728;SPRF-MG;DEL06-MG;UOP02-DEL06-MG;;;
709305;04/08/2025;segunda-feira;07:55:00;SC;101;210;FLORIANOPOLIS;Manobra de mudan�a de faixa;Colis�o traseira;Com V�timas Feridas;Pleno dia;Decrescente;Nublado;M�ltipla;Reta;Sim;3;0;1;0;2;0;1;2;-27,5972096;-48,5588992;SPRF-SC;DEL01-SC;UOP01-DEL01-SC;;;
709307;04/08/2025;segunda-feira;07:18:00;DF;60;28;BRASILIA;Demais falhas mec�nicas ou el�tricas;Queda de ocupante de ve�culo;Com V�timas Feridas;Pleno dia;Crescente;C�u Claro;Dupla;Reta;Sim;2;0;2;0;0;0;2;1;-16,019459;-48,249905;SPRF-DF;DEL03-DF;UOP01-DEL03-DF;;;
709308;04/08/2025;segunda-feira;06:30:00;SC;101;441;SANTA ROSA DO SUL;Pedestre andava na pista;Atropelamento de Pedestre;Com V�timas Feridas;Amanhecer;Crescente;Chuva;M�ltipla;Reta;Sim;2;0;0;1;0;1;1;2;-29,128923;-49,68529;SPRF-SC;DEL02-SC;UOP02-DEL02-SC;;;
709310;04/08/2025;segunda-feira;08:20:00;SC;101;189;BIGUACU;Aus�ncia de rea��o do condutor;Capotamento;Com V�timas Feridas;Pleno dia;Decrescente;Chuva;M�ltipla;Curva;Sim;2;0;2;0;0;0;2;1;-27,46389424;-48,6415693;SPRF-SC;DEL01-SC;UOP01-DEL01-SC;;;
709311;04/08/2025;segunda-feira;06:25:00;RN;101;103,8;PARNAMIRIM;Condutor deixou de manter dist�ncia do ve�culo da frente;Engavetamento;Com V�timas Feridas;Pleno dia;Decrescente;C�u Claro;M�ltipla;Viaduto;Sim;4;0;1;1;2;0;2;3;-5,89150172;-35,25431156;SPRF-RN;DEL01-RN;UOP01-DEL01-RN;;;
709312;03/08/2025;domingo;18:00:00;AL;101;209;SAO SEBASTIAO;Acesso irregular;Atropelamento de Pedestre;Com V�timas Feridas;Plena Noite;Decrescente;Chuva;Dupla;Reta;N�o;2;0;0;1;0;1;1;2;-9,99233459;-36,58442438;SPRF-AL;DEL02-AL;UOP02-DEL02-AL;;;
709313;04/08/2025;segunda-feira;07:30:00;BA;116;826;VITORIA DA CONQUISTA;Manobra de mudan�a de faixa;Colis�o transversal;Com V�timas Feridas;Pleno dia;Crescente;Nublado;Dupla;Curva;Sim;3;0;1;0;2;0;1;2;-14,87805939;-40,85457087;SPRF-BA;DEL08-BA;UOP01-DEL08-BA;;;
709314;04/08/2025;segunda-feira;07:00:00;PR;369;207,9;APUCARANA;Condutor desrespeitou a ilumina��o vermelha do sem�foro;Colis�o transversal;Com V�timas Feridas;Amanhecer;Crescente;Nublado;Simples;Interse��o de Vias;Sim;3;0;1;0;2;0;1;3;-23,56371177;-51,49352074;SPRF-PR;DEL07-PR;UOP03-DEL07-PR;;;
709316;04/08/2025;segunda-feira;07:55:00;PR;163;193;SANTA TEREZA DO OESTE;Chuva;Sa�da de leito carro��vel;Com V�timas Feridas;Pleno dia;Crescente;Chuva;Dupla;Curva;N�o;3;0;2;0;1;0;2;1;-25,11522879;-53,58528821;SPRF-PR;DEL05-PR;UOP05-DEL05-PR;;;
709317;31/07/2025;quinta-feira;07:30:00;SC;280;128,6;RIO NEGRINHO;Pedestre - Ingest�o de �lcool/ subst�ncias psicoativas;Atropelamento de Pedestre;Com V�timas Feridas;Amanhecer;Crescente;C�u Claro;Simples;Reta;Sim;2;0;1;0;1;0;1;2;-26,244119;-49,516159;SPRF-SC;DEL06-SC;UOP03-DEL06-SC;;;
709318;04/08/2025;segunda-feira;08:30:00;SC;101;190;BIGUACU;Pista Escorregadia;Colis�o com objeto;Com V�timas Feridas;Pleno dia;Decrescente;Chuva;Dupla;Reta;Sim;1;0;1;0;0;0;1;1;-27,474867;-48,640713;SPRF-SC;DEL01-SC;UOP01-DEL01-SC;;;
709319;04/08/2025;segunda-feira;07:30:00;MG;381;483;BETIM;Trafegar com motocicleta (ou similar) entre as faixas;Colis�o traseira;Com V�timas Feridas;Pleno dia;Decrescente;C�u Claro;Dupla;"Reta;Aclive";Sim;2;0;0;1;1;0;1;2;-19,95982527;-44,08303924;SPRF-MG;DEL01-MG;UOP03-DEL01-MG;;;
709320;04/08/2025;segunda-feira;07:45:00;ES;101;294,8;CARIACICA;Velocidade Incompat�vel;Tombamento;Com V�timas Feridas;Pleno dia;Crescente;C�u Claro;M�ltipla;Reta;Sim;1;0;1;0;0;0;1;1;-20,33035781;-40,39916849;SPRF-ES;DEL01-ES;UOP01-DEL01-ES;;;
709321;01/08/2025;sexta-feira;22:40:00;MG;116;414;GOVERNADOR VALADARES;Aus�ncia de rea��o do condutor;Colis�o traseira;Com V�timas Feridas;Plena Noite;Crescente;C�u Claro;Simples;"Reta;Ponte";Sim;2;0;0;1;0;1;1;2;-18,8831729;-41,9544283;SPRF-MG;DEL06-MG;UOP01-DEL06-MG;;;
709322;04/08/2025;segunda-feira;08:30:00;ES;101;67,3;SAO MATEUS;Aus�ncia de rea��o do condutor;Colis�o traseira;Com V�timas Feridas;Pleno dia;Crescente;Sol;Dupla;Reta;Sim;2;0;1;0;1;0;1;2;-18,719597;-39,868443;SPRF-ES;DEL04-ES;UOP02-DEL04-ES;;;
709323;04/08/2025;segunda-feira;09:11:00;SC;101;223,3;PALHOCA;Avarias e/ou desgaste excessivo no pneu;Queda de ocupante de ve�culo;Com V�timas Feridas;Pleno dia;Decrescente;Chuva;Dupla;Reta;Sim;2;0;0;1;1;0;1;1;-27,72091115;-48,64522783;SPRF-SC;DEL01-SC;UOP02-DEL01-SC;;;
709324;04/08/2025;segunda-feira;08:39:00;DF;20;57;BRASILIA;Aus�ncia de rea��o do condutor;Capotamento;Com V�timas Feridas;Pleno dia;Decrescente;C�u Claro;Dupla;Curva;Sim;1;0;1;0;0;0;1;1;-15,58617594;-47,3598218;SPRF-DF;DEL02-DF;UOP01-DEL02-DF;;;
709325;04/08/2025;segunda-feira;09:15:00;PE;101;54;PAULISTA;Demais falhas mec�nicas ou el�tricas;Tombamento;Com V�timas Feridas;Pleno dia;Crescente;C�u Claro;Dupla;"Declive;Reta";N�o;2;0;2;0;0;0;2;1;-7,94213;-34,90382;SPRF-PE;DEL01-PE;UOP02-DEL01-PE;;;
709326;04/08/2025;segunda-feira;08:30:00;MG;381;481;CONTAGEM;Aus�ncia de rea��o do condutor;Colis�o traseira;Com V�timas Feridas;Pleno dia;Decrescente;C�u Claro;Dupla;Reta;Sim;3;0;1;0;1;1;1;2;-19,958607;-44,060671;SPRF-MG;DEL01-MG;UOP03-DEL01-MG;;;
709327;04/08/2025;segunda-feira;08:55:00;CE;116;4;FORTALEZA;Condutor deixou de manter dist�ncia do ve�culo da frente;Colis�o traseira;Com V�timas Feridas;Pleno dia;Decrescente;Nublado;M�ltipla;Reta;Sim;3;0;2;0;1;0;2;2;-3,7814812;-38,5133663;SPRF-CE;DEL01-CE;UOP02-DEL01-CE;;;
709328;04/08/2025;segunda-feira;07:30:00;RN;406;98;JOAO CAMARA;Acessar a via sem observar a presen�a dos outros ve�culos;Colis�o transversal;Sem V�timas;Pleno dia;Decrescente;C�u Claro;Simples;Reta;N�o;2;0;0;0;1;1;0;2;-5,513687;-35,851522;SPRF-RN;DEL02-RN;UOP01-DEL02-RN;;;
709329;04/08/2025;segunda-feira;08:00:00;MA;10;250;IMPERATRIZ;Aus�ncia de rea��o do condutor;Sa�da de leito carro��vel;Com V�timas Feridas;Pleno dia;Crescente;C�u Claro;Dupla;Reta;Sim;1;0;0;1;0;0;1;1;-5,547995;-47,460976;SPRF-MA;DEL04-MA;UOP01-DEL04-MA;;;
709330;04/08/2025;segunda-feira;07:20:00;ES;101;291,6;CARIACICA;Manobra de mudan�a de faixa;Colis�o lateral mesmo sentido;Com V�timas Feridas;Pleno dia;Decrescente;C�u Claro;Dupla;Reta;Sim;2;0;1;0;1;0;1;2;-20,30093861;-40,3952229;SPRF-ES;DEL01-ES;UOP01-DEL01-ES;;;
709333;04/08/2025;segunda-feira;09:30:00;GO;153;494;GOIANIA;Rea��o tardia ou ineficiente do condutor;Colis�o lateral mesmo sentido;Com V�timas Feridas;Pleno dia;Decrescente;C�u Claro;Dupla;Reta;Sim;2;0;0;1;1;0;1;2;-16,658663;-49,220004;SPRF-GO;DEL01-GO;UOP01-DEL01-GO;;;
709334;04/08/2025;segunda-feira;08:50:00;RS;101;40,2;TRES FORQUILHAS;Pista Escorregadia;Colis�o com objeto;Com V�timas Feridas;Pleno dia;Crescente;Chuva;Dupla;Curva;N�o;4;0;1;0;3;0;1;1;-29,537506;-50,030541;SPRF-RS;DEL03-RS;UOP02-DEL03-RS;;;
709335;04/08/2025;segunda-feira;07:45:00;GO;60;25,8;ALEXANIA;Condutor Dormindo;Colis�o com objeto;Com V�timas Feridas;Pleno dia;Crescente;C�u Claro;Dupla;"Reta;Declive";N�o;1;0;1;0;0;0;1;1;-16,107637;-48,449475;SPRF-DF;DEL03-DF;UOP01-DEL03-DF;;;