id;data_inversa;dia_semana;horario;uf;br;km;municipio;causa_acidente;tipo_acidente;classificacao_acidente;fase_dia;sentido_via;condicao_metereologica;tipo_pista;tracado_via;uso_solo;pessoas;mortos;feridos_leves;feridos_graves;ilesos;ignorados;feridos;veiculos;latitude;longitude;regional;delegacia;uop;;;
709336;04/08/2025;segunda-feira;08:00:00;GO;153;324,8;RIANAPOLIS;Rea��o tardia ou ineficiente do condutor;Sa�da de leito carro��vel;Com V�timas Feridas;Pleno dia;Crescente;C�u Claro;Simples;Declive;N�o;1;0;1;0;0;0;1;1;-15,51687445;-49,46971893;SPRF-GO;DEL02-GO;UOP02-DEL02-GO;;;
709339;04/08/2025;segunda-feira;07:40:00;MG;381;390,7;BOM JESUS DO AMPARO;Aus�ncia de rea��o do condutor;Colis�o traseira;Com V�timas Feridas;Pleno dia;Decrescente;C�u Claro;Dupla;"Reta;Aclive";N�o;2;0;0;1;1;0;1;2;-19,760182;-43,461983;SPRF-MG;DEL01-MG;UOP01-DEL01-MG;;;
709340;04/08/2025;segunda-feira;10:00:00;GO;153;512,6;APARECIDA DE GOIANIA;Demais falhas mec�nicas ou el�tricas;Inc�ndio;Sem V�timas;Pleno dia;Crescente;C�u Claro;M�ltipla;Reta;Sim;1;0;0;0;1;0;0;1;-16,809913;-49,239805;SPRF-GO;DEL01-GO;UOP03-DEL01-GO;;;
709341;04/08/2025;segunda-feira;09:45:00;PB;230;165;CAMPINA GRANDE;Velocidade Incompat�vel;Sa�da de leito carro��vel;Com V�timas Feridas;Pleno dia;Decrescente;Chuva;Simples;"Curva;Retorno Regulamentado";Sim;1;0;1;0;0;0;1;1;-7,204325;-35,951478;SPRF-PB;DEL02-PB;UOP01-DEL02-PB;;;
709342;04/08/2025;segunda-feira;10:00:00;BA;116;825;VITORIA DA CONQUISTA;Condutor deixou de manter dist�ncia do ve�culo da frente;Colis�o traseira;Sem V�timas;Pleno dia;Crescente;C�u Claro;Dupla;"Reta;Interse��o de Vias";Sim;2;0;0;0;2;0;0;2;-14,86897583;-40,85085869;SPRF-BA;DEL08-BA;UOP01-DEL08-BA;;;
709346;04/08/2025;segunda-feira;10:30:00;RN;304;35;MOSSORO;Aus�ncia de rea��o do condutor;Colis�o lateral mesmo sentido;Sem V�timas;Pleno dia;Decrescente;Sol;Dupla;Rotat�ria;Sim;3;0;0;0;3;0;0;2;-5,165194;-37,350967;SPRF-RN;DEL04-RN;UOP02-DEL04-RN;;;
709347;04/08/2025;segunda-feira;09:40:00;TO;153;404;MIRANORTE;Condutor deixou de manter dist�ncia do ve�culo da frente;Queda de ocupante de ve�culo;Sem V�timas;Pleno dia;Crescente;C�u Claro;Simples;"Reta;Declive";N�o;3;0;0;0;0;3;0;2;-9,444587;-48,57658;SPRF-TO;DEL02-TO;UOP02-DEL02-TO;;;
709349;03/08/2025;domingo;21:00:00;MG;381;785;SAO GONCALO DO SAPUCAI;Rea��o tardia ou ineficiente do condutor;Sa�da de leito carro��vel;Com V�timas Feridas;Plena Noite;Decrescente;C�u Claro;Dupla;Retorno Regulamentado;N�o;1;0;1;0;0;0;1;1;-21,84176877;-45,51754788;SPRF-MG;DEL16-MG;UOP02-DEL16-MG;;;
709350;04/08/2025;segunda-feira;10:30:00;SC;101;197;BIGUACU;Rea��o tardia ou ineficiente do condutor;Tombamento;Com V�timas Feridas;Pleno dia;Decrescente;Chuva;Dupla;Reta;Sim;1;0;1;0;0;0;1;1;-27,52412;-48,6364;SPRF-SC;DEL01-SC;UOP01-DEL01-SC;;;
709351;07/07/2025;segunda-feira;15:30:00;PE;232;58;POMBOS;Aus�ncia de rea��o do condutor;Atropelamento de Pedestre;Com V�timas Feridas;Pleno dia;Crescente;C�u Claro;Dupla;"Reta;Declive";Sim;2;0;0;1;1;0;1;2;-8,14728;-35,39595;SPRF-PE;DEL02-PE;UOP02-DEL02PE;;;
709356;04/08/2025;segunda-feira;07:40:00;RJ;101;322;NITEROI;Aus�ncia de rea��o do condutor;Tombamento;Com V�timas Feridas;Pleno dia;Decrescente;C�u Claro;Dupla;Reta;Sim;1;0;1;0;0;0;1;1;-22,8818944;-43,1095808;SPRF-RJ;DEL02-RJ;UOP01-DEL02-RJ;;;
709361;04/08/2025;segunda-feira;11:40:00;MG;40;807,5;MATIAS BARBOSA;Rea��o tardia ou ineficiente do condutor;Sa�da de leito carro��vel;Com V�timas Feridas;Pleno dia;Decrescente;C�u Claro;Dupla;Reta;N�o;1;0;1;0;0;0;1;1;-21,88590819;-43,31810743;SPRF-MG;DEL05-MG;UOP01-DEL05-MG;;;
709362;04/08/2025;segunda-feira;09:10:00;PA;155;310;MARABA;Falta de elemento de conten��o que evite a sa�da do leito carro��vel;Sa�da de leito carro��vel;Com V�timas Feridas;Pleno dia;Decrescente;C�u Claro;Simples;Reta;N�o;5;0;5;0;0;0;5;1;-5,659367;-49,111423;SPRF-PA;DEL03-PA;UOP01-DEL03-PA;;;
709363;04/08/2025;segunda-feira;11:10:00;PE;101;58;RECIFE;Trafegar com motocicleta (ou similar) entre as faixas;Colis�o lateral mesmo sentido;Com V�timas Feridas;Pleno dia;Decrescente;Sol;Dupla;"Reta;Aclive";Sim;3;0;1;1;1;0;2;2;-7,967693;-34,918682;SPRF-PE;DEL01-PE;UOP02-DEL01-PE;;;
709364;04/08/2025;segunda-feira;08:50:00;RO;364;341;JI-PARANA;Acumulo de �leo sobre o pavimento;Tombamento;Com V�timas Feridas;Pleno dia;Decrescente;C�u Claro;Simples;Reta;N�o;1;0;1;0;0;0;1;1;-10,885175;-61,93566;SPRF-RO;DEL02-RO;UOP01-DEL02-RO;;;
709367;04/08/2025;segunda-feira;12:00:00;DF;70;12;BRASILIA;Manobra de mudan�a de faixa;Colis�o transversal;Com V�timas Feridas;Pleno dia;Decrescente;C�u Claro;Dupla;Reta;Sim;4;0;1;0;3;0;1;2;-15,79498639;-48,19912161;SPRF-DF;DEL03-DF;UOP02-DEL03-DF;;;
709368;04/08/2025;segunda-feira;12:47:00;SP;116;153,3;SAO JOSE DOS CAMPOS;Acessar a via sem observar a presen�a dos outros ve�culos;Colis�o lateral mesmo sentido;Com V�timas Feridas;Pleno dia;Decrescente;C�u Claro;Dupla;Interse��o de Vias;N�o;3;0;0;2;1;0;2;2;-23,22149036;-45,9025851;SPRF-SP;DEL02-SP;UOP01-DEL02-SP;;;
709372;04/08/2025;segunda-feira;13:00:00;GO;60;436;ANAPOLIS;Acumulo de �leo sobre o pavimento;Tombamento;Com V�timas Feridas;Pleno dia;Crescente;C�u Claro;Dupla;Aclive;Sim;1;0;1;0;0;0;1;1;-16,294853;-48,931971;SPRF-GO;DEL04-GO;UOP02-DEL04-GO;;;
709373;04/08/2025;segunda-feira;08:30:00;AL;424;102;MARECHAL DEODORO;Condutor deixou de manter dist�ncia do ve�culo da frente;Colis�o traseira;Com V�timas Feridas;Pleno dia;Decrescente;C�u Claro;Simples;Rotat�ria;N�o;6;0;1;0;4;1;1;3;-9,67525714;-35,83605051;SPRF-AL;DEL02-AL;UOP01-DEL02-AL;;;
709375;04/08/2025;segunda-feira;12:10:00;RJ;393;235;VASSOURAS;Aus�ncia de rea��o do condutor;Colis�o traseira;Com V�timas Feridas;Pleno dia;Crescente;C�u Claro;Simples;Reta;Sim;2;0;0;1;1;0;1;2;-22,41777295;-43,68168354;SPRF-RJ;DEL05-RJ;UOP03-DEL05-RJ;;;
709376;04/08/2025;segunda-feira;07:30:00;SC;101;426;ARARANGUA;Acessar a via sem observar a presen�a dos outros ve�culos;Colis�o frontal;Com V�timas Feridas;Pleno dia;Crescente;Chuva;M�ltipla;Reta;Sim;2;0;0;1;1;0;1;2;-29,02955933;-49,60375428;SPRF-SC;DEL02-SC;UOP02-DEL02-SC;;;
709378;04/08/2025;segunda-feira;06:50:00;RS;285;561;SAO LUIZ GONZAGA;Acessar a via sem observar a presen�a dos outros ve�culos;Colis�o transversal;Com V�timas Feridas;Amanhecer;Decrescente;Nublado;Simples;Interse��o de Vias;N�o;5;0;5;0;0;0;5;2;-28,41400876;-54,98842031;SPRF-RS;DEL10-RS;UOP01-DEL10-RS;;;
709384;04/08/2025;segunda-feira;14:30:00;ES;101;146,5;LINHARES;Condutor deixou de manter dist�ncia do ve�culo da frente;Colis�o traseira;Com V�timas Feridas;Pleno dia;Crescente;C�u Claro;M�ltipla;Reta;Sim;2;0;1;0;0;1;1;2;-19,37377861;-40,0662595;SPRF-ES;DEL04-ES;UOP01-DEL04-ES;;;
709385;04/08/2025;segunda-feira;14:30:00;RS;285;129,2;VACARIA;Transitar na contram�o;Colis�o transversal;Sem V�timas;Pleno dia;Decrescente;Nublado;Simples;Reta;N�o;3;0;0;0;3;0;0;2;-28,45458941;-50,98679479;SPRF-RS;DEL05-RS;UOP03-DEL05-RS;;;
709386;04/08/2025;segunda-feira;14:30:00;MG;40;527,5;CONTAGEM;Condutor deixou de manter dist�ncia do ve�culo da frente;Colis�o traseira;Com V�timas Feridas;Pleno dia;Decrescente;C�u Claro;Dupla;Reta;Sim;2;0;1;0;1;0;1;2;-19,91106071;-44,04384613;SPRF-MG;DEL01-MG;UOP02-DEL01-MG;;;
709387;04/08/2025;segunda-feira;14:49:00;PR;277;4,3;PARANAGUA;Entrada inopinada do pedestre;Atropelamento de Pedestre;Com V�timas Feridas;Pleno dia;Decrescente;Nublado;Simples;Curva;N�o;3;0;1;0;1;1;1;2;-25,5533022;-48,5621251;SPRF-PR;DEL01-PR;UOP05-DEL01-PR;;;
709388;04/08/2025;segunda-feira;12:00:00;RJ;116;130;MAGE;Aus�ncia de rea��o do condutor;Tombamento;Com V�timas Feridas;Pleno dia;Decrescente;C�u Claro;Dupla;Reta;Sim;2;0;2;0;0;0;2;1;-22,66470981;-43,11138153;SPRF-RJ;DEL04-RJ;UOP02-DEL04-RJ;;;
709390;04/08/2025;segunda-feira;15:00:00;TO;10;459;PALMAS;Demais falhas mec�nicas ou el�tricas;Tombamento;Com V�timas Feridas;Pleno dia;Crescente;C�u Claro;M�ltipla;Reta;N�o;2;0;0;2;0;0;2;1;-10,27424077;-48,30445854;SPRF-TO;DEL01-TO;UOP03-DEL01-TO;;;
709391;04/08/2025;segunda-feira;14:30:00;MG;262;34,6;MANHUACU;Desrespeitar a prefer�ncia no cruzamento;Colis�o transversal;Com V�timas Feridas;Pleno dia;Crescente;C�u Claro;Simples;"Aclive;Interse��o de Vias";Sim;2;0;0;1;1;0;1;2;-20,25614003;-42,02864707;SPRF-MG;DEL06-MG;UOP03-DEL06-MG;;;
709392;04/08/2025;segunda-feira;13:50:00;BA;110;145;CICERO DANTAS;Rea��o tardia ou ineficiente do condutor;Colis�o traseira;Com V�timas Feridas;Pleno dia;Crescente;Nublado;Simples;Reta;N�o;3;0;1;0;2;0;1;2;-10,634008;-38,400363;SPRF-BA;DEL07-BA;UOP02-DEL07-BA;;;
709393;04/08/2025;segunda-feira;14:50:00;ES;262;117;CONCEICAO DO CASTELO;Transitar na contram�o;Colis�o frontal;Com V�timas Feridas;Pleno dia;Crescente;C�u Claro;Simples;"Declive;Curva";N�o;6;0;3;1;2;0;4;2;-20,3107332;-41,2427853;SPRF-ES;DEL01-ES;UOP02-DEL01-ES;;;
709394;04/08/2025;segunda-feira;15:00:00;PR;376;1;APUCARANA;Desrespeitar a prefer�ncia no cruzamento;Colis�o lateral mesmo sentido;Com V�timas Feridas;Pleno dia;Crescente;Nublado;Simples;Reta;Sim;2;0;1;0;1;0;1;2;-23,574;-51,425;SPRF-PR;DEL07-PR;UOP03-DEL07-PR;;;
709395;26/07/2025;s�bado;16:40:00;CE;20;300,9;CANINDE;Manobra de mudan�a de faixa;Colis�o lateral sentido oposto;Com V�timas Feridas;Pleno dia;Crescente;C�u Claro;Simples;Reta;Sim;2;0;1;1;0;0;2;2;-4,3333054;-39,2869811;SPRF-CE;DEL02-CE;UOP01-DEL02-CE;;;
709396;04/08/2025;segunda-feira;13:00:00;PI;316;308;PICOS;Acessar a via sem observar a presen�a dos outros ve�culos;Engavetamento;Sem V�timas;Pleno dia;Crescente;C�u Claro;Simples;Reta;Sim;6;0;0;0;6;0;0;6;-7,07;-41,46;SPRF-PI;DEL04-PI;UOP01-DEL04-PI;;;
709399;02/08/2025;s�bado;14:45:00;PA;230;140;MARABA;Velocidade Incompat�vel;Colis�o traseira;Com V�timas Feridas;Pleno dia;Crescente;C�u Claro;Simples;"Declive;Reta";N�o;6;0;5;0;1;0;5;2;-5,314008;-49,248135;SPRF-PA;DEL03-PA;UOP01-DEL03-PA;;;
709400;04/08/2025;segunda-feira;16:15:00;SC;101;185,8;BIGUACU;Pista Escorregadia;Colis�o com objeto;Com V�timas Feridas;Pleno dia;Decrescente;Chuva;Dupla;Curva;N�o;5;0;1;0;4;0;1;2;-27,4703989;-48,6410945;SPRF-SC;DEL01-SC;UOP01-DEL01-SC;;;
709401;04/08/2025;segunda-feira;16:00:00;MG;50;33;ARAGUARI;Acessar a via sem observar a presen�a dos outros ve�culos;Colis�o traseira;Com V�timas Feridas;Pleno dia;Crescente;C�u Claro;Dupla;"Aclive;Curva";N�o;6;0;1;0;5;0;1;2;-18,646324;-48,128991;SPRF-MG;DEL15-MG;UOP02-DEL15-MG;;;
709402;04/08/2025;segunda-feira;15:59:00;GO;40;15;LUZIANIA;Acesso irregular;Colis�o traseira;Com V�timas Feridas;Pleno dia;Decrescente;C�u Claro;Dupla;"Retorno Regulamentado;Reta";Sim;5;0;1;0;4;0;1;2;-16,167098;-47,929905;SPRF-DF;DEL01-DF;UOP01-DEL01-DF;;;
709403;04/08/2025;segunda-feira;16:10:00;RJ;101;497;ANGRA DOS REIS;Rea��o tardia ou ineficiente do condutor;Colis�o transversal;Com V�timas Feridas;Pleno dia;Decrescente;C�u Claro;Simples;Curva;N�o;2;0;1;0;1;0;1;2;-22,913335;-44,333946;SPRF-RJ;DEL03-RJ;UOP03-DEL03-RJ;;;
709405;04/08/2025;segunda-feira;14:05:00;MG;116;397,1;GOVERNADOR VALADARES;Convers�o proibida;Colis�o traseira;Com V�timas Feridas;Pleno dia;Decrescente;C�u Claro;Simples;Reta;N�o;6;0;5;0;1;0;5;2;-18,76781679;-41,9848866;SPRF-MG;DEL06-MG;UOP01-DEL06-MG;;;
709406;04/08/2025;segunda-feira;16:51:00;TO;10;468;PALMAS;Aus�ncia de rea��o do condutor;Colis�o frontal;Com V�timas Feridas;Pleno dia;Crescente;C�u Claro;Simples;"Aclive;Reta";N�o;4;0;0;1;3;0;1;2;-10,24196698;-48,27504728;SPRF-TO;DEL01-TO;UOP03-DEL01-TO;;;
709407;04/08/2025;segunda-feira;13:15:00;RJ;101;312;SAO GONCALO;Avarias e/ou desgaste excessivo no pneu;Queda de ocupante de ve�culo;Com V�timas Feridas;Pleno dia;Decrescente;C�u Claro;Dupla;Reta;Sim;2;0;2;0;0;0;2;1;-22,80907915;-43,06736112;SPRF-RJ;DEL02-RJ;UOP02-DEL02-RJ;;;
709410;04/08/2025;segunda-feira;17:20:00;SC;282;6;SAO JOSE;Acumulo de �leo sobre o pavimento;Queda de ocupante de ve�culo;Com V�timas Feridas;Plena Noite;Crescente;Garoa/Chuvisco;Dupla;"Curva;Declive";Sim;1;0;0;1;0;0;1;1;-27,58480432;-48,61754743;SPRF-SC;DEL01-SC;UOP01-DEL01-SC;;;
709412;04/08/2025;segunda-feira;16:40:00;AL;101;41;FLEXEIRAS;Chuva;Sa�da de leito carro��vel;Com V�timas Feridas;Pleno dia;Decrescente;Chuva;Dupla;Curva;N�o;1;0;1;0;0;0;1;1;-9,17018282;-35,77430472;SPRF-AL;DEL01-AL;UOP02-DEL01-AL;;;
709413;04/08/2025;segunda-feira;15:45:00;MS;60;425;SIDROLANDIA;Acessar a via sem observar a presen�a dos outros ve�culos;Colis�o transversal;Com V�timas Feridas;Pleno dia;Crescente;Garoa/Chuvisco;Dupla;Reta;Sim;3;0;1;0;2;0;1;2;-20,929932;-54,957666;SPRF-MS;DEL01-MS;UOP04-DEL01-MS;;;
709414;04/08/2025;segunda-feira;18:00:00;RS;116;243;SAO LEOPOLDO;Aus�ncia de rea��o do condutor;Colis�o com objeto;Com V�timas Feridas;Plena Noite;Crescente;Chuva;Dupla;"Viaduto;Reta";Sim;2;0;1;0;1;0;1;1;-29,72877514;-51,14945769;SPRF-RS;DEL01-RS;UOP02-DEL01-RS;;;
709417;04/08/2025;segunda-feira;18:15:00;MG;381;330;NOVA ERA;Defici�ncia do Sistema de Ilumina��o/Sinaliza��o;Inc�ndio;Sem V�timas;Plena Noite;Crescente;C�u Claro;Simples;"Declive;Reta";N�o;1;0;0;0;1;0;0;1;-19,800376;-43;SPRF-MG;DEL03-MG;UOP01-DEL03-MG;;;
709419;04/08/2025;segunda-feira;16:30:00;RJ;493;96,7;SEROPEDICA;Aus�ncia de rea��o do condutor;Queda de ocupante de ve�culo;Com V�timas Feridas;Pleno dia;Decrescente;C�u Claro;Dupla;"Aclive;Curva";N�o;1;0;1;0;0;0;1;1;-22,71524157;-43,70461106;SPRF-RJ;DEL01-RJ;UOP03-DEL01-RJ;;;
709420;04/08/2025;segunda-feira;17:50:00;CE;116;2,3;FORTALEZA;Manobra de mudan�a de faixa;Colis�o lateral mesmo sentido;Com V�timas Feridas;Anoitecer;Decrescente;C�u Claro;M�ltipla;Reta;Sim;2;0;1;0;1;0;1;2;-3,77013573;-38,51687908;SPRF-CE;DEL01-CE;UOP02-DEL01-CE;;;
709421;04/08/2025;segunda-feira;18:30:00;DF;20;10,3;BRASILIA;Manobra de mudan�a de faixa;Colis�o lateral mesmo sentido;Com V�timas Feridas;Plena Noite;Decrescente;C�u Claro;Dupla;"Em Obras;Reta";Sim;2;0;0;1;1;0;1;2;-15,6472;-47,771157;SPRF-DF;DEL02-DF;UOP01-DEL02-DF;;;
709423;04/08/2025;segunda-feira;17:20:00;SC;101;158;PORTO BELO;Manobra de mudan�a de faixa;Colis�o lateral mesmo sentido;Com V�timas Feridas;Anoitecer;Crescente;Nublado;Dupla;"Reta;Retorno Regulamentado";N�o;2;0;0;1;1;0;1;2;-27,1925026;-48,61252785;SPRF-SC;DEL04-SC;UOP03-DEL04-SC;;;
709425;04/08/2025;segunda-feira;18:50:00;SC;282;127,9;CHAPECO;Transitar na contram�o;Colis�o frontal;Com V�timas Feridas;Plena Noite;Crescente;Chuva;M�ltipla;Reta;Sim;2;0;0;1;1;0;1;2;-27,036371;-52,634235;SPRF-SC;DEL05-SC;UOP01-DEL05-SC;;;
709427;04/08/2025;segunda-feira;18:30:00;PB;101;94;CONDE;Animais na Pista;Atropelamento de Animal;Com V�timas Feridas;Plena Noite;Decrescente;C�u Claro;Dupla;Declive;N�o;3;0;1;0;1;1;1;3;-7,217977;-34,912772;SPRF-PB;DEL01-PB;UOP01-DEL01-PB;;;
709428;04/08/2025;segunda-feira;18:50:00;AP;210;2;MACAPA;Acessar a via sem observar a presen�a dos outros ve�culos;Colis�o frontal;Com V�timas Feridas;Anoitecer;Decrescente;C�u Claro;Simples;"Interse��o de Vias;Reta";Sim;3;0;2;0;1;0;2;2;0,08642661;-51,08471487;SPRF-AP;DEL01-AP;UOP01-DEL01-AP;;;
709429;04/08/2025;segunda-feira;18:40:00;PR;277;129,5;CAMPO LARGO;Demais falhas na via;Tombamento;Com V�timas Feridas;Plena Noite;Crescente;C�u Claro;Dupla;"Reta;Em Obras";N�o;1;0;1;0;0;0;1;1;-25,446;-49,572;SPRF-PR;DEL03-PR;UOP03-DEL03-PR;;;
709430;04/08/2025;segunda-feira;18:30:00;ES;101;77,5;SAO MATEUS;Rea��o tardia ou ineficiente do condutor;Tombamento;Com V�timas Feridas;Plena Noite;Decrescente;Nublado;Simples;"Reta;Declive";N�o;1;0;1;0;0;0;1;1;-18,796976;-39,888254;SPRF-ES;DEL04-ES;UOP02-DEL04-ES;;;
709431;04/08/2025;segunda-feira;18:20:00;SC;116;112;SANTA CECILIA;Chuva;Sa�da de leito carro��vel;Sem V�timas;Plena Noite;Crescente;C�u Claro;Simples;Reta;N�o;1;0;0;0;1;0;0;1;-26,77613;-50,34803;SPRF-SC;DEL06-SC;UOP02-DEL06-SC;;;
709434;04/08/2025;segunda-feira;18:20:00;SP;116;147,9;SAO JOSE DOS CAMPOS;Manobra de mudan�a de faixa;Colis�o lateral sentido oposto;Com V�timas Feridas;Plena Noite;Crescente;C�u Claro;Dupla;Reta;Sim;2;0;1;0;1;0;1;2;-23,198738;-45,877235;SPRF-SP;DEL02-SP;UOP01-DEL02-SP;;;
709435;04/08/2025;segunda-feira;18:05:00;PR;116;105,8;SAO JOSE DOS PINHAIS;Rea��o tardia ou ineficiente do condutor;Colis�o lateral mesmo sentido;Com V�timas Feridas;Plena Noite;Crescente;Nublado;Dupla;Reta;N�o;2;0;1;0;1;0;1;2;-25,5702673;-49,2164109;SPRF-PR;DEL01-PR;UOP03-DEL01-PR;;;
709436;04/08/2025;segunda-feira;18:40:00;RS;158;322;SANTA MARIA;Acessar a via sem observar a presen�a dos outros ve�culos;Colis�o transversal;Com V�timas Feridas;Pleno dia;Decrescente;Nublado;Dupla;"Viaduto;Rotat�ria";Sim;2;0;1;0;0;1;1;2;-29,695588;-53,775236;SPRF-RS;DEL09-RS;UOP01-DEL09-RS;;;
709437;04/08/2025;segunda-feira;17:22:00;SC;470;69,5;INDAIAL;Manobra de mudan�a de faixa;Colis�o lateral mesmo sentido;Com V�timas Feridas;Pleno dia;Crescente;Nublado;Simples;Reta;Sim;2;0;1;0;1;0;1;2;-26,88672206;-49,25111739;SPRF-SC;DEL04-SC;UOP01-DEL04-SC;;;
709440;04/08/2025;segunda-feira;18:44:00;PE;101;6,5;GOIANA;Animais na Pista;Atropelamento de Animal;Com V�timas Feridas;Plena Noite;Decrescente;Nublado;Dupla;Reta;N�o;1;0;1;0;0;0;1;1;-7,55467877;-34,99106574;SPRF-PE;DEL01-PE;UOP02-DEL01-PE;;;
709442;04/08/2025;segunda-feira;19:00:00;RS;116;177,4;NOVA PETROPOLIS;Condutor deixou de manter dist�ncia do ve�culo da frente;Engavetamento;Com V�timas Feridas;Plena Noite;Crescente;Garoa/Chuvisco;Simples;Curva;N�o;5;0;1;0;4;0;1;3;-29,348584;-51,139542;SPRF-RS;DEL05-RS;UOP02-DEL05-RS;;;
709443;04/08/2025;segunda-feira;17:25:00;SC;282;5,6;SAO JOSE;Acumulo de �leo sobre o pavimento;Queda de ocupante de ve�culo;Com V�timas Feridas;Plena Noite;Crescente;Chuva;Dupla;Curva;N�o;1;0;1;0;0;0;1;1;-27,58451;-48,616967;SPRF-SC;DEL01-SC;UOP01-DEL01-SC;;;
709444;04/08/2025;segunda-feira;19:00:00;SC;101;118,9;ITAJAI;Aus�ncia de rea��o do condutor;Tombamento;Com V�timas Feridas;Plena Noite;Decrescente;Nublado;Simples;Reta;N�o;1;0;1;0;0;0;1;1;-26,89749497;-48,71751722;SPRF-SC;DEL04-SC;UOP04-DEL04-SC;;;
709445;05/06/2025;quinta-feira;08:30:00;RS;116;268;CANOAS;Rea��o tardia ou ineficiente do condutor;Tombamento;Com V�timas Feridas;Pleno dia;Crescente;Garoa/Chuvisco;M�ltipla;Reta;Sim;1;0;0;1;0;0;1;1;-29,9541723;-51,17651582;SPRF-RS;DEL01-RS;UOP01-DEL01-RS;;;
709446;04/08/2025;segunda-feira;15:40:00;AL;316;75;POCO DAS TRINCHEIRAS;Demais falhas na via;Queda de ocupante de ve�culo;Com V�timas Feridas;Pleno dia;Decrescente;Garoa/Chuvisco;Simples;Aclive;N�o;1;0;0;1;0;0;1;1;-9,32529;-37,306738;SPRF-AL;DEL03-AL;UOP02-DEL03-AL;;;
709448;04/08/2025;segunda-feira;19:40:00;GO;60;90;ANAPOLIS;Acessar a via sem observar a presen�a dos outros ve�culos;Colis�o traseira;Com V�timas Feridas;Plena Noite;Decrescente;C�u Claro;Dupla;"Reta;Interse��o de Vias";Sim;2;0;1;0;1;0;1;2;-16,3371695;-48,8966348;SPRF-GO;DEL02-GO;UOP01-DEL02-GO;;;
709450;04/08/2025;segunda-feira;19:25:00;SC;101;44,3;JOINVILLE;Rea��o tardia ou ineficiente do condutor;Colis�o traseira;Com V�timas Feridas;Plena Noite;Decrescente;Nublado;Dupla;"Reta;Aclive";Sim;3;0;1;0;2;0;1;2;-26,34068779;-48,8584207;SPRF-SC;DEL03-SC;UOP01-DEL03-SC;;;
709451;04/08/2025;segunda-feira;19:30:00;MA;316;576,8;CAXIAS;Entrada inopinada do pedestre;Atropelamento de Pedestre;Com V�timas Fatais;Plena Noite;Crescente;C�u Claro;Simples;Reta;Sim;3;1;0;0;2;0;0;2;-4,9472364;-43,1457529;SPRF-MA;DEL03-MA;UOP02-DEL03-MA;;;
709452;04/08/2025;segunda-feira;20:00:00;CE;116;43;HORIZONTE;Condutor deixou de manter dist�ncia do ve�culo da frente;Colis�o traseira;Com V�timas Feridas;Plena Noite;Crescente;C�u Claro;Dupla;Reta;N�o;2;0;1;0;1;0;1;2;-4,1274099;-38,4836478;SPRF-CE;DEL01-CE;UOP02-DEL01-CE;;;
709455;04/08/2025;segunda-feira;20:00:00;PE;101;152;RIBEIRAO;Acessar a via sem observar a presen�a dos outros ve�culos;Colis�o frontal;Com V�timas Feridas;Plena Noite;Crescente;C�u Claro;Dupla;Curva;N�o;3;0;0;2;1;0;2;2;-8,51376;-35,38532;SPRF-PE;DEL01-PE;UOP03-DEL01-PE;;;
709456;04/08/2025;segunda-feira;20:20:00;PE;101;78,9;JABOATAO DOS GUARARAPES;Rea��o tardia ou ineficiente do condutor;Colis�o lateral mesmo sentido;Com V�timas Feridas;Plena Noite;Decrescente;Nublado;Dupla;"Declive;Curva";N�o;2;0;1;0;1;0;1;2;-8,143197;-34,946825;SPRF-PE;DEL01-PE;UOP01-DEL01-PE;;;
709457;04/08/2025;segunda-feira;18:15:00;PB;412;143;MONTEIRO;Defici�ncia do Sistema de Ilumina��o/Sinaliza��o;Colis�o traseira;Com V�timas Feridas;Plena Noite;Crescente;Nublado;Simples;"Reta;Ponte";Sim;3;0;0;3;0;0;3;2;-7,887063;-37,107088;SPRF-PB;DEL02-PB;UOP02-DEL02-PB;;;
709459;04/08/2025;segunda-feira;21:20:00;TO;153;501;PARAISO DO TOCANTINS;Transitar na contram�o;Colis�o transversal;Com V�timas Feridas;Plena Noite;Crescente;C�u Claro;Simples;"Aclive;Reta";N�o;3;0;1;2;0;0;3;2;-10,215522;-48,874815;SPRF-TO;DEL01-TO;UOP01-DEL01-TO;;;
709460;04/08/2025;segunda-feira;20:45:00;MG;40;704,5;BARBACENA;Condutor Dormindo;Sa�da de leito carro��vel;Com V�timas Feridas;Plena Noite;Decrescente;C�u Claro;Dupla;Reta;N�o;1;0;1;0;0;0;1;1;-21,23111;-43,726766;SPRF-MG;DEL05-MG;UOP02-DEL05-MG;;;
709461;04/08/2025;segunda-feira;18:20:00;RJ;101;57;CAMPOS DOS GOYTACAZES;Acessar a via sem observar a presen�a dos outros ve�culos;Colis�o transversal;Com V�timas Feridas;Anoitecer;Decrescente;C�u Claro;Simples;Reta;Sim;2;0;1;0;1;0;1;2;-21,69439216;-41,30998699;SPRF-RJ;DEL08-RJ;UOP01-DEL08-RJ;;;
709462;04/08/2025;segunda-feira;20:30:00;PR;277;83;CURITIBA;Trafegar com motocicleta (ou similar) entre as faixas;Colis�o lateral mesmo sentido;Com V�timas Feridas;Plena Noite;Decrescente;C�u Claro;Dupla;Reta;Sim;2;0;2;0;0;0;2;2;-25,44839429;-49,22989575;SPRF-PR;DEL01-PR;UOP03-DEL01-PR;;;