id;data_inversa;dia_semana;horario;uf;br;km;municipio;causa_acidente;tipo_acidente;classificacao_acidente;fase_dia;sentido_via;condicao_metereologica;tipo_pista;tracado_via;uso_solo;pessoas;mortos;feridos_leves;feridos_graves;ilesos;ignorados;feridos;veiculos;latitude;longitude;regional;delegacia;uop;;;
709465;04/08/2025;segunda-feira;19:10:00;PE;232;77,5;GRAVATA;Ultrapassagem Indevida;Colis�o frontal;Com V�timas Feridas;Plena Noite;Crescente;C�u Claro;Simples;Reta;Sim;2;0;0;1;1;0;1;2;-8,192;-35,548;SPRF-PE;DEL02-PE;UOP02-DEL02PE;;;
709468;04/08/2025;segunda-feira;12:00:00;RJ;40;118;DUQUE DE CAXIAS;Rea��o tardia ou ineficiente do condutor;Colis�o traseira;Com V�timas Feridas;Pleno dia;Decrescente;C�u Claro;Dupla;Reta;Sim;2;0;0;1;1;0;1;2;-22,75875838;-43,28679203;SPRF-RJ;DEL01-RJ;UOP02-DEL01-RJ;;;
709470;04/08/2025;segunda-feira;23:00:00;PR;277;7,3;PARANAGUA;Acessar a via sem observar a presen�a dos outros ve�culos;Colis�o transversal;Com V�timas Feridas;Plena Noite;Decrescente;Nublado;Dupla;Interse��o de Vias;N�o;2;0;1;0;1;0;1;2;-25,51074775;-48,51932335;SPRF-PR;DEL01-PR;UOP05-DEL01-PR;;;
709472;04/08/2025;segunda-feira;21:50:00;SC;280;55,6;GUARAMIRIM;Demais falhas mec�nicas ou el�tricas;Tombamento;Com V�timas Feridas;Plena Noite;Decrescente;C�u Claro;Dupla;"Declive;Curva";N�o;1;0;1;0;0;0;1;1;-26,47856768;-48,99942962;SPRF-SC;DEL03-SC;UOP03-DEL03-SC;;;
709473;04/08/2025;segunda-feira;23:25:00;PE;232;58;POMBOS;Transitar na contram�o;Colis�o frontal;Com V�timas Fatais;Plena Noite;Crescente;C�u Claro;Dupla;Reta;Sim;2;1;0;0;1;0;0;2;-8,1456274;-35,3922088;SPRF-PE;DEL02-PE;UOP02-DEL02PE;;;
709475;04/08/2025;segunda-feira;23:15:00;RN;101;69;EXTREMOZ;Velocidade Incompat�vel;Colis�o traseira;Com V�timas Feridas;Plena Noite;Decrescente;C�u Claro;Simples;Reta;N�o;3;0;2;0;1;0;2;3;-5,679478;-35,262845;SPRF-RN;DEL02-RN;UOP01-DEL02-RN;;;
709476;05/08/2025;ter�a-feira;00:35:00;RJ;354;23;RESENDE;Aus�ncia de rea��o do condutor;Capotamento;Com V�timas Feridas;Plena Noite;Crescente;C�u Claro;Simples;Reta;N�o;1;0;1;0;0;0;1;1;-22,47287652;-44,71060038;SPRF-RJ;DEL07-RJ;UOP02-DEL07-RJ;;;
709477;04/08/2025;segunda-feira;22:50:00;CE;222;1,9;FORTALEZA;Acessar a via sem observar a presen�a dos outros ve�culos;Colis�o transversal;Com V�timas Feridas;Plena Noite;Crescente;C�u Claro;Simples;Reta;Sim;3;0;2;0;1;0;2;2;-3,73880006;-38,58662367;SPRF-CE;DEL01-CE;UOP01-DEL01-CE;;;
709480;05/08/2025;ter�a-feira;00:45:00;PR;116;116;CURITIBA;Velocidade Incompat�vel;Colis�o com objeto;Com V�timas Feridas;Plena Noite;Crescente;C�u Claro;M�ltipla;Curva;Sim;1;0;1;0;0;0;1;1;-25,55579;-49,306441;SPRF-PR;DEL01-PR;UOP03-DEL01-PR;;;
709484;05/08/2025;ter�a-feira;01:57:00;MT;174;2;PONTES E LACERDA;Animais na Pista;Atropelamento de Animal;Com V�timas Feridas;Plena Noite;Decrescente;C�u Claro;Simples;Reta;Sim;1;0;1;0;0;0;1;1;-15,25159245;-59,33009863;SPRF-MT;DEL04-MT;UOP01-DEL04-MT;;;
709489;05/08/2025;ter�a-feira;03:25:00;RS;116;242,6;SAO LEOPOLDO;Rea��o tardia ou ineficiente do condutor;Sa�da de leito carro��vel;Com V�timas Feridas;Plena Noite;Crescente;Garoa/Chuvisco;Dupla;Reta;Sim;4;0;3;0;1;0;3;1;-29,7215416;-51,1483131;SPRF-RS;DEL01-RS;UOP02-DEL01-RS;;;
709490;05/08/2025;ter�a-feira;03:40:00;ES;101;267,8;SERRA;Ingest�o de �lcool pelo condutor;Sa�da de leito carro��vel;Sem V�timas;Plena Noite;Decrescente;C�u Claro;M�ltipla;Interse��o de Vias;Sim;1;0;0;0;1;0;0;1;-20,2065946;-40,2691459;SPRF-ES;DEL02-ES;UOP01-DEL02-ES;;;
709493;05/08/2025;ter�a-feira;04:50:00;PR;277;471;NOVA LARANJEIRAS;Pedestre - Ingest�o de �lcool/ subst�ncias psicoativas;Atropelamento de Pedestre;Com V�timas Feridas;Plena Noite;Decrescente;C�u Claro;Simples;Reta;Sim;2;0;1;0;1;0;1;2;-25,30739188;-52,5385362;SPRF-PR;DEL04-PR;UOP02-DEL04-PR;;;
709496;05/08/2025;ter�a-feira;05:15:00;SC;163;68,8;SAO MIGUEL DO OESTE;Manobra de mudan�a de faixa;Colis�o lateral mesmo sentido;Com V�timas Feridas;Plena Noite;Decrescente;Nevoeiro/Neblina;Dupla;Reta;Sim;2;0;1;0;0;1;1;2;-26,74085287;-53,50123851;SPRF-SC;DEL07-SC;UOP03-DEL07-SC;;;
709497;05/08/2025;ter�a-feira;05:49:00;MS;60;372,8;CAMPO GRANDE;Ultrapassagem Indevida;Colis�o lateral sentido oposto;Com V�timas Feridas;Amanhecer;Decrescente;C�u Claro;Simples;Reta;N�o;2;0;0;1;1;0;1;2;-20,574816;-54,702981;SPRF-MS;DEL01-MS;UOP04-DEL01-MS;;;
709499;05/08/2025;ter�a-feira;06:50:00;SC;101;212,3;PALHOCA;Trafegar com motocicleta (ou similar) entre as faixas;Tombamento;Com V�timas Feridas;Pleno dia;Decrescente;Chuva;M�ltipla;Reta;Sim;2;0;1;0;1;0;1;1;-27,62566746;-48,6544439;SPRF-SC;DEL01-SC;UOP02-DEL01-SC;;;
709503;05/08/2025;ter�a-feira;07:41:00;ES;101;16,1;SERRA;Sinaliza��o mal posicionada;Colis�o traseira;Com V�timas Feridas;Pleno dia;Crescente;C�u Claro;Dupla;Curva;N�o;4;0;0;2;2;0;2;2;-20,0488657;-40,3866812;SPRF-ES;DEL02-ES;UOP01-DEL02-ES;;;
709505;05/08/2025;ter�a-feira;07:50:00;SC;101;200,9;SAO JOSE;Manobra de mudan�a de faixa;Colis�o lateral mesmo sentido;Com V�timas Feridas;Pleno dia;Crescente;Chuva;M�ltipla;Reta;Sim;2;0;0;1;0;1;1;2;-27,54743;-48,6199;SPRF-SC;DEL01-SC;UOP01-DEL01-SC;;;
709506;05/08/2025;ter�a-feira;07:20:00;RN;110;44,3;MOSSORO;Acessar a via sem observar a presen�a dos outros ve�culos;Colis�o transversal;Com V�timas Feridas;Pleno dia;Crescente;C�u Claro;Simples;Interse��o de Vias;Sim;3;0;2;0;0;1;2;2;-5,190918;-37,308448;SPRF-RN;DEL04-RN;UOP01-DEL04-RN;;;
709507;05/08/2025;ter�a-feira;07:40:00;PE;101;91,5;JABOATAO DOS GUARARAPES;Acesso irregular;Colis�o transversal;Com V�timas Feridas;Pleno dia;Crescente;Garoa/Chuvisco;Dupla;"Reta;Interse��o de Vias";Sim;4;0;1;0;3;0;1;2;-8,22532;-34,99349;SPRF-PE;DEL01-PE;UOP01-DEL01-PE;;;
709509;05/08/2025;ter�a-feira;07:50:00;SC;101;216,1;PALHOCA;Manobra de mudan�a de faixa;Colis�o traseira;Com V�timas Feridas;Pleno dia;Decrescente;Chuva;Dupla;Reta;Sim;2;0;1;0;1;0;1;2;-27,662135;-48,67614;SPRF-SC;DEL01-SC;UOP02-DEL01-SC;;;
709510;05/08/2025;ter�a-feira;07:45:00;PR;376;417;TIBAGI;Condutor Dormindo;Colis�o com objeto;Com V�timas Feridas;Pleno dia;Crescente;C�u Claro;Dupla;"Reta;Declive";N�o;1;0;1;0;0;0;1;1;-24,66434637;-50,6050043;SPRF-PR;DEL03-PR;UOP02-DEL03-PR;;;
709511;05/08/2025;ter�a-feira;07:50:00;RS;116;263;CANOAS;Manobra de mudan�a de faixa;Colis�o lateral mesmo sentido;Com V�timas Feridas;Pleno dia;Decrescente;C�u Claro;M�ltipla;Reta;Sim;2;0;1;0;1;0;1;2;-29,90534843;-51,17665529;SPRF-RS;DEL01-RS;UOP01-DEL01-RS;;;
709512;05/08/2025;ter�a-feira;07:30:00;PR;277;74;SAO JOSE DOS PINHAIS;Rea��o tardia ou ineficiente do condutor;Colis�o traseira;Com V�timas Feridas;Amanhecer;Crescente;Nublado;Dupla;Reta;N�o;2;0;1;0;1;0;1;2;-25,485684;-49,185666;SPRF-PR;DEL01-PR;UOP07-DEL01-PR;;;
709513;04/08/2025;segunda-feira;08:00:00;BA;235;358;CASA NOVA;Rea��o tardia ou ineficiente do condutor;Sa�da de leito carro��vel;Sem V�timas;Pleno dia;Crescente;C�u Claro;Simples;"Reta;Ponte";N�o;1;0;0;0;0;1;0;1;-9,2754;-40,74991;SPRF-BA;DEL04-BA;UOP01-DEL04-BA;;;
709515;05/08/2025;ter�a-feira;07:30:00;PR;376;184;SARANDI;Condutor deixou de manter dist�ncia do ve�culo da frente;Colis�o traseira;Com V�timas Feridas;Pleno dia;Decrescente;Nublado;Dupla;Reta;N�o;3;0;0;1;1;1;1;3;-23,441592;-51,87071;SPRF-PR;DEL09-PR;UOP01-DEL09-PR;;;
709516;05/08/2025;ter�a-feira;08:00:00;RN;304;48,9;MOSSORO;Acessar a via sem observar a presen�a dos outros ve�culos;Colis�o transversal;Com V�timas Feridas;Pleno dia;Decrescente;C�u Claro;Simples;"Reta;Rotat�ria";N�o;2;0;1;0;1;0;1;2;-5,235497;-37,318075;SPRF-RN;DEL04-RN;UOP01-DEL04-RN;;;
709519;05/08/2025;ter�a-feira;08:00:00;GO;153;442;ANAPOLIS;Trafegar com motocicleta (ou similar) entre as faixas;Colis�o lateral mesmo sentido;Com V�timas Feridas;Pleno dia;Crescente;C�u Claro;Dupla;Reta;Sim;2;0;1;0;1;0;1;2;-16,350745;-48,928041;SPRF-GO;DEL02-GO;UOP01-DEL02-GO;;;
709520;05/08/2025;ter�a-feira;08:20:00;RS;116;265;CANOAS;Manobra de mudan�a de faixa;Colis�o lateral mesmo sentido;Com V�timas Feridas;Pleno dia;Decrescente;C�u Claro;M�ltipla;"Reta;Em Obras";N�o;2;0;1;0;1;0;1;2;-29,93002327;-51,17736189;SPRF-RS;DEL01-RS;UOP01-DEL01-RS;;;
709522;05/08/2025;ter�a-feira;08:30:00;CE;222;0,7;FORTALEZA;Aus�ncia de rea��o do condutor;Colis�o traseira;Com V�timas Feridas;Pleno dia;Decrescente;C�u Claro;M�ltipla;Reta;Sim;2;0;0;1;1;0;1;2;-3,7379854;-38,57841678;SPRF-CE;DEL01-CE;UOP01-DEL01-CE;;;
709523;31/07/2025;quinta-feira;04:30:00;AP;156;477;TARTARUGALZINHO;Condutor Dormindo;Sa�da de leito carro��vel;Com V�timas Feridas;Plena Noite;Decrescente;C�u Claro;Simples;"Declive;Curva";N�o;32;0;26;6;0;0;32;1;1,546633;-50,90551059;SPRF-AP;DEL01-AP;UOP02-DEL01-AP;;;
709524;05/08/2025;ter�a-feira;07:51:00;ES;101;154;LINHARES;Aus�ncia de rea��o do condutor;Sa�da de leito carro��vel;Com V�timas Feridas;Pleno dia;Decrescente;C�u Claro;Simples;Reta;N�o;1;0;1;0;0;0;1;1;-19,43877314;-40,08922371;SPRF-ES;DEL04-ES;UOP01-DEL04-ES;;;
709525;05/08/2025;ter�a-feira;09:00:00;RS;293;0,8;PELOTAS;Desrespeitar a prefer�ncia no cruzamento;Colis�o transversal;Com V�timas Feridas;Pleno dia;Decrescente;C�u Claro;Simples;Rotat�ria;Sim;2;0;1;0;1;0;1;2;-31,75743152;-52,35718902;SPRF-RS;DEL07-RS;UOP01-DEL07-RS;;;
709526;05/08/2025;ter�a-feira;07:30:00;PE;101;83;JABOATAO DOS GUARARAPES;Condutor deixou de manter dist�ncia do ve�culo da frente;Colis�o traseira;Com V�timas Feridas;Pleno dia;Decrescente;Chuva;Simples;Declive;N�o;2;0;1;0;1;0;1;2;-8,175558;-34,943047;SPRF-PE;DEL01-PE;UOP01-DEL01-PE;;;
709529;05/08/2025;ter�a-feira;07:00:00;SC;101;209,8;SAO JOSE;Rea��o tardia ou ineficiente do condutor;Engavetamento;Sem V�timas;Amanhecer;Decrescente;Garoa/Chuvisco;M�ltipla;"Reta;Aclive";Sim;3;0;0;0;3;0;0;3;-27,616809;-48,645377;SPRF-SC;DEL01-SC;UOP01-DEL01-SC;;;
709530;05/08/2025;ter�a-feira;09:25:00;SE;235;1,4;ARACAJU;Trafegar com motocicleta (ou similar) entre as faixas;Queda de ocupante de ve�culo;Com V�timas Feridas;Pleno dia;Decrescente;Chuva;Dupla;"Reta;Declive";N�o;1;0;1;0;0;0;1;1;-10,90828234;-37,08858848;SPRF-SE;DEL01-SE;UOP01-DEL01-SE;;;
709532;05/08/2025;ter�a-feira;07:35:00;RJ;493;78;JAPERI;Condutor Dormindo;Colis�o traseira;Com V�timas Feridas;Pleno dia;Crescente;Nublado;Dupla;Reta;N�o;2;0;1;0;1;0;1;2;-22,66576;-43,55512;SPRF-RJ;DEL01-RJ;UOP03-DEL01-RJ;;;
709533;05/08/2025;ter�a-feira;09:20:00;PR;277;4,5;CURITIBA;Carga excessiva e/ou mal acondicionada;Derramamento de carga;Sem V�timas;Pleno dia;Crescente;Nublado;M�ltipla;Reta;Sim;2;0;0;0;2;0;0;2;-25,43006718;-49,31993222;SPRF-PR;DEL01-PR;UOP06-DEL01-PR;;;
709534;05/08/2025;ter�a-feira;10:20:00;SP;381;67;MAIRIPORA;Rea��o tardia ou ineficiente do condutor;Colis�o traseira;Com V�timas Feridas;Pleno dia;Decrescente;C�u Claro;M�ltipla;Reta;Sim;2;0;1;0;1;0;1;2;-23,331883;-46,576692;SPRF-SP;DEL03-SP;UOP01-DEL03-SP;;;
709535;05/08/2025;ter�a-feira;09:15:00;PR;116;3;CAMPINA GRANDE DO SUL;Chuva;Sa�da de leito carro��vel;Com V�timas Feridas;Pleno dia;Decrescente;Garoa/Chuvisco;Dupla;Curva;N�o;3;0;1;0;2;0;1;1;-25,0703257;-48,586307;SPRF-PR;DEL01-PR;UOP02-DEL01-PR;;;
709538;05/08/2025;ter�a-feira;08:50:00;RJ;116;205;QUEIMADOS;Avarias e/ou desgaste excessivo no pneu;Queda de ocupante de ve�culo;Com V�timas Feridas;Pleno dia;Crescente;C�u Claro;Dupla;Reta;N�o;1;0;1;0;0;0;1;1;-22,72915185;-43,63125198;SPRF-RJ;DEL06-RJ;UOP02-DEL06-RJ;;;
709539;05/08/2025;ter�a-feira;09:45:00;PE;232;218;PESQUEIRA;Pedestre andava na pista;Atropelamento de Pedestre;Com V�timas Fatais;Pleno dia;Crescente;Nublado;Simples;Reta;N�o;2;1;0;0;0;1;0;2;-8,39643;-36,768507;SPRF-PE;DEL03-PE;UOP02-DEL03-PE;;;
709540;05/08/2025;ter�a-feira;10:30:00;PR;369;160,8;CAMBE;Rea��o tardia ou ineficiente do condutor;Colis�o traseira;Sem V�timas;Pleno dia;Crescente;C�u Claro;Dupla;Reta;N�o;2;0;0;0;2;0;0;2;-23,29298229;-51,26754697;SPRF-PR;DEL07-PR;UOP01-DEL07-PR;;;
709542;05/08/2025;ter�a-feira;11:00:00;RN;101;94;NATAL;Manobra de mudan�a de faixa;Colis�o lateral mesmo sentido;Com V�timas Feridas;Pleno dia;Decrescente;C�u Claro;Dupla;Reta;Sim;2;0;1;0;1;0;1;2;-5,82821327;-35,21044915;SPRF-RN;DEL01-RN;UOP01-DEL01-RN;;;
709544;05/08/2025;ter�a-feira;11:20:00;RN;406;168;SAO GONCALO DO AMARANTE;Condutor deixou de manter dist�ncia do ve�culo da frente;Colis�o traseira;Com V�timas Feridas;Pleno dia;Crescente;C�u Claro;Dupla;Reta;Sim;3;0;2;0;1;0;2;2;-5,74851993;-35,32647763;SPRF-RN;DEL02-RN;UOP01-DEL02-RN;;;
709545;05/08/2025;ter�a-feira;11:25:00;PR;376;497;PONTA GROSSA;Rea��o tardia ou ineficiente do condutor;Sa�da de leito carro��vel;Com V�timas Feridas;Pleno dia;Crescente;Nublado;Dupla;"Reta;Aclive";N�o;2;0;1;0;0;1;1;2;-25,146;-50,151;SPRF-PR;DEL03-PR;UOP04-DEL03-PR;;;
709546;05/08/2025;ter�a-feira;11:50:00;PB;230;18,1;JOAO PESSOA;Avarias e/ou desgaste excessivo no pneu;Tombamento;Com V�timas Feridas;Pleno dia;Decrescente;Garoa/Chuvisco;Dupla;Declive;N�o;2;0;2;0;0;0;2;1;-7,129958;-34,850687;SPRF-PB;DEL01-PB;UOP01-DEL01-PB;;;
709547;05/08/2025;ter�a-feira;11:00:00;RS;293;13;CAPAO DO LEAO;Rea��o tardia ou ineficiente do condutor;Sa�da de leito carro��vel;Sem V�timas;Pleno dia;Crescente;C�u Claro;Simples;"Reta;Interse��o de Vias";Sim;1;0;0;0;1;0;0;1;-31,753585;-52,454913;SPRF-RS;DEL07-RS;UOP01-DEL07-RS;;;
709550;05/08/2025;ter�a-feira;10:15:00;MT;163;750;SORRISO;Acessar a via sem observar a presen�a dos outros ve�culos;Colis�o lateral mesmo sentido;Com V�timas Feridas;Pleno dia;Crescente;Sol;Dupla;Reta;Sim;2;0;1;0;1;0;1;2;-12,573092;-55,727528;SPRF-MT;DEL06-MT;UOP01-DEL06-MT;;;
709551;05/08/2025;ter�a-feira;10:26:00;RJ;393;298;BARRA MANSA;Acessar a via sem observar a presen�a dos outros ve�culos;Colis�o lateral mesmo sentido;Com V�timas Feridas;Pleno dia;Crescente;Sol;Simples;Reta;Sim;2;0;1;0;1;0;1;2;-22,55443;-44,11307;SPRF-RJ;DEL07-RJ;UOP02-DEL07-RJ;;;
709552;05/08/2025;ter�a-feira;11:30:00;PE;407;127,9;PETROLINA;Acessar a via sem observar a presen�a dos outros ve�culos;Tombamento;Com V�timas Feridas;Pleno dia;Crescente;Sol;Simples;Reta;Sim;2;0;1;1;0;0;2;1;-9,393946;-40,511125;SPRF-PE;DEL06-PE;UOP01-DEL06-PE;;;
709554;05/08/2025;ter�a-feira;12:20:00;SC;101;198,3;BIGUACU;Condutor deixou de manter dist�ncia do ve�culo da frente;Colis�o traseira;Com V�timas Feridas;Pleno dia;Decrescente;Chuva;Dupla;Reta;Sim;2;0;1;0;0;1;1;2;-27,528764;-48,6333;SPRF-SC;DEL01-SC;UOP01-DEL01-SC;;;
709556;05/08/2025;ter�a-feira;07:20:00;SC;280;5,4;SAO FRANCISCO DO SUL;Acessar a via sem observar a presen�a dos outros ve�culos;Colis�o transversal;Com V�timas Feridas;Pleno dia;Decrescente;Chuva;Simples;Reta;N�o;2;0;0;1;1;0;1;2;-26,262765;-48,629628;SPRF-SC;DEL03-SC;UOP03-DEL03-SC;;;
709559;05/08/2025;ter�a-feira;09:00:00;SC;282;330;CAMPOS NOVOS;Mal s�bito do condutor;Colis�o traseira;Sem V�timas;Pleno dia;Crescente;Nublado;Simples;Reta;N�o;3;0;0;0;3;0;0;2;-27,382025;-51,101267;SPRF-SC;DEL07-SC;UOP06-DEL07-SC;;;
709560;05/08/2025;ter�a-feira;13:20:00;PR;163;8,2;BARRACAO;Aus�ncia de rea��o do condutor;Colis�o lateral mesmo sentido;Sem V�timas;Pleno dia;Decrescente;Nublado;Dupla;Reta;Sim;2;0;0;0;2;0;0;2;-26,257745;-53,62548;SPRF-PR;DEL02-PR;UOP02-DEL02-PR;;;
709561;05/08/2025;ter�a-feira;12:20:00;MG;364;17,5;FRUTAL;Rea��o tardia ou ineficiente do condutor;Sa�da de leito carro��vel;Com V�timas Feridas;Pleno dia;Crescente;C�u Claro;Simples;"Reta;Declive";N�o;1;0;1;0;0;0;1;1;-20,061278;-48,808872;SPRF-MG;DEL13-MG;UOP02-DEL13-MG;;;
709562;05/08/2025;ter�a-feira;13:10:00;PR;277;587,5;CASCAVEL;Velocidade Incompat�vel;Colis�o traseira;Com V�timas Feridas;Pleno dia;Crescente;C�u Claro;Simples;"Reta;Interse��o de Vias";N�o;3;0;1;0;1;1;1;3;-24,97;-53,43;SPRF-PR;DEL04-PR;UOP01-DEL04-PR;;;
709566;05/08/2025;ter�a-feira;11:30:00;RJ;495;27;PETROPOLIS;Velocidade Incompat�vel;Sa�da de leito carro��vel;Com V�timas Feridas;Pleno dia;Decrescente;Nublado;Simples;Curva;N�o;3;0;1;0;1;1;1;3;-22,2824812;-43,1192892;SPRF-RJ;DEL05-RJ;UOP02-DEL05-RJ;;;
709568;05/08/2025;ter�a-feira;13:25:00;PR;277;0;PARANAGUA;Pedestre - Ingest�o de �lcool/ subst�ncias psicoativas;Atropelamento de Pedestre;Com V�timas Feridas;Pleno dia;Decrescente;Nublado;Simples;"Reta;Interse��o de Vias";Sim;3;0;2;0;0;1;2;2;-25,51860309;-48,54223;SPRF-PR;DEL01-PR;UOP05-DEL01-PR;;;
709570;05/08/2025;ter�a-feira;13:27:00;SC;282;28,3;SANTO AMARO DA IMPERATRIZ;Acessar a via sem observar a presen�a dos outros ve�culos;Colis�o lateral sentido oposto;Com V�timas Feridas;Pleno dia;Decrescente;Nublado;Simples;"Reta;Interse��o de Vias";N�o;2;0;0;1;1;0;1;2;-27,67406931;-48,77732126;SPRF-SC;DEL01-SC;UOP03-DEL01-SC;;;
709571;05/08/2025;ter�a-feira;11:50:00;SP;381;73;SAO PAULO;Rea��o tardia ou ineficiente do condutor;Colis�o traseira;Com V�timas Feridas;Pleno dia;Decrescente;Nublado;Dupla;Reta;N�o;3;0;1;1;1;0;2;2;-23,36513618;-46,55258831;SPRF-SP;DEL03-SP;UOP01-DEL03-SP;;;
709573;05/08/2025;ter�a-feira;14:50:00;PE;232;129;CARUARU;Chuva;Capotamento;Sem V�timas;Plena Noite;Crescente;Chuva;Dupla;Reta;Sim;1;0;0;0;0;1;0;1;-8,30493;-35,969161;SPRF-PE;DEL02-PE;UOP03-DEL02-PE;;;
709575;05/08/2025;ter�a-feira;14:20:00;SC;101;21,1;JOINVILLE;Velocidade Incompat�vel;Colis�o com objeto;Com V�timas Feridas;Pleno dia;Crescente;Chuva;Dupla;Curva;N�o;1;0;1;0;0;0;1;1;-26,15025499;-48,90919559;SPRF-SC;DEL03-SC;UOP01-DEL03-SC;;;
709577;20/06/2025;sexta-feira;09:40:00;PR;369;152;LONDRINA;Manobra de mudan�a de faixa;Colis�o lateral mesmo sentido;Com V�timas Feridas;Pleno dia;Crescente;C�u Claro;Dupla;Reta;Sim;2;0;0;1;1;0;1;2;-23,29775711;-51,19827239;SPRF-PR;DEL07-PR;UOP01-DEL07-PR;;;
709578;05/08/2025;ter�a-feira;14:45:00;SC;101;201,4;SAO JOSE;Sinaliza��o mal posicionada;Atropelamento de Pedestre;Com V�timas Feridas;Pleno dia;Crescente;Chuva;Dupla;"Reta;Interse��o de Vias";Sim;2;0;1;0;1;0;1;2;-27,5528667;-48,6196682;SPRF-SC;DEL01-SC;UOP01-DEL01-SC;;;
709581;05/08/2025;ter�a-feira;14:20:00;MG;153;41;CANAPOLIS;Manobra de mudan�a de faixa;Capotamento;Com V�timas Feridas;Pleno dia;Crescente;Nublado;Dupla;Reta;N�o;2;0;2;0;0;0;2;1;-18,71649581;-49,13085938;SPRF-MG;DEL15-MG;UOP03-DEL15-MG;;;
709582;10/05/2025;s�bado;10:10:00;CE;20;358,7;CARIDADE;Desrespeitar a prefer�ncia no cruzamento;Colis�o transversal;Com V�timas Feridas;Pleno dia;Decrescente;C�u Claro;Dupla;"Reta;Interse��o de Vias";N�o;2;0;1;0;1;0;1;2;-4,03232;-38,992535;SPRF-CE;DEL02-CE;UOP01-DEL02-CE;;;
709583;05/08/2025;ter�a-feira;15:15:00;MG;50;154;UBERABA;Aus�ncia de rea��o do condutor;Sa�da de leito carro��vel;Com V�timas Feridas;Pleno dia;Crescente;Nublado;Dupla;"Declive;Retorno Regulamentado";N�o;1;0;1;0;0;0;1;1;-19,607974;-48,022148;SPRF-MG;DEL13-MG;UOP01-DEL13-MG;;;
709584;05/08/2025;ter�a-feira;14:30:00;PR;376;4,8;MANDAGUARI;Ultrapassagem Indevida;Colis�o lateral mesmo sentido;Com V�timas Feridas;Pleno dia;Crescente;C�u Claro;Simples;Interse��o de Vias;Sim;2;0;0;1;1;0;1;2;-23,52137308;-51,67952506;SPRF-PR;DEL09-PR;UOP01-DEL09-PR;;;
709585;05/08/2025;ter�a-feira;11:00:00;RJ;101;308;SAO GONCALO;Demais falhas mec�nicas ou el�tricas;Queda de ocupante de ve�culo;Com V�timas Feridas;Pleno dia;Crescente;C�u Claro;Simples;Reta;Sim;1;0;1;0;0;0;1;1;-22,79500021;-43,02962244;SPRF-RJ;DEL02-RJ;UOP02-DEL02-RJ;;;
709586;05/08/2025;ter�a-feira;13:00:00;SC;101;319;PESCARIA BRAVA;Aus�ncia de rea��o do condutor;Tombamento;Com V�timas Feridas;Pleno dia;Decrescente;Nublado;Dupla;Reta;Sim;1;0;1;0;0;0;1;1;-28,42486356;-48,8944602;SPRF-SC;DEL02-SC;UOP01-DEL02-SC;;;
709587;05/08/2025;ter�a-feira;12:45:00;RS;470;72,6;LAGOA VERMELHA;Aus�ncia de rea��o do condutor;Sa�da de leito carro��vel;Com V�timas Feridas;Pleno dia;Crescente;Nublado;Simples;Reta;N�o;2;0;1;0;1;0;1;1;-28,18543417;-51,52403053;SPRF-RS;DEL08-RS;UOP05-DEL08-RS;;;
709588;05/08/2025;ter�a-feira;15:49:00;RN;101;116;SAO JOSE DE MIPIBU;Transitar na contram�o;Colis�o frontal;Com V�timas Feridas;Pleno dia;Crescente;Chuva;Dupla;Reta;Sim;2;0;0;1;1;0;1;2;-6,00187;-35,259342;SPRF-RN;DEL01-RN;UOP01-DEL01-RN;;;
709590;05/08/2025;ter�a-feira;15:45:00;PE;101;89;JABOATAO DOS GUARARAPES;Ultrapassagem Indevida;Colis�o lateral mesmo sentido;Com V�timas Feridas;Pleno dia;Decrescente;Chuva;Dupla;Reta;N�o;2;0;1;0;1;0;1;2;-8,214822;-34,987232;SPRF-PE;DEL01-PE;UOP01-DEL01-PE;;;
709591;01/08/2025;sexta-feira;10:30:00;MG;40;367,9;FELIXLANDIA;Velocidade Incompat�vel;Sa�da de leito carro��vel;Com V�timas Feridas;Pleno dia;Decrescente;C�u Claro;Simples;"Reta;Declive";N�o;2;0;2;0;0;0;2;1;-18,8011675;-44,7990693;SPRF-MG;DEL02-MG;UOP01-DEL02-MG;;;
709592;05/08/2025;ter�a-feira;14:15:00;MS;163;20;MUNDO NOVO;Acessar a via sem observar a presen�a dos outros ve�culos;Colis�o transversal;Com V�timas Feridas;Pleno dia;Decrescente;C�u Claro;Simples;"Reta;Interse��o de Vias";N�o;2;0;1;1;0;0;2;2;-23,923;-54,286;SPRF-MS;DEL09-MS;UOP02-DEL09-MS;;;
709593;05/08/2025;ter�a-feira;17:01:00;ES;101;372;ICONHA;Acessar a via sem observar a presen�a dos outros ve�culos;Colis�o transversal;Com V�timas Feridas;Anoitecer;Crescente;C�u Claro;Simples;Reta;N�o;2;0;1;0;1;0;1;2;-20,77482334;-40,77796698;SPRF-ES;DEL03-ES;UOP01-DEL03-ES;;;
709595;05/08/2025;ter�a-feira;14:54:00;SP;101;47;UBATUBA;Rea��o tardia ou ineficiente do condutor;Tombamento;Com V�timas Feridas;Pleno dia;Crescente;C�u Claro;Dupla;Reta;Sim;2;0;1;0;0;1;1;2;-23,434657;-45,087321;SPRF-SP;DEL06-SP;UOP01-DEL06-SP;;;