id;data_inversa;dia_semana;horario;uf;br;km;municipio;causa_acidente;tipo_acidente;classificacao_acidente;fase_dia;sentido_via;condicao_metereologica;tipo_pista;tracado_via;uso_solo;pessoas;mortos;feridos_leves;feridos_graves;ilesos;ignorados;feridos;veiculos;latitude;longitude;regional;delegacia;uop;;;
709598;05/08/2025;ter�a-feira;17:19:00;GO;153;501,1;GOIANIA;Condutor deixou de manter dist�ncia do ve�culo da frente;Colis�o lateral mesmo sentido;Com V�timas Feridas;Pleno dia;Decrescente;Nublado;M�ltipla;Reta;Sim;7;0;3;0;3;1;3;4;-16,71345943;-49,23358798;SPRF-GO;DEL01-GO;UOP01-DEL01-GO;;;
709599;05/08/2025;ter�a-feira;16:55:00;RS;392;26;RIO GRANDE;Acessar a via sem observar a presen�a dos outros ve�culos;Colis�o transversal;Sem V�timas;Pleno dia;Crescente;C�u Claro;Dupla;Reta;Sim;2;0;0;0;1;1;0;2;-32,02276313;-52,37681508;SPRF-RS;DEL07-RS;UOP02-DEL07-RS;;;
709601;05/08/2025;ter�a-feira;17:30:00;MG;365;625,1;UBERLANDIA;Rea��o tardia ou ineficiente do condutor;Tombamento;Com V�timas Feridas;Pleno dia;Decrescente;Chuva;Dupla;"Reta;Declive;Ponte";Sim;1;0;1;0;0;0;1;1;-18,91020875;-48,30627984;SPRF-MG;DEL15-MG;UOP01-DEL15-MG;;;
709603;05/08/2025;ter�a-feira;15:30:00;MG;381;921,8;CAMANDUCAIA;Demais falhas mec�nicas ou el�tricas;Inc�ndio;Sem V�timas;Pleno dia;Decrescente;Nublado;Dupla;"Aclive;Curva";N�o;1;0;0;0;0;1;0;1;-22,76572557;-46,17488265;SPRF-MG;DEL16-MG;UOP03-DEL16-MG;;;
709604;05/08/2025;ter�a-feira;17:05:00;SP;116;146;SAO JOSE DOS CAMPOS;Condutor deixou de manter dist�ncia do ve�culo da frente;Colis�o traseira;Com V�timas Feridas;Pleno dia;Crescente;Nublado;Dupla;Declive;Sim;2;0;1;0;1;0;1;2;-23,19226789;-45,86546838;SPRF-SP;DEL02-SP;UOP01-DEL02-SP;;;
709606;05/08/2025;ter�a-feira;17:10:00;RJ;40;107;DUQUE DE CAXIAS;Rea��o tardia ou ineficiente do condutor;Colis�o traseira;Com V�timas Feridas;Anoitecer;Crescente;Nublado;M�ltipla;Reta;N�o;2;0;0;1;1;0;1;2;-22,657175;-43,28382;SPRF-RJ;DEL01-RJ;UOP02-DEL01-RJ;;;
709607;05/08/2025;ter�a-feira;16:00:00;PE;232;15,3;JABOATAO DOS GUARARAPES;Rea��o tardia ou ineficiente do condutor;Sa�da de leito carro��vel;Sem V�timas;Pleno dia;Decrescente;Ignorado;Dupla;Curva;N�o;1;0;0;0;0;1;0;1;-8,09387;-35,03191;SPRF-PE;DEL01-PE;UOP01-DEL01-PE;;;
709608;05/08/2025;ter�a-feira;18:00:00;RS;470;177,4;VERANOPOLIS;Acessar a via sem observar a presen�a dos outros ve�culos;Colis�o transversal;Com V�timas Feridas;Anoitecer;Decrescente;Chuva;Simples;"Reta;Interse��o de Vias";Sim;2;0;0;1;1;0;1;2;-28,93902;-51,545151;SPRF-RS;DEL06-RS;UOP02-DEL06-RS;;;
709609;05/08/2025;ter�a-feira;18:00:00;RS;290;80;GRAVATAI;Frear bruscamente;Colis�o traseira;Sem V�timas;Anoitecer;Decrescente;C�u Claro;M�ltipla;"Reta;Retorno Regulamentado";N�o;2;0;0;0;1;1;0;2;-29,95389343;-51,06307983;SPRF-RS;DEL01-RS;UOP01-DEL01-RS;;;
709611;05/08/2025;ter�a-feira;17:50:00;PR;476;168;CONTENDA;Condutor Dormindo;Sa�da de leito carro��vel;Sem V�timas;Anoitecer;Decrescente;Nublado;Simples;Reta;N�o;1;0;0;0;1;0;0;1;-25,67706725;-49,51964474;SPRF-PR;DEL01-PR;UOP06-DEL01-PR;;;
709612;05/08/2025;ter�a-feira;16:40:00;MG;116;632,5;DIVINO;Velocidade Incompat�vel;Colis�o com objeto;Com V�timas Feridas;Pleno dia;Crescente;C�u Claro;Simples;"Curva;Aclive";N�o;3;0;0;2;0;1;2;2;-20,61298277;-42,21376419;SPRF-MG;DEL07-MG;UOP02-DEL07-MG;;;
709615;05/08/2025;ter�a-feira;16:30:00;PA;230;745;MEDICILANDIA;Ingest�o de �lcool pelo condutor;Colis�o com objeto;Com V�timas Feridas;Pleno dia;Crescente;C�u Claro;Simples;"Declive;Reta";N�o;2;0;2;0;0;0;2;1;-3,4518078;-52,8848737;SPRF-PA;DEL04-PA;UOP01-DEL04-PA;;;
709616;05/08/2025;ter�a-feira;17:20:00;MG;40;525,6;CONTAGEM;Trafegar com motocicleta (ou similar) entre as faixas;Colis�o lateral mesmo sentido;Com V�timas Feridas;Anoitecer;Decrescente;Nublado;Dupla;Reta;N�o;5;0;3;0;2;0;3;3;-19,89295263;-44,04889941;SPRF-MG;DEL01-MG;UOP02-DEL01-MG;;;
709618;05/08/2025;ter�a-feira;18:40:00;BA;324;516;FEIRA DE SANTANA;Ultrapassagem Indevida;Colis�o frontal;Com V�timas Feridas;Plena Noite;Decrescente;C�u Claro;Simples;Reta;Sim;3;0;3;0;0;0;3;2;-12,2473;-38,9344;SPRF-BA;DEL02-BA;UOP01-DEL02-BA;;;
709619;05/08/2025;ter�a-feira;18:57:00;RJ;116;181;NOVA IGUACU;Ultrapassagem Indevida;Colis�o lateral mesmo sentido;Com V�timas Fatais;Plena Noite;Crescente;C�u Claro;Dupla;Reta;Sim;3;1;1;0;0;1;1;2;-22,74959304;-43,44138477;SPRF-RJ;DEL06-RJ;UOP01-DEL06-RJ;;;
709620;05/08/2025;ter�a-feira;13:00:00;PI;343;436,3;LAGOINHA DO PIAUI;Afundamento ou ondula��o no pavimento;Tombamento;Com V�timas Feridas;Pleno dia;Decrescente;Sol;Simples;Reta;N�o;1;0;0;1;0;0;1;1;-5,8144647;-42,62180328;SPRF-PI;DEL01-PI;UOP02-DEL01-PI;;;
709621;05/08/2025;ter�a-feira;15:10:00;BA;116;786,8;PLANALTO;Ultrapassagem Indevida;Colis�o frontal;Com V�timas Feridas;Pleno dia;Crescente;Sol;Simples;"Reta;Declive";N�o;2;0;2;0;0;0;2;2;-14,690408;-40,563852;SPRF-BA;DEL08-BA;UOP02-DEL08-BA;;;
709622;05/08/2025;ter�a-feira;18:30:00;ES;101;143,4;LINHARES;Retorno proibido;Colis�o transversal;Com V�timas Feridas;Pleno dia;Decrescente;C�u Claro;Simples;Reta;Sim;2;0;1;0;1;0;1;2;-19,34509012;-40,06368653;SPRF-ES;DEL04-ES;UOP01-DEL04-ES;;;
709623;05/08/2025;ter�a-feira;18:40:00;MG;381;490;BETIM;Aus�ncia de rea��o do condutor;Colis�o traseira;Sem V�timas;Plena Noite;Crescente;C�u Claro;Dupla;Reta;Sim;4;0;0;0;4;0;0;2;-19,95597259;-44,14441538;SPRF-MG;DEL01-MG;UOP03-DEL01-MG;;;
709624;26/06/2025;quinta-feira;18:10:00;SC;101;202;SAO JOSE;Trafegar com motocicleta (ou similar) entre as faixas;Queda de ocupante de ve�culo;Com V�timas Feridas;Pleno dia;Decrescente;Chuva;M�ltipla;Reta;Sim;9;0;2;0;7;0;2;9;-27,5594307;-48,61754743;SPRF-SC;DEL01-SC;UOP01-DEL01-SC;;;
709625;28/05/2025;quarta-feira;19:00:00;RJ;101;471;ANGRA DOS REIS;Rea��o tardia ou ineficiente do condutor;Colis�o traseira;Com V�timas Feridas;Plena Noite;Decrescente;C�u Claro;Simples;Ponte;N�o;4;0;1;0;1;2;1;4;-22,996833;-44,228841;SPRF-RJ;DEL03-RJ;UOP03-DEL03-RJ;;;
709626;05/08/2025;ter�a-feira;18:50:00;SP;116;220;GUARULHOS;Acessar a via sem observar a presen�a dos outros ve�culos;Colis�o lateral mesmo sentido;Com V�timas Feridas;Plena Noite;Decrescente;C�u Claro;M�ltipla;Reta;Sim;2;0;1;0;1;0;1;2;-23,46480685;-46,49824038;SPRF-SP;DEL01-SP;UOP01-DEL01-SP;;;
709627;05/08/2025;ter�a-feira;17:10:00;AL;424;103;MARECHAL DEODORO;Ingest�o de �lcool pelo condutor;Colis�o lateral sentido oposto;Sem V�timas;Pleno dia;Decrescente;C�u Claro;Simples;Reta;N�o;4;0;0;0;4;0;0;2;-9,677315;-35,833769;SPRF-AL;DEL02-AL;UOP01-DEL02-AL;;;
709628;05/08/2025;ter�a-feira;19:20:00;MG;116;409,5;GOVERNADOR VALADARES;Aus�ncia de rea��o do condutor;Colis�o traseira;Com V�timas Feridas;Plena Noite;Decrescente;C�u Claro;Simples;Reta;Sim;3;0;1;0;2;0;1;3;-18,88744701;-41,9461441;SPRF-MG;DEL06-MG;UOP01-DEL06-MG;;;
709629;05/08/2025;ter�a-feira;13:40:00;RJ;101;59;CAMPOS DOS GOYTACAZES;Acumulo de areia ou detritos sobre o pavimento;Tombamento;Com V�timas Feridas;Pleno dia;Crescente;C�u Claro;Simples;Reta;Sim;1;0;1;0;0;0;1;1;-21,71892354;-41,3125941;SPRF-RJ;DEL08-RJ;UOP01-DEL08-RJ;;;
709630;05/08/2025;ter�a-feira;19:35:00;GO;153;530;HIDROLANDIA;Manobra de mudan�a de faixa;Colis�o frontal;Com V�timas Feridas;Plena Noite;Crescente;Vento;Simples;Reta;N�o;2;0;1;0;1;0;1;2;-16,95614646;-49,24165899;SPRF-GO;DEL01-GO;UOP03-DEL01-GO;;;
709631;05/08/2025;ter�a-feira;19:10:00;PB;230;19;JOAO PESSOA;Condutor deixou de manter dist�ncia do ve�culo da frente;Colis�o traseira;Com V�timas Feridas;Plena Noite;Decrescente;C�u Claro;Dupla;Reta;Sim;2;0;1;0;1;0;1;2;-7,126473;-34,845377;SPRF-PB;DEL01-PB;UOP01-DEL01-PB;;;
709632;05/08/2025;ter�a-feira;19:00:00;PI;316;33,5;DEMERVAL LOBAO;Condutor deixou de manter dist�ncia do ve�culo da frente;Colis�o traseira;Com V�timas Feridas;Plena Noite;Decrescente;Nublado;M�ltipla;Reta;Sim;2;0;1;0;1;0;1;2;-5,36347978;-42,67440367;SPRF-PI;DEL01-PI;UOP02-DEL01-PI;;;
709633;05/08/2025;ter�a-feira;19:15:00;MG;50;118;UBERABA;Aus�ncia de rea��o do condutor;Sa�da de leito carro��vel;Com V�timas Feridas;Plena Noite;Crescente;Garoa/Chuvisco;Dupla;"Retorno Regulamentado;Reta";N�o;1;0;0;1;0;0;1;1;-19,299556;-48,114182;SPRF-MG;DEL13-MG;UOP01-DEL13-MG;;;
709635;05/08/2025;ter�a-feira;18:40:00;BA;235;348;JUAZEIRO;Acessar a via sem observar a presen�a dos outros ve�culos;Colis�o transversal;Com V�timas Feridas;Plena Noite;Decrescente;C�u Claro;Simples;Reta;Sim;2;0;1;0;0;1;1;2;-9,44035073;-40,49538406;SPRF-PE;DEL06-PE;UOP01-DEL06-PE;;;
709636;05/08/2025;ter�a-feira;18:20:00;RN;405;71,4;APODI;Ultrapassagem Indevida;Colis�o lateral sentido oposto;Sem V�timas;Plena Noite;Decrescente;C�u Claro;Simples;Reta;N�o;6;0;0;0;6;0;0;2;-5,618045;-37,788611;SPRF-RN;DEL04-RN;UOP02-DEL04-RN;;;
709638;05/08/2025;ter�a-feira;19:43:00;PE;101;45;IGARASSU;Condutor deixou de manter dist�ncia do ve�culo da frente;Colis�o traseira;Com V�timas Feridas;Plena Noite;Decrescente;Nublado;Dupla;Reta;Sim;4;0;2;0;2;0;2;2;-7,87288309;-34,90603209;SPRF-PE;DEL01-PE;UOP02-DEL01-PE;;;
709639;05/08/2025;ter�a-feira;20:10:00;SC;101;220;PALHOCA;Rea��o tardia ou ineficiente do condutor;Queda de ocupante de ve�culo;Com V�timas Feridas;Plena Noite;Crescente;Nublado;Dupla;Reta;N�o;1;0;1;0;0;0;1;1;-27,69537;-48,662701;SPRF-SC;DEL01-SC;UOP02-DEL01-SC;;;
709640;05/08/2025;ter�a-feira;16:00:00;SP;116;173;JACAREI;Aus�ncia de rea��o do condutor;Colis�o com objeto;Com V�timas Feridas;Pleno dia;Decrescente;Nublado;Dupla;Reta;N�o;2;0;1;0;1;0;1;1;-23,31563168;-46,07667542;SPRF-SP;DEL02-SP;UOP01-DEL02-SP;;;
709642;05/08/2025;ter�a-feira;18:30:00;PA;155;327;MARABA;Demais falhas mec�nicas ou el�tricas;Inc�ndio;Sem V�timas;Plena Noite;Decrescente;C�u Claro;Simples;Curva;N�o;1;0;0;0;1;0;0;1;-5,512258;-49,073726;SPRF-PA;DEL03-PA;UOP01-DEL03-PA;;;
709644;05/08/2025;ter�a-feira;19:30:00;PB;230;179;CAMPINA GRANDE;Sinaliza��o mal posicionada;Colis�o traseira;Com V�timas Feridas;Plena Noite;Decrescente;Chuva;Simples;"Desvio Tempor�rio;Em Obras";N�o;3;0;1;0;2;0;1;2;-7,166245;-36,0643533;SPRF-PB;DEL02-PB;UOP02-DEL02-PB;;;
709645;05/08/2025;ter�a-feira;20:00:00;SP;116;223;GUARULHOS;Aus�ncia de rea��o do condutor;Colis�o com objeto;Com V�timas Feridas;Plena Noite;Decrescente;Nublado;M�ltipla;"Reta;Em Obras;Desvio Tempor�rio";Sim;5;0;4;0;1;0;4;2;-23,48277088;-46,536026;SPRF-SP;DEL01-SP;UOP01-DEL01-SP;;;
709646;05/08/2025;ter�a-feira;20:50:00;GO;153;511;APARECIDA DE GOIANIA;Aus�ncia de rea��o do condutor;Queda de ocupante de ve�culo;Com V�timas Feridas;Plena Noite;Decrescente;Vento;Dupla;Reta;N�o;1;0;1;0;0;0;1;1;-16,7774599;-49,2367926;SPRF-GO;DEL01-GO;UOP03-DEL01-GO;;;
709647;05/08/2025;ter�a-feira;18:02:00;BA;101;208;GOVERNADOR MANGABEIRA;Acesso irregular;Colis�o transversal;Com V�timas Feridas;Anoitecer;Crescente;C�u Claro;Simples;"Declive;Reta";Sim;2;0;1;0;0;1;1;2;-12,598826;-39,04481;SPRF-BA;DEL01-BA;UOP02-DEL01-BA;;;
709648;05/08/2025;ter�a-feira;18:00:00;PA;230;124;MARABA;Rea��o tardia ou ineficiente do condutor;Colis�o lateral mesmo sentido;Com V�timas Feridas;Anoitecer;Decrescente;C�u Claro;Simples;Aclive;Sim;3;0;2;0;1;0;2;2;-5,37558;-49,154063;SPRF-PA;DEL03-PA;UOP01-DEL03-PA;;;
709650;05/08/2025;ter�a-feira;20:18:00;SC;101;272,4;IMBITUBA;Avarias e/ou desgaste excessivo no pneu;Colis�o traseira;Com V�timas Feridas;Plena Noite;Decrescente;Nublado;M�ltipla;Reta;Sim;2;0;0;1;1;0;1;2;-28,12646;-48,69444;SPRF-SC;DEL02-SC;UOP03-DEL02-SC;;;
709651;05/08/2025;ter�a-feira;19:40:00;RS;386;32;FREDERICO WESTPHALEN;Acessar a via sem observar a presen�a dos outros ve�culos;Colis�o transversal;Com V�timas Feridas;Plena Noite;Crescente;C�u Claro;Simples;"Curva;Interse��o de Vias";Sim;2;0;1;0;1;0;1;2;-27,34372817;-53,38867156;SPRF-RS;DEL08-RS;UOP02-DEL08-RS;;;
709652;05/08/2025;ter�a-feira;18:55:00;PR;163;239,2;TOLEDO;Manobra de mudan�a de faixa;Colis�o lateral mesmo sentido;Com V�timas Feridas;Plena Noite;Crescente;C�u Claro;Dupla;Reta;N�o;2;0;0;1;1;0;1;2;-24,72833338;-53,70261347;SPRF-PR;DEL04-PR;UOP01-DEL04-PR;;;
709654;05/08/2025;ter�a-feira;20:10:00;SC;480;127,9;CHAPECO;Condutor deixou de manter dist�ncia do ve�culo da frente;Colis�o traseira;Com V�timas Feridas;Plena Noite;Crescente;Nublado;Simples;Reta;Sim;3;0;0;1;2;0;1;3;-27,0375523;-52,634473;SPRF-SC;DEL07-SC;UOP01-DEL07-SC;;;
709655;05/08/2025;ter�a-feira;21:40:00;SP;116;453;REGISTRO;Pedestre andava na pista;Atropelamento de Pedestre;Com V�timas Feridas;Plena Noite;Decrescente;Garoa/Chuvisco;Dupla;Reta;N�o;3;0;1;0;1;1;1;2;-24,56211678;-47,8678271;SPRF-SP;DEL05-SP;UOP01-DEL05-SP;;;
709656;05/08/2025;ter�a-feira;17:40:00;RJ;40;122;DUQUE DE CAXIAS;Rea��o tardia ou ineficiente do condutor;Colis�o traseira;Com V�timas Feridas;Plena Noite;Decrescente;C�u Claro;M�ltipla;Reta;Sim;3;0;1;0;2;0;1;3;-22,797503;-43,28924;SPRF-RJ;DEL01-RJ;UOP02-DEL01-RJ;;;
709658;05/08/2025;ter�a-feira;21:40:00;PR;369;186;ARAPONGAS;Estacionar ou parar em local proibido;Colis�o traseira;Com V�timas Feridas;Plena Noite;Decrescente;Nublado;Simples;"Interse��o de Vias;Reta";Sim;2;0;1;0;1;0;1;2;-23,43129956;-51,42256185;SPRF-PR;DEL07-PR;UOP03-DEL07-PR;;;
709661;05/08/2025;ter�a-feira;19:20:00;MG;116;550,9;SANTA BARBARA DO LESTE;Acessar a via sem observar a presen�a dos outros ve�culos;Colis�o transversal;Com V�timas Feridas;Plena Noite;Crescente;Nublado;Simples;Reta;N�o;2;0;1;0;1;0;1;2;-19,982989;-42,143342;SPRF-MG;DEL06-MG;UOP02-DEL06-MG;;;
709662;05/08/2025;ter�a-feira;18:30:00;SC;101;35,2;JOINVILLE;Demais falhas mec�nicas ou el�tricas;Tombamento;Com V�timas Feridas;Plena Noite;Crescente;Nublado;Dupla;Reta;N�o;1;0;1;0;0;0;1;1;-26,26902788;-48,89563736;SPRF-SC;DEL03-SC;UOP01-DEL03-SC;;;
709663;05/08/2025;ter�a-feira;19:50:00;PR;153;461,8;UNIAO DA VITORIA;Velocidade Incompat�vel;Sa�da de leito carro��vel;Com V�timas Fatais;Plena Noite;Decrescente;Nevoeiro/Neblina;Simples;"Declive;Curva";N�o;1;1;0;0;0;0;0;1;-26,23667;-51,15447;SPRF-PR;DEL02-PR;UOP03-DEL02-PR;;;
709664;05/08/2025;ter�a-feira;22:15:00;RJ;465;11;SEROPEDICA;Rea��o tardia ou ineficiente do condutor;Colis�o traseira;Com V�timas Feridas;Plena Noite;Decrescente;C�u Claro;Simples;Reta;N�o;2;0;1;0;1;0;1;2;-22,7147776;-43,7256192;SPRF-RJ;DEL06-RJ;UOP02-DEL06-RJ;;;
709665;05/08/2025;ter�a-feira;22:50:00;RJ;116;317;ITATIAIA;Acessar a via sem observar a presen�a dos outros ve�culos;Atropelamento de Pedestre;Com V�timas Fatais;Plena Noite;Crescente;Nublado;Dupla;Interse��o de Vias;N�o;7;1;1;0;0;5;1;3;-22,49368464;-44,56595421;SPRF-RJ;DEL07-RJ;UOP02-DEL07-RJ;;;
709667;05/08/2025;ter�a-feira;23:00:00;PR;116;118;CURITIBA;Rea��o tardia ou ineficiente do condutor;Colis�o traseira;Sem V�timas;Plena Noite;Crescente;Nublado;Dupla;Reta;Sim;2;0;0;0;1;1;0;2;-25,570883;-49,310898;SPRF-PR;DEL01-PR;UOP03-DEL01-PR;;;
709670;05/08/2025;ter�a-feira;22:30:00;PI;343;337;TERESINA;Chuva;Sa�da de leito carro��vel;Com V�timas Feridas;Plena Noite;Crescente;Chuva;Dupla;Reta;N�o;1;0;1;0;0;0;1;1;-5,062612;-42,71823;SPRF-PI;DEL01-PI;UOP01-DEL01-PI;;;
709672;06/08/2025;quarta-feira;01:25:00;RS;290;80;CACHOEIRINHA;Animais na Pista;Colis�o com objeto;Com V�timas Feridas;Plena Noite;Decrescente;C�u Claro;Dupla;Reta;N�o;1;0;1;0;0;0;1;1;-29,95858334;-51,08190918;SPRF-RS;DEL01-RS;UOP01-DEL01-RS;;;
709675;06/08/2025;quarta-feira;02:00:00;RS;386;347,5;LAJEADO;Aus�ncia de rea��o do condutor;Colis�o traseira;Sem V�timas;Plena Noite;Crescente;Nublado;M�ltipla;"Aclive;Curva";Sim;2;0;0;0;2;0;0;2;-29,45550737;-51,95897754;SPRF-RS;DEL04-RS;UOP01-DEL04-RS;;;
709677;05/08/2025;ter�a-feira;05:40:00;BA;324;565;AMELIA RODRIGUES;Animais na Pista;Atropelamento de Animal;Com V�timas Feridas;Pleno dia;Crescente;Nublado;Dupla;Reta;N�o;2;0;2;0;0;0;2;1;-12,49874534;-38,64768147;SPRF-BA;DEL01-BA;UOP01-DEL01-BA;;;
709679;06/08/2025;quarta-feira;04:10:00;PB;230;138,2;MASSARANDUBA;Avarias e/ou desgaste excessivo no pneu;Tombamento;Sem V�timas;Amanhecer;Decrescente;Chuva;Dupla;Curva;N�o;1;0;0;0;1;0;0;1;-7,25847915;-35,81076443;SPRF-PB;DEL02-PB;UOP01-DEL02-PB;;;
709682;06/08/2025;quarta-feira;04:52:00;MS;163;470,7;CAMPO GRANDE;Acessar a via sem observar a presen�a dos outros ve�culos;Colis�o transversal;Com V�timas Feridas;Amanhecer;Decrescente;C�u Claro;Simples;"Curva;Interse��o de Vias";N�o;2;0;1;0;1;0;1;2;-20,55506975;-54,55589533;SPRF-MS;DEL01-MS;UOP01-DEL01-MS;;;
709684;06/08/2025;quarta-feira;07:00:00;SC;101;214,8;PALHOCA;Acesso irregular;Colis�o transversal;Com V�timas Feridas;Pleno dia;Crescente;Nublado;Dupla;Reta;Sim;2;0;0;1;0;1;1;2;-27,65033;-48,6751;SPRF-SC;DEL01-SC;UOP02-DEL01-SC;;;
709687;06/08/2025;quarta-feira;06:50:00;PB;230;146;CAMPINA GRANDE;Condutor deixou de manter dist�ncia do ve�culo da frente;Tombamento;Com V�timas Feridas;Pleno dia;Crescente;Nublado;Dupla;"Reta;Declive";Sim;2;0;1;1;0;0;2;1;-7,24533;-35,851212;SPRF-PB;DEL02-PB;UOP01-DEL02-PB;;;
709690;06/08/2025;quarta-feira;06:30:00;DF;251;59;BRASILIA;Ultrapassagem Indevida;Colis�o lateral mesmo sentido;Com V�timas Feridas;Amanhecer;Decrescente;C�u Claro;Simples;Reta;N�o;2;0;0;1;1;0;1;2;-15,98203064;-47,92389393;SPRF-DF;DEL01-DF;UOP01-DEL01-DF;;;
709691;06/08/2025;quarta-feira;07:00:00;PR;277;127;CAMPO LARGO;Rea��o tardia ou ineficiente do condutor;Queda de ocupante de ve�culo;Com V�timas Feridas;Pleno dia;Decrescente;C�u Claro;Simples;Curva;N�o;1;0;1;0;0;0;1;1;-25,4381469;-49,5485806;SPRF-PR;DEL03-PR;UOP03-DEL03-PR;;;
709692;06/08/2025;quarta-feira;05:30:00;SC;280;125;RIO NEGRINHO;Frear bruscamente;Queda de ocupante de ve�culo;Com V�timas Feridas;Plena Noite;Crescente;Garoa/Chuvisco;Simples;"Reta;Interse��o de Vias";Sim;1;0;1;0;0;0;1;1;-26,23764051;-49,49387725;SPRF-SC;DEL06-SC;UOP03-DEL06-SC;;;
709694;06/08/2025;quarta-feira;06:32:00;MG;40;518;CONTAGEM;Velocidade Incompat�vel;Tombamento;Com V�timas Fatais;Pleno dia;Crescente;C�u Claro;Dupla;Reta;Sim;2;1;0;1;0;0;1;1;-19,83407445;-44,08132195;SPRF-MG;DEL01-MG;UOP02-DEL01-MG;;;
709695;06/08/2025;quarta-feira;07:40:00;PR;476;130,8;CURITIBA;Manobra de mudan�a de faixa;Colis�o lateral mesmo sentido;Com V�timas Feridas;Amanhecer;Crescente;Nublado;M�ltipla;Reta;Sim;2;0;1;0;1;0;1;2;-25,45354812;-49,24479811;SPRF-PR;DEL01-PR;UOP01-DEL01-PR;;;
709697;29/07/2025;ter�a-feira;06:30:00;PR;153;322;IMBITUVA;Rea��o tardia ou ineficiente do condutor;Sa�da de leito carro��vel;Com V�timas Feridas;Amanhecer;Crescente;C�u Claro;Simples;Reta;N�o;2;0;1;0;1;0;1;2;-25,398;-50,613;SPRF-PR;DEL08-PR;UOP02-DEL08-PR;;;
709699;06/08/2025;quarta-feira;07:59:00;RS;386;355,7;ESTRELA;Manobra de mudan�a de faixa;Colis�o lateral mesmo sentido;Com V�timas Feridas;Pleno dia;Crescente;C�u Claro;Dupla;Curva;Sim;2;0;0;1;1;0;1;2;-29,520999;-51,936062;SPRF-RS;DEL04-RS;UOP01-DEL04-RS;;;
709700;06/08/2025;quarta-feira;07:15:00;GO;60;138;GOIANIA;Ultrapassagem Indevida;Colis�o frontal;Com V�timas Feridas;Pleno dia;Decrescente;Sol;Simples;Reta;Sim;2;0;0;1;1;0;1;2;-16,61576226;-49,2062692;SPRF-GO;DEL01-GO;UOP01-DEL01-GO;;;
709701;06/08/2025;quarta-feira;04:08:00;MT;163;1019;TERRA NOVA DO NORTE;Animais na Pista;Atropelamento de Animal;Sem V�timas;Amanhecer;Decrescente;C�u Claro;Simples;Reta;N�o;1;0;0;0;1;0;0;1;-10,321;-55,037;SPRF-MT;DEL06-MT;UOP03-DEL06-MT;;;
709705;06/08/2025;quarta-feira;08:30:00;SE;235;11,1;NOSSA SENHORA DO SOCORRO;Acessar a via sem observar a presen�a dos outros ve�culos;Colis�o transversal;Com V�timas Feridas;Pleno dia;Decrescente;C�u Claro;Simples;"Curva;Declive";Sim;2;0;1;0;1;0;1;2;-10,87772356;-37,15723006;SPRF-SE;DEL01-SE;UOP01-DEL01-SE;;;
709706;06/08/2025;quarta-feira;06:58:00;GO;60;284;JANDAIA;Ingest�o de �lcool pelo condutor;Colis�o traseira;Sem V�timas;Pleno dia;Crescente;C�u Claro;Dupla;Interse��o de Vias;N�o;5;0;0;0;5;0;0;2;-17,21148;-50,15421;SPRF-GO;DEL04-GO;UOP02-DEL04-GO;;;
709707;06/08/2025;quarta-feira;06:45:00;MS;163;492,3;CAMPO GRANDE;Acessar a via sem observar a presen�a dos outros ve�culos;Colis�o transversal;Com V�timas Feridas;Pleno dia;Decrescente;C�u Claro;Simples;"Declive;Reta";Sim;2;0;1;1;0;0;2;2;-20,38481969;-54,5441258;SPRF-MS;DEL01-MS;UOP02-DEL01-MS;;;
709709;06/08/2025;quarta-feira;07:50:00;PE;101;59;RECIFE;Aus�ncia de rea��o do condutor;Colis�o traseira;Com V�timas Feridas;Pleno dia;Crescente;C�u Claro;Dupla;Reta;Sim;2;0;1;0;1;0;1;2;-7,977835;-34,927127;SPRF-PE;DEL01-PE;UOP02-DEL01-PE;;;
709710;06/08/2025;quarta-feira;08:10:00;PI;343;1;TERESINA;Condutor deixou de manter dist�ncia do ve�culo da frente;Colis�o traseira;Sem V�timas;Pleno dia;Crescente;C�u Claro;Dupla;Reta;Sim;2;0;0;0;2;0;0;2;-5,080395;-42,759078;SPRF-PI;DEL01-PI;UOP01-DEL01-PI;;;
709711;06/08/2025;quarta-feira;08:24:00;PI;316;3;TERESINA;Condutor deixou de manter dist�ncia do ve�culo da frente;Colis�o traseira;Com V�timas Feridas;Pleno dia;Decrescente;C�u Claro;Dupla;"Reta;Aclive;Interse��o de Vias";Sim;2;0;1;0;1;0;1;2;-5,1318639;-42,7911006;SPRF-PI;DEL01-PI;UOP02-DEL01-PI;;;
709712;06/08/2025;quarta-feira;07:25:00;MT;163;818,4;SINOP;Condutor deixou de manter dist�ncia do ve�culo da frente;Colis�o traseira;Sem V�timas;Pleno dia;Decrescente;Sol;Simples;"Reta;Em Obras";Sim;2;0;0;0;1;1;0;2;-12,00917;-55,51723;SPRF-MT;DEL06-MT;UOP02-DEL06-MT;;;
709713;06/08/2025;quarta-feira;06:55:00;MT;163;818;SINOP;Manobra de mudan�a de faixa;Capotamento;Com V�timas Feridas;Pleno dia;Crescente;C�u Claro;Simples;"Reta;Em Obras";N�o;1;0;0;1;0;0;1;1;-12,009;-55,517;SPRF-MT;DEL06-MT;UOP02-DEL06-MT;;;
709714;06/08/2025;quarta-feira;08:20:00;RS;293;32,7;MORRO REDONDO;Ultrapassagem Indevida;Colis�o frontal;Com V�timas Feridas;Pleno dia;Decrescente;Nevoeiro/Neblina;Simples;"Reta;Declive";N�o;2;0;0;1;1;0;1;2;-31,732387;-52,65368;SPRF-RS;DEL07-RS;UOP01-DEL07-RS;;;