id;data_inversa;dia_semana;horario;uf;br;km;municipio;causa_acidente;tipo_acidente;classificacao_acidente;fase_dia;sentido_via;condicao_metereologica;tipo_pista;tracado_via;uso_solo;pessoas;mortos;feridos_leves;feridos_graves;ilesos;ignorados;feridos;veiculos;latitude;longitude;regional;delegacia;uop;;;
709715;06/08/2025;quarta-feira;08:40:00;MG;40;529;CONTAGEM;Condutor deixou de manter dist�ncia do ve�culo da frente;Colis�o lateral mesmo sentido;Sem V�timas;Pleno dia;Crescente;C�u Claro;Dupla;Curva;Sim;2;0;0;0;2;0;0;2;-19,92205167;-44,03740454;SPRF-MG;DEL01-MG;UOP02-DEL01-MG;;;
709716;06/08/2025;quarta-feira;07:56:00;PE;428;185;PETROLINA;Manobra de mudan�a de faixa;Colis�o lateral mesmo sentido;Com V�timas Feridas;Pleno dia;Crescente;C�u Claro;Dupla;Reta;Sim;4;0;0;2;2;0;2;3;-9,3471468;-40,47361093;SPRF-PE;DEL06-PE;UOP01-DEL06-PE;;;
709717;06/08/2025;quarta-feira;08:50:00;PE;101;53;PAULISTA;Rea��o tardia ou ineficiente do condutor;Colis�o lateral mesmo sentido;Com V�timas Feridas;Pleno dia;Crescente;Sol;M�ltipla;Reta;Sim;3;0;0;2;0;1;2;2;-7,937;-34,903;SPRF-PE;DEL01-PE;UOP02-DEL01-PE;;;
709721;06/08/2025;quarta-feira;09:10:00;PR;373;264;PRUDENTOPOLIS;Aus�ncia de rea��o do condutor;Sa�da de leito carro��vel;Sem V�timas;Pleno dia;Decrescente;C�u Claro;Simples;Reta;N�o;3;0;0;0;2;1;0;1;-25,19928;-50,96636;SPRF-PR;DEL08-PR;UOP01-DEL08-PR;;;
709722;06/08/2025;quarta-feira;05:20:00;GO;50;279,7;CATALAO;Defici�ncia do Sistema de Ilumina��o/Sinaliza��o;Colis�o com objeto;Sem V�timas;Amanhecer;Decrescente;C�u Claro;Dupla;"Reta;Desvio Tempor�rio;Em Obras";Sim;2;0;0;0;2;0;0;1;-18,17801;-47,935142;SPRF-GO;DEL06-GO;UOP01-DEL06-GO;;;
709723;06/08/2025;quarta-feira;09:05:00;BA;324;619;SALVADOR;Aus�ncia de rea��o do condutor;Colis�o traseira;Com V�timas Feridas;Pleno dia;Crescente;Nublado;Dupla;Reta;Sim;2;0;1;0;1;0;1;2;-12,91145073;-38,45873955;SPRF-BA;DEL01-BA;UOP01-DEL01-BA;;;
709724;06/08/2025;quarta-feira;09:16:00;PE;408;97;JABOATAO DOS GUARARAPES;Manobra de mudan�a de faixa;Tombamento;Com V�timas Feridas;Pleno dia;Crescente;C�u Claro;Dupla;Curva;N�o;2;0;1;0;1;0;1;2;-8,08133419;-34,99012731;SPRF-PE;DEL01-PE;UOP01-DEL01-PE;;;
709726;06/08/2025;quarta-feira;07:45:00;PR;376;490,6;PONTA GROSSA;Pista Escorregadia;Tombamento;Com V�timas Feridas;Pleno dia;Crescente;Nublado;Dupla;"Curva;Declive";Sim;1;0;1;0;0;0;1;1;-25,10361099;-50,19610977;SPRF-PR;DEL03-PR;UOP04-DEL03-PR;;;
709728;06/08/2025;quarta-feira;09:30:00;RN;406;168;SAO GONCALO DO AMARANTE;Condutor deixou de manter dist�ncia do ve�culo da frente;Colis�o traseira;Sem V�timas;Pleno dia;Crescente;Chuva;Dupla;Reta;N�o;2;0;0;0;2;0;0;2;-5,753528;-35,313348;SPRF-RN;DEL02-RN;UOP01-DEL02-RN;;;
709730;06/08/2025;quarta-feira;10:10:00;RN;101;107,2;PARNAMIRIM;Condutor deixou de manter dist�ncia do ve�culo da frente;Colis�o traseira;Sem V�timas;Pleno dia;Crescente;Nublado;Simples;Reta;N�o;2;0;0;0;2;0;0;2;-5,919322;-35,264508;SPRF-RN;DEL01-RN;UOP01-DEL01-RN;;;
709732;06/08/2025;quarta-feira;08:30:00;RJ;116;186;NOVA IGUACU;Manobra de mudan�a de faixa;Colis�o lateral mesmo sentido;Com V�timas Feridas;Pleno dia;Decrescente;C�u Claro;Dupla;Reta;Sim;3;0;1;0;2;0;1;2;-22,73942145;-43,46771685;SPRF-RJ;DEL06-RJ;UOP01-DEL06-RJ;;;
709733;06/08/2025;quarta-feira;07:41:00;PR;116;22,1;ANTONINA;Chuva;Sa�da de leito carro��vel;Com V�timas Feridas;Pleno dia;Crescente;Chuva;Dupla;Curva;N�o;4;0;2;0;2;0;2;1;-25,111015;-48,751935;SPRF-PR;DEL01-PR;UOP02-DEL01-PR;;;
709735;06/08/2025;quarta-feira;10:05:00;MG;262;813;UBERABA;Avarias e/ou desgaste excessivo no pneu;Tombamento;Com V�timas Feridas;Pleno dia;Decrescente;C�u Claro;Dupla;Reta;Sim;2;0;1;0;1;0;1;1;-19,76383818;-48,00345004;SPRF-MG;DEL13-MG;UOP01-DEL13-MG;;;
709737;29/07/2025;ter�a-feira;14:00:00;MA;135;333;PRESIDENTE DUTRA;Manobra de mudan�a de faixa;Colis�o frontal;Com V�timas Fatais;Pleno dia;Crescente;C�u Claro;Simples;Reta;N�o;2;1;1;0;0;0;1;2;-5,22997144;-44,48027283;SPRF-MA;DEL06-MA;UOP01-DEL06-MA;;;
709738;06/08/2025;quarta-feira;10:00:00;SP;116;221;GUARULHOS;Velocidade Incompat�vel;Colis�o traseira;Com V�timas Feridas;Pleno dia;Crescente;Nublado;M�ltipla;"Reta;Em Obras";Sim;4;0;2;0;2;0;2;3;-23,47542614;-46,51035056;SPRF-SP;DEL01-SP;UOP01-DEL01-SP;;;
709739;18/07/2025;sexta-feira;01:20:00;PR;476;345;PAULA FREITAS;Rea��o tardia ou ineficiente do condutor;Colis�o com objeto;Sem V�timas;Plena Noite;Decrescente;C�u Claro;Simples;Reta;N�o;1;0;0;0;1;0;0;1;-26,18440207;-50,94120026;SPRF-PR;DEL02-PR;UOP03-DEL02-PR;;;
709740;06/08/2025;quarta-feira;10:20:00;SC;101;132,6;BALNEARIO CAMBORIU;Acessar a via sem observar a presen�a dos outros ve�culos;Colis�o transversal;Com V�timas Feridas;Pleno dia;Crescente;C�u Claro;M�ltipla;Interse��o de Vias;Sim;3;0;2;1;0;0;3;2;-26,99874;-48,64916;SPRF-SC;DEL04-SC;UOP03-DEL04-SC;;;
709741;06/08/2025;quarta-feira;10:10:00;RS;470;218;BENTO GONCALVES;Acumulo de �leo sobre o pavimento;Queda de ocupante de ve�culo;Com V�timas Feridas;Pleno dia;Decrescente;C�u Claro;Dupla;Curva;N�o;1;0;1;0;0;0;1;1;-29,19115101;-51,52392626;SPRF-RS;DEL06-RS;UOP01-DEL06-RS;;;
709744;06/08/2025;quarta-feira;10:35:00;MG;381;609,3;OLIVEIRA;Condutor Dormindo;Sa�da de leito carro��vel;Com V�timas Feridas;Pleno dia;Decrescente;C�u Claro;Dupla;Curva;N�o;2;0;1;0;1;0;1;1;-20,70502307;-44,75342274;SPRF-MG;DEL04-MG;UOP01-DEL04-MG;;;
709745;14/07/2025;segunda-feira;15:00:00;GO;364;91;CACHOEIRA ALTA;Aus�ncia de rea��o do condutor;Sa�da de leito carro��vel;Com V�timas Feridas;Pleno dia;Decrescente;Sol;Simples;Reta;N�o;3;0;3;0;0;0;3;1;-18,485102;-51,077453;SPRF-GO;DEL05-GO;UOP02-DEL05-GO;;;
709746;06/08/2025;quarta-feira;10:50:00;PR;376;297;MAUA DA SERRA;Velocidade Incompat�vel;Colis�o traseira;Com V�timas Feridas;Pleno dia;Decrescente;Sol;Dupla;Reta;N�o;3;0;1;0;1;1;1;3;-23,92016262;-51,176922;SPRF-PR;DEL07-PR;UOP02-DEL07-PR;;;
709747;24/07/2025;quinta-feira;16:50:00;SC;470;146;RIO DO SUL;Frear bruscamente;Colis�o traseira;Sem V�timas;Pleno dia;Decrescente;Chuva;Simples;Reta;N�o;4;0;0;0;4;0;0;2;-27,23646306;-49,68065707;SPRF-SC;DEL04-SC;UOP02-DEL04-SC;;;
709748;25/07/2025;sexta-feira;12:30:00;RJ;116;176;SAO JOAO DE MERITI;Aus�ncia de rea��o do condutor;Colis�o frontal;Com V�timas Feridas;Pleno dia;Crescente;Nublado;M�ltipla;Curva;Sim;1;0;1;0;0;0;1;1;-22,78382506;-43,38207576;SPRF-RJ;DEL06-RJ;UOP01-DEL06-RJ;;;
709750;29/07/2025;ter�a-feira;20:20:00;CE;20;325,9;CARIDADE;Manobra de mudan�a de faixa;Colis�o frontal;Com V�timas Feridas;Plena Noite;Crescente;C�u Claro;Simples;Reta;Sim;3;0;0;3;0;0;3;2;-4,230498;-39,198783;SPRF-CE;DEL02-CE;UOP01-DEL02-CE;;;
709754;06/08/2025;quarta-feira;11:30:00;MG;262;356;BETIM;Aus�ncia de rea��o do condutor;Tombamento;Com V�timas Feridas;Pleno dia;Crescente;Sol;M�ltipla;"Curva;Rotat�ria";N�o;2;0;2;0;0;0;2;1;-19,97898;-44,22532;SPRF-MG;DEL01-MG;UOP03-DEL01-MG;;;
709755;06/08/2025;quarta-feira;12:00:00;RN;101;108,9;PARNAMIRIM;Acostamento em desn�vel;Tombamento;Com V�timas Feridas;Pleno dia;Decrescente;Chuva;Dupla;Reta;Sim;2;0;2;0;0;0;2;1;-5,932673;-35,264722;SPRF-RN;DEL01-RN;UOP01-DEL01-RN;;;
709756;06/08/2025;quarta-feira;12:20:00;RJ;101;322;NITEROI;Condutor deixou de manter dist�ncia do ve�culo da frente;Colis�o traseira;Com V�timas Feridas;Pleno dia;Crescente;C�u Claro;Dupla;"Reta;Ponte";N�o;2;0;1;0;1;0;1;2;-22,87506543;-43,12000227;SPRF-RJ;DEL02-RJ;UOP01-DEL02-RJ;;;
709757;06/08/2025;quarta-feira;12:00:00;SC;282;1,1;FLORIANOPOLIS;Rea��o tardia ou ineficiente do condutor;Colis�o traseira;Com V�timas Feridas;Pleno dia;Crescente;C�u Claro;Dupla;Curva;Sim;2;0;1;0;1;0;1;2;-27,60277533;-48,58086554;SPRF-SC;DEL01-SC;UOP01-DEL01-SC;;;
709760;06/08/2025;quarta-feira;12:35:00;MG;381;484;BETIM;Condutor deixou de manter dist�ncia do ve�culo da frente;Colis�o traseira;Com V�timas Feridas;Pleno dia;Crescente;C�u Claro;Dupla;"Reta;Declive";Sim;3;0;1;1;1;0;2;2;-19,95955;-44,08695;SPRF-MG;DEL01-MG;UOP03-DEL01-MG;;;
709762;06/08/2025;quarta-feira;13:00:00;RS;290;40;SANTO ANTONIO DA PATRULHA;Demais falhas mec�nicas ou el�tricas;Inc�ndio;Sem V�timas;Pleno dia;Crescente;C�u Claro;Dupla;Reta;N�o;1;0;0;0;1;0;0;1;-29,88620659;-50,65851688;SPRF-RS;DEL03-RS;UOP01-DEL03-RS;;;
709765;06/08/2025;quarta-feira;12:50:00;RN;304;49,2;MOSSORO;Acessar a via sem observar a presen�a dos outros ve�culos;Colis�o lateral mesmo sentido;Com V�timas Feridas;Pleno dia;Decrescente;C�u Claro;Dupla;"Retorno Regulamentado;Interse��o de Vias";Sim;3;0;2;0;1;0;2;2;-5,21842979;-37,32823517;SPRF-RN;DEL04-RN;UOP01-DEL04-RN;;;
709766;06/08/2025;quarta-feira;11:00:00;MG;381;301;ANTONIO DIAS;Aus�ncia de rea��o do condutor;Colis�o traseira;Sem V�timas;Pleno dia;Crescente;C�u Claro;Simples;Curva;N�o;2;0;0;0;2;0;0;2;-19,5887104;-42,7393024;SPRF-MG;DEL03-MG;UOP02-DEL03-MG;;;
709771;06/08/2025;quarta-feira;12:41:00;PR;369;33;CAMBARA;Rea��o tardia ou ineficiente do condutor;Sa�da de leito carro��vel;Sem V�timas;Pleno dia;Decrescente;C�u Claro;Dupla;Curva;N�o;1;0;0;0;1;0;0;1;-23,03272;-50,204435;SPRF-PR;DEL07-PR;UOP05-DEL07-PR;;;
709772;06/08/2025;quarta-feira;13:20:00;DF;40;5;BRASILIA;Rea��o tardia ou ineficiente do condutor;Colis�o traseira;Com V�timas Feridas;Pleno dia;Decrescente;C�u Claro;Dupla;Reta;Sim;2;0;1;0;0;1;1;2;-16,026514;-47,979322;SPRF-DF;DEL01-DF;UOP01-DEL01-DF;;;
709774;06/08/2025;quarta-feira;09:45:00;AC;364;139;RIO BRANCO;Avarias e/ou desgaste excessivo no pneu;Tombamento;Com V�timas Feridas;Pleno dia;Decrescente;Sol;Dupla;Reta;N�o;1;0;0;1;0;0;1;1;-9,951967;-67,863354;SPRF-AC;DEL01-AC;UOP01-DEL01-AC;;;
709778;06/08/2025;quarta-feira;13:40:00;SC;470;108,6;APIUNA;Ultrapassagem Indevida;Colis�o frontal;Com V�timas Feridas;Pleno dia;Crescente;Nublado;Simples;"Reta;Interse��o de Vias";Sim;2;0;1;1;0;0;2;2;-27,083709;-49,446679;SPRF-SC;DEL04-SC;UOP02-DEL04-SC;;;
709779;09/07/2025;quarta-feira;07:45:00;PR;116;18,5;CURITIBA;Rea��o tardia ou ineficiente do condutor;Tombamento;Com V�timas Feridas;Pleno dia;Crescente;Nublado;Dupla;Reta;Sim;1;0;1;0;0;0;1;1;-25,388951;-49,195239;SPRF-PR;DEL01-PR;UOP02-DEL01-PR;;;
709783;06/08/2025;quarta-feira;14:25:00;RN;110;46;MOSSORO;Acesso irregular;Colis�o transversal;Com V�timas Feridas;Pleno dia;Decrescente;C�u Claro;Simples;Reta;Sim;2;0;1;0;1;0;1;2;-5,196567;-37,316607;SPRF-RN;DEL04-RN;UOP01-DEL04-RN;;;
709784;06/08/2025;quarta-feira;14:00:00;PI;316;9;TERESINA;Manobra de mudan�a de faixa;Colis�o lateral mesmo sentido;Com V�timas Feridas;Pleno dia;Decrescente;C�u Claro;Simples;Reta;Sim;2;0;1;0;1;0;1;2;-5,16986254;-42,76740342;SPRF-PI;DEL01-PI;UOP02-DEL01-PI;;;
709787;06/08/2025;quarta-feira;14:00:00;SC;280;22;ARAQUARI;Velocidade Incompat�vel;Sa�da de leito carro��vel;Com V�timas Feridas;Pleno dia;Decrescente;Nublado;Simples;Reta;Sim;1;0;1;0;0;0;1;1;-26,37433331;-48,71589867;SPRF-SC;DEL03-SC;UOP03-DEL03-SC;;;
709788;06/08/2025;quarta-feira;14:23:00;MG;262;692,5;ARAXA;Desrespeitar a prefer�ncia no cruzamento;Colis�o transversal;Sem V�timas;Pleno dia;Decrescente;C�u Claro;Simples;"Reta;Interse��o de Vias";N�o;3;0;0;0;3;0;0;2;-19,554618;-46,965168;SPRF-MG;DEL08-MG;UOP01-DEL08-MG;;;
709789;06/08/2025;quarta-feira;14:50:00;SE;101;151,3;ESTANCIA;Acessar a via sem observar a presen�a dos outros ve�culos;Colis�o transversal;Com V�timas Feridas;Pleno dia;Decrescente;Sol;Simples;"Reta;Interse��o de Vias";Sim;3;0;1;1;1;0;2;2;-11,26249725;-37,44158864;SPRF-SE;DEL02-SE;UOP01-DEL02-SE;;;
709790;06/08/2025;quarta-feira;15:30:00;PB;101;85;BAYEUX;Ultrapassagem Indevida;Colis�o lateral mesmo sentido;Com V�timas Feridas;Pleno dia;Decrescente;C�u Claro;Dupla;Reta;Sim;2;0;0;1;1;0;1;2;-7,14552472;-34,916394;SPRF-PB;DEL01-PB;UOP01-DEL01-PB;;;
709791;06/08/2025;quarta-feira;13:25:00;SC;470;116,2;IBIRAMA;Acessar a via sem observar a presen�a dos outros ve�culos;Colis�o transversal;Com V�timas Feridas;Pleno dia;Crescente;Nublado;Simples;"Reta;Interse��o de Vias";N�o;6;0;2;0;4;0;2;2;-27,07797226;-49,49247329;SPRF-SC;DEL04-SC;UOP02-DEL04-SC;;;
709792;06/08/2025;quarta-feira;14:00:00;MT;174;282;PONTES E LACERDA;Animais na Pista;Atropelamento de Animal;Com V�timas Feridas;Pleno dia;Decrescente;C�u Claro;Simples;Reta;N�o;1;0;1;0;0;0;1;1;-15,286755;-59,2817183;SPRF-MT;DEL04-MT;UOP01-DEL04-MT;;;
709793;06/08/2025;quarta-feira;14:15:00;SP;116;65;GUARATINGUETA;Acessar a via sem observar a presen�a dos outros ve�culos;Tombamento;Com V�timas Feridas;Pleno dia;Decrescente;Sol;Simples;Rotat�ria;Sim;1;0;1;0;0;0;1;1;-22,823853;-45,19266;SPRF-SP;DEL08-SP;UOP01-DEL08-SP;;;
709794;21/07/2025;segunda-feira;16:30:00;RN;101;81;SAO GONCALO DO AMARANTE;Aus�ncia de rea��o do condutor;Engavetamento;Sem V�timas;Pleno dia;Crescente;Sol;Dupla;Reta;Sim;5;0;0;0;5;0;0;3;-5,76452;-35,283834;SPRF-RN;DEL02-RN;UOP01-DEL02-RN;;;
709795;06/08/2025;quarta-feira;13:20:00;RJ;40;60;PETROPOLIS;Aus�ncia de rea��o do condutor;Sa�da de leito carro��vel;Com V�timas Feridas;Pleno dia;Crescente;Chuva;Dupla;Curva;Sim;2;0;2;0;0;0;2;1;-22,39344808;-43,13348562;SPRF-RJ;DEL05-RJ;UOP02-DEL05-RJ;;;
709797;19/06/2025;quinta-feira;17:55:00;SC;470;110,9;APIUNA;Transitar na contram�o;Colis�o frontal;Com V�timas Feridas;Plena Noite;Crescente;Chuva;Simples;Reta;N�o;3;0;3;0;0;0;3;2;-27,09605;-49,45789;SPRF-SC;DEL04-SC;UOP02-DEL04-SC;;;
709798;06/08/2025;quarta-feira;16:00:00;SP;116;107;TAUBATE;Demais falhas mec�nicas ou el�tricas;Colis�o com objeto;Com V�timas Feridas;Pleno dia;Decrescente;Sol;Dupla;Reta;Sim;1;0;1;0;0;0;1;1;-23,01925583;-45,53287312;SPRF-SP;DEL02-SP;UOP02-DEL02-SP;;;
709800;26/07/2025;s�bado;00:00:00;SC;280;274,9;IRINEOPOLIS;Ingest�o de �lcool pelo condutor;Sa�da de leito carro��vel;Com V�timas Feridas;Plena Noite;Crescente;Nublado;Simples;"Aclive;Interse��o de Vias";N�o;1;0;0;1;0;0;1;1;-26,28638541;-50,78123486;SPRF-SC;DEL06-SC;UOP04-DEL06-SC;;;
709806;06/08/2025;quarta-feira;17:10:00;SC;101;122;ITAJAI;Manobra de mudan�a de faixa;Colis�o traseira;Com V�timas Feridas;Pleno dia;Decrescente;Nublado;M�ltipla;Curva;Sim;2;0;1;0;1;0;1;2;-26,93199728;-48,70315902;SPRF-SC;DEL04-SC;UOP04-DEL04-SC;;;
709809;06/08/2025;quarta-feira;17:08:00;GO;153;518,7;HIDROLANDIA;Aus�ncia de rea��o do condutor;Queda de ocupante de ve�culo;Com V�timas Feridas;Pleno dia;Crescente;C�u Claro;Dupla;Reta;N�o;1;0;0;1;0;0;1;1;-16,865337;-49,250182;SPRF-GO;DEL01-GO;UOP03-DEL01-GO;;;
709810;06/08/2025;quarta-feira;17:20:00;PE;232;175,7;BELO JARDIM;Animais na Pista;Atropelamento de Animal;Com V�timas Feridas;Pleno dia;Decrescente;C�u Claro;Simples;"Declive;Reta";N�o;2;0;1;1;0;0;2;1;-8,34479;-36,393077;SPRF-PE;DEL03-PE;UOP02-DEL03-PE;;;
709811;06/08/2025;quarta-feira;16:50:00;RN;226;2;NATAL;Manobra de mudan�a de faixa;Colis�o lateral mesmo sentido;Com V�timas Feridas;Plena Noite;Crescente;C�u Claro;Dupla;Reta;Sim;1;0;1;0;0;0;1;1;-5,8138369;-35,2472894;SPRF-RN;DEL01-RN;UOP02-DEL01-RN;;;
709812;06/08/2025;quarta-feira;17:25:00;RN;101;108;PARNAMIRIM;Manobra de mudan�a de faixa;Colis�o traseira;Com V�timas Feridas;Anoitecer;Crescente;C�u Claro;Dupla;Reta;Sim;3;0;2;0;1;0;2;2;-5,927755;-35,26498;SPRF-RN;DEL01-RN;UOP01-DEL01-RN;;;
709814;06/08/2025;quarta-feira;17:20:00;CE;222;3;FORTALEZA;Manobra de mudan�a de faixa;Colis�o traseira;Com V�timas Feridas;Anoitecer;Decrescente;C�u Claro;Dupla;Reta;Sim;2;0;1;0;1;0;1;2;-3,73882047;-38,58393844;SPRF-CE;DEL01-CE;UOP01-DEL01-CE;;;
709816;06/08/2025;quarta-feira;17:25:00;PE;101;76;RECIFE;Transitar no Acostamento;Colis�o lateral mesmo sentido;Com V�timas Feridas;Plena Noite;Decrescente;C�u Claro;Dupla;Reta;Sim;1;0;1;0;0;0;1;1;-8,121845;-34,942958;SPRF-PE;DEL01-PE;UOP01-DEL01-PE;;;
709818;06/08/2025;quarta-feira;17:00:00;SC;280;47,6;GUARAMIRIM;Acessar a via sem observar a presen�a dos outros ve�culos;Colis�o traseira;Com V�timas Feridas;Anoitecer;Crescente;Garoa/Chuvisco;Dupla;Curva;N�o;3;0;0;1;2;0;1;3;-26,45224221;-48,90117645;SPRF-SC;DEL03-SC;UOP03-DEL03-SC;;;
709820;06/08/2025;quarta-feira;15:45:00;PR;116;16;CAMPINA GRANDE DO SUL;Rea��o tardia ou ineficiente do condutor;Sa�da de leito carro��vel;Com V�timas Feridas;Pleno dia;Decrescente;Garoa/Chuvisco;Dupla;Reta;N�o;2;0;1;0;1;0;1;1;-25,102632;-48,70011;SPRF-PR;DEL01-PR;UOP02-DEL01-PR;;;
709821;06/08/2025;quarta-feira;17:20:00;RS;158;313;ITAARA;Acessar a via sem observar a presen�a dos outros ve�culos;Colis�o transversal;Com V�timas Feridas;Pleno dia;Decrescente;C�u Claro;Dupla;"Em Obras;Curva";N�o;2;0;1;0;1;0;1;2;-29,64206414;-53,75928998;SPRF-RS;DEL09-RS;UOP01-DEL09-RS;;;
709822;06/08/2025;quarta-feira;14:00:00;BA;20;15;CORRENTINA;Rea��o tardia ou ineficiente do condutor;Queda de ocupante de ve�culo;Com V�timas Feridas;Pleno dia;Crescente;C�u Claro;Simples;Reta;N�o;1;0;1;0;0;0;1;1;-13,911;-46,186;SPRF-BA;DEL10-BA;UOP02-DEL10-BA;;;
709827;06/08/2025;quarta-feira;17:20:00;MG;381;618;OLIVEIRA;Velocidade Incompat�vel;Colis�o traseira;Com V�timas Feridas;Pleno dia;Decrescente;C�u Claro;Dupla;Reta;N�o;2;0;1;0;0;1;1;2;-20,74068483;-44,77156537;SPRF-MG;DEL04-MG;UOP01-DEL04-MG;;;
709828;06/08/2025;quarta-feira;17:40:00;SP;381;56;MAIRIPORA;Aus�ncia de rea��o do condutor;Colis�o traseira;Com V�timas Feridas;Anoitecer;Crescente;C�u Claro;Dupla;"Declive;Reta";N�o;3;0;2;0;1;0;2;2;-23,2633;-46,5856;SPRF-SP;DEL03-SP;UOP01-DEL03-SP;;;
709829;08/06/2025;domingo;17:15:00;RN;406;150;CEARA-MIRIM;Convers�o proibida;Colis�o frontal;Com V�timas Feridas;Anoitecer;Crescente;C�u Claro;Simples;"Reta;Interse��o de Vias";Sim;2;0;0;1;0;1;1;2;-5,6500884;-35,4301449;SPRF-RN;DEL02-RN;UOP01-DEL02-RN;;;
709831;06/08/2025;quarta-feira;18:30:00;GO;70;18;AGUAS LINDAS DE GOIAS;Manobra de mudan�a de faixa;Queda de ocupante de ve�culo;Com V�timas Feridas;Plena Noite;Crescente;C�u Claro;Dupla;Reta;N�o;3;0;1;0;2;0;1;2;-15,76177302;-48,2368693;SPRF-DF;DEL03-DF;UOP02-DEL03-DF;;;
709832;06/08/2025;quarta-feira;18:40:00;PB;101;85,6;BAYEUX;Trafegar com motocicleta (ou similar) entre as faixas;Colis�o traseira;Com V�timas Feridas;Pleno dia;Crescente;C�u Claro;Dupla;Reta;N�o;3;0;1;1;1;0;2;2;-7,14878299;-34,91269324;SPRF-PB;DEL01-PB;UOP01-DEL01-PB;;;
709833;06/08/2025;quarta-feira;18:10:00;TO;153;137;ARAGUAINA;Condutor deixou de manter dist�ncia do ve�culo da frente;Queda de ocupante de ve�culo;Com V�timas Feridas;Plena Noite;Decrescente;C�u Claro;Dupla;Reta;N�o;2;0;1;0;0;1;1;2;-7,14784;-48,20269;SPRF-TO;DEL02-TO;UOP01-DEL02-TO;;;
709834;29/07/2025;ter�a-feira;19:30:00;MG;381;403;BOM JESUS DO AMPARO;Demais falhas mec�nicas ou el�tricas;Inc�ndio;Sem V�timas;Plena Noite;Decrescente;C�u Claro;Dupla;Curva;Sim;1;0;0;0;1;0;0;1;-19,74505483;-43,52027893;SPRF-MG;DEL01-MG;UOP01-DEL01-MG;;;
709836;06/08/2025;quarta-feira;16:55:00;SC;282;514,4;XAXIM;Velocidade Incompat�vel;Colis�o frontal;Com V�timas Feridas;Pleno dia;Decrescente;Chuva;Simples;Reta;N�o;3;0;2;0;1;0;2;3;-26,91776943;-52,49371497;SPRF-SC;DEL07-SC;UOP01-DEL07-SC;;;
709837;06/08/2025;quarta-feira;18:00:00;RO;364;708;PORTO VELHO;Condutor deixou de manter dist�ncia do ve�culo da frente;Colis�o traseira;Com V�timas Feridas;Anoitecer;Decrescente;C�u Claro;Dupla;Reta;Sim;2;0;1;0;1;0;1;2;-8,79320941;-63,84549793;SPRF-RO;DEL01-RO;UOP01-DEL01-RO;;;
709838;06/08/2025;quarta-feira;17:20:00;SC;163;90;GUARACIABA;Velocidade Incompat�vel;Sa�da de leito carro��vel;Com V�timas Feridas;Pleno dia;Decrescente;Nublado;Simples;Curva;N�o;1;0;0;1;0;0;1;1;-26,56343338;-53,50891024;SPRF-SC;DEL07-SC;UOP03-DEL07-SC;;;
709840;06/08/2025;quarta-feira;17:00:00;RJ;493;68;NOVA IGUACU;Mal s�bito do condutor;Colis�o com objeto;Com V�timas Feridas;Pleno dia;Crescente;C�u Claro;Dupla;Reta;Sim;3;0;3;0;0;0;3;2;-22,68225203;-43,46723557;SPRF-RJ;DEL01-RJ;UOP03-DEL01-RJ;;;
709841;06/08/2025;quarta-feira;18:00:00;RO;435;88;COLORADO DO OESTE;Acumulo de areia ou detritos sobre o pavimento;Queda de ocupante de ve�culo;Com V�timas Feridas;Plena Noite;Crescente;C�u Claro;Simples;Reta;N�o;1;0;0;1;0;0;1;1;-13,15584216;-60,54495335;SPRF-RO;DEL04-RO;UOP02-DEL04-RO;;;
709842;06/08/2025;quarta-feira;17:50:00;PE;104;124,8;PANELAS;Acessar a via sem observar a presen�a dos outros ve�culos;Colis�o transversal;Com V�timas Fatais;Anoitecer;Crescente;C�u Claro;Simples;"Declive;Curva";N�o;3;1;0;1;1;0;1;2;-8,74003;-36,02153;SPRF-PE;DEL02-PE;UOP01-DEL02-PE;;;
709843;06/08/2025;quarta-feira;19:41:00;SC;101;194,7;BIGUACU;Aus�ncia de rea��o do condutor;Colis�o traseira;Com V�timas Feridas;Anoitecer;Decrescente;Nublado;M�ltipla;Reta;Sim;2;0;1;0;1;0;1;2;-27,50306;-48,6515;SPRF-SC;DEL01-SC;UOP01-DEL01-SC;;;
709844;06/08/2025;quarta-feira;20:00:00;SP;153;72,6;SAO JOSE DO RIO PRETO;Demais falhas mec�nicas ou el�tricas;Tombamento;Com V�timas Feridas;Plena Noite;Crescente;C�u Claro;Dupla;"Declive;Reta";N�o;2;0;2;0;0;0;2;1;-20,87792406;-49,42133758;SPRF-SP;DEL09-SP;UOP01-DEL09-SP;;;
709846;06/08/2025;quarta-feira;15:10:00;SC;282;141,3;BOM RETIRO;Ultrapassagem Indevida;Colis�o transversal;Com V�timas Fatais;Pleno dia;Crescente;Garoa/Chuvisco;Simples;Curva;N�o;5;1;2;0;2;0;2;2;-27,813598;-49,5999694;SPRF-SC;DEL05-SC;UOP01-DEL05-SC;;;
709847;06/08/2025;quarta-feira;17:45:00;RJ;101;385;RIO DE JANEIRO;Manobra de mudan�a de faixa;Queda de ocupante de ve�culo;Com V�timas Feridas;Plena Noite;Crescente;C�u Claro;Dupla;Reta;N�o;1;0;1;0;0;0;1;1;-22,88892168;-43,70641619;SPRF-RJ;DEL03-RJ;UOP01-DEL03-RJ;;;