id;data_inversa;dia_semana;horario;uf;br;km;municipio;causa_acidente;tipo_acidente;classificacao_acidente;fase_dia;sentido_via;condicao_metereologica;tipo_pista;tracado_via;uso_solo;pessoas;mortos;feridos_leves;feridos_graves;ilesos;ignorados;feridos;veiculos;latitude;longitude;regional;delegacia;uop;;;
709851;06/08/2025;quarta-feira;20:01:00;BA;135;51;FORMOSA DO RIO PRETO;Desrespeitar a prefer�ncia no cruzamento;Colis�o transversal;Com V�timas Fatais;Plena Noite;Decrescente;C�u Claro;Simples;Reta;N�o;5;4;1;0;0;0;1;2;-11,209373;-45,049383;SPRF-BA;DEL10-BA;UOP01-DEL10-BA;;;
709852;06/08/2025;quarta-feira;18:05:00;RS;470;269;SAO JOSE DO SUL;Rea��o tardia ou ineficiente do condutor;Sa�da de leito carro��vel;Com V�timas Feridas;Plena Noite;Crescente;Nublado;Simples;Reta;N�o;1;0;1;0;0;0;1;1;-29,51945102;-51,48158424;SPRF-RS;DEL06-RS;UOP01-DEL06-RS;;;
709853;06/07/2025;domingo;19:00:00;AP;210;43;MACAPA;Acessar a via sem observar a presen�a dos outros ve�culos;Colis�o transversal;Com V�timas Fatais;Pleno dia;Decrescente;C�u Claro;Simples;Reta;N�o;3;1;0;0;1;1;0;3;0,32289334;-51,08608246;SPRF-AP;DEL01-AP;UOP01-DEL01-AP;;;
709855;06/08/2025;quarta-feira;14:40:00;BA;242;427;SEABRA;Manobra de mudan�a de faixa;Colis�o traseira;Sem V�timas;Pleno dia;Crescente;C�u Claro;Simples;Curva;N�o;2;0;0;0;0;2;0;2;-12,40849615;-41,8699503;SPRF-BA;DEL06-BA;UOP01-DEL06-BA;;;
709857;10/07/2025;quinta-feira;07:45:00;SC;280;81;CORUPA;Aus�ncia de rea��o do condutor;Colis�o traseira;Com V�timas Feridas;Pleno dia;Decrescente;C�u Claro;Simples;Reta;Sim;2;0;0;1;1;0;1;2;-26,443059;-49,210756;SPRF-SC;DEL06-SC;UOP03-DEL06-SC;;;
709858;06/08/2025;quarta-feira;19:30:00;MG;381;948;EXTREMA;Desrespeitar a prefer�ncia no cruzamento;Colis�o traseira;Sem V�timas;Plena Noite;Decrescente;C�u Claro;Dupla;"Reta;Interse��o de Vias";N�o;2;0;0;0;2;0;0;2;-22,87186527;-46,3616395;SPRF-MG;DEL16-MG;UOP03-DEL16-MG;;;
709859;06/08/2025;quarta-feira;17:35:00;RS;116;143,9;CAXIAS DO SUL;Demais falhas mec�nicas ou el�tricas;Eventos at�picos;Com V�timas Feridas;Anoitecer;Decrescente;Nublado;Dupla;Curva;N�o;3;0;0;1;2;0;1;3;-29,12631697;-51,12782275;SPRF-RS;DEL05-RS;UOP01-DEL05-RS;;;
709860;06/08/2025;quarta-feira;19:12:00;PE;101;130;ESCADA;Aus�ncia de rea��o do condutor;Colis�o traseira;Sem V�timas;Plena Noite;Crescente;Nublado;Dupla;Reta;Sim;2;0;0;0;2;0;0;2;-8,37305274;-35,23387782;SPRF-PE;DEL01-PE;UOP03-DEL01-PE;;;
709862;06/08/2025;quarta-feira;18:20:00;RS;116;115;SAO MARCOS;Acessar a via sem observar a presen�a dos outros ve�culos;Colis�o transversal;Com V�timas Feridas;Plena Noite;Decrescente;C�u Claro;Simples;Rotat�ria;Sim;2;0;1;0;1;0;1;2;-28,97004532;-51,0717365;SPRF-RS;DEL05-RS;UOP01-DEL05-RS;;;
709863;06/08/2025;quarta-feira;20:40:00;RS;386;359,1;ESTRELA;Pedestre andava na pista;Atropelamento de Pedestre;Com V�timas Fatais;Plena Noite;Decrescente;C�u Claro;Dupla;Reta;N�o;2;1;1;0;0;0;1;2;-29,54188;-51,91215;SPRF-RS;DEL04-RS;UOP01-DEL04-RS;;;
709865;06/08/2025;quarta-feira;19:25:00;RS;471;674;CHUI;Demais falhas mec�nicas ou el�tricas;Sa�da de leito carro��vel;Com V�timas Feridas;Plena Noite;Crescente;Nublado;Simples;Reta;Sim;2;0;2;0;0;0;2;1;-33,64744233;-53,42545152;SPRF-RS;DEL07-RS;UOP04-DEL07-RS;;;
709866;06/08/2025;quarta-feira;19:00:00;PB;230;68,5;SOBRADO;Condutor Dormindo;Tombamento;Com V�timas Feridas;Plena Noite;Crescente;C�u Claro;Dupla;Reta;N�o;1;0;0;1;0;0;1;1;-7,18734993;-35,20714609;SPRF-PB;DEL01-PB;UOP02-DEL01-PB;;;
709867;06/08/2025;quarta-feira;20:45:00;MG;262;371;JUATUBA;Aus�ncia de rea��o do condutor;Tombamento;Com V�timas Feridas;Plena Noite;Decrescente;C�u Claro;Dupla;Reta;Sim;1;0;0;1;0;0;1;1;-19,97459536;-44,321668;SPRF-MG;DEL01-MG;UOP03-DEL01-MG;;;
709869;06/08/2025;quarta-feira;19:50:00;PR;376;461,3;PONTA GROSSA;Ingest�o de �lcool pelo condutor;Colis�o com objeto;Sem V�timas;Plena Noite;Decrescente;Ignorado;Dupla;Reta;N�o;1;0;0;0;1;0;0;1;-24,962519;-50,388385;SPRF-PR;DEL03-PR;UOP01-DEL03-PR;;;
709870;06/08/2025;quarta-feira;20:40:00;RO;364;711;PORTO VELHO;Avarias e/ou desgaste excessivo no pneu;Queda de ocupante de ve�culo;Com V�timas Feridas;Plena Noite;Decrescente;C�u Claro;Dupla;Reta;Sim;1;0;1;0;0;0;1;1;-8,77854653;-63,87210846;SPRF-RO;DEL01-RO;UOP01-DEL01-RO;;;
709873;06/08/2025;quarta-feira;21:20:00;ES;101;150;LINHARES;Ingest�o de �lcool pelo condutor;Colis�o traseira;Sem V�timas;Plena Noite;Crescente;C�u Claro;Dupla;Interse��o de Vias;Sim;3;0;0;0;2;1;0;3;-19,39706543;-40,06381541;SPRF-ES;DEL04-ES;UOP01-DEL04-ES;;;
709874;06/08/2025;quarta-feira;21:55:00;SC;101;126;ITAJAI;Rea��o tardia ou ineficiente do condutor;Tombamento;Com V�timas Feridas;Plena Noite;Crescente;C�u Claro;M�ltipla;Reta;N�o;2;0;1;1;0;0;2;1;-26,9615573;-48,68184376;SPRF-SC;DEL04-SC;UOP04-DEL04-SC;;;
709875;06/08/2025;quarta-feira;18:15:00;SC;282;407,1;CATANDUVAS;Ingest�o de �lcool pelo condutor;Colis�o transversal;Sem V�timas;Plena Noite;Crescente;Ignorado;Simples;"Curva;Declive";N�o;2;0;0;0;2;0;0;2;-27,08446844;-51,66170798;SPRF-SC;DEL07-SC;UOP05-DEL07-SC;;;
709876;06/08/2025;quarta-feira;21:40:00;PR;277;586,9;CASCAVEL;Ingest�o de �lcool pelo condutor;Colis�o frontal;Com V�timas Feridas;Plena Noite;Decrescente;Nublado;Simples;Curva;Sim;3;0;1;0;2;0;1;2;-24,96902884;-53,42930317;SPRF-PR;DEL04-PR;UOP01-DEL04-PR;;;
709878;06/08/2025;quarta-feira;20:55:00;SC;282;560;NOVA ITABERABA;Ingest�o de �lcool pelo condutor;Colis�o frontal;Sem V�timas;Plena Noite;Decrescente;Garoa/Chuvisco;Simples;Reta;N�o;2;0;0;0;2;0;0;2;-26,92704651;-52,85329986;SPRF-SC;DEL07-SC;UOP01-DEL07-SC;;;
709879;06/08/2025;quarta-feira;21:30:00;RS;290;413;SANTA MARGARIDA DO SUL;Acessar a via sem observar a presen�a dos outros ve�culos;Colis�o transversal;Com V�timas Feridas;Plena Noite;Crescente;C�u Claro;Simples;Reta;N�o;2;0;1;0;1;0;1;2;-30,3678642;-54,23400728;SPRF-RS;DEL11-RS;UOP02-DEL11-RS;;;
709880;06/08/2025;quarta-feira;21:20:00;RJ;40;19,3;TRES RIOS;Animais na Pista;Atropelamento de Animal;Com V�timas Feridas;Plena Noite;Decrescente;C�u Claro;Dupla;Reta;N�o;1;0;1;0;0;0;1;1;-22,1046738;-43,16915128;SPRF-RJ;DEL05-RJ;UOP02-DEL05-RJ;;;
709881;06/08/2025;quarta-feira;20:15:00;SC;282;194,6;LAGES;Aus�ncia de rea��o do condutor;Sa�da de leito carro��vel;Com V�timas Feridas;Plena Noite;Decrescente;Chuva;Simples;Reta;N�o;4;0;1;0;3;0;1;2;-27,742466;-50,063657;SPRF-SC;DEL05-SC;UOP01-DEL05-SC;;;
709882;06/08/2025;quarta-feira;21:30:00;MG;381;671;PERDOES;Aus�ncia de rea��o do condutor;Colis�o traseira;Com V�timas Feridas;Plena Noite;Crescente;C�u Claro;Dupla;"Reta;Declive";N�o;3;0;0;1;1;1;1;3;-21,0611486;-45,0504285;SPRF-MG;DEL04-MG;UOP02-DEL04-MG;;;
709883;06/08/2025;quarta-feira;22:45:00;RN;304;32;MOSSORO;Animais na Pista;Atropelamento de Animal;Com V�timas Feridas;Plena Noite;Decrescente;C�u Claro;Dupla;Reta;Sim;1;0;1;0;0;0;1;1;-5,142873;-37,346747;SPRF-RN;DEL04-RN;UOP02-DEL04-RN;;;
709884;06/08/2025;quarta-feira;22:30:00;PE;101;81,9;JABOATAO DOS GUARARAPES;Demais falhas mec�nicas ou el�tricas;Inc�ndio;Sem V�timas;Plena Noite;Crescente;C�u Claro;Dupla;Reta;Sim;1;0;0;0;1;0;0;1;-8,16752;-34,93821;SPRF-PE;DEL01-PE;UOP01-DEL01-PE;;;
709885;06/08/2025;quarta-feira;22:00:00;MG;262;448;NOVA SERRANA;Animais na Pista;Atropelamento de Animal;Com V�timas Feridas;Plena Noite;Crescente;C�u Claro;Simples;Reta;N�o;1;0;1;0;0;0;1;1;-19,83292391;-45,06299973;SPRF-MG;DEL08-MG;UOP03-DEL08-MG;;;
709887;06/08/2025;quarta-feira;22:25:00;BA;110;10,7;PAULO AFONSO;Animais na Pista;Atropelamento de Animal;Com V�timas Feridas;Plena Noite;Decrescente;C�u Claro;Simples;Reta;N�o;2;0;1;1;0;0;2;1;-9,515325;-38,218277;SPRF-BA;DEL07-BA;UOP01-DEL07-BA;;;
709890;07/08/2025;quinta-feira;00:15:00;MG;116;681,3;MURIAE;Condutor Dormindo;Sa�da de leito carro��vel;Com V�timas Fatais;Plena Noite;Crescente;C�u Claro;Simples;"Ponte;Reta";N�o;1;1;0;0;0;0;0;1;-20,95488716;-42,35013843;SPRF-MG;DEL07-MG;UOP02-DEL07-MG;;;
709891;07/08/2025;quinta-feira;01:35:00;GO;414;440;ANAPOLIS;Transitar na contram�o;Colis�o frontal;Com V�timas Feridas;Plena Noite;Crescente;Ignorado;Simples;Rotat�ria;Sim;3;0;2;0;1;0;2;2;-16,28734;-48,9439;SPRF-GO;DEL02-GO;UOP01-DEL02-GO;;;
709892;07/08/2025;quinta-feira;01:10:00;MT;70;5,2;BARRA DO GARCAS;Ingest�o de �lcool pelo condutor;Sa�da de leito carro��vel;Sem V�timas;Plena Noite;Decrescente;C�u Claro;Dupla;Reta;Sim;1;0;0;0;1;0;0;1;-15,878105;-52,298488;SPRF-MT;DEL07-MT;UOP01-DEL07-MT;;;
709893;07/08/2025;quinta-feira;02:45:00;SP;459;32;LORENA;Ingest�o de �lcool pelo condutor;Queda de ocupante de ve�culo;Com V�timas Feridas;Plena Noite;Crescente;C�u Claro;Simples;"Reta;Declive;Viaduto";Sim;1;0;1;0;0;0;1;1;-22,74287025;-45,09253621;SPRF-SP;DEL08-SP;UOP02-DEL08-SP;;;
709895;07/08/2025;quinta-feira;02:40:00;SP;116;60,4;GUARATINGUETA;Rea��o tardia ou ineficiente do condutor;Colis�o com objeto;Com V�timas Feridas;Plena Noite;Decrescente;C�u Claro;Dupla;"Curva;Aclive";N�o;1;0;0;1;0;0;1;1;-22,79334;-45,164278;SPRF-SP;DEL08-SP;UOP01-DEL08-SP;;;
709897;07/08/2025;quinta-feira;04:50:00;SP;116;278,5;ITAPECERICA DA SERRA;Velocidade Incompat�vel;Colis�o lateral mesmo sentido;Com V�timas Feridas;Plena Noite;Crescente;Ignorado;Dupla;"Declive;Curva";N�o;5;0;1;1;3;0;2;3;-23,63597003;-46,83111208;SPRF-SP;DEL04-SP;UOP01-DEL04-SP;;;
709901;07/08/2025;quinta-feira;06:00:00;GO;40;107,5;CRISTALINA;Rea��o tardia ou ineficiente do condutor;Sa�da de leito carro��vel;Com V�timas Feridas;Pleno dia;Decrescente;C�u Claro;Dupla;Reta;N�o;5;0;4;0;1;0;4;1;-16,83404;-47,5301;SPRF-DF;DEL01-DF;UOP02-DEL01-DF;;;
709903;07/08/2025;quinta-feira;06:45:00;MG;40;530,8;CONTAGEM;Condutor deixou de manter dist�ncia do ve�culo da frente;Colis�o traseira;Com V�timas Feridas;Pleno dia;Crescente;C�u Claro;Dupla;Retorno Regulamentado;Sim;2;0;2;0;0;0;2;2;-19,919337;-44,026385;SPRF-MG;DEL01-MG;UOP02-DEL01-MG;;;
709906;07/08/2025;quinta-feira;06:15:00;MG;116;798,5;ALEM PARAIBA;Condutor Dormindo;Colis�o lateral sentido oposto;Sem V�timas;Pleno dia;Crescente;C�u Claro;Simples;Reta;N�o;2;0;0;0;2;0;0;2;-21,70751609;-42,72960663;SPRF-MG;DEL07-MG;UOP01-DEL07-MG;;;
709907;07/08/2025;quinta-feira;07:00:00;PR;376;635;SAO JOSE DOS PINHAIS;Velocidade Incompat�vel;Colis�o com objeto;Sem V�timas;Pleno dia;Crescente;Nublado;Dupla;Reta;N�o;1;0;0;0;1;0;0;1;-25,74771905;-49,1300869;SPRF-PR;DEL01-PR;UOP04-DEL01-PR;;;
709908;07/08/2025;quinta-feira;07:10:00;SC;101;87;BARRA VELHA;Rea��o tardia ou ineficiente do condutor;Colis�o lateral mesmo sentido;Com V�timas Feridas;Pleno dia;Crescente;C�u Claro;Dupla;Reta;N�o;1;0;1;0;0;0;1;1;-26,64737674;-48,68692009;SPRF-SC;DEL03-SC;UOP02-DEL03-SC;;;
709909;07/08/2025;quinta-feira;07:20:00;GO;60;171,4;ABADIA DE GOIAS;Acessar a via sem observar a presen�a dos outros ve�culos;Colis�o transversal;Com V�timas Feridas;Pleno dia;Crescente;C�u Claro;M�ltipla;"Reta;Declive;Retorno Regulamentado";Sim;4;0;1;1;1;1;2;3;-16,743695;-49,41763;SPRF-GO;DEL01-GO;UOP02-DEL01-GO;;;
709910;30/07/2025;quarta-feira;13:55:00;SC;282;531,5;CORDILHEIRA ALTA;Acessar a via sem observar a presen�a dos outros ve�culos;Colis�o transversal;Com V�timas Feridas;Pleno dia;Crescente;C�u Claro;Simples;Reta;Sim;2;0;2;0;0;0;2;2;-26,993738;-52,611035;SPRF-SC;DEL07-SC;UOP01-DEL07-SC;;;
709911;07/08/2025;quinta-feira;07:00:00;PI;343;42;BURITI DOS LOPES;Velocidade Incompat�vel;Colis�o com objeto;Com V�timas Feridas;Pleno dia;Decrescente;Sol;Simples;Curva;N�o;1;0;1;0;0;0;1;1;-3,16360534;-41,8208027;SPRF-PI;DEL05-PI;UOP01-DEL05-PI;;;
709912;07/08/2025;quinta-feira;06:00:00;MT;70;551,5;NOSSA SENHORA DO LIVRAMENTO;Aus�ncia de rea��o do condutor;Colis�o traseira;Com V�timas Feridas;Amanhecer;Decrescente;Sol;Simples;Reta;N�o;2;0;0;1;1;0;1;2;-15,6984527;-56,3946361;SPRF-MT;DEL03-MT;UOP02-DEL03-MT;;;
709913;07/08/2025;quinta-feira;07:30:00;DF;80;14;BRASILIA;Rea��o tardia ou ineficiente do condutor;Colis�o lateral mesmo sentido;Com V�timas Feridas;Pleno dia;Decrescente;C�u Claro;Simples;"Reta;Aclive";Sim;3;0;2;1;0;0;3;2;-15,711793;-48,198912;SPRF-DF;DEL03-DF;UOP02-DEL03-DF;;;
709914;07/08/2025;quinta-feira;07:00:00;PR;369;154;LONDRINA;Ultrapassagem Indevida;Colis�o lateral mesmo sentido;Com V�timas Feridas;Pleno dia;Crescente;C�u Claro;Dupla;"Retorno Regulamentado;Reta;Interse��o de Vias";Sim;2;0;0;1;1;0;1;2;-23,29781289;-51,19723027;SPRF-PR;DEL07-PR;UOP01-DEL07-PR;;;
709915;07/08/2025;quinta-feira;07:55:00;PR;376;182,6;SARANDI;Manobra de mudan�a de faixa;Colis�o lateral mesmo sentido;Com V�timas Feridas;Pleno dia;Decrescente;C�u Claro;Dupla;Reta;Sim;3;0;0;1;2;0;1;3;-23,435897;-51,880357;SPRF-PR;DEL09-PR;UOP01-DEL09-PR;;;
709916;07/08/2025;quinta-feira;08:00:00;PB;230;19;JOAO PESSOA;Entrada inopinada do pedestre;Atropelamento de Pedestre;Com V�timas Fatais;Pleno dia;Decrescente;C�u Claro;Dupla;Reta;Sim;3;1;1;1;0;0;2;2;-7,132;-34,853;SPRF-PB;DEL01-PB;UOP01-DEL01-PB;;;
709917;07/08/2025;quinta-feira;08:00:00;MG;381;488;BETIM;Aus�ncia de rea��o do condutor;Colis�o traseira;Com V�timas Feridas;Pleno dia;Crescente;C�u Claro;Dupla;Curva;N�o;2;0;1;0;1;0;1;2;-19,955792;-44,129397;SPRF-MG;DEL01-MG;UOP03-DEL01-MG;;;
709920;07/08/2025;quinta-feira;08:00:00;MG;381;0;BETIM;Rea��o tardia ou ineficiente do condutor;Colis�o traseira;Com V�timas Feridas;Pleno dia;Decrescente;C�u Claro;Dupla;"Aclive;Reta";Sim;2;0;1;0;1;0;1;2;-19,963969;-44,157715;SPRF-MG;DEL01-MG;UOP03-DEL01-MG;;;
709921;07/08/2025;quinta-feira;07:55:00;BA;116;422;FEIRA DE SANTANA;Pedestre cruzava a pista fora da faixa;Atropelamento de Pedestre;Com V�timas Feridas;Pleno dia;Crescente;C�u Claro;Dupla;Reta;Sim;3;0;2;0;1;0;2;2;-12,23099;-38,9666;SPRF-BA;DEL02-BA;UOP01-DEL02-BA;;;
709923;20/07/2025;domingo;12:23:00;PR;277;397,9;CANDOI;Acessar a via sem observar a presen�a dos outros ve�culos;Colis�o transversal;Com V�timas Feridas;Pleno dia;Crescente;C�u Claro;Simples;Reta;N�o;2;0;1;0;1;0;1;2;-25,45884312;-51,95236516;SPRF-PR;DEL08-PR;UOP01-DEL08-PR;;;
709925;28/06/2025;s�bado;23:30:00;PR;376;159,3;MANDAGUACU;Velocidade Incompat�vel;Sa�da de leito carro��vel;Sem V�timas;Plena Noite;Decrescente;C�u Claro;Dupla;Reta;Sim;1;0;0;0;0;1;0;1;-23,36234303;-52,08547052;SPRF-PR;DEL09-PR;UOP02-DEL09-PR;;;
709926;07/08/2025;quinta-feira;08:00:00;CE;116;14;FORTALEZA;Condutor deixou de manter dist�ncia do ve�culo da frente;Colis�o traseira;Com V�timas Feridas;Pleno dia;Crescente;C�u Claro;M�ltipla;Reta;Sim;2;0;1;0;1;0;1;2;-3,87110543;-38,49879742;SPRF-CE;DEL01-CE;UOP02-DEL01-CE;;;
709927;07/08/2025;quinta-feira;07:30:00;DF;0;0;BRASILIA;Acessar a via sem observar a presen�a dos outros ve�culos;Colis�o traseira;Sem V�timas;Pleno dia;N�o Informado;C�u Claro;Simples;Reta;Sim;2;0;0;0;2;0;0;2;-15,813622;-47,999228;N/A;N/A;N/A;;;
709928;07/08/2025;quinta-feira;08:05:00;PE;101;70;RECIFE;Aus�ncia de rea��o do condutor;Colis�o traseira;Com V�timas Feridas;Pleno dia;Crescente;C�u Claro;M�ltipla;Reta;Sim;2;0;1;0;1;0;1;2;-8,07383;-34,94274;SPRF-PE;DEL01-PE;UOP01-DEL01-PE;;;
709930;07/08/2025;quinta-feira;07:10:00;PR;476;308,2;SAO MATEUS DO SUL;Aus�ncia de rea��o do condutor;Sa�da de leito carro��vel;Com V�timas Feridas;Amanhecer;Crescente;Nublado;Simples;"Reta;Declive";N�o;1;0;1;0;0;0;1;1;-26,0165672;-50,6370532;SPRF-PR;DEL02-PR;UOP03-DEL02-PR;;;
709931;07/08/2025;quinta-feira;08:01:00;MG;40;544;BELO HORIZONTE;Trafegar com motocicleta (ou similar) entre as faixas;Colis�o lateral mesmo sentido;Com V�timas Feridas;Pleno dia;Decrescente;C�u Claro;Dupla;Curva;N�o;1;0;0;1;0;0;1;1;-20,002679;-43,964898;SPRF-MG;DEL01-MG;UOP02-DEL01-MG;;;
709935;07/08/2025;quinta-feira;09:15:00;AP;156;800;OIAPOQUE;Acessar a via sem observar a presen�a dos outros ve�culos;Colis�o transversal;Com V�timas Feridas;Pleno dia;Crescente;Nublado;Simples;Reta;Sim;2;0;1;0;1;0;1;2;3,83976517;-51,82034629;SPRF-AP;DEL01-AP;UOP03-DEL01-AP;;;
709936;07/08/2025;quinta-feira;08:00:00;RJ;40;121;DUQUE DE CAXIAS;Objeto est�tico sobre o leito carro��vel;Tombamento;Com V�timas Feridas;Pleno dia;Crescente;C�u Claro;Dupla;Reta;Sim;1;0;1;0;0;0;1;1;-22,78534057;-43,28558316;SPRF-RJ;DEL01-RJ;UOP02-DEL01-RJ;;;
709937;03/06/2025;ter�a-feira;19:50:00;RS;101;5;TORRES;Defici�ncia do Sistema de Ilumina��o/Sinaliza��o;Colis�o traseira;Com V�timas Feridas;Plena Noite;Decrescente;Chuva;Dupla;"Curva;Aclive";N�o;2;0;0;1;1;0;1;2;-29,34107914;-49,78579278;SPRF-RS;DEL03-RS;UOP02-DEL03-RS;;;
709938;07/08/2025;quinta-feira;09:00:00;SP;116;224;GUARULHOS;Rea��o tardia ou ineficiente do condutor;Colis�o lateral mesmo sentido;Com V�timas Feridas;Pleno dia;Decrescente;C�u Claro;M�ltipla;Reta;Sim;4;0;2;0;2;0;2;3;-23,484139;-46,539419;SPRF-SP;DEL01-SP;UOP01-DEL01-SP;;;
709939;07/08/2025;quinta-feira;09:30:00;PE;232;5,4;RECIFE;Aus�ncia de rea��o do condutor;Colis�o com objeto;Com V�timas Feridas;Pleno dia;Decrescente;C�u Claro;M�ltipla;Reta;Sim;2;0;1;0;1;0;1;1;-8,07067;-34,94678;SPRF-PE;DEL01-PE;UOP01-DEL01-PE;;;
709944;07/08/2025;quinta-feira;08:00:00;RO;364;690;CANDEIAS DO JAMARI;Acessar a via sem observar a presen�a dos outros ve�culos;Colis�o traseira;Com V�timas Feridas;Pleno dia;Crescente;C�u Claro;Simples;Reta;N�o;2;0;2;0;0;0;2;2;-8,7939;-63,6649;SPRF-RO;DEL01-RO;UOP01-DEL01-RO;;;
709945;18/07/2025;sexta-feira;16:47:00;DF;40;1;BRASILIA;Velocidade Incompat�vel;Engavetamento;Com V�timas Feridas;Pleno dia;Crescente;C�u Claro;Dupla;Reta;Sim;5;0;1;0;4;0;1;4;-15,98678747;-47,98787355;SPRF-DF;DEL01-DF;UOP01-DEL01-DF;;;
709946;07/08/2025;quinta-feira;08:40:00;RJ;465;14;SEROPEDICA;Trafegar com motocicleta (ou similar) entre as faixas;Colis�o transversal;Com V�timas Feridas;Pleno dia;Decrescente;Sol;Simples;Reta;Sim;2;0;1;0;0;1;1;2;-22,803549;-43,64069;SPRF-RJ;DEL06-RJ;UOP02-DEL06-RJ;;;
709947;07/08/2025;quinta-feira;08:10:00;PB;104;104,7;SAO SEBASTIAO DE LAGOA DE  ROCA;Acessar a via sem observar a presen�a dos outros ve�culos;Colis�o transversal;Com V�timas Feridas;Pleno dia;Decrescente;C�u Claro;Simples;"Reta;Aclive";Sim;2;0;1;1;0;0;2;2;-7,086007;-35,853713;SPRF-PB;DEL02-PB;UOP04-DEL02-PB;;;
709954;07/08/2025;quinta-feira;09:50:00;SC;282;558,7;NOVA ITABERABA;Rea��o tardia ou ineficiente do condutor;Sa�da de leito carro��vel;Com V�timas Feridas;Pleno dia;Crescente;Nublado;Simples;"Curva;Declive";N�o;1;0;1;0;0;0;1;1;-26,93237989;-52,83634;SPRF-SC;DEL07-SC;UOP01-DEL07-SC;;;
709955;07/08/2025;quinta-feira;06:50:00;RN;427;55,7;JARDIM DO SERIDO;Acesso irregular;Colis�o transversal;Com V�timas Feridas;Pleno dia;Crescente;C�u Claro;Simples;"Reta;Aclive";Sim;2;0;0;1;1;0;1;2;-6,59338564;-36,78033137;SPRF-RN;DEL03-RN;UOP01-DEL03-RN;;;
709956;07/08/2025;quinta-feira;09:40:00;SP;153;280;OCAUCU;Acessar a via sem observar a presen�a dos outros ve�culos;Colis�o transversal;Com V�timas Feridas;Pleno dia;Crescente;C�u Claro;Simples;Reta;N�o;4;0;1;0;3;0;1;2;-22,41682081;-49,86059189;SPRF-SP;DEL07-SP;UOP02-DEL07-SP;;;
709957;07/08/2025;quinta-feira;09:15:00;RS;392;231,6;CACAPAVA DO SUL;Aus�ncia de rea��o do condutor;Colis�o com objeto;Sem V�timas;Pleno dia;Decrescente;C�u Claro;Simples;"Ponte;Reta";N�o;1;0;0;0;1;0;0;1;-30,64553665;-53,29860449;SPRF-RS;DEL09-RS;UOP02-DEL09-RS;;;
709958;07/08/2025;quinta-feira;10:34:00;PB;230;22;JOAO PESSOA;Rea��o tardia ou ineficiente do condutor;Queda de ocupante de ve�culo;Com V�timas Feridas;Pleno dia;Crescente;C�u Claro;Dupla;Reta;N�o;1;0;1;0;0;0;1;1;-7,151212;-34,853259;SPRF-PB;DEL01-PB;UOP01-DEL01-PB;;;
709959;07/08/2025;quinta-feira;07:50:00;MG;40;24,2;PARACATU;Acessar a via sem observar a presen�a dos outros ve�culos;Colis�o transversal;Com V�timas Feridas;Pleno dia;Decrescente;C�u Claro;Simples;Reta;N�o;4;0;2;0;2;0;2;2;-17,12882;-46,978053;SPRF-MG;DEL14-MG;UOP01-DEL14-MG;;;
709960;07/08/2025;quinta-feira;10:00:00;MA;316;278,7;BELA VISTA DO MARANHAO;Desrespeitar a prefer�ncia no cruzamento;Colis�o transversal;Com V�timas Feridas;Pleno dia;Decrescente;C�u Claro;Simples;Reta;Sim;3;0;2;0;1;0;2;3;-3,74195832;-45,24993896;SPRF-MA;DEL02-MA;UOP01-DEL02-MA;;;
709962;07/08/2025;quinta-feira;11:05:00;SC;280;4;SAO FRANCISCO DO SUL;Retorno proibido;Colis�o traseira;Sem V�timas;Pleno dia;Crescente;C�u Claro;Simples;Reta;Sim;2;0;0;0;2;0;0;2;-26,255347;-48,62088;SPRF-SC;DEL03-SC;UOP03-DEL03-SC;;;
709963;31/07/2025;quinta-feira;16:15:00;ES;101;204;JOAO NEIVA;Rea��o tardia ou ineficiente do condutor;Colis�o traseira;Com V�timas Feridas;Anoitecer;Crescente;C�u Claro;Simples;Reta;Sim;3;0;2;0;1;0;2;2;-19,74804487;-40,37794143;SPRF-ES;DEL02-ES;UOP01-DEL02-ES;;;
709964;07/08/2025;quinta-feira;11:15:00;GO;70;6,7;AGUAS LINDAS DE GOIAS;Aus�ncia de rea��o do condutor;Capotamento;Com V�timas Feridas;Pleno dia;Decrescente;C�u Claro;Dupla;Reta;Sim;1;0;1;0;0;0;1;1;-15,73990171;-48,27103822;SPRF-DF;DEL03-DF;UOP02-DEL03-DF;;;
709965;19/05/2025;segunda-feira;23:10:00;RJ;116;194;QUEIMADOS;Aus�ncia de rea��o do condutor;Colis�o lateral mesmo sentido;Com V�timas Fatais;Plena Noite;Decrescente;C�u Claro;Dupla;Reta;N�o;2;1;0;1;0;0;1;2;-22,73534021;-43,55461121;SPRF-RJ;DEL06-RJ;UOP01-DEL06-RJ;;;
709966;18/06/2025;quarta-feira;22:20:00;PB;361;54;OLHO DAGUA;Animais na Pista;Atropelamento de Animal;Sem V�timas;Plena Noite;Crescente;Nublado;Simples;Reta;N�o;2;0;0;0;2;0;0;1;-7,161433;-37,676252;SPRF-PB;DEL03-PB;UOP01-DEL03-PB;;;
709968;07/08/2025;quinta-feira;11:10:00;PR;376;1,6;SAO JOSE DOS PINHAIS;Rea��o tardia ou ineficiente do condutor;Tombamento;Com V�timas Feridas;Pleno dia;Decrescente;C�u Claro;Dupla;Reta;Sim;2;0;1;0;0;1;1;2;-25,55542987;-49,18660037;SPRF-PR;DEL01-PR;UOP04-DEL01-PR;;;