id;data_inversa;dia_semana;horario;uf;br;km;municipio;causa_acidente;tipo_acidente;classificacao_acidente;fase_dia;sentido_via;condicao_metereologica;tipo_pista;tracado_via;uso_solo;pessoas;mortos;feridos_leves;feridos_graves;ilesos;ignorados;feridos;veiculos;latitude;longitude;regional;delegacia;uop;;;
709970;07/08/2025;quinta-feira;11:40:00;CE;222;21,7;CAUCAIA;Manobra de mudan�a de faixa;Colis�o lateral mesmo sentido;Sem V�timas;Pleno dia;Crescente;Sol;Dupla;Reta;N�o;2;0;0;0;2;0;0;2;-3,73344;-38,75077;SPRF-CE;DEL01-CE;UOP01-DEL01-CE;;;
709972;07/08/2025;quinta-feira;11:50:00;MG;381;396,9;BOM JESUS DO AMPARO;Afundamento ou ondula��o no pavimento;Tombamento;Com V�timas Feridas;Pleno dia;Decrescente;Sol;Dupla;"Curva;Declive";N�o;1;0;0;1;0;0;1;1;-19,73818802;-43,51036549;SPRF-MG;DEL01-MG;UOP01-DEL01-MG;;;
709973;07/08/2025;quinta-feira;10:00:00;MG;50;180;UBERABA;Aus�ncia de rea��o do condutor;Colis�o lateral mesmo sentido;Com V�timas Feridas;Pleno dia;Crescente;C�u Claro;Simples;"Viaduto;Rotat�ria";N�o;3;0;1;0;2;0;1;2;-19,77853088;-47,92311279;SPRF-MG;DEL13-MG;UOP01-DEL13-MG;;;
709975;07/08/2025;quinta-feira;09:00:00;BA;101;748;ITABELA;Demais falhas mec�nicas ou el�tricas;Inc�ndio;Sem V�timas;Pleno dia;Crescente;Nublado;Simples;Reta;N�o;2;0;0;0;2;0;0;1;-16,59342336;-39,55078125;SPRF-BA;DEL09-BA;UOP01-DEL09-BA;;;
709978;07/08/2025;quinta-feira;08:40:00;RS;386;76,7;BOA VISTA DAS MISSOES;Aus�ncia de rea��o do condutor;Tombamento;Com V�timas Feridas;Pleno dia;Crescente;C�u Claro;Simples;Declive;N�o;1;0;1;0;0;0;1;1;-27,699207;-53,298927;SPRF-RS;DEL08-RS;UOP02-DEL08-RS;;;
709981;07/08/2025;quinta-feira;08:15:00;MG;262;33,4;MANHUACU;Velocidade Incompat�vel;Colis�o traseira;Com V�timas Feridas;Pleno dia;Decrescente;Nublado;Dupla;"Reta;Aclive";N�o;2;0;1;0;1;0;1;2;-20,25998388;-42,01889545;SPRF-MG;DEL06-MG;UOP03-DEL06-MG;;;
709982;07/08/2025;quinta-feira;12:30:00;PR;116;93,5;SAO JOSE DOS PINHAIS;Rea��o tardia ou ineficiente do condutor;Tombamento;Com V�timas Feridas;Pleno dia;Crescente;C�u Claro;M�ltipla;Reta;Sim;1;0;1;0;0;0;1;1;-25,51656;-49,131889;SPRF-PR;DEL01-PR;UOP07-DEL01-PR;;;
709983;07/08/2025;quinta-feira;11:50:00;MG;116;528,3;CARATINGA;Animais na Pista;Atropelamento de Animal;Com V�timas Feridas;Pleno dia;Decrescente;C�u Claro;Simples;"Curva;Aclive";Sim;2;0;0;1;0;1;1;2;-19,79912065;-42,13872671;SPRF-MG;DEL06-MG;UOP02-DEL06-MG;;;
709984;07/08/2025;quinta-feira;10:20:00;RJ;40;24;TRES RIOS;Condutor Dormindo;Colis�o com objeto;Com V�timas Feridas;Pleno dia;Crescente;C�u Claro;Dupla;Reta;Sim;1;0;0;1;0;0;1;1;-22,14143871;-43,15922999;SPRF-RJ;DEL05-RJ;UOP02-DEL05-RJ;;;
709985;27/07/2025;domingo;00:15:00;RS;158;340;SANTA MARIA;Transitar na contram�o;Colis�o frontal;Com V�timas Fatais;Plena Noite;Crescente;Nublado;Simples;Reta;N�o;3;1;0;2;0;0;2;2;-29,73724;-53,91919;SPRF-RS;DEL09-RS;UOP01-DEL09-RS;;;
709987;07/08/2025;quinta-feira;12:50:00;RS;386;436,5;NOVA SANTA RITA;Frear bruscamente;Colis�o lateral mesmo sentido;Sem V�timas;Pleno dia;Decrescente;Nublado;Dupla;Reta;Sim;4;0;0;0;4;0;0;3;-29,85774572;-51,26132861;SPRF-RS;DEL04-RS;UOP02-DEL04-RS;;;
709989;07/08/2025;quinta-feira;13:10:00;SC;480;129,9;CHAPECO;Velocidade Incompat�vel;Colis�o lateral sentido oposto;Com V�timas Feridas;Pleno dia;Crescente;Nublado;Simples;"Declive;Reta";Sim;4;0;1;0;3;0;1;3;-27,04569;-52,635703;SPRF-SC;DEL07-SC;UOP01-DEL07-SC;;;
709990;07/08/2025;quinta-feira;13:30:00;SP;153;49,2;SAO JOSE DO RIO PRETO;Desrespeitar a prefer�ncia no cruzamento;Colis�o transversal;Com V�timas Feridas;Pleno dia;Crescente;C�u Claro;Simples;"Retorno Regulamentado;Interse��o de Vias;Em Obras;Reta";N�o;2;0;1;0;1;0;1;2;-20,701933;-49,339406;SPRF-SP;DEL09-SP;UOP01-DEL09-SP;;;
709991;31/05/2025;s�bado;12:30:00;MG;40;475;SETE LAGOAS;Aus�ncia de rea��o do condutor;Sa�da de leito carro��vel;Com V�timas Feridas;Pleno dia;Crescente;C�u Claro;Dupla;"Aclive;Reta";N�o;1;0;0;1;0;0;1;1;-19,51107151;-44,27193242;SPRF-MG;DEL02-MG;UOP01-DEL02-MG;;;
709992;07/08/2025;quinta-feira;08:10:00;MG;50;70;UBERLANDIA;Condutor deixou de manter dist�ncia do ve�culo da frente;Engavetamento;Com V�timas Feridas;Pleno dia;Decrescente;C�u Claro;Dupla;Reta;Sim;4;0;1;0;3;0;1;4;-18,889456;-48,258028;SPRF-MG;DEL15-MG;UOP01-DEL15-MG;;;
709993;06/08/2025;quarta-feira;02:50:00;PA;230;508;ANAPU;Rea��o tardia ou ineficiente do condutor;Colis�o com objeto;Com V�timas Feridas;Plena Noite;Crescente;Ignorado;Simples;Reta;N�o;2;0;1;1;0;0;2;1;-3,36696;-51,32821;SPRF-PA;DEL04-PA;UOP01-DEL04-PA;;;
709995;07/08/2025;quinta-feira;12:55:00;BA;324;617;SALVADOR;Entrada inopinada do pedestre;Atropelamento de Pedestre;Com V�timas Feridas;Pleno dia;Decrescente;C�u Claro;Dupla;Reta;N�o;2;0;0;1;1;0;1;2;-12,9008776;-38,4519875;SPRF-BA;DEL01-BA;UOP01-DEL01-BA;;;
709997;07/08/2025;quinta-feira;11:50:00;RJ;40;62;PETROPOLIS;Condutor Dormindo;Colis�o com objeto;Com V�timas Feridas;Pleno dia;Decrescente;C�u Claro;Dupla;Aclive;N�o;2;0;1;1;0;0;2;1;-22,41185795;-43,14877689;SPRF-RJ;DEL05-RJ;UOP02-DEL05-RJ;;;
709998;07/08/2025;quinta-feira;06:17:00;MT;364;263,4;SAO PEDRO DA CIPA;Aus�ncia de rea��o do condutor;Sa�da de leito carro��vel;Com V�timas Feridas;Amanhecer;Decrescente;C�u Claro;Dupla;Reta;N�o;1;0;1;0;0;0;1;1;-16,014796;-54,90941048;SPRF-MT;DEL02-MT;UOP01-DEL02-MT;;;
709999;07/08/2025;quinta-feira;14:00:00;BA;101;505;ITABUNA;Acesso irregular;Colis�o transversal;Com V�timas Feridas;Pleno dia;Crescente;Sol;Simples;Reta;Sim;1;0;1;0;0;0;1;1;-14,79985;-39,29099;SPRF-BA;DEL05-BA;UOP01-DEL05-BA;;;
710000;07/08/2025;quinta-feira;12:12:00;SC;470;65;INDAIAL;Acumulo de areia ou detritos sobre o pavimento;Tombamento;Com V�timas Feridas;Pleno dia;Crescente;Nublado;Simples;"Em Obras;Reta";N�o;1;0;1;0;0;0;1;1;-26,87086499;-49,21789018;SPRF-SC;DEL04-SC;UOP01-DEL04-SC;;;
710002;07/08/2025;quinta-feira;15:00:00;MG;262;350;BETIM;Transitar na contram�o;Colis�o frontal;Com V�timas Feridas;Pleno dia;Decrescente;C�u Claro;Simples;"Declive;Reta";Sim;3;0;1;0;2;0;1;2;-19,980735;-44,226928;SPRF-MG;DEL01-MG;UOP03-DEL01-MG;;;
710003;07/08/2025;quinta-feira;14:38:00;PR;376;179;MARINGA;Mal s�bito do condutor;Tombamento;Com V�timas Feridas;Pleno dia;Crescente;C�u Claro;M�ltipla;Reta;Sim;1;0;0;1;0;0;1;1;-23,42027035;-51,91079736;SPRF-PR;DEL09-PR;UOP01-DEL09-PR;;;
710004;07/08/2025;quinta-feira;13:10:00;MG;40;682,5;RESSAQUINHA;Condutor deixou de manter dist�ncia do ve�culo da frente;Colis�o traseira;Com V�timas Feridas;Pleno dia;Crescente;C�u Claro;Simples;Reta;Sim;2;0;1;0;1;0;1;2;-21,06394;-43,76434;SPRF-MG;DEL05-MG;UOP02-DEL05-MG;;;
710005;07/08/2025;quinta-feira;15:50:00;PR;376;134,6;NOVA ESPERANCA;Rea��o tardia ou ineficiente do condutor;Sa�da de leito carro��vel;Com V�timas Feridas;Pleno dia;Decrescente;C�u Claro;Dupla;"Reta;Declive";N�o;1;0;1;0;0;0;1;1;-23,17752119;-52,22657651;SPRF-PR;DEL09-PR;UOP02-DEL09-PR;;;
710008;07/08/2025;quinta-feira;14:45:00;MG;116;528,7;CARATINGA;Desrespeitar a prefer�ncia no cruzamento;Colis�o transversal;Com V�timas Feridas;Pleno dia;Decrescente;C�u Claro;Simples;Reta;Sim;2;0;1;0;1;0;1;2;-19,802986;-42,136133;SPRF-MG;DEL06-MG;UOP02-DEL06-MG;;;
710010;25/07/2025;sexta-feira;09:00:00;SC;101;120;ITAJAI;Aus�ncia de rea��o do condutor;Colis�o traseira;Com V�timas Feridas;Pleno dia;Decrescente;C�u Claro;M�ltipla;Reta;N�o;2;0;1;0;0;1;1;2;-26,92021887;-48,70906323;SPRF-SC;DEL04-SC;UOP04-DEL04-SC;;;
710011;07/08/2025;quinta-feira;15:45:00;RJ;116;177;SAO JOAO DE MERITI;Aus�ncia de rea��o do condutor;Colis�o traseira;Com V�timas Feridas;Pleno dia;Crescente;C�u Claro;Dupla;Reta;N�o;2;0;1;0;1;0;1;2;-22,78455503;-43,38152826;SPRF-RJ;DEL06-RJ;UOP01-DEL06-RJ;;;
710012;10/02/2025;segunda-feira;15:20:00;MG;262;115;RIO CASCA;Condutor Dormindo;Sa�da de leito carro��vel;Com V�timas Feridas;Pleno dia;Decrescente;Nublado;Simples;"Desvio Tempor�rio;Reta;Declive";N�o;4;0;3;1;0;0;4;1;-20,24041396;-42,61531397;SPRF-MG;DEL03-MG;UOP03-DEL03-MG;;;
710016;07/08/2025;quinta-feira;14:00:00;GO;60;237,9;INDIARA;Velocidade Incompat�vel;Atropelamento de Pedestre;Com V�timas Feridas;Pleno dia;Crescente;C�u Claro;Dupla;"Reta;Declive;Em Obras";N�o;4;0;2;0;1;1;2;2;-17,09946909;-49,875555;SPRF-GO;DEL01-GO;UOP02-DEL01-GO;;;
710017;07/08/2025;quinta-feira;15:00:00;PE;428;112;SANTA MARIA DA BOA VISTA;Aus�ncia de rea��o do condutor;Queda de ocupante de ve�culo;Com V�timas Feridas;Pleno dia;Decrescente;C�u Claro;Simples;"Ponte;Reta";N�o;2;0;2;0;0;0;2;1;-8,86336203;-39,99907494;SPRF-PE;DEL06-PE;UOP03-DEL06-PE;;;
710021;07/08/2025;quinta-feira;15:10:00;SC;101;335;TUBARAO;Condutor deixou de manter dist�ncia do ve�culo da frente;Colis�o traseira;Com V�timas Feridas;Pleno dia;Crescente;C�u Claro;M�ltipla;"Reta;Aclive";Sim;2;0;0;1;1;0;1;2;-28,4751257;-49,02780821;SPRF-SC;DEL02-SC;UOP01-DEL02-SC;;;
710022;07/08/2025;quinta-feira;17:13:00;SP;116;277;ITAPECERICA DA SERRA;Aus�ncia de rea��o do condutor;Colis�o lateral mesmo sentido;Com V�timas Feridas;Pleno dia;Decrescente;C�u Claro;Dupla;Reta;Sim;3;0;1;0;2;0;1;3;-23,70027368;-46,86896026;SPRF-SP;DEL04-SP;UOP01-DEL04-SP;;;
710023;07/08/2025;quinta-feira;16:40:00;PR;116;126,6;FAZENDA RIO GRANDE;Manobra de mudan�a de faixa;Colis�o lateral mesmo sentido;Com V�timas Feridas;Pleno dia;Decrescente;Sol;Dupla;Reta;Sim;2;0;0;1;1;0;1;2;-25,6439;-49,31272;SPRF-PR;DEL01-PR;UOP03-DEL01-PR;;;
710026;07/08/2025;quinta-feira;17:00:00;RN;304;43;MOSSORO;Manobra de mudan�a de faixa;Colis�o transversal;Com V�timas Feridas;Pleno dia;Crescente;C�u Claro;Dupla;Reta;N�o;2;0;2;0;0;0;2;2;-5,22144274;-37,36074597;SPRF-RN;DEL04-RN;UOP01-DEL04-RN;;;
710027;07/08/2025;quinta-feira;17:20:00;SC;101;149,9;ITAPEMA;Condutor deixou de manter dist�ncia do ve�culo da frente;Colis�o traseira;Com V�timas Feridas;Anoitecer;Decrescente;C�u Claro;Dupla;Reta;Sim;2;0;1;0;1;0;1;2;-27,11664781;-48,6093843;SPRF-SC;DEL04-SC;UOP03-DEL04-SC;;;
710029;07/08/2025;quinta-feira;14:20:00;RJ;101;322;NITEROI;Condutor deixou de manter dist�ncia do ve�culo da frente;Colis�o traseira;Com V�timas Feridas;Pleno dia;Decrescente;C�u Claro;M�ltipla;Reta;Sim;2;0;1;0;1;0;1;2;-22,8560998;-43,1068537;SPRF-RJ;DEL02-RJ;UOP01-DEL02-RJ;;;
710030;31/07/2025;quinta-feira;07:10:00;RJ;116;145;DUQUE DE CAXIAS;Manobra de mudan�a de faixa;Queda de ocupante de ve�culo;Com V�timas Feridas;Pleno dia;Decrescente;C�u Claro;Dupla;Reta;Sim;2;0;1;0;0;1;1;2;-22,6666822;-43,26429215;SPRF-RJ;DEL01-RJ;UOP02-DEL01-RJ;;;
710031;07/08/2025;quinta-feira;17:20:00;PR;376;421;TIBAGI;Velocidade Incompat�vel;Capotamento;Sem V�timas;Pleno dia;Decrescente;Nublado;Dupla;Curva;N�o;1;0;0;0;1;0;0;1;-24,69163;-50,580775;SPRF-PR;DEL03-PR;UOP02-DEL03-PR;;;
710034;26/07/2025;s�bado;11:20:00;PR;277;597;CASCAVEL;Condutor deixou de manter dist�ncia do ve�culo da frente;Colis�o traseira;Com V�timas Feridas;Pleno dia;Crescente;C�u Claro;Dupla;Reta;Sim;2;0;1;0;0;1;1;2;-24,99477642;-53,5138126;SPRF-PR;DEL04-PR;UOP01-DEL04-PR;;;
710035;07/08/2025;quinta-feira;17:40:00;BA;415;51;ITABUNA;Condutor deixou de manter dist�ncia do ve�culo da frente;Queda de ocupante de ve�culo;Com V�timas Feridas;Anoitecer;Decrescente;C�u Claro;Simples;Reta;Sim;1;0;1;0;0;0;1;1;-14,82381805;-39,31153089;SPRF-BA;DEL05-BA;UOP01-DEL05-BA;;;
710036;07/08/2025;quinta-feira;17:30:00;SE;235;47;ITABAIANA;Transitar no Acostamento;Colis�o traseira;Com V�timas Feridas;Plena Noite;Decrescente;Ignorado;Simples;Reta;N�o;2;0;1;0;1;0;1;2;-10,72369466;-37,41784573;SPRF-SE;DEL01-SE;UOP02-DEL01-SE;;;
710037;07/08/2025;quinta-feira;17:45:00;ES;101;266;SERRA;Manobra de mudan�a de faixa;Colis�o lateral mesmo sentido;Com V�timas Feridas;Anoitecer;Decrescente;C�u Claro;Dupla;Reta;Sim;2;0;0;1;1;0;1;2;-20,13173474;-40,29644967;SPRF-ES;DEL02-ES;UOP01-DEL02-ES;;;
710040;06/07/2025;domingo;17:42:00;SC;101;131,5;CAMBORIU;Manobra de mudan�a de faixa;Colis�o lateral mesmo sentido;Com V�timas Feridas;Anoitecer;Crescente;C�u Claro;Dupla;Reta;Sim;4;0;1;1;2;0;2;3;-26,99403;-48,659697;SPRF-SC;DEL04-SC;UOP03-DEL04-SC;;;
710041;07/08/2025;quinta-feira;18:20:00;GO;153;500;GOIANIA;Trafegar com motocicleta (ou similar) entre as faixas;Queda de ocupante de ve�culo;Com V�timas Feridas;Anoitecer;Crescente;C�u Claro;M�ltipla;Viaduto;Sim;4;0;1;0;3;0;1;3;-16,709602;-49,23108;SPRF-GO;DEL01-GO;UOP01-DEL01-GO;;;
710042;08/06/2025;domingo;08:20:00;GO;20;217,2;SIMOLANDIA;Ultrapassagem Indevida;Colis�o frontal;Com V�timas Fatais;Pleno dia;Crescente;C�u Claro;Simples;Curva;N�o;7;1;5;1;0;0;6;2;-14,4514011;-46,469162;SPRF-DF;DEL02-DF;UOP03-DEL02-DF;;;
710043;07/08/2025;quinta-feira;17:30:00;PR;369;155;LONDRINA;Ultrapassagem Indevida;Colis�o lateral mesmo sentido;Com V�timas Feridas;Anoitecer;Crescente;C�u Claro;Simples;Reta;Sim;2;0;1;0;1;0;1;2;-23,29458677;-51,21114775;SPRF-PR;DEL07-PR;UOP01-DEL07-PR;;;
710044;07/08/2025;quinta-feira;16:15:00;MG;116;522;CARATINGA;Aus�ncia de rea��o do condutor;Atropelamento de Pedestre;Com V�timas Feridas;Pleno dia;Decrescente;C�u Claro;Simples;"Reta;Interse��o de Vias";Sim;4;0;1;1;2;0;2;2;-19,74759952;-42,13274002;SPRF-MG;DEL06-MG;UOP02-DEL06-MG;;;
710045;07/08/2025;quinta-feira;18:15:00;BA;324;1,2;FEIRA DE SANTANA;Rea��o tardia ou ineficiente do condutor;Tombamento;Com V�timas Feridas;Plena Noite;Decrescente;C�u Claro;Dupla;Reta;Sim;1;0;0;1;0;0;1;1;-12,284;-38,94767;SPRF-BA;DEL02-BA;UOP01-DEL02-BA;;;
710046;07/08/2025;quinta-feira;18:30:00;SP;116;147;SAO JOSE DOS CAMPOS;Rea��o tardia ou ineficiente do condutor;Colis�o lateral mesmo sentido;Com V�timas Feridas;Plena Noite;Decrescente;C�u Claro;Dupla;Reta;N�o;2;0;1;0;1;0;1;2;-23,19875233;-45,87687752;SPRF-SP;DEL02-SP;UOP01-DEL02-SP;;;
710047;07/08/2025;quinta-feira;18:40:00;SP;116;204;ARUJA;Frear bruscamente;Engavetamento;Sem V�timas;Plena Noite;Decrescente;C�u Claro;Dupla;Reta;N�o;4;0;0;0;4;0;0;3;-23,41289591;-46,36109996;SPRF-SP;DEL01-SP;UOP01-DEL01-SP;;;
710048;07/08/2025;quinta-feira;15:30:00;RN;101;137;ARES;Condutor Dormindo;Colis�o com objeto;Com V�timas Feridas;Pleno dia;Crescente;C�u Claro;Dupla;Declive;N�o;1;0;1;0;0;0;1;1;-6,17743895;-35,22469394;SPRF-RN;DEL01-RN;UOP01-DEL01-RN;;;
710050;07/08/2025;quinta-feira;17:30:00;PR;277;83,5;CURITIBA;Condutor deixou de manter dist�ncia do ve�culo da frente;Colis�o traseira;Com V�timas Feridas;Anoitecer;Decrescente;C�u Claro;Dupla;Reta;Sim;3;0;1;0;2;0;1;2;-25,446985;-49,230891;SPRF-PR;DEL01-PR;UOP07-DEL01-PR;;;
710053;07/08/2025;quinta-feira;18:50:00;CE;116;10;FORTALEZA;Pedestre cruzava a pista fora da faixa;Atropelamento de Pedestre;Com V�timas Fatais;Plena Noite;Decrescente;C�u Claro;Dupla;Reta;Sim;4;1;0;0;1;2;0;3;-3,836055;-38,502408;SPRF-CE;DEL01-CE;UOP02-DEL01-CE;;;
710054;07/08/2025;quinta-feira;18:30:00;PE;316;59,8;TRINDADE;Acessar a via sem observar a presen�a dos outros ve�culos;Colis�o transversal;Com V�timas Fatais;Plena Noite;Crescente;C�u Claro;Simples;Curva;Sim;2;1;0;0;1;0;0;2;-7,772953;-40,256575;SPRF-PE;DEL05-PE;UOP02-DEL05-PE;;;
710055;07/08/2025;quinta-feira;17:35:00;PR;158;532,9;PATO BRANCO;Trafegar com motocicleta (ou similar) entre as faixas;Colis�o lateral mesmo sentido;Com V�timas Feridas;Pleno dia;Crescente;C�u Claro;Simples;Interse��o de Vias;Sim;2;0;1;0;1;0;1;2;-26,219052;-52,681881;SPRF-PR;DEL02-PR;UOP01-DEL02-PR;;;
710056;07/08/2025;quinta-feira;14:15:00;MG;40;567,3;NOVA LIMA;Demais falhas mec�nicas ou el�tricas;Inc�ndio;Sem V�timas;Pleno dia;Decrescente;C�u Claro;Simples;Curva;N�o;1;0;0;0;1;0;0;1;-20,1851993;-43,9671087;SPRF-MG;DEL01-MG;UOP02-DEL01-MG;;;
710057;07/08/2025;quinta-feira;18:40:00;RN;101;24,5;RIO DO FOGO;Animais na Pista;Atropelamento de Animal;Com V�timas Feridas;Plena Noite;Decrescente;C�u Claro;Simples;Reta;N�o;1;0;1;0;0;0;1;1;-5,328672;-35,40543;SPRF-RN;DEL02-RN;UOP01-DEL02-RN;;;
710058;07/08/2025;quinta-feira;18:30:00;MG;381;486;BETIM;Aus�ncia de rea��o do condutor;Colis�o traseira;Com V�timas Feridas;Plena Noite;Crescente;C�u Claro;Dupla;Reta;Sim;3;0;2;0;1;0;2;2;-19,95611805;-44,10724849;SPRF-MG;DEL01-MG;UOP03-DEL01-MG;;;
710059;07/08/2025;quinta-feira;18:30:00;SC;101;72,5;ARAQUARI;Avarias e/ou desgaste excessivo no pneu;Queda de ocupante de ve�culo;Com V�timas Feridas;Plena Noite;Crescente;C�u Claro;Dupla;Reta;N�o;1;0;1;0;0;0;1;1;-26,53204179;-48,71430159;SPRF-SC;DEL03-SC;UOP02-DEL03-SC;;;
710060;07/08/2025;quinta-feira;18:20:00;SP;116;222;GUARULHOS;Aus�ncia de rea��o do condutor;Colis�o com objeto;Com V�timas Feridas;Plena Noite;Decrescente;C�u Claro;M�ltipla;Reta;Sim;1;0;1;0;0;0;1;1;-23,474837;-46,523381;SPRF-SP;DEL01-SP;UOP01-DEL01-SP;;;
710063;07/08/2025;quinta-feira;19:10:00;SC;282;5;SAO JOSE;Condutor deixou de manter dist�ncia do ve�culo da frente;Colis�o lateral mesmo sentido;Com V�timas Feridas;Plena Noite;Crescente;C�u Claro;Dupla;Reta;Sim;2;0;1;0;1;0;1;2;-27,59134;-48,606538;SPRF-SC;DEL01-SC;UOP01-DEL01-SC;;;
710065;07/08/2025;quinta-feira;17:30:00;MG;40;364,7;FELIXLANDIA;Condutor deixou de manter dist�ncia do ve�culo da frente;Colis�o traseira;Com V�timas Feridas;Pleno dia;Decrescente;C�u Claro;Simples;Reta;N�o;3;0;1;0;2;0;1;2;-18,771063;-44,83164839;SPRF-MG;DEL02-MG;UOP01-DEL02-MG;;;
710066;07/08/2025;quinta-feira;18:20:00;MG;365;625;UBERLANDIA;Acessar a via sem observar a presen�a dos outros ve�culos;Colis�o transversal;Com V�timas Feridas;Anoitecer;Decrescente;C�u Claro;Dupla;Interse��o de Vias;Sim;2;0;0;1;1;0;1;2;-18,910231;-48,302836;SPRF-MG;DEL15-MG;UOP01-DEL15-MG;;;
710067;06/08/2025;quarta-feira;18:20:00;RJ;393;298;BARRA MANSA;Acessar a via sem observar a presen�a dos outros ve�culos;Colis�o lateral mesmo sentido;Com V�timas Feridas;Anoitecer;Decrescente;Nublado;Simples;Reta;Sim;2;0;1;0;0;1;1;2;-22,55711076;-44,11478519;SPRF-RJ;DEL07-RJ;UOP02-DEL07-RJ;;;
710068;02/08/2025;s�bado;12:14:00;AM;319;113;CAREIRO;Acessar a via sem observar a presen�a dos outros ve�culos;Colis�o transversal;Com V�timas Fatais;Pleno dia;Decrescente;C�u Claro;Simples;Ponte;Sim;3;1;1;0;1;0;1;2;-3,82592048;-60,36329317;SPRF-AM;DEL01-AM;UOP04-DEL01-AM;;;
710070;07/08/2025;quinta-feira;18:30:00;PR;376;629,9;SAO JOSE DOS PINHAIS;Rea��o tardia ou ineficiente do condutor;Colis�o com objeto;Com V�timas Feridas;Plena Noite;Crescente;C�u Claro;M�ltipla;Reta;Sim;1;0;1;0;0;0;1;1;-25,69984984;-49,14356081;SPRF-PR;DEL01-PR;UOP04-DEL01-PR;;;
710071;07/08/2025;quinta-feira;20:00:00;SC;101;189,5;BIGUACU;Ingest�o de �lcool pelo condutor;Colis�o com objeto;Com V�timas Feridas;Plena Noite;Crescente;C�u Claro;M�ltipla;Curva;N�o;1;0;1;0;0;0;1;1;-27,464;-48,642;SPRF-SC;DEL01-SC;UOP01-DEL01-SC;;;
710072;07/08/2025;quinta-feira;20:15:00;PR;376;241;APUCARANA;Aus�ncia de rea��o do condutor;Queda de ocupante de ve�culo;Com V�timas Feridas;Plena Noite;Crescente;C�u Claro;Dupla;Aclive;N�o;2;0;1;0;0;1;1;1;-23,58085;-51,440849;SPRF-PR;DEL07-PR;UOP03-DEL07-PR;;;
710073;07/08/2025;quinta-feira;18:30:00;RS;471;167;RIO PARDO;Demais falhas mec�nicas ou el�tricas;Capotamento;Com V�timas Feridas;Plena Noite;Crescente;Chuva;Simples;Curva;N�o;1;0;1;0;0;0;1;1;-29,92815944;-52,39173889;SPRF-RS;DEL02-RS;UOP03-DEL02-RS;;;
710074;07/08/2025;quinta-feira;18:00:00;PB;230;500,8;CAJAZEIRAS;Condutor deixou de manter dist�ncia do ve�culo da frente;Colis�o traseira;Com V�timas Feridas;Plena Noite;Crescente;C�u Claro;Simples;"Declive;Reta";Sim;4;0;0;2;2;0;2;3;-6,897303;-38,52686;SPRF-PB;DEL03-PB;UOP03-DEL03-PB;;;
710076;07/08/2025;quinta-feira;15:00:00;MG;267;19,2;LEOPOLDINA;Ultrapassagem Indevida;Tombamento;Com V�timas Feridas;Pleno dia;Crescente;C�u Claro;Simples;"Aclive;Curva";N�o;3;0;1;0;0;2;1;2;-21,585976;-42,778072;SPRF-MG;DEL07-MG;UOP01-DEL07-MG;;;
710079;07/08/2025;quinta-feira;19:10:00;BA;407;1;JUAZEIRO;Transitar no Acostamento;Colis�o transversal;Com V�timas Feridas;Plena Noite;Crescente;C�u Claro;Simples;Reta;Sim;2;0;1;0;1;0;1;2;-9,4195043;-40,5075129;SPRF-PE;DEL06-PE;UOP01-DEL06-PE;;;
710080;07/08/2025;quinta-feira;20:45:00;ES;101;285;CARIACICA;Aus�ncia de rea��o do condutor;Colis�o transversal;Com V�timas Feridas;Plena Noite;Crescente;C�u Claro;Dupla;"Reta;Retorno Regulamentado";Sim;2;0;1;0;1;0;1;2;-20,251689;-40,3737594;SPRF-ES;DEL01-ES;UOP01-DEL01-ES;;;
710081;07/08/2025;quinta-feira;19:36:00;SP;116;314;JUQUITIBA;Pista Escorregadia;Queda de ocupante de ve�culo;Com V�timas Feridas;Plena Noite;Decrescente;C�u Claro;Dupla;Reta;Sim;1;0;1;0;0;0;1;1;-23,93503507;-47,01732159;SPRF-SP;DEL04-SP;UOP01-DEL04-SP;;;
710082;07/08/2025;quinta-feira;20:30:00;PR;116;113,1;CURITIBA;Manobra de mudan�a de faixa;Colis�o traseira;Com V�timas Feridas;Plena Noite;Crescente;Nublado;M�ltipla;Reta;Sim;3;0;1;0;2;0;1;2;-25,549023;-49,284277;SPRF-PR;DEL01-PR;UOP03-DEL01-PR;;;
710084;07/08/2025;quinta-feira;18:49:00;GO;50;105;CRISTALINA;Avarias e/ou desgaste excessivo no pneu;Queda de ocupante de ve�culo;Com V�timas Feridas;Plena Noite;Decrescente;C�u Claro;Simples;Reta;Sim;2;0;2;0;0;0;2;1;-16,713184;-47,670102;SPRF-DF;DEL01-DF;UOP02-DEL01-DF;;;
710085;07/08/2025;quinta-feira;20:22:00;RJ;101;384;ITAGUAI;Rea��o tardia ou ineficiente do condutor;Atropelamento de Pedestre;Com V�timas Feridas;Plena Noite;Decrescente;C�u Claro;M�ltipla;Reta;N�o;2;0;1;0;1;0;1;2;-22,8589275;-43,7591365;SPRF-RJ;DEL03-RJ;UOP01-DEL03-RJ;;;
710087;07/08/2025;quinta-feira;19:20:00;MT;70;99;GENERAL CARNEIRO;Retorno proibido;Colis�o transversal;Com V�timas Feridas;Plena Noite;Crescente;C�u Claro;Simples;Reta;N�o;6;0;2;2;2;0;4;2;-15,569882;-52,911983;SPRF-MT;DEL07-MT;UOP01-DEL07-MT;;;