id;data_inversa;dia_semana;horario;uf;br;km;municipio;causa_acidente;tipo_acidente;classificacao_acidente;fase_dia;sentido_via;condicao_metereologica;tipo_pista;tracado_via;uso_solo;pessoas;mortos;feridos_leves;feridos_graves;ilesos;ignorados;feridos;veiculos;latitude;longitude;regional;delegacia;uop;;;
710203;17/07/2025;quinta-feira;16:00:00;ES;101;262,2;SERRA;Rea��o tardia ou ineficiente do condutor;Colis�o lateral mesmo sentido;Com V�timas Feridas;Pleno dia;Decrescente;C�u Claro;Dupla;"Retorno Regulamentado;Reta";Sim;3;0;2;0;1;0;2;2;-20,159866;-40,27573;SPRF-ES;DEL02-ES;UOP01-DEL02-ES;;;
710204;08/08/2025;sexta-feira;11:05:00;SC;101;216;PALHOCA;Condutor deixou de manter dist�ncia do ve�culo da frente;Colis�o traseira;Com V�timas Feridas;Pleno dia;Decrescente;Chuva;Dupla;Reta;Sim;1;0;1;0;0;0;1;1;-27,66184019;-48,67608396;SPRF-SC;DEL01-SC;UOP02-DEL01-SC;;;
710205;08/08/2025;sexta-feira;10:57:00;GO;40;1;VALPARAISO DE GOIAS;Acessar a via sem observar a presen�a dos outros ve�culos;Atropelamento de Pedestre;Com V�timas Feridas;Pleno dia;Decrescente;C�u Claro;Dupla;Reta;Sim;2;0;0;1;1;0;1;2;-16,05458887;-47,98205763;SPRF-DF;DEL01-DF;UOP01-DEL01-DF;;;
710207;08/08/2025;sexta-feira;11:45:00;ES;101;157,4;LINHARES;Transitar na contram�o;Colis�o frontal;Com V�timas Feridas;Pleno dia;Crescente;C�u Claro;Simples;Reta;N�o;2;0;1;0;1;0;1;2;-19,45661599;-40,10182446;SPRF-ES;DEL04-ES;UOP01-DEL04-ES;;;
710211;08/08/2025;sexta-feira;09:57:00;MG;365;0;MONTES CLAROS;Condutor Dormindo;Colis�o com objeto;Com V�timas Feridas;Pleno dia;Crescente;C�u Claro;Simples;Rotat�ria;Sim;1;0;0;1;0;0;1;1;-16,765369;-43,882781;SPRF-MG;DEL12-MG;UOP01-DEL12-MG;;;
710212;08/08/2025;sexta-feira;01:50:00;MA;10;41;CAROLINA;Condutor Dormindo;Sa�da de leito carro��vel;Com V�timas Feridas;Plena Noite;Decrescente;C�u Claro;Simples;Curva;N�o;2;0;1;1;0;0;2;1;-7,286147;-47,455323;SPRF-MA;DEL04-MA;UOP02-DEL04-MA;;;
710213;08/08/2025;sexta-feira;09:30:00;MG;365;493;PATROCINIO;Manobra de mudan�a de faixa;Colis�o lateral mesmo sentido;Com V�timas Feridas;Pleno dia;Decrescente;C�u Claro;Simples;Reta;N�o;4;0;1;0;3;0;1;2;-18,90458;-47,17116;SPRF-MG;DEL10-MG;UOP01-DEL10-MG;;;
710215;08/08/2025;sexta-feira;12:05:00;SC;101;121,4;ITAJAI;Velocidade Incompat�vel;Colis�o traseira;Com V�timas Feridas;Pleno dia;Decrescente;Chuva;Dupla;Reta;Sim;3;0;1;0;2;0;1;3;-26,923038;-48,7076025;SPRF-SC;DEL04-SC;UOP04-DEL04-SC;;;
710217;08/08/2025;sexta-feira;12:35:00;PR;376;248,7;APUCARANA;Acumulo de �leo sobre o pavimento;Tombamento;Com V�timas Feridas;Pleno dia;Decrescente;Nublado;Simples;Reta;Sim;1;0;0;1;0;0;1;1;-23,60723418;-51,40738055;SPRF-PR;DEL07-PR;UOP03-DEL07-PR;;;
710219;08/08/2025;sexta-feira;12:10:00;RN;101;100;PARNAMIRIM;Manobra de mudan�a de faixa;Colis�o transversal;Com V�timas Feridas;Pleno dia;Crescente;C�u Claro;Dupla;Curva;Sim;3;0;1;0;1;1;1;3;-5,886;-35,23;SPRF-RN;DEL01-RN;UOP01-DEL01-RN;;;
710220;08/08/2025;sexta-feira;11:04:00;RS;116;145,1;CAXIAS DO SUL;Aus�ncia de rea��o do condutor;Sa�da de leito carro��vel;Sem V�timas;Pleno dia;Crescente;Chuva;Dupla;Reta;Sim;2;0;0;0;2;0;0;2;-29,13775376;-51,13224713;SPRF-RS;DEL05-RS;UOP01-DEL05-RS;;;
710221;06/07/2025;domingo;20:30:00;MA;226;501;LAJEADO NOVO;Aus�ncia de rea��o do condutor;Atropelamento de Pedestre;Com V�timas Fatais;Plena Noite;Decrescente;C�u Claro;Simples;Reta;Sim;3;1;0;1;0;1;1;2;-6,1099806;-46,8214661;SPRF-MA;DEL04-MA;UOP02-DEL04-MA;;;
710225;01/08/2025;sexta-feira;02:20:00;BA;116;273;TUCANO;Objeto est�tico sobre o leito carro��vel;Colis�o transversal;Com V�timas Feridas;Plena Noite;Crescente;C�u Claro;Simples;Reta;N�o;5;0;2;0;2;1;2;3;-10,93279429;-38,81566539;SPRF-BA;DEL07-BA;UOP02-DEL07-BA;;;
710227;08/08/2025;sexta-feira;11:50:00;RO;364;11;VILHENA;Desrespeitar a prefer�ncia no cruzamento;Colis�o traseira;Com V�timas Feridas;Pleno dia;Crescente;C�u Claro;Dupla;"Interse��o de Vias;Rotat�ria";Sim;2;0;0;1;1;0;1;2;-12,74513512;-60,11512974;SPRF-RO;DEL04-RO;UOP01-DEL04-RO;;;
710229;08/08/2025;sexta-feira;11:39:00;RO;319;63;PORTO VELHO;Rea��o tardia ou ineficiente do condutor;Colis�o traseira;Sem V�timas;Pleno dia;Crescente;Sol;Dupla;Reta;Sim;2;0;0;0;2;0;0;2;-8,7567188;-63,88661955;SPRF-RO;DEL01-RO;UOP01-DEL01-RO;;;
710230;08/08/2025;sexta-feira;12:20:00;MG;40;727,2;OLIVEIRA FORTES;Trafegar com motocicleta (ou similar) entre as faixas;Colis�o traseira;Com V�timas Feridas;Pleno dia;Crescente;Nublado;Dupla;"Declive;Reta";N�o;3;0;2;0;1;0;2;2;-21,31816199;-43,58963013;SPRF-MG;DEL05-MG;UOP01-DEL05-MG;;;
710231;08/08/2025;sexta-feira;10:05:00;MG;262;820;UBERABA;Rea��o tardia ou ineficiente do condutor;Capotamento;Com V�timas Feridas;Pleno dia;Crescente;C�u Claro;Dupla;Reta;N�o;1;0;1;0;0;0;1;1;-19,75932177;-48,06662019;SPRF-MG;DEL13-MG;UOP01-DEL13-MG;;;
710233;08/08/2025;sexta-feira;12:30:00;RJ;101;491,9;ANGRA DOS REIS;Acessar a via sem observar a presen�a dos outros ve�culos;Colis�o transversal;Com V�timas Feridas;Pleno dia;Crescente;C�u Claro;Simples;Reta;Sim;2;0;2;0;0;0;2;2;-22,998903;-44,29746;SPRF-RJ;DEL03-RJ;UOP03-DEL03-RJ;;;
710234;03/08/2025;domingo;03:25:00;AM;174;931;MANAUS;Condutor Dormindo;Sa�da de leito carro��vel;Sem V�timas;Plena Noite;Decrescente;C�u Claro;Simples;"Reta;Aclive";N�o;1;0;0;0;0;1;0;1;-2,562997;-60,028203;SPRF-AM;DEL01-AM;UOP01-DEL01-AM;;;
710235;17/05/2025;s�bado;22:00:00;PB;412;111,7;SUME;Rea��o tardia ou ineficiente do condutor;Queda de ocupante de ve�culo;Com V�timas Feridas;Plena Noite;Decrescente;Ignorado;Simples;Reta;N�o;1;0;0;1;0;0;1;1;-7,691108;-36,904032;SPRF-PB;DEL02-PB;UOP02-DEL02-PB;;;
710237;22/07/2025;ter�a-feira;15:20:00;SC;470;126,4;LONTRAS;Rea��o tardia ou ineficiente do condutor;Colis�o transversal;Com V�timas Feridas;Pleno dia;Crescente;C�u Claro;Simples;"Reta;Declive";Sim;3;0;0;2;1;0;2;2;-27,134318;-49,54056;SPRF-SC;DEL04-SC;UOP02-DEL04-SC;;;
710238;08/08/2025;sexta-feira;12:52:00;MG;116;406,8;GOVERNADOR VALADARES;Desrespeitar a prefer�ncia no cruzamento;Colis�o transversal;Com V�timas Feridas;Pleno dia;Crescente;C�u Claro;Simples;"Reta;Interse��o de Vias;Retorno Regulamentado";N�o;2;0;0;1;1;0;1;2;-18,82298953;-41,98609326;SPRF-MG;DEL06-MG;UOP01-DEL06-MG;;;
710239;08/08/2025;sexta-feira;06:20:00;SC;280;28;ARAQUARI;Acessar a via sem observar a presen�a dos outros ve�culos;Colis�o transversal;Sem V�timas;Amanhecer;Decrescente;Chuva;Simples;Reta;N�o;2;0;0;0;2;0;0;2;-26,40720195;-48,74850361;SPRF-SC;DEL03-SC;UOP03-DEL03-SC;;;
710240;19/07/2025;s�bado;19:25:00;RS;290;80;GRAVATAI;Pedestre cruzava a pista fora da faixa;Atropelamento de Pedestre;Com V�timas Feridas;Plena Noite;Decrescente;C�u Claro;Dupla;Reta;Sim;2;0;1;0;1;0;1;2;-29,95679792;-51,01469993;SPRF-RS;DEL01-RS;UOP01-DEL01-RS;;;
710241;08/08/2025;sexta-feira;12:40:00;SC;101;207;SAO JOSE;Frear bruscamente;Colis�o com objeto;Com V�timas Feridas;Pleno dia;Decrescente;Chuva;M�ltipla;Reta;Sim;1;0;1;0;0;0;1;1;-27,603611;-48,632173;SPRF-SC;DEL01-SC;UOP01-DEL01-SC;;;
710242;08/08/2025;sexta-feira;12:00:00;RJ;40;77;PETROPOLIS;Rea��o tardia ou ineficiente do condutor;Sa�da de leito carro��vel;Com V�timas Feridas;Pleno dia;Crescente;C�u Claro;Dupla;"Declive;Curva";N�o;3;0;2;0;1;0;2;1;-22,483268;-43,231365;SPRF-RJ;DEL01-RJ;UOP01-DEL01-RJ;;;
710243;08/08/2025;sexta-feira;09:45:00;PE;101;71;RECIFE;Frear bruscamente;Colis�o traseira;Com V�timas Feridas;Pleno dia;Decrescente;C�u Claro;Dupla;Reta;N�o;1;0;1;0;0;0;1;1;-8,08016096;-34,94307725;SPRF-PE;DEL01-PE;UOP01-DEL01-PE;;;
710244;08/08/2025;sexta-feira;12:10:00;MG;116;503,6;INHAPIM;Mal s�bito do condutor;Tombamento;Com V�timas Feridas;Pleno dia;Decrescente;C�u Claro;Simples;Reta;N�o;1;0;1;0;0;0;1;1;-19,53491161;-42,12601662;SPRF-MG;DEL06-MG;UOP02-DEL06-MG;;;
710245;08/08/2025;sexta-feira;14:03:00;DF;20;4;BRASILIA;Aus�ncia de rea��o do condutor;Colis�o com objeto;Com V�timas Feridas;Pleno dia;Decrescente;C�u Claro;Dupla;Reta;Sim;2;0;1;0;1;0;1;1;-15,6712951;-47,81711251;SPRF-DF;DEL02-DF;UOP01-DEL02-DF;;;
710248;08/08/2025;sexta-feira;07:50:00;RS;116;146;CAXIAS DO SUL;Acessar a via sem observar a presen�a dos outros ve�culos;Colis�o transversal;Com V�timas Feridas;Amanhecer;Decrescente;Garoa/Chuvisco;Dupla;Interse��o de Vias;Sim;2;0;1;0;1;0;1;2;-29,1494014;-51,14345877;SPRF-RS;DEL05-RS;UOP01-DEL05-RS;;;
710250;08/08/2025;sexta-feira;14:15:00;SC;101;212;PALHOCA;Mal s�bito do condutor;Colis�o traseira;Com V�timas Feridas;Pleno dia;Crescente;Chuva;M�ltipla;Reta;N�o;3;0;1;0;2;0;1;3;-27,62637088;-48,65561334;SPRF-SC;DEL01-SC;UOP02-DEL01-SC;;;
710252;08/08/2025;sexta-feira;14:45:00;PI;343;47,7;BURITI DOS LOPES;Ingest�o de �lcool pelo condutor;Colis�o transversal;Com V�timas Feridas;Pleno dia;Crescente;Sol;Simples;"Interse��o de Vias;Reta";Sim;2;0;1;0;1;0;1;2;-3,17354433;-41,867751;SPRF-PI;DEL05-PI;UOP01-DEL05-PI;;;
710255;08/08/2025;sexta-feira;09:50:00;RO;364;490;ARIQUEMES;Manobra de mudan�a de faixa;Colis�o frontal;Com V�timas Feridas;Pleno dia;Crescente;C�u Claro;Simples;Reta;N�o;4;0;1;0;3;0;1;2;-10,105299;-62,943259;SPRF-RO;DEL03-RO;UOP01-DEL03-RO;;;
710256;08/08/2025;sexta-feira;14:30:00;BA;110;344;ALAGOINHAS;Transitar na contram�o;Colis�o frontal;Com V�timas Feridas;Pleno dia;Decrescente;Sol;Simples;Curva;N�o;3;0;3;0;0;0;3;2;-12,175677;-38,41471;SPRF-BA;DEL01-BA;UOP04-DEL01-BA;;;
710257;08/08/2025;sexta-feira;15:00:00;PE;232;100;BEZERROS;Rea��o tardia ou ineficiente do condutor;Colis�o transversal;Sem V�timas;Pleno dia;Crescente;C�u Claro;Simples;Aclive;Sim;2;0;0;0;2;0;0;2;-8,238167;-35,744773;SPRF-PE;DEL02-PE;UOP03-DEL02-PE;;;
710259;08/08/2025;sexta-feira;14:46:00;SC;470;157;TROMBUDO CENTRAL;Ingest�o de �lcool pelo condutor;Colis�o lateral sentido oposto;Com V�timas Feridas;Pleno dia;Crescente;Garoa/Chuvisco;Simples;"Declive;Reta";Sim;2;0;1;0;1;0;1;2;-27,285454;-49,770918;SPRF-SC;DEL04-SC;UOP02-DEL04-SC;;;
710260;08/08/2025;sexta-feira;15:00:00;MG;262;382,9;FLORESTAL;Acessar a via sem observar a presen�a dos outros ve�culos;Colis�o lateral mesmo sentido;Com V�timas Feridas;Pleno dia;Crescente;C�u Claro;Dupla;Reta;Sim;6;0;4;1;1;0;5;2;-19,91862064;-44,49114773;SPRF-MG;DEL01-MG;UOP03-DEL01-MG;;;
710261;22/07/2025;ter�a-feira;19:40:00;TO;153;334;GUARAI;Acessar a via sem observar a presen�a dos outros ve�culos;Colis�o transversal;Sem V�timas;Plena Noite;Crescente;C�u Claro;Dupla;Interse��o de Vias;Sim;6;0;0;0;6;0;0;2;-8,83723375;-48,51218045;SPRF-TO;DEL02-TO;UOP02-DEL02-TO;;;
710262;08/08/2025;sexta-feira;14:50:00;PR;277;14,5;PARANAGUA;Demais falhas mec�nicas ou el�tricas;Inc�ndio;Sem V�timas;Pleno dia;Decrescente;Nublado;Dupla;Reta;N�o;3;0;0;0;3;0;0;1;-25,55434579;-48,66093032;SPRF-PR;DEL01-PR;UOP05-DEL01-PR;;;
710264;08/08/2025;sexta-feira;16:00:00;AL;104;34;UNIAO DOS PALMARES;Pedestre cruzava a pista fora da faixa;Atropelamento de Pedestre;Com V�timas Feridas;Pleno dia;Decrescente;C�u Claro;Simples;Reta;Sim;2;0;1;1;0;0;2;2;-9,16248364;-36,0152535;SPRF-AL;DEL01-AL;UOP02-DEL01-AL;;;
710265;08/08/2025;sexta-feira;15:30:00;ES;101;360,6;ANCHIETA;Demais falhas mec�nicas ou el�tricas;Queda de ocupante de ve�culo;Com V�timas Feridas;Pleno dia;Crescente;C�u Claro;Simples;Curva;N�o;2;0;2;0;0;0;2;1;-20,70917;-40,718823;SPRF-ES;DEL03-ES;UOP01-DEL03-ES;;;
710266;08/08/2025;sexta-feira;15:40:00;CE;116;12,5;ITAITINGA;Demais falhas mec�nicas ou el�tricas;Queda de ocupante de ve�culo;Com V�timas Feridas;Pleno dia;Crescente;C�u Claro;M�ltipla;Reta;Sim;1;0;1;0;0;0;1;1;-3,89217444;-38,50271916;SPRF-CE;DEL01-CE;UOP02-DEL01-CE;;;
710268;08/08/2025;sexta-feira;14:55:00;MG;40;800,6;MATIAS BARBOSA;Rea��o tardia ou ineficiente do condutor;Capotamento;Com V�timas Feridas;Pleno dia;Crescente;C�u Claro;Dupla;Curva;N�o;3;0;3;0;0;0;3;1;-21,83314;-43,37339;SPRF-MG;DEL05-MG;UOP01-DEL05-MG;;;
710269;07/08/2025;quinta-feira;09:45:00;PR;369;177;ROLANDIA;Rea��o tardia ou ineficiente do condutor;Colis�o traseira;Sem V�timas;Pleno dia;Decrescente;C�u Claro;Dupla;Reta;N�o;2;0;0;0;2;0;0;2;-23,35902072;-51,39711142;SPRF-PR;DEL07-PR;UOP01-DEL07-PR;;;
710271;08/08/2025;sexta-feira;16:10:00;SP;101;50,2;UBATUBA;Convers�o proibida;Colis�o transversal;Com V�timas Feridas;Pleno dia;Decrescente;Nublado;Simples;Reta;Sim;2;0;1;0;1;0;1;2;-23,45162274;-45,07602453;SPRF-SP;DEL06-SP;UOP01-DEL06-SP;;;
710272;08/08/2025;sexta-feira;14:50:00;MG;116;533,3;SANTA RITA DE MINAS;Aus�ncia de rea��o do condutor;Colis�o traseira;Com V�timas Feridas;Pleno dia;Decrescente;C�u Claro;Simples;"Declive;Reta";N�o;3;0;1;0;2;0;1;2;-19,84214479;-42,13976384;SPRF-MG;DEL06-MG;UOP02-DEL06-MG;;;
710273;08/08/2025;sexta-feira;16:20:00;PR;369;86;CORNELIO PROCOPIO;Acessar a via sem observar a presen�a dos outros ve�culos;Colis�o transversal;Com V�timas Feridas;Pleno dia;Decrescente;C�u Claro;Simples;Retorno Regulamentado;Sim;2;0;1;0;1;0;1;2;-23,173565;-50,620553;SPRF-PR;DEL07-PR;UOP05-DEL07-PR;;;
710274;08/08/2025;sexta-feira;15:45:00;PR;476;117;COLOMBO;Aus�ncia de rea��o do condutor;Colis�o traseira;Com V�timas Feridas;Pleno dia;Crescente;Nublado;Dupla;Reta;Sim;2;0;1;0;1;0;1;2;-25,35656896;-49,18100595;SPRF-PR;DEL01-PR;UOP01-DEL01-PR;;;
710276;08/08/2025;sexta-feira;16:06:00;PB;101;101,4;CONDE;Rea��o tardia ou ineficiente do condutor;Sa�da de leito carro��vel;Com V�timas Fatais;Pleno dia;Decrescente;Sol;Dupla;Reta;N�o;2;1;1;0;0;0;1;1;-7,268637;-34,937125;SPRF-PB;DEL01-PB;UOP01-DEL01-PB;;;
710277;08/08/2025;sexta-feira;16:30:00;ES;101;213;IBIRACU;Aus�ncia de rea��o do condutor;Colis�o traseira;Com V�timas Feridas;Pleno dia;Decrescente;C�u Claro;Simples;Reta;N�o;2;0;1;0;0;1;1;2;-19,826083;-40,369049;SPRF-ES;DEL02-ES;UOP01-DEL02-ES;;;
710279;08/08/2025;sexta-feira;16:30:00;ES;101;109,7;SOORETAMA;Velocidade Incompat�vel;Sa�da de leito carro��vel;Com V�timas Feridas;Pleno dia;Decrescente;C�u Claro;Simples;"Reta;Aclive";N�o;2;0;2;0;0;0;2;1;-19,05109376;-40,02899504;SPRF-ES;DEL04-ES;UOP01-DEL04-ES;;;
710280;08/08/2025;sexta-feira;16:30:00;MG;40;351,8;FELIXLANDIA;Acessar a via sem observar a presen�a dos outros ve�culos;Colis�o transversal;Com V�timas Fatais;Pleno dia;Decrescente;C�u Claro;Simples;"Reta;Interse��o de Vias;Rotat�ria";Sim;3;1;1;0;0;1;1;3;-18,72839448;-44,9200809;SPRF-MG;DEL02-MG;UOP01-DEL02-MG;;;
710281;08/08/2025;sexta-feira;16:20:00;PB;101;88;JOAO PESSOA;Condutor deixou de manter dist�ncia do ve�culo da frente;Colis�o traseira;Com V�timas Feridas;Pleno dia;Crescente;C�u Claro;Dupla;Reta;N�o;3;0;1;2;0;0;3;2;-7,1695567;-34,8966736;SPRF-PB;DEL01-PB;UOP01-DEL01-PB;;;
710283;08/08/2025;sexta-feira;16:55:00;RJ;101;474;ANGRA DOS REIS;Ultrapassagem Indevida;Colis�o transversal;Com V�timas Feridas;Pleno dia;Crescente;C�u Claro;Simples;Reta;N�o;3;0;0;1;1;1;1;3;-22,994119;-44,248613;SPRF-RJ;DEL03-RJ;UOP03-DEL03-RJ;;;
710288;08/08/2025;sexta-feira;16:45:00;RJ;116;291;BARRA MANSA;Rea��o tardia ou ineficiente do condutor;Colis�o com objeto;Com V�timas Feridas;Pleno dia;Crescente;Chuva;Dupla;Curva;N�o;1;0;0;1;0;0;1;1;-22,47814081;-44,26269293;SPRF-RJ;DEL07-RJ;UOP02-DEL07-RJ;;;
710290;08/08/2025;sexta-feira;16:25:00;SC;280;68;JARAGUA DO SUL;Ingest�o de �lcool pelo condutor;Colis�o traseira;Com V�timas Feridas;Pleno dia;Decrescente;Chuva;Simples;Reta;Sim;3;0;1;0;2;0;1;3;-26,47149501;-49,11311388;SPRF-SC;DEL03-SC;UOP03-DEL03-SC;;;
710291;08/08/2025;sexta-feira;17:15:00;SC;101;193;BIGUACU;Aus�ncia de rea��o do condutor;Queda de ocupante de ve�culo;Com V�timas Feridas;Pleno dia;Crescente;Chuva;M�ltipla;Reta;Sim;2;0;1;0;1;0;1;2;-27,48786227;-48,65214793;SPRF-SC;DEL01-SC;UOP01-DEL01-SC;;;
710292;08/08/2025;sexta-feira;17:00:00;PR;116;66;QUATRO BARRAS;Avarias e/ou desgaste excessivo no pneu;Capotamento;Com V�timas Feridas;Pleno dia;Decrescente;Chuva;Dupla;"Aclive;Viaduto";Sim;1;0;1;0;0;0;1;1;-25,310712;-49,013196;SPRF-PR;DEL01-PR;UOP02-DEL01-PR;;;
710293;08/08/2025;sexta-feira;08:50:00;RS;448;17;CANOAS;Mal s�bito do condutor;Colis�o com objeto;Sem V�timas;Pleno dia;Decrescente;C�u Claro;M�ltipla;Reta;N�o;1;0;0;0;1;0;0;1;-29,94774156;-51,20365246;SPRF-RS;DEL01-RS;UOP01-DEL01-RS;;;
710294;08/08/2025;sexta-feira;16:30:00;MG;381;479;BETIM;Aus�ncia de rea��o do condutor;Colis�o traseira;Com V�timas Feridas;Pleno dia;Decrescente;C�u Claro;Dupla;Reta;Sim;2;0;1;0;1;0;1;2;-20,02238736;-44,22992706;SPRF-MG;DEL01-MG;UOP03-DEL01-MG;;;
710295;08/08/2025;sexta-feira;17:00:00;MG;381;907,5;CAMBUI;Velocidade Incompat�vel;Sa�da de leito carro��vel;Com V�timas Feridas;Pleno dia;Crescente;Chuva;Dupla;"Curva;Aclive";N�o;1;0;1;0;0;0;1;1;-22,67462016;-46,09800732;SPRF-MG;DEL16-MG;UOP03-DEL16-MG;;;
710296;08/08/2025;sexta-feira;16:00:00;MG;381;358,5;SAO GONCALO DO RIO ABAIXO;Aus�ncia de rea��o do condutor;Sa�da de leito carro��vel;Com V�timas Feridas;Pleno dia;Decrescente;C�u Claro;Simples;Reta;N�o;1;0;1;0;0;0;1;1;-19,859826;-43,229635;SPRF-MG;DEL03-MG;UOP01-DEL03-MG;;;
710297;08/08/2025;sexta-feira;17:10:00;RS;471;679;CHUI;Acessar a via sem observar a presen�a dos outros ve�culos;Colis�o transversal;Com V�timas Feridas;Pleno dia;Crescente;Nublado;Simples;Interse��o de Vias;Sim;2;0;1;0;1;0;1;2;-33,68040745;-53,44847497;SPRF-RS;DEL07-RS;UOP04-DEL07-RS;;;
710300;08/08/2025;sexta-feira;17:20:00;BA;324;514;FEIRA DE SANTANA;Ultrapassagem Indevida;Colis�o transversal;Com V�timas Feridas;Pleno dia;Crescente;C�u Claro;Simples;Reta;Sim;3;0;1;0;1;1;1;2;-12,235177;-38,94432;SPRF-BA;DEL02-BA;UOP01-DEL02-BA;;;
710301;08/08/2025;sexta-feira;17:10:00;SC;101;205;SAO JOSE;Acumulo de �leo sobre o pavimento;Tombamento;Com V�timas Feridas;Pleno dia;Crescente;Chuva;Simples;Curva;Sim;1;0;1;0;0;0;1;1;-27,58702;-48,61684;SPRF-SC;DEL01-SC;UOP01-DEL01-SC;;;
710302;08/08/2025;sexta-feira;16:45:00;PR;116;116;CURITIBA;Rea��o tardia ou ineficiente do condutor;Engavetamento;Com V�timas Feridas;Pleno dia;Decrescente;Nublado;M�ltipla;Reta;N�o;8;0;5;0;3;0;5;4;-25,5540418;-49,3054748;SPRF-PR;DEL01-PR;UOP03-DEL01-PR;;;
710303;08/08/2025;sexta-feira;12:00:00;RJ;116;39;SAO JOSE DO VALE DO RIO PRETO;Rea��o tardia ou ineficiente do condutor;Colis�o lateral sentido oposto;Com V�timas Feridas;Pleno dia;Crescente;C�u Claro;Dupla;Reta;N�o;2;0;1;0;1;0;1;2;-22,12272708;-42,77902365;SPRF-RJ;DEL05-RJ;UOP01-DEL05-RJ;;;
710306;08/08/2025;sexta-feira;17:00:00;PR;369;198,4;APUCARANA;Acessar a via sem observar a presen�a dos outros ve�culos;Colis�o transversal;Com V�timas Feridas;Anoitecer;Crescente;Nublado;Dupla;Reta;Sim;3;0;1;0;2;0;1;3;-23,52163423;-51,43794537;SPRF-PR;DEL07-PR;UOP03-DEL07-PR;;;
710307;08/08/2025;sexta-feira;16:30:00;PR;376;230;APUCARANA;Velocidade Incompat�vel;Sa�da de leito carro��vel;Com V�timas Feridas;Pleno dia;Crescente;Sol;Dupla;Reta;Sim;2;0;1;0;1;0;1;1;-23,567;-51,525;SPRF-PR;DEL07-PR;UOP03-DEL07-PR;;;
710308;08/08/2025;sexta-feira;17:27:00;TO;153;139;ARAGUAINA;Acessar a via sem observar a presen�a dos outros ve�culos;Colis�o transversal;Com V�timas Feridas;Pleno dia;Decrescente;C�u Claro;Simples;Rotat�ria;Sim;2;0;1;0;1;0;1;2;-7,162345;-48,2055708;SPRF-TO;DEL02-TO;UOP01-DEL02-TO;;;
710309;08/08/2025;sexta-feira;17:24:00;PB;230;24;JOAO PESSOA;Acessar a via sem observar a presen�a dos outros ve�culos;Colis�o traseira;Com V�timas Feridas;Plena Noite;Decrescente;C�u Claro;Dupla;"Reta;Aclive;Viaduto";Sim;3;0;2;0;1;0;2;2;-7,16656;-34,863308;SPRF-PB;DEL01-PB;UOP01-DEL01-PB;;;
710311;08/08/2025;sexta-feira;16:40:00;BA;242;226;ITABERABA;Acessar a via sem observar a presen�a dos outros ve�culos;Colis�o transversal;Com V�timas Feridas;Pleno dia;Crescente;C�u Claro;Simples;Reta;Sim;5;0;2;0;3;0;2;2;-12,517478;-40,285388;SPRF-BA;DEL06-BA;UOP02-DEL06-BA;;;
710312;08/08/2025;sexta-feira;18:00:00;PR;277;76;CURITIBA;Trafegar com motocicleta (ou similar) entre as faixas;Colis�o lateral mesmo sentido;Com V�timas Feridas;Plena Noite;Decrescente;Garoa/Chuvisco;Dupla;Reta;Sim;3;0;2;0;1;0;2;2;-25,48092214;-49,19672906;SPRF-PR;DEL01-PR;UOP07-DEL01-PR;;;
710313;08/08/2025;sexta-feira;18:00:00;PR;153;39,5;SANTO ANTONIO DA PLATINA;Desrespeitar a prefer�ncia no cruzamento;Colis�o transversal;Sem V�timas;Anoitecer;Crescente;C�u Claro;Simples;Rotat�ria;N�o;2;0;0;0;2;0;0;2;-23,27980186;-50,05605904;SPRF-PR;DEL07-PR;UOP04-DEL07-PR;;;
710314;08/08/2025;sexta-feira;17:50:00;BA;324;614,9;SALVADOR;Condutor deixou de manter dist�ncia do ve�culo da frente;Colis�o lateral mesmo sentido;Com V�timas Feridas;Plena Noite;Crescente;C�u Claro;M�ltipla;"Declive;Reta";N�o;3;0;2;0;1;0;2;2;-12,8787367;-38,4321376;SPRF-BA;DEL01-BA;UOP01-DEL01-BA;;;
710316;08/08/2025;sexta-feira;17:20:00;CE;222;4,7;CAUCAIA;Trafegar com motocicleta (ou similar) entre as faixas;Colis�o lateral mesmo sentido;Com V�timas Feridas;Pleno dia;Decrescente;C�u Claro;M�ltipla;Reta;Sim;3;0;0;1;2;0;1;3;-3,742734;-38,61155245;SPRF-CE;DEL01-CE;UOP01-DEL01-CE;;;
710317;08/08/2025;sexta-feira;12:13:00;BA;101;107,5;ALAGOINHAS;Acessar a via sem observar a presen�a dos outros ve�culos;Colis�o com objeto;Com V�timas Feridas;Pleno dia;Crescente;Sol;Simples;"Retorno Regulamentado;Reta;Interse��o de Vias";Sim;3;0;1;0;2;0;1;2;-12,14802543;-38,39492083;SPRF-BA;DEL01-BA;UOP04-DEL01-BA;;;
710318;08/08/2025;sexta-feira;18:25:00;RS;470;215;BENTO GONCALVES;Aus�ncia de rea��o do condutor;Colis�o traseira;Sem V�timas;Plena Noite;Decrescente;Ignorado;Simples;Reta;N�o;2;0;0;0;2;0;0;2;-29,15991448;-51,52950452;SPRF-RS;DEL06-RS;UOP01-DEL06-RS;;;