id;data_inversa;dia_semana;horario;uf;br;km;municipio;causa_acidente;tipo_acidente;classificacao_acidente;fase_dia;sentido_via;condicao_metereologica;tipo_pista;tracado_via;uso_solo;pessoas;mortos;feridos_leves;feridos_graves;ilesos;ignorados;feridos;veiculos;latitude;longitude;regional;delegacia;uop;;;
710319;08/08/2025;sexta-feira;10:45:00;PR;277;659,4;MATELANDIA;Condutor usando celular;Colis�o com objeto;Com V�timas Feridas;Pleno dia;Crescente;C�u Claro;Dupla;"Declive;Curva";N�o;1;0;1;0;0;0;1;1;-25,25073619;-53,98367135;SPRF-PR;DEL05-PR;UOP02-DEL05-PR;;;
710320;08/08/2025;sexta-feira;16:00:00;RJ;101;384;RIO DE JANEIRO;Condutor deixou de manter dist�ncia do ve�culo da frente;Colis�o lateral mesmo sentido;Com V�timas Feridas;Pleno dia;Crescente;Nublado;Dupla;Reta;Sim;2;0;1;0;1;0;1;2;-22,88408295;-43,64112854;SPRF-RJ;DEL03-RJ;UOP01-DEL03-RJ;;;
710322;08/08/2025;sexta-feira;18:24:00;SP;116;217;GUARULHOS;Rea��o tardia ou ineficiente do condutor;Colis�o traseira;Com V�timas Feridas;Plena Noite;Decrescente;Vento;M�ltipla;"Declive;Reta";Sim;4;0;2;0;2;0;2;3;-23,45553019;-46,47431374;SPRF-SP;DEL01-SP;UOP01-DEL01-SP;;;
710324;08/08/2025;sexta-feira;18:00:00;PE;0;0;RECIFE;Condutor desrespeitou a ilumina��o vermelha do sem�foro;Colis�o transversal;Com V�timas Feridas;Plena Noite;N�o Informado;C�u Claro;Dupla;"Reta;Interse��o de Vias";Sim;2;0;1;0;1;0;1;2;-8,04573;-34,92987;SPRF-PE;DEL01-PE;UOP01-DEL01-PE;;;
710325;08/08/2025;sexta-feira;17:51:00;GO;414;372;COCALZINHO DE GOIAS;Rea��o tardia ou ineficiente do condutor;Queda de ocupante de ve�culo;Com V�timas Feridas;Plena Noite;Crescente;Ignorado;Dupla;Reta;Sim;1;0;1;0;0;0;1;1;-15,7812;-48,76742;SPRF-GO;DEL02-GO;UOP01-DEL02-GO;;;
710326;08/08/2025;sexta-feira;16:45:00;RJ;101;296;ITABORAI;Rea��o tardia ou ineficiente do condutor;Colis�o traseira;Com V�timas Feridas;Pleno dia;Decrescente;Nublado;Dupla;Reta;N�o;4;0;1;0;3;0;1;2;-22,7671145;-42,91067569;SPRF-RJ;DEL02-RJ;UOP02-DEL02-RJ;;;
710331;08/08/2025;sexta-feira;18:35:00;PA;155;340;MARABA;Rea��o tardia ou ineficiente do condutor;Colis�o traseira;Sem V�timas;Anoitecer;Crescente;C�u Claro;Simples;Reta;N�o;2;0;0;0;2;0;0;2;-5,395752;-49,07754;SPRF-PA;DEL03-PA;UOP01-DEL03-PA;;;
710333;08/08/2025;sexta-feira;15:45:00;RJ;116;264;PIRAI;Acessar a via sem observar a presen�a dos outros ve�culos;Colis�o lateral mesmo sentido;Com V�timas Feridas;Pleno dia;Crescente;Nublado;Simples;Retorno Regulamentado;N�o;2;0;1;0;1;0;1;2;-22,6668417;-43,841138;SPRF-RJ;DEL07-RJ;UOP02-DEL07-RJ;;;
710334;08/08/2025;sexta-feira;17:40:00;CE;222;4,6;CAUCAIA;Aus�ncia de rea��o do condutor;Colis�o lateral mesmo sentido;Com V�timas Feridas;Anoitecer;Decrescente;C�u Claro;Dupla;Reta;Sim;3;0;2;0;1;0;2;2;-3,74274471;-38,61126278;SPRF-CE;DEL01-CE;UOP01-DEL01-CE;;;
710335;08/08/2025;sexta-feira;18:20:00;PB;101;78;SANTA RITA;Condutor deixou de manter dist�ncia do ve�culo da frente;Colis�o traseira;Sem V�timas;Plena Noite;Decrescente;Nublado;Dupla;"Reta;Em Obras";N�o;2;0;0;0;2;0;0;2;-7,108145;-34,962965;SPRF-PB;DEL01-PB;UOP03-DEL01-PB;;;
710336;08/08/2025;sexta-feira;18:45:00;PE;101;58;RECIFE;Condutor deixou de manter dist�ncia do ve�culo da frente;Colis�o lateral mesmo sentido;Com V�timas Feridas;Plena Noite;Decrescente;C�u Claro;Dupla;"Aclive;Curva";N�o;3;0;1;0;1;1;1;2;-7,97462024;-34,92195368;SPRF-PE;DEL01-PE;UOP02-DEL01-PE;;;
710337;08/08/2025;sexta-feira;19:29:00;RN;406;168;SAO GONCALO DO AMARANTE;Rea��o tardia ou ineficiente do condutor;Queda de ocupante de ve�culo;Com V�timas Feridas;Plena Noite;Decrescente;Nublado;Dupla;Reta;N�o;1;0;1;0;0;0;1;1;-5,7489072;-35,3249979;SPRF-RN;DEL02-RN;UOP01-DEL02-RN;;;
710338;08/08/2025;sexta-feira;20:05:00;SP;116;205;ARUJA;Manobra de mudan�a de faixa;Colis�o lateral mesmo sentido;Com V�timas Feridas;Plena Noite;Decrescente;Ignorado;M�ltipla;Reta;Sim;2;0;1;1;0;0;2;2;-23,41546409;-46,36762016;SPRF-SP;DEL01-SP;UOP01-DEL01-SP;;;
710340;08/08/2025;sexta-feira;19:20:00;PB;230;25;JOAO PESSOA;Aus�ncia de rea��o do condutor;Colis�o traseira;Com V�timas Feridas;Plena Noite;Crescente;C�u Claro;Dupla;Curva;N�o;3;0;1;1;1;0;2;2;-7,17081762;-34,86785799;SPRF-PB;DEL01-PB;UOP01-DEL01-PB;;;
710342;08/08/2025;sexta-feira;15:50:00;MG;116;624,6;ORIZANIA;Transitar na contram�o;Colis�o frontal;Com V�timas Feridas;Pleno dia;Crescente;C�u Claro;Simples;Curva;N�o;4;0;3;1;0;0;4;2;-20,543808;-42,208251;SPRF-MG;DEL07-MG;UOP02-DEL07-MG;;;
710343;25/07/2025;sexta-feira;18:30:00;MA;230;2,4;BARAO DE GRAJAU;Transitar na contram�o;Colis�o frontal;Com V�timas Feridas;Plena Noite;Crescente;C�u Claro;Simples;Reta;Sim;2;0;0;1;0;1;1;2;-6,75352;-43,028175;SPRF-PI;DEL03-PI;UOP01-DEL03-PI;;;
710344;08/08/2025;sexta-feira;14:45:00;MG;116;693;MURIAE;Condutor deixou de manter dist�ncia do ve�culo da frente;Colis�o lateral mesmo sentido;Com V�timas Feridas;Pleno dia;Decrescente;C�u Claro;Simples;Reta;N�o;2;0;1;0;1;0;1;2;-21,04665163;-42,36819103;SPRF-MG;DEL07-MG;UOP02-DEL07-MG;;;
710345;08/08/2025;sexta-feira;19:40:00;RS;386;130,1;SARANDI;Ingest�o de �lcool pelo condutor;Colis�o lateral sentido oposto;Sem V�timas;Plena Noite;Crescente;Nublado;Simples;Reta;Sim;3;0;0;0;3;0;0;2;-27,93477;-52,95781;SPRF-RS;DEL08-RS;UOP01-DEL08-RS;;;
710346;08/08/2025;sexta-feira;19:30:00;MG;381;490;BETIM;Condutor deixou de manter dist�ncia do ve�culo da frente;Colis�o lateral mesmo sentido;Com V�timas Feridas;Plena Noite;Crescente;Nublado;M�ltipla;Reta;Sim;3;0;2;0;1;0;2;2;-19,955864;-44,144;SPRF-MG;DEL01-MG;UOP03-DEL01-MG;;;
710347;08/08/2025;sexta-feira;15:30:00;MG;364;8,5;PLANURA;Aus�ncia de rea��o do condutor;Sa�da de leito carro��vel;Com V�timas Feridas;Pleno dia;Decrescente;C�u Claro;Simples;Reta;N�o;1;0;1;0;0;0;1;1;-20,111811;-48,716475;SPRF-MG;DEL13-MG;UOP02-DEL13-MG;;;
710348;08/08/2025;sexta-feira;18:10:00;MG;381;594;CARMOPOLIS DE MINAS;Rea��o tardia ou ineficiente do condutor;Capotamento;Com V�timas Feridas;Anoitecer;Crescente;Nublado;Dupla;Declive;N�o;1;0;1;0;0;0;1;1;-20,5723;-44,6802;SPRF-MG;DEL04-MG;UOP01-DEL04-MG;;;
710349;08/08/2025;sexta-feira;19:03:00;BA;101;263;SANTO ANTONIO DE JESUS;Acessar a via sem observar a presen�a dos outros ve�culos;Colis�o transversal;Com V�timas Feridas;Plena Noite;Crescente;C�u Claro;Simples;"Reta;Interse��o de Vias";Sim;2;0;0;1;1;0;1;2;-12,96311814;-39,27146494;SPRF-BA;DEL01-BA;UOP02-DEL01-BA;;;
710350;14/04/2025;segunda-feira;17:45:00;SC;101;199;SAO JOSE;Aus�ncia de rea��o do condutor;Colis�o lateral mesmo sentido;Com V�timas Feridas;Plena Noite;Decrescente;C�u Claro;M�ltipla;Reta;N�o;3;0;2;0;0;1;2;3;-27,53657394;-48,6268542;SPRF-SC;DEL01-SC;UOP01-DEL01-SC;;;
710352;08/08/2025;sexta-feira;19:30:00;RJ;101;239;SILVA JARDIM;Defici�ncia do Sistema de Ilumina��o/Sinaliza��o;Colis�o traseira;Com V�timas Feridas;Plena Noite;Crescente;Garoa/Chuvisco;Dupla;Reta;N�o;3;0;1;0;2;0;1;3;-22,625844;-42,428894;SPRF-RJ;DEL02-RJ;UOP03-DEL02-RJ;;;
710353;08/08/2025;sexta-feira;20:35:00;BA;242;854;BARREIRAS;Ingest�o de �lcool pelo condutor;Colis�o traseira;Com V�timas Feridas;Plena Noite;Decrescente;C�u Claro;Simples;Reta;N�o;2;0;0;1;1;0;1;2;-12,10813961;-45,29859431;SPRF-BA;DEL10-BA;UOP01-DEL10-BA;;;
710354;08/08/2025;sexta-feira;20:30:00;RS;392;709,9;PORTO XAVIER;Trafegar com motocicleta (ou similar) entre as faixas;Colis�o traseira;Com V�timas Fatais;Plena Noite;Decrescente;C�u Claro;Simples;Reta;N�o;2;1;0;0;1;0;0;2;-27,9924024;-55,1319216;SPRF-RS;DEL10-RS;UOP01-DEL10-RS;;;
710355;19/07/2025;s�bado;22:05:00;RJ;116;184;NOVA IGUACU;Demais falhas mec�nicas ou el�tricas;Inc�ndio;Sem V�timas;Pleno dia;Decrescente;C�u Claro;Dupla;Reta;N�o;1;0;0;0;1;0;0;1;-22,7488366;-43,4429884;SPRF-RJ;DEL06-RJ;UOP01-DEL06-RJ;;;
710356;08/08/2025;sexta-feira;20:10:00;RN;226;2,1;NATAL;Ingest�o de �lcool pelo condutor;Colis�o transversal;Sem V�timas;Plena Noite;Decrescente;C�u Claro;Dupla;Interse��o de Vias;Sim;2;0;0;0;2;0;0;2;-5,81541465;-35,24846435;SPRF-RN;DEL01-RN;UOP02-DEL01-RN;;;
710357;08/08/2025;sexta-feira;16:55:00;GO;0;0;VALPARAISO DE GOIAS;Desrespeitar a prefer�ncia no cruzamento;Colis�o transversal;Sem V�timas;Pleno dia;N�o Informado;C�u Claro;Simples;"Interse��o de Vias;Rotat�ria";Sim;3;0;0;0;2;1;0;2;-16,075189;-47,986112;SPRF-DF;DEL01-DF;UOP01-DEL01-DF;;;
710358;08/08/2025;sexta-feira;20:20:00;BA;116;808;VITORIA DA CONQUISTA;Defici�ncia do Sistema de Ilumina��o/Sinaliza��o;Colis�o traseira;Sem V�timas;Plena Noite;Decrescente;C�u Claro;Simples;Reta;N�o;2;0;0;0;1;1;0;2;-14,7842;-40,7429;SPRF-BA;DEL08-BA;UOP01-DEL08-BA;;;
710359;08/08/2025;sexta-feira;21:30:00;CE;222;244;SOBRAL;Acessar a via sem observar a presen�a dos outros ve�culos;Colis�o transversal;Com V�timas Fatais;Plena Noite;Decrescente;C�u Claro;Simples;"Declive;Reta";Sim;2;1;0;0;1;0;0;2;-3,75240728;-40,51255703;SPRF-CE;DEL04-CE;UOP01-DEL04-CE;;;
710360;08/08/2025;sexta-feira;19:50:00;MS;262;139;AGUA CLARA;Aus�ncia de rea��o do condutor;Sa�da de leito carro��vel;Com V�timas Feridas;Plena Noite;Decrescente;C�u Claro;Simples;Rotat�ria;N�o;1;0;1;0;0;0;1;1;-20,446044;-52,84284;SPRF-MS;DEL07-MS;UOP02-DEL07-MS;;;
710361;08/08/2025;sexta-feira;20:45:00;PB;230;167,4;CAMPINA GRANDE;Ingest�o de �lcool pelo condutor;Sa�da de leito carro��vel;Com V�timas Feridas;Plena Noite;Crescente;C�u Claro;Simples;Curva;N�o;1;0;1;0;0;0;1;1;-7,195669;-35,9609842;SPRF-PB;DEL02-PB;UOP02-DEL02-PB;;;
710362;08/08/2025;sexta-feira;21:20:00;MG;50;174,1;UBERABA;Aus�ncia de rea��o do condutor;Colis�o com objeto;Com V�timas Feridas;Plena Noite;Decrescente;C�u Claro;Dupla;Reta;N�o;1;0;1;0;0;0;1;1;-19,76201789;-47,97732664;SPRF-MG;DEL13-MG;UOP01-DEL13-MG;;;
710363;08/08/2025;sexta-feira;19:40:00;PE;101;78;JABOATAO DOS GUARARAPES;Transitar na contram�o;Colis�o frontal;Com V�timas Feridas;Plena Noite;Decrescente;Chuva;Simples;Reta;Sim;2;0;1;0;1;0;1;2;-8,138577;-34,947095;SPRF-PE;DEL01-PE;UOP01-DEL01-PE;;;
710364;08/08/2025;sexta-feira;20:15:00;SP;116;223;GUARULHOS;Trafegar com motocicleta (ou similar) entre as faixas;Colis�o lateral mesmo sentido;Com V�timas Feridas;Plena Noite;Decrescente;C�u Claro;M�ltipla;Reta;Sim;2;0;1;0;1;0;1;2;-23,48017748;-46,53161494;SPRF-SP;DEL01-SP;UOP01-DEL01-SP;;;
710366;08/08/2025;sexta-feira;21:30:00;PR;277;82;CURITIBA;Rea��o tardia ou ineficiente do condutor;Colis�o lateral mesmo sentido;Com V�timas Feridas;Plena Noite;Decrescente;C�u Claro;Dupla;Reta;Sim;3;0;1;0;1;1;1;2;-25,45807009;-49,22233075;SPRF-PR;DEL01-PR;UOP03-DEL01-PR;;;
710367;08/08/2025;sexta-feira;21:30:00;ES;259;53,6;COLATINA;Aus�ncia de rea��o do condutor;Colis�o frontal;Com V�timas Feridas;Plena Noite;Crescente;C�u Claro;Simples;"Curva;Declive";N�o;2;0;2;0;0;0;2;2;-19,50493944;-40,654507;SPRF-ES;DEL02-ES;UOP01-DEL02-ES;;;
710368;08/08/2025;sexta-feira;21:40:00;MS;163;471;CAMPO GRANDE;Condutor deixou de manter dist�ncia do ve�culo da frente;Colis�o lateral mesmo sentido;Com V�timas Feridas;Plena Noite;Decrescente;C�u Claro;Simples;Reta;N�o;2;0;0;1;0;1;1;2;-20,54006;-54,5618837;SPRF-MS;DEL01-MS;UOP01-DEL01-MS;;;
710370;08/08/2025;sexta-feira;22:20:00;MG;365;675,7;MONTE ALEGRE DE MINAS;Aus�ncia de rea��o do condutor;Sa�da de leito carro��vel;Sem V�timas;Plena Noite;Decrescente;C�u Claro;Dupla;Reta;N�o;1;0;0;0;1;0;0;1;-18,854749;-48,778106;SPRF-MG;DEL15-MG;UOP01-DEL15-MG;;;
710371;08/08/2025;sexta-feira;20:30:00;SP;116;147,8;SAO JOSE DOS CAMPOS;Condutor deixou de manter dist�ncia do ve�culo da frente;Colis�o traseira;Com V�timas Feridas;Plena Noite;Decrescente;Nublado;M�ltipla;Reta;Sim;2;0;1;0;1;0;1;2;-23,19666127;-45,87356914;SPRF-SP;DEL02-SP;UOP01-DEL02-SP;;;
710372;08/08/2025;sexta-feira;23:00:00;ES;101;147,2;LINHARES;Condutor desrespeitou a ilumina��o vermelha do sem�foro;Colis�o transversal;Com V�timas Feridas;Plena Noite;Decrescente;Nublado;M�ltipla;Interse��o de Vias;Sim;2;0;1;0;1;0;1;2;-19,4005446;-40,06370544;SPRF-ES;DEL04-ES;UOP01-DEL04-ES;;;
710373;08/08/2025;sexta-feira;20:06:00;MT;174;379;CONQUISTA DOESTE;Condutor deixou de manter dist�ncia do ve�culo da frente;Colis�o traseira;Com V�timas Feridas;Plena Noite;Crescente;C�u Claro;Simples;Reta;N�o;4;0;1;2;0;1;3;2;-14,57518331;-59,53146458;SPRF-MT;DEL04-MT;UOP01-DEL04-MT;;;
710374;08/08/2025;sexta-feira;23:15:00;SC;101;218,2;PALHOCA;Desrespeitar a prefer�ncia no cruzamento;Colis�o transversal;Com V�timas Feridas;Plena Noite;Decrescente;Garoa/Chuvisco;Simples;Interse��o de Vias;Sim;1;0;1;0;0;0;1;1;-27,67818338;-48,66922824;SPRF-SC;DEL01-SC;UOP02-DEL01-SC;;;
710376;09/08/2025;s�bado;00:02:00;PE;428;188;PETROLINA;Velocidade Incompat�vel;Sa�da de leito carro��vel;Com V�timas Feridas;Plena Noite;Decrescente;C�u Claro;M�ltipla;Rotat�ria;Sim;1;0;1;0;0;0;1;1;-9,375237;-40,488013;SPRF-PE;DEL06-PE;UOP01-DEL06-PE;;;
710378;08/08/2025;sexta-feira;23:30:00;SC;280;133;RIO NEGRINHO;Desrespeitar a prefer�ncia no cruzamento;Colis�o transversal;Sem V�timas;Plena Noite;Crescente;C�u Claro;Simples;"Rotat�ria;Declive";Sim;4;0;0;0;4;0;0;2;-26,267945;-49,554197;SPRF-SC;DEL06-SC;UOP03-DEL06-SC;;;
710379;09/08/2025;s�bado;00:50:00;RS;116;260;CANOAS;Condutor deixou de manter dist�ncia do ve�culo da frente;Colis�o traseira;Sem V�timas;Plena Noite;Crescente;Chuva;Dupla;Retorno Regulamentado;N�o;2;0;0;0;2;0;0;2;-29,872328;-51,17843;SPRF-RS;DEL01-RS;UOP01-DEL01-RS;;;
710380;08/08/2025;sexta-feira;23:00:00;RS;285;492,9;ENTRE-IJUIS;Aus�ncia de rea��o do condutor;Sa�da de leito carro��vel;Com V�timas Feridas;Plena Noite;Crescente;C�u Claro;Simples;Reta;N�o;1;0;0;1;0;0;1;1;-28,375056;-54,229739;SPRF-RS;DEL10-RS;UOP01-DEL10-RS;;;
710382;09/08/2025;s�bado;00:30:00;RN;427;27,2;ACARI;Aus�ncia de sinaliza��o;Colis�o com objeto;Com V�timas Feridas;Plena Noite;Crescente;C�u Claro;Simples;"Reta;Desvio Tempor�rio";Sim;1;0;0;1;0;0;1;1;-6,435195;-36,63947;SPRF-RN;DEL03-RN;UOP01-DEL03-RN;;;
710388;09/08/2025;s�bado;03:30:00;SC;280;50,2;GUARAMIRIM;Ingest�o de �lcool pelo condutor;Colis�o com objeto;Com V�timas Feridas;Plena Noite;Decrescente;Nublado;Dupla;Curva;N�o;1;0;1;0;0;0;1;1;-26,4624726;-48,9480794;SPRF-SC;DEL03-SC;UOP03-DEL03-SC;;;
710389;09/08/2025;s�bado;03:35:00;CE;20;204;BOA VIAGEM;Acessar a via sem observar a presen�a dos outros ve�culos;Colis�o transversal;Com V�timas Feridas;Plena Noite;Crescente;C�u Claro;Simples;Reta;Sim;2;0;0;1;1;0;1;2;-5,117658;-39,727662;SPRF-CE;DEL02-CE;UOP02-DEL02-CE;;;
710390;09/08/2025;s�bado;03:30:00;RS;158;327;SANTA MARIA;Aus�ncia de rea��o do condutor;Sa�da de leito carro��vel;Sem V�timas;Plena Noite;Decrescente;Nublado;Dupla;Reta;Sim;1;0;0;0;0;1;0;1;-29,71042057;-53,82131326;SPRF-RS;DEL09-RS;UOP01-DEL09-RS;;;
710391;09/08/2025;s�bado;00:38:00;SC;101;144,9;ITAPEMA;Manobra de mudan�a de faixa;Colis�o lateral mesmo sentido;Com V�timas Fatais;Plena Noite;Decrescente;Nublado;Dupla;Reta;Sim;4;1;1;0;1;1;1;3;-27,07948443;-48,60014677;SPRF-SC;DEL04-SC;UOP03-DEL04-SC;;;
710392;09/08/2025;s�bado;00:40:00;SC;101;101;ITAPEMA;Rea��o tardia ou ineficiente do condutor;Capotamento;Com V�timas Feridas;Plena Noite;Decrescente;Nublado;Dupla;Reta;Sim;2;0;1;1;0;0;2;1;-27,07869155;-48,59913826;SPRF-SC;DEL03-SC;UOP02-DEL03-SC;;;
710393;09/08/2025;s�bado;03:50:00;PB;230;332,5;JOAO PESSOA;Animais na Pista;Atropelamento de Animal;Sem V�timas;Plena Noite;Decrescente;C�u Claro;Simples;Reta;Sim;1;0;0;0;1;0;0;1;-7,1663616;-34,8749824;SPRF-PB;DEL03-PB;UOP01-DEL03-PB;;;
710395;09/08/2025;s�bado;03:34:00;MG;262;875,7;CAMPO FLORIDO;Pedestre - Ingest�o de �lcool/ subst�ncias psicoativas;Atropelamento de Pedestre;Com V�timas Feridas;Plena Noite;Crescente;C�u Claro;Simples;"Aclive;Reta";N�o;3;0;0;1;0;2;1;2;-19,77292298;-48,56929064;SPRF-MG;DEL13-MG;UOP01-DEL13-MG;;;
710396;09/08/2025;s�bado;02:30:00;MG;365;164;PIRAPORA;Aus�ncia de rea��o do condutor;Sa�da de leito carro��vel;Com V�timas Feridas;Plena Noite;Decrescente;C�u Claro;Simples;Reta;N�o;1;0;0;1;0;0;1;1;-17,36583535;-44,94321271;SPRF-MG;DEL10-MG;UOP02-DEL010-MG;;;
710398;09/08/2025;s�bado;04:20:00;SC;470;108;APIUNA;Condutor Dormindo;Colis�o lateral sentido oposto;Com V�timas Feridas;Plena Noite;Decrescente;C�u Claro;Simples;Reta;N�o;3;0;1;1;1;0;2;2;-27,08309962;-49,44446895;SPRF-SC;DEL04-SC;UOP02-DEL04-SC;;;
710400;09/08/2025;s�bado;05:00:00;MT;70;5;BARRA DO GARCAS;Velocidade Incompat�vel;Colis�o com objeto;Com V�timas Feridas;Plena Noite;Crescente;C�u Claro;Dupla;Reta;N�o;4;0;4;0;0;0;4;1;-15,87789709;-52,29598618;SPRF-MT;DEL07-MT;UOP01-DEL07-MT;;;
710403;09/08/2025;s�bado;02:32:00;PR;369;144;LONDRINA;Rea��o tardia ou ineficiente do condutor;Colis�o com objeto;Com V�timas Fatais;Plena Noite;Decrescente;C�u Claro;Dupla;"Reta;Declive";N�o;11;1;6;2;2;0;8;5;-23,293172;-51,102946;SPRF-PR;DEL07-PR;UOP01-DEL07-PR;;;
710405;09/08/2025;s�bado;05:15:00;SC;101;199;SAO JOSE;Condutor Dormindo;Sa�da de leito carro��vel;Sem V�timas;Amanhecer;Crescente;C�u Claro;Dupla;Reta;N�o;1;0;0;0;1;0;0;1;-27,53623503;-48,62779498;SPRF-SC;DEL01-SC;UOP01-DEL01-SC;;;
710407;09/08/2025;s�bado;04:20:00;PI;343;271;CAMPO MAIOR;Transitar na contram�o;Colis�o frontal;Com V�timas Feridas;Plena Noite;Decrescente;C�u Claro;Simples;Curva;N�o;2;0;0;1;1;0;1;2;-4,849664;-42,1855232;SPRF-PI;DEL01-PI;UOP03-DEL01-PI;;;
710409;09/08/2025;s�bado;04:00:00;RJ;40;108;DUQUE DE CAXIAS;Ingest�o de �lcool pelo condutor;Colis�o com objeto;Sem V�timas;Plena Noite;Crescente;Nublado;M�ltipla;"Curva;Declive";Sim;1;0;0;0;0;1;0;1;-22,674357;-43,286363;SPRF-RJ;DEL01-RJ;UOP02-DEL01-RJ;;;
710410;09/08/2025;s�bado;03:00:00;PE;407;126;PETROLINA;Velocidade Incompat�vel;Colis�o com objeto;Sem V�timas;Plena Noite;Decrescente;C�u Claro;Simples;Interse��o de Vias;Sim;1;0;0;0;0;1;0;1;-9,38679;-40,52601;SPRF-PE;DEL06-PE;UOP01-DEL06-PE;;;
710412;09/08/2025;s�bado;05:00:00;RS;116;253;SAPUCAIA DO SUL;Aus�ncia de rea��o do condutor;Colis�o com objeto;Sem V�timas;Amanhecer;Crescente;Garoa/Chuvisco;Dupla;Viaduto;Sim;1;0;0;0;0;1;0;1;-29,81714731;-51,1701107;SPRF-RS;DEL01-RS;UOP02-DEL01-RS;;;
710413;09/08/2025;s�bado;06:30:00;SC;101;211;PALHOCA;Condutor Dormindo;Colis�o com objeto;Com V�timas Feridas;Amanhecer;Decrescente;C�u Claro;Simples;Reta;N�o;1;0;0;1;0;0;1;1;-27,62365743;-48,65228891;SPRF-SC;DEL01-SC;UOP02-DEL01-SC;;;
710414;09/08/2025;s�bado;00:20:00;SC;101;420,5;ARARANGUA;Ingest�o de �lcool pelo condutor;Sa�da de leito carro��vel;Sem V�timas;Plena Noite;Decrescente;Ignorado;Simples;Reta;Sim;1;0;0;0;1;0;0;1;-28,998;-49,556;SPRF-SC;DEL02-SC;UOP02-DEL02-SC;;;
710416;09/08/2025;s�bado;06:30:00;PR;376;180;MARINGA;Rea��o tardia ou ineficiente do condutor;Colis�o com objeto;Sem V�timas;Pleno dia;Decrescente;C�u Claro;Dupla;Reta;N�o;1;0;0;0;1;0;0;1;-23,42342342;-51,89846013;SPRF-PR;DEL09-PR;UOP01-DEL09-PR;;;
710417;09/08/2025;s�bado;06:35:00;RS;101;0,2;TORRES;Ingest�o de �lcool pelo condutor;Colis�o com objeto;Com V�timas Feridas;Pleno dia;Decrescente;C�u Claro;Simples;Curva;N�o;1;0;1;0;0;0;1;1;-29,30041599;-49,77036493;SPRF-RS;DEL03-RS;UOP02-DEL03-RS;;;
710419;09/08/2025;s�bado;05:00:00;MG;354;729,8;POUSO ALTO;Aus�ncia de rea��o do condutor;Sa�da de leito carro��vel;Com V�timas Feridas;Plena Noite;Decrescente;C�u Claro;Simples;"Reta;Declive";N�o;1;0;1;0;0;0;1;1;-22,15753568;-44,96393681;SPRF-MG;DEL17-MG;UOP01-DEL17-MG;;;
710420;09/08/2025;s�bado;05:30:00;PR;277;666;MEDIANEIRA;Neblina;Colis�o traseira;Com V�timas Feridas;Plena Noite;Crescente;Nevoeiro/Neblina;Dupla;"Reta;Aclive";N�o;3;0;0;1;2;0;1;3;-25,2616;-54,0473;SPRF-PR;DEL05-PR;UOP02-DEL05-PR;;;
710422;09/08/2025;s�bado;06:00:00;PR;369;131,9;IBIPORA;Aus�ncia de rea��o do condutor;Colis�o com objeto;Com V�timas Fatais;Amanhecer;Decrescente;C�u Claro;Dupla;Curva;Sim;1;1;0;0;0;0;0;1;-23,26014883;-50,99955289;SPRF-PR;DEL07-PR;UOP01-DEL07-PR;;;
710423;09/08/2025;s�bado;06:30:00;PR;116;12,5;COLOMBO;Acessar a via sem observar a presen�a dos outros ve�culos;Colis�o lateral mesmo sentido;Com V�timas Feridas;Amanhecer;Crescente;C�u Claro;Dupla;"Reta;Declive;Interse��o de Vias";Sim;2;0;1;0;0;1;1;2;-25,37704687;-49,15349722;SPRF-PR;DEL01-PR;UOP02-DEL01-PR;;;
710424;09/08/2025;s�bado;07:05:00;ES;101;171,7;ARACRUZ;Trafegar com motocicleta (ou similar) entre as faixas;Colis�o com objeto;Com V�timas Feridas;Pleno dia;Decrescente;C�u Claro;M�ltipla;Reta;N�o;1;0;1;0;0;0;1;1;-19,56313305;-40,1774384;SPRF-ES;DEL04-ES;UOP01-DEL04-ES;;;
710426;09/08/2025;s�bado;04:00:00;MG;356;281,8;EUGENOPOLIS;Ingest�o de �lcool pelo condutor;Sa�da de leito carro��vel;Com V�timas Feridas;Plena Noite;Crescente;C�u Claro;Simples;Curva;N�o;5;0;4;0;0;1;4;2;-21,12587606;-42,23312773;SPRF-MG;DEL07-MG;UOP02-DEL07-MG;;;
710428;09/08/2025;s�bado;07:50:00;GO;60;40;ALEXANIA;Demais falhas mec�nicas ou el�tricas;Queda de ocupante de ve�culo;Com V�timas Feridas;Pleno dia;Crescente;C�u Claro;Dupla;"Reta;Retorno Regulamentado";N�o;1;0;0;1;0;0;1;1;-16,110274;-48,570216;SPRF-DF;DEL03-DF;UOP01-DEL03-DF;;;
710429;09/08/2025;s�bado;07:45:00;MG;40;573,1;ITABIRITO;Rea��o tardia ou ineficiente do condutor;Tombamento;Com V�timas Feridas;Amanhecer;Crescente;C�u Claro;Dupla;"Declive;Reta";N�o;1;0;1;0;0;0;1;1;-20,25445791;-43,96174598;SPRF-MG;DEL01-MG;UOP02-DEL01-MG;;;
710430;09/08/2025;s�bado;08:15:00;BA;324;623;SALVADOR;Demais falhas mec�nicas ou el�tricas;Queda de ocupante de ve�culo;Com V�timas Feridas;Pleno dia;Crescente;C�u Claro;M�ltipla;Reta;Sim;2;0;2;0;0;0;2;1;-12,94392095;-38,47024536;SPRF-BA;DEL01-BA;UOP01-DEL01-BA;;;