id;data_inversa;dia_semana;horario;uf;br;km;municipio;causa_acidente;tipo_acidente;classificacao_acidente;fase_dia;sentido_via;condicao_metereologica;tipo_pista;tracado_via;uso_solo;pessoas;mortos;feridos_leves;feridos_graves;ilesos;ignorados;feridos;veiculos;latitude;longitude;regional;delegacia;uop;;;
710433;28/06/2025;s�bado;19:43:00;PE;232;79,5;GRAVATA;Transitar na contram�o;Colis�o frontal;Com V�timas Feridas;Plena Noite;Decrescente;C�u Claro;Simples;Reta;N�o;2;0;1;0;1;0;1;2;-8,1956;-35,564947;SPRF-PE;DEL02-PE;UOP02-DEL02PE;;;
710434;09/08/2025;s�bado;07:15:00;RN;304;90,7;ACU;Demais falhas mec�nicas ou el�tricas;Sa�da de leito carro��vel;Com V�timas Feridas;Pleno dia;Crescente;Nublado;Simples;Reta;N�o;1;0;1;0;0;0;1;1;-5,533538;-37,09512;SPRF-RN;DEL04-RN;UOP01-DEL04-RN;;;
710435;09/08/2025;s�bado;08:40:00;BA;324;516;FEIRA DE SANTANA;Convers�o proibida;Colis�o transversal;Com V�timas Feridas;Pleno dia;Crescente;C�u Claro;Simples;Reta;Sim;3;0;2;0;1;0;2;2;-12,25528;-38,9325;SPRF-BA;DEL02-BA;UOP01-DEL02-BA;;;
710437;09/08/2025;s�bado;07:40:00;BA;367;78;ITAPEBI;Rea��o tardia ou ineficiente do condutor;Colis�o traseira;Com V�timas Feridas;Pleno dia;Decrescente;C�u Claro;Simples;Curva;N�o;2;0;1;0;1;0;1;2;-16;-39,52747;SPRF-BA;DEL09-BA;UOP03-DEL09-BA;;;
710439;27/03/2025;quinta-feira;22:10:00;CE;222;218,5;SOBRAL;Acesso irregular;Colis�o transversal;Com V�timas Feridas;Plena Noite;Decrescente;C�u Claro;Simples;Aclive;N�o;5;0;3;0;2;0;3;2;-3,7189311;-40,3323169;SPRF-CE;DEL04-CE;UOP01-DEL04-CE;;;
710440;09/08/2025;s�bado;20:35:00;SP;116;182;SANTA ISABEL;Rea��o tardia ou ineficiente do condutor;Sa�da de leito carro��vel;Com V�timas Feridas;Plena Noite;Crescente;C�u Claro;Dupla;Reta;N�o;3;0;1;0;2;0;1;1;-23,343743;-46,16027;SPRF-SP;DEL01-SP;UOP01-DEL01-SP;;;
710441;09/08/2025;s�bado;07:30:00;MS;163;243;DOURADOS;Rea��o tardia ou ineficiente do condutor;Colis�o com objeto;Com V�timas Feridas;Amanhecer;Decrescente;C�u Claro;Simples;"Em Obras;Rotat�ria";N�o;2;0;2;0;0;0;2;1;-22,36299551;-54,80040974;SPRF-MS;DEL04-MS;UOP02-DEL04-MS;;;
710446;09/08/2025;s�bado;10:00:00;SC;470;50;BLUMENAU;Acessar a via sem observar a presen�a dos outros ve�culos;Colis�o traseira;Com V�timas Feridas;Pleno dia;Decrescente;C�u Claro;Dupla;Curva;Sim;3;0;1;0;1;1;1;3;-26,85979671;-49,07403946;SPRF-SC;DEL04-SC;UOP01-DEL04-SC;;;
710447;09/08/2025;s�bado;09:25:00;PR;476;192,8;LAPA;Aus�ncia de rea��o do condutor;Tombamento;Com V�timas Feridas;Pleno dia;Decrescente;C�u Claro;Simples;"Aclive;Curva";N�o;1;0;1;0;0;0;1;1;-25,730553;-49,708667;SPRF-PR;DEL01-PR;UOP06-DEL01-PR;;;
710449;09/08/2025;s�bado;10:00:00;RS;386;433;NOVA SANTA RITA;Acessar a via sem observar a presen�a dos outros ve�culos;Colis�o traseira;Sem V�timas;Pleno dia;Decrescente;C�u Claro;Dupla;"Reta;Declive";N�o;2;0;0;0;2;0;0;2;-29,84224109;-51,2881735;SPRF-RS;DEL04-RS;UOP02-DEL04-RS;;;
710451;09/08/2025;s�bado;09:22:00;SC;282;215;LAGES;Aus�ncia de rea��o do condutor;Sa�da de leito carro��vel;Sem V�timas;Pleno dia;Crescente;C�u Claro;Simples;Reta;N�o;1;0;0;0;0;1;0;1;-27,79293048;-50,28078675;SPRF-SC;DEL05-SC;UOP01-DEL05-SC;;;
710452;09/08/2025;s�bado;10:30:00;ES;101;261;SERRA;Ultrapassagem Indevida;Colis�o traseira;Com V�timas Feridas;Pleno dia;Decrescente;C�u Claro;Simples;"Curva;Aclive";Sim;2;0;1;0;0;1;1;2;-20,16099306;-40,27539975;SPRF-ES;DEL02-ES;UOP01-DEL02-ES;;;
710453;09/08/2025;s�bado;10:25:00;GO;153;106;SANTA TEREZA DE GOIAS;Desrespeitar a prefer�ncia no cruzamento;Colis�o transversal;Com V�timas Feridas;Pleno dia;Decrescente;C�u Claro;Simples;"Reta;Interse��o de Vias";N�o;3;0;1;0;2;0;1;2;-13,71537193;-49,02116776;SPRF-GO;DEL07-GO;UOP01-DEL07-GO;;;
710454;09/08/2025;s�bado;10:15:00;RJ;101;319;SAO GONCALO;Aus�ncia de rea��o do condutor;Colis�o traseira;Sem V�timas;Pleno dia;Crescente;Nublado;Dupla;Reta;Sim;2;0;0;0;2;0;0;2;-22,85474286;-43,10249805;SPRF-RJ;DEL02-RJ;UOP02-DEL02-RJ;;;
710457;09/08/2025;s�bado;09:00:00;MG;267;89;JUIZ DE FORA;Desrespeitar a prefer�ncia no cruzamento;Colis�o transversal;Com V�timas Feridas;Pleno dia;Decrescente;C�u Claro;Simples;Curva;Sim;2;0;0;1;1;0;1;2;-21,76934421;-43,28905106;SPRF-MG;DEL05-MG;UOP01-DEL05-MG;;;
710460;09/08/2025;s�bado;11:20:00;RS;153;49;ERECHIM;Convers�o proibida;Colis�o transversal;Com V�timas Feridas;Pleno dia;Decrescente;C�u Claro;Simples;Reta;Sim;2;0;1;0;1;0;1;2;-27,652916;-52,2598278;SPRF-RS;DEL08-RS;UOP04-DEL08-RS;;;
710462;09/08/2025;s�bado;10:40:00;RN;101;79;NATAL;Rea��o tardia ou ineficiente do condutor;Queda de ocupante de ve�culo;Com V�timas Feridas;Pleno dia;Decrescente;Sol;Dupla;Reta;Sim;1;0;1;0;0;0;1;1;-5,753347;-35,288758;SPRF-RN;DEL02-RN;UOP01-DEL02-RN;;;
710464;26/07/2025;s�bado;18:50:00;PI;230;300;FLORIANO;Acumulo de areia ou detritos sobre o pavimento;Colis�o com objeto;Com V�timas Feridas;Plena Noite;Crescente;C�u Claro;Simples;"Reta;Rotat�ria";N�o;2;0;1;0;0;1;1;2;-6,81490003;-42,9405539;SPRF-PI;DEL03-PI;UOP01-DEL03-PI;;;
710466;09/08/2025;s�bado;12:05:00;MG;365;600;UBERLANDIA;Aus�ncia de rea��o do condutor;Sa�da de leito carro��vel;Com V�timas Feridas;Pleno dia;Decrescente;C�u Claro;Simples;"Reta;Aclive";N�o;2;0;0;1;0;1;1;2;-18,883619;-48,1049379;SPRF-MG;DEL15-MG;UOP01-DEL15-MG;;;
710467;09/08/2025;s�bado;11:41:00;PR;376;166;MARINGA;Manobra de mudan�a de faixa;Colis�o lateral mesmo sentido;Com V�timas Feridas;Pleno dia;Decrescente;C�u Claro;Dupla;Reta;Sim;3;0;1;0;2;0;1;2;-23,3845892;-52,0314435;SPRF-PR;DEL09-PR;UOP01-DEL09-PR;;;
710468;09/08/2025;s�bado;11:30:00;SP;381;88,6;GUARULHOS;Aus�ncia de rea��o do condutor;Colis�o lateral mesmo sentido;Com V�timas Feridas;Pleno dia;Crescente;C�u Claro;Dupla;Reta;Sim;2;0;1;0;1;0;1;2;-23,48390696;-46,55990336;SPRF-SP;DEL03-SP;UOP01-DEL03-SP;;;
710469;09/08/2025;s�bado;10:44:00;ES;262;139,2;MUNIZ FREIRE;Acessar a via sem observar a presen�a dos outros ve�culos;Colis�o transversal;Sem V�timas;Pleno dia;Decrescente;Nublado;Simples;Curva;N�o;2;0;0;0;1;1;0;2;-20,23245202;-41,36233139;SPRF-ES;DEL01-ES;UOP02-DEL01-ES;;;
710470;09/08/2025;s�bado;10:10:00;SC;280;153;MAFRA;Convers�o proibida;Colis�o transversal;Com V�timas Feridas;Pleno dia;Decrescente;C�u Claro;Simples;Reta;N�o;4;0;2;0;2;0;2;2;-26,23740954;-49,68285497;SPRF-SC;DEL06-SC;UOP03-DEL06-SC;;;
710471;09/08/2025;s�bado;11:45:00;PR;376;199,5;MARIALVA;Velocidade Incompat�vel;Colis�o lateral mesmo sentido;Com V�timas Feridas;Pleno dia;Decrescente;C�u Claro;Dupla;Reta;N�o;2;0;0;1;1;0;1;2;-23,50290946;-51,75210563;SPRF-PR;DEL09-PR;UOP01-DEL09-PR;;;
710472;09/08/2025;s�bado;11:50:00;PR;376;490;PONTA GROSSA;Condutor deixou de manter dist�ncia do ve�culo da frente;Engavetamento;Com V�timas Feridas;Pleno dia;Decrescente;Sol;Dupla;"Aclive;Reta";Sim;6;0;2;0;4;0;2;4;-25,104268;-50,195475;SPRF-PR;DEL03-PR;UOP04-DEL03-PR;;;
710476;09/08/2025;s�bado;12:40:00;ES;101;257;SERRA;Manobra de mudan�a de faixa;Colis�o lateral mesmo sentido;Com V�timas Feridas;Pleno dia;Decrescente;C�u Claro;Dupla;Reta;N�o;2;0;0;1;1;0;1;2;-20,13130033;-40,29531777;SPRF-ES;DEL02-ES;UOP01-DEL02-ES;;;
710477;09/08/2025;s�bado;09:10:00;BA;101;262;SANTO ANTONIO DE JESUS;Condutor deixou de manter dist�ncia do ve�culo da frente;Colis�o traseira;Com V�timas Feridas;Pleno dia;Crescente;C�u Claro;Simples;Reta;Sim;4;0;1;0;3;0;1;4;-12,96944249;-39,27405149;SPRF-BA;DEL01-BA;UOP02-DEL01-BA;;;
710478;09/08/2025;s�bado;13:15:00;SC;101;146;ITAPEMA;Demais falhas mec�nicas ou el�tricas;Inc�ndio;Sem V�timas;Pleno dia;Crescente;Nublado;Dupla;Reta;Sim;1;0;0;0;1;0;0;1;-27,085047;-48,606805;SPRF-SC;DEL04-SC;UOP03-DEL04-SC;;;
710479;16/07/2025;quarta-feira;08:20:00;RJ;393;177;PARAIBA DO SUL;Acessar a via sem observar a presen�a dos outros ve�culos;Colis�o transversal;Com V�timas Feridas;Pleno dia;Crescente;Sol;Simples;"Reta;Declive";Sim;2;0;0;1;1;0;1;2;-22,13509466;-43,24983783;SPRF-RJ;DEL05-RJ;UOP03-DEL05-RJ;;;
710482;09/08/2025;s�bado;13:00:00;RJ;40;32;AREAL;Avarias e/ou desgaste excessivo no pneu;Queda de ocupante de ve�culo;Com V�timas Feridas;Pleno dia;Crescente;C�u Claro;Simples;Curva;N�o;2;0;2;0;0;0;2;1;-22,201273;-43,150354;SPRF-RJ;DEL05-RJ;UOP02-DEL05-RJ;;;
710484;09/08/2025;s�bado;13:20:00;GO;414;410;ABADIANIA;Acessar a via sem observar a presen�a dos outros ve�culos;Colis�o transversal;Com V�timas Feridas;Pleno dia;Crescente;C�u Claro;Simples;Reta;Sim;3;0;0;1;1;1;1;3;-16,0562339;-48,8539652;SPRF-GO;DEL02-GO;UOP01-DEL02-GO;;;
710485;09/08/2025;s�bado;12:22:00;RS;116;263;SAO LOURENCO DO SUL;Condutor Dormindo;Sa�da de leito carro��vel;Com V�timas Feridas;Pleno dia;Crescente;Sol;Dupla;Reta;N�o;5;0;5;0;0;0;5;1;-31,304717;-52,015491;SPRF-RS;DEL01-RS;UOP01-DEL01-RS;;;
710486;09/08/2025;s�bado;13:45:00;MG;365;130;VARZEA DA PALMA;Acessar a via sem observar a presen�a dos outros ve�culos;Colis�o transversal;Com V�timas Feridas;Pleno dia;Crescente;Sol;Simples;"Reta;Rotat�ria;Interse��o de Vias";N�o;7;0;5;0;2;0;5;2;-17,18272292;-44,81320668;SPRF-MG;DEL12-MG;UOP01-DEL12-MG;;;
710490;09/08/2025;s�bado;14:20:00;MG;40;468;SETE LAGOAS;Afundamento ou ondula��o no pavimento;Tombamento;Com V�timas Feridas;Pleno dia;Crescente;C�u Claro;Dupla;Reta;N�o;1;0;1;0;0;0;1;1;-19,46245951;-44,29816816;SPRF-MG;DEL02-MG;UOP01-DEL02-MG;;;
710491;09/08/2025;s�bado;13:45:00;SC;101;230,8;PALHOCA;Condutor Dormindo;Capotamento;Com V�timas Feridas;Pleno dia;Crescente;Chuva;Dupla;"Reta;Aclive";N�o;2;0;1;1;0;0;2;1;-27,77481898;-48,63428291;SPRF-SC;DEL01-SC;UOP02-DEL01-SC;;;
710495;09/08/2025;s�bado;14:00:00;MG;40;514,1;RIBEIRAO DAS NEVES;Transitar no Acostamento;Colis�o transversal;Com V�timas Feridas;Pleno dia;Decrescente;C�u Claro;Dupla;Reta;Sim;2;0;1;0;1;0;1;2;-19,803007;-44,098661;SPRF-MG;DEL01-MG;UOP02-DEL01-MG;;;
710496;09/08/2025;s�bado;11:00:00;RJ;356;102;CARDOSO MOREIRA;Demais falhas na via;Sa�da de leito carro��vel;Com V�timas Feridas;Pleno dia;Decrescente;C�u Claro;Simples;Curva;N�o;1;0;1;0;0;0;1;1;-21,53393789;-41,51986297;SPRF-RJ;DEL08-RJ;UOP03-DEL08-RJ;;;
710497;09/08/2025;s�bado;13:55:00;BA;135;171;BARREIRAS;Acessar a via sem observar a presen�a dos outros ve�culos;Colis�o lateral mesmo sentido;Sem V�timas;Pleno dia;Crescente;C�u Claro;Dupla;"Curva;Interse��o de Vias";N�o;5;0;0;0;5;0;0;2;-12,09932;-44,97682;SPRF-BA;DEL10-BA;UOP01-DEL10-BA;;;
710498;09/08/2025;s�bado;13:40:00;SC;101;209;SAO JOSE;Transitar na contram�o;Colis�o transversal;Com V�timas Feridas;Pleno dia;Crescente;Chuva;Dupla;"Reta;Interse��o de Vias";Sim;2;0;0;2;0;0;2;2;-27,6102629;-48,6394267;SPRF-SC;DEL01-SC;UOP01-DEL01-SC;;;
710499;09/08/2025;s�bado;11:20:00;RJ;40;77,9;PETROPOLIS;Acumulo de �gua sobre o pavimento;Colis�o com objeto;Com V�timas Feridas;Pleno dia;Crescente;Chuva;Dupla;"Declive;Curva";N�o;5;0;3;0;2;0;3;1;-22,48525124;-43,22732672;SPRF-RJ;DEL01-RJ;UOP01-DEL01-RJ;;;
710500;09/08/2025;s�bado;14:20:00;PB;230;41;SANTA RITA;Acessar a via sem observar a presen�a dos outros ve�culos;Colis�o lateral mesmo sentido;Com V�timas Feridas;Pleno dia;Crescente;C�u Claro;Dupla;Interse��o de Vias;Sim;3;0;1;0;2;0;1;3;-7,142266;-34,995056;SPRF-PB;DEL01-PB;UOP02-DEL01-PB;;;
710502;09/08/2025;s�bado;12:20:00;PE;232;83;GRAVATA;Aus�ncia de rea��o do condutor;Sa�da de leito carro��vel;Com V�timas Feridas;Pleno dia;Crescente;C�u Claro;Dupla;Curva;Sim;1;0;0;1;0;0;1;1;-8,1861928;-35,4991297;SPRF-PE;DEL02-PE;UOP02-DEL02PE;;;
710503;09/08/2025;s�bado;15:00:00;PE;101;48;ABREU E LIMA;Velocidade Incompat�vel;Colis�o traseira;Com V�timas Feridas;Pleno dia;Crescente;C�u Claro;Dupla;Reta;Sim;4;0;0;1;3;0;1;2;-7,898003;-34,902725;SPRF-PE;DEL01-PE;UOP02-DEL01-PE;;;
710504;09/08/2025;s�bado;14:41:00;TO;10;454;PALMAS;Rea��o tardia ou ineficiente do condutor;Colis�o traseira;Com V�timas Feridas;Pleno dia;Decrescente;C�u Claro;M�ltipla;Reta;N�o;2;0;1;0;1;0;1;2;-10,2181744;-48,30953772;SPRF-TO;DEL01-TO;UOP03-DEL01-TO;;;
710505;09/08/2025;s�bado;14:00:00;PR;376;218,9;JANDAIA DO SUL;Avarias e/ou desgaste excessivo no pneu;Sa�da de leito carro��vel;Sem V�timas;Pleno dia;Crescente;C�u Claro;Simples;Curva;Sim;1;0;0;0;0;1;0;1;-23,598371;-51,624731;SPRF-PR;DEL09-PR;UOP01-DEL09-PR;;;
710506;09/08/2025;s�bado;15:25:00;PE;232;9,3;JABOATAO DOS GUARARAPES;Entrada inopinada do pedestre;Atropelamento de Pedestre;Com V�timas Feridas;Pleno dia;Crescente;C�u Claro;Dupla;Reta;N�o;2;0;0;1;0;1;1;2;-8,07631557;-34,97118092;SPRF-PE;DEL01-PE;UOP01-DEL01-PE;;;
710507;09/08/2025;s�bado;14:30:00;DF;80;3,8;BRASILIA;Condutor Dormindo;Colis�o frontal;Com V�timas Feridas;Pleno dia;Decrescente;Nublado;Simples;"Declive;Reta";N�o;2;0;0;1;1;0;1;2;-15,730501;-48,112652;SPRF-DF;DEL03-DF;UOP02-DEL03-DF;;;
710508;09/08/2025;s�bado;14:55:00;SP;381;38,8;ATIBAIA;Rea��o tardia ou ineficiente do condutor;Queda de ocupante de ve�culo;Com V�timas Feridas;Pleno dia;Crescente;Sol;Dupla;Curva;Sim;1;0;1;0;0;0;1;1;-23,09833562;-46,5714097;SPRF-SP;DEL03-SP;UOP01-DEL03-SP;;;
710509;09/08/2025;s�bado;15:09:00;ES;101;262,1;SERRA;Acessar a via sem observar a presen�a dos outros ve�culos;Colis�o traseira;Com V�timas Feridas;Pleno dia;Decrescente;Sol;Dupla;"Interse��o de Vias;Reta;Aclive";Sim;4;0;1;0;3;0;1;2;-20,15995493;-40,27592182;SPRF-ES;DEL02-ES;UOP01-DEL02-ES;;;
710510;09/08/2025;s�bado;15:00:00;PE;101;70,8;RECIFE;Manobra de mudan�a de faixa;Colis�o lateral mesmo sentido;Com V�timas Feridas;Pleno dia;Crescente;C�u Claro;Dupla;Reta;Sim;3;0;2;0;1;0;2;2;-8,07626;-34,93594;SPRF-PE;DEL01-PE;UOP01-DEL01-PE;;;
710512;09/08/2025;s�bado;15:30:00;MG;40;488;ESMERALDAS;Aus�ncia de rea��o do condutor;Tombamento;Com V�timas Feridas;Pleno dia;Crescente;C�u Claro;Dupla;"Declive;Curva";Sim;2;0;1;0;1;0;1;2;-19,6190534;-44,2082841;SPRF-MG;DEL02-MG;UOP01-DEL02-MG;;;
710513;09/08/2025;s�bado;15:30:00;SC;101;151;ITAPEMA;Aus�ncia de rea��o do condutor;Queda de ocupante de ve�culo;Com V�timas Feridas;Pleno dia;Decrescente;C�u Claro;Dupla;Reta;Sim;1;0;1;0;0;0;1;1;-27,13175056;-48,60985503;SPRF-SC;DEL04-SC;UOP03-DEL04-SC;;;
710515;09/08/2025;s�bado;13:50:00;SC;470;317,6;CAMPOS NOVOS;Acessar a via sem observar a presen�a dos outros ve�culos;Colis�o frontal;Sem V�timas;Pleno dia;Crescente;C�u Claro;Simples;Reta;N�o;2;0;0;0;0;2;0;2;-27,408045;-51,211293;SPRF-SC;DEL07-SC;UOP06-DEL07-SC;;;
710517;09/08/2025;s�bado;14:30:00;MG;381;482,5;BETIM;Condutor deixou de manter dist�ncia do ve�culo da frente;Colis�o traseira;Com V�timas Feridas;Pleno dia;Decrescente;C�u Claro;Dupla;"Reta;Aclive";Sim;3;0;1;0;2;0;1;2;-19,95869124;-44,07550542;SPRF-MG;DEL01-MG;UOP03-DEL01-MG;;;
710519;25/07/2025;sexta-feira;19:40:00;PR;369;146;LONDRINA;Rea��o tardia ou ineficiente do condutor;Colis�o transversal;Com V�timas Feridas;Plena Noite;Decrescente;C�u Claro;Dupla;Reta;N�o;4;0;1;0;0;3;1;3;-23,293207;-51,124644;SPRF-PR;DEL07-PR;UOP01-DEL07-PR;;;
710520;09/08/2025;s�bado;13:45:00;PA;316;97;IGARAPE-ACU;Transitar na contram�o;Colis�o frontal;Com V�timas Fatais;Pleno dia;Decrescente;C�u Claro;Simples;"Reta;Aclive";N�o;2;1;0;0;0;1;0;2;-1,330713;-47,627756;SPRF-PA;DEL01-PA;UOP02-DEL01-PA;;;
710521;09/08/2025;s�bado;12:00:00;MG;262;425,6;SAO GONCALO DO PARA;Velocidade Incompat�vel;Tombamento;Com V�timas Feridas;Pleno dia;Crescente;C�u Claro;Dupla;"Reta;Ponte";N�o;2;0;0;1;1;0;1;1;-19,89418;-44,87508;SPRF-MG;DEL08-MG;UOP03-DEL08-MG;;;
710524;09/08/2025;s�bado;15:15:00;SC;282;19,6;PALHOCA;Velocidade Incompat�vel;Sa�da de leito carro��vel;Sem V�timas;Pleno dia;Decrescente;Nublado;Simples;Reta;N�o;1;0;0;0;0;1;0;1;-27,6822295;-48,7077985;SPRF-SC;DEL01-SC;UOP02-DEL01-SC;;;
710525;09/08/2025;s�bado;15:20:00;SC;101;6;GARUVA;Pista Escorregadia;Queda de ocupante de ve�culo;Com V�timas Feridas;Pleno dia;Crescente;C�u Claro;M�ltipla;Viaduto;N�o;2;0;0;1;1;0;1;1;-26,02754523;-48,86156257;SPRF-SC;DEL03-SC;UOP01-DEL03-SC;;;
710527;09/08/2025;s�bado;17:00:00;PA;308;199;BRAGANCA;Aus�ncia de rea��o do condutor;Colis�o traseira;Com V�timas Feridas;Pleno dia;Decrescente;C�u Claro;Simples;Reta;N�o;2;0;0;1;1;0;1;2;-1,06360644;-46,7966187;SPRF-PA;DEL01-PA;UOP03-DEL01-PA;;;
710528;09/08/2025;s�bado;17:10:00;SC;101;316;PESCARIA BRAVA;Desrespeitar a prefer�ncia no cruzamento;Colis�o transversal;Com V�timas Feridas;Pleno dia;Crescente;Sol;Simples;"Declive;Interse��o de Vias";Sim;2;0;1;0;1;0;1;2;-28,42710635;-48,85179011;SPRF-SC;DEL02-SC;UOP01-DEL02-SC;;;
710529;09/08/2025;s�bado;16:45:00;SP;116;63,8;GUARATINGUETA;Condutor deixou de manter dist�ncia do ve�culo da frente;Colis�o traseira;Com V�timas Feridas;Pleno dia;Decrescente;C�u Claro;Dupla;Curva;N�o;3;0;2;0;1;0;2;2;-22,82659217;-45,20337128;SPRF-SP;DEL08-SP;UOP01-DEL08-SP;;;
710530;09/08/2025;s�bado;16:11:00;RN;405;54;APODI;Aus�ncia de rea��o do condutor;Colis�o traseira;Com V�timas Fatais;Pleno dia;Crescente;C�u Claro;Simples;Reta;N�o;3;1;0;0;1;1;0;3;-5,490568;-37,697255;SPRF-RN;DEL04-RN;UOP02-DEL04-RN;;;
710531;09/08/2025;s�bado;15:30:00;MG;381;494,5;BETIM;Condutor deixou de manter dist�ncia do ve�culo da frente;Engavetamento;Com V�timas Feridas;Pleno dia;Decrescente;C�u Claro;Dupla;Reta;Sim;5;0;1;0;4;0;1;5;-19,969913;-44,181759;SPRF-MG;DEL01-MG;UOP03-DEL01-MG;;;
710532;09/08/2025;s�bado;15:10:00;MT;163;838;SINOP;Ingest�o de �lcool pelo condutor;Colis�o lateral mesmo sentido;Com V�timas Feridas;Pleno dia;Crescente;C�u Claro;Simples;"Rotat�ria;Desvio Tempor�rio";Sim;4;0;1;0;3;0;1;2;-11,82990705;-55,48685789;SPRF-MT;DEL06-MT;UOP02-DEL06-MT;;;
710533;09/08/2025;s�bado;17:20:00;RJ;101;87;CAMPOS DOS GOYTACAZES;Acumulo de �gua sobre o pavimento;Sa�da de leito carro��vel;Com V�timas Feridas;Anoitecer;Crescente;Chuva;Dupla;"Curva;Declive";N�o;4;0;2;0;2;0;2;1;-21,8358721;-41,4205826;SPRF-RJ;DEL08-RJ;UOP02-DEL08-RJ;;;
710534;09/08/2025;s�bado;17:23:00;SC;101;205;SAO JOSE;Aus�ncia de rea��o do condutor;Colis�o com objeto;Com V�timas Feridas;Anoitecer;Crescente;C�u Claro;Simples;Curva;N�o;2;0;2;0;0;0;2;1;-27,584108;-48,616035;SPRF-SC;DEL01-SC;UOP01-DEL01-SC;;;
710535;09/08/2025;s�bado;14:15:00;RS;293;126;PINHEIRO MACHADO;Manobra de mudan�a de faixa;Colis�o frontal;Com V�timas Feridas;Pleno dia;Crescente;C�u Claro;Simples;Reta;Sim;4;0;2;2;0;0;4;2;-31,50648328;-53,56246948;SPRF-RS;DEL11-RS;UOP03-DEL11-RS;;;
710538;17/07/2025;quinta-feira;06:06:00;PA;316;63;CASTANHAL;Aus�ncia de rea��o do condutor;Colis�o traseira;Sem V�timas;Pleno dia;Crescente;C�u Claro;Dupla;"Reta;Interse��o de Vias";Sim;2;0;0;0;1;1;0;2;-1,296743;-47,927365;SPRF-PA;DEL01-PA;UOP01-DEL01-PA;;;
710539;09/08/2025;s�bado;13:00:00;BA;324;437;RIACHAO DO JACUIPE;Mal s�bito do condutor;Colis�o lateral sentido oposto;Com V�timas Feridas;Pleno dia;Decrescente;C�u Claro;Simples;Reta;Sim;3;0;3;0;0;0;3;2;-11,81333603;-39,38371181;SPRF-BA;DEL04-BA;UOP02-DEL04-BA;;;
710540;09/08/2025;s�bado;15:40:00;CE;116;441;BARRO;Acesso irregular;Colis�o transversal;Com V�timas Feridas;Pleno dia;Decrescente;C�u Claro;Simples;"Curva;Interse��o de Vias";N�o;2;0;1;0;1;0;1;2;-7,04609646;-38,78155438;SPRF-CE;DEL05-CE;UOP03-DEL05-CE;;;
710541;09/08/2025;s�bado;12:20:00;MT;70;603;POCONE;Rea��o tardia ou ineficiente do condutor;Queda de ocupante de ve�culo;Com V�timas Feridas;Pleno dia;Crescente;C�u Claro;Simples;"Declive;Reta";N�o;1;0;1;0;0;0;1;1;-15,852489;-56,824159;SPRF-MT;DEL03-MT;UOP02-DEL03-MT;;;
710542;09/08/2025;s�bado;17:22:00;RS;285;293;PASSO FUNDO;Aus�ncia de rea��o do condutor;Colis�o transversal;Com V�timas Feridas;Pleno dia;Crescente;Nublado;Dupla;Interse��o de Vias;Sim;5;0;2;0;3;0;2;2;-28,23685562;-52,37469546;SPRF-RS;DEL08-RS;UOP03-DEL08-RS;;;
710543;09/08/2025;s�bado;16:02:00;PR;376;177,1;MARINGA;Manobra de mudan�a de faixa;Colis�o lateral mesmo sentido;Com V�timas Feridas;Pleno dia;Crescente;C�u Claro;Dupla;Reta;Sim;3;0;2;0;1;0;2;2;-23,41327488;-51,93092315;SPRF-PR;DEL09-PR;UOP01-DEL09-PR;;;
710544;09/08/2025;s�bado;11:03:00;AL;101;29,1;JOAQUIM GOMES;Chuva;Colis�o frontal;Sem V�timas;Pleno dia;Decrescente;Chuva;Simples;Curva;N�o;5;0;0;0;4;1;0;2;-9,05768503;-35,748;SPRF-AL;DEL01-AL;UOP02-DEL01-AL;;;
710545;09/08/2025;s�bado;17:00:00;DF;60;3,3;BRASILIA;Condutor deixou de manter dist�ncia do ve�culo da frente;Colis�o traseira;Com V�timas Feridas;Anoitecer;Crescente;C�u Claro;Dupla;Reta;Sim;2;0;1;0;1;0;1;2;-15,890008;-48,087567;SPRF-DF;DEL03-DF;UOP01-DEL03-DF;;;
710546;09/08/2025;s�bado;15:30:00;MS;163;13;MUNDO NOVO;Ingest�o de �lcool pelo condutor;Colis�o traseira;Com V�timas Feridas;Pleno dia;Decrescente;C�u Claro;Simples;"Reta;Declive";N�o;2;0;2;0;0;0;2;2;-23,95395;-54,31632;SPRF-MS;DEL09-MS;UOP02-DEL09-MS;;;
710548;09/08/2025;s�bado;18:10:00;MG;365;602,5;UBERLANDIA;Transitar na contram�o;Colis�o lateral sentido oposto;Com V�timas Feridas;Anoitecer;Crescente;C�u Claro;Simples;Curva;N�o;6;0;3;0;3;0;3;3;-18,8942832;-48,12777255;SPRF-MG;DEL15-MG;UOP01-DEL15-MG;;;
710549;09/08/2025;s�bado;18:15:00;MG;116;527,5;CARATINGA;Aus�ncia de rea��o do condutor;Colis�o traseira;Com V�timas Feridas;Anoitecer;Crescente;C�u Claro;Simples;Interse��o de Vias;Sim;2;0;1;0;0;1;1;2;-19,79229087;-42,13736326;SPRF-MG;DEL06-MG;UOP02-DEL06-MG;;;
710550;09/08/2025;s�bado;16:29:00;MG;262;30,3;REDUTO;Transitar na contram�o;Colis�o lateral sentido oposto;Com V�timas Feridas;Pleno dia;Decrescente;C�u Claro;Simples;Reta;N�o;3;0;1;1;0;1;2;2;-20,25306463;-41,98971749;SPRF-MG;DEL06-MG;UOP03-DEL06-MG;;;
710551;09/08/2025;s�bado;18:20:00;ES;262;55;MARECHAL FLORIANO;Curva acentuada;Queda de ocupante de ve�culo;Com V�timas Feridas;Plena Noite;Crescente;Nublado;Simples;Curva;N�o;1;0;1;0;0;0;1;1;-20,412784;-40,750743;SPRF-ES;DEL01-ES;UOP01-DEL01-ES;;;