id;data_inversa;dia_semana;horario;uf;br;km;municipio;causa_acidente;tipo_acidente;classificacao_acidente;fase_dia;sentido_via;condicao_metereologica;tipo_pista;tracado_via;uso_solo;pessoas;mortos;feridos_leves;feridos_graves;ilesos;ignorados;feridos;veiculos;latitude;longitude;regional;delegacia;uop;;;
710552;09/08/2025;s�bado;17:45:00;PR;376;497;PONTA GROSSA;Ingest�o de �lcool pelo condutor;Colis�o lateral mesmo sentido;Sem V�timas;Anoitecer;Decrescente;C�u Claro;Dupla;Reta;N�o;4;0;0;0;4;0;0;3;-25,144;-50,156;SPRF-PR;DEL03-PR;UOP04-DEL03-PR;;;
710553;09/08/2025;s�bado;17:45:00;SC;163;83,8;GUARACIABA;Acessar a via sem observar a presen�a dos outros ve�culos;Colis�o transversal;Com V�timas Feridas;Pleno dia;Decrescente;Nublado;Simples;"Curva;Interse��o de Vias";N�o;4;0;1;0;3;0;1;2;-26,61418526;-53,51917314;SPRF-SC;DEL07-SC;UOP03-DEL07-SC;;;
710556;09/08/2025;s�bado;12:10:00;MT;70;0;PONTAL DO ARAGUAIA;Ultrapassagem Indevida;Colis�o traseira;Com V�timas Feridas;Pleno dia;Crescente;C�u Claro;Simples;"Reta;Ponte";Sim;2;0;0;1;1;0;1;2;-15,89563157;-52,25443876;SPRF-MT;DEL07-MT;UOP01-DEL07-MT;;;
710557;09/08/2025;s�bado;18:20:00;MG;365;422,3;PATOS DE MINAS;Demais falhas na via;Queda de ocupante de ve�culo;Com V�timas Feridas;Plena Noite;Decrescente;C�u Claro;Simples;"Aclive;Curva";N�o;1;0;0;1;0;0;1;1;-18,70392;-46,6059;SPRF-MG;DEL10-MG;UOP01-DEL10-MG;;;
710558;09/08/2025;s�bado;13:15:00;DF;80;31;BRASILIA;Demais falhas mec�nicas ou el�tricas;Inc�ndio;Sem V�timas;Pleno dia;Decrescente;Sol;Simples;Reta;Sim;1;0;0;0;0;1;0;1;-15,576132;-48,186845;SPRF-DF;DEL03-DF;UOP02-DEL03-DF;;;
710560;09/08/2025;s�bado;16:36:00;RO;364;341;JI-PARANA;Desrespeitar a prefer�ncia no cruzamento;Colis�o transversal;Com V�timas Feridas;Pleno dia;Crescente;C�u Claro;Simples;"Reta;Interse��o de Vias";Sim;3;0;1;0;2;0;1;2;-10,8885123;-61,93161456;SPRF-RO;DEL02-RO;UOP01-DEL02-RO;;;
710561;09/08/2025;s�bado;18:30:00;SP;116;531;BARRA DO TURVO;Entrada inopinada do pedestre;Atropelamento de Pedestre;Com V�timas Feridas;Plena Noite;Crescente;C�u Claro;Dupla;Reta;N�o;5;0;1;0;4;0;1;2;-24,95258885;-48,32116954;SPRF-SP;DEL05-SP;UOP02-DEL05-SP;;;
710562;09/08/2025;s�bado;18:30:00;MG;381;478;CONTAGEM;Condutor deixou de manter dist�ncia do ve�culo da frente;Colis�o traseira;Com V�timas Feridas;Plena Noite;Decrescente;C�u Claro;M�ltipla;Reta;Sim;3;0;2;0;1;0;2;3;-19,96169181;-44,03826714;SPRF-MG;DEL01-MG;UOP03-DEL01-MG;;;
710563;09/08/2025;s�bado;18:45:00;PI;343;3;TERESINA;Ingest�o de �lcool pelo condutor;Colis�o com objeto;Sem V�timas;Plena Noite;Decrescente;C�u Claro;M�ltipla;Reta;Sim;1;0;0;0;1;0;0;1;-5,081208;-42,77759;SPRF-PI;DEL01-PI;UOP01-DEL01-PI;;;
710564;09/08/2025;s�bado;19:00:00;MG;40;787,9;JUIZ DE FORA;Animais na Pista;Atropelamento de Animal;Com V�timas Feridas;Plena Noite;Decrescente;C�u Claro;Dupla;Reta;N�o;1;0;1;0;0;0;1;1;-21,75909223;-43,44105631;SPRF-MG;DEL05-MG;UOP01-DEL05-MG;;;
710565;09/08/2025;s�bado;15:02:00;PA;230;1111;ITAITUBA;Transitar na contram�o;Colis�o transversal;Com V�timas Feridas;Pleno dia;Crescente;C�u Claro;Simples;Reta;N�o;2;0;1;0;1;0;1;2;-4,33509118;-55,77734376;SPRF-PA;DEL05-PA;UOP02-DEL05-PA;;;
710566;09/08/2025;s�bado;19:00:00;SC;101;206;SAO JOSE;Rea��o tardia ou ineficiente do condutor;Colis�o traseira;Com V�timas Feridas;Plena Noite;Decrescente;Nublado;M�ltipla;Reta;Sim;2;0;1;0;1;0;1;2;-27,59286356;-48,61833215;SPRF-SC;DEL01-SC;UOP01-DEL01-SC;;;
710567;09/08/2025;s�bado;18:14:00;RS;285;195,9;LAGOA VERMELHA;Acessar a via sem observar a presen�a dos outros ve�culos;Colis�o transversal;Com V�timas Feridas;Plena Noite;Decrescente;C�u Claro;Simples;Rotat�ria;N�o;3;0;1;0;2;0;1;2;-28,22558;-51,50732;SPRF-RS;DEL08-RS;UOP05-DEL08-RS;;;
710569;09/08/2025;s�bado;19:10:00;ES;101;230,4;FUNDAO;Manobra de mudan�a de faixa;Colis�o traseira;Com V�timas Feridas;Plena Noite;Crescente;C�u Claro;Simples;Curva;Sim;3;0;2;0;1;0;2;2;-19,94204645;-40,40634155;SPRF-ES;DEL02-ES;UOP01-DEL02-ES;;;
710571;09/08/2025;s�bado;16:25:00;AC;364;123;RIO BRANCO;Rea��o tardia ou ineficiente do condutor;Colis�o com objeto;Com V�timas Feridas;Pleno dia;Decrescente;C�u Claro;Dupla;"Reta;Retorno Regulamentado";Sim;1;0;0;1;0;0;1;1;-10,011804;-67,781066;SPRF-AC;DEL01-AC;UOP01-DEL01-AC;;;
710572;09/08/2025;s�bado;19:40:00;RN;101;99;PARNAMIRIM;Condutor deixou de manter dist�ncia do ve�culo da frente;Colis�o traseira;Com V�timas Feridas;Plena Noite;Decrescente;C�u Claro;M�ltipla;Reta;Sim;3;0;2;0;1;0;2;2;-5,873937;-35,220724;SPRF-RN;DEL01-RN;UOP01-DEL01-RN;;;
710574;09/08/2025;s�bado;16:00:00;MG;381;661,3;SANTO ANTONIO DO AMPARO;Demais falhas mec�nicas ou el�tricas;Colis�o com objeto;Com V�timas Feridas;Pleno dia;Crescente;C�u Claro;Dupla;"Reta;Declive";N�o;3;0;3;0;0;0;3;1;-21,016697;-44,988613;SPRF-MG;DEL04-MG;UOP02-DEL04-MG;;;
710576;09/08/2025;s�bado;19:00:00;PR;277;5;CURITIBA;Aus�ncia de rea��o do condutor;Colis�o lateral mesmo sentido;Com V�timas Feridas;Plena Noite;Crescente;Nublado;Dupla;Reta;Sim;2;0;1;0;1;0;1;2;-25,430611;-49,317473;SPRF-PR;DEL01-PR;UOP06-DEL01-PR;;;
710579;09/08/2025;s�bado;19:00:00;RJ;116;172;SAO JOAO DE MERITI;Demais falhas na via;Queda de ocupante de ve�culo;Com V�timas Feridas;Plena Noite;Crescente;Nublado;M�ltipla;Reta;Sim;2;0;0;1;1;0;1;1;-22,80090447;-43,35177032;SPRF-RJ;DEL06-RJ;UOP01-DEL06-RJ;;;
710580;09/08/2025;s�bado;17:20:00;PR;163;216,9;CASCAVEL;Aus�ncia de rea��o do condutor;Queda de ocupante de ve�culo;Com V�timas Feridas;Pleno dia;Decrescente;C�u Claro;Dupla;Aclive;N�o;3;0;0;1;1;1;1;3;-24,87042;-53,56642;SPRF-PR;DEL04-PR;UOP01-DEL04-PR;;;
710581;09/08/2025;s�bado;18:20:00;RJ;116;200;SEROPEDICA;Demais falhas mec�nicas ou el�tricas;Inc�ndio;Sem V�timas;Plena Noite;Crescente;Garoa/Chuvisco;Dupla;Reta;N�o;1;0;0;0;0;1;0;1;-22,72763966;-43,64073627;SPRF-RJ;DEL06-RJ;UOP02-DEL06-RJ;;;
710582;09/08/2025;s�bado;18:55:00;PR;153;68,3;CONSELHEIRO MAIRINCK;Desrespeitar a prefer�ncia no cruzamento;Colis�o transversal;Com V�timas Feridas;Plena Noite;Crescente;C�u Claro;Simples;"Interse��o de Vias;Reta";N�o;3;0;0;2;1;0;2;2;-23,51067125;-50,11257872;SPRF-PR;DEL07-PR;UOP04-DEL07-PR;;;
710584;09/08/2025;s�bado;19:00:00;PR;369;155,3;LONDRINA;Rea��o tardia ou ineficiente do condutor;Queda de ocupante de ve�culo;Com V�timas Feridas;Plena Noite;Crescente;C�u Claro;Dupla;"Reta;Declive;Viaduto";Sim;1;0;0;1;0;0;1;1;-23,29477944;-51,21021436;SPRF-PR;DEL07-PR;UOP01-DEL07-PR;;;
710585;09/08/2025;s�bado;18:20:00;MT;70;748;CACERES;Animais na Pista;Atropelamento de Animal;Sem V�timas;Plena Noite;Crescente;C�u Claro;Simples;Reta;N�o;1;0;0;0;1;0;0;1;-16,05322;-57,77627;SPRF-MT;DEL03-MT;UOP01-DEL03-MT;;;
710586;09/08/2025;s�bado;18:29:00;RJ;101;572,1;PARATY;Transitar na contram�o;Colis�o frontal;Com V�timas Feridas;Plena Noite;Crescente;Garoa/Chuvisco;Simples;Reta;N�o;2;0;0;1;1;0;1;2;-23,19476784;-44,72782016;SPRF-RJ;DEL03-RJ;UOP04-DEL03-RJ;;;
710587;09/08/2025;s�bado;19:30:00;BA;367;42;PORTO SEGURO;Rea��o tardia ou ineficiente do condutor;Capotamento;Sem V�timas;Plena Noite;Crescente;C�u Claro;Simples;Reta;N�o;2;0;0;0;2;0;0;1;-16,382473;-39,224705;SPRF-BA;DEL09-BA;UOP03-DEL09-BA;;;
710590;09/08/2025;s�bado;20:25:00;ES;101;263;SERRA;Afundamento ou ondula��o no pavimento;Queda de ocupante de ve�culo;Com V�timas Feridas;Plena Noite;Crescente;C�u Claro;Dupla;Reta;Sim;1;0;1;0;0;0;1;1;-20,17343401;-40,267219;SPRF-ES;DEL02-ES;UOP01-DEL02-ES;;;
710592;09/08/2025;s�bado;19:05:00;RS;158;102,1;PALMEIRA DAS MISSOES;Transitar na contram�o;Colis�o lateral sentido oposto;Sem V�timas;Plena Noite;Decrescente;C�u Claro;Simples;Declive;Sim;2;0;0;0;2;0;0;2;-27,915314;-53,336513;SPRF-RS;DEL08-RS;UOP01-DEL08-RS;;;
710595;09/08/2025;s�bado;20:00:00;PE;408;95,1;RECIFE;Trafegar com motocicleta (ou similar) entre as faixas;Colis�o traseira;Com V�timas Feridas;Plena Noite;Crescente;C�u Claro;Dupla;Reta;N�o;8;0;2;2;4;0;4;4;-8,0547143;-35,0007384;SPRF-PE;DEL01-PE;UOP01-DEL01-PE;;;
710596;09/08/2025;s�bado;19:50:00;PE;101;48;ABREU E LIMA;Manobra de mudan�a de faixa;Colis�o lateral mesmo sentido;Com V�timas Feridas;Plena Noite;Decrescente;Nublado;M�ltipla;Reta;Sim;2;0;1;0;1;0;1;2;-7,8928788;-34,9031442;SPRF-PE;DEL01-PE;UOP02-DEL01-PE;;;
710598;09/08/2025;s�bado;18:12:00;MG;116;744;LEOPOLDINA;Retorno proibido;Colis�o transversal;Com V�timas Feridas;Plena Noite;Decrescente;C�u Claro;Simples;Reta;N�o;3;0;1;0;1;1;1;2;-21,42923579;-42,5146958;SPRF-MG;DEL07-MG;UOP01-DEL07-MG;;;
710599;09/08/2025;s�bado;18:55:00;RS;470;229;GARIBALDI;Rea��o tardia ou ineficiente do condutor;Colis�o frontal;Com V�timas Feridas;Plena Noite;Decrescente;Nublado;Simples;"Declive;Reta";N�o;6;0;1;1;4;0;2;2;-29,27668955;-51,49339048;SPRF-RS;DEL06-RS;UOP01-DEL06-RS;;;
710602;09/08/2025;s�bado;18:30:00;PI;343;308;ALTOS;Acessar a via sem observar a presen�a dos outros ve�culos;Colis�o transversal;Com V�timas Feridas;Plena Noite;Crescente;C�u Claro;Simples;Interse��o de Vias;Sim;2;0;1;0;0;1;1;2;-5,0397735;-42,4725846;SPRF-PI;DEL01-PI;UOP01-DEL01-PI;;;
710603;09/08/2025;s�bado;20:25:00;TO;10;464;PALMAS;Acesso irregular;Colis�o frontal;Sem V�timas;Plena Noite;Decrescente;C�u Claro;Simples;Rotat�ria;N�o;4;0;0;0;4;0;0;2;-10,29484747;-48,29721711;SPRF-TO;DEL01-TO;UOP03-DEL01-TO;;;
710607;09/08/2025;s�bado;20:15:00;PR;376;14,7;MARINGA;Aus�ncia de rea��o do condutor;Sa�da de leito carro��vel;Sem V�timas;Plena Noite;Crescente;C�u Claro;Dupla;Reta;Sim;1;0;0;0;0;1;0;1;-23,40665805;-51,87861514;SPRF-PR;DEL09-PR;UOP01-DEL09-PR;;;
710609;09/08/2025;s�bado;07:30:00;MG;116;390;GOVERNADOR VALADARES;Acessar a via sem observar a presen�a dos outros ve�culos;Colis�o transversal;Com V�timas Feridas;Pleno dia;Crescente;C�u Claro;Simples;Reta;N�o;3;0;2;0;1;0;2;2;-18,67169834;-41,98596942;SPRF-MG;DEL06-MG;UOP01-DEL06-MG;;;
710610;09/08/2025;s�bado;20:50:00;RS;392;86,3;PELOTAS;Aus�ncia de rea��o do condutor;Sa�da de leito carro��vel;Com V�timas Fatais;Plena Noite;Crescente;C�u Claro;Simples;Reta;N�o;1;1;0;0;0;0;0;1;-31,631592;-52,496303;SPRF-RS;DEL07-RS;UOP01-DEL07-RS;;;
710611;09/08/2025;s�bado;19:23:00;MA;10;252;IMPERATRIZ;Rea��o tardia ou ineficiente do condutor;Colis�o lateral mesmo sentido;Com V�timas Feridas;Plena Noite;Crescente;C�u Claro;M�ltipla;Reta;N�o;2;0;1;0;0;1;1;2;-5,53474115;-47,46980522;SPRF-MA;DEL04-MA;UOP01-DEL04-MA;;;
710612;09/08/2025;s�bado;17:30:00;RJ;101;504;ANGRA DOS REIS;Acessar a via sem observar a presen�a dos outros ve�culos;Colis�o transversal;Com V�timas Feridas;Anoitecer;Crescente;Chuva;Simples;Reta;Sim;2;0;1;0;1;0;1;2;-22,93068648;-44,38555188;SPRF-RJ;DEL03-RJ;UOP03-DEL03-RJ;;;
710615;24/07/2025;quinta-feira;17:00:00;SC;282;29,4;SANTO AMARO DA IMPERATRIZ;Aus�ncia de rea��o do condutor;Sa�da de leito carro��vel;Com V�timas Feridas;Pleno dia;Decrescente;Chuva;Simples;"Curva;Declive";N�o;1;0;1;0;0;0;1;1;-27,68722764;-48,79046626;SPRF-SC;DEL01-SC;UOP03-DEL01-SC;;;
710616;09/08/2025;s�bado;16:20:00;RJ;101;466;ANGRA DOS REIS;Pedestre - Ingest�o de �lcool/ subst�ncias psicoativas;Atropelamento de Pedestre;Com V�timas Feridas;Pleno dia;Crescente;Chuva;Simples;Curva;N�o;2;0;0;1;0;1;1;2;-23,00855913;-44,23355951;SPRF-RJ;DEL03-RJ;UOP03-DEL03-RJ;;;
710617;09/08/2025;s�bado;21:30:00;PR;369;191;ARAPONGAS;Aus�ncia de rea��o do condutor;Colis�o traseira;Com V�timas Feridas;Plena Noite;Decrescente;C�u Claro;Dupla;Retorno Regulamentado;N�o;5;0;5;0;0;0;5;3;-23,4637338;-51,4235748;SPRF-PR;DEL07-PR;UOP03-DEL07-PR;;;
710618;09/08/2025;s�bado;20:20:00;RJ;101;315;SAO GONCALO;Condutor deixou de manter dist�ncia do ve�culo da frente;Colis�o lateral mesmo sentido;Com V�timas Feridas;Plena Noite;Decrescente;C�u Claro;Dupla;Reta;Sim;3;0;2;0;0;1;2;2;-22,81732704;-43,07825089;SPRF-RJ;DEL02-RJ;UOP02-DEL02-RJ;;;
710619;09/08/2025;s�bado;20:30:00;MS;262;37;TRES LAGOAS;Aus�ncia de rea��o do condutor;Colis�o traseira;Com V�timas Feridas;Plena Noite;Crescente;C�u Claro;Simples;Reta;N�o;4;0;1;0;3;0;1;2;-20,784894;-51,933577;SPRF-MS;DEL07-MS;UOP01-DEL07-MS;;;
710621;09/08/2025;s�bado;22:10:00;PE;232;8;RECIFE;Rea��o tardia ou ineficiente do condutor;Colis�o com objeto;Com V�timas Feridas;Plena Noite;Crescente;C�u Claro;Dupla;Reta;Sim;2;0;2;0;0;0;2;1;-8,07577878;-34,9691608;SPRF-PE;DEL01-PE;UOP01-DEL01-PE;;;
710623;09/08/2025;s�bado;21:30:00;MG;40;614;CONGONHAS;Aus�ncia de rea��o do condutor;Colis�o com objeto;Com V�timas Feridas;Plena Noite;Crescente;Nublado;Simples;Reta;N�o;1;0;1;0;0;0;1;1;-20,53470196;-43,82144111;SPRF-MG;DEL05-MG;UOP02-DEL05-MG;;;
710624;09/08/2025;s�bado;20:35:00;RN;110;47,4;MOSSORO;Acessar a via sem observar a presen�a dos outros ve�culos;Colis�o transversal;Com V�timas Feridas;Plena Noite;Crescente;C�u Claro;Simples;"Reta;Interse��o de Vias";Sim;3;0;0;1;2;0;1;2;-5,205925;-37,329033;SPRF-RN;DEL04-RN;UOP01-DEL04-RN;;;
710625;09/08/2025;s�bado;18:40:00;RJ;116;110;MAGE;Manobra de mudan�a de faixa;Capotamento;Com V�timas Feridas;Plena Noite;Decrescente;Nublado;Dupla;Reta;Sim;2;0;1;1;0;0;2;1;-22,66060706;-43,08125067;SPRF-RJ;DEL04-RJ;UOP02-DEL04-RJ;;;
710626;09/08/2025;s�bado;19:10:00;AL;416;11,7;COLONIA LEOPOLDINA;Animais na Pista;Atropelamento de Animal;Com V�timas Fatais;Plena Noite;Crescente;Nublado;Simples;Reta;N�o;2;1;1;0;0;0;1;1;-8,921308;-35,740776;SPRF-AL;DEL01-AL;UOP02-DEL01-AL;;;
710627;09/08/2025;s�bado;21:40:00;SC;116;19;MAFRA;Ultrapassagem Indevida;Colis�o frontal;Com V�timas Feridas;Plena Noite;Crescente;C�u Claro;Simples;"Reta;Aclive";N�o;4;0;1;2;1;0;3;2;-26,231657;-49,897081;SPRF-SC;DEL06-SC;UOP01-DEL06-SC;;;
710629;09/08/2025;s�bado;22:30:00;PR;376;419,1;TIBAGI;Condutor Dormindo;Colis�o com objeto;Com V�timas Feridas;Pleno dia;Decrescente;C�u Claro;Dupla;Reta;N�o;1;0;1;0;0;0;1;1;-24,67831333;-50,59697025;SPRF-PR;DEL03-PR;UOP02-DEL03-PR;;;
710630;09/08/2025;s�bado;19:30:00;PI;135;534;SAO GONCALO DO GURGUEIA;Rea��o tardia ou ineficiente do condutor;Sa�da de leito carro��vel;Com V�timas Feridas;Plena Noite;Crescente;C�u Claro;Dupla;"Reta;Interse��o de Vias";N�o;3;0;1;1;1;0;2;1;-10,004753;-45,318267;SPRF-PI;DEL03-PI;UOP02-DEL03-PI;;;
710632;09/08/2025;s�bado;17:30:00;RJ;101;571;PARATY;Rea��o tardia ou ineficiente do condutor;Colis�o lateral mesmo sentido;Com V�timas Feridas;Plena Noite;Decrescente;Garoa/Chuvisco;Simples;Reta;Sim;2;0;0;1;1;0;1;2;-23,18656852;-44,72504709;SPRF-RJ;DEL03-RJ;UOP04-DEL03-RJ;;;
710633;09/08/2025;s�bado;21:30:00;MG;267;22;ARGIRITA;Aus�ncia de rea��o do condutor;Queda de ocupante de ve�culo;Com V�timas Feridas;Plena Noite;Crescente;C�u Claro;Simples;"Aclive;Reta";N�o;1;0;1;0;0;0;1;1;-21,61894874;-42,81525901;SPRF-MG;DEL07-MG;UOP01-DEL07-MG;;;
710634;09/08/2025;s�bado;23:05:00;MA;222;667;ACAILANDIA;Rea��o tardia ou ineficiente do condutor;Queda de ocupante de ve�culo;Com V�timas Feridas;Plena Noite;Decrescente;C�u Claro;Simples;Reta;Sim;1;0;0;1;0;0;1;1;-4,9257907;-47,439792;SPRF-MA;DEL04-MA;UOP03-DEL04-MA;;;
710635;09/08/2025;s�bado;22:50:00;SC;280;129,7;RIO NEGRINHO;Aus�ncia de rea��o do condutor;Sa�da de leito carro��vel;Sem V�timas;Plena Noite;Crescente;C�u Claro;Simples;"Curva;Interse��o de Vias";Sim;1;0;0;0;1;0;0;1;-26,2514975;-49,5266333;SPRF-SC;DEL06-SC;UOP03-DEL06-SC;;;
710636;09/08/2025;s�bado;22:50:00;SC;101;213,3;PALHOCA;Acessar a via sem observar a presen�a dos outros ve�culos;Colis�o transversal;Com V�timas Feridas;Plena Noite;Decrescente;Nublado;M�ltipla;"Viaduto;Interse��o de Vias";Sim;2;0;1;0;1;0;1;2;-27,63955441;-48,66662113;SPRF-SC;DEL01-SC;UOP02-DEL01-SC;;;
710637;09/08/2025;s�bado;22:10:00;MG;262;37,1;MANHUACU;Ultrapassagem Indevida;Colis�o traseira;Com V�timas Feridas;Plena Noite;Crescente;C�u Claro;Simples;Curva;N�o;2;0;1;0;1;0;1;2;-20,271697;-42,0398;SPRF-MG;DEL06-MG;UOP03-DEL06-MG;;;
710638;09/08/2025;s�bado;21:50:00;MS;163;12;MUNDO NOVO;Demais falhas na via;Tombamento;Com V�timas Feridas;Plena Noite;Crescente;C�u Claro;Simples;"Aclive;Em Obras";N�o;1;0;0;1;0;0;1;1;-23,96381;-54,32317;SPRF-MS;DEL09-MS;UOP02-DEL09-MS;;;
710639;09/08/2025;s�bado;23:05:00;GO;40;7,5;VALPARAISO DE GOIAS;Velocidade Incompat�vel;Sa�da de leito carro��vel;Com V�timas Feridas;Plena Noite;Crescente;C�u Claro;Dupla;Reta;Sim;2;0;1;0;1;0;1;1;-16,113505;-47,969301;SPRF-DF;DEL01-DF;UOP01-DEL01-DF;;;
710640;09/08/2025;s�bado;18:30:00;MS;262;414;TERENOS;Animais na Pista;Atropelamento de Animal;Sem V�timas;Anoitecer;Crescente;C�u Claro;Dupla;Reta;N�o;1;0;0;0;1;0;0;1;-20,44945211;-55,15746117;SPRF-MS;DEL01-MS;UOP03-DEL01-MS;;;
710641;09/08/2025;s�bado;23:00:00;PE;101;70;RECIFE;Manobra de mudan�a de faixa;Colis�o traseira;Sem V�timas;Plena Noite;Crescente;C�u Claro;Dupla;Interse��o de Vias;Sim;3;0;0;0;1;2;0;3;-8,07207;-34,94292;SPRF-PE;DEL01-PE;UOP01-DEL01-PE;;;
710642;09/08/2025;s�bado;23:30:00;SP;116;219,3;GUARULHOS;Trafegar com motocicleta (ou similar) entre as faixas;Colis�o com objeto;Com V�timas Feridas;Plena Noite;Crescente;Nublado;M�ltipla;"Reta;Interse��o de Vias;Em Obras";Sim;1;0;1;0;0;0;1;1;-23,4610024;-46,48896933;SPRF-SP;DEL01-SP;UOP01-DEL01-SP;;;
710643;09/08/2025;s�bado;19:50:00;BA;101;824;PRADO;Ilumina��o deficiente;Colis�o traseira;Com V�timas Feridas;Plena Noite;Crescente;C�u Claro;Simples;"Declive;Reta";N�o;2;0;0;1;1;0;1;2;-17,136859;-39,570124;SPRF-BA;DEL09-BA;UOP02-DEL09-BA;;;
710644;09/08/2025;s�bado;22:30:00;SC;101;257,3;PAULO LOPES;Manobra de mudan�a de faixa;Colis�o lateral mesmo sentido;Com V�timas Feridas;Plena Noite;Crescente;Nublado;Dupla;"Reta;Aclive";N�o;7;0;1;0;6;0;1;2;-27,999;-48,691;SPRF-SC;DEL02-SC;UOP03-DEL02-SC;;;
710645;09/08/2025;s�bado;23:55:00;PA;230;119;MARABA;Rea��o tardia ou ineficiente do condutor;Colis�o lateral mesmo sentido;Com V�timas Feridas;Plena Noite;Crescente;C�u Claro;Dupla;"Curva;Interse��o de Vias;Aclive";N�o;2;0;2;0;0;0;2;2;-5,351543;-49,120903;SPRF-PA;DEL03-PA;UOP01-DEL03-PA;;;
710646;09/08/2025;s�bado;22:30:00;RJ;40;124;RIO DE JANEIRO;Aus�ncia de rea��o do condutor;Sa�da de leito carro��vel;Com V�timas Feridas;Plena Noite;Crescente;Nublado;Dupla;Curva;Sim;1;0;1;0;0;0;1;1;-22,81276596;-43,28773769;SPRF-RJ;DEL01-RJ;UOP02-DEL01-RJ;;;
710647;09/08/2025;s�bado;21:30:00;SC;282;429,4;VARGEM BONITA;Aus�ncia de rea��o do condutor;Sa�da de leito carro��vel;Sem V�timas;Plena Noite;Crescente;C�u Claro;Simples;Reta;N�o;1;0;0;0;0;1;0;1;-26,9795168;-51,78463268;SPRF-SC;DEL07-SC;UOP05-DEL07-SC;;;
710648;09/08/2025;s�bado;23:30:00;MG;459;77,3;SENADOR JOSE BENTO;Animais na Pista;Atropelamento de Animal;Sem V�timas;Plena Noite;Crescente;C�u Claro;Simples;Declive;N�o;1;0;0;0;1;0;0;1;-22,1419378;-46,13348007;SPRF-MG;DEL09-MG;UOP01-DEL09-MG;;;
710649;09/08/2025;s�bado;23:45:00;RJ;356;87;CARDOSO MOREIRA;Condutor Dormindo;Sa�da de leito carro��vel;Com V�timas Feridas;Plena Noite;Decrescente;Nublado;Simples;Reta;Sim;1;0;1;0;0;0;1;1;-21,4945398;-41,6260674;SPRF-RJ;DEL08-RJ;UOP03-DEL08-RJ;;;
710650;09/08/2025;s�bado;23:42:00;CE;222;218;SOBRAL;Aus�ncia de rea��o do condutor;Colis�o transversal;Com V�timas Feridas;Plena Noite;Crescente;C�u Claro;Simples;Reta;N�o;2;0;1;1;0;0;2;2;-3,7189595;-40,3323217;SPRF-CE;DEL04-CE;UOP01-DEL04-CE;;;
710652;09/08/2025;s�bado;23:20:00;PR;476;208,4;LAPA;Rea��o tardia ou ineficiente do condutor;Colis�o lateral sentido oposto;Com V�timas Feridas;Plena Noite;Crescente;C�u Claro;Simples;Reta;N�o;2;0;1;1;0;0;2;2;-25,780253;-49,834094;SPRF-PR;DEL01-PR;UOP06-DEL01-PR;;;
710655;10/08/2025;domingo;01:00:00;MG;50;59;UBERLANDIA;Ingest�o de �lcool pelo condutor;Capotamento;Sem V�timas;Plena Noite;Decrescente;Ignorado;Dupla;Reta;N�o;1;0;0;0;0;1;0;1;-18,813488;-48,248631;SPRF-MG;DEL15-MG;UOP02-DEL15-MG;;;
710656;10/08/2025;domingo;01:15:00;RJ;101;331;RIO DE JANEIRO;Demais falhas mec�nicas ou el�tricas;Inc�ndio;Sem V�timas;Plena Noite;Decrescente;Garoa/Chuvisco;Dupla;"Reta;Ponte";Sim;1;0;0;0;1;0;0;1;-22,86874059;-43,18228233;SPRF-RJ;DEL02-RJ;UOP01-DEL02-RJ;;;
710657;09/08/2025;s�bado;23:30:00;AL;316;88;SANTANA DO IPANEMA;Animais na Pista;Atropelamento de Animal;Com V�timas Feridas;Plena Noite;Decrescente;C�u Claro;Simples;Aclive;N�o;1;0;0;1;0;0;1;1;-9,37759042;-37,22490756;SPRF-AL;DEL03-AL;UOP02-DEL03-AL;;;
710660;10/08/2025;domingo;02:20:00;MG;381;863;POUSO ALEGRE;Condutor Dormindo;Colis�o com objeto;Com V�timas Feridas;Plena Noite;Decrescente;C�u Claro;Dupla;Curva;N�o;3;0;2;0;1;0;2;1;-22,36484024;-45,93091965;SPRF-MG;DEL16-MG;UOP01-DEL16-MG;;;
710661;10/08/2025;domingo;02:45:00;GO;60;278;JANDAIA;Condutor Dormindo;Sa�da de leito carro��vel;Com V�timas Feridas;Plena Noite;Crescente;C�u Claro;Dupla;Reta;N�o;2;0;1;0;1;0;1;1;-17,235963;-50,205552;SPRF-GO;DEL04-GO;UOP02-DEL04-GO;;;
710662;10/08/2025;domingo;03:21:00;ES;262;155;IBATIBA;Ingest�o de �lcool pelo condutor;Colis�o transversal;Com V�timas Feridas;Plena Noite;Crescente;Nublado;Simples;Reta;Sim;2;0;1;0;1;0;1;2;-20,2296621;-41,4771344;SPRF-ES;DEL01-ES;UOP02-DEL01-ES;;;
710663;10/08/2025;domingo;02:30:00;DF;20;8,9;BRASILIA;Condutor desrespeitou a ilumina��o vermelha do sem�foro;Colis�o transversal;Com V�timas Feridas;Plena Noite;Crescente;C�u Claro;Dupla;Reta;Sim;3;0;2;1;0;0;3;2;-15,65441877;-47,78233621;SPRF-DF;DEL02-DF;UOP01-DEL02-DF;;;
710664;10/08/2025;domingo;01:50:00;MA;316;402;ALTO ALEGRE DO MARANHAO;Transitar na contram�o;Colis�o frontal;Com V�timas Fatais;Plena Noite;Decrescente;C�u Claro;Simples;Reta;Sim;2;1;0;0;1;0;0;2;-4,216578;-44,448795;SPRF-MA;DEL03-MA;UOP01-DEL03-MA;;;