id;data_inversa;dia_semana;horario;uf;br;km;municipio;causa_acidente;tipo_acidente;classificacao_acidente;fase_dia;sentido_via;condicao_metereologica;tipo_pista;tracado_via;uso_solo;pessoas;mortos;feridos_leves;feridos_graves;ilesos;ignorados;feridos;veiculos;latitude;longitude;regional;delegacia;uop;;;
710665;10/08/2025;domingo;01:15:00;PR;369;186,2;ARAPONGAS;Aus�ncia de rea��o do condutor;Colis�o transversal;Com V�timas Feridas;Plena Noite;Decrescente;C�u Claro;Simples;"Rotat�ria;Interse��o de Vias";Sim;2;0;1;0;1;0;1;2;-23,41761184;-51,42657893;SPRF-PR;DEL07-PR;UOP03-DEL07-PR;;;
710668;10/08/2025;domingo;03:30:00;MG;365;624;UBERLANDIA;Demais falhas na via;Colis�o com objeto;Com V�timas Fatais;Plena Noite;Crescente;C�u Claro;Dupla;Interse��o de Vias;Sim;1;1;0;0;0;0;0;1;-18,9046142;-48,2881737;SPRF-MG;DEL15-MG;UOP01-DEL15-MG;;;
710670;10/08/2025;domingo;04:30:00;RJ;116;179;RIO DE JANEIRO;Acumulo de areia ou detritos sobre o pavimento;Queda de ocupante de ve�culo;Com V�timas Feridas;Amanhecer;Crescente;C�u Claro;Simples;Reta;N�o;1;0;1;0;0;0;1;1;-22,8044804;-43,3452039;SPRF-RJ;DEL06-RJ;UOP01-DEL06-RJ;;;
710672;10/08/2025;domingo;02:30:00;RJ;116;129;MAGE;Ingest�o de �lcool pelo condutor;Sa�da de leito carro��vel;Com V�timas Feridas;Plena Noite;Crescente;C�u Claro;Dupla;Reta;N�o;4;0;1;1;2;0;2;1;-22,665055;-43,108142;SPRF-RJ;DEL04-RJ;UOP02-DEL04-RJ;;;
710674;10/08/2025;domingo;04:58:00;MG;262;382;FLORESTAL;Aus�ncia de rea��o do condutor;Capotamento;Com V�timas Fatais;Plena Noite;Crescente;C�u Claro;Dupla;Curva;N�o;1;1;0;0;0;0;0;1;-19,91823551;-44,49322148;SPRF-MG;DEL01-MG;UOP03-DEL01-MG;;;
710675;10/08/2025;domingo;02:30:00;PB;405;0,6;UIRAUNA;Animais na Pista;Atropelamento de Animal;Com V�timas Feridas;Plena Noite;Crescente;C�u Claro;Simples;Reta;N�o;1;0;1;0;0;0;1;1;-6,46024;-38,377737;SPRF-PB;DEL03-PB;UOP03-DEL03-PB;;;
710676;10/08/2025;domingo;03:00:00;RN;110;65,2;MOSSORO;Ingest�o de �lcool pelo condutor;Colis�o lateral sentido oposto;Com V�timas Fatais;Plena Noite;Decrescente;Nublado;Simples;Reta;N�o;4;1;2;1;0;0;3;2;-5,356148;-37,328865;SPRF-RN;DEL04-RN;UOP01-DEL04-RN;;;
710677;10/08/2025;domingo;03:59:00;TO;153;143;ARAGUAINA;Aus�ncia de rea��o do condutor;Tombamento;Com V�timas Feridas;Plena Noite;Decrescente;C�u Claro;Simples;Curva;Sim;1;0;1;0;0;0;1;1;-7,1934158;-48,2351156;SPRF-TO;DEL02-TO;UOP01-DEL02-TO;;;
710678;10/08/2025;domingo;04:58:00;ES;101;266;SERRA;Acessar a via sem observar a presen�a dos outros ve�culos;Colis�o transversal;Com V�timas Feridas;Amanhecer;Decrescente;Nublado;Dupla;Reta;Sim;2;0;1;0;1;0;1;2;-20,19318516;-40,26866198;SPRF-ES;DEL02-ES;UOP01-DEL02-ES;;;
710679;10/08/2025;domingo;05:00:00;BA;324;574;CANDEIAS;Rea��o tardia ou ineficiente do condutor;Colis�o com objeto;Com V�timas Feridas;Amanhecer;Decrescente;C�u Claro;Dupla;Reta;N�o;3;0;1;0;2;0;1;1;-12,618602;-38,484177;SPRF-BA;DEL01-BA;UOP01-DEL01-BA;;;
710680;10/08/2025;domingo;03:45:00;SC;101;191;BIGUACU;Ingest�o de �lcool pelo condutor;Tombamento;Com V�timas Feridas;Plena Noite;Decrescente;Nublado;Dupla;Reta;N�o;1;0;1;0;0;0;1;1;-27,484079;-48,647314;SPRF-SC;DEL01-SC;UOP01-DEL01-SC;;;
710681;10/08/2025;domingo;05:20:00;RJ;101;102,9;CAMPOS DOS GOYTACAZES;Condutor Dormindo;Sa�da de leito carro��vel;Com V�timas Feridas;Amanhecer;Decrescente;Nublado;Dupla;"Declive;Reta";N�o;1;0;1;0;0;0;1;1;-21,902735;-41,605247;SPRF-RJ;DEL08-RJ;UOP02-DEL08-RJ;;;
710682;10/08/2025;domingo;05:14:00;TO;242;288;PEIXE;Ingest�o de �lcool pelo condutor;Colis�o frontal;Com V�timas Fatais;Amanhecer;Decrescente;C�u Claro;Simples;Reta;N�o;7;1;6;0;0;0;6;2;-12,1426;-48,53778;SPRF-TO;DEL01-TO;UOP02-DEL01-TO;;;
710683;10/08/2025;domingo;05:00:00;SC;470;86,9;RODEIO;Transitar na contram�o;Colis�o lateral sentido oposto;Com V�timas Feridas;Plena Noite;Decrescente;C�u Claro;Simples;"Curva;Ponte";Sim;2;0;0;1;1;0;1;2;-26,9481165;-49,3662611;SPRF-SC;DEL04-SC;UOP01-DEL04-SC;;;
710684;10/08/2025;domingo;05:05:00;MG;40;504;RIBEIRAO DAS NEVES;Transitar no Acostamento;Atropelamento de Pedestre;Com V�timas Fatais;Amanhecer;Decrescente;C�u Claro;Dupla;Reta;N�o;5;1;0;0;1;3;0;3;-19,73609455;-44,14986649;SPRF-MG;DEL02-MG;UOP01-DEL02-MG;;;
710685;10/08/2025;domingo;05:15:00;MG;40;612;CONGONHAS;Acessar a via sem observar a presen�a dos outros ve�culos;Atropelamento de Pedestre;Com V�timas Feridas;Amanhecer;Crescente;C�u Claro;Simples;"Aclive;Reta";Sim;3;0;1;1;1;0;2;2;-20,51867846;-43,83533547;SPRF-MG;DEL05-MG;UOP02-DEL05-MG;;;
710689;10/08/2025;domingo;02:10:00;PR;277;639;CEU AZUL;Transitar na contram�o;Colis�o frontal;Com V�timas Fatais;Plena Noite;Crescente;C�u Claro;Simples;Curva;N�o;13;2;6;1;3;1;7;5;-25,163149;-53,858971;SPRF-PR;DEL05-PR;UOP02-DEL05-PR;;;
710690;10/08/2025;domingo;05:30:00;MG;262;129;RIO CASCA;Pista esburacada;Sa�da de leito carro��vel;Sem V�timas;Amanhecer;Decrescente;C�u Claro;Simples;Curva;N�o;1;0;0;0;0;1;0;1;-20,17105613;-42,69799233;SPRF-MG;DEL03-MG;UOP03-DEL03-MG;;;
710691;10/08/2025;domingo;04:20:00;SC;280;45,6;GUARAMIRIM;Ingest�o de �lcool pelo condutor;Colis�o com objeto;Sem V�timas;Plena Noite;Crescente;Nublado;Simples;"Reta;Em Obras";N�o;1;0;0;0;0;1;0;1;-26,452712;-48,903637;SPRF-SC;DEL03-SC;UOP03-DEL03-SC;;;
710692;10/08/2025;domingo;05:40:00;DF;70;18,9;BRASILIA;Velocidade Incompat�vel;Sa�da de leito carro��vel;Com V�timas Feridas;Amanhecer;Crescente;C�u Claro;Dupla;Curva;Sim;2;0;2;0;0;0;2;1;-15,78917703;-48,22540998;SPRF-DF;DEL03-DF;UOP02-DEL03-DF;;;
710694;10/08/2025;domingo;05:45:00;MS;163;776;COXIM;Velocidade Incompat�vel;Sa�da de leito carro��vel;Com V�timas Feridas;Amanhecer;Decrescente;Ignorado;Dupla;Reta;N�o;4;0;0;1;3;0;1;1;-18,124;-54,698;SPRF-MS;DEL06-MS;UOP01-DEL06-MS;;;
710696;10/08/2025;domingo;05:50:00;MG;262;527;LUZ;Aus�ncia de rea��o do condutor;Tombamento;Com V�timas Feridas;Amanhecer;Decrescente;Ignorado;Simples;Reta;N�o;1;0;1;0;0;0;1;1;-19,78429266;-45,71968317;SPRF-MG;DEL08-MG;UOP03-DEL08-MG;;;
710697;10/08/2025;domingo;06:00:00;MG;381;892;CAMBUI;Condutor Dormindo;Sa�da de leito carro��vel;Sem V�timas;Amanhecer;Decrescente;Nublado;Dupla;Reta;N�o;1;0;0;0;1;0;0;1;-22,561528;-46,040495;SPRF-MG;DEL16-MG;UOP01-DEL16-MG;;;
710698;10/08/2025;domingo;06:15:00;SP;116;478;JACUPIRANGA;Ingest�o de �lcool pelo condutor;Sa�da de leito carro��vel;Com V�timas Feridas;Amanhecer;Crescente;C�u Claro;Dupla;Reta;Sim;1;0;1;0;0;0;1;1;-24,70736944;-48,01548648;SPRF-SP;DEL05-SP;UOP01-DEL05-SP;;;
710699;10/08/2025;domingo;02:30:00;SC;101;341;TUBARAO;Aus�ncia de rea��o do condutor;Colis�o com objeto;Sem V�timas;Plena Noite;Crescente;C�u Claro;M�ltipla;Curva;Sim;1;0;0;0;0;1;0;1;-28,526794;-49,056512;SPRF-SC;DEL02-SC;UOP01-DEL02-SC;;;
710700;10/08/2025;domingo;04:00:00;RN;110;97,1;UPANEMA;Ingest�o de �lcool pelo condutor;Colis�o traseira;Com V�timas Feridas;Plena Noite;Crescente;C�u Claro;Simples;Reta;N�o;3;0;1;2;0;0;3;2;-5,62548;-37,27062;SPRF-RN;DEL04-RN;UOP01-DEL04-RN;;;
710701;10/08/2025;domingo;07:00:00;ES;101;232,8;FUNDAO;Rea��o tardia ou ineficiente do condutor;Tombamento;Com V�timas Feridas;Pleno dia;Decrescente;Nublado;Simples;Reta;N�o;1;0;1;0;0;0;1;1;-19,96819603;-40,40678144;SPRF-ES;DEL02-ES;UOP01-DEL02-ES;;;
710702;10/08/2025;domingo;06:00:00;MG;381;486;BETIM;Manobra de mudan�a de faixa;Colis�o traseira;Com V�timas Feridas;Pleno dia;Decrescente;C�u Claro;M�ltipla;Reta;Sim;2;0;1;0;1;0;1;2;-19,9965627;-44,2090366;SPRF-MG;DEL01-MG;UOP03-DEL01-MG;;;
710703;10/08/2025;domingo;06:45:00;SC;101;151;ITAPEMA;Aus�ncia de rea��o do condutor;Atropelamento de Pedestre;Com V�timas Feridas;Pleno dia;Decrescente;C�u Claro;Simples;"Interse��o de Vias;Viaduto";Sim;3;0;1;1;1;0;2;2;-27,13204058;-48,60978127;SPRF-SC;DEL04-SC;UOP03-DEL04-SC;;;
710705;10/08/2025;domingo;06:35:00;TO;230;36;NAZARE;Aus�ncia de rea��o do condutor;Colis�o traseira;Com V�timas Fatais;Amanhecer;Decrescente;C�u Claro;Simples;Reta;N�o;3;1;0;0;2;0;0;2;-6,400968;-47,669382;SPRF-TO;DEL02-TO;UOP03-DEL02-TO;;;
710707;10/08/2025;domingo;06:20:00;PE;101;51;ABREU E LIMA;Mal s�bito do condutor;Colis�o com objeto;Com V�timas Fatais;Pleno dia;Crescente;C�u Claro;Dupla;Reta;Sim;2;1;0;1;0;0;1;1;-7,917572;-34,896902;SPRF-PE;DEL01-PE;UOP02-DEL01-PE;;;
710708;10/08/2025;domingo;03:40:00;PR;277;5;CURITIBA;Aus�ncia de rea��o do condutor;Colis�o com objeto;Sem V�timas;Plena Noite;Decrescente;C�u Claro;Dupla;Curva;Sim;1;0;0;0;0;1;0;1;-25,430207;-49,31903;SPRF-PR;DEL01-PR;UOP06-DEL01-PR;;;
710709;10/08/2025;domingo;05:40:00;MG;116;804;ALEM PARAIBA;Ingest�o de �lcool pelo condutor;Sa�da de leito carro��vel;Sem V�timas;Amanhecer;Decrescente;C�u Claro;Simples;Curva;N�o;1;0;0;0;0;1;0;1;-21,793735;-42,712598;SPRF-MG;DEL07-MG;UOP01-DEL07-MG;;;
710710;10/08/2025;domingo;06:10:00;CE;222;226,1;SOBRAL;Animais na Pista;Atropelamento de Animal;Com V�timas Feridas;Pleno dia;Decrescente;C�u Claro;Simples;Reta;Sim;2;0;2;0;0;0;2;1;-3,70151026;-40,36809325;SPRF-CE;DEL04-CE;UOP01-DEL04-CE;;;
710712;10/08/2025;domingo;07:50:00;RN;304;131;ITAJA;Restri��o de visibilidade em curvas verticais;Colis�o transversal;Com V�timas Feridas;Pleno dia;Decrescente;C�u Claro;Simples;"Reta;Aclive";N�o;3;0;0;1;2;0;1;2;-5,659061;-36,762889;SPRF-RN;DEL04-RN;UOP01-DEL04-RN;;;
710714;10/08/2025;domingo;04:50:00;RO;319;62;PORTO VELHO;Ingest�o de �lcool pelo condutor;Colis�o transversal;Com V�timas Feridas;Amanhecer;Crescente;C�u Claro;M�ltipla;"Interse��o de Vias;Reta";Sim;6;0;2;0;4;0;2;2;-8,75029235;-63,88763376;SPRF-RO;DEL01-RO;UOP01-DEL01-RO;;;
710716;10/08/2025;domingo;02:00:00;RO;425;81;NOVA MAMORE;Acessar a via sem observar a presen�a dos outros ve�culos;Colis�o transversal;Com V�timas Feridas;Plena Noite;Crescente;C�u Claro;Simples;Interse��o de Vias;Sim;3;0;1;2;0;0;3;2;-10,41675331;-65,33305317;SPRF-RO;DEL01-RO;UOP03-DEL01-RO;;;
710717;10/08/2025;domingo;07:30:00;SC;470;143;RIO DO SUL;Velocidade Incompat�vel;Capotamento;Com V�timas Feridas;Pleno dia;Decrescente;Sol;Simples;"Interse��o de Vias;Rotat�ria";Sim;4;0;4;0;0;0;4;1;-27,2206059;-49,659485;SPRF-SC;DEL04-SC;UOP02-DEL04-SC;;;
710718;10/08/2025;domingo;08:50:00;SC;101;203,5;SAO JOSE;Aus�ncia de rea��o do condutor;Colis�o com objeto;Sem V�timas;Pleno dia;Decrescente;C�u Claro;Dupla;Curva;Sim;2;0;0;0;0;2;0;2;-27,567;-48,614;SPRF-SC;DEL01-SC;UOP01-DEL01-SC;;;
710720;10/08/2025;domingo;08:00:00;SC;282;64,6;RANCHO QUEIMADO;Acessar a via sem observar a presen�a dos outros ve�culos;Colis�o transversal;Com V�timas Feridas;Pleno dia;Crescente;C�u Claro;Simples;"Curva;Aclive;Interse��o de Vias";N�o;3;0;0;1;2;0;1;2;-27,67989698;-49,00635593;SPRF-SC;DEL01-SC;UOP03-DEL01-SC;;;
710722;10/08/2025;domingo;08:45:00;DF;80;9;BRASILIA;Aus�ncia de rea��o do condutor;Capotamento;Com V�timas Feridas;Pleno dia;Crescente;C�u Claro;Simples;Rotat�ria;Sim;2;0;2;0;0;0;2;1;-15,730883;-48,168373;SPRF-DF;DEL03-DF;UOP02-DEL03-DF;;;
710723;10/08/2025;domingo;09:20:00;PE;101;68;RECIFE;Demais falhas mec�nicas ou el�tricas;Queda de ocupante de ve�culo;Com V�timas Feridas;Pleno dia;Decrescente;C�u Claro;Dupla;Reta;Sim;1;0;1;0;0;0;1;1;-8,058863;-34,94605;SPRF-PE;DEL01-PE;UOP01-DEL01-PE;;;
710727;10/08/2025;domingo;08:10:00;MG;153;231,8;FRONTEIRA;Demais falhas na via;Tombamento;Com V�timas Feridas;Pleno dia;Crescente;C�u Claro;Simples;Reta;N�o;1;0;1;0;0;0;1;1;-20,198883;-49,128224;SPRF-MG;DEL13-MG;UOP02-DEL13-MG;;;
710728;10/08/2025;domingo;06:00:00;PR;277;244;IRATI;Ingest�o de �lcool pelo condutor;Sa�da de leito carro��vel;Sem V�timas;Amanhecer;Decrescente;C�u Claro;Simples;Reta;Sim;1;0;0;0;0;1;0;1;-25,45900444;-50,6051359;SPRF-PR;DEL08-PR;UOP02-DEL08-PR;;;
710729;05/07/2025;s�bado;22:55:00;RS;386;346,1;LAJEADO;Aus�ncia de rea��o do condutor;Colis�o com objeto;Sem V�timas;Plena Noite;Crescente;C�u Claro;Dupla;"Em Obras;Viaduto;Reta";Sim;1;0;0;0;0;1;0;1;-29,44702959;-51,97441785;SPRF-RS;DEL04-RS;UOP01-DEL04-RS;;;
710730;10/08/2025;domingo;10:25:00;SC;101;217,3;PALHOCA;Manobra de mudan�a de faixa;Colis�o lateral mesmo sentido;Com V�timas Feridas;Pleno dia;Decrescente;C�u Claro;Dupla;Reta;Sim;3;0;0;1;1;1;1;3;-27,67066;-48,67253;SPRF-SC;DEL01-SC;UOP02-DEL01-SC;;;
710731;10/08/2025;domingo;10:00:00;PR;277;652,8;MATELANDIA;Demais falhas mec�nicas ou el�tricas;Engavetamento;Com V�timas Feridas;Pleno dia;Decrescente;C�u Claro;Simples;Reta;Sim;8;0;1;0;7;0;1;4;-25,211469;-53,951246;SPRF-PR;DEL05-PR;UOP02-DEL05-PR;;;
710732;10/08/2025;domingo;09:40:00;MG;381;439;SANTA LUZIA;Rea��o tardia ou ineficiente do condutor;Engavetamento;Com V�timas Feridas;Pleno dia;Decrescente;Sol;Simples;Reta;Sim;4;0;1;0;2;1;1;3;-19,81645215;-43,80455017;SPRF-MG;DEL01-MG;UOP01-DEL01-MG;;;
710733;10/08/2025;domingo;08:02:00;RS;470;160,2;NOVA PRATA;Acessar a via sem observar a presen�a dos outros ve�culos;Colis�o transversal;Com V�timas Feridas;Pleno dia;Crescente;Nublado;Simples;Reta;Sim;2;0;0;1;0;1;1;2;-28,8128336;-51,59960596;SPRF-RS;DEL06-RS;UOP02-DEL06-RS;;;
710734;10/08/2025;domingo;09:10:00;MT;70;98;GENERAL CARNEIRO;Rea��o tardia ou ineficiente do condutor;Sa�da de leito carro��vel;Com V�timas Feridas;Pleno dia;Crescente;C�u Claro;Simples;Curva;N�o;5;0;1;0;4;0;1;1;-15,57277363;-52,87805557;SPRF-MT;DEL07-MT;UOP01-DEL07-MT;;;
710735;10/08/2025;domingo;11:20:00;MG;262;372;JUATUBA;Pedestre andava na pista;Atropelamento de Pedestre;Com V�timas Feridas;Pleno dia;Decrescente;C�u Claro;Dupla;"Declive;Curva";N�o;2;0;0;1;1;0;1;2;-19,95841467;-44,357551;SPRF-MG;DEL01-MG;UOP03-DEL01-MG;;;
710736;10/08/2025;domingo;11:15:00;RJ;393;256,8;BARRA DO PIRAI;Acessar a via sem observar a presen�a dos outros ve�culos;Colis�o transversal;Com V�timas Feridas;Pleno dia;Crescente;C�u Claro;Simples;Reta;Sim;5;0;2;0;3;0;2;2;-22,46051123;-43,84939067;SPRF-RJ;DEL05-RJ;UOP04-DEL05-RJ;;;
710737;10/08/2025;domingo;11:30:00;RS;116;268;CANOAS;Rea��o tardia ou ineficiente do condutor;Colis�o com objeto;Com V�timas Feridas;Pleno dia;Decrescente;C�u Claro;M�ltipla;Reta;Sim;1;0;1;0;0;0;1;1;-29,94261704;-51,17707372;SPRF-RS;DEL01-RS;UOP01-DEL01-RS;;;
710738;10/08/2025;domingo;11:35:00;RS;285;385,3;SANTA BARBARA DO SUL;Mal s�bito do condutor;Sa�da de leito carro��vel;Com V�timas Feridas;Pleno dia;Crescente;Sol;Simples;Curva;N�o;1;0;0;1;0;0;1;1;-28,43009063;-53,19678783;SPRF-RS;DEL10-RS;UOP02-DEL10-RS;;;
710740;10/08/2025;domingo;11:55:00;SC;101;209,8;SAO JOSE;Rea��o tardia ou ineficiente do condutor;Tombamento;Com V�timas Feridas;Pleno dia;Crescente;C�u Claro;Dupla;Reta;Sim;1;0;1;0;0;0;1;1;-27,6159;-48,64477;SPRF-SC;DEL01-SC;UOP01-DEL01-SC;;;
710741;10/08/2025;domingo;05:00:00;PR;373;232,5;IMBITUVA;Aus�ncia de rea��o do condutor;Sa�da de leito carro��vel;Sem V�timas;Plena Noite;Decrescente;Nublado;Simples;Curva;N�o;1;0;0;0;0;1;0;1;-25,186468;-50,693097;SPRF-PR;DEL03-PR;UOP01-DEL03-PR;;;
710742;07/08/2025;quinta-feira;03:30:00;MS;463;89;PONTA PORA;Demais falhas mec�nicas ou el�tricas;Sa�da de leito carro��vel;Sem V�timas;Plena Noite;Decrescente;C�u Claro;Simples;Reta;N�o;1;0;0;0;0;1;0;1;-22,58944144;-55,51945059;SPRF-MS;DEL04-MS;UOP03-DEL04-MS;;;
710743;10/08/2025;domingo;09:30:00;RJ;393;207;VASSOURAS;Avarias e/ou desgaste excessivo no pneu;Tombamento;Com V�timas Feridas;Pleno dia;Decrescente;Sol;Simples;Reta;N�o;2;0;1;1;0;0;2;1;-22,27001166;-43,45795499;SPRF-RJ;DEL05-RJ;UOP03-DEL05-RJ;;;
710744;10/08/2025;domingo;09:10:00;RJ;40;43,8;AREAL;Rea��o tardia ou ineficiente do condutor;Sa�da de leito carro��vel;Com V�timas Feridas;Pleno dia;Crescente;C�u Claro;Dupla;Reta;N�o;1;0;1;0;0;0;1;1;-22,27279;-43,109995;SPRF-RJ;DEL05-RJ;UOP02-DEL05-RJ;;;
710745;10/08/2025;domingo;12:30:00;MG;381;854;POUSO ALEGRE;Rea��o tardia ou ineficiente do condutor;Queda de ocupante de ve�culo;Com V�timas Feridas;Pleno dia;Decrescente;C�u Claro;Dupla;"Aclive;Reta";N�o;1;0;1;0;0;0;1;1;-22,26854958;-45,89182163;SPRF-MG;DEL16-MG;UOP01-DEL16-MG;;;
710746;10/08/2025;domingo;03:30:00;MA;230;217;SAO DOMINGOS DO AZEITAO;Transitar na contram�o;Colis�o frontal;Com V�timas Fatais;Plena Noite;Crescente;C�u Claro;Simples;"Reta;Aclive";N�o;4;1;0;3;0;0;3;2;-6,82557685;-44,65785742;SPRF-MA;DEL05-MA;UOP01-DEL05-MA;;;
710747;10/08/2025;domingo;12:10:00;RN;406;170;SAO GONCALO DO AMARANTE;Acessar a via sem observar a presen�a dos outros ve�culos;Colis�o traseira;Com V�timas Feridas;Pleno dia;Crescente;C�u Claro;Dupla;Declive;Sim;4;0;1;0;1;2;1;3;-5,757889;-35,301756;SPRF-RN;DEL02-RN;UOP01-DEL02-RN;;;
710748;10/08/2025;domingo;11:45:00;PR;277;107,8;CURITIBA;Rea��o tardia ou ineficiente do condutor;Colis�o traseira;Com V�timas Feridas;Pleno dia;Crescente;C�u Claro;Dupla;Reta;Sim;4;0;1;0;3;0;1;2;-25,432157;-49,36804;SPRF-PR;DEL01-PR;UOP06-DEL01-PR;;;
710752;10/08/2025;domingo;10:45:00;PR;277;659,5;MATELANDIA;Velocidade Incompat�vel;Colis�o com objeto;Com V�timas Feridas;Pleno dia;Crescente;C�u Claro;Dupla;Curva;N�o;1;0;1;0;0;0;1;1;-25,25187683;-53,99097919;SPRF-PR;DEL05-PR;UOP02-DEL05-PR;;;
710753;10/08/2025;domingo;12:53:00;PB;230;27;JOAO PESSOA;Aus�ncia de rea��o do condutor;Capotamento;Com V�timas Feridas;Pleno dia;Decrescente;Sol;Dupla;"Reta;Viaduto;Declive";Sim;1;0;1;0;0;0;1;1;-7,16554569;-34,89502341;SPRF-PB;DEL01-PB;UOP01-DEL01-PB;;;
710754;10/08/2025;domingo;12:30:00;PB;230;153,6;CAMPINA GRANDE;Transitar na contram�o;Colis�o transversal;Com V�timas Feridas;Pleno dia;Decrescente;C�u Claro;Simples;"Reta;Interse��o de Vias;Desvio Tempor�rio";Sim;2;0;0;1;1;0;1;2;-7,27844;-35,890488;SPRF-PB;DEL02-PB;UOP01-DEL02-PB;;;
710756;10/08/2025;domingo;12:00:00;MG;40;511,3;RIBEIRAO DAS NEVES;Rea��o tardia ou ineficiente do condutor;Colis�o lateral mesmo sentido;Com V�timas Feridas;Pleno dia;Decrescente;C�u Claro;Dupla;Reta;Sim;3;0;2;0;1;0;2;2;-19,78515919;-44,11491394;SPRF-MG;DEL01-MG;UOP02-DEL01-MG;;;
710757;10/08/2025;domingo;13:00:00;RJ;101;429;ANGRA DOS REIS;Condutor Dormindo;Sa�da de leito carro��vel;Com V�timas Feridas;Pleno dia;Crescente;C�u Claro;Simples;Reta;N�o;1;0;1;0;0;0;1;1;-23,01593419;-44,487914;SPRF-RJ;DEL03-RJ;UOP02-DEL03-RJ;;;
710759;10/08/2025;domingo;13:05:00;MG;381;752;TRES CORACOES;Acumulo de areia ou detritos sobre o pavimento;Tombamento;Com V�timas Feridas;Pleno dia;Decrescente;C�u Claro;Dupla;Viaduto;N�o;2;0;1;0;1;0;1;1;-21,65633557;-45,3013553;SPRF-MG;DEL16-MG;UOP02-DEL16-MG;;;
710760;10/08/2025;domingo;10:00:00;RJ;493;20;MAGE;Velocidade Incompat�vel;Colis�o traseira;Com V�timas Feridas;Pleno dia;Decrescente;C�u Claro;Simples;Reta;Sim;3;0;1;1;1;0;2;2;-22,662839;-43,042991;SPRF-RJ;DEL04-RJ;UOP02-DEL04-RJ;;;
710761;10/08/2025;domingo;13:50:00;BA;101;506;ITABUNA;Acessar a via sem observar a presen�a dos outros ve�culos;Colis�o transversal;Com V�timas Feridas;Pleno dia;Decrescente;C�u Claro;Simples;Reta;Sim;3;0;1;0;2;0;1;2;-14,77046295;-39,292263;SPRF-BA;DEL05-BA;UOP01-DEL05-BA;;;
710762;10/08/2025;domingo;13:25:00;PB;230;9;CABEDELO;Rea��o tardia ou ineficiente do condutor;Colis�o traseira;Com V�timas Feridas;Pleno dia;Decrescente;C�u Claro;Simples;Reta;Sim;2;0;0;1;1;0;1;2;-7,04275886;-34,8458004;SPRF-PB;DEL01-PB;UOP01-DEL01-PB;;;
710764;10/08/2025;domingo;14:10:00;PR;369;192,6;ARAPONGAS;Ingest�o de �lcool pelo condutor;Sa�da de leito carro��vel;Com V�timas Feridas;Pleno dia;Decrescente;C�u Claro;Dupla;Reta;N�o;3;0;3;0;0;0;3;1;-23,472397;-51,423619;SPRF-PR;DEL07-PR;UOP03-DEL07-PR;;;
710766;10/08/2025;domingo;11:25:00;RS;158;332;SANTA MARIA;Ingest�o de �lcool pelo condutor;Sa�da de leito carro��vel;Com V�timas Feridas;Pleno dia;Decrescente;Sol;Dupla;Reta;Sim;4;0;0;4;0;0;4;1;-29,703004;-53,843213;SPRF-RS;DEL09-RS;UOP01-DEL09-RS;;;
710768;10/08/2025;domingo;13:30:00;BA;407;3;JUAZEIRO;Aus�ncia de sinaliza��o;Colis�o transversal;Com V�timas Feridas;Pleno dia;Decrescente;C�u Claro;Dupla;"Interse��o de Vias;Reta;Em Obras";Sim;4;0;1;1;2;0;2;2;-9,431073;-40,498207;SPRF-PE;DEL06-PE;UOP01-DEL06-PE;;;
710769;10/08/2025;domingo;13:50:00;GO;60;380;RIO VERDE;Velocidade Incompat�vel;Colis�o traseira;Com V�timas Feridas;Pleno dia;Crescente;C�u Claro;M�ltipla;Reta;N�o;4;0;1;1;2;0;2;2;-17,7838;-50,899187;SPRF-GO;DEL04-GO;UOP02-DEL04-GO;;;
710770;10/08/2025;domingo;12:00:00;MG;262;754;SACRAMENTO;Rea��o tardia ou ineficiente do condutor;Sa�da de leito carro��vel;Sem V�timas;Pleno dia;Crescente;C�u Claro;Simples;Reta;N�o;1;0;0;0;0;1;0;1;-19,63387;-47,499066;SPRF-MG;DEL13-MG;UOP01-DEL13-MG;;;
710771;10/08/2025;domingo;15:05:00;PR;163;230;CASCAVEL;Aus�ncia de rea��o do condutor;Sa�da de leito carro��vel;Com V�timas Feridas;Pleno dia;Decrescente;C�u Claro;Dupla;Reta;N�o;3;0;1;0;2;0;1;1;-24,80529;-53,67212;SPRF-PR;DEL04-PR;UOP01-DEL04-PR;;;
710773;10/08/2025;domingo;14:10:00;MG;381;536,8;ITATIAIUCU;Velocidade Incompat�vel;Colis�o com objeto;Com V�timas Feridas;Pleno dia;Crescente;C�u Claro;Dupla;Reta;N�o;5;0;3;0;2;0;3;1;-20,20005;-44,386855;SPRF-MG;DEL04-MG;UOP03-DEL04-MG;;;
710776;10/08/2025;domingo;15:43:00;GO;70;14,4;AGUAS LINDAS DE GOIAS;Acessar a via sem observar a presen�a dos outros ve�culos;Colis�o transversal;Com V�timas Feridas;Pleno dia;Decrescente;C�u Claro;Dupla;Reta;Sim;3;0;2;0;1;0;2;2;-15,75372;-48,32836;SPRF-DF;DEL03-DF;UOP02-DEL03-DF;;;
710777;10/08/2025;domingo;16:00:00;ES;259;9;JOAO NEIVA;Rea��o tardia ou ineficiente do condutor;Tombamento;Com V�timas Feridas;Pleno dia;Crescente;C�u Claro;Simples;Reta;N�o;1;0;0;1;0;0;1;1;-19,67457;-40,400959;SPRF-ES;DEL02-ES;UOP01-DEL02-ES;;;
710778;10/08/2025;domingo;16:20:00;SC;101;127;CAMBORIU;Rea��o tardia ou ineficiente do condutor;Colis�o traseira;Sem V�timas;Pleno dia;Decrescente;C�u Claro;Dupla;Reta;Sim;2;0;0;0;2;0;0;2;-26,97309766;-48,68279326;SPRF-SC;DEL04-SC;UOP04-DEL04-SC;;;