id;data_inversa;dia_semana;horario;uf;br;km;municipio;causa_acidente;tipo_acidente;classificacao_acidente;fase_dia;sentido_via;condicao_metereologica;tipo_pista;tracado_via;uso_solo;pessoas;mortos;feridos_leves;feridos_graves;ilesos;ignorados;feridos;veiculos;latitude;longitude;regional;delegacia;uop;;;
710891;10/08/2025;domingo;11:30:00;RO;425;29;NOVA MAMORE;Demais falhas na via;Sa�da de leito carro��vel;Com V�timas Feridas;Pleno dia;Crescente;Sol;Simples;"Em Obras;Curva";N�o;2;0;2;0;0;0;2;1;-9,97460333;-65,30925393;SPRF-RO;DEL01-RO;UOP03-DEL01-RO;;;
710892;10/08/2025;domingo;23:00:00;MG;40;546;NOVA LIMA;Demais falhas mec�nicas ou el�tricas;Inc�ndio;Sem V�timas;Plena Noite;Crescente;C�u Claro;Dupla;Aclive;N�o;1;0;0;0;1;0;0;1;-20,03212;-43,969732;SPRF-MG;DEL01-MG;UOP02-DEL01-MG;;;
710893;10/08/2025;domingo;18:00:00;PR;476;321;PAULO FRONTIN;Transitar na contram�o;Colis�o lateral sentido oposto;Com V�timas Feridas;Anoitecer;Decrescente;C�u Claro;Simples;Reta;N�o;2;0;0;1;1;0;1;2;-26,07680002;-50,74712634;SPRF-PR;DEL02-PR;UOP03-DEL02-PR;;;
710894;10/08/2025;domingo;21:50:00;MS;163;498,3;CAMPO GRANDE;Ingest�o de �lcool pelo condutor;Colis�o traseira;Com V�timas Feridas;Plena Noite;Crescente;C�u Claro;Simples;Reta;N�o;5;0;2;0;3;0;2;2;-20,335;-54,519;SPRF-MS;DEL01-MS;UOP02-DEL01-MS;;;
710895;10/08/2025;domingo;19:19:00;MT;163;941,2;ITAUBA;Ingest�o de �lcool pelo condutor;Colis�o traseira;Sem V�timas;Plena Noite;Decrescente;C�u Claro;Simples;Reta;N�o;2;0;0;0;2;0;0;2;-10,96928;-55,22658;SPRF-MT;DEL06-MT;UOP02-DEL06-MT;;;
710896;10/08/2025;domingo;23:05:00;PR;153;41,2;SANTO ANTONIO DA PLATINA;Ingest�o de �lcool pelo condutor;Colis�o frontal;Sem V�timas;Plena Noite;Crescente;C�u Claro;Simples;Reta;Sim;2;0;0;0;2;0;0;2;-23,29326313;-50,0632995;SPRF-PR;DEL07-PR;UOP04-DEL07-PR;;;
710897;10/08/2025;domingo;17:30:00;BA;116;894,4;CANDIDO SALES;Ingest�o de �lcool pelo condutor;Tombamento;Com V�timas Feridas;Anoitecer;Decrescente;Sol;Simples;Interse��o de Vias;N�o;2;0;0;2;0;0;2;1;-15,388637;-41,203166;SPRF-BA;DEL08-BA;UOP03-DEL08-BA;;;
710898;10/08/2025;domingo;23:00:00;SE;101;151;ESTANCIA;Ingest�o de �lcool pelo condutor;Queda de ocupante de ve�culo;Com V�timas Feridas;Plena Noite;Crescente;C�u Claro;Simples;"Em Obras;Reta";Sim;2;0;2;0;0;0;2;1;-11,26741459;-37,44156361;SPRF-SE;DEL02-SE;UOP01-DEL02-SE;;;
710899;10/08/2025;domingo;21:00:00;MA;10;224,5;GOVERNADOR EDISON LOBAO;Transitar na contram�o;Colis�o lateral sentido oposto;Com V�timas Feridas;Plena Noite;Decrescente;Ignorado;Simples;Reta;N�o;7;0;1;1;5;0;2;3;-5,76727;-47,35947;SPRF-MA;DEL04-MA;UOP01-DEL04-MA;;;
710900;10/08/2025;domingo;22:40:00;PI;343;1;TERESINA;Condutor deixou de manter dist�ncia do ve�culo da frente;Colis�o traseira;Com V�timas Feridas;Plena Noite;Crescente;C�u Claro;M�ltipla;Reta;Sim;3;0;2;0;1;0;2;2;-5,080757;-42,760875;SPRF-PI;DEL01-PI;UOP01-DEL01-PI;;;
710902;10/08/2025;domingo;23:35:00;SC;101;213,4;PALHOCA;Demais falhas mec�nicas ou el�tricas;Atropelamento de Pedestre;Com V�timas Feridas;Plena Noite;Decrescente;C�u Claro;M�ltipla;"Reta;Aclive;Viaduto";Sim;3;0;1;1;1;0;2;2;-27,64;-48,6671;SPRF-SC;DEL01-SC;UOP02-DEL01-SC;;;
710907;10/08/2025;domingo;22:20:00;AP;156;270;MACAPA;Rea��o tardia ou ineficiente do condutor;Sa�da de leito carro��vel;Com V�timas Feridas;Plena Noite;Crescente;Vento;Simples;Curva;N�o;1;0;1;0;0;0;1;1;0,205443;-51,117728;SPRF-AP;DEL01-AP;UOP01-DEL01-AP;;;
710908;11/08/2025;segunda-feira;00:10:00;TO;153;152;ARAGUAINA;Aus�ncia de rea��o do condutor;Tombamento;Com V�timas Feridas;Plena Noite;Crescente;Nublado;Simples;Reta;N�o;1;0;1;0;0;0;1;1;-7,265527;-48,263041;SPRF-TO;DEL02-TO;UOP01-DEL02-TO;;;
710909;10/08/2025;domingo;23:00:00;BA;101;470;URUCUCA;Velocidade Incompat�vel;Capotamento;Sem V�timas;Plena Noite;Decrescente;C�u Claro;Simples;Reta;N�o;1;0;0;0;0;1;0;1;-14,57655601;-39,337183;SPRF-BA;DEL05-BA;UOP01-DEL05-BA;;;
710911;11/08/2025;segunda-feira;00:30:00;PR;116;133;PINHAIS;Aus�ncia de rea��o do condutor;Colis�o com objeto;Sem V�timas;Plena Noite;Crescente;C�u Claro;Dupla;"Curva;Declive";N�o;1;0;0;0;1;0;0;1;-25,42525;-49,19053;SPRF-PR;DEL01-PR;UOP03-DEL01-PR;;;
710912;10/08/2025;domingo;23:00:00;PA;316;108;SANTA MARIA DO PARA;Aus�ncia de rea��o do condutor;Colis�o lateral sentido oposto;Com V�timas Feridas;Plena Noite;Crescente;C�u Claro;Simples;Reta;N�o;2;0;0;1;1;0;1;2;-1,33120003;-47,5322628;SPRF-PA;DEL01-PA;UOP02-DEL01-PA;;;
710913;11/08/2025;segunda-feira;01:00:00;MA;316;548,8;CAXIAS;Transitar na contram�o;Colis�o transversal;Com V�timas Feridas;Plena Noite;Decrescente;C�u Claro;Simples;Reta;N�o;2;0;1;0;1;0;1;2;-4,887562;-43,374413;SPRF-MA;DEL03-MA;UOP02-DEL03-MA;;;
710914;11/08/2025;segunda-feira;01:05:00;SC;101;444,1;SANTA ROSA DO SUL;Aus�ncia de rea��o do condutor;Colis�o com objeto;Sem V�timas;Plena Noite;Crescente;C�u Claro;M�ltipla;Interse��o de Vias;Sim;2;0;0;0;0;2;0;2;-29,135184;-49,708279;SPRF-SC;DEL02-SC;UOP02-DEL02-SC;;;
710917;11/08/2025;segunda-feira;02:35:00;RS;386;333;MARQUES DE SOUZA;Aus�ncia de rea��o do condutor;Colis�o com objeto;Com V�timas Feridas;Plena Noite;Decrescente;C�u Claro;Dupla;Curva;N�o;2;0;1;0;0;1;1;1;-29,34460911;-52,07326261;SPRF-RS;DEL04-RS;UOP01-DEL04-RS;;;
710918;11/08/2025;segunda-feira;02:40:00;GO;50;197,3;CAMPO ALEGRE DE GOIAS;Condutor Dormindo;Sa�da de leito carro��vel;Com V�timas Feridas;Plena Noite;Crescente;C�u Claro;Dupla;Reta;N�o;1;0;1;0;0;0;1;1;-17,55846405;-47,82781962;SPRF-GO;DEL06-GO;UOP01-DEL06-GO;;;
710919;11/08/2025;segunda-feira;01:40:00;BA;116;747,8;POCOES;Ingest�o de �lcool pelo condutor;Colis�o frontal;Sem V�timas;Plena Noite;Decrescente;C�u Claro;Simples;Reta;N�o;4;0;0;0;4;0;0;2;-14,413129;-40,35255;SPRF-BA;DEL08-BA;UOP02-DEL08-BA;;;
710920;10/08/2025;domingo;18:30:00;BA;116;13;VITORIA DA CONQUISTA;Demais falhas mec�nicas ou el�tricas;Inc�ndio;Sem V�timas;Plena Noite;Decrescente;C�u Claro;Simples;Reta;Sim;1;0;0;0;1;0;0;1;-14,886264;-40,870568;SPRF-BA;DEL08-BA;UOP01-DEL08-BA;;;
710923;11/08/2025;segunda-feira;02:30:00;BA;235;259;CURACA;Ingest�o de �lcool pelo condutor;Sa�da de leito carro��vel;Com V�timas Feridas;Plena Noite;Crescente;C�u Claro;Simples;Reta;N�o;1;0;1;0;0;0;1;1;-9,70231;-39,701372;SPRF-BA;DEL07-BA;UOP03-DEL07-BA;;;
710926;11/08/2025;segunda-feira;05:20:00;CE;20;319,7;CARIDADE;Ultrapassagem Indevida;Colis�o lateral sentido oposto;Com V�timas Feridas;Amanhecer;Decrescente;C�u Claro;Simples;"Reta;Declive";N�o;3;0;1;0;2;0;1;2;-4,27315;-39,228629;SPRF-CE;DEL02-CE;UOP01-DEL02-CE;;;
710927;11/08/2025;segunda-feira;03:50:00;RS;293;442,8;QUARAI;Condutor usando celular;Colis�o com objeto;Com V�timas Feridas;Plena Noite;Crescente;Nublado;Simples;"Rotat�ria;Reta";Sim;5;0;5;0;0;0;5;1;-30,3785879;-56,4607143;SPRF-RS;DEL11-RS;UOP01-DEL11-RS;;;
710929;11/08/2025;segunda-feira;02:00:00;MG;381;149,4;GOVERNADOR VALADARES;Condutor deixou de manter dist�ncia do ve�culo da frente;Colis�o traseira;Com V�timas Feridas;Plena Noite;Crescente;Ignorado;Simples;"Reta;Aclive";N�o;4;0;2;2;0;0;4;2;-18,86471253;-41,98916527;SPRF-MG;DEL06-MG;UOP01-DEL06-MG;;;
710931;11/08/2025;segunda-feira;05:55:00;PR;277;3;PARANAGUA;Acessar a via sem observar a presen�a dos outros ve�culos;Colis�o frontal;Com V�timas Feridas;Plena Noite;Decrescente;C�u Claro;Simples;Interse��o de Vias;Sim;2;0;0;1;1;0;1;2;-25,54629854;-48,56020181;SPRF-PR;DEL01-PR;UOP05-DEL01-PR;;;
710932;11/08/2025;segunda-feira;05:45:00;PB;230;92;GURINHEM;Rea��o tardia ou ineficiente do condutor;Colis�o traseira;Com V�timas Feridas;Amanhecer;Decrescente;C�u Claro;Dupla;Reta;N�o;3;0;0;1;2;0;1;2;-7,177848;-35,418012;SPRF-PB;DEL01-PB;UOP02-DEL01-PB;;;
710934;11/08/2025;segunda-feira;06:30:00;RN;101;76;NATAL;Retorno proibido;Colis�o transversal;Com V�timas Feridas;Pleno dia;Crescente;C�u Claro;Dupla;"Aclive;Reta";Sim;2;0;0;1;1;0;1;2;-5,729746;-35,289964;SPRF-RN;DEL02-RN;UOP01-DEL02-RN;;;
710935;10/08/2025;domingo;19:30:00;MG;40;466;SETE LAGOAS;Ingest�o de �lcool pelo condutor;Sa�da de leito carro��vel;Sem V�timas;Pleno dia;Decrescente;C�u Claro;Dupla;Reta;Sim;2;0;0;0;2;0;0;1;-19,44663;-44,321442;SPRF-MG;DEL02-MG;UOP01-DEL02-MG;;;
710936;11/08/2025;segunda-feira;06:35:00;SP;153;75,6;BADY BASSITT;Aus�ncia de rea��o do condutor;Colis�o traseira;Com V�timas Feridas;Pleno dia;Crescente;Sol;Simples;"Rotat�ria;Curva";Sim;2;0;1;0;1;0;1;2;-20,89768633;-49,44010735;SPRF-SP;DEL09-SP;UOP01-DEL09-SP;;;
710938;11/08/2025;segunda-feira;06:33:00;ES;101;264;SERRA;Demais falhas mec�nicas ou el�tricas;Inc�ndio;Sem V�timas;Pleno dia;Crescente;C�u Claro;Simples;Reta;Sim;1;0;0;0;1;0;0;1;-20,0488669;-40,3866817;SPRF-ES;DEL02-ES;UOP01-DEL02-ES;;;
710939;11/08/2025;segunda-feira;06:00:00;RJ;116;197;QUEIMADOS;Aus�ncia de rea��o do condutor;Colis�o traseira;Com V�timas Feridas;Pleno dia;Decrescente;C�u Claro;Dupla;Reta;N�o;2;0;1;0;1;0;1;2;-22,730769;-43,564285;SPRF-RJ;DEL06-RJ;UOP02-DEL06-RJ;;;
710940;11/08/2025;segunda-feira;05:30:00;MT;174;284;PONTES E LACERDA;Animais na Pista;Atropelamento de Animal;Com V�timas Feridas;Amanhecer;Crescente;C�u Claro;Simples;Reta;Sim;1;0;1;0;0;0;1;1;-15,283757;-59,284811;SPRF-MT;DEL04-MT;UOP01-DEL04-MT;;;
710941;11/08/2025;segunda-feira;00:50:00;MG;116;632;DIVINO;Demais falhas mec�nicas ou el�tricas;Inc�ndio;Sem V�timas;Plena Noite;Decrescente;Nublado;Simples;Reta;N�o;1;0;0;0;1;0;0;1;-20,59727631;-42,20775604;SPRF-MG;DEL07-MG;UOP02-DEL07-MG;;;
710943;11/08/2025;segunda-feira;07:00:00;DF;70;17;BRASILIA;Manobra de mudan�a de faixa;Colis�o lateral mesmo sentido;Com V�timas Feridas;Pleno dia;Decrescente;C�u Claro;Dupla;Reta;N�o;4;0;2;0;2;0;2;2;-15,79378365;-48,20358574;SPRF-DF;DEL03-DF;UOP02-DEL03-DF;;;
710945;11/08/2025;segunda-feira;07:32:00;RS;116;265;CANOAS;Trafegar com motocicleta (ou similar) entre as faixas;Colis�o traseira;Com V�timas Feridas;Pleno dia;Crescente;C�u Claro;Dupla;Reta;Sim;2;0;1;0;1;0;1;2;-29,92536324;-51,17790831;SPRF-RS;DEL01-RS;UOP01-DEL01-RS;;;
710946;11/08/2025;segunda-feira;07:20:00;PE;101;79,6;JABOATAO DOS GUARARAPES;Aus�ncia de rea��o do condutor;Tombamento;Com V�timas Feridas;Pleno dia;Crescente;C�u Claro;M�ltipla;Reta;Sim;1;0;1;0;0;0;1;1;-8,14801;-34,94428;SPRF-PE;DEL01-PE;UOP01-DEL01-PE;;;
710947;11/08/2025;segunda-feira;03:10:00;MT;163;568,8;NOVA MUTUM;Condutor Dormindo;Sa�da de leito carro��vel;Com V�timas Feridas;Plena Noite;Crescente;C�u Claro;Dupla;Reta;N�o;1;0;1;0;0;0;1;1;-14,0690164;-56,1037159;SPRF-MT;DEL01-MT;UOP01-DEL01-MT;;;
710949;11/08/2025;segunda-feira;07:15:00;MG;50;167,3;UBERABA;Avarias e/ou desgaste excessivo no pneu;Tombamento;Com V�timas Feridas;Pleno dia;Decrescente;C�u Claro;Dupla;"Curva;Retorno Regulamentado";Sim;1;0;1;0;0;0;1;1;-19,71136;-47,98225;SPRF-MG;DEL13-MG;UOP01-DEL13-MG;;;
710951;11/08/2025;segunda-feira;07:40:00;SP;116;222;GUARULHOS;Ultrapassagem Indevida;Colis�o transversal;Com V�timas Feridas;Pleno dia;Crescente;Nublado;M�ltipla;Reta;Sim;5;0;1;0;4;0;1;3;-23,4753777;-46,52490942;SPRF-SP;DEL01-SP;UOP01-DEL01-SP;;;
710953;11/08/2025;segunda-feira;07:30:00;RS;116;295,6;GUAIBA;Ingest�o de �lcool pelo condutor;Sa�da de leito carro��vel;Sem V�timas;Amanhecer;Crescente;Nevoeiro/Neblina;Dupla;Reta;N�o;1;0;0;0;1;0;0;1;-30,0821405;-51,3418016;SPRF-RS;DEL02-RS;UOP01-DEL02-RS;;;
710955;11/08/2025;segunda-feira;07:00:00;MG;116;631,3;DIVINO;Desrespeitar a prefer�ncia no cruzamento;Colis�o transversal;Com V�timas Feridas;Pleno dia;Crescente;C�u Claro;Simples;"Reta;Interse��o de Vias";N�o;2;0;2;0;0;0;2;2;-20,604116;-42,210095;SPRF-MG;DEL07-MG;UOP02-DEL07-MG;;;
710956;11/08/2025;segunda-feira;01:30:00;RJ;40;40;AREAL;Condutor Dormindo;Queda de ocupante de ve�culo;Com V�timas Feridas;Plena Noite;Decrescente;C�u Claro;Dupla;Curva;N�o;1;0;1;0;0;0;1;1;-22,24340399;-43,10691735;SPRF-RJ;DEL05-RJ;UOP02-DEL05-RJ;;;
710957;11/08/2025;segunda-feira;08:00:00;SP;116;144,8;SAO JOSE DOS CAMPOS;Trafegar com motocicleta (ou similar) entre as faixas;Colis�o traseira;Com V�timas Feridas;Pleno dia;Crescente;C�u Claro;M�ltipla;Reta;Sim;3;0;1;1;1;0;2;2;-23,18714704;-45,85519284;SPRF-SP;DEL02-SP;UOP01-DEL02-SP;;;
710958;11/08/2025;segunda-feira;07:15:00;GO;70;1;AGUAS LINDAS DE GOIAS;Demais falhas mec�nicas ou el�tricas;Eventos at�picos;Com V�timas Feridas;Pleno dia;Decrescente;C�u Claro;Dupla;"Reta;Declive";N�o;7;0;1;0;6;0;1;6;-15,77336936;-48,23140103;SPRF-DF;DEL03-DF;UOP02-DEL03-DF;;;
710959;11/08/2025;segunda-feira;07:40:00;BA;324;537;AMELIA RODRIGUES;Acessar a via sem observar a presen�a dos outros ve�culos;Colis�o transversal;Com V�timas Feridas;Amanhecer;Crescente;C�u Claro;Dupla;Reta;N�o;2;0;1;0;1;0;1;2;-12,3784522;-38,8021996;SPRF-BA;DEL01-BA;UOP03-DEL01-BA;;;
710960;11/08/2025;segunda-feira;08:10:00;RS;290;96,2;PORTO ALEGRE;Trafegar com motocicleta (ou similar) entre as faixas;Colis�o lateral mesmo sentido;Com V�timas Feridas;Pleno dia;Crescente;C�u Claro;M�ltipla;Reta;Sim;2;0;1;0;1;0;1;2;-29,98545309;-51,20282404;SPRF-RS;DEL01-RS;UOP01-DEL01-RS;;;
710961;11/08/2025;segunda-feira;06:37:00;RS;290;420,8;SAO GABRIEL;Acessar a via sem observar a presen�a dos outros ve�culos;Atropelamento de Pedestre;Com V�timas Feridas;Pleno dia;Crescente;C�u Claro;Simples;Rotat�ria;N�o;2;0;0;1;1;0;1;2;-30,33751378;-54,34460012;SPRF-RS;DEL11-RS;UOP02-DEL11-RS;;;
710963;11/08/2025;segunda-feira;06:15:00;MT;364;299,5;JACIARA;Aus�ncia de rea��o do condutor;Queda de ocupante de ve�culo;Com V�timas Feridas;Pleno dia;Decrescente;Sol;Dupla;Curva;N�o;1;0;1;0;0;0;1;1;-15,84119572;-55,15467435;SPRF-MT;DEL05-MT;UOP02-DEL05-MT;;;
710964;10/08/2025;domingo;06:00:00;PE;407;91,1;PETROLINA;Condutor Dormindo;Sa�da de leito carro��vel;Sem V�timas;Amanhecer;Crescente;C�u Claro;Simples;Reta;N�o;1;0;0;0;0;1;0;1;-9,1031733;-40,64967942;SPRF-PE;DEL06-PE;UOP02-DEL06-PE;;;
710965;11/08/2025;segunda-feira;08:00:00;PR;116;100,9;SAO JOSE DOS PINHAIS;Trafegar com motocicleta (ou similar) entre as faixas;Colis�o traseira;Com V�timas Feridas;Pleno dia;Crescente;C�u Claro;Dupla;Reta;Sim;2;0;1;0;1;0;1;2;-25,566353;-49,168319;SPRF-PR;DEL01-PR;UOP07-DEL01-PR;;;
710966;11/08/2025;segunda-feira;08:20:00;RJ;116;172;RIO DE JANEIRO;Aus�ncia de rea��o do condutor;Tombamento;Com V�timas Feridas;Pleno dia;Crescente;Chuva;Dupla;Reta;Sim;1;0;1;0;0;0;1;1;-22,8044823;-43,3452118;SPRF-RJ;DEL06-RJ;UOP01-DEL06-RJ;;;
710968;11/08/2025;segunda-feira;06:40:00;RJ;101;385;RIO DE JANEIRO;Rea��o tardia ou ineficiente do condutor;Sa�da de leito carro��vel;Com V�timas Feridas;Amanhecer;Decrescente;Nublado;Dupla;Reta;N�o;3;0;3;0;0;0;3;1;-22,881834;-43,635025;SPRF-RJ;DEL03-RJ;UOP01-DEL03-RJ;;;
710969;11/08/2025;segunda-feira;08:50:00;SC;282;19,1;PALHOCA;Mal s�bito do condutor;Colis�o frontal;Com V�timas Feridas;Pleno dia;Decrescente;C�u Claro;Simples;"Reta;Aclive;Viaduto";N�o;4;0;1;0;3;0;1;3;-27,679647;-48,703455;SPRF-SC;DEL01-SC;UOP02-DEL01-SC;;;
710970;11/08/2025;segunda-feira;07:50:00;SC;470;0,9;NAVEGANTES;Manobra de mudan�a de faixa;Colis�o com objeto;Com V�timas Feridas;Pleno dia;Decrescente;C�u Claro;Dupla;Reta;N�o;1;0;1;0;0;0;1;1;-26,87996609;-48,66389601;SPRF-SC;DEL04-SC;UOP04-DEL04-SC;;;
710972;11/08/2025;segunda-feira;07:50:00;SC;101;27;JOINVILLE;Acessar a via sem observar a presen�a dos outros ve�culos;Colis�o transversal;Com V�timas Feridas;Pleno dia;Crescente;C�u Claro;Simples;Rotat�ria;Sim;2;0;0;1;1;0;1;2;-26,20301027;-48,91387638;SPRF-SC;DEL03-SC;UOP01-DEL03-SC;;;
710973;11/08/2025;segunda-feira;03:00:00;RJ;116;185;NOVA IGUACU;Ilumina��o deficiente;Tombamento;Com V�timas Feridas;Plena Noite;Crescente;Chuva;Dupla;"Reta;Em Obras";Sim;2;0;2;0;0;0;2;1;-22,76372119;-43,4179887;SPRF-RJ;DEL06-RJ;UOP01-DEL06-RJ;;;
710974;02/08/2025;s�bado;04:10:00;PI;343;1;TERESINA;Aus�ncia de rea��o do condutor;Colis�o lateral mesmo sentido;Com V�timas Feridas;Amanhecer;Crescente;Nublado;Dupla;Reta;N�o;3;0;3;0;0;0;3;2;-5,079977;-42,756547;SPRF-PI;DEL01-PI;UOP01-DEL01-PI;;;
710975;11/08/2025;segunda-feira;08:20:00;RJ;101;474;ANGRA DOS REIS;Acessar a via sem observar a presen�a dos outros ve�culos;Colis�o transversal;Com V�timas Feridas;Pleno dia;Decrescente;Chuva;Simples;"Reta;Declive";N�o;3;0;1;0;2;0;1;2;-22,98798752;-44,23646092;SPRF-RJ;DEL03-RJ;UOP03-DEL03-RJ;;;
710976;11/08/2025;segunda-feira;09:32:00;SP;153;49,1;SAO JOSE DO RIO PRETO;Aus�ncia de rea��o do condutor;Colis�o traseira;Com V�timas Feridas;Pleno dia;Crescente;C�u Claro;Simples;Reta;N�o;3;0;1;0;2;0;1;2;-20,70220416;-49,33941571;SPRF-SP;DEL09-SP;UOP01-DEL09-SP;;;
710977;11/08/2025;segunda-feira;10:15:00;MG;381;670;PERDOES;Condutor deixou de manter dist�ncia do ve�culo da frente;Colis�o traseira;Com V�timas Feridas;Pleno dia;Crescente;C�u Claro;Dupla;Reta;N�o;3;0;1;0;2;0;1;2;-21,055609;-45,041631;SPRF-MG;DEL04-MG;UOP02-DEL04-MG;;;
710979;11/08/2025;segunda-feira;09:40:00;PR;369;500;CASCAVEL;Ultrapassagem Indevida;Colis�o frontal;Com V�timas Feridas;Pleno dia;Crescente;C�u Claro;Simples;Reta;N�o;3;0;2;0;1;0;2;2;-24,9071527;-53,3765907;SPRF-PR;DEL04-PR;UOP01-DEL04-PR;;;
710980;20/06/2025;sexta-feira;13:50:00;MG;40;497,3;ESMERALDAS;Demais falhas mec�nicas ou el�tricas;Eventos at�picos;Com V�timas Feridas;Pleno dia;Crescente;C�u Claro;Dupla;"Reta;Declive";N�o;1;0;0;1;0;0;1;1;-19,68205659;-44,18454945;SPRF-MG;DEL02-MG;UOP01-DEL02-MG;;;
710981;11/08/2025;segunda-feira;09:35:00;DF;20;8,9;BRASILIA;Rea��o tardia ou ineficiente do condutor;Colis�o traseira;Com V�timas Feridas;Pleno dia;Crescente;C�u Claro;Dupla;"Reta;Interse��o de Vias";Sim;4;0;2;1;1;0;3;2;-15,65401;-47,783;SPRF-DF;DEL02-DF;UOP01-DEL02-DF;;;
710982;11/08/2025;segunda-feira;10:25:00;SC;101;85;BARRA VELHA;Rea��o tardia ou ineficiente do condutor;Colis�o lateral mesmo sentido;Com V�timas Feridas;Pleno dia;Crescente;C�u Claro;Dupla;Reta;Sim;2;0;1;0;1;0;1;2;-26,63599354;-48,69743979;SPRF-SC;DEL03-SC;UOP02-DEL03-SC;;;
710983;11/08/2025;segunda-feira;10:15:00;SP;116;221;GUARULHOS;Rea��o tardia ou ineficiente do condutor;Tombamento;Com V�timas Feridas;Pleno dia;Crescente;C�u Claro;M�ltipla;Reta;Sim;1;0;1;0;0;0;1;1;-23,469664;-46,513832;SPRF-SP;DEL01-SP;UOP01-DEL01-SP;;;
710984;11/08/2025;segunda-feira;10:10:00;MG;153;1;ARAPORA;Aus�ncia de rea��o do condutor;Colis�o lateral mesmo sentido;Com V�timas Feridas;Pleno dia;Crescente;C�u Claro;Dupla;Reta;Sim;2;0;1;0;1;0;1;2;-18,41991771;-49,19454273;SPRF-MG;DEL15-MG;UOP03-DEL15-MG;;;
710985;11/08/2025;segunda-feira;10:10:00;CE;116;10;FORTALEZA;Manobra de mudan�a de faixa;Colis�o lateral mesmo sentido;Com V�timas Feridas;Pleno dia;Crescente;Nublado;Dupla;Reta;Sim;2;0;1;0;0;1;1;2;-3,83548504;-38,50321412;SPRF-CE;DEL01-CE;UOP02-DEL01-CE;;;
710986;11/08/2025;segunda-feira;09:55:00;RJ;101;395;ITAGUAI;Rea��o tardia ou ineficiente do condutor;Tombamento;Com V�timas Feridas;Pleno dia;Decrescente;Nublado;Dupla;Reta;Sim;6;0;1;0;5;0;1;1;-22,86687928;-43,75012144;SPRF-RJ;DEL03-RJ;UOP01-DEL03-RJ;;;
710987;11/08/2025;segunda-feira;10:15:00;RJ;116;109;GUAPIMIRIM;Acessar a via sem observar a presen�a dos outros ve�culos;Colis�o transversal;Com V�timas Feridas;Pleno dia;Decrescente;C�u Claro;Dupla;"Retorno Regulamentado;Reta";Sim;2;0;1;0;1;0;1;2;-22,533599;-42,993387;SPRF-RJ;DEL04-RJ;UOP01-DEL04-RJ;;;
710990;26/07/2025;s�bado;06:00:00;SC;470;123;IBIRAMA;Ultrapassagem Indevida;Colis�o frontal;Com V�timas Feridas;Amanhecer;Crescente;Nevoeiro/Neblina;Simples;Reta;N�o;3;0;1;0;2;0;1;2;-27,10544998;-49,52207062;SPRF-SC;DEL04-SC;UOP02-DEL04-SC;;;
710993;11/08/2025;segunda-feira;08:00:00;RN;101;95;NATAL;Avarias e/ou desgaste excessivo no pneu;Queda de ocupante de ve�culo;Com V�timas Feridas;Pleno dia;Crescente;C�u Claro;M�ltipla;Reta;Sim;2;0;1;0;0;1;1;1;-5,84478185;-35,20885197;SPRF-RN;DEL01-RN;UOP01-DEL01-RN;;;
710995;25/07/2025;sexta-feira;11:28:00;PB;230;25;JOAO PESSOA;Acesso irregular;Colis�o transversal;Com V�timas Feridas;Pleno dia;Decrescente;C�u Claro;Simples;Interse��o de Vias;Sim;2;0;2;0;0;0;2;2;-7,17075;-34,86919;SPRF-PB;DEL01-PB;UOP01-DEL01-PB;;;
710996;11/08/2025;segunda-feira;11:40:00;CE;116;9;FORTALEZA;Aus�ncia de rea��o do condutor;Colis�o lateral mesmo sentido;Com V�timas Feridas;Pleno dia;Decrescente;C�u Claro;Dupla;Reta;Sim;2;0;0;1;1;0;1;2;-3,8219187;-38,50354;SPRF-CE;DEL01-CE;UOP02-DEL01-CE;;;
710997;11/08/2025;segunda-feira;11:30:00;PR;277;653,9;MATELANDIA;Condutor deixou de manter dist�ncia do ve�culo da frente;Engavetamento;Com V�timas Feridas;Pleno dia;Crescente;C�u Claro;Simples;Reta;N�o;5;0;1;0;4;0;1;4;-25,21695644;-53,95140521;SPRF-PR;DEL05-PR;UOP02-DEL05-PR;;;
710998;11/08/2025;segunda-feira;11:44:00;RN;304;300;MACAIBA;Aus�ncia de rea��o do condutor;Colis�o traseira;Com V�timas Feridas;Pleno dia;Decrescente;C�u Claro;Dupla;Reta;N�o;3;0;2;0;1;0;2;2;-5,873806;-35,314813;SPRF-RN;DEL01-RN;UOP02-DEL01-RN;;;
710999;11/08/2025;segunda-feira;12:20:00;ES;101;149,3;LINHARES;Velocidade Incompat�vel;Colis�o lateral mesmo sentido;Com V�timas Feridas;Pleno dia;Decrescente;C�u Claro;M�ltipla;"Reta;Interse��o de Vias";N�o;3;0;1;0;2;0;1;2;-19,39895518;-40,06271047;SPRF-ES;DEL04-ES;UOP01-DEL04-ES;;;
711000;11/08/2025;segunda-feira;11:54:00;PE;316;86;OURICURI;Ingest�o de �lcool pelo condutor;Colis�o lateral sentido oposto;Sem V�timas;Pleno dia;Crescente;Sol;Simples;Reta;N�o;3;0;0;0;2;1;0;2;-7,890487;-40,061105;SPRF-PE;DEL05-PE;UOP02-DEL05-PE;;;
711005;11/08/2025;segunda-feira;12:35:00;RJ;101;322;NITEROI;Frear bruscamente;Colis�o traseira;Com V�timas Feridas;Pleno dia;Crescente;C�u Claro;M�ltipla;Reta;N�o;3;0;2;0;1;0;2;2;-22,87685197;-43,11685421;SPRF-RJ;DEL02-RJ;UOP01-DEL02-RJ;;;