id;data_inversa;dia_semana;horario;uf;br;km;municipio;causa_acidente;tipo_acidente;classificacao_acidente;fase_dia;sentido_via;condicao_metereologica;tipo_pista;tracado_via;uso_solo;pessoas;mortos;feridos_leves;feridos_graves;ilesos;ignorados;feridos;veiculos;latitude;longitude;regional;delegacia;uop;;;
711007;11/08/2025;segunda-feira;13:00:00;PE;232;7;RECIFE;Condutor deixou de manter dist�ncia do ve�culo da frente;Colis�o traseira;Com V�timas Feridas;Pleno dia;Decrescente;C�u Claro;Dupla;Reta;Sim;2;0;1;0;1;0;1;2;-8,073532;-34,961832;SPRF-PE;DEL01-PE;UOP01-DEL01-PE;;;
711009;11/08/2025;segunda-feira;13:00:00;PR;277;730,5;FOZ DO IGUACU;Transitar na contram�o;Colis�o frontal;Com V�timas Feridas;Pleno dia;Decrescente;Sol;Simples;Reta;Sim;2;0;1;1;0;0;2;2;-25,50952405;-54,59892869;SPRF-PR;DEL05-PR;UOP03-DEL05-PR;;;
711010;11/08/2025;segunda-feira;13:05:00;RJ;116;172;SAO JOAO DE MERITI;Trafegar com motocicleta (ou similar) entre as faixas;Colis�o lateral mesmo sentido;Com V�timas Feridas;Pleno dia;Crescente;Nublado;Dupla;Reta;Sim;2;0;1;0;1;0;1;2;-22,80261999;-43,34887203;SPRF-RJ;DEL06-RJ;UOP01-DEL06-RJ;;;
711011;11/08/2025;segunda-feira;13:46:00;ES;101;155,4;LINHARES;Transitar na contram�o;Sa�da de leito carro��vel;Com V�timas Feridas;Pleno dia;Decrescente;C�u Claro;Simples;Reta;N�o;1;0;1;0;0;0;1;1;-19,44153333;-40,091225;SPRF-ES;DEL04-ES;UOP01-DEL04-ES;;;
711012;11/08/2025;segunda-feira;12:57:00;PE;101;68;RECIFE;Carga excessiva e/ou mal acondicionada;Tombamento;Com V�timas Feridas;Pleno dia;Crescente;C�u Claro;Dupla;Reta;Sim;1;0;1;0;0;0;1;1;-8,057469;-34,946354;SPRF-PE;DEL01-PE;UOP01-DEL01-PE;;;
711013;11/08/2025;segunda-feira;13:20:00;CE;230;2,2;IPAUMIRIM;Manobra de mudan�a de faixa;Colis�o frontal;Com V�timas Fatais;Pleno dia;Crescente;C�u Claro;Simples;Reta;N�o;3;1;0;1;1;0;1;2;-6,851134;-38,700247;SPRF-PB;DEL03-PB;UOP03-DEL03-PB;;;
711014;11/08/2025;segunda-feira;13:15:00;PR;116;122,6;CURITIBA;Condutor deixou de manter dist�ncia do ve�culo da frente;Colis�o traseira;Com V�timas Feridas;Pleno dia;Crescente;C�u Claro;Dupla;"Curva;Declive";N�o;2;0;0;1;1;0;1;2;-25,608273;-49,319367;SPRF-PR;DEL01-PR;UOP03-DEL01-PR;;;
711015;11/08/2025;segunda-feira;13:20:00;PB;230;19;JOAO PESSOA;Aus�ncia de rea��o do condutor;Colis�o traseira;Com V�timas Feridas;Pleno dia;Crescente;C�u Claro;Dupla;"Reta;Aclive";Sim;2;0;1;0;0;1;1;2;-7,13259746;-34,85367132;SPRF-PB;DEL01-PB;UOP01-DEL01-PB;;;
711016;09/08/2025;s�bado;19:00:00;MA;135;66,5;SANTA RITA;Acessar a via sem observar a presen�a dos outros ve�culos;Colis�o transversal;Com V�timas Fatais;Plena Noite;Decrescente;C�u Claro;Dupla;Reta;N�o;2;1;0;0;0;1;0;2;-3,110615;-44,323;SPRF-MA;DEL01-MA;UOP02-DEL01-MA;;;
711017;11/08/2025;segunda-feira;11:45:00;MT;174;4;PONTES E LACERDA;Acessar a via sem observar a presen�a dos outros ve�culos;Colis�o transversal;Com V�timas Feridas;Pleno dia;Crescente;C�u Claro;Simples;Reta;Sim;2;0;1;0;1;0;1;2;-15,23811309;-59,33888066;SPRF-MT;DEL04-MT;UOP01-DEL04-MT;;;
711018;11/08/2025;segunda-feira;13:20:00;RJ;465;18;RIO DE JANEIRO;Velocidade Incompat�vel;Queda de ocupante de ve�culo;Com V�timas Feridas;Pleno dia;Decrescente;Nublado;Simples;Reta;N�o;2;0;1;0;0;1;1;1;-22,82923319;-43,61658096;SPRF-RJ;DEL06-RJ;UOP02-DEL06-RJ;;;
711019;11/08/2025;segunda-feira;13:20:00;RS;285;119;VACARIA;Pedestre cruzava a pista fora da faixa;Atropelamento de Pedestre;Com V�timas Feridas;Pleno dia;Decrescente;C�u Claro;Simples;"Reta;Interse��o de Vias";Sim;3;0;1;0;1;1;1;2;-28,50150689;-50,91921845;SPRF-RS;DEL05-RS;UOP03-DEL05-RS;;;
711020;11/08/2025;segunda-feira;13:08:00;SP;116;136;SAO JOSE DOS CAMPOS;Condutor deixou de manter dist�ncia do ve�culo da frente;Engavetamento;Com V�timas Feridas;Pleno dia;Decrescente;Sol;Dupla;Reta;Sim;4;0;1;0;3;0;1;4;-23,14377161;-45,76837912;SPRF-SP;DEL02-SP;UOP01-DEL02-SP;;;
711021;11/08/2025;segunda-feira;10:00:00;SC;470;114,7;IBIRAMA;Aus�ncia de rea��o do condutor;Colis�o lateral mesmo sentido;Com V�timas Feridas;Pleno dia;Crescente;C�u Claro;Simples;Reta;Sim;2;0;2;0;0;0;2;2;-27,0802;-49,48556;SPRF-SC;DEL04-SC;UOP02-DEL04-SC;;;
711023;11/08/2025;segunda-feira;14:20:00;MG;40;700,5;BARBACENA;Condutor deixou de manter dist�ncia do ve�culo da frente;Colis�o traseira;Com V�timas Feridas;Pleno dia;Crescente;Sol;Dupla;Reta;N�o;3;0;1;0;2;0;1;2;-21,20994029;-43,74947613;SPRF-MG;DEL05-MG;UOP02-DEL05-MG;;;
711024;11/08/2025;segunda-feira;10:51:00;RN;405;158;RAFAEL FERNANDES;Aus�ncia de rea��o do condutor;Colis�o traseira;Com V�timas Feridas;Pleno dia;Crescente;C�u Claro;Simples;Reta;N�o;4;0;1;0;3;0;1;2;-6,174616;-38,2131217;SPRF-RN;DEL04-RN;UOP02-DEL04-RN;;;
711025;11/08/2025;segunda-feira;14:55:00;SC;101;154;PORTO BELO;Rea��o tardia ou ineficiente do condutor;Sa�da de leito carro��vel;Com V�timas Feridas;Pleno dia;Decrescente;C�u Claro;M�ltipla;"Curva;Declive;Viaduto";N�o;1;0;0;1;0;0;1;1;-27,16429934;-48,61283898;SPRF-SC;DEL04-SC;UOP03-DEL04-SC;;;
711027;11/08/2025;segunda-feira;06:00:00;RO;319;10;PORTO VELHO;Condutor Dormindo;Sa�da de leito carro��vel;Com V�timas Feridas;Amanhecer;Crescente;C�u Claro;Dupla;Reta;N�o;2;0;2;0;0;0;2;1;-8,62424405;-63,99671048;SPRF-RO;DEL01-RO;UOP01-DEL01-RO;;;
711029;11/08/2025;segunda-feira;14:00:00;GO;60;20;ALEXANIA;Velocidade Incompat�vel;Colis�o traseira;Com V�timas Feridas;Pleno dia;Decrescente;C�u Claro;Dupla;Reta;Sim;3;0;3;0;0;0;3;2;-16,122081;-48,415795;SPRF-DF;DEL03-DF;UOP01-DEL03-DF;;;
711030;11/08/2025;segunda-feira;14:15:00;PB;230;24,5;JOAO PESSOA;Aus�ncia de rea��o do condutor;Colis�o lateral mesmo sentido;Com V�timas Feridas;Pleno dia;Decrescente;C�u Claro;Dupla;"Declive;Viaduto;Reta";Sim;2;0;1;0;1;0;1;2;-7,16885;-34,86467;SPRF-PB;DEL01-PB;UOP01-DEL01-PB;;;
711032;11/08/2025;segunda-feira;14:50:00;PR;116;60;CAMPINA GRANDE DO SUL;Aus�ncia de rea��o do condutor;Sa�da de leito carro��vel;Com V�timas Feridas;Pleno dia;Crescente;C�u Claro;Dupla;Curva;N�o;1;0;0;1;0;0;1;1;-25,30334387;-48,95943488;SPRF-PR;DEL01-PR;UOP02-DEL01-PR;;;
711033;28/07/2025;segunda-feira;07:05:00;RJ;101;319;NITEROI;Aus�ncia de rea��o do condutor;Colis�o lateral mesmo sentido;Com V�timas Feridas;Pleno dia;Crescente;C�u Claro;Dupla;Reta;Sim;4;0;3;0;1;0;3;3;-22,86059732;-43,10716248;SPRF-RJ;DEL02-RJ;UOP02-DEL02-RJ;;;
711035;10/07/2025;quinta-feira;13:30:00;RS;116;250;SAO LEOPOLDO;Condutor deixou de manter dist�ncia do ve�culo da frente;Colis�o lateral mesmo sentido;Com V�timas Feridas;Pleno dia;Crescente;C�u Claro;M�ltipla;Reta;N�o;3;0;1;0;2;0;1;3;-29,78917379;-51,1637426;SPRF-RS;DEL01-RS;UOP02-DEL01-RS;;;
711039;11/08/2025;segunda-feira;13:40:00;ES;262;163;IBATIBA;Manobra de mudan�a de faixa;Colis�o lateral sentido oposto;Com V�timas Feridas;Pleno dia;Crescente;Sol;Simples;Reta;N�o;3;0;2;0;1;0;2;3;-20,23842;-41,536527;SPRF-ES;DEL01-ES;UOP02-DEL01-ES;;;
711040;11/08/2025;segunda-feira;13:30:00;GO;60;275,5;JANDAIA;Aus�ncia de rea��o do condutor;Sa�da de leito carro��vel;Com V�timas Feridas;Pleno dia;Crescente;C�u Claro;Dupla;Curva;N�o;1;0;1;0;0;0;1;1;-17,219804;-50,184872;SPRF-GO;DEL04-GO;UOP02-DEL04-GO;;;
711042;11/08/2025;segunda-feira;14:50:00;GO;153;436,8;ANAPOLIS;Aus�ncia de rea��o do condutor;Sa�da de leito carro��vel;Com V�timas Feridas;Pleno dia;Decrescente;Sol;Dupla;"Em Obras;Curva";N�o;1;0;1;0;0;0;1;1;-16,30040644;-48,92602712;SPRF-GO;DEL02-GO;UOP01-DEL02-GO;;;
711043;11/08/2025;segunda-feira;13:00:00;MG;354;753,1;ITAMONTE;Ultrapassagem Indevida;Colis�o lateral mesmo sentido;Com V�timas Feridas;Pleno dia;Decrescente;C�u Claro;Simples;Interse��o de Vias;Sim;2;0;2;0;0;0;2;2;-22,27837567;-44,8739031;SPRF-MG;DEL17-MG;UOP01-DEL17-MG;;;
711044;11/08/2025;segunda-feira;15:00:00;RJ;101;304;SAO GONCALO;Demais falhas mec�nicas ou el�tricas;Inc�ndio;Sem V�timas;Pleno dia;Decrescente;Sol;Dupla;Reta;Sim;1;0;0;0;1;0;0;1;-22,79307;-43,025032;SPRF-RJ;DEL02-RJ;UOP02-DEL02-RJ;;;
711045;11/08/2025;segunda-feira;14:30:00;PA;10;344;SANTA MARIA DO PARA;Rea��o tardia ou ineficiente do condutor;Sa�da de leito carro��vel;Sem V�timas;Pleno dia;Crescente;C�u Claro;Simples;Reta;N�o;4;0;0;0;4;0;0;1;-1,430042;-47,547785;SPRF-PA;DEL01-PA;UOP02-DEL01-PA;;;
711046;11/08/2025;segunda-feira;15:12:00;RJ;116;311,1;RESENDE;Rea��o tardia ou ineficiente do condutor;Colis�o traseira;Com V�timas Feridas;Pleno dia;Decrescente;C�u Claro;Dupla;"Reta;Em Obras";N�o;4;0;2;0;2;0;2;2;-22,4608703;-44,4539523;SPRF-RJ;DEL07-RJ;UOP02-DEL07-RJ;;;
711047;11/08/2025;segunda-feira;15:40:00;CE;20;404;CAUCAIA;Acessar a via sem observar a presen�a dos outros ve�culos;Colis�o transversal;Com V�timas Feridas;Pleno dia;Decrescente;C�u Claro;Simples;"Reta;Interse��o de Vias";N�o;2;0;0;1;1;0;1;2;-3,77847;-38,68641;SPRF-CE;DEL01-CE;UOP01-DEL01-CE;;;
711048;04/08/2025;segunda-feira;18:03:00;CE;304;53;ARACATI;Acessar a via sem observar a presen�a dos outros ve�culos;Colis�o frontal;Com V�timas Feridas;Anoitecer;Decrescente;C�u Claro;Simples;Curva;N�o;2;0;0;1;1;0;1;2;-4,56860127;-37,75183288;SPRF-CE;DEL03-CE;UOP02-DEL03-CE;;;
711049;11/08/2025;segunda-feira;13:30:00;MT;364;189,8;RONDONOPOLIS;Aus�ncia de rea��o do condutor;Sa�da de leito carro��vel;Com V�timas Feridas;Pleno dia;Crescente;C�u Claro;Simples;Curva;N�o;1;0;0;1;0;0;1;1;-16,56183901;-54,55271104;SPRF-MT;DEL02-MT;UOP01-DEL02-MT;;;
711050;04/08/2025;segunda-feira;05:20:00;CE;116;475,2;MILAGRES;Chuva;Colis�o lateral sentido oposto;Com V�timas Feridas;Amanhecer;Crescente;Garoa/Chuvisco;Simples;Reta;Sim;2;0;1;1;0;0;2;2;-7,29992895;-38,88620496;SPRF-CE;DEL05-CE;UOP03-DEL05-CE;;;
711051;11/08/2025;segunda-feira;14:30:00;MG;116;665,6;SAO FRANCISCO DO GLORIA;Desrespeitar a prefer�ncia no cruzamento;Colis�o transversal;Com V�timas Feridas;Pleno dia;Crescente;Nublado;Simples;Reta;N�o;4;0;4;0;0;0;4;2;-20,83478835;-42,32240438;SPRF-MG;DEL07-MG;UOP02-DEL07-MG;;;
711053;11/08/2025;segunda-feira;16:05:00;RS;116;361,9;SENTINELA DO SUL;Rea��o tardia ou ineficiente do condutor;Colis�o com objeto;Com V�timas Feridas;Pleno dia;Decrescente;C�u Claro;Dupla;"Reta;Desvio Tempor�rio;Em Obras";N�o;1;0;1;0;0;0;1;1;-30,62857;-51,54798;SPRF-RS;DEL02-RS;UOP02-DEL02-RS;;;
711054;11/08/2025;segunda-feira;13:00:00;MG;262;87,1;ABRE CAMPO;Transitar na contram�o;Colis�o transversal;Com V�timas Feridas;Pleno dia;Crescente;C�u Claro;Simples;Curva;N�o;6;0;2;0;4;0;2;2;-20,33325923;-42,43713856;SPRF-MG;DEL03-MG;UOP03-DEL03-MG;;;
711055;11/08/2025;segunda-feira;16:15:00;MG;381;446,6;SABARA;Transitar no Acostamento;Atropelamento de Pedestre;Com V�timas Feridas;Pleno dia;Decrescente;C�u Claro;Simples;Curva;Sim;4;0;1;0;2;1;1;3;-19,84198668;-43,8634944;SPRF-MG;DEL01-MG;UOP01-DEL01-MG;;;
711056;11/08/2025;segunda-feira;16:16:00;PE;232;4;RECIFE;Rea��o tardia ou ineficiente do condutor;Tombamento;Com V�timas Feridas;Anoitecer;Decrescente;C�u Claro;Simples;Curva;N�o;1;0;1;0;0;0;1;1;-8,067841;-34,941217;SPRF-PE;DEL01-PE;UOP01-DEL01-PE;;;
711058;11/08/2025;segunda-feira;16:00:00;MG;262;95;ABRE CAMPO;Aus�ncia de rea��o do condutor;Colis�o traseira;Com V�timas Feridas;Pleno dia;Decrescente;C�u Claro;Simples;"Reta;Aclive";N�o;2;0;1;0;1;0;1;2;-20,30143981;-42,47133706;SPRF-MG;DEL03-MG;UOP03-DEL03-MG;;;
711059;11/08/2025;segunda-feira;13:10:00;RJ;116;196;SEROPEDICA;Condutor Dormindo;Colis�o com objeto;Com V�timas Feridas;Pleno dia;Decrescente;C�u Claro;Dupla;Reta;N�o;1;0;1;0;0;0;1;1;-22,7147776;-43,7223424;SPRF-RJ;DEL06-RJ;UOP01-DEL06-RJ;;;
711060;11/08/2025;segunda-feira;16:20:00;PR;369;182;ARAPONGAS;Desrespeitar a prefer�ncia no cruzamento;Colis�o transversal;Com V�timas Feridas;Pleno dia;Crescente;C�u Claro;Dupla;Reta;Sim;2;0;1;0;1;0;1;2;-23,38430639;-51,41900746;SPRF-PR;DEL07-PR;UOP03-DEL07-PR;;;
711061;11/08/2025;segunda-feira;15:30:00;PR;376;167;MARINGA;Rea��o tardia ou ineficiente do condutor;Colis�o traseira;Com V�timas Feridas;Pleno dia;Crescente;Sol;Dupla;Reta;N�o;2;0;1;0;1;0;1;2;-23,390131;-52,015133;SPRF-PR;DEL09-PR;UOP01-DEL09-PR;;;
711062;07/08/2025;quinta-feira;12:01:00;GO;40;11,1;LUZIANIA;Entrada inopinada do pedestre;Atropelamento de Pedestre;Com V�timas Feridas;Pleno dia;Decrescente;Sol;Dupla;Reta;N�o;3;0;2;1;0;0;3;2;-16,141507;-47,948352;SPRF-DF;DEL01-DF;UOP01-DEL01-DF;;;
711063;11/08/2025;segunda-feira;16:55:00;SC;101;211,8;PALHOCA;Rea��o tardia ou ineficiente do condutor;Colis�o traseira;Com V�timas Feridas;Pleno dia;Decrescente;C�u Claro;M�ltipla;Reta;Sim;2;0;1;0;1;0;1;2;-27,62845259;-48,65722267;SPRF-SC;DEL01-SC;UOP02-DEL01-SC;;;
711064;11/08/2025;segunda-feira;17:00:00;PI;343;3,4;PARNAIBA;Desrespeitar a prefer�ncia no cruzamento;Colis�o transversal;Com V�timas Feridas;Pleno dia;Crescente;Sol;Simples;Curva;N�o;2;0;0;1;1;0;1;2;-2,90223864;-41,68470383;SPRF-PI;DEL05-PI;UOP01-DEL05-PI;;;
711065;11/08/2025;segunda-feira;16:30:00;PR;116;122,7;CURITIBA;Condutor deixou de manter dist�ncia do ve�culo da frente;Colis�o traseira;Com V�timas Feridas;Pleno dia;Crescente;Sol;Dupla;"Retorno Regulamentado;Curva";N�o;2;0;1;0;0;1;1;2;-25,609724;-49,319603;SPRF-PR;DEL01-PR;UOP03-DEL01-PR;;;
711068;11/08/2025;segunda-feira;17:30:00;GO;40;5,5;VALPARAISO DE GOIAS;Condutor deixou de manter dist�ncia do ve�culo da frente;Colis�o traseira;Com V�timas Feridas;Anoitecer;Crescente;C�u Claro;Dupla;Reta;Sim;2;0;1;0;0;1;1;2;-16,096839;-47,980004;SPRF-DF;DEL01-DF;UOP01-DEL01-DF;;;
711069;11/08/2025;segunda-feira;17:00:00;SP;116;158;JACAREI;Rea��o tardia ou ineficiente do condutor;Colis�o traseira;Com V�timas Feridas;Pleno dia;Decrescente;C�u Claro;Dupla;Reta;Sim;4;0;2;0;1;1;2;2;-23,26028292;-45,95121503;SPRF-SP;DEL02-SP;UOP01-DEL02-SP;;;
711070;11/08/2025;segunda-feira;16:20:00;BA;330;853,8;BARRA DO ROCHA;Velocidade Incompat�vel;Capotamento;Com V�timas Feridas;Pleno dia;Decrescente;C�u Claro;Simples;Reta;N�o;2;0;1;0;1;0;1;1;-14,19793162;-39,61851922;SPRF-BA;DEL03-BA;UOP01-DEL03-BA;;;
711071;11/08/2025;segunda-feira;14:50:00;MG;262;458,1;ARAUJOS;Rea��o tardia ou ineficiente do condutor;Sa�da de leito carro��vel;Com V�timas Feridas;Pleno dia;Crescente;C�u Claro;Simples;Reta;N�o;3;0;1;0;2;0;1;1;-19,79591;-45,14794;SPRF-MG;DEL08-MG;UOP03-DEL08-MG;;;
711072;11/08/2025;segunda-feira;17:55:00;CE;116;18;EUSEBIO;Rea��o tardia ou ineficiente do condutor;Colis�o traseira;Com V�timas Feridas;Anoitecer;Crescente;C�u Claro;Dupla;Reta;Sim;2;0;0;1;1;0;1;2;-3,90871542;-38,50582886;SPRF-CE;DEL01-CE;UOP02-DEL01-CE;;;
711073;11/08/2025;segunda-feira;17:30:00;SP;101;51;UBATUBA;Condutor deixou de manter dist�ncia do ve�culo da frente;Colis�o traseira;Com V�timas Feridas;Pleno dia;Decrescente;Sol;Simples;Reta;Sim;2;0;0;1;1;0;1;2;-23,45391066;-45,07374499;SPRF-SP;DEL06-SP;UOP01-DEL06-SP;;;
711074;11/08/2025;segunda-feira;16:52:00;BA;407;5;JUAZEIRO;Condutor deixou de manter dist�ncia do ve�culo da frente;Colis�o traseira;Com V�timas Feridas;Anoitecer;Crescente;C�u Claro;Dupla;Rotat�ria;Sim;3;0;1;0;2;0;1;3;-9,442807;-40,49281;SPRF-PE;DEL06-PE;UOP01-DEL06-PE;;;
711076;11/08/2025;segunda-feira;17:15:00;SC;480;123;CHAPECO;Aus�ncia de rea��o do condutor;Sa�da de leito carro��vel;Com V�timas Feridas;Pleno dia;Crescente;C�u Claro;Simples;"Curva;Interse��o de Vias;Viaduto";Sim;1;0;0;1;0;0;1;1;-26,9994425;-52,64632344;SPRF-SC;DEL07-SC;UOP01-DEL07-SC;;;
711078;11/08/2025;segunda-feira;16:03:00;MS;158;232;TRES LAGOAS;Aus�ncia de rea��o do condutor;Sa�da de leito carro��vel;Com V�timas Fatais;Pleno dia;Decrescente;C�u Claro;Simples;Curva;N�o;2;1;0;0;0;1;0;2;-20,60017597;-51,63264616;SPRF-MS;DEL07-MS;UOP01-DEL07-MS;;;
711079;11/08/2025;segunda-feira;17:45:00;SP;116;119,8;CACAPAVA;Rea��o tardia ou ineficiente do condutor;Engavetamento;Com V�timas Feridas;Anoitecer;Decrescente;C�u Claro;Dupla;"Declive;Reta";N�o;7;0;1;0;5;1;1;6;-23,07360136;-45,64850517;SPRF-SP;DEL02-SP;UOP02-DEL02-SP;;;
711080;11/08/2025;segunda-feira;17:40:00;PR;376;179,1;MARINGA;Demais Fen�menos da natureza;Colis�o traseira;Com V�timas Feridas;Anoitecer;Decrescente;C�u Claro;M�ltipla;"Reta;Aclive";Sim;2;0;1;0;1;0;1;2;-23,42103825;-51,90778255;SPRF-PR;DEL09-PR;UOP01-DEL09-PR;;;
711081;11/08/2025;segunda-feira;15:20:00;RJ;101;477;ANGRA DOS REIS;Acessar a via sem observar a presen�a dos outros ve�culos;Colis�o transversal;Com V�timas Feridas;Pleno dia;Crescente;C�u Claro;Simples;Curva;Sim;3;0;2;0;1;0;2;2;-22,99865686;-44,26445999;SPRF-RJ;DEL03-RJ;UOP03-DEL03-RJ;;;
711082;11/08/2025;segunda-feira;17:45:00;SC;158;112;CUNHA PORA;Suic�dio (presumido);Sa�da de leito carro��vel;Sem V�timas;Anoitecer;Crescente;C�u Claro;Simples;Reta;N�o;1;0;0;0;1;0;0;1;-26,877219;-53,168363;SPRF-SC;DEL07-SC;UOP02-DEL07-SC;;;
711083;11/08/2025;segunda-feira;18:00:00;ES;101;282,2;CARIACICA;Acumulo de areia ou detritos sobre o pavimento;Queda de ocupante de ve�culo;Com V�timas Feridas;Plena Noite;Decrescente;C�u Claro;M�ltipla;Aclive;Sim;1;0;1;0;0;0;1;1;-20,22835175;-40,36567926;SPRF-ES;DEL01-ES;UOP01-DEL01-ES;;;
711084;11/08/2025;segunda-feira;18:30:00;PR;277;726,2;FOZ DO IGUACU;Rea��o tardia ou ineficiente do condutor;Sa�da de leito carro��vel;Com V�timas Feridas;Anoitecer;Crescente;Nublado;Dupla;Curva;Sim;1;0;1;0;0;0;1;1;-25,51054075;-54,55739737;SPRF-PR;DEL05-PR;UOP03-DEL05-PR;;;
711085;11/08/2025;segunda-feira;16:55:00;RJ;465;17;NOVA IGUACU;Rea��o tardia ou ineficiente do condutor;Colis�o traseira;Com V�timas Feridas;Pleno dia;Decrescente;Nublado;Simples;Reta;Sim;4;0;3;0;1;0;3;2;-22,82622708;-43,61810446;SPRF-RJ;DEL06-RJ;UOP02-DEL06-RJ;;;
711087;11/08/2025;segunda-feira;18:00:00;MG;262;364;JUATUBA;Aus�ncia de rea��o do condutor;Colis�o traseira;Com V�timas Feridas;Plena Noite;Decrescente;C�u Claro;Dupla;Interse��o de Vias;N�o;2;0;1;0;1;0;1;2;-19,9606002;-44,33713532;SPRF-MG;DEL01-MG;UOP03-DEL01-MG;;;
711088;11/08/2025;segunda-feira;16:00:00;MG;40;86;PARACATU;Acessar a via sem observar a presen�a dos outros ve�culos;Colis�o lateral mesmo sentido;Com V�timas Feridas;Pleno dia;Decrescente;C�u Claro;Simples;Reta;N�o;3;0;2;0;1;0;2;2;-17,48684082;-46,6107509;SPRF-MG;DEL14-MG;UOP01-DEL14-MG;;;
711089;11/08/2025;segunda-feira;15:20:00;RJ;101;490;ANGRA DOS REIS;Aus�ncia de rea��o do condutor;Queda de ocupante de ve�culo;Com V�timas Feridas;Pleno dia;Decrescente;Nublado;Simples;Reta;N�o;2;0;1;1;0;0;2;1;-23,00770023;-44,21516418;SPRF-RJ;DEL03-RJ;UOP03-DEL03-RJ;;;
711091;11/08/2025;segunda-feira;12:20:00;RS;285;256,1;AGUA SANTA;Rea��o tardia ou ineficiente do condutor;Sa�da de leito carro��vel;Com V�timas Feridas;Pleno dia;Crescente;Sol;Simples;Reta;N�o;2;0;1;1;0;0;2;1;-28,30665;-52,03293;SPRF-RS;DEL08-RS;UOP03-DEL08-RS;;;
711092;11/08/2025;segunda-feira;18:08:00;RJ;101;312;SAO GONCALO;Aus�ncia de rea��o do condutor;Queda de ocupante de ve�culo;Com V�timas Feridas;Plena Noite;Decrescente;C�u Claro;Dupla;Reta;Sim;2;0;1;0;1;0;1;1;-22,7989587;-43,0121923;SPRF-RJ;DEL02-RJ;UOP02-DEL02-RJ;;;
711093;10/08/2025;domingo;22:30:00;AP;210;105;PORTO GRANDE;Acessar a via sem observar a presen�a dos outros ve�culos;Colis�o transversal;Com V�timas Feridas;Plena Noite;Crescente;C�u Claro;Simples;"Reta;Declive";Sim;2;0;1;0;1;0;1;2;0,7024134;-51,4050833;SPRF-AP;DEL01-AP;UOP01-DEL01-AP;;;
711095;11/08/2025;segunda-feira;17:40:00;GO;60;164,7;GOIANIA;Aus�ncia de rea��o do condutor;Colis�o traseira;Com V�timas Feridas;Anoitecer;Decrescente;C�u Claro;M�ltipla;Reta;Sim;2;0;1;0;1;0;1;2;-16,7157606;-49,3623649;SPRF-GO;DEL01-GO;UOP02-DEL01-GO;;;
711097;11/08/2025;segunda-feira;17:00:00;PB;230;130,4;CAMPINA GRANDE;Velocidade Incompat�vel;Sa�da de leito carro��vel;Com V�timas Feridas;Anoitecer;Decrescente;C�u Claro;Dupla;"Declive;Reta";N�o;1;0;1;0;0;0;1;1;-7,277007;-35,730167;SPRF-PB;DEL02-PB;UOP01-DEL02-PB;;;
711098;11/08/2025;segunda-feira;18:57:00;ES;101;268,9;SERRA;Aus�ncia de rea��o do condutor;Tombamento;Com V�timas Feridas;Pleno dia;Crescente;C�u Claro;Dupla;Reta;Sim;2;0;2;0;0;0;2;1;-20,21672832;-40,2701059;SPRF-ES;DEL02-ES;UOP01-DEL02-ES;;;
711099;10/07/2025;quinta-feira;08:00:00;MT;70;528;VARZEA GRANDE;Acessar a via sem observar a presen�a dos outros ve�culos;Colis�o transversal;Com V�timas Feridas;Pleno dia;Decrescente;C�u Claro;Simples;Reta;N�o;2;0;2;0;0;0;2;2;-15,65237705;-56,20129204;SPRF-MT;DEL01-MT;UOP02-DEL01-MT;;;
711100;11/08/2025;segunda-feira;19:25:00;SC;101;215,6;PALHOCA;Acessar a via sem observar a presen�a dos outros ve�culos;Colis�o lateral mesmo sentido;Com V�timas Feridas;Plena Noite;Decrescente;C�u Claro;M�ltipla;Reta;Sim;2;0;0;1;0;1;1;2;-27,656708;-48,678152;SPRF-SC;DEL01-SC;UOP02-DEL01-SC;;;
711102;11/08/2025;segunda-feira;18:30:00;RJ;116;97;GUAPIMIRIM;Aus�ncia de rea��o do condutor;Colis�o com objeto;Sem V�timas;Plena Noite;Decrescente;Nublado;Simples;Curva;N�o;1;0;0;0;1;0;0;1;-22,49823352;-42,99758144;SPRF-RJ;DEL04-RJ;UOP01-DEL04-RJ;;;
711104;11/08/2025;segunda-feira;19:00:00;PR;369;177;ROLANDIA;Acessar a via sem observar a presen�a dos outros ve�culos;Atropelamento de Pedestre;Com V�timas Feridas;Plena Noite;Crescente;C�u Claro;Simples;Reta;Sim;2;0;1;0;1;0;1;2;-23,33727574;-51,38830153;SPRF-PR;DEL07-PR;UOP01-DEL07-PR;;;
711105;11/08/2025;segunda-feira;15:30:00;AC;364;155;BUJARI;Aus�ncia de rea��o do condutor;Colis�o transversal;Com V�timas Feridas;Pleno dia;Crescente;C�u Claro;Simples;Reta;N�o;2;0;0;1;1;0;1;2;-9,83710731;-67,94332691;SPRF-AC;DEL01-AC;UOP01-DEL01-AC;;;