id;data_inversa;dia_semana;horario;uf;br;km;municipio;causa_acidente;tipo_acidente;classificacao_acidente;fase_dia;sentido_via;condicao_metereologica;tipo_pista;tracado_via;uso_solo;pessoas;mortos;feridos_leves;feridos_graves;ilesos;ignorados;feridos;veiculos;latitude;longitude;regional;delegacia;uop;;;
711222;12/08/2025;ter�a-feira;12:30:00;MG;40;450,9;CAETANOPOLIS;Aus�ncia de rea��o do condutor;Sa�da de leito carro��vel;Sem V�timas;Pleno dia;Crescente;C�u Claro;Dupla;Reta;N�o;1;0;0;0;1;0;0;1;-19,323414;-44,365037;SPRF-MG;DEL02-MG;UOP01-DEL02-MG;;;
711223;12/08/2025;ter�a-feira;10:10:00;MG;50;154;UBERABA;Rea��o tardia ou ineficiente do condutor;Sa�da de leito carro��vel;Com V�timas Feridas;Pleno dia;Crescente;C�u Claro;Dupla;"Reta;Declive";N�o;2;0;2;0;0;0;2;1;-19,60416;-48,02362;SPRF-MG;DEL13-MG;UOP01-DEL13-MG;;;
711225;12/08/2025;ter�a-feira;08:45:00;RJ;493;122;ITAGUAI;Velocidade Incompat�vel;Colis�o com objeto;Com V�timas Feridas;Pleno dia;Crescente;C�u Claro;Dupla;"Curva;Declive";N�o;1;0;1;0;0;0;1;1;-22,89971733;-43,82285491;SPRF-RJ;DEL03-RJ;UOP01-DEL03-RJ;;;
711226;12/08/2025;ter�a-feira;08:30:00;MG;40;641,3;CONSELHEIRO LAFAIETE;Velocidade Incompat�vel;Sa�da de leito carro��vel;Com V�timas Feridas;Pleno dia;Crescente;Sol;Simples;"Curva;Declive";N�o;2;0;0;2;0;0;2;1;-20,75559921;-43,80514795;SPRF-MG;DEL05-MG;UOP02-DEL05-MG;;;
711227;12/08/2025;ter�a-feira;14:20:00;MG;381;780;CAMPANHA;Demais falhas mec�nicas ou el�tricas;Inc�ndio;Sem V�timas;Pleno dia;Crescente;C�u Claro;Dupla;Curva;N�o;1;0;0;0;1;0;0;1;-21,812036;-45,489665;SPRF-MG;DEL16-MG;UOP02-DEL16-MG;;;
711229;12/08/2025;ter�a-feira;07:00:00;PI;230;198;OEIRAS;Acessar a via sem observar a presen�a dos outros ve�culos;Colis�o transversal;Com V�timas Feridas;Pleno dia;Decrescente;C�u Claro;Simples;Reta;Sim;3;0;3;0;0;0;3;2;-7,01491712;-42,13758826;SPRF-PI;DEL04-PI;UOP01-DEL04-PI;;;
711230;12/08/2025;ter�a-feira;11:00:00;MT;163;702;SORRISO;Rea��o tardia ou ineficiente do condutor;Colis�o lateral sentido oposto;Com V�timas Feridas;Pleno dia;Decrescente;C�u Claro;Simples;"Reta;Declive";N�o;6;0;1;0;5;0;1;2;-12,959665;-55,871053;SPRF-MT;DEL06-MT;UOP01-DEL06-MT;;;
711232;12/08/2025;ter�a-feira;14:22:00;RJ;101;478;ANGRA DOS REIS;Velocidade Incompat�vel;Engavetamento;Com V�timas Feridas;Pleno dia;Decrescente;C�u Claro;Simples;Reta;Sim;5;0;2;0;3;0;2;3;-23,004902;-44,276403;SPRF-RJ;DEL03-RJ;UOP03-DEL03-RJ;;;
711233;12/08/2025;ter�a-feira;13:25:00;DF;20;17;BRASILIA;Rea��o tardia ou ineficiente do condutor;Engavetamento;Com V�timas Feridas;Pleno dia;Crescente;C�u Claro;Dupla;Reta;Sim;7;0;3;0;4;0;3;4;-15,814671;-47,946877;SPRF-DF;DEL02-DF;UOP01-DEL02-DF;;;
711234;12/08/2025;ter�a-feira;11:15:00;SP;116;275,5;TABOAO DA SERRA;Aus�ncia de rea��o do condutor;Colis�o traseira;Com V�timas Feridas;Pleno dia;Decrescente;C�u Claro;M�ltipla;Declive;Sim;2;0;1;0;1;0;1;2;-23,61811043;-46,79263305;SPRF-SP;DEL04-SP;UOP01-DEL04-SP;;;
711235;12/08/2025;ter�a-feira;14:45:00;SC;101;227,6;PALHOCA;Velocidade Incompat�vel;Capotamento;Com V�timas Feridas;Pleno dia;Decrescente;C�u Claro;Dupla;Reta;N�o;1;0;1;0;0;0;1;1;-27,7556951;-48,63196313;SPRF-SC;DEL01-SC;UOP02-DEL01-SC;;;
711236;05/08/2025;ter�a-feira;02:30:00;SC;101;132;CAMBORIU;Rea��o tardia ou ineficiente do condutor;Tombamento;Com V�timas Feridas;Plena Noite;Crescente;C�u Claro;Simples;Reta;Sim;2;0;2;0;0;0;2;1;-26,99748756;-48,65496576;SPRF-SC;DEL04-SC;UOP03-DEL04-SC;;;
711238;04/08/2025;segunda-feira;08:00:00;RO;319;143;PORTO VELHO;Aus�ncia de rea��o do condutor;Colis�o traseira;Com V�timas Feridas;Pleno dia;Decrescente;Ignorado;Dupla;Reta;Sim;2;0;2;0;0;0;2;2;-8,75444159;-63,88671792;SPRF-RO;DEL01-RO;UOP01-DEL01-RO;;;
711239;12/08/2025;ter�a-feira;14:40:00;PE;232;5;RECIFE;Demais falhas mec�nicas ou el�tricas;Inc�ndio;Sem V�timas;Pleno dia;Crescente;Sol;Dupla;"Curva;Retorno Regulamentado";N�o;1;0;0;0;1;0;0;1;-8,066723;-34,945913;SPRF-PE;DEL01-PE;UOP01-DEL01-PE;;;
711240;12/08/2025;ter�a-feira;14:20:00;SP;116;221;GUARULHOS;Trafegar com motocicleta (ou similar) entre as faixas;Colis�o traseira;Com V�timas Feridas;Pleno dia;Decrescente;Sol;M�ltipla;Reta;Sim;2;0;1;0;1;0;1;2;-23,46797225;-46,50653029;SPRF-SP;DEL01-SP;UOP01-DEL01-SP;;;
711244;12/08/2025;ter�a-feira;15:06:00;ES;101;255,5;SERRA;Condutor desrespeitou a ilumina��o vermelha do sem�foro;Colis�o transversal;Com V�timas Feridas;Pleno dia;Decrescente;Nublado;Simples;Reta;Sim;5;0;3;0;2;0;3;2;-20,1172859;-40,314724;SPRF-ES;DEL02-ES;UOP01-DEL02-ES;;;
711245;12/08/2025;ter�a-feira;15:30:00;PR;376;603,7;CURITIBA;Rea��o tardia ou ineficiente do condutor;Colis�o transversal;Com V�timas Feridas;Pleno dia;Crescente;C�u Claro;Dupla;Reta;N�o;5;0;3;0;2;0;3;2;-25,53068346;-49,32515526;SPRF-PR;DEL01-PR;UOP03-DEL01-PR;;;
711246;12/08/2025;ter�a-feira;15:20:00;PB;230;145,9;CAMPINA GRANDE;Condutor deixou de manter dist�ncia do ve�culo da frente;Colis�o traseira;Com V�timas Feridas;Pleno dia;Crescente;Sol;Dupla;Reta;Sim;2;0;1;0;1;0;1;2;-7,245305;-35,851282;SPRF-PB;DEL02-PB;UOP01-DEL02-PB;;;
711247;08/08/2025;sexta-feira;21:20:00;RJ;40;107;DUQUE DE CAXIAS;Rea��o tardia ou ineficiente do condutor;Queda de ocupante de ve�culo;Com V�timas Feridas;Plena Noite;Decrescente;C�u Claro;Simples;Reta;Sim;1;0;1;0;0;0;1;1;-22,65900365;-43,28426278;SPRF-RJ;DEL01-RJ;UOP02-DEL01-RJ;;;
711248;12/08/2025;ter�a-feira;16:00:00;ES;101;268,9;SERRA;Manobra de mudan�a de faixa;Colis�o lateral mesmo sentido;Com V�timas Feridas;Pleno dia;Decrescente;Nublado;M�ltipla;Reta;Sim;3;0;2;0;1;0;2;2;-20,22467144;-40,27042508;SPRF-ES;DEL02-ES;UOP01-DEL02-ES;;;
711250;12/08/2025;ter�a-feira;16:25:00;MG;251;522,2;MONTES CLAROS;Demais falhas mec�nicas ou el�tricas;Inc�ndio;Sem V�timas;Pleno dia;Decrescente;C�u Claro;Simples;"Reta;Aclive";N�o;1;0;0;0;1;0;0;1;-16,6743286;-43,7954791;SPRF-MG;DEL12-MG;UOP01-DEL12-MG;;;
711251;12/08/2025;ter�a-feira;15:30:00;MG;356;275,9;EUGENOPOLIS;Velocidade Incompat�vel;Sa�da de leito carro��vel;Sem V�timas;Pleno dia;Crescente;Nublado;Simples;Curva;N�o;1;0;0;0;0;1;0;1;-21,126809;-42,286396;SPRF-MG;DEL07-MG;UOP02-DEL07-MG;;;
711252;12/08/2025;ter�a-feira;16:50:00;PB;104;133,1;QUEIMADAS;Condutor deixou de manter dist�ncia do ve�culo da frente;Colis�o traseira;Com V�timas Feridas;Pleno dia;Decrescente;C�u Claro;Simples;Reta;Sim;2;0;1;0;1;0;1;2;-7,308097;-35,893728;SPRF-PB;DEL02-PB;UOP03-DEL02-PB;;;
711253;12/08/2025;ter�a-feira;16:15:00;PB;230;23;JOAO PESSOA;Condutor deixou de manter dist�ncia do ve�culo da frente;Tombamento;Com V�timas Feridas;Pleno dia;Decrescente;C�u Claro;Dupla;Reta;Sim;3;0;1;0;0;2;1;2;-7,158;-34,858;SPRF-PB;DEL01-PB;UOP01-DEL01-PB;;;
711254;12/08/2025;ter�a-feira;15:50:00;MT;70;17;BARRA DO GARCAS;Rea��o tardia ou ineficiente do condutor;Queda de ocupante de ve�culo;Com V�timas Feridas;Pleno dia;Crescente;C�u Claro;Simples;"Declive;Reta";Sim;1;0;1;0;0;0;1;1;-15,87988233;-52,2821559;SPRF-MT;DEL07-MT;UOP01-DEL07-MT;;;
711256;12/08/2025;ter�a-feira;16:30:00;SC;101;149;ITAPEMA;Rea��o tardia ou ineficiente do condutor;Atropelamento de Pedestre;Com V�timas Feridas;Pleno dia;Decrescente;C�u Claro;Dupla;Reta;Sim;2;0;0;1;1;0;1;2;-27,10953318;-48,61165881;SPRF-SC;DEL04-SC;UOP03-DEL04-SC;;;
711257;12/08/2025;ter�a-feira;15:20:00;SC;101;101;BALNEARIO PICARRAS;Velocidade Incompat�vel;Sa�da de leito carro��vel;Com V�timas Feridas;Pleno dia;Decrescente;Sol;M�ltipla;"Reta;Declive";Sim;1;0;1;0;0;0;1;1;-26,77050776;-48,68573841;SPRF-SC;DEL03-SC;UOP02-DEL03-SC;;;
711258;12/08/2025;ter�a-feira;11:40:00;RJ;465;7;SEROPEDICA;Retorno proibido;Colis�o lateral mesmo sentido;Com V�timas Feridas;Pleno dia;Crescente;C�u Claro;Dupla;Reta;N�o;3;0;1;0;1;1;1;2;-22,73779419;-43,70867729;SPRF-RJ;DEL06-RJ;UOP02-DEL06-RJ;;;
711260;12/08/2025;ter�a-feira;16:40:00;SP;116;167,3;JACAREI;Avarias e/ou desgaste excessivo no pneu;Tombamento;Com V�timas Feridas;Pleno dia;Crescente;C�u Claro;M�ltipla;"Aclive;Reta";Sim;1;0;1;0;0;0;1;1;-23,30235886;-46,02657644;SPRF-SP;DEL02-SP;UOP01-DEL02-SP;;;
711262;12/08/2025;ter�a-feira;17:30:00;ES;101;298,5;VIANA;Manobra de mudan�a de faixa;Colis�o lateral mesmo sentido;Com V�timas Feridas;Anoitecer;Crescente;Nublado;M�ltipla;"Viaduto;Reta";Sim;2;0;1;0;1;0;1;2;-20,35728134;-40,41977406;SPRF-ES;DEL01-ES;UOP01-DEL01-ES;;;
711263;12/08/2025;ter�a-feira;16:56:00;SP;116;215;GUARULHOS;Manobra de mudan�a de faixa;Colis�o lateral mesmo sentido;Com V�timas Feridas;Anoitecer;Decrescente;Vento;M�ltipla;"Reta;Declive";Sim;4;0;2;0;1;1;2;3;-23,45046678;-46,46202516;SPRF-SP;DEL01-SP;UOP01-DEL01-SP;;;
711265;12/08/2025;ter�a-feira;17:20:00;PE;104;58;CARUARU;Pedestre andava na pista;Colis�o traseira;Com V�timas Feridas;Anoitecer;Decrescente;C�u Claro;Dupla;Reta;N�o;2;0;0;1;0;1;1;2;-8,21825347;-35,97482868;SPRF-PE;DEL02-PE;UOP01-DEL02-PE;;;
711267;12/08/2025;ter�a-feira;16:50:00;MG;262;789,8;UBERABA;Transitar na contram�o;Colis�o frontal;Com V�timas Feridas;Pleno dia;Crescente;C�u Claro;Simples;"Declive;Reta";N�o;2;0;1;0;1;0;1;2;-19,75996;-47,79556;SPRF-MG;DEL13-MG;UOP01-DEL13-MG;;;
711268;12/08/2025;ter�a-feira;18:20:00;SE;235;51;ITABAIANA;Desrespeitar a prefer�ncia no cruzamento;Colis�o transversal;Com V�timas Feridas;Plena Noite;Crescente;C�u Claro;Dupla;"Interse��o de Vias;Retorno Regulamentado";Sim;2;0;0;1;1;0;1;2;-10,703955;-37,428287;SPRF-SE;DEL01-SE;UOP02-DEL01-SE;;;
711269;12/08/2025;ter�a-feira;13:40:00;RJ;101;321;NITEROI;Condutor deixou de manter dist�ncia do ve�culo da frente;Colis�o traseira;Com V�timas Feridas;Pleno dia;Crescente;C�u Claro;Dupla;Reta;N�o;3;0;1;0;2;0;1;3;-22,8823469;-43,1086724;SPRF-RJ;DEL02-RJ;UOP01-DEL02-RJ;;;
711270;07/08/2025;quinta-feira;15:00:00;BA;116;677;JEQUIE;Aus�ncia de rea��o do condutor;Colis�o com objeto;Sem V�timas;Pleno dia;Crescente;C�u Claro;Simples;Reta;N�o;1;0;0;0;1;0;0;1;-13,881178;-40,136597;SPRF-BA;DEL03-BA;UOP01-DEL03-BA;;;
711271;12/08/2025;ter�a-feira;17:00:00;ES;262;133;BREJETUBA;Acessar a via sem observar a presen�a dos outros ve�culos;Colis�o transversal;Com V�timas Feridas;Anoitecer;Decrescente;C�u Claro;Simples;"Retorno Regulamentado;Reta";N�o;3;0;0;2;1;0;2;2;-20,24183102;-41,32081389;SPRF-ES;DEL01-ES;UOP02-DEL01-ES;;;
711272;12/08/2025;ter�a-feira;18:30:00;SC;282;3;FLORIANOPOLIS;Rea��o tardia ou ineficiente do condutor;Colis�o traseira;Com V�timas Feridas;Plena Noite;Crescente;C�u Claro;M�ltipla;Reta;Sim;3;0;1;0;2;0;1;3;-27,59661;-48,6009;SPRF-SC;DEL01-SC;UOP01-DEL01-SC;;;
711273;12/08/2025;ter�a-feira;18:20:00;MG;40;617;CONGONHAS;Acessar a via sem observar a presen�a dos outros ve�culos;Colis�o transversal;Com V�timas Feridas;Plena Noite;Decrescente;C�u Claro;Simples;Reta;Sim;3;0;0;3;0;0;3;2;-20,55918847;-43,81347656;SPRF-MG;DEL05-MG;UOP02-DEL05-MG;;;
711274;12/08/2025;ter�a-feira;17:00:00;SC;282;402;JOACABA;Rea��o tardia ou ineficiente do condutor;Colis�o traseira;Com V�timas Feridas;Pleno dia;Crescente;C�u Claro;Simples;Curva;N�o;2;0;1;0;1;0;1;2;-27,115344;-51,631189;SPRF-SC;DEL07-SC;UOP05-DEL07-SC;;;
711275;12/08/2025;ter�a-feira;18:10:00;MS;163;822;SONORA;Animais na Pista;Atropelamento de Animal;Com V�timas Feridas;Anoitecer;Crescente;C�u Claro;Simples;Curva;N�o;1;0;1;0;0;0;1;1;-17,72906668;-54,75723267;SPRF-MS;DEL06-MS;UOP01-DEL06-MS;;;
711278;12/08/2025;ter�a-feira;17:50:00;PB;104;196,5;ALCANTIL;Ultrapassagem Indevida;Colis�o frontal;Com V�timas Fatais;Plena Noite;Crescente;C�u Claro;Simples;"Reta;Aclive";N�o;2;1;0;1;0;0;1;2;-7,764037;-36,096013;SPRF-PB;DEL02-PB;UOP03-DEL02-PB;;;
711279;12/08/2025;ter�a-feira;18:20:00;PR;116;159;QUITANDINHA;Aus�ncia de rea��o do condutor;Atropelamento de Pedestre;Com V�timas Fatais;Plena Noite;Crescente;C�u Claro;Simples;"Reta;Declive";N�o;2;1;0;0;0;1;0;2;-25,864601;-49,420929;SPRF-PR;DEL01-PR;UOP03-DEL01-PR;;;
711280;12/08/2025;ter�a-feira;18:40:00;RS;386;442;CANOAS;Retorno proibido;Colis�o transversal;Com V�timas Feridas;Plena Noite;Crescente;C�u Claro;M�ltipla;Reta;Sim;3;0;1;0;2;0;1;3;-29,88790188;-51,21966988;SPRF-RS;DEL01-RS;UOP01-DEL01-RS;;;
711281;12/08/2025;ter�a-feira;19:00:00;SP;116;225;GUARULHOS;Rea��o tardia ou ineficiente do condutor;Engavetamento;Sem V�timas;Plena Noite;Decrescente;C�u Claro;M�ltipla;"Em Obras;Interse��o de Vias";Sim;4;0;0;0;3;1;0;4;-23,4901578;-46,547415;SPRF-SP;DEL01-SP;UOP01-DEL01-SP;;;
711286;12/08/2025;ter�a-feira;18:40:00;PR;163;167;LINDOESTE;Condutor deixou de manter dist�ncia do ve�culo da frente;Colis�o lateral mesmo sentido;Sem V�timas;Anoitecer;Crescente;C�u Claro;Simples;Reta;Sim;2;0;0;0;2;0;0;2;-25,25833;-53,57612;SPRF-PR;DEL05-PR;UOP05-DEL05-PR;;;
711287;12/08/2025;ter�a-feira;19:00:00;RJ;40;78;PETROPOLIS;Ingest�o de �lcool pelo condutor;Colis�o transversal;Sem V�timas;Plena Noite;Decrescente;Nublado;Dupla;"Aclive;Curva";Sim;3;0;0;0;3;0;0;2;-22,510814;-43,231641;SPRF-RJ;DEL01-RJ;UOP01-DEL01-RJ;;;
711289;12/08/2025;ter�a-feira;18:20:00;RJ;40;113;DUQUE DE CAXIAS;Avarias e/ou desgaste excessivo no pneu;Tombamento;Com V�timas Feridas;Plena Noite;Decrescente;Nublado;M�ltipla;"Viaduto;Aclive";Sim;1;0;1;0;0;0;1;1;-22,713293;-43,28993;SPRF-RJ;DEL01-RJ;UOP02-DEL01-RJ;;;
711290;12/08/2025;ter�a-feira;19:45:00;PE;428;184,9;PETROLINA;Condutor deixou de manter dist�ncia do ve�culo da frente;Colis�o traseira;Com V�timas Feridas;Plena Noite;Decrescente;C�u Claro;Simples;Reta;N�o;2;0;1;0;1;0;1;2;-9,3455;-40,4731;SPRF-PE;DEL06-PE;UOP01-DEL06-PE;;;
711291;12/08/2025;ter�a-feira;18:00:00;MG;116;606,6;SAO JOAO DO MANHUACU;Acessar a via sem observar a presen�a dos outros ve�culos;Colis�o transversal;Com V�timas Feridas;Plena Noite;Crescente;C�u Claro;Simples;"Interse��o de Vias;Reta";N�o;2;0;1;0;1;0;1;2;-20,392698;-42,147489;SPRF-MG;DEL06-MG;UOP03-DEL06-MG;;;
711293;12/08/2025;ter�a-feira;18:10:00;PI;316;82;LAGOINHA DO PIAUI;Desrespeitar a prefer�ncia no cruzamento;Colis�o frontal;Com V�timas Feridas;Anoitecer;Crescente;C�u Claro;Simples;Interse��o de Vias;N�o;4;0;2;0;2;0;2;2;-5,76468139;-42,61121489;SPRF-PI;DEL01-PI;UOP02-DEL01-PI;;;
711294;12/08/2025;ter�a-feira;19:52:00;SP;153;63;SAO JOSE DO RIO PRETO;Manobra de mudan�a de faixa;Colis�o lateral mesmo sentido;Com V�timas Feridas;Plena Noite;Decrescente;C�u Claro;Dupla;"Declive;Reta";N�o;3;0;1;0;1;1;1;3;-20,820131;-49,357468;SPRF-SP;DEL09-SP;UOP01-DEL09-SP;;;
711297;12/08/2025;ter�a-feira;19:20:00;BA;101;239;CONCEICAO DO ALMEIDA;Rea��o tardia ou ineficiente do condutor;Capotamento;Com V�timas Feridas;Plena Noite;Decrescente;C�u Claro;Simples;"Aclive;Reta";N�o;1;0;0;1;0;0;1;1;-12,78631989;-39,18663788;SPRF-BA;DEL01-BA;UOP02-DEL01-BA;;;
711298;12/08/2025;ter�a-feira;20:30:00;PR;369;148;LONDRINA;Acessar a via sem observar a presen�a dos outros ve�culos;Colis�o transversal;Com V�timas Feridas;Plena Noite;Decrescente;C�u Claro;Dupla;"Reta;Interse��o de Vias";Sim;2;0;1;0;1;0;1;2;-23,2930845;-51,14303039;SPRF-PR;DEL07-PR;UOP01-DEL07-PR;;;
711299;12/08/2025;ter�a-feira;19:30:00;GO;153;242;SAO LUIZ DO NORTE;Rea��o tardia ou ineficiente do condutor;Colis�o com objeto;Com V�timas Feridas;Plena Noite;Crescente;C�u Claro;Simples;"Aclive;Reta";N�o;2;0;1;0;1;0;1;1;-14,870137;-49,330735;SPRF-GO;DEL07-GO;UOP02-DEL07-GO;;;
711300;12/08/2025;ter�a-feira;21:05:00;RS;290;721;URUGUAIANA;Rea��o tardia ou ineficiente do condutor;Sa�da de leito carro��vel;Com V�timas Feridas;Plena Noite;Crescente;Nublado;Simples;"Curva;Rotat�ria";Sim;1;0;1;0;0;0;1;1;-29,76054521;-57,05898285;SPRF-RS;DEL13-RS;UOP01-DEL13-RS;;;
711301;12/08/2025;ter�a-feira;20:30:00;PI;316;5,5;TERESINA;Convers�o proibida;Colis�o transversal;Com V�timas Feridas;Plena Noite;Crescente;C�u Claro;M�ltipla;"Viaduto;Interse��o de Vias";Sim;2;0;1;0;1;0;1;2;-5,144067;-42,77803;SPRF-PI;DEL01-PI;UOP02-DEL01-PI;;;
711303;12/08/2025;ter�a-feira;20:20:00;MA;10;263;IMPERATRIZ;Pedestre andava na pista;Atropelamento de Pedestre;Com V�timas Feridas;Plena Noite;Decrescente;C�u Claro;Simples;Reta;N�o;2;0;0;1;1;0;1;2;-5,4321;-47,4731;SPRF-MA;DEL04-MA;UOP01-DEL04-MA;;;
711304;12/08/2025;ter�a-feira;17:30:00;RJ;116;102;GUAPIMIRIM;Demais falhas mec�nicas ou el�tricas;Queda de ocupante de ve�culo;Com V�timas Feridas;Anoitecer;Crescente;C�u Claro;Simples;Reta;N�o;2;0;1;0;1;0;1;1;-22,49471555;-43,0030632;SPRF-RJ;DEL04-RJ;UOP01-DEL04-RJ;;;
711307;12/08/2025;ter�a-feira;20:45:00;AL;104;90,5;RIO LARGO;Pedestre cruzava a pista fora da faixa;Atropelamento de Pedestre;Com V�timas Feridas;Plena Noite;Decrescente;C�u Claro;Dupla;Reta;Sim;3;0;0;3;0;0;3;2;-9,503937;-35,809784;SPRF-AL;DEL01-AL;UOP01-DEL01-AL;;;
711310;12/08/2025;ter�a-feira;21:21:00;MG;40;518;RIBEIRAO DAS NEVES;Aus�ncia de rea��o do condutor;Colis�o lateral mesmo sentido;Sem V�timas;Plena Noite;Decrescente;C�u Claro;Dupla;Reta;Sim;4;0;0;0;4;0;0;2;-19,8372484;-44,0785402;SPRF-MG;DEL01-MG;UOP02-DEL01-MG;;;
711311;12/08/2025;ter�a-feira;19:15:00;MS;262;354;CAMPO GRANDE;Acessar a via sem observar a presen�a dos outros ve�culos;Colis�o traseira;Sem V�timas;Plena Noite;Crescente;C�u Claro;Simples;Reta;Sim;2;0;0;0;2;0;0;2;-20,548263;-54,678099;SPRF-MS;DEL01-MS;UOP03-DEL01-MS;;;
711312;12/08/2025;ter�a-feira;20:40:00;RO;364;345;JI-PARANA;Aus�ncia de rea��o do condutor;Atropelamento de Pedestre;Com V�timas Feridas;Plena Noite;Decrescente;C�u Claro;Dupla;Reta;Sim;2;0;0;1;1;0;1;2;-10,86651;-61,968075;SPRF-RO;DEL02-RO;UOP01-DEL02-RO;;;
711314;12/08/2025;ter�a-feira;21:40:00;SC;101;352,5;JAGUARUNA;Demais falhas mec�nicas ou el�tricas;Inc�ndio;Sem V�timas;Plena Noite;Decrescente;C�u Claro;Dupla;"Aclive;Reta";N�o;5;0;0;0;5;0;0;1;-28,618258;-49,070322;SPRF-SC;DEL02-SC;UOP01-DEL02-SC;;;
711315;12/08/2025;ter�a-feira;20:45:00;RJ;101;386;RIO DE JANEIRO;Condutor deixou de manter dist�ncia do ve�culo da frente;Colis�o traseira;Com V�timas Feridas;Plena Noite;Decrescente;Nublado;M�ltipla;Reta;Sim;3;0;2;0;1;0;2;2;-22,88420156;-43,64346743;SPRF-RJ;DEL03-RJ;UOP01-DEL03-RJ;;;
711316;12/08/2025;ter�a-feira;16:41:00;RO;319;144;PORTO VELHO;Mal s�bito do condutor;Tombamento;Com V�timas Feridas;Pleno dia;Crescente;Sol;Dupla;Interse��o de Vias;Sim;1;0;1;0;0;0;1;1;-8,76612402;-63,8845489;SPRF-RO;DEL01-RO;UOP01-DEL01-RO;;;
711317;12/08/2025;ter�a-feira;22:00:00;RN;101;150;GOIANINHA;Aus�ncia de rea��o do condutor;Queda de ocupante de ve�culo;Com V�timas Feridas;Plena Noite;Decrescente;C�u Claro;Dupla;Reta;N�o;1;0;1;0;0;0;1;1;-6,290775;-35,198405;SPRF-RN;DEL01-RN;UOP01-DEL01-RN;;;
711318;12/08/2025;ter�a-feira;21:00:00;RJ;101;592;PARATY;Rea��o tardia ou ineficiente do condutor;Sa�da de leito carro��vel;Com V�timas Feridas;Plena Noite;Decrescente;Chuva;Simples;Curva;N�o;2;0;1;1;0;0;2;1;-23,31990142;-44,72437441;SPRF-RJ;DEL03-RJ;UOP04-DEL03-RJ;;;
711319;12/08/2025;ter�a-feira;20:45:00;MG;40;674,5;CARANDAI;Falta de acostamento;Colis�o traseira;Com V�timas Feridas;Plena Noite;Crescente;C�u Claro;Simples;Reta;N�o;2;0;0;1;1;0;1;2;-20,99176149;-43,78011918;SPRF-MG;DEL05-MG;UOP02-DEL05-MG;;;
711320;12/08/2025;ter�a-feira;22:58:00;SC;116;245;LAGES;Rea��o tardia ou ineficiente do condutor;Colis�o traseira;Com V�timas Feridas;Plena Noite;Crescente;Nevoeiro/Neblina;M�ltipla;"Interse��o de Vias;Rotat�ria";Sim;1;0;1;0;0;0;1;1;-27,7999442;-50,36379576;SPRF-SC;DEL05-SC;UOP01-DEL05-SC;;;
711321;12/08/2025;ter�a-feira;23:40:00;RS;116;518;PELOTAS;Animais na Pista;Queda de ocupante de ve�culo;Com V�timas Feridas;Pleno dia;Decrescente;C�u Claro;M�ltipla;Reta;Sim;1;0;1;0;0;0;1;1;-31,67636866;-52,34203991;SPRF-RS;DEL07-RS;UOP01-DEL07-RS;;;
711322;13/08/2025;quarta-feira;00:05:00;MG;381;822;CAREACU;Condutor Dormindo;Sa�da de leito carro��vel;Com V�timas Feridas;Plena Noite;Crescente;C�u Claro;Dupla;Reta;N�o;1;0;0;1;0;0;1;1;-22,08703;-45,704265;SPRF-MG;DEL16-MG;UOP02-DEL16-MG;;;
711323;12/08/2025;ter�a-feira;23:15:00;SP;116;72;APARECIDA;Demais falhas mec�nicas ou el�tricas;Inc�ndio;Sem V�timas;Plena Noite;Decrescente;Nublado;M�ltipla;Aclive;N�o;1;0;0;0;1;0;0;1;-22,8674613;-45,24314225;SPRF-SP;DEL08-SP;UOP01-DEL08-SP;;;
711324;13/08/2025;quarta-feira;00:00:00;SP;116;227;GUARULHOS;Objeto est�tico sobre o leito carro��vel;Colis�o com objeto;Com V�timas Feridas;Plena Noite;Decrescente;C�u Claro;M�ltipla;"Reta;Em Obras";Sim;1;0;1;0;0;0;1;1;-23,49958421;-46,5612793;SPRF-SP;DEL01-SP;UOP01-DEL01-SP;;;
711326;13/08/2025;quarta-feira;01:45:00;RJ;40;26;TRES RIOS;Ilumina��o deficiente;Sa�da de leito carro��vel;Com V�timas Feridas;Plena Noite;Decrescente;C�u Claro;Simples;Reta;N�o;2;0;1;0;1;0;1;1;-22,17683439;-43,16762209;SPRF-RJ;DEL05-RJ;UOP02-DEL05-RJ;;;
711327;13/08/2025;quarta-feira;02:15:00;PB;101;76,2;SANTA RITA;Animais na Pista;Atropelamento de Animal;Com V�timas Feridas;Plena Noite;Decrescente;Nublado;Dupla;Reta;N�o;2;0;0;1;1;0;1;1;-7,092942;-34,96797;SPRF-PB;DEL01-PB;UOP03-DEL01-PB;;;
711328;13/08/2025;quarta-feira;03:45:00;RS;116;247,9;SAO LEOPOLDO;Velocidade Incompat�vel;Colis�o com objeto;Com V�timas Fatais;Plena Noite;Crescente;C�u Claro;Dupla;"Viaduto;Reta";Sim;5;3;0;2;0;0;2;1;-29,77045854;-51,15368005;SPRF-RS;DEL01-RS;UOP02-DEL01-RS;;;
711331;13/08/2025;quarta-feira;05:30:00;PA;10;13;DOM ELISEU;Objeto est�tico sobre o leito carro��vel;Colis�o com objeto;Com V�timas Feridas;Amanhecer;Decrescente;Ignorado;Simples;Reta;N�o;2;0;2;0;0;0;2;1;-4,329827;-47,540417;SPRF-PA;DEL02-PA;UOP02-DEL02-PA;;;
711332;13/08/2025;quarta-feira;05:20:00;SC;101;210;SAO JOSE;Estacionar ou parar em local proibido;Colis�o traseira;Com V�timas Feridas;Plena Noite;Decrescente;Nublado;Dupla;Reta;Sim;2;0;1;0;1;0;1;2;-27,61695989;-48,64551751;SPRF-SC;DEL01-SC;UOP01-DEL01-SC;;;