id;data_inversa;dia_semana;horario;uf;br;km;municipio;causa_acidente;tipo_acidente;classificacao_acidente;fase_dia;sentido_via;condicao_metereologica;tipo_pista;tracado_via;uso_solo;pessoas;mortos;feridos_leves;feridos_graves;ilesos;ignorados;feridos;veiculos;latitude;longitude;regional;delegacia;uop;;;
711333;13/08/2025;quarta-feira;05:45:00;PE;232;9;JABOATAO DOS GUARARAPES;Aus�ncia de rea��o do condutor;Colis�o traseira;Com V�timas Feridas;Pleno dia;Decrescente;Nublado;M�ltipla;Interse��o de Vias;Sim;3;0;3;0;0;0;3;2;-8,078752;-34,984038;SPRF-PE;DEL01-PE;UOP01-DEL01-PE;;;
711334;13/08/2025;quarta-feira;04:15:00;MG;356;266,1;MURIAE;Ingest�o de �lcool pelo condutor;Sa�da de leito carro��vel;Com V�timas Feridas;Plena Noite;Crescente;Nublado;Simples;Reta;Sim;1;0;1;0;0;0;1;1;-21,12847993;-42,36479402;SPRF-MG;DEL07-MG;UOP02-DEL07-MG;;;
711336;13/08/2025;quarta-feira;06:43:00;SP;116;213;GUARULHOS;Demais falhas mec�nicas ou el�tricas;Queda de ocupante de ve�culo;Com V�timas Feridas;Pleno dia;Crescente;Sol;M�ltipla;Reta;Sim;2;0;1;0;0;1;1;1;-23,44230934;-46,4453373;SPRF-SP;DEL01-SP;UOP01-DEL01-SP;;;
711338;13/08/2025;quarta-feira;06:00:00;MA;316;564;CAXIAS;Objeto est�tico sobre o leito carro��vel;Queda de ocupante de ve�culo;Com V�timas Feridas;Pleno dia;Decrescente;Sol;Simples;Reta;N�o;1;0;0;1;0;0;1;1;-4,8732322;-43,3776991;SPRF-MA;DEL03-MA;UOP02-DEL03-MA;;;
711340;13/08/2025;quarta-feira;05:00:00;MG;50;73;UBERLANDIA;Ingest�o de �lcool pelo condutor;Sa�da de leito carro��vel;Sem V�timas;Amanhecer;Decrescente;C�u Claro;Simples;Reta;Sim;1;0;0;0;1;0;0;1;-18,908036;-48,2267;SPRF-MG;DEL15-MG;UOP01-DEL15-MG;;;
711342;13/08/2025;quarta-feira;07:30:00;DF;20;7;BRASILIA;Mal s�bito do condutor;Engavetamento;Com V�timas Feridas;Pleno dia;Decrescente;Sol;Dupla;Reta;Sim;7;0;1;0;6;0;1;7;-15,66120135;-47,79976845;SPRF-DF;DEL02-DF;UOP01-DEL02-DF;;;
711343;13/08/2025;quarta-feira;07:10:00;MG;40;737,3;SANTOS DUMONT;Transitar na contram�o;Colis�o frontal;Com V�timas Fatais;Pleno dia;Decrescente;C�u Claro;Simples;Reta;N�o;2;1;1;0;0;0;1;2;-21,41330089;-43,56527567;SPRF-MG;DEL05-MG;UOP01-DEL05-MG;;;
711344;13/08/2025;quarta-feira;07:25:00;RJ;116;146;DUQUE DE CAXIAS;Rea��o tardia ou ineficiente do condutor;Colis�o traseira;Com V�timas Feridas;Pleno dia;Crescente;C�u Claro;Dupla;Reta;Sim;3;0;1;0;2;0;1;2;-22,66679826;-43,26383888;SPRF-RJ;DEL01-RJ;UOP02-DEL01-RJ;;;
711346;13/08/2025;quarta-feira;08:07:00;CE;116;7;FORTALEZA;Manobra de mudan�a de faixa;Colis�o lateral mesmo sentido;Com V�timas Feridas;Pleno dia;Crescente;C�u Claro;M�ltipla;Reta;Sim;2;0;1;0;0;1;1;2;-3,821184;-38,502905;SPRF-CE;DEL01-CE;UOP02-DEL01-CE;;;
711348;13/08/2025;quarta-feira;08:15:00;SP;153;61,2;SAO JOSE DO RIO PRETO;Trafegar com motocicleta (ou similar) entre as faixas;Colis�o traseira;Com V�timas Feridas;Pleno dia;Crescente;Sol;Dupla;"Declive;Reta";Sim;2;0;1;0;1;0;1;2;-20,80574108;-49,35602043;SPRF-SP;DEL09-SP;UOP01-DEL09-SP;;;
711350;13/08/2025;quarta-feira;06:25:00;PR;116;116;CURITIBA;Rea��o tardia ou ineficiente do condutor;Colis�o traseira;Com V�timas Feridas;Pleno dia;Crescente;Sol;M�ltipla;Reta;Sim;2;0;1;0;1;0;1;2;-25,556508;-49,306074;SPRF-PR;DEL01-PR;UOP03-DEL01-PR;;;
711351;13/08/2025;quarta-feira;07:00:00;PR;476;110;COLOMBO;Acessar a via sem observar a presen�a dos outros ve�culos;Colis�o traseira;Com V�timas Feridas;Pleno dia;Crescente;C�u Claro;Simples;Reta;N�o;4;0;2;0;2;0;2;3;-25,314608;-49,152115;SPRF-PR;DEL01-PR;UOP01-DEL01-PR;;;
711353;13/08/2025;quarta-feira;08:15:00;MG;262;34;MANHUACU;Desrespeitar a prefer�ncia no cruzamento;Colis�o transversal;Com V�timas Feridas;Pleno dia;Crescente;C�u Claro;Simples;"Rotat�ria;Reta";Sim;2;0;1;0;1;0;1;2;-20,27330839;-42,03620916;SPRF-MG;DEL06-MG;UOP03-DEL06-MG;;;
711356;13/08/2025;quarta-feira;08:30:00;PE;232;7,5;RECIFE;Velocidade Incompat�vel;Colis�o traseira;Com V�timas Feridas;Pleno dia;Decrescente;Sol;Dupla;Reta;N�o;2;0;0;1;1;0;1;2;-8,0746;-34,96565;SPRF-PE;DEL01-PE;UOP01-DEL01-PE;;;
711357;13/08/2025;quarta-feira;08:45:00;MG;365;648;UBERLANDIA;Acumulo de areia ou detritos sobre o pavimento;Sa�da de leito carro��vel;Com V�timas Feridas;Pleno dia;Crescente;C�u Claro;Dupla;"Aclive;Em Obras;Reta";N�o;2;0;2;0;0;0;2;1;-18,869101;-48,558755;SPRF-MG;DEL15-MG;UOP01-DEL15-MG;;;
711358;13/08/2025;quarta-feira;07:06:00;AC;364;127;RIO BRANCO;Convers�o proibida;Colis�o transversal;Com V�timas Feridas;Pleno dia;Decrescente;Sol;Simples;Reta;Sim;3;0;2;1;0;0;3;2;-10,02281387;-67,81689286;SPRF-AC;DEL01-AC;UOP01-DEL01-AC;;;
711359;13/08/2025;quarta-feira;08:15:00;SC;101;151;ITAPEMA;Condutor deixou de manter dist�ncia do ve�culo da frente;Colis�o traseira;Com V�timas Feridas;Amanhecer;Crescente;C�u Claro;Dupla;Reta;Sim;2;0;1;0;1;0;1;2;-27,12310743;-48,60945789;SPRF-SC;DEL04-SC;UOP03-DEL04-SC;;;
711360;13/08/2025;quarta-feira;09:30:00;PE;101;50;ABREU E LIMA;Acessar a via sem observar a presen�a dos outros ve�culos;Queda de ocupante de ve�culo;Com V�timas Feridas;Pleno dia;Decrescente;C�u Claro;Dupla;Reta;Sim;1;0;1;0;0;0;1;1;-7,915394;-34,898343;SPRF-PE;DEL01-PE;UOP02-DEL01-PE;;;
711362;13/08/2025;quarta-feira;07:40:00;PE;232;410;SERRA TALHADA;Animais na Pista;Atropelamento de Animal;Com V�timas Feridas;Pleno dia;Decrescente;C�u Claro;Simples;Reta;Sim;1;0;0;1;0;0;1;1;-7,98183942;-38,29195116;SPRF-PE;DEL04-PE;UOP01-DEL04-PE;;;
711363;13/08/2025;quarta-feira;08:30:00;RS;470;223;GARIBALDI;Acessar a via sem observar a presen�a dos outros ve�culos;Colis�o transversal;Com V�timas Feridas;Pleno dia;Crescente;C�u Claro;Simples;"Reta;Retorno Regulamentado";N�o;3;0;1;0;2;0;1;2;-29,22729322;-51,51627509;SPRF-RS;DEL06-RS;UOP01-DEL06-RS;;;
711364;13/08/2025;quarta-feira;09:25:00;RS;386;43,2;SEBERI;Ultrapassagem Indevida;Sa�da de leito carro��vel;Com V�timas Feridas;Pleno dia;Decrescente;Sol;Simples;Reta;N�o;3;0;1;0;2;0;1;2;-27,431542;-53,420373;SPRF-RS;DEL08-RS;UOP02-DEL08-RS;;;
711365;13/08/2025;quarta-feira;09:10:00;BA;324;622;SALVADOR;Manobra de mudan�a de faixa;Colis�o lateral mesmo sentido;Com V�timas Feridas;Pleno dia;Crescente;C�u Claro;M�ltipla;Reta;Sim;4;0;1;0;3;0;1;3;-12,922858;-38,468105;SPRF-BA;DEL01-BA;UOP01-DEL01-BA;;;
711367;13/08/2025;quarta-feira;09:30:00;PR;469;19;FOZ DO IGUACU;Aus�ncia de sinaliza��o;Colis�o traseira;Com V�timas Feridas;Pleno dia;Crescente;C�u Claro;Simples;"Aclive;Reta";N�o;3;0;0;1;1;1;1;3;-25,60019;-54,504577;SPRF-PR;DEL05-PR;UOP04-DEL05-PR;;;
711369;13/08/2025;quarta-feira;10:20:00;SC;101;134;BALNEARIO CAMBORIU;Desrespeitar a prefer�ncia no cruzamento;Colis�o transversal;Com V�timas Feridas;Pleno dia;Crescente;C�u Claro;M�ltipla;Interse��o de Vias;Sim;2;0;1;0;1;0;1;2;-27,00207566;-48,63798587;SPRF-SC;DEL04-SC;UOP03-DEL04-SC;;;
711370;13/08/2025;quarta-feira;09:50:00;PR;376;197,7;MARIALVA;Acessar a via sem observar a presen�a dos outros ve�culos;Colis�o lateral mesmo sentido;Sem V�timas;Pleno dia;Crescente;C�u Claro;Dupla;"Reta;Retorno Regulamentado";N�o;2;0;0;0;2;0;0;2;-23,499953;-51,766135;SPRF-PR;DEL09-PR;UOP01-DEL09-PR;;;
711371;13/08/2025;quarta-feira;09:00:00;BA;367;24,7;PORTO SEGURO;Acessar a via sem observar a presen�a dos outros ve�culos;Colis�o transversal;Com V�timas Feridas;Pleno dia;Crescente;C�u Claro;Simples;Reta;Sim;2;0;0;1;1;0;1;2;-16,438035;-39,087793;SPRF-BA;DEL09-BA;UOP03-DEL09-BA;;;
711372;13/08/2025;quarta-feira;09:50:00;CE;116;17,3;EUSEBIO;Condutor deixou de manter dist�ncia do ve�culo da frente;Colis�o traseira;Com V�timas Feridas;Pleno dia;Crescente;C�u Claro;Dupla;Aclive;Sim;2;0;1;0;1;0;1;2;-3,899142;-38,504066;SPRF-CE;DEL01-CE;UOP02-DEL01-CE;;;
711373;13/08/2025;quarta-feira;10:30:00;ES;101;134;LINHARES;Rea��o tardia ou ineficiente do condutor;Capotamento;Com V�timas Feridas;Pleno dia;Crescente;Nublado;Simples;Reta;N�o;2;0;1;1;0;0;2;1;-19,26515537;-40,0889918;SPRF-ES;DEL04-ES;UOP01-DEL04-ES;;;
711374;13/08/2025;quarta-feira;10:00:00;MG;262;811;UBERABA;Rea��o tardia ou ineficiente do condutor;Colis�o lateral mesmo sentido;Com V�timas Feridas;Pleno dia;Decrescente;C�u Claro;Dupla;Reta;N�o;3;0;1;0;2;0;1;2;-19,768682;-47,983693;SPRF-MG;DEL13-MG;UOP01-DEL13-MG;;;
711375;13/08/2025;quarta-feira;08:00:00;RS;116;464;SAO LOURENCO DO SUL;Rea��o tardia ou ineficiente do condutor;Colis�o lateral mesmo sentido;Com V�timas Feridas;Pleno dia;Decrescente;C�u Claro;Dupla;Reta;N�o;2;0;0;1;1;0;1;2;-31,31521831;-52,02361677;SPRF-RS;DEL02-RS;UOP02-DEL02-RS;;;
711378;13/08/2025;quarta-feira;10:15:00;PR;376;616,7;SAO JOSE DOS PINHAIS;Aus�ncia de rea��o do condutor;Sa�da de leito carro��vel;Com V�timas Feridas;Pleno dia;Decrescente;C�u Claro;Dupla;"Aclive;Curva";Sim;1;0;0;1;0;0;1;1;-25,588908;-49,17168;SPRF-PR;DEL01-PR;UOP04-DEL01-PR;;;
711382;13/08/2025;quarta-feira;07:05:00;PR;369;16,7;CAMBARA;Demais Fen�menos da natureza;Sa�da de leito carro��vel;Com V�timas Feridas;Pleno dia;Decrescente;Sol;Simples;"Aclive;Reta";N�o;8;0;1;0;6;1;1;4;-23,03048;-50,05005;SPRF-PR;DEL07-PR;UOP05-DEL07-PR;;;
711383;13/08/2025;quarta-feira;10:20:00;AL;316;266,8;SATUBA;Ultrapassagem Indevida;Sa�da de leito carro��vel;Com V�timas Feridas;Pleno dia;Decrescente;C�u Claro;Simples;Curva;N�o;1;0;1;0;0;0;1;1;-9,57586922;-35,843953;SPRF-AL;DEL02-AL;UOP01-DEL02-AL;;;
711389;13/08/2025;quarta-feira;12:00:00;SP;101;44;UBATUBA;Convers�o proibida;Colis�o transversal;Com V�timas Feridas;Pleno dia;Decrescente;C�u Claro;Simples;Curva;Sim;2;0;1;0;1;0;1;2;-23,3988702;-45,02111284;SPRF-SP;DEL06-SP;UOP01-DEL06-SP;;;
711395;12/08/2025;ter�a-feira;19:15:00;PA;10;67,8;ULIANOPOLIS;Demais falhas mec�nicas ou el�tricas;Inc�ndio;Sem V�timas;Plena Noite;Crescente;Ignorado;Simples;"Reta;Declive";N�o;1;0;0;0;1;0;0;1;-3,853705;-47,522711;SPRF-PA;DEL02-PA;UOP02-DEL02-PA;;;
711396;13/08/2025;quarta-feira;10:20:00;RO;319;139;PORTO VELHO;Acessar a via sem observar a presen�a dos outros ve�culos;Colis�o lateral mesmo sentido;Com V�timas Feridas;Pleno dia;Decrescente;C�u Claro;Dupla;"Reta;Interse��o de Vias";Sim;4;0;2;0;2;0;2;2;-8,74245;-63,902471;SPRF-RO;DEL01-RO;UOP01-DEL01-RO;;;
711400;11/08/2025;segunda-feira;17:45:00;SC;280;254,5;CANOINHAS;Acessar a via sem observar a presen�a dos outros ve�culos;Colis�o transversal;Com V�timas Feridas;Anoitecer;Decrescente;C�u Claro;Simples;"Reta;Interse��o de Vias";N�o;2;0;0;1;1;0;1;2;-26,2663576;-50,5844697;SPRF-SC;DEL06-SC;UOP04-DEL06-SC;;;
711401;13/08/2025;quarta-feira;11:30:00;RJ;116;103;GUAPIMIRIM;Transitar na cal�ada;Queda de ocupante de ve�culo;Com V�timas Feridas;Pleno dia;Crescente;C�u Claro;Simples;Curva;Sim;2;0;2;0;0;0;2;1;-22,5277798;-42,9977417;SPRF-RJ;DEL04-RJ;UOP01-DEL04-RJ;;;
711403;13/08/2025;quarta-feira;11:20:00;RO;364;11;VILHENA;Ultrapassagem Indevida;Colis�o lateral mesmo sentido;Com V�timas Feridas;Pleno dia;Decrescente;C�u Claro;Simples;Reta;N�o;2;0;1;0;1;0;1;2;-12,7514938;-60,10690838;SPRF-RO;DEL04-RO;UOP01-DEL04-RO;;;
711409;13/08/2025;quarta-feira;12:30:00;PI;316;310,3;PICOS;Manobra de mudan�a de faixa;Colis�o transversal;Com V�timas Feridas;Pleno dia;Decrescente;C�u Claro;Dupla;Reta;Sim;4;0;0;2;0;2;2;3;-7,076125;-41,472623;SPRF-PI;DEL04-PI;UOP01-DEL04-PI;;;
711411;13/08/2025;quarta-feira;14:50:00;SC;101;213;PALHOCA;Manobra de mudan�a de faixa;Colis�o traseira;Com V�timas Feridas;Pleno dia;Decrescente;C�u Claro;M�ltipla;Reta;Sim;3;0;1;1;0;1;2;2;-27,642272;-48,668847;SPRF-SC;DEL01-SC;UOP02-DEL01-SC;;;
711412;13/08/2025;quarta-feira;14:40:00;MG;40;519,8;CONTAGEM;Ingest�o de �lcool pelo condutor;Colis�o traseira;Com V�timas Feridas;Pleno dia;Crescente;C�u Claro;Dupla;"Reta;Declive";N�o;2;0;1;0;1;0;1;2;-19,87587163;-44,05380249;SPRF-MG;DEL01-MG;UOP02-DEL01-MG;;;
711415;13/08/2025;quarta-feira;12:45:00;ES;101;125,7;SOORETAMA;Acessar a via sem observar a presen�a dos outros ve�culos;Colis�o transversal;Com V�timas Feridas;Pleno dia;Crescente;Nublado;Simples;Reta;Sim;2;0;0;1;1;0;1;2;-19,192489;-40,095195;SPRF-ES;DEL04-ES;UOP01-DEL04-ES;;;
711416;13/08/2025;quarta-feira;15:00:00;MG;40;748,4;SANTOS DUMONT;Rea��o tardia ou ineficiente do condutor;Tombamento;Com V�timas Feridas;Pleno dia;Decrescente;C�u Claro;Simples;"Curva;Aclive";N�o;2;0;1;1;0;0;2;1;-21,480647;-43,541364;SPRF-MG;DEL05-MG;UOP01-DEL05-MG;;;
711417;13/08/2025;quarta-feira;15:20:00;SC;101;119,4;ITAJAI;Trafegar com motocicleta (ou similar) entre as faixas;Colis�o lateral mesmo sentido;Com V�timas Feridas;Pleno dia;Crescente;C�u Claro;Dupla;Reta;Sim;2;0;1;0;1;0;1;2;-26,89656207;-48,7184798;SPRF-SC;DEL04-SC;UOP04-DEL04-SC;;;
711418;13/08/2025;quarta-feira;15:40:00;RS;386;244;SOLEDADE;Acessar a via sem observar a presen�a dos outros ve�culos;Colis�o transversal;Com V�timas Feridas;Pleno dia;Decrescente;Sol;Simples;"Reta;Em Obras";Sim;4;0;2;1;1;0;3;2;-28,79814458;-52,51529217;SPRF-RS;DEL04-RS;UOP03-DEL04-RS;;;
711421;09/08/2025;s�bado;17:20:00;RJ;101;313;SAO GONCALO;Rea��o tardia ou ineficiente do condutor;Queda de ocupante de ve�culo;Com V�timas Feridas;Anoitecer;Decrescente;Nublado;Dupla;Reta;Sim;3;0;2;0;1;0;2;3;-22,81413725;-43,07454441;SPRF-RJ;DEL02-RJ;UOP02-DEL02-RJ;;;
711422;13/08/2025;quarta-feira;14:19:00;RJ;40;106;DUQUE DE CAXIAS;Rea��o tardia ou ineficiente do condutor;Tombamento;Com V�timas Feridas;Pleno dia;Decrescente;C�u Claro;M�ltipla;Reta;Sim;1;0;1;0;0;0;1;1;-22,65486855;-43,28353643;SPRF-RJ;DEL01-RJ;UOP02-DEL01-RJ;;;
711423;13/08/2025;quarta-feira;09:50:00;MA;135;182,4;SAO MATEUS DO MARANHAO;Acessar a via sem observar a presen�a dos outros ve�culos;Colis�o transversal;Sem V�timas;Pleno dia;Crescente;C�u Claro;Simples;"Reta;Em Obras";Sim;2;0;0;0;2;0;0;2;-4,040592;-44,468538;SPRF-MA;DEL03-MA;UOP01-DEL03-MA;;;
711425;13/08/2025;quarta-feira;15:56:00;ES;101;169,5;LINHARES;Ultrapassagem Indevida;Colis�o frontal;Com V�timas Fatais;Pleno dia;Crescente;C�u Claro;Simples;Reta;N�o;2;1;0;0;1;0;0;2;-19,53798014;-40,15978687;SPRF-ES;DEL04-ES;UOP01-DEL04-ES;;;
711426;13/08/2025;quarta-feira;16:30:00;MG;40;517,7;RIBEIRAO DAS NEVES;Desrespeitar a prefer�ncia no cruzamento;Colis�o transversal;Com V�timas Feridas;Pleno dia;Crescente;C�u Claro;Dupla;Interse��o de Vias;Sim;3;0;2;0;1;0;2;2;-19,84035179;-44,07680511;SPRF-MG;DEL01-MG;UOP02-DEL01-MG;;;
711428;13/08/2025;quarta-feira;07:00:00;RJ;101;313;SAO GONCALO;Manobra de mudan�a de faixa;Colis�o traseira;Com V�timas Feridas;Pleno dia;Crescente;C�u Claro;Simples;Reta;Sim;2;0;1;0;1;0;1;2;-22,7934208;-43,0276608;SPRF-RJ;DEL02-RJ;UOP02-DEL02-RJ;;;
711430;13/08/2025;quarta-feira;16:16:00;RS;290;112;ELDORADO DO SUL;Aus�ncia de rea��o do condutor;Colis�o traseira;Com V�timas Feridas;Pleno dia;Crescente;Sol;Simples;Reta;N�o;6;0;2;0;4;0;2;3;-30,0445631;-51,34620845;SPRF-RS;DEL02-RS;UOP01-DEL02-RS;;;
711431;13/08/2025;quarta-feira;15:30:00;RS;470;171;VERANOPOLIS;Suic�dio (presumido);Atropelamento de Pedestre;Com V�timas Feridas;Pleno dia;Crescente;C�u Claro;Simples;"Reta;Retorno Regulamentado";Sim;2;0;1;0;1;0;1;2;-28,88549875;-51,54764771;SPRF-RS;DEL06-RS;UOP02-DEL06-RS;;;
711434;13/08/2025;quarta-feira;17:00:00;PR;116;152;MANDIRITUBA;Acessar a via sem observar a presen�a dos outros ve�culos;Colis�o transversal;Com V�timas Feridas;Pleno dia;Crescente;C�u Claro;Simples;Aclive;N�o;2;0;1;0;1;0;1;2;-25,79693009;-49,32889072;SPRF-PR;DEL01-PR;UOP03-DEL01-PR;;;
711435;13/08/2025;quarta-feira;10:30:00;RJ;101;312;SAO GONCALO;Acessar a via sem observar a presen�a dos outros ve�culos;Queda de ocupante de ve�culo;Com V�timas Feridas;Pleno dia;Crescente;C�u Claro;Dupla;Reta;N�o;2;0;1;0;1;0;1;2;-22,80481161;-43,05949152;SPRF-RJ;DEL02-RJ;UOP02-DEL02-RJ;;;
711437;13/08/2025;quarta-feira;17:34:00;ES;259;65,3;COLATINA;Convers�o proibida;Colis�o transversal;Com V�timas Feridas;Anoitecer;Crescente;Nublado;Simples;Reta;N�o;4;0;1;1;2;0;2;2;-19,51560058;-40,72519183;SPRF-ES;DEL02-ES;UOP01-DEL02-ES;;;
711439;13/08/2025;quarta-feira;16:45:00;SP;116;281;EMBU DAS ARTES;Aus�ncia de rea��o do condutor;Colis�o lateral mesmo sentido;Com V�timas Feridas;Plena Noite;Crescente;C�u Claro;Dupla;Reta;N�o;4;0;1;0;3;0;1;2;-23,65279388;-46,8483052;SPRF-SP;DEL04-SP;UOP01-DEL04-SP;;;
711440;13/08/2025;quarta-feira;16:12:00;GO;60;379;RIO VERDE;Aus�ncia de rea��o do condutor;Queda de ocupante de ve�culo;Com V�timas Feridas;Pleno dia;Decrescente;C�u Claro;Dupla;"Curva;Declive";Sim;1;0;1;0;0;0;1;1;-17,772868;-50,886268;SPRF-GO;DEL04-GO;UOP02-DEL04-GO;;;
711441;13/08/2025;quarta-feira;18:30:00;MG;459;86;CONGONHAL;Acessar a via sem observar a presen�a dos outros ve�culos;Colis�o traseira;Com V�timas Feridas;Anoitecer;Crescente;C�u Claro;Simples;Reta;N�o;2;0;1;0;1;0;1;2;-22,152521;-46,0577;SPRF-MG;DEL09-MG;UOP01-DEL09-MG;;;
711442;13/08/2025;quarta-feira;23:00:00;SP;116;218;GUARULHOS;Aus�ncia de rea��o do condutor;Tombamento;Com V�timas Feridas;Plena Noite;Decrescente;C�u Claro;M�ltipla;Reta;Sim;2;0;2;0;0;0;2;1;-23,45999;-46,484825;SPRF-SP;DEL01-SP;UOP01-DEL01-SP;;;
711443;13/08/2025;quarta-feira;17:30:00;PR;277;652,2;MATELANDIA;Acessar a via sem observar a presen�a dos outros ve�culos;Colis�o lateral mesmo sentido;Sem V�timas;Pleno dia;Crescente;C�u Claro;Simples;"Reta;Interse��o de Vias";N�o;2;0;0;0;2;0;0;2;-25,20642106;-53,94978968;SPRF-PR;DEL05-PR;UOP02-DEL05-PR;;;
711444;13/08/2025;quarta-feira;11:25:00;BA;116;777;PLANALTO;Desrespeitar a prefer�ncia no cruzamento;Colis�o transversal;Com V�timas Feridas;Pleno dia;Decrescente;C�u Claro;Simples;Reta;Sim;2;0;0;1;1;0;1;2;-14,67083665;-40,47541916;SPRF-BA;DEL08-BA;UOP02-DEL08-BA;;;
711446;13/08/2025;quarta-feira;18:25:00;BA;367;23;PORTO SEGURO;Ultrapassagem Indevida;Colis�o transversal;Com V�timas Feridas;Plena Noite;Decrescente;Nublado;M�ltipla;Reta;Sim;2;0;1;0;1;0;1;2;-16,438035;-39,087793;SPRF-BA;DEL09-BA;UOP03-DEL09-BA;;;
711448;13/08/2025;quarta-feira;09:30:00;RJ;101;484;ANGRA DOS REIS;Desvio tempor�rio;Engavetamento;Com V�timas Feridas;Pleno dia;Decrescente;C�u Claro;Simples;Reta;Sim;4;0;1;0;3;0;1;4;-22,987383;-44,301258;SPRF-RJ;DEL03-RJ;UOP03-DEL03-RJ;;;
711449;13/08/2025;quarta-feira;18:00:00;RJ;101;484;ANGRA DOS REIS;Acessar a via sem observar a presen�a dos outros ve�culos;Colis�o frontal;Com V�timas Feridas;Plena Noite;Decrescente;C�u Claro;Simples;Curva;Sim;2;0;1;0;1;0;1;2;-22,99187095;-44,30464569;SPRF-RJ;DEL03-RJ;UOP03-DEL03-RJ;;;
711450;13/08/2025;quarta-feira;17:30:00;AL;316;256,1;PILAR;Acessar a via sem observar a presen�a dos outros ve�culos;Colis�o transversal;Sem V�timas;Anoitecer;Crescente;C�u Claro;Simples;"Reta;Interse��o de Vias;Rotat�ria";Sim;2;0;0;0;2;0;0;2;-9,590988;-35,939377;SPRF-AL;DEL02-AL;UOP01-DEL02-AL;;;
711451;13/08/2025;quarta-feira;19:00:00;ES;101;65;SAO MATEUS;Rea��o tardia ou ineficiente do condutor;Colis�o traseira;Com V�timas Feridas;Plena Noite;Decrescente;C�u Claro;Simples;Reta;Sim;3;0;1;0;2;0;1;2;-18,7155813;-39,8757107;SPRF-ES;DEL04-ES;UOP02-DEL04-ES;;;
711452;13/08/2025;quarta-feira;18:40:00;PE;407;126;PETROLINA;Acumulo de �leo sobre o pavimento;Tombamento;Com V�timas Feridas;Plena Noite;Decrescente;C�u Claro;Dupla;Rotat�ria;N�o;2;0;2;0;0;0;2;1;-9,38729988;-40,52543688;SPRF-PE;DEL06-PE;UOP01-DEL06-PE;;;
711453;13/08/2025;quarta-feira;18:50:00;PR;487;170;CAMPO MOURAO;Acessar a via sem observar a presen�a dos outros ve�culos;Colis�o traseira;Com V�timas Fatais;Plena Noite;Decrescente;C�u Claro;Simples;"Reta;Declive";N�o;3;1;0;0;2;0;0;2;-24,011178;-52,466436;SPRF-PR;DEL09-PR;UOP03-DEL09-PR;;;
711454;13/08/2025;quarta-feira;18:15:00;PR;158;530,6;PATO BRANCO;Acessar a via sem observar a presen�a dos outros ve�culos;Colis�o transversal;Com V�timas Feridas;Anoitecer;Crescente;C�u Claro;Simples;"Reta;Interse��o de Vias";Sim;3;0;0;1;2;0;1;2;-26,19973293;-52,675673;SPRF-PR;DEL02-PR;UOP01-DEL02-PR;;;
711455;13/08/2025;quarta-feira;19:10:00;MG;267;129,4;JUIZ DE FORA;Acessar a via sem observar a presen�a dos outros ve�culos;Colis�o transversal;Com V�timas Feridas;Plena Noite;Crescente;C�u Claro;Simples;Reta;N�o;5;0;1;1;3;0;2;3;-21,71955692;-43,53197336;SPRF-MG;DEL05-MG;UOP01-DEL05-MG;;;
711457;13/08/2025;quarta-feira;16:00:00;PR;369;29;CAMBARA;Animais na Pista;Sa�da de leito carro��vel;Com V�timas Feridas;Pleno dia;Crescente;C�u Claro;Simples;Reta;N�o;1;0;1;0;0;0;1;1;-23,03832839;-50,16888012;SPRF-PR;DEL07-PR;UOP05-DEL07-PR;;;
711459;13/08/2025;quarta-feira;18:30:00;RN;101;95;NATAL;Condutor deixou de manter dist�ncia do ve�culo da frente;Colis�o traseira;Com V�timas Feridas;Plena Noite;Decrescente;C�u Claro;M�ltipla;Reta;Sim;3;0;0;1;2;0;1;3;-5,83881;-35,210833;SPRF-RN;DEL01-RN;UOP01-DEL01-RN;;;
711460;13/08/2025;quarta-feira;17:35:00;SC;280;81,9;CORUPA;Aus�ncia de rea��o do condutor;Colis�o transversal;Com V�timas Feridas;Anoitecer;Crescente;C�u Claro;Simples;"Reta;Interse��o de Vias";N�o;2;0;1;0;1;0;1;2;-26,43657398;-49,24084989;SPRF-SC;DEL06-SC;UOP03-DEL06-SC;;;
711462;13/08/2025;quarta-feira;19:20:00;DF;40;1,8;BRASILIA;Trafegar com motocicleta (ou similar) entre as faixas;Colis�o traseira;Com V�timas Feridas;Plena Noite;Crescente;C�u Claro;Dupla;Reta;Sim;2;0;1;0;1;0;1;2;-15,988631;-47,987118;SPRF-DF;DEL01-DF;UOP01-DEL01-DF;;;
711465;13/08/2025;quarta-feira;19:20:00;MG;354;752,7;ITAMONTE;Aus�ncia de rea��o do condutor;Colis�o traseira;Com V�timas Feridas;Plena Noite;Crescente;C�u Claro;Simples;Reta;Sim;2;0;0;1;1;0;1;2;-22,27386727;-44,87663984;SPRF-MG;DEL17-MG;UOP01-DEL17-MG;;;