id;data_inversa;dia_semana;horario;uf;br;km;municipio;causa_acidente;tipo_acidente;classificacao_acidente;fase_dia;sentido_via;condicao_metereologica;tipo_pista;tracado_via;uso_solo;pessoas;mortos;feridos_leves;feridos_graves;ilesos;ignorados;feridos;veiculos;latitude;longitude;regional;delegacia;uop;;;
711468;13/08/2025;quarta-feira;17:20:00;AP;156;785;OIAPOQUE;Avarias e/ou desgaste excessivo no pneu;Tombamento;Com V�timas Feridas;Anoitecer;Crescente;C�u Claro;Simples;"Reta;Declive";N�o;2;0;2;0;0;0;2;1;3,7343;-51,775805;SPRF-AP;DEL01-AP;UOP03-DEL01-AP;;;
711469;13/08/2025;quarta-feira;19:30:00;SC;101;202,8;SAO JOSE;Trafegar com motocicleta (ou similar) entre as faixas;Colis�o lateral mesmo sentido;Com V�timas Feridas;Plena Noite;Crescente;C�u Claro;Dupla;Reta;Sim;2;0;1;0;1;0;1;2;-27,561925;-48,616342;SPRF-SC;DEL01-SC;UOP01-DEL01-SC;;;
711471;13/08/2025;quarta-feira;20:00:00;SC;101;207;SAO JOSE;Trafegar com motocicleta (ou similar) entre as faixas;Colis�o traseira;Com V�timas Feridas;Plena Noite;Crescente;C�u Claro;M�ltipla;Reta;Sim;3;0;0;1;2;0;1;2;-27,600677;-48,623421;SPRF-SC;DEL01-SC;UOP01-DEL01-SC;;;
711472;13/08/2025;quarta-feira;20:20:00;GO;60;92,6;ANAPOLIS;Acumulo de �leo sobre o pavimento;Tombamento;Com V�timas Feridas;Plena Noite;Crescente;C�u Claro;Dupla;Retorno Regulamentado;Sim;1;0;1;0;0;0;1;1;-16,352521;-48,915846;SPRF-GO;DEL02-GO;UOP01-DEL02-GO;;;
711473;13/08/2025;quarta-feira;20:13:00;RS;290;50,2;GLORINHA;Demais falhas mec�nicas ou el�tricas;Sa�da de leito carro��vel;Com V�timas Feridas;Plena Noite;Crescente;C�u Claro;M�ltipla;Reta;N�o;3;0;2;0;1;0;2;1;-29,907006;-50,758554;SPRF-RS;DEL03-RS;UOP01-DEL03-RS;;;
711474;13/08/2025;quarta-feira;13:10:00;MG;116;449,6;ENGENHEIRO CALDAS;Demais falhas mec�nicas ou el�tricas;Tombamento;Com V�timas Feridas;Pleno dia;Decrescente;C�u Claro;Simples;Curva;N�o;2;0;1;0;0;1;1;1;-19,149539;-42,020369;SPRF-MG;DEL06-MG;UOP02-DEL06-MG;;;
711478;13/08/2025;quarta-feira;16:50:00;BA;101;60;ENTRE RIOS;Acessar a via sem observar a presen�a dos outros ve�culos;Colis�o transversal;Com V�timas Feridas;Pleno dia;Decrescente;C�u Claro;Simples;"Reta;Rotat�ria";Sim;2;0;1;0;1;0;1;2;-11,94781837;-38,07040894;SPRF-BA;DEL01-BA;UOP04-DEL01-BA;;;
711479;13/08/2025;quarta-feira;19:40:00;RJ;116;101;GUAPIMIRIM;Rea��o tardia ou ineficiente do condutor;Colis�o com objeto;Com V�timas Feridas;Plena Noite;Decrescente;C�u Claro;Simples;Aclive;N�o;1;0;1;0;0;0;1;1;-22,489426;-43,007086;SPRF-RJ;DEL04-RJ;UOP01-DEL04-RJ;;;
711480;13/08/2025;quarta-feira;21:15:00;RS;116;270;PORTO ALEGRE;Ilumina��o deficiente;Colis�o lateral mesmo sentido;Com V�timas Feridas;Plena Noite;Decrescente;C�u Claro;M�ltipla;Reta;N�o;3;0;1;0;2;0;1;2;-29,96911872;-51,1762476;SPRF-RS;DEL01-RS;UOP01-DEL01-RS;;;
711482;13/08/2025;quarta-feira;18:20:00;MT;70;521,8;VARZEA GRANDE;Acessar a via sem observar a presen�a dos outros ve�culos;Colis�o transversal;Com V�timas Feridas;Anoitecer;Decrescente;Nublado;Simples;Reta;Sim;2;0;0;1;1;0;1;2;-15,66730273;-56,18217051;SPRF-MT;DEL01-MT;UOP02-DEL01-MT;;;
711483;13/08/2025;quarta-feira;18:00:00;AP;210;104,8;PORTO GRANDE;Condutor deixou de manter dist�ncia do ve�culo da frente;Colis�o traseira;Sem V�timas;Anoitecer;Decrescente;C�u Claro;Simples;Reta;Sim;2;0;0;0;2;0;0;2;0,69994437;-51,40167367;SPRF-AP;DEL01-AP;UOP01-DEL01-AP;;;
711487;13/08/2025;quarta-feira;21:00:00;MG;381;397;NOVA UNIAO;Animais na Pista;Atropelamento de Animal;Com V�timas Feridas;Plena Noite;Crescente;C�u Claro;Dupla;"Aclive;Curva";N�o;1;0;1;0;0;0;1;1;-19,73060504;-43,5599727;SPRF-MG;DEL01-MG;UOP01-DEL01-MG;;;
711488;13/08/2025;quarta-feira;21:45:00;MG;153;83,9;PRATA;Rea��o tardia ou ineficiente do condutor;Sa�da de leito carro��vel;Com V�timas Feridas;Plena Noite;Decrescente;C�u Claro;Simples;"Declive;Reta";N�o;1;0;1;0;0;0;1;1;-19,09626764;-48,98449659;SPRF-MG;DEL15-MG;UOP03-DEL15-MG;;;
711491;13/08/2025;quarta-feira;18:40:00;SC;101;304;LAGUNA;Desrespeitar a prefer�ncia no cruzamento;Colis�o transversal;Com V�timas Feridas;Plena Noite;Decrescente;C�u Claro;Dupla;Viaduto;N�o;2;0;0;1;1;0;1;2;-28,38985675;-48,77613036;SPRF-SC;DEL02-SC;UOP03-DEL02-SC;;;
711492;13/08/2025;quarta-feira;19:30:00;BA;110;149;RIBEIRA DO POMBAL;Aus�ncia de rea��o do condutor;Sa�da de leito carro��vel;Com V�timas Feridas;Plena Noite;Crescente;C�u Claro;Simples;Reta;Sim;1;0;0;1;0;0;1;1;-10,658122;-38,413515;SPRF-BA;DEL07-BA;UOP02-DEL07-BA;;;
711493;13/08/2025;quarta-feira;22:26:00;DF;70;3;BRASILIA;Acessar a via sem observar a presen�a dos outros ve�culos;Colis�o transversal;Sem V�timas;Plena Noite;Decrescente;C�u Claro;Dupla;Reta;Sim;2;0;0;0;1;1;0;2;-15,7952841;-48,1990895;SPRF-DF;DEL03-DF;UOP02-DEL03-DF;;;
711494;13/08/2025;quarta-feira;09:00:00;RJ;493;25;MAGE;Retorno proibido;Colis�o lateral mesmo sentido;Com V�timas Feridas;Pleno dia;Decrescente;C�u Claro;Dupla;Reta;N�o;2;0;1;0;1;0;1;2;-22,65766061;-43,08554649;SPRF-RJ;DEL04-RJ;UOP02-DEL04-RJ;;;
711496;13/08/2025;quarta-feira;21:00:00;MT;70;50;BARRA DO GARCAS;Velocidade Incompat�vel;Sa�da de leito carro��vel;Sem V�timas;Plena Noite;Decrescente;C�u Claro;Simples;"Declive;Curva";N�o;1;0;0;0;1;0;0;1;-15,741257;-52,623388;SPRF-MT;DEL07-MT;UOP01-DEL07-MT;;;
711497;13/08/2025;quarta-feira;23:10:00;RS;116;262;CANOAS;Rea��o tardia ou ineficiente do condutor;Colis�o com objeto;Com V�timas Feridas;Plena Noite;Crescente;C�u Claro;Simples;Reta;Sim;1;0;1;0;0;0;1;1;-29,90367696;-51,17684616;SPRF-RS;DEL01-RS;UOP01-DEL01-RS;;;
711499;13/08/2025;quarta-feira;23:34:00;ES;101;205,6;JOAO NEIVA;Demais falhas mec�nicas ou el�tricas;Tombamento;Com V�timas Feridas;Plena Noite;Decrescente;C�u Claro;Simples;Reta;Sim;2;0;0;1;1;0;1;1;-19,74828617;-40,37750244;SPRF-ES;DEL02-ES;UOP01-DEL02-ES;;;
711501;13/08/2025;quarta-feira;22:31:00;SP;116;448;REGISTRO;Convers�o proibida;Colis�o traseira;Com V�timas Feridas;Plena Noite;Crescente;C�u Claro;Dupla;Reta;Sim;4;0;2;0;2;0;2;2;-24,52929192;-47,85360217;SPRF-SP;DEL05-SP;UOP01-DEL05-SP;;;
711502;13/08/2025;quarta-feira;20:30:00;AL;316;202;MARIBONDO;Ingest�o de �lcool pelo condutor;Colis�o traseira;Com V�timas Feridas;Plena Noite;Crescente;C�u Claro;Simples;Reta;N�o;5;0;4;0;0;1;4;3;-9,582802;-36,31151;SPRF-AL;DEL03-AL;UOP01-DEL03-AL;;;
711503;13/08/2025;quarta-feira;17:40:00;RS;101;47;TERRA DE AREIA;Demais falhas na via;Colis�o frontal;Com V�timas Feridas;Pleno dia;Crescente;C�u Claro;Simples;Reta;Sim;2;0;1;0;1;0;1;2;-29,58451385;-50,06862402;SPRF-RS;DEL03-RS;UOP02-DEL03-RS;;;
711504;13/08/2025;quarta-feira;23:40:00;MG;381;486;BETIM;Rea��o tardia ou ineficiente do condutor;Colis�o traseira;Com V�timas Feridas;Plena Noite;Crescente;C�u Claro;Dupla;"Curva;Declive";Sim;2;0;1;0;1;0;1;2;-19,95729602;-44,11971402;SPRF-MG;DEL01-MG;UOP03-DEL01-MG;;;
711505;13/08/2025;quarta-feira;23:55:00;DF;40;3,8;BRASILIA;Condutor Dormindo;Sa�da de leito carro��vel;Com V�timas Feridas;Plena Noite;Decrescente;C�u Claro;Dupla;Reta;Sim;1;0;1;0;0;0;1;1;-16,003145;-47,983944;SPRF-DF;DEL01-DF;UOP01-DEL01-DF;;;
711506;13/08/2025;quarta-feira;22:30:00;AL;423;7;OURO BRANCO;Animais na Pista;Atropelamento de Animal;Com V�timas Feridas;Plena Noite;Decrescente;Nublado;Simples;Reta;N�o;1;0;0;1;0;0;1;1;-9,141218;-37,354338;SPRF-AL;DEL03-AL;UOP02-DEL03-AL;;;
711507;14/08/2025;quinta-feira;00:02:00;ES;101;267,1;SERRA;Aus�ncia de rea��o do condutor;Sa�da de leito carro��vel;Sem V�timas;Plena Noite;Decrescente;Nublado;Dupla;Reta;Sim;1;0;0;0;0;1;0;1;-20,20028783;-40,26847482;SPRF-ES;DEL02-ES;UOP01-DEL02-ES;;;
711508;06/08/2025;quarta-feira;08:00:00;RJ;116;118;MAGE;Demais falhas mec�nicas ou el�tricas;Colis�o com objeto;Com V�timas Feridas;Pleno dia;Crescente;C�u Claro;Dupla;Reta;Sim;3;0;2;0;1;0;2;2;-22,65924794;-43,09115496;SPRF-RJ;DEL04-RJ;UOP02-DEL04-RJ;;;
711509;14/08/2025;quinta-feira;00:48:00;RS;116;245,1;SAO LEOPOLDO;Aus�ncia de rea��o do condutor;Colis�o com objeto;Com V�timas Feridas;Plena Noite;Crescente;Nublado;Dupla;Reta;Sim;1;0;1;0;0;0;1;1;-29,747685;-51,151483;SPRF-RS;DEL01-RS;UOP02-DEL01-RS;;;
711511;14/08/2025;quinta-feira;00:45:00;PR;277;3,7;CURITIBA;Rea��o tardia ou ineficiente do condutor;Colis�o traseira;Com V�timas Feridas;Plena Noite;Decrescente;C�u Claro;Dupla;Reta;Sim;2;0;1;0;1;0;1;2;-25,430593;-49,328862;SPRF-PR;DEL01-PR;UOP06-DEL01-PR;;;
711512;13/08/2025;quarta-feira;23:20:00;SP;381;88;GUARULHOS;Velocidade Incompat�vel;Colis�o com objeto;Sem V�timas;Plena Noite;Decrescente;Nublado;M�ltipla;Reta;Sim;1;0;0;0;0;1;0;1;-23,48649045;-46,55941486;SPRF-SP;DEL03-SP;UOP01-DEL03-SP;;;
711513;14/08/2025;quinta-feira;00:30:00;MG;40;685,4;RESSAQUINHA;Condutor Dormindo;Sa�da de leito carro��vel;Com V�timas Feridas;Plena Noite;Crescente;C�u Claro;Simples;Reta;N�o;4;0;1;0;3;0;1;1;-21,07997149;-43,76615837;SPRF-MG;DEL05-MG;UOP02-DEL05-MG;;;
711514;14/08/2025;quinta-feira;00:10:00;RJ;116;104;GUAPIMIRIM;Velocidade Incompat�vel;Sa�da de leito carro��vel;Com V�timas Feridas;Plena Noite;Decrescente;C�u Claro;Simples;Curva;N�o;1;0;1;0;0;0;1;1;-22,46542;-42,99829;SPRF-RJ;DEL04-RJ;UOP01-DEL04-RJ;;;
711515;13/08/2025;quarta-feira;23:10:00;GO;414;301;VILA PROPICIO;Rea��o tardia ou ineficiente do condutor;Sa�da de leito carro��vel;Sem V�timas;Plena Noite;Crescente;C�u Claro;Simples;Reta;N�o;1;0;0;0;0;1;0;1;-15,222471;-48,696177;SPRF-GO;DEL02-GO;UOP01-DEL02-GO;;;
711516;14/08/2025;quinta-feira;03:50:00;SC;101;200,9;SAO JOSE;Rea��o tardia ou ineficiente do condutor;Sa�da de leito carro��vel;Sem V�timas;Plena Noite;Crescente;C�u Claro;Dupla;Reta;Sim;1;0;0;0;1;0;0;1;-27,5477;-48,62003;SPRF-SC;DEL01-SC;UOP01-DEL01-SC;;;
711520;14/08/2025;quinta-feira;05:11:00;RN;101;99;NATAL;Aus�ncia de rea��o do condutor;Colis�o traseira;Com V�timas Feridas;Amanhecer;Decrescente;C�u Claro;M�ltipla;Reta;Sim;2;0;2;0;0;0;2;2;-5,87766725;-35,22367923;SPRF-RN;DEL01-RN;UOP01-DEL01-RN;;;
711521;14/08/2025;quinta-feira;03:50:00;PE;101;130,3;ESCADA;Animais na Pista;Atropelamento de Animal;Com V�timas Feridas;Plena Noite;Decrescente;C�u Claro;Dupla;Reta;Sim;3;0;2;0;1;0;2;1;-8,392438;-35,2571558;SPRF-PE;DEL01-PE;UOP03-DEL01-PE;;;
711522;14/08/2025;quinta-feira;04:40:00;RJ;465;17,7;NOVA IGUACU;Animais na Pista;Atropelamento de Animal;Com V�timas Feridas;Plena Noite;Crescente;C�u Claro;Simples;Reta;Sim;1;0;1;0;0;0;1;1;-22,82808613;-43,61726761;SPRF-RJ;DEL06-RJ;UOP02-DEL06-RJ;;;
711524;14/08/2025;quinta-feira;05:20:00;PR;277;591,9;CASCAVEL;Condutor Dormindo;Colis�o com objeto;Sem V�timas;Plena Noite;Decrescente;C�u Claro;Simples;"Aclive;Viaduto;Curva";Sim;1;0;0;0;1;0;0;1;-24,983845;-53,472301;SPRF-PR;DEL04-PR;UOP01-DEL04-PR;;;
711525;14/08/2025;quinta-feira;06:20:00;SC;101;17,3;PALHOCA;Acessar a via sem observar a presen�a dos outros ve�culos;Colis�o transversal;Com V�timas Feridas;Amanhecer;Crescente;Nublado;Simples;"Retorno Regulamentado;Reta";Sim;2;0;1;0;1;0;1;2;-27,66734204;-48,68945209;SPRF-SC;DEL03-SC;UOP01-DEL03-SC;;;
711526;14/08/2025;quinta-feira;06:20:00;MG;146;11,3;POCOS DE CALDAS;Rea��o tardia ou ineficiente do condutor;Tombamento;Com V�timas Feridas;Pleno dia;Crescente;C�u Claro;Simples;"Aclive;Interse��o de Vias;Rotat�ria";N�o;2;0;1;0;0;1;1;2;-21,80823723;-46,47148132;SPRF-MG;DEL10-MG;UOP01-DEL10-MG;;;
711528;14/08/2025;quinta-feira;04:30:00;PR;277;675,1;FOZ DO IGUACU;Velocidade Incompat�vel;Capotamento;Com V�timas Feridas;Plena Noite;Decrescente;C�u Claro;Dupla;Reta;N�o;1;0;1;0;0;0;1;1;-25,47712;-54,5292288;SPRF-PR;DEL05-PR;UOP01-DEL05-PR;;;
711529;14/08/2025;quinta-feira;01:00:00;SP;116;212;GUARULHOS;Aus�ncia de rea��o do condutor;Tombamento;Com V�timas Feridas;Plena Noite;Crescente;C�u Claro;M�ltipla;"Declive;Reta";Sim;1;0;1;0;0;0;1;1;-23,4381856;-46,42926407;SPRF-SP;DEL01-SP;UOP01-DEL01-SP;;;
711533;14/08/2025;quinta-feira;07:20:00;ES;262;17,7;VIANA;Retorno proibido;Colis�o transversal;Com V�timas Feridas;Pleno dia;Crescente;C�u Claro;Simples;Reta;Sim;2;0;1;0;1;0;1;2;-20,39007;-40,478578;SPRF-ES;DEL01-ES;UOP01-DEL01-ES;;;
711536;14/08/2025;quinta-feira;07:29:00;SP;116;209;GUARULHOS;Manobra de mudan�a de faixa;Queda de ocupante de ve�culo;Com V�timas Feridas;Amanhecer;Crescente;C�u Claro;M�ltipla;Reta;Sim;1;0;1;0;0;0;1;1;-23,42792613;-46,40988317;SPRF-SP;DEL01-SP;UOP01-DEL01-SP;;;
711538;14/08/2025;quinta-feira;07:50:00;SP;153;64,1;SAO JOSE DO RIO PRETO;Condutor deixou de manter dist�ncia do ve�culo da frente;Colis�o traseira;Sem V�timas;Pleno dia;Decrescente;C�u Claro;Dupla;Reta;N�o;2;0;0;0;2;0;0;2;-20,83091577;-49,3618024;SPRF-SP;DEL09-SP;UOP01-DEL09-SP;;;
711539;14/08/2025;quinta-feira;07:35:00;PB;101;82;BAYEUX;Condutor deixou de manter dist�ncia do ve�culo da frente;Colis�o traseira;Com V�timas Feridas;Pleno dia;Crescente;C�u Claro;Dupla;Reta;Sim;3;0;1;0;2;0;1;2;-7,13107463;-34,9333477;SPRF-PB;DEL01-PB;UOP01-DEL01-PB;;;
711540;14/08/2025;quinta-feira;06:50:00;PR;376;502;PONTA GROSSA;Rea��o tardia ou ineficiente do condutor;Colis�o traseira;Com V�timas Feridas;Pleno dia;Crescente;C�u Claro;Dupla;"Interse��o de Vias;Retorno Regulamentado";N�o;2;0;1;0;1;0;1;2;-25,1746995;-50,10437424;SPRF-PR;DEL03-PR;UOP04-DEL03-PR;;;
711542;14/08/2025;quinta-feira;06:15:00;SC;480;128;CHAPECO;Ultrapassagem Indevida;Colis�o lateral mesmo sentido;Com V�timas Feridas;Amanhecer;Crescente;C�u Claro;Simples;Reta;Sim;2;0;1;0;1;0;1;2;-27,03759631;-52,63431621;SPRF-SC;DEL07-SC;UOP01-DEL07-SC;;;
711543;14/08/2025;quinta-feira;07:45:00;SC;470;50;BLUMENAU;Rea��o tardia ou ineficiente do condutor;Colis�o traseira;Com V�timas Feridas;Pleno dia;Crescente;C�u Claro;Dupla;"Desvio Tempor�rio;Curva";Sim;3;0;1;0;2;0;1;2;-26,86165025;-49,08195583;SPRF-SC;DEL04-SC;UOP01-DEL04-SC;;;
711546;14/08/2025;quinta-feira;07:00:00;RO;364;422,9;JARU;Condutor deixou de manter dist�ncia do ve�culo da frente;Colis�o traseira;Com V�timas Feridas;Pleno dia;Decrescente;C�u Claro;Dupla;"Reta;Retorno Regulamentado";Sim;5;0;3;1;1;0;4;3;-10,452973;-62,4607795;SPRF-RO;DEL03-RO;UOP02-DEL03-RO;;;
711548;14/08/2025;quinta-feira;00:10:00;RJ;116;22,5;SAPUCAIA;Rea��o tardia ou ineficiente do condutor;Colis�o com objeto;Com V�timas Feridas;Plena Noite;Decrescente;C�u Claro;Simples;Reta;N�o;2;0;2;0;0;0;2;1;-22,02644432;-42,77481493;SPRF-RJ;DEL05-RJ;UOP01-DEL05-RJ;;;
711550;14/08/2025;quinta-feira;07:40:00;CE;222;4,8;CAUCAIA;Aus�ncia de rea��o do condutor;Colis�o traseira;Com V�timas Feridas;Pleno dia;Crescente;C�u Claro;M�ltipla;Retorno Regulamentado;Sim;3;0;1;0;2;0;1;2;-3,74272915;-38,61210465;SPRF-CE;DEL01-CE;UOP01-DEL01-CE;;;
711552;14/08/2025;quinta-feira;08:20:00;DF;20;7,9;BRASILIA;Aus�ncia de rea��o do condutor;Colis�o traseira;Com V�timas Feridas;Pleno dia;Decrescente;C�u Claro;Dupla;"Declive;Reta";Sim;2;0;1;0;1;0;1;2;-15,657745;-47,790938;SPRF-DF;DEL02-DF;UOP01-DEL02-DF;;;
711555;14/08/2025;quinta-feira;08:25:00;ES;259;18;JOAO NEIVA;Aus�ncia de rea��o do condutor;Queda de ocupante de ve�culo;Com V�timas Feridas;Pleno dia;Crescente;C�u Claro;Simples;Curva;N�o;1;0;1;0;0;0;1;1;-19,663366;-40,452287;SPRF-ES;DEL02-ES;UOP01-DEL02-ES;;;
711556;14/08/2025;quinta-feira;07:40:00;SC;101;383,8;ICARA;Condutor deixou de manter dist�ncia do ve�culo da frente;Colis�o traseira;Com V�timas Feridas;Pleno dia;Decrescente;C�u Claro;Dupla;"Interse��o de Vias;Viaduto";Sim;2;0;1;0;1;0;1;2;-28,77590153;-49,31766836;SPRF-SC;DEL02-SC;UOP02-DEL02-SC;;;
711558;10/08/2025;domingo;17:10:00;RS;290;26;SANTO ANTONIO DA PATRULHA;Condutor Dormindo;Colis�o traseira;Com V�timas Feridas;Pleno dia;Decrescente;Sol;Dupla;Reta;N�o;2;0;1;0;1;0;1;2;-29,880463;-50,514421;SPRF-RS;DEL03-RS;UOP01-DEL03-RS;;;
711559;14/08/2025;quinta-feira;08:00:00;PI;343;333,1;TERESINA;Manobra de mudan�a de faixa;Colis�o transversal;Com V�timas Feridas;Pleno dia;Crescente;C�u Claro;Dupla;Reta;Sim;3;0;3;0;0;0;3;2;-5,055907;-42,680655;SPRF-PI;DEL01-PI;UOP01-DEL01-PI;;;
711560;14/08/2025;quinta-feira;08:15:00;RS;472;575;URUGUAIANA;Transitar na contram�o;Colis�o frontal;Com V�timas Feridas;Pleno dia;Crescente;Sol;Simples;Reta;Sim;3;0;1;0;2;0;1;2;-29,763005;-57,055391;SPRF-RS;DEL13-RS;UOP01-DEL13-RS;;;
711562;14/08/2025;quinta-feira;09:00:00;PR;277;674;MEDIANEIRA;Condutor Dormindo;Colis�o traseira;Com V�timas Feridas;Pleno dia;Crescente;C�u Claro;Dupla;Reta;N�o;2;0;1;0;1;0;1;2;-25,29437116;-54,1135025;SPRF-PR;DEL05-PR;UOP01-DEL05-PR;;;
711563;14/08/2025;quinta-feira;09:00:00;SC;282;5,5;SAO JOSE;Rea��o tardia ou ineficiente do condutor;Colis�o traseira;Com V�timas Feridas;Pleno dia;Decrescente;C�u Claro;M�ltipla;Reta;Sim;3;0;2;0;1;0;2;2;-27,58803741;-48,61359922;SPRF-SC;DEL01-SC;UOP01-DEL01-SC;;;
711564;14/08/2025;quinta-feira;06:52:00;RJ;40;110;DUQUE DE CAXIAS;Rea��o tardia ou ineficiente do condutor;Colis�o lateral mesmo sentido;Com V�timas Feridas;Pleno dia;Crescente;Nublado;M�ltipla;Reta;Sim;3;0;2;0;1;0;2;2;-22,684238;-43,285343;SPRF-RJ;DEL01-RJ;UOP02-DEL01-RJ;;;
711565;14/08/2025;quinta-feira;09:20:00;SP;116;208;GUARULHOS;Trafegar com motocicleta (ou similar) entre as faixas;Colis�o lateral mesmo sentido;Com V�timas Feridas;Pleno dia;Crescente;C�u Claro;Dupla;Reta;Sim;2;0;1;0;1;0;1;2;-23,42348422;-46,39798377;SPRF-SP;DEL01-SP;UOP01-DEL01-SP;;;
711566;14/08/2025;quinta-feira;10:05:00;ES;101;289;CARIACICA;Aus�ncia de rea��o do condutor;Tombamento;Com V�timas Feridas;Pleno dia;Crescente;Sol;Dupla;"Aclive;Reta";Sim;2;0;1;0;1;0;1;1;-20,2957936;-40,3957834;SPRF-ES;DEL01-ES;UOP01-DEL01-ES;;;
711567;14/08/2025;quinta-feira;08:00:00;MA;226;211,1;PRESIDENTE DUTRA;Convers�o proibida;Colis�o lateral mesmo sentido;Com V�timas Feridas;Pleno dia;Crescente;C�u Claro;Simples;Curva;N�o;4;0;3;0;1;0;3;2;-5,292685;-44,558175;SPRF-MA;DEL06-MA;UOP01-DEL06-MA;;;
711568;14/08/2025;quinta-feira;10:00:00;SP;116;128;CACAPAVA;Rea��o tardia ou ineficiente do condutor;Capotamento;Com V�timas Feridas;Pleno dia;Decrescente;C�u Claro;Dupla;Reta;Sim;1;0;0;1;0;0;1;1;-23,11431776;-45,71042451;SPRF-SP;DEL02-SP;UOP02-DEL02-SP;;;
711571;14/08/2025;quinta-feira;10:29:00;RN;101;100;PARNAMIRIM;Aus�ncia de rea��o do condutor;Colis�o com objeto;Com V�timas Feridas;Pleno dia;Decrescente;C�u Claro;Dupla;"Reta;Declive";Sim;1;0;1;0;0;0;1;1;-5,8824394;-35,225906;SPRF-RN;DEL01-RN;UOP01-DEL01-RN;;;
711573;14/08/2025;quinta-feira;08:43:00;PR;163;248;TOLEDO;Aus�ncia de rea��o do condutor;Sa�da de leito carro��vel;Com V�timas Feridas;Pleno dia;Decrescente;C�u Claro;Dupla;Reta;N�o;3;0;1;0;2;0;1;2;-24,67867099;-53,79244745;SPRF-PR;DEL06-PR;UOP02-DEL06-PR;;;
711574;14/08/2025;quinta-feira;07:44:00;PE;428;138,5;LAGOA GRANDE;Velocidade Incompat�vel;Colis�o traseira;Com V�timas Feridas;Pleno dia;Crescente;C�u Claro;Simples;Reta;N�o;5;0;0;1;4;0;1;2;-8,988346;-40,263317;SPRF-PE;DEL06-PE;UOP03-DEL06-PE;;;
711575;14/08/2025;quinta-feira;10:30:00;SC;101;154;PORTO BELO;Manobra de mudan�a de faixa;Colis�o lateral mesmo sentido;Com V�timas Feridas;Pleno dia;Crescente;C�u Claro;M�ltipla;Reta;N�o;3;0;2;0;1;0;2;2;-27,15996562;-48,61115942;SPRF-SC;DEL04-SC;UOP03-DEL04-SC;;;
711576;14/08/2025;quinta-feira;10:30:00;MG;40;590;ITABIRITO;Aus�ncia de rea��o do condutor;Colis�o traseira;Com V�timas Feridas;Pleno dia;Decrescente;C�u Claro;Dupla;"Declive;Curva";N�o;2;0;1;0;0;1;1;2;-20,370119;-43,910614;SPRF-MG;DEL01-MG;UOP02-DEL01-MG;;;
711582;14/08/2025;quinta-feira;10:15:00;RJ;101;46;CAMPOS DOS GOYTACAZES;Acessar a via sem observar a presen�a dos outros ve�culos;Colis�o transversal;Com V�timas Feridas;Pleno dia;Crescente;C�u Claro;Simples;"Interse��o de Vias;Reta";Sim;2;0;1;0;1;0;1;2;-21,60644964;-41,31670324;SPRF-RJ;DEL08-RJ;UOP01-DEL08-RJ;;;
711585;14/08/2025;quinta-feira;11:44:00;MS;163;636,6;SAO GABRIEL DO OESTE;Aus�ncia de rea��o do condutor;Sa�da de leito carro��vel;Com V�timas Feridas;Pleno dia;Decrescente;C�u Claro;Dupla;Curva;N�o;1;0;0;1;0;0;1;1;-19,2325897;-54,68543798;SPRF-MS;DEL06-MS;UOP02-DEL06-MS;;;
711587;14/08/2025;quinta-feira;11:30:00;RS;116;159,7;CAXIAS DO SUL;Ingest�o de �lcool pelo condutor;Colis�o traseira;Sem V�timas;Pleno dia;Crescente;C�u Claro;Simples;"Interse��o de Vias;Reta";Sim;3;0;0;0;3;0;0;2;-29,23078712;-51,15917148;SPRF-RS;DEL05-RS;UOP01-DEL05-RS;;;
711588;14/08/2025;quinta-feira;12:30:00;PR;153;24,6;JACAREZINHO;Acessar a via sem observar a presen�a dos outros ve�culos;Colis�o transversal;Com V�timas Feridas;Pleno dia;Crescente;C�u Claro;Simples;Interse��o de Vias;Sim;4;0;3;0;1;0;3;2;-23,18842573;-49,98590168;SPRF-PR;DEL07-PR;UOP04-DEL07-PR;;;
711590;14/08/2025;quinta-feira;13:40:00;SC;101;203,8;SAO JOSE;Condutor deixou de manter dist�ncia do ve�culo da frente;Tombamento;Com V�timas Feridas;Pleno dia;Crescente;C�u Claro;M�ltipla;Reta;Sim;1;0;1;0;0;0;1;1;-27,57273;-48,61375;SPRF-SC;DEL01-SC;UOP01-DEL01-SC;;;
711591;14/08/2025;quinta-feira;10:40:00;RJ;465;20,7;NOVA IGUACU;Trafegar com motocicleta (ou similar) entre as faixas;Atropelamento de Pedestre;Com V�timas Feridas;Pleno dia;Crescente;Nublado;Simples;Reta;Sim;2;0;1;1;0;0;2;2;-22,849598;-43,602784;SPRF-RJ;DEL06-RJ;UOP02-DEL06-RJ;;;
711592;14/08/2025;quinta-feira;13:35:00;SC;101;140;BALNEARIO CAMBORIU;Rea��o tardia ou ineficiente do condutor;Colis�o traseira;Com V�timas Feridas;Pleno dia;Crescente;C�u Claro;Dupla;"Reta;Aclive";N�o;3;0;2;0;1;0;2;2;-27,03944288;-48,60000166;SPRF-SC;DEL04-SC;UOP03-DEL04-SC;;;
711593;14/08/2025;quinta-feira;13:00:00;RS;116;262;CANOAS;Condutor desrespeitou a ilumina��o vermelha do sem�foro;Colis�o transversal;Com V�timas Feridas;Pleno dia;Crescente;C�u Claro;Dupla;"Interse��o de Vias;Viaduto";Sim;3;0;1;0;1;1;1;3;-29,90389758;-51,17691278;SPRF-RS;DEL01-RS;UOP01-DEL01-RS;;;