id;data_inversa;dia_semana;horario;uf;br;km;municipio;causa_acidente;tipo_acidente;classificacao_acidente;fase_dia;sentido_via;condicao_metereologica;tipo_pista;tracado_via;uso_solo;pessoas;mortos;feridos_leves;feridos_graves;ilesos;ignorados;feridos;veiculos;latitude;longitude;regional;delegacia;uop;;;
711811;15/08/2025;sexta-feira;16:00:00;RN;101;144;ARES;Pista esburacada;Sa�da de leito carro��vel;Com V�timas Feridas;Pleno dia;Crescente;Chuva;Dupla;Reta;N�o;3;0;2;0;1;0;2;1;-6,21779;-35,215785;SPRF-RN;DEL01-RN;UOP01-DEL01-RN;;;
711812;15/08/2025;sexta-feira;16:20:00;TO;153;774;ALVORADA;Demais falhas mec�nicas ou el�tricas;Sa�da de leito carro��vel;Com V�timas Feridas;Pleno dia;Crescente;C�u Claro;Simples;Reta;N�o;2;0;1;0;1;0;1;1;-12,59326625;-49,07395363;SPRF-TO;DEL01-TO;UOP02-DEL01-TO;;;
711813;15/08/2025;sexta-feira;13:20:00;DF;60;6;BRASILIA;Manobra de mudan�a de faixa;Colis�o lateral mesmo sentido;Com V�timas Feridas;Pleno dia;Decrescente;Sol;Dupla;"Retorno Regulamentado;Reta";Sim;3;0;1;0;2;0;1;2;-15,899145;-48,115597;SPRF-DF;DEL03-DF;UOP01-DEL03-DF;;;
711814;08/08/2025;sexta-feira;06:45:00;MG;262;360;BETIM;Estacionar ou parar em local proibido;Colis�o traseira;Com V�timas Feridas;Pleno dia;Crescente;C�u Claro;Dupla;Retorno Regulamentado;Sim;2;0;1;0;1;0;1;2;-19,976339;-44,258586;SPRF-MG;DEL01-MG;UOP03-DEL01-MG;;;
711815;15/08/2025;sexta-feira;16:20:00;SC;101;108;PENHA;Trafegar com motocicleta (ou similar) entre as faixas;Colis�o lateral mesmo sentido;Com V�timas Feridas;Pleno dia;Crescente;Nublado;Dupla;Curva;Sim;2;0;1;0;1;0;1;2;-26,82804318;-48,69178947;SPRF-SC;DEL03-SC;UOP02-DEL03-SC;;;
711816;26/07/2025;s�bado;18:00:00;SP;116;218,8;GUARULHOS;Manobra de mudan�a de faixa;Colis�o traseira;Com V�timas Feridas;Plena Noite;Crescente;C�u Claro;M�ltipla;"Reta;Em Obras";Sim;2;0;1;0;1;0;1;2;-23,460492;-46,487702;SPRF-SP;DEL01-SP;UOP01-DEL01-SP;;;
711817;15/08/2025;sexta-feira;16:00:00;SE;101;89;NOSSA SENHORA DO SOCORRO;Pista Escorregadia;Queda de ocupante de ve�culo;Com V�timas Feridas;Pleno dia;Decrescente;C�u Claro;Dupla;Viaduto;N�o;1;0;1;0;0;0;1;1;-10,9050609;-37,1230549;SPRF-SE;DEL01-SE;UOP01-DEL01-SE;;;
711818;15/08/2025;sexta-feira;17:00:00;MG;251;470,5;GRAO MOGOL;Condutor deixou de manter dist�ncia do ve�culo da frente;Colis�o traseira;Sem V�timas;Anoitecer;Decrescente;Vento;Simples;Reta;N�o;2;0;0;0;2;0;0;2;-16,480742;-43,412512;SPRF-MG;DEL12-MG;UOP01-DEL12-MG;;;
711820;22/06/2025;domingo;18:20:00;BA;330;804;JEQUIE;Rea��o tardia ou ineficiente do condutor;Sa�da de leito carro��vel;Com V�timas Feridas;Anoitecer;Decrescente;C�u Claro;Simples;Reta;N�o;2;0;1;1;0;0;2;1;-13,97383408;-39,95645195;SPRF-BA;DEL03-BA;UOP01-DEL03-BA;;;
711821;15/08/2025;sexta-feira;09:05:00;RJ;116;20;SAPUCAIA;Aus�ncia de rea��o do condutor;Sa�da de leito carro��vel;Com V�timas Feridas;Pleno dia;Decrescente;C�u Claro;Simples;Reta;N�o;4;0;2;0;2;0;2;1;-22,00465244;-42,76325226;SPRF-RJ;DEL05-RJ;UOP01-DEL05-RJ;;;
711823;15/08/2025;sexta-feira;16:10:00;SC;116;9,9;MAFRA;Aus�ncia de rea��o do condutor;Sa�da de leito carro��vel;Com V�timas Feridas;Pleno dia;Crescente;C�u Claro;Simples;"Curva;Declive";N�o;4;0;4;0;0;0;4;1;-26,17069509;-49,855353;SPRF-SC;DEL06-SC;UOP01-DEL06-SC;;;
711824;15/08/2025;sexta-feira;17:40:00;SP;116;225;GUARULHOS;Manobra de mudan�a de faixa;Colis�o traseira;Com V�timas Feridas;Anoitecer;Decrescente;Nublado;M�ltipla;Reta;Sim;2;0;1;0;1;0;1;2;-23,49010824;-46,54738474;SPRF-SP;DEL01-SP;UOP01-DEL01-SP;;;
711825;15/08/2025;sexta-feira;17:25:00;RS;116;517;PELOTAS;Acessar a via sem observar a presen�a dos outros ve�culos;Colis�o transversal;Com V�timas Feridas;Pleno dia;Decrescente;C�u Claro;Dupla;Viaduto;Sim;3;0;1;0;2;0;1;2;-31,6795514;-52,3414057;SPRF-RS;DEL07-RS;UOP01-DEL07-RS;;;
711826;15/08/2025;sexta-feira;17:10:00;PE;423;89,3;SAO JOAO;Acessar a via sem observar a presen�a dos outros ve�culos;Colis�o transversal;Com V�timas Feridas;Anoitecer;Decrescente;Garoa/Chuvisco;Simples;Reta;N�o;2;0;1;0;1;0;1;2;-8,841273;-36,457648;SPRF-PE;DEL03-PE;UOP01-DEL03-PE;;;
711827;15/08/2025;sexta-feira;16:50:00;RJ;393;268,2;BARRA DO PIRAI;Acessar a via sem observar a presen�a dos outros ve�culos;Colis�o transversal;Com V�timas Feridas;Pleno dia;Crescente;C�u Claro;Simples;"Declive;Interse��o de Vias;Retorno Regulamentado;Reta";Sim;2;0;0;1;1;0;1;2;-22,476729;-43,944086;SPRF-RJ;DEL05-RJ;UOP04-DEL05-RJ;;;
711829;15/08/2025;sexta-feira;17:35:00;PB;101;89,2;JOAO PESSOA;Trafegar com motocicleta (ou similar) entre as faixas;Colis�o lateral mesmo sentido;Com V�timas Feridas;Plena Noite;Crescente;Chuva;Dupla;"Declive;Reta";Sim;2;0;0;1;1;0;1;2;-7,176325;-34,899383;SPRF-PB;DEL01-PB;UOP01-DEL01-PB;;;
711831;15/08/2025;sexta-feira;18:20:00;BA;324;516;FEIRA DE SANTANA;�rea urbana sem a presen�a de local apropriado para a travessia de pedestres;Atropelamento de Pedestre;Com V�timas Feridas;Plena Noite;Crescente;Nublado;Simples;Reta;Sim;2;0;0;1;0;1;1;2;-12,24859;-38,93347;SPRF-BA;DEL02-BA;UOP01-DEL02-BA;;;
711833;15/08/2025;sexta-feira;18:32:00;PB;230;20,1;JOAO PESSOA;Pista Escorregadia;Tombamento;Com V�timas Feridas;Plena Noite;Crescente;Chuva;Dupla;"Aclive;Interse��o de Vias;Viaduto";Sim;1;0;1;0;0;0;1;1;-7,1371169;-34,8520136;SPRF-PB;DEL01-PB;UOP01-DEL01-PB;;;
711834;15/08/2025;sexta-feira;14:32:00;SP;153;307,7;SAO PEDRO DO TURVO;Ingest�o de �lcool pelo condutor;Sa�da de leito carro��vel;Com V�timas Feridas;Pleno dia;Decrescente;C�u Claro;Simples;"Declive;Reta";N�o;1;0;1;0;0;0;1;1;-22,6629436;-49,8895568;SPRF-SP;DEL07-SP;UOP03-DEL07-SP;;;
711836;15/08/2025;sexta-feira;16:20:00;MG;116;719,8;MURIAE;Condutor deixou de manter dist�ncia do ve�culo da frente;Colis�o traseira;Com V�timas Feridas;Pleno dia;Decrescente;Nublado;Simples;"Aclive;Reta";N�o;2;0;0;1;0;1;1;2;-21,2465;-42,39458;SPRF-MG;DEL07-MG;UOP02-DEL07-MG;;;
711837;15/08/2025;sexta-feira;15:53:00;RJ;101;318;SAO GONCALO;Aus�ncia de rea��o do condutor;Queda de ocupante de ve�culo;Com V�timas Feridas;Pleno dia;Decrescente;Nublado;Dupla;Reta;Sim;1;0;1;0;0;0;1;1;-22,7928886;-43,02484;SPRF-RJ;DEL02-RJ;UOP02-DEL02-RJ;;;
711838;15/08/2025;sexta-feira;18:00:00;SC;101;323;PESCARIA BRAVA;Manobra de mudan�a de faixa;Colis�o lateral mesmo sentido;Com V�timas Feridas;Anoitecer;Decrescente;C�u Claro;Dupla;Curva;N�o;2;0;1;1;0;0;2;2;-28,42839233;-48,92517686;SPRF-SC;DEL02-SC;UOP01-DEL02-SC;;;
711839;15/08/2025;sexta-feira;16:25:00;RJ;40;113;DUQUE DE CAXIAS;Curva acentuada;Queda de ocupante de ve�culo;Com V�timas Feridas;Pleno dia;Crescente;Nublado;Simples;Curva;N�o;1;0;1;0;0;0;1;1;-22,71810167;-43,29091787;SPRF-RJ;DEL01-RJ;UOP02-DEL01-RJ;;;
711840;15/08/2025;sexta-feira;18:40:00;CE;222;1;CAUCAIA;Condutor deixou de manter dist�ncia do ve�culo da frente;Colis�o traseira;Com V�timas Feridas;Plena Noite;Crescente;Vento;M�ltipla;Reta;Sim;2;0;1;0;1;0;1;2;-3,7557297;-38,6306872;SPRF-CE;DEL01-CE;UOP01-DEL01-CE;;;
711841;15/08/2025;sexta-feira;16:15:00;PE;232;274,5;SERTANIA;Aus�ncia de rea��o do condutor;Colis�o traseira;Com V�timas Feridas;Pleno dia;Crescente;C�u Claro;Simples;Reta;N�o;3;0;1;0;2;0;1;2;-8,38138;-37,25289;SPRF-PE;DEL04-PE;UOP02-DEL04-PE;;;
711842;15/08/2025;sexta-feira;18:10:00;SP;381;2;VARGEM;Rea��o tardia ou ineficiente do condutor;Colis�o com objeto;Com V�timas Feridas;Plena Noite;Decrescente;C�u Claro;Dupla;Reta;N�o;1;0;1;0;0;0;1;1;-22,8810467;-46,3924917;SPRF-SP;DEL03-SP;UOP02-DEL03-SP;;;
711843;15/08/2025;sexta-feira;03:40:00;RJ;101;315;SAO GONCALO;Aus�ncia de rea��o do condutor;Colis�o com objeto;Com V�timas Fatais;Plena Noite;Decrescente;Chuva;Dupla;Curva;Sim;2;1;1;0;0;0;1;1;-22,82716021;-43,09118986;SPRF-RJ;DEL02-RJ;UOP02-DEL02-RJ;;;
711847;15/08/2025;sexta-feira;17:20:00;MG;116;409;GOVERNADOR VALADARES;Ingest�o de �lcool pelo condutor;Colis�o traseira;Com V�timas Feridas;Anoitecer;Decrescente;Nublado;Dupla;Reta;Sim;2;0;0;1;1;0;1;2;-18,855082;-41,97593926;SPRF-MG;DEL06-MG;UOP01-DEL06-MG;;;
711849;15/08/2025;sexta-feira;18:00:00;MT;70;496;CUIABA;Acesso irregular;Colis�o lateral sentido oposto;Com V�timas Feridas;Plena Noite;Decrescente;C�u Claro;Simples;Reta;N�o;2;0;1;0;1;0;1;2;-15,66084185;-56,0046444;SPRF-MT;DEL01-MT;UOP02-DEL01-MT;;;
711851;15/08/2025;sexta-feira;17:20:00;SP;116;446;REGISTRO;Ingest�o de �lcool pelo condutor;Colis�o traseira;Sem V�timas;Pleno dia;Decrescente;C�u Claro;Dupla;Reta;Sim;3;0;0;0;3;0;0;2;-24,50762265;-47,84853615;SPRF-SP;DEL05-SP;UOP01-DEL05-SP;;;
711853;15/08/2025;sexta-feira;19:30:00;SP;116;194;SANTA ISABEL;Rea��o tardia ou ineficiente do condutor;Sa�da de leito carro��vel;Com V�timas Feridas;Plena Noite;Decrescente;Nublado;Dupla;"Curva;Retorno Regulamentado;Declive";N�o;1;0;1;0;0;0;1;1;-23,384202;-46,26428;SPRF-SP;DEL01-SP;UOP01-DEL01-SP;;;
711855;15/08/2025;sexta-feira;17:30:00;RJ;116;107;GUAPIMIRIM;Aus�ncia de rea��o do condutor;Queda de ocupante de ve�culo;Com V�timas Feridas;Anoitecer;Decrescente;Chuva;Simples;Reta;N�o;1;0;1;0;0;0;1;1;-22,530453;-42,996033;SPRF-RJ;DEL04-RJ;UOP01-DEL04-RJ;;;
711856;15/08/2025;sexta-feira;19:10:00;SP;116;161;JACAREI;Pista Escorregadia;Queda de ocupante de ve�culo;Com V�timas Feridas;Plena Noite;Decrescente;Nublado;Dupla;Curva;N�o;2;0;0;1;1;0;1;1;-23,27478955;-45,97377062;SPRF-SP;DEL02-SP;UOP01-DEL02-SP;;;
711857;15/08/2025;sexta-feira;17:29:00;PA;308;180;TRACUATEUA;Transitar na contram�o;Colis�o frontal;Com V�timas Feridas;Pleno dia;Crescente;C�u Claro;Simples;"Aclive;Reta";N�o;4;0;4;0;0;0;4;2;-1,13584;-46,943593;SPRF-PA;DEL01-PA;UOP03-DEL01-PA;;;
711858;15/08/2025;sexta-feira;18:40:00;MG;50;42;ARAGUARI;Ingest�o de �lcool pelo condutor;Colis�o traseira;Com V�timas Feridas;Plena Noite;Decrescente;C�u Claro;Dupla;Reta;N�o;6;0;2;0;4;0;2;2;-18,693798;-48,181663;SPRF-MG;DEL15-MG;UOP02-DEL15-MG;;;
711860;15/08/2025;sexta-feira;17:40:00;PE;104;66,6;CARUARU;Manobra de mudan�a de faixa;Colis�o lateral mesmo sentido;Sem V�timas;Anoitecer;Decrescente;Chuva;M�ltipla;Reta;Sim;2;0;0;0;1;1;0;2;-8,28982678;-35,98458803;SPRF-PE;DEL02-PE;UOP01-DEL02-PE;;;
711861;15/08/2025;sexta-feira;15:00:00;MS;262;247;RIBAS DO RIO PARDO;Aus�ncia de rea��o do condutor;Sa�da de leito carro��vel;Sem V�timas;Pleno dia;Crescente;C�u Claro;Simples;Reta;N�o;1;0;0;0;1;0;0;1;-20,440599;-53,825073;SPRF-MS;DEL01-MS;UOP05-DEL01-MS;;;
711862;15/08/2025;sexta-feira;19:20:00;RN;101;82;NATAL;Velocidade Incompat�vel;Colis�o traseira;Com V�timas Feridas;Plena Noite;Crescente;Nublado;Dupla;Reta;Sim;2;0;0;1;1;0;1;2;-5,765972;-35,279367;SPRF-RN;DEL02-RN;UOP01-DEL02-RN;;;
711863;15/08/2025;sexta-feira;18:22:00;PE;424;67;CAETES;Ultrapassagem Indevida;Colis�o frontal;Com V�timas Feridas;Plena Noite;Decrescente;Nublado;Simples;Reta;N�o;3;0;0;1;2;0;1;3;-8,766662;-36,638602;SPRF-PE;DEL03-PE;UOP01-DEL03-PE;;;
711864;15/08/2025;sexta-feira;20:00:00;RJ;116;181;NOVA IGUACU;Demais falhas mec�nicas ou el�tricas;Inc�ndio;Sem V�timas;Plena Noite;Crescente;C�u Claro;Dupla;Reta;Sim;1;0;0;0;1;0;0;1;-22,76372119;-43,41896502;SPRF-RJ;DEL06-RJ;UOP01-DEL06-RJ;;;
711866;15/08/2025;sexta-feira;18:13:00;RJ;101;562;PARATY;Acessar a via sem observar a presen�a dos outros ve�culos;Colis�o transversal;Com V�timas Feridas;Plena Noite;Decrescente;Chuva;Simples;Reta;N�o;3;0;0;1;2;0;1;3;-23,13335698;-44,70870625;SPRF-RJ;DEL03-RJ;UOP04-DEL03-RJ;;;
711868;15/08/2025;sexta-feira;20:00:00;PR;369;151,8;LONDRINA;Rea��o tardia ou ineficiente do condutor;Capotamento;Com V�timas Feridas;Plena Noite;Crescente;C�u Claro;Dupla;Reta;Sim;4;0;0;2;2;0;2;1;-23,29288374;-51,18308958;SPRF-PR;DEL07-PR;UOP01-DEL07-PR;;;
711870;15/08/2025;sexta-feira;17:40:00;RJ;465;15;SEROPEDICA;Rea��o tardia ou ineficiente do condutor;Colis�o frontal;Sem V�timas;Anoitecer;Decrescente;Nublado;Simples;Reta;Sim;2;0;0;0;2;0;0;2;-22,81074162;-43,63164935;SPRF-RJ;DEL06-RJ;UOP02-DEL06-RJ;;;
711871;15/08/2025;sexta-feira;18:30:00;PI;343;228,3;COCAL DE TELHA;Ultrapassagem Indevida;Colis�o frontal;Com V�timas Feridas;Anoitecer;Crescente;Nublado;Simples;Reta;N�o;8;0;6;0;2;0;6;2;-4,585717;-41,981923;SPRF-PI;DEL01-PI;UOP03-DEL01-PI;;;
711872;15/08/2025;sexta-feira;19:28:00;RJ;101;485;ANGRA DOS REIS;Aus�ncia de rea��o do condutor;Atropelamento de Pedestre;Com V�timas Feridas;Plena Noite;Crescente;Garoa/Chuvisco;Simples;Reta;Sim;2;0;2;0;0;0;2;2;-22,98289401;-44,29585497;SPRF-RJ;DEL03-RJ;UOP03-DEL03-RJ;;;
711873;15/08/2025;sexta-feira;18:41:00;MG;116;704,1;MURIAE;Acessar a via sem observar a presen�a dos outros ve�culos;Colis�o lateral mesmo sentido;Com V�timas Feridas;Plena Noite;Crescente;Nublado;Simples;Curva;Sim;2;0;1;0;1;0;1;2;-21,13750649;-42,38679886;SPRF-MG;DEL07-MG;UOP02-DEL07-MG;;;
711875;15/08/2025;sexta-feira;18:45:00;MG;116;695;MURIAE;Manobra de mudan�a de faixa;Colis�o lateral sentido oposto;Com V�timas Feridas;Plena Noite;Crescente;Nublado;Simples;Reta;N�o;9;0;0;7;2;0;7;3;-21,09795365;-42,37564087;SPRF-MG;DEL07-MG;UOP02-DEL07-MG;;;
711876;15/08/2025;sexta-feira;19:00:00;MS;262;173,3;RIBAS DO RIO PARDO;Animais na Pista;Atropelamento de Animal;Sem V�timas;Plena Noite;Decrescente;C�u Claro;Simples;Reta;N�o;1;0;0;0;1;0;0;1;-20,417;-53,146;SPRF-MS;DEL07-MS;UOP02-DEL07-MS;;;
711877;15/08/2025;sexta-feira;20:30:00;ES;101;298,5;VIANA;Rea��o tardia ou ineficiente do condutor;Colis�o lateral mesmo sentido;Com V�timas Feridas;Plena Noite;Decrescente;C�u Claro;M�ltipla;Viaduto;Sim;5;0;4;0;1;0;4;3;-20,35743537;-40,41966677;SPRF-ES;DEL01-ES;UOP01-DEL01-ES;;;
711878;15/08/2025;sexta-feira;19:00:00;GO;70;190;ITABERAI;Rea��o tardia ou ineficiente do condutor;Colis�o traseira;Com V�timas Feridas;Plena Noite;Crescente;C�u Claro;Simples;Reta;Sim;2;0;0;1;1;0;1;2;-16,01677598;-49,77081299;SPRF-GO;DEL02-GO;UOP02-DEL02-GO;;;
711879;15/08/2025;sexta-feira;17:00:00;RJ;465;4;SEROPEDICA;Acessar a via sem observar a presen�a dos outros ve�culos;Queda de ocupante de ve�culo;Sem V�timas;Anoitecer;Crescente;Nublado;Simples;Reta;N�o;2;0;0;0;0;2;0;2;-22,74468145;-43,70202796;SPRF-RJ;DEL06-RJ;UOP02-DEL06-RJ;;;
711882;15/08/2025;sexta-feira;21:30:00;PR;277;0,2;PARANAGUA;Pedestre cruzava a pista fora da faixa;Atropelamento de Pedestre;Com V�timas Fatais;Plena Noite;Crescente;Nublado;Dupla;Reta;Sim;3;1;0;0;1;1;0;3;-25,55577439;-48,56100496;SPRF-PR;DEL01-PR;UOP05-DEL01-PR;;;
711884;15/08/2025;sexta-feira;19:30:00;PR;467;106,7;CASCAVEL;Rea��o tardia ou ineficiente do condutor;Capotamento;Com V�timas Feridas;Plena Noite;Crescente;C�u Claro;Dupla;Reta;N�o;1;0;1;0;0;0;1;1;-24,927218;-53,456411;SPRF-PR;DEL04-PR;UOP01-DEL04-PR;;;
711885;15/08/2025;sexta-feira;19:35:00;RJ;465;12;SEROPEDICA;Trafegar com motocicleta (ou similar) entre as faixas;Colis�o transversal;Com V�timas Feridas;Plena Noite;Decrescente;Nublado;Simples;Reta;N�o;3;0;2;0;1;0;2;2;-22,7910982;-43,65140676;SPRF-RJ;DEL06-RJ;UOP02-DEL06-RJ;;;
711886;15/08/2025;sexta-feira;21:40:00;SP;381;28;ATIBAIA;Avarias e/ou desgaste excessivo no pneu;Queda de ocupante de ve�culo;Com V�timas Feridas;Plena Noite;Crescente;C�u Claro;Dupla;Reta;N�o;1;0;1;0;0;0;1;1;-23,03535338;-46,54864098;SPRF-SP;DEL03-SP;UOP02-DEL03-SP;;;
711887;15/08/2025;sexta-feira;20:00:00;SC;470;241,7;CURITIBANOS;Rea��o tardia ou ineficiente do condutor;Queda de ocupante de ve�culo;Com V�timas Feridas;Plena Noite;Crescente;Nublado;Simples;"Aclive;Reta";N�o;1;0;1;0;0;0;1;1;-27,3145;-50,504596;SPRF-SC;DEL05-SC;UOP03-DEL05-SC;;;
711888;15/08/2025;sexta-feira;21:40:00;PR;376;256;CALIFORNIA;Frear bruscamente;Colis�o traseira;Com V�timas Feridas;Plena Noite;Crescente;C�u Claro;Simples;Curva;Sim;3;0;1;0;2;0;1;2;-23,65215732;-51,37428373;SPRF-PR;DEL07-PR;UOP03-DEL07-PR;;;
711889;15/08/2025;sexta-feira;21:30:00;SP;116;225;GUARULHOS;Rea��o tardia ou ineficiente do condutor;Colis�o traseira;Com V�timas Feridas;Plena Noite;Decrescente;Nublado;M�ltipla;Declive;N�o;2;0;1;0;1;0;1;2;-23,424715;-46,4017817;SPRF-SP;DEL01-SP;UOP01-DEL01-SP;;;
711890;15/07/2025;ter�a-feira;05:20:00;RO;319;46;PORTO VELHO;Aus�ncia de rea��o do condutor;Capotamento;Com V�timas Feridas;Plena Noite;Crescente;Ignorado;Dupla;Reta;N�o;2;0;2;0;0;0;2;1;-8,68505739;-63,99484634;SPRF-RO;DEL01-RO;UOP01-DEL01-RO;;;
711892;18/07/2025;sexta-feira;07:30:00;AL;101;53,1;FLEXEIRAS;Rea��o tardia ou ineficiente do condutor;Colis�o traseira;Com V�timas Feridas;Pleno dia;Decrescente;Nublado;Dupla;Reta;N�o;4;0;3;0;0;1;3;3;-9,25456572;-35,77287761;SPRF-AL;DEL01-AL;UOP02-DEL01-AL;;;
711893;15/08/2025;sexta-feira;16:49:00;CE;402;256,3;ITAPIPOCA;Acessar a via sem observar a presen�a dos outros ve�culos;Colis�o transversal;Com V�timas Fatais;Pleno dia;Decrescente;C�u Claro;Simples;Reta;N�o;8;1;4;1;2;0;5;2;-3,477851;-39,628265;SPRF-CE;DEL01-CE;UOP03-DEL01-CE;;;
711896;14/08/2025;quinta-feira;22:40:00;PA;230;624;ALTAMIRA;Acessar a via sem observar a presen�a dos outros ve�culos;Colis�o lateral mesmo sentido;Com V�timas Feridas;Plena Noite;Crescente;Ignorado;Dupla;Rotat�ria;Sim;2;0;1;0;1;0;1;2;-3,17397575;-52,17985578;SPRF-PA;DEL04-PA;UOP01-DEL04-PA;;;
711897;15/08/2025;sexta-feira;22:20:00;BA;116;674;JEQUIE;Aus�ncia de rea��o do condutor;Colis�o com objeto;Com V�timas Feridas;Plena Noite;Decrescente;C�u Claro;Simples;"Ponte;Reta";Sim;3;0;1;0;2;0;1;1;-13,86884912;-40,11264613;SPRF-BA;DEL03-BA;UOP01-DEL03-BA;;;
711899;15/08/2025;sexta-feira;23:30:00;SC;101;191;BIGUACU;Frear bruscamente;Tombamento;Com V�timas Feridas;Plena Noite;Crescente;Chuva;Dupla;Curva;N�o;2;0;2;0;0;0;2;1;-27,47685412;-48,64091333;SPRF-SC;DEL01-SC;UOP01-DEL01-SC;;;
711900;15/08/2025;sexta-feira;23:20:00;PB;101;94;CONDE;Chuva;Sa�da de leito carro��vel;Com V�timas Feridas;Plena Noite;Decrescente;Chuva;Dupla;Reta;N�o;2;0;2;0;0;0;2;1;-7,218375;-34,912872;SPRF-PB;DEL01-PB;UOP01-DEL01-PB;;;
711901;15/08/2025;sexta-feira;23:25:00;SC;480;130,5;CHAPECO;Ingest�o de �lcool pelo condutor;Sa�da de leito carro��vel;Com V�timas Feridas;Plena Noite;Crescente;C�u Claro;Dupla;"Curva;Declive";Sim;1;0;1;0;0;0;1;1;-27,0505127;-52,63522232;SPRF-SC;DEL07-SC;UOP01-DEL07-SC;;;
711903;15/08/2025;sexta-feira;09:20:00;RS;472;405;SAO BORJA;Aus�ncia de rea��o do condutor;Sa�da de leito carro��vel;Com V�timas Feridas;Pleno dia;Crescente;C�u Claro;Simples;"Declive;Curva";N�o;1;0;1;0;0;0;1;1;-28,68120813;-55,9790704;SPRF-RS;DEL12-RS;UOP01-DEL12-RS;;;
711904;16/08/2025;s�bado;00:30:00;RS;101;20,5;TRES CACHOEIRAS;Aus�ncia de rea��o do condutor;Sa�da de leito carro��vel;Sem V�timas;Plena Noite;Crescente;Nublado;Dupla;Curva;N�o;1;0;0;0;1;0;0;1;-29,4338548;-49,8917433;SPRF-RS;DEL03-RS;UOP02-DEL03-RS;;;
711905;16/08/2025;s�bado;00:30:00;SC;101;16,1;GARUVA;Ingest�o de �lcool pelo condutor;Colis�o com objeto;Com V�timas Feridas;Plena Noite;Crescente;Chuva;Dupla;Reta;N�o;1;0;1;0;0;0;1;1;-26,10180459;-48,86950493;SPRF-SC;DEL03-SC;UOP01-DEL03-SC;;;
711906;16/08/2025;s�bado;01:00:00;SC;101;376;ICARA;Aus�ncia de rea��o do condutor;Sa�da de leito carro��vel;Com V�timas Feridas;Plena Noite;Decrescente;C�u Claro;M�ltipla;Reta;N�o;1;0;1;0;0;0;1;1;-28,7434;-49,2532;SPRF-SC;DEL02-SC;UOP01-DEL02-SC;;;
711908;16/08/2025;s�bado;00:35:00;MS;158;196;SELVIRIA;Aus�ncia de rea��o do condutor;Sa�da de leito carro��vel;Com V�timas Fatais;Plena Noite;Crescente;C�u Claro;Simples;Curva;N�o;1;1;0;0;0;0;0;1;-20,36614189;-51,41489681;SPRF-MS;DEL07-MS;UOP01-DEL07-MS;;;
711910;16/08/2025;s�bado;00:10:00;MG;365;316;JOAO PINHEIRO;Transitar na contram�o;Colis�o frontal;Com V�timas Fatais;Plena Noite;Crescente;C�u Claro;Simples;Reta;N�o;3;2;0;1;0;0;1;2;-18,03961;-45,64575;SPRF-MG;DEL10-MG;UOP02-DEL010-MG;;;
711911;16/08/2025;s�bado;00:55:00;SC;101;137;BALNEARIO CAMBORIU;Rea��o tardia ou ineficiente do condutor;Colis�o com objeto;Sem V�timas;Plena Noite;Decrescente;Nublado;Dupla;Reta;Sim;1;0;0;0;1;0;0;1;-27,011764;-48,61404;SPRF-SC;DEL04-SC;UOP03-DEL04-SC;;;
711912;16/08/2025;s�bado;00:50:00;SC;101;62;ARAQUARI;Acumulo de areia ou detritos sobre o pavimento;Queda de ocupante de ve�culo;Com V�timas Feridas;Plena Noite;Crescente;Nublado;Dupla;"Interse��o de Vias;Viaduto";N�o;2;0;1;1;0;0;2;1;-26,45565695;-48,76454473;SPRF-SC;DEL03-SC;UOP02-DEL03-SC;;;
711913;16/08/2025;s�bado;01:30:00;RS;116;270;PORTO ALEGRE;Estacionar ou parar em local proibido;Colis�o traseira;Com V�timas Feridas;Plena Noite;Decrescente;C�u Claro;Dupla;Reta;N�o;2;0;1;0;1;0;1;2;-29,97147945;-51,17684841;SPRF-RS;DEL01-RS;UOP01-DEL01-RS;;;
711914;15/08/2025;sexta-feira;22:00:00;SC;101;46;JOINVILLE;Ingest�o de �lcool pelo condutor;Tombamento;Com V�timas Feridas;Plena Noite;Crescente;Chuva;Dupla;Reta;Sim;1;0;1;0;0;0;1;1;-26,35704424;-48,85905202;SPRF-SC;DEL03-SC;UOP01-DEL03-SC;;;
711919;16/08/2025;s�bado;02:20:00;PR;277;590,9;CASCAVEL;Rea��o tardia ou ineficiente do condutor;Colis�o transversal;Com V�timas Feridas;Plena Noite;Crescente;C�u Claro;Simples;Reta;Sim;3;0;1;0;2;0;1;2;-24,9845993;-53,4647095;SPRF-PR;DEL04-PR;UOP01-DEL04-PR;;;
711920;16/08/2025;s�bado;02:00:00;PR;376;176;MARINGA;Ingest�o de �lcool pelo condutor;Colis�o traseira;Com V�timas Feridas;Plena Noite;Crescente;C�u Claro;M�ltipla;Reta;Sim;3;0;1;0;2;0;1;3;-23,41247396;-51,93283349;SPRF-PR;DEL09-PR;UOP01-DEL09-PR;;;
711921;16/08/2025;s�bado;02:30:00;SC;101;205;SAO JOSE;Ingest�o de �lcool pelo condutor;Colis�o com objeto;Sem V�timas;Plena Noite;Decrescente;Chuva;M�ltipla;"Declive;Curva";Sim;1;0;0;0;1;0;0;1;-27,58514854;-48,61785354;SPRF-SC;DEL01-SC;UOP01-DEL01-SC;;;