id;data_inversa;dia_semana;horario;uf;br;km;municipio;causa_acidente;tipo_acidente;classificacao_acidente;fase_dia;sentido_via;condicao_metereologica;tipo_pista;tracado_via;uso_solo;pessoas;mortos;feridos_leves;feridos_graves;ilesos;ignorados;feridos;veiculos;latitude;longitude;regional;delegacia;uop;;;
711922;16/08/2025;s�bado;03:31:00;SP;116;282,6;EMBU DAS ARTES;Rea��o tardia ou ineficiente do condutor;Colis�o com objeto;Com V�timas Feridas;Plena Noite;Decrescente;C�u Claro;Dupla;Reta;Sim;1;0;1;0;0;0;1;1;-23,65534818;-46,84934793;SPRF-SP;DEL04-SP;UOP01-DEL04-SP;;;
711923;16/08/2025;s�bado;03:45:00;SC;101;192;BIGUACU;Velocidade Incompat�vel;Tombamento;Com V�timas Feridas;Plena Noite;Crescente;Chuva;Dupla;Curva;N�o;1;0;1;0;0;0;1;1;-27,47746063;-48,6415185;SPRF-SC;DEL01-SC;UOP01-DEL01-SC;;;
711924;16/08/2025;s�bado;03:54:00;SP;116;313;SAO LOURENCO DA SERRA;Aus�ncia de rea��o do condutor;Capotamento;Sem V�timas;Plena Noite;Crescente;C�u Claro;Dupla;Reta;N�o;1;0;0;0;0;1;0;1;-23,89211592;-46,98406219;SPRF-SP;DEL04-SP;UOP01-DEL04-SP;;;
711927;16/08/2025;s�bado;04:50:00;SC;280;24,7;ARAQUARI;Rea��o tardia ou ineficiente do condutor;Colis�o traseira;Com V�timas Fatais;Plena Noite;Crescente;Chuva;Simples;Reta;Sim;2;1;0;0;0;1;0;2;-26,381824;-48,724685;SPRF-SC;DEL03-SC;UOP03-DEL03-SC;;;
711928;16/08/2025;s�bado;01:22:00;MG;40;528;CONTAGEM;Velocidade Incompat�vel;Sa�da de leito carro��vel;Com V�timas Feridas;Plena Noite;Crescente;C�u Claro;M�ltipla;"Aclive;Curva;Interse��o de Vias";Sim;1;0;0;1;0;0;1;1;-19,912258;-44,041565;SPRF-MG;DEL01-MG;UOP02-DEL01-MG;;;
711930;16/08/2025;s�bado;04:00:00;RS;116;41,5;VACARIA;Transitar na contram�o;Colis�o frontal;Com V�timas Fatais;Plena Noite;Decrescente;C�u Claro;Simples;"Aclive;Reta";N�o;6;1;2;1;2;0;3;2;-28,528957;-50,951246;SPRF-RS;DEL05-RS;UOP03-DEL05-RS;;;
711931;16/08/2025;s�bado;05:15:00;MG;381;504;BETIM;Animais na Pista;Atropelamento de Animal;Com V�timas Feridas;Amanhecer;Crescente;C�u Claro;Dupla;Reta;Sim;5;0;1;0;4;0;1;1;-20,030545;-44,236478;SPRF-MG;DEL01-MG;UOP03-DEL01-MG;;;
711932;16/08/2025;s�bado;04:10:00;MG;381;516;IGARAPE;Rea��o tardia ou ineficiente do condutor;Colis�o com objeto;Com V�timas Feridas;Amanhecer;Decrescente;C�u Claro;Dupla;Curva;N�o;3;0;2;0;1;0;2;1;-20,11002183;-44,31339741;SPRF-MG;DEL01-MG;UOP03-DEL01-MG;;;
711933;16/08/2025;s�bado;05:50:00;RS;116;349;TAPES;Manobra de mudan�a de faixa;Colis�o lateral mesmo sentido;Sem V�timas;Amanhecer;Decrescente;C�u Claro;Dupla;"Curva;Declive";N�o;2;0;0;0;2;0;0;2;-30,53072359;-51,49879329;SPRF-RS;DEL02-RS;UOP02-DEL02-RS;;;
711934;16/08/2025;s�bado;06:07:00;ES;101;146,9;LINHARES;Condutor desrespeitou a ilumina��o vermelha do sem�foro;Colis�o transversal;Sem V�timas;Pleno dia;Crescente;Chuva;Dupla;Interse��o de Vias;Sim;2;0;0;0;1;1;0;2;-19,37554162;-40,06645052;SPRF-ES;DEL04-ES;UOP01-DEL04-ES;;;
711936;16/08/2025;s�bado;02:50:00;SC;282;421;VARGEM BONITA;Ingest�o de �lcool pelo condutor;Sa�da de leito carro��vel;Com V�timas Feridas;Plena Noite;Crescente;C�u Claro;Simples;"Curva;Declive";N�o;1;0;1;0;0;0;1;1;-27,011633;-51,736637;SPRF-SC;DEL07-SC;UOP05-DEL07-SC;;;
711937;16/08/2025;s�bado;00:15:00;SC;470;31,1;GASPAR;Aus�ncia de rea��o do condutor;Colis�o traseira;Com V�timas Feridas;Plena Noite;Crescente;Chuva;Dupla;Reta;N�o;2;0;1;0;1;0;1;2;-26,89841486;-48,92570106;SPRF-SC;DEL04-SC;UOP01-DEL04-SC;;;
711938;16/08/2025;s�bado;07:00:00;PB;230;334;PATOS;Acumulo de �gua sobre o pavimento;Tombamento;Com V�timas Feridas;Pleno dia;Decrescente;Nublado;Dupla;Rotat�ria;Sim;1;0;1;0;0;0;1;1;-7,01837;-37,259103;SPRF-PB;DEL03-PB;UOP01-DEL03-PB;;;
711939;16/08/2025;s�bado;06:45:00;PR;369;184;ARAPONGAS;Demais falhas mec�nicas ou el�tricas;Sa�da de leito carro��vel;Com V�timas Feridas;Pleno dia;Decrescente;C�u Claro;Simples;Curva;Sim;1;0;0;1;0;0;1;1;-23,40566424;-51,42850144;SPRF-PR;DEL07-PR;UOP03-DEL07-PR;;;
711940;16/08/2025;s�bado;07:00:00;RJ;101;322;NITEROI;Acessar a via sem observar a presen�a dos outros ve�culos;Colis�o lateral mesmo sentido;Com V�timas Feridas;Pleno dia;Decrescente;C�u Claro;M�ltipla;Interse��o de Vias;N�o;3;0;1;0;2;0;1;2;-22,8818944;-43,1095808;SPRF-RJ;DEL02-RJ;UOP01-DEL02-RJ;;;
711941;16/08/2025;s�bado;05:30:00;PR;376;168,5;MARINGA;Ingest�o de �lcool pelo condutor;Sa�da de leito carro��vel;Sem V�timas;Plena Noite;Decrescente;C�u Claro;Dupla;Aclive;N�o;1;0;0;0;1;0;0;1;-23,39611761;-52,00605568;SPRF-PR;DEL09-PR;UOP01-DEL09-PR;;;
711943;15/08/2025;sexta-feira;20:00:00;GO;60;388;RIO VERDE;Acessar a via sem observar a presen�a dos outros ve�culos;Colis�o transversal;Com V�timas Feridas;Pleno dia;Crescente;C�u Claro;Dupla;Reta;Sim;2;0;1;0;1;0;1;2;-17,8245507;-50,95583439;SPRF-GO;DEL04-GO;UOP02-DEL04-GO;;;
711944;16/08/2025;s�bado;06:50:00;RS;470;217,4;BENTO GONCALVES;Desrespeitar a prefer�ncia no cruzamento;Colis�o transversal;Com V�timas Feridas;Amanhecer;Crescente;C�u Claro;Simples;"Declive;Curva;Interse��o de Vias";Sim;2;0;1;0;1;0;1;2;-29,17868802;-51,51838867;SPRF-RS;DEL06-RS;UOP01-DEL06-RS;;;
711945;16/08/2025;s�bado;06:20:00;SC;101;176;BIGUACU;Acumulo de �gua sobre o pavimento;Colis�o com objeto;Sem V�timas;Amanhecer;Crescente;Chuva;Dupla;Curva;N�o;1;0;0;0;1;0;0;1;-27,34005472;-48,6272049;SPRF-SC;DEL01-SC;UOP01-DEL01-SC;;;
711946;16/08/2025;s�bado;07:05:00;RS;290;104;ELDORADO DO SUL;Rea��o tardia ou ineficiente do condutor;Engavetamento;Com V�timas Feridas;Pleno dia;Crescente;C�u Claro;Dupla;"Ponte;Reta";Sim;4;0;1;0;3;0;1;3;-29,99303326;-51,274395;SPRF-RS;DEL02-RS;UOP01-DEL02-RS;;;
711947;16/08/2025;s�bado;05:10:00;MS;163;669;RIO VERDE DE MATO GROSSO;Rea��o tardia ou ineficiente do condutor;Colis�o frontal;Com V�timas Feridas;Amanhecer;Crescente;C�u Claro;Simples;Reta;N�o;2;0;1;0;1;0;1;2;-19,01137;-54,827542;SPRF-MS;DEL06-MS;UOP02-DEL06-MS;;;
711949;16/08/2025;s�bado;06:50:00;RS;293;2,8;PELOTAS;Pedestre - Ingest�o de �lcool/ subst�ncias psicoativas;Colis�o com objeto;Sem V�timas;Amanhecer;Crescente;C�u Claro;Simples;Rotat�ria;N�o;1;0;0;0;0;1;0;1;-31,74142831;-52,36409839;SPRF-RS;DEL07-RS;UOP01-DEL07-RS;;;
711950;16/08/2025;s�bado;07:35:00;PB;230;27;JOAO PESSOA;Avarias e/ou desgaste excessivo no pneu;Queda de ocupante de ve�culo;Com V�timas Feridas;Pleno dia;Decrescente;Chuva;Dupla;Reta;Sim;2;0;2;0;0;0;2;1;-7,167;-34,888;SPRF-PB;DEL01-PB;UOP01-DEL01-PB;;;
711951;16/08/2025;s�bado;05:50:00;MT;70;517;VARZEA GRANDE;Transitar na contram�o;Colis�o frontal;Com V�timas Feridas;Pleno dia;Decrescente;C�u Claro;Simples;Reta;N�o;3;0;1;2;0;0;3;3;-15,70629078;-56,13992977;SPRF-MT;DEL01-MT;UOP02-DEL01-MT;;;
711952;15/08/2025;sexta-feira;21:00:00;SP;459;2,8;PIQUETE;Demais falhas mec�nicas ou el�tricas;Inc�ndio;Sem V�timas;Plena Noite;Decrescente;C�u Claro;Simples;Curva;N�o;1;0;0;0;1;0;0;1;-22,59879755;-45,18951416;SPRF-SP;DEL08-SP;UOP02-DEL08-SP;;;
711954;16/08/2025;s�bado;07:05:00;TO;10;495,8;APARECIDA DO RIO NEGRO;Rea��o tardia ou ineficiente do condutor;Sa�da de leito carro��vel;Com V�timas Feridas;Amanhecer;Decrescente;C�u Claro;Simples;"Curva;Declive";N�o;2;0;2;0;0;0;2;1;-10,12423;-48,175118;SPRF-TO;DEL01-TO;UOP03-DEL01-TO;;;
711957;16/08/2025;s�bado;07:00:00;RN;101;176;BAIA FORMOSA;Velocidade Incompat�vel;Sa�da de leito carro��vel;Com V�timas Feridas;Pleno dia;Decrescente;Nublado;Dupla;Reta;N�o;1;0;1;0;0;0;1;1;-6,44622477;-35,10995434;SPRF-RN;DEL01-RN;UOP01-DEL01-RN;;;
711958;15/07/2025;ter�a-feira;08:31:00;SC;101;198,9;SAO JOSE;Restri��o de visibilidade em curvas horizontais;Engavetamento;Com V�timas Feridas;Pleno dia;Crescente;C�u Claro;M�ltipla;Curva;Sim;7;0;2;0;5;0;2;5;-27,534289;-48,629797;SPRF-SC;DEL01-SC;UOP01-DEL01-SC;;;
711959;16/08/2025;s�bado;07:45:00;SP;116;514;CAJATI;Pista Escorregadia;Capotamento;Com V�timas Feridas;Pleno dia;Decrescente;Garoa/Chuvisco;Dupla;"Curva;Aclive";N�o;4;0;2;0;2;0;2;1;-24,85978394;-48,2111346;SPRF-SP;DEL05-SP;UOP02-DEL05-SP;;;
711964;23/07/2025;quarta-feira;17:40:00;MG;50;72;UBERLANDIA;Manobra de mudan�a de faixa;Colis�o traseira;Com V�timas Feridas;Pleno dia;Decrescente;C�u Claro;Dupla;Reta;Sim;2;0;0;1;0;1;1;2;-18,89937832;-48,2413071;SPRF-MG;DEL15-MG;UOP01-DEL15-MG;;;
711965;08/08/2025;sexta-feira;17:00:00;PR;116;46,9;CAMPINA GRANDE DO SUL;Aus�ncia de rea��o do condutor;Tombamento;Com V�timas Feridas;Pleno dia;Decrescente;Garoa/Chuvisco;Dupla;Curva;N�o;2;0;2;0;0;0;2;1;-25,211;-48,897;SPRF-PR;DEL01-PR;UOP02-DEL01-PR;;;
711966;16/08/2025;s�bado;07:00:00;PR;163;13;BARRACAO;Ingest�o de �lcool pelo condutor;Sa�da de leito carro��vel;Com V�timas Feridas;Amanhecer;Crescente;C�u Claro;Simples;"Aclive;Curva";N�o;1;0;1;0;0;0;1;1;-26,218397;-53,637799;SPRF-PR;DEL02-PR;UOP02-DEL02-PR;;;
711967;16/08/2025;s�bado;06:20:00;PR;163;13;BARRACAO;Velocidade Incompat�vel;Sa�da de leito carro��vel;Com V�timas Feridas;Amanhecer;Decrescente;C�u Claro;Simples;"Curva;Aclive";N�o;2;0;0;2;0;0;2;1;-26,218397;-53,637799;SPRF-PR;DEL02-PR;UOP02-DEL02-PR;;;
711969;20/07/2025;domingo;03:48:00;PR;163;85,9;CAPANEMA;Condutor deixou de manter dist�ncia do ve�culo da frente;Colis�o traseira;Com V�timas Feridas;Plena Noite;Crescente;C�u Claro;Simples;"Aclive;Curva";Sim;2;0;0;1;0;1;1;2;-25,687687;-53,785693;SPRF-PR;DEL02-PR;UOP02-DEL02-PR;;;
711970;16/08/2025;s�bado;07:10:00;MT;163;753;SORRISO;Ingest�o de �lcool pelo condutor;Colis�o lateral sentido oposto;Sem V�timas;Pleno dia;Crescente;Sol;Dupla;Viaduto;Sim;6;0;0;0;6;0;0;2;-12,54618;-55,71018;SPRF-MT;DEL06-MT;UOP01-DEL06-MT;;;
711972;16/08/2025;s�bado;09:40:00;BA;101;168;FEIRA DE SANTANA;Aus�ncia de rea��o do condutor;Queda de ocupante de ve�culo;Com V�timas Feridas;Pleno dia;Decrescente;Nublado;Simples;Curva;Sim;1;0;1;0;0;0;1;1;-12,3551007;-38,8591834;SPRF-BA;DEL01-BA;UOP03-DEL01-BA;;;
711974;12/08/2025;ter�a-feira;18:40:00;SC;470;59;BLUMENAU;Ultrapassagem Indevida;Colis�o transversal;Com V�timas Feridas;Plena Noite;Crescente;C�u Claro;Simples;Reta;N�o;4;0;0;1;3;0;1;2;-26,87979249;-49,1706818;SPRF-SC;DEL04-SC;UOP01-DEL04-SC;;;
711975;16/08/2025;s�bado;09:30:00;PE;316;33;ARARIPINA;Acessar a via sem observar a presen�a dos outros ve�culos;Colis�o transversal;Com V�timas Feridas;Pleno dia;Decrescente;Sol;Simples;Reta;N�o;2;0;1;0;0;1;1;2;-7,631728;-40,446992;SPRF-PE;DEL05-PE;UOP02-DEL05-PE;;;
711976;16/08/2025;s�bado;09:05:00;PA;308;152;CAPANEMA;Acessar a via sem observar a presen�a dos outros ve�culos;Colis�o transversal;Com V�timas Feridas;Pleno dia;Crescente;C�u Claro;Simples;Curva;Sim;4;0;1;1;2;0;2;2;-1,203353;-47,168832;SPRF-PA;DEL01-PA;UOP03-DEL01-PA;;;
711977;16/08/2025;s�bado;06:05:00;SC;282;473,4;VARGEAO;Aus�ncia de rea��o do condutor;Sa�da de leito carro��vel;Com V�timas Feridas;Amanhecer;Crescente;C�u Claro;Simples;Curva;N�o;1;0;1;0;0;0;1;1;-26,863969;-52,131872;SPRF-SC;DEL07-SC;UOP01-DEL07-SC;;;
711979;16/08/2025;s�bado;09:45:00;PB;230;0,7;CABEDELO;Mal s�bito do condutor;Colis�o frontal;Com V�timas Feridas;Pleno dia;Crescente;C�u Claro;Simples;Curva;Sim;2;0;1;0;1;0;1;2;-6,972;-34,833;SPRF-PB;DEL01-PB;UOP01-DEL01-PB;;;
711980;16/08/2025;s�bado;09:30:00;SC;101;55,8;JOINVILLE;Velocidade Incompat�vel;Colis�o com objeto;Sem V�timas;Pleno dia;Crescente;Nublado;Dupla;Curva;N�o;1;0;0;0;1;0;0;1;-26,41562468;-48,83560181;SPRF-SC;DEL03-SC;UOP01-DEL03-SC;;;
711983;16/08/2025;s�bado;10:30:00;RN;406;170;SAO GONCALO DO AMARANTE;Manobra de mudan�a de faixa;Colis�o lateral mesmo sentido;Com V�timas Feridas;Pleno dia;Decrescente;C�u Claro;Dupla;Reta;N�o;2;0;2;0;0;0;2;2;-5,757688;-35,301442;SPRF-RN;DEL02-RN;UOP01-DEL02-RN;;;
711984;16/08/2025;s�bado;10:40:00;SC;101;204,6;SAO JOSE;Manobra de mudan�a de faixa;Colis�o lateral mesmo sentido;Com V�timas Feridas;Pleno dia;Crescente;Nublado;M�ltipla;Reta;Sim;2;0;0;1;1;0;1;2;-27,57588;-48,61357;SPRF-SC;DEL01-SC;UOP01-DEL01-SC;;;
711985;16/08/2025;s�bado;11:00:00;MG;262;526;LUZ;Demais falhas mec�nicas ou el�tricas;Inc�ndio;Sem V�timas;Pleno dia;Decrescente;C�u Claro;Simples;Reta;N�o;1;0;0;0;1;0;0;1;-19,76544;-45,78857;SPRF-MG;DEL08-MG;UOP03-DEL08-MG;;;
711986;16/08/2025;s�bado;08:33:00;SC;470;118;IBIRAMA;Chuva;Sa�da de leito carro��vel;Com V�timas Feridas;Pleno dia;Decrescente;Chuva;Dupla;Curva;N�o;2;0;1;0;1;0;1;1;-27,0827171;-49,5205079;SPRF-SC;DEL04-SC;UOP02-DEL04-SC;;;
711987;16/08/2025;s�bado;07:34:00;AC;364;80;SENADOR GUIOMARD;Pista esburacada;Sa�da de leito carro��vel;Com V�timas Feridas;Pleno dia;Decrescente;C�u Claro;Simples;"Aclive;Reta";N�o;2;0;1;0;1;0;1;1;-10,095573;-67,427584;SPRF-AC;DEL01-AC;UOP01-DEL01-AC;;;
711989;16/08/2025;s�bado;11:20:00;PE;101;9;ITAPISSUMA;Acumulo de �gua sobre o pavimento;Colis�o traseira;Sem V�timas;Pleno dia;Crescente;Nublado;Dupla;Reta;N�o;2;0;0;0;2;0;0;2;-7,7299712;-34,9405184;SPRF-PE;DEL01-PE;UOP02-DEL01-PE;;;
711990;16/08/2025;s�bado;10:59:00;RN;101;75;NATAL;Aus�ncia de rea��o do condutor;Colis�o lateral mesmo sentido;Com V�timas Feridas;Pleno dia;Decrescente;C�u Claro;Simples;Reta;N�o;3;0;1;0;1;1;1;2;-5,724665;-35,2816317;SPRF-RN;DEL02-RN;UOP01-DEL02-RN;;;
711993;21/06/2025;s�bado;06:05:00;PE;101;86;JABOATAO DOS GUARARAPES;Velocidade Incompat�vel;Colis�o traseira;Com V�timas Feridas;Pleno dia;Crescente;Nublado;Dupla;Curva;N�o;2;0;0;1;0;1;1;2;-8,18405;-34,96598;SPRF-PE;DEL01-PE;UOP01-DEL01-PE;;;
711994;16/08/2025;s�bado;06:00:00;SC;282;466,1;PASSOS MAIA;Ingest�o de �lcool pelo condutor;Sa�da de leito carro��vel;Sem V�timas;Pleno dia;Crescente;C�u Claro;Simples;Reta;N�o;1;0;0;0;1;0;0;1;-26,854;-52,061591;SPRF-SC;DEL07-SC;UOP04-DEL07-SC;;;
711996;16/08/2025;s�bado;09:30:00;RJ;40;90;PETROPOLIS;Curva acentuada;Tombamento;Com V�timas Feridas;Pleno dia;Decrescente;C�u Claro;Dupla;"Aclive;Curva";Sim;1;0;1;0;0;0;1;1;-22,55559482;-43,23301435;SPRF-RJ;DEL01-RJ;UOP01-DEL01-RJ;;;
711998;16/08/2025;s�bado;11:55:00;RS;116;151;CAXIAS DO SUL;Objeto est�tico sobre o leito carro��vel;Colis�o com objeto;Com V�timas Feridas;Pleno dia;Decrescente;Nublado;Dupla;Curva;Sim;1;0;1;0;0;0;1;1;-29,18099538;-51,16563909;SPRF-RS;DEL05-RS;UOP01-DEL05-RS;;;
712002;16/08/2025;s�bado;12:30:00;PB;230;21,3;JOAO PESSOA;Aus�ncia de rea��o do condutor;Colis�o traseira;Com V�timas Feridas;Pleno dia;Decrescente;Chuva;Dupla;Curva;N�o;3;0;1;1;1;0;2;2;-7,148378;-34,850827;SPRF-PB;DEL01-PB;UOP01-DEL01-PB;;;
712003;16/08/2025;s�bado;12:15:00;SC;163;76;SAO MIGUEL DO OESTE;Aus�ncia de rea��o do condutor;Sa�da de leito carro��vel;Com V�timas Feridas;Pleno dia;Decrescente;C�u Claro;Simples;Curva;N�o;4;0;4;0;0;0;4;1;-26,68956001;-53,51412462;SPRF-SC;DEL07-SC;UOP03-DEL07-SC;;;
712005;16/08/2025;s�bado;13:35:00;SE;101;89,3;NOSSA SENHORA DO SOCORRO;Manobra de mudan�a de faixa;Colis�o traseira;Com V�timas Feridas;Pleno dia;Decrescente;C�u Claro;Dupla;"Reta;Interse��o de Vias;Declive";N�o;2;0;1;0;1;0;1;2;-10,889693;-37,13259;SPRF-SE;DEL01-SE;UOP01-DEL01-SE;;;
712006;16/08/2025;s�bado;11:50:00;RJ;493;122;ITAGUAI;Ingest�o de �lcool pelo condutor;Sa�da de leito carro��vel;Com V�timas Feridas;Pleno dia;Crescente;C�u Claro;Dupla;"Reta;Rotat�ria";N�o;1;0;1;0;0;0;1;1;-22,903068;-43,825437;SPRF-RJ;DEL03-RJ;UOP01-DEL03-RJ;;;
712007;16/08/2025;s�bado;11:15:00;SC;101;215;PALHOCA;Pista Escorregadia;Tombamento;Com V�timas Feridas;Pleno dia;Crescente;Garoa/Chuvisco;Simples;Reta;Sim;1;0;1;0;0;0;1;1;-27,65815833;-48,6784029;SPRF-SC;DEL01-SC;UOP02-DEL01-SC;;;
712008;16/08/2025;s�bado;12:00:00;MG;262;565,2;CORREGO DANTA;Velocidade Incompat�vel;Sa�da de leito carro��vel;Com V�timas Feridas;Pleno dia;Crescente;C�u Claro;Simples;Curva;N�o;1;0;1;0;0;0;1;1;-19,67021592;-46,10613763;SPRF-MG;DEL08-MG;UOP02-DEL08-MG;;;
712010;16/08/2025;s�bado;13:00:00;MG;40;521;CONTAGEM;Trafegar com motocicleta (ou similar) entre as faixas;Colis�o traseira;Com V�timas Feridas;Pleno dia;Decrescente;Sol;Dupla;Reta;Sim;1;0;1;0;0;0;1;1;-19,85419263;-44,07212227;SPRF-MG;DEL01-MG;UOP02-DEL01-MG;;;
712011;16/08/2025;s�bado;13:10:00;MG;116;607,3;SAO JOAO DO MANHUACU;Ingest�o de �lcool pelo condutor;Colis�o traseira;Com V�timas Feridas;Pleno dia;Decrescente;C�u Claro;Simples;Reta;N�o;3;0;2;0;1;0;2;2;-20,40157811;-42,15058899;SPRF-MG;DEL06-MG;UOP03-DEL06-MG;;;
712012;16/08/2025;s�bado;11:30:00;MA;226;294,9;BARRA DO CORDA;Demais falhas mec�nicas ou el�tricas;Inc�ndio;Sem V�timas;Pleno dia;Crescente;C�u Claro;Simples;Reta;N�o;1;0;0;0;1;0;0;1;-5,4952206;-45,2144113;SPRF-MA;DEL06-MA;UOP01-DEL06-MA;;;
712014;16/08/2025;s�bado;08:30:00;SC;470;154,1;AGRONOMICA;Velocidade Incompat�vel;Colis�o frontal;Com V�timas Feridas;Pleno dia;Decrescente;Nublado;Simples;Reta;N�o;5;0;3;2;0;0;5;2;-27,27481389;-49,74741189;SPRF-SC;DEL04-SC;UOP02-DEL04-SC;;;
712015;16/08/2025;s�bado;13:00:00;MG;40;547,2;NOVA LIMA;Velocidade Incompat�vel;Tombamento;Com V�timas Feridas;Pleno dia;Decrescente;C�u Claro;Dupla;Curva;N�o;1;0;0;1;0;0;1;1;-20,0267;-43,9693;SPRF-MG;DEL01-MG;UOP02-DEL01-MG;;;
712016;16/08/2025;s�bado;13:51:00;RS;386;361,8;ESTRELA;Aus�ncia de rea��o do condutor;Queda de ocupante de ve�culo;Com V�timas Feridas;Pleno dia;Decrescente;C�u Claro;Dupla;"Aclive;Reta";N�o;1;0;1;0;0;0;1;1;-29,5566069;-51,8937473;SPRF-RS;DEL04-RS;UOP01-DEL04-RS;;;
712018;08/08/2025;sexta-feira;18:00:00;PR;277;79;CURITIBA;Trafegar com motocicleta (ou similar) entre as faixas;Colis�o lateral mesmo sentido;Com V�timas Feridas;Anoitecer;Decrescente;Nublado;Dupla;"Curva;Declive";Sim;2;0;1;0;0;1;1;2;-25,47921087;-49,20127742;SPRF-PR;DEL01-PR;UOP07-DEL01-PR;;;
712020;16/08/2025;s�bado;09:40:00;PR;277;653;MATELANDIA;Ultrapassagem Indevida;Sa�da de leito carro��vel;Sem V�timas;Pleno dia;Crescente;C�u Claro;Simples;Declive;N�o;2;0;0;0;1;1;0;2;-25,217;-53,952;SPRF-PR;DEL05-PR;UOP02-DEL05-PR;;;
712021;16/08/2025;s�bado;14:20:00;DF;70;10;BRASILIA;Manobra de mudan�a de faixa;Colis�o traseira;Com V�timas Feridas;Pleno dia;Decrescente;C�u Claro;Dupla;Reta;Sim;2;0;1;0;1;0;1;2;-15,789352;-48,147156;SPRF-DF;DEL03-DF;UOP02-DEL03-DF;;;
712022;16/08/2025;s�bado;12:00:00;PR;373;177;PONTA GROSSA;Manobra de mudan�a de faixa;Colis�o com objeto;Com V�timas Feridas;Pleno dia;Decrescente;C�u Claro;Dupla;Curva;Sim;1;0;1;0;0;0;1;1;-25,0511668;-50,2329069;SPRF-PR;DEL03-PR;UOP01-DEL03-PR;;;
712023;16/08/2025;s�bado;13:56:00;CE;116;1;FORTALEZA;Rea��o tardia ou ineficiente do condutor;Colis�o traseira;Com V�timas Feridas;Pleno dia;Decrescente;C�u Claro;M�ltipla;Reta;Sim;2;0;1;0;1;0;1;2;-3,75615431;-38,52207899;SPRF-CE;DEL01-CE;UOP02-DEL01-CE;;;
712024;16/08/2025;s�bado;15:00:00;MG;40;605;CONGONHAS;Velocidade Incompat�vel;Colis�o transversal;Com V�timas Feridas;Pleno dia;Decrescente;C�u Claro;Simples;"Curva;Declive";N�o;3;0;1;0;2;0;1;2;-20,45392002;-43,8390424;SPRF-MG;DEL05-MG;UOP02-DEL05-MG;;;
712026;16/08/2025;s�bado;14:50:00;SP;153;24,5;NOVA GRANADA;Pista esburacada;Tombamento;Com V�timas Feridas;Pleno dia;Decrescente;C�u Claro;Simples;Reta;N�o;1;0;1;0;0;0;1;1;-20,493512;-49,312643;SPRF-SP;DEL09-SP;UOP01-DEL09-SP;;;
712027;16/08/2025;s�bado;15:20:00;PE;101;80,3;JABOATAO DOS GUARARAPES;Entrada inopinada do pedestre;Atropelamento de Pedestre;Com V�timas Feridas;Pleno dia;Crescente;C�u Claro;M�ltipla;Reta;Sim;2;0;0;1;1;0;1;2;-8,154567;-34,942143;SPRF-PE;DEL01-PE;UOP01-DEL01-PE;;;
712029;16/08/2025;s�bado;16:00:00;SP;381;77;SAO PAULO;Acumulo de �gua sobre o pavimento;Queda de ocupante de ve�culo;Com V�timas Feridas;Pleno dia;Crescente;C�u Claro;Dupla;"Curva;Declive";Sim;2;0;1;1;0;0;2;1;-23,398395;-46,576478;SPRF-SP;DEL03-SP;UOP01-DEL03-SP;;;
712031;16/08/2025;s�bado;15:30:00;RS;158;272;JULIO DE CASTILHOS;Ingest�o de �lcool pelo condutor;Sa�da de leito carro��vel;Sem V�timas;Pleno dia;Crescente;Nublado;Simples;Reta;N�o;1;0;0;0;1;0;0;1;-29,305613;-53,676877;SPRF-RS;DEL09-RS;UOP01-DEL09-RS;;;
712032;16/08/2025;s�bado;15:35:00;MS;262;557,1;MIRANDA;Ingest�o de �lcool pelo condutor;Colis�o com objeto;Com V�timas Feridas;Pleno dia;Crescente;C�u Claro;Simples;"Curva;Interse��o de Vias;Rotat�ria";Sim;1;0;1;0;0;0;1;1;-20,2341923;-56,37721961;SPRF-MS;DEL03-MS;UOP02-DEL03-MS;;;
712034;16/08/2025;s�bado;12:58:00;MT;163;1062;GUARANTA DO NORTE;Aus�ncia de rea��o do condutor;Sa�da de leito carro��vel;Sem V�timas;Pleno dia;Crescente;C�u Claro;Simples;Reta;N�o;1;0;0;0;1;0;0;1;-9,97959692;-54,90612745;SPRF-MT;DEL06-MT;UOP03-DEL06-MT;;;
712035;16/08/2025;s�bado;16:25:00;CE;222;1,8;FORTALEZA;Condutor deixou de manter dist�ncia do ve�culo da frente;Colis�o traseira;Com V�timas Feridas;Pleno dia;Decrescente;C�u Claro;Dupla;Reta;Sim;2;0;1;0;1;0;1;2;-3,739066;-38,58786;SPRF-CE;DEL01-CE;UOP01-DEL01-CE;;;
712036;16/08/2025;s�bado;14:00:00;BA;101;495,5;ITABUNA;Rea��o tardia ou ineficiente do condutor;Sa�da de leito carro��vel;Com V�timas Feridas;Pleno dia;Crescente;Chuva;Simples;"Aclive;Reta";N�o;2;0;1;0;1;0;1;1;-14,731398;-39,341478;SPRF-BA;DEL05-BA;UOP01-DEL05-BA;;;
712039;16/08/2025;s�bado;16:30:00;SE;101;89,5;NOSSA SENHORA DO SOCORRO;Acessar a via sem observar a presen�a dos outros ve�culos;Colis�o traseira;Com V�timas Feridas;Pleno dia;Crescente;C�u Claro;Dupla;"Aclive;Reta";N�o;2;0;1;0;1;0;1;2;-10,88695301;-37,13305799;SPRF-SE;DEL01-SE;UOP01-DEL01-SE;;;
712041;05/07/2025;s�bado;20:40:00;SC;101;129;BALNEARIO CAMBORIU;Condutor deixou de manter dist�ncia do ve�culo da frente;Colis�o traseira;Com V�timas Feridas;Anoitecer;Crescente;Nublado;Dupla;Curva;Sim;4;0;1;0;0;3;1;3;-26,97899001;-48,68137328;SPRF-SC;DEL04-SC;UOP03-DEL04-SC;;;