id;data_inversa;dia_semana;horario;uf;br;km;municipio;causa_acidente;tipo_acidente;classificacao_acidente;fase_dia;sentido_via;condicao_metereologica;tipo_pista;tracado_via;uso_solo;pessoas;mortos;feridos_leves;feridos_graves;ilesos;ignorados;feridos;veiculos;latitude;longitude;regional;delegacia;uop;;;
712043;15/08/2025;sexta-feira;23:40:00;PR;369;238;JANDAIA DO SUL;Ultrapassagem Indevida;Colis�o frontal;Com V�timas Feridas;Plena Noite;Crescente;C�u Claro;Simples;Curva;N�o;6;0;4;0;2;0;4;2;-23,655346;-51,683923;SPRF-PR;DEL09-PR;UOP01-DEL09-PR;;;
712045;16/08/2025;s�bado;16:10:00;SC;470;89;ASCURRA;Acessar a via sem observar a presen�a dos outros ve�culos;Colis�o transversal;Com V�timas Feridas;Pleno dia;Decrescente;C�u Claro;Simples;"Retorno Regulamentado;Reta";N�o;3;0;0;2;1;0;2;2;-26,98363772;-49,37225215;SPRF-SC;DEL04-SC;UOP01-DEL04-SC;;;
712046;16/08/2025;s�bado;17:15:00;PE;101;185;PALMARES;Aus�ncia de rea��o do condutor;Sa�da de leito carro��vel;Sem V�timas;Anoitecer;Decrescente;C�u Claro;Dupla;Curva;N�o;1;0;0;0;0;1;0;1;-8,661516;-35,565017;SPRF-PE;DEL01-PE;UOP03-DEL01-PE;;;
712047;16/08/2025;s�bado;17:23:00;PI;343;1,8;TERESINA;Aus�ncia de rea��o do condutor;Colis�o traseira;Com V�timas Feridas;Anoitecer;Decrescente;C�u Claro;M�ltipla;Reta;Sim;2;0;1;0;1;0;1;2;-5,081416;-42,764789;SPRF-PI;DEL01-PI;UOP01-DEL01-PI;;;
712048;28/07/2025;segunda-feira;07:00:00;PB;230;142,5;CAMPINA GRANDE;Demais falhas mec�nicas ou el�tricas;Colis�o traseira;Com V�timas Feridas;Pleno dia;Decrescente;Chuva;Dupla;Reta;N�o;6;0;1;0;5;0;1;2;-7,255604;-35,824123;SPRF-PB;DEL02-PB;UOP01-DEL02-PB;;;
712049;22/02/2025;s�bado;07:00:00;PB;0;0;CAMPINA GRANDE;Acessar a via sem observar a presen�a dos outros ve�culos;Colis�o transversal;Com V�timas Feridas;Pleno dia;N�o Informado;C�u Claro;Dupla;"Curva;Declive;Rotat�ria";N�o;2;0;1;0;1;0;1;2;-7,281938;-35,769403;SPRF-PB;DEL02-PB;UOP01-DEL02-PB;;;
712050;16/08/2025;s�bado;17:50:00;SC;282;58,4;RANCHO QUEIMADO;Convers�o proibida;Colis�o lateral mesmo sentido;Com V�timas Feridas;Anoitecer;Crescente;Chuva;Simples;"Aclive;Curva;Interse��o de Vias";Sim;3;0;1;1;1;0;2;2;-27,6802;-49,0062;SPRF-SC;DEL01-SC;UOP03-DEL01-SC;;;
712051;16/08/2025;s�bado;17:20:00;DF;70;6;BRASILIA;Velocidade Incompat�vel;Engavetamento;Com V�timas Feridas;Anoitecer;Crescente;C�u Claro;Dupla;Reta;Sim;6;0;1;0;5;0;1;3;-15,79123946;-48,10501009;SPRF-DF;DEL03-DF;UOP02-DEL03-DF;;;
712052;16/08/2025;s�bado;18:00:00;ES;101;134,3;LINHARES;Transitar na contram�o;Colis�o frontal;Com V�timas Feridas;Plena Noite;Crescente;C�u Claro;Dupla;Reta;N�o;3;0;1;1;0;1;2;2;-19,26907492;-40,08854274;SPRF-ES;DEL04-ES;UOP01-DEL04-ES;;;
712053;16/08/2025;s�bado;15:50:00;PR;153;3,8;JACAREZINHO;Acessar a via sem observar a presen�a dos outros ve�culos;Colis�o transversal;Com V�timas Feridas;Pleno dia;Crescente;C�u Claro;Simples;Reta;N�o;6;0;2;0;4;0;2;2;-23,02564902;-49,9145118;SPRF-PR;DEL07-PR;UOP04-DEL07-PR;;;
712055;16/08/2025;s�bado;16:20:00;MA;135;4;SAO LUIS;Avarias e/ou desgaste excessivo no pneu;Tombamento;Com V�timas Feridas;Pleno dia;Crescente;C�u Claro;Dupla;Reta;Sim;2;0;1;1;0;0;2;1;-2,6174;-44,25438;SPRF-MA;DEL01-MA;UOP01-DEL01-MA;;;
712056;16/08/2025;s�bado;18:00:00;ES;101;255;SERRA;Ingest�o de �lcool pelo condutor;Colis�o transversal;Com V�timas Feridas;Plena Noite;Crescente;C�u Claro;Simples;Reta;Sim;3;0;2;0;1;0;2;2;-20,118479;-40,31253;SPRF-ES;DEL02-ES;UOP01-DEL02-ES;;;
712057;16/08/2025;s�bado;18:00:00;RJ;101;256;RIO BONITO;Acesso irregular;Colis�o lateral mesmo sentido;Com V�timas Feridas;Plena Noite;Crescente;Nublado;Dupla;Reta;N�o;2;0;0;1;1;0;1;2;-22,696091;-42,56808;SPRF-RJ;DEL02-RJ;UOP03-DEL02-RJ;;;
712058;16/08/2025;s�bado;16:30:00;SC;101;414,5;ARARANGUA;Manobra de mudan�a de faixa;Colis�o lateral mesmo sentido;Com V�timas Feridas;Pleno dia;Decrescente;Nublado;Dupla;Reta;N�o;6;0;4;0;1;1;4;3;-28,95919176;-49,52404825;SPRF-SC;DEL02-SC;UOP02-DEL02-SC;;;
712062;16/08/2025;s�bado;18:00:00;PR;277;72;SAO JOSE DOS PINHAIS;Ingest�o de �lcool pelo condutor;Sa�da de leito carro��vel;Sem V�timas;Anoitecer;Crescente;Nublado;Dupla;Declive;Sim;1;0;0;0;0;1;0;1;-25,5062881;-49,14029472;SPRF-PR;DEL01-PR;UOP07-DEL01-PR;;;
712063;16/08/2025;s�bado;17:40:00;PR;277;79,4;CURITIBA;Trafegar com motocicleta (ou similar) entre as faixas;Colis�o lateral mesmo sentido;Com V�timas Feridas;Anoitecer;Crescente;Nublado;Dupla;Curva;Sim;2;0;1;0;1;0;1;2;-25,47573998;-49,20735447;SPRF-PR;DEL01-PR;UOP03-DEL01-PR;;;
712064;16/08/2025;s�bado;18:00:00;SC;116;58;PAPANDUVA;Acessar a via sem observar a presen�a dos outros ve�culos;Colis�o transversal;Com V�timas Feridas;Plena Noite;Crescente;C�u Claro;Simples;"Reta;Interse��o de Vias";Sim;3;0;2;0;1;0;2;2;-26,3776964;-50,1976416;SPRF-SC;DEL06-SC;UOP02-DEL06-SC;;;
712065;16/08/2025;s�bado;18:10:00;PE;101;80,6;JABOATAO DOS GUARARAPES;Rea��o tardia ou ineficiente do condutor;Tombamento;Com V�timas Feridas;Plena Noite;Decrescente;Nublado;M�ltipla;"Curva;Retorno Regulamentado";N�o;1;0;0;1;0;0;1;1;-8,156913;-34,941131;SPRF-PE;DEL01-PE;UOP01-DEL01-PE;;;
712066;16/08/2025;s�bado;18:20:00;PE;101;52;PAULISTA;Transitar na contram�o;Colis�o frontal;Com V�timas Feridas;Plena Noite;Decrescente;Nublado;Dupla;Reta;N�o;4;0;2;0;1;1;2;4;-7,92956741;-34,89901543;SPRF-PE;DEL01-PE;UOP02-DEL01-PE;;;
712067;16/08/2025;s�bado;18:00:00;PE;232;101;BEZERROS;Aus�ncia de rea��o do condutor;Colis�o traseira;Com V�timas Feridas;Plena Noite;Crescente;C�u Claro;Simples;Reta;Sim;2;0;1;0;1;0;1;2;-8,23943;-35,74765;SPRF-PE;DEL02-PE;UOP03-DEL02-PE;;;
712068;16/08/2025;s�bado;18:45:00;SE;235;43,9;ITABAIANA;Animais na Pista;Atropelamento de Animal;Com V�timas Feridas;Plena Noite;Decrescente;Nublado;Simples;Interse��o de Vias;N�o;2;0;1;1;0;0;2;1;-10,75646531;-37,39389595;SPRF-SE;DEL01-SE;UOP02-DEL01-SE;;;
712069;16/08/2025;s�bado;18:00:00;SP;116;282;EMBU DAS ARTES;Manobra de mudan�a de faixa;Colis�o lateral mesmo sentido;Com V�timas Feridas;Plena Noite;Decrescente;C�u Claro;Dupla;Reta;N�o;3;0;1;0;2;0;1;3;-23,66102032;-46,85200029;SPRF-SP;DEL04-SP;UOP01-DEL04-SP;;;
712070;16/08/2025;s�bado;18:45:00;RS;116;266;CANOAS;Manobra de mudan�a de faixa;Tombamento;Com V�timas Feridas;Plena Noite;Crescente;C�u Claro;Dupla;Reta;Sim;1;0;1;0;0;0;1;1;-29,9306159;-51,1776809;SPRF-RS;DEL01-RS;UOP01-DEL01-RS;;;
712072;16/08/2025;s�bado;19:05:00;PE;101;68,8;RECIFE;Pedestre cruzava a pista fora da faixa;Atropelamento de Pedestre;Com V�timas Fatais;Plena Noite;Decrescente;C�u Claro;M�ltipla;Reta;Sim;3;1;1;1;0;0;2;2;-8,05793845;-34,94619934;SPRF-PE;DEL01-PE;UOP01-DEL01-PE;;;
712073;16/08/2025;s�bado;18:40:00;AL;104;43,3;BRANQUINHA;Pedestre andava na pista;Atropelamento de Pedestre;Com V�timas Feridas;Plena Noite;Decrescente;C�u Claro;Simples;Curva;N�o;2;0;0;1;0;1;1;2;-9,23197346;-36,02491021;SPRF-AL;DEL01-AL;UOP02-DEL01-AL;;;
712075;16/08/2025;s�bado;17:20:00;SC;282;564,1;NOVA ERECHIM;Velocidade Incompat�vel;Tombamento;Com V�timas Feridas;Pleno dia;Decrescente;C�u Claro;Simples;Retorno Regulamentado;N�o;2;0;1;1;0;0;2;1;-26,9030378;-52,8691278;SPRF-SC;DEL07-SC;UOP02-DEL07-SC;;;
712076;16/08/2025;s�bado;19:15:00;ES;101;131,1;LINHARES;Demais falhas mec�nicas ou el�tricas;Colis�o com objeto;Com V�timas Feridas;Plena Noite;Crescente;Nublado;Simples;"Reta;Declive";N�o;3;0;2;0;1;0;2;2;-19,24025776;-40,09160925;SPRF-ES;DEL04-ES;UOP01-DEL04-ES;;;
712077;16/08/2025;s�bado;18:50:00;RS;285;201,2;LAGOA VERMELHA;Desrespeitar a prefer�ncia no cruzamento;Colis�o transversal;Com V�timas Feridas;Plena Noite;Crescente;C�u Claro;Simples;"Rotat�ria;Reta";Sim;5;0;3;0;2;0;3;2;-28,20961469;-51,54491967;SPRF-RS;DEL08-RS;UOP05-DEL08-RS;;;
712078;16/08/2025;s�bado;18:52:00;SP;116;38;CACHOEIRA PAULISTA;Aus�ncia de rea��o do condutor;Colis�o com objeto;Com V�timas Feridas;Pleno dia;Decrescente;C�u Claro;Dupla;"Curva;Declive";Sim;1;0;1;0;0;0;1;1;-22,6693375;-44,9898344;SPRF-SP;DEL08-SP;UOP02-DEL08-SP;;;
712079;16/08/2025;s�bado;17:30:00;PI;343;593,7;FLORIANO;Rea��o tardia ou ineficiente do condutor;Queda de ocupante de ve�culo;Com V�timas Feridas;Anoitecer;Decrescente;Nublado;Simples;Reta;Sim;2;0;2;0;0;0;2;1;-6,784858;-43,04137;SPRF-PI;DEL03-PI;UOP01-DEL03-PI;;;
712080;16/08/2025;s�bado;19:15:00;RS;470;217;BENTO GONCALVES;Desrespeitar a prefer�ncia no cruzamento;Colis�o transversal;Com V�timas Feridas;Anoitecer;Decrescente;C�u Claro;Dupla;"Interse��o de Vias;Reta";N�o;8;0;2;0;6;0;2;2;-29,17508576;-51,5229791;SPRF-RS;DEL06-RS;UOP01-DEL06-RS;;;
712084;16/08/2025;s�bado;14:25:00;SC;282;628,4;IRACEMINHA;Demais falhas na via;Tombamento;Com V�timas Feridas;Pleno dia;Decrescente;Sol;Simples;Declive;N�o;1;0;0;1;0;0;1;1;-26,82039416;-53,37726831;SPRF-SC;DEL07-SC;UOP02-DEL07-SC;;;
712085;16/08/2025;s�bado;19:28:00;RN;405;147,2;PAU DOS FERROS;Aus�ncia de rea��o do condutor;Sa�da de leito carro��vel;Sem V�timas;Plena Noite;Crescente;C�u Claro;Simples;Interse��o de Vias;N�o;1;0;0;0;1;0;0;1;-6,082475;-38,208733;SPRF-RN;DEL04-RN;UOP02-DEL04-RN;;;
712086;16/08/2025;s�bado;18:00:00;MG;381;926,6;ITAPEVA;Velocidade Incompat�vel;Sa�da de leito carro��vel;Sem V�timas;Anoitecer;Decrescente;C�u Claro;Dupla;"Aclive;Reta";N�o;1;0;0;0;0;1;0;1;-22,76893079;-46,21097124;SPRF-MG;DEL16-MG;UOP03-DEL16-MG;;;
712087;16/08/2025;s�bado;11:35:00;BA;116;546;ITATIM;Acumulo de areia ou detritos sobre o pavimento;Colis�o com objeto;Sem V�timas;Pleno dia;Decrescente;Nublado;Simples;Reta;N�o;2;0;0;0;2;0;0;1;-12,85463224;-39,84663879;SPRF-BA;DEL03-BA;UOP02-DEL03-BA;;;
712088;16/08/2025;s�bado;20:04:00;SC;282;19;PALHOCA;Aus�ncia de rea��o do condutor;Colis�o lateral mesmo sentido;Com V�timas Feridas;Plena Noite;Crescente;C�u Claro;Simples;Reta;N�o;3;0;3;0;0;0;3;2;-27,6808263;-48,70401129;SPRF-SC;DEL01-SC;UOP02-DEL01-SC;;;
712089;16/08/2025;s�bado;20:00:00;PB;230;215;MASSARANDUBA;Transitar na contram�o;Colis�o frontal;Com V�timas Feridas;Plena Noite;Crescente;C�u Claro;Simples;Reta;Sim;2;0;0;1;0;1;1;2;-7,2540731;-35,8308339;SPRF-PB;DEL02-PB;UOP02-DEL02-PB;;;
712090;16/08/2025;s�bado;19:20:00;PR;163;246;TOLEDO;Aus�ncia de rea��o do condutor;Colis�o traseira;Sem V�timas;Plena Noite;Crescente;C�u Claro;Dupla;Viaduto;Sim;2;0;0;0;2;0;0;2;-24,6930383;-53,743665;SPRF-PR;DEL06-PR;UOP02-DEL06-PR;;;
712091;02/08/2025;s�bado;02:00:00;SC;282;528;CORDILHEIRA ALTA;Ingest�o de �lcool pelo condutor;Sa�da de leito carro��vel;Sem V�timas;Plena Noite;Crescente;C�u Claro;Simples;Curva;N�o;1;0;0;0;1;0;0;1;-26,97739808;-52,58823245;SPRF-SC;DEL07-SC;UOP01-DEL07-SC;;;
712092;16/08/2025;s�bado;19:08:00;RJ;356;4;ITAPERUNA;Condutor Dormindo;Sa�da de leito carro��vel;Com V�timas Feridas;Plena Noite;Crescente;C�u Claro;Simples;Reta;N�o;1;0;1;0;0;0;1;1;-21,2467712;-41,7726464;SPRF-RJ;DEL08-RJ;UOP03-DEL08-RJ;;;
712094;16/08/2025;s�bado;20:10:00;SP;381;11;VARGEM;Aus�ncia de rea��o do condutor;Colis�o traseira;Sem V�timas;Anoitecer;Crescente;C�u Claro;Dupla;Reta;Sim;3;0;0;0;3;0;0;2;-22,92835246;-46,46051142;SPRF-SP;DEL03-SP;UOP02-DEL03-SP;;;
712095;16/08/2025;s�bado;18:30:00;RJ;465;15;SEROPEDICA;Pedestre andava na pista;Atropelamento de Pedestre;Com V�timas Feridas;Plena Noite;Crescente;Nublado;Dupla;Reta;Sim;2;0;0;1;1;0;1;2;-22,74386775;-43,70249145;SPRF-RJ;DEL06-RJ;UOP02-DEL06-RJ;;;
712097;16/08/2025;s�bado;20:30:00;ES;101;258,5;SERRA;Aus�ncia de rea��o do condutor;Colis�o com objeto;Com V�timas Feridas;Plena Noite;Crescente;Nublado;Dupla;"Curva;Declive";Sim;2;0;2;0;0;0;2;1;-20,13300171;-40,29359798;SPRF-ES;DEL02-ES;UOP01-DEL02-ES;;;
712098;16/08/2025;s�bado;15:00:00;RS;386;14,6;FREDERICO WESTPHALEN;Rea��o tardia ou ineficiente do condutor;Tombamento;Com V�timas Fatais;Pleno dia;Decrescente;C�u Claro;Simples;Curva;N�o;2;1;0;0;0;1;0;2;-27,238051;-53,327558;SPRF-RS;DEL08-RS;UOP02-DEL08-RS;;;
712099;16/08/2025;s�bado;18:25:00;RS;386;41,2;FREDERICO WESTPHALEN;Aus�ncia de rea��o do condutor;Colis�o frontal;Com V�timas Feridas;Anoitecer;Decrescente;C�u Claro;Simples;Reta;N�o;5;0;1;4;0;0;5;2;-27,414258;-53,416895;SPRF-RS;DEL08-RS;UOP02-DEL08-RS;;;
712100;16/08/2025;s�bado;20:00:00;SP;381;15;VARGEM;Avarias e/ou desgaste excessivo no pneu;Queda de ocupante de ve�culo;Com V�timas Feridas;Plena Noite;Crescente;C�u Claro;Dupla;Reta;Sim;1;0;1;0;0;0;1;1;-22,91918782;-46,42684937;SPRF-SP;DEL03-SP;UOP02-DEL03-SP;;;
712101;16/08/2025;s�bado;20:00:00;SP;0;0;MIRASSOL;Aus�ncia de rea��o do condutor;Colis�o lateral mesmo sentido;Sem V�timas;Plena Noite;N�o Informado;C�u Claro;Simples;Reta;N�o;2;0;0;0;1;1;0;2;-20,81719948;-49,50943708;SPRF-SP;DEL09-SP;UOP01-DEL09-SP;;;
712103;16/08/2025;s�bado;19:20:00;PR;163;144;CAPITAO LEONIDAS MARQUES;Aus�ncia de rea��o do condutor;Tombamento;Com V�timas Feridas;Plena Noite;Crescente;C�u Claro;Dupla;Reta;N�o;1;0;1;0;0;0;1;1;-25,48295162;-53,59199499;SPRF-PR;DEL05-PR;UOP05-DEL05-PR;;;
712104;16/08/2025;s�bado;21:15:00;SP;116;231;SAO PAULO;Pedestre andava na pista;Atropelamento de Pedestre;Com V�timas Fatais;Plena Noite;Crescente;C�u Claro;M�ltipla;Reta;Sim;2;1;0;0;1;0;0;2;-23,52108005;-46,58433846;SPRF-SP;DEL01-SP;UOP01-DEL01-SP;;;
712105;16/08/2025;s�bado;18:00:00;AP;210;129;PORTO GRANDE;Rea��o tardia ou ineficiente do condutor;Sa�da de leito carro��vel;Com V�timas Feridas;Plena Noite;Decrescente;C�u Claro;Simples;"Aclive;Reta";N�o;4;0;4;0;0;0;4;1;0,663535;-51,590298;SPRF-AP;DEL01-AP;UOP01-DEL01-AP;;;
712107;16/08/2025;s�bado;20:20:00;PI;343;263,5;CAMPO MAIOR;Transitar na contram�o;Colis�o frontal;Com V�timas Feridas;Plena Noite;Decrescente;C�u Claro;Simples;Reta;Sim;2;0;0;1;1;0;1;2;-4,82370658;-42,16079503;SPRF-PI;DEL01-PI;UOP03-DEL01-PI;;;
712108;16/08/2025;s�bado;22:00:00;RJ;356;153;CAMPOS DOS GOYTACAZES;Aus�ncia de rea��o do condutor;Colis�o lateral mesmo sentido;Com V�timas Feridas;Plena Noite;Decrescente;C�u Claro;Simples;Reta;Sim;2;0;1;0;1;0;1;2;-21,7921057;-41,2832105;SPRF-RJ;DEL08-RJ;UOP02-DEL08-RJ;;;
712109;16/08/2025;s�bado;21:40:00;PI;343;189;PIRIPIRI;Ingest�o de �lcool pelo condutor;Colis�o com objeto;Com V�timas Feridas;Plena Noite;Decrescente;Nublado;Simples;"Desvio Tempor�rio;Reta";N�o;1;0;1;0;0;0;1;1;-4,3153437;-41,77777648;SPRF-PI;DEL02-PI;UOP01-DEL02-PI;;;
712111;16/08/2025;s�bado;19:20:00;RJ;101;522,5;ANGRA DOS REIS;Aus�ncia de rea��o do condutor;Queda de ocupante de ve�culo;Com V�timas Feridas;Plena Noite;Crescente;Garoa/Chuvisco;Simples;Reta;N�o;1;0;1;0;0;0;1;1;-23,004;-44,46561;SPRF-RJ;DEL03-RJ;UOP03-DEL03-RJ;;;
712112;16/08/2025;s�bado;22:20:00;SP;153;37,6;ONDA VERDE;Pista esburacada;Queda de ocupante de ve�culo;Com V�timas Feridas;Plena Noite;Decrescente;C�u Claro;Simples;Reta;N�o;2;0;1;0;1;0;1;1;-20,604655;-49,322662;SPRF-SP;DEL09-SP;UOP01-DEL09-SP;;;
712113;16/08/2025;s�bado;22:20:00;RJ;101;322;NITEROI;Aus�ncia de rea��o do condutor;Colis�o com objeto;Com V�timas Feridas;Plena Noite;Decrescente;C�u Claro;Dupla;Reta;N�o;1;0;1;0;0;0;1;1;-22,8818944;-43,1095808;SPRF-RJ;DEL02-RJ;UOP01-DEL02-RJ;;;
712114;16/08/2025;s�bado;22:41:00;TO;153;252;COLINAS DO TOCANTINS;Rea��o tardia ou ineficiente do condutor;Colis�o traseira;Com V�timas Feridas;Plena Noite;Crescente;C�u Claro;Simples;Reta;N�o;4;0;4;0;0;0;4;2;-8,091725;-48,467622;SPRF-TO;DEL02-TO;UOP02-DEL02-TO;;;
712116;16/08/2025;s�bado;22:55:00;RJ;101;475;ANGRA DOS REIS;Ingest�o de �lcool pelo condutor;Colis�o transversal;Com V�timas Feridas;Plena Noite;Decrescente;Nublado;Simples;Curva;N�o;7;0;4;0;2;1;4;3;-23,000914;-44,262955;SPRF-RJ;DEL03-RJ;UOP03-DEL03-RJ;;;
712117;16/08/2025;s�bado;19:20:00;BA;324;530;FEIRA DE SANTANA;Demais falhas na via;Capotamento;Com V�timas Feridas;Plena Noite;Decrescente;Nublado;Simples;Curva;Sim;1;0;1;0;0;0;1;1;-12,3381681;-38,850021;SPRF-BA;DEL01-BA;UOP03-DEL01-BA;;;
712118;16/08/2025;s�bado;20:00:00;BA;116;605;IRAJUBA;Rea��o tardia ou ineficiente do condutor;Colis�o com objeto;Com V�timas Feridas;Plena Noite;Decrescente;Garoa/Chuvisco;Simples;Reta;N�o;2;0;1;0;1;0;1;1;-13,30398;-40,026085;SPRF-BA;DEL03-BA;UOP02-DEL03-BA;;;
712119;16/08/2025;s�bado;23:00:00;SE;235;85,5;FREI PAULO;Desrespeitar a prefer�ncia no cruzamento;Colis�o lateral mesmo sentido;Com V�timas Feridas;Plena Noite;Crescente;C�u Claro;Simples;"Interse��o de Vias;Reta";N�o;8;0;0;1;7;0;1;2;-10,54370914;-37,64165998;SPRF-SE;DEL01-SE;UOP02-DEL01-SE;;;
712122;16/08/2025;s�bado;20:30:00;RJ;116;124;MAGE;Rea��o tardia ou ineficiente do condutor;Colis�o traseira;Com V�timas Fatais;Plena Noite;Crescente;C�u Claro;Dupla;Reta;Sim;5;1;0;1;2;1;1;2;-22,64511988;-43,06880569;SPRF-RJ;DEL04-RJ;UOP02-DEL04-RJ;;;
712126;16/08/2025;s�bado;23:40:00;PR;376;592;CURITIBA;Condutor Dormindo;Tombamento;Com V�timas Feridas;Plena Noite;Crescente;Nublado;Dupla;Reta;Sim;1;0;1;0;0;0;1;1;-25,46759453;-49,35534954;SPRF-PR;DEL01-PR;UOP06-DEL01-PR;;;
712127;16/08/2025;s�bado;23:00:00;MG;262;37,5;MANHUACU;Rea��o tardia ou ineficiente do condutor;Colis�o frontal;Com V�timas Feridas;Plena Noite;Crescente;C�u Claro;Simples;Reta;Sim;2;0;1;0;0;1;1;2;-20,272982;-42,042121;SPRF-MG;DEL06-MG;UOP03-DEL06-MG;;;
712128;16/08/2025;s�bado;22:30:00;PE;232;507;SALGUEIRO;Transitar na contram�o;Colis�o frontal;Com V�timas Feridas;Plena Noite;Decrescente;C�u Claro;Simples;Reta;Sim;34;0;7;1;26;0;8;2;-8,061558;-39,11671;SPRF-PE;DEL05-PE;UOP01-DEL05-PE;;;
712129;16/08/2025;s�bado;23:40:00;SC;101;85,9;BARRA VELHA;Ingest�o de �lcool pelo condutor;Colis�o traseira;Com V�timas Feridas;Plena Noite;Crescente;Nublado;Dupla;Reta;Sim;2;0;1;1;0;0;2;2;-26,63712518;-48,69671023;SPRF-SC;DEL03-SC;UOP02-DEL03-SC;;;
712130;16/08/2025;s�bado;22:15:00;RJ;101;293;ITABORAI;Manobra de mudan�a de faixa;Colis�o lateral mesmo sentido;Com V�timas Feridas;Pleno dia;Crescente;Nublado;Dupla;Reta;N�o;3;0;2;0;0;1;2;2;-22,75703527;-42,89362907;SPRF-RJ;DEL02-RJ;UOP02-DEL02-RJ;;;
712131;16/08/2025;s�bado;23:00:00;MG;262;409,3;IGARATINGA;Velocidade Incompat�vel;Capotamento;Com V�timas Feridas;Plena Noite;Crescente;C�u Claro;Dupla;Reta;N�o;1;0;0;1;0;0;1;1;-19,88510851;-44,72756624;SPRF-MG;DEL08-MG;UOP03-DEL08-MG;;;
712132;16/08/2025;s�bado;22:15:00;MT;163;695;SORRISO;Acessar a via sem observar a presen�a dos outros ve�culos;Colis�o transversal;Com V�timas Feridas;Plena Noite;Decrescente;C�u Claro;Simples;Reta;N�o;3;0;2;0;1;0;2;2;-13,015575;-55,892735;SPRF-MT;DEL06-MT;UOP01-DEL06-MT;;;
712133;17/08/2025;domingo;00:20:00;PR;277;2;CURITIBA;Aus�ncia de rea��o do condutor;Sa�da de leito carro��vel;Sem V�timas;Plena Noite;Decrescente;C�u Claro;Dupla;Reta;Sim;1;0;0;0;1;0;0;1;-25,4303978;-49,34825587;SPRF-PR;DEL01-PR;UOP06-DEL01-PR;;;
712134;17/08/2025;domingo;01:00:00;ES;262;156,4;IBATIBA;Ingest�o de �lcool pelo condutor;Colis�o frontal;Com V�timas Feridas;Plena Noite;Decrescente;C�u Claro;Simples;Reta;N�o;2;0;1;1;0;0;2;2;-20,23102766;-41,4815178;SPRF-ES;DEL01-ES;UOP02-DEL01-ES;;;
712136;16/08/2025;s�bado;21:50:00;RO;435;110;CEREJEIRAS;Condutor deixou de manter dist�ncia do ve�culo da frente;Colis�o transversal;Com V�timas Feridas;Plena Noite;Decrescente;C�u Claro;Simples;Retorno Regulamentado;Sim;2;0;1;0;1;0;1;2;-13,17771425;-60,82149267;SPRF-RO;DEL04-RO;UOP02-DEL04-RO;;;
712138;16/08/2025;s�bado;23:00:00;SC;470;136;RIO DO SUL;Aus�ncia de rea��o do condutor;Sa�da de leito carro��vel;Sem V�timas;Plena Noite;Crescente;C�u Claro;Simples;"Reta;Declive";N�o;1;0;0;0;1;0;0;1;-27,188621;-49,613485;SPRF-SC;DEL04-SC;UOP02-DEL04-SC;;;
712139;17/08/2025;domingo;00:30:00;SC;101;148,8;ITAPEMA;Rea��o tardia ou ineficiente do condutor;Colis�o traseira;Sem V�timas;Plena Noite;Crescente;C�u Claro;Dupla;"Reta;Aclive;Viaduto";Sim;3;0;0;0;3;0;0;3;-27,10879782;-48,61364365;SPRF-SC;DEL04-SC;UOP03-DEL04-SC;;;
712141;17/08/2025;domingo;01:10:00;MA;226;298;BARRA DO CORDA;Transitar na contram�o;Colis�o frontal;Com V�timas Feridas;Plena Noite;Crescente;C�u Claro;Simples;Reta;Sim;3;0;1;1;0;1;2;3;-5,50194075;-45,23556769;SPRF-MA;DEL06-MA;UOP01-DEL06-MA;;;
712142;17/08/2025;domingo;00:35:00;MA;10;142;PORTO FRANCO;Aus�ncia de rea��o do condutor;Sa�da de leito carro��vel;Com V�timas Feridas;Plena Noite;Decrescente;C�u Claro;Simples;Reta;N�o;9;0;0;3;6;0;3;1;-6,477172;-47,392863;SPRF-MA;DEL04-MA;UOP02-DEL04-MA;;;
712144;17/08/2025;domingo;02:00:00;PR;373;262;PRUDENTOPOLIS;Aus�ncia de rea��o do condutor;Colis�o frontal;Com V�timas Feridas;Plena Noite;Crescente;C�u Claro;Simples;Reta;Sim;2;0;0;1;1;0;1;2;-25,201186;-50,9621255;SPRF-PR;DEL08-PR;UOP01-DEL08-PR;;;
712145;17/08/2025;domingo;00:50:00;MG;381;686,1;LAVRAS;Rea��o tardia ou ineficiente do condutor;Colis�o com objeto;Com V�timas Feridas;Plena Noite;Crescente;C�u Claro;Dupla;Curva;N�o;3;0;1;0;2;0;1;1;-21,172258;-45,126142;SPRF-MG;DEL04-MG;UOP02-DEL04-MG;;;
712149;17/08/2025;domingo;02:36:00;GO;60;109;GOIANAPOLIS;Aus�ncia de rea��o do condutor;Colis�o traseira;Com V�timas Feridas;Plena Noite;Crescente;C�u Claro;Dupla;Declive;N�o;4;0;2;0;2;0;2;2;-16,448126;-49,025217;SPRF-GO;DEL01-GO;UOP01-DEL01-GO;;;
712150;16/08/2025;s�bado;21:30:00;PR;163;147,8;SANTA LUCIA;Condutor Dormindo;Tombamento;Com V�timas Feridas;Pleno dia;Crescente;C�u Claro;Simples;Reta;N�o;2;0;1;1;0;0;2;1;-25,41312;-53,57348;SPRF-PR;DEL05-PR;UOP05-DEL05-PR;;;
712151;17/08/2025;domingo;02:00:00;PI;343;0,7;TERESINA;Avarias e/ou desgaste excessivo no pneu;Tombamento;Com V�timas Feridas;Plena Noite;Decrescente;C�u Claro;M�ltipla;Reta;Sim;2;0;1;0;1;0;1;1;-5,07989757;-42,7554515;SPRF-PI;DEL01-PI;UOP01-DEL01-PI;;;
712152;17/08/2025;domingo;00:45:00;CE;222;2;FORTALEZA;Ingest�o de �lcool pelo condutor;Colis�o traseira;Com V�timas Feridas;Plena Noite;Crescente;C�u Claro;Simples;Reta;Sim;2;0;0;1;1;0;1;2;-3,73950297;-38,59151602;SPRF-CE;DEL01-CE;UOP01-DEL01-CE;;;