id;data_inversa;dia_semana;horario;uf;br;km;municipio;causa_acidente;tipo_acidente;classificacao_acidente;fase_dia;sentido_via;condicao_metereologica;tipo_pista;tracado_via;uso_solo;pessoas;mortos;feridos_leves;feridos_graves;ilesos;ignorados;feridos;veiculos;latitude;longitude;regional;delegacia;uop;;;
712360;17/08/2025;domingo;22:05:00;MG;459;98,8;POUSO ALEGRE;Ingest�o de �lcool pelo condutor;Colis�o lateral sentido oposto;Com V�timas Feridas;Plena Noite;Decrescente;C�u Claro;Simples;"Aclive;Curva";N�o;3;0;1;1;1;0;2;2;-22,2009913;-45,9685654;SPRF-MG;DEL09-MG;UOP01-DEL09-MG;;;
712361;17/08/2025;domingo;22:20:00;MT;364;204;RONDONOPOLIS;Aus�ncia de rea��o do condutor;Queda de ocupante de ve�culo;Com V�timas Feridas;Pleno dia;Crescente;C�u Claro;Dupla;Reta;Sim;1;0;1;0;0;0;1;1;-16,46541787;-54,65790359;SPRF-MT;DEL02-MT;UOP01-DEL02-MT;;;
712362;17/08/2025;domingo;20:37:00;CE;20;373,7;CAUCAIA;Acesso irregular;Colis�o frontal;Com V�timas Feridas;Plena Noite;Crescente;C�u Claro;Simples;Reta;Sim;6;0;2;0;4;0;2;2;-3,961083;-38,881048;SPRF-CE;DEL02-CE;UOP01-DEL02-CE;;;
712363;18/08/2025;segunda-feira;00:03:00;RS;116;248,2;SAO LEOPOLDO;Velocidade Incompat�vel;Sa�da de leito carro��vel;Com V�timas Fatais;Plena Noite;Decrescente;Nublado;M�ltipla;Curva;Sim;2;1;0;1;0;0;1;1;-29,776924;-51,155247;SPRF-RS;DEL01-RS;UOP02-DEL01-RS;;;
712364;17/08/2025;domingo;17:10:00;SC;280;42,9;GUARAMIRIM;Condutor Dormindo;Sa�da de leito carro��vel;Com V�timas Feridas;Pleno dia;Crescente;C�u Claro;Dupla;"Reta;Em Obras";N�o;3;0;1;0;2;0;1;1;-26,450802;-48,877128;SPRF-SC;DEL03-SC;UOP03-DEL03-SC;;;
712366;18/08/2025;segunda-feira;00:00:00;RS;290;80;GRAVATAI;Rea��o tardia ou ineficiente do condutor;Sa�da de leito carro��vel;Sem V�timas;Plena Noite;Decrescente;C�u Claro;M�ltipla;Reta;N�o;1;0;0;0;1;0;0;1;-29,95432621;-51,06097247;SPRF-RS;DEL01-RS;UOP01-DEL01-RS;;;
712367;17/08/2025;domingo;23:30:00;RJ;101;381;RIO DE JANEIRO;Aus�ncia de rea��o do condutor;Colis�o traseira;Com V�timas Fatais;Plena Noite;Decrescente;C�u Claro;M�ltipla;"Aclive;Reta";N�o;3;1;1;0;1;0;1;2;-22,8780049;-43,6217836;SPRF-RJ;DEL03-RJ;UOP01-DEL03-RJ;;;
712368;18/08/2025;segunda-feira;00:20:00;SP;116;169;JACAREI;Ingest�o de �lcool pelo condutor;Colis�o traseira;Sem V�timas;Plena Noite;Crescente;C�u Claro;Dupla;Reta;N�o;2;0;0;0;2;0;0;2;-23,30745266;-46,04407031;SPRF-SP;DEL02-SP;UOP01-DEL02-SP;;;
712369;17/08/2025;domingo;23:00:00;MT;163;536;DIAMANTINO;Ingest�o de �lcool pelo condutor;Sa�da de leito carro��vel;Sem V�timas;Plena Noite;Decrescente;C�u Claro;Dupla;Reta;N�o;1;0;0;0;1;0;0;1;-14,45662314;-56,14151001;SPRF-MT;DEL01-MT;UOP01-DEL01-MT;;;
712370;17/08/2025;domingo;20:20:00;RO;364;969;PORTO VELHO;Aus�ncia de rea��o do condutor;Colis�o traseira;Sem V�timas;Plena Noite;Decrescente;C�u Claro;Simples;Reta;N�o;2;0;0;0;0;2;0;2;-9,65491226;-65,72016835;SPRF-RO;DEL01-RO;UOP03-DEL01-RO;;;
712371;18/08/2025;segunda-feira;00:10:00;MG;40;700,6;BARBACENA;Velocidade Incompat�vel;Colis�o transversal;Com V�timas Feridas;Plena Noite;Decrescente;C�u Claro;Simples;"Curva;Interse��o de Vias";Sim;2;0;1;1;0;0;2;2;-21,21843532;-43,74430457;SPRF-MG;DEL05-MG;UOP02-DEL05-MG;;;
712373;18/08/2025;segunda-feira;01:30:00;MG;262;434,1;NOVA SERRANA;Aus�ncia de rea��o do condutor;Queda de ocupante de ve�culo;Com V�timas Feridas;Plena Noite;Decrescente;C�u Claro;Dupla;Reta;Sim;2;0;1;0;1;0;1;1;-19,87279068;-44,96288993;SPRF-MG;DEL08-MG;UOP03-DEL08-MG;;;
712374;18/08/2025;segunda-feira;02:03:00;SC;470;39;GASPAR;Ingest�o de �lcool pelo condutor;Sa�da de leito carro��vel;Com V�timas Feridas;Plena Noite;Decrescente;C�u Claro;Dupla;Reta;N�o;1;0;1;0;0;0;1;1;-26,8972497;-48,986464;SPRF-SC;DEL04-SC;UOP01-DEL04-SC;;;
712375;17/08/2025;domingo;23:58:00;GO;40;153,9;CRISTALINA;Ingest�o de �lcool pelo condutor;Sa�da de leito carro��vel;Sem V�timas;Plena Noite;Crescente;C�u Claro;Dupla;Reta;N�o;1;0;0;0;1;0;0;1;-17,028;-47,177;SPRF-DF;DEL01-DF;UOP02-DEL01-DF;;;
712376;18/08/2025;segunda-feira;03:00:00;GO;60;47;ALEXANIA;Animais na Pista;Atropelamento de Animal;Sem V�timas;Plena Noite;Crescente;C�u Claro;Dupla;Reta;N�o;2;0;0;0;2;0;0;1;-16,14579943;-48,60245991;SPRF-GO;DEL02-GO;UOP01-DEL02-GO;;;
712377;17/08/2025;domingo;23:40:00;BA;101;405,8;IBIRAPITANGA;Aus�ncia de rea��o do condutor;Sa�da de leito carro��vel;Com V�timas Fatais;Plena Noite;Decrescente;C�u Claro;Simples;Reta;N�o;1;1;0;0;0;0;0;1;-14,030945;-39,421267;SPRF-BA;DEL05-BA;UOP03-DEL05-BA;;;
712378;25/07/2025;sexta-feira;16:15:00;PE;408;88;SAO LOURENCO DA MATA;Demais falhas mec�nicas ou el�tricas;Tombamento;Com V�timas Feridas;Pleno dia;Decrescente;Ignorado;Dupla;Reta;Sim;2;0;1;0;0;1;1;1;-8,02469;-35,039;SPRF-PE;DEL01-PE;UOP01-DEL01-PE;;;
712379;18/08/2025;segunda-feira;04:30:00;PR;277;683;SAO MIGUEL DO IGUACU;Transitar na contram�o;Colis�o frontal;Sem V�timas;Plena Noite;Crescente;C�u Claro;Dupla;Reta;N�o;9;0;0;0;7;2;0;4;-25,333523;-54,194203;SPRF-PR;DEL05-PR;UOP01-DEL05-PR;;;
712381;18/08/2025;segunda-feira;06:35:00;SC;282;569,9;NOVA ERECHIM;Desrespeitar a prefer�ncia no cruzamento;Colis�o transversal;Com V�timas Feridas;Amanhecer;Crescente;C�u Claro;Simples;Interse��o de Vias;Sim;2;0;1;0;1;0;1;2;-26,89640031;-52,91845366;SPRF-SC;DEL07-SC;UOP02-DEL07-SC;;;
712382;18/08/2025;segunda-feira;06:05:00;MG;40;528,4;CONTAGEM;Acessar a via sem observar a presen�a dos outros ve�culos;Colis�o lateral mesmo sentido;Com V�timas Feridas;Amanhecer;Decrescente;C�u Claro;Dupla;Curva;Sim;2;0;1;0;0;1;1;2;-19,91249918;-44,04078531;SPRF-MG;DEL01-MG;UOP02-DEL01-MG;;;
712384;18/08/2025;segunda-feira;08:00:00;DF;20;4,4;BRASILIA;Condutor deixou de manter dist�ncia do ve�culo da frente;Colis�o lateral mesmo sentido;Com V�timas Feridas;Pleno dia;Decrescente;C�u Claro;Dupla;"Aclive;Reta";Sim;2;0;1;0;1;0;1;2;-15,6831534;-47,84103513;SPRF-DF;DEL02-DF;UOP01-DEL02-DF;;;
712385;18/08/2025;segunda-feira;08:00:00;DF;70;9;BRASILIA;Manobra de mudan�a de faixa;Colis�o lateral mesmo sentido;Com V�timas Feridas;Pleno dia;Decrescente;Chuva;Dupla;Reta;Sim;3;0;2;0;1;0;2;2;-15,784044;-48,128798;SPRF-DF;DEL03-DF;UOP02-DEL03-DF;;;
712386;18/08/2025;segunda-feira;07:00:00;SC;101;40,8;JOINVILLE;Manobra de mudan�a de faixa;Colis�o lateral mesmo sentido;Com V�timas Feridas;Pleno dia;Crescente;Nublado;Dupla;Reta;Sim;2;0;1;0;1;0;1;2;-26,307448;-48,879669;SPRF-SC;DEL03-SC;UOP01-DEL03-SC;;;
712387;18/08/2025;segunda-feira;06:30:00;PB;101;82,8;BAYEUX;Rea��o tardia ou ineficiente do condutor;Colis�o traseira;Com V�timas Feridas;Pleno dia;Crescente;C�u Claro;Dupla;Reta;Sim;3;0;1;1;1;0;2;2;-7,132697;-34,930891;SPRF-PB;DEL01-PB;UOP01-DEL01-PB;;;
712388;18/08/2025;segunda-feira;02:50:00;PR;277;1,3;CURITIBA;Aus�ncia de rea��o do condutor;Sa�da de leito carro��vel;Com V�timas Feridas;Plena Noite;Decrescente;C�u Claro;Dupla;Reta;N�o;1;0;1;0;0;0;1;1;-25,429976;-49,350822;SPRF-PR;DEL01-PR;UOP06-DEL01-PR;;;
712390;17/08/2025;domingo;23:35:00;RJ;40;104;DUQUE DE CAXIAS;Rea��o tardia ou ineficiente do condutor;Capotamento;Com V�timas Feridas;Plena Noite;Crescente;Nublado;Dupla;Reta;Sim;5;0;2;0;3;0;2;1;-22,629097;-43,285792;SPRF-RJ;DEL01-RJ;UOP02-DEL01-RJ;;;
712391;18/08/2025;segunda-feira;06:50:00;SE;101;105,1;SAO CRISTOVAO;Afundamento ou ondula��o no pavimento;Tombamento;Com V�timas Feridas;Pleno dia;Decrescente;Chuva;Dupla;"Em Obras;Reta";N�o;2;0;1;0;1;0;1;1;-10,95819047;-37,23635472;SPRF-SE;DEL02-SE;UOP01-DEL02-SE;;;
712392;18/08/2025;segunda-feira;07:50:00;MG;381;483;BETIM;Rea��o tardia ou ineficiente do condutor;Colis�o traseira;Com V�timas Feridas;Pleno dia;Decrescente;Sol;Dupla;"Aclive;Reta";Sim;2;0;0;1;1;0;1;2;-19,95991697;-44,08358574;SPRF-MG;DEL01-MG;UOP03-DEL01-MG;;;
712393;18/08/2025;segunda-feira;08:20:00;PR;277;22,9;MORRETES;Desrespeitar a prefer�ncia no cruzamento;Colis�o transversal;Com V�timas Feridas;Pleno dia;Crescente;C�u Claro;Dupla;"Aclive;Retorno Regulamentado;Reta";N�o;4;0;2;1;1;0;3;2;-25,52886368;-48,73369781;SPRF-PR;DEL01-PR;UOP05-DEL01-PR;;;
712394;18/08/2025;segunda-feira;08:30:00;SE;101;152;ESTANCIA;Rea��o tardia ou ineficiente do condutor;Colis�o transversal;Com V�timas Feridas;Pleno dia;Crescente;Chuva;Simples;Reta;Sim;3;0;0;1;2;0;1;2;-11,27401645;-37,44795956;SPRF-SE;DEL02-SE;UOP01-DEL02-SE;;;
712395;18/08/2025;segunda-feira;06:30:00;PR;376;603,5;CURITIBA;Condutor deixou de manter dist�ncia do ve�culo da frente;Engavetamento;Sem V�timas;Amanhecer;Decrescente;C�u Claro;Dupla;"Curva;Declive";Sim;3;0;0;0;3;0;0;3;-25,5303493;-49,32530578;SPRF-PR;DEL01-PR;UOP03-DEL01-PR;;;
712396;18/08/2025;segunda-feira;07:45:00;RS;392;124,9;CANGUCU;Aus�ncia de rea��o do condutor;Colis�o transversal;Com V�timas Feridas;Pleno dia;Decrescente;C�u Claro;Simples;Reta;N�o;4;0;0;1;3;0;1;2;-31,36554352;-52,72517905;SPRF-RS;DEL07-RS;UOP01-DEL07-RS;;;
712397;17/08/2025;domingo;18:00:00;PA;316;81,5;SAO FRANCISCO DO PARA;Ingest�o de �lcool pelo condutor;Sa�da de leito carro��vel;Sem V�timas;Anoitecer;Decrescente;C�u Claro;Simples;Reta;N�o;1;0;0;0;1;0;0;1;-1,306327;-47,766517;SPRF-PA;DEL01-PA;UOP02-DEL01-PA;;;
712400;18/08/2025;segunda-feira;08:50:00;PE;104;61;CARUARU;Acesso irregular;Colis�o lateral mesmo sentido;Com V�timas Feridas;Pleno dia;Decrescente;C�u Claro;Dupla;Reta;N�o;3;0;2;0;1;0;2;2;-8,245358;-35,974922;SPRF-PE;DEL02-PE;UOP01-DEL02-PE;;;
712403;17/08/2025;domingo;21:40:00;MG;40;274;TRES MARIAS;Velocidade Incompat�vel;Colis�o traseira;Com V�timas Feridas;Plena Noite;Crescente;C�u Claro;Simples;Reta;N�o;6;0;4;0;2;0;4;2;-18,19284001;-45,24432275;SPRF-MG;DEL14-MG;UOP02-DEL14-MG;;;
712405;18/08/2025;segunda-feira;07:00:00;MG;381;443;SABARA;Aus�ncia de rea��o do condutor;Colis�o transversal;Com V�timas Feridas;Pleno dia;Decrescente;C�u Claro;Simples;Reta;N�o;3;0;1;1;1;0;2;2;-19,8276261;-43,8380388;SPRF-MG;DEL01-MG;UOP01-DEL01-MG;;;
712407;18/08/2025;segunda-feira;08:43:00;SC;101;130;BALNEARIO CAMBORIU;Trafegar com motocicleta (ou similar) entre as faixas;Colis�o lateral mesmo sentido;Sem V�timas;Pleno dia;Decrescente;C�u Claro;M�ltipla;Reta;N�o;2;0;0;0;0;2;0;2;-26,9932909;-48,6618897;SPRF-SC;DEL04-SC;UOP03-DEL04-SC;;;
712408;18/08/2025;segunda-feira;08:00:00;DF;70;8;BRASILIA;Pedestre cruzava a pista fora da faixa;Atropelamento de Pedestre;Com V�timas Feridas;Pleno dia;Decrescente;C�u Claro;Dupla;Reta;Sim;2;0;1;0;1;0;1;2;-15,7952694;-48,1991065;SPRF-DF;DEL03-DF;UOP02-DEL03-DF;;;
712409;18/08/2025;segunda-feira;07:30:00;PR;116;111;CURITIBA;Ingest�o de �lcool pelo condutor;Colis�o lateral mesmo sentido;Com V�timas Feridas;Pleno dia;Crescente;C�u Claro;Dupla;"Reta;Declive";Sim;2;0;0;1;1;0;1;2;-25,55973598;-49,26529739;SPRF-PR;DEL01-PR;UOP03-DEL01-PR;;;
712410;18/08/2025;segunda-feira;07:40:00;SC;101;205;SAO JOSE;Rea��o tardia ou ineficiente do condutor;Colis�o traseira;Com V�timas Feridas;Pleno dia;Crescente;C�u Claro;M�ltipla;Reta;Sim;2;0;1;0;1;0;1;2;-27,582144;-48,61481;SPRF-SC;DEL01-SC;UOP01-DEL01-SC;;;
712411;18/08/2025;segunda-feira;09:30:00;SC;101;130;CAMBORIU;Trafegar com motocicleta (ou similar) entre as faixas;Colis�o lateral mesmo sentido;Com V�timas Feridas;Pleno dia;Crescente;C�u Claro;Dupla;Reta;N�o;2;0;1;0;1;0;1;2;-26,98606272;-48,6667606;SPRF-SC;DEL04-SC;UOP03-DEL04-SC;;;
712413;18/08/2025;segunda-feira;06:20:00;PI;316;313,4;PICOS;Pedestre andava na pista;Atropelamento de Pedestre;Com V�timas Fatais;Pleno dia;Crescente;C�u Claro;Dupla;Curva;Sim;3;1;0;0;1;1;0;2;-7,07748498;-41,44347294;SPRF-PI;DEL04-PI;UOP01-DEL04-PI;;;
712415;26/07/2025;s�bado;08:30:00;PI;343;29,3;PARNAIBA;Convers�o proibida;Colis�o traseira;Com V�timas Feridas;Pleno dia;Crescente;C�u Claro;Simples;Reta;N�o;5;0;2;0;3;0;2;2;-3,0644108;-41,7782783;SPRF-PI;DEL05-PI;UOP01-DEL05-PI;;;
712416;18/08/2025;segunda-feira;06:50:00;SP;116;57,8;GUARATINGUETA;Rea��o tardia ou ineficiente do condutor;Colis�o lateral mesmo sentido;Com V�timas Feridas;Pleno dia;Crescente;Nublado;Dupla;Reta;Sim;2;0;1;0;1;0;1;2;-22,77846659;-45,14445305;SPRF-SP;DEL08-SP;UOP01-DEL08-SP;;;
712417;18/08/2025;segunda-feira;07:29:00;PR;116;17,8;CURITIBA;Acessar a via sem observar a presen�a dos outros ve�culos;Atropelamento de Pedestre;Com V�timas Feridas;Pleno dia;Crescente;Garoa/Chuvisco;Dupla;"Aclive;Reta";Sim;2;0;2;0;0;0;2;2;-25,38892531;-49,1975805;SPRF-PR;DEL01-PR;UOP02-DEL01-PR;;;
712419;18/08/2025;segunda-feira;09:45:00;RN;101;94,8;NATAL;Condutor deixou de manter dist�ncia do ve�culo da frente;Colis�o traseira;Com V�timas Feridas;Pleno dia;Decrescente;C�u Claro;M�ltipla;"Interse��o de Vias;Reta";Sim;3;0;2;0;1;0;2;2;-5,8397283;-35,2107941;SPRF-RN;DEL01-RN;UOP01-DEL01-RN;;;
712420;18/08/2025;segunda-feira;10:00:00;ES;101;269,6;SERRA;Condutor desrespeitou a ilumina��o vermelha do sem�foro;Colis�o transversal;Com V�timas Feridas;Pleno dia;Crescente;C�u Claro;M�ltipla;"Interse��o de Vias;Reta";Sim;3;0;2;0;1;0;2;2;-20,22188;-40,27042;SPRF-ES;DEL02-ES;UOP01-DEL02-ES;;;
712421;02/08/2025;s�bado;10:20:00;SP;116;118;TAUBATE;Trafegar com motocicleta (ou similar) entre as faixas;Colis�o traseira;Com V�timas Feridas;Pleno dia;Decrescente;Sol;Dupla;Reta;Sim;2;0;0;1;1;0;1;2;-23,0603247;-45,61751693;SPRF-SP;DEL02-SP;UOP02-DEL02-SP;;;
712424;11/06/2025;quarta-feira;06:40:00;PE;232;8;RECIFE;Aus�ncia de rea��o do condutor;Colis�o traseira;Com V�timas Feridas;Pleno dia;Decrescente;Sol;Dupla;Reta;Sim;3;0;0;1;2;0;1;2;-8,07588;-34,96982;SPRF-PE;DEL01-PE;UOP01-DEL01-PE;;;
712425;18/08/2025;segunda-feira;09:05:00;AL;316;148,9;PALMEIRA DOS INDIOS;Acessar a via sem observar a presen�a dos outros ve�culos;Colis�o transversal;Com V�timas Feridas;Pleno dia;Decrescente;C�u Claro;Simples;Reta;N�o;3;0;0;2;1;0;2;2;-9,411682;-36,681118;SPRF-AL;DEL03-AL;UOP01-DEL03-AL;;;
712426;18/08/2025;segunda-feira;10:00:00;MG;381;437;SANTA LUZIA;Demais falhas mec�nicas ou el�tricas;Engavetamento;Com V�timas Feridas;Pleno dia;Crescente;C�u Claro;Simples;Reta;Sim;5;0;0;1;4;0;1;5;-19,80930578;-43,78764153;SPRF-MG;DEL01-MG;UOP01-DEL01-MG;;;
712427;18/08/2025;segunda-feira;09:06:00;PR;116;5,7;CAMPINA GRANDE DO SUL;Chuva;Colis�o com objeto;Com V�timas Feridas;Pleno dia;Crescente;Garoa/Chuvisco;Dupla;"Curva;Declive";N�o;2;0;1;0;1;0;1;1;-25,087805;-48,604803;SPRF-PR;DEL01-PR;UOP02-DEL01-PR;;;
712428;18/08/2025;segunda-feira;06:55:00;PR;116;126;FAZENDA RIO GRANDE;Entrada inopinada do pedestre;Atropelamento de Pedestre;Com V�timas Feridas;Amanhecer;Decrescente;Nublado;Dupla;Reta;Sim;2;0;1;0;0;1;1;2;-25,63690875;-49,31320667;SPRF-PR;DEL01-PR;UOP03-DEL01-PR;;;
712430;18/08/2025;segunda-feira;07:00:00;MT;163;1057;GUARANTA DO NORTE;Rea��o tardia ou ineficiente do condutor;Sa�da de leito carro��vel;Sem V�timas;Pleno dia;Decrescente;C�u Claro;Simples;"Reta;Declive";N�o;1;0;0;0;0;1;0;1;-10,022973;-54,909053;SPRF-MT;DEL06-MT;UOP03-DEL06-MT;;;
712431;18/08/2025;segunda-feira;10:50:00;SC;101;149;ITAPEMA;Acessar a via sem observar a presen�a dos outros ve�culos;Colis�o lateral mesmo sentido;Com V�timas Feridas;Pleno dia;Crescente;C�u Claro;Dupla;Reta;Sim;2;0;1;0;1;0;1;2;-27,11093704;-48,61141205;SPRF-SC;DEL04-SC;UOP03-DEL04-SC;;;
712435;18/08/2025;segunda-feira;10:10:00;SC;163;88,1;GUARACIABA;Convers�o proibida;Colis�o transversal;Com V�timas Feridas;Pleno dia;Decrescente;C�u Claro;Simples;"Interse��o de Vias;Aclive";N�o;5;0;4;0;1;0;4;2;-26,58049;-53,516095;SPRF-SC;DEL07-SC;UOP03-DEL07-SC;;;
712436;04/08/2025;segunda-feira;08:05:00;PR;369;179;ROLANDIA;Aus�ncia de rea��o do condutor;Colis�o com objeto;Com V�timas Feridas;Pleno dia;Crescente;C�u Claro;Dupla;Curva;N�o;1;0;1;0;0;0;1;1;-23,34896801;-51,38558563;SPRF-PR;DEL07-PR;UOP03-DEL07-PR;;;
712437;18/08/2025;segunda-feira;11:45:00;RS;392;5;CAPAO DO LEAO;Rea��o tardia ou ineficiente do condutor;Colis�o transversal;Com V�timas Feridas;Pleno dia;Crescente;C�u Claro;Simples;Reta;N�o;2;0;0;1;1;0;1;2;-31,78778498;-52,41197079;SPRF-RS;DEL07-RS;UOP01-DEL07-RS;;;
712438;18/08/2025;segunda-feira;10:00:00;SC;153;65;IRANI;Acessar a via sem observar a presen�a dos outros ve�culos;Colis�o transversal;Com V�timas Feridas;Pleno dia;Decrescente;C�u Claro;Simples;Reta;N�o;4;0;3;0;1;0;3;2;-27,0213073;-51,88513247;SPRF-SC;DEL07-SC;UOP04-DEL07-SC;;;
712441;18/08/2025;segunda-feira;12:00:00;SC;101;120;ITAJAI;Manobra de mudan�a de faixa;Colis�o lateral mesmo sentido;Com V�timas Feridas;Pleno dia;Decrescente;C�u Claro;M�ltipla;Reta;Sim;2;0;1;0;1;0;1;2;-26,92293938;-48,70765423;SPRF-SC;DEL04-SC;UOP04-DEL04-SC;;;
712443;18/08/2025;segunda-feira;12:20:00;SP;116;488;CAJATI;Acesso irregular;Colis�o lateral mesmo sentido;Com V�timas Feridas;Pleno dia;Crescente;C�u Claro;Simples;Reta;N�o;2;0;1;0;1;0;1;2;-24,73754777;-48,11906308;SPRF-SP;DEL05-SP;UOP01-DEL05-SP;;;
712444;18/08/2025;segunda-feira;10:10:00;RJ;465;2;SEROPEDICA;Convers�o proibida;Colis�o transversal;Com V�timas Feridas;Pleno dia;Crescente;Nublado;Simples;Reta;N�o;2;0;0;1;1;0;1;2;-22,728916;-43,717551;SPRF-RJ;DEL06-RJ;UOP02-DEL06-RJ;;;
712445;18/08/2025;segunda-feira;08:40:00;RJ;116;113;GUAPIMIRIM;Ultrapassagem Indevida;Colis�o lateral mesmo sentido;Com V�timas Feridas;Pleno dia;Decrescente;Nublado;Dupla;Reta;N�o;2;0;1;0;0;1;1;2;-22,57161539;-43,00658226;SPRF-RJ;DEL04-RJ;UOP02-DEL04-RJ;;;
712446;18/08/2025;segunda-feira;12:00:00;AL;316;148,9;PALMEIRA DOS INDIOS;Acesso irregular;Tombamento;Com V�timas Feridas;Pleno dia;Decrescente;C�u Claro;Simples;"Interse��o de Vias;Reta";N�o;3;0;2;0;1;0;2;2;-9,41184508;-36,68110594;SPRF-AL;DEL03-AL;UOP01-DEL03-AL;;;
712447;18/08/2025;segunda-feira;09:20:00;RJ;101;220;SILVA JARDIM;Rea��o tardia ou ineficiente do condutor;Sa�da de leito carro��vel;Com V�timas Feridas;Pleno dia;Decrescente;C�u Claro;Dupla;Reta;N�o;1;0;1;0;0;0;1;1;-22,516398;-42,324754;SPRF-RJ;DEL02-RJ;UOP03-DEL02-RJ;;;
712448;18/08/2025;segunda-feira;13:17:00;PB;230;26,1;JOAO PESSOA;Manobra de mudan�a de faixa;Colis�o traseira;Com V�timas Feridas;Pleno dia;Decrescente;Sol;Dupla;Aclive;Sim;3;0;1;0;2;0;1;2;-7,16932467;-34,88003522;SPRF-PB;DEL01-PB;UOP01-DEL01-PB;;;
712449;18/08/2025;segunda-feira;12:15:00;SP;116;537;BARRA DO TURVO;Rea��o tardia ou ineficiente do condutor;Sa�da de leito carro��vel;Com V�timas Feridas;Pleno dia;Decrescente;C�u Claro;Dupla;Reta;N�o;1;0;1;0;0;0;1;1;-24,9704677;-48,3673352;SPRF-SP;DEL05-SP;UOP02-DEL05-SP;;;
712450;18/08/2025;segunda-feira;13:20:00;DF;20;40,7;BRASILIA;Velocidade Incompat�vel;Colis�o com objeto;Com V�timas Feridas;Pleno dia;Crescente;C�u Claro;Dupla;"Curva;Declive";N�o;4;0;2;0;2;0;2;1;-15,581543;-47,505767;SPRF-DF;DEL02-DF;UOP01-DEL02-DF;;;
712452;18/08/2025;segunda-feira;12:55:00;SC;470;54;BLUMENAU;Desrespeitar a prefer�ncia no cruzamento;Colis�o transversal;Com V�timas Feridas;Pleno dia;Crescente;C�u Claro;M�ltipla;Interse��o de Vias;Sim;2;0;2;0;0;0;2;2;-26,87324366;-49,11420822;SPRF-SC;DEL04-SC;UOP01-DEL04-SC;;;
712453;18/08/2025;segunda-feira;11:00:00;PR;116;16,8;CAMPINA GRANDE DO SUL;Aus�ncia de rea��o do condutor;Sa�da de leito carro��vel;Com V�timas Feridas;Pleno dia;Decrescente;Garoa/Chuvisco;Dupla;Curva;N�o;5;0;1;0;4;0;1;1;-25,1030812;-48,7007021;SPRF-PR;DEL01-PR;UOP02-DEL01-PR;;;
712455;14/07/2025;segunda-feira;08:30:00;AL;104;60;MURICI;Acessar a via sem observar a presen�a dos outros ve�culos;Colis�o transversal;Com V�timas Feridas;Pleno dia;Crescente;Chuva;Simples;Reta;Sim;2;0;0;1;1;0;1;2;-9,30857678;-35,93748486;SPRF-AL;DEL01-AL;UOP02-DEL01-AL;;;
712456;18/08/2025;segunda-feira;09:15:00;SP;116;565;BARRA DO TURVO;Chuva;Colis�o com objeto;Sem V�timas;Pleno dia;Crescente;Garoa/Chuvisco;Simples;Curva;N�o;1;0;0;0;1;0;0;1;-25,0358856;-48,5451559;SPRF-SP;DEL05-SP;UOP02-DEL05-SP;;;
712457;14/08/2025;quinta-feira;08:27:00;BA;116;354;SERRINHA;Condutor deixou de manter dist�ncia do ve�culo da frente;Colis�o traseira;Com V�timas Feridas;Pleno dia;Decrescente;C�u Claro;Simples;Reta;Sim;2;0;1;0;1;0;1;2;-11,64471933;-38,98749411;SPRF-BA;DEL02-BA;UOP01-DEL02-BA;;;
712459;18/08/2025;segunda-feira;13:38:00;SC;470;141,8;RIO DO SUL;Acessar a via sem observar a presen�a dos outros ve�culos;Colis�o transversal;Com V�timas Feridas;Pleno dia;Crescente;C�u Claro;Simples;Reta;Sim;2;0;1;0;1;0;1;2;-27,212197;-49,651491;SPRF-SC;DEL04-SC;UOP02-DEL04-SC;;;
712460;14/08/2025;quinta-feira;17:58:00;BA;116;347;SERRINHA;Demais falhas mec�nicas ou el�tricas;Sa�da de leito carro��vel;Com V�timas Feridas;Plena Noite;Decrescente;C�u Claro;Simples;Reta;Sim;2;0;2;0;0;0;2;1;-11,65660759;-38,99597168;SPRF-BA;DEL02-BA;UOP01-DEL02-BA;;;
712463;18/08/2025;segunda-feira;14:30:00;MG;262;358,7;JUATUBA;Demais falhas mec�nicas ou el�tricas;Colis�o com objeto;Com V�timas Feridas;Pleno dia;Decrescente;C�u Claro;Dupla;"Declive;Reta";Sim;1;0;0;1;0;0;1;1;-19,972642;-44,299548;SPRF-MG;DEL01-MG;UOP03-DEL01-MG;;;
712464;18/08/2025;segunda-feira;14:00:00;DF;70;9;BRASILIA;Acumulo de �leo sobre o pavimento;Queda de ocupante de ve�culo;Com V�timas Feridas;Pleno dia;Decrescente;C�u Claro;Dupla;Reta;Sim;1;0;1;0;0;0;1;1;-15,785553;-48,135261;SPRF-DF;DEL03-DF;UOP02-DEL03-DF;;;
712465;18/08/2025;segunda-feira;13:25:00;GO;414;322;COCALZINHO DE GOIAS;Rea��o tardia ou ineficiente do condutor;Tombamento;Com V�timas Feridas;Pleno dia;Decrescente;C�u Claro;Simples;Reta;N�o;1;0;0;1;0;0;1;1;-15,396259;-48,635125;SPRF-GO;DEL02-GO;UOP01-DEL02-GO;;;
712467;18/08/2025;segunda-feira;14:20:00;SC;101;231;PALHOCA;Mal s�bito do condutor;Colis�o com objeto;Com V�timas Feridas;Pleno dia;Decrescente;Nublado;Dupla;"Declive;Reta";N�o;1;0;0;1;0;0;1;1;-27,79578208;-48,63797514;SPRF-SC;DEL01-SC;UOP02-DEL01-SC;;;