id;data_inversa;dia_semana;horario;uf;br;km;municipio;causa_acidente;tipo_acidente;classificacao_acidente;fase_dia;sentido_via;condicao_metereologica;tipo_pista;tracado_via;uso_solo;pessoas;mortos;feridos_leves;feridos_graves;ilesos;ignorados;feridos;veiculos;latitude;longitude;regional;delegacia;uop;;;
712468;23/06/2025;segunda-feira;15:40:00;MG;381;334;BELA VISTA DE MINAS;Acessar a via sem observar a presen�a dos outros ve�culos;Colis�o transversal;Com V�timas Feridas;Pleno dia;Crescente;C�u Claro;Simples;Reta;N�o;2;0;1;0;1;0;1;2;-19,82396487;-43,08034255;SPRF-MG;DEL03-MG;UOP01-DEL03-MG;;;
712470;18/08/2025;segunda-feira;13:30:00;RS;101;31,7;TRES CACHOEIRAS;Aus�ncia de rea��o do condutor;Colis�o traseira;Com V�timas Feridas;Pleno dia;Crescente;Nublado;Dupla;Reta;Sim;8;0;1;0;7;0;1;2;-29,4945063;-49,9771889;SPRF-RS;DEL03-RS;UOP02-DEL03-RS;;;
712473;18/08/2025;segunda-feira;15:30:00;SP;116;444;REGISTRO;Acessar a via sem observar a presen�a dos outros ve�culos;Atropelamento de Pedestre;Com V�timas Feridas;Pleno dia;Decrescente;C�u Claro;Dupla;"Declive;Reta";Sim;3;0;0;1;2;0;1;2;-24,491009;-47,8357721;SPRF-SP;DEL05-SP;UOP01-DEL05-SP;;;
712474;18/08/2025;segunda-feira;13:45:00;PR;373;236;IMBITUVA;Rea��o tardia ou ineficiente do condutor;Sa�da de leito carro��vel;Com V�timas Feridas;Pleno dia;Decrescente;C�u Claro;Simples;"Aclive;Reta";N�o;1;0;1;0;0;0;1;1;-25,1804467;-50,7284216;SPRF-PR;DEL03-PR;UOP01-DEL03-PR;;;
712479;18/08/2025;segunda-feira;16:00:00;MG;262;101;ABRE CAMPO;Aus�ncia de rea��o do condutor;Sa�da de leito carro��vel;Com V�timas Feridas;Pleno dia;Decrescente;C�u Claro;Simples;Reta;N�o;1;0;1;0;0;0;1;1;-20,29065808;-42,52159595;SPRF-MG;DEL03-MG;UOP03-DEL03-MG;;;
712481;18/08/2025;segunda-feira;16:25:00;SC;280;81,9;CORUPA;Acessar a via sem observar a presen�a dos outros ve�culos;Colis�o traseira;Com V�timas Feridas;Pleno dia;Crescente;C�u Claro;Simples;Reta;Sim;2;0;1;0;1;0;1;2;-26,43697;-49,24022;SPRF-SC;DEL06-SC;UOP03-DEL06-SC;;;
712483;18/08/2025;segunda-feira;12:41:00;SC;280;108,3;SAO BENTO DO SUL;Transitar na contram�o;Colis�o frontal;Com V�timas Fatais;Pleno dia;Crescente;C�u Claro;Simples;"Curva;Aclive";N�o;2;2;0;0;0;0;0;2;-26,3302565;-49,3790404;SPRF-SC;DEL06-SC;UOP03-DEL06-SC;;;
712484;18/08/2025;segunda-feira;15:30:00;PR;116;115;CURITIBA;Demais falhas mec�nicas ou el�tricas;Tombamento;Com V�timas Feridas;Pleno dia;Decrescente;C�u Claro;M�ltipla;Reta;Sim;2;0;1;0;1;0;1;1;-25,550205;-49,304653;SPRF-PR;DEL01-PR;UOP03-DEL01-PR;;;
712485;18/08/2025;segunda-feira;16:50:00;MG;50;156,6;UBERABA;Aus�ncia de rea��o do condutor;Sa�da de leito carro��vel;Com V�timas Feridas;Pleno dia;Crescente;C�u Claro;Dupla;Reta;N�o;1;0;1;0;0;0;1;1;-19,603985;-48,024003;SPRF-MG;DEL13-MG;UOP01-DEL13-MG;;;
712486;18/08/2025;segunda-feira;11:20:00;MT;364;204;RONDONOPOLIS;Rea��o tardia ou ineficiente do condutor;Colis�o transversal;Com V�timas Feridas;Pleno dia;Decrescente;C�u Claro;Dupla;"Reta;Interse��o de Vias";Sim;2;0;0;1;0;1;1;2;-16,45673145;-54,66209006;SPRF-MT;DEL02-MT;UOP01-DEL02-MT;;;
712487;18/08/2025;segunda-feira;16:30:00;ES;101;279,5;SERRA;Desrespeitar a prefer�ncia no cruzamento;Colis�o transversal;Com V�timas Feridas;Pleno dia;Decrescente;Nublado;M�ltipla;"Retorno Regulamentado;Reta";N�o;4;0;4;0;0;0;4;2;-20,218255;-40,3456;SPRF-ES;DEL02-ES;UOP01-DEL02-ES;;;
712489;18/08/2025;segunda-feira;16:45:00;MG;381;934,4;EXTREMA;Demais falhas mec�nicas ou el�tricas;Tombamento;Com V�timas Feridas;Pleno dia;Crescente;C�u Claro;M�ltipla;"Aclive;Reta";Sim;2;0;2;0;0;0;2;1;-22,79945597;-46,26483321;SPRF-MG;DEL16-MG;UOP03-DEL16-MG;;;
712491;18/08/2025;segunda-feira;17:20:00;SC;282;2;FLORIANOPOLIS;Aus�ncia de rea��o do condutor;Colis�o traseira;Com V�timas Feridas;Plena Noite;Crescente;C�u Claro;M�ltipla;Reta;Sim;4;0;1;0;2;1;1;4;-27,603;-48,589;SPRF-SC;DEL01-SC;UOP01-DEL01-SC;;;
712494;10/08/2025;domingo;06:20:00;PR;277;76;SAO JOSE DOS PINHAIS;Rea��o tardia ou ineficiente do condutor;Colis�o traseira;Com V�timas Feridas;Amanhecer;Crescente;C�u Claro;M�ltipla;Reta;Sim;3;0;2;0;1;0;2;2;-25,49074;-49,174458;SPRF-PR;DEL01-PR;UOP07-DEL01-PR;;;
712495;14/08/2025;quinta-feira;12:40:00;SP;381;40;ATIBAIA;Aus�ncia de rea��o do condutor;Colis�o com objeto;Com V�timas Feridas;Pleno dia;Crescente;C�u Claro;Dupla;Reta;Sim;2;0;1;0;1;0;1;2;-23,13096756;-46,57666683;SPRF-SP;DEL03-SP;UOP01-DEL03-SP;;;
712497;29/07/2025;ter�a-feira;21:40:00;PR;373;173;PONTA GROSSA;Pedestre cruzava a pista fora da faixa;Atropelamento de Pedestre;Com V�timas Feridas;Plena Noite;Crescente;Ignorado;Dupla;Reta;Sim;2;0;0;1;1;0;1;2;-25,070862;-50,210349;SPRF-PR;DEL03-PR;UOP01-DEL03-PR;;;
712500;18/08/2025;segunda-feira;17:45:00;RS;290;83;CACHOEIRINHA;Acessar a via sem observar a presen�a dos outros ve�culos;Colis�o lateral mesmo sentido;Com V�timas Feridas;Anoitecer;Decrescente;C�u Claro;Simples;Reta;N�o;2;0;2;0;0;0;2;2;-29,96316531;-51,09603297;SPRF-RS;DEL01-RS;UOP01-DEL01-RS;;;
712501;18/08/2025;segunda-feira;18:10:00;GO;40;12;LUZIANIA;Acessar a via sem observar a presen�a dos outros ve�culos;Colis�o lateral mesmo sentido;Com V�timas Feridas;Plena Noite;Decrescente;C�u Claro;Dupla;"Retorno Regulamentado;Reta";Sim;3;0;0;2;1;0;2;2;-16,15037342;-47,94012934;SPRF-DF;DEL01-DF;UOP01-DEL01-DF;;;
712502;29/06/2025;domingo;08:30:00;SP;381;59;MAIRIPORA;Manobra de mudan�a de faixa;Colis�o lateral mesmo sentido;Com V�timas Feridas;Pleno dia;Decrescente;C�u Claro;Dupla;"Aclive;Curva";N�o;2;0;1;0;1;0;1;2;-23,28048922;-46,58644867;SPRF-SP;DEL03-SP;UOP01-DEL03-SP;;;
712504;18/08/2025;segunda-feira;17:00:00;GO;153;508;APARECIDA DE GOIANIA;Rea��o tardia ou ineficiente do condutor;Colis�o traseira;Com V�timas Feridas;Anoitecer;Decrescente;C�u Claro;Dupla;Reta;N�o;2;0;1;0;1;0;1;2;-16,7738277;-49,2375285;SPRF-GO;DEL01-GO;UOP03-DEL01-GO;;;
712505;18/08/2025;segunda-feira;18:00:00;MG;381;478;CONTAGEM;Rea��o tardia ou ineficiente do condutor;Tombamento;Com V�timas Feridas;Plena Noite;Crescente;C�u Claro;M�ltipla;"Aclive;Reta";Sim;3;0;1;0;2;0;1;2;-19,9605222;-44,0360444;SPRF-MG;DEL01-MG;UOP03-DEL01-MG;;;
712507;18/08/2025;segunda-feira;17:00:00;RN;110;45,8;MOSSORO;Acessar a via sem observar a presen�a dos outros ve�culos;Colis�o transversal;Com V�timas Feridas;Anoitecer;Decrescente;C�u Claro;Simples;Reta;Sim;3;0;2;0;0;1;2;2;-5,196667;-37,316705;SPRF-RN;DEL04-RN;UOP01-DEL04-RN;;;
712508;18/08/2025;segunda-feira;14:15:00;RJ;40;27,8;TRES RIOS;Rea��o tardia ou ineficiente do condutor;Sa�da de leito carro��vel;Com V�timas Feridas;Pleno dia;Decrescente;C�u Claro;Dupla;Reta;N�o;1;0;1;0;0;0;1;1;-22,16961;-43,15943;SPRF-RJ;DEL05-RJ;UOP02-DEL05-RJ;;;
712510;18/08/2025;segunda-feira;18:35:00;RN;101;84;SAO GONCALO DO AMARANTE;Aus�ncia de rea��o do condutor;Colis�o traseira;Com V�timas Feridas;Plena Noite;Crescente;C�u Claro;Dupla;Reta;Sim;2;0;1;0;1;0;1;2;-5,77450602;-35,25729267;SPRF-RN;DEL02-RN;UOP01-DEL02-RN;;;
712511;18/08/2025;segunda-feira;18:00:00;BA;101;41;ESPLANADA;Rea��o tardia ou ineficiente do condutor;Atropelamento de Pedestre;Com V�timas Fatais;Plena Noite;Crescente;C�u Claro;Dupla;"Em Obras;Curva";N�o;2;1;0;1;0;0;1;2;-11,818827;-37,973887;SPRF-SE;DEL02-SE;UOP03-DEL02-SE;;;
712512;18/08/2025;segunda-feira;14:35:00;MG;262;40;MANHUACU;Acessar a via sem observar a presen�a dos outros ve�culos;Colis�o transversal;Com V�timas Feridas;Pleno dia;Crescente;C�u Claro;Simples;"Reta;Aclive;Rotat�ria";N�o;3;0;1;0;2;0;1;2;-20,271374;-42,065625;SPRF-MG;DEL06-MG;UOP03-DEL06-MG;;;
712513;18/08/2025;segunda-feira;18:15:00;PE;407;128;PETROLINA;Condutor deixou de manter dist�ncia do ve�culo da frente;Colis�o lateral mesmo sentido;Com V�timas Feridas;Plena Noite;Decrescente;C�u Claro;Simples;Declive;Sim;2;0;1;0;1;0;1;2;-9,39974772;-40,50430153;SPRF-PE;DEL06-PE;UOP01-DEL06-PE;;;
712514;18/08/2025;segunda-feira;18:30:00;SC;101;317;PESCARIA BRAVA;Rea��o tardia ou ineficiente do condutor;Tombamento;Com V�timas Feridas;Plena Noite;Decrescente;C�u Claro;M�ltipla;Reta;Sim;1;0;1;0;0;0;1;1;-28,430229;-48,875572;SPRF-SC;DEL02-SC;UOP01-DEL02-SC;;;
712515;18/08/2025;segunda-feira;18:30:00;DF;70;11;BRASILIA;Transitar no Acostamento;Atropelamento de Pedestre;Sem V�timas;Anoitecer;Crescente;C�u Claro;Dupla;Reta;Sim;7;0;0;0;1;6;0;2;-15,7911306;-48,15491365;SPRF-DF;DEL03-DF;UOP02-DEL03-DF;;;
712517;18/08/2025;segunda-feira;16:00:00;RO;364;24;VILHENA;Rea��o tardia ou ineficiente do condutor;Colis�o traseira;Com V�timas Feridas;Pleno dia;Decrescente;C�u Claro;Simples;Reta;N�o;2;0;1;0;1;0;1;2;-12,72465055;-60,25724888;SPRF-RO;DEL04-RO;UOP01-DEL04-RO;;;
712518;18/08/2025;segunda-feira;19:10:00;MG;40;511;RIBEIRAO DAS NEVES;Manobra de mudan�a de faixa;Tombamento;Com V�timas Feridas;Plena Noite;Crescente;C�u Claro;Dupla;"Aclive;Reta";N�o;2;0;0;1;0;1;1;2;-19,7899717;-44,11283;SPRF-MG;DEL01-MG;UOP02-DEL01-MG;;;
712519;18/08/2025;segunda-feira;18:50:00;SP;116;87,2;PINDAMONHANGABA;Aus�ncia de rea��o do condutor;Queda de ocupante de ve�culo;Com V�timas Feridas;Plena Noite;Decrescente;C�u Claro;M�ltipla;Reta;N�o;1;0;0;1;0;0;1;1;-22,931137;-45,362243;SPRF-SP;DEL08-SP;UOP01-DEL08-SP;;;
712520;18/08/2025;segunda-feira;19:10:00;SP;116;278,9;EMBU DAS ARTES;Manobra de mudan�a de faixa;Colis�o lateral mesmo sentido;Com V�timas Feridas;Plena Noite;Crescente;Nublado;Dupla;Declive;Sim;2;0;1;0;1;0;1;2;-23,63732252;-46,83380499;SPRF-SP;DEL04-SP;UOP01-DEL04-SP;;;
712521;18/08/2025;segunda-feira;19:45:00;SP;381;36;ATIBAIA;Ilumina��o deficiente;Atropelamento de Pedestre;Com V�timas Feridas;Plena Noite;Crescente;Chuva;M�ltipla;Reta;Sim;2;0;0;1;1;0;1;2;-23,10342067;-46,56853364;SPRF-SP;DEL03-SP;UOP01-DEL03-SP;;;
712523;18/08/2025;segunda-feira;18:23:00;RJ;101;387;RIO DE JANEIRO;Frear bruscamente;Colis�o traseira;Com V�timas Feridas;Plena Noite;Decrescente;Ignorado;Dupla;Reta;N�o;2;0;1;0;1;0;1;2;-22,88977625;-43,70944977;SPRF-RJ;DEL03-RJ;UOP01-DEL03-RJ;;;
712524;25/07/2025;sexta-feira;19:03:00;RN;405;156;RAFAEL FERNANDES;Transitar na contram�o;Colis�o frontal;Com V�timas Feridas;Plena Noite;Crescente;C�u Claro;Simples;Reta;N�o;3;0;3;0;0;0;3;3;-6,17552097;-38,21145058;SPRF-RN;DEL04-RN;UOP02-DEL04-RN;;;
712525;18/08/2025;segunda-feira;18:20:00;RJ;116;312;RESENDE;Retorno proibido;Colis�o transversal;Com V�timas Feridas;Anoitecer;Crescente;C�u Claro;Dupla;Reta;Sim;3;0;1;0;2;0;1;2;-22,45970006;-44,45812941;SPRF-RJ;DEL07-RJ;UOP02-DEL07-RJ;;;
712527;18/08/2025;segunda-feira;19:15:00;PE;104;69;CARUARU;Acessar a via sem observar a presen�a dos outros ve�culos;Colis�o traseira;Com V�timas Feridas;Plena Noite;Crescente;C�u Claro;Dupla;Retorno Regulamentado;N�o;4;0;1;0;3;0;1;2;-8,31549;-35,99108;SPRF-PE;DEL02-PE;UOP01-DEL02-PE;;;
712529;18/08/2025;segunda-feira;17:00:00;RO;364;24;VILHENA;Ultrapassagem Indevida;Sa�da de leito carro��vel;Com V�timas Feridas;Pleno dia;Crescente;C�u Claro;Simples;Reta;N�o;3;0;1;2;0;0;3;1;-12,72440985;-60,23117065;SPRF-RO;DEL04-RO;UOP01-DEL04-RO;;;
712530;18/08/2025;segunda-feira;20:00:00;SC;101;221;PALHOCA;Animais na Pista;Atropelamento de Animal;Com V�timas Feridas;Plena Noite;Crescente;C�u Claro;Dupla;"Ponte;Reta";N�o;1;0;1;0;0;0;1;1;-27,7007949;-48,66020705;SPRF-SC;DEL01-SC;UOP02-DEL01-SC;;;
712535;18/08/2025;segunda-feira;17:30:00;MT;364;399;CUIABA;Acessar a via sem observar a presen�a dos outros ve�culos;Colis�o transversal;Com V�timas Feridas;Anoitecer;Decrescente;C�u Claro;Dupla;Reta;Sim;2;0;1;0;1;0;1;2;-15,660809;-55,973732;SPRF-MT;DEL01-MT;UOP02-DEL01-MT;;;
712536;18/08/2025;segunda-feira;18:50:00;PR;376;224;APUCARANA;Frear bruscamente;Tombamento;Com V�timas Feridas;Plena Noite;Crescente;C�u Claro;Dupla;Reta;N�o;1;0;1;0;0;0;1;1;-23,58545678;-51,56476185;SPRF-PR;DEL07-PR;UOP03-DEL07-PR;;;
712539;18/08/2025;segunda-feira;20:30:00;PR;369;156;LONDRINA;Velocidade Incompat�vel;Queda de ocupante de ve�culo;Com V�timas Feridas;Plena Noite;Crescente;C�u Claro;Dupla;"Aclive;Reta";Sim;1;0;0;1;0;0;1;1;-23,29123897;-51,21783257;SPRF-PR;DEL07-PR;UOP01-DEL07-PR;;;
712541;18/08/2025;segunda-feira;19:13:00;RJ;40;112;DUQUE DE CAXIAS;Manobra de mudan�a de faixa;Colis�o traseira;Com V�timas Feridas;Plena Noite;Decrescente;C�u Claro;Dupla;Reta;Sim;6;0;2;1;3;0;3;2;-22,7042468;-43,2902469;SPRF-RJ;DEL01-RJ;UOP02-DEL01-RJ;;;
712542;18/08/2025;segunda-feira;20:50:00;PE;101;44;IGARASSU;Ingest�o de �lcool pelo condutor;Colis�o transversal;Com V�timas Feridas;Plena Noite;Decrescente;C�u Claro;M�ltipla;Reta;Sim;2;0;0;2;0;0;2;2;-7,867331;-34,906849;SPRF-PE;DEL01-PE;UOP02-DEL01-PE;;;
712543;18/08/2025;segunda-feira;19:50:00;CE;20;313;CANINDE;Velocidade Incompat�vel;Colis�o com objeto;Com V�timas Feridas;Plena Noite;Decrescente;C�u Claro;Simples;"Aclive;Reta";N�o;2;0;1;0;1;0;1;1;-4,30935;-39,26468;SPRF-CE;DEL02-CE;UOP01-DEL02-CE;;;
712544;18/08/2025;segunda-feira;21:00:00;SP;116;219;GUARULHOS;Manobra de mudan�a de faixa;Tombamento;Com V�timas Feridas;Plena Noite;Crescente;C�u Claro;M�ltipla;"Reta;Em Obras";N�o;2;0;2;0;0;0;2;1;-23,46114018;-46,48901224;SPRF-SP;DEL01-SP;UOP01-DEL01-SP;;;
712545;18/08/2025;segunda-feira;14:00:00;MT;174;200;PORTO ESPERIDIAO;Rea��o tardia ou ineficiente do condutor;Sa�da de leito carro��vel;Com V�timas Fatais;Pleno dia;Crescente;C�u Claro;Simples;Reta;N�o;2;1;0;1;0;0;1;1;-15,71207142;-58,70190811;SPRF-MT;DEL03-MT;UOP01-DEL03-MT;;;
712546;16/08/2025;s�bado;13:00:00;PI;135;403;REDENCAO DO GURGUEIA;Aus�ncia de rea��o do condutor;Sa�da de leito carro��vel;Com V�timas Fatais;Pleno dia;Decrescente;C�u Claro;Simples;Reta;N�o;1;1;0;0;0;0;0;1;-9,432934;-44,597402;SPRF-PI;DEL03-PI;UOP02-DEL03-PI;;;
712548;18/08/2025;segunda-feira;20:12:00;MT;364;378;SANTO ANTONIO DO LEVERGER;Rea��o tardia ou ineficiente do condutor;Sa�da de leito carro��vel;Com V�timas Feridas;Plena Noite;Crescente;C�u Claro;Dupla;Reta;N�o;1;0;1;0;0;0;1;1;-15,702443;-55,805939;SPRF-MT;DEL01-MT;UOP02-DEL01-MT;;;
712552;26/07/2025;s�bado;02:05:00;RS;116;146,1;CAXIAS DO SUL;Manobra de mudan�a de faixa;Colis�o lateral mesmo sentido;Com V�timas Feridas;Plena Noite;Crescente;Nublado;Dupla;"Interse��o de Vias;Reta";Sim;2;0;1;0;1;0;1;2;-29,14275781;-51,13707511;SPRF-RS;DEL05-RS;UOP01-DEL05-RS;;;
712555;18/08/2025;segunda-feira;18:50:00;RS;470;176;VERANOPOLIS;Convers�o proibida;Colis�o transversal;Sem V�timas;Plena Noite;Decrescente;C�u Claro;Simples;"Reta;Declive";Sim;2;0;0;0;2;0;0;2;-28,93031223;-51,54230325;SPRF-RS;DEL06-RS;UOP02-DEL06-RS;;;
712556;18/08/2025;segunda-feira;20:00:00;DF;70;11;BRASILIA;Ingest�o de �lcool pelo condutor;Colis�o traseira;Com V�timas Feridas;Plena Noite;Crescente;C�u Claro;Dupla;"Retorno Regulamentado;Reta";Sim;3;0;2;0;1;0;2;2;-15,791567;-48,15525;SPRF-DF;DEL03-DF;UOP02-DEL03-DF;;;
712558;18/08/2025;segunda-feira;21:30:00;PR;116;106;SAO JOSE DOS PINHAIS;Manobra de mudan�a de faixa;Colis�o traseira;Com V�timas Feridas;Plena Noite;Crescente;Nublado;Dupla;Reta;Sim;4;0;2;0;2;0;2;2;-25,5696729;-49,2213219;SPRF-PR;DEL01-PR;UOP03-DEL01-PR;;;
712559;18/08/2025;segunda-feira;18:00:00;SC;101;106,5;PENHA;Demais falhas mec�nicas ou el�tricas;Tombamento;Com V�timas Feridas;Plena Noite;Decrescente;C�u Claro;Dupla;Reta;N�o;1;0;1;0;0;0;1;1;-26,81390054;-48,68303172;SPRF-SC;DEL03-SC;UOP02-DEL03-SC;;;
712560;18/08/2025;segunda-feira;17:40:00;BA;116;337;TEOFILANDIA;Velocidade Incompat�vel;Colis�o transversal;Com V�timas Feridas;Anoitecer;Decrescente;C�u Claro;Simples;Reta;Sim;2;0;1;0;1;0;1;2;-11,47908625;-38,99496692;SPRF-BA;DEL02-BA;UOP01-DEL02-BA;;;
712561;18/08/2025;segunda-feira;11:00:00;RJ;101;309;SAO GONCALO;Transtornos Mentais (exceto suicidio);Queda de ocupante de ve�culo;Com V�timas Feridas;Pleno dia;Decrescente;C�u Claro;Dupla;Reta;Sim;2;0;1;0;1;0;1;1;-22,7934208;-43,0309376;SPRF-RJ;DEL02-RJ;UOP02-DEL02-RJ;;;
712562;18/08/2025;segunda-feira;18:30:00;MG;262;433,5;NOVA SERRANA;Aus�ncia de rea��o do condutor;Colis�o traseira;Com V�timas Feridas;Anoitecer;Decrescente;C�u Claro;Dupla;"Declive;Reta";Sim;2;0;1;0;1;0;1;2;-19,880306;-44,934994;SPRF-MG;DEL08-MG;UOP03-DEL08-MG;;;
712568;18/08/2025;segunda-feira;20:30:00;PR;373;270;PRUDENTOPOLIS;Aus�ncia de rea��o do condutor;Sa�da de leito carro��vel;Sem V�timas;Plena Noite;Crescente;C�u Claro;Simples;Reta;N�o;1;0;0;0;1;0;0;1;-25,2228;-51,02522;SPRF-PR;DEL08-PR;UOP01-DEL08-PR;;;
712569;18/08/2025;segunda-feira;22:15:00;PR;277;594;CASCAVEL;Acessar a via sem observar a presen�a dos outros ve�culos;Colis�o transversal;Com V�timas Feridas;Plena Noite;Decrescente;C�u Claro;Simples;"Interse��o de Vias;Rotat�ria";Sim;2;0;1;0;1;0;1;2;-24,98029553;-53,50052688;SPRF-PR;DEL04-PR;UOP01-DEL04-PR;;;
712570;18/08/2025;segunda-feira;21:30:00;MS;419;256;ANASTACIO;Animais na Pista;Atropelamento de Animal;Sem V�timas;Plena Noite;Decrescente;C�u Claro;Simples;Reta;N�o;2;0;0;0;2;0;0;1;-20,5561;-55,837917;SPRF-MS;DEL03-MS;UOP01-DEL03-MS;;;
712571;18/08/2025;segunda-feira;23:20:00;PA;10;18,4;DOM ELISEU;Ingest�o de �lcool pelo condutor;Colis�o frontal;Com V�timas Feridas;Plena Noite;Decrescente;C�u Claro;Simples;Reta;Sim;3;0;1;1;1;0;2;2;-4,2900598;-47,5574085;SPRF-PA;DEL02-PA;UOP02-DEL02-PA;;;
712574;18/08/2025;segunda-feira;19:30:00;MT;364;266;JACIARA;Aus�ncia de rea��o do condutor;Sa�da de leito carro��vel;Sem V�timas;Plena Noite;Decrescente;C�u Claro;Dupla;"Reta;Interse��o de Vias;Em Obras";N�o;1;0;0;0;1;0;0;1;-15,99277673;-54,92300458;SPRF-MT;DEL02-MT;UOP01-DEL02-MT;;;
712576;18/08/2025;segunda-feira;23:07:00;MS;163;264;DOURADOS;Objeto est�tico sobre o leito carro��vel;Eventos at�picos;Com V�timas Feridas;Plena Noite;Decrescente;C�u Claro;Dupla;Reta;Sim;1;0;1;0;0;0;1;1;-22,22711169;-54,73877404;SPRF-MS;DEL04-MS;UOP01-DEL04-MS;;;
712579;19/08/2025;ter�a-feira;02:50:00;PR;369;191,2;ARAPONGAS;Acessar a via sem observar a presen�a dos outros ve�culos;Colis�o transversal;Com V�timas Feridas;Plena Noite;Crescente;C�u Claro;Dupla;Reta;N�o;2;0;1;0;0;1;1;2;-23,464416;-51,423691;SPRF-PR;DEL07-PR;UOP03-DEL07-PR;;;
712583;12/07/2025;s�bado;03:10:00;GO;60;31,7;ALEXANIA;Rea��o tardia ou ineficiente do condutor;Queda de ocupante de ve�culo;Com V�timas Feridas;Plena Noite;Decrescente;C�u Claro;Dupla;Reta;Sim;3;0;2;0;1;0;2;2;-16,08946;-48,506568;SPRF-DF;DEL03-DF;UOP01-DEL03-DF;;;
712584;19/08/2025;ter�a-feira;06:10:00;PE;104;66,9;CARUARU;Aus�ncia de rea��o do condutor;Queda de ocupante de ve�culo;Com V�timas Feridas;Pleno dia;Crescente;C�u Claro;Dupla;Reta;N�o;2;0;1;0;1;0;1;2;-8,29349;-35,98629;SPRF-PE;DEL02-PE;UOP01-DEL02-PE;;;
712585;30/07/2025;quarta-feira;17:30:00;BA;407;5;JUAZEIRO;Transitar no Acostamento;Queda de ocupante de ve�culo;Com V�timas Feridas;Anoitecer;Decrescente;C�u Claro;Simples;Reta;Sim;2;0;1;0;1;0;1;2;-9,447264;-40,490532;SPRF-PE;DEL06-PE;UOP01-DEL06-PE;;;
712588;19/08/2025;ter�a-feira;06:50:00;RS;116;151,6;CAXIAS DO SUL;Curva acentuada;Colis�o com objeto;Com V�timas Feridas;Pleno dia;Decrescente;Nublado;Dupla;"Aclive;Curva";Sim;1;0;1;0;0;0;1;1;-29,180888;-51,165567;SPRF-RS;DEL05-RS;UOP01-DEL05-RS;;;
712589;19/08/2025;ter�a-feira;06:15:00;RJ;116;124;MAGE;Manobra de mudan�a de faixa;Queda de ocupante de ve�culo;Com V�timas Feridas;Pleno dia;Crescente;C�u Claro;Dupla;Reta;N�o;1;0;0;1;0;0;1;1;-22,64385818;-43,0670929;SPRF-RJ;DEL04-RJ;UOP02-DEL04-RJ;;;
712590;13/07/2025;domingo;19:10:00;GO;153;408;PIRENOPOLIS;Condutor deixou de manter dist�ncia do ve�culo da frente;Colis�o traseira;Com V�timas Feridas;Plena Noite;Crescente;C�u Claro;Simples;Aclive;N�o;3;0;1;0;1;1;1;2;-16,0990928;-49,03206825;SPRF-GO;DEL02-GO;UOP02-DEL02-GO;;;
712591;19/08/2025;ter�a-feira;06:42:00;PE;101;39,7;IGARASSU;Demais falhas mec�nicas ou el�tricas;Tombamento;Sem V�timas;Pleno dia;Crescente;C�u Claro;Dupla;Aclive;N�o;1;0;0;0;1;0;0;1;-7,818082;-34,917405;SPRF-PE;DEL01-PE;UOP02-DEL01-PE;;;
712592;19/08/2025;ter�a-feira;07:06:00;SP;116;145;SAO JOSE DOS CAMPOS;Manobra de mudan�a de faixa;Colis�o lateral mesmo sentido;Com V�timas Feridas;Pleno dia;Decrescente;Sol;M�ltipla;Reta;Sim;2;0;1;0;1;0;1;2;-23,1852128;-45,8541039;SPRF-SP;DEL02-SP;UOP01-DEL02-SP;;;
712593;19/08/2025;ter�a-feira;07:25:00;PR;116;91;SAO JOSE DOS PINHAIS;Aus�ncia de rea��o do condutor;Colis�o traseira;Com V�timas Feridas;Pleno dia;Crescente;Nublado;Dupla;Reta;N�o;2;0;0;1;1;0;1;2;-25,50386909;-49,12219048;SPRF-PR;DEL01-PR;UOP07-DEL01-PR;;;
712594;15/08/2025;sexta-feira;13:30:00;MG;262;356;BETIM;Acessar a via sem observar a presen�a dos outros ve�culos;Engavetamento;Com V�timas Feridas;Pleno dia;Crescente;C�u Claro;Dupla;Reta;Sim;8;0;1;0;7;0;1;3;-19,975396;-44,259974;SPRF-MG;DEL01-MG;UOP03-DEL01-MG;;;
712595;19/08/2025;ter�a-feira;05:00:00;GO;80;134;BARRO ALTO;Rea��o tardia ou ineficiente do condutor;Atropelamento de Animal;Com V�timas Feridas;Amanhecer;Decrescente;C�u Claro;Simples;Reta;N�o;4;0;2;0;1;1;2;2;-14,97210004;-48,93066016;SPRF-GO;DEL07-GO;UOP02-DEL07-GO;;;
712596;19/08/2025;ter�a-feira;06:50:00;DF;251;49;BRASILIA;Manobra de mudan�a de faixa;Colis�o frontal;Com V�timas Fatais;Pleno dia;Decrescente;C�u Claro;Simples;Reta;Sim;4;2;0;1;1;0;1;2;-15,97502722;-47,91000366;SPRF-DF;DEL01-DF;UOP01-DEL01-DF;;;
712597;19/08/2025;ter�a-feira;07:33:00;RN;226;6,8;NATAL;Ultrapassagem Indevida;Colis�o lateral sentido oposto;Com V�timas Feridas;Pleno dia;Decrescente;C�u Claro;Simples;Reta;Sim;2;0;1;0;0;1;1;2;-5,827148;-35,280211;SPRF-RN;DEL01-RN;UOP02-DEL01-RN;;;