id;data_inversa;dia_semana;horario;uf;br;km;municipio;causa_acidente;tipo_acidente;classificacao_acidente;fase_dia;sentido_via;condicao_metereologica;tipo_pista;tracado_via;uso_solo;pessoas;mortos;feridos_leves;feridos_graves;ilesos;ignorados;feridos;veiculos;latitude;longitude;regional;delegacia;uop;;;
712599;19/08/2025;ter�a-feira;07:30:00;SC;101;203,9;SAO JOSE;Trafegar com motocicleta (ou similar) entre as faixas;Colis�o lateral mesmo sentido;Com V�timas Feridas;Pleno dia;Crescente;Chuva;M�ltipla;Reta;Sim;2;0;1;0;1;0;1;2;-27,57531887;-48,6135149;SPRF-SC;DEL01-SC;UOP01-DEL01-SC;;;
712600;03/08/2025;domingo;16:20:00;CE;402;206;MORRINHOS;Acessar a via sem observar a presen�a dos outros ve�culos;Colis�o transversal;Sem V�timas;Pleno dia;Crescente;Sol;Simples;Reta;Sim;2;0;0;0;2;0;0;2;-3,22959927;-40,04392147;SPRF-CE;DEL01-CE;UOP03-DEL01-CE;;;
712601;19/08/2025;ter�a-feira;06:30:00;SC;470;64,5;INDAIAL;Trafegar com motocicleta (ou similar) entre as faixas;Queda de ocupante de ve�culo;Com V�timas Fatais;Amanhecer;Decrescente;Garoa/Chuvisco;Simples;"Em Obras;Aclive";Sim;2;1;0;0;0;1;0;2;-26,869874;-49,20604404;SPRF-SC;DEL04-SC;UOP01-DEL04-SC;;;
712602;19/08/2025;ter�a-feira;06:40:00;RS;290;213;PANTANO GRANDE;Aus�ncia de sinaliza��o;Colis�o com objeto;Com V�timas Feridas;Amanhecer;Crescente;Nublado;Simples;Rotat�ria;Sim;1;0;0;1;0;0;1;1;-30,186435;-52,357432;SPRF-RS;DEL02-RS;UOP03-DEL02-RS;;;
712603;19/08/2025;ter�a-feira;07:10:00;RO;319;143;PORTO VELHO;Rea��o tardia ou ineficiente do condutor;Colis�o lateral mesmo sentido;Com V�timas Feridas;Pleno dia;Decrescente;C�u Claro;M�ltipla;Reta;Sim;5;0;1;0;4;0;1;3;-8,7630704;-63,88477771;SPRF-RO;DEL01-RO;UOP01-DEL01-RO;;;
712604;19/08/2025;ter�a-feira;07:40:00;SC;470;65;INDAIAL;Demais falhas mec�nicas ou el�tricas;Inc�ndio;Sem V�timas;Pleno dia;Crescente;Garoa/Chuvisco;Simples;"Em Obras;Reta";Sim;1;0;0;0;1;0;0;1;-26,87134396;-49,21340436;SPRF-SC;DEL04-SC;UOP01-DEL04-SC;;;
712605;19/08/2025;ter�a-feira;08:20:00;SC;470;54,4;BLUMENAU;Acessar a via sem observar a presen�a dos outros ve�culos;Colis�o transversal;Com V�timas Feridas;Pleno dia;Crescente;Nublado;Simples;"Interse��o de Vias;Reta";Sim;2;0;1;0;1;0;1;2;-26,87327671;-49,11419598;SPRF-SC;DEL04-SC;UOP01-DEL04-SC;;;
712606;19/08/2025;ter�a-feira;07:55:00;PR;369;149,2;LONDRINA;Condutor deixou de manter dist�ncia do ve�culo da frente;Colis�o traseira;Com V�timas Feridas;Pleno dia;Crescente;C�u Claro;Dupla;"Aclive;Reta";Sim;3;0;3;0;0;0;3;2;-23,293;-51,154;SPRF-PR;DEL07-PR;UOP01-DEL07-PR;;;
712607;19/08/2025;ter�a-feira;08:10:00;ES;101;297,2;CARIACICA;Rea��o tardia ou ineficiente do condutor;Tombamento;Com V�timas Feridas;Pleno dia;Crescente;C�u Claro;Dupla;Reta;Sim;1;0;1;0;0;0;1;1;-20,3479868;-40,41172743;SPRF-ES;DEL01-ES;UOP01-DEL01-ES;;;
712610;19/08/2025;ter�a-feira;06:00:00;RJ;493;56;NOVA IGUACU;Demais falhas mec�nicas ou el�tricas;Inc�ndio;Sem V�timas;Pleno dia;Decrescente;C�u Claro;Dupla;Reta;N�o;1;0;0;0;1;0;0;1;-22,67660761;-43,39589015;SPRF-RJ;DEL01-RJ;UOP03-DEL01-RJ;;;
712611;19/08/2025;ter�a-feira;08:50:00;SC;101;203;SAO JOSE;Manobra de mudan�a de faixa;Colis�o lateral mesmo sentido;Com V�timas Feridas;Pleno dia;Crescente;Garoa/Chuvisco;M�ltipla;Reta;N�o;3;0;0;1;2;0;1;3;-27,56876921;-48,61394104;SPRF-SC;DEL01-SC;UOP01-DEL01-SC;;;
712616;19/08/2025;ter�a-feira;07:55:00;RS;392;5,2;RIO GRANDE;Demais Fen�menos da natureza;Tombamento;Com V�timas Feridas;Pleno dia;Crescente;Nublado;Simples;Reta;N�o;1;0;1;0;0;0;1;1;-32,08366788;-52,10559011;SPRF-RS;DEL07-RS;UOP02-DEL07-RS;;;
712617;19/08/2025;ter�a-feira;04:00:00;RJ;116;171;RIO DE JANEIRO;Demais falhas mec�nicas ou el�tricas;Inc�ndio;Sem V�timas;Pleno dia;Decrescente;C�u Claro;Dupla;Reta;Sim;1;0;0;0;0;1;0;1;-22,80718924;-43,3412331;SPRF-RJ;DEL06-RJ;UOP01-DEL06-RJ;;;
712619;19/08/2025;ter�a-feira;08:20:00;PR;376;179,5;MARINGA;Manobra de mudan�a de faixa;Colis�o lateral mesmo sentido;Com V�timas Feridas;Pleno dia;Decrescente;C�u Claro;Dupla;Reta;Sim;3;0;2;0;1;0;2;2;-23,42087155;-51,90823954;SPRF-PR;DEL09-PR;UOP01-DEL09-PR;;;
712620;28/06/2025;s�bado;19:10:00;MT;174;290;PONTES E LACERDA;Acessar a via sem observar a presen�a dos outros ve�culos;Colis�o transversal;Com V�timas Feridas;Plena Noite;Decrescente;C�u Claro;Simples;Reta;Sim;4;0;0;1;3;0;1;2;-15,23987112;-59,31525702;SPRF-MT;DEL04-MT;UOP01-DEL04-MT;;;
712621;19/08/2025;ter�a-feira;08:30:00;RJ;40;109;DUQUE DE CAXIAS;Acessar a via sem observar a presen�a dos outros ve�culos;Colis�o lateral mesmo sentido;Com V�timas Feridas;Pleno dia;Crescente;C�u Claro;Dupla;Reta;Sim;2;0;1;0;0;1;1;2;-22,67834531;-43,28632269;SPRF-RJ;DEL01-RJ;UOP02-DEL01-RJ;;;
712622;19/08/2025;ter�a-feira;07:45:00;RJ;101;404;ITAGUAI;Acessar a via sem observar a presen�a dos outros ve�culos;Atropelamento de Pedestre;Com V�timas Feridas;Pleno dia;Crescente;C�u Claro;Simples;Reta;Sim;2;0;1;0;1;0;1;2;-22,861723;-43,794108;SPRF-RJ;DEL03-RJ;UOP01-DEL03-RJ;;;
712625;09/07/2025;quarta-feira;18:50:00;PR;376;226,5;APUCARANA;Rea��o tardia ou ineficiente do condutor;Sa�da de leito carro��vel;Com V�timas Feridas;Anoitecer;Crescente;C�u Claro;Dupla;Curva;N�o;2;0;2;0;0;0;2;1;-23,58517813;-51,5587306;SPRF-PR;DEL07-PR;UOP03-DEL07-PR;;;
712626;19/08/2025;ter�a-feira;07:30:00;PR;376;605;CURITIBA;Acessar a via sem observar a presen�a dos outros ve�culos;Colis�o lateral mesmo sentido;Com V�timas Feridas;Pleno dia;Decrescente;Nublado;M�ltipla;Interse��o de Vias;Sim;2;0;1;0;1;0;1;2;-25,543007;-49,306847;SPRF-PR;DEL01-PR;UOP03-DEL01-PR;;;
712631;19/08/2025;ter�a-feira;09:10:00;CE;222;239,3;SOBRAL;Demais falhas mec�nicas ou el�tricas;Sa�da de leito carro��vel;Sem V�timas;Pleno dia;Decrescente;C�u Claro;Simples;Reta;N�o;4;0;0;0;4;0;0;1;-3,73218707;-40,47865089;SPRF-CE;DEL04-CE;UOP01-DEL04-CE;;;
712632;19/08/2025;ter�a-feira;10:00:00;SC;470;135,8;RIO DO SUL;Aus�ncia de rea��o do condutor;Colis�o transversal;Com V�timas Feridas;Pleno dia;Crescente;Nublado;Simples;"Aclive;Reta;Retorno Regulamentado";Sim;2;0;0;1;1;0;1;2;-27,18336;-49,6024;SPRF-SC;DEL04-SC;UOP02-DEL04-SC;;;
712633;19/08/2025;ter�a-feira;06:20:00;MA;222;425,3;SANTA LUZIA;Manobra de mudan�a de faixa;Colis�o transversal;Com V�timas Feridas;Pleno dia;Crescente;Garoa/Chuvisco;Simples;Aclive;N�o;2;0;0;1;1;0;1;2;-4,042143;-45,796253;SPRF-MA;DEL02-MA;UOP01-DEL02-MA;;;
712635;19/08/2025;ter�a-feira;08:00:00;RS;290;3,8;OSORIO;Pedestre andava na pista;Atropelamento de Pedestre;Com V�timas Fatais;Pleno dia;Crescente;Sol;Dupla;Reta;N�o;2;1;0;0;0;1;0;2;-29,898139;-50,312204;SPRF-RS;DEL03-RS;UOP01-DEL03-RS;;;
712637;19/08/2025;ter�a-feira;09:10:00;RJ;101;296;ITABORAI;Rea��o tardia ou ineficiente do condutor;Colis�o lateral mesmo sentido;Com V�timas Feridas;Pleno dia;Decrescente;C�u Claro;Dupla;Reta;Sim;3;0;1;0;2;0;1;2;-22,76961738;-42,91907636;SPRF-RJ;DEL02-RJ;UOP02-DEL02-RJ;;;
712638;25/04/2025;sexta-feira;09:30:00;BA;101;163;CONCEICAO DO JACUIPE;Convers�o proibida;Colis�o lateral mesmo sentido;Com V�timas Feridas;Pleno dia;Crescente;C�u Claro;Dupla;Reta;Sim;2;0;0;1;1;0;1;2;-12,353907;-38,803462;SPRF-BA;DEL01-BA;UOP03-DEL01-BA;;;
712640;19/08/2025;ter�a-feira;10:00:00;PA;308;153;CAPANEMA;Acessar a via sem observar a presen�a dos outros ve�culos;Colis�o frontal;Com V�timas Feridas;Pleno dia;Decrescente;C�u Claro;Simples;Reta;Sim;2;0;0;1;1;0;1;2;-1,203703;-47,16738;SPRF-PA;DEL01-PA;UOP03-DEL01-PA;;;
712641;19/08/2025;ter�a-feira;10:00:00;PE;232;135;CARUARU;Rea��o tardia ou ineficiente do condutor;Sa�da de leito carro��vel;Com V�timas Feridas;Pleno dia;Decrescente;C�u Claro;Dupla;Reta;N�o;1;0;1;0;0;0;1;1;-8,30885;-36,04018;SPRF-PE;DEL02-PE;UOP03-DEL02-PE;;;
712646;19/08/2025;ter�a-feira;10:15:00;SC;116;259;CAPAO ALTO;Aus�ncia de rea��o do condutor;Colis�o lateral mesmo sentido;Com V�timas Feridas;Pleno dia;Crescente;Nublado;Simples;Reta;N�o;2;0;0;1;1;0;1;2;-27,89827;-50,43033;SPRF-SC;DEL05-SC;UOP02-DEL05-SC;;;
712648;19/08/2025;ter�a-feira;11:00:00;RN;101;96;NATAL;Manobra de mudan�a de faixa;Colis�o lateral mesmo sentido;Com V�timas Feridas;Pleno dia;Crescente;C�u Claro;Simples;"Aclive;Curva";Sim;2;0;1;0;1;0;1;2;-5,8468433;-35,2090217;SPRF-RN;DEL01-RN;UOP01-DEL01-RN;;;
712654;19/08/2025;ter�a-feira;07:30:00;ES;101;268,7;SERRA;Pedestre cruzava a pista fora da faixa;Atropelamento de Pedestre;Com V�timas Feridas;Pleno dia;Crescente;Chuva;Dupla;Reta;Sim;2;0;0;1;0;1;1;2;-20,21565001;-40,26980639;SPRF-ES;DEL02-ES;UOP01-DEL02-ES;;;
712655;19/08/2025;ter�a-feira;11:10:00;PI;343;14;PARNAIBA;Acesso irregular;Colis�o transversal;Com V�timas Feridas;Pleno dia;Decrescente;C�u Claro;Dupla;Reta;Sim;2;0;2;0;0;0;2;2;-2,93211634;-41,75413728;SPRF-PI;DEL05-PI;UOP01-DEL05-PI;;;
712656;19/08/2025;ter�a-feira;11:20:00;MS;163;615;SAO GABRIEL DO OESTE;Acessar a via sem observar a presen�a dos outros ve�culos;Colis�o transversal;Com V�timas Feridas;Pleno dia;Crescente;C�u Claro;Simples;"Reta;Interse��o de Vias;Rotat�ria";Sim;2;0;2;0;0;0;2;2;-19,3892249;-54,57156161;SPRF-MS;DEL06-MS;UOP02-DEL06-MS;;;
712659;27/07/2025;domingo;01:20:00;BA;116;397;SANTA BARBARA;Animais na Pista;Capotamento;Com V�timas Feridas;Plena Noite;Crescente;C�u Claro;Dupla;Reta;N�o;2;0;1;0;1;0;1;1;-11,9961;-38,9718;SPRF-BA;DEL02-BA;UOP01-DEL02-BA;;;
712660;07/08/2025;quinta-feira;21:10:00;SC;101;199;SAO JOSE;Velocidade Incompat�vel;Colis�o com objeto;Com V�timas Feridas;Plena Noite;Decrescente;C�u Claro;Dupla;Reta;N�o;2;0;1;0;1;0;1;1;-27,53473962;-48,62857215;SPRF-SC;DEL01-SC;UOP01-DEL01-SC;;;
712661;19/08/2025;ter�a-feira;12:30:00;MG;40;525;CONTAGEM;Condutor deixou de manter dist�ncia do ve�culo da frente;Engavetamento;Com V�timas Feridas;Pleno dia;Crescente;C�u Claro;Dupla;Reta;Sim;7;0;1;0;6;0;1;6;-19,87387387;-44,0467024;SPRF-MG;DEL01-MG;UOP02-DEL01-MG;;;
712663;19/08/2025;ter�a-feira;12:50:00;SP;153;73;SAO JOSE DO RIO PRETO;Velocidade Incompat�vel;Tombamento;Com V�timas Feridas;Pleno dia;Crescente;C�u Claro;Dupla;Reta;Sim;1;0;0;1;0;0;1;1;-20,88122753;-49,42362785;SPRF-SP;DEL09-SP;UOP01-DEL09-SP;;;
712664;19/08/2025;ter�a-feira;12:00:00;RJ;40;108;DUQUE DE CAXIAS;Acumulo de �leo sobre o pavimento;Tombamento;Com V�timas Feridas;Pleno dia;Crescente;C�u Claro;M�ltipla;"Curva;Interse��o de Vias";Sim;1;0;1;0;0;0;1;1;-22,67219424;-43,28742027;SPRF-RJ;DEL01-RJ;UOP02-DEL01-RJ;;;
712665;19/08/2025;ter�a-feira;10:00:00;RJ;356;26;ITAPERUNA;Acessar a via sem observar a presen�a dos outros ve�culos;Colis�o transversal;Com V�timas Feridas;Pleno dia;Decrescente;C�u Claro;Simples;Interse��o de Vias;N�o;5;0;3;1;1;0;4;3;-21,17957891;-41,95393022;SPRF-RJ;DEL08-RJ;UOP03-DEL08-RJ;;;
712666;19/08/2025;ter�a-feira;13:30:00;PR;469;14;FOZ DO IGUACU;Mal s�bito do condutor;Colis�o com objeto;Com V�timas Feridas;Pleno dia;Decrescente;C�u Claro;Simples;"Reta;Em Obras";N�o;1;0;1;0;0;0;1;1;-25,586821;-54,521233;SPRF-PR;DEL05-PR;UOP04-DEL05-PR;;;
712669;19/08/2025;ter�a-feira;14:23:00;MG;40;527,9;CONTAGEM;Acessar a via sem observar a presen�a dos outros ve�culos;Colis�o transversal;Sem V�timas;Pleno dia;Crescente;C�u Claro;M�ltipla;"Aclive;Reta;Interse��o de Vias";Sim;2;0;0;0;2;0;0;2;-19,90885882;-44,04495073;SPRF-MG;DEL01-MG;UOP02-DEL01-MG;;;
712673;19/08/2025;ter�a-feira;12:45:00;PR;277;266,1;IRATI;Transitar na contram�o;Colis�o transversal;Com V�timas Feridas;Pleno dia;Decrescente;C�u Claro;Simples;Reta;N�o;3;0;1;0;2;0;1;2;-25,39329442;-50,80970179;SPRF-PR;DEL08-PR;UOP02-DEL08-PR;;;
712674;16/08/2025;s�bado;06:50:00;MG;40;784;JUIZ DE FORA;Pista Escorregadia;Tombamento;Com V�timas Feridas;Pleno dia;Crescente;Nublado;Dupla;Curva;N�o;1;0;1;0;0;0;1;1;-21,73016262;-43,43706518;SPRF-MG;DEL05-MG;UOP01-DEL05-MG;;;
712676;19/08/2025;ter�a-feira;06:55:00;SC;101;149,9;ITAPEMA;Aus�ncia de rea��o do condutor;Colis�o transversal;Com V�timas Feridas;Pleno dia;Crescente;Nublado;M�ltipla;Reta;Sim;2;0;1;0;1;0;1;2;-27,118304;-48,609594;SPRF-SC;DEL04-SC;UOP03-DEL04-SC;;;
712678;19/08/2025;ter�a-feira;15:00:00;ES;101;335,3;GUARAPARI;Aus�ncia de rea��o do condutor;Colis�o com objeto;Com V�timas Feridas;Pleno dia;Decrescente;C�u Claro;Dupla;"Curva;Aclive;Viaduto";Sim;1;0;1;0;0;0;1;1;-20,62804498;-40,52955151;SPRF-ES;DEL03-ES;UOP01-DEL03-ES;;;
712680;03/08/2025;domingo;11:14:00;TO;153;392;RIO DOS BOIS;Aus�ncia de rea��o do condutor;Colis�o traseira;Com V�timas Feridas;Pleno dia;Decrescente;C�u Claro;Simples;Reta;Sim;3;0;1;0;2;0;1;2;-9,34672876;-48,53863746;SPRF-TO;DEL02-TO;UOP02-DEL02-TO;;;
712684;19/08/2025;ter�a-feira;15:50:00;BA;407;0;JUAZEIRO;Condutor deixou de manter dist�ncia do ve�culo da frente;Colis�o traseira;Com V�timas Feridas;Pleno dia;Crescente;C�u Claro;Simples;Reta;Sim;2;0;1;0;1;0;1;2;-9,4120373;-40,5053595;SPRF-PE;DEL06-PE;UOP01-DEL06-PE;;;
712685;19/08/2025;ter�a-feira;15:30:00;PR;116;15;CAMPINA GRANDE DO SUL;Rea��o tardia ou ineficiente do condutor;Sa�da de leito carro��vel;Sem V�timas;Pleno dia;Decrescente;Nublado;Dupla;Curva;N�o;1;0;0;0;1;0;0;1;-25,09985708;-48,68973104;SPRF-PR;DEL01-PR;UOP02-DEL01-PR;;;
712689;19/08/2025;ter�a-feira;16:30:00;SC;101;207;SAO JOSE;Condutor deixou de manter dist�ncia do ve�culo da frente;Colis�o traseira;Com V�timas Feridas;Pleno dia;Crescente;C�u Claro;M�ltipla;Reta;N�o;2;0;1;0;1;0;1;2;-27,59476436;-48,61904796;SPRF-SC;DEL01-SC;UOP01-DEL01-SC;;;
712690;19/08/2025;ter�a-feira;16:00:00;MG;40;790,9;JUIZ DE FORA;Aus�ncia de rea��o do condutor;Sa�da de leito carro��vel;Sem V�timas;Pleno dia;Crescente;Nublado;Dupla;Curva;Sim;1;0;0;0;1;0;0;1;-21,77918458;-43,4247601;SPRF-MG;DEL05-MG;UOP01-DEL05-MG;;;
712691;19/08/2025;ter�a-feira;14:50:00;PA;316;139;PEIXE-BOI;Rea��o tardia ou ineficiente do condutor;Colis�o traseira;Com V�timas Feridas;Pleno dia;Crescente;C�u Claro;Simples;Reta;Sim;6;0;3;2;0;1;5;2;-1,256197;-47,259558;SPRF-PA;DEL01-PA;UOP03-DEL01-PA;;;
712692;19/08/2025;ter�a-feira;15:45:00;MG;0;0;BETIM;Afundamento ou ondula��o no pavimento;Colis�o com objeto;Sem V�timas;Pleno dia;N�o Informado;C�u Claro;Simples;"Aclive;Reta";N�o;7;0;0;0;2;5;0;2;-19,990968;-44,209081;SPRF-MG;DEL01-MG;UOP03-DEL01-MG;;;
712695;19/08/2025;ter�a-feira;16:20:00;MS;158;22,2;CASSILANDIA;Aus�ncia de rea��o do condutor;Colis�o traseira;Com V�timas Fatais;Anoitecer;Crescente;C�u Claro;Simples;"Declive;Em Obras;Reta";N�o;5;1;0;0;4;0;0;2;-19,192574;-51,572537;SPRF-MS;DEL08-MS;UOP01-DEL08-MS;;;
712697;19/08/2025;ter�a-feira;14:50:00;SC;480;128;CHAPECO;Frear bruscamente;Colis�o traseira;Com V�timas Feridas;Pleno dia;Crescente;C�u Claro;Dupla;"Aclive;Reta";Sim;2;0;1;0;1;0;1;2;-27,03467;-52,63376;SPRF-SC;DEL07-SC;UOP01-DEL07-SC;;;
712699;19/08/2025;ter�a-feira;14:30:00;MT;163;762;SORRISO;Aus�ncia de rea��o do condutor;Colis�o transversal;Com V�timas Feridas;Pleno dia;Decrescente;C�u Claro;Simples;Reta;N�o;2;0;1;0;1;0;1;2;-12,44524182;-55,65656304;SPRF-MT;DEL06-MT;UOP01-DEL06-MT;;;
712700;19/08/2025;ter�a-feira;17:20:00;PR;469;14;FOZ DO IGUACU;Acumulo de areia ou detritos sobre o pavimento;Queda de ocupante de ve�culo;Com V�timas Feridas;Anoitecer;Decrescente;Chuva;Simples;Reta;N�o;1;0;1;0;0;0;1;1;-25,59447566;-54,51292483;SPRF-PR;DEL05-PR;UOP04-DEL05-PR;;;
712701;19/08/2025;ter�a-feira;15:50:00;MS;267;474,3;GUIA LOPES DA LAGUNA;Rea��o tardia ou ineficiente do condutor;Sa�da de leito carro��vel;Com V�timas Feridas;Pleno dia;Decrescente;C�u Claro;Dupla;Reta;N�o;1;0;1;0;0;0;1;1;-21,441414;-56,090972;SPRF-MS;DEL05-MS;UOP01-DEL05-MS;;;
712702;19/08/2025;ter�a-feira;13:00:00;RS;293;366;SANTANA DO LIVRAMENTO;Chuva;Sa�da de leito carro��vel;Sem V�timas;Pleno dia;Decrescente;Chuva;Simples;Reta;N�o;1;0;0;0;1;0;0;1;-30,72922069;-55,78522097;SPRF-RS;DEL11-RS;UOP01-DEL11-RS;;;
712704;19/08/2025;ter�a-feira;17:00:00;PR;163;44;PRANCHITA;Ingest�o de �lcool pelo condutor;Sa�da de leito carro��vel;Com V�timas Feridas;Anoitecer;Crescente;Nublado;Simples;Reta;N�o;1;0;1;0;0;0;1;1;-25,995507;-53,722044;SPRF-PR;DEL02-PR;UOP02-DEL02-PR;;;
712705;19/08/2025;ter�a-feira;17:25:00;PR;376;169;MARINGA;Aus�ncia de rea��o do condutor;Engavetamento;Com V�timas Feridas;Pleno dia;Decrescente;C�u Claro;Dupla;"Aclive;Reta";N�o;8;0;3;0;5;0;3;4;-23,40101042;-51,99931495;SPRF-PR;DEL09-PR;UOP01-DEL09-PR;;;
712706;19/08/2025;ter�a-feira;18:30:00;MG;381;2;BETIM;Rea��o tardia ou ineficiente do condutor;Engavetamento;Sem V�timas;Plena Noite;Decrescente;C�u Claro;Simples;Reta;Sim;5;0;0;0;5;0;0;3;-19,97735646;-44,1601452;SPRF-MG;DEL01-MG;UOP03-DEL01-MG;;;
712709;19/08/2025;ter�a-feira;18:25:00;RS;101;9;TORRES;Transitar na contram�o;Colis�o frontal;Com V�timas Feridas;Anoitecer;Decrescente;Nublado;Dupla;Retorno Regulamentado;Sim;4;0;0;1;0;3;1;3;-29,36690789;-49,81465356;SPRF-RS;DEL03-RS;UOP02-DEL03-RS;;;
712710;19/08/2025;ter�a-feira;18:00:00;BA;324;558;AMELIA RODRIGUES;Condutor deixou de manter dist�ncia do ve�culo da frente;Colis�o traseira;Sem V�timas;Anoitecer;Crescente;C�u Claro;Dupla;Reta;N�o;2;0;0;0;2;0;0;2;-12,4832926;-38,6662464;SPRF-BA;DEL01-BA;UOP03-DEL01-BA;;;
712711;19/08/2025;ter�a-feira;12:30:00;RJ;101;319;SAO GONCALO;Manobra de mudan�a de faixa;Colis�o lateral mesmo sentido;Sem V�timas;Pleno dia;Decrescente;C�u Claro;Dupla;Reta;Sim;2;0;0;0;2;0;0;2;-22,85494059;-43,10230494;SPRF-RJ;DEL02-RJ;UOP02-DEL02-RJ;;;
712712;19/08/2025;ter�a-feira;18:15:00;RS;386;247,9;SOLEDADE;Convers�o proibida;Colis�o transversal;Com V�timas Feridas;Anoitecer;Decrescente;Nublado;Simples;"Em Obras;Reta";Sim;2;0;1;0;1;0;1;2;-28,8185114;-52,48371569;SPRF-RS;DEL04-RS;UOP03-DEL04-RS;;;
712713;19/08/2025;ter�a-feira;14:45:00;MG;267;51;MARIPA DE MINAS;Condutor Dormindo;Sa�da de leito carro��vel;Com V�timas Feridas;Pleno dia;Decrescente;C�u Claro;Simples;"Curva;Declive";N�o;1;0;0;1;0;0;1;1;-21,72141;-43,03529;SPRF-MG;DEL07-MG;UOP01-DEL07-MG;;;
712714;19/08/2025;ter�a-feira;16:10:00;GO;153;293,2;RIALMA;Condutor deixou de manter dist�ncia do ve�culo da frente;Colis�o traseira;Com V�timas Feridas;Pleno dia;Crescente;C�u Claro;Simples;"Em Obras;Reta";N�o;2;0;0;1;1;0;1;2;-15,254461;-49,551395;SPRF-GO;DEL02-GO;UOP02-DEL02-GO;;;
712715;19/08/2025;ter�a-feira;17:40:00;SP;116;408;JUQUIA;Demais falhas mec�nicas ou el�tricas;Capotamento;Com V�timas Feridas;Pleno dia;Decrescente;Nublado;Dupla;"Reta;Declive";Sim;1;0;1;0;0;0;1;1;-24,33009644;-47,5809687;SPRF-SP;DEL05-SP;UOP01-DEL05-SP;;;
712717;19/08/2025;ter�a-feira;18:45:00;PR;116;122;CURITIBA;Manobra de mudan�a de faixa;Colis�o lateral mesmo sentido;Com V�timas Feridas;Plena Noite;Decrescente;C�u Claro;Dupla;Reta;Sim;3;0;1;0;2;0;1;2;-25,603844;-49,317949;SPRF-PR;DEL01-PR;UOP03-DEL01-PR;;;
712719;19/08/2025;ter�a-feira;16:15:00;RJ;116;260,5;PIRAI;Frear bruscamente;Colis�o com objeto;Com V�timas Feridas;Pleno dia;Crescente;C�u Claro;Dupla;Reta;N�o;2;0;1;0;1;0;1;1;-22,584;-44,045;SPRF-RJ;DEL07-RJ;UOP02-DEL07-RJ;;;
712720;19/08/2025;ter�a-feira;17:40:00;BA;324;558;SAO SEBASTIAO DO PASSE;Demais falhas na via;Queda de ocupante de ve�culo;Com V�timas Feridas;Anoitecer;Crescente;C�u Claro;Dupla;Reta;N�o;1;0;1;0;0;0;1;1;-12,5328036;-38,5990569;SPRF-BA;DEL01-BA;UOP03-DEL01-BA;;;
712721;19/08/2025;ter�a-feira;19:09:00;RS;116;259;CANOAS;Rea��o tardia ou ineficiente do condutor;Tombamento;Com V�timas Feridas;Plena Noite;Crescente;Nublado;Dupla;"Viaduto;Curva";Sim;1;0;1;0;0;0;1;1;-29,8723542;-51,18042223;SPRF-RS;DEL01-RS;UOP02-DEL01-RS;;;
712722;19/08/2025;ter�a-feira;19:15:00;PB;230;14;CABEDELO;Condutor deixou de manter dist�ncia do ve�culo da frente;Colis�o traseira;Com V�timas Feridas;Plena Noite;Decrescente;C�u Claro;M�ltipla;Reta;Sim;2;0;1;0;1;0;1;2;-7,09131068;-34,8481822;SPRF-PB;DEL01-PB;UOP01-DEL01-PB;;;
712723;19/08/2025;ter�a-feira;18:45:00;MG;262;93,5;ABRE CAMPO;Aus�ncia de rea��o do condutor;Sa�da de leito carro��vel;Sem V�timas;Plena Noite;Decrescente;C�u Claro;Simples;"Aclive;Reta";Sim;1;0;0;0;1;0;0;1;-20,297572;-42,47686;SPRF-MG;DEL03-MG;UOP03-DEL03-MG;;;
712724;19/08/2025;ter�a-feira;17:20:00;MG;40;528;CONTAGEM;Entrada inopinada do pedestre;Atropelamento de Pedestre;Com V�timas Feridas;Anoitecer;Decrescente;C�u Claro;M�ltipla;"Curva;Declive";Sim;2;0;2;0;0;0;2;2;-19,91234182;-44,04118538;SPRF-MG;DEL01-MG;UOP02-DEL01-MG;;;
712725;19/08/2025;ter�a-feira;19:30:00;DF;70;8;BRASILIA;Manobra de mudan�a de faixa;Colis�o lateral mesmo sentido;Com V�timas Feridas;Plena Noite;Crescente;C�u Claro;Dupla;Reta;Sim;1;0;1;0;0;0;1;1;-15,78335565;-48,12561399;SPRF-DF;DEL03-DF;UOP02-DEL03-DF;;;
712729;19/08/2025;ter�a-feira;20:00:00;ES;101;143,9;LINHARES;Rea��o tardia ou ineficiente do condutor;Colis�o lateral mesmo sentido;Com V�timas Feridas;Plena Noite;Crescente;C�u Claro;M�ltipla;Interse��o de Vias;Sim;2;0;2;0;0;0;2;2;-19,35134833;-40,06375;SPRF-ES;DEL04-ES;UOP01-DEL04-ES;;;
712730;19/08/2025;ter�a-feira;18:10:00;PI;343;589;FLORIANO;Aus�ncia de rea��o do condutor;Atropelamento de Pedestre;Com V�timas Feridas;Anoitecer;Crescente;C�u Claro;Dupla;Reta;Sim;2;0;1;1;0;0;2;2;-6,77650867;-43,00914556;SPRF-PI;DEL03-PI;UOP01-DEL03-PI;;;
712731;19/08/2025;ter�a-feira;17:35:00;RS;386;38,1;FREDERICO WESTPHALEN;Acessar a via sem observar a presen�a dos outros ve�culos;Colis�o transversal;Com V�timas Feridas;Pleno dia;Crescente;C�u Claro;Simples;Reta;N�o;2;0;1;0;1;0;1;2;-27,39392906;-53,40178297;SPRF-RS;DEL08-RS;UOP02-DEL08-RS;;;
712732;19/08/2025;ter�a-feira;20:00:00;ES;262;17,3;VIANA;Pedestre andava na pista;Atropelamento de Pedestre;Com V�timas Feridas;Plena Noite;Decrescente;C�u Claro;Simples;Reta;Sim;2;0;1;0;1;0;1;2;-20,38851662;-40,47730839;SPRF-ES;DEL01-ES;UOP01-DEL01-ES;;;