id;data_inversa;dia_semana;horario;uf;br;km;municipio;causa_acidente;tipo_acidente;classificacao_acidente;fase_dia;sentido_via;condicao_metereologica;tipo_pista;tracado_via;uso_solo;pessoas;mortos;feridos_leves;feridos_graves;ilesos;ignorados;feridos;veiculos;latitude;longitude;regional;delegacia;uop;;;
712733;19/08/2025;ter�a-feira;19:20:00;SE;235;3;NOSSA SENHORA DO SOCORRO;Defici�ncia do Sistema de Ilumina��o/Sinaliza��o;Atropelamento de Animal;Com V�timas Feridas;Plena Noite;Crescente;C�u Claro;Dupla;Reta;Sim;2;0;1;0;1;0;1;1;-10,905579;-37,107197;SPRF-SE;DEL01-SE;UOP01-DEL01-SE;;;
712734;02/03/2025;domingo;05:00:00;TO;242;425;FORMOSO DO ARAGUAIA;Aus�ncia de rea��o do condutor;Sa�da de leito carro��vel;Com V�timas Fatais;Amanhecer;Crescente;C�u Claro;Simples;Curva;N�o;3;1;2;0;0;0;2;1;-11,921044;-49,330429;SPRF-TO;DEL01-TO;UOP02-DEL01-TO;;;
712735;19/08/2025;ter�a-feira;20:15:00;SC;282;2,9;FLORIANOPOLIS;Manobra de mudan�a de faixa;Colis�o transversal;Com V�timas Feridas;Plena Noite;Crescente;Nublado;M�ltipla;Reta;Sim;3;0;2;0;1;0;2;2;-27,60216665;-48,59666534;SPRF-SC;DEL01-SC;UOP01-DEL01-SC;;;
712737;19/08/2025;ter�a-feira;20:40:00;SP;116;155;SAO JOSE DOS CAMPOS;Entrada inopinada do pedestre;Atropelamento de Pedestre;Com V�timas Feridas;Plena Noite;Decrescente;C�u Claro;M�ltipla;Reta;Sim;2;0;1;1;0;0;2;2;-23,23962532;-45,92167139;SPRF-SP;DEL02-SP;UOP01-DEL02-SP;;;
712738;19/08/2025;ter�a-feira;19:40:00;RS;116;361,8;TAPES;Aus�ncia de rea��o do condutor;Colis�o com objeto;Com V�timas Feridas;Plena Noite;Crescente;Nublado;Simples;Desvio Tempor�rio;N�o;1;0;1;0;0;0;1;1;-30,628673;-51,547949;SPRF-RS;DEL02-RS;UOP02-DEL02-RS;;;
712739;19/08/2025;ter�a-feira;20:50:00;ES;101;146,8;LINHARES;Rea��o tardia ou ineficiente do condutor;Colis�o traseira;Com V�timas Feridas;Plena Noite;Crescente;Nublado;Dupla;Reta;Sim;3;0;0;2;0;1;2;2;-19,377127;-40,06679046;SPRF-ES;DEL04-ES;UOP01-DEL04-ES;;;
712741;16/08/2025;s�bado;19:00:00;BA;324;530;FEIRA DE SANTANA;Demais falhas na via;Sa�da de leito carro��vel;Com V�timas Feridas;Plena Noite;Decrescente;Ignorado;Dupla;"Declive;Curva";N�o;2;0;2;0;0;0;2;1;-12,33700426;-38,84982347;SPRF-BA;DEL01-BA;UOP03-DEL01-BA;;;
712744;19/08/2025;ter�a-feira;20:40:00;BA;324;546;AMELIA RODRIGUES;Acessar a via sem observar a presen�a dos outros ve�culos;Atropelamento de Pedestre;Com V�timas Feridas;Plena Noite;Decrescente;C�u Claro;Dupla;Reta;Sim;2;0;1;0;1;0;1;2;-12,4019499;-38,7592804;SPRF-BA;DEL01-BA;UOP03-DEL01-BA;;;
712745;19/08/2025;ter�a-feira;22:05:00;RJ;101;72;CAMPOS DOS GOYTACAZES;Ilumina��o deficiente;Atropelamento de Pedestre;Com V�timas Fatais;Plena Noite;Crescente;C�u Claro;Simples;Reta;N�o;2;1;0;0;1;0;0;2;-21,79611;-41,392237;SPRF-RJ;DEL08-RJ;UOP02-DEL08-RJ;;;
712746;19/08/2025;ter�a-feira;20:33:00;MG;116;412;GOVERNADOR VALADARES;�rea urbana sem a presen�a de local apropriado para a travessia de pedestres;Colis�o transversal;Com V�timas Feridas;Plena Noite;Crescente;C�u Claro;Simples;Reta;Sim;2;0;1;1;0;0;2;2;-18,87426474;-41,9661626;SPRF-MG;DEL06-MG;UOP01-DEL06-MG;;;
712749;03/08/2025;domingo;21:30:00;MG;40;423,1;CURVELO;Transitar na contram�o;Colis�o frontal;Com V�timas Feridas;Plena Noite;Decrescente;C�u Claro;Dupla;Curva;N�o;2;0;0;1;1;0;1;2;-19,153573;-44,533622;SPRF-MG;DEL02-MG;UOP01-DEL02-MG;;;
712751;19/08/2025;ter�a-feira;21:40:00;SE;101;4;PROPRIA;Velocidade Incompat�vel;Sa�da de leito carro��vel;Com V�timas Feridas;Plena Noite;Decrescente;C�u Claro;Dupla;Curva;N�o;2;0;1;0;1;0;1;1;-10,232557;-36,848178;SPRF-SE;DEL02-SE;UOP02-DEL02-SE;;;
712752;19/08/2025;ter�a-feira;19:40:00;PI;222;74;PIRIPIRI;Aus�ncia de rea��o do condutor;Tombamento;Com V�timas Feridas;Plena Noite;Crescente;C�u Claro;Simples;Reta;N�o;1;0;0;1;0;0;1;1;-4,3155456;-41,7726464;SPRF-PI;DEL02-PI;UOP01-DEL02-PI;;;
712753;19/08/2025;ter�a-feira;22:20:00;PR;369;167,3;CAMBE;Condutor deixou de manter dist�ncia do ve�culo da frente;Colis�o traseira;Com V�timas Feridas;Plena Noite;Decrescente;C�u Claro;Dupla;Reta;N�o;1;0;0;1;0;0;1;1;-23,29680573;-51,3174146;SPRF-PR;DEL07-PR;UOP01-DEL07-PR;;;
712754;19/08/2025;ter�a-feira;22:20:00;RJ;101;334;RIO DE JANEIRO;Aus�ncia de rea��o do condutor;Colis�o com objeto;Com V�timas Feridas;Pleno dia;Crescente;C�u Claro;M�ltipla;Interse��o de Vias;Sim;1;0;1;0;0;0;1;1;-22,87206298;-43,204422;SPRF-RJ;DEL02-RJ;UOP01-DEL02-RJ;;;
712755;19/08/2025;ter�a-feira;23:16:00;SP;116;284;ITAPECERICA DA SERRA;Entrada inopinada do pedestre;Atropelamento de Pedestre;Com V�timas Feridas;Plena Noite;Decrescente;C�u Claro;Dupla;Curva;Sim;3;0;1;0;1;1;1;2;-23,68433203;-46,85917854;SPRF-SP;DEL04-SP;UOP01-DEL04-SP;;;
712759;19/08/2025;ter�a-feira;22:45:00;SP;116;41,5;CACHOEIRA PAULISTA;Avarias e/ou desgaste excessivo no pneu;Queda de ocupante de ve�culo;Com V�timas Feridas;Plena Noite;Decrescente;Nublado;Dupla;Reta;N�o;1;0;1;0;0;0;1;1;-22,67;-44,99;SPRF-SP;DEL08-SP;UOP02-DEL08-SP;;;
712761;19/08/2025;ter�a-feira;22:00:00;MS;163;495;CAMPO GRANDE;Aus�ncia de rea��o do condutor;Tombamento;Com V�timas Feridas;Plena Noite;Decrescente;C�u Claro;Dupla;Reta;N�o;1;0;0;1;0;0;1;1;-20,361385;-54,526793;SPRF-MS;DEL01-MS;UOP02-DEL01-MS;;;
712764;19/08/2025;ter�a-feira;19:15:00;GO;153;257,9;SAO LUIZ DO NORTE;Objeto est�tico sobre o leito carro��vel;Colis�o com objeto;Com V�timas Feridas;Plena Noite;Crescente;C�u Claro;Simples;Reta;N�o;6;0;3;0;3;0;3;2;-14,986557;-49,401727;SPRF-GO;DEL07-GO;UOP02-DEL07-GO;;;
712765;20/08/2025;quarta-feira;00:30:00;PE;232;63,3;POMBOS;Demais falhas mec�nicas ou el�tricas;Inc�ndio;Sem V�timas;Plena Noite;Crescente;Chuva;Dupla;"Aclive;Curva";N�o;1;0;0;0;0;1;0;1;-8,160813;-35,436109;SPRF-PE;DEL02-PE;UOP02-DEL02PE;;;
712768;19/08/2025;ter�a-feira;20:00:00;MT;174;148;MIRASSOL DOESTE;Velocidade Incompat�vel;Sa�da de leito carro��vel;Com V�timas Fatais;Plena Noite;Crescente;C�u Claro;Simples;Reta;N�o;2;2;0;0;0;0;0;1;-15,81822673;-58,27449821;SPRF-MT;DEL03-MT;UOP01-DEL03-MT;;;
712769;20/08/2025;quarta-feira;02:20:00;SC;101;111,4;NAVEGANTES;Condutor Dormindo;Sa�da de leito carro��vel;Com V�timas Feridas;Plena Noite;Decrescente;C�u Claro;Dupla;Interse��o de Vias;N�o;2;0;1;0;1;0;1;1;-26,8427;-48,71662;SPRF-SC;DEL04-SC;UOP04-DEL04-SC;;;
712770;19/08/2025;ter�a-feira;10:30:00;BA;324;622;SALVADOR;Condutor deixou de manter dist�ncia do ve�culo da frente;Engavetamento;Com V�timas Feridas;Pleno dia;Crescente;C�u Claro;Simples;Reta;Sim;9;0;2;0;6;1;2;7;-12,9296592;-38,46762085;SPRF-BA;DEL01-BA;UOP01-DEL01-BA;;;
712772;20/08/2025;quarta-feira;02:50:00;RN;101;81,7;NATAL;Ingest�o de �lcool pelo condutor;Colis�o com objeto;Sem V�timas;Plena Noite;Decrescente;Nublado;Dupla;Interse��o de Vias;Sim;1;0;0;0;1;0;0;1;-5,766719;-35,277617;SPRF-RN;DEL02-RN;UOP01-DEL02-RN;;;
712776;20/08/2025;quarta-feira;00:50:00;BA;407;46;JUAZEIRO;Transitar na contram�o;Colis�o frontal;Com V�timas Fatais;Plena Noite;Decrescente;C�u Claro;Simples;Reta;N�o;3;1;2;0;0;0;2;2;-9,783382;-40,3300947;SPRF-BA;DEL04-BA;UOP01-DEL04-BA;;;
712778;20/08/2025;quarta-feira;05:40:00;SC;470;45;GASPAR;Aus�ncia de rea��o do condutor;Colis�o com objeto;Com V�timas Feridas;Plena Noite;Crescente;Chuva;Simples;Reta;N�o;1;0;1;0;0;0;1;1;-26,86466882;-49,03370485;SPRF-SC;DEL04-SC;UOP01-DEL04-SC;;;
712779;19/08/2025;ter�a-feira;22:35:00;SC;280;58;GUARAMIRIM;Ingest�o de �lcool pelo condutor;Sa�da de leito carro��vel;Com V�timas Feridas;Plena Noite;Decrescente;Nublado;Dupla;"Rotat�ria;Curva";Sim;4;0;3;0;0;1;3;2;-26,47448091;-49,02011331;SPRF-SC;DEL03-SC;UOP03-DEL03-SC;;;
712780;20/08/2025;quarta-feira;05:30:00;BA;116;426;FEIRA DE SANTANA;Animais na Pista;Atropelamento de Animal;Sem V�timas;Amanhecer;Decrescente;Nevoeiro/Neblina;Dupla;Reta;Sim;1;0;0;0;1;0;0;1;-12,2556186;-38,9892799;SPRF-BA;DEL02-BA;UOP01-DEL02-BA;;;
712781;20/08/2025;quarta-feira;06:00:00;PR;376;5,2;APUCARANA;Condutor desrespeitou a ilumina��o vermelha do sem�foro;Colis�o transversal;Com V�timas Feridas;Plena Noite;Crescente;Garoa/Chuvisco;Simples;"Interse��o de Vias;Reta";Sim;2;0;1;0;1;0;1;2;-23,54435767;-51,45398084;SPRF-PR;DEL07-PR;UOP03-DEL07-PR;;;
712782;20/08/2025;quarta-feira;05:15:00;PR;277;623;CEU AZUL;Ultrapassagem Indevida;Colis�o lateral sentido oposto;Sem V�timas;Plena Noite;Crescente;C�u Claro;Simples;Reta;N�o;2;0;0;0;2;0;0;2;-25,09930859;-53,73681307;SPRF-PR;DEL05-PR;UOP02-DEL05-PR;;;
712783;20/08/2025;quarta-feira;06:15:00;RJ;101;416;MANGARATIBA;Condutor Dormindo;Colis�o com objeto;Com V�timas Feridas;Amanhecer;Crescente;C�u Claro;Simples;Curva;N�o;1;0;1;0;0;0;1;1;-22,91190415;-43,89517364;SPRF-RJ;DEL03-RJ;UOP02-DEL03-RJ;;;
712784;20/08/2025;quarta-feira;06:05:00;MG;40;544,7;NOVA LIMA;Pedestre andava na pista;Atropelamento de Pedestre;Com V�timas Feridas;Amanhecer;Crescente;C�u Claro;Dupla;"Curva;Declive";N�o;2;0;0;1;0;1;1;2;-20,00710477;-43,9644742;SPRF-MG;DEL01-MG;UOP02-DEL01-MG;;;
712785;20/08/2025;quarta-feira;06:00:00;SP;116;0,3;GUARULHOS;Aus�ncia de rea��o do condutor;Colis�o lateral mesmo sentido;Com V�timas Feridas;Pleno dia;Crescente;C�u Claro;Dupla;Curva;Sim;2;0;1;0;1;0;1;2;-23,455965;-46,490395;SPRF-SP;DEL01-SP;UOP01-DEL01-SP;;;
712788;20/08/2025;quarta-feira;06:50:00;ES;101;304,9;VIANA;Acessar a via sem observar a presen�a dos outros ve�culos;Colis�o transversal;Com V�timas Feridas;Amanhecer;Crescente;Sol;M�ltipla;Curva;Sim;2;0;1;1;0;0;2;2;-20,38450167;-40,46367335;SPRF-ES;DEL01-ES;UOP01-DEL01-ES;;;
712790;20/08/2025;quarta-feira;07:00:00;SP;116;204,5;GUARULHOS;Aus�ncia de rea��o do condutor;Queda de ocupante de ve�culo;Com V�timas Feridas;Pleno dia;Decrescente;C�u Claro;M�ltipla;Reta;Sim;1;0;1;0;0;0;1;1;-23,43743898;-46,43195005;SPRF-SP;DEL01-SP;UOP01-DEL01-SP;;;
712791;20/08/2025;quarta-feira;06:37:00;ES;259;90;BAIXO GUANDU;Demais falhas mec�nicas ou el�tricas;Queda de ocupante de ve�culo;Com V�timas Feridas;Pleno dia;Decrescente;C�u Claro;Simples;Reta;N�o;2;0;2;0;0;0;2;1;-19,515209;-40,909421;SPRF-ES;DEL02-ES;UOP01-DEL02-ES;;;
712792;20/08/2025;quarta-feira;06:40:00;PE;408;74,3;PAUDALHO;Aus�ncia de rea��o do condutor;Colis�o transversal;Com V�timas Fatais;Pleno dia;Crescente;C�u Claro;Dupla;Reta;Sim;2;2;0;0;0;0;0;2;-7,94034;-35,12467;SPRF-PE;DEL01-PE;UOP01-DEL01-PE;;;
712796;20/08/2025;quarta-feira;06:30:00;PE;101;72;RECIFE;Velocidade Incompat�vel;Colis�o traseira;Com V�timas Feridas;Pleno dia;Decrescente;C�u Claro;Dupla;Reta;N�o;2;0;2;0;0;0;2;2;-8,08247878;-34,94318454;SPRF-PE;DEL01-PE;UOP01-DEL01-PE;;;
712797;20/08/2025;quarta-feira;07:45:00;GO;60;105,9;GOIANAPOLIS;Rea��o tardia ou ineficiente do condutor;Sa�da de leito carro��vel;Com V�timas Feridas;Pleno dia;Crescente;C�u Claro;Dupla;Reta;N�o;1;0;0;1;0;0;1;1;-16,422058;-49,012924;SPRF-GO;DEL02-GO;UOP01-DEL02-GO;;;
712798;20/08/2025;quarta-feira;07:50:00;PR;277;132;BALSA NOVA;Acessar a via sem observar a presen�a dos outros ve�culos;Colis�o lateral sentido oposto;Com V�timas Feridas;Pleno dia;Crescente;Chuva;Simples;Reta;Sim;2;0;0;1;1;0;1;2;-25,462699;-49,587169;SPRF-PR;DEL03-PR;UOP03-DEL03-PR;;;
712799;20/08/2025;quarta-feira;07:30:00;RS;386;129,9;SARANDI;Convers�o proibida;Colis�o frontal;Com V�timas Feridas;Pleno dia;Crescente;Sol;Simples;Reta;Sim;5;0;1;3;1;0;4;2;-27,93295;-52,95959363;SPRF-RS;DEL08-RS;UOP01-DEL08-RS;;;
712803;20/08/2025;quarta-feira;08:00:00;GO;414;440,1;ANAPOLIS;Acessar a via sem observar a presen�a dos outros ve�culos;Colis�o transversal;Com V�timas Feridas;Pleno dia;Crescente;C�u Claro;Simples;Reta;Sim;4;0;2;0;1;1;2;3;-16,283034;-48,942907;SPRF-GO;DEL02-GO;UOP01-DEL02-GO;;;
712804;20/08/2025;quarta-feira;08:10:00;SP;116;291;ITAPECERICA DA SERRA;Trafegar com motocicleta (ou similar) entre as faixas;Colis�o lateral mesmo sentido;Com V�timas Feridas;Pleno dia;Decrescente;C�u Claro;Dupla;Reta;N�o;2;0;1;0;1;0;1;2;-23,72983535;-46,89427155;SPRF-SP;DEL04-SP;UOP01-DEL04-SP;;;
712805;20/08/2025;quarta-feira;06:20:00;MG;262;437;NOVA SERRANA;Avarias e/ou desgaste excessivo no pneu;Queda de ocupante de ve�culo;Com V�timas Feridas;Pleno dia;Decrescente;C�u Claro;Dupla;Reta;N�o;5;0;2;2;1;0;4;3;-19,87483;-44,95027;SPRF-MG;DEL08-MG;UOP03-DEL08-MG;;;
712809;09/08/2025;s�bado;03:30:00;RS;285;6;SAO BORJA;Velocidade Incompat�vel;Sa�da de leito carro��vel;Sem V�timas;Plena Noite;Crescente;C�u Claro;Simples;Reta;Sim;1;0;0;0;0;1;0;1;-28,63021041;-56,00040285;SPRF-RS;DEL12-RS;UOP01-DEL12-RS;;;
712811;20/08/2025;quarta-feira;06:00:00;SC;470;62,5;INDAIAL;Acessar a via sem observar a presen�a dos outros ve�culos;Colis�o transversal;Com V�timas Feridas;Pleno dia;Decrescente;Chuva;Simples;Reta;N�o;2;0;1;0;1;0;1;2;-26,8744347;-49,18581096;SPRF-SC;DEL04-SC;UOP01-DEL04-SC;;;
712812;20/08/2025;quarta-feira;07:30:00;RJ;101;333;NITEROI;Manobra de mudan�a de faixa;Colis�o traseira;Com V�timas Feridas;Pleno dia;Crescente;C�u Claro;Dupla;Reta;N�o;2;0;1;0;1;0;1;2;-22,8736033;-43,1226134;SPRF-RJ;DEL02-RJ;UOP01-DEL02-RJ;;;
712813;20/08/2025;quarta-feira;08:20:00;MG;50;172;UBERABA;Aus�ncia de rea��o do condutor;Colis�o com objeto;Com V�timas Feridas;Pleno dia;Crescente;C�u Claro;Dupla;Reta;Sim;2;0;2;0;0;0;2;1;-19,7534;-47,981;SPRF-MG;DEL13-MG;UOP01-DEL13-MG;;;
712814;20/08/2025;quarta-feira;07:30:00;PR;376;179;MARINGA;Rea��o tardia ou ineficiente do condutor;Tombamento;Com V�timas Feridas;Pleno dia;Decrescente;Chuva;Dupla;Reta;N�o;1;0;1;0;0;0;1;1;-23,42241;-51,9041;SPRF-PR;DEL09-PR;UOP01-DEL09-PR;;;
712815;20/08/2025;quarta-feira;01:02:00;MG;381;521;BRUMADINHO;Condutor Dormindo;Colis�o com objeto;Com V�timas Feridas;Plena Noite;Decrescente;C�u Claro;Dupla;Curva;N�o;4;0;1;0;3;0;1;1;-20,11759986;-44,30285043;SPRF-MG;DEL04-MG;UOP03-DEL04-MG;;;
712816;10/08/2025;domingo;19:20:00;ES;101;56,5;SAO MATEUS;Sinaliza��o mal posicionada;Colis�o com objeto;Com V�timas Feridas;Plena Noite;Decrescente;Nublado;Simples;Reta;N�o;3;0;1;0;2;0;1;1;-18,64566014;-39,87440435;SPRF-ES;DEL04-ES;UOP02-DEL04-ES;;;
712817;20/08/2025;quarta-feira;09:05:00;PB;230;21,9;JOAO PESSOA;Manobra de mudan�a de faixa;Colis�o lateral mesmo sentido;Com V�timas Feridas;Pleno dia;Decrescente;C�u Claro;Dupla;Reta;Sim;4;0;1;0;0;3;1;4;-7,15129176;-34,8530522;SPRF-PB;DEL01-PB;UOP01-DEL01-PB;;;
712818;20/08/2025;quarta-feira;08:50:00;PR;476;137;CURITIBA;Chuva;Colis�o lateral mesmo sentido;Com V�timas Feridas;Pleno dia;Decrescente;Chuva;M�ltipla;Reta;Sim;4;0;1;0;3;0;1;3;-25,50924763;-49,28625433;SPRF-PR;DEL01-PR;UOP03-DEL01-PR;;;
712819;20/08/2025;quarta-feira;08:45:00;BA;410;7;TUCANO;Manobra de mudan�a de faixa;Queda de ocupante de ve�culo;Com V�timas Feridas;Pleno dia;Crescente;C�u Claro;Simples;Reta;N�o;1;0;1;0;0;0;1;1;-10,847927;-38,583729;SPRF-BA;DEL07-BA;UOP02-DEL07-BA;;;
712820;20/08/2025;quarta-feira;07:00:00;SC;470;15,3;ILHOTA;Aus�ncia de rea��o do condutor;Sa�da de leito carro��vel;Sem V�timas;Pleno dia;Crescente;Chuva;Dupla;Curva;N�o;1;0;0;0;0;1;0;1;-26,83968222;-48,78550736;SPRF-SC;DEL04-SC;UOP04-DEL04-SC;;;
712821;20/08/2025;quarta-feira;08:00:00;RN;101;94;NATAL;Ingest�o de �lcool pelo condutor;Colis�o lateral mesmo sentido;Sem V�timas;Pleno dia;Crescente;C�u Claro;Simples;Reta;Sim;2;0;0;0;2;0;0;2;-5,82793;-35,210424;SPRF-RN;DEL01-RN;UOP01-DEL01-RN;;;
712822;20/08/2025;quarta-feira;09:00:00;SC;101;202,2;SAO JOSE;Demais falhas mec�nicas ou el�tricas;Colis�o lateral mesmo sentido;Com V�timas Feridas;Pleno dia;Crescente;Nublado;Dupla;Reta;N�o;2;0;1;0;1;0;1;2;-27,559323;-48,617848;SPRF-SC;DEL01-SC;UOP01-DEL01-SC;;;
712823;03/05/2025;s�bado;18:49:00;TO;153;202;NOVA OLINDA;Aus�ncia de rea��o do condutor;Colis�o transversal;Com V�timas Fatais;Plena Noite;Crescente;C�u Claro;Simples;Curva;N�o;7;2;0;2;3;0;2;2;-7,65429;-48,42705;SPRF-TO;DEL02-TO;UOP01-DEL02-TO;;;
712824;20/08/2025;quarta-feira;08:20:00;BA;324;624;SALVADOR;Rea��o tardia ou ineficiente do condutor;Engavetamento;Sem V�timas;Pleno dia;Crescente;C�u Claro;M�ltipla;"Em Obras;Aclive;Reta";Sim;3;0;0;0;3;0;0;3;-12,95010561;-38,47058487;SPRF-BA;DEL01-BA;UOP01-DEL01-BA;;;
712826;20/08/2025;quarta-feira;09:45:00;SP;116;72,2;APARECIDA;Animais na Pista;Atropelamento de Animal;Com V�timas Feridas;Pleno dia;Decrescente;Sol;M�ltipla;Declive;Sim;2;0;2;0;0;0;2;1;-22,86570659;-45,24160266;SPRF-SP;DEL08-SP;UOP01-DEL08-SP;;;
712827;15/07/2025;ter�a-feira;11:00:00;SC;282;16,4;PALHOCA;Acessar a via sem observar a presen�a dos outros ve�culos;Colis�o transversal;Com V�timas Feridas;Pleno dia;Decrescente;C�u Claro;Simples;Interse��o de Vias;Sim;2;0;0;1;1;0;1;2;-27,66175987;-48,68464708;SPRF-SC;DEL01-SC;UOP02-DEL01-SC;;;
712828;09/08/2025;s�bado;04:15:00;CE;222;0,8;FORTALEZA;Velocidade Incompat�vel;Colis�o com objeto;Sem V�timas;Amanhecer;Crescente;C�u Claro;M�ltipla;Reta;Sim;1;0;0;0;1;0;0;1;-3,73765451;-38,57696772;SPRF-CE;DEL01-CE;UOP01-DEL01-CE;;;
712829;20/08/2025;quarta-feira;09:20:00;PR;116;112;CURITIBA;Condutor deixou de manter dist�ncia do ve�culo da frente;Colis�o traseira;Sem V�timas;Pleno dia;Decrescente;Chuva;Dupla;Reta;Sim;2;0;0;0;2;0;0;2;-25,54812002;-49,28835265;SPRF-PR;DEL01-PR;UOP03-DEL01-PR;;;
712830;20/08/2025;quarta-feira;10:00:00;PE;408;74;PAUDALHO;Manobra de mudan�a de faixa;Colis�o traseira;Com V�timas Feridas;Pleno dia;Crescente;C�u Claro;M�ltipla;Reta;Sim;2;0;0;1;1;0;1;2;-7,94324024;-35,12128311;SPRF-PE;DEL01-PE;UOP01-DEL01-PE;;;
712831;20/08/2025;quarta-feira;08:00:00;BA;367;23;PORTO SEGURO;Convers�o proibida;Colis�o transversal;Com V�timas Feridas;Pleno dia;Decrescente;C�u Claro;Simples;Reta;Sim;2;0;1;0;1;0;1;2;-16,43497381;-39,0726614;SPRF-BA;DEL09-BA;UOP03-DEL09-BA;;;
712833;20/08/2025;quarta-feira;09:07:00;RJ;40;112;DUQUE DE CAXIAS;Manobra de mudan�a de faixa;Colis�o traseira;Com V�timas Feridas;Pleno dia;Crescente;C�u Claro;M�ltipla;Reta;Sim;2;0;1;0;1;0;1;2;-22,70186884;-43,29056959;SPRF-RJ;DEL01-RJ;UOP02-DEL01-RJ;;;
712834;19/08/2025;ter�a-feira;20:20:00;MT;158;717;BARRA DO GARCAS;Animais na Pista;Atropelamento de Animal;Com V�timas Fatais;Plena Noite;Decrescente;C�u Claro;Simples;Reta;N�o;2;1;0;1;0;0;1;1;-15,213788;-52,18086;SPRF-MT;DEL07-MT;UOP01-DEL07-MT;;;
712836;20/08/2025;quarta-feira;09:50:00;MG;381;699;LAVRAS;Aus�ncia de rea��o do condutor;Sa�da de leito carro��vel;Com V�timas Feridas;Pleno dia;Decrescente;Sol;Dupla;"Declive;Reta";N�o;2;0;2;0;0;0;2;1;-21,27474757;-45,13772826;SPRF-MG;DEL04-MG;UOP02-DEL04-MG;;;
712839;20/08/2025;quarta-feira;12:30:00;GO;60;182;ABADIA DE GOIAS;Pista Escorregadia;Queda de ocupante de ve�culo;Com V�timas Feridas;Pleno dia;Crescente;C�u Claro;Dupla;Reta;N�o;1;0;1;0;0;0;1;1;-16,790671;-49,503173;SPRF-GO;DEL01-GO;UOP02-DEL01-GO;;;
712840;20/08/2025;quarta-feira;12:00:00;RS;392;41;RIO GRANDE;Velocidade Incompat�vel;Colis�o traseira;Com V�timas Feridas;Pleno dia;Decrescente;C�u Claro;Dupla;Reta;Sim;2;0;0;1;1;0;1;2;-31,94962238;-52,30909467;SPRF-RS;DEL07-RS;UOP02-DEL07-RS;;;
712842;20/08/2025;quarta-feira;12:00:00;AL;101;40,9;FLEXEIRAS;Rea��o tardia ou ineficiente do condutor;Sa�da de leito carro��vel;Com V�timas Feridas;Pleno dia;Decrescente;Nublado;Dupla;Reta;N�o;2;0;2;0;0;0;2;1;-9,170902;-35,7744593;SPRF-AL;DEL01-AL;UOP02-DEL01-AL;;;
712843;20/08/2025;quarta-feira;12:30:00;SC;101;212;PALHOCA;Aus�ncia de rea��o do condutor;Colis�o lateral mesmo sentido;Com V�timas Feridas;Pleno dia;Crescente;Nublado;M�ltipla;Reta;N�o;2;0;1;0;1;0;1;2;-27,6288138;-48,65812389;SPRF-SC;DEL01-SC;UOP02-DEL01-SC;;;
712844;20/08/2025;quarta-feira;13:00:00;GO;153;496;GOIANIA;Entrada inopinada do pedestre;Atropelamento de Pedestre;Com V�timas Feridas;Pleno dia;Crescente;C�u Claro;Dupla;Reta;Sim;3;0;0;1;2;0;1;2;-16,627503;-49,205769;SPRF-GO;DEL01-GO;UOP01-DEL01-GO;;;
712846;20/08/2025;quarta-feira;13:00:00;RJ;116;310;RESENDE;Rea��o tardia ou ineficiente do condutor;Queda de ocupante de ve�culo;Com V�timas Feridas;Pleno dia;Crescente;C�u Claro;Simples;Reta;N�o;1;0;1;0;0;0;1;1;-22,47287652;-44,49659228;SPRF-RJ;DEL07-RJ;UOP02-DEL07-RJ;;;
712847;20/08/2025;quarta-feira;13:20:00;SP;153;75;BADY BASSITT;Aus�ncia de rea��o do condutor;Sa�da de leito carro��vel;Com V�timas Feridas;Pleno dia;Crescente;Nublado;Dupla;"Reta;Declive";N�o;1;0;1;0;0;0;1;1;-20,894808;-49,43488;SPRF-SP;DEL09-SP;UOP01-DEL09-SP;;;
712848;20/08/2025;quarta-feira;11:40:00;RJ;101;386;RIO DE JANEIRO;Avarias e/ou desgaste excessivo no pneu;Queda de ocupante de ve�culo;Com V�timas Feridas;Pleno dia;Decrescente;C�u Claro;M�ltipla;Reta;Sim;2;0;1;0;1;0;1;1;-22,88400387;-43,64309192;SPRF-RJ;DEL03-RJ;UOP01-DEL03-RJ;;;
712849;20/08/2025;quarta-feira;13:35:00;SC;101;208,5;SAO JOSE;Condutor desrespeitou a ilumina��o vermelha do sem�foro;Colis�o transversal;Com V�timas Feridas;Pleno dia;Crescente;C�u Claro;M�ltipla;"Aclive;Curva;Interse��o de Vias;Rotat�ria";Sim;2;0;1;0;1;0;1;2;-27,60616001;-48,63532512;SPRF-SC;DEL01-SC;UOP01-DEL01-SC;;;
712851;07/07/2025;segunda-feira;19:20:00;RJ;116;193;NOVA IGUACU;Aus�ncia de rea��o do condutor;Colis�o traseira;Com V�timas Feridas;Plena Noite;Decrescente;C�u Claro;Dupla;Reta;N�o;2;0;1;0;0;1;1;2;-22,74149983;-43,53190362;SPRF-RJ;DEL06-RJ;UOP01-DEL06-RJ;;;
712853;20/08/2025;quarta-feira;12:30:00;MT;174;94,3;CACERES;Rea��o tardia ou ineficiente do condutor;Sa�da de leito carro��vel;Com V�timas Feridas;Pleno dia;Decrescente;C�u Claro;Simples;Reta;N�o;1;0;1;0;0;0;1;1;-15,85567351;-57,84301758;SPRF-MT;DEL03-MT;UOP01-DEL03-MT;;;