id;data_inversa;dia_semana;horario;uf;br;km;municipio;causa_acidente;tipo_acidente;classificacao_acidente;fase_dia;sentido_via;condicao_metereologica;tipo_pista;tracado_via;uso_solo;pessoas;mortos;feridos_leves;feridos_graves;ilesos;ignorados;feridos;veiculos;latitude;longitude;regional;delegacia;uop;;;
712855;23/06/2025;segunda-feira;17:05:00;AC;364;136;RIO BRANCO;Acessar a via sem observar a presen�a dos outros ve�culos;Colis�o transversal;Com V�timas Feridas;Anoitecer;Crescente;C�u Claro;Simples;Rotat�ria;Sim;2;0;1;0;1;0;1;2;-9,97746248;-67,84883738;SPRF-AC;DEL01-AC;UOP01-DEL01-AC;;;
712857;12/08/2025;ter�a-feira;18:20:00;RJ;393;105;SAPUCAIA;Convers�o proibida;Colis�o transversal;Com V�timas Feridas;Plena Noite;Crescente;C�u Claro;Simples;Reta;Sim;2;0;1;0;1;0;1;2;-21,887723;-42,697994;SPRF-RJ;DEL05-RJ;UOP01-DEL05-RJ;;;
712860;20/08/2025;quarta-feira;12:20:00;SC;116;220;CORREIA PINTO;Pedestre cruzava a pista fora da faixa;Atropelamento de Pedestre;Com V�timas Feridas;Pleno dia;Decrescente;C�u Claro;Simples;Reta;Sim;4;0;0;1;3;0;1;2;-27,58895547;-50,3637743;SPRF-SC;DEL05-SC;UOP03-DEL05-SC;;;
712861;20/08/2025;quarta-feira;14:17:00;RS;290;40;SANTO ANTONIO DA PATRULHA;Velocidade Incompat�vel;Colis�o traseira;Com V�timas Feridas;Pleno dia;Crescente;C�u Claro;M�ltipla;Reta;N�o;2;0;1;0;1;0;1;2;-29,90247832;-50,6892829;SPRF-RS;DEL03-RS;UOP01-DEL03-RS;;;
712863;20/08/2025;quarta-feira;15:00:00;MG;50;145;UBERABA;Demais falhas mec�nicas ou el�tricas;Inc�ndio;Sem V�timas;Pleno dia;Decrescente;C�u Claro;Dupla;Reta;N�o;1;0;0;0;1;0;0;1;-19,5194;-48,0405;SPRF-MG;DEL13-MG;UOP01-DEL13-MG;;;
712864;20/08/2025;quarta-feira;09:20:00;SC;280;2,8;SAO FRANCISCO DO SUL;Retorno proibido;Colis�o frontal;Com V�timas Feridas;Pleno dia;Decrescente;Chuva;Simples;Reta;N�o;4;0;1;0;2;1;1;3;-26,24292455;-48,61655116;SPRF-SC;DEL03-SC;UOP03-DEL03-SC;;;
712867;20/08/2025;quarta-feira;12:10:00;RJ;493;3;ITABORAI;Avarias e/ou desgaste excessivo no pneu;Queda de ocupante de ve�culo;Com V�timas Feridas;Pleno dia;Crescente;C�u Claro;Dupla;Reta;Sim;2;0;2;0;0;0;2;1;-22,75892834;-42,93568611;SPRF-RJ;DEL02-RJ;UOP02-DEL02-RJ;;;
712869;20/08/2025;quarta-feira;15:20:00;ES;101;266,3;SERRA;Demais falhas mec�nicas ou el�tricas;Tombamento;Com V�timas Feridas;Pleno dia;Decrescente;Sol;M�ltipla;Reta;Sim;2;0;2;0;0;0;2;1;-20,1929442;-40,2688107;SPRF-ES;DEL02-ES;UOP01-DEL02-ES;;;
712870;20/08/2025;quarta-feira;14:44:00;SP;116;111;TAUBATE;Aus�ncia de rea��o do condutor;Tombamento;Com V�timas Feridas;Pleno dia;Decrescente;C�u Claro;Dupla;Reta;Sim;1;0;1;0;0;0;1;1;-23,04037018;-45,5659647;SPRF-SP;DEL02-SP;UOP02-DEL02-SP;;;
712871;20/08/2025;quarta-feira;12:07:00;RO;364;340;JI-PARANA;Aus�ncia de rea��o do condutor;Colis�o traseira;Com V�timas Feridas;Pleno dia;Decrescente;Chuva;Dupla;"Interse��o de Vias;Reta";Sim;2;0;1;0;1;0;1;2;-10,892303;-61,930805;SPRF-RO;DEL02-RO;UOP01-DEL02-RO;;;
712872;20/08/2025;quarta-feira;14:30:00;RO;319;143;PORTO VELHO;Aus�ncia de rea��o do condutor;Colis�o transversal;Com V�timas Feridas;Pleno dia;Crescente;Nublado;Dupla;Interse��o de Vias;Sim;2;0;0;1;1;0;1;2;-8,76104084;-63,88562357;SPRF-RO;DEL01-RO;UOP01-DEL01-RO;;;
712874;20/08/2025;quarta-feira;12:46:00;AC;364;138;RIO BRANCO;Ultrapassagem Indevida;Colis�o lateral mesmo sentido;Com V�timas Feridas;Pleno dia;Crescente;C�u Claro;Dupla;Rotat�ria;Sim;3;0;2;0;1;0;2;2;-9,95271228;-67,86204147;SPRF-AC;DEL01-AC;UOP01-DEL01-AC;;;
712876;20/08/2025;quarta-feira;16:50:00;SC;101;209;FLORIANOPOLIS;Manobra de mudan�a de faixa;Colis�o lateral mesmo sentido;Com V�timas Feridas;Pleno dia;Decrescente;C�u Claro;M�ltipla;Reta;Sim;2;0;1;0;1;0;1;2;-27,5936856;-48,60224811;SPRF-SC;DEL01-SC;UOP01-DEL01-SC;;;
712879;29/07/2025;ter�a-feira;06:20:00;AL;101;106,8;SAO MIGUEL DOS CAMPOS;Chuva;Sa�da de leito carro��vel;Com V�timas Feridas;Amanhecer;Decrescente;Chuva;Dupla;Reta;N�o;1;0;0;1;0;0;1;1;-9,8071069;-36,1157659;SPRF-AL;DEL02-AL;UOP01-DEL02-AL;;;
712880;20/08/2025;quarta-feira;15:35:00;PE;101;69;RECIFE;Velocidade Incompat�vel;Colis�o traseira;Com V�timas Feridas;Pleno dia;Decrescente;Nublado;Dupla;Reta;Sim;3;0;2;0;1;0;2;3;-8,067475;-34,941478;SPRF-PE;DEL01-PE;UOP01-DEL01-PE;;;
712881;20/08/2025;quarta-feira;14:20:00;MG;365;478;PATROCINIO;Demais falhas mec�nicas ou el�tricas;Inc�ndio;Sem V�timas;Pleno dia;Decrescente;Sol;Simples;Reta;N�o;1;0;0;0;0;1;0;1;-18,909;-47,045;SPRF-MG;DEL10-MG;UOP01-DEL10-MG;;;
712885;20/08/2025;quarta-feira;15:00:00;CE;116;495;BREJO SANTO;Rea��o tardia ou ineficiente do condutor;Colis�o transversal;Com V�timas Feridas;Pleno dia;Crescente;C�u Claro;Simples;Reta;N�o;4;0;2;0;2;0;2;2;-7,457686;-38,974309;SPRF-CE;DEL05-CE;UOP03-DEL05-CE;;;
712886;20/08/2025;quarta-feira;12:16:00;PR;277;485,6;NOVA LARANJEIRAS;Acumulo de areia ou detritos sobre o pavimento;Queda de ocupante de ve�culo;Com V�timas Feridas;Pleno dia;Decrescente;C�u Claro;Simples;"Declive;Curva";N�o;1;0;1;0;0;0;1;1;-25,249502;-52,628545;SPRF-PR;DEL04-PR;UOP02-DEL04-PR;;;
712887;20/08/2025;quarta-feira;16:00:00;RN;101;94;NATAL;Manobra de mudan�a de faixa;Queda de ocupante de ve�culo;Com V�timas Feridas;Pleno dia;Decrescente;C�u Claro;Dupla;Reta;Sim;2;0;1;0;0;1;1;2;-5,83281714;-35,21194565;SPRF-RN;DEL01-RN;UOP01-DEL01-RN;;;
712889;20/08/2025;quarta-feira;17:00:00;MG;381;439;SANTA LUZIA;Acessar a via sem observar a presen�a dos outros ve�culos;Colis�o transversal;Com V�timas Feridas;Pleno dia;Crescente;C�u Claro;Simples;Reta;N�o;2;0;0;1;1;0;1;2;-19,821492;-43,812419;SPRF-MG;DEL01-MG;UOP01-DEL01-MG;;;
712890;20/08/2025;quarta-feira;17:05:00;BA;116;422;FEIRA DE SANTANA;Desrespeitar a prefer�ncia no cruzamento;Colis�o transversal;Com V�timas Feridas;Pleno dia;Decrescente;C�u Claro;M�ltipla;"Interse��o de Vias;Reta";Sim;2;0;0;1;1;0;1;2;-12,230424;-38,966511;SPRF-BA;DEL02-BA;UOP01-DEL02-BA;;;
712892;20/08/2025;quarta-feira;17:20:00;TO;153;333;GUARAI;Acessar a via sem observar a presen�a dos outros ve�culos;Colis�o transversal;Com V�timas Feridas;Pleno dia;Crescente;C�u Claro;M�ltipla;Rotat�ria;Sim;2;0;1;0;1;0;1;2;-8,82964071;-48,51248056;SPRF-TO;DEL02-TO;UOP02-DEL02-TO;;;
712894;20/08/2025;quarta-feira;15:15:00;RJ;493;24;MAGE;Retorno proibido;Colis�o transversal;Com V�timas Feridas;Pleno dia;Crescente;C�u Claro;Simples;Reta;N�o;2;0;1;0;1;0;1;2;-22,65776057;-43,07578252;SPRF-RJ;DEL04-RJ;UOP02-DEL04-RJ;;;
712895;20/08/2025;quarta-feira;17:20:00;ES;101;140;LINHARES;Pista Escorregadia;Tombamento;Com V�timas Feridas;Anoitecer;Decrescente;C�u Claro;M�ltipla;Reta;Sim;1;0;1;0;0;0;1;1;-19,31833719;-40,07534593;SPRF-ES;DEL04-ES;UOP01-DEL04-ES;;;
712896;20/08/2025;quarta-feira;15:15:00;RJ;101;462;ANGRA DOS REIS;Demais falhas mec�nicas ou el�tricas;Sa�da de leito carro��vel;Com V�timas Feridas;Pleno dia;Decrescente;C�u Claro;Simples;Curva;N�o;2;0;2;0;0;0;2;1;-23,030507;-44,207163;SPRF-RJ;DEL03-RJ;UOP03-DEL03-RJ;;;
712898;20/08/2025;quarta-feira;16:50:00;RJ;116;253;PIRAI;Rea��o tardia ou ineficiente do condutor;Tombamento;Com V�timas Feridas;Anoitecer;Decrescente;C�u Claro;Dupla;"Aclive;Reta";N�o;1;0;1;0;0;0;1;1;-22,5819869;-43,9739197;SPRF-RJ;DEL07-RJ;UOP01-DEL07-RJ;;;
712899;11/07/2025;sexta-feira;11:20:00;PE;101;117,3;IPOJUCA;Manobra de mudan�a de faixa;Colis�o lateral mesmo sentido;Sem V�timas;Pleno dia;Crescente;C�u Claro;Dupla;Curva;N�o;3;0;0;0;3;0;0;2;-8,352827;-35,154457;SPRF-PE;DEL01-PE;UOP03-DEL01-PE;;;
712900;20/08/2025;quarta-feira;17:30:00;PR;369;231,5;JANDAIA DO SUL;Acessar a via sem observar a presen�a dos outros ve�culos;Colis�o transversal;Com V�timas Feridas;Anoitecer;Crescente;C�u Claro;Simples;Interse��o de Vias;N�o;4;0;2;0;2;0;2;2;-23,60214526;-51,66610301;SPRF-PR;DEL09-PR;UOP01-DEL09-PR;;;
712902;20/08/2025;quarta-feira;17:30:00;PR;369;160;CAMBE;Rea��o tardia ou ineficiente do condutor;Colis�o traseira;Com V�timas Feridas;Anoitecer;Decrescente;C�u Claro;Dupla;Reta;Sim;4;0;1;0;3;0;1;2;-23,282;-51,25;SPRF-PR;DEL07-PR;UOP01-DEL07-PR;;;
712904;20/08/2025;quarta-feira;17:10:00;CE;116;15;FORTALEZA;Objeto est�tico sobre o leito carro��vel;Colis�o com objeto;Com V�timas Feridas;Pleno dia;Crescente;C�u Claro;Dupla;Reta;N�o;2;0;1;0;1;0;1;2;-3,88274099;-38,50122213;SPRF-CE;DEL01-CE;UOP02-DEL01-CE;;;
712905;20/08/2025;quarta-feira;16:00:00;RN;226;176,2;CURRAIS NOVOS;Acessar a via sem observar a presen�a dos outros ve�culos;Colis�o transversal;Com V�timas Feridas;Pleno dia;Decrescente;C�u Claro;Dupla;Curva;Sim;3;0;2;0;1;0;2;2;-6,26246773;-36,51700974;SPRF-RN;DEL03-RN;UOP02-DEL03-RN;;;
712906;20/08/2025;quarta-feira;18:40:00;RJ;116;330;ITATIAIA;Pedestre cruzava a pista fora da faixa;Atropelamento de Pedestre;Com V�timas Fatais;Plena Noite;Decrescente;C�u Claro;Dupla;Reta;N�o;2;1;0;0;1;0;0;2;-22,5052138;-44,6116548;SPRF-RJ;DEL07-RJ;UOP02-DEL07-RJ;;;
712908;20/08/2025;quarta-feira;17:00:00;RS;470;8;BARRACAO;Convers�o proibida;Colis�o transversal;Com V�timas Feridas;Anoitecer;Decrescente;C�u Claro;Simples;Reta;N�o;2;0;2;0;0;0;2;2;-27,6549178;-51,45960689;SPRF-RS;DEL08-RS;UOP05-DEL08-RS;;;
712910;20/08/2025;quarta-feira;17:30:00;SC;101;119;ITAJAI;Transitar no Acostamento;Colis�o lateral mesmo sentido;Com V�timas Feridas;Anoitecer;Crescente;Nublado;Dupla;Reta;N�o;2;0;1;0;1;0;1;2;-26,90544285;-48,71513844;SPRF-SC;DEL04-SC;UOP04-DEL04-SC;;;
712911;20/08/2025;quarta-feira;17:00:00;RS;285;203,7;LAGOA VERMELHA;Aus�ncia de rea��o do condutor;Sa�da de leito carro��vel;Com V�timas Fatais;Pleno dia;Crescente;C�u Claro;Simples;Curva;N�o;1;1;0;0;0;0;0;1;-28,21124859;-51,56217456;SPRF-RS;DEL08-RS;UOP05-DEL08-RS;;;
712912;20/08/2025;quarta-feira;18:49:00;SP;116;134,8;SAO JOSE DOS CAMPOS;Aus�ncia de rea��o do condutor;Colis�o traseira;Com V�timas Feridas;Plena Noite;Crescente;C�u Claro;Dupla;"Aclive;Reta";Sim;3;0;0;1;1;1;1;3;-23,14447107;-45,76760863;SPRF-SP;DEL02-SP;UOP01-DEL02-SP;;;
712914;20/08/2025;quarta-feira;16:30:00;SC;480;125,8;CHAPECO;Pedestre cruzava a pista fora da faixa;Atropelamento de Pedestre;Com V�timas Feridas;Pleno dia;Decrescente;Sol;Simples;Reta;Sim;2;0;1;0;1;0;1;2;-27,01107798;-52,6402448;SPRF-SC;DEL07-SC;UOP01-DEL07-SC;;;
712916;20/08/2025;quarta-feira;15:30:00;MT;70;6;BARRA DO GARCAS;Aus�ncia de rea��o do condutor;Queda de ocupante de ve�culo;Com V�timas Feridas;Pleno dia;Decrescente;C�u Claro;Dupla;"Reta;Declive";Sim;2;0;2;0;0;0;2;1;-15,87879041;-52,29045868;SPRF-MT;DEL07-MT;UOP01-DEL07-MT;;;
712917;20/08/2025;quarta-feira;18:50:00;SC;101;137;BALNEARIO CAMBORIU;Rea��o tardia ou ineficiente do condutor;Tombamento;Com V�timas Feridas;Anoitecer;Decrescente;C�u Claro;Dupla;Reta;Sim;1;0;0;1;0;0;1;1;-27,02067216;-48,6096096;SPRF-SC;DEL04-SC;UOP03-DEL04-SC;;;
712918;20/08/2025;quarta-feira;19:00:00;GO;153;431,5;ANAPOLIS;Aus�ncia de rea��o do condutor;Sa�da de leito carro��vel;Com V�timas Feridas;Plena Noite;Decrescente;C�u Claro;Dupla;"Reta;Declive";Sim;1;0;1;0;0;0;1;1;-16,25594034;-48,99063349;SPRF-GO;DEL02-GO;UOP01-DEL02-GO;;;
712919;20/08/2025;quarta-feira;10:15:00;MG;40;477,7;SETE LAGOAS;Acumulo de areia ou detritos sobre o pavimento;Sa�da de leito carro��vel;Com V�timas Feridas;Pleno dia;Crescente;C�u Claro;Dupla;"Reta;Declive";N�o;1;0;1;0;0;0;1;1;-19,52584;-44,26182;SPRF-MG;DEL02-MG;UOP01-DEL02-MG;;;
712920;20/08/2025;quarta-feira;16:30:00;MT;70;524;VARZEA GRANDE;Convers�o proibida;Colis�o transversal;Com V�timas Feridas;Anoitecer;Crescente;C�u Claro;Simples;Reta;N�o;2;0;1;0;1;0;1;2;-15,65110818;-56,19878054;SPRF-MT;DEL01-MT;UOP02-DEL01-MT;;;
712921;20/08/2025;quarta-feira;17:00:00;RJ;116;201;SEROPEDICA;Manobra de mudan�a de faixa;Colis�o lateral mesmo sentido;Com V�timas Feridas;Pleno dia;Decrescente;C�u Claro;Dupla;Reta;Sim;3;0;1;0;2;0;1;2;-22,7225649;-43,67197931;SPRF-RJ;DEL06-RJ;UOP02-DEL06-RJ;;;
712924;20/08/2025;quarta-feira;18:10:00;PA;155;327;MARABA;Demais falhas mec�nicas ou el�tricas;Inc�ndio;Sem V�timas;Anoitecer;Crescente;C�u Claro;Simples;Reta;N�o;1;0;0;0;1;0;0;1;-5,514787;-49,074745;SPRF-PA;DEL03-PA;UOP01-DEL03-PA;;;
712927;20/08/2025;quarta-feira;19:00:00;PE;316;18,4;ARARIPINA;Pedestre cruzava a pista fora da faixa;Atropelamento de Pedestre;Com V�timas Feridas;Plena Noite;Decrescente;C�u Claro;Simples;Reta;N�o;3;0;1;0;2;0;1;2;-7,549425;-40,542572;SPRF-PE;DEL05-PE;UOP02-DEL05-PE;;;
712928;20/08/2025;quarta-feira;20:00:00;RJ;116;175;SAO JOAO DE MERITI;Aus�ncia de rea��o do condutor;Colis�o lateral mesmo sentido;Com V�timas Feridas;Plena Noite;Crescente;C�u Claro;Dupla;Reta;N�o;2;0;1;0;0;1;1;2;-22,78978715;-43,37164013;SPRF-RJ;DEL06-RJ;UOP01-DEL06-RJ;;;
712930;20/08/2025;quarta-feira;20:12:00;SP;116;211,9;GUARULHOS;Pedestre andava na pista;Atropelamento de Pedestre;Com V�timas Fatais;Plena Noite;Crescente;C�u Claro;M�ltipla;"Interse��o de Vias;Reta";Sim;2;1;0;0;0;1;0;2;-23,43661343;-46,42973017;SPRF-SP;DEL01-SP;UOP01-DEL01-SP;;;
712932;20/08/2025;quarta-feira;18:50:00;PI;343;188,5;PIRIPIRI;Aus�ncia de rea��o do condutor;Atropelamento de Pedestre;Com V�timas Feridas;Anoitecer;Decrescente;C�u Claro;Simples;Reta;N�o;2;0;1;1;0;0;2;2;-4,31107;-41,77391;SPRF-PI;DEL02-PI;UOP01-DEL02-PI;;;
712934;04/08/2025;segunda-feira;06:45:00;MG;116;725,1;LARANJAL;Condutor Dormindo;Sa�da de leito carro��vel;Com V�timas Feridas;Amanhecer;Decrescente;Nublado;Simples;Reta;N�o;1;0;1;0;0;0;1;1;-21,28393606;-42,41615295;SPRF-MG;DEL07-MG;UOP02-DEL07-MG;;;
712936;20/08/2025;quarta-feira;19:10:00;SC;101;303;LAGUNA;Aus�ncia de rea��o do condutor;Colis�o traseira;Com V�timas Feridas;Plena Noite;Crescente;Ignorado;M�ltipla;Reta;Sim;2;0;0;1;0;1;1;2;-28,381944;-48,769148;SPRF-SC;DEL02-SC;UOP03-DEL02-SC;;;
712938;20/08/2025;quarta-feira;19:40:00;BA;324;626;SALVADOR;Aus�ncia de rea��o do condutor;Queda de ocupante de ve�culo;Com V�timas Feridas;Plena Noite;Decrescente;C�u Claro;M�ltipla;Reta;Sim;6;0;2;0;4;0;2;4;-12,956476;-38,471423;SPRF-BA;DEL01-BA;UOP01-DEL01-BA;;;
712940;20/08/2025;quarta-feira;21:00:00;SC;101;211;SAO JOSE;Velocidade Incompat�vel;Queda de ocupante de ve�culo;Com V�timas Feridas;Plena Noite;Crescente;C�u Claro;M�ltipla;Reta;N�o;1;0;1;0;0;0;1;1;-27,62208538;-48,65067959;SPRF-SC;DEL01-SC;UOP02-DEL01-SC;;;
712943;20/08/2025;quarta-feira;20:30:00;PR;369;55,3;BANDEIRANTES;Condutor desrespeitou a ilumina��o vermelha do sem�foro;Colis�o transversal;Com V�timas Feridas;Plena Noite;Decrescente;C�u Claro;Simples;"Reta;Interse��o de Vias;Declive";Sim;2;0;1;0;1;0;1;2;-23,1097898;-50,37101476;SPRF-PR;DEL07-PR;UOP05-DEL07-PR;;;
712944;20/08/2025;quarta-feira;18:30:00;MA;135;259,4;CAPINZAL DO NORTE;Demais falhas na via;Colis�o frontal;Com V�timas Fatais;Plena Noite;Decrescente;C�u Claro;Simples;Reta;Sim;2;1;0;0;1;0;0;2;-4,652542;-44,336743;SPRF-MA;DEL03-MA;UOP01-DEL03-MA;;;
712946;20/08/2025;quarta-feira;21:30:00;PI;343;16;PARNAIBA;Animais na Pista;Atropelamento de Animal;Com V�timas Feridas;Plena Noite;Crescente;C�u Claro;Simples;Reta;Sim;1;0;1;0;0;0;1;1;-2,95030544;-41,7573595;SPRF-PI;DEL05-PI;UOP01-DEL05-PI;;;
712947;20/08/2025;quarta-feira;14:00:00;MG;40;486,9;SETE LAGOAS;Pedestre andava na pista;Sinistro pessoal de tr�nsito;Sem V�timas;Pleno dia;Decrescente;C�u Claro;Dupla;"Aclive;Reta";N�o;2;0;0;0;0;2;0;2;-19,59742;-44,22364;SPRF-MG;DEL02-MG;UOP01-DEL02-MG;;;
712948;20/08/2025;quarta-feira;19:45:00;SC;153;74;IRANI;Demais falhas mec�nicas ou el�tricas;Inc�ndio;Sem V�timas;Plena Noite;Crescente;C�u Claro;Simples;Curva;N�o;1;0;0;0;1;0;0;1;-27,08539835;-51,91073728;SPRF-SC;DEL07-SC;UOP04-DEL07-SC;;;
712949;20/08/2025;quarta-feira;22:10:00;BA;116;425;FEIRA DE SANTANA;Retorno proibido;Colis�o transversal;Com V�timas Feridas;Plena Noite;Crescente;C�u Claro;Dupla;"Declive;Reta";Sim;2;0;1;0;0;1;1;2;-12,24807439;-38,98764985;SPRF-BA;DEL02-BA;UOP01-DEL02-BA;;;
712950;20/08/2025;quarta-feira;19:00:00;RJ;116;147;DUQUE DE CAXIAS;Rea��o tardia ou ineficiente do condutor;Colis�o traseira;Com V�timas Feridas;Plena Noite;Decrescente;C�u Claro;Dupla;Reta;Sim;2;0;1;0;1;0;1;2;-22,669477;-43,271983;SPRF-RJ;DEL01-RJ;UOP02-DEL01-RJ;;;
712951;12/07/2025;s�bado;04:00:00;DF;80;23;BRASILIA;Transitar na contram�o;Colis�o frontal;Com V�timas Fatais;Plena Noite;Crescente;C�u Claro;Simples;Reta;N�o;2;2;0;0;0;0;0;2;-15,63284548;-48,20013579;SPRF-DF;DEL03-DF;UOP02-DEL03-DF;;;
712953;20/08/2025;quarta-feira;21:00:00;MG;262;665;ARAXA;Condutor Dormindo;Colis�o com objeto;Com V�timas Feridas;Plena Noite;Decrescente;C�u Claro;Simples;Reta;N�o;2;0;1;1;0;0;2;1;-19,547946;-46,846515;SPRF-MG;DEL08-MG;UOP01-DEL08-MG;;;
712955;20/08/2025;quarta-feira;18:42:00;AC;364;123;RIO BRANCO;Rea��o tardia ou ineficiente do condutor;Colis�o traseira;Com V�timas Feridas;Plena Noite;Decrescente;Nublado;Dupla;Reta;Sim;3;0;2;0;1;0;2;2;-10,01189524;-67,77991796;SPRF-AC;DEL01-AC;UOP01-DEL01-AC;;;
712956;20/08/2025;quarta-feira;23:15:00;GO;70;6;AGUAS LINDAS DE GOIAS;Ingest�o de �lcool pelo condutor;Sa�da de leito carro��vel;Com V�timas Feridas;Plena Noite;Decrescente;C�u Claro;M�ltipla;Reta;Sim;2;0;0;2;0;0;2;1;-15,741597;-48,270093;SPRF-DF;DEL03-DF;UOP02-DEL03-DF;;;
712960;21/08/2025;quinta-feira;00:35:00;SP;116;229;SAO PAULO;Entrada inopinada do pedestre;Atropelamento de Pedestre;Com V�timas Feridas;Plena Noite;Crescente;Ignorado;M�ltipla;Reta;Sim;2;0;0;1;1;0;1;2;-23,50956606;-46,57350731;SPRF-SP;DEL01-SP;UOP01-DEL01-SP;;;
712961;21/08/2025;quinta-feira;00:30:00;RS;392;350,6;SANTA MARIA;Animais na Pista;Atropelamento de Animal;Com V�timas Feridas;Plena Noite;Decrescente;Nublado;Simples;"Reta;Em Obras;Aclive";Sim;2;0;2;0;0;0;2;1;-29,736195;-53,797747;SPRF-RS;DEL09-RS;UOP01-DEL09-RS;;;
712962;21/08/2025;quinta-feira;00:40:00;SP;116;229;SAO PAULO;Rea��o tardia ou ineficiente do condutor;Colis�o traseira;Com V�timas Feridas;Plena Noite;Decrescente;Vento;M�ltipla;Reta;Sim;2;0;1;0;1;0;1;2;-23,5108717;-46,57482147;SPRF-SP;DEL01-SP;UOP01-DEL01-SP;;;
712966;21/08/2025;quinta-feira;00:10:00;MT;163;753;SORRISO;Rea��o tardia ou ineficiente do condutor;Sa�da de leito carro��vel;Sem V�timas;Plena Noite;Decrescente;C�u Claro;M�ltipla;"Aclive;Reta";N�o;1;0;0;0;1;0;0;1;-12,543062;-55,70846;SPRF-MT;DEL06-MT;UOP01-DEL06-MT;;;
712967;21/08/2025;quinta-feira;00:12:00;SP;116;450;REGISTRO;Aus�ncia de rea��o do condutor;Tombamento;Com V�timas Feridas;Plena Noite;Crescente;C�u Claro;Dupla;"Curva;Retorno Regulamentado;Declive";N�o;1;0;1;0;0;0;1;1;-24,53927321;-47,85906164;SPRF-SP;DEL05-SP;UOP01-DEL05-SP;;;
712968;21/08/2025;quinta-feira;01:20:00;RJ;116;319;ITATIAIA;Acesso irregular;Colis�o traseira;Com V�timas Feridas;Plena Noite;Decrescente;C�u Claro;Dupla;Aclive;N�o;4;0;3;0;1;0;3;1;-22,48379151;-44,5329845;SPRF-RJ;DEL07-RJ;UOP02-DEL07-RJ;;;
712969;21/08/2025;quinta-feira;01:30:00;AP;210;1;MACAPA;Aus�ncia de rea��o do condutor;Colis�o com objeto;Com V�timas Fatais;Plena Noite;Crescente;C�u Claro;M�ltipla;Reta;Sim;1;1;0;0;0;0;0;1;0,079709;-51,07268679;SPRF-AP;DEL01-AP;UOP01-DEL01-AP;;;
712970;21/08/2025;quinta-feira;01:55:00;SC;101;83,1;BARRA VELHA;Entrada inopinada do pedestre;Atropelamento de Pedestre;Com V�timas Fatais;Plena Noite;Crescente;Nevoeiro/Neblina;Dupla;Reta;Sim;5;1;0;0;4;0;0;2;-26,622886;-48,715491;SPRF-SC;DEL03-SC;UOP02-DEL03-SC;;;
712972;21/08/2025;quinta-feira;03:50:00;AP;210;1,5;MACAPA;Pista esburacada;Queda de ocupante de ve�culo;Com V�timas Feridas;Plena Noite;Decrescente;C�u Claro;Simples;Reta;Sim;1;0;1;0;0;0;1;1;0,08100292;-51,07548094;SPRF-AP;DEL01-AP;UOP01-DEL01-AP;;;
712974;21/08/2025;quinta-feira;04:15:00;GO;153;513;APARECIDA DE GOIANIA;Rea��o tardia ou ineficiente do condutor;Colis�o lateral mesmo sentido;Sem V�timas;Plena Noite;Decrescente;C�u Claro;Dupla;Reta;Sim;2;0;0;0;2;0;0;2;-16,816068;-49,240374;SPRF-GO;DEL01-GO;UOP03-DEL01-GO;;;
712976;21/08/2025;quinta-feira;04:50:00;RS;386;347,5;ARROIO DO MEIO;Ingest�o de �lcool pelo condutor;Sa�da de leito carro��vel;Sem V�timas;Plena Noite;Decrescente;C�u Claro;Dupla;Curva;Sim;1;0;0;0;1;0;0;1;-29,41038194;-51,96648646;SPRF-RS;DEL04-RS;UOP01-DEL04-RS;;;
712978;21/08/2025;quinta-feira;04:45:00;RJ;116;171;SAO JOAO DE MERITI;Pedestre andava na pista;Atropelamento de Pedestre;Com V�timas Fatais;Amanhecer;Crescente;C�u Claro;Dupla;Reta;N�o;2;1;0;0;1;0;0;2;-22,78239111;-43,3871214;SPRF-RJ;DEL06-RJ;UOP01-DEL06-RJ;;;
712979;15/08/2025;sexta-feira;22:20:00;ES;262;160;IBATIBA;Acessar a via sem observar a presen�a dos outros ve�culos;Colis�o transversal;Com V�timas Feridas;Plena Noite;Decrescente;C�u Claro;Simples;Interse��o de Vias;N�o;2;0;1;0;0;1;1;2;-20,237554;-41,513237;SPRF-ES;DEL01-ES;UOP02-DEL01-ES;;;
712981;21/08/2025;quinta-feira;04:00:00;MG;116;748,5;LEOPOLDINA;Condutor Dormindo;Sa�da de leito carro��vel;Com V�timas Feridas;Plena Noite;Decrescente;Nevoeiro/Neblina;Simples;Reta;N�o;3;0;3;0;0;0;3;1;-21,40241331;-42,4968338;SPRF-MG;DEL07-MG;UOP01-DEL07-MG;;;
712983;21/08/2025;quinta-feira;06:50:00;PB;230;1,2;PATOS;Acessar a via sem observar a presen�a dos outros ve�culos;Colis�o transversal;Com V�timas Feridas;Pleno dia;Decrescente;C�u Claro;Simples;Curva;Sim;2;0;1;0;1;0;1;2;-7,011192;-37,289267;SPRF-PB;DEL03-PB;UOP01-DEL03-PB;;;
712984;21/08/2025;quinta-feira;07:12:00;PE;101;64,7;RECIFE;Trafegar com motocicleta (ou similar) entre as faixas;Queda de ocupante de ve�culo;Com V�timas Feridas;Pleno dia;Decrescente;Chuva;Dupla;Reta;N�o;1;0;0;1;0;0;1;1;-8,022198;-34,943118;SPRF-PE;DEL01-PE;UOP01-DEL01-PE;;;
712985;21/08/2025;quinta-feira;07:15:00;PB;101;82,6;BAYEUX;Manobra de mudan�a de faixa;Colis�o lateral mesmo sentido;Com V�timas Feridas;Pleno dia;Crescente;C�u Claro;Dupla;Reta;N�o;3;0;1;1;0;1;2;2;-7,1325757;-34,9320371;SPRF-PB;DEL01-PB;UOP01-DEL01-PB;;;