id;data_inversa;dia_semana;horario;uf;br;km;municipio;causa_acidente;tipo_acidente;classificacao_acidente;fase_dia;sentido_via;condicao_metereologica;tipo_pista;tracado_via;uso_solo;pessoas;mortos;feridos_leves;feridos_graves;ilesos;ignorados;feridos;veiculos;latitude;longitude;regional;delegacia;uop;;;
712986;21/08/2025;quinta-feira;07:09:00;RN;406;171,3;SAO GONCALO DO AMARANTE;Manobra de mudan�a de faixa;Colis�o lateral mesmo sentido;Com V�timas Feridas;Pleno dia;Crescente;C�u Claro;Dupla;Reta;Sim;3;0;2;0;1;0;2;2;-5,762273;-35,289805;SPRF-RN;DEL02-RN;UOP01-DEL02-RN;;;
712987;21/08/2025;quinta-feira;07:20:00;SC;101;138;BALNEARIO CAMBORIU;Trafegar com motocicleta (ou similar) entre as faixas;Colis�o lateral mesmo sentido;Sem V�timas;Pleno dia;Decrescente;C�u Claro;Dupla;Reta;Sim;3;0;0;0;3;0;0;2;-27,020883;-48,609023;SPRF-SC;DEL04-SC;UOP03-DEL04-SC;;;
712988;21/08/2025;quinta-feira;07:40:00;RS;285;294;PASSO FUNDO;Aus�ncia de rea��o do condutor;Colis�o traseira;Com V�timas Feridas;Pleno dia;Crescente;C�u Claro;Simples;Reta;Sim;4;0;1;0;3;0;1;3;-28,23301977;-52,39096642;SPRF-RS;DEL08-RS;UOP03-DEL08-RS;;;
712990;21/08/2025;quinta-feira;05:20:00;MG;40;616,8;CONGONHAS;Rea��o tardia ou ineficiente do condutor;Tombamento;Com V�timas Feridas;Pleno dia;Decrescente;C�u Claro;Simples;"Interse��o de Vias;Curva";N�o;1;0;1;0;0;0;1;1;-20,55629533;-43,8142705;SPRF-MG;DEL05-MG;UOP02-DEL05-MG;;;
712991;16/08/2025;s�bado;20:30:00;SC;101;357;SANGAO;Aus�ncia de rea��o do condutor;Sa�da de leito carro��vel;Com V�timas Feridas;Plena Noite;Crescente;C�u Claro;M�ltipla;Curva;N�o;1;0;1;0;0;0;1;1;-28,64047558;-49,09872644;SPRF-SC;DEL02-SC;UOP01-DEL02-SC;;;
712992;21/08/2025;quinta-feira;08:00:00;RS;116;2,4;PORTO ALEGRE;Manobra de mudan�a de faixa;Colis�o traseira;Com V�timas Feridas;Pleno dia;Crescente;C�u Claro;Dupla;Reta;N�o;3;0;1;0;2;0;1;3;-29,99210095;-51,18582845;SPRF-RS;DEL01-RS;UOP01-DEL01-RS;;;
712994;17/08/2025;domingo;18:00:00;PA;230;899,6;PLACAS;Falta de elemento de conten��o que evite a sa�da do leito carro��vel;Sa�da de leito carro��vel;Com V�timas Fatais;Pleno dia;Crescente;C�u Claro;Simples;"Curva;Declive";N�o;8;2;0;5;1;0;5;1;-3,85716586;-54,12258387;SPRF-PA;DEL04-PA;UOP01-DEL04-PA;;;
712995;21/08/2025;quinta-feira;08:03:00;MG;40;553,8;NOVA LIMA;Condutor deixou de manter dist�ncia do ve�culo da frente;Colis�o traseira;Com V�timas Feridas;Pleno dia;Crescente;C�u Claro;Simples;Reta;Sim;3;0;1;0;2;0;1;3;-20,07105503;-43,98370171;SPRF-MG;DEL01-MG;UOP02-DEL01-MG;;;
712997;21/08/2025;quinta-feira;07:16:00;MS;163;490,5;CAMPO GRANDE;Manobra de mudan�a de faixa;Colis�o lateral mesmo sentido;Com V�timas Feridas;Pleno dia;Decrescente;C�u Claro;Dupla;Rotat�ria;Sim;2;0;1;0;1;0;1;2;-20,3944527;-54,558764;SPRF-MS;DEL01-MS;UOP02-DEL01-MS;;;
712999;21/08/2025;quinta-feira;08:34:00;DF;70;11;BRASILIA;Demais falhas na via;Engavetamento;Com V�timas Feridas;Pleno dia;Decrescente;C�u Claro;Dupla;Reta;Sim;7;0;1;0;6;0;1;4;-15,79111;-48,153502;SPRF-DF;DEL03-DF;UOP02-DEL03-DF;;;
713005;21/08/2025;quinta-feira;07:30:00;SC;101;320;PESCARIA BRAVA;Acumulo de areia ou detritos sobre o pavimento;Queda de ocupante de ve�culo;Com V�timas Feridas;Pleno dia;Crescente;C�u Claro;Dupla;Reta;N�o;1;0;0;1;0;0;1;1;-28,42432294;-48,89561389;SPRF-SC;DEL02-SC;UOP01-DEL02-SC;;;
713007;21/08/2025;quinta-feira;08:05:00;RJ;465;20;NOVA IGUACU;Acessar a via sem observar a presen�a dos outros ve�culos;Colis�o transversal;Com V�timas Feridas;Pleno dia;Decrescente;C�u Claro;Simples;Reta;N�o;2;0;1;0;1;0;1;2;-22,8499656;-43,60288883;SPRF-RJ;DEL06-RJ;UOP02-DEL06-RJ;;;
713010;21/08/2025;quinta-feira;08:55:00;MS;262;380;TERENOS;Acessar a via sem observar a presen�a dos outros ve�culos;Colis�o transversal;Com V�timas Feridas;Pleno dia;Decrescente;C�u Claro;Simples;"Interse��o de Vias;Reta";N�o;5;0;5;0;0;0;5;2;-20,44968788;-54,84799895;SPRF-MS;DEL01-MS;UOP03-DEL01-MS;;;
713011;21/08/2025;quinta-feira;07:29:00;MG;267;67,5;BICAS;Rea��o tardia ou ineficiente do condutor;Engavetamento;Com V�timas Feridas;Pleno dia;Crescente;C�u Claro;Simples;Reta;N�o;3;0;2;0;1;0;2;3;-21,744771;-43,1324959;SPRF-MG;DEL05-MG;UOP01-DEL05-MG;;;
713014;21/08/2025;quinta-feira;09:40:00;ES;101;294,5;CARIACICA;Condutor deixou de manter dist�ncia do ve�culo da frente;Colis�o traseira;Com V�timas Feridas;Pleno dia;Decrescente;C�u Claro;Dupla;Reta;Sim;2;0;1;0;1;0;1;2;-20,3299535;-40,398857;SPRF-ES;DEL01-ES;UOP01-DEL01-ES;;;
713015;21/08/2025;quinta-feira;10:15:00;SP;381;80,5;SAO PAULO;Rea��o tardia ou ineficiente do condutor;Tombamento;Com V�timas Feridas;Pleno dia;Decrescente;C�u Claro;Dupla;"Aclive;Reta";N�o;1;0;1;0;0;0;1;1;-23,41756743;-46,57969806;SPRF-SP;DEL03-SP;UOP01-DEL03-SP;;;
713016;21/08/2025;quinta-feira;09:40:00;PR;277;663,7;MEDIANEIRA;Rea��o tardia ou ineficiente do condutor;Sa�da de leito carro��vel;Com V�timas Feridas;Pleno dia;Decrescente;C�u Claro;Dupla;Reta;Sim;1;0;1;0;0;0;1;1;-25,2528573;-54,025862;SPRF-PR;DEL05-PR;UOP02-DEL05-PR;;;
713017;28/07/2025;segunda-feira;11:00:00;BA;324;615;SALVADOR;Condutor deixou de manter dist�ncia do ve�culo da frente;Engavetamento;Com V�timas Feridas;Pleno dia;Crescente;C�u Claro;M�ltipla;Reta;N�o;3;0;1;0;0;2;1;3;-12,88974218;-38,4437719;SPRF-BA;DEL01-BA;UOP01-DEL01-BA;;;
713018;21/08/2025;quinta-feira;09:30:00;SE;101;105;SAO CRISTOVAO;Frear bruscamente;Colis�o traseira;Com V�timas Feridas;Pleno dia;Decrescente;Chuva;Dupla;Reta;N�o;3;0;1;0;2;0;1;2;-10,95830874;-37,23505855;SPRF-SE;DEL02-SE;UOP01-DEL02-SE;;;
713020;21/08/2025;quinta-feira;10:00:00;PB;101;88;JOAO PESSOA;Aus�ncia de rea��o do condutor;Colis�o traseira;Com V�timas Feridas;Pleno dia;Crescente;C�u Claro;Dupla;Reta;Sim;2;0;1;0;1;0;1;2;-7,16463135;-34,90009806;SPRF-PB;DEL01-PB;UOP01-DEL01-PB;;;
713021;21/08/2025;quinta-feira;07:30:00;RN;110;63,5;MOSSORO;Demais falhas mec�nicas ou el�tricas;Inc�ndio;Sem V�timas;Pleno dia;Crescente;C�u Claro;Simples;Reta;N�o;1;0;0;0;0;1;0;1;-5,34012593;-37,32950449;SPRF-RN;DEL04-RN;UOP01-DEL04-RN;;;
713022;21/08/2025;quinta-feira;10:20:00;PR;376;468;PONTA GROSSA;Retorno proibido;Colis�o lateral mesmo sentido;Com V�timas Feridas;Pleno dia;Crescente;Sol;Dupla;"Retorno Regulamentado;Reta";N�o;2;0;1;0;1;0;1;2;-25,00713106;-50,35461687;SPRF-PR;DEL03-PR;UOP01-DEL03-PR;;;
713025;21/08/2025;quinta-feira;09:50:00;MS;163;319,9;RIO BRILHANTE;Velocidade Incompat�vel;Sa�da de leito carro��vel;Sem V�timas;Pleno dia;Decrescente;C�u Claro;Simples;Reta;N�o;1;0;0;0;0;1;0;1;-21,81242078;-54,52514648;SPRF-MS;DEL02-MS;UOP02-DEL02-MS;;;
713030;22/04/2025;ter�a-feira;12:00:00;SP;116;567;BARRA DO TURVO;Rea��o tardia ou ineficiente do condutor;Colis�o com objeto;Com V�timas Feridas;Pleno dia;Decrescente;Garoa/Chuvisco;Simples;"Aclive;Curva";N�o;4;0;1;0;3;0;1;1;-25,04579224;-48,53725433;SPRF-SP;DEL05-SP;UOP02-DEL05-SP;;;
713031;17/07/2025;quinta-feira;09:30:00;SC;101;203,8;SAO JOSE;Rea��o tardia ou ineficiente do condutor;Colis�o traseira;Com V�timas Feridas;Pleno dia;Crescente;C�u Claro;M�ltipla;Reta;Sim;3;0;1;0;2;0;1;2;-27,56958326;-48,61385521;SPRF-SC;DEL01-SC;UOP01-DEL01-SC;;;
713033;20/08/2025;quarta-feira;22:30:00;MG;381;423,3;SABARA;Velocidade Incompat�vel;Sa�da de leito carro��vel;Com V�timas Fatais;Plena Noite;Crescente;C�u Claro;Simples;Curva;N�o;1;1;0;0;0;0;0;1;-19,78675884;-43,68919222;SPRF-MG;DEL01-MG;UOP01-DEL01-MG;;;
713035;21/08/2025;quinta-feira;12:10:00;RS;386;437,3;NOVA SANTA RITA;Acessar a via sem observar a presen�a dos outros ve�culos;Colis�o transversal;Com V�timas Feridas;Pleno dia;Crescente;C�u Claro;Dupla;Retorno Regulamentado;N�o;2;0;1;0;1;0;1;2;-29,85957835;-51,25908405;SPRF-RS;DEL04-RS;UOP02-DEL04-RS;;;
713037;21/08/2025;quinta-feira;09:30:00;MA;135;186,6;SAO MATEUS DO MARANHAO;Aus�ncia de rea��o do condutor;Sa�da de leito carro��vel;Com V�timas Feridas;Pleno dia;Crescente;C�u Claro;Simples;"Em Obras;Reta";N�o;3;0;2;0;1;0;2;2;-4,074611;-44,473771;SPRF-MA;DEL03-MA;UOP01-DEL03-MA;;;
713039;21/08/2025;quinta-feira;11:47:00;SC;101;148;ITAPEMA;Aus�ncia de rea��o do condutor;Tombamento;Com V�timas Feridas;Pleno dia;Crescente;C�u Claro;Dupla;Reta;Sim;1;0;1;0;0;0;1;1;-27,094176;-48,617899;SPRF-SC;DEL04-SC;UOP03-DEL04-SC;;;
713040;21/08/2025;quinta-feira;08:50:00;BA;101;208,5;GOVERNADOR MANGABEIRA;Acessar a via sem observar a presen�a dos outros ve�culos;Colis�o transversal;Com V�timas Feridas;Pleno dia;Crescente;C�u Claro;Simples;Reta;Sim;2;0;0;1;0;1;1;2;-12,59869;-39,04461;SPRF-BA;DEL01-BA;UOP02-DEL01-BA;;;
713041;21/08/2025;quinta-feira;10:50:00;MT;174;289;PONTES E LACERDA;Frear bruscamente;Tombamento;Com V�timas Feridas;Pleno dia;Crescente;C�u Claro;Simples;Reta;Sim;2;0;1;0;0;1;1;2;-15,23999339;-59,31526417;SPRF-MT;DEL04-MT;UOP01-DEL04-MT;;;
713043;21/08/2025;quinta-feira;13:40:00;SE;101;199;CRISTINAPOLIS;Velocidade Incompat�vel;Colis�o transversal;Sem V�timas;Pleno dia;Decrescente;C�u Claro;Simples;Reta;Sim;2;0;0;0;1;1;0;2;-11,485881;-37,77258396;SPRF-SE;DEL02-SE;UOP03-DEL02-SE;;;
713045;21/08/2025;quinta-feira;14:20:00;MG;40;710,4;BARBACENA;Rea��o tardia ou ineficiente do condutor;Capotamento;Com V�timas Feridas;Pleno dia;Crescente;Sol;Dupla;Curva;N�o;2;0;0;2;0;0;2;1;-21,24100572;-43,72294409;SPRF-MG;DEL05-MG;UOP02-DEL05-MG;;;
713046;21/08/2025;quinta-feira;14:00:00;SP;116;229;SAO PAULO;Trafegar com motocicleta (ou similar) entre as faixas;Colis�o lateral mesmo sentido;Com V�timas Feridas;Pleno dia;Crescente;C�u Claro;M�ltipla;Reta;Sim;2;0;0;1;1;0;1;2;-23,510799;-46,574858;SPRF-SP;DEL01-SP;UOP01-DEL01-SP;;;
713047;21/08/2025;quinta-feira;13:42:00;ES;101;149;LINHARES;Aus�ncia de rea��o do condutor;Colis�o lateral mesmo sentido;Com V�timas Feridas;Pleno dia;Crescente;C�u Claro;M�ltipla;Curva;N�o;3;0;0;1;2;0;1;3;-19,40218856;-40,06113974;SPRF-ES;DEL04-ES;UOP01-DEL04-ES;;;
713049;21/08/2025;quinta-feira;13:30:00;GO;40;13;LUZIANIA;Acessar a via sem observar a presen�a dos outros ve�culos;Colis�o transversal;Com V�timas Feridas;Pleno dia;Decrescente;C�u Claro;Dupla;"Retorno Regulamentado;Reta";Sim;3;0;1;0;2;0;1;2;-16,15004;-47,9403;SPRF-DF;DEL01-DF;UOP01-DEL01-DF;;;
713055;21/08/2025;quinta-feira;14:40:00;PE;101;70,4;RECIFE;Entrada inopinada do pedestre;Atropelamento de Pedestre;Com V�timas Feridas;Pleno dia;Crescente;Nublado;M�ltipla;Reta;Sim;2;0;0;1;1;0;1;2;-8,07183;-34,942658;SPRF-PE;DEL01-PE;UOP01-DEL01-PE;;;
713057;25/05/2025;domingo;19:00:00;AC;364;379,9;MANOEL URBANO;Transitar na contram�o;Colis�o frontal;Com V�timas Feridas;Plena Noite;Crescente;Ignorado;Simples;Reta;N�o;3;0;1;1;1;0;2;2;-8,68399391;-69,60634752;SPRF-AC;DEL01-AC;UOP03-DEL01-AC;;;
713058;21/08/2025;quinta-feira;14:00:00;PE;101;55;PAULISTA;Rea��o tardia ou ineficiente do condutor;Colis�o traseira;Com V�timas Feridas;Pleno dia;Decrescente;C�u Claro;Dupla;Reta;N�o;2;0;1;0;0;1;1;2;-7,950788;-34,90827;SPRF-PE;DEL01-PE;UOP02-DEL01-PE;;;
713059;18/08/2025;segunda-feira;07:30:00;PR;277;55;SAO JOSE DOS PINHAIS;Demais falhas mec�nicas ou el�tricas;Inc�ndio;Sem V�timas;Pleno dia;Crescente;C�u Claro;Dupla;Curva;N�o;1;0;0;0;1;0;0;1;-25,574926;-48,976051;SPRF-PR;DEL01-PR;UOP05-DEL01-PR;;;
713061;21/08/2025;quinta-feira;14:15:00;AP;210;70;MACAPA;Aus�ncia de rea��o do condutor;Capotamento;Com V�timas Feridas;Pleno dia;Crescente;C�u Claro;Simples;Curva;N�o;1;0;1;0;0;0;1;1;0,1073382;-51,1265566;SPRF-AP;DEL01-AP;UOP01-DEL01-AP;;;
713063;21/08/2025;quinta-feira;15:40:00;RS;392;1,2;RIO GRANDE;Condutor deixou de manter dist�ncia do ve�culo da frente;Colis�o traseira;Sem V�timas;Pleno dia;Crescente;C�u Claro;Simples;Reta;N�o;2;0;0;0;2;0;0;2;-32,12339936;-52,11150169;SPRF-RS;DEL07-RS;UOP02-DEL07-RS;;;
713065;16/06/2025;segunda-feira;19:30:00;TO;153;110;WANDERLANDIA;Ultrapassagem Indevida;Colis�o frontal;Com V�timas Feridas;Plena Noite;Decrescente;C�u Claro;Simples;Curva;N�o;5;0;4;1;0;0;5;2;-6,95441;-48,09231;SPRF-TO;DEL02-TO;UOP01-DEL02-TO;;;
713067;13/08/2025;quarta-feira;20:39:00;PE;101;83;JABOATAO DOS GUARARAPES;Manobra de mudan�a de faixa;Sa�da de leito carro��vel;Com V�timas Feridas;Plena Noite;Decrescente;C�u Claro;Dupla;Reta;N�o;1;0;1;0;0;0;1;1;-8,17711536;-34,94456206;SPRF-PE;DEL01-PE;UOP01-DEL01-PE;;;
713068;02/08/2025;s�bado;13:46:00;BA;324;517;FEIRA DE SANTANA;Convers�o proibida;Colis�o traseira;Com V�timas Feridas;Pleno dia;Decrescente;C�u Claro;Simples;Reta;Sim;2;0;1;0;0;1;1;2;-12,25406;-38,93219;SPRF-BA;DEL02-BA;UOP01-DEL02-BA;;;
713071;21/08/2025;quinta-feira;13:50:00;GO;153;619;MORRINHOS;Condutor Dormindo;Sa�da de leito carro��vel;Com V�timas Feridas;Pleno dia;Crescente;C�u Claro;Dupla;Curva;Sim;3;0;3;0;0;0;3;1;-17,69658;-49,15549;SPRF-GO;DEL03-GO;UOP01-DEL03-GO;;;
713072;21/08/2025;quinta-feira;15:30:00;SC;101;211;PALHOCA;Demais falhas mec�nicas ou el�tricas;Queda de ocupante de ve�culo;Com V�timas Feridas;Pleno dia;Decrescente;C�u Claro;M�ltipla;Reta;Sim;2;0;2;0;0;0;2;1;-27,62270684;-48,65020752;SPRF-SC;DEL01-SC;UOP02-DEL01-SC;;;
713073;21/08/2025;quinta-feira;16:40:00;SC;101;202,7;SAO JOSE;Manobra de mudan�a de faixa;Colis�o lateral mesmo sentido;Com V�timas Feridas;Pleno dia;Crescente;C�u Claro;Dupla;Reta;Sim;2;0;0;1;1;0;1;2;-27,56277;-48,61594;SPRF-SC;DEL01-SC;UOP01-DEL01-SC;;;
713074;21/08/2025;quinta-feira;17:00:00;SC;101;134;BALNEARIO CAMBORIU;Condutor deixou de manter dist�ncia do ve�culo da frente;Colis�o traseira;Com V�timas Feridas;Pleno dia;Decrescente;C�u Claro;Dupla;Reta;Sim;2;0;1;1;0;0;2;2;-26,99923995;-48,64671126;SPRF-SC;DEL04-SC;UOP03-DEL04-SC;;;
713076;10/08/2025;domingo;15:37:00;PR;376;2,4;APUCARANA;Rea��o tardia ou ineficiente do condutor;Queda de ocupante de ve�culo;Com V�timas Feridas;Pleno dia;Crescente;C�u Claro;Simples;"Aclive;Curva";N�o;1;0;1;0;0;0;1;1;-23,56664234;-51,43319249;SPRF-PR;DEL07-PR;UOP03-DEL07-PR;;;
713077;05/08/2025;ter�a-feira;15:00:00;MG;262;799;UBERABA;Acumulo de areia ou detritos sobre o pavimento;Tombamento;Com V�timas Feridas;Pleno dia;Crescente;Nublado;Simples;Curva;Sim;1;0;0;1;0;0;1;1;-19,767198;-47,889458;SPRF-MG;DEL13-MG;UOP01-DEL13-MG;;;
713078;21/08/2025;quinta-feira;17:15:00;SC;280;5,6;SAO FRANCISCO DO SUL;Acesso irregular;Colis�o lateral mesmo sentido;Com V�timas Feridas;Anoitecer;Decrescente;Nublado;Simples;Reta;Sim;3;0;1;1;1;0;2;2;-26,26409319;-48,63113165;SPRF-SC;DEL03-SC;UOP03-DEL03-SC;;;
713079;20/08/2025;quarta-feira;17:00:00;MS;163;464;CAMPO GRANDE;Aus�ncia de rea��o do condutor;Sa�da de leito carro��vel;Com V�timas Feridas;Pleno dia;Crescente;C�u Claro;Simples;Reta;Sim;1;0;0;1;0;0;1;1;-20,59646728;-54,58015237;SPRF-MS;DEL01-MS;UOP01-DEL01-MS;;;
713080;13/08/2025;quarta-feira;18:21:00;MG;40;279;TRES MARIAS;Estacionar ou parar em local proibido;Colis�o traseira;Com V�timas Feridas;Plena Noite;Crescente;C�u Claro;Simples;Aclive;N�o;6;0;3;2;1;0;5;2;-18,2318322;-45,2170286;SPRF-MG;DEL14-MG;UOP02-DEL14-MG;;;
713081;21/08/2025;quinta-feira;13:00:00;MS;267;384;MARACAJU;Aus�ncia de rea��o do condutor;Sa�da de leito carro��vel;Com V�timas Feridas;Pleno dia;Decrescente;C�u Claro;Simples;Reta;N�o;1;0;0;1;0;0;1;1;-21,644302;-55,312922;SPRF-MS;DEL05-MS;UOP01-DEL05-MS;;;
713083;21/08/2025;quinta-feira;17:30:00;RS;116;246,8;SAO LEOPOLDO;Rea��o tardia ou ineficiente do condutor;Colis�o traseira;Com V�timas Feridas;Pleno dia;Crescente;C�u Claro;M�ltipla;Reta;Sim;2;0;1;0;1;0;1;2;-29,76311871;-51,15323306;SPRF-RS;DEL01-RS;UOP02-DEL01-RS;;;
713087;21/08/2025;quinta-feira;17:50:00;CE;116;17;EUSEBIO;Ingest�o de �lcool pelo condutor;Colis�o traseira;Com V�timas Feridas;Anoitecer;Decrescente;C�u Claro;M�ltipla;Reta;N�o;2;0;1;0;1;0;1;2;-3,89703576;-38,5030716;SPRF-CE;DEL01-CE;UOP02-DEL01-CE;;;
713088;21/08/2025;quinta-feira;17:55:00;RS;392;19;RIO GRANDE;Rea��o tardia ou ineficiente do condutor;Colis�o traseira;Sem V�timas;Anoitecer;Crescente;C�u Claro;Dupla;"Reta;Retorno Regulamentado";N�o;4;0;0;0;4;0;0;2;-32,08796911;-52,18672374;SPRF-RS;DEL07-RS;UOP02-DEL07-RS;;;
713089;21/08/2025;quinta-feira;17:00:00;MS;267;370,5;MARACAJU;Acessar a via sem observar a presen�a dos outros ve�culos;Colis�o transversal;Com V�timas Feridas;Pleno dia;Crescente;C�u Claro;Simples;"Interse��o de Vias;Reta";N�o;5;0;4;0;1;0;4;3;-21,655618;-55,22302;SPRF-MS;DEL05-MS;UOP01-DEL05-MS;;;
713090;10/08/2025;domingo;02:10:00;SP;116;60;GUARATINGUETA;Aus�ncia de rea��o do condutor;Colis�o com objeto;Com V�timas Feridas;Plena Noite;Decrescente;C�u Claro;Dupla;Reta;N�o;4;0;3;0;1;0;3;2;-22,79127624;-45,16123295;SPRF-SP;DEL08-SP;UOP01-DEL08-SP;;;
713092;21/08/2025;quinta-feira;18:00:00;RN;101;85;NATAL;Condutor deixou de manter dist�ncia do ve�culo da frente;Colis�o traseira;Com V�timas Feridas;Plena Noite;Decrescente;C�u Claro;Dupla;"Ponte;Reta";Sim;4;0;1;1;2;0;2;2;-5,781108;-35,247834;SPRF-RN;DEL02-RN;UOP01-DEL02-RN;;;
713093;21/08/2025;quinta-feira;18:15:00;SP;153;65,3;SAO JOSE DO RIO PRETO;Rea��o tardia ou ineficiente do condutor;Colis�o lateral mesmo sentido;Com V�timas Feridas;Plena Noite;Crescente;C�u Claro;Dupla;"Aclive;Reta";Sim;3;0;0;1;2;0;1;2;-20,84033613;-49,36949792;SPRF-SP;DEL09-SP;UOP01-DEL09-SP;;;
713094;21/08/2025;quinta-feira;18:30:00;RN;406;146;CEARA-MIRIM;Animais na Pista;Atropelamento de Animal;Com V�timas Feridas;Anoitecer;Decrescente;C�u Claro;Simples;Reta;N�o;1;0;0;1;0;0;1;1;-5,64783812;-35,45903653;SPRF-RN;DEL02-RN;UOP01-DEL02-RN;;;
713095;21/08/2025;quinta-feira;18:15:00;PI;343;7;PARNAIBA;Acessar a via sem observar a presen�a dos outros ve�culos;Colis�o transversal;Com V�timas Feridas;Plena Noite;Decrescente;C�u Claro;Simples;Reta;Sim;2;0;1;0;0;1;1;2;-2,89959313;-41,72468931;SPRF-PI;DEL05-PI;UOP01-DEL05-PI;;;
713096;21/08/2025;quinta-feira;15:20:00;RS;287;349,5;JAGUARI;Frear bruscamente;Colis�o traseira;Sem V�timas;Pleno dia;Crescente;C�u Claro;Simples;"Curva;Aclive";N�o;22;0;0;0;22;0;0;2;-29,53075723;-54,68651596;SPRF-RS;DEL12-RS;UOP02-DEL12-RS;;;
713097;21/08/2025;quinta-feira;18:20:00;ES;101;442;MIMOSO DO SUL;Acessar a via sem observar a presen�a dos outros ve�culos;Queda de ocupante de ve�culo;Com V�timas Feridas;Plena Noite;Crescente;C�u Claro;Simples;Reta;N�o;1;0;1;0;0;0;1;1;-21,0952767;-41,2517363;SPRF-ES;DEL03-ES;UOP02-DEL03-ES;;;
713099;21/08/2025;quinta-feira;17:55:00;RS;116;249,8;SAO LEOPOLDO;Aus�ncia de rea��o do condutor;Colis�o traseira;Com V�timas Feridas;Anoitecer;Decrescente;C�u Claro;M�ltipla;Reta;Sim;6;0;1;1;4;0;2;2;-29,78998602;-51,1637485;SPRF-RS;DEL01-RS;UOP02-DEL01-RS;;;
713100;21/08/2025;quinta-feira;16:45:00;SC;282;530;CORDILHEIRA ALTA;Acessar a via sem observar a presen�a dos outros ve�culos;Colis�o transversal;Com V�timas Feridas;Pleno dia;Decrescente;C�u Claro;Simples;Curva;Sim;3;0;1;0;2;0;1;2;-26,98670851;-52,60545731;SPRF-SC;DEL07-SC;UOP01-DEL07-SC;;;
713102;21/08/2025;quinta-feira;18:00:00;CE;116;35,9;HORIZONTE;Entrada inopinada do pedestre;Atropelamento de Pedestre;Com V�timas Feridas;Plena Noite;Crescente;C�u Claro;Dupla;Reta;N�o;2;0;0;2;0;0;2;2;-4,060926;-38,50413;SPRF-CE;DEL01-CE;UOP02-DEL01-CE;;;
713103;21/08/2025;quinta-feira;18:35:00;SC;101;143;ITAPEMA;Manobra de mudan�a de faixa;Colis�o lateral mesmo sentido;Com V�timas Feridas;Plena Noite;Decrescente;C�u Claro;Dupla;Reta;Sim;2;0;0;1;0;1;1;2;-27,06390917;-48,5959181;SPRF-SC;DEL04-SC;UOP03-DEL04-SC;;;
713105;21/08/2025;quinta-feira;17:20:00;MT;163;752,5;SORRISO;Aus�ncia de rea��o do condutor;Colis�o com objeto;Com V�timas Feridas;Pleno dia;Crescente;C�u Claro;Dupla;Reta;Sim;1;0;1;0;0;0;1;1;-12,55603627;-55,7165474;SPRF-MT;DEL06-MT;UOP01-DEL06-MT;;;
713106;01/08/2025;sexta-feira;18:13:00;PR;469;30;FOZ DO IGUACU;Entrada inopinada do pedestre;Atropelamento de Pedestre;Com V�timas Feridas;Pleno dia;Decrescente;C�u Claro;Simples;Reta;N�o;3;0;0;1;1;1;1;2;-25,68384464;-54,43922997;SPRF-PR;DEL05-PR;UOP04-DEL05-PR;;;
713107;21/08/2025;quinta-feira;18:50:00;GO;40;10;LUZIANIA;Frear bruscamente;Sa�da de leito carro��vel;Com V�timas Feridas;Plena Noite;Decrescente;C�u Claro;Dupla;Reta;N�o;1;0;1;0;0;0;1;1;-16,13171;-47,957337;SPRF-DF;DEL01-DF;UOP01-DEL01-DF;;;
713109;21/08/2025;quinta-feira;10:00:00;BA;135;150;RIACHAO DAS NEVES;Acostamento em desn�vel;Sa�da de leito carro��vel;Com V�timas Feridas;Pleno dia;Decrescente;C�u Claro;Simples;Reta;N�o;4;0;3;0;1;0;3;1;-11,9425;-44,90086;SPRF-BA;DEL10-BA;UOP01-DEL10-BA;;;
713110;21/08/2025;quinta-feira;16:30:00;MG;381;305,2;ANTONIO DIAS;Ingest�o de �lcool pelo condutor;Colis�o com objeto;Com V�timas Feridas;Pleno dia;Crescente;C�u Claro;Dupla;"Reta;Desvio Tempor�rio;T�nel;Em Obras";N�o;3;0;2;1;0;0;3;1;-19,64966053;-42,94650078;SPRF-MG;DEL03-MG;UOP02-DEL03-MG;;;
713111;21/08/2025;quinta-feira;16:40:00;SC;116;140,9;SANTA CECILIA;Condutor deixou de manter dist�ncia do ve�culo da frente;Colis�o traseira;Com V�timas Feridas;Pleno dia;Crescente;Sol;Simples;"Aclive;Reta";N�o;2;0;0;1;1;0;1;2;-26,968478;-50,407428;SPRF-SC;DEL06-SC;UOP02-DEL06-SC;;;
713112;21/08/2025;quinta-feira;19:51:00;SC;101;217,2;PALHOCA;Rea��o tardia ou ineficiente do condutor;Colis�o traseira;Com V�timas Feridas;Plena Noite;Decrescente;C�u Claro;Dupla;Reta;Sim;2;0;1;0;1;0;1;2;-27,67011661;-48,67270438;SPRF-SC;DEL01-SC;UOP02-DEL01-SC;;;
713115;21/08/2025;quinta-feira;18:45:00;RR;174;475;BOA VISTA;Pista esburacada;Queda de ocupante de ve�culo;Com V�timas Feridas;Plena Noite;Crescente;Ignorado;Simples;Reta;N�o;1;0;1;0;0;0;1;1;2,65970977;-60,87292671;SPRF-RR;DEL01-RR;UOP01-DEL01-RR;;;