id;data_inversa;dia_semana;horario;uf;br;km;municipio;causa_acidente;tipo_acidente;classificacao_acidente;fase_dia;sentido_via;condicao_metereologica;tipo_pista;tracado_via;uso_solo;pessoas;mortos;feridos_leves;feridos_graves;ilesos;ignorados;feridos;veiculos;latitude;longitude;regional;delegacia;uop;;;
713116;21/08/2025;quinta-feira;19:00:00;RJ;101;401;ITAGUAI;Ingest�o de �lcool pelo condutor;Capotamento;Com V�timas Fatais;Plena Noite;Decrescente;C�u Claro;Dupla;Curva;N�o;5;1;2;2;0;0;4;1;-22,84806179;-43,77926468;SPRF-RJ;DEL03-RJ;UOP01-DEL03-RJ;;;
713118;21/08/2025;quinta-feira;19:10:00;GO;153;432;ANAPOLIS;Transitar na contram�o;Colis�o frontal;Com V�timas Feridas;Plena Noite;Decrescente;C�u Claro;Simples;"Aclive;Reta";N�o;3;0;3;0;0;0;3;2;-16,279383;-48,961598;SPRF-GO;DEL02-GO;UOP01-DEL02-GO;;;
713119;05/08/2025;ter�a-feira;13:46:00;SP;116;158;JACAREI;Aus�ncia de rea��o do condutor;Colis�o com objeto;Com V�timas Feridas;Pleno dia;Crescente;Nublado;Simples;Curva;N�o;1;0;1;0;0;0;1;1;-23,25827063;-45,94879087;SPRF-SP;DEL02-SP;UOP01-DEL02-SP;;;
713121;21/08/2025;quinta-feira;19:10:00;MG;40;523;CONTAGEM;Condutor deixou de manter dist�ncia do ve�culo da frente;Colis�o traseira;Com V�timas Feridas;Plena Noite;Decrescente;C�u Claro;Dupla;Curva;N�o;2;0;1;0;1;0;1;2;-19,87085191;-44,05924737;SPRF-MG;DEL01-MG;UOP02-DEL01-MG;;;
713122;21/08/2025;quinta-feira;19:45:00;PE;101;74;RECIFE;Manobra de mudan�a de faixa;Colis�o traseira;Com V�timas Feridas;Plena Noite;Crescente;Ignorado;Dupla;Reta;Sim;4;0;0;1;3;0;1;3;-8,101585;-34,948955;SPRF-PE;DEL01-PE;UOP01-DEL01-PE;;;
713125;21/08/2025;quinta-feira;18:30:00;SP;153;206;GETULINA;Demais falhas mec�nicas ou el�tricas;Inc�ndio;Sem V�timas;Plena Noite;Decrescente;C�u Claro;Simples;Declive;N�o;1;0;0;0;1;0;0;1;-21,84786904;-49,90485638;SPRF-SP;DEL07-SP;UOP01-DEL07-SP;;;
713127;21/08/2025;quinta-feira;18:20:00;RO;364;713;PORTO VELHO;Acessar a via sem observar a presen�a dos outros ve�culos;Colis�o lateral mesmo sentido;Com V�timas Feridas;Pleno dia;Crescente;C�u Claro;Simples;Reta;Sim;2;0;1;0;1;0;1;2;-8,77594733;-63,8745017;SPRF-RO;DEL01-RO;UOP01-DEL01-RO;;;
713128;21/08/2025;quinta-feira;20:00:00;MG;365;720;MONTE ALEGRE DE MINAS;Demais falhas mec�nicas ou el�tricas;Tombamento;Com V�timas Feridas;Plena Noite;Crescente;C�u Claro;Simples;Declive;N�o;2;0;2;0;0;0;2;1;-18,880727;-49,169576;SPRF-MG;DEL15-MG;UOP03-DEL15-MG;;;
713129;17/08/2025;domingo;10:40:00;MG;381;416;CAETE;Manobra de mudan�a de faixa;Queda de ocupante de ve�culo;Com V�timas Feridas;Pleno dia;Decrescente;C�u Claro;Dupla;"Reta;Declive";N�o;2;0;1;0;1;0;1;1;-19,7690505;-43,64671505;SPRF-MG;DEL01-MG;UOP01-DEL01-MG;;;
713130;21/08/2025;quinta-feira;20:40:00;PR;116;117;CURITIBA;Rea��o tardia ou ineficiente do condutor;Colis�o traseira;Com V�timas Feridas;Plena Noite;Crescente;Nublado;Dupla;"Reta;Declive";Sim;4;0;4;0;0;0;4;2;-25,560835;-49,3079;SPRF-PR;DEL01-PR;UOP03-DEL01-PR;;;
713132;21/08/2025;quinta-feira;19:50:00;RN;304;197,4;LAJES;Far�is desregulados;Colis�o lateral mesmo sentido;Com V�timas Feridas;Plena Noite;Crescente;Vento;Simples;Reta;N�o;3;0;1;0;2;0;1;2;-5,71664836;-36,18766129;SPRF-RN;DEL01-RN;UOP03-DEL01-RN;;;
713134;21/08/2025;quinta-feira;20:20:00;SE;235;2;ARACAJU;Condutor deixou de manter dist�ncia do ve�culo da frente;Colis�o traseira;Com V�timas Feridas;Plena Noite;Crescente;Chuva;M�ltipla;"Reta;Declive";Sim;2;0;1;0;0;1;1;2;-10,90649139;-37,09995031;SPRF-SE;DEL01-SE;UOP01-DEL01-SE;;;
713136;21/08/2025;quinta-feira;21:15:00;PR;277;650,5;MATELANDIA;Desrespeitar a prefer�ncia no cruzamento;Colis�o transversal;Com V�timas Feridas;Plena Noite;Decrescente;C�u Claro;Simples;Interse��o de Vias;Sim;2;0;2;0;0;0;2;2;-25,19496796;-53,94133536;SPRF-PR;DEL05-PR;UOP02-DEL05-PR;;;
713137;21/08/2025;quinta-feira;16:30:00;GO;50;162,5;CAMPO ALEGRE DE GOIAS;Condutor Dormindo;Sa�da de leito carro��vel;Com V�timas Feridas;Pleno dia;Decrescente;C�u Claro;Dupla;Reta;N�o;4;0;3;0;1;0;3;1;-17,276192;-47,76344;SPRF-GO;DEL06-GO;UOP01-DEL06-GO;;;
713138;21/08/2025;quinta-feira;21:30:00;RS;116;240;NOVO HAMBURGO;Velocidade Incompat�vel;Colis�o lateral mesmo sentido;Com V�timas Feridas;Plena Noite;Decrescente;C�u Claro;Dupla;Reta;Sim;3;0;1;1;1;0;2;2;-29,70616088;-51,14671111;SPRF-RS;DEL01-RS;UOP02-DEL01-RS;;;
713139;21/08/2025;quinta-feira;20:40:00;RJ;493;113;ITAGUAI;Rea��o tardia ou ineficiente do condutor;Queda de ocupante de ve�culo;Com V�timas Feridas;Plena Noite;Crescente;C�u Claro;Dupla;Reta;N�o;1;0;1;0;0;0;1;1;-22,8293;-43,8083;SPRF-RJ;DEL03-RJ;UOP01-DEL03-RJ;;;
713140;21/08/2025;quinta-feira;19:40:00;PA;10;16;DOM ELISEU;Acessar a via sem observar a presen�a dos outros ve�culos;Colis�o transversal;Com V�timas Feridas;Pleno dia;Decrescente;C�u Claro;Simples;"Reta;Retorno Regulamentado";Sim;2;0;2;0;0;0;2;2;-4,301112;-47,555868;SPRF-PA;DEL02-PA;UOP02-DEL02-PA;;;
713141;21/08/2025;quinta-feira;18:40:00;MT;364;267;JACIARA;Avarias e/ou desgaste excessivo no pneu;Queda de ocupante de ve�culo;Com V�timas Feridas;Plena Noite;Crescente;C�u Claro;Dupla;Reta;N�o;2;0;2;0;0;0;2;1;-15,97780214;-54,9351815;SPRF-MT;DEL02-MT;UOP01-DEL02-MT;;;
713142;21/08/2025;quinta-feira;22:00:00;MG;365;625;UBERLANDIA;Ingest�o de �lcool pelo condutor;Colis�o lateral mesmo sentido;Sem V�timas;Plena Noite;Crescente;C�u Claro;Dupla;Curva;Sim;2;0;0;0;2;0;0;2;-18,910471;-48,303916;SPRF-MG;DEL15-MG;UOP01-DEL15-MG;;;
713143;21/08/2025;quinta-feira;22:00:00;BA;116;533;ITATIM;Aus�ncia de rea��o do condutor;Colis�o frontal;Com V�timas Fatais;Plena Noite;Crescente;C�u Claro;Simples;Reta;N�o;2;1;0;0;1;0;0;2;-12,76072609;-39,80422385;SPRF-BA;DEL03-BA;UOP02-DEL03-BA;;;
713145;21/08/2025;quinta-feira;22:40:00;PE;408;97,3;JABOATAO DOS GUARARAPES;Acessar a via sem observar a presen�a dos outros ve�culos;Colis�o transversal;Com V�timas Feridas;Plena Noite;Crescente;C�u Claro;Dupla;Reta;Sim;2;0;1;0;1;0;1;2;-8,07622;-34,99227;SPRF-PE;DEL01-PE;UOP01-DEL01-PE;;;
713146;21/08/2025;quinta-feira;23:00:00;PR;369;174,9;ROLANDIA;Condutor desrespeitou a ilumina��o vermelha do sem�foro;Colis�o transversal;Com V�timas Feridas;Plena Noite;Crescente;C�u Claro;Simples;"Interse��o de Vias;Reta";Sim;2;0;1;0;1;0;1;2;-23,321446;-51,38278;SPRF-PR;DEL07-PR;UOP01-DEL07-PR;;;
713147;21/08/2025;quinta-feira;22:20:00;PR;369;195;ARAPONGAS;Demais falhas mec�nicas ou el�tricas;Tombamento;Com V�timas Feridas;Plena Noite;Decrescente;C�u Claro;Dupla;Reta;N�o;1;0;1;0;0;0;1;1;-23,49431;-51,423185;SPRF-PR;DEL07-PR;UOP03-DEL07-PR;;;
713149;21/08/2025;quinta-feira;17:50:00;RR;210;119;SAO JOAO DA BALIZA;Acessar a via sem observar a presen�a dos outros ve�culos;Colis�o transversal;Com V�timas Fatais;Pleno dia;Crescente;C�u Claro;Dupla;Interse��o de Vias;Sim;2;1;0;0;1;0;0;2;0,95017241;-59,9131522;SPRF-RR;DEL01-RR;UOP01-DEL01-RR;;;
713150;21/08/2025;quinta-feira;23:00:00;RS;285;322;PASSO FUNDO;Ingest�o de �lcool pelo condutor;Colis�o transversal;Com V�timas Feridas;Plena Noite;Crescente;Nublado;Simples;Reta;N�o;6;0;5;1;0;0;6;2;-28,26212222;-52,59479016;SPRF-RS;DEL08-RS;UOP03-DEL08-RS;;;
713151;21/08/2025;quinta-feira;23:46:00;RJ;40;81;PETROPOLIS;Ingest�o de �lcool pelo condutor;Colis�o traseira;Sem V�timas;Plena Noite;Decrescente;C�u Claro;Simples;Reta;N�o;3;0;0;0;3;0;0;2;-22,528475;-43,2229889;SPRF-RJ;DEL01-RJ;UOP01-DEL01-RJ;;;
713153;22/08/2025;sexta-feira;00:10:00;RJ;40;113;DUQUE DE CAXIAS;Rea��o tardia ou ineficiente do condutor;Colis�o lateral mesmo sentido;Com V�timas Feridas;Plena Noite;Decrescente;C�u Claro;Dupla;Viaduto;Sim;2;0;1;0;1;0;1;2;-22,712402;-43,290177;SPRF-RJ;DEL01-RJ;UOP02-DEL01-RJ;;;
713154;21/08/2025;quinta-feira;21:45:00;MS;376;64;GLORIA DE DOURADOS;Ingest�o de �lcool pelo condutor;Colis�o traseira;Com V�timas Feridas;Plena Noite;Decrescente;C�u Claro;Simples;Reta;N�o;2;0;0;1;1;0;1;2;-22,39879101;-54,22240824;SPRF-MS;DEL04-MS;UOP01-DEL04-MS;;;
713155;21/08/2025;quinta-feira;20:40:00;MT;174;286;PONTES E LACERDA;Entrada inopinada do pedestre;Atropelamento de Pedestre;Com V�timas Fatais;Plena Noite;Crescente;C�u Claro;Simples;Reta;N�o;2;1;0;0;1;0;0;2;-15,26600519;-59,29933185;SPRF-MT;DEL04-MT;UOP01-DEL04-MT;;;
713157;21/08/2025;quinta-feira;23:15:00;SC;280;203,4;MAFRA;Transitar na contram�o;Colis�o frontal;Com V�timas Feridas;Plena Noite;Decrescente;C�u Claro;Simples;Reta;N�o;2;0;1;0;1;0;1;2;-26,16695;-50,106417;SPRF-SC;DEL06-SC;UOP01-DEL06-SC;;;
713159;22/08/2025;sexta-feira;00:10:00;PR;369;18;CAMBARA;Fuma�a;Inc�ndio;Sem V�timas;Plena Noite;Crescente;C�u Claro;Simples;Reta;N�o;1;0;0;0;1;0;0;1;-23,02700522;-50,04086852;SPRF-PR;DEL07-PR;UOP05-DEL07-PR;;;
713160;22/08/2025;sexta-feira;00:35:00;PR;369;197;APUCARANA;Rea��o tardia ou ineficiente do condutor;Sa�da de leito carro��vel;Com V�timas Feridas;Plena Noite;Crescente;C�u Claro;Dupla;Curva;N�o;1;0;1;0;0;0;1;1;-23,51925619;-51,42961669;SPRF-PR;DEL07-PR;UOP03-DEL07-PR;;;
713163;22/08/2025;sexta-feira;01:15:00;MS;262;575;MIRANDA;Aus�ncia de rea��o do condutor;Sa�da de leito carro��vel;Com V�timas Feridas;Plena Noite;Crescente;C�u Claro;Simples;Declive;N�o;1;0;1;0;0;0;1;1;-20,18278;-56,518152;SPRF-MS;DEL03-MS;UOP02-DEL03-MS;;;
713165;22/08/2025;sexta-feira;01:11:00;GO;153;576;PROFESSOR JAMIL;Aus�ncia de rea��o do condutor;Sa�da de leito carro��vel;Sem V�timas;Plena Noite;Decrescente;C�u Claro;Dupla;Aclive;N�o;1;0;0;0;1;0;0;1;-17,341;-49,243;SPRF-GO;DEL03-GO;UOP01-DEL03-GO;;;
713170;22/07/2025;ter�a-feira;15:00:00;SC;470;168,9;POUSO REDONDO;Acessar a via sem observar a presen�a dos outros ve�culos;Colis�o frontal;Com V�timas Feridas;Pleno dia;Crescente;C�u Claro;Simples;"Reta;Aclive";N�o;2;0;2;0;0;0;2;2;-27,265411;-49,88886807;SPRF-SC;DEL04-SC;UOP02-DEL04-SC;;;
713171;22/08/2025;sexta-feira;05:00:00;MG;116;770;LEOPOLDINA;Rea��o tardia ou ineficiente do condutor;Sa�da de leito carro��vel;Sem V�timas;Amanhecer;Decrescente;C�u Claro;Simples;Reta;N�o;1;0;0;0;1;0;0;1;-21,550879;-42,675615;SPRF-MG;DEL07-MG;UOP01-DEL07-MG;;;
713172;22/08/2025;sexta-feira;02:20:00;GO;60;262;INDIARA;Animais na Pista;Atropelamento de Animal;Sem V�timas;Plena Noite;Decrescente;C�u Claro;Dupla;Reta;N�o;1;0;0;0;1;0;0;1;-17,183291;-50,068411;SPRF-GO;DEL01-GO;UOP02-DEL01-GO;;;
713173;22/08/2025;sexta-feira;05:55:00;RJ;116;187;NOVA IGUACU;Carga excessiva e/ou mal acondicionada;Colis�o traseira;Com V�timas Feridas;Pleno dia;Decrescente;C�u Claro;M�ltipla;Reta;N�o;1;0;1;0;0;0;1;1;-22,73883765;-43,47530214;SPRF-RJ;DEL06-RJ;UOP01-DEL06-RJ;;;
713174;21/08/2025;quinta-feira;23:40:00;MG;116;622,8;ORIZANIA;Rea��o tardia ou ineficiente do condutor;Sa�da de leito carro��vel;Com V�timas Feridas;Plena Noite;Decrescente;Nublado;Simples;Reta;N�o;1;0;1;0;0;0;1;1;-20,53065104;-42,20140675;SPRF-MG;DEL07-MG;UOP02-DEL07-MG;;;
713175;21/08/2025;quinta-feira;21:00:00;BA;242;730;BARREIRAS;Rea��o tardia ou ineficiente do condutor;Colis�o lateral sentido oposto;Com V�timas Feridas;Plena Noite;Decrescente;C�u Claro;Simples;Reta;N�o;2;0;1;1;0;0;2;2;-12,11850639;-45,05680507;SPRF-BA;DEL10-BA;UOP01-DEL10-BA;;;
713177;21/08/2025;quinta-feira;19:30:00;MG;262;813;UBERABA;Rea��o tardia ou ineficiente do condutor;Queda de ocupante de ve�culo;Com V�timas Feridas;Plena Noite;Crescente;C�u Claro;Dupla;Reta;Sim;1;0;0;1;0;0;1;1;-19,76439476;-47,99969101;SPRF-MG;DEL13-MG;UOP01-DEL13-MG;;;
713179;21/08/2025;quinta-feira;21:30:00;MA;10;247;IMPERATRIZ;Acessar a via sem observar a presen�a dos outros ve�culos;Atropelamento de Pedestre;Com V�timas Feridas;Plena Noite;Decrescente;Nublado;Dupla;Declive;Sim;3;0;1;0;2;0;1;2;-5,570077;-47,44643;SPRF-MA;DEL04-MA;UOP01-DEL04-MA;;;
713182;25/07/2025;sexta-feira;06:10:00;PR;376;224;CAMBIRA;Acessar a via sem observar a presen�a dos outros ve�culos;Colis�o transversal;Com V�timas Feridas;Amanhecer;Decrescente;Garoa/Chuvisco;Dupla;Retorno Regulamentado;Sim;2;0;0;1;1;0;1;2;-23,59604606;-51,58045813;SPRF-PR;DEL07-PR;UOP03-DEL07-PR;;;
713184;22/08/2025;sexta-feira;05:40:00;MG;116;698,9;MURIAE;Animais na Pista;Atropelamento de Animal;Com V�timas Feridas;Amanhecer;Decrescente;C�u Claro;Simples;"Aclive;Reta";N�o;1;0;1;0;0;0;1;1;-21,097367;-42,375283;SPRF-MG;DEL07-MG;UOP02-DEL07-MG;;;
713188;22/08/2025;sexta-feira;07:00:00;SP;116;221;GUARULHOS;Aus�ncia de rea��o do condutor;Colis�o com objeto;Com V�timas Feridas;Amanhecer;Crescente;Sol;M�ltipla;"Em Obras;Reta";Sim;1;0;1;0;0;0;1;1;-23,47206423;-46,51851654;SPRF-SP;DEL01-SP;UOP01-DEL01-SP;;;
713189;22/08/2025;sexta-feira;06:50:00;PR;116;126;FAZENDA RIO GRANDE;Rea��o tardia ou ineficiente do condutor;Colis�o traseira;Com V�timas Feridas;Pleno dia;Decrescente;Sol;Dupla;Reta;Sim;2;0;1;0;1;0;1;2;-25,643093;-49,312892;SPRF-PR;DEL01-PR;UOP03-DEL01-PR;;;
713190;22/08/2025;sexta-feira;07:10:00;ES;101;269;SERRA;Aus�ncia de rea��o do condutor;Colis�o lateral mesmo sentido;Com V�timas Feridas;Pleno dia;Crescente;Sol;Dupla;Reta;Sim;3;0;2;0;1;0;2;2;-20,217;-40,27;SPRF-ES;DEL02-ES;UOP01-DEL02-ES;;;
713193;22/08/2025;sexta-feira;07:15:00;MG;50;21;UBERLANDIA;Rea��o tardia ou ineficiente do condutor;Colis�o com objeto;Sem V�timas;Pleno dia;Crescente;C�u Claro;Dupla;Reta;Sim;1;0;0;0;1;0;0;1;-18,93825408;-48,21761481;SPRF-MG;DEL15-MG;UOP01-DEL15-MG;;;
713194;22/08/2025;sexta-feira;06:10:00;RJ;116;322;ITATIAIA;Velocidade Incompat�vel;Colis�o com objeto;Sem V�timas;Amanhecer;Crescente;C�u Claro;Simples;Retorno Regulamentado;N�o;1;0;0;0;1;0;0;1;-22,48700691;-44,55137849;SPRF-RJ;DEL07-RJ;UOP02-DEL07-RJ;;;
713197;22/08/2025;sexta-feira;08:00:00;PR;277;720;FOZ DO IGUACU;Rea��o tardia ou ineficiente do condutor;Sa�da de leito carro��vel;Com V�timas Feridas;Pleno dia;Crescente;C�u Claro;Dupla;Reta;Sim;1;0;1;0;0;0;1;1;-25,48832097;-54,50512497;SPRF-PR;DEL05-PR;UOP03-DEL05-PR;;;
713198;22/08/2025;sexta-feira;07:45:00;SC;101;207,5;SAO JOSE;Acessar a via sem observar a presen�a dos outros ve�culos;Colis�o transversal;Com V�timas Feridas;Pleno dia;Crescente;C�u Claro;Dupla;"Aclive;Reta;Interse��o de Vias";Sim;2;0;1;0;1;0;1;2;-27,6019;-48,62808;SPRF-SC;DEL01-SC;UOP01-DEL01-SC;;;
713199;22/08/2025;sexta-feira;06:40:00;PI;343;3,1;TERESINA;Acessar a via sem observar a presen�a dos outros ve�culos;Colis�o transversal;Com V�timas Feridas;Pleno dia;Crescente;C�u Claro;Dupla;Reta;Sim;1;0;1;0;0;0;1;1;-5,08072178;-42,77830392;SPRF-PI;DEL01-PI;UOP01-DEL01-PI;;;
713200;22/08/2025;sexta-feira;06:00:00;RO;364;704;PORTO VELHO;Ingest�o de �lcool pelo condutor;Colis�o frontal;Sem V�timas;Amanhecer;Decrescente;C�u Claro;Dupla;Interse��o de Vias;Sim;2;0;0;0;2;0;0;2;-8,8005;-63,806278;SPRF-RO;DEL01-RO;UOP01-DEL01-RO;;;
713201;22/08/2025;sexta-feira;08:06:00;PB;101;82,3;BAYEUX;Demais falhas mec�nicas ou el�tricas;Tombamento;Com V�timas Feridas;Pleno dia;Crescente;Chuva;Dupla;"Reta;Viaduto";Sim;2;0;0;1;1;0;1;1;-7,1300618;-34,9353792;SPRF-PB;DEL01-PB;UOP01-DEL01-PB;;;
713202;22/08/2025;sexta-feira;07:50:00;SP;101;51;UBATUBA;Convers�o proibida;Colis�o transversal;Com V�timas Feridas;Pleno dia;Decrescente;C�u Claro;Simples;Reta;Sim;2;0;1;0;1;0;1;2;-23,45693225;-45,07045476;SPRF-SP;DEL06-SP;UOP01-DEL06-SP;;;
713203;22/08/2025;sexta-feira;07:35:00;PR;369;172;ROLANDIA;Rea��o tardia ou ineficiente do condutor;Colis�o traseira;Com V�timas Feridas;Pleno dia;Crescente;C�u Claro;Simples;Reta;Sim;2;0;1;0;1;0;1;2;-23,3;-51,35;SPRF-PR;DEL07-PR;UOP01-DEL07-PR;;;
713204;22/08/2025;sexta-feira;08:30:00;MG;381;481,6;CONTAGEM;Aus�ncia de rea��o do condutor;Tombamento;Com V�timas Feridas;Pleno dia;Crescente;Sol;M�ltipla;"Aclive;Reta";Sim;1;0;1;0;0;0;1;1;-19,95891;-44,065028;SPRF-MG;DEL01-MG;UOP03-DEL01-MG;;;
713205;22/08/2025;sexta-feira;07:55:00;RN;405;151;PAU DOS FERROS;Rea��o tardia ou ineficiente do condutor;Eventos at�picos;Com V�timas Feridas;Pleno dia;Decrescente;C�u Claro;Dupla;Interse��o de Vias;Sim;1;0;1;0;0;0;1;1;-6,11332;-38,206422;SPRF-RN;DEL04-RN;UOP02-DEL04-RN;;;
713206;22/08/2025;sexta-feira;08:00:00;SC;116;5,3;MAFRA;Transitar na contram�o;Colis�o frontal;Com V�timas Feridas;Pleno dia;Crescente;C�u Claro;Simples;"Rotat�ria;Reta";Sim;2;0;1;0;1;0;1;2;-26,1455777;-49,8214122;SPRF-SC;DEL06-SC;UOP01-DEL06-SC;;;
713208;22/08/2025;sexta-feira;08:10:00;RJ;101;72;CAMPOS DOS GOYTACAZES;Aus�ncia de rea��o do condutor;Colis�o transversal;Com V�timas Feridas;Pleno dia;Crescente;C�u Claro;Simples;Reta;N�o;2;0;1;0;1;0;1;2;-21,79321525;-41,38961792;SPRF-RJ;DEL08-RJ;UOP02-DEL08-RJ;;;
713209;22/08/2025;sexta-feira;08:15:00;RS;116;230;IVOTI;Convers�o proibida;Colis�o transversal;Com V�timas Feridas;Pleno dia;Decrescente;Garoa/Chuvisco;Simples;Reta;N�o;2;0;1;0;1;0;1;2;-29,620708;-51,1270958;SPRF-RS;DEL01-RS;UOP02-DEL01-RS;;;
713210;22/08/2025;sexta-feira;08:25:00;BA;116;421,9;FEIRA DE SANTANA;Acessar a via sem observar a presen�a dos outros ve�culos;Colis�o lateral mesmo sentido;Com V�timas Feridas;Pleno dia;Crescente;C�u Claro;Dupla;Viaduto;Sim;3;0;1;0;2;0;1;2;-12,22889575;-38,9647867;SPRF-BA;DEL02-BA;UOP01-DEL02-BA;;;
713212;22/08/2025;sexta-feira;09:00:00;SP;116;220;GUARULHOS;Trafegar com motocicleta (ou similar) entre as faixas;Colis�o lateral mesmo sentido;Com V�timas Feridas;Pleno dia;Decrescente;C�u Claro;M�ltipla;Reta;Sim;3;0;0;1;2;0;1;3;-23,46960312;-46,51178995;SPRF-SP;DEL01-SP;UOP01-DEL01-SP;;;
713215;22/08/2025;sexta-feira;06:30:00;GO;20;134;FLORES DE GOIAS;Manobra de mudan�a de faixa;Sa�da de leito carro��vel;Com V�timas Feridas;Pleno dia;Crescente;C�u Claro;Simples;"Reta;Aclive";N�o;5;0;1;0;4;0;1;1;-14,80907281;-46,70940399;SPRF-DF;DEL02-DF;UOP03-DEL02-DF;;;
713216;22/08/2025;sexta-feira;08:30:00;MG;381;432;SANTA LUZIA;Velocidade Incompat�vel;Tombamento;Com V�timas Feridas;Pleno dia;Decrescente;C�u Claro;Simples;Reta;N�o;2;0;2;0;0;0;2;1;-19,8245118;-43,8350638;SPRF-MG;DEL01-MG;UOP01-DEL01-MG;;;
713217;22/08/2025;sexta-feira;07:45:00;MT;364;198;RONDONOPOLIS;Acumulo de �leo sobre o pavimento;Queda de ocupante de ve�culo;Com V�timas Feridas;Pleno dia;Crescente;C�u Claro;Simples;Reta;Sim;2;0;2;0;0;0;2;1;-16,50699476;-54,62157154;SPRF-MT;DEL02-MT;UOP01-DEL02-MT;;;
713218;22/08/2025;sexta-feira;08:30:00;SP;116;146,8;SAO JOSE DOS CAMPOS;Condutor deixou de manter dist�ncia do ve�culo da frente;Engavetamento;Com V�timas Feridas;Pleno dia;Crescente;C�u Claro;Dupla;Aclive;Sim;3;0;1;0;2;0;1;3;-23,19605478;-45,87302148;SPRF-SP;DEL02-SP;UOP01-DEL02-SP;;;
713219;22/08/2025;sexta-feira;07:45:00;RS;158;351;SANTA MARIA;Rea��o tardia ou ineficiente do condutor;Sa�da de leito carro��vel;Sem V�timas;Pleno dia;Crescente;Chuva;Simples;Reta;N�o;1;0;0;0;0;1;0;1;-29,760527;-54,019271;SPRF-RS;DEL09-RS;UOP01-DEL09-RS;;;
713220;22/08/2025;sexta-feira;07:30:00;BA;324;616;SALVADOR;Acessar a via sem observar a presen�a dos outros ve�culos;Colis�o lateral mesmo sentido;Com V�timas Feridas;Pleno dia;Crescente;C�u Claro;Dupla;Reta;Sim;2;0;1;0;1;0;1;2;-12,89414255;-38,4469986;SPRF-BA;DEL01-BA;UOP01-DEL01-BA;;;
713223;22/08/2025;sexta-feira;07:50:00;MT;163;829,5;SINOP;Acessar a via sem observar a presen�a dos outros ve�culos;Colis�o transversal;Com V�timas Feridas;Pleno dia;Crescente;C�u Claro;Dupla;"Interse��o de Vias;Retorno Regulamentado";Sim;3;0;1;0;2;0;1;2;-11,91278905;-55,50849795;SPRF-MT;DEL06-MT;UOP02-DEL06-MT;;;
713224;22/08/2025;sexta-feira;08:25:00;GO;153;501,8;GOIANIA;Condutor deixou de manter dist�ncia do ve�culo da frente;Colis�o traseira;Com V�timas Feridas;Pleno dia;Crescente;C�u Claro;Dupla;Reta;Sim;3;0;2;0;1;0;2;3;-16,72048218;-49,23870061;SPRF-GO;DEL01-GO;UOP01-DEL01-GO;;;
713230;22/08/2025;sexta-feira;09:50:00;MG;381;672,9;PERDOES;Manobra de mudan�a de faixa;Colis�o com objeto;Com V�timas Feridas;Pleno dia;Crescente;C�u Claro;Dupla;"Aclive;Reta";N�o;1;0;1;0;0;0;1;1;-21,0939261;-45,07727193;SPRF-MG;DEL04-MG;UOP02-DEL04-MG;;;
713231;22/08/2025;sexta-feira;10:13:00;SC;282;16,3;PALHOCA;Trafegar com motocicleta (ou similar) entre as faixas;Colis�o transversal;Com V�timas Feridas;Pleno dia;Crescente;C�u Claro;Simples;"Interse��o de Vias;Reta";Sim;2;0;2;0;0;0;2;2;-27,66162505;-48,68452393;SPRF-SC;DEL01-SC;UOP02-DEL01-SC;;;
713233;22/08/2025;sexta-feira;08:46:00;MG;365;456,7;PATROCINIO;Acessar a via sem observar a presen�a dos outros ve�culos;Engavetamento;Com V�timas Feridas;Pleno dia;Crescente;Sol;Simples;Reta;N�o;5;0;1;0;3;1;1;5;-18,848617;-46,870829;SPRF-MG;DEL10-MG;UOP01-DEL10-MG;;;
713235;10/08/2025;domingo;15:30:00;MG;381;589;CARMOPOLIS DE MINAS;Velocidade Incompat�vel;Sa�da de leito carro��vel;Com V�timas Feridas;Pleno dia;Crescente;C�u Claro;Simples;"Curva;Declive";Sim;1;0;0;1;0;0;1;1;-20,5391363;-44,64163542;SPRF-MG;DEL04-MG;UOP01-DEL04-MG;;;
713236;22/08/2025;sexta-feira;10:15:00;SC;101;43;JOINVILLE;Desrespeitar a prefer�ncia no cruzamento;Colis�o transversal;Sem V�timas;Pleno dia;Crescente;Sol;Simples;"Reta;Declive";N�o;2;0;0;0;2;0;0;2;-26,333511;-48,861317;SPRF-SC;DEL03-SC;UOP01-DEL03-SC;;;
713237;17/08/2025;domingo;15:30:00;RR;401;56;BONFIM;Chuva;Colis�o frontal;Com V�timas Fatais;Pleno dia;Crescente;Chuva;Simples;Curva;N�o;10;3;3;4;0;0;7;2;3,111772;-60,330256;SPRF-RR;DEL01-RR;UOP01-DEL01-RR;;;
713238;22/08/2025;sexta-feira;10:06:00;RJ;101;386;RIO DE JANEIRO;Acessar a via sem observar a presen�a dos outros ve�culos;Tombamento;Com V�timas Feridas;Pleno dia;Crescente;C�u Claro;Dupla;Reta;N�o;2;0;2;0;0;0;2;2;-22,88587109;-43,65084585;SPRF-RJ;DEL03-RJ;UOP01-DEL03-RJ;;;