id;data_inversa;dia_semana;horario;uf;br;km;municipio;causa_acidente;tipo_acidente;classificacao_acidente;fase_dia;sentido_via;condicao_metereologica;tipo_pista;tracado_via;uso_solo;pessoas;mortos;feridos_leves;feridos_graves;ilesos;ignorados;feridos;veiculos;latitude;longitude;regional;delegacia;uop;;;
713239;22/08/2025;sexta-feira;09:25:00;MT;163;704;SORRISO;Ultrapassagem Indevida;Colis�o frontal;Com V�timas Fatais;Pleno dia;Crescente;Sol;Simples;Reta;N�o;2;2;0;0;0;0;0;2;-12,939682;-55,863193;SPRF-MT;DEL06-MT;UOP01-DEL06-MT;;;
713240;15/08/2025;sexta-feira;10:55:00;PI;343;302;ALTOS;Acessar a via sem observar a presen�a dos outros ve�culos;Colis�o transversal;Com V�timas Fatais;Pleno dia;Decrescente;Sol;Simples;Reta;N�o;2;1;0;0;1;0;0;2;-5,02716838;-42,43653417;SPRF-PI;DEL01-PI;UOP03-DEL01-PI;;;
713242;22/08/2025;sexta-feira;11:25:00;MG;40;569,3;NOVA LIMA;Condutor Dormindo;Sa�da de leito carro��vel;Com V�timas Feridas;Pleno dia;Decrescente;C�u Claro;Simples;Reta;N�o;4;0;1;3;0;0;4;1;-20,20997159;-43,97325039;SPRF-MG;DEL01-MG;UOP02-DEL01-MG;;;
713243;08/07/2025;ter�a-feira;10:40:00;RJ;40;27;PETROPOLIS;Condutor Dormindo;Sa�da de leito carro��vel;Com V�timas Feridas;Pleno dia;Decrescente;C�u Claro;Dupla;Reta;N�o;2;0;0;2;0;0;2;1;-22,28;-43,12;SPRF-RJ;DEL05-RJ;UOP02-DEL05-RJ;;;
713244;22/07/2025;ter�a-feira;13:00:00;ES;101;277,9;SERRA;Acessar a via sem observar a presen�a dos outros ve�culos;Colis�o transversal;Com V�timas Fatais;Pleno dia;Crescente;Sol;Dupla;Reta;Sim;3;1;0;0;2;0;0;2;-20,21686025;-40,3288132;SPRF-ES;DEL02-ES;UOP01-DEL02-ES;;;
713248;22/08/2025;sexta-feira;10:30:00;MS;463;105;PONTA PORA;Transitar no Acostamento;Colis�o traseira;Com V�timas Feridas;Pleno dia;Decrescente;C�u Claro;Simples;Reta;N�o;3;0;0;1;2;0;1;2;-22,59748466;-55,66418258;SPRF-MS;DEL04-MS;UOP03-DEL04-MS;;;
713249;22/08/2025;sexta-feira;10:37:00;SC;101;416,7;ARARANGUA;Manobra de mudan�a de faixa;Colis�o lateral mesmo sentido;Com V�timas Feridas;Pleno dia;Crescente;C�u Claro;M�ltipla;Reta;Sim;2;0;1;0;1;0;1;2;-28,97931204;-49,53598022;SPRF-SC;DEL02-SC;UOP02-DEL02-SC;;;
713250;22/08/2025;sexta-feira;12:35:00;RN;406;169,7;SAO GONCALO DO AMARANTE;Acessar a via sem observar a presen�a dos outros ve�culos;Colis�o lateral mesmo sentido;Com V�timas Feridas;Pleno dia;Crescente;Sol;Dupla;Interse��o de Vias;Sim;4;0;2;0;2;0;2;2;-5,757798;-35,301771;SPRF-RN;DEL02-RN;UOP01-DEL02-RN;;;
713252;22/08/2025;sexta-feira;12:40:00;PR;277;584;CASCAVEL;Condutor deixou de manter dist�ncia do ve�culo da frente;Colis�o lateral mesmo sentido;Com V�timas Feridas;Pleno dia;Crescente;C�u Claro;Dupla;Reta;Sim;2;0;1;0;1;0;1;2;-24,9838904;-53,3731915;SPRF-PR;DEL04-PR;UOP01-DEL04-PR;;;
713254;22/08/2025;sexta-feira;11:39:00;RJ;101;267;RIO BONITO;Rea��o tardia ou ineficiente do condutor;Queda de ocupante de ve�culo;Com V�timas Feridas;Pleno dia;Crescente;C�u Claro;Dupla;Reta;Sim;1;0;1;0;0;0;1;1;-22,70762;-42,661623;SPRF-RJ;DEL02-RJ;UOP03-DEL02-RJ;;;
713255;22/08/2025;sexta-feira;08:00:00;MG;40;162,9;JOAO PINHEIRO;Condutor Dormindo;Sa�da de leito carro��vel;Com V�timas Feridas;Pleno dia;Decrescente;Sol;Dupla;Reta;N�o;1;0;1;0;0;0;1;1;-17,9030052;-46,1156139;SPRF-MG;DEL14-MG;UOP02-DEL14-MG;;;
713256;22/08/2025;sexta-feira;12:50:00;SC;280;58;GUARAMIRIM;Condutor deixou de manter dist�ncia do ve�culo da frente;Colis�o traseira;Com V�timas Feridas;Pleno dia;Crescente;Sol;Dupla;Reta;N�o;2;0;1;0;1;0;1;2;-26,474275;-49,023616;SPRF-SC;DEL03-SC;UOP03-DEL03-SC;;;
713257;22/08/2025;sexta-feira;13:25:00;MG;381;351;JOAO MONLEVADE;Entrada inopinada do pedestre;Atropelamento de Pedestre;Com V�timas Feridas;Pleno dia;Crescente;C�u Claro;Simples;Reta;Sim;3;0;0;1;2;0;1;2;-19,83952985;-43,18057847;SPRF-MG;DEL03-MG;UOP01-DEL03-MG;;;
713259;22/08/2025;sexta-feira;13:45:00;PE;101;69,5;RECIFE;Acessar a via sem observar a presen�a dos outros ve�culos;Colis�o transversal;Com V�timas Feridas;Pleno dia;Crescente;C�u Claro;Dupla;Reta;Sim;2;0;1;0;1;0;1;2;-8,06382;-34,94458;SPRF-PE;DEL01-PE;UOP01-DEL01-PE;;;
713260;17/05/2025;s�bado;00:20:00;GO;153;503;GOIANIA;Rea��o tardia ou ineficiente do condutor;Colis�o lateral mesmo sentido;Com V�timas Feridas;Plena Noite;Crescente;C�u Claro;Dupla;"Viaduto;Curva";Sim;3;0;1;0;1;1;1;3;-16,72954369;-49,24303561;SPRF-GO;DEL01-GO;UOP01-DEL01-GO;;;
713261;22/08/2025;sexta-feira;13:10:00;SP;116;536;BARRA DO TURVO;Rea��o tardia ou ineficiente do condutor;Queda de ocupante de ve�culo;Com V�timas Feridas;Pleno dia;Crescente;C�u Claro;Dupla;"Curva;Aclive";N�o;2;0;2;0;0;0;2;1;-24,97178327;-48,35076442;SPRF-SP;DEL05-SP;UOP02-DEL05-SP;;;
713263;22/08/2025;sexta-feira;13:00:00;SC;101;435,5;SOMBRIO;Desrespeitar a prefer�ncia no cruzamento;Colis�o transversal;Com V�timas Feridas;Pleno dia;Crescente;C�u Claro;M�ltipla;"Viaduto;Interse��o de Vias;Rotat�ria";Sim;2;0;1;0;1;0;1;2;-29,11088325;-49,63868586;SPRF-SC;DEL02-SC;UOP02-DEL02-SC;;;
713266;22/08/2025;sexta-feira;14:37:00;RN;406;164,8;SAO GONCALO DO AMARANTE;Frear bruscamente;Colis�o frontal;Com V�timas Feridas;Pleno dia;Crescente;Chuva;Simples;Reta;N�o;3;0;0;2;1;0;2;2;-5,742739;-35,342219;SPRF-RN;DEL02-RN;UOP01-DEL02-RN;;;
713267;22/08/2025;sexta-feira;10:30:00;MS;158;2;CASSILANDIA;Acessar a via sem observar a presen�a dos outros ve�culos;Colis�o transversal;Com V�timas Feridas;Pleno dia;Crescente;C�u Claro;Simples;"Reta;Aclive;Interse��o de Vias";Sim;2;0;1;0;1;0;1;2;-19,12280792;-51,72223806;SPRF-MS;DEL08-MS;UOP01-DEL08-MS;;;
713268;23/05/2025;sexta-feira;07:22:00;ES;393;27,3;MUQUI;Aus�ncia de rea��o do condutor;Colis�o frontal;Com V�timas Feridas;Pleno dia;Decrescente;C�u Claro;Simples;Reta;N�o;2;0;0;1;1;0;1;2;-20,94478146;-41,33612093;SPRF-ES;DEL03-ES;UOP02-DEL03-ES;;;
713269;22/08/2025;sexta-feira;14:50:00;RS;116;249;SAO LEOPOLDO;Avarias e/ou desgaste excessivo no pneu;Colis�o com objeto;Com V�timas Feridas;Pleno dia;Crescente;Garoa/Chuvisco;Dupla;"Curva;Ponte";Sim;1;0;1;0;0;0;1;1;-29,78728578;-51,16432786;SPRF-RS;DEL01-RS;UOP02-DEL01-RS;;;
713270;22/08/2025;sexta-feira;14:40:00;PR;277;1,5;PARANAGUA;Rea��o tardia ou ineficiente do condutor;Colis�o traseira;Com V�timas Feridas;Pleno dia;Crescente;Sol;Dupla;Reta;Sim;2;0;1;0;0;1;1;2;-25,552862;-48,554287;SPRF-PR;DEL01-PR;UOP05-DEL01-PR;;;
713272;22/08/2025;sexta-feira;11:00:00;RJ;40;109;DUQUE DE CAXIAS;Aus�ncia de rea��o do condutor;Colis�o com objeto;Com V�timas Feridas;Pleno dia;Crescente;C�u Claro;Dupla;Reta;Sim;3;0;2;0;1;0;2;1;-22,6745398;-43,2863918;SPRF-RJ;DEL01-RJ;UOP02-DEL01-RJ;;;
713274;22/08/2025;sexta-feira;14:10:00;GO;153;419,5;ANAPOLIS;Aus�ncia de rea��o do condutor;Queda de ocupante de ve�culo;Com V�timas Feridas;Pleno dia;Crescente;C�u Claro;Simples;Rotat�ria;Sim;1;0;1;0;0;0;1;1;-16,190649;-49,03419;SPRF-GO;DEL02-GO;UOP01-DEL02-GO;;;
713275;22/08/2025;sexta-feira;15:00:00;SP;116;218;GUARULHOS;Velocidade Incompat�vel;Colis�o traseira;Com V�timas Feridas;Pleno dia;Decrescente;C�u Claro;M�ltipla;Reta;Sim;1;0;1;0;0;0;1;1;-23,45906799;-46,48273436;SPRF-SP;DEL01-SP;UOP01-DEL01-SP;;;
713276;18/08/2025;segunda-feira;05:20:00;RJ;393;228;VASSOURAS;Animais na Pista;Atropelamento de Animal;Com V�timas Feridas;Amanhecer;Crescente;C�u Claro;Simples;Reta;N�o;1;0;1;0;0;0;1;1;-22,37500311;-43,62566471;SPRF-RJ;DEL05-RJ;UOP03-DEL05-RJ;;;
713277;22/08/2025;sexta-feira;11:10:00;SC;282;606;MARAVILHA;Acessar a via sem observar a presen�a dos outros ve�culos;Colis�o transversal;Com V�timas Feridas;Pleno dia;Crescente;C�u Claro;Simples;Reta;Sim;3;0;1;1;1;0;2;2;-26,7724552;-53,2047896;SPRF-SC;DEL07-SC;UOP02-DEL07-SC;;;
713280;22/08/2025;sexta-feira;15:30:00;SP;153;59,8;SAO JOSE DO RIO PRETO;Avarias e/ou desgaste excessivo no pneu;Tombamento;Com V�timas Feridas;Pleno dia;Decrescente;C�u Claro;Dupla;Reta;Sim;2;0;2;0;0;0;2;1;-20,79304905;-49,35443759;SPRF-SP;DEL09-SP;UOP01-DEL09-SP;;;
713282;22/08/2025;sexta-feira;15:30:00;RS;116;265;CANOAS;Aus�ncia de rea��o do condutor;Sa�da de leito carro��vel;Com V�timas Feridas;Pleno dia;Crescente;Nublado;Dupla;"Reta;Em Obras";Sim;1;0;1;0;0;0;1;1;-29,92713155;-51,17794124;SPRF-RS;DEL01-RS;UOP01-DEL01-RS;;;
713285;03/08/2025;domingo;05:50:00;PR;163;283;MARECHAL CANDIDO RONDON;Acumulo de areia ou detritos sobre o pavimento;Queda de ocupante de ve�culo;Com V�timas Feridas;Plena Noite;Crescente;C�u Claro;Simples;"Curva;Declive;Interse��o de Vias";Sim;1;0;1;0;0;0;1;1;-24,5671186;-54,03357522;SPRF-PR;DEL06-PR;UOP02-DEL06-PR;;;
713286;22/08/2025;sexta-feira;16:05:00;ES;101;65;SAO MATEUS;Demais falhas mec�nicas ou el�tricas;Inc�ndio;Sem V�timas;Anoitecer;Crescente;C�u Claro;Simples;"Aclive;Reta";N�o;1;0;0;0;1;0;0;1;-18,70867231;-39,87722191;SPRF-ES;DEL04-ES;UOP02-DEL04-ES;;;
713287;22/08/2025;sexta-feira;14:15:00;AP;156;629;CALCOENE;Manobra de mudan�a de faixa;Tombamento;Com V�timas Feridas;Pleno dia;Crescente;C�u Claro;Simples;Reta;N�o;1;0;0;1;0;0;1;1;2,46;-51,14;SPRF-AP;DEL01-AP;UOP02-DEL01-AP;;;
713289;22/08/2025;sexta-feira;16:15:00;MG;40;634,6;CONSELHEIRO LAFAIETE;Rea��o tardia ou ineficiente do condutor;Sa�da de leito carro��vel;Com V�timas Feridas;Pleno dia;Decrescente;Sol;Simples;Curva;N�o;3;0;2;0;1;0;2;1;-20,69919054;-43,79280701;SPRF-MG;DEL05-MG;UOP02-DEL05-MG;;;
713291;22/08/2025;sexta-feira;15:00:00;RJ;356;185;SAO JOAO DA BARRA;Estacionar ou parar em local proibido;Colis�o traseira;Com V�timas Feridas;Pleno dia;Decrescente;C�u Claro;Simples;Reta;Sim;2;0;1;0;1;0;1;2;-21,627948;-41,025192;SPRF-RJ;DEL08-RJ;UOP02-DEL08-RJ;;;
713292;22/08/2025;sexta-feira;17:00:00;SC;101;199,5;SAO JOSE;Rea��o tardia ou ineficiente do condutor;Colis�o traseira;Com V�timas Feridas;Anoitecer;Crescente;Nublado;M�ltipla;Reta;Sim;3;0;2;0;1;0;2;2;-27,53744;-48,62605;SPRF-SC;DEL01-SC;UOP01-DEL01-SC;;;
713295;22/08/2025;sexta-feira;13:50:00;MT;70;508;CUIABA;Ultrapassagem Indevida;Colis�o transversal;Com V�timas Feridas;Pleno dia;Crescente;Sol;Simples;"Reta;Declive";N�o;2;0;1;0;1;0;1;2;-15,699415;-56,082261;SPRF-MT;DEL01-MT;UOP02-DEL01-MT;;;
713298;22/08/2025;sexta-feira;17:30:00;RJ;40;120;DUQUE DE CAXIAS;Velocidade Incompat�vel;Colis�o lateral mesmo sentido;Com V�timas Feridas;Pleno dia;Decrescente;C�u Claro;M�ltipla;Reta;Sim;3;0;1;0;2;0;1;3;-22,7724173;-43,2857657;SPRF-RJ;DEL01-RJ;UOP02-DEL01-RJ;;;
713300;22/08/2025;sexta-feira;16:45:00;PB;230;55,1;CRUZ DO ESPIRITO SANTO;Rea��o tardia ou ineficiente do condutor;Sa�da de leito carro��vel;Com V�timas Feridas;Pleno dia;Decrescente;C�u Claro;Dupla;Reta;N�o;2;0;0;2;0;0;2;1;-7,202163;-35,103175;SPRF-PB;DEL01-PB;UOP02-DEL01-PB;;;
713302;22/08/2025;sexta-feira;17:15:00;SC;101;150,1;ITAPEMA;Trafegar com motocicleta (ou similar) entre as faixas;Colis�o lateral sentido oposto;Com V�timas Feridas;Anoitecer;Decrescente;C�u Claro;Dupla;Reta;Sim;3;0;0;1;2;0;1;3;-27,12420116;-48,60937588;SPRF-SC;DEL04-SC;UOP03-DEL04-SC;;;
713304;22/08/2025;sexta-feira;17:15:00;SP;101;52;UBATUBA;Ingest�o de �lcool pelo condutor;Colis�o lateral mesmo sentido;Com V�timas Feridas;Pleno dia;Decrescente;C�u Claro;Simples;Rotat�ria;Sim;3;0;1;0;2;0;1;2;-23,46254664;-45,06428417;SPRF-SP;DEL06-SP;UOP01-DEL06-SP;;;
713306;22/08/2025;sexta-feira;17:20:00;MG;40;531,7;BELO HORIZONTE;Condutor deixou de manter dist�ncia do ve�culo da frente;Colis�o traseira;Com V�timas Feridas;Pleno dia;Decrescente;C�u Claro;Dupla;"Aclive;Reta";Sim;3;0;1;0;2;0;1;2;-19,922682;-44,020689;SPRF-MG;DEL01-MG;UOP02-DEL01-MG;;;
713307;22/08/2025;sexta-feira;17:10:00;PR;116;93;SAO JOSE DOS PINHAIS;Aus�ncia de rea��o do condutor;Sa�da de leito carro��vel;Com V�timas Feridas;Pleno dia;Decrescente;C�u Claro;Simples;"Curva;Declive";N�o;1;0;1;0;0;0;1;1;-25,555275;-49,029864;SPRF-PR;DEL01-PR;UOP07-DEL01-PR;;;
713308;22/08/2025;sexta-feira;17:50:00;PR;369;137;IBIPORA;Acessar a via sem observar a presen�a dos outros ve�culos;Colis�o transversal;Com V�timas Feridas;Pleno dia;Decrescente;C�u Claro;Dupla;Reta;N�o;5;0;0;1;4;0;1;2;-23,27045;-51,038953;SPRF-PR;DEL07-PR;UOP01-DEL07-PR;;;
713309;22/08/2025;sexta-feira;17:20:00;SC;282;27,7;SANTO AMARO DA IMPERATRIZ;Velocidade Incompat�vel;Queda de ocupante de ve�culo;Com V�timas Feridas;Anoitecer;Decrescente;C�u Claro;Simples;Reta;Sim;1;0;1;0;0;0;1;1;-27,67447;-48,7772877;SPRF-SC;DEL01-SC;UOP03-DEL01-SC;;;
713310;22/08/2025;sexta-feira;17:45:00;GO;20;183,4;ALVORADA DO NORTE;Afundamento ou ondula��o no pavimento;Queda de ocupante de ve�culo;Com V�timas Feridas;Anoitecer;Decrescente;C�u Claro;Dupla;Reta;Sim;2;0;1;0;1;0;1;1;-14,4801792;-46,4945152;SPRF-DF;DEL02-DF;UOP03-DEL02-DF;;;
713313;22/08/2025;sexta-feira;17:25:00;SC;470;88,7;ASCURRA;Acessar a via sem observar a presen�a dos outros ve�culos;Colis�o transversal;Com V�timas Feridas;Anoitecer;Crescente;Nublado;Simples;Curva;N�o;4;0;1;1;2;0;2;2;-26,9604679;-49,37499253;SPRF-SC;DEL04-SC;UOP01-DEL04-SC;;;
713315;22/08/2025;sexta-feira;19:00:00;SP;116;221,5;GUARULHOS;Rea��o tardia ou ineficiente do condutor;Colis�o traseira;Com V�timas Feridas;Plena Noite;Decrescente;C�u Claro;Simples;Reta;Sim;3;0;1;0;2;0;1;2;-23,469647;-46,511913;SPRF-SP;DEL01-SP;UOP01-DEL01-SP;;;
713318;22/08/2025;sexta-feira;17:30:00;BA;116;810;VITORIA DA CONQUISTA;Acessar a via sem observar a presen�a dos outros ve�culos;Colis�o transversal;Com V�timas Feridas;Anoitecer;Decrescente;C�u Claro;Simples;Rotat�ria;N�o;2;0;0;1;1;0;1;2;-14,786387;-40,747437;SPRF-BA;DEL08-BA;UOP01-DEL08-BA;;;
713322;22/08/2025;sexta-feira;17:55:00;ES;101;65;SAO MATEUS;Aus�ncia de rea��o do condutor;Tombamento;Com V�timas Feridas;Anoitecer;Crescente;C�u Claro;Dupla;Reta;N�o;1;0;1;0;0;0;1;1;-18,7156782;-39,8755792;SPRF-ES;DEL04-ES;UOP02-DEL04-ES;;;
713323;22/08/2025;sexta-feira;18:40:00;RJ;101;485,3;ANGRA DOS REIS;Acessar a via sem observar a presen�a dos outros ve�culos;Atropelamento de Pedestre;Com V�timas Feridas;Plena Noite;Crescente;Chuva;Simples;Reta;Sim;3;0;1;0;2;0;1;3;-22,9437692;-44,3266306;SPRF-RJ;DEL03-RJ;UOP03-DEL03-RJ;;;
713324;22/08/2025;sexta-feira;18:30:00;SC;280;53;GUARAMIRIM;Acessar a via sem observar a presen�a dos outros ve�culos;Colis�o transversal;Com V�timas Feridas;Plena Noite;Crescente;C�u Claro;Dupla;Rotat�ria;Sim;2;0;1;0;1;0;1;2;-26,46726918;-48,96001339;SPRF-SC;DEL03-SC;UOP03-DEL03-SC;;;
713325;22/08/2025;sexta-feira;18:30:00;PR;153;42,6;SANTO ANTONIO DA PLATINA;Desrespeitar a prefer�ncia no cruzamento;Colis�o transversal;Com V�timas Feridas;Anoitecer;Crescente;C�u Claro;Simples;"Reta;Interse��o de Vias";Sim;2;0;1;0;1;0;1;2;-23,30149154;-50,07030702;SPRF-PR;DEL07-PR;UOP04-DEL07-PR;;;
713326;22/08/2025;sexta-feira;17:40:00;MT;70;2;BARRA DO GARCAS;Convers�o proibida;Colis�o transversal;Com V�timas Feridas;Plena Noite;Crescente;C�u Claro;Dupla;Reta;Sim;3;0;1;0;1;1;1;3;-15,88319784;-52,27464706;SPRF-MT;DEL07-MT;UOP01-DEL07-MT;;;
713327;22/08/2025;sexta-feira;18:00:00;MG;40;546;NOVA LIMA;Manobra de mudan�a de faixa;Colis�o lateral mesmo sentido;Com V�timas Feridas;Plena Noite;Decrescente;C�u Claro;Dupla;Reta;Sim;3;0;2;0;1;0;2;2;-20,013;-43,967;SPRF-MG;DEL01-MG;UOP02-DEL01-MG;;;
713328;19/08/2025;ter�a-feira;20:00:00;MA;230;219,5;SAO DOMINGOS DO AZEITAO;Ultrapassagem Indevida;Colis�o frontal;Com V�timas Feridas;Plena Noite;Decrescente;C�u Claro;Simples;Reta;N�o;3;0;0;2;1;0;2;2;-6,83697321;-44,67651285;SPRF-MA;DEL05-MA;UOP01-DEL05-MA;;;
713331;22/08/2025;sexta-feira;15:50:00;RJ;101;317;SAO GONCALO;Rea��o tardia ou ineficiente do condutor;Engavetamento;Com V�timas Feridas;Pleno dia;Decrescente;C�u Claro;Dupla;Reta;Sim;6;0;2;0;4;0;2;3;-22,84039673;-43,09377551;SPRF-RJ;DEL02-RJ;UOP02-DEL02-RJ;;;
713332;22/08/2025;sexta-feira;18:50:00;ES;101;146;LINHARES;Condutor deixou de manter dist�ncia do ve�culo da frente;Colis�o traseira;Com V�timas Feridas;Plena Noite;Crescente;C�u Claro;Dupla;Reta;Sim;3;0;2;0;1;0;2;2;-19,35232366;-40,06335005;SPRF-ES;DEL04-ES;UOP01-DEL04-ES;;;
713334;22/08/2025;sexta-feira;19:08:00;RS;290;103;ELDORADO DO SUL;Manobra de mudan�a de faixa;Colis�o lateral mesmo sentido;Com V�timas Feridas;Plena Noite;Decrescente;Nublado;Dupla;"Aclive;Reta;Ponte";N�o;2;0;1;0;1;0;1;2;-29,99171993;-51,27065294;SPRF-RS;DEL01-RS;UOP01-DEL01-RS;;;
713336;22/08/2025;sexta-feira;18:15:00;MT;163;690;LUCAS DO RIO VERDE;Acessar a via sem observar a presen�a dos outros ve�culos;Colis�o com objeto;Com V�timas Feridas;Plena Noite;Crescente;C�u Claro;Simples;Reta;Sim;2;0;1;0;1;0;1;2;-13,06650315;-55,923892;SPRF-MT;DEL06-MT;UOP01-DEL06-MT;;;
713337;22/08/2025;sexta-feira;13:40:00;RS;116;252;SAPUCAIA DO SUL;Acumulo de �gua sobre o pavimento;Tombamento;Com V�timas Feridas;Pleno dia;Crescente;Chuva;Dupla;Reta;Sim;1;0;1;0;0;0;1;1;-29,80417008;-51,1665458;SPRF-RS;DEL01-RS;UOP02-DEL01-RS;;;
713339;22/08/2025;sexta-feira;19:30:00;SP;116;138;SAO JOSE DOS CAMPOS;Aus�ncia de rea��o do condutor;Colis�o traseira;Sem V�timas;Plena Noite;Crescente;C�u Claro;Dupla;Reta;N�o;2;0;0;0;2;0;0;2;-23,1538999;-45,78552246;SPRF-SP;DEL02-SP;UOP01-DEL02-SP;;;
713340;22/08/2025;sexta-feira;19:30:00;PR;373;415;FOZ DO JORDAO;Condutor deixou de manter dist�ncia do ve�culo da frente;Colis�o transversal;Com V�timas Feridas;Plena Noite;Crescente;C�u Claro;Simples;Reta;Sim;5;0;3;0;2;0;3;2;-25,66990576;-52,12320535;SPRF-PR;DEL08-PR;UOP01-DEL08-PR;;;
713341;22/08/2025;sexta-feira;18:30:00;RO;364;347;JI-PARANA;Acessar a via sem observar a presen�a dos outros ve�culos;Colis�o transversal;Com V�timas Feridas;Anoitecer;Crescente;Ignorado;Simples;"Interse��o de Vias;Reta";Sim;2;0;1;0;1;0;1;2;-10,858208;-61,979838;SPRF-RO;DEL02-RO;UOP01-DEL02-RO;;;
713342;22/08/2025;sexta-feira;17:50:00;MT;70;526;VARZEA GRANDE;Acessar a via sem observar a presen�a dos outros ve�culos;Colis�o transversal;Com V�timas Feridas;Anoitecer;Crescente;C�u Claro;Simples;"Reta;Interse��o de Vias";Sim;2;0;0;1;1;0;1;2;-15,65213;-56,20118;SPRF-MT;DEL01-MT;UOP02-DEL01-MT;;;
713343;22/08/2025;sexta-feira;17:40:00;MT;364;435;VARZEA GRANDE;Acessar a via sem observar a presen�a dos outros ve�culos;Colis�o transversal;Com V�timas Feridas;Plena Noite;Decrescente;C�u Claro;Dupla;Reta;Sim;2;0;0;1;1;0;1;2;-15,64461416;-56,19961381;SPRF-MT;DEL01-MT;UOP02-DEL01-MT;;;
713344;22/08/2025;sexta-feira;19:40:00;RJ;116;125;MAGE;Manobra de mudan�a de faixa;Queda de ocupante de ve�culo;Com V�timas Feridas;Plena Noite;Decrescente;C�u Claro;Dupla;Reta;N�o;2;0;2;0;0;0;2;1;-22,65759038;-43,07376321;SPRF-RJ;DEL04-RJ;UOP02-DEL04-RJ;;;
713346;22/08/2025;sexta-feira;20:06:00;SE;101;92,5;NOSSA SENHORA DO SOCORRO;Pedestre - Ingest�o de �lcool/ subst�ncias psicoativas;Atropelamento de Pedestre;Com V�timas Feridas;Plena Noite;Crescente;C�u Claro;Dupla;Reta;N�o;2;0;0;1;0;1;1;2;-10,90526432;-37,12328036;SPRF-SE;DEL01-SE;UOP01-DEL01-SE;;;
713347;22/08/2025;sexta-feira;17:45:00;SC;280;28;ARAQUARI;Convers�o proibida;Colis�o transversal;Com V�timas Feridas;Pleno dia;Decrescente;C�u Claro;Simples;Reta;N�o;2;0;1;0;1;0;1;2;-26,40554388;-48,7464207;SPRF-SC;DEL03-SC;UOP03-DEL03-SC;;;
713348;22/08/2025;sexta-feira;20:20:00;PR;116;121;CURITIBA;Rea��o tardia ou ineficiente do condutor;Engavetamento;Com V�timas Feridas;Plena Noite;Crescente;C�u Claro;Dupla;"Aclive;Reta";N�o;4;0;1;0;3;0;1;3;-25,601557;-49,317694;SPRF-PR;DEL01-PR;UOP03-DEL01-PR;;;
713349;22/08/2025;sexta-feira;20:00:00;SP;116;217;GUARULHOS;Condutor deixou de manter dist�ncia do ve�culo da frente;Colis�o lateral mesmo sentido;Com V�timas Feridas;Plena Noite;Crescente;C�u Claro;M�ltipla;"Aclive;Reta";Sim;2;0;2;0;0;0;2;2;-23,45344806;-46,47044985;SPRF-SP;DEL01-SP;UOP01-DEL01-SP;;;
713350;22/08/2025;sexta-feira;20:20:00;SC;101;460;PASSO DE TORRES;Demais falhas mec�nicas ou el�tricas;Inc�ndio;Sem V�timas;Plena Noite;Crescente;Nublado;Dupla;Reta;N�o;3;0;0;0;3;0;0;1;-29,27509437;-49,75510597;SPRF-RS;DEL03-RS;UOP02-DEL03-RS;;;
713351;22/08/2025;sexta-feira;20:20:00;RN;101;98,3;PARNAMIRIM;Aus�ncia de rea��o do condutor;Engavetamento;Com V�timas Feridas;Plena Noite;Decrescente;C�u Claro;Dupla;"Aclive;Reta";Sim;4;0;3;1;0;0;4;3;-5,86927866;-35,21827189;SPRF-RN;DEL01-RN;UOP01-DEL01-RN;;;
713352;22/08/2025;sexta-feira;20:15:00;PR;376;600;CURITIBA;Transitar no Acostamento;Colis�o lateral mesmo sentido;Com V�timas Feridas;Plena Noite;Crescente;C�u Claro;Dupla;Reta;Sim;2;0;1;0;1;0;1;2;-25,512698;-49,338275;SPRF-PR;DEL01-PR;UOP03-DEL01-PR;;;
713353;22/08/2025;sexta-feira;20:40:00;AP;156;795;OIAPOQUE;Transitar na contram�o;Colis�o frontal;Com V�timas Feridas;Plena Noite;Decrescente;C�u Claro;Simples;Reta;N�o;5;0;0;4;1;0;4;2;3,80022291;-51,7812252;SPRF-AP;DEL01-AP;UOP03-DEL01-AP;;;
713354;22/08/2025;sexta-feira;19:40:00;ES;101;56;SAO MATEUS;Ilumina��o deficiente;Tombamento;Com V�timas Feridas;Plena Noite;Decrescente;C�u Claro;Simples;Reta;N�o;1;0;1;0;0;0;1;1;-18,63656917;-39,87707681;SPRF-ES;DEL04-ES;UOP02-DEL04-ES;;;
713356;22/08/2025;sexta-feira;17:30:00;RJ;101;404;ITAGUAI;Trafegar com motocicleta (ou similar) entre as faixas;Colis�o lateral mesmo sentido;Com V�timas Feridas;Anoitecer;Decrescente;C�u Claro;Dupla;Reta;Sim;5;0;0;3;2;0;3;3;-22,8589304;-43,7591267;SPRF-RJ;DEL03-RJ;UOP01-DEL03-RJ;;;
713357;22/08/2025;sexta-feira;20:40:00;PA;316;85;SAO FRANCISCO DO PARA;Pedestre andava na pista;Atropelamento de Pedestre;Com V�timas Feridas;Plena Noite;Decrescente;C�u Claro;Simples;Declive;N�o;2;0;0;1;1;0;1;2;-1,3126271;-47,72956967;SPRF-PA;DEL01-PA;UOP02-DEL01-PA;;;
713358;22/08/2025;sexta-feira;18:15:00;BA;407;22;JUAZEIRO;Deixar de acionar o farol da motocicleta (ou similar);Colis�o lateral sentido oposto;Sem V�timas;Plena Noite;Crescente;C�u Claro;Simples;Reta;Sim;2;0;0;0;1;1;0;2;-9,600165;-40,41756;SPRF-BA;DEL04-BA;UOP01-DEL04-BA;;;