id;data_inversa;dia_semana;horario;uf;br;km;municipio;causa_acidente;tipo_acidente;classificacao_acidente;fase_dia;sentido_via;condicao_metereologica;tipo_pista;tracado_via;uso_solo;pessoas;mortos;feridos_leves;feridos_graves;ilesos;ignorados;feridos;veiculos;latitude;longitude;regional;delegacia;uop;;;
713360;22/08/2025;sexta-feira;20:10:00;AC;317;223;XAPURI;Aus�ncia de rea��o do condutor;Colis�o traseira;Com V�timas Feridas;Plena Noite;Crescente;C�u Claro;Simples;Reta;N�o;5;0;2;0;3;0;2;2;-10,67347305;-68,31469202;SPRF-AC;DEL01-AC;UOP02-DEL01-AC;;;
713361;22/08/2025;sexta-feira;22:30:00;SC;280;29;ARAQUARI;Trafegar com motocicleta (ou similar) entre as faixas;Colis�o transversal;Com V�timas Feridas;Plena Noite;Decrescente;C�u Claro;Simples;Reta;Sim;2;0;1;0;1;0;1;2;-26,407118;-48,748126;SPRF-SC;DEL03-SC;UOP03-DEL03-SC;;;
713363;22/08/2025;sexta-feira;21:50:00;SC;280;28,8;ARAQUARI;Trafegar com motocicleta (ou similar) entre as faixas;Colis�o transversal;Com V�timas Feridas;Plena Noite;Decrescente;Nublado;Simples;Reta;Sim;2;0;1;0;1;0;1;2;-26,407118;-48,748126;SPRF-SC;DEL03-SC;UOP03-DEL03-SC;;;
713364;22/08/2025;sexta-feira;22:30:00;SC;101;216,4;PALHOCA;Manobra de mudan�a de faixa;Colis�o lateral mesmo sentido;Com V�timas Feridas;Plena Noite;Crescente;C�u Claro;Dupla;Reta;Sim;2;0;0;1;1;0;1;2;-27,66306;-48,67596;SPRF-SC;DEL01-SC;UOP02-DEL01-SC;;;
713365;22/08/2025;sexta-feira;20:10:00;GO;40;100;CRISTALINA;Animais na Pista;Atropelamento de Animal;Com V�timas Feridas;Plena Noite;Crescente;C�u Claro;Simples;Reta;N�o;3;0;2;0;1;0;2;1;-16,788916;-47,577009;SPRF-DF;DEL01-DF;UOP02-DEL01-DF;;;
713367;22/08/2025;sexta-feira;22:00:00;RN;226;34;MACAIBA;Aus�ncia de rea��o do condutor;Tombamento;Com V�timas Feridas;Plena Noite;Decrescente;Nublado;Simples;Reta;N�o;1;0;0;1;0;0;1;1;-5,8940075;-35,486922;SPRF-RN;DEL01-RN;UOP02-DEL01-RN;;;
713368;22/08/2025;sexta-feira;20:50:00;RJ;101;232;SILVA JARDIM;Rea��o tardia ou ineficiente do condutor;Tombamento;Com V�timas Feridas;Plena Noite;Crescente;C�u Claro;Dupla;Reta;N�o;3;0;3;0;0;0;3;1;-22,588909;-42,385651;SPRF-RJ;DEL02-RJ;UOP03-DEL02-RJ;;;
713369;22/08/2025;sexta-feira;22:15:00;RJ;101;426,4;MANGARATIBA;Demais falhas mec�nicas ou el�tricas;Inc�ndio;Sem V�timas;Plena Noite;Crescente;C�u Claro;Simples;Reta;N�o;2;0;0;0;2;0;0;1;-22,93207314;-43,98226261;SPRF-RJ;DEL03-RJ;UOP02-DEL03-RJ;;;
713370;22/08/2025;sexta-feira;22:15:00;PA;316;64;CASTANHAL;Convers�o proibida;Colis�o frontal;Com V�timas Feridas;Plena Noite;Crescente;C�u Claro;Dupla;Reta;Sim;4;0;2;0;1;1;2;3;-1,296047;-47,917388;SPRF-PA;DEL01-PA;UOP01-DEL01-PA;;;
713372;22/08/2025;sexta-feira;23:20:00;SP;116;4;GUARULHOS;Rea��o tardia ou ineficiente do condutor;Colis�o traseira;Com V�timas Feridas;Plena Noite;Crescente;C�u Claro;Dupla;Reta;N�o;2;0;1;0;1;0;1;2;-23,423512;-46,486973;SPRF-SP;DEL01-SP;UOP01-DEL01-SP;;;
713375;22/08/2025;sexta-feira;23:15:00;ES;101;262;SERRA;Rea��o tardia ou ineficiente do condutor;Colis�o traseira;Com V�timas Feridas;Plena Noite;Decrescente;C�u Claro;Dupla;Reta;Sim;2;0;1;0;0;1;1;2;-20,15999151;-40,27581329;SPRF-ES;DEL02-ES;UOP01-DEL02-ES;;;
713377;22/08/2025;sexta-feira;22:30:00;TO;153;237;COLINAS DO TOCANTINS;Ingest�o de �lcool pelo condutor;Sa�da de leito carro��vel;Sem V�timas;Plena Noite;Crescente;C�u Claro;Simples;Reta;N�o;1;0;0;0;0;1;0;1;-7,987377;-48,46458;SPRF-TO;DEL02-TO;UOP01-DEL02-TO;;;
713378;22/08/2025;sexta-feira;19:30:00;MG;267;285;BAEPENDI;Animais na Pista;Atropelamento de Animal;Com V�timas Feridas;Plena Noite;Decrescente;C�u Claro;Simples;"Ponte;Declive";N�o;1;0;1;0;0;0;1;1;-21,92354737;-44,81983423;SPRF-MG;DEL17-MG;UOP01-DEL17-MG;;;
713379;22/08/2025;sexta-feira;22:30:00;MG;381;480,9;CONTAGEM;Demais falhas mec�nicas ou el�tricas;Tombamento;Com V�timas Feridas;Plena Noite;Decrescente;C�u Claro;M�ltipla;Reta;Sim;2;0;1;0;1;0;1;1;-19,95842448;-44,06043291;SPRF-MG;DEL01-MG;UOP03-DEL01-MG;;;
713381;22/08/2025;sexta-feira;16:45:00;RO;364;11;VILHENA;Acessar a via sem observar a presen�a dos outros ve�culos;Colis�o transversal;Sem V�timas;Pleno dia;Crescente;C�u Claro;Dupla;Rotat�ria;N�o;2;0;0;0;2;0;0;2;-12,7394795;-60,15289307;SPRF-RO;DEL04-RO;UOP01-DEL04-RO;;;
713382;22/08/2025;sexta-feira;17:00:00;RO;364;13;VILHENA;Aus�ncia de rea��o do condutor;Atropelamento de Pedestre;Com V�timas Feridas;Pleno dia;Decrescente;C�u Claro;Simples;Reta;Sim;3;0;2;0;1;0;2;2;-12,77229474;-60,09590149;SPRF-RO;DEL04-RO;UOP01-DEL04-RO;;;
713383;22/08/2025;sexta-feira;23:25:00;GO;414;410,6;ABADIANIA;Acessar a via sem observar a presen�a dos outros ve�culos;Colis�o transversal;Com V�timas Feridas;Plena Noite;Decrescente;C�u Claro;Simples;"Interse��o de Vias;Reta";Sim;3;0;1;0;2;0;1;2;-16,05679115;-48,85382859;SPRF-GO;DEL02-GO;UOP01-DEL02-GO;;;
713384;22/08/2025;sexta-feira;22:20:00;PI;343;594,7;FLORIANO;Animais na Pista;Atropelamento de Animal;Com V�timas Feridas;Plena Noite;Crescente;C�u Claro;Simples;Reta;Sim;3;0;1;1;1;0;2;3;-6,79491;-43,0461;SPRF-PI;DEL03-PI;UOP01-DEL03-PI;;;
713385;22/08/2025;sexta-feira;23:45:00;SC;470;57,6;BLUMENAU;Rea��o tardia ou ineficiente do condutor;Colis�o lateral mesmo sentido;Com V�timas Feridas;Plena Noite;Decrescente;C�u Claro;Simples;"Rotat�ria;Viaduto";Sim;2;0;1;0;1;0;1;2;-26,882873;-49,141304;SPRF-SC;DEL04-SC;UOP01-DEL04-SC;;;
713386;22/08/2025;sexta-feira;23:00:00;MA;135;7;SAO LUIS;Rea��o tardia ou ineficiente do condutor;Atropelamento de Pedestre;Com V�timas Feridas;Plena Noite;Decrescente;Ignorado;Dupla;"Reta;Declive";Sim;2;0;1;0;1;0;1;2;-2,644948;-44,274662;SPRF-MA;DEL01-MA;UOP01-DEL01-MA;;;
713388;22/08/2025;sexta-feira;22:45:00;BA;324;587;CANDEIAS;Aus�ncia de rea��o do condutor;Colis�o frontal;Com V�timas Fatais;Plena Noite;Decrescente;Chuva;Dupla;Reta;Sim;7;2;1;4;0;0;5;3;-12,664627;-38,470441;SPRF-BA;DEL01-BA;UOP01-DEL01-BA;;;
713390;23/08/2025;s�bado;00:00:00;RJ;116;108;GUAPIMIRIM;Aus�ncia de rea��o do condutor;Colis�o com objeto;Com V�timas Feridas;Plena Noite;Decrescente;C�u Claro;Dupla;Reta;Sim;1;0;1;0;0;0;1;1;-22,534652;-42,9924125;SPRF-RJ;DEL04-RJ;UOP01-DEL04-RJ;;;
713391;23/08/2025;s�bado;01:00:00;RJ;101;56,5;CAMPOS DOS GOYTACAZES;Velocidade Incompat�vel;Colis�o com objeto;Com V�timas Feridas;Plena Noite;Crescente;C�u Claro;Simples;Reta;Sim;6;0;2;4;0;0;6;1;-21,691974;-41,31037;SPRF-RJ;DEL08-RJ;UOP01-DEL08-RJ;;;
713393;23/08/2025;s�bado;01:00:00;PR;116;148;MANDIRITUBA;Aus�ncia de rea��o do condutor;Sa�da de leito carro��vel;Com V�timas Feridas;Plena Noite;Crescente;C�u Claro;Simples;"Curva;Aclive";N�o;1;0;1;0;0;0;1;1;-25,83195071;-49,33584301;SPRF-PR;DEL01-PR;UOP03-DEL01-PR;;;
713394;23/08/2025;s�bado;00:50:00;PR;163;219,8;CASCAVEL;Ingest�o de �lcool pelo condutor;Sa�da de leito carro��vel;Com V�timas Feridas;Plena Noite;Crescente;C�u Claro;Dupla;"Curva;Aclive";N�o;3;0;2;1;0;0;3;1;-24,858369;-53,590219;SPRF-PR;DEL04-PR;UOP01-DEL04-PR;;;
713397;23/08/2025;s�bado;02:15:00;ES;101;416,2;CACHOEIRO DE ITAPEMIRIM;Pedestre andava na pista;Atropelamento de Pedestre;Com V�timas Fatais;Plena Noite;Decrescente;Nublado;Simples;Curva;N�o;2;1;0;0;0;1;0;2;-20,9239472;-41,0807048;SPRF-ES;DEL03-ES;UOP02-DEL03-ES;;;
713398;23/08/2025;s�bado;02:00:00;SC;101;90,5;BARRA VELHA;Ingest�o de �lcool pelo condutor;Colis�o com objeto;Sem V�timas;Plena Noite;Crescente;C�u Claro;Simples;Reta;Sim;1;0;0;0;1;0;0;1;-26,6764488;-48,6916971;SPRF-SC;DEL03-SC;UOP02-DEL03-SC;;;
713399;23/08/2025;s�bado;02:20:00;SP;153;64;SAO JOSE DO RIO PRETO;Velocidade Incompat�vel;Sa�da de leito carro��vel;Com V�timas Feridas;Plena Noite;Decrescente;C�u Claro;Dupla;"Interse��o de Vias;Reta";Sim;2;0;0;1;0;1;1;2;-20,828481;-49,359981;SPRF-SP;DEL09-SP;UOP01-DEL09-SP;;;
713401;23/08/2025;s�bado;02:00:00;SC;282;547,2;NOVA ITABERABA;Velocidade Incompat�vel;Colis�o com objeto;Com V�timas Fatais;Plena Noite;Crescente;C�u Claro;Simples;"Curva;Rotat�ria";Sim;1;1;0;0;0;0;0;1;-26,974633;-52,743921;SPRF-SC;DEL07-SC;UOP01-DEL07-SC;;;
713403;23/08/2025;s�bado;03:30:00;PR;376;138,8;NOVA ESPERANCA;Velocidade Incompat�vel;Colis�o com objeto;Com V�timas Feridas;Plena Noite;Crescente;C�u Claro;Dupla;"Reta;Retorno Regulamentado;Declive";N�o;1;0;1;0;0;0;1;1;-23,22739627;-52,1769596;SPRF-PR;DEL09-PR;UOP02-DEL09-PR;;;
713404;23/08/2025;s�bado;03:30:00;MG;365;363,6;PATOS DE MINAS;Aus�ncia de rea��o do condutor;Colis�o com objeto;Com V�timas Fatais;Plena Noite;Crescente;C�u Claro;Simples;Reta;N�o;1;1;0;0;0;0;0;1;-18,51682;-46,13994;SPRF-MG;DEL10-MG;UOP01-DEL10-MG;;;
713406;23/08/2025;s�bado;02:30:00;RS;290;335,2;SAO SEPE;Velocidade Incompat�vel;Sa�da de leito carro��vel;Com V�timas Feridas;Plena Noite;Decrescente;Chuva;Simples;Curva;N�o;3;0;1;0;2;0;1;1;-30,370361;-53,535676;SPRF-RS;DEL09-RS;UOP02-DEL09-RS;;;
713408;23/08/2025;s�bado;04:30:00;SP;116;141;SAO JOSE DOS CAMPOS;Rea��o tardia ou ineficiente do condutor;Colis�o traseira;Com V�timas Feridas;Plena Noite;Decrescente;C�u Claro;Dupla;Reta;Sim;4;0;2;0;2;0;2;2;-23,16757382;-45,81594944;SPRF-SP;DEL02-SP;UOP01-DEL02-SP;;;
713409;23/08/2025;s�bado;03:30:00;MG;40;771,8;JUIZ DE FORA;Entrada inopinada do pedestre;Atropelamento de Pedestre;Com V�timas Fatais;Plena Noite;Decrescente;C�u Claro;Simples;Reta;N�o;6;1;0;0;5;0;0;2;-21,635107;-43,442371;SPRF-MG;DEL05-MG;UOP01-DEL05-MG;;;
713410;23/08/2025;s�bado;02:49:00;SC;101;49,2;JOINVILLE;Velocidade Incompat�vel;Colis�o com objeto;Sem V�timas;Plena Noite;Crescente;Nevoeiro/Neblina;Dupla;Curva;Sim;1;0;0;0;0;1;0;1;-26,378207;-48,852168;SPRF-SC;DEL03-SC;UOP01-DEL03-SC;;;
713412;23/08/2025;s�bado;04:30:00;RS;116;150;CAXIAS DO SUL;Aus�ncia de rea��o do condutor;Tombamento;Com V�timas Feridas;Plena Noite;Crescente;Garoa/Chuvisco;Dupla;Reta;N�o;1;0;1;0;0;0;1;1;-29,1701778;-51,15914814;SPRF-RS;DEL05-RS;UOP01-DEL05-RS;;;
713413;23/08/2025;s�bado;05:18:00;MG;262;362;JUATUBA;Aus�ncia de rea��o do condutor;Colis�o traseira;Com V�timas Feridas;Amanhecer;Crescente;C�u Claro;M�ltipla;Reta;Sim;2;0;1;0;1;0;1;2;-19,97238077;-44,28005219;SPRF-MG;DEL01-MG;UOP03-DEL01-MG;;;
713415;23/08/2025;s�bado;03:25:00;PR;373;215,3;IMBITUVA;Ingest�o de �lcool pelo condutor;Colis�o com objeto;Sem V�timas;Plena Noite;Decrescente;C�u Claro;Simples;Reta;N�o;1;0;0;0;1;0;0;1;-25,15694427;-50,54027938;SPRF-PR;DEL03-PR;UOP01-DEL03-PR;;;
713416;23/08/2025;s�bado;05:30:00;RS;386;369;FAZENDA VILANOVA;Aus�ncia de rea��o do condutor;Sa�da de leito carro��vel;Com V�timas Feridas;Amanhecer;Decrescente;C�u Claro;M�ltipla;Reta;N�o;2;0;2;0;0;0;2;1;-29,587846;-51,831019;SPRF-RS;DEL04-RS;UOP01-DEL04-RS;;;
713418;23/08/2025;s�bado;04:07:00;AM;319;40;CANUTAMA;Aus�ncia de rea��o do condutor;Atropelamento de Pedestre;Com V�timas Fatais;Plena Noite;Crescente;C�u Claro;Simples;Reta;N�o;2;1;0;0;0;1;0;2;-8,5916;-63,995;SPRF-AM;DEL01-AM;UOP04-DEL01-AM;;;
713419;22/08/2025;sexta-feira;23:20:00;SC;101;276;IMBITUBA;Aus�ncia de rea��o do condutor;Tombamento;Com V�timas Feridas;Plena Noite;Crescente;Nublado;M�ltipla;Reta;Sim;1;0;1;0;0;0;1;1;-28,158224;-48,693492;SPRF-SC;DEL02-SC;UOP03-DEL02-SC;;;
713420;23/08/2025;s�bado;05:30:00;PR;369;178;ROLANDIA;Velocidade Incompat�vel;Colis�o com objeto;Com V�timas Feridas;Amanhecer;Decrescente;C�u Claro;Simples;"Curva;Viaduto";Sim;1;0;1;0;0;0;1;1;-23,34905857;-51,38552159;SPRF-PR;DEL07-PR;UOP01-DEL07-PR;;;
713422;23/08/2025;s�bado;05:30:00;PR;163;214,9;CASCAVEL;Ingest�o de �lcool pelo condutor;Sa�da de leito carro��vel;Com V�timas Feridas;Pleno dia;Decrescente;C�u Claro;Dupla;Reta;N�o;1;0;1;0;0;0;1;1;-24,89303913;-53,54399978;SPRF-PR;DEL04-PR;UOP01-DEL04-PR;;;
713424;23/08/2025;s�bado;02:30:00;BA;101;709;EUNAPOLIS;Demais falhas mec�nicas ou el�tricas;Inc�ndio;Sem V�timas;Plena Noite;Crescente;Chuva;Simples;Reta;N�o;1;0;0;0;0;1;0;1;-16,31481221;-39,59764481;SPRF-BA;DEL09-BA;UOP01-DEL09-BA;;;
713426;23/08/2025;s�bado;07:00:00;PE;232;5;RECIFE;Mal s�bito do condutor;Sa�da de leito carro��vel;Com V�timas Feridas;Pleno dia;Crescente;Sol;Dupla;Reta;Sim;1;0;0;1;0;0;1;1;-8,06777;-34,94518;SPRF-PE;DEL01-PE;UOP01-DEL01-PE;;;
713430;23/08/2025;s�bado;05:44:00;MS;463;2;DOURADOS;Aus�ncia de rea��o do condutor;Sa�da de leito carro��vel;Sem V�timas;Amanhecer;Decrescente;C�u Claro;Dupla;Reta;Sim;1;0;0;0;0;1;0;1;-22,2595242;-54,83258195;SPRF-MS;DEL04-MS;UOP01-DEL04-MS;;;
713432;23/08/2025;s�bado;01:00:00;PA;230;624;ALTAMIRA;Aus�ncia de rea��o do condutor;Colis�o com objeto;Com V�timas Feridas;Plena Noite;Decrescente;Ignorado;Dupla;Reta;Sim;2;0;1;0;1;0;1;1;-3,17795;-52,18292;SPRF-PA;DEL04-PA;UOP01-DEL04-PA;;;
713434;23/08/2025;s�bado;05:30:00;AL;316;45;CANAPI;Condutor Dormindo;Sa�da de leito carro��vel;Com V�timas Feridas;Amanhecer;Crescente;Garoa/Chuvisco;Simples;Reta;N�o;1;0;1;0;0;0;1;1;-9,1503056;-37,5519444;SPRF-AL;DEL03-AL;UOP02-DEL03-AL;;;
713435;22/08/2025;sexta-feira;22:30:00;MT;163;1025;PEIXOTO DE AZEVEDO;Aus�ncia de rea��o do condutor;Atropelamento de Pedestre;Com V�timas Feridas;Plena Noite;Crescente;C�u Claro;Simples;"Reta;Declive";N�o;2;0;0;1;0;1;1;2;-10,2702;-55,0102;SPRF-MT;DEL06-MT;UOP03-DEL06-MT;;;
713436;23/08/2025;s�bado;07:30:00;ES;101;270,5;SERRA;Condutor deixou de manter dist�ncia do ve�culo da frente;Colis�o traseira;Com V�timas Feridas;Pleno dia;Crescente;C�u Claro;M�ltipla;Reta;Sim;2;0;1;0;0;1;1;2;-20,229509;-40,272567;SPRF-ES;DEL02-ES;UOP01-DEL02-ES;;;
713437;23/08/2025;s�bado;02:00:00;RJ;116;227;PIRAI;Aus�ncia de rea��o do condutor;Tombamento;Com V�timas Feridas;Plena Noite;Decrescente;C�u Claro;Dupla;Curva;N�o;2;0;0;2;0;0;2;1;-22,68319693;-43,82648913;SPRF-RJ;DEL07-RJ;UOP01-DEL07-RJ;;;
713440;23/08/2025;s�bado;08:20:00;SC;470;51;BLUMENAU;Condutor deixou de manter dist�ncia do ve�culo da frente;Atropelamento de Pedestre;Com V�timas Feridas;Pleno dia;Crescente;Nublado;Simples;"Em Obras;Reta;Desvio Tempor�rio";Sim;2;0;1;0;1;0;1;2;-26,86264685;-49,08954232;SPRF-SC;DEL04-SC;UOP01-DEL04-SC;;;
713441;23/08/2025;s�bado;07:34:00;DF;20;58,7;BRASILIA;Rea��o tardia ou ineficiente do condutor;Colis�o traseira;Com V�timas Feridas;Pleno dia;Decrescente;Sol;Dupla;Reta;N�o;4;0;1;1;2;0;2;2;-15,581902;-47,344278;SPRF-DF;DEL02-DF;UOP01-DEL02-DF;;;
713442;23/08/2025;s�bado;07:20:00;PE;101;51;ABREU E LIMA;Rea��o tardia ou ineficiente do condutor;Colis�o traseira;Com V�timas Feridas;Pleno dia;Crescente;C�u Claro;Dupla;Reta;Sim;2;0;0;1;1;0;1;2;-7,917501;-34,896953;SPRF-PE;DEL01-PE;UOP02-DEL01-PE;;;
713443;23/08/2025;s�bado;08:25:00;PB;230;26,6;JOAO PESSOA;Condutor deixou de manter dist�ncia do ve�culo da frente;Colis�o traseira;Com V�timas Feridas;Pleno dia;Decrescente;Nublado;Dupla;"Aclive;Reta";Sim;2;0;1;0;0;1;1;2;-7,16846185;-34,88409913;SPRF-PB;DEL01-PB;UOP01-DEL01-PB;;;
713444;23/08/2025;s�bado;08:00:00;RJ;101;311;SAO GONCALO;Demais falhas mec�nicas ou el�tricas;Inc�ndio;Sem V�timas;Pleno dia;Crescente;C�u Claro;Dupla;Reta;Sim;1;0;0;0;1;0;0;1;-22,80517878;-43,06158766;SPRF-RJ;DEL02-RJ;UOP02-DEL02-RJ;;;
713446;23/08/2025;s�bado;07:45:00;PR;277;45;MORRETES;Manobra de mudan�a de faixa;Capotamento;Com V�timas Feridas;Pleno dia;Decrescente;C�u Claro;Dupla;"Reta;Declive";N�o;4;0;2;1;0;1;3;2;-25,59608;-48,898937;SPRF-PR;DEL01-PR;UOP05-DEL01-PR;;;
713447;23/08/2025;s�bado;08:20:00;PE;408;70,5;PAUDALHO;Aus�ncia de rea��o do condutor;Sa�da de leito carro��vel;Com V�timas Feridas;Pleno dia;Crescente;C�u Claro;Dupla;Reta;Sim;2;0;2;0;0;0;2;1;-7,92442;-35,15418;SPRF-PE;DEL01-PE;UOP01-DEL01-PE;;;
713448;23/08/2025;s�bado;07:00:00;MS;163;466,3;CAMPO GRANDE;Aus�ncia de rea��o do condutor;Tombamento;Com V�timas Feridas;Pleno dia;Crescente;C�u Claro;Simples;Rotat�ria;Sim;1;0;0;1;0;0;1;1;-20,58336669;-54,58395826;SPRF-MS;DEL01-MS;UOP01-DEL01-MS;;;
713450;23/08/2025;s�bado;07:30:00;RJ;40;114;DUQUE DE CAXIAS;Objeto est�tico sobre o leito carro��vel;Colis�o com objeto;Com V�timas Feridas;Pleno dia;Crescente;C�u Claro;Dupla;Reta;N�o;2;0;2;0;0;0;2;1;-22,72230389;-43,28969479;SPRF-RJ;DEL01-RJ;UOP02-DEL01-RJ;;;
713451;22/08/2025;sexta-feira;23:40:00;PB;230;358;SAO MAMEDE;Aus�ncia de rea��o do condutor;Colis�o lateral sentido oposto;Sem V�timas;Plena Noite;Crescente;C�u Claro;Simples;Reta;N�o;3;0;0;0;3;0;0;2;-6,92720467;-37,06948517;SPRF-PB;DEL03-PB;UOP02-DEL03-PB;;;
713453;23/08/2025;s�bado;08:55:00;MG;40;517,6;RIBEIRAO DAS NEVES;Desrespeitar a prefer�ncia no cruzamento;Colis�o transversal;Com V�timas Feridas;Pleno dia;Crescente;C�u Claro;Dupla;"Interse��o de Vias;Reta";Sim;4;0;1;0;3;0;1;2;-19,8293775;-44,0841168;SPRF-MG;DEL01-MG;UOP02-DEL01-MG;;;
713455;23/08/2025;s�bado;09:30:00;SP;101;43;UBATUBA;Mal s�bito do condutor;Tombamento;Com V�timas Feridas;Pleno dia;Decrescente;Sol;Simples;Rotat�ria;N�o;1;0;1;0;0;0;1;1;-23,4097457;-45,05929828;SPRF-SP;DEL06-SP;UOP01-DEL06-SP;;;
713457;19/08/2025;ter�a-feira;08:40:00;PR;476;146,6;CURITIBA;Aus�ncia de rea��o do condutor;Queda de ocupante de ve�culo;Com V�timas Feridas;Pleno dia;Decrescente;C�u Claro;Dupla;Reta;Sim;1;0;1;0;0;0;1;1;-25,4509056;-49,2470272;SPRF-PR;DEL01-PR;UOP06-DEL01-PR;;;
713458;23/08/2025;s�bado;08:30:00;RJ;101;309;SAO GONCALO;Rea��o tardia ou ineficiente do condutor;Colis�o traseira;Com V�timas Feridas;Pleno dia;Crescente;C�u Claro;Dupla;Reta;Sim;2;0;1;0;1;0;1;2;-22,79616238;-43,04087162;SPRF-RJ;DEL02-RJ;UOP02-DEL02-RJ;;;
713460;23/08/2025;s�bado;08:30:00;SC;470;87,9;ASCURRA;Condutor deixou de manter dist�ncia do ve�culo da frente;Colis�o traseira;Com V�timas Feridas;Pleno dia;Decrescente;C�u Claro;Simples;Reta;N�o;6;0;2;0;4;0;2;2;-26,95604;-49,37362;SPRF-SC;DEL04-SC;UOP01-DEL04-SC;;;
713461;23/08/2025;s�bado;09:28:00;RJ;116;146;DUQUE DE CAXIAS;Aus�ncia de rea��o do condutor;Colis�o traseira;Com V�timas Feridas;Pleno dia;Decrescente;C�u Claro;Dupla;Reta;Sim;3;0;2;0;1;0;2;2;-22,6696849;-43,2725051;SPRF-RJ;DEL01-RJ;UOP02-DEL01-RJ;;;
713462;23/08/2025;s�bado;09:45:00;SP;381;83;SAO PAULO;Rea��o tardia ou ineficiente do condutor;Colis�o traseira;Sem V�timas;Pleno dia;Crescente;C�u Claro;M�ltipla;Reta;Sim;8;0;0;0;7;1;0;4;-23,44047932;-46,56807487;SPRF-SP;DEL03-SP;UOP01-DEL03-SP;;;
713463;23/08/2025;s�bado;08:40:00;MT;70;388;CAMPO VERDE;Condutor deixou de manter dist�ncia do ve�culo da frente;Colis�o traseira;Com V�timas Feridas;Pleno dia;Decrescente;C�u Claro;Simples;Reta;Sim;2;0;1;0;1;0;1;2;-15,559515;-55,172273;SPRF-MT;DEL05-MT;UOP02-DEL05-MT;;;
713464;23/08/2025;s�bado;08:30:00;RJ;116;143;DUQUE DE CAXIAS;Condutor deixou de manter dist�ncia do ve�culo da frente;Colis�o transversal;Com V�timas Feridas;Pleno dia;Crescente;C�u Claro;M�ltipla;Reta;Sim;3;0;1;0;2;0;1;2;-22,66745132;-43,26571336;SPRF-RJ;DEL01-RJ;UOP02-DEL01-RJ;;;
713468;23/08/2025;s�bado;06:25:00;RJ;101;391;RIO DE JANEIRO;Aus�ncia de rea��o do condutor;Sa�da de leito carro��vel;Com V�timas Feridas;Amanhecer;Decrescente;C�u Claro;Dupla;Reta;N�o;1;0;1;0;0;0;1;1;-22,894569;-43,686739;SPRF-RJ;DEL03-RJ;UOP01-DEL03-RJ;;;
713471;23/07/2025;quarta-feira;07:00:00;PR;376;602;CURITIBA;Ultrapassagem Indevida;Colis�o lateral mesmo sentido;Com V�timas Feridas;Pleno dia;Crescente;C�u Claro;Dupla;Reta;Sim;3;0;2;0;1;0;2;2;-25,51797604;-49,33558401;SPRF-PR;DEL01-PR;UOP03-DEL01-PR;;;
713472;23/08/2025;s�bado;10:40:00;ES;101;356,5;ANCHIETA;Demais falhas mec�nicas ou el�tricas;Queda de ocupante de ve�culo;Com V�timas Feridas;Pleno dia;Crescente;C�u Claro;Dupla;Reta;N�o;1;0;1;0;0;0;1;1;-20,692424;-40,691807;SPRF-ES;DEL03-ES;UOP01-DEL03-ES;;;
713473;23/08/2025;s�bado;10:25:00;RJ;101;290;ITABORAI;Acumulo de areia ou detritos sobre o pavimento;Eventos at�picos;Com V�timas Feridas;Pleno dia;Crescente;C�u Claro;Dupla;Reta;N�o;2;0;1;0;1;0;1;1;-22,76550643;-42,86780544;SPRF-RJ;DEL02-RJ;UOP02-DEL02-RJ;;;
713474;23/08/2025;s�bado;11:06:00;GO;40;2;VALPARAISO DE GOIAS;Aus�ncia de rea��o do condutor;Atropelamento de Pedestre;Com V�timas Feridas;Pleno dia;Crescente;C�u Claro;Dupla;Reta;Sim;2;0;1;0;0;1;1;2;-16,076647;-47,985698;SPRF-DF;DEL01-DF;UOP01-DEL01-DF;;;
713475;16/07/2025;quarta-feira;05:40:00;SE;101;69,5;MARUIM;Acumulo de areia ou detritos sobre o pavimento;Queda de ocupante de ve�culo;Com V�timas Feridas;Amanhecer;Decrescente;C�u Claro;Simples;"Rotat�ria;Reta";Sim;1;0;1;0;0;0;1;1;-10,73234;-37,084928;SPRF-SE;DEL01-SE;UOP01-DEL01-SE;;;
713479;23/08/2025;s�bado;09:30:00;SP;116;201;ARUJA;Manobra de mudan�a de faixa;Colis�o traseira;Com V�timas Feridas;Pleno dia;Decrescente;C�u Claro;Dupla;"Aclive;Reta";N�o;2;0;1;0;1;0;1;2;-23,40678145;-46,33619833;SPRF-SP;DEL01-SP;UOP01-DEL01-SP;;;
713481;23/08/2025;s�bado;11:25:00;PR;163;180,4;SANTA TEREZA DO OESTE;Acumulo de �gua sobre o pavimento;Sa�da de leito carro��vel;Com V�timas Feridas;Pleno dia;Crescente;Chuva;Dupla;Curva;N�o;1;0;1;0;0;0;1;1;-25,152358;-53,595138;SPRF-PR;DEL05-PR;UOP05-DEL05-PR;;;
713482;23/08/2025;s�bado;11:02:00;DF;20;7,8;BRASILIA;Aus�ncia de rea��o do condutor;Colis�o com objeto;Sem V�timas;Pleno dia;Decrescente;C�u Claro;Dupla;"Em Obras;Reta";Sim;2;0;0;0;2;0;0;2;-15,659094;-47,793653;SPRF-DF;DEL02-DF;UOP01-DEL02-DF;;;
713483;23/08/2025;s�bado;12:00:00;BA;116;425;FEIRA DE SANTANA;Afundamento ou ondula��o no pavimento;Queda de ocupante de ve�culo;Com V�timas Feridas;Pleno dia;Crescente;Garoa/Chuvisco;Dupla;Reta;Sim;2;0;2;0;0;0;2;1;-12,2506453;-38,988311;SPRF-BA;DEL02-BA;UOP01-DEL02-BA;;;
713484;23/08/2025;s�bado;11:20:00;PR;476;114,5;COLOMBO;Acessar a via sem observar a presen�a dos outros ve�culos;Colis�o transversal;Com V�timas Feridas;Pleno dia;Decrescente;C�u Claro;Simples;"Interse��o de Vias;Rotat�ria";Sim;2;0;1;0;1;0;1;2;-25,33985;-49,157391;SPRF-PR;DEL01-PR;UOP01-DEL01-PR;;;