id;data_inversa;dia_semana;horario;uf;br;km;municipio;causa_acidente;tipo_acidente;classificacao_acidente;fase_dia;sentido_via;condicao_metereologica;tipo_pista;tracado_via;uso_solo;pessoas;mortos;feridos_leves;feridos_graves;ilesos;ignorados;feridos;veiculos;latitude;longitude;regional;delegacia;uop;;;
713690;24/08/2025;domingo;07:15:00;MG;116;748,9;LEOPOLDINA;Velocidade Incompat�vel;Capotamento;Com V�timas Feridas;Amanhecer;Decrescente;C�u Claro;Simples;Curva;N�o;4;0;4;0;0;0;4;1;-21,448007;-42,551108;SPRF-MG;DEL07-MG;UOP01-DEL07-MG;;;
713691;24/08/2025;domingo;04:15:00;MG;381;558,5;ITAGUARA;Condutor Dormindo;Sa�da de leito carro��vel;Com V�timas Feridas;Plena Noite;Crescente;C�u Claro;Dupla;"Reta;Declive";N�o;1;0;1;0;0;0;1;1;-20,35644499;-44,45846114;SPRF-MG;DEL04-MG;UOP03-DEL04-MG;;;
713692;24/08/2025;domingo;02:00:00;GO;153;517,7;HIDROLANDIA;Aus�ncia de rea��o do condutor;Sa�da de leito carro��vel;Sem V�timas;Plena Noite;Crescente;C�u Claro;Dupla;Reta;N�o;1;0;0;0;0;1;0;1;-16,851671;-49,247541;SPRF-GO;DEL01-GO;UOP03-DEL01-GO;;;
713693;24/08/2025;domingo;08:20:00;SP;116;89,1;PINDAMONHANGABA;Rea��o tardia ou ineficiente do condutor;Engavetamento;Com V�timas Feridas;Pleno dia;Decrescente;C�u Claro;Dupla;Reta;N�o;5;0;3;2;0;0;5;3;-22,939934;-45,37996;SPRF-SP;DEL08-SP;UOP01-DEL08-SP;;;
713694;31/07/2025;quinta-feira;07:55:00;PR;116;15;COLOMBO;Condutor deixou de manter dist�ncia do ve�culo da frente;Colis�o traseira;Com V�timas Feridas;Pleno dia;Decrescente;Sol;Dupla;"Aclive;Reta";Sim;2;0;1;0;1;0;1;2;-25,3708763;-49,12532179;SPRF-PR;DEL01-PR;UOP02-DEL01-PR;;;
713695;08/08/2025;sexta-feira;08:00:00;SC;101;127;ITAJAI;Manobra de mudan�a de faixa;Tombamento;Com V�timas Feridas;Pleno dia;Decrescente;Nublado;Dupla;Reta;N�o;2;0;1;0;1;0;1;2;-26,96797775;-48,68359566;SPRF-SC;DEL04-SC;UOP04-DEL04-SC;;;
713696;24/08/2025;domingo;07:35:00;MA;316;576,7;CAXIAS;Avarias e/ou desgaste excessivo no pneu;Queda de ocupante de ve�culo;Com V�timas Feridas;Pleno dia;Decrescente;C�u Claro;Simples;Reta;N�o;2;0;2;0;0;0;2;1;-4,943377;-43,155335;SPRF-MA;DEL03-MA;UOP02-DEL03-MA;;;
713697;24/08/2025;domingo;07:30:00;PR;376;595;CURITIBA;Condutor Dormindo;Sa�da de leito carro��vel;Sem V�timas;Amanhecer;Decrescente;Nublado;Simples;Reta;Sim;1;0;0;0;0;1;0;1;-25,46199;-49,35812;SPRF-PR;DEL01-PR;UOP03-DEL01-PR;;;
713698;24/08/2025;domingo;08:35:00;RS;392;117;CANGUCU;Aus�ncia de rea��o do condutor;Colis�o com objeto;Sem V�timas;Pleno dia;Crescente;C�u Claro;Simples;"Interse��o de Vias;Rotat�ria";Sim;1;0;0;0;1;0;0;1;-31,413822;-52,676467;SPRF-RS;DEL07-RS;UOP01-DEL07-RS;;;
713699;24/08/2025;domingo;08:00:00;MG;381;401;NOVA UNIAO;Afundamento ou ondula��o no pavimento;Tombamento;Sem V�timas;Pleno dia;Decrescente;C�u Claro;Simples;Curva;N�o;2;0;0;0;0;2;0;1;-19,75260246;-43,53884904;SPRF-MG;DEL01-MG;UOP01-DEL01-MG;;;
713700;24/08/2025;domingo;09:10:00;ES;101;298,2;VIANA;Condutor deixou de manter dist�ncia do ve�culo da frente;Colis�o lateral mesmo sentido;Com V�timas Feridas;Pleno dia;Crescente;C�u Claro;M�ltipla;"Viaduto;Retorno Regulamentado";Sim;2;0;1;0;1;0;1;2;-20,35753737;-40,41987984;SPRF-ES;DEL01-ES;UOP01-DEL01-ES;;;
713701;24/08/2025;domingo;08:30:00;RS;392;17,5;RIO GRANDE;Demais falhas mec�nicas ou el�tricas;Sa�da de leito carro��vel;Sem V�timas;Pleno dia;Decrescente;Sol;Dupla;Reta;Sim;1;0;0;0;1;0;0;1;-32,08819635;-52,18671301;SPRF-RS;DEL07-RS;UOP02-DEL07-RS;;;
713702;24/08/2025;domingo;06:45:00;MG;381;418,8;IGARAPE;Aus�ncia de rea��o do condutor;Colis�o com objeto;Com V�timas Fatais;Amanhecer;Crescente;C�u Claro;Dupla;Reta;N�o;7;1;1;5;0;0;6;1;-20,11457554;-44,3055439;SPRF-MG;DEL01-MG;UOP01-DEL01-MG;;;
713703;24/08/2025;domingo;09:00:00;PB;104;139,7;QUEIMADAS;Rea��o tardia ou ineficiente do condutor;Tombamento;Com V�timas Feridas;Pleno dia;Crescente;C�u Claro;Simples;"Curva;Interse��o de Vias";Sim;3;0;1;0;2;0;1;2;-7,36681987;-35,90072304;SPRF-PB;DEL02-PB;UOP03-DEL02-PB;;;
713705;24/08/2025;domingo;08:30:00;MG;40;523;CONTAGEM;Demais falhas mec�nicas ou el�tricas;Inc�ndio;Sem V�timas;Pleno dia;Crescente;C�u Claro;Dupla;Reta;Sim;1;0;0;0;1;0;0;1;-19,87102849;-44,05826569;SPRF-MG;DEL01-MG;UOP02-DEL01-MG;;;
713706;24/08/2025;domingo;09:15:00;PA;316;63;CASTANHAL;Desrespeitar a prefer�ncia no cruzamento;Colis�o transversal;Sem V�timas;Pleno dia;Decrescente;C�u Claro;Dupla;Reta;Sim;2;0;0;0;2;0;0;2;-1,296703;-47,928642;SPRF-PA;DEL01-PA;UOP01-DEL01-PA;;;
713708;24/08/2025;domingo;08:51:00;BA;110;394;SAO SEBASTIAO DO PASSE;Acessar a via sem observar a presen�a dos outros ve�culos;Colis�o transversal;Com V�timas Fatais;Pleno dia;Decrescente;C�u Claro;Simples;Reta;Sim;2;1;0;1;0;0;1;2;-12,5072975;-38,4963494;SPRF-BA;DEL01-BA;UOP01-DEL01-BA;;;
713709;24/08/2025;domingo;08:15:00;MG;381;146;GOVERNADOR VALADARES;Condutor deixou de manter dist�ncia do ve�culo da frente;Colis�o traseira;Com V�timas Feridas;Pleno dia;Decrescente;C�u Claro;Simples;Viaduto;N�o;2;0;0;1;1;0;1;2;-18,84661515;-41,98154837;SPRF-MG;DEL06-MG;UOP01-DEL06-MG;;;
713710;24/08/2025;domingo;09:18:00;SP;116;209;GUARULHOS;Mal s�bito do condutor;Colis�o com objeto;Com V�timas Fatais;Pleno dia;Crescente;Sol;M�ltipla;"Viaduto;Reta";Sim;1;1;0;0;0;0;0;1;-23,42740105;-46,4069535;SPRF-SP;DEL01-SP;UOP01-DEL01-SP;;;
713711;24/08/2025;domingo;08:01:00;RO;364;346;JI-PARANA;Mal s�bito do condutor;Queda de ocupante de ve�culo;Com V�timas Feridas;Pleno dia;Decrescente;C�u Claro;Simples;Reta;Sim;1;0;1;0;0;0;1;1;-10,861575;-61,97486;SPRF-RO;DEL02-RO;UOP01-DEL02-RO;;;
713712;24/08/2025;domingo;09:10:00;PR;369;71;SANTA MARIANA;Desrespeitar a prefer�ncia no cruzamento;Colis�o transversal;Com V�timas Feridas;Pleno dia;Crescente;C�u Claro;Simples;"Interse��o de Vias;Curva";N�o;6;0;3;0;3;0;3;2;-23,14665;-50,498901;SPRF-PR;DEL07-PR;UOP05-DEL07-PR;;;
713713;24/08/2025;domingo;09:45:00;RS;470;225,7;GARIBALDI;Desrespeitar a prefer�ncia no cruzamento;Colis�o transversal;Com V�timas Feridas;Pleno dia;Crescente;Nublado;Simples;"Retorno Regulamentado;Curva";Sim;4;0;2;0;2;0;2;2;-29,24665396;-51,51597468;SPRF-RS;DEL06-RS;UOP01-DEL06-RS;;;
713714;24/08/2025;domingo;10:00:00;MG;40;640,2;CONSELHEIRO LAFAIETE;Desrespeitar a prefer�ncia no cruzamento;Colis�o transversal;Sem V�timas;Pleno dia;Crescente;Sol;Simples;"Interse��o de Vias;Reta";N�o;3;0;0;0;2;1;0;2;-20,747933;-43,800762;SPRF-MG;DEL05-MG;UOP02-DEL05-MG;;;
713716;24/08/2025;domingo;09:30:00;MG;365;626,4;UBERLANDIA;Velocidade Incompat�vel;Colis�o com objeto;Sem V�timas;Pleno dia;Crescente;C�u Claro;Dupla;"Curva;Aclive";N�o;1;0;0;0;0;1;0;1;-18,905521;-48,337775;SPRF-MG;DEL15-MG;UOP01-DEL15-MG;;;
713717;24/08/2025;domingo;09:50:00;MS;163;692;RIO VERDE DE MATO GROSSO;Demais falhas mec�nicas ou el�tricas;Inc�ndio;Sem V�timas;Pleno dia;Decrescente;C�u Claro;Simples;Aclive;N�o;2;0;0;0;2;0;0;1;-18,8771585;-54,83428448;SPRF-MS;DEL06-MS;UOP01-DEL06-MS;;;
713718;24/08/2025;domingo;09:15:00;BA;324;522;FEIRA DE SANTANA;Pedestre - Ingest�o de �lcool/ subst�ncias psicoativas;Atropelamento de Pedestre;Com V�timas Feridas;Pleno dia;Crescente;C�u Claro;Dupla;Reta;Sim;5;0;1;0;4;0;1;2;-12,29518615;-38,905426;SPRF-BA;DEL01-BA;UOP03-DEL01-BA;;;
713719;24/08/2025;domingo;10:00:00;PB;230;135,7;MASSARANDUBA;Velocidade Incompat�vel;Sa�da de leito carro��vel;Com V�timas Feridas;Pleno dia;Crescente;C�u Claro;Dupla;Curva;N�o;2;0;0;2;0;0;2;1;-7,281069;-35,7699757;SPRF-PB;DEL02-PB;UOP01-DEL02-PB;;;
713720;24/08/2025;domingo;10:30:00;SP;116;199;ARUJA;Demais falhas mec�nicas ou el�tricas;Colis�o traseira;Com V�timas Feridas;Pleno dia;Crescente;C�u Claro;Dupla;Reta;N�o;4;0;1;0;3;0;1;2;-23,40125304;-46,30885212;SPRF-SP;DEL01-SP;UOP01-DEL01-SP;;;
713723;24/08/2025;domingo;10:50:00;GO;40;10,7;LUZIANIA;Ingest�o de �lcool pelo condutor;Sa�da de leito carro��vel;Sem V�timas;Pleno dia;Crescente;C�u Claro;Dupla;Reta;Sim;1;0;0;0;1;0;0;1;-16,13782;-47,95342;SPRF-DF;DEL01-DF;UOP01-DEL01-DF;;;
713724;24/08/2025;domingo;10:30:00;TO;153;145;ARAGUAINA;Rea��o tardia ou ineficiente do condutor;Tombamento;Com V�timas Feridas;Pleno dia;Crescente;C�u Claro;Simples;Reta;Sim;1;0;1;0;0;0;1;1;-7,205625;-48,240935;SPRF-TO;DEL02-TO;UOP01-DEL02-TO;;;
713725;24/08/2025;domingo;11:20:00;SP;116;201;ARUJA;Manobra de mudan�a de faixa;Colis�o com objeto;Com V�timas Feridas;Pleno dia;Crescente;C�u Claro;Dupla;"Reta;Retorno Regulamentado;Aclive";Sim;2;0;1;0;0;1;1;2;-23,4027896;-46,32595698;SPRF-SP;DEL01-SP;UOP01-DEL01-SP;;;
713726;24/08/2025;domingo;09:40:00;RJ;40;125;RIO DE JANEIRO;Manobra de mudan�a de faixa;Colis�o lateral mesmo sentido;Sem V�timas;Pleno dia;Decrescente;C�u Claro;Simples;Reta;N�o;2;0;0;0;2;0;0;2;-22,81711986;-43,28656948;SPRF-RJ;DEL01-RJ;UOP02-DEL01-RJ;;;
713727;24/08/2025;domingo;11:00:00;PR;373;204,6;IPIRANGA;Rea��o tardia ou ineficiente do condutor;Colis�o frontal;Com V�timas Fatais;Pleno dia;Crescente;C�u Claro;Simples;Curva;N�o;3;1;0;2;0;0;2;2;-25,125472;-50,440402;SPRF-PR;DEL03-PR;UOP01-DEL03-PR;;;
713728;24/08/2025;domingo;10:35:00;MG;116;411,4;GOVERNADOR VALADARES;Acumulo de �leo sobre o pavimento;Tombamento;Com V�timas Feridas;Pleno dia;Crescente;Sol;Dupla;Reta;Sim;2;0;2;0;0;0;2;1;-18,86797041;-41,97223512;SPRF-MG;DEL06-MG;UOP01-DEL06-MG;;;
713729;24/08/2025;domingo;07:30:00;MT;364;548;ROSARIO OESTE;Aus�ncia de rea��o do condutor;Sa�da de leito carro��vel;Sem V�timas;Pleno dia;Crescente;C�u Claro;Dupla;Reta;N�o;1;0;0;0;0;1;0;1;-14,794233;-56,40292;SPRF-MT;DEL01-MT;UOP01-DEL01-MT;;;
713730;24/08/2025;domingo;11:40:00;PR;376;185;SARANDI;Aus�ncia de rea��o do condutor;Capotamento;Com V�timas Feridas;Pleno dia;Crescente;Nublado;Dupla;"Declive;Reta";Sim;2;0;1;0;1;0;1;1;-23,444748;-51,864973;SPRF-PR;DEL09-PR;UOP01-DEL09-PR;;;
713731;24/08/2025;domingo;08:30:00;MG;262;42;MANHUACU;Rea��o tardia ou ineficiente do condutor;Sa�da de leito carro��vel;Com V�timas Feridas;Pleno dia;Crescente;C�u Claro;Simples;Curva;N�o;1;0;1;0;0;0;1;1;-20,26306;-42,080291;SPRF-MG;DEL06-MG;UOP03-DEL06-MG;;;
713732;24/08/2025;domingo;11:23:00;PR;153;334;IRATI;Ultrapassagem Indevida;Colis�o frontal;Com V�timas Feridas;Pleno dia;Decrescente;Nublado;Simples;"Curva;Aclive";Sim;3;0;2;0;1;0;2;2;-25,486;-50,642;SPRF-PR;DEL08-PR;UOP02-DEL08-PR;;;
713734;24/08/2025;domingo;11:20:00;PR;116;9;CAMPINA GRANDE DO SUL;Aus�ncia de rea��o do condutor;Capotamento;Com V�timas Feridas;Pleno dia;Crescente;Chuva;Dupla;Curva;N�o;4;0;3;0;1;0;3;1;-25,083;-48,638;SPRF-PR;DEL01-PR;UOP02-DEL01-PR;;;
713735;24/08/2025;domingo;08:20:00;SP;116;137;SAO JOSE DOS CAMPOS;Avarias e/ou desgaste excessivo no pneu;Tombamento;Com V�timas Feridas;Pleno dia;Crescente;C�u Claro;Dupla;Reta;N�o;1;0;1;0;0;0;1;1;-23,2554496;-45,9341824;SPRF-SP;DEL02-SP;UOP01-DEL02-SP;;;
713736;24/08/2025;domingo;12:15:00;SP;116;73,8;APARECIDA;Aus�ncia de rea��o do condutor;Colis�o traseira;Com V�timas Feridas;Pleno dia;Crescente;Sol;Dupla;Curva;N�o;3;0;2;0;1;0;2;2;-22,86682862;-45,24268091;SPRF-SP;DEL08-SP;UOP01-DEL08-SP;;;
713737;24/08/2025;domingo;10:50:00;PR;153;239,6;TIBAGI;Ultrapassagem Indevida;Colis�o lateral sentido oposto;Com V�timas Fatais;Pleno dia;Crescente;C�u Claro;Simples;"Reta;Declive";N�o;5;1;0;0;4;0;0;2;-24,774423;-50,46319;SPRF-PR;DEL03-PR;UOP02-DEL03-PR;;;
713738;24/08/2025;domingo;11:15:00;TO;153;729,3;FIGUEIROPOLIS;Demais falhas mec�nicas ou el�tricas;Queda de ocupante de ve�culo;Com V�timas Feridas;Pleno dia;Decrescente;C�u Claro;Simples;Reta;N�o;1;0;1;0;0;0;1;1;-12,2009882;-49,1563672;SPRF-TO;DEL01-TO;UOP02-DEL01-TO;;;
713739;24/08/2025;domingo;10:40:00;RJ;101;311;SAO GONCALO;Condutor deixou de manter dist�ncia do ve�culo da frente;Colis�o traseira;Com V�timas Feridas;Pleno dia;Decrescente;C�u Claro;Dupla;Reta;Sim;4;0;1;0;3;0;1;3;-22,80409271;-43,05919044;SPRF-RJ;DEL02-RJ;UOP02-DEL02-RJ;;;
713740;24/08/2025;domingo;09:00:00;MG;354;739,1;POUSO ALTO;Velocidade Incompat�vel;Tombamento;Com V�timas Feridas;Pleno dia;Crescente;C�u Claro;Simples;"Curva;Aclive";N�o;1;0;1;0;0;0;1;1;-22,213151;-44,949524;SPRF-MG;DEL17-MG;UOP01-DEL17-MG;;;
713743;24/08/2025;domingo;13:00:00;SC;101;190,9;BIGUACU;Rea��o tardia ou ineficiente do condutor;Colis�o com objeto;Com V�timas Feridas;Pleno dia;Crescente;Chuva;Dupla;Curva;Sim;2;0;1;0;1;0;1;2;-27,47686;-48,64076;SPRF-SC;DEL01-SC;UOP01-DEL01-SC;;;
713744;24/08/2025;domingo;10:00:00;SC;470;180;POUSO REDONDO;Convers�o proibida;Colis�o traseira;Com V�timas Feridas;Pleno dia;Decrescente;Chuva;Simples;Reta;N�o;4;0;0;1;3;0;1;2;-27,24979817;-49,98818843;SPRF-SC;DEL04-SC;UOP02-DEL04-SC;;;
713745;24/08/2025;domingo;13:30:00;PR;369;207,9;APUCARANA;Rea��o tardia ou ineficiente do condutor;Tombamento;Com V�timas Feridas;Pleno dia;Decrescente;C�u Claro;Simples;"Reta;Declive";Sim;1;0;0;1;0;0;1;1;-23,56357052;-51,49152623;SPRF-PR;DEL07-PR;UOP03-DEL07-PR;;;
713747;24/08/2025;domingo;11:55:00;PR;277;48,2;MORRETES;Aus�ncia de rea��o do condutor;Sa�da de leito carro��vel;Com V�timas Feridas;Pleno dia;Crescente;Chuva;Dupla;"Declive;Curva";N�o;1;0;1;0;0;0;1;1;-25,59168454;-48,9284277;SPRF-PR;DEL01-PR;UOP05-DEL01-PR;;;
713748;24/08/2025;domingo;13:40:00;RJ;101;320;NITEROI;Aus�ncia de rea��o do condutor;Tombamento;Com V�timas Feridas;Pleno dia;Decrescente;C�u Claro;Dupla;Curva;N�o;2;0;2;0;0;0;2;1;-22,8674017;-43,11018967;SPRF-RJ;DEL02-RJ;UOP01-DEL02-RJ;;;
713749;24/08/2025;domingo;12:15:00;RJ;101;291;ITABORAI;Rea��o tardia ou ineficiente do condutor;Colis�o traseira;Com V�timas Fatais;Pleno dia;Crescente;C�u Claro;Dupla;Reta;N�o;4;1;1;0;2;0;1;2;-22,76336488;-42,87216067;SPRF-RJ;DEL02-RJ;UOP02-DEL02-RJ;;;
713751;24/08/2025;domingo;14:00:00;PR;376;650;TIJUCAS DO SUL;Rea��o tardia ou ineficiente do condutor;Tombamento;Com V�timas Feridas;Pleno dia;Decrescente;Garoa/Chuvisco;Dupla;"Declive;Reta";N�o;1;0;1;0;0;0;1;1;-25,84517008;-49,07240717;SPRF-PR;DEL01-PR;UOP04-DEL01-PR;;;
713752;24/08/2025;domingo;13:50:00;SC;101;137;BALNEARIO CAMBORIU;Desrespeitar a prefer�ncia no cruzamento;Colis�o transversal;Com V�timas Feridas;Pleno dia;Decrescente;Garoa/Chuvisco;Simples;"Interse��o de Vias;Viaduto";Sim;2;0;1;0;1;0;1;2;-27,01876061;-48,6107254;SPRF-SC;DEL04-SC;UOP03-DEL04-SC;;;
713753;24/08/2025;domingo;08:00:00;PE;316;64;OURICURI;Aus�ncia de rea��o do condutor;Sa�da de leito carro��vel;Com V�timas Feridas;Pleno dia;Decrescente;Sol;Simples;Reta;N�o;1;0;0;1;0;0;1;1;-7,785885;-40,224212;SPRF-PE;DEL05-PE;UOP02-DEL05-PE;;;
713755;24/08/2025;domingo;14:40:00;SC;101;191,9;BIGUACU;Demais falhas mec�nicas ou el�tricas;Inc�ndio;Sem V�timas;Pleno dia;Decrescente;Chuva;M�ltipla;Curva;Sim;1;0;0;0;1;0;0;1;-27,485961;-48,648171;SPRF-SC;DEL01-SC;UOP01-DEL01-SC;;;
713756;24/08/2025;domingo;14:10:00;PE;101;168;AGUA PRETA;Condutor deixou de manter dist�ncia do ve�culo da frente;Colis�o traseira;Com V�timas Feridas;Pleno dia;Crescente;Sol;Dupla;Reta;N�o;3;0;2;0;1;0;2;2;-8,573284;-35,480877;SPRF-PE;DEL01-PE;UOP03-DEL01-PE;;;
713757;24/08/2025;domingo;13:15:00;MG;365;164;BURITIZEIRO;Rea��o tardia ou ineficiente do condutor;Colis�o com objeto;Com V�timas Feridas;Pleno dia;Crescente;C�u Claro;Simples;"Reta;Ponte";N�o;1;0;0;1;0;0;1;1;-17,371602;-44,945675;SPRF-MG;DEL10-MG;UOP02-DEL010-MG;;;
713758;24/08/2025;domingo;15:00:00;MG;381;756;TRES CORACOES;Rea��o tardia ou ineficiente do condutor;Tombamento;Com V�timas Feridas;Pleno dia;Decrescente;C�u Claro;Dupla;Reta;N�o;1;0;1;0;0;0;1;1;-21,674772;-45,337877;SPRF-MG;DEL16-MG;UOP02-DEL16-MG;;;
713760;24/08/2025;domingo;11:30:00;MG;116;611,3;SAO JOAO DO MANHUACU;Aus�ncia de rea��o do condutor;Colis�o traseira;Com V�timas Feridas;Pleno dia;Crescente;Sol;Simples;"Interse��o de Vias;Reta";N�o;3;0;2;0;1;0;2;2;-20,435552;-42,163953;SPRF-MG;DEL07-MG;UOP02-DEL07-MG;;;
713761;24/08/2025;domingo;13:50:00;MS;463;72,9;PONTA PORA;Avarias e/ou desgaste excessivo no pneu;Sa�da de leito carro��vel;Com V�timas Feridas;Pleno dia;Crescente;Nublado;Simples;Reta;N�o;1;0;1;0;0;0;1;1;-22,485272;-55,417672;SPRF-MS;DEL04-MS;UOP03-DEL04-MS;;;
713762;24/08/2025;domingo;15:15:00;PB;101;83,5;BAYEUX;Avarias e/ou desgaste excessivo no pneu;Tombamento;Com V�timas Feridas;Pleno dia;Decrescente;Sol;Dupla;"Aclive;Viaduto;Reta";Sim;2;0;2;0;0;0;2;1;-7,1313267;-34,9310045;SPRF-PB;DEL01-PB;UOP01-DEL01-PB;;;
713763;24/08/2025;domingo;14:20:00;MG;381;671,8;PERDOES;Rea��o tardia ou ineficiente do condutor;Sa�da de leito carro��vel;Com V�timas Feridas;Pleno dia;Crescente;C�u Claro;Dupla;"Reta;Declive";N�o;2;0;2;0;0;0;2;1;-21,0682862;-45,0521981;SPRF-MG;DEL04-MG;UOP02-DEL04-MG;;;
713765;24/08/2025;domingo;15:20:00;BA;324;582;CANDEIAS;Ingest�o de �lcool pelo condutor;Colis�o com objeto;Sem V�timas;Pleno dia;Crescente;Sol;Dupla;Curva;Sim;1;0;0;0;1;0;0;1;-12,616209;-38,4907412;SPRF-BA;DEL01-BA;UOP01-DEL01-BA;;;
713767;24/08/2025;domingo;14:00:00;CE;230;59,1;LAVRAS DA MANGABEIRA;Transitar na contram�o;Colis�o frontal;Com V�timas Feridas;Pleno dia;Crescente;C�u Claro;Simples;"Aclive;Reta";Sim;5;0;1;0;3;1;1;2;-6,76280647;-39,11270142;SPRF-CE;DEL05-CE;UOP01-DEL05-CE;;;
713768;24/08/2025;domingo;15:00:00;PR;116;14;CAMPINA GRANDE DO SUL;Chuva;Sa�da de leito carro��vel;Com V�timas Feridas;Pleno dia;Crescente;Chuva;Dupla;"Declive;Curva";N�o;2;0;1;0;1;0;1;1;-25,098;-48,681;SPRF-PR;DEL01-PR;UOP02-DEL01-PR;;;
713769;24/08/2025;domingo;10:00:00;RO;364;426;JARU;Condutor Dormindo;Sa�da de leito carro��vel;Sem V�timas;Pleno dia;Decrescente;Sol;Simples;Reta;Sim;1;0;0;0;0;1;0;1;-10,42885733;-62,48568356;SPRF-RO;DEL03-RO;UOP02-DEL03-RO;;;
713770;24/08/2025;domingo;09:54:00;RO;364;379;OURO PRETO DO OESTE;Rea��o tardia ou ineficiente do condutor;Colis�o traseira;Com V�timas Feridas;Pleno dia;Crescente;C�u Claro;Simples;"Aclive;Curva";N�o;4;0;1;0;3;0;1;2;-10,740545;-62,2233;SPRF-RO;DEL02-RO;UOP01-DEL02-RO;;;
713771;24/08/2025;domingo;15:40:00;PE;101;43,8;IGARASSU;Manobra de mudan�a de faixa;Colis�o traseira;Com V�timas Feridas;Pleno dia;Decrescente;C�u Claro;M�ltipla;Reta;Sim;2;0;1;0;1;0;1;2;-7,85515;-34,908552;SPRF-PE;DEL01-PE;UOP02-DEL01-PE;;;
713772;24/08/2025;domingo;15:30:00;PR;116;18;ANTONINA;Aus�ncia de rea��o do condutor;Capotamento;Com V�timas Feridas;Pleno dia;Decrescente;Chuva;Dupla;Curva;N�o;2;0;2;0;0;0;2;1;-25,105;-48,715;SPRF-PR;DEL01-PR;UOP02-DEL01-PR;;;
713773;24/08/2025;domingo;16:15:00;MG;381;277;JAGUARACU;Rea��o tardia ou ineficiente do condutor;Colis�o traseira;Com V�timas Feridas;Pleno dia;Crescente;Nublado;Simples;Reta;N�o;2;0;1;0;1;0;1;2;-19,59565537;-42,74376869;SPRF-MG;DEL03-MG;UOP02-DEL03-MG;;;
713775;24/08/2025;domingo;17:00:00;RJ;101;485;ANGRA DOS REIS;Condutor deixou de manter dist�ncia do ve�culo da frente;Colis�o lateral mesmo sentido;Com V�timas Feridas;Pleno dia;Crescente;Garoa/Chuvisco;Simples;Reta;Sim;2;0;1;0;1;0;1;2;-22,985126;-44,296748;SPRF-RJ;DEL03-RJ;UOP03-DEL03-RJ;;;
713776;24/08/2025;domingo;16:29:00;MG;381;324,5;JOAO MONLEVADE;Demais falhas mec�nicas ou el�tricas;Colis�o lateral mesmo sentido;Com V�timas Feridas;Pleno dia;Crescente;C�u Claro;Simples;Reta;N�o;2;0;1;0;1;0;1;2;-19,8499629;-43,1510565;SPRF-MG;DEL03-MG;UOP02-DEL03-MG;;;
713777;24/08/2025;domingo;17:04:00;ES;101;111,8;LINHARES;Transitar no Acostamento;Colis�o lateral mesmo sentido;Com V�timas Feridas;Pleno dia;Crescente;C�u Claro;Simples;"Aclive;Reta";N�o;4;0;2;0;2;0;2;2;-19,07718;-40,04227;SPRF-ES;DEL04-ES;UOP01-DEL04-ES;;;
713779;24/08/2025;domingo;13:30:00;SC;280;99,1;SAO BENTO DO SUL;Rea��o tardia ou ineficiente do condutor;Sa�da de leito carro��vel;Com V�timas Feridas;Pleno dia;Decrescente;Chuva;Simples;Curva;N�o;1;0;1;0;0;0;1;1;-26,371513;-49,331013;SPRF-SC;DEL06-SC;UOP03-DEL06-SC;;;
713780;24/08/2025;domingo;16:30:00;MT;70;43,3;BARRA DO GARCAS;Ingest�o de �lcool pelo condutor;Queda de ocupante de ve�culo;Com V�timas Feridas;Pleno dia;Decrescente;C�u Claro;Simples;Reta;N�o;1;0;0;1;0;0;1;1;-15,70130525;-52,67858505;SPRF-MT;DEL07-MT;UOP01-DEL07-MT;;;
713781;24/08/2025;domingo;15:11:00;RS;290;192;PANTANO GRANDE;Rea��o tardia ou ineficiente do condutor;Sa�da de leito carro��vel;Com V�timas Feridas;Pleno dia;Crescente;C�u Claro;Simples;Reta;N�o;2;0;1;0;1;0;1;1;-30,14198949;-52,37169139;SPRF-RS;DEL02-RS;UOP03-DEL02-RS;;;
713782;24/08/2025;domingo;17:30:00;DF;70;19;BRASILIA;Aus�ncia de rea��o do condutor;Colis�o lateral mesmo sentido;Com V�timas Feridas;Anoitecer;Decrescente;C�u Claro;Dupla;"Curva;Aclive";Sim;3;0;1;0;2;0;1;2;-15,79137507;-48,21169551;SPRF-DF;DEL03-DF;UOP02-DEL03-DF;;;
713783;24/08/2025;domingo;16:44:00;RO;319;143;PORTO VELHO;Condutor deixou de manter dist�ncia do ve�culo da frente;Colis�o lateral mesmo sentido;Com V�timas Feridas;Pleno dia;Crescente;C�u Claro;M�ltipla;Reta;Sim;4;0;1;0;3;0;1;2;-8,75552637;-63,88692498;SPRF-RO;DEL01-RO;UOP01-DEL01-RO;;;
713784;24/08/2025;domingo;16:30:00;MG;262;532;LUZ;Velocidade Incompat�vel;Sa�da de leito carro��vel;Com V�timas Feridas;Pleno dia;Crescente;Sol;Simples;"Aclive;Curva";N�o;2;0;1;0;1;0;1;1;-19,74735043;-45,82394601;SPRF-MG;DEL08-MG;UOP02-DEL08-MG;;;
713785;24/08/2025;domingo;17:45:00;CE;116;16;FORTALEZA;Animais na Pista;Atropelamento de Animal;Com V�timas Feridas;Anoitecer;Crescente;C�u Claro;Dupla;"Reta;Declive";Sim;2;0;2;0;0;0;2;1;-3,8848796;-38,5019782;SPRF-CE;DEL01-CE;UOP02-DEL01-CE;;;
713786;24/08/2025;domingo;17:00:00;SC;282;223;LAGES;Avarias e/ou desgaste excessivo no pneu;Colis�o frontal;Com V�timas Feridas;Pleno dia;Decrescente;Chuva;Simples;"Aclive;Curva";N�o;5;0;5;0;0;0;5;2;-27,79855531;-50,35898421;SPRF-SC;DEL05-SC;UOP01-DEL05-SC;;;