id;data_inversa;dia_semana;horario;uf;br;km;municipio;causa_acidente;tipo_acidente;classificacao_acidente;fase_dia;sentido_via;condicao_metereologica;tipo_pista;tracado_via;uso_solo;pessoas;mortos;feridos_leves;feridos_graves;ilesos;ignorados;feridos;veiculos;latitude;longitude;regional;delegacia;uop;;;
713787;24/08/2025;domingo;15:40:00;BA;101;236;CONCEICAO DO ALMEIDA;Rea��o tardia ou ineficiente do condutor;Colis�o transversal;Sem V�timas;Pleno dia;Decrescente;C�u Claro;Simples;"Declive;Reta";N�o;2;0;0;0;1;1;0;2;-12,76743225;-39,1832161;SPRF-BA;DEL01-BA;UOP02-DEL01-BA;;;
713788;24/08/2025;domingo;16:50:00;PB;230;502,2;CAJAZEIRAS;Aus�ncia de rea��o do condutor;Colis�o com objeto;Sem V�timas;Pleno dia;Crescente;C�u Claro;Simples;"Reta;Ponte";Sim;1;0;0;0;0;1;0;1;-6,89444221;-38,53934169;SPRF-PB;DEL03-PB;UOP03-DEL03-PB;;;
713789;24/08/2025;domingo;15:33:00;PE;428;29,6;CABROBO;Manobra de mudan�a de faixa;Colis�o frontal;Com V�timas Fatais;Pleno dia;Decrescente;C�u Claro;Simples;"Reta;Aclive";N�o;7;1;2;4;0;0;6;2;-8,512262;-39,476116;SPRF-PE;DEL05-PE;UOP03-DEL05-PE;;;
713790;24/08/2025;domingo;17:40:00;PB;361;5,5;PATOS;Transitar na contram�o;Colis�o frontal;Com V�timas Fatais;Anoitecer;Crescente;C�u Claro;Simples;Reta;Sim;4;1;2;0;1;0;2;2;-7,035258;-37,307293;SPRF-PB;DEL03-PB;UOP01-DEL03-PB;;;
713791;24/08/2025;domingo;16:50:00;RS;116;148,7;CAXIAS DO SUL;Aus�ncia de rea��o do condutor;Atropelamento de Pedestre;Com V�timas Feridas;Pleno dia;Decrescente;Garoa/Chuvisco;Dupla;Curva;Sim;3;0;0;1;1;1;1;2;-29,15518769;-51,15193605;SPRF-RS;DEL05-RS;UOP01-DEL05-RS;;;
713792;24/08/2025;domingo;17:00:00;PR;376;34;NOVA LONDRINA;Aus�ncia de rea��o do condutor;Colis�o lateral sentido oposto;Sem V�timas;Anoitecer;Crescente;Nublado;Simples;Reta;N�o;2;0;0;0;1;1;0;2;-22,79031679;-52,99221039;SPRF-PR;DEL09-PR;UOP02-DEL09-PR;;;
713793;24/08/2025;domingo;18:00:00;BA;101;453;ITACARE;Manobra de mudan�a de faixa;Colis�o frontal;Com V�timas Feridas;Plena Noite;Decrescente;Garoa/Chuvisco;Simples;Curva;N�o;4;0;3;1;0;0;4;2;-14,38479;-39,324376;SPRF-BA;DEL05-BA;UOP01-DEL05-BA;;;
713794;24/08/2025;domingo;18:00:00;GO;60;92;ANAPOLIS;Acessar a via sem observar a presen�a dos outros ve�culos;Colis�o transversal;Com V�timas Feridas;Anoitecer;Crescente;C�u Claro;Dupla;"Retorno Regulamentado;Reta";Sim;6;0;3;1;2;0;4;2;-16,35213;-48,916074;SPRF-GO;DEL02-GO;UOP01-DEL02-GO;;;
713795;24/08/2025;domingo;18:05:00;PE;101;30;ITAPISSUMA;Rea��o tardia ou ineficiente do condutor;Sa�da de leito carro��vel;Com V�timas Feridas;Plena Noite;Crescente;C�u Claro;Dupla;"Curva;Declive";N�o;5;0;2;0;3;0;2;1;-7,74353922;-34,94018767;SPRF-PE;DEL01-PE;UOP02-DEL01-PE;;;
713797;24/08/2025;domingo;18:00:00;SC;101;208;SAO JOSE;Pista Escorregadia;Colis�o com objeto;Sem V�timas;Plena Noite;Decrescente;Chuva;M�ltipla;Reta;Sim;1;0;0;0;1;0;0;1;-27,60767688;-48,63642097;SPRF-SC;DEL01-SC;UOP01-DEL01-SC;;;
713798;24/08/2025;domingo;18:00:00;RJ;356;156;CAMPOS DOS GOYTACAZES;Transitar na contram�o;Colis�o frontal;Com V�timas Feridas;Plena Noite;Decrescente;C�u Claro;Simples;Reta;Sim;4;0;1;0;3;0;1;4;-21,744956;-41,215809;SPRF-RJ;DEL08-RJ;UOP02-DEL08-RJ;;;
713799;24/08/2025;domingo;15:19:00;BA;235;279;CURACA;Animais na Pista;Colis�o frontal;Com V�timas Feridas;Pleno dia;Decrescente;C�u Claro;Simples;Reta;N�o;3;0;2;1;0;0;3;1;-9,6077509;-39,8421225;SPRF-BA;DEL07-BA;UOP03-DEL07-BA;;;
713801;24/08/2025;domingo;17:05:00;GO;70;474;ARAGARCAS;Acessar a via sem observar a presen�a dos outros ve�culos;Colis�o transversal;Com V�timas Feridas;Pleno dia;Crescente;C�u Claro;Dupla;Reta;Sim;2;0;0;1;0;1;1;2;-15,8966513;-52,24226296;SPRF-GO;DEL04-GO;UOP02-DEL04-GO;;;
713803;24/08/2025;domingo;17:00:00;SC;116;78;MONTE CASTELO;Chuva;Sa�da de leito carro��vel;Sem V�timas;Anoitecer;Crescente;Chuva;Simples;Reta;N�o;1;0;0;0;1;0;0;1;-26,56119962;-50,22262573;SPRF-SC;DEL06-SC;UOP02-DEL06-SC;;;
713804;24/08/2025;domingo;18:00:00;PI;343;9,4;PARNAIBA;Convers�o proibida;Colis�o lateral mesmo sentido;Com V�timas Feridas;Anoitecer;Crescente;C�u Claro;Simples;Reta;Sim;2;0;0;1;0;1;1;2;-2,901317;-41,736815;SPRF-PI;DEL05-PI;UOP01-DEL05-PI;;;
713805;24/08/2025;domingo;18:30:00;CE;116;190;LIMOEIRO DO NORTE;Demais falhas mec�nicas ou el�tricas;Queda de ocupante de ve�culo;Com V�timas Feridas;Plena Noite;Decrescente;C�u Claro;Simples;Reta;Sim;2;0;2;0;0;0;2;1;-5,12208191;-38,14855926;SPRF-CE;DEL03-CE;UOP01-DEL03-CE;;;
713806;24/08/2025;domingo;18:00:00;MA;135;22;SAO LUIS;Rea��o tardia ou ineficiente do condutor;Colis�o traseira;Com V�timas Feridas;Anoitecer;Crescente;C�u Claro;Dupla;Reta;Sim;2;0;2;0;0;0;2;2;-2,563265;-44,317135;SPRF-MA;DEL01-MA;UOP01-DEL01-MA;;;
713807;24/08/2025;domingo;16:10:00;RO;174;14;VILHENA;Desrespeitar a prefer�ncia no cruzamento;Colis�o transversal;Com V�timas Feridas;Pleno dia;Crescente;C�u Claro;Simples;"Interse��o de Vias;Reta";Sim;2;0;1;0;1;0;1;2;-12,73091348;-60,12942759;SPRF-RO;DEL04-RO;UOP01-DEL04-RO;;;
713809;24/08/2025;domingo;19:25:00;RS;116;499,8;PELOTAS;Demais falhas mec�nicas ou el�tricas;Queda de ocupante de ve�culo;Com V�timas Feridas;Plena Noite;Decrescente;C�u Claro;Dupla;Reta;N�o;3;0;2;0;1;0;2;2;-31,554142;-52,245773;SPRF-RS;DEL07-RS;UOP01-DEL07-RS;;;
713810;24/08/2025;domingo;18:30:00;CE;222;217;SOBRAL;Rea��o tardia ou ineficiente do condutor;Tombamento;Com V�timas Feridas;Plena Noite;Crescente;C�u Claro;Simples;"Aclive;Reta";N�o;2;0;2;0;0;0;2;1;-3,72088873;-40,33081055;SPRF-CE;DEL04-CE;UOP01-DEL04-CE;;;
713812;24/08/2025;domingo;19:30:00;PR;116;116;CURITIBA;Rea��o tardia ou ineficiente do condutor;Tombamento;Com V�timas Feridas;Plena Noite;Decrescente;Garoa/Chuvisco;Dupla;Reta;Sim;1;0;1;0;0;0;1;1;-25,570842;-49,310708;SPRF-PR;DEL01-PR;UOP03-DEL01-PR;;;
713813;24/08/2025;domingo;19:25:00;PR;369;131;IBIPORA;Animais na Pista;Atropelamento de Animal;Com V�timas Feridas;Plena Noite;Crescente;C�u Claro;Dupla;"Reta;Aclive";N�o;2;0;1;0;1;0;1;2;-23,26023;-51,00896;SPRF-PR;DEL07-PR;UOP01-DEL07-PR;;;
713815;24/08/2025;domingo;17:15:00;RS;116;652;JAGUARAO;Rea��o tardia ou ineficiente do condutor;Sa�da de leito carro��vel;Com V�timas Feridas;Plena Noite;Crescente;C�u Claro;Simples;Reta;N�o;5;0;2;0;3;0;2;1;-32,524;-53,346;SPRF-RS;DEL07-RS;UOP03-DEL07-RS;;;
713816;24/08/2025;domingo;19:15:00;GO;60;183,1;ABADIA DE GOIAS;Ingest�o de �lcool pelo condutor;Colis�o traseira;Sem V�timas;Plena Noite;Decrescente;C�u Claro;Dupla;"Aclive;Reta";N�o;2;0;0;0;2;0;0;2;-16,796197;-49,510223;SPRF-GO;DEL01-GO;UOP02-DEL01-GO;;;
713817;24/08/2025;domingo;19:00:00;SP;153;56,1;SAO JOSE DO RIO PRETO;Ingest�o de �lcool pelo condutor;Colis�o com objeto;Sem V�timas;Plena Noite;Crescente;C�u Claro;Dupla;Reta;N�o;1;0;0;0;0;1;0;1;-20,7632074;-49,3470037;SPRF-SP;DEL09-SP;UOP01-DEL09-SP;;;
713818;24/08/2025;domingo;17:10:00;RO;364;543;ALTO PARAISO;Ultrapassagem Indevida;Colis�o lateral sentido oposto;Com V�timas Feridas;Pleno dia;Crescente;C�u Claro;Simples;Reta;N�o;9;0;3;1;4;1;4;4;-9,701234;-63,10895;SPRF-RO;DEL03-RO;UOP01-DEL03-RO;;;
713819;24/08/2025;domingo;19:50:00;PE;408;74,4;PAUDALHO;Pedestre cruzava a pista fora da faixa;Atropelamento de Pedestre;Com V�timas Fatais;Plena Noite;Decrescente;C�u Claro;Dupla;Reta;Sim;3;1;0;0;2;0;0;2;-7,94055;-35,12378;SPRF-PE;DEL01-PE;UOP01-DEL01-PE;;;
713820;24/08/2025;domingo;15:40:00;BA;367;24;PORTO SEGURO;Acessar a via sem observar a presen�a dos outros ve�culos;Colis�o transversal;Com V�timas Feridas;Pleno dia;Crescente;C�u Claro;Simples;Reta;Sim;2;0;0;1;1;0;1;2;-16,437793;-39,082962;SPRF-BA;DEL09-BA;UOP03-DEL09-BA;;;
713821;24/08/2025;domingo;17:50:00;RS;480;65;BARAO DE COTEGIPE;Ingest�o de �lcool pelo condutor;Capotamento;Com V�timas Feridas;Pleno dia;Crescente;Chuva;Simples;"Aclive;Curva";N�o;4;0;1;0;3;0;1;1;-27,63076615;-52,36230974;SPRF-RS;DEL08-RS;UOP04-DEL08-RS;;;
713822;24/08/2025;domingo;19:30:00;SC;282;582,9;PINHALZINHO;Ingest�o de �lcool pelo condutor;Colis�o lateral sentido oposto;Com V�timas Feridas;Plena Noite;Crescente;Nublado;Simples;"Reta;Declive";N�o;6;0;5;0;1;0;5;2;-26,82987993;-53,00967217;SPRF-SC;DEL07-SC;UOP02-DEL07-SC;;;
713823;24/08/2025;domingo;19:30:00;PE;232;507,9;SALGUEIRO;Rea��o tardia ou ineficiente do condutor;Queda de ocupante de ve�culo;Com V�timas Feridas;Plena Noite;Crescente;C�u Claro;Simples;Reta;Sim;2;0;0;2;0;0;2;1;-8,06217994;-39,12055743;SPRF-PE;DEL05-PE;UOP01-DEL05-PE;;;
713824;08/08/2025;sexta-feira;16:33:00;RN;101;27;RIO DO FOGO;Aus�ncia de rea��o do condutor;Sa�da de leito carro��vel;Com V�timas Feridas;Pleno dia;Crescente;C�u Claro;Simples;Reta;N�o;1;0;1;0;0;0;1;1;-5,276498;-35,379437;SPRF-RN;DEL02-RN;UOP01-DEL02-RN;;;
713825;24/08/2025;domingo;16:57:00;RO;364;17;VILHENA;Aus�ncia de rea��o do condutor;Queda de ocupante de ve�culo;Sem V�timas;Pleno dia;Crescente;C�u Claro;Simples;Aclive;N�o;1;0;0;0;0;1;0;1;-12,73209129;-60,16559601;SPRF-RO;DEL04-RO;UOP01-DEL04-RO;;;
713826;24/08/2025;domingo;18:50:00;PI;316;10,9;TERESINA;Transitar na contram�o;Colis�o frontal;Com V�timas Feridas;Plena Noite;Crescente;C�u Claro;M�ltipla;"Viaduto;Reta";Sim;2;0;0;1;1;0;1;2;-5,191298;-42,760922;SPRF-PI;DEL01-PI;UOP02-DEL01-PI;;;
713827;24/08/2025;domingo;18:00:00;MG;40;510;RIBEIRAO DAS NEVES;Trafegar com motocicleta (ou similar) entre as faixas;Tombamento;Com V�timas Feridas;Pleno dia;Crescente;C�u Claro;Dupla;Reta;Sim;2;0;2;0;0;0;2;1;-19,78992;-44,113;SPRF-MG;DEL01-MG;UOP02-DEL01-MG;;;
713828;24/08/2025;domingo;19:48:00;AP;210;3;MACAPA;Ultrapassagem Indevida;Colis�o transversal;Com V�timas Feridas;Plena Noite;Crescente;C�u Claro;Simples;Retorno Regulamentado;Sim;3;0;2;0;1;0;2;2;0,0872673;-51,0896736;SPRF-AP;DEL01-AP;UOP01-DEL01-AP;;;
713829;24/08/2025;domingo;19:45:00;RS;287;248;SANTA MARIA;Rea��o tardia ou ineficiente do condutor;Colis�o traseira;Com V�timas Feridas;Plena Noite;Crescente;C�u Claro;Simples;"Interse��o de Vias;Rotat�ria";Sim;4;0;2;0;2;0;2;2;-29,69466;-53,858655;SPRF-RS;DEL09-RS;UOP01-DEL09-RS;;;
713830;24/08/2025;domingo;18:30:00;SC;163;72,6;SAO MIGUEL DO OESTE;Ingest�o de �lcool pelo condutor;Colis�o lateral sentido oposto;Sem V�timas;Plena Noite;Decrescente;Nublado;Simples;Reta;N�o;4;0;0;0;4;0;0;2;-26,71488957;-53,51732254;SPRF-SC;DEL07-SC;UOP03-DEL07-SC;;;
713831;24/08/2025;domingo;19:23:00;SC;163;66,8;SAO MIGUEL DO OESTE;Ultrapassagem Indevida;Colis�o lateral mesmo sentido;Sem V�timas;Plena Noite;Crescente;Nublado;Simples;Rotat�ria;Sim;5;0;0;0;5;0;0;2;-26,76114445;-53,50020502;SPRF-SC;DEL07-SC;UOP03-DEL07-SC;;;
713832;24/08/2025;domingo;20:00:00;PR;376;656;TIJUCAS DO SUL;Rea��o tardia ou ineficiente do condutor;Capotamento;Sem V�timas;Plena Noite;Crescente;Chuva;Simples;Curva;N�o;1;0;0;0;0;1;0;1;-25,85351668;-49,02200159;SPRF-PR;DEL01-PR;UOP04-DEL01-PR;;;
713833;24/08/2025;domingo;18:10:00;SC;101;87,1;BARRA VELHA;Aus�ncia de rea��o do condutor;Colis�o traseira;Com V�timas Feridas;Plena Noite;Crescente;Chuva;Dupla;Reta;N�o;2;0;1;0;1;0;1;2;-26,6411488;-48,69133115;SPRF-SC;DEL03-SC;UOP02-DEL03-SC;;;
713835;24/08/2025;domingo;20:50:00;RS;116;237,1;NOVO HAMBURGO;Aus�ncia de rea��o do condutor;Atropelamento de Pedestre;Com V�timas Fatais;Plena Noite;Decrescente;C�u Claro;Dupla;Reta;Sim;4;1;0;0;3;0;0;2;-29,6749743;-51,143047;SPRF-RS;DEL01-RS;UOP02-DEL01-RS;;;
713836;24/08/2025;domingo;18:41:00;PE;101;40;IGARASSU;Condutor deixou de manter dist�ncia do ve�culo da frente;Colis�o traseira;Sem V�timas;Plena Noite;Decrescente;Nublado;Dupla;Reta;Sim;2;0;0;0;1;1;0;2;-7,82694971;-34,91500998;SPRF-PE;DEL01-PE;UOP02-DEL01-PE;;;
713837;24/08/2025;domingo;20:20:00;PR;116;144,4;MANDIRITUBA;Pista Escorregadia;Tombamento;Com V�timas Feridas;Plena Noite;Decrescente;Chuva;Simples;Reta;N�o;2;0;1;0;1;0;1;1;-25,802601;-49,328724;SPRF-PR;DEL01-PR;UOP03-DEL01-PR;;;
713839;24/08/2025;domingo;20:20:00;RJ;116;135;MAGE;Rea��o tardia ou ineficiente do condutor;Inc�ndio;Sem V�timas;Plena Noite;Decrescente;C�u Claro;Dupla;Reta;Sim;1;0;0;0;1;0;0;1;-22,65134506;-43,16695881;SPRF-RJ;DEL04-RJ;UOP02-DEL04-RJ;;;
713840;24/08/2025;domingo;16:20:00;MT;163;812;SINOP;Aus�ncia de rea��o do condutor;Sa�da de leito carro��vel;Com V�timas Feridas;Pleno dia;Crescente;C�u Claro;Simples;Reta;N�o;4;0;2;0;2;0;2;1;-12,1133479;-55,5166626;SPRF-MT;DEL06-MT;UOP02-DEL06-MT;;;
713842;24/08/2025;domingo;20:45:00;PR;277;47;MORRETES;Demais falhas mec�nicas ou el�tricas;Inc�ndio;Sem V�timas;Plena Noite;Crescente;Nublado;M�ltipla;"Reta;Aclive";N�o;5;0;0;0;5;0;0;1;-25,59656129;-48,90057564;SPRF-PR;DEL01-PR;UOP05-DEL01-PR;;;
713843;24/08/2025;domingo;18:15:00;RS;480;65;BARAO DE COTEGIPE;Ingest�o de �lcool pelo condutor;Colis�o traseira;Sem V�timas;Anoitecer;Crescente;Garoa/Chuvisco;Dupla;"Curva;Aclive";N�o;2;0;0;0;2;0;0;2;-27,63527395;-52,35373092;SPRF-RS;DEL08-RS;UOP04-DEL08-RS;;;
713844;24/08/2025;domingo;11:00:00;MG;40;523;CONTAGEM;Falta de elemento de conten��o que evite a sa�da do leito carro��vel;Sa�da de leito carro��vel;Sem V�timas;Pleno dia;Crescente;C�u Claro;Dupla;Reta;N�o;1;0;0;0;0;1;0;1;-19,87487813;-44,05382061;SPRF-MG;DEL01-MG;UOP02-DEL01-MG;;;
713845;24/08/2025;domingo;20:50:00;SP;101;27;UBATUBA;Chuva;Sa�da de leito carro��vel;Sem V�timas;Plena Noite;Decrescente;Chuva;Simples;Reta;N�o;1;0;0;0;1;0;0;1;-23,36926378;-44,95038986;SPRF-SP;DEL06-SP;UOP01-DEL06-SP;;;
713846;24/08/2025;domingo;18:00:00;RS;116;402;CAMAQUA;Aus�ncia de rea��o do condutor;Queda de ocupante de ve�culo;Com V�timas Feridas;Anoitecer;Crescente;C�u Claro;Dupla;Em Obras;N�o;2;0;2;0;0;0;2;1;-30,87257391;-51,80927977;SPRF-RS;DEL02-RS;UOP02-DEL02-RS;;;
713847;24/08/2025;domingo;18:35:00;MA;316;590;CAXIAS;Pedestre andava na pista;Atropelamento de Pedestre;Com V�timas Feridas;Anoitecer;Crescente;C�u Claro;Simples;Reta;N�o;2;0;1;1;0;0;2;2;-4,996294;-43,045492;SPRF-MA;DEL03-MA;UOP02-DEL03-MA;;;
713849;24/08/2025;domingo;18:30:00;MT;70;193;PRIMAVERA DO LESTE;Fuma�a;Inc�ndio;Sem V�timas;Anoitecer;Crescente;C�u Claro;Simples;Reta;N�o;1;0;0;0;1;0;0;1;-15,61593659;-54,04397249;SPRF-MT;DEL05-MT;UOP01-DEL05-MT;;;
713850;24/08/2025;domingo;20:30:00;RN;304;38,2;MOSSORO;Animais na Pista;Atropelamento de Animal;Com V�timas Feridas;Plena Noite;Decrescente;C�u Claro;Dupla;Reta;Sim;3;0;1;0;2;0;1;2;-5,1836038;-37,3698945;SPRF-RN;DEL04-RN;UOP02-DEL04-RN;;;
713852;24/08/2025;domingo;17:50:00;MG;262;353,9;BETIM;Aus�ncia de rea��o do condutor;Sa�da de leito carro��vel;Com V�timas Fatais;Anoitecer;Decrescente;C�u Claro;Dupla;Reta;N�o;6;1;4;0;1;0;4;1;-19,98302866;-44,24640656;SPRF-MG;DEL01-MG;UOP03-DEL01-MG;;;
713853;24/08/2025;domingo;21:16:00;PE;232;5;RECIFE;Condutor deixou de manter dist�ncia do ve�culo da frente;Colis�o traseira;Com V�timas Feridas;Plena Noite;Decrescente;Garoa/Chuvisco;M�ltipla;Reta;Sim;2;0;1;0;1;0;1;2;-8,068339;-34,945791;SPRF-PE;DEL01-PE;UOP01-DEL01-PE;;;
713854;24/08/2025;domingo;22:00:00;RS;116;149;CAXIAS DO SUL;Aus�ncia de rea��o do condutor;Colis�o traseira;Com V�timas Feridas;Plena Noite;Decrescente;Nublado;M�ltipla;"Aclive;Interse��o de Vias;Reta";Sim;3;0;2;0;1;0;2;2;-29,16235194;-51,1570885;SPRF-RS;DEL05-RS;UOP01-DEL05-RS;;;
713855;24/08/2025;domingo;18:10:00;PE;424;71,2;CAETES;Transitar na contram�o;Colis�o lateral sentido oposto;Com V�timas Fatais;Plena Noite;Crescente;C�u Claro;Simples;"Aclive;Reta";N�o;2;1;0;0;0;1;0;2;-8,784548;-36,61286;SPRF-PE;DEL03-PE;UOP01-DEL03-PE;;;
713856;24/08/2025;domingo;11:45:00;CE;116;436,5;BARRO;Rea��o tardia ou ineficiente do condutor;Sa�da de leito carro��vel;Com V�timas Feridas;Pleno dia;Decrescente;C�u Claro;Simples;Reta;N�o;1;0;1;0;0;0;1;1;-7,017755;-38,761627;SPRF-CE;DEL05-CE;UOP03-DEL05-CE;;;
713857;24/08/2025;domingo;22:15:00;PR;369;82;CORNELIO PROCOPIO;Rea��o tardia ou ineficiente do condutor;Tombamento;Com V�timas Feridas;Plena Noite;Decrescente;C�u Claro;Dupla;Reta;N�o;1;0;1;0;0;0;1;1;-23,18910714;-50,642488;SPRF-PR;DEL07-PR;UOP05-DEL07-PR;;;
713859;24/08/2025;domingo;21:00:00;SP;101;15;UBATUBA;Rea��o tardia ou ineficiente do condutor;Colis�o traseira;Com V�timas Feridas;Plena Noite;Decrescente;Chuva;Simples;Reta;N�o;3;0;1;0;2;0;1;3;-23,3226559;-44,90880338;SPRF-SP;DEL06-SP;UOP01-DEL06-SP;;;
713860;24/08/2025;domingo;22:28:00;RS;392;244,3;CACAPAVA DO SUL;Rea��o tardia ou ineficiente do condutor;Sa�da de leito carro��vel;Sem V�timas;Plena Noite;Decrescente;C�u Claro;Simples;"Reta;Aclive;Interse��o de Vias;Viaduto";N�o;2;0;0;0;2;0;0;1;-30,583661;-53,392438;SPRF-RS;DEL09-RS;UOP02-DEL09-RS;;;
713862;24/08/2025;domingo;22:30:00;SC;282;591,9;SAUDADES;Ingest�o de �lcool pelo condutor;Sa�da de leito carro��vel;Com V�timas Feridas;Plena Noite;Decrescente;Nublado;Simples;Reta;N�o;4;0;4;0;0;0;4;1;-26,8259306;-53,0913611;SPRF-SC;DEL07-SC;UOP02-DEL07-SC;;;
713863;24/08/2025;domingo;22:20:00;PR;369;198,8;APUCARANA;Ingest�o de �lcool pelo condutor;Colis�o com objeto;Sem V�timas;Plena Noite;Decrescente;C�u Claro;Dupla;Reta;Sim;1;0;0;0;1;0;0;1;-23,52267698;-51,44062757;SPRF-PR;DEL07-PR;UOP03-DEL07-PR;;;
713864;24/08/2025;domingo;21:30:00;BA;418;104;NOVA VICOSA;Velocidade Incompat�vel;Queda de ocupante de ve�culo;Com V�timas Feridas;Plena Noite;Decrescente;Nublado;Simples;Reta;N�o;1;0;0;1;0;0;1;1;-17,901232;-39,996358;SPRF-BA;DEL09-BA;UOP02-DEL09-BA;;;
713866;24/08/2025;domingo;22:40:00;PB;230;61;CRUZ DO ESPIRITO SANTO;Transitar na contram�o;Colis�o frontal;Com V�timas Fatais;Plena Noite;Crescente;Nublado;Dupla;Reta;Sim;3;1;0;0;1;1;0;3;-7,202672;-35,155941;SPRF-PB;DEL01-PB;UOP02-DEL01-PB;;;
713868;24/08/2025;domingo;23:35:00;SP;116;93;PINDAMONHANGABA;Objeto est�tico sobre o leito carro��vel;Colis�o com objeto;Sem V�timas;Plena Noite;Crescente;C�u Claro;Dupla;Reta;N�o;1;0;0;0;1;0;0;1;-22,956225;-45,412781;SPRF-SP;DEL08-SP;UOP01-DEL08-SP;;;
713869;25/08/2025;segunda-feira;00:10:00;GO;153;509,4;APARECIDA DE GOIANIA;Aus�ncia de rea��o do condutor;Colis�o traseira;Com V�timas Feridas;Plena Noite;Crescente;C�u Claro;M�ltipla;"Aclive;Reta";Sim;2;0;1;0;0;1;1;2;-16,785123;-49,237565;SPRF-GO;DEL01-GO;UOP03-DEL01-GO;;;
713870;24/08/2025;domingo;21:20:00;PB;104;116,9;LAGOA SECA;Ingest�o de �lcool pelo condutor;Colis�o traseira;Com V�timas Feridas;Plena Noite;Crescente;Nublado;Simples;Reta;Sim;5;0;2;0;3;0;2;2;-7,180884;-35,864974;SPRF-PB;DEL02-PB;UOP04-DEL02-PB;;;
713871;24/08/2025;domingo;22:40:00;MG;116;759;LEOPOLDINA;Aus�ncia de rea��o do condutor;Colis�o frontal;Com V�timas Feridas;Plena Noite;Crescente;C�u Claro;Simples;"Ponte;Reta";N�o;2;0;0;1;1;0;1;2;-21,50888745;-42,61056697;SPRF-MG;DEL07-MG;UOP01-DEL07-MG;;;
713872;24/08/2025;domingo;23:05:00;RN;101;159;CANGUARETAMA;Acessar a via sem observar a presen�a dos outros ve�culos;Colis�o frontal;Com V�timas Fatais;Plena Noite;Crescente;Garoa/Chuvisco;Dupla;"Reta;Retorno Regulamentado";Sim;2;1;0;0;1;0;0;2;-6,35655961;-35,16121971;SPRF-RN;DEL01-RN;UOP01-DEL01-RN;;;
713873;25/08/2025;segunda-feira;01:30:00;MG;116;407;GOVERNADOR VALADARES;Ingest�o de �lcool pelo condutor;Tombamento;Com V�timas Feridas;Plena Noite;Crescente;C�u Claro;Dupla;Reta;Sim;2;0;0;2;0;0;2;1;-18,84047133;-41,98555602;SPRF-MG;DEL06-MG;UOP01-DEL06-MG;;;
713874;25/08/2025;segunda-feira;02:30:00;GO;153;434;ANAPOLIS;Rea��o tardia ou ineficiente do condutor;Queda de ocupante de ve�culo;Com V�timas Feridas;Plena Noite;Crescente;C�u Claro;Dupla;Rotat�ria;Sim;1;0;1;0;0;0;1;1;-16,2871273;-48,9434487;SPRF-GO;DEL02-GO;UOP01-DEL02-GO;;;
713876;25/08/2025;segunda-feira;02:30:00;RS;470;281,7;SAO JOSE DO SUL;Aus�ncia de rea��o do condutor;Sa�da de leito carro��vel;Com V�timas Fatais;Plena Noite;Crescente;Nublado;Simples;Reta;N�o;1;1;0;0;0;0;0;1;-29,61514837;-51,47315439;SPRF-RS;DEL06-RS;UOP01-DEL06-RS;;;
713877;25/08/2025;segunda-feira;01:10:00;SC;101;190,2;BIGUACU;Ingest�o de �lcool pelo condutor;Sa�da de leito carro��vel;Sem V�timas;Plena Noite;Crescente;Nublado;Dupla;Reta;N�o;1;0;0;0;1;0;0;1;-27,47070063;-48,64140837;SPRF-SC;DEL01-SC;UOP01-DEL01-SC;;;
713878;24/08/2025;domingo;17:20:00;MG;40;559;NOVA LIMA;Condutor deixou de manter dist�ncia do ve�culo da frente;Tombamento;Com V�timas Feridas;Pleno dia;Crescente;C�u Claro;Dupla;Reta;Sim;1;0;0;1;0;0;1;1;-20,128928;-43,964634;SPRF-MG;DEL01-MG;UOP02-DEL01-MG;;;
713879;25/08/2025;segunda-feira;03:50:00;PE;408;59;PAUDALHO;Animais na Pista;Atropelamento de Animal;Com V�timas Feridas;Plena Noite;Crescente;Nublado;Dupla;Reta;Sim;5;0;5;0;0;0;5;1;-7,85723;-35,21803;SPRF-PE;DEL01-PE;UOP01-DEL01-PE;;;
713880;25/08/2025;segunda-feira;03:00:00;AL;316;127;MINADOR DO NEGRAO;Ingest�o de �lcool pelo condutor;Queda de ocupante de ve�culo;Com V�timas Feridas;Plena Noite;Crescente;C�u Claro;Simples;Reta;N�o;1;0;0;1;0;0;1;1;-9,393665;-36,876365;SPRF-AL;DEL03-AL;UOP01-DEL03-AL;;;
713881;25/08/2025;segunda-feira;05:27:00;SP;116;224;GUARULHOS;Rea��o tardia ou ineficiente do condutor;Queda de ocupante de ve�culo;Com V�timas Feridas;Amanhecer;Crescente;Nublado;M�ltipla;"Reta;Em Obras";Sim;1;0;1;0;0;0;1;1;-23,48237902;-46,53489685;SPRF-SP;DEL01-SP;UOP01-DEL01-SP;;;
713883;25/08/2025;segunda-feira;05:05:00;SC;282;600,7;CUNHA PORA;Ingest�o de �lcool pelo condutor;Colis�o frontal;Com V�timas Feridas;Plena Noite;Decrescente;Nublado;Simples;Curva;N�o;5;0;4;0;0;1;4;2;-26,81013857;-53,1681509;SPRF-SC;DEL07-SC;UOP02-DEL07-SC;;;
713885;25/08/2025;segunda-feira;05:35:00;PR;373;172;PONTA GROSSA;Manobra de mudan�a de faixa;Colis�o com objeto;Com V�timas Feridas;Amanhecer;Crescente;C�u Claro;Dupla;"Interse��o de Vias;Viaduto";Sim;2;0;0;1;1;0;1;1;-25,081462;-50,191541;SPRF-PR;DEL03-PR;UOP01-DEL03-PR;;;