id;data_inversa;dia_semana;horario;uf;br;km;municipio;causa_acidente;tipo_acidente;classificacao_acidente;fase_dia;sentido_via;condicao_metereologica;tipo_pista;tracado_via;uso_solo;pessoas;mortos;feridos_leves;feridos_graves;ilesos;ignorados;feridos;veiculos;latitude;longitude;regional;delegacia;uop;;;
713887;25/08/2025;segunda-feira;06:10:00;PB;101;122;CAAPORA;Pista Escorregadia;Colis�o com objeto;Com V�timas Feridas;Pleno dia;Crescente;Garoa/Chuvisco;Dupla;"Declive;Curva";N�o;1;0;1;0;0;0;1;1;-7,4585222;-34,9808085;SPRF-PB;DEL01-PB;UOP01-DEL01-PB;;;
713888;25/08/2025;segunda-feira;05:40:00;PI;316;6;TERESINA;Rea��o tardia ou ineficiente do condutor;Colis�o com objeto;Com V�timas Feridas;Pleno dia;Crescente;C�u Claro;M�ltipla;Reta;Sim;2;0;1;0;0;1;1;1;-5,1279968;-42,67086983;SPRF-PI;DEL01-PI;UOP02-DEL01-PI;;;
713889;25/08/2025;segunda-feira;06:10:00;SC;101;32,5;JOINVILLE;Velocidade Incompat�vel;Tombamento;Com V�timas Feridas;Pleno dia;Crescente;Nublado;Dupla;Em Obras;N�o;1;0;1;0;0;0;1;1;-26,1914624;-48,9029632;SPRF-SC;DEL03-SC;UOP01-DEL03-SC;;;
713890;25/08/2025;segunda-feira;04:40:00;PA;10;328;SAO MIGUEL DO GUAMA;Transitar na contram�o;Colis�o frontal;Com V�timas Fatais;Amanhecer;Decrescente;C�u Claro;Simples;Reta;N�o;2;1;0;0;1;0;0;2;-1,568062;-47,507385;SPRF-PA;DEL01-PA;UOP02-DEL01-PA;;;
713891;24/08/2025;domingo;23:45:00;MG;116;626,9;SAO JOAO DO MANHUACU;Aus�ncia de rea��o do condutor;Sa�da de leito carro��vel;Sem V�timas;Anoitecer;Decrescente;C�u Claro;Simples;Reta;N�o;1;0;0;0;0;1;0;1;-20,43804641;-42,16424558;SPRF-MG;DEL07-MG;UOP02-DEL07-MG;;;
713892;25/08/2025;segunda-feira;05:00:00;MT;163;771;SORRISO;Rea��o tardia ou ineficiente do condutor;Queda de ocupante de ve�culo;Com V�timas Feridas;Amanhecer;Crescente;C�u Claro;Simples;Reta;N�o;1;0;1;0;0;0;1;1;-12,40792712;-55,62805653;SPRF-MT;DEL06-MT;UOP01-DEL06-MT;;;
713893;25/08/2025;segunda-feira;04:50:00;MG;262;351;BETIM;Animais na Pista;Atropelamento de Animal;Com V�timas Feridas;Plena Noite;Crescente;C�u Claro;Dupla;Reta;Sim;1;0;1;0;0;0;1;1;-19,98149605;-44,22872543;SPRF-MG;DEL01-MG;UOP03-DEL01-MG;;;
713895;25/08/2025;segunda-feira;07:00:00;SC;101;103,8;BALNEARIO PICARRAS;Aus�ncia de rea��o do condutor;Tombamento;Com V�timas Feridas;Pleno dia;Crescente;Nublado;Dupla;Reta;N�o;1;0;1;0;0;0;1;1;-26,78514861;-48,68265001;SPRF-SC;DEL03-SC;UOP02-DEL03-SC;;;
713896;25/08/2025;segunda-feira;07:00:00;PB;104;114,1;LAGOA SECA;Acessar a via sem observar a presen�a dos outros ve�culos;Colis�o transversal;Com V�timas Feridas;Pleno dia;Decrescente;Nublado;Simples;Reta;Sim;2;0;0;1;1;0;1;2;-7,160253;-35,856563;SPRF-PB;DEL02-PB;UOP04-DEL02-PB;;;
713897;25/08/2025;segunda-feira;07:35:00;RN;304;305,3;PARNAMIRIM;Manobra de mudan�a de faixa;Colis�o lateral mesmo sentido;Com V�timas Feridas;Pleno dia;Decrescente;C�u Claro;Dupla;Retorno Regulamentado;Sim;3;0;3;0;0;0;3;2;-5,88611709;-35,2765796;SPRF-RN;DEL01-RN;UOP02-DEL01-RN;;;
713901;24/08/2025;domingo;17:20:00;RJ;493;64;NOVA IGUACU;Avarias e/ou desgaste excessivo no pneu;Queda de ocupante de ve�culo;Com V�timas Feridas;Anoitecer;Crescente;C�u Claro;Dupla;"Declive;Curva";N�o;2;0;2;0;0;0;2;1;-22,688015;-43,437135;SPRF-RJ;DEL01-RJ;UOP03-DEL01-RJ;;;
713902;25/08/2025;segunda-feira;07:00:00;PR;116;166;QUITANDINHA;Acessar a via sem observar a presen�a dos outros ve�culos;Colis�o transversal;Com V�timas Feridas;Pleno dia;Crescente;C�u Claro;Simples;Reta;N�o;4;0;3;0;1;0;3;2;-25,874627;-49,480952;SPRF-PR;DEL01-PR;UOP03-DEL01-PR;;;
713905;25/08/2025;segunda-feira;06:40:00;RJ;116;186;NOVA IGUACU;Manobra de mudan�a de faixa;Colis�o lateral mesmo sentido;Com V�timas Feridas;Pleno dia;Decrescente;C�u Claro;Dupla;Reta;Sim;3;0;1;0;2;0;1;2;-22,73978215;-43,46429218;SPRF-RJ;DEL06-RJ;UOP01-DEL06-RJ;;;
713906;25/08/2025;segunda-feira;07:49:00;RN;101;94;NATAL;Trafegar com motocicleta (ou similar) entre as faixas;Colis�o lateral mesmo sentido;Com V�timas Feridas;Pleno dia;Crescente;C�u Claro;Dupla;Reta;Sim;4;0;1;1;2;0;2;3;-5,82887583;-35,211222;SPRF-RN;DEL01-RN;UOP01-DEL01-RN;;;
713907;25/08/2025;segunda-feira;07:55:00;PR;476;159,5;ARAUCARIA;Convers�o proibida;Colis�o transversal;Com V�timas Feridas;Pleno dia;Crescente;Nublado;Simples;"Declive;Reta";Sim;2;0;1;0;1;0;1;2;-25,6178411;-49,43475418;SPRF-PR;DEL01-PR;UOP06-DEL01-PR;;;
713908;25/08/2025;segunda-feira;05:00:00;SC;280;90;CORUPA;Aus�ncia de rea��o do condutor;Sa�da de leito carro��vel;Com V�timas Feridas;Amanhecer;Crescente;Chuva;Simples;Curva;N�o;1;0;1;0;0;0;1;1;-26,398647;-49,292613;SPRF-SC;DEL06-SC;UOP03-DEL06-SC;;;
713910;25/08/2025;segunda-feira;07:40:00;MG;381;487;BETIM;Acessar a via sem observar a presen�a dos outros ve�culos;Queda de ocupante de ve�culo;Com V�timas Feridas;Pleno dia;Decrescente;C�u Claro;Dupla;Aclive;N�o;1;0;1;0;0;0;1;1;-19,95590145;-44,11795489;SPRF-MG;DEL01-MG;UOP03-DEL01-MG;;;
713911;25/08/2025;segunda-feira;08:00:00;SC;470;66,5;INDAIAL;Transitar na contram�o;Colis�o frontal;Com V�timas Feridas;Pleno dia;Decrescente;Nublado;Simples;Reta;Sim;2;0;1;0;1;0;1;2;-26,870329;-49,226826;SPRF-SC;DEL04-SC;UOP01-DEL04-SC;;;
713913;25/08/2025;segunda-feira;06:22:00;RJ;116;139,9;MAGE;Manobra de mudan�a de faixa;Colis�o lateral mesmo sentido;Com V�timas Feridas;Amanhecer;Crescente;Nublado;Dupla;Reta;Sim;2;0;1;0;0;1;1;2;-22,659072;-43,0866432;SPRF-RJ;DEL01-RJ;UOP02-DEL01-RJ;;;
713915;25/08/2025;segunda-feira;07:15:00;RJ;40;86;PETROPOLIS;Pista Escorregadia;Colis�o lateral mesmo sentido;Com V�timas Feridas;Pleno dia;Decrescente;C�u Claro;Dupla;"Curva;Aclive";N�o;2;0;2;0;0;0;2;2;-22,563061;-43,227722;SPRF-RJ;DEL01-RJ;UOP01-DEL01-RJ;;;
713916;25/08/2025;segunda-feira;07:30:00;ES;259;60;COLATINA;Condutor desrespeitou a ilumina��o vermelha do sem�foro;Colis�o transversal;Com V�timas Feridas;Pleno dia;Crescente;C�u Claro;Simples;Reta;N�o;2;0;1;0;0;1;1;2;-19,524645;-40,673119;SPRF-ES;DEL02-ES;UOP01-DEL02-ES;;;
713917;22/06/2025;domingo;17:40:00;TO;153;121;WANDERLANDIA;Mal s�bito do condutor;Eventos at�picos;Com V�timas Fatais;Anoitecer;Decrescente;C�u Claro;M�ltipla;Reta;N�o;2;1;0;0;1;0;0;1;-7,05108875;-48,11182785;SPRF-TO;DEL02-TO;UOP01-DEL02-TO;;;
713918;25/08/2025;segunda-feira;08:50:00;PR;116;116,1;CURITIBA;Trafegar com motocicleta (ou similar) entre as faixas;Colis�o lateral mesmo sentido;Com V�timas Feridas;Pleno dia;Decrescente;Nublado;Dupla;Reta;Sim;3;0;1;0;2;0;1;2;-25,554527;-49,30558;SPRF-PR;DEL01-PR;UOP03-DEL01-PR;;;
713919;25/08/2025;segunda-feira;08:40:00;ES;101;61,6;SAO MATEUS;Acessar a via sem observar a presen�a dos outros ve�culos;Colis�o transversal;Com V�timas Feridas;Pleno dia;Decrescente;Chuva;Simples;Reta;N�o;3;0;1;0;2;0;1;2;-18,6855885;-39,8624234;SPRF-ES;DEL04-ES;UOP02-DEL04-ES;;;
713920;25/08/2025;segunda-feira;08:15:00;PI;316;27,5;DEMERVAL LOBAO;Rea��o tardia ou ineficiente do condutor;Colis�o traseira;Com V�timas Feridas;Pleno dia;Decrescente;Sol;Dupla;"Declive;Reta";N�o;2;0;1;0;1;0;1;2;-5,32303874;-42,69896418;SPRF-PI;DEL01-PI;UOP02-DEL01-PI;;;
713921;25/08/2025;segunda-feira;07:45:00;BA;101;945;MUCURI;Avarias e/ou desgaste excessivo no pneu;Tombamento;Com V�timas Feridas;Pleno dia;Crescente;C�u Claro;Simples;"Reta;Declive";N�o;2;0;2;0;0;0;2;1;-18,093327;-39,894687;SPRF-BA;DEL09-BA;UOP02-DEL09-BA;;;
713922;25/08/2025;segunda-feira;07:48:00;BA;101;924;NOVA VICOSA;Rea��o tardia ou ineficiente do condutor;Colis�o traseira;Sem V�timas;Pleno dia;Decrescente;C�u Claro;Simples;Reta;N�o;2;0;0;0;2;0;0;2;-17,907598;-39,82631;SPRF-BA;DEL09-BA;UOP02-DEL09-BA;;;
713924;25/08/2025;segunda-feira;09:20:00;RS;470;220;BENTO GONCALVES;Rea��o tardia ou ineficiente do condutor;Queda de ocupante de ve�culo;Com V�timas Feridas;Pleno dia;Decrescente;Nublado;Simples;Reta;N�o;1;0;1;0;0;0;1;1;-29,1970687;-51,5178462;SPRF-RS;DEL06-RS;UOP01-DEL06-RS;;;
713927;25/08/2025;segunda-feira;09:30:00;SC;101;191;BIGUACU;Aus�ncia de rea��o do condutor;Colis�o com objeto;Com V�timas Feridas;Pleno dia;Crescente;Chuva;Dupla;Curva;Sim;1;0;1;0;0;0;1;1;-27,477728;-48,642016;SPRF-SC;DEL01-SC;UOP01-DEL01-SC;;;
713929;25/08/2025;segunda-feira;07:43:00;RN;304;48,9;MOSSORO;Acessar a via sem observar a presen�a dos outros ve�culos;Colis�o transversal;Com V�timas Feridas;Pleno dia;Crescente;C�u Claro;Simples;"Interse��o de Vias;Retorno Regulamentado";Sim;2;0;1;0;1;0;1;2;-5,23547354;-37,31815338;SPRF-RN;DEL04-RN;UOP01-DEL04-RN;;;
713930;24/08/2025;domingo;23:00:00;MT;163;711;SORRISO;Rea��o tardia ou ineficiente do condutor;Sa�da de leito carro��vel;Com V�timas Feridas;Plena Noite;Decrescente;C�u Claro;Simples;Reta;N�o;1;0;1;0;0;0;1;1;-12,893322;-55,845193;SPRF-MT;DEL06-MT;UOP01-DEL06-MT;;;
713936;25/08/2025;segunda-feira;08:50:00;GO;153;209;URUACU;Rea��o tardia ou ineficiente do condutor;Colis�o traseira;Com V�timas Feridas;Pleno dia;Decrescente;C�u Claro;Simples;Declive;N�o;2;0;1;0;1;0;1;2;-14,61138277;-49,168627;SPRF-GO;DEL07-GO;UOP02-DEL07-GO;;;
713940;25/08/2025;segunda-feira;11:15:00;BA;324;6;FEIRA DE SANTANA;Acessar a via sem observar a presen�a dos outros ve�culos;Colis�o traseira;Com V�timas Feridas;Pleno dia;Crescente;Chuva;Dupla;Declive;Sim;2;0;1;0;1;0;1;2;-12,27746379;-38,98162025;SPRF-BA;DEL02-BA;UOP01-DEL02-BA;;;
713942;25/08/2025;segunda-feira;11:23:00;SC;101;208;SAO JOSE;Condutor deixou de manter dist�ncia do ve�culo da frente;Colis�o lateral mesmo sentido;Com V�timas Feridas;Pleno dia;Decrescente;Chuva;M�ltipla;Reta;Sim;2;0;1;0;1;0;1;2;-27,60792644;-48,63740668;SPRF-SC;DEL01-SC;UOP01-DEL01-SC;;;
713943;25/08/2025;segunda-feira;07:30:00;GO;60;5;SANTO ANTONIO DO DESCOBERTO;Acessar a via sem observar a presen�a dos outros ve�culos;Colis�o transversal;Com V�timas Feridas;Amanhecer;Crescente;C�u Claro;Dupla;"Aclive;Reta";N�o;2;0;1;0;1;0;1;2;-16,094447;-48,281657;SPRF-DF;DEL03-DF;UOP01-DEL03-DF;;;
713944;25/08/2025;segunda-feira;11:30:00;MG;381;508;SAO JOAQUIM DE BICAS;Trafegar com motocicleta (ou similar) entre as faixas;Tombamento;Com V�timas Feridas;Pleno dia;Crescente;C�u Claro;Dupla;Reta;Sim;1;0;1;0;0;0;1;1;-20,04411363;-44,27113501;SPRF-MG;DEL01-MG;UOP03-DEL01-MG;;;
713945;25/08/2025;segunda-feira;12:00:00;SC;101;118;ITAJAI;Condutor deixou de manter dist�ncia do ve�culo da frente;Colis�o lateral mesmo sentido;Com V�timas Feridas;Pleno dia;Crescente;Nublado;Dupla;Reta;Sim;2;0;1;0;1;0;1;2;-26,89913246;-48,71785853;SPRF-SC;DEL04-SC;UOP04-DEL04-SC;;;
713946;25/08/2025;segunda-feira;06:00:00;MA;222;276,5;ITAPECURU MIRIM;Condutor Dormindo;Colis�o frontal;Com V�timas Feridas;Pleno dia;Crescente;C�u Claro;Simples;Reta;N�o;5;0;2;1;2;0;3;3;-3,3937249;-44,3597809;SPRF-MA;DEL01-MA;UOP02-DEL01-MA;;;
713947;25/08/2025;segunda-feira;09:00:00;MG;459;82,6;CONGONHAL;Mal s�bito do condutor;Sa�da de leito carro��vel;Com V�timas Feridas;Pleno dia;Crescente;C�u Claro;Simples;Reta;N�o;2;0;2;0;0;0;2;1;-22,156977;-46,090878;SPRF-MG;DEL09-MG;UOP01-DEL09-MG;;;
713949;09/08/2025;s�bado;19:05:00;RJ;493;120;MAGE;Transitar na contram�o;Colis�o lateral sentido oposto;Sem V�timas;Plena Noite;Crescente;C�u Claro;Simples;Reta;N�o;2;0;0;0;1;1;0;2;-22,66364653;-43,03349867;SPRF-RJ;DEL03-RJ;UOP01-DEL03-RJ;;;
713950;24/08/2025;domingo;03:50:00;PR;369;156;LONDRINA;Velocidade Incompat�vel;Engavetamento;Sem V�timas;Plena Noite;Decrescente;C�u Claro;Dupla;Reta;Sim;5;0;0;0;5;0;0;3;-23,292;-51,217;SPRF-PR;DEL07-PR;UOP01-DEL07-PR;;;
713951;25/08/2025;segunda-feira;09:00:00;PR;163;155;SANTA LUCIA;Pista Escorregadia;Capotamento;Com V�timas Feridas;Pleno dia;Decrescente;Nevoeiro/Neblina;Dupla;Reta;N�o;1;0;1;0;0;0;1;1;-25,39943333;-53,57616216;SPRF-PR;DEL05-PR;UOP05-DEL05-PR;;;
713953;25/08/2025;segunda-feira;12:30:00;PR;277;2;CURITIBA;Acessar a via sem observar a presen�a dos outros ve�culos;Colis�o traseira;Com V�timas Feridas;Pleno dia;Crescente;Nublado;Dupla;"Aclive;Reta";Sim;2;0;1;0;1;0;1;2;-25,430148;-49,344675;SPRF-PR;DEL01-PR;UOP06-DEL01-PR;;;
713954;25/08/2025;segunda-feira;12:07:00;BA;324;512;FEIRA DE SANTANA;Acesso irregular;Colis�o transversal;Com V�timas Feridas;Pleno dia;Crescente;Nublado;Simples;Reta;Sim;2;0;0;1;1;0;1;2;-12,2315;-38,9576;SPRF-BA;DEL02-BA;UOP01-DEL02-BA;;;
713957;25/08/2025;segunda-feira;12:15:00;BA;324;571;SAO SEBASTIAO DO PASSE;Aus�ncia de rea��o do condutor;Tombamento;Com V�timas Feridas;Pleno dia;Crescente;Chuva;Dupla;Reta;N�o;3;0;1;0;2;0;1;1;-12,558732;-38,564267;SPRF-BA;DEL01-BA;UOP01-DEL01-BA;;;
713959;24/08/2025;domingo;22:45:00;CE;403;8,5;ACARAU;Transitar na contram�o;Colis�o frontal;Com V�timas Fatais;Plena Noite;Decrescente;C�u Claro;Simples;Reta;Sim;2;1;0;0;0;1;0;2;-2,9626325;-40,12431605;SPRF-CE;DEL01-CE;UOP03-DEL01-CE;;;
713960;25/08/2025;segunda-feira;13:00:00;PR;277;451,5;LARANJEIRAS DO SUL;Desrespeitar a prefer�ncia no cruzamento;Colis�o transversal;Com V�timas Feridas;Pleno dia;Crescente;Sol;Simples;Interse��o de Vias;N�o;5;0;3;1;1;0;4;2;-25,37442958;-52,38870263;SPRF-PR;DEL04-PR;UOP02-DEL04-PR;;;
713961;25/08/2025;segunda-feira;13:25:00;SP;116;448,2;REGISTRO;Acessar a via sem observar a presen�a dos outros ve�culos;Colis�o lateral mesmo sentido;Sem V�timas;Pleno dia;Crescente;Nublado;Dupla;Reta;Sim;2;0;0;0;2;0;0;2;-24,52520219;-47,85511494;SPRF-SP;DEL05-SP;UOP01-DEL05-SP;;;
713965;24/08/2025;domingo;23:00:00;BA;101;580;CAMACAN;Animais na Pista;Atropelamento de Animal;Com V�timas Feridas;Plena Noite;Crescente;C�u Claro;Simples;Curva;N�o;2;0;2;0;0;0;2;1;-15,36820564;-39,49593186;SPRF-BA;DEL05-BA;UOP02-DEL05-BA;;;
713967;25/08/2025;segunda-feira;13:05:00;MG;50;116;UBERABA;Aus�ncia de rea��o do condutor;Colis�o traseira;Com V�timas Feridas;Pleno dia;Decrescente;C�u Claro;Dupla;Reta;N�o;2;0;1;0;1;0;1;2;-19,28359;-48,12084;SPRF-MG;DEL13-MG;UOP01-DEL13-MG;;;
713968;25/08/2025;segunda-feira;14:10:00;ES;101;67;SAO MATEUS;Acessar a via sem observar a presen�a dos outros ve�culos;Colis�o transversal;Com V�timas Feridas;Pleno dia;Decrescente;C�u Claro;Simples;Reta;Sim;2;0;1;0;1;0;1;2;-18,722629;-39,862337;SPRF-ES;DEL04-ES;UOP02-DEL04-ES;;;
713970;25/08/2025;segunda-feira;14:40:00;SC;470;67,6;INDAIAL;Desrespeitar a prefer�ncia no cruzamento;Colis�o transversal;Com V�timas Feridas;Pleno dia;Decrescente;C�u Claro;Dupla;"Viaduto;Interse��o de Vias";N�o;2;0;1;0;1;0;1;2;-26,87514;-49,23566;SPRF-SC;DEL04-SC;UOP01-DEL04-SC;;;
713972;25/08/2025;segunda-feira;14:30:00;MG;40;528;CONTAGEM;Condutor Dormindo;Colis�o traseira;Com V�timas Feridas;Pleno dia;Decrescente;C�u Claro;Dupla;"Reta;Declive";Sim;3;0;1;0;2;0;1;2;-19,91009231;-44,04418945;SPRF-MG;DEL01-MG;UOP02-DEL01-MG;;;
713974;25/08/2025;segunda-feira;13:30:00;RO;364;345,4;JI-PARANA;Acessar a via sem observar a presen�a dos outros ve�culos;Colis�o lateral mesmo sentido;Com V�timas Feridas;Pleno dia;Decrescente;C�u Claro;Dupla;"Curva;Interse��o de Vias";Sim;3;0;1;0;2;0;1;2;-10,8752619;-61,94950238;SPRF-RO;DEL02-RO;UOP01-DEL02-RO;;;
713975;25/08/2025;segunda-feira;13:45:00;MT;364;216;RONDONOPOLIS;Rea��o tardia ou ineficiente do condutor;Capotamento;Com V�timas Feridas;Pleno dia;Crescente;C�u Claro;Dupla;Reta;N�o;2;0;2;0;0;0;2;1;-16,37850561;-54,7150777;SPRF-MT;DEL02-MT;UOP01-DEL02-MT;;;
713977;25/08/2025;segunda-feira;15:00:00;MS;60;142;CAMAPUA;Aus�ncia de rea��o do condutor;Tombamento;Com V�timas Feridas;Pleno dia;Crescente;C�u Claro;Simples;Reta;N�o;2;0;1;0;0;1;1;2;-19,39876353;-53,63405228;SPRF-MS;DEL06-MS;UOP02-DEL06-MS;;;
713980;25/08/2025;segunda-feira;16:00:00;PR;277;122;CAMPO LARGO;Rea��o tardia ou ineficiente do condutor;Sa�da de leito carro��vel;Com V�timas Feridas;Pleno dia;Crescente;Nublado;Dupla;"Reta;Retorno Regulamentado";Sim;1;0;1;0;0;0;1;1;-25,44392282;-49,50365491;SPRF-PR;DEL03-PR;UOP03-DEL03-PR;;;
713982;25/08/2025;segunda-feira;16:00:00;PE;101;66;RECIFE;Manobra de mudan�a de faixa;Colis�o lateral mesmo sentido;Com V�timas Feridas;Pleno dia;Crescente;C�u Claro;Dupla;"Reta;Interse��o de Vias";Sim;2;0;0;1;1;0;1;2;-8,04199315;-34,94321672;SPRF-PE;DEL01-PE;UOP01-DEL01-PE;;;
713983;25/08/2025;segunda-feira;15:30:00;SP;116;445;REGISTRO;Acessar a via sem observar a presen�a dos outros ve�culos;Colis�o lateral mesmo sentido;Com V�timas Feridas;Pleno dia;Decrescente;Garoa/Chuvisco;Dupla;Reta;Sim;2;0;1;0;1;0;1;2;-24,49954801;-47,84428954;SPRF-SP;DEL05-SP;UOP01-DEL05-SP;;;
713984;07/07/2025;segunda-feira;06:30:00;PB;230;253;JUAZEIRINHO;Acessar a via sem observar a presen�a dos outros ve�culos;Colis�o transversal;Com V�timas Feridas;Pleno dia;Crescente;C�u Claro;Simples;Reta;Sim;2;0;0;1;1;0;1;2;-7,02685;-36,66806;SPRF-PB;DEL03-PB;UOP01-DEL03-PB;;;
713985;25/08/2025;segunda-feira;13:30:00;RJ;101;399,1;ITAGUAI;Avarias e/ou desgaste excessivo no pneu;Queda de ocupante de ve�culo;Com V�timas Feridas;Pleno dia;Crescente;Nublado;Dupla;Reta;Sim;2;0;2;0;0;0;2;1;-22,85814379;-43,76024008;SPRF-RJ;DEL03-RJ;UOP01-DEL03-RJ;;;
713987;25/08/2025;segunda-feira;17:05:00;SC;101;214,4;PALHOCA;Manobra de mudan�a de faixa;Tombamento;Com V�timas Feridas;Pleno dia;Decrescente;Nublado;Dupla;Reta;Sim;2;0;0;1;0;1;1;2;-27,648155;-48,672868;SPRF-SC;DEL01-SC;UOP02-DEL01-SC;;;
713990;25/08/2025;segunda-feira;14:40:00;RO;364;422;JARU;Acesso irregular;Colis�o transversal;Com V�timas Feridas;Pleno dia;Decrescente;C�u Claro;Dupla;"Reta;Interse��o de Vias";Sim;4;0;2;1;1;0;3;2;-10,457663;-62,457394;SPRF-RO;DEL03-RO;UOP02-DEL03-RO;;;
713991;25/08/2025;segunda-feira;08:50:00;RJ;116;99;GUAPIMIRIM;Condutor Dormindo;Colis�o lateral sentido oposto;Com V�timas Feridas;Pleno dia;Crescente;C�u Claro;Simples;Declive;N�o;4;0;2;0;2;0;2;2;-22,48851;-42,99935;SPRF-RJ;DEL04-RJ;UOP01-DEL04-RJ;;;
713993;24/07/2025;quinta-feira;14:45:00;SC;282;603,9;MARAVILHA;Velocidade Incompat�vel;Colis�o lateral mesmo sentido;Sem V�timas;Pleno dia;Crescente;Nublado;Simples;Aclive;N�o;2;0;0;0;2;0;0;2;-26,79342864;-53,19395542;SPRF-SC;DEL07-SC;UOP02-DEL07-SC;;;
713994;25/08/2025;segunda-feira;15:20:00;RO;364;561;ALTO PARAISO;Manobra de mudan�a de faixa;Colis�o lateral mesmo sentido;Sem V�timas;Pleno dia;Crescente;C�u Claro;Simples;Reta;N�o;9;0;0;0;9;0;0;3;-9,57553713;-63,07429645;SPRF-RO;DEL01-RO;UOP04-DEL01-RO;;;
713996;25/08/2025;segunda-feira;14:40:00;MT;163;834,8;SINOP;Ultrapassagem Indevida;Colis�o lateral mesmo sentido;Com V�timas Feridas;Pleno dia;Crescente;C�u Claro;Dupla;Reta;Sim;2;0;0;1;1;0;1;2;-11,86408456;-55,49601026;SPRF-MT;DEL06-MT;UOP02-DEL06-MT;;;
713997;25/08/2025;segunda-feira;11:00:00;MT;0;0;SANTO ANTONIO DO LEVERGER;Rea��o tardia ou ineficiente do condutor;Queda de ocupante de ve�culo;Com V�timas Feridas;Pleno dia;N�o Informado;Sol;Simples;Reta;Sim;1;0;1;0;0;0;1;1;-15,77746166;-56,06804423;SPRF-MT;DEL01-MT;UOP01-DEL01-MT;;;
714002;25/08/2025;segunda-feira;18:40:00;SC;101;118,2;ITAJAI;Animais na Pista;Atropelamento de Animal;Com V�timas Feridas;Plena Noite;Crescente;Nublado;Dupla;"Reta;Interse��o de Vias";Sim;1;0;0;1;0;0;1;1;-26,89984573;-48,71757388;SPRF-SC;DEL04-SC;UOP04-DEL04-SC;;;
714005;25/08/2025;segunda-feira;17:40:00;RO;364;705;PORTO VELHO;Acessar a via sem observar a presen�a dos outros ve�culos;Colis�o lateral mesmo sentido;Com V�timas Feridas;Anoitecer;Decrescente;C�u Claro;Dupla;"Interse��o de Vias;Reta";Sim;2;0;1;0;1;0;1;2;-8,800495;-63,817388;SPRF-RO;DEL01-RO;UOP01-DEL01-RO;;;
714006;25/08/2025;segunda-feira;19:20:00;RS;386;366,2;FAZENDA VILANOVA;Acessar a via sem observar a presen�a dos outros ve�culos;Colis�o traseira;Sem V�timas;Plena Noite;Decrescente;Nublado;Dupla;Curva;N�o;2;0;0;0;2;0;0;2;-29,57418169;-51,84946982;SPRF-RS;DEL04-RS;UOP01-DEL04-RS;;;
714008;25/08/2025;segunda-feira;19:25:00;ES;393;2;CACHOEIRO DE ITAPEMIRIM;Acessar a via sem observar a presen�a dos outros ve�culos;Colis�o transversal;Com V�timas Feridas;Plena Noite;Crescente;C�u Claro;Simples;Reta;Sim;2;0;2;0;0;0;2;1;-20,8325661;-41,1763491;SPRF-ES;DEL03-ES;UOP02-DEL03-ES;;;
714009;25/08/2025;segunda-feira;18:50:00;PE;101;43;IGARASSU;Acessar a via sem observar a presen�a dos outros ve�culos;Colis�o transversal;Com V�timas Feridas;Plena Noite;Crescente;C�u Claro;Simples;Reta;N�o;2;0;0;1;1;0;1;2;-7,8443214;-34,9103518;SPRF-PE;DEL01-PE;UOP02-DEL01-PE;;;
714010;25/08/2025;segunda-feira;18:20:00;PR;116;93;SAO JOSE DOS PINHAIS;Ingest�o de �lcool pelo condutor;Engavetamento;Sem V�timas;Plena Noite;Decrescente;Nublado;Dupla;Reta;N�o;3;0;0;0;3;0;0;3;-25,514022;-49,12965;SPRF-PR;DEL01-PR;UOP07-DEL01-PR;;;
714011;25/08/2025;segunda-feira;19:10:00;RS;158;333;SANTA MARIA;Rea��o tardia ou ineficiente do condutor;Atropelamento de Pedestre;Com V�timas Feridas;Plena Noite;Crescente;C�u Claro;Dupla;Rotat�ria;Sim;2;0;1;0;1;0;1;2;-29,70635147;-53,85009734;SPRF-RS;DEL09-RS;UOP01-DEL09-RS;;;
714012;25/08/2025;segunda-feira;18:00:00;MG;116;523,4;CARATINGA;Transitar no Acostamento;Colis�o traseira;Com V�timas Feridas;Anoitecer;Decrescente;C�u Claro;Simples;Curva;Sim;3;0;1;0;1;1;1;3;-19,758486;-42,134067;SPRF-MG;DEL06-MG;UOP02-DEL06-MG;;;
714013;25/08/2025;segunda-feira;16:16:00;SE;101;150;ESTANCIA;Pista Escorregadia;Queda de ocupante de ve�culo;Com V�timas Feridas;Pleno dia;Crescente;Nublado;Simples;Declive;Sim;2;0;2;0;0;0;2;1;-11,25942527;-37,44095242;SPRF-SE;DEL02-SE;UOP01-DEL02-SE;;;
714014;25/08/2025;segunda-feira;19:30:00;PR;369;139,6;IBIPORA;Ultrapassagem Indevida;Colis�o frontal;Com V�timas Feridas;Plena Noite;Decrescente;Nublado;Simples;Reta;Sim;2;0;0;2;0;0;2;2;-23,277439;-51,063998;SPRF-PR;DEL07-PR;UOP01-DEL07-PR;;;