id;data_inversa;dia_semana;horario;uf;br;km;municipio;causa_acidente;tipo_acidente;classificacao_acidente;fase_dia;sentido_via;condicao_metereologica;tipo_pista;tracado_via;uso_solo;pessoas;mortos;feridos_leves;feridos_graves;ilesos;ignorados;feridos;veiculos;latitude;longitude;regional;delegacia;uop;;;
714015;25/08/2025;segunda-feira;19:30:00;GO;153;426;ANAPOLIS;Demais falhas mec�nicas ou el�tricas;Queda de ocupante de ve�culo;Com V�timas Feridas;Plena Noite;Crescente;C�u Claro;Dupla;Reta;Sim;1;0;0;1;0;0;1;1;-16,252;-48,994;SPRF-GO;DEL02-GO;UOP01-DEL02-GO;;;
714016;25/08/2025;segunda-feira;18:45:00;GO;153;438;ANAPOLIS;Condutor deixou de manter dist�ncia do ve�culo da frente;Colis�o traseira;Com V�timas Feridas;Plena Noite;Crescente;C�u Claro;Dupla;"Aclive;Em Obras;Reta";Sim;2;0;1;0;1;0;1;2;-16,31275777;-48,92200023;SPRF-GO;DEL02-GO;UOP01-DEL02-GO;;;
714017;25/08/2025;segunda-feira;19:20:00;RS;116;501,6;PELOTAS;Aus�ncia de rea��o do condutor;Colis�o com objeto;Sem V�timas;Plena Noite;Crescente;C�u Claro;Dupla;"Reta;Em Obras;Desvio Tempor�rio";N�o;1;0;0;0;1;0;0;1;-31,566458;-52,25749;SPRF-RS;DEL07-RS;UOP01-DEL07-RS;;;
714018;25/08/2025;segunda-feira;17:25:00;RJ;0;0;SEROPEDICA;Transitar na contram�o;Colis�o frontal;Com V�timas Feridas;Anoitecer;N�o Informado;C�u Claro;Simples;Reta;N�o;2;0;1;0;1;0;1;2;-22,801898;-43,790146;SPRF-RJ;DEL01-RJ;UOP03-DEL01-RJ;;;
714020;25/08/2025;segunda-feira;19:50:00;MG;381;677;PERDOES;Acessar a via sem observar a presen�a dos outros ve�culos;Atropelamento de Pedestre;Com V�timas Feridas;Plena Noite;Decrescente;C�u Claro;Dupla;Reta;Sim;5;0;0;1;4;0;1;2;-21,102446;-45,08772;SPRF-MG;DEL04-MG;UOP02-DEL04-MG;;;
714021;25/08/2025;segunda-feira;16:15:00;PI;343;594;FLORIANO;Condutor deixou de manter dist�ncia do ve�culo da frente;Colis�o traseira;Com V�timas Feridas;Pleno dia;Crescente;C�u Claro;Simples;"Interse��o de Vias;Reta";Sim;2;0;1;0;1;0;1;2;-6,78769401;-43,04406881;SPRF-PI;DEL03-PI;UOP01-DEL03-PI;;;
714023;25/08/2025;segunda-feira;18:30:00;SP;116;145;SAO JOSE DOS CAMPOS;Avarias e/ou desgaste excessivo no pneu;Tombamento;Com V�timas Feridas;Plena Noite;Decrescente;C�u Claro;Dupla;Reta;N�o;2;0;2;0;0;0;2;1;-23,20489043;-45,81705987;SPRF-SP;DEL02-SP;UOP01-DEL02-SP;;;
714024;25/08/2025;segunda-feira;20:10:00;ES;101;260,5;SERRA;Convers�o proibida;Colis�o transversal;Com V�timas Feridas;Plena Noite;Decrescente;C�u Claro;M�ltipla;Reta;N�o;2;0;1;0;0;1;1;2;-20,1464868;-40,2822158;SPRF-ES;DEL02-ES;UOP01-DEL02-ES;;;
714025;25/08/2025;segunda-feira;18:55:00;RJ;465;5;SEROPEDICA;Rea��o tardia ou ineficiente do condutor;Colis�o transversal;Com V�timas Feridas;Plena Noite;Decrescente;C�u Claro;Simples;Reta;Sim;2;0;0;1;1;0;1;2;-22,74709718;-43,69954652;SPRF-RJ;DEL06-RJ;UOP02-DEL06-RJ;;;
714026;25/08/2025;segunda-feira;19:30:00;PR;158;521,4;PATO BRANCO;Demais falhas mec�nicas ou el�tricas;Inc�ndio;Sem V�timas;Plena Noite;Decrescente;Nublado;Simples;"Curva;Aclive";N�o;1;0;0;0;1;0;0;1;-26,11536938;-52,63961792;SPRF-PR;DEL02-PR;UOP01-DEL02-PR;;;
714028;25/08/2025;segunda-feira;19:40:00;MG;116;701,9;MURIAE;Desrespeitar a prefer�ncia no cruzamento;Colis�o transversal;Com V�timas Feridas;Plena Noite;Decrescente;C�u Claro;Simples;Interse��o de Vias;Sim;2;0;1;1;0;0;2;2;-21,12169916;-42,3797879;SPRF-MG;DEL07-MG;UOP02-DEL07-MG;;;
714029;25/08/2025;segunda-feira;17:17:00;MA;330;11;BALSAS;Manobra de mudan�a de faixa;Colis�o lateral sentido oposto;Com V�timas Feridas;Anoitecer;Decrescente;C�u Claro;Simples;Curva;Sim;2;0;0;1;1;0;1;2;-7,60442;-46,003086;SPRF-MA;DEL05-MA;UOP01-DEL05-MA;;;
714030;25/08/2025;segunda-feira;18:30:00;RJ;356;126;CAMPOS DOS GOYTACAZES;Aus�ncia de rea��o do condutor;Colis�o lateral mesmo sentido;Com V�timas Feridas;Plena Noite;Decrescente;Garoa/Chuvisco;Simples;Reta;N�o;4;0;2;0;2;0;2;3;-21,83583971;-41,42097321;SPRF-RJ;DEL08-RJ;UOP01-DEL08-RJ;;;
714031;25/08/2025;segunda-feira;20:30:00;ES;101;390;RIO NOVO DO SUL;Demais falhas na via;Queda de ocupante de ve�culo;Com V�timas Feridas;Plena Noite;Crescente;C�u Claro;Simples;Reta;N�o;2;0;2;0;0;0;2;1;-20,86651131;-40,89935303;SPRF-ES;DEL03-ES;UOP02-DEL03-ES;;;
714032;25/08/2025;segunda-feira;17:46:00;BA;410;4;RIBEIRA DO POMBAL;Demais falhas mec�nicas ou el�tricas;Tombamento;Com V�timas Feridas;Plena Noite;Decrescente;C�u Claro;Simples;Reta;N�o;2;0;1;0;1;0;1;1;-10,84545352;-38,57861138;SPRF-BA;DEL07-BA;UOP02-DEL07-BA;;;
714034;25/08/2025;segunda-feira;20:30:00;PR;277;77;SAO JOSE DOS PINHAIS;Rea��o tardia ou ineficiente do condutor;Atropelamento de Pedestre;Com V�timas Feridas;Plena Noite;Crescente;Nevoeiro/Neblina;Dupla;Reta;Sim;2;0;0;1;1;0;1;2;-25,48620531;-49,18405294;SPRF-PR;DEL01-PR;UOP07-DEL01-PR;;;
714035;15/08/2025;sexta-feira;23:50:00;PI;230;195,7;OEIRAS;Convers�o proibida;Colis�o transversal;Com V�timas Feridas;Plena Noite;Decrescente;C�u Claro;Simples;Curva;Sim;2;0;1;0;1;0;1;2;-7,00941914;-42,12726831;SPRF-PI;DEL04-PI;UOP01-DEL04-PI;;;
714036;25/08/2025;segunda-feira;21:20:00;BA;324;517;FEIRA DE SANTANA;Acesso irregular;Colis�o transversal;Com V�timas Feridas;Plena Noite;Decrescente;Nublado;M�ltipla;Reta;Sim;2;0;1;0;1;0;1;2;-12,25951771;-38,93210793;SPRF-BA;DEL02-BA;UOP01-DEL02-BA;;;
714037;25/08/2025;segunda-feira;19:48:00;SC;101;206,8;SAO JOSE;Condutor deixou de manter dist�ncia do ve�culo da frente;Colis�o com objeto;Com V�timas Feridas;Plena Noite;Crescente;Chuva;M�ltipla;Reta;Sim;2;0;1;0;1;0;1;1;-27,594951;-48,619231;SPRF-SC;DEL01-SC;UOP01-DEL01-SC;;;
714038;25/08/2025;segunda-feira;19:50:00;SC;282;340;CAMPOS NOVOS;Rea��o tardia ou ineficiente do condutor;Tombamento;Com V�timas Feridas;Plena Noite;Decrescente;C�u Claro;Simples;Reta;Sim;1;0;1;0;0;0;1;1;-27,39200267;-51,19823849;SPRF-SC;DEL07-SC;UOP06-DEL07-SC;;;
714039;25/08/2025;segunda-feira;18:20:00;PR;163;142;CAPITAO LEONIDAS MARQUES;Velocidade Incompat�vel;Sa�da de leito carro��vel;Com V�timas Feridas;Plena Noite;Crescente;Nevoeiro/Neblina;Dupla;Curva;N�o;1;0;1;0;0;0;1;1;-25,45795748;-53,58322844;SPRF-PR;DEL05-PR;UOP05-DEL05-PR;;;
714042;25/08/2025;segunda-feira;22:20:00;SP;116;208;GUARULHOS;Acumulo de areia ou detritos sobre o pavimento;Tombamento;Com V�timas Feridas;Plena Noite;Decrescente;Nublado;Dupla;Interse��o de Vias;Sim;1;0;1;0;0;0;1;1;-23,42256;-46,394227;SPRF-SP;DEL01-SP;UOP01-DEL01-SP;;;
714043;25/08/2025;segunda-feira;21:15:00;BA;116;831,6;VITORIA DA CONQUISTA;Rea��o tardia ou ineficiente do condutor;Queda de ocupante de ve�culo;Com V�timas Feridas;Plena Noite;Crescente;Nevoeiro/Neblina;Simples;Reta;N�o;3;0;1;1;1;0;2;2;-14,92170324;-40,88157117;SPRF-BA;DEL08-BA;UOP01-DEL08-BA;;;
714044;25/08/2025;segunda-feira;15:30:00;MT;70;777;CACERES;Ingest�o de �lcool pelo condutor;Sa�da de leito carro��vel;Com V�timas Feridas;Pleno dia;Crescente;C�u Claro;Simples;Reta;N�o;1;0;0;1;0;0;1;1;-16,14772;-58,01173;SPRF-MT;DEL03-MT;UOP01-DEL03-MT;;;
714045;25/08/2025;segunda-feira;22:35:00;RJ;101;384;RIO DE JANEIRO;Manobra de mudan�a de faixa;Colis�o traseira;Com V�timas Feridas;Plena Noite;Decrescente;Garoa/Chuvisco;M�ltipla;Reta;Sim;2;0;0;1;1;0;1;2;-22,87618168;-43,61305118;SPRF-RJ;DEL03-RJ;UOP01-DEL03-RJ;;;
714046;25/08/2025;segunda-feira;18:30:00;PR;373;171,9;PONTA GROSSA;Condutor Dormindo;Colis�o com objeto;Com V�timas Feridas;Anoitecer;Decrescente;C�u Claro;Dupla;Curva;Sim;2;0;1;1;0;0;2;1;-25,08168198;-50,19007123;SPRF-PR;DEL03-PR;UOP01-DEL03-PR;;;
714047;25/08/2025;segunda-feira;21:50:00;GO;153;505,1;APARECIDA DE GOIANIA;Objeto est�tico sobre o leito carro��vel;Colis�o traseira;Com V�timas Feridas;Plena Noite;Crescente;C�u Claro;M�ltipla;"Reta;Declive";Sim;2;0;1;0;1;0;1;2;-16,74574191;-49,24083895;SPRF-GO;DEL01-GO;UOP01-DEL01-GO;;;
714048;25/08/2025;segunda-feira;19:15:00;MT;70;556;NOSSA SENHORA DO LIVRAMENTO;Acessar a via sem observar a presen�a dos outros ve�culos;Colis�o transversal;Com V�timas Feridas;Plena Noite;Crescente;C�u Claro;Simples;Curva;N�o;1;0;1;0;0;0;1;1;-15,67370091;-56,34166718;SPRF-MT;DEL03-MT;UOP02-DEL03-MT;;;
714049;25/08/2025;segunda-feira;19:20:00;BA;324;442;RIACHAO DO JACUIPE;Transitar na contram�o;Colis�o frontal;Com V�timas Feridas;Plena Noite;Crescente;Chuva;Simples;Reta;Sim;2;0;1;1;0;0;2;2;-11,83029;-39,36032;SPRF-BA;DEL04-BA;UOP02-DEL04-BA;;;
714052;25/08/2025;segunda-feira;20:30:00;AC;317;216;XAPURI;Aus�ncia de rea��o do condutor;Colis�o com objeto;Com V�timas Fatais;Plena Noite;Decrescente;C�u Claro;Simples;Curva;N�o;1;1;0;0;0;0;0;1;-10,59000232;-67,97625108;SPRF-AC;DEL01-AC;UOP02-DEL01-AC;;;
714053;26/08/2025;ter�a-feira;00:25:00;MG;381;494,5;BETIM;Aus�ncia de rea��o do condutor;Colis�o com objeto;Sem V�timas;Plena Noite;Decrescente;C�u Claro;Dupla;"Reta;Viaduto";N�o;2;0;0;0;2;0;0;1;-19,9662388;-44,17820401;SPRF-MG;DEL01-MG;UOP03-DEL01-MG;;;
714056;26/08/2025;ter�a-feira;01:30:00;MG;365;738,3;ITUIUTABA;Condutor Dormindo;Sa�da de leito carro��vel;Sem V�timas;Plena Noite;Decrescente;C�u Claro;Simples;"Aclive;Reta";N�o;1;0;0;0;0;1;0;1;-18,91012042;-49,3568817;SPRF-MG;DEL15-MG;UOP03-DEL15-MG;;;
714058;26/08/2025;ter�a-feira;02:30:00;CE;116;232,9;ALTO SANTO;Pedestre - Ingest�o de �lcool/ subst�ncias psicoativas;Atropelamento de Pedestre;Com V�timas Fatais;Plena Noite;Crescente;C�u Claro;Simples;Reta;N�o;2;1;0;0;0;1;0;2;-5,414824;-38,276568;SPRF-CE;DEL03-CE;UOP01-DEL03-CE;;;
714062;26/08/2025;ter�a-feira;06:00:00;PE;101;66,3;RECIFE;Rea��o tardia ou ineficiente do condutor;Colis�o lateral mesmo sentido;Com V�timas Feridas;Pleno dia;Crescente;C�u Claro;Dupla;Reta;N�o;3;0;2;0;1;0;2;2;-8,03624;-34,94137;SPRF-PE;DEL01-PE;UOP01-DEL01-PE;;;
714065;26/08/2025;ter�a-feira;06:15:00;MG;381;350;JOAO MONLEVADE;Mal s�bito do condutor;Colis�o frontal;Com V�timas Feridas;Pleno dia;Decrescente;C�u Claro;Simples;Reta;Sim;2;0;1;0;1;0;1;2;-19,8307628;-43,1759175;SPRF-MG;DEL03-MG;UOP01-DEL03-MG;;;
714066;26/08/2025;ter�a-feira;06:15:00;PE;428;178,7;PETROLINA;Acessar a via sem observar a presen�a dos outros ve�culos;Colis�o transversal;Com V�timas Feridas;Pleno dia;Decrescente;C�u Claro;Simples;Reta;N�o;2;0;1;0;1;0;1;2;-9,29299638;-40,44606876;SPRF-PE;DEL06-PE;UOP01-DEL06-PE;;;
714068;26/08/2025;ter�a-feira;06:15:00;PR;277;633;CEU AZUL;Restri��o de visibilidade em curvas horizontais;Colis�o com objeto;Com V�timas Feridas;Amanhecer;Decrescente;Nevoeiro/Neblina;Simples;Interse��o de Vias;Sim;1;0;1;0;0;0;1;1;-25,12573699;-53,81842582;SPRF-PR;DEL05-PR;UOP02-DEL05-PR;;;
714070;26/08/2025;ter�a-feira;06:15:00;PR;116;116;CURITIBA;Trafegar com motocicleta (ou similar) entre as faixas;Tombamento;Com V�timas Feridas;Pleno dia;Crescente;C�u Claro;Dupla;Reta;Sim;2;0;1;0;1;0;1;2;-25,55591564;-49,30597544;SPRF-PR;DEL01-PR;UOP03-DEL01-PR;;;
714071;26/08/2025;ter�a-feira;07:10:00;RS;386;347,9;LAJEADO;Acessar a via sem observar a presen�a dos outros ve�culos;Colis�o lateral mesmo sentido;Com V�timas Feridas;Pleno dia;Crescente;Nublado;M�ltipla;"Reta;Interse��o de Vias";Sim;3;0;2;0;1;0;2;2;-29,4546063;-51,96039526;SPRF-RS;DEL04-RS;UOP01-DEL04-RS;;;
714072;26/08/2025;ter�a-feira;07:25:00;GO;40;7;VALPARAISO DE GOIAS;Condutor deixou de manter dist�ncia do ve�culo da frente;Colis�o traseira;Sem V�timas;Pleno dia;Decrescente;C�u Claro;Dupla;Reta;Sim;3;0;0;0;3;0;0;3;-16,112045;-47,969953;SPRF-DF;DEL01-DF;UOP01-DEL01-DF;;;
714073;25/08/2025;segunda-feira;15:12:00;SP;153;61,9;SAO JOSE DO RIO PRETO;Condutor deixou de manter dist�ncia do ve�culo da frente;Colis�o traseira;Sem V�timas;Pleno dia;Crescente;C�u Claro;Dupla;"Reta;Aclive";N�o;2;0;0;0;1;1;0;2;-20,8549462;-49,404762;SPRF-SP;DEL09-SP;UOP01-DEL09-SP;;;
714076;26/08/2025;ter�a-feira;06:45:00;DF;70;9;BRASILIA;Manobra de mudan�a de faixa;Colis�o lateral mesmo sentido;Com V�timas Feridas;Pleno dia;Decrescente;C�u Claro;Dupla;Reta;N�o;4;0;1;0;3;0;1;2;-15,78629;-48,137122;SPRF-DF;DEL03-DF;UOP02-DEL03-DF;;;
714078;26/08/2025;ter�a-feira;06:45:00;SP;116;199;ARUJA;Manobra de mudan�a de faixa;Colis�o lateral mesmo sentido;Com V�timas Feridas;Amanhecer;Crescente;Nublado;Dupla;Reta;Sim;2;0;0;1;0;1;1;2;-23,40322275;-46,31556451;SPRF-SP;DEL01-SP;UOP01-DEL01-SP;;;
714079;26/08/2025;ter�a-feira;07:40:00;SP;116;147,1;SAO JOSE DOS CAMPOS;Aus�ncia de rea��o do condutor;Tombamento;Com V�timas Feridas;Pleno dia;Decrescente;Nublado;M�ltipla;Reta;Sim;1;0;1;0;0;0;1;1;-23,19441294;-45,86976236;SPRF-SP;DEL02-SP;UOP01-DEL02-SP;;;
714080;26/08/2025;ter�a-feira;07:45:00;BA;324;537;AMELIA RODRIGUES;Condutor deixou de manter dist�ncia do ve�culo da frente;Colis�o traseira;Com V�timas Feridas;Pleno dia;Crescente;C�u Claro;M�ltipla;Rotat�ria;N�o;2;0;1;0;1;0;1;2;-12,37781878;-38,8024199;SPRF-BA;DEL01-BA;UOP03-DEL01-BA;;;
714081;26/08/2025;ter�a-feira;07:50:00;RN;101;113;SAO JOSE DE MIPIBU;Acessar a via sem observar a presen�a dos outros ve�culos;Colis�o lateral mesmo sentido;Com V�timas Feridas;Pleno dia;Decrescente;C�u Claro;Simples;"Reta;Declive";N�o;2;0;1;0;1;0;1;2;-5,96612423;-35,26464268;SPRF-RN;DEL01-RN;UOP01-DEL01-RN;;;
714082;26/08/2025;ter�a-feira;06:50:00;SP;116;70,5;APARECIDA;Entrada inopinada do pedestre;Colis�o traseira;Com V�timas Fatais;Pleno dia;Crescente;C�u Claro;Dupla;"Reta;Declive;Viaduto";Sim;4;1;1;0;1;1;1;3;-22,85274283;-45,22849772;SPRF-SP;DEL08-SP;UOP01-DEL08-SP;;;
714084;26/08/2025;ter�a-feira;07:45:00;PR;163;35,8;SANTO ANTONIO DO SUDOESTE;Acesso irregular;Colis�o frontal;Com V�timas Feridas;Pleno dia;Decrescente;Nublado;Simples;Rotat�ria;Sim;2;0;0;1;1;0;1;2;-26,059422;-53,719712;SPRF-PR;DEL02-PR;UOP02-DEL02-PR;;;
714085;26/08/2025;ter�a-feira;07:30:00;MG;381;934,3;EXTREMA;Ingest�o de �lcool pelo condutor;Colis�o traseira;Com V�timas Feridas;Pleno dia;Decrescente;Sol;Dupla;"Curva;Declive";N�o;2;0;1;0;1;0;1;2;-22,806279;-46,259693;SPRF-MG;DEL16-MG;UOP03-DEL16-MG;;;
714086;26/08/2025;ter�a-feira;07:40:00;GO;60;387,2;RIO VERDE;Desrespeitar a prefer�ncia no cruzamento;Colis�o traseira;Com V�timas Feridas;Pleno dia;Crescente;C�u Claro;Dupla;Retorno Regulamentado;Sim;2;0;0;1;1;0;1;2;-17,819593;-50,944247;SPRF-GO;DEL04-GO;UOP02-DEL04-GO;;;
714087;26/08/2025;ter�a-feira;07:50:00;PE;104;61,5;CARUARU;Aus�ncia de rea��o do condutor;Colis�o traseira;Com V�timas Feridas;Pleno dia;Decrescente;C�u Claro;Dupla;Reta;Sim;2;0;1;0;0;1;1;2;-8,2483;-35,97506;SPRF-PE;DEL02-PE;UOP01-DEL02-PE;;;
714090;26/08/2025;ter�a-feira;07:35:00;SP;116;162;JACAREI;Rea��o tardia ou ineficiente do condutor;Colis�o traseira;Com V�timas Feridas;Pleno dia;Decrescente;C�u Claro;Simples;"Reta;Retorno Regulamentado;Aclive";Sim;2;0;1;0;1;0;1;2;-23,279703;-45,980977;SPRF-SP;DEL02-SP;UOP01-DEL02-SP;;;
714091;26/08/2025;ter�a-feira;08:00:00;RJ;116;181;NOVA IGUACU;Aus�ncia de sinaliza��o;Colis�o lateral mesmo sentido;Com V�timas Feridas;Pleno dia;Crescente;Garoa/Chuvisco;Dupla;Interse��o de Vias;Sim;2;0;1;0;1;0;1;2;-22,75795336;-43,42923252;SPRF-RJ;DEL06-RJ;UOP01-DEL06-RJ;;;
714092;26/08/2025;ter�a-feira;07:20:00;MG;50;178;UBERABA;Manobra de mudan�a de faixa;Tombamento;Com V�timas Feridas;Pleno dia;Decrescente;C�u Claro;Dupla;Reta;Sim;2;0;1;1;0;0;2;1;-19,778827;-47,938336;SPRF-MG;DEL13-MG;UOP01-DEL13-MG;;;
714093;26/08/2025;ter�a-feira;08:06:00;PE;104;65;CARUARU;Manobra de mudan�a de faixa;Colis�o lateral mesmo sentido;Com V�timas Feridas;Pleno dia;Decrescente;C�u Claro;Simples;Reta;Sim;2;0;0;1;1;0;1;2;-8,281018;-35,981023;SPRF-PE;DEL02-PE;UOP01-DEL02-PE;;;
714096;26/08/2025;ter�a-feira;08:00:00;PR;277;79;SAO JOSE DOS PINHAIS;Aus�ncia de rea��o do condutor;Queda de ocupante de ve�culo;Com V�timas Feridas;Pleno dia;Crescente;Chuva;Dupla;"Reta;Aclive";Sim;1;0;1;0;0;0;1;1;-25,55563134;-49,02946273;SPRF-PR;DEL01-PR;UOP07-DEL01-PR;;;
714098;26/08/2025;ter�a-feira;07:20:00;RJ;465;20;NOVA IGUACU;Aus�ncia de rea��o do condutor;Colis�o transversal;Com V�timas Feridas;Pleno dia;Crescente;Garoa/Chuvisco;Simples;Reta;Sim;4;0;1;0;3;0;1;3;-22,84874209;-43,60361235;SPRF-RJ;DEL06-RJ;UOP02-DEL06-RJ;;;
714099;26/08/2025;ter�a-feira;08:50:00;SP;116;279;EMBU DAS ARTES;Trafegar com motocicleta (ou similar) entre as faixas;Tombamento;Com V�timas Feridas;Pleno dia;Crescente;Nublado;Dupla;Curva;Sim;1;0;1;0;0;0;1;1;-23,63905351;-46,83520722;SPRF-SP;DEL04-SP;UOP01-DEL04-SP;;;
714100;26/08/2025;ter�a-feira;08:10:00;PR;376;398,9;TIBAGI;Avarias e/ou desgaste excessivo no pneu;Sa�da de leito carro��vel;Com V�timas Feridas;Pleno dia;Crescente;Chuva;Dupla;"Curva;Declive";N�o;1;0;1;0;0;0;1;1;-24,538215;-50,694364;SPRF-PR;DEL03-PR;UOP02-DEL03-PR;;;
714101;26/08/2025;ter�a-feira;08:00:00;PR;369;148;LONDRINA;Ingest�o de �lcool pelo condutor;Colis�o lateral mesmo sentido;Sem V�timas;Pleno dia;Decrescente;C�u Claro;Dupla;"Curva;Interse��o de Vias";Sim;2;0;0;0;2;0;0;2;-23,29316505;-51,14576546;SPRF-PR;DEL07-PR;UOP01-DEL07-PR;;;
714102;26/08/2025;ter�a-feira;08:45:00;RN;101;97;NATAL;Acessar a via sem observar a presen�a dos outros ve�culos;Colis�o transversal;Com V�timas Feridas;Pleno dia;Decrescente;C�u Claro;Dupla;"Reta;Interse��o de Vias";N�o;2;0;1;0;1;0;1;2;-5,85911559;-35,21310059;SPRF-RN;DEL01-RN;UOP01-DEL01-RN;;;
714103;25/08/2025;segunda-feira;21:30:00;RJ;465;4;SEROPEDICA;Ingest�o de subst�ncias psicoativas pelo condutor;Queda de ocupante de ve�culo;Com V�timas Feridas;Plena Noite;Decrescente;C�u Claro;Simples;Reta;Sim;1;0;1;0;0;0;1;1;-22,7115008;-43,7223424;SPRF-RJ;DEL06-RJ;UOP02-DEL06-RJ;;;
714104;08/08/2025;sexta-feira;00:20:00;PR;277;442;LARANJEIRAS DO SUL;Velocidade Incompat�vel;Sa�da de leito carro��vel;Sem V�timas;Amanhecer;Decrescente;Chuva;Simples;"Declive;Curva";N�o;1;0;0;0;0;1;0;1;-25,3706;-52,3051;SPRF-PR;DEL04-PR;UOP02-DEL04-PR;;;
714106;26/08/2025;ter�a-feira;07:00:00;RJ;116;145;DUQUE DE CAXIAS;Rea��o tardia ou ineficiente do condutor;Engavetamento;Com V�timas Feridas;Pleno dia;Crescente;C�u Claro;Dupla;Reta;Sim;4;0;1;0;3;0;1;3;-22,664915;-43,25979;SPRF-RJ;DEL01-RJ;UOP02-DEL01-RJ;;;
714109;22/08/2025;sexta-feira;23:45:00;SC;101;207,5;SAO JOSE;Rea��o tardia ou ineficiente do condutor;Colis�o traseira;Com V�timas Feridas;Plena Noite;Crescente;Nublado;M�ltipla;Reta;Sim;2;0;1;0;0;1;1;2;-27,601827;-48,6279639;SPRF-SC;DEL01-SC;UOP01-DEL01-SC;;;
714111;26/08/2025;ter�a-feira;10:00:00;SC;101;57;ARAQUARI;Manobra de mudan�a de faixa;Colis�o com objeto;Com V�timas Feridas;Pleno dia;Crescente;Chuva;Dupla;Reta;N�o;1;0;1;0;0;0;1;1;-26,436228;-48,811661;SPRF-SC;DEL03-SC;UOP01-DEL03-SC;;;
714112;26/08/2025;ter�a-feira;09:50:00;PR;369;156;LONDRINA;Condutor deixou de manter dist�ncia do ve�culo da frente;Colis�o traseira;Com V�timas Feridas;Pleno dia;Crescente;C�u Claro;Dupla;Reta;N�o;2;0;1;0;1;0;1;2;-23,29104;-51,21684;SPRF-PR;DEL07-PR;UOP01-DEL07-PR;;;
714114;26/08/2025;ter�a-feira;10:00:00;SP;116;218;GUARULHOS;Trafegar com motocicleta (ou similar) entre as faixas;Colis�o lateral mesmo sentido;Com V�timas Feridas;Pleno dia;Crescente;Nublado;M�ltipla;"Declive;Reta";Sim;2;0;1;0;1;0;1;2;-23,45831999;-46,4821245;SPRF-SP;DEL01-SP;UOP01-DEL01-SP;;;
714116;26/08/2025;ter�a-feira;07:45:00;RO;364;729;PORTO VELHO;Aus�ncia de rea��o do condutor;Tombamento;Com V�timas Feridas;Pleno dia;Crescente;C�u Claro;Simples;Reta;N�o;1;0;0;1;0;0;1;1;-8,88671;-63,95401;SPRF-RO;DEL01-RO;UOP01-DEL01-RO;;;
714117;22/06/2025;domingo;09:55:00;TO;10;459;PALMAS;Manobra de mudan�a de faixa;Colis�o traseira;Com V�timas Feridas;Pleno dia;Crescente;C�u Claro;M�ltipla;Reta;Sim;6;0;2;1;3;0;3;2;-10,2687826;-48,3066782;SPRF-TO;DEL01-TO;UOP03-DEL01-TO;;;
714119;21/07/2025;segunda-feira;14:30:00;MT;70;180;GENERAL CARNEIRO;Animais na Pista;Sa�da de leito carro��vel;Com V�timas Feridas;Pleno dia;Decrescente;C�u Claro;Simples;Reta;N�o;1;0;0;1;0;0;1;1;-15,71724709;-53,65602493;SPRF-MT;DEL05-MT;UOP01-DEL05-MT;;;
714121;18/07/2025;sexta-feira;11:00:00;RJ;116;179;BELFORD ROXO;Trafegar com motocicleta (ou similar) entre as faixas;Colis�o lateral mesmo sentido;Sem V�timas;Pleno dia;Crescente;C�u Claro;Dupla;Reta;Sim;3;0;0;0;2;1;0;2;-22,76988989;-43,40807676;SPRF-RJ;DEL06-RJ;UOP01-DEL06-RJ;;;
714122;26/08/2025;ter�a-feira;08:30:00;RJ;495;32;PETROPOLIS;Rea��o tardia ou ineficiente do condutor;Colis�o traseira;Sem V�timas;Pleno dia;Decrescente;C�u Claro;Simples;Curva;Sim;3;0;0;0;3;0;0;3;-22,40912415;-43,10211182;SPRF-RJ;DEL05-RJ;UOP02-DEL05-RJ;;;
714123;18/07/2025;sexta-feira;21:25:00;RJ;116;181;NOVA IGUACU;Aus�ncia de rea��o do condutor;Colis�o traseira;Com V�timas Feridas;Plena Noite;Crescente;C�u Claro;Dupla;Reta;Sim;3;0;1;0;2;0;1;2;-22,76317165;-43,41953214;SPRF-RJ;DEL06-RJ;UOP01-DEL06-RJ;;;
714125;26/08/2025;ter�a-feira;08:30:00;MT;163;578,8;NOVA MUTUM;Animais na Pista;Colis�o com objeto;Com V�timas Feridas;Pleno dia;Crescente;C�u Claro;Dupla;Reta;N�o;1;0;1;0;0;0;1;1;-13,99039183;-56,09806538;SPRF-MT;DEL01-MT;UOP01-DEL01-MT;;;
714126;04/05/2025;domingo;03:10:00;TO;10;472;PALMAS;Aus�ncia de rea��o do condutor;Sa�da de leito carro��vel;Com V�timas Fatais;Plena Noite;Crescente;C�u Claro;Simples;Reta;N�o;1;1;0;0;0;0;0;1;-10,2520983;-48,264;SPRF-TO;DEL01-TO;UOP03-DEL01-TO;;;
714129;26/08/2025;ter�a-feira;09:50:00;MG;381;3,6;BETIM;Transitar no Acostamento;Colis�o traseira;Com V�timas Feridas;Pleno dia;Crescente;C�u Claro;Dupla;"Reta;Declive";N�o;2;0;2;0;0;0;2;2;-19,98643599;-44,17098659;SPRF-MG;DEL01-MG;UOP03-DEL01-MG;;;
714135;26/08/2025;ter�a-feira;11:40:00;PR;277;586,3;CASCAVEL;Desrespeitar a prefer�ncia no cruzamento;Colis�o transversal;Com V�timas Feridas;Pleno dia;Crescente;Nublado;Simples;Interse��o de Vias;N�o;2;0;1;0;1;0;1;2;-24,96693;-53,423866;SPRF-PR;DEL04-PR;UOP01-DEL04-PR;;;