id;data_inversa;dia_semana;horario;uf;br;km;municipio;causa_acidente;tipo_acidente;classificacao_acidente;fase_dia;sentido_via;condicao_metereologica;tipo_pista;tracado_via;uso_solo;pessoas;mortos;feridos_leves;feridos_graves;ilesos;ignorados;feridos;veiculos;latitude;longitude;regional;delegacia;uop;;;
714136;22/08/2025;sexta-feira;07:40:00;DF;251;50;BRASILIA;Condutor deixou de manter dist�ncia do ve�culo da frente;Colis�o transversal;Com V�timas Feridas;Pleno dia;Decrescente;C�u Claro;Simples;Reta;N�o;2;0;1;0;1;0;1;2;-15,98302338;-47,9476887;SPRF-DF;DEL01-DF;UOP01-DEL01-DF;;;
714137;26/08/2025;ter�a-feira;11:00:00;MG;40;323,8;FELIXLANDIA;Rea��o tardia ou ineficiente do condutor;Sa�da de leito carro��vel;Com V�timas Feridas;Pleno dia;Decrescente;C�u Claro;Simples;Reta;N�o;1;0;1;0;0;0;1;1;-18,52818773;-45,05548451;SPRF-MG;DEL14-MG;UOP02-DEL14-MG;;;
714140;26/08/2025;ter�a-feira;10:25:00;RO;364;666;CANDEIAS DO JAMARI;Acessar a via sem observar a presen�a dos outros ve�culos;Colis�o transversal;Sem V�timas;Pleno dia;Decrescente;C�u Claro;Dupla;"Retorno Regulamentado;Curva";N�o;3;0;0;0;1;2;0;2;-8,77741;-63,47817;SPRF-RO;DEL01-RO;UOP01-DEL01-RO;;;
714141;26/08/2025;ter�a-feira;12:45:00;RS;285;295,8;PASSO FUNDO;Aus�ncia de rea��o do condutor;Colis�o traseira;Com V�timas Feridas;Pleno dia;Decrescente;Nublado;Simples;Viaduto;N�o;2;0;1;0;1;0;1;2;-28,23098659;-52,39982542;SPRF-RS;DEL08-RS;UOP03-DEL08-RS;;;
714142;26/08/2025;ter�a-feira;12:45:00;RJ;116;99;GUAPIMIRIM;Pista Escorregadia;Sa�da de leito carro��vel;Sem V�timas;Pleno dia;Crescente;Garoa/Chuvisco;Simples;Curva;N�o;1;0;0;0;1;0;0;1;-22,48581381;-43,00049901;SPRF-RJ;DEL04-RJ;UOP01-DEL04-RJ;;;
714143;26/08/2025;ter�a-feira;10:40:00;MG;116;367;FREI INOCENCIO;Transitar na contram�o;Colis�o frontal;Com V�timas Feridas;Pleno dia;Decrescente;C�u Claro;Simples;Reta;N�o;3;0;1;0;2;0;1;2;-18,51020902;-41,88012807;SPRF-MG;DEL11-MG;UOP01-DEL11-MG;;;
714144;12/08/2025;ter�a-feira;21:30:00;RN;101;71;EXTREMOZ;Acessar a via sem observar a presen�a dos outros ve�culos;Colis�o transversal;Com V�timas Feridas;Plena Noite;Crescente;C�u Claro;Simples;Reta;N�o;3;0;2;0;1;0;2;2;-5,6896461;-35,2690891;SPRF-RN;DEL02-RN;UOP01-DEL02-RN;;;
714148;26/08/2025;ter�a-feira;12:13:00;RO;364;12;VILHENA;Estacionar ou parar em local proibido;Colis�o lateral mesmo sentido;Com V�timas Feridas;Pleno dia;Crescente;Sol;Simples;Reta;Sim;3;0;1;0;2;0;1;2;-12,7435607;-60,12040615;SPRF-RO;DEL04-RO;UOP01-DEL04-RO;;;
714149;26/08/2025;ter�a-feira;13:00:00;ES;101;185;ARACRUZ;Aus�ncia de rea��o do condutor;Colis�o lateral mesmo sentido;Com V�timas Feridas;Pleno dia;Crescente;C�u Claro;Simples;Reta;N�o;3;0;0;2;1;0;2;2;-19,69723953;-40,29907465;SPRF-ES;DEL04-ES;UOP01-DEL04-ES;;;
714150;26/08/2025;ter�a-feira;08:40:00;MA;10;322;ACAILANDIA;Acesso irregular;Colis�o frontal;Com V�timas Fatais;Pleno dia;Crescente;C�u Claro;Simples;Reta;N�o;4;1;0;0;3;0;0;2;-4,93983485;-47,50294659;SPRF-MA;DEL04-MA;UOP03-DEL04-MA;;;
714152;26/08/2025;ter�a-feira;13:15:00;PB;104;138;QUEIMADAS;Aus�ncia de rea��o do condutor;Colis�o traseira;Com V�timas Feridas;Pleno dia;Crescente;C�u Claro;Simples;Reta;N�o;2;0;1;0;1;0;1;2;-7,3579983;-35,9017485;SPRF-PB;DEL02-PB;UOP03-DEL02-PB;;;
714153;26/08/2025;ter�a-feira;13:20:00;DF;20;14,4;BRASILIA;Objeto est�tico sobre o leito carro��vel;Sa�da de leito carro��vel;Com V�timas Feridas;Pleno dia;Crescente;C�u Claro;M�ltipla;"Desvio Tempor�rio;Em Obras;Reta";Sim;3;0;1;0;2;0;1;2;-15,63494;-47,74124;SPRF-DF;DEL02-DF;UOP01-DEL02-DF;;;
714157;26/08/2025;ter�a-feira;07:15:00;PR;376;501;PONTA GROSSA;Rea��o tardia ou ineficiente do condutor;Sa�da de leito carro��vel;Com V�timas Feridas;Pleno dia;Decrescente;Chuva;Dupla;"Reta;Ponte";N�o;2;0;2;0;0;0;2;1;-25,1624679;-50,123107;SPRF-PR;DEL03-PR;UOP04-DEL03-PR;;;
714160;26/08/2025;ter�a-feira;13:50:00;RS;158;326;SANTA MARIA;Mal s�bito do condutor;Colis�o com objeto;Com V�timas Feridas;Pleno dia;Decrescente;C�u Claro;Dupla;"Aclive;Curva;Viaduto";Sim;2;0;1;0;1;0;1;1;-29,715304;-53,81185;SPRF-RS;DEL09-RS;UOP01-DEL09-RS;;;
714164;26/08/2025;ter�a-feira;14:25:00;SC;101;192,3;BIGUACU;Rea��o tardia ou ineficiente do condutor;Colis�o com objeto;Com V�timas Feridas;Pleno dia;Crescente;Chuva;M�ltipla;Curva;Sim;2;0;2;0;0;0;2;1;-27,48673;-48,64937;SPRF-SC;DEL01-SC;UOP01-DEL01-SC;;;
714166;26/08/2025;ter�a-feira;09:45:00;PE;316;13;ARARIPINA;Objeto est�tico sobre o leito carro��vel;Colis�o com objeto;Com V�timas Fatais;Pleno dia;Decrescente;C�u Claro;Simples;Reta;N�o;1;1;0;0;0;0;0;1;-7,515923;-40,569578;SPRF-PE;DEL05-PE;UOP02-DEL05-PE;;;
714168;25/08/2025;segunda-feira;17:25:00;MA;135;8,9;SAO LUIS;Aus�ncia de rea��o do condutor;Colis�o lateral mesmo sentido;Com V�timas Feridas;Anoitecer;Decrescente;C�u Claro;Dupla;"Declive;Reta";Sim;2;0;1;0;0;1;1;2;-2,648837;-44,279329;SPRF-MA;DEL01-MA;UOP01-DEL01-MA;;;
714169;26/08/2025;ter�a-feira;14:40:00;MG;381;494,4;BETIM;Rea��o tardia ou ineficiente do condutor;Tombamento;Com V�timas Feridas;Pleno dia;Crescente;C�u Claro;M�ltipla;Reta;Sim;2;0;2;0;0;0;2;1;-19,968943;-44,181027;SPRF-MG;DEL01-MG;UOP03-DEL01-MG;;;
714170;22/08/2025;sexta-feira;08:00:00;MT;70;400;CAMPO VERDE;Rea��o tardia ou ineficiente do condutor;Sa�da de leito carro��vel;Sem V�timas;Pleno dia;Crescente;Sol;Simples;Curva;N�o;1;0;0;0;0;1;0;1;-15,67599206;-55,26160383;SPRF-MT;DEL05-MT;UOP02-DEL05-MT;;;
714174;26/08/2025;ter�a-feira;12:05:00;RN;110;46,6;MOSSORO;Transitar no Acostamento;Colis�o lateral mesmo sentido;Sem V�timas;Pleno dia;Decrescente;C�u Claro;Simples;"Rotat�ria;Reta";Sim;2;0;0;0;0;2;0;2;-5,202045;-37,323718;SPRF-RN;DEL04-RN;UOP01-DEL04-RN;;;
714175;26/08/2025;ter�a-feira;13:04:00;MT;364;402;CUIABA;Rea��o tardia ou ineficiente do condutor;Queda de ocupante de ve�culo;Com V�timas Feridas;Pleno dia;Decrescente;C�u Claro;Dupla;"Aclive;Viaduto";Sim;1;0;1;0;0;0;1;1;-15,649019;-56,002138;SPRF-MT;DEL01-MT;UOP02-DEL01-MT;;;
714178;26/08/2025;ter�a-feira;14:30:00;MG;262;354;BETIM;Mal s�bito do condutor;Sa�da de leito carro��vel;Sem V�timas;Pleno dia;Crescente;Sol;Dupla;"Reta;Retorno Regulamentado";Sim;1;0;0;0;1;0;0;1;-19,97926675;-44,25219711;SPRF-MG;DEL01-MG;UOP03-DEL01-MG;;;
714180;26/08/2025;ter�a-feira;15:00:00;RS;290;47,6;GLORINHA;Aus�ncia de rea��o do condutor;Colis�o lateral mesmo sentido;Sem V�timas;Pleno dia;Decrescente;C�u Claro;Dupla;Reta;N�o;2;0;0;0;2;0;0;2;-29,897556;-50,735984;SPRF-RS;DEL03-RS;UOP01-DEL03-RS;;;
714181;26/08/2025;ter�a-feira;15:20:00;PE;232;10,2;JABOATAO DOS GUARARAPES;Rea��o tardia ou ineficiente do condutor;Colis�o traseira;Com V�timas Feridas;Pleno dia;Decrescente;C�u Claro;Dupla;"Reta;Viaduto";Sim;2;0;0;1;1;0;1;2;-8,0801785;-34,9888714;SPRF-PE;DEL01-PE;UOP01-DEL01-PE;;;
714182;26/08/2025;ter�a-feira;14:50:00;PR;277;83;CURITIBA;Chuva;Colis�o com objeto;Com V�timas Feridas;Pleno dia;Decrescente;Chuva;Dupla;"Curva;Declive";Sim;1;0;1;0;0;0;1;1;-25,444376;-49,2330291;SPRF-PR;DEL01-PR;UOP03-DEL01-PR;;;
714184;26/08/2025;ter�a-feira;09:30:00;RJ;393;211;VASSOURAS;Pista esburacada;Colis�o frontal;Com V�timas Feridas;Pleno dia;Crescente;C�u Claro;Simples;Reta;N�o;3;0;0;1;2;0;1;2;-22,30886255;-43,50257367;SPRF-RJ;DEL05-RJ;UOP03-DEL05-RJ;;;
714186;26/08/2025;ter�a-feira;15:55:00;PB;230;139;MASSARANDUBA;Transtornos Mentais (exceto suicidio);Sa�da de leito carro��vel;Com V�timas Feridas;Pleno dia;Decrescente;C�u Claro;Dupla;Aclive;N�o;1;0;1;0;0;0;1;1;-7,266515;-35,801013;SPRF-PB;DEL02-PB;UOP01-DEL02-PB;;;
714187;26/08/2025;ter�a-feira;11:55:00;GO;153;613,5;MORRINHOS;Rea��o tardia ou ineficiente do condutor;Sa�da de leito carro��vel;Com V�timas Feridas;Pleno dia;Crescente;C�u Claro;Dupla;Reta;N�o;1;0;1;0;0;0;1;1;-17,65761321;-49,17412877;SPRF-GO;DEL03-GO;UOP01-DEL03-GO;;;
714188;26/08/2025;ter�a-feira;15:20:00;DF;20;5,4;BRASILIA;Aus�ncia de rea��o do condutor;Colis�o traseira;Com V�timas Feridas;Pleno dia;Crescente;Sol;Dupla;"Interse��o de Vias;Declive;Reta";Sim;5;0;3;0;2;0;3;2;-15,668155;-47,8122098;SPRF-DF;DEL02-DF;UOP01-DEL02-DF;;;
714189;28/07/2025;segunda-feira;21:45:00;MG;365;627;UBERLANDIA;Mal s�bito do condutor;Queda de ocupante de ve�culo;Com V�timas Fatais;Plena Noite;Decrescente;C�u Claro;Simples;Viaduto;Sim;1;1;0;0;0;0;0;1;-18,9070412;-48,3189721;SPRF-MG;DEL15-MG;UOP01-DEL15-MG;;;
714190;26/08/2025;ter�a-feira;14:40:00;BA;101;713;EUNAPOLIS;Rea��o tardia ou ineficiente do condutor;Colis�o lateral mesmo sentido;Com V�timas Feridas;Pleno dia;Decrescente;C�u Claro;Simples;Reta;Sim;2;0;0;1;0;1;1;2;-16,3501574;-39,5792865;SPRF-BA;DEL09-BA;UOP01-DEL09-BA;;;
714191;21/08/2025;quinta-feira;11:58:00;PR;376;470;TIBAGI;Transitar na contram�o;Tombamento;Com V�timas Feridas;Pleno dia;Decrescente;C�u Claro;Dupla;Reta;N�o;1;0;1;0;0;0;1;1;-24,90197315;-50,42321775;SPRF-PR;DEL03-PR;UOP01-DEL03-PR;;;
714192;26/08/2025;ter�a-feira;13:40:00;SC;280;127,3;RIO NEGRINHO;Aus�ncia de rea��o do condutor;Colis�o traseira;Com V�timas Feridas;Pleno dia;Decrescente;Chuva;Simples;Reta;Sim;6;0;1;0;5;0;1;3;-26,26158203;-49,548275;SPRF-SC;DEL06-SC;UOP03-DEL06-SC;;;
714196;26/08/2025;ter�a-feira;16:30:00;PE;423;104;CAETES;Manobra de mudan�a de faixa;Colis�o frontal;Com V�timas Feridas;Pleno dia;Crescente;C�u Claro;Simples;Reta;N�o;2;0;0;1;1;0;1;2;-8,8790038;-36,5620778;SPRF-PE;DEL03-PE;UOP01-DEL03-PE;;;
714199;26/08/2025;ter�a-feira;17:35:00;SP;116;218;GUARULHOS;Trafegar com motocicleta (ou similar) entre as faixas;Colis�o traseira;Com V�timas Feridas;Anoitecer;Decrescente;Nublado;M�ltipla;Reta;Sim;2;0;1;0;1;0;1;2;-23,4583777;-46,4815949;SPRF-SP;DEL01-SP;UOP01-DEL01-SP;;;
714201;26/08/2025;ter�a-feira;17:30:00;MG;381;485;BETIM;Trafegar com motocicleta (ou similar) entre as faixas;Colis�o traseira;Com V�timas Feridas;Pleno dia;Crescente;C�u Claro;Dupla;"Aclive;Curva";Sim;2;0;1;0;1;0;1;2;-19,95590344;-44,09577745;SPRF-MG;DEL01-MG;UOP03-DEL01-MG;;;
714202;26/08/2025;ter�a-feira;14:30:00;RO;364;14;VILHENA;Desrespeitar a prefer�ncia no cruzamento;Colis�o transversal;Com V�timas Feridas;Pleno dia;Decrescente;C�u Claro;Simples;Interse��o de Vias;Sim;2;0;1;0;1;0;1;2;-12,73939578;-60,13950348;SPRF-RO;DEL04-RO;UOP01-DEL04-RO;;;
714204;26/08/2025;ter�a-feira;17:40:00;SC;280;167,1;MAFRA;Acessar a via sem observar a presen�a dos outros ve�culos;Colis�o transversal;Com V�timas Feridas;Anoitecer;Decrescente;Chuva;Simples;"Interse��o de Vias;Reta";Sim;4;0;3;0;1;0;3;2;-26,1693608;-49,8180493;SPRF-SC;DEL06-SC;UOP01-DEL06-SC;;;
714205;26/08/2025;ter�a-feira;17:30:00;ES;101;73;SAO MATEUS;Convers�o proibida;Colis�o transversal;Com V�timas Feridas;Anoitecer;Decrescente;C�u Claro;Simples;Reta;N�o;2;0;1;0;1;0;1;2;-18,7715122;-39,8700101;SPRF-ES;DEL04-ES;UOP02-DEL04-ES;;;
714206;26/08/2025;ter�a-feira;16:30:00;SP;381;60;MAIRIPORA;Demais falhas mec�nicas ou el�tricas;Inc�ndio;Sem V�timas;Pleno dia;Decrescente;C�u Claro;Simples;"Aclive;Curva";N�o;1;0;0;0;1;0;0;1;-23,28169762;-46,58683173;SPRF-SP;DEL03-SP;UOP01-DEL03-SP;;;
714207;26/08/2025;ter�a-feira;16:10:00;ES;262;72;MARECHAL FLORIANO;Rea��o tardia ou ineficiente do condutor;Sa�da de leito carro��vel;Com V�timas Feridas;Pleno dia;Decrescente;Sol;Simples;Reta;N�o;1;0;1;0;0;0;1;1;-20,419978;-40,876847;SPRF-ES;DEL01-ES;UOP02-DEL01-ES;;;
714208;26/08/2025;ter�a-feira;17:59:00;SC;101;131;BALNEARIO CAMBORIU;Condutor deixou de manter dist�ncia do ve�culo da frente;Colis�o traseira;Com V�timas Feridas;Anoitecer;Crescente;Chuva;M�ltipla;Reta;Sim;2;0;1;0;1;0;1;2;-26,99442592;-48,65922852;SPRF-SC;DEL04-SC;UOP03-DEL04-SC;;;
714210;26/08/2025;ter�a-feira;17:17:00;SC;101;131;CAMBORIU;Rea��o tardia ou ineficiente do condutor;Tombamento;Com V�timas Feridas;Anoitecer;Crescente;Chuva;M�ltipla;Reta;N�o;1;0;1;0;0;0;1;1;-26,99306922;-48,66082668;SPRF-SC;DEL04-SC;UOP03-DEL04-SC;;;
714211;26/08/2025;ter�a-feira;18:20:00;CE;116;19;EUSEBIO;Transitar no Acostamento;Colis�o frontal;Com V�timas Feridas;Plena Noite;Crescente;C�u Claro;Dupla;Reta;N�o;2;0;2;0;0;0;2;2;-3,922075;-38,507571;SPRF-CE;DEL01-CE;UOP02-DEL01-CE;;;
714212;26/08/2025;ter�a-feira;18:05:00;TO;10;463;PALMAS;Acessar a via sem observar a presen�a dos outros ve�culos;Sa�da de leito carro��vel;Com V�timas Feridas;Anoitecer;Crescente;C�u Claro;M�ltipla;Reta;Sim;1;0;1;0;0;0;1;1;-10,23106628;-48,31145525;SPRF-TO;DEL01-TO;UOP03-DEL01-TO;;;
714213;26/08/2025;ter�a-feira;17:30:00;SP;116;146,6;SAO JOSE DOS CAMPOS;Ingest�o de �lcool pelo condutor;Colis�o lateral mesmo sentido;Sem V�timas;Anoitecer;Crescente;Garoa/Chuvisco;M�ltipla;Reta;Sim;2;0;0;0;2;0;0;2;-23,19236867;-45,86400993;SPRF-SP;DEL02-SP;UOP01-DEL02-SP;;;
714214;26/08/2025;ter�a-feira;16:50:00;GO;70;7;AGUAS LINDAS DE GOIAS;Transtornos Mentais (exceto suicidio);Colis�o traseira;Com V�timas Feridas;Pleno dia;Decrescente;C�u Claro;M�ltipla;Reta;Sim;2;0;1;0;1;0;1;2;-15,73889385;-48,27258378;SPRF-DF;DEL03-DF;UOP02-DEL03-DF;;;
714217;26/08/2025;ter�a-feira;17:00:00;MG;116;595,5;SAO JOAO DO MANHUACU;Rea��o tardia ou ineficiente do condutor;Tombamento;Com V�timas Feridas;Pleno dia;Crescente;C�u Claro;Simples;Curva;N�o;1;0;0;1;0;0;1;1;-20,301545;-42,150852;SPRF-MG;DEL06-MG;UOP03-DEL06-MG;;;
714219;26/08/2025;ter�a-feira;18:38:00;SE;235;47,4;ITABAIANA;Entrada inopinada do pedestre;Atropelamento de Pedestre;Com V�timas Feridas;Pleno dia;Crescente;C�u Claro;Simples;Reta;N�o;2;0;0;1;1;0;1;2;-10,72870659;-37,4137458;SPRF-SE;DEL01-SE;UOP02-DEL01-SE;;;
714220;26/08/2025;ter�a-feira;18:20:00;SE;101;92,6;NOSSA SENHORA DO SOCORRO;Rea��o tardia ou ineficiente do condutor;Colis�o traseira;Com V�timas Feridas;Plena Noite;Decrescente;Nublado;Dupla;Reta;Sim;3;0;3;0;0;0;3;2;-10,90107056;-37,13846533;SPRF-SE;DEL01-SE;UOP01-DEL01-SE;;;
714221;26/08/2025;ter�a-feira;16:30:00;RJ;116;146;DUQUE DE CAXIAS;Manobra de mudan�a de faixa;Sa�da de leito carro��vel;Com V�timas Feridas;Pleno dia;Crescente;C�u Claro;Dupla;Reta;Sim;2;0;1;0;0;1;1;2;-22,66097982;-43,25378001;SPRF-RJ;DEL01-RJ;UOP02-DEL01-RJ;;;
714223;26/08/2025;ter�a-feira;18:32:00;SE;101;90;NOSSA SENHORA DO SOCORRO;Acesso irregular;Colis�o transversal;Com V�timas Feridas;Plena Noite;Decrescente;C�u Claro;Dupla;Aclive;Sim;3;0;3;0;0;0;3;2;-10,89265493;-37,13251082;SPRF-SE;DEL01-SE;UOP01-DEL01-SE;;;
714224;26/08/2025;ter�a-feira;16:20:00;BA;324;525;FEIRA DE SANTANA;Animais na Pista;Queda de ocupante de ve�culo;Com V�timas Feridas;Pleno dia;Crescente;C�u Claro;Dupla;Reta;Sim;2;0;1;0;1;0;1;1;-12,310931;-38,884581;SPRF-BA;DEL01-BA;UOP03-DEL01-BA;;;
714227;26/08/2025;ter�a-feira;18:30:00;ES;262;141,7;MUNIZ FREIRE;Transitar na contram�o;Colis�o frontal;Com V�timas Fatais;Plena Noite;Decrescente;C�u Claro;Simples;"Aclive;Curva";N�o;5;1;0;4;0;0;4;2;-20,22921;-41,38435;SPRF-ES;DEL01-ES;UOP02-DEL01-ES;;;
714228;26/08/2025;ter�a-feira;18:00:00;SP;116;282;EMBU DAS ARTES;Manobra de mudan�a de faixa;Colis�o lateral mesmo sentido;Com V�timas Feridas;Plena Noite;Crescente;Chuva;Dupla;Reta;Sim;3;0;1;0;2;0;1;3;-23,66520561;-46,85456944;SPRF-SP;DEL04-SP;UOP01-DEL04-SP;;;
714231;26/08/2025;ter�a-feira;19:10:00;SP;381;36;ATIBAIA;Acessar a via sem observar a presen�a dos outros ve�culos;Colis�o frontal;Com V�timas Feridas;Plena Noite;Decrescente;Nublado;Simples;Curva;N�o;3;0;1;0;1;1;1;3;-23,09805929;-46,57059431;SPRF-SP;DEL03-SP;UOP01-DEL03-SP;;;
714232;26/08/2025;ter�a-feira;17:50:00;PR;116;150;MANDIRITUBA;Acessar a via sem observar a presen�a dos outros ve�culos;Colis�o lateral mesmo sentido;Com V�timas Feridas;Anoitecer;Crescente;Garoa/Chuvisco;Simples;"Reta;Declive";Sim;3;0;1;0;2;0;1;2;-25,845903;-49,351385;SPRF-PR;DEL01-PR;UOP03-DEL01-PR;;;
714233;26/08/2025;ter�a-feira;19:40:00;SP;381;59;MAIRIPORA;Aus�ncia de rea��o do condutor;Queda de ocupante de ve�culo;Com V�timas Feridas;Plena Noite;Crescente;Chuva;Simples;"Reta;Aclive";Sim;1;0;1;0;0;0;1;1;-23,28060947;-46,58666879;SPRF-SP;DEL03-SP;UOP01-DEL03-SP;;;
714234;26/08/2025;ter�a-feira;19:13:00;TO;153;138;ARAGUAINA;Acessar a via sem observar a presen�a dos outros ve�culos;Colis�o transversal;Com V�timas Feridas;Plena Noite;Crescente;C�u Claro;M�ltipla;Rotat�ria;Sim;2;0;1;0;1;0;1;2;-7,161791;-48,20558;SPRF-TO;DEL02-TO;UOP01-DEL02-TO;;;
714235;26/08/2025;ter�a-feira;18:45:00;RS;472;176,1;SANTA ROSA;Acessar a via sem observar a presen�a dos outros ve�culos;Colis�o transversal;Com V�timas Feridas;Anoitecer;Crescente;C�u Claro;Simples;"Reta;Retorno Regulamentado";Sim;2;0;0;1;1;0;1;2;-27,85410264;-54,52394485;SPRF-RS;DEL10-RS;UOP01-DEL10-RS;;;
714237;26/08/2025;ter�a-feira;19:20:00;SC;470;68;INDAIAL;Condutor Dormindo;Sa�da de leito carro��vel;Com V�timas Feridas;Plena Noite;Decrescente;Garoa/Chuvisco;M�ltipla;"Reta;Aclive";Sim;1;0;1;0;0;0;1;1;-26,87576493;-49,23657982;SPRF-SC;DEL04-SC;UOP01-DEL04-SC;;;
714240;26/08/2025;ter�a-feira;19:20:00;PR;277;728;FOZ DO IGUACU;Aus�ncia de rea��o do condutor;Sa�da de leito carro��vel;Com V�timas Feridas;Plena Noite;Crescente;C�u Claro;Dupla;Reta;N�o;1;0;1;0;0;0;1;1;-25,50968775;-54,5716637;SPRF-PR;DEL05-PR;UOP03-DEL05-PR;;;
714243;25/07/2025;sexta-feira;11:54:00;RJ;101;323;NITEROI;Rea��o tardia ou ineficiente do condutor;Colis�o traseira;Com V�timas Feridas;Pleno dia;Decrescente;C�u Claro;M�ltipla;Reta;N�o;3;0;1;0;2;0;1;2;-22,87372;-43,12817;SPRF-RJ;DEL02-RJ;UOP01-DEL02-RJ;;;
714244;26/08/2025;ter�a-feira;18:52:00;RO;425;125;GUAJARA-MIRIM;Manobra de mudan�a de faixa;Colis�o lateral mesmo sentido;Com V�timas Feridas;Plena Noite;Crescente;C�u Claro;Dupla;Reta;Sim;2;0;1;0;1;0;1;2;-10,76330063;-65,31478353;SPRF-RO;DEL01-RO;UOP03-DEL01-RO;;;
714245;26/08/2025;ter�a-feira;19:30:00;SP;153;5;ICEM;Acessar a via sem observar a presen�a dos outros ve�culos;Colis�o transversal;Com V�timas Feridas;Plena Noite;Crescente;C�u Claro;Simples;Reta;Sim;2;0;1;0;1;0;1;2;-20,348959;-49,214928;SPRF-SP;DEL09-SP;UOP01-DEL09-SP;;;
714247;26/08/2025;ter�a-feira;17:20:00;PR;277;112,6;CAMPO LARGO;Manobra de mudan�a de faixa;Colis�o lateral mesmo sentido;Com V�timas Feridas;Pleno dia;Crescente;Nublado;Dupla;Reta;Sim;2;0;1;0;1;0;1;2;-25,43267519;-49,4180274;SPRF-PR;DEL03-PR;UOP03-DEL03-PR;;;
714249;26/08/2025;ter�a-feira;17:55:00;SE;101;186;UMBAUBA;Pista esburacada;Tombamento;Com V�timas Feridas;Plena Noite;Decrescente;C�u Claro;Simples;"Aclive;Reta";N�o;2;0;2;0;0;0;2;1;-11,40106;-37,68556;SPRF-SE;DEL02-SE;UOP03-DEL02-SE;;;
714254;26/08/2025;ter�a-feira;21:10:00;PE;232;123;CARUARU;Acessar a via sem observar a presen�a dos outros ve�culos;Colis�o transversal;Com V�timas Feridas;Plena Noite;Crescente;C�u Claro;Dupla;Reta;Sim;3;0;1;0;2;0;1;2;-8,30581;-35,93278;SPRF-PE;DEL02-PE;UOP03-DEL02-PE;;;
714255;26/08/2025;ter�a-feira;18:10:00;RJ;116;122;GUAPIMIRIM;Aus�ncia de rea��o do condutor;Colis�o lateral sentido oposto;Com V�timas Feridas;Plena Noite;Decrescente;Garoa/Chuvisco;Dupla;Reta;Sim;2;0;1;0;1;0;1;2;-22,55635774;-42,99311757;SPRF-RJ;DEL04-RJ;UOP02-DEL04-RJ;;;
714257;26/08/2025;ter�a-feira;21:30:00;PR;277;595,5;CASCAVEL;Acessar a via sem observar a presen�a dos outros ve�culos;Colis�o traseira;Com V�timas Feridas;Plena Noite;Decrescente;C�u Claro;Simples;"Reta;Interse��o de Vias";Sim;2;0;1;0;1;0;1;2;-24,98675068;-53,50661801;SPRF-PR;DEL04-PR;UOP01-DEL04-PR;;;
714258;26/08/2025;ter�a-feira;20:30:00;RJ;101;484;ANGRA DOS REIS;Transitar na contram�o;Colis�o frontal;Sem V�timas;Plena Noite;Decrescente;Chuva;Simples;Curva;Sim;2;0;0;0;2;0;0;2;-22,99268244;-44,30442175;SPRF-RJ;DEL03-RJ;UOP03-DEL03-RJ;;;
714259;26/08/2025;ter�a-feira;16:45:00;PE;407;125;PETROLINA;Condutor deixou de manter dist�ncia do ve�culo da frente;Colis�o traseira;Com V�timas Feridas;Pleno dia;Decrescente;C�u Claro;Dupla;Reta;Sim;2;0;1;0;0;1;1;2;-9,38284876;-40,53028978;SPRF-PE;DEL06-PE;UOP01-DEL06-PE;;;
714260;26/08/2025;ter�a-feira;20:40:00;MS;163;12;MUNDO NOVO;Pedestre andava na pista;Atropelamento de Pedestre;Com V�timas Fatais;Plena Noite;Crescente;C�u Claro;Simples;"Desvio Tempor�rio;Em Obras;Reta";N�o;2;1;0;0;1;0;0;2;-23,9654491;-54,3251498;SPRF-MS;DEL09-MS;UOP02-DEL09-MS;;;
714262;26/08/2025;ter�a-feira;19:45:00;SC;163;68;SAO MIGUEL DO OESTE;Acessar a via sem observar a presen�a dos outros ve�culos;Colis�o transversal;Com V�timas Feridas;Plena Noite;Crescente;Nublado;Dupla;"Reta;Interse��o de Vias";Sim;3;0;2;1;0;0;3;2;-26,75052712;-53,5007328;SPRF-SC;DEL07-SC;UOP03-DEL07-SC;;;
714263;26/08/2025;ter�a-feira;21:30:00;RJ;116;335,5;RESENDE;Pista Escorregadia;Tombamento;Com V�timas Feridas;Plena Noite;Crescente;Nublado;Dupla;Curva;N�o;1;0;1;0;0;0;1;1;-22,49263204;-44,65554133;SPRF-RJ;DEL07-RJ;UOP02-DEL07-RJ;;;
714264;26/08/2025;ter�a-feira;21:45:00;SP;153;55;SAO JOSE DO RIO PRETO;Animais na Pista;Atropelamento de Animal;Com V�timas Feridas;Plena Noite;Decrescente;C�u Claro;Dupla;Reta;Sim;1;0;1;0;0;0;1;1;-20,753603;-49,34255;SPRF-SP;DEL09-SP;UOP01-DEL09-SP;;;
714266;26/08/2025;ter�a-feira;20:47:00;RN;304;171;ANGICOS;Animais na Pista;Atropelamento de Animal;Com V�timas Feridas;Plena Noite;Crescente;C�u Claro;Simples;Reta;N�o;1;0;1;0;0;0;1;1;-5,687202;-36,419258;SPRF-RN;DEL01-RN;UOP03-DEL01-RN;;;
714269;26/08/2025;ter�a-feira;21:00:00;SC;101;207,2;SAO JOSE;Pista Escorregadia;Tombamento;Com V�timas Feridas;Plena Noite;Crescente;Chuva;M�ltipla;Curva;Sim;1;0;0;1;0;0;1;1;-27,6010259;-48,62429587;SPRF-SC;DEL01-SC;UOP01-DEL01-SC;;;
714270;26/08/2025;ter�a-feira;22:00:00;RS;290;26,1;SANTO ANTONIO DA PATRULHA;Ingest�o de �lcool pelo condutor;Queda de ocupante de ve�culo;Sem V�timas;Plena Noite;Decrescente;Nublado;Dupla;Reta;N�o;1;0;0;0;1;0;0;1;-29,880606;-50,515903;SPRF-RS;DEL03-RS;UOP01-DEL03-RS;;;