id;data_inversa;dia_semana;horario;uf;br;km;municipio;causa_acidente;tipo_acidente;classificacao_acidente;fase_dia;sentido_via;condicao_metereologica;tipo_pista;tracado_via;uso_solo;pessoas;mortos;feridos_leves;feridos_graves;ilesos;ignorados;feridos;veiculos;latitude;longitude;regional;delegacia;uop;;;
714386;27/08/2025;quarta-feira;12:00:00;RJ;40;107;DUQUE DE CAXIAS;Rea��o tardia ou ineficiente do condutor;Colis�o traseira;Com V�timas Feridas;Pleno dia;Decrescente;C�u Claro;Dupla;Reta;Sim;2;0;0;1;1;0;1;2;-22,65595105;-43,28362262;SPRF-RJ;DEL01-RJ;UOP02-DEL01-RJ;;;
714387;27/08/2025;quarta-feira;07:00:00;GO;158;94;PIRANHAS;Rea��o tardia ou ineficiente do condutor;Sa�da de leito carro��vel;Com V�timas Feridas;Pleno dia;Decrescente;C�u Claro;Simples;"Reta;Em Obras";N�o;6;0;5;1;0;0;6;1;-16,462012;-51,791013;SPRF-GO;DEL04-GO;UOP02-DEL04-GO;;;
714388;27/08/2025;quarta-feira;17:40:00;RO;364;349;JI-PARANA;Acessar a via sem observar a presen�a dos outros ve�culos;Colis�o transversal;Com V�timas Feridas;Pleno dia;Decrescente;C�u Claro;Simples;Reta;Sim;3;0;3;0;0;0;3;2;-10,848095;-61,994927;SPRF-RO;DEL02-RO;UOP01-DEL02-RO;;;
714389;27/08/2025;quarta-feira;12:18:00;SC;282;22,7;SANTO AMARO DA IMPERATRIZ;Ultrapassagem Indevida;Colis�o frontal;Com V�timas Feridas;Pleno dia;Crescente;Nublado;Simples;"Interse��o de Vias;Reta;Aclive";Sim;2;0;0;1;1;0;1;2;-27,689222;-48,734623;SPRF-SC;DEL01-SC;UOP02-DEL01-SC;;;
714393;27/08/2025;quarta-feira;09:25:00;GO;153;118;ESTRELA DO NORTE;Aus�ncia de rea��o do condutor;Sa�da de leito carro��vel;Com V�timas Feridas;Pleno dia;Decrescente;C�u Claro;Simples;"Declive;Reta";N�o;1;0;0;1;0;0;1;1;-13,813542;-49,039777;SPRF-GO;DEL07-GO;UOP01-DEL07-GO;;;
714395;27/08/2025;quarta-feira;19:50:00;GO;153;437;ANAPOLIS;Velocidade Incompat�vel;Sa�da de leito carro��vel;Com V�timas Feridas;Plena Noite;Crescente;C�u Claro;Dupla;"Curva;Declive;Em Obras";N�o;1;0;0;1;0;0;1;1;-16,304039;-48,924709;SPRF-GO;DEL02-GO;UOP01-DEL02-GO;;;
714396;27/08/2025;quarta-feira;20:20:00;SP;116;217;GUARULHOS;Rea��o tardia ou ineficiente do condutor;Colis�o traseira;Com V�timas Feridas;Plena Noite;Decrescente;Nublado;M�ltipla;Aclive;Sim;2;0;1;0;1;0;1;2;-23,45303022;-46,46838069;SPRF-SP;DEL01-SP;UOP01-DEL01-SP;;;
714399;27/08/2025;quarta-feira;15:50:00;RJ;495;0,1;TERESOPOLIS;Ultrapassagem Indevida;Colis�o lateral mesmo sentido;Com V�timas Feridas;Pleno dia;Crescente;C�u Claro;Simples;Reta;Sim;2;0;1;0;1;0;1;2;-22,40359393;-42,96855776;SPRF-RJ;DEL04-RJ;UOP01-DEL04-RJ;;;
714400;27/08/2025;quarta-feira;20:00:00;RN;101;97;NATAL;Rea��o tardia ou ineficiente do condutor;Colis�o traseira;Com V�timas Feridas;Plena Noite;Decrescente;C�u Claro;Dupla;"Reta;Aclive";Sim;3;0;1;0;2;0;1;2;-5,860527;-35,2135027;SPRF-RN;DEL01-RN;UOP01-DEL01-RN;;;
714401;27/08/2025;quarta-feira;20:05:00;GO;60;179,9;ABADIA DE GOIAS;Animais na Pista;Atropelamento de Animal;Com V�timas Feridas;Plena Noite;Crescente;C�u Claro;Dupla;"Reta;Declive";N�o;1;0;0;1;0;0;1;1;-16,7761;-49,487815;SPRF-GO;DEL01-GO;UOP02-DEL01-GO;;;
714402;27/08/2025;quarta-feira;16:00:00;PI;230;300;FLORIANO;Rea��o tardia ou ineficiente do condutor;Sa�da de leito carro��vel;Com V�timas Feridas;Pleno dia;Crescente;Sol;Simples;Rotat�ria;N�o;1;0;1;0;0;0;1;1;-6,81458304;-42,94083595;SPRF-PI;DEL03-PI;UOP01-DEL03-PI;;;
714403;13/07/2025;domingo;20:19:00;TO;153;504;PARAISO DO TOCANTINS;Aus�ncia de rea��o do condutor;Sa�da de leito carro��vel;Com V�timas Fatais;Plena Noite;Crescente;C�u Claro;Simples;"Declive;Reta";N�o;1;1;0;0;0;0;0;1;-10,24079;-48,87763;SPRF-TO;DEL01-TO;UOP01-DEL01-TO;;;
714404;27/08/2025;quarta-feira;16:30:00;RJ;40;122;DUQUE DE CAXIAS;Condutor deixou de manter dist�ncia do ve�culo da frente;Colis�o traseira;Com V�timas Feridas;Pleno dia;Crescente;C�u Claro;M�ltipla;Reta;Sim;4;0;1;0;3;0;1;3;-22,78283433;-43,28573804;SPRF-RJ;DEL01-RJ;UOP02-DEL01-RJ;;;
714406;27/08/2025;quarta-feira;09:15:00;RJ;116;83;TERESOPOLIS;Demais falhas mec�nicas ou el�tricas;Tombamento;Com V�timas Feridas;Pleno dia;Crescente;Sol;Simples;Declive;Sim;2;0;2;0;0;0;2;1;-22,36372899;-42,9434967;SPRF-RJ;DEL04-RJ;UOP01-DEL04-RJ;;;
714407;27/08/2025;quarta-feira;20:20:00;MG;365;603,8;UBERLANDIA;Aus�ncia de rea��o do condutor;Colis�o traseira;Com V�timas Feridas;Plena Noite;Decrescente;C�u Claro;Simples;Reta;N�o;4;0;0;2;2;0;2;2;-18,89272;-48,14085;SPRF-MG;DEL15-MG;UOP01-DEL15-MG;;;
714409;27/08/2025;quarta-feira;18:51:00;PI;343;594,7;FLORIANO;Manobra de mudan�a de faixa;Colis�o transversal;Com V�timas Feridas;Plena Noite;Crescente;C�u Claro;Simples;Reta;Sim;2;0;0;1;1;0;1;2;-6,792521;-43,045514;SPRF-PI;DEL03-PI;UOP01-DEL03-PI;;;
714410;27/08/2025;quarta-feira;18:50:00;RN;406;117;POCO BRANCO;Animais na Pista;Atropelamento de Animal;Com V�timas Feridas;Plena Noite;Crescente;C�u Claro;Simples;Reta;N�o;1;0;0;1;0;0;1;1;-5,564664;-35,73778153;SPRF-RN;DEL02-RN;UOP01-DEL02-RN;;;
714411;27/08/2025;quarta-feira;20:30:00;RN;101;79,5;NATAL;Pedestre cruzava a pista fora da faixa;Atropelamento de Pedestre;Com V�timas Fatais;Plena Noite;Decrescente;C�u Claro;Dupla;Reta;Sim;2;1;0;1;0;0;1;2;-5,7539953;-35,2888155;SPRF-RN;DEL02-RN;UOP01-DEL02-RN;;;
714413;27/08/2025;quarta-feira;17:20:00;MG;381;853,9;POUSO ALEGRE;Rea��o tardia ou ineficiente do condutor;Queda de ocupante de ve�culo;Com V�timas Feridas;Pleno dia;Decrescente;C�u Claro;Dupla;"Reta;Aclive";N�o;1;0;1;0;0;0;1;1;-22,26905;-45,891931;SPRF-MG;DEL16-MG;UOP01-DEL16-MG;;;
714414;27/08/2025;quarta-feira;16:25:00;RS;287;309;SAO PEDRO DO SUL;Rea��o tardia ou ineficiente do condutor;Sa�da de leito carro��vel;Com V�timas Feridas;Pleno dia;Crescente;C�u Claro;Simples;Reta;N�o;1;0;1;0;0;0;1;1;-29,662896;-54,457284;SPRF-RS;DEL09-RS;UOP01-DEL09-RS;;;
714415;27/08/2025;quarta-feira;18:35:00;RO;364;238;CACOAL;Desrespeitar a prefer�ncia no cruzamento;Colis�o transversal;Com V�timas Feridas;Plena Noite;Crescente;C�u Claro;Simples;"Reta;Interse��o de Vias";Sim;4;0;2;0;2;0;2;2;-11,43791;-61,455988;SPRF-RO;DEL02-RO;UOP02-DEL02-RO;;;
714416;27/08/2025;quarta-feira;19:40:00;SC;280;37,6;ARAQUARI;Rea��o tardia ou ineficiente do condutor;Colis�o com objeto;Com V�timas Feridas;Plena Noite;Decrescente;Garoa/Chuvisco;Dupla;Em Obras;N�o;2;0;2;0;0;0;2;1;-26,447937;-48,824325;SPRF-SC;DEL03-SC;UOP03-DEL03-SC;;;
714417;27/08/2025;quarta-feira;20:20:00;RJ;101;314;SAO GONCALO;Condutor deixou de manter dist�ncia do ve�culo da frente;Queda de ocupante de ve�culo;Com V�timas Feridas;Pleno dia;Decrescente;C�u Claro;Dupla;Reta;Sim;1;0;1;0;0;0;1;1;-22,79289;-43,0248292;SPRF-RJ;DEL02-RJ;UOP02-DEL02-RJ;;;
714418;27/08/2025;quarta-feira;20:00:00;ES;101;37,8;CONCEICAO DA BARRA;Ultrapassagem Indevida;Colis�o frontal;Com V�timas Feridas;Plena Noite;Crescente;C�u Claro;Simples;Reta;Sim;3;0;1;1;1;0;2;3;-18,47967011;-39,92470264;SPRF-ES;DEL04-ES;UOP02-DEL04-ES;;;
714419;27/08/2025;quarta-feira;08:00:00;AL;101;41;FLEXEIRAS;Avarias e/ou desgaste excessivo no pneu;Sa�da de leito carro��vel;Com V�timas Feridas;Pleno dia;Decrescente;C�u Claro;Dupla;Curva;N�o;1;0;1;0;0;0;1;1;-9,17200227;-35,77527937;SPRF-AL;DEL01-AL;UOP02-DEL01-AL;;;
714421;27/08/2025;quarta-feira;18:16:00;ES;101;265;SERRA;Aus�ncia de rea��o do condutor;Atropelamento de Pedestre;Com V�timas Feridas;Plena Noite;Crescente;C�u Claro;Dupla;Reta;Sim;2;0;1;0;0;1;1;2;-20,18138972;-40,34028491;SPRF-ES;DEL02-ES;UOP01-DEL02-ES;;;
714423;27/08/2025;quarta-feira;08:00:00;BA;235;350;JUAZEIRO;Aus�ncia de rea��o do condutor;Colis�o transversal;Com V�timas Feridas;Pleno dia;Crescente;C�u Claro;Dupla;Reta;Sim;2;0;1;0;1;0;1;2;-9,44907;-40,48576;SPRF-PE;DEL06-PE;UOP01-DEL06-PE;;;
714426;27/08/2025;quarta-feira;09:20:00;MG;381;850;POUSO ALEGRE;Rea��o tardia ou ineficiente do condutor;Tombamento;Com V�timas Feridas;Pleno dia;Decrescente;Garoa/Chuvisco;Dupla;Rotat�ria;N�o;1;0;1;0;0;0;1;1;-22,3973119;-45,9598552;SPRF-MG;DEL16-MG;UOP01-DEL16-MG;;;
714427;26/07/2025;s�bado;19:00:00;TO;10;461;PALMAS;Rea��o tardia ou ineficiente do condutor;Capotamento;Com V�timas Feridas;Plena Noite;Crescente;C�u Claro;Dupla;Curva;Sim;3;0;1;1;1;0;2;3;-10,25710662;-48,31021992;SPRF-TO;DEL01-TO;UOP03-DEL01-TO;;;
714428;07/06/2025;s�bado;11:20:00;MG;40;141;JOAO PINHEIRO;Aus�ncia de rea��o do condutor;Colis�o lateral mesmo sentido;Com V�timas Feridas;Pleno dia;Crescente;C�u Claro;Simples;Curva;N�o;5;0;1;0;3;1;1;2;-17,736;-46,191;SPRF-MG;DEL14-MG;UOP01-DEL14-MG;;;
714429;27/08/2025;quarta-feira;19:33:00;SP;116;280;EMBU DAS ARTES;Rea��o tardia ou ineficiente do condutor;Engavetamento;Sem V�timas;Plena Noite;Decrescente;C�u Claro;Dupla;Reta;Sim;5;0;0;0;5;0;0;3;-23,64471365;-46,83991574;SPRF-SP;DEL04-SP;UOP01-DEL04-SP;;;
714430;27/08/2025;quarta-feira;20:30:00;MT;163;1032;MATUPA;Ultrapassagem Indevida;Colis�o frontal;Com V�timas Feridas;Plena Noite;Crescente;C�u Claro;Simples;Reta;N�o;3;0;0;1;2;0;1;3;-10,215;-54,9667;SPRF-MT;DEL06-MT;UOP03-DEL06-MT;;;
714431;09/08/2025;s�bado;13:50:00;TO;242;351;GURUPI;Rea��o tardia ou ineficiente do condutor;Colis�o lateral mesmo sentido;Com V�timas Feridas;Pleno dia;Decrescente;Sol;Simples;Reta;N�o;4;0;2;0;2;0;2;2;-11,87524;-48,84538;SPRF-TO;DEL01-TO;UOP02-DEL01-TO;;;
714433;27/08/2025;quarta-feira;21:05:00;SC;101;130,4;CAMBORIU;Acesso irregular;Colis�o lateral sentido oposto;Com V�timas Feridas;Plena Noite;Crescente;Nublado;Simples;Reta;N�o;2;0;0;1;1;0;1;2;-26,98677;-48,66616;SPRF-SC;DEL04-SC;UOP03-DEL04-SC;;;
714435;27/08/2025;quarta-feira;14:30:00;RO;364;258;CACOAL;Aus�ncia de rea��o do condutor;Sa�da de leito carro��vel;Com V�timas Feridas;Pleno dia;Decrescente;Sol;Simples;Curva;N�o;1;0;1;0;0;0;1;1;-11,4359457;-61,63021088;SPRF-RO;DEL02-RO;UOP02-DEL02-RO;;;
714436;27/08/2025;quarta-feira;22:30:00;ES;101;145,9;LINHARES;Condutor desrespeitou a ilumina��o vermelha do sem�foro;Colis�o transversal;Com V�timas Feridas;Plena Noite;Crescente;C�u Claro;Dupla;Interse��o de Vias;Sim;3;0;1;0;1;1;1;2;-19,36926635;-40,06531326;SPRF-ES;DEL04-ES;UOP01-DEL04-ES;;;
714439;27/08/2025;quarta-feira;22:30:00;PR;116;15;CAMPINA GRANDE DO SUL;Rea��o tardia ou ineficiente do condutor;Sa�da de leito carro��vel;Sem V�timas;Plena Noite;Decrescente;Garoa/Chuvisco;Dupla;Curva;N�o;1;0;0;0;1;0;0;1;-25,09974049;-48,68936626;SPRF-PR;DEL01-PR;UOP02-DEL01-PR;;;
714443;27/08/2025;quarta-feira;18:00:00;RS;285;568,6;SAO LUIZ GONZAGA;Desrespeitar a prefer�ncia no cruzamento;Colis�o transversal;Com V�timas Feridas;Pleno dia;Crescente;C�u Claro;Simples;"Rotat�ria;Interse��o de Vias";Sim;2;0;1;0;1;0;1;2;-28,41828172;-54,96378271;SPRF-RS;DEL12-RS;UOP01-DEL12-RS;;;
714445;27/08/2025;quarta-feira;22:20:00;PI;316;314,4;PICOS;Ultrapassagem Indevida;Colis�o transversal;Com V�timas Feridas;Plena Noite;Crescente;C�u Claro;Simples;Reta;Sim;2;0;1;0;1;0;1;2;-7,078046;-41,439684;SPRF-PI;DEL04-PI;UOP01-DEL04-PI;;;
714446;27/08/2025;quarta-feira;22:20:00;MA;10;301;CIDELANDIA;Transitar na contram�o;Colis�o frontal;Com V�timas Fatais;Anoitecer;Decrescente;C�u Claro;Simples;Reta;Sim;7;1;0;1;4;1;1;2;-5,10137107;-47,55315236;SPRF-MA;DEL04-MA;UOP03-DEL04-MA;;;
714447;27/08/2025;quarta-feira;23:45:00;PR;277;122,5;CAMPO LARGO;Demais falhas mec�nicas ou el�tricas;Tombamento;Com V�timas Feridas;Plena Noite;Decrescente;Nublado;Dupla;Reta;N�o;1;0;0;1;0;0;1;1;-25,44185241;-49,50987306;SPRF-PR;DEL03-PR;UOP03-DEL03-PR;;;
714449;27/08/2025;quarta-feira;16:25:00;SC;101;45;JOINVILLE;Acumulo de �leo sobre o pavimento;Tombamento;Com V�timas Feridas;Pleno dia;Decrescente;Garoa/Chuvisco;Dupla;"Reta;Interse��o de Vias;Viaduto;Declive";Sim;1;0;1;0;0;0;1;1;-26,34897732;-48,85705344;SPRF-SC;DEL03-SC;UOP01-DEL03-SC;;;
714451;27/08/2025;quarta-feira;22:27:00;RS;448;8;CANOAS;Aus�ncia de rea��o do condutor;Colis�o traseira;Com V�timas Feridas;Plena Noite;Crescente;C�u Claro;Dupla;Reta;N�o;3;0;2;0;1;0;2;3;-29,870933;-51,22981187;SPRF-RS;DEL01-RS;UOP02-DEL01-RS;;;
714455;30/07/2025;quarta-feira;08:30:00;BA;324;623;SALVADOR;Acessar a via sem observar a presen�a dos outros ve�culos;Colis�o lateral mesmo sentido;Com V�timas Feridas;Pleno dia;Crescente;Nublado;Dupla;Reta;Sim;2;0;1;0;1;0;1;2;-12,93032564;-38,47017288;SPRF-BA;DEL01-BA;UOP01-DEL01-BA;;;
714456;28/08/2025;quinta-feira;01:50:00;PR;153;17;JACAREZINHO;Rea��o tardia ou ineficiente do condutor;Inc�ndio;Sem V�timas;Plena Noite;Decrescente;C�u Claro;Simples;Reta;N�o;1;0;0;0;1;0;0;1;-23,1364926;-49,94502783;SPRF-PR;DEL07-PR;UOP04-DEL07-PR;;;
714458;27/08/2025;quarta-feira;22:00:00;RJ;493;1;ITABORAI;Manobra de mudan�a de faixa;Colis�o frontal;Com V�timas Feridas;Plena Noite;Crescente;C�u Claro;Simples;Reta;Sim;3;0;1;0;2;0;1;2;-22,76953375;-42,92289734;SPRF-RJ;DEL02-RJ;UOP02-DEL02-RJ;;;
714460;27/08/2025;quarta-feira;14:20:00;RJ;101;321;NITEROI;Demais falhas mec�nicas ou el�tricas;Inc�ndio;Sem V�timas;Pleno dia;Decrescente;C�u Claro;Dupla;Reta;Sim;1;0;0;0;1;0;0;1;-22,83568027;-43,09524536;SPRF-RJ;DEL02-RJ;UOP01-DEL02-RJ;;;
714461;28/08/2025;quinta-feira;03:56:00;PE;232;153;TACAIMBO;Transitar na contram�o;Colis�o lateral sentido oposto;Sem V�timas;Amanhecer;Crescente;Chuva;Simples;Reta;N�o;2;0;0;0;1;1;0;2;-8,32923;-36,223108;SPRF-PE;DEL03-PE;UOP02-DEL03-PE;;;
714464;27/08/2025;quarta-feira;12:07:00;RJ;116;171;SAO JOAO DE MERITI;Velocidade Incompat�vel;Colis�o lateral mesmo sentido;Com V�timas Feridas;Pleno dia;Decrescente;C�u Claro;Dupla;Reta;Sim;2;0;1;0;1;0;1;2;-22,8015033;-43,35205078;SPRF-RJ;DEL06-RJ;UOP01-DEL06-RJ;;;
714466;28/08/2025;quinta-feira;06:30:00;BA;324;544;AMELIA RODRIGUES;Acessar a via sem observar a presen�a dos outros ve�culos;Colis�o transversal;Com V�timas Feridas;Amanhecer;Decrescente;Nublado;Dupla;Curva;Sim;2;0;1;0;1;0;1;2;-12,4098709;-38,7523621;SPRF-BA;DEL01-BA;UOP03-DEL01-BA;;;
714469;28/08/2025;quinta-feira;06:05:00;PR;469;16;FOZ DO IGUACU;Acessar a via sem observar a presen�a dos outros ve�culos;Colis�o transversal;Com V�timas Feridas;Amanhecer;Crescente;Nevoeiro/Neblina;Simples;Em Obras;Sim;3;0;1;1;1;0;2;2;-25,58997621;-54,51810686;SPRF-PR;DEL05-PR;UOP04-DEL05-PR;;;
714470;28/08/2025;quinta-feira;07:00:00;SP;116;145,7;SAO JOSE DOS CAMPOS;Rea��o tardia ou ineficiente do condutor;Colis�o traseira;Com V�timas Feridas;Pleno dia;Crescente;Sol;Dupla;Declive;Sim;2;0;1;0;0;1;1;2;-23,18935811;-45,85977316;SPRF-SP;DEL02-SP;UOP01-DEL02-SP;;;
714471;28/08/2025;quinta-feira;00:30:00;PR;376;468,5;PONTA GROSSA;Demais falhas mec�nicas ou el�tricas;Inc�ndio;Sem V�timas;Plena Noite;Decrescente;C�u Claro;Dupla;Reta;N�o;2;0;0;0;2;0;0;1;-25,01947848;-50,33480352;SPRF-PR;DEL03-PR;UOP01-DEL03-PR;;;
714476;28/08/2025;quinta-feira;06:51:00;PB;101;71;SANTA RITA;Aus�ncia de rea��o do condutor;Sa�da de leito carro��vel;Com V�timas Feridas;Pleno dia;Crescente;Sol;Dupla;Reta;N�o;1;0;0;1;0;0;1;1;-7,168;-34,952;SPRF-PB;DEL01-PB;UOP03-DEL01-PB;;;
714477;28/08/2025;quinta-feira;07:35:00;TO;153;624;ALIANCA DO TOCANTINS;Rea��o tardia ou ineficiente do condutor;Colis�o traseira;Com V�timas Feridas;Pleno dia;Decrescente;C�u Claro;Simples;Reta;N�o;2;0;1;0;1;0;1;2;-11,3408;-48,953;SPRF-TO;DEL01-TO;UOP02-DEL01-TO;;;
714478;28/08/2025;quinta-feira;07:00:00;SC;470;138,3;RIO DO SUL;Aus�ncia de rea��o do condutor;Colis�o transversal;Com V�timas Feridas;Amanhecer;Decrescente;Nublado;Simples;"Reta;Retorno Regulamentado";Sim;2;0;0;1;1;0;1;2;-27,194;-49,62414;SPRF-SC;DEL04-SC;UOP02-DEL04-SC;;;
714480;20/08/2025;quarta-feira;07:30:00;SC;101;118;ITAJAI;Aus�ncia de rea��o do condutor;Tombamento;Com V�timas Feridas;Pleno dia;Crescente;Chuva;Dupla;Reta;N�o;2;0;1;0;0;1;1;2;-26,89161175;-48,72088758;SPRF-SC;DEL04-SC;UOP04-DEL04-SC;;;
714481;28/08/2025;quinta-feira;07:40:00;RJ;101;323;NITEROI;Manobra de mudan�a de faixa;Colis�o lateral mesmo sentido;Com V�timas Feridas;Pleno dia;Crescente;C�u Claro;M�ltipla;Reta;N�o;3;0;1;0;2;0;1;3;-22,87617519;-43,11927795;SPRF-RJ;DEL02-RJ;UOP01-DEL02-RJ;;;
714483;28/08/2025;quinta-feira;07:20:00;SC;282;489,6;FAXINAL DOS GUEDES;Acessar a via sem observar a presen�a dos outros ve�culos;Colis�o transversal;Com V�timas Feridas;Amanhecer;Decrescente;C�u Claro;Simples;Rotat�ria;Sim;2;0;1;0;1;0;1;2;-26,858965;-52,265807;SPRF-SC;DEL07-SC;UOP01-DEL07-SC;;;
714484;28/08/2025;quinta-feira;07:50:00;RN;226;111;SANTA CRUZ;Acessar a via sem observar a presen�a dos outros ve�culos;Colis�o transversal;Com V�timas Feridas;Pleno dia;Crescente;C�u Claro;Simples;Reta;Sim;2;0;1;1;0;0;2;2;-6,228347;-36,0176135;SPRF-RN;DEL03-RN;UOP02-DEL03-RN;;;
714485;28/08/2025;quinta-feira;07:15:00;PE;101;60,4;RECIFE;Aus�ncia de rea��o do condutor;Colis�o com objeto;Sem V�timas;Pleno dia;Crescente;Nublado;Dupla;"Reta;Declive";N�o;1;0;0;0;0;1;0;1;-7,98595;-34,93262;SPRF-PE;DEL01-PE;UOP02-DEL01-PE;;;
714486;28/08/2025;quinta-feira;08:02:00;PR;369;183;ARAPONGAS;Acessar a via sem observar a presen�a dos outros ve�culos;Colis�o transversal;Com V�timas Fatais;Pleno dia;Crescente;C�u Claro;Simples;Reta;Sim;2;1;0;0;1;0;0;2;-23,38458389;-51,4190096;SPRF-PR;DEL07-PR;UOP03-DEL07-PR;;;
714488;28/08/2025;quinta-feira;07:40:00;ES;101;275;SERRA;Transitar no Acostamento;Colis�o com objeto;Com V�timas Feridas;Pleno dia;Decrescente;Nublado;Dupla;Reta;Sim;2;0;0;2;0;0;2;1;-20,21381512;-40,32209516;SPRF-ES;DEL02-ES;UOP01-DEL02-ES;;;
714489;28/08/2025;quinta-feira;07:50:00;RJ;101;566;PARATY;Mal s�bito do condutor;Sa�da de leito carro��vel;Com V�timas Feridas;Pleno dia;Decrescente;C�u Claro;Simples;Reta;N�o;1;0;1;0;0;0;1;1;-23,15055184;-44,69944037;SPRF-RJ;DEL03-RJ;UOP04-DEL03-RJ;;;
714492;28/08/2025;quinta-feira;07:30:00;BA;101;715,7;EUNAPOLIS;Entrada inopinada do pedestre;Atropelamento de Pedestre;Com V�timas Feridas;Pleno dia;Decrescente;C�u Claro;Dupla;Reta;N�o;3;0;2;0;1;0;2;3;-16,3614681;-39,5797914;SPRF-BA;DEL09-BA;UOP01-DEL09-BA;;;
714493;28/08/2025;quinta-feira;07:50:00;PR;277;81;CURITIBA;Trafegar com motocicleta (ou similar) entre as faixas;Colis�o lateral mesmo sentido;Com V�timas Feridas;Pleno dia;Crescente;Nublado;Dupla;Reta;Sim;2;0;1;0;1;0;1;2;-25,45808614;-49,22190126;SPRF-PR;DEL01-PR;UOP03-DEL01-PR;;;
714494;28/08/2025;quinta-feira;07:00:00;SC;101;349;JAGUARUNA;Aus�ncia de rea��o do condutor;Colis�o com objeto;Com V�timas Feridas;Pleno dia;Decrescente;Nublado;M�ltipla;"Declive;Curva";N�o;2;0;1;0;1;0;1;1;-28,5908;-49,04476;SPRF-SC;DEL02-SC;UOP01-DEL02-SC;;;
714495;28/08/2025;quinta-feira;06:40:00;MG;40;612,5;CONGONHAS;Rea��o tardia ou ineficiente do condutor;Colis�o traseira;Sem V�timas;Pleno dia;Decrescente;Sol;Simples;Reta;N�o;2;0;0;0;2;0;0;2;-20,522422;-43,829997;SPRF-MG;DEL05-MG;UOP02-DEL05-MG;;;
714496;28/08/2025;quinta-feira;08:15:00;PR;277;584;CASCAVEL;Problema na suspens�o;Tombamento;Com V�timas Feridas;Pleno dia;Decrescente;C�u Claro;M�ltipla;Interse��o de Vias;Sim;1;0;1;0;0;0;1;1;-24,96529393;-53,4051162;SPRF-PR;DEL04-PR;UOP01-DEL04-PR;;;
714497;28/08/2025;quinta-feira;07:10:00;RJ;40;64;PETROPOLIS;Animais na Pista;Atropelamento de Animal;Com V�timas Feridas;Pleno dia;Crescente;C�u Claro;Dupla;Reta;Sim;2;0;1;0;1;0;1;1;-22,28247358;-43,11959982;SPRF-RJ;DEL05-RJ;UOP02-DEL05-RJ;;;
714498;28/08/2025;quinta-feira;07:45:00;DF;80;2,2;BRASILIA;Acessar a via sem observar a presen�a dos outros ve�culos;Colis�o transversal;Com V�timas Feridas;Pleno dia;Crescente;C�u Claro;Simples;"Reta;Em Obras";N�o;3;0;1;0;2;0;1;2;-15,732151;-48,09693;SPRF-DF;DEL03-DF;UOP02-DEL03-DF;;;
714499;28/08/2025;quinta-feira;09:05:00;GO;153;496;GOIANIA;Condutor deixou de manter dist�ncia do ve�culo da frente;Colis�o traseira;Com V�timas Feridas;Pleno dia;Crescente;C�u Claro;M�ltipla;Reta;Sim;3;0;1;0;2;0;1;2;-16,672062;-49,228482;SPRF-GO;DEL01-GO;UOP01-DEL01-GO;;;
714500;28/08/2025;quinta-feira;08:20:00;SC;470;136;RIO DO SUL;Acessar a via sem observar a presen�a dos outros ve�culos;Colis�o transversal;Com V�timas Feridas;Pleno dia;Decrescente;Nublado;Simples;Reta;Sim;3;0;1;0;2;0;1;2;-27,182889;-49,601717;SPRF-SC;DEL04-SC;UOP02-DEL04-SC;;;
714501;28/08/2025;quinta-feira;09:00:00;SC;101;114,8;ITAJAI;Aus�ncia de rea��o do condutor;Colis�o traseira;Com V�timas Feridas;Pleno dia;Decrescente;Nublado;Dupla;Curva;N�o;2;0;1;0;1;0;1;2;-26,86812946;-48,73002402;SPRF-SC;DEL04-SC;UOP04-DEL04-SC;;;
714505;28/08/2025;quinta-feira;08:10:00;ES;101;141,9;LINHARES;Condutor deixou de manter dist�ncia do ve�culo da frente;Colis�o traseira;Com V�timas Feridas;Pleno dia;Decrescente;C�u Claro;M�ltipla;"Reta;Interse��o de Vias";Sim;2;0;0;1;1;0;1;2;-19,33312068;-40,06812282;SPRF-ES;DEL04-ES;UOP01-DEL04-ES;;;
714507;28/08/2025;quinta-feira;10:30:00;PR;376;628;SAO JOSE DOS PINHAIS;Mal s�bito do condutor;Sa�da de leito carro��vel;Com V�timas Feridas;Pleno dia;Decrescente;C�u Claro;Dupla;Reta;Sim;1;0;1;0;0;0;1;1;-25,68996877;-49,14542612;SPRF-PR;DEL01-PR;UOP04-DEL01-PR;;;
714509;27/08/2025;quarta-feira;10:20:00;MT;163;766;SORRISO;Aus�ncia de rea��o do condutor;Colis�o traseira;Sem V�timas;Pleno dia;Decrescente;Sol;Dupla;Reta;N�o;1;0;0;0;1;0;0;1;-12,44127;-55,65367;SPRF-MT;DEL06-MT;UOP01-DEL06-MT;;;
714510;28/08/2025;quinta-feira;10:05:00;PE;101;66;RECIFE;Aus�ncia de rea��o do condutor;Colis�o traseira;Com V�timas Feridas;Pleno dia;Decrescente;Nublado;M�ltipla;Reta;Sim;2;0;1;0;1;0;1;2;-8,03401;-34,941762;SPRF-PE;DEL01-PE;UOP01-DEL01-PE;;;