id;data_inversa;dia_semana;horario;uf;br;km;municipio;causa_acidente;tipo_acidente;classificacao_acidente;fase_dia;sentido_via;condicao_metereologica;tipo_pista;tracado_via;uso_solo;pessoas;mortos;feridos_leves;feridos_graves;ilesos;ignorados;feridos;veiculos;latitude;longitude;regional;delegacia;uop;;;
714512;28/08/2025;quinta-feira;10:30:00;ES;262;0,1;VITORIA;Rea��o tardia ou ineficiente do condutor;Colis�o com objeto;Com V�timas Feridas;Pleno dia;Crescente;C�u Claro;Dupla;"Reta;Ponte";Sim;1;0;1;0;0;0;1;1;-20,32202855;-40,35381166;SPRF-ES;DEL01-ES;UOP01-DEL01-ES;;;
714513;28/08/2025;quinta-feira;09:30:00;SC;101;91,3;BARRA VELHA;Condutor deixou de manter dist�ncia do ve�culo da frente;Colis�o traseira;Sem V�timas;Pleno dia;Decrescente;Nublado;M�ltipla;Reta;Sim;2;0;0;0;2;0;0;2;-26,67647808;-48,69148605;SPRF-SC;DEL03-SC;UOP02-DEL03-SC;;;
714515;28/08/2025;quinta-feira;11:20:00;PR;373;173,7;PONTA GROSSA;Aus�ncia de rea��o do condutor;Colis�o traseira;Com V�timas Feridas;Pleno dia;Crescente;Nublado;Dupla;Reta;Sim;4;0;1;0;3;0;1;2;-25,07678;-50,20877;SPRF-PR;DEL03-PR;UOP01-DEL03-PR;;;
714516;28/08/2025;quinta-feira;07:25:00;PE;423;96,4;GARANHUNS;Condutor desrespeitou a ilumina��o vermelha do sem�foro;Colis�o transversal;Com V�timas Feridas;Pleno dia;Crescente;Nublado;Simples;"Reta;Interse��o de Vias";Sim;3;0;1;0;1;1;1;2;-8,881437;-36,490253;SPRF-PE;DEL03-PE;UOP01-DEL03-PE;;;
714517;24/08/2025;domingo;19:10:00;RS;290;418;SAO GABRIEL;Acessar a via sem observar a presen�a dos outros ve�culos;Colis�o transversal;Com V�timas Feridas;Plena Noite;Decrescente;C�u Claro;Simples;Rotat�ria;Sim;3;0;2;0;1;0;2;2;-30,35365761;-54,3318311;SPRF-RS;DEL11-RS;UOP02-DEL11-RS;;;
714518;28/08/2025;quinta-feira;10:40:00;DF;20;10,2;BRASILIA;Condutor deixou de manter dist�ncia do ve�culo da frente;Colis�o traseira;Com V�timas Feridas;Pleno dia;Decrescente;Sol;Dupla;"Desvio Tempor�rio;Em Obras;Reta";Sim;2;0;1;0;1;0;1;2;-15,64668753;-47,76661187;SPRF-DF;DEL02-DF;UOP01-DEL02-DF;;;
714524;28/08/2025;quinta-feira;11:45:00;MG;153;18;CENTRALINA;Velocidade Incompat�vel;Colis�o traseira;Sem V�timas;Pleno dia;Crescente;Sol;Dupla;"Reta;Retorno Regulamentado";Sim;2;0;0;0;2;0;0;2;-18,57460262;-49,19360161;SPRF-MG;DEL15-MG;UOP03-DEL15-MG;;;
714525;28/08/2025;quinta-feira;13:00:00;MG;40;591;ITABIRITO;Rea��o tardia ou ineficiente do condutor;Sa�da de leito carro��vel;Com V�timas Feridas;Pleno dia;Decrescente;C�u Claro;Dupla;Curva;N�o;2;0;1;0;1;0;1;1;-20,34881166;-43,92230988;SPRF-MG;DEL01-MG;UOP02-DEL01-MG;;;
714527;28/08/2025;quinta-feira;09:40:00;CE;116;537;PENAFORTE;Acessar a via sem observar a presen�a dos outros ve�culos;Colis�o transversal;Com V�timas Feridas;Pleno dia;Crescente;C�u Claro;Simples;Reta;Sim;4;0;0;1;3;0;1;2;-7,765327;-39,065757;SPRF-CE;DEL05-CE;UOP03-DEL05-CE;;;
714529;28/08/2025;quinta-feira;09:50:00;RO;364;342;JI-PARANA;Velocidade Incompat�vel;Engavetamento;Com V�timas Feridas;Pleno dia;Decrescente;Sol;Dupla;Reta;Sim;3;0;1;0;2;0;1;3;-10,879968;-61,943385;SPRF-RO;DEL02-RO;UOP01-DEL02-RO;;;
714530;28/08/2025;quinta-feira;12:00:00;PR;376;186,9;MARIALVA;Manobra de mudan�a de faixa;Capotamento;Com V�timas Feridas;Pleno dia;Decrescente;Sol;Dupla;Declive;N�o;4;0;2;1;1;0;3;3;-23,45442246;-51,8486437;SPRF-PR;DEL09-PR;UOP01-DEL09-PR;;;
714531;28/08/2025;quinta-feira;13:45:00;SC;101;158,4;PORTO BELO;Demais falhas mec�nicas ou el�tricas;Tombamento;Com V�timas Feridas;Pleno dia;Decrescente;Nublado;Dupla;Reta;N�o;2;0;2;0;0;0;2;1;-27,19413;-48,61262;SPRF-SC;DEL04-SC;UOP03-DEL04-SC;;;
714532;28/08/2025;quinta-feira;09:55:00;MG;153;244;FRONTEIRA;Acessar a via sem observar a presen�a dos outros ve�culos;Colis�o transversal;Com V�timas Feridas;Pleno dia;Crescente;C�u Claro;Simples;"Interse��o de Vias;Reta;Retorno Regulamentado";Sim;5;0;3;0;2;0;3;2;-20,288;-49,2;SPRF-MG;DEL13-MG;UOP02-DEL13-MG;;;
714533;28/08/2025;quinta-feira;12:12:00;PR;163;279,9;MARECHAL CANDIDO RONDON;Demais falhas mec�nicas ou el�tricas;Colis�o transversal;Sem V�timas;Pleno dia;Crescente;C�u Claro;Simples;Reta;N�o;2;0;0;0;2;0;0;2;-24,56817635;-54,03126447;SPRF-PR;DEL06-PR;UOP02-DEL06-PR;;;
714534;28/08/2025;quinta-feira;09:00:00;PE;101;91;CABO DE SANTO AGOSTINHO;Demais falhas mec�nicas ou el�tricas;Inc�ndio;Sem V�timas;Pleno dia;Decrescente;C�u Claro;Dupla;Reta;Sim;1;0;0;0;1;0;0;1;-8,232407;-34,997954;SPRF-PE;DEL01-PE;UOP01-DEL01-PE;;;
714536;28/08/2025;quinta-feira;13:25:00;BA;367;83,2;EUNAPOLIS;Transitar no Acostamento;Colis�o transversal;Com V�timas Feridas;Pleno dia;Decrescente;C�u Claro;Simples;Reta;N�o;2;0;1;0;1;0;1;2;-16,37317833;-39,57274;SPRF-BA;DEL09-BA;UOP03-DEL09-BA;;;
714539;28/08/2025;quinta-feira;13:50:00;ES;101;151,6;LINHARES;Acessar a via sem observar a presen�a dos outros ve�culos;Colis�o transversal;Sem V�timas;Pleno dia;Crescente;C�u Claro;Simples;"Interse��o de Vias;Curva";N�o;2;0;0;0;2;0;0;2;-19,41721935;-40,06842303;SPRF-ES;DEL04-ES;UOP01-DEL04-ES;;;
714540;28/08/2025;quinta-feira;13:00:00;RJ;40;105;DUQUE DE CAXIAS;Rea��o tardia ou ineficiente do condutor;Colis�o lateral mesmo sentido;Com V�timas Feridas;Pleno dia;Crescente;C�u Claro;Dupla;Reta;Sim;2;0;0;1;1;0;1;2;-22,65293699;-43,2836627;SPRF-RJ;DEL01-RJ;UOP02-DEL01-RJ;;;
714542;28/08/2025;quinta-feira;13:15:00;MG;381;498,7;BETIM;Pedestre andava na pista;Atropelamento de Pedestre;Com V�timas Fatais;Pleno dia;Crescente;C�u Claro;Dupla;Curva;N�o;2;1;0;0;1;0;0;2;-19,99118551;-44,20695662;SPRF-MG;DEL01-MG;UOP03-DEL01-MG;;;
714543;28/08/2025;quinta-feira;12:20:00;SC;282;616,4;IRACEMINHA;Velocidade Incompat�vel;Colis�o traseira;Com V�timas Feridas;Pleno dia;Decrescente;Sol;Simples;Reta;N�o;9;0;0;7;2;0;7;3;-26,78325838;-53,28222933;SPRF-SC;DEL07-SC;UOP02-DEL07-SC;;;
714544;28/08/2025;quinta-feira;13:15:00;BA;101;261;SANTO ANTONIO DE JESUS;Manobra de mudan�a de faixa;Colis�o transversal;Com V�timas Feridas;Pleno dia;Decrescente;C�u Claro;Dupla;"Reta;Declive";Sim;3;0;2;0;1;0;2;2;-12,96690706;-39,27239251;SPRF-BA;DEL01-BA;UOP02-DEL01-BA;;;
714545;28/08/2025;quinta-feira;12:15:00;MG;116;415;GOVERNADOR VALADARES;Transitar na contram�o;Colis�o transversal;Com V�timas Feridas;Pleno dia;Decrescente;C�u Claro;Simples;Reta;Sim;3;0;2;0;1;0;2;2;-18,88935542;-41,94605827;SPRF-MG;DEL06-MG;UOP01-DEL06-MG;;;
714547;28/08/2025;quinta-feira;13:00:00;MG;116;411,5;GOVERNADOR VALADARES;Acessar a via sem observar a presen�a dos outros ve�culos;Colis�o lateral mesmo sentido;Com V�timas Feridas;Pleno dia;Crescente;C�u Claro;Dupla;"Reta;Interse��o de Vias";Sim;3;0;1;1;0;1;2;2;-18,87122574;-41,96914226;SPRF-MG;DEL06-MG;UOP01-DEL06-MG;;;
714548;17/07/2025;quinta-feira;13:00:00;AM;319;0;MANAUS;Ingest�o de �lcool pelo condutor;Colis�o traseira;Sem V�timas;Pleno dia;Decrescente;C�u Claro;Dupla;"Aclive;Reta";Sim;2;0;0;0;2;0;0;2;-3,13411606;-59,94028592;SPRF-AM;DEL01-AM;UOP03-DEL01-AM;;;
714550;28/08/2025;quinta-feira;13:20:00;MG;40;513;MATOZINHOS;Demais falhas mec�nicas ou el�tricas;Inc�ndio;Com V�timas Feridas;Pleno dia;Decrescente;C�u Claro;Dupla;Reta;Sim;1;0;1;0;0;0;1;1;-19,4755;-44,06157;SPRF-MG;DEL01-MG;UOP02-DEL01-MG;;;
714551;28/08/2025;quinta-feira;14:30:00;MG;381;481;BETIM;Aus�ncia de rea��o do condutor;Colis�o lateral mesmo sentido;Com V�timas Feridas;Pleno dia;Decrescente;C�u Claro;Dupla;Reta;N�o;3;0;1;0;2;0;1;2;-19,9965624;-44,2090411;SPRF-MG;DEL01-MG;UOP03-DEL01-MG;;;
714552;13/06/2025;sexta-feira;03:21:00;TO;242;459;FORMOSO DO ARAGUAIA;Ingest�o de �lcool pelo condutor;Colis�o lateral mesmo sentido;Com V�timas Feridas;Plena Noite;Crescente;C�u Claro;Simples;Reta;Sim;2;0;0;1;1;0;1;2;-11,80687537;-49,54120517;SPRF-TO;DEL01-TO;UOP02-DEL01-TO;;;
714553;28/08/2025;quinta-feira;14:40:00;RS;386;416;MONTENEGRO;Convers�o proibida;Colis�o transversal;Com V�timas Feridas;Pleno dia;Decrescente;C�u Claro;Simples;Reta;Sim;3;0;2;0;1;0;2;2;-29,81754714;-51,46128628;SPRF-RS;DEL04-RS;UOP02-DEL04-RS;;;
714556;28/08/2025;quinta-feira;14:30:00;PI;343;15,1;PARNAIBA;Transitar no Acostamento;Colis�o lateral mesmo sentido;Com V�timas Feridas;Pleno dia;Crescente;Sol;Dupla;Reta;Sim;2;0;2;0;0;0;2;2;-2,93742037;-41,75522357;SPRF-PI;DEL05-PI;UOP01-DEL05-PI;;;
714557;08/07/2025;ter�a-feira;04:40:00;PR;277;693,5;SAO MIGUEL DO IGUACU;Entrada inopinada do pedestre;Atropelamento de Pedestre;Com V�timas Fatais;Plena Noite;Decrescente;Nublado;Dupla;Reta;N�o;3;1;0;0;1;1;0;2;-25,364912;-54,256596;SPRF-PR;DEL05-PR;UOP01-DEL05-PR;;;
714558;26/08/2025;ter�a-feira;07:40:00;MA;135;15,7;SAO LUIS;Acessar a via sem observar a presen�a dos outros ve�culos;Colis�o lateral mesmo sentido;Sem V�timas;Pleno dia;Crescente;C�u Claro;Dupla;Retorno Regulamentado;N�o;2;0;0;0;2;0;0;2;-2,70081354;-44,30903267;SPRF-MA;DEL01-MA;UOP01-DEL01-MA;;;
714559;28/08/2025;quinta-feira;14:10:00;AP;210;2;MACAPA;Transitar na contram�o;Colis�o transversal;Com V�timas Feridas;Pleno dia;Decrescente;C�u Claro;Simples;Curva;Sim;5;0;2;0;3;0;2;2;0,0852583;-51,0823283;SPRF-AP;DEL01-AP;UOP01-DEL01-AP;;;
714560;28/08/2025;quinta-feira;15:15:00;BA;116;15,5;VITORIA DA CONQUISTA;Aus�ncia de rea��o do condutor;Queda de ocupante de ve�culo;Com V�timas Feridas;Pleno dia;Decrescente;C�u Claro;Simples;"Reta;Retorno Regulamentado";N�o;2;0;1;0;0;1;1;2;-14,90159412;-40,85199729;SPRF-BA;DEL08-BA;UOP01-DEL08-BA;;;
714563;28/08/2025;quinta-feira;12:00:00;RJ;493;102;SEROPEDICA;Aus�ncia de rea��o do condutor;Queda de ocupante de ve�culo;Com V�timas Feridas;Pleno dia;Decrescente;C�u Claro;Dupla;Reta;N�o;2;0;2;0;0;0;2;1;-22,75703306;-43,7311796;SPRF-RJ;DEL01-RJ;UOP03-DEL01-RJ;;;
714565;28/08/2025;quinta-feira;15:20:00;PR;153;354,5;REBOUCAS;Transitar na contram�o;Colis�o frontal;Com V�timas Fatais;Pleno dia;Crescente;C�u Claro;Simples;Reta;N�o;4;2;1;1;0;0;2;2;-25,637982;-50,728463;SPRF-PR;DEL08-PR;UOP02-DEL08-PR;;;
714568;28/08/2025;quinta-feira;14:45:00;GO;153;208;URUACU;Rea��o tardia ou ineficiente do condutor;Colis�o lateral mesmo sentido;Sem V�timas;Pleno dia;Crescente;C�u Claro;Simples;"Declive;Reta";N�o;7;0;0;0;7;0;0;2;-14,609691;-49,1678406;SPRF-GO;DEL07-GO;UOP02-DEL07-GO;;;
714572;28/08/2025;quinta-feira;14:35:00;MT;174;3;PONTES E LACERDA;Mal s�bito do condutor;Colis�o com objeto;Com V�timas Feridas;Pleno dia;Decrescente;C�u Claro;Simples;Curva;Sim;4;0;2;1;1;0;3;1;-15,2429482;-59,3333543;SPRF-MT;DEL04-MT;UOP01-DEL04-MT;;;
714576;28/08/2025;quinta-feira;16:20:00;MG;50;43;ARAGUARI;Condutor usando celular;Sa�da de leito carro��vel;Com V�timas Feridas;Pleno dia;Crescente;C�u Claro;Dupla;Reta;N�o;1;0;1;0;0;0;1;1;-18,70046692;-48,1872046;SPRF-MG;DEL15-MG;UOP02-DEL15-MG;;;
714577;28/08/2025;quinta-feira;16:15:00;PI;230;305,5;FLORIANO;Rea��o tardia ou ineficiente do condutor;Tombamento;Com V�timas Feridas;Pleno dia;Crescente;C�u Claro;Simples;Reta;N�o;1;0;1;0;0;0;1;1;-6,80054449;-42,97303746;SPRF-PI;DEL03-PI;UOP01-DEL03-PI;;;
714580;27/06/2025;sexta-feira;08:21:00;TO;10;456;PALMAS;Rea��o tardia ou ineficiente do condutor;Colis�o traseira;Com V�timas Feridas;Pleno dia;Crescente;C�u Claro;M�ltipla;Reta;N�o;2;0;1;0;1;0;1;2;-10,301;-48,297;SPRF-TO;DEL01-TO;UOP03-DEL01-TO;;;
714581;28/08/2025;quinta-feira;17:20:00;MG;50;67;UBERLANDIA;Aus�ncia de rea��o do condutor;Colis�o traseira;Com V�timas Feridas;Pleno dia;Crescente;C�u Claro;Dupla;Reta;N�o;2;0;1;0;1;0;1;2;-18,86609222;-48,25451229;SPRF-MG;DEL15-MG;UOP02-DEL15-MG;;;
714582;28/08/2025;quinta-feira;17:05:00;PB;230;5;CABEDELO;�rea urbana sem a presen�a de local apropriado para a travessia de pedestres;Atropelamento de Pedestre;Com V�timas Feridas;Pleno dia;Crescente;Sol;Dupla;Reta;Sim;2;0;0;1;1;0;1;2;-7,012215;-34,832215;SPRF-PB;DEL01-PB;UOP01-DEL01-PB;;;
714583;28/08/2025;quinta-feira;15:00:00;MG;381;186,1;PERIQUITO;Ingest�o de �lcool pelo condutor;Tombamento;Com V�timas Feridas;Pleno dia;Decrescente;C�u Claro;Simples;Reta;N�o;2;0;0;1;1;0;1;1;-19,13064602;-42,19325602;SPRF-MG;DEL06-MG;UOP01-DEL06-MG;;;
714584;28/08/2025;quinta-feira;17:38:00;PR;153;41,9;SANTO ANTONIO DA PLATINA;Acessar a via sem observar a presen�a dos outros ve�culos;Colis�o transversal;Com V�timas Feridas;Pleno dia;Crescente;C�u Claro;Simples;Interse��o de Vias;Sim;2;0;1;0;1;0;1;2;-23,2972447;-50,06862972;SPRF-PR;DEL07-PR;UOP04-DEL07-PR;;;
714585;31/07/2025;quinta-feira;08:50:00;RN;101;99;NATAL;Condutor deixou de manter dist�ncia do ve�culo da frente;Colis�o traseira;Com V�timas Feridas;Pleno dia;Crescente;C�u Claro;Dupla;Reta;N�o;2;0;1;0;1;0;1;2;-5,87356902;-35,22109006;SPRF-RN;DEL01-RN;UOP01-DEL01-RN;;;
714586;28/08/2025;quinta-feira;13:08:00;SC;280;23,6;ARAQUARI;Acessar a via sem observar a presen�a dos outros ve�culos;Colis�o transversal;Com V�timas Feridas;Pleno dia;Crescente;Nublado;Simples;Reta;N�o;2;0;1;0;1;0;1;2;-26,374823;-48,716573;SPRF-SC;DEL03-SC;UOP03-DEL03-SC;;;
714588;28/08/2025;quinta-feira;16:10:00;MG;116;764,5;LEOPOLDINA;Condutor deixou de manter dist�ncia do ve�culo da frente;Colis�o traseira;Sem V�timas;Pleno dia;Crescente;C�u Claro;Simples;Reta;Sim;3;0;0;0;3;0;0;2;-21,5425158;-42,6556498;SPRF-MG;DEL07-MG;UOP01-DEL07-MG;;;
714591;28/08/2025;quinta-feira;17:15:00;SC;101;128,6;CAMBORIU;Rea��o tardia ou ineficiente do condutor;Tombamento;Com V�timas Feridas;Pleno dia;Decrescente;C�u Claro;Dupla;Reta;N�o;1;0;0;1;0;0;1;1;-26,98482123;-48,66917182;SPRF-SC;DEL04-SC;UOP03-DEL04-SC;;;
714592;28/08/2025;quinta-feira;16:50:00;MG;40;226,5;JOAO PINHEIRO;Redutor de velocidade em desacordo;Tombamento;Com V�timas Feridas;Pleno dia;Crescente;C�u Claro;Simples;Reta;Sim;2;0;0;1;1;0;1;1;-17,98547749;-45,61031051;SPRF-MG;DEL14-MG;UOP02-DEL14-MG;;;
714593;28/08/2025;quinta-feira;17:40:00;MG;40;532;PEDRO LEOPOLDO;Condutor deixou de manter dist�ncia do ve�culo da frente;Colis�o traseira;Com V�timas Feridas;Anoitecer;Crescente;C�u Claro;Dupla;Reta;Sim;2;0;1;0;1;0;1;2;-19,55323;-44,00392;SPRF-MG;DEL01-MG;UOP02-DEL01-MG;;;
714595;28/08/2025;quinta-feira;18:25:00;SP;116;148;SAO JOSE DOS CAMPOS;Condutor deixou de manter dist�ncia do ve�culo da frente;Colis�o traseira;Com V�timas Feridas;Pleno dia;Decrescente;C�u Claro;Dupla;Reta;Sim;2;0;1;0;1;0;1;2;-23,19735069;-45,87530756;SPRF-SP;DEL02-SP;UOP01-DEL02-SP;;;
714596;28/08/2025;quinta-feira;17:50:00;MG;262;538,5;LUZ;Velocidade Incompat�vel;Sa�da de leito carro��vel;Com V�timas Feridas;Anoitecer;Crescente;C�u Claro;Simples;Curva;N�o;3;0;0;1;2;0;1;2;-19,72392834;-45,87167501;SPRF-MG;DEL08-MG;UOP02-DEL08-MG;;;
714597;28/08/2025;quinta-feira;18:15:00;ES;101;288,2;CARIACICA;Desrespeitar a prefer�ncia no cruzamento;Colis�o transversal;Com V�timas Feridas;Plena Noite;Crescente;Nublado;Dupla;Retorno Regulamentado;Sim;2;0;0;1;1;0;1;2;-20,27364868;-40,39191596;SPRF-ES;DEL01-ES;UOP01-DEL01-ES;;;
714598;28/08/2025;quinta-feira;18:30:00;SC;101;204;SAO JOSE;Aus�ncia de rea��o do condutor;Queda de ocupante de ve�culo;Com V�timas Feridas;Anoitecer;Crescente;C�u Claro;M�ltipla;Reta;N�o;2;0;1;0;1;0;1;2;-27,57528178;-48,61320081;SPRF-SC;DEL01-SC;UOP01-DEL01-SC;;;
714601;28/08/2025;quinta-feira;17:00:00;PR;376;199;MARIALVA;Ingest�o de �lcool pelo condutor;Sa�da de leito carro��vel;Com V�timas Feridas;Pleno dia;Decrescente;C�u Claro;Dupla;Reta;N�o;1;0;1;0;0;0;1;1;-23,50127;-51,759201;SPRF-PR;DEL09-PR;UOP01-DEL09-PR;;;
714602;28/08/2025;quinta-feira;18:40:00;RS;290;128;ELDORADO DO SUL;Aus�ncia de sinaliza��o;Colis�o lateral sentido oposto;Com V�timas Feridas;Plena Noite;Crescente;C�u Claro;Simples;Reta;N�o;5;0;1;0;4;0;1;3;-30,05684076;-51,48371029;SPRF-RS;DEL02-RS;UOP01-DEL02-RS;;;
714603;28/08/2025;quinta-feira;19:05:00;BA;324;613;SIMOES FILHO;Acessar a via sem observar a presen�a dos outros ve�culos;Colis�o lateral mesmo sentido;Com V�timas Feridas;Plena Noite;Crescente;C�u Claro;Dupla;Reta;Sim;2;0;1;0;1;0;1;2;-12,86399;-38,423698;SPRF-BA;DEL01-BA;UOP01-DEL01-BA;;;
714605;28/08/2025;quinta-feira;17:25:00;MG;267;71;BICAS;Velocidade Incompat�vel;Sa�da de leito carro��vel;Com V�timas Feridas;Anoitecer;Crescente;Nublado;Simples;Curva;N�o;1;0;1;0;0;0;1;1;-21,74004793;-43,10211182;SPRF-MG;DEL05-MG;UOP01-DEL05-MG;;;
714607;28/08/2025;quinta-feira;19:25:00;RS;386;370,9;FAZENDA VILANOVA;Pedestre cruzava a pista fora da faixa;Atropelamento de Pedestre;Com V�timas Fatais;Plena Noite;Crescente;C�u Claro;Dupla;Reta;N�o;2;1;1;0;0;0;1;2;-29,5976539;-51,8125915;SPRF-RS;DEL04-RS;UOP01-DEL04-RS;;;
714608;28/08/2025;quinta-feira;18:45:00;BA;367;23;PORTO SEGURO;Ultrapassagem Indevida;Colis�o frontal;Com V�timas Feridas;Plena Noite;Crescente;C�u Claro;Simples;Reta;N�o;3;0;1;1;1;0;2;2;-16,43769392;-39,08227272;SPRF-BA;DEL09-BA;UOP03-DEL09-BA;;;
714609;27/07/2025;domingo;08:30:00;RJ;116;101;GUAPIMIRIM;Rea��o tardia ou ineficiente do condutor;Tombamento;Com V�timas Feridas;Pleno dia;Decrescente;C�u Claro;Simples;"Aclive;Reta";N�o;2;0;2;0;0;0;2;1;-22,4898924;-43,00740838;SPRF-RJ;DEL04-RJ;UOP01-DEL04-RJ;;;
714611;28/08/2025;quinta-feira;11:00:00;MG;262;358;BETIM;Aus�ncia de rea��o do condutor;Colis�o traseira;Com V�timas Feridas;Pleno dia;Decrescente;C�u Claro;Dupla;Reta;N�o;2;0;1;0;1;0;1;2;-19,97947944;-44,25361633;SPRF-MG;DEL01-MG;UOP03-DEL01-MG;;;
714613;28/08/2025;quinta-feira;20:00:00;ES;101;261,9;SERRA;Animais na Pista;Atropelamento de Animal;Com V�timas Feridas;Plena Noite;Decrescente;C�u Claro;Simples;Reta;Sim;2;0;2;0;0;0;2;1;-20,157535;-40,276766;SPRF-ES;DEL02-ES;UOP01-DEL02-ES;;;
714614;07/08/2025;quinta-feira;02:00:00;PE;110;101;SERTANIA;Demais falhas mec�nicas ou el�tricas;Inc�ndio;Sem V�timas;Plena Noite;Crescente;C�u Claro;Simples;Reta;N�o;1;0;0;0;1;0;0;1;-8,36980669;-37,28553772;SPRF-PE;DEL04-PE;UOP02-DEL04-PE;;;
714615;28/08/2025;quinta-feira;14:00:00;GO;153;441,6;ANAPOLIS;Aus�ncia de rea��o do condutor;Tombamento;Com V�timas Feridas;Pleno dia;Crescente;Sol;Dupla;Reta;Sim;1;0;1;0;0;0;1;1;-16,33785727;-48,92236948;SPRF-GO;DEL02-GO;UOP01-DEL02-GO;;;
714618;28/08/2025;quinta-feira;20:30:00;MG;381;902,2;CAMBUI;Ilumina��o deficiente;Colis�o transversal;Com V�timas Fatais;Plena Noite;Crescente;C�u Claro;Dupla;Curva;N�o;2;1;0;0;1;0;0;2;-22,64071332;-46,08195591;SPRF-MG;DEL16-MG;UOP03-DEL16-MG;;;
714625;07/08/2025;quinta-feira;08:31:00;TO;10;460;PALMAS;Aus�ncia de rea��o do condutor;Colis�o com objeto;Com V�timas Feridas;Pleno dia;Crescente;C�u Claro;Simples;Reta;Sim;1;0;0;1;0;0;1;1;-10,25697993;-48,31023065;SPRF-TO;DEL01-TO;UOP03-DEL01-TO;;;
714626;28/08/2025;quinta-feira;19:20:00;SP;116;143;SAO JOSE DOS CAMPOS;Condutor deixou de manter dist�ncia do ve�culo da frente;Colis�o traseira;Com V�timas Feridas;Plena Noite;Decrescente;C�u Claro;M�ltipla;Reta;N�o;3;0;1;0;1;1;1;2;-23,1778442;-45,83225727;SPRF-SP;DEL02-SP;UOP01-DEL02-SP;;;
714628;28/08/2025;quinta-feira;18:30:00;RJ;101;313;SAO GONCALO;Aus�ncia de rea��o do condutor;Tombamento;Com V�timas Feridas;Plena Noite;Decrescente;C�u Claro;Dupla;Reta;Sim;1;0;1;0;0;0;1;1;-22,80841511;-43,06695962;SPRF-RJ;DEL02-RJ;UOP02-DEL02-RJ;;;
714629;28/08/2025;quinta-feira;19:20:00;RJ;101;316;SAO GONCALO;Aus�ncia de rea��o do condutor;Colis�o traseira;Com V�timas Feridas;Plena Noite;Decrescente;Chuva;Dupla;Reta;Sim;2;0;1;0;1;0;1;2;-22,82227075;-43,08235131;SPRF-RJ;DEL02-RJ;UOP02-DEL02-RJ;;;
714630;25/07/2025;sexta-feira;12:20:00;TO;10;465;PALMAS;Acessar a via sem observar a presen�a dos outros ve�culos;Colis�o transversal;Com V�timas Feridas;Pleno dia;Crescente;C�u Claro;Dupla;"Reta;Retorno Regulamentado";Sim;2;0;1;0;1;0;1;2;-10,23345;-48,30625;SPRF-TO;DEL01-TO;UOP03-DEL01-TO;;;
714634;28/08/2025;quinta-feira;20:30:00;RJ;101;64;CAMPOS DOS GOYTACAZES;Convers�o proibida;Colis�o lateral mesmo sentido;Com V�timas Feridas;Plena Noite;Decrescente;C�u Claro;Simples;Interse��o de Vias;Sim;2;0;1;0;1;0;1;2;-21,820151;-41,4149584;SPRF-RJ;DEL08-RJ;UOP02-DEL08-RJ;;;
714635;28/08/2025;quinta-feira;21:00:00;ES;262;105;VENDA NOVA DO IMIGRANTE;Acessar a via sem observar a presen�a dos outros ve�culos;Colis�o transversal;Com V�timas Feridas;Plena Noite;Decrescente;C�u Claro;Simples;Interse��o de Vias;Sim;2;0;0;1;1;0;1;2;-20,32766158;-41,1333673;SPRF-ES;DEL01-ES;UOP02-DEL01-ES;;;
714638;28/08/2025;quinta-feira;20:20:00;RJ;101;540;PARATY;Velocidade Incompat�vel;Tombamento;Com V�timas Feridas;Plena Noite;Decrescente;Chuva;Simples;Curva;N�o;1;0;0;1;0;0;1;1;-23,055651;-44,589842;SPRF-RJ;DEL03-RJ;UOP04-DEL03-RJ;;;
714639;28/08/2025;quinta-feira;17:30:00;RO;364;957;PORTO VELHO;Rea��o tardia ou ineficiente do condutor;Sa�da de leito carro��vel;Com V�timas Fatais;Pleno dia;Crescente;C�u Claro;Simples;Curva;N�o;3;2;1;0;0;0;1;1;-9,65795398;-65,64949036;SPRF-RO;DEL01-RO;UOP03-DEL01-RO;;;
714640;28/08/2025;quinta-feira;21:55:00;MG;40;731,6;SANTOS DUMONT;Velocidade Incompat�vel;Capotamento;Com V�timas Feridas;Plena Noite;Crescente;C�u Claro;Dupla;"Declive;Curva";N�o;1;0;1;0;0;0;1;1;-21,365664;-43,57764;SPRF-MG;DEL05-MG;UOP01-DEL05-MG;;;
714641;28/08/2025;quinta-feira;22:00:00;MG;40;663;CARANDAI;Aus�ncia de rea��o do condutor;Sa�da de leito carro��vel;Sem V�timas;Plena Noite;Crescente;C�u Claro;Simples;"Reta;Aclive";N�o;1;0;0;0;1;0;0;1;-20,9513276;-43,8015978;SPRF-MG;DEL05-MG;UOP02-DEL05-MG;;;
714642;28/08/2025;quinta-feira;22:15:00;SP;116;157,7;SAO JOSE DOS CAMPOS;Condutor deixou de manter dist�ncia do ve�culo da frente;Engavetamento;Com V�timas Feridas;Plena Noite;Crescente;C�u Claro;Dupla;"Declive;Reta;Em Obras";N�o;3;0;1;0;2;0;1;3;-23,25631001;-45,94688416;SPRF-SP;DEL02-SP;UOP01-DEL02-SP;;;
714643;21/08/2025;quinta-feira;11:50:00;MG;40;629;CONSELHEIRO LAFAIETE;Velocidade Incompat�vel;Atropelamento de Pedestre;Com V�timas Feridas;Pleno dia;Decrescente;Sol;Simples;"Aclive;Reta";Sim;3;0;1;1;0;1;2;2;-20,65314536;-43,80882025;SPRF-MG;DEL05-MG;UOP02-DEL05-MG;;;