id;data_inversa;dia_semana;horario;uf;br;km;municipio;causa_acidente;tipo_acidente;classificacao_acidente;fase_dia;sentido_via;condicao_metereologica;tipo_pista;tracado_via;uso_solo;pessoas;mortos;feridos_leves;feridos_graves;ilesos;ignorados;feridos;veiculos;latitude;longitude;regional;delegacia;uop;;;
714645;28/08/2025;quinta-feira;13:00:00;MT;364;398;CUIABA;Rea��o tardia ou ineficiente do condutor;Queda de ocupante de ve�culo;Com V�timas Feridas;Pleno dia;Crescente;C�u Claro;Dupla;Reta;Sim;1;0;1;0;0;0;1;1;-15,66845377;-55,95502889;SPRF-MT;DEL01-MT;UOP02-DEL01-MT;;;
714646;28/08/2025;quinta-feira;18:20:00;RS;285;571;SAO LUIZ GONZAGA;Desrespeitar a prefer�ncia no cruzamento;Colis�o transversal;Com V�timas Feridas;Plena Noite;Crescente;Ignorado;Simples;"Reta;Interse��o de Vias";Sim;2;0;1;0;1;0;1;2;-28,4139972;-54,98869228;SPRF-RS;DEL12-RS;UOP01-DEL12-RS;;;
714652;28/08/2025;quinta-feira;23:30:00;RS;472;173,9;SANTA ROSA;Velocidade Incompat�vel;Colis�o traseira;Com V�timas Feridas;Plena Noite;Crescente;C�u Claro;Simples;Reta;Sim;3;0;0;2;1;0;2;2;-27,857851;-54,504524;SPRF-RS;DEL10-RS;UOP01-DEL10-RS;;;
714655;28/08/2025;quinta-feira;23:40:00;SC;101;284,7;IMBITUBA;Aus�ncia de rea��o do condutor;Tombamento;Com V�timas Feridas;Plena Noite;Crescente;Ignorado;Dupla;"Curva;Interse��o de Vias";Sim;1;0;0;1;0;0;1;1;-28,23664944;-48,70065451;SPRF-SC;DEL02-SC;UOP03-DEL02-SC;;;
714656;28/08/2025;quinta-feira;23:40:00;SC;101;275,4;IMBITUBA;Rea��o tardia ou ineficiente do condutor;Colis�o com objeto;Com V�timas Feridas;Plena Noite;Decrescente;C�u Claro;M�ltipla;Reta;Sim;1;0;1;0;0;0;1;1;-28,14540703;-48,69182467;SPRF-SC;DEL02-SC;UOP03-DEL02-SC;;;
714659;28/08/2025;quinta-feira;17:00:00;SC;470;32;GASPAR;Aus�ncia de rea��o do condutor;Colis�o traseira;Sem V�timas;Pleno dia;Crescente;Sol;Dupla;Reta;N�o;2;0;0;0;2;0;0;2;-26,89361502;-48,89898174;SPRF-SC;DEL04-SC;UOP01-DEL04-SC;;;
714660;28/08/2025;quinta-feira;23:32:00;MS;163;7,7;MUNDO NOVO;Objeto est�tico sobre o leito carro��vel;Colis�o com objeto;Sem V�timas;Plena Noite;Crescente;C�u Claro;Simples;Reta;N�o;1;0;0;0;0;1;0;1;-23,996698;-54,326728;SPRF-MS;DEL09-MS;UOP02-DEL09-MS;;;
714661;28/08/2025;quinta-feira;22:40:00;SC;116;144,9;SANTA CECILIA;Aus�ncia de rea��o do condutor;Colis�o com objeto;Sem V�timas;Plena Noite;Crescente;Nublado;Simples;Retorno Regulamentado;N�o;1;0;0;0;1;0;0;1;-26,99566;-50,404564;SPRF-SC;DEL06-SC;UOP02-DEL06-SC;;;
714663;29/08/2025;sexta-feira;00:50:00;PR;277;466,1;LARANJEIRAS DO SUL;Ingest�o de �lcool pelo condutor;Sa�da de leito carro��vel;Sem V�timas;Plena Noite;Decrescente;C�u Claro;Simples;Reta;N�o;1;0;0;0;1;0;0;1;-25,338272;-52,502154;SPRF-PR;DEL04-PR;UOP02-DEL04-PR;;;
714664;29/08/2025;sexta-feira;01:40:00;DF;20;3,7;BRASILIA;Aus�ncia de rea��o do condutor;Sa�da de leito carro��vel;Com V�timas Feridas;Plena Noite;Crescente;C�u Claro;Dupla;"Declive;Curva";N�o;1;0;1;0;0;0;1;1;-15,5822075;-47,5357391;SPRF-DF;DEL02-DF;UOP01-DEL02-DF;;;
714665;29/08/2025;sexta-feira;01:35:00;MT;70;1,3;BARRA DO GARCAS;Transitar na contram�o;Colis�o transversal;Com V�timas Feridas;Plena Noite;Crescente;C�u Claro;Simples;Reta;N�o;3;0;1;1;1;0;2;2;-15,8880327;-52,2675378;SPRF-MT;DEL07-MT;UOP01-DEL07-MT;;;
714666;29/08/2025;sexta-feira;02:50:00;PR;376;262,5;CALIFORNIA;Aus�ncia de rea��o do condutor;Colis�o com objeto;Com V�timas Feridas;Plena Noite;Crescente;C�u Claro;Dupla;Reta;N�o;1;0;0;1;0;0;1;1;-23,7073995;-51,32383347;SPRF-PR;DEL07-PR;UOP03-DEL07-PR;;;
714667;29/08/2025;sexta-feira;02:30:00;MG;381;916;CAMANDUCAIA;Condutor Dormindo;Colis�o com objeto;Sem V�timas;Plena Noite;Decrescente;C�u Claro;Dupla;Reta;N�o;1;0;0;0;1;0;0;1;-22,73948821;-46,13756562;SPRF-MG;DEL16-MG;UOP03-DEL16-MG;;;
714668;29/08/2025;sexta-feira;03:20:00;RS;116;248;SAO LEOPOLDO;Ingest�o de �lcool pelo condutor;Colis�o com objeto;Com V�timas Feridas;Plena Noite;Decrescente;C�u Claro;M�ltipla;"Reta;Viaduto";Sim;1;0;1;0;0;0;1;1;-29,77500205;-51,15480658;SPRF-RS;DEL01-RS;UOP02-DEL01-RS;;;
714670;29/08/2025;sexta-feira;02:55:00;PR;277;71;SAO JOSE DOS PINHAIS;Condutor Dormindo;Colis�o traseira;Com V�timas Feridas;Plena Noite;Decrescente;Nublado;Dupla;Reta;N�o;3;0;1;1;1;0;2;2;-25,50953812;-49,13277833;SPRF-PR;DEL01-PR;UOP07-DEL01-PR;;;
714671;29/08/2025;sexta-feira;05:32:00;GO;153;515,2;APARECIDA DE GOIANIA;Rea��o tardia ou ineficiente do condutor;Atropelamento de Animal;Com V�timas Feridas;Amanhecer;Decrescente;C�u Claro;Dupla;Reta;Sim;1;0;0;1;0;0;1;1;-16,8333664;-49,243551;SPRF-GO;DEL01-GO;UOP03-DEL01-GO;;;
714672;29/08/2025;sexta-feira;04:00:00;MT;163;54,9;ITIQUIRA;Aus�ncia de rea��o do condutor;Colis�o frontal;Com V�timas Feridas;Amanhecer;Crescente;Nublado;Dupla;"Curva;Ponte";N�o;1;0;1;0;0;0;1;1;-17,12363238;-54,7391063;SPRF-MT;DEL02-MT;UOP03-DEL02-MT;;;
714673;29/08/2025;sexta-feira;04:55:00;GO;153;514;APARECIDA DE GOIANIA;Acessar a via sem observar a presen�a dos outros ve�culos;Colis�o transversal;Com V�timas Feridas;Amanhecer;Decrescente;Nublado;Dupla;Interse��o de Vias;Sim;3;0;1;0;2;0;1;2;-16,826827;-49,242112;SPRF-GO;DEL01-GO;UOP03-DEL01-GO;;;
714674;29/08/2025;sexta-feira;05:35:00;RJ;116;112;GUAPIMIRIM;Entrada inopinada do pedestre;Atropelamento de Pedestre;Com V�timas Fatais;Amanhecer;Decrescente;C�u Claro;Dupla;Reta;N�o;2;1;0;0;1;0;0;2;-22,55885456;-42,99636841;SPRF-RJ;DEL04-RJ;UOP02-DEL04-RJ;;;
714675;29/08/2025;sexta-feira;05:30:00;ES;259;30;COLATINA;Condutor Dormindo;Colis�o frontal;Com V�timas Feridas;Amanhecer;Crescente;C�u Claro;Simples;Curva;N�o;3;0;3;0;0;0;3;2;-19,5919364;-40,5087476;SPRF-ES;DEL02-ES;UOP01-DEL02-ES;;;
714676;29/08/2025;sexta-feira;05:45:00;PR;277;597,2;CASCAVEL;Pedestre andava na pista;Atropelamento de Pedestre;Com V�timas Feridas;Amanhecer;Crescente;C�u Claro;Simples;Reta;Sim;2;0;1;0;1;0;1;2;-24,99536312;-53,51415336;SPRF-PR;DEL04-PR;UOP01-DEL04-PR;;;
714678;29/08/2025;sexta-feira;01:50:00;MG;40;745,8;SANTOS DUMONT;Animais na Pista;Atropelamento de Animal;Com V�timas Feridas;Plena Noite;Crescente;Nublado;Simples;Curva;N�o;2;0;1;0;1;0;1;1;-21,47;-43,554;SPRF-MG;DEL05-MG;UOP01-DEL05-MG;;;
714680;29/08/2025;sexta-feira;06:20:00;PR;277;697;SAO MIGUEL DO IGUACU;Aus�ncia de rea��o do condutor;Capotamento;Com V�timas Feridas;Pleno dia;Crescente;C�u Claro;Dupla;Declive;N�o;4;0;0;1;3;0;1;1;-25,39118703;-54,30335999;SPRF-PR;DEL05-PR;UOP01-DEL05-PR;;;
714681;29/08/2025;sexta-feira;06:30:00;MG;116;708;SAO JOAO DO MANHUACU;Acessar a via sem observar a presen�a dos outros ve�culos;Colis�o traseira;Com V�timas Feridas;Pleno dia;Crescente;C�u Claro;Simples;"Reta;Interse��o de Vias";N�o;2;0;1;0;1;0;1;2;-20,435552;-42,163953;SPRF-MG;DEL07-MG;UOP02-DEL07-MG;;;
714683;29/08/2025;sexta-feira;02:00:00;MG;381;491;BETIM;Aus�ncia de rea��o do condutor;Queda de ocupante de ve�culo;Com V�timas Feridas;Pleno dia;Decrescente;C�u Claro;Dupla;Reta;N�o;1;0;1;0;0;0;1;1;-19,96173215;-44,15473938;SPRF-MG;DEL01-MG;UOP03-DEL01-MG;;;
714684;28/08/2025;quinta-feira;20:30:00;MG;50;14;ARAGUARI;Velocidade Incompat�vel;Sa�da de leito carro��vel;Sem V�timas;Pleno dia;Decrescente;C�u Claro;Dupla;"Retorno Regulamentado;Curva";N�o;1;0;0;0;1;0;0;1;-18,54405598;-48,0493927;SPRF-MG;DEL15-MG;UOP02-DEL15-MG;;;
714687;09/08/2025;s�bado;22:10:00;RN;101;104;PARNAMIRIM;Manobra de mudan�a de faixa;Colis�o lateral mesmo sentido;Com V�timas Feridas;Plena Noite;Crescente;Nublado;Dupla;"Viaduto;Curva";Sim;3;0;2;0;0;1;2;2;-5,89189722;-35,25873415;SPRF-RN;DEL01-RN;UOP01-DEL01-RN;;;
714688;27/08/2025;quarta-feira;16:20:00;RN;101;104;PARNAMIRIM;Condutor deixou de manter dist�ncia do ve�culo da frente;Colis�o traseira;Com V�timas Feridas;Pleno dia;Crescente;C�u Claro;Dupla;Reta;Sim;4;0;3;0;1;0;3;3;-5,894865;-35,257868;SPRF-RN;DEL01-RN;UOP01-DEL01-RN;;;
714689;27/08/2025;quarta-feira;16:20:00;RN;101;104;PARNAMIRIM;Condutor deixou de manter dist�ncia do ve�culo da frente;Colis�o traseira;Com V�timas Feridas;Pleno dia;Crescente;C�u Claro;M�ltipla;Reta;Sim;2;0;1;0;1;0;1;2;-5,89487709;-35,25810884;SPRF-RN;DEL01-RN;UOP01-DEL01-RN;;;
714690;27/08/2025;quarta-feira;15:20:00;RN;101;95;NATAL;Ingest�o de �lcool pelo condutor;Colis�o com objeto;Sem V�timas;Pleno dia;Decrescente;C�u Claro;M�ltipla;"Viaduto;Reta";Sim;1;0;0;0;1;0;0;1;-5,84699998;-35,20821975;SPRF-RN;DEL01-RN;UOP01-DEL01-RN;;;
714692;29/08/2025;sexta-feira;06:50:00;PR;476;150,5;ARAUCARIA;Aus�ncia de rea��o do condutor;Sa�da de leito carro��vel;Com V�timas Feridas;Amanhecer;Crescente;Nublado;Dupla;Reta;N�o;1;0;1;0;0;0;1;1;-25,5622053;-49,3730671;SPRF-PR;DEL01-PR;UOP06-DEL01-PR;;;
714693;29/08/2025;sexta-feira;07:40:00;RS;116;250;SAO LEOPOLDO;Aus�ncia de rea��o do condutor;Colis�o traseira;Com V�timas Feridas;Pleno dia;Crescente;Nublado;M�ltipla;Reta;Sim;2;0;0;1;1;0;1;2;-29,789305;-51,163883;SPRF-RS;DEL01-RS;UOP02-DEL01-RS;;;
714694;29/08/2025;sexta-feira;07:20:00;PR;158;516,6;PATO BRANCO;Ultrapassagem Indevida;Colis�o frontal;Com V�timas Feridas;Pleno dia;Decrescente;C�u Claro;Simples;"Aclive;Curva";N�o;3;0;0;1;2;0;1;3;-26,089092;-52,643423;SPRF-PR;DEL02-PR;UOP01-DEL02-PR;;;
714695;29/08/2025;sexta-feira;07:10:00;PR;369;505,8;CASCAVEL;Acessar a via sem observar a presen�a dos outros ve�culos;Colis�o lateral mesmo sentido;Com V�timas Feridas;Pleno dia;Decrescente;C�u Claro;Simples;Reta;Sim;2;0;0;1;1;0;1;2;-24,94608742;-53,3981437;SPRF-PR;DEL04-PR;UOP01-DEL04-PR;;;
714697;29/08/2025;sexta-feira;07:50:00;GO;70;1;AGUAS LINDAS DE GOIAS;Manobra de mudan�a de faixa;Colis�o lateral mesmo sentido;Com V�timas Feridas;Pleno dia;Decrescente;Sol;M�ltipla;"Curva;Declive";Sim;2;0;1;0;1;0;1;2;-15,768597;-48,229937;SPRF-DF;DEL03-DF;UOP02-DEL03-DF;;;
714698;20/08/2025;quarta-feira;18:00:00;MG;262;0,5;MARTINS SOARES;Animais na Pista;Atropelamento de Animal;Com V�timas Feridas;Plena Noite;Crescente;C�u Claro;Simples;Reta;N�o;2;0;1;0;1;0;1;2;-20,27613276;-41,77911061;SPRF-MG;DEL06-MG;UOP03-DEL06-MG;;;
714701;29/08/2025;sexta-feira;07:45:00;SP;116;143;SAO JOSE DOS CAMPOS;Condutor deixou de manter dist�ncia do ve�culo da frente;Colis�o traseira;Com V�timas Feridas;Pleno dia;Crescente;C�u Claro;M�ltipla;Reta;N�o;2;0;1;0;1;0;1;2;-23,17594065;-45,83309412;SPRF-SP;DEL02-SP;UOP01-DEL02-SP;;;
714703;29/08/2025;sexta-feira;08:20:00;PE;101;73;RECIFE;Rea��o tardia ou ineficiente do condutor;Tombamento;Com V�timas Feridas;Pleno dia;Decrescente;Nublado;Dupla;Reta;Sim;2;0;2;0;0;0;2;1;-8,09522;-34,94877;SPRF-PE;DEL01-PE;UOP01-DEL01-PE;;;
714704;21/07/2025;segunda-feira;02:00:00;RS;392;67;PELOTAS;Aus�ncia de rea��o do condutor;Tombamento;Sem V�timas;Plena Noite;Crescente;Nublado;Simples;Reta;N�o;2;0;0;0;0;2;0;1;-31,5352708;-52,40349166;SPRF-RS;DEL07-RS;UOP01-DEL07-RS;;;
714705;29/08/2025;sexta-feira;07:45:00;PI;343;266,5;CAMPO MAIOR;Animais na Pista;Tombamento;Com V�timas Feridas;Pleno dia;Crescente;C�u Claro;Simples;Reta;Sim;2;0;0;1;0;1;1;2;-4,83961324;-42,17721105;SPRF-PI;DEL01-PI;UOP03-DEL01-PI;;;
714707;29/08/2025;sexta-feira;07:45:00;PB;230;135,6;CAMPINA GRANDE;Rea��o tardia ou ineficiente do condutor;Sa�da de leito carro��vel;Com V�timas Feridas;Pleno dia;Crescente;C�u Claro;Dupla;Curva;N�o;4;0;4;0;0;0;4;1;-7,28195092;-35,76803685;SPRF-PB;DEL02-PB;UOP01-DEL02-PB;;;
714709;29/08/2025;sexta-feira;08:35:00;PB;101;87,2;JOAO PESSOA;Aus�ncia de rea��o do condutor;Tombamento;Com V�timas Feridas;Pleno dia;Decrescente;Chuva;Dupla;Reta;N�o;4;0;3;0;1;0;3;3;-7,15849169;-34,90634171;SPRF-PB;DEL01-PB;UOP01-DEL01-PB;;;
714710;29/08/2025;sexta-feira;08:30:00;DF;70;13,9;BRASILIA;Condutor deixou de manter dist�ncia do ve�culo da frente;Colis�o traseira;Com V�timas Feridas;Pleno dia;Decrescente;C�u Claro;Dupla;Reta;Sim;2;0;0;1;1;0;1;2;-15,798857;-48,186294;SPRF-DF;DEL03-DF;UOP02-DEL03-DF;;;
714711;29/08/2025;sexta-feira;08:05:00;CE;116;42;HORIZONTE;Acessar a via sem observar a presen�a dos outros ve�culos;Colis�o lateral mesmo sentido;Com V�timas Feridas;Pleno dia;Decrescente;C�u Claro;M�ltipla;"Reta;Interse��o de Vias;Retorno Regulamentado";Sim;2;0;1;0;1;0;1;2;-4,113806;-38,489695;SPRF-CE;DEL01-CE;UOP02-DEL01-CE;;;
714713;29/08/2025;sexta-feira;09:00:00;PI;343;470;ANGICAL DO PIAUI;Acessar a via sem observar a presen�a dos outros ve�culos;Colis�o transversal;Com V�timas Feridas;Pleno dia;Crescente;C�u Claro;Dupla;Interse��o de Vias;N�o;2;0;2;0;0;0;2;2;-6,09602187;-42,72385094;SPRF-PI;DEL01-PI;UOP02-DEL01-PI;;;
714714;29/08/2025;sexta-feira;08:30:00;RJ;101;556,8;PARATY;Avarias e/ou desgaste excessivo no pneu;Capotamento;Com V�timas Feridas;Pleno dia;Crescente;C�u Claro;Simples;Curva;N�o;1;0;1;0;0;0;1;1;-23,081;-44,695;SPRF-RJ;DEL03-RJ;UOP04-DEL03-RJ;;;
714715;10/02/2025;segunda-feira;13:30:00;MG;262;797,2;UBERABA;Ultrapassagem Indevida;Colis�o frontal;Com V�timas Feridas;Pleno dia;Decrescente;Sol;Simples;"Reta;Declive";N�o;6;0;6;0;0;0;6;2;-19,77457655;-47,91782766;SPRF-MG;DEL13-MG;UOP01-DEL13-MG;;;
714716;29/08/2025;sexta-feira;07:10:00;BA;324;588;CANDEIAS;Rea��o tardia ou ineficiente do condutor;Engavetamento;Com V�timas Feridas;Pleno dia;Crescente;C�u Claro;Dupla;Reta;N�o;4;0;1;0;3;0;1;3;-12,66628391;-38,47052693;SPRF-BA;DEL01-BA;UOP01-DEL01-BA;;;
714717;23/07/2025;quarta-feira;11:30:00;MA;135;18;SAO LUIS;Rea��o tardia ou ineficiente do condutor;Sa�da de leito carro��vel;Com V�timas Feridas;Pleno dia;Crescente;C�u Claro;Dupla;Rotat�ria;N�o;1;0;1;0;0;0;1;1;-2,71590143;-44,32035344;SPRF-MA;DEL01-MA;UOP01-DEL01-MA;;;
714718;29/08/2025;sexta-feira;09:45:00;PR;116;29;CAMPINA GRANDE DO SUL;Transitar no Acostamento;Colis�o traseira;Sem V�timas;Pleno dia;Crescente;Nublado;Dupla;Reta;N�o;2;0;0;0;2;0;0;2;-25,17384364;-48,86830028;SPRF-PR;DEL01-PR;UOP02-DEL01-PR;;;
714720;29/08/2025;sexta-feira;08:30:00;SC;101;87;BARRA VELHA;Aus�ncia de rea��o do condutor;Tombamento;Com V�timas Feridas;Pleno dia;Crescente;Nublado;Dupla;"Declive;Curva";Sim;1;0;1;0;0;0;1;1;-26,64146047;-48,69376123;SPRF-SC;DEL03-SC;UOP02-DEL03-SC;;;
714721;29/08/2025;sexta-feira;07:00:00;MT;163;686;LUCAS DO RIO VERDE;Acessar a via sem observar a presen�a dos outros ve�culos;Colis�o transversal;Sem V�timas;Pleno dia;Decrescente;Sol;Dupla;"Reta;Interse��o de Vias";Sim;3;0;0;0;3;0;0;2;-13,08003;-55,938023;SPRF-MT;DEL06-MT;UOP01-DEL06-MT;;;
714724;29/08/2025;sexta-feira;07:05:00;RJ;493;16;GUAPIMIRIM;Aus�ncia de rea��o do condutor;Colis�o transversal;Com V�timas Feridas;Amanhecer;Crescente;Nublado;Simples;Reta;N�o;2;0;1;0;1;0;1;2;-22,66597704;-43,00426483;SPRF-RJ;DEL04-RJ;UOP02-DEL04-RJ;;;
714725;25/08/2025;segunda-feira;04:30:00;BA;101;333;PRESIDENTE TANCREDO NEVES;Transitar na contram�o;Colis�o frontal;Com V�timas Feridas;Amanhecer;Crescente;Garoa/Chuvisco;Simples;Reta;N�o;2;0;0;1;1;0;1;2;-13,48424977;-39,42383742;SPRF-BA;DEL05-BA;UOP03-DEL05-BA;;;
714727;29/08/2025;sexta-feira;11:00:00;PE;232;128;CARUARU;Rea��o tardia ou ineficiente do condutor;Colis�o lateral mesmo sentido;Com V�timas Feridas;Pleno dia;Decrescente;Nublado;M�ltipla;"Aclive;Reta";Sim;4;0;3;0;1;0;3;2;-8,30453687;-35,97171164;SPRF-PE;DEL02-PE;UOP03-DEL02-PE;;;
714728;29/08/2025;sexta-feira;11:30:00;RN;304;302;MACAIBA;Demais falhas mec�nicas ou el�tricas;Tombamento;Com V�timas Feridas;Pleno dia;Crescente;C�u Claro;Dupla;Reta;N�o;2;0;1;1;0;0;2;2;-5,8794652;-35,2955801;SPRF-RN;DEL01-RN;UOP02-DEL01-RN;;;
714729;08/08/2025;sexta-feira;14:25:00;CE;116;6;FORTALEZA;Aus�ncia de rea��o do condutor;Engavetamento;Com V�timas Feridas;Pleno dia;Crescente;C�u Claro;M�ltipla;Reta;Sim;5;0;2;0;3;0;2;3;-3,803494;-38,5038;SPRF-CE;DEL01-CE;UOP02-DEL01-CE;;;
714731;07/06/2025;s�bado;16:48:00;TO;242;293;PEIXE;Aus�ncia de rea��o do condutor;Sa�da de leito carro��vel;Com V�timas Feridas;Pleno dia;Crescente;C�u Claro;Simples;Curva;N�o;1;0;0;1;0;0;1;1;-12,2237674;-48,47311306;SPRF-TO;DEL01-TO;UOP02-DEL01-TO;;;
714732;29/08/2025;sexta-feira;10:43:00;ES;0;0;VILA VELHA;Trafegar com motocicleta (ou similar) entre as faixas;Colis�o lateral mesmo sentido;Sem V�timas;Pleno dia;N�o Informado;C�u Claro;M�ltipla;Reta;Sim;4;0;0;0;4;0;0;4;-20,33359172;-40,29144323;SPRF-ES;N/A;N/A;;;
714735;29/08/2025;sexta-feira;11:45:00;SE;101;150;ESTANCIA;Condutor deixou de manter dist�ncia do ve�culo da frente;Colis�o traseira;Com V�timas Feridas;Pleno dia;Decrescente;C�u Claro;Simples;Reta;N�o;3;0;1;0;2;0;1;3;-11,26292866;-37,44150281;SPRF-SE;DEL02-SE;UOP01-DEL02-SE;;;
714736;29/08/2025;sexta-feira;12:15:00;SC;101;216,1;PALHOCA;Trafegar com motocicleta (ou similar) entre as faixas;Colis�o lateral mesmo sentido;Com V�timas Feridas;Pleno dia;Crescente;Nublado;M�ltipla;Reta;Sim;2;0;1;0;1;0;1;2;-27,66111799;-48,67706029;SPRF-SC;DEL01-SC;UOP02-DEL01-SC;;;
714737;29/08/2025;sexta-feira;11:05:00;GO;153;196;URUACU;Acessar a via sem observar a presen�a dos outros ve�culos;Colis�o transversal;Com V�timas Feridas;Pleno dia;Decrescente;C�u Claro;Simples;"Reta;Retorno Regulamentado";N�o;4;0;2;0;2;0;2;2;-14,47638238;-49,15527821;SPRF-GO;DEL07-GO;UOP02-DEL07-GO;;;
714738;05/08/2025;ter�a-feira;19:38:00;PR;277;79;CURITIBA;Aus�ncia de rea��o do condutor;Colis�o traseira;Com V�timas Feridas;Plena Noite;Decrescente;Ignorado;Dupla;Curva;N�o;3;0;1;0;1;1;1;2;-25,476121;-49,207104;SPRF-PR;DEL01-PR;UOP07-DEL01-PR;;;
714739;13/07/2025;domingo;16:30:00;TO;153;634,1;CRIXAS DO TOCANTINS;Transitar na contram�o;Colis�o frontal;Com V�timas Feridas;Pleno dia;Crescente;C�u Claro;Simples;Reta;N�o;3;0;0;2;1;0;2;2;-11,20366147;-48,93070221;SPRF-TO;DEL01-TO;UOP02-DEL01-TO;;;
714740;29/08/2025;sexta-feira;13:00:00;RS;386;435;NOVA SANTA RITA;Rea��o tardia ou ineficiente do condutor;Colis�o traseira;Com V�timas Feridas;Pleno dia;Crescente;C�u Claro;Dupla;Rotat�ria;N�o;2;0;1;0;1;0;1;2;-29,84794387;-51,27118617;SPRF-RS;DEL04-RS;UOP02-DEL04-RS;;;
714741;29/08/2025;sexta-feira;12:20:00;SC;101;119,9;ITAJAI;Aus�ncia de rea��o do condutor;Colis�o lateral mesmo sentido;Com V�timas Feridas;Pleno dia;Crescente;C�u Claro;Dupla;Reta;Sim;2;0;1;0;0;1;1;2;-26,9108733;-48,71261147;SPRF-SC;DEL04-SC;UOP04-DEL04-SC;;;
714742;18/07/2025;sexta-feira;08:05:00;PR;116;16;COLOMBO;Rea��o tardia ou ineficiente do condutor;Colis�o lateral mesmo sentido;Com V�timas Feridas;Pleno dia;Decrescente;Ignorado;M�ltipla;Reta;Sim;2;0;1;0;1;0;1;2;-25,3781175;-49,1555697;SPRF-PR;DEL01-PR;UOP02-DEL01-PR;;;
714743;29/08/2025;sexta-feira;10:30:00;GO;80;170;URUACU;Transitar na contram�o;Colis�o lateral sentido oposto;Com V�timas Feridas;Pleno dia;Decrescente;C�u Claro;Simples;Reta;N�o;3;0;1;0;2;0;1;2;-14,69589368;-49,11744118;SPRF-GO;DEL07-GO;UOP02-DEL07-GO;;;
714745;29/08/2025;sexta-feira;13:20:00;GO;414;362;COCALZINHO DE GOIAS;Aus�ncia de rea��o do condutor;Sa�da de leito carro��vel;Com V�timas Feridas;Pleno dia;Crescente;C�u Claro;Simples;"Aclive;Curva";N�o;1;0;1;0;0;0;1;1;-15,72532546;-48,70604706;SPRF-GO;DEL02-GO;UOP01-DEL02-GO;;;
714747;29/08/2025;sexta-feira;13:00:00;PR;369;201;APUCARANA;Acessar a via sem observar a presen�a dos outros ve�culos;Colis�o lateral mesmo sentido;Com V�timas Feridas;Pleno dia;Crescente;C�u Claro;Simples;"Interse��o de Vias;Curva;Aclive";Sim;2;0;1;0;1;0;1;2;-23,541292;-51,45643;SPRF-PR;DEL07-PR;UOP03-DEL07-PR;;;
714749;29/08/2025;sexta-feira;12:00:00;BA;116;135;CANUDOS;Aus�ncia de rea��o do condutor;Sa�da de leito carro��vel;Com V�timas Feridas;Pleno dia;Crescente;Sol;Simples;Reta;N�o;1;0;1;0;0;0;1;1;-9,792136;-39,142661;SPRF-BA;DEL07-BA;UOP03-DEL07-BA;;;
714750;29/08/2025;sexta-feira;13:20:00;PR;277;7;PARANAGUA;Rea��o tardia ou ineficiente do condutor;Atropelamento de Pedestre;Com V�timas Feridas;Pleno dia;Crescente;C�u Claro;Simples;Reta;Sim;2;0;2;0;0;0;2;2;-25,509303;-48,518288;SPRF-PR;DEL01-PR;UOP05-DEL01-PR;;;
714751;29/08/2025;sexta-feira;13:40:00;PR;163;76,3;PLANALTO;Acesso irregular;Colis�o transversal;Com V�timas Feridas;Pleno dia;Decrescente;C�u Claro;Simples;Curva;N�o;3;0;2;0;1;0;2;2;-25,749677;-53,797927;SPRF-PR;DEL02-PR;UOP02-DEL02-PR;;;
714752;29/08/2025;sexta-feira;11:45:00;SC;282;525;XAXIM;Condutor deixou de manter dist�ncia do ve�culo da frente;Colis�o traseira;Com V�timas Feridas;Pleno dia;Crescente;C�u Claro;Simples;Curva;N�o;2;0;1;0;1;0;1;2;-26,96459269;-52,56505251;SPRF-SC;DEL07-SC;UOP01-DEL07-SC;;;
714753;25/07/2025;sexta-feira;12:00:00;MG;381;414;CAETE;Aus�ncia de rea��o do condutor;Colis�o com objeto;Com V�timas Feridas;Pleno dia;Crescente;Sol;Dupla;"Curva;Viaduto;Retorno Regulamentado";Sim;2;0;2;0;0;0;2;1;-19,94253056;-43,64404678;SPRF-MG;DEL01-MG;UOP01-DEL01-MG;;;
714757;29/08/2025;sexta-feira;14:20:00;PE;101;40;IGARASSU;Ingest�o de �lcool pelo condutor;Colis�o lateral mesmo sentido;Com V�timas Feridas;Pleno dia;Crescente;C�u Claro;Dupla;Reta;Sim;3;0;1;0;2;0;1;2;-7,82821;-34,914938;SPRF-PE;DEL01-PE;UOP02-DEL01-PE;;;
714759;29/08/2025;sexta-feira;13:00:00;PI;343;4,2;TERESINA;Entrada inopinada do pedestre;Atropelamento de Pedestre;Com V�timas Feridas;Pleno dia;Crescente;Sol;M�ltipla;Reta;Sim;2;0;1;1;0;0;2;2;-5,080187;-42,788613;SPRF-PI;DEL01-PI;UOP01-DEL01-PI;;;
714761;29/08/2025;sexta-feira;13:49:00;ES;101;296;CARIACICA;Rea��o tardia ou ineficiente do condutor;Colis�o com objeto;Com V�timas Feridas;Pleno dia;Crescente;Sol;Simples;"Curva;Aclive;Viaduto";Sim;1;0;1;0;0;0;1;1;-20,342795;-40,406188;SPRF-ES;DEL01-ES;UOP01-DEL01-ES;;;