id;data_inversa;dia_semana;horario;uf;br;km;municipio;causa_acidente;tipo_acidente;classificacao_acidente;fase_dia;sentido_via;condicao_metereologica;tipo_pista;tracado_via;uso_solo;pessoas;mortos;feridos_leves;feridos_graves;ilesos;ignorados;feridos;veiculos;latitude;longitude;regional;delegacia;uop;;;
714764;18/06/2025;quarta-feira;22:15:00;TO;153;674;GURUPI;Transitar na contram�o;Colis�o frontal;Com V�timas Fatais;Plena Noite;Crescente;C�u Claro;Dupla;"Reta;Aclive";N�o;3;1;0;0;2;0;0;2;-11,76452027;-49,099617;SPRF-TO;DEL01-TO;UOP02-DEL01-TO;;;
714766;29/08/2025;sexta-feira;13:45:00;TO;235;163;PEDRO AFONSO;Acessar a via sem observar a presen�a dos outros ve�culos;Colis�o transversal;Com V�timas Feridas;Pleno dia;Crescente;C�u Claro;Simples;Reta;Sim;2;0;2;0;0;0;2;2;-8,99493568;-48,17354679;SPRF-TO;DEL02-TO;UOP02-DEL02-TO;;;
714769;29/08/2025;sexta-feira;13:00:00;PE;423;60;LAJEDO;Aus�ncia de rea��o do condutor;Colis�o transversal;Com V�timas Feridas;Pleno dia;Decrescente;C�u Claro;Simples;Curva;Sim;3;0;1;0;2;0;1;2;-8,656355;-36,322948;SPRF-PE;DEL03-PE;UOP01-DEL03-PE;;;
714770;29/08/2025;sexta-feira;15:00:00;RJ;116;194;QUEIMADOS;Transitar na contram�o;Colis�o lateral sentido oposto;Com V�timas Feridas;Pleno dia;Decrescente;C�u Claro;Dupla;Reta;N�o;2;0;0;1;1;0;1;2;-22,72935255;-43,58102258;SPRF-RJ;DEL06-RJ;UOP01-DEL06-RJ;;;
714772;29/08/2025;sexta-feira;15:30:00;MG;40;474,1;SETE LAGOAS;Aus�ncia de rea��o do condutor;Tombamento;Com V�timas Feridas;Pleno dia;Crescente;Nublado;Dupla;"Reta;Declive";Sim;1;0;1;0;0;0;1;1;-19,5137008;-44,2775114;SPRF-MG;DEL02-MG;UOP01-DEL02-MG;;;
714773;29/08/2025;sexta-feira;14:15:00;MS;163;473,9;CAMPO GRANDE;Acessar a via sem observar a presen�a dos outros ve�culos;Colis�o lateral mesmo sentido;Com V�timas Feridas;Pleno dia;Decrescente;C�u Claro;Simples;"Declive;Reta";Sim;3;0;1;0;2;0;1;2;-20,52877217;-54,56693379;SPRF-MS;DEL01-MS;UOP01-DEL01-MS;;;
714774;29/08/2025;sexta-feira;14:30:00;RS;386;8,1;IRAI;Condutor Dormindo;Sa�da de leito carro��vel;Com V�timas Feridas;Pleno dia;Crescente;C�u Claro;Simples;Curva;N�o;1;0;1;0;0;0;1;1;-27,202562;-53,293832;SPRF-RS;DEL08-RS;UOP02-DEL08-RS;;;
714776;29/08/2025;sexta-feira;15:20:00;SC;101;236;PALHOCA;Rea��o tardia ou ineficiente do condutor;Sa�da de leito carro��vel;Com V�timas Feridas;Pleno dia;Crescente;Nublado;Dupla;Curva;N�o;2;0;1;0;1;0;1;1;-27,826912;-48,630833;SPRF-SC;DEL01-SC;UOP02-DEL01-SC;;;
714777;29/08/2025;sexta-feira;15:20:00;RJ;101;209;CASIMIRO DE ABREU;Aus�ncia de rea��o do condutor;Colis�o traseira;Com V�timas Feridas;Pleno dia;Decrescente;Garoa/Chuvisco;Simples;Curva;Sim;2;0;1;0;1;0;1;2;-22,481835;-42,226801;SPRF-RJ;DEL08-RJ;UOP04-DEL08-RJ;;;
714778;29/08/2025;sexta-feira;14:30:00;MG;381;686,8;LAVRAS;Chuva;Colis�o com objeto;Com V�timas Feridas;Pleno dia;Decrescente;Chuva;Dupla;Reta;N�o;2;0;2;0;0;0;2;1;-21,17721;-45,12461;SPRF-MG;DEL04-MG;UOP02-DEL04-MG;;;
714779;29/08/2025;sexta-feira;10:00:00;PR;277;352;GUARAPUAVA;Rea��o tardia ou ineficiente do condutor;Colis�o traseira;Com V�timas Feridas;Pleno dia;Crescente;C�u Claro;Simples;"Reta;Aclive";N�o;4;0;2;0;2;0;2;2;-25,39560923;-51,53091522;SPRF-PR;DEL08-PR;UOP01-DEL08-PR;;;
714780;29/08/2025;sexta-feira;16:00:00;SC;101;164;TIJUCAS;Acumulo de areia ou detritos sobre o pavimento;Colis�o com objeto;Com V�timas Feridas;Pleno dia;Crescente;Nublado;Dupla;Reta;N�o;1;0;0;1;0;0;1;1;-27,247323;-48,631107;SPRF-SC;DEL04-SC;UOP03-DEL04-SC;;;
714783;29/08/2025;sexta-feira;13:00:00;MG;267;157,2;LIMA DUARTE;Condutor Dormindo;Sa�da de leito carro��vel;Sem V�timas;Pleno dia;Crescente;C�u Claro;Simples;"Declive;Curva";N�o;5;0;0;0;5;0;0;1;-21,826347;-43,756208;SPRF-MG;DEL05-MG;UOP01-DEL05-MG;;;
714785;29/08/2025;sexta-feira;16:20:00;SC;280;31,4;ARAQUARI;Condutor deixou de manter dist�ncia do ve�culo da frente;Colis�o traseira;Com V�timas Feridas;Pleno dia;Crescente;C�u Claro;Simples;Reta;N�o;3;0;2;0;1;0;2;2;-26,417245;-48,775313;SPRF-SC;DEL03-SC;UOP03-DEL03-SC;;;
714787;29/08/2025;sexta-feira;15:20:00;PE;232;67;GRAVATA;Rea��o tardia ou ineficiente do condutor;Sa�da de leito carro��vel;Com V�timas Feridas;Pleno dia;Crescente;C�u Claro;Dupla;Curva;N�o;1;0;1;0;0;0;1;1;-8,17411025;-35,48274994;SPRF-PE;DEL02-PE;UOP02-DEL02PE;;;
714788;29/08/2025;sexta-feira;16:26:00;ES;262;62,5;MARECHAL FLORIANO;Desrespeitar a prefer�ncia no cruzamento;Colis�o transversal;Com V�timas Feridas;Pleno dia;Crescente;Nublado;Simples;Reta;N�o;2;0;0;1;1;0;1;2;-20,42211235;-40,80568882;SPRF-ES;DEL01-ES;UOP02-DEL01-ES;;;
714790;29/08/2025;sexta-feira;16:45:00;RS;116;232,7;ESTANCIA VELHA;Acessar a via sem observar a presen�a dos outros ve�culos;Colis�o transversal;Sem V�timas;Pleno dia;Decrescente;C�u Claro;Simples;Curva;Sim;2;0;0;0;2;0;0;2;-29,637012;-51,142188;SPRF-RS;DEL01-RS;UOP02-DEL01-RS;;;
714791;29/08/2025;sexta-feira;13:00:00;RJ;40;114;DUQUE DE CAXIAS;Manobra de mudan�a de faixa;Colis�o lateral mesmo sentido;Com V�timas Feridas;Pleno dia;Decrescente;C�u Claro;M�ltipla;Reta;Sim;3;0;1;0;2;0;1;2;-22,72137651;-43,28941336;SPRF-RJ;DEL01-RJ;UOP02-DEL01-RJ;;;
714792;29/08/2025;sexta-feira;11:30:00;RJ;493;20;MAGE;Convers�o proibida;Colis�o transversal;Com V�timas Feridas;Pleno dia;Decrescente;C�u Claro;Simples;"Reta;Em Obras";Sim;2;0;0;1;1;0;1;2;-22,66470981;-43,03035736;SPRF-RJ;DEL04-RJ;UOP02-DEL04-RJ;;;
714793;29/08/2025;sexta-feira;16:30:00;SC;101;202,9;SAO JOSE;Manobra de mudan�a de faixa;Colis�o transversal;Com V�timas Feridas;Pleno dia;Crescente;Nublado;M�ltipla;"Reta;Interse��o de Vias";Sim;2;0;0;1;1;0;1;2;-27,565291;-48,6149571;SPRF-SC;DEL01-SC;UOP01-DEL01-SC;;;
714794;29/08/2025;sexta-feira;17:00:00;PR;277;130,9;CAMPO LARGO;Aus�ncia de rea��o do condutor;Colis�o transversal;Com V�timas Feridas;Pleno dia;Crescente;C�u Claro;Simples;Reta;N�o;3;0;1;0;1;1;1;2;-25,450002;-49,583211;SPRF-PR;DEL03-PR;UOP03-DEL03-PR;;;
714795;29/08/2025;sexta-feira;16:05:00;MG;116;525,9;CARATINGA;Acessar a via sem observar a presen�a dos outros ve�culos;Colis�o transversal;Com V�timas Feridas;Pleno dia;Decrescente;Sol;Dupla;Rotat�ria;Sim;2;0;1;0;1;0;1;2;-19,779409;-42,133023;SPRF-MG;DEL06-MG;UOP02-DEL06-MG;;;
714796;29/08/2025;sexta-feira;17:00:00;PR;373;244,7;GUAMIRANGA;Manobra de mudan�a de faixa;Colis�o lateral sentido oposto;Com V�timas Feridas;Pleno dia;Decrescente;C�u Claro;Simples;"Declive;Curva";N�o;3;0;0;1;2;0;1;3;-25,19341667;-50,79063889;SPRF-PR;DEL03-PR;UOP01-DEL03-PR;;;
714798;29/08/2025;sexta-feira;16:30:00;MG;381;584,1;CARMOPOLIS DE MINAS;Velocidade Incompat�vel;Capotamento;Com V�timas Feridas;Pleno dia;Decrescente;Chuva;Dupla;Curva;N�o;1;0;1;0;0;0;1;1;-20,47721805;-44,58475488;SPRF-MG;DEL04-MG;UOP01-DEL04-MG;;;
714799;29/08/2025;sexta-feira;15:40:00;PI;316;105;PASSAGEM FRANCA DO PIAUI;Rea��o tardia ou ineficiente do condutor;Colis�o traseira;Com V�timas Feridas;Anoitecer;Crescente;C�u Claro;Simples;Reta;Sim;2;0;0;1;1;0;1;2;-5,856409;-42,443634;SPRF-PI;DEL04-PI;UOP02-DEL04-PI;;;
714800;29/08/2025;sexta-feira;17:30:00;PI;343;8;PARNAIBA;Desrespeitar a prefer�ncia no cruzamento;Colis�o transversal;Com V�timas Feridas;Pleno dia;Decrescente;C�u Claro;Simples;"Reta;Interse��o de Vias";Sim;2;0;0;1;1;0;1;2;-2,90008333;-41,728753;SPRF-PI;DEL05-PI;UOP01-DEL05-PI;;;
714801;29/08/2025;sexta-feira;15:40:00;RJ;101;314;SAO GONCALO;Rea��o tardia ou ineficiente do condutor;Engavetamento;Com V�timas Feridas;Pleno dia;Decrescente;C�u Claro;Dupla;Reta;Sim;5;0;1;0;4;0;1;4;-22,81780172;-43,07825089;SPRF-RJ;DEL02-RJ;UOP02-DEL02-RJ;;;
714802;29/08/2025;sexta-feira;17:35:00;SC;101;132;BALNEARIO CAMBORIU;Aus�ncia de rea��o do condutor;Colis�o traseira;Com V�timas Feridas;Pleno dia;Decrescente;C�u Claro;M�ltipla;Reta;Sim;2;0;0;1;1;0;1;2;-26,99900903;-48,64692299;SPRF-SC;DEL04-SC;UOP03-DEL04-SC;;;
714803;29/08/2025;sexta-feira;12:10:00;SP;101;14;UBATUBA;Avarias e/ou desgaste excessivo no pneu;Queda de ocupante de ve�culo;Com V�timas Feridas;Pleno dia;Decrescente;Garoa/Chuvisco;Simples;Curva;N�o;2;0;1;0;1;0;1;1;-23,34833806;-44,86796591;SPRF-SP;DEL06-SP;UOP01-DEL06-SP;;;
714805;29/08/2025;sexta-feira;16:30:00;DF;70;13;BRASILIA;Acessar a via sem observar a presen�a dos outros ve�culos;Colis�o transversal;Com V�timas Feridas;Pleno dia;Decrescente;C�u Claro;Dupla;"Reta;Rotat�ria";Sim;2;0;0;1;1;0;1;2;-15,79645586;-48,17208445;SPRF-DF;DEL03-DF;UOP02-DEL03-DF;;;
714807;29/08/2025;sexta-feira;15:57:00;SP;116;59,6;GUARATINGUETA;Rea��o tardia ou ineficiente do condutor;Tombamento;Com V�timas Feridas;Pleno dia;Crescente;Nublado;Dupla;"Reta;Em Obras";N�o;1;0;1;0;0;0;1;1;-22,78881859;-45,15777254;SPRF-SP;DEL08-SP;UOP01-DEL08-SP;;;
714808;29/08/2025;sexta-feira;13:29:00;PB;230;403;POMBAL;Velocidade Incompat�vel;Atropelamento de Pedestre;Com V�timas Feridas;Pleno dia;Decrescente;C�u Claro;Simples;Reta;Sim;2;0;1;1;0;0;2;2;-6,773037;-37,797993;SPRF-PB;DEL03-PB;UOP02-DEL03-PB;;;
714811;29/08/2025;sexta-feira;17:50:00;MG;116;635,9;DIVINO;Transitar na contram�o;Colis�o frontal;Com V�timas Feridas;Anoitecer;Crescente;Chuva;Simples;Reta;N�o;2;0;0;1;0;1;1;2;-20,62930826;-42,22713366;SPRF-MG;DEL07-MG;UOP02-DEL07-MG;;;
714812;29/08/2025;sexta-feira;17:50:00;PR;116;121;CURITIBA;Rea��o tardia ou ineficiente do condutor;Colis�o traseira;Com V�timas Feridas;Anoitecer;Crescente;Nublado;Dupla;Reta;Sim;2;0;1;0;1;0;1;2;-25,59481674;-49,31629507;SPRF-PR;DEL01-PR;UOP03-DEL01-PR;;;
714814;29/08/2025;sexta-feira;16:45:00;PR;277;406,4;CANDOI;Velocidade Incompat�vel;Colis�o com objeto;Com V�timas Feridas;Pleno dia;Crescente;C�u Claro;Simples;"Declive;Curva";N�o;2;0;1;1;0;0;2;1;-25,424739;-52,013215;SPRF-PR;DEL04-PR;UOP02-DEL04-PR;;;
714815;29/08/2025;sexta-feira;18:30:00;SP;116;215;GUARULHOS;Entrada inopinada do pedestre;Atropelamento de Pedestre;Com V�timas Feridas;Plena Noite;Decrescente;C�u Claro;M�ltipla;Reta;Sim;2;0;1;0;0;1;1;2;-23,450237;-46,461746;SPRF-SP;DEL01-SP;UOP01-DEL01-SP;;;
714818;29/08/2025;sexta-feira;17:30:00;BA;116;17,2;VITORIA DA CONQUISTA;Pedestre cruzava a pista fora da faixa;Atropelamento de Pedestre;Com V�timas Feridas;Plena Noite;Decrescente;C�u Claro;Simples;Curva;Sim;2;0;0;1;1;0;1;2;-14,902076;-40,840427;SPRF-BA;DEL08-BA;UOP01-DEL08-BA;;;
714819;29/08/2025;sexta-feira;18:20:00;PB;230;156;CAMPINA GRANDE;Pista Escorregadia;Tombamento;Com V�timas Feridas;Plena Noite;Crescente;Chuva;Simples;"Declive;Curva";Sim;2;0;2;0;0;0;2;1;-7,272351;-35,910207;SPRF-PB;DEL02-PB;UOP01-DEL02-PB;;;
714821;29/08/2025;sexta-feira;19:00:00;SP;116;203;ARUJA;Rea��o tardia ou ineficiente do condutor;Queda de ocupante de ve�culo;Com V�timas Feridas;Plena Noite;Decrescente;C�u Claro;M�ltipla;Declive;Sim;1;0;1;0;0;0;1;1;-23,40336676;-46,3240698;SPRF-SP;DEL01-SP;UOP01-DEL01-SP;;;
714822;29/08/2025;sexta-feira;18:30:00;SC;101;205;SAO JOSE;Ingest�o de �lcool pelo condutor;Colis�o traseira;Sem V�timas;Plena Noite;Decrescente;C�u Claro;M�ltipla;Reta;N�o;2;0;0;0;2;0;0;2;-27,591188;-48,606343;SPRF-SC;DEL01-SC;UOP01-DEL01-SC;;;
714823;17/08/2025;domingo;17:20:00;MG;116;390;MATHIAS LOBATO;Ultrapassagem Indevida;Colis�o frontal;Com V�timas Fatais;Amanhecer;Decrescente;C�u Claro;Simples;Reta;N�o;2;1;0;0;1;0;0;2;-18,59321265;-41,92485809;SPRF-MG;DEL06-MG;UOP01-DEL06-MG;;;
714824;29/08/2025;sexta-feira;18:45:00;PB;230;27,9;JOAO PESSOA;Aus�ncia de rea��o do condutor;Tombamento;Com V�timas Feridas;Plena Noite;Crescente;Chuva;Dupla;"Declive;Curva";N�o;2;0;1;0;0;1;1;1;-7,165137;-34,89893723;SPRF-PB;DEL01-PB;UOP01-DEL01-PB;;;
714825;29/08/2025;sexta-feira;17:00:00;MG;381;601,7;CARMOPOLIS DE MINAS;Rea��o tardia ou ineficiente do condutor;Colis�o com objeto;Sem V�timas;Pleno dia;Decrescente;Chuva;Dupla;"Declive;Curva";N�o;1;0;0;0;1;0;0;1;-20,60732736;-44,73182917;SPRF-MG;DEL04-MG;UOP01-DEL04-MG;;;
714826;29/08/2025;sexta-feira;19:00:00;RN;101;96;NATAL;Condutor deixou de manter dist�ncia do ve�culo da frente;Colis�o traseira;Com V�timas Feridas;Plena Noite;Crescente;C�u Claro;Dupla;"Reta;Declive";Sim;3;0;1;0;2;0;1;2;-5,84228;-35,20998;SPRF-RN;DEL01-RN;UOP01-DEL01-RN;;;
714827;29/08/2025;sexta-feira;19:00:00;RS;392;71,2;PELOTAS;Velocidade Incompat�vel;Tombamento;Com V�timas Feridas;Plena Noite;Crescente;Nublado;M�ltipla;"Viaduto;Interse��o de Vias;Curva";Sim;1;0;1;0;0;0;1;1;-31,725697;-52,38664;SPRF-RS;DEL07-RS;UOP01-DEL07-RS;;;
714828;29/08/2025;sexta-feira;18:44:00;PB;230;7;CABEDELO;Aus�ncia de rea��o do condutor;Colis�o com objeto;Com V�timas Feridas;Plena Noite;Decrescente;Garoa/Chuvisco;M�ltipla;"Reta;Em Obras";Sim;2;0;2;0;0;0;2;1;-7,029058;-34,839827;SPRF-PB;DEL01-PB;UOP01-DEL01-PB;;;
714831;29/08/2025;sexta-feira;17:35:00;BA;324;616;SALVADOR;Manobra de mudan�a de faixa;Colis�o lateral mesmo sentido;Com V�timas Feridas;Pleno dia;Decrescente;C�u Claro;M�ltipla;"Reta;Interse��o de Vias";Sim;4;0;1;1;1;1;2;3;-12,888398;-38,441052;SPRF-BA;DEL01-BA;UOP01-DEL01-BA;;;
714832;29/08/2025;sexta-feira;16:40:00;RJ;40;51;PETROPOLIS;Rea��o tardia ou ineficiente do condutor;Queda de ocupante de ve�culo;Com V�timas Feridas;Pleno dia;Crescente;Chuva;Dupla;Reta;N�o;1;0;1;0;0;0;1;1;-22,33192667;-43,13296792;SPRF-RJ;DEL05-RJ;UOP02-DEL05-RJ;;;
714833;29/08/2025;sexta-feira;19:25:00;RJ;116;187;RIO DE JANEIRO;Aus�ncia de rea��o do condutor;Colis�o lateral mesmo sentido;Com V�timas Feridas;Plena Noite;Crescente;Nublado;Dupla;Reta;N�o;2;0;1;0;1;0;1;2;-22,804796;-43,3452565;SPRF-RJ;DEL06-RJ;UOP01-DEL06-RJ;;;
714834;29/08/2025;sexta-feira;18:58:00;DF;40;5;BRASILIA;Rea��o tardia ou ineficiente do condutor;Colis�o traseira;Com V�timas Feridas;Plena Noite;Crescente;C�u Claro;Dupla;Reta;Sim;4;0;1;0;3;0;1;2;-16,01842595;-47,98141479;SPRF-DF;DEL01-DF;UOP01-DEL01-DF;;;
714835;29/08/2025;sexta-feira;18:24:00;MG;40;515,6;RIBEIRAO DAS NEVES;Chuva;Tombamento;Com V�timas Feridas;Plena Noite;Decrescente;Chuva;Dupla;"Reta;Aclive";Sim;1;0;0;1;0;0;1;1;-19,82291187;-44,08504486;SPRF-MG;DEL01-MG;UOP02-DEL01-MG;;;
714837;29/08/2025;sexta-feira;18:30:00;ES;101;269,9;SERRA;Manobra de mudan�a de faixa;Colis�o lateral mesmo sentido;Com V�timas Feridas;Plena Noite;Crescente;Nublado;M�ltipla;Interse��o de Vias;Sim;2;0;1;0;1;0;1;2;-20,04887598;-40,3865263;SPRF-ES;DEL02-ES;UOP01-DEL02-ES;;;
714839;29/08/2025;sexta-feira;18:20:00;PR;277;397,9;CANDOI;Acessar a via sem observar a presen�a dos outros ve�culos;Colis�o transversal;Com V�timas Feridas;Anoitecer;Decrescente;C�u Claro;Simples;Interse��o de Vias;N�o;2;0;0;1;1;0;1;2;-25,45884264;-51,9523716;SPRF-PR;DEL08-PR;UOP01-DEL08-PR;;;
714841;29/08/2025;sexta-feira;18:50:00;RS;116;260;CANOAS;Condutor deixou de manter dist�ncia do ve�culo da frente;Colis�o traseira;Com V�timas Feridas;Plena Noite;Crescente;C�u Claro;M�ltipla;Reta;N�o;3;0;1;0;1;1;1;3;-29,88965252;-51,1785957;SPRF-RS;DEL01-RS;UOP01-DEL01-RS;;;
714843;29/08/2025;sexta-feira;18:38:00;RS;285;299,5;PASSO FUNDO;Avarias e/ou desgaste excessivo no pneu;Queda de ocupante de ve�culo;Com V�timas Feridas;Plena Noite;Crescente;C�u Claro;Simples;Reta;Sim;2;0;2;0;0;0;2;1;-28,23444944;-52,43337214;SPRF-RS;DEL08-RS;UOP03-DEL08-RS;;;
714844;29/08/2025;sexta-feira;18:20:00;ES;262;56;MARECHAL FLORIANO;Entrada inopinada do pedestre;Atropelamento de Pedestre;Com V�timas Feridas;Plena Noite;Crescente;Ignorado;Dupla;Reta;N�o;2;0;1;0;0;1;1;2;-20,41250596;-40,75826263;SPRF-ES;DEL01-ES;UOP01-DEL01-ES;;;
714845;18/05/2025;domingo;07:50:00;DF;70;18;BRASILIA;Condutor Dormindo;Sa�da de leito carro��vel;Com V�timas Feridas;Pleno dia;Decrescente;C�u Claro;Dupla;"Reta;Declive";N�o;3;0;2;0;1;0;2;1;-15,79194385;-48,20839405;SPRF-DF;DEL03-DF;UOP02-DEL03-DF;;;
714846;29/08/2025;sexta-feira;18:40:00;SP;116;147;SAO JOSE DOS CAMPOS;Aus�ncia de rea��o do condutor;Tombamento;Com V�timas Feridas;Plena Noite;Decrescente;Nublado;M�ltipla;Reta;Sim;1;0;1;0;0;0;1;1;-23,19574425;-45,87211197;SPRF-SP;DEL02-SP;UOP01-DEL02-SP;;;
714847;29/08/2025;sexta-feira;18:45:00;RS;116;245,8;SAO LEOPOLDO;Condutor deixou de manter dist�ncia do ve�culo da frente;Engavetamento;Com V�timas Feridas;Plena Noite;Crescente;C�u Claro;M�ltipla;Reta;Sim;4;0;0;1;3;0;1;4;-29,7365507;-51,1504331;SPRF-RS;DEL01-RS;UOP02-DEL01-RS;;;
714848;29/08/2025;sexta-feira;19:20:00;BA;116;20;VITORIA DA CONQUISTA;Acessar a via sem observar a presen�a dos outros ve�culos;Colis�o transversal;Sem V�timas;Plena Noite;Decrescente;C�u Claro;Simples;Reta;N�o;2;0;0;0;2;0;0;2;-14,89326225;-40,82045972;SPRF-BA;DEL08-BA;UOP01-DEL08-BA;;;
714849;29/08/2025;sexta-feira;18:50:00;RS;386;435,3;NOVA SANTA RITA;Acessar a via sem observar a presen�a dos outros ve�culos;Colis�o transversal;Com V�timas Fatais;Plena Noite;Crescente;C�u Claro;Dupla;"Reta;Rotat�ria";N�o;2;1;0;0;1;0;0;2;-29,8477688;-51,27086386;SPRF-RS;DEL04-RS;UOP02-DEL04-RS;;;
714850;29/08/2025;sexta-feira;19:25:00;PR;369;129,9;JATAIZINHO;Ingest�o de �lcool pelo condutor;Colis�o traseira;Com V�timas Feridas;Plena Noite;Crescente;C�u Claro;Dupla;"Reta;Declive";Sim;2;0;1;0;1;0;1;2;-23,2578896;-50,98156469;SPRF-PR;DEL07-PR;UOP01-DEL07-PR;;;
714854;29/08/2025;sexta-feira;18:00:00;SC;282;393,2;JOACABA;Demais falhas mec�nicas ou el�tricas;Queda de ocupante de ve�culo;Com V�timas Feridas;Anoitecer;Crescente;C�u Claro;Simples;"Reta;Declive";N�o;3;0;2;0;0;1;2;2;-27,162;-51,569;SPRF-SC;DEL07-SC;UOP05-DEL07-SC;;;
714855;29/08/2025;sexta-feira;19:20:00;MG;40;526;CONTAGEM;Chuva;Colis�o traseira;Com V�timas Feridas;Plena Noite;Decrescente;Chuva;Dupla;Reta;Sim;2;0;1;0;1;0;1;1;-19,8981482;-44,04968262;SPRF-MG;DEL01-MG;UOP02-DEL01-MG;;;
714856;29/08/2025;sexta-feira;19:50:00;PR;116;118;CURITIBA;Aus�ncia de rea��o do condutor;Tombamento;Com V�timas Feridas;Pleno dia;Crescente;C�u Claro;Simples;Reta;Sim;1;0;0;1;0;0;1;1;-25,57550908;-49,31220738;SPRF-PR;DEL01-PR;UOP03-DEL01-PR;;;
714858;29/08/2025;sexta-feira;18:40:00;PB;230;367,2;MALTA;Desrespeitar a prefer�ncia no cruzamento;Colis�o transversal;Com V�timas Feridas;Plena Noite;Crescente;C�u Claro;Simples;Reta;Sim;2;0;1;0;1;0;1;2;-6,90446;-37,523363;SPRF-PB;DEL03-PB;UOP02-DEL03-PB;;;
714859;29/08/2025;sexta-feira;19:30:00;SP;116;214;GUARULHOS;Aus�ncia de rea��o do condutor;Colis�o traseira;Sem V�timas;Plena Noite;Decrescente;Nublado;M�ltipla;Reta;N�o;2;0;0;0;2;0;0;2;-23,44772747;-46,45635098;SPRF-SP;DEL01-SP;UOP01-DEL01-SP;;;
714861;29/08/2025;sexta-feira;19:10:00;PA;230;7,3;ALTAMIRA;Transitar na contram�o;Colis�o frontal;Com V�timas Feridas;Plena Noite;Decrescente;C�u Claro;Simples;"Reta;Declive";Sim;2;0;1;0;0;1;1;2;-3,1909231;-52,2136781;SPRF-PA;DEL04-PA;UOP01-DEL04-PA;;;
714862;29/08/2025;sexta-feira;17:30:00;PA;316;29;SANTA IZABEL DO PARA;Aus�ncia de rea��o do condutor;Sa�da de leito carro��vel;Sem V�timas;Anoitecer;Decrescente;Nublado;Dupla;Reta;N�o;2;0;0;0;1;1;0;2;-1,306502;-48,206893;SPRF-PA;DEL01-PA;UOP01-DEL01-PA;;;
714863;29/08/2025;sexta-feira;18:46:00;MG;262;12;MARTINS SOARES;Transitar na contram�o;Colis�o transversal;Com V�timas Feridas;Plena Noite;Crescente;C�u Claro;Simples;Reta;N�o;3;0;0;1;0;2;1;3;-20,26122418;-41,87355996;SPRF-MG;DEL06-MG;UOP03-DEL06-MG;;;
714865;29/08/2025;sexta-feira;20:00:00;PE;428;189;PETROLINA;Condutor desrespeitou a ilumina��o vermelha do sem�foro;Colis�o transversal;Com V�timas Feridas;Plena Noite;Crescente;C�u Claro;Dupla;Reta;Sim;4;0;0;2;2;0;2;2;-9,3777345;-40,5043541;SPRF-PE;DEL06-PE;UOP01-DEL06-PE;;;
714867;29/08/2025;sexta-feira;19:30:00;PB;230;510;CAJAZEIRAS;Animais na Pista;Atropelamento de Animal;Com V�timas Feridas;Plena Noite;Crescente;C�u Claro;Simples;Reta;N�o;2;0;0;2;0;0;2;1;-6,885974;-38,616228;SPRF-PB;DEL03-PB;UOP03-DEL03-PB;;;
714868;29/08/2025;sexta-feira;20:00:00;RS;153;400;CACHOEIRA DO SUL;Ultrapassagem Indevida;Sa�da de leito carro��vel;Com V�timas Feridas;Plena Noite;Decrescente;C�u Claro;Simples;"Aclive;Reta";Sim;2;0;2;0;0;0;2;1;-29,97088885;-52,93512469;SPRF-RS;DEL02-RS;UOP03-DEL02-RS;;;
714869;29/08/2025;sexta-feira;20:00:00;SP;116;225;GUARULHOS;Aus�ncia de rea��o do condutor;Colis�o traseira;Com V�timas Feridas;Plena Noite;Crescente;C�u Claro;M�ltipla;Reta;Sim;2;0;0;1;1;0;1;2;-23,491971;-46,551011;SPRF-SP;DEL01-SP;UOP01-DEL01-SP;;;
714870;29/08/2025;sexta-feira;20:44:00;CE;116;14,6;FORTALEZA;Problema com o freio;Atropelamento de Pedestre;Com V�timas Feridas;Plena Noite;Decrescente;C�u Claro;Simples;Reta;Sim;2;0;1;0;1;0;1;2;-3,872983;-38,4987984;SPRF-CE;DEL01-CE;UOP02-DEL01-CE;;;
714871;29/08/2025;sexta-feira;19:10:00;MS;163;463;CAMPO GRANDE;Aus�ncia de rea��o do condutor;Colis�o traseira;Com V�timas Feridas;Plena Noite;Crescente;Ignorado;Simples;Reta;N�o;3;0;2;0;1;0;2;2;-20,613212;-54,575871;SPRF-MS;DEL01-MS;UOP01-DEL01-MS;;;
714872;29/08/2025;sexta-feira;20:30:00;MG;381;487;BETIM;Pedestre cruzava a pista fora da faixa;Atropelamento de Pedestre;Com V�timas Feridas;Plena Noite;Crescente;C�u Claro;M�ltipla;Reta;Sim;2;0;1;0;0;1;1;2;-19,95582897;-44,11019033;SPRF-MG;DEL01-MG;UOP03-DEL01-MG;;;
714873;29/08/2025;sexta-feira;21:00:00;ES;101;139;LINHARES;Aus�ncia de rea��o do condutor;Colis�o transversal;Com V�timas Feridas;Plena Noite;Crescente;C�u Claro;M�ltipla;Reta;N�o;4;0;1;2;0;1;3;3;-19,31863029;-40,07529108;SPRF-ES;DEL04-ES;UOP01-DEL04-ES;;;
714874;29/08/2025;sexta-feira;19:00:00;BA;101;113;ALAGOINHAS;Convers�o proibida;Colis�o transversal;Sem V�timas;Plena Noite;Crescente;C�u Claro;Simples;Reta;N�o;2;0;0;0;1;1;0;2;-12,168846;-38,449032;SPRF-BA;DEL01-BA;UOP04-DEL01-BA;;;
714876;29/08/2025;sexta-feira;21:10:00;PR;277;70;SAO JOSE DOS PINHAIS;Pedestre cruzava a pista fora da faixa;Atropelamento de Pedestre;Com V�timas Fatais;Plena Noite;Decrescente;Nublado;Dupla;"Reta;Viaduto";N�o;3;1;0;0;2;0;0;2;-25,51192;-49,12741;SPRF-PR;DEL01-PR;UOP01-DEL01-PR;;;