id;data_inversa;dia_semana;horario;uf;br;km;municipio;causa_acidente;tipo_acidente;classificacao_acidente;fase_dia;sentido_via;condicao_metereologica;tipo_pista;tracado_via;uso_solo;pessoas;mortos;feridos_leves;feridos_graves;ilesos;ignorados;feridos;veiculos;latitude;longitude;regional;delegacia;uop;;;
714877;29/08/2025;sexta-feira;16:15:00;SC;280;98,1;SAO BENTO DO SUL;Aus�ncia de rea��o do condutor;Colis�o traseira;Com V�timas Feridas;Pleno dia;Decrescente;C�u Claro;Simples;Reta;N�o;2;0;1;0;1;0;1;2;-26,37583;-49,32548;SPRF-SC;DEL06-SC;UOP03-DEL06-SC;;;
714880;29/08/2025;sexta-feira;20:50:00;MG;40;799;JUIZ DE FORA;Chuva;Tombamento;Com V�timas Feridas;Plena Noite;Crescente;Chuva;Dupla;"Curva;Retorno Regulamentado;Declive";N�o;1;0;1;0;0;0;1;1;-21,82048873;-43,37664127;SPRF-MG;DEL05-MG;UOP01-DEL05-MG;;;
714882;29/08/2025;sexta-feira;17:35:00;PI;316;309,1;PICOS;Acessar a via sem observar a presen�a dos outros ve�culos;Colis�o transversal;Com V�timas Feridas;Pleno dia;Decrescente;Sol;Simples;"Aclive;Reta";Sim;2;0;0;1;1;0;1;2;-7,077194;-41,479581;SPRF-PI;DEL04-PI;UOP01-DEL04-PI;;;
714884;29/08/2025;sexta-feira;20:00:00;MT;364;389;SANTO ANTONIO DO LEVERGER;Animais na Pista;Atropelamento de Animal;Com V�timas Feridas;Plena Noite;Crescente;C�u Claro;Dupla;Reta;N�o;5;0;1;0;4;0;1;1;-15,70105728;-55,87409766;SPRF-MT;DEL01-MT;UOP02-DEL01-MT;;;
714885;29/08/2025;sexta-feira;19:15:00;RO;364;13;VILHENA;Acessar a via sem observar a presen�a dos outros ve�culos;Colis�o transversal;Com V�timas Feridas;Plena Noite;Decrescente;C�u Claro;Dupla;Reta;Sim;2;0;1;0;1;0;1;2;-12,74089083;-60,13309908;SPRF-RO;DEL04-RO;UOP01-DEL04-RO;;;
714886;29/08/2025;sexta-feira;21:05:00;MG;40;510,1;RIBEIRAO DAS NEVES;Aus�ncia de rea��o do condutor;Engavetamento;Com V�timas Feridas;Plena Noite;Decrescente;Chuva;Dupla;"Reta;Declive";Sim;6;0;1;0;4;1;1;6;-19,77862727;-44,12031054;SPRF-MG;DEL01-MG;UOP02-DEL01-MG;;;
714889;29/08/2025;sexta-feira;21:20:00;SC;101;88,9;BARRA VELHA;Rea��o tardia ou ineficiente do condutor;Sa�da de leito carro��vel;Com V�timas Feridas;Pleno dia;Decrescente;Nublado;Simples;Reta;Sim;1;0;1;0;0;0;1;1;-26,66043657;-48,6881539;SPRF-SC;DEL03-SC;UOP02-DEL03-SC;;;
714890;29/08/2025;sexta-feira;20:00:00;PR;116;205,5;RIO NEGRO;Problema com o freio;Colis�o com objeto;Sem V�timas;Plena Noite;Decrescente;C�u Claro;Simples;Curva;N�o;1;0;0;0;1;0;0;1;-26,07666812;-49,7504681;SPRF-SC;DEL06-SC;UOP01-DEL06-SC;;;
714891;29/08/2025;sexta-feira;21:43:00;MG;381;531;ITATIAIUCU;Velocidade Incompat�vel;Tombamento;Com V�timas Feridas;Plena Noite;Decrescente;Chuva;Dupla;Curva;N�o;1;0;1;0;0;0;1;1;-20,1633245;-44,35737357;SPRF-MG;DEL04-MG;UOP03-DEL04-MG;;;
714893;29/08/2025;sexta-feira;19:30:00;RJ;101;283;ITABORAI;Aus�ncia de rea��o do condutor;Colis�o com objeto;Com V�timas Feridas;Plena Noite;Decrescente;Chuva;Simples;Reta;Sim;1;0;1;0;0;0;1;1;-22,73473126;-42,80588719;SPRF-RJ;DEL02-RJ;UOP02-DEL02-RJ;;;
714894;29/08/2025;sexta-feira;18:50:00;PR;163;124;REALEZA;Aus�ncia de rea��o do condutor;Colis�o lateral mesmo sentido;Com V�timas Feridas;Plena Noite;Crescente;C�u Claro;Simples;Curva;N�o;2;0;2;0;0;0;2;2;-25,6047063;-53,56347933;SPRF-PR;DEL02-PR;UOP02-DEL02-PR;;;
714895;29/08/2025;sexta-feira;18:40:00;BA;410;2;RIBEIRA DO POMBAL;Pedestre andava na pista;Atropelamento de Pedestre;Com V�timas Feridas;Plena Noite;Crescente;C�u Claro;Simples;Reta;N�o;3;0;2;1;0;0;3;2;-10,82049195;-38,54312897;SPRF-BA;DEL07-BA;UOP02-DEL07-BA;;;
714896;29/08/2025;sexta-feira;18:00:00;MG;381;308;ANTONIO DIAS;Convers�o proibida;Colis�o transversal;Com V�timas Feridas;Anoitecer;Crescente;Nublado;Simples;"Curva;Aclive";N�o;6;0;4;0;2;0;4;2;-19,66132019;-42,96358109;SPRF-MG;DEL03-MG;UOP02-DEL03-MG;;;
714897;29/08/2025;sexta-feira;20:44:00;SC;101;42,2;JOINVILLE;Aus�ncia de rea��o do condutor;Colis�o com objeto;Sem V�timas;Plena Noite;Crescente;Nublado;Dupla;"Reta;Interse��o de Vias";Sim;1;0;0;0;1;0;0;1;-26,323814;-48,867902;SPRF-SC;DEL03-SC;UOP01-DEL03-SC;;;
714900;29/08/2025;sexta-feira;22:00:00;PE;232;11;JABOATAO DOS GUARARAPES;Mal s�bito do condutor;Queda de ocupante de ve�culo;Com V�timas Feridas;Plena Noite;Crescente;Nublado;Dupla;"Aclive;Reta";N�o;1;0;1;0;0;0;1;1;-8,08349;-34,99807;SPRF-PE;DEL01-PE;UOP01-DEL01-PE;;;
714901;29/08/2025;sexta-feira;20:54:00;PB;104;14,2;CUITE;Ingest�o de �lcool pelo condutor;Sa�da de leito carro��vel;Com V�timas Feridas;Plena Noite;Crescente;C�u Claro;Simples;"Declive;Curva";N�o;2;0;1;0;1;0;1;1;-6,51216368;-36,15184185;SPRF-PB;DEL02-PB;UOP04-DEL02-PB;;;
714902;29/08/2025;sexta-feira;17:20:00;PI;135;523;GILBUES;Rea��o tardia ou ineficiente do condutor;Sa�da de leito carro��vel;Com V�timas Fatais;Anoitecer;Crescente;C�u Claro;Simples;"Reta;Declive";N�o;5;1;1;0;3;0;1;1;-9,908832;-45,340843;SPRF-PI;DEL03-PI;UOP02-DEL03-PI;;;
714903;29/08/2025;sexta-feira;20:30:00;GO;414;376;COCALZINHO DE GOIAS;Demais falhas mec�nicas ou el�tricas;Sa�da de leito carro��vel;Sem V�timas;Plena Noite;Crescente;C�u Claro;Dupla;Reta;Sim;1;0;0;0;1;0;0;1;-15,793;-48,774;SPRF-GO;DEL02-GO;UOP01-DEL02-GO;;;
714904;29/08/2025;sexta-feira;20:50:00;PR;376;549;PALMEIRA;Rea��o tardia ou ineficiente do condutor;Sa�da de leito carro��vel;Sem V�timas;Plena Noite;Crescente;C�u Claro;Dupla;Reta;N�o;1;0;0;0;0;1;0;1;-25,417736;-49,7707069;SPRF-PR;DEL03-PR;UOP03-DEL03-PR;;;
714905;29/08/2025;sexta-feira;21:10:00;PR;376;2;SAO JOSE DOS PINHAIS;Ingest�o de �lcool pelo condutor;Colis�o traseira;Com V�timas Feridas;Plena Noite;Crescente;C�u Claro;Dupla;Reta;Sim;2;0;1;0;1;0;1;2;-25,546378;-49,189337;SPRF-PR;DEL01-PR;UOP04-DEL01-PR;;;
714909;29/08/2025;sexta-feira;22:40:00;PR;277;69,7;SAO JOSE DOS PINHAIS;Entrada inopinada do pedestre;Atropelamento de Pedestre;Com V�timas Feridas;Plena Noite;Decrescente;Nublado;Dupla;Reta;Sim;2;0;0;1;1;0;1;2;-25,51544985;-49,12000179;SPRF-PR;DEL01-PR;UOP01-DEL01-PR;;;
714910;29/08/2025;sexta-feira;23:00:00;MG;381;484;BETIM;Aus�ncia de rea��o do condutor;Colis�o traseira;Com V�timas Feridas;Plena Noite;Decrescente;Chuva;M�ltipla;Reta;Sim;3;0;3;0;0;0;3;2;-19,95864445;-44,09203403;SPRF-MG;DEL01-MG;UOP03-DEL01-MG;;;
714911;29/08/2025;sexta-feira;22:50:00;RN;101;112;SAO JOSE DE MIPIBU;Ingest�o de �lcool pelo condutor;Sa�da de leito carro��vel;Com V�timas Feridas;Plena Noite;Decrescente;C�u Claro;Dupla;Curva;N�o;1;0;1;0;0;0;1;1;-5,9708226;-35,2647305;SPRF-RN;DEL01-RN;UOP01-DEL01-RN;;;
714912;29/08/2025;sexta-feira;23:00:00;MG;40;41;PARACATU;Ingest�o de �lcool pelo condutor;Colis�o lateral sentido oposto;Sem V�timas;Plena Noite;Crescente;C�u Claro;Simples;Interse��o de Vias;Sim;2;0;0;0;2;0;0;2;-17,2114439;-46,873811;SPRF-MG;DEL14-MG;UOP01-DEL14-MG;;;
714913;29/08/2025;sexta-feira;23:00:00;PR;277;70,8;SAO JOSE DOS PINHAIS;Rea��o tardia ou ineficiente do condutor;Colis�o lateral mesmo sentido;Com V�timas Feridas;Plena Noite;Crescente;Nublado;Dupla;Reta;N�o;2;0;1;0;1;0;1;2;-25,510835;-49,129225;SPRF-PR;DEL01-PR;UOP07-DEL01-PR;;;
714917;29/08/2025;sexta-feira;23:05:00;MG;116;524,9;CARATINGA;Aus�ncia de rea��o do condutor;Tombamento;Com V�timas Feridas;Plena Noite;Crescente;C�u Claro;Simples;"Reta;Interse��o de Vias";N�o;1;0;0;1;0;0;1;1;-19,7885952;-42,1462016;SPRF-MG;DEL06-MG;UOP02-DEL06-MG;;;
714920;29/08/2025;sexta-feira;22:30:00;MT;364;246;JUSCIMEIRA;Aus�ncia de rea��o do condutor;Sa�da de leito carro��vel;Com V�timas Feridas;Plena Noite;Decrescente;C�u Claro;Dupla;Reta;N�o;1;0;0;1;0;0;1;1;-16,128451;-54,840523;SPRF-MT;DEL02-MT;UOP01-DEL02-MT;;;
714921;30/08/2025;s�bado;00:15:00;MG;381;216;NAQUE;Rea��o tardia ou ineficiente do condutor;Capotamento;Com V�timas Feridas;Plena Noite;Crescente;C�u Claro;Simples;Reta;N�o;3;0;3;0;0;0;3;1;-19,21131902;-42,30586052;SPRF-MG;DEL06-MG;UOP01-DEL06-MG;;;
714922;29/08/2025;sexta-feira;21:40:00;MA;226;8,8;TIMON;Acessar a via sem observar a presen�a dos outros ve�culos;Colis�o traseira;Sem V�timas;Plena Noite;Crescente;C�u Claro;Simples;Reta;N�o;3;0;0;0;3;0;0;2;-5,12339245;-42,88759628;SPRF-MA;DEL03-MA;UOP02-DEL03-MA;;;
714923;30/08/2025;s�bado;00:40:00;GO;153;438;ANAPOLIS;Ingest�o de �lcool pelo condutor;Colis�o com objeto;Sem V�timas;Plena Noite;Crescente;C�u Claro;Dupla;Curva;Sim;1;0;0;0;0;1;0;1;-16,30206431;-48,92569923;SPRF-GO;DEL02-GO;UOP01-DEL02-GO;;;
714925;30/08/2025;s�bado;01:00:00;ES;447;14;VILA VELHA;Acessar a via sem observar a presen�a dos outros ve�culos;Colis�o transversal;Com V�timas Feridas;Plena Noite;Crescente;Chuva;Simples;Reta;Sim;2;0;1;1;0;0;2;2;-20,350168;-40,333452;SPRF-ES;DEL01-ES;UOP01-DEL01-ES;;;
714929;29/08/2025;sexta-feira;22:30:00;MG;381;531,7;ITATIAIUCU;Velocidade Incompat�vel;Capotamento;Com V�timas Feridas;Plena Noite;Decrescente;Chuva;Dupla;Curva;N�o;2;0;1;0;1;0;1;1;-20,16466;-44,36387;SPRF-MG;DEL04-MG;UOP03-DEL04-MG;;;
714930;30/08/2025;s�bado;02:00:00;PI;343;0,6;LUIS CORREIA;Condutor Dormindo;Colis�o lateral sentido oposto;Com V�timas Feridas;Plena Noite;Crescente;Nublado;Simples;"Reta;Interse��o de Vias";N�o;2;0;1;0;1;0;1;2;-2,88787321;-41,66613436;SPRF-PI;DEL05-PI;UOP01-DEL05-PI;;;
714931;30/08/2025;s�bado;02:50:00;SP;116;213;GUARULHOS;Aus�ncia de rea��o do condutor;Queda de ocupante de ve�culo;Com V�timas Feridas;Plena Noite;Decrescente;C�u Claro;Dupla;Reta;N�o;1;0;1;0;0;0;1;1;-23,44112202;-46,44116974;SPRF-SP;DEL01-SP;UOP01-DEL01-SP;;;
714932;30/08/2025;s�bado;01:40:00;MG;40;734,8;OLIVEIRA FORTES;Aus�ncia de rea��o do condutor;Sa�da de leito carro��vel;Sem V�timas;Plena Noite;Crescente;Chuva;Simples;"Aclive;Curva;Ponte";N�o;2;0;0;0;2;0;0;1;-21,39007367;-43,56898533;SPRF-MG;DEL05-MG;UOP01-DEL05-MG;;;
714933;30/08/2025;s�bado;03:30:00;SP;116;214;GUARULHOS;Aus�ncia de rea��o do condutor;Colis�o traseira;Com V�timas Feridas;Plena Noite;Decrescente;C�u Claro;M�ltipla;Reta;Sim;4;0;3;0;1;0;3;2;-23,444391;-46,447388;SPRF-SP;DEL01-SP;UOP01-DEL01-SP;;;
714934;30/08/2025;s�bado;03:40:00;RS;116;302;GUAIBA;Animais na Pista;Atropelamento de Animal;Com V�timas Feridas;Plena Noite;Crescente;Ignorado;Dupla;Reta;Sim;1;0;0;1;0;0;1;1;-30,13138535;-51,35358047;SPRF-RS;DEL02-RS;UOP01-DEL02-RS;;;
714937;30/08/2025;s�bado;02:00:00;ES;262;115,9;CONCEICAO DO CASTELO;Ingest�o de �lcool pelo condutor;Colis�o frontal;Sem V�timas;Plena Noite;Crescente;Chuva;Simples;Interse��o de Vias;N�o;2;0;0;0;2;0;0;2;-20,3187017;-41,2247733;SPRF-ES;DEL01-ES;UOP02-DEL01-ES;;;
714939;30/08/2025;s�bado;04:45:00;SP;381;27,9;ATIBAIA;Demais falhas mec�nicas ou el�tricas;Colis�o com objeto;Sem V�timas;Plena Noite;Crescente;Nublado;Dupla;Reta;N�o;2;0;0;0;2;0;0;1;-23,02806666;-46,53437912;SPRF-SP;DEL03-SP;UOP02-DEL03-SP;;;
714941;30/08/2025;s�bado;03:25:00;SC;282;517,8;XAXIM;Rea��o tardia ou ineficiente do condutor;Sa�da de leito carro��vel;Com V�timas Feridas;Plena Noite;Crescente;C�u Claro;Simples;"Rotat�ria;Interse��o de Vias";N�o;1;0;0;1;0;0;1;1;-26,94196441;-52,5043615;SPRF-SC;DEL07-SC;UOP01-DEL07-SC;;;
714944;30/08/2025;s�bado;04:44:00;ES;259;57,7;COLATINA;Falta de acostamento;Colis�o lateral mesmo sentido;Com V�timas Feridas;Amanhecer;Decrescente;C�u Claro;Simples;"Aclive;Reta";Sim;1;0;1;0;0;0;1;1;-19,52367424;-40,67082882;SPRF-ES;DEL02-ES;UOP01-DEL02-ES;;;
714945;30/08/2025;s�bado;04:30:00;SC;470;277,5;BRUNOPOLIS;Condutor Dormindo;Sa�da de leito carro��vel;Sem V�timas;Amanhecer;Decrescente;C�u Claro;Simples;"Aclive;Curva";N�o;1;0;0;0;1;0;0;1;-27,33408853;-50,84837437;SPRF-SC;DEL07-SC;UOP06-DEL07-SC;;;
714946;30/08/2025;s�bado;05:45:00;RS;386;418;MONTENEGRO;Aus�ncia de rea��o do condutor;Queda de ocupante de ve�culo;Com V�timas Feridas;Amanhecer;Decrescente;C�u Claro;Simples;Reta;N�o;1;0;1;0;0;0;1;1;-29,81803103;-51,43048793;SPRF-RS;DEL04-RS;UOP02-DEL04-RS;;;
714948;30/08/2025;s�bado;04:30:00;MT;364;266;JACIARA;Aus�ncia de rea��o do condutor;Colis�o com objeto;Com V�timas Feridas;Plena Noite;Crescente;C�u Claro;Dupla;"Desvio Tempor�rio;Em Obras;Reta";N�o;1;0;0;1;0;0;1;1;-15,99441335;-54,92111461;SPRF-MT;DEL02-MT;UOP01-DEL02-MT;;;
714950;30/08/2025;s�bado;05:30:00;RJ;101;447;MANGARATIBA;Velocidade Incompat�vel;Sa�da de leito carro��vel;Sem V�timas;Amanhecer;Crescente;Nublado;Simples;Reta;N�o;1;0;0;0;0;1;0;1;-23,00817424;-44,10203934;SPRF-RJ;DEL03-RJ;UOP02-DEL03-RJ;;;
714952;30/08/2025;s�bado;01:00:00;PI;343;592,4;FLORIANO;Acessar a via sem observar a presen�a dos outros ve�culos;Colis�o transversal;Com V�timas Feridas;Plena Noite;Crescente;C�u Claro;Simples;Reta;Sim;3;0;0;1;1;1;1;3;-6,779543;-43,035623;SPRF-PI;DEL03-PI;UOP01-DEL03-PI;;;
714953;29/08/2025;sexta-feira;23:00:00;MG;267;51;GUARARA;Pista Escorregadia;Sa�da de leito carro��vel;Com V�timas Feridas;Plena Noite;Decrescente;Chuva;Simples;Curva;N�o;1;0;1;0;0;0;1;1;-21,72141;-43,03529;SPRF-MG;DEL07-MG;UOP01-DEL07-MG;;;
714954;30/08/2025;s�bado;06:00:00;PR;373;227,4;IMBITUVA;Condutor Dormindo;Queda de ocupante de ve�culo;Com V�timas Feridas;Amanhecer;Crescente;C�u Claro;Simples;Reta;N�o;1;0;1;0;0;0;1;1;-25,17607149;-50,64473318;SPRF-PR;DEL03-PR;UOP01-DEL03-PR;;;
714955;30/08/2025;s�bado;06:50:00;PE;101;36;ITAPISSUMA;Manobra de mudan�a de faixa;Colis�o lateral mesmo sentido;Com V�timas Feridas;Pleno dia;Crescente;C�u Claro;Dupla;"Reta;Aclive";N�o;2;0;0;1;1;0;1;2;-7,7299712;-34,9405184;SPRF-PE;DEL01-PE;UOP02-DEL01-PE;;;
714956;30/08/2025;s�bado;06:30:00;RS;472;176,6;SANTA ROSA;Ingest�o de �lcool pelo condutor;Colis�o com objeto;Com V�timas Feridas;Amanhecer;Crescente;C�u Claro;Simples;Reta;Sim;1;0;1;0;0;0;1;1;-27,854175;-54,5296667;SPRF-RS;DEL10-RS;UOP01-DEL10-RS;;;
714957;29/08/2025;sexta-feira;19:30:00;RJ;116;50;TERESOPOLIS;Acessar a via sem observar a presen�a dos outros ve�culos;Colis�o transversal;Com V�timas Feridas;Plena Noite;Crescente;Chuva;Simples;Reta;Sim;4;0;4;0;0;0;4;2;-22,17977516;-42,84770966;SPRF-RJ;DEL04-RJ;UOP01-DEL04-RJ;;;
714960;29/08/2025;sexta-feira;22:00:00;MG;381;705;NEPOMUCENO;Rea��o tardia ou ineficiente do condutor;Capotamento;Com V�timas Feridas;Plena Noite;Decrescente;C�u Claro;Dupla;Curva;N�o;1;0;0;1;0;0;1;1;-21,317624;-45,167882;SPRF-MG;DEL04-MG;UOP02-DEL04-MG;;;
714962;30/08/2025;s�bado;07:28:00;RJ;40;111;DUQUE DE CAXIAS;Aus�ncia de rea��o do condutor;Colis�o traseira;Com V�timas Feridas;Pleno dia;Decrescente;Nublado;Dupla;Reta;Sim;3;0;2;0;1;0;2;2;-22,6931199;-43,28750362;SPRF-RJ;DEL01-RJ;UOP02-DEL01-RJ;;;
714963;30/08/2025;s�bado;06:30:00;BA;324;575,8;SAO SEBASTIAO DO PASSE;Condutor Dormindo;Sa�da de leito carro��vel;Com V�timas Feridas;Pleno dia;Crescente;Sol;Dupla;Reta;N�o;4;0;4;0;0;0;4;1;-12,577558;-38,538747;SPRF-BA;DEL01-BA;UOP01-DEL01-BA;;;
714967;29/08/2025;sexta-feira;11:00:00;MG;381;153;GOVERNADOR VALADARES;Velocidade Incompat�vel;Sa�da de leito carro��vel;Com V�timas Feridas;Pleno dia;Decrescente;C�u Claro;Simples;Curva;Sim;1;0;1;0;0;0;1;1;-18,86535664;-41,98974609;SPRF-MG;DEL06-MG;UOP01-DEL06-MG;;;
714968;30/08/2025;s�bado;05:02:00;SC;282;642;SAO MIGUEL DO OESTE;Ingest�o de �lcool pelo condutor;Tombamento;Sem V�timas;Plena Noite;Decrescente;C�u Claro;Simples;Reta;N�o;1;0;0;0;1;0;0;1;-26,76993249;-53,47410357;SPRF-SC;DEL07-SC;UOP03-DEL07-SC;;;
714970;30/08/2025;s�bado;08:00:00;SC;480;131;CHAPECO;Condutor deixou de manter dist�ncia do ve�culo da frente;Colis�o traseira;Com V�timas Feridas;Pleno dia;Decrescente;Sol;Simples;"Reta;Aclive";Sim;2;0;1;0;1;0;1;2;-27,06139589;-52,63405728;SPRF-SC;DEL07-SC;UOP01-DEL07-SC;;;
714971;30/08/2025;s�bado;07:05:00;RJ;40;119;DUQUE DE CAXIAS;Rea��o tardia ou ineficiente do condutor;Colis�o lateral mesmo sentido;Com V�timas Feridas;Pleno dia;Decrescente;Nublado;M�ltipla;Reta;Sim;3;0;1;0;2;0;1;2;-22,76589504;-43,28643974;SPRF-RJ;DEL01-RJ;UOP02-DEL01-RJ;;;
714973;30/08/2025;s�bado;08:30:00;CE;116;40;HORIZONTE;Ingest�o de �lcool pelo condutor;Colis�o lateral mesmo sentido;Com V�timas Feridas;Pleno dia;Crescente;C�u Claro;Dupla;Reta;Sim;2;0;2;0;0;0;2;2;-4,10058;-38,5018;SPRF-CE;DEL01-CE;UOP02-DEL01-CE;;;
714974;30/08/2025;s�bado;06:40:00;MS;262;716,9;CORUMBA;Demais falhas mec�nicas ou el�tricas;Tombamento;Com V�timas Feridas;Amanhecer;Crescente;C�u Claro;Simples;Reta;N�o;2;0;2;0;0;0;2;1;-19,436061;-57,443984;SPRF-MS;DEL03-MS;UOP03-DEL03-MS;;;
714975;30/08/2025;s�bado;07:50:00;SP;381;36;ATIBAIA;Aus�ncia de rea��o do condutor;Colis�o traseira;Com V�timas Feridas;Pleno dia;Crescente;C�u Claro;Dupla;Reta;N�o;3;0;2;0;1;0;2;2;-23,09905233;-46,57023221;SPRF-SP;DEL03-SP;UOP01-DEL03-SP;;;
714976;30/08/2025;s�bado;08:30:00;ES;101;259,7;SERRA;Condutor deixou de manter dist�ncia do ve�culo da frente;Colis�o traseira;Com V�timas Feridas;Pleno dia;Crescente;C�u Claro;Simples;Curva;Sim;3;0;2;0;0;1;2;2;-20,146539;-40,287022;SPRF-ES;DEL02-ES;UOP01-DEL02-ES;;;
714977;30/08/2025;s�bado;08:25:00;RS;116;316,9;GUAIBA;Ingest�o de �lcool pelo condutor;Sa�da de leito carro��vel;Sem V�timas;Pleno dia;Crescente;C�u Claro;Dupla;Reta;N�o;1;0;0;0;1;0;0;1;-30,260318;-51,40644;SPRF-RS;DEL02-RS;UOP01-DEL02-RS;;;
714978;22/07/2025;ter�a-feira;04:00:00;SC;101;297,3;IMBITUBA;Aus�ncia de rea��o do condutor;Sa�da de leito carro��vel;Com V�timas Fatais;Plena Noite;Decrescente;C�u Claro;Dupla;"Interse��o de Vias;Reta";N�o;38;1;4;5;28;0;9;1;-28,32734833;-48,7313482;SPRF-SC;DEL02-SC;UOP03-DEL02-SC;;;
714980;30/08/2025;s�bado;07:40:00;RS;116;169,5;CAXIAS DO SUL;Rea��o tardia ou ineficiente do condutor;Colis�o traseira;Com V�timas Feridas;Pleno dia;Crescente;C�u Claro;Simples;"Reta;Declive";N�o;5;0;1;0;4;0;1;3;-29,294722;-51,163102;SPRF-RS;DEL05-RS;UOP02-DEL05-RS;;;
714981;30/08/2025;s�bado;07:40:00;PR;163;154,1;SANTA LUCIA;Curva acentuada;Colis�o com objeto;Com V�timas Feridas;Pleno dia;Crescente;C�u Claro;Dupla;Curva;N�o;2;0;1;0;1;0;1;2;-25,358678;-53,576629;SPRF-PR;DEL05-PR;UOP05-DEL05-PR;;;
714982;27/08/2025;quarta-feira;06:50:00;SC;116;239,3;LAGES;Neblina;Sa�da de leito carro��vel;Com V�timas Feridas;Amanhecer;Decrescente;Nevoeiro/Neblina;Simples;Curva;N�o;1;0;1;0;0;0;1;1;-27,75292226;-50,33565251;SPRF-SC;DEL05-SC;UOP01-DEL05-SC;;;
714983;30/08/2025;s�bado;07:45:00;PR;277;6,3;PARANAGUA;Aus�ncia de rea��o do condutor;Colis�o traseira;Com V�timas Feridas;Pleno dia;Decrescente;C�u Claro;Dupla;Reta;Sim;3;0;1;0;2;0;1;2;-25,56044012;-48,58060805;SPRF-PR;DEL01-PR;UOP05-DEL01-PR;;;
714984;30/08/2025;s�bado;08:20:00;PE;408;53,8;CARPINA;Convers�o proibida;Colis�o transversal;Com V�timas Fatais;Pleno dia;Crescente;C�u Claro;Simples;Reta;Sim;2;1;0;0;0;1;0;2;-7,82666;-35,24539;SPRF-PE;DEL01-PE;UOP01-DEL01-PE;;;
714985;30/08/2025;s�bado;05:45:00;MT;163;10;ITIQUIRA;Ingest�o de �lcool pelo condutor;Sa�da de leito carro��vel;Com V�timas Feridas;Amanhecer;Decrescente;C�u Claro;Dupla;Reta;N�o;1;0;1;0;0;0;1;1;-17,429425;-54,748653;SPRF-MT;DEL02-MT;UOP03-DEL02-MT;;;
714986;30/08/2025;s�bado;09:15:00;PE;101;53;PAULISTA;Entrada inopinada do pedestre;Atropelamento de Pedestre;Com V�timas Feridas;Pleno dia;Decrescente;Nublado;Dupla;"Declive;Curva";Sim;3;0;2;1;0;0;3;2;-7,9480543;-34,9060822;SPRF-PE;DEL01-PE;UOP02-DEL01-PE;;;
714987;24/08/2025;domingo;05:30:00;BA;101;246;CONCEICAO DO ALMEIDA;Aus�ncia de rea��o do condutor;Colis�o com objeto;Sem V�timas;Amanhecer;Decrescente;C�u Claro;Simples;Ponte;N�o;1;0;0;0;0;1;0;1;-12,77768985;-39,18630391;SPRF-BA;DEL01-BA;UOP02-DEL01-BA;;;
714990;30/08/2025;s�bado;08:13:00;SC;101;368,2;ICARA;Desrespeitar a prefer�ncia no cruzamento;Colis�o transversal;Sem V�timas;Pleno dia;Crescente;C�u Claro;Simples;"Interse��o de Vias;Reta;Aclive";Sim;3;0;0;0;3;0;0;2;-28,69853075;-49,19012547;SPRF-SC;DEL02-SC;UOP01-DEL02-SC;;;
714992;22/08/2025;sexta-feira;16:50:00;BA;101;83;ALAGOINHAS;Pista esburacada;Capotamento;Com V�timas Feridas;Anoitecer;Decrescente;C�u Claro;Simples;Reta;N�o;2;0;1;1;0;0;2;1;-12,03996915;-38,30015101;SPRF-BA;DEL01-BA;UOP04-DEL01-BA;;;
714993;22/06/2025;domingo;00:50:00;TO;242;283,5;PEIXE;Ingest�o de �lcool pelo condutor;Colis�o com objeto;Com V�timas Fatais;Plena Noite;Crescente;C�u Claro;Simples;Curva;N�o;1;1;0;0;0;0;0;1;-12,22366597;-48,46939225;SPRF-TO;DEL01-TO;UOP02-DEL01-TO;;;
714994;30/08/2025;s�bado;01:35:00;PR;116;115;CURITIBA;Rea��o tardia ou ineficiente do condutor;Colis�o com objeto;Sem V�timas;Plena Noite;Crescente;Nublado;M�ltipla;Reta;Sim;1;0;0;0;0;1;0;1;-25,55115339;-49,30508494;SPRF-PR;DEL01-PR;UOP03-DEL01-PR;;;
714996;30/08/2025;s�bado;07:50:00;RS;470;212;BENTO GONCALVES;Condutor deixou de manter dist�ncia do ve�culo da frente;Colis�o traseira;Sem V�timas;Pleno dia;Decrescente;C�u Claro;Simples;Reta;Sim;2;0;0;0;2;0;0;2;-29,14336372;-51,53621858;SPRF-RS;DEL06-RS;UOP01-DEL06-RS;;;
714997;30/08/2025;s�bado;10:30:00;SE;101;63;ROSARIO DO CATETE;Rea��o tardia ou ineficiente do condutor;Colis�o com objeto;Com V�timas Feridas;Pleno dia;Decrescente;C�u Claro;Dupla;Reta;N�o;1;0;1;0;0;0;1;1;-10,694;-37,043;SPRF-SE;DEL02-SE;UOP02-DEL02-SE;;;
714998;30/08/2025;s�bado;10:40:00;PR;116;73;QUATRO BARRAS;Aus�ncia de rea��o do condutor;Sa�da de leito carro��vel;Sem V�timas;Pleno dia;Decrescente;C�u Claro;Dupla;Curva;N�o;2;0;0;0;2;0;0;1;-25,35815842;-49,04063892;SPRF-PR;DEL01-PR;UOP02-DEL01-PR;;;
714999;30/08/2025;s�bado;09:15:00;PE;101;111;IPOJUCA;Ultrapassagem Indevida;Colis�o lateral mesmo sentido;Com V�timas Feridas;Pleno dia;Decrescente;Nublado;Dupla;Curva;N�o;2;0;1;0;1;0;1;2;-8,331187;-35,12349956;SPRF-PE;DEL01-PE;UOP03-DEL01-PE;;;