id;data_inversa;dia_semana;horario;uf;br;km;municipio;causa_acidente;tipo_acidente;classificacao_acidente;fase_dia;sentido_via;condicao_metereologica;tipo_pista;tracado_via;uso_solo;pessoas;mortos;feridos_leves;feridos_graves;ilesos;ignorados;feridos;veiculos;latitude;longitude;regional;delegacia;uop;;;
715000;30/08/2025;s�bado;09:24:00;SC;282;578,9;PINHALZINHO;Acessar a via sem observar a presen�a dos outros ve�culos;Colis�o transversal;Com V�timas Feridas;Pleno dia;Decrescente;C�u Claro;Simples;"Aclive;Reta;Em Obras";Sim;2;0;0;1;1;0;1;2;-26,8455463;-52,9811537;SPRF-SC;DEL07-SC;UOP02-DEL07-SC;;;
715002;30/08/2025;s�bado;10:45:00;RS;290;70,9;GRAVATAI;Avarias e/ou desgaste excessivo no pneu;Tombamento;Com V�timas Feridas;Pleno dia;Decrescente;Sol;Dupla;Reta;N�o;2;0;1;0;1;0;1;1;-29,951475;-50,965311;SPRF-RS;DEL03-RS;UOP01-DEL03-RS;;;
715003;30/08/2025;s�bado;11:00:00;RS;386;40,2;FREDERICO WESTPHALEN;Acessar a via sem observar a presen�a dos outros ve�culos;Colis�o transversal;Com V�timas Feridas;Pleno dia;Crescente;C�u Claro;Simples;Rotat�ria;N�o;2;0;1;0;1;0;1;2;-27,40755979;-53,41490434;SPRF-RS;DEL08-RS;UOP02-DEL08-RS;;;
715005;30/08/2025;s�bado;08:45:00;RS;116;134,5;CAXIAS DO SUL;Rea��o tardia ou ineficiente do condutor;Sa�da de leito carro��vel;Sem V�timas;Pleno dia;Decrescente;C�u Claro;Simples;Curva;N�o;1;0;0;0;1;0;0;1;-29,06541302;-51,10037067;SPRF-RS;DEL05-RS;UOP01-DEL05-RS;;;
715007;30/08/2025;s�bado;09:00:00;RS;285;128;VACARIA;Demais falhas mec�nicas ou el�tricas;Tombamento;Com V�timas Feridas;Pleno dia;Decrescente;C�u Claro;Simples;Reta;N�o;2;0;2;0;0;0;2;1;-28,44580628;-50,9953393;SPRF-RS;DEL05-RS;UOP03-DEL05-RS;;;
715008;30/08/2025;s�bado;11:45:00;RN;405;72;APODI;Rea��o tardia ou ineficiente do condutor;Colis�o com objeto;Com V�timas Fatais;Pleno dia;Decrescente;C�u Claro;Simples;Reta;N�o;1;1;0;0;0;0;0;1;-5,620907;-37,790625;SPRF-RN;DEL04-RN;UOP02-DEL04-RN;;;
715009;30/08/2025;s�bado;12:15:00;RN;101;100,5;PARNAMIRIM;Aus�ncia de rea��o do condutor;Colis�o traseira;Com V�timas Feridas;Pleno dia;Decrescente;C�u Claro;Dupla;Reta;Sim;2;0;1;1;0;0;2;2;-5,88425;-35,226868;SPRF-RN;DEL01-RN;UOP01-DEL01-RN;;;
715010;26/08/2025;ter�a-feira;17:05:00;MG;50;178;UBERABA;Manobra de mudan�a de faixa;Tombamento;Com V�timas Feridas;Pleno dia;Decrescente;C�u Claro;Dupla;"Reta;Declive";Sim;2;0;0;1;0;1;1;2;-19,778328;-47,932536;SPRF-MG;DEL13-MG;UOP01-DEL13-MG;;;
715011;30/08/2025;s�bado;12:45:00;RJ;101;322;NITEROI;Chuva;Queda de ocupante de ve�culo;Com V�timas Feridas;Pleno dia;Decrescente;Chuva;Dupla;"Reta;Ponte";N�o;2;0;1;0;1;0;1;1;-22,8814095;-43,1147937;SPRF-RJ;DEL02-RJ;UOP01-DEL02-RJ;;;
715012;30/08/2025;s�bado;12:00:00;DF;20;18,3;BRASILIA;Demais falhas mec�nicas ou el�tricas;Inc�ndio;Sem V�timas;Pleno dia;Decrescente;C�u Claro;Dupla;"Aclive;Reta";Sim;1;0;0;0;1;0;0;1;-15,6203929;-47,7133799;SPRF-DF;DEL02-DF;UOP01-DEL02-DF;;;
715013;30/08/2025;s�bado;12:40:00;SC;101;110;FLORIANOPOLIS;Avarias e/ou desgaste excessivo no pneu;Tombamento;Com V�timas Feridas;Pleno dia;Decrescente;C�u Claro;Dupla;Reta;Sim;2;0;2;0;0;0;2;1;-27,5939328;-48,5556224;SPRF-SC;DEL03-SC;UOP02-DEL03-SC;;;
715014;30/08/2025;s�bado;12:20:00;GO;153;511,7;APARECIDA DE GOIANIA;Aus�ncia de rea��o do condutor;Colis�o lateral mesmo sentido;Sem V�timas;Pleno dia;Crescente;C�u Claro;Dupla;Reta;Sim;2;0;0;0;0;2;0;2;-16,803479;-49,23917;SPRF-GO;DEL01-GO;UOP03-DEL01-GO;;;
715015;30/08/2025;s�bado;11:30:00;RJ;40;105;DUQUE DE CAXIAS;Acessar a via sem observar a presen�a dos outros ve�culos;Colis�o transversal;Com V�timas Feridas;Pleno dia;Decrescente;C�u Claro;Dupla;Reta;Sim;2;0;1;0;1;0;1;2;-22,6410792;-43,28335081;SPRF-RJ;DEL01-RJ;UOP02-DEL01-RJ;;;
715016;30/08/2025;s�bado;11:50:00;GO;414;422;ABADIANIA;Aus�ncia de rea��o do condutor;Colis�o traseira;Sem V�timas;Pleno dia;Decrescente;C�u Claro;Simples;Reta;N�o;5;0;0;0;5;0;0;2;-16,13136;-48,89358;SPRF-GO;DEL02-GO;UOP01-DEL02-GO;;;
715017;30/08/2025;s�bado;12:15:00;RJ;116;199;QUEIMADOS;Demais falhas mec�nicas ou el�tricas;Inc�ndio;Sem V�timas;Pleno dia;Decrescente;C�u Claro;Dupla;Reta;Sim;1;0;0;0;0;1;0;1;-22,73185705;-43,59546661;SPRF-RJ;DEL06-RJ;UOP02-DEL06-RJ;;;
715020;30/08/2025;s�bado;12:30:00;RJ;116;322;ITATIAIA;Ingest�o de �lcool pelo condutor;Colis�o lateral mesmo sentido;Sem V�timas;Pleno dia;Crescente;C�u Claro;Simples;"Reta;Rotat�ria;Declive";Sim;3;0;0;0;3;0;0;2;-22,48695338;-44,5508287;SPRF-RJ;DEL07-RJ;UOP02-DEL07-RJ;;;
715021;30/08/2025;s�bado;12:50:00;PR;376;617;SAO JOSE DOS PINHAIS;Objeto est�tico sobre o leito carro��vel;Engavetamento;Com V�timas Feridas;Pleno dia;Crescente;Nublado;Dupla;Reta;N�o;7;0;3;0;4;0;3;4;-25,58763059;-49,17270573;SPRF-PR;DEL01-PR;UOP04-DEL01-PR;;;
715022;30/08/2025;s�bado;10:30:00;RJ;40;124;RIO DE JANEIRO;Rea��o tardia ou ineficiente do condutor;Colis�o lateral mesmo sentido;Com V�timas Feridas;Pleno dia;Decrescente;C�u Claro;M�ltipla;Reta;Sim;6;0;1;0;5;0;1;2;-22,8135953;-43,2877032;SPRF-RJ;DEL01-RJ;UOP02-DEL01-RJ;;;
715023;30/08/2025;s�bado;10:20:00;CE;20;398;CAUCAIA;Avarias e/ou desgaste excessivo no pneu;Sa�da de leito carro��vel;Com V�timas Feridas;Pleno dia;Crescente;C�u Claro;Simples;Reta;N�o;1;0;0;1;0;0;1;1;-3,84472949;-38,77212524;SPRF-CE;DEL01-CE;UOP01-DEL01-CE;;;
715024;30/08/2025;s�bado;13:50:00;GO;414;440;ANAPOLIS;Ingest�o de �lcool pelo condutor;Colis�o lateral mesmo sentido;Com V�timas Feridas;Pleno dia;Crescente;C�u Claro;Dupla;"Declive;Curva;Rotat�ria";Sim;2;0;0;1;1;0;1;2;-16,28683763;-48,94358754;SPRF-GO;DEL02-GO;UOP01-DEL02-GO;;;
715026;30/08/2025;s�bado;12:26:00;RJ;40;85;PETROPOLIS;Aus�ncia de rea��o do condutor;Queda de ocupante de ve�culo;Com V�timas Feridas;Pleno dia;Decrescente;C�u Claro;Dupla;Curva;N�o;1;0;1;0;0;0;1;1;-22,54212153;-43,23300898;SPRF-RJ;DEL01-RJ;UOP01-DEL01-RJ;;;
715027;30/08/2025;s�bado;14:20:00;MG;381;432,9;SABARA;Velocidade Incompat�vel;Colis�o lateral sentido oposto;Com V�timas Feridas;Pleno dia;Decrescente;C�u Claro;Simples;Curva;N�o;4;0;0;1;3;0;1;3;-19,80003373;-43,76177279;SPRF-MG;DEL01-MG;UOP01-DEL01-MG;;;
715028;30/08/2025;s�bado;13:30:00;BA;116;10,7;VITORIA DA CONQUISTA;Desrespeitar a prefer�ncia no cruzamento;Colis�o transversal;Com V�timas Feridas;Pleno dia;Decrescente;Sol;Simples;"Curva;Rotat�ria";Sim;3;0;2;0;1;0;2;2;-14,86508;-40,87233;SPRF-BA;DEL08-BA;UOP01-DEL08-BA;;;
715029;30/08/2025;s�bado;08:50:00;MA;230;404;BALSAS;Desrespeitar a prefer�ncia no cruzamento;Colis�o transversal;Sem V�timas;Pleno dia;Crescente;C�u Claro;Dupla;"Reta;Interse��o de Vias";Sim;2;0;0;0;1;1;0;2;-7,52093744;-46,05050325;SPRF-MA;DEL05-MA;UOP01-DEL05-MA;;;
715030;30/08/2025;s�bado;09:40:00;MT;163;1021;TERRA NOVA DO NORTE;Aus�ncia de rea��o do condutor;Sa�da de leito carro��vel;Com V�timas Feridas;Pleno dia;Crescente;Sol;Simples;Reta;N�o;1;0;1;0;0;0;1;1;-10,3062;-55,0336;SPRF-MT;DEL06-MT;UOP03-DEL06-MT;;;
715032;30/08/2025;s�bado;14:40:00;RS;285;270,5;MATO CASTELHANO;Acessar a via sem observar a presen�a dos outros ve�culos;Colis�o lateral mesmo sentido;Com V�timas Feridas;Pleno dia;Decrescente;C�u Claro;Simples;"Reta;Declive";Sim;3;0;1;0;1;1;1;2;-28,28004571;-52,18340546;SPRF-RS;DEL08-RS;UOP03-DEL08-RS;;;
715033;30/08/2025;s�bado;12:30:00;MT;163;527;DIAMANTINO;Aus�ncia de rea��o do condutor;Sa�da de leito carro��vel;Com V�timas Feridas;Pleno dia;Crescente;C�u Claro;Dupla;Reta;N�o;1;0;1;0;0;0;1;1;-14,3998103;-56,1092788;SPRF-MT;DEL01-MT;UOP01-DEL01-MT;;;
715035;30/08/2025;s�bado;14:30:00;PE;428;177;PETROLINA;Rea��o tardia ou ineficiente do condutor;Colis�o traseira;Sem V�timas;Pleno dia;Crescente;C�u Claro;Simples;Reta;N�o;2;0;0;0;2;0;0;2;-9,2864974;-40,4428189;SPRF-PE;DEL06-PE;UOP01-DEL06-PE;;;
715036;30/08/2025;s�bado;11:25:00;PA;10;11;DOM ELISEU;Condutor Dormindo;Eventos at�picos;Com V�timas Feridas;Pleno dia;Crescente;Sol;Simples;"Curva;Aclive";N�o;1;0;0;1;0;0;1;1;-4,33245;-47,537693;SPRF-PA;DEL02-PA;UOP02-DEL02-PA;;;
715040;30/08/2025;s�bado;15:00:00;DF;20;57;BRASILIA;Velocidade Incompat�vel;Sa�da de leito carro��vel;Com V�timas Feridas;Pleno dia;Decrescente;Sol;Dupla;Curva;N�o;1;0;0;1;0;0;1;1;-15,585869;-47,360222;SPRF-DF;DEL02-DF;UOP01-DEL02-DF;;;
715042;30/08/2025;s�bado;14:10:00;RN;101;146;GOIANINHA;Ultrapassagem Indevida;Colis�o frontal;Com V�timas Feridas;Pleno dia;Crescente;C�u Claro;Simples;Reta;Sim;3;0;3;0;0;0;3;3;-6,26248082;-35,21163686;SPRF-RN;DEL01-RN;UOP01-DEL01-RN;;;
715043;30/08/2025;s�bado;14:40:00;RS;116;523;PELOTAS;Aus�ncia de rea��o do condutor;Colis�o traseira;Com V�timas Feridas;Pleno dia;Crescente;C�u Claro;Dupla;Reta;N�o;4;0;2;0;2;0;2;2;-31,72161237;-52,37873041;SPRF-RS;DEL07-RS;UOP01-DEL07-RS;;;
715046;30/08/2025;s�bado;15:00:00;SC;101;134;BALNEARIO CAMBORIU;Desrespeitar a prefer�ncia no cruzamento;Colis�o transversal;Com V�timas Feridas;Pleno dia;Crescente;C�u Claro;Simples;"Interse��o de Vias;Rotat�ria";Sim;3;0;0;1;2;0;1;2;-27,00439093;-48,63041852;SPRF-SC;DEL04-SC;UOP03-DEL04-SC;;;
715047;26/01/2025;domingo;21:40:00;MS;163;500,7;CAMPO GRANDE;Aus�ncia de rea��o do condutor;Colis�o traseira;Com V�timas Feridas;Plena Noite;Decrescente;C�u Claro;Simples;"Aclive;Reta";N�o;2;0;1;0;1;0;1;2;-20,32607304;-54,51856683;SPRF-MS;DEL01-MS;UOP02-DEL01-MS;;;
715048;30/08/2025;s�bado;15:40:00;GO;60;176,5;GUAPO;Manobra de mudan�a de faixa;Tombamento;Com V�timas Feridas;Pleno dia;Crescente;Sol;Dupla;"Reta;Aclive";N�o;1;0;1;0;0;0;1;1;-16,79517399;-49,48493963;SPRF-GO;DEL01-GO;UOP02-DEL01-GO;;;
715050;30/08/2025;s�bado;13:40:00;AC;364;121;RIO BRANCO;Desrespeitar a prefer�ncia no cruzamento;Colis�o lateral mesmo sentido;Com V�timas Feridas;Pleno dia;Crescente;C�u Claro;Dupla;Rotat�ria;Sim;2;0;1;0;0;1;1;2;-10,01206475;-67,77021752;SPRF-AC;DEL01-AC;UOP01-DEL01-AC;;;
715051;30/08/2025;s�bado;14:00:00;RJ;116;312;RESENDE;Mal s�bito do condutor;Colis�o com objeto;Com V�timas Feridas;Pleno dia;Decrescente;Nublado;Dupla;Reta;Sim;1;0;1;0;0;0;1;1;-22,45975955;-44,45785046;SPRF-RJ;DEL07-RJ;UOP02-DEL07-RJ;;;
715052;30/08/2025;s�bado;15:30:00;ES;101;229;FUNDAO;Acesso irregular;Colis�o transversal;Sem V�timas;Pleno dia;Decrescente;Nublado;Simples;Reta;Sim;2;0;0;0;1;1;0;2;-19,931509;-40,40552;SPRF-ES;DEL02-ES;UOP01-DEL02-ES;;;
715053;30/08/2025;s�bado;15:30:00;RN;101;157;GOIANINHA;Manobra de mudan�a de faixa;Colis�o lateral mesmo sentido;Com V�timas Feridas;Pleno dia;Crescente;C�u Claro;Dupla;Reta;N�o;5;0;1;0;4;0;1;2;-6,29897111;-35,19373354;SPRF-RN;DEL01-RN;UOP01-DEL01-RN;;;
715054;30/08/2025;s�bado;13:00:00;RO;435;113;COLORADO DO OESTE;Velocidade Incompat�vel;Sa�da de leito carro��vel;Com V�timas Feridas;Pleno dia;Decrescente;C�u Claro;Simples;"Reta;Declive";N�o;1;0;1;0;0;0;1;1;-13,18963;-60,72871;SPRF-RO;DEL04-RO;UOP02-DEL04-RO;;;
715055;30/08/2025;s�bado;14:40:00;MG;381;521,5;BRUMADINHO;Velocidade Incompat�vel;Sa�da de leito carro��vel;Sem V�timas;Pleno dia;Decrescente;Chuva;Dupla;"Aclive;Curva";N�o;3;0;0;0;3;0;0;1;-20,121618;-44,30141;SPRF-MG;DEL04-MG;UOP03-DEL04-MG;;;
715058;03/08/2025;domingo;16:45:00;MG;40;552,6;NOVA LIMA;Desrespeitar a prefer�ncia no cruzamento;Colis�o transversal;Com V�timas Feridas;Pleno dia;Crescente;C�u Claro;Dupla;Reta;Sim;3;0;2;0;0;1;2;2;-20,0678009;-43,98188;SPRF-MG;DEL01-MG;UOP02-DEL01-MG;;;
715059;30/08/2025;s�bado;16:30:00;ES;101;287,3;CARIACICA;Mal s�bito do condutor;Tombamento;Com V�timas Feridas;Pleno dia;Crescente;Nublado;Dupla;"Reta;Declive";N�o;1;0;1;0;0;0;1;1;-20,26152392;-40,37874406;SPRF-ES;DEL01-ES;UOP01-DEL01-ES;;;
715061;30/08/2025;s�bado;13:25:00;MT;158;547;AGUA BOA;Ingest�o de �lcool pelo condutor;Capotamento;Com V�timas Feridas;Pleno dia;Decrescente;C�u Claro;Simples;Curva;N�o;1;0;1;0;0;0;1;1;-13,88291464;-52,06114769;SPRF-MT;DEL07-MT;UOP02-DEL07-MT;;;
715062;30/08/2025;s�bado;14:20:00;MG;381;521;BRUMADINHO;Chuva;Sa�da de leito carro��vel;Com V�timas Feridas;Pleno dia;Decrescente;Chuva;M�ltipla;"Aclive;Curva";N�o;2;0;2;0;0;0;2;1;-20,12169707;-44,30129226;SPRF-MG;DEL04-MG;UOP03-DEL04-MG;;;
715063;27/08/2025;quarta-feira;18:30:00;GO;153;530;HIDROLANDIA;Rea��o tardia ou ineficiente do condutor;Colis�o traseira;Com V�timas Feridas;Anoitecer;Crescente;C�u Claro;Dupla;Reta;N�o;2;0;1;0;1;0;1;2;-16,94638104;-49,25016354;SPRF-GO;DEL01-GO;UOP03-DEL01-GO;;;
715064;30/08/2025;s�bado;16:20:00;PR;369;157;LONDRINA;Rea��o tardia ou ineficiente do condutor;Colis�o traseira;Com V�timas Feridas;Pleno dia;Crescente;C�u Claro;Dupla;Reta;Sim;2;0;1;0;1;0;1;2;-23,28708;-51,22656;SPRF-PR;DEL07-PR;UOP01-DEL07-PR;;;
715066;30/08/2025;s�bado;16:45:00;ES;262;19,8;VIANA;Entrada inopinada do pedestre;Atropelamento de Pedestre;Com V�timas Feridas;Pleno dia;Crescente;C�u Claro;Simples;Curva;Sim;6;0;1;0;5;0;1;2;-20,38625971;-40,49624847;SPRF-ES;DEL01-ES;UOP01-DEL01-ES;;;
715067;30/08/2025;s�bado;17:00:00;SC;282;15,7;PALHOCA;Acessar a via sem observar a presen�a dos outros ve�culos;Colis�o transversal;Com V�timas Feridas;Pleno dia;Crescente;C�u Claro;Simples;Reta;N�o;2;0;2;0;0;0;2;2;-27,65607198;-48,67965667;SPRF-SC;DEL01-SC;UOP02-DEL01-SC;;;
715068;30/08/2025;s�bado;15:00:00;RJ;101;388;RIO DE JANEIRO;Rea��o tardia ou ineficiente do condutor;Tombamento;Com V�timas Feridas;Pleno dia;Crescente;C�u Claro;M�ltipla;Reta;N�o;1;0;1;0;0;0;1;1;-22,89167396;-43,66687775;SPRF-RJ;DEL03-RJ;UOP01-DEL03-RJ;;;
715072;30/08/2025;s�bado;17:00:00;SC;470;120;IBIRAMA;Ingest�o de �lcool pelo condutor;Colis�o com objeto;Com V�timas Feridas;Pleno dia;Decrescente;C�u Claro;Simples;Declive;N�o;3;0;1;0;0;2;1;2;-27,0886705;-49,5198618;SPRF-SC;DEL04-SC;UOP02-DEL04-SC;;;
715074;30/08/2025;s�bado;16:30:00;RJ;101;318;SAO GONCALO;Demais falhas mec�nicas ou el�tricas;Queda de ocupante de ve�culo;Com V�timas Feridas;Pleno dia;Decrescente;C�u Claro;Dupla;Reta;Sim;3;0;2;0;1;0;2;2;-22,85354566;-43,10142215;SPRF-RJ;DEL02-RJ;UOP02-DEL02-RJ;;;
715075;30/08/2025;s�bado;15:00:00;MT;364;530,6;ROSARIO OESTE;Retorno proibido;Sa�da de leito carro��vel;Sem V�timas;Pleno dia;Decrescente;C�u Claro;Simples;Reta;N�o;1;0;0;0;1;0;0;1;-14,934191;-56,488604;SPRF-MT;DEL01-MT;UOP01-DEL01-MT;;;
715076;30/08/2025;s�bado;17:24:00;ES;259;20;JOAO NEIVA;Acessar a via sem observar a presen�a dos outros ve�culos;Colis�o transversal;Com V�timas Feridas;Pleno dia;Crescente;Nublado;Simples;Interse��o de Vias;N�o;3;0;2;0;1;0;2;2;-19,6490634;-40,4622066;SPRF-ES;DEL02-ES;UOP01-DEL02-ES;;;
715078;30/08/2025;s�bado;16:20:00;MG;116;413;GOVERNADOR VALADARES;Condutor deixou de manter dist�ncia do ve�culo da frente;Colis�o traseira;Com V�timas Feridas;Pleno dia;Crescente;C�u Claro;Simples;Reta;Sim;4;0;0;1;3;0;1;2;-18,8827;-41,9557;SPRF-MG;DEL06-MG;UOP01-DEL06-MG;;;
715080;30/08/2025;s�bado;12:15:00;MG;381;199;NAQUE;Chuva;Sa�da de leito carro��vel;Com V�timas Feridas;Pleno dia;Decrescente;Chuva;Simples;Reta;N�o;2;0;2;0;0;0;2;1;-19,184408;-42,26424;SPRF-MG;DEL06-MG;UOP01-DEL06-MG;;;
715081;10/08/2025;domingo;21:45:00;PR;116;149;MANDIRITUBA;Transitar na contram�o;Colis�o frontal;Com V�timas Feridas;Plena Noite;Decrescente;Nublado;Simples;Reta;Sim;4;0;3;0;0;1;3;3;-25,842082;-49,346975;SPRF-PR;DEL01-PR;UOP03-DEL01-PR;;;
715082;30/08/2025;s�bado;17:40:00;DF;70;4;BRASILIA;Acessar a via sem observar a presen�a dos outros ve�culos;Colis�o transversal;Com V�timas Feridas;Pleno dia;Decrescente;C�u Claro;Dupla;Reta;N�o;5;0;0;1;4;0;1;2;-15,79892;-48,08875;SPRF-DF;DEL03-DF;UOP02-DEL03-DF;;;
715083;30/08/2025;s�bado;18:05:00;PB;230;22,8;JOAO PESSOA;Aus�ncia de rea��o do condutor;Colis�o traseira;Com V�timas Feridas;Plena Noite;Crescente;Chuva;Dupla;Reta;Sim;2;0;2;0;0;0;2;2;-7,16036;-34,86319;SPRF-PB;DEL01-PB;UOP01-DEL01-PB;;;
715084;30/08/2025;s�bado;16:50:00;MG;267;23;ARGIRITA;Velocidade Incompat�vel;Sa�da de leito carro��vel;Com V�timas Feridas;Anoitecer;Crescente;Chuva;Simples;"Declive;Curva";N�o;5;0;3;0;2;0;3;1;-21,60292017;-42,79765025;SPRF-MG;DEL07-MG;UOP01-DEL07-MG;;;
715085;30/08/2025;s�bado;17:14:00;SC;163;71,2;SAO MIGUEL DO OESTE;Velocidade Incompat�vel;Sa�da de leito carro��vel;Sem V�timas;Pleno dia;Crescente;C�u Claro;Dupla;Reta;Sim;1;0;0;0;0;1;0;1;-26,72653736;-53,51300804;SPRF-SC;DEL07-SC;UOP03-DEL07-SC;;;
715087;30/08/2025;s�bado;18:20:00;PA;230;114;MARABA;Acessar a via sem observar a presen�a dos outros ve�culos;Colis�o transversal;Sem V�timas;Anoitecer;Decrescente;C�u Claro;Dupla;Rotat�ria;Sim;2;0;0;0;2;0;0;2;-5,36170858;-49,07855848;SPRF-PA;DEL03-PA;UOP01-DEL03-PA;;;
715091;30/08/2025;s�bado;18:25:00;SC;116;4,8;MAFRA;Transitar na contram�o;Colis�o frontal;Com V�timas Feridas;Plena Noite;Crescente;C�u Claro;Simples;Reta;Sim;2;0;1;1;0;0;2;2;-26,1411726;-49,8154643;SPRF-SC;DEL06-SC;UOP01-DEL06-SC;;;
715094;30/08/2025;s�bado;18:35:00;PB;101;86;JOAO PESSOA;Aus�ncia de rea��o do condutor;Queda de ocupante de ve�culo;Com V�timas Feridas;Plena Noite;Decrescente;Chuva;M�ltipla;"Declive;Retorno Regulamentado";N�o;1;0;0;1;0;0;1;1;-7,151135;-34,909748;SPRF-PB;DEL01-PB;UOP01-DEL01-PB;;;
715095;30/08/2025;s�bado;19:20:00;ES;262;113;VENDA NOVA DO IMIGRANTE;Ingest�o de �lcool pelo condutor;Colis�o lateral sentido oposto;Sem V�timas;Plena Noite;Crescente;Nublado;Simples;"Declive;Curva";N�o;3;0;0;0;3;0;0;3;-20,331878;-41,204408;SPRF-ES;DEL01-ES;UOP02-DEL01-ES;;;
715096;30/08/2025;s�bado;17:00:00;MT;70;0,3;BARRA DO GARCAS;Aus�ncia de rea��o do condutor;Colis�o traseira;Com V�timas Feridas;Pleno dia;Decrescente;C�u Claro;Simples;"Reta;Ponte";Sim;3;0;1;0;2;0;1;2;-15,89489;-52,257073;SPRF-MT;DEL07-MT;UOP01-DEL07-MT;;;
715098;30/08/2025;s�bado;19:10:00;PR;369;56,6;BANDEIRANTES;Desrespeitar a prefer�ncia no cruzamento;Colis�o transversal;Com V�timas Feridas;Anoitecer;Crescente;C�u Claro;Simples;Interse��o de Vias;N�o;3;0;2;0;1;0;2;2;-23,1176134;-50,3751968;SPRF-PR;DEL07-PR;UOP05-DEL07-PR;;;
715099;30/08/2025;s�bado;16:30:00;MG;50;175,5;UBERABA;Rea��o tardia ou ineficiente do condutor;Colis�o traseira;Com V�timas Feridas;Pleno dia;Decrescente;C�u Claro;Dupla;"Reta;Aclive";Sim;2;0;1;0;1;0;1;2;-19,779188;-47,965242;SPRF-MG;DEL13-MG;UOP01-DEL13-MG;;;
715101;30/08/2025;s�bado;18:30:00;MS;163;256,6;DOURADOS;Aus�ncia de rea��o do condutor;Colis�o traseira;Com V�timas Feridas;Plena Noite;Crescente;C�u Claro;Dupla;"Aclive;Reta";Sim;5;0;1;0;3;1;1;3;-22,262008;-54,804905;SPRF-MS;DEL04-MS;UOP01-DEL04-MS;;;
715102;30/08/2025;s�bado;16:24:00;PE;232;429,9;SERRA TALHADA;Acessar a via sem observar a presen�a dos outros ve�culos;Colis�o transversal;Com V�timas Feridas;Pleno dia;Crescente;C�u Claro;Simples;Declive;N�o;5;0;0;1;3;1;1;3;-8,003148;-38,469213;SPRF-PE;DEL04-PE;UOP01-DEL04-PE;;;
715104;30/08/2025;s�bado;19:45:00;SC;101;209,8;SAO JOSE;Rea��o tardia ou ineficiente do condutor;Tombamento;Com V�timas Feridas;Anoitecer;Decrescente;C�u Claro;M�ltipla;Reta;Sim;3;0;0;1;2;0;1;2;-27,61619;-48,64407;SPRF-SC;DEL01-SC;UOP01-DEL01-SC;;;
715106;19/08/2025;ter�a-feira;08:30:00;MA;10;257;IMPERATRIZ;Condutor deixou de manter dist�ncia do ve�culo da frente;Colis�o traseira;Com V�timas Feridas;Pleno dia;Decrescente;C�u Claro;Simples;Reta;Sim;4;0;1;0;3;0;1;4;-5,488091;-47,472072;SPRF-MA;DEL04-MA;UOP01-DEL04-MA;;;
715107;30/08/2025;s�bado;15:20:00;SC;101;99,2;BARRA VELHA;Fuma�a;Inc�ndio;Sem V�timas;Pleno dia;Crescente;C�u Claro;Dupla;"Reta;Ponte";N�o;1;0;0;0;1;0;0;1;-26,61738285;-48,71955872;SPRF-SC;DEL03-SC;UOP02-DEL03-SC;;;
715108;30/08/2025;s�bado;19:30:00;SP;116;150;SAO JOSE DOS CAMPOS;Aus�ncia de rea��o do condutor;Engavetamento;Com V�timas Feridas;Plena Noite;Decrescente;Nublado;Dupla;Reta;Sim;3;0;1;0;2;0;1;3;-23,21406028;-45,8941075;SPRF-SP;DEL02-SP;UOP01-DEL02-SP;;;
715111;30/08/2025;s�bado;19:25:00;CE;116;28;ITAITINGA;Acesso irregular;Colis�o transversal;Com V�timas Feridas;Plena Noite;Crescente;C�u Claro;M�ltipla;Reta;Sim;5;0;2;0;3;0;2;3;-3,9974;-38,51647;SPRF-CE;DEL01-CE;UOP02-DEL01-CE;;;
715113;30/08/2025;s�bado;19:47:00;MG;116;333,9;CAMPANARIO;Aus�ncia de rea��o do condutor;Sa�da de leito carro��vel;Com V�timas Feridas;Plena Noite;Decrescente;Nublado;Simples;"Aclive;Curva";N�o;1;0;1;0;0;0;1;1;-18,270518;-41,737485;SPRF-MG;DEL11-MG;UOP01-DEL11-MG;;;
715115;30/08/2025;s�bado;18:40:00;ES;101;146;LINHARES;Velocidade Incompat�vel;Colis�o transversal;Com V�timas Fatais;Plena Noite;Decrescente;C�u Claro;Dupla;Reta;N�o;2;1;0;0;0;1;0;2;-19,36647881;-40,06553538;SPRF-ES;DEL04-ES;UOP01-DEL04-ES;;;
715116;30/08/2025;s�bado;20:00:00;PA;230;6;ALTAMIRA;Condutor desrespeitou a ilumina��o vermelha do sem�foro;Colis�o frontal;Com V�timas Feridas;Plena Noite;Crescente;C�u Claro;Simples;"Reta;Interse��o de Vias";Sim;3;0;0;2;1;0;2;2;-3,17351078;-52,16835878;SPRF-PA;DEL03-PA;UOP01-DEL03-PA;;;
715117;30/08/2025;s�bado;18:50:00;CE;222;215,9;SOBRAL;Aus�ncia de rea��o do condutor;Sa�da de leito carro��vel;Com V�timas Feridas;Plena Noite;Decrescente;C�u Claro;Simples;Curva;N�o;1;0;0;1;0;0;1;1;-3,757029;-40,298942;SPRF-CE;DEL04-CE;UOP01-DEL04-CE;;;
715118;30/08/2025;s�bado;20:00:00;GO;60;24,6;ALEXANIA;Condutor deixou de manter dist�ncia do ve�culo da frente;Colis�o traseira;Com V�timas Feridas;Plena Noite;Decrescente;C�u Claro;Dupla;"Curva;Declive";N�o;4;0;0;2;1;1;2;3;-16,113897;-48,440093;SPRF-DF;DEL03-DF;UOP01-DEL03-DF;;;
715120;30/08/2025;s�bado;19:45:00;AL;423;7,8;OURO BRANCO;Animais na Pista;Atropelamento de Animal;Com V�timas Fatais;Plena Noite;Crescente;C�u Claro;Simples;Reta;N�o;1;1;0;0;0;0;0;1;-9,141455;-37,355632;SPRF-AL;DEL03-AL;UOP02-DEL03-AL;;;