id;data_inversa;dia_semana;horario;uf;br;km;municipio;causa_acidente;tipo_acidente;classificacao_acidente;fase_dia;sentido_via;condicao_metereologica;tipo_pista;tracado_via;uso_solo;pessoas;mortos;feridos_leves;feridos_graves;ilesos;ignorados;feridos;veiculos;latitude;longitude;regional;delegacia;uop;;;
715121;30/08/2025;s�bado;19:45:00;PB;427;3,6;PAULISTA;Animais na Pista;Atropelamento de Animal;Com V�timas Feridas;Plena Noite;Crescente;C�u Claro;Simples;Declive;N�o;1;0;1;0;0;0;1;1;-6,651418;-37,505103;SPRF-PB;DEL03-PB;UOP02-DEL03-PB;;;
715123;30/08/2025;s�bado;21:00:00;PR;277;672;MEDIANEIRA;Rea��o tardia ou ineficiente do condutor;Colis�o traseira;Com V�timas Feridas;Plena Noite;Crescente;C�u Claro;Dupla;"Declive;Reta";Sim;4;0;2;0;2;0;2;2;-25,288;-54,099;SPRF-PR;DEL05-PR;UOP02-DEL05-PR;;;
715124;30/08/2025;s�bado;19:45:00;GO;70;1,6;AGUAS LINDAS DE GOIAS;Velocidade Incompat�vel;Sa�da de leito carro��vel;Sem V�timas;Plena Noite;Decrescente;C�u Claro;Dupla;"Declive;Curva";Sim;3;0;0;0;2;1;0;2;-15,765602;-48,230488;SPRF-DF;DEL03-DF;UOP02-DEL03-DF;;;
715125;30/08/2025;s�bado;20:00:00;MA;316;265;SANTA INES;Desrespeitar a prefer�ncia no cruzamento;Colis�o frontal;Com V�timas Feridas;Plena Noite;Crescente;C�u Claro;Simples;Reta;N�o;3;0;2;0;1;0;2;2;-3,67652105;-45,35739899;SPRF-MA;DEL02-MA;UOP01-DEL02-MA;;;
715126;30/08/2025;s�bado;19:15:00;MA;222;365;SANTA INES;�rea urbana sem a presen�a de local apropriado para a travessia de pedestres;Atropelamento de Pedestre;Com V�timas Fatais;Plena Noite;Decrescente;C�u Claro;Simples;Reta;Sim;2;1;0;0;1;0;0;2;-3,68200289;-45,39413452;SPRF-MA;DEL02-MA;UOP01-DEL02-MA;;;
715127;30/08/2025;s�bado;18:40:00;MT;70;6;BARRA DO GARCAS;Aus�ncia de rea��o do condutor;Colis�o transversal;Com V�timas Feridas;Plena Noite;Decrescente;C�u Claro;Dupla;Interse��o de Vias;Sim;2;0;0;1;1;0;1;2;-15,87820272;-52,31244957;SPRF-MT;DEL07-MT;UOP01-DEL07-MT;;;
715132;30/08/2025;s�bado;21:17:00;BA;324;599;SIMOES FILHO;Aus�ncia de rea��o do condutor;Colis�o frontal;Com V�timas Feridas;Plena Noite;Decrescente;Chuva;Dupla;Reta;N�o;7;0;0;1;5;1;1;3;-12,754947;-38,428855;SPRF-BA;DEL01-BA;UOP01-DEL01-BA;;;
715134;30/08/2025;s�bado;21:20:00;PB;230;2;CABEDELO;Condutor deixou de manter dist�ncia do ve�culo da frente;Colis�o traseira;Com V�timas Feridas;Plena Noite;Crescente;Chuva;Dupla;"Em Obras;Reta";Sim;2;0;1;0;1;0;1;2;-6,989738;-34,828728;SPRF-PB;DEL01-PB;UOP01-DEL01-PB;;;
715135;30/08/2025;s�bado;21:10:00;PE;428;1;BELEM DE SAO FRANCISCO;Animais na Pista;Atropelamento de Animal;Com V�timas Feridas;Plena Noite;Crescente;C�u Claro;Simples;Reta;N�o;1;0;0;1;0;0;1;1;-8,542148;-39,23849;SPRF-PE;DEL05-PE;UOP03-DEL05-PE;;;
715137;30/08/2025;s�bado;18:10:00;PE;110;243;JATOBA;Ingest�o de �lcool pelo condutor;Colis�o traseira;Com V�timas Feridas;Plena Noite;Decrescente;C�u Claro;Simples;Reta;N�o;2;0;0;2;0;0;2;2;-9,172547;-38,266398;SPRF-BA;DEL07-BA;UOP01-DEL07-BA;;;
715139;30/08/2025;s�bado;21:36:00;PE;104;66;CARUARU;Velocidade Incompat�vel;Colis�o transversal;Com V�timas Feridas;Plena Noite;Decrescente;Nublado;Dupla;"Aclive;Interse��o de Vias";Sim;2;0;1;0;1;0;1;2;-8,28269;-35,98223;SPRF-PE;DEL02-PE;UOP01-DEL02-PE;;;
715140;30/08/2025;s�bado;22:00:00;RJ;116;322;ITATIAIA;Desrespeitar a prefer�ncia no cruzamento;Colis�o frontal;Com V�timas Feridas;Plena Noite;Crescente;C�u Claro;Simples;"Reta;Interse��o de Vias";Sim;3;0;2;0;1;0;2;2;-22,4897644;-44,5539377;SPRF-RJ;DEL07-RJ;UOP02-DEL07-RJ;;;
715141;30/08/2025;s�bado;21:30:00;TO;153;132,4;WANDERLANDIA;Rea��o tardia ou ineficiente do condutor;Queda de ocupante de ve�culo;Com V�timas Feridas;Plena Noite;Decrescente;C�u Claro;Dupla;Reta;N�o;2;0;1;0;0;1;1;2;-7,111034;-48,184741;SPRF-TO;DEL02-TO;UOP01-DEL02-TO;;;
715142;30/08/2025;s�bado;18:20:00;PI;135;339;SANTA LUZ;Manobra de mudan�a de faixa;Colis�o frontal;Com V�timas Feridas;Plena Noite;Crescente;C�u Claro;Simples;Reta;N�o;2;0;0;1;1;0;1;2;-8,996147;-44,2962;SPRF-PI;DEL03-PI;UOP02-DEL03-PI;;;
715143;30/08/2025;s�bado;22:50:00;ES;101;385,9;RIO NOVO DO SUL;Rea��o tardia ou ineficiente do condutor;Sa�da de leito carro��vel;Com V�timas Feridas;Plena Noite;Decrescente;Chuva;Simples;Curva;N�o;1;0;1;0;0;0;1;1;-20,8412309;-40,8714874;SPRF-ES;DEL03-ES;UOP01-DEL03-ES;;;
715144;30/08/2025;s�bado;21:15:00;MT;163;834;SINOP;Acessar a via sem observar a presen�a dos outros ve�culos;Colis�o lateral mesmo sentido;Com V�timas Feridas;Plena Noite;Decrescente;C�u Claro;Simples;"Reta;Aclive";Sim;2;0;1;0;1;0;1;2;-11,858761;-55,494629;SPRF-MT;DEL06-MT;UOP02-DEL06-MT;;;
715145;30/08/2025;s�bado;19:45:00;SC;101;125,5;ITAJAI;Restri��o de visibilidade em curvas verticais;Colis�o transversal;Com V�timas Fatais;Plena Noite;Decrescente;C�u Claro;M�ltipla;"Declive;Curva";Sim;3;1;0;0;2;0;0;2;-26,951456;-48,679663;SPRF-SC;DEL04-SC;UOP04-DEL04-SC;;;
715146;30/08/2025;s�bado;19:20:00;BA;101;682;ITAGIMIRIM;Pedestre andava na pista;Atropelamento de Pedestre;Com V�timas Fatais;Plena Noite;Crescente;C�u Claro;Simples;Reta;N�o;2;1;0;0;0;1;0;2;-16,104195;-39,612055;SPRF-BA;DEL09-BA;UOP03-DEL09-BA;;;
715147;30/08/2025;s�bado;22:50:00;GO;60;99;ANAPOLIS;Suic�dio (presumido);Atropelamento de Pedestre;Com V�timas Fatais;Plena Noite;Decrescente;C�u Claro;Dupla;Reta;Sim;3;1;0;0;0;2;0;2;-16,38962;-48,95705;SPRF-GO;DEL02-GO;UOP01-DEL02-GO;;;
715148;30/08/2025;s�bado;18:00:00;MG;381;237;SANTANA DO PARAISO;Aus�ncia de rea��o do condutor;Colis�o traseira;Com V�timas Feridas;Plena Noite;Crescente;Ignorado;Simples;Reta;N�o;3;0;0;2;1;0;2;2;-19,412254;-42,490086;SPRF-MG;DEL06-MG;UOP01-DEL06-MG;;;
715149;30/08/2025;s�bado;22:28:00;RS;116;258;ESTEIO;Defici�ncia do Sistema de Ilumina��o/Sinaliza��o;Colis�o lateral mesmo sentido;Sem V�timas;Plena Noite;Crescente;C�u Claro;Dupla;"Reta;Em Obras";Sim;2;0;0;0;2;0;0;2;-29,86377482;-51,18089982;SPRF-RS;DEL01-RS;UOP02-DEL01-RS;;;
715150;30/08/2025;s�bado;20:50:00;SP;153;155;PROMISSAO;Acessar a via sem observar a presen�a dos outros ve�culos;Colis�o transversal;Sem V�timas;Plena Noite;Crescente;C�u Claro;Simples;Reta;N�o;2;0;0;0;2;0;0;2;-21,52398735;-49,78097917;SPRF-SP;DEL07-SP;UOP01-DEL07-SP;;;
715152;30/08/2025;s�bado;22:50:00;RS;386;347,2;LAJEADO;Rea��o tardia ou ineficiente do condutor;Sa�da de leito carro��vel;Com V�timas Feridas;Plena Noite;Crescente;C�u Claro;Simples;Interse��o de Vias;N�o;1;0;1;0;0;0;1;1;-29,439268;-51,984135;SPRF-RS;DEL04-RS;UOP01-DEL04-RS;;;
715153;30/08/2025;s�bado;22:10:00;SC;101;372,3;ICARA;Condutor Dormindo;Sa�da de leito carro��vel;Com V�timas Feridas;Plena Noite;Crescente;C�u Claro;Dupla;Reta;N�o;1;0;0;1;0;0;1;1;-28,71492323;-49,22467232;SPRF-SC;DEL02-SC;UOP01-DEL02-SC;;;
715154;30/08/2025;s�bado;22:43:00;SC;101;79,8;ARAQUARI;Acessar a via sem observar a presen�a dos outros ve�culos;Colis�o transversal;Com V�timas Feridas;Plena Noite;Crescente;Garoa/Chuvisco;Dupla;Retorno Regulamentado;N�o;3;0;1;0;2;0;1;2;-26,595445;-48,72254;SPRF-SC;DEL03-SC;UOP02-DEL03-SC;;;
715157;30/08/2025;s�bado;23:15:00;DF;20;52,1;BRASILIA;Aus�ncia de rea��o do condutor;Sa�da de leito carro��vel;Com V�timas Feridas;Plena Noite;Crescente;C�u Claro;Dupla;Reta;N�o;1;0;1;0;0;0;1;1;-15,580148;-47,40522;SPRF-DF;DEL02-DF;UOP01-DEL02-DF;;;
715158;30/08/2025;s�bado;21:20:00;MS;163;85,1;ITAQUIRAI;Avarias e/ou desgaste excessivo no pneu;Queda de ocupante de ve�culo;Com V�timas Feridas;Plena Noite;Crescente;C�u Claro;Simples;Reta;N�o;2;0;1;1;0;0;2;1;-23,414546;-54,2082;SPRF-MS;DEL09-MS;UOP01-DEL09-MS;;;
715159;30/08/2025;s�bado;23:00:00;PR;277;4;PARANAGUA;Transitar na contram�o;Colis�o frontal;Com V�timas Feridas;Plena Noite;Decrescente;Chuva;Dupla;Reta;Sim;6;0;1;0;5;0;1;2;-25,535565;-48,53083;SPRF-PR;DEL01-PR;UOP05-DEL01-PR;;;
715160;30/08/2025;s�bado;19:45:00;MG;116;473,1;TARUMIRIM;Demais falhas mec�nicas ou el�tricas;Inc�ndio;Sem V�timas;Plena Noite;Crescente;C�u Claro;Simples;Reta;N�o;1;0;0;0;1;0;0;1;-19,343722;-42,082381;SPRF-MG;DEL06-MG;UOP02-DEL06-MG;;;
715161;30/08/2025;s�bado;19:15:00;RN;405;85;APODI;Animais na Pista;Atropelamento de Animal;Com V�timas Feridas;Plena Noite;Crescente;C�u Claro;Simples;Reta;N�o;2;0;1;0;1;0;1;1;-5,72426;-37,81981;SPRF-RN;DEL04-RN;UOP02-DEL04-RN;;;
715163;30/08/2025;s�bado;21:55:00;SP;116;516;CAJATI;Rea��o tardia ou ineficiente do condutor;Capotamento;Com V�timas Feridas;Plena Noite;Decrescente;Chuva;Simples;"Declive;Curva";N�o;5;0;1;0;4;0;1;1;-24,87935608;-48,20930852;SPRF-SP;DEL05-SP;UOP02-DEL05-SP;;;
715164;30/08/2025;s�bado;22:50:00;RS;116;234;NOVO HAMBURGO;Velocidade Incompat�vel;Sa�da de leito carro��vel;Com V�timas Feridas;Plena Noite;Crescente;C�u Claro;Dupla;Reta;Sim;2;0;0;2;0;0;2;2;-29,64477762;-51,14326715;SPRF-RS;DEL01-RS;UOP02-DEL01-RS;;;
715166;30/08/2025;s�bado;22:50:00;RJ;101;387;RIO DE JANEIRO;Manobra de mudan�a de faixa;Colis�o traseira;Com V�timas Feridas;Plena Noite;Crescente;C�u Claro;Simples;Reta;N�o;7;0;3;0;4;0;3;2;-22,88945996;-43,70429993;SPRF-RJ;DEL03-RJ;UOP01-DEL03-RJ;;;
715167;31/08/2025;domingo;00:40:00;GO;60;47;ABADIANIA;Aus�ncia de rea��o do condutor;Sa�da de leito carro��vel;Com V�timas Feridas;Plena Noite;Crescente;Ignorado;Dupla;Reta;N�o;3;0;3;0;0;0;3;1;-16,15371;-48,61108;SPRF-GO;DEL02-GO;UOP01-DEL02-GO;;;
715168;30/08/2025;s�bado;23:10:00;PA;316;57;CASTANHAL;Ingest�o de �lcool pelo condutor;Colis�o com objeto;Sem V�timas;Plena Noite;Crescente;Ignorado;Dupla;"Reta;Retorno Regulamentado";N�o;3;0;0;0;3;0;0;1;-1,299788;-47,973423;SPRF-PA;DEL01-PA;UOP01-DEL01-PA;;;
715169;31/08/2025;domingo;00:20:00;PI;343;6,8;PARNAIBA;Aus�ncia de rea��o do condutor;Colis�o traseira;Sem V�timas;Plena Noite;Decrescente;C�u Claro;Simples;Reta;Sim;2;0;0;0;0;2;0;2;-2,89775973;-41,71287775;SPRF-PI;DEL05-PI;UOP01-DEL05-PI;;;
715170;30/08/2025;s�bado;22:30:00;PA;10;269,3;MAE DO RIO;Transitar na contram�o;Colis�o frontal;Com V�timas Feridas;Plena Noite;Crescente;C�u Claro;Simples;Reta;N�o;2;0;0;1;0;1;1;2;-2,074995;-47,559505;SPRF-PA;DEL02-PA;UOP01-DEL02-PA;;;
715171;31/08/2025;domingo;00:10:00;PB;104;109;LAGOA SECA;Ingest�o de �lcool pelo condutor;Colis�o lateral sentido oposto;Sem V�timas;Plena Noite;Decrescente;Garoa/Chuvisco;Simples;Aclive;N�o;3;0;0;0;3;0;0;2;-7,121072;-35,8637;SPRF-PB;DEL02-PB;UOP04-DEL02-PB;;;
715172;31/08/2025;domingo;01:10:00;SP;116;94,7;PINDAMONHANGABA;Ingest�o de �lcool pelo condutor;Colis�o com objeto;Com V�timas Feridas;Plena Noite;Decrescente;C�u Claro;Simples;"Declive;Interse��o de Vias;Curva";Sim;2;0;1;0;0;1;1;1;-22,96342966;-45,42657249;SPRF-SP;DEL08-SP;UOP01-DEL08-SP;;;
715173;31/08/2025;domingo;01:40:00;PR;369;423;UBIRATA;Aus�ncia de rea��o do condutor;Colis�o traseira;Sem V�timas;Plena Noite;Crescente;C�u Claro;Simples;"Declive;Reta;Retorno Regulamentado";N�o;2;0;0;0;0;2;0;2;-24,51288589;-52,92542556;SPRF-PR;DEL04-PR;UOP03-DEL04-PR;;;
715175;31/08/2025;domingo;01:45:00;SE;235;47;ITABAIANA;Velocidade Incompat�vel;Colis�o traseira;Com V�timas Feridas;Plena Noite;Crescente;C�u Claro;Simples;Reta;N�o;2;0;1;0;1;0;1;2;-10,7057363;-37,4273664;SPRF-SE;DEL01-SE;UOP02-DEL01-SE;;;
715176;31/08/2025;domingo;02:00:00;ES;101;294;VIANA;Chuva;Colis�o com objeto;Com V�timas Feridas;Plena Noite;Crescente;Chuva;M�ltipla;Reta;N�o;1;0;1;0;0;0;1;1;-20,35623752;-40,41775118;SPRF-ES;DEL01-ES;UOP01-DEL01-ES;;;
715178;31/08/2025;domingo;02:15:00;PE;101;156;RIBEIRAO;Aus�ncia de rea��o do condutor;Colis�o com objeto;Com V�timas Feridas;Plena Noite;Crescente;Chuva;Dupla;Reta;N�o;3;0;2;0;1;0;2;1;-8,54315277;-35,39020434;SPRF-PE;DEL01-PE;UOP03-DEL01-PE;;;
715179;31/08/2025;domingo;02:03:00;ES;101;32;CONCEICAO DA BARRA;Avarias e/ou desgaste excessivo no pneu;Sa�da de leito carro��vel;Sem V�timas;Plena Noite;Crescente;Chuva;Simples;Reta;Sim;1;0;0;0;1;0;0;1;-18,4219208;-39,9358207;SPRF-ES;DEL04-ES;UOP02-DEL04-ES;;;
715180;31/08/2025;domingo;00:15:00;MG;267;48;MARIPA DE MINAS;Ingest�o de �lcool pelo condutor;Sa�da de leito carro��vel;Com V�timas Feridas;Plena Noite;Crescente;Nublado;Simples;Curva;N�o;1;0;1;0;0;0;1;1;-21,69603251;-42,97920227;SPRF-MG;DEL07-MG;UOP01-DEL07-MG;;;
715181;31/08/2025;domingo;03:00:00;SC;101;134;ITAPEMA;Condutor deixou de manter dist�ncia do ve�culo da frente;Colis�o traseira;Sem V�timas;Plena Noite;Decrescente;C�u Claro;Simples;Reta;Sim;2;0;0;0;2;0;0;2;-27,06575;-48,595288;SPRF-SC;DEL04-SC;UOP03-DEL04-SC;;;
715182;31/08/2025;domingo;01:15:00;SP;116;51;LORENA;Acessar a via sem observar a presen�a dos outros ve�culos;Atropelamento de Pedestre;Com V�timas Feridas;Plena Noite;Crescente;C�u Claro;Simples;Curva;Sim;2;0;1;0;1;0;1;2;-22,740814;-45,092928;SPRF-SP;DEL08-SP;UOP02-DEL08-SP;;;
715183;31/08/2025;domingo;04:00:00;SP;116;224,6;GUARULHOS;Velocidade Incompat�vel;Colis�o com objeto;Com V�timas Feridas;Plena Noite;Decrescente;Nublado;M�ltipla;"Desvio Tempor�rio;Curva;Em Obras";N�o;1;0;1;0;0;0;1;1;-23,488217;-46,544545;SPRF-SP;DEL01-SP;UOP01-DEL01-SP;;;
715184;31/08/2025;domingo;02:00:00;SC;282;547,2;CHAPECO;Velocidade Incompat�vel;Colis�o com objeto;Com V�timas Feridas;Plena Noite;Crescente;C�u Claro;Simples;Curva;Sim;1;0;0;1;0;0;1;1;-26,9747213;-52,7448319;SPRF-SC;DEL07-SC;UOP01-DEL07-SC;;;
715185;30/08/2025;s�bado;23:00:00;SC;101;132;BALNEARIO CAMBORIU;Pedestre - Ingest�o de �lcool/ subst�ncias psicoativas;Colis�o com objeto;Com V�timas Feridas;Plena Noite;Crescente;C�u Claro;M�ltipla;Reta;N�o;1;0;1;0;0;0;1;1;-26,99850827;-48,64993247;SPRF-SC;DEL04-SC;UOP03-DEL04-SC;;;
715186;31/08/2025;domingo;04:30:00;MG;40;528,2;CONTAGEM;Acessar a via sem observar a presen�a dos outros ve�culos;Atropelamento de Pedestre;Com V�timas Fatais;Plena Noite;Crescente;Nublado;Dupla;"Reta;Declive";Sim;2;1;0;0;0;1;0;2;-19,910533;-44,04304;SPRF-MG;DEL01-MG;UOP02-DEL01-MG;;;
715187;31/08/2025;domingo;04:40:00;RS;392;79,5;PELOTAS;Aus�ncia de rea��o do condutor;Sa�da de leito carro��vel;Com V�timas Feridas;Plena Noite;Crescente;C�u Claro;Simples;Reta;N�o;1;0;1;0;0;0;1;1;-31,680164;-52,449686;SPRF-RS;DEL07-RS;UOP01-DEL07-RS;;;
715188;31/08/2025;domingo;05:40:00;PR;277;719;FOZ DO IGUACU;Animais na Pista;Sa�da de leito carro��vel;Com V�timas Feridas;Plena Noite;Crescente;C�u Claro;Dupla;Reta;Sim;1;0;1;0;0;0;1;1;-25,48145281;-54,4887762;SPRF-PR;DEL05-PR;UOP03-DEL05-PR;;;
715189;31/08/2025;domingo;04:30:00;SC;101;154;PORTO BELO;Ingest�o de �lcool pelo condutor;Colis�o com objeto;Sem V�timas;Plena Noite;Decrescente;C�u Claro;M�ltipla;Reta;N�o;1;0;0;0;0;1;0;1;-27,15992006;-48,61104507;SPRF-SC;DEL04-SC;UOP03-DEL04-SC;;;
715190;31/08/2025;domingo;05:07:00;CE;116;44;HORIZONTE;Aus�ncia de rea��o do condutor;Sa�da de leito carro��vel;Com V�timas Fatais;Pleno dia;Decrescente;C�u Claro;Dupla;Reta;Sim;1;1;0;0;0;0;0;1;-4,1265699;-38,4837792;SPRF-CE;DEL01-CE;UOP02-DEL01-CE;;;
715193;31/08/2025;domingo;02:30:00;PR;277;424,1;CANTAGALO;Aus�ncia de rea��o do condutor;Sa�da de leito carro��vel;Sem V�timas;Plena Noite;Crescente;Ignorado;Simples;Reta;N�o;2;0;0;0;2;0;0;1;-25,383381;-52,148711;SPRF-PR;DEL04-PR;UOP02-DEL04-PR;;;
715194;31/08/2025;domingo;05:40:00;AP;210;104;PORTO GRANDE;Ultrapassagem Indevida;Colis�o frontal;Com V�timas Feridas;Amanhecer;Decrescente;Ignorado;Simples;Reta;Sim;3;0;0;2;1;0;2;2;0,701614;-51,4041;SPRF-AP;DEL01-AP;UOP01-DEL01-AP;;;
715196;31/08/2025;domingo;05:40:00;PR;163;271;QUATRO PONTES;Rea��o tardia ou ineficiente do condutor;Sa�da de leito carro��vel;Sem V�timas;Amanhecer;Crescente;C�u Claro;Dupla;Curva;N�o;2;0;0;0;2;0;0;1;-24,602462;-53,979761;SPRF-PR;DEL06-PR;UOP02-DEL06-PR;;;
715198;31/08/2025;domingo;07:00:00;PR;277;51,5;SAO JOSE DOS PINHAIS;Condutor Dormindo;Sa�da de leito carro��vel;Com V�timas Feridas;Pleno dia;Crescente;Nublado;Dupla;"Reta;Aclive";N�o;4;0;4;0;0;0;4;1;-25,584078;-48,958274;SPRF-PR;DEL01-PR;UOP05-DEL01-PR;;;
715199;30/08/2025;s�bado;18:50:00;MA;316;609,8;TIMON;Aus�ncia de rea��o do condutor;Colis�o traseira;Com V�timas Fatais;Plena Noite;Crescente;C�u Claro;Simples;Reta;N�o;1;1;0;0;0;0;0;1;-5,0568048;-42,87976;SPRF-MA;DEL03-MA;UOP02-DEL03-MA;;;
715200;31/08/2025;domingo;07:10:00;PB;230;28;JOAO PESSOA;Avarias e/ou desgaste excessivo no pneu;Sa�da de leito carro��vel;Com V�timas Feridas;Pleno dia;Crescente;Chuva;Dupla;Curva;Sim;1;0;0;1;0;0;1;1;-7,164857;-34,894742;SPRF-PB;DEL01-PB;UOP01-DEL01-PB;;;
715202;31/08/2025;domingo;05:00:00;MG;267;56;BICAS;Pedestre andava na pista;Atropelamento de Pedestre;Com V�timas Feridas;Amanhecer;Crescente;Nublado;Simples;Rotat�ria;N�o;2;0;0;1;0;1;1;2;-21,7291749;-43,06677103;SPRF-MG;DEL07-MG;UOP01-DEL07-MG;;;
715203;31/08/2025;domingo;01:30:00;MG;381;320,5;NOVA ERA;Velocidade Incompat�vel;Sa�da de leito carro��vel;Com V�timas Feridas;Plena Noite;Decrescente;C�u Claro;Simples;Curva;N�o;1;0;0;1;0;0;1;1;-19,74226;-43,01972;SPRF-MG;DEL03-MG;UOP02-DEL03-MG;;;
715205;31/08/2025;domingo;01:20:00;RJ;40;112;DUQUE DE CAXIAS;Aus�ncia de rea��o do condutor;Sa�da de leito carro��vel;Com V�timas Feridas;Plena Noite;Decrescente;Garoa/Chuvisco;Dupla;Reta;Sim;1;0;0;1;0;0;1;1;-22,70649522;-43,29017334;SPRF-RJ;DEL01-RJ;UOP02-DEL01-RJ;;;
715206;31/08/2025;domingo;05:30:00;RJ;116;145;DUQUE DE CAXIAS;Velocidade Incompat�vel;Colis�o traseira;Com V�timas Fatais;Amanhecer;Decrescente;C�u Claro;Dupla;Reta;Sim;3;1;1;0;1;0;1;2;-22,66224983;-43,25506193;SPRF-RJ;DEL01-RJ;UOP02-DEL01-RJ;;;
715208;31/08/2025;domingo;08:30:00;RS;290;5;OSORIO;Velocidade Incompat�vel;Sa�da de leito carro��vel;Com V�timas Feridas;Pleno dia;Crescente;C�u Claro;Dupla;Curva;N�o;5;0;2;3;0;0;5;1;-29,897152;-50,320462;SPRF-RS;DEL03-RS;UOP01-DEL03-RS;;;
715210;31/08/2025;domingo;08:00:00;MG;381;500,5;BETIM;Avarias e/ou desgaste excessivo no pneu;Tombamento;Com V�timas Feridas;Pleno dia;Decrescente;C�u Claro;Dupla;"Reta;Aclive";N�o;2;0;2;0;0;0;2;1;-20,00756552;-44,21586005;SPRF-MG;DEL01-MG;UOP03-DEL01-MG;;;
715211;30/08/2025;s�bado;22:30:00;RJ;40;108;DUQUE DE CAXIAS;Aus�ncia de rea��o do condutor;Colis�o lateral mesmo sentido;Sem V�timas;Plena Noite;Crescente;C�u Claro;Dupla;Curva;Sim;2;0;0;0;2;0;0;2;-22,6718149;-43,2834452;SPRF-RJ;DEL01-RJ;UOP02-DEL01-RJ;;;
715212;02/08/2025;s�bado;21:15:00;SC;116;62;PAPANDUVA;Acessar a via sem observar a presen�a dos outros ve�culos;Colis�o transversal;Sem V�timas;Plena Noite;Crescente;C�u Claro;Simples;"Interse��o de Vias;Retorno Regulamentado;Reta";N�o;2;0;0;0;2;0;0;2;-26,38198953;-50,21528721;SPRF-SC;DEL06-SC;UOP02-DEL06-SC;;;
715213;31/08/2025;domingo;04:40:00;BA;407;218;QUIXABEIRA;Demais Fen�menos da natureza;Atropelamento de Pedestre;Com V�timas Fatais;Amanhecer;Crescente;Nevoeiro/Neblina;Simples;Reta;N�o;2;1;1;0;0;0;1;2;-11,262519;-40,023559;SPRF-BA;DEL04-BA;UOP02-DEL04-BA;;;
715214;31/08/2025;domingo;07:30:00;RJ;116;118;MAGE;Acessar a via sem observar a presen�a dos outros ve�culos;Colis�o lateral mesmo sentido;Com V�timas Feridas;Pleno dia;Decrescente;Sol;Dupla;Reta;N�o;2;0;1;0;1;0;1;2;-22,609861;-43,030952;SPRF-RJ;DEL04-RJ;UOP02-DEL04-RJ;;;
715215;31/08/2025;domingo;09:00:00;BA;116;686;JEQUIE;Demais falhas na via;Queda de ocupante de ve�culo;Com V�timas Feridas;Pleno dia;Crescente;C�u Claro;Simples;Reta;N�o;1;0;0;1;0;0;1;1;-13,88827;-40,13967;SPRF-BA;DEL03-BA;UOP01-DEL03-BA;;;
715216;06/08/2025;quarta-feira;08:30:00;MG;40;509;RIBEIRAO DAS NEVES;Manobra de mudan�a de faixa;Colis�o lateral mesmo sentido;Com V�timas Feridas;Pleno dia;Crescente;C�u Claro;Dupla;Reta;Sim;2;0;0;1;0;1;1;2;-19,76712209;-44,12883846;SPRF-MG;DEL01-MG;UOP02-DEL01-MG;;;
715218;15/08/2025;sexta-feira;10:15:00;PB;101;58,2;SANTA RITA;Rea��o tardia ou ineficiente do condutor;Colis�o com objeto;Com V�timas Feridas;Pleno dia;Crescente;Chuva;Dupla;Reta;N�o;3;0;1;0;2;0;1;1;-6,98745;-35,07288;SPRF-PB;DEL01-PB;UOP03-DEL01-PB;;;
715219;31/08/2025;domingo;04:00:00;ES;101;98;JAGUARE;Condutor Dormindo;Capotamento;Sem V�timas;Plena Noite;Decrescente;Chuva;Simples;Reta;N�o;1;0;0;0;0;1;0;1;-18,963667;-39,987567;SPRF-ES;DEL04-ES;UOP02-DEL04-ES;;;
715220;31/08/2025;domingo;06:30:00;RJ;493;97;SEROPEDICA;Condutor Dormindo;Sa�da de leito carro��vel;Com V�timas Feridas;Amanhecer;Decrescente;C�u Claro;Dupla;Curva;N�o;4;0;4;0;0;0;4;1;-22,72027228;-43,70702171;SPRF-RJ;DEL01-RJ;UOP03-DEL01-RJ;;;
715222;31/08/2025;domingo;09:40:00;ES;101;284;CARIACICA;Avarias e/ou desgaste excessivo no pneu;Queda de ocupante de ve�culo;Com V�timas Feridas;Pleno dia;Crescente;C�u Claro;Dupla;Reta;N�o;2;0;1;1;0;0;2;1;-20,24481;-40,36973;SPRF-ES;DEL01-ES;UOP01-DEL01-ES;;;
715223;31/08/2025;domingo;08:25:00;AP;156;767;OIAPOQUE;Ingest�o de �lcool pelo condutor;Colis�o traseira;Com V�timas Feridas;Pleno dia;Decrescente;C�u Claro;Simples;"Reta;Aclive";N�o;2;0;0;1;1;0;1;2;3,583812;-51,781389;SPRF-AP;DEL01-AP;UOP03-DEL01-AP;;;
715224;31/08/2025;domingo;09:30:00;GO;153;358,6;JARAGUA;Acessar a via sem observar a presen�a dos outros ve�culos;Colis�o lateral mesmo sentido;Com V�timas Feridas;Pleno dia;Decrescente;C�u Claro;Simples;Reta;Sim;3;0;1;0;2;0;1;2;-15,76560493;-49,31051441;SPRF-GO;DEL02-GO;UOP02-DEL02-GO;;;
715225;31/08/2025;domingo;09:20:00;MG;40;793,9;JUIZ DE FORA;Rea��o tardia ou ineficiente do condutor;Colis�o lateral mesmo sentido;Com V�timas Feridas;Pleno dia;Decrescente;Nublado;Dupla;Curva;N�o;2;0;1;0;1;0;1;2;-21,7998878;-43,41173999;SPRF-MG;DEL05-MG;UOP01-DEL05-MG;;;
715229;31/08/2025;domingo;10:00:00;CE;20;347,8;CARIDADE;Problema com o freio;Tombamento;Sem V�timas;Pleno dia;Crescente;C�u Claro;Simples;Reta;N�o;1;0;0;0;1;0;0;1;-4,104212;-39,05925;SPRF-CE;DEL02-CE;UOP01-DEL02-CE;;;