id;data_inversa;dia_semana;horario;uf;br;km;municipio;causa_acidente;tipo_acidente;classificacao_acidente;fase_dia;sentido_via;condicao_metereologica;tipo_pista;tracado_via;uso_solo;pessoas;mortos;feridos_leves;feridos_graves;ilesos;ignorados;feridos;veiculos;latitude;longitude;regional;delegacia;uop;;;
715231;31/08/2025;domingo;10:20:00;PB;101;115,1;LAGOA SECA;Aus�ncia de rea��o do condutor;Colis�o lateral mesmo sentido;Com V�timas Feridas;Pleno dia;Crescente;Chuva;Simples;"Reta;Interse��o de Vias";N�o;2;0;1;0;1;0;1;2;-7,169428;-35,859423;SPRF-PB;DEL01-PB;UOP01-DEL01-PB;;;
715232;31/08/2025;domingo;10:40:00;RN;304;43;MOSSORO;Curva acentuada;Colis�o com objeto;Com V�timas Feridas;Pleno dia;Crescente;C�u Claro;Dupla;Interse��o de Vias;Sim;2;0;1;1;0;0;2;1;-5,21850922;-37,36469328;SPRF-RN;DEL04-RN;UOP01-DEL04-RN;;;
715233;31/08/2025;domingo;11:20:00;PR;376;70;GUAIRACA;Rea��o tardia ou ineficiente do condutor;Tombamento;Com V�timas Feridas;Pleno dia;Crescente;C�u Claro;Simples;"Reta;Declive";N�o;1;0;1;0;0;0;1;1;-22,9320862;-52,755363;SPRF-PR;DEL09-PR;UOP02-DEL09-PR;;;
715234;31/08/2025;domingo;11:30:00;RS;386;350,5;ESTRELA;Rea��o tardia ou ineficiente do condutor;Colis�o traseira;Com V�timas Feridas;Pleno dia;Crescente;C�u Claro;Dupla;"Reta;Em Obras";Sim;5;0;2;0;3;0;2;3;-29,48011122;-51,95362754;SPRF-RS;DEL04-RS;UOP01-DEL04-RS;;;
715235;31/08/2025;domingo;11:00:00;RS;471;150;SANTA CRUZ DO SUL;Convers�o proibida;Colis�o transversal;Com V�timas Feridas;Pleno dia;Decrescente;C�u Claro;Simples;Interse��o de Vias;Sim;2;0;1;0;1;0;1;2;-29,76206772;-52,42440716;SPRF-RS;DEL02-RS;UOP03-DEL02-RS;;;
715236;31/08/2025;domingo;11:30:00;RJ;116;183;NOVA IGUACU;Aus�ncia de rea��o do condutor;Colis�o traseira;Com V�timas Feridas;Pleno dia;Crescente;C�u Claro;Dupla;Reta;N�o;4;0;1;0;3;0;1;4;-22,75669734;-43,43234003;SPRF-RJ;DEL06-RJ;UOP01-DEL06-RJ;;;
715237;31/08/2025;domingo;12:25:00;MG;365;626;UBERLANDIA;Velocidade Incompat�vel;Tombamento;Com V�timas Feridas;Pleno dia;Crescente;C�u Claro;Dupla;Curva;N�o;1;0;1;0;0;0;1;1;-18,9062911;-48,33671663;SPRF-MG;DEL15-MG;UOP01-DEL15-MG;;;
715238;31/08/2025;domingo;11:00:00;SC;470;39;GASPAR;Aus�ncia de rea��o do condutor;Colis�o traseira;Com V�timas Feridas;Pleno dia;Decrescente;Nublado;Dupla;Curva;N�o;5;0;3;0;2;0;3;2;-26,89676914;-48,98737041;SPRF-SC;DEL04-SC;UOP01-DEL04-SC;;;
715240;31/08/2025;domingo;13:10:00;PE;232;19,3;MORENO;Rea��o tardia ou ineficiente do condutor;Colis�o com objeto;Sem V�timas;Pleno dia;Decrescente;Chuva;Dupla;Curva;N�o;1;0;0;0;1;0;0;1;-8,098383;-35,065151;SPRF-PE;DEL01-PE;UOP01-DEL01-PE;;;
715241;31/08/2025;domingo;13:40:00;ES;101;151;LINHARES;Ingest�o de �lcool pelo condutor;Colis�o transversal;Com V�timas Feridas;Pleno dia;Crescente;Chuva;Simples;Interse��o de Vias;N�o;3;0;0;2;1;0;2;2;-19,41719432;-40,06821424;SPRF-ES;DEL04-ES;UOP01-DEL04-ES;;;
715242;31/08/2025;domingo;13:20:00;DF;70;2;BRASILIA;Manobra de mudan�a de faixa;Sa�da de leito carro��vel;Com V�timas Feridas;Pleno dia;Crescente;C�u Claro;Dupla;Reta;Sim;5;0;2;3;0;0;5;2;-15,79751975;-48,07162195;SPRF-DF;DEL03-DF;UOP02-DEL03-DF;;;
715243;31/08/2025;domingo;10:31:00;BA;101;839;VEREDA;Rea��o tardia ou ineficiente do condutor;Colis�o lateral sentido oposto;Com V�timas Feridas;Pleno dia;Decrescente;Sol;Simples;"Declive;Curva";N�o;2;0;0;1;1;0;1;2;-17,241382;-39,619473;SPRF-BA;DEL09-BA;UOP02-DEL09-BA;;;
715246;31/08/2025;domingo;14:10:00;SC;101;203,3;SAO JOSE;Manobra de mudan�a de faixa;Colis�o lateral mesmo sentido;Com V�timas Feridas;Pleno dia;Decrescente;Nublado;Simples;Reta;Sim;3;0;2;0;1;0;2;2;-27,56851896;-48,61362219;SPRF-SC;DEL01-SC;UOP01-DEL01-SC;;;
715247;31/08/2025;domingo;13:50:00;RS;470;217;BENTO GONCALVES;Ingest�o de �lcool pelo condutor;Colis�o traseira;Com V�timas Feridas;Pleno dia;Decrescente;C�u Claro;Dupla;Reta;N�o;3;0;1;0;2;0;1;2;-29,17475877;-51,52330399;SPRF-RS;DEL06-RS;UOP01-DEL06-RS;;;
715248;31/08/2025;domingo;13:00:00;BA;330;800;JEQUIE;Velocidade Incompat�vel;Queda de ocupante de ve�culo;Com V�timas Fatais;Pleno dia;Decrescente;C�u Claro;Simples;Curva;N�o;1;1;0;0;0;0;0;1;-13,944387;-39,9795217;SPRF-BA;DEL03-BA;UOP01-DEL03-BA;;;
715249;15/08/2025;sexta-feira;14:40:00;SC;282;522,5;XAXIM;Acessar a via sem observar a presen�a dos outros ve�culos;Colis�o transversal;Com V�timas Feridas;Pleno dia;Decrescente;C�u Claro;Simples;"Rotat�ria;Declive";Sim;2;0;1;0;1;0;1;2;-26,95958283;-52,54523188;SPRF-SC;DEL07-SC;UOP01-DEL07-SC;;;
715250;09/07/2025;quarta-feira;13:30:00;BA;101;117;ALAGOINHAS;Desrespeitar a prefer�ncia no cruzamento;Colis�o transversal;Com V�timas Feridas;Pleno dia;Decrescente;C�u Claro;Simples;Interse��o de Vias;N�o;2;0;0;1;1;0;1;2;-12,1650984;-38,4764043;SPRF-BA;DEL01-BA;UOP04-DEL01-BA;;;
715251;31/08/2025;domingo;14:50:00;RJ;116;283;BARRA MANSA;Rea��o tardia ou ineficiente do condutor;Colis�o traseira;Com V�timas Feridas;Pleno dia;Decrescente;C�u Claro;Dupla;"Reta;Aclive";N�o;7;0;1;0;6;0;1;2;-22,51318;-44,213345;SPRF-RJ;DEL07-RJ;UOP02-DEL07-RJ;;;
715252;31/08/2025;domingo;10:35:00;MT;163;784;SORRISO;Ingest�o de �lcool pelo condutor;Sa�da de leito carro��vel;Com V�timas Feridas;Pleno dia;Crescente;C�u Claro;Simples;"Reta;Em Obras";N�o;1;0;1;0;0;0;1;1;-12,30023;-55,57212;SPRF-MT;DEL06-MT;UOP02-DEL06-MT;;;
715253;27/08/2025;quarta-feira;17:35:00;BA;324;614;SALVADOR;Velocidade Incompat�vel;Colis�o traseira;Com V�timas Feridas;Anoitecer;Crescente;C�u Claro;Dupla;Reta;N�o;2;0;1;0;1;0;1;2;-12,8790508;-38,4318002;SPRF-BA;DEL01-BA;UOP01-DEL01-BA;;;
715254;31/08/2025;domingo;15:30:00;PR;277;582,6;CASCAVEL;Ultrapassagem Indevida;Colis�o lateral mesmo sentido;Com V�timas Feridas;Pleno dia;Crescente;C�u Claro;Dupla;Reta;N�o;3;0;1;0;2;0;1;3;-24,97243733;-53,39338873;SPRF-PR;DEL04-PR;UOP01-DEL04-PR;;;
715255;07/05/2025;quarta-feira;10:40:00;BA;324;625,6;SALVADOR;Manobra de mudan�a de faixa;Colis�o lateral mesmo sentido;Com V�timas Feridas;Pleno dia;Crescente;Chuva;M�ltipla;Reta;Sim;5;0;2;0;3;0;2;4;-12,96672305;-38,47494721;SPRF-BA;DEL01-BA;UOP01-DEL01-BA;;;
715256;31/08/2025;domingo;13:55:00;SC;101;144;ITAPEMA;Pedestre cruzava a pista fora da faixa;Atropelamento de Pedestre;Com V�timas Feridas;Pleno dia;Crescente;Chuva;Dupla;Reta;N�o;2;0;1;0;1;0;1;2;-27,07520474;-48,59775424;SPRF-SC;DEL04-SC;UOP03-DEL04-SC;;;
715257;31/08/2025;domingo;13:30:00;RJ;493;100;SEROPEDICA;Avarias e/ou desgaste excessivo no pneu;Tombamento;Com V�timas Feridas;Pleno dia;Decrescente;Nublado;Dupla;Reta;N�o;2;0;2;0;0;0;2;1;-22,76999376;-43,73995721;SPRF-RJ;DEL01-RJ;UOP03-DEL01-RJ;;;
715259;31/08/2025;domingo;16:00:00;SP;116;153,8;SAO JOSE DOS CAMPOS;Manobra de mudan�a de faixa;Colis�o lateral mesmo sentido;Com V�timas Feridas;Pleno dia;Crescente;Sol;Dupla;Reta;Sim;3;0;2;0;1;0;2;2;-23,23713566;-45,91885742;SPRF-SP;DEL02-SP;UOP01-DEL02-SP;;;
715260;31/08/2025;domingo;16:50:00;PE;104;56,2;CARUARU;Manobra de mudan�a de faixa;Colis�o lateral mesmo sentido;Com V�timas Feridas;Pleno dia;Decrescente;Chuva;Dupla;"Aclive;Retorno Regulamentado";N�o;3;0;0;1;2;0;1;2;-8,20239;-35,96707;SPRF-PE;DEL02-PE;UOP01-DEL02-PE;;;
715261;31/08/2025;domingo;10:15:00;SC;470;33;GASPAR;Demais falhas mec�nicas ou el�tricas;Tombamento;Com V�timas Feridas;Pleno dia;Crescente;Nublado;Dupla;Reta;N�o;2;0;2;0;0;0;2;1;-26,9052793;-48,93915351;SPRF-SC;DEL04-SC;UOP01-DEL04-SC;;;
715263;31/08/2025;domingo;16:40:00;SC;101;236,1;PALHOCA;Rea��o tardia ou ineficiente do condutor;Colis�o traseira;Sem V�timas;Pleno dia;Decrescente;Nublado;Dupla;Reta;N�o;2;0;0;0;2;0;0;2;-27,82789452;-48,62989632;SPRF-SC;DEL01-SC;UOP02-DEL01-SC;;;
715264;31/08/2025;domingo;15:50:00;PB;230;133;CAMPINA GRANDE;Pista Escorregadia;Sa�da de leito carro��vel;Com V�timas Feridas;Anoitecer;Crescente;Garoa/Chuvisco;Dupla;Curva;N�o;3;0;2;0;1;0;2;1;-7,2806777;-35,7725409;SPRF-PB;DEL02-PB;UOP01-DEL02-PB;;;
715265;31/08/2025;domingo;15:30:00;SP;116;96,9;PINDAMONHANGABA;Rea��o tardia ou ineficiente do condutor;Colis�o traseira;Com V�timas Feridas;Pleno dia;Crescente;Sol;Dupla;Reta;N�o;4;0;1;1;2;0;2;3;-22,97291465;-45,44591188;SPRF-SP;DEL08-SP;UOP01-DEL08-SP;;;
715266;31/08/2025;domingo;17:00:00;MG;116;272;TEOFILO OTONI;Ingest�o de subst�ncias psicoativas pelo condutor;Engavetamento;Com V�timas Feridas;Pleno dia;Crescente;Nublado;Simples;"Reta;Em Obras";N�o;5;0;1;0;4;0;1;4;-17,821777;-41,502338;SPRF-MG;DEL11-MG;UOP01-DEL11-MG;;;
715267;31/08/2025;domingo;16:00:00;GO;364;174;JATAI;Rea��o tardia ou ineficiente do condutor;Sa�da de leito carro��vel;Sem V�timas;Pleno dia;Decrescente;C�u Claro;Dupla;"Interse��o de Vias;Curva";N�o;2;0;0;0;2;0;0;1;-17,997403;-51,575535;SPRF-GO;DEL05-GO;UOP01-DEL05-GO;;;
715268;31/08/2025;domingo;16:45:00;BA;116;429;FEIRA DE SANTANA;Ingest�o de �lcool pelo condutor;Tombamento;Com V�timas Feridas;Pleno dia;Crescente;Sol;Simples;Curva;Sim;1;0;1;0;0;0;1;1;-12,28779;-39,00466;SPRF-BA;DEL02-BA;UOP01-DEL02-BA;;;
715269;31/08/2025;domingo;17:30:00;PR;376;200;MARIALVA;Aus�ncia de rea��o do condutor;Queda de ocupante de ve�culo;Com V�timas Feridas;Pleno dia;Crescente;C�u Claro;Dupla;Reta;N�o;2;0;2;0;0;0;2;1;-23,505489;-51,739789;SPRF-PR;DEL09-PR;UOP01-DEL09-PR;;;
715270;31/08/2025;domingo;11:00:00;SC;101;370;ICARA;Rea��o tardia ou ineficiente do condutor;Sa�da de leito carro��vel;Com V�timas Feridas;Pleno dia;Crescente;C�u Claro;Dupla;Reta;N�o;2;0;2;0;0;0;2;1;-28,7056;-49,2041;SPRF-SC;DEL02-SC;UOP01-DEL02-SC;;;
715271;31/08/2025;domingo;14:05:00;MG;40;36;PARACATU;Rea��o tardia ou ineficiente do condutor;Colis�o traseira;Com V�timas Feridas;Pleno dia;Decrescente;C�u Claro;Simples;Reta;N�o;2;0;2;0;0;0;2;2;-17,195;-46,91;SPRF-MG;DEL14-MG;UOP01-DEL14-MG;;;
715272;31/08/2025;domingo;16:00:00;PE;232;408;SERRA TALHADA;Desrespeitar a prefer�ncia no cruzamento;Colis�o transversal;Sem V�timas;Pleno dia;Crescente;C�u Claro;Simples;Interse��o de Vias;Sim;2;0;0;0;2;0;0;2;-7,983244;-38,284616;SPRF-PE;DEL04-PE;UOP01-DEL04-PE;;;
715274;31/08/2025;domingo;17:20:00;ES;101;298,4;VIANA;Velocidade Incompat�vel;Colis�o com objeto;Sem V�timas;Plena Noite;Crescente;Garoa/Chuvisco;M�ltipla;"Reta;Interse��o de Vias";Sim;1;0;0;0;1;0;0;1;-20,35751928;-40,42723877;SPRF-ES;DEL01-ES;UOP01-DEL01-ES;;;
715275;31/08/2025;domingo;17:00:00;PA;230;1123;ITAITUBA;Ingest�o de �lcool pelo condutor;Colis�o traseira;Com V�timas Feridas;Pleno dia;Decrescente;Sol;Simples;Reta;N�o;4;0;1;0;3;0;1;2;-4,31096269;-55,9576714;SPRF-PA;DEL05-PA;UOP02-DEL05-PA;;;
715277;31/08/2025;domingo;16:07:00;PR;376;659,5;TIJUCAS DO SUL;Demais falhas mec�nicas ou el�tricas;Inc�ndio;Sem V�timas;Pleno dia;Decrescente;C�u Claro;Simples;"Aclive;Curva";N�o;1;0;0;0;0;1;0;1;-25,847;-48,998;SPRF-PR;DEL01-PR;UOP04-DEL01-PR;;;
715278;31/08/2025;domingo;17:15:00;PE;424;91,1;GARANHUNS;Transitar na contram�o;Colis�o lateral sentido oposto;Com V�timas Feridas;Anoitecer;Crescente;Garoa/Chuvisco;Simples;Reta;Sim;3;0;0;1;2;0;1;2;-8,905177;-36,498977;SPRF-PE;DEL03-PE;UOP01-DEL03-PE;;;
715279;31/08/2025;domingo;15:10:00;MG;116;649;FERVEDOURO;Aus�ncia de rea��o do condutor;Sa�da de leito carro��vel;Com V�timas Feridas;Pleno dia;Crescente;C�u Claro;Simples;Curva;N�o;1;0;1;0;0;0;1;1;-20,72183895;-42,27933884;SPRF-MG;DEL07-MG;UOP02-DEL07-MG;;;
715280;31/08/2025;domingo;15:05:00;MA;10;246;IMPERATRIZ;Manobra de mudan�a de faixa;Colis�o transversal;Com V�timas Feridas;Pleno dia;Decrescente;Sol;M�ltipla;"Reta;Interse��o de Vias";Sim;2;0;0;1;1;0;1;2;-5,57639;-47,442177;SPRF-MA;DEL04-MA;UOP01-DEL04-MA;;;
715282;31/08/2025;domingo;18:00:00;RS;290;98;PORTO ALEGRE;Ingest�o de �lcool pelo condutor;Colis�o lateral mesmo sentido;Sem V�timas;Anoitecer;Decrescente;C�u Claro;Dupla;Reta;Sim;2;0;0;0;2;0;0;2;-29,99349582;-51,22117094;SPRF-RS;DEL01-RS;UOP01-DEL01-RS;;;
715283;31/08/2025;domingo;17:30:00;PR;153;332,3;IRATI;Acessar a via sem observar a presen�a dos outros ve�culos;Colis�o lateral mesmo sentido;Com V�timas Feridas;Anoitecer;Decrescente;C�u Claro;Simples;"Reta;Interse��o de Vias";Sim;7;0;2;0;4;1;2;3;-25,4721224;-50,6371677;SPRF-PR;DEL08-PR;UOP02-DEL08-PR;;;
715284;30/08/2025;s�bado;03:50:00;BA;324;588;CANDEIAS;Aus�ncia de rea��o do condutor;Sa�da de leito carro��vel;Com V�timas Feridas;Plena Noite;Decrescente;C�u Claro;Dupla;Reta;N�o;1;0;1;0;0;0;1;1;-12,664245;-38,470815;SPRF-BA;DEL01-BA;UOP01-DEL01-BA;;;
715285;31/08/2025;domingo;18:00:00;SP;116;157,5;SAO JOSE DOS CAMPOS;Rea��o tardia ou ineficiente do condutor;Sa�da de leito carro��vel;Sem V�timas;Plena Noite;Crescente;C�u Claro;Dupla;Reta;N�o;1;0;0;0;1;0;0;1;-23,25244228;-45,93940482;SPRF-SP;DEL02-SP;UOP01-DEL02-SP;;;
715286;31/08/2025;domingo;18:30:00;BA;324;611;SIMOES FILHO;Rea��o tardia ou ineficiente do condutor;Colis�o com objeto;Com V�timas Feridas;Plena Noite;Decrescente;Nublado;Dupla;"Desvio Tempor�rio;Em Obras;Reta;Aclive";N�o;1;0;1;0;0;0;1;1;-12,8518071;-38,4181784;SPRF-BA;DEL01-BA;UOP01-DEL01-BA;;;
715287;31/08/2025;domingo;17:50:00;SC;101;310,4;LAGUNA;Demais falhas mec�nicas ou el�tricas;Tombamento;Com V�timas Feridas;Anoitecer;Decrescente;Chuva;Dupla;Reta;N�o;2;0;1;0;1;0;1;1;-28,436528;-48,808551;SPRF-SC;DEL02-SC;UOP01-DEL02-SC;;;
715289;31/08/2025;domingo;18:40:00;RS;290;86;PORTO ALEGRE;Manobra de mudan�a de faixa;Colis�o traseira;Com V�timas Feridas;Plena Noite;Decrescente;C�u Claro;M�ltipla;Reta;Sim;3;0;1;0;2;0;1;2;-29,96830836;-51,11701839;SPRF-RS;DEL01-RS;UOP01-DEL01-RS;;;
715290;31/08/2025;domingo;16:35:00;PR;163;142;CAPITAO LEONIDAS MARQUES;Velocidade Incompat�vel;Sa�da de leito carro��vel;Com V�timas Feridas;Pleno dia;Decrescente;C�u Claro;Dupla;"Curva;Aclive";Sim;1;0;0;1;0;0;1;1;-25,45447811;-53,58162967;SPRF-PR;DEL05-PR;UOP05-DEL05-PR;;;
715291;31/08/2025;domingo;18:40:00;SP;116;223;GUARULHOS;Condutor deixou de manter dist�ncia do ve�culo da frente;Colis�o traseira;Com V�timas Feridas;Plena Noite;Crescente;C�u Claro;M�ltipla;Reta;Sim;4;0;4;0;0;0;4;2;-23,476956;-46,527652;SPRF-SP;DEL01-SP;UOP01-DEL01-SP;;;
715292;31/08/2025;domingo;17:20:00;MG;40;736,7;SANTOS DUMONT;Rea��o tardia ou ineficiente do condutor;Colis�o traseira;Com V�timas Feridas;Pleno dia;Decrescente;Nublado;Simples;Reta;N�o;2;0;0;1;1;0;1;2;-21,42089176;-43,55918169;SPRF-MG;DEL05-MG;UOP01-DEL05-MG;;;
715293;31/08/2025;domingo;18:13:00;SP;381;71;MAIRIPORA;Demais falhas mec�nicas ou el�tricas;Queda de ocupante de ve�culo;Com V�timas Feridas;Plena Noite;Crescente;C�u Claro;M�ltipla;"Curva;Aclive";N�o;1;0;1;0;0;0;1;1;-23,35334733;-46,55150528;SPRF-SP;DEL03-SP;UOP01-DEL03-SP;;;
715296;31/08/2025;domingo;18:45:00;BA;116;15,4;VITORIA DA CONQUISTA;Aus�ncia de rea��o do condutor;Colis�o traseira;Com V�timas Feridas;Plena Noite;Crescente;C�u Claro;Simples;Reta;Sim;3;0;0;1;2;0;1;2;-14,89859872;-40,8566422;SPRF-BA;DEL08-BA;UOP01-DEL08-BA;;;
715297;31/08/2025;domingo;19:22:00;RS;116;259;CANOAS;Aus�ncia de rea��o do condutor;Engavetamento;Sem V�timas;Plena Noite;Crescente;C�u Claro;Dupla;"Curva;Viaduto";Sim;5;0;0;0;5;0;0;3;-29,87140525;-51,17986433;SPRF-RS;DEL01-RS;UOP02-DEL01-RS;;;
715298;31/08/2025;domingo;19:00:00;CE;20;317,1;CANINDE;Velocidade Incompat�vel;Sa�da de leito carro��vel;Sem V�timas;Plena Noite;Decrescente;C�u Claro;Simples;Reta;N�o;1;0;0;0;0;1;0;1;-4,3333133;-39,2869965;SPRF-CE;DEL02-CE;UOP01-DEL02-CE;;;
715301;31/08/2025;domingo;18:40:00;MS;163;506;JARAGUARI;Rea��o tardia ou ineficiente do condutor;Colis�o traseira;Com V�timas Fatais;Plena Noite;Crescente;C�u Claro;Dupla;Reta;N�o;2;1;1;0;0;0;1;2;-20,27582;-54,490128;SPRF-MS;DEL01-MS;UOP02-DEL01-MS;;;
715302;31/08/2025;domingo;18:50:00;GO;153;534,6;HIDROLANDIA;Rea��o tardia ou ineficiente do condutor;Colis�o traseira;Com V�timas Fatais;Plena Noite;Crescente;C�u Claro;Dupla;Reta;N�o;2;1;0;0;1;0;0;2;-17,04365529;-49,22424316;SPRF-GO;DEL01-GO;UOP03-DEL01-GO;;;
715303;31/08/2025;domingo;18:35:00;GO;153;328,5;RIANAPOLIS;Entrada inopinada do pedestre;Atropelamento de Pedestre;Com V�timas Fatais;Anoitecer;Decrescente;C�u Claro;Simples;Reta;N�o;5;1;0;0;1;3;0;2;-15,528225;-49,457163;SPRF-GO;DEL02-GO;UOP02-DEL02-GO;;;
715305;31/08/2025;domingo;19:18:00;BA;324;585;CANDEIAS;Acesso irregular;Atropelamento de Animal;Com V�timas Fatais;Plena Noite;Decrescente;C�u Claro;Dupla;Reta;N�o;2;1;0;0;1;0;0;2;-12,6450361;-38,4752811;SPRF-BA;DEL01-BA;UOP01-DEL01-BA;;;
715306;31/08/2025;domingo;17:45:00;SP;153;161,9;PROMISSAO;Desrespeitar a prefer�ncia no cruzamento;Colis�o transversal;Com V�timas Feridas;Pleno dia;Crescente;C�u Claro;Simples;"Reta;Rotat�ria";N�o;6;0;1;0;5;0;1;2;-21,51934239;-49,78140771;SPRF-SP;DEL07-SP;UOP01-DEL07-SP;;;
715307;31/08/2025;domingo;19:07:00;GO;60;172,8;ABADIA DE GOIAS;Ingest�o de �lcool pelo condutor;Colis�o traseira;Com V�timas Feridas;Plena Noite;Crescente;C�u Claro;M�ltipla;Reta;N�o;2;0;0;1;1;0;1;2;-16,750393;-49,429037;SPRF-GO;DEL01-GO;UOP02-DEL01-GO;;;
715309;31/08/2025;domingo;19:10:00;SC;282;506,9;XANXERE;Acessar a via sem observar a presen�a dos outros ve�culos;Colis�o transversal;Com V�timas Feridas;Plena Noite;Decrescente;C�u Claro;Simples;Reta;Sim;6;0;0;2;4;0;2;2;-26,88504028;-52,43530367;SPRF-SC;DEL07-SC;UOP01-DEL07-SC;;;
715310;31/08/2025;domingo;18:55:00;PB;230;83;CALDAS BRANDAO;Entrada inopinada do pedestre;Atropelamento de Pedestre;Com V�timas Fatais;Plena Noite;Decrescente;C�u Claro;Simples;"Reta;Declive";Sim;2;1;0;0;1;0;0;2;-7,172923;-35,335557;SPRF-PB;DEL01-PB;UOP02-DEL01-PB;;;
715311;31/08/2025;domingo;19:30:00;MG;365;624,6;UBERLANDIA;Aus�ncia de rea��o do condutor;Colis�o com objeto;Sem V�timas;Plena Noite;Decrescente;C�u Claro;Dupla;Reta;N�o;1;0;0;0;0;1;0;1;-18,90745;-48,29901;SPRF-MG;DEL15-MG;UOP01-DEL15-MG;;;
715312;31/08/2025;domingo;18:40:00;SP;116;20,9;LAVRINHAS;Condutor deixou de manter dist�ncia do ve�culo da frente;Colis�o traseira;Com V�timas Feridas;Plena Noite;Decrescente;Nublado;Dupla;Reta;N�o;3;0;2;0;1;0;2;2;-22,57502336;-44,86713409;SPRF-SP;DEL08-SP;UOP02-DEL08-SP;;;
715313;31/08/2025;domingo;20:00:00;SP;153;74,2;SAO JOSE DO RIO PRETO;Aus�ncia de rea��o do condutor;Colis�o traseira;Com V�timas Feridas;Plena Noite;Decrescente;C�u Claro;Dupla;"Reta;Declive";Sim;2;0;1;0;0;1;1;2;-20,889333;-49,42951;SPRF-SP;DEL09-SP;UOP01-DEL09-SP;;;
715314;31/08/2025;domingo;19:30:00;RJ;101;140;CARAPEBUS;Condutor Dormindo;Colis�o com objeto;Com V�timas Fatais;Plena Noite;Decrescente;Nublado;Dupla;"Declive;Reta";N�o;1;1;0;0;0;0;0;1;-22,17915919;-41,74918413;SPRF-RJ;DEL08-RJ;UOP04-DEL08-RJ;;;
715315;31/08/2025;domingo;19:20:00;PE;423;22;SAO CAITANO;Ingest�o de �lcool pelo condutor;Sa�da de leito carro��vel;Com V�timas Feridas;Plena Noite;Crescente;Nublado;Simples;Reta;N�o;1;0;0;1;0;0;1;1;-8,36181;-36,17233;SPRF-PE;DEL03-PE;UOP02-DEL03-PE;;;
715316;31/08/2025;domingo;20:20:00;SC;101;219;PALHOCA;Pedestre cruzava a pista fora da faixa;Atropelamento de Pedestre;Com V�timas Feridas;Plena Noite;Crescente;Nublado;Simples;Reta;Sim;2;0;0;1;1;0;1;2;-27,68952908;-48,66522638;SPRF-SC;DEL01-SC;UOP02-DEL01-SC;;;
715317;19/08/2025;ter�a-feira;18:30:00;ES;101;264,6;SERRA;Manobra de mudan�a de faixa;Colis�o traseira;Com V�timas Feridas;Plena Noite;Decrescente;C�u Claro;Dupla;Reta;Sim;2;0;0;1;1;0;1;2;-20,179623;-40,26513;SPRF-ES;DEL02-ES;UOP01-DEL02-ES;;;
715318;31/08/2025;domingo;19:55:00;BA;242;407;SEABRA;Condutor Dormindo;Sa�da de leito carro��vel;Com V�timas Feridas;Plena Noite;Crescente;C�u Claro;Simples;Curva;N�o;1;0;1;0;0;0;1;1;-12,488357;-41,732777;SPRF-BA;DEL06-BA;UOP01-DEL06-BA;;;
715320;31/08/2025;domingo;19:30:00;RJ;101;427;MANGARATIBA;Ultrapassagem Indevida;Colis�o lateral sentido oposto;Com V�timas Feridas;Plena Noite;Crescente;C�u Claro;Simples;Declive;N�o;9;0;3;3;1;2;6;4;-22,93388;-43,9886;SPRF-RJ;DEL03-RJ;UOP02-DEL03-RJ;;;
715321;28/08/2025;quinta-feira;09:30:00;RJ;116;171;RIO DE JANEIRO;Manobra de mudan�a de faixa;Queda de ocupante de ve�culo;Com V�timas Feridas;Pleno dia;Decrescente;C�u Claro;Dupla;Reta;Sim;1;0;0;1;0;0;1;1;-22,8044854;-43,3452021;SPRF-RJ;DEL06-RJ;UOP01-DEL06-RJ;;;
715322;31/08/2025;domingo;20:30:00;RS;392;124,2;CANGUCU;Aus�ncia de rea��o do condutor;Sa�da de leito carro��vel;Com V�timas Fatais;Plena Noite;Crescente;C�u Claro;Simples;Reta;N�o;1;1;0;0;0;0;0;1;-31,37047957;-52,72116629;SPRF-RS;DEL07-RS;UOP01-DEL07-RS;;;
715324;31/08/2025;domingo;20:35:00;BA;415;19;ILHEUS;Aus�ncia de rea��o do condutor;Colis�o traseira;Sem V�timas;Plena Noite;Crescente;Garoa/Chuvisco;Dupla;Reta;N�o;3;0;0;0;3;0;0;2;-14,79697958;-39,11978531;SPRF-BA;DEL05-BA;UOP01-DEL05-BA;;;
715327;31/08/2025;domingo;21:00:00;ES;101;295,1;CARIACICA;Condutor deixou de manter dist�ncia do ve�culo da frente;Colis�o lateral mesmo sentido;Com V�timas Feridas;Plena Noite;Crescente;Chuva;M�ltipla;Reta;Sim;2;0;1;0;0;1;1;2;-20,33411089;-40,40103078;SPRF-ES;DEL01-ES;UOP01-DEL01-ES;;;
715328;31/08/2025;domingo;20:30:00;PR;369;480,3;CORBELIA;Ingest�o de �lcool pelo condutor;Sa�da de leito carro��vel;Com V�timas Feridas;Plena Noite;Crescente;C�u Claro;Simples;Curva;N�o;1;0;1;0;0;0;1;1;-24,75870577;-53,29298713;SPRF-PR;DEL04-PR;UOP03-DEL04-PR;;;
715330;31/08/2025;domingo;18:42:00;AC;364;110;RIO BRANCO;Condutor deixou de manter dist�ncia do ve�culo da frente;Colis�o traseira;Com V�timas Feridas;Plena Noite;Decrescente;C�u Claro;Simples;Reta;N�o;5;0;1;0;4;0;1;2;-10,01392388;-67,6740939;SPRF-AC;DEL01-AC;UOP01-DEL01-AC;;;
715331;31/08/2025;domingo;21:00:00;CE;20;306,2;CANINDE;Convers�o proibida;Colis�o transversal;Com V�timas Feridas;Plena Noite;Crescente;C�u Claro;Simples;"Reta;Interse��o de Vias";Sim;3;0;0;1;1;1;1;2;-4,359678;-39,302003;SPRF-CE;DEL02-CE;UOP01-DEL02-CE;;;