id;data_inversa;dia_semana;horario;uf;br;km;municipio;causa_acidente;tipo_acidente;classificacao_acidente;fase_dia;sentido_via;condicao_metereologica;tipo_pista;tracado_via;uso_solo;pessoas;mortos;feridos_leves;feridos_graves;ilesos;ignorados;feridos;veiculos;latitude;longitude;regional;delegacia;uop;;;
715333;31/08/2025;domingo;20:00:00;PR;277;121,7;CAMPO LARGO;Acessar a via sem observar a presen�a dos outros ve�culos;Atropelamento de Pedestre;Com V�timas Feridas;Plena Noite;Decrescente;C�u Claro;Dupla;Reta;Sim;2;0;0;1;1;0;1;2;-25,44538134;-49,49778406;SPRF-PR;DEL03-PR;UOP03-DEL03-PR;;;
715334;31/08/2025;domingo;21:38:00;PE;101;44;IGARASSU;Ultrapassagem Indevida;Atropelamento de Animal;Com V�timas Feridas;Plena Noite;Crescente;C�u Claro;Simples;Reta;Sim;2;0;2;0;0;0;2;2;-7,86228712;-34,90771651;SPRF-PE;DEL01-PE;UOP02-DEL01-PE;;;
715335;31/08/2025;domingo;16:00:00;MG;40;293;TRES MARIAS;Ingest�o de �lcool pelo condutor;Sa�da de leito carro��vel;Com V�timas Feridas;Pleno dia;Decrescente;C�u Claro;Simples;Declive;N�o;1;0;0;1;0;0;1;1;-18,29852831;-45,12244619;SPRF-MG;DEL14-MG;UOP02-DEL14-MG;;;
715337;31/08/2025;domingo;19:45:00;GO;60;254,9;INDIARA;Animais na Pista;Atropelamento de Animal;Com V�timas Feridas;Plena Noite;Decrescente;C�u Claro;Dupla;Reta;N�o;4;0;4;0;0;0;4;1;-17,14727032;-50,01093597;SPRF-GO;DEL01-GO;UOP02-DEL01-GO;;;
715338;31/08/2025;domingo;19:40:00;SC;101;395,4;MARACAJA;Aus�ncia de rea��o do condutor;Sa�da de leito carro��vel;Com V�timas Feridas;Plena Noite;Decrescente;C�u Claro;Dupla;"Declive;Reta";N�o;1;0;1;0;0;0;1;1;-28,833546;-49,4168;SPRF-SC;DEL02-SC;UOP02-DEL02-SC;;;
715339;31/08/2025;domingo;20:30:00;PR;376;666,4;GUARATUBA;Aus�ncia de rea��o do condutor;Colis�o com objeto;Com V�timas Feridas;Plena Noite;Crescente;Chuva;Simples;Curva;N�o;1;0;1;0;0;0;1;1;-25,86658612;-48,94846313;SPRF-PR;DEL01-PR;UOP04-DEL01-PR;;;
715340;31/08/2025;domingo;20:00:00;MA;222;342,8;IGARAPE DO MEIO;Demais falhas mec�nicas ou el�tricas;Sa�da de leito carro��vel;Com V�timas Feridas;Pleno dia;Crescente;C�u Claro;Simples;Reta;N�o;1;0;0;1;0;0;1;1;-3,6650018;-45,23118;SPRF-MA;DEL02-MA;UOP01-DEL02-MA;;;
715342;31/08/2025;domingo;17:30:00;MG;40;824,9;SIMAO PEREIRA;Rea��o tardia ou ineficiente do condutor;Colis�o com objeto;Com V�timas Feridas;Pleno dia;Crescente;Nublado;Dupla;Curva;N�o;2;0;2;0;0;0;2;1;-21,99920574;-43,28679649;SPRF-MG;DEL05-MG;UOP01-DEL05-MG;;;
715343;31/08/2025;domingo;21:00:00;AL;316;243,8;ATALAIA;Desrespeitar a prefer�ncia no cruzamento;Colis�o frontal;Com V�timas Feridas;Plena Noite;Crescente;C�u Claro;Simples;Curva;Sim;2;0;1;0;1;0;1;2;-9,51000446;-36,0050052;SPRF-AL;DEL01-AL;UOP01-DEL01-AL;;;
715344;31/08/2025;domingo;15:50:00;MG;116;555,4;MANHUACU;Chuva;Sa�da de leito carro��vel;Com V�timas Feridas;Pleno dia;Crescente;Chuva;Simples;Curva;N�o;2;0;0;2;0;0;2;1;-20,00892655;-42,15144932;SPRF-MG;DEL06-MG;UOP02-DEL06-MG;;;
715345;31/08/2025;domingo;20:45:00;RN;304;189,3;LAJES;Transitar na contram�o;Colis�o frontal;Com V�timas Fatais;Plena Noite;Decrescente;Nublado;Simples;Reta;N�o;3;1;1;0;1;0;1;2;-5,700623;-36,257653;SPRF-RN;DEL01-RN;UOP03-DEL01-RN;;;
715346;31/08/2025;domingo;20:31:00;PI;343;306;ALTOS;Ingest�o de �lcool pelo condutor;Colis�o transversal;Com V�timas Feridas;Plena Noite;Decrescente;C�u Claro;Simples;Reta;Sim;2;0;0;1;0;1;1;2;-5,039334;-42,455679;SPRF-PI;DEL01-PI;UOP01-DEL01-PI;;;
715347;31/08/2025;domingo;22:00:00;SC;101;200,1;SAO JOSE;Manobra de mudan�a de faixa;Colis�o lateral mesmo sentido;Sem V�timas;Plena Noite;Decrescente;Chuva;M�ltipla;Reta;Sim;3;0;0;0;3;0;0;2;-27,54574;-48,61985;SPRF-SC;DEL01-SC;UOP01-DEL01-SC;;;
715348;31/08/2025;domingo;17:45:00;MA;316;585;CAXIAS;Manobra de mudan�a de faixa;Colis�o lateral sentido oposto;Com V�timas Feridas;Anoitecer;Decrescente;C�u Claro;Simples;"Aclive;Reta";N�o;5;0;2;0;3;0;2;2;-4,98121;-43,080247;SPRF-MA;DEL03-MA;UOP02-DEL03-MA;;;
715349;31/08/2025;domingo;22:10:00;SC;101;192;BIGUACU;Chuva;Capotamento;Com V�timas Feridas;Plena Noite;Decrescente;Chuva;Dupla;Curva;N�o;2;0;2;0;0;0;2;1;-27,48660783;-48,64894571;SPRF-SC;DEL01-SC;UOP01-DEL01-SC;;;
715350;31/08/2025;domingo;18:44:00;MT;70;518;VARZEA GRANDE;Transitar na contram�o;Colis�o transversal;Sem V�timas;Plena Noite;Decrescente;C�u Claro;Simples;Reta;Sim;9;0;0;0;9;0;0;3;-15,693822;-56,1674966;SPRF-MT;DEL01-MT;UOP02-DEL01-MT;;;
715353;31/08/2025;domingo;19:10:00;RS;153;0,3;MARCELINO RAMOS;Rea��o tardia ou ineficiente do condutor;Colis�o traseira;Sem V�timas;Plena Noite;Decrescente;C�u Claro;Simples;Declive;N�o;2;0;0;0;2;0;0;2;-27,38041153;-51,98622175;SPRF-RS;DEL08-RS;UOP04-DEL08-RS;;;
715355;30/08/2025;s�bado;06:40:00;SP;116;164,7;JACAREI;Objeto est�tico sobre o leito carro��vel;Colis�o com objeto;Com V�timas Feridas;Pleno dia;Decrescente;C�u Claro;Dupla;Reta;N�o;1;0;1;0;0;0;1;1;-23,29594973;-46,00627857;SPRF-SP;DEL02-SP;UOP01-DEL02-SP;;;
715356;31/08/2025;domingo;22:40:00;SP;116;465;PARIQUERA-ACU;Aus�ncia de rea��o do condutor;Sa�da de leito carro��vel;Com V�timas Feridas;Plena Noite;Crescente;Nublado;M�ltipla;"Reta;Declive";N�o;1;0;1;0;0;0;1;1;-24,64603136;-47,91991409;SPRF-SP;DEL05-SP;UOP01-DEL05-SP;;;
715357;31/08/2025;domingo;17:15:00;PB;230;451;APARECIDA;Aus�ncia de rea��o do condutor;Colis�o traseira;Com V�timas Fatais;Pleno dia;Crescente;C�u Claro;Simples;Reta;N�o;2;1;0;0;1;0;0;2;-6,785;-38,118;SPRF-PB;DEL03-PB;UOP03-DEL03-PB;;;
715358;31/08/2025;domingo;20:30:00;MT;174;85;CACERES;Ingest�o de �lcool pelo condutor;Tombamento;Com V�timas Feridas;Plena Noite;Decrescente;Ignorado;Simples;Reta;N�o;1;0;1;0;0;0;1;1;-15,942;-57,786;SPRF-MT;DEL03-MT;UOP01-DEL03-MT;;;
715359;31/08/2025;domingo;23:15:00;SC;101;204,6;SAO JOSE;Rea��o tardia ou ineficiente do condutor;Colis�o com objeto;Sem V�timas;Plena Noite;Crescente;Garoa/Chuvisco;Dupla;Reta;Sim;1;0;0;0;1;0;0;1;-27,57954751;-48,61408353;SPRF-SC;DEL01-SC;UOP01-DEL01-SC;;;
715360;31/08/2025;domingo;19:35:00;MA;135;21;SAO LUIS;Trafegar com motocicleta (ou similar) entre as faixas;Queda de ocupante de ve�culo;Com V�timas Feridas;Plena Noite;Crescente;C�u Claro;Dupla;Aclive;Sim;2;0;1;0;1;0;1;2;-2,56644565;-44,32274133;SPRF-MA;DEL01-MA;UOP01-DEL01-MA;;;
715361;31/08/2025;domingo;19:40:00;MA;135;24;BACABEIRA;Demais falhas mec�nicas ou el�tricas;Inc�ndio;Sem V�timas;Plena Noite;Decrescente;C�u Claro;Dupla;Reta;N�o;1;0;0;0;1;0;0;1;-2,765572;-44,362802;SPRF-MA;DEL01-MA;UOP01-DEL01-MA;;;
715362;31/08/2025;domingo;21:00:00;MA;135;22;SAO LUIS;Acessar a via sem observar a presen�a dos outros ve�culos;Colis�o transversal;Com V�timas Feridas;Plena Noite;Decrescente;C�u Claro;Dupla;Reta;Sim;3;0;1;0;1;1;1;2;-2,74553183;-44,3417421;SPRF-MA;DEL01-MA;UOP01-DEL01-MA;;;
715363;31/08/2025;domingo;22:15:00;MA;10;237;DAVINOPOLIS;Transitar na contram�o;Atropelamento de Pedestre;Com V�timas Fatais;Plena Noite;Decrescente;C�u Claro;Simples;Reta;N�o;2;1;0;0;0;1;0;2;-5,642853;-47,397517;SPRF-MA;DEL04-MA;UOP01-DEL04-MA;;;
715364;31/08/2025;domingo;22:50:00;BA;110;144;CICERO DANTAS;Transitar na contram�o;Colis�o frontal;Com V�timas Fatais;Plena Noite;Crescente;C�u Claro;Simples;"Reta;Aclive";N�o;2;1;0;0;1;0;0;2;-10,623745;-38,39484;SPRF-BA;DEL07-BA;UOP02-DEL07-BA;;;
715365;31/08/2025;domingo;22:45:00;PA;230;117;MARABA;Rea��o tardia ou ineficiente do condutor;Colis�o lateral mesmo sentido;Com V�timas Feridas;Plena Noite;Crescente;C�u Claro;Dupla;Reta;Sim;2;0;1;0;1;0;1;2;-5,35756983;-49,08649564;SPRF-PA;DEL03-PA;UOP01-DEL03-PA;;;
715366;01/09/2025;segunda-feira;00:20:00;ES;101;232,3;FUNDAO;Acumulo de �gua sobre o pavimento;Capotamento;Com V�timas Feridas;Plena Noite;Crescente;Chuva;Simples;Reta;N�o;2;0;1;1;0;0;2;1;-19,95504667;-40,408055;SPRF-ES;DEL02-ES;UOP01-DEL02-ES;;;
715367;31/08/2025;domingo;22:20:00;PB;230;11;CABEDELO;Afundamento ou ondula��o no pavimento;Tombamento;Com V�timas Feridas;Plena Noite;Crescente;C�u Claro;Dupla;Reta;Sim;1;0;0;1;0;0;1;1;-7,061279;-34,850503;SPRF-PB;DEL01-PB;UOP01-DEL01-PB;;;
715368;31/08/2025;domingo;23:15:00;RJ;101;484;ANGRA DOS REIS;Aus�ncia de rea��o do condutor;Colis�o frontal;Com V�timas Feridas;Plena Noite;Decrescente;Nublado;Dupla;Curva;N�o;1;0;0;1;0;0;1;1;-22,99442706;-44,23095703;SPRF-RJ;DEL03-RJ;UOP03-DEL03-RJ;;;
715370;31/08/2025;domingo;22:30:00;BA;101;523;BUERAREMA;Ingest�o de �lcool pelo condutor;Sa�da de leito carro��vel;Com V�timas Fatais;Plena Noite;Decrescente;C�u Claro;Simples;Curva;N�o;5;1;4;0;0;0;4;1;-14,9418306;-39,30428434;SPRF-BA;DEL05-BA;UOP01-DEL05-BA;;;
715371;01/09/2025;segunda-feira;00:30:00;PR;369;109,8;URAI;Animais na Pista;Atropelamento de Animal;Sem V�timas;Plena Noite;Decrescente;C�u Claro;Dupla;Reta;N�o;1;0;0;0;1;0;0;1;-23,27242538;-50,81376314;SPRF-PR;DEL07-PR;UOP05-DEL07-PR;;;
715372;01/09/2025;segunda-feira;00:50:00;PI;343;272;CAMPO MAIOR;Animais na Pista;Atropelamento de Animal;Com V�timas Feridas;Plena Noite;Crescente;C�u Claro;Simples;Reta;N�o;1;0;1;0;0;0;1;1;-4,8651083;-42,2139467;SPRF-PI;DEL01-PI;UOP03-DEL01-PI;;;
715373;01/09/2025;segunda-feira;00:20:00;SE;235;26;LARANJEIRAS;Condutor Dormindo;Capotamento;Com V�timas Feridas;Plena Noite;Crescente;Garoa/Chuvisco;Simples;"Reta;Ponte";N�o;2;0;1;0;1;0;1;1;-10,80008377;-37,27129905;SPRF-SE;DEL01-SE;UOP02-DEL01-SE;;;
715375;31/08/2025;domingo;11:00:00;SC;101;22;JOINVILLE;Demais falhas mec�nicas ou el�tricas;Tombamento;Com V�timas Feridas;Pleno dia;Crescente;Nublado;Dupla;"Reta;Aclive";N�o;2;0;2;0;0;0;2;1;-26,15753553;-48,90777938;SPRF-SC;DEL03-SC;UOP01-DEL03-SC;;;
715376;01/09/2025;segunda-feira;00:45:00;MG;381;858,5;POUSO ALEGRE;Condutor Dormindo;Capotamento;Com V�timas Feridas;Plena Noite;Decrescente;C�u Claro;Dupla;Reta;N�o;1;0;0;1;0;0;1;1;-22,30778661;-45,90230509;SPRF-MG;DEL16-MG;UOP01-DEL16-MG;;;
715377;01/09/2025;segunda-feira;00:45:00;SC;470;54,5;BLUMENAU;Ingest�o de �lcool pelo condutor;Colis�o transversal;Sem V�timas;Pleno dia;Crescente;Nublado;Simples;Interse��o de Vias;Sim;2;0;0;0;1;1;0;2;-26,87317624;-49,11418366;SPRF-SC;DEL04-SC;UOP01-DEL04-SC;;;
715378;01/09/2025;segunda-feira;01:40:00;RS;101;39;TRES FORQUILHAS;Aus�ncia de rea��o do condutor;Queda de ocupante de ve�culo;Com V�timas Feridas;Plena Noite;Decrescente;Chuva;Dupla;Reta;N�o;1;0;1;0;0;0;1;1;-29,533724;-50,022554;SPRF-RS;DEL03-RS;UOP02-DEL03-RS;;;
715379;01/09/2025;segunda-feira;01:40:00;RS;290;88;PORTO ALEGRE;Velocidade Incompat�vel;Colis�o traseira;Com V�timas Feridas;Plena Noite;Crescente;C�u Claro;M�ltipla;Reta;N�o;4;0;3;0;0;1;3;3;-29,96742336;-51,13855253;SPRF-RS;DEL01-RS;UOP01-DEL01-RS;;;
715380;01/09/2025;segunda-feira;01:15:00;RJ;393;281;VOLTA REDONDA;Aus�ncia de rea��o do condutor;Colis�o traseira;Sem V�timas;Plena Noite;Decrescente;C�u Claro;Simples;Reta;Sim;2;0;0;0;2;0;0;2;-22,47362999;-44,05734301;SPRF-RJ;DEL05-RJ;UOP04-DEL05-RJ;;;
715384;01/09/2025;segunda-feira;02:30:00;SP;116;550;BARRA DO TURVO;Velocidade Incompat�vel;Colis�o com objeto;Com V�timas Feridas;Plena Noite;Decrescente;Garoa/Chuvisco;Dupla;Curva;N�o;1;0;1;0;0;0;1;1;-24,966603;-48,474052;SPRF-SP;DEL05-SP;UOP02-DEL05-SP;;;
715385;31/08/2025;domingo;21:15:00;MG;116;275,9;TEOFILO OTONI;Condutor deixou de manter dist�ncia do ve�culo da frente;Colis�o traseira;Com V�timas Feridas;Plena Noite;Crescente;Nublado;Dupla;Reta;Sim;2;0;0;1;1;0;1;2;-17,849924;-41,514969;SPRF-MG;DEL11-MG;UOP01-DEL11-MG;;;
715386;31/08/2025;domingo;17:00:00;MG;116;367;FREI INOCENCIO;Rea��o tardia ou ineficiente do condutor;Sa�da de leito carro��vel;Com V�timas Feridas;Anoitecer;Crescente;Nublado;Simples;Reta;N�o;3;0;2;0;1;0;2;1;-18,511418;-41,880274;SPRF-MG;DEL11-MG;UOP01-DEL11-MG;;;
715387;01/09/2025;segunda-feira;02:30:00;RJ;101;54;CAMPOS DOS GOYTACAZES;Acessar a via sem observar a presen�a dos outros ve�culos;Colis�o transversal;Sem V�timas;Plena Noite;Decrescente;C�u Claro;Simples;Reta;N�o;2;0;0;0;1;1;0;2;-21,672077;-41,310995;SPRF-RJ;DEL08-RJ;UOP01-DEL08-RJ;;;
715388;01/09/2025;segunda-feira;02:30:00;BA;101;924;NOVA VICOSA;Ingest�o de �lcool pelo condutor;Sa�da de leito carro��vel;Sem V�timas;Plena Noite;Crescente;Garoa/Chuvisco;Simples;Curva;N�o;1;0;0;0;0;1;0;1;-17,926525;-39,833037;SPRF-BA;DEL09-BA;UOP02-DEL09-BA;;;
715390;01/09/2025;segunda-feira;02:35:00;CE;116;190;LIMOEIRO DO NORTE;Condutor Dormindo;Queda de ocupante de ve�culo;Com V�timas Feridas;Plena Noite;Decrescente;C�u Claro;Simples;Reta;N�o;1;0;1;0;0;0;1;1;-5,12771441;-38,15201696;SPRF-CE;DEL03-CE;UOP01-DEL03-CE;;;
715391;01/09/2025;segunda-feira;02:30:00;RO;364;763;PORTO VELHO;Animais na Pista;Atropelamento de Animal;Com V�timas Feridas;Plena Noite;Crescente;Ignorado;Simples;Reta;N�o;3;0;1;0;0;2;1;2;-9,06515659;-64,02594709;SPRF-RO;DEL01-RO;UOP02-DEL01-RO;;;
715393;01/09/2025;segunda-feira;04:45:00;MS;163;487;CAMPO GRANDE;Ingest�o de �lcool pelo condutor;Colis�o com objeto;Sem V�timas;Pleno dia;Decrescente;C�u Claro;Simples;Declive;N�o;1;0;0;0;1;0;0;1;-20,421013;-54,545904;SPRF-MS;DEL01-MS;UOP02-DEL01-MS;;;
715394;01/09/2025;segunda-feira;06:30:00;GO;40;3,9;VALPARAISO DE GOIAS;Condutor deixou de manter dist�ncia do ve�culo da frente;Colis�o lateral mesmo sentido;Com V�timas Feridas;Pleno dia;Decrescente;C�u Claro;Dupla;Reta;Sim;2;0;1;0;1;0;1;2;-16,08552;-47,98687;SPRF-DF;DEL01-DF;UOP01-DEL01-DF;;;
715396;01/09/2025;segunda-feira;06:30:00;SP;116;216,5;GUARULHOS;Demais falhas mec�nicas ou el�tricas;Tombamento;Com V�timas Feridas;Pleno dia;Crescente;C�u Claro;M�ltipla;Reta;Sim;2;0;2;0;0;0;2;1;-23,45322926;-46,47004056;SPRF-SP;DEL01-SP;UOP01-DEL01-SP;;;
715398;01/09/2025;segunda-feira;07:10:00;RJ;101;70;CAMPOS DOS GOYTACAZES;Chuva;Colis�o traseira;Com V�timas Feridas;Pleno dia;Crescente;Chuva;Simples;Reta;N�o;3;0;2;0;0;1;2;2;-21,775219;-41,363228;SPRF-RJ;DEL08-RJ;UOP02-DEL08-RJ;;;
715399;01/09/2025;segunda-feira;02:15:00;SP;381;60;MAIRIPORA;Rea��o tardia ou ineficiente do condutor;Colis�o traseira;Sem V�timas;Plena Noite;Decrescente;Ignorado;M�ltipla;Curva;N�o;1;0;0;0;0;1;0;1;-23,2654873;-46,58433152;SPRF-SP;DEL03-SP;UOP01-DEL03-SP;;;
715400;01/09/2025;segunda-feira;07:00:00;PR;116;115;CURITIBA;Aus�ncia de rea��o do condutor;Colis�o traseira;Com V�timas Feridas;Pleno dia;Crescente;Nublado;Dupla;Reta;N�o;2;0;1;0;1;0;1;2;-25,547086;-49,303875;SPRF-PR;DEL01-PR;UOP03-DEL01-PR;;;
715401;01/09/2025;segunda-feira;07:00:00;RS;285;480,5;CORONEL BARROS;Ultrapassagem Indevida;Colis�o frontal;Com V�timas Fatais;Pleno dia;Decrescente;Sol;Simples;"Reta;Aclive";N�o;3;1;0;0;2;0;0;3;-28,372014;-54,106319;SPRF-RS;DEL10-RS;UOP01-DEL10-RS;;;
715402;01/09/2025;segunda-feira;06:49:00;PE;101;84,5;JABOATAO DOS GUARARAPES;Condutor deixou de manter dist�ncia do ve�culo da frente;Colis�o traseira;Com V�timas Feridas;Pleno dia;Decrescente;C�u Claro;Dupla;Reta;N�o;4;0;1;0;3;0;1;2;-8,17789;-34,95429;SPRF-PE;DEL01-PE;UOP01-DEL01-PE;;;
715403;01/09/2025;segunda-feira;07:25:00;SC;282;24;SANTO AMARO DA IMPERATRIZ;Desrespeitar a prefer�ncia no cruzamento;Tombamento;Com V�timas Feridas;Pleno dia;Decrescente;Chuva;Simples;Interse��o de Vias;Sim;2;0;0;1;1;0;1;2;-27,68436087;-48,74357907;SPRF-SC;DEL01-SC;UOP03-DEL01-SC;;;
715405;01/09/2025;segunda-feira;07:02:00;RN;101;78;SAO GONCALO DO AMARANTE;Aus�ncia de rea��o do condutor;Colis�o traseira;Com V�timas Feridas;Pleno dia;Crescente;Nublado;Dupla;Reta;N�o;2;0;0;1;1;0;1;2;-5,73559287;-35,2910409;SPRF-RN;DEL02-RN;UOP01-DEL02-RN;;;
715407;01/09/2025;segunda-feira;07:35:00;PE;101;72;RECIFE;Condutor deixou de manter dist�ncia do ve�culo da frente;Colis�o traseira;Com V�timas Feridas;Pleno dia;Crescente;Sol;Dupla;Reta;Sim;3;0;2;0;1;0;2;2;-8,087912;-34,946868;SPRF-PE;DEL01-PE;UOP01-DEL01-PE;;;
715408;29/07/2025;ter�a-feira;19:53:00;SC;280;29;ARAQUARI;Trafegar com motocicleta (ou similar) entre as faixas;Atropelamento de Pedestre;Com V�timas Feridas;Pleno dia;Crescente;C�u Claro;Simples;Reta;Sim;2;0;1;0;0;1;1;2;-26,39111133;-48,73585138;SPRF-SC;DEL03-SC;UOP03-DEL03-SC;;;
715409;01/09/2025;segunda-feira;05:40:00;PR;376;171,5;MARINGA;Aus�ncia de rea��o do condutor;Sa�da de leito carro��vel;Com V�timas Feridas;Amanhecer;Crescente;C�u Claro;Dupla;Reta;Sim;1;0;1;0;0;0;1;1;-23,41236397;-51,98720551;SPRF-PR;DEL09-PR;UOP01-DEL09-PR;;;
715410;01/09/2025;segunda-feira;07:00:00;MG;381;752;TRES CORACOES;Aus�ncia de rea��o do condutor;Sa�da de leito carro��vel;Com V�timas Feridas;Pleno dia;Decrescente;C�u Claro;Simples;"Declive;Curva";Sim;1;0;1;0;0;0;1;1;-21,65533;-45,300529;SPRF-MG;DEL16-MG;UOP02-DEL16-MG;;;
715411;29/08/2025;sexta-feira;18:45:00;MG;381;526;BRUMADINHO;Acumulo de �leo sobre o pavimento;Colis�o traseira;Com V�timas Feridas;Pleno dia;Crescente;Chuva;Dupla;Curva;N�o;1;0;1;0;0;0;1;1;-20,15526297;-44,32721186;SPRF-MG;DEL04-MG;UOP03-DEL04-MG;;;
715413;01/09/2025;segunda-feira;06:40:00;GO;251;31,4;CRISTALINA;Acessar a via sem observar a presen�a dos outros ve�culos;Colis�o transversal;Com V�timas Feridas;Pleno dia;Crescente;C�u Claro;Simples;Reta;Sim;4;0;4;0;0;0;4;3;-16,0717182;-47,5307012;SPRF-DF;DEL01-DF;UOP01-DEL01-DF;;;
715414;01/09/2025;segunda-feira;07:59:00;SP;116;283;EMBU DAS ARTES;Rea��o tardia ou ineficiente do condutor;Colis�o com objeto;Com V�timas Feridas;Amanhecer;Decrescente;Nublado;Dupla;Reta;N�o;2;0;1;0;0;1;1;2;-23,67090033;-46,85599208;SPRF-SP;DEL04-SP;UOP01-DEL04-SP;;;
715417;31/08/2025;domingo;23:00:00;PR;163;13,5;BARRACAO;Rea��o tardia ou ineficiente do condutor;Sa�da de leito carro��vel;Com V�timas Feridas;Plena Noite;Decrescente;C�u Claro;Simples;Curva;N�o;1;0;1;0;0;0;1;1;-26,21886749;-53,63814996;SPRF-PR;DEL02-PR;UOP02-DEL02-PR;;;
715419;31/08/2025;domingo;16:30:00;MS;463;110;PONTA PORA;Manobra de mudan�a de faixa;Colis�o traseira;Com V�timas Feridas;Pleno dia;Decrescente;C�u Claro;Dupla;Reta;Sim;3;0;1;0;2;0;1;2;-22,57272946;-55,6941375;SPRF-MS;DEL04-MS;UOP03-DEL04-MS;;;
715420;01/09/2025;segunda-feira;07:45:00;DF;70;14;BRASILIA;Manobra de mudan�a de faixa;Colis�o lateral mesmo sentido;Com V�timas Feridas;Pleno dia;Crescente;C�u Claro;Dupla;Reta;N�o;2;0;1;0;1;0;1;2;-15,79917;-48,18207;SPRF-DF;DEL03-DF;UOP02-DEL03-DF;;;
715423;16/08/2025;s�bado;11:45:00;SC;470;58,4;BLUMENAU;Ultrapassagem Indevida;Colis�o lateral mesmo sentido;Com V�timas Feridas;Pleno dia;Crescente;Nublado;Dupla;Desvio Tempor�rio;N�o;2;0;1;0;1;0;1;2;-26,88401398;-49,15006248;SPRF-SC;DEL04-SC;UOP01-DEL04-SC;;;
715426;31/08/2025;domingo;22:15:00;RO;364;334;JI-PARANA;Animais na Pista;Atropelamento de Animal;Com V�timas Feridas;Plena Noite;Crescente;C�u Claro;Simples;Reta;N�o;2;0;1;0;1;0;1;1;-10,948087;-61,926248;SPRF-RO;DEL02-RO;UOP01-DEL02-RO;;;
715430;01/09/2025;segunda-feira;07:50:00;RJ;101;309;SAO GONCALO;Rea��o tardia ou ineficiente do condutor;Colis�o traseira;Com V�timas Feridas;Pleno dia;Crescente;Chuva;Dupla;Reta;Sim;3;0;1;0;2;0;1;3;-22,79549531;-43,03745839;SPRF-RJ;DEL02-RJ;UOP02-DEL02-RJ;;;
715431;01/09/2025;segunda-feira;08:08:00;SC;101;43,5;JOINVILLE;Trafegar com motocicleta (ou similar) entre as faixas;Colis�o traseira;Com V�timas Feridas;Pleno dia;Decrescente;Chuva;Dupla;Reta;N�o;2;0;1;0;1;0;1;2;-26,33097996;-48,8620162;SPRF-SC;DEL03-SC;UOP01-DEL03-SC;;;
715432;01/09/2025;segunda-feira;08:40:00;SC;101;105,6;PENHA;Manobra de mudan�a de faixa;Colis�o lateral mesmo sentido;Com V�timas Feridas;Pleno dia;Crescente;Nublado;Dupla;Curva;Sim;2;0;1;0;1;0;1;2;-26,80818;-48,681612;SPRF-SC;DEL03-SC;UOP02-DEL03-SC;;;
715433;01/09/2025;segunda-feira;09:00:00;RS;448;22;PORTO ALEGRE;Acumulo de areia ou detritos sobre o pavimento;Tombamento;Com V�timas Feridas;Pleno dia;Decrescente;C�u Claro;Dupla;"Viaduto;Curva";Sim;1;0;1;0;0;0;1;1;-29,9730036;-51,1995587;SPRF-RS;DEL01-RS;UOP01-DEL01-RS;;;
715434;01/09/2025;segunda-feira;07:15:00;AL;316;140,9;ESTRELA DE ALAGOAS;Manobra de mudan�a de faixa;Colis�o lateral mesmo sentido;Com V�timas Feridas;Pleno dia;Crescente;C�u Claro;Simples;Reta;Sim;2;0;1;1;0;0;2;2;-9,392003;-36,7499;SPRF-AL;DEL03-AL;UOP01-DEL03-AL;;;
715435;01/09/2025;segunda-feira;07:45:00;SP;381;89;GUARULHOS;Manobra de mudan�a de faixa;Colis�o lateral mesmo sentido;Com V�timas Feridas;Pleno dia;Crescente;C�u Claro;M�ltipla;Reta;Sim;4;0;1;0;2;1;1;4;-23,49747045;-46,55970145;SPRF-SP;DEL03-SP;UOP01-DEL03-SP;;;
715437;01/09/2025;segunda-feira;07:35:00;PB;101;20,9;RIO TINTO;Problema com o freio;Tombamento;Com V�timas Feridas;Pleno dia;Decrescente;C�u Claro;Dupla;"Reta;Em Obras";N�o;1;0;1;0;0;0;1;1;-6,671549;-35,1132325;SPRF-PB;DEL01-PB;UOP03-DEL01-PB;;;
715438;01/09/2025;segunda-feira;08:45:00;MG;40;749;SANTOS DUMONT;Chuva;Colis�o com objeto;Com V�timas Feridas;Pleno dia;Decrescente;Chuva;Simples;Curva;N�o;1;0;1;0;0;0;1;1;-21,483756;-43,538111;SPRF-MG;DEL05-MG;UOP01-DEL05-MG;;;
715440;01/09/2025;segunda-feira;05:00:00;MG;365;768,5;ITUIUTABA;Animais na Pista;Atropelamento de Animal;Com V�timas Feridas;Plena Noite;Crescente;C�u Claro;Simples;Reta;N�o;3;0;2;0;0;1;2;2;-18,961145;-49,620309;SPRF-MG;DEL15-MG;UOP03-DEL15-MG;;;
715441;01/09/2025;segunda-feira;09:00:00;MS;376;113,7;IVINHEMA;Acostamento em desn�vel;Sa�da de leito carro��vel;Com V�timas Feridas;Pleno dia;Crescente;C�u Claro;Simples;Reta;Sim;4;0;2;1;1;0;3;1;-22,30268;-53,85853;SPRF-MS;DEL04-MS;UOP04-DEL04-MS;;;
715444;01/09/2025;segunda-feira;10:02:00;PB;101;99,3;CONDE;Manobra de mudan�a de faixa;Colis�o lateral mesmo sentido;Com V�timas Feridas;Pleno dia;Crescente;C�u Claro;Dupla;Reta;N�o;2;0;0;1;1;0;1;2;-7,25923369;-34,93590742;SPRF-PB;DEL01-PB;UOP01-DEL01-PB;;;