id;data_inversa;dia_semana;horario;uf;br;km;municipio;causa_acidente;tipo_acidente;classificacao_acidente;fase_dia;sentido_via;condicao_metereologica;tipo_pista;tracado_via;uso_solo;pessoas;mortos;feridos_leves;feridos_graves;ilesos;ignorados;feridos;veiculos;latitude;longitude;regional;delegacia;uop;;;
715447;01/09/2025;segunda-feira;08:15:00;RJ;356;65;ITAPERUNA;Chuva;Colis�o lateral sentido oposto;Com V�timas Feridas;Pleno dia;Crescente;Chuva;Simples;Reta;N�o;4;0;1;0;3;0;1;2;-21,2697088;-41,7759232;SPRF-RJ;DEL08-RJ;UOP03-DEL08-RJ;;;
715448;01/09/2025;segunda-feira;08:30:00;RJ;101;304;SAO GONCALO;Demais falhas mec�nicas ou el�tricas;Inc�ndio;Sem V�timas;Pleno dia;Decrescente;Chuva;Dupla;Reta;N�o;1;0;0;0;1;0;0;1;-22,78436524;-42,98497438;SPRF-RJ;DEL02-RJ;UOP02-DEL02-RJ;;;
715449;01/09/2025;segunda-feira;10:10:00;ES;101;348,7;ANCHIETA;Rea��o tardia ou ineficiente do condutor;Tombamento;Com V�timas Feridas;Pleno dia;Crescente;Chuva;Dupla;Curva;N�o;2;0;1;1;0;0;2;1;-20,65050356;-40,64245726;SPRF-ES;DEL03-ES;UOP01-DEL03-ES;;;
715450;01/09/2025;segunda-feira;08:45:00;PR;376;671;GUARATUBA;Mal s�bito do condutor;Sa�da de leito carro��vel;Com V�timas Feridas;Pleno dia;Crescente;Chuva;Dupla;"Reta;Declive";N�o;1;0;1;0;0;0;1;1;-25,9081939;-48,92078575;SPRF-PR;DEL01-PR;UOP04-DEL01-PR;;;
715456;01/09/2025;segunda-feira;07:45:00;BA;116;699;JEQUIE;Acessar a via sem observar a presen�a dos outros ve�culos;Colis�o transversal;Com V�timas Fatais;Pleno dia;Crescente;Sol;Simples;Reta;N�o;3;1;0;0;2;0;0;2;-14,06357;-40,20555;SPRF-BA;DEL03-BA;UOP01-DEL03-BA;;;
715457;01/09/2025;segunda-feira;09:30:00;MG;381;937,5;EXTREMA;Curva acentuada;Queda de ocupante de ve�culo;Com V�timas Feridas;Pleno dia;Crescente;C�u Claro;Dupla;Curva;N�o;1;0;1;0;0;0;1;1;-22,81250297;-46,28513002;SPRF-MG;DEL16-MG;UOP03-DEL16-MG;;;
715458;20/08/2025;quarta-feira;08:00:00;SP;153;61,2;SAO JOSE DO RIO PRETO;Trafegar com motocicleta (ou similar) entre as faixas;Colis�o transversal;Com V�timas Feridas;Pleno dia;Crescente;C�u Claro;Dupla;"Declive;Reta";Sim;3;0;1;0;2;0;1;3;-20,80646569;-49,35618488;SPRF-SP;DEL09-SP;UOP01-DEL09-SP;;;
715459;01/09/2025;segunda-feira;07:33:00;MT;163;672;LUCAS DO RIO VERDE;Aus�ncia de rea��o do condutor;Sa�da de leito carro��vel;Com V�timas Feridas;Pleno dia;Decrescente;Sol;Simples;"Reta;Em Obras";N�o;1;0;1;0;0;0;1;1;-13,19633;-55,99175;SPRF-MT;DEL06-MT;UOP01-DEL06-MT;;;
715460;01/09/2025;segunda-feira;09:30:00;SE;101;145,1;ESTANCIA;Aus�ncia de rea��o do condutor;Colis�o com objeto;Com V�timas Feridas;Pleno dia;Crescente;Nublado;Dupla;"Reta;Retorno Regulamentado";N�o;3;0;1;0;2;0;1;1;-11,21649517;-37,41707895;SPRF-SE;DEL02-SE;UOP01-DEL02-SE;;;
715461;01/09/2025;segunda-feira;08:30:00;SC;280;80;CORUPA;Condutor deixou de manter dist�ncia do ve�culo da frente;Colis�o traseira;Com V�timas Feridas;Pleno dia;Crescente;C�u Claro;Simples;Reta;N�o;1;0;1;0;0;0;1;1;-26,43832;-49,233173;SPRF-SC;DEL06-SC;UOP03-DEL06-SC;;;
715463;23/08/2025;s�bado;12:12:00;BA;116;826;VITORIA DA CONQUISTA;Acessar a via sem observar a presen�a dos outros ve�culos;Colis�o transversal;Com V�timas Feridas;Pleno dia;Crescente;C�u Claro;Dupla;Rotat�ria;Sim;2;0;1;0;1;0;1;2;-14,87792869;-40,85462223;SPRF-BA;DEL08-BA;UOP01-DEL08-BA;;;
715465;01/09/2025;segunda-feira;11:12:00;GO;70;320;JUSSARA;Condutor deixou de manter dist�ncia do ve�culo da frente;Colis�o traseira;Sem V�timas;Pleno dia;Crescente;C�u Claro;Simples;"Reta;Declive";Sim;2;0;0;0;1;1;0;2;-15,87790401;-50,88392057;SPRF-GO;DEL04-GO;UOP02-DEL04-GO;;;
715467;01/09/2025;segunda-feira;10:30:00;GO;70;314;JUSSARA;Acessar a via sem observar a presen�a dos outros ve�culos;Colis�o transversal;Com V�timas Feridas;Pleno dia;Decrescente;C�u Claro;Simples;"Reta;Interse��o de Vias";Sim;6;0;5;1;0;0;6;2;-15,87494229;-50,83779484;SPRF-GO;DEL04-GO;UOP02-DEL04-GO;;;
715468;08/07/2025;ter�a-feira;07:20:00;PR;277;0,1;PARANAGUA;Aus�ncia de rea��o do condutor;Colis�o com objeto;Com V�timas Feridas;Pleno dia;Decrescente;Sol;Dupla;Interse��o de Vias;Sim;2;0;1;1;0;0;2;1;-25,55624912;-48,56342046;SPRF-PR;DEL01-PR;UOP05-DEL01-PR;;;
715471;01/09/2025;segunda-feira;13:00:00;SP;116;223;GUARULHOS;Rea��o tardia ou ineficiente do condutor;Colis�o traseira;Sem V�timas;Pleno dia;Crescente;Sol;M�ltipla;Reta;Sim;2;0;0;0;2;0;0;2;-23,48032609;-46,53286743;SPRF-SP;DEL01-SP;UOP01-DEL01-SP;;;
715474;01/09/2025;segunda-feira;13:00:00;MG;459;68;SENADOR JOSE BENTO;Aus�ncia de rea��o do condutor;Sa�da de leito carro��vel;Com V�timas Feridas;Pleno dia;Crescente;C�u Claro;Simples;"Declive;Curva";N�o;2;0;1;0;0;1;1;2;-22,13118;-46,18231;SPRF-MG;DEL09-MG;UOP01-DEL09-MG;;;
715475;01/09/2025;segunda-feira;13:00:00;RJ;101;473;ANGRA DOS REIS;Acessar a via sem observar a presen�a dos outros ve�culos;Colis�o transversal;Com V�timas Feridas;Pleno dia;Crescente;C�u Claro;Dupla;Reta;Sim;2;0;1;0;1;0;1;2;-22,990246;-44,242895;SPRF-RJ;DEL03-RJ;UOP03-DEL03-RJ;;;
715476;01/09/2025;segunda-feira;13:20:00;PR;277;322;GUARAPUAVA;Acesso irregular;Colis�o traseira;Com V�timas Feridas;Pleno dia;Decrescente;C�u Claro;Dupla;Reta;N�o;2;0;1;0;0;1;1;2;-25,373627;-51,301619;SPRF-PR;DEL08-PR;UOP01-DEL08-PR;;;
715479;01/09/2025;segunda-feira;11:40:00;BA;367;25,8;PORTO SEGURO;Transitar na contram�o;Colis�o frontal;Com V�timas Feridas;Pleno dia;Crescente;C�u Claro;Simples;Reta;Sim;2;0;1;0;1;0;1;2;-16,432728;-39,094665;SPRF-BA;DEL09-BA;UOP03-DEL09-BA;;;
715480;01/09/2025;segunda-feira;11:00:00;PB;230;413;POMBAL;Velocidade Incompat�vel;Colis�o com objeto;Com V�timas Feridas;Pleno dia;Decrescente;C�u Claro;Simples;"Reta;Ponte";N�o;2;0;2;0;0;0;2;1;-6,726047;-37,79723;SPRF-PB;DEL03-PB;UOP02-DEL03-PB;;;
715481;01/09/2025;segunda-feira;12:40:00;AL;101;160,8;CAMPO ALEGRE;Chuva;Capotamento;Com V�timas Feridas;Pleno dia;Decrescente;Chuva;Dupla;Reta;N�o;2;0;2;0;0;0;2;1;-9,90542749;-36,23309255;SPRF-AL;DEL02-AL;UOP02-DEL02-AL;;;
715482;01/09/2025;segunda-feira;13:45:00;SC;101;202;SAO JOSE;Condutor deixou de manter dist�ncia do ve�culo da frente;Colis�o traseira;Com V�timas Feridas;Pleno dia;Crescente;C�u Claro;Dupla;Reta;Sim;4;0;2;0;2;0;2;2;-27,55859711;-48,61827247;SPRF-SC;DEL01-SC;UOP01-DEL01-SC;;;
715483;01/09/2025;segunda-feira;13:40:00;BA;116;421;FEIRA DE SANTANA;Aus�ncia de rea��o do condutor;Colis�o lateral mesmo sentido;Com V�timas Feridas;Pleno dia;Decrescente;Nublado;Dupla;Reta;Sim;3;0;2;0;1;0;2;2;-12,22528617;-38,96486974;SPRF-BA;DEL02-BA;UOP01-DEL02-BA;;;
715484;01/09/2025;segunda-feira;12:30:00;SC;101;203;SAO JOSE;Condutor Dormindo;Colis�o lateral mesmo sentido;Com V�timas Feridas;Pleno dia;Decrescente;Nublado;Simples;Curva;Sim;2;0;1;0;1;0;1;2;-27,56709666;-48,61378161;SPRF-SC;DEL01-SC;UOP01-DEL01-SC;;;
715485;05/06/2025;quinta-feira;19:50:00;TO;153;334;GUARAI;Desrespeitar a prefer�ncia no cruzamento;Colis�o transversal;Com V�timas Feridas;Plena Noite;Crescente;C�u Claro;Dupla;"Reta;Interse��o de Vias";Sim;2;0;1;1;0;0;2;2;-8,83723089;-48,51219133;SPRF-TO;DEL02-TO;UOP02-DEL02-TO;;;
715487;01/09/2025;segunda-feira;10:50:00;PB;230;485;SAO JOAO DO RIO DO PEIXE;Acessar a via sem observar a presen�a dos outros ve�culos;Colis�o transversal;Com V�timas Feridas;Pleno dia;Crescente;Sol;Simples;Curva;N�o;2;0;1;0;1;0;1;2;-6,870391;-38,391371;SPRF-PB;DEL03-PB;UOP03-DEL03-PB;;;
715488;01/09/2025;segunda-feira;14:30:00;PR;116;8;CAMPINA GRANDE DO SUL;Velocidade Incompat�vel;Sa�da de leito carro��vel;Com V�timas Feridas;Pleno dia;Crescente;Garoa/Chuvisco;Dupla;Curva;N�o;3;0;0;2;1;0;2;2;-25,08122437;-48,62420179;SPRF-PR;DEL01-PR;UOP02-DEL01-PR;;;
715489;11/04/2025;sexta-feira;04:45:00;MG;40;409,9;CURVELO;Ultrapassagem Indevida;Colis�o frontal;Com V�timas Fatais;Amanhecer;Crescente;Nevoeiro/Neblina;Simples;Reta;N�o;7;1;2;1;3;0;3;3;-19,11881;-44,64545;SPRF-MG;DEL02-MG;UOP01-DEL02-MG;;;
715491;01/09/2025;segunda-feira;14:28:00;SC;280;31,8;ARAQUARI;Acessar a via sem observar a presen�a dos outros ve�culos;Colis�o transversal;Com V�timas Feridas;Pleno dia;Decrescente;Nublado;Simples;Rotat�ria;Sim;2;0;1;0;1;0;1;2;-26,41845394;-48,77844779;SPRF-SC;DEL03-SC;UOP03-DEL03-SC;;;
715492;01/09/2025;segunda-feira;11:00:00;RJ;356;73,1;ITALVA;Pista Escorregadia;Sa�da de leito carro��vel;Com V�timas Feridas;Pleno dia;Crescente;Chuva;Simples;Reta;N�o;1;0;0;1;0;0;1;1;-21,406833;-41,690042;SPRF-RJ;DEL08-RJ;UOP03-DEL08-RJ;;;
715493;01/09/2025;segunda-feira;15:00:00;SP;116;156,4;SAO JOSE DOS CAMPOS;Condutor deixou de manter dist�ncia do ve�culo da frente;Colis�o traseira;Com V�timas Feridas;Pleno dia;Crescente;C�u Claro;Dupla;Reta;Sim;2;0;1;0;1;0;1;2;-23,25214039;-45,93865514;SPRF-SP;DEL02-SP;UOP01-DEL02-SP;;;
715494;24/08/2025;domingo;10:10:00;RS;392;17,5;RIO GRANDE;Acessar a via sem observar a presen�a dos outros ve�culos;Atropelamento de Pedestre;Com V�timas Feridas;Pleno dia;Crescente;C�u Claro;Dupla;Retorno Regulamentado;N�o;2;0;1;0;1;0;1;2;-32,09117776;-52,172272;SPRF-RS;DEL07-RS;UOP02-DEL07-RS;;;
715495;01/09/2025;segunda-feira;14:10:00;MG;381;491;BETIM;Aus�ncia de rea��o do condutor;Queda de ocupante de ve�culo;Com V�timas Feridas;Pleno dia;Crescente;C�u Claro;Dupla;Reta;N�o;2;0;0;1;1;0;1;2;-19,96173215;-44,15679932;SPRF-MG;DEL01-MG;UOP03-DEL01-MG;;;
715497;01/09/2025;segunda-feira;15:36:00;RN;101;109;PARNAMIRIM;Demais falhas na via;Queda de ocupante de ve�culo;Com V�timas Feridas;Pleno dia;Decrescente;C�u Claro;Dupla;Reta;Sim;2;0;2;0;0;0;2;1;-5,93537255;-35,26467419;SPRF-RN;DEL01-RN;UOP01-DEL01-RN;;;
715499;01/09/2025;segunda-feira;15:15:00;SP;381;67;MAIRIPORA;Velocidade Incompat�vel;Sa�da de leito carro��vel;Com V�timas Feridas;Pleno dia;Crescente;C�u Claro;Dupla;Curva;N�o;2;0;2;0;0;0;2;1;-23,34341283;-46,57321064;SPRF-SP;DEL03-SP;UOP01-DEL03-SP;;;
715501;01/09/2025;segunda-feira;11:30:00;SC;282;630;DESCANSO;Animais na Pista;Atropelamento de Animal;Com V�timas Feridas;Pleno dia;Crescente;C�u Claro;Simples;Reta;N�o;1;0;1;0;0;0;1;1;-26,82259108;-53,38630769;SPRF-SC;DEL07-SC;UOP03-DEL07-SC;;;
715503;01/09/2025;segunda-feira;14:45:00;AL;316;104;DOIS RIACHOS;Aus�ncia de rea��o do condutor;Colis�o traseira;Com V�timas Feridas;Pleno dia;Crescente;C�u Claro;Simples;Reta;N�o;3;0;0;2;1;0;2;2;-9,38469;-37,07269;SPRF-AL;DEL03-AL;UOP01-DEL03-AL;;;
715507;01/09/2025;segunda-feira;11:00:00;MA;135;33;BACABEIRA;Rea��o tardia ou ineficiente do condutor;Sa�da de leito carro��vel;Com V�timas Feridas;Pleno dia;Crescente;C�u Claro;Dupla;Reta;N�o;2;0;1;0;0;1;1;2;-2,8308;-44,37469;SPRF-MA;DEL01-MA;UOP01-DEL01-MA;;;
715508;01/09/2025;segunda-feira;15:50:00;RJ;40;118;DUQUE DE CAXIAS;Rea��o tardia ou ineficiente do condutor;Colis�o traseira;Com V�timas Feridas;Pleno dia;Decrescente;C�u Claro;Simples;Curva;Sim;2;0;1;0;1;0;1;2;-22,7649594;-43,28625908;SPRF-RJ;DEL01-RJ;UOP02-DEL01-RJ;;;
715509;01/09/2025;segunda-feira;15:00:00;MG;381;205,1;NAQUE;Transitar na contram�o;Colis�o frontal;Com V�timas Feridas;Pleno dia;Decrescente;Garoa/Chuvisco;Simples;"Aclive;Curva";N�o;4;0;1;1;2;0;2;2;-19,21326423;-42,30646133;SPRF-MG;DEL06-MG;UOP01-DEL06-MG;;;
715512;01/09/2025;segunda-feira;10:00:00;SC;470;29,8;GASPAR;Rea��o tardia ou ineficiente do condutor;Capotamento;Sem V�timas;Pleno dia;Crescente;Nublado;Dupla;Reta;N�o;1;0;0;0;0;1;0;1;-26,89347239;-48,9065164;SPRF-SC;DEL04-SC;UOP01-DEL04-SC;;;
715516;01/09/2025;segunda-feira;15:30:00;SP;116;515;CAJATI;Chuva;Sa�da de leito carro��vel;Com V�timas Feridas;Pleno dia;Crescente;Chuva;Dupla;Curva;N�o;2;0;1;0;1;0;1;1;-24,84962882;-48,2125969;SPRF-SP;DEL05-SP;UOP02-DEL05-SP;;;
715517;01/09/2025;segunda-feira;17:15:00;RJ;116;184;NOVA IGUACU;Condutor deixou de manter dist�ncia do ve�culo da frente;Colis�o traseira;Com V�timas Feridas;Pleno dia;Crescente;C�u Claro;Dupla;Reta;Sim;3;0;2;0;1;0;2;2;-22,74719909;-43,44504297;SPRF-RJ;DEL06-RJ;UOP01-DEL06-RJ;;;
715519;01/09/2025;segunda-feira;17:10:00;MG;40;474,9;SETE LAGOAS;Demais falhas mec�nicas ou el�tricas;Tombamento;Com V�timas Feridas;Pleno dia;Decrescente;C�u Claro;M�ltipla;"Reta;Declive";N�o;1;0;1;0;0;0;1;1;-19,503941;-44,274839;SPRF-MG;DEL02-MG;UOP01-DEL02-MG;;;
715521;01/09/2025;segunda-feira;17:10:00;SP;116;142,9;SAO JOSE DOS CAMPOS;Avarias e/ou desgaste excessivo no pneu;Queda de ocupante de ve�culo;Com V�timas Feridas;Anoitecer;Decrescente;C�u Claro;Dupla;Reta;N�o;1;0;1;0;0;0;1;1;-23,177006;-45,834455;SPRF-SP;DEL02-SP;UOP01-DEL02-SP;;;
715522;01/09/2025;segunda-feira;17:30:00;SP;116;203,5;ARUJA;Rea��o tardia ou ineficiente do condutor;Colis�o traseira;Sem V�timas;Pleno dia;Decrescente;C�u Claro;M�ltipla;"Reta;Aclive";Sim;2;0;0;0;2;0;0;2;-23,41246901;-46,33126834;SPRF-SP;DEL01-SP;UOP01-DEL01-SP;;;
715523;01/09/2025;segunda-feira;16:30:00;RJ;101;333;NITEROI;Aus�ncia de rea��o do condutor;Tombamento;Com V�timas Feridas;Pleno dia;Decrescente;Nublado;Dupla;Reta;N�o;1;0;1;0;0;0;1;1;-22,8813412;-43,1117636;SPRF-RJ;DEL02-RJ;UOP01-DEL02-RJ;;;
715526;01/09/2025;segunda-feira;17:30:00;MA;316;279;BELA VISTA DO MARANHAO;Rea��o tardia ou ineficiente do condutor;Colis�o traseira;Com V�timas Feridas;Pleno dia;Decrescente;C�u Claro;Simples;Reta;Sim;3;0;3;0;0;0;3;2;-3,742793;-45,247808;SPRF-MA;DEL02-MA;UOP01-DEL02-MA;;;
715527;01/09/2025;segunda-feira;17:20:00;BA;116;20,1;VITORIA DA CONQUISTA;Manobra de mudan�a de faixa;Colis�o lateral mesmo sentido;Com V�timas Feridas;Anoitecer;Crescente;C�u Claro;Simples;Reta;N�o;2;0;1;0;1;0;1;2;-14,89436382;-40,82193375;SPRF-PE;DEL05-PE;UOP03-DEL05-PE;;;
715529;01/09/2025;segunda-feira;14:30:00;MA;316;578;CAXIAS;Manobra de mudan�a de faixa;Colis�o frontal;Com V�timas Fatais;Pleno dia;Decrescente;C�u Claro;Simples;Reta;N�o;4;1;1;0;2;0;1;2;-4,948292;-43,141117;SPRF-MA;DEL03-MA;UOP02-DEL03-MA;;;
715531;01/09/2025;segunda-feira;18:00:00;PE;101;70;RECIFE;Acessar a via sem observar a presen�a dos outros ve�culos;Colis�o transversal;Com V�timas Feridas;Plena Noite;Crescente;C�u Claro;Dupla;Reta;Sim;2;0;1;0;1;0;1;2;-8,07633691;-34,944329;SPRF-PE;DEL01-PE;UOP01-DEL01-PE;;;
715532;01/09/2025;segunda-feira;17:45:00;MG;381;496,7;BETIM;Rea��o tardia ou ineficiente do condutor;Tombamento;Com V�timas Feridas;Anoitecer;Decrescente;C�u Claro;M�ltipla;"Curva;Aclive";Sim;1;0;1;0;0;0;1;1;-19,97768968;-44,19863641;SPRF-MG;DEL01-MG;UOP03-DEL01-MG;;;
715533;01/09/2025;segunda-feira;16:50:00;MS;163;730;COXIM;Avarias e/ou desgaste excessivo no pneu;Tombamento;Com V�timas Feridas;Pleno dia;Crescente;C�u Claro;Simples;Reta;N�o;1;0;1;0;0;0;1;1;-18,4931488;-54,7283563;SPRF-MS;DEL06-MS;UOP01-DEL06-MS;;;
715534;01/09/2025;segunda-feira;18:15:00;BA;116;216;EUCLIDES DA CUNHA;Acessar a via sem observar a presen�a dos outros ve�culos;Colis�o transversal;Com V�timas Feridas;Plena Noite;Decrescente;Chuva;Dupla;Reta;Sim;2;0;1;0;0;1;1;2;-10,506129;-39,010435;SPRF-BA;DEL07-BA;UOP03-DEL07-BA;;;
715536;01/09/2025;segunda-feira;18:45:00;PA;316;149;CAPANEMA;Ingest�o de �lcool pelo condutor;Colis�o frontal;Com V�timas Feridas;Plena Noite;Crescente;C�u Claro;Simples;Reta;N�o;3;0;1;0;2;0;1;3;-1,2194;-47,197;SPRF-PA;DEL01-PA;UOP03-DEL01-PA;;;
715538;01/09/2025;segunda-feira;18:10:00;MG;50;181,5;UBERABA;Acostamento em desn�vel;Tombamento;Com V�timas Feridas;Anoitecer;Decrescente;C�u Claro;Dupla;Reta;Sim;1;0;1;0;0;0;1;1;-19,7851;-47,9171;SPRF-MG;DEL13-MG;UOP01-DEL13-MG;;;
715540;01/09/2025;segunda-feira;17:45:00;SC;282;579;PINHALZINHO;Manobra de mudan�a de faixa;Sa�da de leito carro��vel;Com V�timas Feridas;Plena Noite;Decrescente;C�u Claro;Simples;Reta;N�o;2;0;1;0;0;1;1;2;-26,84901706;-52,98010223;SPRF-SC;DEL07-SC;UOP02-DEL07-SC;;;
715541;29/08/2025;sexta-feira;07:10:00;BA;101;260;SANTO ANTONIO DE JESUS;Acessar a via sem observar a presen�a dos outros ve�culos;Colis�o transversal;Com V�timas Feridas;Pleno dia;Crescente;C�u Claro;Simples;"Reta;Interse��o de Vias";N�o;3;0;1;0;2;0;1;2;-12,96447005;-39,27215052;SPRF-BA;DEL01-BA;UOP02-DEL01-BA;;;
715542;01/09/2025;segunda-feira;18:20:00;DF;251;30,3;BRASILIA;Condutor Dormindo;Colis�o frontal;Com V�timas Feridas;Anoitecer;Decrescente;C�u Claro;Simples;Reta;N�o;4;0;3;0;0;1;3;3;-15,94817;-47,73741;SPRF-DF;DEL01-DF;UOP01-DEL01-DF;;;
715545;01/09/2025;segunda-feira;18:30:00;RS;470;261,5;SALVADOR DO SUL;Velocidade Incompat�vel;Sa�da de leito carro��vel;Sem V�timas;Anoitecer;Crescente;C�u Claro;Simples;"Em Obras;Declive;Curva";N�o;1;0;0;0;0;1;0;1;-29,48040374;-51,48378893;SPRF-RS;DEL06-RS;UOP01-DEL06-RS;;;
715546;01/09/2025;segunda-feira;18:30:00;GO;40;155;CRISTALINA;Animais na Pista;Atropelamento de Animal;Com V�timas Feridas;Anoitecer;Crescente;C�u Claro;Simples;Reta;N�o;1;0;1;0;0;0;1;1;-16,7135791;-47,6696793;SPRF-DF;DEL01-DF;UOP02-DEL01-DF;;;
715547;01/09/2025;segunda-feira;18:30:00;MA;135;5;SAO LUIS;Rea��o tardia ou ineficiente do condutor;Colis�o traseira;Sem V�timas;Plena Noite;Crescente;Nublado;Dupla;"Reta;Retorno Regulamentado";Sim;2;0;0;0;1;1;0;2;-2,622535;-44,258968;SPRF-MA;DEL01-MA;UOP01-DEL01-MA;;;
715549;01/09/2025;segunda-feira;20:10:00;TO;153;138;ARAGUAINA;Acessar a via sem observar a presen�a dos outros ve�culos;Colis�o transversal;Com V�timas Feridas;Plena Noite;Decrescente;C�u Claro;Dupla;Rotat�ria;Sim;3;0;3;0;0;0;3;2;-7,161633;-48,205571;SPRF-TO;DEL02-TO;UOP01-DEL02-TO;;;
715551;01/09/2025;segunda-feira;13:30:00;MT;163;941;ITAUBA;Aus�ncia de rea��o do condutor;Sa�da de leito carro��vel;Com V�timas Feridas;Pleno dia;Decrescente;C�u Claro;Simples;Reta;N�o;1;0;1;0;0;0;1;1;-10,969496;-55,226526;SPRF-MT;DEL06-MT;UOP02-DEL06-MT;;;
715552;01/09/2025;segunda-feira;18:30:00;PR;476;358;UNIAO DA VITORIA;Acessar a via sem observar a presen�a dos outros ve�culos;Colis�o transversal;Com V�timas Feridas;Plena Noite;Crescente;C�u Claro;Simples;Reta;N�o;2;0;2;0;0;0;2;2;-26,1984;-51,053227;SPRF-PR;DEL02-PR;UOP03-DEL02-PR;;;
715553;01/09/2025;segunda-feira;16:46:00;RO;364;343;JI-PARANA;Condutor desrespeitou a ilumina��o vermelha do sem�foro;Colis�o transversal;Com V�timas Feridas;Pleno dia;Decrescente;Garoa/Chuvisco;M�ltipla;Reta;Sim;3;0;0;1;2;0;1;2;-10,874485;-61,951825;SPRF-RO;DEL02-RO;UOP01-DEL02-RO;;;
715554;01/09/2025;segunda-feira;17:30:00;RJ;465;13;SEROPEDICA;Pedestre andava na pista;Atropelamento de Pedestre;Com V�timas Feridas;Plena Noite;Crescente;C�u Claro;Dupla;Reta;Sim;2;0;1;0;1;0;1;2;-22,80084513;-43,64356248;SPRF-RJ;DEL06-RJ;UOP02-DEL06-RJ;;;
715555;01/09/2025;segunda-feira;19:05:00;SP;116;114;TAUBATE;Pedestre andava na pista;Atropelamento de Pedestre;Com V�timas Fatais;Plena Noite;Crescente;C�u Claro;Dupla;Reta;Sim;3;1;0;0;2;0;0;3;-23,0469994;-45,58828735;SPRF-SP;DEL02-SP;UOP02-DEL02-SP;;;
715556;01/09/2025;segunda-feira;18:45:00;RS;153;52,9;ERECHIM;Pedestre andava na pista;Atropelamento de Pedestre;Com V�timas Fatais;Plena Noite;Crescente;C�u Claro;Simples;"Reta;Declive";N�o;3;1;0;0;2;0;0;2;-27,670674;-52,291152;SPRF-RS;DEL08-RS;UOP04-DEL08-RS;;;
715558;01/09/2025;segunda-feira;19:26:00;RJ;101;390;RIO DE JANEIRO;Acumulo de areia ou detritos sobre o pavimento;Tombamento;Com V�timas Feridas;Plena Noite;Crescente;C�u Claro;Simples;Curva;Sim;1;0;1;0;0;0;1;1;-22,8967344;-43,68198395;SPRF-RJ;DEL03-RJ;UOP01-DEL03-RJ;;;
715559;01/09/2025;segunda-feira;19:30:00;RJ;116;303;PORTO REAL;Aus�ncia de rea��o do condutor;Sa�da de leito carro��vel;Com V�timas Feridas;Plena Noite;Crescente;Nublado;Dupla;Retorno Regulamentado;N�o;1;0;1;0;0;0;1;1;-22,4700456;-44,2790637;SPRF-RJ;DEL07-RJ;UOP02-DEL07-RJ;;;
715560;26/08/2025;ter�a-feira;17:24:00;BA;415;52;ITABUNA;Transitar na contram�o;Colis�o frontal;Com V�timas Feridas;Anoitecer;Crescente;Ignorado;Simples;Reta;Sim;2;0;1;0;0;1;1;2;-14,841307;-39,330664;SPRF-BA;DEL05-BA;UOP01-DEL05-BA;;;
715561;01/09/2025;segunda-feira;21:10:00;PR;116;125;FAZENDA RIO GRANDE;Acessar a via sem observar a presen�a dos outros ve�culos;Colis�o transversal;Sem V�timas;Plena Noite;Crescente;Nublado;Dupla;Reta;Sim;7;0;0;0;6;1;0;3;-25,637187;-49,313103;SPRF-PR;DEL01-PR;UOP03-DEL01-PR;;;
715562;01/09/2025;segunda-feira;21:00:00;PR;277;76;SAO JOSE DOS PINHAIS;Velocidade Incompat�vel;Capotamento;Com V�timas Feridas;Plena Noite;Crescente;C�u Claro;Dupla;Reta;Sim;2;0;1;0;1;0;1;1;-25,49286827;-49,15008545;SPRF-PR;DEL01-PR;UOP07-DEL01-PR;;;
715564;01/09/2025;segunda-feira;21:25:00;PR;476;118;COLOMBO;Acessar a via sem observar a presen�a dos outros ve�culos;Colis�o traseira;Com V�timas Feridas;Plena Noite;Decrescente;C�u Claro;Dupla;"Reta;Interse��o de Vias";Sim;2;0;1;0;0;1;1;2;-25,34526714;-49,18029785;SPRF-PR;DEL01-PR;UOP01-DEL01-PR;;;
715565;01/09/2025;segunda-feira;09:00:00;RJ;101;307;SAO GONCALO;Trafegar com motocicleta (ou similar) entre as faixas;Colis�o lateral mesmo sentido;Com V�timas Feridas;Pleno dia;Crescente;C�u Claro;Dupla;Reta;N�o;3;0;1;0;2;0;1;2;-22,79246935;-43,02203178;SPRF-RJ;DEL02-RJ;UOP02-DEL02-RJ;;;
715567;01/09/2025;segunda-feira;18:20:00;RJ;101;322;NITEROI;Manobra de mudan�a de faixa;Tombamento;Com V�timas Feridas;Anoitecer;Decrescente;Nublado;M�ltipla;Curva;Sim;1;0;1;0;0;0;1;1;-22,880579;-43,114072;SPRF-RJ;DEL02-RJ;UOP01-DEL02-RJ;;;
715569;01/09/2025;segunda-feira;07:20:00;MT;364;203;RONDONOPOLIS;Rea��o tardia ou ineficiente do condutor;Tombamento;Com V�timas Feridas;Pleno dia;Crescente;C�u Claro;Dupla;"Reta;Aclive";Sim;1;0;1;0;0;0;1;1;-16,46464561;-54,65826899;SPRF-MT;DEL02-MT;UOP01-DEL02-MT;;;