id;data_inversa;dia_semana;horario;uf;br;km;municipio;causa_acidente;tipo_acidente;classificacao_acidente;fase_dia;sentido_via;condicao_metereologica;tipo_pista;tracado_via;uso_solo;pessoas;mortos;feridos_leves;feridos_graves;ilesos;ignorados;feridos;veiculos;latitude;longitude;regional;delegacia;uop;;;
715570;01/09/2025;segunda-feira;18:00:00;BA;101;332;PRESIDENTE TANCREDO NEVES;Condutor deixou de manter dist�ncia do ve�culo da frente;Colis�o traseira;Com V�timas Fatais;Anoitecer;Crescente;Nublado;Simples;Reta;N�o;4;2;0;1;1;0;1;2;-13,493943;-39,431381;SPRF-BA;DEL05-BA;UOP03-DEL05-BA;;;
715571;01/09/2025;segunda-feira;18:05:00;MA;230;402,3;BALSAS;Acessar a via sem observar a presen�a dos outros ve�culos;Colis�o transversal;Com V�timas Feridas;Anoitecer;Crescente;C�u Claro;Simples;Interse��o de Vias;Sim;2;0;1;0;1;0;1;2;-7,513866;-46,033743;SPRF-MA;DEL05-MA;UOP01-DEL05-MA;;;
715572;01/09/2025;segunda-feira;21:20:00;SE;235;38,9;AREIA BRANCA;Ingest�o de �lcool pelo condutor;Sa�da de leito carro��vel;Com V�timas Feridas;Plena Noite;Crescente;C�u Claro;Simples;Reta;N�o;1;0;0;1;0;0;1;1;-10,76813843;-37,33027589;SPRF-SE;DEL01-SE;UOP02-DEL01-SE;;;
715573;01/09/2025;segunda-feira;23:00:00;SC;101;79;ARAQUARI;Velocidade Incompat�vel;Colis�o com objeto;Com V�timas Feridas;Plena Noite;Decrescente;Chuva;M�ltipla;Reta;N�o;1;0;1;0;0;0;1;1;-26,59171672;-48,72191755;SPRF-SC;DEL03-SC;UOP02-DEL03-SC;;;
715574;01/09/2025;segunda-feira;18:15:00;PE;428;188;PETROLINA;Entrada inopinada do pedestre;Atropelamento de Pedestre;Com V�timas Feridas;Plena Noite;Crescente;C�u Claro;Dupla;"Reta;Viaduto";Sim;2;0;0;2;0;0;2;2;-9,376657;-40,496394;SPRF-PE;DEL06-PE;UOP01-DEL06-PE;;;
715577;01/09/2025;segunda-feira;22:27:00;RN;304;29,7;MOSSORO;Acessar a via sem observar a presen�a dos outros ve�culos;Colis�o transversal;Com V�timas Fatais;Plena Noite;Decrescente;C�u Claro;Simples;"Reta;Interse��o de Vias";Sim;2;1;0;0;1;0;0;2;-5,11517;-37,33965;SPRF-RN;DEL04-RN;UOP02-DEL04-RN;;;
715579;02/09/2025;ter�a-feira;00:15:00;PB;101;88;JOAO PESSOA;Chuva;Tombamento;Com V�timas Feridas;Plena Noite;Crescente;Garoa/Chuvisco;Dupla;Reta;N�o;1;0;1;0;0;0;1;1;-7,16557;-34,896782;SPRF-PB;DEL01-PB;UOP01-DEL01-PB;;;
715580;02/09/2025;ter�a-feira;00:30:00;RS;116;302;GUAIBA;Sinaliza��o mal posicionada;Tombamento;Com V�timas Feridas;Plena Noite;Decrescente;Nublado;Simples;Desvio Tempor�rio;Sim;2;0;2;0;0;0;2;1;-30,14281695;-51,36156909;SPRF-RS;DEL02-RS;UOP01-DEL02-RS;;;
715581;01/09/2025;segunda-feira;23:40:00;SC;101;41,8;JOINVILLE;Ingest�o de �lcool pelo condutor;Sa�da de leito carro��vel;Com V�timas Feridas;Plena Noite;Crescente;Chuva;Dupla;Reta;Sim;3;0;2;0;1;0;2;1;-26,32364536;-48,86819333;SPRF-SC;DEL03-SC;UOP01-DEL03-SC;;;
715582;01/09/2025;segunda-feira;21:50:00;MT;163;596;NOVA MUTUM;Rea��o tardia ou ineficiente do condutor;Sa�da de leito carro��vel;Com V�timas Feridas;Plena Noite;Decrescente;C�u Claro;Dupla;Reta;Sim;2;0;0;2;0;0;2;1;-13,829003;-56,080895;SPRF-MT;DEL01-MT;UOP01-DEL01-MT;;;
715584;02/09/2025;ter�a-feira;01:00:00;SC;280;45,5;GUARAMIRIM;Condutor Dormindo;Capotamento;Sem V�timas;Plena Noite;Crescente;Garoa/Chuvisco;Simples;"Reta;Em Obras";N�o;1;0;0;0;0;1;0;1;-26,4527415;-48,9042029;SPRF-SC;DEL03-SC;UOP03-DEL03-SC;;;
715585;02/09/2025;ter�a-feira;00:10:00;MG;116;550;SANTA BARBARA DO LESTE;Ingest�o de �lcool pelo condutor;Colis�o com objeto;Sem V�timas;Plena Noite;Crescente;Nublado;Simples;Reta;Sim;2;0;0;0;2;0;0;1;-19,98253565;-42,14332849;SPRF-MG;DEL06-MG;UOP02-DEL06-MG;;;
715586;02/09/2025;ter�a-feira;00:05:00;MG;116;233,4;TEOFILO OTONI;Condutor Dormindo;Sa�da de leito carro��vel;Com V�timas Feridas;Plena Noite;Crescente;Garoa/Chuvisco;Simples;"Declive;Curva";N�o;2;0;0;1;1;0;1;1;-17,516145;-41,48636;SPRF-MG;DEL11-MG;UOP01-DEL11-MG;;;
715592;02/09/2025;ter�a-feira;06:45:00;ES;101;282,3;CARIACICA;Chuva;Tombamento;Com V�timas Feridas;Pleno dia;Crescente;Chuva;M�ltipla;Retorno Regulamentado;N�o;1;0;1;0;0;0;1;1;-20,22867736;-40,3660655;SPRF-ES;DEL01-ES;UOP01-DEL01-ES;;;
715593;02/09/2025;ter�a-feira;06:45:00;MG;381;448,4;BELO HORIZONTE;Condutor deixou de manter dist�ncia do ve�culo da frente;Colis�o traseira;Com V�timas Feridas;Pleno dia;Crescente;C�u Claro;Simples;"Aclive;Curva";Sim;3;0;2;0;1;0;2;2;-19,838031;-43,883209;SPRF-MG;DEL01-MG;UOP01-DEL01-MG;;;
715594;02/09/2025;ter�a-feira;06:30:00;RJ;116;186;NOVA IGUACU;Aus�ncia de rea��o do condutor;Queda de ocupante de ve�culo;Com V�timas Feridas;Pleno dia;Decrescente;Nublado;Dupla;Reta;Sim;2;0;1;0;1;0;1;1;-22,73994047;-43,46377082;SPRF-RJ;DEL06-RJ;UOP01-DEL06-RJ;;;
715595;02/09/2025;ter�a-feira;05:30:00;GO;60;23,7;ALEXANIA;Pista Escorregadia;Colis�o com objeto;Com V�timas Feridas;Pleno dia;Decrescente;C�u Claro;Dupla;Curva;N�o;5;0;1;0;4;0;1;1;-16,116372;-48,432677;SPRF-DF;DEL03-DF;UOP01-DEL03-DF;;;
715596;02/09/2025;ter�a-feira;06:45:00;SC;101;196;BIGUACU;Avarias e/ou desgaste excessivo no pneu;Tombamento;Com V�timas Feridas;Pleno dia;Crescente;Chuva;Dupla;Reta;Sim;2;0;2;0;0;0;2;1;-27,5118714;-48,6422646;SPRF-SC;DEL01-SC;UOP01-DEL01-SC;;;
715597;02/09/2025;ter�a-feira;04:50:00;RJ;101;56,9;CAMPOS DOS GOYTACAZES;Pedestre - Ingest�o de �lcool/ subst�ncias psicoativas;Atropelamento de Pedestre;Com V�timas Feridas;Amanhecer;Decrescente;Nublado;Simples;Reta;N�o;2;0;1;0;1;0;1;2;-21,69824369;-41,30991809;SPRF-RJ;DEL08-RJ;UOP01-DEL08-RJ;;;
715598;02/09/2025;ter�a-feira;06:50:00;RN;101;80,9;SAO GONCALO DO AMARANTE;Aus�ncia de rea��o do condutor;Colis�o lateral mesmo sentido;Com V�timas Feridas;Pleno dia;Crescente;C�u Claro;Dupla;Reta;Sim;3;0;3;0;0;0;3;2;-5,764277;-35,284538;SPRF-RN;DEL02-RN;UOP01-DEL02-RN;;;
715602;02/09/2025;ter�a-feira;07:15:00;PR;116;122;CURITIBA;Rea��o tardia ou ineficiente do condutor;Colis�o traseira;Com V�timas Feridas;Pleno dia;Decrescente;Nublado;Dupla;Reta;Sim;2;0;1;0;1;0;1;2;-25,6001647;-49,3173267;SPRF-PR;DEL01-PR;UOP03-DEL01-PR;;;
715603;02/09/2025;ter�a-feira;06:30:00;RN;304;48,4;MOSSORO;Aus�ncia de rea��o do condutor;Colis�o com objeto;Com V�timas Feridas;Pleno dia;Crescente;C�u Claro;Dupla;Reta;Sim;1;0;0;1;0;0;1;1;-5,231703;-37,32017;SPRF-RN;DEL04-RN;UOP01-DEL04-RN;;;
715605;02/09/2025;ter�a-feira;07:40:00;PR;277;83;CURITIBA;Rea��o tardia ou ineficiente do condutor;Colis�o traseira;Com V�timas Feridas;Amanhecer;Decrescente;Nublado;Dupla;Reta;Sim;2;0;1;0;1;0;1;2;-25,4441897;-49,23328606;SPRF-PR;DEL01-PR;UOP07-DEL01-PR;;;
715606;03/07/2025;quinta-feira;18:32:00;MG;381;221;BELO ORIENTE;Rea��o tardia ou ineficiente do condutor;Colis�o traseira;Com V�timas Feridas;Plena Noite;Decrescente;Nublado;Simples;Reta;N�o;2;0;1;0;1;0;1;2;-19,29777755;-42,36828089;SPRF-MG;DEL06-MG;UOP01-DEL06-MG;;;
715607;02/09/2025;ter�a-feira;07:50:00;PR;369;147,5;LONDRINA;Rea��o tardia ou ineficiente do condutor;Colis�o traseira;Com V�timas Feridas;Pleno dia;Crescente;Nublado;Dupla;"Reta;Aclive";Sim;2;0;1;0;0;1;1;2;-23,29305665;-51,13770811;SPRF-PR;DEL07-PR;UOP01-DEL07-PR;;;
715608;02/09/2025;ter�a-feira;08:00:00;DF;70;11;BRASILIA;Rea��o tardia ou ineficiente do condutor;Queda de ocupante de ve�culo;Com V�timas Feridas;Pleno dia;Crescente;Sol;Dupla;Reta;Sim;1;0;1;0;0;0;1;1;-15,790529;-48;SPRF-DF;DEL03-DF;UOP02-DEL03-DF;;;
715609;02/09/2025;ter�a-feira;07:40:00;DF;20;30;BRASILIA;Demais falhas mec�nicas ou el�tricas;Capotamento;Com V�timas Feridas;Pleno dia;Decrescente;Sol;Dupla;Reta;N�o;3;0;1;1;1;0;2;1;-15,59077638;-47,58072854;SPRF-DF;DEL02-DF;UOP01-DEL02-DF;;;
715610;29/08/2025;sexta-feira;09:18:00;RJ;40;110;DUQUE DE CAXIAS;Aus�ncia de rea��o do condutor;Engavetamento;Com V�timas Feridas;Pleno dia;Crescente;C�u Claro;M�ltipla;Reta;Sim;4;0;1;0;3;0;1;4;-22,69369373;-43,28809396;SPRF-RJ;DEL01-RJ;UOP02-DEL01-RJ;;;
715611;02/09/2025;ter�a-feira;07:10:00;MT;70;285;PRIMAVERA DO LESTE;Acesso irregular;Colis�o lateral mesmo sentido;Com V�timas Feridas;Pleno dia;Crescente;Sol;Simples;Reta;Sim;2;0;0;1;1;0;1;2;-15,5769135;-54,3412604;SPRF-MT;DEL05-MT;UOP01-DEL05-MT;;;
715612;02/09/2025;ter�a-feira;07:55:00;SC;282;3;FLORIANOPOLIS;Manobra de mudan�a de faixa;Colis�o lateral mesmo sentido;Com V�timas Feridas;Pleno dia;Decrescente;Chuva;M�ltipla;Reta;Sim;3;0;1;1;1;0;2;2;-27,59674208;-48,60091623;SPRF-SC;DEL01-SC;UOP01-DEL01-SC;;;
715613;02/09/2025;ter�a-feira;08:00:00;MG;381;503;BETIM;Aus�ncia de rea��o do condutor;Tombamento;Com V�timas Feridas;Pleno dia;Decrescente;C�u Claro;Simples;Curva;Sim;1;0;1;0;0;0;1;1;-20,01988;-44,228217;SPRF-MG;DEL01-MG;UOP03-DEL01-MG;;;
715614;22/08/2025;sexta-feira;06:40:00;PR;476;146,8;CURITIBA;Manobra de mudan�a de faixa;Colis�o lateral mesmo sentido;Com V�timas Feridas;Pleno dia;Crescente;C�u Claro;Dupla;Reta;Sim;2;0;1;0;1;0;1;2;-25,553854;-49,337647;SPRF-PR;DEL01-PR;UOP06-DEL01-PR;;;
715615;02/09/2025;ter�a-feira;07:48:00;PR;376;217;JANDAIA DO SUL;Desrespeitar a prefer�ncia no cruzamento;Colis�o transversal;Com V�timas Feridas;Pleno dia;Decrescente;C�u Claro;Simples;Rotat�ria;Sim;2;0;0;1;1;0;1;2;-23,59525079;-51,64137332;SPRF-PR;DEL09-PR;UOP01-DEL09-PR;;;
715616;02/09/2025;ter�a-feira;08:35:00;PR;116;113,1;CURITIBA;Trafegar com motocicleta (ou similar) entre as faixas;Colis�o lateral mesmo sentido;Com V�timas Feridas;Pleno dia;Crescente;Nublado;Dupla;Reta;Sim;2;0;2;0;0;0;2;2;-25,54912944;-49,28481515;SPRF-PR;DEL01-PR;UOP03-DEL01-PR;;;
715618;02/09/2025;ter�a-feira;08:01:00;SC;280;56,4;GUARAMIRIM;Manobra de mudan�a de faixa;Colis�o lateral mesmo sentido;Com V�timas Feridas;Pleno dia;Crescente;Nublado;Dupla;Reta;Sim;2;0;1;0;1;0;1;2;-26,479288;-49,006128;SPRF-SC;DEL03-SC;UOP03-DEL03-SC;;;
715619;02/09/2025;ter�a-feira;08:50:00;SP;381;66;MAIRIPORA;Aus�ncia de rea��o do condutor;Colis�o traseira;Sem V�timas;Pleno dia;Crescente;C�u Claro;M�ltipla;Reta;Sim;2;0;0;0;2;0;0;2;-23,33030045;-46,57772094;SPRF-SP;DEL03-SP;UOP01-DEL03-SP;;;
715620;02/09/2025;ter�a-feira;08:45:00;PE;101;93;JABOATAO DOS GUARARAPES;Condutor usando celular;Colis�o traseira;Com V�timas Feridas;Pleno dia;Crescente;C�u Claro;Dupla;Reta;N�o;2;0;1;0;1;0;1;2;-8,218917;-34,989727;SPRF-PE;DEL01-PE;UOP01-DEL01-PE;;;
715622;02/09/2025;ter�a-feira;07:30:00;SC;101;116;ITAJAI;Acessar a via sem observar a presen�a dos outros ve�culos;Colis�o transversal;Com V�timas Feridas;Pleno dia;Crescente;Chuva;Dupla;"Reta;Interse��o de Vias";Sim;2;0;1;0;1;0;1;2;-26,88608616;-48,72343183;SPRF-SC;DEL04-SC;UOP04-DEL04-SC;;;
715625;02/09/2025;ter�a-feira;07:40:00;SC;101;1,3;GARUVA;Aus�ncia de rea��o do condutor;Colis�o com objeto;Sem V�timas;Pleno dia;Crescente;Chuva;M�ltipla;Reta;N�o;1;0;0;0;1;0;0;1;-25,9921945;-48,88146607;SPRF-SC;DEL03-SC;UOP01-DEL03-SC;;;
715627;29/08/2025;sexta-feira;08:00:00;RJ;101;478;ANGRA DOS REIS;Frear bruscamente;Queda de ocupante de ve�culo;Com V�timas Feridas;Pleno dia;Decrescente;Nublado;Simples;Curva;Sim;1;0;0;1;0;0;1;1;-23,0045;-44,2767;SPRF-RJ;DEL03-RJ;UOP03-DEL03-RJ;;;
715628;02/09/2025;ter�a-feira;08:30:00;MG;262;34,5;MANHUACU;Rea��o tardia ou ineficiente do condutor;Colis�o traseira;Com V�timas Feridas;Pleno dia;Crescente;C�u Claro;Simples;"Interse��o de Vias;Curva";Sim;2;0;1;0;1;0;1;2;-20,25607408;-42,02867031;SPRF-MG;DEL06-MG;UOP03-DEL06-MG;;;
715629;02/09/2025;ter�a-feira;09:20:00;PE;101;70;RECIFE;Condutor deixou de manter dist�ncia do ve�culo da frente;Colis�o traseira;Com V�timas Feridas;Pleno dia;Crescente;C�u Claro;Simples;Curva;Sim;1;0;0;1;0;0;1;1;-8,06932344;-34,94443238;SPRF-PE;DEL01-PE;UOP01-DEL01-PE;;;
715631;02/09/2025;ter�a-feira;08:45:00;RN;405;73,5;APODI;Rea��o tardia ou ineficiente do condutor;Tombamento;Com V�timas Feridas;Pleno dia;Crescente;Nublado;Simples;"Declive;Curva";N�o;1;0;0;1;0;0;1;1;-5,629817;-37,80069;SPRF-RN;DEL04-RN;UOP02-DEL04-RN;;;
715633;02/09/2025;ter�a-feira;07:50:00;RS;470;153;NOVA PRATA;Acessar a via sem observar a presen�a dos outros ve�culos;Colis�o transversal;Com V�timas Feridas;Pleno dia;Decrescente;C�u Claro;Simples;Reta;N�o;2;0;1;0;1;0;1;2;-28,76039588;-51,62643417;SPRF-RS;DEL06-RS;UOP02-DEL06-RS;;;
715636;02/09/2025;ter�a-feira;08:45:00;RJ;40;120;DUQUE DE CAXIAS;Rea��o tardia ou ineficiente do condutor;Colis�o lateral mesmo sentido;Com V�timas Feridas;Pleno dia;Crescente;C�u Claro;M�ltipla;Reta;Sim;2;0;1;0;1;0;1;2;-22,78290715;-43,28561689;SPRF-RJ;DEL01-RJ;UOP02-DEL01-RJ;;;
715637;02/09/2025;ter�a-feira;10:40:00;RS;116;247;SAO LEOPOLDO;Rea��o tardia ou ineficiente do condutor;Colis�o transversal;Com V�timas Feridas;Pleno dia;Decrescente;C�u Claro;Dupla;Reta;N�o;2;0;1;0;1;0;1;2;-29,76587111;-51,15378161;SPRF-RS;DEL01-RS;UOP02-DEL01-RS;;;
715638;02/09/2025;ter�a-feira;10:20:00;SC;282;400,8;JOACABA;Avarias e/ou desgaste excessivo no pneu;Sa�da de leito carro��vel;Sem V�timas;Pleno dia;Crescente;Nublado;Simples;Curva;N�o;1;0;0;0;0;1;0;1;-27,13958342;-51,62170887;SPRF-SC;DEL07-SC;UOP05-DEL07-SC;;;
715641;02/09/2025;ter�a-feira;11:05:00;ES;101;298,3;VIANA;Rea��o tardia ou ineficiente do condutor;Tombamento;Com V�timas Feridas;Pleno dia;Crescente;Chuva;M�ltipla;Reta;Sim;1;0;0;1;0;0;1;1;-20,35540428;-40,41762471;SPRF-ES;DEL01-ES;UOP01-DEL01-ES;;;
715643;02/09/2025;ter�a-feira;08:15:00;MA;10;248;IMPERATRIZ;Animais na Pista;Atropelamento de Animal;Com V�timas Feridas;Pleno dia;Crescente;C�u Claro;M�ltipla;Reta;Sim;1;0;1;0;0;0;1;1;-5,563297;-47,450955;SPRF-MA;DEL04-MA;UOP01-DEL04-MA;;;
715644;02/09/2025;ter�a-feira;11:50:00;MG;50;0,6;ARAGUARI;Velocidade Incompat�vel;Sa�da de leito carro��vel;Com V�timas Feridas;Pleno dia;Decrescente;C�u Claro;Dupla;"Reta;Declive";N�o;3;0;0;1;2;0;1;2;-18,427436;-48,063077;SPRF-MG;DEL15-MG;UOP02-DEL15-MG;;;
715645;02/09/2025;ter�a-feira;11:30:00;DF;20;15,5;BRASILIA;Ultrapassagem Indevida;Colis�o com objeto;Com V�timas Feridas;Pleno dia;Decrescente;C�u Claro;Dupla;Reta;Sim;1;0;0;1;0;0;1;1;-15,62731857;-47,72802048;SPRF-DF;DEL02-DF;UOP01-DEL02-DF;;;
715646;02/09/2025;ter�a-feira;11:43:00;PE;428;187,8;PETROLINA;Rea��o tardia ou ineficiente do condutor;Colis�o lateral mesmo sentido;Com V�timas Feridas;Pleno dia;Crescente;C�u Claro;Dupla;Reta;Sim;3;0;0;2;1;0;2;2;-9,374078;-40,487461;SPRF-PE;DEL06-PE;UOP01-DEL06-PE;;;
715647;28/08/2025;quinta-feira;13:19:00;RN;110;47;MOSSORO;Condutor deixou de manter dist�ncia do ve�culo da frente;Eventos at�picos;Com V�timas Feridas;Pleno dia;Decrescente;Sol;Simples;"Reta;Declive";Sim;1;0;1;0;0;0;1;1;-5,207747;-37,331473;SPRF-RN;DEL04-RN;UOP01-DEL04-RN;;;
715653;02/09/2025;ter�a-feira;12:45:00;SC;101;193,5;BIGUACU;Rea��o tardia ou ineficiente do condutor;Tombamento;Com V�timas Feridas;Pleno dia;Crescente;Chuva;Dupla;"Reta;Interse��o de Vias";Sim;1;0;1;0;0;0;1;1;-27,4918514;-48,6568139;SPRF-SC;DEL01-SC;UOP01-DEL01-SC;;;
715654;02/09/2025;ter�a-feira;09:20:00;RJ;116;173;SAO JOAO DE MERITI;Demais falhas mec�nicas ou el�tricas;Queda de ocupante de ve�culo;Com V�timas Feridas;Pleno dia;Decrescente;C�u Claro;M�ltipla;Reta;Sim;2;0;1;1;0;0;2;1;-22,79985608;-43,35465638;SPRF-RJ;DEL06-RJ;UOP01-DEL06-RJ;;;
715655;02/09/2025;ter�a-feira;12:30:00;PE;101;72,8;RECIFE;Condutor usando celular;Colis�o traseira;Com V�timas Feridas;Pleno dia;Crescente;C�u Claro;Simples;Reta;Sim;2;0;1;0;1;0;1;2;-8,09141566;-34,94732738;SPRF-PE;DEL01-PE;UOP01-DEL01-PE;;;
715658;02/09/2025;ter�a-feira;11:25:00;RJ;101;575;PARATY;Condutor deixou de manter dist�ncia do ve�culo da frente;Colis�o traseira;Com V�timas Feridas;Pleno dia;Crescente;C�u Claro;Simples;Reta;Sim;3;0;2;0;1;0;2;2;-23,22261868;-44,73245351;SPRF-RJ;DEL03-RJ;UOP04-DEL03-RJ;;;
715659;02/09/2025;ter�a-feira;11:00:00;MG;40;824,9;SIMAO PEREIRA;Velocidade Incompat�vel;Sa�da de leito carro��vel;Com V�timas Feridas;Pleno dia;Crescente;Chuva;Dupla;"Curva;Desvio Tempor�rio";N�o;1;0;1;0;0;0;1;1;-22,00006498;-43,28589385;SPRF-MG;DEL05-MG;UOP01-DEL05-MG;;;
715660;02/09/2025;ter�a-feira;12:50:00;SC;280;56,5;GUARAMIRIM;Transitar na contram�o;Colis�o frontal;Com V�timas Feridas;Pleno dia;Crescente;Chuva;Dupla;Reta;Sim;2;0;0;1;1;0;1;2;-26,478971;-49,010498;SPRF-SC;DEL03-SC;UOP03-DEL03-SC;;;
715661;02/09/2025;ter�a-feira;10:35:00;SP;153;170;GUAICARA;Acumulo de areia ou detritos sobre o pavimento;Queda de ocupante de ve�culo;Com V�timas Feridas;Pleno dia;Decrescente;Sol;Simples;Reta;N�o;2;0;2;0;0;0;2;1;-21,58671826;-49,78381097;SPRF-SP;DEL07-SP;UOP01-DEL07-SP;;;
715663;02/09/2025;ter�a-feira;13:15:00;MG;381;936;EXTREMA;Acessar a via sem observar a presen�a dos outros ve�culos;Colis�o transversal;Com V�timas Feridas;Pleno dia;Crescente;C�u Claro;Dupla;"Declive;Curva;Retorno Regulamentado";N�o;3;0;0;2;1;0;2;2;-22,80801104;-46,27667785;SPRF-MG;DEL16-MG;UOP03-DEL16-MG;;;
715670;02/09/2025;ter�a-feira;12:45:00;SC;470;145;RIO DO SUL;Acessar a via sem observar a presen�a dos outros ve�culos;Colis�o transversal;Com V�timas Feridas;Pleno dia;Crescente;Nublado;Simples;Curva;N�o;2;0;0;1;1;0;1;2;-27,2330618;-49,67272695;SPRF-SC;DEL04-SC;UOP02-DEL04-SC;;;
715671;02/09/2025;ter�a-feira;10:00:00;BA;324;592;CANDEIAS;Aus�ncia de rea��o do condutor;Queda de ocupante de ve�culo;Sem V�timas;Pleno dia;Crescente;Nublado;Dupla;"Reta;Em Obras";N�o;1;0;0;0;0;1;0;1;-12,70816711;-38,46261978;SPRF-BA;DEL01-BA;UOP01-DEL01-BA;;;
715672;02/09/2025;ter�a-feira;14:00:00;PE;101;74;RECIFE;Manobra de mudan�a de faixa;Colis�o lateral mesmo sentido;Com V�timas Feridas;Pleno dia;Crescente;Nublado;Dupla;Reta;N�o;2;0;2;0;0;0;2;2;-8,10206;-34,94889;SPRF-PE;DEL01-PE;UOP01-DEL01-PE;;;
715673;02/09/2025;ter�a-feira;13:30:00;MG;365;10,1;MONTES CLAROS;Entrada inopinada do pedestre;Atropelamento de Pedestre;Com V�timas Feridas;Pleno dia;Crescente;C�u Claro;Simples;"Reta;Declive";N�o;2;0;0;1;1;0;1;2;-16,8346421;-43,9422382;SPRF-MG;DEL12-MG;UOP01-DEL12-MG;;;
715674;02/09/2025;ter�a-feira;13:55:00;MG;40;526;CONTAGEM;Condutor usando celular;Colis�o com objeto;Com V�timas Feridas;Pleno dia;Decrescente;C�u Claro;Dupla;Reta;Sim;2;0;0;1;1;0;1;2;-19,891991;-44,049988;SPRF-MG;DEL01-MG;UOP02-DEL01-MG;;;
715676;02/09/2025;ter�a-feira;14:10:00;GO;60;15,5;ALEXANIA;Acumulo de �leo sobre o pavimento;Tombamento;Com V�timas Feridas;Pleno dia;Decrescente;C�u Claro;Dupla;Declive;N�o;2;0;2;0;0;0;2;1;-16,110583;-48,364237;SPRF-DF;DEL03-DF;UOP01-DEL03-DF;;;
715683;10/08/2025;domingo;16:55:00;RS;116;139,6;CAXIAS DO SUL;Rea��o tardia ou ineficiente do condutor;Tombamento;Com V�timas Feridas;Pleno dia;Crescente;Nublado;M�ltipla;Curva;N�o;2;0;2;0;0;0;2;1;-29,10166437;-51,11065149;SPRF-RS;DEL05-RS;UOP01-DEL05-RS;;;
715685;02/09/2025;ter�a-feira;08:00:00;MG;116;778;LEOPOLDINA;Rea��o tardia ou ineficiente do condutor;Sa�da de leito carro��vel;Com V�timas Feridas;Pleno dia;Decrescente;Chuva;Simples;Curva;N�o;3;0;1;0;2;0;1;1;-21,606702;-42,698701;SPRF-MG;DEL07-MG;UOP01-DEL07-MG;;;
715686;02/09/2025;ter�a-feira;13:45:00;GO;60;252;INDIARA;Fuma�a;Colis�o traseira;Sem V�timas;Pleno dia;Crescente;C�u Claro;Dupla;Reta;Sim;4;0;0;0;4;0;0;2;-17,13178866;-49,98082995;SPRF-GO;DEL01-GO;UOP02-DEL01-GO;;;
715687;02/09/2025;ter�a-feira;12:30:00;MG;40;794,8;JUIZ DE FORA;Condutor deixou de manter dist�ncia do ve�culo da frente;Colis�o traseira;Com V�timas Feridas;Pleno dia;Decrescente;Chuva;Dupla;Curva;N�o;2;0;1;0;1;0;1;2;-21,79875404;-43,40509415;SPRF-MG;DEL05-MG;UOP01-DEL05-MG;;;
715689;15/08/2025;sexta-feira;18:50:00;DF;80;8;BRASILIA;Ultrapassagem Indevida;Colis�o frontal;Com V�timas Feridas;Plena Noite;Crescente;C�u Claro;Simples;Reta;N�o;2;0;0;2;0;0;2;2;-15,7313578;-48,1518635;SPRF-DF;DEL03-DF;UOP02-DEL03-DF;;;
715691;02/09/2025;ter�a-feira;09:30:00;MT;70;700;CACERES;Condutor deixou de manter dist�ncia do ve�culo da frente;Colis�o traseira;Com V�timas Feridas;Pleno dia;Crescente;C�u Claro;Simples;"Reta;Declive";N�o;2;0;0;1;1;0;1;2;-16,248433;-57,526001;SPRF-MT;DEL03-MT;UOP01-DEL03-MT;;;
715695;02/09/2025;ter�a-feira;16:30:00;PB;101;88,7;JOAO PESSOA;Rea��o tardia ou ineficiente do condutor;Tombamento;Com V�timas Feridas;Pleno dia;Crescente;Garoa/Chuvisco;Dupla;Reta;N�o;1;0;1;0;0;0;1;1;-7,1694892;-34,8972421;SPRF-PB;DEL01-PB;UOP01-DEL01-PB;;;
715699;02/09/2025;ter�a-feira;16:50:00;RS;116;154;CAXIAS DO SUL;Acessar a via sem observar a presen�a dos outros ve�culos;Colis�o transversal;Com V�timas Feridas;Pleno dia;Decrescente;C�u Claro;Simples;Reta;Sim;4;0;1;0;3;0;1;3;-29,192703;-51,180036;SPRF-RS;DEL05-RS;UOP01-DEL05-RS;;;
715704;02/09/2025;ter�a-feira;16:30:00;SP;116;315;JUQUITIBA;Rea��o tardia ou ineficiente do condutor;Capotamento;Com V�timas Feridas;Anoitecer;Crescente;C�u Claro;Dupla;Reta;N�o;5;0;3;0;1;1;3;2;-23,903485;-46,9912;SPRF-SP;DEL04-SP;UOP03-DEL04-SP;;;
715705;02/09/2025;ter�a-feira;17:30:00;BA;367;28;PORTO SEGURO;Acessar a via sem observar a presen�a dos outros ve�culos;Colis�o transversal;Com V�timas Feridas;Anoitecer;Decrescente;Chuva;Simples;Reta;Sim;2;0;0;1;1;0;1;2;-16,418015;-39,113752;SPRF-BA;DEL09-BA;UOP03-DEL09-BA;;;
715706;02/09/2025;ter�a-feira;18:00:00;RS;116;250;SAO LEOPOLDO;Manobra de mudan�a de faixa;Colis�o lateral mesmo sentido;Com V�timas Feridas;Plena Noite;Decrescente;Nublado;M�ltipla;"Reta;Retorno Regulamentado";Sim;2;0;1;0;1;0;1;2;-29,787883;-51,163333;SPRF-RS;DEL01-RS;UOP02-DEL01-RS;;;
715707;02/09/2025;ter�a-feira;17:55:00;SC;101;218,2;PALHOCA;Trafegar com motocicleta (ou similar) entre as faixas;Colis�o lateral mesmo sentido;Com V�timas Feridas;Anoitecer;Crescente;Nublado;M�ltipla;Reta;Sim;2;0;1;0;1;0;1;2;-27,6783639;-48,66989342;SPRF-SC;DEL01-SC;UOP02-DEL01-SC;;;
715708;02/09/2025;ter�a-feira;17:00:00;TO;153;137;ARAGUAINA;Avarias e/ou desgaste excessivo no pneu;Queda de ocupante de ve�culo;Com V�timas Feridas;Pleno dia;Crescente;C�u Claro;Dupla;Reta;Sim;2;0;2;0;0;0;2;1;-7,146268;-48,202678;SPRF-TO;DEL02-TO;UOP01-DEL02-TO;;;