id;data_inversa;dia_semana;horario;uf;br;km;municipio;causa_acidente;tipo_acidente;classificacao_acidente;fase_dia;sentido_via;condicao_metereologica;tipo_pista;tracado_via;uso_solo;pessoas;mortos;feridos_leves;feridos_graves;ilesos;ignorados;feridos;veiculos;latitude;longitude;regional;delegacia;uop;;;
715710;12/02/2025;quarta-feira;08:04:00;RS;116;0,3;PORTO ALEGRE;Trafegar com motocicleta (ou similar) entre as faixas;Colis�o lateral mesmo sentido;Com V�timas Feridas;Pleno dia;Crescente;Chuva;Dupla;Reta;Sim;3;0;1;0;2;0;1;2;-29,96839095;-51,17623895;SPRF-RS;DEL01-RS;UOP01-DEL01-RS;;;
715711;02/09/2025;ter�a-feira;18:30:00;MA;135;13,9;SAO LUIS;Afundamento ou ondula��o no pavimento;Queda de ocupante de ve�culo;Com V�timas Feridas;Anoitecer;Decrescente;C�u Claro;Dupla;Reta;Sim;2;0;0;1;1;0;1;1;-2,686976;-44,2957824;SPRF-MA;DEL01-MA;UOP01-DEL01-MA;;;
715712;16/07/2025;quarta-feira;18:45:00;SP;153;65,7;SAO JOSE DO RIO PRETO;Aus�ncia de rea��o do condutor;Engavetamento;Com V�timas Feridas;Plena Noite;Decrescente;C�u Claro;M�ltipla;Declive;Sim;5;0;3;1;1;0;4;3;-20,84153706;-49,37019503;SPRF-SP;DEL09-SP;UOP01-DEL09-SP;;;
715713;02/09/2025;ter�a-feira;18:30:00;SE;101;48,5;JAPARATUBA;Demais falhas mec�nicas ou el�tricas;Queda de ocupante de ve�culo;Com V�timas Feridas;Plena Noite;Decrescente;C�u Claro;Dupla;Reta;N�o;1;0;1;0;0;0;1;1;-10,5953;-36,9399;SPRF-SE;DEL02-SE;UOP02-DEL02-SE;;;
715714;02/09/2025;ter�a-feira;04:30:00;PR;153;387;MALLET;Aus�ncia de rea��o do condutor;Sa�da de leito carro��vel;Com V�timas Feridas;Plena Noite;Crescente;C�u Claro;Simples;Reta;N�o;1;0;1;0;0;0;1;1;-25,859575;-50,839722;SPRF-PR;DEL08-PR;UOP02-DEL08-PR;;;
715715;02/09/2025;ter�a-feira;18:40:00;SC;101;206,5;SAO JOSE;Trafegar com motocicleta (ou similar) entre as faixas;Colis�o traseira;Com V�timas Feridas;Plena Noite;Crescente;Nublado;M�ltipla;Reta;Sim;1;0;0;1;0;0;1;1;-27,59455131;-48,61857355;SPRF-SC;DEL01-SC;UOP01-DEL01-SC;;;
715716;02/09/2025;ter�a-feira;17:50:00;SC;101;136;BALNEARIO CAMBORIU;Aus�ncia de rea��o do condutor;Colis�o com objeto;Com V�timas Feridas;Pleno dia;Crescente;Nublado;Dupla;Aclive;Sim;1;0;0;1;0;0;1;1;-27,01441;-48,612735;SPRF-SC;DEL04-SC;UOP03-DEL04-SC;;;
715717;02/09/2025;ter�a-feira;19:03:00;ES;101;405,3;ITAPEMIRIM;Rea��o tardia ou ineficiente do condutor;Atropelamento de Pedestre;Com V�timas Fatais;Plena Noite;Decrescente;Nublado;Simples;Curva;N�o;2;1;0;0;0;1;0;2;-20,89879306;-41,01127663;SPRF-ES;DEL03-ES;UOP02-DEL03-ES;;;
715718;02/09/2025;ter�a-feira;19:00:00;PB;101;85,7;BAYEUX;Aus�ncia de rea��o do condutor;Queda de ocupante de ve�culo;Com V�timas Feridas;Plena Noite;Decrescente;Chuva;Dupla;Reta;N�o;2;0;1;0;1;0;1;1;-7,148943;-34,91227;SPRF-PB;DEL01-PB;UOP01-DEL01-PB;;;
715719;02/09/2025;ter�a-feira;19:00:00;RN;304;24,2;MOSSORO;Aus�ncia de rea��o do condutor;Sa�da de leito carro��vel;Com V�timas Feridas;Plena Noite;Decrescente;C�u Claro;Dupla;Rotat�ria;N�o;4;0;4;0;0;0;4;1;-5,06664151;-37,3309321;SPRF-RN;DEL04-RN;UOP02-DEL04-RN;;;
715720;02/09/2025;ter�a-feira;18:20:00;MG;116;421,8;GOVERNADOR VALADARES;Rea��o tardia ou ineficiente do condutor;Colis�o traseira;Sem V�timas;Plena Noite;Crescente;C�u Claro;Simples;Reta;N�o;2;0;0;0;2;0;0;2;-18,90969687;-41,9419384;SPRF-MG;DEL06-MG;UOP01-DEL06-MG;;;
715721;02/09/2025;ter�a-feira;18:15:00;MG;116;408,9;GOVERNADOR VALADARES;Condutor deixou de manter dist�ncia do ve�culo da frente;Colis�o traseira;Com V�timas Feridas;Plena Noite;Crescente;Nublado;Dupla;Reta;Sim;2;0;1;0;1;0;1;2;-18,850153;-41,978717;SPRF-MG;DEL06-MG;UOP01-DEL06-MG;;;
715722;02/09/2025;ter�a-feira;19:15:00;SP;153;75,3;BADY BASSITT;Aus�ncia de rea��o do condutor;Sa�da de leito carro��vel;Com V�timas Feridas;Plena Noite;Crescente;C�u Claro;Dupla;Declive;Sim;2;0;1;1;0;0;2;1;-20,896802;-49,437829;SPRF-SP;DEL09-SP;UOP01-DEL09-SP;;;
715723;02/09/2025;ter�a-feira;19:30:00;ES;101;205;IBIRACU;Rea��o tardia ou ineficiente do condutor;Sa�da de leito carro��vel;Com V�timas Feridas;Plena Noite;Crescente;Chuva;Simples;Reta;N�o;1;0;1;0;0;0;1;1;-19,79771749;-40,3692627;SPRF-ES;DEL02-ES;UOP01-DEL02-ES;;;
715725;22/08/2025;sexta-feira;06:30:00;MS;463;18;DOURADOS;Rea��o tardia ou ineficiente do condutor;Colis�o com objeto;Com V�timas Feridas;Pleno dia;Crescente;C�u Claro;Simples;Rotat�ria;N�o;1;0;1;0;0;0;1;1;-22,25033527;-54,97112274;SPRF-MS;DEL04-MS;UOP03-DEL04-MS;;;
715726;02/09/2025;ter�a-feira;19:45:00;SC;282;1;FLORIANOPOLIS;Rea��o tardia ou ineficiente do condutor;Colis�o lateral mesmo sentido;Com V�timas Feridas;Plena Noite;Decrescente;C�u Claro;Dupla;Reta;Sim;2;0;1;0;1;0;1;2;-27,60204;-48,57897;SPRF-SC;DEL01-SC;UOP01-DEL01-SC;;;
715728;18/08/2025;segunda-feira;13:00:00;PR;277;649,9;MATELANDIA;Aus�ncia de rea��o do condutor;Engavetamento;Com V�timas Feridas;Pleno dia;Crescente;C�u Claro;Simples;"Aclive;Reta";N�o;3;0;1;0;2;0;1;3;-25,18360071;-53,92904632;SPRF-PR;DEL05-PR;UOP02-DEL05-PR;;;
715730;02/09/2025;ter�a-feira;19:15:00;PR;369;172,7;ROLANDIA;Desrespeitar a prefer�ncia no cruzamento;Colis�o transversal;Com V�timas Feridas;Plena Noite;Crescente;Nublado;Simples;"Interse��o de Vias;Reta";Sim;3;0;1;0;2;0;1;2;-23,3079162;-51,3669373;SPRF-PR;DEL07-PR;UOP01-DEL07-PR;;;
715732;02/09/2025;ter�a-feira;17:10:00;MT;364;555;NOBRES;Acumulo de �leo sobre o pavimento;Queda de ocupante de ve�culo;Com V�timas Feridas;Anoitecer;Crescente;C�u Claro;Dupla;Reta;N�o;1;0;1;0;0;0;1;1;-14,75949;-56,342651;SPRF-MT;DEL01-MT;UOP01-DEL01-MT;;;
715734;02/09/2025;ter�a-feira;18:29:00;RJ;101;502;ANGRA DOS REIS;Acessar a via sem observar a presen�a dos outros ve�culos;Atropelamento de Pedestre;Com V�timas Feridas;Plena Noite;Crescente;C�u Claro;Simples;Reta;Sim;3;0;3;0;0;0;3;2;-22,92962265;-44,38030243;SPRF-RJ;DEL03-RJ;UOP03-DEL03-RJ;;;
715735;02/09/2025;ter�a-feira;19:00:00;RS;386;32,8;FREDERICO WESTPHALEN;Acessar a via sem observar a presen�a dos outros ve�culos;Colis�o transversal;Com V�timas Feridas;Plena Noite;Crescente;Nublado;Simples;"Reta;Interse��o de Vias;Rotat�ria";Sim;2;0;1;0;0;1;1;2;-27,35004;-53,3865;SPRF-RS;DEL08-RS;UOP02-DEL08-RS;;;
715736;02/09/2025;ter�a-feira;19:35:00;AM;174;913;MANAUS;Pedestre cruzava a pista fora da faixa;Atropelamento de Pedestre;Com V�timas Fatais;Plena Noite;Crescente;C�u Claro;Simples;"Reta;Declive";N�o;4;1;0;0;0;3;0;2;-2,71902;-60,047228;SPRF-AM;DEL01-AM;UOP01-DEL01-AM;;;
715737;02/09/2025;ter�a-feira;18:40:00;PA;308;178;TRACUATEUA;Deixar de acionar o farol da motocicleta (ou similar);Colis�o traseira;Com V�timas Feridas;Plena Noite;Crescente;C�u Claro;Simples;"Aclive;Reta";N�o;2;0;1;1;0;0;2;2;-1,145795;-46,955325;SPRF-PA;DEL01-PA;UOP03-DEL01-PA;;;
715740;02/09/2025;ter�a-feira;17:40:00;SC;470;128,7;LONTRAS;Velocidade Incompat�vel;Colis�o frontal;Com V�timas Fatais;Pleno dia;Crescente;Nublado;Simples;Curva;N�o;4;1;0;2;0;1;2;3;-27,148;-49,556;SPRF-SC;DEL04-SC;UOP02-DEL04-SC;;;
715744;02/09/2025;ter�a-feira;21:00:00;RJ;393;280,2;BARRA DO PIRAI;Transtornos Mentais (exceto suicidio);Inc�ndio;Sem V�timas;Plena Noite;Crescente;C�u Claro;Simples;Reta;Sim;1;0;0;0;1;0;0;1;-22,4749701;-44,0514753;SPRF-RJ;DEL05-RJ;UOP04-DEL05-RJ;;;
715749;02/09/2025;ter�a-feira;21:00:00;PR;277;725;FOZ DO IGUACU;Rea��o tardia ou ineficiente do condutor;Colis�o traseira;Com V�timas Feridas;Plena Noite;Decrescente;Nublado;Dupla;Reta;Sim;2;0;0;1;1;0;1;2;-25,509241;-54,546992;SPRF-PR;DEL05-PR;UOP03-DEL05-PR;;;
715751;02/09/2025;ter�a-feira;21:20:00;SC;101;106,8;PENHA;Objeto est�tico sobre o leito carro��vel;Colis�o com objeto;Com V�timas Feridas;Plena Noite;Crescente;Nublado;Dupla;Reta;N�o;1;0;1;0;0;0;1;1;-26,81951763;-48,68396966;SPRF-SC;DEL03-SC;UOP02-DEL03-SC;;;
715752;02/09/2025;ter�a-feira;18:00:00;PA;163;543;TRAIRAO;Manobra de mudan�a de faixa;Colis�o frontal;Com V�timas Feridas;Anoitecer;Decrescente;C�u Claro;Simples;Reta;N�o;1;0;0;1;0;0;1;1;-5,14783263;-56,09351858;SPRF-PA;DEL05-PA;UOP03-DEL05-PA;;;
715753;02/09/2025;ter�a-feira;20:00:00;MS;463;48,2;PONTA PORA;Rea��o tardia ou ineficiente do condutor;Sa�da de leito carro��vel;Com V�timas Feridas;Plena Noite;Decrescente;C�u Claro;Simples;"Reta;Interse��o de Vias";N�o;3;0;3;0;0;0;3;1;-22,358013;-55,222984;SPRF-MS;DEL04-MS;UOP03-DEL04-MS;;;
715754;02/09/2025;ter�a-feira;21:40:00;MG;262;34;MANHUACU;Desrespeitar a prefer�ncia no cruzamento;Colis�o transversal;Com V�timas Feridas;Plena Noite;Crescente;C�u Claro;Simples;"Reta;Interse��o de Vias";Sim;2;0;1;0;1;0;1;2;-20,25767896;-42,0251289;SPRF-MG;DEL06-MG;UOP03-DEL06-MG;;;
715755;02/09/2025;ter�a-feira;23:00:00;GO;40;103,4;CRISTALINA;Animais na Pista;Atropelamento de Animal;Com V�timas Feridas;Plena Noite;Decrescente;C�u Claro;Simples;Reta;N�o;1;0;0;1;0;0;1;1;-16,75994055;-47,59961129;SPRF-DF;DEL01-DF;UOP02-DEL01-DF;;;
715756;02/09/2025;ter�a-feira;23:15:00;RN;101;104;PARNAMIRIM;Acessar a via sem observar a presen�a dos outros ve�culos;Colis�o lateral mesmo sentido;Com V�timas Feridas;Plena Noite;Decrescente;Chuva;Dupla;Reta;Sim;3;0;3;0;0;0;3;2;-5,894647;-35,257683;SPRF-RN;DEL01-RN;UOP01-DEL01-RN;;;
715757;02/09/2025;ter�a-feira;23:00:00;SP;101;51;UBATUBA;Aus�ncia de rea��o do condutor;Atropelamento de Pedestre;Com V�timas Feridas;Plena Noite;Decrescente;C�u Claro;Simples;Reta;Sim;2;0;1;0;1;0;1;2;-23,45702083;-45,07049767;SPRF-SP;DEL06-SP;UOP01-DEL06-SP;;;
715758;02/09/2025;ter�a-feira;19:20:00;MG;116;137;PONTO DOS VOLANTES;Acessar a via sem observar a presen�a dos outros ve�culos;Colis�o transversal;Com V�timas Feridas;Plena Noite;Crescente;Nublado;Simples;"Reta;Declive";Sim;2;0;2;0;0;0;2;2;-16,75398953;-41,50266078;SPRF-MG;DEL11-MG;UOP02-DEL11-MG;;;
715759;02/09/2025;ter�a-feira;23:10:00;SP;381;74,5;SAO PAULO;Rea��o tardia ou ineficiente do condutor;Tombamento;Com V�timas Feridas;Plena Noite;Decrescente;C�u Claro;Dupla;"Curva;Aclive";N�o;1;0;1;0;0;0;1;1;-23,377944;-46,564639;SPRF-SP;DEL03-SP;UOP01-DEL03-SP;;;
715760;02/09/2025;ter�a-feira;23:30:00;MS;262;352,7;CAMPO GRANDE;Aus�ncia de rea��o do condutor;Sa�da de leito carro��vel;Sem V�timas;Plena Noite;Crescente;Ignorado;Simples;Reta;Sim;2;0;0;0;1;1;0;1;-20,564047;-54,655709;SPRF-MS;DEL01-MS;UOP03-DEL01-MS;;;
715763;03/09/2025;quarta-feira;01:55:00;PR;277;200;PALMEIRA;Condutor Dormindo;Sa�da de leito carro��vel;Com V�timas Feridas;Plena Noite;Crescente;Nublado;Simples;Reta;N�o;1;0;1;0;0;0;1;1;-25,467993;-50,285294;SPRF-PR;DEL08-PR;UOP02-DEL08-PR;;;
715764;02/09/2025;ter�a-feira;22:10:00;MA;10;177,1;CAMPESTRE DO MARANHAO;Acessar a via sem observar a presen�a dos outros ve�culos;Colis�o transversal;Com V�timas Fatais;Plena Noite;Crescente;C�u Claro;Simples;"Declive;Interse��o de Vias;Reta";Sim;3;1;0;0;1;1;0;2;-6,16678237;-47,36591983;SPRF-MA;DEL04-MA;UOP02-DEL04-MA;;;
715768;03/09/2025;quarta-feira;02:40:00;SP;116;216,6;GUARULHOS;Rea��o tardia ou ineficiente do condutor;Colis�o lateral mesmo sentido;Com V�timas Feridas;Plena Noite;Crescente;C�u Claro;M�ltipla;"Reta;Declive";Sim;4;0;1;0;3;0;1;2;-23,45258731;-46,46765113;SPRF-SP;DEL01-SP;UOP01-DEL01-SP;;;
715769;03/09/2025;quarta-feira;03:50:00;SC;470;67,9;INDAIAL;Rea��o tardia ou ineficiente do condutor;Queda de ocupante de ve�culo;Com V�timas Feridas;Plena Noite;Decrescente;Chuva;Dupla;Reta;Sim;1;0;1;0;0;0;1;1;-26,87805947;-49,23954043;SPRF-SC;DEL04-SC;UOP01-DEL04-SC;;;
715771;03/09/2025;quarta-feira;03:30:00;MG;365;695,7;MONTE ALEGRE DE MINAS;Condutor Dormindo;Sa�da de leito carro��vel;Com V�timas Feridas;Plena Noite;Decrescente;C�u Claro;Dupla;Curva;N�o;2;0;2;0;0;0;2;1;-18,87842383;-48,95493217;SPRF-MG;DEL15-MG;UOP03-DEL15-MG;;;
715776;03/09/2025;quarta-feira;05:20:00;PB;230;18,8;JOAO PESSOA;Rea��o tardia ou ineficiente do condutor;Sa�da de leito carro��vel;Com V�timas Feridas;Amanhecer;Decrescente;Garoa/Chuvisco;Dupla;Curva;Sim;1;0;1;0;0;0;1;1;-7,12887205;-34,84910399;SPRF-PB;DEL01-PB;UOP01-DEL01-PB;;;
715777;03/09/2025;quarta-feira;06:40:00;GO;60;92,6;ANAPOLIS;Aus�ncia de rea��o do condutor;Tombamento;Com V�timas Feridas;Amanhecer;Decrescente;C�u Claro;Dupla;Reta;Sim;1;0;1;0;0;0;1;1;-16,352691;-48,915471;SPRF-GO;DEL02-GO;UOP01-DEL02-GO;;;
715778;03/09/2025;quarta-feira;06:50:00;MG;40;516;RIBEIRAO DAS NEVES;Condutor deixou de manter dist�ncia do ve�culo da frente;Colis�o traseira;Com V�timas Feridas;Pleno dia;Crescente;C�u Claro;Dupla;Reta;N�o;3;0;0;1;2;0;1;2;-19,81728961;-44,08892391;SPRF-MG;DEL01-MG;UOP02-DEL01-MG;;;
715779;03/09/2025;quarta-feira;06:45:00;MG;146;486;POCOS DE CALDAS;Manobra de mudan�a de faixa;Tombamento;Com V�timas Feridas;Pleno dia;Decrescente;C�u Claro;Dupla;Rotat�ria;Sim;2;0;1;0;1;0;1;2;-21,80843645;-46,47096634;SPRF-MG;DEL09-MG;UOP01-DEL09-MG;;;
715781;03/09/2025;quarta-feira;06:45:00;PR;116;115;CURITIBA;Rea��o tardia ou ineficiente do condutor;Colis�o traseira;Com V�timas Feridas;Pleno dia;Decrescente;Sol;Dupla;Reta;Sim;3;0;2;0;0;1;2;2;-25,55115339;-49,30508494;SPRF-PR;DEL01-PR;UOP03-DEL01-PR;;;
715783;03/09/2025;quarta-feira;05:45:00;RS;116;153;CAXIAS DO SUL;Condutor Dormindo;Sa�da de leito carro��vel;Com V�timas Feridas;Amanhecer;Crescente;Chuva;Dupla;Reta;Sim;1;0;1;0;0;0;1;1;-29,18562902;-51,17723683;SPRF-RS;DEL05-RS;UOP01-DEL05-RS;;;
715785;03/09/2025;quarta-feira;06:30:00;DF;40;5,5;BRASILIA;Trafegar com motocicleta (ou similar) entre as faixas;Queda de ocupante de ve�culo;Com V�timas Feridas;Pleno dia;Decrescente;C�u Claro;Dupla;Reta;Sim;1;0;1;0;0;0;1;1;-16,02648;-47,97919;SPRF-DF;DEL01-DF;UOP01-DEL01-DF;;;
715788;03/09/2025;quarta-feira;06:45:00;SP;153;79,7;BADY BASSITT;Demais falhas mec�nicas ou el�tricas;Tombamento;Com V�timas Feridas;Pleno dia;Crescente;Sol;Dupla;"Aclive;Reta";N�o;2;0;2;0;0;0;2;1;-20,90896814;-49,47683081;SPRF-SP;DEL09-SP;UOP01-DEL09-SP;;;
715789;03/09/2025;quarta-feira;07:45:00;DF;70;13;BRASILIA;Acessar a via sem observar a presen�a dos outros ve�culos;Colis�o transversal;Com V�timas Feridas;Pleno dia;Decrescente;C�u Claro;Dupla;Reta;N�o;2;0;1;0;1;0;1;2;-15,79309303;-48,16007137;SPRF-DF;DEL03-DF;UOP02-DEL03-DF;;;
715790;03/09/2025;quarta-feira;07:00:00;RJ;116;171;RIO DE JANEIRO;Aus�ncia de rea��o do condutor;Colis�o traseira;Com V�timas Feridas;Pleno dia;Decrescente;C�u Claro;Dupla;Reta;Sim;2;0;1;0;1;0;1;2;-22,80764959;-43,34020464;SPRF-RJ;DEL06-RJ;UOP01-DEL06-RJ;;;
715792;03/09/2025;quarta-feira;07:10:00;SP;153;60,5;SAO JOSE DO RIO PRETO;Trafegar com motocicleta (ou similar) entre as faixas;Colis�o lateral mesmo sentido;Com V�timas Feridas;Pleno dia;Decrescente;C�u Claro;Dupla;Reta;Sim;2;0;1;0;1;0;1;2;-20,800399;-49,355056;SPRF-SP;DEL09-SP;UOP01-DEL09-SP;;;
715794;03/09/2025;quarta-feira;07:00:00;RJ;101;322;NITEROI;Condutor deixou de manter dist�ncia do ve�culo da frente;Colis�o transversal;Com V�timas Feridas;Pleno dia;Crescente;C�u Claro;Dupla;Reta;Sim;5;0;1;0;4;0;1;2;-22,87879776;-43,11386776;SPRF-RJ;DEL02-RJ;UOP01-DEL02-RJ;;;
715797;03/09/2025;quarta-feira;07:25:00;MG;381;492;BETIM;Manobra de mudan�a de faixa;Colis�o frontal;Com V�timas Feridas;Pleno dia;Decrescente;C�u Claro;Dupla;Reta;N�o;3;0;1;0;2;0;1;2;-19,96236746;-44,1637516;SPRF-MG;DEL01-MG;UOP03-DEL01-MG;;;
715798;03/09/2025;quarta-feira;07:40:00;SC;282;2,2;FLORIANOPOLIS;Trafegar com motocicleta (ou similar) entre as faixas;Colis�o traseira;Com V�timas Feridas;Pleno dia;Decrescente;Nublado;M�ltipla;Reta;Sim;2;0;1;0;1;0;1;2;-27,6031;-48,59224;SPRF-SC;DEL01-SC;UOP01-DEL01-SC;;;
715801;02/09/2025;ter�a-feira;23:00:00;PR;163;31;SANTO ANTONIO DO SUDOESTE;Aus�ncia de rea��o do condutor;Sa�da de leito carro��vel;Com V�timas Fatais;Plena Noite;Crescente;C�u Claro;Simples;Curva;N�o;1;1;0;0;0;0;0;1;-26,098755;-53,713185;SPRF-PR;DEL02-PR;UOP02-DEL02-PR;;;
715802;03/09/2025;quarta-feira;06:45:00;BA;324;471;TANQUINHO;Avarias e/ou desgaste excessivo no pneu;Capotamento;Com V�timas Feridas;Amanhecer;Decrescente;Nublado;Simples;"Declive;Curva";N�o;2;0;1;0;1;0;1;1;-11,97508;-39,1194;SPRF-BA;DEL02-BA;UOP01-DEL02-BA;;;
715803;03/09/2025;quarta-feira;07:50:00;CE;116;15;FORTALEZA;Aus�ncia de rea��o do condutor;Engavetamento;Sem V�timas;Pleno dia;Decrescente;C�u Claro;Dupla;Reta;Sim;4;0;0;0;4;0;0;3;-3,88108;-38,50094;SPRF-CE;DEL01-CE;UOP02-DEL01-CE;;;
715806;03/09/2025;quarta-feira;07:15:00;RJ;101;329;RIO DE JANEIRO;Demais falhas mec�nicas ou el�tricas;Queda de ocupante de ve�culo;Com V�timas Feridas;Pleno dia;Crescente;C�u Claro;Dupla;"Reta;Ponte";N�o;2;0;2;0;0;0;2;1;-22,86774922;-43,19382459;SPRF-RJ;DEL02-RJ;UOP01-DEL02-RJ;;;
715808;02/09/2025;ter�a-feira;12:30:00;MG;116;499;INHAPIM;Rea��o tardia ou ineficiente do condutor;Colis�o transversal;Com V�timas Feridas;Pleno dia;Crescente;C�u Claro;Simples;"Interse��o de Vias;Reta";N�o;2;0;1;0;1;0;1;2;-19,53661899;-42,1265699;SPRF-MG;DEL06-MG;UOP02-DEL06-MG;;;
715809;03/09/2025;quarta-feira;07:50:00;BA;324;516;FEIRA DE SANTANA;Retorno proibido;Colis�o transversal;Com V�timas Feridas;Pleno dia;Decrescente;Nublado;Simples;Interse��o de Vias;Sim;3;0;1;0;2;0;1;2;-12,26328045;-38,93273592;SPRF-BA;DEL02-BA;UOP01-DEL02-BA;;;
715810;03/09/2025;quarta-feira;08:40:00;MG;365;626;UBERLANDIA;Acessar a via sem observar a presen�a dos outros ve�culos;Colis�o transversal;Com V�timas Feridas;Pleno dia;Decrescente;C�u Claro;Dupla;Reta;Sim;2;0;1;0;1;0;1;2;-18,909;-48,308;SPRF-MG;DEL15-MG;UOP01-DEL15-MG;;;
715811;03/09/2025;quarta-feira;03:45:00;PA;10;207;IPIXUNA DO PARA;Aus�ncia de rea��o do condutor;Colis�o frontal;Com V�timas Fatais;Plena Noite;Decrescente;C�u Claro;Simples;Reta;N�o;3;1;2;0;0;0;2;2;-2,61301;-47,484257;SPRF-PA;DEL02-PA;UOP01-DEL02-PA;;;
715812;02/09/2025;ter�a-feira;20:45:00;RS;386;414;MONTENEGRO;Curva acentuada;Sa�da de leito carro��vel;Com V�timas Feridas;Plena Noite;Crescente;Chuva;Simples;Rotat�ria;N�o;1;0;1;0;0;0;1;1;-29,81637237;-51,48011338;SPRF-RS;DEL04-RS;UOP02-DEL04-RS;;;
715813;03/09/2025;quarta-feira;08:45:00;RS;290;1;PORTO ALEGRE;Frear bruscamente;Capotamento;Com V�timas Feridas;Pleno dia;Decrescente;Chuva;Simples;"Curva;Declive;Viaduto";Sim;1;0;1;0;0;0;1;1;-29,97485369;-51,19778752;SPRF-RS;DEL01-RS;UOP01-DEL01-RS;;;
715814;03/09/2025;quarta-feira;08:10:00;BA;324;607;SIMOES FILHO;Rea��o tardia ou ineficiente do condutor;Engavetamento;Com V�timas Feridas;Pleno dia;Crescente;Nublado;Dupla;Reta;N�o;8;0;2;0;6;0;2;7;-12,81830145;-38,40723419;SPRF-BA;DEL01-BA;UOP01-DEL01-BA;;;
715815;18/08/2025;segunda-feira;11:50:00;RJ;101;474;ANGRA DOS REIS;Acessar a via sem observar a presen�a dos outros ve�culos;Colis�o lateral sentido oposto;Com V�timas Feridas;Pleno dia;Crescente;C�u Claro;Simples;Reta;Sim;2;0;1;0;1;0;1;2;-22,9895826;-44,2418065;SPRF-RJ;DEL03-RJ;UOP03-DEL03-RJ;;;
715817;03/09/2025;quarta-feira;07:40:00;PB;230;297;SANTA LUZIA;Objeto est�tico sobre o leito carro��vel;Sa�da de leito carro��vel;Com V�timas Feridas;Pleno dia;Crescente;Nublado;Simples;"Reta;Declive";N�o;1;0;1;0;0;0;1;1;-6,893797;-36,953027;SPRF-PB;DEL03-PB;UOP01-DEL03-PB;;;
715818;03/09/2025;quarta-feira;08:40:00;GO;40;33,5;LUZIANIA;Rea��o tardia ou ineficiente do condutor;Sa�da de leito carro��vel;Com V�timas Feridas;Pleno dia;Crescente;Nublado;Dupla;Reta;N�o;1;0;1;0;0;0;1;1;-16,306488;-47,843612;SPRF-DF;DEL01-DF;UOP01-DEL01-DF;;;
715819;03/09/2025;quarta-feira;07:27:00;RJ;40;111;DUQUE DE CAXIAS;Rea��o tardia ou ineficiente do condutor;Colis�o traseira;Com V�timas Feridas;Pleno dia;Crescente;C�u Claro;M�ltipla;Declive;Sim;2;0;2;0;0;0;2;2;-22,699727;-43,2904;SPRF-RJ;DEL01-RJ;UOP02-DEL01-RJ;;;
715820;25/08/2025;segunda-feira;07:30:00;DF;20;16;BRASILIA;Trafegar com motocicleta (ou similar) entre as faixas;Colis�o lateral mesmo sentido;Com V�timas Feridas;Pleno dia;Decrescente;C�u Claro;Dupla;"Aclive;Reta";Sim;3;0;1;0;2;0;1;2;-15,63446076;-47,74055958;SPRF-DF;DEL02-DF;UOP01-DEL02-DF;;;
715821;02/09/2025;ter�a-feira;21:30:00;PR;476;268;SAO MATEUS DO SUL;Transitar na contram�o;Colis�o frontal;Com V�timas Fatais;Plena Noite;Crescente;Nublado;Simples;Reta;N�o;2;1;0;0;1;0;0;2;-25,89363608;-50,37088819;SPRF-PR;DEL02-PR;UOP03-DEL02-PR;;;
715822;03/09/2025;quarta-feira;08:20:00;BA;101;708,5;EUNAPOLIS;Pedestre cruzava a pista fora da faixa;Atropelamento de Pedestre;Com V�timas Feridas;Pleno dia;Crescente;Nublado;Simples;Reta;N�o;2;0;1;0;1;0;1;2;-16,30419977;-39,59635735;SPRF-BA;DEL09-BA;UOP01-DEL09-BA;;;
715824;03/09/2025;quarta-feira;08:55:00;MG;381;896;CAMBUI;Aus�ncia de rea��o do condutor;Sa�da de leito carro��vel;Com V�timas Feridas;Pleno dia;Decrescente;Sol;Dupla;Reta;Sim;2;0;1;0;0;1;1;2;-22,60223559;-46,05832368;SPRF-MG;DEL16-MG;UOP01-DEL16-MG;;;
715826;03/09/2025;quarta-feira;08:29:00;CE;116;50;PACAJUS;Velocidade Incompat�vel;Colis�o transversal;Com V�timas Feridas;Pleno dia;Crescente;C�u Claro;Dupla;Reta;N�o;2;0;1;0;0;1;1;2;-4,18658226;-38,48517749;SPRF-CE;DEL01-CE;UOP04-DEL01-CE;;;
715827;03/09/2025;quarta-feira;08:10:00;RJ;116;296;BARRA MANSA;Rea��o tardia ou ineficiente do condutor;Colis�o traseira;Com V�timas Feridas;Pleno dia;Decrescente;C�u Claro;M�ltipla;Curva;Sim;4;0;3;0;1;0;3;2;-22,45447923;-44,30140827;SPRF-RJ;DEL07-RJ;UOP02-DEL07-RJ;;;
715828;23/08/2025;s�bado;07:00:00;RS;471;190;PANTANO GRANDE;Ingest�o de �lcool pelo condutor;Colis�o lateral sentido oposto;Sem V�timas;Amanhecer;Decrescente;Chuva;Simples;Reta;N�o;4;0;0;0;4;0;0;2;-30,133562;-52,370063;SPRF-RS;DEL02-RS;UOP03-DEL02-RS;;;