id;data_inversa;dia_semana;horario;uf;br;km;municipio;causa_acidente;tipo_acidente;classificacao_acidente;fase_dia;sentido_via;condicao_metereologica;tipo_pista;tracado_via;uso_solo;pessoas;mortos;feridos_leves;feridos_graves;ilesos;ignorados;feridos;veiculos;latitude;longitude;regional;delegacia;uop;;;
715829;03/09/2025;quarta-feira;09:10:00;PE;423;20;SAO CAITANO;Aus�ncia de rea��o do condutor;Colis�o traseira;Com V�timas Feridas;Pleno dia;Decrescente;Garoa/Chuvisco;Simples;Reta;N�o;2;0;1;0;1;0;1;2;-8,344717;-36,163942;SPRF-PE;DEL03-PE;UOP02-DEL03-PE;;;
715833;03/09/2025;quarta-feira;08:42:00;SP;153;190;LINS;Demais falhas mec�nicas ou el�tricas;Tombamento;Com V�timas Feridas;Pleno dia;Decrescente;C�u Claro;Simples;Reta;N�o;2;0;2;0;0;0;2;1;-21,66827673;-49,78969574;SPRF-SP;DEL07-SP;UOP01-DEL07-SP;;;
715834;03/09/2025;quarta-feira;09:50:00;ES;101;148,5;LINHARES;Trafegar com motocicleta (ou similar) entre as faixas;Colis�o lateral mesmo sentido;Com V�timas Feridas;Pleno dia;Crescente;C�u Claro;Dupla;Reta;Sim;2;0;1;0;1;0;1;2;-19,3843726;-40,06707323;SPRF-ES;DEL04-ES;UOP01-DEL04-ES;;;
715837;03/09/2025;quarta-feira;08:30:00;SP;381;88;GUARULHOS;Aus�ncia de rea��o do condutor;Colis�o lateral mesmo sentido;Com V�timas Feridas;Pleno dia;Crescente;C�u Claro;Simples;Reta;Sim;2;0;1;0;1;0;1;2;-23,48469587;-46,5597032;SPRF-SP;DEL03-SP;UOP01-DEL03-SP;;;
715838;03/09/2025;quarta-feira;08:04:00;RO;364;11;VILHENA;Manobra de mudan�a de faixa;Colis�o lateral mesmo sentido;Com V�timas Feridas;Pleno dia;Crescente;C�u Claro;Simples;Rotat�ria;Sim;2;0;1;0;1;0;1;2;-12,74541767;-60,11502597;SPRF-RO;DEL04-RO;UOP01-DEL04-RO;;;
715839;03/09/2025;quarta-feira;09:45:00;MG;146;486;POCOS DE CALDAS;Aus�ncia de rea��o do condutor;Colis�o traseira;Com V�timas Feridas;Pleno dia;Decrescente;C�u Claro;Simples;"Reta;Aclive";N�o;2;0;1;0;1;0;1;2;-21,80593696;-46,46585812;SPRF-MG;DEL09-MG;UOP01-DEL09-MG;;;
715843;03/09/2025;quarta-feira;07:45:00;SP;116;220;GUARULHOS;Ultrapassagem Indevida;Colis�o traseira;Com V�timas Feridas;Pleno dia;Crescente;C�u Claro;M�ltipla;Reta;Sim;3;0;1;0;2;0;1;2;-23,4643772;-46,49821457;SPRF-SP;DEL01-SP;UOP01-DEL01-SP;;;
715844;26/08/2025;ter�a-feira;17:30:00;CE;116;214,4;TABULEIRO DO NORTE;Acessar a via sem observar a presen�a dos outros ve�culos;Colis�o transversal;Com V�timas Feridas;Pleno dia;Decrescente;C�u Claro;Simples;Curva;N�o;2;0;0;1;1;0;1;2;-5,29992139;-38,17384092;SPRF-CE;DEL03-CE;UOP01-DEL03-CE;;;
715846;03/09/2025;quarta-feira;10:00:00;MG;381;192,5;PERIQUITO;Ultrapassagem Indevida;Sa�da de leito carro��vel;Com V�timas Feridas;Pleno dia;Decrescente;C�u Claro;Simples;Reta;N�o;2;0;0;2;0;0;2;1;-19,140256;-42,222072;SPRF-MG;DEL06-MG;UOP01-DEL06-MG;;;
715847;03/09/2025;quarta-feira;11:30:00;RJ;116;184;NOVA IGUACU;Avarias e/ou desgaste excessivo no pneu;Tombamento;Com V�timas Feridas;Pleno dia;Decrescente;C�u Claro;Dupla;Reta;Sim;2;0;1;0;1;0;1;1;-22,7467214;-43,4456664;SPRF-RJ;DEL06-RJ;UOP01-DEL06-RJ;;;
715848;03/09/2025;quarta-feira;10:15:00;MS;163;516,1;JARAGUARI;Avarias e/ou desgaste excessivo no pneu;Sa�da de leito carro��vel;Com V�timas Feridas;Pleno dia;Crescente;C�u Claro;Dupla;Reta;N�o;1;0;0;1;0;0;1;1;-20,19728;-54,463242;SPRF-MS;DEL01-MS;UOP02-DEL01-MS;;;
715850;03/09/2025;quarta-feira;11:40:00;BA;101;718;EUNAPOLIS;Rea��o tardia ou ineficiente do condutor;Colis�o traseira;Com V�timas Feridas;Pleno dia;Decrescente;Nublado;Simples;Reta;Sim;2;0;1;0;1;0;1;2;-16,38544426;-39,58585835;SPRF-BA;DEL09-BA;UOP01-DEL09-BA;;;
715851;03/09/2025;quarta-feira;11:45:00;SC;101;21;JOINVILLE;Pista Escorregadia;Tombamento;Com V�timas Feridas;Pleno dia;Crescente;Nublado;Dupla;Curva;N�o;1;0;0;1;0;0;1;1;-26,153605;-48,908485;SPRF-SC;DEL03-SC;UOP01-DEL03-SC;;;
715856;03/09/2025;quarta-feira;12:50:00;MG;365;631;UBERLANDIA;Manobra de mudan�a de faixa;Colis�o lateral mesmo sentido;Sem V�timas;Pleno dia;Decrescente;C�u Claro;Dupla;Reta;Sim;2;0;0;0;2;0;0;2;-18,9123;-48,2625;SPRF-MG;DEL15-MG;UOP01-DEL15-MG;;;
715857;03/09/2025;quarta-feira;10:10:00;PI;343;213;CAPITAO DE CAMPOS;Acessar a via sem observar a presen�a dos outros ve�culos;Colis�o transversal;Com V�timas Feridas;Pleno dia;Crescente;C�u Claro;Dupla;"Reta;Retorno Regulamentado";Sim;2;0;0;1;1;0;1;2;-4,46005798;-41,9430542;SPRF-PI;DEL02-PI;UOP01-DEL02-PI;;;
715858;03/09/2025;quarta-feira;12:15:00;AP;210;105;PORTO GRANDE;Condutor deixou de manter dist�ncia do ve�culo da frente;Colis�o traseira;Com V�timas Feridas;Pleno dia;Crescente;C�u Claro;Simples;Reta;Sim;2;0;1;0;1;0;1;2;0,69812954;-51,39678955;SPRF-AP;DEL01-AP;UOP01-DEL01-AP;;;
715859;10/08/2025;domingo;23:30:00;ES;101;10,8;SERRA;Transitar na contram�o;Colis�o frontal;Com V�timas Fatais;Plena Noite;Crescente;Nublado;Dupla;"Reta;Ponte";N�o;3;1;1;0;1;0;1;2;-20,14954166;-40,345588;SPRF-ES;DEL02-ES;UOP01-DEL02-ES;;;
715860;03/09/2025;quarta-feira;11:40:00;MG;50;124;UBERABA;Velocidade Incompat�vel;Colis�o com objeto;Com V�timas Feridas;Pleno dia;Crescente;C�u Claro;Dupla;Curva;N�o;3;0;1;0;2;0;1;1;-19,34081;-48,09446;SPRF-MG;DEL13-MG;UOP01-DEL13-MG;;;
715863;03/09/2025;quarta-feira;10:00:00;MG;365;560;INDIANOPOLIS;Pedestre andava na pista;Atropelamento de Pedestre;Com V�timas Feridas;Pleno dia;Decrescente;C�u Claro;Simples;Reta;N�o;2;0;1;0;1;0;1;2;-18,91018406;-47,89833069;SPRF-MG;DEL15-MG;UOP02-DEL15-MG;;;
715865;03/09/2025;quarta-feira;13:30:00;RJ;101;306;SAO GONCALO;Rea��o tardia ou ineficiente do condutor;Colis�o traseira;Sem V�timas;Pleno dia;Decrescente;C�u Claro;Dupla;Reta;Sim;3;0;0;0;3;0;0;2;-22,79171684;-43,01734621;SPRF-RJ;DEL02-RJ;UOP02-DEL02-RJ;;;
715866;03/09/2025;quarta-feira;06:55:00;BA;101;778,9;ITABELA;Aus�ncia de rea��o do condutor;Sa�da de leito carro��vel;Sem V�timas;Pleno dia;Decrescente;Chuva;Simples;Curva;N�o;1;0;0;0;0;1;0;1;-16,804903;-39,482593;SPRF-BA;DEL09-BA;UOP01-DEL09-BA;;;
715867;03/09/2025;quarta-feira;13:15:00;SP;116;75,8;ROSEIRA;Aus�ncia de rea��o do condutor;Queda de ocupante de ve�culo;Com V�timas Feridas;Pleno dia;Crescente;Sol;Dupla;Curva;Sim;1;0;1;0;0;0;1;1;-22,877022;-45,271684;SPRF-SP;DEL08-SP;UOP01-DEL08-SP;;;
715868;03/09/2025;quarta-feira;13:20:00;BA;116;375;LAMARAO;Rea��o tardia ou ineficiente do condutor;Colis�o traseira;Com V�timas Feridas;Pleno dia;Decrescente;C�u Claro;Simples;Reta;N�o;2;0;1;0;1;0;1;2;-11,7944;-38,88333;SPRF-BA;DEL02-BA;UOP01-DEL02-BA;;;
715869;03/09/2025;quarta-feira;12:30:00;PE;424;47;VENTUROSA;Demais falhas mec�nicas ou el�tricas;Colis�o com objeto;Com V�timas Feridas;Pleno dia;Decrescente;C�u Claro;Simples;"Declive;Curva";N�o;1;0;1;0;0;0;1;1;-8,69861;-36,7887933;SPRF-PE;DEL03-PE;UOP01-DEL03-PE;;;
715870;03/09/2025;quarta-feira;12:50:00;PB;230;112,8;INGA;Demais falhas mec�nicas ou el�tricas;Capotamento;Com V�timas Feridas;Pleno dia;Crescente;C�u Claro;Dupla;Curva;N�o;3;0;3;0;0;0;3;1;-7,2180758;-35,5957979;SPRF-PB;DEL01-PB;UOP02-DEL01-PB;;;
715871;03/09/2025;quarta-feira;12:30:00;SP;116;111,4;TAUBATE;Trafegar com motocicleta (ou similar) entre as faixas;Colis�o traseira;Sem V�timas;Pleno dia;Crescente;Sol;Dupla;Reta;Sim;2;0;0;0;1;1;0;2;-23,03928818;-45,56319349;SPRF-SP;DEL02-SP;UOP02-DEL02-SP;;;
715872;03/09/2025;quarta-feira;12:10:00;MT;70;1,4;BARRA DO GARCAS;Ultrapassagem Indevida;Colis�o lateral mesmo sentido;Com V�timas Feridas;Pleno dia;Decrescente;C�u Claro;Simples;Reta;Sim;3;0;2;0;1;0;2;2;-15,88760625;-52,26790577;SPRF-MT;DEL07-MT;UOP01-DEL07-MT;;;
715873;03/09/2025;quarta-feira;12:40:00;RS;470;225;GARIBALDI;Acessar a via sem observar a presen�a dos outros ve�culos;Colis�o transversal;Com V�timas Feridas;Pleno dia;Crescente;C�u Claro;Simples;"Reta;Retorno Regulamentado";Sim;5;0;1;0;4;0;1;2;-29,24658263;-51,51602304;SPRF-RS;DEL06-RS;UOP01-DEL06-RS;;;
715879;26/08/2025;ter�a-feira;17:00:00;BA;324;548;AMELIA RODRIGUES;Pista esburacada;Queda de ocupante de ve�culo;Com V�timas Feridas;Pleno dia;Crescente;C�u Claro;Dupla;Reta;N�o;2;0;1;1;0;0;2;1;-12,44223017;-38,72007161;SPRF-BA;DEL01-BA;UOP03-DEL01-BA;;;
715881;02/09/2025;ter�a-feira;10:30:00;MA;222;330;IGARAPE DO MEIO;Transitar na contram�o;Colis�o transversal;Sem V�timas;Pleno dia;Crescente;C�u Claro;Simples;Reta;N�o;2;0;0;0;2;0;0;2;-3,593255;-45,100332;SPRF-MA;DEL02-MA;UOP01-DEL02-MA;;;
715882;03/09/2025;quarta-feira;12:05:00;RS;386;179,5;CARAZINHO;Pedestre andava na pista;Atropelamento de Pedestre;Com V�timas Feridas;Pleno dia;Decrescente;C�u Claro;Simples;"Reta;Interse��o de Vias";Sim;2;0;1;0;1;0;1;2;-28,29728;-52,749725;SPRF-RS;DEL08-RS;UOP01-DEL08-RS;;;
715883;03/09/2025;quarta-feira;13:20:00;PR;153;49,9;SANTO ANTONIO DA PLATINA;Manobra de mudan�a de faixa;Colis�o frontal;Com V�timas Feridas;Pleno dia;Decrescente;C�u Claro;Simples;Reta;N�o;2;0;1;0;1;0;1;2;-23,37132123;-50,06426509;SPRF-PR;DEL07-PR;UOP04-DEL07-PR;;;
715884;03/09/2025;quarta-feira;14:05:00;PB;230;7,6;CABEDELO;Acessar a via sem observar a presen�a dos outros ve�culos;Colis�o lateral mesmo sentido;Com V�timas Feridas;Pleno dia;Decrescente;Chuva;M�ltipla;"Reta;Interse��o de Vias";N�o;2;0;1;0;1;0;1;2;-7,033657;-34,841813;SPRF-PB;DEL01-PB;UOP01-DEL01-PB;;;
715885;03/09/2025;quarta-feira;14:50:00;GO;20;232,9;ALVORADA DO NORTE;Condutor deixou de manter dist�ncia do ve�culo da frente;Colis�o traseira;Com V�timas Feridas;Pleno dia;Decrescente;C�u Claro;Simples;Reta;N�o;6;0;1;1;4;0;2;2;-14,4769024;-46,4945152;SPRF-DF;DEL02-DF;UOP03-DEL02-DF;;;
715886;03/09/2025;quarta-feira;15:15:00;RJ;116;337,6;RESENDE;Rea��o tardia ou ineficiente do condutor;Colis�o com objeto;Com V�timas Feridas;Pleno dia;Crescente;Sol;Dupla;Reta;Sim;2;0;1;0;1;0;1;2;-22,50718309;-44,68111888;SPRF-RJ;DEL07-RJ;UOP02-DEL07-RJ;;;
715887;30/07/2025;quarta-feira;08:30:00;RR;401;14;CANTA;Acessar a via sem observar a presen�a dos outros ve�culos;Colis�o traseira;Sem V�timas;Pleno dia;Decrescente;Sol;Dupla;Reta;N�o;2;0;0;0;2;0;0;2;2,78750769;-60,64621576;SPRF-RR;DEL01-RR;UOP01-DEL01-RR;;;
715889;03/09/2025;quarta-feira;13:45:00;SC;116;15,5;MAFRA;Manobra de mudan�a de faixa;Colis�o lateral mesmo sentido;Com V�timas Feridas;Pleno dia;Crescente;C�u Claro;Simples;"Reta;Aclive;Em Obras";N�o;10;0;3;0;7;0;3;4;-26,206098;-49,8824216;SPRF-SC;DEL06-SC;UOP01-DEL06-SC;;;
715893;03/09/2025;quarta-feira;14:02:00;SC;101;100,1;BALNEARIO PICARRAS;Acessar a via sem observar a presen�a dos outros ve�culos;Colis�o traseira;Com V�timas Feridas;Pleno dia;Crescente;C�u Claro;Simples;Reta;N�o;5;0;2;0;3;0;2;2;-26,7577532;-48,6885616;SPRF-SC;DEL03-SC;UOP02-DEL03-SC;;;
715895;03/09/2025;quarta-feira;13:20:00;BA;420;254;MUTUIPE;Aus�ncia de rea��o do condutor;Colis�o traseira;Com V�timas Feridas;Pleno dia;Crescente;Chuva;Simples;"Aclive;Reta";N�o;2;0;1;0;1;0;1;2;-13,22808027;-39,490995;SPRF-BA;DEL01-BA;UOP02-DEL01-BA;;;
715896;03/09/2025;quarta-feira;15:45:00;PR;376;167,8;MARINGA;Convers�o proibida;Colis�o traseira;Com V�timas Feridas;Pleno dia;Decrescente;Sol;Dupla;Aclive;N�o;4;0;0;1;3;0;1;3;-23,393436;-52,009537;SPRF-PR;DEL09-PR;UOP01-DEL09-PR;;;
715897;03/09/2025;quarta-feira;07:00:00;RJ;101;312;SAO GONCALO;Avarias e/ou desgaste excessivo no pneu;Queda de ocupante de ve�culo;Com V�timas Feridas;Pleno dia;Crescente;C�u Claro;Dupla;Reta;N�o;2;0;2;0;0;0;2;1;-22,793066;-43,024902;SPRF-RJ;DEL02-RJ;UOP02-DEL02-RJ;;;
715898;03/09/2025;quarta-feira;15:50:00;SP;488;1,4;APARECIDA;Aus�ncia de rea��o do condutor;Colis�o lateral mesmo sentido;Com V�timas Feridas;Pleno dia;Crescente;C�u Claro;Dupla;Reta;Sim;2;0;0;1;1;0;1;2;-22,8470173;-45,23288798;SPRF-SP;DEL08-SP;UOP01-DEL08-SP;;;
715899;03/09/2025;quarta-feira;16:40:00;SC;101;151;ITAPEMA;Desrespeitar a prefer�ncia no cruzamento;Colis�o transversal;Sem V�timas;Pleno dia;Crescente;Garoa/Chuvisco;M�ltipla;Interse��o de Vias;N�o;2;0;0;0;1;1;0;2;-27,13267703;-48,61013381;SPRF-SC;DEL04-SC;UOP03-DEL04-SC;;;
715900;03/09/2025;quarta-feira;14:50:00;RS;285;292;PASSO FUNDO;Trafegar com motocicleta (ou similar) entre as faixas;Colis�o lateral mesmo sentido;Com V�timas Feridas;Pleno dia;Decrescente;Nublado;Simples;Rotat�ria;Sim;3;0;1;0;1;1;1;3;-28,237876;-52,370318;SPRF-RS;DEL08-RS;UOP03-DEL08-RS;;;
715901;03/09/2025;quarta-feira;14:05:00;SC;101;211;SAO JOSE;Rea��o tardia ou ineficiente do condutor;Colis�o lateral mesmo sentido;Com V�timas Feridas;Pleno dia;Crescente;Nublado;M�ltipla;Reta;Sim;2;0;0;1;1;0;1;2;-27,622956;-48,652413;SPRF-SC;DEL01-SC;UOP02-DEL01-SC;;;
715909;03/09/2025;quarta-feira;12:00:00;RJ;101;228;SILVA JARDIM;Aus�ncia de rea��o do condutor;Tombamento;Com V�timas Feridas;Pleno dia;Decrescente;C�u Claro;Dupla;Curva;N�o;2;0;2;0;0;0;2;1;-22,563743;-42,360981;SPRF-RJ;DEL02-RJ;UOP03-DEL02-RJ;;;
715910;03/09/2025;quarta-feira;17:20:00;MG;40;519,7;CONTAGEM;Manobra de mudan�a de faixa;Colis�o lateral mesmo sentido;Com V�timas Feridas;Pleno dia;Decrescente;C�u Claro;Dupla;Reta;N�o;2;0;0;1;1;0;1;2;-19,842916;-44,074833;SPRF-MG;DEL01-MG;UOP02-DEL01-MG;;;
715911;03/09/2025;quarta-feira;15:40:00;RS;392;141,9;CANGUCU;Aus�ncia de rea��o do condutor;Sa�da de leito carro��vel;Com V�timas Feridas;Pleno dia;Crescente;Chuva;Simples;Curva;N�o;1;0;1;0;0;0;1;1;-31,236002;-52,812468;SPRF-RS;DEL07-RS;UOP01-DEL07-RS;;;
715912;03/09/2025;quarta-feira;17:00:00;RJ;101;326,5;RIO DE JANEIRO;Trafegar com motocicleta (ou similar) entre as faixas;Colis�o lateral mesmo sentido;Com V�timas Feridas;Pleno dia;Decrescente;C�u Claro;Dupla;"Reta;Aclive;Ponte";N�o;3;0;2;0;1;0;2;2;-22,8718191;-43,1600325;SPRF-RJ;DEL02-RJ;UOP01-DEL02-RJ;;;
715914;30/08/2025;s�bado;20:30:00;BA;407;111,8;JAGUARARI;Condutor deixou de manter dist�ncia do ve�culo da frente;Colis�o traseira;Com V�timas Feridas;Plena Noite;Decrescente;Nublado;Simples;"Reta;Aclive";N�o;5;0;1;0;3;1;1;2;-10,332836;-40,167686;SPRF-BA;DEL04-BA;UOP01-DEL04-BA;;;
715917;03/09/2025;quarta-feira;18:30:00;SC;282;504;XANXERE;Acessar a via sem observar a presen�a dos outros ve�culos;Colis�o transversal;Com V�timas Feridas;Anoitecer;Crescente;C�u Claro;Simples;Interse��o de Vias;N�o;2;0;1;0;1;0;1;2;-26,88468816;-52,40958866;SPRF-SC;DEL07-SC;UOP01-DEL07-SC;;;
715918;03/09/2025;quarta-feira;18:35:00;SC;101;202;SAO JOSE;Manobra de mudan�a de faixa;Colis�o lateral mesmo sentido;Com V�timas Feridas;Plena Noite;Crescente;Nublado;M�ltipla;Reta;Sim;3;0;0;1;2;0;1;3;-27,5623;-48,61598;SPRF-SC;DEL01-SC;UOP01-DEL01-SC;;;
715919;03/09/2025;quarta-feira;18:00:00;PE;101;133;ESCADA;Transitar na contram�o;Colis�o lateral sentido oposto;Com V�timas Feridas;Plena Noite;Decrescente;Chuva;Dupla;Reta;N�o;2;0;0;1;0;1;1;2;-8,3862761;-35,2517592;SPRF-PE;DEL01-PE;UOP03-DEL01-PE;;;
715922;03/09/2025;quarta-feira;16:14:00;MS;158;157,7;APARECIDA DO TABOADO;Rea��o tardia ou ineficiente do condutor;Sa�da de leito carro��vel;Sem V�timas;Pleno dia;Crescente;C�u Claro;Simples;Reta;N�o;1;0;0;0;1;0;0;1;-20,154013;-51,203356;SPRF-MS;DEL08-MS;UOP01-DEL08-MS;;;
715923;03/09/2025;quarta-feira;17:55:00;MG;381;541;ITATIAIUCU;Demais falhas mec�nicas ou el�tricas;Tombamento;Com V�timas Feridas;Plena Noite;Decrescente;C�u Claro;Dupla;Curva;N�o;1;0;1;0;0;0;1;1;-20,23122431;-44,39776897;SPRF-MG;DEL04-MG;UOP03-DEL04-MG;;;
715924;03/09/2025;quarta-feira;11:50:00;RJ;101;532;ANGRA DOS REIS;Convers�o proibida;Colis�o transversal;Com V�timas Feridas;Pleno dia;Crescente;C�u Claro;Simples;Reta;N�o;2;0;0;1;0;1;1;2;-23,02201883;-44,5357394;SPRF-RJ;DEL03-RJ;UOP03-DEL03-RJ;;;
715926;03/09/2025;quarta-feira;17:10:00;MG;262;450,3;NOVA SERRANA;Animais na Pista;Tombamento;Com V�timas Feridas;Pleno dia;Crescente;Sol;Simples;Reta;N�o;1;0;1;0;0;0;1;1;-19,82333;-45,08099;SPRF-MG;DEL08-MG;UOP03-DEL08-MG;;;
715927;03/09/2025;quarta-feira;18:40:00;SC;282;2;FLORIANOPOLIS;Rea��o tardia ou ineficiente do condutor;Colis�o lateral mesmo sentido;Com V�timas Feridas;Plena Noite;Decrescente;C�u Claro;M�ltipla;Reta;Sim;3;0;1;0;0;2;1;3;-27,59959;-48,57559;SPRF-SC;DEL01-SC;UOP01-DEL01-SC;;;
715929;03/09/2025;quarta-feira;18:50:00;RJ;101;321;NITEROI;Manobra de mudan�a de faixa;Queda de ocupante de ve�culo;Com V�timas Feridas;Plena Noite;Decrescente;C�u Claro;M�ltipla;"Reta;Interse��o de Vias";Sim;3;0;2;0;0;1;2;2;-22,87807903;-43,1105845;SPRF-RJ;DEL02-RJ;UOP01-DEL02-RJ;;;
715930;03/09/2025;quarta-feira;17:45:00;PR;376;595;CURITIBA;Manobra de mudan�a de faixa;Colis�o traseira;Com V�timas Feridas;Anoitecer;Crescente;C�u Claro;Dupla;"Aclive;Reta";Sim;2;0;1;0;1;0;1;2;-25,4683416;-49,3555262;SPRF-PR;DEL01-PR;UOP03-DEL01-PR;;;
715933;03/09/2025;quarta-feira;19:00:00;SP;116;223,5;GUARULHOS;Condutor deixou de manter dist�ncia do ve�culo da frente;Colis�o lateral mesmo sentido;Com V�timas Feridas;Anoitecer;Crescente;C�u Claro;M�ltipla;Reta;Sim;2;0;1;0;1;0;1;2;-23,4240272;-46,3979502;SPRF-SP;DEL01-SP;UOP01-DEL01-SP;;;
715934;03/09/2025;quarta-feira;17:30:00;BA;101;158;CONCEICAO DO JACUIPE;Acessar a via sem observar a presen�a dos outros ve�culos;Colis�o transversal;Com V�timas Feridas;Anoitecer;Crescente;Chuva;Dupla;Reta;N�o;2;0;1;0;1;0;1;2;-12,3336332;-38,753998;SPRF-BA;DEL01-BA;UOP03-DEL01-BA;;;
715935;03/09/2025;quarta-feira;19:10:00;PB;230;145,8;CAMPINA GRANDE;Condutor usando celular;Colis�o traseira;Com V�timas Feridas;Plena Noite;Crescente;C�u Claro;Dupla;Reta;Sim;2;0;1;0;1;0;1;2;-7,245339;-35,851236;SPRF-PB;DEL02-PB;UOP01-DEL02-PB;;;
715936;03/09/2025;quarta-feira;18:45:00;ES;101;269,5;SERRA;Rea��o tardia ou ineficiente do condutor;Colis�o traseira;Com V�timas Feridas;Pleno dia;Crescente;Nublado;M�ltipla;Reta;Sim;4;0;1;1;2;0;2;3;-20,22213167;-40,27024833;SPRF-ES;DEL02-ES;UOP01-DEL02-ES;;;
715937;03/09/2025;quarta-feira;19:00:00;SP;116;179;GUARAREMA;Aus�ncia de rea��o do condutor;Queda de ocupante de ve�culo;Com V�timas Feridas;Plena Noite;Crescente;C�u Claro;Dupla;Reta;N�o;1;0;1;0;0;0;1;1;-23,33274862;-46,13821216;SPRF-SP;DEL01-SP;UOP01-DEL01-SP;;;
715938;03/09/2025;quarta-feira;19:30:00;SC;101;157;PORTO BELO;Rea��o tardia ou ineficiente do condutor;Tombamento;Com V�timas Feridas;Plena Noite;Crescente;Garoa/Chuvisco;Dupla;Reta;N�o;1;0;1;0;0;0;1;1;-27,18552552;-48,6125892;SPRF-SC;DEL04-SC;UOP03-DEL04-SC;;;
715941;03/09/2025;quarta-feira;18:45:00;SC;101;112;ITAJAI;Aus�ncia de rea��o do condutor;Colis�o traseira;Com V�timas Feridas;Plena Noite;Decrescente;Nublado;Dupla;Reta;N�o;3;0;0;1;2;0;1;2;-26,84683456;-48,72229926;SPRF-SC;DEL04-SC;UOP04-DEL04-SC;;;
715942;12/04/2025;s�bado;02:40:00;PR;0;0;SANTA TEREZINHA DE ITAIPU;Rea��o tardia ou ineficiente do condutor;Sa�da de leito carro��vel;Sem V�timas;Plena Noite;N�o Informado;C�u Claro;Simples;Curva;Sim;3;0;0;0;2;1;0;2;-25,44109;-54,39203;SPRF-PR;DEL05-PR;UOP03-DEL05-PR;;;
715943;03/09/2025;quarta-feira;18:40:00;BA;116;441;FEIRA DE SANTANA;Rea��o tardia ou ineficiente do condutor;Capotamento;Sem V�timas;Plena Noite;Crescente;Chuva;Dupla;"Declive;Curva";N�o;1;0;0;0;0;1;0;1;-12,351691;-39,092437;SPRF-BA;DEL02-BA;UOP01-DEL02-BA;;;
715945;03/09/2025;quarta-feira;19:30:00;RN;110;47;MOSSORO;Rea��o tardia ou ineficiente do condutor;Engavetamento;Com V�timas Feridas;Plena Noite;Crescente;C�u Claro;Simples;Reta;Sim;3;0;1;0;2;0;1;3;-5,20393335;-37,32631803;SPRF-RN;DEL04-RN;UOP01-DEL04-RN;;;
715946;03/09/2025;quarta-feira;19:20:00;SP;116;99;PINDAMONHANGABA;Demais falhas mec�nicas ou el�tricas;Queda de ocupante de ve�culo;Com V�timas Feridas;Plena Noite;Crescente;C�u Claro;Dupla;Reta;Sim;2;0;2;0;0;0;2;1;-22,98197;-45,46384;SPRF-SP;DEL08-SP;UOP01-DEL08-SP;;;
715947;03/09/2025;quarta-feira;20:00:00;PR;277;76;SAO JOSE DOS PINHAIS;Aus�ncia de rea��o do condutor;Queda de ocupante de ve�culo;Com V�timas Feridas;Plena Noite;Decrescente;C�u Claro;Dupla;Reta;Sim;2;0;2;0;0;0;2;1;-25,4890892;-49,17855332;SPRF-PR;DEL01-PR;UOP07-DEL01-PR;;;
715950;03/09/2025;quarta-feira;17:10:00;RJ;40;52;PETROPOLIS;Rea��o tardia ou ineficiente do condutor;Colis�o traseira;Com V�timas Feridas;Anoitecer;Crescente;C�u Claro;Dupla;"Curva;Aclive";N�o;2;0;1;0;1;0;1;2;-22,28252524;-43,1193564;SPRF-RJ;DEL05-RJ;UOP02-DEL05-RJ;;;
715951;03/09/2025;quarta-feira;19:40:00;RS;290;11,8;SANTO ANTONIO DA PATRULHA;Objeto est�tico sobre o leito carro��vel;Inc�ndio;Sem V�timas;Plena Noite;Decrescente;Nublado;Dupla;Reta;N�o;2;0;0;0;2;0;0;1;-29,884028;-50,389368;SPRF-RS;DEL03-RS;UOP01-DEL03-RS;;;
715953;03/09/2025;quarta-feira;20:40:00;ES;101;292;CARIACICA;Acessar a via sem observar a presen�a dos outros ve�culos;Colis�o transversal;Com V�timas Feridas;Plena Noite;Crescente;Garoa/Chuvisco;Dupla;"Reta;Interse��o de Vias";Sim;2;0;1;0;1;0;1;2;-20,30689907;-40,39478586;SPRF-ES;DEL01-ES;UOP01-DEL01-ES;;;
715954;03/09/2025;quarta-feira;21:00:00;PB;230;20,7;JOAO PESSOA;Rea��o tardia ou ineficiente do condutor;Tombamento;Com V�timas Feridas;Plena Noite;Crescente;Nublado;Dupla;Reta;Sim;2;0;2;0;0;0;2;1;-7,141695;-34,85193;SPRF-PB;DEL01-PB;UOP01-DEL01-PB;;;
715956;03/09/2025;quarta-feira;21:45:00;ES;101;262,5;SERRA;Manobra de mudan�a de faixa;Tombamento;Com V�timas Feridas;Plena Noite;Crescente;Garoa/Chuvisco;Dupla;"Reta;Declive";N�o;2;0;1;0;1;0;1;2;-20,16429;-40,2741;SPRF-ES;DEL02-ES;UOP01-DEL02-ES;;;
715957;03/09/2025;quarta-feira;19:40:00;MG;153;50;MONTE ALEGRE DE MINAS;Ingest�o de �lcool pelo condutor;Sa�da de leito carro��vel;Sem V�timas;Plena Noite;Crescente;C�u Claro;Dupla;"Reta;Declive";N�o;4;0;0;0;4;0;0;1;-18,828303;-49,088512;SPRF-MG;DEL15-MG;UOP03-DEL15-MG;;;
715958;03/09/2025;quarta-feira;20:30:00;RJ;116;184;NOVA IGUACU;Rea��o tardia ou ineficiente do condutor;Colis�o traseira;Com V�timas Feridas;Plena Noite;Crescente;C�u Claro;Dupla;Reta;Sim;2;0;1;0;1;0;1;2;-22,74709149;-43,44533667;SPRF-RJ;DEL06-RJ;UOP01-DEL06-RJ;;;