id;data_inversa;dia_semana;horario;uf;br;km;municipio;causa_acidente;tipo_acidente;classificacao_acidente;fase_dia;sentido_via;condicao_metereologica;tipo_pista;tracado_via;uso_solo;pessoas;mortos;feridos_leves;feridos_graves;ilesos;ignorados;feridos;veiculos;latitude;longitude;regional;delegacia;uop;;;
715962;03/09/2025;quarta-feira;19:20:00;RJ;101;387;ITAGUAI;Pedestre cruzava a pista fora da faixa;Atropelamento de Pedestre;Com V�timas Feridas;Plena Noite;Crescente;C�u Claro;Dupla;Reta;Sim;3;0;0;2;1;0;2;2;-22,8589362;-43,7591231;SPRF-RJ;DEL03-RJ;UOP01-DEL03-RJ;;;
715963;03/09/2025;quarta-feira;21:45:00;RS;285;293;PASSO FUNDO;Ingest�o de �lcool pelo condutor;Colis�o com objeto;Com V�timas Feridas;Anoitecer;Decrescente;C�u Claro;Simples;Reta;N�o;1;0;1;0;0;0;1;1;-28,23580303;-52,38000004;SPRF-RS;DEL08-RS;UOP03-DEL08-RS;;;
715964;03/09/2025;quarta-feira;20:00:00;PR;369;148;MARILANDIA DO SUL;Aus�ncia de rea��o do condutor;Queda de ocupante de ve�culo;Com V�timas Feridas;Plena Noite;Crescente;C�u Claro;Dupla;Declive;Sim;1;0;1;0;0;0;1;1;-23,827884;-51,266441;SPRF-PR;DEL07-PR;UOP01-DEL07-PR;;;
715965;03/09/2025;quarta-feira;22:12:00;PB;101;13,1;MAMANGUAPE;Transitar no Acostamento;Tombamento;Com V�timas Feridas;Plena Noite;Crescente;Chuva;Dupla;"Reta;Aclive;Desvio Tempor�rio;Em Obras";N�o;2;0;0;1;0;1;1;1;-6,609523;-35,139851;SPRF-PB;DEL01-PB;UOP03-DEL01-PB;;;
715970;03/09/2025;quarta-feira;22:30:00;SP;116;111;SAO JOSE DOS CAMPOS;Aus�ncia de rea��o do condutor;Queda de ocupante de ve�culo;Com V�timas Feridas;Plena Noite;Decrescente;C�u Claro;Dupla;Reta;N�o;1;0;1;0;0;0;1;1;-23,1981035;-45,87375641;SPRF-SP;DEL02-SP;UOP02-DEL02-SP;;;
715972;03/09/2025;quarta-feira;23:00:00;PE;101;72;RECIFE;Rea��o tardia ou ineficiente do condutor;Sa�da de leito carro��vel;Sem V�timas;Plena Noite;Decrescente;C�u Claro;Dupla;Reta;N�o;1;0;0;0;0;1;0;1;-8,09018034;-34,94660703;SPRF-PE;DEL01-PE;UOP01-DEL01-PE;;;
715974;03/09/2025;quarta-feira;22:20:00;RO;364;429;JARU;Condutor deixou de manter dist�ncia do ve�culo da frente;Tombamento;Com V�timas Feridas;Plena Noite;Crescente;C�u Claro;Simples;"Declive;Reta";N�o;1;0;0;1;0;0;1;1;-10,41613949;-62,50320053;SPRF-RO;DEL03-RO;UOP02-DEL03-RO;;;
715978;04/09/2025;quinta-feira;00:05:00;SC;280;158,8;MAFRA;Transitar na contram�o;Colis�o frontal;Com V�timas Feridas;Plena Noite;Crescente;C�u Claro;Simples;Reta;N�o;2;0;1;0;0;1;1;2;-26,2015;-49,7518;SPRF-SC;DEL06-SC;UOP03-DEL06-SC;;;
715979;04/09/2025;quinta-feira;02:05:00;RS;290;502,9;ROSARIO DO SUL;Animais na Pista;Atropelamento de Animal;Com V�timas Fatais;Plena Noite;Crescente;Chuva;Simples;Reta;N�o;3;2;0;1;0;0;1;1;-30,16122522;-55,14138669;SPRF-RS;DEL11-RS;UOP02-DEL11-RS;;;
715980;04/09/2025;quinta-feira;02:50:00;PR;376;500;PONTA GROSSA;Pedestre andava na pista;Atropelamento de Pedestre;Sem V�timas;Plena Noite;Crescente;Ignorado;Dupla;Reta;N�o;1;0;0;0;1;0;0;1;-25,158111;-50,126663;SPRF-PR;DEL03-PR;UOP04-DEL03-PR;;;
715983;04/09/2025;quinta-feira;04:40:00;MA;135;8;SAO LUIS;Entrada inopinada do pedestre;Atropelamento de Pedestre;Sem V�timas;Plena Noite;Decrescente;C�u Claro;Dupla;Reta;Sim;2;0;0;0;1;1;0;2;-2,646352;-44,276173;SPRF-MA;DEL01-MA;UOP01-DEL01-MA;;;
715984;04/09/2025;quinta-feira;06:00:00;PR;376;240;APUCARANA;Animais na Pista;Atropelamento de Animal;Com V�timas Feridas;Amanhecer;Crescente;C�u Claro;Dupla;Reta;N�o;1;0;0;1;0;0;1;1;-23,582873;-51,451999;SPRF-PR;DEL07-PR;UOP03-DEL07-PR;;;
715985;04/09/2025;quinta-feira;05:50:00;MG;251;511;FRANCISCO SA;Pista Escorregadia;Queda de ocupante de ve�culo;Com V�timas Feridas;Amanhecer;Crescente;C�u Claro;Simples;Curva;N�o;2;0;1;0;1;0;1;1;-16,63553397;-43,69743347;SPRF-MG;DEL12-MG;UOP01-DEL12-MG;;;
715986;03/09/2025;quarta-feira;00:30:00;SC;101;124;ITAJAI;Aus�ncia de rea��o do condutor;Capotamento;Sem V�timas;Plena Noite;Crescente;C�u Claro;Simples;Interse��o de Vias;Sim;1;0;0;0;1;0;0;1;-26,93808718;-48,69853556;SPRF-SC;DEL04-SC;UOP04-DEL04-SC;;;
715988;04/09/2025;quinta-feira;06:35:00;SC;101;209,7;SAO JOSE;Manobra de mudan�a de faixa;Colis�o lateral mesmo sentido;Com V�timas Feridas;Amanhecer;Decrescente;Nublado;M�ltipla;Reta;Sim;2;0;1;0;1;0;1;2;-27,61523;-48,64429;SPRF-SC;DEL01-SC;UOP01-DEL01-SC;;;
715989;04/09/2025;quinta-feira;06:15:00;PB;101;88,3;JOAO PESSOA;Acumulo de �leo sobre o pavimento;Tombamento;Com V�timas Feridas;Pleno dia;Decrescente;Chuva;Dupla;Rotat�ria;Sim;1;0;0;1;0;0;1;1;-7,1688241;-34,8987946;SPRF-PB;DEL01-PB;UOP01-DEL01-PB;;;
715990;04/09/2025;quinta-feira;05:40:00;RJ;101;42,7;CAMPOS DOS GOYTACAZES;Rea��o tardia ou ineficiente do condutor;Queda de ocupante de ve�culo;Com V�timas Feridas;Amanhecer;Crescente;C�u Claro;Simples;"Reta;Declive";N�o;1;0;1;0;0;0;1;1;-21,570735;-41,323655;SPRF-RJ;DEL08-RJ;UOP01-DEL08-RJ;;;
715991;04/09/2025;quinta-feira;06:45:00;CE;222;301,3;TIANGUA;Ultrapassagem Indevida;Colis�o lateral sentido oposto;Com V�timas Feridas;Pleno dia;Decrescente;C�u Claro;Simples;Curva;N�o;3;0;2;0;1;0;2;2;-3,694;-40,981;SPRF-CE;DEL04-CE;UOP02-DEL04-CE;;;
715993;04/09/2025;quinta-feira;06:00:00;MS;163;466;CAMPO GRANDE;Aus�ncia de rea��o do condutor;Sa�da de leito carro��vel;Com V�timas Feridas;Amanhecer;Decrescente;C�u Claro;Dupla;Rotat�ria;N�o;1;0;1;0;0;0;1;1;-20,582899;-54,583699;SPRF-MS;DEL01-MS;UOP01-DEL01-MS;;;
715994;23/08/2025;s�bado;02:30:00;RS;468;100,5;TRES PASSOS;Transitar na contram�o;Colis�o frontal;Com V�timas Fatais;Plena Noite;Crescente;Nublado;Simples;Curva;Sim;5;3;1;1;0;0;2;2;-27,47295;-53,92284;SPRF-RS;DEL08-RS;UOP02-DEL08-RS;;;
715995;04/09/2025;quinta-feira;07:00:00;SC;280;68,1;JARAGUA DO SUL;Acessar a via sem observar a presen�a dos outros ve�culos;Colis�o transversal;Com V�timas Feridas;Pleno dia;Crescente;Nublado;Simples;"Reta;Interse��o de Vias";Sim;2;0;1;0;1;0;1;2;-26,4715239;-49,1129524;SPRF-SC;DEL03-SC;UOP03-DEL03-SC;;;
715997;04/09/2025;quinta-feira;07:25:00;RS;116;242;SAO LEOPOLDO;Condutor deixou de manter dist�ncia do ve�culo da frente;Colis�o traseira;Com V�timas Feridas;Pleno dia;Crescente;Chuva;Dupla;"Reta;Viaduto";Sim;2;0;1;0;1;0;1;2;-29,73018164;-51,1493456;SPRF-RS;DEL01-RS;UOP02-DEL01-RS;;;
715999;04/09/2025;quinta-feira;01:55:00;RO;364;430,6;JARU;Acostamento em desn�vel;Tombamento;Com V�timas Feridas;Plena Noite;Decrescente;Nublado;Simples;"Retorno Regulamentado;Reta";N�o;2;0;2;0;0;0;2;1;-10,4095758;-62,51527352;SPRF-RO;DEL03-RO;UOP02-DEL03-RO;;;
716000;04/09/2025;quinta-feira;02:15:00;RO;364;427;JARU;Desrespeitar a prefer�ncia no cruzamento;Colis�o transversal;Com V�timas Feridas;Plena Noite;Crescente;Nublado;Simples;Interse��o de Vias;Sim;2;0;1;0;1;0;1;2;-10,428011;-62,48615742;SPRF-RO;DEL03-RO;UOP02-DEL03-RO;;;
716003;04/09/2025;quinta-feira;06:25:00;SC;101;127,9;BALNEARIO CAMBORIU;Trafegar com motocicleta (ou similar) entre as faixas;Colis�o traseira;Com V�timas Feridas;Amanhecer;Decrescente;Nublado;Dupla;Reta;N�o;2;0;0;1;1;0;1;2;-26,9792561;-48,675709;SPRF-SC;DEL04-SC;UOP04-DEL04-SC;;;
716005;04/09/2025;quinta-feira;07:40:00;CE;116;23;AQUIRAZ;Acessar a via sem observar a presen�a dos outros ve�culos;Colis�o transversal;Com V�timas Feridas;Pleno dia;Decrescente;C�u Claro;Dupla;"Reta;Interse��o de Vias";Sim;2;0;2;0;0;0;2;2;-3,95408637;-38,51272194;SPRF-CE;DEL01-CE;UOP02-DEL01-CE;;;
716006;04/09/2025;quinta-feira;07:15:00;ES;101;291;CARIACICA;Rea��o tardia ou ineficiente do condutor;Tombamento;Com V�timas Feridas;Pleno dia;Decrescente;C�u Claro;Dupla;Reta;Sim;1;0;1;0;0;0;1;1;-20,297934;-40,394587;SPRF-ES;DEL01-ES;UOP01-DEL01-ES;;;
716007;21/04/2025;segunda-feira;11:55:00;SC;101;22,5;BIGUACU;Velocidade Incompat�vel;Colis�o com objeto;Com V�timas Fatais;Pleno dia;Decrescente;C�u Claro;Dupla;Curva;N�o;2;1;0;0;0;1;0;2;-27,51221;-48,71124;SPRF-SC;DEL01-SC;UOP02-DEL01-SC;;;
716008;04/09/2025;quinta-feira;07:30:00;ES;101;291,2;CARIACICA;Aus�ncia de rea��o do condutor;Sa�da de leito carro��vel;Com V�timas Feridas;Pleno dia;Crescente;Nublado;Dupla;Reta;N�o;2;0;2;0;0;0;2;1;-20,3039005;-40,39587021;SPRF-ES;DEL01-ES;UOP01-DEL01-ES;;;
716009;04/09/2025;quinta-feira;07:05:00;RS;290;154;ARROIO DOS RATOS;Pista Escorregadia;Sa�da de leito carro��vel;Com V�timas Feridas;Amanhecer;Decrescente;Chuva;Simples;"Declive;Curva";N�o;1;0;1;0;0;0;1;1;-30,108088;-51,750483;SPRF-RS;DEL02-RS;UOP01-DEL02-RS;;;
716012;04/09/2025;quinta-feira;08:15:00;RJ;40;121;DUQUE DE CAXIAS;Trafegar com motocicleta (ou similar) entre as faixas;Colis�o traseira;Com V�timas Feridas;Pleno dia;Decrescente;C�u Claro;M�ltipla;Reta;Sim;4;0;1;0;3;0;1;2;-22,78531054;-43,28508395;SPRF-RJ;DEL01-RJ;UOP02-DEL01-RJ;;;
716014;04/09/2025;quinta-feira;07:00:00;BA;101;717;EUNAPOLIS;Demais falhas mec�nicas ou el�tricas;Inc�ndio;Sem V�timas;Pleno dia;Decrescente;Sol;Simples;"Reta;Interse��o de Vias;Declive";N�o;4;0;0;0;4;0;0;1;-16,370402;-39,58256;SPRF-BA;DEL09-BA;UOP01-DEL09-BA;;;
716015;04/09/2025;quinta-feira;08:00:00;PE;232;133,2;CARUARU;Condutor deixou de manter dist�ncia do ve�culo da frente;Colis�o lateral mesmo sentido;Sem V�timas;Pleno dia;Crescente;Garoa/Chuvisco;Dupla;Reta;Sim;3;0;0;0;3;0;0;3;-8,30869;-36,02402;SPRF-PE;DEL02-PE;UOP03-DEL02-PE;;;
716018;04/09/2025;quinta-feira;07:50:00;PR;369;156,5;LONDRINA;Manobra de mudan�a de faixa;Colis�o lateral mesmo sentido;Com V�timas Feridas;Pleno dia;Decrescente;C�u Claro;Dupla;Reta;Sim;2;0;1;0;1;0;1;2;-23,29;-51,222;SPRF-PR;DEL07-PR;UOP01-DEL07-PR;;;
716019;15/08/2025;sexta-feira;07:45:00;BA;116;632;JAGUAQUARA;Acessar a via sem observar a presen�a dos outros ve�culos;Colis�o transversal;Com V�timas Feridas;Pleno dia;Decrescente;C�u Claro;Simples;Reta;Sim;2;0;1;0;1;0;1;2;-13,51362;-40,05663;SPRF-BA;DEL03-BA;UOP01-DEL03-BA;;;
716020;04/09/2025;quinta-feira;06:30:00;RJ;101;384;RIO DE JANEIRO;Rea��o tardia ou ineficiente do condutor;Colis�o com objeto;Com V�timas Feridas;Pleno dia;Crescente;C�u Claro;Dupla;Reta;Sim;1;0;1;0;0;0;1;1;-22,87998;-43,627863;SPRF-RJ;DEL03-RJ;UOP01-DEL03-RJ;;;
716022;04/09/2025;quinta-feira;08:00:00;PR;116;3;CAMPINA GRANDE DO SUL;Rea��o tardia ou ineficiente do condutor;Sa�da de leito carro��vel;Com V�timas Feridas;Pleno dia;Crescente;C�u Claro;Dupla;Curva;N�o;1;0;1;0;0;0;1;1;-25,0703257;-48,586307;SPRF-PR;DEL01-PR;UOP02-DEL01-PR;;;
716024;04/09/2025;quinta-feira;09:00:00;RJ;116;186;NOVA IGUACU;Aus�ncia de rea��o do condutor;Colis�o traseira;Com V�timas Feridas;Pleno dia;Decrescente;Sol;Dupla;Reta;Sim;2;0;0;1;1;0;1;2;-22,7553165;-43,4332908;SPRF-RJ;DEL06-RJ;UOP01-DEL06-RJ;;;
716025;04/09/2025;quinta-feira;07:30:00;RO;364;12;VILHENA;Acesso irregular;Colis�o transversal;Com V�timas Feridas;Pleno dia;Crescente;C�u Claro;Dupla;"Reta;Rotat�ria";N�o;2;0;1;0;1;0;1;2;-12,74289097;-60,12343168;SPRF-RO;DEL04-RO;UOP01-DEL04-RO;;;
716026;04/09/2025;quinta-feira;07:30:00;RJ;101;383;ITAGUAI;Aus�ncia de rea��o do condutor;Colis�o lateral mesmo sentido;Com V�timas Feridas;Pleno dia;Decrescente;Sol;M�ltipla;Retorno Regulamentado;Sim;2;0;1;0;1;0;1;2;-22,8589288;-43,75936454;SPRF-RJ;DEL03-RJ;UOP01-DEL03-RJ;;;
716027;04/09/2025;quinta-feira;09:10:00;SP;153;25,5;NOVA GRANADA;Desrespeitar a prefer�ncia no cruzamento;Colis�o transversal;Com V�timas Feridas;Pleno dia;Crescente;C�u Claro;Simples;"Curva;Declive";Sim;3;0;3;0;0;0;3;2;-20,50165153;-49,32042567;SPRF-SP;DEL09-SP;UOP01-DEL09-SP;;;
716028;04/09/2025;quinta-feira;08:50:00;RJ;101;318;SAO GONCALO;Trafegar com motocicleta (ou similar) entre as faixas;Colis�o lateral mesmo sentido;Com V�timas Feridas;Pleno dia;Crescente;C�u Claro;Dupla;Reta;N�o;3;0;1;0;2;0;1;3;-22,85527673;-43,10269117;SPRF-RJ;DEL02-RJ;UOP02-DEL02-RJ;;;
716029;04/09/2025;quinta-feira;06:31:00;MT;163;709;SORRISO;Rea��o tardia ou ineficiente do condutor;Colis�o traseira;Sem V�timas;Pleno dia;Crescente;C�u Claro;Simples;Reta;N�o;2;0;0;0;2;0;0;2;-12,9181652;-55,85480958;SPRF-MT;DEL06-MT;UOP01-DEL06-MT;;;
716030;28/08/2025;quinta-feira;23:10:00;RS;386;215,3;TIO HUGO;Acessar a via sem observar a presen�a dos outros ve�culos;Colis�o transversal;Com V�timas Feridas;Plena Noite;Decrescente;Nublado;Simples;Reta;N�o;3;0;0;2;0;1;2;2;-28,57992131;-52,59822104;SPRF-RS;DEL04-RS;UOP03-DEL04-RS;;;
716031;04/09/2025;quinta-feira;08:52:00;PR;277;82;CURITIBA;Manobra de mudan�a de faixa;Colis�o traseira;Com V�timas Feridas;Pleno dia;Crescente;C�u Claro;Dupla;Reta;Sim;2;0;1;0;1;0;1;2;-25,45440639;-49,22490017;SPRF-PR;DEL01-PR;UOP03-DEL01-PR;;;
716032;04/09/2025;quinta-feira;08:20:00;MG;381;481;CONTAGEM;Aus�ncia de rea��o do condutor;Queda de ocupante de ve�culo;Com V�timas Feridas;Pleno dia;Decrescente;C�u Claro;Dupla;Declive;N�o;1;0;1;0;0;0;1;1;-19,95855558;-44,06035781;SPRF-MG;DEL01-MG;UOP03-DEL01-MG;;;
716033;04/09/2025;quinta-feira;08:25:00;SP;116;145,3;SAO JOSE DOS CAMPOS;Manobra de mudan�a de faixa;Colis�o lateral mesmo sentido;Com V�timas Feridas;Pleno dia;Crescente;Sol;Dupla;Reta;Sim;2;0;1;0;1;0;1;2;-23,18671506;-45,854702;SPRF-SP;DEL02-SP;UOP01-DEL02-SP;;;
716034;04/09/2025;quinta-feira;09:50:00;MG;262;417;IGARATINGA;Frear bruscamente;Colis�o traseira;Com V�timas Feridas;Pleno dia;Crescente;Sol;Dupla;Reta;N�o;2;0;1;0;1;0;1;2;-19,89213965;-44,70727086;SPRF-MG;DEL08-MG;UOP03-DEL08-MG;;;
716035;01/08/2025;sexta-feira;18:45:00;PR;158;535,2;PATO BRANCO;Condutor usando celular;Colis�o frontal;Com V�timas Feridas;Plena Noite;Decrescente;C�u Claro;Simples;Reta;Sim;3;0;1;1;0;1;2;3;-26,23588662;-52,69079296;SPRF-PR;DEL02-PR;UOP01-DEL02-PR;;;
716036;04/09/2025;quinta-feira;08:59:00;RS;290;96;PORTO ALEGRE;Chuva;Capotamento;Com V�timas Feridas;Pleno dia;Decrescente;Chuva;Dupla;Curva;N�o;3;0;1;0;2;0;1;1;-29,99788807;-51,20769851;SPRF-RS;DEL01-RS;UOP01-DEL01-RS;;;
716037;04/09/2025;quinta-feira;08:25:00;RJ;393;297,9;BARRA MANSA;Acessar a via sem observar a presen�a dos outros ve�culos;Colis�o transversal;Com V�timas Feridas;Pleno dia;Crescente;C�u Claro;Simples;Reta;Sim;3;0;1;0;1;1;1;3;-22,54300097;-44,11302567;SPRF-RJ;DEL07-RJ;UOP02-DEL07-RJ;;;
716038;30/08/2025;s�bado;18:40:00;PB;101;86,5;JOAO PESSOA;Rea��o tardia ou ineficiente do condutor;Colis�o traseira;Com V�timas Feridas;Plena Noite;Decrescente;Chuva;M�ltipla;Declive;Sim;2;0;0;1;1;0;1;2;-7,15267405;-34,90850558;SPRF-PB;DEL01-PB;UOP01-DEL01-PB;;;
716041;04/09/2025;quinta-feira;10:00:00;SP;116;63;GUARATINGUETA;Rea��o tardia ou ineficiente do condutor;Colis�o com objeto;Com V�timas Feridas;Pleno dia;Crescente;C�u Claro;Dupla;Reta;Sim;1;0;1;0;0;0;1;1;-22,80865438;-45,17484462;SPRF-SP;DEL08-SP;UOP01-DEL08-SP;;;
716042;28/08/2025;quinta-feira;19:00:00;MS;163;364,1;NOVA ALVORADA DO SUL;Demais falhas mec�nicas ou el�tricas;Inc�ndio;Sem V�timas;Plena Noite;Decrescente;Nublado;Simples;Rotat�ria;N�o;3;0;0;0;3;0;0;1;-21,471103;-54,385616;SPRF-MS;DEL02-MS;UOP01-DEL02-MS;;;
716046;04/09/2025;quinta-feira;11:00:00;CE;116;32,5;AQUIRAZ;Frear bruscamente;Sa�da de leito carro��vel;Sem V�timas;Pleno dia;Decrescente;C�u Claro;Dupla;Retorno Regulamentado;N�o;5;0;0;0;4;1;0;2;-4,03375253;-38,51036978;SPRF-CE;DEL01-CE;UOP02-DEL01-CE;;;
716047;03/09/2025;quarta-feira;19:30:00;RO;319;21,5;PORTO VELHO;Aus�ncia de rea��o do condutor;Atropelamento de Pedestre;Com V�timas Feridas;Plena Noite;Crescente;C�u Claro;Simples;Reta;N�o;3;0;0;2;0;1;2;2;-8,064171;-63,562283;SPRF-RO;DEL01-RO;UOP01-DEL01-RO;;;
716048;04/09/2025;quinta-feira;08:30:00;RJ;101;318;SAO GONCALO;Aus�ncia de rea��o do condutor;Queda de ocupante de ve�culo;Com V�timas Feridas;Pleno dia;Crescente;C�u Claro;Dupla;Curva;N�o;1;0;1;0;0;0;1;1;-22,84569097;-43,09869854;SPRF-RJ;DEL02-RJ;UOP02-DEL02-RJ;;;
716049;04/09/2025;quinta-feira;10:15:00;RJ;101;62;CAMPOS DOS GOYTACAZES;Rea��o tardia ou ineficiente do condutor;Colis�o traseira;Com V�timas Feridas;Pleno dia;Decrescente;Sol;Simples;Reta;Sim;3;0;1;0;2;0;1;2;-21,73741695;-41,32653236;SPRF-RJ;DEL08-RJ;UOP01-DEL08-RJ;;;
716051;04/09/2025;quinta-feira;09:54:00;RJ;356;72;ITALVA;Condutor Dormindo;Sa�da de leito carro��vel;Com V�timas Feridas;Pleno dia;Crescente;C�u Claro;Simples;Curva;N�o;1;0;1;0;0;0;1;1;-21,39238916;-41,69324606;SPRF-RJ;DEL08-RJ;UOP03-DEL08-RJ;;;
716052;04/09/2025;quinta-feira;10:00:00;MG;381;690;LAVRAS;Demais falhas mec�nicas ou el�tricas;Tombamento;Com V�timas Feridas;Pleno dia;Crescente;C�u Claro;Dupla;Reta;N�o;2;0;2;0;0;0;2;1;-21,20233749;-45,12050629;SPRF-MG;DEL04-MG;UOP02-DEL04-MG;;;
716055;04/09/2025;quinta-feira;12:20:00;RJ;101;205;CASIMIRO DE ABREU;Convers�o proibida;Colis�o lateral mesmo sentido;Com V�timas Feridas;Pleno dia;Decrescente;C�u Claro;Simples;Reta;Sim;2;0;1;0;1;0;1;2;-22,47609597;-42,19780358;SPRF-RJ;DEL08-RJ;UOP04-DEL08-RJ;;;
716056;04/09/2025;quinta-feira;11:05:00;PR;376;198;MARIALVA;Demais falhas mec�nicas ou el�tricas;Tombamento;Com V�timas Feridas;Pleno dia;Decrescente;C�u Claro;Dupla;"Reta;Declive";N�o;2;0;1;1;0;0;2;1;-23,50014;-51,76522;SPRF-PR;DEL09-PR;UOP01-DEL09-PR;;;
716057;04/09/2025;quinta-feira;12:40:00;BA;324;530;FEIRA DE SANTANA;Rea��o tardia ou ineficiente do condutor;Tombamento;Com V�timas Feridas;Pleno dia;Decrescente;Chuva;Dupla;Curva;N�o;19;0;5;0;14;0;5;1;-12,3363487;-38,85079477;SPRF-BA;DEL01-BA;UOP03-DEL01-BA;;;
716059;04/09/2025;quinta-feira;08:30:00;RS;285;344,9;CARAZINHO;Chuva;Sa�da de leito carro��vel;Com V�timas Feridas;Pleno dia;Crescente;Chuva;Simples;Reta;N�o;3;0;3;0;0;0;3;1;-28,32694524;-52,83798136;SPRF-RS;DEL08-RS;UOP03-DEL08-RS;;;
716063;04/09/2025;quinta-feira;12:20:00;RJ;40;111;DUQUE DE CAXIAS;Aus�ncia de rea��o do condutor;Colis�o traseira;Com V�timas Feridas;Pleno dia;Crescente;Sol;M�ltipla;Reta;Sim;2;0;1;0;1;0;1;2;-22,69391606;-43,28813587;SPRF-RJ;DEL01-RJ;UOP02-DEL01-RJ;;;
716064;04/09/2025;quinta-feira;12:43:00;MG;40;483;SETE LAGOAS;Condutor Dormindo;Colis�o com objeto;Sem V�timas;Pleno dia;Decrescente;C�u Claro;Dupla;Aclive;N�o;1;0;0;0;0;1;0;1;-19,56628;-44,23742;SPRF-MG;DEL02-MG;UOP01-DEL02-MG;;;
716066;12/07/2025;s�bado;19:10:00;TO;10;461,8;PALMAS;Velocidade Incompat�vel;Colis�o lateral mesmo sentido;Com V�timas Fatais;Plena Noite;Decrescente;C�u Claro;M�ltipla;Reta;Sim;4;1;1;0;2;0;1;2;-10,247212;-48,312313;SPRF-TO;DEL01-TO;UOP03-DEL01-TO;;;
716069;04/09/2025;quinta-feira;14:30:00;SP;381;42;ATIBAIA;Rea��o tardia ou ineficiente do condutor;Colis�o lateral mesmo sentido;Com V�timas Feridas;Pleno dia;Crescente;C�u Claro;Dupla;Aclive;N�o;3;0;1;0;2;0;1;2;-23,13955528;-46,57566047;SPRF-SP;DEL03-SP;UOP01-DEL03-SP;;;
716070;04/09/2025;quinta-feira;14:40:00;RS;290;106;ELDORADO DO SUL;Manobra de mudan�a de faixa;Colis�o lateral mesmo sentido;Com V�timas Feridas;Pleno dia;Crescente;Chuva;Dupla;Reta;N�o;4;0;2;0;2;0;2;3;-29,99877362;-51,29479805;SPRF-RS;DEL02-RS;UOP01-DEL02-RS;;;
716071;04/09/2025;quinta-feira;14:30:00;MG;40;643,9;CONSELHEIRO LAFAIETE;Aus�ncia de rea��o do condutor;Colis�o com objeto;Com V�timas Feridas;Pleno dia;Crescente;C�u Claro;Simples;"Reta;Aclive";N�o;1;0;1;0;0;0;1;1;-20,77702;-43,81057;SPRF-MG;DEL05-MG;UOP02-DEL05-MG;;;
716073;04/09/2025;quinta-feira;14:30:00;AL;101;137;SAO MIGUEL DOS CAMPOS;Pedestre cruzava a pista fora da faixa;Atropelamento de Pedestre;Com V�timas Feridas;Pleno dia;Crescente;C�u Claro;Dupla;Reta;Sim;2;0;1;0;1;0;1;2;-9,79707367;-36,10957535;SPRF-AL;DEL02-AL;UOP01-DEL02-AL;;;
716074;04/09/2025;quinta-feira;14:10:00;BA;324;517,2;FEIRA DE SANTANA;Rea��o tardia ou ineficiente do condutor;Colis�o transversal;Com V�timas Feridas;Pleno dia;Crescente;C�u Claro;Simples;Reta;Sim;2;0;0;1;1;0;1;2;-12,25299542;-38,93277884;SPRF-BA;DEL02-BA;UOP01-DEL02-BA;;;
716076;24/08/2025;domingo;07:00:00;MS;376;166,2;NOVA ANDRADINA;Rea��o tardia ou ineficiente do condutor;Tombamento;Com V�timas Feridas;Pleno dia;Decrescente;C�u Claro;Simples;Curva;N�o;1;0;1;0;0;0;1;1;-22,30898368;-53,39759795;SPRF-MS;DEL04-MS;UOP04-DEL04-MS;;;
716078;04/09/2025;quinta-feira;14:15:00;BA;116;394,8;SANTA BARBARA;Condutor deixou de manter dist�ncia do ve�culo da frente;Colis�o traseira;Sem V�timas;Pleno dia;Decrescente;Nublado;Dupla;Reta;Sim;2;0;0;0;2;0;0;2;-11,96356889;-38,97425869;SPRF-BA;DEL02-BA;UOP01-DEL02-BA;;;
716080;04/09/2025;quinta-feira;15:30:00;PE;232;5,4;RECIFE;Condutor deixou de manter dist�ncia do ve�culo da frente;Colis�o traseira;Com V�timas Feridas;Pleno dia;Decrescente;C�u Claro;Dupla;Reta;Sim;2;0;2;0;0;0;2;2;-8,069352;-34,948629;SPRF-PE;DEL01-PE;UOP01-DEL01-PE;;;
716081;04/09/2025;quinta-feira;14:25:00;RS;386;166;CARAZINHO;Velocidade Incompat�vel;Sa�da de leito carro��vel;Com V�timas Fatais;Pleno dia;Decrescente;Chuva;Simples;Reta;N�o;1;1;0;0;0;0;0;1;-28,2046;-52,827815;SPRF-RS;DEL08-RS;UOP01-DEL08-RS;;;
716084;04/09/2025;quinta-feira;15:40:00;MG;365;646,3;UBERLANDIA;Aus�ncia de rea��o do condutor;Colis�o traseira;Com V�timas Feridas;Pleno dia;Decrescente;C�u Claro;Dupla;Reta;N�o;3;0;2;0;1;0;2;2;-18,8757465;-48,5238941;SPRF-MG;DEL15-MG;UOP01-DEL15-MG;;;
716088;04/09/2025;quinta-feira;15:00:00;ES;101;263;SERRA;Acessar a via sem observar a presen�a dos outros ve�culos;Colis�o traseira;Com V�timas Feridas;Pleno dia;Decrescente;Nublado;Dupla;"Declive;Reta";Sim;2;0;2;0;0;0;2;2;-20,1695432;-40,27002007;SPRF-ES;DEL02-ES;UOP01-DEL02-ES;;;
716092;04/09/2025;quinta-feira;16:30:00;SC;101;158,6;PORTO BELO;Acessar a via sem observar a presen�a dos outros ve�culos;Colis�o transversal;Com V�timas Feridas;Pleno dia;Decrescente;Nublado;M�ltipla;Reta;Sim;2;0;1;0;1;0;1;2;-27,17381575;-48,61244202;SPRF-SC;DEL04-SC;UOP03-DEL04-SC;;;