id;data_inversa;dia_semana;horario;uf;br;km;municipio;causa_acidente;tipo_acidente;classificacao_acidente;fase_dia;sentido_via;condicao_metereologica;tipo_pista;tracado_via;uso_solo;pessoas;mortos;feridos_leves;feridos_graves;ilesos;ignorados;feridos;veiculos;latitude;longitude;regional;delegacia;uop;;;
716093;09/04/2025;quarta-feira;17:30:00;BA;324;516;FEIRA DE SANTANA;Acessar a via sem observar a presen�a dos outros ve�culos;Colis�o transversal;Com V�timas Feridas;Pleno dia;Crescente;C�u Claro;Simples;Reta;Sim;2;0;1;0;1;0;1;2;-12,25487057;-38,93248697;SPRF-BA;DEL02-BA;UOP01-DEL02-BA;;;
716098;04/09/2025;quinta-feira;15:10:00;MG;116;115,4;ITAOBIM;Aus�ncia de rea��o do condutor;Atropelamento de Pedestre;Com V�timas Feridas;Pleno dia;Decrescente;Nublado;Simples;Reta;Sim;5;0;2;1;1;1;3;4;-16,559833;-41,502734;SPRF-MG;DEL11-MG;UOP02-DEL11-MG;;;
716101;04/09/2025;quinta-feira;10:00:00;AL;104;4;SAO JOSE DA LAJE;Chuva;Colis�o com objeto;Com V�timas Feridas;Pleno dia;Crescente;Chuva;Simples;Curva;N�o;3;0;1;0;2;0;1;1;-8,937767;-36,020091;SPRF-AL;DEL01-AL;UOP02-DEL01-AL;;;
716102;04/09/2025;quinta-feira;14:50:00;BA;116;589;NOVA ITARANA;Velocidade Incompat�vel;Tombamento;Com V�timas Feridas;Pleno dia;Decrescente;Nublado;Simples;Curva;N�o;1;0;1;0;0;0;1;1;-13,15734;-39,99831;SPRF-BA;DEL03-BA;UOP02-DEL03-BA;;;
716103;04/09/2025;quinta-feira;17:00:00;PR;116;102;SAO JOSE DOS PINHAIS;Aus�ncia de rea��o do condutor;Queda de ocupante de ve�culo;Com V�timas Feridas;Pleno dia;Crescente;C�u Claro;Dupla;Reta;Sim;1;0;1;0;0;0;1;1;-25,5557559;-49,0294892;SPRF-PR;DEL01-PR;UOP07-DEL01-PR;;;
716104;04/09/2025;quinta-feira;14:30:00;SC;101;415,1;ARARANGUA;Aus�ncia de rea��o do condutor;Tombamento;Com V�timas Feridas;Pleno dia;Decrescente;Garoa/Chuvisco;M�ltipla;Reta;N�o;1;0;0;1;0;0;1;1;-28,9676481;-49,52370342;SPRF-SC;DEL02-SC;UOP02-DEL02-SC;;;
716105;04/09/2025;quinta-feira;16:30:00;MA;135;19;SAO LUIS;Acessar a via sem observar a presen�a dos outros ve�culos;Colis�o transversal;Com V�timas Feridas;Pleno dia;Crescente;C�u Claro;Simples;Reta;Sim;2;0;1;1;0;0;2;2;-2,562143;-44,34042;SPRF-MA;DEL01-MA;UOP01-DEL01-MA;;;
716106;04/09/2025;quinta-feira;17:00:00;PI;316;215;VALENCA DO PIAUI;Aus�ncia de rea��o do condutor;Colis�o traseira;Com V�timas Feridas;Pleno dia;Decrescente;C�u Claro;Simples;Reta;N�o;3;0;1;0;1;1;1;2;-6,43264;-41,750465;SPRF-PI;DEL04-PI;UOP02-DEL04-PI;;;
716107;04/09/2025;quinta-feira;17:48:00;RS;386;435,6;NOVA SANTA RITA;Acessar a via sem observar a presen�a dos outros ve�culos;Colis�o transversal;Com V�timas Feridas;Anoitecer;Crescente;Chuva;Dupla;Rotat�ria;Sim;2;0;1;0;1;0;1;2;-29,84822318;-51,2706456;SPRF-RS;DEL04-RS;UOP02-DEL04-RS;;;
716108;04/09/2025;quinta-feira;17:20:00;SC;101;93,5;BARRA VELHA;Ultrapassagem Indevida;Colis�o lateral mesmo sentido;Com V�timas Feridas;Anoitecer;Decrescente;Nublado;Dupla;Reta;N�o;2;0;0;1;1;0;1;2;-26,69307524;-48,6976397;SPRF-SC;DEL03-SC;UOP02-DEL03-SC;;;
716109;04/09/2025;quinta-feira;17:20:00;PR;153;16,6;JACAREZINHO;Ingest�o de �lcool pelo condutor;Sa�da de leito carro��vel;Com V�timas Feridas;Anoitecer;Decrescente;C�u Claro;Simples;Curva;N�o;1;0;1;0;0;0;1;1;-23,13681;-49,94498;SPRF-PR;DEL07-PR;UOP04-DEL07-PR;;;
716110;04/09/2025;quinta-feira;15:30:00;RJ;101;385;ITAGUAI;Acesso irregular;Colis�o traseira;Com V�timas Feridas;Pleno dia;Decrescente;C�u Claro;M�ltipla;Reta;N�o;3;0;1;0;2;0;1;2;-22,85894143;-43,75934875;SPRF-RJ;DEL03-RJ;UOP01-DEL03-RJ;;;
716112;04/09/2025;quinta-feira;16:15:00;MG;381;147,7;GOVERNADOR VALADARES;Acessar a via sem observar a presen�a dos outros ve�culos;Colis�o transversal;Com V�timas Feridas;Pleno dia;Decrescente;C�u Claro;Simples;Interse��o de Vias;N�o;3;0;3;0;0;0;3;2;-18,849442;-41,983727;SPRF-MG;DEL06-MG;UOP01-DEL06-MG;;;
716113;04/09/2025;quinta-feira;17:20:00;ES;262;188,1;IUNA;Transitar na contram�o;Colis�o frontal;Com V�timas Fatais;Anoitecer;Crescente;C�u Claro;Simples;"Aclive;Curva";N�o;2;1;0;0;0;1;0;2;-20,31544;-41,72836;SPRF-ES;DEL01-ES;UOP02-DEL01-ES;;;
716114;04/09/2025;quinta-feira;17:18:00;PE;428;189;PETROLINA;Ingest�o de �lcool pelo condutor;Colis�o traseira;Com V�timas Feridas;Anoitecer;Crescente;C�u Claro;Dupla;Reta;Sim;2;0;1;0;1;0;1;2;-9,376593;-40,497598;SPRF-PE;DEL06-PE;UOP01-DEL06-PE;;;
716115;04/09/2025;quinta-feira;18:00:00;RJ;101;477;ANGRA DOS REIS;Rea��o tardia ou ineficiente do condutor;Queda de ocupante de ve�culo;Com V�timas Feridas;Plena Noite;Crescente;C�u Claro;Simples;Interse��o de Vias;Sim;2;0;1;0;1;0;1;2;-22,99979969;-44,27009583;SPRF-RJ;DEL03-RJ;UOP03-DEL03-RJ;;;
716116;04/09/2025;quinta-feira;16:45:00;RJ;101;408;ITAGUAI;Entrada inopinada do pedestre;Atropelamento de Pedestre;Com V�timas Fatais;Pleno dia;Decrescente;Nublado;Dupla;Reta;N�o;2;1;0;0;1;0;0;2;-22,883186;-43,828841;SPRF-RJ;DEL03-RJ;UOP01-DEL03-RJ;;;
716117;23/08/2025;s�bado;10:30:00;RS;386;296;POUSO NOVO;Pista Escorregadia;Colis�o traseira;Com V�timas Feridas;Pleno dia;Decrescente;Chuva;Simples;Curva;N�o;4;0;1;0;3;0;1;3;-29,1378779;-52,242079;SPRF-RS;DEL04-RS;UOP01-DEL04-RS;;;
716118;04/09/2025;quinta-feira;16:40:00;SC;101;96,4;BARRA VELHA;Rea��o tardia ou ineficiente do condutor;Colis�o traseira;Com V�timas Feridas;Pleno dia;Crescente;Nublado;Dupla;Reta;N�o;4;0;0;1;1;2;1;3;-26,72169997;-48,7023636;SPRF-SC;DEL03-SC;UOP02-DEL03-SC;;;
716119;04/09/2025;quinta-feira;18:44:00;ES;262;0,9;CARIACICA;Manobra de mudan�a de faixa;Colis�o lateral mesmo sentido;Com V�timas Feridas;Plena Noite;Crescente;Nublado;Dupla;Ponte;Sim;2;0;1;0;1;0;1;2;-20,32638444;-40,35470366;SPRF-ES;DEL01-ES;UOP01-DEL01-ES;;;
716120;04/09/2025;quinta-feira;18:00:00;PR;369;147;LONDRINA;Condutor deixou de manter dist�ncia do ve�culo da frente;Colis�o traseira;Com V�timas Feridas;Anoitecer;Crescente;C�u Claro;Dupla;Reta;Sim;2;0;1;0;1;0;1;2;-23,29311132;-51,13498449;SPRF-PR;DEL07-PR;UOP01-DEL07-PR;;;
716123;04/09/2025;quinta-feira;17:40:00;PR;376;10;MARINGA;Carga excessiva e/ou mal acondicionada;Colis�o com objeto;Sem V�timas;Pleno dia;Decrescente;C�u Claro;Dupla;"Curva;Aclive";N�o;1;0;0;0;1;0;0;1;-23,38681;-51,8985;SPRF-PR;DEL09-PR;UOP01-DEL09-PR;;;
716125;04/09/2025;quinta-feira;18:30:00;SC;101;155;PORTO BELO;Manobra de mudan�a de faixa;Colis�o lateral mesmo sentido;Com V�timas Feridas;Anoitecer;Decrescente;Nublado;M�ltipla;Reta;Sim;3;0;1;0;2;0;1;3;-27,16438525;-48,61177683;SPRF-SC;DEL04-SC;UOP03-DEL04-SC;;;
716126;04/09/2025;quinta-feira;18:30:00;RJ;116;181;SAO JOAO DE MERITI;Manobra de mudan�a de faixa;Colis�o lateral mesmo sentido;Com V�timas Feridas;Plena Noite;Decrescente;C�u Claro;Dupla;Reta;N�o;2;0;1;0;1;0;1;2;-22,7907562;-43,369333;SPRF-RJ;DEL06-RJ;UOP01-DEL06-RJ;;;
716127;04/09/2025;quinta-feira;18:10:00;PE;232;10,7;JABOATAO DOS GUARARAPES;Demais falhas na via;Queda de ocupante de ve�culo;Com V�timas Feridas;Plena Noite;Decrescente;Chuva;M�ltipla;Reta;Sim;1;0;1;0;0;0;1;1;-8,08004993;-34,9896419;SPRF-PE;DEL01-PE;UOP01-DEL01-PE;;;
716128;04/09/2025;quinta-feira;18:36:00;DF;70;8;BRASILIA;Trafegar com motocicleta (ou similar) entre as faixas;Colis�o lateral mesmo sentido;Com V�timas Feridas;Anoitecer;Crescente;Nublado;Dupla;Reta;Sim;3;0;1;1;1;0;2;2;-15,78485103;-48,12166242;SPRF-DF;DEL03-DF;UOP02-DEL03-DF;;;
716129;04/09/2025;quinta-feira;17:40:00;MG;381;326;NOVA ERA;Desrespeitar a prefer�ncia no cruzamento;Colis�o transversal;Com V�timas Feridas;Pleno dia;Crescente;C�u Claro;Simples;"Reta;Interse��o de Vias";N�o;2;0;1;1;0;0;2;2;-19,775513;-43,045269;SPRF-MG;DEL03-MG;UOP02-DEL03-MG;;;
716131;04/09/2025;quinta-feira;18:30:00;SP;116;217;GUARULHOS;Aus�ncia de rea��o do condutor;Colis�o traseira;Com V�timas Feridas;Plena Noite;Decrescente;C�u Claro;M�ltipla;Reta;Sim;2;0;1;0;1;0;1;2;-23,454866;-46,472946;SPRF-SP;DEL01-SP;UOP01-DEL01-SP;;;
716132;04/09/2025;quinta-feira;19:30:00;GO;70;472;ARAGARCAS;Rea��o tardia ou ineficiente do condutor;Colis�o transversal;Com V�timas Feridas;Plena Noite;Crescente;C�u Claro;Dupla;Reta;Sim;2;0;0;1;1;0;1;2;-15,89591433;-52,25087497;SPRF-GO;DEL04-GO;UOP02-DEL04-GO;;;
716135;04/09/2025;quinta-feira;11:00:00;PE;0;0;RECIFE;Transitar na cal�ada;Colis�o transversal;Sem V�timas;Pleno dia;N�o Informado;C�u Claro;M�ltipla;Reta;Sim;4;0;0;0;4;0;0;2;-8,04753;-34,9267;SPRF-PE;DEL01-PE;N/A;;;
716136;04/09/2025;quinta-feira;18:05:00;RO;174;17;VILHENA;Convers�o proibida;Colis�o lateral mesmo sentido;Com V�timas Feridas;Plena Noite;Decrescente;C�u Claro;Simples;Reta;Sim;2;0;1;0;1;0;1;2;-12,70755436;-60,12270061;SPRF-RO;DEL04-RO;UOP01-DEL04-RO;;;
716138;04/09/2025;quinta-feira;19:40:00;MG;365;418;PATOS DE MINAS;Rea��o tardia ou ineficiente do condutor;Colis�o traseira;Com V�timas Feridas;Plena Noite;Decrescente;C�u Claro;Dupla;Curva;N�o;2;0;1;0;1;0;1;2;-18,68332552;-46,57593727;SPRF-MG;DEL10-MG;UOP01-DEL10-MG;;;
716139;04/09/2025;quinta-feira;16:45:00;RO;435;84,1;COLORADO DO OESTE;Acessar a via sem observar a presen�a dos outros ve�culos;Colis�o transversal;Com V�timas Feridas;Pleno dia;Decrescente;C�u Claro;Dupla;"Interse��o de Vias;Reta";Sim;2;0;1;0;1;0;1;2;-13,12079608;-60,5428648;SPRF-RO;DEL04-RO;UOP02-DEL04-RO;;;
716140;04/09/2025;quinta-feira;19:20:00;SC;101;333,2;TUBARAO;Demais falhas mec�nicas ou el�tricas;Inc�ndio;Sem V�timas;Plena Noite;Crescente;Chuva;M�ltipla;Reta;Sim;1;0;0;0;1;0;0;1;-28,46863516;-49,01348337;SPRF-SC;DEL02-SC;UOP01-DEL02-SC;;;
716143;04/09/2025;quinta-feira;20:00:00;PB;101;83,5;BAYEUX;Transtornos Mentais (exceto suicidio);Atropelamento de Pedestre;Com V�timas Fatais;Plena Noite;Crescente;C�u Claro;Dupla;Reta;Sim;3;1;0;0;1;1;0;2;-7,137433;-34,925554;SPRF-PB;DEL01-PB;UOP01-DEL01-PB;;;
716144;04/09/2025;quinta-feira;20:00:00;GO;153;498,6;GOIANIA;Condutor Dormindo;Colis�o traseira;Com V�timas Feridas;Plena Noite;Crescente;Vento;Dupla;"Reta;Aclive";Sim;2;0;1;0;1;0;1;2;-16,690001;-49,23281;SPRF-GO;DEL01-GO;UOP01-DEL01-GO;;;
716147;04/09/2025;quinta-feira;15:00:00;RR;174;472;BOA VISTA;Chuva;Colis�o frontal;Com V�timas Feridas;Pleno dia;Decrescente;Chuva;Simples;Curva;N�o;4;0;3;1;0;0;4;2;2,68151589;-60,86975008;SPRF-RR;DEL01-RR;UOP01-DEL01-RR;;;
716148;04/09/2025;quinta-feira;19:30:00;RJ;101;249;RIO BONITO;Rea��o tardia ou ineficiente do condutor;Sa�da de leito carro��vel;Com V�timas Feridas;Plena Noite;Decrescente;C�u Claro;Dupla;Reta;N�o;1;0;1;0;0;0;1;1;-22,7180544;-42,68032;SPRF-RJ;DEL02-RJ;UOP03-DEL02-RJ;;;
716149;04/09/2025;quinta-feira;16:00:00;SC;101;32;JOINVILLE;Condutor deixou de manter dist�ncia do ve�culo da frente;Colis�o traseira;Com V�timas Feridas;Pleno dia;Crescente;Nublado;Dupla;Reta;Sim;2;0;1;0;1;0;1;2;-26,24016381;-48,91288941;SPRF-SC;DEL03-SC;UOP01-DEL03-SC;;;
716150;04/09/2025;quinta-feira;19:00:00;SC;101;41,3;JOINVILLE;Desrespeitar a prefer�ncia no cruzamento;Colis�o transversal;Com V�timas Feridas;Plena Noite;Decrescente;Nublado;Dupla;"Viaduto;Interse��o de Vias;Rotat�ria";Sim;2;0;1;0;1;0;1;2;-26,31873764;-48,87132581;SPRF-SC;DEL03-SC;UOP01-DEL03-SC;;;
716151;04/09/2025;quinta-feira;17:00:00;PR;376;488;PONTA GROSSA;Manobra de mudan�a de faixa;Queda de ocupante de ve�culo;Com V�timas Feridas;Pleno dia;Decrescente;C�u Claro;Dupla;Aclive;N�o;1;0;1;0;0;0;1;1;-25,08770854;-50,19425576;SPRF-PR;DEL03-PR;UOP04-DEL03-PR;;;
716152;04/09/2025;quinta-feira;16:10:00;AM;174;978;MANAUS;Velocidade Incompat�vel;Colis�o frontal;Com V�timas Fatais;Pleno dia;Crescente;C�u Claro;Simples;Aclive;N�o;4;1;1;2;0;0;3;2;-2,15822;-60,00423;SPRF-AM;DEL01-AM;UOP02-DEL01-AM;;;
716153;04/09/2025;quinta-feira;20:45:00;SC;101;210,8;SAO JOSE;Demais falhas mec�nicas ou el�tricas;Colis�o traseira;Com V�timas Feridas;Pleno dia;Decrescente;Nublado;M�ltipla;Reta;Sim;2;0;2;0;0;0;2;2;-27,62186511;-48,65095703;SPRF-SC;DEL01-SC;UOP01-DEL01-SC;;;
716156;04/09/2025;quinta-feira;21:00:00;SC;280;56;GUARAMIRIM;Desrespeitar a prefer�ncia no cruzamento;Colis�o transversal;Com V�timas Feridas;Plena Noite;Crescente;Garoa/Chuvisco;Simples;"Interse��o de Vias;Viaduto;Rotat�ria";Sim;2;0;1;0;1;0;1;2;-26,47879381;-49,00104046;SPRF-SC;DEL03-SC;UOP03-DEL03-SC;;;
716157;04/09/2025;quinta-feira;20:00:00;RS;472;464,5;ITAQUI;Aus�ncia de rea��o do condutor;Sa�da de leito carro��vel;Sem V�timas;Plena Noite;Crescente;Nublado;Simples;Reta;N�o;1;0;0;0;0;1;0;1;-29,16159156;-56,38579488;SPRF-RS;DEL12-RS;UOP01-DEL12-RS;;;
716159;04/09/2025;quinta-feira;20:30:00;MG;381;914,5;CAMANDUCAIA;Aus�ncia de rea��o do condutor;Colis�o traseira;Sem V�timas;Plena Noite;Decrescente;C�u Claro;Dupla;Aclive;N�o;3;0;0;0;2;1;0;2;-22,72932577;-46,13428259;SPRF-MG;DEL16-MG;UOP03-DEL16-MG;;;
716160;04/09/2025;quinta-feira;20:45:00;PB;104;100;ESPERANCA;Aus�ncia de rea��o do condutor;Colis�o frontal;Com V�timas Feridas;Plena Noite;Crescente;Chuva;Simples;Reta;N�o;2;0;0;1;0;1;1;2;-7,045194;-35,85727;SPRF-PB;DEL02-PB;UOP04-DEL02-PB;;;
716161;04/09/2025;quinta-feira;18:30:00;BA;116;367;SERRINHA;Transitar na contram�o;Queda de ocupante de ve�culo;Com V�timas Feridas;Plena Noite;Crescente;Chuva;Simples;Reta;N�o;3;0;1;1;0;1;2;2;-11,68042196;-38,99360329;SPRF-BA;DEL02-BA;UOP01-DEL02-BA;;;
716162;04/09/2025;quinta-feira;21:35:00;BA;116;793,3;VITORIA DA CONQUISTA;Pista esburacada;Colis�o com objeto;Com V�timas Feridas;Plena Noite;Decrescente;Nublado;M�ltipla;"Aclive;Reta";N�o;1;0;1;0;0;0;1;1;-14,719098;-40,618123;SPRF-BA;DEL08-BA;UOP02-DEL08-BA;;;
716163;04/09/2025;quinta-feira;19:30:00;SC;163;122,6;DIONISIO CERQUEIRA;Aus�ncia de rea��o do condutor;Colis�o com objeto;Sem V�timas;Plena Noite;Crescente;Nublado;Simples;"Aclive;Curva";N�o;1;0;0;0;1;0;0;1;-26,30311035;-53,55229855;SPRF-SC;DEL07-SC;UOP03-DEL07-SC;;;
716164;02/09/2025;ter�a-feira;08:30:00;RJ;40;120;DUQUE DE CAXIAS;Rea��o tardia ou ineficiente do condutor;Colis�o lateral mesmo sentido;Com V�timas Feridas;Pleno dia;Crescente;C�u Claro;M�ltipla;Reta;Sim;2;0;1;0;1;0;1;2;-22,77685866;-43,28600977;SPRF-RJ;DEL01-RJ;UOP02-DEL01-RJ;;;
716165;04/09/2025;quinta-feira;22:00:00;SP;116;226,5;GUARULHOS;Trafegar com motocicleta (ou similar) entre as faixas;Colis�o lateral mesmo sentido;Com V�timas Feridas;Plena Noite;Decrescente;Ignorado;M�ltipla;Reta;Sim;2;0;1;0;1;0;1;2;-23,49531882;-46,55478525;SPRF-SP;DEL01-SP;UOP01-DEL01-SP;;;
716166;04/09/2025;quinta-feira;21:50:00;PE;101;28;ITAPISSUMA;Demais falhas mec�nicas ou el�tricas;Tombamento;Com V�timas Feridas;Plena Noite;Decrescente;Chuva;Dupla;Reta;N�o;1;0;0;1;0;0;1;1;-7,724654;-34,941956;SPRF-PE;DEL01-PE;UOP02-DEL01-PE;;;
716167;04/09/2025;quinta-feira;19:00:00;GO;153;641;MORRINHOS;Rea��o tardia ou ineficiente do condutor;Capotamento;Com V�timas Feridas;Plena Noite;Crescente;C�u Claro;Dupla;Reta;N�o;5;0;5;0;0;0;5;1;-17,88477245;-49,23218082;SPRF-GO;DEL03-GO;UOP01-DEL03-GO;;;
716168;31/08/2025;domingo;18:30:00;RJ;101;262;RIO BONITO;Velocidade Incompat�vel;Colis�o com objeto;Com V�timas Feridas;Anoitecer;Decrescente;C�u Claro;Dupla;Curva;Sim;1;0;1;0;0;0;1;1;-22,71824382;-42,62308294;SPRF-RJ;DEL02-RJ;UOP03-DEL02-RJ;;;
716169;04/09/2025;quinta-feira;22:00:00;SP;116;186,3;SANTA ISABEL;Aus�ncia de rea��o do condutor;Capotamento;Com V�timas Feridas;Plena Noite;Decrescente;Nublado;Dupla;Reta;Sim;1;0;1;0;0;0;1;1;-23,37887084;-46,25690854;SPRF-SP;DEL01-SP;UOP01-DEL01-SP;;;
716170;04/09/2025;quinta-feira;21:42:00;AL;423;98,4;DELMIRO GOUVEIA;Animais na Pista;Atropelamento de Animal;Com V�timas Fatais;Plena Noite;Crescente;C�u Claro;Simples;"Reta;Declive";N�o;5;1;0;1;3;0;1;1;-9,402015;-38,18043;SPRF-BA;DEL07-BA;UOP01-DEL07-BA;;;
716171;04/09/2025;quinta-feira;20:47:00;RO;364;340;JI-PARANA;Entrada inopinada do pedestre;Atropelamento de Pedestre;Com V�timas Feridas;Plena Noite;Crescente;C�u Claro;Dupla;Reta;Sim;2;0;2;0;0;0;2;2;-10,893758;-61,930742;SPRF-RO;DEL02-RO;UOP01-DEL02-RO;;;
716173;04/09/2025;quinta-feira;22:48:00;PE;101;69;RECIFE;Acumulo de �gua sobre o pavimento;Queda de ocupante de ve�culo;Com V�timas Feridas;Plena Noite;Decrescente;Chuva;Dupla;Reta;Sim;1;0;1;0;0;0;1;1;-8,060712;-34,945523;SPRF-PE;DEL01-PE;UOP01-DEL01-PE;;;
716177;04/09/2025;quinta-feira;18:49:00;MG;50;198;DELTA;Aus�ncia de rea��o do condutor;Colis�o traseira;Sem V�timas;Anoitecer;Crescente;C�u Claro;Dupla;Reta;N�o;3;0;0;0;3;0;0;2;-19,9157;-47,829489;SPRF-MG;DEL13-MG;UOP01-DEL13-MG;;;
716178;04/09/2025;quinta-feira;23:00:00;RJ;101;305;SAO GONCALO;Manobra de mudan�a de faixa;Colis�o lateral mesmo sentido;Com V�timas Feridas;Plena Noite;Crescente;C�u Claro;Dupla;Reta;Sim;3;0;1;0;1;1;1;3;-22,7855986;-42,98993111;SPRF-RJ;DEL02-RJ;UOP02-DEL02-RJ;;;
716179;04/09/2025;quinta-feira;23:00:00;PR;369;237;JANDAIA DO SUL;Aus�ncia de rea��o do condutor;Colis�o traseira;Com V�timas Feridas;Plena Noite;Crescente;C�u Claro;Simples;Reta;N�o;7;0;3;1;3;0;4;2;-23,64362;-51,68055;SPRF-PR;DEL09-PR;UOP01-DEL09-PR;;;
716180;04/09/2025;quinta-feira;22:00:00;RO;364;427;JARU;Ingest�o de �lcool pelo condutor;Sa�da de leito carro��vel;Com V�timas Feridas;Plena Noite;Crescente;C�u Claro;Simples;Reta;N�o;1;0;1;0;0;0;1;1;-10,3957162;-62,5324214;SPRF-RO;DEL03-RO;UOP02-DEL03-RO;;;
716181;04/09/2025;quinta-feira;21:00:00;MS;262;113,5;AGUA CLARA;Demais falhas mec�nicas ou el�tricas;Inc�ndio;Sem V�timas;Plena Noite;Crescente;C�u Claro;Simples;"Curva;Declive";N�o;5;0;0;0;4;1;0;1;-20,517866;-52,613481;SPRF-MS;DEL07-MS;UOP02-DEL07-MS;;;
716182;05/09/2025;sexta-feira;00:30:00;SC;101;210,1;SAO JOSE;Condutor deixou de manter dist�ncia do ve�culo da frente;Colis�o traseira;Com V�timas Feridas;Plena Noite;Crescente;Chuva;M�ltipla;Reta;Sim;3;0;1;0;1;1;1;2;-27,616822;-48,645748;SPRF-SC;DEL01-SC;UOP01-DEL01-SC;;;
716185;04/09/2025;quinta-feira;20:30:00;MG;381;244,5;SANTANA DO PARAISO;Acesso irregular;Colis�o transversal;Com V�timas Feridas;Plena Noite;Crescente;C�u Claro;Simples;Reta;Sim;3;0;0;1;1;1;1;3;-19,44366328;-42,5131366;SPRF-MG;DEL06-MG;UOP01-DEL06-MG;;;
716186;05/09/2025;sexta-feira;00:30:00;GO;60;110;GOIANAPOLIS;Rea��o tardia ou ineficiente do condutor;Queda de ocupante de ve�culo;Com V�timas Feridas;Plena Noite;Decrescente;C�u Claro;Dupla;Reta;N�o;1;0;1;0;0;0;1;1;-16,450339;-49,032934;SPRF-GO;DEL01-GO;UOP01-DEL01-GO;;;
716187;05/09/2025;sexta-feira;02:00:00;PR;277;82;SAO JOSE DOS PINHAIS;Aus�ncia de rea��o do condutor;Colis�o traseira;Com V�timas Feridas;Plena Noite;Decrescente;C�u Claro;Dupla;Reta;Sim;2;0;1;0;1;0;1;2;-25,5524864;-49,0274816;SPRF-PR;DEL01-PR;UOP03-DEL01-PR;;;
716188;05/09/2025;sexta-feira;00:15:00;RJ;101;295;ITABORAI;Transitar na contram�o;Colis�o frontal;Com V�timas Fatais;Plena Noite;Crescente;C�u Claro;Dupla;Reta;Sim;2;1;1;0;0;0;1;2;-22,7698548;-42,9197273;SPRF-RJ;DEL02-RJ;UOP02-DEL02-RJ;;;
716189;05/09/2025;sexta-feira;02:30:00;SC;101;38,7;JOINVILLE;Desrespeitar a prefer�ncia no cruzamento;Colis�o transversal;Com V�timas Feridas;Plena Noite;Crescente;Nublado;Dupla;"Interse��o de Vias;Rotat�ria;Viaduto";Sim;2;0;1;0;1;0;1;2;-26,29662584;-48,88439052;SPRF-SC;DEL03-SC;UOP01-DEL03-SC;;;
716190;05/09/2025;sexta-feira;00:10:00;MG;116;502,3;INHAPIM;Rea��o tardia ou ineficiente do condutor;Sa�da de leito carro��vel;Com V�timas Fatais;Plena Noite;Decrescente;C�u Claro;Simples;Curva;N�o;2;1;0;1;0;0;1;1;-19,582266;-42,114474;SPRF-MG;DEL06-MG;UOP02-DEL06-MG;;;
716192;04/09/2025;quinta-feira;22:37:00;RO;319;50;PORTO VELHO;Demais falhas mec�nicas ou el�tricas;Inc�ndio;Sem V�timas;Plena Noite;Decrescente;C�u Claro;Dupla;Reta;N�o;1;0;0;0;1;0;0;1;-8,71737455;-63,9819476;SPRF-RO;DEL01-RO;UOP01-DEL01-RO;;;
716194;05/09/2025;sexta-feira;04:50:00;DF;40;4,9;BRASILIA;Animais na Pista;Colis�o com objeto;Com V�timas Feridas;Plena Noite;Crescente;C�u Claro;Dupla;Reta;Sim;3;0;0;2;1;0;2;1;-16,02475973;-47,97976077;SPRF-DF;DEL01-DF;UOP01-DEL01-DF;;;
716196;05/09/2025;sexta-feira;04:20:00;RJ;101;330;RIO DE JANEIRO;Velocidade Incompat�vel;Colis�o traseira;Com V�timas Feridas;Plena Noite;Decrescente;Nublado;Dupla;"Reta;Ponte";N�o;4;0;1;1;2;0;2;2;-22,86791197;-43,19101334;SPRF-RJ;DEL02-RJ;UOP01-DEL02-RJ;;;
716197;05/09/2025;sexta-feira;01:00:00;SC;101;129,9;CAMBORIU;Aus�ncia de rea��o do condutor;Tombamento;Com V�timas Feridas;Plena Noite;Crescente;Garoa/Chuvisco;M�ltipla;Reta;Sim;1;0;0;1;0;0;1;1;-26,98277187;-48,67524594;SPRF-SC;DEL04-SC;UOP03-DEL04-SC;;;
716198;04/09/2025;quinta-feira;23:50:00;PR;376;606;CURITIBA;Pedestre cruzava a pista fora da faixa;Atropelamento de Pedestre;Com V�timas Feridas;Plena Noite;Crescente;Nublado;Dupla;Reta;Sim;2;0;2;0;0;0;2;2;-25,54375694;-49,3065737;SPRF-PR;DEL01-PR;UOP03-DEL01-PR;;;
716199;26/08/2025;ter�a-feira;10:40:00;BA;324;537;AMELIA RODRIGUES;Manobra de mudan�a de faixa;Colis�o lateral mesmo sentido;Com V�timas Feridas;Pleno dia;Crescente;C�u Claro;Dupla;"Interse��o de Vias;Reta";Sim;2;0;1;0;1;0;1;2;-12,37796588;-38,80223606;SPRF-BA;DEL01-BA;UOP03-DEL01-BA;;;
716200;04/09/2025;quinta-feira;23:45:00;RS;470;274;SAO JOSE DO SUL;Velocidade Incompat�vel;Sa�da de leito carro��vel;Sem V�timas;Plena Noite;Crescente;Chuva;Simples;Reta;N�o;1;0;0;0;1;0;0;1;-29,55062663;-51,48031756;SPRF-RS;DEL06-RS;UOP01-DEL06-RS;;;
716201;05/09/2025;sexta-feira;05:50:00;ES;101;149,2;LINHARES;Condutor desrespeitou a ilumina��o vermelha do sem�foro;Colis�o transversal;Com V�timas Feridas;Pleno dia;Decrescente;C�u Claro;Dupla;Interse��o de Vias;Sim;2;0;1;0;1;0;1;2;-19,39957873;-40,06240711;SPRF-ES;DEL04-ES;UOP01-DEL04-ES;;;
716202;05/09/2025;sexta-feira;06:20:00;DF;70;14;BRASILIA;Entrada inopinada do pedestre;Atropelamento de Pedestre;Com V�timas Feridas;Amanhecer;Decrescente;C�u Claro;Dupla;Reta;Sim;2;0;1;0;1;0;1;2;-15,79902592;-48,18079948;SPRF-DF;DEL03-DF;UOP02-DEL03-DF;;;