id;data_inversa;dia_semana;horario;uf;br;km;municipio;causa_acidente;tipo_acidente;classificacao_acidente;fase_dia;sentido_via;condicao_metereologica;tipo_pista;tracado_via;uso_solo;pessoas;mortos;feridos_leves;feridos_graves;ilesos;ignorados;feridos;veiculos;latitude;longitude;regional;delegacia;uop;;;
716322;05/09/2025;sexta-feira;16:15:00;GO;414;437;ANAPOLIS;Transitar no Acostamento;Colis�o transversal;Sem V�timas;Pleno dia;Crescente;C�u Claro;Simples;Interse��o de Vias;N�o;3;0;0;0;3;0;0;2;-16,25886;-48,937222;SPRF-GO;DEL02-GO;UOP01-DEL02-GO;;;
716323;05/09/2025;sexta-feira;14:00:00;AC;364;138;RIO BRANCO;Aus�ncia de rea��o do condutor;Colis�o transversal;Sem V�timas;Pleno dia;Crescente;Nublado;Dupla;Rotat�ria;Sim;2;0;0;0;2;0;0;2;-9,9606612;-67,85670161;SPRF-AC;DEL01-AC;UOP01-DEL01-AC;;;
716324;05/09/2025;sexta-feira;16:00:00;DF;80;11;BRASILIA;Rea��o tardia ou ineficiente do condutor;Capotamento;Com V�timas Feridas;Pleno dia;Crescente;C�u Claro;Simples;Reta;N�o;1;0;1;0;0;0;1;1;-15,7314602;-48,1813083;SPRF-DF;DEL03-DF;UOP02-DEL03-DF;;;
716325;05/09/2025;sexta-feira;17:00:00;SP;116;205;ARUJA;Rea��o tardia ou ineficiente do condutor;Colis�o lateral mesmo sentido;Com V�timas Feridas;Pleno dia;Decrescente;C�u Claro;M�ltipla;Reta;Sim;3;0;1;0;2;0;1;3;-23,4152558;-46,36786072;SPRF-SP;DEL01-SP;UOP01-DEL01-SP;;;
716326;05/09/2025;sexta-feira;15:50:00;PR;369;158,9;CAMBE;Manobra de mudan�a de faixa;Colis�o lateral mesmo sentido;Com V�timas Feridas;Pleno dia;Crescente;C�u Claro;Dupla;"Reta;Aclive";Sim;3;0;1;0;2;0;1;3;-23,28439509;-51,24247985;SPRF-PR;DEL07-PR;UOP01-DEL07-PR;;;
716328;05/09/2025;sexta-feira;16:40:00;BA;324;606;SIMOES FILHO;Aus�ncia de rea��o do condutor;Queda de ocupante de ve�culo;Com V�timas Feridas;Pleno dia;Decrescente;C�u Claro;Dupla;Reta;N�o;2;0;2;0;0;0;2;1;-12,8030878;-38,4033027;SPRF-BA;DEL01-BA;UOP01-DEL01-BA;;;
716330;08/08/2025;sexta-feira;06:45:00;PB;230;5;CABEDELO;Acessar a via sem observar a presen�a dos outros ve�culos;Colis�o transversal;Com V�timas Feridas;Pleno dia;Crescente;Sol;Dupla;Interse��o de Vias;Sim;3;0;1;0;2;0;1;3;-7,005741;-34,829567;SPRF-PB;DEL01-PB;UOP01-DEL01-PB;;;
716331;05/09/2025;sexta-feira;16:20:00;MG;116;524,3;CARATINGA;Ultrapassagem Indevida;Colis�o lateral mesmo sentido;Com V�timas Feridas;Pleno dia;Decrescente;C�u Claro;Simples;"Reta;Interse��o de Vias";Sim;3;0;2;0;1;0;2;2;-19,7667431;-42,13126302;SPRF-MG;DEL06-MG;UOP02-DEL06-MG;;;
716334;05/09/2025;sexta-feira;14:50:00;AC;364;136;RIO BRANCO;Rea��o tardia ou ineficiente do condutor;Tombamento;Com V�timas Feridas;Pleno dia;Decrescente;Nublado;Dupla;Reta;Sim;1;0;0;1;0;0;1;1;-9,96795654;-67,8534317;SPRF-AC;DEL01-AC;UOP01-DEL01-AC;;;
716337;05/09/2025;sexta-feira;17:15:00;SP;116;149;SAO JOSE DOS CAMPOS;Manobra de mudan�a de faixa;Colis�o traseira;Com V�timas Feridas;Pleno dia;Decrescente;C�u Claro;M�ltipla;"Reta;Aclive";Sim;2;0;1;0;1;0;1;2;-23,20759183;-45,88660805;SPRF-SP;DEL02-SP;UOP01-DEL02-SP;;;
716338;05/09/2025;sexta-feira;17:40:00;BA;116;423;FEIRA DE SANTANA;Manobra de mudan�a de faixa;Colis�o lateral mesmo sentido;Com V�timas Feridas;Anoitecer;Decrescente;C�u Claro;Dupla;Reta;Sim;2;0;1;0;1;0;1;2;-12,23204429;-38,97100478;SPRF-BA;DEL02-BA;UOP01-DEL02-BA;;;
716339;05/09/2025;sexta-feira;17:40:00;SC;101;52;JOINVILLE;Rea��o tardia ou ineficiente do condutor;Colis�o traseira;Com V�timas Feridas;Anoitecer;Decrescente;Chuva;Dupla;Reta;Sim;3;0;1;0;2;0;1;3;-26,403698;-48,8390566;SPRF-SC;DEL03-SC;UOP01-DEL03-SC;;;
716341;05/09/2025;sexta-feira;16:10:00;BA;367;29;PORTO SEGURO;Acessar a via sem observar a presen�a dos outros ve�culos;Colis�o transversal;Com V�timas Feridas;Pleno dia;Crescente;C�u Claro;Simples;"Interse��o de Vias;Retorno Regulamentado";Sim;2;0;1;0;1;0;1;2;-16,414533;-39,123928;SPRF-BA;DEL09-BA;UOP03-DEL09-BA;;;
716342;05/09/2025;sexta-feira;15:30:00;RJ;116;110;MAGE;Acessar a via sem observar a presen�a dos outros ve�culos;Colis�o lateral mesmo sentido;Sem V�timas;Pleno dia;Crescente;C�u Claro;Simples;Reta;N�o;2;0;0;0;1;1;0;2;-22,6595192;-43,0910821;SPRF-RJ;DEL04-RJ;UOP02-DEL04-RJ;;;
716343;05/09/2025;sexta-feira;16:05:00;GO;364;14;SAO SIMAO;Transitar na contram�o;Colis�o lateral sentido oposto;Com V�timas Feridas;Pleno dia;Crescente;C�u Claro;Simples;Reta;N�o;2;0;1;0;1;0;1;2;-18,969818;-50,607835;SPRF-GO;DEL05-GO;UOP02-DEL05-GO;;;
716345;05/09/2025;sexta-feira;17:48:00;PR;153;338;IRATI;Acessar a via sem observar a presen�a dos outros ve�culos;Colis�o transversal;Com V�timas Feridas;Pleno dia;Crescente;C�u Claro;Simples;"Interse��o de Vias;Reta";Sim;3;0;1;0;2;0;1;2;-25,51899358;-50,65441847;SPRF-PR;DEL08-PR;UOP02-DEL08-PR;;;
716346;05/09/2025;sexta-feira;17:05:00;PE;101;89;JABOATAO DOS GUARARAPES;Rea��o tardia ou ineficiente do condutor;Colis�o traseira;Com V�timas Feridas;Anoitecer;Crescente;Nublado;Dupla;Reta;N�o;3;0;1;0;1;1;1;3;-8,22064;-34,9901;SPRF-PE;DEL01-PE;UOP01-DEL01-PE;;;
716348;05/09/2025;sexta-feira;17:40:00;DF;40;2,8;BRASILIA;Aus�ncia de rea��o do condutor;Colis�o traseira;Com V�timas Feridas;Anoitecer;Crescente;C�u Claro;Dupla;"Reta;Viaduto";Sim;2;0;1;0;1;0;1;2;-16,004753;-47,983832;SPRF-DF;DEL01-DF;UOP01-DEL01-DF;;;
716349;05/09/2025;sexta-feira;17:40:00;MG;459;77,6;SENADOR JOSE BENTO;Aus�ncia de rea��o do condutor;Sa�da de leito carro��vel;Com V�timas Feridas;Pleno dia;Crescente;C�u Claro;Simples;Curva;N�o;2;0;1;0;0;1;1;2;-22,145253;-46,13102;SPRF-MG;DEL09-MG;UOP01-DEL09-MG;;;
716351;05/09/2025;sexta-feira;16:40:00;RJ;101;59;CAMPOS DOS GOYTACAZES;Convers�o proibida;Colis�o transversal;Com V�timas Fatais;Pleno dia;Crescente;C�u Claro;Dupla;Reta;Sim;2;1;0;0;1;0;0;2;-21,721194;-41,3156077;SPRF-RJ;DEL08-RJ;UOP01-DEL08-RJ;;;
716353;27/07/2025;domingo;10:45:00;SC;470;179;POUSO REDONDO;Convers�o proibida;Sa�da de leito carro��vel;Com V�timas Feridas;Pleno dia;Decrescente;Nublado;Simples;Reta;N�o;4;0;3;0;0;1;3;2;-27,24853868;-49,98291202;SPRF-SC;DEL04-SC;UOP02-DEL04-SC;;;
716354;05/09/2025;sexta-feira;17:40:00;MS;60;373,5;CAMPO GRANDE;Aus�ncia de rea��o do condutor;Sa�da de leito carro��vel;Com V�timas Feridas;Anoitecer;Decrescente;C�u Claro;Simples;Reta;N�o;1;0;1;0;0;0;1;1;-20,581497;-54,713847;SPRF-MS;DEL01-MS;UOP04-DEL01-MS;;;
716358;01/09/2025;segunda-feira;12:30:00;MA;135;76;SANTA RITA;Condutor deixou de manter dist�ncia do ve�culo da frente;Colis�o traseira;Sem V�timas;Pleno dia;Crescente;C�u Claro;Simples;Reta;Sim;1;0;0;0;1;0;0;1;-3,187777;-44,350434;SPRF-MA;DEL01-MA;UOP02-DEL01-MA;;;
716359;05/09/2025;sexta-feira;18:30:00;SC;282;1,9;FLORIANOPOLIS;Condutor deixou de manter dist�ncia do ve�culo da frente;Colis�o traseira;Com V�timas Feridas;Plena Noite;Crescente;Chuva;M�ltipla;Reta;Sim;3;0;2;0;1;0;2;2;-27,60362582;-48,58675417;SPRF-SC;DEL01-SC;UOP01-DEL01-SC;;;
716360;05/09/2025;sexta-feira;17:45:00;ES;101;297,2;CARIACICA;Trafegar com motocicleta (ou similar) entre as faixas;Colis�o traseira;Com V�timas Feridas;Anoitecer;Crescente;C�u Claro;Dupla;Reta;Sim;2;0;1;0;1;0;1;2;-20,347605;-40,411545;SPRF-ES;DEL01-ES;UOP01-DEL01-ES;;;
716361;05/09/2025;sexta-feira;18:01:00;PR;376;617;SAO JOSE DOS PINHAIS;Condutor usando celular;Sa�da de leito carro��vel;Com V�timas Feridas;Plena Noite;Crescente;C�u Claro;Simples;"Reta;Declive";N�o;1;0;1;0;0;0;1;1;-25,594711;-49,173534;SPRF-PR;DEL01-PR;UOP04-DEL01-PR;;;
716363;05/09/2025;sexta-feira;18:15:00;PR;116;208,9;RIO NEGRO;Aus�ncia de rea��o do condutor;Colis�o transversal;Com V�timas Feridas;Anoitecer;Crescente;Garoa/Chuvisco;Simples;"Reta;Aclive";Sim;3;0;1;0;2;0;1;2;-26,084385;-49,777018;SPRF-SC;DEL06-SC;UOP01-DEL06-SC;;;
716365;05/09/2025;sexta-feira;17:50:00;MG;116;276,8;TEOFILO OTONI;Aus�ncia de rea��o do condutor;Atropelamento de Pedestre;Com V�timas Feridas;Anoitecer;Decrescente;C�u Claro;Simples;Reta;Sim;2;0;0;2;0;0;2;2;-17,857891;-41,514913;SPRF-MG;DEL11-MG;UOP01-DEL11-MG;;;
716366;05/09/2025;sexta-feira;18:50:00;PE;101;39,6;IGARASSU;Animais na Pista;Atropelamento de Animal;Com V�timas Feridas;Plena Noite;Crescente;C�u Claro;Dupla;"Reta;Aclive";Sim;1;0;0;1;0;0;1;1;-7,81640076;-34,91787601;SPRF-PE;DEL01-PE;UOP02-DEL01-PE;;;
716367;05/09/2025;sexta-feira;14:00:00;SC;101;275,6;IMBITUBA;Velocidade Incompat�vel;Sa�da de leito carro��vel;Com V�timas Feridas;Pleno dia;Crescente;Garoa/Chuvisco;M�ltipla;Reta;Sim;1;0;1;0;0;0;1;1;-28,15453572;-48,69261861;SPRF-SC;DEL02-SC;UOP03-DEL02-SC;;;
716368;05/09/2025;sexta-feira;18:40:00;BA;324;611;SIMOES FILHO;Trafegar com motocicleta (ou similar) entre as faixas;Colis�o lateral mesmo sentido;Com V�timas Feridas;Pleno dia;Crescente;C�u Claro;Dupla;Reta;Sim;2;0;1;0;1;0;1;2;-12,82787002;-38,41026306;SPRF-BA;DEL01-BA;UOP01-DEL01-BA;;;
716369;05/09/2025;sexta-feira;18:30:00;RJ;393;292;BARRA MANSA;Defici�ncia do Sistema de Ilumina��o/Sinaliza��o;Colis�o transversal;Com V�timas Feridas;Plena Noite;Crescente;C�u Claro;Simples;"Reta;Interse��o de Vias";Sim;2;0;1;0;1;0;1;2;-22,5430406;-44,11324024;SPRF-RJ;DEL05-RJ;UOP04-DEL05-RJ;;;
716371;05/09/2025;sexta-feira;15:40:00;RJ;101;313;SAO GONCALO;Aus�ncia de rea��o do condutor;Colis�o traseira;Com V�timas Feridas;Pleno dia;Decrescente;C�u Claro;Dupla;Reta;Sim;4;0;2;0;2;0;2;2;-22,81395383;-43,07423528;SPRF-RJ;DEL02-RJ;UOP02-DEL02-RJ;;;
716372;05/09/2025;sexta-feira;19:00:00;PR;376;617;SAO JOSE DOS PINHAIS;Condutor deixou de manter dist�ncia do ve�culo da frente;Colis�o traseira;Com V�timas Feridas;Plena Noite;Crescente;Nublado;Dupla;Curva;Sim;3;0;1;0;2;0;1;3;-25,58881307;-49,17237729;SPRF-PR;DEL01-PR;UOP04-DEL01-PR;;;
716373;05/09/2025;sexta-feira;15:50:00;RJ;40;110;DUQUE DE CAXIAS;Estacionar ou parar em local proibido;Colis�o transversal;Com V�timas Feridas;Pleno dia;Decrescente;C�u Claro;Dupla;Reta;Sim;4;0;3;0;0;1;3;3;-22,6888;-43,28624;SPRF-RJ;DEL01-RJ;UOP02-DEL01-RJ;;;
716374;05/09/2025;sexta-feira;19:45:00;PR;369;199,5;APUCARANA;Transitar na contram�o;Colis�o lateral sentido oposto;Com V�timas Fatais;Plena Noite;Crescente;C�u Claro;Simples;Reta;Sim;3;1;1;0;1;0;1;3;-23,52716271;-51,4458847;SPRF-PR;DEL07-PR;UOP03-DEL07-PR;;;
716375;05/09/2025;sexta-feira;19:15:00;SC;101;343,4;TUBARAO;Condutor deixou de manter dist�ncia do ve�culo da frente;Colis�o traseira;Com V�timas Feridas;Plena Noite;Crescente;Chuva;Dupla;Reta;N�o;5;0;1;0;4;0;1;3;-28,54257994;-49,05331135;SPRF-SC;DEL02-SC;UOP01-DEL02-SC;;;
716376;05/09/2025;sexta-feira;18:00:00;RJ;101;282;ITABORAI;Aus�ncia de rea��o do condutor;Queda de ocupante de ve�culo;Sem V�timas;Pleno dia;Crescente;C�u Claro;Dupla;Curva;N�o;1;0;0;0;1;0;0;1;-22,74222029;-42,80724049;SPRF-RJ;DEL02-RJ;UOP02-DEL02-RJ;;;
716378;05/09/2025;sexta-feira;18:45:00;RN;304;112,9;ACU;Animais na Pista;Atropelamento de Animal;Sem V�timas;Plena Noite;Crescente;C�u Claro;Simples;Reta;Sim;1;0;0;0;1;0;0;1;-5,60547;-36,913767;SPRF-RN;DEL04-RN;UOP01-DEL04-RN;;;
716379;05/09/2025;sexta-feira;19:20:00;DF;20;4;BRASILIA;Condutor deixou de manter dist�ncia do ve�culo da frente;Colis�o traseira;Com V�timas Feridas;Plena Noite;Crescente;C�u Claro;M�ltipla;Reta;Sim;2;0;1;0;1;0;1;2;-15,67362042;-47,8200084;SPRF-DF;DEL02-DF;UOP01-DEL02-DF;;;
716380;05/09/2025;sexta-feira;16:20:00;AC;364;152;BUJARI;Ingest�o de �lcool pelo condutor;Sa�da de leito carro��vel;Com V�timas Feridas;Pleno dia;Decrescente;Nublado;Simples;"Declive;Curva";N�o;2;0;2;0;0;0;2;1;-9,84817816;-67,92573881;SPRF-AC;DEL01-AC;UOP01-DEL01-AC;;;
716381;05/09/2025;sexta-feira;19:50:00;SC;470;126;LONTRAS;Velocidade Incompat�vel;Sa�da de leito carro��vel;Com V�timas Feridas;Plena Noite;Decrescente;Chuva;Simples;Reta;Sim;1;0;1;0;0;0;1;1;-27,1339142;-49,5413026;SPRF-SC;DEL04-SC;UOP02-DEL04-SC;;;
716386;05/09/2025;sexta-feira;18:19:00;ES;393;1;CACHOEIRO DE ITAPEMIRIM;Condutor deixou de manter dist�ncia do ve�culo da frente;Queda de ocupante de ve�culo;Com V�timas Feridas;Anoitecer;Crescente;C�u Claro;Simples;Reta;Sim;1;0;0;1;0;0;1;1;-20,83369788;-41,177077;SPRF-ES;DEL03-ES;UOP02-DEL03-ES;;;
716388;05/09/2025;sexta-feira;18:40:00;RJ;493;62,5;NOVA IGUACU;Animais na Pista;Atropelamento de Animal;Com V�timas Feridas;Plena Noite;Decrescente;Nublado;Dupla;Reta;N�o;2;0;2;0;0;0;2;1;-22,68391506;-43,42311859;SPRF-RJ;DEL01-RJ;UOP03-DEL01-RJ;;;
716389;05/09/2025;sexta-feira;19:30:00;PE;232;90;GRAVATA;Acesso irregular;Colis�o traseira;Com V�timas Feridas;Plena Noite;Crescente;C�u Claro;Dupla;Reta;N�o;4;0;2;0;2;0;2;2;-8,19042199;-35,50849915;SPRF-PE;DEL02-PE;UOP02-DEL02PE;;;
716390;05/09/2025;sexta-feira;19:20:00;ES;101;53,4;CONCEICAO DA BARRA;Velocidade Incompat�vel;Sa�da de leito carro��vel;Com V�timas Feridas;Plena Noite;Crescente;Nublado;Simples;Reta;N�o;2;0;2;0;0;0;2;1;-18,618851;-39,882419;SPRF-ES;DEL04-ES;UOP02-DEL04-ES;;;
716392;05/09/2025;sexta-feira;18:30:00;BA;110;5;PAULO AFONSO;Animais na Pista;Atropelamento de Animal;Com V�timas Feridas;Plena Noite;Crescente;Nublado;Simples;Reta;N�o;3;0;0;1;2;0;1;3;-9,467;-38,204;SPRF-BA;DEL07-BA;UOP01-DEL07-BA;;;
716393;05/09/2025;sexta-feira;21:00:00;PR;476;146;CURITIBA;Avarias e/ou desgaste excessivo no pneu;Sa�da de leito carro��vel;Com V�timas Fatais;Plena Noite;Crescente;Chuva;Dupla;Reta;N�o;3;1;0;2;0;0;2;1;-25,5513575;-49,3308525;SPRF-PR;DEL01-PR;UOP06-DEL01-PR;;;
716394;05/09/2025;sexta-feira;17:35:00;PI;316;313;PICOS;Acessar a via sem observar a presen�a dos outros ve�culos;Colis�o transversal;Com V�timas Feridas;Pleno dia;Decrescente;C�u Claro;Simples;Curva;Sim;2;0;2;0;0;0;2;2;-7,07763049;-41,4442268;SPRF-PI;DEL04-PI;UOP01-DEL04-PI;;;
716395;05/09/2025;sexta-feira;20:50:00;MG;40;741,1;SANTOS DUMONT;Acessar a via sem observar a presen�a dos outros ve�culos;Atropelamento de Pedestre;Com V�timas Feridas;Plena Noite;Crescente;C�u Claro;Simples;Curva;N�o;2;0;1;0;1;0;1;2;-21,45179048;-43,55787277;SPRF-MG;DEL05-MG;UOP01-DEL05-MG;;;
716396;05/09/2025;sexta-feira;20:40:00;RJ;101;318;SAO GONCALO;Trafegar com motocicleta (ou similar) entre as faixas;Colis�o lateral mesmo sentido;Com V�timas Feridas;Plena Noite;Decrescente;C�u Claro;Dupla;Reta;Sim;3;0;1;0;2;0;1;2;-22,8410439;-43,09628455;SPRF-RJ;DEL02-RJ;UOP02-DEL02-RJ;;;
716397;05/09/2025;sexta-feira;19:50:00;RS;290;176,7;BUTIA;Acessar a via sem observar a presen�a dos outros ve�culos;Colis�o lateral mesmo sentido;Com V�timas Feridas;Plena Noite;Crescente;C�u Claro;Simples;Reta;Sim;2;0;1;0;1;0;1;2;-30,13227661;-51,97919853;SPRF-RS;DEL02-RS;UOP03-DEL02-RS;;;
716398;05/09/2025;sexta-feira;21:10:00;RN;101;71,7;EXTREMOZ;Condutor deixou de manter dist�ncia do ve�culo da frente;Colis�o lateral mesmo sentido;Com V�timas Feridas;Plena Noite;Crescente;Nublado;Simples;Reta;N�o;3;0;1;0;2;0;1;3;-5,6994182;-35,262863;SPRF-RN;DEL02-RN;UOP01-DEL02-RN;;;
716399;05/09/2025;sexta-feira;19:30:00;RR;174;415;IRACEMA;Ultrapassagem Indevida;Colis�o frontal;Com V�timas Fatais;Plena Noite;Crescente;C�u Claro;Simples;Reta;N�o;3;1;1;0;1;0;1;2;2,199611;-61,0254;SPRF-RR;DEL01-RR;UOP01-DEL01-RR;;;
716402;05/09/2025;sexta-feira;21:10:00;CE;116;22;AQUIRAZ;Rea��o tardia ou ineficiente do condutor;Tombamento;Com V�timas Feridas;Plena Noite;Crescente;C�u Claro;Dupla;Reta;N�o;1;0;0;1;0;0;1;1;-3,9694085;-38,5149765;SPRF-CE;DEL01-CE;UOP02-DEL01-CE;;;
716403;05/09/2025;sexta-feira;18:30:00;RO;364;346;JI-PARANA;Convers�o proibida;Colis�o lateral mesmo sentido;Com V�timas Feridas;Plena Noite;Crescente;C�u Claro;Simples;"Interse��o de Vias;Reta";Sim;2;0;1;0;1;0;1;2;-10,85823214;-61,9798404;SPRF-RO;DEL02-RO;UOP01-DEL02-RO;;;
716405;05/09/2025;sexta-feira;18:30:00;RO;364;13;VILHENA;Desrespeitar a prefer�ncia no cruzamento;Colis�o transversal;Com V�timas Feridas;Anoitecer;Decrescente;C�u Claro;Dupla;Rotat�ria;Sim;2;0;1;0;1;0;1;2;-12,74101885;-60,1329115;SPRF-RO;DEL04-RO;UOP01-DEL04-RO;;;
716406;05/09/2025;sexta-feira;19:10:00;PR;376;444;TIBAGI;Velocidade Incompat�vel;Sa�da de leito carro��vel;Com V�timas Feridas;Plena Noite;Crescente;Garoa/Chuvisco;Dupla;"Curva;Declive";N�o;2;0;1;0;1;0;1;1;-24,87732645;-50,44260979;SPRF-PR;DEL03-PR;UOP02-DEL03-PR;;;
716407;05/09/2025;sexta-feira;20:50:00;RS;386;438,6;NOVA SANTA RITA;Aus�ncia de rea��o do condutor;Queda de ocupante de ve�culo;Com V�timas Feridas;Plena Noite;Crescente;Nublado;Dupla;Reta;Sim;1;0;1;0;0;0;1;1;-29,869692;-51,249763;SPRF-RS;DEL04-RS;UOP02-DEL04-RS;;;
716408;05/09/2025;sexta-feira;21:40:00;SP;381;86;SAO PAULO;Pedestre andava na pista;Atropelamento de Pedestre;Sem V�timas;Plena Noite;Decrescente;C�u Claro;M�ltipla;Reta;Sim;1;0;0;0;1;0;0;1;-23,45514542;-46,57095607;SPRF-SP;DEL03-SP;UOP01-DEL03-SP;;;
716410;05/09/2025;sexta-feira;21:20:00;RJ;393;286;VOLTA REDONDA;Ultrapassagem Indevida;Colis�o lateral mesmo sentido;Sem V�timas;Plena Noite;Crescente;C�u Claro;Simples;"Interse��o de Vias;Declive";Sim;2;0;0;0;2;0;0;2;-22,50614872;-44,07680361;SPRF-RJ;DEL05-RJ;UOP04-DEL05-RJ;;;
716411;05/09/2025;sexta-feira;21:40:00;PR;116;122;CURITIBA;Acessar a via sem observar a presen�a dos outros ve�culos;Colis�o lateral mesmo sentido;Com V�timas Feridas;Pleno dia;Crescente;Nublado;Dupla;Reta;N�o;3;0;2;0;1;0;2;2;-25,605103;-49,318487;SPRF-PR;DEL01-PR;UOP03-DEL01-PR;;;
716412;05/09/2025;sexta-feira;18:30:00;RJ;116;181;NOVA IGUACU;Entrada inopinada do pedestre;Atropelamento de Pedestre;Com V�timas Fatais;Plena Noite;Decrescente;C�u Claro;Dupla;Reta;N�o;2;1;0;0;0;1;0;2;-22,76213008;-43,42259154;SPRF-RJ;DEL06-RJ;UOP01-DEL06-RJ;;;
716414;05/09/2025;sexta-feira;20:15:00;MG;381;541;ITATIAIUCU;Avarias e/ou desgaste excessivo no pneu;Sa�da de leito carro��vel;Com V�timas Feridas;Plena Noite;Decrescente;C�u Claro;Dupla;Curva;N�o;2;0;0;2;0;0;2;1;-20,23245152;-44,39974006;SPRF-MG;DEL04-MG;UOP03-DEL04-MG;;;
716415;05/09/2025;sexta-feira;19:45:00;MG;381;521,8;BRUMADINHO;Demais falhas mec�nicas ou el�tricas;Inc�ndio;Sem V�timas;Plena Noite;Crescente;Nublado;Dupla;"Reta;Declive";N�o;1;0;0;0;1;0;0;1;-20,12399789;-44,30132425;SPRF-MG;DEL04-MG;UOP03-DEL04-MG;;;
716416;05/09/2025;sexta-feira;20:40:00;RJ;101;200;CASIMIRO DE ABREU;Condutor Dormindo;Sa�da de leito carro��vel;Sem V�timas;Plena Noite;Decrescente;C�u Claro;Dupla;Reta;N�o;1;0;0;0;0;1;0;1;-22,47557374;-42,17227168;SPRF-RJ;DEL08-RJ;UOP04-DEL08-RJ;;;
716417;05/09/2025;sexta-feira;19:15:00;MG;381;255;CORONEL FABRICIANO;Objeto est�tico sobre o leito carro��vel;Colis�o com objeto;Com V�timas Feridas;Pleno dia;Crescente;C�u Claro;Simples;Reta;N�o;1;0;1;0;0;0;1;1;-19,53245118;-42,58541107;SPRF-MG;DEL03-MG;UOP01-DEL03-MG;;;
716418;05/09/2025;sexta-feira;18:30:00;MG;116;137,5;PONTO DOS VOLANTES;Rea��o tardia ou ineficiente do condutor;Colis�o transversal;Com V�timas Feridas;Pleno dia;Crescente;C�u Claro;Simples;Reta;Sim;3;0;0;1;2;0;1;2;-16,754183;-41,502579;SPRF-MG;DEL11-MG;UOP02-DEL11-MG;;;
716419;05/09/2025;sexta-feira;15:00:00;RO;364;110;CHUPINGUAIA;Transitar na contram�o;Colis�o frontal;Com V�timas Feridas;Pleno dia;Decrescente;C�u Claro;Simples;Aclive;N�o;6;0;3;3;0;0;6;2;-12,2181;-60,692;SPRF-RO;DEL04-RO;UOP01-DEL04-RO;;;
716420;05/09/2025;sexta-feira;23:10:00;DF;80;13;BRASILIA;Ingest�o de �lcool pelo condutor;Colis�o lateral mesmo sentido;Sem V�timas;Plena Noite;Crescente;C�u Claro;Simples;Reta;Sim;3;0;0;0;3;0;0;2;-15,7952822;-48,199092;SPRF-DF;DEL03-DF;UOP02-DEL03-DF;;;
716421;05/09/2025;sexta-feira;18:10:00;RO;364;10;VILHENA;Acessar a via sem observar a presen�a dos outros ve�culos;Colis�o transversal;Com V�timas Feridas;Plena Noite;Crescente;C�u Claro;Simples;Reta;Sim;2;0;1;0;1;0;1;2;-12;-60;SPRF-RO;DEL04-RO;UOP01-DEL04-RO;;;
716422;05/09/2025;sexta-feira;22:10:00;PR;376;665;GUARATUBA;Velocidade Incompat�vel;Colis�o traseira;Com V�timas Feridas;Plena Noite;Crescente;Garoa/Chuvisco;Simples;Declive;N�o;3;0;1;0;2;0;1;3;-25,866744;-48,948029;SPRF-PR;DEL01-PR;UOP04-DEL01-PR;;;
716423;05/09/2025;sexta-feira;22:40:00;DF;20;10;BRASILIA;Trafegar com motocicleta (ou similar) entre as faixas;Colis�o com objeto;Com V�timas Feridas;Plena Noite;Decrescente;C�u Claro;Dupla;Declive;Sim;1;0;0;1;0;0;1;1;-15,65014739;-47,77301788;SPRF-DF;DEL02-DF;UOP01-DEL02-DF;;;
716425;05/09/2025;sexta-feira;22:28:00;MG;40;557;NOVA LIMA;Demais falhas mec�nicas ou el�tricas;Tombamento;Com V�timas Feridas;Plena Noite;Crescente;C�u Claro;Dupla;Reta;N�o;2;0;1;0;1;0;1;1;-20,03499136;-43,96813107;SPRF-MG;DEL01-MG;UOP02-DEL01-MG;;;
716427;05/09/2025;sexta-feira;21:45:00;PR;277;592,8;CASCAVEL;Convers�o proibida;Sa�da de leito carro��vel;Com V�timas Fatais;Plena Noite;Crescente;Nevoeiro/Neblina;Simples;"Aclive;Reta";Sim;14;1;12;0;1;0;12;1;-24,9809342;-53,4814949;SPRF-PR;DEL04-PR;UOP01-DEL04-PR;;;
716430;05/09/2025;sexta-feira;18:10:00;PI;316;107;PASSAGEM FRANCA DO PIAUI;Animais na Pista;Atropelamento de Animal;Com V�timas Feridas;Anoitecer;Decrescente;C�u Claro;Simples;Curva;N�o;1;0;0;1;0;0;1;1;-5,860541;-42,43085;SPRF-PI;DEL04-PI;UOP02-DEL04-PI;;;
716431;05/09/2025;sexta-feira;23:15:00;MG;116;417,4;GOVERNADOR VALADARES;Animais na Pista;Atropelamento de Animal;Com V�timas Feridas;Plena Noite;Crescente;C�u Claro;Simples;Reta;Sim;1;0;1;0;0;0;1;1;-18,90278015;-41,94414851;SPRF-MG;DEL06-MG;UOP01-DEL06-MG;;;
716432;05/09/2025;sexta-feira;23:30:00;MG;381;941;EXTREMA;Manobra de mudan�a de faixa;Colis�o traseira;Com V�timas Feridas;Plena Noite;Crescente;C�u Claro;Dupla;Reta;N�o;2;0;2;0;0;0;2;2;-22,8395431;-46,32860185;SPRF-MG;DEL16-MG;UOP03-DEL16-MG;;;