id;data_inversa;dia_semana;horario;uf;br;km;municipio;causa_acidente;tipo_acidente;classificacao_acidente;fase_dia;sentido_via;condicao_metereologica;tipo_pista;tracado_via;uso_solo;pessoas;mortos;feridos_leves;feridos_graves;ilesos;ignorados;feridos;veiculos;latitude;longitude;regional;delegacia;uop;;;
716433;05/09/2025;sexta-feira;21:00:00;PA;230;7;ALTAMIRA;Transitar na contram�o;Colis�o frontal;Com V�timas Feridas;Plena Noite;Decrescente;Ignorado;Simples;Reta;Sim;2;0;2;0;0;0;2;2;-3,21401287;-52,21498598;SPRF-PA;DEL04-PA;UOP01-DEL04-PA;;;
716434;05/09/2025;sexta-feira;18:20:00;MS;436;16,8;APARECIDA DO TABOADO;Aus�ncia de rea��o do condutor;Colis�o com objeto;Sem V�timas;Plena Noite;Crescente;C�u Claro;Dupla;"Ponte;Reta;Em Obras";N�o;2;0;0;0;2;0;0;2;-20,10204243;-51,01535797;SPRF-MS;DEL08-MS;UOP01-DEL08-MS;;;
716435;05/09/2025;sexta-feira;23:15:00;CE;116;14,3;FORTALEZA;Pedestre - Ingest�o de �lcool/ subst�ncias psicoativas;Atropelamento de Pedestre;Com V�timas Feridas;Plena Noite;Crescente;C�u Claro;M�ltipla;Reta;Sim;2;0;2;0;0;0;2;2;-3,87324655;-38,49923998;SPRF-CE;DEL01-CE;UOP02-DEL01-CE;;;
716438;06/09/2025;s�bado;00:20:00;RS;290;107;ELDORADO DO SUL;Ingest�o de �lcool pelo condutor;Colis�o com objeto;Sem V�timas;Plena Noite;Crescente;C�u Claro;Dupla;Reta;Sim;1;0;0;0;1;0;0;1;-30,001356;-51,30374587;SPRF-RS;DEL02-RS;UOP01-DEL02-RS;;;
716440;06/09/2025;s�bado;00:50:00;GO;20;84,9;VILA BOA;Animais na Pista;Atropelamento de Animal;Com V�timas Feridas;Plena Noite;Crescente;C�u Claro;Dupla;Reta;N�o;2;0;1;0;1;0;1;1;-15,0602095;-47,0747561;SPRF-DF;DEL02-DF;UOP02-DEL02-DF;;;
716441;06/09/2025;s�bado;01:30:00;RS;470;229,9;CARLOS BARBOSA;Rea��o tardia ou ineficiente do condutor;Sa�da de leito carro��vel;Sem V�timas;Plena Noite;Crescente;Nublado;Simples;Reta;Sim;1;0;0;0;0;1;0;1;-29,27838947;-51,49277683;SPRF-RS;DEL06-RS;UOP01-DEL06-RS;;;
716442;06/09/2025;s�bado;02:15:00;DF;70;14,1;BRASILIA;Rea��o tardia ou ineficiente do condutor;Colis�o com objeto;Com V�timas Feridas;Plena Noite;Decrescente;Nublado;M�ltipla;Reta;Sim;1;0;1;0;0;0;1;1;-15,797752;-48,177513;SPRF-DF;DEL03-DF;UOP02-DEL03-DF;;;
716443;06/09/2025;s�bado;02:20:00;ES;101;141,8;LINHARES;Ingest�o de �lcool pelo condutor;Sa�da de leito carro��vel;Com V�timas Feridas;Plena Noite;Decrescente;C�u Claro;M�ltipla;"Retorno Regulamentado;Reta";Sim;1;0;1;0;0;0;1;1;-19,3329536;-40,06843376;SPRF-ES;DEL04-ES;UOP01-DEL04-ES;;;
716444;06/09/2025;s�bado;01:30:00;GO;40;115,6;CRISTALINA;Rea��o tardia ou ineficiente do condutor;Sa�da de leito carro��vel;Com V�timas Feridas;Plena Noite;Crescente;C�u Claro;Dupla;Reta;N�o;2;0;2;0;0;0;2;1;-16,851525;-47,461453;SPRF-DF;DEL01-DF;UOP02-DEL01-DF;;;
716446;06/09/2025;s�bado;01:40:00;PR;376;222;CAMBIRA;Aus�ncia de rea��o do condutor;Sa�da de leito carro��vel;Com V�timas Feridas;Plena Noite;Crescente;C�u Claro;Dupla;Reta;N�o;1;0;1;0;0;0;1;1;-23,60149925;-51,60216093;SPRF-PR;DEL09-PR;UOP01-DEL09-PR;;;
716447;06/09/2025;s�bado;02:00:00;MG;381;490;BETIM;Pedestre andava na pista;Atropelamento de Pedestre;Com V�timas Feridas;Plena Noite;Crescente;C�u Claro;Dupla;Reta;Sim;2;0;0;1;0;1;1;2;-19,95614348;-44,14344661;SPRF-MG;DEL01-MG;UOP03-DEL01-MG;;;
716448;06/09/2025;s�bado;03:00:00;RS;116;243;SAO LEOPOLDO;Aus�ncia de rea��o do condutor;Colis�o com objeto;Sem V�timas;Plena Noite;Decrescente;Nublado;Dupla;"Rotat�ria;Viaduto";Sim;2;0;0;0;2;0;0;1;-29,729883;-51,1488919;SPRF-RS;DEL01-RS;UOP02-DEL01-RS;;;
716450;06/09/2025;s�bado;02:00:00;RJ;116;249,4;PIRAI;Condutor Dormindo;Colis�o com objeto;Com V�timas Feridas;Plena Noite;Crescente;Ignorado;M�ltipla;"Aclive;Reta";N�o;1;0;0;1;0;0;1;1;-22,58198764;-43,97468805;SPRF-RJ;DEL07-RJ;UOP01-DEL07-RJ;;;
716452;05/09/2025;sexta-feira;23:30:00;RJ;101;332;RIO DE JANEIRO;Avarias e/ou desgaste excessivo no pneu;Tombamento;Com V�timas Feridas;Plena Noite;Crescente;C�u Claro;Simples;"Reta;Ponte";Sim;2;0;2;0;0;0;2;1;-22,87133305;-43,20407695;SPRF-RJ;DEL02-RJ;UOP01-DEL02-RJ;;;
716453;06/09/2025;s�bado;03:30:00;MA;10;246;IMPERATRIZ;Aus�ncia de rea��o do condutor;Colis�o com objeto;Sem V�timas;Plena Noite;Crescente;C�u Claro;Dupla;Reta;Sim;1;0;0;0;1;0;0;1;-5,57683;-47,44155;SPRF-MA;DEL04-MA;UOP01-DEL04-MA;;;
716455;06/09/2025;s�bado;05:00:00;PR;369;130,4;JATAIZINHO;Problema na suspens�o;Colis�o com objeto;Com V�timas Feridas;Plena Noite;Crescente;C�u Claro;Dupla;"Reta;Ponte";N�o;2;0;1;0;1;0;1;1;-23,258043;-50,98548286;SPRF-PR;DEL07-PR;UOP01-DEL07-PR;;;
716456;06/09/2025;s�bado;04:00:00;RJ;101;404;ITAGUAI;Ilumina��o deficiente;Sa�da de leito carro��vel;Com V�timas Feridas;Plena Noite;Crescente;Ignorado;Dupla;Reta;Sim;2;0;2;0;0;0;2;1;-22,862142;-43,794648;SPRF-RJ;DEL03-RJ;UOP01-DEL03-RJ;;;
716457;06/09/2025;s�bado;04:08:00;RJ;116;182,5;NOVA IGUACU;Entrada inopinada do pedestre;Atropelamento de Pedestre;Com V�timas Fatais;Amanhecer;Crescente;C�u Claro;Dupla;Reta;Sim;2;1;0;0;1;0;0;2;-22,76007227;-43,42576727;SPRF-RJ;DEL06-RJ;UOP01-DEL06-RJ;;;
716459;06/09/2025;s�bado;04:40:00;RJ;116;264;VOLTA REDONDA;Ingest�o de �lcool pelo condutor;Colis�o com objeto;Com V�timas Feridas;Plena Noite;Crescente;Nublado;Simples;Reta;N�o;1;0;0;1;0;0;1;1;-22,58809224;-44,07964289;SPRF-RJ;DEL07-RJ;UOP02-DEL07-RJ;;;
716462;05/09/2025;sexta-feira;20:50:00;BA;407;124;SENHOR DO BONFIM;Acessar a via sem observar a presen�a dos outros ve�culos;Colis�o transversal;Com V�timas Feridas;Plena Noite;Decrescente;C�u Claro;Simples;"Reta;Interse��o de Vias";Sim;3;0;2;0;1;0;2;2;-10,44344;-40,18591;SPRF-BA;DEL04-BA;UOP01-DEL04-BA;;;
716467;06/09/2025;s�bado;06:00:00;PR;376;659;TIJUCAS DO SUL;Velocidade Incompat�vel;Colis�o com objeto;Com V�timas Feridas;Amanhecer;Decrescente;Chuva;Dupla;Curva;N�o;1;0;1;0;0;0;1;1;-25,84624714;-49,00211334;SPRF-PR;DEL01-PR;UOP04-DEL01-PR;;;
716469;06/09/2025;s�bado;06:20:00;PR;277;0,1;PARANAGUA;Ingest�o de �lcool pelo condutor;Colis�o com objeto;Com V�timas Feridas;Amanhecer;Crescente;Nublado;Dupla;Curva;Sim;1;0;1;0;0;0;1;1;-25,55631249;-48,56438756;SPRF-PR;DEL01-PR;UOP05-DEL01-PR;;;
716471;06/09/2025;s�bado;07:00:00;MG;381;937,5;EXTREMA;Demais falhas mec�nicas ou el�tricas;Queda de ocupante de ve�culo;Com V�timas Feridas;Pleno dia;Decrescente;Nublado;Dupla;"Aclive;Curva";Sim;1;0;1;0;0;0;1;1;-22,81234275;-46,28421997;SPRF-MG;DEL16-MG;UOP03-DEL16-MG;;;
716472;06/09/2025;s�bado;02:30:00;MG;262;75;MATIPO;Ingest�o de �lcool pelo condutor;Colis�o lateral sentido oposto;Com V�timas Feridas;Plena Noite;Decrescente;C�u Claro;Simples;Reta;N�o;3;0;0;1;2;0;1;3;-20,33368281;-42,34927923;SPRF-MG;DEL03-MG;UOP03-DEL03-MG;;;
716474;06/09/2025;s�bado;04:00:00;MG;364;22;FRUTAL;Ingest�o de subst�ncias psicoativas pelo condutor;Capotamento;Com V�timas Feridas;Plena Noite;Decrescente;Neve;Simples;Reta;N�o;1;0;1;0;0;0;1;1;-20,05577001;-48,82255554;SPRF-MG;DEL13-MG;UOP02-DEL13-MG;;;
716475;06/09/2025;s�bado;05:40:00;SP;381;84;SAO PAULO;Entrada inopinada do pedestre;Atropelamento de Pedestre;Com V�timas Fatais;Amanhecer;Crescente;C�u Claro;Dupla;Reta;Sim;2;1;0;0;0;1;0;2;-23,455665;-46,571095;SPRF-SP;DEL03-SP;UOP01-DEL03-SP;;;
716477;05/09/2025;sexta-feira;23:57:00;RO;364;429;JARU;Transitar no Acostamento;Tombamento;Com V�timas Feridas;Plena Noite;Crescente;Nublado;Simples;Curva;N�o;2;0;2;0;0;0;2;1;-10,41330647;-62,50716666;SPRF-RO;DEL03-RO;UOP02-DEL03-RO;;;
716478;06/09/2025;s�bado;06:00:00;MG;381;504,5;BETIM;Aus�ncia de rea��o do condutor;Colis�o traseira;Sem V�timas;Pleno dia;Crescente;C�u Claro;Dupla;"Reta;Aclive";N�o;3;0;0;0;3;0;0;2;-20,03454886;-44,24395502;SPRF-MG;DEL01-MG;UOP03-DEL01-MG;;;
716479;06/09/2025;s�bado;07:50:00;GO;60;92,5;ANAPOLIS;Manobra de mudan�a de faixa;Colis�o lateral mesmo sentido;Com V�timas Feridas;Pleno dia;Decrescente;C�u Claro;Dupla;"Interse��o de Vias;Reta";Sim;3;0;1;1;1;0;2;2;-16,352559;-48,917106;SPRF-GO;DEL02-GO;UOP01-DEL02-GO;;;
716480;06/09/2025;s�bado;06:00:00;PI;343;232;COCAL DE TELHA;Transitar na contram�o;Colis�o frontal;Com V�timas Feridas;Pleno dia;Crescente;C�u Claro;Simples;Reta;N�o;2;0;1;0;1;0;1;2;-4,61437293;-41,99356198;SPRF-PI;DEL01-PI;UOP03-DEL01-PI;;;
716482;06/09/2025;s�bado;07:55:00;PR;369;457,3;CORBELIA;Condutor Dormindo;Sa�da de leito carro��vel;Com V�timas Feridas;Pleno dia;Crescente;Sol;Simples;"Reta;Aclive";N�o;1;0;1;0;0;0;1;1;-24,590582;-53,204099;SPRF-PR;DEL04-PR;UOP03-DEL04-PR;;;
716484;06/09/2025;s�bado;08:00:00;PB;230;26,5;JOAO PESSOA;Avarias e/ou desgaste excessivo no pneu;Colis�o lateral mesmo sentido;Com V�timas Feridas;Pleno dia;Decrescente;C�u Claro;Dupla;Reta;N�o;3;0;2;0;1;0;2;2;-7,168873;-34,882687;SPRF-PB;DEL01-PB;UOP01-DEL01-PB;;;
716485;06/09/2025;s�bado;00:30:00;MG;116;492,8;INHAPIM;Condutor Dormindo;Colis�o com objeto;Com V�timas Feridas;Plena Noite;Crescente;C�u Claro;Simples;Reta;N�o;1;0;1;0;0;0;1;1;-19,501875;-42,127592;SPRF-MG;DEL06-MG;UOP02-DEL06-MG;;;
716486;06/09/2025;s�bado;08:00:00;ES;101;288,8;CARIACICA;Condutor deixou de manter dist�ncia do ve�culo da frente;Colis�o traseira;Com V�timas Feridas;Pleno dia;Decrescente;C�u Claro;M�ltipla;Interse��o de Vias;Sim;2;0;1;0;1;0;1;2;-20,2800659;-40,3924427;SPRF-ES;DEL01-ES;UOP01-DEL01-ES;;;
716487;06/09/2025;s�bado;05:30:00;BA;116;399;SANTA BARBARA;Condutor Dormindo;Sa�da de leito carro��vel;Com V�timas Feridas;Amanhecer;Crescente;Chuva;Dupla;"Aclive;Reta";N�o;2;0;2;0;0;0;2;1;-12,0192023;-38,971168;SPRF-BA;DEL02-BA;UOP01-DEL02-BA;;;
716489;05/09/2025;sexta-feira;13:40:00;AC;364;124;RIO BRANCO;Acessar a via sem observar a presen�a dos outros ve�culos;Colis�o transversal;Com V�timas Feridas;Pleno dia;Decrescente;Nublado;Dupla;Rotat�ria;Sim;3;0;2;0;1;0;2;2;-9,9909632;-67,7871616;SPRF-AC;DEL01-AC;UOP01-DEL01-AC;;;
716490;02/09/2025;ter�a-feira;18:30:00;RJ;101;313;SAO GONCALO;Frear bruscamente;Colis�o lateral mesmo sentido;Com V�timas Feridas;Plena Noite;Decrescente;C�u Claro;Simples;Reta;Sim;3;0;1;0;2;0;1;2;-22,81386576;-43,07413101;SPRF-RJ;DEL02-RJ;UOP02-DEL02-RJ;;;
716491;06/09/2025;s�bado;07:15:00;RS;153;22,4;TRES ARROIOS;Ingest�o de �lcool pelo condutor;Colis�o lateral sentido oposto;Com V�timas Feridas;Pleno dia;Crescente;Nublado;Simples;Reta;N�o;5;0;2;1;2;0;3;2;-27,48137748;-52,11028938;SPRF-RS;DEL08-RS;UOP04-DEL08-RS;;;
716492;06/09/2025;s�bado;08:00:00;ES;101;395;RIO NOVO DO SUL;Aus�ncia de rea��o do condutor;Colis�o traseira;Com V�timas Feridas;Pleno dia;Crescente;C�u Claro;Simples;Curva;N�o;3;0;1;0;2;0;1;2;-20,86583834;-40,93312791;SPRF-ES;DEL03-ES;UOP02-DEL03-ES;;;
716493;20/07/2025;domingo;18:47:00;PR;476;169,8;CONTENDA;Transitar na contram�o;Colis�o frontal;Com V�timas Fatais;Plena Noite;Crescente;C�u Claro;Simples;"Reta;Aclive";Sim;7;3;3;0;1;0;3;2;-25,6709917;-49,50897751;SPRF-PR;DEL01-PR;UOP06-DEL01-PR;;;
716495;06/09/2025;s�bado;08:23:00;MG;365;622;UBERLANDIA;Acumulo de �leo sobre o pavimento;Tombamento;Com V�timas Feridas;Pleno dia;Crescente;C�u Claro;Dupla;Curva;N�o;2;0;1;1;0;0;2;1;-18,89829;-48,272385;SPRF-MG;DEL15-MG;UOP01-DEL15-MG;;;
716497;06/09/2025;s�bado;07:45:00;PA;316;62;CASTANHAL;Ingest�o de �lcool pelo condutor;Colis�o frontal;Com V�timas Feridas;Pleno dia;Crescente;C�u Claro;Dupla;Reta;Sim;7;0;0;4;2;1;4;3;-1,29733912;-47,93559104;SPRF-PA;DEL01-PA;UOP01-DEL01-PA;;;
716498;06/09/2025;s�bado;09:20:00;TO;242;307;PEIXE;Animais na Pista;Atropelamento de Animal;Com V�timas Feridas;Pleno dia;Decrescente;Sol;Simples;Reta;N�o;1;0;1;0;0;0;1;1;-12,08742422;-48,5302949;SPRF-TO;DEL01-TO;UOP02-DEL01-TO;;;
716499;06/09/2025;s�bado;09:25:00;PR;116;57;CAMPINA GRANDE DO SUL;Velocidade Incompat�vel;Tombamento;Com V�timas Feridas;Pleno dia;Decrescente;Garoa/Chuvisco;Dupla;Curva;N�o;1;0;1;0;0;0;1;1;-25,29134466;-48,93422127;SPRF-PR;DEL01-PR;UOP02-DEL01-PR;;;
716500;06/09/2025;s�bado;08:40:00;PR;376;653,5;TIJUCAS DO SUL;Rea��o tardia ou ineficiente do condutor;Sa�da de leito carro��vel;Com V�timas Feridas;Pleno dia;Decrescente;Garoa/Chuvisco;Dupla;"Declive;Curva";N�o;2;0;2;0;0;0;2;1;-25,844531;-49,061981;SPRF-PR;DEL01-PR;UOP04-DEL01-PR;;;
716501;06/09/2025;s�bado;09:15:00;PE;101;59,7;RECIFE;Mal s�bito do condutor;Tombamento;Com V�timas Feridas;Pleno dia;Crescente;Sol;Dupla;Curva;Sim;1;0;0;1;0;0;1;1;-7,982;-34,932;SPRF-PE;DEL01-PE;UOP02-DEL01-PE;;;
716502;06/09/2025;s�bado;08:50:00;SP;381;90;GUARULHOS;Rea��o tardia ou ineficiente do condutor;Tombamento;Com V�timas Feridas;Pleno dia;Crescente;Nublado;M�ltipla;"Reta;Em Obras";N�o;1;0;1;0;0;0;1;1;-23,49786259;-46,55967999;SPRF-SP;DEL03-SP;UOP01-DEL03-SP;;;
716503;06/09/2025;s�bado;09:20:00;SP;488;1;APARECIDA;Rea��o tardia ou ineficiente do condutor;Colis�o lateral mesmo sentido;Com V�timas Feridas;Pleno dia;Decrescente;Nublado;Dupla;Rotat�ria;Sim;2;0;1;0;1;0;1;2;-22,84715967;-45,23137808;SPRF-SP;DEL08-SP;UOP01-DEL08-SP;;;
716504;06/09/2025;s�bado;08:40:00;MG;262;443,8;NOVA SERRANA;Desrespeitar a prefer�ncia no cruzamento;Colis�o transversal;Com V�timas Feridas;Pleno dia;Crescente;C�u Claro;Simples;"Declive;Interse��o de Vias;Reta";N�o;5;0;3;0;2;0;3;2;-19,85265345;-45,02444029;SPRF-MG;DEL08-MG;UOP03-DEL08-MG;;;
716505;06/09/2025;s�bado;09:15:00;GO;40;5;VALPARAISO DE GOIAS;Entrada inopinada do pedestre;Atropelamento de Pedestre;Com V�timas Feridas;Pleno dia;Crescente;C�u Claro;Dupla;Reta;Sim;3;0;2;0;1;0;2;2;-16,096303;-47,98135;SPRF-DF;DEL01-DF;UOP01-DEL01-DF;;;
716506;06/09/2025;s�bado;08:00:00;ES;262;151,6;IBATIBA;Acumulo de �leo sobre o pavimento;Queda de ocupante de ve�culo;Com V�timas Feridas;Pleno dia;Decrescente;C�u Claro;Simples;Curva;N�o;1;0;1;0;0;0;1;1;-20,21967712;-41,44738197;SPRF-ES;DEL01-ES;UOP02-DEL01-ES;;;
716507;06/09/2025;s�bado;09:20:00;PR;277;174;PALMEIRA;Rea��o tardia ou ineficiente do condutor;Atropelamento de Animal;Com V�timas Feridas;Pleno dia;Crescente;Nublado;Simples;"Curva;Aclive";N�o;1;0;1;0;0;0;1;1;-25,43483;-49,97996;SPRF-PR;DEL03-PR;UOP03-DEL03-PR;;;
716508;15/08/2025;sexta-feira;22:00:00;GO;60;189,3;GUAPO;�rea urbana sem a presen�a de local apropriado para a travessia de pedestres;Atropelamento de Pedestre;Com V�timas Fatais;Plena Noite;Decrescente;C�u Claro;Dupla;Reta;Sim;2;1;0;0;0;1;0;2;-16,839787;-49,54509;SPRF-GO;DEL01-GO;UOP02-DEL01-GO;;;
716511;06/09/2025;s�bado;08:20:00;RS;472;407;SAO BORJA;Desrespeitar a prefer�ncia no cruzamento;Colis�o transversal;Com V�timas Feridas;Pleno dia;Crescente;C�u Claro;Simples;Interse��o de Vias;N�o;2;0;1;0;1;0;1;2;-28,68459516;-55,99459348;SPRF-RS;DEL12-RS;UOP01-DEL12-RS;;;
716512;06/09/2025;s�bado;10:25:00;SC;101;112;ITAJAI;Aus�ncia de rea��o do condutor;Colis�o lateral mesmo sentido;Com V�timas Feridas;Pleno dia;Decrescente;Nublado;Dupla;Reta;Sim;2;0;1;0;1;0;1;2;-26,84607534;-48,72076035;SPRF-SC;DEL04-SC;UOP04-DEL04-SC;;;
716513;06/09/2025;s�bado;08:30:00;SC;101;74;ARAQUARI;Rea��o tardia ou ineficiente do condutor;Tombamento;Com V�timas Feridas;Pleno dia;Crescente;Nublado;M�ltipla;Reta;N�o;3;0;3;0;0;0;3;1;-26,53981305;-48,71250853;SPRF-SC;DEL03-SC;UOP02-DEL03-SC;;;
716515;06/09/2025;s�bado;07:40:00;AL;416;44,4;IBATEGUARA;Velocidade Incompat�vel;Sa�da de leito carro��vel;Com V�timas Feridas;Pleno dia;Crescente;Garoa/Chuvisco;Simples;Curva;N�o;1;0;1;0;0;0;1;1;-8,966438;-35,91044;SPRF-AL;DEL01-AL;UOP02-DEL01-AL;;;
716517;06/09/2025;s�bado;09:30:00;PR;116;15;CAMPINA GRANDE DO SUL;Rea��o tardia ou ineficiente do condutor;Capotamento;Com V�timas Feridas;Pleno dia;Crescente;Garoa/Chuvisco;Dupla;Reta;N�o;2;0;1;0;1;0;1;1;-25,10052306;-48,69277954;SPRF-PR;DEL01-PR;UOP02-DEL01-PR;;;
716520;06/09/2025;s�bado;07:00:00;AM;319;710;HUMAITA;Condutor Dormindo;Sa�da de leito carro��vel;Com V�timas Feridas;Pleno dia;Decrescente;C�u Claro;Simples;Reta;N�o;3;0;3;0;0;0;3;1;-7,7965;-63,16633;SPRF-AM;DEL02-AM;UOP01-DEL02-AM;;;
716521;06/09/2025;s�bado;10:20:00;PR;163;302,7;MERCEDES;Acessar a via sem observar a presen�a dos outros ve�culos;Colis�o transversal;Com V�timas Fatais;Pleno dia;Crescente;Nublado;Simples;"Reta;Aclive";N�o;2;1;1;0;0;0;1;2;-24,44596687;-54,16225132;SPRF-PR;DEL06-PR;UOP02-DEL06-PR;;;
716522;06/09/2025;s�bado;10:00:00;RS;285;526,2;VITORIA DAS MISSOES;Velocidade Incompat�vel;Sa�da de leito carro��vel;Com V�timas Fatais;Pleno dia;Decrescente;C�u Claro;Simples;"Curva;Ponte";N�o;1;1;0;0;0;0;0;1;-28,40360349;-54,53705549;SPRF-RS;DEL10-RS;UOP01-DEL10-RS;;;
716523;06/09/2025;s�bado;06:45:00;RJ;116;210;SEROPEDICA;Carga excessiva e/ou mal acondicionada;Capotamento;Com V�timas Feridas;Pleno dia;Crescente;C�u Claro;Dupla;Reta;N�o;2;0;1;0;1;0;1;1;-22,70634913;-43,73927057;SPRF-RJ;DEL06-RJ;UOP02-DEL06-RJ;;;
716524;06/09/2025;s�bado;10:20:00;MA;222;665;ACAILANDIA;Rea��o tardia ou ineficiente do condutor;Colis�o lateral mesmo sentido;Com V�timas Feridas;Pleno dia;Crescente;Sol;Simples;Reta;N�o;2;0;1;0;1;0;1;2;-4,916497;-47,423515;SPRF-MA;DEL04-MA;UOP03-DEL04-MA;;;
716527;06/09/2025;s�bado;10:52:00;DF;40;5;BRASILIA;Pedestre cruzava a pista fora da faixa;Atropelamento de Pedestre;Com V�timas Feridas;Pleno dia;Crescente;C�u Claro;M�ltipla;Reta;Sim;3;0;0;1;1;1;1;2;-16,019918;-47,98078;SPRF-DF;DEL01-DF;UOP01-DEL01-DF;;;
716530;06/09/2025;s�bado;09:40:00;RN;226;175,9;CURRAIS NOVOS;Acessar a via sem observar a presen�a dos outros ve�culos;Colis�o transversal;Com V�timas Feridas;Pleno dia;Crescente;C�u Claro;Dupla;"Aclive;Reta";Sim;3;0;1;0;1;1;1;3;-6,260554;-36,51545405;SPRF-RN;DEL03-RN;UOP02-DEL03-RN;;;
716531;06/09/2025;s�bado;11:05:00;PI;316;8,6;TERESINA;Demais falhas mec�nicas ou el�tricas;Colis�o traseira;Com V�timas Feridas;Pleno dia;Crescente;Sol;M�ltipla;"Reta;Aclive";Sim;4;0;3;0;1;0;3;3;-5,2679052;-42,7275325;SPRF-PI;DEL01-PI;UOP02-DEL01-PI;;;
716532;06/09/2025;s�bado;10:55:00;DF;70;16,4;BRASILIA;Acessar a via sem observar a presen�a dos outros ve�culos;Colis�o lateral mesmo sentido;Com V�timas Feridas;Pleno dia;Crescente;C�u Claro;Dupla;"Curva;Rotat�ria";Sim;5;0;1;0;4;0;1;2;-15,79564192;-48,19562495;SPRF-DF;DEL03-DF;UOP02-DEL03-DF;;;
716533;06/09/2025;s�bado;10:45:00;PE;101;142,6;RIBEIRAO;Afundamento ou ondula��o no pavimento;Queda de ocupante de ve�culo;Com V�timas Feridas;Pleno dia;Crescente;C�u Claro;Dupla;Reta;N�o;1;0;1;0;0;0;1;1;-8,44435;-35,34817;SPRF-PE;DEL01-PE;UOP03-DEL01-PE;;;
716534;06/09/2025;s�bado;11:05:00;SC;280;31,2;ARAQUARI;Acessar a via sem observar a presen�a dos outros ve�culos;Colis�o transversal;Com V�timas Feridas;Pleno dia;Decrescente;Nublado;Simples;Reta;Sim;4;0;2;0;2;0;2;3;-26,416992;-48,774142;SPRF-SC;DEL03-SC;UOP03-DEL03-SC;;;
716535;06/09/2025;s�bado;11:00:00;MG;381;504;BETIM;Condutor deixou de manter dist�ncia do ve�culo da frente;Colis�o traseira;Com V�timas Feridas;Pleno dia;Crescente;C�u Claro;Dupla;Reta;Sim;4;0;4;0;0;0;4;3;-20,03154008;-44,23773766;SPRF-MG;DEL01-MG;UOP03-DEL01-MG;;;
716536;06/09/2025;s�bado;09:20:00;PA;316;273;CACHOEIRA DO PIRIA;Ultrapassagem Indevida;Colis�o frontal;Com V�timas Feridas;Pleno dia;Crescente;C�u Claro;Simples;"Ponte;Reta";Sim;2;0;0;2;0;0;2;2;-1,80031837;-46,3155112;SPRF-PA;DEL01-PA;UOP04-DEL01-PA;;;
716537;06/09/2025;s�bado;09:55:00;GO;153;643;MORRINHOS;Condutor Dormindo;Sa�da de leito carro��vel;Com V�timas Feridas;Pleno dia;Crescente;C�u Claro;Dupla;Curva;N�o;2;0;1;1;0;0;2;1;-17,89;-49,23;SPRF-GO;DEL03-GO;UOP01-DEL03-GO;;;
716538;06/09/2025;s�bado;12:00:00;BA;235;350;JUAZEIRO;Retorno proibido;Colis�o transversal;Com V�timas Feridas;Pleno dia;Decrescente;C�u Claro;Dupla;"Reta;Aclive";Sim;2;0;1;0;1;0;1;2;-9,435638;-40,500081;SPRF-PE;DEL06-PE;UOP01-DEL06-PE;;;
716539;06/09/2025;s�bado;12:15:00;RN;101;108,6;PARNAMIRIM;Acessar a via sem observar a presen�a dos outros ve�culos;Colis�o lateral mesmo sentido;Com V�timas Feridas;Pleno dia;Decrescente;Nublado;Dupla;"Interse��o de Vias;Reta";Sim;3;0;1;0;2;0;1;2;-5,93391936;-35,26465125;SPRF-RN;DEL01-RN;UOP01-DEL01-RN;;;
716540;06/09/2025;s�bado;11:20:00;SC;470;143,1;RIO DO SUL;Desrespeitar a prefer�ncia no cruzamento;Colis�o transversal;Com V�timas Feridas;Pleno dia;Crescente;Chuva;Simples;Reta;N�o;3;0;3;0;0;0;3;2;-27,21904297;-49,65709655;SPRF-SC;DEL04-SC;UOP02-DEL04-SC;;;
716541;29/08/2025;sexta-feira;21:16:00;DF;70;3,7;BRASILIA;Demais falhas mec�nicas ou el�tricas;Colis�o com objeto;Sem V�timas;Plena Noite;Crescente;C�u Claro;M�ltipla;Reta;Sim;3;0;0;0;3;0;0;2;-15,79494475;-48,19922351;SPRF-DF;DEL03-DF;UOP02-DEL03-DF;;;
716543;06/09/2025;s�bado;10:10:00;SC;282;338;CAMPOS NOVOS;Aus�ncia de rea��o do condutor;Colis�o frontal;Com V�timas Feridas;Pleno dia;Crescente;Nublado;Simples;Reta;N�o;5;0;2;2;1;0;4;2;-27,392515;-51,177289;SPRF-SC;DEL07-SC;UOP06-DEL07-SC;;;
716544;06/09/2025;s�bado;09:10:00;PR;163;146;SANTA LUCIA;Problema na suspens�o;Sa�da de leito carro��vel;Com V�timas Feridas;Pleno dia;Crescente;Nublado;Dupla;"Reta;Declive";N�o;1;0;1;0;0;0;1;1;-25,43677232;-53,57671809;SPRF-PR;DEL05-PR;UOP05-DEL05-PR;;;
716545;06/09/2025;s�bado;09:30:00;GO;60;427,4;RIO VERDE;Aus�ncia de rea��o do condutor;Colis�o com objeto;Sem V�timas;Pleno dia;Crescente;C�u Claro;Simples;Curva;N�o;1;0;0;0;0;1;0;1;-17,824401;-51,311696;SPRF-GO;DEL04-GO;UOP02-DEL04-GO;;;
716546;02/09/2025;ter�a-feira;17:35:00;PA;163;997;SANTAREM;Rea��o tardia ou ineficiente do condutor;Colis�o traseira;Com V�timas Feridas;Pleno dia;Crescente;C�u Claro;Simples;Declive;N�o;3;0;1;0;2;0;1;2;-2,48809303;-54,73283529;SPRF-PA;DEL05-PA;UOP01-DEL05-PA;;;
716547;06/09/2025;s�bado;11:25:00;MS;60;431,3;SIDROLANDIA;Rea��o tardia ou ineficiente do condutor;Tombamento;Com V�timas Feridas;Pleno dia;Crescente;C�u Claro;Simples;Interse��o de Vias;N�o;1;0;1;0;0;0;1;1;-20,97973098;-54,97223251;SPRF-MS;DEL01-MS;UOP04-DEL01-MS;;;