id;data_inversa;dia_semana;horario;uf;br;km;municipio;causa_acidente;tipo_acidente;classificacao_acidente;fase_dia;sentido_via;condicao_metereologica;tipo_pista;tracado_via;uso_solo;pessoas;mortos;feridos_leves;feridos_graves;ilesos;ignorados;feridos;veiculos;latitude;longitude;regional;delegacia;uop;;;
716550;06/09/2025;s�bado;12:40:00;RJ;101;58,5;CAMPOS DOS GOYTACAZES;Aus�ncia de rea��o do condutor;Tombamento;Com V�timas Feridas;Pleno dia;Crescente;Nublado;Simples;Reta;Sim;1;0;1;0;0;0;1;1;-21,68937774;-41,31081364;SPRF-RJ;DEL08-RJ;UOP01-DEL08-RJ;;;
716551;06/09/2025;s�bado;12:30:00;PR;116;17;ANTONINA;Velocidade Incompat�vel;Capotamento;Com V�timas Feridas;Pleno dia;Decrescente;Garoa/Chuvisco;Dupla;Curva;N�o;2;0;1;0;1;0;1;1;-25,10232833;-48,73431556;SPRF-PR;DEL01-PR;UOP02-DEL01-PR;;;
716552;06/09/2025;s�bado;13:10:00;ES;101;331;GUARAPARI;Avarias e/ou desgaste excessivo no pneu;Tombamento;Com V�timas Feridas;Pleno dia;Decrescente;C�u Claro;Dupla;Curva;N�o;2;0;1;1;0;0;2;1;-20,6013553;-40,5042874;SPRF-ES;DEL03-ES;UOP01-DEL03-ES;;;
716553;06/09/2025;s�bado;11:15:00;RS;470;217;BENTO GONCALVES;Acessar a via sem observar a presen�a dos outros ve�culos;Colis�o transversal;Com V�timas Feridas;Pleno dia;Decrescente;C�u Claro;Dupla;Curva;N�o;2;0;1;0;1;0;1;2;-29,1748056;-51,5233469;SPRF-RS;DEL06-RS;UOP01-DEL06-RS;;;
716554;06/09/2025;s�bado;10:50:00;RJ;40;65;PETROPOLIS;Velocidade Incompat�vel;Colis�o transversal;Com V�timas Feridas;Pleno dia;Crescente;C�u Claro;Dupla;Reta;Sim;3;0;1;0;2;0;1;2;-22,42770494;-43,16403392;SPRF-RJ;DEL05-RJ;UOP02-DEL05-RJ;;;
716558;06/09/2025;s�bado;11:30:00;RJ;101;388;RIO DE JANEIRO;Manobra de mudan�a de faixa;Colis�o traseira;Com V�timas Feridas;Pleno dia;Crescente;C�u Claro;M�ltipla;Reta;Sim;4;0;2;0;2;0;2;2;-22,89055615;-43,66668161;SPRF-RJ;DEL03-RJ;UOP01-DEL03-RJ;;;
716560;04/08/2025;segunda-feira;13:10:00;MG;116;274;TEOFILO OTONI;Rea��o tardia ou ineficiente do condutor;Tombamento;Com V�timas Feridas;Pleno dia;Crescente;Ignorado;Simples;Reta;Sim;1;0;1;0;0;0;1;1;-17,83384514;-41,51094368;SPRF-MG;DEL11-MG;UOP01-DEL11-MG;;;
716561;06/09/2025;s�bado;12:35:00;SC;470;85;RODEIO;Ultrapassagem Indevida;Colis�o frontal;Com V�timas Feridas;Pleno dia;Decrescente;Nublado;Simples;"Reta;Declive";N�o;2;0;0;1;1;0;1;2;-26,96079542;-49,32594951;SPRF-SC;DEL04-SC;UOP01-DEL04-SC;;;
716564;06/09/2025;s�bado;12:30:00;MG;40;510;RIBEIRAO DAS NEVES;Aus�ncia de rea��o do condutor;Colis�o traseira;Com V�timas Feridas;Pleno dia;Decrescente;C�u Claro;Dupla;Reta;Sim;7;0;1;0;6;0;1;2;-19,772543;-44,12493;SPRF-MG;DEL01-MG;UOP02-DEL01-MG;;;
716565;06/09/2025;s�bado;12:55:00;PB;230;17;JOAO PESSOA;Rea��o tardia ou ineficiente do condutor;Colis�o traseira;Com V�timas Feridas;Pleno dia;Decrescente;C�u Claro;Dupla;Reta;Sim;3;0;1;0;1;1;1;2;-7,12199364;-34,84511375;SPRF-PB;DEL01-PB;UOP01-DEL01-PB;;;
716566;06/09/2025;s�bado;11:32:00;MT;163;838,3;SINOP;Retorno proibido;Colis�o transversal;Com V�timas Feridas;Pleno dia;Crescente;C�u Claro;Dupla;Reta;Sim;2;0;0;1;1;0;1;2;-11,84266924;-55,49031135;SPRF-MT;DEL06-MT;UOP02-DEL06-MT;;;
716567;06/09/2025;s�bado;12:20:00;PR;376;666;GUARATUBA;Velocidade Incompat�vel;Colis�o com objeto;Com V�timas Feridas;Pleno dia;Crescente;Chuva;Simples;"Curva;Declive";N�o;2;0;1;0;1;0;1;1;-25,866382;-48,946538;SPRF-PR;DEL01-PR;UOP04-DEL01-PR;;;
716568;09/08/2025;s�bado;18:00:00;SC;280;6;SAO FRANCISCO DO SUL;Aus�ncia de rea��o do condutor;Colis�o transversal;Com V�timas Feridas;Plena Noite;Decrescente;Nublado;Simples;Reta;N�o;3;0;2;0;1;0;2;2;-26,25784794;-48,62314638;SPRF-SC;DEL03-SC;UOP03-DEL03-SC;;;
716569;06/09/2025;s�bado;14:05:00;RN;101;78;SAO GONCALO DO AMARANTE;Acesso irregular;Colis�o traseira;Com V�timas Feridas;Pleno dia;Crescente;Nublado;Dupla;Reta;Sim;3;0;0;1;2;0;1;2;-5,745365;-35,289953;SPRF-RN;DEL02-RN;UOP01-DEL02-RN;;;
716570;26/08/2025;ter�a-feira;06:00:00;SP;116;213,5;GUARULHOS;Condutor deixou de manter dist�ncia do ve�culo da frente;Colis�o lateral mesmo sentido;Com V�timas Feridas;Amanhecer;Crescente;Nublado;Dupla;Reta;Sim;3;0;2;0;1;0;2;2;-23,442308;-46,44365;SPRF-SP;DEL01-SP;UOP01-DEL01-SP;;;
716571;06/09/2025;s�bado;14:00:00;RS;392;667,9;CERRO LARGO;Ultrapassagem Indevida;Colis�o lateral mesmo sentido;Com V�timas Feridas;Pleno dia;Crescente;C�u Claro;Simples;Interse��o de Vias;N�o;3;0;2;0;1;0;2;2;-28,1213246;-54,79266867;SPRF-RS;DEL10-RS;UOP01-DEL10-RS;;;
716572;06/09/2025;s�bado;14:28:00;MG;381;349,8;JOAO MONLEVADE;Acessar a via sem observar a presen�a dos outros ve�culos;Colis�o frontal;Com V�timas Feridas;Pleno dia;Decrescente;C�u Claro;Simples;Reta;Sim;3;0;1;0;2;0;1;2;-19,84202;-43,17284;SPRF-MG;DEL03-MG;UOP01-DEL03-MG;;;
716573;06/09/2025;s�bado;14:15:00;PE;101;70;RECIFE;Manobra de mudan�a de faixa;Colis�o lateral mesmo sentido;Com V�timas Fatais;Pleno dia;Decrescente;C�u Claro;Dupla;Reta;Sim;4;1;0;0;1;2;0;3;-8,074125;-34,942675;SPRF-PE;DEL01-PE;UOP01-DEL01-PE;;;
716574;06/09/2025;s�bado;14:35:00;RJ;101;179;MACAE;Transitar na contram�o;Colis�o lateral sentido oposto;Com V�timas Fatais;Pleno dia;Crescente;Garoa/Chuvisco;Simples;Curva;N�o;5;1;0;1;2;1;1;3;-22,393829;-41,99539;SPRF-RJ;DEL08-RJ;UOP04-DEL08-RJ;;;
716575;06/09/2025;s�bado;06:30:00;SC;116;131;SANTA CECILIA;Condutor Dormindo;Sa�da de leito carro��vel;Com V�timas Feridas;Pleno dia;Decrescente;Garoa/Chuvisco;Simples;Reta;N�o;2;0;1;0;1;0;1;1;-26,9020856;-50,438083;SPRF-SC;DEL06-SC;UOP02-DEL06-SC;;;
716576;06/09/2025;s�bado;14:35:00;SP;116;294;ITAPECERICA DA SERRA;Entrada inopinada do pedestre;Atropelamento de Pedestre;Com V�timas Feridas;Pleno dia;Crescente;C�u Claro;Dupla;Reta;Sim;3;0;0;1;2;0;1;2;-23,75064703;-46,90128643;SPRF-SP;DEL04-SP;UOP01-DEL04-SP;;;
716577;06/09/2025;s�bado;14:20:00;RJ;116;174;SAO JOAO DE MERITI;Rea��o tardia ou ineficiente do condutor;Queda de ocupante de ve�culo;Com V�timas Feridas;Pleno dia;Decrescente;C�u Claro;Simples;Curva;N�o;1;0;1;0;0;0;1;1;-22,79367436;-43,36610405;SPRF-RJ;DEL06-RJ;UOP01-DEL06-RJ;;;
716579;06/09/2025;s�bado;12:45:00;MG;365;749,7;ITUIUTABA;Transitar na contram�o;Colis�o frontal;Com V�timas Feridas;Pleno dia;Decrescente;Sol;Simples;"Curva;Aclive";Sim;3;0;0;1;1;1;1;3;-18,94474439;-49,45266731;SPRF-MG;DEL15-MG;UOP03-DEL15-MG;;;
716582;06/09/2025;s�bado;15:00:00;RJ;101;59;CAMPOS DOS GOYTACAZES;Condutor desrespeitou a ilumina��o vermelha do sem�foro;Colis�o transversal;Com V�timas Feridas;Pleno dia;Crescente;C�u Claro;Simples;Reta;Sim;2;0;1;0;1;0;1;2;-21,72599182;-41,32137045;SPRF-RJ;DEL08-RJ;UOP01-DEL08-RJ;;;
716583;06/09/2025;s�bado;15:10:00;PE;232;7;RECIFE;Rea��o tardia ou ineficiente do condutor;Queda de ocupante de ve�culo;Com V�timas Feridas;Pleno dia;Decrescente;C�u Claro;Dupla;Reta;Sim;2;0;2;0;0;0;2;1;-8,0768975;-34,9696715;SPRF-PE;DEL01-PE;UOP01-DEL01-PE;;;
716584;06/09/2025;s�bado;15:40:00;MG;381;502;BETIM;Aus�ncia de rea��o do condutor;Queda de ocupante de ve�culo;Com V�timas Feridas;Pleno dia;Crescente;C�u Claro;M�ltipla;Reta;N�o;1;0;0;1;0;0;1;1;-19,96332593;-44,16565875;SPRF-MG;DEL01-MG;UOP03-DEL01-MG;;;
716585;06/09/2025;s�bado;14:45:00;GO;50;143;IPAMERI;Condutor Dormindo;Sa�da de leito carro��vel;Com V�timas Feridas;Pleno dia;Decrescente;C�u Claro;Dupla;Reta;N�o;2;0;0;1;1;0;1;1;-17,100749;-47,721959;SPRF-GO;DEL06-GO;UOP01-DEL06-GO;;;
716586;29/08/2025;sexta-feira;13:00:00;SP;116;220;GUARULHOS;Aus�ncia de rea��o do condutor;Colis�o traseira;Com V�timas Feridas;Pleno dia;Crescente;C�u Claro;Dupla;Reta;Sim;2;0;1;0;1;0;1;2;-23,46616414;-46,50314949;SPRF-SP;DEL01-SP;UOP01-DEL01-SP;;;
716587;02/09/2025;ter�a-feira;19:30:00;RJ;493;18;GUAPIMIRIM;Acessar a via sem observar a presen�a dos outros ve�culos;Colis�o transversal;Com V�timas Feridas;Plena Noite;Crescente;C�u Claro;Simples;Reta;Sim;2;0;1;0;1;0;1;2;-22,66914508;-43,02143097;SPRF-RJ;DEL04-RJ;UOP02-DEL04-RJ;;;
716588;06/09/2025;s�bado;14:20:00;RJ;40;86;PETROPOLIS;Rea��o tardia ou ineficiente do condutor;Colis�o com objeto;Com V�timas Feridas;Pleno dia;Crescente;Nevoeiro/Neblina;Dupla;Reta;Sim;1;0;1;0;0;0;1;1;-22,542212;-43,233414;SPRF-RJ;DEL01-RJ;UOP01-DEL01-RJ;;;
716589;06/09/2025;s�bado;15:20:00;SC;101;3,5;GARUVA;Acessar a via sem observar a presen�a dos outros ve�culos;Colis�o lateral mesmo sentido;Sem V�timas;Pleno dia;Decrescente;Chuva;Dupla;Curva;N�o;2;0;0;0;2;0;0;2;-26,00588779;-48,86714101;SPRF-SC;DEL03-SC;UOP01-DEL03-SC;;;
716590;06/09/2025;s�bado;15:40:00;BA;324;532;FEIRA DE SANTANA;Acumulo de areia ou detritos sobre o pavimento;Tombamento;Com V�timas Feridas;Pleno dia;Decrescente;C�u Claro;Dupla;Reta;N�o;1;0;1;0;0;0;1;1;-12,340638;-38,844905;SPRF-BA;DEL01-BA;UOP03-DEL01-BA;;;
716591;06/09/2025;s�bado;16:12:00;CE;230;79,7;VARZEA ALEGRE;Ingest�o de �lcool pelo condutor;Colis�o traseira;Sem V�timas;Pleno dia;Crescente;C�u Claro;Dupla;Reta;Sim;2;0;0;0;2;0;0;2;-6,79490647;-39,30118561;SPRF-CE;DEL05-CE;UOP01-DEL05-CE;;;
716592;06/09/2025;s�bado;15:25:00;MA;135;4;SAO LUIS;Rea��o tardia ou ineficiente do condutor;Colis�o traseira;Com V�timas Feridas;Pleno dia;Decrescente;C�u Claro;Dupla;Reta;Sim;3;0;0;1;0;2;1;3;-2,61423024;-44,25255399;SPRF-MA;DEL01-MA;UOP01-DEL01-MA;;;
716593;06/09/2025;s�bado;14:50:00;MT;364;403,8;CUIABA;Manobra de mudan�a de faixa;Colis�o lateral mesmo sentido;Com V�timas Feridas;Pleno dia;Decrescente;C�u Claro;Dupla;"Reta;Rotat�ria";Sim;2;0;0;1;1;0;1;2;-15,64598844;-56,00995213;SPRF-MT;DEL01-MT;UOP02-DEL01-MT;;;
716594;06/09/2025;s�bado;13:00:00;PR;153;225;TIBAGI;Aus�ncia de rea��o do condutor;Sa�da de leito carro��vel;Com V�timas Feridas;Pleno dia;Crescente;Nublado;Simples;"Curva;Declive";N�o;1;0;1;0;0;0;1;1;-24,67241667;-50,45269444;SPRF-PR;DEL03-PR;UOP02-DEL03-PR;;;
716595;06/09/2025;s�bado;16:00:00;SC;101;38,5;JOINVILLE;Desrespeitar a prefer�ncia no cruzamento;Colis�o transversal;Com V�timas Feridas;Pleno dia;Decrescente;Garoa/Chuvisco;M�ltipla;"Interse��o de Vias;Rotat�ria";Sim;2;0;1;0;1;0;1;2;-26,29658736;-48,88439052;SPRF-SC;DEL03-SC;UOP01-DEL03-SC;;;
716597;06/09/2025;s�bado;16:10:00;MG;262;104,2;ABRE CAMPO;Manobra de mudan�a de faixa;Colis�o lateral sentido oposto;Com V�timas Feridas;Pleno dia;Crescente;C�u Claro;Simples;"Aclive;Reta";N�o;3;0;2;0;1;0;2;2;-20,29214741;-42,54713058;SPRF-MG;DEL03-MG;UOP03-DEL03-MG;;;
716599;02/08/2025;s�bado;02:00:00;AL;104;84,3;RIO LARGO;Condutor Dormindo;Sa�da de leito carro��vel;Com V�timas Feridas;Plena Noite;Decrescente;Nublado;Dupla;Reta;N�o;1;0;1;0;0;0;1;1;-9,448357;-35,83248;SPRF-AL;DEL01-AL;UOP01-DEL01-AL;;;
716601;06/09/2025;s�bado;16:00:00;PR;277;30;MORRETES;Aus�ncia de rea��o do condutor;Sa�da de leito carro��vel;Com V�timas Feridas;Pleno dia;Decrescente;Garoa/Chuvisco;Dupla;Reta;N�o;2;0;1;0;1;0;1;1;-25,553449;-48,800814;SPRF-PR;DEL01-PR;UOP05-DEL01-PR;;;
716602;06/09/2025;s�bado;12:10:00;RJ;116;99;GUAPIMIRIM;Pista Escorregadia;Colis�o frontal;Com V�timas Feridas;Pleno dia;Decrescente;Chuva;Simples;"Declive;Curva";Sim;6;0;4;0;2;0;4;2;-22,48851;-42,99935;SPRF-RJ;DEL04-RJ;UOP01-DEL04-RJ;;;
716603;06/09/2025;s�bado;17:00:00;ES;101;205,4;IBIRACU;Manobra de mudan�a de faixa;Colis�o lateral mesmo sentido;Com V�timas Feridas;Pleno dia;Crescente;C�u Claro;Simples;Reta;Sim;2;0;0;1;1;0;1;2;-19,77621155;-40,37162623;SPRF-ES;DEL02-ES;UOP01-DEL02-ES;;;
716605;06/09/2025;s�bado;17:00:00;AL;316;262;SATUBA;Ingest�o de �lcool pelo condutor;Colis�o lateral mesmo sentido;Sem V�timas;Pleno dia;Crescente;Nublado;Simples;Reta;Sim;4;0;0;0;4;0;0;2;-9,587558;-35,878075;SPRF-AL;DEL02-AL;UOP01-DEL02-AL;;;
716607;06/09/2025;s�bado;16:30:00;SC;101;7,6;GARUVA;Demais falhas mec�nicas ou el�tricas;Inc�ndio;Sem V�timas;Pleno dia;Decrescente;Chuva;Dupla;Reta;N�o;1;0;0;0;1;0;0;1;-26,04006699;-48,85967128;SPRF-SC;DEL03-SC;UOP01-DEL03-SC;;;
716608;06/09/2025;s�bado;16:40:00;RJ;465;13;SEROPEDICA;Aus�ncia de rea��o do condutor;Colis�o transversal;Com V�timas Feridas;Pleno dia;Decrescente;Nublado;Simples;Reta;Sim;4;0;1;0;3;0;1;2;-22,79719998;-43,64618953;SPRF-RJ;DEL06-RJ;UOP02-DEL06-RJ;;;
716609;06/09/2025;s�bado;16:30:00;RS;285;545,4;SAO LUIZ GONZAGA;Velocidade Incompat�vel;Colis�o traseira;Com V�timas Feridas;Pleno dia;Crescente;C�u Claro;Simples;Reta;N�o;2;0;0;1;0;1;1;2;-28,40819934;-54,70260143;SPRF-RS;DEL10-RS;UOP01-DEL10-RS;;;
716610;06/09/2025;s�bado;07:00:00;MG;116;645,5;FERVEDOURO;Aus�ncia de rea��o do condutor;Tombamento;Com V�timas Feridas;Pleno dia;Decrescente;C�u Claro;Simples;Curva;N�o;1;0;1;0;0;0;1;1;-20,69049615;-42,2733565;SPRF-MG;DEL07-MG;UOP02-DEL07-MG;;;
716613;06/09/2025;s�bado;17:15:00;MG;381;896;CAMBUI;Rea��o tardia ou ineficiente do condutor;Queda de ocupante de ve�culo;Com V�timas Feridas;Pleno dia;Crescente;C�u Claro;Dupla;Reta;N�o;1;0;1;0;0;0;1;1;-22,598626;-46,057317;SPRF-MG;DEL16-MG;UOP01-DEL16-MG;;;
716614;06/09/2025;s�bado;15:50:00;SC;470;126;LONTRAS;Acessar a via sem observar a presen�a dos outros ve�culos;Colis�o transversal;Com V�timas Feridas;Pleno dia;Decrescente;Garoa/Chuvisco;Simples;Rotat�ria;N�o;5;0;1;0;4;0;1;2;-27,13611676;-49,54258051;SPRF-SC;DEL04-SC;UOP02-DEL04-SC;;;
716616;06/09/2025;s�bado;17:30:00;PR;376;430;TIBAGI;Velocidade Incompat�vel;Sa�da de leito carro��vel;Com V�timas Feridas;Pleno dia;Decrescente;Nublado;Dupla;Curva;N�o;1;0;1;0;0;0;1;1;-24,78480813;-50,51027941;SPRF-PR;DEL03-PR;UOP02-DEL03-PR;;;
716617;06/09/2025;s�bado;17:10:00;RS;116;245;SAO LEOPOLDO;Acessar a via sem observar a presen�a dos outros ve�culos;Colis�o lateral mesmo sentido;Com V�timas Feridas;Pleno dia;Decrescente;C�u Claro;M�ltipla;Reta;Sim;2;0;1;0;1;0;1;2;-29,750994;-51,151343;SPRF-RS;DEL01-RS;UOP02-DEL01-RS;;;
716618;06/09/2025;s�bado;14:00:00;MT;70;329;PRIMAVERA DO LESTE;Avarias e/ou desgaste excessivo no pneu;Sa�da de leito carro��vel;Sem V�timas;Pleno dia;Decrescente;C�u Claro;Simples;Reta;N�o;1;0;0;0;1;0;0;1;-15,58236312;-54,42309977;SPRF-MT;DEL05-MT;UOP01-DEL05-MT;;;
716619;06/09/2025;s�bado;17:30:00;GO;40;4,5;VALPARAISO DE GOIAS;Manobra de mudan�a de faixa;Colis�o lateral mesmo sentido;Com V�timas Feridas;Anoitecer;Crescente;C�u Claro;Dupla;Reta;Sim;5;0;1;0;4;0;1;2;-16,08941;-47,98482;SPRF-DF;DEL01-DF;UOP01-DEL01-DF;;;
716620;06/09/2025;s�bado;17:00:00;PR;116;8;CAMPINA GRANDE DO SUL;Rea��o tardia ou ineficiente do condutor;Sa�da de leito carro��vel;Sem V�timas;Pleno dia;Crescente;Garoa/Chuvisco;Dupla;Curva;N�o;1;0;0;0;1;0;0;1;-25,09520848;-48,65011096;SPRF-PR;DEL01-PR;UOP02-DEL01-PR;;;
716621;06/09/2025;s�bado;18:00:00;PR;369;199;APUCARANA;Condutor deixou de manter dist�ncia do ve�culo da frente;Colis�o traseira;Com V�timas Feridas;Anoitecer;Decrescente;Nublado;Simples;"Aclive;Interse��o de Vias;Reta";Sim;4;0;1;0;2;1;1;3;-23,52467729;-51,44416973;SPRF-PR;DEL07-PR;UOP03-DEL07-PR;;;
716622;06/09/2025;s�bado;18:15:00;ES;262;102,6;VENDA NOVA DO IMIGRANTE;Acessar a via sem observar a presen�a dos outros ve�culos;Colis�o transversal;Com V�timas Feridas;Plena Noite;Crescente;Nublado;Simples;Reta;Sim;2;0;0;2;0;0;2;2;-20,33868096;-41,11920214;SPRF-ES;DEL01-ES;UOP02-DEL01-ES;;;
716623;06/09/2025;s�bado;17:00:00;RS;153;407;CACHOEIRA DO SUL;Acessar a via sem observar a presen�a dos outros ve�culos;Colis�o transversal;Com V�timas Feridas;Pleno dia;Decrescente;Nublado;Dupla;Reta;Sim;2;0;1;0;1;0;1;2;-30,02202661;-52,91748889;SPRF-RS;DEL02-RS;UOP03-DEL02-RS;;;
716625;06/09/2025;s�bado;17:40:00;TO;153;332;GUARAI;Transitar na contram�o;Colis�o transversal;Com V�timas Feridas;Anoitecer;Decrescente;C�u Claro;Simples;Declive;N�o;3;0;3;0;0;0;3;2;-8,816863;-48,512207;SPRF-TO;DEL02-TO;UOP02-DEL02-TO;;;
716626;23/04/2025;quarta-feira;19:00:00;MS;60;503;MARACAJU;Velocidade Incompat�vel;Sa�da de leito carro��vel;Com V�timas Feridas;Plena Noite;Crescente;C�u Claro;Simples;Reta;N�o;1;0;0;1;0;0;1;1;-21,22;-55,539;SPRF-MS;DEL01-MS;UOP04-DEL01-MS;;;
716628;06/09/2025;s�bado;17:03:00;RJ;116;142;DUQUE DE CAXIAS;Rea��o tardia ou ineficiente do condutor;Queda de ocupante de ve�culo;Com V�timas Feridas;Anoitecer;Crescente;Nublado;Dupla;Curva;Sim;1;0;1;0;0;0;1;1;-22,647407;-43,227205;SPRF-RJ;DEL01-RJ;UOP02-DEL01-RJ;;;
716630;06/09/2025;s�bado;18:40:00;MG;40;518;RIBEIRAO DAS NEVES;Ingest�o de �lcool pelo condutor;Engavetamento;Com V�timas Feridas;Plena Noite;Decrescente;C�u Claro;Dupla;"Retorno Regulamentado;Reta";Sim;6;0;1;0;5;0;1;3;-19,81419119;-44,09225464;SPRF-MG;DEL01-MG;UOP02-DEL01-MG;;;
716631;06/09/2025;s�bado;19:00:00;RS;290;91,1;PORTO ALEGRE;Rea��o tardia ou ineficiente do condutor;Colis�o com objeto;Com V�timas Feridas;Plena Noite;Decrescente;C�u Claro;Dupla;Retorno Regulamentado;Sim;2;0;2;0;0;0;2;1;-29,96927208;-51,16934409;SPRF-RS;DEL01-RS;UOP01-DEL01-RS;;;
716632;06/09/2025;s�bado;18:15:00;AL;104;34,4;UNIAO DOS PALMARES;Aus�ncia de rea��o do condutor;Colis�o transversal;Com V�timas Feridas;Plena Noite;Decrescente;Nublado;Simples;Reta;Sim;3;0;1;1;1;0;2;2;-9,157268;-36,014308;SPRF-AL;DEL01-AL;UOP02-DEL01-AL;;;
716633;06/09/2025;s�bado;18:13:00;MS;463;104,8;PONTA PORA;Ingest�o de �lcool pelo condutor;Colis�o frontal;Com V�timas Feridas;Plena Noite;Crescente;C�u Claro;Simples;Reta;Sim;3;0;1;2;0;0;3;2;-22,56836585;-55,49468994;SPRF-MS;DEL04-MS;UOP03-DEL04-MS;;;
716635;06/09/2025;s�bado;19:15:00;RS;287;249;SANTA MARIA;Entrada inopinada do pedestre;Atropelamento de Pedestre;Com V�timas Feridas;Plena Noite;Decrescente;Nublado;Dupla;Interse��o de Vias;Sim;2;0;1;0;1;0;1;2;-29,69542413;-53,85660119;SPRF-RS;DEL09-RS;UOP01-DEL09-RS;;;
716636;06/09/2025;s�bado;19:15:00;MG;153;221,8;FRUTAL;Ingest�o de �lcool pelo condutor;Sa�da de leito carro��vel;Sem V�timas;Plena Noite;Crescente;C�u Claro;Simples;Reta;N�o;1;0;0;0;1;0;0;1;-20,11287;-49,09782;SPRF-MG;DEL13-MG;UOP02-DEL13-MG;;;
716637;06/09/2025;s�bado;19:45:00;BA;418;101;NOVA VICOSA;Rea��o tardia ou ineficiente do condutor;Colis�o traseira;Com V�timas Feridas;Plena Noite;Decrescente;C�u Claro;Simples;Reta;N�o;3;0;0;3;0;0;3;2;-17,90567;-39,964997;SPRF-BA;DEL09-BA;UOP02-DEL09-BA;;;
716638;06/09/2025;s�bado;19:00:00;PE;316;76;OURICURI;Transitar na contram�o;Colis�o frontal;Com V�timas Fatais;Plena Noite;Crescente;C�u Claro;Simples;Reta;N�o;2;1;0;0;0;1;0;2;-7,819974;-40,1607889;SPRF-PE;DEL05-PE;UOP02-DEL05-PE;;;
716639;06/09/2025;s�bado;18:55:00;RS;287;248;SANTA MARIA;Manobra de mudan�a de faixa;Colis�o transversal;Com V�timas Feridas;Plena Noite;Decrescente;C�u Claro;M�ltipla;Reta;Sim;2;0;1;0;1;0;1;2;-29,69581644;-53,85347843;SPRF-RS;DEL09-RS;UOP01-DEL09-RS;;;
716640;06/09/2025;s�bado;18:00:00;BA;116;390;SANTA BARBARA;Ingest�o de �lcool pelo condutor;Tombamento;Com V�timas Feridas;Plena Noite;Decrescente;C�u Claro;M�ltipla;Reta;Sim;1;0;0;1;0;0;1;1;-11,950571;-38,977025;SPRF-BA;DEL02-BA;UOP01-DEL02-BA;;;
716641;06/09/2025;s�bado;18:25:00;BA;116;322;ARACI;Defici�ncia do Sistema de Ilumina��o/Sinaliza��o;Colis�o transversal;Com V�timas Feridas;Plena Noite;Crescente;C�u Claro;Simples;Reta;Sim;3;0;1;1;1;0;2;2;-11,340033;-38,958862;SPRF-BA;DEL02-BA;UOP01-DEL02-BA;;;
716642;06/09/2025;s�bado;19:00:00;BA;324;4,5;FEIRA DE SANTANA;Pista esburacada;Queda de ocupante de ve�culo;Com V�timas Feridas;Plena Noite;Crescente;Nublado;Dupla;"Declive;Reta";Sim;2;0;1;0;1;0;1;1;-12,28390172;-38,97305489;SPRF-BA;DEL02-BA;UOP01-DEL02-BA;;;
716643;06/09/2025;s�bado;19:57:00;BA;324;4,5;FEIRA DE SANTANA;Pista esburacada;Tombamento;Com V�timas Feridas;Plena Noite;Crescente;Nublado;Dupla;"Reta;Declive";Sim;2;0;1;1;0;0;2;1;-12,2839194;-38,972897;SPRF-BA;DEL02-BA;UOP01-DEL02-BA;;;
716645;06/09/2025;s�bado;19:15:00;BA;101;187;SAO GONCALO DOS CAMPOS;Acessar a via sem observar a presen�a dos outros ve�culos;Colis�o transversal;Com V�timas Feridas;Plena Noite;Decrescente;C�u Claro;Simples;Reta;N�o;3;0;1;0;2;0;1;2;-12,481015;-38,945725;SPRF-BA;DEL01-BA;UOP03-DEL01-BA;;;
716646;06/09/2025;s�bado;19:30:00;AL;316;144,5;PALMEIRA DOS INDIOS;Acostamento em desn�vel;Sa�da de leito carro��vel;Com V�timas Feridas;Plena Noite;Crescente;C�u Claro;Simples;Reta;N�o;1;0;1;0;0;0;1;1;-9,397369;-36,718867;SPRF-AL;DEL03-AL;UOP01-DEL03-AL;;;
716648;06/09/2025;s�bado;17:27:00;GO;50;147,7;CAMPO ALEGRE DE GOIAS;Condutor Dormindo;Sa�da de leito carro��vel;Com V�timas Feridas;Pleno dia;Decrescente;C�u Claro;Dupla;Reta;N�o;1;0;1;0;0;0;1;1;-17,154957;-47,722486;SPRF-GO;DEL06-GO;UOP01-DEL06-GO;;;
716649;06/09/2025;s�bado;20:20:00;ES;262;37;DOMINGOS MARTINS;Ultrapassagem Indevida;Colis�o frontal;Com V�timas Feridas;Plena Noite;Crescente;C�u Claro;Simples;Reta;N�o;2;0;1;0;0;1;1;2;-20,381745;-40,615676;SPRF-ES;DEL01-ES;UOP01-DEL01-ES;;;
716651;06/09/2025;s�bado;20:00:00;BA;324;585;CANDEIAS;Demais falhas mec�nicas ou el�tricas;Inc�ndio;Sem V�timas;Plena Noite;Crescente;C�u Claro;Dupla;Reta;N�o;2;0;0;0;2;0;0;1;-12,645715;-38,475423;SPRF-BA;DEL01-BA;UOP01-DEL01-BA;;;
716652;06/09/2025;s�bado;20:43:00;BA;367;23;PORTO SEGURO;Aus�ncia de rea��o do condutor;Engavetamento;Sem V�timas;Plena Noite;Decrescente;C�u Claro;Simples;Reta;Sim;3;0;0;0;2;1;0;3;-16,436528;-39,077388;SPRF-BA;DEL09-BA;UOP03-DEL09-BA;;;
716655;06/09/2025;s�bado;21:10:00;MG;40;733,5;SANTOS DUMONT;Aus�ncia de rea��o do condutor;Tombamento;Com V�timas Feridas;Plena Noite;Crescente;C�u Claro;Simples;Reta;Sim;1;0;1;0;0;0;1;1;-21,37962893;-43,5703121;SPRF-MG;DEL05-MG;UOP01-DEL05-MG;;;
716656;06/09/2025;s�bado;16:57:00;PE;232;169;TACAIMBO;Manobra de mudan�a de faixa;Colis�o frontal;Com V�timas Feridas;Pleno dia;Decrescente;Chuva;Simples;"Reta;Aclive";N�o;2;0;1;1;0;0;2;2;-8,34;-36,33614;SPRF-PE;DEL03-PE;UOP02-DEL03-PE;;;