id;data_inversa;dia_semana;horario;uf;br;km;municipio;causa_acidente;tipo_acidente;classificacao_acidente;fase_dia;sentido_via;condicao_metereologica;tipo_pista;tracado_via;uso_solo;pessoas;mortos;feridos_leves;feridos_graves;ilesos;ignorados;feridos;veiculos;latitude;longitude;regional;delegacia;uop;;;
716657;06/09/2025;s�bado;19:55:00;PR;277;662;MEDIANEIRA;Velocidade Incompat�vel;Sa�da de leito carro��vel;Com V�timas Feridas;Plena Noite;Crescente;C�u Claro;Dupla;"Reta;Declive";N�o;2;0;1;0;1;0;1;1;-25,2508;-54,013;SPRF-PR;DEL05-PR;UOP02-DEL05-PR;;;
716660;06/09/2025;s�bado;21:00:00;GO;364;386;SANTA RITA DO ARAGUAIA;Pedestre cruzava a pista fora da faixa;Atropelamento de Pedestre;Com V�timas Feridas;Plena Noite;Decrescente;C�u Claro;Dupla;Reta;Sim;2;0;0;1;1;0;1;2;-17,32860805;-53,20428419;SPRF-GO;DEL05-GO;UOP01-DEL05-GO;;;
716661;06/09/2025;s�bado;20:00:00;MG;262;646;IBIA;Demais falhas mec�nicas ou el�tricas;Inc�ndio;Sem V�timas;Plena Noite;Crescente;C�u Claro;Simples;Reta;N�o;1;0;0;0;1;0;0;1;-19,57949274;-46,69248462;SPRF-MG;DEL08-MG;UOP01-DEL08-MG;;;
716662;06/09/2025;s�bado;21:00:00;MG;365;794;GURINHATA;Velocidade Incompat�vel;Capotamento;Com V�timas Feridas;Plena Noite;Decrescente;C�u Claro;Simples;"Reta;Declive";N�o;1;0;0;1;0;0;1;1;-18,926535;-49,8516068;SPRF-MG;DEL15-MG;UOP03-DEL15-MG;;;
716663;06/09/2025;s�bado;18:00:00;SP;116;122;CACAPAVA;Rea��o tardia ou ineficiente do condutor;Colis�o com objeto;Com V�timas Fatais;Anoitecer;Crescente;C�u Claro;Dupla;Reta;Sim;4;1;0;0;0;3;0;3;-23,083671;-45,663973;SPRF-SP;DEL02-SP;UOP02-DEL02-SP;;;
716665;06/09/2025;s�bado;19:55:00;RO;364;427;JARU;Rea��o tardia ou ineficiente do condutor;Colis�o traseira;Com V�timas Feridas;Plena Noite;Crescente;Nublado;Simples;Reta;N�o;3;0;1;0;2;0;1;2;-10,425603;-62,48991;SPRF-RO;DEL03-RO;UOP02-DEL03-RO;;;
716666;06/09/2025;s�bado;20:00:00;MG;381;210,4;BELO ORIENTE;Velocidade Incompat�vel;Colis�o frontal;Com V�timas Feridas;Plena Noite;Decrescente;C�u Claro;Simples;Reta;N�o;4;0;2;1;0;1;3;3;-19,24211547;-42,33650208;SPRF-MG;DEL06-MG;UOP01-DEL06-MG;;;
716667;06/09/2025;s�bado;17:40:00;PA;230;729;MEDICILANDIA;Transitar na contram�o;Colis�o frontal;Com V�timas Fatais;Anoitecer;Crescente;C�u Claro;Simples;Reta;N�o;2;1;1;0;0;0;1;2;-3,41716659;-52,79162407;SPRF-PA;DEL04-PA;UOP01-DEL04-PA;;;
716669;06/09/2025;s�bado;20:00:00;RN;101;94;NATAL;Ingest�o de �lcool pelo condutor;Colis�o traseira;Com V�timas Feridas;Plena Noite;Crescente;C�u Claro;Dupla;"Reta;Viaduto";Sim;3;0;1;0;2;0;1;2;-5,825539;-35,209796;SPRF-RN;DEL01-RN;UOP01-DEL01-RN;;;
716671;06/09/2025;s�bado;21:50:00;BA;242;814;BARREIRAS;Animais na Pista;Atropelamento de Animal;Com V�timas Fatais;Plena Noite;Crescente;C�u Claro;Simples;Reta;Sim;3;1;2;0;0;0;2;2;-12,1097;-44,9603;SPRF-BA;DEL10-BA;UOP01-DEL10-BA;;;
716675;06/09/2025;s�bado;19:50:00;RJ;356;148,5;CAMPOS DOS GOYTACAZES;Acessar a via sem observar a presen�a dos outros ve�culos;Colis�o transversal;Com V�timas Feridas;Plena Noite;Crescente;C�u Claro;Simples;Reta;Sim;2;0;0;1;1;0;1;2;-21,772347;-41,281148;SPRF-RJ;DEL08-RJ;UOP02-DEL08-RJ;;;
716676;06/09/2025;s�bado;22:15:00;GO;153;142;CAMPINORTE;Transitar no Acostamento;Tombamento;Com V�timas Feridas;Plena Noite;Decrescente;Ignorado;Simples;Curva;Sim;2;0;2;0;0;0;2;1;-14,0119812;-49,0856386;SPRF-GO;DEL07-GO;UOP01-DEL07-GO;;;
716677;06/09/2025;s�bado;20:10:00;RJ;493;19;GUAPIMIRIM;Aus�ncia de rea��o do condutor;Colis�o transversal;Com V�timas Fatais;Plena Noite;Decrescente;Nublado;Dupla;Reta;Sim;2;2;0;0;0;0;0;2;-22,66638;-43,0277;SPRF-RJ;DEL04-RJ;UOP02-DEL04-RJ;;;
716678;06/09/2025;s�bado;20:10:00;MT;163;768;SORRISO;Rea��o tardia ou ineficiente do condutor;Queda de ocupante de ve�culo;Com V�timas Feridas;Plena Noite;Crescente;C�u Claro;Simples;Reta;N�o;2;0;1;1;0;0;2;1;-12,42516167;-55,64142667;SPRF-MT;DEL06-MT;UOP01-DEL06-MT;;;
716679;06/09/2025;s�bado;22:00:00;DF;70;4;BRASILIA;Rea��o tardia ou ineficiente do condutor;Queda de ocupante de ve�culo;Com V�timas Feridas;Plena Noite;Decrescente;C�u Claro;Dupla;Reta;Sim;1;0;1;0;0;0;1;1;-15,79737415;-48,09099913;SPRF-DF;DEL03-DF;UOP02-DEL03-DF;;;
716680;06/09/2025;s�bado;22:10:00;SC;101;210,3;SAO JOSE;Condutor Dormindo;Colis�o com objeto;Com V�timas Feridas;Plena Noite;Crescente;Nublado;M�ltipla;Declive;Sim;1;0;0;1;0;0;1;1;-27,61613713;-48,64520486;SPRF-SC;DEL01-SC;UOP01-DEL01-SC;;;
716681;06/09/2025;s�bado;20:40:00;PA;230;117;MARABA;Rea��o tardia ou ineficiente do condutor;Colis�o com objeto;Com V�timas Fatais;Plena Noite;Decrescente;C�u Claro;Dupla;"Reta;Aclive";Sim;1;1;0;0;0;0;0;1;-5,355748;-49,09046;SPRF-PA;DEL03-PA;UOP01-DEL03-PA;;;
716683;06/09/2025;s�bado;21:50:00;PB;101;88,5;JOAO PESSOA;Rea��o tardia ou ineficiente do condutor;Queda de ocupante de ve�culo;Com V�timas Feridas;Plena Noite;Decrescente;Chuva;Dupla;Curva;Sim;1;0;1;0;0;0;1;1;-7,166995;-34,896518;SPRF-PB;DEL01-PB;UOP01-DEL01-PB;;;
716684;06/09/2025;s�bado;22:30:00;PB;101;88;JOAO PESSOA;Rea��o tardia ou ineficiente do condutor;Tombamento;Com V�timas Feridas;Plena Noite;Decrescente;Chuva;Dupla;Curva;Sim;2;0;0;1;0;1;1;1;-7,12434658;-34,88591011;SPRF-PB;DEL01-PB;UOP01-DEL01-PB;;;
716685;06/09/2025;s�bado;22:20:00;SC;101;41,2;JOINVILLE;Demais falhas mec�nicas ou el�tricas;Colis�o com objeto;Com V�timas Feridas;Plena Noite;Decrescente;Chuva;Dupla;Curva;Sim;2;0;1;0;1;0;1;2;-26,31382866;-48,87353746;SPRF-SC;DEL03-SC;UOP01-DEL03-SC;;;
716686;21/05/2025;quarta-feira;20:00:00;PI;316;32,5;DEMERVAL LOBAO;Transitar na contram�o;Queda de ocupante de ve�culo;Com V�timas Feridas;Plena Noite;Decrescente;Chuva;Dupla;Reta;Sim;3;0;1;1;0;1;2;2;-5,363325;-42,674407;SPRF-PI;DEL01-PI;UOP02-DEL01-PI;;;
716687;06/09/2025;s�bado;23:10:00;MG;381;502;BETIM;Manobra de mudan�a de faixa;Colis�o traseira;Com V�timas Feridas;Plena Noite;Crescente;C�u Claro;Dupla;Reta;Sim;3;0;1;0;2;0;1;2;-20,01950031;-44,22707749;SPRF-MG;DEL01-MG;UOP03-DEL01-MG;;;
716688;06/09/2025;s�bado;23:20:00;GO;60;96,8;ANAPOLIS;Ingest�o de �lcool pelo condutor;Sa�da de leito carro��vel;Sem V�timas;Plena Noite;Decrescente;C�u Claro;Dupla;Curva;Sim;1;0;0;0;0;1;0;1;-16,3761034;-48,94684911;SPRF-GO;DEL02-GO;UOP01-DEL02-GO;;;
716689;06/09/2025;s�bado;22:00:00;RO;364;426;JARU;Acessar a via sem observar a presen�a dos outros ve�culos;Colis�o transversal;Com V�timas Feridas;Plena Noite;Decrescente;C�u Claro;Simples;Reta;N�o;2;0;0;1;1;0;1;2;-10,429885;-62,483593;SPRF-RO;DEL03-RO;UOP02-DEL03-RO;;;
716690;06/09/2025;s�bado;23:00:00;RJ;393;134;SAPUCAIA;Acessar a via sem observar a presen�a dos outros ve�culos;Colis�o transversal;Com V�timas Feridas;Plena Noite;Decrescente;C�u Claro;Simples;Reta;Sim;2;0;1;0;0;1;1;2;-22,012996;-42,9529765;SPRF-RJ;DEL05-RJ;UOP01-DEL05-RJ;;;
716691;06/09/2025;s�bado;21:30:00;MT;70;522;VARZEA GRANDE;Convers�o proibida;Colis�o frontal;Com V�timas Feridas;Plena Noite;Crescente;C�u Claro;Simples;Reta;Sim;3;0;1;0;1;1;1;2;-15,664;-56,185;SPRF-MT;DEL01-MT;UOP02-DEL01-MT;;;
716692;06/09/2025;s�bado;21:25:00;PI;343;260;CAMPO MAIOR;Animais na Pista;Atropelamento de Animal;Com V�timas Feridas;Plena Noite;Crescente;C�u Claro;Simples;Reta;N�o;3;0;1;0;2;0;1;2;-4,803823;-42,14082;SPRF-PI;DEL01-PI;UOP03-DEL01-PI;;;
716693;06/09/2025;s�bado;22:15:00;PR;163;276;QUATRO PONTES;Ingest�o de �lcool pelo condutor;Colis�o lateral mesmo sentido;Com V�timas Feridas;Plena Noite;Crescente;C�u Claro;Dupla;Curva;N�o;3;0;3;0;0;0;3;2;-24,58282352;-53,98604242;SPRF-PR;DEL06-PR;UOP02-DEL06-PR;;;
716694;07/09/2025;domingo;00:00:00;PR;476;192;LAPA;Transitar na contram�o;Colis�o lateral sentido oposto;Com V�timas Feridas;Plena Noite;Decrescente;C�u Claro;Simples;Curva;N�o;2;0;1;0;1;0;1;2;-25,7304244;-49,70577186;SPRF-PR;DEL01-PR;UOP06-DEL01-PR;;;
716695;06/09/2025;s�bado;23:25:00;SP;116;98,4;PINDAMONHANGABA;Animais na Pista;Atropelamento de Animal;Com V�timas Feridas;Plena Noite;Crescente;Nublado;Dupla;Reta;N�o;2;0;2;0;0;0;2;1;-22,97824862;-45,45646906;SPRF-SP;DEL08-SP;UOP01-DEL08-SP;;;
716696;06/09/2025;s�bado;23:20:00;SP;116;98,3;PINDAMONHANGABA;Animais na Pista;Atropelamento de Animal;Com V�timas Feridas;Pleno dia;Crescente;Nublado;Dupla;Reta;N�o;2;0;1;0;1;0;1;1;-22,97792267;-45,45584679;SPRF-SP;DEL08-SP;UOP01-DEL08-SP;;;
716697;06/09/2025;s�bado;23:10:00;PI;343;348,9;TERESINA;Acesso irregular;Colis�o lateral mesmo sentido;Com V�timas Feridas;Plena Noite;Crescente;Garoa/Chuvisco;Dupla;Reta;Sim;2;0;1;0;1;0;1;2;-5,12404746;-42,79749513;SPRF-PI;DEL01-PI;UOP01-DEL01-PI;;;
716698;06/09/2025;s�bado;23:45:00;PB;101;88,6;JOAO PESSOA;Rea��o tardia ou ineficiente do condutor;Colis�o com objeto;Sem V�timas;Plena Noite;Decrescente;Chuva;Dupla;Reta;Sim;1;0;0;0;1;0;0;1;-7,1712977;-34,8976104;SPRF-PB;DEL01-PB;UOP01-DEL01-PB;;;
716699;07/09/2025;domingo;00:25:00;RJ;40;103;DUQUE DE CAXIAS;Ingest�o de �lcool pelo condutor;Sa�da de leito carro��vel;Com V�timas Feridas;Plena Noite;Decrescente;Chuva;Dupla;Reta;N�o;2;0;1;0;1;0;1;1;-22,6195672;-43,2863848;SPRF-RJ;DEL01-RJ;UOP02-DEL01-RJ;;;
716701;06/09/2025;s�bado;22:00:00;PE;116;13;SALGUEIRO;Animais na Pista;Atropelamento de Animal;Com V�timas Feridas;Plena Noite;Crescente;C�u Claro;Simples;Reta;N�o;2;0;1;0;1;0;1;1;-7,958358;-39,134629;SPRF-PE;DEL05-PE;UOP01-DEL05-PE;;;
716703;06/09/2025;s�bado;18:20:00;AC;364;80;SENADOR GUIOMARD;Demais falhas na via;Capotamento;Com V�timas Fatais;Plena Noite;Decrescente;C�u Claro;Simples;Reta;N�o;3;1;1;1;0;0;2;1;-10,095599;-67,427467;SPRF-AC;DEL01-AC;UOP01-DEL01-AC;;;
716704;06/09/2025;s�bado;19:30:00;MT;174;293;PONTES E LACERDA;Animais na Pista;Atropelamento de Animal;Com V�timas Feridas;Plena Noite;Decrescente;C�u Claro;Simples;Declive;Sim;2;0;1;0;1;0;1;1;-15,20127146;-59,32196528;SPRF-MT;DEL04-MT;UOP01-DEL04-MT;;;
716705;06/09/2025;s�bado;23:30:00;SC;101;192;BIGUACU;Ingest�o de �lcool pelo condutor;Colis�o traseira;Sem V�timas;Plena Noite;Decrescente;Nublado;Dupla;"Interse��o de Vias;Reta";Sim;3;0;0;0;3;0;0;2;-27,487343;-48,6500077;SPRF-SC;DEL01-SC;UOP01-DEL01-SC;;;
716706;07/09/2025;domingo;00:45:00;SP;116;437;REGISTRO;Aus�ncia de rea��o do condutor;Colis�o traseira;Sem V�timas;Plena Noite;Crescente;Chuva;Dupla;Reta;Sim;2;0;0;0;2;0;0;2;-24,45416693;-47,81073511;SPRF-SP;DEL05-SP;UOP01-DEL05-SP;;;
716707;07/09/2025;domingo;00:15:00;PR;163;13,4;BARRACAO;Ingest�o de �lcool pelo condutor;Colis�o traseira;Com V�timas Feridas;Plena Noite;Crescente;C�u Claro;Simples;Curva;N�o;2;0;1;0;1;0;1;2;-26,22036;-53,64094;SPRF-PR;DEL02-PR;UOP02-DEL02-PR;;;
716708;07/09/2025;domingo;01:30:00;SP;116;282,5;EMBU DAS ARTES;Aus�ncia de rea��o do condutor;Colis�o lateral mesmo sentido;Com V�timas Feridas;Amanhecer;Crescente;Garoa/Chuvisco;Dupla;Reta;Sim;3;0;1;0;2;0;1;2;-23,66429914;-46,85410135;SPRF-SP;DEL04-SP;UOP01-DEL04-SP;;;
716709;07/09/2025;domingo;01:30:00;MG;364;3,8;PLANURA;Velocidade Incompat�vel;Sa�da de leito carro��vel;Com V�timas Fatais;Plena Noite;Crescente;C�u Claro;Simples;"Curva;Aclive;Interse��o de Vias";Sim;1;1;0;0;0;0;0;1;-20,13713;-48,69958;SPRF-MG;DEL13-MG;UOP02-DEL13-MG;;;
716710;07/09/2025;domingo;00:30:00;ES;101;88;SAO MATEUS;Acesso irregular;Colis�o transversal;Com V�timas Feridas;Plena Noite;Crescente;C�u Claro;Simples;Reta;N�o;5;0;3;0;1;1;3;2;-18,88334165;-39,94823456;SPRF-ES;DEL04-ES;UOP02-DEL04-ES;;;
716711;06/09/2025;s�bado;21:00:00;BA;116;24,1;ABARE;Animais na Pista;Atropelamento de Animal;Com V�timas Feridas;Plena Noite;Decrescente;Nublado;Simples;"Reta;Em Obras";N�o;4;0;1;0;3;0;1;1;-8,834127;-39,259575;SPRF-PE;DEL05-PE;UOP03-DEL05-PE;;;
716713;07/09/2025;domingo;01:45:00;PI;316;2;TERESINA;Rea��o tardia ou ineficiente do condutor;Colis�o com objeto;Com V�timas Feridas;Plena Noite;Decrescente;C�u Claro;Simples;"Interse��o de Vias;Curva;Rotat�ria";Sim;1;0;1;0;0;0;1;1;-5,1271918;-42,79689789;SPRF-PI;DEL01-PI;UOP02-DEL01-PI;;;
716714;07/09/2025;domingo;01:30:00;MG;381;441;SABARA;Pedestre - Ingest�o de �lcool/ subst�ncias psicoativas;Atropelamento de Pedestre;Com V�timas Feridas;Plena Noite;Crescente;C�u Claro;Simples;"Aclive;Curva;Retorno Regulamentado";Sim;3;0;2;1;0;0;3;2;-19,83438179;-43,84934155;SPRF-MG;DEL01-MG;UOP01-DEL01-MG;;;
716715;07/09/2025;domingo;01:10:00;RJ;101;490,1;ANGRA DOS REIS;Rea��o tardia ou ineficiente do condutor;Sa�da de leito carro��vel;Com V�timas Feridas;Plena Noite;Decrescente;Chuva;Simples;Curva;N�o;2;0;2;0;0;0;2;1;-22,956364;-44,313567;SPRF-RJ;DEL03-RJ;UOP03-DEL03-RJ;;;
716716;07/09/2025;domingo;01:00:00;GO;60;257,6;INDIARA;Velocidade Incompat�vel;Sa�da de leito carro��vel;Com V�timas Fatais;Plena Noite;Crescente;C�u Claro;Dupla;Reta;N�o;2;2;0;0;0;0;0;1;-17,153693;-50,023955;SPRF-GO;DEL01-GO;UOP02-DEL01-GO;;;
716718;07/09/2025;domingo;03:45:00;RS;116;239;NOVO HAMBURGO;Velocidade Incompat�vel;Colis�o com objeto;Sem V�timas;Plena Noite;Decrescente;C�u Claro;Dupla;Reta;N�o;1;0;0;0;0;1;0;1;-29,69670585;-51,14475381;SPRF-RS;DEL01-RS;UOP02-DEL01-RS;;;
716719;07/09/2025;domingo;03:45:00;SC;101;208;FLORIANOPOLIS;Condutor deixou de manter dist�ncia do ve�culo da frente;Colis�o traseira;Com V�timas Feridas;Plena Noite;Crescente;C�u Claro;M�ltipla;Reta;N�o;3;0;2;0;0;1;2;2;-27,5939328;-48,5588992;SPRF-SC;DEL01-SC;UOP01-DEL01-SC;;;
716720;07/09/2025;domingo;00:40:00;MA;135;53;BACABEIRA;Acumulo de areia ou detritos sobre o pavimento;Queda de ocupante de ve�culo;Com V�timas Feridas;Plena Noite;Crescente;C�u Claro;Dupla;Reta;N�o;2;0;0;1;1;0;1;1;-2,995032;-44,313203;SPRF-MA;DEL01-MA;UOP02-DEL01-MA;;;
716721;07/09/2025;domingo;04:45:00;MG;381;880;ESTIVA;Rea��o tardia ou ineficiente do condutor;Colis�o traseira;Com V�timas Feridas;Plena Noite;Decrescente;Nublado;Dupla;"Curva;Aclive";N�o;2;0;0;1;0;1;1;2;-22,458778;-46,009724;SPRF-MG;DEL16-MG;UOP01-DEL16-MG;;;
716722;07/09/2025;domingo;04:46:00;MG;459;85;CONGONHAL;Aus�ncia de rea��o do condutor;Colis�o traseira;Com V�timas Fatais;Plena Noite;Decrescente;C�u Claro;Simples;Reta;N�o;5;1;0;1;2;1;1;3;-22,1538011;-46,0675173;SPRF-MG;DEL09-MG;UOP01-DEL09-MG;;;
716723;07/09/2025;domingo;05:25:00;PR;369;131,9;IBIPORA;Condutor Dormindo;Sa�da de leito carro��vel;Com V�timas Feridas;Plena Noite;Decrescente;Nublado;Dupla;Curva;N�o;1;0;1;0;0;0;1;1;-23,2603871;-50,9987412;SPRF-PR;DEL07-PR;UOP01-DEL07-PR;;;
716724;07/09/2025;domingo;03:20:00;PB;104;4,5;NOVA FLORESTA;Aus�ncia de rea��o do condutor;Tombamento;Com V�timas Feridas;Plena Noite;Decrescente;Ignorado;Simples;Reta;N�o;1;0;0;1;0;0;1;1;-6,462643;-36,189312;SPRF-PB;DEL02-PB;UOP04-DEL02-PB;;;
716725;06/09/2025;s�bado;20:15:00;RO;364;3,8;JI-PARANA;Animais na Pista;Atropelamento de Animal;Com V�timas Feridas;Plena Noite;Decrescente;C�u Claro;Simples;Reta;N�o;1;0;1;0;0;0;1;1;-10,910922;-61,96303;SPRF-RO;DEL02-RO;UOP01-DEL02-RO;;;
716726;07/09/2025;domingo;05:00:00;PR;116;16;COLOMBO;Velocidade Incompat�vel;Colis�o traseira;Com V�timas Feridas;Plena Noite;Decrescente;Garoa/Chuvisco;Dupla;"Curva;Declive";Sim;2;0;1;0;0;1;1;2;-25,38920394;-49,1894061;SPRF-PR;DEL01-PR;UOP02-DEL01-PR;;;
716728;07/09/2025;domingo;05:20:00;PR;277;726;FOZ DO IGUACU;Velocidade Incompat�vel;Sa�da de leito carro��vel;Sem V�timas;Plena Noite;Crescente;Nublado;Dupla;Rotat�ria;Sim;1;0;0;0;0;1;0;1;-25,50959749;-54,55879305;SPRF-PR;DEL05-PR;UOP03-DEL05-PR;;;
716729;07/09/2025;domingo;04:50:00;SC;282;505,3;XANXERE;Rea��o tardia ou ineficiente do condutor;Colis�o traseira;Sem V�timas;Plena Noite;Decrescente;Nublado;Dupla;Reta;Sim;2;0;0;0;2;0;0;2;-26,886058;-52,420651;SPRF-SC;DEL07-SC;UOP01-DEL07-SC;;;
716730;07/09/2025;domingo;04:00:00;PE;232;114;CARUARU;Condutor Dormindo;Colis�o com objeto;Sem V�timas;Amanhecer;Crescente;Chuva;Dupla;Reta;N�o;2;0;0;0;2;0;0;2;-8,29818606;-35,86050614;SPRF-PE;DEL02-PE;UOP03-DEL02-PE;;;
716732;07/09/2025;domingo;05:00:00;PB;104;118;CAMPINA GRANDE;Ingest�o de �lcool pelo condutor;Sa�da de leito carro��vel;Sem V�timas;Amanhecer;Crescente;Nublado;Simples;"Reta;Declive";N�o;4;0;0;0;4;0;0;1;-7,19369032;-35,87165862;SPRF-PB;DEL02-PB;UOP04-DEL02-PB;;;
716733;07/09/2025;domingo;04:20:00;PB;104;115,4;LAGOA SECA;Manobra de mudan�a de faixa;Colis�o frontal;Com V�timas Feridas;Plena Noite;Decrescente;Nevoeiro/Neblina;Simples;"Reta;Declive";Sim;3;0;1;0;1;1;1;2;-7,1649;-35,858;SPRF-PB;DEL02-PB;UOP04-DEL02-PB;;;
716734;07/09/2025;domingo;03:00:00;MA;316;7;BOA VISTA DO GURUPI;Transitar na contram�o;Colis�o lateral sentido oposto;Com V�timas Fatais;Plena Noite;Crescente;Nevoeiro/Neblina;Simples;Reta;N�o;3;2;0;0;1;0;0;2;-1,778542;-46,263898;SPRF-MA;DEL02-MA;UOP02-DEL02-MA;;;
716735;07/09/2025;domingo;02:00:00;PA;230;54;SAO DOMINGOS DO ARAGUAIA;Rea��o tardia ou ineficiente do condutor;Colis�o com objeto;Com V�timas Fatais;Plena Noite;Crescente;C�u Claro;Simples;Curva;N�o;1;1;0;0;0;0;0;1;-5,53745;-48,579782;SPRF-PA;DEL03-PA;UOP01-DEL03-PA;;;
716736;07/09/2025;domingo;06:35:00;SE;101;87;NOSSA SENHORA DO SOCORRO;Ingest�o de �lcool pelo condutor;Colis�o traseira;Com V�timas Feridas;Pleno dia;Decrescente;Sol;Dupla;Reta;N�o;4;0;2;0;1;1;2;3;-10,86063358;-37,13535396;SPRF-SE;DEL01-SE;UOP01-DEL01-SE;;;
716737;07/09/2025;domingo;05:43:00;RJ;116;188;NOVA IGUACU;Ingest�o de �lcool pelo condutor;Colis�o lateral mesmo sentido;Sem V�timas;Amanhecer;Decrescente;Garoa/Chuvisco;M�ltipla;Reta;Sim;2;0;0;0;2;0;0;2;-22,74295534;-43,51777268;SPRF-RJ;DEL06-RJ;UOP01-DEL06-RJ;;;
716739;07/09/2025;domingo;05:10:00;RJ;40;114;DUQUE DE CAXIAS;Demais falhas mec�nicas ou el�tricas;Colis�o com objeto;Com V�timas Feridas;Amanhecer;Decrescente;Nublado;Dupla;Curva;N�o;1;0;1;0;0;0;1;1;-22,71435182;-43,28950164;SPRF-RJ;DEL01-RJ;UOP02-DEL01-RJ;;;
716741;07/09/2025;domingo;06:00:00;RO;364;199,1;PIMENTA BUENO;Ingest�o de �lcool pelo condutor;Tombamento;Com V�timas Feridas;Pleno dia;Decrescente;C�u Claro;Simples;"Declive;Reta";N�o;1;0;0;1;0;0;1;1;-11,66157;-61,1912;SPRF-RO;DEL02-RO;UOP02-DEL02-RO;;;
716742;07/09/2025;domingo;06:45:00;MG;381;933;EXTREMA;Aus�ncia de rea��o do condutor;Sa�da de leito carro��vel;Sem V�timas;Pleno dia;Decrescente;C�u Claro;Simples;"Reta;Declive";N�o;1;0;0;0;1;0;0;1;-22,79561632;-46,25335291;SPRF-MG;DEL16-MG;UOP03-DEL16-MG;;;
716743;07/09/2025;domingo;06:00:00;SC;101;279;IMBITUBA;Condutor Dormindo;Sa�da de leito carro��vel;Sem V�timas;Amanhecer;Crescente;Nublado;Simples;Reta;N�o;1;0;0;0;1;0;0;1;-28,187874;-48,69683;SPRF-SC;DEL02-SC;UOP03-DEL02-SC;;;
716744;07/09/2025;domingo;06:00:00;MG;40;520,9;CONTAGEM;Condutor Dormindo;Colis�o traseira;Sem V�timas;Pleno dia;Decrescente;C�u Claro;Dupla;"Reta;Aclive";N�o;2;0;0;0;2;0;0;2;-19,8593887;-44,0667585;SPRF-MG;DEL01-MG;UOP02-DEL01-MG;;;
716746;07/09/2025;domingo;05:00:00;MA;10;259,1;IMPERATRIZ;Aus�ncia de rea��o do condutor;Tombamento;Sem V�timas;Amanhecer;Crescente;C�u Claro;Simples;Reta;N�o;1;0;0;0;0;1;0;1;-5,47151;-47,47301;SPRF-MA;DEL04-MA;UOP01-DEL04-MA;;;
716747;07/09/2025;domingo;04:00:00;RO;364;427;JARU;Velocidade Incompat�vel;Colis�o frontal;Com V�timas Feridas;Plena Noite;Crescente;C�u Claro;Simples;"Rotat�ria;Reta";Sim;2;0;1;1;0;0;2;2;-10,4283629;-62,4736737;SPRF-RO;DEL03-RO;UOP02-DEL03-RO;;;
716748;07/09/2025;domingo;03:30:00;PB;230;120,2;RIACHAO DO BACAMARTE;Animais na Pista;Atropelamento de Animal;Com V�timas Feridas;Plena Noite;Decrescente;Nublado;Dupla;Reta;N�o;3;0;1;0;1;1;1;2;-7,245413;-35,649363;SPRF-PB;DEL02-PB;UOP01-DEL02-PB;;;
716749;07/09/2025;domingo;07:00:00;PR;373;235;IMBITUVA;Rea��o tardia ou ineficiente do condutor;Colis�o com objeto;Com V�timas Feridas;Pleno dia;Crescente;C�u Claro;Simples;"Curva;Declive";N�o;2;0;1;0;1;0;1;1;-25,180433;-50,725597;SPRF-PR;DEL03-PR;UOP01-DEL03-PR;;;
716750;07/09/2025;domingo;06:10:00;PA;230;122;MARABA;Rea��o tardia ou ineficiente do condutor;Colis�o traseira;Com V�timas Feridas;Pleno dia;Decrescente;C�u Claro;Dupla;Reta;Sim;2;0;0;1;1;0;1;2;-5,364522;-49,12482;SPRF-PA;DEL03-PA;UOP01-DEL03-PA;;;
716751;07/09/2025;domingo;06:00:00;MS;60;425;SIDROLANDIA;Velocidade Incompat�vel;Colis�o com objeto;Com V�timas Feridas;Pleno dia;Crescente;C�u Claro;Dupla;Reta;Sim;1;0;0;1;0;0;1;1;-20,9349;-54,9608;SPRF-MS;DEL01-MS;UOP04-DEL01-MS;;;
716752;07/09/2025;domingo;07:05:00;DF;0;0;BRASILIA;Rea��o tardia ou ineficiente do condutor;Colis�o transversal;Sem V�timas;Amanhecer;N�o Informado;C�u Claro;M�ltipla;Reta;Sim;4;0;0;0;4;0;0;4;-15,778198;-47,938563;N/A;N/A;N/A;;;
716753;07/09/2025;domingo;07:15:00;SP;116;134;CACAPAVA;Rea��o tardia ou ineficiente do condutor;Colis�o traseira;Com V�timas Feridas;Pleno dia;Decrescente;Nublado;Dupla;Reta;Sim;2;0;1;0;1;0;1;2;-23,11836337;-45,71855194;SPRF-SP;DEL02-SP;UOP02-DEL02-SP;;;
716754;07/09/2025;domingo;06:00:00;RO;174;13,3;VILHENA;Ingest�o de �lcool pelo condutor;Colis�o transversal;Sem V�timas;Pleno dia;Decrescente;C�u Claro;Dupla;Interse��o de Vias;Sim;2;0;0;0;2;0;0;2;-12,74034458;-60,13180923;SPRF-RO;DEL04-RO;UOP01-DEL04-RO;;;
716756;07/09/2025;domingo;08:00:00;RS;116;231;ESTANCIA VELHA;Aus�ncia de rea��o do condutor;Colis�o frontal;Com V�timas Feridas;Pleno dia;Crescente;Nublado;Simples;Curva;N�o;2;0;1;0;1;0;1;2;-29,628585;-51,143619;SPRF-RS;DEL01-RS;UOP02-DEL01-RS;;;
716758;07/09/2025;domingo;07:00:00;PR;376;265;MARILANDIA DO SUL;Aus�ncia de rea��o do condutor;Queda de ocupante de ve�culo;Com V�timas Feridas;Pleno dia;Crescente;Nublado;Dupla;Reta;Sim;1;0;1;0;0;0;1;1;-23,720435;-51,303382;SPRF-PR;DEL07-PR;UOP03-DEL07-PR;;;