id;data_inversa;dia_semana;horario;uf;br;km;municipio;causa_acidente;tipo_acidente;classificacao_acidente;fase_dia;sentido_via;condicao_metereologica;tipo_pista;tracado_via;uso_solo;pessoas;mortos;feridos_leves;feridos_graves;ilesos;ignorados;feridos;veiculos;latitude;longitude;regional;delegacia;uop;;;
716870;07/09/2025;domingo;18:45:00;PB;230;165;CAMPINA GRANDE;Acessar a via sem observar a presen�a dos outros ve�culos;Colis�o transversal;Com V�timas Feridas;Plena Noite;Crescente;C�u Claro;Simples;Reta;Sim;2;0;1;0;0;1;1;2;-7,201917;-35,951962;SPRF-PB;DEL02-PB;UOP01-DEL02-PB;;;
716871;07/09/2025;domingo;19:00:00;PR;277;82;CURITIBA;Aus�ncia de rea��o do condutor;Colis�o com objeto;Com V�timas Feridas;Plena Noite;Crescente;Nublado;Dupla;Reta;N�o;1;0;0;1;0;0;1;1;-25,45404218;-49,22521094;SPRF-PR;DEL01-PR;UOP03-DEL01-PR;;;
716872;07/09/2025;domingo;17:55:00;RJ;101;309;ITABORAI;Condutor deixou de manter dist�ncia do ve�culo da frente;Colis�o traseira;Com V�timas Feridas;Anoitecer;Crescente;C�u Claro;Dupla;Reta;Sim;3;0;2;0;1;0;2;2;-22,76706149;-42,91157305;SPRF-RJ;DEL02-RJ;UOP02-DEL02-RJ;;;
716873;07/09/2025;domingo;17:10:00;ES;101;32,3;CONCEICAO DA BARRA;Aus�ncia de rea��o do condutor;Colis�o traseira;Com V�timas Feridas;Pleno dia;Crescente;C�u Claro;Simples;"Aclive;Reta";Sim;6;0;5;0;1;0;5;2;-18,42898249;-39,93437855;SPRF-ES;DEL04-ES;UOP02-DEL04-ES;;;
716874;07/09/2025;domingo;19:15:00;BA;135;161;BARREIRAS;Ultrapassagem Indevida;Colis�o frontal;Com V�timas Feridas;Plena Noite;Crescente;C�u Claro;Simples;Reta;N�o;3;0;0;1;2;0;1;2;-12,0180356;-44,9495212;SPRF-BA;DEL10-BA;UOP01-DEL10-BA;;;
716875;07/09/2025;domingo;19:45:00;RS;471;660;SANTA VITORIA DO PALMAR;Desrespeitar a prefer�ncia no cruzamento;Colis�o transversal;Com V�timas Feridas;Plena Noite;Crescente;Nublado;Simples;Reta;Sim;3;0;1;0;2;0;1;2;-33,53567138;-53,35063934;SPRF-RS;DEL07-RS;UOP04-DEL07-RS;;;
716876;07/09/2025;domingo;16:50:00;RJ;101;452;MANGARATIBA;Curva acentuada;Queda de ocupante de ve�culo;Com V�timas Feridas;Anoitecer;Decrescente;Chuva;Simples;Curva;N�o;2;0;0;1;1;0;1;2;-23,03119221;-44,13438356;SPRF-RJ;DEL03-RJ;UOP02-DEL03-RJ;;;
716877;07/09/2025;domingo;19:45:00;GO;153;298;RIALMA;Transitar na contram�o;Colis�o frontal;Com V�timas Feridas;Plena Noite;Crescente;C�u Claro;Simples;Curva;N�o;3;0;2;0;1;0;2;2;-15,25714502;-49,54800308;SPRF-GO;DEL02-GO;UOP02-DEL02-GO;;;
716878;07/09/2025;domingo;18:30:00;RO;174;16;VILHENA;Acessar a via sem observar a presen�a dos outros ve�culos;Colis�o frontal;Com V�timas Feridas;Plena Noite;Decrescente;Nublado;Simples;"Reta;Interse��o de Vias";Sim;2;0;1;0;1;0;1;2;-12,71304112;-60,1260123;SPRF-RO;DEL04-RO;UOP01-DEL04-RO;;;
716879;07/09/2025;domingo;19:30:00;MG;381;414;CAETE;Aus�ncia de rea��o do condutor;Sa�da de leito carro��vel;Com V�timas Feridas;Plena Noite;Crescente;C�u Claro;Dupla;"Curva;Aclive";Sim;4;0;4;0;0;0;4;1;-19,75705085;-43,634305;SPRF-MG;DEL01-MG;UOP01-DEL01-MG;;;
716882;07/09/2025;domingo;20:25:00;SP;381;55;MAIRIPORA;Aus�ncia de rea��o do condutor;Colis�o lateral mesmo sentido;Sem V�timas;Plena Noite;Crescente;C�u Claro;M�ltipla;Curva;N�o;3;0;0;0;3;0;0;3;-23,26174917;-46,58747546;SPRF-SP;DEL03-SP;UOP01-DEL03-SP;;;
716883;07/09/2025;domingo;11:00:00;MG;50;0,6;ARAGUARI;Velocidade Incompat�vel;Sa�da de leito carro��vel;Com V�timas Feridas;Pleno dia;Decrescente;C�u Claro;Dupla;Reta;N�o;2;0;2;0;0;0;2;1;-18,42945831;-48,06289816;SPRF-MG;DEL15-MG;UOP02-DEL15-MG;;;
716885;07/09/2025;domingo;20:00:00;MG;40;327;FELIXLANDIA;Demais falhas mec�nicas ou el�tricas;Inc�ndio;Sem V�timas;Plena Noite;Decrescente;C�u Claro;Simples;Reta;N�o;1;0;0;0;1;0;0;1;-18,5531;-45,02819;SPRF-MG;DEL14-MG;UOP02-DEL14-MG;;;
716886;07/09/2025;domingo;20:40:00;GO;40;11;LUZIANIA;Aus�ncia de rea��o do condutor;Colis�o com objeto;Com V�timas Feridas;Plena Noite;Crescente;C�u Claro;Dupla;Reta;Sim;1;0;1;0;0;0;1;1;-16,14243465;-47,94742495;SPRF-DF;DEL01-DF;UOP01-DEL01-DF;;;
716887;07/09/2025;domingo;18:00:00;SC;101;65;ARAQUARI;Defici�ncia do Sistema de Ilumina��o/Sinaliza��o;Sa�da de leito carro��vel;Com V�timas Feridas;Anoitecer;Crescente;Chuva;Simples;Curva;N�o;4;0;4;0;0;0;4;1;-26,47995389;-48,73736;SPRF-SC;DEL03-SC;UOP02-DEL03-SC;;;
716888;07/09/2025;domingo;17:00:00;MG;50;72;UBERLANDIA;Rea��o tardia ou ineficiente do condutor;Colis�o transversal;Com V�timas Feridas;Pleno dia;Decrescente;C�u Claro;Simples;Reta;Sim;2;0;1;0;0;1;1;2;-18,89702943;-48,24448586;SPRF-MG;DEL15-MG;UOP01-DEL15-MG;;;
716890;07/09/2025;domingo;19:30:00;SC;101;153;PORTO BELO;Condutor deixou de manter dist�ncia do ve�culo da frente;Colis�o traseira;Com V�timas Feridas;Plena Noite;Decrescente;Chuva;Dupla;Reta;Sim;2;0;0;1;1;0;1;2;-27,13879872;-48,60984698;SPRF-SC;DEL04-SC;UOP03-DEL04-SC;;;
716892;07/09/2025;domingo;20:40:00;PR;369;134;IBIPORA;Ingest�o de �lcool pelo condutor;Sa�da de leito carro��vel;Com V�timas Feridas;Plena Noite;Crescente;C�u Claro;Simples;Reta;N�o;1;0;0;1;0;0;1;1;-23,26156281;-51,01767238;SPRF-PR;DEL07-PR;UOP01-DEL07-PR;;;
716895;07/09/2025;domingo;20:25:00;RO;364;18,9;VILHENA;Aus�ncia de rea��o do condutor;Sa�da de leito carro��vel;Com V�timas Feridas;Plena Noite;Decrescente;Nublado;Simples;Reta;N�o;1;0;1;0;0;0;1;1;-12,727433;-60,183063;SPRF-RO;DEL04-RO;UOP01-DEL04-RO;;;
716897;07/09/2025;domingo;18:40:00;MG;116;732;LARANJAL;Objeto est�tico sobre o leito carro��vel;Colis�o com objeto;Com V�timas Feridas;Plena Noite;Decrescente;Nublado;Simples;"Reta;Em Obras";N�o;2;0;1;1;0;0;2;1;-21,33016922;-42,45472379;SPRF-MG;DEL07-MG;UOP02-DEL07-MG;;;
716898;07/09/2025;domingo;21:05:00;PA;155;319;MARABA;Entrada inopinada do pedestre;Atropelamento de Pedestre;Com V�timas Feridas;Plena Noite;Crescente;C�u Claro;Simples;Reta;N�o;2;0;1;0;1;0;1;2;-5,5847759;-49,07882552;SPRF-PA;DEL03-PA;UOP01-DEL03-PA;;;
716900;07/09/2025;domingo;19:00:00;AL;104;92,8;RIO LARGO;Acessar a via sem observar a presen�a dos outros ve�culos;Colis�o lateral mesmo sentido;Com V�timas Feridas;Plena Noite;Crescente;Chuva;Dupla;Reta;Sim;2;0;1;0;1;0;1;2;-9,52127444;-35,80186844;SPRF-AL;DEL01-AL;UOP01-DEL01-AL;;;
716901;07/09/2025;domingo;21:00:00;RO;364;200;PIMENTA BUENO;Transitar na contram�o;Colis�o frontal;Com V�timas Feridas;Plena Noite;Crescente;C�u Claro;Simples;"Interse��o de Vias;Reta";Sim;6;0;0;1;5;0;1;2;-11,651868;-61,193033;SPRF-RO;DEL02-RO;UOP02-DEL02-RO;;;
716902;07/09/2025;domingo;13:30:00;RJ;101;65,3;CAMPOS DOS GOYTACAZES;Rea��o tardia ou ineficiente do condutor;Tombamento;Com V�timas Feridas;Pleno dia;Decrescente;C�u Claro;Simples;Reta;N�o;1;0;1;0;0;0;1;1;-21,752849;-41,340688;SPRF-RJ;DEL08-RJ;UOP02-DEL08-RJ;;;
716903;07/09/2025;domingo;19:00:00;PE;423;44;CACHOEIRINHA;Transitar na contram�o;Colis�o frontal;Com V�timas Fatais;Plena Noite;Decrescente;C�u Claro;Simples;Reta;N�o;3;1;1;1;0;0;2;2;-8,5259995;-36,2598595;SPRF-PE;DEL03-PE;UOP01-DEL03-PE;;;
716904;07/09/2025;domingo;21:00:00;DF;80;12,8;BRASILIA;Condutor deixou de manter dist�ncia do ve�culo da frente;Colis�o traseira;Com V�timas Feridas;Plena Noite;Crescente;C�u Claro;Simples;Reta;N�o;2;0;1;0;1;0;1;2;-15,725418;-48,194567;SPRF-DF;DEL03-DF;UOP02-DEL03-DF;;;
716905;07/09/2025;domingo;16:40:00;RO;364;325;PRESIDENTE MEDICI;Demais falhas mec�nicas ou el�tricas;Tombamento;Sem V�timas;Pleno dia;Decrescente;C�u Claro;Simples;Reta;N�o;2;0;0;0;2;0;0;1;-11,03883793;-61,93005737;SPRF-RO;DEL02-RO;UOP01-DEL02-RO;;;
716906;07/09/2025;domingo;22:00:00;RN;406;170;SAO GONCALO DO AMARANTE;Rea��o tardia ou ineficiente do condutor;Queda de ocupante de ve�culo;Com V�timas Feridas;Plena Noite;Crescente;C�u Claro;Dupla;Reta;Sim;1;0;1;0;0;0;1;1;-5,759632;-35,29628;SPRF-RN;DEL02-RN;UOP01-DEL02-RN;;;
716907;07/09/2025;domingo;21:35:00;PB;104;138;QUEIMADAS;Retorno proibido;Colis�o frontal;Com V�timas Feridas;Plena Noite;Decrescente;C�u Claro;Simples;"Reta;Interse��o de Vias";Sim;3;0;0;1;1;1;1;3;-7,35857247;-35,90170026;SPRF-PB;DEL02-PB;UOP03-DEL02-PB;;;
716908;07/09/2025;domingo;20:10:00;MG;251;522,4;MONTES CLAROS;Transitar no Acostamento;Sa�da de leito carro��vel;Com V�timas Fatais;Plena Noite;Crescente;C�u Claro;Simples;Declive;N�o;2;1;1;0;0;0;1;1;-16,672;-43,794;SPRF-MG;DEL12-MG;UOP01-DEL12-MG;;;
716909;07/09/2025;domingo;20:00:00;RN;304;36;MOSSORO;Ingest�o de �lcool pelo condutor;Colis�o com objeto;Sem V�timas;Plena Noite;Decrescente;C�u Claro;Dupla;Viaduto;Sim;1;0;0;0;1;0;0;1;-5,16984103;-37,35660553;SPRF-RN;DEL04-RN;UOP02-DEL04-RN;;;
716912;07/09/2025;domingo;21:10:00;SC;470;330;CAMPOS NOVOS;Ingest�o de �lcool pelo condutor;Sa�da de leito carro��vel;Com V�timas Feridas;Plena Noite;Decrescente;C�u Claro;Simples;Reta;N�o;2;0;1;0;1;0;1;1;-27,4304421;-51,24315262;SPRF-SC;DEL07-SC;UOP06-DEL07-SC;;;
716913;07/09/2025;domingo;20:30:00;PE;232;252,6;ARCOVERDE;Aus�ncia de rea��o do condutor;Colis�o lateral sentido oposto;Sem V�timas;Plena Noite;Decrescente;C�u Claro;Simples;Reta;Sim;24;0;0;0;24;0;0;2;-8,42705;-37,070302;SPRF-PE;DEL04-PE;UOP02-DEL04-PE;;;
716914;07/09/2025;domingo;21:10:00;MG;40;614,3;CONGONHAS;Ultrapassagem Indevida;Colis�o lateral mesmo sentido;Com V�timas Feridas;Plena Noite;Crescente;C�u Claro;Simples;Curva;Sim;3;0;2;0;1;0;2;2;-20,5353733;-43,8212499;SPRF-MG;DEL05-MG;UOP02-DEL05-MG;;;
716915;07/09/2025;domingo;19:15:00;RS;153;580,1;BAGE;Transitar na contram�o;Colis�o frontal;Com V�timas Feridas;Anoitecer;Crescente;Nublado;Simples;"Reta;Ponte";N�o;3;0;1;1;0;1;2;3;-31,07409747;-53,68806258;SPRF-RS;DEL11-RS;UOP03-DEL11-RS;;;
716917;07/09/2025;domingo;19:50:00;MT;70;533;VARZEA GRANDE;Aus�ncia de rea��o do condutor;Colis�o traseira;Com V�timas Feridas;Plena Noite;Decrescente;C�u Claro;Simples;Reta;N�o;3;0;1;1;1;0;2;2;-15,67952;-56,27418;SPRF-MT;DEL01-MT;UOP02-DEL01-MT;;;
716918;07/09/2025;domingo;21:40:00;GO;364;49;CACHOEIRA ALTA;Animais na Pista;Atropelamento de Animal;Com V�timas Feridas;Plena Noite;Crescente;C�u Claro;Simples;"Reta;Declive";N�o;1;0;0;1;0;0;1;1;-18,83102145;-50,8707676;SPRF-GO;DEL05-GO;UOP02-DEL05-GO;;;
716919;07/09/2025;domingo;21:40:00;SC;101;71;ARAQUARI;Rea��o tardia ou ineficiente do condutor;Sa�da de leito carro��vel;Com V�timas Feridas;Plena Noite;Crescente;Chuva;Dupla;Reta;N�o;2;0;1;0;1;0;1;1;-26,51526599;-48,72097341;SPRF-SC;DEL03-SC;UOP02-DEL03-SC;;;
716920;07/09/2025;domingo;20:45:00;MA;10;254;IMPERATRIZ;Desrespeitar a prefer�ncia no cruzamento;Colis�o transversal;Com V�timas Feridas;Plena Noite;Decrescente;C�u Claro;Simples;Interse��o de Vias;Sim;3;0;1;0;2;0;1;2;-5,5119;-47,471757;SPRF-MA;DEL04-MA;UOP01-DEL04-MA;;;
716921;07/09/2025;domingo;23:15:00;PR;476;147;CURITIBA;Rea��o tardia ou ineficiente do condutor;Colis�o com objeto;Sem V�timas;Plena Noite;Crescente;Nublado;Dupla;"Declive;Reta";N�o;2;0;0;0;2;0;0;2;-25,55377123;-49,33709828;SPRF-PR;DEL01-PR;UOP06-DEL01-PR;;;
716922;07/09/2025;domingo;23:18:00;PB;230;41,3;SANTA RITA;Aus�ncia de rea��o do condutor;Sa�da de leito carro��vel;Com V�timas Feridas;Plena Noite;Decrescente;C�u Claro;Dupla;Reta;N�o;4;0;4;0;0;0;4;1;-7,142;-34,986;SPRF-PB;DEL01-PB;UOP02-DEL01-PB;;;
716923;07/09/2025;domingo;22:00:00;MS;262;361,5;CAMPO GRANDE;Aus�ncia de rea��o do condutor;Colis�o com objeto;Com V�timas Feridas;Plena Noite;Crescente;C�u Claro;Simples;Rotat�ria;Sim;1;0;1;0;0;0;1;1;-20,51557168;-54,7189096;SPRF-MS;DEL01-MS;UOP03-DEL01-MS;;;
716924;07/09/2025;domingo;22:00:00;RO;364;713;PORTO VELHO;Condutor Dormindo;Sa�da de leito carro��vel;Com V�timas Feridas;Plena Noite;Decrescente;C�u Claro;Dupla;Reta;Sim;1;0;0;1;0;0;1;1;-8,77297522;-63,88450402;SPRF-RO;DEL01-RO;UOP01-DEL01-RO;;;
716925;07/09/2025;domingo;21:50:00;PR;153;3,9;IMBITUVA;Rea��o tardia ou ineficiente do condutor;Sa�da de leito carro��vel;Com V�timas Feridas;Plena Noite;Crescente;Nublado;Simples;"Curva;Declive";N�o;1;0;1;0;0;0;1;1;-25,274397;-50,63896;SPRF-PR;DEL07-PR;UOP04-DEL07-PR;;;
716926;07/09/2025;domingo;21:15:00;MG;354;768;ITAMONTE;Demais falhas mec�nicas ou el�tricas;Inc�ndio;Sem V�timas;Plena Noite;Decrescente;Nublado;Simples;Reta;N�o;1;0;0;0;1;0;0;1;-22,3373905;-44,82122898;SPRF-MG;DEL17-MG;UOP01-DEL17-MG;;;
716928;07/09/2025;domingo;23:06:00;RO;319;144,3;PORTO VELHO;Manobra de mudan�a de faixa;Colis�o lateral mesmo sentido;Com V�timas Feridas;Plena Noite;Crescente;C�u Claro;Dupla;"Interse��o de Vias;Reta";Sim;2;0;1;0;1;0;1;2;-8,76608761;-63,88462901;SPRF-RO;DEL01-RO;UOP01-DEL01-RO;;;
716929;08/09/2025;segunda-feira;00:00:00;SC;470;137;RIO DO SUL;Rea��o tardia ou ineficiente do condutor;Sa�da de leito carro��vel;Sem V�timas;Plena Noite;Decrescente;Garoa/Chuvisco;Simples;Reta;Sim;1;0;0;0;0;1;0;1;-27,1836076;-49,6018917;SPRF-SC;DEL04-SC;UOP02-DEL04-SC;;;
716930;08/09/2025;segunda-feira;00:15:00;PR;116;14,8;COLOMBO;Ingest�o de �lcool pelo condutor;Colis�o traseira;Sem V�timas;Plena Noite;Crescente;C�u Claro;Dupla;Reta;Sim;2;0;0;0;2;0;0;2;-25,38227823;-49,16559558;SPRF-PR;DEL01-PR;UOP02-DEL01-PR;;;
716931;07/09/2025;domingo;22:00:00;RO;364;426;JARU;Acessar a via sem observar a presen�a dos outros ve�culos;Colis�o transversal;Com V�timas Feridas;Plena Noite;Decrescente;C�u Claro;M�ltipla;"Reta;Retorno Regulamentado";Sim;2;0;2;0;0;0;2;2;-10,43142394;-62,48146741;SPRF-RO;DEL03-RO;UOP02-DEL03-RO;;;
716932;07/09/2025;domingo;19:55:00;GO;414;243;NIQUELANDIA;Transitar na contram�o;Colis�o frontal;Com V�timas Fatais;Plena Noite;Crescente;C�u Claro;Simples;Reta;N�o;3;1;0;0;1;1;0;3;-14,64556915;-48,58829501;SPRF-GO;DEL07-GO;UOP02-DEL07-GO;;;
716933;07/09/2025;domingo;18:30:00;PE;423;41,5;CACHOEIRINHA;Ingest�o de �lcool pelo condutor;Colis�o frontal;Com V�timas Fatais;Plena Noite;Crescente;C�u Claro;Simples;Reta;N�o;3;1;2;0;0;0;2;2;-8,505152;-36,248895;SPRF-PE;DEL03-PE;UOP01-DEL03-PE;;;
716934;07/09/2025;domingo;21:40:00;MT;163;576;NOVA MUTUM;Transitar na contram�o;Colis�o frontal;Com V�timas Feridas;Plena Noite;Crescente;C�u Claro;Dupla;Reta;N�o;5;0;0;1;4;0;1;2;-14,01719057;-56,09850883;SPRF-MT;DEL01-MT;UOP01-DEL01-MT;;;
716935;08/09/2025;segunda-feira;02:32:00;RS;392;163;CANGUCU;Animais na Pista;Atropelamento de Animal;Sem V�timas;Plena Noite;Crescente;Chuva;Simples;Reta;N�o;1;0;0;0;1;0;0;1;-31,32167401;-52,76081085;SPRF-RS;DEL07-RS;UOP01-DEL07-RS;;;
716936;08/09/2025;segunda-feira;00:20:00;RO;364;394;OURO PRETO DO OESTE;Transitar na contram�o;Colis�o lateral sentido oposto;Com V�timas Feridas;Plena Noite;Crescente;Nublado;Simples;Reta;N�o;6;0;5;0;1;0;5;2;-10,641943;-62,311322;SPRF-RO;DEL03-RO;UOP02-DEL03-RO;;;
716937;08/09/2025;segunda-feira;04:00:00;SP;116;70,4;APARECIDA;Velocidade Incompat�vel;Sa�da de leito carro��vel;Com V�timas Fatais;Plena Noite;Decrescente;Ignorado;Dupla;"Declive;Curva";Sim;2;1;0;0;0;1;0;1;-22,85148474;-45,22770731;SPRF-SP;DEL08-SP;UOP01-DEL08-SP;;;
716938;08/09/2025;segunda-feira;03:10:00;RJ;116;112;GUAPIMIRIM;Acessar a via sem observar a presen�a dos outros ve�culos;Colis�o frontal;Com V�timas Feridas;Plena Noite;Decrescente;C�u Claro;Simples;Reta;Sim;2;0;0;1;1;0;1;2;-22,5587846;-42,9949794;SPRF-RJ;DEL04-RJ;UOP02-DEL04-RJ;;;
716939;08/09/2025;segunda-feira;04:30:00;SC;470;119;IBIRAMA;Rea��o tardia ou ineficiente do condutor;Colis�o transversal;Com V�timas Feridas;Plena Noite;Crescente;Garoa/Chuvisco;Simples;Interse��o de Vias;N�o;2;0;1;0;1;0;1;2;-27,0820584;-49,52062223;SPRF-SC;DEL04-SC;UOP02-DEL04-SC;;;
716940;08/09/2025;segunda-feira;05:00:00;RS;392;121;MORRO REDONDO;Rea��o tardia ou ineficiente do condutor;Sa�da de leito carro��vel;Sem V�timas;Plena Noite;Crescente;Chuva;Simples;Curva;N�o;1;0;0;0;0;1;0;1;-31,49421627;-52,61433411;SPRF-RS;DEL07-RS;UOP01-DEL07-RS;;;
716942;30/08/2025;s�bado;05:15:00;PB;101;99;CONDE;Aus�ncia de rea��o do condutor;Colis�o traseira;Com V�timas Fatais;Amanhecer;Crescente;C�u Claro;Dupla;Reta;N�o;3;1;0;0;1;1;0;3;-7,25683926;-34,9352083;SPRF-PB;DEL01-PB;UOP01-DEL01-PB;;;
716943;08/09/2025;segunda-feira;06:09:00;ES;101;217;IBIRACU;Rea��o tardia ou ineficiente do condutor;Colis�o com objeto;Com V�timas Feridas;Pleno dia;Crescente;Nublado;Dupla;Curva;N�o;1;0;1;0;0;0;1;1;-19,85063;-40,38308;SPRF-ES;DEL02-ES;UOP01-DEL02-ES;;;
716944;07/09/2025;domingo;21:15:00;SC;282;518;XAXIM;Ingest�o de �lcool pelo condutor;Sa�da de leito carro��vel;Sem V�timas;Plena Noite;Crescente;Chuva;Simples;Reta;N�o;1;0;0;0;0;1;0;1;-26,94566592;-52,51317838;SPRF-SC;DEL07-SC;UOP01-DEL07-SC;;;
716946;08/09/2025;segunda-feira;04:40:00;SP;101;49;UBATUBA;Pista Escorregadia;Sa�da de leito carro��vel;Com V�timas Feridas;Plena Noite;Decrescente;Chuva;Simples;Curva;N�o;3;0;1;0;2;0;1;1;-23,44540115;-45,08251615;SPRF-SP;DEL06-SP;UOP01-DEL06-SP;;;
716947;08/09/2025;segunda-feira;04:30:00;RS;290;66,1;GRAVATAI;Rea��o tardia ou ineficiente do condutor;Sa�da de leito carro��vel;Com V�timas Feridas;Plena Noite;Decrescente;Nublado;Dupla;Reta;N�o;2;0;2;0;0;0;2;1;-29,942861;-50,917046;SPRF-RS;DEL03-RS;UOP01-DEL03-RS;;;
716948;07/09/2025;domingo;22:00:00;PI;135;490,7;MONTE ALEGRE DO PIAUI;Animais na Pista;Atropelamento de Animal;Com V�timas Fatais;Plena Noite;Crescente;C�u Claro;Simples;Reta;N�o;2;1;0;0;0;1;0;2;-9,737788;-45,183928;SPRF-PI;DEL03-PI;UOP02-DEL03-PI;;;
716949;08/09/2025;segunda-feira;06:20:00;BA;324;622;SALVADOR;Condutor deixou de manter dist�ncia do ve�culo da frente;Colis�o traseira;Com V�timas Feridas;Pleno dia;Crescente;C�u Claro;Dupla;Reta;N�o;2;0;1;0;1;0;1;2;-12,93652333;-38,47257333;SPRF-BA;DEL01-BA;UOP01-DEL01-BA;;;
716950;07/09/2025;domingo;17:40:00;RN;304;115;ACU;Rea��o tardia ou ineficiente do condutor;Queda de ocupante de ve�culo;Com V�timas Feridas;Anoitecer;Decrescente;C�u Claro;Simples;"Ponte;Reta";N�o;1;0;0;1;0;0;1;1;-5,613588;-36,89738;SPRF-RN;DEL04-RN;UOP01-DEL04-RN;;;
716951;05/09/2025;sexta-feira;01:15:00;RS;386;65;SEBERI;Aus�ncia de rea��o do condutor;Sa�da de leito carro��vel;Sem V�timas;Plena Noite;Crescente;C�u Claro;Simples;Reta;N�o;1;0;0;0;0;1;0;1;-27,501158;-53,387905;SPRF-RS;DEL08-RS;UOP02-DEL08-RS;;;
716956;08/09/2025;segunda-feira;06:45:00;SC;101;259;PAULO LOPES;Aus�ncia de rea��o do condutor;Colis�o com objeto;Com V�timas Feridas;Pleno dia;Crescente;Chuva;Dupla;"Reta;Em Obras";Sim;2;0;0;1;1;0;1;1;-28,014463;-48,695131;SPRF-SC;DEL02-SC;UOP03-DEL02-SC;;;
716957;08/09/2025;segunda-feira;06:30:00;SC;101;33;AGUAS MORNAS;Pista Escorregadia;Sa�da de leito carro��vel;Sem V�timas;Pleno dia;Crescente;Chuva;Simples;Reta;N�o;1;0;0;0;1;0;0;1;-27,71282434;-48,86033677;SPRF-SC;DEL03-SC;UOP01-DEL03-SC;;;
716958;08/09/2025;segunda-feira;07:30:00;SC;280;122;SAO BENTO DO SUL;Desrespeitar a prefer�ncia no cruzamento;Colis�o transversal;Sem V�timas;Amanhecer;Crescente;Nublado;Simples;"Interse��o de Vias;Curva";N�o;2;0;0;0;1;1;0;2;-26,245406;-49,460411;SPRF-SC;DEL06-SC;UOP03-DEL06-SC;;;
716959;08/09/2025;segunda-feira;07:50:00;PB;230;25,1;JOAO PESSOA;Demais falhas mec�nicas ou el�tricas;Tombamento;Com V�timas Feridas;Pleno dia;Crescente;Nublado;Dupla;Reta;Sim;2;0;2;0;0;0;2;1;-7,1708535;-34,8699045;SPRF-PB;DEL01-PB;UOP01-DEL01-PB;;;
716960;08/09/2025;segunda-feira;07:30:00;SC;101;199,9;SAO JOSE;Rea��o tardia ou ineficiente do condutor;Colis�o traseira;Com V�timas Feridas;Pleno dia;Crescente;Chuva;M�ltipla;Reta;Sim;2;0;1;0;1;0;1;2;-27,538412;-48,625055;SPRF-SC;DEL01-SC;UOP01-DEL01-SC;;;
716961;08/09/2025;segunda-feira;08:00:00;CE;116;20;AQUIRAZ;Aus�ncia de rea��o do condutor;Queda de ocupante de ve�culo;Com V�timas Feridas;Pleno dia;Decrescente;Sol;Dupla;Reta;N�o;1;0;1;0;0;0;1;1;-3,938583;-38,50888252;SPRF-CE;DEL01-CE;UOP02-DEL01-CE;;;
716962;08/09/2025;segunda-feira;06:55:00;SC;101;141,7;BALNEARIO CAMBORIU;Velocidade Incompat�vel;Tombamento;Com V�timas Feridas;Pleno dia;Crescente;Chuva;Dupla;Curva;Sim;1;0;1;0;0;0;1;1;-27,055138;-48,600263;SPRF-SC;DEL04-SC;UOP03-DEL04-SC;;;
716963;08/09/2025;segunda-feira;07:00:00;GO;414;364;COCALZINHO DE GOIAS;Pista Escorregadia;Tombamento;Com V�timas Feridas;Pleno dia;Crescente;Sol;Simples;"Reta;Aclive";N�o;1;0;1;0;0;0;1;1;-15,723283;-48,7019;SPRF-GO;DEL02-GO;UOP01-DEL02-GO;;;
716964;08/09/2025;segunda-feira;06:40:00;MS;163;490,6;CAMPO GRANDE;Acessar a via sem observar a presen�a dos outros ve�culos;Colis�o transversal;Com V�timas Feridas;Pleno dia;Decrescente;C�u Claro;Simples;Rotat�ria;Sim;3;0;1;0;2;0;1;2;-20,39536906;-54,55813766;SPRF-MS;DEL01-MS;UOP02-DEL01-MS;;;
716965;16/07/2025;quarta-feira;23:50:00;GO;70;166;JARAGUA;Transitar na contram�o;Colis�o frontal;Com V�timas Fatais;Plena Noite;Crescente;C�u Claro;Simples;Reta;N�o;2;1;0;0;1;0;0;2;-15,91280045;-49,58644867;SPRF-GO;DEL02-GO;UOP02-DEL02-GO;;;
716966;08/09/2025;segunda-feira;07:51:00;PR;277;728;FOZ DO IGUACU;Aus�ncia de rea��o do condutor;Engavetamento;Com V�timas Feridas;Pleno dia;Crescente;C�u Claro;Dupla;Reta;Sim;8;0;2;0;6;0;2;5;-25,50844531;-54,58092664;SPRF-PR;DEL05-PR;UOP03-DEL05-PR;;;
716967;24/08/2025;domingo;05:50:00;MT;364;190;RONDONOPOLIS;Aus�ncia de rea��o do condutor;Queda de ocupante de ve�culo;Com V�timas Feridas;Amanhecer;Crescente;Nublado;Simples;Reta;N�o;1;0;0;1;0;0;1;1;-16,55923898;-54,55866605;SPRF-MT;DEL02-MT;UOP01-DEL02-MT;;;
716969;03/08/2025;domingo;07:20:00;SC;101;138,7;BALNEARIO CAMBORIU;Manobra de mudan�a de faixa;Capotamento;Com V�timas Feridas;Pleno dia;Decrescente;Nublado;Dupla;Curva;N�o;2;0;2;0;0;0;2;1;-27,02849;-48,60481;SPRF-SC;DEL04-SC;UOP03-DEL04-SC;;;
716970;08/09/2025;segunda-feira;08:23:00;PE;101;90,1;JABOATAO DOS GUARARAPES;Rea��o tardia ou ineficiente do condutor;Tombamento;Com V�timas Feridas;Pleno dia;Decrescente;Nublado;Dupla;Reta;Sim;2;0;2;0;0;0;2;1;-8,221507;-34,991443;SPRF-PE;DEL01-PE;UOP01-DEL01-PE;;;