id;data_inversa;dia_semana;horario;uf;br;km;municipio;causa_acidente;tipo_acidente;classificacao_acidente;fase_dia;sentido_via;condicao_metereologica;tipo_pista;tracado_via;uso_solo;pessoas;mortos;feridos_leves;feridos_graves;ilesos;ignorados;feridos;veiculos;latitude;longitude;regional;delegacia;uop;;;
717083;08/09/2025;segunda-feira;17:35:00;RS;153;48,5;ERECHIM;Aus�ncia de rea��o do condutor;Colis�o traseira;Com V�timas Feridas;Anoitecer;Crescente;C�u Claro;Simples;Reta;Sim;2;0;1;0;1;0;1;2;-27,64942914;-52,25529525;SPRF-RS;DEL08-RS;UOP04-DEL08-RS;;;
717084;08/09/2025;segunda-feira;18:20:00;SP;116;112;TAUBATE;Rea��o tardia ou ineficiente do condutor;Queda de ocupante de ve�culo;Com V�timas Feridas;Plena Noite;Decrescente;C�u Claro;Dupla;Reta;Sim;2;0;2;0;0;0;2;1;-23,04265287;-45,57493297;SPRF-SP;DEL02-SP;UOP02-DEL02-SP;;;
717085;08/09/2025;segunda-feira;15:50:00;PI;343;630,8;FLORIANO;Pista esburacada;Capotamento;Com V�timas Feridas;Pleno dia;Crescente;C�u Claro;Simples;Reta;N�o;1;0;1;0;0;0;1;1;-6,989557;-43,292768;SPRF-PI;DEL03-PI;UOP01-DEL03-PI;;;
717086;08/09/2025;segunda-feira;17:49:00;MA;402;108;HUMBERTO DE CAMPOS;Avarias e/ou desgaste excessivo no pneu;Queda de ocupante de ve�culo;Com V�timas Feridas;Anoitecer;Decrescente;C�u Claro;Simples;Reta;N�o;2;0;1;0;1;0;1;1;-2,72726;-43,477781;SPRF-MA;DEL01-MA;UOP01-DEL01-MA;;;
717087;08/09/2025;segunda-feira;18:15:00;MG;40;627;CONSELHEIRO LAFAIETE;Acessar a via sem observar a presen�a dos outros ve�culos;Colis�o transversal;Com V�timas Feridas;Plena Noite;Decrescente;C�u Claro;Simples;Reta;N�o;2;0;1;0;1;0;1;2;-20,6398421;-43,8139869;SPRF-MG;DEL05-MG;UOP02-DEL05-MG;;;
717089;08/09/2025;segunda-feira;17:40:00;RJ;40;114;DUQUE DE CAXIAS;Condutor deixou de manter dist�ncia do ve�culo da frente;Colis�o traseira;Sem V�timas;Anoitecer;Decrescente;C�u Claro;Dupla;Reta;Sim;7;0;0;0;7;0;0;5;-22,716277;-43,28991;SPRF-RJ;DEL01-RJ;UOP02-DEL01-RJ;;;
717091;08/09/2025;segunda-feira;17:30:00;MG;116;417;GOVERNADOR VALADARES;Acessar a via sem observar a presen�a dos outros ve�culos;Colis�o transversal;Com V�timas Feridas;Anoitecer;Crescente;Nublado;Simples;Reta;Sim;2;0;1;0;1;0;1;2;-18,9065707;-41,94229245;SPRF-MG;DEL06-MG;UOP01-DEL06-MG;;;
717092;08/09/2025;segunda-feira;18:50:00;GO;70;338;SANTA FE DE GOIAS;Demais falhas mec�nicas ou el�tricas;Inc�ndio;Sem V�timas;Pleno dia;Crescente;C�u Claro;Simples;Reta;N�o;1;0;0;0;0;1;0;1;-15,89785211;-51,10042155;SPRF-GO;DEL04-GO;UOP02-DEL04-GO;;;
717093;08/09/2025;segunda-feira;19:40:00;PE;232;411;SERRA TALHADA;Animais na Pista;Atropelamento de Animal;Com V�timas Feridas;Plena Noite;Decrescente;Nublado;Simples;"Reta;Declive";Sim;2;0;1;0;1;0;1;2;-7,97990834;-38,30980394;SPRF-PE;DEL04-PE;UOP01-DEL04-PE;;;
717094;08/09/2025;segunda-feira;17:10:00;SC;280;28;ARAQUARI;Trafegar com motocicleta (ou similar) entre as faixas;Colis�o transversal;Com V�timas Feridas;Anoitecer;Decrescente;Garoa/Chuvisco;Simples;Reta;Sim;2;0;1;0;1;0;1;2;-26,40422827;-48,74532938;SPRF-SC;DEL03-SC;UOP03-DEL03-SC;;;
717095;08/09/2025;segunda-feira;17:50:00;MG;116;528,8;CARATINGA;Acessar a via sem observar a presen�a dos outros ve�culos;Colis�o transversal;Com V�timas Feridas;Plena Noite;Decrescente;C�u Claro;Simples;Reta;Sim;4;0;2;0;2;0;2;2;-19,804221;-42,135941;SPRF-MG;DEL06-MG;UOP02-DEL06-MG;;;
717096;10/08/2025;domingo;18:50:00;SC;101;210,1;SAO JOSE;Condutor deixou de manter dist�ncia do ve�culo da frente;Colis�o traseira;Com V�timas Feridas;Plena Noite;Crescente;C�u Claro;Dupla;Reta;N�o;2;0;0;1;1;0;1;2;-27,61358073;-48,6423111;SPRF-SC;DEL01-SC;UOP01-DEL01-SC;;;
717097;08/09/2025;segunda-feira;18:44:00;BA;116;775,8;PLANALTO;Acessar a via sem observar a presen�a dos outros ve�culos;Colis�o traseira;Com V�timas Feridas;Plena Noite;Crescente;C�u Claro;Simples;"Reta;Em Obras";N�o;2;0;0;1;1;0;1;2;-14,662835;-40,462228;SPRF-BA;DEL08-BA;UOP02-DEL08-BA;;;
717099;08/09/2025;segunda-feira;15:30:00;BA;242;793;BARREIRAS;Rea��o tardia ou ineficiente do condutor;Colis�o traseira;Com V�timas Feridas;Pleno dia;Crescente;C�u Claro;Simples;Reta;N�o;2;0;0;1;1;0;1;2;-12,139;-44,769;SPRF-BA;DEL10-BA;UOP01-DEL10-BA;;;
717100;08/09/2025;segunda-feira;14:25:00;SC;470;98,8;APIUNA;Rea��o tardia ou ineficiente do condutor;Colis�o traseira;Com V�timas Feridas;Pleno dia;Decrescente;Garoa/Chuvisco;Simples;Reta;Sim;2;0;1;0;1;0;1;2;-27,039;-49,394925;SPRF-SC;DEL04-SC;UOP02-DEL04-SC;;;
717101;08/09/2025;segunda-feira;18:35:00;MG;262;34,9;MANHUACU;Transitar no Acostamento;Colis�o transversal;Com V�timas Feridas;Plena Noite;Decrescente;C�u Claro;Simples;"Reta;Aclive";Sim;3;0;1;1;1;0;2;3;-20,258277;-42,031025;SPRF-MG;DEL06-MG;UOP03-DEL06-MG;;;
717102;08/09/2025;segunda-feira;20:36:00;PE;428;186;PETROLINA;Acessar a via sem observar a presen�a dos outros ve�culos;Colis�o transversal;Com V�timas Feridas;Plena Noite;Decrescente;C�u Claro;Dupla;Reta;Sim;3;0;1;2;0;0;3;2;-9,363549;-40,482277;SPRF-PE;DEL06-PE;UOP01-DEL06-PE;;;
717103;15/08/2025;sexta-feira;09:30:00;SC;116;52,3;PAPANDUVA;Aus�ncia de rea��o do condutor;Colis�o transversal;Sem V�timas;Pleno dia;Crescente;Ignorado;Simples;Reta;N�o;2;0;0;0;0;2;0;2;-26,39048958;-50,14640647;SPRF-SC;DEL06-SC;UOP01-DEL06-SC;;;
717104;08/09/2025;segunda-feira;20:00:00;RJ;493;89;SEROPEDICA;Demais falhas mec�nicas ou el�tricas;Inc�ndio;Sem V�timas;Plena Noite;Crescente;C�u Claro;Dupla;Reta;N�o;1;0;0;0;0;1;0;1;-22,66977867;-43,64593506;SPRF-RJ;DEL01-RJ;UOP03-DEL01-RJ;;;
717105;08/09/2025;segunda-feira;16:45:00;MG;116;528,5;CARATINGA;Aus�ncia de rea��o do condutor;Queda de ocupante de ve�culo;Com V�timas Feridas;Pleno dia;Decrescente;Nublado;Simples;Reta;Sim;2;0;1;0;0;1;1;2;-19,80053389;-42,13801861;SPRF-MG;DEL06-MG;UOP02-DEL06-MG;;;
717106;08/09/2025;segunda-feira;19:00:00;PI;230;197;OEIRAS;Acessar a via sem observar a presen�a dos outros ve�culos;Colis�o transversal;Com V�timas Feridas;Plena Noite;Crescente;C�u Claro;Dupla;"Reta;Retorno Regulamentado";Sim;2;0;1;0;1;0;1;2;-7,009717;-42,127887;SPRF-PI;DEL04-PI;UOP01-DEL04-PI;;;
717108;31/08/2025;domingo;18:10:00;BA;367;23;PORTO SEGURO;Ultrapassagem Indevida;Colis�o frontal;Com V�timas Feridas;Plena Noite;Crescente;Nublado;Simples;Reta;Sim;2;0;0;1;1;0;1;2;-16,43581;-39,074516;SPRF-BA;DEL09-BA;UOP03-DEL09-BA;;;
717109;08/09/2025;segunda-feira;18:55:00;MA;230;404,3;BALSAS;Aus�ncia de rea��o do condutor;Colis�o traseira;Sem V�timas;Anoitecer;Decrescente;C�u Claro;Simples;"Interse��o de Vias;Reta;Declive";N�o;3;0;0;0;2;1;0;3;-7,52208737;-46,04775357;SPRF-MA;DEL05-MA;UOP01-DEL05-MA;;;
717112;08/09/2025;segunda-feira;20:30:00;RS;158;328;SANTA MARIA;Transitar na contram�o;Colis�o frontal;Com V�timas Feridas;Plena Noite;Decrescente;Chuva;Simples;Retorno Regulamentado;Sim;2;0;1;0;1;0;1;2;-29,70639385;-53,82949948;SPRF-RS;DEL09-RS;UOP01-DEL09-RS;;;
717113;08/09/2025;segunda-feira;22:10:00;RN;101;79;SAO GONCALO DO AMARANTE;Acessar a via sem observar a presen�a dos outros ve�culos;Colis�o traseira;Com V�timas Feridas;Plena Noite;Crescente;C�u Claro;Dupla;Reta;Sim;2;0;1;0;1;0;1;2;-5,75579639;-35,28866172;SPRF-RN;DEL02-RN;UOP01-DEL02-RN;;;
717115;08/09/2025;segunda-feira;19:50:00;SC;163;108,8;GUARUJA DO SUL;Ultrapassagem Indevida;Colis�o frontal;Com V�timas Feridas;Plena Noite;Crescente;Chuva;Simples;"Reta;Aclive";N�o;2;0;1;0;1;0;1;2;-26,41503904;-53,52448618;SPRF-SC;DEL07-SC;UOP03-DEL07-SC;;;
717116;07/09/2025;domingo;23:00:00;RJ;40;31;AREAL;Animais na Pista;Queda de ocupante de ve�culo;Com V�timas Feridas;Plena Noite;Crescente;C�u Claro;Dupla;Curva;N�o;2;0;2;0;0;0;2;1;-22,2009379;-43,15808124;SPRF-RJ;DEL05-RJ;UOP02-DEL05-RJ;;;
717117;08/09/2025;segunda-feira;21:30:00;PR;476;48;TUNAS DO PARANA;Aus�ncia de rea��o do condutor;Colis�o frontal;Com V�timas Feridas;Plena Noite;Crescente;C�u Claro;Simples;Curva;N�o;1;0;0;1;0;0;1;1;-24,92019781;-49,10121835;SPRF-PR;DEL01-PR;UOP01-DEL01-PR;;;
717118;08/09/2025;segunda-feira;10:00:00;RO;364;342;JI-PARANA;Rea��o tardia ou ineficiente do condutor;Eventos at�picos;Sem V�timas;Pleno dia;Crescente;C�u Claro;Dupla;"Ponte;Reta";Sim;2;0;0;0;2;0;0;2;-10,88163456;-61,94066048;SPRF-RO;DEL02-RO;UOP01-DEL02-RO;;;
717119;08/09/2025;segunda-feira;22:50:00;PR;277;6;PARANAGUA;Aus�ncia de rea��o do condutor;Colis�o transversal;Com V�timas Feridas;Plena Noite;Crescente;C�u Claro;Dupla;"Rotat�ria;Interse��o de Vias";N�o;2;0;1;0;0;1;1;2;-25,51458382;-48,52229382;SPRF-PR;DEL01-PR;UOP05-DEL01-PR;;;
717122;08/09/2025;segunda-feira;23:00:00;MG;116;412,1;GOVERNADOR VALADARES;Rea��o tardia ou ineficiente do condutor;Colis�o traseira;Com V�timas Feridas;Plena Noite;Decrescente;C�u Claro;Dupla;Reta;Sim;2;0;0;1;1;0;1;2;-18,874899;-41,965376;SPRF-MG;DEL06-MG;UOP01-DEL06-MG;;;
717123;08/09/2025;segunda-feira;20:10:00;RR;174;482;BOA VISTA;Entrada inopinada do pedestre;Atropelamento de Pedestre;Com V�timas Fatais;Plena Noite;Decrescente;C�u Claro;Simples;Reta;N�o;27;1;0;0;26;0;0;2;2,7075914;-60,84344208;SPRF-RR;DEL01-RR;UOP01-DEL01-RR;;;
717124;08/09/2025;segunda-feira;13:00:00;PB;104;189,9;ALCANTIL;Rea��o tardia ou ineficiente do condutor;Sa�da de leito carro��vel;Com V�timas Fatais;Plena Noite;Crescente;Nublado;Simples;Reta;N�o;3;1;1;1;0;0;2;1;-7,712343;-36,068423;SPRF-PB;DEL02-PB;UOP03-DEL02-PB;;;
717126;08/09/2025;segunda-feira;22:30:00;SP;381;73,5;SAO PAULO;Acumulo de �leo sobre o pavimento;Queda de ocupante de ve�culo;Com V�timas Feridas;Plena Noite;Decrescente;C�u Claro;Dupla;Curva;N�o;1;0;1;0;0;0;1;1;-23,36363279;-46,55219698;SPRF-SP;DEL03-SP;UOP01-DEL03-SP;;;
717128;08/09/2025;segunda-feira;22:40:00;PR;163;7,9;BARRACAO;Acessar a via sem observar a presen�a dos outros ve�culos;Colis�o transversal;Sem V�timas;Plena Noite;Decrescente;Chuva;Dupla;Reta;Sim;3;0;0;0;3;0;0;2;-26,25707216;-53,62167047;SPRF-PR;DEL02-PR;UOP02-DEL02-PR;;;
717130;08/09/2025;segunda-feira;22:40:00;PI;343;267,5;CAMPO MAIOR;Pedestre andava na pista;Atropelamento de Pedestre;Com V�timas Fatais;Plena Noite;Crescente;C�u Claro;Simples;Curva;Sim;2;1;0;0;0;1;0;2;-4,83841;-42,18435;SPRF-PI;DEL01-PI;UOP03-DEL01-PI;;;
717133;08/09/2025;segunda-feira;22:50:00;BA;116;427;FEIRA DE SANTANA;Ingest�o de �lcool pelo condutor;Colis�o com objeto;Com V�timas Feridas;Plena Noite;Crescente;Nublado;Dupla;Reta;Sim;2;0;1;1;0;0;2;1;-12,26258;-38,98941;SPRF-BA;DEL02-BA;UOP01-DEL02-BA;;;
717135;08/09/2025;segunda-feira;18:30:00;RJ;101;332;RIO DE JANEIRO;Demais falhas na via;Tombamento;Com V�timas Feridas;Plena Noite;Crescente;C�u Claro;Dupla;Reta;N�o;2;0;1;0;1;0;1;1;-22,86984866;-43,20236206;SPRF-RJ;DEL02-RJ;UOP01-DEL02-RJ;;;
717136;08/09/2025;segunda-feira;22:45:00;SP;101;50;UBATUBA;Acessar a via sem observar a presen�a dos outros ve�culos;Colis�o transversal;Com V�timas Feridas;Plena Noite;Decrescente;Nublado;Simples;Reta;Sim;2;0;0;1;1;0;1;2;-23,44938693;-45,07825281;SPRF-SP;DEL06-SP;UOP01-DEL06-SP;;;
717138;09/09/2025;ter�a-feira;02:01:00;PR;277;76;SAO JOSE DOS PINHAIS;Avarias e/ou desgaste excessivo no pneu;Queda de ocupante de ve�culo;Com V�timas Feridas;Plena Noite;Decrescente;Nublado;Dupla;Reta;N�o;2;0;1;0;1;0;1;1;-25,48867007;-49,1836828;SPRF-PR;DEL01-PR;UOP07-DEL01-PR;;;
717139;11/08/2025;segunda-feira;06:38:00;BA;324;608;SIMOES FILHO;Condutor deixou de manter dist�ncia do ve�culo da frente;Colis�o traseira;Com V�timas Feridas;Pleno dia;Crescente;C�u Claro;Dupla;Reta;Sim;2;0;1;0;1;0;1;2;-12,8283336;-38,4108606;SPRF-BA;DEL01-BA;UOP01-DEL01-BA;;;
717142;09/09/2025;ter�a-feira;03:45:00;GO;60;95;ANAPOLIS;Ingest�o de �lcool pelo condutor;Capotamento;Com V�timas Feridas;Plena Noite;Decrescente;Ignorado;Dupla;Reta;Sim;2;0;0;1;0;1;1;1;-16,357377;-48,931173;SPRF-GO;DEL02-GO;UOP01-DEL02-GO;;;
717144;09/09/2025;ter�a-feira;04:10:00;MG;381;920;ITAPEVA;Demais Fen�menos da natureza;Colis�o com objeto;Com V�timas Feridas;Plena Noite;Decrescente;C�u Claro;M�ltipla;Curva;N�o;1;0;1;0;0;0;1;1;-22,76850283;-46,20987259;SPRF-MG;DEL16-MG;UOP03-DEL16-MG;;;
717145;08/09/2025;segunda-feira;08:20:00;RJ;101;315;SAO GONCALO;Condutor deixou de manter dist�ncia do ve�culo da frente;Queda de ocupante de ve�culo;Com V�timas Feridas;Amanhecer;Crescente;C�u Claro;Dupla;Reta;Sim;1;0;1;0;0;0;1;1;-22,82144091;-43,08357239;SPRF-RJ;DEL02-RJ;UOP02-DEL02-RJ;;;
717146;09/09/2025;ter�a-feira;05:20:00;SC;101;85,9;BARRA VELHA;Rea��o tardia ou ineficiente do condutor;Colis�o com objeto;Com V�timas Fatais;Plena Noite;Decrescente;Garoa/Chuvisco;M�ltipla;Reta;Sim;2;1;0;1;0;0;1;1;-26,636436;-48,697305;SPRF-SC;DEL03-SC;UOP02-DEL03-SC;;;
717150;09/09/2025;ter�a-feira;04:50:00;DF;20;0,7;BRASILIA;Condutor Dormindo;Colis�o com objeto;Com V�timas Feridas;Plena Noite;Decrescente;C�u Claro;Dupla;Reta;Sim;2;0;1;0;1;0;1;2;-15,686083;-47,851925;SPRF-DF;DEL02-DF;UOP01-DEL02-DF;;;
717152;09/09/2025;ter�a-feira;05:30:00;MS;262;574;MIRANDA;Transitar na contram�o;Colis�o frontal;Com V�timas Feridas;Pleno dia;Crescente;C�u Claro;Simples;Reta;Sim;4;0;1;1;2;0;2;2;-20,18235;-56,5188;SPRF-MS;DEL03-MS;UOP02-DEL03-MS;;;
717153;08/09/2025;segunda-feira;11:00:00;BA;242;793;BARREIRAS;Aus�ncia de rea��o do condutor;Capotamento;Com V�timas Feridas;Pleno dia;Crescente;C�u Claro;Simples;Reta;N�o;2;0;2;0;0;0;2;1;-12,139179;-44,768776;SPRF-BA;DEL10-BA;UOP01-DEL10-BA;;;
717154;09/09/2025;ter�a-feira;07:18:00;MG;40;523;CONTAGEM;Manobra de mudan�a de faixa;Colis�o lateral mesmo sentido;Com V�timas Feridas;Pleno dia;Crescente;C�u Claro;Dupla;Reta;Sim;2;0;1;0;1;0;1;2;-19,8717169;-44,0566787;SPRF-MG;DEL01-MG;UOP02-DEL01-MG;;;
717157;08/09/2025;segunda-feira;19:00:00;PA;230;765;MEDICILANDIA;Pista Escorregadia;Sa�da de leito carro��vel;Com V�timas Fatais;Anoitecer;Crescente;Ignorado;Simples;"Reta;Declive";N�o;33;2;9;13;1;8;22;1;-3,49729;-53,1037;SPRF-PA;DEL04-PA;UOP01-DEL04-PA;;;
717158;09/09/2025;ter�a-feira;07:00:00;SC;101;33;JOINVILLE;Desrespeitar a prefer�ncia no cruzamento;Queda de ocupante de ve�culo;Com V�timas Feridas;Pleno dia;Crescente;Chuva;Dupla;Viaduto;N�o;1;0;1;0;0;0;1;1;-26,2565499;-48,904953;SPRF-SC;DEL03-SC;UOP01-DEL03-SC;;;
717159;09/09/2025;ter�a-feira;07:08:00;PI;343;345,5;TERESINA;Aus�ncia de rea��o do condutor;Atropelamento de Pedestre;Com V�timas Feridas;Pleno dia;Crescente;Sol;Simples;Reta;Sim;2;0;1;0;1;0;1;2;-5,108048;-42,769413;SPRF-PI;DEL01-PI;UOP01-DEL01-PI;;;
717160;09/09/2025;ter�a-feira;07:45:00;SC;101;210,4;SAO JOSE;Manobra de mudan�a de faixa;Colis�o traseira;Com V�timas Feridas;Pleno dia;Crescente;Nublado;M�ltipla;Reta;Sim;2;0;0;1;1;0;1;2;-27,61968;-48,64841;SPRF-SC;DEL01-SC;UOP01-DEL01-SC;;;
717161;09/09/2025;ter�a-feira;07:50:00;SP;116;137;SAO JOSE DOS CAMPOS;Manobra de mudan�a de faixa;Colis�o lateral mesmo sentido;Com V�timas Feridas;Pleno dia;Crescente;Sol;Dupla;Reta;Sim;3;0;1;0;2;0;1;3;-23,15061447;-45,78253482;SPRF-SP;DEL02-SP;UOP01-DEL02-SP;;;
717162;09/09/2025;ter�a-feira;07:25:00;PE;407;124;PETROLINA;Desrespeitar a prefer�ncia no cruzamento;Colis�o transversal;Sem V�timas;Pleno dia;Crescente;C�u Claro;Dupla;Interse��o de Vias;Sim;4;0;0;0;4;0;0;2;-9,375867;-40,538081;SPRF-PE;DEL06-PE;UOP01-DEL06-PE;;;
717163;09/09/2025;ter�a-feira;07:50:00;SP;116;223;GUARULHOS;Aus�ncia de rea��o do condutor;Colis�o traseira;Com V�timas Feridas;Pleno dia;Decrescente;C�u Claro;M�ltipla;Reta;Sim;2;0;1;0;1;0;1;2;-23,48204;-46,5357;SPRF-SP;DEL01-SP;UOP01-DEL01-SP;;;
717164;09/09/2025;ter�a-feira;08:00:00;SC;101;212,3;PALHOCA;Manobra de mudan�a de faixa;Colis�o lateral mesmo sentido;Com V�timas Feridas;Pleno dia;Decrescente;Nublado;M�ltipla;Reta;Sim;3;0;1;0;2;0;1;3;-27,63239;-48,66124;SPRF-SC;DEL01-SC;UOP02-DEL01-SC;;;
717166;09/09/2025;ter�a-feira;07:50:00;PR;116;35,1;CAMPINA GRANDE DO SUL;Chuva;Colis�o com objeto;Com V�timas Feridas;Pleno dia;Decrescente;Chuva;Dupla;"Declive;Curva";N�o;4;0;3;1;0;0;4;1;-25,12086595;-48,85536432;SPRF-PR;DEL01-PR;UOP02-DEL01-PR;;;
717167;09/09/2025;ter�a-feira;07:40:00;RJ;116;188;NOVA IGUACU;Aus�ncia de rea��o do condutor;Colis�o traseira;Com V�timas Feridas;Pleno dia;Crescente;C�u Claro;Dupla;Reta;Sim;3;0;1;0;2;0;1;2;-22,73754311;-43,48654747;SPRF-RJ;DEL06-RJ;UOP01-DEL06-RJ;;;
717169;09/09/2025;ter�a-feira;06:19:00;PR;116;121,4;CURITIBA;Velocidade Incompat�vel;Colis�o com objeto;Com V�timas Feridas;Amanhecer;Crescente;Chuva;Dupla;"Declive;Reta";N�o;1;0;1;0;0;0;1;1;-25,598056;-49,316903;SPRF-PR;DEL01-PR;UOP03-DEL01-PR;;;
717170;09/09/2025;ter�a-feira;07:20:00;SP;116;146;SAO JOSE DOS CAMPOS;Rea��o tardia ou ineficiente do condutor;Colis�o traseira;Sem V�timas;Pleno dia;Crescente;Sol;Dupla;"Declive;Reta";Sim;2;0;0;0;2;0;0;2;-23,1903306;-45,86186886;SPRF-SP;DEL02-SP;UOP01-DEL02-SP;;;
717171;09/09/2025;ter�a-feira;07:48:00;CE;116;25;ITAITINGA;Manobra de mudan�a de faixa;Colis�o lateral mesmo sentido;Sem V�timas;Pleno dia;Crescente;Nublado;Dupla;"Reta;Declive";N�o;4;0;0;0;4;0;0;2;-3,967888;-38,515096;SPRF-CE;DEL01-CE;UOP02-DEL01-CE;;;
717173;09/09/2025;ter�a-feira;07:45:00;SC;101;119,6;ITAJAI;Aus�ncia de rea��o do condutor;Colis�o lateral mesmo sentido;Com V�timas Feridas;Pleno dia;Decrescente;C�u Claro;Dupla;Reta;N�o;2;0;1;0;1;0;1;2;-26,90484308;-48,71515688;SPRF-SC;DEL04-SC;UOP04-DEL04-SC;;;
717175;09/09/2025;ter�a-feira;09:00:00;MG;40;548;NOVA LIMA;Aus�ncia de rea��o do condutor;Colis�o traseira;Com V�timas Feridas;Pleno dia;Crescente;C�u Claro;Dupla;"Reta;Aclive";N�o;3;0;1;0;2;0;1;2;-20,0819258;-43,9793695;SPRF-MG;DEL01-MG;UOP02-DEL01-MG;;;
717176;09/09/2025;ter�a-feira;08:20:00;PR;153;33,9;SANTO ANTONIO DA PLATINA;Rea��o tardia ou ineficiente do condutor;Sa�da de leito carro��vel;Com V�timas Feridas;Pleno dia;Decrescente;Garoa/Chuvisco;Simples;Curva;N�o;1;0;1;0;0;0;1;1;-23,24013781;-50,0384531;SPRF-PR;DEL07-PR;UOP04-DEL07-PR;;;
717179;09/09/2025;ter�a-feira;08:35:00;RN;226;2,6;NATAL;Acessar a via sem observar a presen�a dos outros ve�culos;Colis�o transversal;Com V�timas Feridas;Pleno dia;Decrescente;Nublado;Simples;Reta;Sim;2;0;2;0;0;0;2;2;-5,81937939;-35,25104849;SPRF-RN;DEL01-RN;UOP02-DEL01-RN;;;
717180;09/09/2025;ter�a-feira;08:55:00;SC;101;217,6;PALHOCA;Velocidade Incompat�vel;Sa�da de leito carro��vel;Com V�timas Feridas;Pleno dia;Decrescente;C�u Claro;M�ltipla;Reta;N�o;1;0;1;0;0;0;1;1;-27,67557098;-48,66975278;SPRF-SC;DEL01-SC;UOP02-DEL01-SC;;;
717181;09/09/2025;ter�a-feira;06:50:00;RN;110;44,4;MOSSORO;Acessar a via sem observar a presen�a dos outros ve�culos;Colis�o transversal;Com V�timas Feridas;Pleno dia;Decrescente;C�u Claro;Simples;Reta;Sim;3;0;0;1;1;1;1;2;-5,190502;-37,308368;SPRF-RN;DEL04-RN;UOP01-DEL04-RN;;;
717183;09/09/2025;ter�a-feira;07:35:00;PR;376;599,6;CURITIBA;Condutor deixou de manter dist�ncia do ve�culo da frente;Engavetamento;Com V�timas Feridas;Amanhecer;Decrescente;Nublado;Dupla;Reta;N�o;4;0;1;0;3;0;1;3;-25,5010824;-49,3412757;SPRF-PR;DEL01-PR;UOP03-DEL01-PR;;;
717186;09/09/2025;ter�a-feira;07:25:00;PR;376;490,2;PONTA GROSSA;Aus�ncia de rea��o do condutor;Colis�o com objeto;Com V�timas Feridas;Amanhecer;Decrescente;Chuva;Dupla;"Aclive;Reta";Sim;2;0;1;0;1;0;1;2;-25,10265077;-50,19681215;SPRF-PR;DEL03-PR;UOP04-DEL03-PR;;;
717187;09/09/2025;ter�a-feira;06:30:00;RO;364;667;CANDEIAS DO JAMARI;Aus�ncia de rea��o do condutor;Sa�da de leito carro��vel;Com V�timas Feridas;Amanhecer;Crescente;C�u Claro;Simples;Curva;N�o;1;0;1;0;0;0;1;1;-8,7804;-63,47522;SPRF-RO;DEL01-RO;UOP01-DEL01-RO;;;
717188;09/09/2025;ter�a-feira;08:30:00;MA;135;48;BACABEIRA;Acessar a via sem observar a presen�a dos outros ve�culos;Colis�o transversal;Com V�timas Feridas;Pleno dia;Decrescente;Sol;Dupla;Reta;N�o;2;0;0;1;1;0;1;2;-2,929735;-44,335006;SPRF-MA;DEL01-MA;UOP01-DEL01-MA;;;
717189;22/08/2025;sexta-feira;18:50:00;MG;40;560;NOVA LIMA;Manobra de mudan�a de faixa;Colis�o lateral mesmo sentido;Com V�timas Feridas;Pleno dia;Crescente;C�u Claro;Dupla;Reta;N�o;2;0;0;1;1;0;1;2;-20,134225;-43,963049;SPRF-MG;DEL01-MG;UOP02-DEL01-MG;;;
717190;09/09/2025;ter�a-feira;09:05:00;RJ;40;116;DUQUE DE CAXIAS;Avarias e/ou desgaste excessivo no pneu;Queda de ocupante de ve�culo;Com V�timas Feridas;Pleno dia;Crescente;C�u Claro;M�ltipla;Reta;Sim;2;0;1;0;1;0;1;1;-22,73763126;-43,28851283;SPRF-RJ;DEL01-RJ;UOP02-DEL01-RJ;;;
717193;20/07/2025;domingo;00:45:00;PR;116;56;CAMPINA GRANDE DO SUL;Velocidade Incompat�vel;Sa�da de leito carro��vel;Com V�timas Feridas;Plena Noite;Decrescente;Nublado;Dupla;Curva;N�o;1;0;1;0;0;0;1;1;-25,22486563;-48,90641053;SPRF-PR;DEL01-PR;UOP02-DEL01-PR;;;
717194;04/09/2025;quinta-feira;21:05:00;SC;280;47;GUARAMIRIM;Acessar a via sem observar a presen�a dos outros ve�culos;Colis�o transversal;Com V�timas Feridas;Plena Noite;Decrescente;C�u Claro;Simples;"Desvio Tempor�rio;Em Obras";N�o;2;0;0;1;1;0;1;2;-26,46338371;-48,94944398;SPRF-SC;DEL03-SC;UOP03-DEL03-SC;;;
717195;09/09/2025;ter�a-feira;09:35:00;MG;262;830;UBERABA;Velocidade Incompat�vel;Sa�da de leito carro��vel;Com V�timas Feridas;Pleno dia;Crescente;C�u Claro;Dupla;Reta;N�o;2;0;0;2;0;0;2;1;-19,75401059;-48,16528257;SPRF-MG;DEL13-MG;UOP01-DEL13-MG;;;
717196;09/09/2025;ter�a-feira;08:00:00;SC;116;179,9;SAO CRISTOVAO DO SUL;Acessar a via sem observar a presen�a dos outros ve�culos;Colis�o transversal;Com V�timas Feridas;Pleno dia;Decrescente;Chuva;Simples;"Reta;Interse��o de Vias";Sim;3;0;1;0;2;0;1;2;-27,265707;-50,441949;SPRF-SC;DEL05-SC;UOP03-DEL05-SC;;;