id;data_inversa;dia_semana;horario;uf;br;km;municipio;causa_acidente;tipo_acidente;classificacao_acidente;fase_dia;sentido_via;condicao_metereologica;tipo_pista;tracado_via;uso_solo;pessoas;mortos;feridos_leves;feridos_graves;ilesos;ignorados;feridos;veiculos;latitude;longitude;regional;delegacia;uop;;;
717201;09/09/2025;ter�a-feira;09:00:00;BA;101;583;CAMACAN;Acessar a via sem observar a presen�a dos outros ve�culos;Colis�o transversal;Com V�timas Feridas;Pleno dia;Crescente;C�u Claro;Simples;Interse��o de Vias;N�o;3;0;0;2;1;0;2;2;-15,386357;-39,483205;SPRF-BA;DEL05-BA;UOP02-DEL05-BA;;;
717202;09/09/2025;ter�a-feira;10:30:00;RN;101;108;PARNAMIRIM;Manobra de mudan�a de faixa;Colis�o traseira;Com V�timas Feridas;Pleno dia;Crescente;Sol;M�ltipla;"Retorno Regulamentado;Viaduto";Sim;2;0;1;0;1;0;1;2;-5,939882;-35,265033;SPRF-RN;DEL01-RN;UOP01-DEL01-RN;;;
717204;09/09/2025;ter�a-feira;09:00:00;RJ;40;65;PETROPOLIS;Rea��o tardia ou ineficiente do condutor;Sa�da de leito carro��vel;Com V�timas Feridas;Pleno dia;Crescente;C�u Claro;Dupla;Interse��o de Vias;N�o;1;0;1;0;0;0;1;1;-22,42810716;-43,16524029;SPRF-RJ;DEL05-RJ;UOP02-DEL05-RJ;;;
717205;09/09/2025;ter�a-feira;11:30:00;RJ;101;67;CAMPOS DOS GOYTACAZES;Acesso irregular;Colis�o transversal;Com V�timas Feridas;Pleno dia;Crescente;C�u Claro;Simples;Reta;Sim;3;0;0;2;1;0;2;2;-21,76965433;-41,35325432;SPRF-RJ;DEL08-RJ;UOP02-DEL08-RJ;;;
717206;09/09/2025;ter�a-feira;11:30:00;RS;290;91;PORTO ALEGRE;Rea��o tardia ou ineficiente do condutor;Colis�o traseira;Sem V�timas;Pleno dia;Decrescente;C�u Claro;Dupla;Reta;Sim;2;0;0;0;2;0;0;2;-29,96938129;-51,16888095;SPRF-RS;DEL01-RS;UOP01-DEL01-RS;;;
717208;09/09/2025;ter�a-feira;11:00:00;RJ;116;176;SAO JOAO DE MERITI;Manobra de mudan�a de faixa;Atropelamento de Pedestre;Com V�timas Feridas;Pleno dia;Decrescente;C�u Claro;Dupla;Reta;Sim;3;0;2;0;1;0;2;2;-22,7816311;-43,3901995;SPRF-RJ;DEL06-RJ;UOP01-DEL06-RJ;;;
717213;09/09/2025;ter�a-feira;11:30:00;RJ;116;112;GUAPIMIRIM;Acessar a via sem observar a presen�a dos outros ve�culos;Colis�o traseira;Sem V�timas;Pleno dia;Crescente;C�u Claro;Dupla;Reta;Sim;2;0;0;0;2;0;0;2;-22,5642002;-42,99947758;SPRF-RJ;DEL04-RJ;UOP02-DEL04-RJ;;;
717214;29/08/2025;sexta-feira;13:00:00;MS;60;88,8;PARAISO DAS AGUAS;Demais falhas mec�nicas ou el�tricas;Inc�ndio;Sem V�timas;Pleno dia;Crescente;C�u Claro;Simples;Reta;N�o;1;0;0;0;1;0;0;1;-19,231693;-53,12433;SPRF-MS;DEL06-MS;UOP02-DEL06-MS;;;
717215;09/09/2025;ter�a-feira;00:36:00;RO;364;290;PRESIDENTE MEDICI;Animais na Pista;Atropelamento de Animal;Com V�timas Feridas;Pleno dia;Decrescente;Ignorado;Simples;Reta;N�o;2;0;2;0;0;0;2;1;-11,328885;-61,875218;SPRF-RO;DEL02-RO;UOP01-DEL02-RO;;;
717216;09/09/2025;ter�a-feira;09:35:00;RJ;101;393;RIO DE JANEIRO;Avarias e/ou desgaste excessivo no pneu;Queda de ocupante de ve�culo;Com V�timas Feridas;Pleno dia;Crescente;Vento;Dupla;Viaduto;N�o;2;0;2;0;0;0;2;1;-22,888205;-43,706475;SPRF-RJ;DEL03-RJ;UOP01-DEL03-RJ;;;
717219;05/09/2025;sexta-feira;21:10:00;TO;153;177;ARAGUAINA;Aus�ncia de rea��o do condutor;Atropelamento de Animal;Sem V�timas;Plena Noite;Decrescente;C�u Claro;Simples;Reta;N�o;1;0;0;0;1;0;0;1;-7,461582;-48,372643;SPRF-TO;DEL02-TO;UOP01-DEL02-TO;;;
717223;09/09/2025;ter�a-feira;13:30:00;DF;70;19;BRASILIA;Aus�ncia de rea��o do condutor;Capotamento;Com V�timas Feridas;Pleno dia;Crescente;C�u Claro;Dupla;"Declive;Curva";Sim;1;0;1;0;0;0;1;1;-15,78801509;-48,22722886;SPRF-DF;DEL03-DF;UOP02-DEL03-DF;;;
717224;09/09/2025;ter�a-feira;12:40:00;RJ;116;108;GUAPIMIRIM;Aus�ncia de rea��o do condutor;Tombamento;Com V�timas Feridas;Pleno dia;Decrescente;C�u Claro;Simples;"Aclive;Reta";Sim;2;0;2;0;0;0;2;1;-22,52438507;-43,0001274;SPRF-RJ;DEL04-RJ;UOP01-DEL04-RJ;;;
717225;09/09/2025;ter�a-feira;11:20:00;RJ;116;24;SAPUCAIA;Avarias e/ou desgaste excessivo no pneu;Queda de ocupante de ve�culo;Com V�timas Feridas;Pleno dia;Crescente;C�u Claro;Dupla;Curva;N�o;2;0;2;0;0;0;2;1;-22,03297946;-42,77891636;SPRF-RJ;DEL05-RJ;UOP01-DEL05-RJ;;;
717227;09/09/2025;ter�a-feira;11:05:00;MT;158;652;NOVA XAVANTINA;Aus�ncia de rea��o do condutor;Colis�o lateral mesmo sentido;Com V�timas Feridas;Pleno dia;Crescente;Sol;Simples;"Reta;Aclive";N�o;3;0;1;0;2;0;1;2;-14,67570183;-52,35956001;SPRF-MT;DEL07-MT;UOP01-DEL07-MT;;;
717228;09/09/2025;ter�a-feira;13:20:00;GO;70;6;AGUAS LINDAS DE GOIAS;Rea��o tardia ou ineficiente do condutor;Engavetamento;Com V�timas Feridas;Pleno dia;Decrescente;C�u Claro;Dupla;Reta;Sim;4;0;1;0;3;0;1;2;-15,751126;-48,260968;SPRF-DF;DEL03-DF;UOP02-DEL03-DF;;;
717232;09/09/2025;ter�a-feira;13:30:00;PR;476;114;COLOMBO;Desrespeitar a prefer�ncia no cruzamento;Colis�o transversal;Com V�timas Feridas;Pleno dia;Crescente;Sol;Simples;Reta;Sim;2;0;2;0;0;0;2;2;-25,34024884;-49,15733311;SPRF-PR;DEL01-PR;UOP01-DEL01-PR;;;
717233;09/09/2025;ter�a-feira;12:30:00;PE;101;4,8;RECIFE;Condutor deixou de manter dist�ncia do ve�culo da frente;Colis�o traseira;Sem V�timas;Pleno dia;Crescente;C�u Claro;Dupla;Viaduto;N�o;2;0;0;0;1;1;0;2;-8,06726044;-34,94323349;SPRF-PE;DEL01-PE;UOP02-DEL01-PE;;;
717234;09/09/2025;ter�a-feira;14:00:00;RN;101;147;GOIANINHA;Aus�ncia de rea��o do condutor;Colis�o traseira;Com V�timas Feridas;Pleno dia;Decrescente;C�u Claro;Dupla;Aclive;N�o;1;0;0;1;0;0;1;1;-6,27697643;-35,20651686;SPRF-RN;DEL01-RN;UOP01-DEL01-RN;;;
717235;09/09/2025;ter�a-feira;14:00:00;MG;40;466,1;SETE LAGOAS;Rea��o tardia ou ineficiente do condutor;Sa�da de leito carro��vel;Com V�timas Feridas;Pleno dia;Crescente;C�u Claro;Dupla;Reta;Sim;2;0;1;0;1;0;1;2;-19,44304156;-44,32531714;SPRF-MG;DEL02-MG;UOP01-DEL02-MG;;;
717236;09/09/2025;ter�a-feira;14:10:00;SP;116;191;SANTA ISABEL;Rea��o tardia ou ineficiente do condutor;Colis�o traseira;Com V�timas Feridas;Pleno dia;Decrescente;Sol;Dupla;"Declive;Curva";N�o;4;0;1;0;3;0;1;2;-23,37656826;-46,2465781;SPRF-SP;DEL01-SP;UOP01-DEL01-SP;;;
717239;09/09/2025;ter�a-feira;15:00:00;RJ;101;61;CAMPOS DOS GOYTACAZES;Transitar no Acostamento;Colis�o lateral mesmo sentido;Com V�timas Feridas;Pleno dia;Crescente;C�u Claro;Simples;Reta;Sim;3;0;2;0;1;0;2;2;-21,727621;-41,322226;SPRF-RJ;DEL08-RJ;UOP01-DEL08-RJ;;;
717240;09/09/2025;ter�a-feira;15:00:00;SC;282;0,2;FLORIANOPOLIS;Condutor deixou de manter dist�ncia do ve�culo da frente;Colis�o traseira;Com V�timas Feridas;Pleno dia;Crescente;C�u Claro;M�ltipla;Aclive;Sim;2;0;2;0;0;0;2;2;-27,59824957;-48,57315151;SPRF-SC;DEL01-SC;UOP01-DEL01-SC;;;
717246;09/09/2025;ter�a-feira;15:40:00;RS;158;277;JULIO DE CASTILHOS;Avarias e/ou desgaste excessivo no pneu;Tombamento;Com V�timas Feridas;Pleno dia;Decrescente;C�u Claro;Simples;"Reta;Aclive";N�o;1;0;1;0;0;0;1;1;-29,354464;-53,672653;SPRF-RS;DEL09-RS;UOP01-DEL09-RS;;;
717247;09/09/2025;ter�a-feira;13:50:00;PR;277;591,9;CASCAVEL;Ultrapassagem Indevida;Colis�o lateral mesmo sentido;Com V�timas Feridas;Pleno dia;Crescente;Chuva;Simples;Reta;Sim;2;0;0;1;1;0;1;2;-24,98606527;-53,46757655;SPRF-PR;DEL04-PR;UOP01-DEL04-PR;;;
717248;09/09/2025;ter�a-feira;14:50:00;CE;20;397,9;CAUCAIA;Transitar na contram�o;Colis�o lateral sentido oposto;Com V�timas Feridas;Pleno dia;Decrescente;C�u Claro;Simples;Reta;N�o;2;0;2;0;0;0;2;2;-3,808297;-38,728697;SPRF-CE;DEL01-CE;UOP01-DEL01-CE;;;
717250;24/05/2025;s�bado;13:20:00;MG;381;850,6;POUSO ALEGRE;Ingest�o de �lcool pelo condutor;Colis�o lateral sentido oposto;Sem V�timas;Pleno dia;Decrescente;Sol;Simples;Reta;Sim;3;0;0;0;2;1;0;3;-22,3973366;-45,9598642;SPRF-MG;DEL16-MG;UOP01-DEL16-MG;;;
717257;09/09/2025;ter�a-feira;14:57:00;PB;230;10,2;CABEDELO;Manobra de mudan�a de faixa;Colis�o lateral mesmo sentido;Com V�timas Feridas;Pleno dia;Crescente;C�u Claro;Dupla;"Reta;Em Obras";Sim;3;0;1;0;0;2;1;2;-7,05826193;-34,85086441;SPRF-PB;DEL01-PB;UOP01-DEL01-PB;;;
717260;09/09/2025;ter�a-feira;14:45:00;SC;101;152,1;PORTO BELO;Velocidade Incompat�vel;Colis�o traseira;Com V�timas Fatais;Pleno dia;Crescente;C�u Claro;M�ltipla;Reta;N�o;2;1;1;0;0;0;1;2;-27,1368839;-48,61011114;SPRF-SC;DEL04-SC;UOP03-DEL04-SC;;;
717261;09/09/2025;ter�a-feira;10:30:00;RJ;356;163,8;SAO JOAO DA BARRA;Transitar no Acostamento;Atropelamento de Pedestre;Com V�timas Fatais;Pleno dia;Crescente;C�u Claro;Simples;Curva;N�o;2;1;0;0;0;1;0;2;-21,71242026;-41,15830421;SPRF-RJ;DEL08-RJ;UOP02-DEL08-RJ;;;
717262;09/09/2025;ter�a-feira;16:31:00;PI;343;1;TERESINA;Condutor deixou de manter dist�ncia do ve�culo da frente;Colis�o traseira;Com V�timas Feridas;Pleno dia;Decrescente;C�u Claro;Dupla;Reta;Sim;2;0;1;0;1;0;1;2;-5,080669;-42,759102;SPRF-PI;DEL01-PI;UOP01-DEL01-PI;;;
717265;09/09/2025;ter�a-feira;10:20:00;BA;324;421;RIACHAO DO JACUIPE;Condutor deixou de manter dist�ncia do ve�culo da frente;Sa�da de leito carro��vel;Com V�timas Feridas;Pleno dia;Decrescente;C�u Claro;Simples;Reta;N�o;2;0;2;0;0;0;2;1;-11,73844746;-39,48952094;SPRF-BA;DEL04-BA;UOP02-DEL04-BA;;;
717266;09/09/2025;ter�a-feira;17:00:00;ES;259;53,8;COLATINA;Trafegar com motocicleta (ou similar) entre as faixas;Colis�o lateral mesmo sentido;Com V�timas Feridas;Pleno dia;Crescente;C�u Claro;Simples;"Reta;Aclive";N�o;2;0;2;0;0;0;2;2;-19,496888;-40,639497;SPRF-ES;DEL02-ES;UOP01-DEL02-ES;;;
717267;03/09/2025;quarta-feira;06:00:00;MS;163;11;MUNDO NOVO;Pista esburacada;Colis�o com objeto;Com V�timas Feridas;Amanhecer;Crescente;C�u Claro;Simples;"Reta;Em Obras;Desvio Tempor�rio;Declive";N�o;2;0;2;0;0;0;2;1;-23,9700937;-54,3300185;SPRF-MS;DEL09-MS;UOP02-DEL09-MS;;;
717269;09/09/2025;ter�a-feira;16:30:00;ES;101;297,6;VIANA;Condutor deixou de manter dist�ncia do ve�culo da frente;Colis�o traseira;Com V�timas Feridas;Pleno dia;Decrescente;C�u Claro;Dupla;Curva;Sim;2;0;0;1;1;0;1;2;-20,35077321;-40,41291833;SPRF-ES;DEL01-ES;UOP01-DEL01-ES;;;
717270;09/09/2025;ter�a-feira;17:25:00;PR;376;175,9;MARINGA;Condutor deixou de manter dist�ncia do ve�culo da frente;Colis�o traseira;Com V�timas Feridas;Pleno dia;Decrescente;C�u Claro;Dupla;Reta;Sim;2;0;1;0;1;0;1;2;-23,41175867;-51,94193093;SPRF-PR;DEL09-PR;UOP01-DEL09-PR;;;
717272;09/09/2025;ter�a-feira;17:35:00;MG;365;621;UBERLANDIA;Rea��o tardia ou ineficiente do condutor;Colis�o traseira;Com V�timas Feridas;Pleno dia;Decrescente;C�u Claro;Dupla;Declive;Sim;2;0;1;0;1;0;1;2;-18,88772617;-48,26859713;SPRF-MG;DEL15-MG;UOP01-DEL15-MG;;;
717273;09/09/2025;ter�a-feira;15:52:00;BA;367;23;PORTO SEGURO;Frear bruscamente;Colis�o lateral mesmo sentido;Com V�timas Feridas;Pleno dia;Decrescente;C�u Claro;Simples;Reta;Sim;3;0;1;0;2;0;1;3;-16,43570346;-39,07426067;SPRF-BA;DEL09-BA;UOP03-DEL09-BA;;;
717274;09/09/2025;ter�a-feira;17:15:00;GO;153;138;MARA ROSA;Rea��o tardia ou ineficiente do condutor;Colis�o traseira;Com V�timas Feridas;Anoitecer;Crescente;C�u Claro;Simples;"Reta;Declive";N�o;3;0;0;1;2;0;1;2;-13,984;-49,091;SPRF-GO;DEL07-GO;UOP01-DEL07-GO;;;
717275;09/09/2025;ter�a-feira;16:52:00;RJ;101;385;RIO DE JANEIRO;Acessar a via sem observar a presen�a dos outros ve�culos;Colis�o transversal;Com V�timas Feridas;Pleno dia;Decrescente;C�u Claro;Dupla;Reta;Sim;3;0;1;0;1;1;1;3;-22,883837;-43,642609;SPRF-RJ;DEL03-RJ;UOP01-DEL03-RJ;;;
717276;09/09/2025;ter�a-feira;17:23:00;PR;116;115;CURITIBA;Trafegar com motocicleta (ou similar) entre as faixas;Colis�o lateral mesmo sentido;Com V�timas Feridas;Anoitecer;Decrescente;C�u Claro;Dupla;"Reta;Viaduto";Sim;2;0;1;0;1;0;1;2;-25,54454993;-49,30345885;SPRF-PR;DEL01-PR;UOP03-DEL01-PR;;;
717277;09/09/2025;ter�a-feira;16:00:00;MG;40;600,5;OURO PRETO;Velocidade Incompat�vel;Colis�o lateral sentido oposto;Com V�timas Feridas;Pleno dia;Crescente;Sol;Simples;Reta;N�o;2;0;0;1;1;0;1;2;-20,43143056;-43,85456193;SPRF-MG;DEL05-MG;UOP02-DEL05-MG;;;
717278;09/09/2025;ter�a-feira;18:00:00;SC;101;212,7;PALHOCA;Acessar a via sem observar a presen�a dos outros ve�culos;Colis�o lateral mesmo sentido;Com V�timas Feridas;Plena Noite;Decrescente;Ignorado;M�ltipla;Reta;Sim;2;0;1;0;1;0;1;2;-27,63483;-48,66314;SPRF-SC;DEL01-SC;UOP02-DEL01-SC;;;
717280;09/09/2025;ter�a-feira;16:30:00;RS;287;399;SANTIAGO;Ingest�o de �lcool pelo condutor;Colis�o traseira;Sem V�timas;Pleno dia;Crescente;C�u Claro;Simples;Aclive;N�o;3;0;0;0;3;0;0;2;-29,16894;-54,862908;SPRF-RS;DEL12-RS;UOP02-DEL12-RS;;;
717283;09/09/2025;ter�a-feira;16:00:00;RS;290;107;ELDORADO DO SUL;Aus�ncia de rea��o do condutor;Sa�da de leito carro��vel;Sem V�timas;Anoitecer;Crescente;C�u Claro;Dupla;Reta;N�o;1;0;0;0;0;1;0;1;-30,00132766;-51,30065918;SPRF-RS;DEL02-RS;UOP01-DEL02-RS;;;
717284;09/09/2025;ter�a-feira;18:22:00;PE;428;10;CABROBO;Transitar na contram�o;Colis�o frontal;Com V�timas Feridas;Plena Noite;Decrescente;C�u Claro;Simples;"Declive;Reta";Sim;3;0;2;0;1;0;2;3;-8,509202;-39,307808;SPRF-PE;DEL05-PE;UOP03-DEL05-PE;;;
717285;09/09/2025;ter�a-feira;18:20:00;ES;101;299;VIANA;Entrada inopinada do pedestre;Atropelamento de Pedestre;Com V�timas Feridas;Plena Noite;Decrescente;C�u Claro;M�ltipla;Reta;Sim;3;0;3;0;0;0;3;2;-20,357599;-40,427582;SPRF-ES;DEL01-ES;UOP01-DEL01-ES;;;
717286;09/09/2025;ter�a-feira;18:20:00;MG;40;527,7;CONTAGEM;Manobra de mudan�a de faixa;Colis�o lateral mesmo sentido;Com V�timas Feridas;Plena Noite;Decrescente;C�u Claro;Dupla;Reta;Sim;2;0;1;0;1;0;1;2;-19,90714485;-44,04596806;SPRF-MG;DEL01-MG;UOP02-DEL01-MG;;;
717287;29/08/2025;sexta-feira;06:15:00;SP;116;106;TAUBATE;Condutor deixou de manter dist�ncia do ve�culo da frente;Colis�o traseira;Com V�timas Feridas;Pleno dia;Crescente;C�u Claro;Dupla;Reta;Sim;2;0;1;0;1;0;1;2;-23,01227153;-45,5224628;SPRF-SP;DEL02-SP;UOP02-DEL02-SP;;;
717288;09/09/2025;ter�a-feira;18:50:00;ES;101;121;LINHARES;Condutor usando celular;Tombamento;Com V�timas Feridas;Plena Noite;Crescente;C�u Claro;Dupla;Reta;N�o;1;0;1;0;0;0;1;1;-19,1520459;-40,0794874;SPRF-ES;DEL04-ES;UOP01-DEL04-ES;;;
717291;09/09/2025;ter�a-feira;12:43:00;GO;80;110;VILA PROPICIO;Condutor Dormindo;Sa�da de leito carro��vel;Com V�timas Feridas;Pleno dia;Decrescente;C�u Claro;Simples;Curva;N�o;1;0;1;0;0;0;1;1;-15,136848;-48,827265;SPRF-GO;DEL07-GO;UOP02-DEL07-GO;;;
717293;09/09/2025;ter�a-feira;18:50:00;RJ;101;420;MANGARATIBA;Rea��o tardia ou ineficiente do condutor;Colis�o com objeto;Com V�timas Feridas;Plena Noite;Crescente;Nublado;Simples;Reta;Sim;2;0;0;2;0;0;2;1;-22,9156875;-43,9362297;SPRF-RJ;DEL03-RJ;UOP02-DEL03-RJ;;;
717294;09/09/2025;ter�a-feira;19:20:00;SC;101;118,4;ITAJAI;Aus�ncia de rea��o do condutor;Colis�o traseira;Com V�timas Feridas;Anoitecer;Decrescente;C�u Claro;Dupla;Reta;N�o;2;0;1;0;1;0;1;2;-26,89833697;-48,71783908;SPRF-SC;DEL04-SC;UOP04-DEL04-SC;;;
717296;09/09/2025;ter�a-feira;19:50:00;GO;414;439;ANAPOLIS;Suic�dio (presumido);Atropelamento de Pedestre;Com V�timas Feridas;Plena Noite;Decrescente;C�u Claro;Simples;Aclive;Sim;3;0;1;0;1;1;1;2;-16,27144366;-48,94006312;SPRF-GO;DEL02-GO;UOP01-DEL02-GO;;;
717297;09/09/2025;ter�a-feira;17:30:00;PB;230;506;CAJAZEIRAS;Aus�ncia de rea��o do condutor;Colis�o com objeto;Sem V�timas;Pleno dia;Crescente;C�u Claro;Simples;Curva;Sim;1;0;0;0;1;0;0;1;-6,898066;-38,573038;SPRF-PB;DEL03-PB;UOP03-DEL03-PB;;;
717299;09/09/2025;ter�a-feira;18:00:00;BA;101;804;ITAMARAJU;Transitar na contram�o;Colis�o lateral sentido oposto;Com V�timas Feridas;Anoitecer;Crescente;C�u Claro;Simples;Reta;N�o;3;0;1;0;2;0;1;3;-16,993568;-39,552372;SPRF-BA;DEL09-BA;UOP01-DEL09-BA;;;
717303;09/09/2025;ter�a-feira;17:39:00;RJ;101;406,3;ITAGUAI;Acessar a via sem observar a presen�a dos outros ve�culos;Colis�o traseira;Com V�timas Fatais;Plena Noite;Decrescente;C�u Claro;Simples;Reta;N�o;2;1;0;0;1;0;0;2;-22,8738725;-43,8116315;SPRF-RJ;DEL03-RJ;UOP01-DEL03-RJ;;;
717304;09/09/2025;ter�a-feira;19:35:00;SC;101;132,4;CAMBORIU;Rea��o tardia ou ineficiente do condutor;Colis�o lateral mesmo sentido;Sem V�timas;Plena Noite;Decrescente;C�u Claro;Simples;Reta;Sim;2;0;0;0;2;0;0;2;-26,99780781;-48,65329742;SPRF-SC;DEL04-SC;UOP03-DEL04-SC;;;
717305;09/09/2025;ter�a-feira;18:05:00;MG;116;411,2;GOVERNADOR VALADARES;Animais na Pista;Tombamento;Com V�timas Feridas;Anoitecer;Crescente;C�u Claro;Dupla;"Reta;Interse��o de Vias";Sim;1;0;1;0;0;0;1;1;-18,86829119;-41,97219975;SPRF-MG;DEL06-MG;UOP01-DEL06-MG;;;
717307;09/09/2025;ter�a-feira;11:20:00;RJ;40;113;DUQUE DE CAXIAS;Trafegar com motocicleta (ou similar) entre as faixas;Colis�o traseira;Com V�timas Feridas;Pleno dia;Decrescente;C�u Claro;M�ltipla;Reta;N�o;3;0;1;0;2;0;1;3;-22,71613877;-43,28972778;SPRF-RJ;DEL01-RJ;UOP02-DEL01-RJ;;;
717310;09/09/2025;ter�a-feira;18:05:00;RJ;393;167,6;TRES RIOS;Acessar a via sem observar a presen�a dos outros ve�culos;Colis�o transversal;Com V�timas Feridas;Plena Noite;Crescente;C�u Claro;Simples;Reta;Sim;3;0;0;2;1;0;2;2;-22,120962;-43,16298;SPRF-RJ;DEL05-RJ;UOP01-DEL05-RJ;;;
717311;09/09/2025;ter�a-feira;22:00:00;SC;101;215,5;PALHOCA;Redutor de velocidade em desacordo;Colis�o frontal;Com V�timas Feridas;Plena Noite;Crescente;C�u Claro;Dupla;Viaduto;Sim;2;0;0;1;1;0;1;2;-27,65075177;-48,67471218;SPRF-SC;DEL01-SC;UOP02-DEL01-SC;;;
717312;09/09/2025;ter�a-feira;19:10:00;PE;232;6;RECIFE;Manobra de mudan�a de faixa;Colis�o lateral mesmo sentido;Com V�timas Feridas;Plena Noite;Crescente;C�u Claro;Dupla;Reta;N�o;2;0;0;1;0;1;1;2;-8,0704;-34,95222;SPRF-PE;DEL01-PE;UOP01-DEL01-PE;;;
717315;09/09/2025;ter�a-feira;20:00:00;RJ;40;98;DUQUE DE CAXIAS;Aus�ncia de rea��o do condutor;Tombamento;Com V�timas Feridas;Plena Noite;Decrescente;C�u Claro;Dupla;"Reta;Aclive";N�o;1;0;1;0;0;0;1;1;-22,588505;-43,273562;SPRF-RJ;DEL01-RJ;UOP01-DEL01-RJ;;;
717317;09/09/2025;ter�a-feira;22:46:00;MG;381;514,8;IGARAPE;Pedestre andava na pista;Atropelamento de Pedestre;Com V�timas Feridas;Plena Noite;Decrescente;C�u Claro;M�ltipla;"Curva;Declive";N�o;5;0;0;1;3;1;1;2;-20,088922;-44,31283347;SPRF-MG;DEL01-MG;UOP03-DEL01-MG;;;
717319;09/09/2025;ter�a-feira;20:00:00;RO;364;346;JI-PARANA;Animais na Pista;Atropelamento de Animal;Com V�timas Feridas;Plena Noite;Crescente;C�u Claro;Simples;"Reta;Aclive";Sim;3;0;2;0;0;1;2;2;-10,86225716;-61,97391093;SPRF-RO;DEL02-RO;UOP01-DEL02-RO;;;
717320;09/09/2025;ter�a-feira;22:30:00;MG;381;932;EXTREMA;Curva acentuada;Sa�da de leito carro��vel;Com V�timas Feridas;Plena Noite;Decrescente;C�u Claro;Dupla;Curva;N�o;3;0;2;0;1;0;2;1;-22,78809125;-46,24321461;SPRF-MG;DEL16-MG;UOP03-DEL16-MG;;;
717322;09/09/2025;ter�a-feira;22:35:00;RJ;101;451;MANGARATIBA;Velocidade Incompat�vel;Queda de ocupante de ve�culo;Com V�timas Feridas;Plena Noite;Decrescente;Nublado;Simples;"Declive;Curva";N�o;1;0;0;1;0;0;1;1;-22,98115259;-44,08401489;SPRF-RJ;DEL03-RJ;UOP02-DEL03-RJ;;;
717323;05/09/2025;sexta-feira;17:10:00;AC;307;189;CRUZEIRO DO SUL;Retorno proibido;Colis�o transversal;Com V�timas Feridas;Anoitecer;Decrescente;Nublado;Simples;Reta;Sim;3;0;1;0;2;0;1;2;-7,644132;-72,664792;SPRF-AC;DEL01-AC;UOP03-DEL01-AC;;;
717324;09/09/2025;ter�a-feira;23:20:00;SP;116;77,5;ROSEIRA;Demais falhas mec�nicas ou el�tricas;Tombamento;Com V�timas Feridas;Plena Noite;Decrescente;Nublado;Dupla;Reta;Sim;2;0;1;0;1;0;1;1;-22,88629103;-45,2830896;SPRF-SP;DEL08-SP;UOP01-DEL08-SP;;;
717325;09/09/2025;ter�a-feira;22:40:00;MS;163;22;MUNDO NOVO;Pedestre andava na pista;Eventos at�picos;Com V�timas Feridas;Plena Noite;Crescente;C�u Claro;Simples;Reta;Sim;2;0;2;0;0;0;2;2;-23,90731;-54,29878;SPRF-MS;DEL09-MS;UOP02-DEL09-MS;;;
717326;09/09/2025;ter�a-feira;20:33:00;RS;116;344;BARRA DO RIBEIRO;Demais falhas mec�nicas ou el�tricas;Inc�ndio;Sem V�timas;Plena Noite;Crescente;C�u Claro;Dupla;Reta;N�o;1;0;0;0;1;0;0;1;-30,48214639;-51,49099141;SPRF-RS;DEL02-RS;UOP02-DEL02-RS;;;
717328;09/09/2025;ter�a-feira;23:51:00;GO;153;173;CAMPINORTE;Aus�ncia de rea��o do condutor;Sa�da de leito carro��vel;Sem V�timas;Plena Noite;Crescente;C�u Claro;Simples;Retorno Regulamentado;Sim;1;0;0;0;1;0;0;1;-14,29865247;-49,14904475;SPRF-GO;DEL07-GO;UOP02-DEL07-GO;;;
717329;10/09/2025;quarta-feira;01:35:00;PE;428;2,5;CABROBO;Aus�ncia de rea��o do condutor;Queda de ocupante de ve�culo;Com V�timas Feridas;Plena Noite;Decrescente;C�u Claro;Simples;Reta;N�o;1;0;0;1;0;0;1;1;-8,54044708;-39,24192054;SPRF-PE;DEL05-PE;UOP03-DEL05-PE;;;
717330;09/09/2025;ter�a-feira;19:30:00;MT;70;500;CUIABA;Animais na Pista;Atropelamento de Animal;Com V�timas Feridas;Plena Noite;Decrescente;C�u Claro;Simples;Reta;Sim;1;0;1;0;0;0;1;1;-15,69133327;-56,0202527;SPRF-MT;DEL01-MT;UOP02-DEL01-MT;;;
717331;09/09/2025;ter�a-feira;19:30:00;SP;381;89;GUARULHOS;Manobra de mudan�a de faixa;Tombamento;Com V�timas Feridas;Plena Noite;Crescente;C�u Claro;M�ltipla;"Interse��o de Vias;Reta";Sim;1;0;0;1;0;0;1;1;-23,492388;-46,559499;SPRF-SP;DEL03-SP;UOP01-DEL03-SP;;;
717334;10/09/2025;quarta-feira;02:30:00;RJ;101;436;MANGARATIBA;Aus�ncia de rea��o do condutor;Queda de ocupante de ve�culo;Com V�timas Feridas;Plena Noite;Decrescente;Nublado;Simples;"Reta;Aclive";N�o;1;0;0;1;0;0;1;1;-22,94546371;-44,06183707;SPRF-RJ;DEL03-RJ;UOP02-DEL03-RJ;;;
717343;13/08/2025;quarta-feira;20:30:00;BA;324;548;AMELIA RODRIGUES;Animais na Pista;Atropelamento de Animal;Sem V�timas;Plena Noite;Decrescente;Ignorado;M�ltipla;Reta;N�o;1;0;0;0;1;0;0;1;-12,39020607;-38,78501058;SPRF-BA;DEL01-BA;UOP03-DEL01-BA;;;
717344;10/09/2025;quarta-feira;04:30:00;RJ;393;204,2;VASSOURAS;Animais na Pista;Atropelamento de Animal;Com V�timas Feridas;Amanhecer;Crescente;C�u Claro;Simples;Reta;N�o;1;0;0;1;0;0;1;1;-22,24882001;-43,42974599;SPRF-RJ;DEL05-RJ;UOP03-DEL05-RJ;;;
717348;10/09/2025;quarta-feira;07:25:00;PR;116;66;QUATRO BARRAS;Velocidade Incompat�vel;Sa�da de leito carro��vel;Com V�timas Feridas;Pleno dia;Decrescente;Garoa/Chuvisco;Dupla;Curva;N�o;2;0;1;0;1;0;1;2;-25,31089271;-49,01387649;SPRF-PR;DEL01-PR;UOP02-DEL01-PR;;;