id;data_inversa;dia_semana;horario;uf;br;km;municipio;causa_acidente;tipo_acidente;classificacao_acidente;fase_dia;sentido_via;condicao_metereologica;tipo_pista;tracado_via;uso_solo;pessoas;mortos;feridos_leves;feridos_graves;ilesos;ignorados;feridos;veiculos;latitude;longitude;regional;delegacia;uop;;;
717349;10/09/2025;quarta-feira;01:40:00;MG;116;720,3;MURIAE;Animais na Pista;Atropelamento de Animal;Com V�timas Feridas;Pleno dia;Crescente;C�u Claro;Simples;Reta;N�o;1;0;1;0;0;0;1;1;-21,24853676;-42,39607075;SPRF-MG;DEL07-MG;UOP02-DEL07-MG;;;
717350;10/09/2025;quarta-feira;07:45:00;RS;116;267;CANOAS;Manobra de mudan�a de faixa;Colis�o lateral mesmo sentido;Com V�timas Feridas;Pleno dia;Crescente;C�u Claro;M�ltipla;Reta;Sim;2;0;1;0;1;0;1;2;-29,9425762;-51,1773667;SPRF-RS;DEL01-RS;UOP01-DEL01-RS;;;
717351;10/09/2025;quarta-feira;07:30:00;SC;101;112;NAVEGANTES;Manobra de mudan�a de faixa;Colis�o lateral mesmo sentido;Com V�timas Feridas;Pleno dia;Crescente;C�u Claro;M�ltipla;"Interse��o de Vias;Viaduto";Sim;2;0;1;0;1;0;1;2;-26,84418475;-48,71710718;SPRF-SC;DEL04-SC;UOP04-DEL04-SC;;;
717352;10/09/2025;quarta-feira;07:20:00;SP;116;135;SAO JOSE DOS CAMPOS;Trafegar com motocicleta (ou similar) entre as faixas;Colis�o lateral mesmo sentido;Com V�timas Feridas;Pleno dia;Crescente;C�u Claro;Dupla;Reta;Sim;3;0;0;1;2;0;1;3;-23,14546845;-45,77206984;SPRF-SP;DEL02-SP;UOP01-DEL02-SP;;;
717353;10/09/2025;quarta-feira;06:40:00;PE;101;60;RECIFE;Manobra de mudan�a de faixa;Colis�o lateral mesmo sentido;Com V�timas Feridas;Pleno dia;Crescente;C�u Claro;Dupla;Reta;N�o;3;0;1;0;2;0;1;2;-7,9905416;-34,9360538;SPRF-PE;DEL01-PE;UOP02-DEL01-PE;;;
717354;10/09/2025;quarta-feira;07:50:00;PE;232;9,9;JABOATAO DOS GUARARAPES;Trafegar com motocicleta (ou similar) entre as faixas;Colis�o traseira;Com V�timas Feridas;Pleno dia;Crescente;C�u Claro;Dupla;Reta;N�o;2;0;1;0;1;0;1;2;-8,079147;-34,986432;SPRF-PE;DEL01-PE;UOP01-DEL01-PE;;;
717355;10/09/2025;quarta-feira;07:45:00;PR;469;12;FOZ DO IGUACU;Condutor deixou de manter dist�ncia do ve�culo da frente;Colis�o traseira;Com V�timas Feridas;Pleno dia;Decrescente;C�u Claro;Simples;Rotat�ria;Sim;2;0;1;0;1;0;1;2;-25,577345;-54,554525;SPRF-PR;DEL05-PR;UOP04-DEL05-PR;;;
717356;10/09/2025;quarta-feira;06:50:00;PR;469;14;FOZ DO IGUACU;Falta de acostamento;Colis�o lateral mesmo sentido;Com V�timas Feridas;Amanhecer;Crescente;C�u Claro;Simples;Reta;Sim;2;0;1;0;1;0;1;2;-25,57643374;-54,54608917;SPRF-PR;DEL05-PR;UOP04-DEL05-PR;;;
717357;10/09/2025;quarta-feira;07:45:00;MG;153;111;PRATA;Acessar a via sem observar a presen�a dos outros ve�culos;Colis�o transversal;Com V�timas Feridas;Pleno dia;Crescente;Sol;Simples;Reta;Sim;2;0;1;0;1;0;1;2;-19,32786;-48,905849;SPRF-MG;DEL15-MG;UOP03-DEL15-MG;;;
717358;10/09/2025;quarta-feira;06:45:00;RJ;116;173;SAO JOAO DE MERITI;Trafegar com motocicleta (ou similar) entre as faixas;Colis�o lateral mesmo sentido;Com V�timas Feridas;Pleno dia;Decrescente;C�u Claro;Dupla;Reta;N�o;3;0;2;0;1;0;2;2;-22,79869069;-43,35710272;SPRF-RJ;DEL06-RJ;UOP01-DEL06-RJ;;;
717359;10/09/2025;quarta-feira;07:30:00;SP;153;56,8;SAO JOSE DO RIO PRETO;Aus�ncia de rea��o do condutor;Colis�o traseira;Com V�timas Feridas;Pleno dia;Crescente;C�u Claro;Dupla;Reta;Sim;3;0;1;0;2;0;1;2;-20,768972;-49,349538;SPRF-SP;DEL09-SP;UOP01-DEL09-SP;;;
717360;10/09/2025;quarta-feira;07:50:00;MG;381;450,2;BELO HORIZONTE;Condutor deixou de manter dist�ncia do ve�culo da frente;Colis�o traseira;Com V�timas Feridas;Pleno dia;Crescente;Sol;Dupla;Reta;Sim;3;0;2;0;0;1;2;2;-19,85273797;-43,88920654;SPRF-MG;DEL01-MG;UOP01-DEL01-MG;;;
717361;10/09/2025;quarta-feira;07:45:00;PR;369;147,8;LONDRINA;Rea��o tardia ou ineficiente do condutor;Colis�o traseira;Com V�timas Feridas;Pleno dia;Decrescente;C�u Claro;Dupla;Reta;Sim;2;0;1;0;1;0;1;2;-23,29310146;-51,14102483;SPRF-PR;DEL07-PR;UOP01-DEL07-PR;;;
717363;10/09/2025;quarta-feira;06:40:00;SC;282;517,9;XAXIM;Ingest�o de �lcool pelo condutor;Sa�da de leito carro��vel;Com V�timas Feridas;Plena Noite;Crescente;Nevoeiro/Neblina;Simples;Reta;N�o;1;0;1;0;0;0;1;1;-26,942858;-52,50627;SPRF-SC;DEL07-SC;UOP01-DEL07-SC;;;
717365;10/09/2025;quarta-feira;08:30:00;SC;101;199;SAO JOSE;Acessar a via sem observar a presen�a dos outros ve�culos;Colis�o lateral mesmo sentido;Com V�timas Feridas;Pleno dia;Crescente;C�u Claro;Dupla;Reta;Sim;2;0;0;1;1;0;1;2;-27,53214327;-48,63136467;SPRF-SC;DEL01-SC;UOP01-DEL01-SC;;;
717367;10/09/2025;quarta-feira;09:09:00;SP;101;47;UBATUBA;Acessar a via sem observar a presen�a dos outros ve�culos;Colis�o transversal;Com V�timas Feridas;Pleno dia;Crescente;C�u Claro;Simples;Reta;Sim;3;0;3;0;0;0;3;2;-23,433846;-45,087125;SPRF-SP;DEL06-SP;UOP01-DEL06-SP;;;
717368;10/09/2025;quarta-feira;08:20:00;RJ;40;121;DUQUE DE CAXIAS;Aus�ncia de rea��o do condutor;Colis�o traseira;Com V�timas Feridas;Pleno dia;Crescente;C�u Claro;M�ltipla;Reta;N�o;2;0;1;0;1;0;1;2;-22,78203759;-43,28578949;SPRF-RJ;DEL01-RJ;UOP02-DEL01-RJ;;;
717369;10/09/2025;quarta-feira;08:50:00;PB;230;16;JOAO PESSOA;Rea��o tardia ou ineficiente do condutor;Colis�o transversal;Com V�timas Feridas;Pleno dia;Crescente;Sol;Simples;Reta;Sim;2;0;1;0;1;0;1;2;-7,10744214;-34,84399506;SPRF-PB;DEL01-PB;UOP01-DEL01-PB;;;
717370;10/09/2025;quarta-feira;08:20:00;PR;116;14;COLOMBO;Manobra de mudan�a de faixa;Tombamento;Com V�timas Feridas;Pleno dia;Decrescente;Sol;Dupla;Reta;Sim;1;0;1;0;0;0;1;1;-25,38214752;-49,16421479;SPRF-PR;DEL01-PR;UOP02-DEL01-PR;;;
717373;10/09/2025;quarta-feira;06:50:00;SP;116;26,6;LAVRINHAS;Condutor Dormindo;Tombamento;Com V�timas Feridas;Pleno dia;Crescente;Nublado;Dupla;"Reta;Declive";N�o;1;0;1;0;0;0;1;1;-22,56011954;-44,85947317;SPRF-SP;DEL08-SP;UOP02-DEL08-SP;;;
717374;07/09/2025;domingo;05:30:00;PR;476;204;LAPA;Rea��o tardia ou ineficiente do condutor;Colis�o com objeto;Com V�timas Feridas;Amanhecer;Decrescente;C�u Claro;Dupla;"Reta;Aclive";Sim;1;0;1;0;0;0;1;1;-25,777917;-49,79014;SPRF-PR;DEL01-PR;UOP06-DEL01-PR;;;
717377;10/09/2025;quarta-feira;10:18:00;SC;101;144,6;ITAPEMA;Manobra de mudan�a de faixa;Colis�o traseira;Com V�timas Feridas;Pleno dia;Decrescente;Sol;Dupla;Reta;N�o;2;0;1;0;1;0;1;2;-27,07989519;-48,60022187;SPRF-SC;DEL04-SC;UOP03-DEL04-SC;;;
717380;09/09/2025;ter�a-feira;13:00:00;SC;101;151,8;ITAPEMA;Ingest�o de �lcool pelo condutor;Colis�o traseira;Sem V�timas;Pleno dia;Decrescente;C�u Claro;Simples;Reta;Sim;3;0;0;0;1;2;0;3;-27,13370196;-48,61003876;SPRF-SC;DEL04-SC;UOP03-DEL04-SC;;;
717381;10/09/2025;quarta-feira;10:50:00;BA;116;422;FEIRA DE SANTANA;Rea��o tardia ou ineficiente do condutor;Colis�o traseira;Com V�timas Feridas;Pleno dia;Crescente;C�u Claro;Dupla;Reta;Sim;3;0;0;2;1;0;2;2;-12,230596;-38,966915;SPRF-BA;DEL02-BA;UOP01-DEL02-BA;;;
717382;10/09/2025;quarta-feira;10:30:00;AL;316;85,5;SANTANA DO IPANEMA;Acessar a via sem observar a presen�a dos outros ve�culos;Colis�o transversal;Sem V�timas;Pleno dia;Crescente;C�u Claro;Simples;"Aclive;Rotat�ria";Sim;3;0;0;0;3;0;0;2;-9,37089;-37,239407;SPRF-AL;DEL03-AL;UOP02-DEL03-AL;;;
717383;10/09/2025;quarta-feira;10:44:00;PE;101;65,2;RECIFE;Demais falhas mec�nicas ou el�tricas;Colis�o traseira;Com V�timas Feridas;Pleno dia;Crescente;C�u Claro;Dupla;Reta;Sim;2;0;1;0;1;0;1;2;-8,02624;-34,94299;SPRF-PE;DEL01-PE;UOP01-DEL01-PE;;;
717384;10/09/2025;quarta-feira;09:30:00;MG;0;0;MURIAE;Desrespeitar a prefer�ncia no cruzamento;Colis�o transversal;Com V�timas Feridas;Pleno dia;N�o Informado;Sol;Simples;Interse��o de Vias;Sim;3;0;0;2;1;0;2;2;-21,13472453;-42,38855839;SPRF-MG;DEL07-MG;UOP02-DEL07-MG;;;
717385;01/09/2025;segunda-feira;17:45:00;SC;280;304,6;PORTO UNIAO;Acesso irregular;Colis�o transversal;Com V�timas Feridas;Anoitecer;Decrescente;C�u Claro;Simples;"Curva;Declive";Sim;2;0;0;1;1;0;1;2;-26,2716333;-51,0552179;SPRF-SC;DEL06-SC;UOP04-DEL06-SC;;;
717386;10/09/2025;quarta-feira;06:40:00;RJ;101;308;SAO GONCALO;Aus�ncia de rea��o do condutor;Engavetamento;Com V�timas Feridas;Pleno dia;Crescente;C�u Claro;Dupla;Reta;Sim;8;0;1;0;7;0;1;7;-22,79580812;-43,02896065;SPRF-RJ;DEL02-RJ;UOP02-DEL02-RJ;;;
717387;10/09/2025;quarta-feira;11:00:00;CE;116;15;FORTALEZA;Acessar a via sem observar a presen�a dos outros ve�culos;Colis�o lateral mesmo sentido;Sem V�timas;Pleno dia;Crescente;C�u Claro;M�ltipla;Reta;Sim;3;0;0;0;3;0;0;3;-3,87999802;-38,50094973;SPRF-CE;DEL01-CE;UOP02-DEL01-CE;;;
717388;10/09/2025;quarta-feira;11:39:00;RS;158;329;SANTA MARIA;Desrespeitar a prefer�ncia no cruzamento;Colis�o transversal;Com V�timas Feridas;Pleno dia;Crescente;C�u Claro;Dupla;"Interse��o de Vias;Rotat�ria;Viaduto";N�o;6;0;2;0;2;2;2;3;-29,70057874;-53,84126902;SPRF-RS;DEL09-RS;UOP01-DEL09-RS;;;
717389;10/09/2025;quarta-feira;11:30:00;RN;101;111;PARNAMIRIM;Aus�ncia de rea��o do condutor;Capotamento;Com V�timas Feridas;Pleno dia;Crescente;C�u Claro;Dupla;"Reta;Declive";N�o;1;0;1;0;0;0;1;1;-5,959172;-35,264942;SPRF-RN;DEL01-RN;UOP01-DEL01-RN;;;
717390;10/09/2025;quarta-feira;10:50:00;SC;480;129;CHAPECO;Aus�ncia de rea��o do condutor;Colis�o traseira;Sem V�timas;Pleno dia;Crescente;C�u Claro;M�ltipla;"Reta;Em Obras";N�o;7;0;0;0;6;1;0;3;-27,04153466;-52,63551652;SPRF-SC;DEL07-SC;UOP01-DEL07-SC;;;
717391;10/09/2025;quarta-feira;12:00:00;SC;470;126;LONTRAS;Velocidade Incompat�vel;Colis�o frontal;Com V�timas Feridas;Pleno dia;Crescente;Sol;Simples;Curva;N�o;2;0;2;0;0;0;2;2;-27,13180964;-49,53850619;SPRF-SC;DEL04-SC;UOP02-DEL04-SC;;;
717393;10/09/2025;quarta-feira;08:37:00;ES;101;73;SAO MATEUS;Rea��o tardia ou ineficiente do condutor;Tombamento;Com V�timas Feridas;Pleno dia;Crescente;Sol;Simples;Reta;N�o;1;0;0;1;0;0;1;1;-18,74045276;-39,86111641;SPRF-ES;DEL04-ES;UOP02-DEL04-ES;;;
717395;10/09/2025;quarta-feira;07:30:00;BA;110;302;INHAMBUPE;Retorno proibido;Colis�o transversal;Com V�timas Feridas;Pleno dia;Crescente;Sol;Simples;Reta;N�o;2;0;0;1;1;0;1;2;-11,870507;-38,375641;SPRF-BA;DEL01-BA;UOP04-DEL01-BA;;;
717397;10/09/2025;quarta-feira;13:10:00;ES;262;17;VIANA;Condutor deixou de manter dist�ncia do ve�culo da frente;Colis�o traseira;Com V�timas Feridas;Pleno dia;Decrescente;C�u Claro;Simples;Reta;Sim;2;0;1;0;1;0;1;2;-20,386885;-40,473821;SPRF-ES;DEL01-ES;UOP01-DEL01-ES;;;
717399;02/09/2025;ter�a-feira;05:25:00;MS;463;13;PONTA PORA;Animais na Pista;Atropelamento de Animal;Com V�timas Feridas;Amanhecer;Crescente;C�u Claro;Simples;Reta;N�o;1;0;1;0;0;0;1;1;-22,32223345;-55,16833592;SPRF-MS;DEL04-MS;UOP03-DEL04-MS;;;
717401;10/09/2025;quarta-feira;13:04:00;ES;101;136,5;LINHARES;Aus�ncia de rea��o do condutor;Tombamento;Com V�timas Feridas;Pleno dia;Decrescente;C�u Claro;Simples;Reta;N�o;1;0;1;0;0;0;1;1;-19,287717;-40,086452;SPRF-ES;DEL04-ES;UOP01-DEL04-ES;;;
717403;10/09/2025;quarta-feira;08:50:00;MT;70;200;GENERAL CARNEIRO;Condutor Dormindo;Colis�o frontal;Com V�timas Feridas;Pleno dia;Crescente;Sol;Simples;Reta;N�o;5;0;4;0;1;0;4;2;-15,71795152;-53,6448437;SPRF-MT;DEL05-MT;UOP01-DEL05-MT;;;
717406;10/09/2025;quarta-feira;13:10:00;RS;386;364,8;FAZENDA VILANOVA;Mal s�bito do condutor;Sa�da de leito carro��vel;Com V�timas Feridas;Pleno dia;Crescente;C�u Claro;Dupla;"Reta;Retorno Regulamentado";N�o;1;0;1;0;0;0;1;1;-29,57046597;-51,8634495;SPRF-RS;DEL04-RS;UOP01-DEL04-RS;;;
717407;10/09/2025;quarta-feira;13:10:00;RJ;116;318;ITATIAIA;Rea��o tardia ou ineficiente do condutor;Capotamento;Com V�timas Feridas;Pleno dia;Crescente;C�u Claro;Dupla;"Curva;Declive";N�o;1;0;1;0;0;0;1;1;-22,46868009;-44,51351987;SPRF-RJ;DEL07-RJ;UOP02-DEL07-RJ;;;
717409;10/09/2025;quarta-feira;13:30:00;RJ;101;313;SAO GONCALO;Condutor deixou de manter dist�ncia do ve�culo da frente;Colis�o traseira;Com V�timas Feridas;Pleno dia;Crescente;C�u Claro;Dupla;Reta;Sim;3;0;2;0;1;0;2;2;-22,81145545;-43,07169483;SPRF-RJ;DEL02-RJ;UOP02-DEL02-RJ;;;
717410;10/09/2025;quarta-feira;12:40:00;PI;343;591,9;FLORIANO;Condutor deixou de manter dist�ncia do ve�culo da frente;Colis�o traseira;Com V�timas Feridas;Pleno dia;Crescente;Sol;Dupla;"Retorno Regulamentado;Reta";Sim;2;0;0;1;1;0;1;2;-6,77790322;-43,0313766;SPRF-PI;DEL03-PI;UOP01-DEL03-PI;;;
717411;10/09/2025;quarta-feira;09:30:00;RO;364;344;JI-PARANA;Rea��o tardia ou ineficiente do condutor;Colis�o lateral mesmo sentido;Com V�timas Feridas;Pleno dia;Crescente;C�u Claro;Dupla;Retorno Regulamentado;Sim;2;0;1;0;1;0;1;2;-10,86890475;-61,96018545;SPRF-RO;DEL02-RO;UOP01-DEL02-RO;;;
717412;06/09/2025;s�bado;22:30:00;RJ;101;297;ITABORAI;Chuva;Queda de ocupante de ve�culo;Com V�timas Feridas;Plena Noite;Crescente;Chuva;Simples;Reta;Sim;1;0;1;0;0;0;1;1;-22,77145664;-42,92461249;SPRF-RJ;DEL02-RJ;UOP02-DEL02-RJ;;;
717414;10/09/2025;quarta-feira;14:25:00;MG;381;801;SAO GONCALO DO SAPUCAI;Demais falhas mec�nicas ou el�tricas;Inc�ndio;Sem V�timas;Pleno dia;Crescente;Sol;Simples;Reta;N�o;1;0;0;0;1;0;0;1;-21,9422242;-45,6185328;SPRF-MG;DEL16-MG;UOP02-DEL16-MG;;;
717416;10/09/2025;quarta-feira;14:09:00;ES;101;148;LINHARES;Entrada inopinada do pedestre;Atropelamento de Pedestre;Com V�timas Feridas;Pleno dia;Crescente;C�u Claro;Dupla;Reta;Sim;2;0;1;0;1;0;1;2;-19,389511;-40,067773;SPRF-ES;DEL04-ES;UOP01-DEL04-ES;;;
717418;10/09/2025;quarta-feira;13:15:00;PR;277;727;FOZ DO IGUACU;Mal s�bito do condutor;Queda de ocupante de ve�culo;Com V�timas Feridas;Pleno dia;Crescente;C�u Claro;Dupla;"Aclive;Viaduto";Sim;2;0;2;0;0;0;2;1;-25,510918;-54,552927;SPRF-PR;DEL05-PR;UOP03-DEL05-PR;;;
717419;06/09/2025;s�bado;21:30:00;MG;116;410;GOVERNADOR VALADARES;Aus�ncia de rea��o do condutor;Colis�o traseira;Com V�timas Feridas;Plena Noite;Crescente;C�u Claro;M�ltipla;Reta;Sim;2;0;2;0;0;0;2;2;-18,82701644;-41,98631287;SPRF-MG;DEL06-MG;UOP01-DEL06-MG;;;
717420;10/09/2025;quarta-feira;14:10:00;SC;470;49,8;BLUMENAU;Rea��o tardia ou ineficiente do condutor;Colis�o traseira;Com V�timas Feridas;Pleno dia;Decrescente;C�u Claro;Dupla;Curva;Sim;2;0;1;0;1;0;1;2;-26,86146884;-49,07064374;SPRF-SC;DEL04-SC;UOP01-DEL04-SC;;;
717421;03/09/2025;quarta-feira;08:12:00;PA;163;620;TRAIRAO;Acessar a via sem observar a presen�a dos outros ve�culos;Colis�o traseira;Com V�timas Feridas;Pleno dia;Crescente;Sol;Simples;Declive;N�o;2;0;1;0;1;0;1;2;-4,721;-56,0244;SPRF-PA;DEL05-PA;UOP03-DEL05-PA;;;
717423;10/09/2025;quarta-feira;14:40:00;ES;101;267;SERRA;Avarias e/ou desgaste excessivo no pneu;Tombamento;Com V�timas Feridas;Pleno dia;Crescente;Sol;M�ltipla;Reta;Sim;2;0;1;0;0;1;1;1;-20,1992787;-40,26899099;SPRF-ES;DEL02-ES;UOP01-DEL02-ES;;;
717427;10/09/2025;quarta-feira;14:40:00;RJ;116;181;NOVA IGUACU;Aus�ncia de rea��o do condutor;Colis�o traseira;Com V�timas Feridas;Pleno dia;Crescente;C�u Claro;Simples;Reta;N�o;3;0;2;0;1;0;2;3;-22,76175197;-43,42255767;SPRF-RJ;DEL06-RJ;UOP01-DEL06-RJ;;;
717428;10/09/2025;quarta-feira;13:50:00;SC;282;218;LAGES;Convers�o proibida;Colis�o lateral mesmo sentido;Com V�timas Feridas;Pleno dia;Crescente;C�u Claro;Simples;"Reta;Aclive";Sim;2;0;2;0;0;0;2;2;-27,79714446;-50,31442165;SPRF-SC;DEL05-SC;UOP01-DEL05-SC;;;
717431;07/08/2025;quinta-feira;14:00:00;RJ;101;487;ANGRA DOS REIS;Acessar a via sem observar a presen�a dos outros ve�culos;Colis�o transversal;Com V�timas Feridas;Pleno dia;Crescente;C�u Claro;Simples;Reta;Sim;3;0;1;1;0;1;2;2;-22,96917821;-44,29852136;SPRF-RJ;DEL03-RJ;UOP03-DEL03-RJ;;;
717433;10/09/2025;quarta-feira;14:40:00;SC;101;204;SAO JOSE;Manobra de mudan�a de faixa;Colis�o lateral mesmo sentido;Com V�timas Feridas;Pleno dia;Crescente;C�u Claro;M�ltipla;Reta;Sim;2;0;0;1;1;0;1;2;-27,576886;-48,613606;SPRF-SC;DEL01-SC;UOP01-DEL01-SC;;;
717450;10/09/2025;quarta-feira;14:15:00;BA;101;447;URUCUCA;Velocidade Incompat�vel;Capotamento;Com V�timas Feridas;Pleno dia;Crescente;C�u Claro;Simples;Curva;N�o;1;0;1;0;0;0;1;1;-14,56974;-39,33562;SPRF-BA;DEL05-BA;UOP01-DEL05-BA;;;
717451;10/09/2025;quarta-feira;17:00:00;RS;158;154;PANAMBI;Rea��o tardia ou ineficiente do condutor;Sa�da de leito carro��vel;Com V�timas Feridas;Pleno dia;Decrescente;C�u Claro;Simples;Reta;N�o;1;0;1;0;0;0;1;1;-28,28596508;-53,48611705;SPRF-RS;DEL10-RS;UOP02-DEL10-RS;;;
717453;10/09/2025;quarta-feira;17:30:00;SC;470;50,6;FLORIANOPOLIS;Rea��o tardia ou ineficiente do condutor;Colis�o lateral mesmo sentido;Com V�timas Feridas;Pleno dia;Crescente;C�u Claro;Dupla;Reta;N�o;2;0;1;0;1;0;1;2;-27,5972096;-48,5556224;SPRF-SC;DEL04-SC;UOP01-DEL04-SC;;;
717454;10/09/2025;quarta-feira;17:00:00;SC;282;2,8;FLORIANOPOLIS;Trafegar com motocicleta (ou similar) entre as faixas;Colis�o lateral mesmo sentido;Com V�timas Feridas;Pleno dia;Crescente;C�u Claro;M�ltipla;Reta;Sim;2;0;1;0;1;0;1;2;-27,60336822;-48,5892617;SPRF-SC;DEL01-SC;UOP01-DEL01-SC;;;
717455;10/09/2025;quarta-feira;17:10:00;RS;153;53,2;ERECHIM;Condutor deixou de manter dist�ncia do ve�culo da frente;Colis�o traseira;Com V�timas Feridas;Pleno dia;Decrescente;C�u Claro;Simples;Reta;N�o;3;0;2;0;1;0;2;3;-27,6658023;-52,2889469;SPRF-RS;DEL08-RS;UOP04-DEL08-RS;;;
717456;10/09/2025;quarta-feira;17:50:00;RS;116;517;PELOTAS;Desrespeitar a prefer�ncia no cruzamento;Colis�o transversal;Sem V�timas;Anoitecer;Crescente;C�u Claro;M�ltipla;"Interse��o de Vias;Rotat�ria;Viaduto";Sim;2;0;0;0;2;0;0;2;-31,678746;-52,3413875;SPRF-RS;DEL07-RS;UOP01-DEL07-RS;;;
717457;10/09/2025;quarta-feira;17:15:00;MG;381;520;IGARAPE;Rea��o tardia ou ineficiente do condutor;Tombamento;Com V�timas Feridas;Anoitecer;Decrescente;C�u Claro;Dupla;Reta;N�o;1;0;1;0;0;0;1;1;-20,11189021;-44,31000559;SPRF-MG;DEL01-MG;UOP03-DEL01-MG;;;
717459;10/09/2025;quarta-feira;13:10:00;SC;470;333,8;CAMPOS NOVOS;Mal s�bito do condutor;Tombamento;Com V�timas Fatais;Pleno dia;Decrescente;Sol;Simples;"Aclive;Reta";N�o;1;1;0;0;0;0;0;1;-27,491247;-51,330381;SPRF-SC;DEL07-SC;UOP06-DEL07-SC;;;
717460;10/09/2025;quarta-feira;17:45:00;MA;135;14;SAO LUIS;Demais falhas na via;Tombamento;Com V�timas Feridas;Pleno dia;Decrescente;C�u Claro;Dupla;Reta;Sim;1;0;0;1;0;0;1;1;-2,57672626;-44,35321362;SPRF-MA;DEL01-MA;UOP01-DEL01-MA;;;
717461;10/09/2025;quarta-feira;18:00:00;PR;376;4;APUCARANA;Acessar a via sem observar a presen�a dos outros ve�culos;Colis�o transversal;Com V�timas Feridas;Anoitecer;Decrescente;C�u Claro;Simples;Reta;Sim;2;0;1;0;1;0;1;2;-23,55462463;-51,44520879;SPRF-PR;DEL07-PR;UOP03-DEL07-PR;;;
717462;10/09/2025;quarta-feira;17:05:00;MG;40;513;RIBEIRAO DAS NEVES;Ingest�o de �lcool pelo condutor;Engavetamento;Com V�timas Feridas;Pleno dia;Decrescente;C�u Claro;Dupla;"Reta;Declive";N�o;4;0;1;0;2;1;1;3;-19,7991861;-44,1039989;SPRF-MG;DEL01-MG;UOP02-DEL01-MG;;;
717465;10/09/2025;quarta-feira;18:20:00;RN;101;104;PARNAMIRIM;Manobra de mudan�a de faixa;Colis�o lateral mesmo sentido;Com V�timas Feridas;Plena Noite;Decrescente;C�u Claro;Dupla;Interse��o de Vias;Sim;2;0;1;0;1;0;1;2;-5,893137;-35,25733;SPRF-RN;DEL01-RN;UOP01-DEL01-RN;;;
717466;10/09/2025;quarta-feira;18:10:00;SC;101;146,5;ITAPEMA;Manobra de mudan�a de faixa;Colis�o lateral mesmo sentido;Com V�timas Feridas;Anoitecer;Decrescente;C�u Claro;Dupla;Reta;N�o;2;0;1;0;1;0;1;2;-27,08855912;-48,61245275;SPRF-SC;DEL04-SC;UOP03-DEL04-SC;;;
717467;10/09/2025;quarta-feira;18:40:00;SC;101;203,2;SAO JOSE;Manobra de mudan�a de faixa;Colis�o lateral mesmo sentido;Com V�timas Feridas;Plena Noite;Crescente;C�u Claro;Dupla;Reta;Sim;2;0;0;1;0;1;1;2;-27,566775;-48,614177;SPRF-SC;DEL01-SC;UOP01-DEL01-SC;;;
717468;10/09/2025;quarta-feira;18:20:00;ES;101;142,3;LINHARES;Manobra de mudan�a de faixa;Colis�o traseira;Com V�timas Feridas;Plena Noite;Crescente;C�u Claro;Dupla;Reta;Sim;3;0;1;0;2;0;1;2;-19,340733;-40,064766;SPRF-ES;DEL04-ES;UOP01-DEL04-ES;;;
717469;10/09/2025;quarta-feira;17:40:00;BA;324;598;SIMOES FILHO;Acessar a via sem observar a presen�a dos outros ve�culos;Atropelamento de Pedestre;Com V�timas Fatais;Plena Noite;Crescente;C�u Claro;Dupla;Reta;N�o;2;1;0;0;0;1;0;2;-12,7428138;-38,43740836;SPRF-BA;DEL01-BA;UOP01-DEL01-BA;;;
717472;10/09/2025;quarta-feira;18:55:00;RJ;101;320;NITEROI;Aus�ncia de rea��o do condutor;Colis�o traseira;Com V�timas Feridas;Plena Noite;Crescente;C�u Claro;Dupla;Reta;Sim;2;0;1;0;1;0;1;2;-22,86719272;-43,109105;SPRF-RJ;DEL02-RJ;UOP01-DEL02-RJ;;;
717473;10/09/2025;quarta-feira;19:05:00;PR;277;589,9;CASCAVEL;Condutor deixou de manter dist�ncia do ve�culo da frente;Colis�o traseira;Com V�timas Feridas;Plena Noite;Crescente;C�u Claro;Simples;"Reta;Viaduto";Sim;6;0;2;1;3;0;3;2;-24,98;-53,453;SPRF-PR;DEL04-PR;UOP01-DEL04-PR;;;
717474;10/09/2025;quarta-feira;18:05:00;SC;116;23,4;ITAIOPOLIS;Velocidade Incompat�vel;Colis�o com objeto;Com V�timas Feridas;Anoitecer;Decrescente;C�u Claro;Simples;"Interse��o de Vias;Declive";N�o;1;0;1;0;0;0;1;1;-26,27057865;-49,9192425;SPRF-SC;DEL06-SC;UOP01-DEL06-SC;;;
717475;10/09/2025;quarta-feira;18:45:00;PR;369;172;ROLANDIA;Convers�o proibida;Colis�o transversal;Com V�timas Feridas;Anoitecer;Decrescente;Nublado;Simples;Reta;Sim;2;0;0;1;0;1;1;2;-23,304842;-51,360142;SPRF-PR;DEL07-PR;UOP01-DEL07-PR;;;
717476;10/09/2025;quarta-feira;19:35:00;GO;60;93;ANAPOLIS;Ingest�o de �lcool pelo condutor;Sa�da de leito carro��vel;Sem V�timas;Plena Noite;Decrescente;C�u Claro;Dupla;Reta;Sim;1;0;0;0;1;0;0;1;-16,353451;-48,920444;SPRF-GO;DEL02-GO;UOP01-DEL02-GO;;;
717477;10/09/2025;quarta-feira;18:50:00;PR;277;593,3;CASCAVEL;Manobra de mudan�a de faixa;Colis�o traseira;Com V�timas Feridas;Plena Noite;Crescente;C�u Claro;Simples;Reta;Sim;2;0;1;0;1;0;1;2;-24,98001882;-53,4857583;SPRF-PR;DEL04-PR;UOP01-DEL04-PR;;;