id;data_inversa;dia_semana;horario;uf;br;km;municipio;causa_acidente;tipo_acidente;classificacao_acidente;fase_dia;sentido_via;condicao_metereologica;tipo_pista;tracado_via;uso_solo;pessoas;mortos;feridos_leves;feridos_graves;ilesos;ignorados;feridos;veiculos;latitude;longitude;regional;delegacia;uop;;;
717479;09/09/2025;ter�a-feira;10:00:00;RJ;116;232;PIRAI;Demais falhas mec�nicas ou el�tricas;Queda de ocupante de ve�culo;Com V�timas Feridas;Pleno dia;Decrescente;C�u Claro;Dupla;Curva;N�o;1;0;1;0;0;0;1;1;-22,67334176;-43,83471785;SPRF-RJ;DEL07-RJ;UOP01-DEL07-RJ;;;
717480;10/09/2025;quarta-feira;19:10:00;MA;10;256,2;IMPERATRIZ;Convers�o proibida;Colis�o transversal;Com V�timas Feridas;Plena Noite;Crescente;C�u Claro;Simples;Reta;Sim;2;0;1;0;1;0;1;2;-5,49708861;-47,47193456;SPRF-MA;DEL04-MA;UOP01-DEL04-MA;;;
717483;10/09/2025;quarta-feira;19:30:00;RS;116;658,5;JAGUARAO;Acessar a via sem observar a presen�a dos outros ve�culos;Colis�o transversal;Com V�timas Feridas;Plena Noite;Decrescente;C�u Claro;Dupla;Interse��o de Vias;Sim;2;0;1;0;1;0;1;2;-32,56402615;-53,38224499;SPRF-RS;DEL07-RS;UOP03-DEL07-RS;;;
717485;10/09/2025;quarta-feira;18:20:00;RN;427;1,3;CURRAIS NOVOS;Acessar a via sem observar a presen�a dos outros ve�culos;Colis�o transversal;Com V�timas Feridas;Plena Noite;Decrescente;C�u Claro;Simples;"Interse��o de Vias;Reta";Sim;2;0;1;0;1;0;1;2;-6,277551;-36,522524;SPRF-RN;DEL03-RN;UOP02-DEL03-RN;;;
717487;10/09/2025;quarta-feira;19:00:00;MS;262;319,5;CAMPO GRANDE;Acessar a via sem observar a presen�a dos outros ve�culos;Colis�o transversal;Com V�timas Feridas;Plena Noite;Crescente;C�u Claro;Simples;Reta;N�o;3;0;0;1;1;1;1;3;-20,47;-54,472;SPRF-MS;DEL01-MS;UOP01-DEL01-MS;;;
717489;10/09/2025;quarta-feira;12:40:00;MT;163;729,8;SORRISO;Demais falhas mec�nicas ou el�tricas;Atropelamento de Pedestre;Com V�timas Fatais;Pleno dia;Decrescente;C�u Claro;Simples;"Reta;Em Obras";N�o;4;2;0;1;1;0;1;2;-12,838875;-55,824207;SPRF-MT;DEL06-MT;UOP01-DEL06-MT;;;
717490;10/09/2025;quarta-feira;20:30:00;SC;101;222,7;PALHOCA;Ultrapassagem Indevida;Tombamento;Com V�timas Feridas;Plena Noite;Crescente;C�u Claro;Dupla;Reta;N�o;2;0;2;0;0;0;2;1;-27,71394932;-48,64995925;SPRF-SC;DEL01-SC;UOP02-DEL01-SC;;;
717491;10/09/2025;quarta-feira;20:17:00;RS;116;295;GUAIBA;Estacionar ou parar em local proibido;Colis�o traseira;Com V�timas Feridas;Plena Noite;Decrescente;C�u Claro;Dupla;Reta;N�o;3;0;1;0;2;0;1;2;-30,07727678;-51,34129643;SPRF-RS;DEL02-RS;UOP01-DEL02-RS;;;
717494;08/08/2025;sexta-feira;18:10:00;PR;277;68;SAO JOSE DOS PINHAIS;Chuva;Tombamento;Com V�timas Feridas;Pleno dia;Decrescente;Chuva;Dupla;Reta;N�o;4;0;2;0;2;0;2;3;-25,52206399;-49,10583302;SPRF-PR;DEL01-PR;UOP01-DEL01-PR;;;
717495;10/09/2025;quarta-feira;16:15:00;RJ;495;0,1;TERESOPOLIS;Acessar a via sem observar a presen�a dos outros ve�culos;Colis�o transversal;Com V�timas Feridas;Pleno dia;Decrescente;C�u Claro;Simples;"Reta;Rotat�ria";N�o;2;0;1;0;1;0;1;2;-22,406;-42,967;SPRF-RJ;DEL04-RJ;UOP01-DEL04-RJ;;;
717497;10/09/2025;quarta-feira;20:30:00;PR;277;716;SANTA TEREZINHA DE ITAIPU;Ingest�o de �lcool pelo condutor;Sa�da de leito carro��vel;Sem V�timas;Plena Noite;Decrescente;C�u Claro;Dupla;Reta;N�o;1;0;0;0;1;0;0;1;-25,467183;-54,456433;SPRF-PR;DEL05-PR;UOP01-DEL05-PR;;;
717498;10/09/2025;quarta-feira;20:30:00;SP;381;36;ATIBAIA;Demais falhas na via;Colis�o transversal;Com V�timas Feridas;Plena Noite;Crescente;C�u Claro;Dupla;Curva;Sim;2;0;1;0;1;0;1;2;-23,09545299;-46,57277294;SPRF-SP;DEL03-SP;UOP01-DEL03-SP;;;
717499;10/09/2025;quarta-feira;21:10:00;MG;116;636;DIVINO;Condutor Dormindo;Tombamento;Com V�timas Feridas;Plena Noite;Crescente;C�u Claro;Simples;Reta;N�o;1;0;0;1;0;0;1;1;-20,63681601;-42,2357142;SPRF-MG;DEL07-MG;UOP02-DEL07-MG;;;
717501;10/09/2025;quarta-feira;17:10:00;PI;343;341;TERESINA;Aus�ncia de rea��o do condutor;Atropelamento de Pedestre;Com V�timas Feridas;Pleno dia;Decrescente;Sol;Dupla;Curva;Sim;2;0;0;1;1;0;1;2;-5,07764;-42,74602;SPRF-PI;DEL01-PI;UOP01-DEL01-PI;;;
717503;10/09/2025;quarta-feira;19:10:00;PR;277;726;FOZ DO IGUACU;Acessar a via sem observar a presen�a dos outros ve�culos;Queda de ocupante de ve�culo;Com V�timas Feridas;Plena Noite;Crescente;C�u Claro;Dupla;Reta;N�o;2;0;2;0;0;0;2;1;-25,51100462;-54,54949792;SPRF-PR;DEL05-PR;UOP03-DEL05-PR;;;
717504;10/09/2025;quarta-feira;21:45:00;MA;316;547,2;CAXIAS;Animais na Pista;Atropelamento de Animal;Com V�timas Feridas;Plena Noite;Crescente;C�u Claro;Simples;Reta;N�o;1;0;1;0;0;0;1;1;-4,88041;-43,386238;SPRF-MA;DEL03-MA;UOP02-DEL03-MA;;;
717507;10/09/2025;quarta-feira;18:35:00;PE;232;332;CUSTODIA;Ingest�o de �lcool pelo condutor;Eventos at�picos;Com V�timas Feridas;Plena Noite;Decrescente;C�u Claro;Simples;Reta;Sim;2;0;1;1;0;0;2;2;-8,08849;-37,63216;SPRF-PE;DEL04-PE;UOP02-DEL04-PE;;;
717508;10/09/2025;quarta-feira;18:00:00;MG;381;486;BETIM;Rea��o tardia ou ineficiente do condutor;Colis�o traseira;Com V�timas Feridas;Plena Noite;Crescente;C�u Claro;Simples;Reta;Sim;2;0;0;1;1;0;1;2;-19,954982;-44,116862;SPRF-MG;DEL01-MG;UOP03-DEL01-MG;;;
717510;10/09/2025;quarta-feira;21:20:00;PR;376;168;MARINGA;Demais falhas mec�nicas ou el�tricas;Colis�o traseira;Com V�timas Feridas;Pleno dia;Decrescente;C�u Claro;Dupla;Reta;N�o;3;0;1;0;2;0;1;2;-23,393382;-52,009509;SPRF-PR;DEL09-PR;UOP01-DEL09-PR;;;
717511;28/07/2025;segunda-feira;10:50:00;TO;153;315;GUARAI;Transitar na contram�o;Colis�o frontal;Com V�timas Feridas;Pleno dia;Crescente;C�u Claro;Simples;Reta;N�o;3;0;0;1;1;1;1;3;-8,62718762;-48,48558426;SPRF-TO;DEL02-TO;UOP02-DEL02-TO;;;
717512;10/09/2025;quarta-feira;06:09:00;CE;116;27;AQUIRAZ;Manobra de mudan�a de faixa;Colis�o lateral mesmo sentido;Sem V�timas;Pleno dia;Decrescente;C�u Claro;Dupla;Reta;Sim;2;0;0;0;1;1;0;2;-3,990373;-38,51599;SPRF-CE;DEL01-CE;UOP02-DEL01-CE;;;
717513;10/09/2025;quarta-feira;19:25:00;GO;153;330,8;JARAGUA;Convers�o proibida;Colis�o lateral sentido oposto;Com V�timas Feridas;Plena Noite;Decrescente;C�u Claro;Simples;"Reta;Aclive";N�o;2;0;0;1;1;0;1;2;-15,53941323;-49,4396129;SPRF-GO;DEL02-GO;UOP02-DEL02-GO;;;
717517;10/09/2025;quarta-feira;23:00:00;PR;376;168;MARINGA;Aus�ncia de rea��o do condutor;Colis�o traseira;Com V�timas Feridas;Plena Noite;Decrescente;C�u Claro;Dupla;Reta;N�o;2;0;0;1;1;0;1;2;-23,394118;-52,008579;SPRF-PR;DEL09-PR;UOP01-DEL09-PR;;;
717519;10/09/2025;quarta-feira;19:03:00;GO;153;262;NOVA GLORIA;Acessar a via sem observar a presen�a dos outros ve�culos;Colis�o transversal;Com V�timas Feridas;Plena Noite;Decrescente;C�u Claro;Simples;Reta;N�o;2;0;1;0;1;0;1;2;-15,02403957;-49,42717105;SPRF-GO;DEL07-GO;UOP02-DEL07-GO;;;
717520;10/09/2025;quarta-feira;16:00:00;BA;324;621;SALVADOR;Condutor deixou de manter dist�ncia do ve�culo da frente;Colis�o traseira;Com V�timas Feridas;Pleno dia;Crescente;C�u Claro;Simples;Reta;N�o;3;0;1;0;2;0;1;2;-12,92475113;-38,46833892;SPRF-BA;DEL01-BA;UOP01-DEL01-BA;;;
717522;10/09/2025;quarta-feira;23:51:00;RJ;465;5;SEROPEDICA;Velocidade Incompat�vel;Colis�o transversal;Com V�timas Feridas;Plena Noite;Crescente;C�u Claro;Dupla;Reta;N�o;2;0;1;0;1;0;1;2;-22,74454692;-43,70227067;SPRF-RJ;DEL06-RJ;UOP02-DEL06-RJ;;;
717523;10/09/2025;quarta-feira;23:00:00;DF;20;10,8;BRASILIA;Entrada inopinada do pedestre;Atropelamento de Pedestre;Com V�timas Feridas;Plena Noite;Decrescente;C�u Claro;Dupla;Reta;Sim;2;0;0;1;1;0;1;2;-15,646862;-47,767272;SPRF-DF;DEL02-DF;UOP01-DEL02-DF;;;
717524;10/09/2025;quarta-feira;23:40:00;MG;40;410;CURVELO;Objeto est�tico sobre o leito carro��vel;Colis�o com objeto;Com V�timas Feridas;Plena Noite;Decrescente;C�u Claro;Simples;Reta;N�o;2;0;1;0;1;0;1;1;-19,0763997;-44,654827;SPRF-MG;DEL02-MG;UOP01-DEL02-MG;;;
717525;11/09/2025;quinta-feira;00:20:00;PE;423;96,2;GARANHUNS;Condutor Dormindo;Colis�o frontal;Sem V�timas;Plena Noite;Crescente;C�u Claro;Simples;Curva;Sim;2;0;0;0;2;0;0;2;-8,88196582;-36,48847103;SPRF-PE;DEL03-PE;UOP01-DEL03-PE;;;
717526;10/09/2025;quarta-feira;22:10:00;MG;116;702,5;MURIAE;Ingest�o de �lcool pelo condutor;Colis�o traseira;Com V�timas Feridas;Plena Noite;Decrescente;C�u Claro;Simples;Curva;Sim;3;0;1;0;2;0;1;3;-21,12706791;-42,38315541;SPRF-MG;DEL07-MG;UOP02-DEL07-MG;;;
717528;10/09/2025;quarta-feira;18:55:00;SC;280;14,7;SAO FRANCISCO DO SUL;Aus�ncia de rea��o do condutor;Atropelamento de Pedestre;Com V�timas Feridas;Plena Noite;Decrescente;Nublado;Simples;Reta;N�o;2;0;0;2;0;0;2;2;-26,335705;-48,653637;SPRF-SC;DEL03-SC;UOP03-DEL03-SC;;;
717530;10/09/2025;quarta-feira;22:40:00;SC;101;250,5;PAULO LOPES;Rea��o tardia ou ineficiente do condutor;Tombamento;Com V�timas Fatais;Plena Noite;Decrescente;C�u Claro;M�ltipla;"Reta;Aclive";Sim;1;1;0;0;0;0;0;1;-27,945731;-48,669579;SPRF-SC;DEL02-SC;UOP03-DEL02-SC;;;
717531;11/09/2025;quinta-feira;02:00:00;MG;116;409;GOVERNADOR VALADARES;Ultrapassagem Indevida;Colis�o com objeto;Com V�timas Feridas;Plena Noite;Crescente;C�u Claro;Dupla;Reta;Sim;1;0;0;1;0;0;1;1;-18,85804668;-41,97506905;SPRF-MG;DEL06-MG;UOP01-DEL06-MG;;;
717533;11/09/2025;quinta-feira;02:45:00;MT;364;277;JACIARA;Rea��o tardia ou ineficiente do condutor;Colis�o com objeto;Com V�timas Feridas;Plena Noite;Crescente;C�u Claro;Dupla;"Reta;Aclive";N�o;3;0;1;0;2;0;1;1;-15,94813455;-55,00305077;SPRF-MT;DEL05-MT;UOP02-DEL05-MT;;;
717534;01/08/2025;sexta-feira;22:20:00;AL;316;155;PALMEIRA DOS INDIOS;Manobra de mudan�a de faixa;Colis�o lateral sentido oposto;Sem V�timas;Plena Noite;Decrescente;Nublado;Simples;Reta;Sim;3;0;0;0;3;0;0;3;-9,422872;-36,627245;SPRF-AL;DEL03-AL;UOP01-DEL03-AL;;;
717535;11/09/2025;quinta-feira;03:42:00;MT;163;823;SINOP;Ingest�o de �lcool pelo condutor;Colis�o traseira;Com V�timas Feridas;Plena Noite;Decrescente;C�u Claro;Dupla;Reta;Sim;2;0;0;1;1;0;1;2;-11,96368697;-55,51695295;SPRF-MT;DEL06-MT;UOP02-DEL06-MT;;;
717540;10/09/2025;quarta-feira;22:40:00;RJ;101;278;TANGUA;Acessar a via sem observar a presen�a dos outros ve�culos;Colis�o frontal;Com V�timas Fatais;Plena Noite;Decrescente;C�u Claro;Dupla;Curva;N�o;2;1;0;0;1;0;0;2;-22,73945655;-42,74368286;SPRF-RJ;DEL02-RJ;UOP03-DEL02-RJ;;;
717543;10/09/2025;quarta-feira;21:00:00;BA;101;445;UBAITABA;Velocidade Incompat�vel;Sa�da de leito carro��vel;Com V�timas Feridas;Plena Noite;Decrescente;C�u Claro;Simples;Curva;N�o;1;0;1;0;0;0;1;1;-14,31307;-39,31368;SPRF-BA;DEL05-BA;UOP01-DEL05-BA;;;
717546;11/09/2025;quinta-feira;05:40:00;MG;50;43,8;ARAGUARI;Aus�ncia de rea��o do condutor;Atropelamento de Pedestre;Com V�timas Fatais;Amanhecer;Crescente;C�u Claro;Dupla;"Reta;Declive";N�o;2;1;0;0;0;1;0;2;-18,70535847;-48,19049835;SPRF-MG;DEL15-MG;UOP02-DEL15-MG;;;
717547;11/09/2025;quinta-feira;07:20:00;GO;40;2;VALPARAISO DE GOIAS;Entrada inopinada do pedestre;Colis�o lateral mesmo sentido;Com V�timas Feridas;Pleno dia;Decrescente;C�u Claro;Dupla;Reta;Sim;4;0;1;0;3;0;1;3;-16,067556;-47,984416;SPRF-DF;DEL01-DF;UOP01-DEL01-DF;;;
717548;11/09/2025;quinta-feira;06:45:00;DF;20;12,4;BRASILIA;Manobra de mudan�a de faixa;Colis�o lateral mesmo sentido;Com V�timas Feridas;Pleno dia;Decrescente;C�u Claro;M�ltipla;"Reta;Em Obras";Sim;2;0;1;0;1;0;1;2;-15,64121617;-47,75480853;SPRF-DF;DEL02-DF;UOP01-DEL02-DF;;;
717549;11/09/2025;quinta-feira;07:10:00;RJ;465;3;SEROPEDICA;Acesso irregular;Colis�o transversal;Com V�timas Feridas;Pleno dia;Crescente;C�u Claro;Simples;Reta;Sim;2;0;1;0;1;0;1;2;-22,73147561;-43,71461788;SPRF-RJ;DEL06-RJ;UOP02-DEL06-RJ;;;
717550;11/09/2025;quinta-feira;07:20:00;PR;163;280;MARECHAL CANDIDO RONDON;Rea��o tardia ou ineficiente do condutor;Colis�o traseira;Sem V�timas;Pleno dia;Decrescente;C�u Claro;Dupla;Curva;N�o;2;0;0;0;2;0;0;2;-24,56862;-54,03391;SPRF-PR;DEL06-PR;UOP02-DEL06-PR;;;
717552;11/09/2025;quinta-feira;07:00:00;PR;376;180,9;MARINGA;Rea��o tardia ou ineficiente do condutor;Colis�o traseira;Com V�timas Feridas;Pleno dia;Decrescente;C�u Claro;Dupla;Reta;Sim;2;0;1;0;1;0;1;2;-23,42611273;-51,89703075;SPRF-PR;DEL09-PR;UOP01-DEL09-PR;;;
717553;11/09/2025;quinta-feira;07:05:00;RN;304;293;MACAIBA;Manobra de mudan�a de faixa;Colis�o lateral mesmo sentido;Com V�timas Feridas;Pleno dia;Crescente;C�u Claro;Dupla;"Reta;Interse��o de Vias;Em Obras";N�o;3;0;1;0;2;0;1;2;-5,867813;-35,3748182;SPRF-RN;DEL01-RN;UOP02-DEL01-RN;;;
717554;11/09/2025;quinta-feira;06:50:00;CE;116;17;EUSEBIO;Condutor deixou de manter dist�ncia do ve�culo da frente;Colis�o traseira;Com V�timas Feridas;Pleno dia;Crescente;C�u Claro;Dupla;Reta;N�o;2;0;1;0;1;0;1;2;-3,89839525;-38,50339858;SPRF-CE;DEL01-CE;UOP02-DEL01-CE;;;
717556;11/09/2025;quinta-feira;07:40:00;RS;290;95;PORTO ALEGRE;Condutor deixou de manter dist�ncia do ve�culo da frente;Engavetamento;Com V�timas Feridas;Pleno dia;Crescente;C�u Claro;M�ltipla;Reta;Sim;5;0;3;0;2;0;3;3;-29,99094404;-51,20445264;SPRF-RS;DEL01-RS;UOP01-DEL01-RS;;;
717557;11/09/2025;quinta-feira;07:30:00;MG;381;447;BELO HORIZONTE;Acesso irregular;Colis�o transversal;Com V�timas Feridas;Pleno dia;Crescente;C�u Claro;Simples;Reta;N�o;2;0;1;0;1;0;1;2;-19,84034473;-43,87581861;SPRF-MG;DEL01-MG;UOP01-DEL01-MG;;;
717560;11/09/2025;quinta-feira;08:20:00;PR;376;174;MARINGA;Pedestre cruzava a pista fora da faixa;Atropelamento de Pedestre;Com V�timas Feridas;Pleno dia;Crescente;C�u Claro;M�ltipla;Reta;Sim;2;0;2;0;0;0;2;2;-23,41601516;-51,95223058;SPRF-PR;DEL09-PR;UOP01-DEL09-PR;;;
717562;11/09/2025;quinta-feira;06:30:00;MG;40;436;PARAOPEBA;Condutor Dormindo;Colis�o com objeto;Sem V�timas;Pleno dia;Decrescente;C�u Claro;Simples;Reta;N�o;2;0;0;0;2;0;0;1;-19,23030868;-44,43668816;SPRF-MG;DEL02-MG;UOP01-DEL02-MG;;;
717563;11/09/2025;quinta-feira;08:10:00;PR;369;195;ARAPONGAS;Rea��o tardia ou ineficiente do condutor;Colis�o com objeto;Com V�timas Feridas;Pleno dia;Decrescente;C�u Claro;Dupla;Reta;N�o;1;0;1;0;0;0;1;1;-23,49671;-51,423315;SPRF-PR;DEL07-PR;UOP03-DEL07-PR;;;
717566;11/09/2025;quinta-feira;08:00:00;MG;40;515;RIBEIRAO DAS NEVES;Acesso irregular;Colis�o lateral mesmo sentido;Com V�timas Feridas;Pleno dia;Crescente;C�u Claro;Dupla;"Reta;Declive";N�o;2;0;1;0;1;0;1;2;-19,81489222;-44,09130547;SPRF-MG;DEL01-MG;UOP02-DEL01-MG;;;
717567;11/09/2025;quinta-feira;06:50:00;MG;40;800,1;MATIAS BARBOSA;Aus�ncia de rea��o do condutor;Sa�da de leito carro��vel;Com V�timas Feridas;Pleno dia;Crescente;Nublado;Dupla;"Curva;Declive";N�o;1;0;0;1;0;0;1;1;-21,82971153;-43,37346554;SPRF-MG;DEL05-MG;UOP01-DEL05-MG;;;
717568;11/09/2025;quinta-feira;09:00:00;SC;101;43;JOINVILLE;Condutor deixou de manter dist�ncia do ve�culo da frente;Colis�o traseira;Com V�timas Feridas;Pleno dia;Crescente;C�u Claro;M�ltipla;Reta;Sim;2;0;1;0;1;0;1;2;-26,33611131;-48,85982601;SPRF-SC;DEL03-SC;UOP01-DEL03-SC;;;
717569;22/08/2025;sexta-feira;06:20:00;PR;277;725;FOZ DO IGUACU;Acesso irregular;Colis�o transversal;Com V�timas Feridas;Amanhecer;Decrescente;C�u Claro;Dupla;Reta;Sim;3;0;3;0;0;0;3;2;-25,50694546;-54,54436612;SPRF-PR;DEL05-PR;UOP03-DEL05-PR;;;
717570;04/09/2025;quinta-feira;19:40:00;PR;277;75;SAO JOSE DOS PINHAIS;Avarias e/ou desgaste excessivo no pneu;Queda de ocupante de ve�culo;Com V�timas Feridas;Plena Noite;Decrescente;Ignorado;Dupla;Reta;Sim;2;0;2;0;0;0;2;1;-25,49304077;-49,17003505;SPRF-PR;DEL01-PR;UOP07-DEL01-PR;;;
717571;11/09/2025;quinta-feira;05:37:00;MG;365;161,7;PIRAPORA;Acessar a via sem observar a presen�a dos outros ve�culos;Atropelamento de Pedestre;Com V�timas Fatais;Pleno dia;Crescente;C�u Claro;Simples;Reta;Sim;2;1;0;0;1;0;0;2;-17,36057561;-44,91873687;SPRF-MG;DEL10-MG;UOP02-DEL010-MG;;;
717572;11/09/2025;quinta-feira;06:00:00;MG;381;391;BOM JESUS DO AMPARO;Velocidade Incompat�vel;Sa�da de leito carro��vel;Com V�timas Feridas;Amanhecer;Decrescente;C�u Claro;Dupla;"Curva;Aclive";Sim;1;0;0;1;0;0;1;1;-19,76153398;-43,46122742;SPRF-MG;DEL01-MG;UOP01-DEL01-MG;;;
717573;11/09/2025;quinta-feira;09:30:00;MG;381;509;SAO JOAQUIM DE BICAS;Aus�ncia de rea��o do condutor;Tombamento;Com V�timas Feridas;Pleno dia;Decrescente;Sol;Dupla;Curva;Sim;1;0;1;0;0;0;1;1;-20,05445606;-44,28398833;SPRF-MG;DEL01-MG;UOP03-DEL01-MG;;;
717574;11/09/2025;quinta-feira;09:15:00;ES;101;340,7;GUARAPARI;Rea��o tardia ou ineficiente do condutor;Sa�da de leito carro��vel;Com V�timas Feridas;Pleno dia;Decrescente;C�u Claro;Dupla;Reta;N�o;2;0;1;1;0;0;2;1;-20,6507953;-40,569761;SPRF-ES;DEL03-ES;UOP01-DEL03-ES;;;
717575;11/09/2025;quinta-feira;06:45:00;PE;232;181,5;BELO JARDIM;Animais na Pista;Atropelamento de Animal;Com V�timas Feridas;Pleno dia;Crescente;Nublado;Simples;Reta;Sim;2;0;1;1;0;0;2;1;-8,346125;-36,43728;SPRF-PE;DEL03-PE;UOP02-DEL03-PE;;;
717576;11/09/2025;quinta-feira;07:02:00;RS;470;211;BENTO GONCALVES;Rea��o tardia ou ineficiente do condutor;Colis�o lateral sentido oposto;Com V�timas Feridas;Pleno dia;Decrescente;C�u Claro;Simples;"Curva;Declive";N�o;4;0;0;2;2;0;2;4;-29,13651002;-51,54469156;SPRF-RS;DEL06-RS;UOP01-DEL06-RS;;;
717579;11/09/2025;quinta-feira;09:20:00;PR;469;16;FOZ DO IGUACU;Demais falhas mec�nicas ou el�tricas;Inc�ndio;Sem V�timas;Pleno dia;Crescente;C�u Claro;Simples;Reta;Sim;1;0;0;0;1;0;0;1;-25,5935735;-54,5139791;SPRF-PR;DEL05-PR;UOP04-DEL05-PR;;;
717580;11/09/2025;quinta-feira;07:30:00;RO;364;11,3;VILHENA;Acessar a via sem observar a presen�a dos outros ve�culos;Colis�o transversal;Com V�timas Feridas;Pleno dia;Decrescente;C�u Claro;Dupla;Rotat�ria;Sim;2;0;1;0;1;0;1;2;-12,74572075;-60,11520982;SPRF-RO;DEL04-RO;UOP01-DEL04-RO;;;
717581;11/09/2025;quinta-feira;08:30:00;MG;40;523;CONTAGEM;Condutor deixou de manter dist�ncia do ve�culo da frente;Colis�o traseira;Com V�timas Feridas;Pleno dia;Crescente;C�u Claro;Dupla;Reta;N�o;3;0;1;0;2;0;1;2;-19,8687683;-44,0599823;SPRF-MG;DEL01-MG;UOP02-DEL01-MG;;;
717583;11/09/2025;quinta-feira;09:50:00;DF;20;17;BRASILIA;Aus�ncia de rea��o do condutor;Colis�o traseira;Sem V�timas;Pleno dia;Crescente;C�u Claro;Dupla;Aclive;N�o;3;0;0;0;3;0;0;2;-15,64;-47,753;SPRF-DF;DEL02-DF;UOP01-DEL02-DF;;;
717584;11/09/2025;quinta-feira;09:15:00;RS;116;146;CAXIAS DO SUL;Aus�ncia de rea��o do condutor;Colis�o traseira;Com V�timas Feridas;Pleno dia;Crescente;Sol;Dupla;"Interse��o de Vias;Reta";Sim;2;0;1;0;1;0;1;2;-29,142865;-51,137229;SPRF-RS;DEL05-RS;UOP01-DEL05-RS;;;
717585;03/09/2025;quarta-feira;13:00:00;MS;463;18;DOURADOS;Rea��o tardia ou ineficiente do condutor;Colis�o com objeto;Com V�timas Feridas;Pleno dia;Crescente;C�u Claro;Simples;Rotat�ria;N�o;2;0;1;0;0;1;1;2;-22,24850271;-54,9704024;SPRF-MS;DEL04-MS;UOP03-DEL04-MS;;;
717586;11/09/2025;quinta-feira;09:45:00;MG;364;37,1;FRUTAL;Ultrapassagem Indevida;Sa�da de leito carro��vel;Com V�timas Feridas;Pleno dia;Decrescente;C�u Claro;Simples;Reta;N�o;3;0;2;0;1;0;2;1;-19,97972;-48,958761;SPRF-MG;DEL13-MG;UOP02-DEL13-MG;;;
717590;23/06/2025;segunda-feira;22:00:00;SC;282;579,1;PINHALZINHO;Entrada inopinada do pedestre;Atropelamento de Pedestre;Com V�timas Fatais;Plena Noite;Crescente;C�u Claro;Simples;Reta;Sim;2;1;0;0;1;0;0;2;-26,8438768;-52,9819678;SPRF-SC;DEL07-SC;UOP02-DEL07-SC;;;
717591;11/09/2025;quinta-feira;08:20:00;RO;319;141;PORTO VELHO;Acessar a via sem observar a presen�a dos outros ve�culos;Colis�o transversal;Com V�timas Feridas;Pleno dia;Crescente;C�u Claro;Dupla;Rotat�ria;Sim;2;0;1;0;1;0;1;2;-8,740181;-63,890232;SPRF-RO;DEL01-RO;UOP01-DEL01-RO;;;
717593;11/09/2025;quinta-feira;09:40:00;SC;101;128;CAMBORIU;Condutor deixou de manter dist�ncia do ve�culo da frente;Colis�o traseira;Sem V�timas;Pleno dia;Decrescente;C�u Claro;Dupla;"Reta;Aclive";N�o;2;0;0;0;2;0;0;2;-26,97447462;-48,6826143;SPRF-SC;DEL04-SC;UOP04-DEL04-SC;;;
717597;11/09/2025;quinta-feira;10:35:00;SC;101;333,7;TUBARAO;Desrespeitar a prefer�ncia no cruzamento;Colis�o transversal;Com V�timas Feridas;Pleno dia;Decrescente;C�u Claro;M�ltipla;Interse��o de Vias;Sim;2;0;1;0;1;0;1;2;-28,46966274;-49,01504159;SPRF-SC;DEL02-SC;UOP01-DEL02-SC;;;
717599;11/09/2025;quinta-feira;10:40:00;BA;324;612;SALVADOR;Demais falhas mec�nicas ou el�tricas;Inc�ndio;Sem V�timas;Pleno dia;Crescente;C�u Claro;Dupla;Reta;N�o;1;0;0;0;1;0;0;1;-12,861857;-38,422665;SPRF-BA;DEL01-BA;UOP01-DEL01-BA;;;
717600;11/09/2025;quinta-feira;11:45:00;SC;101;179;GOVERNADOR CELSO RAMOS;Rea��o tardia ou ineficiente do condutor;Colis�o com objeto;Com V�timas Feridas;Pleno dia;Decrescente;C�u Claro;Dupla;Reta;N�o;1;0;1;0;0;0;1;1;-27,37229;-48,63323;SPRF-SC;DEL01-SC;UOP01-DEL01-SC;;;
717601;11/09/2025;quinta-feira;07:00:00;PR;163;217,9;CASCAVEL;Aus�ncia de rea��o do condutor;Sa�da de leito carro��vel;Com V�timas Feridas;Pleno dia;Decrescente;C�u Claro;Dupla;Curva;N�o;3;0;2;0;1;0;2;1;-24,8668;-53,57381;SPRF-PR;DEL04-PR;UOP01-DEL04-PR;;;
717602;11/09/2025;quinta-feira;11:50:00;RS;386;138;SARANDI;Aus�ncia de rea��o do condutor;Colis�o traseira;Com V�timas Feridas;Pleno dia;Crescente;C�u Claro;Simples;"Reta;Aclive";Sim;2;0;1;0;1;0;1;2;-27,9553822;-52,921902;SPRF-RS;DEL08-RS;UOP01-DEL08-RS;;;
717603;01/09/2025;segunda-feira;19:30:00;BA;324;516,5;FEIRA DE SANTANA;Aus�ncia de rea��o do condutor;Colis�o traseira;Com V�timas Feridas;Plena Noite;Crescente;C�u Claro;Simples;Reta;Sim;2;0;1;0;1;0;1;2;-12,25352008;-38,93266976;SPRF-BA;DEL02-BA;UOP01-DEL02-BA;;;
717606;11/09/2025;quinta-feira;10:40:00;RS;158;330;SANTA MARIA;Manobra de mudan�a de faixa;Colis�o lateral mesmo sentido;Com V�timas Feridas;Pleno dia;Crescente;C�u Claro;Dupla;"Rotat�ria;Interse��o de Vias";Sim;5;0;1;0;4;0;1;2;-29,700766;-53,84114;SPRF-RS;DEL09-RS;UOP01-DEL09-RS;;;