id;data_inversa;dia_semana;horario;uf;br;km;municipio;causa_acidente;tipo_acidente;classificacao_acidente;fase_dia;sentido_via;condicao_metereologica;tipo_pista;tracado_via;uso_solo;pessoas;mortos;feridos_leves;feridos_graves;ilesos;ignorados;feridos;veiculos;latitude;longitude;regional;delegacia;uop;;;
717608;11/09/2025;quinta-feira;11:25:00;RJ;40;43;AREAL;Aus�ncia de rea��o do condutor;Queda de ocupante de ve�culo;Com V�timas Feridas;Pleno dia;Decrescente;C�u Claro;Simples;"Aclive;Curva";Sim;1;0;1;0;0;0;1;1;-22,27111085;-43,10735819;SPRF-RJ;DEL05-RJ;UOP02-DEL05-RJ;;;
717609;20/08/2025;quarta-feira;17:40:00;GO;153;504;APARECIDA DE GOIANIA;Manobra de mudan�a de faixa;Tombamento;Com V�timas Feridas;Anoitecer;Crescente;C�u Claro;M�ltipla;Reta;Sim;1;0;1;0;0;0;1;1;-16,748034;-49,240959;SPRF-GO;DEL01-GO;UOP01-DEL01-GO;;;
717610;11/09/2025;quinta-feira;13:00:00;PR;277;83;SAO JOSE DOS PINHAIS;Aus�ncia de rea��o do condutor;Colis�o traseira;Com V�timas Feridas;Pleno dia;Crescente;C�u Claro;Simples;Declive;N�o;3;0;1;0;2;0;1;2;-25,55551258;-49,02960355;SPRF-PR;DEL01-PR;UOP03-DEL01-PR;;;
717611;11/09/2025;quinta-feira;12:20:00;PR;116;121,5;CURITIBA;Manobra de mudan�a de faixa;Colis�o traseira;Com V�timas Feridas;Pleno dia;Crescente;C�u Claro;Dupla;"Aclive;Reta";N�o;2;0;1;0;1;0;1;2;-25,59158248;-49,31550113;SPRF-PR;DEL01-PR;UOP03-DEL01-PR;;;
717613;11/09/2025;quinta-feira;11:30:00;RO;364;11;VILHENA;Convers�o proibida;Queda de ocupante de ve�culo;Com V�timas Feridas;Pleno dia;Crescente;C�u Claro;Dupla;Reta;Sim;2;0;0;1;1;0;1;2;-12,74404207;-60,11995554;SPRF-RO;DEL04-RO;UOP01-DEL04-RO;;;
717617;11/09/2025;quinta-feira;13:30:00;SC;470;254,7;CURITIBANOS;Transitar na contram�o;Colis�o lateral sentido oposto;Com V�timas Fatais;Pleno dia;Crescente;C�u Claro;Simples;Reta;N�o;5;1;2;0;2;0;2;4;-27,30943889;-50,63306808;SPRF-SC;DEL05-SC;UOP03-DEL05-SC;;;
717618;21/08/2025;quinta-feira;09:20:00;PR;369;202,5;APUCARANA;Acessar a via sem observar a presen�a dos outros ve�culos;Colis�o transversal;Com V�timas Feridas;Pleno dia;Crescente;C�u Claro;Simples;Reta;Sim;2;0;1;0;1;0;1;2;-23,54631388;-51,45249367;SPRF-PR;DEL07-PR;UOP03-DEL07-PR;;;
717619;11/09/2025;quinta-feira;14:00:00;MG;40;507,1;RIBEIRAO DAS NEVES;Rea��o tardia ou ineficiente do condutor;Colis�o traseira;Com V�timas Feridas;Pleno dia;Crescente;C�u Claro;Dupla;Reta;Sim;2;0;0;1;1;0;1;2;-19,75737;-44,13939;SPRF-MG;DEL02-MG;UOP01-DEL02-MG;;;
717620;11/09/2025;quinta-feira;14:00:00;RJ;116;136;MAGE;Demais falhas mec�nicas ou el�tricas;Inc�ndio;Sem V�timas;Pleno dia;Decrescente;C�u Claro;Dupla;Reta;Sim;1;0;0;0;1;0;0;1;-22,65139127;-43,16737425;SPRF-RJ;DEL04-RJ;UOP02-DEL04-RJ;;;
717621;11/09/2025;quinta-feira;13:30:00;RJ;40;45,6;PETROPOLIS;Acessar a via sem observar a presen�a dos outros ve�culos;Colis�o lateral mesmo sentido;Sem V�timas;Pleno dia;Decrescente;C�u Claro;Dupla;Reta;N�o;6;0;0;0;6;0;0;2;-22,2824796;-43,1192961;SPRF-RJ;DEL05-RJ;UOP02-DEL05-RJ;;;
717625;11/09/2025;quinta-feira;13:30:00;PB;230;171,8;CAMPINA GRANDE;Rea��o tardia ou ineficiente do condutor;Colis�o traseira;Com V�timas Feridas;Pleno dia;Decrescente;C�u Claro;Simples;Aclive;N�o;2;0;0;1;1;0;1;2;-7,180023;-35,99534;SPRF-PB;DEL02-PB;UOP02-DEL02-PB;;;
717626;11/09/2025;quinta-feira;14:10:00;RJ;101;333;RIO DE JANEIRO;Demais falhas mec�nicas ou el�tricas;Queda de ocupante de ve�culo;Com V�timas Feridas;Pleno dia;Crescente;C�u Claro;Dupla;"Reta;Ponte";N�o;2;0;1;0;1;0;1;1;-22,8787569;-43,2132386;SPRF-RJ;DEL02-RJ;UOP01-DEL02-RJ;;;
717628;11/09/2025;quinta-feira;13:05:00;BA;407;4;JUAZEIRO;Transitar no Acostamento;Colis�o transversal;Com V�timas Feridas;Pleno dia;Decrescente;C�u Claro;Dupla;"Reta;Em Obras";Sim;2;0;1;0;1;0;1;2;-9,44046414;-40,49370512;SPRF-PE;DEL06-PE;UOP01-DEL06-PE;;;
717632;11/09/2025;quinta-feira;14:00:00;MS;376;1;DOURADOS;Rea��o tardia ou ineficiente do condutor;Colis�o traseira;Sem V�timas;Pleno dia;Decrescente;C�u Claro;Simples;Rotat�ria;N�o;2;0;0;0;2;0;0;2;-22,19532699;-54,69240401;SPRF-MS;DEL04-MS;UOP01-DEL04-MS;;;
717633;11/09/2025;quinta-feira;09:30:00;MA;222;677;ACAILANDIA;Condutor deixou de manter dist�ncia do ve�culo da frente;Colis�o traseira;Sem V�timas;Pleno dia;Crescente;Sol;Simples;"Reta;Declive";Sim;2;0;0;0;2;0;0;2;-4,950076;-47,481336;SPRF-MA;DEL04-MA;UOP03-DEL04-MA;;;
717637;11/09/2025;quinta-feira;15:40:00;ES;101;221,2;IBIRACU;Demais falhas mec�nicas ou el�tricas;Tombamento;Com V�timas Feridas;Pleno dia;Crescente;Nublado;Simples;Reta;N�o;2;0;1;0;1;0;1;1;-19,867377;-40,402486;SPRF-ES;DEL02-ES;UOP01-DEL02-ES;;;
717640;11/09/2025;quinta-feira;15:30:00;SC;101;114;ITAJAI;Rea��o tardia ou ineficiente do condutor;Colis�o traseira;Com V�timas Feridas;Pleno dia;Crescente;C�u Claro;Dupla;Reta;Sim;2;0;0;1;1;0;1;2;-26,86826486;-48,73045336;SPRF-SC;DEL04-SC;UOP04-DEL04-SC;;;
717642;11/09/2025;quinta-feira;13:10:00;RS;285;365,2;SALDANHA MARINHO;Condutor Dormindo;Colis�o lateral sentido oposto;Com V�timas Feridas;Pleno dia;Crescente;Sol;Simples;"Reta;Declive";N�o;3;0;3;0;0;0;3;2;-28,38630353;-53,01640391;SPRF-RS;DEL08-RS;UOP03-DEL08-RS;;;
717643;11/09/2025;quinta-feira;14:50:00;PB;230;158;CAMPINA GRANDE;Acessar a via sem observar a presen�a dos outros ve�culos;Colis�o transversal;Com V�timas Feridas;Pleno dia;Crescente;Nublado;Simples;"Reta;Em Obras";Sim;2;0;2;0;0;0;2;2;-7,256199;-35,929032;SPRF-PB;DEL02-PB;UOP01-DEL02-PB;;;
717644;11/09/2025;quinta-feira;15:40:00;SP;381;66;MAIRIPORA;Aus�ncia de rea��o do condutor;Colis�o com objeto;Sem V�timas;Pleno dia;Crescente;C�u Claro;M�ltipla;Reta;N�o;1;0;0;0;1;0;0;1;-23,32454304;-46,58025026;SPRF-SP;DEL03-SP;UOP01-DEL03-SP;;;
717645;11/09/2025;quinta-feira;15:40:00;MG;354;735,5;POUSO ALTO;Acessar a via sem observar a presen�a dos outros ve�culos;Colis�o traseira;Com V�timas Feridas;Pleno dia;Decrescente;Sol;Simples;Reta;Sim;2;0;1;0;1;0;1;2;-22,19720101;-44,97364908;SPRF-MG;DEL17-MG;UOP01-DEL17-MG;;;
717647;11/09/2025;quinta-feira;15:20:00;RS;285;281;MATO CASTELHANO;Acessar a via sem observar a presen�a dos outros ve�culos;Colis�o transversal;Com V�timas Feridas;Pleno dia;Crescente;Sol;Simples;Reta;N�o;5;0;5;0;0;0;5;2;-28,24963586;-52,26421595;SPRF-RS;DEL08-RS;UOP03-DEL08-RS;;;
717650;11/09/2025;quinta-feira;12:30:00;MG;267;208,6;BOM JARDIM DE MINAS;Falta de elemento de conten��o que evite a sa�da do leito carro��vel;Sa�da de leito carro��vel;Com V�timas Feridas;Pleno dia;Crescente;Nublado;Simples;"Aclive;Reta";N�o;1;0;0;1;0;0;1;1;-21,9446045;-44,15942989;SPRF-MG;DEL05-MG;UOP01-DEL05-MG;;;
717652;11/09/2025;quinta-feira;16:21:00;SC;101;131,3;CAMBORIU;Acessar a via sem observar a presen�a dos outros ve�culos;Colis�o transversal;Com V�timas Feridas;Pleno dia;Decrescente;C�u Claro;Simples;Reta;Sim;3;0;2;0;1;0;2;3;-26,9936206;-48,66059303;SPRF-SC;DEL04-SC;UOP03-DEL04-SC;;;
717653;11/09/2025;quinta-feira;17:19:00;RN;226;12;MACAIBA;Manobra de mudan�a de faixa;Colis�o traseira;Com V�timas Feridas;Plena Noite;Crescente;C�u Claro;Simples;Reta;Sim;2;0;1;0;1;0;1;2;-5,85283995;-35,31855432;SPRF-RN;DEL01-RN;UOP02-DEL01-RN;;;
717654;11/09/2025;quinta-feira;17:30:00;DF;20;7;BRASILIA;Acessar a via sem observar a presen�a dos outros ve�culos;Colis�o lateral mesmo sentido;Com V�timas Feridas;Pleno dia;Crescente;C�u Claro;Dupla;Reta;N�o;3;0;1;0;2;0;1;2;-15,660488;-47,796165;SPRF-DF;DEL02-DF;UOP01-DEL02-DF;;;
717657;11/09/2025;quinta-feira;15:45:00;MG;356;281,4;EUGENOPOLIS;Demais falhas mec�nicas ou el�tricas;Tombamento;Com V�timas Feridas;Pleno dia;Crescente;Sol;Simples;"Declive;Reta";N�o;2;0;2;0;0;0;2;1;-21,126605;-42,236286;SPRF-MG;DEL07-MG;UOP02-DEL07-MG;;;
717658;11/09/2025;quinta-feira;17:30:00;MG;381;510;SAO JOAQUIM DE BICAS;Ultrapassagem Indevida;Colis�o lateral mesmo sentido;Com V�timas Feridas;Pleno dia;Decrescente;C�u Claro;M�ltipla;Reta;Sim;2;0;1;0;1;0;1;2;-20,05295211;-44,28192759;SPRF-MG;DEL01-MG;UOP03-DEL01-MG;;;
717659;11/09/2025;quinta-feira;17:35:00;PB;101;86;BAYEUX;Manobra de mudan�a de faixa;Colis�o lateral mesmo sentido;Com V�timas Feridas;Plena Noite;Decrescente;C�u Claro;Dupla;Curva;N�o;3;0;3;0;0;0;3;2;-7,150572;-34,910208;SPRF-PB;DEL01-PB;UOP01-DEL01-PB;;;
717661;11/09/2025;quinta-feira;17:30:00;MG;365;405,2;PATOS DE MINAS;Aus�ncia de sinaliza��o;Queda de ocupante de ve�culo;Com V�timas Feridas;Pleno dia;Crescente;Sol;Dupla;"Interse��o de Vias;Rotat�ria";N�o;2;0;1;0;1;0;1;1;-18,633198;-46,468792;SPRF-MG;DEL10-MG;UOP01-DEL10-MG;;;
717662;11/09/2025;quinta-feira;11:00:00;AC;364;193;BUJARI;Pista esburacada;Sa�da de leito carro��vel;Sem V�timas;Pleno dia;Decrescente;C�u Claro;Simples;"Reta;Declive";N�o;3;0;0;0;3;0;0;1;-9,640875;-68,219062;SPRF-AC;DEL01-AC;UOP01-DEL01-AC;;;
717665;11/09/2025;quinta-feira;17:50:00;MG;116;522,2;CARATINGA;Acessar a via sem observar a presen�a dos outros ve�culos;Colis�o transversal;Com V�timas Fatais;Anoitecer;Crescente;C�u Claro;Simples;Reta;Sim;2;1;0;0;1;0;0;2;-19,74857507;-42,13280695;SPRF-MG;DEL06-MG;UOP02-DEL06-MG;;;
717668;11/09/2025;quinta-feira;18:20:00;CE;116;42;HORIZONTE;Entrada inopinada do pedestre;Atropelamento de Pedestre;Com V�timas Feridas;Plena Noite;Crescente;C�u Claro;Dupla;Reta;Sim;2;0;0;1;1;0;1;2;-4,11281742;-38,49090334;SPRF-CE;DEL01-CE;UOP02-DEL01-CE;;;
717669;11/09/2025;quinta-feira;18:11:00;PE;101;67;RECIFE;Entrada inopinada do pedestre;Atropelamento de Pedestre;Com V�timas Feridas;Plena Noite;Crescente;Nublado;Dupla;Reta;Sim;2;0;0;1;1;0;1;2;-8,04958625;-34,94579062;SPRF-PE;DEL01-PE;UOP01-DEL01-PE;;;
717671;11/09/2025;quinta-feira;18:40:00;MG;40;545;NOVA LIMA;Aus�ncia de rea��o do condutor;Colis�o traseira;Com V�timas Feridas;Plena Noite;Decrescente;C�u Claro;Dupla;Reta;N�o;2;0;1;0;1;0;1;2;-20,0147988;-43,9682331;SPRF-MG;DEL01-MG;UOP02-DEL01-MG;;;
717672;11/09/2025;quinta-feira;17:30:00;MG;50;174;UBERABA;Transitar na contram�o;Colis�o lateral sentido oposto;Com V�timas Feridas;Anoitecer;Crescente;C�u Claro;Simples;"Curva;Viaduto;Declive";Sim;2;0;1;0;1;0;1;2;-19,7700316;-47,9742922;SPRF-MG;DEL13-MG;UOP01-DEL13-MG;;;
717673;11/09/2025;quinta-feira;18:15:00;BA;324;610;SIMOES FILHO;Condutor deixou de manter dist�ncia do ve�culo da frente;Colis�o lateral mesmo sentido;Com V�timas Feridas;Anoitecer;Crescente;C�u Claro;Dupla;Reta;N�o;3;0;2;0;1;0;2;2;-12,837717;-38,414243;SPRF-BA;DEL01-BA;UOP01-DEL01-BA;;;
717676;11/09/2025;quinta-feira;17:35:00;PB;104;114,6;LAGOA SECA;Condutor deixou de manter dist�ncia do ve�culo da frente;Colis�o traseira;Sem V�timas;Anoitecer;Decrescente;C�u Claro;Simples;"Declive;Reta";Sim;2;0;0;0;2;0;0;2;-7,164214;-35,857802;SPRF-PB;DEL02-PB;UOP04-DEL02-PB;;;
717677;11/09/2025;quinta-feira;18:30:00;ES;101;279;SERRA;Acessar a via sem observar a presen�a dos outros ve�culos;Colis�o transversal;Com V�timas Feridas;Plena Noite;Decrescente;C�u Claro;Dupla;"Retorno Regulamentado;Reta";N�o;4;0;2;0;2;0;2;2;-20,21856;-40,34559;SPRF-ES;DEL02-ES;UOP01-DEL02-ES;;;
717678;11/09/2025;quinta-feira;18:40:00;MA;135;12,4;SAO LUIS;Acessar a via sem observar a presen�a dos outros ve�culos;Colis�o transversal;Com V�timas Feridas;Plena Noite;Crescente;C�u Claro;Dupla;"Reta;Interse��o de Vias";Sim;2;0;2;0;0;0;2;2;-2,67589333;-44,29370333;SPRF-MA;DEL01-MA;UOP01-DEL01-MA;;;
717679;11/09/2025;quinta-feira;16:45:00;BA;367;62;PORTO SEGURO;Demais falhas mec�nicas ou el�tricas;Colis�o lateral mesmo sentido;Sem V�timas;Pleno dia;Decrescente;Sol;Simples;Reta;Sim;2;0;0;0;1;1;0;2;-16,38966794;-39,38509382;SPRF-BA;DEL09-BA;UOP03-DEL09-BA;;;
717681;11/09/2025;quinta-feira;18:14:00;PE;408;66;PAUDALHO;Aus�ncia de rea��o do condutor;Colis�o com objeto;Sem V�timas;Plena Noite;Decrescente;C�u Claro;Dupla;"Reta;Aclive";N�o;1;0;0;0;0;1;0;1;-7,88971;-35,17853;SPRF-PE;DEL01-PE;UOP01-DEL01-PE;;;
717683;11/09/2025;quinta-feira;16:55:00;AL;316;81;SANTANA DO IPANEMA;Acumulo de areia ou detritos sobre o pavimento;Tombamento;Com V�timas Feridas;Pleno dia;Crescente;C�u Claro;Simples;Reta;N�o;1;0;1;0;0;0;1;1;-9,36700492;-37,25419764;SPRF-AL;DEL03-AL;UOP02-DEL03-AL;;;
717687;11/09/2025;quinta-feira;18:35:00;RN;110;40,3;MOSSORO;Animais na Pista;Atropelamento de Animal;Com V�timas Feridas;Plena Noite;Decrescente;Nublado;Simples;Reta;N�o;1;0;0;1;0;0;1;1;-5,175223;-37,27605;SPRF-RN;DEL04-RN;UOP01-DEL04-RN;;;
717689;11/09/2025;quinta-feira;18:00:00;MS;163;482,1;CAMPO GRANDE;Acesso irregular;Colis�o transversal;Com V�timas Feridas;Plena Noite;Decrescente;C�u Claro;Simples;Reta;Sim;2;0;1;0;1;0;1;2;-20,460807;-54,551237;SPRF-MS;DEL01-MS;UOP02-DEL01-MS;;;
717690;11/09/2025;quinta-feira;19:05:00;GO;40;7,1;VALPARAISO DE GOIAS;Condutor deixou de manter dist�ncia do ve�culo da frente;Tombamento;Com V�timas Feridas;Anoitecer;Crescente;C�u Claro;Dupla;Reta;Sim;2;0;1;0;1;0;1;2;-16,109323;-47,971953;SPRF-DF;DEL01-DF;UOP01-DEL01-DF;;;
717691;11/09/2025;quinta-feira;18:13:00;RO;364;711;PORTO VELHO;Manobra de mudan�a de faixa;Colis�o traseira;Com V�timas Feridas;Anoitecer;Decrescente;C�u Claro;Dupla;Reta;Sim;2;0;0;1;1;0;1;2;-8,78058233;-63,8666153;SPRF-RO;DEL01-RO;UOP01-DEL01-RO;;;
717692;11/09/2025;quinta-feira;19:00:00;MG;116;114;ITAOBIM;Acessar a via sem observar a presen�a dos outros ve�culos;Colis�o transversal;Sem V�timas;Plena Noite;Decrescente;C�u Claro;Dupla;Reta;Sim;2;0;0;0;2;0;0;2;-16,550757;-41,501375;SPRF-MG;DEL11-MG;UOP02-DEL11-MG;;;
717694;11/09/2025;quinta-feira;05:30:00;RJ;101;297;ITABORAI;Aus�ncia de rea��o do condutor;Colis�o lateral mesmo sentido;Com V�timas Feridas;Pleno dia;Crescente;C�u Claro;Dupla;Aclive;Sim;3;0;1;0;2;0;1;3;-22,77143314;-42,92392731;SPRF-RJ;DEL02-RJ;UOP02-DEL02-RJ;;;
717695;02/09/2025;ter�a-feira;18:45:00;PI;343;264;CAMPO MAIOR;Convers�o proibida;Colis�o transversal;Com V�timas Feridas;Anoitecer;Decrescente;C�u Claro;Simples;Reta;Sim;4;0;3;1;0;0;4;2;-4,838494;-42,171344;SPRF-PI;DEL01-PI;UOP03-DEL01-PI;;;
717696;11/09/2025;quinta-feira;19:30:00;GO;60;98;ANAPOLIS;Defici�ncia do Sistema de Ilumina��o/Sinaliza��o;Colis�o traseira;Com V�timas Feridas;Plena Noite;Crescente;C�u Claro;Simples;Reta;Sim;2;0;2;0;0;0;2;2;-16,38486723;-48,9547462;SPRF-GO;DEL02-GO;UOP01-DEL02-GO;;;
717697;11/09/2025;quinta-feira;19:10:00;BA;116;10,7;VITORIA DA CONQUISTA;Participar de racha;Colis�o frontal;Com V�timas Feridas;Plena Noite;Crescente;Nublado;Simples;"Reta;Rotat�ria";Sim;2;0;1;1;0;0;2;2;-14,86508;-40,87233;SPRF-BA;DEL08-BA;UOP01-DEL08-BA;;;
717698;11/09/2025;quinta-feira;16:20:00;MT;163;517,8;DIAMANTINO;Aus�ncia de rea��o do condutor;Sa�da de leito carro��vel;Com V�timas Feridas;Pleno dia;Crescente;C�u Claro;Dupla;Reta;N�o;2;0;1;1;0;0;2;1;-14,46629629;-56,15287095;SPRF-MT;DEL01-MT;UOP01-DEL01-MT;;;
717701;11/09/2025;quinta-feira;18:34:00;RO;364;713;PORTO VELHO;Condutor deixou de manter dist�ncia do ve�culo da frente;Colis�o traseira;Sem V�timas;Plena Noite;Decrescente;C�u Claro;Dupla;"Reta;Aclive";Sim;2;0;0;0;2;0;0;2;-8,77598056;-63,87552023;SPRF-RO;DEL01-RO;UOP01-DEL01-RO;;;
717703;11/09/2025;quinta-feira;17:00:00;RS;285;311;PASSO FUNDO;Condutor Dormindo;Capotamento;Com V�timas Feridas;Pleno dia;Decrescente;C�u Claro;Dupla;Curva;N�o;1;0;1;0;0;0;1;1;-28,24164;-52,5481;SPRF-RS;DEL08-RS;UOP03-DEL08-RS;;;
717704;11/09/2025;quinta-feira;19:25:00;MS;262;361,4;CAMPO GRANDE;Objeto est�tico sobre o leito carro��vel;Colis�o com objeto;Com V�timas Feridas;Plena Noite;Decrescente;C�u Claro;Simples;Reta;N�o;1;0;0;1;0;0;1;1;-20,517296;-54,717533;SPRF-MS;DEL01-MS;UOP03-DEL01-MS;;;
717705;11/09/2025;quinta-feira;20:15:00;PE;428;190;PETROLINA;Condutor deixou de manter dist�ncia do ve�culo da frente;Colis�o traseira;Sem V�timas;Plena Noite;Crescente;C�u Claro;M�ltipla;Reta;Sim;2;0;0;0;2;0;0;2;-9,3780429;-40,5058006;SPRF-PE;DEL06-PE;UOP01-DEL06-PE;;;
717706;11/09/2025;quinta-feira;19:34:00;ES;259;58,8;COLATINA;Rea��o tardia ou ineficiente do condutor;Eventos at�picos;Com V�timas Feridas;Plena Noite;Crescente;Nublado;Simples;"Reta;Declive";N�o;3;0;1;1;1;0;2;3;-19,52261;-40,668633;SPRF-ES;DEL02-ES;UOP01-DEL02-ES;;;
717707;11/09/2025;quinta-feira;20:10:00;RJ;116;242;PIRAI;Condutor Dormindo;Colis�o traseira;Sem V�timas;Plena Noite;Decrescente;C�u Claro;Dupla;"Reta;Interse��o de Vias";N�o;4;0;0;0;4;0;0;2;-22,6668605;-43,8411327;SPRF-RJ;DEL07-RJ;UOP01-DEL07-RJ;;;
717710;11/09/2025;quinta-feira;19:10:00;SC;163;1;DIONISIO CERQUEIRA;Transitar na contram�o;Colis�o frontal;Com V�timas Feridas;Plena Noite;Decrescente;C�u Claro;Simples;Reta;N�o;2;0;1;0;1;0;1;2;-26,266186;-53,638317;SPRF-SC;DEL07-SC;UOP03-DEL07-SC;;;
717712;11/09/2025;quinta-feira;18:20:00;PE;232;256,6;ARCOVERDE;Ingest�o de �lcool pelo condutor;Colis�o frontal;Com V�timas Fatais;Plena Noite;Crescente;C�u Claro;Simples;Reta;N�o;3;2;1;0;0;0;1;2;-8,409802;-37,094282;SPRF-PE;DEL04-PE;UOP02-DEL04-PE;;;
717713;11/09/2025;quinta-feira;09:00:00;MT;364;133;PEDRA PRETA;Demais falhas mec�nicas ou el�tricas;Inc�ndio;Sem V�timas;Pleno dia;Decrescente;C�u Claro;Simples;Aclive;N�o;11;0;0;0;11;0;0;1;-16,78454815;-54,16639045;SPRF-MT;DEL02-MT;UOP01-DEL02-MT;;;
717714;11/09/2025;quinta-feira;17:30:00;PR;373;264;PRUDENTOPOLIS;Aus�ncia de rea��o do condutor;Queda de ocupante de ve�culo;Com V�timas Feridas;Pleno dia;Decrescente;C�u Claro;Simples;Reta;Sim;2;0;1;0;0;1;1;2;-25,20263;-50,98313;SPRF-PR;DEL08-PR;UOP01-DEL08-PR;;;
717715;11/09/2025;quinta-feira;20:00:00;RJ;40;123;DUQUE DE CAXIAS;Acessar a via sem observar a presen�a dos outros ve�culos;Colis�o lateral mesmo sentido;Com V�timas Feridas;Plena Noite;Crescente;C�u Claro;Dupla;Reta;Sim;4;0;1;0;3;0;1;2;-22,806792;-43,289473;SPRF-RJ;DEL01-RJ;UOP02-DEL01-RJ;;;
717716;11/09/2025;quinta-feira;18:00:00;CE;116;531;JATI;Manobra de mudan�a de faixa;Colis�o frontal;Com V�timas Fatais;Anoitecer;Decrescente;C�u Claro;Simples;Reta;N�o;3;1;0;2;0;0;2;2;-7,71606622;-39,0373866;SPRF-CE;DEL05-CE;UOP03-DEL05-CE;;;
717719;11/09/2025;quinta-feira;21:40:00;PR;467;109,1;CASCAVEL;Acessar a via sem observar a presen�a dos outros ve�culos;Colis�o transversal;Com V�timas Feridas;Plena Noite;Crescente;C�u Claro;Dupla;"Interse��o de Vias;Aclive;Curva";Sim;2;0;1;0;1;0;1;2;-24,9248733;-53,4660843;SPRF-PR;DEL04-PR;UOP01-DEL04-PR;;;
717720;11/09/2025;quinta-feira;21:00:00;PI;316;4,6;TERESINA;Acumulo de �gua sobre o pavimento;Tombamento;Com V�timas Feridas;Plena Noite;Decrescente;Chuva;M�ltipla;"Reta;Declive";Sim;1;0;1;0;0;0;1;1;-5,141251;-42,782304;SPRF-PI;DEL01-PI;UOP02-DEL01-PI;;;
717721;11/09/2025;quinta-feira;17:15:00;MA;222;607;ACAILANDIA;Acessar a via sem observar a presen�a dos outros ve�culos;Colis�o transversal;Com V�timas Fatais;Anoitecer;Decrescente;C�u Claro;Simples;"Curva;Declive";N�o;8;2;0;0;4;2;0;3;-4,71751;-47,00228;SPRF-MA;DEL04-MA;UOP03-DEL04-MA;;;
717724;11/09/2025;quinta-feira;23:00:00;RN;304;38;MOSSORO;Entrada inopinada do pedestre;Atropelamento de Pedestre;Com V�timas Fatais;Plena Noite;Crescente;C�u Claro;Dupla;Reta;Sim;2;1;0;0;1;0;0;2;-5,182129;-37,36883;SPRF-RN;DEL04-RN;UOP02-DEL04-RN;;;
717725;11/09/2025;quinta-feira;19:40:00;RS;116;149,9;CAXIAS DO SUL;Ingest�o de �lcool pelo condutor;Colis�o traseira;Com V�timas Feridas;Plena Noite;Crescente;C�u Claro;Dupla;"Interse��o de Vias;Reta;Declive";Sim;5;0;2;0;2;1;2;4;-29,167022;-51,158569;SPRF-RS;DEL05-RS;UOP01-DEL05-RS;;;
717726;11/09/2025;quinta-feira;23:50:00;ES;101;18;PINHEIROS;Velocidade Incompat�vel;Colis�o lateral sentido oposto;Com V�timas Feridas;Plena Noite;Crescente;Nevoeiro/Neblina;Simples;"Declive;Curva";N�o;2;0;2;0;0;0;2;1;-18,31289547;-39,95497464;SPRF-ES;DEL04-ES;UOP02-DEL04-ES;;;
717727;11/09/2025;quinta-feira;22:50:00;MT;364;398;CUIABA;Acumulo de areia ou detritos sobre o pavimento;Queda de ocupante de ve�culo;Com V�timas Feridas;Plena Noite;Decrescente;C�u Claro;Dupla;Reta;N�o;1;0;1;0;0;0;1;1;-15,66676;-55,95959;SPRF-MT;DEL01-MT;UOP02-DEL01-MT;;;
717731;11/09/2025;quinta-feira;20:40:00;MS;463;110;PONTA PORA;Aus�ncia de rea��o do condutor;Tombamento;Com V�timas Feridas;Plena Noite;Crescente;Ignorado;Dupla;Reta;Sim;1;0;1;0;0;0;1;1;-22,57383361;-55,69364397;SPRF-MS;DEL04-MS;UOP03-DEL04-MS;;;
717733;12/09/2025;sexta-feira;00:20:00;SC;470;139;RIO DO SUL;Rea��o tardia ou ineficiente do condutor;Colis�o com objeto;Sem V�timas;Plena Noite;Decrescente;C�u Claro;Simples;"Reta;Viaduto";Sim;1;0;0;0;1;0;0;1;-27,2077058;-49,6492466;SPRF-SC;DEL04-SC;UOP02-DEL04-SC;;;
717734;12/09/2025;sexta-feira;00:35:00;SC;101;327,7;CAPIVARI DE BAIXO;Avarias e/ou desgaste excessivo no pneu;Tombamento;Com V�timas Feridas;Plena Noite;Decrescente;C�u Claro;M�ltipla;"Reta;Declive";Sim;1;0;1;0;0;0;1;1;-28,44170439;-48,96409035;SPRF-SC;DEL02-SC;UOP01-DEL02-SC;;;
717735;12/09/2025;sexta-feira;01:50:00;PR;163;209,1;CASCAVEL;Condutor Dormindo;Sa�da de leito carro��vel;Com V�timas Fatais;Plena Noite;Decrescente;C�u Claro;Dupla;Reta;N�o;1;1;0;0;0;0;0;1;-24,92754013;-53,53775024;SPRF-PR;DEL05-PR;UOP05-DEL05-PR;;;
717736;12/09/2025;sexta-feira;00:30:00;MS;60;410;SIDROLANDIA;Condutor Dormindo;Sa�da de leito carro��vel;Com V�timas Feridas;Plena Noite;Crescente;C�u Claro;Simples;Reta;N�o;1;0;1;0;0;0;1;1;-20,84335323;-54,81135282;SPRF-MS;DEL01-MS;UOP04-DEL01-MS;;;
717737;12/09/2025;sexta-feira;02:20:00;RN;101;85;NATAL;Aus�ncia de rea��o do condutor;Atropelamento de Animal;Com V�timas Feridas;Plena Noite;Decrescente;C�u Claro;Dupla;Aclive;N�o;2;0;2;0;0;0;2;1;-5,77724924;-35,24988012;SPRF-RN;DEL02-RN;UOP01-DEL02-RN;;;