id;data_inversa;dia_semana;horario;uf;br;km;municipio;causa_acidente;tipo_acidente;classificacao_acidente;fase_dia;sentido_via;condicao_metereologica;tipo_pista;tracado_via;uso_solo;pessoas;mortos;feridos_leves;feridos_graves;ilesos;ignorados;feridos;veiculos;latitude;longitude;regional;delegacia;uop;;;
717957;12/09/2025;sexta-feira;20:10:00;MT;163;14;ITIQUIRA;Aus�ncia de rea��o do condutor;Sa�da de leito carro��vel;Sem V�timas;Plena Noite;Decrescente;C�u Claro;Simples;Rotat�ria;Sim;1;0;0;0;1;0;0;1;-17,39738;-54,75976;SPRF-MT;DEL02-MT;UOP03-DEL02-MT;;;
717958;12/09/2025;sexta-feira;21:30:00;PR;116;196,4;RIO NEGRO;Demais falhas mec�nicas ou el�tricas;Tombamento;Com V�timas Feridas;Plena Noite;Decrescente;C�u Claro;Simples;Reta;N�o;1;0;1;0;0;0;1;1;-26,04727952;-49,70598602;SPRF-SC;DEL06-SC;UOP01-DEL06-SC;;;
717959;12/09/2025;sexta-feira;22:40:00;RN;110;49,1;MOSSORO;Afundamento ou ondula��o no pavimento;Queda de ocupante de ve�culo;Com V�timas Feridas;Plena Noite;Decrescente;C�u Claro;Dupla;Reta;Sim;1;0;1;0;0;0;1;1;-5,302727;-37,280914;SPRF-RN;DEL04-RN;UOP01-DEL04-RN;;;
717960;12/09/2025;sexta-feira;18:10:00;MG;116;464,7;TARUMIRIM;Rea��o tardia ou ineficiente do condutor;Queda de ocupante de ve�culo;Com V�timas Feridas;Plena Noite;Decrescente;C�u Claro;Simples;Reta;N�o;2;0;2;0;0;0;2;1;-19,277702;-42,068762;SPRF-MG;DEL06-MG;UOP02-DEL06-MG;;;
717961;12/09/2025;sexta-feira;18:20:00;MG;116;548;SANTA BARBARA DO LESTE;Acessar a via sem observar a presen�a dos outros ve�culos;Colis�o transversal;Com V�timas Feridas;Plena Noite;Decrescente;C�u Claro;M�ltipla;"Reta;Aclive";N�o;4;0;1;0;3;0;1;4;-19,96707335;-42,13564396;SPRF-MG;DEL06-MG;UOP02-DEL06-MG;;;
717962;12/09/2025;sexta-feira;22:20:00;ES;101;289;CARIACICA;Velocidade Incompat�vel;Colis�o com objeto;Sem V�timas;Plena Noite;Crescente;Chuva;Dupla;Reta;Sim;1;0;0;0;0;1;0;1;-20,2800176;-40,39296269;SPRF-ES;DEL01-ES;UOP01-DEL01-ES;;;
717966;12/09/2025;sexta-feira;19:30:00;SC;470;68;INDAIAL;Ingest�o de �lcool pelo condutor;Tombamento;Com V�timas Feridas;Plena Noite;Crescente;Nublado;Dupla;Reta;Sim;1;0;1;0;0;0;1;1;-26,87619558;-49,23769562;SPRF-SC;DEL04-SC;UOP01-DEL04-SC;;;
717967;12/09/2025;sexta-feira;22:00:00;SC;280;30;ARAQUARI;Transitar no Acostamento;Colis�o traseira;Com V�timas Feridas;Plena Noite;Crescente;Ignorado;Simples;Reta;Sim;2;0;1;0;1;0;1;2;-26,416365;-48,771349;SPRF-SC;DEL03-SC;UOP03-DEL03-SC;;;
717968;12/09/2025;sexta-feira;23:40:00;PA;10;353;SANTA MARIA DO PARA;Convers�o proibida;Colis�o frontal;Com V�timas Feridas;Plena Noite;Decrescente;Nublado;Simples;"Interse��o de Vias;Reta";Sim;2;0;1;0;1;0;1;2;-1,34939227;-47,57679731;SPRF-PA;DEL01-PA;UOP02-DEL01-PA;;;
717971;12/09/2025;sexta-feira;22:50:00;MS;163;247,7;DOURADOS;Aus�ncia de rea��o do condutor;Sa�da de leito carro��vel;Com V�timas Feridas;Plena Noite;Decrescente;C�u Claro;Simples;Reta;N�o;1;0;1;0;0;0;1;1;-22,327063;-54,817721;SPRF-MS;DEL04-MS;UOP02-DEL04-MS;;;
717974;12/09/2025;sexta-feira;22:30:00;RJ;356;80;ITALVA;Aus�ncia de rea��o do condutor;Queda de ocupante de ve�culo;Com V�timas Feridas;Plena Noite;Decrescente;C�u Claro;Simples;Reta;N�o;3;0;0;1;2;0;1;2;-21,4317931;-41,6907232;SPRF-RJ;DEL08-RJ;UOP03-DEL08-RJ;;;
717975;12/09/2025;sexta-feira;22:25:00;MG;40;90,5;PARACATU;Rea��o tardia ou ineficiente do condutor;Colis�o transversal;Com V�timas Feridas;Plena Noite;Crescente;C�u Claro;Simples;Reta;N�o;3;0;1;0;2;0;1;2;-17,50250839;-46,571645;SPRF-MG;DEL14-MG;UOP01-DEL14-MG;;;
717976;12/09/2025;sexta-feira;23:40:00;PR;376;484,4;PONTA GROSSA;Mal s�bito do condutor;Sa�da de leito carro��vel;Com V�timas Fatais;Plena Noite;Crescente;C�u Claro;Dupla;Interse��o de Vias;N�o;2;1;0;0;1;0;0;1;-25,10231513;-50,19657461;SPRF-PR;DEL03-PR;UOP04-DEL03-PR;;;
717977;12/09/2025;sexta-feira;22:30:00;SP;101;49,6;UBATUBA;Pedestre cruzava a pista fora da faixa;Atropelamento de Pedestre;Com V�timas Feridas;Plena Noite;Decrescente;Garoa/Chuvisco;Simples;Reta;Sim;2;0;0;1;1;0;1;2;-23,4470873;-45,08081152;SPRF-SP;DEL06-SP;UOP01-DEL06-SP;;;
717978;12/09/2025;sexta-feira;22:48:00;MT;163;1046;MATUPA;Demais falhas mec�nicas ou el�tricas;Queda de ocupante de ve�culo;Com V�timas Feridas;Plena Noite;Crescente;C�u Claro;Simples;Curva;N�o;1;0;1;0;0;0;1;1;-10,117245;-54,932965;SPRF-MT;DEL06-MT;UOP03-DEL06-MT;;;
717980;13/09/2025;s�bado;00:10:00;SC;101;316,4;PESCARIA BRAVA;Condutor Dormindo;Tombamento;Com V�timas Feridas;Plena Noite;Crescente;C�u Claro;M�ltipla;"Declive;Curva";Sim;2;0;2;0;0;0;2;1;-28,42658;-48,86267;SPRF-SC;DEL02-SC;UOP01-DEL02-SC;;;
717981;13/09/2025;s�bado;00:10:00;SP;116;174;JACAREI;Aus�ncia de rea��o do condutor;Capotamento;Sem V�timas;Plena Noite;Decrescente;C�u Claro;Dupla;"Reta;Declive";Sim;1;0;0;0;1;0;0;1;-23,31903461;-46,08590126;SPRF-SP;DEL02-SP;UOP01-DEL02-SP;;;
717982;13/09/2025;s�bado;01:20:00;ES;101;137,9;LINHARES;Ingest�o de �lcool pelo condutor;Colis�o com objeto;Sem V�timas;Plena Noite;Crescente;C�u Claro;Simples;Interse��o de Vias;N�o;1;0;0;0;1;0;0;1;-19,29178283;-40,08619308;SPRF-ES;DEL04-ES;UOP01-DEL04-ES;;;
717983;12/09/2025;sexta-feira;22:30:00;MA;135;160;MATOES DO NORTE;Condutor Dormindo;Colis�o com objeto;Com V�timas Feridas;Plena Noite;Decrescente;C�u Claro;Simples;"Reta;Em Obras";N�o;2;0;0;2;0;0;2;1;-3,844524;-44,507206;SPRF-MA;DEL03-MA;UOP01-DEL03-MA;;;
717984;13/09/2025;s�bado;02:00:00;DF;80;11;BRASILIA;Rea��o tardia ou ineficiente do condutor;Engavetamento;Sem V�timas;Plena Noite;Decrescente;C�u Claro;Simples;"Declive;Reta";N�o;5;0;0;0;5;0;0;5;-15,73089983;-48,18715096;SPRF-DF;DEL03-DF;UOP02-DEL03-DF;;;
717985;12/09/2025;sexta-feira;11:37:00;PA;222;221;BOM JESUS DO TOCANTINS;Rea��o tardia ou ineficiente do condutor;Sa�da de leito carro��vel;Com V�timas Feridas;Pleno dia;Crescente;C�u Claro;Simples;"Declive;Curva";N�o;2;0;1;0;1;0;1;1;-5,1916043;-49,00797039;SPRF-PA;DEL03-PA;UOP01-DEL03-PA;;;
717986;13/09/2025;s�bado;02:28:00;DF;80;12;BRASILIA;Rea��o tardia ou ineficiente do condutor;Engavetamento;Sem V�timas;Plena Noite;Decrescente;C�u Claro;Simples;"Reta;Declive";N�o;3;0;0;0;3;0;0;3;-15,730863;-48,180176;SPRF-DF;DEL03-DF;UOP02-DEL03-DF;;;
717987;13/09/2025;s�bado;01:50:00;BA;101;692,6;EUNAPOLIS;Velocidade Incompat�vel;Sa�da de leito carro��vel;Com V�timas Fatais;Plena Noite;Crescente;Nevoeiro/Neblina;Simples;"Curva;Declive";N�o;3;1;0;2;0;0;2;1;-16,187328;-39,60663;SPRF-BA;DEL09-BA;UOP03-DEL09-BA;;;
717988;13/09/2025;s�bado;00:40:00;RS;287;282,4;SAO PEDRO DO SUL;Ingest�o de �lcool pelo condutor;Colis�o com objeto;Com V�timas Feridas;Plena Noite;Crescente;C�u Claro;Simples;"Rotat�ria;Interse��o de Vias";Sim;1;0;1;0;0;0;1;1;-29,63635401;-54,18504238;SPRF-RS;DEL09-RS;UOP01-DEL09-RS;;;
717989;12/09/2025;sexta-feira;22:15:00;MA;402;48;MORROS;Entrada inopinada do pedestre;Atropelamento de Pedestre;Com V�timas Feridas;Plena Noite;Decrescente;C�u Claro;Simples;Reta;N�o;3;0;0;1;2;0;1;2;-2,8519;-43,9599;SPRF-MA;DEL01-MA;UOP01-DEL01-MA;;;
717991;13/09/2025;s�bado;02:40:00;SC;101;211,2;PALHOCA;Manobra de mudan�a de faixa;Colis�o lateral mesmo sentido;Com V�timas Feridas;Plena Noite;Crescente;C�u Claro;M�ltipla;Reta;N�o;3;0;1;1;0;1;2;2;-27,62354;-48,65277;SPRF-SC;DEL01-SC;UOP02-DEL01-SC;;;
717992;13/09/2025;s�bado;02:40:00;GO;153;501,8;GOIANIA;Rea��o tardia ou ineficiente do condutor;Colis�o com objeto;Com V�timas Feridas;Plena Noite;Decrescente;Vento;Dupla;Reta;Sim;1;0;1;0;0;0;1;1;-16,72335;-49,239413;SPRF-GO;DEL01-GO;UOP01-DEL01-GO;;;
717993;13/09/2025;s�bado;02:10:00;PR;369;149;LONDRINA;Condutor desrespeitou a ilumina��o vermelha do sem�foro;Colis�o transversal;Com V�timas Feridas;Plena Noite;Decrescente;C�u Claro;Dupla;Interse��o de Vias;Sim;2;0;1;0;1;0;1;2;-23,293281;-51,1544569;SPRF-PR;DEL07-PR;UOP01-DEL07-PR;;;
717994;13/09/2025;s�bado;03:05:00;ES;101;4,3;SERRA;Aus�ncia de rea��o do condutor;Sa�da de leito carro��vel;Sem V�timas;Plena Noite;Decrescente;Nublado;Dupla;Curva;N�o;3;0;0;0;2;1;0;1;-20,0987588;-40,3533874;SPRF-ES;DEL04-ES;UOP02-DEL04-ES;;;
717995;13/09/2025;s�bado;03:30:00;BA;242;915;LUIS EDUARDO MAGALHAES;Aus�ncia de rea��o do condutor;Colis�o traseira;Com V�timas Fatais;Plena Noite;Crescente;C�u Claro;Simples;Reta;N�o;8;1;3;4;0;0;7;2;-12,10296;-45,88244;SPRF-BA;DEL10-BA;UOP01-DEL10-BA;;;
717997;13/09/2025;s�bado;03:00:00;TO;153;200;NOVA OLINDA;Ingest�o de �lcool pelo condutor;Colis�o traseira;Com V�timas Feridas;Plena Noite;Decrescente;C�u Claro;Simples;Reta;N�o;2;0;1;0;1;0;1;2;-7,64117472;-48,42751622;SPRF-TO;DEL02-TO;UOP01-DEL02-TO;;;
717998;13/09/2025;s�bado;03:23:00;RS;116;560;PEDRO OSORIO;Condutor Dormindo;Sa�da de leito carro��vel;Com V�timas Feridas;Plena Noite;Crescente;C�u Claro;Simples;Reta;N�o;2;0;1;0;1;0;1;1;-31,91048899;-52,67769833;SPRF-RS;DEL07-RS;UOP03-DEL07-RS;;;
718000;13/09/2025;s�bado;02:50:00;RJ;116;180;MESQUITA;Condutor deixou de manter dist�ncia do ve�culo da frente;Colis�o com objeto;Com V�timas Feridas;Plena Noite;Decrescente;C�u Claro;Dupla;"Curva;Declive";Sim;2;0;1;0;1;0;1;2;-22,77222903;-43,4051892;SPRF-RJ;DEL06-RJ;UOP01-DEL06-RJ;;;
718001;13/09/2025;s�bado;03:30:00;PB;230;14;CABEDELO;Condutor Dormindo;Colis�o com objeto;Com V�timas Feridas;Plena Noite;Crescente;C�u Claro;Dupla;"Desvio Tempor�rio;Reta;Em Obras";Sim;1;0;1;0;0;0;1;1;-7,08303934;-34,84899232;SPRF-PB;DEL01-PB;UOP01-DEL01-PB;;;
718002;13/09/2025;s�bado;02:30:00;PE;408;28,3;ALIANCA;Transitar no Acostamento;Colis�o com objeto;Com V�timas Fatais;Plena Noite;Crescente;C�u Claro;Simples;"Reta;Ponte";N�o;2;1;1;0;0;0;1;1;-7,6077559;-35,2338032;SPRF-PE;DEL01-PE;UOP01-DEL01-PE;;;
718003;13/09/2025;s�bado;01:00:00;RS;285;590,2;BOSSOROCA;Aus�ncia de rea��o do condutor;Sa�da de leito carro��vel;Com V�timas Feridas;Plena Noite;Crescente;C�u Claro;Simples;Reta;N�o;4;0;0;1;3;0;1;3;-28,47267985;-55,16539749;SPRF-RS;DEL12-RS;UOP01-DEL12-RS;;;
718004;13/09/2025;s�bado;04:20:00;GO;40;13;LUZIANIA;Pedestre cruzava a pista fora da faixa;Atropelamento de Pedestre;Com V�timas Feridas;Plena Noite;Decrescente;C�u Claro;Dupla;Reta;Sim;3;0;0;1;0;2;1;2;-16,1487041;-47,94176672;SPRF-DF;DEL01-DF;UOP01-DEL01-DF;;;
718006;13/09/2025;s�bado;04:05:00;MS;163;650;RIO VERDE DE MATO GROSSO;Aus�ncia de rea��o do condutor;Tombamento;Com V�timas Feridas;Plena Noite;Decrescente;C�u Claro;Simples;"Curva;Declive";N�o;2;0;0;2;0;0;2;1;-19,15428603;-54,76222828;SPRF-MS;DEL06-MS;UOP02-DEL06-MS;;;
718007;13/09/2025;s�bado;03:40:00;PR;277;654;MATELANDIA;Velocidade Incompat�vel;Colis�o com objeto;Com V�timas Feridas;Plena Noite;Crescente;C�u Claro;Simples;Curva;N�o;2;0;1;0;1;0;1;1;-25,229682;-53,951787;SPRF-PR;DEL05-PR;UOP02-DEL05-PR;;;
718008;12/09/2025;sexta-feira;17:15:00;SC;282;511,1;XANXERE;Retorno proibido;Colis�o traseira;Com V�timas Feridas;Pleno dia;Decrescente;C�u Claro;Simples;Curva;N�o;3;0;1;0;2;0;1;2;-26,90428475;-52,46282506;SPRF-SC;DEL07-SC;UOP01-DEL07-SC;;;
718010;13/09/2025;s�bado;04:30:00;PR;277;218;TEIXEIRA SOARES;Condutor Dormindo;Capotamento;Com V�timas Feridas;Plena Noite;Decrescente;C�u Claro;Simples;Reta;N�o;4;0;0;1;3;0;1;1;-25,46218461;-50,42381287;SPRF-PR;DEL08-PR;UOP02-DEL08-PR;;;
718011;13/09/2025;s�bado;05:10:00;RN;226;415,3;PAU DOS FERROS;Ultrapassagem Indevida;Colis�o frontal;Com V�timas Feridas;Amanhecer;Crescente;C�u Claro;Simples;Reta;N�o;2;0;1;0;1;0;1;2;-6,0915791;-38,22059282;SPRF-RN;DEL04-RN;UOP02-DEL04-RN;;;
718012;13/09/2025;s�bado;05:30:00;SP;116;161;JACAREI;Aus�ncia de rea��o do condutor;Colis�o com objeto;Com V�timas Feridas;Amanhecer;Crescente;C�u Claro;Dupla;Reta;Sim;1;0;1;0;0;0;1;1;-23,27452195;-45,97379208;SPRF-SP;DEL02-SP;UOP01-DEL02-SP;;;
718013;13/09/2025;s�bado;04:30:00;SC;282;538;CHAPECO;Condutor Dormindo;Colis�o frontal;Com V�timas Feridas;Plena Noite;Crescente;Nublado;Simples;"Aclive;Curva";N�o;5;0;3;0;1;1;3;3;-27,00040218;-52,67074227;SPRF-SC;DEL07-SC;UOP01-DEL07-SC;;;
718014;13/09/2025;s�bado;05:30:00;PB;101;94;JOAO PESSOA;Condutor Dormindo;Colis�o com objeto;Com V�timas Feridas;Amanhecer;Decrescente;C�u Claro;Dupla;Reta;N�o;3;0;1;1;1;0;2;1;-7,21121618;-34,90996152;SPRF-PB;DEL01-PB;UOP01-DEL01-PB;;;
718016;13/09/2025;s�bado;04:20:00;MS;267;244;NOVA ALVORADA DO SUL;Ingest�o de �lcool pelo condutor;Sa�da de leito carro��vel;Com V�timas Feridas;Plena Noite;Decrescente;C�u Claro;Simples;Reta;N�o;2;0;1;0;1;0;1;1;-21,48194;-54,33585;SPRF-MS;DEL02-MS;UOP01-DEL02-MS;;;
718017;13/09/2025;s�bado;05:00:00;MG;356;265,1;MURIAE;Aus�ncia de rea��o do condutor;Colis�o com objeto;Sem V�timas;Amanhecer;Decrescente;Nublado;Simples;Curva;Sim;1;0;0;0;0;1;0;1;-21,12665;-42,3735;SPRF-MG;DEL07-MG;UOP02-DEL07-MG;;;
718018;13/09/2025;s�bado;06:30:00;ES;101;141;LINHARES;Velocidade Incompat�vel;Colis�o traseira;Com V�timas Feridas;Pleno dia;Crescente;Nublado;Dupla;Reta;Sim;3;0;0;2;0;1;2;2;-19,3262728;-40,07184146;SPRF-ES;DEL04-ES;UOP01-DEL04-ES;;;
718019;13/09/2025;s�bado;05:10:00;RS;116;363;SENTINELA DO SUL;Aus�ncia de rea��o do condutor;Sa�da de leito carro��vel;Sem V�timas;Pleno dia;Crescente;C�u Claro;Dupla;Reta;N�o;1;0;0;0;0;1;0;1;-30,643755;-51,559363;SPRF-RS;DEL02-RS;UOP02-DEL02-RS;;;
718020;13/09/2025;s�bado;06:05:00;PB;101;49,8;RIO TINTO;Condutor Dormindo;Sa�da de leito carro��vel;Com V�timas Feridas;Pleno dia;Decrescente;C�u Claro;Dupla;Reta;N�o;2;0;2;0;0;0;2;1;-6,92117;-35,10888;SPRF-PB;DEL01-PB;UOP03-DEL01-PB;;;
718021;13/09/2025;s�bado;03:30:00;MA;135;5;SAO LUIS;Velocidade Incompat�vel;Capotamento;Com V�timas Feridas;Plena Noite;Decrescente;Chuva;Dupla;Reta;Sim;5;0;1;0;4;0;1;1;-2,622055;-44,258442;SPRF-MA;DEL01-MA;UOP01-DEL01-MA;;;
718022;13/09/2025;s�bado;05:50:00;PE;104;19,4;TAQUARITINGA DO NORTE;Transitar na contram�o;Colis�o frontal;Com V�timas Feridas;Amanhecer;Crescente;C�u Claro;Dupla;Reta;Sim;2;0;1;0;1;0;1;2;-7,952268;-36,12798;SPRF-PE;DEL02-PE;UOP01-DEL02-PE;;;
718026;13/09/2025;s�bado;05:50:00;GO;153;292,4;RIALMA;Ingest�o de �lcool pelo condutor;Colis�o frontal;Com V�timas Feridas;Amanhecer;Crescente;C�u Claro;Simples;"Curva;Declive";N�o;6;0;1;3;2;0;4;2;-15,248682;-49,556881;SPRF-GO;DEL02-GO;UOP02-DEL02-GO;;;
718027;13/09/2025;s�bado;06:10:00;BA;116;633,2;JAGUAQUARA;Acessar a via sem observar a presen�a dos outros ve�culos;Colis�o transversal;Sem V�timas;Pleno dia;Decrescente;Sol;Simples;Retorno Regulamentado;Sim;5;0;0;0;5;0;0;2;-13,5209;-40,0596;SPRF-BA;DEL03-BA;UOP01-DEL03-BA;;;
718028;13/09/2025;s�bado;06:36:00;MS;262;772;CORUMBA;Ingest�o de �lcool pelo condutor;Sa�da de leito carro��vel;Sem V�timas;Amanhecer;Crescente;C�u Claro;Simples;Reta;Sim;3;0;0;0;0;3;0;2;-19,037516;-57,646022;SPRF-MS;DEL03-MS;UOP03-DEL03-MS;;;
718029;13/09/2025;s�bado;04:10:00;BA;367;22;PORTO SEGURO;Rea��o tardia ou ineficiente do condutor;Queda de ocupante de ve�culo;Com V�timas Feridas;Plena Noite;Crescente;C�u Claro;Simples;Rotat�ria;Sim;1;0;1;0;0;0;1;1;-16,43575588;-39,07253265;SPRF-BA;DEL09-BA;UOP03-DEL09-BA;;;
718030;13/09/2025;s�bado;07:10:00;PR;277;66;SAO JOSE DOS PINHAIS;Aus�ncia de rea��o do condutor;Colis�o traseira;Com V�timas Feridas;Pleno dia;Decrescente;Nublado;Dupla;Reta;Sim;4;0;1;1;1;1;2;3;-25,52352816;-49,10163873;SPRF-PR;DEL01-PR;UOP01-DEL01-PR;;;
718031;13/09/2025;s�bado;06:30:00;SP;116;323;JUQUITIBA;Ingest�o de �lcool pelo condutor;Colis�o traseira;Sem V�timas;Amanhecer;Decrescente;C�u Claro;Dupla;Reta;N�o;4;0;0;0;4;0;0;2;-23,94026;-47,04524;SPRF-SP;DEL04-SP;UOP03-DEL04-SP;;;
718034;13/09/2025;s�bado;07:55:00;TO;10;453;PALMAS;Avarias e/ou desgaste excessivo no pneu;Queda de ocupante de ve�culo;Com V�timas Feridas;Pleno dia;Crescente;C�u Claro;Dupla;Reta;Sim;2;0;1;0;1;0;1;1;-10,31054732;-48,29699412;SPRF-TO;DEL01-TO;UOP03-DEL01-TO;;;
718035;13/09/2025;s�bado;07:00:00;SP;116;50,9;LORENA;Acumulo de �leo sobre o pavimento;Queda de ocupante de ve�culo;Com V�timas Feridas;Pleno dia;Decrescente;C�u Claro;Simples;Curva;Sim;1;0;1;0;0;0;1;1;-22,75178026;-45,1049856;SPRF-SP;DEL08-SP;UOP02-DEL08-SP;;;
718036;13/09/2025;s�bado;06:40:00;RS;285;79,1;BOM JESUS;Ingest�o de �lcool pelo condutor;Sa�da de leito carro��vel;Com V�timas Feridas;Amanhecer;Crescente;C�u Claro;Simples;"Interse��o de Vias;Curva";N�o;1;0;1;0;0;0;1;1;-28,6449089;-50,5946007;SPRF-RS;DEL05-RS;UOP03-DEL05-RS;;;
718040;13/09/2025;s�bado;07:40:00;RS;386;107,5;SAO JOSE DAS MISSOES;Aus�ncia de rea��o do condutor;Sa�da de leito carro��vel;Com V�timas Feridas;Pleno dia;Crescente;C�u Claro;Simples;"Curva;Aclive";N�o;3;0;3;0;0;0;3;1;-27,785459;-53,065913;SPRF-RS;DEL08-RS;UOP01-DEL08-RS;;;
718042;13/09/2025;s�bado;08:50:00;MG;40;735;SANTOS DUMONT;Curva acentuada;Sa�da de leito carro��vel;Com V�timas Feridas;Pleno dia;Decrescente;Chuva;Simples;Curva;N�o;2;0;1;0;1;0;1;1;-21,43122425;-43,55353686;SPRF-MG;DEL05-MG;UOP01-DEL05-MG;;;
718043;13/09/2025;s�bado;08:30:00;GO;40;2;VALPARAISO DE GOIAS;Trafegar com motocicleta (ou similar) entre as faixas;Atropelamento de Pedestre;Com V�timas Feridas;Pleno dia;Decrescente;C�u Claro;Dupla;Reta;Sim;3;0;1;0;2;0;1;3;-16,069705;-47,984328;SPRF-DF;DEL01-DF;UOP01-DEL01-DF;;;
718044;13/09/2025;s�bado;07:50:00;PR;277;398,8;CANDOI;Convers�o proibida;Colis�o transversal;Com V�timas Feridas;Amanhecer;Crescente;Sol;Simples;Curva;N�o;5;0;1;0;4;0;1;2;-25,46002883;-51,95816366;SPRF-PR;DEL08-PR;UOP01-DEL08-PR;;;
718045;13/09/2025;s�bado;07:10:00;RO;174;16;VILHENA;Acesso irregular;Colis�o transversal;Com V�timas Feridas;Pleno dia;Crescente;C�u Claro;Simples;Reta;Sim;2;0;1;0;1;0;1;2;-12,71972803;-60,12724042;SPRF-RO;DEL04-RO;UOP01-DEL04-RO;;;
718046;13/09/2025;s�bado;09:00:00;RJ;393;275;BARRA DO PIRAI;Pista Escorregadia;Sa�da de leito carro��vel;Com V�timas Feridas;Pleno dia;Crescente;Garoa/Chuvisco;Simples;Curva;N�o;2;0;2;0;0;0;2;1;-22,4746615;-43,9998702;SPRF-RJ;DEL05-RJ;UOP04-DEL05-RJ;;;
718047;13/09/2025;s�bado;08:45:00;PB;230;475;SOUSA;Acessar a via sem observar a presen�a dos outros ve�culos;Colis�o transversal;Com V�timas Feridas;Pleno dia;Decrescente;C�u Claro;Simples;"Interse��o de Vias;Retorno Regulamentado";N�o;2;0;0;1;1;0;1;2;-6,83572886;-38,31518412;SPRF-PB;DEL03-PB;UOP03-DEL03-PB;;;
718048;13/09/2025;s�bado;08:30:00;RS;285;456;IJUI;Acessar a via sem observar a presen�a dos outros ve�culos;Colis�o transversal;Com V�timas Feridas;Pleno dia;Crescente;C�u Claro;Simples;Reta;N�o;3;0;1;0;2;0;1;2;-28,38913514;-53,89240265;SPRF-RS;DEL10-RS;UOP01-DEL10-RS;;;
718049;13/09/2025;s�bado;08:55:00;MG;381;498;BETIM;Desrespeitar a prefer�ncia no cruzamento;Colis�o traseira;Com V�timas Feridas;Pleno dia;Decrescente;C�u Claro;M�ltipla;"Reta;Declive";N�o;6;0;1;0;4;1;1;3;-19,98302261;-44,2015788;SPRF-MG;DEL01-MG;UOP03-DEL01-MG;;;
718050;13/09/2025;s�bado;02:00:00;PR;153;3;IMBITUVA;Condutor Dormindo;Sa�da de leito carro��vel;Sem V�timas;Amanhecer;Crescente;C�u Claro;Simples;Reta;N�o;1;0;0;0;0;1;0;1;-25,252;-50,634;SPRF-PR;DEL08-PR;UOP02-DEL08-PR;;;
718051;13/09/2025;s�bado;06:50:00;SP;116;461;PARIQUERA-ACU;Aus�ncia de rea��o do condutor;Colis�o traseira;Com V�timas Feridas;Amanhecer;Crescente;Garoa/Chuvisco;Dupla;Reta;N�o;2;0;1;0;1;0;1;2;-24,62281007;-47,89557807;SPRF-SP;DEL05-SP;UOP01-DEL05-SP;;;
718052;13/09/2025;s�bado;07:00:00;BA;135;199;SAO DESIDERIO;Ingest�o de �lcool pelo condutor;Colis�o com objeto;Com V�timas Feridas;Pleno dia;Decrescente;Sol;Simples;Reta;N�o;1;0;0;1;0;0;1;1;-12,32206938;-45,01336724;SPRF-BA;DEL10-BA;UOP01-DEL10-BA;;;
718053;13/09/2025;s�bado;09:05:00;SC;101;206,3;SAO JOSE;Rea��o tardia ou ineficiente do condutor;Colis�o lateral mesmo sentido;Com V�timas Feridas;Pleno dia;Crescente;C�u Claro;Dupla;Reta;Sim;4;0;2;0;2;0;2;2;-27,599068;-48,621872;SPRF-SC;DEL01-SC;UOP01-DEL01-SC;;;
718054;05/09/2025;sexta-feira;15:02:00;MG;116;763;LEOPOLDINA;Desrespeitar a prefer�ncia no cruzamento;Colis�o transversal;Com V�timas Feridas;Pleno dia;Crescente;C�u Claro;Simples;Interse��o de Vias;N�o;2;0;1;0;1;0;1;2;-21,5208715;-42,65142409;SPRF-MG;DEL07-MG;UOP01-DEL07-MG;;;
718055;13/09/2025;s�bado;08:00:00;PR;369;19,2;CAMBARA;Condutor desrespeitou a ilumina��o vermelha do sem�foro;Colis�o transversal;Com V�timas Feridas;Pleno dia;Crescente;C�u Claro;Simples;"Reta;Interse��o de Vias;Declive";Sim;3;0;2;0;1;0;2;2;-23,03703212;-50,07543734;SPRF-PR;DEL07-PR;UOP05-DEL07-PR;;;
718057;13/09/2025;s�bado;09:30:00;PE;101;51,8;PAULISTA;Condutor deixou de manter dist�ncia do ve�culo da frente;Colis�o traseira;Com V�timas Feridas;Pleno dia;Crescente;C�u Claro;Dupla;Reta;Sim;3;0;0;1;2;0;1;2;-7,92412693;-34,89660414;SPRF-PE;DEL01-PE;UOP02-DEL01-PE;;;
718058;13/09/2025;s�bado;07:50:00;PR;116;17;CAMPINA GRANDE DO SUL;Velocidade Incompat�vel;Sa�da de leito carro��vel;Com V�timas Feridas;Pleno dia;Decrescente;Garoa/Chuvisco;Dupla;Curva;N�o;1;0;1;0;0;0;1;1;-25,1030486;-48,7005578;SPRF-PR;DEL01-PR;UOP02-DEL01-PR;;;
718059;13/09/2025;s�bado;10:00:00;PB;230;12,8;CABEDELO;Manobra de mudan�a de faixa;Colis�o lateral mesmo sentido;Com V�timas Feridas;Pleno dia;Crescente;C�u Claro;Dupla;"Desvio Tempor�rio;Reta;Em Obras";Sim;4;0;0;1;2;1;1;3;-7,07926903;-34,84941602;SPRF-PB;DEL01-PB;UOP01-DEL01-PB;;;
718061;13/09/2025;s�bado;11:00:00;RJ;101;34;CAMPOS DOS GOYTACAZES;Rea��o tardia ou ineficiente do condutor;Colis�o com objeto;Com V�timas Feridas;Pleno dia;Crescente;Nublado;Simples;Reta;Sim;1;0;1;0;0;0;1;1;-21,5006631;-41,3398442;SPRF-RJ;DEL08-RJ;UOP01-DEL08-RJ;;;
718062;13/09/2025;s�bado;09:40:00;RJ;393;180;PARAIBA DO SUL;Chuva;Queda de ocupante de ve�culo;Com V�timas Feridas;Pleno dia;Crescente;Garoa/Chuvisco;Simples;Curva;N�o;1;0;1;0;0;0;1;1;-22,14315732;-43,2788924;SPRF-RJ;DEL05-RJ;UOP03-DEL05-RJ;;;