id;data_inversa;dia_semana;horario;uf;br;km;municipio;causa_acidente;tipo_acidente;classificacao_acidente;fase_dia;sentido_via;condicao_metereologica;tipo_pista;tracado_via;uso_solo;pessoas;mortos;feridos_leves;feridos_graves;ilesos;ignorados;feridos;veiculos;latitude;longitude;regional;delegacia;uop;;;
718281;13/09/2025;s�bado;22:30:00;MG;40;823,5;SIMAO PEREIRA;Velocidade Incompat�vel;Sa�da de leito carro��vel;Com V�timas Feridas;Plena Noite;Crescente;Chuva;Dupla;Curva;N�o;2;0;2;0;0;0;2;1;-21,9692866;-43,28763192;SPRF-MG;DEL05-MG;UOP01-DEL05-MG;;;
718283;14/09/2025;domingo;06:05:00;MT;70;590;POCONE;Velocidade Incompat�vel;Sa�da de leito carro��vel;Com V�timas Feridas;Pleno dia;Decrescente;C�u Claro;Simples;Curva;N�o;2;0;0;2;0;0;2;1;-15,82037;-56,72853;SPRF-MT;DEL03-MT;UOP02-DEL03-MT;;;
718284;14/09/2025;domingo;04:00:00;RJ;101;51;CAMPOS DOS GOYTACAZES;Transitar na contram�o;Colis�o frontal;Com V�timas Fatais;Plena Noite;Crescente;Nublado;Simples;"Reta;Aclive";N�o;3;1;0;1;0;1;1;2;-21,64392976;-41,31155181;SPRF-RJ;DEL08-RJ;UOP01-DEL08-RJ;;;
718286;14/09/2025;domingo;03:00:00;MG;262;389;PARA DE MINAS;Aus�ncia de rea��o do condutor;Sa�da de leito carro��vel;Com V�timas Feridas;Amanhecer;Crescente;C�u Claro;Dupla;Reta;N�o;3;0;2;1;0;0;3;1;-19,89556557;-44,57221985;SPRF-MG;DEL01-MG;UOP03-DEL01-MG;;;
718287;14/09/2025;domingo;07:00:00;RJ;101;322;NITEROI;Avarias e/ou desgaste excessivo no pneu;Tombamento;Com V�timas Feridas;Pleno dia;Crescente;C�u Claro;Dupla;Curva;Sim;1;0;1;0;0;0;1;1;-22,87202818;-43,11025785;SPRF-RJ;DEL02-RJ;UOP01-DEL02-RJ;;;
718289;14/09/2025;domingo;06:50:00;SC;101;10,4;GARUVA;Ingest�o de �lcool pelo condutor;Colis�o com objeto;Com V�timas Feridas;Pleno dia;Decrescente;C�u Claro;Dupla;Reta;N�o;1;0;1;0;0;0;1;1;-26,0641849;-48,86032104;SPRF-SC;DEL03-SC;UOP01-DEL03-SC;;;
718290;07/05/2025;quarta-feira;16:45:00;PI;135;351;BOM JESUS;Acessar a via sem observar a presen�a dos outros ve�culos;Colis�o transversal;Com V�timas Feridas;Pleno dia;Decrescente;C�u Claro;Dupla;"Reta;Retorno Regulamentado;Aclive";Sim;3;0;0;1;2;0;1;2;-9,07527239;-44,35393095;SPRF-PI;DEL03-PI;UOP02-DEL03-PI;;;
718293;14/09/2025;domingo;07:30:00;MG;381;745,5;TRES CORACOES;Mal s�bito do condutor;Sa�da de leito carro��vel;Com V�timas Feridas;Pleno dia;Crescente;C�u Claro;Dupla;Curva;N�o;2;0;2;0;0;0;2;1;-21,61641975;-45,25697708;SPRF-MG;DEL16-MG;UOP02-DEL16-MG;;;
718294;14/09/2025;domingo;06:50:00;RJ;40;6,8;COMENDADOR LEVY GASPARIAN;Rea��o tardia ou ineficiente do condutor;Sa�da de leito carro��vel;Com V�timas Feridas;Pleno dia;Decrescente;Garoa/Chuvisco;Dupla;Curva;Sim;1;0;1;0;0;0;1;1;-22,031093;-43,225658;SPRF-RJ;DEL05-RJ;UOP02-DEL05-RJ;;;
718297;14/09/2025;domingo;07:00:00;MG;40;787;JUIZ DE FORA;Condutor Dormindo;Sa�da de leito carro��vel;Com V�timas Feridas;Pleno dia;Decrescente;Garoa/Chuvisco;Dupla;Curva;N�o;1;0;0;1;0;0;1;1;-21,75184688;-43,44526291;SPRF-MG;DEL05-MG;UOP01-DEL05-MG;;;
718298;14/09/2025;domingo;08:10:00;PB;230;56;CRUZ DO ESPIRITO SANTO;Avarias e/ou desgaste excessivo no pneu;Tombamento;Com V�timas Feridas;Pleno dia;Decrescente;C�u Claro;Dupla;Reta;N�o;2;0;0;1;1;0;1;1;-7,20261;-35,11082;SPRF-PB;DEL01-PB;UOP02-DEL01-PB;;;
718299;14/09/2025;domingo;09:00:00;MG;116;115;ITAOBIM;Acessar a via sem observar a presen�a dos outros ve�culos;Colis�o transversal;Com V�timas Feridas;Pleno dia;Decrescente;C�u Claro;Simples;"Aclive;Reta";Sim;3;0;2;0;1;0;2;2;-16,56206059;-41,50352597;SPRF-MG;DEL11-MG;UOP02-DEL11-MG;;;
718302;14/09/2025;domingo;09:40:00;MG;40;553,7;NOVA LIMA;Pedestre andava na pista;Atropelamento de Pedestre;Com V�timas Feridas;Pleno dia;Decrescente;Nublado;Dupla;Curva;Sim;4;0;0;1;3;0;1;2;-20,07519208;-43,98305386;SPRF-MG;DEL01-MG;UOP02-DEL01-MG;;;
718303;14/09/2025;domingo;09:22:00;PA;230;688,8;ALTAMIRA;Rea��o tardia ou ineficiente do condutor;Colis�o traseira;Com V�timas Feridas;Pleno dia;Crescente;C�u Claro;Simples;Reta;N�o;5;0;3;0;1;1;3;3;-3,2918721;-52,48951261;SPRF-PA;DEL04-PA;UOP01-DEL04-PA;;;
718304;14/09/2025;domingo;07:00:00;TO;153;542;NOVA ROSALANDIA;Condutor Dormindo;Sa�da de leito carro��vel;Com V�timas Feridas;Amanhecer;Crescente;C�u Claro;Simples;Reta;N�o;2;0;1;0;0;1;1;1;-10,577;-48,914;SPRF-TO;DEL01-TO;UOP01-DEL01-TO;;;
718305;14/09/2025;domingo;09:30:00;MG;50;3;UBERLANDIA;Demais falhas mec�nicas ou el�tricas;Inc�ndio;Sem V�timas;Pleno dia;Crescente;C�u Claro;Dupla;Aclive;N�o;1;0;0;0;0;1;0;1;-18,854168;-48,22817;SPRF-MG;DEL15-MG;UOP01-DEL15-MG;;;
718306;14/09/2025;domingo;09:10:00;PR;116;122;CURITIBA;Aus�ncia de rea��o do condutor;Colis�o com objeto;Com V�timas Feridas;Pleno dia;Crescente;Sol;Dupla;Reta;N�o;1;0;1;0;0;0;1;1;-25,613665;-49,318428;SPRF-PR;DEL01-PR;UOP03-DEL01-PR;;;
718308;14/09/2025;domingo;07:10:00;SC;470;95;APIUNA;Rea��o tardia ou ineficiente do condutor;Tombamento;Com V�timas Feridas;Pleno dia;Decrescente;Nublado;Simples;Reta;N�o;2;0;2;0;0;0;2;1;-27,01352277;-49,37161446;SPRF-SC;DEL04-SC;UOP01-DEL04-SC;;;
718309;14/09/2025;domingo;09:47:00;PB;230;71;SANTA RITA;Condutor deixou de manter dist�ncia do ve�culo da frente;Colis�o traseira;Com V�timas Feridas;Pleno dia;Crescente;C�u Claro;Dupla;"Declive;Reta";N�o;2;0;1;0;1;0;1;2;-7,066272;-35,007819;SPRF-PB;DEL01-PB;UOP02-DEL01-PB;;;
718310;14/09/2025;domingo;08:25:00;RR;401;30;BONFIM;Rea��o tardia ou ineficiente do condutor;Tombamento;Com V�timas Feridas;Pleno dia;Decrescente;C�u Claro;Simples;Reta;N�o;2;0;2;0;0;0;2;1;2,865814;-60,556067;SPRF-RR;DEL01-RR;UOP01-DEL01-RR;;;
718311;14/09/2025;domingo;09:00:00;RO;364;709;PORTO VELHO;Rea��o tardia ou ineficiente do condutor;Tombamento;Com V�timas Feridas;Pleno dia;Crescente;C�u Claro;Dupla;Reta;Sim;1;0;1;0;0;0;1;1;-8,79049294;-63,84987328;SPRF-RO;DEL01-RO;UOP01-DEL01-RO;;;
718312;14/09/2025;domingo;08:05:00;PI;316;17,8;TERESINA;Transitar no Acostamento;Queda de ocupante de ve�culo;Com V�timas Feridas;Pleno dia;Decrescente;C�u Claro;Dupla;Reta;N�o;1;0;1;0;0;0;1;1;-5,2476006;-42,7319406;SPRF-PI;DEL01-PI;UOP02-DEL01-PI;;;
718313;14/09/2025;domingo;10:20:00;ES;101;170,3;LINHARES;Demais falhas mec�nicas ou el�tricas;Tombamento;Com V�timas Feridas;Pleno dia;Crescente;Nublado;Simples;Reta;N�o;2;0;0;1;1;0;1;1;-19,55218;-40,170038;SPRF-ES;DEL04-ES;UOP01-DEL04-ES;;;
718314;14/09/2025;domingo;09:55:00;SC;101;51;JOINVILLE;Aus�ncia de rea��o do condutor;Queda de ocupante de ve�culo;Com V�timas Feridas;Pleno dia;Decrescente;C�u Claro;M�ltipla;"Declive;Reta";N�o;1;0;1;0;0;0;1;1;-26,39637606;-48,8389891;SPRF-SC;DEL03-SC;UOP01-DEL03-SC;;;
718315;14/09/2025;domingo;06:01:00;PA;163;584;TRAIRAO;Pista esburacada;Sa�da de leito carro��vel;Sem V�timas;Pleno dia;Crescente;C�u Claro;Simples;Reta;N�o;1;0;0;0;1;0;0;1;-4,955;-56,205;SPRF-PA;DEL05-PA;UOP03-DEL05-PA;;;
718316;14/09/2025;domingo;11:15:00;RJ;101;82;CAMPOS DOS GOYTACAZES;Mal s�bito do condutor;Colis�o lateral sentido oposto;Com V�timas Feridas;Pleno dia;Decrescente;C�u Claro;Simples;Reta;N�o;2;0;0;1;1;0;1;2;-21,82966439;-41,45354008;SPRF-RJ;DEL08-RJ;UOP02-DEL08-RJ;;;
718318;14/09/2025;domingo;09:50:00;PI;316;310;PICOS;Acessar a via sem observar a presen�a dos outros ve�culos;Colis�o transversal;Com V�timas Feridas;Pleno dia;Crescente;C�u Claro;Simples;Reta;Sim;2;0;1;0;1;0;1;2;-7,076857;-41,477168;SPRF-PI;DEL04-PI;UOP01-DEL04-PI;;;
718320;14/09/2025;domingo;08:54:00;RO;364;294;PRESIDENTE MEDICI;Acessar a via sem observar a presen�a dos outros ve�culos;Colis�o lateral mesmo sentido;Com V�timas Feridas;Pleno dia;Decrescente;C�u Claro;Simples;Reta;N�o;5;0;1;0;3;1;1;3;-11,298;-61,89337;SPRF-RO;DEL02-RO;UOP01-DEL02-RO;;;
718321;14/09/2025;domingo;11:40:00;PA;163;988;SANTAREM;Convers�o proibida;Colis�o lateral mesmo sentido;Com V�timas Feridas;Pleno dia;Crescente;C�u Claro;Simples;Reta;N�o;4;0;1;1;2;0;2;3;-2,574515;-54,720867;SPRF-PA;DEL05-PA;UOP01-DEL05-PA;;;
718322;14/09/2025;domingo;11:45:00;SP;153;63,8;SAO JOSE DO RIO PRETO;Manobra de mudan�a de faixa;Colis�o traseira;Com V�timas Feridas;Pleno dia;Crescente;C�u Claro;Dupla;Reta;Sim;2;0;0;1;1;0;1;2;-20,827215;-49,35934;SPRF-SP;DEL09-SP;UOP01-DEL09-SP;;;
718323;14/09/2025;domingo;12:00:00;GO;414;411;ABADIANIA;Velocidade Incompat�vel;Sa�da de leito carro��vel;Com V�timas Feridas;Pleno dia;Decrescente;C�u Claro;Simples;Rotat�ria;Sim;2;0;1;1;0;0;2;1;-16,052377;-48,853057;SPRF-GO;DEL02-GO;UOP01-DEL02-GO;;;
718325;14/09/2025;domingo;11:40:00;SC;116;34,2;ITAIOPOLIS;Acessar a via sem observar a presen�a dos outros ve�culos;Colis�o transversal;Com V�timas Feridas;Pleno dia;Decrescente;C�u Claro;Simples;"Reta;Interse��o de Vias";Sim;3;0;1;0;2;0;1;2;-26,33215306;-49,99813557;SPRF-SC;DEL06-SC;UOP01-DEL06-SC;;;
718326;14/09/2025;domingo;13:15:00;GO;153;632,5;MORRINHOS;Condutor Dormindo;Sa�da de leito carro��vel;Com V�timas Fatais;Pleno dia;Crescente;C�u Claro;Dupla;Reta;N�o;5;1;0;4;0;0;4;1;-17,805473;-49,207751;SPRF-GO;DEL03-GO;UOP01-DEL03-GO;;;
718330;14/09/2025;domingo;12:50:00;SC;282;1,4;FLORIANOPOLIS;Condutor Dormindo;Colis�o com objeto;Com V�timas Feridas;Pleno dia;Decrescente;Sol;M�ltipla;Reta;Sim;2;0;2;0;0;0;2;1;-27,60374511;-48,58489959;SPRF-SC;DEL01-SC;UOP01-DEL01-SC;;;
718331;14/09/2025;domingo;09:50:00;MA;135;152,7;MATOES DO NORTE;Ultrapassagem Indevida;Sa�da de leito carro��vel;Com V�timas Feridas;Pleno dia;Crescente;C�u Claro;Simples;"Reta;Desvio Tempor�rio;Em Obras";N�o;5;0;2;0;2;1;2;2;-3,783895;-44,509305;SPRF-MA;DEL03-MA;UOP01-DEL03-MA;;;
718334;14/09/2025;domingo;10:00:00;PB;427;32,5;POMBAL;Rea��o tardia ou ineficiente do condutor;Sa�da de leito carro��vel;Com V�timas Fatais;Pleno dia;Decrescente;C�u Claro;Simples;Aclive;N�o;1;1;0;0;0;0;0;1;-6,737612;-37,740207;SPRF-PB;DEL03-PB;UOP02-DEL03-PB;;;
718335;14/09/2025;domingo;11:20:00;RJ;40;68;PETROPOLIS;Velocidade Incompat�vel;Sa�da de leito carro��vel;Com V�timas Feridas;Pleno dia;Crescente;Nublado;Dupla;Curva;N�o;1;0;1;0;0;0;1;1;-22,43686292;-43,1755155;SPRF-RJ;DEL05-RJ;UOP02-DEL05-RJ;;;
718337;14/09/2025;domingo;14:35:00;PE;232;34;MORENO;Aus�ncia de rea��o do condutor;Atropelamento de Pedestre;Com V�timas Feridas;Pleno dia;Decrescente;C�u Claro;Dupla;Reta;Sim;2;0;0;1;1;0;1;2;-8,110373;-35,199305;SPRF-PE;DEL02-PE;UOP02-DEL02PE;;;
718338;14/09/2025;domingo;14:35:00;SC;280;55;GUARAMIRIM;Pedestre cruzava a pista fora da faixa;Atropelamento de Pedestre;Com V�timas Feridas;Pleno dia;Crescente;Nublado;Dupla;Reta;Sim;2;0;1;0;1;0;1;2;-26,47532585;-48,98853732;SPRF-SC;DEL03-SC;UOP03-DEL03-SC;;;
718339;14/09/2025;domingo;14:00:00;RJ;116;129;MAGE;Aus�ncia de rea��o do condutor;Colis�o com objeto;Com V�timas Feridas;Pleno dia;Crescente;Nublado;Dupla;Curva;N�o;1;0;1;0;0;0;1;1;-22,66280894;-43,11601639;SPRF-RJ;DEL04-RJ;UOP02-DEL04-RJ;;;
718340;14/09/2025;domingo;14:30:00;SC;101;201,8;SAO JOSE;Manobra de mudan�a de faixa;Colis�o lateral mesmo sentido;Com V�timas Feridas;Pleno dia;Decrescente;Nublado;Dupla;"Reta;Interse��o de Vias";Sim;2;0;1;1;0;0;2;2;-27,5556635;-48,6190228;SPRF-SC;DEL01-SC;UOP01-DEL01-SC;;;
718341;14/09/2025;domingo;13:30:00;RR;432;189;CANTA;Rea��o tardia ou ineficiente do condutor;Tombamento;Com V�timas Feridas;Pleno dia;Decrescente;C�u Claro;Simples;Curva;N�o;1;0;0;1;0;0;1;1;2,59446127;-60,62152863;SPRF-RR;DEL01-RR;UOP01-DEL01-RR;;;
718342;14/09/2025;domingo;15:20:00;GO;414;348;COCALZINHO DE GOIAS;Ultrapassagem Indevida;Colis�o frontal;Com V�timas Feridas;Pleno dia;Crescente;C�u Claro;Simples;Curva;N�o;3;0;0;3;0;0;3;2;-15,609046;-48,65503;SPRF-GO;DEL02-GO;UOP01-DEL02-GO;;;
718343;14/09/2025;domingo;15:25:00;RS;290;94;PORTO ALEGRE;Rea��o tardia ou ineficiente do condutor;Colis�o traseira;Com V�timas Feridas;Pleno dia;Decrescente;C�u Claro;Dupla;Reta;N�o;2;0;1;0;1;0;1;2;-29,97160089;-51,1903038;SPRF-RS;DEL01-RS;UOP01-DEL01-RS;;;
718346;14/09/2025;domingo;14:50:00;SC;470;49;BLUMENAU;Aus�ncia de rea��o do condutor;Capotamento;Sem V�timas;Pleno dia;Crescente;C�u Claro;Dupla;Curva;Sim;1;0;0;0;0;1;0;1;-26,86134546;-49,06926982;SPRF-SC;DEL04-SC;UOP01-DEL04-SC;;;
718347;14/09/2025;domingo;15:32:00;GO;153;515;APARECIDA DE GOIANIA;Ingest�o de �lcool pelo condutor;Colis�o traseira;Com V�timas Feridas;Pleno dia;Decrescente;C�u Claro;Dupla;Reta;N�o;6;0;0;1;5;0;1;2;-16,8048373;-49,2397626;SPRF-GO;DEL01-GO;UOP03-DEL01-GO;;;
718350;14/09/2025;domingo;16:00:00;BA;367;72;EUNAPOLIS;Retorno proibido;Colis�o transversal;Com V�timas Feridas;Pleno dia;Crescente;C�u Claro;Simples;Curva;N�o;3;0;0;2;1;0;2;2;-16,38744098;-39,48157328;SPRF-BA;DEL09-BA;UOP03-DEL09-BA;;;
718351;14/09/2025;domingo;15:35:00;SC;101;90,5;BARRA VELHA;Avarias e/ou desgaste excessivo no pneu;Tombamento;Com V�timas Feridas;Pleno dia;Decrescente;C�u Claro;Dupla;Reta;N�o;2;0;2;0;0;0;2;1;-26,65728636;-48,68792709;SPRF-SC;DEL03-SC;UOP02-DEL03-SC;;;
718352;14/09/2025;domingo;16:20:00;ES;262;63,7;MARECHAL FLORIANO;Condutor Dormindo;Colis�o frontal;Com V�timas Feridas;Pleno dia;Crescente;Nublado;Simples;Reta;N�o;5;0;1;4;0;0;5;2;-20,412165;-40,858965;SPRF-ES;DEL01-ES;UOP02-DEL01-ES;;;
718353;14/09/2025;domingo;16:10:00;SP;153;31,5;NOVA GRANADA;Desrespeitar a prefer�ncia no cruzamento;Colis�o transversal;Com V�timas Feridas;Pleno dia;Crescente;C�u Claro;Simples;"Retorno Regulamentado;Reta;Interse��o de Vias";N�o;5;0;3;0;2;0;3;2;-20,551581;-49,327512;SPRF-SP;DEL09-SP;UOP01-DEL09-SP;;;
718355;14/09/2025;domingo;16:15:00;MG;50;72;UBERLANDIA;Aus�ncia de rea��o do condutor;Colis�o lateral mesmo sentido;Com V�timas Feridas;Pleno dia;Crescente;C�u Claro;Dupla;Reta;Sim;2;0;0;1;1;0;1;2;-18,896995;-48,245867;SPRF-MG;DEL15-MG;UOP01-DEL15-MG;;;
718357;14/09/2025;domingo;15:30:00;PR;476;143,6;CURITIBA;Aus�ncia de rea��o do condutor;Sa�da de leito carro��vel;Com V�timas Feridas;Pleno dia;Crescente;C�u Claro;Dupla;Curva;Sim;2;0;2;0;0;0;2;1;-25,53820583;-49,31210009;SPRF-PR;DEL01-PR;UOP03-DEL01-PR;;;
718358;14/09/2025;domingo;15:20:00;PR;376;215,5;JANDAIA DO SUL;Velocidade Incompat�vel;Colis�o lateral mesmo sentido;Sem V�timas;Pleno dia;Crescente;C�u Claro;Dupla;Declive;Sim;4;0;0;0;3;1;0;3;-23,58598348;-51,64749797;SPRF-PR;DEL09-PR;UOP01-DEL09-PR;;;
718360;14/09/2025;domingo;15:58:00;PE;232;233;PESQUEIRA;Rea��o tardia ou ineficiente do condutor;Colis�o transversal;Com V�timas Feridas;Pleno dia;Decrescente;C�u Claro;Simples;Reta;N�o;2;0;0;1;1;0;1;2;-8,405417;-36,817412;SPRF-PE;DEL03-PE;UOP02-DEL03-PE;;;
718361;14/09/2025;domingo;15:20:00;AP;156;793;OIAPOQUE;Demais falhas na via;Colis�o traseira;Com V�timas Feridas;Pleno dia;Decrescente;C�u Claro;Simples;Reta;N�o;5;0;2;1;2;0;3;2;3,802262;-51,78119;SPRF-AP;DEL01-AP;UOP03-DEL01-AP;;;
718362;14/09/2025;domingo;16:15:00;GO;153;84;PORANGATU;Aus�ncia de rea��o do condutor;Sa�da de leito carro��vel;Com V�timas Feridas;Pleno dia;Decrescente;Nublado;Simples;Curva;N�o;1;0;0;1;0;0;1;1;-13,54967719;-49,10004258;SPRF-GO;DEL07-GO;UOP01-DEL07-GO;;;
718363;14/09/2025;domingo;13:50:00;PB;230;463;SOUSA;Velocidade Incompat�vel;Queda de ocupante de ve�culo;Com V�timas Feridas;Pleno dia;Crescente;C�u Claro;Simples;Reta;N�o;2;0;0;2;0;0;2;2;-6,781033;-38,254;SPRF-PB;DEL03-PB;UOP03-DEL03-PB;;;
718364;14/09/2025;domingo;17:30:00;RN;101;105;PARNAMIRIM;Avarias e/ou desgaste excessivo no pneu;Tombamento;Com V�timas Feridas;Anoitecer;Crescente;C�u Claro;Dupla;Reta;N�o;1;0;0;1;0;0;1;1;-5,902553;-35,259683;SPRF-RN;DEL01-RN;UOP01-DEL01-RN;;;
718365;14/09/2025;domingo;16:30:00;PI;343;148;PIRACURUCA;Aus�ncia de rea��o do condutor;Colis�o com objeto;Com V�timas Feridas;Pleno dia;Crescente;C�u Claro;Simples;Curva;N�o;1;0;1;0;0;0;1;1;-3,9804;-41,7571;SPRF-PI;DEL02-PI;UOP01-DEL02-PI;;;
718367;14/09/2025;domingo;17:20:00;SC;101;318;PESCARIA BRAVA;Acessar a via sem observar a presen�a dos outros ve�culos;Colis�o transversal;Com V�timas Feridas;Pleno dia;Crescente;C�u Claro;Simples;"Interse��o de Vias;Viaduto";Sim;5;0;1;0;4;0;1;2;-28,42725496;-48,88328645;SPRF-SC;DEL02-SC;UOP01-DEL02-SC;;;
718368;14/09/2025;domingo;17:10:00;PR;376;107,5;PARANAVAI;Rea��o tardia ou ineficiente do condutor;Sa�da de leito carro��vel;Com V�timas Feridas;Pleno dia;Decrescente;C�u Claro;Dupla;"Reta;Aclive";Sim;2;0;1;0;1;0;1;1;-23,06528116;-52,4290967;SPRF-PR;DEL09-PR;UOP02-DEL09-PR;;;
718369;14/09/2025;domingo;17:36:00;SC;101;150;ITAPEMA;Manobra de mudan�a de faixa;Colis�o lateral mesmo sentido;Com V�timas Feridas;Pleno dia;Decrescente;Nublado;Dupla;Reta;Sim;3;0;0;1;2;0;1;3;-27,1217916;-48,6092004;SPRF-SC;DEL04-SC;UOP03-DEL04-SC;;;
718370;14/09/2025;domingo;17:00:00;ES;393;2,2;CACHOEIRO DE ITAPEMIRIM;Pedestre - Ingest�o de �lcool/ subst�ncias psicoativas;Atropelamento de Pedestre;Com V�timas Feridas;Pleno dia;Crescente;Nublado;Simples;Reta;Sim;2;0;1;0;0;1;1;2;-20,8327139;-41,1761915;SPRF-ES;DEL03-ES;UOP02-DEL03-ES;;;
718372;14/09/2025;domingo;17:30:00;PR;376;597,8;CURITIBA;Velocidade Incompat�vel;Tombamento;Com V�timas Feridas;Pleno dia;Crescente;C�u Claro;Dupla;"Reta;Declive";Sim;2;0;2;0;0;0;2;2;-25,485622;-49,347236;SPRF-PR;DEL01-PR;UOP03-DEL01-PR;;;
718373;14/09/2025;domingo;17:13:00;RN;110;47,9;MOSSORO;Acessar a via sem observar a presen�a dos outros ve�culos;Colis�o transversal;Com V�timas Feridas;Pleno dia;Crescente;C�u Claro;Simples;"Interse��o de Vias;Reta";Sim;2;0;1;0;0;1;1;2;-5,208728;-37,332778;SPRF-RN;DEL04-RN;UOP01-DEL04-RN;;;
718375;14/09/2025;domingo;18:00:00;RS;386;367,3;FAZENDA VILANOVA;Rea��o tardia ou ineficiente do condutor;Colis�o transversal;Com V�timas Feridas;Anoitecer;Decrescente;Sol;Dupla;"Interse��o de Vias;Rotat�ria;Reta";Sim;4;0;1;0;3;0;1;2;-29,58164573;-51,84082604;SPRF-RS;DEL04-RS;UOP01-DEL04-RS;;;
718378;14/09/2025;domingo;18:00:00;MG;40;517;RIBEIRAO DAS NEVES;Trafegar com motocicleta (ou similar) entre as faixas;Colis�o transversal;Com V�timas Feridas;Anoitecer;Decrescente;C�u Claro;Dupla;Reta;Sim;7;0;1;0;6;0;1;2;-19,82953751;-44,08350771;SPRF-MG;DEL01-MG;UOP02-DEL01-MG;;;
718380;14/09/2025;domingo;15:10:00;MA;222;364;SANTA INES;Ingest�o de �lcool pelo condutor;Sa�da de leito carro��vel;Sem V�timas;Pleno dia;Decrescente;C�u Claro;Simples;Reta;N�o;1;0;0;0;0;1;0;1;-3,685489;-45,39747;SPRF-MA;DEL02-MA;UOP01-DEL02-MA;;;
718381;14/09/2025;domingo;17:46:00;PB;230;136;MASSARANDUBA;Avarias e/ou desgaste excessivo no pneu;Capotamento;Com V�timas Feridas;Anoitecer;Decrescente;Vento;Dupla;Curva;N�o;1;0;0;1;0;0;1;1;-7,27804961;-35,77199578;SPRF-PB;DEL02-PB;UOP01-DEL02-PB;;;
718382;14/09/2025;domingo;17:40:00;CE;20;257;ITATIRA;Condutor deixou de manter dist�ncia do ve�culo da frente;Colis�o traseira;Sem V�timas;Plena Noite;Crescente;C�u Claro;Simples;Reta;N�o;3;0;0;0;3;0;0;2;-4,72614362;-39,46745809;SPRF-CE;DEL02-CE;UOP01-DEL02-CE;;;
718383;14/09/2025;domingo;18:00:00;MG;381;7;BETIM;Rea��o tardia ou ineficiente do condutor;Tombamento;Com V�timas Feridas;Plena Noite;Crescente;C�u Claro;Dupla;Reta;N�o;1;0;0;1;0;0;1;1;-19,98788451;-44,19823838;SPRF-MG;DEL01-MG;UOP03-DEL01-MG;;;
718384;14/09/2025;domingo;16:48:00;PE;316;27;ARARIPINA;Transitar na contram�o;Colis�o transversal;Com V�timas Feridas;Anoitecer;Crescente;C�u Claro;Simples;Reta;Sim;2;0;1;0;1;0;1;2;-7,60284166;-40,49042344;SPRF-PE;DEL05-PE;UOP02-DEL05-PE;;;
718385;14/09/2025;domingo;17:05:00;RS;470;167;VILA FLORES;Aus�ncia de rea��o do condutor;Sa�da de leito carro��vel;Com V�timas Feridas;Pleno dia;Crescente;C�u Claro;Simples;"Declive;Reta";Sim;1;0;1;0;0;0;1;1;-28,87078666;-51,55098438;SPRF-RS;DEL06-RS;UOP02-DEL06-RS;;;
718386;14/09/2025;domingo;17:30:00;MA;316;600;TIMON;Condutor deixou de manter dist�ncia do ve�culo da frente;Capotamento;Com V�timas Feridas;Anoitecer;Decrescente;C�u Claro;Simples;Reta;N�o;4;0;2;0;2;0;2;1;-5,023489;-42,957204;SPRF-MA;DEL03-MA;UOP02-DEL03-MA;;;
718387;14/09/2025;domingo;19:10:00;GO;414;438;ANAPOLIS;Ingest�o de �lcool pelo condutor;Colis�o traseira;Sem V�timas;Plena Noite;Crescente;C�u Claro;Simples;"Declive;Reta";Sim;3;0;0;0;3;0;0;2;-16,269366;-48,939671;SPRF-GO;DEL02-GO;UOP01-DEL02-GO;;;
718388;14/09/2025;domingo;18:21:00;SC;101;227;PALHOCA;Condutor deixou de manter dist�ncia do ve�culo da frente;Engavetamento;Com V�timas Feridas;Plena Noite;Decrescente;C�u Claro;Dupla;Reta;Sim;7;0;0;1;4;2;1;6;-27,74884705;-48,63560423;SPRF-SC;DEL01-SC;UOP02-DEL01-SC;;;
718390;14/09/2025;domingo;19:00:00;SP;116;224,5;GUARULHOS;Rea��o tardia ou ineficiente do condutor;Colis�o traseira;Com V�timas Feridas;Plena Noite;Decrescente;Nublado;M�ltipla;Reta;Sim;5;0;1;0;3;1;1;3;-23,483026;-46,53704;SPRF-SP;DEL01-SP;UOP01-DEL01-SP;;;
718391;14/09/2025;domingo;19:10:00;ES;101;266,4;SERRA;Pedestre cruzava a pista fora da faixa;Atropelamento de Pedestre;Com V�timas Feridas;Plena Noite;Crescente;C�u Claro;Dupla;Reta;Sim;1;0;1;0;0;0;1;1;-20,19440188;-40,26848317;SPRF-ES;DEL02-ES;UOP01-DEL02-ES;;;
718392;14/09/2025;domingo;19:20:00;SE;235;55;ITABAIANA;Pedestre cruzava a pista fora da faixa;Atropelamento de Pedestre;Com V�timas Feridas;Plena Noite;Decrescente;C�u Claro;Simples;Reta;Sim;4;0;1;0;3;0;1;2;-10,66728679;-37,44609324;SPRF-SE;DEL01-SE;UOP02-DEL01-SE;;;
718393;14/09/2025;domingo;18:50:00;GO;40;24;LUZIANIA;Aus�ncia de rea��o do condutor;Colis�o com objeto;Com V�timas Feridas;Plena Noite;Decrescente;C�u Claro;Dupla;Reta;Sim;4;0;3;0;1;0;3;1;-16,24123152;-47,90947661;SPRF-DF;DEL01-DF;UOP01-DEL01-DF;;;
718394;14/09/2025;domingo;18:45:00;SC;101;210;SAO JOSE;Rea��o tardia ou ineficiente do condutor;Tombamento;Com V�timas Feridas;Plena Noite;Decrescente;C�u Claro;Dupla;Reta;N�o;1;0;1;0;0;0;1;1;-27,61775323;-48,64648528;SPRF-SC;DEL01-SC;UOP01-DEL01-SC;;;