id;data_inversa;dia_semana;horario;uf;br;km;municipio;causa_acidente;tipo_acidente;classificacao_acidente;fase_dia;sentido_via;condicao_metereologica;tipo_pista;tracado_via;uso_solo;pessoas;mortos;feridos_leves;feridos_graves;ilesos;ignorados;feridos;veiculos;latitude;longitude;regional;delegacia;uop;;;
718618;15/09/2025;segunda-feira;12:30:00;MA;222;311;VITORIA DO MEARIM;Condutor deixou de manter dist�ncia do ve�culo da frente;Colis�o traseira;Com V�timas Feridas;Pleno dia;Crescente;C�u Claro;Simples;Reta;N�o;3;0;0;2;0;1;2;2;-3,55277;-44,915039;SPRF-MA;DEL02-MA;UOP01-DEL02-MA;;;
718619;15/09/2025;segunda-feira;15:45:00;RJ;356;184;SAO JOAO DA BARRA;Acessar a via sem observar a presen�a dos outros ve�culos;Colis�o transversal;Com V�timas Feridas;Pleno dia;Decrescente;C�u Claro;Simples;"Reta;Interse��o de Vias";Sim;3;0;2;0;1;0;2;2;-21,634355;-41,04372;SPRF-RJ;DEL08-RJ;UOP02-DEL08-RJ;;;
718620;14/09/2025;domingo;21:00:00;PB;361;50;CATINGUEIRA;Velocidade Incompat�vel;Tombamento;Com V�timas Feridas;Plena Noite;Crescente;C�u Claro;Simples;Reta;N�o;2;0;1;1;0;0;2;1;-7,154865;-37,664361;SPRF-PB;DEL03-PB;UOP01-DEL03-PB;;;
718621;15/09/2025;segunda-feira;15:55:00;PE;104;61;CARUARU;Acessar a via sem observar a presen�a dos outros ve�culos;Colis�o transversal;Com V�timas Feridas;Pleno dia;Decrescente;C�u Claro;Dupla;Reta;Sim;2;0;1;0;1;0;1;2;-8,24844;-35,97499;SPRF-PE;DEL02-PE;UOP01-DEL02-PE;;;
718622;15/09/2025;segunda-feira;15:50:00;SC;101;118;ITAJAI;Rea��o tardia ou ineficiente do condutor;Colis�o lateral mesmo sentido;Com V�timas Feridas;Pleno dia;Decrescente;Nublado;M�ltipla;Reta;Sim;2;0;1;0;0;1;1;2;-26,89524493;-48,71907282;SPRF-SC;DEL04-SC;UOP04-DEL04-SC;;;
718623;15/09/2025;segunda-feira;08:00:00;PI;316;242;INHUMA;Aus�ncia de rea��o do condutor;Colis�o traseira;Com V�timas Feridas;Pleno dia;Decrescente;C�u Claro;Simples;Reta;Sim;2;0;1;0;0;1;1;2;-6,679427;-41,71885;SPRF-PI;DEL04-PI;UOP02-DEL04-PI;;;
718625;15/09/2025;segunda-feira;11:30:00;SC;470;174;POUSO REDONDO;Ingest�o de �lcool pelo condutor;Sa�da de leito carro��vel;Sem V�timas;Pleno dia;Decrescente;C�u Claro;Simples;"Reta;Aclive";Sim;1;0;0;0;1;0;0;1;-27,258725;-49,926465;SPRF-SC;DEL04-SC;UOP02-DEL04-SC;;;
718627;13/09/2025;s�bado;15:00:00;PR;163;143;CAPITAO LEONIDAS MARQUES;Rea��o tardia ou ineficiente do condutor;Tombamento;Com V�timas Feridas;Pleno dia;Crescente;C�u Claro;Dupla;"Reta;Declive";N�o;2;0;2;0;0;0;2;1;-25,51410465;-53,59113669;SPRF-PR;DEL05-PR;UOP05-DEL05-PR;;;
718629;15/09/2025;segunda-feira;17:00:00;RN;304;37;MOSSORO;Condutor deixou de manter dist�ncia do ve�culo da frente;Colis�o traseira;Com V�timas Feridas;Pleno dia;Decrescente;C�u Claro;Dupla;Reta;Sim;2;0;1;0;0;1;1;2;-5,17648509;-37,36411482;SPRF-RN;DEL04-RN;UOP02-DEL04-RN;;;
718630;15/09/2025;segunda-feira;16:50:00;BA;324;516;FEIRA DE SANTANA;Convers�o proibida;Colis�o lateral mesmo sentido;Com V�timas Feridas;Pleno dia;Crescente;Sol;Simples;Reta;Sim;2;0;1;0;1;0;1;2;-12,2473768;-38,93461257;SPRF-BA;DEL02-BA;UOP01-DEL02-BA;;;
718634;15/09/2025;segunda-feira;16:40:00;RN;226;338;PATU;Acessar a via sem observar a presen�a dos outros ve�culos;Colis�o transversal;Com V�timas Feridas;Pleno dia;Crescente;C�u Claro;Simples;Interse��o de Vias;Sim;2;0;1;0;1;0;1;2;-6,090907;-37,640257;SPRF-RN;DEL04-RN;UOP01-DEL04-RN;;;
718635;15/09/2025;segunda-feira;16:34:00;RN;101;106;PARNAMIRIM;Rea��o tardia ou ineficiente do condutor;Engavetamento;Com V�timas Feridas;Pleno dia;Crescente;C�u Claro;Dupla;Reta;Sim;5;0;1;0;4;0;1;3;-5,91159605;-35,26179727;SPRF-RN;DEL01-RN;UOP01-DEL01-RN;;;
718636;15/09/2025;segunda-feira;14:40:00;SC;470;137,4;RIO DO SUL;Acessar a via sem observar a presen�a dos outros ve�culos;Colis�o transversal;Com V�timas Feridas;Pleno dia;Crescente;C�u Claro;Simples;Curva;Sim;3;0;1;1;1;0;2;2;-27,19006388;-49,61952416;SPRF-SC;DEL04-SC;UOP02-DEL04-SC;;;
718637;15/09/2025;segunda-feira;15:40:00;PR;476;117,5;COLOMBO;Rea��o tardia ou ineficiente do condutor;Colis�o traseira;Sem V�timas;Pleno dia;Decrescente;C�u Claro;M�ltipla;"Reta;Declive";Sim;3;0;0;0;3;0;0;3;-25,3509759;-49,1780344;SPRF-PR;DEL01-PR;UOP01-DEL01-PR;;;
718638;15/09/2025;segunda-feira;15:20:00;MG;40;140,5;JOAO PINHEIRO;Demais falhas mec�nicas ou el�tricas;Inc�ndio;Sem V�timas;Pleno dia;Decrescente;C�u Claro;Simples;Declive;N�o;1;0;0;0;1;0;0;1;-17,73749644;-46,19677719;SPRF-MG;DEL14-MG;UOP01-DEL14-MG;;;
718639;15/09/2025;segunda-feira;17:17:00;SC;282;17,4;PALHOCA;Acessar a via sem observar a presen�a dos outros ve�culos;Colis�o transversal;Com V�timas Feridas;Pleno dia;Crescente;C�u Claro;Simples;"Reta;Interse��o de Vias";Sim;3;0;0;1;2;0;1;2;-27,66924763;-48,69109511;SPRF-SC;DEL01-SC;UOP02-DEL01-SC;;;
718640;15/09/2025;segunda-feira;17:40:00;SE;235;3;ARACAJU;Avarias e/ou desgaste excessivo no pneu;Tombamento;Com V�timas Feridas;Anoitecer;Crescente;Nublado;Dupla;Declive;Sim;2;0;0;2;0;0;2;1;-10,9065699;-37,10096804;SPRF-SE;DEL01-SE;UOP01-DEL01-SE;;;
718642;15/09/2025;segunda-feira;17:00:00;PE;428;184;PETROLINA;Curva acentuada;Queda de ocupante de ve�culo;Com V�timas Feridas;Pleno dia;Decrescente;C�u Claro;Simples;Curva;Sim;2;0;1;0;1;0;1;1;-9,346543;-40,473148;SPRF-PE;DEL06-PE;UOP01-DEL06-PE;;;
718644;15/09/2025;segunda-feira;16:45:00;MG;262;442,5;NOVA SERRANA;Convers�o proibida;Colis�o lateral sentido oposto;Com V�timas Feridas;Pleno dia;Decrescente;Sol;Simples;Reta;N�o;3;0;2;0;1;0;2;2;-19,87824;-44,98498;SPRF-MG;DEL08-MG;UOP03-DEL08-MG;;;
718645;15/09/2025;segunda-feira;16:15:00;PR;116;51;CAMPINA GRANDE DO SUL;Velocidade Incompat�vel;Sa�da de leito carro��vel;Sem V�timas;Pleno dia;Crescente;Nublado;Dupla;Curva;N�o;2;0;0;0;2;0;0;1;-25,244957;-48,903222;SPRF-PR;DEL01-PR;UOP02-DEL01-PR;;;
718646;15/08/2025;sexta-feira;08:00:00;GO;60;283;JANDAIA;Demais falhas mec�nicas ou el�tricas;Inc�ndio;Sem V�timas;Pleno dia;Crescente;C�u Claro;Dupla;Curva;N�o;1;0;0;0;0;1;0;1;-17,273835;-50,24026;SPRF-GO;DEL04-GO;UOP02-DEL04-GO;;;
718647;15/09/2025;segunda-feira;18:00:00;PA;316;66;CASTANHAL;Aus�ncia de rea��o do condutor;Colis�o traseira;Com V�timas Feridas;Plena Noite;Crescente;C�u Claro;Dupla;Reta;Sim;2;0;1;0;1;0;1;2;-1,295012;-47,896497;SPRF-PA;DEL01-PA;UOP01-DEL01-PA;;;
718648;15/09/2025;segunda-feira;17:05:00;PR;153;473,4;PORTO VITORIA;Manobra de mudan�a de faixa;Colis�o transversal;Com V�timas Fatais;Anoitecer;Decrescente;Nublado;Simples;Reta;N�o;5;1;2;1;0;1;3;3;-26,31703349;-51,22099932;SPRF-PR;DEL02-PR;UOP03-DEL02-PR;;;
718650;15/09/2025;segunda-feira;15:30:00;MG;365;624;UBERLANDIA;Rea��o tardia ou ineficiente do condutor;Queda de ocupante de ve�culo;Com V�timas Feridas;Pleno dia;Crescente;C�u Claro;Simples;Reta;Sim;1;0;0;1;0;0;1;1;-18,90470309;-48,29141378;SPRF-MG;DEL15-MG;UOP01-DEL15-MG;;;
718651;15/09/2025;segunda-feira;17:20:00;PA;163;969;BELTERRA;Acessar a via sem observar a presen�a dos outros ve�culos;Colis�o transversal;Com V�timas Feridas;Pleno dia;Decrescente;C�u Claro;Simples;"Interse��o de Vias;Retorno Regulamentado";N�o;2;0;0;1;1;0;1;2;-2,66086992;-54,83637245;SPRF-PA;DEL05-PA;UOP01-DEL05-PA;;;
718652;15/09/2025;segunda-feira;12:00:00;GO;60;380;RIO VERDE;Aus�ncia de rea��o do condutor;Colis�o traseira;Com V�timas Feridas;Pleno dia;Decrescente;C�u Claro;Simples;Viaduto;Sim;2;0;1;0;1;0;1;2;-17,78423283;-50,89904863;SPRF-GO;DEL04-GO;UOP02-DEL04-GO;;;
718653;15/09/2025;segunda-feira;18:00:00;PR;376;2,2;APUCARANA;Convers�o proibida;Colis�o transversal;Com V�timas Feridas;Anoitecer;Crescente;C�u Claro;Simples;"Reta;Declive";Sim;2;0;1;0;1;0;1;2;-23,567023;-51,432898;SPRF-PR;DEL07-PR;UOP03-DEL07-PR;;;
718661;15/09/2025;segunda-feira;18:02:00;PE;101;65,3;RECIFE;Aus�ncia de rea��o do condutor;Colis�o com objeto;Sem V�timas;Plena Noite;Crescente;C�u Claro;Dupla;"Reta;Ponte";Sim;4;0;0;0;1;3;0;4;-8,02773;-34,943032;SPRF-PE;DEL01-PE;UOP01-DEL01-PE;;;
718662;15/09/2025;segunda-feira;16:30:00;PR;163;238,2;TOLEDO;Transitar na contram�o;Sa�da de leito carro��vel;Com V�timas Fatais;Pleno dia;Crescente;C�u Claro;Dupla;Curva;N�o;7;2;0;2;1;2;2;4;-24,73692;-53,69651;SPRF-PR;DEL04-PR;UOP01-DEL04-PR;;;
718663;15/09/2025;segunda-feira;18:20:00;SP;116;194,5;SANTA ISABEL;Rea��o tardia ou ineficiente do condutor;Colis�o traseira;Com V�timas Feridas;Plena Noite;Crescente;C�u Claro;Dupla;Reta;N�o;3;0;1;0;2;0;1;3;-23,385569;-46,269674;SPRF-SP;DEL01-SP;UOP01-DEL01-SP;;;
718664;15/09/2025;segunda-feira;16:06:00;MA;135;0,2;SAO LUIS;Manobra de mudan�a de faixa;Colis�o lateral mesmo sentido;Com V�timas Feridas;Pleno dia;Decrescente;C�u Claro;M�ltipla;Reta;Sim;3;0;1;1;0;1;2;2;-2,58193205;-44,24215794;SPRF-MA;DEL01-MA;UOP01-DEL01-MA;;;
718665;08/09/2025;segunda-feira;21:20:00;RJ;101;297;SAO GONCALO;Acessar a via sem observar a presen�a dos outros ve�culos;Atropelamento de Pedestre;Com V�timas Feridas;Plena Noite;Crescente;C�u Claro;Dupla;Reta;N�o;2;0;2;0;0;0;2;2;-22,7928781;-43,0248325;SPRF-RJ;DEL02-RJ;UOP02-DEL02-RJ;;;
718666;08/02/2025;s�bado;04:45:00;SP;153;63,9;SAO JOSE DO RIO PRETO;Ingest�o de �lcool pelo condutor;Colis�o com objeto;Com V�timas Fatais;Amanhecer;Decrescente;C�u Claro;Dupla;Reta;Sim;2;1;1;0;0;0;1;2;-20,826713;-49,358898;SPRF-SP;DEL09-SP;UOP01-DEL09-SP;;;
718667;15/09/2025;segunda-feira;17:10:00;RJ;116;174;SAO JOAO DE MERITI;Manobra de mudan�a de faixa;Capotamento;Com V�timas Feridas;Anoitecer;Crescente;Sol;Dupla;Reta;Sim;1;0;1;0;0;0;1;1;-22,78862353;-43,37461822;SPRF-RJ;DEL06-RJ;UOP01-DEL06-RJ;;;
718668;15/09/2025;segunda-feira;17:10:00;SP;116;279;EMBU DAS ARTES;Trafegar com motocicleta (ou similar) entre as faixas;Colis�o traseira;Com V�timas Feridas;Anoitecer;Crescente;C�u Claro;Dupla;Declive;Sim;1;0;1;0;0;0;1;1;-23,63674006;-46,83334351;SPRF-SP;DEL04-SP;UOP01-DEL04-SP;;;
718670;15/09/2025;segunda-feira;18:13:00;MS;158;255,1;TRES LAGOAS;Ultrapassagem Indevida;Colis�o frontal;Com V�timas Feridas;Plena Noite;Crescente;C�u Claro;Simples;Curva;N�o;4;0;1;1;2;0;2;2;-20,68125722;-51,7723099;SPRF-MS;DEL07-MS;UOP01-DEL07-MS;;;
718672;15/09/2025;segunda-feira;19:48:00;PA;316;24;BENEVIDES;Entrada inopinada do pedestre;Atropelamento de Pedestre;Com V�timas Fatais;Plena Noite;Crescente;C�u Claro;Dupla;Reta;Sim;5;1;0;0;4;0;0;2;-1,339867;-48,243712;SPRF-PA;DEL01-PA;UOP01-DEL01-PA;;;
718673;15/09/2025;segunda-feira;18:25:00;PR;153;110,5;IBAITI;Retorno proibido;Colis�o transversal;Com V�timas Feridas;Anoitecer;Crescente;C�u Claro;Simples;Interse��o de Vias;Sim;2;0;1;1;0;0;2;2;-23,85574416;-50,19479362;SPRF-PR;DEL07-PR;UOP04-DEL07-PR;;;
718674;15/09/2025;segunda-feira;19:20:00;RJ;465;21;NOVA IGUACU;Aus�ncia de rea��o do condutor;Colis�o traseira;Com V�timas Feridas;Plena Noite;Decrescente;C�u Claro;Simples;Reta;N�o;2;0;0;1;1;0;1;2;-22,85758845;-43,60173917;SPRF-RJ;DEL06-RJ;UOP02-DEL06-RJ;;;
718677;15/09/2025;segunda-feira;18:45:00;PR;369;37;ANDIRA;Acessar a via sem observar a presen�a dos outros ve�culos;Colis�o transversal;Com V�timas Feridas;Plena Noite;Crescente;C�u Claro;Dupla;Reta;Sim;3;0;2;0;1;0;2;2;-23,04389312;-50,23026315;SPRF-PR;DEL07-PR;UOP05-DEL07-PR;;;
718678;15/09/2025;segunda-feira;18:20:00;MS;463;110;PONTA PORA;Velocidade Incompat�vel;Colis�o traseira;Com V�timas Fatais;Plena Noite;Crescente;Nublado;Dupla;Reta;Sim;3;1;1;0;0;1;1;2;-22,566653;-55,696543;SPRF-MS;DEL04-MS;UOP03-DEL04-MS;;;
718681;15/09/2025;segunda-feira;20:17:00;CE;222;313;TIANGUA;Aus�ncia de rea��o do condutor;Colis�o com objeto;Sem V�timas;Plena Noite;Crescente;C�u Claro;Dupla;Reta;Sim;1;0;0;0;1;0;0;1;-3,730427;-41,000967;SPRF-CE;DEL04-CE;UOP02-DEL04-CE;;;
718683;15/09/2025;segunda-feira;19:45:00;RJ;101;323;NITEROI;Rea��o tardia ou ineficiente do condutor;Colis�o com objeto;Com V�timas Feridas;Plena Noite;Decrescente;C�u Claro;Dupla;"Ponte;Reta";N�o;1;0;1;0;0;0;1;1;-22,873373;-43,131043;SPRF-RJ;DEL02-RJ;UOP01-DEL02-RJ;;;
718684;15/09/2025;segunda-feira;20:15:00;SP;381;8;VARGEM;Avarias e/ou desgaste excessivo no pneu;Tombamento;Com V�timas Feridas;Plena Noite;Decrescente;C�u Claro;Dupla;Reta;N�o;2;0;2;0;0;0;2;1;-22,917881;-46,432877;SPRF-SP;DEL03-SP;UOP02-DEL03-SP;;;
718685;15/09/2025;segunda-feira;19:50:00;RS;392;117;CANGUCU;Rea��o tardia ou ineficiente do condutor;Colis�o lateral mesmo sentido;Com V�timas Feridas;Plena Noite;Decrescente;Nublado;Simples;"Ponte;Reta;Declive";N�o;2;0;1;0;0;1;1;2;-31,4099946;-52,68136168;SPRF-RS;DEL07-RS;UOP01-DEL07-RS;;;
718686;15/09/2025;segunda-feira;20:00:00;MG;262;676;ARAXA;Demais falhas mec�nicas ou el�tricas;Inc�ndio;Sem V�timas;Plena Noite;Crescente;C�u Claro;Simples;Declive;N�o;4;0;0;0;4;0;0;1;-19,54876;-46,94565;SPRF-MG;DEL08-MG;UOP01-DEL08-MG;;;
718687;15/09/2025;segunda-feira;19:30:00;SC;101;158;PORTO BELO;Rea��o tardia ou ineficiente do condutor;Colis�o traseira;Com V�timas Feridas;Plena Noite;Crescente;Garoa/Chuvisco;Dupla;Reta;N�o;2;0;1;0;1;0;1;2;-27,18860181;-48,61224622;SPRF-SC;DEL04-SC;UOP03-DEL04-SC;;;
718688;15/09/2025;segunda-feira;21:00:00;PB;230;24;JOAO PESSOA;Rea��o tardia ou ineficiente do condutor;Engavetamento;Sem V�timas;Plena Noite;Decrescente;C�u Claro;Dupla;"Aclive;Viaduto;Curva";Sim;3;0;0;0;3;0;0;3;-7,16574401;-34,89742756;SPRF-PB;DEL01-PB;UOP01-DEL01-PB;;;
718690;15/09/2025;segunda-feira;21:15:00;MG;40;511;RIBEIRAO DAS NEVES;Manobra de mudan�a de faixa;Colis�o lateral mesmo sentido;Com V�timas Feridas;Plena Noite;Crescente;C�u Claro;Dupla;Reta;N�o;2;0;1;0;0;1;1;2;-19,782742;-44,117078;SPRF-MG;DEL01-MG;UOP02-DEL01-MG;;;
718691;03/09/2025;quarta-feira;08:35:00;BA;324;618;SALVADOR;Condutor deixou de manter dist�ncia do ve�culo da frente;Colis�o traseira;Sem V�timas;Pleno dia;Decrescente;Chuva;Dupla;Reta;N�o;1;0;0;0;1;0;0;1;-12,899237;-38,4506648;SPRF-BA;DEL01-BA;UOP01-DEL01-BA;;;
718694;15/09/2025;segunda-feira;18:30:00;MT;163;844;SINOP;Afundamento ou ondula��o no pavimento;Queda de ocupante de ve�culo;Com V�timas Feridas;Plena Noite;Crescente;C�u Claro;Simples;Reta;N�o;2;0;0;1;0;1;1;2;-11,7760729;-55,4730817;SPRF-MT;DEL06-MT;UOP02-DEL06-MT;;;
718695;15/09/2025;segunda-feira;18:00:00;MG;116;497,1;INHAPIM;Manobra de mudan�a de faixa;Colis�o traseira;Com V�timas Feridas;Plena Noite;Decrescente;C�u Claro;Simples;"Reta;Declive";N�o;2;0;0;1;0;1;1;2;-19,53627073;-42,12647081;SPRF-MG;DEL06-MG;UOP02-DEL06-MG;;;
718696;15/09/2025;segunda-feira;19:40:00;AC;364;122;RIO BRANCO;Aus�ncia de rea��o do condutor;Colis�o traseira;Com V�timas Feridas;Plena Noite;Decrescente;C�u Claro;Dupla;Reta;Sim;3;0;2;0;1;0;2;2;-10,01419642;-67,69353613;SPRF-AC;DEL01-AC;UOP01-DEL01-AC;;;
718697;15/09/2025;segunda-feira;21:55:00;RS;116;148;CAXIAS DO SUL;Curva acentuada;Colis�o com objeto;Com V�timas Feridas;Plena Noite;Crescente;Chuva;Dupla;"Declive;Curva";Sim;1;0;1;0;0;0;1;1;-29,155289;-51,152028;SPRF-RS;DEL05-RS;UOP01-DEL05-RS;;;
718698;15/09/2025;segunda-feira;22:20:00;SP;116;462;PARIQUERA-ACU;Demais falhas mec�nicas ou el�tricas;Sa�da de leito carro��vel;Com V�timas Feridas;Plena Noite;Crescente;C�u Claro;Dupla;Reta;N�o;2;0;1;1;0;0;2;1;-24,63897446;-47,91203946;SPRF-SP;DEL05-SP;UOP01-DEL05-SP;;;
718699;04/06/2025;quarta-feira;07:30:00;PI;343;262;CAMPO MAIOR;Demais falhas na via;Tombamento;Com V�timas Feridas;Pleno dia;Crescente;C�u Claro;Simples;"Reta;Em Obras";N�o;1;0;0;1;0;0;1;1;-4,84821158;-42,1923786;SPRF-PI;DEL01-PI;UOP03-DEL01-PI;;;
718700;03/09/2025;quarta-feira;11:40:00;RJ;393;279;BARRA DO PIRAI;Condutor deixou de manter dist�ncia do ve�culo da frente;Colis�o lateral mesmo sentido;Com V�timas Feridas;Pleno dia;Decrescente;Ignorado;Simples;Reta;Sim;2;0;1;0;0;1;1;2;-22,47731487;-44,04776126;SPRF-RJ;DEL05-RJ;UOP04-DEL05-RJ;;;
718701;15/09/2025;segunda-feira;18:30:00;PR;158;398,5;LARANJEIRAS DO SUL;Aus�ncia de rea��o do condutor;Colis�o frontal;Com V�timas Fatais;Anoitecer;Crescente;Ignorado;Simples;Reta;N�o;2;1;0;0;1;0;0;2;-25,330858;-52,349391;SPRF-PR;DEL04-PR;UOP02-DEL04-PR;;;
718703;15/09/2025;segunda-feira;23:50:00;SP;488;2;APARECIDA;Condutor Dormindo;Colis�o com objeto;Com V�timas Feridas;Plena Noite;Decrescente;C�u Claro;Dupla;Reta;Sim;5;0;2;3;0;0;5;1;-22,85073853;-45,23765445;SPRF-SP;DEL08-SP;UOP01-DEL08-SP;;;
718708;16/09/2025;ter�a-feira;00:30:00;SC;282;500,5;XANXERE;Velocidade Incompat�vel;Sa�da de leito carro��vel;Sem V�timas;Plena Noite;Crescente;Garoa/Chuvisco;Dupla;Reta;N�o;1;0;0;0;1;0;0;1;-26,8814159;-52,37336802;SPRF-SC;DEL07-SC;UOP01-DEL07-SC;;;
718709;16/09/2025;ter�a-feira;00:10:00;PR;376;181;MARINGA;Rea��o tardia ou ineficiente do condutor;Colis�o traseira;Com V�timas Feridas;Plena Noite;Crescente;C�u Claro;Dupla;Reta;Sim;2;0;0;1;1;0;1;2;-23,4254749;-51,8983628;SPRF-PR;DEL09-PR;UOP01-DEL09-PR;;;
718711;16/09/2025;ter�a-feira;01:15:00;RS;290;75,5;GRAVATAI;Aus�ncia de rea��o do condutor;Colis�o com objeto;Sem V�timas;Plena Noite;Decrescente;Nublado;M�ltipla;Reta;N�o;3;0;0;0;3;0;0;2;-29,95582693;-51,00851297;SPRF-RS;DEL01-RS;UOP01-DEL01-RS;;;
718712;16/09/2025;ter�a-feira;01:15:00;PE;101;136;ESCADA;Velocidade Incompat�vel;Capotamento;Com V�timas Feridas;Plena Noite;Decrescente;C�u Claro;Dupla;Curva;N�o;1;0;1;0;0;0;1;1;-8,41434285;-35,30538082;SPRF-PE;DEL01-PE;UOP03-DEL01-PE;;;
718713;16/09/2025;ter�a-feira;02:30:00;SP;116;283;EMBU DAS ARTES;Manobra de mudan�a de faixa;Sa�da de leito carro��vel;Sem V�timas;Plena Noite;Decrescente;C�u Claro;Dupla;Reta;Sim;2;0;0;0;0;2;0;2;-23,670384;-46,85593693;SPRF-SP;DEL04-SP;UOP01-DEL04-SP;;;
718715;16/09/2025;ter�a-feira;04:15:00;GO;153;698;ITUMBIARA;Rea��o tardia ou ineficiente do condutor;Tombamento;Com V�timas Feridas;Plena Noite;Crescente;C�u Claro;Simples;Reta;Sim;1;0;1;0;0;0;1;1;-18,37616;-49,211013;SPRF-GO;DEL03-GO;UOP02-DEL03-GO;;;
718716;16/09/2025;ter�a-feira;03:00:00;PR;376;603;CURITIBA;Velocidade Incompat�vel;Sa�da de leito carro��vel;Com V�timas Feridas;Plena Noite;Crescente;Chuva;Dupla;"Reta;Aclive";Sim;1;0;1;0;0;0;1;1;-25,5310748;-49,3244538;SPRF-PR;DEL01-PR;UOP03-DEL01-PR;;;
718717;15/09/2025;segunda-feira;20:10:00;PE;316;363;PETROLANDIA;Animais na Pista;Atropelamento de Animal;Com V�timas Fatais;Plena Noite;Decrescente;C�u Claro;Simples;Reta;Sim;1;1;0;0;0;0;0;1;-8,946943;-38,225567;SPRF-PE;DEL04-PE;UOP03-DEL04-PE;;;
718719;16/09/2025;ter�a-feira;06:27:00;MG;40;523;CONTAGEM;Manobra de mudan�a de faixa;Colis�o lateral mesmo sentido;Com V�timas Feridas;Pleno dia;Crescente;C�u Claro;Dupla;Reta;N�o;4;0;2;0;1;1;2;3;-19,8661403;-44,0620019;SPRF-MG;DEL01-MG;UOP02-DEL01-MG;;;
718720;15/09/2025;segunda-feira;19:10:00;BA;324;439;RIACHAO DO JACUIPE;Acesso irregular;Colis�o transversal;Com V�timas Feridas;Plena Noite;Decrescente;C�u Claro;Simples;Reta;Sim;2;0;0;1;1;0;1;2;-11,80726657;-39,38597238;SPRF-BA;DEL04-BA;UOP02-DEL04-BA;;;
718722;16/09/2025;ter�a-feira;05:40:00;MG;381;630,9;OLIVEIRA;Condutor Dormindo;Sa�da de leito carro��vel;Com V�timas Feridas;Amanhecer;Crescente;C�u Claro;Dupla;Curva;N�o;3;0;1;0;2;0;1;1;-20,82920591;-44,81701272;SPRF-MG;DEL04-MG;UOP01-DEL04-MG;;;
718724;11/09/2025;quinta-feira;18:20:00;RJ;393;257;BARRA DO PIRAI;Velocidade Incompat�vel;Queda de ocupante de ve�culo;Com V�timas Feridas;Plena Noite;Crescente;Ignorado;Simples;Reta;N�o;1;0;1;0;0;0;1;1;-22,46185781;-43,85140166;SPRF-RJ;DEL05-RJ;UOP04-DEL05-RJ;;;
718725;16/09/2025;ter�a-feira;06:40:00;RN;304;31;MOSSORO;Acessar a via sem observar a presen�a dos outros ve�culos;Colis�o transversal;Com V�timas Feridas;Pleno dia;Decrescente;C�u Claro;Simples;Reta;N�o;2;0;2;0;0;0;2;2;-5,0840097;-37,33395606;SPRF-RN;DEL04-RN;UOP02-DEL04-RN;;;
718727;16/09/2025;ter�a-feira;07:05:00;CE;116;16,9;EUSEBIO;Aus�ncia de rea��o do condutor;Colis�o traseira;Com V�timas Feridas;Pleno dia;Decrescente;C�u Claro;M�ltipla;Reta;N�o;4;0;2;0;2;0;2;3;-3,895792;-38,502887;SPRF-CE;DEL01-CE;UOP02-DEL01-CE;;;
718728;15/09/2025;segunda-feira;21:40:00;MG;116;525;CARATINGA;Rea��o tardia ou ineficiente do condutor;Colis�o lateral mesmo sentido;Com V�timas Feridas;Plena Noite;Crescente;Nublado;Simples;Reta;Sim;3;0;3;0;0;0;3;2;-19,79581294;-42,1376896;SPRF-MG;DEL06-MG;UOP02-DEL06-MG;;;
718729;16/09/2025;ter�a-feira;06:50:00;RJ;101;22;CAMPOS DOS GOYTACAZES;Demais falhas mec�nicas ou el�tricas;Inc�ndio;Sem V�timas;Pleno dia;Crescente;C�u Claro;Simples;"Aclive;Curva";N�o;1;0;0;0;1;0;0;1;-21,40488509;-41,34364335;SPRF-RJ;DEL08-RJ;UOP01-DEL08-RJ;;;
718730;16/09/2025;ter�a-feira;07:30:00;ES;259;51;COLATINA;Aus�ncia de rea��o do condutor;Tombamento;Com V�timas Feridas;Pleno dia;Decrescente;Chuva;Simples;Reta;N�o;1;0;0;1;0;0;1;1;-19,5044513;-40,61286002;SPRF-ES;DEL02-ES;UOP01-DEL02-ES;;;
718731;16/09/2025;ter�a-feira;06:50:00;PR;369;186;ARAPONGAS;Pista Escorregadia;Queda de ocupante de ve�culo;Com V�timas Feridas;Pleno dia;Crescente;Nublado;Simples;Rotat�ria;Sim;2;0;1;0;1;0;1;1;-23,41700514;-51,42714307;SPRF-PR;DEL07-PR;UOP03-DEL07-PR;;;
718732;16/09/2025;ter�a-feira;07:20:00;RJ;40;105;DUQUE DE CAXIAS;Convers�o proibida;Colis�o transversal;Com V�timas Feridas;Pleno dia;Decrescente;C�u Claro;M�ltipla;Reta;Sim;3;0;2;0;1;0;2;2;-22,641071;-43,2833558;SPRF-RJ;DEL01-RJ;UOP02-DEL01-RJ;;;
718733;16/09/2025;ter�a-feira;07:30:00;SP;116;224;GUARULHOS;Rea��o tardia ou ineficiente do condutor;Colis�o lateral mesmo sentido;Com V�timas Feridas;Pleno dia;Crescente;C�u Claro;M�ltipla;Reta;Sim;2;0;1;0;1;0;1;2;-23,48202747;-46,53560607;SPRF-SP;DEL01-SP;UOP01-DEL01-SP;;;
718734;16/09/2025;ter�a-feira;05:10:00;MG;381;196,5;PERIQUITO;Acessar a via sem observar a presen�a dos outros ve�culos;Colis�o frontal;Com V�timas Feridas;Amanhecer;Decrescente;Ignorado;Simples;Curva;N�o;2;0;0;1;1;0;1;2;-19,16152043;-42,24061344;SPRF-MG;DEL06-MG;UOP01-DEL06-MG;;;