id;data_inversa;dia_semana;horario;uf;br;km;municipio;causa_acidente;tipo_acidente;classificacao_acidente;fase_dia;sentido_via;condicao_metereologica;tipo_pista;tracado_via;uso_solo;pessoas;mortos;feridos_leves;feridos_graves;ilesos;ignorados;feridos;veiculos;latitude;longitude;regional;delegacia;uop;;;
718736;16/09/2025;ter�a-feira;08:10:00;BA;324;544;AMELIA RODRIGUES;Demais falhas mec�nicas ou el�tricas;Inc�ndio;Sem V�timas;Pleno dia;Decrescente;C�u Claro;Dupla;Reta;Sim;1;0;0;0;1;0;0;1;-12,4116347;-38,7520827;SPRF-BA;DEL01-BA;UOP03-DEL01-BA;;;
718739;16/09/2025;ter�a-feira;07:00:00;RJ;116;108;GUAPIMIRIM;Aus�ncia de rea��o do condutor;Queda de ocupante de ve�culo;Com V�timas Feridas;Pleno dia;Crescente;C�u Claro;Dupla;Reta;Sim;1;0;1;0;0;0;1;1;-22,534528;-42,992821;SPRF-RJ;DEL04-RJ;UOP01-DEL04-RJ;;;
718740;16/09/2025;ter�a-feira;07:30:00;RS;116;525;PELOTAS;Velocidade Incompat�vel;Colis�o com objeto;Com V�timas Fatais;Amanhecer;Decrescente;C�u Claro;Simples;Reta;N�o;1;1;0;0;0;0;0;1;-31,7364618;-52,39369154;SPRF-RS;DEL07-RS;UOP01-DEL07-RS;;;
718741;16/09/2025;ter�a-feira;07:50:00;MG;381;488;BETIM;Trafegar com motocicleta (ou similar) entre as faixas;Colis�o lateral mesmo sentido;Sem V�timas;Pleno dia;Decrescente;C�u Claro;M�ltipla;"Aclive;Reta";N�o;2;0;0;0;2;0;0;2;-19,9559004;-44,1296719;SPRF-MG;DEL01-MG;UOP03-DEL01-MG;;;
718742;16/09/2025;ter�a-feira;07:40:00;PR;277;80;SAO JOSE DOS PINHAIS;Acessar a via sem observar a presen�a dos outros ve�culos;Colis�o transversal;Com V�timas Feridas;Pleno dia;Crescente;C�u Claro;Dupla;Reta;Sim;2;0;1;0;1;0;1;2;-25,5524864;-49,0340352;SPRF-PR;DEL01-PR;UOP03-DEL01-PR;;;
718743;16/09/2025;ter�a-feira;07:20:00;PR;376;677;GUARATUBA;Aus�ncia de rea��o do condutor;Atropelamento de Pedestre;Com V�timas Fatais;Pleno dia;Decrescente;C�u Claro;Dupla;Curva;N�o;2;1;0;0;0;1;0;2;-25,9432914;-48,9065517;SPRF-PR;DEL01-PR;UOP04-DEL01-PR;;;
718744;27/07/2025;domingo;18:40:00;PR;153;13;JACAREZINHO;Velocidade Incompat�vel;Queda de ocupante de ve�culo;Com V�timas Feridas;Anoitecer;Decrescente;C�u Claro;Simples;Reta;N�o;2;0;2;0;0;0;2;1;-23,11759998;-49,9440794;SPRF-PR;DEL07-PR;UOP04-DEL07-PR;;;
718746;16/09/2025;ter�a-feira;08:00:00;PR;116;13;COLOMBO;Demais falhas na via;Colis�o com objeto;Com V�timas Feridas;Pleno dia;Crescente;C�u Claro;Dupla;Reta;Sim;1;0;1;0;0;0;1;1;-25,378914;-49,157715;SPRF-PR;DEL01-PR;UOP02-DEL01-PR;;;
718749;16/09/2025;ter�a-feira;08:40:00;SP;381;22;BRAGANCA PAULISTA;Aus�ncia de rea��o do condutor;Colis�o lateral mesmo sentido;Com V�timas Feridas;Pleno dia;Crescente;C�u Claro;Simples;"Curva;Declive";N�o;2;0;1;0;1;0;1;2;-22,99543259;-46,51250236;SPRF-SP;DEL03-SP;UOP02-DEL03-SP;;;
718750;16/09/2025;ter�a-feira;08:20:00;PR;277;114;CAMPO LARGO;Aus�ncia de rea��o do condutor;Colis�o traseira;Sem V�timas;Pleno dia;Decrescente;C�u Claro;Dupla;"Declive;Curva";N�o;2;0;0;0;2;0;0;2;-25,44664245;-49,48953375;SPRF-PR;DEL03-PR;UOP03-DEL03-PR;;;
718751;16/09/2025;ter�a-feira;08:27:00;PE;101;80;JABOATAO DOS GUARARAPES;Trafegar com motocicleta (ou similar) entre as faixas;Colis�o lateral mesmo sentido;Com V�timas Feridas;Pleno dia;Crescente;C�u Claro;M�ltipla;Reta;Sim;3;0;1;0;1;1;1;3;-8,1543;-34,94209;SPRF-PE;DEL01-PE;UOP01-DEL01-PE;;;
718752;16/09/2025;ter�a-feira;08:10:00;PR;277;71;SAO JOSE DOS PINHAIS;Aus�ncia de rea��o do condutor;Colis�o traseira;Com V�timas Feridas;Pleno dia;Decrescente;Sol;Dupla;Reta;Sim;2;0;1;0;1;0;1;2;-25,50780925;-49,13622078;SPRF-PR;DEL01-PR;UOP07-DEL01-PR;;;
718753;16/09/2025;ter�a-feira;08:00:00;PI;316;291,7;PICOS;Condutor deixou de manter dist�ncia do ve�culo da frente;Colis�o lateral mesmo sentido;Com V�timas Feridas;Pleno dia;Decrescente;Sol;Simples;Reta;Sim;2;0;0;1;1;0;1;2;-7,002983;-41,608152;SPRF-PI;DEL04-PI;UOP01-DEL04-PI;;;
718754;16/09/2025;ter�a-feira;07:30:00;MG;116;568;MANHUACU;Acessar a via sem observar a presen�a dos outros ve�culos;Colis�o frontal;Com V�timas Feridas;Pleno dia;Crescente;C�u Claro;Simples;"Curva;Declive;Interse��o de Vias";N�o;3;0;2;0;1;0;2;2;-20,1010752;-42,17857361;SPRF-MG;DEL06-MG;UOP03-DEL06-MG;;;
718756;16/09/2025;ter�a-feira;08:15:00;SP;116;103;PINDAMONHANGABA;Rea��o tardia ou ineficiente do condutor;Engavetamento;Com V�timas Feridas;Pleno dia;Decrescente;Nublado;Dupla;Reta;N�o;5;0;1;0;4;0;1;5;-22,99948366;-45,49747467;SPRF-SP;DEL02-SP;UOP02-DEL02-SP;;;
718757;15/09/2025;segunda-feira;03:59:00;MG;116;530,4;CARATINGA;Aus�ncia de rea��o do condutor;Sa�da de leito carro��vel;Com V�timas Feridas;Plena Noite;Crescente;C�u Claro;Simples;Reta;Sim;2;0;2;0;0;0;2;1;-19,8140339;-42,13548303;SPRF-MG;DEL06-MG;UOP02-DEL06-MG;;;
718759;16/09/2025;ter�a-feira;08:40:00;ES;393;1;CACHOEIRO DE ITAPEMIRIM;Aus�ncia de rea��o do condutor;Colis�o traseira;Com V�timas Feridas;Pleno dia;Crescente;Sol;Simples;"Reta;Interse��o de Vias";Sim;2;0;1;0;1;0;1;2;-20,83999696;-41,16072742;SPRF-ES;DEL03-ES;UOP02-DEL03-ES;;;
718760;16/09/2025;ter�a-feira;08:44:00;BA;101;718;EUNAPOLIS;Aus�ncia de rea��o do condutor;Colis�o lateral mesmo sentido;Com V�timas Feridas;Pleno dia;Crescente;Sol;Simples;"Interse��o de Vias;Curva";Sim;2;0;0;1;1;0;1;2;-16,373278;-39,580558;SPRF-BA;DEL09-BA;UOP01-DEL09-BA;;;
718762;16/09/2025;ter�a-feira;09:00:00;MS;163;444;CAMPO GRANDE;Aus�ncia de rea��o do condutor;Capotamento;Com V�timas Feridas;Pleno dia;Decrescente;Chuva;Simples;Reta;N�o;2;0;1;0;1;0;1;1;-20,77018883;-54,52782869;SPRF-MS;DEL01-MS;UOP01-DEL01-MS;;;
718763;16/09/2025;ter�a-feira;09:54:00;PE;116;24;SALGUEIRO;Acessar a via sem observar a presen�a dos outros ve�culos;Colis�o lateral mesmo sentido;Com V�timas Feridas;Pleno dia;Decrescente;C�u Claro;Simples;Reta;N�o;2;0;1;0;1;0;1;2;-8,0593233;-39,1226579;SPRF-PE;DEL05-PE;UOP01-DEL05-PE;;;
718764;13/09/2025;s�bado;12:00:00;ES;262;56,2;MARECHAL FLORIANO;Avarias e/ou desgaste excessivo no pneu;Sa�da de leito carro��vel;Com V�timas Feridas;Pleno dia;Crescente;Chuva;Simples;Retorno Regulamentado;N�o;2;0;1;1;0;0;2;1;-20,413767;-40,7590073;SPRF-ES;DEL01-ES;UOP01-DEL01-ES;;;
718765;16/09/2025;ter�a-feira;08:56:00;RO;319;143;PORTO VELHO;Acessar a via sem observar a presen�a dos outros ve�culos;Colis�o transversal;Com V�timas Feridas;Pleno dia;Crescente;Sol;M�ltipla;Interse��o de Vias;Sim;2;0;0;1;1;0;1;2;-8,75882894;-63,88604371;SPRF-RO;DEL01-RO;UOP01-DEL01-RO;;;
718766;16/09/2025;ter�a-feira;09:10:00;ES;101;157,8;ARACRUZ;Condutor Dormindo;Colis�o com objeto;Com V�timas Feridas;Pleno dia;Crescente;C�u Claro;Simples;Reta;N�o;1;0;1;0;0;0;1;1;-19,638385;-40,2263254;SPRF-ES;DEL04-ES;UOP01-DEL04-ES;;;
718767;16/09/2025;ter�a-feira;10:00:00;MG;50;72;UBERLANDIA;Condutor deixou de manter dist�ncia do ve�culo da frente;Colis�o traseira;Com V�timas Feridas;Pleno dia;Crescente;C�u Claro;Dupla;Reta;Sim;3;0;1;0;2;0;1;2;-18,9003698;-48,2400883;SPRF-MG;DEL15-MG;UOP01-DEL15-MG;;;
718768;16/09/2025;ter�a-feira;10:10:00;ES;101;264,5;SERRA;Acesso irregular;Colis�o transversal;Com V�timas Feridas;Pleno dia;Crescente;Garoa/Chuvisco;Dupla;Reta;N�o;2;0;1;0;0;1;1;2;-20,17825181;-40,26548018;SPRF-ES;DEL02-ES;UOP01-DEL02-ES;;;
718770;16/09/2025;ter�a-feira;10:00:00;SC;282;3,4;FLORIANOPOLIS;Rea��o tardia ou ineficiente do condutor;Sa�da de leito carro��vel;Sem V�timas;Pleno dia;Crescente;Nublado;M�ltipla;Reta;Sim;1;0;0;0;1;0;0;1;-27,597113;-48,600665;SPRF-SC;DEL01-SC;UOP01-DEL01-SC;;;
718773;16/09/2025;ter�a-feira;09:20:00;AM;319;453;TAPAUA;Acumulo de areia ou detritos sobre o pavimento;Tombamento;Com V�timas Feridas;Pleno dia;Decrescente;C�u Claro;Simples;Reta;N�o;1;0;0;1;0;0;1;1;-5,943569;-62,454752;SPRF-AM;DEL01-AM;UOP04-DEL01-AM;;;
718775;16/09/2025;ter�a-feira;10:20:00;SE;101;59,4;ROSARIO DO CATETE;Chuva;Sa�da de leito carro��vel;Com V�timas Feridas;Pleno dia;Decrescente;Chuva;Simples;Curva;N�o;6;0;5;0;1;0;5;1;-10,6631;-37,029718;SPRF-SE;DEL02-SE;UOP02-DEL02-SE;;;
718776;16/09/2025;ter�a-feira;10:35:00;PE;104;61;CARUARU;Animais na Pista;Atropelamento de Animal;Com V�timas Feridas;Pleno dia;Decrescente;Nublado;Dupla;"Reta;Retorno Regulamentado";Sim;2;0;2;0;0;0;2;1;-8,241231;-35,975334;SPRF-PE;DEL02-PE;UOP01-DEL02-PE;;;
718777;16/09/2025;ter�a-feira;11:15:00;SC;101;418;ARARANGUA;Desrespeitar a prefer�ncia no cruzamento;Colis�o transversal;Com V�timas Feridas;Pleno dia;Crescente;Nublado;Simples;Viaduto;Sim;2;0;1;0;1;0;1;2;-28,99064657;-49,54771682;SPRF-SC;DEL02-SC;UOP02-DEL02-SC;;;
718780;26/07/2025;s�bado;18:00:00;RJ;116;178;MESQUITA;Manobra de mudan�a de faixa;Colis�o lateral mesmo sentido;Com V�timas Feridas;Plena Noite;Decrescente;C�u Claro;M�ltipla;Curva;Sim;2;0;1;0;1;0;1;2;-22,77582245;-43,40008227;SPRF-RJ;DEL06-RJ;UOP01-DEL06-RJ;;;
718781;16/09/2025;ter�a-feira;12:15:00;ES;447;13,9;VILA VELHA;Condutor deixou de manter dist�ncia do ve�culo da frente;Colis�o traseira;Com V�timas Feridas;Pleno dia;Crescente;C�u Claro;Dupla;Reta;Sim;2;0;1;0;1;0;1;2;-20,35011936;-40,33327818;SPRF-ES;DEL01-ES;UOP01-DEL01-ES;;;
718782;16/09/2025;ter�a-feira;11:45:00;MG;40;470;SETE LAGOAS;Ultrapassagem Indevida;Colis�o lateral mesmo sentido;Com V�timas Feridas;Pleno dia;Decrescente;C�u Claro;M�ltipla;Reta;Sim;2;0;1;0;0;1;1;2;-19,46917072;-44,29476209;SPRF-MG;DEL02-MG;UOP01-DEL02-MG;;;
718783;16/09/2025;ter�a-feira;13:00:00;PR;476;164;ARAUCARIA;Demais falhas mec�nicas ou el�tricas;Tombamento;Com V�timas Feridas;Pleno dia;Decrescente;C�u Claro;Simples;Reta;N�o;2;0;2;0;0;0;2;1;-25,64324621;-49,47237365;SPRF-PR;DEL01-PR;UOP06-DEL01-PR;;;
718784;16/09/2025;ter�a-feira;11:00:00;MG;116;497,2;INHAPIM;Acessar a via sem observar a presen�a dos outros ve�culos;Colis�o transversal;Com V�timas Feridas;Pleno dia;Decrescente;C�u Claro;Simples;"Reta;Interse��o de Vias";Sim;3;0;0;1;0;2;1;3;-19,54006948;-42,12629769;SPRF-MG;DEL06-MG;UOP02-DEL06-MG;;;
718785;16/09/2025;ter�a-feira;13:00:00;ES;262;17;VIANA;Acessar a via sem observar a presen�a dos outros ve�culos;Colis�o transversal;Com V�timas Feridas;Pleno dia;Decrescente;Sol;Simples;Reta;Sim;2;0;1;0;1;0;1;2;-20,38662993;-40,47324657;SPRF-ES;DEL01-ES;UOP01-DEL01-ES;;;
718786;16/09/2025;ter�a-feira;12:20:00;PI;343;307;ALTOS;Acessar a via sem observar a presen�a dos outros ve�culos;Colis�o transversal;Sem V�timas;Pleno dia;Decrescente;C�u Claro;Simples;Reta;Sim;2;0;0;0;2;0;0;2;-5,03905551;-42,46471548;SPRF-PI;DEL01-PI;UOP01-DEL01-PI;;;
718787;16/09/2025;ter�a-feira;11:50:00;RJ;101;323;NITEROI;Condutor deixou de manter dist�ncia do ve�culo da frente;Colis�o traseira;Com V�timas Feridas;Pleno dia;Crescente;C�u Claro;M�ltipla;Reta;N�o;2;0;1;0;1;0;1;2;-22,87269563;-43,13713074;SPRF-RJ;DEL02-RJ;UOP01-DEL02-RJ;;;
718788;16/09/2025;ter�a-feira;13:30:00;SP;381;70;MAIRIPORA;Rea��o tardia ou ineficiente do condutor;Queda de ocupante de ve�culo;Com V�timas Feridas;Pleno dia;Decrescente;Chuva;Dupla;Declive;N�o;1;0;1;0;0;0;1;1;-23,35025069;-46,55976087;SPRF-SP;DEL03-SP;UOP01-DEL03-SP;;;
718791;16/09/2025;ter�a-feira;08:15:00;MG;381;225;BELO ORIENTE;Condutor deixou de manter dist�ncia do ve�culo da frente;Colis�o traseira;Com V�timas Feridas;Pleno dia;Crescente;Sol;Simples;"Em Obras;Reta";N�o;3;0;2;0;1;0;2;2;-19,33090654;-42,42148519;SPRF-MG;DEL06-MG;UOP01-DEL06-MG;;;
718792;16/09/2025;ter�a-feira;13:40:00;MG;381;876,4;ESTIVA;Chuva;Sa�da de leito carro��vel;Com V�timas Feridas;Pleno dia;Decrescente;Nublado;Dupla;"Curva;Aclive";N�o;2;0;2;0;0;0;2;1;-22,43855;-45,98427;SPRF-MG;DEL16-MG;UOP01-DEL16-MG;;;
718793;16/09/2025;ter�a-feira;13:15:00;MS;267;481,7;JARDIM;Pedestre andava na pista;Atropelamento de Pedestre;Com V�timas Feridas;Pleno dia;Crescente;Sol;Simples;Rotat�ria;Sim;2;0;1;0;1;0;1;2;-21,48334157;-56,14530802;SPRF-MS;DEL05-MS;UOP01-DEL05-MS;;;
718794;16/09/2025;ter�a-feira;14:23:00;PE;101;71;RECIFE;Condutor deixou de manter dist�ncia do ve�culo da frente;Colis�o lateral mesmo sentido;Com V�timas Feridas;Pleno dia;Crescente;C�u Claro;Dupla;Reta;Sim;3;0;3;0;0;0;3;2;-8,077047;-34,943042;SPRF-PE;DEL01-PE;UOP01-DEL01-PE;;;
718796;16/09/2025;ter�a-feira;12:05:00;SC;280;152,7;MAFRA;Ingest�o de subst�ncias psicoativas pelo condutor;Capotamento;Com V�timas Feridas;Pleno dia;Decrescente;C�u Claro;Simples;"Curva;Aclive";N�o;2;0;1;0;0;1;1;2;-26,223627;-49,711304;SPRF-SC;DEL06-SC;UOP03-DEL06-SC;;;
718802;03/03/2025;segunda-feira;01:35:00;SP;116;198,5;ARUJA;Animais na Pista;Atropelamento de Animal;Com V�timas Feridas;Plena Noite;Decrescente;Ignorado;Dupla;"Declive;Reta";Sim;1;0;1;0;0;0;1;1;-23,40178028;-46,31046295;SPRF-SP;DEL01-SP;UOP01-DEL01-SP;;;
718803;16/09/2025;ter�a-feira;14:00:00;AM;174;885;MANAUS;Rea��o tardia ou ineficiente do condutor;Colis�o traseira;Com V�timas Feridas;Pleno dia;Decrescente;C�u Claro;Simples;"Declive;Interse��o de Vias";Sim;3;0;3;0;0;0;3;2;-2,96497477;-60,02270848;SPRF-AM;DEL01-AM;UOP01-DEL01-AM;;;
718805;16/09/2025;ter�a-feira;15:35:00;SC;101;203,7;SAO JOSE;Objeto est�tico sobre o leito carro��vel;Tombamento;Com V�timas Feridas;Pleno dia;Crescente;C�u Claro;Dupla;Reta;Sim;1;0;0;1;0;0;1;1;-27,57189;-48,61371;SPRF-SC;DEL01-SC;UOP01-DEL01-SC;;;
718806;16/09/2025;ter�a-feira;15:00:00;DF;20;10,3;BRASILIA;Aus�ncia de rea��o do condutor;Colis�o traseira;Com V�timas Feridas;Pleno dia;Crescente;C�u Claro;Dupla;"Reta;Em Obras";Sim;2;0;0;1;1;0;1;2;-15,6484;-47,77062;SPRF-DF;DEL02-DF;UOP01-DEL02-DF;;;
718807;11/09/2025;quinta-feira;17:40:00;PR;163;274;QUATRO PONTES;Velocidade Incompat�vel;Capotamento;Sem V�timas;Pleno dia;Decrescente;C�u Claro;Dupla;Curva;N�o;1;0;0;0;0;1;0;1;-24,58607235;-53,98173094;SPRF-PR;DEL06-PR;UOP02-DEL06-PR;;;
718809;16/09/2025;ter�a-feira;15:19:00;MG;262;96;ABRE CAMPO;Acessar a via sem observar a presen�a dos outros ve�culos;Colis�o transversal;Com V�timas Feridas;Pleno dia;Crescente;C�u Claro;Simples;"Curva;Declive;Rotat�ria";Sim;3;0;0;2;1;0;2;2;-20,29654591;-42,47757465;SPRF-MG;DEL03-MG;UOP03-DEL03-MG;;;
718810;16/09/2025;ter�a-feira;15:50:00;RS;290;91;PORTO ALEGRE;Manobra de mudan�a de faixa;Colis�o lateral mesmo sentido;Com V�timas Feridas;Pleno dia;Crescente;C�u Claro;M�ltipla;Reta;Sim;3;0;1;0;2;0;1;2;-29,96907483;-51,17126716;SPRF-RS;DEL01-RS;UOP01-DEL01-RS;;;
718811;16/09/2025;ter�a-feira;15:20:00;MG;381;373,5;SAO GONCALO DO RIO ABAIXO;Aus�ncia de rea��o do condutor;Colis�o com objeto;Com V�timas Feridas;Pleno dia;Decrescente;Sol;Simples;"Curva;Aclive";N�o;1;0;1;0;0;0;1;1;-19,838743;-43,341655;SPRF-MG;DEL01-MG;UOP01-DEL01-MG;;;
718812;16/09/2025;ter�a-feira;13:50:00;MS;60;448;SIDROLANDIA;Rea��o tardia ou ineficiente do condutor;Sa�da de leito carro��vel;Sem V�timas;Pleno dia;Crescente;Ignorado;Simples;Curva;N�o;1;0;0;0;0;1;0;1;-21,00321036;-55,12192123;SPRF-MS;DEL01-MS;UOP04-DEL01-MS;;;
718814;16/09/2025;ter�a-feira;15:23:00;GO;0;0;JATAI;Rea��o tardia ou ineficiente do condutor;Colis�o traseira;Sem V�timas;Pleno dia;N�o Informado;Garoa/Chuvisco;Simples;"Rotat�ria;Interse��o de Vias;Reta";Sim;3;0;0;0;3;0;0;2;-17,894895;-51,733998;SPRF-GO;DEL05-GO;UOP01-DEL05-GO;;;
718815;16/09/2025;ter�a-feira;15:00:00;ES;262;104;VENDA NOVA DO IMIGRANTE;Aus�ncia de rea��o do condutor;Colis�o traseira;Com V�timas Feridas;Pleno dia;Crescente;C�u Claro;Simples;Reta;Sim;2;0;1;0;1;0;1;2;-20,329835;-41,131113;SPRF-ES;DEL01-ES;UOP02-DEL01-ES;;;
718816;16/09/2025;ter�a-feira;15:21:00;SC;101;149,9;ITAPEMA;Acessar a via sem observar a presen�a dos outros ve�culos;Colis�o transversal;Com V�timas Feridas;Pleno dia;Decrescente;Sol;Simples;Reta;Sim;2;0;1;0;1;0;1;2;-27,11537771;-48,60979199;SPRF-SC;DEL04-SC;UOP03-DEL04-SC;;;
718817;07/08/2025;quinta-feira;13:10:00;SC;282;5,4;SAO JOSE;Condutor deixou de manter dist�ncia do ve�culo da frente;Queda de ocupante de ve�culo;Com V�timas Feridas;Pleno dia;Decrescente;Nublado;Dupla;Curva;Sim;2;0;1;0;1;0;1;2;-27,587777;-48,615917;SPRF-SC;DEL01-SC;UOP01-DEL01-SC;;;
718818;13/09/2025;s�bado;06:55:00;ES;101;31;CONCEICAO DA BARRA;Rea��o tardia ou ineficiente do condutor;Tombamento;Com V�timas Feridas;Pleno dia;Decrescente;Nublado;Simples;"Aclive;Reta";N�o;1;0;1;0;0;0;1;1;-18,41689798;-39,93602411;SPRF-ES;DEL04-ES;UOP02-DEL04-ES;;;
718819;16/09/2025;ter�a-feira;17:25:00;RN;101;80;NATAL;Aus�ncia de rea��o do condutor;Colis�o traseira;Com V�timas Feridas;Anoitecer;Decrescente;C�u Claro;Dupla;Reta;Sim;3;0;1;0;1;1;1;2;-5,762697;-35,286865;SPRF-RN;DEL02-RN;UOP01-DEL02-RN;;;
718822;16/09/2025;ter�a-feira;17:10:00;RJ;116;103;GUAPIMIRIM;Chuva;Capotamento;Com V�timas Feridas;Anoitecer;Decrescente;Chuva;Simples;Curva;N�o;1;0;1;0;0;0;1;1;-22,50339494;-42,99978957;SPRF-RJ;DEL04-RJ;UOP01-DEL04-RJ;;;
718824;16/09/2025;ter�a-feira;17:20:00;PB;230;28,4;JOAO PESSOA;Acumulo de areia ou detritos sobre o pavimento;Tombamento;Com V�timas Feridas;Anoitecer;Crescente;C�u Claro;Dupla;Curva;Sim;1;0;0;1;0;0;1;1;-7,164723;-34,898413;SPRF-PB;DEL01-PB;UOP01-DEL01-PB;;;
718825;16/09/2025;ter�a-feira;15:10:00;RJ;101;455;MANGARATIBA;Acessar a via sem observar a presen�a dos outros ve�culos;Colis�o transversal;Com V�timas Feridas;Pleno dia;Crescente;Chuva;Dupla;Reta;Sim;2;0;1;0;1;0;1;2;-22,9408768;-43,99104;SPRF-RJ;DEL03-RJ;UOP02-DEL03-RJ;;;
718827;16/09/2025;ter�a-feira;17:32:00;RS;116;238;NOVO HAMBURGO;Trafegar com motocicleta (ou similar) entre as faixas;Colis�o lateral mesmo sentido;Com V�timas Feridas;Anoitecer;Decrescente;C�u Claro;M�ltipla;Desvio Tempor�rio;Sim;4;0;1;0;3;0;1;3;-29,69328111;-51,14367004;SPRF-RS;DEL01-RS;UOP02-DEL01-RS;;;
718828;16/09/2025;ter�a-feira;17:10:00;RJ;101;429;MANGARATIBA;Pista Escorregadia;Sa�da de leito carro��vel;Com V�timas Feridas;Pleno dia;Decrescente;Chuva;Simples;"Declive;Reta";N�o;2;0;1;0;1;0;1;1;-22,93773385;-44,01276536;SPRF-RJ;DEL03-RJ;UOP02-DEL03-RJ;;;
718829;16/09/2025;ter�a-feira;17:15:00;ES;101;147,1;LINHARES;Acessar a via sem observar a presen�a dos outros ve�culos;Colis�o transversal;Com V�timas Feridas;Pleno dia;Decrescente;C�u Claro;M�ltipla;"Reta;Interse��o de Vias";Sim;3;0;2;0;1;0;2;2;-19,38002066;-40,0666666;SPRF-ES;DEL04-ES;UOP01-DEL04-ES;;;
718830;16/09/2025;ter�a-feira;17:40:00;SP;116;21,4;LAVRINHAS;Mal s�bito do condutor;Sa�da de leito carro��vel;Com V�timas Feridas;Anoitecer;Crescente;Chuva;Simples;Rotat�ria;N�o;1;0;0;1;0;0;1;1;-22,5791247;-44,87794876;SPRF-SP;DEL08-SP;UOP02-DEL08-SP;;;
718831;16/09/2025;ter�a-feira;11:40:00;SC;470;60,4;BLUMENAU;Trafegar com motocicleta (ou similar) entre as faixas;Colis�o transversal;Com V�timas Feridas;Pleno dia;Crescente;C�u Claro;Simples;Reta;N�o;3;0;2;0;1;0;2;2;-26,8790909;-49,17394639;SPRF-SC;DEL04-SC;UOP01-DEL04-SC;;;
718832;16/09/2025;ter�a-feira;17:50:00;MG;262;810;UBERABA;Condutor deixou de manter dist�ncia do ve�culo da frente;Colis�o traseira;Com V�timas Feridas;Anoitecer;Crescente;C�u Claro;Dupla;Reta;Sim;4;0;1;0;3;0;1;3;-19,76471;-47,98354;SPRF-MG;DEL13-MG;UOP01-DEL13-MG;;;
718833;16/09/2025;ter�a-feira;18:30:00;MG;40;762,2;JUIZ DE FORA;Manobra de mudan�a de faixa;Colis�o traseira;Com V�timas Feridas;Plena Noite;Crescente;Nublado;Simples;Reta;N�o;4;0;3;1;0;0;4;2;-21,5711547;-43,476857;SPRF-MG;DEL05-MG;UOP01-DEL05-MG;;;
718834;16/09/2025;ter�a-feira;16:20:00;GO;153;200;URUACU;Acessar a via sem observar a presen�a dos outros ve�culos;Colis�o transversal;Com V�timas Feridas;Pleno dia;Decrescente;C�u Claro;Simples;"Retorno Regulamentado;Reta;Interse��o de Vias;Aclive";Sim;5;0;3;0;2;0;3;2;-14,53301541;-49,16085293;SPRF-GO;DEL07-GO;UOP02-DEL07-GO;;;
718835;16/09/2025;ter�a-feira;17:00:00;PR;476;117;COLOMBO;Pedestre cruzava a pista fora da faixa;Atropelamento de Pedestre;Com V�timas Feridas;Plena Noite;Crescente;C�u Claro;M�ltipla;Reta;Sim;2;0;1;0;1;0;1;2;-25,34783659;-49,17409658;SPRF-PR;DEL01-PR;UOP01-DEL01-PR;;;
718836;16/09/2025;ter�a-feira;16:45:00;MA;230;403;BALSAS;Convers�o proibida;Colis�o lateral mesmo sentido;Com V�timas Feridas;Pleno dia;Decrescente;C�u Claro;Simples;Reta;Sim;2;0;1;0;1;0;1;2;-7,52317222;-46,04085714;SPRF-MA;DEL05-MA;UOP01-DEL05-MA;;;
718838;16/09/2025;ter�a-feira;18:00:00;MG;116;277,6;TEOFILO OTONI;Rea��o tardia ou ineficiente do condutor;Colis�o lateral mesmo sentido;Com V�timas Feridas;Plena Noite;Decrescente;C�u Claro;M�ltipla;Reta;Sim;2;0;2;0;0;0;2;2;-17,8641147;-41,51546717;SPRF-MG;DEL11-MG;UOP01-DEL11-MG;;;
718840;16/09/2025;ter�a-feira;17:40:00;MG;116;276,2;TEOFILO OTONI;Avarias e/ou desgaste excessivo no pneu;Tombamento;Com V�timas Feridas;Anoitecer;Decrescente;C�u Claro;M�ltipla;Reta;Sim;1;0;0;1;0;0;1;1;-17,853466;-41,514179;SPRF-MG;DEL11-MG;UOP01-DEL11-MG;;;
718841;16/09/2025;ter�a-feira;17:55:00;SC;282;50,7;AGUAS MORNAS;Transitar na contram�o;Colis�o frontal;Com V�timas Fatais;Pleno dia;Decrescente;Nublado;Simples;Curva;N�o;4;1;1;0;2;0;1;2;-27,70444393;-48,95582738;SPRF-SC;DEL01-SC;UOP03-DEL01-SC;;;
718843;16/09/2025;ter�a-feira;18:00:00;RJ;356;149;CAMPOS DOS GOYTACAZES;Aus�ncia de rea��o do condutor;Atropelamento de Pedestre;Com V�timas Feridas;Plena Noite;Decrescente;C�u Claro;Simples;Reta;Sim;2;0;0;1;0;1;1;2;-21,774258;-41,28328;SPRF-RJ;DEL08-RJ;UOP02-DEL08-RJ;;;
718844;16/09/2025;ter�a-feira;18:55:00;MG;40;553,5;NOVA LIMA;Acessar a via sem observar a presen�a dos outros ve�culos;Colis�o lateral mesmo sentido;Com V�timas Feridas;Plena Noite;Crescente;C�u Claro;Dupla;Curva;Sim;2;0;1;0;1;0;1;2;-20,07576071;-43,98316511;SPRF-MG;DEL01-MG;UOP02-DEL01-MG;;;