id;data_inversa;dia_semana;horario;uf;br;km;municipio;causa_acidente;tipo_acidente;classificacao_acidente;fase_dia;sentido_via;condicao_metereologica;tipo_pista;tracado_via;uso_solo;pessoas;mortos;feridos_leves;feridos_graves;ilesos;ignorados;feridos;veiculos;latitude;longitude;regional;delegacia;uop;;;
719237;09/09/2025;ter�a-feira;15:35:00;MS;262;776,9;CORUMBA;Desrespeitar a prefer�ncia no cruzamento;Colis�o transversal;Com V�timas Feridas;Pleno dia;Crescente;C�u Claro;Simples;"Interse��o de Vias;Reta";Sim;5;0;2;0;3;0;2;2;-19,020991;-57,67094;SPRF-MS;DEL03-MS;UOP03-DEL03-MS;;;
719238;18/09/2025;quinta-feira;18:10:00;BA;116;832,7;VITORIA DA CONQUISTA;Velocidade Incompat�vel;Tombamento;Com V�timas Feridas;Plena Noite;Decrescente;C�u Claro;Simples;"Rotat�ria;Reta";N�o;1;0;1;0;0;0;1;1;-14,929178;-40,885916;SPRF-BA;DEL08-BA;UOP01-DEL08-BA;;;
719242;18/09/2025;quinta-feira;18:40:00;SE;235;4;NOSSA SENHORA DO SOCORRO;Aus�ncia de rea��o do condutor;Queda de ocupante de ve�culo;Com V�timas Feridas;Plena Noite;Crescente;C�u Claro;Dupla;Reta;Sim;2;0;2;0;0;0;2;1;-10,9050507;-37,1230577;SPRF-SE;DEL01-SE;UOP01-DEL01-SE;;;
719243;18/09/2025;quinta-feira;14:00:00;MA;135;23;SAO LUIS;Acessar a via sem observar a presen�a dos outros ve�culos;Colis�o transversal;Sem V�timas;Pleno dia;Decrescente;C�u Claro;Dupla;Reta;Sim;2;0;0;0;2;0;0;2;-2,5518076;-44,3075894;SPRF-MA;DEL01-MA;UOP01-DEL01-MA;;;
719244;18/09/2025;quinta-feira;19:05:00;PR;116;152;MANDIRITUBA;Transitar na contram�o;Colis�o frontal;Com V�timas Feridas;Plena Noite;Crescente;Nublado;Simples;"Reta;Rotat�ria";Sim;2;0;0;2;0;0;2;2;-25,86219184;-49,36179606;SPRF-PR;DEL01-PR;UOP03-DEL01-PR;;;
719245;18/09/2025;quinta-feira;19:10:00;ES;101;268,9;SERRA;Acessar a via sem observar a presen�a dos outros ve�culos;Colis�o traseira;Com V�timas Feridas;Plena Noite;Crescente;C�u Claro;Dupla;Reta;Sim;4;0;2;0;2;0;2;3;-20,216857;-40,270283;SPRF-ES;DEL02-ES;UOP01-DEL02-ES;;;
719246;18/09/2025;quinta-feira;18:20:00;SC;101;137;BALNEARIO CAMBORIU;Manobra de mudan�a de faixa;Colis�o lateral mesmo sentido;Com V�timas Feridas;Plena Noite;Crescente;Nublado;M�ltipla;Reta;Sim;3;0;0;1;1;1;1;3;-27,0143835;-48,61286299;SPRF-SC;DEL04-SC;UOP03-DEL04-SC;;;
719247;18/09/2025;quinta-feira;18:30:00;PR;476;151;ARAUCARIA;Aus�ncia de rea��o do condutor;Colis�o traseira;Com V�timas Feridas;Plena Noite;Crescente;C�u Claro;Dupla;Reta;Sim;2;0;1;0;1;0;1;2;-25,56589446;-49,38010097;SPRF-PR;DEL01-PR;UOP06-DEL01-PR;;;
719248;18/09/2025;quinta-feira;18:43:00;SC;101;212,3;PALHOCA;Aus�ncia de rea��o do condutor;Colis�o traseira;Com V�timas Feridas;Plena Noite;Crescente;Nublado;Dupla;Reta;Sim;2;0;0;1;1;0;1;2;-27,631858;-48,66105;SPRF-SC;DEL01-SC;UOP02-DEL01-SC;;;
719249;18/09/2025;quinta-feira;18:30:00;PR;376;181;MARINGA;Aus�ncia de rea��o do condutor;Colis�o traseira;Com V�timas Feridas;Anoitecer;Crescente;C�u Claro;Dupla;Reta;Sim;2;0;1;0;1;0;1;2;-23,4283501;-51,89350708;SPRF-PR;DEL09-PR;UOP01-DEL09-PR;;;
719251;18/09/2025;quinta-feira;19:00:00;GO;20;21;FORMOSA;Demais falhas mec�nicas ou el�tricas;Queda de ocupante de ve�culo;Com V�timas Feridas;Plena Noite;Decrescente;Garoa/Chuvisco;Simples;Reta;N�o;1;0;1;0;0;0;1;1;-15,545722;-47,160861;SPRF-DF;DEL02-DF;UOP02-DEL02-DF;;;
719253;18/09/2025;quinta-feira;18:30:00;SP;381;38;ATIBAIA;Condutor deixou de manter dist�ncia do ve�culo da frente;Colis�o traseira;Com V�timas Feridas;Plena Noite;Crescente;C�u Claro;Dupla;Reta;N�o;2;0;1;0;1;0;1;2;-23,19078378;-46,5846766;SPRF-SP;DEL03-SP;UOP01-DEL03-SP;;;
719255;18/09/2025;quinta-feira;19:30:00;DF;60;0,7;BRASILIA;Rea��o tardia ou ineficiente do condutor;Tombamento;Com V�timas Feridas;Plena Noite;Decrescente;C�u Claro;Dupla;Reta;Sim;1;0;1;0;0;0;1;1;-15,90875587;-48,14826965;SPRF-DF;DEL03-DF;UOP01-DEL03-DF;;;
719257;18/09/2025;quinta-feira;20:00:00;SC;280;50,3;GUARAMIRIM;Acessar a via sem observar a presen�a dos outros ve�culos;Colis�o transversal;Com V�timas Feridas;Plena Noite;Crescente;Nublado;Dupla;"Interse��o de Vias;Em Obras;Curva";Sim;2;0;2;0;0;0;2;2;-26,463223;-48,94913;SPRF-SC;DEL03-SC;UOP03-DEL03-SC;;;
719258;18/09/2025;quinta-feira;18:30:00;MT;163;838;SINOP;Convers�o proibida;Colis�o transversal;Com V�timas Feridas;Plena Noite;Crescente;Chuva;Dupla;Reta;Sim;4;0;1;0;3;0;1;2;-11,83394989;-55,48811316;SPRF-MT;DEL06-MT;UOP02-DEL06-MT;;;
719261;18/09/2025;quinta-feira;20:30:00;CE;116;476;MILAGRES;Entrada inopinada do pedestre;Atropelamento de Pedestre;Com V�timas Feridas;Plena Noite;Crescente;C�u Claro;Simples;Reta;Sim;2;0;0;1;1;0;1;2;-7,302217;-38,893729;SPRF-CE;DEL05-CE;UOP03-DEL05-CE;;;
719262;18/09/2025;quinta-feira;20:30:00;SP;116;229,7;SAO PAULO;Pedestre andava na pista;Atropelamento de Pedestre;Com V�timas Feridas;Plena Noite;Crescente;Nublado;M�ltipla;Reta;Sim;2;0;0;1;1;0;1;2;-23,51452565;-46,57785548;SPRF-SP;DEL01-SP;UOP01-DEL01-SP;;;
719265;18/09/2025;quinta-feira;17:25:00;SC;101;101;BALNEARIO PICARRAS;Pedestre cruzava a pista fora da faixa;Atropelamento de Pedestre;Com V�timas Feridas;Pleno dia;Crescente;C�u Claro;Dupla;Reta;Sim;2;0;1;0;0;1;1;2;-26,77632724;-48,68567554;SPRF-SC;DEL03-SC;UOP02-DEL03-SC;;;
719267;18/09/2025;quinta-feira;13:30:00;SC;101;114;ITAJAI;Aus�ncia de rea��o do condutor;Colis�o traseira;Com V�timas Feridas;Pleno dia;Crescente;C�u Claro;Dupla;Reta;Sim;2;0;0;1;1;0;1;2;-26,86840342;-48,73000592;SPRF-SC;DEL04-SC;UOP04-DEL04-SC;;;
719269;18/09/2025;quinta-feira;20:20:00;PR;163;10;BARRACAO;Ultrapassagem Indevida;Colis�o lateral mesmo sentido;Com V�timas Feridas;Plena Noite;Crescente;C�u Claro;Simples;"Aclive;Reta";Sim;2;0;0;1;1;0;1;2;-26,24777443;-53,63470674;SPRF-PR;DEL02-PR;UOP02-DEL02-PR;;;
719270;18/09/2025;quinta-feira;20:45:00;PE;232;84,5;GRAVATA;Entrada inopinada do pedestre;Atropelamento de Pedestre;Com V�timas Fatais;Plena Noite;Decrescente;C�u Claro;Dupla;Reta;Sim;2;1;0;0;1;0;0;2;-8,20961;-35,61182;SPRF-PE;DEL02-PE;UOP02-DEL02PE;;;
719271;18/09/2025;quinta-feira;20:35:00;DF;20;6;BRASILIA;Avarias e/ou desgaste excessivo no pneu;Sa�da de leito carro��vel;Com V�timas Feridas;Plena Noite;Decrescente;Chuva;Dupla;"Curva;Declive";Sim;3;0;1;0;2;0;1;1;-15,66531394;-47,80709177;SPRF-DF;DEL02-DF;UOP01-DEL02-DF;;;
719272;18/09/2025;quinta-feira;17:20:00;MG;251;521;MONTES CLAROS;Velocidade Incompat�vel;Capotamento;Com V�timas Feridas;Pleno dia;Crescente;C�u Claro;Simples;Reta;N�o;1;0;1;0;0;0;1;1;-16,663442;-43,777681;SPRF-MG;DEL12-MG;UOP01-DEL12-MG;;;
719273;18/09/2025;quinta-feira;19:00:00;BA;367;65,9;PORTO SEGURO;Condutor deixou de manter dist�ncia do ve�culo da frente;Colis�o traseira;Sem V�timas;Plena Noite;Decrescente;C�u Claro;Simples;Reta;N�o;2;0;0;0;2;0;0;2;-16,385922;-39,433887;SPRF-BA;DEL09-BA;UOP03-DEL09-BA;;;
719274;18/09/2025;quinta-feira;21:20:00;MG;116;411,2;GOVERNADOR VALADARES;Aus�ncia de rea��o do condutor;Colis�o traseira;Com V�timas Feridas;Plena Noite;Crescente;C�u Claro;Dupla;Reta;Sim;3;0;2;0;1;0;2;2;-18,868614;-41,971775;SPRF-MG;DEL06-MG;UOP01-DEL06-MG;;;
719276;18/09/2025;quinta-feira;09:00:00;MS;163;212,2;CAARAPO;Aus�ncia de rea��o do condutor;Colis�o traseira;Com V�timas Feridas;Pleno dia;Crescente;C�u Claro;Simples;"Declive;Reta";N�o;3;0;1;0;2;0;1;2;-22,59578638;-54,81731415;SPRF-MS;DEL04-MS;UOP02-DEL04-MS;;;
719278;08/09/2025;segunda-feira;07:10:00;BA;101;744,8;ITABELA;Acessar a via sem observar a presen�a dos outros ve�culos;Colis�o transversal;Com V�timas Feridas;Pleno dia;Decrescente;Sol;Simples;"Interse��o de Vias;Reta";Sim;3;0;3;0;0;0;3;2;-16,572102;-39,55918;SPRF-BA;DEL09-BA;UOP01-DEL09-BA;;;
719280;18/09/2025;quinta-feira;22:10:00;TO;10;455;PALMAS;Condutor deixou de manter dist�ncia do ve�culo da frente;Colis�o traseira;Com V�timas Feridas;Plena Noite;Decrescente;C�u Claro;M�ltipla;Reta;Sim;2;0;1;0;0;1;1;2;-10,29591315;-48,29757784;SPRF-TO;DEL01-TO;UOP03-DEL01-TO;;;
719282;18/09/2025;quinta-feira;23:00:00;SC;101;346,3;JAGUARUNA;Condutor Dormindo;Sa�da de leito carro��vel;Com V�timas Feridas;Plena Noite;Decrescente;C�u Claro;Dupla;Reta;N�o;2;0;2;0;0;0;2;1;-28,5681899;-49,05368358;SPRF-SC;DEL02-SC;UOP01-DEL02-SC;;;
719283;18/09/2025;quinta-feira;22:20:00;PE;423;98,2;GARANHUNS;Velocidade Incompat�vel;Tombamento;Com V�timas Feridas;Plena Noite;Crescente;C�u Claro;Simples;"Viaduto;Declive";Sim;1;0;1;0;0;0;1;1;-8,875412;-36,505807;SPRF-PE;DEL03-PE;UOP01-DEL03-PE;;;
719285;18/09/2025;quinta-feira;22:45:00;PA;230;114;MARABA;Aus�ncia de rea��o do condutor;Colis�o lateral mesmo sentido;Com V�timas Feridas;Plena Noite;Decrescente;C�u Claro;Dupla;Rotat�ria;Sim;2;0;1;0;1;0;1;2;-5,36174154;-49,0790406;SPRF-PA;DEL03-PA;UOP01-DEL03-PA;;;
719286;18/09/2025;quinta-feira;22:30:00;RJ;116;147;DUQUE DE CAXIAS;Transitar na contram�o;Colis�o frontal;Com V�timas Feridas;Plena Noite;Decrescente;C�u Claro;Simples;Reta;Sim;4;0;0;1;0;3;1;3;-22,669125;-43,270362;SPRF-RJ;DEL01-RJ;UOP02-DEL01-RJ;;;
719289;19/09/2025;sexta-feira;00:37:00;RJ;101;322;RIO DE JANEIRO;Aus�ncia de rea��o do condutor;Colis�o com objeto;Com V�timas Feridas;Plena Noite;Crescente;C�u Claro;Dupla;Reta;Sim;2;0;0;1;1;0;1;2;-22,88459743;-43,21676405;SPRF-RJ;DEL02-RJ;UOP01-DEL02-RJ;;;
719290;19/09/2025;sexta-feira;00:30:00;PR;277;654,2;MATELANDIA;Aus�ncia de rea��o do condutor;Tombamento;Com V�timas Feridas;Plena Noite;Decrescente;C�u Claro;Simples;"Aclive;Reta";N�o;1;0;1;0;0;0;1;1;-25,22575193;-53,95123959;SPRF-PR;DEL05-PR;UOP02-DEL05-PR;;;
719291;19/09/2025;sexta-feira;00:53:00;SC;101;137,4;BALNEARIO CAMBORIU;Condutor deixou de manter dist�ncia do ve�culo da frente;Colis�o traseira;Com V�timas Feridas;Plena Noite;Crescente;C�u Claro;Dupla;Viaduto;Sim;5;0;2;0;3;0;2;2;-27,02065126;-48,60947482;SPRF-SC;DEL04-SC;UOP03-DEL04-SC;;;
719293;18/09/2025;quinta-feira;23:45:00;MG;381;486;BETIM;Demais falhas mec�nicas ou el�tricas;Tombamento;Com V�timas Feridas;Plena Noite;Crescente;C�u Claro;M�ltipla;Reta;Sim;2;0;2;0;0;0;2;1;-19,95593797;-44,1081748;SPRF-MG;DEL01-MG;UOP03-DEL01-MG;;;
719295;19/09/2025;sexta-feira;01:30:00;PE;232;38,7;VITORIA DE SANTO ANTAO;Aus�ncia de rea��o do condutor;Colis�o com objeto;Com V�timas Fatais;Plena Noite;Decrescente;C�u Claro;Dupla;Reta;N�o;2;1;0;0;0;1;0;2;-8,11821;-35,23102;SPRF-PE;DEL02-PE;UOP02-DEL02PE;;;
719296;18/09/2025;quinta-feira;20:40:00;PB;230;9;CABEDELO;Ingest�o de �lcool pelo condutor;Colis�o com objeto;Sem V�timas;Plena Noite;Crescente;C�u Claro;Dupla;Reta;Sim;2;0;0;0;2;0;0;1;-7,047351;-34,848411;SPRF-PB;DEL01-PB;UOP01-DEL01-PB;;;
719300;19/09/2025;sexta-feira;01:00:00;MG;116;616,7;ORIZANIA;Aus�ncia de rea��o do condutor;Colis�o traseira;Com V�timas Feridas;Plena Noite;Decrescente;Nublado;Simples;Reta;N�o;3;0;2;1;0;0;3;2;-20,47620256;-42,18076497;SPRF-MG;DEL07-MG;UOP02-DEL07-MG;;;
719305;19/09/2025;sexta-feira;05:15:00;RS;285;654,1;SAO BORJA;Condutor Dormindo;Sa�da de leito carro��vel;Com V�timas Feridas;Plena Noite;Crescente;Nublado;Simples;Curva;N�o;2;0;1;1;0;0;2;1;-28,63343731;-55,78433017;SPRF-RS;DEL12-RS;UOP01-DEL12-RS;;;
719306;19/09/2025;sexta-feira;06:10:00;PE;232;150;SAO CAITANO;Rea��o tardia ou ineficiente do condutor;Queda de ocupante de ve�culo;Com V�timas Feridas;Amanhecer;Crescente;C�u Claro;Simples;Reta;N�o;1;0;0;1;0;0;1;1;-8,326139;-36,1678177;SPRF-PE;DEL03-PE;UOP02-DEL03-PE;;;
719307;19/09/2025;sexta-feira;07:05:00;RJ;116;170;RIO DE JANEIRO;Manobra de mudan�a de faixa;Colis�o lateral mesmo sentido;Com V�timas Feridas;Pleno dia;Decrescente;C�u Claro;Dupla;Reta;Sim;4;0;1;1;2;0;2;2;-22,8109545;-43,33470091;SPRF-RJ;DEL06-RJ;UOP01-DEL06-RJ;;;
719308;19/09/2025;sexta-feira;05:30:00;GO;153;625;MORRINHOS;Rea��o tardia ou ineficiente do condutor;Sa�da de leito carro��vel;Com V�timas Feridas;Amanhecer;Decrescente;C�u Claro;Dupla;Reta;N�o;3;0;1;0;2;0;1;1;-17,73936948;-49,15732527;SPRF-GO;DEL03-GO;UOP01-DEL03-GO;;;
719311;19/09/2025;sexta-feira;06:20:00;MG;116;528;CARATINGA;Transitar no Acostamento;Colis�o lateral mesmo sentido;Com V�timas Feridas;Pleno dia;Decrescente;Sol;Simples;Reta;Sim;2;0;1;0;1;0;1;2;-19,79753579;-42,13806152;SPRF-MG;DEL06-MG;UOP02-DEL06-MG;;;
719312;19/09/2025;sexta-feira;05:50:00;GO;364;106;CACHOEIRA ALTA;Rea��o tardia ou ineficiente do condutor;Sa�da de leito carro��vel;Com V�timas Feridas;Amanhecer;Decrescente;Nublado;Simples;Reta;N�o;1;0;1;0;0;0;1;1;-18,350741;-51,122422;SPRF-GO;DEL05-GO;UOP02-DEL05-GO;;;
719314;19/09/2025;sexta-feira;06:40:00;PI;316;15;TERESINA;Demais falhas mec�nicas ou el�tricas;Tombamento;Com V�timas Feridas;Pleno dia;Crescente;C�u Claro;M�ltipla;Reta;N�o;1;0;1;0;0;0;1;1;-5,22815602;-42,74976522;SPRF-PI;DEL01-PI;UOP02-DEL01-PI;;;
719315;19/09/2025;sexta-feira;06:40:00;ES;101;268,5;SERRA;Trafegar com motocicleta (ou similar) entre as faixas;Colis�o lateral mesmo sentido;Com V�timas Feridas;Pleno dia;Crescente;Nublado;M�ltipla;Reta;N�o;4;0;3;0;1;0;3;4;-20,21246;-40,26983;SPRF-ES;DEL02-ES;UOP01-DEL02-ES;;;
719316;19/09/2025;sexta-feira;07:00:00;SP;116;171;JACAREI;Demais falhas mec�nicas ou el�tricas;Queda de ocupante de ve�culo;Com V�timas Feridas;Pleno dia;Decrescente;C�u Claro;Dupla;Reta;N�o;1;0;0;1;0;0;1;1;-23,313167;-46,065412;SPRF-SP;DEL02-SP;UOP01-DEL02-SP;;;
719318;19/09/2025;sexta-feira;07:30:00;PE;232;410;SERRA TALHADA;Convers�o proibida;Colis�o lateral mesmo sentido;Com V�timas Feridas;Pleno dia;Crescente;C�u Claro;Simples;Reta;Sim;2;0;0;1;1;0;1;2;-7,98233879;-38,29711173;SPRF-PE;DEL04-PE;UOP01-DEL04-PE;;;
719320;19/09/2025;sexta-feira;08:10:00;SC;101;208;SAO JOSE;Manobra de mudan�a de faixa;Colis�o lateral mesmo sentido;Com V�timas Feridas;Pleno dia;Decrescente;C�u Claro;M�ltipla;"Declive;Curva";Sim;2;0;1;0;1;0;1;2;-27,60383;-48,63257;SPRF-SC;DEL01-SC;UOP01-DEL01-SC;;;
719321;19/09/2025;sexta-feira;07:11:00;RJ;101;484;ANGRA DOS REIS;Acumulo de areia ou detritos sobre o pavimento;Tombamento;Com V�timas Feridas;Pleno dia;Decrescente;C�u Claro;Simples;Curva;Sim;1;0;1;0;0;0;1;1;-22,99248;-44,30467;SPRF-RJ;DEL03-RJ;UOP03-DEL03-RJ;;;
719324;19/09/2025;sexta-feira;08:30:00;SC;101;210,5;SAO JOSE;Rea��o tardia ou ineficiente do condutor;Engavetamento;Com V�timas Feridas;Pleno dia;Crescente;Nublado;M�ltipla;Reta;Sim;4;0;1;0;3;0;1;3;-27,61912734;-48,64754526;SPRF-SC;DEL01-SC;UOP01-DEL01-SC;;;
719325;19/09/2025;sexta-feira;07:35:00;PI;343;341,9;TERESINA;Condutor deixou de manter dist�ncia do ve�culo da frente;Colis�o traseira;Com V�timas Feridas;Pleno dia;Crescente;C�u Claro;Dupla;Rotat�ria;Sim;3;0;1;0;2;0;1;2;-5,082523;-42,750315;SPRF-PI;DEL01-PI;UOP01-DEL01-PI;;;
719326;19/09/2025;sexta-feira;07:31:00;MG;365;651;UBERLANDIA;Demais falhas mec�nicas ou el�tricas;Inc�ndio;Sem V�timas;Pleno dia;Crescente;Sol;Dupla;"Declive;Curva";Sim;1;0;0;0;1;0;0;1;-18,867911;-48,565199;SPRF-MG;DEL15-MG;UOP01-DEL15-MG;;;
719327;19/09/2025;sexta-feira;08:41:00;ES;101;291,8;CARIACICA;Manobra de mudan�a de faixa;Colis�o lateral mesmo sentido;Com V�timas Feridas;Pleno dia;Decrescente;C�u Claro;Dupla;Reta;Sim;2;0;1;0;1;0;1;2;-20,30533515;-40,3951149;SPRF-ES;DEL01-ES;UOP01-DEL01-ES;;;
719332;19/09/2025;sexta-feira;09:00:00;RS;290;93;PORTO ALEGRE;Manobra de mudan�a de faixa;Colis�o traseira;Com V�timas Feridas;Pleno dia;Crescente;Nublado;Dupla;Reta;Sim;4;0;2;0;2;0;2;2;-29,98304527;-51,20213945;SPRF-RS;DEL01-RS;UOP01-DEL01-RS;;;
719333;19/09/2025;sexta-feira;07:40:00;SC;470;138,5;RIO DO SUL;Ultrapassagem Indevida;Colis�o lateral mesmo sentido;Com V�timas Feridas;Pleno dia;Crescente;C�u Claro;Simples;Reta;Sim;2;0;1;0;1;0;1;2;-27,19670146;-49,62762594;SPRF-SC;DEL04-SC;UOP02-DEL04-SC;;;
719334;19/09/2025;sexta-feira;07:30:00;AC;364;122;RIO BRANCO;Convers�o proibida;Colis�o transversal;Com V�timas Feridas;Pleno dia;Decrescente;C�u Claro;Dupla;"Retorno Regulamentado;Reta";Sim;4;0;2;0;2;0;2;2;-10,01181076;-67,78276997;SPRF-AC;DEL01-AC;UOP01-DEL01-AC;;;
719335;19/09/2025;sexta-feira;09:40:00;PB;230;12,9;CABEDELO;Manobra de mudan�a de faixa;Colis�o lateral mesmo sentido;Com V�timas Feridas;Pleno dia;Decrescente;Sol;Dupla;Reta;Sim;3;0;1;0;2;0;1;3;-7,080493;-34,84884;SPRF-PB;DEL01-PB;UOP01-DEL01-PB;;;
719336;19/09/2025;sexta-feira;09:00:00;SP;116;218;GUARULHOS;Ultrapassagem Indevida;Colis�o traseira;Com V�timas Feridas;Pleno dia;Crescente;Nublado;Dupla;Reta;Sim;6;0;2;0;4;0;2;2;-23,4574485;-46,47926744;SPRF-SP;DEL01-SP;UOP01-DEL01-SP;;;
719337;19/09/2025;sexta-feira;09:10:00;GO;40;1;VALPARAISO DE GOIAS;Condutor usando celular;Sa�da de leito carro��vel;Com V�timas Feridas;Pleno dia;Decrescente;C�u Claro;Dupla;Reta;Sim;1;0;1;0;0;0;1;1;-16,05258864;-47,98180014;SPRF-DF;DEL01-DF;UOP01-DEL01-DF;;;
719339;19/09/2025;sexta-feira;10:00:00;MG;381;495;BETIM;Acesso irregular;Colis�o lateral mesmo sentido;Com V�timas Feridas;Pleno dia;Decrescente;C�u Claro;Dupla;Reta;Sim;2;0;1;0;1;0;1;2;-19,974999;-44,18979;SPRF-MG;DEL01-MG;UOP03-DEL01-MG;;;
719340;14/09/2025;domingo;22:48:00;PE;101;9;GOIANA;Ingest�o de �lcool pelo condutor;Colis�o traseira;Sem V�timas;Plena Noite;Decrescente;C�u Claro;Dupla;Reta;N�o;3;0;0;0;3;0;0;2;-7,57777;-34,98833;SPRF-PE;DEL01-PE;UOP02-DEL01-PE;;;
719342;19/09/2025;sexta-feira;10:00:00;SC;101;5,5;ARARANGUA;Aus�ncia de rea��o do condutor;Colis�o com objeto;Com V�timas Feridas;Pleno dia;Crescente;C�u Claro;Simples;Reta;Sim;1;0;1;0;0;0;1;1;-28,96183471;-49,51838493;SPRF-SC;DEL02-SC;UOP02-DEL02-SC;;;
719343;19/09/2025;sexta-feira;09:10:00;DF;70;9;BRASILIA;Aus�ncia de rea��o do condutor;Colis�o lateral mesmo sentido;Com V�timas Feridas;Pleno dia;Decrescente;C�u Claro;Dupla;Reta;Sim;2;0;1;0;1;0;1;2;-15,786552;-48,137798;SPRF-DF;DEL03-DF;UOP02-DEL03-DF;;;
719344;19/09/2025;sexta-feira;10:00:00;PE;101;63,7;RECIFE;Rea��o tardia ou ineficiente do condutor;Colis�o traseira;Com V�timas Feridas;Pleno dia;Crescente;C�u Claro;Dupla;Reta;Sim;2;0;1;0;1;0;1;2;-8,013;-34,9388;SPRF-PE;DEL01-PE;UOP01-DEL01-PE;;;
719346;19/09/2025;sexta-feira;09:30:00;MG;381;685;RIBEIRAO VERMELHO;Condutor Dormindo;Colis�o com objeto;Sem V�timas;Pleno dia;Decrescente;C�u Claro;Dupla;Reta;N�o;1;0;0;0;1;0;0;1;-21,164435;-45,12402;SPRF-MG;DEL04-MG;UOP02-DEL04-MG;;;
719347;19/09/2025;sexta-feira;09:45:00;SC;101;3,8;ARARANGUA;Aus�ncia de rea��o do condutor;Colis�o traseira;Com V�timas Feridas;Pleno dia;Decrescente;C�u Claro;Simples;Reta;Sim;3;0;1;0;2;0;1;2;-28,95022219;-49,50734496;SPRF-SC;DEL02-SC;UOP02-DEL02-SC;;;
719348;19/09/2025;sexta-feira;10:10:00;SE;101;148;ESTANCIA;Acessar a via sem observar a presen�a dos outros ve�culos;Colis�o transversal;Sem V�timas;Pleno dia;Crescente;C�u Claro;Simples;"Reta;Interse��o de Vias";Sim;2;0;0;0;2;0;0;2;-11,24858078;-37,43537514;SPRF-SE;DEL02-SE;UOP01-DEL02-SE;;;
719349;06/09/2025;s�bado;13:00:00;RR;401;16;BONFIM;Convers�o proibida;Colis�o transversal;Com V�timas Feridas;Pleno dia;Crescente;C�u Claro;Simples;Reta;N�o;6;0;4;1;1;0;5;2;3,37897;-59,81976;SPRF-RR;DEL01-RR;UOP01-DEL01-RR;;;
719351;18/09/2025;quinta-feira;20:40:00;MG;116;452,9;ENGENHEIRO CALDAS;Animais na Pista;Atropelamento de Animal;Com V�timas Feridas;Plena Noite;Crescente;C�u Claro;Simples;Reta;N�o;1;0;0;1;0;0;1;1;-19,18687656;-42,04114661;SPRF-MG;DEL06-MG;UOP02-DEL06-MG;;;
719352;19/09/2025;sexta-feira;05:40:00;MA;10;162,4;PORTO FRANCO;Animais na Pista;Atropelamento de Animal;Com V�timas Fatais;Pleno dia;Crescente;C�u Claro;Simples;Aclive;N�o;3;1;1;1;0;0;2;1;-6,29577;-47,36317;SPRF-MA;DEL04-MA;UOP02-DEL04-MA;;;
719354;19/09/2025;sexta-feira;11:40:00;ES;101;259,2;SERRA;Rea��o tardia ou ineficiente do condutor;Tombamento;Com V�timas Feridas;Pleno dia;Decrescente;Chuva;Simples;"Curva;Declive";Sim;1;0;1;0;0;0;1;1;-20,1434;-40,2921;SPRF-ES;DEL02-ES;UOP01-DEL02-ES;;;
719355;16/03/2025;domingo;23:50:00;TO;153;719;FIGUEIROPOLIS;Acessar a via sem observar a presen�a dos outros ve�culos;Colis�o transversal;Com V�timas Feridas;Plena Noite;Crescente;C�u Claro;Simples;Reta;Sim;2;0;0;2;0;0;2;2;-12,11890332;-49,17674875;SPRF-TO;DEL01-TO;UOP02-DEL01-TO;;;
719358;06/09/2025;s�bado;20:30:00;MS;163;484;CAMPO GRANDE;Acessar a via sem observar a presen�a dos outros ve�culos;Eventos at�picos;Com V�timas Feridas;Anoitecer;Decrescente;Nublado;Simples;Interse��o de Vias;N�o;3;0;3;0;0;0;3;2;-20,447623;-54,540887;SPRF-MS;DEL01-MS;UOP02-DEL01-MS;;;
719360;19/09/2025;sexta-feira;07:40:00;MT;364;262,2;JUSCIMEIRA;Avarias e/ou desgaste excessivo no pneu;Colis�o lateral mesmo sentido;Sem V�timas;Pleno dia;Decrescente;Sol;Dupla;Reta;N�o;3;0;0;0;2;1;0;2;-16,021445;-54,901758;SPRF-MT;DEL02-MT;UOP01-DEL02-MT;;;
719361;19/09/2025;sexta-feira;11:30:00;SP;116;388;MIRACATU;Rea��o tardia ou ineficiente do condutor;Sa�da de leito carro��vel;Com V�timas Feridas;Pleno dia;Decrescente;C�u Claro;Dupla;Reta;N�o;2;0;2;0;0;0;2;1;-24,27219521;-47,40480101;SPRF-SP;DEL04-SP;UOP02-DEL04-SP;;;
719362;19/09/2025;sexta-feira;12:00:00;PE;232;9;RECIFE;Rea��o tardia ou ineficiente do condutor;Colis�o traseira;Com V�timas Feridas;Pleno dia;Crescente;C�u Claro;Dupla;Reta;N�o;3;0;2;0;1;0;2;2;-8,0639521;-34,9447854;SPRF-PE;DEL01-PE;UOP01-DEL01-PE;;;
719363;19/09/2025;sexta-feira;11:50:00;SC;101;243;PALHOCA;Demais falhas mec�nicas ou el�tricas;Colis�o traseira;Com V�timas Feridas;Pleno dia;Crescente;C�u Claro;M�ltipla;Reta;N�o;3;0;1;0;2;0;1;2;-27,88506183;-48,64806686;SPRF-SC;DEL01-SC;UOP02-DEL01-SC;;;
719364;19/09/2025;sexta-feira;11:00:00;PR;163;140,5;CAPITAO LEONIDAS MARQUES;Rea��o tardia ou ineficiente do condutor;Sa�da de leito carro��vel;Sem V�timas;Pleno dia;Decrescente;Sol;Simples;"Declive;Curva";N�o;2;0;0;0;2;0;0;1;-25,473338;-53,587143;SPRF-PR;DEL05-PR;UOP05-DEL05-PR;;;