id;data_inversa;dia_semana;horario;uf;br;km;municipio;causa_acidente;tipo_acidente;classificacao_acidente;fase_dia;sentido_via;condicao_metereologica;tipo_pista;tracado_via;uso_solo;pessoas;mortos;feridos_leves;feridos_graves;ilesos;ignorados;feridos;veiculos;latitude;longitude;regional;delegacia;uop;;;
719486;19/09/2025;sexta-feira;19:50:00;PR;369;184,6;ARAPONGAS;Acessar a via sem observar a presen�a dos outros ve�culos;Colis�o transversal;Com V�timas Feridas;Plena Noite;Decrescente;C�u Claro;Simples;Curva;Sim;2;0;1;0;1;0;1;2;-23,40554151;-51,42843962;SPRF-PR;DEL07-PR;UOP03-DEL07-PR;;;
719487;19/09/2025;sexta-feira;16:20:00;MG;262;785;UBERABA;Rea��o tardia ou ineficiente do condutor;Colis�o traseira;Sem V�timas;Pleno dia;Crescente;Chuva;Dupla;"Reta;Aclive";N�o;2;0;0;0;1;1;0;2;-19,76909092;-47,89656965;SPRF-MG;DEL13-MG;UOP01-DEL13-MG;;;
719488;19/09/2025;sexta-feira;20:00:00;SP;116;104,4;TAUBATE;Rea��o tardia ou ineficiente do condutor;Colis�o traseira;Com V�timas Feridas;Plena Noite;Crescente;C�u Claro;Dupla;Reta;N�o;4;0;2;0;2;0;2;3;-23,00589509;-45,51161339;SPRF-SP;DEL02-SP;UOP02-DEL02-SP;;;
719493;19/09/2025;sexta-feira;18:30:00;MG;262;34;REDUTO;Acessar a via sem observar a presen�a dos outros ve�culos;Colis�o transversal;Com V�timas Feridas;Plena Noite;Crescente;C�u Claro;Simples;"Reta;Interse��o de Vias";Sim;5;0;0;2;3;0;2;2;-20,25482273;-41,99818611;SPRF-MG;DEL06-MG;UOP03-DEL06-MG;;;
719496;19/09/2025;sexta-feira;18:10:00;MG;116;267,5;TEOFILO OTONI;Aus�ncia de rea��o do condutor;Queda de ocupante de ve�culo;Com V�timas Feridas;Plena Noite;Decrescente;C�u Claro;Simples;"Curva;Aclive";N�o;1;0;0;1;0;0;1;1;-17,784243;-41,500903;SPRF-MG;DEL11-MG;UOP01-DEL11-MG;;;
719497;19/09/2025;sexta-feira;21:00:00;PR;277;82;SAO JOSE DOS PINHAIS;Aus�ncia de rea��o do condutor;Colis�o traseira;Com V�timas Feridas;Plena Noite;Crescente;C�u Claro;Dupla;Reta;N�o;2;0;1;0;1;0;1;2;-25,55529958;-49,02985448;SPRF-PR;DEL01-PR;UOP03-DEL01-PR;;;
719498;19/09/2025;sexta-feira;20:30:00;GO;50;105;CRISTALINA;Ingest�o de �lcool pelo condutor;Colis�o traseira;Com V�timas Feridas;Plena Noite;Crescente;Nublado;Dupla;Reta;N�o;2;0;1;0;1;0;1;2;-16,8168;-47,670193;SPRF-DF;DEL01-DF;UOP02-DEL01-DF;;;
719499;19/09/2025;sexta-feira;21:00:00;PE;428;177,8;PETROLINA;Aus�ncia de rea��o do condutor;Colis�o traseira;Com V�timas Feridas;Plena Noite;Crescente;C�u Claro;Simples;Reta;N�o;3;0;2;0;1;0;2;2;-9,28677;-40,44322;SPRF-PE;DEL06-PE;UOP01-DEL06-PE;;;
719500;25/07/2025;sexta-feira;09:30:00;BA;324;612;SALVADOR;Condutor deixou de manter dist�ncia do ve�culo da frente;Engavetamento;Com V�timas Feridas;Pleno dia;Decrescente;C�u Claro;Dupla;Reta;N�o;1;0;1;0;0;0;1;1;-12,856622;-38,420785;SPRF-BA;DEL01-BA;UOP01-DEL01-BA;;;
719502;19/09/2025;sexta-feira;18:25:00;SC;101;406;ARARANGUA;Acessar a via sem observar a presen�a dos outros ve�culos;Colis�o lateral mesmo sentido;Com V�timas Feridas;Plena Noite;Decrescente;C�u Claro;Dupla;Reta;N�o;2;0;1;0;1;0;1;2;-28,90169169;-49,47596521;SPRF-SC;DEL02-SC;UOP02-DEL02-SC;;;
719504;19/09/2025;sexta-feira;18:00:00;CE;222;126,9;ITAPAJE;Animais na Pista;Queda de ocupante de ve�culo;Com V�timas Feridas;Anoitecer;Crescente;C�u Claro;Simples;Declive;N�o;5;0;0;1;3;1;1;4;-3,7023329;-39,6087165;SPRF-CE;DEL04-CE;UOP03-DEL04-CE;;;
719507;19/09/2025;sexta-feira;16:25:00;RS;116;427;CRISTAL;Acessar a via sem observar a presen�a dos outros ve�culos;Colis�o transversal;Com V�timas Feridas;Pleno dia;Crescente;C�u Claro;Simples;"Interse��o de Vias;Reta";Sim;2;0;0;1;1;0;1;2;-31,00154172;-52,05143005;SPRF-RS;DEL02-RS;UOP02-DEL02-RS;;;
719508;19/09/2025;sexta-feira;20:00:00;MG;262;581,5;CAMPOS ALTOS;Aus�ncia de rea��o do condutor;Queda de ocupante de ve�culo;Com V�timas Feridas;Plena Noite;Crescente;Chuva;Simples;Reta;N�o;1;0;1;0;0;0;1;1;-19,66731513;-46,15533276;SPRF-MG;DEL08-MG;UOP02-DEL08-MG;;;
719509;19/09/2025;sexta-feira;21:50:00;GO;60;130;GOIANAPOLIS;Rea��o tardia ou ineficiente do condutor;Colis�o com objeto;Sem V�timas;Plena Noite;Decrescente;C�u Claro;Dupla;Reta;N�o;1;0;0;0;1;0;0;1;-16,575821;-49,160716;SPRF-GO;DEL01-GO;UOP01-DEL01-GO;;;
719510;19/09/2025;sexta-feira;14:00:00;MT;163;4;ITIQUIRA;Aus�ncia de rea��o do condutor;Colis�o traseira;Com V�timas Feridas;Pleno dia;Decrescente;C�u Claro;Dupla;Reta;N�o;4;0;2;0;2;0;2;2;-17,17716643;-54,76068771;SPRF-MT;DEL02-MT;UOP03-DEL02-MT;;;
719511;19/09/2025;sexta-feira;20:30:00;PR;277;449;LARANJEIRAS DO SUL;Aus�ncia de rea��o do condutor;Sa�da de leito carro��vel;Com V�timas Feridas;Plena Noite;Decrescente;C�u Claro;Simples;Reta;N�o;1;0;1;0;0;0;1;1;-25,367293;-52,457521;SPRF-PR;DEL04-PR;UOP02-DEL04-PR;;;
719512;19/09/2025;sexta-feira;21:50:00;PR;376;213,1;MANDAGUARI;Aus�ncia de rea��o do condutor;Sa�da de leito carro��vel;Com V�timas Feridas;Plena Noite;Decrescente;C�u Claro;Dupla;Reta;N�o;1;0;0;1;0;0;1;1;-23,5671921;-51,6548703;SPRF-PR;DEL09-PR;UOP01-DEL09-PR;;;
719514;19/09/2025;sexta-feira;21:00:00;PE;101;5,5;GOIANA;Aus�ncia de rea��o do condutor;Colis�o traseira;Com V�timas Feridas;Plena Noite;Decrescente;Nublado;Dupla;Reta;N�o;2;0;0;2;0;0;2;2;-7,547;-34,991;SPRF-PE;DEL01-PE;UOP02-DEL01-PE;;;
719515;19/09/2025;sexta-feira;20:50:00;SC;282;102,5;ALFREDO WAGNER;Transitar na contram�o;Colis�o lateral sentido oposto;Com V�timas Feridas;Plena Noite;Crescente;C�u Claro;Simples;Reta;N�o;3;0;1;0;2;0;1;2;-27,694181;-49,30546;SPRF-SC;DEL01-SC;UOP03-DEL01-SC;;;
719518;19/09/2025;sexta-feira;19:20:00;SC;101;0,5;ARARANGUA;Convers�o proibida;Colis�o transversal;Com V�timas Feridas;Plena Noite;Decrescente;Nublado;Simples;Interse��o de Vias;N�o;4;0;1;0;3;0;1;2;-28,92206326;-49,49113369;SPRF-SC;DEL02-SC;UOP02-DEL02-SC;;;
719519;19/09/2025;sexta-feira;21:00:00;SP;101;44;UBATUBA;Pedestre cruzava a pista fora da faixa;Atropelamento de Pedestre;Com V�timas Feridas;Plena Noite;Crescente;C�u Claro;Simples;Curva;N�o;3;0;1;0;2;0;1;2;-23,41851794;-45,04463196;SPRF-SP;DEL06-SP;UOP01-DEL06-SP;;;
719521;19/09/2025;sexta-feira;21:20:00;PR;369;150,9;LONDRINA;Pedestre cruzava a pista fora da faixa;Atropelamento de Pedestre;Com V�timas Feridas;Plena Noite;Decrescente;C�u Claro;Dupla;Reta;Sim;2;0;0;1;0;1;1;2;-23,292957;-51,168764;SPRF-PR;DEL07-PR;UOP01-DEL07-PR;;;
719524;19/09/2025;sexta-feira;20:20:00;PI;343;249;CAMPO MAIOR;Defici�ncia do Sistema de Ilumina��o/Sinaliza��o;Colis�o lateral mesmo sentido;Com V�timas Fatais;Plena Noite;Decrescente;C�u Claro;Simples;Reta;N�o;4;1;0;2;0;1;2;2;-4,77437616;-42,11462975;SPRF-PI;DEL01-PI;UOP03-DEL01-PI;;;
719525;19/09/2025;sexta-feira;21:45:00;RJ;116;118;MAGE;Rea��o tardia ou ineficiente do condutor;Colis�o com objeto;Com V�timas Feridas;Plena Noite;Decrescente;C�u Claro;M�ltipla;Reta;N�o;3;0;1;0;2;0;1;2;-22,608565;-43,029705;SPRF-RJ;DEL04-RJ;UOP02-DEL04-RJ;;;
719526;19/09/2025;sexta-feira;21:45:00;MG;116;503,9;INHAPIM;Ingest�o de �lcool pelo condutor;Colis�o lateral sentido oposto;Com V�timas Feridas;Plena Noite;Crescente;Nublado;Simples;Reta;N�o;2;0;0;1;1;0;1;2;-19,595914;-42,112281;SPRF-MG;DEL06-MG;UOP02-DEL06-MG;;;
719528;19/09/2025;sexta-feira;06:40:00;RJ;101;325;SAO GONCALO;Condutor deixou de manter dist�ncia do ve�culo da frente;Colis�o traseira;Com V�timas Feridas;Pleno dia;Crescente;C�u Claro;Dupla;Reta;N�o;3;0;2;0;1;0;2;2;-22,7929168;-43,0248285;SPRF-RJ;DEL02-RJ;UOP01-DEL02-RJ;;;
719529;19/09/2025;sexta-feira;23:20:00;SC;101;206;SAO JOSE;Acessar a via sem observar a presen�a dos outros ve�culos;Colis�o transversal;Com V�timas Feridas;Plena Noite;Crescente;C�u Claro;M�ltipla;Interse��o de Vias;Sim;2;0;1;0;0;1;1;2;-27,59510755;-48,61944795;SPRF-SC;DEL01-SC;UOP01-DEL01-SC;;;
719531;19/09/2025;sexta-feira;22:50:00;PR;369;178,5;ROLANDIA;Velocidade Incompat�vel;Colis�o com objeto;Com V�timas Fatais;Plena Noite;Crescente;C�u Claro;Dupla;"Reta;Declive";N�o;2;1;0;0;1;0;0;2;-23,35954;-51,3976;SPRF-PR;DEL07-PR;UOP01-DEL07-PR;;;
719535;19/09/2025;sexta-feira;23:45:00;MG;40;555,4;NOVA LIMA;Rea��o tardia ou ineficiente do condutor;Sa�da de leito carro��vel;Com V�timas Feridas;Pleno dia;Crescente;C�u Claro;Dupla;Reta;Sim;1;0;1;0;0;0;1;1;-20,093302;-43,97583;SPRF-MG;DEL01-MG;UOP02-DEL01-MG;;;
719537;19/09/2025;sexta-feira;18:47:00;MG;381;244;IPATINGA;Rea��o tardia ou ineficiente do condutor;Colis�o transversal;Com V�timas Feridas;Plena Noite;Crescente;C�u Claro;Simples;Rotat�ria;Sim;2;0;0;1;1;0;1;2;-19,42194961;-42,62074471;SPRF-MG;DEL06-MG;UOP01-DEL06-MG;;;
719538;20/09/2025;s�bado;00:09:00;TO;153;60;PIRAQUE;Rea��o tardia ou ineficiente do condutor;Sa�da de leito carro��vel;Com V�timas Fatais;Plena Noite;Crescente;C�u Claro;Simples;Curva;N�o;5;3;1;0;0;1;1;1;-6,78984;-48,20388;SPRF-TO;DEL02-TO;UOP01-DEL02-TO;;;
719539;19/09/2025;sexta-feira;21:30:00;AL;316;79;POCO DAS TRINCHEIRAS;Manobra de mudan�a de faixa;Colis�o frontal;Com V�timas Fatais;Plena Noite;Crescente;Ignorado;Simples;Reta;Sim;6;1;0;0;3;2;0;3;-9,341685;-37,283127;SPRF-AL;DEL03-AL;UOP02-DEL03-AL;;;
719542;20/09/2025;s�bado;01:19:00;MG;50;25;ARAGUARI;Rea��o tardia ou ineficiente do condutor;Colis�o com objeto;Com V�timas Feridas;Plena Noite;Crescente;C�u Claro;Dupla;Reta;N�o;1;0;1;0;0;0;1;1;-18,615909;-48,083453;SPRF-MG;DEL15-MG;UOP02-DEL15-MG;;;
719543;20/09/2025;s�bado;01:10:00;PE;232;134,6;CARUARU;Pedestre cruzava a pista fora da faixa;Atropelamento de Pedestre;Com V�timas Fatais;Plena Noite;Crescente;Garoa/Chuvisco;Dupla;Declive;N�o;2;1;0;0;0;1;0;2;-8,31186;-36,03614;SPRF-PE;DEL02-PE;UOP03-DEL02-PE;;;
719545;20/09/2025;s�bado;01:50:00;RS;285;117;VACARIA;Velocidade Incompat�vel;Sa�da de leito carro��vel;Com V�timas Feridas;Plena Noite;Decrescente;C�u Claro;Simples;Rotat�ria;N�o;2;0;2;0;0;0;2;1;-28,51312736;-50,90991346;SPRF-RS;DEL05-RS;UOP03-DEL05-RS;;;
719546;20/09/2025;s�bado;02:30:00;BA;101;905;IBIRAPUA;Rea��o tardia ou ineficiente do condutor;Queda de ocupante de ve�culo;Com V�timas Fatais;Pleno dia;Decrescente;Chuva;Simples;Reta;N�o;2;1;0;1;0;0;1;1;-17,75359131;-39,76570129;SPRF-BA;DEL09-BA;UOP02-DEL09-BA;;;
719548;20/09/2025;s�bado;01:15:00;RJ;101;274;TANGUA;Rea��o tardia ou ineficiente do condutor;Colis�o traseira;Com V�timas Feridas;Plena Noite;Decrescente;C�u Claro;Dupla;Reta;Sim;2;0;1;0;1;0;1;2;-22,73770206;-42,72898048;SPRF-RJ;DEL02-RJ;UOP03-DEL02-RJ;;;
719549;20/09/2025;s�bado;01:40:00;ES;262;159,1;IBATIBA;Ingest�o de �lcool pelo condutor;Colis�o traseira;Com V�timas Feridas;Plena Noite;Crescente;Garoa/Chuvisco;Simples;Reta;Sim;2;0;1;0;0;1;1;2;-20,23425547;-41,50624663;SPRF-ES;DEL01-ES;UOP02-DEL01-ES;;;
719553;20/09/2025;s�bado;02:45:00;RS;386;306,5;POUSO NOVO;Condutor Dormindo;Sa�da de leito carro��vel;Com V�timas Feridas;Plena Noite;Crescente;Nevoeiro/Neblina;Simples;"Declive;Curva";N�o;3;0;3;0;0;0;3;1;-29,20818913;-52,18178496;SPRF-RS;DEL04-RS;UOP01-DEL04-RS;;;
719554;20/09/2025;s�bado;02:50:00;SC;101;2,8;ARARANGUA;Acessar a via sem observar a presen�a dos outros ve�culos;Colis�o transversal;Com V�timas Feridas;Plena Noite;Crescente;C�u Claro;Simples;Interse��o de Vias;Sim;2;0;1;0;1;0;1;2;-28,94373477;-49,50175524;SPRF-SC;DEL02-SC;UOP02-DEL02-SC;;;
719555;19/09/2025;sexta-feira;23:20:00;MT;70;499;CUIABA;Aus�ncia de rea��o do condutor;Sa�da de leito carro��vel;Com V�timas Feridas;Plena Noite;Crescente;C�u Claro;Simples;Reta;N�o;1;0;1;0;0;0;1;1;-15,674958;-56,013815;SPRF-MT;DEL01-MT;UOP02-DEL01-MT;;;
719556;20/09/2025;s�bado;04:00:00;SC;282;3;FLORIANOPOLIS;Rea��o tardia ou ineficiente do condutor;Queda de ocupante de ve�culo;Com V�timas Feridas;Plena Noite;Crescente;Nublado;Dupla;Curva;Sim;1;0;1;0;0;0;1;1;-27,60239648;-48,59481352;SPRF-SC;DEL01-SC;UOP01-DEL01-SC;;;
719557;20/09/2025;s�bado;02:35:00;SC;280;166;MAFRA;Aus�ncia de rea��o do condutor;Tombamento;Com V�timas Feridas;Plena Noite;Decrescente;Garoa/Chuvisco;Simples;Rotat�ria;N�o;3;0;2;0;1;0;2;3;-26,16446068;-49,81812716;SPRF-SC;DEL06-SC;UOP01-DEL06-SC;;;
719558;20/09/2025;s�bado;01:43:00;MT;364;563,3;NOBRES;Transitar na contram�o;Colis�o frontal;Com V�timas Feridas;Plena Noite;Crescente;Nublado;Dupla;Reta;Sim;3;0;3;0;0;0;3;2;-14,71976836;-56,32141113;SPRF-MT;DEL01-MT;UOP01-DEL01-MT;;;
719559;20/09/2025;s�bado;03:50:00;RS;448;13,5;CANOAS;Aus�ncia de rea��o do condutor;Colis�o traseira;Com V�timas Feridas;Plena Noite;Decrescente;C�u Claro;Dupla;Reta;Sim;3;0;1;0;2;0;1;2;-29,91106055;-51,23874502;SPRF-RS;DEL01-RS;UOP01-DEL01-RS;;;
719561;20/09/2025;s�bado;04:20:00;SP;116;60,5;GUARATINGUETA;Aus�ncia de rea��o do condutor;Queda de ocupante de ve�culo;Com V�timas Feridas;Amanhecer;Crescente;C�u Claro;Dupla;Curva;Sim;1;0;1;0;0;0;1;1;-22,794377;-45,165582;SPRF-SP;DEL08-SP;UOP01-DEL08-SP;;;
719562;20/09/2025;s�bado;02:50:00;SC;282;4,2;FLORIANOPOLIS;Rea��o tardia ou ineficiente do condutor;Colis�o com objeto;Com V�timas Feridas;Plena Noite;Crescente;C�u Claro;Simples;"Interse��o de Vias;Viaduto;Retorno Regulamentado;Curva";Sim;1;0;1;0;0;0;1;1;-27,59563051;-48,60128403;SPRF-SC;DEL01-SC;UOP01-DEL01-SC;;;
719563;20/09/2025;s�bado;01:30:00;RJ;393;3,5;VOLTA REDONDA;Condutor Dormindo;Colis�o frontal;Com V�timas Feridas;Plena Noite;Decrescente;C�u Claro;Simples;Reta;N�o;3;0;1;0;2;0;1;3;-22,51598435;-44,0533673;SPRF-RJ;DEL05-RJ;UOP04-DEL05-RJ;;;
719564;20/09/2025;s�bado;03:30:00;GO;153;175;CAMPINORTE;Ingest�o de �lcool pelo condutor;Sa�da de leito carro��vel;Sem V�timas;Plena Noite;Decrescente;C�u Claro;Simples;Reta;N�o;1;0;0;0;1;0;0;1;-14,31611787;-49,15017128;SPRF-GO;DEL07-GO;UOP02-DEL07-GO;;;
719565;20/09/2025;s�bado;03:45:00;SP;381;87,1;SAO PAULO;Rea��o tardia ou ineficiente do condutor;Colis�o com objeto;Com V�timas Fatais;Plena Noite;Decrescente;C�u Claro;M�ltipla;Reta;Sim;4;1;0;0;0;3;0;1;-23,47312225;-46,56204796;SPRF-SP;DEL03-SP;UOP01-DEL03-SP;;;
719567;20/09/2025;s�bado;05:10:00;SC;101;210;BIGUACU;Ingest�o de �lcool pelo condutor;Colis�o com objeto;Com V�timas Feridas;Amanhecer;Decrescente;Nevoeiro/Neblina;M�ltipla;Reta;Sim;1;0;0;1;0;0;1;1;-27,4997;-48,65591;SPRF-SC;DEL01-SC;UOP01-DEL01-SC;;;
719568;19/09/2025;sexta-feira;21:10:00;MS;163;434;CAMPO GRANDE;Aus�ncia de rea��o do condutor;Colis�o traseira;Sem V�timas;Plena Noite;Crescente;C�u Claro;Simples;Reta;N�o;3;0;0;0;2;1;0;2;-20,869779;-54,507067;SPRF-MS;DEL01-MS;UOP01-DEL01-MS;;;
719569;20/09/2025;s�bado;03:25:00;MT;364;198;RONDONOPOLIS;Aus�ncia de rea��o do condutor;Colis�o com objeto;Com V�timas Feridas;Plena Noite;Crescente;C�u Claro;Dupla;Retorno Regulamentado;Sim;1;0;1;0;0;0;1;1;-16,50630919;-54,62288115;SPRF-MT;DEL02-MT;UOP01-DEL02-MT;;;
719570;20/09/2025;s�bado;06:00:00;PR;369;190;ARAPONGAS;Ingest�o de �lcool pelo condutor;Colis�o traseira;Sem V�timas;Pleno dia;Crescente;C�u Claro;Simples;Reta;Sim;4;0;0;0;3;1;0;4;-23,43802941;-51,42208815;SPRF-PR;DEL07-PR;UOP03-DEL07-PR;;;
719571;20/09/2025;s�bado;04:00:00;ES;101;130;LINHARES;Redutor de velocidade em desacordo;Colis�o traseira;Com V�timas Feridas;Plena Noite;Crescente;Chuva;Simples;Reta;N�o;3;0;0;1;2;0;1;2;-19,15394119;-40,07866144;SPRF-ES;DEL04-ES;UOP01-DEL04-ES;;;
719572;20/09/2025;s�bado;06:00:00;SC;101;223,9;PALHOCA;Ingest�o de �lcool pelo condutor;Colis�o traseira;Sem V�timas;Amanhecer;Decrescente;C�u Claro;Dupla;Reta;N�o;2;0;0;0;2;0;0;2;-27,72404525;-48,64372579;SPRF-SC;DEL01-SC;UOP02-DEL01-SC;;;
719573;20/09/2025;s�bado;04:30:00;DF;70;3;BRASILIA;Falta de elemento de conten��o que evite a sa�da do leito carro��vel;Sa�da de leito carro��vel;Com V�timas Feridas;Plena Noite;Decrescente;Chuva;M�ltipla;Reta;N�o;1;0;1;0;0;0;1;1;-15,7994497;-48,0754391;SPRF-DF;DEL03-DF;UOP02-DEL03-DF;;;
719576;20/09/2025;s�bado;04:45:00;RS;158;217,2;CRUZ ALTA;Aus�ncia de rea��o do condutor;Sa�da de leito carro��vel;Com V�timas Feridas;Plena Noite;Decrescente;Chuva;Simples;"Curva;Declive";N�o;1;0;1;0;0;0;1;1;-28,83652466;-53,61119684;SPRF-RS;DEL10-RS;UOP02-DEL10-RS;;;
719577;20/09/2025;s�bado;04:50:00;RS;158;251,4;JULIO DE CASTILHOS;Chuva;Sa�da de leito carro��vel;Com V�timas Feridas;Plena Noite;Decrescente;Chuva;Simples;Reta;N�o;1;0;1;0;0;0;1;1;-29,1508495;-53,64860058;SPRF-RS;DEL10-RS;UOP02-DEL10-RS;;;
719578;20/09/2025;s�bado;06:00:00;RJ;116;186;NOVA IGUACU;Condutor deixou de manter dist�ncia do ve�culo da frente;Colis�o lateral mesmo sentido;Com V�timas Feridas;Pleno dia;Decrescente;C�u Claro;M�ltipla;Reta;N�o;2;0;0;1;0;1;1;2;-22,7398371;-43,4722889;SPRF-RJ;DEL06-RJ;UOP01-DEL06-RJ;;;
719580;20/09/2025;s�bado;06:40:00;PB;230;23,8;JOAO PESSOA;Manobra de mudan�a de faixa;Colis�o lateral mesmo sentido;Com V�timas Feridas;Pleno dia;Decrescente;Sol;Dupla;Reta;Sim;3;0;2;0;0;1;2;2;-7,1703163;-34,8688944;SPRF-PB;DEL01-PB;UOP01-DEL01-PB;;;
719583;20/09/2025;s�bado;04:20:00;RS;158;347;SANTA MARIA;Aus�ncia de rea��o do condutor;Colis�o frontal;Com V�timas Feridas;Plena Noite;Decrescente;Nublado;Simples;Reta;N�o;4;0;1;3;0;0;4;2;-29,756469;-53,976053;SPRF-RS;DEL09-RS;UOP01-DEL09-RS;;;
719585;20/09/2025;s�bado;07:20:00;RS;290;145;ELDORADO DO SUL;Aus�ncia de rea��o do condutor;Sa�da de leito carro��vel;Sem V�timas;Pleno dia;Decrescente;C�u Claro;Simples;Reta;Sim;1;0;0;0;0;1;0;1;-30,1043454;-51,6674554;SPRF-RS;DEL02-RS;UOP01-DEL02-RS;;;
719586;20/09/2025;s�bado;05:30:00;RJ;101;316;SAO GONCALO;Condutor Dormindo;Colis�o com objeto;Com V�timas Feridas;Amanhecer;Decrescente;C�u Claro;Dupla;Reta;Sim;1;0;1;0;0;0;1;1;-22,82341869;-43,08546066;SPRF-RJ;DEL02-RJ;UOP02-DEL02-RJ;;;
719587;20/09/2025;s�bado;06:40:00;RO;364;12;VILHENA;Ingest�o de �lcool pelo condutor;Colis�o lateral mesmo sentido;Com V�timas Feridas;Pleno dia;Decrescente;C�u Claro;Simples;Interse��o de Vias;Sim;3;0;1;0;1;1;1;3;-12,74385;-60,12366;SPRF-RO;DEL04-RO;UOP01-DEL04-RO;;;
719588;20/09/2025;s�bado;07:15:00;SP;116;154,2;SAO JOSE DOS CAMPOS;Aus�ncia de rea��o do condutor;Colis�o lateral mesmo sentido;Com V�timas Feridas;Pleno dia;Decrescente;C�u Claro;Dupla;Reta;Sim;2;0;1;0;1;0;1;2;-23,24524337;-45,92772774;SPRF-SP;DEL02-SP;UOP01-DEL02-SP;;;
719589;20/09/2025;s�bado;07:20:00;MG;40;547;NOVA LIMA;Condutor Dormindo;Colis�o com objeto;Sem V�timas;Pleno dia;Crescente;Ignorado;Dupla;"Curva;Declive";N�o;1;0;0;0;1;0;0;1;-20,0245569;-43,9696448;SPRF-MG;DEL01-MG;UOP02-DEL01-MG;;;
719590;18/07/2025;sexta-feira;13:50:00;MG;381;490;BETIM;Rea��o tardia ou ineficiente do condutor;Tombamento;Com V�timas Feridas;Pleno dia;Crescente;C�u Claro;M�ltipla;Reta;Sim;1;0;1;0;0;0;1;1;-19,9562795;-44,1423055;SPRF-MG;DEL01-MG;UOP03-DEL01-MG;;;
719592;30/08/2025;s�bado;11:10:00;ES;101;295,6;CARIACICA;Objeto est�tico sobre o leito carro��vel;Tombamento;Com V�timas Feridas;Pleno dia;Decrescente;Nublado;Dupla;Reta;Sim;1;0;1;0;0;0;1;1;-20,33713308;-40,40256354;SPRF-ES;DEL01-ES;UOP01-DEL01-ES;;;
719593;20/09/2025;s�bado;01:25:00;MG;262;622,9;IBIA;Aus�ncia de rea��o do condutor;Colis�o traseira;Com V�timas Feridas;Plena Noite;Crescente;C�u Claro;Simples;"Reta;Declive";N�o;2;0;1;0;1;0;1;2;-19,59141;-46,49316;SPRF-MG;DEL08-MG;UOP02-DEL08-MG;;;
719594;20/09/2025;s�bado;05:20:00;MA;222;426,6;SANTA LUZIA;Rea��o tardia ou ineficiente do condutor;Atropelamento de Animal;Com V�timas Fatais;Amanhecer;Decrescente;C�u Claro;Simples;"Reta;Aclive";N�o;1;1;0;0;0;0;0;1;-4,043993;-45,797805;SPRF-MA;DEL02-MA;UOP01-DEL02-MA;;;
719595;19/09/2025;sexta-feira;23:30:00;RJ;101;472;ANGRA DOS REIS;Acessar a via sem observar a presen�a dos outros ve�culos;Atropelamento de Pedestre;Com V�timas Feridas;Plena Noite;Decrescente;C�u Claro;Simples;Curva;N�o;2;0;1;0;1;0;1;2;-22,9997764;-44,2388642;SPRF-RJ;DEL03-RJ;UOP03-DEL03-RJ;;;
719597;20/09/2025;s�bado;07:52:00;PE;408;89,3;SAO LOURENCO DA MATA;Aus�ncia de rea��o do condutor;Sa�da de leito carro��vel;Sem V�timas;Pleno dia;Crescente;Nublado;Dupla;Reta;N�o;1;0;0;0;0;1;0;1;-8,030391;-35,036067;SPRF-PE;DEL01-PE;UOP01-DEL01-PE;;;
719598;20/09/2025;s�bado;08:00:00;MA;135;23;SAO LUIS;Acessar a via sem observar a presen�a dos outros ve�culos;Colis�o transversal;Sem V�timas;Pleno dia;Decrescente;C�u Claro;Dupla;Retorno Regulamentado;Sim;2;0;0;0;2;0;0;2;-2,551218;-44,307048;SPRF-MA;DEL01-MA;UOP01-DEL01-MA;;;
719599;30/07/2025;quarta-feira;18:30:00;PR;376;180;MARINGA;Condutor deixou de manter dist�ncia do ve�culo da frente;Colis�o traseira;Com V�timas Feridas;Anoitecer;Crescente;C�u Claro;Dupla;Reta;N�o;2;0;1;0;1;0;1;2;-23,42582093;-51,89778026;SPRF-PR;DEL09-PR;UOP01-DEL09-PR;;;
719601;20/09/2025;s�bado;08:50:00;RJ;40;90;PETROPOLIS;Aus�ncia de rea��o do condutor;Queda de ocupante de ve�culo;Com V�timas Feridas;Pleno dia;Decrescente;C�u Claro;Simples;Curva;N�o;2;0;2;0;0;0;2;1;-22,5579034;-43,23102951;SPRF-RJ;DEL01-RJ;UOP01-DEL01-RJ;;;
719603;20/09/2025;s�bado;07:45:00;SP;101;50;UBATUBA;Ingest�o de �lcool pelo condutor;Colis�o traseira;Sem V�timas;Pleno dia;Crescente;Sol;Simples;Reta;Sim;2;0;0;0;2;0;0;2;-23,4499467;-45,07777839;SPRF-SP;DEL06-SP;UOP01-DEL06-SP;;;
719604;20/09/2025;s�bado;09:00:00;SC;101;208,1;SAO JOSE;Condutor deixou de manter dist�ncia do ve�culo da frente;Colis�o traseira;Com V�timas Feridas;Pleno dia;Decrescente;C�u Claro;M�ltipla;Reta;Sim;2;0;1;0;1;0;1;2;-27,61391778;-48,64244906;SPRF-SC;DEL01-SC;UOP01-DEL01-SC;;;
719605;20/09/2025;s�bado;07:50:00;SC;101;101,7;BALNEARIO PICARRAS;Aus�ncia de rea��o do condutor;Sa�da de leito carro��vel;Com V�timas Feridas;Pleno dia;Decrescente;C�u Claro;Dupla;Reta;N�o;1;0;1;0;0;0;1;1;-26,76251533;-48,68649098;SPRF-SC;DEL03-SC;UOP02-DEL03-SC;;;