id;data_inversa;dia_semana;horario;uf;br;km;municipio;causa_acidente;tipo_acidente;classificacao_acidente;fase_dia;sentido_via;condicao_metereologica;tipo_pista;tracado_via;uso_solo;pessoas;mortos;feridos_leves;feridos_graves;ilesos;ignorados;feridos;veiculos;latitude;longitude;regional;delegacia;uop;;;
719723;20/09/2025;s�bado;18:22:00;PI;343;329,8;TERESINA;Ingest�o de �lcool pelo condutor;Sa�da de leito carro��vel;Sem V�timas;Anoitecer;Decrescente;C�u Claro;Simples;Reta;N�o;1;0;0;0;1;0;0;1;-5,061422;-42,651575;SPRF-PI;DEL01-PI;UOP01-DEL01-PI;;;
719724;20/09/2025;s�bado;18:20:00;MS;163;727,8;COXIM;Acessar a via sem observar a presen�a dos outros ve�culos;Colis�o transversal;Com V�timas Fatais;Anoitecer;Crescente;C�u Claro;Simples;"Reta;Interse��o de Vias";Sim;3;1;0;1;1;0;1;2;-18,52473914;-54,73985044;SPRF-MS;DEL06-MS;UOP01-DEL06-MS;;;
719725;20/09/2025;s�bado;19:30:00;PR;116;130;FAZENDA RIO GRANDE;Rea��o tardia ou ineficiente do condutor;Colis�o com objeto;Com V�timas Feridas;Plena Noite;Crescente;C�u Claro;Dupla;Reta;Sim;4;0;2;0;2;0;2;1;-25,68049;-49,316174;SPRF-PR;DEL01-PR;UOP03-DEL01-PR;;;
719726;20/09/2025;s�bado;19:30:00;RN;101;94;NATAL;Rea��o tardia ou ineficiente do condutor;Capotamento;Sem V�timas;Plena Noite;Decrescente;C�u Claro;M�ltipla;Curva;Sim;1;0;0;0;0;1;0;1;-5,83242523;-35,21194624;SPRF-RN;DEL01-RN;UOP01-DEL01-RN;;;
719727;20/09/2025;s�bado;18:30:00;MA;316;540;CAXIAS;Trafegar com motocicleta (ou similar) entre as faixas;Queda de ocupante de ve�culo;Com V�timas Feridas;Plena Noite;Decrescente;C�u Claro;Simples;Reta;N�o;1;0;0;1;0;0;1;1;-4,85291;-43,44401;SPRF-MA;DEL03-MA;UOP02-DEL03-MA;;;
719728;20/09/2025;s�bado;19:10:00;SC;282;216,5;LAGES;Acessar a via sem observar a presen�a dos outros ve�culos;Colis�o transversal;Com V�timas Feridas;Plena Noite;Decrescente;Nublado;Simples;"Curva;Declive";Sim;3;0;3;0;0;0;3;2;-27,79799344;-50,29901354;SPRF-SC;DEL05-SC;UOP01-DEL05-SC;;;
719732;20/09/2025;s�bado;19:40:00;RN;101;156;SAO JOSE DE MIPIBU;Ingest�o de �lcool pelo condutor;Colis�o traseira;Com V�timas Feridas;Plena Noite;Decrescente;C�u Claro;Dupla;Reta;N�o;4;0;4;0;0;0;4;2;-6,0872344;-35,2342547;SPRF-RN;DEL01-RN;UOP01-DEL01-RN;;;
719733;20/09/2025;s�bado;19:46:00;PR;369;138;IBIPORA;Velocidade Incompat�vel;Atropelamento de Pedestre;Com V�timas Feridas;Plena Noite;Crescente;C�u Claro;Simples;Reta;Sim;2;0;1;0;0;1;1;2;-23,27367415;-51,05558608;SPRF-PR;DEL07-PR;UOP01-DEL07-PR;;;
719734;20/09/2025;s�bado;17:35:00;PE;424;98,3;GARANHUNS;Ultrapassagem Indevida;Colis�o frontal;Com V�timas Feridas;Anoitecer;Crescente;C�u Claro;Simples;Curva;N�o;3;0;2;0;0;1;2;2;-8,945617;-36,510048;SPRF-PE;DEL03-PE;UOP01-DEL03-PE;;;
719736;20/09/2025;s�bado;16:00:00;SC;101;143,4;ITAPEMA;Rea��o tardia ou ineficiente do condutor;Colis�o lateral mesmo sentido;Com V�timas Feridas;Pleno dia;Crescente;C�u Claro;Dupla;Reta;N�o;2;0;1;1;0;0;2;2;-27,06578203;-48,59581752;SPRF-SC;DEL04-SC;UOP03-DEL04-SC;;;
719738;20/09/2025;s�bado;19:30:00;PA;230;117;MARABA;Rea��o tardia ou ineficiente do condutor;Colis�o traseira;Com V�timas Feridas;Plena Noite;Crescente;C�u Claro;Dupla;Reta;Sim;2;0;1;0;1;0;1;2;-5,35476154;-49,09233642;SPRF-PA;DEL03-PA;UOP01-DEL03-PA;;;
719739;19/09/2025;sexta-feira;22:30:00;AM;319;119;CANUTAMA;Aus�ncia de rea��o do condutor;Sa�da de leito carro��vel;Com V�timas Feridas;Plena Noite;Decrescente;C�u Claro;Simples;Reta;N�o;2;0;2;0;0;0;2;1;-8,61005;-63,99724;SPRF-AM;DEL01-AM;UOP04-DEL01-AM;;;
719741;20/09/2025;s�bado;20:30:00;PR;116;120;CURITIBA;Ingest�o de �lcool pelo condutor;Colis�o lateral mesmo sentido;Com V�timas Fatais;Plena Noite;Crescente;C�u Claro;Dupla;Reta;N�o;6;1;1;1;2;1;2;3;-25,591252;-49,315607;SPRF-PR;DEL01-PR;UOP03-DEL01-PR;;;
719743;20/09/2025;s�bado;18:40:00;SP;153;110;JOSE BONIFACIO;Avarias e/ou desgaste excessivo no pneu;Tombamento;Com V�timas Feridas;Plena Noite;Crescente;C�u Claro;Simples;Reta;N�o;1;0;0;1;0;0;1;1;-21,08859434;-49,67469335;SPRF-SP;DEL09-SP;UOP01-DEL09-SP;;;
719744;20/09/2025;s�bado;19:02:00;PI;343;305;ALTOS;Acessar a via sem observar a presen�a dos outros ve�culos;Colis�o transversal;Com V�timas Feridas;Plena Noite;Crescente;C�u Claro;Simples;Reta;Sim;2;0;0;1;1;0;1;2;-5,03515;-42,444297;SPRF-PI;DEL01-PI;UOP01-DEL01-PI;;;
719745;20/09/2025;s�bado;16:20:00;RO;435;91,4;COLORADO DO OESTE;Aus�ncia de rea��o do condutor;Sa�da de leito carro��vel;Com V�timas Feridas;Pleno dia;Decrescente;C�u Claro;Simples;"Aclive;Reta";N�o;1;0;1;0;0;0;1;1;-13,1840463;-60,54477795;SPRF-RO;DEL04-RO;UOP02-DEL04-RO;;;
719746;20/09/2025;s�bado;20:20:00;CE;222;312,7;TIANGUA;Aus�ncia de rea��o do condutor;Colis�o traseira;Com V�timas Feridas;Plena Noite;Decrescente;C�u Claro;M�ltipla;Reta;Sim;3;0;1;0;2;0;1;2;-3,727467;-40,998762;SPRF-CE;DEL04-CE;UOP02-DEL04-CE;;;
719749;20/09/2025;s�bado;19:00:00;SC;163;71,8;SAO MIGUEL DO OESTE;Aus�ncia de rea��o do condutor;Sa�da de leito carro��vel;Com V�timas Feridas;Plena Noite;Decrescente;Nublado;Simples;Reta;N�o;1;0;0;1;0;0;1;1;-26,69784533;-53,51483023;SPRF-SC;DEL07-SC;UOP03-DEL07-SC;;;
719750;20/09/2025;s�bado;20:42:00;ES;101;165,2;LINHARES;Ingest�o de �lcool pelo condutor;Colis�o lateral sentido oposto;Com V�timas Feridas;Plena Noite;Crescente;Nublado;Simples;Reta;N�o;2;0;1;0;1;0;1;2;-19,5159193;-40,14159437;SPRF-ES;DEL04-ES;UOP01-DEL04-ES;;;
719751;20/09/2025;s�bado;20:30:00;SP;116;146;SAO JOSE DOS CAMPOS;Condutor deixou de manter dist�ncia do ve�culo da frente;Colis�o traseira;Com V�timas Feridas;Pleno dia;Crescente;C�u Claro;Dupla;Reta;Sim;3;0;2;0;1;0;2;2;-23,19442737;-45,87003863;SPRF-SP;DEL02-SP;UOP01-DEL02-SP;;;
719753;20/09/2025;s�bado;19:20:00;RS;285;202;LAGOA VERMELHA;Chuva;Tombamento;Com V�timas Fatais;Plena Noite;Decrescente;Chuva;Simples;Curva;N�o;1;1;0;0;0;0;0;1;-28,2154383;-51,5532625;SPRF-RS;DEL08-RS;UOP05-DEL08-RS;;;
719758;20/09/2025;s�bado;19:50:00;MS;158;334,1;BRASILANDIA;Ultrapassagem Indevida;Colis�o frontal;Com V�timas Fatais;Plena Noite;Decrescente;C�u Claro;Simples;Reta;N�o;4;1;1;0;2;0;1;2;-21,215238;-52,011285;SPRF-MS;DEL07-MS;UOP01-DEL07-MS;;;
719759;20/09/2025;s�bado;20:00:00;MG;262;786;UBERABA;Demais falhas mec�nicas ou el�tricas;Tombamento;Com V�timas Feridas;Plena Noite;Crescente;C�u Claro;Dupla;Reta;Sim;1;0;1;0;0;0;1;1;-19,76632203;-47,87813887;SPRF-MG;DEL13-MG;UOP01-DEL13-MG;;;
719762;20/09/2025;s�bado;20:00:00;BA;415;52;ITABUNA;Transitar na contram�o;Colis�o frontal;Com V�timas Feridas;Plena Noite;Decrescente;Chuva;Simples;Reta;Sim;2;0;0;1;1;0;1;2;-14,844143;-39,336737;SPRF-BA;DEL05-BA;UOP01-DEL05-BA;;;
719763;20/09/2025;s�bado;18:30:00;BA;110;366;CATU;Aus�ncia de rea��o do condutor;Atropelamento de Pedestre;Com V�timas Feridas;Plena Noite;Decrescente;C�u Claro;Simples;Reta;N�o;2;0;1;0;1;0;1;2;-12,35598383;-38,39162774;SPRF-BA;DEL01-BA;UOP04-DEL01-BA;;;
719764;20/09/2025;s�bado;21:00:00;DF;20;11,1;BRASILIA;Ingest�o de �lcool pelo condutor;Sa�da de leito carro��vel;Com V�timas Feridas;Plena Noite;Crescente;C�u Claro;Dupla;"Reta;Em Obras";Sim;4;0;2;0;2;0;2;1;-15,64363634;-47,75931627;SPRF-DF;DEL02-DF;UOP01-DEL02-DF;;;
719765;20/09/2025;s�bado;18:30:00;SP;101;44,4;UBATUBA;�rea urbana sem a presen�a de local apropriado para a travessia de pedestres;Atropelamento de Pedestre;Com V�timas Feridas;Plena Noite;Crescente;C�u Claro;Simples;Reta;Sim;3;0;1;0;2;0;1;2;-23,41031137;-45,06485431;SPRF-SP;DEL06-SP;UOP01-DEL06-SP;;;
719768;14/07/2025;segunda-feira;08:00:00;PB;230;22,7;JOAO PESSOA;Acessar a via sem observar a presen�a dos outros ve�culos;Colis�o lateral mesmo sentido;Com V�timas Feridas;Pleno dia;Decrescente;Chuva;Dupla;Reta;Sim;4;0;3;0;1;0;3;2;-7,1533967;-34,8547196;SPRF-PB;DEL01-PB;UOP01-DEL01-PB;;;
719769;20/09/2025;s�bado;21:40:00;ES;262;96;DOMINGOS MARTINS;Rea��o tardia ou ineficiente do condutor;Tombamento;Com V�timas Feridas;Plena Noite;Crescente;C�u Claro;Simples;Reta;N�o;2;0;0;1;0;1;1;2;-20,36377915;-41,06758118;SPRF-ES;DEL01-ES;UOP02-DEL01-ES;;;
719770;20/09/2025;s�bado;21:05:00;RS;116;502,8;PELOTAS;Ingest�o de �lcool pelo condutor;Colis�o com objeto;Sem V�timas;Plena Noite;Decrescente;Chuva;Simples;"Reta;Desvio Tempor�rio;Em Obras";N�o;5;0;0;0;5;0;0;1;-31,57509;-52,266083;SPRF-RS;DEL07-RS;UOP01-DEL07-RS;;;
719771;20/09/2025;s�bado;21:50:00;ES;101;263;SERRA;Manobra de mudan�a de faixa;Colis�o lateral mesmo sentido;Com V�timas Feridas;Plena Noite;Crescente;Garoa/Chuvisco;Dupla;Reta;N�o;2;0;0;1;0;1;1;2;-20,0538237;-40,3802811;SPRF-ES;DEL02-ES;UOP01-DEL02-ES;;;
719772;20/09/2025;s�bado;21:40:00;PR;277;676;MEDIANEIRA;Aus�ncia de rea��o do condutor;Sa�da de leito carro��vel;Com V�timas Feridas;Plena Noite;Decrescente;C�u Claro;Dupla;Reta;N�o;1;0;1;0;0;0;1;1;-25,30335338;-54,13139036;SPRF-PR;DEL05-PR;UOP01-DEL05-PR;;;
719774;20/09/2025;s�bado;22:10:00;PE;407;126;PETROLINA;Aus�ncia de rea��o do condutor;Colis�o com objeto;Sem V�timas;Plena Noite;Crescente;C�u Claro;Simples;Rotat�ria;Sim;3;0;0;0;3;0;0;1;-9,387927;-40,525833;SPRF-PE;DEL06-PE;UOP01-DEL06-PE;;;
719777;20/09/2025;s�bado;21:20:00;MA;316;599;TIMON;Animais na Pista;Atropelamento de Animal;Com V�timas Feridas;Plena Noite;Crescente;C�u Claro;Simples;Reta;N�o;2;0;0;2;0;0;2;1;-5,02153;-42,96521;SPRF-MA;DEL03-MA;UOP02-DEL03-MA;;;
719778;20/09/2025;s�bado;21:15:00;PR;376;168;MARINGA;Manobra de mudan�a de faixa;Sa�da de leito carro��vel;Sem V�timas;Anoitecer;Crescente;C�u Claro;Dupla;Declive;N�o;2;0;0;0;2;0;0;1;-23,394046;-52,008242;SPRF-PR;DEL09-PR;UOP01-DEL09-PR;;;
719781;20/09/2025;s�bado;18:05:00;PR;158;355;MARQUINHO;Curva acentuada;Sa�da de leito carro��vel;Com V�timas Feridas;Anoitecer;Crescente;C�u Claro;Simples;Curva;N�o;1;0;1;0;0;0;1;1;-25,061481;-52,290672;SPRF-PR;DEL04-PR;UOP02-DEL04-PR;;;
719783;20/09/2025;s�bado;21:30:00;CE;116;475,9;MILAGRES;Acessar a via sem observar a presen�a dos outros ve�culos;Colis�o transversal;Com V�timas Feridas;Plena Noite;Decrescente;C�u Claro;Simples;Reta;N�o;3;0;0;2;1;0;2;2;-7,30158326;-38,89130685;SPRF-CE;DEL05-CE;UOP03-DEL05-CE;;;
719786;20/09/2025;s�bado;22:40:00;MG;40;741,1;SANTOS DUMONT;Desrespeitar a prefer�ncia no cruzamento;Colis�o transversal;Com V�timas Feridas;Plena Noite;Crescente;C�u Claro;Simples;Interse��o de Vias;Sim;4;0;2;1;1;0;3;2;-21,39533472;-43,50996398;SPRF-MG;DEL05-MG;UOP01-DEL05-MG;;;
719787;20/09/2025;s�bado;21:54:00;RO;364;426;JARU;Rea��o tardia ou ineficiente do condutor;Sa�da de leito carro��vel;Com V�timas Feridas;Plena Noite;Crescente;Nublado;Simples;"Reta;Interse��o de Vias";Sim;1;0;0;1;0;0;1;1;-10,433708;-62,477172;SPRF-RO;DEL03-RO;UOP02-DEL03-RO;;;
719788;20/09/2025;s�bado;22:20:00;PR;369;19,6;CAMBARA;Pedestre - Ingest�o de �lcool/ subst�ncias psicoativas;Atropelamento de Pedestre;Com V�timas Feridas;Pleno dia;Crescente;C�u Claro;Simples;"Reta;Interse��o de Vias";Sim;3;0;1;0;2;0;1;2;-23,036257;-50,077818;SPRF-PR;DEL07-PR;UOP05-DEL07-PR;;;
719789;20/09/2025;s�bado;23:30:00;PR;376;347;ORTIGUEIRA;Rea��o tardia ou ineficiente do condutor;Colis�o traseira;Com V�timas Fatais;Plena Noite;Crescente;Nublado;Dupla;"Retorno Regulamentado;Reta;Declive";Sim;2;1;0;0;1;0;0;2;-24,212615;-50,940413;SPRF-PR;DEL07-PR;UOP02-DEL07-PR;;;
719790;20/09/2025;s�bado;23:17:00;RS;386;416,5;MONTENEGRO;Retorno proibido;Colis�o com objeto;Com V�timas Feridas;Plena Noite;Decrescente;Chuva;Simples;Reta;N�o;5;0;2;1;2;0;3;2;-29,818014;-51,456259;SPRF-RS;DEL04-RS;UOP02-DEL04-RS;;;
719791;20/09/2025;s�bado;23:00:00;GO;60;178;ABADIA DE GOIAS;Condutor Dormindo;Colis�o traseira;Com V�timas Feridas;Plena Noite;Decrescente;C�u Claro;Dupla;"Declive;Curva";N�o;2;0;1;0;1;0;1;2;-16,768517;-49,48088;SPRF-GO;DEL01-GO;UOP02-DEL01-GO;;;
719794;20/09/2025;s�bado;23:15:00;SC;280;48;GUARAMIRIM;Ingest�o de �lcool pelo condutor;Colis�o com objeto;Sem V�timas;Plena Noite;Decrescente;C�u Claro;Simples;"Em Obras;Desvio Tempor�rio;Curva";N�o;1;0;0;0;1;0;0;1;-26,46364739;-48,95005401;SPRF-SC;DEL03-SC;UOP03-DEL03-SC;;;
719795;20/09/2025;s�bado;23:45:00;MG;381;440,9;SANTA LUZIA;Aus�ncia de rea��o do condutor;Tombamento;Com V�timas Feridas;Plena Noite;Crescente;Nublado;Simples;Reta;N�o;1;0;1;0;0;0;1;1;-19,82480936;-43,82248878;SPRF-MG;DEL01-MG;UOP01-DEL01-MG;;;
719798;20/09/2025;s�bado;23:30:00;RS;290;96;PORTO ALEGRE;Rea��o tardia ou ineficiente do condutor;Sa�da de leito carro��vel;Com V�timas Feridas;Plena Noite;Crescente;Chuva;M�ltipla;Reta;Sim;5;0;2;0;3;0;2;1;-29,992416;-51,20488;SPRF-RS;DEL01-RS;UOP01-DEL01-RS;;;
719800;21/09/2025;domingo;00:04:00;GO;153;423;ANAPOLIS;Ingest�o de �lcool pelo condutor;Colis�o com objeto;Sem V�timas;Plena Noite;Crescente;Ignorado;Dupla;"Reta;Declive";N�o;1;0;0;0;0;1;0;1;-16,216903;-49,01559;SPRF-GO;DEL02-GO;UOP01-DEL02-GO;;;
719801;21/09/2025;domingo;00:15:00;SC;101;194;BIGUACU;Rea��o tardia ou ineficiente do condutor;Tombamento;Com V�timas Feridas;Plena Noite;Crescente;Nublado;M�ltipla;Reta;Sim;2;0;2;0;0;0;2;1;-27,50182567;-48,65288319;SPRF-SC;DEL01-SC;UOP01-DEL01-SC;;;
719802;20/09/2025;s�bado;23:45:00;SP;116;418;JUQUIA;Rea��o tardia ou ineficiente do condutor;Queda de ocupante de ve�culo;Com V�timas Feridas;Plena Noite;Crescente;C�u Claro;Dupla;Reta;N�o;2;0;2;0;0;0;2;1;-24,35159473;-47,65646981;SPRF-SP;DEL05-SP;UOP01-DEL05-SP;;;
719803;20/09/2025;s�bado;23:50:00;ES;101;144,8;LINHARES;Rea��o tardia ou ineficiente do condutor;Colis�o traseira;Sem V�timas;Plena Noite;Decrescente;Chuva;Dupla;Reta;Sim;2;0;0;0;2;0;0;2;-19,36004222;-40,06426243;SPRF-ES;DEL04-ES;UOP01-DEL04-ES;;;
719805;21/09/2025;domingo;00:05:00;GO;153;436;ANAPOLIS;Pedestre - Ingest�o de �lcool/ subst�ncias psicoativas;Colis�o com objeto;Com V�timas Feridas;Plena Noite;Crescente;C�u Claro;Dupla;Desvio Tempor�rio;Sim;2;0;2;0;0;0;2;1;-16,30790954;-48,92345428;SPRF-GO;DEL02-GO;UOP01-DEL02-GO;;;
719807;21/09/2025;domingo;00:30:00;MG;40;520,8;CONTAGEM;Manobra de mudan�a de faixa;Colis�o lateral mesmo sentido;Com V�timas Feridas;Plena Noite;Decrescente;C�u Claro;Dupla;"Curva;Retorno Regulamentado";N�o;2;0;1;0;1;0;1;2;-19,85361;-44,072082;SPRF-MG;DEL01-MG;UOP02-DEL01-MG;;;
719809;21/09/2025;domingo;00:36:00;SC;101;201,8;SAO JOSE;Ingest�o de �lcool pelo condutor;Capotamento;Sem V�timas;Plena Noite;Decrescente;C�u Claro;Dupla;Curva;Sim;1;0;0;0;0;1;0;1;-27,55628;-48,61901;SPRF-SC;DEL01-SC;UOP01-DEL01-SC;;;
719810;21/09/2025;domingo;00:40:00;SP;101;45,4;UBATUBA;Transitar na contram�o;Colis�o frontal;Com V�timas Feridas;Plena Noite;Crescente;C�u Claro;Simples;Curva;Sim;2;0;0;2;0;0;2;2;-23,41706979;-45,06758865;SPRF-SP;DEL06-SP;UOP01-DEL06-SP;;;
719811;20/09/2025;s�bado;23:40:00;RS;386;279;SAO JOSE DO HERVAL;Aus�ncia de rea��o do condutor;Capotamento;Sem V�timas;Plena Noite;Crescente;Chuva;Simples;Curva;N�o;1;0;0;0;1;0;0;1;-29,0276149;-52,3080848;SPRF-RS;DEL04-RS;UOP03-DEL04-RS;;;
719812;21/09/2025;domingo;00:15:00;PI;316;1;TERESINA;Animais na Pista;Atropelamento de Animal;Sem V�timas;Plena Noite;Crescente;C�u Claro;M�ltipla;"Reta;Viaduto";Sim;1;0;0;0;1;0;0;1;-5,1251401;-42,79466629;SPRF-PI;DEL01-PI;UOP02-DEL01-PI;;;
719813;20/09/2025;s�bado;10:30:00;GO;80;134;BARRO ALTO;Ingest�o de �lcool pelo condutor;Colis�o transversal;Com V�timas Feridas;Pleno dia;Crescente;C�u Claro;Simples;Reta;Sim;3;0;0;1;2;0;1;2;-14,967605;-48,930838;SPRF-GO;DEL07-GO;UOP02-DEL07-GO;;;
719817;21/09/2025;domingo;01:15:00;ES;101;337,4;GUARAPARI;Animais na Pista;Atropelamento de Animal;Com V�timas Feridas;Plena Noite;Crescente;C�u Claro;Dupla;Reta;N�o;1;0;0;1;0;0;1;1;-20,63816595;-40,54384232;SPRF-ES;DEL03-ES;UOP01-DEL03-ES;;;
719818;21/09/2025;domingo;01:40:00;PR;116;113;CURITIBA;Aus�ncia de rea��o do condutor;Sa�da de leito carro��vel;Sem V�timas;Plena Noite;Crescente;C�u Claro;Dupla;Reta;N�o;1;0;0;0;1;0;0;1;-25,56523542;-49,24685653;SPRF-PR;DEL01-PR;UOP03-DEL01-PR;;;
719820;20/09/2025;s�bado;23:47:00;GO;40;7,2;VALPARAISO DE GOIAS;Ingest�o de �lcool pelo condutor;Colis�o transversal;Com V�timas Fatais;Plena Noite;Crescente;C�u Claro;Dupla;Reta;Sim;2;1;0;0;1;0;0;2;-16,10987875;-47,97141747;SPRF-DF;DEL01-DF;UOP01-DEL01-DF;;;
719821;21/09/2025;domingo;00:45:00;GO;153;508,9;APARECIDA DE GOIANIA;Rea��o tardia ou ineficiente do condutor;Colis�o traseira;Com V�timas Feridas;Plena Noite;Crescente;C�u Claro;Dupla;Reta;Sim;3;0;1;0;2;0;1;2;-16,77930674;-49,23701262;SPRF-GO;DEL01-GO;UOP03-DEL01-GO;;;
719822;21/09/2025;domingo;01:45:00;ES;101;10;SERRA;Sinaliza��o mal posicionada;Tombamento;Com V�timas Feridas;Plena Noite;Crescente;C�u Claro;Dupla;"Em Obras;Reta";N�o;2;0;1;0;1;0;1;1;-20,14201594;-40,34145355;SPRF-ES;DEL02-ES;UOP01-DEL02-ES;;;
719823;21/09/2025;domingo;00:30:00;RJ;40;90;PETROPOLIS;Pista Escorregadia;Queda de ocupante de ve�culo;Com V�timas Feridas;Plena Noite;Decrescente;C�u Claro;Simples;Curva;N�o;1;0;1;0;0;0;1;1;-22,48797486;-43,22407722;SPRF-RJ;DEL01-RJ;UOP01-DEL01-RJ;;;
719825;21/09/2025;domingo;03:00:00;MG;381;496;BETIM;Rea��o tardia ou ineficiente do condutor;Colis�o com objeto;Com V�timas Feridas;Plena Noite;Crescente;C�u Claro;M�ltipla;Reta;Sim;3;0;1;2;0;0;3;1;-19,97615394;-44,1979307;SPRF-MG;DEL01-MG;UOP03-DEL01-MG;;;
719827;21/09/2025;domingo;03:30:00;SC;101;204;SAO JOSE;Rea��o tardia ou ineficiente do condutor;Colis�o com objeto;Sem V�timas;Plena Noite;Decrescente;Nublado;M�ltipla;Reta;Sim;1;0;0;0;0;1;0;1;-27,57004686;-48,61373367;SPRF-SC;DEL01-SC;UOP01-DEL01-SC;;;
719830;21/09/2025;domingo;03:30:00;SC;282;38,7;AGUAS MORNAS;Condutor Dormindo;Capotamento;Com V�timas Feridas;Plena Noite;Crescente;C�u Claro;Simples;Curva;N�o;2;0;2;0;0;0;2;1;-27,71382328;-48,85744408;SPRF-SC;DEL01-SC;UOP03-DEL01-SC;;;
719833;21/09/2025;domingo;04:00:00;RS;116;147,1;CAXIAS DO SUL;Acessar a via sem observar a presen�a dos outros ve�culos;Colis�o transversal;Com V�timas Feridas;Plena Noite;Crescente;Chuva;Dupla;"Interse��o de Vias;Reta";Sim;3;0;1;0;2;0;1;2;-29,15372496;-51,15061872;SPRF-RS;DEL05-RS;UOP01-DEL05-RS;;;
719835;21/09/2025;domingo;04:45:00;ES;101;297,5;VIANA;Rea��o tardia ou ineficiente do condutor;Sa�da de leito carro��vel;Com V�timas Feridas;Amanhecer;Crescente;C�u Claro;Dupla;Reta;Sim;2;0;0;1;1;0;1;1;-20,349968;-40,412722;SPRF-ES;DEL01-ES;UOP01-DEL01-ES;;;
719836;21/09/2025;domingo;03:45:00;ES;101;239;FUNDAO;Velocidade Incompat�vel;Capotamento;Sem V�timas;Plena Noite;Crescente;Nublado;Simples;Curva;N�o;1;0;0;0;0;1;0;1;-20,01000923;-40,4068771;SPRF-ES;DEL02-ES;UOP01-DEL02-ES;;;
719838;21/09/2025;domingo;04:08:00;SC;101;205,6;SAO JOSE;Aus�ncia de rea��o do condutor;Colis�o com objeto;Com V�timas Fatais;Plena Noite;Decrescente;C�u Claro;M�ltipla;Reta;Sim;4;2;0;0;1;1;0;3;-27,58828702;-48,61683933;SPRF-SC;DEL01-SC;UOP01-DEL01-SC;;;
719839;20/09/2025;s�bado;19:00:00;PA;230;120;MARABA;Transitar na contram�o;Colis�o frontal;Com V�timas Feridas;Plena Noite;Crescente;C�u Claro;Dupla;"Curva;Declive";N�o;2;0;2;0;0;0;2;2;-5,3502372;-49,11970997;SPRF-PA;DEL03-PA;UOP01-DEL03-PA;;;
719840;21/09/2025;domingo;03:15:00;MG;153;210;FRUTAL;Aus�ncia de rea��o do condutor;Sa�da de leito carro��vel;Com V�timas Feridas;Plena Noite;Decrescente;C�u Claro;Dupla;Interse��o de Vias;N�o;1;0;1;0;0;0;1;1;-19,92034959;-48,960857;SPRF-MG;DEL13-MG;UOP02-DEL13-MG;;;
719841;20/09/2025;s�bado;20:10:00;PA;155;344;MARABA;Velocidade Incompat�vel;Colis�o transversal;Com V�timas Feridas;Pleno dia;Decrescente;C�u Claro;Dupla;"Reta;Interse��o de Vias";N�o;3;0;2;0;1;0;2;2;-5,36518603;-49,07828808;SPRF-PA;DEL03-PA;UOP01-DEL03-PA;;;
719843;21/09/2025;domingo;04:50:00;SC;101;49,8;JOINVILLE;Demais falhas mec�nicas ou el�tricas;Inc�ndio;Sem V�timas;Amanhecer;Decrescente;C�u Claro;Dupla;Reta;N�o;1;0;0;0;1;0;0;1;-26,38678074;-48,84859979;SPRF-SC;DEL03-SC;UOP01-DEL03-SC;;;
719844;21/09/2025;domingo;06:00:00;SP;488;3,5;APARECIDA;Aus�ncia de rea��o do condutor;Colis�o traseira;Com V�timas Feridas;Pleno dia;Decrescente;C�u Claro;Dupla;"Retorno Regulamentado;Reta";Sim;4;0;0;2;2;0;2;2;-22,85822288;-45,24796486;SPRF-SP;DEL08-SP;UOP01-DEL08-SP;;;
719845;21/09/2025;domingo;04:30:00;RO;364;708;PORTO VELHO;Ingest�o de �lcool pelo condutor;Colis�o com objeto;Sem V�timas;Plena Noite;Crescente;C�u Claro;M�ltipla;Reta;Sim;1;0;0;0;0;1;0;1;-8,79432849;-63,84301035;SPRF-RO;DEL01-RO;UOP01-DEL01-RO;;;
719846;21/09/2025;domingo;04:50:00;BA;101;231;SAPEACU;Aus�ncia de rea��o do condutor;Colis�o traseira;Sem V�timas;Amanhecer;Crescente;C�u Claro;Simples;Aclive;Sim;2;0;0;0;2;0;0;2;-12,74032714;-39,18410182;SPRF-BA;DEL01-BA;UOP02-DEL01-BA;;;
719847;21/09/2025;domingo;05:35:00;PB;230;27,8;JOAO PESSOA;Ingest�o de �lcool pelo condutor;Colis�o com objeto;Com V�timas Feridas;Pleno dia;Crescente;C�u Claro;Dupla;Curva;Sim;1;0;0;1;0;0;1;1;-7,1650015;-34,893673;SPRF-PB;DEL01-PB;UOP01-DEL01-PB;;;
719848;21/09/2025;domingo;05:00:00;RJ;101;538;PARATY;Condutor Dormindo;Colis�o com objeto;Com V�timas Feridas;Amanhecer;Decrescente;C�u Claro;Simples;Curva;N�o;1;0;1;0;0;0;1;1;-23,05319831;-44,57977295;SPRF-RJ;DEL03-RJ;UOP04-DEL03-RJ;;;
719849;21/09/2025;domingo;06:00:00;MA;135;7;SAO LUIS;Velocidade Incompat�vel;Queda de ocupante de ve�culo;Com V�timas Feridas;Pleno dia;Decrescente;Sol;Dupla;Reta;Sim;1;0;0;1;0;0;1;1;-2,636883;-44,268813;SPRF-MA;DEL01-MA;UOP01-DEL01-MA;;;
719850;21/09/2025;domingo;05:30:00;MG;50;117,9;UBERABA;Aus�ncia de rea��o do condutor;Sa�da de leito carro��vel;Com V�timas Feridas;Amanhecer;Decrescente;C�u Claro;Dupla;Reta;N�o;1;0;1;0;0;0;1;1;-19,2936039;-48,1147719;SPRF-MG;DEL13-MG;UOP01-DEL13-MG;;;