id;data_inversa;dia_semana;horario;uf;br;km;municipio;causa_acidente;tipo_acidente;classificacao_acidente;fase_dia;sentido_via;condicao_metereologica;tipo_pista;tracado_via;uso_solo;pessoas;mortos;feridos_leves;feridos_graves;ilesos;ignorados;feridos;veiculos;latitude;longitude;regional;delegacia;uop;;;
719851;20/09/2025;s�bado;11:50:00;AC;364;313;SENA MADUREIRA;Pista esburacada;Colis�o lateral mesmo sentido;Com V�timas Feridas;Pleno dia;Crescente;C�u Claro;Simples;Reta;N�o;2;0;0;1;0;1;1;2;-8,976556;-69,005822;SPRF-AC;DEL01-AC;UOP01-DEL01-AC;;;
719852;21/09/2025;domingo;06:00:00;RS;158;565;SANTANA DO LIVRAMENTO;Acumulo de �gua sobre o pavimento;Colis�o com objeto;Sem V�timas;Pleno dia;Crescente;Chuva;Simples;Reta;Sim;1;0;0;0;1;0;0;1;-30,890551;-55,526818;SPRF-RS;DEL11-RS;UOP01-DEL11-RS;;;
719853;21/09/2025;domingo;06:10:00;PB;230;56,5;CRUZ DO ESPIRITO SANTO;Aus�ncia de rea��o do condutor;Sa�da de leito carro��vel;Sem V�timas;Pleno dia;Decrescente;C�u Claro;Dupla;Reta;N�o;1;0;0;0;0;1;0;1;-7,202798;-35,113798;SPRF-PB;DEL01-PB;UOP02-DEL01-PB;;;
719854;21/09/2025;domingo;06:30:00;GO;153;437;ANAPOLIS;Condutor deixou de manter dist�ncia do ve�culo da frente;Tombamento;Com V�timas Feridas;Pleno dia;Crescente;Sol;Simples;Curva;Sim;1;0;1;0;0;0;1;1;-16,296828;-48,929638;SPRF-GO;DEL02-GO;UOP01-DEL02-GO;;;
719857;20/09/2025;s�bado;19:11:00;AM;174;901;MANAUS;Animais na Pista;Queda de ocupante de ve�culo;Com V�timas Feridas;Plena Noite;Crescente;C�u Claro;Simples;"Aclive;Reta";N�o;1;0;1;0;0;0;1;1;-2,829884;-60,034211;SPRF-AM;DEL01-AM;UOP01-DEL01-AM;;;
719858;21/09/2025;domingo;06:30:00;SC;116;224;CORREIA PINTO;Rea��o tardia ou ineficiente do condutor;Colis�o com objeto;Sem V�timas;Plena Noite;Decrescente;Nublado;Simples;Reta;N�o;1;0;0;0;1;0;0;1;-27,62119686;-50,34418297;SPRF-SC;DEL05-SC;UOP03-DEL05-SC;;;
719860;21/09/2025;domingo;01:40:00;AC;317;404;ASSIS BRASIL;Aus�ncia de rea��o do condutor;Tombamento;Com V�timas Feridas;Plena Noite;Decrescente;C�u Claro;Simples;Reta;N�o;1;0;0;1;0;0;1;1;-10,921252;-69,551534;SPRF-AC;DEL01-AC;UOP02-DEL01-AC;;;
719861;17/09/2025;quarta-feira;23:25:00;PR;277;589,8;CASCAVEL;Condutor Dormindo;Sa�da de leito carro��vel;Com V�timas Feridas;Plena Noite;Decrescente;C�u Claro;Simples;Reta;Sim;1;0;1;0;0;0;1;1;-24,980582;-53,454084;SPRF-PR;DEL04-PR;UOP01-DEL04-PR;;;
719862;21/09/2025;domingo;07:10:00;RJ;116;98;GUAPIMIRIM;Aus�ncia de rea��o do condutor;Queda de ocupante de ve�culo;Com V�timas Feridas;Pleno dia;Decrescente;C�u Claro;Simples;"Reta;Aclive";N�o;1;0;0;1;0;0;1;1;-22,4787386;-42,99632227;SPRF-RJ;DEL04-RJ;UOP01-DEL04-RJ;;;
719863;20/09/2025;s�bado;21:30:00;BA;407;18;JUAZEIRO;Manobra de mudan�a de faixa;Colis�o frontal;Com V�timas Fatais;Plena Noite;Crescente;C�u Claro;Simples;Reta;N�o;5;2;0;3;0;0;3;2;-9,553827;-40,439847;SPRF-BA;DEL04-BA;UOP01-DEL04-BA;;;
719864;21/09/2025;domingo;07:49:00;RN;304;296;MACAIBA;Pedestre cruzava a pista fora da faixa;Atropelamento de Pedestre;Com V�timas Feridas;Pleno dia;Crescente;C�u Claro;Dupla;Reta;Sim;2;0;1;0;1;0;1;2;-5,865;-35,351;SPRF-RN;DEL01-RN;UOP02-DEL01-RN;;;
719865;21/09/2025;domingo;07:20:00;GO;414;439,4;ANAPOLIS;Condutor deixou de manter dist�ncia do ve�culo da frente;Colis�o traseira;Com V�timas Feridas;Pleno dia;Crescente;C�u Claro;Simples;"Reta;Aclive";Sim;2;0;0;1;0;1;1;2;-16,275449;-48,941164;SPRF-GO;DEL02-GO;UOP01-DEL02-GO;;;
719866;21/09/2025;domingo;08:20:00;BA;324;605;SIMOES FILHO;Acessar a via sem observar a presen�a dos outros ve�culos;Colis�o lateral mesmo sentido;Com V�timas Feridas;Pleno dia;Decrescente;C�u Claro;Simples;Reta;N�o;3;0;1;0;2;0;1;2;-12,803607;-38,403473;SPRF-BA;DEL01-BA;UOP01-DEL01-BA;;;
719867;21/09/2025;domingo;08:30:00;SC;101;190,9;BIGUACU;Aus�ncia de rea��o do condutor;Colis�o com objeto;Com V�timas Feridas;Pleno dia;Crescente;Garoa/Chuvisco;M�ltipla;Curva;Sim;1;0;1;0;0;0;1;1;-27,4782819;-48,64275869;SPRF-SC;DEL01-SC;UOP01-DEL01-SC;;;
719868;21/09/2025;domingo;07:00:00;RJ;40;119;DUQUE DE CAXIAS;Aus�ncia de rea��o do condutor;Colis�o traseira;Com V�timas Feridas;Pleno dia;Crescente;C�u Claro;Dupla;Reta;Sim;3;0;0;2;1;0;2;2;-22,77003184;-43,28609739;SPRF-RJ;DEL01-RJ;UOP02-DEL01-RJ;;;
719869;21/09/2025;domingo;06:30:00;PR;369;172,9;ROLANDIA;Ingest�o de �lcool pelo condutor;Sa�da de leito carro��vel;Sem V�timas;Amanhecer;Decrescente;C�u Claro;Simples;Curva;Sim;2;0;0;0;2;0;0;1;-23,30907479;-51,36822601;SPRF-PR;DEL07-PR;UOP01-DEL07-PR;;;
719870;19/09/2025;sexta-feira;01:50:00;RS;470;219;BENTO GONCALVES;Ingest�o de �lcool pelo condutor;Sa�da de leito carro��vel;Sem V�timas;Plena Noite;Decrescente;C�u Claro;Simples;"Aclive;Curva";Sim;1;0;0;0;1;0;0;1;-29,191333;-51,52231;SPRF-RS;DEL06-RS;UOP01-DEL06-RS;;;
719871;21/09/2025;domingo;08:00:00;PR;277;651;MATELANDIA;Desrespeitar a prefer�ncia no cruzamento;Colis�o transversal;Com V�timas Feridas;Pleno dia;Crescente;C�u Claro;Simples;Reta;Sim;3;0;1;1;1;0;2;2;-25,19630229;-53,94259132;SPRF-PR;DEL05-PR;UOP02-DEL05-PR;;;
719872;21/09/2025;domingo;08:00:00;PI;316;295;PICOS;Rea��o tardia ou ineficiente do condutor;Queda de ocupante de ve�culo;Com V�timas Feridas;Pleno dia;Decrescente;C�u Claro;Simples;"Aclive;Reta";N�o;1;0;0;1;0;0;1;1;-7,020863;-41,57459;SPRF-PI;DEL04-PI;UOP01-DEL04-PI;;;
719873;21/09/2025;domingo;08:10:00;SP;116;60;GUARATINGUETA;Aus�ncia de rea��o do condutor;Colis�o com objeto;Com V�timas Feridas;Pleno dia;Crescente;C�u Claro;Dupla;Reta;N�o;2;0;2;0;0;0;2;1;-22,79193647;-45,1620025;SPRF-SP;DEL08-SP;UOP01-DEL08-SP;;;
719875;21/09/2025;domingo;06:30:00;PA;308;158;CAPANEMA;Estacionar ou parar em local proibido;Colis�o traseira;Com V�timas Feridas;Pleno dia;Crescente;C�u Claro;Simples;Reta;N�o;4;0;2;0;2;0;2;2;-1,210932;-47,117258;SPRF-PA;DEL01-PA;UOP03-DEL01-PA;;;
719879;21/09/2025;domingo;08:30:00;SC;282;353;CAMPOS NOVOS;Chuva;Tombamento;Com V�timas Feridas;Pleno dia;Crescente;Chuva;Simples;Reta;N�o;1;0;1;0;0;0;1;1;-27,36688903;-51,26358032;SPRF-SC;DEL07-SC;UOP06-DEL07-SC;;;
719880;21/09/2025;domingo;09:40:00;CE;20;359;CARIDADE;Acumulo de areia ou detritos sobre o pavimento;Tombamento;Com V�timas Feridas;Pleno dia;Crescente;C�u Claro;Simples;Reta;N�o;1;0;1;0;0;0;1;1;-4,03974;-38,9988517;SPRF-CE;DEL02-CE;UOP01-DEL02-CE;;;
719882;21/09/2025;domingo;10:00:00;RJ;101;438;MANGARATIBA;Convers�o proibida;Colis�o lateral mesmo sentido;Com V�timas Feridas;Pleno dia;Crescente;C�u Claro;Simples;Reta;N�o;3;0;2;0;1;0;2;2;-22,95120122;-44,0784359;SPRF-RJ;DEL03-RJ;UOP02-DEL03-RJ;;;
719884;21/09/2025;domingo;09:30:00;RJ;116;169;RIO DE JANEIRO;Convers�o proibida;Colis�o traseira;Sem V�timas;Pleno dia;Decrescente;C�u Claro;Simples;Curva;Sim;3;0;0;0;3;0;0;2;-22,82190075;-43,31629694;SPRF-RJ;DEL06-RJ;UOP01-DEL06-RJ;;;
719886;06/03/2025;quinta-feira;05:12:00;PR;487;175;CAMPO MOURAO;Rea��o tardia ou ineficiente do condutor;Queda de ocupante de ve�culo;Com V�timas Feridas;Amanhecer;Crescente;Ignorado;Simples;Reta;N�o;1;0;1;0;0;0;1;1;-24,0271381;-52,4335647;SPRF-PR;DEL09-PR;UOP03-DEL09-PR;;;
719887;21/09/2025;domingo;10:20:00;ES;101;263;SERRA;Avarias e/ou desgaste excessivo no pneu;Queda de ocupante de ve�culo;Com V�timas Feridas;Pleno dia;Decrescente;C�u Claro;Dupla;Reta;Sim;2;0;1;0;1;0;1;1;-20,169558;-40,269888;SPRF-ES;DEL02-ES;UOP01-DEL02-ES;;;
719888;21/09/2025;domingo;08:50:00;RJ;493;96;SEROPEDICA;Aus�ncia de rea��o do condutor;Queda de ocupante de ve�culo;Com V�timas Feridas;Pleno dia;Decrescente;C�u Claro;Dupla;Curva;N�o;2;0;2;0;0;0;2;1;-22,71553306;-43,70461861;SPRF-RJ;DEL01-RJ;UOP03-DEL01-RJ;;;
719889;21/09/2025;domingo;10:15:00;PR;277;78;CURITIBA;Acessar a via sem observar a presen�a dos outros ve�culos;Colis�o lateral mesmo sentido;Com V�timas Feridas;Pleno dia;Crescente;C�u Claro;Dupla;"Reta;Aclive";Sim;2;0;1;0;1;0;1;2;-25,47768677;-49,20373885;SPRF-PR;DEL01-PR;UOP07-DEL01-PR;;;
719890;21/09/2025;domingo;06:30:00;MG;262;428,9;NOVA SERRANA;Velocidade Incompat�vel;Colis�o traseira;Com V�timas Feridas;Pleno dia;Crescente;C�u Claro;Dupla;Reta;N�o;1;0;1;0;0;0;1;1;-19,88935094;-44,8897934;SPRF-MG;DEL08-MG;UOP03-DEL08-MG;;;
719892;21/09/2025;domingo;10:45:00;ES;262;19;VIANA;Desrespeitar a prefer�ncia no cruzamento;Colis�o transversal;Com V�timas Feridas;Pleno dia;Crescente;C�u Claro;Simples;Reta;Sim;3;0;0;2;1;0;2;2;-20,392183;-40,489528;SPRF-ES;DEL01-ES;UOP01-DEL01-ES;;;
719895;21/09/2025;domingo;11:15:00;SP;116;73,8;APARECIDA;Rea��o tardia ou ineficiente do condutor;Colis�o lateral mesmo sentido;Com V�timas Feridas;Pleno dia;Decrescente;C�u Claro;Dupla;Reta;N�o;2;0;1;0;1;0;1;2;-22,87285;-45,25063;SPRF-SP;DEL08-SP;UOP01-DEL08-SP;;;
719896;21/09/2025;domingo;11:00:00;GO;60;175,3;ABADIA DE GOIAS;Aus�ncia de rea��o do condutor;Queda de ocupante de ve�culo;Com V�timas Feridas;Pleno dia;Crescente;C�u Claro;Dupla;Declive;N�o;1;0;1;0;0;0;1;1;-16,75930362;-49,45585728;SPRF-GO;DEL01-GO;UOP02-DEL01-GO;;;
719897;21/09/2025;domingo;09:45:00;RJ;40;56;PETROPOLIS;Velocidade Incompat�vel;Sa�da de leito carro��vel;Com V�timas Feridas;Pleno dia;Decrescente;Sol;Dupla;Retorno Regulamentado;N�o;2;0;0;1;1;0;1;2;-22,36235977;-43,12664866;SPRF-RJ;DEL05-RJ;UOP02-DEL05-RJ;;;
719899;21/09/2025;domingo;11:30:00;SC;101;334,8;TUBARAO;Condutor deixou de manter dist�ncia do ve�culo da frente;Colis�o traseira;Sem V�timas;Pleno dia;Crescente;Chuva;Dupla;Reta;N�o;2;0;0;0;1;1;0;2;-28,47326974;-49,02470676;SPRF-SC;DEL02-SC;UOP01-DEL02-SC;;;
719900;21/09/2025;domingo;08:10:00;MA;316;468;CODO;Acessar a via sem observar a presen�a dos outros ve�culos;Colis�o transversal;Com V�timas Feridas;Pleno dia;Decrescente;C�u Claro;Simples;Reta;Sim;5;0;1;2;1;1;3;3;-4,557895;-43,993882;SPRF-MA;DEL03-MA;UOP01-DEL03-MA;;;
719901;21/09/2025;domingo;11:30:00;SC;280;58,8;GUARAMIRIM;Acessar a via sem observar a presen�a dos outros ve�culos;Colis�o lateral mesmo sentido;Com V�timas Feridas;Pleno dia;Crescente;Nublado;Dupla;Interse��o de Vias;Sim;3;0;1;0;2;0;1;2;-26,47524605;-49,03109956;SPRF-SC;DEL03-SC;UOP03-DEL03-SC;;;
719903;21/09/2025;domingo;09:50:00;PR;376;99;PARANAVAI;Aus�ncia de rea��o do condutor;Sa�da de leito carro��vel;Com V�timas Fatais;Pleno dia;Decrescente;Sol;Simples;Reta;N�o;5;1;4;0;0;0;4;1;-23,01968656;-52,50119582;SPRF-PR;DEL09-PR;UOP02-DEL09-PR;;;
719904;21/09/2025;domingo;11:10:00;SP;116;68,7;APARECIDA;Acumulo de areia ou detritos sobre o pavimento;Colis�o com objeto;Com V�timas Feridas;Pleno dia;Decrescente;C�u Claro;Dupla;Reta;N�o;1;0;1;0;0;0;1;1;-22,8369917;-45,2216873;SPRF-SP;DEL08-SP;UOP01-DEL08-SP;;;
719905;21/09/2025;domingo;11:50:00;PR;116;119,5;CURITIBA;Acessar a via sem observar a presen�a dos outros ve�culos;Colis�o transversal;Com V�timas Feridas;Pleno dia;Crescente;C�u Claro;Dupla;"Reta;Interse��o de Vias";N�o;3;0;1;0;2;0;1;3;-25,5799053;-49,3128009;SPRF-PR;DEL01-PR;UOP03-DEL01-PR;;;
719906;21/09/2025;domingo;09:40:00;CE;20;351,3;CARIDADE;Condutor deixou de manter dist�ncia do ve�culo da frente;Tombamento;Com V�timas Feridas;Pleno dia;Crescente;C�u Claro;Simples;"Declive;Reta";N�o;1;0;0;1;0;0;1;1;-4,07733;-39,041693;SPRF-CE;DEL02-CE;UOP01-DEL02-CE;;;
719907;21/09/2025;domingo;10:05:00;PE;232;459;SAO JOSE DO BELMONTE;Ingest�o de �lcool pelo condutor;Colis�o transversal;Com V�timas Fatais;Pleno dia;Crescente;C�u Claro;Simples;Declive;Sim;4;1;1;0;2;0;1;2;-8,021072;-38,711051;SPRF-PE;DEL05-PE;UOP01-DEL05-PE;;;
719908;21/09/2025;domingo;12:00:00;GO;153;433;ANAPOLIS;Aus�ncia de rea��o do condutor;Colis�o com objeto;Com V�timas Feridas;Pleno dia;Crescente;C�u Claro;Dupla;Reta;N�o;1;0;1;0;0;0;1;1;-16,2837423;-48,9522749;SPRF-GO;DEL02-GO;UOP01-DEL02-GO;;;
719911;21/09/2025;domingo;12:20:00;SC;101;49,5;JOINVILLE;Rea��o tardia ou ineficiente do condutor;Colis�o com objeto;Com V�timas Feridas;Pleno dia;Decrescente;Nublado;Dupla;Curva;N�o;1;0;1;0;0;0;1;1;-26,38190903;-48,85155424;SPRF-SC;DEL03-SC;UOP01-DEL03-SC;;;
719912;21/09/2025;domingo;10:00:00;MA;316;303,1;PIO XII;Acessar a via sem observar a presen�a dos outros ve�culos;Colis�o transversal;Com V�timas Fatais;Pleno dia;Decrescente;Sol;Simples;Reta;N�o;2;1;0;0;1;0;0;2;-3,93554766;-45,14576554;SPRF-MA;DEL02-MA;UOP01-DEL02-MA;;;
719913;21/09/2025;domingo;12:15:00;RS;116;310;GUAIBA;Manobra de mudan�a de faixa;Colis�o lateral mesmo sentido;Com V�timas Feridas;Pleno dia;Decrescente;Chuva;Dupla;Reta;N�o;4;0;2;0;2;0;2;2;-30,1844411;-51,39548868;SPRF-RS;DEL02-RS;UOP01-DEL02-RS;;;
719914;21/09/2025;domingo;09:20:00;RJ;40;88;PETROPOLIS;Manobra de mudan�a de faixa;Colis�o lateral mesmo sentido;Com V�timas Feridas;Pleno dia;Crescente;C�u Claro;Dupla;Curva;N�o;3;0;2;0;1;0;2;2;-22,546216;-43,230681;SPRF-RJ;DEL01-RJ;UOP01-DEL01-RJ;;;
719915;21/09/2025;domingo;12:40:00;RJ;116;170;RIO DE JANEIRO;Demais falhas mec�nicas ou el�tricas;Tombamento;Com V�timas Feridas;Pleno dia;Decrescente;C�u Claro;Dupla;Reta;Sim;2;0;1;0;1;0;1;1;-22,81087909;-43,33439112;SPRF-RJ;DEL06-RJ;UOP01-DEL06-RJ;;;
719916;21/09/2025;domingo;12:10:00;SP;116;222;GUARULHOS;Demais Fen�menos da natureza;Eventos at�picos;Com V�timas Feridas;Pleno dia;Decrescente;C�u Claro;Simples;Reta;Sim;1;0;1;0;0;0;1;1;-23,47488442;-46,52768708;SPRF-SP;DEL01-SP;UOP01-DEL01-SP;;;
719917;21/09/2025;domingo;11:30:00;RJ;116;285;BARRA MANSA;Demais falhas mec�nicas ou el�tricas;Queda de ocupante de ve�culo;Com V�timas Feridas;Pleno dia;Decrescente;C�u Claro;Dupla;Reta;N�o;2;0;2;0;0;0;2;1;-22,52504085;-44,20013174;SPRF-RJ;DEL07-RJ;UOP02-DEL07-RJ;;;
719918;21/09/2025;domingo;12:45:00;PA;316;42;SANTA IZABEL DO PARA;Velocidade Incompat�vel;Colis�o traseira;Com V�timas Feridas;Pleno dia;Decrescente;C�u Claro;Dupla;Reta;N�o;2;0;0;1;1;0;1;2;-1,27573;-48,09682;SPRF-PA;DEL01-PA;UOP01-DEL01-PA;;;
719920;21/09/2025;domingo;04:20:00;PI;235;415,6;SANTA FILOMENA;Aus�ncia de rea��o do condutor;Sa�da de leito carro��vel;Com V�timas Feridas;Amanhecer;Decrescente;C�u Claro;Simples;Curva;N�o;1;0;0;1;0;0;1;1;-9,216585;-45,757343;SPRF-PI;DEL03-PI;UOP02-DEL03-PI;;;
719921;21/09/2025;domingo;12:00:00;PR;376;4;MANDAGUARI;Aus�ncia de rea��o do condutor;Colis�o traseira;Com V�timas Feridas;Pleno dia;Decrescente;Sol;Simples;"Reta;Interse��o de Vias";Sim;2;0;0;1;1;0;1;2;-23,5173901;-51,6835044;SPRF-PR;DEL07-PR;UOP03-DEL07-PR;;;
719922;21/09/2025;domingo;04:00:00;PI;235;415;SANTA FILOMENA;Aus�ncia de rea��o do condutor;Sa�da de leito carro��vel;Com V�timas Fatais;Amanhecer;Decrescente;C�u Claro;Simples;Reta;N�o;1;1;0;0;0;0;0;1;-9,215335;-45,755;SPRF-PI;DEL03-PI;UOP02-DEL03-PI;;;
719923;21/09/2025;domingo;11:50:00;MG;40;700,6;BARBACENA;Velocidade Incompat�vel;Colis�o lateral mesmo sentido;Com V�timas Feridas;Pleno dia;Crescente;C�u Claro;Dupla;Reta;N�o;2;0;0;1;1;0;1;2;-21,211;-43,75;SPRF-MG;DEL05-MG;UOP02-DEL05-MG;;;
719925;21/09/2025;domingo;12:45:00;PR;376;312,6;MAUA DA SERRA;Rea��o tardia ou ineficiente do condutor;Colis�o com objeto;Com V�timas Feridas;Pleno dia;Crescente;Chuva;Dupla;Curva;N�o;3;0;1;2;0;0;3;1;-23,9945451;-51,08748794;SPRF-PR;DEL07-PR;UOP02-DEL07-PR;;;
719926;21/09/2025;domingo;12:40:00;PR;277;139;BALSA NOVA;Aus�ncia de rea��o do condutor;Colis�o traseira;Com V�timas Feridas;Pleno dia;Decrescente;Nublado;Simples;Curva;N�o;3;0;1;0;2;0;1;2;-25,473;-49,653;SPRF-PR;DEL03-PR;UOP03-DEL03-PR;;;
719927;21/09/2025;domingo;12:10:00;MG;40;552;NOVA LIMA;Ingest�o de �lcool pelo condutor;Tombamento;Com V�timas Feridas;Pleno dia;Decrescente;C�u Claro;Dupla;Reta;Sim;1;0;1;0;0;0;1;1;-20,0611852;-43,978122;SPRF-MG;DEL01-MG;UOP02-DEL01-MG;;;
719928;21/09/2025;domingo;12:45:00;RS;470;214,5;BENTO GONCALVES;Aus�ncia de rea��o do condutor;Sa�da de leito carro��vel;Com V�timas Fatais;Pleno dia;Crescente;Nublado;Simples;Reta;Sim;1;1;0;0;0;0;0;1;-29,15742542;-51,53127945;SPRF-RS;DEL06-RS;UOP01-DEL06-RS;;;
719930;21/09/2025;domingo;12:30:00;SC;101;134;BALNEARIO CAMBORIU;Demais falhas mec�nicas ou el�tricas;Tombamento;Sem V�timas;Pleno dia;Decrescente;C�u Claro;Dupla;Reta;Sim;1;0;0;0;0;1;0;1;-27,00239635;-48,63613129;SPRF-SC;DEL04-SC;UOP03-DEL04-SC;;;
719931;21/09/2025;domingo;13:37:00;BA;116;355;SERRINHA;Acessar a via sem observar a presen�a dos outros ve�culos;Colis�o transversal;Com V�timas Feridas;Pleno dia;Decrescente;C�u Claro;Simples;"Aclive;Curva";N�o;3;0;0;2;1;0;2;2;-11,634928;-38,98143;SPRF-BA;DEL02-BA;UOP01-DEL02-BA;;;
719932;21/09/2025;domingo;13:30:00;ES;101;148,2;LINHARES;Velocidade Incompat�vel;Sa�da de leito carro��vel;Com V�timas Feridas;Pleno dia;Decrescente;C�u Claro;M�ltipla;Curva;Sim;1;0;1;0;0;0;1;1;-19,39013185;-40,06743732;SPRF-ES;DEL04-ES;UOP01-DEL04-ES;;;
719934;21/09/2025;domingo;12:00:00;PE;101;115;IPOJUCA;Condutor usando celular;Sa�da de leito carro��vel;Com V�timas Feridas;Pleno dia;Decrescente;C�u Claro;Dupla;Curva;N�o;1;0;1;0;0;0;1;1;-8,33696;-35,14108;SPRF-PE;DEL01-PE;UOP03-DEL01-PE;;;
719935;21/09/2025;domingo;10:40:00;SC;101;416,1;ARARANGUA;Acessar a via sem observar a presen�a dos outros ve�culos;Colis�o transversal;Sem V�timas;Pleno dia;Decrescente;Garoa/Chuvisco;Simples;Reta;Sim;2;0;0;0;2;0;0;2;-28,974;-49,531;SPRF-SC;DEL02-SC;UOP02-DEL02-SC;;;
719937;21/09/2025;domingo;13:45:00;SP;116;54,8;LORENA;Demais falhas mec�nicas ou el�tricas;Inc�ndio;Sem V�timas;Pleno dia;Decrescente;C�u Claro;Dupla;Reta;Sim;1;0;0;0;1;0;0;1;-22,76400473;-45,12329286;SPRF-SP;DEL08-SP;UOP02-DEL08-SP;;;
719938;21/09/2025;domingo;13:50:00;SC;280;29;ARAQUARI;Rea��o tardia ou ineficiente do condutor;Colis�o frontal;Com V�timas Feridas;Pleno dia;Decrescente;Chuva;Simples;Reta;N�o;5;0;2;0;3;0;2;2;-26,407743;-48,74917;SPRF-SC;DEL03-SC;UOP03-DEL03-SC;;;
719939;21/09/2025;domingo;12:30:00;SC;282;75,5;RANCHO QUEIMADO;Chuva;Sa�da de leito carro��vel;Com V�timas Feridas;Pleno dia;Decrescente;Chuva;Simples;Reta;N�o;2;0;1;0;1;0;1;1;-27,691277;-49,133853;SPRF-SC;DEL01-SC;UOP03-DEL01-SC;;;
719940;21/09/2025;domingo;10:00:00;RO;319;129;PORTO VELHO;Aus�ncia de rea��o do condutor;Sa�da de leito carro��vel;Sem V�timas;Pleno dia;Crescente;C�u Claro;Simples;Reta;N�o;1;0;0;0;0;1;0;1;-8,71955;-63,98078;SPRF-RO;DEL01-RO;UOP01-DEL01-RO;;;
719941;21/09/2025;domingo;13:15:00;RS;470;218;BENTO GONCALVES;Aus�ncia de rea��o do condutor;Sa�da de leito carro��vel;Com V�timas Feridas;Pleno dia;Decrescente;Chuva;Simples;"Aclive;Curva";Sim;1;0;1;0;0;0;1;1;-29,185696;-51,520804;SPRF-RS;DEL06-RS;UOP01-DEL06-RS;;;
719943;21/09/2025;domingo;09:20:00;RJ;40;61,9;PETROPOLIS;Rea��o tardia ou ineficiente do condutor;Sa�da de leito carro��vel;Com V�timas Feridas;Pleno dia;Decrescente;C�u Claro;Simples;"Curva;Aclive";N�o;1;0;1;0;0;0;1;1;-22,40675407;-43,14737356;SPRF-RJ;DEL05-RJ;UOP02-DEL05-RJ;;;
719944;21/09/2025;domingo;11:40:00;RJ;116;113,5;MAGE;Sinaliza��o mal posicionada;Colis�o traseira;Com V�timas Feridas;Pleno dia;Crescente;C�u Claro;Dupla;"Reta;Desvio Tempor�rio;Em Obras";N�o;3;0;1;0;2;0;1;3;-22,6593921;-43,09102;SPRF-RJ;DEL04-RJ;UOP02-DEL04-RJ;;;
719945;21/09/2025;domingo;14:35:00;MG;40;507,4;RIBEIRAO DAS NEVES;Demais falhas mec�nicas ou el�tricas;Tombamento;Com V�timas Feridas;Pleno dia;Decrescente;C�u Claro;Dupla;Reta;Sim;2;0;2;0;0;0;2;1;-19,75661;-44,13954;SPRF-MG;DEL02-MG;UOP01-DEL02-MG;;;
719946;21/09/2025;domingo;14:25:00;SP;153;48,9;SAO JOSE DO RIO PRETO;Aus�ncia de rea��o do condutor;Colis�o traseira;Com V�timas Feridas;Pleno dia;Crescente;C�u Claro;Simples;Reta;N�o;2;0;1;0;1;0;1;2;-20,69238054;-49,33979784;SPRF-SP;DEL09-SP;UOP01-DEL09-SP;;;
719948;21/09/2025;domingo;15:00:00;SC;282;16;PALHOCA;Rea��o tardia ou ineficiente do condutor;Colis�o traseira;Com V�timas Feridas;Pleno dia;Decrescente;Chuva;Simples;Reta;Sim;4;0;1;1;2;0;2;2;-27,662027;-48,685001;SPRF-SC;DEL01-SC;UOP02-DEL01-SC;;;
719950;21/09/2025;domingo;14:40:00;CE;116;38;HORIZONTE;Ingest�o de �lcool pelo condutor;Tombamento;Com V�timas Feridas;Pleno dia;Decrescente;C�u Claro;M�ltipla;Curva;Sim;1;0;0;1;0;0;1;1;-4,08420242;-38,49808609;SPRF-CE;DEL01-CE;UOP02-DEL01-CE;;;
719951;21/09/2025;domingo;14:20:00;PR;376;237;APUCARANA;Rea��o tardia ou ineficiente do condutor;Sa�da de leito carro��vel;Com V�timas Feridas;Pleno dia;Crescente;Chuva;Dupla;"Curva;Declive";N�o;1;0;1;0;0;0;1;1;-23,5868;-51,47738;SPRF-PR;DEL07-PR;UOP03-DEL07-PR;;;
719952;21/09/2025;domingo;15:15:00;SC;280;23,9;BALNEARIO BARRA DO SUL;Acessar a via sem observar a presen�a dos outros ve�culos;Colis�o transversal;Com V�timas Feridas;Pleno dia;Crescente;Garoa/Chuvisco;Simples;Reta;Sim;3;0;1;0;2;0;1;2;-26,37037947;-48,68822311;SPRF-SC;DEL03-SC;UOP03-DEL03-SC;;;
719954;21/09/2025;domingo;13:55:00;SC;101;406,8;ARARANGUA;Manobra de mudan�a de faixa;Colis�o transversal;Com V�timas Feridas;Pleno dia;Decrescente;Nublado;Dupla;Reta;N�o;4;0;1;2;1;0;3;2;-28,91821299;-49,4890523;SPRF-SC;DEL02-SC;UOP02-DEL02-SC;;;
719956;21/09/2025;domingo;14:30:00;PR;373;199,9;IPIRANGA;Velocidade Incompat�vel;Sa�da de leito carro��vel;Com V�timas Feridas;Pleno dia;Crescente;Chuva;Simples;"Reta;Declive";N�o;2;0;2;0;0;0;2;1;-25,09019882;-50,413596;SPRF-PR;DEL03-PR;UOP01-DEL03-PR;;;
719957;21/09/2025;domingo;15:15:00;PE;232;11;JABOATAO DOS GUARARAPES;Transitar na contram�o;Colis�o frontal;Com V�timas Feridas;Pleno dia;Crescente;Sol;Simples;"Curva;Retorno Regulamentado";Sim;3;0;0;2;1;0;2;2;-8,08279;-34,995045;SPRF-PE;DEL01-PE;UOP01-DEL01-PE;;;
719958;21/09/2025;domingo;15:20:00;SC;101;191;BIGUACU;Avarias e/ou desgaste excessivo no pneu;Sa�da de leito carro��vel;Com V�timas Feridas;Pleno dia;Crescente;Garoa/Chuvisco;Dupla;Curva;N�o;3;0;1;0;2;0;1;1;-27,47713296;-48,64096785;SPRF-SC;DEL01-SC;UOP01-DEL01-SC;;;