id;data_inversa;dia_semana;horario;uf;br;km;municipio;causa_acidente;tipo_acidente;classificacao_acidente;fase_dia;sentido_via;condicao_metereologica;tipo_pista;tracado_via;uso_solo;pessoas;mortos;feridos_leves;feridos_graves;ilesos;ignorados;feridos;veiculos;latitude;longitude;regional;delegacia;uop;;;
719959;21/09/2025;domingo;14:30:00;MG;262;786,4;UBERABA;Ingest�o de �lcool pelo condutor;Sa�da de leito carro��vel;Sem V�timas;Pleno dia;Crescente;C�u Claro;Dupla;"Aclive;Reta";Sim;1;0;0;0;0;1;0;1;-19,7669838;-47,9015731;SPRF-MG;DEL13-MG;UOP01-DEL13-MG;;;
719960;21/09/2025;domingo;06:40:00;AM;319;99;CANUTAMA;Condutor Dormindo;Sa�da de leito carro��vel;Com V�timas Feridas;Pleno dia;Decrescente;C�u Claro;Simples;Reta;N�o;1;0;0;1;0;0;1;1;-8,44967;-63,97059;SPRF-AM;DEL01-AM;UOP04-DEL01-AM;;;
719961;21/09/2025;domingo;16:05:00;DF;70;10;BRASILIA;Acessar a via sem observar a presen�a dos outros ve�culos;Colis�o transversal;Sem V�timas;Pleno dia;Decrescente;Sol;M�ltipla;Reta;Sim;2;0;0;0;2;0;0;2;-15,79090703;-48,15272042;SPRF-DF;DEL03-DF;UOP02-DEL03-DF;;;
719962;21/09/2025;domingo;15:50:00;AL;424;106;MARECHAL DEODORO;Manobra de mudan�a de faixa;Colis�o com objeto;Com V�timas Feridas;Pleno dia;Decrescente;C�u Claro;Simples;"Aclive;Curva";N�o;1;0;1;0;0;0;1;1;-9,69106917;-35,81619906;SPRF-AL;DEL02-AL;UOP01-DEL02-AL;;;
719963;21/09/2025;domingo;15:00:00;RJ;101;266,1;RIO BONITO;Condutor deixou de manter dist�ncia do ve�culo da frente;Colis�o lateral mesmo sentido;Com V�timas Fatais;Pleno dia;Decrescente;C�u Claro;Dupla;Curva;Sim;4;1;0;0;2;1;0;3;-22,7075591;-42,6486521;SPRF-RJ;DEL02-RJ;UOP03-DEL02-RJ;;;
719965;21/09/2025;domingo;15:50:00;ES;262;94,3;DOMINGOS MARTINS;Frear bruscamente;Colis�o traseira;Com V�timas Feridas;Pleno dia;Crescente;Sol;Simples;Curva;N�o;2;0;1;0;1;0;1;2;-20,37114932;-41,06050182;SPRF-ES;DEL01-ES;UOP02-DEL01-ES;;;
719966;17/09/2025;quarta-feira;16:45:00;MG;262;416,9;IGARATINGA;Velocidade Incompat�vel;Tombamento;Com V�timas Feridas;Pleno dia;Crescente;C�u Claro;Simples;Reta;N�o;2;0;2;0;0;0;2;1;-19,88993273;-44,71090794;SPRF-MG;DEL08-MG;UOP03-DEL08-MG;;;
719967;21/09/2025;domingo;14:30:00;RO;364;524,9;ARIQUEMES;Chuva;Capotamento;Com V�timas Feridas;Pleno dia;Crescente;Chuva;Simples;Curva;N�o;6;0;6;0;0;0;6;2;-9,83704;-63,065758;SPRF-RO;DEL03-RO;UOP01-DEL03-RO;;;
719969;21/09/2025;domingo;16:20:00;MG;262;786,4;UBERABA;Ingest�o de �lcool pelo condutor;Colis�o com objeto;Com V�timas Feridas;Pleno dia;Crescente;C�u Claro;Dupla;"Reta;Aclive";N�o;2;0;0;1;1;0;1;2;-19,77041908;-47,90305138;SPRF-MG;DEL13-MG;UOP01-DEL13-MG;;;
719971;21/09/2025;domingo;15:50:00;SP;116;165;JACAREI;Condutor deixou de manter dist�ncia do ve�culo da frente;Colis�o traseira;Com V�timas Feridas;Pleno dia;Crescente;C�u Claro;M�ltipla;Reta;Sim;2;0;1;0;1;0;1;2;-23,294572;-46,0066068;SPRF-SP;DEL02-SP;UOP01-DEL02-SP;;;
719973;21/09/2025;domingo;14:20:00;RJ;116;217;ITAGUAI;Transitar na contram�o;Colis�o lateral sentido oposto;Com V�timas Feridas;Pleno dia;Decrescente;C�u Claro;Simples;Curva;N�o;4;0;0;1;3;0;1;2;-22,701378;-43,75435;SPRF-RJ;DEL06-RJ;UOP02-DEL06-RJ;;;
719974;21/09/2025;domingo;14:50:00;MS;163;310,6;RIO BRILHANTE;Avarias e/ou desgaste excessivo no pneu;Tombamento;Com V�timas Feridas;Pleno dia;Decrescente;C�u Claro;Dupla;Reta;N�o;2;0;2;0;0;0;2;1;-21,890625;-54,523964;SPRF-MS;DEL02-MS;UOP02-DEL02-MS;;;
719975;21/09/2025;domingo;12:50:00;PR;376;524;PALMEIRA;Rea��o tardia ou ineficiente do condutor;Colis�o lateral mesmo sentido;Com V�timas Feridas;Pleno dia;Crescente;Chuva;Dupla;"Viaduto;Reta;Declive";N�o;4;0;1;0;3;0;1;2;-25,299419;-49,892136;SPRF-PR;DEL03-PR;UOP04-DEL03-PR;;;
719976;21/09/2025;domingo;17:00:00;SC;101;191;BIGUACU;Chuva;Colis�o com objeto;Com V�timas Feridas;Pleno dia;Decrescente;Chuva;Dupla;Curva;N�o;3;0;2;0;1;0;2;1;-27,47065238;-48,64129716;SPRF-SC;DEL01-SC;UOP01-DEL01-SC;;;
719977;21/09/2025;domingo;17:05:00;SP;101;49;UBATUBA;Rea��o tardia ou ineficiente do condutor;Colis�o lateral mesmo sentido;Com V�timas Feridas;Pleno dia;Crescente;Nublado;Simples;Rotat�ria;Sim;2;0;1;0;1;0;1;2;-23,4464302;-45,0812587;SPRF-SP;DEL06-SP;UOP01-DEL06-SP;;;
719978;21/09/2025;domingo;17:00:00;RN;101;75,1;SAO GONCALO DO AMARANTE;Ingest�o de �lcool pelo condutor;Queda de ocupante de ve�culo;Com V�timas Feridas;Pleno dia;Crescente;C�u Claro;Dupla;Rotat�ria;N�o;1;0;0;1;0;0;1;1;-5,72159643;-35,27707815;SPRF-RN;DEL02-RN;UOP01-DEL02-RN;;;
719979;21/09/2025;domingo;15:27:00;SP;116;560;BARRA DO TURVO;Demais falhas na via;Tombamento;Com V�timas Feridas;Pleno dia;Crescente;Garoa/Chuvisco;Dupla;"Declive;Curva";N�o;1;0;1;0;0;0;1;1;-25,019258;-48,514597;SPRF-SP;DEL05-SP;UOP02-DEL05-SP;;;
719980;21/09/2025;domingo;13:20:00;PR;163;154,9;SANTA LUCIA;Chuva;Colis�o com objeto;Com V�timas Feridas;Pleno dia;Decrescente;Sol;Dupla;Reta;N�o;1;0;1;0;0;0;1;1;-25,35447;-53,58128;SPRF-PR;DEL05-PR;UOP05-DEL05-PR;;;
719981;21/09/2025;domingo;17:05:00;BA;324;591;CANDEIAS;Transitar na contram�o;Colis�o frontal;Sem V�timas;Anoitecer;Decrescente;C�u Claro;Dupla;Declive;Sim;2;0;0;0;2;0;0;2;-12,70031552;-38,46417345;SPRF-BA;DEL01-BA;UOP01-DEL01-BA;;;
719982;21/09/2025;domingo;16:15:00;PR;376;490,6;PONTA GROSSA;Aus�ncia de rea��o do condutor;Colis�o traseira;Com V�timas Feridas;Pleno dia;Decrescente;Chuva;Dupla;Curva;Sim;4;0;0;1;2;1;1;3;-25,14127982;-50,15913097;SPRF-PR;DEL03-PR;UOP04-DEL03-PR;;;
719984;21/09/2025;domingo;15:45:00;SC;101;44,3;JOINVILLE;Rea��o tardia ou ineficiente do condutor;Colis�o traseira;Com V�timas Feridas;Pleno dia;Crescente;Chuva;Dupla;Reta;Sim;3;0;1;0;2;0;1;3;-26,34292202;-48,85841131;SPRF-SC;DEL03-SC;UOP01-DEL03-SC;;;
719986;21/09/2025;domingo;17:00:00;PR;116;23;ANTONINA;Chuva;Colis�o com objeto;Com V�timas Feridas;Pleno dia;Decrescente;Chuva;Dupla;"Curva;Declive";N�o;2;0;1;0;1;0;1;1;-25,10133917;-48,72966528;SPRF-PR;DEL01-PR;UOP02-DEL01-PR;;;
719987;21/09/2025;domingo;14:30:00;MT;70;675;CACERES;Rea��o tardia ou ineficiente do condutor;Sa�da de leito carro��vel;Sem V�timas;Pleno dia;Crescente;C�u Claro;Simples;Curva;N�o;1;0;0;0;1;0;0;1;-16,156;-57,353;SPRF-MT;DEL03-MT;UOP02-DEL03-MT;;;
719989;21/09/2025;domingo;17:20:00;SC;282;5;SAO JOSE;Rea��o tardia ou ineficiente do condutor;Queda de ocupante de ve�culo;Com V�timas Feridas;Anoitecer;Crescente;Garoa/Chuvisco;Dupla;Curva;N�o;2;0;1;0;1;0;1;1;-27,58559358;-48,61767618;SPRF-SC;DEL01-SC;UOP01-DEL01-SC;;;
719990;21/09/2025;domingo;17:00:00;SC;470;73,9;INDAIAL;Transitar na contram�o;Colis�o frontal;Com V�timas Fatais;Pleno dia;Decrescente;Nublado;Simples;"Reta;Em Obras";N�o;7;2;4;1;0;0;5;2;-26,915489;-49,280705;SPRF-SC;DEL04-SC;UOP01-DEL04-SC;;;
719991;21/09/2025;domingo;17:25:00;PR;376;321,8;ORTIGUEIRA;Rea��o tardia ou ineficiente do condutor;Colis�o frontal;Com V�timas Fatais;Anoitecer;Crescente;Chuva;Simples;Reta;N�o;4;1;3;0;0;0;3;2;-24,05334183;-51,06608391;SPRF-PR;DEL07-PR;UOP02-DEL07-PR;;;
719993;21/09/2025;domingo;16:00:00;RJ;40;106;DUQUE DE CAXIAS;Transitar na contram�o;Queda de ocupante de ve�culo;Com V�timas Feridas;Pleno dia;Decrescente;C�u Claro;Dupla;Reta;Sim;2;0;2;0;0;0;2;1;-22,65597102;-43,28350101;SPRF-RJ;DEL01-RJ;UOP02-DEL01-RJ;;;
719994;21/09/2025;domingo;17:00:00;RJ;116;18;SAPUCAIA;Aus�ncia de rea��o do condutor;Queda de ocupante de ve�culo;Com V�timas Feridas;Pleno dia;Decrescente;C�u Claro;Simples;Curva;N�o;1;0;1;0;0;0;1;1;-21,9889;-42,7614;SPRF-RJ;DEL05-RJ;UOP01-DEL05-RJ;;;
719995;21/09/2025;domingo;17:44:00;PR;163;35,1;SANTO ANTONIO DO SUDOESTE;Ultrapassagem Indevida;Colis�o frontal;Com V�timas Feridas;Pleno dia;Decrescente;C�u Claro;Simples;"Aclive;Curva";Sim;3;0;0;3;0;0;3;2;-26,06608;-53,72084;SPRF-PR;DEL02-PR;UOP02-DEL02-PR;;;
719996;21/09/2025;domingo;17:45:00;BA;324;590,4;CANDEIAS;Rea��o tardia ou ineficiente do condutor;Engavetamento;Com V�timas Feridas;Anoitecer;Crescente;C�u Claro;Dupla;Reta;N�o;4;0;2;0;2;0;2;3;-12,688375;-38,46607;SPRF-BA;DEL01-BA;UOP01-DEL01-BA;;;
719997;21/09/2025;domingo;15:00:00;RJ;101;419;MANGARATIBA;Rea��o tardia ou ineficiente do condutor;Colis�o traseira;Com V�timas Feridas;Pleno dia;Decrescente;C�u Claro;Simples;"Reta;Aclive";N�o;2;0;0;1;0;1;1;2;-22,91923167;-43,92428309;SPRF-RJ;DEL03-RJ;UOP02-DEL03-RJ;;;
719998;21/09/2025;domingo;16:00:00;RO;425;86;GUAJARA-MIRIM;Ingest�o de �lcool pelo condutor;Sa�da de leito carro��vel;Sem V�timas;Pleno dia;Decrescente;C�u Claro;Simples;Curva;N�o;1;0;0;0;1;0;0;1;-10,4621542;-65,3453064;SPRF-RO;DEL01-RO;UOP03-DEL01-RO;;;
719999;21/09/2025;domingo;17:20:00;RJ;116;298;PORTO REAL;Rea��o tardia ou ineficiente do condutor;Engavetamento;Com V�timas Feridas;Anoitecer;Decrescente;C�u Claro;Dupla;Reta;N�o;14;0;5;0;9;0;5;5;-22,45353727;-44,36807005;SPRF-RJ;DEL07-RJ;UOP02-DEL07-RJ;;;
720001;21/09/2025;domingo;17:00:00;PR;376;433;TIBAGI;Aus�ncia de rea��o do condutor;Queda de ocupante de ve�culo;Com V�timas Feridas;Pleno dia;Decrescente;Chuva;Dupla;"Declive;Curva";N�o;1;0;1;0;0;0;1;1;-24,80386;-50,48962;SPRF-PR;DEL03-PR;UOP02-DEL03-PR;;;
720002;21/09/2025;domingo;14:50:00;PR;376;378;IMBAU;Chuva;Sa�da de leito carro��vel;Com V�timas Feridas;Pleno dia;Decrescente;Chuva;Dupla;Curva;N�o;1;0;1;0;0;0;1;1;-24,4271026;-50,76649457;SPRF-PR;DEL03-PR;UOP02-DEL03-PR;;;
720003;21/09/2025;domingo;16:54:00;RO;364;16;VILHENA;Acessar a via sem observar a presen�a dos outros ve�culos;Colis�o transversal;Com V�timas Feridas;Pleno dia;Decrescente;C�u Claro;Simples;Interse��o de Vias;Sim;1;0;1;0;0;0;1;1;-12,73497962;-60,15659988;SPRF-RO;DEL04-RO;UOP01-DEL04-RO;;;
720004;21/09/2025;domingo;18:14:00;SE;101;103;SAO CRISTOVAO;Manobra de mudan�a de faixa;Colis�o transversal;Com V�timas Feridas;Plena Noite;Decrescente;C�u Claro;Dupla;"Reta;Retorno Regulamentado";N�o;4;0;0;1;2;1;1;3;-10,956054;-37,225441;SPRF-SE;DEL02-SE;UOP01-DEL02-SE;;;
720005;21/09/2025;domingo;16:20:00;SC;116;106,3;MONTE CASTELO;Acessar a via sem observar a presen�a dos outros ve�culos;Colis�o transversal;Com V�timas Fatais;Pleno dia;Crescente;Nublado;Simples;"Curva;Aclive";N�o;4;1;2;1;0;0;3;2;-26,7544716;-50,3204264;SPRF-SC;DEL06-SC;UOP02-DEL06-SC;;;
720006;21/09/2025;domingo;16:30:00;SC;101;71;ARAQUARI;Ingest�o de �lcool pelo condutor;Sa�da de leito carro��vel;Sem V�timas;Pleno dia;Decrescente;Chuva;Dupla;Curva;N�o;1;0;0;0;1;0;0;1;-26,52362232;-48,7160581;SPRF-SC;DEL03-SC;UOP02-DEL03-SC;;;
720007;21/09/2025;domingo;15:50:00;RO;174;17;VILHENA;Acessar a via sem observar a presen�a dos outros ve�culos;Colis�o transversal;Com V�timas Feridas;Pleno dia;Crescente;Sol;Simples;"Reta;Interse��o de Vias";Sim;3;0;2;0;0;1;2;2;-12,70789974;-60,12302969;SPRF-RO;DEL04-RO;UOP01-DEL04-RO;;;
720009;21/09/2025;domingo;16:20:00;SC;101;87;BARRA VELHA;Chuva;Colis�o com objeto;Sem V�timas;Pleno dia;Crescente;Chuva;Dupla;Reta;Sim;1;0;0;0;0;1;0;1;-26,64120274;-48,69105086;SPRF-SC;DEL03-SC;UOP02-DEL03-SC;;;
720010;21/09/2025;domingo;17:30:00;MG;262;400;PARA DE MINAS;Manobra de mudan�a de faixa;Colis�o lateral mesmo sentido;Com V�timas Feridas;Pleno dia;Decrescente;C�u Claro;Simples;Reta;N�o;3;0;2;0;1;0;2;2;-19,89439173;-44,65400487;SPRF-MG;DEL01-MG;UOP03-DEL01-MG;;;
720011;21/09/2025;domingo;13:00:00;PR;376;462,9;PONTA GROSSA;Aus�ncia de rea��o do condutor;Sa�da de leito carro��vel;Com V�timas Feridas;Pleno dia;Crescente;Sol;Dupla;Curva;N�o;2;0;1;0;1;0;1;1;-25,02180534;-50,3336033;SPRF-PR;DEL03-PR;UOP01-DEL03-PR;;;
720012;21/09/2025;domingo;18:50:00;SC;101;212,2;PALHOCA;Manobra de mudan�a de faixa;Colis�o traseira;Com V�timas Feridas;Plena Noite;Crescente;Chuva;M�ltipla;Reta;Sim;2;0;1;0;1;0;1;2;-27,631558;-48,660768;SPRF-SC;DEL01-SC;UOP02-DEL01-SC;;;
720013;21/09/2025;domingo;16:00:00;MG;381;208;NAQUE;Aus�ncia de rea��o do condutor;Colis�o traseira;Com V�timas Feridas;Pleno dia;Crescente;C�u Claro;Simples;Reta;Sim;3;0;1;0;2;0;1;2;-19,225076;-42,324595;SPRF-MG;DEL06-MG;UOP01-DEL06-MG;;;
720015;21/09/2025;domingo;18:00:00;SP;116;95;PINDAMONHANGABA;Rea��o tardia ou ineficiente do condutor;Queda de ocupante de ve�culo;Com V�timas Feridas;Anoitecer;Crescente;Nublado;Dupla;Reta;N�o;1;0;0;1;0;0;1;1;-22,965233;-45,430459;SPRF-SP;DEL08-SP;UOP01-DEL08-SP;;;
720016;21/09/2025;domingo;17:30:00;MS;262;146,2;RIBAS DO RIO PARDO;Condutor Dormindo;Colis�o lateral sentido oposto;Com V�timas Feridas;Anoitecer;Crescente;C�u Claro;Simples;Reta;N�o;7;0;3;0;4;0;3;2;-20,44702;-52,903565;SPRF-MS;DEL07-MS;UOP02-DEL07-MS;;;
720017;21/09/2025;domingo;18:00:00;PE;408;82;SAO LOURENCO DA MATA;Aus�ncia de rea��o do condutor;Colis�o traseira;Com V�timas Feridas;Plena Noite;Crescente;C�u Claro;Dupla;Reta;N�o;3;0;1;0;2;0;1;2;-7,985883;-35,078348;SPRF-PE;DEL01-PE;UOP01-DEL01-PE;;;
720018;21/09/2025;domingo;17:40:00;SC;101;107,1;PENHA;Ingest�o de �lcool pelo condutor;Colis�o lateral mesmo sentido;Com V�timas Feridas;Anoitecer;Decrescente;Garoa/Chuvisco;Dupla;Reta;N�o;3;0;1;0;1;1;1;3;-26,814271;-48,683188;SPRF-SC;DEL03-SC;UOP02-DEL03-SC;;;
720020;21/09/2025;domingo;18:40:00;SP;116;224;GUARULHOS;Rea��o tardia ou ineficiente do condutor;Colis�o traseira;Com V�timas Feridas;Plena Noite;Crescente;Nublado;M�ltipla;Reta;Sim;2;0;1;0;1;0;1;2;-23,4835089;-46,5377324;SPRF-SP;DEL01-SP;UOP01-DEL01-SP;;;
720021;21/09/2025;domingo;18:45:00;PE;101;37;ITAPISSUMA;Ilumina��o deficiente;Queda de ocupante de ve�culo;Com V�timas Feridas;Plena Noite;Decrescente;C�u Claro;Dupla;Declive;N�o;2;0;2;0;0;0;2;1;-7,80088366;-34,92653436;SPRF-PE;DEL01-PE;UOP02-DEL01-PE;;;
720022;21/09/2025;domingo;19:20:00;RS;116;304;GUAIBA;Rea��o tardia ou ineficiente do condutor;Colis�o traseira;Sem V�timas;Plena Noite;Decrescente;Nublado;Simples;"Reta;Interse��o de Vias";N�o;3;0;0;0;2;1;0;3;-30,1407864;-51,3593054;SPRF-RS;DEL02-RS;UOP01-DEL02-RS;;;
720023;21/09/2025;domingo;19:00:00;MG;40;519;CONTAGEM;Aus�ncia de rea��o do condutor;Colis�o com objeto;Sem V�timas;Plena Noite;Crescente;C�u Claro;Dupla;Reta;Sim;1;0;0;0;0;1;0;1;-19,85585233;-44,07302856;SPRF-MG;DEL01-MG;UOP02-DEL01-MG;;;
720024;21/09/2025;domingo;19:20:00;RJ;101;263;RIO BONITO;Aus�ncia de rea��o do condutor;Colis�o traseira;Sem V�timas;Plena Noite;Crescente;C�u Claro;Dupla;Reta;Sim;6;0;0;0;6;0;0;2;-22,718345;-42,6338;SPRF-RJ;DEL02-RJ;UOP03-DEL02-RJ;;;
720025;21/09/2025;domingo;19:05:00;SP;381;47;ATIBAIA;Pista Escorregadia;Colis�o com objeto;Com V�timas Feridas;Plena Noite;Crescente;Nublado;Dupla;Reta;Sim;3;0;0;1;2;0;1;1;-23,19254356;-46,58523414;SPRF-SP;DEL03-SP;UOP01-DEL03-SP;;;
720027;21/09/2025;domingo;19:10:00;RS;386;342;ANTA GORDA;Sinaliza��o mal posicionada;Tombamento;Com V�timas Feridas;Plena Noite;Crescente;Chuva;Dupla;"Reta;Em Obras";Sim;4;0;2;0;2;0;2;1;-29;-52;SPRF-RS;DEL04-RS;UOP01-DEL04-RS;;;
720028;21/09/2025;domingo;20:01:00;RJ;116;329;ITATIAIA;Entrada inopinada do pedestre;Atropelamento de Pedestre;Com V�timas Fatais;Plena Noite;Decrescente;C�u Claro;Dupla;"Reta;Aclive";N�o;2;1;0;0;1;0;0;2;-22,49779336;-44,56770837;SPRF-RJ;DEL07-RJ;UOP02-DEL07-RJ;;;
720029;21/09/2025;domingo;19:00:00;PB;230;24;JOAO PESSOA;Convers�o proibida;Colis�o transversal;Com V�timas Feridas;Plena Noite;Decrescente;C�u Claro;Simples;"Interse��o de Vias;Em Obras";Sim;2;0;1;1;0;0;2;2;-7,17066861;-34,86971736;SPRF-PB;DEL01-PB;UOP01-DEL01-PB;;;
720030;21/09/2025;domingo;19:50:00;ES;262;45;MARECHAL FLORIANO;Rea��o tardia ou ineficiente do condutor;Colis�o lateral sentido oposto;Sem V�timas;Plena Noite;Crescente;Chuva;Simples;"Reta;Aclive";Sim;3;0;0;0;1;2;0;2;-20,40135084;-40,6722784;SPRF-ES;DEL01-ES;UOP01-DEL01-ES;;;
720031;21/09/2025;domingo;16:30:00;MT;70;603;POCONE;Ingest�o de �lcool pelo condutor;Queda de ocupante de ve�culo;Com V�timas Feridas;Pleno dia;Crescente;C�u Claro;Simples;Reta;N�o;1;0;1;0;0;0;1;1;-15,94270642;-57,07958537;SPRF-MT;DEL03-MT;UOP02-DEL03-MT;;;
720032;21/09/2025;domingo;20:00:00;DF;60;5,1;BRASILIA;Manobra de mudan�a de faixa;Colis�o lateral mesmo sentido;Com V�timas Feridas;Plena Noite;Crescente;C�u Claro;Dupla;Reta;Sim;3;0;2;0;1;0;2;2;-15,895945;-48,1066;SPRF-DF;DEL03-DF;UOP01-DEL03-DF;;;
720033;21/09/2025;domingo;19:30:00;RS;158;91;PALMEIRA DAS MISSOES;Rea��o tardia ou ineficiente do condutor;Sa�da de leito carro��vel;Sem V�timas;Plena Noite;Crescente;Chuva;Simples;Reta;N�o;1;0;0;0;0;1;0;1;-27,80163553;-53,33240315;SPRF-RS;DEL08-RS;UOP02-DEL08-RS;;;
720034;21/09/2025;domingo;15:00:00;RJ;493;67;NOVA IGUACU;Aus�ncia de rea��o do condutor;Queda de ocupante de ve�culo;Com V�timas Feridas;Pleno dia;Crescente;C�u Claro;Dupla;Reta;Sim;2;0;2;0;0;0;2;1;-22,68193233;-43,45814673;SPRF-RJ;DEL01-RJ;UOP03-DEL01-RJ;;;
720035;21/09/2025;domingo;18:30:00;BA;110;221;NOVA SOURE;Ingest�o de �lcool pelo condutor;Colis�o lateral sentido oposto;Com V�timas Feridas;Anoitecer;Decrescente;Nublado;Simples;"Reta;Interse��o de Vias";Sim;4;0;2;0;0;2;2;2;-11,240628;-38,477925;SPRF-BA;DEL07-BA;UOP02-DEL07-BA;;;
720036;21/09/2025;domingo;17:40:00;RJ;40;83;PETROPOLIS;Avarias e/ou desgaste excessivo no pneu;Tombamento;Com V�timas Feridas;Anoitecer;Decrescente;C�u Claro;Dupla;"Curva;Aclive";N�o;3;0;1;0;2;0;1;1;-22,542693;-43,223765;SPRF-RJ;DEL01-RJ;UOP01-DEL01-RJ;;;
720037;21/09/2025;domingo;19:58:00;RN;304;46,4;MOSSORO;Animais na Pista;Atropelamento de Animal;Com V�timas Feridas;Plena Noite;Decrescente;C�u Claro;Dupla;Reta;Sim;1;0;1;0;0;0;1;1;-5,225569;-37,336038;SPRF-RN;DEL04-RN;UOP01-DEL04-RN;;;
720038;21/09/2025;domingo;18:40:00;MA;230;1;BARAO DE GRAJAU;Ilumina��o deficiente;Tombamento;Com V�timas Feridas;Plena Noite;Decrescente;C�u Claro;Simples;Reta;Sim;1;0;0;1;0;0;1;1;-6,75497669;-43,01697761;SPRF-PI;DEL03-PI;UOP01-DEL03-PI;;;
720042;21/09/2025;domingo;20:00:00;SP;116;276;EMBU DAS ARTES;Trafegar com motocicleta (ou similar) entre as faixas;Colis�o traseira;Com V�timas Feridas;Plena Noite;Crescente;C�u Claro;Dupla;Reta;Sim;2;0;2;0;0;0;2;2;-23,62214753;-46,81371447;SPRF-SP;DEL04-SP;UOP01-DEL04-SP;;;
720043;21/09/2025;domingo;20:30:00;CE;116;166,1;RUSSAS;Ingest�o de �lcool pelo condutor;Colis�o traseira;Com V�timas Feridas;Plena Noite;Crescente;C�u Claro;Simples;Reta;N�o;4;0;1;0;3;0;1;2;-4,9158998;-37,9980549;SPRF-CE;DEL03-CE;UOP01-DEL03-CE;;;
720045;21/09/2025;domingo;19:50:00;RO;364;711;PORTO VELHO;Rea��o tardia ou ineficiente do condutor;Colis�o traseira;Com V�timas Feridas;Plena Noite;Decrescente;C�u Claro;Dupla;"Reta;Retorno Regulamentado";Sim;3;0;2;0;0;1;2;2;-8,8002768;-63,7618068;SPRF-RO;DEL01-RO;UOP01-DEL01-RO;;;
720046;21/09/2025;domingo;20:02:00;PR;376;223;CAMBIRA;Desrespeitar a prefer�ncia no cruzamento;Colis�o transversal;Com V�timas Feridas;Plena Noite;Crescente;Chuva;Simples;Interse��o de Vias;N�o;3;0;3;0;0;0;3;2;-23,59608205;-51,58046722;SPRF-PR;DEL07-PR;UOP03-DEL07-PR;;;
720047;21/09/2025;domingo;19:30:00;MG;381;147;GOVERNADOR VALADARES;Transitar na contram�o;Sa�da de leito carro��vel;Com V�timas Feridas;Plena Noite;Decrescente;C�u Claro;Simples;Interse��o de Vias;N�o;4;0;1;1;0;2;2;3;-18,84908246;-41,9839409;SPRF-MG;DEL06-MG;UOP01-DEL06-MG;;;
720048;21/09/2025;domingo;20:45:00;RS;392;27,4;RIO GRANDE;Rea��o tardia ou ineficiente do condutor;Sa�da de leito carro��vel;Sem V�timas;Plena Noite;Crescente;C�u Claro;Simples;Reta;Sim;2;0;0;0;1;1;0;2;-32,0679503;-52,2643972;SPRF-RS;DEL07-RS;UOP02-DEL07-RS;;;
720049;21/09/2025;domingo;18:55:00;PE;424;72;CAETES;Ilumina��o deficiente;Colis�o frontal;Sem V�timas;Plena Noite;Decrescente;C�u Claro;Simples;Reta;N�o;2;0;0;0;1;1;0;2;-8,78453;-36,61263;SPRF-PE;DEL03-PE;UOP01-DEL03-PE;;;
720050;21/09/2025;domingo;20:30:00;PE;101;28;IGARASSU;Acessar a via sem observar a presen�a dos outros ve�culos;Colis�o lateral mesmo sentido;Sem V�timas;Plena Noite;Crescente;C�u Claro;Dupla;Reta;N�o;2;0;0;0;1;1;0;2;-7,71556132;-34,93591659;SPRF-PE;DEL01-PE;UOP02-DEL01-PE;;;
720051;21/09/2025;domingo;17:03:00;MS;163;1;MUNDO NOVO;Transitar na contram�o;Colis�o frontal;Com V�timas Feridas;Pleno dia;Decrescente;C�u Claro;Simples;Reta;N�o;4;0;0;1;3;0;1;2;-24,037512;-54,2810678;SPRF-MS;DEL09-MS;UOP02-DEL09-MS;;;
720052;21/09/2025;domingo;20:30:00;MG;146;478,1;POCOS DE CALDAS;Velocidade Incompat�vel;Sa�da de leito carro��vel;Com V�timas Feridas;Plena Noite;Crescente;C�u Claro;Simples;Curva;N�o;1;0;1;0;0;0;1;1;-21,771398;-46,42158;SPRF-MG;DEL09-MG;UOP01-DEL09-MG;;;
720053;21/09/2025;domingo;20:15:00;RJ;101;318;SAO GONCALO;Aus�ncia de rea��o do condutor;Colis�o traseira;Com V�timas Feridas;Plena Noite;Crescente;C�u Claro;Dupla;Reta;N�o;3;0;1;0;2;0;1;2;-22,84574736;-43,09903599;SPRF-RJ;DEL02-RJ;UOP02-DEL02-RJ;;;
720054;21/09/2025;domingo;20:00:00;ES;262;26;VIANA;Velocidade Incompat�vel;Colis�o lateral sentido oposto;Com V�timas Feridas;Plena Noite;Crescente;C�u Claro;Simples;"Curva;Declive";N�o;4;0;2;0;2;0;2;2;-20,38249;-40,55027;SPRF-ES;DEL01-ES;UOP01-DEL01-ES;;;
720055;21/09/2025;domingo;20:55:00;MG;116;730,5;LARANJAL;Aus�ncia de rea��o do condutor;Colis�o traseira;Sem V�timas;Plena Noite;Decrescente;C�u Claro;Simples;Reta;Sim;3;0;0;0;2;1;0;3;-21,32205715;-42,44854616;SPRF-MG;DEL07-MG;UOP02-DEL07-MG;;;
720056;21/09/2025;domingo;21:00:00;BA;242;884;BARREIRAS;Transitar na contram�o;Colis�o frontal;Com V�timas Fatais;Plena Noite;Crescente;C�u Claro;Simples;Reta;N�o;3;1;1;0;1;0;1;2;-12,0701016;-45,55436325;SPRF-BA;DEL10-BA;UOP01-DEL10-BA;;;
720059;13/08/2025;quarta-feira;02:30:00;BA;418;23,9;CARAVELAS;Animais na Pista;Colis�o com objeto;Com V�timas Feridas;Plena Noite;Crescente;Ignorado;Simples;Reta;N�o;1;0;1;0;0;0;1;1;-17,634519;-39,338398;SPRF-BA;DEL09-BA;UOP02-DEL09-BA;;;