id;data_inversa;dia_semana;horario;uf;br;km;municipio;causa_acidente;tipo_acidente;classificacao_acidente;fase_dia;sentido_via;condicao_metereologica;tipo_pista;tracado_via;uso_solo;pessoas;mortos;feridos_leves;feridos_graves;ilesos;ignorados;feridos;veiculos;latitude;longitude;regional;delegacia;uop;;;
720177;22/09/2025;segunda-feira;09:15:00;RS;116;249;SAO LEOPOLDO;Acessar a via sem observar a presen�a dos outros ve�culos;Colis�o transversal;Com V�timas Feridas;Pleno dia;Crescente;Garoa/Chuvisco;M�ltipla;Curva;N�o;2;0;1;0;1;0;1;2;-29,777956;-51,156028;SPRF-RS;DEL01-RS;UOP02-DEL01-RS;;;
720178;22/09/2025;segunda-feira;06:30:00;PR;280;315;BARRACAO;Acesso irregular;Colis�o transversal;Com V�timas Feridas;Amanhecer;Crescente;Chuva;Simples;Reta;N�o;2;0;0;1;1;0;1;2;-26,29096128;-53,54412016;SPRF-PR;DEL02-PR;UOP01-DEL02-PR;;;
720179;22/09/2025;segunda-feira;07:35:00;BA;101;877;TEIXEIRA DE FREITAS;Acessar a via sem observar a presen�a dos outros ve�culos;Colis�o transversal;Com V�timas Feridas;Pleno dia;Decrescente;C�u Claro;Simples;"Reta;Interse��o de Vias";Sim;2;0;1;0;1;0;1;2;-17,543835;-39,71769;SPRF-BA;DEL09-BA;UOP02-DEL09-BA;;;
720181;22/09/2025;segunda-feira;07:30:00;BA;415;21;ILHEUS;Desrespeitar a prefer�ncia no cruzamento;Colis�o lateral mesmo sentido;Com V�timas Feridas;Pleno dia;Crescente;C�u Claro;Simples;Reta;N�o;2;0;1;0;1;0;1;2;-14,785623;-39,229282;SPRF-BA;DEL05-BA;UOP01-DEL05-BA;;;
720182;22/09/2025;segunda-feira;09:00:00;MG;381;173,8;GOVERNADOR VALADARES;Velocidade Incompat�vel;Sa�da de leito carro��vel;Com V�timas Feridas;Pleno dia;Decrescente;C�u Claro;Simples;Reta;N�o;3;0;3;0;0;0;3;1;-19,00584;-42,131801;SPRF-MG;DEL06-MG;UOP01-DEL06-MG;;;
720183;22/09/2025;segunda-feira;10:00:00;SC;101;125,7;ITAJAI;Acessar a via sem observar a presen�a dos outros ve�culos;Colis�o lateral mesmo sentido;Com V�timas Feridas;Pleno dia;Crescente;Chuva;Dupla;"Viaduto;Declive;Reta";Sim;2;0;1;0;1;0;1;2;-26,95291;-48,67957;SPRF-SC;DEL04-SC;UOP04-DEL04-SC;;;
720187;22/09/2025;segunda-feira;10:30:00;PB;104;138;QUEIMADAS;Condutor deixou de manter dist�ncia do ve�culo da frente;Colis�o traseira;Sem V�timas;Pleno dia;Decrescente;Sol;Simples;Reta;Sim;2;0;0;0;2;0;0;2;-7,347893;-35,900388;SPRF-PB;DEL02-PB;UOP03-DEL02-PB;;;
720188;22/09/2025;segunda-feira;10:00:00;RS;470;219;GARIBALDI;Rea��o tardia ou ineficiente do condutor;Colis�o lateral sentido oposto;Com V�timas Feridas;Pleno dia;Crescente;C�u Claro;Dupla;Reta;N�o;3;0;2;0;1;0;2;3;-29,1877229;-51,52150154;SPRF-RS;DEL06-RS;UOP01-DEL06-RS;;;
720189;22/09/2025;segunda-feira;09:30:00;MS;163;465;CAMPO GRANDE;Acumulo de �gua sobre o pavimento;Sa�da de leito carro��vel;Sem V�timas;Pleno dia;Crescente;Chuva;Simples;Reta;N�o;1;0;0;0;1;0;0;1;-20,5965824;-54,57998928;SPRF-MS;DEL01-MS;UOP01-DEL01-MS;;;
720194;22/09/2025;segunda-feira;09:30:00;RJ;101;485;ANGRA DOS REIS;Condutor deixou de manter dist�ncia do ve�culo da frente;Colis�o traseira;Com V�timas Feridas;Pleno dia;Decrescente;C�u Claro;Simples;Reta;N�o;2;0;1;0;1;0;1;2;-22,9895422;-44,241798;SPRF-RJ;DEL03-RJ;UOP03-DEL03-RJ;;;
720196;20/09/2025;s�bado;11:00:00;DF;60;0,1;BRASILIA;Suic�dio (presumido);Sinistro pessoal de tr�nsito;Com V�timas Feridas;Pleno dia;Decrescente;Sol;Dupla;"Interse��o de Vias;Reta";Sim;3;0;0;1;0;2;1;1;-15,88308326;-48,06072235;SPRF-DF;DEL03-DF;UOP01-DEL03-DF;;;
720197;22/09/2025;segunda-feira;12:00:00;MG;381;938,3;EXTREMA;Rea��o tardia ou ineficiente do condutor;Tombamento;Com V�timas Feridas;Pleno dia;Decrescente;Chuva;Dupla;"Curva;Retorno Regulamentado";N�o;1;0;0;1;0;0;1;1;-22,81641723;-46,29237413;SPRF-MG;DEL16-MG;UOP03-DEL16-MG;;;
720198;22/09/2025;segunda-feira;11:15:00;MT;70;290;PRIMAVERA DO LESTE;Aus�ncia de rea��o do condutor;Colis�o com objeto;Com V�timas Feridas;Pleno dia;Crescente;C�u Claro;Simples;Reta;N�o;1;0;1;0;0;0;1;1;-15,577456;-54,3787589;SPRF-MT;DEL05-MT;UOP01-DEL05-MT;;;
720199;22/09/2025;segunda-feira;11:20:00;MG;40;629,8;CONSELHEIRO LAFAIETE;Acessar a via sem observar a presen�a dos outros ve�culos;Colis�o transversal;Com V�timas Feridas;Pleno dia;Decrescente;C�u Claro;Simples;Curva;Sim;3;0;1;0;2;0;1;2;-20,66071;-43,80212;SPRF-MG;DEL05-MG;UOP02-DEL05-MG;;;
720200;22/09/2025;segunda-feira;12:01:00;RS;290;143;ELDORADO DO SUL;Acessar a via sem observar a presen�a dos outros ve�culos;Colis�o traseira;Com V�timas Feridas;Pleno dia;Decrescente;Nublado;Simples;"Declive;Interse��o de Vias;Reta";N�o;2;0;0;1;1;0;1;2;-30,09388593;-51,6392884;SPRF-RS;DEL02-RS;UOP01-DEL02-RS;;;
720201;22/09/2025;segunda-feira;12:45:00;MG;381;937,1;EXTREMA;Velocidade Incompat�vel;Colis�o lateral mesmo sentido;Com V�timas Feridas;Pleno dia;Decrescente;Chuva;Dupla;"Curva;Declive";N�o;3;0;2;0;1;0;2;2;-22,81242188;-46,28441334;SPRF-MG;DEL16-MG;UOP03-DEL16-MG;;;
720203;14/09/2025;domingo;00:30:00;GO;364;384;SANTA RITA DO ARAGUAIA;Aus�ncia de rea��o do condutor;Sa�da de leito carro��vel;Com V�timas Feridas;Plena Noite;Decrescente;C�u Claro;Simples;"Aclive;Reta";N�o;4;0;4;0;0;0;4;1;-17,337;-53,183;SPRF-GO;DEL05-GO;UOP01-DEL05-GO;;;
720204;22/09/2025;segunda-feira;12:25:00;SC;470;117,5;IBIRAMA;Rea��o tardia ou ineficiente do condutor;Colis�o com objeto;Com V�timas Feridas;Pleno dia;Crescente;Garoa/Chuvisco;Simples;"Curva;Declive";N�o;1;0;1;0;0;0;1;1;-27,082167;-49,511011;SPRF-SC;DEL04-SC;UOP02-DEL04-SC;;;
720205;22/09/2025;segunda-feira;12:20:00;PR;277;136;BALSA NOVA;Chuva;Colis�o traseira;Com V�timas Feridas;Pleno dia;Decrescente;Chuva;Simples;Curva;N�o;4;0;1;0;3;0;1;2;-25,467908;-49,627776;SPRF-PR;DEL03-PR;UOP03-DEL03-PR;;;
720207;22/09/2025;segunda-feira;08:30:00;MG;116;413;GOVERNADOR VALADARES;Aus�ncia de rea��o do condutor;Colis�o traseira;Com V�timas Feridas;Pleno dia;Crescente;Sol;Simples;Reta;Sim;2;0;1;0;1;0;1;2;-18,88095014;-41,95987701;SPRF-MG;DEL06-MG;UOP01-DEL06-MG;;;
720208;22/09/2025;segunda-feira;12:45:00;PB;230;13;CABEDELO;Aus�ncia de rea��o do condutor;Colis�o traseira;Com V�timas Feridas;Pleno dia;Decrescente;Sol;Dupla;Reta;N�o;2;0;1;0;1;0;1;2;-7,078675;-34,849203;SPRF-PB;DEL01-PB;UOP01-DEL01-PB;;;
720209;22/09/2025;segunda-feira;11:10:00;MG;116;409;GOVERNADOR VALADARES;Pedestre andava na pista;Atropelamento de Pedestre;Com V�timas Feridas;Pleno dia;Decrescente;Sol;Dupla;Curva;Sim;3;0;0;1;1;1;1;2;-18,87737676;-41,96434021;SPRF-MG;DEL06-MG;UOP01-DEL06-MG;;;
720211;22/09/2025;segunda-feira;11:00:00;PR;476;176;CONTENDA;Aus�ncia de rea��o do condutor;Sa�da de leito carro��vel;Sem V�timas;Pleno dia;Crescente;Chuva;Simples;Reta;N�o;1;0;0;0;0;1;0;1;-25,6961455;-49,5630482;SPRF-PR;DEL01-PR;UOP06-DEL01-PR;;;
720212;22/09/2025;segunda-feira;13:00:00;SP;381;75,5;SAO PAULO;Rea��o tardia ou ineficiente do condutor;Colis�o com objeto;Sem V�timas;Pleno dia;Crescente;Chuva;M�ltipla;Curva;N�o;1;0;0;0;1;0;0;1;-23,37603769;-46,56128302;SPRF-SP;DEL03-SP;UOP01-DEL03-SP;;;
720213;22/09/2025;segunda-feira;13:00:00;SC;470;60,3;BLUMENAU;Desrespeitar a prefer�ncia no cruzamento;Colis�o transversal;Com V�timas Feridas;Pleno dia;Decrescente;Nublado;Simples;"Reta;Em Obras";Sim;2;0;2;0;0;0;2;2;-26,88057421;-49,16771293;SPRF-SC;DEL04-SC;UOP01-DEL04-SC;;;
720214;22/09/2025;segunda-feira;09:45:00;PR;277;426;CANTAGALO;Avarias e/ou desgaste excessivo no pneu;Colis�o com objeto;Sem V�timas;Pleno dia;Crescente;Chuva;Simples;"Declive;Curva";N�o;1;0;0;0;1;0;0;1;-25,386225;-52,1656033;SPRF-PR;DEL04-PR;UOP02-DEL04-PR;;;
720215;22/09/2025;segunda-feira;11:30:00;RO;364;239,1;CACOAL;Condutor desrespeitou a ilumina��o vermelha do sem�foro;Colis�o transversal;Com V�timas Feridas;Pleno dia;Decrescente;C�u Claro;Simples;"Retorno Regulamentado;Interse��o de Vias;Reta";Sim;3;0;1;0;2;0;1;2;-11,433993;-61,463562;SPRF-RO;DEL02-RO;UOP02-DEL02-RO;;;
720217;22/09/2025;segunda-feira;13:40:00;ES;101;270;SERRA;Condutor deixou de manter dist�ncia do ve�culo da frente;Colis�o traseira;Com V�timas Feridas;Pleno dia;Crescente;C�u Claro;M�ltipla;Reta;Sim;4;0;1;0;3;0;1;2;-20,22996;-40,273005;SPRF-ES;DEL02-ES;UOP01-DEL02-ES;;;
720218;22/09/2025;segunda-feira;13:00:00;MG;50;77,2;UBERLANDIA;Acessar a via sem observar a presen�a dos outros ve�culos;Colis�o lateral mesmo sentido;Com V�timas Feridas;Pleno dia;Decrescente;Nublado;Dupla;Reta;Sim;3;0;0;1;1;1;1;3;-18,93660644;-48,21971146;SPRF-MG;DEL15-MG;UOP01-DEL15-MG;;;
720220;22/09/2025;segunda-feira;13:00:00;RJ;356;21;ITAPERUNA;Acessar a via sem observar a presen�a dos outros ve�culos;Colis�o traseira;Com V�timas Feridas;Pleno dia;Decrescente;C�u Claro;Simples;Reta;Sim;3;0;1;0;2;0;1;2;-21,17578636;-42,0063483;SPRF-RJ;DEL08-RJ;UOP03-DEL08-RJ;;;
720221;22/09/2025;segunda-feira;13:10:00;PR;369;217;JANDAIA DO SUL;Acessar a via sem observar a presen�a dos outros ve�culos;Colis�o transversal;Com V�timas Feridas;Pleno dia;Decrescente;Nublado;Simples;"Declive;Interse��o de Vias";Sim;2;0;1;0;1;0;1;2;-23,59520164;-51,64131967;SPRF-PR;DEL07-PR;UOP03-DEL07-PR;;;
720223;22/09/2025;segunda-feira;13:35:00;PE;423;91,2;GARANHUNS;Rea��o tardia ou ineficiente do condutor;Colis�o traseira;Com V�timas Feridas;Pleno dia;Crescente;C�u Claro;Simples;"Reta;Aclive";Sim;2;0;1;0;1;0;1;2;-8,855972;-36,463688;SPRF-PE;DEL03-PE;UOP01-DEL03-PE;;;
720225;19/09/2025;sexta-feira;15:00:00;SC;101;147;ITAPEMA;Rea��o tardia ou ineficiente do condutor;Colis�o traseira;Com V�timas Feridas;Pleno dia;Decrescente;C�u Claro;Dupla;Reta;Sim;2;0;1;0;1;0;1;2;-27,09871236;-48,61862183;SPRF-SC;DEL04-SC;UOP03-DEL04-SC;;;
720228;22/09/2025;segunda-feira;14:00:00;RJ;101;428;MANGARATIBA;Retorno proibido;Colis�o lateral mesmo sentido;Com V�timas Feridas;Pleno dia;Crescente;C�u Claro;Simples;Aclive;Sim;2;0;0;1;1;0;1;2;-22,93778233;-44,00477305;SPRF-RJ;DEL03-RJ;UOP02-DEL03-RJ;;;
720231;22/09/2025;segunda-feira;07:30:00;MG;381;924,6;CAMANDUCAIA;Velocidade Incompat�vel;Sa�da de leito carro��vel;Com V�timas Feridas;Pleno dia;Crescente;Chuva;Dupla;Curva;N�o;1;0;1;0;0;0;1;1;-22,77024603;-46,19386196;SPRF-MG;DEL16-MG;UOP03-DEL16-MG;;;
720233;22/09/2025;segunda-feira;12:00:00;PR;373;415;FOZ DO JORDAO;Desrespeitar a prefer�ncia no cruzamento;Colis�o transversal;Com V�timas Feridas;Pleno dia;Crescente;C�u Claro;Simples;"Declive;Reta";Sim;5;0;3;0;2;0;3;2;-25,67284;-52,12472;SPRF-PR;DEL08-PR;UOP01-DEL08-PR;;;
720234;22/08/2025;sexta-feira;07:25:00;MG;251;481,9;FRANCISCO SA;Acessar a via sem observar a presen�a dos outros ve�culos;Colis�o lateral mesmo sentido;Com V�timas Feridas;Pleno dia;Decrescente;C�u Claro;Simples;Reta;Sim;2;0;0;1;1;0;1;2;-16,479162;-43,50266;SPRF-MG;DEL12-MG;UOP01-DEL12-MG;;;
720235;22/09/2025;segunda-feira;14:15:00;GO;40;8;VALPARAISO DE GOIAS;Manobra de mudan�a de faixa;Colis�o lateral mesmo sentido;Sem V�timas;Pleno dia;Decrescente;C�u Claro;Dupla;Reta;Sim;2;0;0;0;2;0;0;2;-16,115292;-47,967803;SPRF-DF;DEL01-DF;UOP01-DEL01-DF;;;
720236;22/09/2025;segunda-feira;14:00:00;SP;116;550;BARRA DO TURVO;Chuva;Tombamento;Com V�timas Feridas;Pleno dia;Decrescente;C�u Claro;M�ltipla;"Curva;Aclive";N�o;2;0;2;0;0;0;2;1;-24,96569093;-48,46287601;SPRF-SP;DEL05-SP;UOP02-DEL05-SP;;;
720237;22/09/2025;segunda-feira;10:50:00;MT;163;751;SORRISO;Rea��o tardia ou ineficiente do condutor;Colis�o lateral mesmo sentido;Com V�timas Feridas;Pleno dia;Crescente;Nublado;Dupla;Retorno Regulamentado;Sim;2;0;0;1;1;0;1;2;-12,57208419;-55,7269147;SPRF-MT;DEL06-MT;UOP01-DEL06-MT;;;
720239;22/09/2025;segunda-feira;14:15:00;PE;232;15,4;JABOATAO DOS GUARARAPES;Condutor Dormindo;Sa�da de leito carro��vel;Com V�timas Feridas;Pleno dia;Decrescente;Sol;Dupla;Curva;N�o;1;0;1;0;0;0;1;1;-8,093735;-35,031798;SPRF-PE;DEL01-PE;UOP01-DEL01-PE;;;
720241;03/08/2025;domingo;18:19:00;PB;230;55;CRUZ DO ESPIRITO SANTO;Aus�ncia de rea��o do condutor;Sa�da de leito carro��vel;Sem V�timas;Plena Noite;Crescente;Chuva;Dupla;Reta;N�o;1;0;0;0;0;1;0;1;-7,201967;-35,100993;SPRF-PB;DEL01-PB;UOP02-DEL01-PB;;;
720243;22/09/2025;segunda-feira;14:30:00;GO;20;200;POSSE;Rea��o tardia ou ineficiente do condutor;Capotamento;Sem V�timas;Pleno dia;Crescente;C�u Claro;Simples;Curva;N�o;1;0;0;0;1;0;0;1;-14,311825;-46,448295;SPRF-DF;DEL02-DF;UOP03-DEL02-DF;;;
720244;22/09/2025;segunda-feira;14:30:00;SC;101;97,8;BALNEARIO PICARRAS;Condutor deixou de manter dist�ncia do ve�culo da frente;Colis�o lateral mesmo sentido;Com V�timas Feridas;Pleno dia;Decrescente;Sol;M�ltipla;"Reta;Interse��o de Vias";Sim;2;0;1;0;1;0;1;2;-26,73819161;-48,69875399;SPRF-SC;DEL03-SC;UOP02-DEL03-SC;;;
720247;22/09/2025;segunda-feira;13:30:00;SC;280;21;ARAQUARI;Condutor deixou de manter dist�ncia do ve�culo da frente;Colis�o traseira;Sem V�timas;Pleno dia;Decrescente;Chuva;Simples;Reta;N�o;2;0;0;0;2;0;0;2;-26,38658371;-48,72966099;SPRF-SC;DEL03-SC;UOP03-DEL03-SC;;;
720249;07/08/2025;quinta-feira;22:25:00;GO;40;11;LUZIANIA;Pedestre cruzava a pista fora da faixa;Atropelamento de Pedestre;Com V�timas Fatais;Plena Noite;Decrescente;C�u Claro;Dupla;Reta;Sim;3;2;0;0;1;0;0;2;-16,14898798;-47,94180393;SPRF-DF;DEL01-DF;UOP01-DEL01-DF;;;
720250;22/09/2025;segunda-feira;15:07:00;RS;116;247,6;SAO LEOPOLDO;Convers�o proibida;Colis�o transversal;Com V�timas Feridas;Pleno dia;Crescente;C�u Claro;M�ltipla;"Viaduto;Reta;Interse��o de Vias";Sim;2;0;1;0;1;0;1;2;-29,77265096;-51,15435668;SPRF-RS;DEL01-RS;UOP02-DEL01-RS;;;
720252;22/09/2025;segunda-feira;14:00:00;RJ;116;148;DUQUE DE CAXIAS;Demais falhas mec�nicas ou el�tricas;Tombamento;Com V�timas Feridas;Pleno dia;Decrescente;Nublado;Dupla;"Curva;Aclive";Sim;2;0;2;0;0;0;2;1;-22,67262068;-43,28436731;SPRF-RJ;DEL01-RJ;UOP02-DEL01-RJ;;;
720255;22/09/2025;segunda-feira;15:00:00;SP;381;43;ATIBAIA;Rea��o tardia ou ineficiente do condutor;Capotamento;Com V�timas Feridas;Pleno dia;Crescente;Chuva;Dupla;Reta;Sim;1;0;0;1;0;0;1;1;-23,15658799;-46,57278299;SPRF-SP;DEL03-SP;UOP01-DEL03-SP;;;
720256;22/09/2025;segunda-feira;11:00:00;SC;282;89;ALFREDO WAGNER;Velocidade Incompat�vel;Sa�da de leito carro��vel;Com V�timas Feridas;Pleno dia;Crescente;Chuva;Simples;Curva;N�o;1;0;1;0;0;0;1;1;-27,67173622;-49,20782503;SPRF-SC;DEL01-SC;UOP03-DEL01-SC;;;
720258;22/09/2025;segunda-feira;13:50:00;RJ;101;315;SAO GONCALO;Demais falhas mec�nicas ou el�tricas;Capotamento;Com V�timas Feridas;Pleno dia;Decrescente;C�u Claro;Simples;Reta;Sim;1;0;1;0;0;0;1;1;-22,7934208;-43,0211072;SPRF-RJ;DEL02-RJ;UOP02-DEL02-RJ;;;
720260;22/09/2025;segunda-feira;15:45:00;SP;381;71;MAIRIPORA;Chuva;Sa�da de leito carro��vel;Com V�timas Feridas;Pleno dia;Decrescente;Chuva;Dupla;Curva;N�o;1;0;1;0;0;0;1;1;-23,35417468;-46,57040119;SPRF-SP;DEL03-SP;UOP01-DEL03-SP;;;
720261;22/09/2025;segunda-feira;14:47:00;PB;104;107;SAO SEBASTIAO DE LAGOA DE  ROCA;Condutor deixou de manter dist�ncia do ve�culo da frente;Colis�o com objeto;Sem V�timas;Pleno dia;Decrescente;C�u Claro;Simples;Reta;Sim;2;0;0;0;1;1;0;2;-7,1036307;-35,8663915;SPRF-PB;DEL02-PB;UOP04-DEL02-PB;;;
720264;22/09/2025;segunda-feira;07:40:00;MG;381;941;EXTREMA;Rea��o tardia ou ineficiente do condutor;Capotamento;Com V�timas Feridas;Pleno dia;Crescente;Chuva;Dupla;Curva;N�o;4;0;2;1;1;0;3;1;-22,82613809;-46,31349921;SPRF-MG;DEL16-MG;UOP03-DEL16-MG;;;
720265;22/09/2025;segunda-feira;15:45:00;PR;116;17;CURITIBA;Velocidade Incompat�vel;Colis�o com objeto;Sem V�timas;Pleno dia;Crescente;Nublado;Dupla;Reta;Sim;1;0;0;0;1;0;0;1;-25,38896018;-49,19973032;SPRF-PR;DEL01-PR;UOP02-DEL01-PR;;;
720266;22/09/2025;segunda-feira;10:30:00;PR;476;75,9;RIO BRANCO DO SUL;Velocidade Incompat�vel;Colis�o frontal;Com V�timas Feridas;Pleno dia;Decrescente;Chuva;Simples;"Declive;Curva";N�o;3;0;1;0;2;0;1;2;-25,1014213;-49,10862772;SPRF-PR;DEL01-PR;UOP01-DEL01-PR;;;
720267;22/09/2025;segunda-feira;16:20:00;MG;40;518,3;RIBEIRAO DAS NEVES;Aus�ncia de rea��o do condutor;Tombamento;Com V�timas Feridas;Pleno dia;Decrescente;Nublado;Dupla;Reta;Sim;1;0;1;0;0;0;1;1;-19,83459021;-44,08040911;SPRF-MG;DEL01-MG;UOP02-DEL01-MG;;;
720269;22/09/2025;segunda-feira;16:10:00;RN;101;104;PARNAMIRIM;Manobra de mudan�a de faixa;Colis�o lateral mesmo sentido;Com V�timas Feridas;Pleno dia;Decrescente;C�u Claro;Dupla;Curva;Sim;3;0;2;0;1;0;2;2;-5,89259512;-35,25703518;SPRF-RN;DEL01-RN;UOP01-DEL01-RN;;;
720271;22/09/2025;segunda-feira;16:05:00;RJ;116;111;MAGE;Pista Escorregadia;Tombamento;Com V�timas Feridas;Pleno dia;Decrescente;C�u Claro;Simples;Reta;Sim;1;0;1;0;0;0;1;1;-22,6623488;-43,0866432;SPRF-RJ;DEL04-RJ;UOP02-DEL04-RJ;;;
720273;22/09/2025;segunda-feira;16:49:00;RN;101;83;SAO GONCALO DO AMARANTE;Entrada inopinada do pedestre;Atropelamento de Pedestre;Com V�timas Feridas;Anoitecer;Crescente;C�u Claro;Dupla;Reta;Sim;2;0;2;0;0;0;2;2;-5,772083;-35,263915;SPRF-RN;DEL02-RN;UOP01-DEL02-RN;;;
720274;22/09/2025;segunda-feira;13:55:00;MT;70;1,1;BARRA DO GARCAS;Rea��o tardia ou ineficiente do condutor;Colis�o transversal;Com V�timas Feridas;Pleno dia;Crescente;C�u Claro;Simples;Reta;N�o;2;0;1;0;1;0;1;2;-15,88963;-52,264694;SPRF-MT;DEL07-MT;UOP01-DEL07-MT;;;
720277;22/09/2025;segunda-feira;15:45:00;MG;381;697,4;LAVRAS;Chuva;Sa�da de leito carro��vel;Com V�timas Feridas;Pleno dia;Crescente;Chuva;Dupla;Curva;N�o;1;0;1;0;0;0;1;1;-21,261383;-45,139995;SPRF-MG;DEL04-MG;UOP02-DEL04-MG;;;
720280;22/09/2025;segunda-feira;14:45:00;MG;365;416;PATOS DE MINAS;Avarias e/ou desgaste excessivo no pneu;Sa�da de leito carro��vel;Com V�timas Feridas;Pleno dia;Crescente;Chuva;Simples;"Declive;Reta";N�o;2;0;0;2;0;0;2;1;-18,677132;-46,549292;SPRF-MG;DEL10-MG;UOP01-DEL10-MG;;;
720283;22/09/2025;segunda-feira;15:45:00;PR;277;198;PALMEIRA;Velocidade Incompat�vel;Sa�da de leito carro��vel;Sem V�timas;Pleno dia;Crescente;Nublado;Simples;"Reta;Aclive";N�o;1;0;0;0;1;0;0;1;-25,464338;-50,230169;SPRF-PR;DEL08-PR;UOP02-DEL08-PR;;;
720284;22/09/2025;segunda-feira;16:07:00;SC;282;24,8;SANTO AMARO DA IMPERATRIZ;Desrespeitar a prefer�ncia no cruzamento;Colis�o transversal;Com V�timas Feridas;Pleno dia;Crescente;Chuva;Simples;"Reta;Interse��o de Vias;Viaduto";Sim;2;0;0;1;1;0;1;2;-27,67811078;-48,75125304;SPRF-SC;DEL01-SC;UOP03-DEL01-SC;;;
720285;06/08/2025;quarta-feira;10:53:00;BA;324;517,5;FEIRA DE SANTANA;Rea��o tardia ou ineficiente do condutor;Colis�o traseira;Com V�timas Feridas;Pleno dia;Crescente;C�u Claro;Simples;Reta;Sim;3;0;1;0;0;2;1;3;-12,26716854;-38,93355506;SPRF-BA;DEL02-BA;UOP01-DEL02-BA;;;
720287;22/09/2025;segunda-feira;15:10:00;RJ;465;21;NOVA IGUACU;Rea��o tardia ou ineficiente do condutor;Colis�o frontal;Com V�timas Feridas;Pleno dia;Crescente;Chuva;Simples;Reta;Sim;2;0;1;0;1;0;1;2;-22,8575469;-43,602321;SPRF-RJ;DEL06-RJ;UOP02-DEL06-RJ;;;
720289;22/09/2025;segunda-feira;15:40:00;MT;174;3;PONTES E LACERDA;Acumulo de �leo sobre o pavimento;Tombamento;Com V�timas Feridas;Pleno dia;Decrescente;Sol;Simples;Reta;Sim;1;0;1;0;0;0;1;1;-15,24098352;-59,33525831;SPRF-MT;DEL04-MT;UOP01-DEL04-MT;;;
720290;22/09/2025;segunda-feira;18:05:00;CE;116;21;EUSEBIO;Objeto est�tico sobre o leito carro��vel;Colis�o com objeto;Sem V�timas;Plena Noite;Decrescente;C�u Claro;M�ltipla;Reta;N�o;1;0;0;0;1;0;0;1;-3,91715055;-38,50697273;SPRF-CE;DEL01-CE;UOP02-DEL01-CE;;;
720291;22/09/2025;segunda-feira;14:00:00;MG;116;675,5;MIRADOURO;Acessar a via sem observar a presen�a dos outros ve�culos;Colis�o transversal;Com V�timas Fatais;Pleno dia;Decrescente;C�u Claro;Simples;Reta;N�o;4;1;0;0;1;2;0;3;-20,91114673;-42,34939814;SPRF-MG;DEL07-MG;UOP02-DEL07-MG;;;
720293;22/09/2025;segunda-feira;16:00:00;GO;153;525;HIDROLANDIA;Aus�ncia de rea��o do condutor;Sa�da de leito carro��vel;Com V�timas Feridas;Pleno dia;Crescente;C�u Claro;Dupla;Reta;N�o;2;0;0;1;1;0;1;1;-17,03085331;-49,22355652;SPRF-GO;DEL01-GO;UOP03-DEL01-GO;;;
720294;22/09/2025;segunda-feira;16:50:00;ES;259;49,9;COLATINA;Transitar na contram�o;Colis�o frontal;Com V�timas Feridas;Pleno dia;Crescente;Ignorado;Simples;Reta;N�o;2;0;0;1;1;0;1;2;-19,50527784;-40,61129809;SPRF-ES;DEL02-ES;UOP01-DEL02-ES;;;
720295;22/09/2025;segunda-feira;16:20:00;SC;282;43,8;AGUAS MORNAS;Aus�ncia de rea��o do condutor;Sa�da de leito carro��vel;Com V�timas Feridas;Pleno dia;Crescente;Chuva;Simples;Curva;N�o;3;0;3;0;0;0;3;1;-27,72240654;-48,90676685;SPRF-SC;DEL01-SC;UOP03-DEL01-SC;;;
720302;22/09/2025;segunda-feira;18:30:00;GO;153;492;GOIANIA;Defici�ncia do Sistema de Ilumina��o/Sinaliza��o;Tombamento;Com V�timas Feridas;Plena Noite;Decrescente;C�u Claro;Dupla;Reta;Sim;1;0;1;0;0;0;1;1;-16,63221823;-49,20496915;SPRF-GO;DEL01-GO;UOP01-DEL01-GO;;;
720304;22/09/2025;segunda-feira;16:00:00;RJ;101;407;ITAGUAI;Condutor deixou de manter dist�ncia do ve�culo da frente;Colis�o traseira;Com V�timas Feridas;Anoitecer;Decrescente;Nublado;Dupla;Reta;Sim;7;0;2;0;5;0;2;2;-22,8589361;-43,7591107;SPRF-RJ;DEL03-RJ;UOP01-DEL03-RJ;;;
720305;22/09/2025;segunda-feira;17:25:00;PR;376;597,6;CURITIBA;Rea��o tardia ou ineficiente do condutor;Sa�da de leito carro��vel;Com V�timas Feridas;Anoitecer;Crescente;Nublado;Dupla;Reta;Sim;2;0;2;0;0;0;2;1;-25,484422;-49,347738;SPRF-PR;DEL01-PR;UOP03-DEL01-PR;;;
720307;22/09/2025;segunda-feira;16:45:00;PA;10;354;SANTA MARIA DO PARA;Acessar a via sem observar a presen�a dos outros ve�culos;Colis�o transversal;Com V�timas Feridas;Pleno dia;Decrescente;Sol;Simples;Reta;Sim;2;0;0;1;1;0;1;2;-1,340487;-47,580067;SPRF-PA;DEL01-PA;UOP02-DEL01-PA;;;
720308;22/09/2025;segunda-feira;18:00:00;MG;381;705;LAVRAS;Chuva;Colis�o com objeto;Com V�timas Feridas;Plena Noite;Decrescente;Chuva;Dupla;Reta;N�o;4;0;4;0;0;0;4;1;-21,2490622;-45,13595581;SPRF-MG;DEL04-MG;UOP02-DEL04-MG;;;