id;data_inversa;dia_semana;horario;uf;br;km;municipio;causa_acidente;tipo_acidente;classificacao_acidente;fase_dia;sentido_via;condicao_metereologica;tipo_pista;tracado_via;uso_solo;pessoas;mortos;feridos_leves;feridos_graves;ilesos;ignorados;feridos;veiculos;latitude;longitude;regional;delegacia;uop;;;
720310;10/09/2025;quarta-feira;10:30:00;PR;153;308;IMBITUVA;Aus�ncia de rea��o do condutor;Colis�o frontal;Com V�timas Fatais;Pleno dia;Decrescente;C�u Claro;Simples;Reta;N�o;6;1;0;4;0;1;4;3;-25,27966;-50,639812;SPRF-PR;DEL08-PR;UOP02-DEL08-PR;;;
720311;22/09/2025;segunda-feira;18:15:00;RJ;101;318;SAO GONCALO;Frear bruscamente;Colis�o traseira;Com V�timas Feridas;Plena Noite;Decrescente;Chuva;Dupla;Reta;Sim;3;0;1;0;2;0;1;2;-22,85238091;-43,10060905;SPRF-RJ;DEL02-RJ;UOP02-DEL02-RJ;;;
720312;22/09/2025;segunda-feira;18:30:00;BA;110;290;INHAMBUPE;Pedestre andava na pista;Atropelamento de Pedestre;Com V�timas Feridas;Plena Noite;Crescente;C�u Claro;Simples;"Reta;Declive";Sim;2;0;0;1;0;1;1;2;-11,802096;-38,350937;SPRF-BA;DEL01-BA;UOP04-DEL01-BA;;;
720313;22/09/2025;segunda-feira;18:30:00;RJ;101;304;SAO GONCALO;Rea��o tardia ou ineficiente do condutor;Queda de ocupante de ve�culo;Com V�timas Feridas;Plena Noite;Decrescente;Chuva;Dupla;Reta;Sim;1;0;1;0;0;0;1;1;-22,78396318;-42,9817731;SPRF-RJ;DEL02-RJ;UOP02-DEL02-RJ;;;
720314;22/09/2025;segunda-feira;18:20:00;MG;116;424,7;ALPERCATA;Rea��o tardia ou ineficiente do condutor;Atropelamento de Pedestre;Com V�timas Feridas;Plena Noite;Crescente;C�u Claro;Simples;Curva;N�o;2;0;1;1;0;0;2;2;-18,960958;-41,970215;SPRF-MG;DEL06-MG;UOP01-DEL06-MG;;;
720316;22/09/2025;segunda-feira;08:00:00;RJ;101;280;ITABORAI;Demais falhas mec�nicas ou el�tricas;Inc�ndio;Sem V�timas;Pleno dia;Crescente;C�u Claro;Dupla;Reta;N�o;1;0;0;0;1;0;0;1;-22,73833347;-42,77281702;SPRF-RJ;DEL02-RJ;UOP02-DEL02-RJ;;;
720317;22/09/2025;segunda-feira;16:30:00;MG;116;229;TEOFILO OTONI;Transitar na contram�o;Colis�o lateral sentido oposto;Com V�timas Feridas;Anoitecer;Crescente;C�u Claro;Simples;Reta;N�o;3;0;1;0;2;0;1;2;-17,482284;-41,493075;SPRF-MG;DEL11-MG;UOP01-DEL11-MG;;;
720318;22/09/2025;segunda-feira;18:40:00;MA;10;250,6;IMPERATRIZ;Desrespeitar a prefer�ncia no cruzamento;Colis�o transversal;Com V�timas Feridas;Plena Noite;Crescente;C�u Claro;Simples;"Retorno Regulamentado;Reta;Interse��o de Vias";Sim;3;0;1;0;2;0;1;2;-5,543094;-47,464569;SPRF-MA;DEL04-MA;UOP01-DEL04-MA;;;
720319;22/09/2025;segunda-feira;20:10:00;GO;50;278,5;CATALAO;Aus�ncia de rea��o do condutor;Queda de ocupante de ve�culo;Com V�timas Feridas;Plena Noite;Crescente;Chuva;Dupla;"Reta;Em Obras";Sim;1;0;0;1;0;0;1;1;-18,17280595;-47,92654753;SPRF-GO;DEL06-GO;UOP01-DEL06-GO;;;
720321;22/09/2025;segunda-feira;19:00:00;BA;101;709;EUNAPOLIS;Pedestre cruzava a pista fora da faixa;Atropelamento de Pedestre;Com V�timas Feridas;Plena Noite;Crescente;C�u Claro;Simples;Reta;N�o;2;0;0;2;0;0;2;2;-16,316;-39,598;SPRF-BA;DEL09-BA;UOP01-DEL09-BA;;;
720322;22/09/2025;segunda-feira;18:40:00;SP;153;161;PROMISSAO;Demais falhas mec�nicas ou el�tricas;Eventos at�picos;Com V�timas Feridas;Plena Noite;Decrescente;Garoa/Chuvisco;Simples;Reta;N�o;2;0;2;0;0;0;2;2;-21,51959145;-49,77883665;SPRF-SP;DEL07-SP;UOP01-DEL07-SP;;;
720323;22/09/2025;segunda-feira;18:10:00;SC;101;311,8;LAGUNA;Desrespeitar a prefer�ncia no cruzamento;Colis�o transversal;Com V�timas Feridas;Anoitecer;Decrescente;Nublado;M�ltipla;Interse��o de Vias;Sim;2;0;2;0;0;0;2;2;-28,44120866;-48,82229839;SPRF-SC;DEL02-SC;UOP01-DEL02-SC;;;
720324;22/09/2025;segunda-feira;20:05:00;ES;101;379,9;ICONHA;Aus�ncia de rea��o do condutor;Colis�o transversal;Com V�timas Feridas;Plena Noite;Crescente;Nublado;Simples;Curva;N�o;2;0;2;0;0;0;2;2;-20,80603192;-40,8319637;SPRF-ES;DEL03-ES;UOP01-DEL03-ES;;;
720325;22/09/2025;segunda-feira;19:30:00;PB;230;504;CAJAZEIRAS;Animais na Pista;Atropelamento de Animal;Com V�timas Feridas;Plena Noite;Crescente;C�u Claro;Simples;Reta;N�o;2;0;1;1;0;0;2;1;-6,89699268;-38,57480267;SPRF-PB;DEL03-PB;UOP03-DEL03-PB;;;
720326;22/09/2025;segunda-feira;17:45:00;PR;369;504,9;CASCAVEL;Entrada inopinada do pedestre;Atropelamento de Pedestre;Com V�timas Fatais;Pleno dia;Crescente;C�u Claro;Simples;Reta;Sim;6;2;1;0;3;0;1;2;-24,94;-53,397;SPRF-PR;DEL04-PR;UOP01-DEL04-PR;;;
720327;22/09/2025;segunda-feira;14:30:00;PE;423;167,3;AGUAS BELAS;Mal s�bito do condutor;Queda de ocupante de ve�culo;Com V�timas Fatais;Pleno dia;Decrescente;Sol;Simples;Reta;N�o;1;1;0;0;0;0;0;1;-9,12732815;-37,02422015;SPRF-AL;DEL03-AL;UOP02-DEL03-AL;;;
720328;22/09/2025;segunda-feira;17:55:00;MG;262;432,6;NOVA SERRANA;Aus�ncia de rea��o do condutor;Engavetamento;Com V�timas Feridas;Anoitecer;Crescente;Chuva;Dupla;"Declive;Curva";Sim;5;0;2;0;3;0;2;4;-19,8818;-44,92572;SPRF-MG;DEL08-MG;UOP03-DEL08-MG;;;
720329;22/09/2025;segunda-feira;18:05:00;MT;163;845,9;SINOP;Afundamento ou ondula��o no pavimento;Queda de ocupante de ve�culo;Com V�timas Feridas;Plena Noite;Crescente;Nublado;Simples;"Em Obras;Reta";N�o;1;0;1;0;0;0;1;1;-11,76608;-55,47047;SPRF-MT;DEL06-MT;UOP02-DEL06-MT;;;
720330;22/09/2025;segunda-feira;18:35:00;MT;163;846;SINOP;Afundamento ou ondula��o no pavimento;Queda de ocupante de ve�culo;Com V�timas Feridas;Plena Noite;Crescente;Nublado;Simples;"Reta;Em Obras";N�o;2;0;2;0;0;0;2;1;-11,764045;-55,470021;SPRF-MT;DEL06-MT;UOP02-DEL06-MT;;;
720332;22/09/2025;segunda-feira;16:30:00;MG;381;909;CAMANDUCAIA;Acessar a via sem observar a presen�a dos outros ve�culos;Colis�o traseira;Sem V�timas;Pleno dia;Decrescente;Nublado;Dupla;"Aclive;Retorno Regulamentado;Reta";N�o;3;0;0;0;3;0;0;2;-22,68582554;-46,10214114;SPRF-MG;DEL16-MG;UOP03-DEL16-MG;;;
720333;22/09/2025;segunda-feira;19:20:00;AL;104;87;RIO LARGO;Rea��o tardia ou ineficiente do condutor;Colis�o transversal;Com V�timas Feridas;Plena Noite;Crescente;C�u Claro;Dupla;"Retorno Regulamentado;Reta";Sim;3;0;1;0;2;0;1;2;-9,468906;-35,824253;SPRF-AL;DEL01-AL;UOP01-DEL01-AL;;;
720335;08/09/2025;segunda-feira;14:00:00;RO;429;141,2;SAO MIGUEL DO GUAPORE;Aus�ncia de rea��o do condutor;Sa�da de leito carro��vel;Com V�timas Fatais;Pleno dia;Crescente;C�u Claro;Simples;Reta;N�o;6;2;0;3;0;1;3;2;-11,760104;-62,894053;SPRF-RO;DEL02-RO;UOP03-DEL02-RO;;;
720336;22/09/2025;segunda-feira;21:10:00;RN;101;78;NATAL;Aus�ncia de rea��o do condutor;Colis�o lateral mesmo sentido;Sem V�timas;Plena Noite;Decrescente;C�u Claro;Dupla;Reta;Sim;2;0;0;0;2;0;0;2;-5,74245248;-35,29002192;SPRF-RN;DEL02-RN;UOP01-DEL02-RN;;;
720338;22/09/2025;segunda-feira;13:20:00;PR;376;444;TIBAGI;Aus�ncia de rea��o do condutor;Colis�o com objeto;Com V�timas Feridas;Pleno dia;Crescente;Nublado;Simples;Curva;N�o;2;0;2;0;0;0;2;1;-24,876548;-50,442659;SPRF-PR;DEL03-PR;UOP02-DEL03-PR;;;
720339;22/09/2025;segunda-feira;18:30:00;AC;364;137;RIO BRANCO;Desrespeitar a prefer�ncia no cruzamento;Colis�o transversal;Com V�timas Feridas;Plena Noite;Decrescente;C�u Claro;Dupla;Rotat�ria;Sim;2;0;0;1;1;0;1;2;-9,96929442;-67,85259247;SPRF-AC;DEL01-AC;UOP01-DEL01-AC;;;
720342;22/09/2025;segunda-feira;17:35:00;RO;364;342,7;JI-PARANA;Condutor desrespeitou a ilumina��o vermelha do sem�foro;Colis�o transversal;Com V�timas Feridas;Pleno dia;Decrescente;Nublado;Dupla;Interse��o de Vias;Sim;2;0;1;1;0;0;2;2;-10,87893735;-61,94499342;SPRF-RO;DEL02-RO;UOP01-DEL02-RO;;;
720343;22/09/2025;segunda-feira;20:00:00;SC;470;3;NAVEGANTES;Aus�ncia de rea��o do condutor;Colis�o traseira;Com V�timas Feridas;Pleno dia;Crescente;Nublado;Dupla;"Reta;Em Obras";N�o;3;0;0;2;0;1;2;2;-26,87214129;-48,67125884;SPRF-SC;DEL04-SC;UOP04-DEL04-SC;;;
720345;22/09/2025;segunda-feira;19:20:00;SC;101;105;PENHA;Rea��o tardia ou ineficiente do condutor;Tombamento;Com V�timas Feridas;Plena Noite;Crescente;Nublado;Simples;"Retorno Regulamentado;Curva";N�o;1;0;1;0;0;0;1;1;-26,80779752;-48,68181316;SPRF-SC;DEL03-SC;UOP02-DEL03-SC;;;
720347;22/09/2025;segunda-feira;22:00:00;ES;101;58;SAO MATEUS;Rea��o tardia ou ineficiente do condutor;Colis�o traseira;Com V�timas Feridas;Plena Noite;Decrescente;C�u Claro;Simples;Reta;N�o;2;0;1;0;0;1;1;2;-18,65416;-39,871907;SPRF-ES;DEL04-ES;UOP02-DEL04-ES;;;
720348;22/09/2025;segunda-feira;18:10:00;MG;459;75,1;SENADOR JOSE BENTO;Velocidade Incompat�vel;Sa�da de leito carro��vel;Com V�timas Feridas;Anoitecer;Decrescente;Chuva;Simples;"Curva;Aclive";N�o;2;0;2;0;0;0;2;1;-22,13545833;-46,1478138;SPRF-MG;DEL09-MG;UOP01-DEL09-MG;;;
720350;22/09/2025;segunda-feira;22:00:00;CE;222;221;SOBRAL;Animais na Pista;Atropelamento de Animal;Com V�timas Feridas;Plena Noite;Decrescente;C�u Claro;Simples;Reta;N�o;2;0;2;0;0;0;2;1;-3,71834065;-40,33293486;SPRF-CE;DEL04-CE;UOP01-DEL04-CE;;;
720351;22/09/2025;segunda-feira;23:10:00;PR;277;588;CASCAVEL;Pedestre andava na pista;Atropelamento de Pedestre;Com V�timas Feridas;Plena Noite;Crescente;C�u Claro;Simples;"Reta;Aclive";N�o;2;0;0;1;1;0;1;2;-24,97349303;-53,43759656;SPRF-PR;DEL04-PR;UOP01-DEL04-PR;;;
720353;22/09/2025;segunda-feira;17:00:00;MG;365;626,7;UBERLANDIA;Acessar a via sem observar a presen�a dos outros ve�culos;Colis�o lateral mesmo sentido;Com V�timas Feridas;Pleno dia;Crescente;Nublado;Dupla;"Aclive;Interse��o de Vias;Reta";Sim;2;0;0;1;1;0;1;2;-18,90501219;-48,33884446;SPRF-MG;DEL15-MG;UOP01-DEL15-MG;;;
720358;22/09/2025;segunda-feira;21:40:00;PR;116;14,8;CAMPINA GRANDE DO SUL;Velocidade Incompat�vel;Sa�da de leito carro��vel;Com V�timas Fatais;Plena Noite;Crescente;Garoa/Chuvisco;Dupla;Curva;N�o;3;1;0;2;0;0;2;1;-25,098325;-48,68105;SPRF-PR;DEL01-PR;UOP02-DEL01-PR;;;
720360;22/09/2025;segunda-feira;22:32:00;RJ;465;18;NOVA IGUACU;Aus�ncia de rea��o do condutor;Queda de ocupante de ve�culo;Com V�timas Feridas;Plena Noite;Decrescente;Nublado;Simples;Reta;Sim;1;0;1;0;0;0;1;1;-22,82587558;-43,61832825;SPRF-RJ;DEL06-RJ;UOP02-DEL06-RJ;;;
720361;22/09/2025;segunda-feira;23:15:00;PB;101;77;SANTA RITA;Animais na Pista;Atropelamento de Animal;Com V�timas Feridas;Plena Noite;Decrescente;C�u Claro;Dupla;"Em Obras;Reta";N�o;2;0;1;0;0;1;1;2;-7,0980144;-34,9662453;SPRF-PB;DEL01-PB;UOP03-DEL01-PB;;;
720365;22/09/2025;segunda-feira;22:11:00;SP;116;57;GUARATINGUETA;Rea��o tardia ou ineficiente do condutor;Atropelamento de Pedestre;Com V�timas Feridas;Plena Noite;Decrescente;C�u Claro;Simples;Reta;N�o;1;0;1;0;0;0;1;1;-22,77420409;-45,13768885;SPRF-SP;DEL08-SP;UOP01-DEL08-SP;;;
720366;23/09/2025;ter�a-feira;01:10:00;ES;101;335;GUARAPARI;Acumulo de �gua sobre o pavimento;Sa�da de leito carro��vel;Com V�timas Feridas;Plena Noite;Decrescente;Chuva;Dupla;Reta;N�o;1;0;0;1;0;0;1;1;-20,6270669;-40,5281334;SPRF-ES;DEL03-ES;UOP01-DEL03-ES;;;
720367;23/09/2025;ter�a-feira;01:40:00;MG;381;518;IGARAPE;Condutor Dormindo;Colis�o com objeto;Com V�timas Feridas;Anoitecer;Crescente;Chuva;Dupla;Curva;N�o;3;0;2;0;1;0;2;1;-20,111078;-44,321893;SPRF-MG;DEL01-MG;UOP03-DEL01-MG;;;
720372;23/09/2025;ter�a-feira;03:05:00;PI;316;9,5;TERESINA;Rea��o tardia ou ineficiente do condutor;Sa�da de leito carro��vel;Com V�timas Feridas;Plena Noite;Crescente;C�u Claro;M�ltipla;Reta;Sim;2;0;1;1;0;0;2;1;-5,1786047;-42,7650669;SPRF-PI;DEL01-PI;UOP02-DEL01-PI;;;
720373;22/09/2025;segunda-feira;15:00:00;MG;381;937;EXTREMA;Rea��o tardia ou ineficiente do condutor;Sa�da de leito carro��vel;Com V�timas Feridas;Pleno dia;Decrescente;Chuva;Dupla;Curva;N�o;1;0;1;0;0;0;1;1;-22,81244753;-46,28599691;SPRF-MG;DEL16-MG;UOP03-DEL16-MG;;;
720375;22/09/2025;segunda-feira;20:35:00;MG;381;379;BARAO DE COCAIS;Aus�ncia de rea��o do condutor;Queda de ocupante de ve�culo;Com V�timas Feridas;Plena Noite;Decrescente;Chuva;Simples;Curva;N�o;1;0;1;0;0;0;1;1;-19,80563558;-43,40262544;SPRF-MG;DEL01-MG;UOP01-DEL01-MG;;;
720380;23/09/2025;ter�a-feira;06:20:00;PR;476;148;ARAUCARIA;Aus�ncia de rea��o do condutor;Colis�o lateral mesmo sentido;Com V�timas Feridas;Pleno dia;Decrescente;C�u Claro;Dupla;Reta;Sim;2;0;1;0;1;0;1;2;-25,5580113;-49,3620193;SPRF-PR;DEL01-PR;UOP06-DEL01-PR;;;
720381;23/09/2025;ter�a-feira;03:40:00;RJ;101;485,4;ANGRA DOS REIS;Velocidade Incompat�vel;Colis�o frontal;Com V�timas Fatais;Plena Noite;Crescente;Chuva;Simples;Reta;Sim;2;1;0;1;0;0;1;2;-22,98195;-44,29565;SPRF-RJ;DEL03-RJ;UOP03-DEL03-RJ;;;
720383;23/09/2025;ter�a-feira;06:20:00;MG;381;449;BELO HORIZONTE;Manobra de mudan�a de faixa;Colis�o lateral mesmo sentido;Com V�timas Feridas;Pleno dia;Crescente;C�u Claro;Dupla;Reta;N�o;3;0;2;0;1;0;2;2;-19,84724148;-43,88769714;SPRF-MG;DEL01-MG;UOP01-DEL01-MG;;;
720385;23/09/2025;ter�a-feira;07:00:00;PR;158;528,6;PATO BRANCO;Convers�o proibida;Colis�o frontal;Com V�timas Feridas;Pleno dia;Decrescente;C�u Claro;Simples;"Declive;Reta";N�o;4;0;1;0;3;0;1;2;-26,18360973;-52,6659557;SPRF-PR;DEL02-PR;UOP01-DEL02-PR;;;
720386;23/09/2025;ter�a-feira;07:15:00;SP;116;132;CACAPAVA;Rea��o tardia ou ineficiente do condutor;Colis�o traseira;Com V�timas Feridas;Pleno dia;Decrescente;Nublado;Dupla;Reta;Sim;3;0;1;0;2;0;1;3;-23,131256;-45,743755;SPRF-SP;DEL02-SP;UOP02-DEL02-SP;;;
720388;23/09/2025;ter�a-feira;07:39:00;RN;304;43,8;MOSSORO;Acessar a via sem observar a presen�a dos outros ve�culos;Colis�o transversal;Com V�timas Fatais;Pleno dia;Crescente;C�u Claro;Dupla;"Retorno Regulamentado;Reta";N�o;2;1;0;0;1;0;0;2;-5,22193667;-37,36007094;SPRF-RN;DEL04-RN;UOP01-DEL04-RN;;;
720389;22/09/2025;segunda-feira;22:45:00;MG;153;45;CANAPOLIS;Rea��o tardia ou ineficiente do condutor;Sa�da de leito carro��vel;Com V�timas Feridas;Plena Noite;Decrescente;Chuva;Dupla;"Declive;Reta";N�o;1;0;1;0;0;0;1;1;-18,781097;-49,079305;SPRF-MG;DEL15-MG;UOP03-DEL15-MG;;;
720390;23/09/2025;ter�a-feira;07:40:00;RS;285;418;PANAMBI;Acessar a via sem observar a presen�a dos outros ve�culos;Colis�o transversal;Com V�timas Feridas;Pleno dia;Crescente;C�u Claro;Simples;"Reta;Interse��o de Vias";Sim;5;0;3;0;2;0;3;2;-28,34573538;-53,52890365;SPRF-RS;DEL10-RS;UOP01-DEL10-RS;;;
720391;23/09/2025;ter�a-feira;06:30:00;MG;116;633,8;DIVINO;Velocidade Incompat�vel;Tombamento;Com V�timas Feridas;Pleno dia;Crescente;Nublado;Simples;"Curva;Declive";N�o;2;0;0;2;0;0;2;1;-20,61635307;-42,22436696;SPRF-MG;DEL07-MG;UOP02-DEL07-MG;;;
720392;23/09/2025;ter�a-feira;07:50:00;RN;101;79;NATAL;Condutor deixou de manter dist�ncia do ve�culo da frente;Colis�o traseira;Com V�timas Feridas;Pleno dia;Crescente;C�u Claro;Simples;Reta;N�o;2;0;2;0;0;0;2;2;-5,754468;-35,288494;SPRF-RN;DEL02-RN;UOP01-DEL02-RN;;;
720393;23/09/2025;ter�a-feira;08:00:00;BA;324;614;SALVADOR;Rea��o tardia ou ineficiente do condutor;Colis�o traseira;Com V�timas Feridas;Pleno dia;Crescente;Sol;Dupla;Reta;Sim;2;0;1;0;1;0;1;2;-12,873622;-38,428388;SPRF-BA;DEL01-BA;UOP01-DEL01-BA;;;
720394;23/09/2025;ter�a-feira;07:42:00;RN;101;102;PARNAMIRIM;Rea��o tardia ou ineficiente do condutor;Colis�o traseira;Com V�timas Feridas;Pleno dia;Crescente;C�u Claro;Dupla;Reta;Sim;2;0;1;0;1;0;1;2;-5,8883049;-35,24022309;SPRF-RN;DEL01-RN;UOP01-DEL01-RN;;;
720395;22/09/2025;segunda-feira;09:00:00;PE;407;129;PETROLINA;Condutor deixou de manter dist�ncia do ve�culo da frente;Colis�o lateral mesmo sentido;Com V�timas Feridas;Pleno dia;Crescente;Sol;Dupla;"Ponte;Em Obras";Sim;3;0;1;0;2;0;1;2;-9,408123;-40,505069;SPRF-PE;DEL06-PE;UOP01-DEL06-PE;;;
720396;23/09/2025;ter�a-feira;07:30:00;MG;40;515,8;RIBEIRAO DAS NEVES;Manobra de mudan�a de faixa;Colis�o lateral mesmo sentido;Com V�timas Feridas;Pleno dia;Crescente;C�u Claro;Dupla;Reta;Sim;2;0;1;0;1;0;1;2;-19,815471;-44,090765;SPRF-MG;DEL01-MG;UOP02-DEL01-MG;;;
720397;23/09/2025;ter�a-feira;06:26:00;MT;163;845;SINOP;Demais falhas na via;Queda de ocupante de ve�culo;Com V�timas Feridas;Pleno dia;Decrescente;C�u Claro;Simples;"Reta;Em Obras";N�o;1;0;1;0;0;0;1;1;-11,77359511;-55,47271729;SPRF-MT;DEL06-MT;UOP02-DEL06-MT;;;
720398;23/09/2025;ter�a-feira;06:30:00;RS;116;42,4;VACARIA;Ultrapassagem Indevida;Sa�da de leito carro��vel;Com V�timas Feridas;Pleno dia;Crescente;C�u Claro;Simples;"Ponte;Curva";N�o;1;0;1;0;0;0;1;1;-28,53521886;-50,9592247;SPRF-RS;DEL05-RS;UOP03-DEL05-RS;;;
720399;23/09/2025;ter�a-feira;08:00:00;RJ;101;309;SAO GONCALO;Rea��o tardia ou ineficiente do condutor;Colis�o traseira;Com V�timas Feridas;Pleno dia;Crescente;Garoa/Chuvisco;Dupla;Reta;Sim;2;0;1;0;1;0;1;2;-22,79552937;-43,03816795;SPRF-RJ;DEL02-RJ;UOP02-DEL02-RJ;;;
720402;23/09/2025;ter�a-feira;08:00:00;RJ;116;173;SAO JOAO DE MERITI;Condutor deixou de manter dist�ncia do ve�culo da frente;Colis�o traseira;Com V�timas Feridas;Pleno dia;Decrescente;C�u Claro;M�ltipla;Reta;Sim;2;0;1;0;1;0;1;2;-22,80114354;-43,35281119;SPRF-RJ;DEL06-RJ;UOP01-DEL06-RJ;;;
720403;26/08/2025;ter�a-feira;10:00:00;ES;101;127;SOORETAMA;Aus�ncia de rea��o do condutor;Colis�o com objeto;Com V�timas Feridas;Pleno dia;Decrescente;C�u Claro;Dupla;Curva;Sim;1;0;0;1;0;0;1;1;-19,20053991;-40,09534612;SPRF-ES;DEL04-ES;UOP01-DEL04-ES;;;
720404;23/09/2025;ter�a-feira;08:50:00;MG;40;528;CONTAGEM;Manobra de mudan�a de faixa;Colis�o traseira;Com V�timas Feridas;Pleno dia;Crescente;C�u Claro;Dupla;"Reta;Aclive";Sim;3;0;1;0;2;0;1;3;-19,9094175;-44,04432803;SPRF-MG;DEL01-MG;UOP02-DEL01-MG;;;
720405;23/09/2025;ter�a-feira;07:35:00;PR;376;4,1;MANDAGUARI;Aus�ncia de rea��o do condutor;Colis�o traseira;Com V�timas Feridas;Pleno dia;Decrescente;C�u Claro;Simples;Reta;Sim;2;0;0;1;1;0;1;2;-23,5182166;-51,6810925;SPRF-PR;DEL09-PR;UOP01-DEL09-PR;;;
720406;23/09/2025;ter�a-feira;07:55:00;SC;280;28,8;ARAQUARI;Ultrapassagem Indevida;Colis�o transversal;Com V�timas Feridas;Pleno dia;Decrescente;C�u Claro;Simples;Reta;N�o;2;0;0;1;1;0;1;2;-26,409557;-48,751592;SPRF-SC;DEL03-SC;UOP03-DEL03-SC;;;
720408;23/09/2025;ter�a-feira;08:45:00;PR;116;152;MANDIRITUBA;Aus�ncia de rea��o do condutor;Colis�o transversal;Com V�timas Feridas;Pleno dia;Crescente;Sol;Simples;"Retorno Regulamentado;Reta";N�o;2;0;1;0;1;0;1;2;-25,8621366;-49,3616926;SPRF-PR;DEL01-PR;UOP03-DEL01-PR;;;
720409;23/09/2025;ter�a-feira;09:20:00;SP;116;229;SAO PAULO;Estacionar ou parar em local proibido;Colis�o traseira;Com V�timas Feridas;Pleno dia;Crescente;Nublado;M�ltipla;Reta;Sim;2;0;1;0;1;0;1;2;-23,50984853;-46,57276154;SPRF-SP;DEL01-SP;UOP01-DEL01-SP;;;
720410;19/09/2025;sexta-feira;22:00:00;PR;277;37;MORRETES;Aus�ncia de rea��o do condutor;Sa�da de leito carro��vel;Sem V�timas;Plena Noite;Decrescente;C�u Claro;Dupla;"Curva;Declive";N�o;2;0;0;0;1;1;0;2;-25,573547;-48,842808;SPRF-PR;DEL01-PR;UOP05-DEL01-PR;;;
720412;23/09/2025;ter�a-feira;07:30:00;ES;262;99;VENDA NOVA DO IMIGRANTE;Ultrapassagem Indevida;Colis�o transversal;Com V�timas Feridas;Pleno dia;Crescente;Sol;Simples;Curva;N�o;2;0;1;0;1;0;1;2;-20,35425615;-41,08938217;SPRF-ES;DEL01-ES;UOP02-DEL01-ES;;;
720413;23/09/2025;ter�a-feira;10:35:00;RS;116;268;CANOAS;Aus�ncia de rea��o do condutor;Colis�o traseira;Com V�timas Feridas;Pleno dia;Crescente;C�u Claro;Dupla;Reta;Sim;2;0;1;0;1;0;1;2;-29,95837647;-51,17627753;SPRF-RS;DEL01-RS;UOP01-DEL01-RS;;;
720416;23/09/2025;ter�a-feira;11:10:00;RJ;101;62;CAMPOS DOS GOYTACAZES;Retorno proibido;Colis�o lateral mesmo sentido;Com V�timas Feridas;Pleno dia;Decrescente;Nublado;Simples;Reta;Sim;4;0;1;1;2;0;2;2;-21,7346355;-41,32494148;SPRF-RJ;DEL08-RJ;UOP01-DEL08-RJ;;;
720417;23/09/2025;ter�a-feira;10:04:00;SC;470;127,8;LONTRAS;Convers�o proibida;Colis�o transversal;Sem V�timas;Pleno dia;Decrescente;Sol;Simples;Curva;N�o;2;0;0;0;2;0;0;2;-27,14405251;-49,54889701;SPRF-SC;DEL04-SC;UOP02-DEL04-SC;;;
720418;06/07/2025;domingo;20:50:00;PR;376;186;SARANDI;Manobra de mudan�a de faixa;Colis�o traseira;Com V�timas Feridas;Plena Noite;Decrescente;C�u Claro;Dupla;Reta;Sim;6;0;1;1;4;0;2;2;-23,447166;-51,860702;SPRF-PR;DEL09-PR;UOP01-DEL09-PR;;;
720419;23/09/2025;ter�a-feira;10:40:00;PB;230;0,8;CABEDELO;Rea��o tardia ou ineficiente do condutor;Queda de ocupante de ve�culo;Com V�timas Feridas;Pleno dia;Decrescente;C�u Claro;Simples;Reta;Sim;3;0;1;2;0;0;3;2;-6,974597;-34,831803;SPRF-PB;DEL01-PB;UOP01-DEL01-PB;;;
720420;23/09/2025;ter�a-feira;10:21:00;MG;459;15,3;CALDAS;Velocidade Incompat�vel;Colis�o lateral mesmo sentido;Com V�timas Feridas;Pleno dia;Crescente;C�u Claro;Simples;"Curva;Interse��o de Vias";Sim;3;0;0;1;1;1;1;3;-21,8314887;-46,4483962;SPRF-MG;DEL09-MG;UOP01-DEL09-MG;;;
720421;16/09/2025;ter�a-feira;08:50:00;RN;0;0;NATAL;Aus�ncia de rea��o do condutor;Colis�o traseira;Sem V�timas;Pleno dia;N�o Informado;C�u Claro;M�ltipla;Reta;Sim;2;0;0;0;2;0;0;2;-5,81504898;-35,21737429;SPRF-RN;DEL01-RN;UOP01-DEL01-RN;;;
720423;23/09/2025;ter�a-feira;07:40:00;AC;364;136;RIO BRANCO;Acessar a via sem observar a presen�a dos outros ve�culos;Colis�o transversal;Com V�timas Feridas;Pleno dia;Crescente;C�u Claro;Dupla;"Rotat�ria;Interse��o de Vias;Reta";Sim;2;0;2;0;0;0;2;2;-9,9773925;-67,8488682;SPRF-AC;DEL01-AC;UOP01-DEL01-AC;;;
720424;23/09/2025;ter�a-feira;11:40:00;MG;40;500,4;ESMERALDAS;Aus�ncia de rea��o do condutor;Colis�o lateral mesmo sentido;Com V�timas Feridas;Pleno dia;Decrescente;Sol;Dupla;Reta;N�o;2;0;1;0;1;0;1;2;-19,70374;-44,17104;SPRF-MG;DEL02-MG;UOP01-DEL02-MG;;;
720425;23/09/2025;ter�a-feira;11:20:00;BA;116;16;VITORIA DA CONQUISTA;Desrespeitar a prefer�ncia no cruzamento;Colis�o transversal;Com V�timas Feridas;Pleno dia;Crescente;C�u Claro;Simples;Interse��o de Vias;Sim;3;0;2;0;1;0;2;2;-14,902488;-40,844283;SPRF-BA;DEL08-BA;UOP01-DEL08-BA;;;