id;data_inversa;dia_semana;horario;uf;br;km;municipio;causa_acidente;tipo_acidente;classificacao_acidente;fase_dia;sentido_via;condicao_metereologica;tipo_pista;tracado_via;uso_solo;pessoas;mortos;feridos_leves;feridos_graves;ilesos;ignorados;feridos;veiculos;latitude;longitude;regional;delegacia;uop;;;
720426;23/09/2025;ter�a-feira;11:40:00;SC;101;208,8;SAO JOSE;Acessar a via sem observar a presen�a dos outros ve�culos;Colis�o transversal;Com V�timas Feridas;Pleno dia;Crescente;C�u Claro;M�ltipla;Reta;Sim;4;0;1;1;1;1;2;3;-27,608735;-48,637818;SPRF-SC;DEL01-SC;UOP01-DEL01-SC;;;
720427;23/09/2025;ter�a-feira;11:40:00;ES;101;266,5;SERRA;Condutor desrespeitou a ilumina��o vermelha do sem�foro;Colis�o transversal;Com V�timas Feridas;Pleno dia;Decrescente;Nublado;M�ltipla;Reta;Sim;2;0;1;0;1;0;1;2;-20,19568333;-40,268765;SPRF-ES;DEL02-ES;UOP01-DEL02-ES;;;
720428;02/08/2025;s�bado;18:30:00;SP;381;90;GUARULHOS;Frear bruscamente;Colis�o traseira;Com V�timas Feridas;Anoitecer;Crescente;Ignorado;M�ltipla;Reta;N�o;3;0;1;0;2;0;1;1;-23,49094251;-46,5595136;SPRF-SP;DEL03-SP;UOP01-DEL03-SP;;;
720430;23/09/2025;ter�a-feira;11:50:00;PR;369;137,3;IBIPORA;Rea��o tardia ou ineficiente do condutor;Sa�da de leito carro��vel;Com V�timas Feridas;Pleno dia;Crescente;C�u Claro;Simples;Rotat�ria;Sim;1;0;0;1;0;0;1;1;-23,27028125;-51,03918521;SPRF-PR;DEL07-PR;UOP01-DEL07-PR;;;
720433;23/09/2025;ter�a-feira;10:30:00;MG;381;888;CAMBUI;Aus�ncia de rea��o do condutor;Sa�da de leito carro��vel;Com V�timas Feridas;Pleno dia;Decrescente;Sol;Dupla;Reta;N�o;2;0;1;1;0;0;2;1;-22,52395649;-46,02410853;SPRF-MG;DEL16-MG;UOP01-DEL16-MG;;;
720436;03/09/2025;quarta-feira;14:00:00;SC;101;92,6;BARRA VELHA;Rea��o tardia ou ineficiente do condutor;Colis�o com objeto;Com V�timas Feridas;Pleno dia;Decrescente;Garoa/Chuvisco;Dupla;Reta;N�o;2;0;2;0;0;0;2;1;-26,68304846;-48,69277954;SPRF-SC;DEL03-SC;UOP02-DEL03-SC;;;
720437;23/09/2025;ter�a-feira;13:10:00;SC;280;22,5;ARAQUARI;Manobra de mudan�a de faixa;Colis�o frontal;Com V�timas Feridas;Pleno dia;Crescente;C�u Claro;Simples;Reta;Sim;3;0;2;0;1;0;2;2;-26,371276;-48,707196;SPRF-SC;DEL03-SC;UOP03-DEL03-SC;;;
720440;19/09/2025;sexta-feira;13:30:00;BA;418;110;MUCURI;Ingest�o de �lcool pelo condutor;Colis�o frontal;Com V�timas Feridas;Pleno dia;Crescente;C�u Claro;Simples;Reta;N�o;2;0;1;0;1;0;1;2;-17,8911937;-40,07022858;SPRF-BA;DEL09-BA;UOP02-DEL09-BA;;;
720441;23/09/2025;ter�a-feira;13:40:00;SP;116;227,5;GUARULHOS;Aus�ncia de rea��o do condutor;Colis�o traseira;Com V�timas Feridas;Pleno dia;Decrescente;Sol;M�ltipla;Reta;Sim;2;0;1;0;1;0;1;2;-23,49966;-46,560795;SPRF-SP;DEL01-SP;UOP01-DEL01-SP;;;
720442;15/09/2025;segunda-feira;16:00:00;RJ;101;443,4;MANGARATIBA;Condutor Dormindo;Colis�o frontal;Com V�timas Feridas;Pleno dia;Crescente;Nublado;Simples;Curva;N�o;2;0;1;1;0;0;2;2;-22,98378;-44,08673;SPRF-RJ;DEL03-RJ;UOP02-DEL03-RJ;;;
720443;23/09/2025;ter�a-feira;13:55:00;RS;290;122,5;ARROIO DOS RATOS;Demais falhas na via;Queda de ocupante de ve�culo;Com V�timas Feridas;Pleno dia;Decrescente;C�u Claro;Simples;Reta;Sim;2;0;2;0;0;0;2;1;-30,105352;-51,736208;SPRF-RS;DEL02-RS;UOP01-DEL02-RS;;;
720445;23/09/2025;ter�a-feira;12:30:00;PE;101;120;IPOJUCA;Velocidade Incompat�vel;Sa�da de leito carro��vel;Com V�timas Feridas;Pleno dia;Decrescente;C�u Claro;Dupla;Curva;N�o;1;0;0;1;0;0;1;1;-8,35636;-35,1852567;SPRF-PE;DEL01-PE;UOP03-DEL01-PE;;;
720447;26/05/2025;segunda-feira;15:10:00;BA;110;370;CATU;Aus�ncia de rea��o do condutor;Tombamento;Com V�timas Feridas;Pleno dia;Decrescente;C�u Claro;Dupla;Reta;Sim;1;0;1;0;0;0;1;1;-12,378247;-38,383613;SPRF-BA;DEL01-BA;UOP04-DEL01-BA;;;
720448;23/09/2025;ter�a-feira;14:30:00;RN;304;32;MOSSORO;Acessar a via sem observar a presen�a dos outros ve�culos;Colis�o transversal;Com V�timas Feridas;Pleno dia;Crescente;C�u Claro;Simples;Reta;Sim;4;0;1;0;3;0;1;2;-5,136482;-37,34515;SPRF-RN;DEL04-RN;UOP02-DEL04-RN;;;
720450;23/09/2025;ter�a-feira;14:05:00;SP;116;292;ITAPECERICA DA SERRA;Aus�ncia de rea��o do condutor;Colis�o traseira;Com V�timas Feridas;Pleno dia;Decrescente;Nublado;Dupla;Reta;N�o;2;0;1;0;1;0;1;2;-23,7002928;-46,8689714;SPRF-SP;DEL04-SP;UOP01-DEL04-SP;;;
720451;23/09/2025;ter�a-feira;09:00:00;SC;280;24,7;ARAQUARI;Condutor deixou de manter dist�ncia do ve�culo da frente;Colis�o traseira;Sem V�timas;Pleno dia;Crescente;C�u Claro;Simples;Reta;N�o;2;0;0;0;2;0;0;2;-26,382462;-48,72559;SPRF-SC;DEL03-SC;UOP03-DEL03-SC;;;
720453;18/08/2025;segunda-feira;20:35:00;ES;101;292;CARIACICA;Rea��o tardia ou ineficiente do condutor;Tombamento;Com V�timas Feridas;Plena Noite;Decrescente;C�u Claro;Dupla;Reta;N�o;2;0;2;0;0;0;2;1;-20,30832089;-40,39475441;SPRF-ES;DEL01-ES;UOP01-DEL01-ES;;;
720457;23/09/2025;ter�a-feira;15:30:00;MG;381;693;LAVRAS;Demais falhas mec�nicas ou el�tricas;Tombamento;Com V�timas Feridas;Pleno dia;Decrescente;C�u Claro;Dupla;Reta;N�o;2;0;2;0;0;0;2;1;-21,228492;-45,132542;SPRF-MG;DEL04-MG;UOP02-DEL04-MG;;;
720458;23/09/2025;ter�a-feira;14:50:00;RS;116;521;PELOTAS;Acessar a via sem observar a presen�a dos outros ve�culos;Colis�o transversal;Com V�timas Feridas;Pleno dia;Decrescente;C�u Claro;Dupla;Viaduto;Sim;2;0;1;0;1;0;1;2;-31,70662556;-52,36761737;SPRF-RS;DEL07-RS;UOP01-DEL07-RS;;;
720459;23/09/2025;ter�a-feira;15:13:00;PE;104;68;CARUARU;Aus�ncia de rea��o do condutor;Colis�o traseira;Com V�timas Feridas;Pleno dia;Decrescente;C�u Claro;Dupla;"Reta;Retorno Regulamentado";Sim;3;0;1;0;2;0;1;2;-8,3027546;-35,9883058;SPRF-PE;DEL02-PE;UOP01-DEL02-PE;;;
720462;23/09/2025;ter�a-feira;15:40:00;SC;101;127;ITAJAI;Rea��o tardia ou ineficiente do condutor;Colis�o traseira;Com V�timas Feridas;Pleno dia;Crescente;C�u Claro;Dupla;Reta;Sim;2;0;1;0;1;0;1;2;-26,97095394;-48,68279904;SPRF-SC;DEL04-SC;UOP04-DEL04-SC;;;
720465;23/09/2025;ter�a-feira;16:05:00;SC;101;202;SAO JOSE;Transitar na contram�o;Colis�o frontal;Com V�timas Feridas;Pleno dia;Crescente;C�u Claro;Simples;"Reta;Interse��o de Vias";Sim;2;0;1;0;1;0;1;2;-27,55762;-48,61906;SPRF-SC;DEL01-SC;UOP01-DEL01-SC;;;
720466;23/09/2025;ter�a-feira;15:35:00;AL;424;97,7;COQUEIRO SECO;Velocidade Incompat�vel;Sa�da de leito carro��vel;Com V�timas Feridas;Pleno dia;Crescente;C�u Claro;Simples;"Reta;Em Obras";N�o;2;0;1;1;0;0;2;1;-9,637114;-35,859225;SPRF-AL;DEL02-AL;UOP01-DEL02-AL;;;
720467;23/09/2025;ter�a-feira;11:00:00;MA;316;604,5;TIMON;Ultrapassagem Indevida;Colis�o frontal;Com V�timas Feridas;Pleno dia;Decrescente;C�u Claro;Dupla;"Declive;Reta";N�o;4;0;0;2;0;2;2;3;-5,04723241;-42,91626245;SPRF-MA;DEL03-MA;UOP02-DEL03-MA;;;
720468;23/09/2025;ter�a-feira;14:30:00;AP;156;800;OIAPOQUE;Acessar a via sem observar a presen�a dos outros ve�culos;Colis�o transversal;Com V�timas Feridas;Pleno dia;Crescente;Sol;Simples;Reta;Sim;2;0;1;0;1;0;1;2;3,84001941;-51,82068586;SPRF-AP;DEL01-AP;UOP03-DEL01-AP;;;
720471;23/09/2025;ter�a-feira;15:50:00;RJ;116;313;SAO GONCALO;Problema com o freio;Engavetamento;Com V�timas Feridas;Pleno dia;Decrescente;C�u Claro;Dupla;Reta;Sim;6;0;1;0;5;0;1;4;-22,81353847;-43,0737203;SPRF-RJ;DEL07-RJ;UOP02-DEL07-RJ;;;
720472;02/08/2025;s�bado;19:25:00;PE;232;166;TACAIMBO;Ingest�o de �lcool pelo condutor;Colis�o transversal;Com V�timas Feridas;Plena Noite;Crescente;C�u Claro;Dupla;Reta;N�o;3;0;1;0;2;0;1;3;-8,33783;-36,30734;SPRF-PE;DEL03-PE;UOP02-DEL03-PE;;;
720473;23/09/2025;ter�a-feira;16:50:00;SP;116;146;SAO JOSE DOS CAMPOS;Acumulo de �leo sobre o pavimento;Tombamento;Com V�timas Feridas;Pleno dia;Decrescente;Nublado;Dupla;"Reta;Aclive";Sim;1;0;1;0;0;0;1;1;-23,19228495;-45,86581707;SPRF-SP;DEL02-SP;UOP01-DEL02-SP;;;
720476;23/09/2025;ter�a-feira;17:13:00;SP;116;132,5;CACAPAVA;Rea��o tardia ou ineficiente do condutor;Colis�o lateral mesmo sentido;Com V�timas Feridas;Pleno dia;Decrescente;C�u Claro;Dupla;Reta;N�o;2;0;1;0;0;1;1;2;-23,1270999;-45,73814392;SPRF-SP;DEL02-SP;UOP02-DEL02-SP;;;
720478;23/09/2025;ter�a-feira;16:40:00;PR;277;454,3;LARANJEIRAS DO SUL;Desrespeitar a prefer�ncia no cruzamento;Colis�o transversal;Com V�timas Feridas;Pleno dia;Decrescente;C�u Claro;Simples;Interse��o de Vias;Sim;2;0;1;0;1;0;1;2;-25,38594;-52,41416;SPRF-PR;DEL04-PR;UOP02-DEL04-PR;;;
720480;23/09/2025;ter�a-feira;17:10:00;MG;381;489;BETIM;Manobra de mudan�a de faixa;Colis�o lateral mesmo sentido;Com V�timas Feridas;Anoitecer;Crescente;C�u Claro;M�ltipla;Reta;Sim;2;0;0;1;1;0;1;2;-19,962033;-44,162264;SPRF-MG;DEL01-MG;UOP03-DEL01-MG;;;
720482;23/09/2025;ter�a-feira;17:30:00;RS;116;269;CANOAS;Manobra de mudan�a de faixa;Colis�o lateral mesmo sentido;Com V�timas Feridas;Pleno dia;Decrescente;C�u Claro;M�ltipla;Reta;Sim;3;0;2;0;1;0;2;2;-29,95968873;-51,17594568;SPRF-RS;DEL01-RS;UOP01-DEL01-RS;;;
720483;23/09/2025;ter�a-feira;17:15:00;RS;290;69,3;GRAVATAI;Demais falhas mec�nicas ou el�tricas;Colis�o lateral mesmo sentido;Com V�timas Feridas;Pleno dia;Crescente;C�u Claro;Dupla;Reta;Sim;2;0;0;1;1;0;1;2;-29,945912;-50,949832;SPRF-RS;DEL03-RS;UOP01-DEL03-RS;;;
720485;23/09/2025;ter�a-feira;14:55:00;DF;70;6;BRASILIA;Manobra de mudan�a de faixa;Colis�o transversal;Com V�timas Feridas;Pleno dia;Decrescente;Nublado;Dupla;Declive;N�o;2;0;1;0;1;0;1;2;-15,79027;-48,108652;SPRF-DF;DEL03-DF;UOP02-DEL03-DF;;;
720487;23/09/2025;ter�a-feira;16:50:00;RN;304;24,2;MOSSORO;Velocidade Incompat�vel;Colis�o traseira;Com V�timas Feridas;Pleno dia;Crescente;C�u Claro;Simples;Rotat�ria;N�o;2;0;1;0;1;0;1;2;-5,066586;-37,331141;SPRF-RN;DEL04-RN;UOP02-DEL04-RN;;;
720489;23/09/2025;ter�a-feira;18:05:00;SC;101;204,5;SAO JOSE;Rea��o tardia ou ineficiente do condutor;Colis�o lateral mesmo sentido;Com V�timas Feridas;Plena Noite;Decrescente;Nublado;M�ltipla;Interse��o de Vias;Sim;2;0;1;0;1;0;1;2;-27,57873;-48,61357;SPRF-SC;DEL01-SC;UOP01-DEL01-SC;;;
720490;23/09/2025;ter�a-feira;16:50:00;RJ;101;333;RIO DE JANEIRO;Rea��o tardia ou ineficiente do condutor;Colis�o traseira;Com V�timas Feridas;Pleno dia;Crescente;Nublado;Dupla;"Reta;Ponte";N�o;3;0;0;1;2;0;1;2;-22,883063;-43,215108;SPRF-RJ;DEL02-RJ;UOP01-DEL02-RJ;;;
720491;23/09/2025;ter�a-feira;15:30:00;PE;424;10,3;ARCOVERDE;Rea��o tardia ou ineficiente do condutor;Colis�o traseira;Com V�timas Feridas;Pleno dia;Decrescente;Sol;Simples;"Declive;Reta";N�o;2;0;2;0;0;0;2;2;-8,496913;-37,006393;SPRF-PE;DEL04-PE;UOP02-DEL04-PE;;;
720492;23/09/2025;ter�a-feira;17:00:00;MT;364;203,4;RONDONOPOLIS;Objeto est�tico sobre o leito carro��vel;Tombamento;Com V�timas Feridas;Pleno dia;Crescente;C�u Claro;Dupla;"Reta;Aclive";Sim;1;0;1;0;0;0;1;1;-16,46763302;-54,65701461;SPRF-MT;DEL02-MT;UOP01-DEL02-MT;;;
720493;23/09/2025;ter�a-feira;18:20:00;PB;361;22;SANTA TERESINHA;Acessar a via sem observar a presen�a dos outros ve�culos;Colis�o transversal;Com V�timas Feridas;Plena Noite;Crescente;C�u Claro;Simples;Reta;N�o;3;0;0;3;0;0;3;2;-7,085245;-37,441;SPRF-PB;DEL03-PB;UOP01-DEL03-PB;;;
720494;23/09/2025;ter�a-feira;19:00:00;SP;116;223,2;GUARULHOS;Acesso irregular;Colis�o com objeto;Com V�timas Feridas;Plena Noite;Decrescente;C�u Claro;M�ltipla;Reta;Sim;1;0;1;0;0;0;1;1;-23,47853411;-46,52914731;SPRF-SP;DEL01-SP;UOP01-DEL01-SP;;;
720495;23/09/2025;ter�a-feira;17:45:00;SC;101;100;BALNEARIO PICARRAS;Aus�ncia de rea��o do condutor;Queda de ocupante de ve�culo;Com V�timas Feridas;Anoitecer;Crescente;C�u Claro;M�ltipla;Interse��o de Vias;Sim;1;0;1;0;0;0;1;1;-26,75671331;-48,6890858;SPRF-SC;DEL03-SC;UOP02-DEL03-SC;;;
720496;23/09/2025;ter�a-feira;17:55:00;SC;101;118,5;ITAJAI;Acessar a via sem observar a presen�a dos outros ve�culos;Colis�o transversal;Com V�timas Feridas;Anoitecer;Crescente;C�u Claro;Dupla;"Viaduto;Retorno Regulamentado;Interse��o de Vias";Sim;2;0;0;1;1;0;1;2;-26,8955287;-48,71910945;SPRF-SC;DEL04-SC;UOP04-DEL04-SC;;;
720498;23/09/2025;ter�a-feira;18:07:00;TO;153;140,5;ARAGUAINA;Acessar a via sem observar a presen�a dos outros ve�culos;Colis�o transversal;Com V�timas Feridas;Anoitecer;Crescente;C�u Claro;M�ltipla;"Curva;Retorno Regulamentado;Interse��o de Vias";Sim;2;0;1;0;1;0;1;2;-7,173022;-48,2164484;SPRF-TO;DEL02-TO;UOP01-DEL02-TO;;;
720499;23/09/2025;ter�a-feira;19:20:00;TO;153;141;ARAGUAINA;Rea��o tardia ou ineficiente do condutor;Colis�o traseira;Com V�timas Feridas;Plena Noite;Crescente;Nublado;M�ltipla;Retorno Regulamentado;Sim;2;0;1;0;0;1;1;2;-7,17885987;-48,22272778;SPRF-TO;DEL02-TO;UOP01-DEL02-TO;;;
720500;23/09/2025;ter�a-feira;19:00:00;PB;230;10,6;CABEDELO;Aus�ncia de sinaliza��o;Colis�o transversal;Com V�timas Feridas;Plena Noite;Decrescente;C�u Claro;M�ltipla;"Reta;Interse��o de Vias;Desvio Tempor�rio;Em Obras";Sim;2;0;1;1;0;0;2;1;-7,05932086;-34,85048387;SPRF-PB;DEL01-PB;UOP01-DEL01-PB;;;
720501;23/09/2025;ter�a-feira;12:44:00;RJ;101;320;NITEROI;Ultrapassagem Indevida;Queda de ocupante de ve�culo;Com V�timas Feridas;Pleno dia;Decrescente;C�u Claro;Dupla;Curva;N�o;3;0;2;0;1;0;2;2;-22,86749405;-43,10973063;SPRF-RJ;DEL02-RJ;UOP01-DEL02-RJ;;;
720503;23/09/2025;ter�a-feira;17:45:00;PR;277;434,8;VIRMOND;Demais falhas mec�nicas ou el�tricas;Inc�ndio;Sem V�timas;Anoitecer;Decrescente;Ignorado;Simples;Reta;N�o;1;0;0;0;1;0;0;1;-25,376244;-52,241437;SPRF-PR;DEL04-PR;UOP02-DEL04-PR;;;
720504;23/09/2025;ter�a-feira;18:15:00;RN;304;29;MOSSORO;Animais na Pista;Atropelamento de Animal;Com V�timas Feridas;Plena Noite;Decrescente;C�u Claro;Simples;Reta;N�o;1;0;1;0;0;0;1;1;-5,111483;-37,33986;SPRF-RN;DEL04-RN;UOP02-DEL04-RN;;;
720505;23/09/2025;ter�a-feira;18:40:00;RJ;493;67;NOVA IGUACU;Rea��o tardia ou ineficiente do condutor;Sa�da de leito carro��vel;Com V�timas Fatais;Plena Noite;Crescente;Nublado;Dupla;Reta;N�o;2;1;0;0;1;0;0;2;-22,68245002;-43,45367432;SPRF-RJ;DEL01-RJ;UOP03-DEL01-RJ;;;
720507;23/09/2025;ter�a-feira;18:20:00;PB;104;130;QUEIMADAS;Ultrapassagem Indevida;Queda de ocupante de ve�culo;Com V�timas Feridas;Plena Noite;Crescente;C�u Claro;Simples;Reta;Sim;1;0;0;1;0;0;1;1;-7,2908;-35,890422;SPRF-PB;DEL02-PB;UOP01-DEL02-PB;;;
720508;23/09/2025;ter�a-feira;17:40:00;AC;364;123;RIO BRANCO;Aus�ncia de rea��o do condutor;Atropelamento de Pedestre;Com V�timas Feridas;Plena Noite;Decrescente;Sol;Dupla;Reta;Sim;2;0;2;0;0;0;2;2;-10,01175154;-67,78269518;SPRF-AC;DEL01-AC;UOP01-DEL01-AC;;;
720509;23/09/2025;ter�a-feira;19:45:00;PR;376;644;TIJUCAS DO SUL;Aus�ncia de rea��o do condutor;Sa�da de leito carro��vel;Com V�timas Feridas;Plena Noite;Crescente;Nublado;Dupla;Reta;N�o;2;0;1;0;1;0;1;1;-25,8236792;-49,12488174;SPRF-PR;DEL01-PR;UOP04-DEL01-PR;;;
720510;23/09/2025;ter�a-feira;18:30:00;PI;343;5,4;TERESINA;Aus�ncia de rea��o do condutor;Colis�o com objeto;Com V�timas Feridas;Anoitecer;Decrescente;C�u Claro;M�ltipla;Ponte;Sim;1;0;1;0;0;0;1;1;-5,08312205;-42,79597342;SPRF-PI;DEL05-PI;UOP01-DEL05-PI;;;
720513;23/09/2025;ter�a-feira;16:30:00;MS;262;107,5;AGUA CLARA;Demais falhas mec�nicas ou el�tricas;Inc�ndio;Sem V�timas;Pleno dia;Crescente;C�u Claro;Simples;Reta;N�o;1;0;0;0;1;0;0;1;-20,540511;-52,5612;SPRF-MS;DEL07-MS;UOP02-DEL07-MS;;;
720514;23/09/2025;ter�a-feira;19:35:00;PR;153;112,3;IBAITI;Aus�ncia de rea��o do condutor;Colis�o com objeto;Sem V�timas;Plena Noite;Crescente;C�u Claro;Simples;Reta;N�o;1;0;0;0;0;1;0;1;-23,87282;-50,20276;SPRF-PR;DEL07-PR;UOP04-DEL07-PR;;;
720515;23/09/2025;ter�a-feira;19:15:00;PR;163;11;BARRACAO;Aus�ncia de rea��o do condutor;Sa�da de leito carro��vel;Com V�timas Feridas;Plena Noite;Crescente;C�u Claro;Simples;Reta;Sim;4;0;4;0;0;0;4;1;-26,24062;-53,635243;SPRF-PR;DEL02-PR;UOP02-DEL02-PR;;;
720517;23/09/2025;ter�a-feira;19:45:00;SC;282;580;PINHALZINHO;Entrada inopinada do pedestre;Atropelamento de Pedestre;Com V�timas Feridas;Plena Noite;Crescente;C�u Claro;Simples;Rotat�ria;Sim;2;0;1;0;0;1;1;2;-26,837173;-52,986825;SPRF-SC;DEL07-SC;UOP02-DEL07-SC;;;
720518;23/09/2025;ter�a-feira;17:20:00;GO;60;201,8;GUAPO;Acumulo de �gua sobre o pavimento;Sa�da de leito carro��vel;Com V�timas Feridas;Pleno dia;Crescente;Chuva;Dupla;Curva;N�o;1;0;0;1;0;0;1;1;-16,89390538;-49,63283328;SPRF-GO;DEL01-GO;UOP02-DEL01-GO;;;
720520;23/09/2025;ter�a-feira;20:44:00;PE;408;92,2;SAO LOURENCO DA MATA;Demais falhas mec�nicas ou el�tricas;Inc�ndio;Sem V�timas;Plena Noite;Crescente;Nublado;Dupla;Reta;N�o;1;0;0;0;1;0;0;1;-8,04397;-35,01515;SPRF-PE;DEL01-PE;UOP01-DEL01-PE;;;
720521;23/09/2025;ter�a-feira;20:42:00;MS;163;478;CAMPO GRANDE;Aus�ncia de rea��o do condutor;Tombamento;Com V�timas Feridas;Plena Noite;Crescente;C�u Claro;Simples;Reta;N�o;1;0;0;1;0;0;1;1;-20,51050015;-54,55901742;SPRF-MS;DEL01-MS;UOP01-DEL01-MS;;;
720522;23/09/2025;ter�a-feira;20:00:00;PR;469;0,2;FOZ DO IGUACU;Aus�ncia de rea��o do condutor;Tombamento;Com V�timas Feridas;Pleno dia;Decrescente;C�u Claro;Dupla;"Curva;Rotat�ria";Sim;1;0;1;0;0;0;1;1;-25,57716923;-54,55502629;SPRF-PR;DEL05-PR;UOP04-DEL05-PR;;;
720524;23/09/2025;ter�a-feira;20:40:00;SC;282;540,6;CHAPECO;Entrada inopinada do pedestre;Atropelamento de Pedestre;Com V�timas Feridas;Plena Noite;Crescente;C�u Claro;Simples;Curva;N�o;2;0;0;1;0;1;1;2;-26,997188;-52,69317;SPRF-SC;DEL07-SC;UOP01-DEL07-SC;;;
720525;23/09/2025;ter�a-feira;20:40:00;SP;153;280;OCAUCU;Rea��o tardia ou ineficiente do condutor;Colis�o com objeto;Com V�timas Feridas;Plena Noite;Crescente;C�u Claro;Dupla;"Interse��o de Vias;Reta";N�o;1;0;0;1;0;0;1;1;-22,415978;-49,860634;SPRF-SP;DEL07-SP;UOP02-DEL07-SP;;;
720527;23/09/2025;ter�a-feira;22:05:00;SC;101;147;ITAPEMA;Acessar a via sem observar a presen�a dos outros ve�culos;Colis�o transversal;Com V�timas Feridas;Plena Noite;Decrescente;C�u Claro;M�ltipla;Interse��o de Vias;Sim;3;0;1;0;0;2;1;2;-27,09501067;-48,61786991;SPRF-SC;DEL04-SC;UOP03-DEL04-SC;;;
720528;23/09/2025;ter�a-feira;22:30:00;GO;40;5;VALPARAISO DE GOIAS;Acessar a via sem observar a presen�a dos outros ve�culos;Colis�o transversal;Com V�timas Feridas;Plena Noite;Crescente;C�u Claro;Dupla;Reta;Sim;2;0;1;0;1;0;1;2;-16,09473146;-47,98136182;SPRF-DF;DEL01-DF;UOP01-DEL01-DF;;;
720529;23/09/2025;ter�a-feira;21:15:00;RJ;101;325;NITEROI;Ingest�o de �lcool pelo condutor;Colis�o com objeto;Sem V�timas;Plena Noite;Decrescente;C�u Claro;Dupla;"Reta;Ponte";N�o;3;0;0;0;3;0;0;2;-22,8736545;-43,12906265;SPRF-RJ;DEL02-RJ;UOP01-DEL02-RJ;;;
720530;23/09/2025;ter�a-feira;20:00:00;CE;222;123,4;ITAPAJE;�rea urbana sem a presen�a de local apropriado para a travessia de pedestres;Atropelamento de Pedestre;Com V�timas Fatais;Plena Noite;Decrescente;C�u Claro;Simples;Reta;Sim;2;1;0;0;1;0;0;2;-3,68894056;-39,58832026;SPRF-CE;DEL04-CE;UOP03-DEL04-CE;;;
720533;23/09/2025;ter�a-feira;23:00:00;MG;116;274,3;TEOFILO OTONI;Convers�o proibida;Colis�o frontal;Com V�timas Feridas;Plena Noite;Crescente;C�u Claro;M�ltipla;Reta;Sim;3;0;1;0;2;0;1;2;-17,837488;-41,512298;SPRF-MG;DEL11-MG;UOP01-DEL11-MG;;;
720534;23/09/2025;ter�a-feira;10:45:00;PE;101;70;RECIFE;Aus�ncia de rea��o do condutor;Colis�o lateral mesmo sentido;Sem V�timas;Pleno dia;Decrescente;C�u Claro;Simples;Reta;Sim;4;0;0;0;4;0;0;2;-8,07539;-34,94048;SPRF-PE;DEL01-PE;UOP01-DEL01-PE;;;
720535;23/09/2025;ter�a-feira;21:30:00;MG;381;888,5;CAMBUI;Condutor Dormindo;Sa�da de leito carro��vel;Com V�timas Feridas;Plena Noite;Crescente;C�u Claro;Dupla;Reta;N�o;2;0;1;0;1;0;1;1;-22,52849333;-46,0267067;SPRF-MG;DEL16-MG;UOP01-DEL16-MG;;;
720536;23/09/2025;ter�a-feira;23:20:00;SC;282;517;XAXIM;Ingest�o de �lcool pelo condutor;Sa�da de leito carro��vel;Sem V�timas;Plena Noite;Decrescente;C�u Claro;Simples;Rotat�ria;N�o;1;0;0;0;1;0;0;1;-26,94189483;-52,50405598;SPRF-SC;DEL07-SC;UOP01-DEL07-SC;;;
720537;23/09/2025;ter�a-feira;22:50:00;SP;116;290;ITAPECERICA DA SERRA;Ingest�o de �lcool pelo condutor;Colis�o com objeto;Sem V�timas;Plena Noite;Crescente;Nublado;Dupla;Reta;N�o;1;0;0;0;1;0;0;1;-23,72595466;-46,8931675;SPRF-SP;DEL04-SP;UOP01-DEL04-SP;;;
720538;24/09/2025;quarta-feira;00:30:00;SP;116;3;GUARULHOS;Aus�ncia de rea��o do condutor;Colis�o traseira;Com V�timas Feridas;Plena Noite;Crescente;C�u Claro;Dupla;Curva;N�o;2;0;1;0;1;0;1;2;-23,42547;-46,487791;SPRF-SP;DEL01-SP;UOP01-DEL01-SP;;;
720539;23/09/2025;ter�a-feira;23:57:00;PR;277;694;SAO MIGUEL DO IGUACU;Acessar a via sem observar a presen�a dos outros ve�culos;Colis�o lateral mesmo sentido;Com V�timas Feridas;Plena Noite;Crescente;C�u Claro;Dupla;"Reta;Interse��o de Vias";N�o;6;0;1;0;5;0;1;2;-25,3729326;-54,2731461;SPRF-PR;DEL05-PR;UOP01-DEL05-PR;;;
720540;23/09/2025;ter�a-feira;20:30:00;MA;316;392;BACABAL;Transitar na contram�o;Colis�o frontal;Com V�timas Feridas;Plena Noite;Decrescente;C�u Claro;Simples;Curva;N�o;5;0;3;0;2;0;3;2;-4,173562;-44,52;SPRF-MA;DEL03-MA;UOP01-DEL03-MA;;;
720541;23/09/2025;ter�a-feira;22:30:00;SC;470;65;INDAIAL;Ultrapassagem Indevida;Colis�o transversal;Com V�timas Feridas;Plena Noite;Decrescente;C�u Claro;Simples;"Reta;Em Obras";N�o;2;0;0;1;1;0;1;2;-26,87054722;-49,22782391;SPRF-SC;DEL04-SC;UOP01-DEL04-SC;;;
720542;24/09/2025;quarta-feira;02:00:00;RS;392;343;SANTA MARIA;Aus�ncia de rea��o do condutor;Sa�da de leito carro��vel;Com V�timas Feridas;Plena Noite;Crescente;C�u Claro;Simples;"Reta;Aclive";N�o;1;0;1;0;0;0;1;1;-29,79378486;-53,78007174;SPRF-RS;DEL09-RS;UOP01-DEL09-RS;;;
720547;24/09/2025;quarta-feira;05:40:00;SP;116;67,8;APARECIDA;Condutor Dormindo;Colis�o com objeto;Com V�timas Feridas;Amanhecer;Crescente;Nublado;Dupla;Reta;N�o;1;0;1;0;0;0;1;1;-22,83248103;-45,21605579;SPRF-SP;DEL08-SP;UOP01-DEL08-SP;;;
720548;24/09/2025;quarta-feira;06:10:00;PB;101;88,7;JOAO PESSOA;Falta de elemento de conten��o que evite a sa�da do leito carro��vel;Sa�da de leito carro��vel;Com V�timas Feridas;Pleno dia;Crescente;C�u Claro;Dupla;Reta;Sim;1;0;0;1;0;0;1;1;-7,1713727;-34,8975742;SPRF-PB;DEL01-PB;UOP01-DEL01-PB;;;