id;data_inversa;dia_semana;horario;uf;br;km;municipio;causa_acidente;tipo_acidente;classificacao_acidente;fase_dia;sentido_via;condicao_metereologica;tipo_pista;tracado_via;uso_solo;pessoas;mortos;feridos_leves;feridos_graves;ilesos;ignorados;feridos;veiculos;latitude;longitude;regional;delegacia;uop;;;
720549;24/09/2025;quarta-feira;06:10:00;RJ;116;177;QUEIMADOS;Rea��o tardia ou ineficiente do condutor;Colis�o lateral mesmo sentido;Com V�timas Feridas;Pleno dia;Decrescente;Nublado;M�ltipla;Reta;Sim;2;0;1;0;1;0;1;2;-22,7347825;-43,5521331;SPRF-RJ;DEL06-RJ;UOP01-DEL06-RJ;;;
720550;23/09/2025;ter�a-feira;22:45:00;PR;277;73;SAO JOSE DOS PINHAIS;Rea��o tardia ou ineficiente do condutor;Atropelamento de Pedestre;Com V�timas Feridas;Plena Noite;Decrescente;Ignorado;Simples;Reta;Sim;2;0;1;0;0;1;1;2;-25,50227813;-49,14943317;SPRF-PR;DEL01-PR;UOP07-DEL01-PR;;;
720551;23/09/2025;ter�a-feira;22:30:00;MA;135;185;SAO MATEUS DO MARANHAO;Aus�ncia de rea��o do condutor;Queda de ocupante de ve�culo;Com V�timas Fatais;Plena Noite;Crescente;C�u Claro;Simples;Reta;N�o;2;1;0;0;0;1;0;2;-4,05335218;-44,471941;SPRF-MA;DEL03-MA;UOP01-DEL03-MA;;;
720552;24/09/2025;quarta-feira;06:35:00;PR;376;549,4;BALSA NOVA;Condutor Dormindo;Sa�da de leito carro��vel;Com V�timas Feridas;Pleno dia;Crescente;C�u Claro;Dupla;"Declive;Reta";N�o;1;0;1;0;0;0;1;1;-25,466537;-49,727512;SPRF-PR;DEL03-PR;UOP03-DEL03-PR;;;
720554;24/09/2025;quarta-feira;06:30:00;RJ;116;137;MAGE;Ultrapassagem Indevida;Colis�o lateral mesmo sentido;Com V�timas Fatais;Pleno dia;Crescente;Nublado;M�ltipla;Reta;N�o;2;1;0;0;1;0;0;2;-22,64713564;-43,18887591;SPRF-RJ;DEL04-RJ;UOP02-DEL04-RJ;;;
720556;24/09/2025;quarta-feira;07:05:00;PR;277;721;FOZ DO IGUACU;Acessar a via sem observar a presen�a dos outros ve�culos;Colis�o transversal;Com V�timas Feridas;Pleno dia;Crescente;C�u Claro;Dupla;"Reta;Retorno Regulamentado";Sim;3;0;3;0;0;0;3;2;-25,5051715;-54,56389368;SPRF-PR;DEL05-PR;UOP03-DEL05-PR;;;
720558;24/09/2025;quarta-feira;07:00:00;SC;470;122,8;IBIRAMA;Acesso irregular;Colis�o lateral mesmo sentido;Com V�timas Feridas;Pleno dia;Decrescente;Nublado;Simples;Curva;N�o;3;0;2;0;1;0;2;2;-27,10685488;-49,5221171;SPRF-SC;DEL04-SC;UOP02-DEL04-SC;;;
720559;23/09/2025;ter�a-feira;23:00:00;RJ;40;67;PETROPOLIS;Condutor Dormindo;Colis�o com objeto;Com V�timas Feridas;Plena Noite;Crescente;Garoa/Chuvisco;Dupla;Reta;N�o;3;0;1;1;1;0;2;1;-22,43107147;-43,1686705;SPRF-RJ;DEL05-RJ;UOP02-DEL05-RJ;;;
720560;24/09/2025;quarta-feira;06:55:00;PE;101;89,9;JABOATAO DOS GUARARAPES;Condutor deixou de manter dist�ncia do ve�culo da frente;Colis�o traseira;Com V�timas Feridas;Pleno dia;Crescente;Nublado;Dupla;Reta;N�o;4;0;2;0;2;0;2;2;-8,20529;-34,98231;SPRF-PE;DEL01-PE;UOP01-DEL01-PE;;;
720561;24/09/2025;quarta-feira;05:00:00;MS;60;447;SIDROLANDIA;Animais na Pista;Atropelamento de Animal;Com V�timas Feridas;Pleno dia;Crescente;C�u Claro;Simples;"Reta;Aclive";N�o;7;0;2;0;5;0;2;2;-20,99818866;-55,11377184;SPRF-MS;DEL01-MS;UOP04-DEL01-MS;;;
720562;24/09/2025;quarta-feira;07:40:00;SC;101;158,7;PORTO BELO;Acessar a via sem observar a presen�a dos outros ve�culos;Colis�o transversal;Com V�timas Feridas;Pleno dia;Crescente;Sol;Dupla;"Reta;Rotat�ria";N�o;3;0;2;0;1;0;2;2;-27,19486925;-48,61305356;SPRF-SC;DEL04-SC;UOP03-DEL04-SC;;;
720564;24/09/2025;quarta-feira;07:48:00;DF;70;18;BRASILIA;Manobra de mudan�a de faixa;Colis�o transversal;Com V�timas Feridas;Pleno dia;Crescente;Nublado;Dupla;"Reta;Aclive";N�o;2;0;1;0;1;0;1;2;-15,78948783;-48,21733028;SPRF-DF;DEL03-DF;UOP02-DEL03-DF;;;
720565;20/09/2025;s�bado;19:02:00;AP;210;1;MACAPA;Ingest�o de �lcool pelo condutor;Tombamento;Com V�timas Feridas;Plena Noite;Decrescente;C�u Claro;Dupla;Reta;Sim;1;0;1;0;0;0;1;1;0,07967708;-51,07182837;SPRF-AP;DEL01-AP;UOP01-DEL01-AP;;;
720566;11/09/2025;quinta-feira;07:45:00;SC;280;70,8;JARAGUA DO SUL;Trafegar com motocicleta (ou similar) entre as faixas;Colis�o transversal;Com V�timas Feridas;Pleno dia;Decrescente;Nublado;Simples;Reta;N�o;2;0;1;0;0;1;1;2;-26,460808;-49,136932;SPRF-SC;DEL03-SC;UOP03-DEL03-SC;;;
720568;24/09/2025;quarta-feira;07:30:00;PR;476;144;CURITIBA;Manobra de mudan�a de faixa;Colis�o lateral mesmo sentido;Com V�timas Feridas;Pleno dia;Crescente;Nublado;Dupla;Reta;N�o;3;0;1;0;1;1;1;2;-25,5446186;-49,31539234;SPRF-PR;DEL01-PR;UOP06-DEL01-PR;;;
720569;24/09/2025;quarta-feira;07:40:00;RS;386;337;MARQUES DE SOUZA;Demais falhas mec�nicas ou el�tricas;Eventos at�picos;Com V�timas Feridas;Pleno dia;Crescente;Nublado;Dupla;"Em Obras;Reta";N�o;3;0;1;0;2;0;1;1;-29,39686;-52,04192;SPRF-RS;DEL04-RS;UOP01-DEL04-RS;;;
720571;24/09/2025;quarta-feira;08:00:00;SC;282;1,9;FLORIANOPOLIS;Ultrapassagem Indevida;Colis�o lateral mesmo sentido;Com V�timas Feridas;Pleno dia;Decrescente;C�u Claro;M�ltipla;Reta;Sim;2;0;1;1;0;0;2;2;-27,603395;-48,5895;SPRF-SC;DEL01-SC;UOP01-DEL01-SC;;;
720572;24/09/2025;quarta-feira;07:45:00;PR;116;105;SAO JOSE DOS PINHAIS;Condutor deixou de manter dist�ncia do ve�culo da frente;Colis�o traseira;Com V�timas Feridas;Pleno dia;Decrescente;C�u Claro;M�ltipla;Reta;Sim;2;0;1;0;1;0;1;2;-25,57085649;-49,21401707;SPRF-PR;DEL01-PR;UOP07-DEL01-PR;;;
720575;24/09/2025;quarta-feira;08:01:00;RS;472;572;URUGUAIANA;Condutor deixou de manter dist�ncia do ve�culo da frente;Colis�o lateral mesmo sentido;Com V�timas Feridas;Pleno dia;Decrescente;C�u Claro;Simples;Reta;Sim;4;0;2;0;2;0;2;2;-29,7658972;-57,03170226;SPRF-RS;DEL13-RS;UOP01-DEL13-RS;;;
720576;20/09/2025;s�bado;13:40:00;AL;104;92,5;RIO LARGO;Aus�ncia de rea��o do condutor;Atropelamento de Pedestre;Com V�timas Feridas;Pleno dia;Decrescente;C�u Claro;Dupla;Reta;Sim;3;0;0;2;1;0;2;2;-9,518458;-35,803047;SPRF-AL;DEL01-AL;UOP01-DEL01-AL;;;
720577;24/09/2025;quarta-feira;08:30:00;ES;101;298;VIANA;Demais falhas mec�nicas ou el�tricas;Inc�ndio;Sem V�timas;Pleno dia;Crescente;C�u Claro;Dupla;Reta;Sim;1;0;0;0;1;0;0;1;-20,34983965;-40,41262719;SPRF-ES;DEL01-ES;UOP01-DEL01-ES;;;
720578;24/09/2025;quarta-feira;08:38:00;PB;230;17,8;JOAO PESSOA;Aus�ncia de rea��o do condutor;Queda de ocupante de ve�culo;Com V�timas Feridas;Pleno dia;Decrescente;C�u Claro;Dupla;Declive;Sim;1;0;1;0;0;0;1;1;-7,128703;-34,847587;SPRF-PB;DEL01-PB;UOP01-DEL01-PB;;;
720579;24/09/2025;quarta-feira;08:20:00;PE;101;56;PAULISTA;�rea urbana sem a presen�a de local apropriado para a travessia de pedestres;Atropelamento de Pedestre;Com V�timas Feridas;Pleno dia;Decrescente;C�u Claro;Dupla;Reta;Sim;2;0;1;1;0;0;2;2;-7,958253;-34,912084;SPRF-PE;DEL01-PE;UOP02-DEL01-PE;;;
720580;12/09/2025;sexta-feira;14:05:00;MS;376;33;VICENTINA;Aus�ncia de rea��o do condutor;Sa�da de leito carro��vel;Sem V�timas;Pleno dia;Crescente;C�u Claro;Simples;Reta;N�o;1;0;0;0;0;1;0;1;-22,398574;-54,467685;SPRF-MS;DEL04-MS;UOP01-DEL04-MS;;;
720582;24/09/2025;quarta-feira;06:15:00;RJ;101;324;NITEROI;Mal s�bito do condutor;Colis�o lateral mesmo sentido;Com V�timas Feridas;Pleno dia;Crescente;Nublado;Dupla;Reta;Sim;2;0;1;0;1;0;1;2;-22,87317013;-43,13344002;SPRF-RJ;DEL02-RJ;UOP01-DEL02-RJ;;;
720583;20/09/2025;s�bado;15:40:00;SC;101;193;BIGUACU;Ingest�o de �lcool pelo condutor;Sa�da de leito carro��vel;Sem V�timas;Pleno dia;Crescente;C�u Claro;Dupla;Reta;Sim;1;0;0;0;1;0;0;1;-27,49245;-48,65688;SPRF-SC;DEL01-SC;UOP01-DEL01-SC;;;
720585;13/09/2025;s�bado;18:13:00;MS;163;614;SAO GABRIEL DO OESTE;Acessar a via sem observar a presen�a dos outros ve�culos;Colis�o transversal;Com V�timas Feridas;Anoitecer;Crescente;C�u Claro;Simples;Reta;N�o;3;0;1;0;2;0;1;2;-19,39940566;-54,56523512;SPRF-MS;DEL06-MS;UOP02-DEL06-MS;;;
720586;24/09/2025;quarta-feira;08:20:00;MG;116;524,4;CARATINGA;Velocidade Incompat�vel;Colis�o traseira;Com V�timas Feridas;Pleno dia;Decrescente;Sol;Simples;Reta;Sim;3;0;2;0;1;0;2;2;-19,76678517;-42,13114858;SPRF-MG;DEL06-MG;UOP02-DEL06-MG;;;
720595;24/09/2025;quarta-feira;09:40:00;GO;364;192;JATAI;Acumulo de �leo sobre o pavimento;Queda de ocupante de ve�culo;Com V�timas Feridas;Pleno dia;Decrescente;C�u Claro;Dupla;Reta;N�o;1;0;1;0;0;0;1;1;-17,91714309;-51,69483304;SPRF-GO;DEL05-GO;UOP01-DEL05-GO;;;
720596;24/09/2025;quarta-feira;09:30:00;SP;116;219;GUARULHOS;Manobra de mudan�a de faixa;Colis�o com objeto;Com V�timas Feridas;Pleno dia;Crescente;Nublado;M�ltipla;Reta;Sim;2;0;1;0;1;0;1;2;-23,46401158;-46,49702358;SPRF-SP;DEL01-SP;UOP01-DEL01-SP;;;
720598;24/09/2025;quarta-feira;09:40:00;PB;230;5;CABEDELO;Manobra de mudan�a de faixa;Colis�o lateral mesmo sentido;Com V�timas Feridas;Pleno dia;Crescente;Sol;Dupla;Reta;N�o;2;0;1;0;0;1;1;2;-7,012668;-34,832473;SPRF-PB;DEL01-PB;UOP01-DEL01-PB;;;
720600;24/09/2025;quarta-feira;07:28:00;PR;376;260;CALIFORNIA;Animais na Pista;Atropelamento de Animal;Sem V�timas;Pleno dia;Crescente;C�u Claro;Dupla;Reta;N�o;1;0;0;0;1;0;0;1;-23,69477265;-51,34251401;SPRF-PR;DEL07-PR;UOP03-DEL07-PR;;;
720603;24/09/2025;quarta-feira;09:25:00;MG;365;149;PIRAPORA;Aus�ncia de rea��o do condutor;Sa�da de leito carro��vel;Com V�timas Feridas;Pleno dia;Crescente;C�u Claro;Simples;Reta;N�o;3;0;3;0;0;0;3;1;-17,23623655;-44,82960347;SPRF-MG;DEL10-MG;UOP02-DEL010-MG;;;
720604;24/09/2025;quarta-feira;06:19:00;RJ;116;146,9;DUQUE DE CAXIAS;Transitar no Acostamento;Colis�o transversal;Com V�timas Fatais;Pleno dia;Crescente;C�u Claro;Dupla;Reta;Sim;3;1;1;0;1;0;1;2;-22,668525;-43,26933;SPRF-RJ;DEL01-RJ;UOP02-DEL01-RJ;;;
720608;24/09/2025;quarta-feira;11:26:00;RS;116;267;CANOAS;Demais falhas mec�nicas ou el�tricas;Queda de ocupante de ve�culo;Com V�timas Feridas;Pleno dia;Crescente;C�u Claro;M�ltipla;Reta;Sim;2;0;1;0;0;1;1;2;-29,936679;-51,177372;SPRF-RS;DEL01-RS;UOP01-DEL01-RS;;;
720610;24/09/2025;quarta-feira;11:15:00;RN;226;175,7;CURRAIS NOVOS;Aus�ncia de rea��o do condutor;Colis�o traseira;Com V�timas Feridas;Pleno dia;Crescente;C�u Claro;Dupla;Reta;Sim;2;0;1;0;1;0;1;2;-6,25810581;-36,51285768;SPRF-RN;DEL03-RN;UOP02-DEL03-RN;;;
720611;24/09/2025;quarta-feira;10:50:00;SP;116;213;GUARULHOS;Aus�ncia de rea��o do condutor;Colis�o traseira;Com V�timas Feridas;Pleno dia;Crescente;C�u Claro;Dupla;Reta;N�o;2;0;1;0;1;0;1;2;-23,43960254;-46,43748634;SPRF-SP;DEL01-SP;UOP01-DEL01-SP;;;
720614;24/09/2025;quarta-feira;12:30:00;GO;60;107;GOIANAPOLIS;Acessar a via sem observar a presen�a dos outros ve�culos;Colis�o transversal;Com V�timas Feridas;Pleno dia;Crescente;Chuva;M�ltipla;Reta;N�o;2;0;1;0;1;0;1;2;-16,43583;-49,01894;SPRF-GO;DEL02-GO;UOP01-DEL02-GO;;;
720615;24/09/2025;quarta-feira;12:15:00;PB;230;3,5;CABEDELO;Convers�o proibida;Colis�o transversal;Com V�timas Feridas;Pleno dia;Decrescente;C�u Claro;Dupla;"Em Obras;Reta;Desvio Tempor�rio";Sim;2;0;1;0;1;0;1;2;-7,000078;-34,82833;SPRF-PB;DEL01-PB;UOP01-DEL01-PB;;;
720619;24/09/2025;quarta-feira;12:10:00;RJ;116;145;DUQUE DE CAXIAS;Demais falhas mec�nicas ou el�tricas;Queda de ocupante de ve�culo;Com V�timas Feridas;Pleno dia;Decrescente;Nublado;Dupla;Reta;Sim;1;0;1;0;0;0;1;1;-22,66204784;-43,25429383;SPRF-RJ;DEL01-RJ;UOP02-DEL01-RJ;;;
720620;24/09/2025;quarta-feira;12:50:00;PR;369;203,7;APUCARANA;Manobra de mudan�a de faixa;Colis�o traseira;Com V�timas Feridas;Pleno dia;Crescente;C�u Claro;Simples;"Reta;Aclive";Sim;2;0;1;0;1;0;1;2;-23,54221;-51,45585;SPRF-PR;DEL07-PR;UOP03-DEL07-PR;;;
720621;24/09/2025;quarta-feira;08:00:00;AP;156;741;OIAPOQUE;Restri��o de visibilidade em curvas horizontais;Sa�da de leito carro��vel;Sem V�timas;Pleno dia;Decrescente;C�u Claro;Simples;Curva;N�o;2;0;0;0;2;0;0;1;3,380446;-51,711795;SPRF-AP;DEL01-AP;UOP03-DEL01-AP;;;
720622;24/09/2025;quarta-feira;12:10:00;SC;282;218;LAGES;Transitar na contram�o;Colis�o frontal;Com V�timas Feridas;Pleno dia;Crescente;C�u Claro;Simples;Interse��o de Vias;Sim;3;0;1;0;2;0;1;2;-27,79710776;-50,31340599;SPRF-SC;DEL05-SC;UOP01-DEL05-SC;;;
720624;24/09/2025;quarta-feira;10:35:00;BA;116;22;VITORIA DA CONQUISTA;Rea��o tardia ou ineficiente do condutor;Sa�da de leito carro��vel;Com V�timas Feridas;Pleno dia;Decrescente;C�u Claro;Simples;Reta;N�o;2;0;2;0;0;0;2;1;-14,882297;-40,807255;SPRF-BA;DEL08-BA;UOP01-DEL08-BA;;;
720626;24/09/2025;quarta-feira;13:46:00;SP;153;62;SAO JOSE DO RIO PRETO;Aus�ncia de rea��o do condutor;Colis�o traseira;Com V�timas Feridas;Pleno dia;Crescente;Sol;Dupla;Aclive;Sim;4;0;2;0;2;0;2;2;-20,82022805;-49,35736656;SPRF-SP;DEL09-SP;UOP01-DEL09-SP;;;
720631;24/09/2025;quarta-feira;14:00:00;GO;60;101;ANAPOLIS;Pedestre cruzava a pista fora da faixa;Atropelamento de Pedestre;Com V�timas Feridas;Pleno dia;Crescente;Garoa/Chuvisco;Dupla;"Reta;Aclive";Sim;2;0;0;1;1;0;1;2;-16,39958069;-48,96918721;SPRF-GO;DEL02-GO;UOP01-DEL02-GO;;;
720632;24/09/2025;quarta-feira;14:30:00;PR;277;584;CASCAVEL;Desrespeitar a prefer�ncia no cruzamento;Colis�o traseira;Com V�timas Feridas;Pleno dia;Crescente;C�u Claro;M�ltipla;Interse��o de Vias;Sim;2;0;1;0;1;0;1;2;-24,9647319;-53,4086271;SPRF-PR;DEL04-PR;UOP01-DEL04-PR;;;
720633;20/09/2025;s�bado;11:20:00;RJ;116;177;MESQUITA;Frear bruscamente;Colis�o traseira;Com V�timas Feridas;Pleno dia;Crescente;C�u Claro;Dupla;Reta;Sim;3;0;1;0;2;0;1;2;-22,77685047;-43,39941725;SPRF-RJ;DEL06-RJ;UOP01-DEL06-RJ;;;
720634;11/08/2025;segunda-feira;10:00:00;MG;381;1;BETIM;Aus�ncia de rea��o do condutor;Colis�o traseira;Com V�timas Feridas;Pleno dia;Decrescente;C�u Claro;Dupla;"Aclive;Reta";Sim;3;0;1;0;1;1;1;3;-19,9965668;-44,2090414;SPRF-MG;DEL01-MG;UOP03-DEL01-MG;;;
720635;24/09/2025;quarta-feira;15:20:00;SP;381;45;ATIBAIA;Ultrapassagem Indevida;Colis�o lateral mesmo sentido;Com V�timas Fatais;Pleno dia;Decrescente;Nublado;M�ltipla;Reta;N�o;5;1;1;0;3;0;1;4;-23,1783014;-46,5794758;SPRF-SP;DEL03-SP;UOP01-DEL03-SP;;;
720637;24/09/2025;quarta-feira;14:10:00;RO;174;15;VILHENA;Ultrapassagem Indevida;Colis�o lateral mesmo sentido;Com V�timas Feridas;Pleno dia;Decrescente;Nublado;Simples;"Reta;Interse��o de Vias";Sim;2;0;2;0;0;0;2;2;-12,72280292;-60,12791131;SPRF-RO;DEL04-RO;UOP01-DEL04-RO;;;
720638;24/09/2025;quarta-feira;13:20:00;MG;365;234;BURITIZEIRO;Aus�ncia de rea��o do condutor;Sa�da de leito carro��vel;Com V�timas Feridas;Pleno dia;Decrescente;Nublado;Simples;Reta;N�o;1;0;1;0;0;0;1;1;-17,701446;-45,410748;SPRF-MG;DEL10-MG;UOP02-DEL010-MG;;;
720643;24/09/2025;quarta-feira;13:37:00;MT;364;261,5;JUSCIMEIRA;Rea��o tardia ou ineficiente do condutor;Colis�o traseira;Com V�timas Feridas;Pleno dia;Crescente;Sol;Dupla;Reta;N�o;2;0;1;0;1;0;1;2;-16,02703758;-54,89350945;SPRF-MT;DEL02-MT;UOP01-DEL02-MT;;;
720644;24/09/2025;quarta-feira;15:25:00;SP;381;57;MAIRIPORA;Acumulo de �leo sobre o pavimento;Colis�o com objeto;Com V�timas Feridas;Pleno dia;Decrescente;Garoa/Chuvisco;Dupla;"Aclive;Curva";Sim;1;0;1;0;0;0;1;1;-23,35595576;-46,55702927;SPRF-SP;DEL03-SP;UOP01-DEL03-SP;;;
720645;24/09/2025;quarta-feira;12:00:00;PI;343;339,3;TERESINA;Rea��o tardia ou ineficiente do condutor;Sa�da de leito carro��vel;Com V�timas Feridas;Pleno dia;Crescente;Sol;Dupla;Curva;Sim;2;0;1;0;1;0;1;1;-5,069231;-42,733441;SPRF-PI;DEL01-PI;UOP01-DEL01-PI;;;
720648;24/09/2025;quarta-feira;12:15:00;PR;163;15;BOM JESUS DO SUL;Demais falhas mec�nicas ou el�tricas;Sa�da de leito carro��vel;Com V�timas Feridas;Pleno dia;Crescente;C�u Claro;Simples;Curva;N�o;2;0;1;0;1;0;1;1;-26,19056372;-53,65499496;SPRF-PR;DEL02-PR;UOP02-DEL02-PR;;;
720651;24/09/2025;quarta-feira;16:20:00;SP;116;148;SAO JOSE DOS CAMPOS;Manobra de mudan�a de faixa;Colis�o traseira;Com V�timas Feridas;Pleno dia;Decrescente;Nublado;Dupla;Reta;Sim;2;0;1;0;1;0;1;2;-23,1997864;-45,87815221;SPRF-SP;DEL02-SP;UOP01-DEL02-SP;;;
720654;24/09/2025;quarta-feira;15:45:00;SP;116;148;SAO JOSE DOS CAMPOS;Demais falhas mec�nicas ou el�tricas;Tombamento;Com V�timas Feridas;Pleno dia;Decrescente;Nublado;Dupla;Reta;N�o;1;0;0;1;0;0;1;1;-23,19735394;-45,8751861;SPRF-SP;DEL02-SP;UOP01-DEL02-SP;;;
720656;24/09/2025;quarta-feira;17:00:00;PB;101;85;BAYEUX;Aus�ncia de rea��o do condutor;Engavetamento;Sem V�timas;Pleno dia;Crescente;C�u Claro;Dupla;Reta;Sim;4;0;0;0;4;0;0;3;-7,148146;-34,913573;SPRF-PB;DEL01-PB;UOP01-DEL01-PB;;;
720660;24/09/2025;quarta-feira;17:00:00;GO;60;389;RIO VERDE;Objeto est�tico sobre o leito carro��vel;Colis�o com objeto;Sem V�timas;Pleno dia;Decrescente;C�u Claro;Dupla;"Retorno Regulamentado;Reta";Sim;2;0;0;0;2;0;0;1;-17,825048;-50,962133;SPRF-GO;DEL04-GO;UOP02-DEL04-GO;;;
720661;24/09/2025;quarta-feira;17:00:00;SC;101;149;ITAPEMA;Acessar a via sem observar a presen�a dos outros ve�culos;Colis�o transversal;Com V�timas Feridas;Pleno dia;Decrescente;C�u Claro;Simples;Reta;Sim;2;0;1;0;1;0;1;2;-27,10987176;-48,61178253;SPRF-SC;DEL04-SC;UOP03-DEL04-SC;;;
720662;24/09/2025;quarta-feira;16:30:00;RJ;101;436;MANGARATIBA;Chuva;Tombamento;Com V�timas Feridas;Pleno dia;Decrescente;Chuva;Simples;Curva;N�o;1;0;1;0;0;0;1;1;-22,9481546;-44,06589255;SPRF-RJ;DEL03-RJ;UOP02-DEL03-RJ;;;
720664;24/09/2025;quarta-feira;17:40:00;SC;280;48;GUARAMIRIM;Rea��o tardia ou ineficiente do condutor;Colis�o traseira;Com V�timas Feridas;Anoitecer;Decrescente;C�u Claro;Dupla;Reta;N�o;2;0;0;1;1;0;1;2;-26,456967;-48,927997;SPRF-SC;DEL03-SC;UOP03-DEL03-SC;;;
720665;24/09/2025;quarta-feira;17:35:00;RS;116;146,8;CAXIAS DO SUL;Acessar a via sem observar a presen�a dos outros ve�culos;Colis�o transversal;Sem V�timas;Pleno dia;Crescente;C�u Claro;Dupla;"Reta;Interse��o de Vias";Sim;3;0;0;0;3;0;0;3;-29,14838518;-51,14219427;SPRF-RS;DEL05-RS;UOP01-DEL05-RS;;;
720668;24/09/2025;quarta-feira;17:45:00;DF;40;2;BRASILIA;Condutor Dormindo;Sa�da de leito carro��vel;Sem V�timas;Anoitecer;Crescente;C�u Claro;Dupla;Reta;Sim;1;0;0;0;1;0;0;1;-15,99158239;-47,98640281;SPRF-DF;DEL01-DF;UOP01-DEL01-DF;;;
720669;24/09/2025;quarta-feira;17:40:00;RN;226;14;MACAIBA;Acessar a via sem observar a presen�a dos outros ve�culos;Colis�o transversal;Com V�timas Feridas;Anoitecer;Decrescente;C�u Claro;Simples;Interse��o de Vias;Sim;2;0;1;0;1;0;1;2;-5,856069;-35,33411264;SPRF-RN;DEL01-RN;UOP02-DEL01-RN;;;
720671;24/09/2025;quarta-feira;18:00:00;RN;101;82;NATAL;Aus�ncia de rea��o do condutor;Colis�o traseira;Com V�timas Feridas;Plena Noite;Decrescente;C�u Claro;Dupla;Reta;Sim;3;0;3;0;0;0;3;2;-5,769047;-35,271457;SPRF-RN;DEL02-RN;UOP01-DEL02-RN;;;
720672;24/09/2025;quarta-feira;17:40:00;RJ;101;322;NITEROI;Manobra de mudan�a de faixa;Colis�o lateral mesmo sentido;Com V�timas Feridas;Anoitecer;Decrescente;C�u Claro;M�ltipla;"Interse��o de Vias;Reta";Sim;4;0;2;0;1;1;2;3;-22,87919755;-43,11238337;SPRF-RJ;DEL02-RJ;UOP01-DEL02-RJ;;;
720674;24/09/2025;quarta-feira;18:20:00;PB;230;15,9;JOAO PESSOA;Frear bruscamente;Tombamento;Com V�timas Feridas;Plena Noite;Crescente;Nublado;Dupla;Reta;Sim;1;0;1;0;0;0;1;1;-7,1039491;-34,8460756;SPRF-PB;DEL01-PB;UOP01-DEL01-PB;;;
720675;24/09/2025;quarta-feira;17:20:00;BA;324;528;FEIRA DE SANTANA;Rea��o tardia ou ineficiente do condutor;Colis�o traseira;Sem V�timas;Anoitecer;Decrescente;C�u Claro;Dupla;Reta;Sim;2;0;0;0;1;1;0;2;-12,3157945;-38,8773928;SPRF-BA;DEL01-BA;UOP03-DEL01-BA;;;
720677;24/09/2025;quarta-feira;19:00:00;BA;324;524;FEIRA DE SANTANA;Manobra de mudan�a de faixa;Colis�o lateral mesmo sentido;Com V�timas Feridas;Plena Noite;Crescente;C�u Claro;Dupla;Reta;N�o;2;0;1;0;0;1;1;2;-12,3002715;-38,8970224;SPRF-BA;DEL01-BA;UOP03-DEL01-BA;;;
720681;24/09/2025;quarta-feira;18:10:00;RS;101;23,2;TRES CACHOEIRAS;Desrespeitar a prefer�ncia no cruzamento;Colis�o transversal;Com V�timas Feridas;Pleno dia;Crescente;C�u Claro;Simples;Interse��o de Vias;Sim;2;0;1;0;1;0;1;2;-29,44864254;-49,91439627;SPRF-RS;DEL03-RS;UOP02-DEL03-RS;;;
720682;24/09/2025;quarta-feira;17:35:00;SC;470;140,4;RIO DO SUL;Acessar a via sem observar a presen�a dos outros ve�culos;Colis�o transversal;Com V�timas Feridas;Pleno dia;Crescente;C�u Claro;Simples;"Reta;Aclive";Sim;2;0;1;0;1;0;1;2;-27,204992;-49,64103;SPRF-SC;DEL04-SC;UOP02-DEL04-SC;;;
720683;24/09/2025;quarta-feira;17:50:00;RJ;40;93;PETROPOLIS;Pista Escorregadia;Queda de ocupante de ve�culo;Com V�timas Feridas;Anoitecer;Crescente;Chuva;Simples;Curva;N�o;1;0;1;0;0;0;1;1;-22,5284852;-43,2228284;SPRF-RJ;DEL01-RJ;UOP01-DEL01-RJ;;;
720684;24/09/2025;quarta-feira;18:30:00;AL;316;263;SATUBA;Convers�o proibida;Colis�o frontal;Com V�timas Feridas;Plena Noite;Crescente;C�u Claro;Simples;Reta;N�o;3;0;1;0;2;0;1;2;-9,58708;-35,876385;SPRF-AL;DEL02-AL;UOP01-DEL02-AL;;;
720685;24/09/2025;quarta-feira;19:12:00;PE;232;410,4;SERRA TALHADA;Acesso irregular;Colis�o transversal;Com V�timas Feridas;Plena Noite;Decrescente;C�u Claro;Simples;Reta;Sim;2;0;0;2;0;0;2;2;-7,98148;-38,304517;SPRF-PE;DEL04-PE;UOP01-DEL04-PE;;;
720686;24/09/2025;quarta-feira;19:17:00;PE;104;68;CARUARU;Aus�ncia de rea��o do condutor;Colis�o traseira;Com V�timas Feridas;Plena Noite;Crescente;C�u Claro;Dupla;"Reta;Aclive";Sim;2;0;1;0;0;1;1;2;-8,30323665;-35,98881025;SPRF-PE;DEL02-PE;UOP01-DEL02-PE;;;
720688;24/09/2025;quarta-feira;13:55:00;RO;364;811;PORTO VELHO;Retorno proibido;Colis�o traseira;Com V�timas Feridas;Pleno dia;Decrescente;C�u Claro;Simples;Reta;N�o;4;0;0;4;0;0;4;2;-9,2714635;-64,49229687;SPRF-RO;DEL01-RO;UOP02-DEL01-RO;;;
720691;24/09/2025;quarta-feira;18:40:00;RJ;40;7;COMENDADOR LEVY GASPARIAN;Animais na Pista;Atropelamento de Animal;Com V�timas Feridas;Plena Noite;Crescente;C�u Claro;Dupla;"Reta;Aclive";N�o;1;0;1;0;0;0;1;1;-22,03982165;-43,22111607;SPRF-RJ;DEL05-RJ;UOP02-DEL05-RJ;;;