id;data_inversa;dia_semana;horario;uf;br;km;municipio;causa_acidente;tipo_acidente;classificacao_acidente;fase_dia;sentido_via;condicao_metereologica;tipo_pista;tracado_via;uso_solo;pessoas;mortos;feridos_leves;feridos_graves;ilesos;ignorados;feridos;veiculos;latitude;longitude;regional;delegacia;uop;;;
720692;24/09/2025;quarta-feira;19:10:00;MS;163;420;CAMPO GRANDE;Aus�ncia de rea��o do condutor;Tombamento;Com V�timas Feridas;Plena Noite;Crescente;C�u Claro;Simples;Reta;Sim;2;0;2;0;0;0;2;1;-20,985175;-54,50577058;SPRF-MS;DEL01-MS;UOP01-DEL01-MS;;;
720693;24/09/2025;quarta-feira;20:15:00;SP;116;212;GUARULHOS;Manobra de mudan�a de faixa;Colis�o traseira;Com V�timas Feridas;Plena Noite;Decrescente;Nublado;M�ltipla;Reta;Sim;4;0;0;1;2;1;1;3;-23,43700327;-46,43134165;SPRF-SP;DEL01-SP;UOP01-DEL01-SP;;;
720694;24/09/2025;quarta-feira;19:22:00;PE;101;82;JABOATAO DOS GUARARAPES;Manobra de mudan�a de faixa;Colis�o lateral mesmo sentido;Com V�timas Feridas;Plena Noite;Decrescente;Nublado;Dupla;"Reta;Aclive";Sim;1;0;1;0;0;0;1;1;-8,17088181;-34,93758559;SPRF-PE;DEL01-PE;UOP01-DEL01-PE;;;
720696;24/09/2025;quarta-feira;18:30:00;MG;262;144;RIO CASCA;Animais na Pista;Atropelamento de Animal;Com V�timas Feridas;Plena Noite;Crescente;C�u Claro;Simples;"Reta;Aclive";N�o;2;0;1;0;1;0;1;1;-20,04787213;-42,72494613;SPRF-MG;DEL03-MG;UOP03-DEL03-MG;;;
720698;24/09/2025;quarta-feira;20:31:00;GO;70;6,9;AGUAS LINDAS DE GOIAS;Frear bruscamente;Colis�o lateral mesmo sentido;Com V�timas Fatais;Plena Noite;Crescente;C�u Claro;Dupla;Reta;Sim;6;1;0;1;3;1;1;4;-15,744154;-48,267313;SPRF-DF;DEL03-DF;UOP02-DEL03-DF;;;
720703;24/09/2025;quarta-feira;20:00:00;BA;410;32;TUCANO;Manobra de mudan�a de faixa;Tombamento;Com V�timas Feridas;Plena Noite;Crescente;C�u Claro;Simples;Reta;N�o;2;0;2;0;0;0;2;2;-10,9742734;-38,77275676;SPRF-BA;DEL07-BA;UOP02-DEL07-BA;;;
720704;24/09/2025;quarta-feira;19:20:00;SC;280;147,9;MAFRA;Rea��o tardia ou ineficiente do condutor;Sa�da de leito carro��vel;Com V�timas Feridas;Plena Noite;Decrescente;C�u Claro;Simples;Reta;N�o;1;0;1;0;0;0;1;1;-26,247572;-49,675992;SPRF-SC;DEL06-SC;UOP03-DEL06-SC;;;
720706;24/09/2025;quarta-feira;21:48:00;RS;116;259;ESTEIO;Aus�ncia de rea��o do condutor;Tombamento;Com V�timas Feridas;Plena Noite;Decrescente;C�u Claro;M�ltipla;Reta;Sim;1;0;1;0;0;0;1;1;-29,86074674;-51,18080847;SPRF-RS;DEL01-RS;UOP02-DEL01-RS;;;
720707;24/09/2025;quarta-feira;20:00:00;MT;163;1034;MATUPA;Aus�ncia de rea��o do condutor;Colis�o frontal;Com V�timas Feridas;Plena Noite;Decrescente;C�u Claro;Simples;Reta;N�o;2;0;2;0;0;0;2;2;-10,21242;-54,96496;SPRF-MT;DEL06-MT;UOP03-DEL06-MT;;;
720709;24/09/2025;quarta-feira;09:30:00;RJ;101;313;SAO GONCALO;Aus�ncia de rea��o do condutor;Colis�o traseira;Com V�timas Feridas;Pleno dia;Crescente;C�u Claro;Dupla;Reta;Sim;2;0;1;0;1;0;1;2;-22,81036482;-43,06983948;SPRF-RJ;DEL02-RJ;UOP02-DEL02-RJ;;;
720710;24/09/2025;quarta-feira;21:17:00;MG;262;144;RIO CASCA;Animais na Pista;Atropelamento de Animal;Sem V�timas;Plena Noite;Crescente;C�u Claro;Simples;"Reta;Aclive";N�o;2;0;0;0;2;0;0;1;-20,04014462;-42,73096562;SPRF-MG;DEL03-MG;UOP03-DEL03-MG;;;
720711;24/09/2025;quarta-feira;22:00:00;RS;158;326;SANTA MARIA;Ingest�o de �lcool pelo condutor;Colis�o lateral mesmo sentido;Sem V�timas;Plena Noite;Crescente;C�u Claro;Simples;Reta;Sim;2;0;0;0;2;0;0;2;-29,71348439;-53,80799692;SPRF-RS;DEL09-RS;UOP01-DEL09-RS;;;
720712;14/09/2025;domingo;11:32:00;RN;437;0,7;MOSSORO;Aus�ncia de rea��o do condutor;Tombamento;Com V�timas Feridas;Pleno dia;Crescente;C�u Claro;Simples;Reta;Sim;1;0;1;0;0;0;1;1;-5,215815;-37,503468;SPRF-RN;DEL04-RN;UOP02-DEL04-RN;;;
720713;12/03/2025;quarta-feira;11:05:00;SP;116;451;REGISTRO;Avarias e/ou desgaste excessivo no pneu;Queda de ocupante de ve�culo;Com V�timas Feridas;Pleno dia;Crescente;C�u Claro;Dupla;"Aclive;Reta";Sim;1;0;0;1;0;0;1;1;-24,55681951;-47,86509705;SPRF-SP;DEL05-SP;UOP01-DEL05-SP;;;
720715;24/09/2025;quarta-feira;13:00:00;PB;427;28,9;POMBAL;Velocidade Incompat�vel;Tombamento;Com V�timas Feridas;Pleno dia;Decrescente;Sol;Simples;Reta;N�o;1;0;0;1;0;0;1;1;-6,74095;-37,71819;SPRF-PB;DEL03-PB;UOP02-DEL03-PB;;;
720716;24/09/2025;quarta-feira;17:40:00;RJ;465;6;SEROPEDICA;Ingest�o de �lcool pelo condutor;Colis�o traseira;Sem V�timas;Plena Noite;Decrescente;Chuva;Dupla;Reta;N�o;3;0;0;0;3;0;0;2;-22,7147776;-43,7223424;SPRF-RJ;DEL06-RJ;UOP02-DEL06-RJ;;;
720719;24/09/2025;quarta-feira;23:00:00;PR;369;152,3;LONDRINA;Condutor Dormindo;Colis�o frontal;Com V�timas Feridas;Plena Noite;Decrescente;C�u Claro;Dupla;Reta;Sim;2;0;2;0;0;0;2;2;-23,29220471;-51,182127;SPRF-PR;DEL07-PR;UOP01-DEL07-PR;;;
720720;24/09/2025;quarta-feira;22:50:00;MG;40;783,9;JUIZ DE FORA;Rea��o tardia ou ineficiente do condutor;Sa�da de leito carro��vel;Com V�timas Feridas;Plena Noite;Decrescente;Chuva;Dupla;Curva;N�o;2;0;2;0;0;0;2;1;-21,729039;-43,436743;SPRF-MG;DEL05-MG;UOP01-DEL05-MG;;;
720722;24/09/2025;quarta-feira;20:00:00;RJ;493;20;MAGE;Ingest�o de �lcool pelo condutor;Colis�o frontal;Sem V�timas;Plena Noite;Decrescente;Chuva;Dupla;Reta;N�o;2;0;0;0;2;0;0;2;-22,65869029;-43,0777359;SPRF-RJ;DEL04-RJ;UOP02-DEL04-RJ;;;
720724;25/09/2025;quinta-feira;00:30:00;MG;153;182;FRUTAL;Aus�ncia de rea��o do condutor;Sa�da de leito carro��vel;Com V�timas Feridas;Plena Noite;Crescente;C�u Claro;Simples;Reta;N�o;1;0;0;1;0;0;1;1;-19,8488201;-48,963787;SPRF-MG;DEL13-MG;UOP02-DEL13-MG;;;
720726;25/09/2025;quinta-feira;01:20:00;BA;324;613;SALVADOR;Animais na Pista;Atropelamento de Animal;Com V�timas Feridas;Plena Noite;Crescente;Nublado;Dupla;Reta;N�o;1;0;1;0;0;0;1;1;-12,858425;-38,42165;SPRF-BA;DEL01-BA;UOP01-DEL01-BA;;;
720727;25/09/2025;quinta-feira;00:05:00;PR;277;729;FOZ DO IGUACU;Condutor deixou de manter dist�ncia do ve�culo da frente;Colis�o traseira;Com V�timas Feridas;Plena Noite;Decrescente;C�u Claro;Dupla;Reta;N�o;3;0;0;2;1;0;2;2;-25,50761953;-54,58387312;SPRF-PR;DEL05-PR;UOP03-DEL05-PR;;;
720728;25/09/2025;quinta-feira;00:55:00;PB;101;85;BAYEUX;Acumulo de areia ou detritos sobre o pavimento;Colis�o com objeto;Com V�timas Feridas;Pleno dia;Crescente;Nublado;M�ltipla;Interse��o de Vias;Sim;4;0;3;0;1;0;3;1;-7,14322064;-34,91904804;SPRF-PB;DEL01-PB;UOP01-DEL01-PB;;;
720729;25/09/2025;quinta-feira;01:10:00;MG;40;460,2;CAETANOPOLIS;Problema com o freio;Colis�o com objeto;Com V�timas Feridas;Plena Noite;Crescente;Nublado;Simples;Declive;N�o;1;0;1;0;0;0;1;1;-19,39847;-44,33563;SPRF-MG;DEL02-MG;UOP01-DEL02-MG;;;
720734;25/09/2025;quinta-feira;04:40:00;SC;101;334,6;TUBARAO;Pedestre andava na pista;Atropelamento de Pedestre;Com V�timas Fatais;Plena Noite;Crescente;Nublado;M�ltipla;Reta;Sim;2;1;0;0;1;0;0;2;-28,47309571;-49,02433813;SPRF-SC;DEL02-SC;UOP01-DEL02-SC;;;
720738;25/09/2025;quinta-feira;05:10:00;BA;242;428;SEABRA;Pista Escorregadia;Sa�da de leito carro��vel;Com V�timas Feridas;Amanhecer;Decrescente;Chuva;Simples;Reta;N�o;9;0;7;1;1;0;8;1;-12,42700962;-41,83259965;SPRF-BA;DEL06-BA;UOP01-DEL06-BA;;;
720739;25/09/2025;quinta-feira;00:40:00;MG;116;482,2;DOM CAVATI;Pedestre andava na pista;Atropelamento de Pedestre;Com V�timas Fatais;Plena Noite;Decrescente;Nublado;Simples;Reta;N�o;2;1;0;0;1;0;0;2;-19,415778;-42,118558;SPRF-MG;DEL06-MG;UOP02-DEL06-MG;;;
720740;25/09/2025;quinta-feira;00:45:00;PA;230;165;ITUPIRANGA;Animais na Pista;Atropelamento de Animal;Com V�timas Fatais;Plena Noite;Decrescente;C�u Claro;Simples;Reta;N�o;3;2;0;0;0;1;0;2;-5,13419415;-49,39446032;SPRF-PA;DEL03-PA;UOP01-DEL03-PA;;;
720741;25/09/2025;quinta-feira;05:30:00;PE;101;89;JABOATAO DOS GUARARAPES;Manobra de mudan�a de faixa;Sa�da de leito carro��vel;Com V�timas Feridas;Pleno dia;Crescente;Sol;Dupla;Reta;N�o;4;0;4;0;0;0;4;1;-8,21062;-34,98538;SPRF-PE;DEL01-PE;UOP01-DEL01-PE;;;
720742;25/09/2025;quinta-feira;02:00:00;RN;304;280,2;MACAIBA;Condutor Dormindo;Sa�da de leito carro��vel;Com V�timas Feridas;Plena Noite;Decrescente;C�u Claro;Dupla;"Viaduto;Curva";N�o;1;0;1;0;0;0;1;1;-5,88873596;-35,48920679;SPRF-RN;DEL01-RN;UOP02-DEL01-RN;;;
720743;25/09/2025;quinta-feira;07:20:00;RJ;101;100;CAMPOS DOS GOYTACAZES;Avarias e/ou desgaste excessivo no pneu;Sa�da de leito carro��vel;Com V�timas Feridas;Amanhecer;Crescente;Chuva;Simples;Curva;Sim;4;0;2;0;2;0;2;1;-21,88283;-41,593973;SPRF-RJ;DEL08-RJ;UOP02-DEL08-RJ;;;
720744;25/09/2025;quinta-feira;06:55:00;PR;116;125;FAZENDA RIO GRANDE;Trafegar com motocicleta (ou similar) entre as faixas;Colis�o traseira;Com V�timas Feridas;Amanhecer;Decrescente;Garoa/Chuvisco;Dupla;Reta;Sim;2;0;1;0;1;0;1;2;-25,629792;-49,313767;SPRF-PR;DEL01-PR;UOP03-DEL01-PR;;;
720745;25/09/2025;quinta-feira;05:00:00;BA;101;202;GOVERNADOR MANGABEIRA;Neblina;Inc�ndio;Sem V�timas;Amanhecer;Decrescente;Chuva;Dupla;Reta;N�o;1;0;0;0;1;0;0;1;-12,594392;-38,989207;SPRF-BA;DEL01-BA;UOP02-DEL01-BA;;;
720747;25/09/2025;quinta-feira;07:30:00;MG;262;785;UBERABA;Aus�ncia de rea��o do condutor;Tombamento;Com V�timas Feridas;Pleno dia;Crescente;C�u Claro;Dupla;Reta;Sim;1;0;1;0;0;0;1;1;-19,769255;-47,897739;SPRF-MG;DEL13-MG;UOP01-DEL13-MG;;;
720748;25/09/2025;quinta-feira;07:30:00;SC;282;5;SAO JOSE;Manobra de mudan�a de faixa;Colis�o lateral mesmo sentido;Com V�timas Feridas;Pleno dia;Crescente;C�u Claro;M�ltipla;Reta;Sim;3;0;1;0;1;1;1;3;-27,58962971;-48,61015745;SPRF-SC;DEL01-SC;UOP01-DEL01-SC;;;
720749;25/09/2025;quinta-feira;06:20:00;BA;101;680;ITAGIMIRIM;Desrespeitar a prefer�ncia no cruzamento;Colis�o lateral mesmo sentido;Com V�timas Feridas;Pleno dia;Decrescente;Nublado;Simples;Interse��o de Vias;Sim;2;0;0;1;0;1;1;2;-16,08326032;-39,61988878;SPRF-BA;DEL09-BA;UOP03-DEL09-BA;;;
720750;25/09/2025;quinta-feira;07:25:00;RJ;393;181;PARAIBA DO SUL;Pista esburacada;Tombamento;Com V�timas Feridas;Pleno dia;Decrescente;C�u Claro;Simples;Curva;N�o;1;0;1;0;0;0;1;1;-22,15184526;-43,30234408;SPRF-RJ;DEL05-RJ;UOP03-DEL05-RJ;;;
720751;25/09/2025;quinta-feira;06:50:00;BA;324;404;SAO SEBASTIAO DO PASSE;Desrespeitar a prefer�ncia no cruzamento;Colis�o lateral mesmo sentido;Com V�timas Feridas;Pleno dia;Crescente;Sol;Simples;Viaduto;N�o;2;0;1;0;1;0;1;2;-12,5783317;-38,5404117;SPRF-BA;DEL04-BA;UOP02-DEL04-BA;;;
720752;24/09/2025;quarta-feira;19:30:00;PA;308;155;CAPANEMA;Trafegar com motocicleta (ou similar) entre as faixas;Colis�o frontal;Com V�timas Feridas;Plena Noite;Crescente;C�u Claro;Simples;Reta;N�o;3;0;0;1;2;0;1;2;-1,20912982;-47,15205467;SPRF-PA;DEL01-PA;UOP03-DEL01-PA;;;
720753;25/09/2025;quinta-feira;07:35:00;SP;153;324;RIBEIRAO DO SUL;Demais Fen�menos da natureza;Queda de ocupante de ve�culo;Com V�timas Feridas;Pleno dia;Decrescente;Vento;Simples;Reta;N�o;1;0;1;0;0;0;1;1;-22,70798342;-49,88950476;SPRF-SP;DEL07-SP;UOP03-DEL07-SP;;;
720754;18/09/2025;quinta-feira;01:50:00;PR;376;8,2;MARINGA;Ingest�o de �lcool pelo condutor;Colis�o com objeto;Sem V�timas;Plena Noite;Decrescente;C�u Claro;Dupla;Reta;N�o;1;0;0;0;1;0;0;1;-23,372003;-51,9255656;SPRF-PR;DEL09-PR;UOP01-DEL09-PR;;;
720755;25/09/2025;quinta-feira;08:00:00;RN;101;104;PARNAMIRIM;Velocidade Incompat�vel;Colis�o lateral mesmo sentido;Com V�timas Feridas;Pleno dia;Decrescente;C�u Claro;Dupla;Curva;N�o;4;0;2;0;2;0;2;2;-5,89228772;-35,25662081;SPRF-RN;DEL01-RN;UOP01-DEL01-RN;;;
720756;25/09/2025;quinta-feira;07:35:00;MG;116;415,5;GOVERNADOR VALADARES;Convers�o proibida;Colis�o lateral mesmo sentido;Com V�timas Feridas;Pleno dia;Decrescente;C�u Claro;Simples;Reta;Sim;2;0;1;0;1;0;1;2;-18,89214591;-41,9470574;SPRF-MG;DEL06-MG;UOP01-DEL06-MG;;;
720757;25/09/2025;quinta-feira;08:40:00;PB;230;155;CAMPINA GRANDE;Acumulo de areia ou detritos sobre o pavimento;Tombamento;Com V�timas Feridas;Pleno dia;Crescente;C�u Claro;Simples;Reta;N�o;2;0;2;0;0;0;2;1;-7,274303;-35,906898;SPRF-PB;DEL02-PB;UOP01-DEL02-PB;;;
720759;25/09/2025;quinta-feira;08:50:00;RJ;40;97;DUQUE DE CAXIAS;Chuva;Sa�da de leito carro��vel;Com V�timas Feridas;Pleno dia;Crescente;Chuva;Simples;Curva;N�o;2;0;1;0;1;0;1;1;-22,58532601;-43,27634811;SPRF-RJ;DEL01-RJ;UOP01-DEL01-RJ;;;
720760;25/09/2025;quinta-feira;08:50:00;PR;116;87;PIRAQUARA;Aus�ncia de rea��o do condutor;Capotamento;Com V�timas Feridas;Pleno dia;Crescente;Chuva;Dupla;Curva;N�o;1;0;1;0;0;0;1;1;-25,471;-49,093;SPRF-PR;DEL01-PR;UOP07-DEL01-PR;;;
720761;25/09/2025;quinta-feira;09:05:00;DF;70;10;BRASILIA;Acessar a via sem observar a presen�a dos outros ve�culos;Colis�o lateral mesmo sentido;Com V�timas Feridas;Pleno dia;Crescente;C�u Claro;Dupla;Reta;Sim;2;0;1;0;1;0;1;2;-15,78723869;-48,141204;SPRF-DF;DEL03-DF;UOP02-DEL03-DF;;;
720763;25/09/2025;quinta-feira;08:20:00;PR;376;617;SAO JOSE DOS PINHAIS;Rea��o tardia ou ineficiente do condutor;Sa�da de leito carro��vel;Com V�timas Feridas;Pleno dia;Crescente;Garoa/Chuvisco;Dupla;"Declive;Curva";N�o;1;0;1;0;0;0;1;1;-25,59110033;-49,17178854;SPRF-PR;DEL01-PR;UOP04-DEL01-PR;;;
720764;25/09/2025;quinta-feira;09:20:00;RS;290;91;PORTO ALEGRE;Rea��o tardia ou ineficiente do condutor;Colis�o lateral mesmo sentido;Com V�timas Feridas;Pleno dia;Crescente;C�u Claro;Dupla;Reta;Sim;3;0;2;0;1;0;2;2;-29,9700511;-51,1711828;SPRF-RS;DEL01-RS;UOP01-DEL01-RS;;;
720767;25/09/2025;quinta-feira;09:00:00;RN;226;14;MACAIBA;Aus�ncia de rea��o do condutor;Colis�o traseira;Com V�timas Feridas;Pleno dia;Decrescente;Sol;Simples;Reta;N�o;2;0;1;0;1;0;1;2;-5,85607706;-35,33415246;SPRF-RN;DEL01-RN;UOP02-DEL01-RN;;;
720769;25/09/2025;quinta-feira;09:30:00;RJ;101;92;CAMPOS DOS GOYTACAZES;Transitar na contram�o;Colis�o frontal;Com V�timas Feridas;Pleno dia;Decrescente;Garoa/Chuvisco;Dupla;Curva;N�o;3;0;2;1;0;0;3;2;-21,853144;-41,520029;SPRF-RJ;DEL08-RJ;UOP02-DEL08-RJ;;;
720770;25/09/2025;quinta-feira;09:40:00;SC;101;5,4;GARUVA;Velocidade Incompat�vel;Tombamento;Com V�timas Feridas;Pleno dia;Crescente;Garoa/Chuvisco;Dupla;Reta;N�o;2;0;2;0;0;0;2;1;-26,02177336;-48,86212274;SPRF-SC;DEL03-SC;UOP01-DEL03-SC;;;
720773;25/09/2025;quinta-feira;09:10:00;RJ;101;565;PARATY;Pista Escorregadia;Sa�da de leito carro��vel;Com V�timas Feridas;Pleno dia;Crescente;Chuva;Simples;Curva;Sim;1;0;1;0;0;0;1;1;-23,15498902;-44,69981488;SPRF-RJ;DEL03-RJ;UOP04-DEL03-RJ;;;
720774;25/09/2025;quinta-feira;09:10:00;PR;116;149,9;MANDIRITUBA;Acessar a via sem observar a presen�a dos outros ve�culos;Colis�o transversal;Com V�timas Feridas;Pleno dia;Crescente;Garoa/Chuvisco;Simples;"Aclive;Reta;Retorno Regulamentado;Interse��o de Vias";N�o;2;0;1;1;0;0;2;2;-25,843709;-49,348918;SPRF-PR;DEL01-PR;UOP03-DEL01-PR;;;
720775;25/09/2025;quinta-feira;10:00:00;PE;101;50;ABREU E LIMA;Manobra de mudan�a de faixa;Colis�o traseira;Com V�timas Feridas;Pleno dia;Crescente;C�u Claro;M�ltipla;Reta;Sim;2;0;1;0;1;0;1;2;-7,91641671;-34,89777658;SPRF-PE;DEL01-PE;UOP02-DEL01-PE;;;
720776;25/09/2025;quinta-feira;08:40:00;PR;116;27;CAMPINA GRANDE DO SUL;Avarias e/ou desgaste excessivo no pneu;Colis�o com objeto;Com V�timas Feridas;Pleno dia;Decrescente;Chuva;Dupla;"Curva;Declive";N�o;2;0;2;0;0;0;2;1;-25,107941;-48,787458;SPRF-PR;DEL01-PR;UOP02-DEL01-PR;;;
720777;13/06/2025;sexta-feira;16:00:00;RS;293;86,3;PIRATINI;Aus�ncia de rea��o do condutor;Sa�da de leito carro��vel;Sem V�timas;Pleno dia;Crescente;Nublado;Simples;Reta;N�o;1;0;0;0;0;1;0;1;-31,63759859;-53,18206787;SPRF-RS;DEL07-RS;UOP01-DEL07-RS;;;
720779;25/09/2025;quinta-feira;09:15:00;MG;40;791,5;JUIZ DE FORA;Aus�ncia de rea��o do condutor;Sa�da de leito carro��vel;Com V�timas Feridas;Pleno dia;Crescente;Chuva;Dupla;Curva;N�o;1;0;0;1;0;0;1;1;-21,779515;-43,420953;SPRF-MG;DEL05-MG;UOP01-DEL05-MG;;;
720780;19/09/2025;sexta-feira;23:15:00;ES;101;361,3;ANCHIETA;Aus�ncia de sinaliza��o;Colis�o traseira;Com V�timas Feridas;Plena Noite;Decrescente;Nublado;Simples;Reta;N�o;2;0;1;0;1;0;1;2;-20,7117281;-40,72364537;SPRF-ES;DEL03-ES;UOP01-DEL03-ES;;;
720781;25/09/2025;quinta-feira;09:40:00;PR;277;651;MATELANDIA;Mal s�bito do condutor;Colis�o frontal;Sem V�timas;Pleno dia;Crescente;C�u Claro;Simples;Reta;N�o;2;0;0;0;2;0;0;2;-25,20433748;-53,94883029;SPRF-PR;DEL05-PR;UOP02-DEL05-PR;;;
720783;25/09/2025;quinta-feira;10:35:00;PE;101;47,9;ABREU E LIMA;Entrada inopinada do pedestre;Atropelamento de Pedestre;Sem V�timas;Pleno dia;Decrescente;C�u Claro;M�ltipla;Reta;Sim;1;0;0;0;1;0;0;1;-7,89624214;-34,90285635;SPRF-PE;DEL01-PE;UOP02-DEL01-PE;;;
720785;02/08/2025;s�bado;07:30:00;ES;101;141;LINHARES;Rea��o tardia ou ineficiente do condutor;Colis�o com objeto;Com V�timas Feridas;Pleno dia;Decrescente;C�u Claro;Simples;Reta;Sim;1;0;0;1;0;0;1;1;-19,327912;-40,070822;SPRF-ES;DEL04-ES;UOP01-DEL04-ES;;;
720787;25/09/2025;quinta-feira;11:15:00;RS;285;293,8;PASSO FUNDO;Trafegar com motocicleta (ou similar) entre as faixas;Colis�o lateral mesmo sentido;Com V�timas Feridas;Pleno dia;Decrescente;C�u Claro;Simples;"Rotat�ria;Retorno Regulamentado;Curva";N�o;2;0;1;0;1;0;1;2;-28,235341;-52,38163;SPRF-RS;DEL08-RS;UOP03-DEL08-RS;;;
720789;20/08/2025;quarta-feira;18:30:00;SC;101;333;TUBARAO;Rea��o tardia ou ineficiente do condutor;Colis�o com objeto;Com V�timas Feridas;Plena Noite;Crescente;C�u Claro;M�ltipla;Reta;N�o;1;0;1;0;0;0;1;1;-28,469941;-49,017017;SPRF-SC;DEL02-SC;UOP01-DEL02-SC;;;
720792;25/09/2025;quinta-feira;09:35:00;DF;70;9;BRASILIA;Frear bruscamente;Colis�o traseira;Com V�timas Feridas;Pleno dia;Decrescente;Sol;M�ltipla;Reta;Sim;3;0;0;1;2;0;1;2;-15,7866139;-48,1383561;SPRF-DF;DEL03-DF;UOP02-DEL03-DF;;;
720794;25/09/2025;quinta-feira;08:00:00;ES;101;137;MUNIZ FREIRE;Velocidade Incompat�vel;Queda de ocupante de ve�culo;Com V�timas Feridas;Pleno dia;Decrescente;Chuva;Simples;Curva;N�o;1;0;0;1;0;0;1;1;-20,23568;-41,351067;SPRF-ES;DEL04-ES;UOP01-DEL04-ES;;;
720795;25/09/2025;quinta-feira;11:06:00;MT;174;563;COMODORO;Aus�ncia de rea��o do condutor;Sa�da de leito carro��vel;Com V�timas Feridas;Pleno dia;Decrescente;C�u Claro;Simples;Reta;N�o;2;0;1;0;1;0;1;1;-13,1062301;-59,88647461;SPRF-MT;DEL04-MT;UOP02-DEL04-MT;;;
720797;16/08/2025;s�bado;10:02:00;SE;235;0,6;ARACAJU;Acessar a via sem observar a presen�a dos outros ve�culos;Colis�o lateral mesmo sentido;Com V�timas Feridas;Pleno dia;Decrescente;C�u Claro;M�ltipla;Reta;Sim;2;0;1;0;1;0;1;2;-10,90914;-37,080603;SPRF-SE;DEL01-SE;UOP01-DEL01-SE;;;
720800;25/09/2025;quinta-feira;12:00:00;MG;262;574,4;CAMPOS ALTOS;Acessar a via sem observar a presen�a dos outros ve�culos;Colis�o transversal;Com V�timas Feridas;Pleno dia;Decrescente;Sol;Simples;Curva;N�o;2;0;1;0;1;0;1;2;-19,66311857;-46,09571457;SPRF-MG;DEL08-MG;UOP02-DEL08-MG;;;
720802;25/09/2025;quinta-feira;12:45:00;MG;116;523;CARATINGA;Rea��o tardia ou ineficiente do condutor;Colis�o lateral mesmo sentido;Com V�timas Feridas;Pleno dia;Crescente;C�u Claro;Simples;Curva;Sim;4;0;1;0;3;0;1;2;-19,756493;-42,13302;SPRF-MG;DEL06-MG;UOP02-DEL06-MG;;;
720805;25/09/2025;quinta-feira;13:50:00;PE;101;41,5;IGARASSU;Rea��o tardia ou ineficiente do condutor;Colis�o com objeto;Com V�timas Feridas;Pleno dia;Crescente;Garoa/Chuvisco;Dupla;"Em Obras;Interse��o de Vias;Ponte";Sim;1;0;1;0;0;0;1;1;-7,857872;-34,908417;SPRF-PE;DEL01-PE;UOP02-DEL01-PE;;;
720807;25/09/2025;quinta-feira;14:40:00;PE;101;44;IGARASSU;Acessar a via sem observar a presen�a dos outros ve�culos;Colis�o transversal;Com V�timas Feridas;Pleno dia;Decrescente;Nublado;M�ltipla;"Reta;Declive;Retorno Regulamentado";Sim;3;0;2;0;1;0;2;2;-7,85794026;-34,9083066;SPRF-PE;DEL01-PE;UOP02-DEL01-PE;;;
720809;13/09/2025;s�bado;18:39:00;RN;101;96;NATAL;Ingest�o de �lcool pelo condutor;Colis�o frontal;Sem V�timas;Plena Noite;Crescente;C�u Claro;Dupla;Reta;Sim;2;0;0;0;2;0;0;2;-5,853;-35,211;SPRF-RN;DEL01-RN;UOP01-DEL01-RN;;;
720814;25/09/2025;quinta-feira;13:10:00;AC;364;134;RIO BRANCO;Condutor deixou de manter dist�ncia do ve�culo da frente;Colis�o traseira;Sem V�timas;Pleno dia;Decrescente;Nublado;Dupla;Reta;Sim;2;0;0;0;2;0;0;2;-9,9880989;-67,8466472;SPRF-AC;DEL01-AC;UOP01-DEL01-AC;;;
720817;25/09/2025;quinta-feira;13:05:00;SP;116;144;SAO JOSE DOS CAMPOS;Aus�ncia de rea��o do condutor;Colis�o com objeto;Com V�timas Feridas;Pleno dia;Crescente;C�u Claro;Dupla;Reta;Sim;1;0;0;1;0;0;1;1;-23,18502419;-45,84972382;SPRF-SP;DEL02-SP;UOP01-DEL02-SP;;;
720819;25/09/2025;quinta-feira;15:20:00;AL;104;86,7;RIO LARGO;Acessar a via sem observar a presen�a dos outros ve�culos;Colis�o transversal;Com V�timas Feridas;Pleno dia;Crescente;Nublado;Dupla;Reta;Sim;2;0;1;0;1;0;1;2;-9,468851;-35,824238;SPRF-AL;DEL01-AL;UOP01-DEL01-AL;;;
720820;25/09/2025;quinta-feira;15:50:00;DF;60;7;BRASILIA;Acesso irregular;Colis�o transversal;Com V�timas Feridas;Pleno dia;Decrescente;C�u Claro;Dupla;Reta;N�o;2;0;0;1;1;0;1;2;-15,90225186;-48,12675512;SPRF-DF;DEL03-DF;UOP01-DEL03-DF;;;
720821;25/09/2025;quinta-feira;14:10:00;BA;116;9;VITORIA DA CONQUISTA;Acessar a via sem observar a presen�a dos outros ve�culos;Colis�o transversal;Com V�timas Feridas;Pleno dia;Decrescente;C�u Claro;Simples;Reta;N�o;2;0;1;0;1;0;1;2;-14,85604163;-40,87906051;SPRF-BA;DEL08-BA;UOP01-DEL08-BA;;;
720822;22/09/2025;segunda-feira;07:21:00;MT;163;1029;MATUPA;Acesso irregular;Colis�o transversal;Sem V�timas;Pleno dia;Crescente;C�u Claro;Simples;Reta;Sim;2;0;0;0;2;0;0;2;-10,18701424;-54,94718671;SPRF-MT;DEL06-MT;UOP03-DEL06-MT;;;
720824;25/09/2025;quinta-feira;16:00:00;MG;40;812,2;MATIAS BARBOSA;Velocidade Incompat�vel;Sa�da de leito carro��vel;Com V�timas Feridas;Pleno dia;Decrescente;Nublado;Dupla;Curva;N�o;1;0;1;0;0;0;1;1;-21,878;-43,315;SPRF-MG;DEL05-MG;UOP01-DEL05-MG;;;