id;data_inversa;dia_semana;horario;uf;br;km;municipio;causa_acidente;tipo_acidente;classificacao_acidente;fase_dia;sentido_via;condicao_metereologica;tipo_pista;tracado_via;uso_solo;pessoas;mortos;feridos_leves;feridos_graves;ilesos;ignorados;feridos;veiculos;latitude;longitude;regional;delegacia;uop;;;
720826;21/08/2025;quinta-feira;17:30:00;BA;324;518;FEIRA DE SANTANA;Trafegar com motocicleta (ou similar) entre as faixas;Colis�o traseira;Com V�timas Feridas;Pleno dia;Crescente;C�u Claro;Simples;Reta;Sim;2;0;0;1;1;0;1;2;-12,25490183;-38,93244982;SPRF-BA;DEL02-BA;UOP01-DEL02-BA;;;
720827;25/09/2025;quinta-feira;16:00:00;PE;104;86,9;AGRESTINA;Acessar a via sem observar a presen�a dos outros ve�culos;Colis�o lateral mesmo sentido;Sem V�timas;Pleno dia;Crescente;C�u Claro;Simples;"Reta;Em Obras";Sim;2;0;0;0;2;0;0;2;-8,45573;-35,94443;SPRF-PE;DEL02-PE;UOP01-DEL02-PE;;;
720828;25/09/2025;quinta-feira;16:30:00;SC;101;125,2;ITAJAI;Aus�ncia de rea��o do condutor;Colis�o traseira;Com V�timas Feridas;Pleno dia;Decrescente;Nublado;Dupla;Reta;N�o;3;0;1;0;2;0;1;2;-26,94742316;-48,68406169;SPRF-SC;DEL04-SC;UOP04-DEL04-SC;;;
720829;25/09/2025;quinta-feira;15:00:00;MG;251;453,5;GRAO MOGOL;Velocidade Incompat�vel;Colis�o com objeto;Com V�timas Feridas;Pleno dia;Crescente;C�u Claro;Simples;"Reta;Declive";N�o;2;0;1;0;1;0;1;1;-16,419986;-43,312136;SPRF-MG;DEL12-MG;UOP01-DEL12-MG;;;
720831;25/09/2025;quinta-feira;14:25:00;SC;282;413,2;CATANDUVAS;Aus�ncia de rea��o do condutor;Sa�da de leito carro��vel;Com V�timas Feridas;Pleno dia;Decrescente;C�u Claro;Simples;"Reta;Aclive";N�o;1;0;1;0;0;0;1;1;-27,055012;-51,693807;SPRF-SC;DEL07-SC;UOP05-DEL07-SC;;;
720832;25/09/2025;quinta-feira;14:33:00;MT;163;118;RONDONOPOLIS;Trafegar com motocicleta (ou similar) entre as faixas;Colis�o lateral mesmo sentido;Com V�timas Feridas;Pleno dia;Crescente;C�u Claro;Dupla;Reta;Sim;2;0;1;0;1;0;1;2;-16,51394738;-54,65533018;SPRF-MT;DEL02-MT;UOP01-DEL02-MT;;;
720833;25/09/2025;quinta-feira;17:35:00;BA;324;514;FEIRA DE SANTANA;Manobra de mudan�a de faixa;Colis�o lateral mesmo sentido;Sem V�timas;Pleno dia;Crescente;C�u Claro;Simples;Reta;Sim;5;0;0;0;5;0;0;2;-12,23676375;-38,94298856;SPRF-BA;DEL02-BA;UOP01-DEL02-BA;;;
720834;25/09/2025;quinta-feira;17:32:00;SP;116;219;GUARULHOS;Pedestre andava na pista;Atropelamento de Pedestre;Com V�timas Feridas;Pleno dia;Decrescente;Nublado;M�ltipla;Reta;Sim;2;0;0;1;1;0;1;2;-23,46403564;-46,49571562;SPRF-SP;DEL01-SP;UOP01-DEL01-SP;;;
720836;25/09/2025;quinta-feira;16:30:00;PI;343;9,7;PARNAIBA;Animais na Pista;Tombamento;Com V�timas Feridas;Pleno dia;Decrescente;Sol;Simples;Reta;Sim;2;0;2;0;0;0;2;2;-2,901752;-41,739625;SPRF-PI;DEL05-PI;UOP01-DEL05-PI;;;
720838;25/09/2025;quinta-feira;17:20:00;SC;101;137;BALNEARIO CAMBORIU;Acessar a via sem observar a presen�a dos outros ve�culos;Colis�o frontal;Com V�timas Feridas;Pleno dia;Crescente;C�u Claro;Dupla;"Interse��o de Vias;Viaduto";Sim;3;0;0;1;1;1;1;3;-27,01126042;-48,61439165;SPRF-SC;DEL04-SC;UOP03-DEL04-SC;;;
720839;25/09/2025;quinta-feira;12:20:00;MG;116;155;PONTO DOS VOLANTES;Aus�ncia de rea��o do condutor;Sa�da de leito carro��vel;Sem V�timas;Pleno dia;Crescente;Chuva;Simples;"Curva;Aclive";N�o;1;0;0;0;1;0;0;1;-16,897879;-41,475318;SPRF-MG;DEL11-MG;UOP02-DEL11-MG;;;
720840;25/09/2025;quinta-feira;18:00:00;MG;40;545;NOVA LIMA;Trafegar com motocicleta (ou similar) entre as faixas;Colis�o lateral mesmo sentido;Com V�timas Feridas;Anoitecer;Decrescente;C�u Claro;Dupla;Reta;N�o;2;0;1;0;1;0;1;2;-20,01517;-43,969369;SPRF-MG;DEL01-MG;UOP02-DEL01-MG;;;
720842;25/09/2025;quinta-feira;17:50:00;ES;101;143,8;LINHARES;Condutor deixou de manter dist�ncia do ve�culo da frente;Colis�o traseira;Com V�timas Feridas;Plena Noite;Decrescente;Garoa/Chuvisco;M�ltipla;"Declive;Reta";Sim;3;0;2;0;0;1;2;2;-19,35054897;-40,06320144;SPRF-ES;DEL04-ES;UOP01-DEL04-ES;;;
720843;25/09/2025;quinta-feira;17:15:00;CE;116;490,1;MILAGRES;Transitar no Acostamento;Sa�da de leito carro��vel;Sem V�timas;Pleno dia;Decrescente;Sol;Simples;"Reta;Aclive";N�o;1;0;0;0;0;1;0;1;-7,384608;-38,958366;SPRF-CE;DEL05-CE;UOP03-DEL05-CE;;;
720845;25/09/2025;quinta-feira;13:05:00;SC;153;18,1;AGUA DOCE;Velocidade Incompat�vel;Sa�da de leito carro��vel;Com V�timas Feridas;Pleno dia;Decrescente;C�u Claro;Simples;Reta;N�o;1;0;1;0;0;0;1;1;-26,71625043;-51,6159153;SPRF-SC;DEL07-SC;UOP07-DEL07-SC;;;
720847;25/09/2025;quinta-feira;17:40:00;PI;316;366;ALEGRETE DO PIAUI;Acesso irregular;Colis�o transversal;Sem V�timas;Anoitecer;Crescente;C�u Claro;Simples;"Interse��o de Vias;Reta";N�o;2;0;0;0;2;0;0;2;-7,2306527;-40,87149698;SPRF-PI;DEL04-PI;UOP03-DEL04-PI;;;
720849;25/09/2025;quinta-feira;18:30:00;PE;232;156;SAO CAITANO;Ingest�o de �lcool pelo condutor;Queda de ocupante de ve�culo;Com V�timas Feridas;Plena Noite;Crescente;C�u Claro;Dupla;Reta;N�o;1;0;1;0;0;0;1;1;-8,328192;-36,198668;SPRF-PE;DEL03-PE;UOP02-DEL03-PE;;;
720853;25/09/2025;quinta-feira;18:00:00;SC;280;132;RIO NEGRINHO;Acessar a via sem observar a presen�a dos outros ve�culos;Colis�o transversal;Com V�timas Feridas;Pleno dia;Crescente;Nublado;Simples;Rotat�ria;Sim;2;0;1;0;1;0;1;2;-26,268221;-49,554444;SPRF-SC;DEL06-SC;UOP03-DEL06-SC;;;
720854;25/09/2025;quinta-feira;18:05:00;BA;324;579;CANDEIAS;Rea��o tardia ou ineficiente do condutor;Sa�da de leito carro��vel;Com V�timas Feridas;Plena Noite;Decrescente;C�u Claro;Dupla;Reta;N�o;1;0;1;0;0;0;1;1;-12,600135;-38,506197;SPRF-BA;DEL01-BA;UOP01-DEL01-BA;;;
720855;25/09/2025;quinta-feira;17:25:00;SC;101;161,8;TIJUCAS;Transitar na contram�o;Colis�o transversal;Com V�timas Feridas;Pleno dia;Decrescente;C�u Claro;Simples;Reta;N�o;2;0;0;1;1;0;1;2;-27,2262417;-48,62754822;SPRF-SC;DEL04-SC;UOP03-DEL04-SC;;;
720856;25/09/2025;quinta-feira;15:15:00;RJ;101;514,7;ANGRA DOS REIS;Chuva;Sa�da de leito carro��vel;Com V�timas Feridas;Pleno dia;Decrescente;Chuva;Simples;Curva;N�o;2;0;1;0;1;0;1;1;-22,9806;-44,4362;SPRF-RJ;DEL03-RJ;UOP03-DEL03-RJ;;;
720857;25/09/2025;quinta-feira;18:05:00;RN;101;72;EXTREMOZ;Rea��o tardia ou ineficiente do condutor;Colis�o traseira;Com V�timas Feridas;Plena Noite;Decrescente;C�u Claro;Simples;Reta;N�o;2;0;0;2;0;0;2;2;-5,698615;-35,263252;SPRF-RN;DEL02-RN;UOP01-DEL02-RN;;;
720858;25/09/2025;quinta-feira;18:15:00;PR;277;81;CURITIBA;Condutor deixou de manter dist�ncia do ve�culo da frente;Colis�o traseira;Com V�timas Feridas;Plena Noite;Decrescente;Chuva;Dupla;Reta;Sim;2;0;0;1;1;0;1;2;-25,45849829;-49,22187058;SPRF-PR;DEL01-PR;UOP03-DEL01-PR;;;
720859;25/09/2025;quinta-feira;18:45:00;RS;116;302;GUAIBA;Acessar a via sem observar a presen�a dos outros ve�culos;Colis�o transversal;Com V�timas Feridas;Plena Noite;Decrescente;Nublado;Dupla;"Reta;Interse��o de Vias";N�o;2;0;1;0;1;0;1;2;-30,16665352;-51,37905389;SPRF-RS;DEL02-RS;UOP01-DEL02-RS;;;
720860;25/09/2025;quinta-feira;19:00:00;SC;101;3,6;FLORIANOPOLIS;Manobra de mudan�a de faixa;Colis�o lateral mesmo sentido;Com V�timas Feridas;Plena Noite;Crescente;Nublado;M�ltipla;Reta;Sim;3;0;1;0;2;0;1;2;-27,59544;-48,60129;SPRF-SC;DEL03-SC;UOP01-DEL03-SC;;;
720861;25/09/2025;quinta-feira;18:13:00;PR;373;174,2;PONTA GROSSA;Acessar a via sem observar a presen�a dos outros ve�culos;Colis�o transversal;Com V�timas Feridas;Anoitecer;Crescente;C�u Claro;M�ltipla;Reta;Sim;2;0;1;0;1;0;1;2;-25,073745;-50,210928;SPRF-PR;DEL03-PR;UOP01-DEL03-PR;;;
720863;25/09/2025;quinta-feira;18:50:00;SC;101;144,5;ITAPEMA;Condutor deixou de manter dist�ncia do ve�culo da frente;Colis�o traseira;Com V�timas Feridas;Plena Noite;Decrescente;Nublado;Dupla;Reta;Sim;2;0;1;0;1;0;1;2;-27,0767979;-48,59842815;SPRF-SC;DEL04-SC;UOP03-DEL04-SC;;;
720864;25/09/2025;quinta-feira;09:00:00;MG;365;455;JOAO PINHEIRO;Rea��o tardia ou ineficiente do condutor;Colis�o traseira;Sem V�timas;Pleno dia;Crescente;Sol;Simples;Reta;N�o;2;0;0;0;1;1;0;2;-18;-46;SPRF-MG;DEL10-MG;UOP01-DEL10-MG;;;
720866;25/09/2025;quinta-feira;18:40:00;RS;471;461;RIO GRANDE;Estacionar ou parar em local proibido;Colis�o transversal;Sem V�timas;Plena Noite;Decrescente;C�u Claro;Simples;"Interse��o de Vias;Reta";N�o;21;0;0;0;20;1;0;2;-32,08010827;-52,27923984;SPRF-RS;DEL07-RS;UOP02-DEL07-RS;;;
720867;25/09/2025;quinta-feira;18:45:00;PR;376;175,8;MARINGA;Aus�ncia de rea��o do condutor;Colis�o traseira;Com V�timas Feridas;Plena Noite;Crescente;C�u Claro;M�ltipla;Reta;N�o;3;0;1;0;2;0;1;2;-23,41194;-51,94238;SPRF-PR;DEL09-PR;UOP01-DEL09-PR;;;
720869;25/09/2025;quinta-feira;19:30:00;RJ;101;485;ANGRA DOS REIS;Acessar a via sem observar a presen�a dos outros ve�culos;Colis�o transversal;Com V�timas Feridas;Plena Noite;Crescente;Garoa/Chuvisco;Dupla;Interse��o de Vias;Sim;2;0;1;0;1;0;1;2;-22,983768;-44,296062;SPRF-RJ;DEL03-RJ;UOP03-DEL03-RJ;;;
720870;25/09/2025;quinta-feira;18:30:00;PR;376;187;MARIALVA;Rea��o tardia ou ineficiente do condutor;Queda de ocupante de ve�culo;Com V�timas Feridas;Amanhecer;Crescente;C�u Claro;Dupla;Reta;N�o;1;0;1;0;0;0;1;1;-23,46273902;-51,83514683;SPRF-PR;DEL09-PR;UOP01-DEL09-PR;;;
720871;25/09/2025;quinta-feira;19:35:00;RS;290;339,5;CACAPAVA DO SUL;Transitar na contram�o;Colis�o frontal;Com V�timas Feridas;Plena Noite;Crescente;C�u Claro;Simples;"Aclive;Curva";N�o;5;0;2;0;3;0;2;2;-30,371797;-53,573785;SPRF-RS;DEL09-RS;UOP02-DEL09-RS;;;
720872;25/09/2025;quinta-feira;17:40:00;MG;116;522,3;CARATINGA;Condutor deixou de manter dist�ncia do ve�culo da frente;Colis�o traseira;Com V�timas Feridas;Anoitecer;Crescente;Nublado;Simples;Reta;Sim;2;0;1;0;1;0;1;2;-19,74868083;-42,13286519;SPRF-MG;DEL06-MG;UOP02-DEL06-MG;;;
720873;25/09/2025;quinta-feira;18:20:00;SC;282;221;LAGES;Ilumina��o deficiente;Colis�o transversal;Sem V�timas;Plena Noite;Crescente;C�u Claro;M�ltipla;Rotat�ria;Sim;3;0;0;0;3;0;0;2;-27,79479695;-50,3387746;SPRF-SC;DEL05-SC;UOP01-DEL05-SC;;;
720875;23/07/2025;quarta-feira;07:55:00;RN;101;109,6;PARNAMIRIM;Acessar a via sem observar a presen�a dos outros ve�culos;Colis�o transversal;Com V�timas Feridas;Pleno dia;Decrescente;C�u Claro;Dupla;Reta;Sim;2;0;1;1;0;0;2;1;-5,93876556;-35,26446557;SPRF-RN;DEL01-RN;UOP01-DEL01-RN;;;
720877;25/09/2025;quinta-feira;19:00:00;RS;116;230;DOIS IRMAOS;Acessar a via sem observar a presen�a dos outros ve�culos;Colis�o transversal;Com V�timas Feridas;Plena Noite;Crescente;Nublado;Simples;"Aclive;Reta";N�o;2;0;0;1;1;0;1;2;-29,6178786;-51,12085282;SPRF-RS;DEL01-RS;UOP02-DEL01-RS;;;
720878;25/09/2025;quinta-feira;20:20:00;RS;285;428;PANAMBI;Acumulo de areia ou detritos sobre o pavimento;Sa�da de leito carro��vel;Com V�timas Feridas;Plena Noite;Crescente;C�u Claro;Simples;Reta;N�o;2;0;2;0;0;0;2;1;-28,323412;-53,64181694;SPRF-RS;DEL10-RS;UOP01-DEL10-RS;;;
720879;25/09/2025;quinta-feira;18:40:00;DF;80;8,6;BRASILIA;Aus�ncia de rea��o do condutor;Colis�o traseira;Com V�timas Feridas;Plena Noite;Crescente;C�u Claro;Simples;Reta;N�o;2;0;1;0;0;1;1;2;-15,72963284;-48,12108278;SPRF-DF;DEL03-DF;UOP02-DEL03-DF;;;
720880;25/09/2025;quinta-feira;17:20:00;RJ;116;172;RIO DE JANEIRO;Condutor deixou de manter dist�ncia do ve�culo da frente;Colis�o traseira;Com V�timas Feridas;Anoitecer;Decrescente;Garoa/Chuvisco;M�ltipla;Reta;Sim;2;0;1;0;1;0;1;2;-22,804473;-43,3452021;SPRF-RJ;DEL06-RJ;UOP01-DEL06-RJ;;;
720881;25/09/2025;quinta-feira;20:30:00;RJ;101;65;CAMPOS DOS GOYTACAZES;Acessar a via sem observar a presen�a dos outros ve�culos;Colis�o transversal;Com V�timas Feridas;Plena Noite;Decrescente;Garoa/Chuvisco;Simples;Reta;Sim;4;0;3;0;1;0;3;2;-21,75368742;-41,34391157;SPRF-RJ;DEL08-RJ;UOP02-DEL08-RJ;;;
720882;25/09/2025;quinta-feira;19:40:00;ES;101;348,9;ANCHIETA;Entrada inopinada do pedestre;Atropelamento de Pedestre;Com V�timas Feridas;Plena Noite;Crescente;Chuva;Dupla;Curva;N�o;2;0;0;1;0;1;1;2;-20,65097988;-40,64227865;SPRF-ES;DEL03-ES;UOP01-DEL03-ES;;;
720883;25/09/2025;quinta-feira;18:20:00;BA;116;347;SERRINHA;Ultrapassagem Indevida;Colis�o frontal;Com V�timas Feridas;Plena Noite;Crescente;C�u Claro;Simples;Reta;N�o;4;0;3;0;1;0;3;2;-11,56566;-38,98895;SPRF-BA;DEL02-BA;UOP01-DEL02-BA;;;
720884;25/09/2025;quinta-feira;16:30:00;MA;135;128,8;MIRANDA DO NORTE;Aus�ncia de rea��o do condutor;Colis�o frontal;Com V�timas Fatais;Pleno dia;Crescente;Sol;Simples;"Reta;Em Obras";N�o;2;1;0;1;0;0;1;2;-3,583438;-44,575627;SPRF-MA;DEL01-MA;UOP02-DEL01-MA;;;
720885;25/09/2025;quinta-feira;18:30:00;MG;116;415;GOVERNADOR VALADARES;Acessar a via sem observar a presen�a dos outros ve�culos;Colis�o transversal;Com V�timas Feridas;Plena Noite;Decrescente;C�u Claro;Simples;Interse��o de Vias;Sim;4;0;3;0;1;0;3;2;-18,88560626;-41,94656163;SPRF-MG;DEL06-MG;UOP01-DEL06-MG;;;
720887;21/09/2025;domingo;11:30:00;RJ;116;113,5;MAGE;Sinaliza��o mal posicionada;Colis�o traseira;Com V�timas Feridas;Pleno dia;Crescente;C�u Claro;Dupla;"Reta;Em Obras";N�o;2;0;2;0;0;0;2;1;-22,6593899;-43,091022;SPRF-RJ;DEL04-RJ;UOP02-DEL04-RJ;;;
720889;25/09/2025;quinta-feira;16:37:00;PE;101;42;IGARASSU;Desrespeitar a prefer�ncia no cruzamento;Colis�o transversal;Sem V�timas;Pleno dia;Crescente;C�u Claro;M�ltipla;Retorno Regulamentado;Sim;2;0;0;0;1;1;0;2;-7,84464912;-34,910619;SPRF-PE;DEL01-PE;UOP02-DEL01-PE;;;
720890;25/09/2025;quinta-feira;19:40:00;BA;20;47;CORRENTINA;Suic�dio (presumido);Eventos at�picos;Com V�timas Fatais;Plena Noite;Crescente;Nublado;Simples;Reta;N�o;41;1;0;0;40;0;0;1;-13,53972;-46,10905;SPRF-BA;DEL10-BA;UOP02-DEL10-BA;;;
720891;25/09/2025;quinta-feira;21:05:00;RS;392;707,8;PORTO XAVIER;Aus�ncia de rea��o do condutor;Sa�da de leito carro��vel;Com V�timas Fatais;Plena Noite;Decrescente;C�u Claro;Simples;Curva;N�o;1;1;0;0;0;0;0;1;-28,0055231;-55,120232;SPRF-RS;DEL10-RS;UOP01-DEL10-RS;;;
720893;25/09/2025;quinta-feira;19:00:00;RJ;116;175;SAO JOAO DE MERITI;Manobra de mudan�a de faixa;Colis�o lateral mesmo sentido;Com V�timas Feridas;Plena Noite;Crescente;Nublado;Dupla;Reta;N�o;3;0;1;0;2;0;1;2;-22,79195687;-43,368081;SPRF-RJ;DEL06-RJ;UOP01-DEL06-RJ;;;
720894;25/09/2025;quinta-feira;19:30:00;RJ;465;5;SEROPEDICA;Aus�ncia de rea��o do condutor;Colis�o transversal;Com V�timas Feridas;Plena Noite;Crescente;C�u Claro;Simples;Reta;Sim;2;0;1;0;1;0;1;2;-22,74042009;-43,7060318;SPRF-RJ;DEL06-RJ;UOP02-DEL06-RJ;;;
720895;25/09/2025;quinta-feira;19:27:00;RO;364;678;CANDEIAS DO JAMARI;Condutor deixou de manter dist�ncia do ve�culo da frente;Colis�o traseira;Sem V�timas;Pleno dia;Crescente;C�u Claro;Simples;"Reta;Declive";N�o;5;0;0;0;5;0;0;2;-8,78375;-63,57063;SPRF-RO;DEL01-RO;UOP01-DEL01-RO;;;
720898;25/09/2025;quinta-feira;18:55:00;RO;435;85;COLORADO DO OESTE;Desrespeitar a prefer�ncia no cruzamento;Colis�o transversal;Com V�timas Feridas;Pleno dia;Decrescente;C�u Claro;Dupla;Interse��o de Vias;Sim;2;0;1;0;1;0;1;2;-13,12044;-60,54111;SPRF-RO;DEL04-RO;UOP02-DEL04-RO;;;
720904;25/09/2025;quinta-feira;22:25:00;SC;282;2,9;FLORIANOPOLIS;Manobra de mudan�a de faixa;Colis�o traseira;Com V�timas Feridas;Plena Noite;Crescente;Nublado;M�ltipla;"Em Obras;Curva";Sim;5;0;2;0;3;0;2;3;-27,602859;-48,593197;SPRF-SC;DEL01-SC;UOP01-DEL01-SC;;;
720906;25/09/2025;quinta-feira;22:25:00;RS;116;522;PELOTAS;Transitar na contram�o;Colis�o com objeto;Com V�timas Feridas;Plena Noite;Crescente;C�u Claro;Dupla;"Reta;Ponte";N�o;4;0;1;0;2;1;1;2;-31,71561383;-52,37595527;SPRF-RS;DEL07-RS;UOP01-DEL07-RS;;;
720907;25/09/2025;quinta-feira;21:45:00;PA;10;52,7;ULIANOPOLIS;Transitar na contram�o;Colis�o lateral sentido oposto;Sem V�timas;Plena Noite;Decrescente;C�u Claro;Simples;Curva;N�o;2;0;0;0;2;0;0;2;-3,99676115;-47,54664212;SPRF-PA;DEL02-PA;UOP02-DEL02-PA;;;
720908;25/09/2025;quinta-feira;19:00:00;MT;163;10,8;ITIQUIRA;Ingest�o de �lcool pelo condutor;Sa�da de leito carro��vel;Sem V�timas;Plena Noite;Crescente;C�u Claro;Dupla;Declive;N�o;1;0;0;0;1;0;0;1;-17,423173;-54,75049;SPRF-MT;DEL02-MT;UOP03-DEL02-MT;;;
720909;25/09/2025;quinta-feira;21:40:00;PR;369;126,5;JATAIZINHO;Suic�dio (presumido);Atropelamento de Pedestre;Com V�timas Fatais;Plena Noite;Crescente;C�u Claro;Dupla;Reta;N�o;2;1;0;0;1;0;0;2;-23,28593714;-50,91549397;SPRF-PR;DEL07-PR;UOP01-DEL07-PR;;;
720910;25/09/2025;quinta-feira;19:50:00;PR;373;396;CANDOI;Aus�ncia de rea��o do condutor;Sa�da de leito carro��vel;Com V�timas Feridas;Plena Noite;Decrescente;C�u Claro;Simples;Reta;N�o;1;0;1;0;0;0;1;1;-25,55057;-52,02784;SPRF-PR;DEL08-PR;UOP01-DEL08-PR;;;
720911;14/09/2025;domingo;22:40:00;PR;153;403;MALLET;Rea��o tardia ou ineficiente do condutor;Colis�o frontal;Sem V�timas;Plena Noite;Decrescente;Ignorado;Simples;Curva;N�o;5;0;0;0;4;1;0;3;-25,99298;-50,83884;SPRF-PR;DEL08-PR;UOP02-DEL08-PR;;;
720912;25/09/2025;quinta-feira;22:15:00;PE;423;98;GARANHUNS;Animais na Pista;Queda de ocupante de ve�culo;Com V�timas Feridas;Plena Noite;Crescente;Garoa/Chuvisco;Simples;Reta;Sim;2;0;2;0;0;0;2;1;-8,876102;-36,504292;SPRF-PE;DEL03-PE;UOP01-DEL03-PE;;;
720913;25/09/2025;quinta-feira;23:00:00;MG;40;668;CARANDAI;Aus�ncia de rea��o do condutor;Sa�da de leito carro��vel;Com V�timas Feridas;Plena Noite;Crescente;C�u Claro;Simples;Reta;Sim;1;0;1;0;0;0;1;1;-20,955565;-43,791518;SPRF-MG;DEL05-MG;UOP02-DEL05-MG;;;
720914;26/09/2025;sexta-feira;00:25:00;PA;316;73,4;SAO FRANCISCO DO PARA;Rea��o tardia ou ineficiente do condutor;Tombamento;Com V�timas Feridas;Plena Noite;Crescente;C�u Claro;Simples;Curva;N�o;1;0;0;1;0;0;1;1;-1,289825;-47,835453;SPRF-PA;DEL01-PA;UOP01-DEL01-PA;;;
720915;25/09/2025;quinta-feira;23:00:00;PE;424;105;BREJAO;Pedestre andava na pista;Atropelamento de Pedestre;Com V�timas Feridas;Plena Noite;Crescente;Nevoeiro/Neblina;Simples;Curva;N�o;2;0;0;1;1;0;1;2;-9,01229297;-36,46396637;SPRF-PE;DEL03-PE;UOP01-DEL03-PE;;;
720917;26/09/2025;sexta-feira;03:00:00;MG;381;498;BETIM;Pista Escorregadia;Tombamento;Com V�timas Feridas;Pleno dia;Decrescente;C�u Claro;Dupla;Reta;N�o;2;0;1;1;0;0;2;1;-19,98990555;-44,20536554;SPRF-MG;DEL01-MG;UOP03-DEL01-MG;;;
720918;26/09/2025;sexta-feira;02:40:00;RS;116;152;CAXIAS DO SUL;Condutor desrespeitou a ilumina��o vermelha do sem�foro;Colis�o transversal;Com V�timas Feridas;Plena Noite;Crescente;C�u Claro;Dupla;Reta;Sim;2;0;1;0;0;1;1;2;-29,185842;-51,1767389;SPRF-RS;DEL05-RS;UOP01-DEL05-RS;;;
720919;26/09/2025;sexta-feira;03:50:00;RS;116;239;NOVO HAMBURGO;Ingest�o de �lcool pelo condutor;Colis�o com objeto;Com V�timas Feridas;Plena Noite;Crescente;C�u Claro;Dupla;"Desvio Tempor�rio;Em Obras;Reta";Sim;1;0;0;1;0;0;1;1;-29,6938111;-51,1444556;SPRF-RS;DEL01-RS;UOP02-DEL01-RS;;;
720924;26/09/2025;sexta-feira;04:30:00;DF;20;9;BRASILIA;Ingest�o de �lcool pelo condutor;Colis�o frontal;Sem V�timas;Plena Noite;Crescente;C�u Claro;M�ltipla;Viaduto;Sim;2;0;0;0;2;0;0;2;-15,6536151;-47,7816381;SPRF-DF;DEL02-DF;UOP01-DEL02-DF;;;
720927;26/09/2025;sexta-feira;05:50:00;MG;381;430;SABARA;Acessar a via sem observar a presen�a dos outros ve�culos;Atropelamento de Pedestre;Com V�timas Feridas;Plena Noite;Crescente;C�u Claro;Simples;Reta;N�o;2;0;0;1;1;0;1;2;-19,79036871;-43,7443648;SPRF-MG;DEL01-MG;UOP01-DEL01-MG;;;
720929;26/09/2025;sexta-feira;05:30:00;SP;116;225;GUARULHOS;Rea��o tardia ou ineficiente do condutor;Colis�o com objeto;Sem V�timas;Pleno dia;Crescente;Nublado;M�ltipla;"Em Obras;Reta";Sim;1;0;0;0;0;1;0;1;-23,4883906;-46,54532713;SPRF-SP;DEL01-SP;UOP01-DEL01-SP;;;
720930;26/09/2025;sexta-feira;05:20:00;RJ;116;273;BARRA MANSA;Condutor Dormindo;Colis�o com objeto;Com V�timas Feridas;Amanhecer;Crescente;Nublado;Dupla;Curva;N�o;2;0;2;0;0;0;2;1;-22,5622195;-44,14554343;SPRF-RJ;DEL07-RJ;UOP02-DEL07-RJ;;;
720931;26/09/2025;sexta-feira;06:30:00;SP;116;222;GUARULHOS;Manobra de mudan�a de faixa;Colis�o lateral mesmo sentido;Com V�timas Feridas;Pleno dia;Decrescente;Nublado;Dupla;Reta;Sim;2;0;1;0;0;1;1;2;-23,4750414;-46,52386821;SPRF-SP;DEL01-SP;UOP01-DEL01-SP;;;
720932;26/09/2025;sexta-feira;05:20:00;RO;364;13;VILHENA;Ingest�o de �lcool pelo condutor;Queda de ocupante de ve�culo;Com V�timas Feridas;Amanhecer;Crescente;C�u Claro;Dupla;Reta;Sim;1;0;1;0;0;0;1;1;-12,74048411;-60,13225079;SPRF-RO;DEL04-RO;UOP01-DEL04-RO;;;
720933;26/09/2025;sexta-feira;06:30:00;PR;476;152,5;ARAUCARIA;Rea��o tardia ou ineficiente do condutor;Colis�o traseira;Com V�timas Feridas;Amanhecer;Decrescente;Nublado;Dupla;Reta;Sim;2;0;1;0;1;0;1;2;-25,57434381;-49,38866711;SPRF-PR;DEL01-PR;UOP06-DEL01-PR;;;
720936;20/07/2025;domingo;10:25:00;MA;222;241;ARARI;Aus�ncia de rea��o do condutor;Engavetamento;Com V�timas Feridas;Pleno dia;Decrescente;C�u Claro;Simples;Reta;N�o;4;0;1;0;2;1;1;3;-3,57972677;-44,65805054;SPRF-MA;DEL01-MA;UOP02-DEL01-MA;;;
720937;26/09/2025;sexta-feira;07:15:00;SC;470;66;BLUMENAU;Acessar a via sem observar a presen�a dos outros ve�culos;Colis�o transversal;Com V�timas Feridas;Amanhecer;Decrescente;Sol;Simples;"Reta;Interse��o de Vias";Sim;2;0;0;1;1;0;1;2;-26,8766762;-49,1317396;SPRF-SC;DEL04-SC;UOP01-DEL04-SC;;;
720942;26/09/2025;sexta-feira;08:20:00;PR;277;80,2;CURITIBA;Trafegar com motocicleta (ou similar) entre as faixas;Colis�o traseira;Com V�timas Feridas;Pleno dia;Crescente;Garoa/Chuvisco;Dupla;Reta;Sim;3;0;1;0;2;0;1;2;-25,47055804;-49,21201078;SPRF-PR;DEL01-PR;UOP03-DEL01-PR;;;
720943;26/09/2025;sexta-feira;08:00:00;RJ;101;310;SAO GONCALO;Rea��o tardia ou ineficiente do condutor;Colis�o traseira;Com V�timas Feridas;Pleno dia;Crescente;C�u Claro;Dupla;Reta;N�o;3;0;1;0;2;0;1;2;-22,79798039;-43,04735899;SPRF-RJ;DEL02-RJ;UOP02-DEL02-RJ;;;