id;data_inversa;dia_semana;horario;uf;br;km;municipio;causa_acidente;tipo_acidente;classificacao_acidente;fase_dia;sentido_via;condicao_metereologica;tipo_pista;tracado_via;uso_solo;pessoas;mortos;feridos_leves;feridos_graves;ilesos;ignorados;feridos;veiculos;latitude;longitude;regional;delegacia;uop;;;
720944;14/09/2025;domingo;21:00:00;MS;376;32,5;FATIMA DO SUL;Avarias e/ou desgaste excessivo no pneu;Tombamento;Com V�timas Feridas;Plena Noite;Decrescente;C�u Claro;Simples;Reta;N�o;2;0;2;0;0;0;2;1;-22,40086217;-54,45709026;SPRF-MS;DEL04-MS;UOP01-DEL04-MS;;;
720945;26/09/2025;sexta-feira;07:45:00;PR;277;83;CURITIBA;Aus�ncia de rea��o do condutor;Sa�da de leito carro��vel;Sem V�timas;Pleno dia;Decrescente;Chuva;Simples;Curva;Sim;1;0;0;0;1;0;0;1;-25,44445;-49,233027;SPRF-PR;DEL01-PR;UOP03-DEL01-PR;;;
720948;26/09/2025;sexta-feira;07:00:00;DF;251;22;BRASILIA;Aus�ncia de rea��o do condutor;Queda de ocupante de ve�culo;Com V�timas Feridas;Pleno dia;Decrescente;Nublado;Simples;Aclive;N�o;1;0;1;0;0;0;1;1;-15,95765119;-47,67062757;SPRF-DF;DEL01-DF;UOP01-DEL01-DF;;;
720949;26/09/2025;sexta-feira;09:10:00;MG;381;0;BETIM;Aus�ncia de rea��o do condutor;Colis�o traseira;Com V�timas Feridas;Pleno dia;Crescente;C�u Claro;Dupla;Reta;N�o;3;0;1;0;2;0;1;2;-19,96099505;-44,15575929;SPRF-MG;DEL01-MG;UOP03-DEL01-MG;;;
720950;26/09/2025;sexta-feira;06:45:00;MT;163;687;LUCAS DO RIO VERDE;Desrespeitar a prefer�ncia no cruzamento;Colis�o transversal;Com V�timas Feridas;Pleno dia;Crescente;C�u Claro;Dupla;"Interse��o de Vias;Reta";N�o;3;0;0;1;2;0;1;2;-13,079588;-55,93713;SPRF-MT;DEL06-MT;UOP01-DEL06-MT;;;
720952;26/09/2025;sexta-feira;05:30:00;RJ;116;142;DUQUE DE CAXIAS;Rea��o tardia ou ineficiente do condutor;Tombamento;Com V�timas Feridas;Amanhecer;Decrescente;Chuva;M�ltipla;Curva;Sim;1;0;1;0;0;0;1;1;-22,64817605;-43,22845935;SPRF-RJ;DEL01-RJ;UOP02-DEL01-RJ;;;
720953;26/09/2025;sexta-feira;07:50:00;RO;425;127;GUAJARA-MIRIM;Estacionar ou parar em local proibido;Colis�o traseira;Com V�timas Feridas;Pleno dia;Crescente;C�u Claro;Dupla;Reta;Sim;2;0;1;0;1;0;1;2;-10,77241448;-65,32463104;SPRF-RO;DEL01-RO;UOP03-DEL01-RO;;;
720955;26/09/2025;sexta-feira;06:50:00;SP;116;545;BARRA DO TURVO;Aus�ncia de rea��o do condutor;Sa�da de leito carro��vel;Com V�timas Feridas;Amanhecer;Crescente;Garoa/Chuvisco;Simples;"Curva;Declive";N�o;1;0;1;0;0;0;1;1;-24,95299922;-48,43008399;SPRF-SP;DEL05-SP;UOP02-DEL05-SP;;;
720956;26/09/2025;sexta-feira;07:50:00;BA;116;422;FEIRA DE SANTANA;Condutor deixou de manter dist�ncia do ve�culo da frente;Colis�o traseira;Com V�timas Feridas;Pleno dia;Crescente;Nublado;Dupla;Rotat�ria;Sim;2;0;0;1;0;1;1;2;-12,22987525;-38,96506257;SPRF-BA;DEL02-BA;UOP01-DEL02-BA;;;
720957;26/09/2025;sexta-feira;05:00:00;BA;420;319,4;SANTA INES;Condutor Dormindo;Sa�da de leito carro��vel;Com V�timas Feridas;Plena Noite;Decrescente;Ignorado;Simples;Curva;N�o;1;0;0;1;0;0;1;1;-13,362183;-39,88289;SPRF-BA;DEL03-BA;UOP01-DEL03-BA;;;
720958;25/09/2025;quinta-feira;22:00:00;BA;116;662;JEQUIE;Rea��o tardia ou ineficiente do condutor;Sa�da de leito carro��vel;Com V�timas Feridas;Plena Noite;Crescente;C�u Claro;Simples;Reta;N�o;2;0;1;0;1;0;1;1;-13,771916;-40,101927;SPRF-BA;DEL03-BA;UOP01-DEL03-BA;;;
720959;26/09/2025;sexta-feira;09:00:00;ES;262;166;IBATIBA;Aus�ncia de rea��o do condutor;Sa�da de leito carro��vel;Com V�timas Feridas;Pleno dia;Crescente;Sol;Simples;Curva;N�o;1;0;0;1;0;0;1;1;-20,25231103;-41,56551565;SPRF-ES;DEL01-ES;UOP02-DEL01-ES;;;
720961;26/09/2025;sexta-feira;09:15:00;PR;116;112;CURITIBA;Mal s�bito do condutor;Tombamento;Com V�timas Feridas;Pleno dia;Crescente;Garoa/Chuvisco;Dupla;Reta;Sim;1;0;1;0;0;0;1;1;-25,553452;-49,276145;SPRF-PR;DEL01-PR;UOP03-DEL01-PR;;;
720962;26/09/2025;sexta-feira;08:40:00;SC;101;274,3;IMBITUBA;Rea��o tardia ou ineficiente do condutor;Colis�o traseira;Com V�timas Feridas;Pleno dia;Decrescente;Nublado;M�ltipla;Reta;Sim;2;0;1;0;1;0;1;2;-28,144182;-48,692692;SPRF-SC;DEL02-SC;UOP03-DEL02-SC;;;
720964;26/09/2025;sexta-feira;07:18:00;AC;364;124;RIO BRANCO;Acessar a via sem observar a presen�a dos outros ve�culos;Colis�o traseira;Com V�timas Feridas;Pleno dia;Crescente;Nublado;Dupla;Rotat�ria;Sim;2;0;1;0;1;0;1;2;-10,0113837;-67,7978868;SPRF-AC;DEL01-AC;UOP01-DEL01-AC;;;
720966;26/09/2025;sexta-feira;09:30:00;GO;40;14,7;LUZIANIA;Rea��o tardia ou ineficiente do condutor;Tombamento;Com V�timas Feridas;Pleno dia;Decrescente;Sol;Dupla;Reta;Sim;1;0;1;0;0;0;1;1;-16,164457;-47,930204;SPRF-DF;DEL01-DF;UOP01-DEL01-DF;;;
720968;26/09/2025;sexta-feira;09:48:00;RJ;116;186;NOVA IGUACU;Acessar a via sem observar a presen�a dos outros ve�culos;Colis�o transversal;Com V�timas Feridas;Pleno dia;Crescente;C�u Claro;Dupla;Reta;N�o;3;0;1;0;2;0;1;2;-22,73944573;-43,46888479;SPRF-RJ;DEL06-RJ;UOP01-DEL06-RJ;;;
720969;26/09/2025;sexta-feira;08:50:00;SC;101;6,5;GARUVA;Manobra de mudan�a de faixa;Colis�o transversal;Com V�timas Feridas;Pleno dia;Decrescente;Nublado;M�ltipla;Reta;N�o;2;0;1;0;1;0;1;2;-26,03302934;-48,86026651;SPRF-SC;DEL03-SC;UOP01-DEL03-SC;;;
720970;26/09/2025;sexta-feira;08:20:00;BA;324;618;SALVADOR;Aus�ncia de rea��o do condutor;Queda de ocupante de ve�culo;Com V�timas Feridas;Pleno dia;Decrescente;Chuva;M�ltipla;Reta;Sim;1;0;1;0;0;0;1;1;-12,90511306;-38,45576406;SPRF-BA;DEL01-BA;UOP01-DEL01-BA;;;
720974;26/09/2025;sexta-feira;09:10:00;RJ;116;306;RESENDE;Condutor deixou de manter dist�ncia do ve�culo da frente;Colis�o lateral mesmo sentido;Com V�timas Feridas;Pleno dia;Decrescente;Garoa/Chuvisco;Dupla;Reta;N�o;1;0;1;0;0;0;1;1;-22,45607111;-44,39780116;SPRF-RJ;DEL07-RJ;UOP02-DEL07-RJ;;;
720975;26/09/2025;sexta-feira;08:20:00;SC;282;4,3;FLORIANOPOLIS;Trafegar com motocicleta (ou similar) entre as faixas;Colis�o lateral mesmo sentido;Com V�timas Feridas;Pleno dia;Decrescente;Nublado;Dupla;Reta;Sim;2;0;1;0;1;0;1;2;-27,592102;-48,605231;SPRF-SC;DEL01-SC;UOP01-DEL01-SC;;;
720977;26/09/2025;sexta-feira;10:50:00;MG;40;547,3;NOVA LIMA;Rea��o tardia ou ineficiente do condutor;Colis�o traseira;Com V�timas Feridas;Pleno dia;Decrescente;C�u Claro;Dupla;Reta;N�o;3;0;2;0;1;0;2;3;-20,027746;-43,969465;SPRF-MG;DEL01-MG;UOP02-DEL01-MG;;;
720978;26/09/2025;sexta-feira;11:01:00;PI;316;20,1;TERESINA;Acumulo de �leo sobre o pavimento;Tombamento;Com V�timas Feridas;Pleno dia;Crescente;Sol;M�ltipla;Reta;N�o;2;0;1;0;1;0;1;1;-5,2686372;-42,72732602;SPRF-PI;DEL01-PI;UOP02-DEL01-PI;;;
720979;26/09/2025;sexta-feira;10:50:00;SE;101;107,1;SAO CRISTOVAO;Manobra de mudan�a de faixa;Tombamento;Com V�timas Feridas;Pleno dia;Crescente;Sol;Dupla;Reta;N�o;3;0;0;2;0;1;2;2;-10,96017;-37,25289;SPRF-SE;DEL02-SE;UOP01-DEL02-SE;;;
720981;26/09/2025;sexta-feira;11:12:00;RN;101;112;SAO JOSE DE MIPIBU;Avarias e/ou desgaste excessivo no pneu;Queda de ocupante de ve�culo;Com V�timas Feridas;Pleno dia;Crescente;C�u Claro;Dupla;Reta;Sim;2;0;2;0;0;0;2;1;-5,972658;-35,264998;SPRF-RN;DEL01-RN;UOP01-DEL01-RN;;;
720985;26/09/2025;sexta-feira;11:45:00;SC;101;336;TUBARAO;Demais falhas mec�nicas ou el�tricas;Sa�da de leito carro��vel;Com V�timas Feridas;Pleno dia;Crescente;C�u Claro;Dupla;Curva;Sim;1;0;1;0;0;0;1;1;-28,48627011;-49,03795838;SPRF-SC;DEL02-SC;UOP01-DEL02-SC;;;
720988;26/09/2025;sexta-feira;11:45:00;BA;324;2;FEIRA DE SANTANA;Pista esburacada;Queda de ocupante de ve�culo;Com V�timas Feridas;Pleno dia;Crescente;C�u Claro;Dupla;Reta;N�o;1;0;1;0;0;0;1;1;-12,28548369;-38,95250984;SPRF-BA;DEL02-BA;UOP01-DEL02-BA;;;
720989;20/09/2025;s�bado;08:20:00;SC;280;82;CORUPA;Condutor deixou de manter dist�ncia do ve�culo da frente;Colis�o traseira;Com V�timas Feridas;Pleno dia;Decrescente;C�u Claro;Simples;"Rotat�ria;Interse��o de Vias";N�o;3;0;1;0;2;0;1;2;-26,43556;-49,24542;SPRF-SC;DEL06-SC;UOP03-DEL06-SC;;;
720990;26/09/2025;sexta-feira;12:00:00;MG;262;788;UBERABA;Rea��o tardia ou ineficiente do condutor;Colis�o traseira;Com V�timas Feridas;Pleno dia;Crescente;Sol;Simples;Reta;N�o;3;0;1;0;2;0;1;2;-19,76064544;-47,84254074;SPRF-MG;DEL13-MG;UOP01-DEL13-MG;;;
720991;26/09/2025;sexta-feira;12:25:00;RJ;40;111;DUQUE DE CAXIAS;Rea��o tardia ou ineficiente do condutor;Colis�o traseira;Com V�timas Feridas;Pleno dia;Crescente;C�u Claro;M�ltipla;Reta;Sim;2;0;1;0;1;0;1;2;-22,69363695;-43,28805206;SPRF-RJ;DEL01-RJ;UOP02-DEL01-RJ;;;
720992;26/09/2025;sexta-feira;12:10:00;RO;364;693;CANDEIAS DO JAMARI;Rea��o tardia ou ineficiente do condutor;Colis�o lateral mesmo sentido;Com V�timas Feridas;Pleno dia;Decrescente;C�u Claro;Dupla;Retorno Regulamentado;Sim;2;0;1;0;1;0;1;2;-8,798306;-63,707639;SPRF-RO;DEL01-RO;UOP01-DEL01-RO;;;
720995;21/09/2025;domingo;19:30:00;RJ;116;125;MAGE;Demais falhas mec�nicas ou el�tricas;Tombamento;Com V�timas Feridas;Plena Noite;Decrescente;C�u Claro;Dupla;Reta;N�o;2;0;1;0;1;0;1;1;-22,64511323;-43,06841925;SPRF-RJ;DEL04-RJ;UOP02-DEL04-RJ;;;
720996;26/09/2025;sexta-feira;11:22:00;PA;316;63;CASTANHAL;Pedestre andava na pista;Atropelamento de Pedestre;Com V�timas Feridas;Pleno dia;Crescente;C�u Claro;Dupla;Reta;Sim;2;0;0;1;0;1;1;2;-1,296359;-47,921045;SPRF-PA;DEL01-PA;UOP01-DEL01-PA;;;
720997;19/08/2025;ter�a-feira;11:48:00;RJ;101;322;NITEROI;Aus�ncia de rea��o do condutor;Colis�o lateral mesmo sentido;Com V�timas Feridas;Pleno dia;Decrescente;C�u Claro;Dupla;Reta;Sim;2;0;1;0;1;0;1;2;-22,87194435;-43,17654848;SPRF-RJ;DEL02-RJ;UOP01-DEL02-RJ;;;
721000;26/09/2025;sexta-feira;14:00:00;PE;101;46;IGARASSU;Acessar a via sem observar a presen�a dos outros ve�culos;Colis�o transversal;Com V�timas Feridas;Pleno dia;Crescente;C�u Claro;M�ltipla;"Interse��o de Vias;Reta";Sim;3;0;2;0;1;0;2;2;-7,875212;-34,905932;SPRF-PE;DEL01-PE;UOP02-DEL01-PE;;;
721002;26/09/2025;sexta-feira;14:02:00;PI;222;145;BATALHA;Acessar a via sem observar a presen�a dos outros ve�culos;Colis�o transversal;Com V�timas Feridas;Pleno dia;Crescente;C�u Claro;Simples;Reta;Sim;2;0;1;0;1;0;1;2;-3,9061;-42,2314;SPRF-PI;DEL02-PI;UOP01-DEL02-PI;;;
721004;26/09/2025;sexta-feira;13:07:00;SP;116;418;JUQUIA;Manobra de mudan�a de faixa;Colis�o traseira;Com V�timas Feridas;Pleno dia;Crescente;C�u Claro;Dupla;Reta;N�o;2;0;1;0;1;0;1;2;-24,34149652;-47,64562172;SPRF-SP;DEL05-SP;UOP01-DEL05-SP;;;
721005;26/09/2025;sexta-feira;14:00:00;BA;242;229,9;ITABERABA;Acessar a via sem observar a presen�a dos outros ve�culos;Colis�o transversal;Com V�timas Feridas;Pleno dia;Crescente;C�u Claro;Simples;"Aclive;Interse��o de Vias;Reta";Sim;3;0;2;0;1;0;2;2;-12,510275;-40,30967;SPRF-BA;DEL06-BA;UOP02-DEL06-BA;;;
721007;26/09/2025;sexta-feira;14:43:00;MG;116;117,2;ITAOBIM;Aus�ncia de rea��o do condutor;Tombamento;Com V�timas Feridas;Pleno dia;Decrescente;Nublado;Simples;Rotat�ria;Sim;1;0;1;0;0;0;1;1;-16,57589;-41,50388;SPRF-MG;DEL11-MG;UOP02-DEL11-MG;;;
721009;26/09/2025;sexta-feira;13:20:00;SE;235;60,9;ITABAIANA;Animais na Pista;Atropelamento de Animal;Com V�timas Feridas;Pleno dia;Crescente;Sol;Simples;Reta;Sim;1;0;1;0;0;0;1;1;-10,61968214;-37,46716116;SPRF-SE;DEL01-SE;UOP02-DEL01-SE;;;
721013;26/09/2025;sexta-feira;15:20:00;SC;101;220;PALHOCA;Condutor deixou de manter dist�ncia do ve�culo da frente;Colis�o traseira;Com V�timas Feridas;Pleno dia;Crescente;Nublado;Dupla;Reta;Sim;5;0;2;2;1;0;4;2;-27,68841726;-48,66522186;SPRF-SC;DEL01-SC;UOP02-DEL01-SC;;;
721014;23/08/2025;s�bado;18:30:00;RJ;101;470;ANGRA DOS REIS;Acessar a via sem observar a presen�a dos outros ve�culos;Colis�o transversal;Com V�timas Feridas;Plena Noite;Crescente;Ignorado;Simples;"Interse��o de Vias;Reta";Sim;2;0;1;0;1;0;1;2;-23,00016691;-44,25617819;SPRF-RJ;DEL03-RJ;UOP03-DEL03-RJ;;;
721015;26/09/2025;sexta-feira;13:30:00;RN;101;94;NATAL;Acessar a via sem observar a presen�a dos outros ve�culos;Colis�o transversal;Com V�timas Feridas;Pleno dia;Crescente;C�u Claro;Dupla;Reta;Sim;2;0;1;0;1;0;1;2;-5,83567749;-35,21228671;SPRF-RN;DEL01-RN;UOP01-DEL01-RN;;;
721017;13/09/2025;s�bado;21:50:00;GO;153;506;GOIANIA;Acessar a via sem observar a presen�a dos outros ve�culos;Colis�o traseira;Com V�timas Feridas;Plena Noite;Crescente;C�u Claro;Dupla;"Aclive;Retorno Regulamentado";Sim;3;0;0;2;0;1;2;2;-16,716028;-49,235207;SPRF-GO;DEL01-GO;UOP01-DEL01-GO;;;
721019;22/06/2025;domingo;15:15:00;PR;277;78;SAO JOSE DOS PINHAIS;Condutor deixou de manter dist�ncia do ve�culo da frente;Colis�o traseira;Com V�timas Feridas;Pleno dia;Crescente;Nublado;Dupla;Reta;N�o;3;0;2;0;1;0;2;2;-25,555708;-49,0294844;SPRF-PR;DEL01-PR;UOP07-DEL01-PR;;;
721020;26/09/2025;sexta-feira;12:50:00;BA;101;664;ITAPEBI;Velocidade Incompat�vel;Sa�da de leito carro��vel;Com V�timas Feridas;Pleno dia;Crescente;Chuva;Simples;Curva;N�o;2;0;2;0;0;0;2;1;-15,971608;-39,562287;SPRF-BA;DEL09-BA;UOP03-DEL09-BA;;;
721021;26/09/2025;sexta-feira;16:13:00;PE;101;21;GOIANA;Acessar a via sem observar a presen�a dos outros ve�culos;Colis�o transversal;Com V�timas Fatais;Pleno dia;Decrescente;C�u Claro;Dupla;Reta;N�o;3;1;0;0;2;0;0;2;-7,6706282;-34,9291265;SPRF-PE;DEL01-PE;UOP02-DEL01-PE;;;
721022;26/09/2025;sexta-feira;16:21:00;RN;101;95;NATAL;Convers�o proibida;Colis�o lateral mesmo sentido;Com V�timas Feridas;Pleno dia;Crescente;C�u Claro;Dupla;Reta;Sim;3;0;2;0;1;0;2;2;-5,835132;-35,21229;SPRF-RN;DEL01-RN;UOP01-DEL01-RN;;;
721023;26/09/2025;sexta-feira;16:25:00;SP;116;3;GUARULHOS;Aus�ncia de rea��o do condutor;Colis�o traseira;Com V�timas Feridas;Pleno dia;Decrescente;C�u Claro;Dupla;"Reta;Declive";Sim;2;0;1;0;1;0;1;2;-23,43049933;-46,49297869;SPRF-SP;DEL01-SP;UOP01-DEL01-SP;;;
721027;26/09/2025;sexta-feira;12:50:00;MG;381;622;OLIVEIRA;Condutor Dormindo;Sa�da de leito carro��vel;Com V�timas Feridas;Pleno dia;Decrescente;C�u Claro;Dupla;Curva;N�o;1;0;1;0;0;0;1;1;-20,771364;-44,782204;SPRF-MG;DEL04-MG;UOP01-DEL04-MG;;;
721028;26/09/2025;sexta-feira;14:50:00;SC;470;98;APIUNA;Transitar na contram�o;Colis�o transversal;Com V�timas Feridas;Pleno dia;Decrescente;Nublado;Simples;Reta;Sim;2;0;1;0;1;0;1;2;-27,03761936;-49,3928139;SPRF-SC;DEL04-SC;UOP02-DEL04-SC;;;
721029;26/09/2025;sexta-feira;16:15:00;SP;116;284,9;ITAPECERICA DA SERRA;Manobra de mudan�a de faixa;Queda de ocupante de ve�culo;Com V�timas Feridas;Pleno dia;Decrescente;Nublado;Dupla;Reta;Sim;1;0;1;0;0;0;1;1;-23,68275017;-46,85892105;SPRF-SP;DEL04-SP;UOP01-DEL04-SP;;;
721030;26/09/2025;sexta-feira;16:15:00;PE;232;9;JABOATAO DOS GUARARAPES;Rea��o tardia ou ineficiente do condutor;Colis�o traseira;Com V�timas Feridas;Anoitecer;Crescente;Nublado;Dupla;Viaduto;Sim;6;0;2;0;4;0;2;5;-8,078128;-34,980608;SPRF-PE;DEL01-PE;UOP01-DEL01-PE;;;
721031;26/09/2025;sexta-feira;17:00:00;RN;101;81;NATAL;Aus�ncia de rea��o do condutor;Colis�o traseira;Com V�timas Feridas;Anoitecer;Decrescente;C�u Claro;Dupla;Reta;Sim;2;0;1;0;1;0;1;2;-5,76620142;-35,27892059;SPRF-RN;DEL02-RN;UOP01-DEL02-RN;;;
721032;26/09/2025;sexta-feira;17:00:00;RJ;116;185;NOVA IGUACU;Condutor deixou de manter dist�ncia do ve�culo da frente;Colis�o traseira;Sem V�timas;Pleno dia;Decrescente;C�u Claro;Dupla;Reta;N�o;2;0;0;0;2;0;0;2;-22,75645989;-43,4325707;SPRF-RJ;DEL06-RJ;UOP01-DEL06-RJ;;;
721033;26/09/2025;sexta-feira;16:30:00;ES;101;212,7;IBIRACU;Rea��o tardia ou ineficiente do condutor;Tombamento;Com V�timas Feridas;Pleno dia;Crescente;Nublado;Simples;Reta;Sim;1;0;1;0;0;0;1;1;-19,82021867;-40,36848307;SPRF-ES;DEL02-ES;UOP01-DEL02-ES;;;
721035;26/09/2025;sexta-feira;16:45:00;PR;376;403;TIBAGI;Desrespeitar a prefer�ncia no cruzamento;Colis�o transversal;Com V�timas Feridas;Pleno dia;Crescente;C�u Claro;Dupla;Retorno Regulamentado;N�o;5;0;2;1;2;0;3;2;-24,60425448;-50,66360084;SPRF-PR;DEL03-PR;UOP02-DEL03-PR;;;
721036;26/09/2025;sexta-feira;11:45:00;RS;287;409;SANTIAGO;Acessar a via sem observar a presen�a dos outros ve�culos;Colis�o transversal;Sem V�timas;Pleno dia;Crescente;C�u Claro;Simples;"Reta;Interse��o de Vias";N�o;2;0;0;0;2;0;0;2;-29,09676144;-54,92130876;SPRF-RS;DEL12-RS;UOP02-DEL12-RS;;;
721037;26/09/2025;sexta-feira;14:55:00;MG;381;650;SANTO ANTONIO DO AMPARO;Convers�o proibida;Colis�o transversal;Com V�timas Feridas;Pleno dia;Crescente;C�u Claro;Simples;Interse��o de Vias;Sim;3;0;1;0;2;0;1;2;-20,9550074;-44,9128261;SPRF-MG;DEL04-MG;UOP02-DEL04-MG;;;
721038;26/09/2025;sexta-feira;16:50:00;RJ;40;110;DUQUE DE CAXIAS;Rea��o tardia ou ineficiente do condutor;Colis�o traseira;Com V�timas Feridas;Pleno dia;Decrescente;C�u Claro;M�ltipla;Reta;Sim;2;0;1;0;1;0;1;2;-22,68837786;-43,28625774;SPRF-RJ;DEL01-RJ;UOP02-DEL01-RJ;;;
721039;26/09/2025;sexta-feira;10:42:00;MA;402;49;MORROS;Transitar na contram�o;Colis�o frontal;Com V�timas Feridas;Pleno dia;Crescente;C�u Claro;Simples;Curva;N�o;4;0;0;2;0;2;2;2;-2,853678;-43,953223;SPRF-MA;DEL01-MA;UOP01-DEL01-MA;;;
721042;26/09/2025;sexta-feira;17:03:00;PE;101;71;RECIFE;Rea��o tardia ou ineficiente do condutor;Colis�o traseira;Com V�timas Feridas;Anoitecer;Decrescente;C�u Claro;Dupla;Reta;Sim;3;0;2;0;1;0;2;2;-8,0829222;-34,9433888;SPRF-PE;DEL01-PE;UOP01-DEL01-PE;;;
721044;26/09/2025;sexta-feira;17:15:00;PB;230;505;CAJAZEIRAS;Acessar a via sem observar a presen�a dos outros ve�culos;Colis�o transversal;Com V�timas Feridas;Anoitecer;Decrescente;C�u Claro;Simples;"Reta;Interse��o de Vias";Sim;2;0;1;0;1;0;1;2;-6,900587;-38,569642;SPRF-PB;DEL03-PB;UOP03-DEL03-PB;;;
721045;26/09/2025;sexta-feira;16:40:00;PR;163;194;SANTA TEREZA DO OESTE;Aus�ncia de rea��o do condutor;Sa�da de leito carro��vel;Sem V�timas;Pleno dia;Decrescente;C�u Claro;Dupla;Reta;N�o;1;0;0;0;1;0;0;1;-25,049987;-53,55793;SPRF-PR;DEL05-PR;UOP05-DEL05-PR;;;
721046;26/09/2025;sexta-feira;17:40:00;BA;101;263,5;SANTO ANTONIO DE JESUS;Acessar a via sem observar a presen�a dos outros ve�culos;Colis�o transversal;Com V�timas Feridas;Plena Noite;Crescente;C�u Claro;Simples;Reta;Sim;3;0;2;0;1;0;2;2;-12,9889165;-39,2898746;SPRF-BA;DEL01-BA;UOP02-DEL01-BA;;;
721047;26/09/2025;sexta-feira;14:15:00;SC;101;146;ITAPEMA;Rea��o tardia ou ineficiente do condutor;Atropelamento de Pedestre;Com V�timas Feridas;Pleno dia;Crescente;C�u Claro;Dupla;Reta;Sim;2;0;1;1;0;0;2;2;-27,0899537;-48,61530662;SPRF-SC;DEL04-SC;UOP03-DEL04-SC;;;
721048;26/09/2025;sexta-feira;18:10:00;PR;116;115;CURITIBA;Rea��o tardia ou ineficiente do condutor;Sa�da de leito carro��vel;Com V�timas Feridas;Plena Noite;Decrescente;Garoa/Chuvisco;Dupla;Reta;Sim;1;0;1;0;0;0;1;1;-25,54442;-49,300302;SPRF-PR;DEL01-PR;UOP03-DEL01-PR;;;
721049;26/09/2025;sexta-feira;18:00:00;RS;116;147,7;CAXIAS DO SUL;Rea��o tardia ou ineficiente do condutor;Colis�o traseira;Com V�timas Feridas;Anoitecer;Crescente;C�u Claro;Dupla;Reta;Sim;3;0;1;0;2;0;1;2;-29,15509311;-51,15197595;SPRF-RS;DEL05-RS;UOP01-DEL05-RS;;;
721050;26/09/2025;sexta-feira;18:35:00;MG;381;487;BETIM;Rea��o tardia ou ineficiente do condutor;Colis�o traseira;Com V�timas Feridas;Anoitecer;Crescente;C�u Claro;Dupla;"Reta;Declive";N�o;2;0;1;0;1;0;1;2;-19,95695025;-44,11911361;SPRF-MG;DEL01-MG;UOP03-DEL01-MG;;;
721051;26/09/2025;sexta-feira;18:16:00;RJ;101;532;ANGRA DOS REIS;Convers�o proibida;Colis�o transversal;Com V�timas Feridas;Plena Noite;Decrescente;Nublado;Simples;Reta;Sim;3;0;2;0;1;0;2;2;-23,02187066;-44,53573108;SPRF-RJ;DEL03-RJ;UOP03-DEL03-RJ;;;
721052;26/09/2025;sexta-feira;18:10:00;PR;369;195,1;ARAPONGAS;Avarias e/ou desgaste excessivo no pneu;Tombamento;Com V�timas Feridas;Anoitecer;Decrescente;C�u Claro;Dupla;Reta;N�o;1;0;1;0;0;0;1;1;-23,47085811;-51,42359492;SPRF-PR;DEL07-PR;UOP03-DEL07-PR;;;
721053;26/09/2025;sexta-feira;18:00:00;MG;116;39;PEDRA AZUL;Aus�ncia de rea��o do condutor;Colis�o com objeto;Com V�timas Fatais;Plena Noite;Crescente;Nevoeiro/Neblina;Dupla;"Declive;Reta";N�o;2;1;1;0;0;0;1;1;-15,97623;-41,40221;SPRF-MG;DEL11-MG;UOP02-DEL11-MG;;;
721054;26/09/2025;sexta-feira;18:50:00;PB;101;88,2;JOAO PESSOA;Entrada inopinada do pedestre;Atropelamento de Pedestre;Com V�timas Feridas;Plena Noite;Decrescente;C�u Claro;Dupla;Reta;Sim;2;0;0;1;0;1;1;2;-7,1685384;-34,8972116;SPRF-PB;DEL01-PB;UOP01-DEL01-PB;;;
721055;26/09/2025;sexta-feira;18:30:00;PR;277;453,8;LARANJEIRAS DO SUL;Acessar a via sem observar a presen�a dos outros ve�culos;Colis�o transversal;Com V�timas Feridas;Anoitecer;Decrescente;C�u Claro;Simples;"Reta;Interse��o de Vias";Sim;2;0;1;0;1;0;1;2;-25,386;-52,41;SPRF-PR;DEL04-PR;UOP02-DEL04-PR;;;
721057;26/09/2025;sexta-feira;18:50:00;MG;381;357;JUATUBA;Aus�ncia de rea��o do condutor;Colis�o traseira;Com V�timas Feridas;Plena Noite;Decrescente;C�u Claro;Dupla;Reta;Sim;2;0;1;0;1;0;1;2;-19,971358;-44,295866;SPRF-MG;DEL03-MG;UOP01-DEL03-MG;;;
721058;06/09/2025;s�bado;22:30:00;GO;364;70,9;CACHOEIRA ALTA;Ingest�o de �lcool pelo condutor;Sa�da de leito carro��vel;Sem V�timas;Plena Noite;Crescente;C�u Claro;Simples;Reta;N�o;2;0;0;0;2;0;0;1;-18,47296186;-51,08200496;SPRF-GO;DEL05-GO;UOP02-DEL05-GO;;;
721059;26/09/2025;sexta-feira;19:05:00;DF;70;14;BRASILIA;Rea��o tardia ou ineficiente do condutor;Sa�da de leito carro��vel;Com V�timas Feridas;Plena Noite;Crescente;C�u Claro;Dupla;Reta;Sim;2;0;2;0;0;0;2;1;-15,79848083;-48,17980623;SPRF-DF;DEL03-DF;UOP02-DEL03-DF;;;
721061;26/09/2025;sexta-feira;18:45:00;DF;20;12;BRASILIA;Aus�ncia de rea��o do condutor;Colis�o com objeto;Com V�timas Feridas;Plena Noite;Crescente;C�u Claro;Dupla;"Reta;Em Obras;Desvio Tempor�rio";Sim;1;0;1;0;0;0;1;1;-15,6418729;-47,75591101;SPRF-DF;DEL02-DF;UOP01-DEL02-DF;;;
721062;26/09/2025;sexta-feira;19:15:00;SC;280;24;ARAQUARI;Desrespeitar a prefer�ncia no cruzamento;Colis�o transversal;Com V�timas Feridas;Plena Noite;Crescente;Nublado;Simples;Reta;Sim;2;0;1;0;1;0;1;2;-26,376802;-48,71887;SPRF-SC;DEL03-SC;UOP03-DEL03-SC;;;