id;data_inversa;dia_semana;horario;uf;br;km;municipio;causa_acidente;tipo_acidente;classificacao_acidente;fase_dia;sentido_via;condicao_metereologica;tipo_pista;tracado_via;uso_solo;pessoas;mortos;feridos_leves;feridos_graves;ilesos;ignorados;feridos;veiculos;latitude;longitude;regional;delegacia;uop;;;
721063;26/09/2025;sexta-feira;19:08:00;CE;222;307,1;TIANGUA;Rea��o tardia ou ineficiente do condutor;Colis�o traseira;Com V�timas Feridas;Plena Noite;Decrescente;C�u Claro;Simples;Reta;N�o;2;0;1;0;1;0;1;2;-3,68645686;-40,97763062;SPRF-CE;DEL04-CE;UOP02-DEL04-CE;;;
721064;26/09/2025;sexta-feira;12:35:00;SC;163;70,4;SAO MIGUEL DO OESTE;Rea��o tardia ou ineficiente do condutor;Colis�o traseira;Com V�timas Feridas;Pleno dia;Crescente;C�u Claro;Dupla;"Curva;Interse��o de Vias";Sim;2;0;1;0;1;0;1;2;-26,73260299;-53,50988595;SPRF-SC;DEL07-SC;UOP03-DEL07-SC;;;
721065;26/09/2025;sexta-feira;17:20:00;RJ;40;113;DUQUE DE CAXIAS;Rea��o tardia ou ineficiente do condutor;Tombamento;Com V�timas Feridas;Pleno dia;Decrescente;C�u Claro;M�ltipla;"Reta;Viaduto";Sim;1;0;1;0;0;0;1;1;-22,71061278;-43,29022538;SPRF-RJ;DEL01-RJ;UOP02-DEL01-RJ;;;
721066;26/09/2025;sexta-feira;18:00:00;RJ;40;121;DUQUE DE CAXIAS;Rea��o tardia ou ineficiente do condutor;Queda de ocupante de ve�culo;Com V�timas Feridas;Anoitecer;Crescente;C�u Claro;M�ltipla;Reta;Sim;2;0;1;0;1;0;1;1;-22,790615;-43,285935;SPRF-RJ;DEL01-RJ;UOP02-DEL01-RJ;;;
721068;26/09/2025;sexta-feira;17:00:00;RJ;116;114;GUAPIMIRIM;Aus�ncia de rea��o do condutor;Colis�o traseira;Com V�timas Feridas;Pleno dia;Decrescente;C�u Claro;Dupla;Reta;Sim;3;0;1;1;1;0;2;2;-22,5801;-43,0115;SPRF-RJ;DEL04-RJ;UOP02-DEL04-RJ;;;
721069;26/09/2025;sexta-feira;15:50:00;SC;282;617;IRACEMINHA;Condutor usando celular;Colis�o traseira;Com V�timas Feridas;Pleno dia;Crescente;Sol;Simples;Reta;N�o;2;0;1;0;1;0;1;2;-26,7887025;-53,2936293;SPRF-SC;DEL07-SC;UOP02-DEL07-SC;;;
721070;26/09/2025;sexta-feira;18:20:00;PR;373;221;IMBITUVA;Animais na Pista;Atropelamento de Animal;Com V�timas Feridas;Anoitecer;Decrescente;C�u Claro;Simples;Reta;N�o;1;0;1;0;0;0;1;1;-25,178785;-50,583836;SPRF-PR;DEL03-PR;UOP01-DEL03-PR;;;
721072;26/09/2025;sexta-feira;19:00:00;GO;414;398;CORUMBA DE GOIAS;Transitar na contram�o;Colis�o frontal;Com V�timas Fatais;Plena Noite;Crescente;C�u Claro;Simples;"Declive;Reta";N�o;3;1;0;0;2;0;0;2;-15,959597;-48,815498;SPRF-GO;DEL02-GO;UOP01-DEL02-GO;;;
721073;26/09/2025;sexta-feira;18:30:00;SP;153;62;SAO JOSE DO RIO PRETO;Aus�ncia de rea��o do condutor;Colis�o traseira;Com V�timas Feridas;Plena Noite;Crescente;C�u Claro;Dupla;Declive;Sim;2;0;1;0;1;0;1;2;-20,82775359;-49,35937135;SPRF-SP;DEL09-SP;UOP01-DEL09-SP;;;
721074;26/09/2025;sexta-feira;20:00:00;MG;381;484;BETIM;Aus�ncia de rea��o do condutor;Tombamento;Com V�timas Feridas;Plena Noite;Crescente;C�u Claro;M�ltipla;Declive;Sim;1;0;1;0;0;0;1;1;-19,9595303;-44,08538315;SPRF-MG;DEL01-MG;UOP03-DEL01-MG;;;
721075;26/09/2025;sexta-feira;18:40:00;AL;101;96;RIO LARGO;Afundamento ou ondula��o no pavimento;Colis�o com objeto;Com V�timas Feridas;Plena Noite;Crescente;C�u Claro;Dupla;"Desvio Tempor�rio;Aclive";N�o;2;0;1;0;0;1;1;2;-9,527223;-35,94441;SPRF-AL;DEL01-AL;UOP01-DEL01-AL;;;
721076;26/09/2025;sexta-feira;20:00:00;PB;101;89,8;JOAO PESSOA;Acessar a via sem observar a presen�a dos outros ve�culos;Colis�o transversal;Com V�timas Feridas;Plena Noite;Crescente;C�u Claro;Dupla;"Em Obras;Interse��o de Vias;Reta";Sim;2;0;0;1;0;1;1;2;-7,181575;-34,9013818;SPRF-PB;DEL01-PB;UOP01-DEL01-PB;;;
721077;26/09/2025;sexta-feira;17:50:00;AC;364;137;RIO BRANCO;Condutor desrespeitou a ilumina��o vermelha do sem�foro;Colis�o transversal;Com V�timas Feridas;Anoitecer;Crescente;C�u Claro;Dupla;Reta;Sim;2;0;1;1;0;0;2;2;-9,965821;-67,854316;SPRF-AC;DEL01-AC;UOP01-DEL01-AC;;;
721079;26/09/2025;sexta-feira;20:15:00;MT;70;4;BARRA DO GARCAS;Ingest�o de �lcool pelo condutor;Colis�o com objeto;Sem V�timas;Plena Noite;Crescente;C�u Claro;Dupla;Reta;Sim;1;0;0;0;1;0;0;1;-15,8725135;-52,385532;SPRF-MT;DEL07-MT;UOP01-DEL07-MT;;;
721080;26/09/2025;sexta-feira;15:30:00;PE;101;100,7;CABO DE SANTO AGOSTINHO;Rea��o tardia ou ineficiente do condutor;Sa�da de leito carro��vel;Com V�timas Fatais;Pleno dia;Crescente;C�u Claro;Dupla;Reta;N�o;1;1;0;0;0;0;0;1;-8,273966;-35,054083;SPRF-PE;DEL01-PE;UOP03-DEL01-PE;;;
721081;26/09/2025;sexta-feira;19:15:00;SP;381;47;ATIBAIA;Demais falhas mec�nicas ou el�tricas;Inc�ndio;Sem V�timas;Plena Noite;Crescente;C�u Claro;Dupla;Reta;Sim;1;0;0;0;0;1;0;1;-23,18944682;-46,58444071;SPRF-SP;DEL03-SP;UOP01-DEL03-SP;;;
721082;26/09/2025;sexta-feira;19:30:00;SC;101;125,9;ITAJAI;Trafegar com motocicleta (ou similar) entre as faixas;Colis�o lateral mesmo sentido;Com V�timas Feridas;Plena Noite;Decrescente;Nublado;Dupla;"Reta;Aclive";Sim;3;0;1;0;2;0;1;3;-26,95529524;-48,67968708;SPRF-SC;DEL04-SC;UOP04-DEL04-SC;;;
721083;26/09/2025;sexta-feira;20:30:00;PR;369;146,1;LONDRINA;Acessar a via sem observar a presen�a dos outros ve�culos;Colis�o transversal;Com V�timas Feridas;Plena Noite;Decrescente;C�u Claro;Dupla;"Reta;Retorno Regulamentado";Sim;4;0;1;1;2;0;2;2;-23,29336168;-51,12393077;SPRF-PR;DEL07-PR;UOP01-DEL07-PR;;;
721084;26/09/2025;sexta-feira;19:10:00;MS;163;175,6;JUTI;Ingest�o de �lcool pelo condutor;Sa�da de leito carro��vel;Com V�timas Feridas;Plena Noite;Decrescente;C�u Claro;Simples;Aclive;N�o;2;0;0;1;0;1;1;2;-22,854258;-54,642011;SPRF-MS;DEL09-MS;UOP01-DEL09-MS;;;
721086;26/09/2025;sexta-feira;20:45:00;PR;277;143;BALSA NOVA;Demais falhas mec�nicas ou el�tricas;Inc�ndio;Sem V�timas;Plena Noite;Crescente;C�u Claro;Dupla;Curva;N�o;4;0;0;0;4;0;0;1;-25,47;-49,69;SPRF-PR;DEL03-PR;UOP03-DEL03-PR;;;
721087;26/09/2025;sexta-feira;19:00:00;PR;369;37,7;ANDIRA;Ingest�o de �lcool pelo condutor;Colis�o lateral mesmo sentido;Com V�timas Feridas;Plena Noite;Decrescente;C�u Claro;Simples;"Reta;Aclive";Sim;2;0;0;1;0;1;1;2;-23,04942174;-50,23736564;SPRF-PR;DEL07-PR;UOP05-DEL07-PR;;;
721089;26/09/2025;sexta-feira;22:00:00;TO;153;722,9;FIGUEIROPOLIS;Aus�ncia de rea��o do condutor;Colis�o transversal;Com V�timas Feridas;Plena Noite;Crescente;Nublado;Simples;Reta;N�o;2;0;1;0;1;0;1;2;-12,15110905;-49,16519165;SPRF-TO;DEL01-TO;UOP02-DEL01-TO;;;
721090;26/09/2025;sexta-feira;14:50:00;BA;324;569;SAO SEBASTIAO DO PASSE;Condutor deixou de manter dist�ncia do ve�culo da frente;Engavetamento;Sem V�timas;Pleno dia;Decrescente;Garoa/Chuvisco;Dupla;Reta;N�o;3;0;0;0;2;1;0;3;-12,543462;-38,58441;SPRF-BA;DEL01-BA;UOP01-DEL01-BA;;;
721091;26/09/2025;sexta-feira;20:50:00;RJ;101;386;RIO DE JANEIRO;Aus�ncia de rea��o do condutor;Colis�o traseira;Com V�timas Feridas;Plena Noite;Decrescente;Nublado;Dupla;Reta;Sim;3;0;1;0;1;1;1;2;-22,88232351;-43,63679409;SPRF-RJ;DEL03-RJ;UOP01-DEL03-RJ;;;
721092;26/09/2025;sexta-feira;21:00:00;RJ;465;15;SEROPEDICA;Rea��o tardia ou ineficiente do condutor;Colis�o transversal;Com V�timas Feridas;Plena Noite;Crescente;C�u Claro;Simples;Reta;Sim;2;0;0;1;1;0;1;2;-22,80883638;-43,63380997;SPRF-RJ;DEL06-RJ;UOP02-DEL06-RJ;;;
721094;26/09/2025;sexta-feira;20:00:00;RO;174;15;VILHENA;Rea��o tardia ou ineficiente do condutor;Colis�o lateral sentido oposto;Com V�timas Feridas;Plena Noite;Decrescente;C�u Claro;Simples;Reta;Sim;3;0;2;0;1;0;2;2;-12,71738178;-60,1271281;SPRF-RO;DEL04-RO;UOP01-DEL04-RO;;;
721095;26/09/2025;sexta-feira;21:45:00;SP;116;228;SAO PAULO;Aus�ncia de rea��o do condutor;Colis�o com objeto;Sem V�timas;Pleno dia;Decrescente;C�u Claro;M�ltipla;Reta;Sim;1;0;0;0;0;1;0;1;-23,502637;-46,565233;SPRF-SP;DEL01-SP;UOP01-DEL01-SP;;;
721096;26/09/2025;sexta-feira;21:00:00;SC;101;322,9;TUBARAO;Participar de racha;Colis�o lateral mesmo sentido;Com V�timas Feridas;Plena Noite;Crescente;Garoa/Chuvisco;Dupla;Reta;N�o;2;0;2;0;0;0;2;2;-28,539902;-49,053291;SPRF-SC;DEL02-SC;UOP01-DEL02-SC;;;
721097;26/09/2025;sexta-feira;21:00:00;RJ;116;4;SAPUCAIA;Rea��o tardia ou ineficiente do condutor;Colis�o com objeto;Sem V�timas;Plena Noite;Decrescente;C�u Claro;Simples;Curva;N�o;1;0;0;0;1;0;0;1;-21,93488886;-42,70578266;SPRF-RJ;DEL05-RJ;UOP01-DEL05-RJ;;;
721099;26/09/2025;sexta-feira;23:40:00;RJ;116;184;NOVA IGUACU;Pedestre andava na pista;Atropelamento de Pedestre;Com V�timas Fatais;Plena Noite;Decrescente;C�u Claro;M�ltipla;"Interse��o de Vias;Em Obras;Reta";Sim;2;1;0;0;0;1;0;2;-22,7570343;-43,4303233;SPRF-RJ;DEL06-RJ;UOP01-DEL06-RJ;;;
721102;26/09/2025;sexta-feira;11:40:00;RS;287;399;SANTIAGO;Acessar a via sem observar a presen�a dos outros ve�culos;Colis�o transversal;Com V�timas Feridas;Pleno dia;Crescente;C�u Claro;Simples;Reta;Sim;2;0;1;0;1;0;1;2;-29,16784855;-54,86768177;SPRF-RS;DEL12-RS;UOP02-DEL12-RS;;;
721103;26/09/2025;sexta-feira;21:41:00;MS;262;352,1;CAMPO GRANDE;Animais na Pista;Atropelamento de Animal;Com V�timas Feridas;Plena Noite;Decrescente;Ignorado;Dupla;Reta;N�o;1;0;1;0;0;0;1;1;-20,56738;-54,65052;SPRF-MS;DEL01-MS;UOP03-DEL01-MS;;;
721104;26/09/2025;sexta-feira;20:40:00;RJ;465;14;SEROPEDICA;Ultrapassagem Indevida;Colis�o lateral mesmo sentido;Com V�timas Feridas;Plena Noite;Decrescente;C�u Claro;Simples;Reta;N�o;2;0;1;0;0;1;1;2;-22,79907642;-43,64499092;SPRF-RJ;DEL06-RJ;UOP02-DEL06-RJ;;;
721105;26/09/2025;sexta-feira;22:00:00;SC;280;129,6;RIO NEGRINHO;Acessar a via sem observar a presen�a dos outros ve�culos;Colis�o transversal;Com V�timas Feridas;Plena Noite;Crescente;Garoa/Chuvisco;Simples;"Declive;Reta";Sim;2;0;2;0;0;0;2;2;-26,25033;-49,52658;SPRF-SC;DEL06-SC;UOP03-DEL06-SC;;;
721106;26/09/2025;sexta-feira;20:10:00;PA;316;81;SAO FRANCISCO DO PARA;Aus�ncia de rea��o do condutor;Colis�o traseira;Com V�timas Feridas;Plena Noite;Decrescente;C�u Claro;Simples;Reta;N�o;6;0;1;2;1;2;3;3;-1,306723;-47,764627;SPRF-PA;DEL01-PA;UOP02-DEL01-PA;;;
721107;26/09/2025;sexta-feira;23:10:00;MG;381;481;CONTAGEM;Ingest�o de �lcool pelo condutor;Colis�o traseira;Com V�timas Feridas;Plena Noite;Crescente;C�u Claro;M�ltipla;"Reta;Interse��o de Vias";Sim;3;0;1;0;2;0;1;2;-19,95898921;-44,06322241;SPRF-MG;DEL01-MG;UOP03-DEL01-MG;;;
721109;22/09/2025;segunda-feira;07:00:00;PR;376;441;TIBAGI;Velocidade Incompat�vel;Sa�da de leito carro��vel;Com V�timas Feridas;Pleno dia;Crescente;Chuva;Dupla;"Aclive;Curva";N�o;1;0;1;0;0;0;1;1;-24,856688;-50,458365;SPRF-PR;DEL03-PR;UOP02-DEL03-PR;;;
721110;26/09/2025;sexta-feira;23:00:00;MG;116;409,5;GOVERNADOR VALADARES;Pedestre andava na pista;Tombamento;Com V�timas Feridas;Plena Noite;Decrescente;Nublado;Dupla;Reta;Sim;1;0;1;0;0;0;1;1;-18,856517;-41,975301;SPRF-MG;DEL06-MG;UOP01-DEL06-MG;;;
721112;26/09/2025;sexta-feira;22:35:00;CE;116;324;JAGUARIBE;Rea��o tardia ou ineficiente do condutor;Colis�o com objeto;Com V�timas Feridas;Plena Noite;Decrescente;C�u Claro;Simples;"Aclive;Curva";N�o;1;0;1;0;0;0;1;1;-6,0387;-38,6459;SPRF-CE;DEL05-CE;UOP02-DEL05-CE;;;
721113;26/09/2025;sexta-feira;22:52:00;MG;40;516;RIBEIRAO DAS NEVES;Trafegar com motocicleta (ou similar) entre as faixas;Colis�o lateral mesmo sentido;Com V�timas Feridas;Plena Noite;Decrescente;C�u Claro;Dupla;"Declive;Curva";N�o;4;0;2;0;1;1;2;4;-19,821653;-44,084842;SPRF-MG;DEL01-MG;UOP02-DEL01-MG;;;
721114;26/09/2025;sexta-feira;23:30:00;SC;101;91;BARRA VELHA;Transitar na contram�o;Colis�o frontal;Com V�timas Feridas;Plena Noite;Crescente;Nublado;Simples;Reta;Sim;2;0;1;0;1;0;1;2;-26,66811643;-48,6901602;SPRF-SC;DEL03-SC;UOP02-DEL03-SC;;;
721116;26/09/2025;sexta-feira;23:35:00;PI;316;64,5;MONSENHOR GIL;Transitar na contram�o;Colis�o frontal;Com V�timas Fatais;Plena Noite;Decrescente;C�u Claro;Simples;Curva;N�o;2;1;0;0;1;0;0;2;-5,61351;-42,60492;SPRF-PI;DEL01-PI;UOP02-DEL01-PI;;;
721118;26/09/2025;sexta-feira;18:53:00;GO;60;383;RIO VERDE;Entrada inopinada do pedestre;Atropelamento de Pedestre;Com V�timas Feridas;Plena Noite;Crescente;C�u Claro;M�ltipla;Declive;Sim;3;0;0;1;0;2;1;2;-17,800017;-50,918027;SPRF-GO;DEL04-GO;UOP02-DEL04-GO;;;
721119;27/09/2025;s�bado;00:25:00;PR;277;172;PALMEIRA;Rea��o tardia ou ineficiente do condutor;Sa�da de leito carro��vel;Com V�timas Feridas;Plena Noite;Decrescente;Nublado;Simples;"Reta;Aclive";N�o;1;0;1;0;0;0;1;1;-25,44264;-49,96691;SPRF-PR;DEL03-PR;UOP03-DEL03-PR;;;
721121;27/09/2025;s�bado;00:20:00;SP;116;279;ITAPECERICA DA SERRA;Rea��o tardia ou ineficiente do condutor;Queda de ocupante de ve�culo;Com V�timas Feridas;Plena Noite;Decrescente;Garoa/Chuvisco;Dupla;Reta;N�o;1;0;1;0;0;0;1;1;-23,7002497;-46,8689379;SPRF-SP;DEL04-SP;UOP01-DEL04-SP;;;
721122;27/09/2025;s�bado;00:14:00;PB;230;507,9;CAJAZEIRAS;Acesso irregular;Colis�o com objeto;Com V�timas Feridas;Plena Noite;Crescente;C�u Claro;Simples;Curva;N�o;1;0;1;0;0;0;1;1;-6,891437;-38,583092;SPRF-PB;DEL03-PB;UOP03-DEL03-PB;;;
721123;27/09/2025;s�bado;01:30:00;MG;381;504;BETIM;Aus�ncia de rea��o do condutor;Colis�o com objeto;Com V�timas Feridas;Plena Noite;Decrescente;C�u Claro;Dupla;"Aclive;Curva";N�o;1;0;0;1;0;0;1;1;-20,03197603;-44,23865765;SPRF-MG;DEL01-MG;UOP03-DEL01-MG;;;
721125;27/09/2025;s�bado;00:00:00;MS;163;462;CAMPO GRANDE;Ultrapassagem Indevida;Colis�o com objeto;Com V�timas Feridas;Plena Noite;Crescente;C�u Claro;Simples;Reta;N�o;1;0;0;1;0;0;1;1;-20,62006878;-54,57430601;SPRF-MS;DEL01-MS;UOP01-DEL01-MS;;;
721126;26/09/2025;sexta-feira;20:50:00;PR;277;181;LINDOESTE;Objeto est�tico sobre o leito carro��vel;Queda de ocupante de ve�culo;Com V�timas Feridas;Plena Noite;Decrescente;C�u Claro;Dupla;Curva;N�o;1;0;1;0;0;0;1;1;-25,16360906;-53,59806474;SPRF-PR;DEL08-PR;UOP02-DEL08-PR;;;
721127;27/09/2025;s�bado;00:00:00;PR;369;97,1;CORNELIO PROCOPIO;Rea��o tardia ou ineficiente do condutor;Sa�da de leito carro��vel;Com V�timas Feridas;Plena Noite;Decrescente;C�u Claro;Dupla;Reta;N�o;1;0;1;0;0;0;1;1;-23,238149;-50,690724;SPRF-PR;DEL07-PR;UOP05-DEL07-PR;;;
721128;27/09/2025;s�bado;02:30:00;PR;376;657,4;TIJUCAS DO SUL;Rea��o tardia ou ineficiente do condutor;Tombamento;Com V�timas Feridas;Plena Noite;Crescente;Garoa/Chuvisco;Simples;Declive;N�o;1;0;1;0;0;0;1;1;-25,853016;-49,021686;SPRF-PR;DEL01-PR;UOP04-DEL01-PR;;;
721129;27/09/2025;s�bado;00:01:00;PE;316;239,1;BELEM DE SAO FRANCISCO;Animais na Pista;Atropelamento de Animal;Sem V�timas;Plena Noite;Decrescente;C�u Claro;Simples;"Declive;Reta";N�o;1;0;0;0;0;1;0;1;-8,633032;-39,058818;SPRF-PE;DEL05-PE;UOP03-DEL05-PE;;;
721131;27/09/2025;s�bado;01:59:00;PE;423;58;LAJEDO;Condutor Dormindo;Sa�da de leito carro��vel;Com V�timas Feridas;Plena Noite;Crescente;Nublado;Simples;Reta;N�o;1;0;1;0;0;0;1;1;-8,6405701;-36,3103537;SPRF-PE;DEL03-PE;UOP01-DEL03-PE;;;
721132;27/09/2025;s�bado;02:30:00;SP;488;0;APARECIDA;Rea��o tardia ou ineficiente do condutor;Tombamento;Com V�timas Feridas;Plena Noite;Crescente;C�u Claro;Dupla;Reta;Sim;1;0;1;0;0;0;1;1;-22,8406386;-45,2275178;SPRF-SP;DEL08-SP;UOP01-DEL08-SP;;;
721136;26/09/2025;sexta-feira;18:30:00;RO;364;709;PORTO VELHO;Rea��o tardia ou ineficiente do condutor;Queda de ocupante de ve�culo;Com V�timas Feridas;Plena Noite;Decrescente;Chuva;Dupla;Reta;N�o;2;0;2;0;0;0;2;1;-8,79343306;-63,84507179;SPRF-RO;DEL01-RO;UOP01-DEL01-RO;;;
721137;27/09/2025;s�bado;03:55:00;SC;470;86,9;RODEIO;Aus�ncia de rea��o do condutor;Colis�o com objeto;Com V�timas Feridas;Plena Noite;Decrescente;Nublado;Simples;"Ponte;Curva";N�o;1;0;0;1;0;0;1;1;-26,94797881;-49,36569214;SPRF-SC;DEL04-SC;UOP01-DEL04-SC;;;
721139;27/09/2025;s�bado;03:30:00;PR;376;165,7;MARINGA;Rea��o tardia ou ineficiente do condutor;Capotamento;Com V�timas Feridas;Plena Noite;Decrescente;C�u Claro;Dupla;Reta;Sim;3;0;0;3;0;0;3;1;-23,384871;-52,026898;SPRF-PR;DEL09-PR;UOP01-DEL09-PR;;;
721141;26/09/2025;sexta-feira;18:10:00;BA;101;497;ITABUNA;Ultrapassagem Indevida;Colis�o traseira;Com V�timas Feridas;Plena Noite;Decrescente;C�u Claro;Simples;Declive;N�o;2;0;1;0;1;0;1;2;-14,746642;-39,32174;SPRF-BA;DEL05-BA;UOP01-DEL05-BA;;;
721142;27/09/2025;s�bado;02:50:00;MT;70;530;VARZEA GRANDE;Rea��o tardia ou ineficiente do condutor;Sa�da de leito carro��vel;Sem V�timas;Plena Noite;Crescente;C�u Claro;Simples;Reta;N�o;1;0;0;0;0;1;0;1;-15,674;-56,252;SPRF-MT;DEL01-MT;UOP02-DEL01-MT;;;
721143;27/09/2025;s�bado;05:15:00;MG;50;49;ARAGUARI;Ingest�o de �lcool pelo condutor;Sa�da de leito carro��vel;Sem V�timas;Amanhecer;Decrescente;C�u Claro;Dupla;Curva;N�o;1;0;0;0;1;0;0;1;-18,73275339;-48,22431564;SPRF-MG;DEL15-MG;UOP02-DEL15-MG;;;
721144;27/09/2025;s�bado;05:50:00;TO;242;434;FORMOSO DO ARAGUAIA;Animais na Pista;Capotamento;Com V�timas Feridas;Pleno dia;Crescente;C�u Claro;Simples;Reta;N�o;4;0;2;0;2;0;2;1;-11,8816;-49,382551;SPRF-TO;DEL01-TO;UOP02-DEL01-TO;;;
721145;27/09/2025;s�bado;03:50:00;PE;428;192,1;PETROLINA;Condutor Dormindo;Colis�o com objeto;Sem V�timas;Plena Noite;Crescente;Nublado;M�ltipla;Reta;Sim;1;0;0;0;1;0;0;1;-9,38132227;-40,53268433;SPRF-PE;DEL06-PE;UOP01-DEL06-PE;;;
721146;27/09/2025;s�bado;04:00:00;TO;242;452;FORMOSO DO ARAGUAIA;Aus�ncia de rea��o do condutor;Colis�o com objeto;Com V�timas Fatais;Plena Noite;Crescente;C�u Claro;Dupla;Retorno Regulamentado;Sim;2;1;1;0;0;0;1;1;-11,81511;-49,52164;SPRF-TO;DEL01-TO;UOP02-DEL01-TO;;;
721148;27/09/2025;s�bado;02:00:00;MT;163;653;LUCAS DO RIO VERDE;Condutor Dormindo;Colis�o com objeto;Com V�timas Feridas;Plena Noite;Decrescente;C�u Claro;Simples;Curva;N�o;1;0;1;0;0;0;1;1;-13,35909928;-56,06379032;SPRF-MT;DEL06-MT;UOP01-DEL06-MT;;;
721149;27/09/2025;s�bado;05:20:00;PI;316;27,1;DEMERVAL LOBAO;Ingest�o de �lcool pelo condutor;Colis�o transversal;Com V�timas Feridas;Amanhecer;Decrescente;Nublado;Dupla;"Desvio Tempor�rio;Em Obras;Reta";N�o;2;0;2;0;0;0;2;2;-5,3190026;-42,7005949;SPRF-PI;DEL01-PI;UOP02-DEL01-PI;;;
721150;26/09/2025;sexta-feira;18:52:00;BA;101;944;MUCURI;Aus�ncia de rea��o do condutor;Queda de ocupante de ve�culo;Com V�timas Feridas;Plena Noite;Crescente;Nublado;Simples;Reta;N�o;1;0;1;0;0;0;1;1;-18,0825503;-39,89088357;SPRF-BA;DEL09-BA;UOP02-DEL09-BA;;;
721151;27/09/2025;s�bado;02:00:00;PR;376;674;GUARATUBA;Rea��o tardia ou ineficiente do condutor;Colis�o com objeto;Sem V�timas;Plena Noite;Decrescente;Chuva;Simples;Curva;N�o;1;0;0;0;0;1;0;1;-25,9120337;-48,9192454;SPRF-PR;DEL01-PR;UOP04-DEL01-PR;;;
721154;27/09/2025;s�bado;06:00:00;PR;376;0,3;MARINGA;Ingest�o de �lcool pelo condutor;Colis�o com objeto;Com V�timas Feridas;Pleno dia;Crescente;C�u Claro;Dupla;"Curva;Viaduto";Sim;1;0;1;0;0;0;1;1;-23,40948853;-51,98811325;SPRF-PR;DEL09-PR;UOP01-DEL09-PR;;;
721155;27/09/2025;s�bado;05:50:00;ES;101;264;SERRA;Aus�ncia de rea��o do condutor;Colis�o traseira;Sem V�timas;Pleno dia;Decrescente;C�u Claro;M�ltipla;Reta;Sim;1;0;0;0;0;1;0;1;-20,17831568;-40,26548052;SPRF-ES;DEL02-ES;UOP01-DEL02-ES;;;
721158;27/09/2025;s�bado;06:00:00;SP;381;12;BRAGANCA PAULISTA;Rea��o tardia ou ineficiente do condutor;Tombamento;Com V�timas Feridas;Pleno dia;Decrescente;C�u Claro;Dupla;Reta;N�o;2;0;1;0;1;0;1;2;-22,9289043;-46,4619825;SPRF-SP;DEL03-SP;UOP02-DEL03-SP;;;
721159;27/09/2025;s�bado;06:10:00;BA;324;530;FEIRA DE SANTANA;Rea��o tardia ou ineficiente do condutor;Colis�o com objeto;Com V�timas Feridas;Pleno dia;Decrescente;Chuva;Dupla;"Declive;Curva";Sim;1;0;1;0;0;0;1;1;-12,33707;-38,84951;SPRF-BA;DEL01-BA;UOP03-DEL01-BA;;;
721160;27/09/2025;s�bado;06:50:00;PR;369;148;LONDRINA;Condutor desrespeitou a ilumina��o vermelha do sem�foro;Colis�o transversal;Com V�timas Feridas;Pleno dia;Crescente;Sol;Dupla;Reta;Sim;3;0;0;1;0;2;1;2;-23,29307246;-51,14299893;SPRF-PR;DEL07-PR;UOP01-DEL07-PR;;;
721163;27/09/2025;s�bado;04:30:00;PR;376;521;PONTA GROSSA;Condutor Dormindo;Sa�da de leito carro��vel;Sem V�timas;Plena Noite;Crescente;Ignorado;Dupla;Reta;N�o;4;0;0;0;4;0;0;1;-25,26092907;-49,97815651;SPRF-PR;DEL03-PR;UOP04-DEL03-PR;;;
721164;26/09/2025;sexta-feira;22:00:00;SC;101;145;ITAPEMA;Aus�ncia de rea��o do condutor;Colis�o com objeto;Sem V�timas;Plena Noite;Decrescente;C�u Claro;Dupla;T�nel;N�o;1;0;0;0;1;0;0;1;-27,08462963;-48,60539183;SPRF-SC;DEL04-SC;UOP03-DEL04-SC;;;
721166;27/09/2025;s�bado;07:00:00;MG;381;322;NOVA ERA;Curva acentuada;Capotamento;Com V�timas Feridas;Amanhecer;Decrescente;C�u Claro;Simples;Reta;N�o;1;0;0;1;0;0;1;1;-19,74796304;-43,02400589;SPRF-MG;DEL03-MG;UOP02-DEL03-MG;;;
721169;27/09/2025;s�bado;05:30:00;MG;381;712,3;CARMO DA CACHOEIRA;Aus�ncia de rea��o do condutor;Capotamento;Com V�timas Feridas;Amanhecer;Decrescente;C�u Claro;Dupla;Reta;N�o;2;0;1;0;1;0;1;2;-21,368628;-45,1893;SPRF-MG;DEL04-MG;UOP02-DEL04-MG;;;
721171;27/09/2025;s�bado;04:00:00;RO;435;115;CEREJEIRAS;Rea��o tardia ou ineficiente do condutor;Capotamento;Com V�timas Feridas;Plena Noite;Crescente;Ignorado;Simples;Reta;N�o;3;0;3;0;0;0;3;1;-13,18729125;-60,76466847;SPRF-RO;DEL04-RO;UOP02-DEL04-RO;;;
721174;27/09/2025;s�bado;06:50:00;ES;101;293,8;CARIACICA;Rea��o tardia ou ineficiente do condutor;Capotamento;Sem V�timas;Amanhecer;Crescente;C�u Claro;M�ltipla;Curva;N�o;1;0;0;0;0;1;0;1;-20,321424;-40,395868;SPRF-ES;DEL01-ES;UOP01-DEL01-ES;;;
721175;27/09/2025;s�bado;07:45:00;PR;277;59;SAO JOSE DOS PINHAIS;Ingest�o de �lcool pelo condutor;Sa�da de leito carro��vel;Com V�timas Feridas;Pleno dia;Crescente;Garoa/Chuvisco;Dupla;Reta;N�o;1;0;1;0;0;0;1;1;-25,55412937;-49,03221695;SPRF-PR;DEL01-PR;UOP01-DEL01-PR;;;
721176;27/09/2025;s�bado;08:00:00;SC;101;130;CAMBORIU;Condutor deixou de manter dist�ncia do ve�culo da frente;Colis�o lateral mesmo sentido;Com V�timas Feridas;Pleno dia;Decrescente;C�u Claro;M�ltipla;Reta;Sim;2;0;0;1;1;0;1;2;-26,9932382;-48,66115093;SPRF-SC;DEL04-SC;UOP03-DEL04-SC;;;