id;data_inversa;dia_semana;horario;uf;br;km;municipio;causa_acidente;tipo_acidente;classificacao_acidente;fase_dia;sentido_via;condicao_metereologica;tipo_pista;tracado_via;uso_solo;pessoas;mortos;feridos_leves;feridos_graves;ilesos;ignorados;feridos;veiculos;latitude;longitude;regional;delegacia;uop;;;
721177;11/09/2025;quinta-feira;09:50:00;CE;116;360;ICO;Pista esburacada;Queda de ocupante de ve�culo;Com V�timas Feridas;Pleno dia;Crescente;Sol;Simples;Reta;N�o;2;0;0;1;1;0;1;1;-6,46182632;-38,85559339;SPRF-CE;DEL05-CE;UOP01-DEL05-CE;;;
721179;27/09/2025;s�bado;08:40:00;SC;280;58;GUARAMIRIM;Velocidade Incompat�vel;Colis�o com objeto;Com V�timas Feridas;Pleno dia;Decrescente;Chuva;Dupla;Rotat�ria;Sim;2;0;1;1;0;0;2;1;-26,4743417;-49,0205355;SPRF-SC;DEL03-SC;UOP03-DEL03-SC;;;
721184;27/09/2025;s�bado;09:25:00;RJ;116;178;BELFORD ROXO;Manobra de mudan�a de faixa;Colis�o lateral mesmo sentido;Com V�timas Feridas;Pleno dia;Crescente;C�u Claro;Dupla;Interse��o de Vias;Sim;3;0;1;0;2;0;1;2;-22,77542598;-43,4001039;SPRF-RJ;DEL06-RJ;UOP01-DEL06-RJ;;;
721185;27/09/2025;s�bado;09:20:00;CE;222;167;IRAUCUBA;Avarias e/ou desgaste excessivo no pneu;Queda de ocupante de ve�culo;Com V�timas Feridas;Pleno dia;Crescente;C�u Claro;Simples;Reta;N�o;2;0;1;1;0;0;2;1;-3,75292116;-39,98851776;SPRF-CE;DEL04-CE;UOP03-DEL04-CE;;;
721188;27/09/2025;s�bado;08:50:00;PR;369;22,1;ANDIRA;Acessar a via sem observar a presen�a dos outros ve�culos;Colis�o transversal;Com V�timas Feridas;Pleno dia;Decrescente;C�u Claro;Simples;"Interse��o de Vias;Curva";N�o;3;0;1;0;2;0;1;2;-23,0455713;-50,232958;SPRF-PR;DEL07-PR;UOP05-DEL07-PR;;;
721190;27/09/2025;s�bado;08:30:00;RN;304;304;PARNAMIRIM;Condutor usando celular;Atropelamento de Pedestre;Com V�timas Feridas;Pleno dia;Decrescente;C�u Claro;Dupla;Aclive;N�o;2;0;0;1;1;0;1;2;-5,887235;-35,273793;SPRF-RN;DEL01-RN;UOP02-DEL01-RN;;;
721192;27/09/2025;s�bado;08:30:00;SC;101;77,5;ARAQUARI;Chuva;Tombamento;Com V�timas Feridas;Pleno dia;Crescente;Chuva;Dupla;Reta;N�o;1;0;1;0;0;0;1;1;-26,57563182;-48,72333527;SPRF-SC;DEL03-SC;UOP02-DEL03-SC;;;
721195;27/09/2025;s�bado;10:00:00;SC;101;115;ITAJAI;Rea��o tardia ou ineficiente do condutor;Sa�da de leito carro��vel;Com V�timas Feridas;Pleno dia;Decrescente;Garoa/Chuvisco;M�ltipla;Reta;Sim;2;0;2;0;0;0;2;1;-26,87633659;-48,7268995;SPRF-SC;DEL04-SC;UOP04-DEL04-SC;;;
721197;27/09/2025;s�bado;10:40:00;PR;153;335;IRATI;Rea��o tardia ou ineficiente do condutor;Colis�o traseira;Com V�timas Feridas;Pleno dia;Decrescente;C�u Claro;Simples;Reta;Sim;5;0;1;0;3;1;1;3;-25,49731327;-50,64797044;SPRF-PR;DEL08-PR;UOP02-DEL08-PR;;;
721199;27/09/2025;s�bado;11:25:00;PB;230;19,9;JOAO PESSOA;Acumulo de �leo sobre o pavimento;Tombamento;Com V�timas Feridas;Pleno dia;Decrescente;C�u Claro;Dupla;"Declive;Reta";Sim;1;0;1;0;0;0;1;1;-7,13320064;-34,85396354;SPRF-PB;DEL01-PB;UOP01-DEL01-PB;;;
721200;27/09/2025;s�bado;09:50:00;PE;232;333;CUSTODIA;Acessar a via sem observar a presen�a dos outros ve�culos;Colis�o transversal;Com V�timas Feridas;Pleno dia;Crescente;C�u Claro;Simples;Reta;Sim;2;0;0;1;1;0;1;2;-8,088622;-37,631252;SPRF-PE;DEL04-PE;UOP02-DEL04-PE;;;
721201;27/09/2025;s�bado;10:40:00;RS;116;530;CAPAO DO LEAO;Acessar a via sem observar a presen�a dos outros ve�culos;Sa�da de leito carro��vel;Com V�timas Feridas;Pleno dia;Decrescente;Nublado;Simples;"Interse��o de Vias;Reta";N�o;4;0;4;0;0;0;4;1;-31,764192;-52,443597;SPRF-RS;DEL07-RS;UOP01-DEL07-RS;;;
721205;27/09/2025;s�bado;12:03:00;MG;365;702;MONTE ALEGRE DE MINAS;Rea��o tardia ou ineficiente do condutor;Capotamento;Com V�timas Feridas;Pleno dia;Crescente;C�u Claro;Dupla;Reta;N�o;2;0;1;1;0;0;2;1;-18,881;-49,015;SPRF-MG;DEL15-MG;UOP03-DEL15-MG;;;
721207;26/09/2025;sexta-feira;22:15:00;ES;262;64,9;MARECHAL FLORIANO;Rea��o tardia ou ineficiente do condutor;Sa�da de leito carro��vel;Com V�timas Feridas;Plena Noite;Decrescente;Nublado;Simples;"Curva;Aclive";N�o;1;0;1;0;0;0;1;1;-20,414308;-40,82534;SPRF-ES;DEL01-ES;UOP02-DEL01-ES;;;
721208;27/09/2025;s�bado;11:20:00;MG;262;352;BETIM;Velocidade Incompat�vel;Sa�da de leito carro��vel;Sem V�timas;Pleno dia;Crescente;Sol;Dupla;"Declive;Curva";N�o;1;0;0;0;1;0;0;1;-19,983944;-44,241078;SPRF-MG;DEL01-MG;UOP03-DEL01-MG;;;
721209;27/09/2025;s�bado;11:00:00;MG;381;480;CONTAGEM;Trafegar com motocicleta (ou similar) entre as faixas;Colis�o lateral mesmo sentido;Com V�timas Feridas;Pleno dia;Decrescente;Sol;M�ltipla;Aclive;Sim;3;0;2;0;1;0;2;2;-19,9585;-44,06036;SPRF-MG;DEL01-MG;UOP03-DEL01-MG;;;
721211;27/09/2025;s�bado;09:45:00;SC;163;72,1;SAO MIGUEL DO OESTE;Rea��o tardia ou ineficiente do condutor;Colis�o traseira;Com V�timas Feridas;Pleno dia;Crescente;C�u Claro;Dupla;"Reta;Interse��o de Vias";Sim;3;0;1;0;0;2;1;3;-26,7184546;-53,51601362;SPRF-SC;DEL07-SC;UOP03-DEL07-SC;;;
721212;27/09/2025;s�bado;10:40:00;RO;435;16;VILHENA;Aus�ncia de rea��o do condutor;Sa�da de leito carro��vel;Com V�timas Feridas;Pleno dia;Decrescente;C�u Claro;Simples;Reta;N�o;1;0;1;0;0;0;1;1;-12,73632;-60,275515;SPRF-RO;DEL04-RO;UOP02-DEL04-RO;;;
721213;27/09/2025;s�bado;12:25:00;RS;116;264;CANOAS;Frear bruscamente;Tombamento;Com V�timas Feridas;Pleno dia;Decrescente;C�u Claro;Dupla;Reta;Sim;1;0;1;0;0;0;1;1;-29,91700775;-51,17764235;SPRF-RS;DEL01-RS;UOP01-DEL01-RS;;;
721215;27/09/2025;s�bado;12:00:00;RJ;116;90;TERESOPOLIS;Rea��o tardia ou ineficiente do condutor;Colis�o frontal;Com V�timas Feridas;Pleno dia;Crescente;C�u Claro;Simples;Curva;N�o;4;0;4;0;0;0;4;2;-22,459642;-42,966525;SPRF-RJ;DEL04-RJ;UOP01-DEL04-RJ;;;
721216;25/09/2025;quinta-feira;11:55:00;PI;343;8;PARNAIBA;Acessar a via sem observar a presen�a dos outros ve�culos;Queda de ocupante de ve�culo;Com V�timas Feridas;Pleno dia;Decrescente;C�u Claro;Dupla;Reta;Sim;2;0;0;1;1;0;1;2;-2,90035279;-41,72942162;SPRF-PI;DEL05-PI;UOP01-DEL05-PI;;;
721217;26/09/2025;sexta-feira;11:40:00;RS;0;0;LAJEADO;Aus�ncia de rea��o do condutor;Colis�o com objeto;Sem V�timas;Pleno dia;N�o Informado;C�u Claro;Simples;Reta;Sim;1;0;0;0;1;0;0;1;-29,44645778;-51,96626276;SPRF-RS;DEL04-RS;UOP01-DEL04-RS;;;
721220;27/09/2025;s�bado;12:10:00;MG;116;277;TEOFILO OTONI;Rea��o tardia ou ineficiente do condutor;Colis�o lateral mesmo sentido;Com V�timas Feridas;Pleno dia;Decrescente;C�u Claro;Dupla;Rotat�ria;Sim;2;0;0;1;1;0;1;2;-17,866008;-41,516272;SPRF-MG;DEL11-MG;UOP01-DEL11-MG;;;
721221;27/09/2025;s�bado;08:20:00;BA;101;680;ITAGIMIRIM;Rea��o tardia ou ineficiente do condutor;Colis�o com objeto;Com V�timas Fatais;Pleno dia;Decrescente;Nublado;Simples;"Ponte;Reta";N�o;2;1;0;1;0;0;1;1;-16,0849132;-39,6195093;SPRF-BA;DEL09-BA;UOP03-DEL09-BA;;;
721222;27/09/2025;s�bado;10:30:00;MG;381;479;CONTAGEM;Manobra de mudan�a de faixa;Colis�o lateral mesmo sentido;Com V�timas Feridas;Pleno dia;Decrescente;C�u Claro;M�ltipla;Reta;Sim;2;0;1;0;1;0;1;2;-19,962961;-44,041159;SPRF-MG;DEL01-MG;UOP03-DEL01-MG;;;
721224;24/09/2025;quarta-feira;06:30:00;RJ;40;113;DUQUE DE CAXIAS;Transitar no Acostamento;Colis�o traseira;Com V�timas Feridas;Pleno dia;Crescente;C�u Claro;Dupla;Reta;Sim;3;0;1;0;2;0;1;3;-22,71275563;-43,29020374;SPRF-RJ;DEL01-RJ;UOP02-DEL01-RJ;;;
721225;27/09/2025;s�bado;12:50:00;RS;285;131,2;VACARIA;Ingest�o de �lcool pelo condutor;Sa�da de leito carro��vel;Com V�timas Feridas;Pleno dia;Crescente;C�u Claro;Simples;Curva;N�o;4;0;1;0;3;0;1;1;-28,4393252;-50,9977992;SPRF-RS;DEL05-RS;UOP03-DEL05-RS;;;
721226;27/09/2025;s�bado;13:00:00;RS;116;267;CANOAS;Condutor deixou de manter dist�ncia do ve�culo da frente;Colis�o traseira;Com V�timas Feridas;Pleno dia;Crescente;Nublado;Dupla;Reta;Sim;3;0;2;0;1;0;2;3;-29,94259686;-51,1770386;SPRF-RS;DEL01-RS;UOP01-DEL01-RS;;;
721227;27/09/2025;s�bado;12:20:00;RJ;356;52,2;ITAPERUNA;Aus�ncia de rea��o do condutor;Sa�da de leito carro��vel;Com V�timas Feridas;Pleno dia;Crescente;C�u Claro;Simples;Reta;N�o;1;0;1;0;0;0;1;1;-21,26404057;-41,75800323;SPRF-RJ;DEL08-RJ;UOP03-DEL08-RJ;;;
721230;30/08/2025;s�bado;19:01:00;RJ;465;15;SEROPEDICA;Aus�ncia de rea��o do condutor;Atropelamento de Pedestre;Com V�timas Feridas;Plena Noite;Crescente;Ignorado;Simples;Reta;Sim;2;0;0;1;0;1;1;2;-22,8065365;-43,63681404;SPRF-RJ;DEL06-RJ;UOP02-DEL06-RJ;;;
721231;27/09/2025;s�bado;13:00:00;SC;101;120;ITAJAI;Curva acentuada;Tombamento;Com V�timas Feridas;Pleno dia;Crescente;Nublado;M�ltipla;"Curva;Retorno Regulamentado";Sim;3;0;3;0;0;0;3;2;-26,91971484;-48,71019714;SPRF-SC;DEL04-SC;UOP04-DEL04-SC;;;
721232;27/09/2025;s�bado;13:03:00;MS;60;389;SIDROLANDIA;Aus�ncia de rea��o do condutor;Tombamento;Com V�timas Feridas;Pleno dia;Crescente;C�u Claro;Simples;Reta;N�o;2;0;0;2;0;0;2;1;-20,705109;-54,772019;SPRF-MS;DEL01-MS;UOP04-DEL01-MS;;;
721233;27/09/2025;s�bado;12:29:00;ES;262;30;DOMINGOS MARTINS;Retorno proibido;Colis�o transversal;Com V�timas Feridas;Pleno dia;Crescente;C�u Claro;Simples;"Aclive;Curva";N�o;2;0;1;0;1;0;1;2;-20,37439035;-40,56467625;SPRF-ES;DEL01-ES;UOP01-DEL01-ES;;;
721234;27/09/2025;s�bado;13:10:00;SC;282;671,5;PARAISO;Demais falhas mec�nicas ou el�tricas;Inc�ndio;Sem V�timas;Pleno dia;Crescente;C�u Claro;Simples;Curva;N�o;3;0;0;0;3;0;0;1;-26,6199746;-53,65319073;SPRF-SC;DEL07-SC;UOP03-DEL07-SC;;;
721235;27/09/2025;s�bado;11:30:00;RJ;493;19,8;MAGE;Retorno proibido;Colis�o transversal;Com V�timas Feridas;Pleno dia;Crescente;C�u Claro;Simples;"Reta;Em Obras";Sim;2;0;1;0;1;0;1;2;-22,663493;-43,034385;SPRF-RJ;DEL04-RJ;UOP02-DEL04-RJ;;;
721236;27/09/2025;s�bado;13:00:00;PR;277;0,3;PARANAGUA;Entrada inopinada do pedestre;Atropelamento de Pedestre;Com V�timas Feridas;Pleno dia;Crescente;Nublado;Simples;Reta;Sim;2;0;1;0;1;0;1;2;-25,51883337;-48,54227392;SPRF-PR;DEL01-PR;UOP05-DEL01-PR;;;
721237;27/09/2025;s�bado;14:27:00;RJ;40;92;PETROPOLIS;Pista Escorregadia;Queda de ocupante de ve�culo;Com V�timas Feridas;Pleno dia;Crescente;C�u Claro;Simples;Curva;N�o;1;0;1;0;0;0;1;1;-22,55980572;-43,23154449;SPRF-RJ;DEL01-RJ;UOP01-DEL01-RJ;;;
721238;23/09/2025;ter�a-feira;21:30:00;RJ;101;312;SAO GONCALO;Acessar a via sem observar a presen�a dos outros ve�culos;Colis�o lateral mesmo sentido;Com V�timas Feridas;Plena Noite;Decrescente;C�u Claro;Dupla;Reta;Sim;2;0;1;0;1;0;1;2;-22,80688358;-43,06468964;SPRF-RJ;DEL02-RJ;UOP02-DEL02-RJ;;;
721239;27/09/2025;s�bado;14:30:00;PR;116;129,8;FAZENDA RIO GRANDE;Condutor usando celular;Colis�o traseira;Com V�timas Feridas;Pleno dia;Decrescente;C�u Claro;Dupla;"Reta;Interse��o de Vias";Sim;2;0;1;0;1;0;1;2;-25,63713976;-49,31326077;SPRF-PR;DEL01-PR;UOP03-DEL01-PR;;;
721242;27/09/2025;s�bado;14:10:00;SC;280;55;GUARAMIRIM;Velocidade Incompat�vel;Colis�o com objeto;Com V�timas Feridas;Pleno dia;Decrescente;Nublado;Dupla;Reta;N�o;3;0;1;0;2;0;1;1;-26,47555217;-48,98981659;SPRF-SC;DEL03-SC;UOP03-DEL03-SC;;;
721243;27/09/2025;s�bado;12:45:00;MS;267;482;JARDIM;Convers�o proibida;Colis�o transversal;Com V�timas Feridas;Pleno dia;Decrescente;C�u Claro;Simples;Reta;N�o;3;0;2;0;0;1;2;2;-21,4827371;-56,14926545;SPRF-MS;DEL05-MS;UOP01-DEL05-MS;;;
721246;27/09/2025;s�bado;15:00:00;SE;235;32;AREIA BRANCA;Acesso irregular;Colis�o transversal;Com V�timas Feridas;Pleno dia;Crescente;Garoa/Chuvisco;Simples;"Declive;Reta";Sim;2;0;1;0;1;0;1;2;-10,76686942;-37,30051517;SPRF-SE;DEL01-SE;UOP02-DEL01-SE;;;
721248;27/09/2025;s�bado;14:00:00;PE;232;34;MORENO;Aus�ncia de rea��o do condutor;Tombamento;Com V�timas Feridas;Pleno dia;Decrescente;C�u Claro;Simples;Reta;Sim;2;0;0;2;0;0;2;2;-8,10864;-35,19079;SPRF-PE;DEL02-PE;UOP02-DEL02PE;;;
721250;27/09/2025;s�bado;15:35:00;ES;101;65;SAO MATEUS;Aus�ncia de rea��o do condutor;Atropelamento de Pedestre;Com V�timas Feridas;Pleno dia;Crescente;C�u Claro;Simples;Reta;Sim;2;0;1;0;0;1;1;2;-18,71775866;-39,87254904;SPRF-ES;DEL04-ES;UOP02-DEL04-ES;;;
721251;27/09/2025;s�bado;15:35:00;RN;101;83;SAO GONCALO DO AMARANTE;Entrada inopinada do pedestre;Atropelamento de Pedestre;Com V�timas Feridas;Pleno dia;Decrescente;C�u Claro;Dupla;Reta;Sim;2;0;1;0;1;0;1;2;-5,771303;-35,265997;SPRF-RN;DEL02-RN;UOP01-DEL02-RN;;;
721252;27/09/2025;s�bado;15:28:00;PR;469;1;FOZ DO IGUACU;Ultrapassagem Indevida;Colis�o lateral mesmo sentido;Com V�timas Feridas;Pleno dia;Decrescente;C�u Claro;Dupla;Em Obras;Sim;2;0;1;0;1;0;1;2;-25,5763833;-54,55317114;SPRF-PR;DEL05-PR;UOP04-DEL05-PR;;;
721253;27/09/2025;s�bado;15:20:00;RJ;101;50,6;CAMPOS DOS GOYTACAZES;Acessar a via sem observar a presen�a dos outros ve�culos;Colis�o transversal;Com V�timas Feridas;Pleno dia;Decrescente;C�u Claro;Simples;"Reta;Interse��o de Vias";Sim;4;0;2;0;2;0;2;2;-21,639914;-41,312125;SPRF-RJ;DEL08-RJ;UOP01-DEL08-RJ;;;
721255;27/09/2025;s�bado;15:00:00;PE;232;7;RECIFE;Aus�ncia de rea��o do condutor;Colis�o lateral mesmo sentido;Com V�timas Feridas;Pleno dia;Decrescente;C�u Claro;Dupla;Reta;Sim;3;0;1;1;0;1;2;2;-8,07422;-34,96438;SPRF-PE;DEL01-PE;UOP01-DEL01-PE;;;
721256;27/09/2025;s�bado;15:10:00;PR;116;15;COLOMBO;Condutor deixou de manter dist�ncia do ve�culo da frente;Colis�o traseira;Com V�timas Feridas;Pleno dia;Decrescente;C�u Claro;Dupla;Reta;Sim;3;0;1;0;2;0;1;2;-25,38235883;-49,16535258;SPRF-PR;DEL01-PR;UOP02-DEL01-PR;;;
721257;27/09/2025;s�bado;15:00:00;SP;116;131;CACAPAVA;Aus�ncia de rea��o do condutor;Colis�o traseira;Com V�timas Feridas;Pleno dia;Crescente;Sol;Dupla;Reta;N�o;3;0;2;0;0;1;2;2;-23,12546967;-45,7326638;SPRF-SP;DEL02-SP;UOP02-DEL02-SP;;;
721258;27/09/2025;s�bado;15:30:00;GO;50;102;CRISTALINA;Ingest�o de �lcool pelo condutor;Colis�o com objeto;Com V�timas Feridas;Pleno dia;Crescente;C�u Claro;Dupla;"Reta;Viaduto";Sim;1;0;1;0;0;0;1;1;-16,796125;-47,647348;SPRF-DF;DEL01-DF;UOP02-DEL01-DF;;;
721259;27/09/2025;s�bado;16:00:00;RS;290;107;ELDORADO DO SUL;Acessar a via sem observar a presen�a dos outros ve�culos;Colis�o transversal;Com V�timas Feridas;Pleno dia;Decrescente;C�u Claro;Simples;"Reta;Interse��o de Vias";Sim;2;0;1;0;1;0;1;2;-30,00253033;-51,30817473;SPRF-RS;DEL02-RS;UOP01-DEL02-RS;;;
721260;27/09/2025;s�bado;15:50:00;MG;381;348;JOAO MONLEVADE;Acessar a via sem observar a presen�a dos outros ve�culos;Colis�o transversal;Com V�timas Feridas;Pleno dia;Crescente;C�u Claro;Simples;"Aclive;Curva";N�o;4;0;1;0;3;0;1;2;-19,84334561;-43,20225477;SPRF-MG;DEL03-MG;UOP01-DEL03-MG;;;
721263;27/09/2025;s�bado;16:50:00;RJ;116;79;TERESOPOLIS;Transitar na contram�o;Colis�o lateral sentido oposto;Sem V�timas;Pleno dia;Crescente;C�u Claro;Simples;Reta;Sim;2;0;0;0;2;0;0;2;-22,381922;-42,954738;SPRF-RJ;DEL04-RJ;UOP01-DEL04-RJ;;;
721264;27/09/2025;s�bado;16:00:00;RJ;116;317;ITATIAIA;Frear bruscamente;Colis�o traseira;Com V�timas Feridas;Pleno dia;Crescente;C�u Claro;Simples;Interse��o de Vias;Sim;2;0;1;0;1;0;1;2;-22,46565557;-44,5002048;SPRF-RJ;DEL07-RJ;UOP02-DEL07-RJ;;;
721265;27/09/2025;s�bado;15:45:00;PR;277;221,4;TEIXEIRA SOARES;Transitar na contram�o;Colis�o frontal;Com V�timas Fatais;Pleno dia;Decrescente;C�u Claro;Simples;"Reta;Declive";N�o;7;1;3;2;0;1;5;3;-25,468471;-50,403049;SPRF-PR;DEL08-PR;UOP02-DEL08-PR;;;
721266;27/09/2025;s�bado;16:57:00;SP;116;122;CACAPAVA;Rea��o tardia ou ineficiente do condutor;Engavetamento;Com V�timas Feridas;Pleno dia;Decrescente;C�u Claro;Dupla;Reta;N�o;4;0;1;0;3;0;1;3;-23,07039926;-45,64356923;SPRF-SP;DEL02-SP;UOP02-DEL02-SP;;;
721267;27/09/2025;s�bado;17:18:00;MG;50;23;ARAGUARI;Ingest�o de �lcool pelo condutor;Capotamento;Com V�timas Feridas;Anoitecer;Decrescente;C�u Claro;Dupla;Declive;N�o;2;0;0;1;1;0;1;1;-18,610219;-48,072791;SPRF-MG;DEL15-MG;UOP02-DEL15-MG;;;
721268;27/09/2025;s�bado;17:05:00;ES;101;210,8;IBIRACU;Ultrapassagem Indevida;Colis�o lateral mesmo sentido;Com V�timas Feridas;Pleno dia;Crescente;C�u Claro;Simples;"Declive;Reta";N�o;3;0;0;2;0;1;2;3;-19,8042291;-40,3678401;SPRF-ES;DEL02-ES;UOP01-DEL02-ES;;;
721269;27/09/2025;s�bado;14:55:00;SC;282;542,3;CHAPECO;Condutor Dormindo;Sa�da de leito carro��vel;Com V�timas Feridas;Pleno dia;Decrescente;C�u Claro;Simples;Curva;N�o;1;0;1;0;0;0;1;1;-27,00139886;-52,70787457;SPRF-SC;DEL07-SC;UOP01-DEL07-SC;;;
721271;27/09/2025;s�bado;17:10:00;PB;230;3,7;CABEDELO;Condutor deixou de manter dist�ncia do ve�culo da frente;Colis�o traseira;Com V�timas Feridas;Anoitecer;Decrescente;C�u Claro;Dupla;"Desvio Tempor�rio;Em Obras;Reta";Sim;2;0;0;1;1;0;1;2;-7,000918;-34,828348;SPRF-PB;DEL01-PB;UOP01-DEL01-PB;;;
721272;27/09/2025;s�bado;17:15:00;RJ;116;175;SAO JOAO DE MERITI;Rea��o tardia ou ineficiente do condutor;Colis�o traseira;Com V�timas Feridas;Pleno dia;Crescente;C�u Claro;M�ltipla;Reta;Sim;4;0;3;0;1;0;3;2;-22,78961946;-43,37500513;SPRF-RJ;DEL06-RJ;UOP01-DEL06-RJ;;;
721275;27/09/2025;s�bado;17:30:00;SP;116;216;GUARULHOS;Objeto est�tico sobre o leito carro��vel;Tombamento;Com V�timas Feridas;Pleno dia;Decrescente;Sol;M�ltipla;Reta;Sim;1;0;1;0;0;0;1;1;-23,4499226;-46,4609623;SPRF-SP;DEL01-SP;UOP01-DEL01-SP;;;
721277;27/09/2025;s�bado;12:50:00;RS;290;670;URUGUAIANA;Aus�ncia de rea��o do condutor;Sa�da de leito carro��vel;Com V�timas Fatais;Pleno dia;Decrescente;Chuva;Simples;Reta;N�o;1;1;0;0;0;0;0;1;-29,953418;-56,598042;SPRF-RS;DEL13-RS;UOP01-DEL13-RS;;;
721279;27/09/2025;s�bado;17:40:00;GO;40;12,3;LUZIANIA;Aus�ncia de rea��o do condutor;Sa�da de leito carro��vel;Sem V�timas;Pleno dia;Crescente;C�u Claro;Dupla;Reta;Sim;1;0;0;0;0;1;0;1;-16,15029;-47,940822;SPRF-DF;DEL01-DF;UOP01-DEL01-DF;;;
721280;27/09/2025;s�bado;15:18:00;SC;101;92,3;BARRA VELHA;Convers�o proibida;Colis�o transversal;Com V�timas Feridas;Pleno dia;Crescente;Nublado;Dupla;"Reta;Interse��o de Vias";N�o;2;0;1;0;1;0;1;2;-26,69149581;-48,69732245;SPRF-SC;DEL03-SC;UOP02-DEL03-SC;;;
721281;27/09/2025;s�bado;18:00:00;CE;222;40;CAUCAIA;Aus�ncia de sinaliza��o;Colis�o transversal;Com V�timas Fatais;Plena Noite;Decrescente;C�u Claro;Simples;"Reta;Ponte";N�o;3;1;0;0;0;2;0;3;-3,69022559;-38,89640808;SPRF-CE;DEL01-CE;UOP03-DEL01-CE;;;
721282;17/09/2025;quarta-feira;14:10:00;PR;369;196,5;ARAPONGAS;Manobra de mudan�a de faixa;Colis�o traseira;Com V�timas Feridas;Pleno dia;Decrescente;Sol;Dupla;Reta;N�o;2;0;0;1;1;0;1;2;-23,49406053;-51,42311975;SPRF-PR;DEL07-PR;UOP03-DEL07-PR;;;
721283;27/09/2025;s�bado;16:30:00;RN;226;85,2;TANGARA;Ultrapassagem Indevida;Colis�o transversal;Com V�timas Feridas;Pleno dia;Crescente;C�u Claro;Simples;Curva;N�o;4;0;3;0;1;0;3;2;-6,21703849;-35,8274656;SPRF-RN;DEL03-RN;UOP02-DEL03-RN;;;
721284;27/09/2025;s�bado;18:00:00;RJ;465;13;SEROPEDICA;Manobra de mudan�a de faixa;Colis�o transversal;Sem V�timas;Anoitecer;Crescente;Nublado;Simples;Reta;Sim;2;0;0;0;2;0;0;2;-22,805123;-43,638743;SPRF-RJ;DEL06-RJ;UOP02-DEL06-RJ;;;
721285;27/09/2025;s�bado;16:20:00;BA;349;937;CORRENTINA;Rea��o tardia ou ineficiente do condutor;Sa�da de leito carro��vel;Com V�timas Feridas;Pleno dia;Crescente;C�u Claro;Simples;"Declive;Reta";N�o;4;0;4;0;0;0;4;1;-13,386;-44,681;SPRF-BA;DEL10-BA;UOP02-DEL10-BA;;;
721286;27/09/2025;s�bado;16:55:00;RS;470;221;GARIBALDI;Rea��o tardia ou ineficiente do condutor;Colis�o com objeto;Sem V�timas;Pleno dia;Crescente;C�u Claro;Dupla;Reta;N�o;1;0;0;0;1;0;0;1;-29,21161846;-51,51817409;SPRF-RS;DEL06-RS;UOP01-DEL06-RS;;;
721287;27/09/2025;s�bado;15:00:00;RS;287;417;SANTIAGO;Acumulo de �gua sobre o pavimento;Sa�da de leito carro��vel;Com V�timas Feridas;Pleno dia;Crescente;Chuva;Simples;Curva;N�o;3;0;1;0;2;0;1;1;-29,05277285;-54,97947112;SPRF-RS;DEL12-RS;UOP02-DEL12-RS;;;
721289;27/09/2025;s�bado;19:00:00;SP;116;227;GUARULHOS;Aus�ncia de rea��o do condutor;Queda de ocupante de ve�culo;Com V�timas Feridas;Plena Noite;Decrescente;C�u Claro;Simples;Reta;N�o;2;0;2;0;0;0;2;1;-23,49741474;-46,55753564;SPRF-SP;DEL01-SP;UOP01-DEL01-SP;;;
721290;27/09/2025;s�bado;18:03:00;PI;343;344;TERESINA;Transitar na contram�o;Colis�o lateral sentido oposto;Com V�timas Feridas;Plena Noite;Crescente;C�u Claro;Simples;Reta;N�o;4;0;2;0;2;0;2;4;-5,09594656;-42,76327282;SPRF-PI;DEL01-PI;UOP01-DEL01-PI;;;
721292;27/09/2025;s�bado;18:00:00;MG;262;11,2;MARTINS SOARES;Transitar na contram�o;Colis�o frontal;Com V�timas Feridas;Plena Noite;Decrescente;C�u Claro;Simples;"Interse��o de Vias;Reta";N�o;3;0;1;1;1;0;2;2;-20,247546;-41,848337;SPRF-MG;DEL06-MG;UOP03-DEL06-MG;;;
721294;27/09/2025;s�bado;18:15:00;MG;381;273;JAGUARACU;Pedestre andava na pista;Atropelamento de Pedestre;Com V�timas Feridas;Plena Noite;Decrescente;C�u Claro;Simples;Reta;N�o;2;0;1;1;0;0;2;2;-19,57416549;-42,71584512;SPRF-MG;DEL03-MG;UOP02-DEL03-MG;;;
721295;27/09/2025;s�bado;17:45:00;ES;101;265;SERRA;Rea��o tardia ou ineficiente do condutor;Colis�o com objeto;Com V�timas Feridas;Anoitecer;Decrescente;Nublado;Dupla;Reta;Sim;1;0;0;1;0;0;1;1;-20,18478;-40,26714;SPRF-ES;DEL02-ES;UOP01-DEL02-ES;;;
721296;27/09/2025;s�bado;19:20:00;SP;116;224;GUARULHOS;Aus�ncia de rea��o do condutor;Colis�o traseira;Com V�timas Feridas;Plena Noite;Crescente;C�u Claro;M�ltipla;Reta;Sim;7;0;1;0;6;0;1;4;-23,483112;-46,537195;SPRF-SP;DEL01-SP;UOP01-DEL01-SP;;;
721297;27/09/2025;s�bado;17:45:00;MT;163;744;SORRISO;Ingest�o de �lcool pelo condutor;Sa�da de leito carro��vel;Com V�timas Feridas;Pleno dia;Decrescente;C�u Claro;Simples;"Reta;Declive";N�o;1;0;1;0;0;0;1;1;-12,61863883;-55,76445278;SPRF-MT;DEL06-MT;UOP01-DEL06-MT;;;
721298;27/09/2025;s�bado;18:40:00;PE;424;86,2;GARANHUNS;Aus�ncia de rea��o do condutor;Colis�o lateral sentido oposto;Com V�timas Feridas;Plena Noite;Crescente;Garoa/Chuvisco;Simples;"Reta;Declive";Sim;3;0;0;1;1;1;1;3;-8,871877;-36,508006;SPRF-PE;DEL03-PE;UOP01-DEL03-PE;;;