id;data_inversa;dia_semana;horario;uf;br;km;municipio;causa_acidente;tipo_acidente;classificacao_acidente;fase_dia;sentido_via;condicao_metereologica;tipo_pista;tracado_via;uso_solo;pessoas;mortos;feridos_leves;feridos_graves;ilesos;ignorados;feridos;veiculos;latitude;longitude;regional;delegacia;uop;;;
721300;27/09/2025;s�bado;19:00:00;PR;277;560,2;CASCAVEL;Acessar a via sem observar a presen�a dos outros ve�culos;Colis�o transversal;Com V�timas Feridas;Anoitecer;Decrescente;C�u Claro;Simples;Reta;N�o;6;0;6;0;0;0;6;2;-25,06625554;-53,21678136;SPRF-PR;DEL04-PR;UOP04-DEL04-PR;;;
721302;27/09/2025;s�bado;19:15:00;PR;376;484,5;PONTA GROSSA;Entrada inopinada do pedestre;Atropelamento de Pedestre;Com V�timas Fatais;Plena Noite;Crescente;Ignorado;Dupla;Curva;Sim;7;2;0;0;4;1;0;3;-25,104893;-50,194549;SPRF-PR;DEL03-PR;UOP04-DEL03-PR;;;
721304;27/09/2025;s�bado;16:45:00;RJ;40;108;DUQUE DE CAXIAS;Aus�ncia de rea��o do condutor;Colis�o traseira;Com V�timas Feridas;Pleno dia;Decrescente;C�u Claro;Dupla;Curva;N�o;4;0;2;0;2;0;2;2;-22,67148348;-43,28579534;SPRF-RJ;DEL01-RJ;UOP02-DEL01-RJ;;;
721305;27/09/2025;s�bado;18:50:00;PR;153;0,2;IMBITUVA;Aus�ncia de rea��o do condutor;Colis�o com objeto;Com V�timas Feridas;Plena Noite;Crescente;C�u Claro;Simples;"Reta;Aclive";N�o;1;0;1;0;0;0;1;1;-25,255201;-50,638332;SPRF-PR;DEL08-PR;UOP02-DEL08-PR;;;
721306;27/09/2025;s�bado;19:10:00;BA;116;415;FEIRA DE SANTANA;Ingest�o de �lcool pelo condutor;Colis�o traseira;Sem V�timas;Pleno dia;Decrescente;Ignorado;Dupla;Reta;Sim;2;0;0;0;2;0;0;2;-12,168345;-38,964793;SPRF-BA;DEL02-BA;UOP01-DEL02-BA;;;
721307;27/09/2025;s�bado;20:00:00;PR;163;168;LINDOESTE;Ingest�o de �lcool pelo condutor;Sa�da de leito carro��vel;Com V�timas Feridas;Plena Noite;Decrescente;C�u Claro;Simples;"Declive;Reta";N�o;1;0;1;0;0;0;1;1;-25,254004;-53,577284;SPRF-PR;DEL05-PR;UOP05-DEL05-PR;;;
721309;27/09/2025;s�bado;19:00:00;PR;277;397,9;CANDOI;Acessar a via sem observar a presen�a dos outros ve�culos;Colis�o transversal;Com V�timas Feridas;Anoitecer;Crescente;C�u Claro;Simples;Interse��o de Vias;N�o;4;0;0;1;3;0;1;2;-25,458626;-51,95206692;SPRF-PR;DEL08-PR;UOP01-DEL08-PR;;;
721310;27/09/2025;s�bado;18:10:00;PI;230;309;FLORIANO;Afundamento ou ondula��o no pavimento;Tombamento;Com V�timas Feridas;Plena Noite;Crescente;C�u Claro;Simples;Reta;Sim;1;0;1;0;0;0;1;1;-6,772077;-43,006908;SPRF-PI;DEL03-PI;UOP01-DEL03-PI;;;
721311;27/09/2025;s�bado;20:10:00;BA;116;10;VITORIA DA CONQUISTA;Velocidade Incompat�vel;Queda de ocupante de ve�culo;Com V�timas Feridas;Plena Noite;Crescente;C�u Claro;Simples;Reta;N�o;2;0;1;0;1;0;1;2;-14,86983;-40,871577;SPRF-BA;DEL08-BA;UOP01-DEL08-BA;;;
721313;27/09/2025;s�bado;19:40:00;RJ;101;471;ANGRA DOS REIS;Velocidade Incompat�vel;Sa�da de leito carro��vel;Com V�timas Feridas;Plena Noite;Crescente;C�u Claro;Simples;Reta;N�o;1;0;1;0;0;0;1;1;-22,99563645;-44,22956798;SPRF-RJ;DEL03-RJ;UOP03-DEL03-RJ;;;
721315;27/09/2025;s�bado;20:25:00;BA;324;621,2;SALVADOR;Aus�ncia de rea��o do condutor;Capotamento;Com V�timas Feridas;Plena Noite;Crescente;Nublado;M�ltipla;Curva;Sim;1;0;1;0;0;0;1;1;-12,922597;-38,46796;SPRF-BA;DEL01-BA;UOP01-DEL01-BA;;;
721316;27/09/2025;s�bado;20:00:00;SP;153;331;OURINHOS;Ingest�o de �lcool pelo condutor;Sa�da de leito carro��vel;Sem V�timas;Plena Noite;Crescente;C�u Claro;Simples;Reta;N�o;1;0;0;0;1;0;0;1;-22,9783794;-49,9037343;SPRF-SP;DEL07-SP;UOP03-DEL07-SP;;;
721317;27/09/2025;s�bado;17:00:00;MG;50;126,2;UBERABA;Condutor Dormindo;Colis�o com objeto;Com V�timas Feridas;Pleno dia;Decrescente;C�u Claro;Dupla;Reta;N�o;3;0;1;0;2;0;1;1;-19,358514;-48,084747;SPRF-MG;DEL13-MG;UOP01-DEL13-MG;;;
721318;27/09/2025;s�bado;19:50:00;PR;277;699;SAO MIGUEL DO IGUACU;Ingest�o de �lcool pelo condutor;Sa�da de leito carro��vel;Com V�timas Feridas;Plena Noite;Crescente;Nublado;Dupla;Reta;N�o;1;0;0;1;0;0;1;1;-25,400813;-54,319367;SPRF-PR;DEL05-PR;UOP01-DEL05-PR;;;
721319;27/09/2025;s�bado;17:40:00;MG;116;577;MANHUACU;Velocidade Incompat�vel;Tombamento;Com V�timas Feridas;Anoitecer;Crescente;C�u Claro;Simples;Reta;N�o;1;0;1;0;0;0;1;1;-20,1684;-42,18891;SPRF-MG;DEL06-MG;UOP03-DEL06-MG;;;
721320;27/09/2025;s�bado;20:15:00;PI;316;9,5;TERESINA;Defici�ncia do Sistema de Ilumina��o/Sinaliza��o;Colis�o lateral mesmo sentido;Com V�timas Feridas;Plena Noite;Decrescente;C�u Claro;Dupla;Reta;Sim;3;0;1;1;1;0;2;2;-5,26834557;-42,72736325;SPRF-PI;DEL01-PI;UOP02-DEL01-PI;;;
721321;27/09/2025;s�bado;20:00:00;MG;116;733,3;LARANJAL;Acessar a via sem observar a presen�a dos outros ve�culos;Colis�o frontal;Com V�timas Feridas;Plena Noite;Crescente;Nublado;Simples;"Reta;Declive";N�o;3;0;0;1;2;0;1;2;-21,3393937;-42,4605218;SPRF-MG;DEL07-MG;UOP02-DEL07-MG;;;
721322;27/09/2025;s�bado;19:55:00;MG;40;44,5;PARACATU;Acessar a via sem observar a presen�a dos outros ve�culos;Colis�o transversal;Sem V�timas;Plena Noite;Decrescente;C�u Claro;Simples;Reta;Sim;4;0;0;0;2;2;0;3;-17,23985703;-46,83414666;SPRF-MG;DEL14-MG;UOP01-DEL14-MG;;;
721323;27/09/2025;s�bado;21:15:00;BA;324;622;SALVADOR;Rea��o tardia ou ineficiente do condutor;Tombamento;Com V�timas Feridas;Plena Noite;Decrescente;Nublado;Dupla;Curva;Sim;2;0;2;0;0;0;2;1;-12,9317895;-38,4705058;SPRF-BA;DEL01-BA;UOP01-DEL01-BA;;;
721324;27/09/2025;s�bado;20:00:00;MG;262;429;NOVA SERRANA;Aus�ncia de rea��o do condutor;Atropelamento de Pedestre;Com V�timas Fatais;Plena Noite;Decrescente;C�u Claro;Dupla;Reta;N�o;5;1;0;1;0;3;1;2;-19,88761;-44,89249;SPRF-MG;DEL08-MG;UOP03-DEL08-MG;;;
721325;27/09/2025;s�bado;21:20:00;PE;428;181,8;PETROLINA;Aus�ncia de rea��o do condutor;Queda de ocupante de ve�culo;Com V�timas Feridas;Plena Noite;Crescente;C�u Claro;Dupla;Reta;Sim;1;0;1;0;0;0;1;1;-9,32604216;-40,46329069;SPRF-PE;DEL06-PE;UOP01-DEL06-PE;;;
721328;27/09/2025;s�bado;19:45:00;PI;343;169,2;BRASILEIRA;Animais na Pista;Atropelamento de Animal;Com V�timas Feridas;Plena Noite;Decrescente;C�u Claro;Simples;Reta;N�o;2;0;1;0;0;1;1;2;-4,152925;-41,78488;SPRF-PI;DEL02-PI;UOP01-DEL02-PI;;;
721329;27/09/2025;s�bado;16:25:00;RJ;101;324;NITEROI;Condutor deixou de manter dist�ncia do ve�culo da frente;Colis�o traseira;Com V�timas Feridas;Pleno dia;Crescente;C�u Claro;Dupla;Reta;N�o;5;0;0;1;4;0;1;2;-22,87257701;-43,13930869;SPRF-RJ;DEL02-RJ;UOP01-DEL02-RJ;;;
721330;27/09/2025;s�bado;21:50:00;PR;116;97;SAO JOSE DOS PINHAIS;Aus�ncia de rea��o do condutor;Capotamento;Com V�timas Feridas;Plena Noite;Decrescente;Ignorado;Dupla;Curva;Sim;1;0;1;0;0;0;1;1;-25,54348693;-49,15073991;SPRF-PR;DEL01-PR;UOP07-DEL01-PR;;;
721331;27/09/2025;s�bado;20:49:00;MS;163;669;RIO VERDE DE MATO GROSSO;Rea��o tardia ou ineficiente do condutor;Tombamento;Com V�timas Feridas;Plena Noite;Decrescente;C�u Claro;Simples;"Reta;Interse��o de Vias";N�o;1;0;1;0;0;0;1;1;-19,0099035;-54,82750459;SPRF-MS;DEL06-MS;UOP02-DEL06-MS;;;
721332;27/09/2025;s�bado;21:50:00;RS;470;224;BENTO GONCALVES;Aus�ncia de rea��o do condutor;Colis�o traseira;Sem V�timas;Plena Noite;Decrescente;Nublado;Simples;Aclive;Sim;2;0;0;0;1;1;0;2;-29,17659987;-51,52091828;SPRF-RS;DEL06-RS;UOP01-DEL06-RS;;;
721334;27/09/2025;s�bado;21:40:00;SC;280;130,6;RIO NEGRINHO;Desrespeitar a prefer�ncia no cruzamento;Colis�o lateral mesmo sentido;Com V�timas Feridas;Plena Noite;Decrescente;C�u Claro;Simples;"Reta;Aclive";Sim;2;0;1;0;1;0;1;2;-26,254119;-49,534784;SPRF-SC;DEL06-SC;UOP03-DEL06-SC;;;
721335;27/09/2025;s�bado;22:00:00;PR;277;111;CAMPO LARGO;Demais falhas mec�nicas ou el�tricas;Inc�ndio;Sem V�timas;Plena Noite;Decrescente;C�u Claro;Dupla;Reta;N�o;1;0;0;0;1;0;0;1;-25,44342296;-49,46072817;SPRF-PR;DEL03-PR;UOP03-DEL03-PR;;;
721336;27/09/2025;s�bado;21:10:00;PR;277;594,3;CASCAVEL;Aus�ncia de rea��o do condutor;Colis�o traseira;Com V�timas Feridas;Plena Noite;Decrescente;C�u Claro;M�ltipla;Reta;Sim;5;0;2;0;3;0;2;2;-24,9794438;-53,4960017;SPRF-PR;DEL04-PR;UOP01-DEL04-PR;;;
721338;19/09/2025;sexta-feira;09:30:00;BA;116;590;IRAJUBA;Velocidade Incompat�vel;Sa�da de leito carro��vel;Com V�timas Feridas;Pleno dia;Crescente;Garoa/Chuvisco;Simples;Curva;N�o;1;0;1;0;0;0;1;1;-13,172227;-39,998788;SPRF-BA;DEL03-BA;UOP02-DEL03-BA;;;
721339;27/09/2025;s�bado;22:00:00;PI;316;6;TERESINA;Objeto est�tico sobre o leito carro��vel;Colis�o com objeto;Sem V�timas;Plena Noite;Decrescente;C�u Claro;M�ltipla;Reta;Sim;1;0;0;0;1;0;0;1;-5,1448351;-42,77604014;SPRF-PI;DEL01-PI;UOP02-DEL01-PI;;;
721340;27/09/2025;s�bado;22:50:00;MG;381;490,4;BETIM;Rea��o tardia ou ineficiente do condutor;Tombamento;Com V�timas Feridas;Plena Noite;Decrescente;C�u Claro;Dupla;Reta;Sim;1;0;1;0;0;0;1;1;-19,95620588;-44,14696097;SPRF-MG;DEL01-MG;UOP03-DEL01-MG;;;
721341;27/09/2025;s�bado;23:00:00;TO;153;416;MIRANORTE;Rea��o tardia ou ineficiente do condutor;Sa�da de leito carro��vel;Com V�timas Feridas;Plena Noite;Decrescente;C�u Claro;Dupla;Reta;Sim;1;0;1;0;0;0;1;1;-9,55177821;-48,60098362;SPRF-TO;DEL01-TO;UOP01-DEL01-TO;;;
721342;27/09/2025;s�bado;21:30:00;RJ;495;1;TERESOPOLIS;Rea��o tardia ou ineficiente do condutor;Colis�o traseira;Com V�timas Feridas;Plena Noite;Crescente;C�u Claro;Simples;Reta;Sim;2;0;1;0;1;0;1;2;-22,400901;-42,978171;SPRF-RJ;DEL04-RJ;UOP01-DEL04-RJ;;;
721346;27/09/2025;s�bado;21:15:00;MT;364;201;RONDONOPOLIS;Ingest�o de �lcool pelo condutor;Queda de ocupante de ve�culo;Com V�timas Feridas;Plena Noite;Decrescente;C�u Claro;Dupla;Reta;Sim;1;0;1;0;0;0;1;1;-16,48790543;-54,64778278;SPRF-MT;DEL02-MT;UOP01-DEL02-MT;;;
721347;27/09/2025;s�bado;14:40:00;RJ;116;145;DUQUE DE CAXIAS;Demais falhas mec�nicas ou el�tricas;Tombamento;Com V�timas Feridas;Pleno dia;Crescente;C�u Claro;Dupla;Reta;N�o;5;0;2;0;3;0;2;3;-22,66168374;-43,25442586;SPRF-RJ;DEL01-RJ;UOP02-DEL01-RJ;;;
721348;27/09/2025;s�bado;21:20:00;GO;60;107;GOIANAPOLIS;Ingest�o de �lcool pelo condutor;Colis�o traseira;Sem V�timas;Plena Noite;Decrescente;C�u Claro;Dupla;Reta;N�o;2;0;0;0;2;0;0;2;-16,43838;-49,019057;SPRF-GO;DEL02-GO;UOP01-DEL02-GO;;;
721350;27/09/2025;s�bado;23:00:00;RJ;116;80;TERESOPOLIS;Acessar a via sem observar a presen�a dos outros ve�culos;Colis�o lateral mesmo sentido;Com V�timas Feridas;Plena Noite;Crescente;C�u Claro;Simples;Interse��o de Vias;Sim;2;0;1;0;1;0;1;2;-22,43210836;-42,94792367;SPRF-RJ;DEL04-RJ;UOP01-DEL04-RJ;;;
721351;27/09/2025;s�bado;23:17:00;SP;153;39;ONDA VERDE;Avarias e/ou desgaste excessivo no pneu;Sa�da de leito carro��vel;Sem V�timas;Plena Noite;Decrescente;C�u Claro;Simples;Rotat�ria;N�o;1;0;0;0;1;0;0;1;-20,61761;-49,33335;SPRF-SP;DEL09-SP;UOP01-DEL09-SP;;;
721352;27/09/2025;s�bado;23:00:00;RJ;493;2;ITABORAI;Transitar na contram�o;Colis�o lateral sentido oposto;Com V�timas Feridas;Plena Noite;Decrescente;C�u Claro;Dupla;Reta;N�o;3;0;1;0;2;0;1;2;-22,75884919;-42,93602943;SPRF-RJ;DEL02-RJ;UOP02-DEL02-RJ;;;
721354;27/09/2025;s�bado;22:15:00;RO;174;16;VILHENA;Aus�ncia de rea��o do condutor;Colis�o lateral mesmo sentido;Com V�timas Feridas;Plena Noite;Crescente;Nublado;Simples;"Em Obras;Reta";Sim;2;0;1;0;1;0;1;2;-12,712153;-60,125865;SPRF-RO;DEL04-RO;UOP01-DEL04-RO;;;
721356;28/09/2025;domingo;01:00:00;SC;280;58,1;GUARAMIRIM;�rea urbana sem a presen�a de local apropriado para a travessia de pedestres;Atropelamento de Pedestre;Com V�timas Feridas;Plena Noite;Crescente;Garoa/Chuvisco;Dupla;Curva;Sim;2;0;1;1;0;0;2;2;-26,4741486;-49,02239429;SPRF-SC;DEL03-SC;UOP03-DEL03-SC;;;
721358;27/09/2025;s�bado;21:50:00;RS;386;90;SAO PEDRO DAS MISSOES;Rea��o tardia ou ineficiente do condutor;Capotamento;Sem V�timas;Plena Noite;Decrescente;C�u Claro;Simples;Reta;N�o;5;0;0;0;3;2;0;3;-27,7454929;-53,20095062;SPRF-RS;DEL08-RS;UOP01-DEL08-RS;;;
721360;28/09/2025;domingo;01:40:00;SC;101;210,1;SAO JOSE;Rea��o tardia ou ineficiente do condutor;Colis�o traseira;Com V�timas Feridas;Plena Noite;Decrescente;Nublado;M�ltipla;Reta;Sim;3;0;0;1;2;0;1;2;-27,61799;-48,64669;SPRF-SC;DEL01-SC;UOP01-DEL01-SC;;;
721361;28/09/2025;domingo;00:55:00;SC;282;539,9;CHAPECO;Demais falhas mec�nicas ou el�tricas;Inc�ndio;Sem V�timas;Plena Noite;Decrescente;Chuva;Simples;Curva;N�o;1;0;0;0;1;0;0;1;-26,99255;-52,68861;SPRF-SC;DEL07-SC;UOP01-DEL07-SC;;;
721362;28/09/2025;domingo;02:10:00;GO;40;3,5;VALPARAISO DE GOIAS;Condutor Dormindo;Tombamento;Com V�timas Feridas;Plena Noite;Decrescente;C�u Claro;Dupla;"Viaduto;Reta";Sim;1;0;1;0;0;0;1;1;-16,08237;-47,98665;SPRF-DF;DEL01-DF;UOP01-DEL01-DF;;;
721363;28/09/2025;domingo;02:30:00;MG;381;479;CONTAGEM;Rea��o tardia ou ineficiente do condutor;Colis�o com objeto;Com V�timas Feridas;Plena Noite;Decrescente;C�u Claro;M�ltipla;Reta;Sim;3;0;1;0;2;0;1;1;-19,959975;-44,034646;SPRF-MG;DEL01-MG;UOP03-DEL01-MG;;;
721364;28/09/2025;domingo;02:00:00;PR;116;205,9;RIO NEGRO;Aus�ncia de rea��o do condutor;Sa�da de leito carro��vel;Com V�timas Feridas;Plena Noite;Crescente;C�u Claro;Simples;"Declive;Reta";N�o;4;0;4;0;0;0;4;1;-26,0748347;-49,7550483;SPRF-SC;DEL06-SC;UOP01-DEL06-SC;;;
721366;28/09/2025;domingo;02:10:00;MS;163;179;JUTI;Aus�ncia de rea��o do condutor;Sa�da de leito carro��vel;Com V�timas Feridas;Plena Noite;Crescente;Nublado;Simples;Reta;N�o;1;0;1;0;0;0;1;1;-22,83625;-54,676694;SPRF-MS;DEL09-MS;UOP01-DEL09-MS;;;
721368;27/09/2025;s�bado;22:30:00;MT;70;512;VARZEA GRANDE;Aus�ncia de rea��o do condutor;Colis�o traseira;Sem V�timas;Plena Noite;Decrescente;C�u Claro;Simples;Reta;N�o;2;0;0;0;1;1;0;2;-15,70097;-56,11547112;SPRF-MT;DEL01-MT;UOP02-DEL01-MT;;;
721370;28/09/2025;domingo;03:00:00;SP;153;271,8;OCAUCU;Ingest�o de �lcool pelo condutor;Sa�da de leito carro��vel;Com V�timas Feridas;Plena Noite;Crescente;Nublado;Simples;Curva;N�o;1;0;1;0;0;0;1;1;-22,363611;-49,885341;SPRF-SP;DEL07-SP;UOP02-DEL07-SP;;;
721371;28/09/2025;domingo;03:30:00;SP;153;75;BADY BASSITT;Condutor Dormindo;Colis�o com objeto;Com V�timas Feridas;Plena Noite;Crescente;C�u Claro;Dupla;"Curva;Declive";Sim;1;0;1;0;0;0;1;1;-20,89346107;-49,43313209;SPRF-SP;DEL09-SP;UOP01-DEL09-SP;;;
721373;28/09/2025;domingo;03:30:00;PR;277;720;FOZ DO IGUACU;Rea��o tardia ou ineficiente do condutor;Sa�da de leito carro��vel;Sem V�timas;Plena Noite;Decrescente;Garoa/Chuvisco;Dupla;"Interse��o de Vias;Reta";N�o;1;0;0;0;0;1;0;1;-25,48746031;-54,50294946;SPRF-PR;DEL05-PR;UOP03-DEL05-PR;;;
721374;28/09/2025;domingo;00:30:00;PI;230;223,9;OEIRAS;Aus�ncia de rea��o do condutor;Colis�o traseira;Com V�timas Fatais;Plena Noite;Decrescente;C�u Claro;Simples;"Reta;Aclive";N�o;2;1;0;0;0;1;0;2;-7,001787;-42,312477;SPRF-PI;DEL03-PI;UOP01-DEL03-PI;;;
721375;28/09/2025;domingo;03:30:00;RJ;101;293;ITABORAI;Ingest�o de �lcool pelo condutor;Colis�o traseira;Com V�timas Feridas;Plena Noite;Crescente;C�u Claro;Simples;Reta;Sim;3;0;1;1;1;0;2;2;-22,75499716;-42,89121509;SPRF-RJ;DEL02-RJ;UOP02-DEL02-RJ;;;
721376;28/09/2025;domingo;04:30:00;MG;251;510,7;MONTES CLAROS;Condutor Dormindo;Sa�da de leito carro��vel;Com V�timas Feridas;Plena Noite;Crescente;C�u Claro;Simples;"Aclive;Reta";N�o;2;0;2;0;0;0;2;1;-16,657;-43,723;SPRF-MG;DEL12-MG;UOP01-DEL12-MG;;;
721377;28/09/2025;domingo;00:40:00;GO;452;49;RIO VERDE;Transitar na contram�o;Colis�o frontal;Com V�timas Fatais;Plena Noite;Crescente;C�u Claro;Simples;Reta;N�o;4;1;0;1;1;1;1;3;-17,965949;-50,47881;SPRF-GO;DEL04-GO;UOP01-DEL04-GO;;;
721378;27/09/2025;s�bado;23:40:00;MG;40;774,8;JUIZ DE FORA;Rea��o tardia ou ineficiente do condutor;Sa�da de leito carro��vel;Com V�timas Feridas;Plena Noite;Decrescente;C�u Claro;Dupla;Curva;Sim;2;0;2;0;0;0;2;1;-21,59943684;-43,45785811;SPRF-MG;DEL05-MG;UOP01-DEL05-MG;;;
721379;28/09/2025;domingo;04:40:00;RS;448;22;PORTO ALEGRE;Aus�ncia de rea��o do condutor;Colis�o com objeto;Sem V�timas;Plena Noite;Crescente;Nublado;Simples;"Viaduto;Curva;Declive";Sim;1;0;0;0;1;0;0;1;-29,97366613;-51,19954837;SPRF-RS;DEL01-RS;UOP01-DEL01-RS;;;
721380;28/09/2025;domingo;04:35:00;SC;163;82,6;GUARACIABA;Ingest�o de �lcool pelo condutor;Sa�da de leito carro��vel;Com V�timas Feridas;Plena Noite;Crescente;Chuva;Simples;Curva;N�o;1;0;1;0;0;0;1;1;-26,62624531;-53,5158205;SPRF-SC;DEL07-SC;UOP03-DEL07-SC;;;
721382;28/09/2025;domingo;04:30:00;SC;101;210;SAO JOSE;Rea��o tardia ou ineficiente do condutor;Sa�da de leito carro��vel;Com V�timas Feridas;Amanhecer;Decrescente;Garoa/Chuvisco;M�ltipla;Reta;Sim;2;0;2;0;0;0;2;1;-27,621;-48,649;SPRF-SC;DEL01-SC;UOP01-DEL01-SC;;;
721384;28/09/2025;domingo;05:40:00;RS;158;325,2;SANTA MARIA;Rea��o tardia ou ineficiente do condutor;Colis�o com objeto;Sem V�timas;Plena Noite;Decrescente;Garoa/Chuvisco;Dupla;"Interse��o de Vias;Retorno Regulamentado";Sim;3;0;0;0;3;0;0;1;-29,70847192;-53,80076766;SPRF-RS;DEL09-RS;UOP01-DEL09-RS;;;
721385;28/09/2025;domingo;04:20:00;RJ;493;17;ITABORAI;Transitar na contram�o;Colis�o frontal;Com V�timas Feridas;Amanhecer;Crescente;C�u Claro;Simples;Curva;Sim;2;0;0;1;1;0;1;2;-22,74640359;-42,95133385;SPRF-RJ;DEL04-RJ;UOP02-DEL04-RJ;;;
721387;28/09/2025;domingo;05:50:00;GO;40;2;VALPARAISO DE GOIAS;Condutor deixou de manter dist�ncia do ve�culo da frente;Colis�o traseira;Com V�timas Feridas;Pleno dia;Crescente;C�u Claro;Dupla;Reta;N�o;2;0;1;0;1;0;1;2;-16,07026365;-47,98498247;SPRF-DF;DEL01-DF;UOP01-DEL01-DF;;;
721388;28/09/2025;domingo;05:40:00;SC;282;535,2;CHAPECO;Condutor Dormindo;Colis�o com objeto;Sem V�timas;Plena Noite;Crescente;Garoa/Chuvisco;Simples;Rotat�ria;Sim;1;0;0;0;1;0;0;1;-26,99911901;-52,64541912;SPRF-SC;DEL07-SC;UOP01-DEL07-SC;;;
721389;27/09/2025;s�bado;06:00:00;SC;282;586,8;PINHALZINHO;Velocidade Incompat�vel;Colis�o frontal;Com V�timas Fatais;Amanhecer;Crescente;C�u Claro;Simples;"Em Obras;Curva";N�o;5;2;0;3;0;0;3;2;-26,830649;-53,0440577;SPRF-SC;DEL07-SC;UOP02-DEL07-SC;;;
721391;27/09/2025;s�bado;21:30:00;RJ;40;119;DUQUE DE CAXIAS;Transitar na contram�o;Colis�o frontal;Com V�timas Feridas;Plena Noite;Crescente;C�u Claro;Dupla;"Viaduto;Curva;Aclive";N�o;2;0;0;1;1;0;1;2;-22,76546612;-43,28712385;SPRF-RJ;DEL01-RJ;UOP02-DEL01-RJ;;;
721394;28/09/2025;domingo;01:00:00;PI;343;444,4;AGUA BRANCA;Rea��o tardia ou ineficiente do condutor;Eventos at�picos;Com V�timas Feridas;Plena Noite;Decrescente;C�u Claro;Simples;Reta;Sim;3;0;0;3;0;0;3;2;-5,89430227;-42,64875054;SPRF-PI;DEL01-PI;UOP02-DEL01-PI;;;
721395;28/09/2025;domingo;05:30:00;RJ;40;108;DUQUE DE CAXIAS;Aus�ncia de rea��o do condutor;Colis�o com objeto;Com V�timas Feridas;Amanhecer;Crescente;C�u Claro;Dupla;Reta;Sim;1;0;1;0;0;0;1;1;-22,67339332;-43,28674112;SPRF-RJ;DEL01-RJ;UOP02-DEL01-RJ;;;
721396;28/09/2025;domingo;06:15:00;PE;232;38;VITORIA DE SANTO ANTAO;Transitar no Acostamento;Colis�o traseira;Com V�timas Feridas;Pleno dia;Crescente;Sol;Dupla;Reta;Sim;3;0;0;1;0;2;1;3;-8,11683;-35,2251;SPRF-PE;DEL02-PE;UOP02-DEL02PE;;;
721397;28/09/2025;domingo;03:40:00;PI;316;125,8;ELESBAO VELOSO;Velocidade Incompat�vel;Colis�o traseira;Com V�timas Feridas;Plena Noite;Crescente;Ignorado;Simples;Reta;N�o;3;0;3;0;0;0;3;2;-5,99208;-42,32897;SPRF-PI;DEL04-PI;UOP02-DEL04-PI;;;
721398;28/09/2025;domingo;06:30:00;RS;392;64;PELOTAS;Aus�ncia de rea��o do condutor;Sa�da de leito carro��vel;Com V�timas Feridas;Amanhecer;Crescente;C�u Claro;Dupla;Curva;Sim;1;0;1;0;0;0;1;1;-31,77730251;-52,35917592;SPRF-RS;DEL07-RS;UOP01-DEL07-RS;;;
721399;28/09/2025;domingo;05:30:00;BA;101;5;RIO REAL;Ingest�o de �lcool pelo condutor;Sa�da de leito carro��vel;Sem V�timas;Amanhecer;Crescente;Nublado;Simples;Reta;N�o;1;0;0;0;1;0;0;1;-11,52520907;-37,8113164;SPRF-SE;DEL02-SE;UOP03-DEL02-SE;;;
721401;28/09/2025;domingo;05:45:00;MS;163;492,7;CAMPO GRANDE;Objeto est�tico sobre o leito carro��vel;Colis�o com objeto;Com V�timas Feridas;Amanhecer;Crescente;C�u Claro;Dupla;Curva;N�o;5;0;1;1;3;0;2;2;-20,38242;-54,540853;SPRF-MS;DEL01-MS;UOP02-DEL01-MS;;;
721402;28/09/2025;domingo;07:05:00;MG;50;161;UBERABA;Condutor Dormindo;Colis�o com objeto;Sem V�timas;Amanhecer;Decrescente;C�u Claro;Dupla;"Reta;Aclive";N�o;1;0;0;0;1;0;0;1;-19,672619;-47,997407;SPRF-MG;DEL13-MG;UOP01-DEL13-MG;;;
721403;28/09/2025;domingo;06:00:00;SC;101;118;ITAJAI;Rea��o tardia ou ineficiente do condutor;Colis�o com objeto;Com V�timas Feridas;Amanhecer;Decrescente;C�u Claro;Dupla;Reta;Sim;2;0;0;2;0;0;2;1;-26,89270132;-48,72019625;SPRF-SC;DEL04-SC;UOP04-DEL04-SC;;;
721405;28/09/2025;domingo;06:10:00;RO;364;711;PORTO VELHO;Aus�ncia de rea��o do condutor;Colis�o lateral mesmo sentido;Com V�timas Feridas;Pleno dia;Crescente;C�u Claro;Simples;Reta;Sim;3;0;1;0;1;1;1;2;-8,80040644;-63,80166141;SPRF-RO;DEL01-RO;UOP01-DEL01-RO;;;
721406;26/09/2025;sexta-feira;23:30:00;RS;386;349;LAJEADO;Aus�ncia de rea��o do condutor;Colis�o com objeto;Com V�timas Feridas;Plena Noite;Crescente;C�u Claro;Dupla;Reta;Sim;1;0;1;0;0;0;1;1;-29,466756;-51,954871;SPRF-RS;DEL04-RS;UOP01-DEL04-RS;;;
721407;28/09/2025;domingo;07:25:00;PA;308;150,9;CAPANEMA;Ingest�o de �lcool pelo condutor;Colis�o transversal;Com V�timas Feridas;Pleno dia;Crescente;C�u Claro;Simples;Interse��o de Vias;Sim;2;0;1;0;1;0;1;2;-1,210823;-47,18327;SPRF-PA;DEL01-PA;UOP03-DEL01-PA;;;
721409;27/09/2025;s�bado;20:45:00;BA;110;135;CICERO DANTAS;Aus�ncia de rea��o do condutor;Atropelamento de Pedestre;Com V�timas Fatais;Plena Noite;Crescente;Nublado;Simples;Reta;N�o;2;1;0;0;0;1;0;2;-10,55497386;-38,3746326;SPRF-BA;DEL07-BA;UOP02-DEL07-BA;;;
721410;27/09/2025;s�bado;22:30:00;RJ;356;114;CARDOSO MOREIRA;Animais na Pista;Atropelamento de Animal;Com V�timas Fatais;Plena Noite;Decrescente;Chuva;Simples;Reta;N�o;2;1;0;1;0;0;1;1;-21,60261468;-41,42455101;SPRF-RJ;DEL08-RJ;UOP03-DEL08-RJ;;;