id;data_inversa;dia_semana;horario;uf;br;km;municipio;causa_acidente;tipo_acidente;classificacao_acidente;fase_dia;sentido_via;condicao_metereologica;tipo_pista;tracado_via;uso_solo;pessoas;mortos;feridos_leves;feridos_graves;ilesos;ignorados;feridos;veiculos;latitude;longitude;regional;delegacia;uop;;;
721411;28/09/2025;domingo;04:30:00;RJ;40;118;DUQUE DE CAXIAS;Rea��o tardia ou ineficiente do condutor;Colis�o traseira;Com V�timas Feridas;Pleno dia;Decrescente;C�u Claro;M�ltipla;Reta;Sim;2;0;1;0;0;1;1;2;-22,75508961;-43,28707695;SPRF-RJ;DEL01-RJ;UOP02-DEL01-RJ;;;
721412;28/09/2025;domingo;06:50:00;RN;101;102,9;PARNAMIRIM;Aus�ncia de rea��o do condutor;Colis�o traseira;Com V�timas Feridas;Pleno dia;Crescente;C�u Claro;M�ltipla;Reta;N�o;2;0;1;0;1;0;1;2;-5,889853;-35,247528;SPRF-RN;DEL01-RN;UOP01-DEL01-RN;;;
721414;28/09/2025;domingo;06:30:00;PR;376;602;CURITIBA;Entrada inopinada do pedestre;Atropelamento de Pedestre;Com V�timas Fatais;Pleno dia;Decrescente;Nublado;Dupla;Reta;Sim;2;1;0;0;0;1;0;2;-25,52505;-49,330762;SPRF-PR;DEL01-PR;UOP03-DEL01-PR;;;
721415;28/09/2025;domingo;07:10:00;MG;262;358;BETIM;Aus�ncia de rea��o do condutor;Tombamento;Com V�timas Feridas;Pleno dia;Crescente;C�u Claro;Dupla;Reta;Sim;1;0;1;0;0;0;1;1;-19,98157874;-44,24776697;SPRF-MG;DEL01-MG;UOP03-DEL01-MG;;;
721416;28/09/2025;domingo;03:30:00;PB;230;481,9;SAO JOAO DO RIO DO PEIXE;Rea��o tardia ou ineficiente do condutor;Sa�da de leito carro��vel;Com V�timas Fatais;Plena Noite;Crescente;C�u Claro;Simples;"Reta;Interse��o de Vias";N�o;1;1;0;0;0;0;0;1;-6,870467;-38,39113;SPRF-PB;DEL03-PB;UOP03-DEL03-PB;;;
721417;27/09/2025;s�bado;22:30:00;RJ;40;105;DUQUE DE CAXIAS;Transitar na contram�o;Colis�o frontal;Com V�timas Feridas;Plena Noite;Crescente;C�u Claro;Simples;Declive;Sim;2;0;0;1;1;0;1;2;-22,6406031;-43,2838632;SPRF-RJ;DEL01-RJ;UOP02-DEL01-RJ;;;
721418;28/09/2025;domingo;08:20:00;RJ;116;178;SAO JOAO DE MERITI;Aus�ncia de rea��o do condutor;Queda de ocupante de ve�culo;Com V�timas Feridas;Pleno dia;Decrescente;C�u Claro;Dupla;Reta;Sim;1;0;1;0;0;0;1;1;-22,77826783;-43,39646515;SPRF-RJ;DEL06-RJ;UOP01-DEL06-RJ;;;
721420;28/09/2025;domingo;08:30:00;AP;210;3;MACAPA;Convers�o proibida;Colis�o traseira;Com V�timas Feridas;Pleno dia;Crescente;Sol;Dupla;Reta;N�o;8;0;1;0;7;0;1;2;0,08833;-51,095;SPRF-AP;DEL01-AP;UOP01-DEL01-AP;;;
721421;28/09/2025;domingo;08:30:00;PI;343;591;FLORIANO;Aus�ncia de rea��o do condutor;Tombamento;Com V�timas Feridas;Pleno dia;Crescente;C�u Claro;Dupla;"Retorno Regulamentado;Reta";Sim;1;0;0;1;0;0;1;1;-6,779128;-43,027905;SPRF-PI;DEL03-PI;UOP01-DEL03-PI;;;
721425;28/09/2025;domingo;01:22:00;GO;452;17;RIO VERDE;Desrespeitar a prefer�ncia no cruzamento;Colis�o transversal;Sem V�timas;Plena Noite;Crescente;C�u Claro;Simples;"Reta;Retorno Regulamentado";N�o;6;0;0;0;6;0;0;2;-17,857504;-50,753339;SPRF-GO;DEL04-GO;UOP01-DEL04-GO;;;
721426;28/09/2025;domingo;08:50:00;RJ;101;572,5;PARATY;Rea��o tardia ou ineficiente do condutor;Colis�o com objeto;Com V�timas Feridas;Pleno dia;Decrescente;C�u Claro;Simples;Reta;N�o;1;0;0;1;0;0;1;1;-23,21153158;-44,7337532;SPRF-RJ;DEL03-RJ;UOP04-DEL03-RJ;;;
721427;28/09/2025;domingo;10:40:00;PB;101;83,1;BAYEUX;Animais na Pista;Atropelamento de Animal;Com V�timas Feridas;Pleno dia;Decrescente;C�u Claro;Dupla;Reta;Sim;2;0;2;0;0;0;2;1;-7,141234;-34,921082;SPRF-PB;DEL01-PB;UOP01-DEL01-PB;;;
721428;28/09/2025;domingo;07:30:00;ES;101;294;CARIACICA;Velocidade Incompat�vel;Colis�o com objeto;Sem V�timas;Pleno dia;Decrescente;Sol;Dupla;Curva;Sim;1;0;0;0;1;0;0;1;-20,32386263;-40,39518356;SPRF-ES;DEL01-ES;UOP01-DEL01-ES;;;
721429;28/09/2025;domingo;10:20:00;PI;402;33,7;PARNAIBA;Manobra de mudan�a de faixa;Colis�o frontal;Sem V�timas;Pleno dia;Crescente;C�u Claro;Simples;Reta;Sim;2;0;0;0;2;0;0;2;-2,930857;-41,751483;SPRF-PI;DEL05-PI;UOP01-DEL05-PI;;;
721431;28/09/2025;domingo;11:00:00;MG;50;81,8;UBERLANDIA;Condutor deixou de manter dist�ncia do ve�culo da frente;Colis�o traseira;Com V�timas Feridas;Pleno dia;Decrescente;C�u Claro;Dupla;Reta;Sim;2;0;1;0;1;0;1;2;-18,981047;-48,212869;SPRF-MG;DEL15-MG;UOP01-DEL15-MG;;;
721432;28/09/2025;domingo;09:57:00;MS;163;645;SAO GABRIEL DO OESTE;Rea��o tardia ou ineficiente do condutor;Capotamento;Com V�timas Feridas;Pleno dia;Crescente;C�u Claro;Dupla;Reta;N�o;1;0;1;0;0;0;1;1;-19,18833568;-54,75012615;SPRF-MS;DEL06-MS;UOP02-DEL06-MS;;;
721434;28/09/2025;domingo;09:00:00;PI;135;361;BOM JESUS;Rea��o tardia ou ineficiente do condutor;Sa�da de leito carro��vel;Com V�timas Feridas;Pleno dia;Crescente;C�u Claro;Simples;"Reta;Declive";N�o;2;0;1;0;1;0;1;1;-9,139592;-44,3967;SPRF-PI;DEL03-PI;UOP02-DEL03-PI;;;
721435;28/09/2025;domingo;11:45:00;MG;40;517;CONTAGEM;Trafegar com motocicleta (ou similar) entre as faixas;Colis�o lateral mesmo sentido;Com V�timas Feridas;Pleno dia;Crescente;C�u Claro;Dupla;"Em Obras;Reta";Sim;3;0;1;0;2;0;1;3;-19,85585586;-44,08001189;SPRF-MG;DEL01-MG;UOP02-DEL01-MG;;;
721437;28/09/2025;domingo;12:00:00;RJ;116;171,8;RIO DE JANEIRO;Aus�ncia de rea��o do condutor;Colis�o traseira;Com V�timas Feridas;Pleno dia;Decrescente;C�u Claro;Dupla;Reta;N�o;5;0;2;0;3;0;2;3;-22,80480666;-43,34554911;SPRF-RJ;DEL06-RJ;UOP01-DEL06-RJ;;;
721438;28/09/2025;domingo;10:20:00;PE;428;188;PETROLINA;Acessar a via sem observar a presen�a dos outros ve�culos;Colis�o lateral mesmo sentido;Com V�timas Feridas;Pleno dia;Crescente;C�u Claro;Dupla;Reta;Sim;3;0;1;0;2;0;1;2;-9,364472;-40,482803;SPRF-PE;DEL06-PE;UOP01-DEL06-PE;;;
721439;28/09/2025;domingo;10:40:00;BA;101;628;MASCOTE;Acessar a via sem observar a presen�a dos outros ve�culos;Colis�o transversal;Com V�timas Fatais;Pleno dia;Crescente;C�u Claro;Simples;Curva;N�o;5;1;0;1;0;3;1;2;-15,71131;-39,446598;SPRF-BA;DEL05-BA;UOP02-DEL05-BA;;;
721442;28/09/2025;domingo;10:40:00;RJ;493;0;ITABORAI;Ultrapassagem Indevida;Colis�o lateral mesmo sentido;Com V�timas Feridas;Pleno dia;Crescente;C�u Claro;Simples;Reta;Sim;3;0;2;0;1;0;2;2;-22,76921719;-42,92246819;SPRF-RJ;DEL02-RJ;UOP02-DEL02-RJ;;;
721443;28/09/2025;domingo;11:14:00;AM;174;885;MANAUS;Aus�ncia de rea��o do condutor;Colis�o traseira;Com V�timas Feridas;Pleno dia;Decrescente;Nublado;Simples;"Curva;Aclive";Sim;3;0;1;0;2;0;1;3;-2,9659815;-60,0208771;SPRF-AM;DEL01-AM;UOP01-DEL01-AM;;;
721444;28/09/2025;domingo;12:02:00;PE;232;132,4;CARUARU;Pista esburacada;Queda de ocupante de ve�culo;Com V�timas Feridas;Pleno dia;Crescente;C�u Claro;Dupla;Reta;Sim;1;0;1;0;0;0;1;1;-8,30691;-36,01712;SPRF-PE;DEL02-PE;UOP03-DEL02-PE;;;
721445;28/09/2025;domingo;08:30:00;MA;10;198;RIBAMAR FIQUENE;Rea��o tardia ou ineficiente do condutor;Sa�da de leito carro��vel;Sem V�timas;Pleno dia;Crescente;C�u Claro;Simples;Declive;N�o;2;0;0;0;2;0;0;1;-5,982738;-47,383283;SPRF-MA;DEL04-MA;UOP02-DEL04-MA;;;
721447;28/09/2025;domingo;06:00:00;GO;153;543;HIDROLANDIA;Rea��o tardia ou ineficiente do condutor;Capotamento;Com V�timas Feridas;Pleno dia;Decrescente;C�u Claro;Dupla;Reta;N�o;1;0;1;0;0;0;1;1;-17,0788;-49,223812;SPRF-GO;DEL01-GO;UOP03-DEL01-GO;;;
721448;28/09/2025;domingo;10:00:00;RS;285;389;SALDANHA MARINHO;Condutor Dormindo;Sa�da de leito carro��vel;Com V�timas Feridas;Pleno dia;Decrescente;Garoa/Chuvisco;Simples;Reta;N�o;1;0;1;0;0;0;1;1;-28,39947224;-53,06050748;SPRF-RS;DEL10-RS;UOP02-DEL10-RS;;;
721449;28/09/2025;domingo;11:10:00;RJ;40;76;PETROPOLIS;Curva acentuada;Sa�da de leito carro��vel;Com V�timas Feridas;Pleno dia;Crescente;C�u Claro;Dupla;Curva;N�o;1;0;1;0;0;0;1;1;-22,48529636;-43,23083347;SPRF-RJ;DEL01-RJ;UOP01-DEL01-RJ;;;
721450;28/09/2025;domingo;12:15:00;PI;343;343,4;TERESINA;Desrespeitar a prefer�ncia no cruzamento;Colis�o transversal;Com V�timas Feridas;Pleno dia;Crescente;C�u Claro;M�ltipla;"Rotat�ria;Viaduto;Interse��o de Vias";Sim;2;0;0;2;0;0;2;2;-5,09041319;-42,76036531;SPRF-PI;DEL01-PI;UOP01-DEL01-PI;;;
721451;28/09/2025;domingo;13:25:00;PE;101;66,5;RECIFE;Trafegar com motocicleta (ou similar) entre as faixas;Colis�o lateral mesmo sentido;Com V�timas Feridas;Pleno dia;Crescente;C�u Claro;Dupla;Reta;Sim;3;0;2;0;1;0;2;2;-8,03731;-34,94163;SPRF-PE;DEL01-PE;UOP01-DEL01-PE;;;
721453;28/09/2025;domingo;10:15:00;RS;285;571;SAO LUIZ GONZAGA;Acessar a via sem observar a presen�a dos outros ve�culos;Colis�o transversal;Com V�timas Feridas;Pleno dia;Crescente;Sol;Simples;Rotat�ria;N�o;4;0;0;1;3;0;1;2;-28,41351217;-54,98894334;SPRF-RS;DEL12-RS;UOP01-DEL12-RS;;;
721454;28/09/2025;domingo;14:10:00;MG;364;31,8;FRUTAL;Acessar a via sem observar a presen�a dos outros ve�culos;Colis�o transversal;Com V�timas Feridas;Pleno dia;Crescente;C�u Claro;Simples;Interse��o de Vias;N�o;4;0;1;0;3;0;1;2;-20,009911;-48,927839;SPRF-MG;DEL13-MG;UOP02-DEL13-MG;;;
721455;28/09/2025;domingo;14:00:00;RJ;101;439;MANGARATIBA;Manobra de mudan�a de faixa;Tombamento;Com V�timas Feridas;Pleno dia;Decrescente;C�u Claro;Simples;Reta;N�o;2;0;2;0;0;0;2;1;-22,95389738;-44,08637222;SPRF-RJ;DEL03-RJ;UOP02-DEL03-RJ;;;
721458;28/09/2025;domingo;14:15:00;MG;459;68,4;SENADOR JOSE BENTO;Velocidade Incompat�vel;Sa�da de leito carro��vel;Com V�timas Feridas;Pleno dia;Crescente;C�u Claro;Simples;"Curva;Declive";N�o;1;0;1;0;0;0;1;1;-22,131097;-46,182158;SPRF-MG;DEL09-MG;UOP01-DEL09-MG;;;
721459;28/09/2025;domingo;14:00:00;PR;376;657,8;TIJUCAS DO SUL;Demais falhas mec�nicas ou el�tricas;Sa�da de leito carro��vel;Com V�timas Feridas;Pleno dia;Decrescente;Garoa/Chuvisco;Simples;"Curva;Declive";N�o;3;0;1;0;2;0;1;1;-25,84671061;-49,00614738;SPRF-PR;DEL01-PR;UOP04-DEL01-PR;;;
721460;27/09/2025;s�bado;13:40:00;RJ;40;5;COMENDADOR LEVY GASPARIAN;Velocidade Incompat�vel;Queda de ocupante de ve�culo;Com V�timas Feridas;Pleno dia;Decrescente;C�u Claro;Dupla;Curva;N�o;1;0;1;0;0;0;1;1;-22,01608389;-43,23592186;SPRF-RJ;DEL05-RJ;UOP02-DEL05-RJ;;;
721461;28/09/2025;domingo;10:50:00;MG;251;218;CACHOEIRA DE PAJEU;Demais falhas mec�nicas ou el�tricas;Sa�da de leito carro��vel;Com V�timas Feridas;Pleno dia;Decrescente;C�u Claro;Simples;Reta;N�o;3;0;1;1;1;0;2;1;-15,92314;-41,595463;SPRF-MG;DEL12-MG;UOP02-DEL12-MG;;;
721463;28/09/2025;domingo;14:40:00;RS;290;91;PORTO ALEGRE;Manobra de mudan�a de faixa;Colis�o traseira;Com V�timas Feridas;Pleno dia;Decrescente;C�u Claro;M�ltipla;Curva;Sim;5;0;2;0;2;1;2;3;-29,96928134;-51,16855277;SPRF-RS;DEL01-RS;UOP01-DEL01-RS;;;
721464;28/09/2025;domingo;14:35:00;SE;235;46;ITABAIANA;Aus�ncia de rea��o do condutor;Colis�o lateral mesmo sentido;Com V�timas Feridas;Pleno dia;Decrescente;Chuva;Simples;Reta;N�o;3;0;2;0;1;0;2;2;-10,739996;-37,405317;SPRF-SE;DEL01-SE;UOP02-DEL01-SE;;;
721465;28/09/2025;domingo;14:14:00;SC;282;333,1;CAMPOS NOVOS;Acessar a via sem observar a presen�a dos outros ve�culos;Colis�o transversal;Com V�timas Feridas;Pleno dia;Crescente;Nublado;Simples;"Reta;Declive";N�o;4;0;2;0;2;0;2;2;-27,392521;-51,135965;SPRF-SC;DEL07-SC;UOP06-DEL07-SC;;;
721466;28/09/2025;domingo;15:20:00;MG;40;440,9;PARAOPEBA;Ingest�o de �lcool pelo condutor;Capotamento;Com V�timas Feridas;Pleno dia;Crescente;C�u Claro;Dupla;Reta;N�o;1;0;1;0;0;0;1;1;-19,265319;-44,420851;SPRF-MG;DEL02-MG;UOP01-DEL02-MG;;;
721467;28/09/2025;domingo;12:00:00;MT;364;1240;COMODORO;Demais Fen�menos da natureza;Queda de ocupante de ve�culo;Com V�timas Feridas;Pleno dia;Crescente;C�u Claro;Simples;Reta;N�o;1;0;1;0;0;0;1;1;-13,74909891;-59,69325185;SPRF-MT;DEL04-MT;UOP02-DEL04-MT;;;
721468;28/09/2025;domingo;15:50:00;PB;230;15,4;JOAO PESSOA;Trafegar com motocicleta (ou similar) entre as faixas;Colis�o traseira;Com V�timas Feridas;Pleno dia;Crescente;C�u Claro;Dupla;"Aclive;Curva";Sim;3;0;0;1;1;1;1;3;-7,10290533;-34,84682727;SPRF-PB;DEL01-PB;UOP01-DEL01-PB;;;
721469;28/09/2025;domingo;14:50:00;PR;376;636,2;TIJUCAS DO SUL;Rea��o tardia ou ineficiente do condutor;Colis�o traseira;Com V�timas Feridas;Pleno dia;Decrescente;Sol;Dupla;"Declive;Reta";N�o;3;0;2;0;1;0;2;2;-25,757;-49,126;SPRF-PR;DEL01-PR;UOP04-DEL01-PR;;;
721470;28/09/2025;domingo;15:20:00;SC;101;38,3;JOINVILLE;Desrespeitar a prefer�ncia no cruzamento;Colis�o transversal;Com V�timas Feridas;Pleno dia;Decrescente;Nublado;Simples;"Rotat�ria;Interse��o de Vias";Sim;4;0;1;0;3;0;1;2;-26,29687772;-48,88375282;SPRF-SC;DEL03-SC;UOP01-DEL03-SC;;;
721471;28/09/2025;domingo;15:54:00;ES;101;276;CARIACICA;Convers�o proibida;Colis�o transversal;Com V�timas Feridas;Pleno dia;Crescente;C�u Claro;Dupla;Reta;Sim;2;0;0;1;1;0;1;2;-20,22936695;-40,36693812;SPRF-ES;DEL02-ES;UOP01-DEL02-ES;;;
721472;28/09/2025;domingo;14:20:00;RJ;40;125;RIO DE JANEIRO;Entrada inopinada do pedestre;Colis�o traseira;Com V�timas Feridas;Pleno dia;Decrescente;C�u Claro;Dupla;Reta;Sim;3;0;1;0;2;0;1;2;-22,815165;-43,288154;SPRF-RJ;DEL01-RJ;UOP02-DEL01-RJ;;;
721477;28/09/2025;domingo;13:00:00;RJ;101;294;ITABORAI;Condutor deixou de manter dist�ncia do ve�culo da frente;Queda de ocupante de ve�culo;Com V�timas Feridas;Pleno dia;Crescente;C�u Claro;Dupla;Reta;Sim;1;0;1;0;0;0;1;1;-22,75971981;-42,89611816;SPRF-RJ;DEL02-RJ;UOP02-DEL02-RJ;;;
721478;28/09/2025;domingo;17:00:00;RN;304;24;MOSSORO;Rea��o tardia ou ineficiente do condutor;Sa�da de leito carro��vel;Com V�timas Feridas;Anoitecer;Crescente;C�u Claro;Dupla;Rotat�ria;N�o;2;0;2;0;0;0;2;1;-5,06686117;-37,33094785;SPRF-RN;DEL04-RN;UOP02-DEL04-RN;;;
721479;28/09/2025;domingo;15:00:00;MA;135;309,2;PERITORO;Aus�ncia de rea��o do condutor;Sa�da de leito carro��vel;Com V�timas Fatais;Pleno dia;Crescente;C�u Claro;Simples;Curva;Sim;1;1;0;0;0;0;0;1;-4,374528;-44,3252736;SPRF-MA;DEL06-MA;UOP01-DEL06-MA;;;
721481;28/09/2025;domingo;14:00:00;AC;364;71;SENADOR GUIOMARD;Avarias e/ou desgaste excessivo no pneu;Sa�da de leito carro��vel;Com V�timas Feridas;Pleno dia;Decrescente;C�u Claro;Simples;"Aclive;Reta";N�o;2;0;1;1;0;0;2;1;-10,058844;-67,325942;SPRF-AC;DEL01-AC;UOP01-DEL01-AC;;;
721482;28/09/2025;domingo;15:05:00;BA;135;320;SANTA MARIA DA VITORIA;Aus�ncia de rea��o do condutor;Colis�o traseira;Sem V�timas;Pleno dia;Decrescente;Sol;Simples;Reta;N�o;4;0;0;0;4;0;0;2;-13,15887;-44,61599;SPRF-BA;DEL10-BA;UOP02-DEL10-BA;;;
721483;28/09/2025;domingo;12:30:00;RJ;116;19;SAPUCAIA;Acumulo de �leo sobre o pavimento;Capotamento;Com V�timas Feridas;Pleno dia;Crescente;C�u Claro;Simples;Curva;N�o;4;0;1;1;2;0;2;1;-21,99081312;-42,76371575;SPRF-RJ;DEL05-RJ;UOP01-DEL05-RJ;;;
721485;28/09/2025;domingo;14:30:00;MS;163;669;RIO VERDE DE MATO GROSSO;Rea��o tardia ou ineficiente do condutor;Capotamento;Sem V�timas;Pleno dia;Crescente;Nublado;Simples;Reta;N�o;1;0;0;0;0;1;0;1;-19,00989264;-54,82770184;SPRF-MS;DEL06-MS;UOP02-DEL06-MS;;;
721486;28/09/2025;domingo;16:00:00;MG;262;815;UBERABA;Ingest�o de �lcool pelo condutor;Colis�o transversal;Com V�timas Feridas;Pleno dia;Crescente;C�u Claro;Dupla;Retorno Regulamentado;Sim;5;0;1;1;3;0;2;2;-19,76948642;-47,98110835;SPRF-MG;DEL13-MG;UOP01-DEL13-MG;;;
721487;28/09/2025;domingo;12:10:00;SC;280;107,3;SAO BENTO DO SUL;Rea��o tardia ou ineficiente do condutor;Sa�da de leito carro��vel;Sem V�timas;Pleno dia;Decrescente;Garoa/Chuvisco;Simples;"Curva;Aclive";N�o;1;0;0;0;0;1;0;1;-26,337887;-49,377868;SPRF-SC;DEL06-SC;UOP03-DEL06-SC;;;
721489;28/09/2025;domingo;16:55:00;RS;116;169;CAXIAS DO SUL;Aus�ncia de rea��o do condutor;Colis�o traseira;Sem V�timas;Pleno dia;Crescente;C�u Claro;Simples;Reta;N�o;3;0;0;0;3;0;0;3;-29,29023;-51,162015;SPRF-RS;DEL05-RS;UOP02-DEL05-RS;;;
721491;28/09/2025;domingo;17:15:00;GO;153;439;ANAPOLIS;Manobra de mudan�a de faixa;Colis�o traseira;Com V�timas Feridas;Pleno dia;Crescente;C�u Claro;Dupla;"Reta;Aclive";Sim;2;0;1;0;1;0;1;2;-16,31633436;-48,92180298;SPRF-GO;DEL02-GO;UOP01-DEL02-GO;;;
721492;28/09/2025;domingo;16:20:00;RO;435;87,1;COLORADO DO OESTE;Transitar na contram�o;Colis�o frontal;Com V�timas Feridas;Pleno dia;Crescente;Garoa/Chuvisco;Simples;Curva;Sim;3;0;1;0;2;0;1;2;-13,13132928;-60,54346066;SPRF-RO;DEL04-RO;UOP02-DEL04-RO;;;
721493;28/09/2025;domingo;17:30:00;MA;135;5,1;SAO LUIS;Entrada inopinada do pedestre;Atropelamento de Pedestre;Com V�timas Feridas;Anoitecer;Decrescente;C�u Claro;Dupla;Reta;Sim;3;0;0;1;2;0;1;2;-2,62281;-44,25864;SPRF-MA;DEL01-MA;UOP01-DEL01-MA;;;
721494;28/09/2025;domingo;16:33:00;MT;163;754;SORRISO;Acessar a via sem observar a presen�a dos outros ve�culos;Atropelamento de Pedestre;Com V�timas Feridas;Anoitecer;Crescente;C�u Claro;Dupla;Declive;Sim;2;0;0;1;1;0;1;2;-12,542018;-55,707643;SPRF-MT;DEL06-MT;UOP01-DEL06-MT;;;
721495;28/09/2025;domingo;17:40:00;MG;354;732,9;POUSO ALTO;Ingest�o de �lcool pelo condutor;Sa�da de leito carro��vel;Com V�timas Feridas;Anoitecer;Crescente;C�u Claro;Simples;"Declive;Reta";N�o;1;0;1;0;0;0;1;1;-22,17473;-44,97017;SPRF-MG;DEL17-MG;UOP01-DEL17-MG;;;
721496;28/09/2025;domingo;08:00:00;RS;472;453;ITAQUI;Aus�ncia de rea��o do condutor;Sa�da de leito carro��vel;Com V�timas Feridas;Pleno dia;Decrescente;C�u Claro;Simples;Reta;N�o;1;0;1;0;0;0;1;1;-29,045866;-56,220192;SPRF-RS;DEL12-RS;UOP01-DEL12-RS;;;
721497;28/09/2025;domingo;18:11:00;GO;40;6,8;VALPARAISO DE GOIAS;Transitar no Acostamento;Colis�o lateral mesmo sentido;Sem V�timas;Anoitecer;Decrescente;C�u Claro;Dupla;Reta;N�o;3;0;0;0;3;0;0;3;-16,10702064;-47,97300249;SPRF-DF;DEL01-DF;UOP01-DEL01-DF;;;
721498;28/09/2025;domingo;17:42:00;PE;101;59,1;RECIFE;Entrada inopinada do pedestre;Atropelamento de Pedestre;Com V�timas Feridas;Plena Noite;Crescente;C�u Claro;Dupla;Reta;Sim;3;0;0;3;0;0;3;2;-7,977253;-34,926522;SPRF-PE;DEL01-PE;UOP02-DEL01-PE;;;
721499;28/09/2025;domingo;18:10:00;SP;116;154,6;SAO JOSE DOS CAMPOS;Aus�ncia de rea��o do condutor;Colis�o com objeto;Com V�timas Feridas;Plena Noite;Decrescente;C�u Claro;Dupla;"Reta;Em Obras";Sim;2;0;1;1;0;0;2;1;-23,24093775;-45,92244625;SPRF-SP;DEL02-SP;UOP01-DEL02-SP;;;
721500;28/09/2025;domingo;17:55:00;ES;101;247;SERRA;Rea��o tardia ou ineficiente do condutor;Tombamento;Com V�timas Feridas;Anoitecer;Crescente;C�u Claro;Dupla;"Curva;Declive;Em Obras";N�o;1;0;1;0;0;0;1;1;-20,05661658;-40,38008809;SPRF-ES;DEL02-ES;UOP01-DEL02-ES;;;
721501;19/08/2025;ter�a-feira;15:30:00;RS;101;62;MAQUINE;Condutor Dormindo;Sa�da de leito carro��vel;Com V�timas Feridas;Pleno dia;Decrescente;C�u Claro;Dupla;Reta;Sim;4;0;2;0;2;0;2;1;-29,69059768;-50,15732682;SPRF-RS;DEL03-RS;UOP02-DEL03-RS;;;
721502;28/09/2025;domingo;14:00:00;MT;163;854;SINOP;Ingest�o de �lcool pelo condutor;Queda de ocupante de ve�culo;Com V�timas Feridas;Pleno dia;Decrescente;C�u Claro;Simples;Curva;N�o;1;0;1;0;0;0;1;1;-11,69340264;-55,45156002;SPRF-MT;DEL06-MT;UOP02-DEL06-MT;;;
721503;28/09/2025;domingo;18:45:00;RJ;116;170;RIO DE JANEIRO;Mal s�bito do condutor;Colis�o traseira;Com V�timas Feridas;Plena Noite;Crescente;C�u Claro;Dupla;Reta;Sim;3;0;1;0;2;0;1;2;-22,804435;-43,345385;SPRF-RJ;DEL06-RJ;UOP01-DEL06-RJ;;;
721504;28/09/2025;domingo;18:30:00;DF;251;42;BRASILIA;Aus�ncia de rea��o do condutor;Colis�o traseira;Com V�timas Feridas;Plena Noite;Decrescente;C�u Claro;Dupla;Rotat�ria;N�o;2;0;1;0;1;0;1;2;-15,93867958;-47,82806462;SPRF-DF;DEL01-DF;UOP01-DEL01-DF;;;
721505;28/09/2025;domingo;18:45:00;RJ;40;100;PETROPOLIS;Pista Escorregadia;Queda de ocupante de ve�culo;Com V�timas Feridas;Anoitecer;Decrescente;Garoa/Chuvisco;Simples;Curva;N�o;1;0;1;0;0;0;1;1;-22,5284644;-43,2228601;SPRF-RJ;DEL01-RJ;UOP01-DEL01-RJ;;;
721506;28/09/2025;domingo;18:00:00;RJ;116;93;GUAPIMIRIM;Transitar na contram�o;Colis�o frontal;Com V�timas Feridas;Plena Noite;Crescente;C�u Claro;Simples;Reta;Sim;7;0;3;0;4;0;3;3;-22,463137;-42,989337;SPRF-RJ;DEL04-RJ;UOP01-DEL04-RJ;;;
721507;28/09/2025;domingo;18:58:00;SP;116;288;ITAPECERICA DA SERRA;Ingest�o de �lcool pelo condutor;Colis�o traseira;Com V�timas Feridas;Plena Noite;Decrescente;Nublado;Dupla;"Declive;Reta";N�o;3;0;1;0;2;0;1;3;-23,7002978;-46,8689643;SPRF-SP;DEL04-SP;UOP01-DEL04-SP;;;
721508;28/09/2025;domingo;19:00:00;MG;40;812;MATIAS BARBOSA;Avarias e/ou desgaste excessivo no pneu;Tombamento;Com V�timas Feridas;Plena Noite;Decrescente;C�u Claro;Dupla;Reta;N�o;2;0;1;1;0;0;2;1;-21,89886597;-43,31381989;SPRF-MG;DEL05-MG;UOP01-DEL05-MG;;;
721509;28/09/2025;domingo;18:00:00;PR;277;675;MEDIANEIRA;Aus�ncia de rea��o do condutor;Sa�da de leito carro��vel;Com V�timas Feridas;Pleno dia;Decrescente;C�u Claro;Dupla;Reta;N�o;1;0;1;0;0;0;1;1;-25,30165138;-54,12869028;SPRF-PR;DEL05-PR;UOP01-DEL05-PR;;;
721510;28/09/2025;domingo;17:55:00;PB;104;92,6;ESPERANCA;Ingest�o de �lcool pelo condutor;Colis�o traseira;Sem V�timas;Plena Noite;Decrescente;Ignorado;Simples;Reta;Sim;2;0;0;0;2;0;0;2;-6,989;-35,8309;SPRF-PB;DEL02-PB;UOP04-DEL02-PB;;;
721512;28/09/2025;domingo;17:50:00;BA;116;827;VITORIA DA CONQUISTA;Aus�ncia de rea��o do condutor;Colis�o com objeto;Com V�timas Feridas;Anoitecer;Decrescente;C�u Claro;Dupla;Reta;N�o;1;0;0;1;0;0;1;1;-14,8902;-40,86201;SPRF-BA;DEL08-BA;UOP01-DEL08-BA;;;
721513;28/09/2025;domingo;19:00:00;SC;101;426,6;SOMBRIO;Convers�o proibida;Colis�o frontal;Com V�timas Feridas;Plena Noite;Decrescente;Nublado;M�ltipla;Reta;N�o;2;0;1;1;0;0;2;2;-29,0362299;-49,6083973;SPRF-SC;DEL02-SC;UOP02-DEL02-SC;;;
721514;28/09/2025;domingo;18:20:00;PA;308;153;CAPANEMA;Acessar a via sem observar a presen�a dos outros ve�culos;Colis�o frontal;Com V�timas Feridas;Plena Noite;Crescente;C�u Claro;Simples;Curva;Sim;2;0;0;1;1;0;1;2;-1,203729;-47,171386;SPRF-PA;DEL01-PA;UOP03-DEL01-PA;;;