id;data_inversa;dia_semana;horario;uf;br;km;municipio;causa_acidente;tipo_acidente;classificacao_acidente;fase_dia;sentido_via;condicao_metereologica;tipo_pista;tracado_via;uso_solo;pessoas;mortos;feridos_leves;feridos_graves;ilesos;ignorados;feridos;veiculos;latitude;longitude;regional;delegacia;uop;;;
721515;28/09/2025;domingo;19:30:00;SP;381;51;ATIBAIA;Aus�ncia de rea��o do condutor;Colis�o traseira;Com V�timas Feridas;Plena Noite;Decrescente;C�u Claro;M�ltipla;Reta;N�o;1;0;1;0;0;0;1;1;-23,21727766;-46,59498596;SPRF-SP;DEL03-SP;UOP01-DEL03-SP;;;
721516;28/09/2025;domingo;18:30:00;MG;40;339;FELIXLANDIA;Acessar a via sem observar a presen�a dos outros ve�culos;Colis�o transversal;Com V�timas Feridas;Anoitecer;Crescente;C�u Claro;Simples;"Reta;Interse��o de Vias";N�o;4;0;1;2;1;0;3;2;-18,657159;-44,998034;SPRF-MG;DEL14-MG;UOP02-DEL14-MG;;;
721518;16/07/2025;quarta-feira;07:00:00;PI;343;341;TERESINA;Aus�ncia de rea��o do condutor;Colis�o com objeto;Com V�timas Feridas;Pleno dia;Decrescente;C�u Claro;Dupla;"Viaduto;Reta";Sim;2;0;1;1;0;0;2;2;-5,078268;-42,749212;SPRF-PI;DEL01-PI;UOP01-DEL01-PI;;;
721519;28/09/2025;domingo;15:05:00;MT;70;521;VARZEA GRANDE;Condutor deixou de manter dist�ncia do ve�culo da frente;Colis�o transversal;Com V�timas Feridas;Pleno dia;Decrescente;C�u Claro;Simples;"Interse��o de Vias;Reta";Sim;2;0;1;0;1;0;1;2;-15,6676;-56,182;SPRF-MT;DEL01-MT;UOP02-DEL01-MT;;;
721520;28/09/2025;domingo;19:45:00;PR;153;66,9;GUAPIRAMA;Aus�ncia de rea��o do condutor;Colis�o com objeto;Com V�timas Feridas;Pleno dia;Crescente;C�u Claro;Dupla;Reta;N�o;3;0;2;0;1;0;2;1;-23,49770757;-50,1082778;SPRF-PR;DEL07-PR;UOP04-DEL07-PR;;;
721521;28/09/2025;domingo;17:50:00;GO;364;159;JATAI;Ingest�o de �lcool pelo condutor;Queda de ocupante de ve�culo;Com V�timas Feridas;Anoitecer;Crescente;C�u Claro;Simples;Rotat�ria;Sim;1;0;0;1;0;0;1;1;-18,091327;-51,500137;SPRF-GO;DEL05-GO;UOP01-DEL05-GO;;;
721522;28/09/2025;domingo;18:30:00;MG;251;248;SANTA CRUZ DE SALINAS;Acessar a via sem observar a presen�a dos outros ve�culos;Colis�o transversal;Com V�timas Feridas;Anoitecer;Crescente;C�u Claro;Simples;"Reta;Aclive";N�o;5;0;0;1;4;0;1;2;-15,98343804;-41,82812909;SPRF-MG;DEL12-MG;UOP02-DEL12-MG;;;
721523;28/09/2025;domingo;20:05:00;RS;386;133,5;SARANDI;Ingest�o de �lcool pelo condutor;Colis�o lateral sentido oposto;Sem V�timas;Plena Noite;Crescente;C�u Claro;Simples;Curva;Sim;2;0;0;0;2;0;0;2;-27,9497858;-52,92873709;SPRF-RS;DEL08-RS;UOP01-DEL08-RS;;;
721524;28/09/2025;domingo;18:30:00;GO;40;105,5;CRISTALINA;Animais na Pista;Atropelamento de Animal;Com V�timas Feridas;Plena Noite;Decrescente;C�u Claro;Dupla;Reta;N�o;1;0;1;0;0;0;1;1;-16,824979;-47,547442;SPRF-DF;DEL01-DF;UOP02-DEL01-DF;;;
721525;28/09/2025;domingo;19:47:00;MG;459;92;CONGONHAL;Pedestre cruzava a pista fora da faixa;Atropelamento de Pedestre;Com V�timas Fatais;Plena Noite;Crescente;C�u Claro;Simples;"Declive;Reta";N�o;4;1;0;0;1;2;0;2;-22,171303;-46,002972;SPRF-MG;DEL09-MG;UOP01-DEL09-MG;;;
721528;28/09/2025;domingo;20:15:00;RS;116;300;GUAIBA;Ultrapassagem Indevida;Colis�o lateral mesmo sentido;Com V�timas Feridas;Plena Noite;Crescente;C�u Claro;Simples;Reta;Sim;7;0;0;2;4;1;2;3;-30,12582742;-51,34941101;SPRF-RS;DEL02-RS;UOP01-DEL02-RS;;;
721529;28/09/2025;domingo;19:15:00;MT;364;271;JACIARA;Acessar a via sem observar a presen�a dos outros ve�culos;Colis�o transversal;Com V�timas Feridas;Plena Noite;Crescente;C�u Claro;Dupla;Reta;Sim;2;0;0;2;0;0;2;2;-15,968;-54,96;SPRF-MT;DEL05-MT;UOP02-DEL05-MT;;;
721532;28/09/2025;domingo;18:20:00;MG;262;810;UBERABA;Rea��o tardia ou ineficiente do condutor;Atropelamento de Pedestre;Com V�timas Feridas;Anoitecer;Decrescente;C�u Claro;Dupla;Reta;N�o;4;0;1;1;0;2;2;4;-19,76924789;-47,98175812;SPRF-MG;DEL13-MG;UOP01-DEL13-MG;;;
721533;28/09/2025;domingo;18:50:00;GO;60;136;GOIANIA;Objeto est�tico sobre o leito carro��vel;Queda de ocupante de ve�culo;Com V�timas Feridas;Plena Noite;Crescente;C�u Claro;Dupla;Reta;Sim;2;0;1;0;1;0;1;1;-16,600374;-49,200279;SPRF-GO;DEL01-GO;UOP01-DEL01-GO;;;
721535;28/09/2025;domingo;18:50:00;PE;428;143;PETROLINA;Defici�ncia do Sistema de Ilumina��o/Sinaliza��o;Colis�o traseira;Com V�timas Feridas;Plena Noite;Crescente;C�u Claro;Simples;Reta;N�o;5;0;2;1;1;1;3;3;-9,2869309;-40,4433722;SPRF-PE;DEL06-PE;UOP01-DEL06-PE;;;
721537;28/09/2025;domingo;19:20:00;PR;376;139,8;NOVA ESPERANCA;Aus�ncia de rea��o do condutor;Sa�da de leito carro��vel;Com V�timas Feridas;Plena Noite;Crescente;C�u Claro;Dupla;"Declive;Reta";N�o;4;0;4;0;0;0;4;1;-23,228104;-52,176721;SPRF-PR;DEL09-PR;UOP02-DEL09-PR;;;
721538;28/09/2025;domingo;21:00:00;BA;116;424,9;FEIRA DE SANTANA;Acessar a via sem observar a presen�a dos outros ve�culos;Queda de ocupante de ve�culo;Com V�timas Fatais;Plena Noite;Decrescente;C�u Claro;Dupla;Reta;Sim;3;1;0;0;0;2;0;3;-12,24085788;-38,98326784;SPRF-BA;DEL02-BA;UOP01-DEL02-BA;;;
721539;28/09/2025;domingo;19:10:00;MG;116;501,4;INHAPIM;Transitar no Acostamento;Colis�o traseira;Com V�timas Feridas;Plena Noite;Crescente;C�u Claro;Simples;Reta;N�o;2;0;0;1;1;0;1;2;-19,57148832;-42,12123156;SPRF-MG;DEL06-MG;UOP02-DEL06-MG;;;
721540;28/09/2025;domingo;20:50:00;PR;376;127,5;ALTO PARANA;Aus�ncia de sinaliza��o;Colis�o com objeto;Com V�timas Feridas;Plena Noite;Decrescente;C�u Claro;Dupla;Declive;N�o;3;0;1;0;2;0;1;2;-23,15325993;-52,26950392;SPRF-PR;DEL09-PR;UOP02-DEL09-PR;;;
721541;28/09/2025;domingo;20:55:00;RS;386;101,1;SAO JOSE DAS MISSOES;Aus�ncia de rea��o do condutor;Sa�da de leito carro��vel;Sem V�timas;Plena Noite;Decrescente;Nevoeiro/Neblina;Simples;Curva;N�o;1;0;0;0;0;1;0;1;-27,761413;-53,113978;SPRF-RS;DEL08-RS;UOP01-DEL08-RS;;;
721542;28/09/2025;domingo;20:50:00;SP;153;107,9;JOSE BONIFACIO;Rea��o tardia ou ineficiente do condutor;Sa�da de leito carro��vel;Com V�timas Feridas;Plena Noite;Crescente;C�u Claro;Dupla;Rotat�ria;Sim;3;0;3;0;0;0;3;1;-21,07163597;-49,66644287;SPRF-SP;DEL09-SP;UOP01-DEL09-SP;;;
721543;28/09/2025;domingo;21:05:00;RS;386;375,8;TAQUARI;Rea��o tardia ou ineficiente do condutor;Colis�o com objeto;Com V�timas Feridas;Plena Noite;Crescente;C�u Claro;Simples;Curva;N�o;4;0;3;0;1;0;3;1;-29,62216357;-51,77639401;SPRF-RS;DEL04-RS;UOP01-DEL04-RS;;;
721544;28/09/2025;domingo;18:12:00;BA;116;12,2;VITORIA DA CONQUISTA;Acessar a via sem observar a presen�a dos outros ve�culos;Colis�o transversal;Com V�timas Feridas;Anoitecer;Decrescente;C�u Claro;Simples;"Rotat�ria;Interse��o de Vias;Reta";Sim;5;0;0;1;4;0;1;2;-14,872435;-40,871393;SPRF-PE;DEL05-PE;UOP03-DEL05-PE;;;
721545;28/09/2025;domingo;20:50:00;PR;277;653,4;MATELANDIA;Ultrapassagem Indevida;Colis�o frontal;Com V�timas Fatais;Plena Noite;Crescente;C�u Claro;Simples;"Reta;Aclive";N�o;5;1;1;2;0;1;3;3;-25,216222;-53,9514;SPRF-PR;DEL05-PR;UOP02-DEL05-PR;;;
721546;28/09/2025;domingo;18:40:00;MG;116;571,6;MANHUACU;Aus�ncia de rea��o do condutor;Colis�o traseira;Com V�timas Feridas;Plena Noite;Decrescente;C�u Claro;Simples;Reta;N�o;5;0;1;0;4;0;1;2;-20,126114;-42,177932;SPRF-MG;DEL06-MG;UOP03-DEL06-MG;;;
721547;28/09/2025;domingo;20:30:00;PE;232;79,5;GRAVATA;Aus�ncia de rea��o do condutor;Colis�o com objeto;Sem V�timas;Plena Noite;Decrescente;C�u Claro;Simples;Reta;N�o;1;0;0;0;1;0;0;1;-8,18615647;-35,49907693;SPRF-PE;DEL02-PE;UOP02-DEL02PE;;;
721548;28/09/2025;domingo;20:50:00;PE;232;79,5;GRAVATA;Manobra de mudan�a de faixa;Colis�o frontal;Com V�timas Feridas;Plena Noite;Decrescente;C�u Claro;Simples;Curva;Sim;2;0;1;0;1;0;1;2;-8,195923;-35,568044;SPRF-PE;DEL02-PE;UOP02-DEL02PE;;;
721549;28/09/2025;domingo;21:45:00;RS;386;148,9;ALMIRANTE TAMANDARE DO SUL;Transitar na contram�o;Colis�o frontal;Com V�timas Fatais;Plena Noite;Crescente;Nevoeiro/Neblina;Simples;Curva;N�o;2;1;0;0;1;0;0;2;-28,06788027;-52,86873993;SPRF-RS;DEL08-RS;UOP01-DEL08-RS;;;
721551;28/09/2025;domingo;22:00:00;RS;386;178,1;CARAZINHO;Aus�ncia de rea��o do condutor;Tombamento;Com V�timas Feridas;Plena Noite;Crescente;C�u Claro;Simples;Reta;Sim;1;0;1;0;0;0;1;1;-28,2635634;-52,7882497;SPRF-RS;DEL08-RS;UOP01-DEL08-RS;;;
721553;28/09/2025;domingo;21:50:00;RJ;116;195;QUEIMADOS;Manobra de mudan�a de faixa;Colis�o lateral mesmo sentido;Com V�timas Feridas;Plena Noite;Decrescente;C�u Claro;Dupla;Reta;N�o;1;0;1;0;0;0;1;1;-22,73185705;-43,59375;SPRF-RJ;DEL06-RJ;UOP01-DEL06-RJ;;;
721554;28/09/2025;domingo;21:35:00;PB;230;16,7;JOAO PESSOA;Condutor deixou de manter dist�ncia do ve�culo da frente;Colis�o traseira;Com V�timas Feridas;Plena Noite;Crescente;C�u Claro;Dupla;Reta;Sim;4;0;2;0;0;2;2;3;-7,1129064;-34,8426868;SPRF-PB;DEL01-PB;UOP01-DEL01-PB;;;
721557;28/09/2025;domingo;20:00:00;MS;267;479;GUIA LOPES DA LAGUNA;Aus�ncia de rea��o do condutor;Tombamento;Com V�timas Feridas;Plena Noite;Crescente;C�u Claro;Simples;Reta;Sim;1;0;1;0;0;0;1;1;-21,465778;-56;SPRF-MS;DEL05-MS;UOP01-DEL05-MS;;;
721559;28/09/2025;domingo;21:00:00;GO;153;532;APARECIDA DE GOIANIA;Ingest�o de �lcool pelo condutor;Sa�da de leito carro��vel;Com V�timas Feridas;Plena Noite;Crescente;C�u Claro;Dupla;Reta;Sim;2;0;0;2;0;0;2;1;-16,8296448;-49,2929024;SPRF-GO;DEL01-GO;UOP03-DEL01-GO;;;
721560;28/09/2025;domingo;22:00:00;RJ;116;169;RIO DE JANEIRO;Aus�ncia de rea��o do condutor;Atropelamento de Pedestre;Com V�timas Feridas;Plena Noite;Crescente;C�u Claro;Dupla;Reta;Sim;2;0;2;0;0;0;2;2;-22,81596881;-43,32490532;SPRF-RJ;DEL06-RJ;UOP01-DEL06-RJ;;;
721563;28/09/2025;domingo;21:55:00;PA;316;76,6;SAO FRANCISCO DO PARA;Entrada inopinada do pedestre;Atropelamento de Pedestre;Com V�timas Feridas;Plena Noite;Crescente;C�u Claro;Simples;Reta;N�o;4;0;0;1;2;1;1;2;-1,300757;-47,80976;SPRF-PA;DEL01-PA;UOP01-DEL01-PA;;;
721566;28/09/2025;domingo;23:20:00;GO;70;352;JUSSARA;Ultrapassagem Indevida;Colis�o frontal;Com V�timas Fatais;Plena Noite;Crescente;C�u Claro;Simples;"Curva;Declive";N�o;4;1;0;3;0;0;3;2;-15,92596541;-51,15916729;SPRF-GO;DEL04-GO;UOP02-DEL04-GO;;;
721567;28/09/2025;domingo;20:09:00;BA;418;87;NOVA VICOSA;Ingest�o de �lcool pelo condutor;Colis�o lateral sentido oposto;Com V�timas Feridas;Plena Noite;Crescente;C�u Claro;Simples;Reta;Sim;2;0;1;0;0;1;1;2;-17,88668116;-39,83317387;SPRF-BA;DEL09-BA;UOP02-DEL09-BA;;;
721569;28/09/2025;domingo;22:50:00;GO;153;499,8;GOIANIA;Rea��o tardia ou ineficiente do condutor;Capotamento;Com V�timas Feridas;Plena Noite;Decrescente;C�u Claro;Dupla;Reta;Sim;2;0;1;0;1;0;1;2;-16,690799;-49,232391;SPRF-GO;DEL01-GO;UOP01-DEL01-GO;;;
721570;28/09/2025;domingo;21:40:00;PR;277;199,8;PALMEIRA;Rea��o tardia ou ineficiente do condutor;Queda de ocupante de ve�culo;Com V�timas Feridas;Plena Noite;Decrescente;C�u Claro;Simples;Reta;N�o;2;0;1;0;0;1;1;1;-25,46373447;-50,22502899;SPRF-PR;DEL08-PR;UOP02-DEL08-PR;;;
721571;28/09/2025;domingo;21:07:00;PA;163;573;TRAIRAO;Velocidade Incompat�vel;Colis�o transversal;Com V�timas Feridas;Plena Noite;Crescente;C�u Claro;Simples;Curva;Sim;3;0;2;0;0;1;2;2;-5,032285;-56,18892;SPRF-PA;DEL05-PA;UOP03-DEL05-PA;;;
721575;29/09/2025;segunda-feira;00:00:00;RJ;465;17;NOVA IGUACU;Condutor Dormindo;Sa�da de leito carro��vel;Com V�timas Feridas;Plena Noite;Crescente;Ignorado;Simples;Reta;Sim;1;0;1;0;0;0;1;1;-22,82130061;-43,62112395;SPRF-RJ;DEL06-RJ;UOP02-DEL06-RJ;;;
721576;28/09/2025;domingo;22:20:00;MT;364;104,8;PEDRA PRETA;Ingest�o de �lcool pelo condutor;Colis�o frontal;Com V�timas Fatais;Plena Noite;Decrescente;C�u Claro;Simples;Reta;N�o;2;1;0;0;0;1;0;2;-16,84110855;-53,97119522;SPRF-MT;DEL02-MT;UOP02-DEL02-MT;;;
721578;29/09/2025;segunda-feira;01:10:00;SP;116;142;SAO JOSE DOS CAMPOS;Condutor Dormindo;Capotamento;Com V�timas Feridas;Plena Noite;Decrescente;C�u Claro;Dupla;Reta;N�o;5;0;2;1;2;0;3;3;-23,17366227;-45,82809448;SPRF-SP;DEL02-SP;UOP01-DEL02-SP;;;
721579;28/09/2025;domingo;19:45:00;PA;230;95;SAO JOAO DO ARAGUAIA;Aus�ncia de rea��o do condutor;Colis�o frontal;Com V�timas Fatais;Plena Noite;Decrescente;Ignorado;Simples;Reta;N�o;2;1;0;1;0;0;1;2;-5,437315;-48,919397;SPRF-PA;DEL03-PA;UOP01-DEL03-PA;;;
721580;29/09/2025;segunda-feira;02:05:00;SC;282;214,9;LAGES;Ingest�o de �lcool pelo condutor;Colis�o com objeto;Sem V�timas;Plena Noite;Crescente;Nevoeiro/Neblina;Simples;Rotat�ria;Sim;2;0;0;0;0;2;0;2;-27,79462938;-50,28399467;SPRF-SC;DEL05-SC;UOP01-DEL05-SC;;;
721581;28/09/2025;domingo;20:00:00;BA;110;378;CATU;Ultrapassagem Indevida;Colis�o frontal;Sem V�timas;Plena Noite;Crescente;C�u Claro;Simples;Reta;N�o;3;0;0;0;2;1;0;2;-12,411353;-38,430003;SPRF-BA;DEL01-BA;UOP01-DEL01-BA;;;
721582;29/09/2025;segunda-feira;00:20:00;SC;101;128,6;CAMBORIU;Rea��o tardia ou ineficiente do condutor;Colis�o com objeto;Sem V�timas;Plena Noite;Crescente;C�u Claro;M�ltipla;Curva;Sim;2;0;0;0;1;1;0;1;-26,97713078;-48,68239403;SPRF-SC;DEL04-SC;UOP03-DEL04-SC;;;
721584;29/09/2025;segunda-feira;01:00:00;GO;153;303,2;RIALMA;Animais na Pista;Atropelamento de Animal;Com V�timas Feridas;Plena Noite;Decrescente;C�u Claro;Simples;"Reta;Em Obras";N�o;1;0;0;1;0;0;1;1;-15,334024;-49,570221;SPRF-GO;DEL02-GO;UOP02-DEL02-GO;;;
721587;29/09/2025;segunda-feira;04:30:00;CE;20;326;CARIDADE;Animais na Pista;Atropelamento de Animal;Com V�timas Feridas;Amanhecer;Crescente;C�u Claro;Simples;Reta;Sim;4;0;1;0;3;0;1;1;-4,227707;-39,197475;SPRF-CE;DEL02-CE;UOP01-DEL02-CE;;;
721588;29/09/2025;segunda-feira;04:00:00;PR;116;121;CURITIBA;Rea��o tardia ou ineficiente do condutor;Colis�o com objeto;Sem V�timas;Plena Noite;Decrescente;Nublado;Dupla;Reta;N�o;1;0;0;0;1;0;0;1;-25,59572;-49,316388;SPRF-PR;DEL01-PR;UOP03-DEL01-PR;;;
721589;29/09/2025;segunda-feira;04:30:00;RJ;116;112;GUAPIMIRIM;Rea��o tardia ou ineficiente do condutor;Tombamento;Com V�timas Feridas;Amanhecer;Decrescente;Nublado;Simples;Reta;Sim;2;0;2;0;0;0;2;1;-22,551999;-42,990007;SPRF-RJ;DEL04-RJ;UOP02-DEL04-RJ;;;
721590;29/09/2025;segunda-feira;04:50:00;DF;70;14;BRASILIA;Condutor Dormindo;Sa�da de leito carro��vel;Com V�timas Feridas;Amanhecer;Crescente;C�u Claro;Dupla;Reta;N�o;1;0;1;0;0;0;1;1;-15,799344;-48,183757;SPRF-DF;DEL03-DF;UOP02-DEL03-DF;;;
721591;29/09/2025;segunda-feira;04:50:00;PB;101;86,4;JOAO PESSOA;Ingest�o de �lcool pelo condutor;Atropelamento de Pedestre;Com V�timas Fatais;Amanhecer;Crescente;Nublado;Dupla;"Reta;Aclive";Sim;2;1;0;0;1;0;0;2;-7,153781;-34,908291;SPRF-PB;DEL01-PB;UOP01-DEL01-PB;;;
721593;29/09/2025;segunda-feira;04:30:00;PE;428;189,8;PETROLINA;Ingest�o de �lcool pelo condutor;Sa�da de leito carro��vel;Sem V�timas;Plena Noite;Crescente;C�u Claro;M�ltipla;"Reta;Interse��o de Vias";Sim;1;0;0;0;1;0;0;1;-9,377654;-40,504199;SPRF-PE;DEL06-PE;UOP01-DEL06-PE;;;
721594;29/09/2025;segunda-feira;05:30:00;RJ;40;116;DUQUE DE CAXIAS;Mal s�bito do condutor;Colis�o com objeto;Com V�timas Feridas;Amanhecer;Decrescente;C�u Claro;M�ltipla;Reta;Sim;1;0;1;0;0;0;1;1;-22,7456719;-43,28781602;SPRF-RJ;DEL01-RJ;UOP02-DEL01-RJ;;;
721595;29/09/2025;segunda-feira;05:35:00;PI;343;325;TERESINA;Acessar a via sem observar a presen�a dos outros ve�culos;Colis�o lateral mesmo sentido;Com V�timas Feridas;Pleno dia;Crescente;C�u Claro;Simples;Reta;N�o;2;0;0;1;1;0;1;2;-5,065732;-42,61026;SPRF-PI;DEL01-PI;UOP01-DEL01-PI;;;
721597;29/09/2025;segunda-feira;06:30:00;SC;101;205,7;SAO JOSE;Trafegar com motocicleta (ou similar) entre as faixas;Tombamento;Com V�timas Feridas;Pleno dia;Decrescente;C�u Claro;M�ltipla;Reta;Sim;1;0;1;0;0;0;1;1;-27,590016;-48,6175;SPRF-SC;DEL01-SC;UOP01-DEL01-SC;;;
721598;29/09/2025;segunda-feira;04:25:00;BA;101;2;RIO REAL;Ingest�o de �lcool pelo condutor;Colis�o lateral sentido oposto;Com V�timas Feridas;Amanhecer;Crescente;Nublado;Simples;"Aclive;Curva";N�o;3;0;0;2;1;0;2;2;-11,527517;-37,818832;SPRF-SE;DEL02-SE;UOP03-DEL02-SE;;;
721601;28/09/2025;domingo;20:30:00;PR;163;250;TOLEDO;Transitar na contram�o;Colis�o frontal;Com V�timas Fatais;Plena Noite;Crescente;C�u Claro;Dupla;Reta;N�o;4;1;0;0;3;0;0;2;-24,68546336;-53,77358884;SPRF-PR;DEL06-PR;UOP02-DEL06-PR;;;
721606;29/09/2025;segunda-feira;05:46:00;MS;60;441;SIDROLANDIA;Rea��o tardia ou ineficiente do condutor;Sa�da de leito carro��vel;Com V�timas Feridas;Amanhecer;Crescente;C�u Claro;Simples;Reta;N�o;1;0;1;0;0;0;1;1;-21,00260459;-55,15537265;SPRF-MS;DEL01-MS;UOP04-DEL01-MS;;;
721608;29/09/2025;segunda-feira;00:45:00;MT;163;864,2;SINOP;Rea��o tardia ou ineficiente do condutor;Sa�da de leito carro��vel;Com V�timas Feridas;Plena Noite;Decrescente;C�u Claro;Simples;Reta;N�o;2;0;1;1;0;0;2;1;-11,65777786;-55,44322758;SPRF-MT;DEL06-MT;UOP02-DEL06-MT;;;
721610;29/09/2025;segunda-feira;07:15:00;PR;376;183,9;SARANDI;Condutor deixou de manter dist�ncia do ve�culo da frente;Colis�o traseira;Com V�timas Feridas;Pleno dia;Decrescente;C�u Claro;Dupla;"Viaduto;Reta;Declive";Sim;2;0;1;0;1;0;1;2;-23,440959;-51,872054;SPRF-PR;DEL09-PR;UOP01-DEL09-PR;;;
721612;29/09/2025;segunda-feira;07:35:00;PE;428;187;PETROLINA;Frear bruscamente;Colis�o traseira;Com V�timas Feridas;Pleno dia;Crescente;C�u Claro;Dupla;Reta;Sim;4;0;1;0;3;0;1;2;-9,3565953;-40,4782047;SPRF-PE;DEL06-PE;UOP01-DEL06-PE;;;
721613;29/09/2025;segunda-feira;08:00:00;RS;158;329;SANTA MARIA;Rea��o tardia ou ineficiente do condutor;Colis�o traseira;Com V�timas Feridas;Pleno dia;Crescente;C�u Claro;Dupla;"Em Obras;Reta;Ponte";Sim;4;0;1;0;2;1;1;3;-29,70305256;-53,83508418;SPRF-RS;DEL09-RS;UOP01-DEL09-RS;;;
721614;29/09/2025;segunda-feira;07:45:00;SC;282;217,5;LAGES;Aus�ncia de rea��o do condutor;Colis�o com objeto;Sem V�timas;Pleno dia;Crescente;Nevoeiro/Neblina;Dupla;Reta;Sim;1;0;0;0;0;1;0;1;-27,79837769;-50,30407308;SPRF-SC;DEL05-SC;UOP01-DEL05-SC;;;
721615;29/09/2025;segunda-feira;08:00:00;PB;230;24;JOAO PESSOA;Manobra de mudan�a de faixa;Colis�o traseira;Com V�timas Feridas;Pleno dia;Decrescente;C�u Claro;M�ltipla;"Viaduto;Declive";Sim;2;0;0;1;0;1;1;2;-7,16750438;-34,86385614;SPRF-PB;DEL01-PB;UOP01-DEL01-PB;;;
721616;29/09/2025;segunda-feira;08:00:00;RS;290;302;CACHOEIRA DO SUL;Rea��o tardia ou ineficiente do condutor;Capotamento;Com V�timas Feridas;Pleno dia;Crescente;C�u Claro;Simples;"Aclive;Em Obras;Reta";N�o;5;0;1;0;4;0;1;1;-30,32223839;-53,23315786;SPRF-RS;DEL09-RS;UOP02-DEL09-RS;;;
721618;29/09/2025;segunda-feira;05:44:00;ES;262;116;CONCEICAO DO CASTELO;Ingest�o de �lcool pelo condutor;Tombamento;Com V�timas Feridas;Amanhecer;Crescente;C�u Claro;Simples;"Declive;Curva";N�o;2;0;1;0;1;0;1;1;-20,314665;-41,236263;SPRF-ES;DEL01-ES;UOP02-DEL01-ES;;;
721619;04/08/2025;segunda-feira;10:00:00;MG;40;532,2;BELO HORIZONTE;Rea��o tardia ou ineficiente do condutor;Colis�o lateral mesmo sentido;Com V�timas Feridas;Pleno dia;Crescente;C�u Claro;Dupla;"Declive;Reta";Sim;2;0;1;0;1;0;1;2;-19,9249647;-44,0131443;SPRF-MG;DEL01-MG;UOP02-DEL01-MG;;;
721620;14/07/2025;segunda-feira;07:10:00;PI;343;14,8;PARNAIBA;Acessar a via sem observar a presen�a dos outros ve�culos;Colis�o transversal;Com V�timas Feridas;Pleno dia;Decrescente;Sol;Dupla;"Interse��o de Vias;Reta";Sim;2;0;0;1;0;1;1;2;-2,93713032;-41,75496447;SPRF-PI;DEL05-PI;UOP01-DEL05-PI;;;
721621;29/09/2025;segunda-feira;08:05:00;SC;101;56;JOINVILLE;Manobra de mudan�a de faixa;Colis�o com objeto;Com V�timas Feridas;Pleno dia;Crescente;C�u Claro;Dupla;Reta;N�o;1;0;1;0;0;0;1;1;-26,42876856;-48,82616043;SPRF-SC;DEL03-SC;UOP01-DEL03-SC;;;
721622;29/09/2025;segunda-feira;07:00:00;RJ;101;199;CASIMIRO DE ABREU;Demais falhas mec�nicas ou el�tricas;Tombamento;Com V�timas Feridas;Pleno dia;Decrescente;C�u Claro;Simples;Curva;N�o;1;0;1;0;0;0;1;1;-22,48999339;-42,13375792;SPRF-RJ;DEL08-RJ;UOP04-DEL08-RJ;;;
721623;29/09/2025;segunda-feira;08:00:00;PR;153;41,7;SANTO ANTONIO DA PLATINA;Transitar no Acostamento;Colis�o transversal;Com V�timas Feridas;Pleno dia;Crescente;C�u Claro;Simples;Interse��o de Vias;Sim;2;0;1;0;1;0;1;2;-23,29348039;-50,06375162;SPRF-PR;DEL07-PR;UOP04-DEL07-PR;;;
721625;29/09/2025;segunda-feira;07:20:00;RO;174;15;VILHENA;Rea��o tardia ou ineficiente do condutor;Colis�o traseira;Com V�timas Feridas;Pleno dia;Decrescente;C�u Claro;Simples;"Reta;Interse��o de Vias;Em Obras;Desvio Tempor�rio";Sim;3;0;1;0;2;0;1;2;-12,723934;-60,128168;SPRF-RO;DEL04-RO;UOP01-DEL04-RO;;;
721626;29/09/2025;segunda-feira;08:30:00;RS;386;347;LAJEADO;Rea��o tardia ou ineficiente do condutor;Colis�o lateral mesmo sentido;Com V�timas Feridas;Pleno dia;Crescente;C�u Claro;Dupla;Reta;Sim;2;0;2;0;0;0;2;2;-29,4529;-51,962869;SPRF-RS;DEL04-RS;UOP01-DEL04-RS;;;
721627;29/09/2025;segunda-feira;08:00:00;MG;381;478,6;CONTAGEM;Rea��o tardia ou ineficiente do condutor;Colis�o traseira;Com V�timas Feridas;Pleno dia;Decrescente;C�u Claro;M�ltipla;Reta;Sim;2;0;1;0;1;0;1;2;-19,96268464;-44,04033629;SPRF-MG;DEL01-MG;UOP03-DEL01-MG;;;
721628;29/09/2025;segunda-feira;08:45:00;RN;101;75;SAO GONCALO DO AMARANTE;Rea��o tardia ou ineficiente do condutor;Colis�o traseira;Com V�timas Feridas;Pleno dia;Crescente;C�u Claro;Dupla;Rotat�ria;Sim;3;0;1;0;2;0;1;2;-5,722;-35,279;SPRF-RN;DEL02-RN;UOP01-DEL02-RN;;;
721629;29/09/2025;segunda-feira;09:00:00;GO;60;186;GUAPO;Aus�ncia de rea��o do condutor;Sa�da de leito carro��vel;Com V�timas Feridas;Pleno dia;Crescente;C�u Claro;Dupla;"Reta;Declive";Sim;1;0;1;0;0;0;1;1;-16,813133;-49,52903;SPRF-GO;DEL01-GO;UOP02-DEL01-GO;;;
721630;19/09/2025;sexta-feira;12:55:00;RR;174;30;RORAINOPOLIS;Manobra de mudan�a de faixa;Sa�da de leito carro��vel;Com V�timas Feridas;Pleno dia;Decrescente;Sol;Simples;Reta;N�o;1;0;1;0;0;0;1;1;-0,5967656;-60,6119311;SPRF-RR;DEL01-RR;UOP01-DEL01-RR;;;