id;data_inversa;dia_semana;horario;uf;br;km;municipio;causa_acidente;tipo_acidente;classificacao_acidente;fase_dia;sentido_via;condicao_metereologica;tipo_pista;tracado_via;uso_solo;pessoas;mortos;feridos_leves;feridos_graves;ilesos;ignorados;feridos;veiculos;latitude;longitude;regional;delegacia;uop;;;
721632;29/09/2025;segunda-feira;09:10:00;ES;101;7,1;PEDRO CANARIO;Acessar a via sem observar a presen�a dos outros ve�culos;Colis�o transversal;Com V�timas Feridas;Pleno dia;Decrescente;Sol;Simples;"Reta;Aclive";N�o;2;0;1;0;1;0;1;2;-18,24019455;-39,95415257;SPRF-ES;DEL04-ES;UOP02-DEL04-ES;;;
721633;29/09/2025;segunda-feira;09:20:00;PB;230;459;SOUSA;Rea��o tardia ou ineficiente do condutor;Tombamento;Com V�timas Feridas;Pleno dia;Crescente;C�u Claro;Simples;Reta;Sim;1;0;0;1;0;0;1;1;-6,778207;-38,225145;SPRF-PB;DEL03-PB;UOP03-DEL03-PB;;;
721634;29/09/2025;segunda-feira;09:15:00;SP;116;231;SAO PAULO;Manobra de mudan�a de faixa;Colis�o lateral mesmo sentido;Com V�timas Feridas;Pleno dia;Crescente;C�u Claro;M�ltipla;Reta;Sim;2;0;1;0;1;0;1;2;-23,52330662;-46,58666301;SPRF-SP;DEL01-SP;UOP01-DEL01-SP;;;
721635;29/09/2025;segunda-feira;09:15:00;PR;116;116;CURITIBA;Rea��o tardia ou ineficiente do condutor;Colis�o traseira;Com V�timas Feridas;Pleno dia;Decrescente;C�u Claro;Dupla;Reta;Sim;2;0;1;0;1;0;1;2;-25,5598781;-49,3071778;SPRF-PR;DEL01-PR;UOP03-DEL01-PR;;;
721636;29/09/2025;segunda-feira;08:00:00;SP;116;111;TAUBATE;Manobra de mudan�a de faixa;Colis�o lateral mesmo sentido;Com V�timas Feridas;Pleno dia;Crescente;C�u Claro;Dupla;Reta;Sim;3;0;1;0;2;0;1;2;-23,04094114;-45,5690345;SPRF-SP;DEL02-SP;UOP02-DEL02-SP;;;
721637;21/09/2025;domingo;17:00:00;PR;376;442;TIBAGI;Chuva;Capotamento;Com V�timas Feridas;Pleno dia;Crescente;Chuva;Dupla;Reta;N�o;3;0;2;1;0;0;3;1;-24,5343185;-50,69452286;SPRF-PR;DEL03-PR;UOP02-DEL03-PR;;;
721638;29/09/2025;segunda-feira;09:30:00;MG;381;856;POUSO ALEGRE;Carga excessiva e/ou mal acondicionada;Colis�o com objeto;Com V�timas Feridas;Pleno dia;Crescente;C�u Claro;Dupla;Reta;N�o;1;0;1;0;0;0;1;1;-22,28936842;-45,89764738;SPRF-MG;DEL16-MG;UOP01-DEL16-MG;;;
721639;29/09/2025;segunda-feira;09:15:00;PR;277;0;PARANAGUA;Mal s�bito do condutor;Tombamento;Com V�timas Feridas;Pleno dia;Decrescente;C�u Claro;Simples;Reta;Sim;1;0;1;0;0;0;1;1;-25,51954455;-48,54328092;SPRF-PR;DEL01-PR;UOP05-DEL01-PR;;;
721643;01/09/2025;segunda-feira;07:48:00;SC;101;336;TUBARAO;Manobra de mudan�a de faixa;Colis�o traseira;Com V�timas Feridas;Pleno dia;Crescente;Nublado;M�ltipla;Aclive;Sim;4;0;1;0;2;1;1;3;-28,486413;-49,038202;SPRF-SC;DEL02-SC;UOP01-DEL02-SC;;;
721644;29/09/2025;segunda-feira;09:15:00;RJ;40;121;DUQUE DE CAXIAS;Demais falhas mec�nicas ou el�tricas;Tombamento;Com V�timas Feridas;Pleno dia;Crescente;C�u Claro;M�ltipla;Reta;Sim;2;0;1;1;0;0;2;1;-22,777763;-43,285774;SPRF-RJ;DEL01-RJ;UOP02-DEL01-RJ;;;
721647;29/09/2025;segunda-feira;10:45:00;PE;101;50;ABREU E LIMA;Demais falhas mec�nicas ou el�tricas;Queda de ocupante de ve�culo;Com V�timas Feridas;Pleno dia;Crescente;C�u Claro;M�ltipla;Reta;N�o;2;0;2;0;0;0;2;1;-7,91630895;-34,89767411;SPRF-PE;DEL01-PE;UOP02-DEL01-PE;;;
721648;29/09/2025;segunda-feira;10:50:00;PB;230;7,5;CABEDELO;Acesso irregular;Colis�o transversal;Com V�timas Feridas;Pleno dia;Decrescente;C�u Claro;Dupla;"Reta;Interse��o de Vias";Sim;6;0;4;1;1;0;5;2;-7,033903;-34,841728;SPRF-PB;DEL01-PB;UOP01-DEL01-PB;;;
721650;29/09/2025;segunda-feira;08:42:00;RJ;116;181;NOVA IGUACU;Condutor deixou de manter dist�ncia do ve�culo da frente;Colis�o traseira;Sem V�timas;Pleno dia;Crescente;C�u Claro;Dupla;Reta;Sim;2;0;0;0;2;0;0;2;-22,76094289;-43,42413649;SPRF-RJ;DEL06-RJ;UOP01-DEL06-RJ;;;
721652;22/09/2025;segunda-feira;17:05:00;RS;470;220;GARIBALDI;Acessar a via sem observar a presen�a dos outros ve�culos;Colis�o transversal;Com V�timas Feridas;Pleno dia;Crescente;C�u Claro;Simples;Reta;Sim;4;0;1;1;0;2;2;3;-29,20331704;-51,51818633;SPRF-RS;DEL06-RS;UOP01-DEL06-RS;;;
721655;29/09/2025;segunda-feira;09:10:00;ES;262;77,9;DOMINGOS MARTINS;Rea��o tardia ou ineficiente do condutor;Sa�da de leito carro��vel;Com V�timas Feridas;Pleno dia;Crescente;C�u Claro;Simples;Curva;N�o;1;0;1;0;0;0;1;1;-20,410986;-40,922877;SPRF-ES;DEL01-ES;UOP02-DEL01-ES;;;
721656;29/09/2025;segunda-feira;09:35:00;PI;316;4,6;TERESINA;Aus�ncia de rea��o do condutor;Colis�o traseira;Com V�timas Feridas;Pleno dia;Crescente;C�u Claro;M�ltipla;Reta;Sim;3;0;1;1;1;0;2;2;-5,141092;-42,783193;SPRF-PI;DEL01-PI;UOP02-DEL01-PI;;;
721657;29/09/2025;segunda-feira;12:00:00;MG;40;786,1;JUIZ DE FORA;Aus�ncia de rea��o do condutor;Colis�o traseira;Com V�timas Feridas;Pleno dia;Crescente;C�u Claro;Dupla;Curva;N�o;2;0;1;0;1;0;1;2;-21,74922166;-43,44508978;SPRF-MG;DEL05-MG;UOP01-DEL05-MG;;;
721658;29/09/2025;segunda-feira;10:20:00;RJ;40;114;DUQUE DE CAXIAS;Aus�ncia de rea��o do condutor;Colis�o traseira;Com V�timas Feridas;Pleno dia;Crescente;C�u Claro;Simples;Reta;N�o;4;0;1;0;3;0;1;3;-22,6708;-43,2819;SPRF-RJ;DEL01-RJ;UOP02-DEL01-RJ;;;
721661;29/09/2025;segunda-feira;12:00:00;PR;277;4;CURITIBA;Aus�ncia de rea��o do condutor;Colis�o traseira;Com V�timas Feridas;Pleno dia;Decrescente;C�u Claro;Dupla;Reta;Sim;4;0;1;0;3;0;1;2;-25,43032718;-49,32230062;SPRF-PR;DEL01-PR;UOP06-DEL01-PR;;;
721663;29/09/2025;segunda-feira;13:20:00;SC;101;193;BIGUACU;Ingest�o de �lcool pelo condutor;Colis�o traseira;Com V�timas Feridas;Pleno dia;Crescente;C�u Claro;M�ltipla;Reta;Sim;2;0;1;0;1;0;1;2;-27,49142;-48,65666;SPRF-SC;DEL01-SC;UOP01-DEL01-SC;;;
721665;29/09/2025;segunda-feira;13:00:00;SC;282;16;PALHOCA;Acessar a via sem observar a presen�a dos outros ve�culos;Colis�o transversal;Com V�timas Feridas;Pleno dia;Crescente;C�u Claro;Simples;Reta;N�o;4;0;2;0;2;0;2;3;-27,66298391;-48,68539207;SPRF-SC;DEL01-SC;UOP02-DEL01-SC;;;
721666;29/09/2025;segunda-feira;09:30:00;BA;116;581,7;NOVA ITARANA;Falta de acostamento;Tombamento;Com V�timas Feridas;Pleno dia;Crescente;C�u Claro;Simples;"Declive;Curva";N�o;1;0;1;0;0;0;1;1;-13,1060663;-39,9952935;SPRF-BA;DEL03-BA;UOP02-DEL03-BA;;;
721668;29/09/2025;segunda-feira;08:50:00;SC;470;208,8;SAO CRISTOVAO DO SUL;Avarias e/ou desgaste excessivo no pneu;Sa�da de leito carro��vel;Com V�timas Feridas;Pleno dia;Decrescente;C�u Claro;Simples;Reta;N�o;2;0;1;0;1;0;1;1;-27,29646;-50,21222;SPRF-SC;DEL05-SC;UOP03-DEL05-SC;;;
721669;29/09/2025;segunda-feira;11:10:00;RO;364;13;VILHENA;Rea��o tardia ou ineficiente do condutor;Colis�o traseira;Com V�timas Feridas;Pleno dia;Crescente;C�u Claro;Dupla;Reta;Sim;2;0;1;0;1;0;1;2;-12,74167708;-60,12926817;SPRF-RO;DEL04-RO;UOP01-DEL04-RO;;;
721670;29/09/2025;segunda-feira;13:30:00;RS;116;244;SAO LEOPOLDO;Manobra de mudan�a de faixa;Colis�o lateral mesmo sentido;Com V�timas Feridas;Pleno dia;Decrescente;C�u Claro;Dupla;Reta;Sim;4;0;1;0;0;3;1;3;-29,7423886;-51,1503645;SPRF-RS;DEL01-RS;UOP02-DEL01-RS;;;
721672;29/09/2025;segunda-feira;10:35:00;SC;282;519,8;XAXIM;Entrada inopinada do pedestre;Atropelamento de Pedestre;Com V�timas Feridas;Plena Noite;Decrescente;Sol;Simples;Curva;Sim;2;0;0;1;1;0;1;2;-26,9503237;-52,5228875;SPRF-SC;DEL07-SC;UOP01-DEL07-SC;;;
721673;29/09/2025;segunda-feira;11:00:00;SC;282;476,3;VARGEAO;Acessar a via sem observar a presen�a dos outros ve�culos;Colis�o transversal;Com V�timas Feridas;Pleno dia;Decrescente;C�u Claro;Simples;Reta;N�o;5;0;3;0;2;0;3;2;-26,88303357;-52,1708107;SPRF-SC;DEL07-SC;UOP01-DEL07-SC;;;
721674;29/09/2025;segunda-feira;09:30:00;MG;262;2,7;MARTINS SOARES;Rea��o tardia ou ineficiente do condutor;Sa�da de leito carro��vel;Com V�timas Feridas;Pleno dia;Decrescente;C�u Claro;Simples;Curva;N�o;2;0;2;0;0;0;2;1;-20,256011;-41,780313;SPRF-MG;DEL06-MG;UOP03-DEL06-MG;;;
721675;29/09/2025;segunda-feira;13:00:00;SC;101;338;TUBARAO;Demais falhas mec�nicas ou el�tricas;Tombamento;Com V�timas Feridas;Pleno dia;Decrescente;C�u Claro;M�ltipla;Reta;N�o;2;0;2;0;0;0;2;1;-28,494398;-49,042751;SPRF-SC;DEL02-SC;UOP01-DEL02-SC;;;
721676;13/05/2025;ter�a-feira;06:40:00;SC;101;416,3;ARARANGUA;Desrespeitar a prefer�ncia no cruzamento;Colis�o frontal;Com V�timas Fatais;Amanhecer;Crescente;C�u Claro;Simples;Reta;Sim;2;1;0;0;1;0;0;2;-28,97451369;-49,53134229;SPRF-SC;DEL02-SC;UOP02-DEL02-SC;;;
721677;29/09/2025;segunda-feira;14:00:00;SC;101;229;PALHOCA;Condutor deixou de manter dist�ncia do ve�culo da frente;Colis�o traseira;Sem V�timas;Pleno dia;Crescente;C�u Claro;M�ltipla;Reta;N�o;2;0;0;0;2;0;0;2;-27,76506139;-48,63112561;SPRF-SC;DEL01-SC;UOP02-DEL01-SC;;;
721678;29/09/2025;segunda-feira;13:20:00;PR;277;712;SANTA TEREZINHA DE ITAIPU;Condutor deixou de manter dist�ncia do ve�culo da frente;Colis�o traseira;Com V�timas Feridas;Pleno dia;Decrescente;C�u Claro;Dupla;Reta;N�o;3;0;3;0;0;0;3;2;-25,45958324;-54,43518369;SPRF-PR;DEL05-PR;UOP01-DEL05-PR;;;
721680;24/09/2025;quarta-feira;18:25:00;RS;0;0;CAXIAS DO SUL;Acessar a via sem observar a presen�a dos outros ve�culos;Colis�o transversal;Com V�timas Feridas;Anoitecer;N�o Informado;C�u Claro;Simples;"Retorno Regulamentado;Reta";N�o;6;0;2;0;3;1;2;3;-29,164658;-51,242662;SPRF-RS;DEL05-RS;N/A;;;
721681;29/09/2025;segunda-feira;14:10:00;SC;101;202;SAO JOSE;Rea��o tardia ou ineficiente do condutor;Colis�o lateral mesmo sentido;Com V�timas Feridas;Pleno dia;Crescente;C�u Claro;Dupla;"Rotat�ria;Interse��o de Vias;Viaduto;Retorno Regulamentado";Sim;2;0;0;1;1;0;1;2;-27,56576083;-48,61473799;SPRF-SC;DEL01-SC;UOP01-DEL01-SC;;;
721682;29/09/2025;segunda-feira;14:00:00;RS;116;120;SAO MARCOS;Acessar a via sem observar a presen�a dos outros ve�culos;Colis�o transversal;Com V�timas Feridas;Pleno dia;Crescente;C�u Claro;Dupla;Interse��o de Vias;Sim;2;0;1;0;1;0;1;2;-28,974902;-51,067963;SPRF-RS;DEL05-RS;UOP01-DEL05-RS;;;
721683;29/09/2025;segunda-feira;13:16:00;RN;101;80;SAO GONCALO DO AMARANTE;Acessar a via sem observar a presen�a dos outros ve�culos;Colis�o lateral mesmo sentido;Com V�timas Feridas;Pleno dia;Decrescente;C�u Claro;Dupla;Reta;Sim;3;0;3;0;0;0;3;2;-5,764;-35,286;SPRF-RN;DEL02-RN;UOP01-DEL02-RN;;;
721685;24/09/2025;quarta-feira;06:00:00;RJ;116;195;QUEIMADOS;Condutor deixou de manter dist�ncia do ve�culo da frente;Colis�o traseira;Com V�timas Fatais;Amanhecer;Crescente;Nublado;Dupla;Curva;N�o;2;1;0;0;0;1;0;2;-22,7353383;-43,55223;SPRF-RJ;DEL06-RJ;UOP01-DEL06-RJ;;;
721687;29/09/2025;segunda-feira;14:05:00;SC;101;42,1;JOINVILLE;Estacionar ou parar em local proibido;Colis�o traseira;Com V�timas Feridas;Pleno dia;Decrescente;C�u Claro;Dupla;Reta;Sim;2;0;1;0;1;0;1;2;-26,32572442;-48,86598436;SPRF-SC;DEL03-SC;UOP01-DEL03-SC;;;
721689;29/09/2025;segunda-feira;10:25:00;GO;60;31,4;ALEXANIA;Desrespeitar a prefer�ncia no cruzamento;Colis�o transversal;Com V�timas Feridas;Pleno dia;Crescente;Sol;Dupla;"Interse��o de Vias;Retorno Regulamentado;Reta";Sim;2;0;1;1;0;0;2;2;-16,089757;-48,502459;SPRF-DF;DEL03-DF;UOP01-DEL03-DF;;;
721693;29/09/2025;segunda-feira;10:55:00;RJ;116;200;QUEIMADOS;Aus�ncia de rea��o do condutor;Sa�da de leito carro��vel;Com V�timas Feridas;Pleno dia;Crescente;C�u Claro;Dupla;Reta;N�o;1;0;1;0;0;0;1;1;-22,73126332;-43,59794497;SPRF-RJ;DEL06-RJ;UOP02-DEL06-RJ;;;
721694;21/09/2025;domingo;00:10:00;PA;222;224;MARABA;Rea��o tardia ou ineficiente do condutor;Colis�o traseira;Com V�timas Feridas;Plena Noite;Crescente;C�u Claro;Simples;Reta;N�o;4;0;3;0;1;0;3;2;-5,20562269;-49,02744794;SPRF-PA;DEL03-PA;UOP01-DEL03-PA;;;
721695;29/09/2025;segunda-feira;13:20:00;SP;116;482;JACUPIRANGA;Rea��o tardia ou ineficiente do condutor;Sa�da de leito carro��vel;Com V�timas Feridas;Pleno dia;Decrescente;C�u Claro;Dupla;Reta;N�o;1;0;1;0;0;0;1;1;-24,70713;-48,014978;SPRF-SP;DEL05-SP;UOP01-DEL05-SP;;;
721696;17/08/2025;domingo;03:20:00;RJ;116;184;NOVA IGUACU;Aus�ncia de sinaliza��o;Capotamento;Com V�timas Feridas;Plena Noite;Decrescente;C�u Claro;M�ltipla;"Reta;Em Obras";Sim;2;0;1;0;1;0;1;2;-22,74657884;-43,44607528;SPRF-RJ;DEL06-RJ;UOP01-DEL06-RJ;;;
721697;29/09/2025;segunda-feira;12:21:00;AC;364;137;RIO BRANCO;Condutor deixou de manter dist�ncia do ve�culo da frente;Colis�o traseira;Com V�timas Feridas;Pleno dia;Decrescente;C�u Claro;Dupla;Reta;N�o;3;0;2;0;1;0;2;2;-9,96555;-67,854496;SPRF-AC;DEL01-AC;UOP01-DEL01-AC;;;
721698;29/09/2025;segunda-feira;14:20:00;RJ;116;114;GUAPIMIRIM;Rea��o tardia ou ineficiente do condutor;Tombamento;Com V�timas Feridas;Pleno dia;Decrescente;C�u Claro;Dupla;Em Obras;Sim;1;0;1;0;0;0;1;1;-22,56593523;-43,00251772;SPRF-RJ;DEL04-RJ;UOP02-DEL04-RJ;;;
721700;29/09/2025;segunda-feira;14:55:00;TO;10;464,7;PALMAS;Acessar a via sem observar a presen�a dos outros ve�culos;Colis�o transversal;Sem V�timas;Pleno dia;Crescente;C�u Claro;Dupla;Reta;Sim;3;0;0;0;3;0;0;2;-10,23335;-48,305985;SPRF-TO;DEL01-TO;UOP03-DEL01-TO;;;
721701;29/09/2025;segunda-feira;14:30:00;RS;116;422;CRISTAL;Demais falhas mec�nicas ou el�tricas;Inc�ndio;Sem V�timas;Pleno dia;Decrescente;C�u Claro;Simples;"Em Obras;Reta";N�o;1;0;0;0;1;0;0;1;-30,970764;-51,998304;SPRF-RS;DEL02-RS;UOP02-DEL02-RS;;;
721703;22/06/2025;domingo;19:30:00;GO;70;16;AGUAS LINDAS DE GOIAS;Transitar na contram�o;Colis�o frontal;Com V�timas Feridas;Plena Noite;Crescente;C�u Claro;Simples;Curva;Sim;3;0;0;3;0;0;3;2;-15,75437;-48,344725;SPRF-DF;DEL03-DF;UOP02-DEL03-DF;;;
721705;29/09/2025;segunda-feira;15:30:00;SC;101;207,5;SAO JOSE;Rea��o tardia ou ineficiente do condutor;Engavetamento;Com V�timas Feridas;Pleno dia;Decrescente;C�u Claro;M�ltipla;Declive;Sim;4;0;1;0;3;0;1;4;-27,601883;-48,627393;SPRF-SC;DEL01-SC;UOP01-DEL01-SC;;;
721710;29/09/2025;segunda-feira;15:00:00;RJ;493;22;MAGE;Condutor deixou de manter dist�ncia do ve�culo da frente;Colis�o traseira;Com V�timas Feridas;Pleno dia;Decrescente;C�u Claro;Simples;"Declive;Reta";Sim;2;0;1;0;1;0;1;2;-22,65716557;-43,0619216;SPRF-RJ;DEL04-RJ;UOP02-DEL04-RJ;;;
721711;29/09/2025;segunda-feira;15:30:00;BA;116;423;FEIRA DE SANTANA;Manobra de mudan�a de faixa;Colis�o lateral mesmo sentido;Sem V�timas;Pleno dia;Decrescente;C�u Claro;Simples;Reta;Sim;2;0;0;0;2;0;0;2;-12,2356524;-38,977178;SPRF-BA;DEL02-BA;UOP01-DEL02-BA;;;
721715;29/09/2025;segunda-feira;16:30:00;RS;386;306;POUSO NOVO;Rea��o tardia ou ineficiente do condutor;Colis�o frontal;Com V�timas Feridas;Pleno dia;Crescente;C�u Claro;Simples;"Declive;Curva";N�o;2;0;0;1;1;0;1;2;-29,18388086;-52,19113923;SPRF-RS;DEL04-RS;UOP01-DEL04-RS;;;
721716;29/09/2025;segunda-feira;16:50:00;RS;448;18;CANOAS;Demais falhas mec�nicas ou el�tricas;Tombamento;Com V�timas Feridas;Pleno dia;Decrescente;C�u Claro;Dupla;Reta;N�o;2;0;2;0;0;0;2;1;-29,9432433;-51,2044817;SPRF-RS;DEL01-RS;UOP01-DEL01-RS;;;
721717;29/09/2025;segunda-feira;17:00:00;SP;153;60,9;SAO JOSE DO RIO PRETO;Aus�ncia de rea��o do condutor;Colis�o traseira;Com V�timas Feridas;Pleno dia;Decrescente;C�u Claro;Dupla;Reta;Sim;3;0;1;0;2;0;1;3;-20,80132988;-49,35529456;SPRF-SP;DEL09-SP;UOP01-DEL09-SP;;;
721721;29/09/2025;segunda-feira;15:30:00;MG;40;604,9;CONGONHAS;Transitar na contram�o;Colis�o frontal;Com V�timas Feridas;Pleno dia;Decrescente;Sol;Simples;Curva;N�o;2;0;1;1;0;0;2;2;-20,462684;-43,838892;SPRF-MG;DEL05-MG;UOP02-DEL05-MG;;;
721722;29/09/2025;segunda-feira;17:10:00;SP;116;166,9;JACAREI;Objeto est�tico sobre o leito carro��vel;Colis�o com objeto;Com V�timas Feridas;Pleno dia;Crescente;C�u Claro;Dupla;"Reta;Aclive";N�o;1;0;1;0;0;0;1;1;-23,30200952;-46,02499008;SPRF-SP;DEL02-SP;UOP01-DEL02-SP;;;
721723;29/09/2025;segunda-feira;17:20:00;SC;101;203,9;SAO JOSE;Rea��o tardia ou ineficiente do condutor;Colis�o traseira;Com V�timas Feridas;Pleno dia;Crescente;C�u Claro;M�ltipla;Reta;Sim;2;0;1;0;1;0;1;2;-27,574181;-48,613379;SPRF-SC;DEL01-SC;UOP01-DEL01-SC;;;
721726;29/09/2025;segunda-feira;17:05:00;PR;153;46,7;SANTO ANTONIO DA PLATINA;Avarias e/ou desgaste excessivo no pneu;Queda de ocupante de ve�culo;Com V�timas Feridas;Pleno dia;Decrescente;C�u Claro;Simples;"Reta;Declive";N�o;2;0;2;0;0;0;2;1;-23,33381546;-50,06687737;SPRF-PR;DEL07-PR;UOP04-DEL07-PR;;;
721727;21/09/2025;domingo;06:20:00;PR;376;12;MARINGA;Ingest�o de �lcool pelo condutor;Sa�da de leito carro��vel;Com V�timas Feridas;Pleno dia;Decrescente;C�u Claro;Dupla;"Declive;Reta";N�o;1;0;1;0;0;0;1;1;-23,39888;-51,88143;SPRF-PR;DEL09-PR;UOP01-DEL09-PR;;;
721728;09/06/2025;segunda-feira;02:31:00;RS;470;224;GARIBALDI;Velocidade Incompat�vel;Sa�da de leito carro��vel;Com V�timas Fatais;Plena Noite;Decrescente;Garoa/Chuvisco;Simples;"Declive;Curva";N�o;2;1;0;1;0;0;1;1;-29,23392387;-51,51608197;SPRF-RS;DEL06-RS;UOP01-DEL06-RS;;;
721729;29/09/2025;segunda-feira;17:38:00;PB;230;24;JOAO PESSOA;Aus�ncia de rea��o do condutor;Engavetamento;Com V�timas Feridas;Plena Noite;Decrescente;C�u Claro;Dupla;"Declive;Reta";N�o;3;0;0;1;2;0;1;3;-7,16833469;-34,86440331;SPRF-PB;DEL01-PB;UOP01-DEL01-PB;;;
721731;29/09/2025;segunda-feira;17:05:00;SC;101;117,7;ITAJAI;Aus�ncia de rea��o do condutor;Tombamento;Com V�timas Feridas;Pleno dia;Decrescente;C�u Claro;Dupla;Reta;N�o;2;0;2;0;0;0;2;1;-26,89163522;-48,72071441;SPRF-SC;DEL04-SC;UOP04-DEL04-SC;;;
721732;29/09/2025;segunda-feira;18:00:00;SC;101;228,1;PALHOCA;Retorno proibido;Colis�o lateral mesmo sentido;Com V�timas Feridas;Anoitecer;Decrescente;C�u Claro;M�ltipla;Reta;Sim;2;0;1;0;1;0;1;2;-27,758938;-48,630677;SPRF-SC;DEL01-SC;UOP02-DEL01-SC;;;
721733;29/09/2025;segunda-feira;18:00:00;CE;116;156,8;RUSSAS;Acessar a via sem observar a presen�a dos outros ve�culos;Colis�o transversal;Com V�timas Feridas;Plena Noite;Crescente;C�u Claro;Simples;Reta;N�o;2;0;0;2;0;0;2;2;-4,894076;-38,012418;SPRF-CE;DEL03-CE;UOP01-DEL03-CE;;;
721735;29/09/2025;segunda-feira;17:51:00;RN;406;168;SAO GONCALO DO AMARANTE;Acessar a via sem observar a presen�a dos outros ve�culos;Colis�o lateral mesmo sentido;Sem V�timas;Plena Noite;Crescente;C�u Claro;Dupla;Reta;Sim;2;0;0;0;2;0;0;2;-5,753258;-35,314105;SPRF-RN;DEL02-RN;UOP01-DEL02-RN;;;
721737;29/09/2025;segunda-feira;17:48:00;ES;101;255;SERRA;Aus�ncia de rea��o do condutor;Colis�o frontal;Com V�timas Feridas;Anoitecer;Crescente;C�u Claro;Simples;"Retorno Regulamentado;Interse��o de Vias";Sim;2;0;2;0;0;0;2;2;-20,11771261;-40,3145078;SPRF-ES;DEL02-ES;UOP01-DEL02-ES;;;
721738;29/09/2025;segunda-feira;16:40:00;RO;421;0,2;ARIQUEMES;Mal s�bito do condutor;Sa�da de leito carro��vel;Com V�timas Feridas;Pleno dia;Decrescente;Chuva;Simples;Reta;Sim;1;0;1;0;0;0;1;1;-9,915774;-63,057992;SPRF-RO;DEL03-RO;UOP01-DEL03-RO;;;
721741;29/09/2025;segunda-feira;16:09:00;MG;116;407;GOVERNADOR VALADARES;Convers�o proibida;Tombamento;Com V�timas Feridas;Pleno dia;Crescente;C�u Claro;Simples;Reta;Sim;2;0;1;0;0;1;1;2;-18,82954603;-41,98887616;SPRF-MG;DEL06-MG;UOP01-DEL06-MG;;;
721742;27/09/2025;s�bado;20:30:00;PE;424;95;GARANHUNS;Animais na Pista;Atropelamento de Animal;Com V�timas Fatais;Plena Noite;Decrescente;Garoa/Chuvisco;Simples;"Declive;Reta";N�o;4;2;1;0;0;1;1;2;-8,92815;-36,492718;SPRF-PE;DEL03-PE;UOP01-DEL03-PE;;;
721743;29/09/2025;segunda-feira;18:15:00;SP;116;107;TAUBATE;Manobra de mudan�a de faixa;Colis�o lateral mesmo sentido;Com V�timas Feridas;Anoitecer;Decrescente;C�u Claro;Dupla;Reta;Sim;2;0;1;0;1;0;1;2;-23,01914531;-45,53166747;SPRF-SP;DEL02-SP;UOP02-DEL02-SP;;;
721744;29/09/2025;segunda-feira;18:05:00;SC;101;205;SAO JOSE;Condutor deixou de manter dist�ncia do ve�culo da frente;Colis�o lateral mesmo sentido;Com V�timas Feridas;Plena Noite;Crescente;C�u Claro;M�ltipla;Interse��o de Vias;N�o;2;0;1;0;1;0;1;2;-27,583607;-48,615435;SPRF-SC;DEL01-SC;UOP01-DEL01-SC;;;
721745;29/09/2025;segunda-feira;18:00:00;PR;376;605,7;CURITIBA;Manobra de mudan�a de faixa;Colis�o lateral mesmo sentido;Com V�timas Feridas;Anoitecer;Crescente;Nublado;M�ltipla;Reta;Sim;2;0;1;0;1;0;1;2;-25,54860365;-49,30406672;SPRF-PR;DEL01-PR;UOP03-DEL01-PR;;;
721746;29/09/2025;segunda-feira;17:00:00;MT;163;768;SORRISO;Rea��o tardia ou ineficiente do condutor;Engavetamento;Com V�timas Feridas;Pleno dia;Decrescente;C�u Claro;Simples;"Aclive;Reta";N�o;6;0;0;1;5;0;1;3;-12,42515316;-55,64140141;SPRF-MT;DEL06-MT;UOP01-DEL06-MT;;;
721748;29/09/2025;segunda-feira;16:20:00;RJ;465;20;NOVA IGUACU;Mal s�bito do condutor;Colis�o traseira;Com V�timas Feridas;Pleno dia;Crescente;C�u Claro;Simples;Reta;N�o;2;0;1;0;1;0;1;2;-22,84974512;-43,60365808;SPRF-RJ;DEL06-RJ;UOP02-DEL06-RJ;;;
721749;29/09/2025;segunda-feira;17:00:00;MG;116;522,1;CARATINGA;Acessar a via sem observar a presen�a dos outros ve�culos;Colis�o transversal;Com V�timas Feridas;Pleno dia;Crescente;C�u Claro;Simples;"Interse��o de Vias;Reta";Sim;2;0;0;1;1;0;1;2;-19,7485992;-42,13285804;SPRF-MG;DEL06-MG;UOP02-DEL06-MG;;;
721750;29/09/2025;segunda-feira;18:35:00;PB;230;27,8;JOAO PESSOA;Manobra de mudan�a de faixa;Colis�o lateral mesmo sentido;Com V�timas Feridas;Plena Noite;Decrescente;C�u Claro;Dupla;Reta;Sim;2;0;1;0;1;0;1;2;-7,16502061;-34,89310026;SPRF-PB;DEL01-PB;UOP01-DEL01-PB;;;
721751;29/09/2025;segunda-feira;18:45:00;DF;20;26;BRASILIA;Animais na Pista;Atropelamento de Animal;Sem V�timas;Plena Noite;Crescente;C�u Claro;Dupla;Reta;Sim;2;0;0;0;2;0;0;1;-15,59659;-47,638923;SPRF-DF;DEL02-DF;UOP01-DEL02-DF;;;
721754;29/09/2025;segunda-feira;18:30:00;RN;101;77;SAO GONCALO DO AMARANTE;Rea��o tardia ou ineficiente do condutor;Colis�o com objeto;Com V�timas Feridas;Pleno dia;Crescente;C�u Claro;Dupla;Reta;N�o;1;0;1;0;0;0;1;1;-5,73;-35,291;SPRF-RN;DEL02-RN;UOP01-DEL02-RN;;;
721756;29/09/2025;segunda-feira;19:00:00;RJ;116;176;BELFORD ROXO;Aus�ncia de rea��o do condutor;Colis�o lateral mesmo sentido;Com V�timas Feridas;Plena Noite;Crescente;C�u Claro;Dupla;Reta;Sim;1;0;1;0;0;0;1;1;-22,7746225;-43,3994285;SPRF-RJ;DEL06-RJ;UOP01-DEL06-RJ;;;