id;data_inversa;dia_semana;horario;uf;br;km;municipio;causa_acidente;tipo_acidente;classificacao_acidente;fase_dia;sentido_via;condicao_metereologica;tipo_pista;tracado_via;uso_solo;pessoas;mortos;feridos_leves;feridos_graves;ilesos;ignorados;feridos;veiculos;latitude;longitude;regional;delegacia;uop;;;
721758;29/09/2025;segunda-feira;17:30:00;RS;470;233,6;CARLOS BARBOSA;Aus�ncia de rea��o do condutor;Sa�da de leito carro��vel;Com V�timas Feridas;Anoitecer;Decrescente;C�u Claro;Simples;"Interse��o de Vias;Reta;Declive";N�o;1;0;1;0;0;0;1;1;-29,30250618;-51,4843211;SPRF-RS;DEL06-RS;UOP01-DEL06-RS;;;
721759;29/09/2025;segunda-feira;18:45:00;MG;116;391,5;GOVERNADOR VALADARES;Transitar na contram�o;Colis�o lateral sentido oposto;Com V�timas Feridas;Plena Noite;Decrescente;C�u Claro;Simples;"Declive;Reta";N�o;3;0;2;0;1;0;2;2;-18,691555;-41,986159;SPRF-MG;DEL06-MG;UOP01-DEL06-MG;;;
721760;29/09/2025;segunda-feira;19:30:00;PR;116;138;MANDIRITUBA;Rea��o tardia ou ineficiente do condutor;Atropelamento de Pedestre;Com V�timas Feridas;Plena Noite;Crescente;C�u Claro;Dupla;"Reta;Aclive";N�o;5;0;0;1;4;0;1;2;-25,752525;-49,317341;SPRF-PR;DEL01-PR;UOP03-DEL01-PR;;;
721761;29/09/2025;segunda-feira;14:30:00;SC;280;167;MAFRA;Acessar a via sem observar a presen�a dos outros ve�culos;Colis�o transversal;Com V�timas Feridas;Pleno dia;Decrescente;C�u Claro;Simples;Reta;N�o;2;0;1;0;1;0;1;2;-26,16673999;-49,81865136;SPRF-SC;DEL06-SC;UOP01-DEL06-SC;;;
721763;29/09/2025;segunda-feira;20:00:00;SC;282;19;PALHOCA;Condutor deixou de manter dist�ncia do ve�culo da frente;Colis�o traseira;Com V�timas Feridas;Plena Noite;Crescente;C�u Claro;Simples;Reta;N�o;2;0;2;0;0;0;2;2;-27,68648186;-48,71320423;SPRF-SC;DEL01-SC;UOP02-DEL01-SC;;;
721764;29/09/2025;segunda-feira;19:20:00;SC;470;132,7;RIO DO SUL;Animais na Pista;Atropelamento de Animal;Com V�timas Feridas;Plena Noite;Crescente;Ignorado;Simples;Reta;N�o;1;0;1;0;0;0;1;1;-27,172286;-49,581129;SPRF-SC;DEL04-SC;UOP02-DEL04-SC;;;
721766;29/09/2025;segunda-feira;20:00:00;RJ;101;70,5;CAMPOS DOS GOYTACAZES;Animais na Pista;Atropelamento de Animal;Com V�timas Feridas;Plena Noite;Decrescente;C�u Claro;Simples;Reta;N�o;1;0;0;1;0;0;1;1;-21,782578;-41,375966;SPRF-RJ;DEL08-RJ;UOP02-DEL08-RJ;;;
721769;29/09/2025;segunda-feira;18:20:00;AC;364;135;RIO BRANCO;Acostamento em desn�vel;Tombamento;Com V�timas Feridas;Plena Noite;Decrescente;Chuva;Dupla;Reta;Sim;2;0;2;0;0;0;2;1;-9,98564;-67,845508;SPRF-AC;DEL01-AC;UOP01-DEL01-AC;;;
721770;29/09/2025;segunda-feira;20:00:00;GO;153;504,1;APARECIDA DE GOIANIA;Rea��o tardia ou ineficiente do condutor;Colis�o traseira;Com V�timas Feridas;Plena Noite;Decrescente;C�u Claro;Dupla;"Reta;Aclive";Sim;3;0;0;1;2;0;1;2;-16,735863;-49,242981;SPRF-GO;DEL01-GO;UOP01-DEL01-GO;;;
721771;29/09/2025;segunda-feira;20:30:00;RJ;101;322;NITEROI;Manobra de mudan�a de faixa;Colis�o lateral mesmo sentido;Com V�timas Feridas;Plena Noite;Decrescente;C�u Claro;M�ltipla;Reta;N�o;2;0;1;0;1;0;1;2;-22,8818944;-43,106304;SPRF-RJ;DEL02-RJ;UOP01-DEL02-RJ;;;
721772;29/09/2025;segunda-feira;19:06:00;MA;402;15;ROSARIO;Transitar na contram�o;Colis�o frontal;Com V�timas Fatais;Plena Noite;Decrescente;C�u Claro;Simples;Reta;N�o;2;1;0;0;0;1;0;2;-2,9365;-44,20294;SPRF-MA;DEL01-MA;UOP01-DEL01-MA;;;
721774;29/09/2025;segunda-feira;16:00:00;AL;101;3;NOVO LINO;Chuva;Capotamento;Com V�timas Feridas;Pleno dia;Crescente;Chuva;Dupla;Curva;N�o;2;0;1;0;1;0;1;1;-8,9092258;-35,634892;SPRF-AL;DEL01-AL;UOP02-DEL01-AL;;;
721778;29/09/2025;segunda-feira;19:30:00;RN;101;9,5;TOUROS;Animais na Pista;Atropelamento de Animal;Com V�timas Feridas;Plena Noite;Decrescente;C�u Claro;Simples;Reta;N�o;4;0;1;0;3;0;1;1;-5,230613;-35,492553;SPRF-RN;DEL02-RN;UOP01-DEL02-RN;;;
721779;29/09/2025;segunda-feira;21:20:00;MG;40;518,5;RIBEIRAO DAS NEVES;Animais na Pista;Atropelamento de Animal;Com V�timas Feridas;Plena Noite;Decrescente;C�u Claro;Dupla;Reta;Sim;1;0;1;0;0;0;1;1;-19,83351376;-44,08121427;SPRF-MG;DEL01-MG;UOP02-DEL01-MG;;;
721780;11/04/2025;sexta-feira;16:20:00;PI;316;316;PICOS;Acessar a via sem observar a presen�a dos outros ve�culos;Colis�o transversal;Com V�timas Feridas;Pleno dia;Crescente;C�u Claro;Dupla;Reta;Sim;2;0;0;1;0;1;1;2;-7,082842;-41,416643;SPRF-PI;DEL04-PI;UOP01-DEL04-PI;;;
721781;29/09/2025;segunda-feira;21:30:00;MG;40;519,1;RIBEIRAO DAS NEVES;Condutor deixou de manter dist�ncia do ve�culo da frente;Engavetamento;Com V�timas Feridas;Plena Noite;Decrescente;Nublado;Dupla;Reta;Sim;3;0;1;0;1;1;1;3;-19,8397059;-44,07749176;SPRF-MG;DEL01-MG;UOP02-DEL01-MG;;;
721782;29/09/2025;segunda-feira;22:10:00;PI;343;12,7;PARNAIBA;Condutor deixou de manter dist�ncia do ve�culo da frente;Colis�o traseira;Sem V�timas;Plena Noite;Crescente;C�u Claro;Dupla;Reta;Sim;3;0;0;0;3;0;0;2;-2,91632508;-41,7541185;SPRF-PI;DEL05-PI;UOP01-DEL05-PI;;;
721783;29/09/2025;segunda-feira;19:39:00;RO;174;14;VILHENA;Acessar a via sem observar a presen�a dos outros ve�culos;Colis�o frontal;Com V�timas Feridas;Plena Noite;Crescente;Nublado;Simples;Interse��o de Vias;Sim;3;0;1;0;2;0;1;2;-12,72590748;-60,12883812;SPRF-RO;DEL04-RO;UOP01-DEL04-RO;;;
721785;29/09/2025;segunda-feira;22:20:00;SC;101;204;SAO JOSE;Aus�ncia de rea��o do condutor;Colis�o com objeto;Com V�timas Feridas;Plena Noite;Decrescente;C�u Claro;M�ltipla;Reta;Sim;2;0;1;0;1;0;1;1;-27,57558283;-48,61364055;SPRF-SC;DEL01-SC;UOP01-DEL01-SC;;;
721786;29/09/2025;segunda-feira;19:50:00;RR;174;438,5;MUCAJAI;Animais na Pista;Atropelamento de Animal;Com V�timas Feridas;Plena Noite;Decrescente;C�u Claro;Simples;Reta;N�o;2;0;2;0;0;0;2;1;2,35371;-60,9143;SPRF-RR;DEL01-RR;UOP01-DEL01-RR;;;
721788;29/09/2025;segunda-feira;20:30:00;MG;262;145;RIO CASCA;Animais na Pista;Atropelamento de Animal;Sem V�timas;Plena Noite;Decrescente;C�u Claro;Simples;"Reta;Aclive";Sim;1;0;0;0;1;0;0;1;-20,033163;-42,738295;SPRF-MG;DEL03-MG;UOP03-DEL03-MG;;;
721790;29/09/2025;segunda-feira;22:35:00;PR;277;313;GUARAPUAVA;Chuva;Sa�da de leito carro��vel;Com V�timas Feridas;Plena Noite;Crescente;Chuva;Dupla;Curva;N�o;2;0;1;0;1;0;1;1;-25,33844087;-51,21585846;SPRF-PR;DEL08-PR;UOP01-DEL08-PR;;;
721794;30/09/2025;ter�a-feira;02:30:00;MG;116;411;GOVERNADOR VALADARES;Demais falhas mec�nicas ou el�tricas;Sa�da de leito carro��vel;Com V�timas Feridas;Plena Noite;Decrescente;C�u Claro;Simples;Aclive;N�o;3;0;1;2;0;0;3;1;-18,87193744;-41,96865141;SPRF-MG;DEL06-MG;UOP01-DEL06-MG;;;
721795;30/09/2025;ter�a-feira;00:40:00;TO;153;451;BARROLANDIA;Demais falhas mec�nicas ou el�tricas;Inc�ndio;Sem V�timas;Plena Noite;Crescente;C�u Claro;Simples;Reta;Sim;1;0;0;0;1;0;0;1;-9,831169;-48,722421;SPRF-TO;DEL01-TO;UOP01-DEL01-TO;;;
721796;29/09/2025;segunda-feira;19:45:00;AL;104;74;MESSIAS;Pedestre andava na pista;Atropelamento de Pedestre;Com V�timas Fatais;Plena Noite;Crescente;C�u Claro;Simples;Curva;N�o;2;1;0;0;0;1;0;2;-9,36826451;-35,83733646;SPRF-AL;DEL01-AL;UOP02-DEL01-AL;;;
721798;29/09/2025;segunda-feira;21:55:00;RO;364;343,9;JI-PARANA;Rea��o tardia ou ineficiente do condutor;Colis�o traseira;Com V�timas Feridas;Plena Noite;Decrescente;C�u Claro;Dupla;Reta;Sim;2;0;0;1;0;1;1;2;-10,8736718;-61,9530413;SPRF-RO;DEL02-RO;UOP01-DEL02-RO;;;
721802;30/09/2025;ter�a-feira;06:30:00;ES;101;276;SERRA;Condutor deixou de manter dist�ncia do ve�culo da frente;Colis�o traseira;Com V�timas Feridas;Pleno dia;Crescente;C�u Claro;Dupla;Reta;N�o;4;0;2;2;0;0;4;3;-20,21362718;-40,32226682;SPRF-ES;DEL02-ES;UOP01-DEL02-ES;;;
721803;30/09/2025;ter�a-feira;05:45:00;MG;381;524,3;BRUMADINHO;Aus�ncia de rea��o do condutor;Queda de ocupante de ve�culo;Com V�timas Feridas;Pleno dia;Decrescente;C�u Claro;Dupla;Reta;N�o;1;0;1;0;0;0;1;1;-20,13941165;-44,31751577;SPRF-MG;DEL04-MG;UOP03-DEL04-MG;;;
721804;30/09/2025;ter�a-feira;06:30:00;PR;116;94;SAO JOSE DOS PINHAIS;Aus�ncia de rea��o do condutor;Capotamento;Com V�timas Feridas;Pleno dia;Decrescente;Nublado;Dupla;Reta;N�o;1;0;1;0;0;0;1;1;-25,537;-49,145;SPRF-PR;DEL01-PR;UOP07-DEL01-PR;;;
721806;30/09/2025;ter�a-feira;05:45:00;MT;364;519,5;ROSARIO OESTE;Ultrapassagem Indevida;Sa�da de leito carro��vel;Com V�timas Feridas;Amanhecer;Decrescente;C�u Claro;Simples;Curva;N�o;2;0;2;0;0;0;2;1;-15,024033;-56,514483;SPRF-MT;DEL01-MT;UOP01-DEL01-MT;;;
721807;30/09/2025;ter�a-feira;06:40:00;RS;448;22;PORTO ALEGRE;Avarias e/ou desgaste excessivo no pneu;Colis�o com objeto;Com V�timas Feridas;Pleno dia;Crescente;Garoa/Chuvisco;Simples;"Reta;Declive";Sim;2;0;1;0;1;0;1;1;-29,97365684;-51,19953234;SPRF-RS;DEL01-RS;UOP01-DEL01-RS;;;
721808;30/09/2025;ter�a-feira;06:00:00;DF;80;18;BRASILIA;Demais falhas mec�nicas ou el�tricas;Inc�ndio;Sem V�timas;Amanhecer;Decrescente;C�u Claro;Dupla;Reta;Sim;1;0;0;0;1;0;0;1;-15,68505;-48,206;SPRF-DF;DEL03-DF;UOP02-DEL03-DF;;;
721809;30/09/2025;ter�a-feira;05:30:00;DF;20;4,5;BRASILIA;Manobra de mudan�a de faixa;Colis�o lateral mesmo sentido;Sem V�timas;Amanhecer;Decrescente;C�u Claro;M�ltipla;"Aclive;Reta";Sim;2;0;0;0;2;0;0;2;-15,67935931;-47,83057499;SPRF-DF;DEL02-DF;UOP01-DEL02-DF;;;
721810;30/09/2025;ter�a-feira;02:25:00;RS;116;148;CAXIAS DO SUL;Acumulo de �gua sobre o pavimento;Queda de ocupante de ve�culo;Com V�timas Feridas;Plena Noite;Crescente;Garoa/Chuvisco;Dupla;Curva;Sim;2;0;0;1;1;0;1;2;-29,15755303;-51,15151612;SPRF-RS;DEL05-RS;UOP01-DEL05-RS;;;
721814;30/09/2025;ter�a-feira;07:00:00;MG;262;785;UBERABA;Aus�ncia de rea��o do condutor;Colis�o traseira;Com V�timas Feridas;Pleno dia;Crescente;C�u Claro;Dupla;"Aclive;Reta";Sim;4;0;1;0;2;1;1;3;-19,771004;-47,908958;SPRF-MG;DEL13-MG;UOP01-DEL13-MG;;;
721819;30/09/2025;ter�a-feira;06:47:00;RN;101;102;PARNAMIRIM;Aus�ncia de rea��o do condutor;Colis�o traseira;Com V�timas Feridas;Pleno dia;Crescente;C�u Claro;Dupla;Reta;Sim;3;0;1;0;2;0;1;2;-5,88955818;-35,24667379;SPRF-RN;DEL01-RN;UOP01-DEL01-RN;;;
721821;30/09/2025;ter�a-feira;07:40:00;RS;158;332;SANTA MARIA;Acesso irregular;Colis�o transversal;Com V�timas Feridas;Pleno dia;Crescente;C�u Claro;Simples;Reta;N�o;2;0;2;0;0;0;2;2;-29,70852783;-53,86047363;SPRF-RS;DEL09-RS;UOP01-DEL09-RS;;;
721822;30/09/2025;ter�a-feira;07:35:00;RN;304;297;MACAIBA;Acesso irregular;Colis�o transversal;Com V�timas Feridas;Pleno dia;Decrescente;Sol;Dupla;Rotat�ria;Sim;2;0;2;0;0;0;2;2;-5,86359296;-35,34404431;SPRF-RN;DEL01-RN;UOP02-DEL01-RN;;;
721823;30/09/2025;ter�a-feira;07:00:00;SP;116;128;CACAPAVA;Rea��o tardia ou ineficiente do condutor;Colis�o traseira;Com V�timas Feridas;Pleno dia;Crescente;C�u Claro;Dupla;Reta;Sim;2;0;1;0;0;1;1;2;-23,10544596;-45,69507599;SPRF-SP;DEL02-SP;UOP02-DEL02-SP;;;
721825;30/09/2025;ter�a-feira;06:50:00;SP;101;52;UBATUBA;Acessar a via sem observar a presen�a dos outros ve�culos;Colis�o transversal;Com V�timas Feridas;Pleno dia;Decrescente;C�u Claro;Simples;Rotat�ria;Sim;3;0;1;0;1;1;1;3;-23,46257874;-45,06446588;SPRF-SP;DEL06-SP;UOP01-DEL06-SP;;;
721826;30/09/2025;ter�a-feira;07:40:00;MG;40;516;RIBEIRAO DAS NEVES;Aus�ncia de rea��o do condutor;Colis�o lateral mesmo sentido;Com V�timas Feridas;Pleno dia;Crescente;C�u Claro;Dupla;Reta;Sim;6;0;1;0;5;0;1;2;-19,8172;-44,0885;SPRF-MG;DEL01-MG;UOP02-DEL01-MG;;;
721827;30/09/2025;ter�a-feira;07:50:00;SP;116;224;GUARULHOS;Aus�ncia de rea��o do condutor;Colis�o traseira;Com V�timas Feridas;Pleno dia;Crescente;C�u Claro;M�ltipla;Reta;Sim;2;0;1;0;1;0;1;2;-23,491413;-46,549906;SPRF-SP;DEL01-SP;UOP01-DEL01-SP;;;
721828;30/09/2025;ter�a-feira;07:40:00;PR;369;149;LONDRINA;Trafegar com motocicleta (ou similar) entre as faixas;Colis�o lateral mesmo sentido;Com V�timas Feridas;Pleno dia;Crescente;Sol;Dupla;Reta;Sim;2;0;0;1;1;0;1;2;-23,292851;-51,15276;SPRF-PR;DEL07-PR;UOP01-DEL07-PR;;;
721831;30/09/2025;ter�a-feira;08:00:00;ES;393;1;ATILIO VIVACQUA;Condutor deixou de manter dist�ncia do ve�culo da frente;Colis�o traseira;Com V�timas Feridas;Pleno dia;Crescente;Sol;Simples;Reta;N�o;1;0;0;1;0;0;1;1;-20,9246929;-41,17000462;SPRF-ES;DEL03-ES;UOP02-DEL03-ES;;;
721832;30/09/2025;ter�a-feira;08:23:00;ES;101;189;ARACRUZ;Aus�ncia de rea��o do condutor;Sa�da de leito carro��vel;Com V�timas Feridas;Pleno dia;Crescente;Nublado;Simples;Reta;N�o;2;0;2;0;0;0;2;1;-19,678752;-40,26818991;SPRF-ES;DEL04-ES;UOP01-DEL04-ES;;;
721834;24/07/2025;quinta-feira;10:00:00;MG;365;454,9;PATROCINIO;Acessar a via sem observar a presen�a dos outros ve�culos;Colis�o frontal;Com V�timas Feridas;Pleno dia;Crescente;C�u Claro;Simples;Reta;N�o;2;0;1;0;1;0;1;2;-18,88144013;-46,92005253;SPRF-MG;DEL10-MG;UOP01-DEL10-MG;;;
721835;30/09/2025;ter�a-feira;08:15:00;RS;158;325;SANTA MARIA;Rea��o tardia ou ineficiente do condutor;Tombamento;Com V�timas Feridas;Pleno dia;Crescente;Chuva;Simples;Interse��o de Vias;Sim;1;0;1;0;0;0;1;1;-29,70918013;-53,80235553;SPRF-RS;DEL09-RS;UOP01-DEL09-RS;;;
721836;30/09/2025;ter�a-feira;08:30:00;PR;277;81,3;CURITIBA;Trafegar com motocicleta (ou similar) entre as faixas;Colis�o lateral mesmo sentido;Com V�timas Feridas;Pleno dia;Crescente;Nublado;Dupla;Reta;Sim;3;0;1;0;2;0;1;3;-25,462625;-49,21837;SPRF-PR;DEL01-PR;UOP03-DEL01-PR;;;
721837;30/09/2025;ter�a-feira;08:10:00;PB;230;6;CABEDELO;Aus�ncia de rea��o do condutor;Tombamento;Com V�timas Feridas;Pleno dia;Decrescente;C�u Claro;Simples;Reta;Sim;1;0;1;0;0;0;1;1;-7,022068;-34,836353;SPRF-PB;DEL01-PB;UOP01-DEL01-PB;;;
721838;30/09/2025;ter�a-feira;08:43:00;GO;153;345,6;JARAGUA;Aus�ncia de rea��o do condutor;Sa�da de leito carro��vel;Com V�timas Feridas;Pleno dia;Crescente;C�u Claro;Simples;"Reta;Aclive";N�o;1;0;1;0;0;0;1;1;-15,6584803;-49,3588105;SPRF-GO;DEL02-GO;UOP02-DEL02-GO;;;
721839;30/09/2025;ter�a-feira;08:30:00;SC;101;129;BALNEARIO CAMBORIU;Manobra de mudan�a de faixa;Colis�o lateral mesmo sentido;Com V�timas Feridas;Pleno dia;Decrescente;Nublado;Dupla;Curva;N�o;3;0;2;0;1;0;2;2;-26,98180815;-48,67548315;SPRF-SC;DEL04-SC;UOP03-DEL04-SC;;;
721841;30/09/2025;ter�a-feira;09:05:00;SP;116;282;EMBU DAS ARTES;Manobra de mudan�a de faixa;Colis�o lateral mesmo sentido;Com V�timas Feridas;Pleno dia;Crescente;C�u Claro;Dupla;Reta;Sim;2;0;0;1;1;0;1;2;-23,6639078;-46,8528485;SPRF-SP;DEL04-SP;UOP01-DEL04-SP;;;
721842;30/09/2025;ter�a-feira;08:20:00;PE;101;142,9;RIBEIRAO;Afundamento ou ondula��o no pavimento;Sa�da de leito carro��vel;Com V�timas Feridas;Pleno dia;Crescente;Chuva;Dupla;Reta;N�o;1;0;1;0;0;0;1;1;-8,448608;-35,349442;SPRF-PE;DEL01-PE;UOP03-DEL01-PE;;;
721843;30/09/2025;ter�a-feira;08:00:00;MT;364;205;RONDONOPOLIS;Aus�ncia de rea��o do condutor;Colis�o traseira;Sem V�timas;Pleno dia;Decrescente;C�u Claro;Dupla;Retorno Regulamentado;Sim;2;0;0;0;2;0;0;2;-16,45563035;-54,66278169;SPRF-MT;DEL02-MT;UOP01-DEL02-MT;;;
721845;30/09/2025;ter�a-feira;08:30:00;MG;40;545;NOVA LIMA;Condutor deixou de manter dist�ncia do ve�culo da frente;Engavetamento;Com V�timas Feridas;Pleno dia;Decrescente;Sol;Dupla;Reta;Sim;6;0;1;0;3;2;1;4;-20,00725935;-43,96439553;SPRF-MG;DEL01-MG;UOP02-DEL01-MG;;;
721846;30/09/2025;ter�a-feira;09:15:00;MG;116;276;TEOFILO OTONI;Rea��o tardia ou ineficiente do condutor;Tombamento;Com V�timas Feridas;Pleno dia;Decrescente;C�u Claro;Simples;Reta;Sim;1;0;1;0;0;0;1;1;-17,859504;-41,515259;SPRF-MG;DEL11-MG;UOP01-DEL11-MG;;;
721847;30/09/2025;ter�a-feira;09:10:00;SP;116;131;CACAPAVA;Rea��o tardia ou ineficiente do condutor;Engavetamento;Com V�timas Feridas;Pleno dia;Crescente;C�u Claro;Dupla;Reta;Sim;3;0;3;0;0;0;3;3;-23,12644086;-45,73454781;SPRF-SP;DEL02-SP;UOP02-DEL02-SP;;;
721848;30/09/2025;ter�a-feira;09:00:00;ES;262;39;DOMINGOS MARTINS;Demais falhas mec�nicas ou el�tricas;Inc�ndio;Sem V�timas;Pleno dia;Crescente;C�u Claro;Simples;Reta;N�o;1;0;0;0;1;0;0;1;-20,3802214;-40,63187599;SPRF-ES;DEL01-ES;UOP01-DEL01-ES;;;
721849;23/09/2025;ter�a-feira;11:57:00;PR;369;136,6;IBIPORA;Aus�ncia de rea��o do condutor;Colis�o lateral mesmo sentido;Com V�timas Feridas;Pleno dia;Crescente;C�u Claro;Dupla;Rotat�ria;Sim;2;0;1;0;1;0;1;2;-23,27022457;-51,03892772;SPRF-PR;DEL07-PR;UOP01-DEL07-PR;;;
721850;26/09/2025;sexta-feira;23:30:00;RJ;101;318;SAO GONCALO;Demais falhas mec�nicas ou el�tricas;Queda de ocupante de ve�culo;Com V�timas Feridas;Pleno dia;Crescente;C�u Claro;Dupla;Reta;Sim;2;0;1;0;1;0;1;1;-22,84210187;-43,09662787;SPRF-RJ;DEL02-RJ;UOP02-DEL02-RJ;;;
721851;30/09/2025;ter�a-feira;17:45:00;SC;101;157;PORTO BELO;Condutor deixou de manter dist�ncia do ve�culo da frente;Tombamento;Com V�timas Feridas;Pleno dia;Crescente;Garoa/Chuvisco;M�ltipla;Reta;Sim;1;0;1;0;0;0;1;1;-27,18503447;-48,61267654;SPRF-SC;DEL04-SC;UOP03-DEL04-SC;;;
721853;30/09/2025;ter�a-feira;10:40:00;RJ;116;170;RIO DE JANEIRO;Condutor usando celular;Engavetamento;Sem V�timas;Pleno dia;Decrescente;Sol;M�ltipla;Reta;N�o;3;0;0;0;3;0;0;3;-22,81150662;-43,33324162;SPRF-RJ;DEL06-RJ;UOP01-DEL06-RJ;;;
721854;30/09/2025;ter�a-feira;10:45:00;PE;232;147;SAO CAITANO;Manobra de mudan�a de faixa;Colis�o lateral mesmo sentido;Com V�timas Feridas;Pleno dia;Decrescente;Garoa/Chuvisco;Simples;"Curva;Aclive";Sim;3;0;0;1;1;1;1;2;-8,333688;-36,13786;SPRF-PE;DEL03-PE;UOP02-DEL03-PE;;;
721856;30/09/2025;ter�a-feira;10:30:00;PE;101;42,6;IGARASSU;Acessar a via sem observar a presen�a dos outros ve�culos;Colis�o transversal;Com V�timas Feridas;Pleno dia;Crescente;C�u Claro;Dupla;"Retorno Regulamentado;Reta";Sim;2;0;1;0;1;0;1;2;-7,844447;-34,910445;SPRF-PE;DEL01-PE;UOP02-DEL01-PE;;;
721857;30/09/2025;ter�a-feira;10:30:00;RS;285;123,6;VACARIA;Acessar a via sem observar a presen�a dos outros ve�culos;Colis�o transversal;Com V�timas Feridas;Pleno dia;Crescente;Chuva;Simples;Reta;Sim;2;0;2;0;0;0;2;2;-28,4958817;-50,9532354;SPRF-RS;DEL05-RS;UOP03-DEL05-RS;;;
721859;30/09/2025;ter�a-feira;10:50:00;RN;406;162;CEARA-MIRIM;Condutor deixou de manter dist�ncia do ve�culo da frente;Engavetamento;Com V�timas Feridas;Pleno dia;Crescente;C�u Claro;Simples;Declive;N�o;5;0;1;0;4;0;1;4;-5,727009;-35,361862;SPRF-RN;DEL02-RN;UOP01-DEL02-RN;;;
721861;26/09/2025;sexta-feira;13:50:00;RJ;493;15;GUAPIMIRIM;Demais falhas mec�nicas ou el�tricas;Queda de ocupante de ve�culo;Com V�timas Feridas;Pleno dia;Decrescente;C�u Claro;Simples;Reta;N�o;1;0;1;0;0;0;1;1;-22,66383858;-42,99799919;SPRF-RJ;DEL04-RJ;UOP02-DEL04-RJ;;;
721863;30/09/2025;ter�a-feira;10:16:00;RJ;101;205,5;CASIMIRO DE ABREU;Acessar a via sem observar a presen�a dos outros ve�culos;Colis�o transversal;Sem V�timas;Pleno dia;Crescente;C�u Claro;Simples;Reta;Sim;3;0;0;0;3;0;0;2;-22,476018;-42,196512;SPRF-RJ;DEL08-RJ;UOP04-DEL08-RJ;;;
721865;30/09/2025;ter�a-feira;11:30:00;SP;153;133,2;UBARANA;Avarias e/ou desgaste excessivo no pneu;Tombamento;Com V�timas Feridas;Pleno dia;Crescente;C�u Claro;Simples;Reta;N�o;2;0;2;0;0;0;2;1;-21,272163;-49,77278;SPRF-SP;DEL09-SP;UOP01-DEL09-SP;;;
721866;30/09/2025;ter�a-feira;12:00:00;BA;324;616;SALVADOR;Manobra de mudan�a de faixa;Colis�o lateral mesmo sentido;Sem V�timas;Pleno dia;Decrescente;C�u Claro;Dupla;Reta;Sim;3;0;0;0;3;0;0;2;-12,879977;-38,432167;SPRF-BA;DEL01-BA;UOP01-DEL01-BA;;;
721868;30/09/2025;ter�a-feira;11:40:00;RO;364;237;CACOAL;Rea��o tardia ou ineficiente do condutor;Colis�o traseira;Sem V�timas;Pleno dia;Decrescente;Sol;Simples;"Retorno Regulamentado;Reta";Sim;3;0;0;0;3;0;0;2;-11,442447;-61,448758;SPRF-RO;DEL02-RO;UOP02-DEL02-RO;;;
721870;30/09/2025;ter�a-feira;11:30:00;PR;116;119;CURITIBA;Rea��o tardia ou ineficiente do condutor;Queda de ocupante de ve�culo;Com V�timas Feridas;Pleno dia;Crescente;C�u Claro;Dupla;Curva;N�o;2;0;2;0;0;0;2;1;-25,57466955;-49,31201426;SPRF-PR;DEL01-PR;UOP03-DEL01-PR;;;
721871;30/09/2025;ter�a-feira;12:30:00;PB;101;89,8;JOAO PESSOA;Acessar a via sem observar a presen�a dos outros ve�culos;Colis�o transversal;Sem V�timas;Pleno dia;Decrescente;C�u Claro;Dupla;"Em Obras;Reta";Sim;2;0;0;0;2;0;0;2;-7,17818473;-34,89961535;SPRF-PB;DEL01-PB;UOP01-DEL01-PB;;;
721874;30/09/2025;ter�a-feira;08:30:00;BA;324;0;FEIRA DE SANTANA;Frear bruscamente;Colis�o transversal;Com V�timas Feridas;Pleno dia;Decrescente;C�u Claro;Dupla;"Reta;Ponte";Sim;4;0;0;1;2;1;1;3;-12,273668;-38,936783;SPRF-BA;DEL02-BA;UOP01-DEL02-BA;;;
721875;30/09/2025;ter�a-feira;13:00:00;SP;116;287;ITAPECERICA DA SERRA;Acessar a via sem observar a presen�a dos outros ve�culos;Colis�o lateral mesmo sentido;Com V�timas Feridas;Pleno dia;Decrescente;C�u Claro;Dupla;Reta;N�o;3;0;1;1;1;0;2;2;-23,70523;-46,873285;SPRF-SP;DEL04-SP;UOP01-DEL04-SP;;;
721876;30/09/2025;ter�a-feira;12:20:00;RN;101;94;NATAL;Manobra de mudan�a de faixa;Colis�o transversal;Com V�timas Feridas;Pleno dia;Decrescente;Sol;M�ltipla;Reta;Sim;2;0;1;0;1;0;1;2;-5,832193;-35,21188;SPRF-RN;DEL01-RN;UOP01-DEL01-RN;;;
721877;30/09/2025;ter�a-feira;11:20:00;RJ;116;248;PIRAI;Rea��o tardia ou ineficiente do condutor;Colis�o com objeto;Com V�timas Feridas;Pleno dia;Crescente;C�u Claro;Dupla;Reta;Sim;1;0;1;0;0;0;1;1;-22,58643548;-44,01226044;SPRF-RJ;DEL07-RJ;UOP01-DEL07-RJ;;;
721878;30/09/2025;ter�a-feira;13:12:00;RN;406;169;SAO GONCALO DO AMARANTE;Manobra de mudan�a de faixa;Colis�o traseira;Com V�timas Feridas;Pleno dia;Decrescente;C�u Claro;Dupla;Reta;Sim;2;0;1;0;1;0;1;2;-5,75688616;-35,30464523;SPRF-RN;DEL02-RN;UOP01-DEL02-RN;;;
721882;20/09/2025;s�bado;22:10:00;PE;408;92;SAO LOURENCO DA MATA;Rea��o tardia ou ineficiente do condutor;Colis�o traseira;Com V�timas Feridas;Plena Noite;Decrescente;C�u Claro;Dupla;"Aclive;Reta";N�o;4;0;0;1;3;0;1;3;-8,043405;-35,018513;SPRF-PE;DEL01-PE;UOP01-DEL01-PE;;;