id;data_inversa;dia_semana;horario;uf;br;km;municipio;causa_acidente;tipo_acidente;classificacao_acidente;fase_dia;sentido_via;condicao_metereologica;tipo_pista;tracado_via;uso_solo;pessoas;mortos;feridos_leves;feridos_graves;ilesos;ignorados;feridos;veiculos;latitude;longitude;regional;delegacia;uop;;;
721883;30/09/2025;ter�a-feira;12:40:00;RJ;465;5;SEROPEDICA;Acessar a via sem observar a presen�a dos outros ve�culos;Colis�o transversal;Com V�timas Feridas;Pleno dia;Crescente;C�u Claro;Simples;Reta;Sim;2;0;0;1;1;0;1;2;-22,74754849;-43,69948737;SPRF-RJ;DEL06-RJ;UOP02-DEL06-RJ;;;
721884;30/09/2025;ter�a-feira;10:20:00;PA;222;28;DOM ELISEU;Rea��o tardia ou ineficiente do condutor;Sa�da de leito carro��vel;Com V�timas Feridas;Pleno dia;Crescente;C�u Claro;Simples;"Declive;Curva";N�o;1;0;0;1;0;0;1;1;-4,316958;-47,643637;SPRF-PA;DEL02-PA;UOP02-DEL02-PA;;;
721885;30/09/2025;ter�a-feira;13:30:00;PE;101;69,6;RECIFE;Manobra de mudan�a de faixa;Colis�o lateral mesmo sentido;Com V�timas Feridas;Pleno dia;Crescente;Chuva;Dupla;Reta;Sim;2;0;1;0;1;0;1;2;-8,06484;-34,94416;SPRF-PE;DEL01-PE;UOP01-DEL01-PE;;;
721887;30/09/2025;ter�a-feira;13:35:00;PR;376;614;SAO JOSE DOS PINHAIS;Rea��o tardia ou ineficiente do condutor;Colis�o traseira;Com V�timas Feridas;Pleno dia;Crescente;Nublado;M�ltipla;"Viaduto;Reta";Sim;5;0;2;2;1;0;4;2;-25,572744;-49,180464;SPRF-PR;DEL01-PR;UOP03-DEL01-PR;;;
721889;30/09/2025;ter�a-feira;09:15:00;MG;381;403;NOVA UNIAO;Demais falhas na via;Queda de ocupante de ve�culo;Com V�timas Feridas;Pleno dia;Decrescente;Sol;Dupla;"Declive;Curva";N�o;1;0;1;0;0;0;1;1;-19,75257217;-43,53947131;SPRF-MG;DEL01-MG;UOP01-DEL01-MG;;;
721890;30/09/2025;ter�a-feira;14:20:00;SP;101;48;UBATUBA;Rea��o tardia ou ineficiente do condutor;Colis�o traseira;Com V�timas Feridas;Pleno dia;Crescente;Nublado;Simples;Reta;Sim;2;0;0;1;1;0;1;2;-23,43502272;-45,08735272;SPRF-SP;DEL06-SP;UOP01-DEL06-SP;;;
721891;18/09/2025;quinta-feira;08:45:00;AL;416;45;IBATEGUARA;Acessar a via sem observar a presen�a dos outros ve�culos;Colis�o transversal;Com V�timas Feridas;Pleno dia;Decrescente;Nublado;Simples;Rotat�ria;Sim;2;0;1;0;1;0;1;2;-8,96518698;-35,92082374;SPRF-AL;DEL01-AL;UOP02-DEL01-AL;;;
721892;30/09/2025;ter�a-feira;13:30:00;MS;60;403,3;SIDROLANDIA;Transitar no Acostamento;Colis�o lateral mesmo sentido;Com V�timas Feridas;Pleno dia;Decrescente;Nublado;Simples;"Declive;Reta";N�o;3;0;0;1;2;0;1;2;-20,839841;-54,808543;SPRF-MS;DEL01-MS;UOP04-DEL01-MS;;;
721893;30/09/2025;ter�a-feira;11:30:00;RS;472;542,7;URUGUAIANA;Demais falhas na via;Sa�da de leito carro��vel;Com V�timas Feridas;Pleno dia;Decrescente;Nublado;Simples;Reta;N�o;2;0;1;1;0;0;2;1;-29,568282;-56,853178;SPRF-RS;DEL13-RS;UOP01-DEL13-RS;;;
721894;30/09/2025;ter�a-feira;15:33:00;SP;116;226;GUARULHOS;Manobra de mudan�a de faixa;Colis�o lateral mesmo sentido;Com V�timas Feridas;Pleno dia;Decrescente;C�u Claro;Dupla;Reta;Sim;2;0;1;0;1;0;1;2;-23,49428165;-46,55305736;SPRF-SP;DEL01-SP;UOP01-DEL01-SP;;;
721895;10/09/2025;quarta-feira;17:40:00;ES;101;147;LINHARES;Acessar a via sem observar a presen�a dos outros ve�culos;Colis�o traseira;Com V�timas Feridas;Anoitecer;Crescente;C�u Claro;Simples;Reta;Sim;2;0;1;0;1;0;1;2;-19,38553;-40,067417;SPRF-ES;DEL04-ES;UOP01-DEL04-ES;;;
721896;30/09/2025;ter�a-feira;16:00:00;SC;101;95,3;BARRA VELHA;Avarias e/ou desgaste excessivo no pneu;Tombamento;Com V�timas Feridas;Pleno dia;Decrescente;Nublado;Dupla;"Reta;Aclive";N�o;1;0;1;0;0;0;1;1;-26,71932383;-48,70216576;SPRF-SC;DEL03-SC;UOP02-DEL03-SC;;;
721897;30/09/2025;ter�a-feira;16:00:00;MG;50;28;ARAGUARI;Aus�ncia de rea��o do condutor;Sa�da de leito carro��vel;Com V�timas Feridas;Pleno dia;Crescente;C�u Claro;Dupla;"Declive;Reta";N�o;1;0;1;0;0;0;1;1;-18,619639;-48,10862;SPRF-MG;DEL15-MG;UOP02-DEL15-MG;;;
721898;30/09/2025;ter�a-feira;13:30:00;PR;476;98;BOCAIUVA DO SUL;Manobra de mudan�a de faixa;Colis�o lateral sentido oposto;Com V�timas Feridas;Pleno dia;Crescente;Nublado;Simples;Curva;N�o;2;0;0;1;1;0;1;2;-25,23314743;-49,12798405;SPRF-PR;DEL01-PR;UOP01-DEL01-PR;;;
721900;30/09/2025;ter�a-feira;14:45:00;RS;290;83;CACHOEIRINHA;Acumulo de �gua sobre o pavimento;Colis�o com objeto;Com V�timas Feridas;Pleno dia;Crescente;Chuva;Dupla;Reta;N�o;5;0;1;0;4;0;1;1;-29,96040446;-51,09130589;SPRF-RS;DEL01-RS;UOP01-DEL01-RS;;;
721902;30/09/2025;ter�a-feira;14:42:00;PE;101;52,9;PAULISTA;Condutor deixou de manter dist�ncia do ve�culo da frente;Colis�o traseira;Sem V�timas;Pleno dia;Decrescente;Chuva;M�ltipla;Reta;Sim;2;0;0;0;1;1;0;2;-7,930663;-34,900028;SPRF-PE;DEL01-PE;UOP02-DEL01-PE;;;
721903;30/09/2025;ter�a-feira;16:32:00;ES;101;101;JAGUARE;Declive acentuado;Colis�o traseira;Com V�timas Feridas;Anoitecer;Crescente;C�u Claro;Simples;Declive;N�o;2;0;1;1;0;0;2;2;-18,99047898;-40,00025209;SPRF-ES;DEL04-ES;UOP02-DEL04-ES;;;
721904;30/09/2025;ter�a-feira;16:30:00;SC;280;28;ARAQUARI;Trafegar com motocicleta (ou similar) entre as faixas;Colis�o transversal;Com V�timas Feridas;Pleno dia;Decrescente;Nublado;Simples;"Reta;Em Obras";Sim;3;0;1;0;2;0;1;3;-26,40484328;-48,74587655;SPRF-SC;DEL03-SC;UOP03-DEL03-SC;;;
721907;30/09/2025;ter�a-feira;16:30:00;RJ;101;433;MANGARATIBA;Aus�ncia de rea��o do condutor;Queda de ocupante de ve�culo;Com V�timas Fatais;Pleno dia;Decrescente;C�u Claro;Dupla;"Interse��o de Vias;Curva";Sim;2;1;0;0;1;0;0;2;-22,93854498;-44,03947949;SPRF-RJ;DEL03-RJ;UOP02-DEL03-RJ;;;
721908;30/09/2025;ter�a-feira;16:30:00;RS;116;501,8;PELOTAS;Aus�ncia de rea��o do condutor;Sa�da de leito carro��vel;Com V�timas Feridas;Pleno dia;Crescente;Nublado;Simples;Reta;N�o;2;0;1;0;1;0;1;1;-31,568553;-52,259437;SPRF-RS;DEL07-RS;UOP01-DEL07-RS;;;
721910;30/09/2025;ter�a-feira;09:25:00;RJ;101;312;SAO GONCALO;Ultrapassagem Indevida;Queda de ocupante de ve�culo;Com V�timas Feridas;Pleno dia;Crescente;C�u Claro;Dupla;Reta;N�o;2;0;1;0;1;0;1;2;-22,80950351;-43,06603951;SPRF-RJ;DEL02-RJ;UOP02-DEL02-RJ;;;
721911;30/09/2025;ter�a-feira;16:00:00;PR;277;83;CURITIBA;Trafegar com motocicleta (ou similar) entre as faixas;Colis�o lateral mesmo sentido;Com V�timas Feridas;Pleno dia;Decrescente;Chuva;Dupla;Reta;Sim;2;0;1;0;1;0;1;2;-25,44906442;-49,22961026;SPRF-PR;DEL01-PR;UOP03-DEL01-PR;;;
721913;30/09/2025;ter�a-feira;16:32:00;PE;101;41;IGARASSU;Manobra de mudan�a de faixa;Colis�o lateral mesmo sentido;Sem V�timas;Plena Noite;Decrescente;Garoa/Chuvisco;Dupla;"Viaduto;Curva";N�o;2;0;0;0;1;1;0;2;-7,83460031;-34,91240501;SPRF-PE;DEL01-PE;UOP02-DEL01-PE;;;
721914;28/09/2025;domingo;13:50:00;SC;282;513,5;XAXIM;Ingest�o de �lcool pelo condutor;Colis�o lateral sentido oposto;Sem V�timas;Pleno dia;Decrescente;C�u Claro;Simples;"Declive;Reta";N�o;3;0;0;0;3;0;0;2;-26,91513529;-52,48273999;SPRF-SC;DEL07-SC;UOP01-DEL07-SC;;;
721915;30/09/2025;ter�a-feira;17:30:00;PB;230;20,7;JOAO PESSOA;Rea��o tardia ou ineficiente do condutor;Tombamento;Com V�timas Feridas;Anoitecer;Crescente;Nublado;Dupla;Reta;Sim;1;0;1;0;0;0;1;1;-7,141527;-34,851975;SPRF-PB;DEL01-PB;UOP01-DEL01-PB;;;
721916;30/09/2025;ter�a-feira;17:15:00;GO;70;8;AGUAS LINDAS DE GOIAS;Pedestre cruzava a pista fora da faixa;Atropelamento de Pedestre;Com V�timas Feridas;Pleno dia;Crescente;C�u Claro;Dupla;Reta;Sim;4;0;0;1;2;1;1;2;-15,735791;-48,282962;SPRF-DF;DEL03-DF;UOP02-DEL03-DF;;;
721919;30/09/2025;ter�a-feira;17:00:00;BA;101;715;EUNAPOLIS;Acessar a via sem observar a presen�a dos outros ve�culos;Colis�o transversal;Com V�timas Feridas;Pleno dia;Decrescente;C�u Claro;Simples;Reta;Sim;2;0;1;0;1;0;1;2;-16,354448;-39,579575;SPRF-BA;DEL09-BA;UOP01-DEL09-BA;;;
721920;30/09/2025;ter�a-feira;18:10:00;MG;40;524;CONTAGEM;Avarias e/ou desgaste excessivo no pneu;Tombamento;Com V�timas Feridas;Pleno dia;Decrescente;C�u Claro;Dupla;Reta;Sim;1;0;0;1;0;0;1;1;-19,871053;-44,056907;SPRF-MG;DEL01-MG;UOP02-DEL01-MG;;;
721921;30/09/2025;ter�a-feira;18:10:00;SE;235;9;NOSSA SENHORA DO SOCORRO;Convers�o proibida;Colis�o frontal;Com V�timas Feridas;Plena Noite;Decrescente;Ignorado;Simples;Reta;N�o;3;0;2;1;0;0;3;2;-10,88122;-37,143484;SPRF-SE;DEL01-SE;UOP01-DEL01-SE;;;
721922;30/09/2025;ter�a-feira;18:25:00;PI;343;1;LUIS CORREIA;Rea��o tardia ou ineficiente do condutor;Colis�o traseira;Com V�timas Feridas;Plena Noite;Crescente;C�u Claro;Simples;Reta;Sim;2;0;1;0;0;1;1;2;-2,88499796;-41,66540265;SPRF-PI;DEL05-PI;UOP01-DEL05-PI;;;
721923;30/09/2025;ter�a-feira;16:40:00;RS;116;51,9;VACARIA;Transitar na contram�o;Colis�o frontal;Com V�timas Feridas;Pleno dia;Crescente;Chuva;Simples;Curva;N�o;4;0;2;0;1;1;2;3;-28,58182;-51,02378;SPRF-RS;DEL05-RS;UOP03-DEL05-RS;;;
721924;30/09/2025;ter�a-feira;18:15:00;ES;101;298;VIANA;Rea��o tardia ou ineficiente do condutor;Colis�o traseira;Com V�timas Feridas;Plena Noite;Decrescente;C�u Claro;Simples;"Aclive;Reta";Sim;3;0;1;0;2;0;1;2;-20,353535;-40,415369;SPRF-ES;DEL01-ES;UOP01-DEL01-ES;;;
721925;30/09/2025;ter�a-feira;17:30:00;SC;282;2,9;FLORIANOPOLIS;Trafegar com motocicleta (ou similar) entre as faixas;Colis�o lateral mesmo sentido;Com V�timas Feridas;Plena Noite;Crescente;Chuva;M�ltipla;Reta;Sim;2;0;1;0;1;0;1;2;-27,602856;-48,5926306;SPRF-SC;DEL01-SC;UOP01-DEL01-SC;;;
721926;30/09/2025;ter�a-feira;18:30:00;SP;153;62;SAO JOSE DO RIO PRETO;Aus�ncia de rea��o do condutor;Colis�o traseira;Com V�timas Feridas;Plena Noite;Decrescente;C�u Claro;Dupla;Reta;Sim;3;0;0;2;1;0;2;2;-20,81215415;-49,35661253;SPRF-SP;DEL09-SP;UOP01-DEL09-SP;;;
721929;30/09/2025;ter�a-feira;18:45:00;ES;101;443;MIMOSO DO SUL;Rea��o tardia ou ineficiente do condutor;Colis�o lateral mesmo sentido;Com V�timas Feridas;Plena Noite;Crescente;C�u Claro;Simples;Curva;N�o;2;0;2;0;0;0;2;2;-21,09825713;-41,25351012;SPRF-ES;DEL03-ES;UOP02-DEL03-ES;;;
721930;30/09/2025;ter�a-feira;18:30:00;PR;476;151,6;ARAUCARIA;Rea��o tardia ou ineficiente do condutor;Colis�o lateral mesmo sentido;Com V�timas Feridas;Plena Noite;Crescente;Chuva;Dupla;Reta;Sim;2;0;1;0;0;1;1;2;-25,56663702;-49,38097;SPRF-PR;DEL01-PR;UOP06-DEL01-PR;;;
721931;30/09/2025;ter�a-feira;17:20:00;RO;364;423;JARU;Acessar a via sem observar a presen�a dos outros ve�culos;Colis�o transversal;Com V�timas Feridas;Pleno dia;Crescente;Chuva;M�ltipla;Retorno Regulamentado;Sim;2;0;1;0;1;0;1;2;-10,45258379;-62,46034082;SPRF-RO;DEL03-RO;UOP02-DEL03-RO;;;
721932;30/09/2025;ter�a-feira;18:00:00;PR;369;174,4;ROLANDIA;Acessar a via sem observar a presen�a dos outros ve�culos;Colis�o transversal;Com V�timas Feridas;Pleno dia;Crescente;C�u Claro;Simples;"Reta;Interse��o de Vias";Sim;2;0;1;0;1;0;1;2;-23,31843649;-51,37930082;SPRF-PR;DEL07-PR;UOP01-DEL07-PR;;;
721933;30/09/2025;ter�a-feira;18:40:00;PE;423;95;GARANHUNS;Convers�o proibida;Colis�o lateral sentido oposto;Com V�timas Feridas;Plena Noite;Decrescente;Ignorado;Simples;Reta;Sim;3;0;1;1;0;1;2;2;-8,879297;-36,478847;SPRF-PE;DEL03-PE;UOP01-DEL03-PE;;;
721935;30/09/2025;ter�a-feira;18:30:00;SC;101;39;JOINVILLE;Trafegar com motocicleta (ou similar) entre as faixas;Tombamento;Com V�timas Feridas;Plena Noite;Crescente;Chuva;M�ltipla;Reta;N�o;1;0;1;0;0;0;1;1;-26,30437466;-48,88175575;SPRF-SC;DEL03-SC;UOP01-DEL03-SC;;;
721937;30/09/2025;ter�a-feira;17:25:00;SC;101;191;BIGUACU;Chuva;Colis�o com objeto;Com V�timas Feridas;Pleno dia;Decrescente;Chuva;Dupla;Curva;Sim;2;0;1;0;1;0;1;2;-27,47679;-48,64066;SPRF-SC;DEL01-SC;UOP01-DEL01-SC;;;
721938;30/09/2025;ter�a-feira;18:50:00;PB;230;13;CABEDELO;Aus�ncia de rea��o do condutor;Tombamento;Com V�timas Feridas;Plena Noite;Decrescente;Nublado;Dupla;Reta;N�o;1;0;1;0;0;0;1;1;-7,082581;-34,8489898;SPRF-PB;DEL01-PB;UOP01-DEL01-PB;;;
721940;30/09/2025;ter�a-feira;19:00:00;RS;290;29,1;SANTO ANTONIO DA PATRULHA;Chuva;Sa�da de leito carro��vel;Sem V�timas;Plena Noite;Decrescente;Chuva;M�ltipla;Reta;N�o;1;0;0;0;1;0;0;1;-29,883032;-50,534747;SPRF-RS;DEL03-RS;UOP01-DEL03-RS;;;
721941;30/09/2025;ter�a-feira;19:30:00;PR;277;30;MORRETES;Velocidade Incompat�vel;Colis�o com objeto;Com V�timas Feridas;Plena Noite;Decrescente;Chuva;Dupla;Reta;N�o;2;0;1;0;1;0;1;2;-25,552201;-48,798846;SPRF-PR;DEL01-PR;UOP05-DEL01-PR;;;
721942;30/09/2025;ter�a-feira;19:45:00;RS;116;149;CAXIAS DO SUL;Rea��o tardia ou ineficiente do condutor;Atropelamento de Pedestre;Com V�timas Feridas;Plena Noite;Crescente;Chuva;Dupla;"Reta;Interse��o de Vias";Sim;2;0;0;1;1;0;1;2;-29,1685269;-51,1587564;SPRF-RS;DEL05-RS;UOP01-DEL05-RS;;;
721943;30/09/2025;ter�a-feira;19:15:00;MG;116;275;TEOFILO OTONI;Transitar na contram�o;Colis�o frontal;Com V�timas Feridas;Plena Noite;Decrescente;C�u Claro;Simples;Aclive;Sim;3;0;1;1;1;0;2;2;-17,844499;-41,514714;SPRF-MG;DEL11-MG;UOP01-DEL11-MG;;;
721945;30/09/2025;ter�a-feira;18:25:00;BA;235;346;JUAZEIRO;Transitar no Acostamento;Colis�o transversal;Com V�timas Feridas;Plena Noite;Crescente;C�u Claro;Simples;Reta;N�o;2;0;0;1;1;0;1;2;-9,4553424;-40,4731851;SPRF-PE;DEL06-PE;UOP01-DEL06-PE;;;
721948;13/08/2025;quarta-feira;13:25:00;RJ;465;7;SEROPEDICA;Velocidade Incompat�vel;Colis�o transversal;Com V�timas Feridas;Pleno dia;Crescente;C�u Claro;Simples;"Rotat�ria;Reta";N�o;2;0;1;0;1;0;1;2;-22,66835308;-43,73125076;SPRF-RJ;DEL06-RJ;UOP02-DEL06-RJ;;;
721949;30/09/2025;ter�a-feira;20:05:00;SC;101;209,9;SAO JOSE;Frear bruscamente;Colis�o lateral mesmo sentido;Com V�timas Feridas;Plena Noite;Crescente;Chuva;M�ltipla;Reta;Sim;3;0;2;0;1;0;2;2;-27,61182434;-48,6398837;SPRF-SC;DEL01-SC;UOP01-DEL01-SC;;;
721951;30/09/2025;ter�a-feira;20:35:00;MG;381;880,2;ESTIVA;Rea��o tardia ou ineficiente do condutor;Tombamento;Com V�timas Feridas;Plena Noite;Decrescente;Nublado;Dupla;Curva;N�o;1;0;0;1;0;0;1;1;-22,45643759;-46,00800669;SPRF-MG;DEL16-MG;UOP01-DEL16-MG;;;
721954;30/09/2025;ter�a-feira;19:35:00;PR;277;587,4;CASCAVEL;Defici�ncia do Sistema de Ilumina��o/Sinaliza��o;Colis�o traseira;Com V�timas Feridas;Plena Noite;Decrescente;Garoa/Chuvisco;Simples;Reta;N�o;2;0;1;0;1;0;1;2;-24,97159329;-53,43423283;SPRF-PR;DEL04-PR;UOP01-DEL04-PR;;;
721955;30/09/2025;ter�a-feira;21:00:00;BA;242;823;BARREIRAS;Aus�ncia de rea��o do condutor;Colis�o traseira;Com V�timas Feridas;Plena Noite;Decrescente;C�u Claro;Simples;Reta;N�o;3;0;1;0;2;0;1;2;-12,12548414;-45,02816018;SPRF-BA;DEL10-BA;UOP01-DEL10-BA;;;
721956;30/09/2025;ter�a-feira;21:50:00;MG;40;784;JUIZ DE FORA;Curva acentuada;Sa�da de leito carro��vel;Com V�timas Feridas;Plena Noite;Decrescente;C�u Claro;Dupla;Interse��o de Vias;N�o;1;0;1;0;0;0;1;1;-21,72988603;-43,43653961;SPRF-MG;DEL05-MG;UOP01-DEL05-MG;;;
721958;30/09/2025;ter�a-feira;21:30:00;SP;101;50;UBATUBA;Rea��o tardia ou ineficiente do condutor;Colis�o transversal;Com V�timas Feridas;Plena Noite;Crescente;Nublado;Simples;"Reta;Interse��o de Vias";Sim;3;0;1;0;2;0;1;2;-23,449406;-45,078423;SPRF-SP;DEL06-SP;UOP01-DEL06-SP;;;
721961;30/09/2025;ter�a-feira;21:45:00;SC;101;6;BIGUACU;Objeto est�tico sobre o leito carro��vel;Queda de ocupante de ve�culo;Com V�timas Feridas;Plena Noite;Crescente;Chuva;Dupla;Reta;N�o;1;0;1;0;0;0;1;1;-27,380833;-48,684267;SPRF-SC;DEL01-SC;UOP01-DEL01-SC;;;
721963;30/09/2025;ter�a-feira;18:40:00;RO;364;424;JARU;Desrespeitar a prefer�ncia no cruzamento;Colis�o transversal;Com V�timas Feridas;Plena Noite;Crescente;Nublado;Dupla;Interse��o de Vias;Sim;2;0;2;0;0;0;2;2;-10,43978464;-62,46900773;SPRF-RO;DEL03-RO;UOP02-DEL03-RO;;;
721973;01/10/2025;quarta-feira;00:30:00;SP;116;228;SAO PAULO;Ingest�o de �lcool pelo condutor;Colis�o com objeto;Sem V�timas;Plena Noite;Decrescente;C�u Claro;M�ltipla;Reta;Sim;1;0;0;0;0;1;0;1;-23,50512608;-46,56864166;SPRF-SP;DEL01-SP;UOP01-DEL01-SP;;;
721974;30/09/2025;ter�a-feira;18:25:00;MG;116;585;MANHUACU;Acessar a via sem observar a presen�a dos outros ve�culos;Colis�o transversal;Com V�timas Feridas;Plena Noite;Decrescente;C�u Claro;Simples;Reta;Sim;3;0;1;1;1;0;2;2;-20,27335535;-42,14318276;SPRF-MG;DEL06-MG;UOP03-DEL06-MG;;;
721976;01/10/2025;quarta-feira;01:51:00;RJ;101;496;ANGRA DOS REIS;Condutor Dormindo;Colis�o com objeto;Sem V�timas;Plena Noite;Decrescente;C�u Claro;Simples;Reta;N�o;4;0;0;0;4;0;0;1;-22,894278;-44,34775544;SPRF-RJ;DEL03-RJ;UOP03-DEL03-RJ;;;
721978;01/10/2025;quarta-feira;01:30:00;MT;158;557;AGUA BOA;Animais na Pista;Atropelamento de Animal;Sem V�timas;Plena Noite;Decrescente;C�u Claro;Simples;Reta;N�o;1;0;0;0;1;0;0;1;-13,97594757;-52,13201524;SPRF-MT;DEL07-MT;UOP02-DEL07-MT;;;
721980;01/10/2025;quarta-feira;03:15:00;MG;262;144,4;RIO CASCA;Animais na Pista;Atropelamento de Animal;Sem V�timas;Plena Noite;Decrescente;C�u Claro;Simples;Reta;N�o;2;0;0;0;2;0;0;1;-20,03441111;-42,73732424;SPRF-MG;DEL03-MG;UOP03-DEL03-MG;;;
721981;01/10/2025;quarta-feira;03:15:00;MG;262;144,4;RIO CASCA;Animais na Pista;Atropelamento de Animal;Com V�timas Feridas;Plena Noite;Decrescente;C�u Claro;Simples;Reta;N�o;4;0;1;0;2;1;1;2;-20,04141796;-42,73029327;SPRF-MG;DEL03-MG;UOP03-DEL03-MG;;;
721983;01/10/2025;quarta-feira;04:20:00;SC;470;34,7;GASPAR;Aus�ncia de rea��o do condutor;Sa�da de leito carro��vel;Com V�timas Feridas;Plena Noite;Crescente;Nublado;Simples;"Desvio Tempor�rio;Reta";Sim;1;0;1;0;0;0;1;1;-26,91220686;-48,95659089;SPRF-SC;DEL04-SC;UOP01-DEL04-SC;;;
721990;01/10/2025;quarta-feira;06:40:00;DF;20;20;BRASILIA;Transitar no Acostamento;Colis�o lateral mesmo sentido;Com V�timas Feridas;Pleno dia;Decrescente;C�u Claro;M�ltipla;Reta;Sim;4;0;1;0;3;0;1;3;-15,6072069;-47,69204736;SPRF-DF;DEL02-DF;UOP01-DEL02-DF;;;
721993;01/10/2025;quarta-feira;05:10:00;MG;40;605,9;CONGONHAS;Animais na Pista;Tombamento;Com V�timas Fatais;Plena Noite;Decrescente;Nublado;Simples;Curva;N�o;1;1;0;0;0;0;0;1;-20,470469;-43,843867;SPRF-MG;DEL05-MG;UOP02-DEL05-MG;;;
721994;01/10/2025;quarta-feira;06:00:00;PI;343;1,8;TERESINA;Rea��o tardia ou ineficiente do condutor;Colis�o lateral mesmo sentido;Com V�timas Feridas;Amanhecer;Decrescente;C�u Claro;Dupla;Reta;Sim;2;0;2;0;0;0;2;2;-5,081527;-42,766178;SPRF-PI;DEL01-PI;UOP01-DEL01-PI;;;
721995;01/10/2025;quarta-feira;07:00:00;RN;304;300,8;MACAIBA;Avarias e/ou desgaste excessivo no pneu;Tombamento;Com V�timas Feridas;Pleno dia;Decrescente;Chuva;Dupla;"Em Obras;Reta";N�o;2;0;1;0;0;1;1;1;-5,8755215;-35,3076306;SPRF-RN;DEL01-RN;UOP02-DEL01-RN;;;
721998;01/10/2025;quarta-feira;08:00:00;BA;116;417;FEIRA DE SANTANA;Manobra de mudan�a de faixa;Queda de ocupante de ve�culo;Com V�timas Feridas;Pleno dia;Crescente;C�u Claro;Simples;Reta;Sim;1;0;1;0;0;0;1;1;-12,194028;-38,965596;SPRF-BA;DEL02-BA;UOP01-DEL02-BA;;;
721999;01/10/2025;quarta-feira;08:20:00;MG;381;174;GOVERNADOR VALADARES;Demais falhas mec�nicas ou el�tricas;Tombamento;Com V�timas Feridas;Pleno dia;Crescente;C�u Claro;Simples;Reta;N�o;2;0;2;0;0;0;2;1;-19,00813449;-42,13454157;SPRF-MG;DEL06-MG;UOP01-DEL06-MG;;;
722000;01/10/2025;quarta-feira;08:20:00;RN;101;105;PARNAMIRIM;Pista Escorregadia;Queda de ocupante de ve�culo;Com V�timas Feridas;Pleno dia;Decrescente;Garoa/Chuvisco;Dupla;Reta;Sim;3;0;2;0;1;0;2;2;-5,905625;-35,26005;SPRF-RN;DEL01-RN;UOP01-DEL01-RN;;;
722001;01/10/2025;quarta-feira;08:10:00;RS;285;299,1;PASSO FUNDO;Acessar a via sem observar a presen�a dos outros ve�culos;Colis�o transversal;Com V�timas Feridas;Pleno dia;Decrescente;Nublado;Simples;"Reta;Declive";Sim;3;0;2;0;1;0;2;2;-28,23322595;-52,43456237;SPRF-RS;DEL08-RS;UOP03-DEL08-RS;;;
722003;01/10/2025;quarta-feira;07:10:00;RJ;101;310;SAO GONCALO;Trafegar com motocicleta (ou similar) entre as faixas;Colis�o lateral mesmo sentido;Com V�timas Feridas;Pleno dia;Crescente;C�u Claro;Dupla;Reta;Sim;4;0;2;0;2;0;2;3;-22,79833293;-43,04825155;SPRF-RJ;DEL02-RJ;UOP02-DEL02-RJ;;;
722005;01/10/2025;quarta-feira;08:15:00;SC;101;223,9;PALHOCA;Manobra de mudan�a de faixa;Colis�o lateral mesmo sentido;Com V�timas Feridas;Pleno dia;Crescente;Nublado;Dupla;Reta;N�o;4;0;1;0;2;1;1;4;-27,72402;-48,643918;SPRF-SC;DEL01-SC;UOP02-DEL01-SC;;;
722007;01/10/2025;quarta-feira;08:30:00;PE;232;14;JABOATAO DOS GUARARAPES;Rea��o tardia ou ineficiente do condutor;Sa�da de leito carro��vel;Com V�timas Feridas;Pleno dia;Decrescente;Chuva;Dupla;"Declive;Curva";N�o;2;0;2;0;0;0;2;1;-8,09003;-35,02212;SPRF-PE;DEL01-PE;UOP01-DEL01-PE;;;
722008;01/10/2025;quarta-feira;08:00:00;DF;70;17,5;BRASILIA;Aus�ncia de rea��o do condutor;Colis�o lateral mesmo sentido;Com V�timas Feridas;Pleno dia;Decrescente;C�u Claro;Dupla;Reta;N�o;2;0;1;0;1;0;1;2;-15,79321627;-48,20569038;SPRF-DF;DEL03-DF;UOP02-DEL03-DF;;;
722012;15/08/2025;sexta-feira;09:30:00;RJ;465;5;SEROPEDICA;Aus�ncia de rea��o do condutor;Colis�o lateral mesmo sentido;Com V�timas Feridas;Pleno dia;Decrescente;Nublado;Simples;Reta;N�o;2;0;1;0;1;0;1;2;-22,72226307;-43,72450769;SPRF-RJ;DEL06-RJ;UOP02-DEL06-RJ;;;
722013;24/09/2025;quarta-feira;10:45:00;MG;50;206,5;DELTA;Avarias e/ou desgaste excessivo no pneu;Colis�o com objeto;Com V�timas Feridas;Pleno dia;Decrescente;Sol;Dupla;"Ponte;Em Obras;Reta";N�o;4;0;2;0;2;0;2;3;-19,98388271;-47,78835861;SPRF-MG;DEL13-MG;UOP01-DEL13-MG;;;
722015;01/10/2025;quarta-feira;07:50:00;RS;116;143;CAXIAS DO SUL;Manobra de mudan�a de faixa;Colis�o lateral mesmo sentido;Com V�timas Feridas;Pleno dia;Decrescente;Nublado;M�ltipla;Reta;Sim;2;0;1;0;1;0;1;2;-29,12315252;-51,12319199;SPRF-RS;DEL05-RS;UOP01-DEL05-RS;;;
722017;01/10/2025;quarta-feira;06:50:00;RJ;101;520;ANGRA DOS REIS;Demais falhas mec�nicas ou el�tricas;Inc�ndio;Sem V�timas;Pleno dia;Crescente;C�u Claro;Simples;Reta;N�o;1;0;0;0;1;0;0;1;-23,00567483;-44,45261177;SPRF-RJ;DEL03-RJ;UOP03-DEL03-RJ;;;