id;data_inversa;dia_semana;horario;uf;br;km;municipio;causa_acidente;tipo_acidente;classificacao_acidente;fase_dia;sentido_via;condicao_metereologica;tipo_pista;tracado_via;uso_solo;pessoas;mortos;feridos_leves;feridos_graves;ilesos;ignorados;feridos;veiculos;latitude;longitude;regional;delegacia;uop;;;
722020;22/09/2025;segunda-feira;15:05:00;GO;364;386;SANTA RITA DO ARAGUAIA;Entrada inopinada do pedestre;Atropelamento de Pedestre;Com V�timas Feridas;Pleno dia;Decrescente;C�u Claro;Simples;"Interse��o de Vias;Reta";Sim;4;0;1;1;0;2;2;2;-17,323924;-53,207769;SPRF-GO;DEL05-GO;UOP01-DEL05-GO;;;
722022;01/10/2025;quarta-feira;10:45:00;SP;116;222;GUARULHOS;Aus�ncia de rea��o do condutor;Queda de ocupante de ve�culo;Com V�timas Feridas;Pleno dia;Crescente;C�u Claro;M�ltipla;Reta;N�o;1;0;1;0;0;0;1;1;-23,47807933;-46,52902912;SPRF-SP;DEL01-SP;UOP01-DEL01-SP;;;
722023;01/10/2025;quarta-feira;08:10:00;AC;364;137,9;RIO BRANCO;Condutor deixou de manter dist�ncia do ve�culo da frente;Colis�o lateral mesmo sentido;Com V�timas Feridas;Pleno dia;Decrescente;C�u Claro;Dupla;Reta;Sim;2;0;1;0;1;0;1;2;-9,961248;-67,856545;SPRF-AC;DEL01-AC;UOP01-DEL01-AC;;;
722024;01/10/2025;quarta-feira;10:40:00;RN;304;47;MOSSORO;Manobra de mudan�a de faixa;Colis�o lateral mesmo sentido;Com V�timas Feridas;Pleno dia;Crescente;Sol;Dupla;Reta;Sim;2;0;1;0;1;0;1;2;-5,22913;-37,32182;SPRF-RN;DEL04-RN;UOP01-DEL04-RN;;;
722025;01/10/2025;quarta-feira;07:30:00;MT;70;515,3;VARZEA GRANDE;Aus�ncia de rea��o do condutor;Colis�o frontal;Com V�timas Feridas;Pleno dia;Decrescente;C�u Claro;Simples;Reta;Sim;2;0;0;1;1;0;1;2;-15,70571;-56,143883;SPRF-MT;DEL01-MT;UOP02-DEL01-MT;;;
722026;01/10/2025;quarta-feira;07:31:00;MT;70;517,9;VARZEA GRANDE;Convers�o proibida;Colis�o transversal;Com V�timas Feridas;Pleno dia;Decrescente;C�u Claro;Simples;"Reta;Rotat�ria";N�o;2;0;2;0;0;0;2;2;-15,69641508;-56,16626143;SPRF-MT;DEL01-MT;UOP02-DEL01-MT;;;
722029;01/10/2025;quarta-feira;08:00:00;MA;135;6,4;SAO LUIS;Animais na Pista;Colis�o traseira;Com V�timas Feridas;Pleno dia;Decrescente;Nublado;Dupla;Reta;Sim;2;0;1;0;1;0;1;2;-2,62568;-44,316247;SPRF-MA;DEL01-MA;UOP01-DEL01-MA;;;
722031;19/09/2025;sexta-feira;03:09:00;PE;424;95,1;GARANHUNS;Velocidade Incompat�vel;Colis�o com objeto;Com V�timas Fatais;Plena Noite;Crescente;C�u Claro;Simples;"Declive;Curva";N�o;1;1;0;0;0;0;0;1;-8,92601;-36,48967;SPRF-PE;DEL03-PE;UOP01-DEL03-PE;;;
722032;01/10/2025;quarta-feira;11:20:00;BA;324;525;FEIRA DE SANTANA;Pedestre cruzava a pista fora da faixa;Atropelamento de Pedestre;Com V�timas Feridas;Pleno dia;Decrescente;C�u Claro;Dupla;Reta;N�o;2;0;1;0;1;0;1;2;-12,314628;-38,879338;SPRF-BA;DEL01-BA;UOP03-DEL01-BA;;;
722034;01/10/2025;quarta-feira;11:00:00;SC;101;227,7;PALHOCA;Ingest�o de �lcool pelo condutor;Colis�o frontal;Sem V�timas;Pleno dia;Crescente;Nublado;Simples;Reta;N�o;2;0;0;0;2;0;0;2;-27,75530585;-48,63212427;SPRF-SC;DEL01-SC;UOP02-DEL01-SC;;;
722035;27/09/2025;s�bado;23:30:00;RJ;116;194;QUEIMADOS;Demais falhas mec�nicas ou el�tricas;Colis�o traseira;Com V�timas Feridas;Plena Noite;Decrescente;C�u Claro;Dupla;"Em Obras;Reta";Sim;2;0;2;0;0;0;2;2;-22,73604926;-43,54405403;SPRF-RJ;DEL06-RJ;UOP01-DEL06-RJ;;;
722036;01/10/2025;quarta-feira;11:40:00;RS;392;641,8;GUARANI DAS MISSOES;Ingest�o de �lcool pelo condutor;Sa�da de leito carro��vel;Sem V�timas;Pleno dia;Decrescente;Sol;Simples;Reta;N�o;1;0;0;0;1;0;0;1;-28,15389248;-54,54797745;SPRF-RS;DEL10-RS;UOP01-DEL10-RS;;;
722037;01/10/2025;quarta-feira;12:00:00;SP;381;10;VARGEM;Velocidade Incompat�vel;Colis�o traseira;Com V�timas Feridas;Pleno dia;Crescente;C�u Claro;Dupla;"Reta;Aclive";N�o;6;0;2;0;4;0;2;4;-22,92309298;-46,44643519;SPRF-SP;DEL03-SP;UOP02-DEL03-SP;;;
722038;01/10/2025;quarta-feira;08:00:00;MG;262;786;UBERABA;Manobra de mudan�a de faixa;Colis�o traseira;Com V�timas Feridas;Pleno dia;Crescente;C�u Claro;Dupla;Reta;N�o;3;0;1;0;2;0;1;2;-19,76875632;-47,89403614;SPRF-MG;DEL13-MG;UOP01-DEL13-MG;;;
722039;11/07/2025;sexta-feira;18:45:00;DF;20;24,6;BRASILIA;Ultrapassagem Indevida;Colis�o lateral mesmo sentido;Com V�timas Feridas;Anoitecer;Decrescente;C�u Claro;Dupla;"T�nel;Interse��o de Vias;Viaduto;Reta";Sim;3;0;1;0;2;0;1;2;-15,594777;-47,656545;SPRF-DF;DEL02-DF;UOP01-DEL02-DF;;;
722041;01/10/2025;quarta-feira;12:50:00;MG;381;332;NOVA ERA;Acessar a via sem observar a presen�a dos outros ve�culos;Colis�o lateral mesmo sentido;Com V�timas Feridas;Pleno dia;Crescente;C�u Claro;Simples;"Reta;Ponte";N�o;2;0;1;0;1;0;1;2;-19,77448442;-43,04547429;SPRF-MG;DEL03-MG;UOP01-DEL03-MG;;;
722042;01/10/2025;quarta-feira;10:40:00;RJ;101;402;ITAGUAI;Condutor deixou de manter dist�ncia do ve�culo da frente;Colis�o traseira;Com V�timas Feridas;Pleno dia;Crescente;C�u Claro;Dupla;Reta;N�o;2;0;1;0;1;0;1;2;-22,8505509;-43,76987457;SPRF-RJ;DEL03-RJ;UOP01-DEL03-RJ;;;
722043;01/10/2025;quarta-feira;12:30:00;SP;116;229;SAO PAULO;Manobra de mudan�a de faixa;Colis�o traseira;Com V�timas Feridas;Pleno dia;Crescente;C�u Claro;M�ltipla;Reta;Sim;2;0;1;0;1;0;1;2;-23,51280423;-46,57662427;SPRF-SP;DEL01-SP;UOP01-DEL01-SP;;;
722044;01/10/2025;quarta-feira;12:20:00;MG;116;764,9;LEOPOLDINA;Acessar a via sem observar a presen�a dos outros ve�culos;Colis�o transversal;Com V�timas Feridas;Pleno dia;Crescente;C�u Claro;Simples;"Reta;Rotat�ria";Sim;3;0;2;0;1;0;2;2;-21,54268599;-42,65591216;SPRF-MG;DEL07-MG;UOP01-DEL07-MG;;;
722046;01/10/2025;quarta-feira;13:20:00;AP;210;1;MACAPA;Acessar a via sem observar a presen�a dos outros ve�culos;Colis�o transversal;Com V�timas Feridas;Pleno dia;Crescente;C�u Claro;Dupla;Reta;Sim;2;0;1;0;1;0;1;2;0,08096025;-51,07479477;SPRF-AP;DEL01-AP;UOP01-DEL01-AP;;;
722047;01/10/2025;quarta-feira;13:30:00;MG;40;546;NOVA LIMA;Manobra de mudan�a de faixa;Colis�o lateral mesmo sentido;Com V�timas Feridas;Pleno dia;Decrescente;C�u Claro;Dupla;"Declive;Curva";N�o;3;0;1;0;2;0;1;2;-20,02637536;-43,96916136;SPRF-MG;DEL01-MG;UOP02-DEL01-MG;;;
722049;01/10/2025;quarta-feira;13:46:00;RN;304;36;MOSSORO;Entrada inopinada do pedestre;Atropelamento de Pedestre;Com V�timas Feridas;Pleno dia;Decrescente;C�u Claro;Dupla;Reta;Sim;2;0;0;1;1;0;1;2;-5,170817;-37,357865;SPRF-RN;DEL04-RN;UOP02-DEL04-RN;;;
722050;01/10/2025;quarta-feira;11:30:00;MG;354;745,8;POUSO ALTO;Acessar a via sem observar a presen�a dos outros ve�culos;Colis�o transversal;Com V�timas Feridas;Pleno dia;Crescente;C�u Claro;Simples;"Rotat�ria;Interse��o de Vias;Reta";N�o;2;0;1;0;1;0;1;2;-22,251013;-44,934624;SPRF-MG;DEL17-MG;UOP01-DEL17-MG;;;
722051;01/10/2025;quarta-feira;12:40:00;MG;267;89,2;JUIZ DE FORA;Acessar a via sem observar a presen�a dos outros ve�culos;Colis�o transversal;Com V�timas Feridas;Pleno dia;Crescente;C�u Claro;Simples;"Reta;Interse��o de Vias";Sim;2;0;1;0;1;0;1;2;-21,7727749;-43,2916345;SPRF-MG;DEL05-MG;UOP01-DEL05-MG;;;
722052;01/10/2025;quarta-feira;10:00:00;GO;153;234,3;HIDROLINA;Demais falhas mec�nicas ou el�tricas;Sa�da de leito carro��vel;Com V�timas Feridas;Pleno dia;Decrescente;C�u Claro;Simples;Reta;N�o;1;0;1;0;0;0;1;1;-14,806348;-49,288608;SPRF-GO;DEL07-GO;UOP02-DEL07-GO;;;
722054;01/10/2025;quarta-feira;13:10:00;SP;381;74;SAO PAULO;Rea��o tardia ou ineficiente do condutor;Tombamento;Com V�timas Feridas;Pleno dia;Decrescente;C�u Claro;Dupla;Curva;N�o;2;0;2;0;0;0;2;1;-23,376082;-46,561729;SPRF-SP;DEL03-SP;UOP01-DEL03-SP;;;
722055;20/09/2025;s�bado;09:30:00;BA;101;260;SANTO ANTONIO DE JESUS;Acesso irregular;Colis�o transversal;Com V�timas Feridas;Pleno dia;Crescente;Ignorado;Simples;"Aclive;Reta";Sim;2;0;1;0;1;0;1;2;-12,95604828;-39,26456114;SPRF-BA;DEL01-BA;UOP02-DEL01-BA;;;
722057;01/10/2025;quarta-feira;14:45:00;PR;277;725;FOZ DO IGUACU;Acessar a via sem observar a presen�a dos outros ve�culos;Colis�o traseira;Com V�timas Feridas;Pleno dia;Crescente;C�u Claro;Dupla;"Reta;Declive";Sim;2;0;0;1;1;0;1;2;-25,5096602;-54,5957761;SPRF-PR;DEL05-PR;UOP03-DEL05-PR;;;
722059;01/10/2025;quarta-feira;14:17:00;PB;230;9,3;CABEDELO;Acessar a via sem observar a presen�a dos outros ve�culos;Colis�o lateral mesmo sentido;Com V�timas Feridas;Pleno dia;Crescente;C�u Claro;Dupla;Reta;Sim;3;0;2;1;0;0;3;2;-7,047641;-34,848005;SPRF-PB;DEL01-PB;UOP01-DEL01-PB;;;
722061;23/09/2025;ter�a-feira;13:41:00;PI;343;592,4;FLORIANO;Acessar a via sem observar a presen�a dos outros ve�culos;Colis�o transversal;Com V�timas Feridas;Pleno dia;Decrescente;C�u Claro;Simples;Reta;Sim;2;0;1;0;1;0;1;2;-6,989557;-43,292768;SPRF-PI;DEL03-PI;UOP01-DEL03-PI;;;
722062;01/10/2025;quarta-feira;14:50:00;SP;116;150,3;SAO JOSE DOS CAMPOS;Rea��o tardia ou ineficiente do condutor;Colis�o lateral mesmo sentido;Com V�timas Feridas;Pleno dia;Decrescente;C�u Claro;Dupla;"Reta;Declive";Sim;2;0;1;0;1;0;1;2;-23,21483561;-45,89427713;SPRF-SP;DEL02-SP;UOP01-DEL02-SP;;;
722063;01/10/2025;quarta-feira;15:15:00;MG;153;18;CENTRALINA;Rea��o tardia ou ineficiente do condutor;Colis�o traseira;Com V�timas Feridas;Pleno dia;Crescente;C�u Claro;Dupla;Reta;Sim;4;0;0;1;3;0;1;2;-18,5774;-49,193243;SPRF-MG;DEL15-MG;UOP03-DEL15-MG;;;
722065;01/10/2025;quarta-feira;15:25:00;PR;369;36,9;ANDIRA;Convers�o proibida;Colis�o transversal;Com V�timas Feridas;Pleno dia;Decrescente;C�u Claro;Simples;"Rotat�ria;Reta";Sim;2;0;1;0;1;0;1;2;-23,04534929;-50,23265317;SPRF-PR;DEL07-PR;UOP05-DEL07-PR;;;
722069;11/09/2025;quinta-feira;07:50:00;SC;101;204;SAO JOSE;Manobra de mudan�a de faixa;Colis�o lateral mesmo sentido;Com V�timas Feridas;Pleno dia;Crescente;C�u Claro;M�ltipla;Reta;Sim;2;0;1;0;1;0;1;2;-27,58225;-48,61489;SPRF-SC;DEL01-SC;UOP01-DEL01-SC;;;
722071;01/10/2025;quarta-feira;15:50:00;SC;101;315;LAGUNA;Aus�ncia de rea��o do condutor;Colis�o com objeto;Com V�timas Feridas;Pleno dia;Decrescente;Nublado;M�ltipla;Reta;Sim;1;0;1;0;0;0;1;1;-28,4121;-48,7811;SPRF-SC;DEL02-SC;UOP01-DEL02-SC;;;
722072;01/10/2025;quarta-feira;14:30:00;MS;158;4,3;CASSILANDIA;Acessar a via sem observar a presen�a dos outros ve�culos;Colis�o transversal;Sem V�timas;Pleno dia;Crescente;C�u Claro;Simples;"Reta;Interse��o de Vias";Sim;2;0;0;0;2;0;0;2;-19,12092246;-51,72454476;SPRF-MS;DEL08-MS;UOP01-DEL08-MS;;;
722073;01/10/2025;quarta-feira;14:35:00;MA;226;302;BARRA DO CORDA;Acessar a via sem observar a presen�a dos outros ve�culos;Colis�o traseira;Com V�timas Feridas;Pleno dia;Crescente;C�u Claro;Simples;Reta;N�o;3;0;1;1;1;0;2;2;-5,493142;-45,27202;SPRF-MA;DEL06-MA;UOP01-DEL06-MA;;;
722077;01/10/2025;quarta-feira;11:50:00;RJ;101;147,3;CASIMIRO DE ABREU;Ultrapassagem Indevida;Colis�o frontal;Com V�timas Feridas;Pleno dia;Crescente;C�u Claro;Simples;Curva;N�o;4;0;0;4;0;0;4;2;-22,4732047;-42,1831866;SPRF-RJ;DEL08-RJ;UOP04-DEL08-RJ;;;
722079;29/09/2025;segunda-feira;07:30:00;RJ;116;30;SAPUCAIA;Rea��o tardia ou ineficiente do condutor;Colis�o lateral mesmo sentido;Com V�timas Feridas;Pleno dia;Crescente;C�u Claro;Simples;Reta;N�o;2;0;1;0;1;0;1;2;-22,0465044;-42,78453827;SPRF-RJ;DEL05-RJ;UOP01-DEL05-RJ;;;
722081;03/05/2025;s�bado;23:31:00;PR;376;177;MARINGA;Demais falhas mec�nicas ou el�tricas;Colis�o traseira;Com V�timas Feridas;Plena Noite;Decrescente;C�u Claro;M�ltipla;Reta;Sim;2;0;0;1;1;0;1;2;-23,41143915;-51,93582773;SPRF-PR;DEL09-PR;UOP01-DEL09-PR;;;
722082;01/10/2025;quarta-feira;15:40:00;GO;251;33;CRISTALINA;Aus�ncia de rea��o do condutor;Colis�o lateral mesmo sentido;Com V�timas Feridas;Pleno dia;Decrescente;C�u Claro;Dupla;"Reta;Retorno Regulamentado";N�o;2;0;0;1;1;0;1;2;-16,05687669;-47,53504157;SPRF-DF;DEL01-DF;UOP01-DEL01-DF;;;
722084;01/10/2025;quarta-feira;15:33:00;SP;153;207,2;GUAIMBE;Rea��o tardia ou ineficiente do condutor;Colis�o traseira;Sem V�timas;Pleno dia;Crescente;C�u Claro;Simples;Curva;N�o;3;0;0;0;3;0;0;2;-21,882992;-49,9084747;SPRF-SP;DEL07-SP;UOP01-DEL07-SP;;;
722085;01/10/2025;quarta-feira;17:00:00;PR;369;137;IBIPORA;Condutor deixou de manter dist�ncia do ve�culo da frente;Colis�o traseira;Com V�timas Feridas;Pleno dia;Crescente;C�u Claro;Simples;Reta;N�o;2;0;1;0;1;0;1;2;-23,2705375;-51,0453221;SPRF-PR;DEL07-PR;UOP01-DEL07-PR;;;
722086;01/10/2025;quarta-feira;17:00:00;MG;262;436,6;NOVA SERRANA;Condutor deixou de manter dist�ncia do ve�culo da frente;Tombamento;Com V�timas Feridas;Pleno dia;Crescente;Vento;Dupla;Reta;Sim;2;0;2;0;0;0;2;1;-19,8731;-44,96193;SPRF-MG;DEL08-MG;UOP03-DEL08-MG;;;
722087;01/10/2025;quarta-feira;16:50:00;MG;262;437,3;NOVA SERRANA;Velocidade Incompat�vel;Tombamento;Com V�timas Feridas;Pleno dia;Decrescente;Sol;Dupla;"Aclive;Retorno Regulamentado";N�o;2;0;1;0;1;0;1;1;-19,87228;-44,9692;SPRF-MG;DEL08-MG;UOP03-DEL08-MG;;;
722088;01/10/2025;quarta-feira;17:25:00;SC;101;197;BIGUACU;Rea��o tardia ou ineficiente do condutor;Colis�o lateral mesmo sentido;Com V�timas Feridas;Anoitecer;Decrescente;Nublado;Dupla;Curva;Sim;2;0;1;0;1;0;1;2;-27,519;-48,638;SPRF-SC;DEL01-SC;UOP01-DEL01-SC;;;
722089;01/10/2025;quarta-feira;17:14:00;PB;230;18,2;JOAO PESSOA;Aus�ncia de rea��o do condutor;Colis�o traseira;Com V�timas Feridas;Anoitecer;Crescente;Nublado;Dupla;Reta;Sim;2;0;0;1;1;0;1;2;-7,12444;-34,845233;SPRF-PB;DEL01-PB;UOP01-DEL01-PB;;;
722091;01/10/2025;quarta-feira;06:52:00;MT;163;1019;TERRA NOVA DO NORTE;Mal s�bito do condutor;Tombamento;Com V�timas Feridas;Amanhecer;Crescente;C�u Claro;Simples;Reta;N�o;1;0;1;0;0;0;1;1;-10,323617;-55,037109;SPRF-MT;DEL06-MT;UOP03-DEL06-MT;;;
722094;01/10/2025;quarta-feira;17:15:00;RJ;101;326;RIO DE JANEIRO;Demais Fen�menos da natureza;Queda de ocupante de ve�culo;Com V�timas Feridas;Pleno dia;Decrescente;C�u Claro;Dupla;"Ponte;Aclive;Reta";N�o;1;0;1;0;0;0;1;1;-22,870692;-43,161655;SPRF-RJ;DEL02-RJ;UOP01-DEL02-RJ;;;
722095;01/10/2025;quarta-feira;18:00:00;PR;369;187;ARAPONGAS;Pedestre cruzava a pista fora da faixa;Atropelamento de Pedestre;Com V�timas Feridas;Anoitecer;Crescente;C�u Claro;Simples;Reta;Sim;2;0;1;1;0;0;2;2;-23,412402;-51,427249;SPRF-PR;DEL07-PR;UOP03-DEL07-PR;;;
722099;01/10/2025;quarta-feira;18:00:00;PR;369;38,6;ANDIRA;Rea��o tardia ou ineficiente do condutor;Tombamento;Com V�timas Feridas;Anoitecer;Crescente;Nublado;Simples;Reta;N�o;1;0;0;1;0;0;1;1;-23,05565;-50,24451;SPRF-PR;DEL07-PR;UOP05-DEL07-PR;;;
722100;01/10/2025;quarta-feira;18:35:00;PE;428;185,7;PETROLINA;Acessar a via sem observar a presen�a dos outros ve�culos;Colis�o lateral mesmo sentido;Com V�timas Feridas;Plena Noite;Decrescente;C�u Claro;Dupla;Reta;Sim;3;0;2;0;0;1;2;2;-9,35742719;-40,47903864;SPRF-PE;DEL06-PE;UOP01-DEL06-PE;;;
722103;01/10/2025;quarta-feira;16:05:00;RJ;40;120;DUQUE DE CAXIAS;Acessar a via sem observar a presen�a dos outros ve�culos;Colis�o lateral mesmo sentido;Com V�timas Feridas;Pleno dia;Decrescente;C�u Claro;Simples;Reta;Sim;2;0;1;0;1;0;1;2;-22,78002787;-43,28231733;SPRF-RJ;DEL01-RJ;UOP02-DEL01-RJ;;;
722105;01/10/2025;quarta-feira;19:00:00;DF;70;10;BRASILIA;Manobra de mudan�a de faixa;Colis�o lateral mesmo sentido;Com V�timas Feridas;Plena Noite;Crescente;C�u Claro;Dupla;Reta;N�o;2;0;1;0;1;0;1;2;-15,788213;-48,144243;SPRF-DF;DEL03-DF;UOP02-DEL03-DF;;;
722106;01/10/2025;quarta-feira;18:40:00;SC;101;119;ITAJAI;Rea��o tardia ou ineficiente do condutor;Tombamento;Com V�timas Feridas;Plena Noite;Decrescente;C�u Claro;Simples;Reta;Sim;2;0;1;0;1;0;1;1;-26,91110466;-48,71277809;SPRF-SC;DEL04-SC;UOP04-DEL04-SC;;;
722107;01/10/2025;quarta-feira;17:20:00;BA;116;517;FEIRA DE SANTANA;Acessar a via sem observar a presen�a dos outros ve�culos;Colis�o transversal;Sem V�timas;Anoitecer;Crescente;C�u Claro;Simples;Reta;Sim;3;0;0;0;1;2;0;3;-12,25484;-38,93244;SPRF-BA;DEL03-BA;UOP02-DEL03-BA;;;
722108;01/10/2025;quarta-feira;16:04:00;RO;364;423;JARU;Acessar a via sem observar a presen�a dos outros ve�culos;Colis�o transversal;Com V�timas Feridas;Pleno dia;Crescente;C�u Claro;M�ltipla;"Interse��o de Vias;Retorno Regulamentado;Reta";Sim;2;0;1;0;1;0;1;2;-10,452376;-62,460373;SPRF-RO;DEL03-RO;UOP02-DEL03-RO;;;
722109;01/10/2025;quarta-feira;17:30:00;ES;259;85;BAIXO GUANDU;Pedestre andava na pista;Colis�o traseira;Com V�timas Feridas;Anoitecer;Crescente;C�u Claro;Simples;Aclive;N�o;2;0;1;0;1;0;1;2;-19,5117495;-40,8815622;SPRF-ES;DEL02-ES;UOP01-DEL02-ES;;;
722110;01/10/2025;quarta-feira;18:30:00;RJ;101;393;ITAGUAI;Frear bruscamente;Colis�o lateral mesmo sentido;Com V�timas Feridas;Plena Noite;Decrescente;Ignorado;Dupla;Reta;N�o;2;0;1;0;1;0;1;2;-22,87568589;-43,74167383;SPRF-RJ;DEL03-RJ;UOP01-DEL03-RJ;;;
722112;01/10/2025;quarta-feira;19:00:00;RS;116;238;NOVO HAMBURGO;Condutor deixou de manter dist�ncia do ve�culo da frente;Colis�o traseira;Com V�timas Feridas;Plena Noite;Decrescente;C�u Claro;Dupla;"Desvio Tempor�rio;Reta;Em Obras";Sim;2;0;1;0;1;0;1;2;-29,6824401;-51,142047;SPRF-RS;DEL01-RS;UOP02-DEL01-RS;;;
722113;01/10/2025;quarta-feira;12:30:00;BA;407;168;FILADELFIA;Ingest�o de �lcool pelo condutor;Colis�o traseira;Sem V�timas;Pleno dia;Decrescente;C�u Claro;Simples;Reta;N�o;2;0;0;0;2;0;0;2;-10,84070184;-40,11340516;SPRF-BA;DEL04-BA;UOP01-DEL04-BA;;;
722114;01/10/2025;quarta-feira;17:40:00;SC;470;128;LONTRAS;Convers�o proibida;Colis�o transversal;Com V�timas Feridas;Pleno dia;Decrescente;Nublado;Simples;Reta;N�o;2;0;1;0;1;0;1;2;-27,13423665;-49,54057217;SPRF-SC;DEL04-SC;UOP02-DEL04-SC;;;
722115;01/10/2025;quarta-feira;19:00:00;MG;116;411,2;GOVERNADOR VALADARES;Condutor deixou de manter dist�ncia do ve�culo da frente;Colis�o traseira;Com V�timas Feridas;Plena Noite;Crescente;Ignorado;Dupla;Reta;Sim;2;0;1;0;1;0;1;2;-18,86832565;-41,97210699;SPRF-MG;DEL06-MG;UOP01-DEL06-MG;;;
722116;01/10/2025;quarta-feira;18:40:00;ES;101;285,1;CARIACICA;Transitar na contram�o;Atropelamento de Pedestre;Com V�timas Feridas;Plena Noite;Decrescente;Nublado;Dupla;"Reta;Interse��o de Vias";Sim;2;0;0;1;0;1;1;2;-20,252243;-40,373105;SPRF-ES;DEL01-ES;UOP01-DEL01-ES;;;
722117;01/10/2025;quarta-feira;17:50:00;MG;116;412;GOVERNADOR VALADARES;Condutor deixou de manter dist�ncia do ve�culo da frente;Colis�o traseira;Com V�timas Feridas;Plena Noite;Decrescente;C�u Claro;Dupla;Reta;N�o;2;0;1;1;0;0;2;1;-18,87737676;-41,96313858;SPRF-MG;DEL06-MG;UOP01-DEL06-MG;;;
722119;17/09/2025;quarta-feira;09:30:00;MT;174;325;CONQUISTA DOESTE;Acessar a via sem observar a presen�a dos outros ve�culos;Colis�o transversal;Com V�timas Feridas;Pleno dia;Decrescente;C�u Claro;Simples;"Aclive;Reta";N�o;2;0;2;0;0;0;2;2;-14,83934443;-59,31375505;SPRF-MT;DEL04-MT;UOP01-DEL04-MT;;;
722120;01/10/2025;quarta-feira;19:50:00;RS;470;217;BENTO GONCALVES;Acessar a via sem observar a presen�a dos outros ve�culos;Colis�o transversal;Com V�timas Feridas;Plena Noite;Crescente;C�u Claro;Simples;"Reta;Aclive";N�o;3;0;1;0;2;0;1;2;-29,17508428;-51,52302772;SPRF-RS;DEL06-RS;UOP01-DEL06-RS;;;
722121;01/10/2025;quarta-feira;19:40:00;CE;222;312;TIANGUA;Aus�ncia de rea��o do condutor;Colis�o traseira;Sem V�timas;Plena Noite;Decrescente;C�u Claro;Simples;Reta;Sim;2;0;0;0;2;0;0;2;-3,733144;-41,002385;SPRF-CE;DEL04-CE;UOP02-DEL04-CE;;;
722122;01/10/2025;quarta-feira;15:45:00;RO;364;341;JI-PARANA;Manobra de mudan�a de faixa;Colis�o lateral mesmo sentido;Com V�timas Feridas;Pleno dia;Decrescente;C�u Claro;M�ltipla;Reta;Sim;2;0;1;0;1;0;1;2;-10,88576;-61,934677;SPRF-RO;DEL02-RO;UOP01-DEL02-RO;;;
722123;01/10/2025;quarta-feira;20:00:00;MG;40;530;CONTAGEM;Manobra de mudan�a de faixa;Colis�o lateral mesmo sentido;Com V�timas Feridas;Plena Noite;Decrescente;C�u Claro;Dupla;"Reta;Declive";Sim;3;0;2;0;1;0;2;2;-19,91946442;-44,03145343;SPRF-MG;DEL01-MG;UOP02-DEL01-MG;;;
722124;01/10/2025;quarta-feira;19:00:00;RJ;40;77;PETROPOLIS;Manobra de mudan�a de faixa;Colis�o traseira;Com V�timas Feridas;Plena Noite;Decrescente;C�u Claro;Dupla;"Declive;Reta";N�o;3;0;0;2;1;0;2;2;-22,45291801;-43,20661068;SPRF-RJ;DEL01-RJ;UOP01-DEL01-RJ;;;
722126;01/10/2025;quarta-feira;19:30:00;PR;116;116;CURITIBA;Trafegar com motocicleta (ou similar) entre as faixas;Colis�o lateral mesmo sentido;Com V�timas Feridas;Plena Noite;Crescente;Nublado;Dupla;Reta;N�o;4;0;1;0;3;0;1;4;-25,555215;-49,30585;SPRF-PR;DEL01-PR;UOP03-DEL01-PR;;;
722127;01/10/2025;quarta-feira;19:35:00;PR;277;114,9;CAMPO LARGO;Trafegar com motocicleta (ou similar) entre as faixas;Atropelamento de Pedestre;Com V�timas Feridas;Plena Noite;Crescente;Garoa/Chuvisco;Dupla;"Reta;Aclive";N�o;2;0;0;1;1;0;1;2;-25,433575;-49,436968;SPRF-PR;DEL03-PR;UOP03-DEL03-PR;;;
722128;01/10/2025;quarta-feira;19:30:00;RS;471;153;SANTA CRUZ DO SUL;Ultrapassagem Indevida;Colis�o frontal;Com V�timas Feridas;Plena Noite;Crescente;C�u Claro;Simples;Reta;N�o;3;0;0;1;2;0;1;3;-29,805908;-52,405788;SPRF-RS;DEL02-RS;UOP03-DEL02-RS;;;
722129;01/10/2025;quarta-feira;20:10:00;BA;116;9,6;VITORIA DA CONQUISTA;Transitar na contram�o;Colis�o frontal;Com V�timas Feridas;Plena Noite;Crescente;Nublado;Simples;Reta;Sim;4;0;2;0;2;0;2;2;-14,857516;-40,877902;SPRF-BA;DEL08-BA;UOP01-DEL08-BA;;;
722130;01/10/2025;quarta-feira;12:00:00;BA;235;287;UAUA;Aus�ncia de rea��o do condutor;Queda de ocupante de ve�culo;Com V�timas Fatais;Pleno dia;Crescente;C�u Claro;Simples;Reta;N�o;1;1;0;0;0;0;0;1;-9,84030427;-39,47605134;SPRF-BA;DEL07-BA;UOP03-DEL07-BA;;;
722132;01/10/2025;quarta-feira;18:20:00;SC;101;197;BIGUACU;Aus�ncia de rea��o do condutor;Tombamento;Com V�timas Feridas;Anoitecer;Crescente;Nublado;M�ltipla;Reta;Sim;1;0;1;0;0;0;1;1;-27,51920372;-48,63799509;SPRF-SC;DEL01-SC;UOP01-DEL01-SC;;;