id;data_inversa;dia_semana;horario;uf;br;km;municipio;causa_acidente;tipo_acidente;classificacao_acidente;fase_dia;sentido_via;condicao_metereologica;tipo_pista;tracado_via;uso_solo;pessoas;mortos;feridos_leves;feridos_graves;ilesos;ignorados;feridos;veiculos;latitude;longitude;regional;delegacia;uop;;;
722133;01/10/2025;quarta-feira;19:50:00;MG;116;605;SAO JOAO DO MANHUACU;Aus�ncia de rea��o do condutor;Colis�o traseira;Com V�timas Feridas;Plena Noite;Decrescente;C�u Claro;Simples;Reta;N�o;2;0;1;0;1;0;1;2;-20,381617;-42,147052;SPRF-MG;DEL06-MG;UOP03-DEL06-MG;;;
722136;01/10/2025;quarta-feira;19:00:00;GO;153;670,3;GOIATUBA;Acessar a via sem observar a presen�a dos outros ve�culos;Colis�o traseira;Com V�timas Feridas;Plena Noite;Decrescente;C�u Claro;Dupla;Retorno Regulamentado;N�o;2;0;1;0;1;0;1;2;-18,13788251;-49,28542882;SPRF-GO;DEL03-GO;UOP02-DEL03-GO;;;
722138;01/10/2025;quarta-feira;21:00:00;SP;153;52;SAO JOSE DO RIO PRETO;Aus�ncia de rea��o do condutor;Colis�o com objeto;Com V�timas Feridas;Plena Noite;Decrescente;C�u Claro;Dupla;Reta;N�o;1;0;1;0;0;0;1;1;-20,73943893;-49,33784008;SPRF-SP;DEL09-SP;UOP01-DEL09-SP;;;
722139;01/10/2025;quarta-feira;21:40:00;PE;408;98;JABOATAO DOS GUARARAPES;Manobra de mudan�a de faixa;Colis�o lateral mesmo sentido;Sem V�timas;Plena Noite;Decrescente;C�u Claro;Dupla;"Curva;Interse��o de Vias";Sim;2;0;0;0;1;1;0;2;-8,07759516;-34,99235328;SPRF-PE;DEL01-PE;UOP01-DEL01-PE;;;
722140;01/10/2025;quarta-feira;19:15:00;MG;146;472,7;POCOS DE CALDAS;Rea��o tardia ou ineficiente do condutor;Sa�da de leito carro��vel;Com V�timas Feridas;Plena Noite;Crescente;C�u Claro;Dupla;Curva;N�o;1;0;1;0;0;0;1;1;-21,7989199;-46,44557869;SPRF-MG;DEL09-MG;UOP01-DEL09-MG;;;
722142;01/10/2025;quarta-feira;21:40:00;RJ;116;316;ITATIAIA;Avarias e/ou desgaste excessivo no pneu;Queda de ocupante de ve�culo;Com V�timas Feridas;Plena Noite;Decrescente;C�u Claro;Dupla;Reta;Sim;1;0;1;0;0;0;1;1;-22,46756643;-44,50578976;SPRF-RJ;DEL07-RJ;UOP02-DEL07-RJ;;;
722143;01/10/2025;quarta-feira;22:00:00;PB;101;88;JOAO PESSOA;Chuva;Tombamento;Com V�timas Feridas;Plena Noite;Crescente;Chuva;Dupla;Reta;N�o;1;0;1;0;0;0;1;1;-7,17353162;-34,8984459;SPRF-PB;DEL01-PB;UOP01-DEL01-PB;;;
722144;01/10/2025;quarta-feira;20:40:00;RO;174;13;VILHENA;Acessar a via sem observar a presen�a dos outros ve�culos;Colis�o transversal;Com V�timas Feridas;Plena Noite;Decrescente;C�u Claro;Dupla;"Interse��o de Vias;Reta";Sim;5;0;2;0;2;1;2;3;-12,74055736;-60,13195038;SPRF-RO;DEL04-RO;UOP01-DEL04-RO;;;
722145;01/10/2025;quarta-feira;20:00:00;RS;472;122,3;SAO JOSE DO INHACORA;Animais na Pista;Atropelamento de Animal;Com V�timas Feridas;Plena Noite;Decrescente;C�u Claro;Simples;Curva;N�o;1;0;0;1;0;0;1;1;-27,6874181;-54,15241448;SPRF-RS;DEL10-RS;UOP01-DEL10-RS;;;
722146;01/10/2025;quarta-feira;22:20:00;ES;101;147,6;LINHARES;Aus�ncia de rea��o do condutor;Tombamento;Com V�timas Feridas;Plena Noite;Decrescente;C�u Claro;Dupla;Reta;Sim;1;0;1;0;0;0;1;1;-19,38408574;-40,06688118;SPRF-ES;DEL04-ES;UOP01-DEL04-ES;;;
722147;01/10/2025;quarta-feira;20:00:00;RJ;116;319;ITATIAIA;Avarias e/ou desgaste excessivo no pneu;Tombamento;Com V�timas Feridas;Plena Noite;Crescente;C�u Claro;Dupla;Reta;Sim;2;0;2;0;0;0;2;1;-22,47160222;-44,52002114;SPRF-RJ;DEL07-RJ;UOP02-DEL07-RJ;;;
722149;01/10/2025;quarta-feira;19:16:00;MS;158;342,8;BRASILANDIA;Rea��o tardia ou ineficiente do condutor;Colis�o traseira;Com V�timas Feridas;Plena Noite;Crescente;C�u Claro;Simples;"Declive;Reta";Sim;2;0;1;0;0;1;1;2;-21,256098;-52,016511;SPRF-MS;DEL07-MS;UOP01-DEL07-MS;;;
722150;01/10/2025;quarta-feira;21:30:00;RJ;40;116;DUQUE DE CAXIAS;Objeto est�tico sobre o leito carro��vel;Colis�o com objeto;Com V�timas Feridas;Plena Noite;Decrescente;C�u Claro;M�ltipla;Reta;N�o;2;0;2;0;0;0;2;1;-22,74246457;-43,28774578;SPRF-RJ;DEL01-RJ;UOP02-DEL01-RJ;;;
722154;01/10/2025;quarta-feira;23:00:00;MG;262;39;MANHUACU;Transitar na contram�o;Colis�o frontal;Com V�timas Feridas;Plena Noite;Crescente;C�u Claro;Simples;Curva;Sim;2;0;1;1;0;0;2;2;-20,276183;-42,054363;SPRF-MG;DEL06-MG;UOP03-DEL06-MG;;;
722155;02/10/2025;quinta-feira;00:30:00;RJ;116;169;RIO DE JANEIRO;Objeto est�tico sobre o leito carro��vel;Tombamento;Com V�timas Feridas;Plena Noite;Decrescente;C�u Claro;Dupla;"Aclive;Em Obras";Sim;1;0;1;0;0;0;1;1;-22,81772488;-43,32253933;SPRF-RJ;DEL06-RJ;UOP01-DEL06-RJ;;;
722156;02/10/2025;quinta-feira;00:15:00;PR;369;144,5;LONDRINA;Ingest�o de �lcool pelo condutor;Colis�o lateral mesmo sentido;Com V�timas Feridas;Plena Noite;Decrescente;C�u Claro;Dupla;"Reta;Declive";N�o;2;0;1;0;1;0;1;2;-23,293469;-51,105161;SPRF-PR;DEL07-PR;UOP01-DEL07-PR;;;
722157;01/10/2025;quarta-feira;19:10:00;PA;10;309;IRITUIA;Transitar na contram�o;Colis�o frontal;Com V�timas Fatais;Plena Noite;Crescente;C�u Claro;Simples;Reta;N�o;3;2;0;1;0;0;1;2;-1,727863;-47,503028;SPRF-PA;DEL01-PA;UOP02-DEL01-PA;;;
722158;02/10/2025;quinta-feira;00:30:00;SC;280;29,6;ARAQUARI;Manobra de mudan�a de faixa;Sa�da de leito carro��vel;Com V�timas Feridas;Plena Noite;Crescente;Nublado;Simples;Reta;Sim;1;0;0;1;0;0;1;1;-26,41154521;-48,75399089;SPRF-SC;DEL03-SC;UOP03-DEL03-SC;;;
722160;02/10/2025;quinta-feira;00:30:00;SP;116;310;SAO LOURENCO DA SERRA;Demais falhas mec�nicas ou el�tricas;Inc�ndio;Sem V�timas;Plena Noite;Decrescente;Ignorado;Dupla;Reta;N�o;1;0;0;0;1;0;0;1;-23,86913392;-46,95456304;SPRF-SP;DEL04-SP;UOP01-DEL04-SP;;;
722161;02/10/2025;quinta-feira;01:00:00;PR;376;157,8;MANDAGUACU;Condutor Dormindo;Sa�da de leito carro��vel;Com V�timas Feridas;Plena Noite;Decrescente;Nublado;Dupla;Curva;Sim;1;0;1;0;0;0;1;1;-23,351001;-52,09102;SPRF-PR;DEL09-PR;UOP02-DEL09-PR;;;
722163;01/10/2025;quarta-feira;22:00:00;MS;60;116;PARAISO DAS AGUAS;Aus�ncia de rea��o do condutor;Sa�da de leito carro��vel;Com V�timas Feridas;Plena Noite;Decrescente;C�u Claro;Simples;Curva;N�o;4;0;4;0;0;0;4;1;-19;-53;SPRF-MS;DEL06-MS;UOP02-DEL06-MS;;;
722164;02/10/2025;quinta-feira;02:45:00;MG;40;617,7;CONGONHAS;Rea��o tardia ou ineficiente do condutor;Colis�o traseira;Com V�timas Feridas;Plena Noite;Crescente;C�u Claro;Simples;Reta;Sim;2;0;1;0;1;0;1;2;-20,56111719;-43,81278992;SPRF-MG;DEL05-MG;UOP02-DEL05-MG;;;
722165;02/10/2025;quinta-feira;03:00:00;SP;381;42;ATIBAIA;Demais falhas mec�nicas ou el�tricas;Inc�ndio;Sem V�timas;Plena Noite;Crescente;C�u Claro;Dupla;Reta;Sim;1;0;0;0;1;0;0;1;-23,14991913;-46,57575428;SPRF-SP;DEL03-SP;UOP01-DEL03-SP;;;
722167;02/10/2025;quinta-feira;02:30:00;PE;101;48,2;ABREU E LIMA;Velocidade Incompat�vel;Colis�o com objeto;Com V�timas Feridas;Plena Noite;Decrescente;C�u Claro;M�ltipla;Reta;Sim;1;0;0;1;0;0;1;1;-7,896174;-34,902612;SPRF-PE;DEL01-PE;UOP02-DEL01-PE;;;
722168;02/10/2025;quinta-feira;03:30:00;SC;101;460;PASSO DE TORRES;Aus�ncia de rea��o do condutor;Colis�o com objeto;Com V�timas Feridas;Plena Noite;Crescente;Garoa/Chuvisco;Dupla;Rotat�ria;N�o;1;0;0;1;0;0;1;1;-29,26640222;-49,75568265;SPRF-RS;DEL03-RS;UOP02-DEL03-RS;;;
722169;02/10/2025;quinta-feira;04:40:00;MG;40;614,3;CONGONHAS;Aus�ncia de rea��o do condutor;Sa�da de leito carro��vel;Com V�timas Feridas;Plena Noite;Crescente;C�u Claro;Simples;Curva;N�o;2;0;1;0;1;0;1;1;-20,5250683;-43,8271569;SPRF-MG;DEL05-MG;UOP02-DEL05-MG;;;
722171;02/10/2025;quinta-feira;04:20:00;DF;20;16;BRASILIA;Sinaliza��o mal posicionada;Colis�o com objeto;Com V�timas Feridas;Plena Noite;Decrescente;C�u Claro;Dupla;"Reta;Em Obras;Desvio Tempor�rio";Sim;3;0;2;1;0;0;3;1;-15,61964182;-47,71441537;SPRF-DF;DEL02-DF;UOP01-DEL02-DF;;;
722172;02/10/2025;quinta-feira;00:20:00;AL;101;104;PILAR;Aus�ncia de rea��o do condutor;Queda de ocupante de ve�culo;Sem V�timas;Plena Noite;Decrescente;Chuva;Dupla;Curva;N�o;1;0;0;0;0;1;0;1;-9,5871;-35,98035;SPRF-AL;DEL02-AL;UOP01-DEL02-AL;;;
722173;02/10/2025;quinta-feira;04:40:00;PB;230;78,7;RIACHAO DO POCO;Animais na Pista;Atropelamento de Animal;Com V�timas Feridas;Plena Noite;Crescente;Nublado;Dupla;"Declive;Reta";N�o;1;0;1;0;0;0;1;1;-7,180585;-35,312908;SPRF-PB;DEL01-PB;UOP02-DEL01-PB;;;
722178;02/10/2025;quinta-feira;04:30:00;SP;116;116;TAUBATE;Manobra de mudan�a de faixa;Colis�o traseira;Com V�timas Feridas;Amanhecer;Crescente;C�u Claro;Dupla;Reta;Sim;3;0;1;0;2;0;1;2;-23,05607;-45,613871;SPRF-SP;DEL02-SP;UOP02-DEL02-SP;;;
722180;02/10/2025;quinta-feira;06:10:00;SC;282;218,3;LAGES;Aus�ncia de rea��o do condutor;Colis�o traseira;Com V�timas Feridas;Pleno dia;Crescente;Nublado;Dupla;"Aclive;Reta";Sim;2;0;1;0;1;0;1;2;-27,797347;-50,311967;SPRF-SC;DEL05-SC;UOP01-DEL05-SC;;;
722181;02/10/2025;quinta-feira;03:20:00;ES;259;93,3;BAIXO GUANDU;Rea��o tardia ou ineficiente do condutor;Sa�da de leito carro��vel;Com V�timas Fatais;Plena Noite;Crescente;Nublado;Simples;Curva;N�o;1;1;0;0;0;0;0;1;-19,5031169;-40,943762;SPRF-ES;DEL02-ES;UOP01-DEL02-ES;;;
722182;02/10/2025;quinta-feira;06:00:00;MG;50;44,5;ARAGUARI;Manobra de mudan�a de faixa;Sa�da de leito carro��vel;Com V�timas Feridas;Amanhecer;Crescente;C�u Claro;Dupla;Reta;N�o;3;0;1;0;2;0;1;1;-18,71086071;-48,19506381;SPRF-MG;DEL15-MG;UOP02-DEL15-MG;;;
722184;02/10/2025;quinta-feira;06:55:00;PB;104;116,9;LAGOA SECA;Acessar a via sem observar a presen�a dos outros ve�culos;Colis�o transversal;Com V�timas Feridas;Pleno dia;Decrescente;Chuva;Simples;"Aclive;Reta";Sim;2;0;0;1;1;0;1;2;-7,182957;-35,86539;SPRF-PB;DEL02-PB;UOP04-DEL02-PB;;;
722185;02/10/2025;quinta-feira;07:00:00;PE;101;71,4;RECIFE;Condutor deixou de manter dist�ncia do ve�culo da frente;Colis�o traseira;Com V�timas Feridas;Pleno dia;Crescente;C�u Claro;Dupla;Reta;Sim;3;0;1;0;2;0;1;2;-8,080502;-34,943229;SPRF-PE;DEL01-PE;UOP01-DEL01-PE;;;
722186;02/10/2025;quinta-feira;06:55:00;ES;101;269;SERRA;Condutor deixou de manter dist�ncia do ve�culo da frente;Colis�o traseira;Com V�timas Feridas;Pleno dia;Crescente;C�u Claro;Dupla;Reta;Sim;3;0;2;0;1;0;2;3;-20,21652;-40,27011;SPRF-ES;DEL02-ES;UOP01-DEL02-ES;;;
722187;02/10/2025;quinta-feira;07:05:00;DF;20;11;BRASILIA;Pedestre cruzava a pista fora da faixa;Atropelamento de Pedestre;Com V�timas Feridas;Pleno dia;Crescente;C�u Claro;Simples;Reta;Sim;3;0;1;0;2;0;1;2;-15,642935;-47,759253;SPRF-DF;DEL02-DF;UOP01-DEL02-DF;;;
722190;02/10/2025;quinta-feira;07:20:00;RJ;101;323;NITEROI;Mal s�bito do condutor;Colis�o traseira;Com V�timas Feridas;Pleno dia;Crescente;C�u Claro;M�ltipla;Reta;N�o;2;0;1;0;1;0;1;2;-22,8780706;-43,11401725;SPRF-RJ;DEL02-RJ;UOP01-DEL02-RJ;;;
722191;06/06/2025;sexta-feira;17:30:00;SC;282;1;FLORIANOPOLIS;Condutor deixou de manter dist�ncia do ve�culo da frente;Colis�o traseira;Com V�timas Feridas;Plena Noite;Crescente;Ignorado;M�ltipla;"Declive;Reta";N�o;3;0;0;1;0;2;1;3;-27,59998988;-48,57679749;SPRF-SC;DEL01-SC;UOP01-DEL01-SC;;;
722192;24/09/2025;quarta-feira;07:00:00;TO;153;138;ARAGUAINA;Velocidade Incompat�vel;Colis�o traseira;Com V�timas Feridas;Pleno dia;Crescente;C�u Claro;Simples;"Rotat�ria;Interse��o de Vias";Sim;2;0;0;1;1;0;1;2;-7,16151116;-48,20537353;SPRF-TO;DEL02-TO;UOP01-DEL02-TO;;;
722193;02/10/2025;quinta-feira;08:00:00;RS;290;92;PORTO ALEGRE;Rea��o tardia ou ineficiente do condutor;Colis�o traseira;Sem V�timas;Pleno dia;Crescente;Nublado;M�ltipla;Reta;Sim;5;0;0;0;5;0;0;2;-29,96990782;-51,17828893;SPRF-RS;DEL01-RS;UOP01-DEL01-RS;;;
722194;02/10/2025;quinta-feira;08:00:00;SC;101;123;ITAJAI;Rea��o tardia ou ineficiente do condutor;Tombamento;Com V�timas Feridas;Pleno dia;Crescente;C�u Claro;M�ltipla;Reta;Sim;1;0;1;0;0;0;1;1;-26,93591931;-48,69958913;SPRF-SC;DEL04-SC;UOP04-DEL04-SC;;;
722195;02/10/2025;quinta-feira;08:00:00;RJ;116;147;DUQUE DE CAXIAS;Condutor deixou de manter dist�ncia do ve�culo da frente;Colis�o traseira;Com V�timas Feridas;Pleno dia;Crescente;C�u Claro;Dupla;Reta;Sim;2;0;1;0;1;0;1;2;-22,6696987;-43,2729277;SPRF-RJ;DEL01-RJ;UOP02-DEL01-RJ;;;
722196;02/10/2025;quinta-feira;07:40:00;PR;158;532;PATO BRANCO;Ultrapassagem Indevida;Colis�o lateral mesmo sentido;Com V�timas Feridas;Pleno dia;Decrescente;C�u Claro;Simples;"Aclive;Reta";Sim;2;0;1;0;1;0;1;2;-26,21461027;-52,68078446;SPRF-PR;DEL02-PR;UOP01-DEL02-PR;;;
722197;02/10/2025;quinta-feira;07:20:00;PI;343;3,8;TERESINA;Sem�foro com defeito;Colis�o transversal;Com V�timas Feridas;Pleno dia;Crescente;C�u Claro;M�ltipla;"Reta;Interse��o de Vias";Sim;2;0;1;0;1;0;1;2;-5,08045216;-42,78687537;SPRF-PI;DEL01-PI;UOP01-DEL01-PI;;;
722198;02/10/2025;quinta-feira;06:40:00;PE;104;61,2;CARUARU;Manobra de mudan�a de faixa;Colis�o lateral mesmo sentido;Com V�timas Feridas;Pleno dia;Decrescente;C�u Claro;Dupla;Retorno Regulamentado;Sim;2;0;2;0;0;0;2;2;-8,24514;-35,97502;SPRF-PE;DEL02-PE;UOP01-DEL02-PE;;;
722199;02/10/2025;quinta-feira;08:00:00;DF;70;10;BRASILIA;Trafegar com motocicleta (ou similar) entre as faixas;Colis�o lateral mesmo sentido;Com V�timas Feridas;Pleno dia;Decrescente;C�u Claro;M�ltipla;Reta;Sim;3;0;1;0;1;1;1;3;-15,788213;-48,144243;SPRF-DF;DEL03-DF;UOP02-DEL03-DF;;;
722200;02/10/2025;quinta-feira;07:40:00;GO;153;506,7;APARECIDA DE GOIANIA;Condutor deixou de manter dist�ncia do ve�culo da frente;Colis�o traseira;Com V�timas Feridas;Pleno dia;Decrescente;Sol;Dupla;"Declive;Reta";Sim;3;0;1;0;2;0;1;3;-16,762076;-49,239875;SPRF-GO;DEL01-GO;UOP01-DEL01-GO;;;
722201;02/10/2025;quinta-feira;07:30:00;AL;101;108,5;MARECHAL DEODORO;Velocidade Incompat�vel;Sa�da de leito carro��vel;Com V�timas Feridas;Pleno dia;Decrescente;C�u Claro;Dupla;"Curva;Declive";N�o;7;0;2;0;5;0;2;1;-9,649267;-36,023233;SPRF-AL;DEL02-AL;UOP01-DEL02-AL;;;
722203;02/10/2025;quinta-feira;08:05:00;SC;101;163;TIJUCAS;Aus�ncia de rea��o do condutor;Sa�da de leito carro��vel;Com V�timas Feridas;Pleno dia;Crescente;Chuva;Dupla;Curva;N�o;1;0;1;0;0;0;1;1;-27,23263163;-48,63028876;SPRF-SC;DEL04-SC;UOP03-DEL04-SC;;;
722205;02/10/2025;quinta-feira;08:45:00;SP;116;3;GUARULHOS;Desrespeitar a prefer�ncia no cruzamento;Colis�o transversal;Com V�timas Feridas;Pleno dia;Crescente;Nublado;Dupla;"Reta;Interse��o de Vias";N�o;3;0;1;0;2;0;1;2;-23,430418;-46,492465;SPRF-SP;DEL01-SP;UOP01-DEL01-SP;;;
722207;02/10/2025;quinta-feira;09:00:00;RS;285;450,5;IJUI;Condutor deixou de manter dist�ncia do ve�culo da frente;Colis�o traseira;Com V�timas Feridas;Pleno dia;Crescente;Sol;Simples;Reta;N�o;2;0;1;0;1;0;1;2;-28,374277;-53,839205;SPRF-RS;DEL10-RS;UOP01-DEL10-RS;;;
722210;02/05/2025;sexta-feira;18:30:00;AC;317;120;CAPIXABA;Pista esburacada;Tombamento;Com V�timas Feridas;Plena Noite;Decrescente;Ignorado;Simples;Reta;N�o;1;0;0;1;0;0;1;1;-10,37025072;-67,71038854;SPRF-AC;DEL01-AC;UOP02-DEL01-AC;;;
722212;02/10/2025;quinta-feira;08:59:00;SP;116;219;GUARULHOS;Aus�ncia de rea��o do condutor;Colis�o lateral mesmo sentido;Com V�timas Feridas;Pleno dia;Decrescente;Nublado;M�ltipla;Reta;Sim;2;0;1;0;1;0;1;2;-23,46389404;-46,4949929;SPRF-SP;DEL01-SP;UOP01-DEL01-SP;;;
722215;02/10/2025;quinta-feira;04:40:00;MT;70;276;PRIMAVERA DO LESTE;Condutor Dormindo;Sa�da de leito carro��vel;Com V�timas Feridas;Amanhecer;Crescente;C�u Claro;Simples;Curva;N�o;2;0;2;0;0;0;2;1;-15,554422;-54,263648;SPRF-MT;DEL05-MT;UOP01-DEL05-MT;;;
722216;02/10/2025;quinta-feira;09:12:00;SC;101;123;ITAJAI;Manobra de mudan�a de faixa;Colis�o lateral mesmo sentido;Sem V�timas;Pleno dia;Crescente;C�u Claro;M�ltipla;Reta;Sim;2;0;0;0;2;0;0;2;-26,94541977;-48,68891421;SPRF-SC;DEL04-SC;UOP04-DEL04-SC;;;
722217;02/10/2025;quinta-feira;10:00:00;RS;290;5,2;OSORIO;Condutor Dormindo;Atropelamento de Pedestre;Com V�timas Feridas;Pleno dia;Decrescente;C�u Claro;M�ltipla;Reta;N�o;3;0;0;1;2;0;1;2;-29,896865;-50,32703;SPRF-RS;DEL03-RS;UOP01-DEL03-RS;;;
722219;02/10/2025;quinta-feira;08:00:00;MG;40;16,7;PARACATU;Condutor deixou de manter dist�ncia do ve�culo da frente;Colis�o traseira;Com V�timas Feridas;Pleno dia;Crescente;C�u Claro;Simples;"Reta;Aclive";N�o;7;0;0;1;5;1;1;3;-17,089947;-47,030274;SPRF-MG;DEL14-MG;UOP01-DEL14-MG;;;
722220;02/10/2025;quinta-feira;06:55:00;MT;364;203;RONDONOPOLIS;Ingest�o de �lcool pelo condutor;Colis�o com objeto;Sem V�timas;Pleno dia;Crescente;C�u Claro;Dupla;Retorno Regulamentado;Sim;1;0;0;0;1;0;0;1;-16,46512255;-54,65795875;SPRF-MT;DEL02-MT;UOP01-DEL02-MT;;;
722222;07/09/2025;domingo;08:40:00;MG;381;444;SABARA;Aus�ncia de rea��o do condutor;Colis�o traseira;Com V�timas Feridas;Pleno dia;Crescente;C�u Claro;Simples;Reta;Sim;2;0;1;0;1;0;1;2;-19,8939514;-43,8230896;SPRF-MG;DEL01-MG;UOP01-DEL01-MG;;;
722223;02/10/2025;quinta-feira;10:48:00;ES;101;282,1;CARIACICA;Aus�ncia de rea��o do condutor;Colis�o traseira;Com V�timas Feridas;Pleno dia;Crescente;Sol;Dupla;Reta;Sim;2;0;0;1;1;0;1;2;-20,2277112;-40,3653903;SPRF-ES;DEL01-ES;UOP01-DEL01-ES;;;
722224;02/10/2025;quinta-feira;09:00:00;PE;104;59;CARUARU;Acessar a via sem observar a presen�a dos outros ve�culos;Colis�o transversal;Com V�timas Feridas;Pleno dia;Decrescente;Nublado;Dupla;Reta;Sim;3;0;2;0;0;1;2;2;-8,235893;-35,975919;SPRF-PE;DEL02-PE;UOP01-DEL02-PE;;;
722227;02/10/2025;quinta-feira;11:00:00;PI;343;12;PARNAIBA;Acessar a via sem observar a presen�a dos outros ve�culos;Colis�o transversal;Com V�timas Feridas;Pleno dia;Crescente;C�u Claro;Dupla;Rotat�ria;Sim;2;0;1;0;1;0;1;2;-2,9095463;-41,75377607;SPRF-PI;DEL05-PI;UOP01-DEL05-PI;;;
722228;02/10/2025;quinta-feira;01:45:00;RJ;101;478;ANGRA DOS REIS;Rea��o tardia ou ineficiente do condutor;Sa�da de leito carro��vel;Com V�timas Feridas;Plena Noite;Crescente;C�u Claro;Simples;Curva;N�o;1;0;1;0;0;0;1;1;-22,9997924;-44,2388666;SPRF-RJ;DEL03-RJ;UOP03-DEL03-RJ;;;
722233;02/10/2025;quinta-feira;11:00:00;GO;60;254,4;INDIARA;Acessar a via sem observar a presen�a dos outros ve�culos;Colis�o traseira;Com V�timas Feridas;Pleno dia;Crescente;C�u Claro;Dupla;Reta;Sim;2;0;1;0;1;0;1;2;-17,144298;-50,005621;SPRF-GO;DEL01-GO;UOP02-DEL01-GO;;;
722234;02/10/2025;quinta-feira;09:00:00;RO;364;377;OURO PRETO DO OESTE;Pista esburacada;Sa�da de leito carro��vel;Com V�timas Feridas;Pleno dia;Crescente;C�u Claro;Simples;"Reta;Declive";N�o;1;0;1;0;0;0;1;1;-10,740515;-62,202659;SPRF-RO;DEL02-RO;UOP01-DEL02-RO;;;
722235;02/10/2025;quinta-feira;12:00:00;RS;392;24,4;RIO GRANDE;Manobra de mudan�a de faixa;Colis�o lateral mesmo sentido;Com V�timas Feridas;Pleno dia;Decrescente;C�u Claro;Dupla;Reta;N�o;3;0;1;0;2;0;1;2;-32,08383726;-52,24198278;SPRF-RS;DEL07-RS;UOP02-DEL07-RS;;;
722236;02/10/2025;quinta-feira;12:36:00;RJ;116;183;NOVA IGUACU;Entrada inopinada do pedestre;Atropelamento de Pedestre;Com V�timas Feridas;Pleno dia;Crescente;C�u Claro;Simples;Reta;N�o;2;0;1;0;1;0;1;2;-22,75457886;-43,43392205;SPRF-RJ;DEL06-RJ;UOP01-DEL06-RJ;;;
722237;02/10/2025;quinta-feira;12:00:00;RS;472;575;URUGUAIANA;Transitar na contram�o;Colis�o transversal;Com V�timas Feridas;Pleno dia;Crescente;C�u Claro;Simples;Reta;N�o;2;0;0;1;1;0;1;2;-29,76298125;-57,05564903;SPRF-RS;DEL13-RS;UOP01-DEL13-RS;;;
722238;02/10/2025;quinta-feira;12:45:00;RS;116;238;NOVO HAMBURGO;Carga excessiva e/ou mal acondicionada;Derramamento de carga;Com V�timas Feridas;Pleno dia;Decrescente;C�u Claro;M�ltipla;"Reta;Viaduto;Em Obras;Declive";Sim;3;0;1;0;2;0;1;2;-29,68452922;-51,14167448;SPRF-RS;DEL01-RS;UOP02-DEL01-RS;;;
722240;02/10/2025;quinta-feira;12:10:00;GO;60;48,8;ABADIANIA;Condutor deixou de manter dist�ncia do ve�culo da frente;Colis�o traseira;Sem V�timas;Pleno dia;Crescente;C�u Claro;Dupla;"Reta;Aclive";N�o;2;0;0;0;2;0;0;2;-16,155419;-48,611431;SPRF-GO;DEL02-GO;UOP01-DEL02-GO;;;
722243;02/10/2025;quinta-feira;13:00:00;GO;414;317;VILA PROPICIO;Acessar a via sem observar a presen�a dos outros ve�culos;Colis�o transversal;Com V�timas Feridas;Pleno dia;Crescente;C�u Claro;Simples;Interse��o de Vias;N�o;2;0;1;0;0;1;1;2;-15,357212;-48,646595;SPRF-GO;DEL02-GO;UOP01-DEL02-GO;;;
722244;02/10/2025;quinta-feira;13:20:00;RJ;101;326;RIO DE JANEIRO;Mal s�bito do condutor;Colis�o traseira;Com V�timas Feridas;Pleno dia;Crescente;C�u Claro;Dupla;"Reta;Aclive;Ponte";N�o;2;0;1;0;1;0;1;2;-22,87094198;-43,15666485;SPRF-RJ;DEL02-RJ;UOP01-DEL02-RJ;;;
722245;02/10/2025;quinta-feira;13:10:00;RS;116;38,8;VACARIA;Acessar a via sem observar a presen�a dos outros ve�culos;Colis�o lateral mesmo sentido;Com V�timas Feridas;Pleno dia;Crescente;C�u Claro;Simples;Reta;Sim;2;0;1;0;1;0;1;2;-28,51102;-50,93147;SPRF-RS;DEL05-RS;UOP03-DEL05-RS;;;
722246;31/08/2025;domingo;06:40:00;ES;259;25;COLATINA;Pista Escorregadia;Colis�o lateral sentido oposto;Com V�timas Feridas;Pleno dia;Crescente;Chuva;Simples;Curva;N�o;2;0;1;0;1;0;1;2;-19,61800371;-40,48054129;SPRF-ES;DEL02-ES;UOP01-DEL02-ES;;;
722247;02/10/2025;quinta-feira;07:30:00;SC;163;2;DIONISIO CERQUEIRA;Mal s�bito do condutor;Sa�da de leito carro��vel;Com V�timas Feridas;Pleno dia;Crescente;C�u Claro;Simples;Reta;Sim;23;0;6;0;17;0;6;1;-26,26546913;-53,62509894;SPRF-SC;DEL07-SC;UOP03-DEL07-SC;;;
722250;02/10/2025;quinta-feira;14:00:00;RJ;116;173;SAO JOAO DE MERITI;Frear bruscamente;Colis�o traseira;Com V�timas Feridas;Pleno dia;Decrescente;C�u Claro;Dupla;Reta;N�o;4;0;3;0;1;0;3;3;-22,7948;-43,36363;SPRF-RJ;DEL06-RJ;UOP01-DEL06-RJ;;;
722251;02/10/2025;quinta-feira;12:00:00;SC;470;56;BLUMENAU;Transitar na contram�o;Colis�o transversal;Com V�timas Feridas;Pleno dia;Decrescente;Nublado;Dupla;Reta;Sim;2;0;1;0;1;0;1;2;-26,862736;-49,0919069;SPRF-SC;DEL04-SC;UOP01-DEL04-SC;;;
722252;02/10/2025;quinta-feira;11:10:00;MT;70;283;PRIMAVERA DO LESTE;Acessar a via sem observar a presen�a dos outros ve�culos;Colis�o lateral sentido oposto;Com V�timas Feridas;Pleno dia;Decrescente;Sol;Simples;Reta;Sim;2;0;0;1;1;0;1;2;-15,567145;-54,305173;SPRF-MT;DEL05-MT;UOP01-DEL05-MT;;;