id;data_inversa;dia_semana;horario;uf;br;km;municipio;causa_acidente;tipo_acidente;classificacao_acidente;fase_dia;sentido_via;condicao_metereologica;tipo_pista;tracado_via;uso_solo;pessoas;mortos;feridos_leves;feridos_graves;ilesos;ignorados;feridos;veiculos;latitude;longitude;regional;delegacia;uop;;;
722254;09/08/2025;s�bado;19:21:00;DF;80;23;BRASILIA;Velocidade Incompat�vel;Colis�o traseira;Com V�timas Feridas;Plena Noite;Crescente;C�u Claro;Simples;Reta;N�o;2;0;0;1;0;1;1;2;-15,634511;-48,200452;SPRF-DF;DEL03-DF;UOP02-DEL03-DF;;;
722256;15/08/2025;sexta-feira;09:01:00;AP;210;105;PORTO GRANDE;Acesso irregular;Colis�o transversal;Com V�timas Feridas;Pleno dia;Decrescente;C�u Claro;Simples;Reta;Sim;2;0;1;0;1;0;1;2;0,70095;-51,402933;SPRF-AP;DEL01-AP;UOP01-DEL01-AP;;;
722259;02/10/2025;quinta-feira;08:50:00;PE;428;191,6;PETROLINA;Rea��o tardia ou ineficiente do condutor;Colis�o traseira;Com V�timas Feridas;Pleno dia;Decrescente;Sol;Dupla;"Reta;Declive";Sim;2;0;1;0;1;0;1;2;-9,379392;-40,508305;SPRF-PE;DEL06-PE;UOP01-DEL06-PE;;;
722261;02/10/2025;quinta-feira;11:00:00;MT;163;582;NOVA MUTUM;Demais falhas mec�nicas ou el�tricas;Inc�ndio;Sem V�timas;Pleno dia;Decrescente;C�u Claro;Dupla;Reta;N�o;1;0;0;0;1;0;0;1;-13,9755338;-56,10155331;SPRF-MT;DEL01-MT;UOP01-DEL01-MT;;;
722262;02/10/2025;quinta-feira;14:45:00;SC;101;201,1;SAO JOSE;Condutor deixou de manter dist�ncia do ve�culo da frente;Colis�o traseira;Com V�timas Feridas;Pleno dia;Crescente;Chuva;Dupla;Reta;Sim;2;0;1;0;1;0;1;2;-27,5505847;-48,61986486;SPRF-SC;DEL01-SC;UOP01-DEL01-SC;;;
722263;02/10/2025;quinta-feira;15:13:00;SP;116;4;GUARULHOS;Aus�ncia de rea��o do condutor;Colis�o traseira;Com V�timas Feridas;Pleno dia;Crescente;Nublado;Dupla;Reta;Sim;2;0;1;0;1;0;1;2;-23,423436;-46,488277;SPRF-SP;DEL01-SP;UOP01-DEL01-SP;;;
722265;02/10/2025;quinta-feira;15:06:00;RS;386;202;VICTOR GRAEFF;Transitar no Acostamento;Tombamento;Com V�timas Feridas;Pleno dia;Crescente;C�u Claro;Simples;Reta;N�o;1;0;0;1;0;0;1;1;-28,47757;-52,6554;SPRF-RS;DEL04-RS;UOP03-DEL04-RS;;;
722266;02/10/2025;quinta-feira;13:25:00;GO;452;0;RIO VERDE;Acessar a via sem observar a presen�a dos outros ve�culos;Colis�o transversal;Com V�timas Feridas;Pleno dia;Crescente;C�u Claro;Dupla;"Viaduto;Rotat�ria";Sim;2;0;0;1;1;0;1;2;-17,78715394;-50,90333819;SPRF-GO;DEL04-GO;UOP01-DEL04-GO;;;
722268;02/10/2025;quinta-feira;14:40:00;PR;376;212;MANDAGUARI;Aus�ncia de rea��o do condutor;Colis�o com objeto;Com V�timas Feridas;Pleno dia;Decrescente;Nublado;Dupla;"Declive;Curva";N�o;1;0;1;0;0;0;1;1;-23,561906;-51,660314;SPRF-PR;DEL09-PR;UOP01-DEL09-PR;;;
722270;02/10/2025;quinta-feira;14:24:00;SC;282;35,5;AGUAS MORNAS;Velocidade Incompat�vel;Sa�da de leito carro��vel;Com V�timas Feridas;Pleno dia;Decrescente;Chuva;Simples;Curva;Sim;1;0;1;0;0;0;1;1;-27,70314;-48,830642;SPRF-SC;DEL01-SC;UOP03-DEL01-SC;;;
722271;02/10/2025;quinta-feira;15:20:00;PB;230;39,3;SANTA RITA;Rea��o tardia ou ineficiente do condutor;Tombamento;Com V�timas Feridas;Pleno dia;Decrescente;C�u Claro;Dupla;"Aclive;Reta";Sim;1;0;0;1;0;0;1;1;-7,13756354;-34,96911501;SPRF-PB;DEL01-PB;UOP02-DEL01-PB;;;
722274;28/09/2025;domingo;19:15:00;SC;282;568,4;NOVA ERECHIM;Pedestre cruzava a pista fora da faixa;Atropelamento de Pedestre;Com V�timas Feridas;Plena Noite;Decrescente;C�u Claro;Simples;Reta;N�o;2;0;0;1;1;0;1;2;-26,90451913;-52,90762994;SPRF-SC;DEL07-SC;UOP02-DEL07-SC;;;
722275;02/10/2025;quinta-feira;16:10:00;MG;40;560,4;NOVA LIMA;Trafegar com motocicleta (ou similar) entre as faixas;Colis�o traseira;Com V�timas Feridas;Pleno dia;Decrescente;Sol;Dupla;Reta;N�o;3;0;0;1;1;1;1;3;-20,1330382;-43,9633234;SPRF-MG;DEL01-MG;UOP02-DEL01-MG;;;
722276;02/10/2025;quinta-feira;12:10:00;SC;101;419,6;ARARANGUA;Aus�ncia de rea��o do condutor;Tombamento;Com V�timas Feridas;Pleno dia;Decrescente;C�u Claro;Dupla;Reta;Sim;1;0;0;1;0;0;1;1;-28,9910551;-49,5477144;SPRF-SC;DEL02-SC;UOP02-DEL02-SC;;;
722277;02/10/2025;quinta-feira;16:30:00;MG;365;428;PATOS DE MINAS;Transitar na contram�o;Colis�o frontal;Com V�timas Feridas;Pleno dia;Decrescente;C�u Claro;Dupla;Reta;N�o;2;0;1;0;1;0;1;2;-18,73925598;-46,62687778;SPRF-MG;DEL10-MG;UOP01-DEL10-MG;;;
722280;02/10/2025;quinta-feira;17:15:00;MG;40;610;CONGONHAS;Retorno proibido;Colis�o transversal;Com V�timas Fatais;Pleno dia;Crescente;C�u Claro;Simples;Reta;Sim;3;1;1;0;0;1;1;3;-20,50576;-43,83863;SPRF-MG;DEL05-MG;UOP02-DEL05-MG;;;
722283;16/09/2025;ter�a-feira;18:30:00;ES;101;301;VIANA;Pedestre cruzava a pista fora da faixa;Atropelamento de Pedestre;Com V�timas Fatais;Plena Noite;Decrescente;C�u Claro;Dupla;Curva;Sim;2;1;0;0;1;0;0;2;-20,3632875;-40,4422094;SPRF-ES;DEL01-ES;UOP01-DEL01-ES;;;
722284;02/10/2025;quinta-feira;15:45:00;PR;163;169,3;SANTA LUCIA;Chuva;Colis�o traseira;Sem V�timas;Pleno dia;Crescente;Chuva;Dupla;Curva;N�o;3;0;0;0;3;0;0;3;-25,37390611;-53,57500076;SPRF-PR;DEL05-PR;UOP05-DEL05-PR;;;
722285;02/10/2025;quinta-feira;17:10:00;GO;40;1;VALPARAISO DE GOIAS;Transitar no Acostamento;Atropelamento de Pedestre;Com V�timas Feridas;Anoitecer;Crescente;C�u Claro;Dupla;Reta;Sim;2;0;1;0;1;0;1;2;-16,06021375;-47,98310281;SPRF-DF;DEL01-DF;UOP01-DEL01-DF;;;
722287;02/10/2025;quinta-feira;16:00:00;SC;101;187;BIGUACU;Demais falhas mec�nicas ou el�tricas;Colis�o frontal;Com V�timas Feridas;Pleno dia;Decrescente;Garoa/Chuvisco;Dupla;"Curva;Aclive";N�o;3;0;1;0;2;0;1;2;-27,47071314;-48,64129199;SPRF-SC;DEL01-SC;UOP01-DEL01-SC;;;
722288;02/10/2025;quinta-feira;17:00:00;RJ;101;438;MANGARATIBA;Acessar a via sem observar a presen�a dos outros ve�culos;Colis�o transversal;Com V�timas Feridas;Pleno dia;Decrescente;Sol;Simples;Reta;Sim;2;0;1;0;1;0;1;2;-22,950974;-44,07874703;SPRF-RJ;DEL03-RJ;UOP02-DEL03-RJ;;;
722291;02/10/2025;quinta-feira;16:30:00;PI;316;297;PICOS;Curva acentuada;Tombamento;Sem V�timas;Pleno dia;Decrescente;C�u Claro;Simples;"Aclive;Curva";N�o;2;0;0;0;2;0;0;1;-7,026365;-41,559775;SPRF-PI;DEL04-PI;UOP01-DEL04-PI;;;
722293;02/10/2025;quinta-feira;17:40:00;GO;60;59,8;ABADIANIA;Aus�ncia de rea��o do condutor;Colis�o traseira;Com V�timas Feridas;Pleno dia;Crescente;C�u Claro;Dupla;Reta;N�o;5;0;1;0;4;0;1;2;-16,18955462;-48,70172873;SPRF-GO;DEL02-GO;UOP01-DEL02-GO;;;
722294;02/10/2025;quinta-feira;16:10:00;RJ;101;50,8;CAMPOS DOS GOYTACAZES;Acessar a via sem observar a presen�a dos outros ve�culos;Colis�o transversal;Com V�timas Feridas;Pleno dia;Decrescente;C�u Claro;Simples;Reta;N�o;3;0;2;0;1;0;2;2;-21,641155;-41,311915;SPRF-RJ;DEL08-RJ;UOP01-DEL08-RJ;;;
722295;02/10/2025;quinta-feira;18:20:00;PR;376;600;CURITIBA;Trafegar com motocicleta (ou similar) entre as faixas;Colis�o lateral mesmo sentido;Com V�timas Feridas;Anoitecer;Crescente;Nublado;Dupla;Reta;Sim;2;0;0;1;0;1;1;2;-25,5029475;-49,3415524;SPRF-PR;DEL01-PR;UOP03-DEL01-PR;;;
722297;02/10/2025;quinta-feira;18:15:00;SC;101;204,5;SAO JOSE;Condutor deixou de manter dist�ncia do ve�culo da frente;Colis�o traseira;Com V�timas Feridas;Pleno dia;Decrescente;Chuva;M�ltipla;Reta;Sim;3;0;1;0;0;2;1;3;-27,579202;-48,613643;SPRF-SC;DEL01-SC;UOP01-DEL01-SC;;;
722299;02/10/2025;quinta-feira;18:40:00;SP;116;296;ITAPECERICA DA SERRA;Trafegar com motocicleta (ou similar) entre as faixas;Atropelamento de Pedestre;Com V�timas Feridas;Plena Noite;Decrescente;Nublado;Dupla;Reta;N�o;2;0;1;0;1;0;1;2;-23,7002906;-46,8689679;SPRF-SP;DEL04-SP;UOP01-DEL04-SP;;;
722302;02/10/2025;quinta-feira;18:30:00;BA;235;113;JEREMOABO;Manobra de mudan�a de faixa;Colis�o frontal;Com V�timas Fatais;Plena Noite;Crescente;Nublado;Simples;Curva;N�o;2;1;0;0;0;1;0;2;-10,0254201;-38,57376432;SPRF-BA;DEL07-BA;UOP01-DEL07-BA;;;
722303;02/10/2025;quinta-feira;18:30:00;BA;116;416;FEIRA DE SANTANA;Animais na Pista;Atropelamento de Animal;Com V�timas Feridas;Plena Noite;Crescente;C�u Claro;Dupla;Reta;N�o;2;0;2;0;0;0;2;1;-12,21219122;-38,9657557;SPRF-BA;DEL02-BA;UOP01-DEL02-BA;;;
722304;02/10/2025;quinta-feira;18:30:00;PA;316;101;SANTA MARIA DO PARA;Pedestre andava na pista;Atropelamento de Pedestre;Com V�timas Feridas;Plena Noite;Decrescente;C�u Claro;Simples;Reta;N�o;2;0;0;1;1;0;1;2;-1,33775357;-47,58842826;SPRF-PA;DEL01-PA;UOP02-DEL01-PA;;;
722305;02/10/2025;quinta-feira;12:00:00;RO;364;117;PIMENTA BUENO;Rea��o tardia ou ineficiente do condutor;Sa�da de leito carro��vel;Com V�timas Feridas;Pleno dia;Decrescente;Sol;Simples;"Declive;Reta";N�o;1;0;1;0;0;0;1;1;-12,14718;-60,72072;SPRF-RO;DEL02-RO;UOP02-DEL02-RO;;;
722306;02/10/2025;quinta-feira;19:00:00;RJ;40;109;DUQUE DE CAXIAS;Objeto est�tico sobre o leito carro��vel;Queda de ocupante de ve�culo;Com V�timas Feridas;Anoitecer;Decrescente;C�u Claro;Simples;Reta;Sim;1;0;1;0;0;0;1;1;-22,67887717;-43,28578352;SPRF-RJ;DEL01-RJ;UOP02-DEL01-RJ;;;
722307;01/10/2025;quarta-feira;23:00:00;BA;116;806,8;VITORIA DA CONQUISTA;Ingest�o de �lcool pelo condutor;Sa�da de leito carro��vel;Com V�timas Feridas;Plena Noite;Decrescente;Ignorado;Simples;Reta;N�o;2;0;1;1;0;0;2;1;-14,77584;-40,72703;SPRF-BA;DEL08-BA;UOP01-DEL08-BA;;;
722308;02/10/2025;quinta-feira;11:13:00;MA;10;253;IMPERATRIZ;Aus�ncia de rea��o do condutor;Colis�o lateral mesmo sentido;Com V�timas Feridas;Pleno dia;Decrescente;C�u Claro;Dupla;Reta;Sim;2;0;1;0;1;0;1;2;-5,519258;-47,471968;SPRF-MA;DEL04-MA;UOP01-DEL04-MA;;;
722309;02/10/2025;quinta-feira;19:00:00;PR;116;15;COLOMBO;Entrada inopinada do pedestre;Atropelamento de Pedestre;Com V�timas Feridas;Plena Noite;Crescente;Garoa/Chuvisco;Simples;"Interse��o de Vias;Viaduto";Sim;2;0;0;1;0;1;1;2;-25,3848;-49,1711;SPRF-PR;DEL01-PR;UOP02-DEL01-PR;;;
722310;01/10/2025;quarta-feira;16:30:00;SC;282;533,9;CORDILHEIRA ALTA;Aus�ncia de rea��o do condutor;Sa�da de leito carro��vel;Sem V�timas;Pleno dia;Crescente;Nublado;Simples;"Reta;Declive";N�o;1;0;0;0;0;1;0;1;-26,99693265;-52,63225643;SPRF-SC;DEL07-SC;UOP01-DEL07-SC;;;
722311;02/10/2025;quinta-feira;17:45:00;AL;101;135;SAO MIGUEL DOS CAMPOS;Acessar a via sem observar a presen�a dos outros ve�culos;Colis�o transversal;Com V�timas Feridas;Anoitecer;Crescente;C�u Claro;Simples;"Rotat�ria;Interse��o de Vias;Em Obras";Sim;2;0;1;0;1;0;1;2;-9,77878722;-36,10620109;SPRF-AL;DEL02-AL;UOP01-DEL02-AL;;;
722312;02/10/2025;quinta-feira;19:15:00;RN;101;98;NATAL;Ingest�o de �lcool pelo condutor;Colis�o com objeto;Sem V�timas;Plena Noite;Crescente;C�u Claro;Dupla;Reta;Sim;1;0;0;0;1;0;0;1;-5,86445485;-35,21613836;SPRF-RN;DEL01-RN;UOP01-DEL01-RN;;;
722314;02/10/2025;quinta-feira;20:20:00;RS;290;666,6;URUGUAIANA;Aus�ncia de rea��o do condutor;Queda de ocupante de ve�culo;Com V�timas Feridas;Plena Noite;Decrescente;C�u Claro;Simples;Reta;N�o;1;0;1;0;0;0;1;1;-29,9658882;-56,569251;SPRF-RS;DEL13-RS;UOP01-DEL13-RS;;;
722315;02/10/2025;quinta-feira;20:30:00;PB;230;23,8;JOAO PESSOA;Manobra de mudan�a de faixa;Colis�o lateral mesmo sentido;Com V�timas Feridas;Plena Noite;Decrescente;C�u Claro;Dupla;Viaduto;Sim;3;0;1;0;2;0;1;3;-7,164302;-34,862042;SPRF-PB;DEL01-PB;UOP01-DEL01-PB;;;
722318;02/10/2025;quinta-feira;19:30:00;SC;101;202;SAO JOSE;Rea��o tardia ou ineficiente do condutor;Colis�o transversal;Com V�timas Feridas;Plena Noite;Decrescente;Garoa/Chuvisco;Dupla;Reta;Sim;2;0;1;0;1;0;1;2;-27,56272;-48,6155;SPRF-SC;DEL01-SC;UOP01-DEL01-SC;;;
722322;02/10/2025;quinta-feira;21:25:00;CE;20;402;CAUCAIA;Rea��o tardia ou ineficiente do condutor;Sa�da de leito carro��vel;Com V�timas Feridas;Plena Noite;Decrescente;C�u Claro;Simples;Reta;N�o;3;0;1;2;0;0;3;1;-3,78743607;-38,69956613;SPRF-CE;DEL01-CE;UOP01-DEL01-CE;;;
722323;02/10/2025;quinta-feira;21:20:00;RJ;101;400;NITEROI;Acessar a via sem observar a presen�a dos outros ve�culos;Colis�o traseira;Com V�timas Feridas;Plena Noite;Decrescente;C�u Claro;M�ltipla;Reta;Sim;3;0;1;0;2;0;1;2;-22,9310464;-43,008;SPRF-RJ;DEL03-RJ;UOP01-DEL03-RJ;;;
722325;02/10/2025;quinta-feira;21:05:00;SC;101;133;BALNEARIO CAMBORIU;Aus�ncia de rea��o do condutor;Colis�o transversal;Com V�timas Feridas;Plena Noite;Crescente;Chuva;Dupla;"Interse��o de Vias;Viaduto";N�o;2;0;1;0;1;0;1;2;-26,99764828;-48,65134478;SPRF-SC;DEL04-SC;UOP03-DEL04-SC;;;
722326;02/10/2025;quinta-feira;19:40:00;RJ;356;26;ITAPERUNA;Rea��o tardia ou ineficiente do condutor;Colis�o transversal;Com V�timas Feridas;Plena Noite;Crescente;C�u Claro;Simples;Interse��o de Vias;N�o;2;0;1;0;1;0;1;2;-21,17875208;-41,95370067;SPRF-RJ;DEL08-RJ;UOP03-DEL08-RJ;;;
722327;02/10/2025;quinta-feira;21:40:00;CE;116;17;ITAITINGA;Aus�ncia de rea��o do condutor;Colis�o traseira;Com V�timas Feridas;Plena Noite;Decrescente;C�u Claro;Dupla;Reta;N�o;2;0;1;0;1;0;1;2;-3,9030536;-38,5053555;SPRF-CE;DEL01-CE;UOP02-DEL01-CE;;;
722328;27/06/2025;sexta-feira;19:55:00;SC;116;219;CORREIA PINTO;Rea��o tardia ou ineficiente do condutor;Colis�o traseira;Com V�timas Feridas;Plena Noite;Crescente;Nublado;Simples;"Aclive;Reta";Sim;3;0;3;0;0;0;3;2;-27,578376;-50,369574;SPRF-SC;DEL05-SC;UOP03-DEL05-SC;;;
722331;02/10/2025;quinta-feira;08:45:00;BA;324;623;SALVADOR;Avarias e/ou desgaste excessivo no pneu;Queda de ocupante de ve�culo;Com V�timas Feridas;Pleno dia;Decrescente;Nublado;Dupla;Reta;N�o;1;0;1;0;0;0;1;1;-12,92951475;-38,46921299;SPRF-BA;DEL01-BA;UOP01-DEL01-BA;;;
722332;02/10/2025;quinta-feira;21:55:00;PE;232;124;CARUARU;Acumulo de areia ou detritos sobre o pavimento;Colis�o traseira;Com V�timas Feridas;Plena Noite;Decrescente;C�u Claro;Dupla;"Interse��o de Vias;Viaduto";N�o;3;0;1;0;2;0;1;2;-8,3075377;-35,9428459;SPRF-PE;DEL02-PE;UOP03-DEL02-PE;;;
722333;02/10/2025;quinta-feira;22:00:00;RJ;101;82,9;CAMPOS DOS GOYTACAZES;Condutor deixou de manter dist�ncia do ve�culo da frente;Colis�o traseira;Com V�timas Feridas;Plena Noite;Decrescente;C�u Claro;Simples;"Em Obras;Reta";N�o;2;0;1;0;1;0;1;2;-21,822202;-41,46025;SPRF-RJ;DEL08-RJ;UOP02-DEL08-RJ;;;
722334;15/09/2025;segunda-feira;18:38:00;SC;101;431,8;SOMBRIO;Pedestre andava na pista;Atropelamento de Pedestre;Com V�timas Feridas;Plena Noite;Decrescente;Chuva;M�ltipla;Reta;Sim;2;0;0;1;1;0;1;2;-29,076042;-49,627778;SPRF-SC;DEL02-SC;UOP02-DEL02-SC;;;
722335;02/10/2025;quinta-feira;20:30:00;PR;487;109;CRUZEIRO DO OESTE;Aus�ncia de rea��o do condutor;Capotamento;Com V�timas Feridas;Plena Noite;Decrescente;C�u Claro;Simples;"Declive;Reta";Sim;2;0;2;0;0;0;2;1;-23,8147009;-52,99834192;SPRF-PR;DEL09-PR;UOP03-DEL09-PR;;;
722336;02/10/2025;quinta-feira;22:10:00;SP;116;230;SAO PAULO;Velocidade Incompat�vel;Colis�o transversal;Com V�timas Feridas;Plena Noite;Crescente;Ignorado;M�ltipla;Reta;Sim;4;0;1;0;3;0;1;2;-23,51735118;-46,58098745;SPRF-SP;DEL01-SP;UOP01-DEL01-SP;;;
722337;02/10/2025;quinta-feira;20:05:00;RJ;101;317;SAO GONCALO;Manobra de mudan�a de faixa;Colis�o lateral mesmo sentido;Com V�timas Feridas;Plena Noite;Decrescente;Nublado;Dupla;Reta;Sim;3;0;1;0;2;0;1;2;-22,83662951;-43,09490204;SPRF-RJ;DEL02-RJ;UOP02-DEL02-RJ;;;
722340;02/10/2025;quinta-feira;22:20:00;SC;282;207,9;LAGES;Velocidade Incompat�vel;Sa�da de leito carro��vel;Com V�timas Feridas;Plena Noite;Decrescente;Garoa/Chuvisco;Simples;"Declive;Reta";N�o;2;0;1;0;1;0;1;1;-27,775062;-50,210574;SPRF-SC;DEL05-SC;UOP01-DEL05-SC;;;
722341;02/10/2025;quinta-feira;07:00:00;MG;116;347,1;CAMPANARIO;Aus�ncia de rea��o do condutor;Sa�da de leito carro��vel;Sem V�timas;Pleno dia;Decrescente;Nublado;Simples;Curva;N�o;1;0;0;0;0;1;0;1;-18,380108;-41,786904;SPRF-MG;DEL11-MG;UOP01-DEL11-MG;;;
722342;02/10/2025;quinta-feira;20:10:00;MG;116;697,3;MURIAE;Aus�ncia de rea��o do condutor;Colis�o lateral sentido oposto;Com V�timas Feridas;Plena Noite;Crescente;Nublado;Simples;"Reta;Declive";N�o;2;0;1;0;0;1;1;2;-21,10820317;-42,3790741;SPRF-MG;DEL07-MG;UOP02-DEL07-MG;;;
722343;02/10/2025;quinta-feira;22:49:00;DF;70;9,6;BRASILIA;Rea��o tardia ou ineficiente do condutor;Colis�o com objeto;Com V�timas Feridas;Plena Noite;Crescente;C�u Claro;Dupla;Reta;Sim;2;0;1;0;1;0;1;1;-15,786163;-48,13717;SPRF-DF;DEL03-DF;UOP02-DEL03-DF;;;
722344;02/10/2025;quinta-feira;22:30:00;PR;376;598;CURITIBA;Aus�ncia de rea��o do condutor;Colis�o lateral sentido oposto;Com V�timas Feridas;Plena Noite;Decrescente;C�u Claro;Dupla;Reta;Sim;2;0;2;0;0;0;2;1;-25,48280302;-49,34822408;SPRF-PR;DEL01-PR;UOP03-DEL01-PR;;;
722345;02/10/2025;quinta-feira;22:45:00;RJ;40;7,5;COMENDADOR LEVY GASPARIAN;Animais na Pista;Atropelamento de Animal;Com V�timas Feridas;Plena Noite;Decrescente;C�u Claro;Dupla;"Aclive;Reta";N�o;1;0;1;0;0;0;1;1;-22,03757;-43,2215067;SPRF-RJ;DEL05-RJ;UOP02-DEL05-RJ;;;
722347;02/10/2025;quinta-feira;22:15:00;PR;376;614,5;SAO JOSE DOS PINHAIS;Rea��o tardia ou ineficiente do condutor;Sa�da de leito carro��vel;Com V�timas Feridas;Plena Noite;Decrescente;Garoa/Chuvisco;M�ltipla;"Aclive;Interse��o de Vias;Reta";N�o;2;0;0;1;0;1;1;1;-25,56929152;-49,18155313;SPRF-PR;DEL01-PR;UOP04-DEL01-PR;;;
722348;02/10/2025;quinta-feira;20:35:00;PR;376;622,8;SAO JOSE DOS PINHAIS;Acumulo de �gua sobre o pavimento;Sa�da de leito carro��vel;Com V�timas Feridas;Plena Noite;Crescente;Chuva;Dupla;"Curva;Declive";N�o;1;0;0;1;0;0;1;1;-25,63713328;-49,1612374;SPRF-PR;DEL01-PR;UOP04-DEL01-PR;;;
722352;28/09/2025;domingo;22:30:00;BA;110;343;ALAGOINHAS;Aus�ncia de sinaliza��o;Colis�o traseira;Com V�timas Feridas;Plena Noite;Decrescente;Nublado;Simples;Reta;N�o;2;0;1;0;0;1;1;2;-12,1916541;-38,4187832;SPRF-BA;DEL01-BA;UOP04-DEL01-BA;;;
722353;02/10/2025;quinta-feira;21:44:00;AC;364;122;RIO BRANCO;Retorno proibido;Colis�o traseira;Com V�timas Feridas;Plena Noite;Decrescente;C�u Claro;Dupla;Reta;Sim;3;0;0;3;0;0;3;2;-10,01171387;-67,78545141;SPRF-AC;DEL01-AC;UOP01-DEL01-AC;;;
722355;03/10/2025;sexta-feira;00:40:00;SP;116;145,9;SAO JOSE DOS CAMPOS;Rea��o tardia ou ineficiente do condutor;Colis�o traseira;Com V�timas Feridas;Plena Noite;Crescente;C�u Claro;Dupla;Reta;Sim;2;0;1;0;1;0;1;2;-23,18877687;-45,85876989;SPRF-SP;DEL02-SP;UOP01-DEL02-SP;;;
722356;02/10/2025;quinta-feira;23:20:00;PR;277;77;SAO JOSE DOS PINHAIS;Ingest�o de �lcool pelo condutor;Colis�o traseira;Com V�timas Fatais;Plena Noite;Decrescente;C�u Claro;Dupla;"Reta;Ponte";Sim;5;1;0;1;1;2;1;3;-25,48733;-49,18235;SPRF-PR;DEL01-PR;UOP07-DEL01-PR;;;
722357;02/10/2025;quinta-feira;09:20:00;BA;324;622;SALVADOR;Aus�ncia de rea��o do condutor;Colis�o traseira;Com V�timas Feridas;Pleno dia;Crescente;C�u Claro;Dupla;Reta;Sim;1;0;1;0;0;0;1;1;-12,93382292;-38,47192738;SPRF-BA;DEL01-BA;UOP01-DEL01-BA;;;
722358;19/09/2025;sexta-feira;18:50:00;MT;364;184;PEDRA PRETA;Acessar a via sem observar a presen�a dos outros ve�culos;Colis�o transversal;Com V�timas Feridas;Plena Noite;Decrescente;C�u Claro;Simples;Reta;N�o;2;0;0;1;1;0;1;2;-16,5923;-54,5103;SPRF-MT;DEL02-MT;UOP01-DEL02-MT;;;
722360;03/10/2025;sexta-feira;02:10:00;PR;163;185;LINDOESTE;Condutor Dormindo;Sa�da de leito carro��vel;Com V�timas Feridas;Plena Noite;Crescente;Garoa/Chuvisco;Dupla;Curva;N�o;2;0;1;1;0;0;2;1;-25,18298972;-53,60171107;SPRF-PR;DEL05-PR;UOP05-DEL05-PR;;;
722363;03/10/2025;sexta-feira;02:10:00;ES;101;148,7;LINHARES;Condutor desrespeitou a ilumina��o vermelha do sem�foro;Colis�o transversal;Com V�timas Feridas;Plena Noite;Decrescente;Nublado;M�ltipla;"Interse��o de Vias;Reta";Sim;3;0;2;0;0;1;2;2;-19,39471558;-40,06518602;SPRF-ES;DEL04-ES;UOP01-DEL04-ES;;;
722364;03/10/2025;sexta-feira;01:15:00;CE;116;281;JAGUARIBARA;Aus�ncia de rea��o do condutor;Capotamento;Com V�timas Feridas;Plena Noite;Decrescente;C�u Claro;Simples;Reta;N�o;2;0;2;0;0;0;2;1;-5,68628;-38,481237;SPRF-CE;DEL05-CE;UOP02-DEL05-CE;;;
722365;03/10/2025;sexta-feira;03:30:00;MG;381;846,5;SAO SEBASTIAO DA BELA VISTA;Animais na Pista;Atropelamento de Animal;Com V�timas Feridas;Plena Noite;Crescente;C�u Claro;Dupla;Reta;N�o;1;0;1;0;0;0;1;1;-22,19991;-45,85525;SPRF-MG;DEL16-MG;UOP01-DEL16-MG;;;
722367;03/10/2025;sexta-feira;03:30:00;RS;116;1;PORTO ALEGRE;Aus�ncia de rea��o do condutor;Colis�o traseira;Com V�timas Feridas;Plena Noite;Decrescente;Nublado;Dupla;"Reta;Em Obras";Sim;3;0;1;0;1;1;1;3;-29,98118559;-51,17960615;SPRF-RS;DEL01-RS;UOP01-DEL01-RS;;;
722372;03/10/2025;sexta-feira;05:46:00;RN;304;193;LAJES;Manobra de mudan�a de faixa;Colis�o transversal;Com V�timas Feridas;Pleno dia;Crescente;Sol;Simples;Reta;Sim;2;0;0;1;1;0;1;2;-5,705484;-36,224382;SPRF-RN;DEL01-RN;UOP03-DEL01-RN;;;
722373;03/10/2025;sexta-feira;04:30:00;MG;262;781;UBERABA;Ultrapassagem Indevida;Sa�da de leito carro��vel;Sem V�timas;Amanhecer;Decrescente;C�u Claro;Simples;Reta;N�o;1;0;0;0;0;1;0;1;-19,76211065;-47,85647859;SPRF-MG;DEL13-MG;UOP01-DEL13-MG;;;
722374;03/10/2025;sexta-feira;06:20:00;MG;381;936,6;EXTREMA;Aus�ncia de rea��o do condutor;Colis�o lateral mesmo sentido;Com V�timas Feridas;Amanhecer;Decrescente;Nublado;Dupla;"Aclive;Curva";N�o;2;0;0;1;0;1;1;2;-22,8110269;-46,28208938;SPRF-MG;DEL16-MG;UOP03-DEL16-MG;;;
722375;03/10/2025;sexta-feira;06:20:00;MG;381;936,7;EXTREMA;Rea��o tardia ou ineficiente do condutor;Tombamento;Com V�timas Feridas;Amanhecer;Decrescente;C�u Claro;Dupla;"Aclive;Curva";N�o;1;0;1;0;0;0;1;1;-22,80874;-46,27427;SPRF-MG;DEL16-MG;UOP03-DEL16-MG;;;
722376;03/10/2025;sexta-feira;06:00:00;RJ;101;456;MANGARATIBA;Pedestre andava na pista;Atropelamento de Pedestre;Com V�timas Feridas;Amanhecer;Crescente;C�u Claro;Simples;Reta;Sim;2;0;0;1;1;0;1;2;-22,9293928;-43,9805929;SPRF-RJ;DEL03-RJ;UOP02-DEL03-RJ;;;