id;data_inversa;dia_semana;horario;uf;br;km;municipio;causa_acidente;tipo_acidente;classificacao_acidente;fase_dia;sentido_via;condicao_metereologica;tipo_pista;tracado_via;uso_solo;pessoas;mortos;feridos_leves;feridos_graves;ilesos;ignorados;feridos;veiculos;latitude;longitude;regional;delegacia;uop;;;
722377;03/10/2025;sexta-feira;04:45:00;SC;280;57;GUARAMIRIM;Acessar a via sem observar a presen�a dos outros ve�culos;Colis�o transversal;Com V�timas Feridas;Plena Noite;Decrescente;Chuva;Simples;Reta;N�o;2;0;2;0;0;0;2;2;-26,476108;-49,01647;SPRF-SC;DEL03-SC;UOP03-DEL03-SC;;;
722379;03/10/2025;sexta-feira;06:50:00;RS;285;457,5;IJUI;Pedestre andava na pista;Atropelamento de Pedestre;Com V�timas Feridas;Pleno dia;Decrescente;C�u Claro;Simples;"Aclive;Reta;Em Obras";Sim;2;0;0;1;1;0;1;2;-28,40030982;-53,89829278;SPRF-RS;DEL10-RS;UOP01-DEL10-RS;;;
722380;03/10/2025;sexta-feira;06:40:00;SP;381;72;MAIRIPORA;Ingest�o de �lcool pelo condutor;Colis�o com objeto;Sem V�timas;Pleno dia;Crescente;C�u Claro;Dupla;Reta;N�o;1;0;0;0;1;0;0;1;-23,34669953;-46,56490421;SPRF-SP;DEL03-SP;UOP01-DEL03-SP;;;
722382;03/10/2025;sexta-feira;06:40:00;PB;101;110;ALHANDRA;Afundamento ou ondula��o no pavimento;Tombamento;Com V�timas Feridas;Pleno dia;Decrescente;C�u Claro;Dupla;Reta;Sim;1;0;1;0;0;0;1;1;-7,35599503;-34,95007306;SPRF-PB;DEL01-PB;UOP01-DEL01-PB;;;
722385;03/10/2025;sexta-feira;07:05:00;SP;116;139;SAO JOSE DOS CAMPOS;Trafegar com motocicleta (ou similar) entre as faixas;Colis�o lateral mesmo sentido;Com V�timas Feridas;Pleno dia;Crescente;Nublado;Dupla;Reta;N�o;2;0;0;1;1;0;1;2;-23,16245721;-45,80509186;SPRF-SP;DEL02-SP;UOP01-DEL02-SP;;;
722387;03/10/2025;sexta-feira;06:40:00;RJ;116;93;TERESOPOLIS;Acumulo de �leo sobre o pavimento;Tombamento;Com V�timas Feridas;Pleno dia;Crescente;C�u Claro;Simples;"Interse��o de Vias;Rotat�ria";Sim;2;0;1;1;0;0;2;1;-22,462444;-42,9878671;SPRF-RJ;DEL04-RJ;UOP01-DEL04-RJ;;;
722389;03/10/2025;sexta-feira;05:00:00;PI;230;304,7;FLORIANO;Pedestre andava na pista;Atropelamento de Pedestre;Com V�timas Fatais;Amanhecer;Crescente;C�u Claro;Simples;"Reta;Declive";N�o;2;1;0;0;1;0;0;2;-6,798067;-42,976307;SPRF-PI;DEL03-PI;UOP01-DEL03-PI;;;
722390;03/10/2025;sexta-feira;07:33:00;MG;40;517;RIBEIRAO DAS NEVES;Trafegar com motocicleta (ou similar) entre as faixas;Colis�o lateral mesmo sentido;Com V�timas Feridas;Pleno dia;Crescente;C�u Claro;Dupla;Reta;Sim;3;0;2;0;1;0;2;2;-19,81981982;-44,08916363;SPRF-MG;DEL01-MG;UOP02-DEL01-MG;;;
722392;03/10/2025;sexta-feira;07:45:00;RS;470;218;BENTO GONCALVES;Velocidade Incompat�vel;Sa�da de leito carro��vel;Com V�timas Feridas;Pleno dia;Decrescente;Chuva;Simples;"Curva;Aclive";N�o;1;0;1;0;0;0;1;1;-29,18613482;-51,52040569;SPRF-RS;DEL06-RS;UOP01-DEL06-RS;;;
722393;03/10/2025;sexta-feira;07:40:00;ES;101;37,2;CONCEICAO DA BARRA;Acessar a via sem observar a presen�a dos outros ve�culos;Colis�o transversal;Com V�timas Feridas;Pleno dia;Crescente;C�u Claro;Simples;Interse��o de Vias;Sim;3;0;1;0;2;0;1;2;-18,49039118;-39,92559603;SPRF-ES;DEL04-ES;UOP02-DEL04-ES;;;
722395;03/10/2025;sexta-feira;06:30:00;SC;101;38,5;JOINVILLE;Desrespeitar a prefer�ncia no cruzamento;Colis�o lateral mesmo sentido;Com V�timas Feridas;Pleno dia;Decrescente;Nublado;M�ltipla;Viaduto;Sim;2;0;1;0;1;0;1;2;-26,28972133;-48,88538361;SPRF-SC;DEL03-SC;UOP01-DEL03-SC;;;
722397;03/10/2025;sexta-feira;07:38:00;SP;153;62,1;SAO JOSE DO RIO PRETO;Condutor deixou de manter dist�ncia do ve�culo da frente;Engavetamento;Com V�timas Feridas;Pleno dia;Crescente;C�u Claro;Dupla;"Aclive;Reta";N�o;4;0;2;0;1;1;2;4;-20,813903;-49,356972;SPRF-SP;DEL09-SP;UOP01-DEL09-SP;;;
722398;03/10/2025;sexta-feira;06:30:00;PR;376;75,5;GUAIRACA;Desrespeitar a prefer�ncia no cruzamento;Colis�o transversal;Com V�timas Feridas;Pleno dia;Crescente;C�u Claro;Simples;Interse��o de Vias;N�o;5;0;4;1;0;0;5;2;-22,9542181;-52,701558;SPRF-PR;DEL09-PR;UOP02-DEL09-PR;;;
722399;03/10/2025;sexta-feira;08:30:00;SP;153;66;SAO JOSE DO RIO PRETO;Condutor Dormindo;Colis�o traseira;Com V�timas Fatais;Pleno dia;Decrescente;C�u Claro;Dupla;Reta;Sim;14;1;4;0;8;1;4;6;-20,844323;-49,372225;SPRF-SP;DEL09-SP;UOP01-DEL09-SP;;;
722400;13/09/2025;s�bado;21:00:00;SC;470;90;ASCURRA;Transitar na contram�o;Colis�o frontal;Com V�timas Feridas;Plena Noite;Decrescente;C�u Claro;Simples;Interse��o de Vias;N�o;5;0;1;2;0;2;3;2;-26,96135574;-49,37148571;SPRF-SC;DEL04-SC;UOP01-DEL04-SC;;;
722401;03/10/2025;sexta-feira;08:15:00;GO;153;434;ANAPOLIS;Condutor deixou de manter dist�ncia do ve�culo da frente;Colis�o traseira;Com V�timas Feridas;Pleno dia;Decrescente;C�u Claro;Dupla;Em Obras;Sim;3;0;2;0;1;0;2;2;-16,30135405;-48,92610435;SPRF-GO;DEL02-GO;UOP01-DEL02-GO;;;
722402;03/10/2025;sexta-feira;01:30:00;MT;364;457;VARZEA GRANDE;Chuva;Sa�da de leito carro��vel;Com V�timas Feridas;Plena Noite;Crescente;Chuva;Simples;Reta;N�o;2;0;2;0;0;0;2;1;-15,535778;-56,276052;SPRF-MT;DEL01-MT;UOP02-DEL01-MT;;;
722403;03/10/2025;sexta-feira;07:55:00;SP;381;42,8;ATIBAIA;Trafegar com motocicleta (ou similar) entre as faixas;Sa�da de leito carro��vel;Com V�timas Feridas;Pleno dia;Decrescente;C�u Claro;Dupla;"Aclive;Reta";Sim;1;0;1;0;0;0;1;1;-23,154287;-46,573946;SPRF-SP;DEL03-SP;UOP01-DEL03-SP;;;
722404;03/10/2025;sexta-feira;06:35:00;PR;376;165;MARINGA;Condutor deixou de manter dist�ncia do ve�culo da frente;Colis�o traseira;Com V�timas Feridas;Amanhecer;Decrescente;C�u Claro;Dupla;Reta;Sim;1;0;1;0;0;0;1;1;-23,382568;-52,032088;SPRF-PR;DEL09-PR;UOP01-DEL09-PR;;;
722405;03/10/2025;sexta-feira;08:00:00;RO;364;11;VILHENA;Manobra de mudan�a de faixa;Colis�o traseira;Com V�timas Feridas;Pleno dia;Crescente;Sol;M�ltipla;Rotat�ria;Sim;2;0;1;0;1;0;1;2;-12,7451142;-60,11517618;SPRF-RO;DEL04-RO;UOP01-DEL04-RO;;;
722407;03/10/2025;sexta-feira;08:35:00;RJ;101;322;NITEROI;Manobra de mudan�a de faixa;Queda de ocupante de ve�culo;Com V�timas Feridas;Pleno dia;Decrescente;C�u Claro;Dupla;Reta;N�o;2;0;1;0;0;1;1;2;-22,8823429;-43,1074599;SPRF-RJ;DEL02-RJ;UOP01-DEL02-RJ;;;
722408;03/10/2025;sexta-feira;07:00:00;MT;70;382;CAMPO VERDE;Acessar a via sem observar a presen�a dos outros ve�culos;Colis�o transversal;Com V�timas Feridas;Pleno dia;Crescente;C�u Claro;Simples;"Interse��o de Vias;Retorno Regulamentado";Sim;2;0;1;0;1;0;1;2;-15,551862;-55,168216;SPRF-MT;DEL05-MT;UOP02-DEL05-MT;;;
722409;03/10/2025;sexta-feira;06:55:00;RJ;116;146;DUQUE DE CAXIAS;Aus�ncia de rea��o do condutor;Colis�o transversal;Com V�timas Feridas;Amanhecer;Crescente;C�u Claro;Dupla;Reta;Sim;3;0;1;1;1;0;2;2;-22,67075664;-43,27705332;SPRF-RJ;DEL01-RJ;UOP02-DEL01-RJ;;;
722410;03/10/2025;sexta-feira;09:20:00;PB;230;22;JOAO PESSOA;Trafegar com motocicleta (ou similar) entre as faixas;Colis�o traseira;Com V�timas Feridas;Pleno dia;Crescente;C�u Claro;Dupla;Reta;Sim;4;0;2;0;1;1;2;4;-7,15840636;-34,85848099;SPRF-PB;DEL01-PB;UOP01-DEL01-PB;;;
722411;20/09/2025;s�bado;22:30:00;PA;10;186;IPIXUNA DO PARA;Condutor Dormindo;Sa�da de leito carro��vel;Com V�timas Feridas;Plena Noite;Decrescente;C�u Claro;Simples;Reta;N�o;1;0;0;1;0;0;1;1;-2,794231;-47,451556;SPRF-PA;DEL02-PA;UOP01-DEL02-PA;;;
722412;04/08/2025;segunda-feira;23:50:00;ES;393;0,7;CACHOEIRO DE ITAPEMIRIM;Ingest�o de �lcool pelo condutor;Colis�o frontal;Com V�timas Feridas;Plena Noite;Crescente;C�u Claro;Simples;Reta;Sim;4;0;2;1;1;0;3;2;-20,9247285;-41,0806888;SPRF-ES;DEL03-ES;UOP02-DEL03-ES;;;
722415;03/10/2025;sexta-feira;07:30:00;MT;364;203;RONDONOPOLIS;Aus�ncia de rea��o do condutor;Colis�o traseira;Com V�timas Feridas;Pleno dia;Decrescente;C�u Claro;Dupla;Interse��o de Vias;Sim;1;0;0;1;0;0;1;1;-16,48641934;-54,64868547;SPRF-MT;DEL02-MT;UOP01-DEL02-MT;;;
722416;03/10/2025;sexta-feira;09:00:00;PE;232;238,8;ARCOVERDE;Acessar a via sem observar a presen�a dos outros ve�culos;Colis�o transversal;Com V�timas Fatais;Pleno dia;Crescente;C�u Claro;Simples;Aclive;N�o;4;1;1;0;2;0;1;2;-8,417242;-36,945552;SPRF-PE;DEL04-PE;UOP02-DEL04-PE;;;
722417;03/10/2025;sexta-feira;03:20:00;BA;101;583;CAMACAN;Ingest�o de �lcool pelo condutor;Colis�o frontal;Com V�timas Fatais;Plena Noite;Crescente;C�u Claro;Simples;Reta;N�o;3;2;1;0;0;0;1;2;-15,38321;-39,48644;SPRF-BA;DEL05-BA;UOP02-DEL05-BA;;;
722418;03/10/2025;sexta-feira;09:00:00;TO;153;333,6;GUARAI;Rea��o tardia ou ineficiente do condutor;Colis�o traseira;Com V�timas Feridas;Pleno dia;Decrescente;C�u Claro;M�ltipla;"Reta;Interse��o de Vias";Sim;2;0;0;1;1;0;1;2;-8,82935446;-48,51185828;SPRF-TO;DEL02-TO;UOP02-DEL02-TO;;;
722420;03/10/2025;sexta-feira;09:30:00;RS;116;256;ESTEIO;Manobra de mudan�a de faixa;Tombamento;Com V�timas Feridas;Pleno dia;Crescente;Nublado;Dupla;Reta;Sim;1;0;1;0;0;0;1;1;-29,8469226;-51,1779094;SPRF-RS;DEL01-RS;UOP02-DEL01-RS;;;
722421;03/10/2025;sexta-feira;06:00:00;AC;317;89;SENADOR GUIOMARD;Aus�ncia de rea��o do condutor;Sa�da de leito carro��vel;Com V�timas Fatais;Amanhecer;Decrescente;C�u Claro;Simples;Reta;N�o;1;1;0;0;0;0;0;1;-10,1544352;-67,7140011;SPRF-AC;DEL01-AC;UOP02-DEL01-AC;;;
722422;03/10/2025;sexta-feira;09:20:00;MA;135;19;SAO LUIS;Rea��o tardia ou ineficiente do condutor;Colis�o traseira;Com V�timas Feridas;Pleno dia;Decrescente;Sol;Simples;Reta;N�o;2;0;1;0;1;0;1;2;-2,56068918;-44,3405086;SPRF-MA;DEL01-MA;UOP01-DEL01-MA;;;
722423;21/09/2025;domingo;09:30:00;RN;304;285,5;MACAIBA;Condutor deixou de manter dist�ncia do ve�culo da frente;Colis�o traseira;Com V�timas Feridas;Pleno dia;Crescente;Sol;Dupla;Reta;N�o;3;0;1;0;2;0;1;2;-5,87558929;-35,44324636;SPRF-RN;DEL01-RN;UOP02-DEL01-RN;;;
722428;03/10/2025;sexta-feira;10:20:00;SP;381;34;ATIBAIA;Aus�ncia de rea��o do condutor;Tombamento;Com V�timas Feridas;Pleno dia;Decrescente;C�u Claro;Dupla;"Aclive;Curva";Sim;1;0;1;0;0;0;1;1;-23,0751663;-46,56566827;SPRF-SP;DEL03-SP;UOP02-DEL03-SP;;;
722431;03/10/2025;sexta-feira;08:10:00;ES;262;106;VENDA NOVA DO IMIGRANTE;Manobra de mudan�a de faixa;Colis�o lateral mesmo sentido;Com V�timas Feridas;Pleno dia;Crescente;Nublado;Simples;Reta;Sim;2;0;0;1;1;0;1;2;-20,3269161;-41,1450675;SPRF-ES;DEL01-ES;UOP02-DEL01-ES;;;
722433;03/10/2025;sexta-feira;10:30:00;SE;235;59;ITABAIANA;Acessar a via sem observar a presen�a dos outros ve�culos;Colis�o transversal;Com V�timas Feridas;Pleno dia;Crescente;Garoa/Chuvisco;Simples;Curva;N�o;3;0;1;0;2;0;1;3;-10,63153671;-37,45743211;SPRF-SE;DEL01-SE;UOP02-DEL01-SE;;;
722434;03/10/2025;sexta-feira;11:00:00;PR;116;44;CAMPINA GRANDE DO SUL;Falta de elemento de conten��o que evite a sa�da do leito carro��vel;Sa�da de leito carro��vel;Com V�timas Feridas;Pleno dia;Crescente;Chuva;Dupla;"Curva;Declive";N�o;3;0;2;0;0;1;2;2;-25,19272688;-48,88786666;SPRF-PR;DEL01-PR;UOP02-DEL01-PR;;;
722435;28/09/2025;domingo;03:00:00;PR;277;725;FOZ DO IGUACU;Rea��o tardia ou ineficiente do condutor;Colis�o traseira;Com V�timas Feridas;Plena Noite;Decrescente;Garoa/Chuvisco;Dupla;Reta;Sim;3;0;0;1;0;2;1;2;-25,50960758;-54,59560587;SPRF-PR;DEL05-PR;UOP03-DEL05-PR;;;
722436;03/10/2025;sexta-feira;12:00:00;PR;116;45;CAMPINA GRANDE DO SUL;Chuva;Capotamento;Com V�timas Feridas;Pleno dia;Crescente;Chuva;Dupla;Reta;N�o;1;0;1;0;0;0;1;1;-25,24933264;-48,90829436;SPRF-PR;DEL01-PR;UOP02-DEL01-PR;;;
722438;03/10/2025;sexta-feira;12:00:00;RN;101;104;PARNAMIRIM;Estacionar ou parar em local proibido;Colis�o com objeto;Com V�timas Feridas;Pleno dia;Crescente;C�u Claro;Dupla;"Aclive;Viaduto;Reta";Sim;2;0;1;0;0;1;1;2;-5,89139975;-35,25479662;SPRF-RN;DEL01-RN;UOP01-DEL01-RN;;;
722439;03/10/2025;sexta-feira;11:15:00;PR;158;509,8;CORONEL VIVIDA;Velocidade Incompat�vel;Sa�da de leito carro��vel;Com V�timas Feridas;Pleno dia;Crescente;Chuva;Simples;Reta;N�o;1;0;1;0;0;0;1;1;-26,04047803;-52,61186091;SPRF-PR;DEL02-PR;UOP01-DEL02-PR;;;
722440;03/10/2025;sexta-feira;11:05:00;PR;277;83,5;CURITIBA;Aus�ncia de rea��o do condutor;Colis�o traseira;Com V�timas Feridas;Pleno dia;Crescente;Chuva;M�ltipla;Reta;Sim;3;0;1;0;2;0;1;2;-25,447256;-49,230531;SPRF-PR;DEL01-PR;UOP07-DEL01-PR;;;
722441;03/10/2025;sexta-feira;11:15:00;PR;272;403,8;JANIOPOLIS;Ultrapassagem Indevida;Colis�o frontal;Com V�timas Feridas;Pleno dia;Crescente;Chuva;Simples;Reta;N�o;4;0;0;1;1;2;1;3;-24,10761486;-52,7299916;SPRF-PR;DEL09-PR;UOP03-DEL09-PR;;;
722442;03/10/2025;sexta-feira;12:15:00;BA;116;423;FEIRA DE SANTANA;Velocidade Incompat�vel;Atropelamento de Pedestre;Com V�timas Feridas;Pleno dia;Decrescente;C�u Claro;Simples;Reta;Sim;3;0;3;0;0;0;3;2;-12,232137;-38,97083;SPRF-BA;DEL02-BA;UOP01-DEL02-BA;;;
722450;03/10/2025;sexta-feira;12:30:00;PR;376;161,4;MARINGA;Desrespeitar a prefer�ncia no cruzamento;Colis�o transversal;Com V�timas Feridas;Pleno dia;Crescente;C�u Claro;Dupla;Interse��o de Vias;Sim;2;0;1;0;1;0;1;2;-23,368216;-52,066461;SPRF-PR;DEL09-PR;UOP02-DEL09-PR;;;
722451;03/10/2025;sexta-feira;11:30:00;PR;369;178,8;ROLANDIA;Rea��o tardia ou ineficiente do condutor;Sa�da de leito carro��vel;Com V�timas Feridas;Pleno dia;Crescente;Garoa/Chuvisco;Simples;Declive;Sim;1;0;1;0;0;0;1;1;-23,3583885;-51,39648311;SPRF-PR;DEL07-PR;UOP03-DEL07-PR;;;
722452;03/10/2025;sexta-feira;11:25:00;MA;230;405;BALSAS;Acessar a via sem observar a presen�a dos outros ve�culos;Colis�o transversal;Com V�timas Feridas;Pleno dia;Crescente;C�u Claro;Simples;"Reta;Retorno Regulamentado";Sim;2;0;0;1;1;0;1;2;-7,52108436;-46,05106249;SPRF-MA;DEL05-MA;UOP01-DEL05-MA;;;
722453;29/09/2025;segunda-feira;21:10:00;RJ;40;108;DUQUE DE CAXIAS;Manobra de mudan�a de faixa;Colis�o lateral mesmo sentido;Com V�timas Feridas;Plena Noite;Crescente;C�u Claro;M�ltipla;Reta;Sim;4;0;0;2;2;0;2;2;-22,66916214;-43,28554273;SPRF-RJ;DEL01-RJ;UOP02-DEL01-RJ;;;
722455;03/10/2025;sexta-feira;13:20:00;RJ;116;172;SAO JOAO DE MERITI;Aus�ncia de rea��o do condutor;Colis�o traseira;Com V�timas Feridas;Pleno dia;Crescente;C�u Claro;M�ltipla;Reta;Sim;2;0;0;1;1;0;1;2;-22,8009584;-43,35189756;SPRF-RJ;DEL06-RJ;UOP01-DEL06-RJ;;;
722457;03/10/2025;sexta-feira;09:52:00;MS;262;480,2;ANASTACIO;Acostamento em desn�vel;Sa�da de leito carro��vel;Com V�timas Feridas;Pleno dia;Crescente;Nublado;Simples;Reta;N�o;1;0;0;1;0;0;1;1;-20,50480054;-55,72282188;SPRF-MS;DEL03-MS;UOP01-DEL03-MS;;;
722458;03/10/2025;sexta-feira;09:40:00;RJ;101;321;NITEROI;Manobra de mudan�a de faixa;Colis�o traseira;Com V�timas Feridas;Pleno dia;Decrescente;C�u Claro;M�ltipla;Reta;N�o;2;0;1;0;1;0;1;2;-22,87016499;-43,11069489;SPRF-RJ;DEL02-RJ;UOP01-DEL02-RJ;;;
722459;03/10/2025;sexta-feira;11:50:00;PR;153;82,7;CONSELHEIRO MAIRINCK;Desrespeitar a prefer�ncia no cruzamento;Colis�o transversal;Com V�timas Fatais;Pleno dia;Decrescente;C�u Claro;Simples;"Interse��o de Vias;Rotat�ria";N�o;5;1;1;0;3;0;1;2;-23,62737;-50,14771;SPRF-PR;DEL07-PR;UOP04-DEL07-PR;;;
722460;03/10/2025;sexta-feira;13:30:00;ES;101;266;SERRA;Manobra de mudan�a de faixa;Colis�o lateral mesmo sentido;Com V�timas Feridas;Pleno dia;Crescente;Sol;Dupla;Reta;Sim;2;0;1;0;1;0;1;2;-20,190199;-40,26828891;SPRF-ES;DEL02-ES;UOP01-DEL02-ES;;;
722461;03/10/2025;sexta-feira;13:00:00;RS;290;48;GLORINHA;Rea��o tardia ou ineficiente do condutor;Sa�da de leito carro��vel;Com V�timas Feridas;Pleno dia;Crescente;Garoa/Chuvisco;Dupla;Reta;N�o;1;0;0;1;0;0;1;1;-29,89604;-50,732885;SPRF-RS;DEL03-RS;UOP01-DEL03-RS;;;
722462;03/10/2025;sexta-feira;11:00:00;RJ;101;329;NITEROI;Manobra de mudan�a de faixa;Colis�o lateral mesmo sentido;Sem V�timas;Pleno dia;Decrescente;C�u Claro;M�ltipla;Reta;N�o;2;0;0;0;1;1;0;2;-22,87143032;-43,16013336;SPRF-RJ;DEL02-RJ;UOP01-DEL02-RJ;;;
722464;03/10/2025;sexta-feira;08:40:00;PI;343;140;PIRACURUCA;Acessar a via sem observar a presen�a dos outros ve�culos;Colis�o transversal;Sem V�timas;Pleno dia;Decrescente;C�u Claro;Dupla;Reta;Sim;2;0;0;0;2;0;0;2;-3,91910352;-41,71191126;SPRF-PI;DEL02-PI;UOP01-DEL02-PI;;;
722465;03/10/2025;sexta-feira;12:30:00;BA;324;516;FEIRA DE SANTANA;Aus�ncia de rea��o do condutor;Colis�o frontal;Com V�timas Feridas;Pleno dia;Crescente;Sol;Simples;Reta;Sim;2;0;1;0;1;0;1;2;-12,241123;-38,93781;SPRF-BA;DEL02-BA;UOP01-DEL02-BA;;;
722466;03/10/2025;sexta-feira;07:45:00;PR;376;332;ORTIGUEIRA;Chuva;Sa�da de leito carro��vel;Com V�timas Feridas;Pleno dia;Crescente;Chuva;Simples;"Curva;Declive";N�o;5;0;1;2;2;0;3;1;-24,11842778;-51,01984262;SPRF-PR;DEL07-PR;UOP02-DEL07-PR;;;
722467;31/05/2025;s�bado;18:20:00;GO;251;13;CRISTALINA;Ingest�o de �lcool pelo condutor;Sa�da de leito carro��vel;Sem V�timas;Plena Noite;Crescente;C�u Claro;Simples;Reta;N�o;1;0;0;0;1;0;0;1;-16,19913;-47,44904;SPRF-DF;DEL01-DF;UOP01-DEL01-DF;;;
722468;03/10/2025;sexta-feira;12:50:00;PR;277;431,9;VIRMOND;Avarias e/ou desgaste excessivo no pneu;Sa�da de leito carro��vel;Com V�timas Feridas;Pleno dia;Decrescente;Chuva;Simples;"Declive;Curva";N�o;2;0;1;0;1;0;1;1;-25,37524;-52,216331;SPRF-PR;DEL04-PR;UOP02-DEL04-PR;;;
722471;03/10/2025;sexta-feira;14:42:00;PI;343;331;TERESINA;Ultrapassagem Indevida;Colis�o frontal;Com V�timas Feridas;Pleno dia;Crescente;Sol;Simples;Reta;N�o;3;0;2;1;0;0;3;2;-5,05872;-42,664452;SPRF-PI;DEL01-PI;UOP01-DEL01-PI;;;
722472;03/10/2025;sexta-feira;11:00:00;PR;277;660;MATELANDIA;Chuva;Sa�da de leito carro��vel;Com V�timas Feridas;Pleno dia;Crescente;Chuva;Dupla;Curva;N�o;2;0;2;0;0;0;2;1;-25,25146746;-53,99075858;SPRF-PR;DEL05-PR;UOP02-DEL05-PR;;;
722473;03/10/2025;sexta-feira;14:45:00;SP;101;51;UBATUBA;Acessar a via sem observar a presen�a dos outros ve�culos;Colis�o transversal;Com V�timas Feridas;Pleno dia;Decrescente;Nublado;Simples;Reta;Sim;2;0;2;0;0;0;2;2;-23,46034607;-45,06701231;SPRF-SP;DEL06-SP;UOP01-DEL06-SP;;;
722474;22/09/2025;segunda-feira;06:40:00;SC;101;207,9;SAO JOSE;Acumulo de �gua sobre o pavimento;Colis�o transversal;Com V�timas Feridas;Pleno dia;Decrescente;Chuva;M�ltipla;Curva;Sim;5;0;1;0;4;0;1;4;-27,60305;-48,631371;SPRF-SC;DEL01-SC;UOP01-DEL01-SC;;;
722475;03/10/2025;sexta-feira;13:38:00;RO;319;138;PORTO VELHO;Manobra de mudan�a de faixa;Colis�o lateral mesmo sentido;Com V�timas Feridas;Pleno dia;Decrescente;C�u Claro;Dupla;"Interse��o de Vias;Reta";Sim;1;0;0;1;0;0;1;1;-8,74249923;-63,90248791;SPRF-RO;DEL01-RO;UOP01-DEL01-RO;;;
722478;03/10/2025;sexta-feira;13:34:00;PE;104;73;CARUARU;Rea��o tardia ou ineficiente do condutor;Colis�o traseira;Com V�timas Feridas;Pleno dia;Decrescente;C�u Claro;Simples;Aclive;N�o;3;0;1;0;1;1;1;2;-8,348125;-35,984638;SPRF-PE;DEL02-PE;UOP01-DEL02-PE;;;
722479;03/10/2025;sexta-feira;14:25:00;BA;330;793,8;JEQUIE;Rea��o tardia ou ineficiente do condutor;Sa�da de leito carro��vel;Com V�timas Feridas;Pleno dia;Decrescente;Sol;Simples;Reta;N�o;3;0;3;0;0;0;3;1;-13,89386;-40,022182;SPRF-BA;DEL03-BA;UOP01-DEL03-BA;;;
722480;03/10/2025;sexta-feira;14:00:00;SC;280;155;RIO NEGRINHO;Chuva;Tombamento;Sem V�timas;Pleno dia;Crescente;Chuva;Simples;Reta;N�o;1;0;0;0;0;1;0;1;-26,261738;-49,54829;SPRF-SC;DEL06-SC;UOP03-DEL06-SC;;;
722481;03/10/2025;sexta-feira;15:45:00;MG;381;886,9;ESTIVA;Manobra de mudan�a de faixa;Sa�da de leito carro��vel;Com V�timas Feridas;Pleno dia;Decrescente;C�u Claro;Dupla;Reta;N�o;2;0;1;0;1;0;1;2;-22,51599859;-46,0212425;SPRF-MG;DEL16-MG;UOP01-DEL16-MG;;;
722483;03/10/2025;sexta-feira;15:00:00;BA;367;53;PORTO SEGURO;Demais falhas mec�nicas ou el�tricas;Inc�ndio;Sem V�timas;Pleno dia;Decrescente;C�u Claro;Simples;Curva;N�o;1;0;0;0;0;1;0;1;-16,379504;-39,3254;SPRF-BA;DEL09-BA;UOP03-DEL09-BA;;;
722484;22/09/2025;segunda-feira;18:00:00;RS;158;218,3;CRUZ ALTA;Acessar a via sem observar a presen�a dos outros ve�culos;Colis�o transversal;Com V�timas Feridas;Pleno dia;Crescente;C�u Claro;Simples;"Reta;Interse��o de Vias";N�o;4;0;1;3;0;0;4;2;-28,84348347;-53,61247047;SPRF-RS;DEL10-RS;UOP02-DEL10-RS;;;
722485;03/10/2025;sexta-feira;16:25:00;SP;116;212;GUARULHOS;Condutor Dormindo;Sa�da de leito carro��vel;Com V�timas Fatais;Pleno dia;Decrescente;C�u Claro;Dupla;Reta;Sim;2;1;0;0;1;0;0;2;-23,43516505;-46,42573675;SPRF-SP;DEL01-SP;UOP01-DEL01-SP;;;
722486;02/10/2025;quinta-feira;17:50:00;PR;158;536,6;PATO BRANCO;Pedestre cruzava a pista fora da faixa;Atropelamento de Pedestre;Com V�timas Feridas;Anoitecer;Decrescente;Garoa/Chuvisco;Simples;Rotat�ria;Sim;3;0;0;1;2;0;1;2;-26,24489198;-52,69973008;SPRF-PR;DEL02-PR;UOP01-DEL02-PR;;;
722487;03/10/2025;sexta-feira;16:05:00;MG;381;343;JOAO MONLEVADE;Velocidade Incompat�vel;Colis�o lateral sentido oposto;Com V�timas Feridas;Pleno dia;Crescente;C�u Claro;Simples;"Declive;Curva";N�o;2;0;2;0;0;0;2;2;-19,85464141;-43,13026428;SPRF-MG;DEL03-MG;UOP01-DEL03-MG;;;
722488;03/10/2025;sexta-feira;14:40:00;RJ;465;0;SEROPEDICA;Acessar a via sem observar a presen�a dos outros ve�culos;Colis�o transversal;Com V�timas Feridas;Pleno dia;Crescente;C�u Claro;Simples;Reta;Sim;3;0;0;1;1;1;1;3;-22,71639;-43,72914;SPRF-RJ;DEL06-RJ;UOP02-DEL06-RJ;;;
722489;03/10/2025;sexta-feira;16:20:00;MG;40;424,8;CURVELO;Demais falhas mec�nicas ou el�tricas;Inc�ndio;Sem V�timas;Pleno dia;Decrescente;C�u Claro;Dupla;"Reta;Aclive";N�o;1;0;0;0;0;1;0;1;-19,16202;-44,52276;SPRF-MG;DEL02-MG;UOP01-DEL02-MG;;;
722490;03/10/2025;sexta-feira;16:30:00;RS;116;519;PELOTAS;Rea��o tardia ou ineficiente do condutor;Colis�o transversal;Com V�timas Feridas;Pleno dia;Crescente;C�u Claro;M�ltipla;"Reta;Rotat�ria";N�o;2;0;1;0;1;0;1;2;-31,69530475;-52,35652182;SPRF-RS;DEL07-RS;UOP01-DEL07-RS;;;
722492;03/10/2025;sexta-feira;17:00:00;SC;101;214,6;PALHOCA;Ultrapassagem Indevida;Colis�o lateral mesmo sentido;Sem V�timas;Anoitecer;Crescente;Chuva;M�ltipla;Interse��o de Vias;Sim;3;0;0;0;3;0;0;2;-27,64901618;-48,67407513;SPRF-SC;DEL01-SC;UOP02-DEL01-SC;;;