id;data_inversa;dia_semana;horario;uf;br;km;municipio;causa_acidente;tipo_acidente;classificacao_acidente;fase_dia;sentido_via;condicao_metereologica;tipo_pista;tracado_via;uso_solo;pessoas;mortos;feridos_leves;feridos_graves;ilesos;ignorados;feridos;veiculos;latitude;longitude;regional;delegacia;uop;;;
722494;03/10/2025;sexta-feira;15:40:00;RN;304;89;ACU;Demais falhas mec�nicas ou el�tricas;Tombamento;Com V�timas Feridas;Pleno dia;Crescente;C�u Claro;Simples;Reta;N�o;2;0;2;0;0;0;2;1;-5,529138;-37,101458;SPRF-RN;DEL04-RN;UOP01-DEL04-RN;;;
722495;03/10/2025;sexta-feira;16:45:00;SC;280;5,7;SAO FRANCISCO DO SUL;Aus�ncia de rea��o do condutor;Colis�o traseira;Com V�timas Feridas;Pleno dia;Crescente;Chuva;Simples;Reta;N�o;2;0;1;0;1;0;1;2;-26,26414806;-48,63132326;SPRF-SC;DEL03-SC;UOP03-DEL03-SC;;;
722496;03/10/2025;sexta-feira;10:50:00;RJ;101;329;NITEROI;Manobra de mudan�a de faixa;Colis�o traseira;Com V�timas Feridas;Pleno dia;Decrescente;C�u Claro;Dupla;Reta;N�o;2;0;1;0;1;0;1;2;-22,8823429;-43,1074599;SPRF-RJ;DEL02-RJ;UOP01-DEL02-RJ;;;
722497;03/10/2025;sexta-feira;16:35:00;SP;101;37;UBATUBA;Convers�o proibida;Colis�o transversal;Com V�timas Feridas;Pleno dia;Crescente;Nublado;Simples;Aclive;N�o;3;0;1;0;2;0;1;2;-23,40799456;-45,01891286;SPRF-SP;DEL06-SP;UOP01-DEL06-SP;;;
722498;03/10/2025;sexta-feira;16:05:00;RJ;393;270;BARRA DO PIRAI;Manobra de mudan�a de faixa;Colis�o traseira;Com V�timas Feridas;Pleno dia;Crescente;C�u Claro;Simples;"Reta;Interse��o de Vias";N�o;2;0;1;0;1;0;1;2;-22,48178901;-43,97518158;SPRF-RJ;DEL05-RJ;UOP04-DEL05-RJ;;;
722499;03/10/2025;sexta-feira;17:10:00;RN;101;109;PARNAMIRIM;Animais na Pista;Atropelamento de Animal;Com V�timas Feridas;Pleno dia;Crescente;C�u Claro;M�ltipla;Reta;Sim;1;0;1;0;0;0;1;1;-5,9420863;-35,2639856;SPRF-RN;DEL01-RN;UOP01-DEL01-RN;;;
722500;03/10/2025;sexta-feira;14:30:00;MG;381;282;ANTONIO DIAS;Condutor deixou de manter dist�ncia do ve�culo da frente;Colis�o traseira;Com V�timas Feridas;Pleno dia;Crescente;Nublado;Simples;Reta;N�o;2;0;1;0;1;0;1;2;-19,61841575;-42,78548241;SPRF-MG;DEL03-MG;UOP02-DEL03-MG;;;
722501;03/10/2025;sexta-feira;14:15:00;PR;163;142,6;CAPITAO LEONIDAS MARQUES;Velocidade Incompat�vel;Sa�da de leito carro��vel;Com V�timas Feridas;Pleno dia;Decrescente;Nublado;Dupla;"Curva;Aclive";N�o;2;0;1;1;0;0;2;1;-25,4548152;-53,58110011;SPRF-PR;DEL05-PR;UOP05-DEL05-PR;;;
722503;03/10/2025;sexta-feira;17:00:00;SC;101;214,5;PALHOCA;Condutor deixou de manter dist�ncia do ve�culo da frente;Colis�o traseira;Com V�timas Feridas;Pleno dia;Crescente;Chuva;M�ltipla;Reta;Sim;2;0;0;1;1;0;1;2;-27,6482982;-48,67357342;SPRF-SC;DEL01-SC;UOP02-DEL01-SC;;;
722504;03/10/2025;sexta-feira;15:30:00;MA;135;7;SAO LUIS;Rea��o tardia ou ineficiente do condutor;Colis�o lateral mesmo sentido;Com V�timas Feridas;Pleno dia;Crescente;Sol;Dupla;"Reta;Retorno Regulamentado";Sim;2;0;1;0;1;0;1;2;-2,64009234;-44,27155265;SPRF-MA;DEL01-MA;UOP01-DEL01-MA;;;
722509;03/10/2025;sexta-feira;16:55:00;PR;376;7,4;MARINGA;Rea��o tardia ou ineficiente do condutor;Colis�o com objeto;Com V�timas Feridas;Pleno dia;Crescente;Chuva;Dupla;"Curva;Declive";Sim;1;0;1;0;0;0;1;1;-23,373079;-51,931208;SPRF-PR;DEL09-PR;UOP01-DEL09-PR;;;
722510;03/10/2025;sexta-feira;16:40:00;RO;364;15;VILHENA;Desrespeitar a prefer�ncia no cruzamento;Colis�o transversal;Com V�timas Feridas;Pleno dia;Crescente;C�u Claro;Dupla;Rotat�ria;Sim;2;0;1;0;1;0;1;2;-12,73679681;-60,14701277;SPRF-RO;DEL04-RO;UOP01-DEL04-RO;;;
722511;03/10/2025;sexta-feira;17:30:00;PB;230;157,5;CAMPINA GRANDE;Acessar a via sem observar a presen�a dos outros ve�culos;Colis�o transversal;Com V�timas Feridas;Anoitecer;Crescente;C�u Claro;Simples;"Retorno Regulamentado;Reta";Sim;2;0;0;1;1;0;1;2;-7,262848;-35,921226;SPRF-PB;DEL02-PB;UOP01-DEL02-PB;;;
722512;03/10/2025;sexta-feira;17:20:00;DF;20;2;BRASILIA;Trafegar com motocicleta (ou similar) entre as faixas;Colis�o lateral mesmo sentido;Com V�timas Feridas;Anoitecer;Crescente;C�u Claro;Dupla;"Reta;Declive";Sim;2;0;1;0;1;0;1;2;-15,6807816;-47,8324712;SPRF-DF;DEL02-DF;UOP01-DEL02-DF;;;
722513;03/10/2025;sexta-feira;18:00:00;RS;116;427;CRISTAL;Aus�ncia de rea��o do condutor;Colis�o transversal;Com V�timas Feridas;Anoitecer;Decrescente;Nublado;Simples;Curva;Sim;2;0;1;0;1;0;1;2;-30,99723179;-52,04886172;SPRF-RS;DEL02-RS;UOP02-DEL02-RS;;;
722514;03/10/2025;sexta-feira;17:50:00;PB;230;25;JOAO PESSOA;Manobra de mudan�a de faixa;Colis�o lateral mesmo sentido;Com V�timas Feridas;Plena Noite;Crescente;C�u Claro;Dupla;Reta;Sim;2;0;1;0;1;0;1;2;-7,17055648;-34,86946821;SPRF-PB;DEL01-PB;UOP01-DEL01-PB;;;
722517;03/10/2025;sexta-feira;17:30:00;RJ;101;276,4;TANGUA;Rea��o tardia ou ineficiente do condutor;Colis�o traseira;Com V�timas Feridas;Anoitecer;Crescente;Ignorado;Dupla;Reta;N�o;2;0;0;1;0;1;1;2;-22,73837676;-42,74088453;SPRF-RJ;DEL02-RJ;UOP03-DEL02-RJ;;;
722518;03/10/2025;sexta-feira;18:40:00;PR;277;726,5;FOZ DO IGUACU;Aus�ncia de rea��o do condutor;Tombamento;Com V�timas Feridas;Plena Noite;Crescente;C�u Claro;Dupla;Curva;Sim;1;0;1;0;0;0;1;1;-25,51039149;-54,55981229;SPRF-PR;DEL05-PR;UOP03-DEL05-PR;;;
722519;03/10/2025;sexta-feira;17:00:00;RJ;101;431;MANGARATIBA;Velocidade Incompat�vel;Sa�da de leito carro��vel;Com V�timas Feridas;Anoitecer;Crescente;C�u Claro;Simples;"Curva;Declive";N�o;1;0;1;0;0;0;1;1;-22,935078;-44,027519;SPRF-RJ;DEL03-RJ;UOP02-DEL03-RJ;;;
722522;03/10/2025;sexta-feira;17:35:00;MS;163;486;CAMPO GRANDE;Acessar a via sem observar a presen�a dos outros ve�culos;Colis�o transversal;Sem V�timas;Anoitecer;Decrescente;Nublado;Simples;Reta;Sim;3;0;0;0;3;0;0;2;-20,42809316;-54,54490749;SPRF-MS;DEL01-MS;UOP02-DEL01-MS;;;
722525;29/09/2025;segunda-feira;20:20:00;PR;277;716;SANTA TEREZINHA DE ITAIPU;Demais falhas mec�nicas ou el�tricas;Queda de ocupante de ve�culo;Com V�timas Feridas;Plena Noite;Crescente;C�u Claro;Dupla;Declive;N�o;1;0;1;0;0;0;1;1;-25,45970478;-54,4348526;SPRF-PR;DEL05-PR;UOP01-DEL05-PR;;;
722526;03/10/2025;sexta-feira;18:30:00;ES;101;148;LINHARES;Desrespeitar a prefer�ncia no cruzamento;Colis�o transversal;Com V�timas Feridas;Plena Noite;Crescente;Chuva;M�ltipla;"Interse��o de Vias;Reta";Sim;2;0;1;0;1;0;1;2;-19,38794741;-40,06730423;SPRF-ES;DEL04-ES;UOP01-DEL04-ES;;;
722527;03/10/2025;sexta-feira;19:00:00;RS;290;88;PORTO ALEGRE;Rea��o tardia ou ineficiente do condutor;Engavetamento;Com V�timas Feridas;Plena Noite;Decrescente;C�u Claro;Dupla;Reta;N�o;5;0;2;0;3;0;2;4;-29,9676572;-51,1403628;SPRF-RS;DEL01-RS;UOP01-DEL01-RS;;;
722528;03/10/2025;sexta-feira;16:26:00;GO;153;413;ANAPOLIS;Rea��o tardia ou ineficiente do condutor;Colis�o com objeto;Com V�timas Feridas;Pleno dia;Decrescente;C�u Claro;Simples;"Declive;Ponte";N�o;1;0;1;0;0;0;1;1;-16,13741457;-49,04804349;SPRF-GO;DEL02-GO;UOP02-DEL02-GO;;;
722529;03/10/2025;sexta-feira;17:30:00;AL;101;175,6;TEOTONIO VILELA;Entrada inopinada do pedestre;Atropelamento de Pedestre;Com V�timas Feridas;Anoitecer;Crescente;C�u Claro;Dupla;Reta;Sim;6;0;0;1;5;0;1;2;-9,902335;-36,359385;SPRF-AL;DEL02-AL;UOP02-DEL02-AL;;;
722530;03/10/2025;sexta-feira;18:35:00;RJ;101;487,2;ANGRA DOS REIS;Acessar a via sem observar a presen�a dos outros ve�culos;Colis�o transversal;Com V�timas Feridas;Plena Noite;Decrescente;C�u Claro;Simples;Retorno Regulamentado;Sim;2;0;1;0;1;0;1;2;-22,962915;-44,298053;SPRF-RJ;DEL03-RJ;UOP03-DEL03-RJ;;;
722531;03/10/2025;sexta-feira;19:00:00;RN;405;1;MOSSORO;Manobra de mudan�a de faixa;Colis�o traseira;Com V�timas Feridas;Plena Noite;Crescente;C�u Claro;Dupla;Reta;Sim;1;0;1;0;0;0;1;1;-5,19158;-37,36045;SPRF-RN;DEL04-RN;UOP02-DEL04-RN;;;
722532;03/10/2025;sexta-feira;18:10:00;MA;135;95;ITAPECURU MIRIM;Acostamento em desn�vel;Tombamento;Com V�timas Fatais;Plena Noite;Decrescente;C�u Claro;Simples;Reta;Sim;1;1;0;0;0;0;0;1;-3,318193;-44,433795;SPRF-MA;DEL01-MA;UOP02-DEL01-MA;;;
722533;03/10/2025;sexta-feira;19:15:00;SC;101;207;SAO JOSE;Condutor deixou de manter dist�ncia do ve�culo da frente;Colis�o traseira;Com V�timas Feridas;Plena Noite;Crescente;Chuva;M�ltipla;Reta;Sim;2;0;1;0;1;0;1;2;-27,59790728;-48,6206588;SPRF-SC;DEL01-SC;UOP01-DEL01-SC;;;
722534;03/10/2025;sexta-feira;18:30:00;MG;381;504;BETIM;Manobra de mudan�a de faixa;Colis�o lateral mesmo sentido;Com V�timas Feridas;Anoitecer;Decrescente;C�u Claro;Dupla;"Reta;Aclive";Sim;3;0;2;0;1;0;2;2;-19,9965597;-44,2090401;SPRF-MG;DEL01-MG;UOP03-DEL01-MG;;;
722535;03/10/2025;sexta-feira;01:30:00;MT;158;515;AGUA BOA;Aus�ncia de rea��o do condutor;Colis�o lateral sentido oposto;Sem V�timas;Plena Noite;Decrescente;C�u Claro;Simples;Reta;N�o;2;0;0;0;0;2;0;2;-14,0869468;-52,1609482;SPRF-MT;DEL07-MT;UOP02-DEL07-MT;;;
722537;03/10/2025;sexta-feira;18:30:00;SC;163;75,1;SAO MIGUEL DO OESTE;Retorno proibido;Colis�o frontal;Com V�timas Feridas;Anoitecer;Decrescente;C�u Claro;Simples;Curva;N�o;6;0;1;0;5;0;1;2;-26,69077906;-53,51444218;SPRF-SC;DEL07-SC;UOP03-DEL07-SC;;;
722538;03/10/2025;sexta-feira;20:00:00;SC;282;69,6;RANCHO QUEIMADO;Aus�ncia de rea��o do condutor;Colis�o traseira;Com V�timas Feridas;Plena Noite;Decrescente;Chuva;Simples;Curva;N�o;6;0;1;3;2;0;4;3;-27,6698807;-49,15716916;SPRF-SC;DEL01-SC;UOP03-DEL01-SC;;;
722539;03/10/2025;sexta-feira;19:25:00;PI;343;345;TERESINA;Condutor desrespeitou a ilumina��o vermelha do sem�foro;Colis�o transversal;Com V�timas Feridas;Plena Noite;Decrescente;C�u Claro;Dupla;"Reta;Em Obras;Interse��o de Vias";Sim;2;0;1;0;1;0;1;2;-5,106158;-42,767885;SPRF-PI;DEL01-PI;UOP01-DEL01-PI;;;
722541;03/10/2025;sexta-feira;19:45:00;ES;101;262;SERRA;Acessar a via sem observar a presen�a dos outros ve�culos;Colis�o frontal;Com V�timas Feridas;Plena Noite;Decrescente;Nublado;M�ltipla;Interse��o de Vias;N�o;2;0;0;1;1;0;1;2;-20,15858567;-40,27607113;SPRF-ES;DEL02-ES;UOP01-DEL02-ES;;;
722542;03/10/2025;sexta-feira;20:00:00;RJ;356;129;CAMPOS DOS GOYTACAZES;Animais na Pista;Atropelamento de Animal;Com V�timas Feridas;Plena Noite;Crescente;C�u Claro;Simples;Reta;N�o;2;0;2;0;0;0;2;1;-21,7155267;-41,3093733;SPRF-RJ;DEL08-RJ;UOP01-DEL08-RJ;;;
722544;03/10/2025;sexta-feira;20:00:00;PB;101;47;RIO TINTO;Demais falhas mec�nicas ou el�tricas;Inc�ndio;Sem V�timas;Plena Noite;Decrescente;C�u Claro;Dupla;Reta;N�o;1;0;0;0;1;0;0;1;-6,904542;-35,118318;SPRF-PB;DEL01-PB;UOP03-DEL01-PB;;;
722546;03/10/2025;sexta-feira;20:00:00;PA;230;115;MARABA;Acessar a via sem observar a presen�a dos outros ve�culos;Colis�o transversal;Com V�timas Feridas;Plena Noite;Decrescente;C�u Claro;Simples;Reta;Sim;5;0;1;1;3;0;2;2;-5,36314;-49,07229;SPRF-PA;DEL03-PA;UOP01-DEL03-PA;;;
722547;03/10/2025;sexta-feira;21:00:00;SP;153;77;BADY BASSITT;Aus�ncia de rea��o do condutor;Sa�da de leito carro��vel;Com V�timas Fatais;Plena Noite;Decrescente;Nublado;Dupla;"Reta;Aclive";N�o;1;1;0;0;0;0;0;1;-20,901735;-49,451098;SPRF-SP;DEL09-SP;UOP01-DEL09-SP;;;
722548;03/10/2025;sexta-feira;19:00:00;RJ;40;110,9;DUQUE DE CAXIAS;Rea��o tardia ou ineficiente do condutor;Engavetamento;Com V�timas Feridas;Plena Noite;Decrescente;C�u Claro;M�ltipla;Reta;Sim;5;0;3;0;2;0;3;3;-22,687253;-43,285923;SPRF-RJ;DEL01-RJ;UOP02-DEL01-RJ;;;
722550;03/10/2025;sexta-feira;20:55:00;BA;135;191;BARREIRAS;Transitar na contram�o;Colis�o frontal;Com V�timas Fatais;Plena Noite;Crescente;C�u Claro;Simples;"Reta;Aclive";N�o;6;1;1;3;1;0;4;2;-12,252482;-45,022607;SPRF-BA;DEL10-BA;UOP01-DEL10-BA;;;
722552;03/10/2025;sexta-feira;20:40:00;RJ;393;284;VOLTA REDONDA;Rea��o tardia ou ineficiente do condutor;Colis�o lateral sentido oposto;Sem V�timas;Plena Noite;Decrescente;C�u Claro;Simples;"Interse��o de Vias;Reta";Sim;2;0;0;0;2;0;0;2;-22,49572844;-44,06985635;SPRF-RJ;DEL05-RJ;UOP04-DEL05-RJ;;;
722554;03/10/2025;sexta-feira;20:30:00;SP;116;506;CAJATI;Aus�ncia de rea��o do condutor;Colis�o com objeto;Sem V�timas;Plena Noite;Crescente;Chuva;Dupla;Curva;Sim;2;0;0;0;2;0;0;1;-24,80543477;-48,21624756;SPRF-SP;DEL05-SP;UOP02-DEL05-SP;;;
722555;03/10/2025;sexta-feira;21:10:00;RN;110;51;MOSSORO;Manobra de mudan�a de faixa;Queda de ocupante de ve�culo;Com V�timas Feridas;Pleno dia;Crescente;C�u Claro;Simples;Reta;Sim;1;0;0;1;0;0;1;1;-5,3028361;-37,2811105;SPRF-RN;DEL04-RN;UOP01-DEL04-RN;;;
722556;03/10/2025;sexta-feira;19:50:00;SC;280;234;CANOINHAS;Pista Escorregadia;Sa�da de leito carro��vel;Com V�timas Feridas;Plena Noite;Decrescente;Chuva;Simples;Curva;N�o;1;0;1;0;0;0;1;1;-26,19799577;-50,43166637;SPRF-SC;DEL06-SC;UOP04-DEL06-SC;;;
722557;03/10/2025;sexta-feira;18:00:00;BA;415;58;ITABUNA;Transitar na contram�o;Colis�o frontal;Com V�timas Feridas;Plena Noite;Crescente;C�u Claro;Simples;Reta;N�o;4;0;2;1;1;0;3;2;-14,84948013;-39,38246727;SPRF-BA;DEL05-BA;UOP01-DEL05-BA;;;
722558;03/10/2025;sexta-feira;15:10:00;MG;381;240,8;SANTANA DO PARAISO;Condutor deixou de manter dist�ncia do ve�culo da frente;Engavetamento;Com V�timas Feridas;Pleno dia;Crescente;C�u Claro;Simples;Aclive;N�o;6;0;1;0;5;0;1;4;-19,43426398;-42,50828862;SPRF-MG;DEL06-MG;UOP01-DEL06-MG;;;
722559;03/10/2025;sexta-feira;19:45:00;SC;101;331,9;TUBARAO;Velocidade Incompat�vel;Sa�da de leito carro��vel;Com V�timas Feridas;Plena Noite;Crescente;Chuva;M�ltipla;"Interse��o de Vias;Declive;Curva";N�o;1;0;1;0;0;0;1;1;-28,46406034;-48,99384141;SPRF-SC;DEL02-SC;UOP01-DEL02-SC;;;
722560;03/10/2025;sexta-feira;21:15:00;MG;40;816;SIMAO PEREIRA;Pedestre cruzava a pista fora da faixa;Atropelamento de Pedestre;Com V�timas Feridas;Pleno dia;Crescente;C�u Claro;Dupla;"Reta;Aclive";N�o;2;0;0;1;1;0;1;2;-21,93253626;-43,31497192;SPRF-MG;DEL05-MG;UOP01-DEL05-MG;;;
722561;03/10/2025;sexta-feira;21:00:00;MG;116;416,8;GOVERNADOR VALADARES;Rea��o tardia ou ineficiente do condutor;Colis�o transversal;Com V�timas Feridas;Plena Noite;Crescente;Nublado;Simples;"Interse��o de Vias;Reta";Sim;3;0;2;0;1;0;2;2;-18,90209909;-41,94447611;SPRF-MG;DEL06-MG;UOP01-DEL06-MG;;;
722562;03/10/2025;sexta-feira;18:00:00;MG;116;534,7;SANTA RITA DE MINAS;Demais falhas mec�nicas ou el�tricas;Tombamento;Com V�timas Feridas;Plena Noite;Crescente;C�u Claro;Simples;Curva;N�o;2;0;2;0;0;0;2;1;-19,85626438;-42,14028597;SPRF-MG;DEL06-MG;UOP02-DEL06-MG;;;
722563;03/10/2025;sexta-feira;19:00:00;RJ;101;504;ANGRA DOS REIS;Acessar a via sem observar a presen�a dos outros ve�culos;Colis�o transversal;Com V�timas Feridas;Plena Noite;Decrescente;C�u Claro;Simples;Reta;N�o;2;0;2;0;0;0;2;2;-22,93136;-44,386976;SPRF-RJ;DEL03-RJ;UOP03-DEL03-RJ;;;
722564;03/10/2025;sexta-feira;21:30:00;PR;376;405;TIBAGI;Ilumina��o deficiente;Colis�o com objeto;Com V�timas Feridas;Plena Noite;Decrescente;Garoa/Chuvisco;Dupla;Reta;N�o;2;0;1;0;1;0;1;1;-24,62603044;-50,64435482;SPRF-PR;DEL03-PR;UOP02-DEL03-PR;;;
722565;03/10/2025;sexta-feira;20:30:00;PB;230;392;SAO BENTINHO;Animais na Pista;Atropelamento de Animal;Com V�timas Feridas;Plena Noite;Crescente;C�u Claro;Simples;Reta;N�o;1;0;1;0;0;0;1;1;-6,856653;-37,740532;SPRF-PB;DEL03-PB;UOP02-DEL03-PB;;;
722566;03/10/2025;sexta-feira;18:35:00;MG;116;762;LEOPOLDINA;Acessar a via sem observar a presen�a dos outros ve�culos;Colis�o transversal;Com V�timas Feridas;Plena Noite;Decrescente;C�u Claro;Dupla;Interse��o de Vias;Sim;3;0;1;0;2;0;1;2;-21,52623513;-42,63282806;SPRF-MG;DEL07-MG;UOP01-DEL07-MG;;;
722567;03/10/2025;sexta-feira;20:00:00;MT;163;846;SINOP;Rea��o tardia ou ineficiente do condutor;Sa�da de leito carro��vel;Sem V�timas;Plena Noite;Decrescente;C�u Claro;Simples;Reta;N�o;1;0;0;0;0;1;0;1;-11,758635;-55,468571;SPRF-MT;DEL06-MT;UOP02-DEL06-MT;;;
722569;03/10/2025;sexta-feira;18:30:00;PE;428;188;PETROLINA;Condutor deixou de manter dist�ncia do ve�culo da frente;Colis�o traseira;Com V�timas Feridas;Plena Noite;Decrescente;C�u Claro;Dupla;Reta;Sim;3;0;1;0;2;0;1;2;-9,369895;-40,48558;SPRF-PE;DEL06-PE;UOP01-DEL06-PE;;;
722571;03/10/2025;sexta-feira;20:50:00;RO;364;711;PORTO VELHO;Aus�ncia de rea��o do condutor;Colis�o transversal;Com V�timas Feridas;Plena Noite;Decrescente;C�u Claro;Dupla;"Interse��o de Vias;Reta";Sim;2;0;0;1;1;0;1;2;-8,78401192;-63,86212913;SPRF-RO;DEL01-RO;UOP01-DEL01-RO;;;
722572;03/10/2025;sexta-feira;18:15:00;RO;364;408;JARU;Ultrapassagem Indevida;Sa�da de leito carro��vel;Com V�timas Feridas;Plena Noite;Decrescente;C�u Claro;Simples;"Reta;Aclive";N�o;7;0;2;0;5;0;2;2;-10,53782578;-62,39552155;SPRF-RO;DEL03-RO;UOP02-DEL03-RO;;;
722574;03/10/2025;sexta-feira;21:00:00;SP;381;84;SAO PAULO;Aus�ncia de rea��o do condutor;Queda de ocupante de ve�culo;Com V�timas Feridas;Plena Noite;Decrescente;C�u Claro;Dupla;"Aclive;Reta";Sim;1;0;1;0;0;0;1;1;-23,46003084;-46,57129161;SPRF-SP;DEL03-SP;UOP01-DEL03-SP;;;
722576;03/10/2025;sexta-feira;18:30:00;AL;316;268;SATUBA;Desrespeitar a prefer�ncia no cruzamento;Colis�o transversal;Com V�timas Feridas;Plena Noite;Crescente;C�u Claro;Simples;"Curva;Interse��o de Vias";N�o;2;0;1;0;1;0;1;2;-9,58022292;-35,83584532;SPRF-AL;DEL02-AL;UOP01-DEL02-AL;;;
722577;03/10/2025;sexta-feira;22:20:00;PR;369;130;JATAIZINHO;Rea��o tardia ou ineficiente do condutor;Colis�o com objeto;Sem V�timas;Plena Noite;Decrescente;C�u Claro;Dupla;Curva;Sim;1;0;0;0;0;1;0;1;-23,25707347;-50,98381368;SPRF-PR;DEL07-PR;UOP01-DEL07-PR;;;
722578;03/10/2025;sexta-feira;22:00:00;SC;101;227,3;PALHOCA;Condutor deixou de manter dist�ncia do ve�culo da frente;Colis�o traseira;Com V�timas Feridas;Plena Noite;Crescente;Chuva;M�ltipla;Reta;Sim;2;0;1;0;0;1;1;2;-27,75671055;-48,63224594;SPRF-SC;DEL01-SC;UOP02-DEL01-SC;;;
722579;03/10/2025;sexta-feira;22:10:00;ES;101;260;SERRA;Velocidade Incompat�vel;Colis�o com objeto;Com V�timas Feridas;Plena Noite;Decrescente;Chuva;Dupla;"Curva;Declive";Sim;3;0;3;0;0;0;3;1;-20,14650934;-40,28729349;SPRF-ES;DEL02-ES;UOP01-DEL02-ES;;;
722581;03/10/2025;sexta-feira;19:00:00;MG;262;407;IGARATINGA;Rea��o tardia ou ineficiente do condutor;Colis�o traseira;Com V�timas Feridas;Plena Noite;Decrescente;C�u Claro;Dupla;Retorno Regulamentado;N�o;3;0;2;0;1;0;2;2;-19,898911;-44,697196;SPRF-MG;DEL01-MG;UOP03-DEL01-MG;;;
722582;03/10/2025;sexta-feira;19:50:00;PE;428;186,3;PETROLINA;Manobra de mudan�a de faixa;Colis�o transversal;Com V�timas Feridas;Plena Noite;Decrescente;C�u Claro;Dupla;"Reta;Rotat�ria";Sim;2;0;0;1;1;0;1;2;-9,356671;-40,478796;SPRF-PE;DEL06-PE;UOP01-DEL06-PE;;;
722587;03/10/2025;sexta-feira;23:15:00;SE;235;0,6;ARACAJU;Ingest�o de �lcool pelo condutor;Queda de ocupante de ve�culo;Com V�timas Feridas;Plena Noite;Crescente;Ignorado;Dupla;Reta;Sim;1;0;0;1;0;0;1;1;-10,90964612;-37,07748262;SPRF-SE;DEL01-SE;UOP01-DEL01-SE;;;
722589;03/10/2025;sexta-feira;23:15:00;MG;40;672;CARANDAI;Mal s�bito do condutor;Sa�da de leito carro��vel;Com V�timas Feridas;Plena Noite;Decrescente;C�u Claro;Simples;Reta;N�o;3;0;1;2;0;0;3;1;-20,99014;-43,781195;SPRF-MG;DEL05-MG;UOP02-DEL05-MG;;;
722590;03/10/2025;sexta-feira;23:30:00;SE;101;143;ESTANCIA;Transtornos Mentais (exceto suicidio);Sa�da de leito carro��vel;Com V�timas Feridas;Plena Noite;Crescente;Chuva;Dupla;Reta;N�o;4;0;3;0;1;0;3;1;-11,198655;-37,409087;SPRF-SE;DEL02-SE;UOP01-DEL02-SE;;;
722591;04/10/2025;s�bado;00:30:00;MG;40;467,8;SETE LAGOAS;Condutor Dormindo;Colis�o frontal;Com V�timas Fatais;Plena Noite;Crescente;C�u Claro;Dupla;"Aclive;Reta";N�o;3;1;1;0;1;0;1;2;-19,454322;-44,31201;SPRF-MG;DEL02-MG;UOP01-DEL02-MG;;;
722593;04/10/2025;s�bado;01:00:00;RS;290;100;PORTO ALEGRE;Condutor deixou de manter dist�ncia do ve�culo da frente;Colis�o traseira;Com V�timas Feridas;Plena Noite;Crescente;Nublado;Dupla;"Reta;Ponte";N�o;2;0;1;0;0;1;1;2;-29,9869804;-51,240248;SPRF-RS;DEL01-RS;UOP01-DEL01-RS;;;
722594;04/10/2025;s�bado;00:35:00;PR;153;454,9;UNIAO DA VITORIA;Aus�ncia de rea��o do condutor;Tombamento;Com V�timas Feridas;Plena Noite;Crescente;C�u Claro;Simples;Interse��o de Vias;N�o;1;0;1;0;0;0;1;1;-26,20841402;-51,1145137;SPRF-PR;DEL02-PR;UOP03-DEL02-PR;;;
722597;03/10/2025;sexta-feira;17:30:00;PR;116;209,1;RIO NEGRO;Acessar a via sem observar a presen�a dos outros ve�culos;Colis�o transversal;Com V�timas Feridas;Anoitecer;Decrescente;Chuva;Simples;"Retorno Regulamentado;Reta;Rotat�ria";Sim;4;0;1;0;3;0;1;2;-26,08723611;-49,77967501;SPRF-SC;DEL06-SC;UOP01-DEL06-SC;;;
722598;03/10/2025;sexta-feira;23:55:00;PR;369;398,8;JURANDA;Rea��o tardia ou ineficiente do condutor;Colis�o traseira;Sem V�timas;Plena Noite;Crescente;C�u Claro;Simples;Reta;N�o;2;0;0;0;2;0;0;2;-24,362295;-52,751073;SPRF-PR;DEL04-PR;UOP03-DEL04-PR;;;
722599;04/10/2025;s�bado;02:00:00;ES;101;188,1;ARACRUZ;Velocidade Incompat�vel;Sa�da de leito carro��vel;Com V�timas Feridas;Plena Noite;Decrescente;Garoa/Chuvisco;Simples;Curva;N�o;1;0;1;0;0;0;1;1;-19,67628657;-40,26474833;SPRF-ES;DEL04-ES;UOP01-DEL04-ES;;;
722600;04/10/2025;s�bado;01:50:00;SP;116;145;SAO JOSE DOS CAMPOS;Aus�ncia de rea��o do condutor;Sa�da de leito carro��vel;Sem V�timas;Plena Noite;Decrescente;C�u Claro;Dupla;Reta;Sim;1;0;0;0;0;1;0;1;-23,18817719;-45,85720082;SPRF-SP;DEL02-SP;UOP01-DEL02-SP;;;
722601;04/10/2025;s�bado;03:00:00;SC;101;59;ARAQUARI;Condutor Dormindo;Colis�o com objeto;Com V�timas Feridas;Plena Noite;Crescente;Nublado;Dupla;Reta;N�o;2;0;2;0;0;0;2;1;-26,44856711;-48,78941484;SPRF-SC;DEL03-SC;UOP02-DEL03-SC;;;
722602;04/10/2025;s�bado;02:50:00;SP;153;57;SAO JOSE DO RIO PRETO;Animais na Pista;Atropelamento de Animal;Com V�timas Feridas;Amanhecer;Crescente;C�u Claro;Dupla;Reta;Sim;1;0;0;1;0;0;1;1;-20,7749782;-49,35210943;SPRF-SP;DEL09-SP;UOP01-DEL09-SP;;;