id;data_inversa;dia_semana;horario;uf;br;km;municipio;causa_acidente;tipo_acidente;classificacao_acidente;fase_dia;sentido_via;condicao_metereologica;tipo_pista;tracado_via;uso_solo;pessoas;mortos;feridos_leves;feridos_graves;ilesos;ignorados;feridos;veiculos;latitude;longitude;regional;delegacia;uop;;;
722603;04/10/2025;s�bado;02:15:00;BA;116;810,7;VITORIA DA CONQUISTA;Condutor Dormindo;Colis�o com objeto;Com V�timas Feridas;Plena Noite;Crescente;Nublado;Simples;Reta;N�o;1;0;1;0;0;0;1;1;-14,793032;-40,759927;SPRF-BA;DEL08-BA;UOP01-DEL08-BA;;;
722604;04/10/2025;s�bado;02:45:00;SC;101;361,7;SANGAO;Ingest�o de �lcool pelo condutor;Colis�o com objeto;Com V�timas Feridas;Plena Noite;Decrescente;Garoa/Chuvisco;M�ltipla;"Curva;Declive";N�o;1;0;1;0;0;0;1;1;-28,67583;-49,12666;SPRF-SC;DEL02-SC;UOP01-DEL02-SC;;;
722606;04/10/2025;s�bado;02:45:00;PR;277;721,8;FOZ DO IGUACU;Desrespeitar a prefer�ncia no cruzamento;Colis�o transversal;Com V�timas Feridas;Plena Noite;Crescente;C�u Claro;Dupla;"Retorno Regulamentado;Reta";Sim;6;0;3;2;1;0;5;3;-25,4931588;-54,51668143;SPRF-PR;DEL05-PR;UOP03-DEL05-PR;;;
722607;04/10/2025;s�bado;03:10:00;SC;101;193,9;BIGUACU;Ingest�o de �lcool pelo condutor;Colis�o com objeto;Com V�timas Feridas;Plena Noite;Crescente;Chuva;Dupla;Reta;Sim;1;0;1;0;0;0;1;1;-27,5013;-48,65393;SPRF-SC;DEL01-SC;UOP01-DEL01-SC;;;
722609;04/10/2025;s�bado;03:20:00;PR;153;16,7;JACAREZINHO;Aus�ncia de sinaliza��o;Colis�o com objeto;Com V�timas Feridas;Plena Noite;Decrescente;Nublado;Simples;Curva;N�o;1;0;1;0;0;0;1;1;-23,13719;-49,94494;SPRF-PR;DEL07-PR;UOP04-DEL07-PR;;;
722610;04/10/2025;s�bado;04:10:00;ES;101;13;PEDRO CANARIO;Rea��o tardia ou ineficiente do condutor;Sa�da de leito carro��vel;Com V�timas Feridas;Amanhecer;Decrescente;Garoa/Chuvisco;Dupla;Reta;N�o;3;0;1;0;2;0;1;1;-18,268942;-39,959046;SPRF-ES;DEL04-ES;UOP02-DEL04-ES;;;
722611;04/10/2025;s�bado;03:00:00;MG;381;362;SAO GONCALO DO RIO ABAIXO;Condutor Dormindo;Colis�o frontal;Com V�timas Feridas;Plena Noite;Crescente;C�u Claro;Simples;Curva;N�o;3;0;1;1;1;0;2;2;-19,849;-43,253;SPRF-MG;DEL03-MG;UOP01-DEL03-MG;;;
722614;04/10/2025;s�bado;03:50:00;ES;101;139,8;LINHARES;Ingest�o de �lcool pelo condutor;Sa�da de leito carro��vel;Com V�timas Feridas;Plena Noite;Crescente;C�u Claro;M�ltipla;Reta;Sim;1;0;1;0;0;0;1;1;-19,31632715;-40,07677527;SPRF-ES;DEL04-ES;UOP01-DEL04-ES;;;
722615;04/10/2025;s�bado;03:20:00;PR;277;558;CASCAVEL;Aus�ncia de rea��o do condutor;Tombamento;Com V�timas Feridas;Plena Noite;Decrescente;C�u Claro;Simples;Reta;N�o;1;0;1;0;0;0;1;1;-25,075259;-53,20135;SPRF-PR;DEL04-PR;UOP04-DEL04-PR;;;
722616;04/10/2025;s�bado;01:40:00;PR;277;594,5;CASCAVEL;Ingest�o de �lcool pelo condutor;Colis�o frontal;Com V�timas Feridas;Plena Noite;Crescente;C�u Claro;Simples;Reta;Sim;3;0;2;0;0;1;2;2;-24,97945212;-53,49714944;SPRF-PR;DEL04-PR;UOP01-DEL04-PR;;;
722617;04/10/2025;s�bado;03:10:00;BA;101;920;NOVA VICOSA;Ingest�o de �lcool pelo condutor;Sa�da de leito carro��vel;Sem V�timas;Plena Noite;Decrescente;C�u Claro;Simples;Rotat�ria;N�o;1;0;0;0;1;0;0;1;-17,89217386;-39,81788635;SPRF-BA;DEL09-BA;UOP02-DEL09-BA;;;
722618;04/10/2025;s�bado;01:30:00;MT;163;671;LUCAS DO RIO VERDE;Aus�ncia de rea��o do condutor;Sa�da de leito carro��vel;Com V�timas Feridas;Plena Noite;Crescente;C�u Claro;Simples;Reta;N�o;1;0;1;0;0;0;1;1;-13,213648;-55,999542;SPRF-MT;DEL06-MT;UOP01-DEL06-MT;;;
722619;03/10/2025;sexta-feira;21:35:00;BA;101;658;ITAPEBI;Pista Escorregadia;Colis�o frontal;Com V�timas Fatais;Plena Noite;Crescente;Nublado;Simples;Curva;N�o;3;1;1;1;0;0;2;2;-15,85630049;-39,51906669;SPRF-BA;DEL05-BA;UOP02-DEL05-BA;;;
722620;04/10/2025;s�bado;03:30:00;MS;60;437,6;SIDROLANDIA;Ingest�o de �lcool pelo condutor;Colis�o traseira;Com V�timas Fatais;Plena Noite;Crescente;C�u Claro;Simples;Curva;N�o;2;1;0;0;1;0;0;2;-20,97886539;-55,02137359;SPRF-MS;DEL01-MS;UOP04-DEL01-MS;;;
722621;04/10/2025;s�bado;06:15:00;MG;381;771,9;CAMPANHA;Condutor Dormindo;Sa�da de leito carro��vel;Com V�timas Feridas;Amanhecer;Decrescente;C�u Claro;Dupla;Reta;N�o;1;0;0;1;0;0;1;1;-21,770786;-45,424458;SPRF-MG;DEL16-MG;UOP02-DEL16-MG;;;
722622;04/10/2025;s�bado;05:50:00;RS;285;205;LAGOA VERMELHA;Ingest�o de �lcool pelo condutor;Sa�da de leito carro��vel;Sem V�timas;Amanhecer;Crescente;C�u Claro;Simples;"Aclive;Reta";N�o;1;0;0;0;1;0;0;1;-28,2102174;-51,5431027;SPRF-RS;DEL08-RS;UOP05-DEL08-RS;;;
722623;04/10/2025;s�bado;05:50:00;BA;116;6,4;VITORIA DA CONQUISTA;Rea��o tardia ou ineficiente do condutor;Colis�o lateral mesmo sentido;Com V�timas Feridas;Pleno dia;Crescente;C�u Claro;Simples;Reta;Sim;2;0;0;1;0;1;1;2;-14,824764;-40,88261312;SPRF-PE;DEL05-PE;UOP03-DEL05-PE;;;
722624;04/10/2025;s�bado;04:30:00;SC;470;53;FLORIANOPOLIS;Rea��o tardia ou ineficiente do condutor;Colis�o frontal;Sem V�timas;Plena Noite;Crescente;Garoa/Chuvisco;Simples;"Em Obras;Reta";Sim;8;0;0;0;7;1;0;3;-27,5972096;-48,5588992;SPRF-SC;DEL04-SC;UOP01-DEL04-SC;;;
722627;04/10/2025;s�bado;01:20:00;MG;262;439;NOVA SERRANA;Aus�ncia de rea��o do condutor;Queda de ocupante de ve�culo;Com V�timas Feridas;Plena Noite;Crescente;C�u Claro;Dupla;Reta;N�o;1;0;1;0;0;0;1;1;-19,85946698;-45,00847399;SPRF-MG;DEL08-MG;UOP03-DEL08-MG;;;
722628;04/10/2025;s�bado;05:20:00;MG;381;1;BETIM;Aus�ncia de rea��o do condutor;Colis�o com objeto;Com V�timas Feridas;Amanhecer;Decrescente;C�u Claro;Dupla;Reta;N�o;1;0;1;0;0;0;1;1;-19,96560446;-44,15885925;SPRF-MG;DEL01-MG;UOP03-DEL01-MG;;;
722629;04/10/2025;s�bado;04:50:00;RO;364;379;OURO PRETO DO OESTE;Ilumina��o deficiente;Atropelamento de Pedestre;Com V�timas Fatais;Amanhecer;Crescente;C�u Claro;Simples;Reta;N�o;2;1;0;0;0;1;0;2;-10,741272;-62,219092;SPRF-RO;DEL02-RO;UOP01-DEL02-RO;;;
722630;04/10/2025;s�bado;05:15:00;MG;116;403,3;GOVERNADOR VALADARES;Ingest�o de �lcool pelo condutor;Queda de ocupante de ve�culo;Com V�timas Feridas;Amanhecer;Crescente;C�u Claro;Simples;Curva;N�o;2;0;1;1;0;0;2;1;-18,8025934;-41,9861725;SPRF-MG;DEL06-MG;UOP01-DEL06-MG;;;
722631;04/10/2025;s�bado;06:00:00;PE;423;98;GARANHUNS;Aus�ncia de rea��o do condutor;Queda de ocupante de ve�culo;Com V�timas Feridas;Pleno dia;Decrescente;C�u Claro;Simples;Curva;N�o;1;0;1;0;0;0;1;1;-8,874095;-36,507602;SPRF-PE;DEL03-PE;UOP01-DEL03-PE;;;
722632;04/10/2025;s�bado;06:30:00;SC;101;204,1;SAO JOSE;Aus�ncia de rea��o do condutor;Colis�o com objeto;Sem V�timas;Pleno dia;Decrescente;C�u Claro;M�ltipla;Reta;Sim;1;0;0;0;0;1;0;1;-27,5763797;-48,6130347;SPRF-SC;DEL01-SC;UOP01-DEL01-SC;;;
722634;04/10/2025;s�bado;03:41:00;SP;116;222;GUARULHOS;Aus�ncia de rea��o do condutor;Colis�o com objeto;Sem V�timas;Plena Noite;Decrescente;C�u Claro;M�ltipla;Reta;Sim;1;0;0;0;0;1;0;1;-23,47392161;-46,52219343;SPRF-SP;DEL01-SP;UOP01-DEL01-SP;;;
722635;04/10/2025;s�bado;06:45:00;BA;116;11,9;VITORIA DA CONQUISTA;Animais na Pista;Atropelamento de Animal;Com V�timas Feridas;Amanhecer;Crescente;Nublado;Simples;Reta;Sim;2;0;1;1;0;0;2;1;-14,870585;-40,871573;SPRF-PE;DEL05-PE;UOP03-DEL05-PE;;;
722636;04/10/2025;s�bado;04:15:00;RS;116;405;CAMAQUA;Desvio tempor�rio;Sa�da de leito carro��vel;Com V�timas Feridas;Amanhecer;Crescente;Nublado;Dupla;"Desvio Tempor�rio;Reta;Em Obras";N�o;1;0;1;0;0;0;1;1;-30,90271837;-51,86529905;SPRF-RS;DEL02-RS;UOP02-DEL02-RS;;;
722638;04/10/2025;s�bado;06:45:00;RN;101;109;PARNAMIRIM;Ingest�o de �lcool pelo condutor;Colis�o transversal;Com V�timas Feridas;Pleno dia;Decrescente;C�u Claro;M�ltipla;Reta;Sim;2;0;0;1;1;0;1;2;-5,9421157;-35,2641834;SPRF-RN;DEL01-RN;UOP01-DEL01-RN;;;
722639;04/10/2025;s�bado;07:15:00;SE;235;5;NOSSA SENHORA DO SOCORRO;Condutor deixou de manter dist�ncia do ve�culo da frente;Queda de ocupante de ve�culo;Com V�timas Feridas;Pleno dia;Crescente;Chuva;Dupla;Reta;Sim;2;0;2;0;0;0;2;1;-10,9047052;-37,1253976;SPRF-SE;DEL01-SE;UOP01-DEL01-SE;;;
722640;04/10/2025;s�bado;07:25:00;ES;262;17;VIANA;Ultrapassagem Indevida;Queda de ocupante de ve�culo;Com V�timas Feridas;Pleno dia;Crescente;Garoa/Chuvisco;Simples;"Reta;Rotat�ria";N�o;2;0;1;0;1;0;1;2;-20,392064;-40,482477;SPRF-ES;DEL01-ES;UOP01-DEL01-ES;;;
722642;04/10/2025;s�bado;05:47:00;PR;369;48;BANDEIRANTES;Ingest�o de �lcool pelo condutor;Colis�o lateral sentido oposto;Sem V�timas;Amanhecer;Crescente;C�u Claro;Simples;Reta;N�o;5;0;0;0;4;1;0;2;-23,11784284;-50,32158248;SPRF-PR;DEL07-PR;UOP05-DEL07-PR;;;
722644;04/10/2025;s�bado;07:11:00;PR;369;201;APUCARANA;Mal s�bito do condutor;Sa�da de leito carro��vel;Com V�timas Fatais;Pleno dia;Decrescente;Nublado;Simples;"Reta;Interse��o de Vias";Sim;1;1;0;0;0;0;0;1;-23,5372068;-51,4568233;SPRF-PR;DEL07-PR;UOP03-DEL07-PR;;;
722646;04/10/2025;s�bado;07:00:00;RJ;101;236;SILVA JARDIM;Ingest�o de �lcool pelo condutor;Colis�o frontal;Com V�timas Feridas;Pleno dia;Decrescente;C�u Claro;Simples;Reta;Sim;2;0;1;0;1;0;1;2;-22,6133996;-42,4091893;SPRF-RJ;DEL02-RJ;UOP03-DEL02-RJ;;;
722648;04/10/2025;s�bado;07:45:00;PR;369;91,5;CORNELIO PROCOPIO;Velocidade Incompat�vel;Sa�da de leito carro��vel;Com V�timas Feridas;Pleno dia;Decrescente;C�u Claro;Dupla;"Curva;Aclive";N�o;2;0;1;0;1;0;1;1;-23,20552106;-50,65515725;SPRF-PR;DEL07-PR;UOP05-DEL07-PR;;;
722650;04/10/2025;s�bado;06:00:00;RS;287;319;SAO VICENTE DO SUL;Aus�ncia de rea��o do condutor;Sa�da de leito carro��vel;Sem V�timas;Amanhecer;Crescente;Garoa/Chuvisco;Simples;"Declive;Reta";N�o;1;0;0;0;0;1;0;1;-29,652244;-54,558684;SPRF-RS;DEL09-RS;UOP01-DEL09-RS;;;
722651;04/10/2025;s�bado;09:00:00;MG;381;897;CAMBUI;Condutor deixou de manter dist�ncia do ve�culo da frente;Tombamento;Com V�timas Feridas;Pleno dia;Crescente;C�u Claro;Dupla;Reta;Sim;2;0;2;0;0;0;2;1;-22,600327;-46,057847;SPRF-MG;DEL16-MG;UOP01-DEL16-MG;;;
722652;04/10/2025;s�bado;07:30:00;SC;101;134;BALNEARIO CAMBORIU;Aus�ncia de rea��o do condutor;Sa�da de leito carro��vel;Com V�timas Feridas;Pleno dia;Decrescente;Nublado;Dupla;Reta;Sim;1;0;1;0;0;0;1;1;-27,00351589;-48,63087106;SPRF-SC;DEL04-SC;UOP03-DEL04-SC;;;
722653;04/10/2025;s�bado;08:45:00;SP;116;204,2;ARUJA;Rea��o tardia ou ineficiente do condutor;Colis�o traseira;Com V�timas Feridas;Pleno dia;Decrescente;Nublado;Dupla;"Reta;Declive";Sim;2;0;1;0;1;0;1;2;-23,412938;-46,358648;SPRF-SP;DEL01-SP;UOP01-DEL01-SP;;;
722654;22/09/2025;segunda-feira;15:04:00;BA;101;236;CONCEICAO DO ALMEIDA;Rea��o tardia ou ineficiente do condutor;Queda de ocupante de ve�culo;Com V�timas Feridas;Pleno dia;Crescente;C�u Claro;Simples;Reta;N�o;1;0;1;0;0;0;1;1;-12,76693513;-39,18348518;SPRF-BA;DEL01-BA;UOP02-DEL01-BA;;;
722655;04/10/2025;s�bado;08:30:00;RS;392;673,3;SALVADOR DAS MISSOES;Acessar a via sem observar a presen�a dos outros ve�culos;Colis�o transversal;Com V�timas Feridas;Pleno dia;Crescente;C�u Claro;Simples;"Reta;Interse��o de Vias";N�o;2;0;1;0;1;0;1;2;-28,11989933;-54,84634638;SPRF-RS;DEL10-RS;UOP01-DEL10-RS;;;
722656;04/10/2025;s�bado;09:05:00;MG;381;506;SAO JOAQUIM DE BICAS;Rea��o tardia ou ineficiente do condutor;Colis�o traseira;Com V�timas Feridas;Pleno dia;Crescente;Nublado;Dupla;Reta;Sim;6;0;1;0;5;0;1;3;-20,041542;-44,263688;SPRF-MG;DEL01-MG;UOP03-DEL01-MG;;;
722657;04/10/2025;s�bado;08:30:00;RJ;101;322;NITEROI;Trafegar com motocicleta (ou similar) entre as faixas;Colis�o lateral mesmo sentido;Com V�timas Feridas;Pleno dia;Crescente;C�u Claro;Dupla;Reta;Sim;3;0;1;0;2;0;1;2;-22,87743495;-43,11073284;SPRF-RJ;DEL02-RJ;UOP01-DEL02-RJ;;;
722659;04/10/2025;s�bado;08:40:00;SP;116;139;SAO JOSE DOS CAMPOS;Aus�ncia de rea��o do condutor;Colis�o traseira;Com V�timas Feridas;Pleno dia;Decrescente;C�u Claro;Dupla;Reta;N�o;2;0;1;0;1;0;1;2;-23,16308851;-45,80680847;SPRF-SP;DEL02-SP;UOP01-DEL02-SP;;;
722660;04/10/2025;s�bado;09:15:00;MG;381;817;SAO GONCALO DO SAPUCAI;Rea��o tardia ou ineficiente do condutor;Sa�da de leito carro��vel;Com V�timas Feridas;Pleno dia;Crescente;C�u Claro;Dupla;Reta;N�o;2;0;1;0;1;0;1;1;-21,91783791;-45,59041214;SPRF-MG;DEL16-MG;UOP02-DEL16-MG;;;
722661;04/10/2025;s�bado;09:00:00;BA;324;516;FEIRA DE SANTANA;Acesso irregular;Colis�o transversal;Com V�timas Feridas;Pleno dia;Decrescente;Sol;Simples;Reta;Sim;3;0;1;0;2;0;1;2;-12,25728245;-38,93208926;SPRF-BA;DEL02-BA;UOP01-DEL02-BA;;;
722662;04/10/2025;s�bado;09:00:00;PR;277;620;CEU AZUL;Condutor deixou de manter dist�ncia do ve�culo da frente;Colis�o traseira;Com V�timas Feridas;Pleno dia;Decrescente;C�u Claro;Simples;Reta;N�o;2;0;1;0;1;0;1;2;-25,08314472;-53,71104097;SPRF-PR;DEL05-PR;UOP02-DEL05-PR;;;
722665;30/09/2025;ter�a-feira;16:00:00;RJ;116;116;MAGE;Demais falhas mec�nicas ou el�tricas;Inc�ndio;Sem V�timas;Pleno dia;Decrescente;C�u Claro;Dupla;Reta;N�o;1;0;0;0;1;0;0;1;-22,60038235;-43,02452087;SPRF-RJ;DEL04-RJ;UOP02-DEL04-RJ;;;
722666;04/10/2025;s�bado;09:40:00;PI;343;2,4;TERESINA;Acessar a via sem observar a presen�a dos outros ve�culos;Colis�o transversal;Com V�timas Feridas;Pleno dia;Crescente;Sol;Dupla;Reta;Sim;2;0;1;0;1;0;1;2;-5,08141;-42,771533;SPRF-PI;DEL01-PI;UOP01-DEL01-PI;;;
722667;04/10/2025;s�bado;09:30:00;RJ;101;297;ITABORAI;Rea��o tardia ou ineficiente do condutor;Engavetamento;Com V�timas Feridas;Pleno dia;Crescente;C�u Claro;Dupla;"Viaduto;Reta";Sim;6;0;1;2;3;0;3;4;-22,77048345;-42,92122364;SPRF-RJ;DEL02-RJ;UOP02-DEL02-RJ;;;
722669;04/10/2025;s�bado;09:05:00;RS;116;333;TAPES;Aus�ncia de rea��o do condutor;Colis�o com objeto;Sem V�timas;Pleno dia;Decrescente;C�u Claro;Dupla;Reta;N�o;5;0;0;0;5;0;0;1;-30,58715772;-51,53461671;SPRF-RS;DEL02-RS;UOP02-DEL02-RS;;;
722670;04/10/2025;s�bado;10:20:00;PR;277;472;NOVA LARANJEIRAS;Acessar a via sem observar a presen�a dos outros ve�culos;Colis�o transversal;Com V�timas Feridas;Pleno dia;Decrescente;C�u Claro;Simples;"Interse��o de Vias;Reta";Sim;2;0;1;0;1;0;1;2;-25,307057;-52,542963;SPRF-PR;DEL04-PR;UOP02-DEL04-PR;;;
722671;04/10/2025;s�bado;10:30:00;MA;135;0;SAO LUIS;Rea��o tardia ou ineficiente do condutor;Colis�o traseira;Com V�timas Feridas;Pleno dia;Decrescente;C�u Claro;Dupla;Reta;Sim;2;0;1;0;1;0;1;2;-2,58733;-44,243511;SPRF-MA;DEL01-MA;UOP01-DEL01-MA;;;
722674;04/10/2025;s�bado;09:50:00;SC;101;133,7;BALNEARIO CAMBORIU;Desrespeitar a prefer�ncia no cruzamento;Colis�o transversal;Com V�timas Feridas;Pleno dia;Crescente;Nublado;Dupla;Rotat�ria;Sim;3;0;2;0;1;0;2;2;-27,00209;-48,63807;SPRF-SC;DEL04-SC;UOP03-DEL04-SC;;;
722675;04/10/2025;s�bado;09:00:00;RJ;40;117;DUQUE DE CAXIAS;Rea��o tardia ou ineficiente do condutor;Colis�o traseira;Com V�timas Feridas;Pleno dia;Decrescente;C�u Claro;Simples;Reta;Sim;3;0;1;0;2;0;1;2;-22,74764014;-43,28799366;SPRF-RJ;DEL01-RJ;UOP02-DEL01-RJ;;;
722676;04/10/2025;s�bado;11:00:00;RS;116;150;CAXIAS DO SUL;Transitar na contram�o;Colis�o transversal;Com V�timas Feridas;Pleno dia;Decrescente;C�u Claro;M�ltipla;Interse��o de Vias;N�o;3;0;1;0;2;0;1;2;-29,17237;-51,16004;SPRF-RS;DEL05-RS;UOP01-DEL05-RS;;;
722678;04/10/2025;s�bado;11:40:00;PB;230;25,6;JOAO PESSOA;Rea��o tardia ou ineficiente do condutor;Tombamento;Com V�timas Feridas;Pleno dia;Crescente;C�u Claro;Dupla;Reta;Sim;1;0;0;1;0;0;1;1;-7,1739252;-34,8743597;SPRF-PB;DEL01-PB;UOP01-DEL01-PB;;;
722679;04/10/2025;s�bado;10:15:00;RJ;101;524;ANGRA DOS REIS;Condutor deixou de manter dist�ncia do ve�culo da frente;Colis�o traseira;Com V�timas Feridas;Pleno dia;Crescente;C�u Claro;Simples;"Reta;Declive";N�o;3;0;2;0;0;1;2;2;-23,00083574;-44,4784468;SPRF-RJ;DEL03-RJ;UOP03-DEL03-RJ;;;
722680;04/10/2025;s�bado;11:40:00;PB;230;158,7;CAMPINA GRANDE;Condutor deixou de manter dist�ncia do ve�culo da frente;Colis�o traseira;Com V�timas Feridas;Pleno dia;Crescente;Nublado;Simples;"Reta;Interse��o de Vias";N�o;3;0;1;0;2;0;1;2;-7,256283;-35,928942;SPRF-PB;DEL02-PB;UOP01-DEL02-PB;;;
722682;04/10/2025;s�bado;11:40:00;RN;406;161;EXTREMOZ;Manobra de mudan�a de faixa;Colis�o transversal;Com V�timas Feridas;Pleno dia;Decrescente;C�u Claro;Simples;Reta;Sim;2;0;1;0;1;0;1;2;-5,720167;-35,327676;SPRF-RN;DEL02-RN;UOP01-DEL02-RN;;;
722683;04/10/2025;s�bado;10:20:00;GO;153;502;GOIANIA;Acessar a via sem observar a presen�a dos outros ve�culos;Colis�o lateral mesmo sentido;Com V�timas Feridas;Pleno dia;Decrescente;C�u Claro;Dupla;Reta;Sim;2;0;1;0;1;0;1;2;-16,723333;-49,239667;SPRF-GO;DEL01-GO;UOP01-DEL01-GO;;;
722684;04/10/2025;s�bado;10:30:00;GO;70;2,3;AGUAS LINDAS DE GOIAS;Aus�ncia de rea��o do condutor;Colis�o traseira;Com V�timas Feridas;Pleno dia;Decrescente;C�u Claro;Dupla;"Declive;Reta";Sim;2;0;0;1;0;1;1;2;-15,76301517;-48,23351789;SPRF-DF;DEL03-DF;UOP02-DEL03-DF;;;
722685;04/10/2025;s�bado;12:15:00;SC;116;4,5;MAFRA;Acessar a via sem observar a presen�a dos outros ve�culos;Colis�o transversal;Com V�timas Feridas;Pleno dia;Crescente;C�u Claro;Simples;Rotat�ria;Sim;3;0;1;0;2;0;1;2;-26,13906;-49,8140935;SPRF-SC;DEL06-SC;UOP01-DEL06-SC;;;
722686;04/10/2025;s�bado;10:20:00;SP;116;364;PEDRO DE TOLEDO;Chuva;Colis�o com objeto;Sem V�timas;Pleno dia;Decrescente;Chuva;Dupla;Curva;N�o;4;0;0;0;4;0;0;1;-24,14110754;-47,27227843;SPRF-SP;DEL04-SP;UOP02-DEL04-SP;;;
722687;04/10/2025;s�bado;12:15:00;PE;101;47;IGARASSU;Condutor deixou de manter dist�ncia do ve�culo da frente;Colis�o traseira;Sem V�timas;Pleno dia;Decrescente;C�u Claro;Dupla;Reta;Sim;2;0;0;0;2;0;0;2;-7,880856;-34,904982;SPRF-PE;DEL01-PE;UOP02-DEL01-PE;;;
722688;04/10/2025;s�bado;12:00:00;ES;101;371;ANCHIETA;Condutor deixou de manter dist�ncia do ve�culo da frente;Colis�o traseira;Sem V�timas;Pleno dia;Decrescente;Nublado;Simples;Reta;N�o;5;0;0;0;4;1;0;2;-20,77082081;-40,76590776;SPRF-ES;DEL03-ES;UOP01-DEL03-ES;;;
722691;18/09/2025;quinta-feira;18:26:00;PI;343;340,7;TERESINA;Aus�ncia de rea��o do condutor;Colis�o transversal;Com V�timas Feridas;Anoitecer;Crescente;C�u Claro;M�ltipla;Reta;Sim;2;0;0;1;1;0;1;2;-5,07794925;-42,74402618;SPRF-PI;DEL01-PI;UOP01-DEL01-PI;;;
722692;04/10/2025;s�bado;08:45:00;SC;282;611,3;MARAVILHA;Carga excessiva e/ou mal acondicionada;Colis�o com objeto;Com V�timas Feridas;Pleno dia;Crescente;C�u Claro;Simples;"Aclive;Reta";N�o;4;0;4;0;0;0;4;1;-26,761;-53,175;SPRF-SC;DEL07-SC;UOP02-DEL07-SC;;;
722693;04/10/2025;s�bado;12:00:00;SP;381;11,8;BRAGANCA PAULISTA;Mal s�bito do condutor;Capotamento;Com V�timas Fatais;Pleno dia;Decrescente;C�u Claro;Dupla;"Declive;Reta";N�o;2;1;0;1;0;0;1;1;-22,92838158;-46,46059424;SPRF-SP;DEL03-SP;UOP02-DEL03-SP;;;
722695;04/10/2025;s�bado;13:20:00;RS;116;530;CAPAO DO LEAO;Acessar a via sem observar a presen�a dos outros ve�culos;Colis�o transversal;Com V�timas Feridas;Pleno dia;Crescente;C�u Claro;Simples;"Reta;Rotat�ria";Sim;2;0;1;0;1;0;1;2;-31,7596993;-52,43637085;SPRF-RS;DEL07-RS;UOP01-DEL07-RS;;;
722696;02/08/2025;s�bado;07:00:00;SC;470;277,1;BRUNOPOLIS;Ingest�o de �lcool pelo condutor;Colis�o frontal;Com V�timas Fatais;Pleno dia;Decrescente;Nublado;Simples;"Aclive;Reta";N�o;4;2;0;2;0;0;2;2;-27,33191;-50,839652;SPRF-SC;DEL07-SC;UOP06-DEL07-SC;;;
722697;04/10/2025;s�bado;08:30:00;MG;267;38;ARGIRITA;Velocidade Incompat�vel;Sa�da de leito carro��vel;Com V�timas Feridas;Pleno dia;Crescente;C�u Claro;Simples;"Aclive;Curva";N�o;1;0;0;1;0;0;1;1;-21,67728249;-42,89884061;SPRF-MG;DEL07-MG;UOP01-DEL07-MG;;;
722698;04/10/2025;s�bado;12:30:00;GO;414;439;ANAPOLIS;Condutor deixou de manter dist�ncia do ve�culo da frente;Colis�o traseira;Com V�timas Feridas;Pleno dia;Crescente;C�u Claro;Simples;"Aclive;Reta";Sim;2;0;1;0;1;0;1;2;-16,2789186;-48,9416019;SPRF-GO;DEL02-GO;UOP01-DEL02-GO;;;
722699;04/10/2025;s�bado;13:29:00;RS;116;154,6;CAXIAS DO SUL;Acumulo de areia ou detritos sobre o pavimento;Sa�da de leito carro��vel;Com V�timas Feridas;Pleno dia;Crescente;C�u Claro;Simples;Curva;N�o;1;0;1;0;0;0;1;1;-29,1536896;-51,1475712;SPRF-RS;DEL05-RS;UOP01-DEL05-RS;;;
722700;04/10/2025;s�bado;11:27:00;MT;364;204;RONDONOPOLIS;Manobra de mudan�a de faixa;Colis�o lateral mesmo sentido;Com V�timas Feridas;Pleno dia;Crescente;C�u Claro;Dupla;"Reta;Retorno Regulamentado";Sim;7;0;2;0;5;0;2;2;-16,46362277;-54,65875304;SPRF-MT;DEL02-MT;UOP01-DEL02-MT;;;
722701;04/10/2025;s�bado;13:30:00;PR;116;37;CAMPINA GRANDE DO SUL;Rea��o tardia ou ineficiente do condutor;Sa�da de leito carro��vel;Com V�timas Feridas;Pleno dia;Crescente;C�u Claro;Dupla;Curva;N�o;1;0;0;1;0;0;1;1;-25,1519444;-48,8596944;SPRF-PR;DEL01-PR;UOP02-DEL01-PR;;;
722703;04/10/2025;s�bado;13:42:00;PB;230;41;SANTA RITA;Pedestre andava na pista;Atropelamento de Pedestre;Com V�timas Feridas;Pleno dia;Crescente;C�u Claro;Dupla;Curva;N�o;3;0;1;0;2;0;1;2;-7,142011;-34,992881;SPRF-PB;DEL01-PB;UOP02-DEL01-PB;;;
722705;04/10/2025;s�bado;11:45:00;BA;101;245;CONCEICAO DO ALMEIDA;Demais falhas mec�nicas ou el�tricas;Sa�da de leito carro��vel;Com V�timas Feridas;Pleno dia;Crescente;Chuva;Simples;"Declive;Curva";N�o;3;0;2;0;0;1;2;2;-12,84613088;-39,20629978;SPRF-BA;DEL01-BA;UOP02-DEL01-BA;;;
722706;04/10/2025;s�bado;14:00:00;SC;470;50;BLUMENAU;Ingest�o de �lcool pelo condutor;Colis�o lateral mesmo sentido;Com V�timas Feridas;Pleno dia;Crescente;C�u Claro;Dupla;Reta;N�o;4;0;1;0;2;1;1;3;-26,859665;-49,075672;SPRF-SC;DEL04-SC;UOP01-DEL04-SC;;;
722707;04/10/2025;s�bado;14:00:00;SC;282;4,6;SAO JOSE;Trafegar com motocicleta (ou similar) entre as faixas;Colis�o traseira;Com V�timas Feridas;Pleno dia;Crescente;Garoa/Chuvisco;M�ltipla;Reta;Sim;2;0;0;1;1;0;1;2;-27,58967;-48,60957;SPRF-SC;DEL01-SC;UOP01-DEL01-SC;;;
722710;04/10/2025;s�bado;12:15:00;PE;423;95,2;GARANHUNS;Rea��o tardia ou ineficiente do condutor;Colis�o lateral mesmo sentido;Sem V�timas;Pleno dia;Decrescente;Sol;Simples;Curva;Sim;3;0;0;0;3;0;0;2;-8,879358;-36,480111;SPRF-PE;DEL03-PE;UOP01-DEL03-PE;;;