id;data_inversa;dia_semana;horario;uf;br;km;municipio;causa_acidente;tipo_acidente;classificacao_acidente;fase_dia;sentido_via;condicao_metereologica;tipo_pista;tracado_via;uso_solo;pessoas;mortos;feridos_leves;feridos_graves;ilesos;ignorados;feridos;veiculos;latitude;longitude;regional;delegacia;uop;;;
722711;04/10/2025;s�bado;14:30:00;PB;230;13,9;CABEDELO;Rea��o tardia ou ineficiente do condutor;Colis�o traseira;Com V�timas Feridas;Pleno dia;Decrescente;Sol;Dupla;Retorno Regulamentado;Sim;2;0;1;0;1;0;1;2;-7,08834721;-34,8485148;SPRF-PB;DEL01-PB;UOP01-DEL01-PB;;;
722712;04/10/2025;s�bado;14:45:00;SC;101;339;TUBARAO;Condutor deixou de manter dist�ncia do ve�culo da frente;Colis�o traseira;Com V�timas Feridas;Pleno dia;Crescente;C�u Claro;Dupla;Reta;Sim;2;0;0;1;1;0;1;2;-28,51193521;-49,05042529;SPRF-SC;DEL02-SC;UOP01-DEL02-SC;;;
722713;04/10/2025;s�bado;14:10:00;PE;101;45,3;IGARASSU;Rea��o tardia ou ineficiente do condutor;Sa�da de leito carro��vel;Sem V�timas;Pleno dia;Decrescente;C�u Claro;Dupla;Reta;Sim;1;0;0;0;1;0;0;1;-7,866469;-34,907093;SPRF-PE;DEL01-PE;UOP02-DEL01-PE;;;
722715;04/10/2025;s�bado;14:50:00;SC;470;54,2;BLUMENAU;Ingest�o de �lcool pelo condutor;Colis�o traseira;Sem V�timas;Pleno dia;Crescente;Nublado;Simples;Reta;N�o;2;0;0;0;2;0;0;2;-26,87112461;-49,11074618;SPRF-SC;DEL04-SC;UOP01-DEL04-SC;;;
722716;04/10/2025;s�bado;14:00:00;RS;116;402,5;CAMAQUA;Acessar a via sem observar a presen�a dos outros ve�culos;Colis�o transversal;Com V�timas Feridas;Pleno dia;Decrescente;C�u Claro;Dupla;"Em Obras;Reta";N�o;3;0;0;1;2;0;1;2;-30,8807006;-51,82203175;SPRF-RS;DEL02-RS;UOP02-DEL02-RS;;;
722717;04/10/2025;s�bado;14:00:00;PE;232;400;SERRA TALHADA;Velocidade Incompat�vel;Colis�o com objeto;Com V�timas Feridas;Pleno dia;Crescente;C�u Claro;Simples;Curva;N�o;1;0;0;1;0;0;1;1;-8,012605;-38,2315;SPRF-PE;DEL04-PE;UOP01-DEL04-PE;;;
722718;04/10/2025;s�bado;14:05:00;RJ;116;282;BARRA MANSA;Condutor Dormindo;Colis�o com objeto;Com V�timas Feridas;Pleno dia;Decrescente;C�u Claro;Dupla;Reta;Sim;1;0;1;0;0;0;1;1;-22,526248;-44,19844;SPRF-RJ;DEL07-RJ;UOP02-DEL07-RJ;;;
722719;04/10/2025;s�bado;11:45:00;SC;282;582,2;PINHALZINHO;Desrespeitar a prefer�ncia no cruzamento;Colis�o transversal;Com V�timas Feridas;Pleno dia;Crescente;Sol;Simples;Rotat�ria;N�o;2;0;1;0;1;0;1;2;-26,826255;-53,004528;SPRF-SC;DEL07-SC;UOP02-DEL07-SC;;;
722720;04/10/2025;s�bado;12:50:00;AP;210;1;MACAPA;Acessar a via sem observar a presen�a dos outros ve�culos;Colis�o traseira;Com V�timas Feridas;Pleno dia;Decrescente;C�u Claro;Simples;Reta;Sim;3;0;3;0;0;0;3;2;0,087395;-51,087293;SPRF-AP;DEL01-AP;UOP01-DEL01-AP;;;
722723;04/10/2025;s�bado;14:53:00;RN;304;29,9;MOSSORO;Acessar a via sem observar a presen�a dos outros ve�culos;Colis�o transversal;Com V�timas Feridas;Pleno dia;Decrescente;C�u Claro;Simples;Reta;Sim;8;0;3;0;5;0;3;3;-5,116303;-37,340895;SPRF-RN;DEL04-RN;UOP02-DEL04-RN;;;
722724;04/10/2025;s�bado;12:00:00;MG;40;504,7;ESMERALDAS;Condutor deixou de manter dist�ncia do ve�culo da frente;Colis�o lateral mesmo sentido;Com V�timas Feridas;Pleno dia;Decrescente;C�u Claro;Dupla;"Reta;Declive";N�o;2;0;0;1;1;0;1;2;-19,737136;-44,1498543;SPRF-MG;DEL02-MG;UOP01-DEL02-MG;;;
722725;04/10/2025;s�bado;15:30:00;PR;116;15;COLOMBO;Avarias e/ou desgaste excessivo no pneu;Colis�o traseira;Com V�timas Feridas;Pleno dia;Crescente;Sol;Dupla;Reta;Sim;2;0;1;0;1;0;1;2;-25,384435;-49,170055;SPRF-PR;DEL01-PR;UOP02-DEL01-PR;;;
722726;04/10/2025;s�bado;15:30:00;BA;116;405,9;FEIRA DE SANTANA;Condutor deixou de manter dist�ncia do ve�culo da frente;Tombamento;Com V�timas Feridas;Pleno dia;Crescente;Garoa/Chuvisco;Dupla;Reta;Sim;3;0;1;0;2;0;1;2;-12,0831724;-38,969412;SPRF-BA;DEL02-BA;UOP01-DEL02-BA;;;
722727;04/10/2025;s�bado;16:00:00;SC;101;148;ITAPEMA;Manobra de mudan�a de faixa;Colis�o lateral mesmo sentido;Com V�timas Feridas;Pleno dia;Crescente;Nublado;Dupla;Reta;Sim;2;0;1;0;1;0;1;2;-27,1069003;-48,61469205;SPRF-SC;DEL04-SC;UOP03-DEL04-SC;;;
722728;04/10/2025;s�bado;13:40:00;SC;282;109,7;ALFREDO WAGNER;Velocidade Incompat�vel;Colis�o com objeto;Sem V�timas;Pleno dia;Decrescente;Chuva;Simples;Curva;N�o;1;0;0;0;0;1;0;1;-27,725265;-49,359758;SPRF-SC;DEL01-SC;UOP03-DEL01-SC;;;
722732;04/10/2025;s�bado;09:00:00;RJ;101;296;ITABORAI;Condutor deixou de manter dist�ncia do ve�culo da frente;Colis�o traseira;Com V�timas Feridas;Pleno dia;Crescente;C�u Claro;Simples;Reta;Sim;2;0;0;1;1;0;1;2;-22,76724964;-42,91285222;SPRF-RJ;DEL02-RJ;UOP02-DEL02-RJ;;;
722733;04/10/2025;s�bado;16:45:00;SC;101;334;TUBARAO;Manobra de mudan�a de faixa;Colis�o lateral mesmo sentido;Com V�timas Feridas;Anoitecer;Decrescente;C�u Claro;Dupla;"Curva;Viaduto";Sim;4;0;4;0;0;0;4;2;-28,47043611;-49,01893616;SPRF-SC;DEL02-SC;UOP01-DEL02-SC;;;
722734;04/10/2025;s�bado;16:28:00;GO;153;560;PROFESSOR JAMIL;Manobra de mudan�a de faixa;Sa�da de leito carro��vel;Com V�timas Feridas;Pleno dia;Crescente;C�u Claro;Dupla;Reta;N�o;1;0;1;0;0;0;1;1;-17,21571956;-49,22825575;SPRF-GO;DEL03-GO;UOP01-DEL03-GO;;;
722737;04/10/2025;s�bado;14:15:00;MS;267;3,1;BATAGUASSU;Demais falhas mec�nicas ou el�tricas;Inc�ndio;Sem V�timas;Pleno dia;Decrescente;Sol;Simples;Declive;N�o;2;0;0;0;1;1;0;2;-21,759155;-52,176714;SPRF-MS;DEL02-MS;UOP04-DEL02-MS;;;
722738;04/10/2025;s�bado;15:41:00;PE;232;80,3;GRAVATA;Ingest�o de �lcool pelo condutor;Colis�o lateral sentido oposto;Com V�timas Feridas;Pleno dia;Crescente;C�u Claro;Simples;Reta;Sim;3;0;1;1;0;1;2;2;-8,19643;-35,57688;SPRF-PE;DEL02-PE;UOP02-DEL02PE;;;
722742;05/07/2025;s�bado;06:46:00;PA;163;158;ALTAMIRA;Acessar a via sem observar a presen�a dos outros ve�culos;Colis�o lateral mesmo sentido;Com V�timas Feridas;Pleno dia;Crescente;C�u Claro;Simples;Reta;Sim;2;0;1;0;1;0;1;2;-8,3186;-55,0997;SPRF-PA;DEL05-PA;UOP03-DEL05-PA;;;
722743;04/10/2025;s�bado;15:35:00;RS;392;347;SANTA MARIA;Acessar a via sem observar a presen�a dos outros ve�culos;Colis�o transversal;Com V�timas Feridas;Pleno dia;Decrescente;C�u Claro;Simples;Reta;N�o;2;0;1;0;1;0;1;2;-29,7607;-53,787037;SPRF-RS;DEL09-RS;UOP01-DEL09-RS;;;
722744;04/10/2025;s�bado;14:30:00;RJ;116;148;DUQUE DE CAXIAS;Transitar na contram�o;Colis�o frontal;Com V�timas Feridas;Pleno dia;Decrescente;C�u Claro;M�ltipla;Reta;Sim;2;0;1;0;1;0;1;2;-22,671133;-43,27734;SPRF-RJ;DEL01-RJ;UOP02-DEL01-RJ;;;
722745;04/10/2025;s�bado;16:30:00;RJ;101;394;RIO DE JANEIRO;Aus�ncia de rea��o do condutor;Eventos at�picos;Com V�timas Feridas;Pleno dia;Crescente;C�u Claro;Dupla;Reta;N�o;1;0;1;0;0;0;1;1;-22,885753;-43,71299;SPRF-RJ;DEL03-RJ;UOP01-DEL03-RJ;;;
722746;04/10/2025;s�bado;16:30:00;PR;376;1,3;APUCARANA;Estacionar ou parar em local proibido;Colis�o traseira;Com V�timas Feridas;Pleno dia;Crescente;C�u Claro;Simples;"Reta;Interse��o de Vias;Declive";Sim;3;0;1;1;1;0;2;2;-23,57165758;-51,42780662;SPRF-PR;DEL07-PR;UOP03-DEL07-PR;;;
722747;04/10/2025;s�bado;18:00:00;RN;226;13,5;MACAIBA;Transitar na contram�o;Colis�o lateral sentido oposto;Com V�timas Feridas;Plena Noite;Decrescente;C�u Claro;Simples;Reta;N�o;2;0;1;0;1;0;1;2;-5,852788;-35,324863;SPRF-RN;DEL01-RN;UOP02-DEL01-RN;;;
722748;04/10/2025;s�bado;15:00:00;MG;116;638,2;DIVINO;Velocidade Incompat�vel;Tombamento;Com V�timas Fatais;Pleno dia;Decrescente;C�u Claro;Simples;Curva;N�o;2;2;0;0;0;0;0;1;-20,64101738;-42,24457741;SPRF-MG;DEL07-MG;UOP02-DEL07-MG;;;
722752;04/10/2025;s�bado;18:20:00;SP;116;223;GUARULHOS;Demais falhas mec�nicas ou el�tricas;Inc�ndio;Sem V�timas;Plena Noite;Crescente;C�u Claro;M�ltipla;Reta;Sim;1;0;0;0;1;0;0;1;-23,481377;-46,534025;SPRF-SP;DEL01-SP;UOP01-DEL01-SP;;;
722753;04/10/2025;s�bado;15:00:00;MG;381;216,8;BELO ORIENTE;Rea��o tardia ou ineficiente do condutor;Tombamento;Com V�timas Feridas;Pleno dia;Decrescente;C�u Claro;Simples;"Aclive;Curva";N�o;1;0;0;1;0;0;1;1;-19,29361;-42,356037;SPRF-MG;DEL06-MG;UOP01-DEL06-MG;;;
722754;04/10/2025;s�bado;18:00:00;SE;235;57;ITABAIANA;Acessar a via sem observar a presen�a dos outros ve�culos;Colis�o transversal;Com V�timas Feridas;Plena Noite;Crescente;C�u Claro;Simples;Reta;Sim;2;0;2;0;0;0;2;2;-10,65224095;-37,45051;SPRF-SE;DEL01-SE;UOP02-DEL01-SE;;;
722755;04/10/2025;s�bado;17:40:00;SE;235;52;ITABAIANA;Acesso irregular;Colis�o transversal;Com V�timas Feridas;Plena Noite;Crescente;C�u Claro;Simples;"Curva;Declive";N�o;2;0;1;0;1;0;1;2;-10,6936653;-37,43775694;SPRF-SE;DEL01-SE;UOP02-DEL01-SE;;;
722756;04/10/2025;s�bado;17:50:00;GO;60;55;ABADIANIA;Ingest�o de �lcool pelo condutor;Colis�o com objeto;Com V�timas Feridas;Pleno dia;Decrescente;C�u Claro;Dupla;Reta;N�o;1;0;1;0;0;0;1;1;-16,18663144;-48,66167575;SPRF-GO;DEL02-GO;UOP01-DEL02-GO;;;
722758;04/10/2025;s�bado;18:44:00;MG;381;495;BETIM;Condutor deixou de manter dist�ncia do ve�culo da frente;Colis�o lateral mesmo sentido;Com V�timas Feridas;Plena Noite;Decrescente;C�u Claro;Dupla;"Reta;Viaduto";Sim;2;0;1;0;0;1;1;2;-19,9965656;-44,209044;SPRF-MG;DEL01-MG;UOP03-DEL01-MG;;;
722759;04/10/2025;s�bado;18:15:00;MG;262;351;BETIM;Demais falhas mec�nicas ou el�tricas;Inc�ndio;Sem V�timas;Plena Noite;Crescente;C�u Claro;Dupla;"Reta;Aclive";N�o;2;0;0;0;2;0;0;1;-19,981958;-44,230822;SPRF-MG;DEL01-MG;UOP03-DEL01-MG;;;
722760;04/10/2025;s�bado;17:50:00;DF;251;30,5;BRASILIA;Convers�o proibida;Colis�o transversal;Sem V�timas;Anoitecer;Decrescente;C�u Claro;Simples;Reta;Sim;3;0;0;0;3;0;0;2;-15,94113453;-47,7373758;SPRF-DF;DEL01-DF;UOP01-DEL01-DF;;;
722761;04/10/2025;s�bado;18:40:00;MA;135;14;SAO LUIS;Afundamento ou ondula��o no pavimento;Tombamento;Com V�timas Feridas;Plena Noite;Decrescente;C�u Claro;Dupla;Reta;Sim;1;0;1;0;0;0;1;1;-2,687982;-44,299453;SPRF-MA;DEL01-MA;UOP01-DEL01-MA;;;
722762;04/10/2025;s�bado;17:30:00;MT;163;814;SINOP;Aus�ncia de rea��o do condutor;Engavetamento;Com V�timas Feridas;Pleno dia;Crescente;C�u Claro;Simples;Reta;N�o;7;0;2;1;4;0;3;4;-12,04257135;-55,51737204;SPRF-MT;DEL06-MT;UOP02-DEL06-MT;;;
722763;04/10/2025;s�bado;18:22:00;PR;376;182;MARINGA;Rea��o tardia ou ineficiente do condutor;Colis�o transversal;Com V�timas Feridas;Anoitecer;Crescente;C�u Claro;Dupla;Rotat�ria;Sim;2;0;0;1;1;0;1;2;-23,431337;-51,887709;SPRF-PR;DEL09-PR;UOP01-DEL09-PR;;;
722764;04/10/2025;s�bado;18:50:00;RJ;101;484;ANGRA DOS REIS;Acessar a via sem observar a presen�a dos outros ve�culos;Colis�o lateral mesmo sentido;Sem V�timas;Plena Noite;Crescente;C�u Claro;Simples;Interse��o de Vias;N�o;2;0;0;0;2;0;0;2;-22,99183005;-44,30457146;SPRF-RJ;DEL03-RJ;UOP03-DEL03-RJ;;;
722765;04/10/2025;s�bado;19:00:00;SC;101;242;PALHOCA;Condutor deixou de manter dist�ncia do ve�culo da frente;Colis�o traseira;Sem V�timas;Plena Noite;Crescente;Nublado;M�ltipla;Reta;N�o;2;0;0;0;2;0;0;2;-27,88113971;-48,64728324;SPRF-SC;DEL01-SC;UOP02-DEL01-SC;;;
722766;04/10/2025;s�bado;18:35:00;MG;262;38;MANHUACU;Pedestre cruzava a pista fora da faixa;Atropelamento de Pedestre;Com V�timas Feridas;Plena Noite;Crescente;C�u Claro;Simples;Reta;Sim;2;0;2;0;0;0;2;2;-20,25933195;-42,03091622;SPRF-MG;DEL06-MG;UOP03-DEL06-MG;;;
722767;04/10/2025;s�bado;18:40:00;GO;70;9,5;AGUAS LINDAS DE GOIAS;Aus�ncia de rea��o do condutor;Colis�o traseira;Com V�timas Feridas;Anoitecer;Crescente;C�u Claro;Dupla;Retorno Regulamentado;Sim;2;0;1;0;1;0;1;2;-15,736747;-48,2879;SPRF-DF;DEL03-DF;UOP02-DEL03-DF;;;
722768;04/10/2025;s�bado;18:00:00;SC;153;111;CONCORDIA;Ultrapassagem Indevida;Colis�o frontal;Com V�timas Feridas;Anoitecer;Crescente;Nublado;Simples;Curva;N�o;3;0;2;1;0;0;3;2;-27,33431549;-51,97601192;SPRF-SC;DEL07-SC;UOP04-DEL07-SC;;;
722769;04/10/2025;s�bado;18:45:00;RS;290;92;PORTO ALEGRE;Acumulo de �gua sobre o pavimento;Colis�o com objeto;Com V�timas Feridas;Plena Noite;Decrescente;Chuva;Dupla;Curva;N�o;2;0;1;0;1;0;1;1;-29,97209707;-51,18077014;SPRF-RS;DEL01-RS;UOP01-DEL01-RS;;;
722770;04/10/2025;s�bado;18:27:00;MS;463;4;DOURADOS;Desrespeitar a prefer�ncia no cruzamento;Colis�o transversal;Com V�timas Feridas;Plena Noite;Crescente;C�u Claro;Dupla;"Reta;Declive";Sim;4;0;3;0;1;0;3;2;-22,259408;-54,84177087;SPRF-MS;DEL04-MS;UOP01-DEL04-MS;;;
722771;04/10/2025;s�bado;18:50:00;SC;101;117;ITAJAI;Acessar a via sem observar a presen�a dos outros ve�culos;Colis�o transversal;Com V�timas Feridas;Plena Noite;Crescente;C�u Claro;Dupla;"Interse��o de Vias;Rotat�ria";Sim;3;0;0;2;1;0;2;2;-26,89036497;-48,72155786;SPRF-SC;DEL04-SC;UOP04-DEL04-SC;;;
722773;04/10/2025;s�bado;17:30:00;PR;272;390,9;FAROL;Ingest�o de �lcool pelo condutor;Queda de ocupante de ve�culo;Com V�timas Feridas;Pleno dia;Crescente;C�u Claro;Simples;Reta;N�o;1;0;0;1;0;0;1;1;-24,084977;-52,614331;SPRF-PR;DEL09-PR;UOP03-DEL09-PR;;;
722774;04/10/2025;s�bado;18:35:00;GO;60;31,8;ALEXANIA;Rea��o tardia ou ineficiente do condutor;Colis�o lateral mesmo sentido;Com V�timas Feridas;Anoitecer;Crescente;C�u Claro;Dupla;"Retorno Regulamentado;Reta";Sim;2;0;1;0;0;1;1;2;-16,089124;-48,508333;SPRF-DF;DEL03-DF;UOP01-DEL03-DF;;;
722776;04/10/2025;s�bado;18:50:00;RO;319;143;PORTO VELHO;Acessar a via sem observar a presen�a dos outros ve�culos;Atropelamento de Pedestre;Com V�timas Feridas;Plena Noite;Crescente;C�u Claro;Dupla;"Reta;Interse��o de Vias";N�o;2;0;1;0;1;0;1;2;-8,76503786;-63,88476849;SPRF-RO;DEL01-RO;UOP01-DEL01-RO;;;
722777;04/10/2025;s�bado;18:30:00;ES;101;147;LINHARES;Rea��o tardia ou ineficiente do condutor;Colis�o com objeto;Sem V�timas;Plena Noite;Crescente;Garoa/Chuvisco;Dupla;Reta;Sim;1;0;0;0;0;1;0;1;-19,38336;-40,067229;SPRF-ES;DEL04-ES;UOP01-DEL04-ES;;;
722778;04/10/2025;s�bado;19:06:00;MS;163;260;DOURADOS;Pedestre cruzava a pista fora da faixa;Atropelamento de Pedestre;Com V�timas Feridas;Plena Noite;Crescente;C�u Claro;Dupla;Reta;Sim;2;0;0;1;1;0;1;2;-22,25295479;-54,77689561;SPRF-MS;DEL04-MS;UOP01-DEL04-MS;;;
722779;04/10/2025;s�bado;19:30:00;SP;116;281;EMBU DAS ARTES;Ingest�o de �lcool pelo condutor;Colis�o lateral mesmo sentido;Sem V�timas;Plena Noite;Decrescente;Nublado;Dupla;Reta;Sim;5;0;0;0;5;0;0;2;-23,6688076;-46,85574644;SPRF-SP;DEL04-SP;UOP01-DEL04-SP;;;
722782;04/10/2025;s�bado;18:40:00;SC;101;214;PALHOCA;Rea��o tardia ou ineficiente do condutor;Queda de ocupante de ve�culo;Com V�timas Feridas;Plena Noite;Crescente;Nublado;M�ltipla;Reta;Sim;1;0;1;0;0;0;1;1;-27,647778;-48,673333;SPRF-SC;DEL01-SC;UOP02-DEL01-SC;;;
722783;04/10/2025;s�bado;20:00:00;ES;101;257;SERRA;Manobra de mudan�a de faixa;Colis�o lateral mesmo sentido;Com V�timas Feridas;Plena Noite;Crescente;C�u Claro;Simples;Reta;N�o;2;0;1;0;0;1;1;2;-20,12292536;-40,30531168;SPRF-ES;DEL02-ES;UOP01-DEL02-ES;;;
722784;04/10/2025;s�bado;20:20:00;MG;40;560;NOVA LIMA;Ingest�o de �lcool pelo condutor;Colis�o lateral mesmo sentido;Com V�timas Feridas;Plena Noite;Decrescente;C�u Claro;Dupla;Reta;N�o;4;0;2;0;2;0;2;2;-20,12686589;-43,96591187;SPRF-MG;DEL01-MG;UOP02-DEL01-MG;;;
722785;04/10/2025;s�bado;20:30:00;ES;101;237;SERRA;Convers�o proibida;Colis�o frontal;Com V�timas Feridas;Plena Noite;Crescente;Chuva;Dupla;Reta;N�o;4;0;1;0;3;0;1;2;-20,0441856;-40,3898368;SPRF-ES;DEL02-ES;UOP01-DEL02-ES;;;
722786;04/10/2025;s�bado;19:50:00;GO;70;2;AGUAS LINDAS DE GOIAS;Aus�ncia de rea��o do condutor;Queda de ocupante de ve�culo;Com V�timas Feridas;Plena Noite;Crescente;C�u Claro;Dupla;Reta;N�o;1;0;1;0;0;0;1;1;-15,77047548;-48,22998047;SPRF-DF;DEL03-DF;UOP02-DEL03-DF;;;
722787;04/10/2025;s�bado;17:40:00;SC;101;90;BARRA VELHA;Aus�ncia de rea��o do condutor;Sa�da de leito carro��vel;Sem V�timas;Pleno dia;Decrescente;C�u Claro;Dupla;"Reta;Interse��o de Vias";Sim;1;0;0;0;1;0;0;1;-26,67171513;-48,68951194;SPRF-SC;DEL03-SC;UOP02-DEL03-SC;;;
722788;04/10/2025;s�bado;19:10:00;AL;316;156;PALMEIRA DOS INDIOS;Acessar a via sem observar a presen�a dos outros ve�culos;Colis�o transversal;Com V�timas Feridas;Plena Noite;Decrescente;C�u Claro;Simples;"Interse��o de Vias;Rotat�ria";N�o;2;0;1;0;0;1;1;2;-9,421067;-36,623873;SPRF-AL;DEL03-AL;UOP01-DEL03-AL;;;
722790;04/10/2025;s�bado;13:35:00;BA;101;656;ITAPEBI;Rea��o tardia ou ineficiente do condutor;Atropelamento de Pedestre;Com V�timas Feridas;Pleno dia;Crescente;Sol;Simples;Reta;Sim;2;0;2;0;0;0;2;2;-15,90813;-39,560651;SPRF-BA;DEL05-BA;UOP02-DEL05-BA;;;
722791;04/10/2025;s�bado;20:18:00;SC;470;54,4;BLUMENAU;Acessar a via sem observar a presen�a dos outros ve�culos;Colis�o transversal;Sem V�timas;Plena Noite;Crescente;C�u Claro;Dupla;Interse��o de Vias;Sim;2;0;0;0;2;0;0;2;-26,87326557;-49,11420584;SPRF-SC;DEL04-SC;UOP01-DEL04-SC;;;
722792;04/10/2025;s�bado;20:30:00;PR;272;366;CAMPO MOURAO;Manobra de mudan�a de faixa;Colis�o traseira;Com V�timas Feridas;Plena Noite;Crescente;C�u Claro;Dupla;Reta;Sim;2;0;0;1;0;1;1;2;-24,04935874;-52,3992583;SPRF-PR;DEL09-PR;UOP03-DEL09-PR;;;
722793;04/10/2025;s�bado;18:40:00;RJ;101;484;ANGRA DOS REIS;Rea��o tardia ou ineficiente do condutor;Colis�o transversal;Com V�timas Feridas;Plena Noite;Crescente;Nublado;Simples;Curva;N�o;5;0;1;0;4;0;1;2;-22,99174;-44,3046;SPRF-RJ;DEL03-RJ;UOP03-DEL03-RJ;;;
722794;04/10/2025;s�bado;20:00:00;ES;101;5,5;SERRA;Chuva;Colis�o lateral mesmo sentido;Sem V�timas;Plena Noite;Crescente;Chuva;Dupla;Reta;N�o;2;0;0;0;2;0;0;2;-20,18950877;-40,33862753;SPRF-ES;DEL02-ES;UOP01-DEL02-ES;;;
722796;04/10/2025;s�bado;20:30:00;RS;392;104;MORRO REDONDO;Aus�ncia de rea��o do condutor;Sa�da de leito carro��vel;Com V�timas Feridas;Plena Noite;Crescente;Nublado;Simples;Curva;N�o;2;0;2;0;0;0;2;1;-31,5502265;-52,5603765;SPRF-RS;DEL07-RS;UOP01-DEL07-RS;;;
722797;04/10/2025;s�bado;20:40:00;SC;470;68;INDAIAL;Aus�ncia de rea��o do condutor;Queda de ocupante de ve�culo;Com V�timas Feridas;Plena Noite;Crescente;Nublado;Dupla;Reta;Sim;1;0;0;1;0;0;1;1;-26,87783025;-49,23969126;SPRF-SC;DEL04-SC;UOP01-DEL04-SC;;;
722799;04/10/2025;s�bado;18:30:00;BA;324;580;CANDEIAS;Rea��o tardia ou ineficiente do condutor;Queda de ocupante de ve�culo;Com V�timas Feridas;Plena Noite;Crescente;Nublado;Dupla;Reta;N�o;1;0;1;0;0;0;1;1;-12,605752;-38,49774;SPRF-BA;DEL01-BA;UOP01-DEL01-BA;;;
722800;04/10/2025;s�bado;20:20:00;PR;376;10;MARINGA;Ingest�o de �lcool pelo condutor;Colis�o com objeto;Com V�timas Feridas;Plena Noite;Crescente;C�u Claro;Dupla;Reta;Sim;1;0;0;1;0;0;1;1;-23,38216167;-51,909255;SPRF-PR;DEL09-PR;UOP01-DEL09-PR;;;
722802;04/10/2025;s�bado;18:40:00;RJ;101;507;ANGRA DOS REIS;Defici�ncia do Sistema de Ilumina��o/Sinaliza��o;Colis�o transversal;Com V�timas Feridas;Plena Noite;Crescente;Nublado;Simples;Reta;Sim;3;0;2;0;1;0;2;2;-22,9397405;-44,41841125;SPRF-RJ;DEL03-RJ;UOP03-DEL03-RJ;;;
722803;04/10/2025;s�bado;21:00:00;PR;163;12,8;BARRACAO;Transitar na contram�o;Colis�o frontal;Com V�timas Fatais;Plena Noite;Crescente;C�u Claro;Simples;Curva;N�o;3;1;0;1;1;0;1;2;-26,21860472;-53,6378932;SPRF-PR;DEL02-PR;UOP02-DEL02-PR;;;
722804;04/10/2025;s�bado;19:40:00;RJ;116;129;MAGE;Avarias e/ou desgaste excessivo no pneu;Tombamento;Com V�timas Feridas;Plena Noite;Decrescente;C�u Claro;Dupla;Reta;N�o;2;0;1;0;1;0;1;1;-22,65278;-43,04083;SPRF-RJ;DEL04-RJ;UOP02-DEL04-RJ;;;
722805;04/10/2025;s�bado;21:40:00;SE;235;54;ITABAIANA;Ingest�o de �lcool pelo condutor;Queda de ocupante de ve�culo;Com V�timas Feridas;Plena Noite;Crescente;Garoa/Chuvisco;Simples;Reta;N�o;1;0;0;1;0;0;1;1;-10,67290688;-37,44410455;SPRF-SE;DEL01-SE;UOP02-DEL01-SE;;;
722807;04/10/2025;s�bado;21:30:00;RS;386;383,5;TABAI;Pedestre andava na pista;Atropelamento de Pedestre;Com V�timas Fatais;Plena Noite;Crescente;Nublado;Simples;Reta;N�o;4;1;0;0;3;0;0;2;-29,674;-51,732;SPRF-RS;DEL04-RS;UOP01-DEL04-RS;;;
722808;04/10/2025;s�bado;21:15:00;PA;316;71;CASTANHAL;Acessar a via sem observar a presen�a dos outros ve�culos;Colis�o transversal;Com V�timas Feridas;Plena Noite;Decrescente;C�u Claro;Simples;Reta;N�o;5;0;1;0;4;0;1;2;-1,289797;-47,851612;SPRF-PA;DEL01-PA;UOP01-DEL01-PA;;;
722810;04/10/2025;s�bado;21:00:00;PE;424;101,8;BREJAO;Acessar a via sem observar a presen�a dos outros ve�culos;Colis�o transversal;Com V�timas Feridas;Plena Noite;Decrescente;C�u Claro;Simples;"Reta;Interse��o de Vias";N�o;7;0;2;0;5;0;2;2;-8,972165;-36,521598;SPRF-PE;DEL03-PE;UOP01-DEL03-PE;;;
722811;04/10/2025;s�bado;21:50:00;ES;101;139;LINHARES;Ingest�o de �lcool pelo condutor;Queda de ocupante de ve�culo;Com V�timas Feridas;Plena Noite;Decrescente;C�u Claro;Simples;Reta;N�o;2;0;2;0;0;0;2;1;-19,31863;-40,07529;SPRF-ES;DEL04-ES;UOP01-DEL04-ES;;;
722813;04/10/2025;s�bado;19:00:00;RJ;116;144;DUQUE DE CAXIAS;Manobra de mudan�a de faixa;Tombamento;Com V�timas Feridas;Plena Noite;Decrescente;C�u Claro;Dupla;Reta;Sim;1;0;1;0;0;0;1;1;-22,6564933;-43,24567866;SPRF-RJ;DEL01-RJ;UOP02-DEL01-RJ;;;
722814;04/10/2025;s�bado;20:50:00;SE;101;71;MARUIM;Chuva;Queda de ocupante de ve�culo;Com V�timas Feridas;Plena Noite;Decrescente;Chuva;Dupla;Reta;N�o;2;0;2;0;0;0;2;1;-10,73618027;-37,08810417;SPRF-SE;DEL01-SE;UOP01-DEL01-SE;;;
722818;04/10/2025;s�bado;22:10:00;SC;470;51,5;BLUMENAU;Ingest�o de �lcool pelo condutor;Colis�o lateral mesmo sentido;Sem V�timas;Plena Noite;Crescente;C�u Claro;Simples;Reta;N�o;2;0;0;0;2;0;0;2;-26,8627472;-49,08869171;SPRF-SC;DEL04-SC;UOP01-DEL04-SC;;;
722819;04/10/2025;s�bado;20:40:00;RS;392;341;SANTA MARIA;Rea��o tardia ou ineficiente do condutor;Colis�o com objeto;Sem V�timas;Plena Noite;Crescente;C�u Claro;Simples;Reta;N�o;1;0;0;0;0;1;0;1;-29,807289;-53,7748971;SPRF-RS;DEL09-RS;UOP01-DEL09-RS;;;
722820;04/10/2025;s�bado;21:30:00;MG;459;15,1;CALDAS;Condutor Dormindo;Colis�o transversal;Sem V�timas;Plena Noite;Crescente;C�u Claro;Simples;Reta;Sim;2;0;0;0;2;0;0;2;-21,829355;-46,449095;SPRF-MG;DEL09-MG;UOP01-DEL09-MG;;;