id;data_inversa;dia_semana;horario;uf;br;km;municipio;causa_acidente;tipo_acidente;classificacao_acidente;fase_dia;sentido_via;condicao_metereologica;tipo_pista;tracado_via;uso_solo;pessoas;mortos;feridos_leves;feridos_graves;ilesos;ignorados;feridos;veiculos;latitude;longitude;regional;delegacia;uop;;;
722821;04/10/2025;s�bado;18:00:00;RS;116;157,5;CAXIAS DO SUL;Ultrapassagem Indevida;Colis�o frontal;Com V�timas Feridas;Anoitecer;Crescente;Chuva;Simples;Reta;N�o;6;0;3;1;1;1;4;3;-29,21976;-51,17252;SPRF-RS;DEL05-RS;UOP01-DEL05-RS;;;
722822;04/10/2025;s�bado;18:20:00;AC;317;62;RIO BRANCO;Aus�ncia de rea��o do condutor;Atropelamento de Pedestre;Com V�timas Feridas;Plena Noite;Crescente;C�u Claro;Simples;Reta;N�o;2;0;1;1;0;0;2;2;-10,02523045;-67,53115654;SPRF-AC;DEL01-AC;UOP01-DEL01-AC;;;
722823;04/10/2025;s�bado;21:30:00;RS;116;426;CRISTAL;Aus�ncia de rea��o do condutor;Tombamento;Com V�timas Feridas;Plena Noite;Crescente;C�u Claro;Simples;"Em Obras;Reta";N�o;1;0;0;1;0;0;1;1;-30,99062073;-52,03914642;SPRF-RS;DEL02-RS;UOP02-DEL02-RS;;;
722824;04/10/2025;s�bado;21:42:00;PR;153;18,5;JACAREZINHO;Condutor usando celular;Colis�o lateral mesmo sentido;Com V�timas Feridas;Plena Noite;Crescente;C�u Claro;Simples;"Declive;Reta";Sim;2;0;0;1;1;0;1;2;-23,15011136;-49,95410291;SPRF-PR;DEL07-PR;UOP04-DEL07-PR;;;
722825;04/10/2025;s�bado;22:20:00;SC;101;112,9;ITAJAI;Condutor deixou de manter dist�ncia do ve�culo da frente;Colis�o traseira;Com V�timas Feridas;Plena Noite;Crescente;Nublado;M�ltipla;Reta;Sim;3;0;2;0;0;1;2;2;-26,85223;-48,72664;SPRF-SC;DEL04-SC;UOP04-DEL04-SC;;;
722827;09/06/2025;segunda-feira;18:30:00;ES;101;296;CARIACICA;Acessar a via sem observar a presen�a dos outros ve�culos;Colis�o lateral mesmo sentido;Com V�timas Feridas;Plena Noite;Crescente;Chuva;M�ltipla;"Interse��o de Vias;Declive;Viaduto";Sim;2;0;0;1;1;0;1;2;-20,34350734;-40,40700523;SPRF-ES;DEL01-ES;UOP01-DEL01-ES;;;
722828;04/10/2025;s�bado;22:30:00;PR;369;157,2;LONDRINA;Avarias e/ou desgaste excessivo no pneu;Tombamento;Com V�timas Feridas;Plena Noite;Crescente;C�u Claro;Dupla;Reta;Sim;2;0;1;0;1;0;1;1;-23,28610592;-51,22918801;SPRF-PR;DEL07-PR;UOP01-DEL07-PR;;;
722829;04/10/2025;s�bado;21:00:00;RS;386;438;NOVA SANTA RITA;Acumulo de �gua sobre o pavimento;Tombamento;Com V�timas Feridas;Plena Noite;Decrescente;Nublado;Dupla;Reta;Sim;2;0;2;0;0;0;2;1;-29,84642124;-51,27363123;SPRF-RS;DEL04-RS;UOP02-DEL04-RS;;;
722830;04/10/2025;s�bado;21:10:00;RN;304;289;MACAIBA;Mal s�bito do condutor;Sa�da de leito carro��vel;Com V�timas Feridas;Plena Noite;Decrescente;C�u Claro;Dupla;"Retorno Regulamentado;Reta";N�o;1;0;0;1;0;0;1;1;-5,867942;-35,416953;SPRF-RN;DEL01-RN;UOP02-DEL01-RN;;;
722831;04/10/2025;s�bado;20:30:00;ES;262;1;CARIACICA;Ingest�o de �lcool pelo condutor;Colis�o com objeto;Sem V�timas;Plena Noite;Crescente;C�u Claro;Dupla;"Declive;Reta;Ponte";Sim;1;0;0;0;1;0;0;1;-20,33093984;-40,35488455;SPRF-ES;DEL01-ES;UOP01-DEL01-ES;;;
722835;04/10/2025;s�bado;17:29:00;MS;158;139,9;APARECIDA DO TABOADO;Aus�ncia de rea��o do condutor;Colis�o com objeto;Com V�timas Feridas;Plena Noite;Crescente;Ignorado;Simples;Reta;N�o;2;0;2;0;0;0;2;1;-20,028801;-51,115982;SPRF-MS;DEL08-MS;UOP01-DEL08-MS;;;
722836;04/10/2025;s�bado;19:50:00;MG;116;528,8;CARATINGA;Convers�o proibida;Colis�o transversal;Com V�timas Feridas;Plena Noite;Crescente;C�u Claro;Simples;Reta;Sim;2;0;0;1;1;0;1;2;-19,80416787;-42,13578701;SPRF-MG;DEL06-MG;UOP02-DEL06-MG;;;
722837;04/10/2025;s�bado;23:15:00;MG;40;638,5;CONSELHEIRO LAFAIETE;Rea��o tardia ou ineficiente do condutor;Sa�da de leito carro��vel;Com V�timas Feridas;Plena Noite;Decrescente;Nublado;Simples;Reta;N�o;1;0;0;1;0;0;1;1;-20,73334339;-43,7995207;SPRF-MG;DEL05-MG;UOP02-DEL05-MG;;;
722838;04/10/2025;s�bado;23:00:00;RJ;465;21;NOVA IGUACU;Aus�ncia de rea��o do condutor;Colis�o traseira;Com V�timas Feridas;Plena Noite;Crescente;C�u Claro;Simples;Reta;Sim;2;0;1;0;1;0;1;2;-22,85064297;-43,60233307;SPRF-RJ;DEL06-RJ;UOP02-DEL06-RJ;;;
722839;04/10/2025;s�bado;19:00:00;MT;163;1038;MATUPA;Aus�ncia de rea��o do condutor;Colis�o frontal;Sem V�timas;Plena Noite;Crescente;C�u Claro;Simples;Reta;N�o;1;0;0;0;1;0;0;1;-10,184717;-54,945358;SPRF-MT;DEL06-MT;UOP03-DEL06-MT;;;
722840;04/10/2025;s�bado;21:40:00;PI;230;306,6;FLORIANO;Aus�ncia de rea��o do condutor;Colis�o com objeto;Com V�timas Feridas;Plena Noite;Decrescente;C�u Claro;Simples;Reta;Sim;1;0;0;1;0;0;1;1;-6,78711712;-42,99335039;SPRF-PI;DEL03-PI;UOP01-DEL03-PI;;;
722841;04/10/2025;s�bado;19:30:00;PA;308;206;BRAGANCA;Aus�ncia de rea��o do condutor;Colis�o frontal;Com V�timas Fatais;Plena Noite;Crescente;Ignorado;Simples;"Interse��o de Vias;Reta";N�o;2;1;0;0;0;1;0;2;-1,061272;-46,740518;SPRF-PA;DEL01-PA;UOP03-DEL01-PA;;;
722842;04/10/2025;s�bado;23:16:00;PR;376;178,6;MARINGA;Retorno proibido;Colis�o transversal;Com V�timas Feridas;Plena Noite;Crescente;C�u Claro;Dupla;Reta;Sim;2;0;1;0;1;0;1;2;-23,418297;-51,916116;SPRF-PR;DEL09-PR;UOP01-DEL09-PR;;;
722843;04/10/2025;s�bado;23:20:00;SC;101;41;JOINVILLE;Desrespeitar a prefer�ncia no cruzamento;Colis�o transversal;Com V�timas Feridas;Plena Noite;Crescente;Garoa/Chuvisco;Dupla;"Interse��o de Vias;Declive;Reta;Viaduto";N�o;4;0;2;0;2;0;2;2;-26,318526;-48,872066;SPRF-SC;DEL03-SC;UOP01-DEL03-SC;;;
722844;04/10/2025;s�bado;21:50:00;PE;232;118;CARUARU;Transitar no Acostamento;Queda de ocupante de ve�culo;Com V�timas Feridas;Plena Noite;Decrescente;C�u Claro;Dupla;Reta;N�o;1;0;0;1;0;0;1;1;-8,2956;-35,875073;SPRF-PE;DEL02-PE;UOP03-DEL02-PE;;;
722845;04/10/2025;s�bado;23:50:00;RS;116;627;ARROIO GRANDE;Aus�ncia de rea��o do condutor;Capotamento;Com V�timas Feridas;Plena Noite;Decrescente;C�u Claro;Simples;Reta;N�o;1;0;1;0;0;0;1;1;-32,35882952;-53,17728281;SPRF-RS;DEL07-RS;UOP03-DEL07-RS;;;
722846;04/10/2025;s�bado;23:00:00;SC;101;436;SOMBRIO;Desrespeitar a prefer�ncia no cruzamento;Colis�o transversal;Com V�timas Feridas;Plena Noite;Crescente;Ignorado;M�ltipla;"Interse��o de Vias;Reta";Sim;2;0;1;0;1;0;1;2;-29,11431;-49,639932;SPRF-SC;DEL02-SC;UOP02-DEL02-SC;;;
722847;05/10/2025;domingo;00:20:00;RS;116;268,3;CANOAS;Velocidade Incompat�vel;Colis�o traseira;Com V�timas Fatais;Plena Noite;Decrescente;Nublado;Dupla;Reta;Sim;8;1;1;1;0;5;2;4;-29,93502827;-51,17717791;SPRF-RS;DEL01-RS;UOP01-DEL01-RS;;;
722849;05/10/2025;domingo;00:15:00;SP;116;275;EMBU DAS ARTES;Velocidade Incompat�vel;Sa�da de leito carro��vel;Sem V�timas;Plena Noite;Decrescente;C�u Claro;Dupla;Reta;N�o;1;0;0;0;0;1;0;1;-23,622567;-46,813937;SPRF-SP;DEL04-SP;UOP01-DEL04-SP;;;
722851;04/10/2025;s�bado;23:50:00;RJ;116;201;QUEIMADOS;Defici�ncia do Sistema de Ilumina��o/Sinaliza��o;Colis�o traseira;Com V�timas Fatais;Plena Noite;Crescente;Nublado;Dupla;Curva;N�o;2;1;0;0;1;0;0;2;-22,73147808;-43,60040758;SPRF-RJ;DEL06-RJ;UOP02-DEL06-RJ;;;
722852;05/10/2025;domingo;00:30:00;RJ;116;174;SAO JOAO DE MERITI;Rea��o tardia ou ineficiente do condutor;Colis�o traseira;Com V�timas Feridas;Plena Noite;Crescente;C�u Claro;M�ltipla;Reta;Sim;4;0;2;0;2;0;2;2;-22,7873439;-43,37534142;SPRF-RJ;DEL06-RJ;UOP01-DEL06-RJ;;;
722853;05/10/2025;domingo;00:30:00;PR;476;117,5;COLOMBO;Ingest�o de �lcool pelo condutor;Colis�o traseira;Sem V�timas;Plena Noite;Crescente;C�u Claro;Dupla;"Reta;Aclive";Sim;2;0;0;0;2;0;0;2;-25,35184884;-49,17883132;SPRF-PR;DEL01-PR;UOP01-DEL01-PR;;;
722854;05/10/2025;domingo;00:30:00;MG;50;170,3;UBERABA;Velocidade Incompat�vel;Colis�o traseira;Com V�timas Feridas;Plena Noite;Crescente;Nublado;Dupla;"Aclive;Reta";N�o;3;0;2;0;0;1;2;2;-19,736934;-47,98312;SPRF-MG;DEL13-MG;UOP01-DEL13-MG;;;
722855;05/10/2025;domingo;00:10:00;PI;316;381,2;ALEGRETE DO PIAUI;Rea��o tardia ou ineficiente do condutor;Sa�da de leito carro��vel;Com V�timas Feridas;Plena Noite;Crescente;C�u Claro;Simples;Aclive;N�o;1;0;0;1;0;0;1;1;-7,23063771;-40,87150923;SPRF-PI;DEL04-PI;UOP03-DEL04-PI;;;
722856;05/10/2025;domingo;01:45:00;SC;101;226,2;PALHOCA;Condutor deixou de manter dist�ncia do ve�culo da frente;Colis�o traseira;Com V�timas Feridas;Plena Noite;Crescente;Nublado;Dupla;Reta;N�o;2;0;0;1;0;1;1;2;-27,74693261;-48,63646254;SPRF-SC;DEL01-SC;UOP02-DEL01-SC;;;
722857;05/10/2025;domingo;02:00:00;RJ;116;186;NOVA IGUACU;Demais falhas mec�nicas ou el�tricas;Colis�o traseira;Com V�timas Feridas;Plena Noite;Crescente;C�u Claro;Dupla;Reta;Sim;3;0;1;0;2;0;1;2;-22,74042084;-43,45632283;SPRF-RJ;DEL06-RJ;UOP01-DEL06-RJ;;;
722858;05/10/2025;domingo;01:50:00;PR;153;29,6;SANTO ANTONIO DA PLATINA;Condutor Dormindo;Colis�o com objeto;Com V�timas Feridas;Plena Noite;Crescente;C�u Claro;Simples;Curva;N�o;4;0;1;3;0;0;4;1;-23,2184229;-50,01145776;SPRF-PR;DEL07-PR;UOP04-DEL07-PR;;;
722859;05/10/2025;domingo;02:30:00;PR;116;109;CURITIBA;Condutor Dormindo;Colis�o com objeto;Com V�timas Feridas;Plena Noite;Crescente;Nublado;Dupla;Reta;N�o;2;0;2;0;0;0;2;1;-25,56529152;-49,24696533;SPRF-PR;DEL01-PR;UOP03-DEL01-PR;;;
722860;05/10/2025;domingo;01:50:00;SE;235;9;NOSSA SENHORA DO SOCORRO;Chuva;Queda de ocupante de ve�culo;Com V�timas Feridas;Plena Noite;Crescente;Chuva;Simples;Curva;N�o;1;0;1;0;0;0;1;1;-10,88496525;-37,13568723;SPRF-SE;DEL01-SE;UOP01-DEL01-SE;;;
722861;04/10/2025;s�bado;07:20:00;PR;163;158;LINDOESTE;Aus�ncia de rea��o do condutor;Sa�da de leito carro��vel;Com V�timas Feridas;Plena Noite;Decrescente;C�u Claro;Dupla;Reta;N�o;1;0;1;0;0;0;1;1;-25,329329;-53,591233;SPRF-PR;DEL05-PR;UOP05-DEL05-PR;;;
722863;05/10/2025;domingo;02:30:00;SC;101;88,8;BARRA VELHA;Velocidade Incompat�vel;Colis�o traseira;Com V�timas Feridas;Plena Noite;Crescente;Nublado;M�ltipla;Reta;Sim;8;0;3;1;3;1;4;2;-26,65658446;-48,68794654;SPRF-SC;DEL03-SC;UOP02-DEL03-SC;;;
722865;05/10/2025;domingo;02:45:00;TO;153;136;ARAGUAINA;Ingest�o de �lcool pelo condutor;Colis�o com objeto;Com V�timas Feridas;Plena Noite;Crescente;C�u Claro;Dupla;Reta;N�o;1;0;0;1;0;0;1;1;-7,15157595;-48,2036705;SPRF-TO;DEL02-TO;UOP01-DEL02-TO;;;
722866;05/10/2025;domingo;01:00:00;MT;364;402;CUIABA;Transitar na contram�o;Colis�o frontal;Com V�timas Fatais;Plena Noite;Decrescente;C�u Claro;Dupla;"Viaduto;Reta";Sim;2;1;1;0;0;0;1;2;-15,649576;-56,000681;SPRF-MT;DEL01-MT;UOP02-DEL01-MT;;;
722867;05/10/2025;domingo;01:40:00;MT;70;523;VARZEA GRANDE;Condutor Dormindo;Colis�o frontal;Sem V�timas;Plena Noite;Decrescente;C�u Claro;Simples;Curva;N�o;2;0;0;0;1;1;0;2;-15,65369575;-56,19178105;SPRF-MT;DEL01-MT;UOP02-DEL01-MT;;;
722868;05/10/2025;domingo;03:10:00;SP;116;94,2;PINDAMONHANGABA;Condutor Dormindo;Colis�o lateral mesmo sentido;Sem V�timas;Plena Noite;Decrescente;C�u Claro;Dupla;Reta;N�o;2;0;0;0;2;0;0;2;-22,96140097;-45,42268245;SPRF-SP;DEL08-SP;UOP01-DEL08-SP;;;
722869;05/10/2025;domingo;01:20:00;PR;272;432,9;GOIOERE;Acessar a via sem observar a presen�a dos outros ve�culos;Colis�o transversal;Com V�timas Feridas;Plena Noite;Crescente;C�u Claro;Simples;"Curva;Declive";N�o;2;0;1;0;0;1;1;2;-24,191934;-52,98616;SPRF-PR;DEL09-PR;UOP03-DEL09-PR;;;
722870;05/10/2025;domingo;03:15:00;PR;369;498;CASCAVEL;Aus�ncia de rea��o do condutor;Sa�da de leito carro��vel;Com V�timas Feridas;Plena Noite;Crescente;C�u Claro;Simples;Curva;N�o;1;0;1;0;0;0;1;1;-24,894;-53,354;SPRF-PR;DEL04-PR;UOP01-DEL04-PR;;;
722871;05/10/2025;domingo;02:00:00;MT;364;261;JUSCIMEIRA;Rea��o tardia ou ineficiente do condutor;Sa�da de leito carro��vel;Com V�timas Feridas;Plena Noite;Decrescente;C�u Claro;Dupla;"Declive;Curva;Interse��o de Vias";Sim;1;0;0;1;0;0;1;1;-16,02479529;-54,89833832;SPRF-MT;DEL02-MT;UOP01-DEL02-MT;;;
722872;05/10/2025;domingo;03:00:00;MT;163;207,8;RONDONOPOLIS;Velocidade Incompat�vel;Colis�o traseira;Com V�timas Feridas;Plena Noite;Crescente;C�u Claro;Dupla;Reta;Sim;2;0;0;1;1;0;1;2;-16,440264;-54,676577;SPRF-MT;DEL05-MT;UOP02-DEL05-MT;;;
722874;05/10/2025;domingo;05:00:00;MG;40;545;NOVA LIMA;Ingest�o de �lcool pelo condutor;Colis�o lateral mesmo sentido;Sem V�timas;Amanhecer;Crescente;Nublado;Dupla;"Reta;Aclive";N�o;2;0;0;0;1;1;0;2;-20,0129583;-43,9684133;SPRF-MG;DEL01-MG;UOP02-DEL01-MG;;;
722875;05/10/2025;domingo;05:10:00;PI;343;344,3;TERESINA;Aus�ncia de rea��o do condutor;Colis�o lateral sentido oposto;Com V�timas Feridas;Amanhecer;Decrescente;C�u Claro;Dupla;"Em Obras;Reta";Sim;2;0;1;0;0;1;1;2;-5,097685;-42,764098;SPRF-PI;DEL01-PI;UOP01-DEL01-PI;;;
722877;05/10/2025;domingo;04:30:00;MS;267;34;BATAGUASSU;Rea��o tardia ou ineficiente do condutor;Sa�da de leito carro��vel;Sem V�timas;Plena Noite;Decrescente;C�u Claro;Simples;Reta;N�o;1;0;0;0;0;1;0;1;-21,738071;-52,460994;SPRF-MS;DEL02-MS;UOP04-DEL02-MS;;;
722878;05/10/2025;domingo;06:00:00;MG;459;71,6;SENADOR JOSE BENTO;Transitar na contram�o;Colis�o frontal;Com V�timas Fatais;Amanhecer;Decrescente;C�u Claro;Simples;"Curva;Declive";N�o;7;1;1;1;3;1;2;3;-22,13409;-46,16665;SPRF-MG;DEL09-MG;UOP01-DEL09-MG;;;
722879;05/10/2025;domingo;05:30:00;PI;316;25,5;DEMERVAL LOBAO;Acesso irregular;Colis�o lateral mesmo sentido;Sem V�timas;Amanhecer;Crescente;C�u Claro;Dupla;Reta;N�o;2;0;0;0;0;2;0;2;-5,303198;-42,707547;SPRF-PI;DEL01-PI;UOP02-DEL01-PI;;;
722880;05/10/2025;domingo;06:00:00;PR;277;62,5;SAO JOSE DOS PINHAIS;Rea��o tardia ou ineficiente do condutor;Sa�da de leito carro��vel;Com V�timas Feridas;Amanhecer;Decrescente;C�u Claro;Dupla;Reta;N�o;4;0;2;2;0;0;4;1;-25,542393;-49,059016;SPRF-PR;DEL01-PR;UOP01-DEL01-PR;;;
722883;05/10/2025;domingo;05:45:00;BA;324;571;SAO SEBASTIAO DO PASSE;Aus�ncia de rea��o do condutor;Sa�da de leito carro��vel;Com V�timas Feridas;Amanhecer;Decrescente;Nublado;Dupla;"Declive;Reta";N�o;3;0;2;0;1;0;2;1;-12,557363;-38,565612;SPRF-BA;DEL01-BA;UOP01-DEL01-BA;;;
722884;05/10/2025;domingo;06:00:00;RN;101;105;PARNAMIRIM;Rea��o tardia ou ineficiente do condutor;Colis�o traseira;Com V�timas Feridas;Pleno dia;Crescente;C�u Claro;Dupla;Reta;Sim;2;0;1;0;1;0;1;2;-5,903594;-35,259889;SPRF-RN;DEL01-RN;UOP01-DEL01-RN;;;
722885;05/10/2025;domingo;06:40:00;PB;230;27;JOAO PESSOA;Ingest�o de subst�ncias psicoativas pelo condutor;Colis�o com objeto;Com V�timas Feridas;Pleno dia;Decrescente;C�u Claro;Dupla;Curva;Sim;1;0;0;1;0;0;1;1;-7,16518376;-34,89378959;SPRF-PB;DEL01-PB;UOP01-DEL01-PB;;;
722886;05/10/2025;domingo;06:15:00;ES;259;47;COLATINA;Rea��o tardia ou ineficiente do condutor;Colis�o transversal;Com V�timas Feridas;Amanhecer;Crescente;Ignorado;Simples;"Declive;Curva";N�o;3;0;0;1;2;0;1;2;-19,52507;-40,59016;SPRF-ES;DEL02-ES;UOP01-DEL02-ES;;;
722887;05/10/2025;domingo;06:10:00;GO;60;431;RIO VERDE;Rea��o tardia ou ineficiente do condutor;Sa�da de leito carro��vel;Com V�timas Feridas;Amanhecer;Decrescente;C�u Claro;Dupla;"Reta;Declive";N�o;1;0;1;0;0;0;1;1;-17,828692;-51,352005;SPRF-GO;DEL04-GO;UOP02-DEL04-GO;;;
722888;05/10/2025;domingo;02:39:00;RJ;101;501;ANGRA DOS REIS;Ingest�o de �lcool pelo condutor;Colis�o traseira;Sem V�timas;Plena Noite;Crescente;C�u Claro;Simples;Reta;N�o;3;0;0;0;3;0;0;2;-22,92962265;-44,38030243;SPRF-RJ;DEL03-RJ;UOP03-DEL03-RJ;;;
722889;05/10/2025;domingo;06:20:00;PR;277;664,9;MEDIANEIRA;Condutor Dormindo;Capotamento;Com V�timas Feridas;Amanhecer;Crescente;C�u Claro;Dupla;Curva;Sim;1;0;1;0;0;0;1;1;-25,2546599;-54,03551884;SPRF-PR;DEL05-PR;UOP02-DEL05-PR;;;
722890;05/10/2025;domingo;06:23:00;PR;277;664,9;MEDIANEIRA;Rea��o tardia ou ineficiente do condutor;Tombamento;Com V�timas Feridas;Amanhecer;Decrescente;C�u Claro;Dupla;"Reta;Declive";N�o;2;0;1;0;1;0;1;2;-25,2546599;-54,03551884;SPRF-PR;DEL05-PR;UOP02-DEL05-PR;;;
722891;05/10/2025;domingo;01:25:00;RS;153;49,3;ERECHIM;Ingest�o de �lcool pelo condutor;Sa�da de leito carro��vel;Com V�timas Feridas;Plena Noite;Decrescente;C�u Claro;Simples;"Aclive;Curva";Sim;1;0;1;0;0;0;1;1;-27,65499813;-52,26412861;SPRF-RS;DEL08-RS;UOP04-DEL08-RS;;;
722892;05/10/2025;domingo;00:05:00;RO;364;425,3;JARU;Velocidade Incompat�vel;Tombamento;Com V�timas Feridas;Plena Noite;Decrescente;C�u Claro;Simples;Reta;Sim;1;0;1;0;0;0;1;1;-10,43595529;-62,47405227;SPRF-RO;DEL03-RO;UOP02-DEL03-RO;;;
722893;05/10/2025;domingo;06:00:00;DF;80;4,1;BRASILIA;Demais Fen�menos da natureza;Colis�o transversal;Com V�timas Feridas;Amanhecer;Crescente;C�u Claro;Simples;Reta;N�o;2;0;0;1;1;0;1;2;-15,73124622;-48,10599625;SPRF-DF;DEL03-DF;UOP02-DEL03-DF;;;
722894;05/10/2025;domingo;03:00:00;MG;50;158;UBERABA;Ingest�o de �lcool pelo condutor;Sa�da de leito carro��vel;Com V�timas Feridas;Plena Noite;Decrescente;C�u Claro;Dupla;Reta;N�o;1;0;1;0;0;0;1;1;-19,637681;-48,010737;SPRF-MG;DEL13-MG;UOP01-DEL13-MG;;;
722896;05/10/2025;domingo;07:00:00;MT;364;398;CUIABA;Acessar a via sem observar a presen�a dos outros ve�culos;Queda de ocupante de ve�culo;Com V�timas Feridas;Pleno dia;Decrescente;Sol;Dupla;Reta;Sim;3;0;0;2;0;1;2;3;-15,667742;-55,957278;SPRF-MT;DEL01-MT;UOP02-DEL01-MT;;;
722898;05/10/2025;domingo;06:30:00;CE;116;498;BREJO SANTO;Aus�ncia de rea��o do condutor;Sa�da de leito carro��vel;Sem V�timas;Pleno dia;Decrescente;C�u Claro;Simples;Reta;N�o;1;0;0;0;1;0;0;1;-7,4615157;-38,97549503;SPRF-CE;DEL05-CE;UOP03-DEL05-CE;;;
722901;05/10/2025;domingo;07:30:00;RJ;116;323;ITATIAIA;Aus�ncia de rea��o do condutor;Sa�da de leito carro��vel;Com V�timas Feridas;Pleno dia;Crescente;C�u Claro;Simples;Curva;Sim;1;0;1;0;0;0;1;1;-22,48910494;-44,55379844;SPRF-RJ;DEL07-RJ;UOP02-DEL07-RJ;;;
722902;05/10/2025;domingo;08:33:00;PE;101;66;RECIFE;Condutor deixou de manter dist�ncia do ve�culo da frente;Queda de ocupante de ve�culo;Com V�timas Feridas;Pleno dia;Decrescente;C�u Claro;Dupla;"Reta;Ponte";N�o;2;0;1;0;1;0;1;1;-8,03913;-34,94187;SPRF-PE;DEL01-PE;UOP01-DEL01-PE;;;
722905;05/10/2025;domingo;06:30:00;MS;262;254;RIBAS DO RIO PARDO;Animais na Pista;Atropelamento de Animal;Com V�timas Feridas;Pleno dia;Crescente;Nublado;Simples;Reta;N�o;1;0;1;0;0;0;1;1;-20,403335;-53,88436;SPRF-MS;DEL01-MS;UOP05-DEL01-MS;;;
722906;05/10/2025;domingo;09:00:00;SE;235;24,2;LARANJEIRAS;Rea��o tardia ou ineficiente do condutor;Colis�o transversal;Sem V�timas;Pleno dia;Decrescente;Nublado;Simples;Em Obras;N�o;2;0;0;0;2;0;0;2;-10,81253198;-37,25258796;SPRF-SE;DEL01-SE;UOP02-DEL01-SE;;;
722908;05/10/2025;domingo;05:40:00;BA;101;663,6;ITAPEBI;Aus�ncia de rea��o do condutor;Sa�da de leito carro��vel;Com V�timas Feridas;Amanhecer;Decrescente;C�u Claro;Simples;Curva;N�o;1;0;0;1;0;0;1;1;-15,966253;-39,560213;SPRF-BA;DEL09-BA;UOP03-DEL09-BA;;;
722910;05/10/2025;domingo;09:00:00;RS;290;91;PORTO ALEGRE;Manobra de mudan�a de faixa;Colis�o traseira;Com V�timas Feridas;Pleno dia;Crescente;C�u Claro;Dupla;Reta;N�o;3;0;1;0;2;0;1;2;-29,96907687;-51,16987784;SPRF-RS;DEL01-RS;UOP01-DEL01-RS;;;
722912;05/10/2025;domingo;09:20:00;MG;50;11;ARAGUARI;Rea��o tardia ou ineficiente do condutor;Queda de ocupante de ve�culo;Com V�timas Feridas;Pleno dia;Crescente;C�u Claro;Dupla;Reta;N�o;1;0;0;1;0;0;1;1;-18,52;-48,0396;SPRF-MG;DEL15-MG;UOP02-DEL15-MG;;;
722913;05/10/2025;domingo;09:30:00;TO;153;139,5;ARAGUAINA;Ingest�o de �lcool pelo condutor;Sa�da de leito carro��vel;Com V�timas Feridas;Pleno dia;Crescente;C�u Claro;M�ltipla;Reta;N�o;1;0;1;0;0;0;1;1;-7,166739;-48,210624;SPRF-TO;DEL02-TO;UOP01-DEL02-TO;;;
722914;05/10/2025;domingo;09:20:00;ES;262;32,9;DOMINGOS MARTINS;Manobra de mudan�a de faixa;Colis�o lateral mesmo sentido;Com V�timas Feridas;Pleno dia;Decrescente;C�u Claro;Simples;"Declive;Reta";N�o;4;0;1;0;3;0;1;2;-20,37582303;-40,58374135;SPRF-ES;DEL01-ES;UOP01-DEL01-ES;;;
722915;05/10/2025;domingo;05:40:00;GO;153;648,9;MORRINHOS;Condutor Dormindo;Sa�da de leito carro��vel;Sem V�timas;Amanhecer;Decrescente;C�u Claro;Dupla;Reta;N�o;4;0;0;0;4;0;0;1;-17,948453;-49,248507;SPRF-GO;DEL03-GO;UOP01-DEL03-GO;;;
722918;02/10/2025;quinta-feira;07:20:00;RJ;40;120;DUQUE DE CAXIAS;Aus�ncia de rea��o do condutor;Colis�o traseira;Com V�timas Feridas;Pleno dia;Crescente;C�u Claro;Dupla;Reta;Sim;2;0;1;0;0;1;1;2;-22,7787641;-43,28589081;SPRF-RJ;DEL01-RJ;UOP02-DEL01-RJ;;;
722919;05/10/2025;domingo;10:50:00;MG;262;375;JUATUBA;Velocidade Incompat�vel;Tombamento;Com V�timas Feridas;Pleno dia;Decrescente;Sol;Dupla;Curva;N�o;1;0;0;1;0;0;1;1;-19,93591434;-44,43695068;SPRF-MG;DEL01-MG;UOP03-DEL01-MG;;;
722920;08/04/2025;ter�a-feira;12:42:00;PR;376;170;MARINGA;Acessar a via sem observar a presen�a dos outros ve�culos;Colis�o traseira;Com V�timas Feridas;Pleno dia;Decrescente;C�u Claro;Dupla;Reta;N�o;1;0;1;0;0;0;1;1;-23,40677;-51,99171;SPRF-PR;DEL09-PR;UOP01-DEL09-PR;;;
722921;05/10/2025;domingo;10:30:00;RN;101;72;EXTREMOZ;Rea��o tardia ou ineficiente do condutor;Colis�o traseira;Com V�timas Feridas;Pleno dia;Crescente;C�u Claro;Simples;"Reta;Aclive";N�o;2;0;1;0;1;0;1;2;-5,70006377;-35,26369929;SPRF-RN;DEL02-RN;UOP01-DEL02-RN;;;
722924;05/10/2025;domingo;07:18:00;MT;163;550,4;DIAMANTINO;Rea��o tardia ou ineficiente do condutor;Capotamento;Com V�timas Feridas;Pleno dia;Crescente;C�u Claro;Dupla;Reta;N�o;1;0;1;0;0;0;1;1;-14,23174556;-56,10949159;SPRF-MT;DEL01-MT;UOP01-DEL01-MT;;;
722926;05/10/2025;domingo;11:20:00;MG;381;648,3;SANTO ANTONIO DO AMPARO;Animais na Pista;Atropelamento de Animal;Com V�timas Feridas;Pleno dia;Crescente;C�u Claro;Dupla;Curva;N�o;2;0;2;0;0;0;2;1;-20,95736008;-44,89714362;SPRF-MG;DEL04-MG;UOP02-DEL04-MG;;;
722927;05/10/2025;domingo;11:30:00;RJ;116;184;NOVA IGUACU;Rea��o tardia ou ineficiente do condutor;Colis�o lateral mesmo sentido;Com V�timas Feridas;Pleno dia;Crescente;C�u Claro;M�ltipla;Reta;Sim;5;0;2;0;2;1;2;3;-22,7482589;-43,4429342;SPRF-RJ;DEL06-RJ;UOP01-DEL06-RJ;;;