id;data_inversa;dia_semana;horario;uf;br;km;municipio;causa_acidente;tipo_acidente;classificacao_acidente;fase_dia;sentido_via;condicao_metereologica;tipo_pista;tracado_via;uso_solo;pessoas;mortos;feridos_leves;feridos_graves;ilesos;ignorados;feridos;veiculos;latitude;longitude;regional;delegacia;uop;;;
723034;05/10/2025;domingo;20:45:00;SC;282;2;FLORIANOPOLIS;Rea��o tardia ou ineficiente do condutor;Colis�o lateral mesmo sentido;Com V�timas Feridas;Plena Noite;Decrescente;Nublado;Dupla;Reta;Sim;2;0;1;0;1;0;1;2;-27,603;-48,59;SPRF-SC;DEL01-SC;UOP01-DEL01-SC;;;
723035;05/10/2025;domingo;18:40:00;MG;116;189,8;CARAI;Transitar na contram�o;Colis�o lateral sentido oposto;Com V�timas Feridas;Plena Noite;Decrescente;C�u Claro;Simples;"Curva;Declive";N�o;2;0;1;1;0;0;2;2;-17,160268;-41,49541;SPRF-MG;DEL11-MG;UOP01-DEL11-MG;;;
723036;05/10/2025;domingo;20:32:00;BA;330;815;JITAUNA;Rea��o tardia ou ineficiente do condutor;Sa�da de leito carro��vel;Com V�timas Feridas;Plena Noite;Decrescente;C�u Claro;Simples;Curva;N�o;1;0;1;0;0;0;1;1;-14,00860611;-39,89886334;SPRF-BA;DEL03-BA;UOP01-DEL03-BA;;;
723037;05/10/2025;domingo;20:50:00;MG;262;359;JUATUBA;Aus�ncia de rea��o do condutor;Colis�o traseira;Com V�timas Feridas;Plena Noite;Crescente;C�u Claro;Dupla;Reta;Sim;2;0;1;0;1;0;1;2;-19,9723294;-44,29854568;SPRF-MG;DEL01-MG;UOP03-DEL01-MG;;;
723038;05/10/2025;domingo;21:00:00;RJ;116;177;SAO JOAO DE MERITI;Condutor deixou de manter dist�ncia do ve�culo da frente;Colis�o traseira;Com V�timas Feridas;Plena Noite;Crescente;C�u Claro;M�ltipla;Reta;N�o;3;0;1;1;1;0;2;2;-22,7813968;-43,3897854;SPRF-RJ;DEL06-RJ;UOP01-DEL06-RJ;;;
723039;05/10/2025;domingo;19:00:00;PB;405;4;UIRAUNA;Estacionar ou parar em local proibido;Colis�o traseira;Com V�timas Feridas;Plena Noite;Decrescente;C�u Claro;Simples;Aclive;N�o;2;0;0;1;1;0;1;2;-6,486035;-38,390225;SPRF-PB;DEL03-PB;UOP03-DEL03-PB;;;
723040;05/10/2025;domingo;20:40:00;PR;277;21,1;MORRETES;Velocidade Incompat�vel;Sa�da de leito carro��vel;Sem V�timas;Plena Noite;Decrescente;Nublado;Dupla;Reta;N�o;1;0;0;0;0;1;0;1;-25,5319061;-48,7176185;SPRF-PR;DEL01-PR;UOP05-DEL01-PR;;;
723041;05/10/2025;domingo;18:30:00;MS;262;408;TERENOS;Ingest�o de �lcool pelo condutor;Colis�o traseira;Sem V�timas;Plena Noite;Crescente;C�u Claro;Simples;Reta;N�o;2;0;0;0;2;0;0;2;-20,4389;-55,109;SPRF-MS;DEL01-MS;UOP03-DEL01-MS;;;
723042;05/10/2025;domingo;20:50:00;PE;101;58,5;RECIFE;Condutor deixou de manter dist�ncia do ve�culo da frente;Colis�o traseira;Com V�timas Feridas;Plena Noite;Crescente;Nublado;Dupla;"Reta;Declive";N�o;2;0;1;0;1;0;1;2;-7,9758616;-34,9237841;SPRF-PE;DEL01-PE;UOP02-DEL01-PE;;;
723043;05/10/2025;domingo;20:20:00;BA;235;347;JUAZEIRO;Transitar na contram�o;Colis�o frontal;Com V�timas Feridas;Plena Noite;Crescente;C�u Claro;Simples;Reta;Sim;2;0;0;1;0;1;1;2;-9,448327;-40,487155;SPRF-PE;DEL06-PE;UOP01-DEL06-PE;;;
723045;05/10/2025;domingo;22:02:00;GO;40;4;VALPARAISO DE GOIAS;Ingest�o de �lcool pelo condutor;Colis�o frontal;Sem V�timas;Plena Noite;Decrescente;C�u Claro;Dupla;"Aclive;Reta";Sim;2;0;0;0;2;0;0;2;-16,08473215;-47,98646875;SPRF-DF;DEL01-DF;UOP01-DEL01-DF;;;
723046;05/10/2025;domingo;20:35:00;PI;343;185,2;PIRIPIRI;Animais na Pista;Atropelamento de Animal;Com V�timas Feridas;Plena Noite;Decrescente;C�u Claro;Simples;Reta;Sim;1;0;1;0;0;0;1;1;-4,27936891;-41,76352356;SPRF-PI;DEL02-PI;UOP01-DEL02-PI;;;
723048;05/10/2025;domingo;21:30:00;SC;101;21;JOINVILLE;Manobra de mudan�a de faixa;Capotamento;Com V�timas Feridas;Plena Noite;Crescente;C�u Claro;Dupla;Reta;Sim;4;0;3;0;1;0;3;1;-26,142838;-48,904848;SPRF-SC;DEL03-SC;UOP01-DEL03-SC;;;
723049;05/10/2025;domingo;18:45:00;PB;230;77;SOBRADO;Acesso irregular;Colis�o transversal;Com V�timas Feridas;Plena Noite;Decrescente;C�u Claro;Dupla;Reta;N�o;2;0;0;1;1;0;1;2;-7,184573;-35,298497;SPRF-PB;DEL01-PB;UOP02-DEL01-PB;;;
723050;05/10/2025;domingo;17:20:00;PI;222;24,9;PIRIPIRI;Aus�ncia de rea��o do condutor;Sa�da de leito carro��vel;Com V�timas Feridas;Pleno dia;Decrescente;C�u Claro;Simples;Reta;N�o;3;0;0;2;0;1;2;2;-4,31510466;-41,77764614;SPRF-PI;DEL02-PI;UOP01-DEL02-PI;;;
723051;05/10/2025;domingo;22:05:00;TO;230;143;ARAGUATINS;Aus�ncia de rea��o do condutor;Colis�o transversal;Com V�timas Feridas;Plena Noite;Crescente;C�u Claro;Simples;Reta;N�o;2;0;0;1;1;0;1;2;-5,77039176;-48,03942394;SPRF-TO;DEL02-TO;UOP03-DEL02-TO;;;
723052;05/10/2025;domingo;20:50:00;SC;101;146;ITAPEMA;Aus�ncia de rea��o do condutor;Colis�o traseira;Com V�timas Feridas;Plena Noite;Decrescente;Nublado;Dupla;Reta;Sim;2;0;1;0;1;0;1;1;-27,089527;-48,61377;SPRF-SC;DEL04-SC;UOP03-DEL04-SC;;;
723053;05/10/2025;domingo;19:40:00;SP;101;46,2;UBATUBA;Condutor usando celular;Colis�o lateral sentido oposto;Com V�timas Feridas;Plena Noite;Crescente;Nublado;Simples;Reta;Sim;2;0;1;0;0;1;1;2;-23,42360236;-45,0744137;SPRF-SP;DEL06-SP;UOP01-DEL06-SP;;;
723054;05/10/2025;domingo;21:15:00;ES;101;287,8;CARIACICA;Aus�ncia de rea��o do condutor;Colis�o com objeto;Sem V�timas;Plena Noite;Crescente;Nublado;Dupla;"Reta;Declive";N�o;1;0;0;0;1;0;0;1;-20,25243581;-40,37305773;SPRF-ES;DEL01-ES;UOP01-DEL01-ES;;;
723055;05/10/2025;domingo;21:00:00;MG;116;412,8;GOVERNADOR VALADARES;Ultrapassagem Indevida;Colis�o lateral mesmo sentido;Com V�timas Feridas;Plena Noite;Decrescente;Ignorado;Simples;"Reta;Aclive";Sim;3;0;2;0;1;0;2;3;-18,87880477;-41,96146309;SPRF-MG;DEL06-MG;UOP01-DEL06-MG;;;
723056;05/10/2025;domingo;18:30:00;MG;116;662,8;SAO FRANCISCO DO GLORIA;Animais na Pista;Atropelamento de Animal;Com V�timas Feridas;Anoitecer;Crescente;C�u Claro;Simples;"Declive;Reta";N�o;3;0;2;0;1;0;2;1;-20,815057;-42,316373;SPRF-MG;DEL07-MG;UOP02-DEL07-MG;;;
723058;05/10/2025;domingo;22:00:00;ES;101;159,4;LINHARES;Aus�ncia de rea��o do condutor;Colis�o transversal;Com V�timas Feridas;Plena Noite;Decrescente;C�u Claro;Simples;Reta;Sim;3;0;2;0;1;0;2;2;-19,47522719;-40,11333704;SPRF-ES;DEL04-ES;UOP01-DEL04-ES;;;
723059;05/10/2025;domingo;22:15:00;PR;376;624;SAO JOSE DOS PINHAIS;Aus�ncia de rea��o do condutor;Sa�da de leito carro��vel;Com V�timas Feridas;Plena Noite;Decrescente;C�u Claro;Dupla;Reta;Sim;3;0;1;0;2;0;1;1;-25,65501;-49,15828;SPRF-PR;DEL01-PR;UOP04-DEL01-PR;;;
723060;05/10/2025;domingo;22:10:00;RN;101;104;PARNAMIRIM;Ingest�o de �lcool pelo condutor;Colis�o com objeto;Com V�timas Feridas;Plena Noite;Crescente;C�u Claro;Dupla;Curva;Sim;2;0;1;1;0;0;2;1;-5,8941;-35,258105;SPRF-RN;DEL01-RN;UOP01-DEL01-RN;;;
723061;05/10/2025;domingo;18:00:00;PR;277;126,2;CAMPO LARGO;Condutor deixou de manter dist�ncia do ve�culo da frente;Tombamento;Com V�timas Feridas;Anoitecer;Crescente;C�u Claro;Dupla;"Declive;Reta";Sim;1;0;1;0;0;0;1;1;-25,43864623;-49,55140463;SPRF-PR;DEL03-PR;UOP03-DEL03-PR;;;
723063;05/10/2025;domingo;20:30:00;PE;104;9,9;TAQUARITINGA DO NORTE;Ingest�o de �lcool pelo condutor;Colis�o lateral sentido oposto;Com V�timas Feridas;Plena Noite;Crescente;C�u Claro;Simples;Reta;N�o;4;0;0;1;1;2;1;3;-7,87156326;-36,10525981;SPRF-PE;DEL02-PE;UOP01-DEL02-PE;;;
723064;05/10/2025;domingo;22:15:00;RJ;465;11;SEROPEDICA;Ilumina��o deficiente;Atropelamento de Pedestre;Com V�timas Feridas;Plena Noite;Crescente;Nublado;Simples;Declive;Sim;2;0;1;0;1;0;1;2;-22,794108;-43,647577;SPRF-RJ;DEL06-RJ;UOP02-DEL06-RJ;;;
723065;05/10/2025;domingo;22:15:00;SE;101;93;NOSSA SENHORA DO SOCORRO;Acesso irregular;Queda de ocupante de ve�culo;Com V�timas Fatais;Plena Noite;Decrescente;C�u Claro;Dupla;Reta;Sim;3;1;0;0;1;1;0;2;-10,902247;-37,145038;SPRF-SE;DEL01-SE;UOP01-DEL01-SE;;;
723066;05/10/2025;domingo;19:40:00;RJ;465;21;NOVA IGUACU;Ingest�o de �lcool pelo condutor;Colis�o transversal;Com V�timas Feridas;Plena Noite;Crescente;C�u Claro;Simples;Reta;Sim;2;0;1;0;1;0;1;2;-22,856381;-43,601901;SPRF-RJ;DEL06-RJ;UOP02-DEL06-RJ;;;
723067;05/10/2025;domingo;21:00:00;MA;230;426;BALSAS;Defici�ncia do Sistema de Ilumina��o/Sinaliza��o;Colis�o traseira;Com V�timas Feridas;Plena Noite;Decrescente;C�u Claro;Simples;Reta;N�o;2;0;0;1;1;0;1;2;-7,50003826;-46,1213264;SPRF-MA;DEL05-MA;UOP01-DEL05-MA;;;
723068;29/08/2025;sexta-feira;01:30:00;GO;364;16;SAO SIMAO;Condutor Dormindo;Sa�da de leito carro��vel;Com V�timas Feridas;Plena Noite;Crescente;Chuva;Simples;Curva;N�o;2;0;2;0;0;0;2;1;-18,9570533;-50,6209391;SPRF-GO;DEL05-GO;UOP02-DEL05-GO;;;
723069;05/10/2025;domingo;22:15:00;PB;230;93,2;GURINHEM;Animais na Pista;Sa�da de leito carro��vel;Com V�timas Feridas;Plena Noite;Crescente;C�u Claro;Dupla;Reta;N�o;4;0;2;2;0;0;4;1;-7,1802;-35,42707;SPRF-PB;DEL01-PB;UOP02-DEL01-PB;;;
723070;05/10/2025;domingo;22:00:00;MS;163;323;RIO BRILHANTE;Aus�ncia de rea��o do condutor;Tombamento;Com V�timas Feridas;Plena Noite;Crescente;C�u Claro;Simples;"Interse��o de Vias;Reta";N�o;1;0;1;0;0;0;1;1;-21,78095052;-54,52653117;SPRF-MS;DEL02-MS;UOP02-DEL02-MS;;;
723071;05/10/2025;domingo;19:00:00;MS;463;18;DOURADOS;Velocidade Incompat�vel;Colis�o com objeto;Sem V�timas;Plena Noite;Decrescente;C�u Claro;Simples;Rotat�ria;N�o;3;0;0;0;3;0;0;1;-22,24866703;-54,97061849;SPRF-MS;DEL04-MS;UOP03-DEL04-MS;;;
723072;05/10/2025;domingo;23:15:00;PR;116;9,2;CAMPINA GRANDE DO SUL;Ingest�o de �lcool pelo condutor;Colis�o traseira;Com V�timas Feridas;Plena Noite;Crescente;C�u Claro;Dupla;"Reta;Declive";Sim;2;0;1;0;1;0;1;2;-25,3702127;-49,12136436;SPRF-PR;DEL01-PR;UOP02-DEL01-PR;;;
723073;05/10/2025;domingo;23:05:00;SC;101;113,1;ITAJAI;Pedestre cruzava a pista fora da faixa;Atropelamento de Pedestre;Com V�timas Fatais;Plena Noite;Crescente;Nublado;M�ltipla;Reta;Sim;3;1;0;0;2;0;0;2;-26,86138639;-48,72823775;SPRF-SC;DEL04-SC;UOP04-DEL04-SC;;;
723074;05/10/2025;domingo;21:50:00;SC;470;66,4;INDAIAL;Transitar na contram�o;Colis�o frontal;Com V�timas Feridas;Plena Noite;Decrescente;C�u Claro;Simples;Reta;N�o;4;0;0;1;3;0;1;2;-26,87027;-49,22575;SPRF-SC;DEL04-SC;UOP01-DEL04-SC;;;
723075;07/09/2025;domingo;20:08:00;GO;40;12;LUZIANIA;Aus�ncia de rea��o do condutor;Colis�o traseira;Sem V�timas;Plena Noite;Decrescente;C�u Claro;Dupla;Reta;N�o;2;0;0;0;2;0;0;2;-16,1503065;-47,9402918;SPRF-DF;DEL01-DF;UOP01-DEL01-DF;;;
723077;05/10/2025;domingo;21:25:00;PE;407;104;PETROLINA;Aus�ncia de rea��o do condutor;Colis�o frontal;Com V�timas Feridas;Plena Noite;Crescente;C�u Claro;Simples;Reta;N�o;5;0;5;0;0;0;5;2;-9,221528;-40,627712;SPRF-PE;DEL06-PE;UOP01-DEL06-PE;;;
723078;06/10/2025;segunda-feira;00:20:00;RS;116;264;CANOAS;Rea��o tardia ou ineficiente do condutor;Colis�o traseira;Com V�timas Feridas;Plena Noite;Decrescente;Chuva;Dupla;"Declive;Em Obras";Sim;3;0;1;2;0;0;3;2;-29,91478669;-51,17743873;SPRF-RS;DEL01-RS;UOP01-DEL01-RS;;;
723079;05/10/2025;domingo;19:30:00;PI;235;310,5;MONTE ALEGRE DO PIAUI;Transitar na contram�o;Colis�o frontal;Com V�timas Feridas;Plena Noite;Decrescente;C�u Claro;Simples;Curva;N�o;4;0;1;2;0;1;3;2;-9,764522;-45,32224;SPRF-PI;DEL03-PI;UOP02-DEL03-PI;;;
723080;06/10/2025;segunda-feira;01:10:00;ES;101;147;LINHARES;Ingest�o de �lcool pelo condutor;Colis�o com objeto;Sem V�timas;Plena Noite;Crescente;Nublado;Dupla;Reta;N�o;1;0;0;0;0;1;0;1;-19,38704696;-40,06772058;SPRF-ES;DEL04-ES;UOP01-DEL04-ES;;;
723081;06/10/2025;segunda-feira;00:10:00;BA;116;779,3;PLANALTO;Animais na Pista;Atropelamento de Animal;Com V�timas Feridas;Plena Noite;Decrescente;Nublado;Simples;Reta;N�o;4;0;2;0;2;0;2;1;-14,674825;-40,496067;SPRF-BA;DEL08-BA;UOP02-DEL08-BA;;;
723082;06/10/2025;segunda-feira;01:30:00;PB;230;7,4;CABEDELO;Aus�ncia de rea��o do condutor;Colis�o com objeto;Com V�timas Feridas;Plena Noite;Decrescente;Vento;Simples;"Em Obras;Reta";N�o;1;0;0;1;0;0;1;1;-7,032002;-34,841065;SPRF-PB;DEL01-PB;UOP01-DEL01-PB;;;
723083;05/10/2025;domingo;22:00:00;RO;435;124;CEREJEIRAS;Ingest�o de �lcool pelo condutor;Colis�o frontal;Com V�timas Feridas;Plena Noite;Decrescente;C�u Claro;Simples;Reta;N�o;7;0;6;0;1;0;6;2;-13,18893174;-60,83548503;SPRF-RO;DEL04-RO;UOP02-DEL04-RO;;;
723084;06/10/2025;segunda-feira;02:25:00;BA;330;815;JITAUNA;Pedestre andava na pista;Atropelamento de Pedestre;Com V�timas Feridas;Plena Noite;Decrescente;Nublado;Simples;Reta;Sim;3;0;1;1;1;0;2;2;-14,01070805;-39,89520586;SPRF-BA;DEL03-BA;UOP01-DEL03-BA;;;
723085;05/10/2025;domingo;20:40:00;MT;163;1022;PEIXOTO DE AZEVEDO;Ultrapassagem Indevida;Colis�o frontal;Com V�timas Fatais;Pleno dia;Crescente;C�u Claro;Simples;Reta;N�o;5;1;2;0;2;0;2;2;-10,298344;-55,031906;SPRF-MT;DEL06-MT;UOP03-DEL06-MT;;;
723086;06/10/2025;segunda-feira;02:40:00;PB;230;26,3;JOAO PESSOA;Aus�ncia de rea��o do condutor;Tombamento;Com V�timas Feridas;Plena Noite;Decrescente;C�u Claro;M�ltipla;Reta;Sim;1;0;1;0;0;0;1;1;-7,169237;-34,880165;SPRF-PB;DEL01-PB;UOP01-DEL01-PB;;;
723087;06/10/2025;segunda-feira;01:40:00;BA;418;98;NOVA VICOSA;Animais na Pista;Atropelamento de Animal;Com V�timas Fatais;Plena Noite;Decrescente;C�u Claro;Simples;Reta;N�o;2;1;0;1;0;0;1;1;-17,902;-39,928;SPRF-BA;DEL09-BA;UOP02-DEL09-BA;;;
723089;06/10/2025;segunda-feira;00:15:00;MS;267;10;BATAGUASSU;Ingest�o de �lcool pelo condutor;Colis�o com objeto;Com V�timas Feridas;Plena Noite;Crescente;C�u Claro;Simples;Reta;N�o;1;0;1;0;0;0;1;1;-21,730547;-52,2366274;SPRF-MS;DEL02-MS;UOP04-DEL02-MS;;;
723091;06/10/2025;segunda-feira;01:00:00;PI;316;8;TERESINA;Aus�ncia de rea��o do condutor;Colis�o com objeto;Com V�timas Fatais;Plena Noite;Crescente;C�u Claro;M�ltipla;Reta;Sim;1;1;0;0;0;0;0;1;-5,2679334;-42,727561;SPRF-PI;DEL01-PI;UOP02-DEL01-PI;;;
723092;06/10/2025;segunda-feira;01:50:00;MG;356;264,7;MURIAE;Condutor Dormindo;Colis�o traseira;Com V�timas Feridas;Plena Noite;Decrescente;Nublado;Simples;Reta;Sim;4;0;2;0;2;0;2;2;-21,12421663;-42,37941742;SPRF-MG;DEL07-MG;UOP02-DEL07-MG;;;
723093;06/10/2025;segunda-feira;03:00:00;GO;70;12;AGUAS LINDAS DE GOIAS;Rea��o tardia ou ineficiente do condutor;Sa�da de leito carro��vel;Com V�timas Feridas;Plena Noite;Decrescente;C�u Claro;Dupla;Reta;Sim;3;0;1;0;0;2;1;2;-15,747285;-48,320445;SPRF-DF;DEL03-DF;UOP02-DEL03-DF;;;
723094;05/10/2025;domingo;19:06:00;SP;116;146,9;SAO JOSE DOS CAMPOS;Participar de racha;Colis�o traseira;Com V�timas Fatais;Plena Noite;Decrescente;C�u Claro;Dupla;"Interse��o de Vias;Declive;Reta;Em Obras";Sim;6;1;1;0;0;4;1;3;-23,19427476;-45,86928248;SPRF-SP;DEL02-SP;UOP01-DEL02-SP;;;
723095;06/10/2025;segunda-feira;02:00:00;SP;116;146,8;SAO JOSE DOS CAMPOS;Condutor Dormindo;Sa�da de leito carro��vel;Sem V�timas;Plena Noite;Crescente;C�u Claro;Dupla;"Aclive;Reta;Em Obras";Sim;1;0;0;0;1;0;0;1;-23,19397179;-45,8694027;SPRF-SP;DEL02-SP;UOP01-DEL02-SP;;;
723097;05/10/2025;domingo;20:51:00;MT;364;267;JACIARA;Ilumina��o deficiente;Sa�da de leito carro��vel;Com V�timas Feridas;Plena Noite;Decrescente;C�u Claro;Dupla;Reta;N�o;4;0;4;0;0;0;4;1;-15,99103469;-54,92546082;SPRF-MT;DEL02-MT;UOP01-DEL02-MT;;;
723098;05/10/2025;domingo;19:00:00;RO;364;687;CANDEIAS DO JAMARI;Aus�ncia de rea��o do condutor;Colis�o frontal;Com V�timas Fatais;Plena Noite;Crescente;Nublado;Simples;Reta;N�o;4;1;0;0;3;0;0;2;-8,79242;-63,650967;SPRF-RO;DEL01-RO;UOP01-DEL01-RO;;;
723099;06/10/2025;segunda-feira;03:30:00;PE;101;43;IGARASSU;Condutor Dormindo;Colis�o com objeto;Sem V�timas;Plena Noite;Decrescente;C�u Claro;Dupla;Reta;Sim;1;0;0;0;0;1;0;1;-7,85005;-34,9094;SPRF-PE;DEL01-PE;UOP02-DEL01-PE;;;
723100;06/10/2025;segunda-feira;05:00:00;DF;60;21;BRASILIA;Demais falhas mec�nicas ou el�tricas;Inc�ndio;Sem V�timas;Amanhecer;Decrescente;C�u Claro;Dupla;Reta;N�o;1;0;0;0;1;0;0;1;-15,981218;-48,208913;SPRF-DF;DEL03-DF;UOP01-DEL03-DF;;;
723101;06/10/2025;segunda-feira;02:30:00;GO;153;271;NOVA GLORIA;Objeto est�tico sobre o leito carro��vel;Colis�o com objeto;Com V�timas Feridas;Plena Noite;Crescente;C�u Claro;Simples;Reta;N�o;3;0;1;0;2;0;1;2;-15,09331131;-49,4721489;SPRF-GO;DEL07-GO;UOP02-DEL07-GO;;;
723102;05/10/2025;domingo;19:00:00;GO;80;140;BARRO ALTO;Demais falhas mec�nicas ou el�tricas;Queda de ocupante de ve�culo;Com V�timas Feridas;Plena Noite;Crescente;C�u Claro;Simples;Reta;N�o;2;0;1;0;1;0;1;1;-14,91993332;-48,95148087;SPRF-GO;DEL07-GO;UOP02-DEL07-GO;;;
723103;06/10/2025;segunda-feira;03:50:00;RO;364;715;PORTO VELHO;Curva acentuada;Queda de ocupante de ve�culo;Com V�timas Fatais;Plena Noite;Crescente;C�u Claro;Dupla;Curva;Sim;1;1;0;0;0;0;0;1;-8,78381626;-63,89735341;SPRF-RO;DEL01-RO;UOP01-DEL01-RO;;;
723105;06/10/2025;segunda-feira;05:30:00;SP;116;210,5;GUARULHOS;Rea��o tardia ou ineficiente do condutor;Colis�o lateral mesmo sentido;Com V�timas Feridas;Pleno dia;Crescente;C�u Claro;Dupla;Reta;Sim;2;0;2;0;0;0;2;2;-23,4237294;-46,4088264;SPRF-SP;DEL01-SP;UOP01-DEL01-SP;;;
723106;05/10/2025;domingo;20:50:00;SC;101;110;NAVEGANTES;Ingest�o de �lcool pelo condutor;Sa�da de leito carro��vel;Sem V�timas;Plena Noite;Decrescente;Garoa/Chuvisco;Dupla;Reta;N�o;1;0;0;0;0;1;0;1;-26,83552549;-48,71019093;SPRF-SC;DEL03-SC;UOP02-DEL03-SC;;;
723108;07/09/2025;domingo;09:00:00;ES;101;239,8;FUNDAO;Rea��o tardia ou ineficiente do condutor;Colis�o traseira;Com V�timas Feridas;Pleno dia;Crescente;Nublado;Simples;Reta;N�o;2;0;0;1;1;0;1;2;-20,0154185;-40,4041978;SPRF-ES;DEL02-ES;UOP01-DEL02-ES;;;
723109;06/10/2025;segunda-feira;06:15:00;RN;304;301;MACAIBA;Aus�ncia de rea��o do condutor;Colis�o com objeto;Com V�timas Feridas;Pleno dia;Crescente;C�u Claro;Dupla;"Desvio Tempor�rio;Reta";N�o;1;0;1;0;0;0;1;1;-5,8782456;-35,301361;SPRF-RN;DEL01-RN;UOP02-DEL01-RN;;;
723110;06/10/2025;segunda-feira;06:34:00;SC;101;213;PALHOCA;Condutor deixou de manter dist�ncia do ve�culo da frente;Colis�o lateral mesmo sentido;Com V�timas Feridas;Pleno dia;Crescente;Nublado;Dupla;Reta;Sim;2;0;0;1;1;0;1;2;-27,63709272;-48,66530148;SPRF-SC;DEL01-SC;UOP02-DEL01-SC;;;
723111;06/10/2025;segunda-feira;06:45:00;BA;101;501;ITABUNA;Acessar a via sem observar a presen�a dos outros ve�culos;Colis�o traseira;Com V�timas Feridas;Pleno dia;Crescente;Nublado;Simples;Reta;Sim;2;0;1;0;1;0;1;2;-14,76383382;-39,30094957;SPRF-BA;DEL05-BA;UOP01-DEL05-BA;;;
723112;06/10/2025;segunda-feira;06:55:00;BA;116;414;FEIRA DE SANTANA;Velocidade Incompat�vel;Colis�o traseira;Com V�timas Feridas;Pleno dia;Crescente;C�u Claro;Dupla;"Reta;Aclive";N�o;2;0;1;0;1;0;1;2;-12,161069;-38,964997;SPRF-BA;DEL02-BA;UOP01-DEL02-BA;;;
723114;06/10/2025;segunda-feira;07:05:00;MG;40;552,5;NOVA LIMA;Rea��o tardia ou ineficiente do condutor;Colis�o traseira;Com V�timas Feridas;Pleno dia;Decrescente;C�u Claro;Dupla;Reta;Sim;3;0;1;0;2;0;1;2;-20,06655335;-43,98065329;SPRF-MG;DEL01-MG;UOP02-DEL01-MG;;;
723116;06/10/2025;segunda-feira;06:50:00;AP;210;0,2;MACAPA;Condutor deixou de manter dist�ncia do ve�culo da frente;Colis�o traseira;Com V�timas Feridas;Pleno dia;Crescente;C�u Claro;Dupla;Reta;Sim;2;0;1;0;1;0;1;2;0,07784197;-51,06379557;SPRF-AP;DEL01-AP;UOP01-DEL01-AP;;;
723117;06/10/2025;segunda-feira;07:00:00;SP;153;61,8;SAO JOSE DO RIO PRETO;Rea��o tardia ou ineficiente do condutor;Colis�o traseira;Com V�timas Feridas;Pleno dia;Crescente;C�u Claro;Dupla;Reta;Sim;4;0;1;0;3;0;1;2;-20,810848;-49,356715;SPRF-SP;DEL09-SP;UOP01-DEL09-SP;;;
723118;06/10/2025;segunda-feira;07:00:00;PR;376;605;CURITIBA;Rea��o tardia ou ineficiente do condutor;Engavetamento;Sem V�timas;Pleno dia;Decrescente;C�u Claro;M�ltipla;Reta;Sim;3;0;0;0;3;0;0;3;-25,540755;-49,310835;SPRF-PR;DEL01-PR;UOP03-DEL01-PR;;;
723119;06/10/2025;segunda-feira;06:30:00;MG;262;665,9;ARAXA;Transitar na contram�o;Colis�o lateral sentido oposto;Com V�timas Feridas;Pleno dia;Crescente;C�u Claro;Simples;"Aclive;Curva";N�o;7;0;1;0;6;0;1;2;-19,55419;-46,85519;SPRF-MG;DEL08-MG;UOP01-DEL08-MG;;;
723120;06/10/2025;segunda-feira;00:05:00;GO;452;52,6;MAURILANDIA;Animais na Pista;Atropelamento de Animal;Com V�timas Feridas;Plena Noite;Decrescente;C�u Claro;Simples;Reta;N�o;1;0;1;0;0;0;1;1;-17,975293;-50,454195;SPRF-GO;DEL04-GO;UOP01-DEL04-GO;;;
723121;06/10/2025;segunda-feira;06:10:00;SC;101;277,7;IMBITUBA;Rea��o tardia ou ineficiente do condutor;Colis�o com objeto;Com V�timas Feridas;Pleno dia;Decrescente;C�u Claro;M�ltipla;Reta;Sim;1;0;1;0;0;0;1;1;-28,17590144;-48,69475063;SPRF-SC;DEL02-SC;UOP03-DEL02-SC;;;
723122;06/10/2025;segunda-feira;06:30:00;TO;235;204;FORTALEZA DO TABOCAO;Condutor Dormindo;Tombamento;Com V�timas Feridas;Pleno dia;Crescente;C�u Claro;Simples;Reta;N�o;1;0;1;0;0;0;1;1;-8,93527025;-48,45279694;SPRF-TO;DEL02-TO;UOP02-DEL02-TO;;;
723124;06/10/2025;segunda-feira;07:15:00;SC;280;33,3;ARAQUARI;Convers�o proibida;Colis�o transversal;Com V�timas Feridas;Pleno dia;Crescente;Nublado;Simples;Reta;N�o;2;0;1;0;1;0;1;2;-26,42817109;-48,79182212;SPRF-SC;DEL03-SC;UOP03-DEL03-SC;;;
723126;05/10/2025;domingo;20:20:00;RJ;116;63;TERESOPOLIS;Aus�ncia de rea��o do condutor;Sa�da de leito carro��vel;Sem V�timas;Plena Noite;Crescente;Nublado;Simples;Curva;N�o;1;0;0;0;1;0;0;1;-22,254105;-42,920406;SPRF-RJ;DEL04-RJ;UOP01-DEL04-RJ;;;
723127;06/10/2025;segunda-feira;07:00:00;RN;226;1,8;NATAL;Trafegar com motocicleta (ou similar) entre as faixas;Colis�o lateral mesmo sentido;Com V�timas Feridas;Pleno dia;Crescente;C�u Claro;Dupla;Curva;Sim;3;0;1;0;2;0;1;3;-5,813218;-35,246317;SPRF-RN;DEL01-RN;UOP02-DEL01-RN;;;
723128;06/10/2025;segunda-feira;07:40:00;PR;476;145;CURITIBA;Manobra de mudan�a de faixa;Colis�o lateral mesmo sentido;Com V�timas Feridas;Pleno dia;Decrescente;Nublado;Dupla;Reta;Sim;3;0;1;0;2;0;1;2;-25,551;-49,33;SPRF-PR;DEL01-PR;UOP06-DEL01-PR;;;
723129;06/10/2025;segunda-feira;07:50:00;PB;230;5;CABEDELO;Condutor deixou de manter dist�ncia do ve�culo da frente;Tombamento;Com V�timas Feridas;Pleno dia;Crescente;C�u Claro;M�ltipla;Reta;N�o;1;0;1;0;0;0;1;1;-7,01581671;-34,83397877;SPRF-PB;DEL01-PB;UOP01-DEL01-PB;;;