id;data_inversa;dia_semana;horario;uf;br;km;municipio;causa_acidente;tipo_acidente;classificacao_acidente;fase_dia;sentido_via;condicao_metereologica;tipo_pista;tracado_via;uso_solo;pessoas;mortos;feridos_leves;feridos_graves;ilesos;ignorados;feridos;veiculos;latitude;longitude;regional;delegacia;uop;;;
723369;07/10/2025;ter�a-feira;10:15:00;CE;116;37;HORIZONTE;Acessar a via sem observar a presen�a dos outros ve�culos;Colis�o transversal;Com V�timas Fatais;Pleno dia;Decrescente;C�u Claro;Dupla;Reta;Sim;6;1;0;0;5;0;0;2;-4,0783491;-38,4997868;SPRF-CE;DEL01-CE;UOP02-DEL01-CE;;;
723371;07/10/2025;ter�a-feira;10:10:00;RN;405;78;APODI;Rea��o tardia ou ineficiente do condutor;Colis�o traseira;Com V�timas Feridas;Pleno dia;Crescente;C�u Claro;Simples;Reta;Sim;3;0;0;1;2;0;1;2;-5,667607;-37,793082;SPRF-RN;DEL04-RN;UOP02-DEL04-RN;;;
723373;07/10/2025;ter�a-feira;12:00:00;PR;163;283;MARECHAL CANDIDO RONDON;Acessar a via sem observar a presen�a dos outros ve�culos;Colis�o lateral sentido oposto;Com V�timas Feridas;Pleno dia;Decrescente;C�u Claro;Dupla;"Interse��o de Vias;Reta;Viaduto";Sim;2;0;1;0;1;0;1;2;-24,5457267;-54,04395517;SPRF-PR;DEL06-PR;UOP02-DEL06-PR;;;
723374;07/10/2025;ter�a-feira;10:25:00;PR;158;538;PATO BRANCO;Aus�ncia de rea��o do condutor;Queda de ocupante de ve�culo;Com V�timas Feridas;Pleno dia;Crescente;C�u Claro;Simples;Curva;N�o;1;0;1;0;0;0;1;1;-26,25811299;-52,70865647;SPRF-PR;DEL02-PR;UOP01-DEL02-PR;;;
723375;07/10/2025;ter�a-feira;12:00:00;RS;470;177,1;VERANOPOLIS;�rea urbana sem a presen�a de local apropriado para a travessia de pedestres;Atropelamento de Pedestre;Com V�timas Feridas;Pleno dia;Crescente;C�u Claro;Simples;Reta;Sim;2;0;1;0;0;1;1;2;-28,89338004;-51,55025482;SPRF-RS;DEL06-RS;UOP02-DEL06-RS;;;
723376;07/10/2025;ter�a-feira;11:00:00;MG;40;548;NOVA LIMA;Velocidade Incompat�vel;Tombamento;Com V�timas Feridas;Pleno dia;Crescente;C�u Claro;Dupla;"Aclive;Reta";N�o;1;0;1;0;0;0;1;1;-20,03981794;-43,9672462;SPRF-MG;DEL01-MG;UOP02-DEL01-MG;;;
723377;07/10/2025;ter�a-feira;09:20:00;MT;70;1;BARRA DO GARCAS;Rea��o tardia ou ineficiente do condutor;Colis�o traseira;Sem V�timas;Pleno dia;Decrescente;C�u Claro;Simples;Interse��o de Vias;Sim;2;0;0;0;2;0;0;2;-15,89198856;-52,26139426;SPRF-MT;DEL07-MT;UOP01-DEL07-MT;;;
723381;07/10/2025;ter�a-feira;12:45:00;CE;116;39,2;HORIZONTE;Ingest�o de �lcool pelo condutor;Colis�o com objeto;Com V�timas Feridas;Pleno dia;Crescente;C�u Claro;Dupla;"Curva;Viaduto;Declive";Sim;1;0;1;0;0;0;1;1;-4,089983;-38,5037719;SPRF-CE;DEL01-CE;UOP02-DEL01-CE;;;
723382;07/10/2025;ter�a-feira;13:10:00;PR;277;31;MORRETES;Manobra de mudan�a de faixa;Sa�da de leito carro��vel;Com V�timas Feridas;Pleno dia;Crescente;Chuva;Dupla;Curva;N�o;4;0;3;0;1;0;3;1;-25,55991302;-48,80748774;SPRF-PR;DEL01-PR;UOP05-DEL01-PR;;;
723383;07/10/2025;ter�a-feira;10:40:00;PA;230;120;MARABA;Rea��o tardia ou ineficiente do condutor;Colis�o traseira;Com V�timas Feridas;Pleno dia;Crescente;C�u Claro;Dupla;"Reta;Ponte";Sim;2;0;1;0;1;0;1;2;-5,3547;-49,122;SPRF-PA;DEL03-PA;UOP01-DEL03-PA;;;
723384;07/10/2025;ter�a-feira;10:50:00;PR;376;431,1;TIBAGI;Aus�ncia de rea��o do condutor;Sa�da de leito carro��vel;Com V�timas Feridas;Pleno dia;Decrescente;Chuva;Dupla;Curva;N�o;2;0;0;1;1;0;1;1;-24,78963;-50,50422;SPRF-PR;DEL03-PR;UOP02-DEL03-PR;;;
723385;07/10/2025;ter�a-feira;12:50:00;SC;101;151,3;ITAPEMA;Estacionar ou parar em local proibido;Colis�o traseira;Com V�timas Feridas;Pleno dia;Decrescente;Nublado;M�ltipla;Reta;Sim;3;0;1;0;2;0;1;2;-27,12964;-48,60961;SPRF-SC;DEL04-SC;UOP03-DEL04-SC;;;
723386;07/10/2025;ter�a-feira;13:30:00;PR;280;256,9;MARMELEIRO;Desrespeitar a prefer�ncia no cruzamento;Colis�o transversal;Com V�timas Feridas;Pleno dia;Crescente;C�u Claro;M�ltipla;Interse��o de Vias;N�o;2;0;1;0;1;0;1;2;-26,16113892;-53,03979814;SPRF-PR;DEL02-PR;UOP01-DEL02-PR;;;
723387;07/10/2025;ter�a-feira;13:20:00;MG;116;407;GOVERNADOR VALADARES;Convers�o proibida;Colis�o transversal;Com V�timas Feridas;Pleno dia;Decrescente;Sol;Simples;Reta;N�o;2;0;2;0;0;0;2;2;-18,83128141;-41,98915601;SPRF-MG;DEL06-MG;UOP01-DEL06-MG;;;
723389;07/10/2025;ter�a-feira;09:50:00;PE;408;59;PAUDALHO;Avarias e/ou desgaste excessivo no pneu;Tombamento;Com V�timas Fatais;Pleno dia;Crescente;Sol;Dupla;Reta;N�o;2;1;0;1;0;0;1;1;-7,85955;-35,21366;SPRF-PE;DEL01-PE;UOP01-DEL01-PE;;;
723393;07/10/2025;ter�a-feira;14:00:00;MG;40;388;CURVELO;Demais falhas mec�nicas ou el�tricas;Inc�ndio;Sem V�timas;Pleno dia;Crescente;C�u Claro;Simples;Reta;N�o;1;0;0;0;1;0;0;1;-18,93723;-44,68374;SPRF-MG;DEL02-MG;UOP01-DEL02-MG;;;
723396;04/10/2025;s�bado;08:30:00;RJ;493;22;MAGE;Aus�ncia de rea��o do condutor;Queda de ocupante de ve�culo;Com V�timas Feridas;Pleno dia;Decrescente;C�u Claro;Simples;Reta;Sim;1;0;1;0;0;0;1;1;-22,65773;-43,05723;SPRF-RJ;DEL04-RJ;UOP02-DEL04-RJ;;;
723398;07/10/2025;ter�a-feira;12:18:00;CE;116;38;HORIZONTE;Condutor deixou de manter dist�ncia do ve�culo da frente;Colis�o traseira;Com V�timas Feridas;Pleno dia;Decrescente;C�u Claro;Dupla;"Reta;Aclive";N�o;6;0;3;0;3;0;3;3;-4,08060614;-38,49894762;SPRF-CE;DEL01-CE;UOP02-DEL01-CE;;;
723399;07/10/2025;ter�a-feira;12:40:00;PE;101;49;ABREU E LIMA;Desrespeitar a prefer�ncia no cruzamento;Colis�o transversal;Com V�timas Feridas;Pleno dia;Crescente;C�u Claro;M�ltipla;Interse��o de Vias;Sim;2;0;1;0;1;0;1;2;-7,90927558;-34,90210382;SPRF-PE;DEL01-PE;UOP02-DEL01-PE;;;
723400;06/10/2025;segunda-feira;06:30:00;MS;262;82;TRES LAGOAS;Demais falhas mec�nicas ou el�tricas;Inc�ndio;Sem V�timas;Pleno dia;Decrescente;C�u Claro;Simples;Reta;N�o;1;0;0;0;1;0;0;1;-20,63278425;-52,34298706;SPRF-MS;DEL07-MS;UOP02-DEL07-MS;;;
723402;07/10/2025;ter�a-feira;12:45:00;PR;116;15;CAMPINA GRANDE DO SUL;Velocidade Incompat�vel;Sa�da de leito carro��vel;Com V�timas Feridas;Pleno dia;Crescente;Chuva;Dupla;Curva;N�o;2;0;1;0;1;0;1;1;-25,0977504;-48,6791281;SPRF-PR;DEL01-PR;UOP02-DEL01-PR;;;
723404;07/10/2025;ter�a-feira;15:20:00;PE;407;130;PETROLINA;Condutor deixou de manter dist�ncia do ve�culo da frente;Colis�o traseira;Com V�timas Feridas;Pleno dia;Crescente;C�u Claro;Dupla;"Reta;Ponte";N�o;2;0;1;0;1;0;1;2;-9,4082017;-40,5049433;SPRF-PE;DEL06-PE;UOP01-DEL06-PE;;;
723406;07/10/2025;ter�a-feira;14:00:00;SP;116;430;REGISTRO;Velocidade Incompat�vel;Colis�o com objeto;Com V�timas Feridas;Pleno dia;Decrescente;Chuva;Dupla;Reta;N�o;1;0;1;0;0;0;1;1;-24,409916;-47,750723;SPRF-SP;DEL05-SP;UOP01-DEL05-SP;;;
723408;07/10/2025;ter�a-feira;14:40:00;CE;116;21,7;AQUIRAZ;Rea��o tardia ou ineficiente do condutor;Colis�o traseira;Sem V�timas;Pleno dia;Decrescente;C�u Claro;Dupla;Reta;Sim;2;0;0;0;2;0;0;2;-3,9386569;-38,5088373;SPRF-CE;DEL01-CE;UOP02-DEL01-CE;;;
723413;07/10/2025;ter�a-feira;13:35:00;PR;277;572;CASCAVEL;Desrespeitar a prefer�ncia no cruzamento;Colis�o transversal;Com V�timas Feridas;Pleno dia;Decrescente;C�u Claro;Simples;"Curva;Retorno Regulamentado";N�o;3;0;2;1;0;0;3;2;-24,99762879;-53,29733431;SPRF-PR;DEL04-PR;UOP01-DEL04-PR;;;
723414;07/10/2025;ter�a-feira;16:00:00;PR;116;42;CAMPINA GRANDE DO SUL;Rea��o tardia ou ineficiente do condutor;Colis�o com objeto;Com V�timas Feridas;Pleno dia;Crescente;Garoa/Chuvisco;Dupla;Curva;N�o;5;0;1;0;4;0;1;1;-25,17771871;-48,87933254;SPRF-PR;DEL01-PR;UOP02-DEL01-PR;;;
723416;07/10/2025;ter�a-feira;14:50:00;RN;304;24,2;MOSSORO;Ingest�o de �lcool pelo condutor;Queda de ocupante de ve�culo;Com V�timas Feridas;Pleno dia;Decrescente;C�u Claro;Dupla;Rotat�ria;N�o;2;0;2;0;0;0;2;1;-5,066564;-37,331159;SPRF-RN;DEL04-RN;UOP02-DEL04-RN;;;
723418;07/10/2025;ter�a-feira;16:33:00;SP;116;221;GUARULHOS;Trafegar com motocicleta (ou similar) entre as faixas;Colis�o traseira;Com V�timas Feridas;Anoitecer;Crescente;Garoa/Chuvisco;M�ltipla;Reta;Sim;2;0;1;0;1;0;1;2;-23,46772845;-46,50718689;SPRF-SP;DEL01-SP;UOP01-DEL01-SP;;;
723420;07/10/2025;ter�a-feira;11:35:00;RJ;101;384;RIO DE JANEIRO;Avarias e/ou desgaste excessivo no pneu;Queda de ocupante de ve�culo;Com V�timas Feridas;Pleno dia;Decrescente;Nublado;Dupla;Reta;Sim;2;0;1;0;1;0;1;1;-22,880301;-43,627251;SPRF-RJ;DEL03-RJ;UOP01-DEL03-RJ;;;
723421;07/10/2025;ter�a-feira;15:20:00;PI;343;4,2;TERESINA;Aus�ncia de rea��o do condutor;Colis�o traseira;Com V�timas Feridas;Pleno dia;Crescente;C�u Claro;M�ltipla;Reta;N�o;3;0;2;0;0;1;2;2;-5,08006236;-42,78685236;SPRF-PI;DEL01-PI;UOP01-DEL01-PI;;;
723426;07/10/2025;ter�a-feira;17:27:00;SP;116;229;SAO PAULO;Trafegar com motocicleta (ou similar) entre as faixas;Colis�o traseira;Com V�timas Feridas;Pleno dia;Decrescente;C�u Claro;M�ltipla;Reta;Sim;2;0;0;1;1;0;1;2;-23,5100891;-46,57341449;SPRF-SP;DEL01-SP;UOP01-DEL01-SP;;;
723427;07/10/2025;ter�a-feira;17:01:00;MG;381;521,3;BRUMADINHO;Aus�ncia de rea��o do condutor;Colis�o com objeto;Com V�timas Feridas;Pleno dia;Decrescente;C�u Claro;Dupla;"Aclive;Curva";N�o;1;0;1;0;0;0;1;1;-20,121412;-44,301703;SPRF-MG;DEL04-MG;UOP03-DEL04-MG;;;
723430;07/10/2025;ter�a-feira;17:00:00;GO;60;421,9;RIO VERDE;Aus�ncia de rea��o do condutor;Sa�da de leito carro��vel;Com V�timas Feridas;Anoitecer;Crescente;Chuva;Dupla;"Declive;Curva";N�o;1;0;1;0;0;0;1;1;-17,81358;-51,266792;SPRF-GO;DEL04-GO;UOP02-DEL04-GO;;;
723432;07/10/2025;ter�a-feira;17:15:00;GO;414;434;ANAPOLIS;Avarias e/ou desgaste excessivo no pneu;Queda de ocupante de ve�culo;Com V�timas Feridas;Pleno dia;Crescente;C�u Claro;Simples;Declive;N�o;1;0;1;0;0;0;1;1;-16,231483;-48,929788;SPRF-GO;DEL02-GO;UOP01-DEL02-GO;;;
723433;07/10/2025;ter�a-feira;06:05:00;RJ;101;328;NITEROI;Condutor deixou de manter dist�ncia do ve�culo da frente;Colis�o lateral mesmo sentido;Com V�timas Feridas;Pleno dia;Decrescente;C�u Claro;Dupla;Reta;N�o;4;0;1;0;3;0;1;2;-22,8818944;-43,1128576;SPRF-RJ;DEL02-RJ;UOP01-DEL02-RJ;;;
723434;07/10/2025;ter�a-feira;17:15:00;RJ;101;398;ITAGUAI;Chuva;Queda de ocupante de ve�culo;Com V�timas Feridas;Anoitecer;Crescente;Chuva;M�ltipla;Reta;Sim;2;0;1;0;1;0;1;1;-22,86505958;-43,75197884;SPRF-RJ;DEL03-RJ;UOP01-DEL03-RJ;;;
723435;07/10/2025;ter�a-feira;17:20:00;PI;343;11;PARNAIBA;Acessar a via sem observar a presen�a dos outros ve�culos;Colis�o transversal;Com V�timas Feridas;Plena Noite;Crescente;C�u Claro;Dupla;"Retorno Regulamentado;Reta";Sim;2;0;0;1;1;0;1;2;-2,9046185;-41,7534392;SPRF-PI;DEL05-PI;UOP01-DEL05-PI;;;
723436;07/10/2025;ter�a-feira;11:50:00;RJ;101;334;RIO DE JANEIRO;Avarias e/ou desgaste excessivo no pneu;Tombamento;Com V�timas Feridas;Pleno dia;Crescente;Nublado;Dupla;"Curva;Declive";Sim;2;0;2;0;0;0;2;1;-22,88635;-43,217536;SPRF-RJ;DEL02-RJ;UOP01-DEL02-RJ;;;
723437;07/10/2025;ter�a-feira;15:30:00;GO;70;121;JARAGUA;Rea��o tardia ou ineficiente do condutor;Sa�da de leito carro��vel;Com V�timas Feridas;Pleno dia;Crescente;C�u Claro;Simples;Reta;N�o;2;0;2;0;0;0;2;1;-15,821218;-49,2222;SPRF-GO;DEL02-GO;UOP02-DEL02-GO;;;
723439;07/10/2025;ter�a-feira;17:30:00;RN;304;37;MOSSORO;Demais falhas mec�nicas ou el�tricas;Inc�ndio;Sem V�timas;Anoitecer;Crescente;C�u Claro;Dupla;Reta;Sim;1;0;0;0;1;0;0;1;-5,17309306;-37,36071146;SPRF-RN;DEL04-RN;UOP02-DEL04-RN;;;
723441;07/10/2025;ter�a-feira;16:21:00;PE;232;79;GRAVATA;Acessar a via sem observar a presen�a dos outros ve�culos;Atropelamento de Pedestre;Com V�timas Feridas;Anoitecer;Crescente;C�u Claro;Dupla;Reta;Sim;2;0;0;1;1;0;1;2;-8,19574708;-35,56993095;SPRF-PE;DEL02-PE;UOP02-DEL02PE;;;
723442;07/10/2025;ter�a-feira;18:00:00;PI;316;27;DEMERVAL LOBAO;Avarias e/ou desgaste excessivo no pneu;Tombamento;Com V�timas Feridas;Anoitecer;Crescente;C�u Claro;Dupla;Reta;N�o;2;0;2;0;0;0;2;1;-5,32551709;-42,6986745;SPRF-PI;DEL01-PI;UOP02-DEL01-PI;;;
723445;07/10/2025;ter�a-feira;17:50:00;PR;277;122;CAMPO LARGO;Manobra de mudan�a de faixa;Colis�o lateral sentido oposto;Com V�timas Feridas;Anoitecer;Crescente;Nublado;Dupla;Reta;N�o;2;0;1;0;1;0;1;2;-25,44501;-49,497715;SPRF-PR;DEL03-PR;UOP03-DEL03-PR;;;
723447;07/10/2025;ter�a-feira;17:36:00;RS;470;177,1;VERANOPOLIS;Acessar a via sem observar a presen�a dos outros ve�culos;Colis�o transversal;Com V�timas Feridas;Pleno dia;Decrescente;C�u Claro;Simples;"Interse��o de Vias;Reta";Sim;2;0;1;0;0;1;1;2;-28,93695479;-51,54325631;SPRF-RS;DEL06-RS;UOP02-DEL06-RS;;;
723448;07/10/2025;ter�a-feira;17:50:00;BA;116;413;FEIRA DE SANTANA;Ingest�o de �lcool pelo condutor;Tombamento;Com V�timas Feridas;Plena Noite;Decrescente;C�u Claro;Dupla;Reta;Sim;1;0;1;0;0;0;1;1;-12,15066073;-38,96453861;SPRF-BA;DEL02-BA;UOP01-DEL02-BA;;;
723450;07/10/2025;ter�a-feira;15:40:00;RJ;40;120;DUQUE DE CAXIAS;Manobra de mudan�a de faixa;Colis�o lateral mesmo sentido;Com V�timas Feridas;Pleno dia;Decrescente;Nublado;Dupla;Reta;Sim;2;0;1;0;1;0;1;2;-22,7721;-43,28593;SPRF-RJ;DEL01-RJ;UOP02-DEL01-RJ;;;
723451;07/10/2025;ter�a-feira;16:20:00;RJ;40;122;DUQUE DE CAXIAS;Entrada inopinada do pedestre;Atropelamento de Pedestre;Com V�timas Feridas;Pleno dia;Decrescente;Nublado;M�ltipla;Reta;Sim;2;0;1;0;1;0;1;2;-22,79276;-43,28658;SPRF-RJ;DEL01-RJ;UOP02-DEL01-RJ;;;
723454;07/10/2025;ter�a-feira;18:20:00;SP;116;149;SAO JOSE DOS CAMPOS;Trafegar com motocicleta (ou similar) entre as faixas;Colis�o lateral mesmo sentido;Com V�timas Feridas;Plena Noite;Crescente;C�u Claro;Dupla;Reta;N�o;2;0;1;0;1;0;1;2;-23,2054594;-45,88484413;SPRF-SP;DEL02-SP;UOP01-DEL02-SP;;;
723455;07/10/2025;ter�a-feira;17:50:00;MG;50;20,3;UBERLANDIA;Velocidade Incompat�vel;Colis�o traseira;Com V�timas Feridas;Anoitecer;Crescente;C�u Claro;Dupla;Reta;Sim;3;0;0;1;2;0;1;2;-18,9370991;-48,21018577;SPRF-MG;DEL15-MG;UOP01-DEL15-MG;;;
723456;07/10/2025;ter�a-feira;17:00:00;SP;116;142;SAO JOSE DOS CAMPOS;Condutor deixou de manter dist�ncia do ve�culo da frente;Colis�o traseira;Com V�timas Feridas;Pleno dia;Crescente;C�u Claro;Dupla;Reta;Sim;3;0;2;0;1;0;2;2;-23,17466562;-45,83051845;SPRF-SP;DEL02-SP;UOP01-DEL02-SP;;;
723458;07/10/2025;ter�a-feira;18:15:00;GO;60;265;INDIARA;Aus�ncia de rea��o do condutor;Sa�da de leito carro��vel;Com V�timas Feridas;Anoitecer;Crescente;C�u Claro;Dupla;Reta;N�o;1;0;1;0;0;0;1;1;-17,19693;-50,084387;SPRF-GO;DEL01-GO;UOP02-DEL01-GO;;;
723459;07/10/2025;ter�a-feira;18:30:00;GO;153;436;ANAPOLIS;Rea��o tardia ou ineficiente do condutor;Colis�o traseira;Com V�timas Feridas;Plena Noite;Crescente;C�u Claro;Dupla;"Aclive;Curva";Sim;3;0;0;1;2;0;1;2;-16,288632;-48,937932;SPRF-GO;DEL02-GO;UOP01-DEL02-GO;;;
723463;07/10/2025;ter�a-feira;19:00:00;RS;116;152;CAXIAS DO SUL;Ingest�o de �lcool pelo condutor;Colis�o traseira;Sem V�timas;Plena Noite;Decrescente;C�u Claro;Dupla;Reta;Sim;2;0;0;0;2;0;0;2;-29,17812598;-51,16238443;SPRF-RS;DEL05-RS;UOP01-DEL05-RS;;;
723464;07/10/2025;ter�a-feira;19:00:00;RJ;101;473;ANGRA DOS REIS;Rea��o tardia ou ineficiente do condutor;Colis�o transversal;Com V�timas Feridas;Plena Noite;Decrescente;Chuva;M�ltipla;Interse��o de Vias;Sim;2;0;1;0;1;0;1;2;-22,990207;-44,242785;SPRF-RJ;DEL03-RJ;UOP03-DEL03-RJ;;;
723465;07/10/2025;ter�a-feira;18:40:00;MG;381;943,8;EXTREMA;Condutor deixou de manter dist�ncia do ve�culo da frente;Colis�o traseira;Com V�timas Feridas;Plena Noite;Crescente;C�u Claro;Dupla;Reta;N�o;3;0;1;0;2;0;1;3;-22,85910869;-46,34057236;SPRF-MG;DEL16-MG;UOP03-DEL16-MG;;;
723466;07/10/2025;ter�a-feira;19:10:00;SE;235;52,2;ITABAIANA;Pedestre cruzava a pista fora da faixa;Atropelamento de Pedestre;Com V�timas Feridas;Plena Noite;Crescente;C�u Claro;Simples;Reta;Sim;2;0;0;1;1;0;1;2;-10,69101434;-37,43835926;SPRF-SE;DEL01-SE;UOP02-DEL01-SE;;;
723468;07/10/2025;ter�a-feira;18:54:00;SC;470;46,3;GASPAR;Aus�ncia de rea��o do condutor;Colis�o lateral sentido oposto;Com V�timas Feridas;Plena Noite;Crescente;C�u Claro;Dupla;Em Obras;N�o;3;0;0;2;0;1;2;3;-26,86114925;-49,04079851;SPRF-SC;DEL04-SC;UOP01-DEL04-SC;;;
723470;07/10/2025;ter�a-feira;16:58:00;RJ;101;319;NITEROI;Aus�ncia de rea��o do condutor;Colis�o com objeto;Com V�timas Feridas;Pleno dia;Decrescente;C�u Claro;Dupla;Reta;N�o;1;0;1;0;0;0;1;1;-22,8818944;-43,1128576;SPRF-RJ;DEL02-RJ;UOP02-DEL02-RJ;;;
723471;07/10/2025;ter�a-feira;15:00:00;MA;135;8;SAO LUIS;Rea��o tardia ou ineficiente do condutor;Colis�o traseira;Com V�timas Feridas;Pleno dia;Crescente;C�u Claro;Dupla;Reta;N�o;1;0;1;0;0;0;1;1;-2,64832909;-44,27890331;SPRF-MA;DEL01-MA;UOP01-DEL01-MA;;;
723472;07/10/2025;ter�a-feira;19:20:00;GO;153;441;ANAPOLIS;Demais falhas mec�nicas ou el�tricas;Tombamento;Sem V�timas;Plena Noite;Crescente;C�u Claro;Dupla;Viaduto;Sim;2;0;0;0;0;2;0;1;-16,3235257;-48,92196715;SPRF-GO;DEL02-GO;UOP01-DEL02-GO;;;
723473;07/10/2025;ter�a-feira;19:25:00;PR;277;0,2;PARANAGUA;Acessar a via sem observar a presen�a dos outros ve�culos;Colis�o transversal;Com V�timas Feridas;Plena Noite;Crescente;Nublado;Dupla;Interse��o de Vias;Sim;3;0;0;1;1;1;1;3;-25,55641367;-48,56396763;SPRF-PR;DEL01-PR;UOP05-DEL01-PR;;;
723474;07/10/2025;ter�a-feira;17:45:00;BA;110;173;RIBEIRA DO POMBAL;Acessar a via sem observar a presen�a dos outros ve�culos;Colis�o transversal;Com V�timas Feridas;Anoitecer;Crescente;C�u Claro;Simples;"Interse��o de Vias;Reta;Declive";Sim;3;0;1;0;2;0;1;2;-10,829259;-38,532021;SPRF-BA;DEL07-BA;UOP02-DEL07-BA;;;
723475;07/10/2025;ter�a-feira;20:00:00;SC;101;215,4;PALHOCA;Manobra de mudan�a de faixa;Colis�o lateral mesmo sentido;Com V�timas Feridas;Plena Noite;Crescente;Chuva;Dupla;Reta;Sim;2;0;1;0;1;0;1;2;-27,65435192;-48,67826192;SPRF-SC;DEL01-SC;UOP02-DEL01-SC;;;
723477;04/10/2025;s�bado;03:30:00;RJ;40;109;DUQUE DE CAXIAS;Ingest�o de �lcool pelo condutor;Queda de ocupante de ve�culo;Com V�timas Feridas;Plena Noite;Crescente;C�u Claro;Dupla;Curva;N�o;2;0;1;0;0;1;1;1;-22,67478455;-43,28640103;SPRF-RJ;DEL01-RJ;UOP02-DEL01-RJ;;;
723478;07/10/2025;ter�a-feira;19:40:00;PI;316;11;TERESINA;Manobra de mudan�a de faixa;Colis�o lateral mesmo sentido;Com V�timas Feridas;Plena Noite;Crescente;C�u Claro;M�ltipla;Reta;Sim;4;0;1;1;1;1;2;3;-5,196005;-42,759707;SPRF-PI;DEL01-PI;UOP02-DEL01-PI;;;
723479;04/10/2025;s�bado;05:30:00;RS;116;405;CAMAQUA;Desvio tempor�rio;Sa�da de leito carro��vel;Com V�timas Feridas;Amanhecer;Crescente;Nublado;Dupla;"Desvio Tempor�rio;Reta;Em Obras";N�o;2;0;2;0;0;0;2;2;-30,90271837;-51,86529905;SPRF-RS;DEL02-RS;UOP02-DEL02-RS;;;
723481;07/10/2025;ter�a-feira;20:15:00;ES;259;5;JOAO NEIVA;Avarias e/ou desgaste excessivo no pneu;Tombamento;Com V�timas Feridas;Plena Noite;Crescente;C�u Claro;Simples;Reta;N�o;1;0;1;0;0;0;1;1;-19,7031989;-40,3821232;SPRF-ES;DEL02-ES;UOP01-DEL02-ES;;;
723482;07/10/2025;ter�a-feira;19:35:00;PE;101;50,5;ABREU E LIMA;Manobra de mudan�a de faixa;Colis�o lateral mesmo sentido;Sem V�timas;Plena Noite;Crescente;C�u Claro;M�ltipla;Reta;Sim;2;0;0;0;1;1;0;2;-7,91354271;-34,89972353;SPRF-PE;DEL01-PE;UOP02-DEL01-PE;;;
723483;07/10/2025;ter�a-feira;19:30:00;SC;101;23,9;SANTO AMARO DA IMPERATRIZ;Acessar a via sem observar a presen�a dos outros ve�culos;Colis�o lateral mesmo sentido;Com V�timas Feridas;Plena Noite;Decrescente;Nublado;Simples;"Reta;Interse��o de Vias";Sim;3;0;0;2;1;0;2;2;-27,685403;-48,74249;SPRF-SC;DEL03-SC;UOP01-DEL03-SC;;;
723484;07/10/2025;ter�a-feira;18:00:00;MA;222;211;ITAPECURU MIRIM;Ingest�o de �lcool pelo condutor;Atropelamento de Pedestre;Com V�timas Feridas;Anoitecer;Decrescente;C�u Claro;Simples;Reta;Sim;2;0;0;1;1;0;1;2;-3,371717;-44,387596;SPRF-MA;DEL01-MA;UOP02-DEL01-MA;;;
723485;07/10/2025;ter�a-feira;18:30:00;MG;116;507,8;GOVERNADOR VALADARES;Ingest�o de �lcool pelo condutor;Colis�o traseira;Com V�timas Feridas;Plena Noite;Decrescente;C�u Claro;Dupla;Reta;Sim;2;0;0;1;1;0;1;2;-18,83961972;-41,98671991;SPRF-MG;DEL06-MG;UOP02-DEL06-MG;;;
723487;07/10/2025;ter�a-feira;19:50:00;RS;386;387;TRIUNFO;Acessar a via sem observar a presen�a dos outros ve�culos;Colis�o traseira;Com V�timas Feridas;Plena Noite;Crescente;C�u Claro;Dupla;"Reta;Ponte";N�o;2;0;0;1;0;1;1;2;-29,69258358;-51,70259541;SPRF-RS;DEL04-RS;UOP02-DEL04-RS;;;
723488;07/10/2025;ter�a-feira;06:00:00;SC;101;129;CAMBORIU;Ingest�o de �lcool pelo condutor;Colis�o com objeto;Com V�timas Feridas;Pleno dia;Decrescente;Nublado;Dupla;Reta;N�o;3;0;1;1;0;1;2;1;-26,98103371;-48,67787216;SPRF-SC;DEL04-SC;UOP03-DEL04-SC;;;
723489;07/10/2025;ter�a-feira;20:35:00;DF;40;1;BRASILIA;Manobra de mudan�a de faixa;Colis�o lateral mesmo sentido;Com V�timas Feridas;Plena Noite;Crescente;C�u Claro;Dupla;Reta;Sim;2;0;1;0;1;0;1;2;-15,98961355;-47,98688471;SPRF-DF;DEL01-DF;UOP01-DEL01-DF;;;
723491;07/10/2025;ter�a-feira;19:00:00;AL;316;154;PALMEIRA DOS INDIOS;Acessar a via sem observar a presen�a dos outros ve�culos;Colis�o transversal;Com V�timas Feridas;Plena Noite;Decrescente;C�u Claro;Simples;Reta;Sim;4;0;0;1;1;2;1;3;-9,43168366;-36,64442539;SPRF-AL;DEL03-AL;UOP01-DEL03-AL;;;
723492;07/10/2025;ter�a-feira;21:00:00;RS;116;143;CAXIAS DO SUL;Rea��o tardia ou ineficiente do condutor;Atropelamento de Pedestre;Com V�timas Feridas;Plena Noite;Crescente;C�u Claro;M�ltipla;Reta;Sim;2;0;0;1;1;0;1;2;-29,12060948;-51,12266737;SPRF-RS;DEL05-RS;UOP01-DEL05-RS;;;
723493;07/10/2025;ter�a-feira;20:19:00;GO;153;557;PROFESSOR JAMIL;Objeto est�tico sobre o leito carro��vel;Colis�o com objeto;Com V�timas Feridas;Plena Noite;Crescente;C�u Claro;Dupla;Reta;N�o;2;0;0;1;1;0;1;1;-17,272775;-49,239847;SPRF-GO;DEL03-GO;UOP01-DEL03-GO;;;
723495;07/10/2025;ter�a-feira;22:32:00;SP;116;228;SAO PAULO;Aus�ncia de rea��o do condutor;Tombamento;Com V�timas Feridas;Anoitecer;Crescente;Ignorado;Dupla;Reta;Sim;1;0;1;0;0;0;1;1;-23,50631852;-46,57045174;SPRF-SP;DEL01-SP;UOP01-DEL01-SP;;;