id;data_inversa;dia_semana;horario;uf;br;km;municipio;causa_acidente;tipo_acidente;classificacao_acidente;fase_dia;sentido_via;condicao_metereologica;tipo_pista;tracado_via;uso_solo;pessoas;mortos;feridos_leves;feridos_graves;ilesos;ignorados;feridos;veiculos;latitude;longitude;regional;delegacia;uop;;;
723496;07/10/2025;ter�a-feira;22:00:00;RS;116;232;ESTANCIA VELHA;Velocidade Incompat�vel;Colis�o frontal;Com V�timas Fatais;Plena Noite;Decrescente;Nublado;Simples;"Aclive;Reta";N�o;4;1;1;0;2;0;1;4;-29,63328;-51,143215;SPRF-RS;DEL01-RS;UOP02-DEL01-RS;;;
723501;07/10/2025;ter�a-feira;18:20:00;RS;158;252;JULIO DE CASTILHOS;Ultrapassagem Indevida;Sa�da de leito carro��vel;Com V�timas Feridas;Pleno dia;Crescente;C�u Claro;Simples;Reta;N�o;2;0;1;0;1;0;1;1;-29,13586078;-53,65144221;SPRF-RS;DEL10-RS;UOP02-DEL10-RS;;;
723502;07/10/2025;ter�a-feira;22:10:00;SC;282;554,2;NOVA ITABERABA;Demais falhas mec�nicas ou el�tricas;Inc�ndio;Sem V�timas;Plena Noite;Crescente;C�u Claro;Simples;Retorno Regulamentado;N�o;1;0;0;0;0;1;0;1;-26,936298;-52,801495;SPRF-SC;DEL07-SC;UOP01-DEL07-SC;;;
723503;07/10/2025;ter�a-feira;22:15:00;PB;230;351;PATOS;Aus�ncia de rea��o do condutor;Colis�o traseira;Com V�timas Feridas;Plena Noite;Crescente;C�u Claro;Simples;Reta;N�o;10;0;1;0;9;0;1;2;-6,949064;-37,39531;SPRF-PB;DEL03-PB;UOP01-DEL03-PB;;;
723506;07/10/2025;ter�a-feira;20:20:00;PI;230;196;OEIRAS;Manobra de mudan�a de faixa;Colis�o transversal;Com V�timas Feridas;Plena Noite;Decrescente;Ignorado;Dupla;"Retorno Regulamentado;Reta";Sim;2;0;0;1;1;0;1;2;-7,008056;-42,124072;SPRF-PI;DEL04-PI;UOP01-DEL04-PI;;;
723507;07/10/2025;ter�a-feira;19:20:00;PI;316;315;PICOS;Animais na Pista;Atropelamento de Animal;Com V�timas Feridas;Plena Noite;Crescente;C�u Claro;Dupla;Reta;Sim;1;0;1;0;0;0;1;1;-7,08048279;-41,4279356;SPRF-PI;DEL04-PI;UOP01-DEL04-PI;;;
723509;07/10/2025;ter�a-feira;19:45:00;SP;381;69,6;MAIRIPORA;Objeto est�tico sobre o leito carro��vel;Colis�o com objeto;Com V�timas Feridas;Plena Noite;Decrescente;Nublado;Dupla;"Curva;Declive";N�o;1;0;1;0;0;0;1;1;-23,348736;-46,560816;SPRF-SP;DEL03-SP;UOP01-DEL03-SP;;;
723510;07/10/2025;ter�a-feira;22:05:00;SP;116;545;BARRA DO TURVO;Chuva;Colis�o com objeto;Sem V�timas;Plena Noite;Crescente;Garoa/Chuvisco;Simples;"Declive;Curva";N�o;1;0;0;0;1;0;0;1;-24,95733624;-48,4213264;SPRF-SP;DEL05-SP;UOP02-DEL05-SP;;;
723511;07/10/2025;ter�a-feira;22:00:00;SP;116;512;CAJATI;Chuva;Sa�da de leito carro��vel;Sem V�timas;Plena Noite;Decrescente;Garoa/Chuvisco;Simples;"Declive;Curva";N�o;2;0;0;0;2;0;0;1;-24,84708848;-48,21446085;SPRF-SP;DEL05-SP;UOP02-DEL05-SP;;;
723512;08/10/2025;quarta-feira;00:36:00;MS;158;283;TRES LAGOAS;Condutor Dormindo;Colis�o com objeto;Com V�timas Feridas;Plena Noite;Crescente;C�u Claro;Simples;Reta;N�o;1;0;1;0;0;0;1;1;-20,868939;-51,746517;SPRF-MS;DEL07-MS;UOP01-DEL07-MS;;;
723514;08/10/2025;quarta-feira;02:10:00;CE;116;42,9;HORIZONTE;Aus�ncia de rea��o do condutor;Colis�o com objeto;Com V�timas Feridas;Plena Noite;Crescente;C�u Claro;Dupla;Reta;Sim;1;0;1;0;0;0;1;1;-4,11657354;-38,48877668;SPRF-CE;DEL01-CE;UOP02-DEL01-CE;;;
723516;08/10/2025;quarta-feira;03:30:00;PB;230;300;SANTA LUZIA;Animais na Pista;Atropelamento de Animal;Sem V�timas;Plena Noite;Crescente;C�u Claro;Simples;"Declive;Reta";N�o;1;0;0;0;1;0;0;1;-6,908865;-37,005282;SPRF-PB;DEL03-PB;UOP01-DEL03-PB;;;
723517;07/10/2025;ter�a-feira;22:30:00;SE;101;84,6;NOSSA SENHORA DO SOCORRO;Animais na Pista;Atropelamento de Animal;Com V�timas Feridas;Plena Noite;Decrescente;C�u Claro;Dupla;Reta;N�o;1;0;1;0;0;0;1;1;-10,84662525;-37,13670731;SPRF-SE;DEL01-SE;UOP01-DEL01-SE;;;
723518;08/10/2025;quarta-feira;05:20:00;SC;101;198;BIGUACU;Aus�ncia de rea��o do condutor;Colis�o lateral mesmo sentido;Com V�timas Feridas;Amanhecer;Crescente;C�u Claro;M�ltipla;Reta;Sim;2;0;1;0;1;0;1;2;-27,52777724;-48,63446832;SPRF-SC;DEL01-SC;UOP01-DEL01-SC;;;
723520;08/10/2025;quarta-feira;05:35:00;SC;101;43,4;JOINVILLE;Velocidade Incompat�vel;Colis�o com objeto;Com V�timas Fatais;Amanhecer;Decrescente;Garoa/Chuvisco;Dupla;"Declive;Reta";N�o;2;1;0;0;0;1;0;2;-26,3357829;-48,8604311;SPRF-SC;DEL03-SC;UOP01-DEL03-SC;;;
723521;07/10/2025;ter�a-feira;17:30:00;PA;316;18;BENEVIDES;Pista Escorregadia;Tombamento;Com V�timas Feridas;Pleno dia;Crescente;C�u Claro;Dupla;Reta;Sim;2;0;1;0;0;1;1;2;-1,364625;-48,284805;SPRF-PA;DEL01-PA;UOP01-DEL01-PA;;;
723522;08/10/2025;quarta-feira;06:00:00;GO;60;163,7;GOIANIA;Velocidade Incompat�vel;Colis�o com objeto;Sem V�timas;Pleno dia;Decrescente;C�u Claro;Dupla;Reta;N�o;1;0;0;0;0;1;0;1;-16,711678;-49,355175;SPRF-GO;DEL01-GO;UOP02-DEL01-GO;;;
723525;08/10/2025;quarta-feira;06:00:00;MG;381;401,1;NOVA UNIAO;Velocidade Incompat�vel;Sa�da de leito carro��vel;Com V�timas Feridas;Amanhecer;Decrescente;Ignorado;Dupla;"Declive;Curva";N�o;1;0;0;1;0;0;1;1;-19,75260798;-43,53946209;SPRF-MG;DEL01-MG;UOP01-DEL01-MG;;;
723526;08/10/2025;quarta-feira;03:35:00;TO;153;141;ARAGUAINA;Ingest�o de �lcool pelo condutor;Queda de ocupante de ve�culo;Sem V�timas;Plena Noite;Decrescente;C�u Claro;M�ltipla;Reta;Sim;1;0;0;0;0;1;0;1;-7,17825;-48,221269;SPRF-TO;DEL02-TO;UOP01-DEL02-TO;;;
723527;08/10/2025;quarta-feira;06:30:00;RS;158;326;SANTA MARIA;Acostamento em desn�vel;Sa�da de leito carro��vel;Com V�timas Feridas;Pleno dia;Decrescente;C�u Claro;Dupla;"Aclive;Curva;Viaduto";N�o;3;0;2;0;1;0;2;2;-29,714766;-53,813595;SPRF-RS;DEL09-RS;UOP01-DEL09-RS;;;
723528;08/10/2025;quarta-feira;06:00:00;RJ;116;175;SAO JOAO DE MERITI;Aus�ncia de rea��o do condutor;Colis�o lateral mesmo sentido;Com V�timas Feridas;Pleno dia;Decrescente;Nublado;Dupla;Reta;Sim;5;0;0;1;4;0;1;3;-22,79349184;-43,36565495;SPRF-RJ;DEL06-RJ;UOP01-DEL06-RJ;;;
723529;08/10/2025;quarta-feira;06:18:00;SC;101;207,7;SAO JOSE;Rea��o tardia ou ineficiente do condutor;Tombamento;Com V�timas Feridas;Pleno dia;Decrescente;C�u Claro;M�ltipla;Reta;Sim;4;0;3;0;1;0;3;2;-27,60234;-48,62956;SPRF-SC;DEL01-SC;UOP01-DEL01-SC;;;
723531;08/10/2025;quarta-feira;06:20:00;DF;20;18,7;BRASILIA;Trafegar com motocicleta (ou similar) entre as faixas;Colis�o traseira;Com V�timas Feridas;Amanhecer;Decrescente;C�u Claro;Dupla;"Em Obras;Aclive;Reta";Sim;3;0;1;0;2;0;1;2;-15,61293144;-47,70363808;SPRF-DF;DEL02-DF;UOP01-DEL02-DF;;;
723532;07/10/2025;ter�a-feira;23:45:00;MG;116;694,7;MURIAE;Aus�ncia de rea��o do condutor;Colis�o com objeto;Com V�timas Feridas;Plena Noite;Decrescente;C�u Claro;Simples;Curva;N�o;1;0;1;0;0;0;1;1;-21,0785027;-42,3722405;SPRF-MG;DEL07-MG;UOP02-DEL07-MG;;;
723536;08/10/2025;quarta-feira;00:05:00;RJ;493;69;NOVA IGUACU;Aus�ncia de rea��o do condutor;Sa�da de leito carro��vel;Com V�timas Feridas;Pleno dia;Decrescente;Chuva;M�ltipla;Curva;N�o;2;0;2;0;0;0;2;1;-22,68276678;-43,47592592;SPRF-RJ;DEL01-RJ;UOP03-DEL01-RJ;;;
723538;08/10/2025;quarta-feira;07:15:00;RS;116;269;CANOAS;Condutor deixou de manter dist�ncia do ve�culo da frente;Colis�o traseira;Sem V�timas;Pleno dia;Decrescente;C�u Claro;Dupla;Reta;N�o;2;0;0;0;2;0;0;2;-29,9631308;-51,1757374;SPRF-RS;DEL01-RS;UOP01-DEL01-RS;;;
723539;08/10/2025;quarta-feira;06:35:00;MG;50;21;UBERLANDIA;Aus�ncia de rea��o do condutor;Colis�o traseira;Com V�timas Feridas;Pleno dia;Crescente;C�u Claro;Dupla;Reta;N�o;2;0;1;0;1;0;1;2;-18,937895;-48,216103;SPRF-MG;DEL15-MG;UOP01-DEL15-MG;;;
723540;08/10/2025;quarta-feira;06:20:00;ES;101;286;CARIACICA;Condutor deixou de manter dist�ncia do ve�culo da frente;Colis�o traseira;Com V�timas Feridas;Pleno dia;Decrescente;C�u Claro;Dupla;Reta;Sim;2;0;1;0;1;0;1;2;-20,259358;-40,377558;SPRF-ES;DEL01-ES;UOP01-DEL01-ES;;;
723542;08/10/2025;quarta-feira;05:50:00;PE;428;147;PETROLINA;Acessar a via sem observar a presen�a dos outros ve�culos;Colis�o traseira;Com V�timas Feridas;Amanhecer;Decrescente;Nublado;Simples;Reta;N�o;3;0;1;0;2;0;1;2;-9,050363;-40,29959;SPRF-PE;DEL06-PE;UOP01-DEL06-PE;;;
723543;08/10/2025;quarta-feira;07:18:00;SC;282;18,7;PALHOCA;Rea��o tardia ou ineficiente do condutor;Colis�o frontal;Com V�timas Feridas;Pleno dia;Decrescente;C�u Claro;Simples;"Reta;Viaduto";Sim;2;0;0;1;1;0;1;2;-27,677437;-48,700762;SPRF-SC;DEL01-SC;UOP02-DEL01-SC;;;
723544;08/10/2025;quarta-feira;07:06:00;RJ;356;158,8;CAMPOS DOS GOYTACAZES;Acessar a via sem observar a presen�a dos outros ve�culos;Colis�o transversal;Com V�timas Feridas;Pleno dia;Crescente;C�u Claro;Simples;"Reta;Interse��o de Vias";N�o;4;0;1;1;2;0;2;2;-21,735701;-41,197302;SPRF-RJ;DEL08-RJ;UOP02-DEL08-RJ;;;
723545;08/10/2025;quarta-feira;07:35:00;ES;101;148,9;LINHARES;Ingest�o de �lcool pelo condutor;Colis�o transversal;Com V�timas Feridas;Pleno dia;Decrescente;C�u Claro;M�ltipla;Reta;Sim;3;0;2;0;1;0;2;2;-19,39711198;-40,06360579;SPRF-ES;DEL04-ES;UOP01-DEL04-ES;;;
723547;08/10/2025;quarta-feira;07:40:00;RS;116;153;CAXIAS DO SUL;Condutor desrespeitou a ilumina��o vermelha do sem�foro;Colis�o transversal;Com V�timas Feridas;Pleno dia;Crescente;C�u Claro;Dupla;Reta;N�o;2;0;1;1;0;0;2;2;-29,186739;-51,178699;SPRF-RS;DEL05-RS;UOP01-DEL05-RS;;;
723548;08/10/2025;quarta-feira;07:00:00;PR;376;433;TIBAGI;Velocidade Incompat�vel;Colis�o com objeto;Com V�timas Feridas;Amanhecer;Crescente;Chuva;Dupla;Curva;N�o;2;0;1;0;1;0;1;1;-24,79798332;-50,49450584;SPRF-PR;DEL03-PR;UOP02-DEL03-PR;;;
723549;08/10/2025;quarta-feira;07:22:00;PB;230;15,5;JOAO PESSOA;Rea��o tardia ou ineficiente do condutor;Colis�o traseira;Com V�timas Feridas;Pleno dia;Decrescente;Sol;Dupla;Declive;Sim;3;0;1;0;2;0;1;3;-7,10402866;-34,84548593;SPRF-PB;DEL01-PB;UOP01-DEL01-PB;;;
723551;08/10/2025;quarta-feira;07:50:00;SC;101;208,2;SAO JOSE;Trafegar com motocicleta (ou similar) entre as faixas;Colis�o lateral mesmo sentido;Com V�timas Feridas;Pleno dia;Decrescente;C�u Claro;M�ltipla;Reta;Sim;2;0;0;1;0;1;1;2;-27,60983976;-48,63882959;SPRF-SC;DEL01-SC;UOP01-DEL01-SC;;;
723552;07/10/2025;ter�a-feira;18:00:00;RJ;465;5;SEROPEDICA;Transitar no Acostamento;Colis�o transversal;Com V�timas Feridas;Anoitecer;Decrescente;Garoa/Chuvisco;Simples;"Interse��o de Vias;Reta";Sim;3;0;2;0;1;0;2;2;-22,7474747;-43,69945726;SPRF-RJ;DEL06-RJ;UOP02-DEL06-RJ;;;
723553;08/10/2025;quarta-feira;08:20:00;ES;101;298,2;VIANA;Acessar a via sem observar a presen�a dos outros ve�culos;Colis�o transversal;Com V�timas Feridas;Pleno dia;Decrescente;C�u Claro;M�ltipla;Reta;Sim;3;0;0;2;1;0;2;2;-20,35507904;-40,41671991;SPRF-ES;DEL01-ES;UOP01-DEL01-ES;;;
723554;08/10/2025;quarta-feira;09:00:00;RS;290;96;PORTO ALEGRE;Aus�ncia de rea��o do condutor;Colis�o traseira;Com V�timas Feridas;Pleno dia;Crescente;C�u Claro;Dupla;Reta;Sim;3;0;1;0;2;0;1;3;-29,9868719;-51,2025013;SPRF-RS;DEL01-RS;UOP01-DEL01-RS;;;
723556;08/10/2025;quarta-feira;09:30:00;SP;381;20,8;BRAGANCA PAULISTA;Rea��o tardia ou ineficiente do condutor;Capotamento;Com V�timas Feridas;Pleno dia;Decrescente;Nublado;Dupla;Reta;N�o;2;0;1;0;1;0;1;1;-22,98839087;-46,5080591;SPRF-SP;DEL03-SP;UOP02-DEL03-SP;;;
723560;08/10/2025;quarta-feira;09:00:00;RS;101;38,9;TRES FORQUILHAS;Rea��o tardia ou ineficiente do condutor;Sa�da de leito carro��vel;Com V�timas Feridas;Pleno dia;Decrescente;C�u Claro;Dupla;Curva;N�o;2;0;1;1;0;0;2;1;-29,53685845;-50,01097798;SPRF-RS;DEL03-RS;UOP02-DEL03-RS;;;
723561;08/10/2025;quarta-feira;08:10:00;SC;101;108;PENHA;Aus�ncia de rea��o do condutor;Colis�o traseira;Com V�timas Feridas;Pleno dia;Crescente;C�u Claro;M�ltipla;Reta;N�o;2;0;1;0;1;0;1;2;-26,82732243;-48,6906217;SPRF-SC;DEL03-SC;UOP02-DEL03-SC;;;
723562;08/10/2025;quarta-feira;09:20:00;BA;324;624;SALVADOR;Condutor deixou de manter dist�ncia do ve�culo da frente;Colis�o traseira;Com V�timas Feridas;Pleno dia;Crescente;C�u Claro;M�ltipla;Reta;Sim;2;0;1;0;1;0;1;2;-12,940604;-38,471323;SPRF-BA;DEL01-BA;UOP01-DEL01-BA;;;
723564;08/10/2025;quarta-feira;09:05:00;SP;116;327;JUQUITIBA;Pista Escorregadia;Colis�o com objeto;Sem V�timas;Pleno dia;Decrescente;Garoa/Chuvisco;Dupla;Curva;N�o;1;0;0;0;1;0;0;1;-23,936453;-47,078802;SPRF-SP;DEL04-SP;UOP03-DEL04-SP;;;
723565;08/10/2025;quarta-feira;08:50:00;GO;40;6,3;VALPARAISO DE GOIAS;Ingest�o de �lcool pelo condutor;Colis�o lateral mesmo sentido;Com V�timas Feridas;Pleno dia;Decrescente;C�u Claro;Dupla;Reta;N�o;4;0;1;0;2;1;1;4;-16,10446;-47,97475;SPRF-DF;DEL01-DF;UOP01-DEL01-DF;;;
723568;02/10/2025;quinta-feira;11:20:00;MS;163;252;DOURADOS;Transitar na contram�o;Sa�da de leito carro��vel;Com V�timas Feridas;Pleno dia;Crescente;Nublado;Dupla;Reta;N�o;1;0;1;0;0;0;1;1;-22,283073;-54,822068;SPRF-MS;DEL04-MS;UOP02-DEL04-MS;;;
723569;08/10/2025;quarta-feira;10:00:00;PR;476;120,6;COLOMBO;Aus�ncia de rea��o do condutor;Colis�o traseira;Com V�timas Feridas;Pleno dia;Crescente;Chuva;Dupla;Reta;Sim;2;0;1;0;1;0;1;2;-25,37519978;-49,19393269;SPRF-PR;DEL01-PR;UOP01-DEL01-PR;;;
723570;26/09/2025;sexta-feira;14:35:00;RO;421;2,7;ARIQUEMES;Acessar a via sem observar a presen�a dos outros ve�culos;Colis�o transversal;Com V�timas Feridas;Pleno dia;Crescente;C�u Claro;Simples;"Interse��o de Vias;Reta";Sim;2;0;1;0;1;0;1;2;-9,928753;-63,075355;SPRF-RO;DEL03-RO;UOP01-DEL03-RO;;;
723571;08/10/2025;quarta-feira;10:21:00;SC;101;206;SAO JOSE;Manobra de mudan�a de faixa;Colis�o lateral mesmo sentido;Com V�timas Feridas;Pleno dia;Crescente;C�u Claro;Dupla;Reta;Sim;2;0;0;1;1;0;1;2;-27,5917295;-48,6183819;SPRF-SC;DEL01-SC;UOP01-DEL01-SC;;;
723573;08/10/2025;quarta-feira;09:00:00;SC;101;38,5;JOINVILLE;Manobra de mudan�a de faixa;Colis�o lateral mesmo sentido;Com V�timas Feridas;Pleno dia;Crescente;Garoa/Chuvisco;M�ltipla;Reta;Sim;2;0;1;0;1;0;1;2;-26,29571823;-48,8843414;SPRF-SC;DEL03-SC;UOP01-DEL03-SC;;;
723576;08/10/2025;quarta-feira;10:30:00;SC;101;206,2;SAO JOSE;Condutor deixou de manter dist�ncia do ve�culo da frente;Colis�o traseira;Com V�timas Feridas;Pleno dia;Decrescente;C�u Claro;M�ltipla;Reta;Sim;2;0;1;0;1;0;1;2;-27,59098322;-48,6180827;SPRF-SC;DEL01-SC;UOP01-DEL01-SC;;;
723577;08/10/2025;quarta-feira;09:30:00;RJ;101;50,8;CAMPOS DOS GOYTACAZES;Aus�ncia de rea��o do condutor;Colis�o traseira;Com V�timas Feridas;Pleno dia;Crescente;Nublado;Simples;Reta;Sim;2;0;1;0;1;0;1;2;-21,46969085;-41,33871248;SPRF-RJ;DEL08-RJ;UOP01-DEL08-RJ;;;
723578;08/10/2025;quarta-feira;11:30:00;PR;277;37,9;MORRETES;Rea��o tardia ou ineficiente do condutor;Sa�da de leito carro��vel;Sem V�timas;Pleno dia;Crescente;Chuva;Dupla;Curva;N�o;3;0;0;0;3;0;0;1;-25,5744;-48,8538;SPRF-PR;DEL01-PR;UOP05-DEL01-PR;;;
723579;08/10/2025;quarta-feira;08:35:00;RJ;116;141;DUQUE DE CAXIAS;Rea��o tardia ou ineficiente do condutor;Colis�o traseira;Com V�timas Feridas;Pleno dia;Crescente;Chuva;Dupla;Reta;N�o;5;0;1;0;4;0;1;2;-22,64726885;-43,2237396;SPRF-RJ;DEL01-RJ;UOP02-DEL01-RJ;;;
723585;08/10/2025;quarta-feira;12:30:00;RS;392;94;PELOTAS;Aus�ncia de rea��o do condutor;Sa�da de leito carro��vel;Com V�timas Feridas;Pleno dia;Decrescente;C�u Claro;Simples;Curva;N�o;2;0;1;0;1;0;1;1;-31,574907;-52,538247;SPRF-RS;DEL07-RS;UOP01-DEL07-RS;;;
723587;08/10/2025;quarta-feira;10:02:00;MA;230;400;BALSAS;Condutor deixou de manter dist�ncia do ve�culo da frente;Colis�o traseira;Sem V�timas;Pleno dia;Crescente;C�u Claro;Simples;Reta;Sim;2;0;0;0;2;0;0;2;-7,49907;-46,027421;SPRF-MA;DEL05-MA;UOP01-DEL05-MA;;;
723589;08/10/2025;quarta-feira;09:35:00;RJ;101;270;RIO BONITO;Convers�o proibida;Colis�o transversal;Com V�timas Feridas;Pleno dia;Crescente;Chuva;Simples;Reta;Sim;2;0;1;0;1;0;1;2;-22,71734954;-42,68364429;SPRF-RJ;DEL02-RJ;UOP03-DEL02-RJ;;;
723590;08/10/2025;quarta-feira;12:15:00;PR;116;15;COLOMBO;Chuva;Sa�da de leito carro��vel;Com V�timas Feridas;Pleno dia;Decrescente;Chuva;Dupla;Reta;Sim;1;0;1;0;0;0;1;1;-25,3846367;-49,16990161;SPRF-PR;DEL01-PR;UOP02-DEL01-PR;;;
723591;08/10/2025;quarta-feira;08:30:00;PE;232;155,2;SAO CAITANO;Avarias e/ou desgaste excessivo no pneu;Sa�da de leito carro��vel;Com V�timas Fatais;Pleno dia;Crescente;C�u Claro;Simples;Reta;N�o;3;1;1;0;1;0;1;1;-8,328917;-36,210115;SPRF-PE;DEL03-PE;UOP02-DEL03-PE;;;
723596;08/10/2025;quarta-feira;12:20:00;PR;153;25,5;JACAREZINHO;Mal s�bito do condutor;Colis�o com objeto;Com V�timas Feridas;Pleno dia;Decrescente;C�u Claro;Simples;"Reta;Declive";N�o;1;0;1;0;0;0;1;1;-23,20171026;-49,98478889;SPRF-PR;DEL07-PR;UOP04-DEL07-PR;;;
723599;08/10/2025;quarta-feira;13:40:00;SP;116;442;REGISTRO;Rea��o tardia ou ineficiente do condutor;Queda de ocupante de ve�culo;Com V�timas Feridas;Pleno dia;Decrescente;Chuva;Dupla;Reta;Sim;1;0;1;0;0;0;1;1;-24,4570351;-47,8144222;SPRF-SP;DEL05-SP;UOP01-DEL05-SP;;;
723600;08/10/2025;quarta-feira;14:00:00;GO;60;38;ALEXANIA;Rea��o tardia ou ineficiente do condutor;Sa�da de leito carro��vel;Com V�timas Feridas;Pleno dia;Decrescente;C�u Claro;Dupla;"Curva;Declive";N�o;2;0;2;0;0;0;2;1;-16,11505;-48,55446;SPRF-DF;DEL03-DF;UOP01-DEL03-DF;;;
723601;08/10/2025;quarta-feira;14:00:00;PB;101;41,9;MAMANGUAPE;Rea��o tardia ou ineficiente do condutor;Tombamento;Com V�timas Feridas;Pleno dia;Decrescente;C�u Claro;Dupla;"Reta;Declive";Sim;1;0;1;0;0;0;1;1;-6,85576533;-35,13438766;SPRF-PB;DEL01-PB;UOP03-DEL01-PB;;;
723603;03/09/2025;quarta-feira;19:45:00;TO;10;454;PALMAS;Aus�ncia de rea��o do condutor;Colis�o traseira;Com V�timas Feridas;Plena Noite;Crescente;C�u Claro;M�ltipla;Reta;Sim;4;0;2;1;1;0;3;2;-10,3095;-48,29715;SPRF-TO;DEL01-TO;UOP03-DEL01-TO;;;
723604;08/10/2025;quarta-feira;13:00:00;MT;70;283;PRIMAVERA DO LESTE;Acesso irregular;Queda de ocupante de ve�culo;Com V�timas Feridas;Pleno dia;Decrescente;C�u Claro;Simples;Reta;Sim;2;0;1;0;1;0;1;2;-15,57383333;-54,32304167;SPRF-MT;DEL05-MT;UOP01-DEL05-MT;;;
723606;08/10/2025;quarta-feira;13:50:00;PB;230;16,9;JOAO PESSOA;Condutor deixou de manter dist�ncia do ve�culo da frente;Colis�o traseira;Com V�timas Feridas;Pleno dia;Crescente;C�u Claro;Dupla;Reta;Sim;2;0;1;0;1;0;1;2;-7,111737;-34,842701;SPRF-PB;DEL01-PB;UOP01-DEL01-PB;;;
723609;08/10/2025;quarta-feira;14:34:00;PR;376;177,4;MARINGA;Pedestre andava na pista;Atropelamento de Pedestre;Com V�timas Feridas;Pleno dia;Crescente;C�u Claro;Dupla;Reta;Sim;3;0;1;0;2;0;1;3;-23,41477138;-51,92656724;SPRF-PR;DEL09-PR;UOP01-DEL09-PR;;;
723611;08/10/2025;quarta-feira;14:30:00;SP;116;189;SANTA ISABEL;Manobra de mudan�a de faixa;Colis�o traseira;Com V�timas Feridas;Pleno dia;Crescente;Nublado;Dupla;Reta;N�o;4;0;1;0;3;0;1;2;-23,366272;-46,229556;SPRF-SP;DEL01-SP;UOP01-DEL01-SP;;;
723612;08/10/2025;quarta-feira;13:50:00;BA;367;26;PORTO SEGURO;Transitar na contram�o;Colis�o transversal;Com V�timas Feridas;Pleno dia;Decrescente;Sol;Dupla;"Reta;Interse��o de Vias";Sim;3;0;0;1;2;0;1;2;-16,430431;-39,095573;SPRF-BA;DEL09-BA;UOP03-DEL09-BA;;;
723615;08/10/2025;quarta-feira;15:10:00;PB;230;41;SANTA RITA;Acessar a via sem observar a presen�a dos outros ve�culos;Colis�o lateral mesmo sentido;Sem V�timas;Pleno dia;Crescente;C�u Claro;Dupla;Retorno Regulamentado;N�o;2;0;0;0;2;0;0;2;-7,142657;-34,989725;SPRF-PB;DEL01-PB;UOP02-DEL01-PB;;;
723617;08/10/2025;quarta-feira;14:45:00;GO;60;106,5;GOIANAPOLIS;Demais Fen�menos da natureza;Eventos at�picos;Com V�timas Feridas;Pleno dia;Decrescente;C�u Claro;Dupla;"Declive;Reta";N�o;1;0;1;0;0;0;1;1;-16,42549509;-49,0148706;SPRF-GO;DEL02-GO;UOP01-DEL02-GO;;;
723618;08/10/2025;quarta-feira;15:30:00;RS;285;595;SANTO ANTONIO DAS MISSOES;Rea��o tardia ou ineficiente do condutor;Sa�da de leito carro��vel;Com V�timas Feridas;Pleno dia;Crescente;C�u Claro;Simples;Reta;N�o;1;0;1;0;0;0;1;1;-28,48272441;-55,21548271;SPRF-RS;DEL12-RS;UOP01-DEL12-RS;;;
723621;29/06/2025;domingo;09:50:00;MG;50;28;ARAGUARI;Rea��o tardia ou ineficiente do condutor;Queda de ocupante de ve�culo;Com V�timas Feridas;Pleno dia;Crescente;C�u Claro;Dupla;"Aclive;Curva";N�o;1;0;0;1;0;0;1;1;-18,53323889;-48,04296076;SPRF-MG;DEL15-MG;UOP02-DEL15-MG;;;
723622;08/10/2025;quarta-feira;16:00:00;RJ;116;181;NOVA IGUACU;Rea��o tardia ou ineficiente do condutor;Queda de ocupante de ve�culo;Com V�timas Feridas;Pleno dia;Crescente;Garoa/Chuvisco;M�ltipla;"Em Obras;Reta";Sim;1;0;1;0;0;0;1;1;-22,75890314;-43,42775194;SPRF-RJ;DEL06-RJ;UOP01-DEL06-RJ;;;
723627;08/10/2025;quarta-feira;15:15:00;MS;262;495;ANASTACIO;Avarias e/ou desgaste excessivo no pneu;Queda de ocupante de ve�culo;Com V�timas Feridas;Pleno dia;Decrescente;C�u Claro;Simples;Reta;N�o;2;0;2;0;0;0;2;1;-20,48201945;-55,9557724;SPRF-MS;DEL03-MS;UOP01-DEL03-MS;;;
723630;08/10/2025;quarta-feira;15:10:00;RJ;116;113;GUAPIMIRIM;Chuva;Sa�da de leito carro��vel;Com V�timas Feridas;Pleno dia;Decrescente;Chuva;Dupla;Reta;N�o;1;0;1;0;0;0;1;1;-22,56985958;-43,00318317;SPRF-RJ;DEL04-RJ;UOP02-DEL04-RJ;;;
723631;08/10/2025;quarta-feira;15:30:00;SP;116;351;MIRACATU;Chuva;Sa�da de leito carro��vel;Sem V�timas;Pleno dia;Crescente;Chuva;Dupla;Curva;N�o;1;0;0;0;1;0;0;1;-24,0135878;-47,16717348;SPRF-SP;DEL04-SP;UOP03-DEL04-SP;;;
723632;07/10/2025;ter�a-feira;18:40:00;GO;60;461;JATAI;Chuva;Sa�da de leito carro��vel;Com V�timas Feridas;Plena Noite;Crescente;Chuva;Dupla;Curva;N�o;6;0;6;0;0;0;6;1;-17,8747654;-51,6298514;SPRF-GO;DEL05-GO;UOP01-DEL05-GO;;;
723633;08/10/2025;quarta-feira;15:20:00;SP;116;161,9;JACAREI;Convers�o proibida;Engavetamento;Sem V�timas;Pleno dia;Decrescente;Nublado;M�ltipla;"Reta;Rotat�ria";Sim;4;0;0;0;4;0;0;4;-23,28002502;-45,98157533;SPRF-SP;DEL02-SP;UOP01-DEL02-SP;;;
723634;08/10/2025;quarta-feira;17:00:00;MG;50;68;UBERLANDIA;Aus�ncia de rea��o do condutor;Colis�o traseira;Com V�timas Feridas;Anoitecer;Crescente;Nublado;Dupla;Reta;Sim;3;0;1;0;2;0;1;2;-18,888185;-48,260272;SPRF-MG;DEL15-MG;UOP02-DEL15-MG;;;