id;data_inversa;dia_semana;horario;uf;br;km;municipio;causa_acidente;tipo_acidente;classificacao_acidente;fase_dia;sentido_via;condicao_metereologica;tipo_pista;tracado_via;uso_solo;pessoas;mortos;feridos_leves;feridos_graves;ilesos;ignorados;feridos;veiculos;latitude;longitude;regional;delegacia;uop;;;
723635;04/10/2025;s�bado;18:30:00;RJ;101;512,9;ANGRA DOS REIS;Rea��o tardia ou ineficiente do condutor;Colis�o lateral mesmo sentido;Com V�timas Feridas;Plena Noite;Crescente;C�u Claro;Simples;Reta;Sim;3;0;2;0;0;1;2;2;-22,9772905;-44,44627404;SPRF-RJ;DEL03-RJ;UOP03-DEL03-RJ;;;
723636;08/10/2025;quarta-feira;17:00:00;PR;369;500,5;CASCAVEL;Acessar a via sem observar a presen�a dos outros ve�culos;Colis�o transversal;Com V�timas Feridas;Pleno dia;Decrescente;Nublado;M�ltipla;"Aclive;Reta;Rotat�ria";Sim;2;0;1;0;1;0;1;2;-24,905895;-53,373988;SPRF-PR;DEL04-PR;UOP01-DEL04-PR;;;
723638;08/10/2025;quarta-feira;17:20:00;CE;20;404;CAUCAIA;Animais na Pista;Atropelamento de Animal;Com V�timas Feridas;Anoitecer;Crescente;C�u Claro;Simples;Reta;N�o;2;0;1;1;0;0;2;1;-3,77507994;-38,67923632;SPRF-CE;DEL01-CE;UOP01-DEL01-CE;;;
723639;08/10/2025;quarta-feira;16:10:00;MG;364;14,5;FRUTAL;Condutor Dormindo;Sa�da de leito carro��vel;Com V�timas Feridas;Pleno dia;Crescente;C�u Claro;Simples;Reta;N�o;1;0;1;0;0;0;1;1;-20,076575;-48,774806;SPRF-MG;DEL13-MG;UOP02-DEL13-MG;;;
723640;08/10/2025;quarta-feira;17:30:00;SP;116;161,9;JACAREI;Pista Escorregadia;Colis�o traseira;Com V�timas Feridas;Pleno dia;Decrescente;Chuva;Dupla;Reta;Sim;2;0;0;1;1;0;1;2;-23,27624403;-45,97601144;SPRF-SP;DEL02-SP;UOP01-DEL02-SP;;;
723641;08/10/2025;quarta-feira;16:18:00;PB;230;17;JOAO PESSOA;Pedestre cruzava a pista fora da faixa;Atropelamento de Pedestre;Com V�timas Feridas;Pleno dia;Decrescente;C�u Claro;Dupla;Reta;Sim;2;0;2;0;0;0;2;2;-7,11096641;-34,84277308;SPRF-PB;DEL01-PB;UOP01-DEL01-PB;;;
723643;02/09/2025;ter�a-feira;08:34:00;TO;153;140;ARAGUAINA;Velocidade Incompat�vel;Colis�o transversal;Com V�timas Feridas;Pleno dia;Decrescente;C�u Claro;M�ltipla;"Declive;Retorno Regulamentado";Sim;2;0;0;1;1;0;1;2;-7,173425;-48,21683166;SPRF-TO;DEL02-TO;UOP01-DEL02-TO;;;
723645;08/10/2025;quarta-feira;18:00:00;BA;116;422,8;FEIRA DE SANTANA;Rea��o tardia ou ineficiente do condutor;Tombamento;Com V�timas Feridas;Anoitecer;Crescente;C�u Claro;Dupla;Reta;Sim;1;0;1;0;0;0;1;1;-12,231175;-38,9695893;SPRF-BA;DEL02-BA;UOP01-DEL02-BA;;;
723646;08/10/2025;quarta-feira;17:25:00;SC;470;176;POUSO REDONDO;Convers�o proibida;Colis�o traseira;Com V�timas Feridas;Anoitecer;Crescente;C�u Claro;Simples;"Reta;Declive";N�o;2;0;0;1;1;0;1;2;-27,25217314;-49,95653836;SPRF-SC;DEL04-SC;UOP02-DEL04-SC;;;
723647;08/10/2025;quarta-feira;18:10:00;SC;282;2,9;FLORIANOPOLIS;Manobra de mudan�a de faixa;Colis�o lateral mesmo sentido;Com V�timas Feridas;Anoitecer;Crescente;C�u Claro;M�ltipla;Reta;Sim;3;0;2;0;1;0;2;2;-27,6021889;-48,59551337;SPRF-SC;DEL01-SC;UOP01-DEL01-SC;;;
723649;08/10/2025;quarta-feira;17:30:00;SP;381;71;MAIRIPORA;Chuva;Colis�o com objeto;Sem V�timas;Anoitecer;Crescente;Chuva;Dupla;"Aclive;Curva";N�o;1;0;0;0;1;0;0;1;-23,34824494;-46,56211853;SPRF-SP;DEL03-SP;UOP01-DEL03-SP;;;
723650;08/10/2025;quarta-feira;18:43:00;RN;101;103;PARNAMIRIM;Aus�ncia de rea��o do condutor;Colis�o lateral mesmo sentido;Com V�timas Feridas;Plena Noite;Decrescente;C�u Claro;Dupla;Interse��o de Vias;Sim;2;0;0;1;1;0;1;2;-5,8894861;-35,2368101;SPRF-RN;DEL01-RN;UOP01-DEL01-RN;;;
723651;08/10/2025;quarta-feira;18:20:00;SC;101;122;ITAJAI;Demais falhas mec�nicas ou el�tricas;Tombamento;Com V�timas Feridas;Plena Noite;Decrescente;Nublado;M�ltipla;Reta;Sim;2;0;2;0;0;0;2;1;-26,93696332;-48,699646;SPRF-SC;DEL04-SC;UOP04-DEL04-SC;;;
723652;08/10/2025;quarta-feira;17:36:00;BA;324;596;SIMOES FILHO;Aus�ncia de rea��o do condutor;Colis�o traseira;Com V�timas Feridas;Plena Noite;Crescente;C�u Claro;Dupla;Curva;N�o;3;0;2;0;1;0;2;2;-12,736267;-38,44019;SPRF-BA;DEL01-BA;UOP01-DEL01-BA;;;
723653;10/09/2025;quarta-feira;19:15:00;AL;316;257;PILAR;Acumulo de areia ou detritos sobre o pavimento;Sa�da de leito carro��vel;Com V�timas Fatais;Plena Noite;Decrescente;Nublado;Simples;Reta;N�o;1;1;0;0;0;0;0;1;-9,59131058;-35,92675058;SPRF-AL;DEL02-AL;UOP01-DEL02-AL;;;
723654;08/10/2025;quarta-feira;18:30:00;MG;262;30,3;REDUTO;Animais na Pista;Atropelamento de Animal;Com V�timas Feridas;Anoitecer;Decrescente;C�u Claro;Simples;Reta;N�o;1;0;0;1;0;0;1;1;-20,2554388;-42,0013143;SPRF-MG;DEL06-MG;UOP03-DEL06-MG;;;
723656;08/10/2025;quarta-feira;13:00:00;PR;163;155;SANTA LUCIA;Chuva;Sa�da de leito carro��vel;Com V�timas Feridas;Pleno dia;Decrescente;Chuva;Dupla;Curva;N�o;2;0;1;1;0;0;2;1;-25,40310525;-53,57478082;SPRF-PR;DEL05-PR;UOP05-DEL05-PR;;;
723657;08/10/2025;quarta-feira;18:40:00;DF;20;12;BRASILIA;Trafegar com motocicleta (ou similar) entre as faixas;Colis�o lateral mesmo sentido;Com V�timas Feridas;Plena Noite;Crescente;C�u Claro;Dupla;"Em Obras;Reta";Sim;2;0;1;0;1;0;1;2;-15,64290862;-47,75341988;SPRF-DF;DEL02-DF;UOP01-DEL02-DF;;;
723659;08/10/2025;quarta-feira;18:45:00;RS;470;230;CARLOS BARBOSA;Aus�ncia de rea��o do condutor;Colis�o traseira;Com V�timas Feridas;Anoitecer;Decrescente;C�u Claro;Simples;Reta;Sim;3;0;1;0;0;2;1;3;-29,27865904;-51,49250921;SPRF-RS;DEL06-RS;UOP01-DEL06-RS;;;
723660;08/10/2025;quarta-feira;19:15:00;GO;60;187;GUAPO;Entrada inopinada do pedestre;Colis�o transversal;Com V�timas Feridas;Plena Noite;Crescente;C�u Claro;Dupla;Reta;Sim;9;0;0;1;8;0;1;2;-16,82408517;-49,53502536;SPRF-GO;DEL01-GO;UOP02-DEL01-GO;;;
723661;08/10/2025;quarta-feira;19:00:00;MG;40;548,4;NOVA LIMA;Aus�ncia de rea��o do condutor;Colis�o lateral mesmo sentido;Com V�timas Feridas;Plena Noite;Decrescente;C�u Claro;Dupla;"Declive;Curva";N�o;2;0;1;0;1;0;1;2;-20,0405965;-43,96792352;SPRF-MG;DEL01-MG;UOP02-DEL01-MG;;;
723662;08/10/2025;quarta-feira;17:30:00;MS;158;300;TRES LAGOAS;Aus�ncia de rea��o do condutor;Sa�da de leito carro��vel;Com V�timas Feridas;Anoitecer;Crescente;Nublado;Dupla;Reta;N�o;1;0;0;1;0;0;1;1;-20,966216;-51,845374;SPRF-MS;DEL07-MS;UOP01-DEL07-MS;;;
723664;08/10/2025;quarta-feira;19:30:00;RS;116;245;SAO LEOPOLDO;Acessar a via sem observar a presen�a dos outros ve�culos;Colis�o lateral mesmo sentido;Com V�timas Feridas;Plena Noite;Decrescente;C�u Claro;M�ltipla;"Aclive;Reta";Sim;2;0;1;0;1;0;1;2;-29,75107739;-51,15122473;SPRF-RS;DEL01-RS;UOP02-DEL01-RS;;;
723665;08/10/2025;quarta-feira;17:50:00;BA;324;620;SALVADOR;Aus�ncia de rea��o do condutor;Colis�o traseira;Sem V�timas;Anoitecer;Crescente;C�u Claro;Dupla;Reta;Sim;2;0;0;0;2;0;0;2;-12,967138;-38,476795;SPRF-BA;DEL01-BA;UOP01-DEL01-BA;;;
723667;08/10/2025;quarta-feira;17:50:00;BA;101;285,9;LAJE;Velocidade Incompat�vel;Atropelamento de Pedestre;Com V�timas Feridas;Anoitecer;Crescente;C�u Claro;Simples;Reta;Sim;2;0;1;0;0;1;1;2;-13,158211;-39,30147;SPRF-BA;DEL01-BA;UOP02-DEL01-BA;;;
723668;08/10/2025;quarta-feira;18:55:00;BA;101;107;ALAGOINHAS;Acessar a via sem observar a presen�a dos outros ve�culos;Colis�o transversal;Com V�timas Feridas;Plena Noite;Crescente;C�u Claro;Simples;"Reta;Rotat�ria";N�o;2;0;1;0;1;0;1;2;-12,148007;-38,394855;SPRF-BA;DEL01-BA;UOP04-DEL01-BA;;;
723669;08/10/2025;quarta-feira;18:30:00;RJ;101;517,6;ANGRA DOS REIS;Chuva;Colis�o frontal;Com V�timas Feridas;Anoitecer;Crescente;Chuva;Simples;Curva;N�o;3;0;3;0;0;0;3;2;-22,99912812;-44,43961143;SPRF-RJ;DEL03-RJ;UOP03-DEL03-RJ;;;
723671;08/10/2025;quarta-feira;19:15:00;SC;153;99;CONCORDIA;Acessar a via sem observar a presen�a dos outros ve�culos;Colis�o lateral mesmo sentido;Com V�timas Feridas;Plena Noite;Decrescente;Nublado;Simples;Reta;N�o;3;0;1;0;2;0;1;2;-27,241712;-51,952309;SPRF-SC;DEL07-SC;UOP04-DEL07-SC;;;
723672;08/10/2025;quarta-feira;20:30:00;RS;285;417,4;PANAMBI;Acessar a via sem observar a presen�a dos outros ve�culos;Colis�o transversal;Com V�timas Fatais;Plena Noite;Decrescente;C�u Claro;Simples;"Reta;Aclive";Sim;4;1;0;0;3;0;0;2;-28,344981;-53,531726;SPRF-RS;DEL10-RS;UOP01-DEL10-RS;;;
723673;08/10/2025;quarta-feira;20:09:00;PB;101;81,4;BAYEUX;Rea��o tardia ou ineficiente do condutor;Queda de ocupante de ve�culo;Com V�timas Feridas;Plena Noite;Decrescente;C�u Claro;Dupla;Retorno Regulamentado;Sim;2;0;2;0;0;0;2;1;-7,126877;-34,941373;SPRF-PB;DEL01-PB;UOP01-DEL01-PB;;;
723675;08/10/2025;quarta-feira;19:35:00;PR;277;714,3;SANTA TEREZINHA DE ITAIPU;Ingest�o de �lcool pelo condutor;Colis�o frontal;Sem V�timas;Plena Noite;Crescente;Chuva;Simples;Reta;N�o;2;0;0;0;2;0;0;2;-25,465;-54,449;SPRF-PR;DEL05-PR;UOP01-DEL05-PR;;;
723676;08/10/2025;quarta-feira;20:30:00;PR;369;1;CAMPO MOURAO;Ingest�o de �lcool pelo condutor;Colis�o lateral sentido oposto;Sem V�timas;Plena Noite;Crescente;Nublado;Simples;Reta;N�o;2;0;0;0;2;0;0;2;-24,07447979;-52,40581437;SPRF-PR;DEL07-PR;UOP05-DEL07-PR;;;
723677;08/10/2025;quarta-feira;18:49:00;MS;463;92;PONTA PORA;Animais na Pista;Atropelamento de Animal;Sem V�timas;Plena Noite;Crescente;C�u Claro;Simples;Reta;N�o;2;0;0;0;2;0;0;1;-22,603135;-55,54966;SPRF-MS;DEL04-MS;UOP03-DEL04-MS;;;
723680;08/10/2025;quarta-feira;20:48:00;RN;101;85;SAO GONCALO DO AMARANTE;Condutor deixou de manter dist�ncia do ve�culo da frente;Colis�o traseira;Com V�timas Feridas;Plena Noite;Crescente;C�u Claro;Dupla;"Reta;Ponte";Sim;2;0;0;1;1;0;1;2;-5,78014;-35,248366;SPRF-RN;DEL02-RN;UOP01-DEL02-RN;;;
723681;08/10/2025;quarta-feira;21:00:00;PI;230;193;OEIRAS;Aus�ncia de rea��o do condutor;Colis�o traseira;Com V�timas Feridas;Plena Noite;Decrescente;C�u Claro;Simples;Reta;Sim;2;0;1;0;1;0;1;2;-6,999;-42,112775;SPRF-PI;DEL04-PI;UOP01-DEL04-PI;;;
723682;08/10/2025;quarta-feira;20:45:00;DF;40;7,5;BRASILIA;Velocidade Incompat�vel;Sa�da de leito carro��vel;Com V�timas Feridas;Plena Noite;Crescente;C�u Claro;Dupla;Reta;Sim;2;0;1;0;1;0;1;1;-16,043333;-47,980717;SPRF-DF;DEL01-DF;UOP01-DEL01-DF;;;
723686;08/10/2025;quarta-feira;21:20:00;ES;101;76;SAO MATEUS;Ingest�o de �lcool pelo condutor;Tombamento;Com V�timas Feridas;Plena Noite;Decrescente;C�u Claro;Simples;"Reta;Aclive";N�o;1;0;0;1;0;0;1;1;-18,76221859;-39,86344814;SPRF-ES;DEL04-ES;UOP02-DEL04-ES;;;
723687;08/10/2025;quarta-feira;19:40:00;PI;343;190;PIRIPIRI;Acessar a via sem observar a presen�a dos outros ve�culos;Colis�o lateral mesmo sentido;Com V�timas Feridas;Plena Noite;Crescente;C�u Claro;Simples;Reta;N�o;2;0;1;0;0;1;1;2;-4,319899;-41,782299;SPRF-PI;DEL02-PI;UOP01-DEL02-PI;;;
723688;08/10/2025;quarta-feira;19:30:00;PR;277;474,7;NOVA LARANJEIRAS;Entrada inopinada do pedestre;Atropelamento de Pedestre;Com V�timas Fatais;Plena Noite;Decrescente;Nublado;Simples;Reta;N�o;2;1;0;0;1;0;0;2;-25,299;-52,56;SPRF-PR;DEL04-PR;UOP02-DEL04-PR;;;
723689;08/10/2025;quarta-feira;21:35:00;SC;101;147;ITAPEMA;Manobra de mudan�a de faixa;Colis�o lateral mesmo sentido;Com V�timas Feridas;Plena Noite;Decrescente;Chuva;Dupla;Reta;Sim;3;0;1;1;1;0;2;2;-27,088573;-48,61241905;SPRF-SC;DEL04-SC;UOP03-DEL04-SC;;;
723690;08/10/2025;quarta-feira;21:00:00;MG;381;265;TIMOTEO;Ingest�o de �lcool pelo condutor;Colis�o frontal;Sem V�timas;Plena Noite;Crescente;C�u Claro;Simples;Reta;N�o;2;0;0;0;2;0;0;2;-19,52570926;-42,64605314;SPRF-MG;DEL03-MG;UOP02-DEL03-MG;;;
723693;08/10/2025;quarta-feira;18:30:00;SC;282;560,7;NOVA ITABERABA;Demais Fen�menos da natureza;Eventos at�picos;Com V�timas Feridas;Plena Noite;Decrescente;C�u Claro;Simples;"Reta;Aclive";N�o;1;0;1;0;0;0;1;1;-26,92701547;-52,85320759;SPRF-SC;DEL07-SC;UOP02-DEL07-SC;;;
723694;08/10/2025;quarta-feira;21:00:00;PR;277;125;CAMPO LARGO;Demais falhas mec�nicas ou el�tricas;Inc�ndio;Sem V�timas;Plena Noite;Decrescente;Garoa/Chuvisco;Dupla;"Viaduto;Retorno Regulamentado";Sim;1;0;0;0;1;0;0;1;-25,4355;-49,51964;SPRF-PR;DEL03-PR;UOP03-DEL03-PR;;;
723696;08/10/2025;quarta-feira;19:45:00;MT;70;728;CACERES;Acessar a via sem observar a presen�a dos outros ve�culos;Colis�o transversal;Com V�timas Feridas;Plena Noite;Crescente;C�u Claro;Simples;Reta;N�o;3;0;1;0;2;0;1;2;-16,1160936;-57,6673989;SPRF-MT;DEL03-MT;UOP01-DEL03-MT;;;
723698;08/10/2025;quarta-feira;22:00:00;PR;277;109,2;CURITIBA;Condutor deixou de manter dist�ncia do ve�culo da frente;Colis�o traseira;Com V�timas Feridas;Plena Noite;Decrescente;Nublado;Dupla;"Reta;Aclive";N�o;3;0;1;0;2;0;1;2;-25,4271242;-49,3845175;SPRF-PR;DEL01-PR;UOP06-DEL01-PR;;;
723699;08/10/2025;quarta-feira;20:30:00;SC;163;106,4;SAO JOSE DO CEDRO;Acessar a via sem observar a presen�a dos outros ve�culos;Colis�o transversal;Com V�timas Feridas;Plena Noite;Crescente;C�u Claro;Dupla;"Retorno Regulamentado;Reta";N�o;3;0;2;0;1;0;2;2;-26,43509447;-53,51853168;SPRF-SC;DEL07-SC;UOP03-DEL07-SC;;;
723700;08/10/2025;quarta-feira;17:19:00;SE;101;104,8;SAO CRISTOVAO;Aus�ncia de rea��o do condutor;Tombamento;Com V�timas Feridas;Anoitecer;Crescente;C�u Claro;Dupla;Reta;N�o;2;0;1;0;1;0;1;1;-10,9580005;-37,2346156;SPRF-SE;DEL02-SE;UOP01-DEL02-SE;;;
723702;08/10/2025;quarta-feira;20:50:00;RJ;116;139;MAGE;Pista Escorregadia;Sa�da de leito carro��vel;Com V�timas Feridas;Plena Noite;Crescente;Chuva;Dupla;Reta;Sim;2;0;1;0;1;0;1;1;-22,64655;-43,20139;SPRF-RJ;DEL04-RJ;UOP02-DEL04-RJ;;;
723703;08/10/2025;quarta-feira;07:20:00;SC;282;521,6;XAXIM;Acessar a via sem observar a presen�a dos outros ve�culos;Colis�o transversal;Com V�timas Feridas;Pleno dia;Decrescente;C�u Claro;Simples;"Reta;Interse��o de Vias;Aclive";Sim;3;0;1;0;2;0;1;2;-26,95297368;-52,53819823;SPRF-SC;DEL07-SC;UOP01-DEL07-SC;;;
723706;08/10/2025;quarta-feira;20:12:00;RO;364;352;JI-PARANA;Aus�ncia de rea��o do condutor;Tombamento;Com V�timas Feridas;Plena Noite;Decrescente;C�u Claro;Dupla;"Reta;Ponte";Sim;1;0;1;0;0;0;1;1;-10,882533;-61,939569;SPRF-RO;DEL02-RO;UOP01-DEL02-RO;;;
723707;08/10/2025;quarta-feira;22:20:00;RJ;101;295;ITABORAI;Chuva;Queda de ocupante de ve�culo;Com V�timas Feridas;Plena Noite;Crescente;Chuva;Dupla;Reta;Sim;1;0;1;0;0;0;1;1;-22,7678223;-42,90726445;SPRF-RJ;DEL02-RJ;UOP02-DEL02-RJ;;;
723711;08/10/2025;quarta-feira;22:15:00;GO;40;12,7;LUZIANIA;Acessar a via sem observar a presen�a dos outros ve�culos;Colis�o lateral mesmo sentido;Com V�timas Feridas;Plena Noite;Crescente;C�u Claro;Dupla;Reta;Sim;3;0;2;0;1;0;2;2;-16,15014;-47,94079;SPRF-DF;DEL01-DF;UOP01-DEL01-DF;;;
723713;08/10/2025;quarta-feira;23:10:00;SC;101;318;PESCARIA BRAVA;Aus�ncia de rea��o do condutor;Colis�o com objeto;Com V�timas Feridas;Plena Noite;Crescente;C�u Claro;Dupla;"Reta;Aclive";N�o;1;0;1;0;0;0;1;1;-28,4282266;-48,88109666;SPRF-SC;DEL02-SC;UOP01-DEL02-SC;;;
723714;08/10/2025;quarta-feira;22:50:00;GO;60;111;GOIANAPOLIS;Rea��o tardia ou ineficiente do condutor;Queda de ocupante de ve�culo;Com V�timas Feridas;Plena Noite;Crescente;C�u Claro;Dupla;Reta;N�o;1;0;1;0;0;0;1;1;-16,450559;-49,041999;SPRF-GO;DEL01-GO;UOP01-DEL01-GO;;;
723715;08/10/2025;quarta-feira;19:40:00;SP;381;89;GUARULHOS;Pedestre andava na pista;Atropelamento de Pedestre;Com V�timas Feridas;Plena Noite;Decrescente;Chuva;Dupla;Reta;N�o;2;0;1;0;1;0;1;2;-23,48403043;-46,56040192;SPRF-SP;DEL03-SP;UOP01-DEL03-SP;;;
723716;08/10/2025;quarta-feira;20:10:00;MG;267;301,9;CAXAMBU;Ultrapassagem Indevida;Colis�o frontal;Com V�timas Feridas;Plena Noite;Crescente;Nublado;Simples;Reta;N�o;6;0;4;1;0;1;5;3;-21,95540508;-44,91001278;SPRF-MG;DEL17-MG;UOP01-DEL17-MG;;;
723717;08/10/2025;quarta-feira;22:30:00;RS;116;498,5;PELOTAS;Ingest�o de �lcool pelo condutor;Colis�o com objeto;Sem V�timas;Plena Noite;Decrescente;C�u Claro;Simples;"Reta;Em Obras;Desvio Tempor�rio";N�o;1;0;0;0;1;0;0;1;-31,544217;-52,238193;SPRF-RS;DEL07-RS;UOP01-DEL07-RS;;;
723719;08/10/2025;quarta-feira;23:40:00;RJ;40;110;DUQUE DE CAXIAS;Chuva;Tombamento;Com V�timas Feridas;Plena Noite;Decrescente;Chuva;Dupla;Reta;Sim;1;0;1;0;0;0;1;1;-22,6868862;-43,28547714;SPRF-RJ;DEL01-RJ;UOP02-DEL01-RJ;;;
723720;08/10/2025;quarta-feira;08:30:00;PB;230;15;CABEDELO;Rea��o tardia ou ineficiente do condutor;Tombamento;Com V�timas Feridas;Pleno dia;Decrescente;C�u Claro;Dupla;Aclive;Sim;1;0;1;0;0;0;1;1;-7,0981957;-34,8479007;SPRF-PB;DEL01-PB;UOP01-DEL01-PB;;;
723721;08/10/2025;quarta-feira;23:27:00;CE;116;345,9;UBAJARA;Curva acentuada;Sa�da de leito carro��vel;Com V�timas Feridas;Plena Noite;Crescente;C�u Claro;Simples;"Curva;Declive";N�o;2;0;1;0;1;0;1;1;-3,907506;-41,222422;SPRF-CE;DEL05-CE;UOP02-DEL05-CE;;;
723722;26/09/2025;sexta-feira;14:50:00;ES;262;36;DOMINGOS MARTINS;Manobra de mudan�a de faixa;Engavetamento;Com V�timas Feridas;Plena Noite;Crescente;C�u Claro;Simples;Curva;N�o;8;0;4;0;2;2;4;6;-20,37384626;-40,56364274;SPRF-ES;DEL01-ES;UOP01-DEL01-ES;;;
723724;08/10/2025;quarta-feira;22:20:00;PR;163;230,7;CASCAVEL;Ingest�o de �lcool pelo condutor;Colis�o frontal;Com V�timas Feridas;Plena Noite;Decrescente;Nublado;Dupla;Reta;N�o;2;0;1;1;0;0;2;2;-24,79845959;-53,67400232;SPRF-PR;DEL04-PR;UOP01-DEL04-PR;;;
723726;09/10/2025;quinta-feira;01:30:00;SP;101;20;UBATUBA;Aus�ncia de rea��o do condutor;Colis�o com objeto;Com V�timas Feridas;Plena Noite;Crescente;Nublado;Simples;Curva;N�o;2;0;2;0;0;0;2;1;-23,36598;-44,949509;SPRF-SP;DEL06-SP;UOP01-DEL06-SP;;;
723731;09/10/2025;quinta-feira;04:50:00;SP;116;101,7;PINDAMONHANGABA;Condutor deixou de manter dist�ncia do ve�culo da frente;Colis�o traseira;Com V�timas Feridas;Plena Noite;Crescente;Garoa/Chuvisco;Dupla;"Reta;Declive";N�o;7;0;3;1;2;1;4;3;-22,98556312;-45,47110885;SPRF-SP;DEL08-SP;UOP01-DEL08-SP;;;
723733;09/10/2025;quinta-feira;04:50:00;PR;277;679;MEDIANEIRA;Avarias e/ou desgaste excessivo no pneu;Sa�da de leito carro��vel;Com V�timas Feridas;Plena Noite;Decrescente;Chuva;Dupla;Reta;N�o;1;0;1;0;0;0;1;1;-25,318938;-54,159646;SPRF-PR;DEL05-PR;UOP01-DEL05-PR;;;
723734;08/10/2025;quarta-feira;21:25:00;RO;364;625;ITAPUA DO OESTE;Suic�dio (presumido);Atropelamento de Pedestre;Com V�timas Fatais;Plena Noite;Decrescente;C�u Claro;Simples;"Curva;Declive";N�o;3;1;2;0;0;0;2;2;-9,072335;-63,333705;SPRF-RO;DEL01-RO;UOP04-DEL01-RO;;;
723736;09/10/2025;quinta-feira;02:45:00;PI;343;470,5;ANGICAL DO PIAUI;Rea��o tardia ou ineficiente do condutor;Colis�o traseira;Sem V�timas;Plena Noite;Decrescente;C�u Claro;Simples;Reta;Sim;3;0;0;0;3;0;0;2;-6,088262;-42,726811;SPRF-PI;DEL01-PI;UOP02-DEL01-PI;;;
723737;09/10/2025;quinta-feira;05:15:00;SC;470;69,7;INDAIAL;Frear bruscamente;Tombamento;Com V�timas Feridas;Amanhecer;Decrescente;Garoa/Chuvisco;Dupla;Reta;N�o;1;0;1;0;0;0;1;1;-26,88782;-49,2529;SPRF-SC;DEL04-SC;UOP01-DEL04-SC;;;
723738;09/10/2025;quinta-feira;06:00:00;SP;381;75;SAO PAULO;Rea��o tardia ou ineficiente do condutor;Sa�da de leito carro��vel;Com V�timas Feridas;Amanhecer;Decrescente;Nublado;Dupla;"Declive;Curva";N�o;1;0;1;0;0;0;1;1;-23,37939235;-46,56410186;SPRF-SP;DEL03-SP;UOP01-DEL03-SP;;;
723739;09/10/2025;quinta-feira;05:40:00;SP;381;86;SAO PAULO;Pista Escorregadia;Colis�o com objeto;Com V�timas Feridas;Amanhecer;Crescente;Chuva;M�ltipla;Curva;Sim;1;0;1;0;0;0;1;1;-23,47260056;-46,5650475;SPRF-SP;DEL03-SP;UOP01-DEL03-SP;;;
723740;29/08/2025;sexta-feira;06:17:00;BA;324;612;SIMOES FILHO;Manobra de mudan�a de faixa;Queda de ocupante de ve�culo;Sem V�timas;Pleno dia;Decrescente;C�u Claro;Dupla;Reta;Sim;2;0;0;0;1;1;0;2;-12,85297531;-38,41953278;SPRF-BA;DEL01-BA;UOP01-DEL01-BA;;;
723744;09/10/2025;quinta-feira;06:30:00;BA;324;595;CANDEIAS;Condutor deixou de manter dist�ncia do ve�culo da frente;Colis�o traseira;Com V�timas Feridas;Pleno dia;Decrescente;C�u Claro;Dupla;Reta;N�o;2;0;1;0;1;0;1;2;-12,6023128;-38,5032177;SPRF-BA;DEL01-BA;UOP01-DEL01-BA;;;
723745;09/10/2025;quinta-feira;06:50:00;SC;101;204;SAO JOSE;Trafegar com motocicleta (ou similar) entre as faixas;Colis�o lateral mesmo sentido;Com V�timas Feridas;Pleno dia;Crescente;Chuva;M�ltipla;Reta;Sim;2;0;1;0;1;0;1;2;-27,581349;-48,615635;SPRF-SC;DEL01-SC;UOP01-DEL01-SC;;;
723748;09/10/2025;quinta-feira;06:30:00;SC;280;127;RIO NEGRINHO;Acessar a via sem observar a presen�a dos outros ve�culos;Colis�o transversal;Com V�timas Feridas;Amanhecer;Decrescente;Chuva;Simples;"Aclive;Reta";N�o;2;0;0;1;1;0;1;2;-26,241858;-49,511057;SPRF-SC;DEL06-SC;UOP03-DEL06-SC;;;
723749;09/10/2025;quinta-feira;06:30:00;PR;376;603;CURITIBA;�rea urbana sem a presen�a de local apropriado para a travessia de pedestres;Atropelamento de Pedestre;Com V�timas Feridas;Amanhecer;Crescente;Chuva;Simples;Reta;Sim;2;0;1;0;1;0;1;2;-25,52763852;-49,32901796;SPRF-PR;DEL01-PR;UOP03-DEL01-PR;;;
723751;09/10/2025;quinta-feira;06:30:00;RS;290;75;GRAVATAI;Rea��o tardia ou ineficiente do condutor;Queda de ocupante de ve�culo;Com V�timas Feridas;Pleno dia;Crescente;C�u Claro;Dupla;Reta;N�o;1;0;1;0;0;0;1;1;-29,95589577;-51,00408968;SPRF-RS;DEL01-RS;UOP01-DEL01-RS;;;
723752;08/10/2025;quarta-feira;22:21:00;MT;364;399,3;CUIABA;�rea urbana sem a presen�a de local apropriado para a travessia de pedestres;Atropelamento de Pedestre;Com V�timas Feridas;Plena Noite;Decrescente;C�u Claro;Dupla;Reta;N�o;4;0;0;1;3;0;1;2;-15,66309183;-55,96872211;SPRF-MT;DEL01-MT;UOP02-DEL01-MT;;;
723754;08/10/2025;quarta-feira;22:45:00;PE;232;407;SERRA TALHADA;Aus�ncia de rea��o do condutor;Colis�o traseira;Com V�timas Feridas;Plena Noite;Decrescente;Nublado;Simples;Reta;Sim;2;0;2;0;0;0;2;2;-7,983835;-38,279747;SPRF-PE;DEL04-PE;UOP01-DEL04-PE;;;
723755;09/10/2025;quinta-feira;06:50:00;CE;116;43;HORIZONTE;Manobra de mudan�a de faixa;Colis�o traseira;Com V�timas Feridas;Pleno dia;Decrescente;C�u Claro;Dupla;Reta;Sim;3;0;0;1;1;1;1;2;-4,11379023;-38,4895676;SPRF-CE;DEL01-CE;UOP02-DEL01-CE;;;