id;data_inversa;dia_semana;horario;uf;br;km;municipio;causa_acidente;tipo_acidente;classificacao_acidente;fase_dia;sentido_via;condicao_metereologica;tipo_pista;tracado_via;uso_solo;pessoas;mortos;feridos_leves;feridos_graves;ilesos;ignorados;feridos;veiculos;latitude;longitude;regional;delegacia;uop;;;
723757;09/10/2025;quinta-feira;06:40:00;SE;235;2;ARACAJU;Aus�ncia de rea��o do condutor;Tombamento;Com V�timas Feridas;Pleno dia;Decrescente;Nublado;Dupla;"Declive;Interse��o de Vias";Sim;2;0;2;0;0;0;2;1;-10,90745485;-37,09403722;SPRF-SE;DEL01-SE;UOP01-DEL01-SE;;;
723758;09/10/2025;quinta-feira;07:15:00;PR;277;586,4;CASCAVEL;Desrespeitar a prefer�ncia no cruzamento;Colis�o transversal;Com V�timas Feridas;Pleno dia;Crescente;Nublado;Simples;"Interse��o de Vias;Reta";Sim;3;0;1;0;2;0;1;2;-24,9665933;-53,4241781;SPRF-PR;DEL04-PR;UOP01-DEL04-PR;;;
723759;09/10/2025;quinta-feira;07:30:00;PE;101;69;RECIFE;Aus�ncia de rea��o do condutor;Colis�o traseira;Com V�timas Feridas;Pleno dia;Crescente;Sol;Dupla;Reta;Sim;2;0;1;0;1;0;1;2;-8,06405;-34,94448;SPRF-PE;DEL01-PE;UOP01-DEL01-PE;;;
723761;09/10/2025;quinta-feira;07:20:00;DF;70;16;BRASILIA;Acessar a via sem observar a presen�a dos outros ve�culos;Colis�o transversal;Com V�timas Feridas;Pleno dia;Decrescente;C�u Claro;Dupla;Rotat�ria;Sim;3;0;2;0;1;0;2;2;-15,79602433;-48,19653547;SPRF-DF;DEL03-DF;UOP02-DEL03-DF;;;
723762;09/10/2025;quinta-feira;07:20:00;SC;101;214,3;PALHOCA;Rea��o tardia ou ineficiente do condutor;Colis�o lateral mesmo sentido;Com V�timas Feridas;Pleno dia;Decrescente;Chuva;M�ltipla;Reta;Sim;2;0;1;0;1;0;1;2;-27,647;-48,672;SPRF-SC;DEL01-SC;UOP02-DEL01-SC;;;
723766;09/10/2025;quinta-feira;07:50:00;PI;316;0,6;TERESINA;Condutor deixou de manter dist�ncia do ve�culo da frente;Colis�o traseira;Com V�timas Feridas;Pleno dia;Crescente;C�u Claro;Simples;"Reta;Declive";Sim;3;0;1;0;2;0;1;3;-5,13007454;-42,8109625;SPRF-PI;DEL01-PI;UOP02-DEL01-PI;;;
723768;09/10/2025;quinta-feira;08:25:00;BA;324;623;SALVADOR;Condutor deixou de manter dist�ncia do ve�culo da frente;Colis�o traseira;Com V�timas Feridas;Pleno dia;Crescente;C�u Claro;Dupla;Reta;Sim;3;0;2;0;1;0;2;2;-12,93246;-38,47144;SPRF-BA;DEL01-BA;UOP01-DEL01-BA;;;
723772;09/10/2025;quinta-feira;08:00:00;PE;101;73,2;RECIFE;Trafegar com motocicleta (ou similar) entre as faixas;Colis�o traseira;Com V�timas Feridas;Pleno dia;Decrescente;C�u Claro;Dupla;"Reta;Ponte";Sim;3;0;1;1;1;0;2;2;-8,09464;-34,94836;SPRF-PE;DEL01-PE;UOP01-DEL01-PE;;;
723773;09/10/2025;quinta-feira;07:00:00;RJ;101;480;ANGRA DOS REIS;Velocidade Incompat�vel;Colis�o frontal;Com V�timas Feridas;Pleno dia;Crescente;C�u Claro;Simples;Curva;N�o;3;0;2;0;1;0;2;2;-23,01384705;-44,28473566;SPRF-RJ;DEL03-RJ;UOP03-DEL03-RJ;;;
723774;09/10/2025;quinta-feira;09:03:00;BA;324;623;SALVADOR;Trafegar com motocicleta (ou similar) entre as faixas;Colis�o lateral mesmo sentido;Com V�timas Feridas;Pleno dia;Crescente;C�u Claro;Dupla;Reta;N�o;3;0;1;0;2;0;1;3;-12,931305;-38,470847;SPRF-BA;DEL01-BA;UOP01-DEL01-BA;;;
723775;09/10/2025;quinta-feira;08:20:00;MG;381;722,9;CARMO DA CACHOEIRA;Chuva;Colis�o com objeto;Com V�timas Feridas;Pleno dia;Crescente;Chuva;Dupla;Curva;N�o;2;0;2;0;0;0;2;1;-21,44587889;-45,21011353;SPRF-MG;DEL04-MG;UOP02-DEL04-MG;;;
723777;16/07/2025;quarta-feira;06:34:00;PI;343;0,4;TERESINA;Acessar a via sem observar a presen�a dos outros ve�culos;Colis�o traseira;Com V�timas Feridas;Pleno dia;Crescente;C�u Claro;Dupla;"Reta;Declive";Sim;2;0;0;1;0;1;1;2;-5,079185;-42,753582;SPRF-PI;DEL01-PI;UOP01-DEL01-PI;;;
723778;09/10/2025;quinta-feira;08:00:00;MS;158;280;TRES LAGOAS;Aus�ncia de rea��o do condutor;Tombamento;Com V�timas Feridas;Amanhecer;Decrescente;C�u Claro;Simples;Reta;N�o;1;0;0;1;0;0;1;1;-20,82716;-51,729045;SPRF-MS;DEL07-MS;UOP01-DEL07-MS;;;
723781;09/10/2025;quinta-feira;08:00:00;PR;277;5;PARANAGUA;Aus�ncia de rea��o do condutor;Tombamento;Com V�timas Feridas;Pleno dia;Crescente;Chuva;Dupla;Reta;Sim;1;0;1;0;0;0;1;1;-25,53064755;-48,52880376;SPRF-PR;DEL01-PR;UOP05-DEL01-PR;;;
723783;08/10/2025;quarta-feira;18:20:00;CE;304;52;ARACATI;Ingest�o de �lcool pelo condutor;Queda de ocupante de ve�culo;Com V�timas Feridas;Anoitecer;Crescente;C�u Claro;Simples;Reta;N�o;1;0;1;0;0;0;1;1;-4,57;-37,745;SPRF-CE;DEL03-CE;UOP02-DEL03-CE;;;
723784;09/10/2025;quinta-feira;09:38:00;ES;262;78,5;DOMINGOS MARTINS;Rea��o tardia ou ineficiente do condutor;Colis�o transversal;Com V�timas Feridas;Pleno dia;Crescente;Sol;Simples;Reta;N�o;3;0;3;0;0;0;3;2;-20,408008;-40,929675;SPRF-ES;DEL01-ES;UOP02-DEL01-ES;;;
723787;09/10/2025;quinta-feira;09:40:00;CE;222;317;TIANGUA;Acessar a via sem observar a presen�a dos outros ve�culos;Colis�o transversal;Com V�timas Feridas;Pleno dia;Crescente;C�u Claro;Simples;Reta;N�o;3;0;2;0;1;0;2;2;-3,77587416;-41,040802;SPRF-CE;DEL04-CE;UOP02-DEL04-CE;;;
723788;09/10/2025;quinta-feira;08:15:00;MG;40;43;PARACATU;Acessar a via sem observar a presen�a dos outros ve�culos;Colis�o transversal;Com V�timas Feridas;Pleno dia;Decrescente;C�u Claro;Simples;Reta;Sim;3;0;2;0;1;0;2;2;-17,227;-46,861;SPRF-MG;DEL14-MG;UOP01-DEL14-MG;;;
723789;09/10/2025;quinta-feira;07:50:00;MG;116;585,8;MANHUACU;Convers�o proibida;Colis�o transversal;Com V�timas Feridas;Pleno dia;Crescente;C�u Claro;Simples;Reta;N�o;2;0;1;0;1;0;1;2;-20,237059;-42,164405;SPRF-MG;DEL06-MG;UOP03-DEL06-MG;;;
723791;09/10/2025;quinta-feira;09:10:00;PB;230;367,1;MALTA;Acessar a via sem observar a presen�a dos outros ve�culos;Colis�o transversal;Com V�timas Feridas;Pleno dia;Crescente;C�u Claro;Simples;Reta;Sim;2;0;2;0;0;0;2;2;-6,904483;-37,523683;SPRF-PB;DEL03-PB;UOP02-DEL03-PB;;;
723793;09/10/2025;quinta-feira;07:45:00;RJ;101;499;ANGRA DOS REIS;Frear bruscamente;Tombamento;Com V�timas Feridas;Pleno dia;Crescente;Nublado;Simples;Curva;N�o;1;0;1;0;0;0;1;1;-22,91529246;-44,34519164;SPRF-RJ;DEL03-RJ;UOP03-DEL03-RJ;;;
723795;09/10/2025;quinta-feira;10:30:00;SP;153;83,1;BADY BASSITT;Frear bruscamente;Sa�da de leito carro��vel;Com V�timas Feridas;Pleno dia;Crescente;Sol;Dupla;Declive;N�o;1;0;1;0;0;0;1;1;-20,92184001;-49,50351477;SPRF-SP;DEL09-SP;UOP01-DEL09-SP;;;
723796;09/10/2025;quinta-feira;09:35:00;SC;101;131,1;BALNEARIO CAMBORIU;Aus�ncia de rea��o do condutor;Colis�o traseira;Com V�timas Feridas;Pleno dia;Decrescente;Nublado;Dupla;Reta;N�o;2;0;1;0;1;0;1;2;-26,9876072;-48,66534591;SPRF-SC;DEL04-SC;UOP03-DEL04-SC;;;
723797;09/10/2025;quinta-feira;10:20:00;RJ;101;517;ANGRA DOS REIS;Velocidade Incompat�vel;Colis�o frontal;Com V�timas Feridas;Pleno dia;Crescente;Chuva;Simples;Curva;N�o;3;0;2;0;1;0;2;2;-22,998407;-44,440222;SPRF-RJ;DEL03-RJ;UOP03-DEL03-RJ;;;
723799;09/10/2025;quinta-feira;11:30:00;MG;262;150;SAO DOMINGOS DO PRATA;Ultrapassagem Indevida;Colis�o com objeto;Com V�timas Feridas;Pleno dia;Decrescente;C�u Claro;Simples;Reta;N�o;1;0;1;0;0;0;1;1;-20,005635;-42,767592;SPRF-MG;DEL03-MG;UOP03-DEL03-MG;;;
723801;09/10/2025;quinta-feira;10:42:00;MG;40;459,2;CAETANOPOLIS;Sinaliza��o mal posicionada;Engavetamento;Sem V�timas;Pleno dia;Decrescente;C�u Claro;Dupla;"Em Obras;Reta";N�o;4;0;0;0;3;1;0;4;-19,391313;-44,335421;SPRF-MG;DEL02-MG;UOP01-DEL02-MG;;;
723802;09/10/2025;quinta-feira;11:15:00;RS;392;42;RIO GRANDE;Acumulo de �leo sobre o pavimento;Queda de ocupante de ve�culo;Com V�timas Feridas;Pleno dia;Crescente;C�u Claro;Simples;Viaduto;Sim;1;0;1;0;0;0;1;1;-31,94122916;-52,31057325;SPRF-RS;DEL07-RS;UOP02-DEL07-RS;;;
723803;09/10/2025;quinta-feira;10:50:00;PR;376;3;SAO JOSE DOS PINHAIS;Aus�ncia de rea��o do condutor;Colis�o traseira;Com V�timas Feridas;Pleno dia;Crescente;Chuva;Dupla;Reta;N�o;2;0;1;0;1;0;1;2;-25,5422287;-49,1907854;SPRF-PR;DEL01-PR;UOP04-DEL01-PR;;;
723804;08/10/2025;quarta-feira;19:00:00;SC;282;484,8;FAXINAL DOS GUEDES;Velocidade Incompat�vel;Sa�da de leito carro��vel;Com V�timas Feridas;Plena Noite;Decrescente;C�u Claro;Simples;Curva;N�o;1;0;1;0;0;0;1;1;-26,86205552;-52,22714782;SPRF-SC;DEL07-SC;UOP01-DEL07-SC;;;
723805;28/09/2025;domingo;18:10:00;AL;101;110;PILAR;Pedestre andava na pista;Sa�da de leito carro��vel;Com V�timas Feridas;Plena Noite;Decrescente;Chuva;Dupla;Reta;N�o;3;0;2;0;1;0;2;1;-9,62101389;-36,02930769;SPRF-AL;DEL02-AL;UOP01-DEL02-AL;;;
723806;09/10/2025;quinta-feira;11:35:00;MG;365;92;JEQUITAI;Convers�o proibida;Colis�o transversal;Com V�timas Fatais;Pleno dia;Decrescente;C�u Claro;Simples;Reta;N�o;3;1;1;0;0;1;1;3;-17,20468;-44,44059;SPRF-MG;DEL12-MG;UOP01-DEL12-MG;;;
723808;09/10/2025;quinta-feira;11:55:00;GO;153;356,4;JARAGUA;Acessar a via sem observar a presen�a dos outros ve�culos;Colis�o transversal;Com V�timas Feridas;Pleno dia;Crescente;Sol;M�ltipla;Interse��o de Vias;Sim;4;0;1;0;3;0;1;2;-15,73504092;-49,32349563;SPRF-GO;DEL02-GO;UOP02-DEL02-GO;;;
723809;09/10/2025;quinta-feira;11:30:00;RJ;40;92;PETROPOLIS;Pista Escorregadia;Colis�o com objeto;Com V�timas Feridas;Pleno dia;Crescente;Garoa/Chuvisco;Simples;Curva;Sim;1;0;1;0;0;0;1;1;-22,5525041;-43,2512494;SPRF-RJ;DEL01-RJ;UOP01-DEL01-RJ;;;
723811;09/10/2025;quinta-feira;12:00:00;CE;116;253,1;ALTO SANTO;Acessar a via sem observar a presen�a dos outros ve�culos;Colis�o traseira;Com V�timas Fatais;Pleno dia;Crescente;C�u Claro;Simples;Reta;N�o;3;1;1;0;1;0;1;2;-5,52128619;-38,4207505;SPRF-CE;DEL03-CE;UOP01-DEL03-CE;;;
723818;09/10/2025;quinta-feira;07:18:00;MS;163;283;DOURADOS;Aus�ncia de rea��o do condutor;Sa�da de leito carro��vel;Sem V�timas;Pleno dia;Decrescente;C�u Claro;Simples;Reta;Sim;1;0;0;0;0;1;0;1;-22,11487166;-54,59005594;SPRF-MS;DEL04-MS;UOP01-DEL04-MS;;;
723819;09/10/2025;quinta-feira;13:10:00;RJ;101;66,7;CAMPOS DOS GOYTACAZES;Rea��o tardia ou ineficiente do condutor;Tombamento;Com V�timas Feridas;Pleno dia;Decrescente;C�u Claro;Dupla;Curva;Sim;2;0;1;0;1;0;1;1;-21,76549817;-41,34576917;SPRF-RJ;DEL08-RJ;UOP02-DEL08-RJ;;;
723820;09/10/2025;quinta-feira;12:50:00;RN;101;94;NATAL;Acessar a via sem observar a presen�a dos outros ve�culos;Colis�o transversal;Com V�timas Feridas;Pleno dia;Crescente;C�u Claro;Dupla;Interse��o de Vias;N�o;2;0;1;0;1;0;1;2;-5,83700113;-35,21181313;SPRF-RN;DEL01-RN;UOP01-DEL01-RN;;;
723821;09/10/2025;quinta-feira;13:10:00;BA;235;351;JUAZEIRO;Manobra de mudan�a de faixa;Colis�o frontal;Com V�timas Feridas;Pleno dia;Crescente;C�u Claro;Simples;Reta;Sim;2;0;0;1;1;0;1;2;-9,426732;-40,505122;SPRF-PE;DEL06-PE;UOP01-DEL06-PE;;;
723824;09/10/2025;quinta-feira;13:43:00;PB;101;91;JOAO PESSOA;Transitar no Acostamento;Colis�o frontal;Com V�timas Feridas;Pleno dia;Crescente;C�u Claro;Dupla;Reta;Sim;3;0;2;1;0;0;3;2;-7,188897;-34,903313;SPRF-PB;DEL01-PB;UOP01-DEL01-PB;;;
723828;05/10/2025;domingo;19:30:00;RJ;393;298;BARRA MANSA;Acessar a via sem observar a presen�a dos outros ve�culos;Colis�o transversal;Com V�timas Feridas;Plena Noite;Decrescente;Nublado;Simples;Reta;N�o;3;0;3;0;0;0;3;2;-22,54197434;-44,11377467;SPRF-RJ;DEL07-RJ;UOP02-DEL07-RJ;;;
723830;09/10/2025;quinta-feira;13:20:00;MT;163;861,6;SINOP;Ultrapassagem Indevida;Sa�da de leito carro��vel;Com V�timas Feridas;Pleno dia;Decrescente;Sol;Simples;Reta;N�o;1;0;1;0;0;0;1;1;-11,6336;-55,43596;SPRF-MT;DEL06-MT;UOP02-DEL06-MT;;;
723832;09/10/2025;quinta-feira;13:45:00;MT;364;393;CUIABA;Demais falhas mec�nicas ou el�tricas;Capotamento;Sem V�timas;Pleno dia;Decrescente;C�u Claro;Dupla;Reta;Sim;1;0;0;0;1;0;0;1;-15,683263;-55,920358;SPRF-MT;DEL01-MT;UOP02-DEL01-MT;;;
723833;09/10/2025;quinta-feira;14:40:00;RJ;101;401;ITAGUAI;Demais falhas mec�nicas ou el�tricas;Queda de ocupante de ve�culo;Com V�timas Feridas;Pleno dia;Decrescente;C�u Claro;Dupla;Reta;N�o;2;0;1;0;1;0;1;1;-22,85047181;-43,76755714;SPRF-RJ;DEL03-RJ;UOP01-DEL03-RJ;;;
723834;09/10/2025;quinta-feira;14:15:00;SC;116;206,7;PONTE ALTA;Acessar a via sem observar a presen�a dos outros ve�culos;Colis�o transversal;Com V�timas Feridas;Pleno dia;Decrescente;Chuva;Simples;"Interse��o de Vias;Reta";Sim;2;0;1;0;1;0;1;2;-27,478563;-50,380662;SPRF-SC;DEL05-SC;UOP03-DEL05-SC;;;
723836;09/10/2025;quinta-feira;15:20:00;PB;101;99,6;CONDE;Velocidade Incompat�vel;Sa�da de leito carro��vel;Sem V�timas;Pleno dia;Decrescente;C�u Claro;Dupla;Curva;Sim;3;0;0;0;2;1;0;2;-7,26213052;-34,93619978;SPRF-PB;DEL01-PB;UOP01-DEL01-PB;;;
723837;09/10/2025;quinta-feira;14:40:00;SC;101;134;BALNEARIO CAMBORIU;Acessar a via sem observar a presen�a dos outros ve�culos;Colis�o frontal;Com V�timas Feridas;Pleno dia;Crescente;Chuva;Simples;Interse��o de Vias;Sim;2;0;1;0;1;0;1;2;-27,00239635;-48,63678575;SPRF-SC;DEL04-SC;UOP03-DEL04-SC;;;
723838;09/10/2025;quinta-feira;15:00:00;CE;222;76;SAO LUIS DO CURU;Convers�o proibida;Colis�o transversal;Com V�timas Feridas;Pleno dia;Crescente;C�u Claro;Simples;Aclive;Sim;2;0;1;0;1;0;1;2;-3,671304;-39,230598;SPRF-CE;DEL01-CE;UOP03-DEL01-CE;;;
723839;09/10/2025;quinta-feira;15:20:00;MG;381;531,2;ITATIAIUCU;Velocidade Incompat�vel;Sa�da de leito carro��vel;Com V�timas Feridas;Pleno dia;Crescente;Nublado;Dupla;"Curva;Declive";N�o;1;0;0;1;0;0;1;1;-20,16331;-44,359372;SPRF-MG;DEL04-MG;UOP03-DEL04-MG;;;
723840;09/10/2025;quinta-feira;14:11:00;CE;116;375,1;ICO;Rea��o tardia ou ineficiente do condutor;Colis�o frontal;Com V�timas Feridas;Pleno dia;Decrescente;C�u Claro;Simples;Reta;Sim;2;0;0;1;0;1;1;2;-6,4618853;-38,8557579;SPRF-CE;DEL05-CE;UOP01-DEL05-CE;;;
723841;09/10/2025;quinta-feira;14:50:00;PE;232;123;CARUARU;Acesso irregular;Colis�o transversal;Com V�timas Feridas;Pleno dia;Decrescente;Sol;Dupla;Reta;N�o;3;0;1;1;1;0;2;2;-8,305739;-35,933474;SPRF-PE;DEL02-PE;UOP03-DEL02-PE;;;
723842;09/10/2025;quinta-feira;15:50:00;SP;381;4;VARGEM;Avarias e/ou desgaste excessivo no pneu;Tombamento;Com V�timas Feridas;Pleno dia;Crescente;Nublado;Dupla;"Reta;Declive";Sim;1;0;1;0;0;0;1;1;-22,88647495;-46,41118526;SPRF-SP;DEL03-SP;UOP02-DEL03-SP;;;
723843;09/10/2025;quinta-feira;16:30:00;SP;116;216;GUARULHOS;Aus�ncia de rea��o do condutor;Colis�o traseira;Com V�timas Feridas;Pleno dia;Crescente;Nublado;M�ltipla;Reta;Sim;2;0;1;0;1;0;1;2;-23,45298547;-46,46965591;SPRF-SP;DEL01-SP;UOP01-DEL01-SP;;;
723844;09/10/2025;quinta-feira;16:45:00;SC;101;137;BALNEARIO CAMBORIU;Condutor deixou de manter dist�ncia do ve�culo da frente;Tombamento;Com V�timas Feridas;Pleno dia;Decrescente;Garoa/Chuvisco;Dupla;"Declive;Interse��o de Vias";Sim;2;0;1;0;1;0;1;2;-27,01622774;-48,61157298;SPRF-SC;DEL04-SC;UOP03-DEL04-SC;;;
723845;09/10/2025;quinta-feira;11:15:00;MG;116;50;PEDRA AZUL;Aus�ncia de rea��o do condutor;Colis�o com objeto;Com V�timas Feridas;Pleno dia;Crescente;Sol;Simples;Reta;N�o;1;0;1;0;0;0;1;1;-16,0574795;-41,4475953;SPRF-MG;DEL11-MG;UOP02-DEL11-MG;;;
723846;09/10/2025;quinta-feira;15:30:00;SC;101;59;ARAQUARI;Velocidade Incompat�vel;Sa�da de leito carro��vel;Com V�timas Feridas;Pleno dia;Decrescente;Chuva;Dupla;Reta;N�o;1;0;1;0;0;0;1;1;-26,45154772;-48,78627491;SPRF-SC;DEL03-SC;UOP02-DEL03-SC;;;
723850;09/10/2025;quinta-feira;16:35:00;SC;101;215,5;PALHOCA;Acessar a via sem observar a presen�a dos outros ve�culos;Colis�o lateral mesmo sentido;Com V�timas Feridas;Anoitecer;Crescente;Garoa/Chuvisco;Simples;Rotat�ria;Sim;2;0;1;0;1;0;1;2;-27,65553031;-48,67888419;SPRF-SC;DEL01-SC;UOP02-DEL01-SC;;;
723854;09/10/2025;quinta-feira;17:10:00;MG;40;796,7;JUIZ DE FORA;Velocidade Incompat�vel;Sa�da de leito carro��vel;Com V�timas Feridas;Pleno dia;Crescente;Garoa/Chuvisco;Dupla;"Curva;Declive";N�o;1;0;1;0;0;0;1;1;-21,81126534;-43,39560986;SPRF-MG;DEL05-MG;UOP01-DEL05-MG;;;
723858;09/10/2025;quinta-feira;13:30:00;RO;364;658;CANDEIAS DO JAMARI;Rea��o tardia ou ineficiente do condutor;Colis�o lateral mesmo sentido;Com V�timas Fatais;Pleno dia;Crescente;C�u Claro;Simples;"Em Obras;Reta";N�o;5;1;2;0;1;1;2;3;-8,846728;-63,446742;SPRF-RO;DEL01-RO;UOP01-DEL01-RO;;;
723859;09/10/2025;quinta-feira;13:50:00;RS;153;4;CACHOEIRA DO SUL;Condutor deixou de manter dist�ncia do ve�culo da frente;Colis�o transversal;Com V�timas Feridas;Pleno dia;Decrescente;C�u Claro;Simples;Interse��o de Vias;Sim;2;0;0;1;1;0;1;2;-30,008018;-52,906382;SPRF-RS;DEL08-RS;UOP04-DEL08-RS;;;
723860;09/10/2025;quinta-feira;16:40:00;BA;407;4,8;JUAZEIRO;Convers�o proibida;Colis�o frontal;Com V�timas Feridas;Pleno dia;Crescente;Sol;Simples;Reta;Sim;3;0;0;2;1;0;2;2;-9,446795;-40,490907;SPRF-PE;DEL06-PE;UOP01-DEL06-PE;;;
723861;09/10/2025;quinta-feira;16:20:00;RO;364;710;PORTO VELHO;Aus�ncia de sinaliza��o;Eventos at�picos;Com V�timas Feridas;Pleno dia;Crescente;Sol;Dupla;Reta;Sim;3;0;1;0;1;1;1;2;-8,78525084;-63,85857618;SPRF-RO;DEL01-RO;UOP01-DEL01-RO;;;
723863;09/10/2025;quinta-feira;16:45:00;MT;163;1038;MATUPA;Condutor deixou de manter dist�ncia do ve�culo da frente;Colis�o traseira;Com V�timas Feridas;Anoitecer;Crescente;C�u Claro;Simples;Reta;Sim;2;0;1;0;1;0;1;2;-10,18918795;-54,94866125;SPRF-MT;DEL06-MT;UOP03-DEL06-MT;;;
723864;09/10/2025;quinta-feira;17:50:00;MG;262;196;JOAO MONLEVADE;Transitar na contram�o;Colis�o frontal;Com V�timas Feridas;Anoitecer;Crescente;C�u Claro;Simples;Reta;N�o;5;0;0;2;3;0;2;2;-19,86102;-43,11741;SPRF-MG;DEL03-MG;UOP01-DEL03-MG;;;
723865;09/10/2025;quinta-feira;16:30:00;BA;324;598;SIMOES FILHO;Pedestre cruzava a pista fora da faixa;Atropelamento de Pedestre;Com V�timas Feridas;Plena Noite;Crescente;C�u Claro;Dupla;Reta;N�o;2;0;1;0;1;0;1;2;-12,7497975;-38,43268633;SPRF-BA;DEL01-BA;UOP01-DEL01-BA;;;
723866;09/10/2025;quinta-feira;17:45:00;MG;381;482,8;BETIM;Trafegar com motocicleta (ou similar) entre as faixas;Colis�o lateral mesmo sentido;Com V�timas Feridas;Anoitecer;Crescente;Nublado;M�ltipla;"Reta;Declive";Sim;3;0;2;0;1;0;2;2;-19,958226;-44,0762535;SPRF-MG;DEL01-MG;UOP03-DEL01-MG;;;
723868;09/10/2025;quinta-feira;16:15:00;PE;101;48;ABREU E LIMA;Acessar a via sem observar a presen�a dos outros ve�culos;Eventos at�picos;Com V�timas Feridas;Pleno dia;Decrescente;C�u Claro;M�ltipla;Reta;Sim;2;0;0;2;0;0;2;2;-7,89329842;-34,90326405;SPRF-PE;DEL01-PE;UOP02-DEL01-PE;;;
723870;09/10/2025;quinta-feira;15:40:00;RJ;40;100;DUQUE DE CAXIAS;Rea��o tardia ou ineficiente do condutor;Colis�o com objeto;Com V�timas Feridas;Pleno dia;Decrescente;Chuva;Dupla;"Curva;Aclive";N�o;1;0;1;0;0;0;1;1;-22,601947;-43,282958;SPRF-RJ;DEL01-RJ;UOP01-DEL01-RJ;;;
723872;09/10/2025;quinta-feira;15:20:00;PI;316;312,7;PICOS;Velocidade Incompat�vel;Colis�o traseira;Com V�timas Feridas;Pleno dia;Decrescente;C�u Claro;Dupla;Reta;Sim;2;0;1;0;1;0;1;2;-7,07913168;-41,44882464;SPRF-PI;DEL04-PI;UOP01-DEL04-PI;;;
723873;09/10/2025;quinta-feira;14:20:00;PR;163;7,7;BARRACAO;Acessar a via sem observar a presen�a dos outros ve�culos;Colis�o transversal;Com V�timas Feridas;Pleno dia;Decrescente;Nublado;Simples;Reta;Sim;3;0;1;0;2;0;1;2;-26,257745;-53,61852;SPRF-PR;DEL02-PR;UOP02-DEL02-PR;;;
723874;09/10/2025;quinta-feira;15:30:00;MG;40;141,9;JOAO PINHEIRO;Acumulo de areia ou detritos sobre o pavimento;Tombamento;Com V�timas Feridas;Pleno dia;Crescente;C�u Claro;Simples;Reta;Sim;1;0;1;0;0;0;1;1;-17,74172011;-46,18479824;SPRF-MG;DEL14-MG;UOP01-DEL14-MG;;;
723875;09/10/2025;quinta-feira;18:20:00;SC;282;3,7;FLORIANOPOLIS;Manobra de mudan�a de faixa;Colis�o lateral mesmo sentido;Com V�timas Feridas;Plena Noite;Crescente;Chuva;M�ltipla;Reta;Sim;5;0;1;0;2;2;1;3;-27,59458;-48,60243;SPRF-SC;DEL01-SC;UOP01-DEL01-SC;;;
723880;09/10/2025;quinta-feira;16:40:00;MS;163;25;MUNDO NOVO;Ingest�o de �lcool pelo condutor;Queda de ocupante de ve�culo;Com V�timas Feridas;Pleno dia;Crescente;C�u Claro;Simples;"Declive;Reta";N�o;1;0;1;0;0;0;1;1;-23,88929076;-54,3137455;SPRF-MS;DEL09-MS;UOP02-DEL09-MS;;;
723883;09/10/2025;quinta-feira;17:30:00;RJ;116;39;SAO JOSE DO VALE DO RIO PRETO;Retorno proibido;Colis�o transversal;Com V�timas Feridas;Anoitecer;Crescente;Nublado;Dupla;Curva;N�o;2;0;1;0;1;0;1;2;-22,12845181;-42,78094411;SPRF-RJ;DEL05-RJ;UOP01-DEL05-RJ;;;
723884;07/09/2025;domingo;14:10:00;AL;316;242,8;ATALAIA;Curva acentuada;Tombamento;Com V�timas Feridas;Pleno dia;Crescente;C�u Claro;Simples;"Declive;Curva";N�o;3;0;1;0;1;1;1;2;-9,51000446;-36,0050052;SPRF-AL;DEL01-AL;UOP01-DEL01-AL;;;
723886;09/10/2025;quinta-feira;19:00:00;MG;40;552,4;NOVA LIMA;Convers�o proibida;Colis�o frontal;Com V�timas Feridas;Plena Noite;Crescente;Nublado;Dupla;Reta;Sim;3;0;0;1;2;0;1;3;-20,06572699;-43,98058891;SPRF-MG;DEL01-MG;UOP02-DEL01-MG;;;
723887;09/10/2025;quinta-feira;18:00:00;RJ;101;313,6;SAO GONCALO;Condutor deixou de manter dist�ncia do ve�culo da frente;Colis�o traseira;Com V�timas Feridas;Plena Noite;Decrescente;Nublado;Dupla;Interse��o de Vias;Sim;2;0;1;0;0;1;1;2;-22,8143079;-43,0735578;SPRF-RJ;DEL02-RJ;UOP02-DEL02-RJ;;;
723889;09/10/2025;quinta-feira;18:00:00;MA;135;3;SAO LUIS;Condutor deixou de manter dist�ncia do ve�culo da frente;Queda de ocupante de ve�culo;Com V�timas Feridas;Anoitecer;Crescente;C�u Claro;Dupla;Reta;Sim;2;0;2;0;0;0;2;1;-2,61293;-44,25148;SPRF-MA;DEL01-MA;UOP01-DEL01-MA;;;
723890;09/10/2025;quinta-feira;16:27:00;PR;116;17,6;CAMPINA GRANDE DO SUL;Chuva;Sa�da de leito carro��vel;Sem V�timas;Anoitecer;Decrescente;Chuva;Dupla;Curva;N�o;1;0;0;0;1;0;0;1;-25,1034154;-48,7013611;SPRF-PR;DEL01-PR;UOP02-DEL01-PR;;;
723892;09/10/2025;quinta-feira;19:20:00;RS;116;264,2;CANOAS;Aus�ncia de rea��o do condutor;Colis�o lateral mesmo sentido;Com V�timas Feridas;Plena Noite;Decrescente;Nublado;Dupla;Reta;N�o;2;0;2;0;0;0;2;2;-29,93539833;-51,17731597;SPRF-RS;DEL01-RS;UOP01-DEL01-RS;;;