id;data_inversa;dia_semana;horario;uf;br;km;municipio;causa_acidente;tipo_acidente;classificacao_acidente;fase_dia;sentido_via;condicao_metereologica;tipo_pista;tracado_via;uso_solo;pessoas;mortos;feridos_leves;feridos_graves;ilesos;ignorados;feridos;veiculos;latitude;longitude;regional;delegacia;uop;;;
723893;09/10/2025;quinta-feira;19:25:00;MG;40;457;CAETANOPOLIS;Aus�ncia de rea��o do condutor;Capotamento;Com V�timas Feridas;Plena Noite;Decrescente;C�u Claro;Dupla;Reta;N�o;1;0;0;1;0;0;1;1;-19,38212;-44,33158;SPRF-MG;DEL02-MG;UOP01-DEL02-MG;;;
723894;09/10/2025;quinta-feira;19:40:00;PR;369;159,4;CAMBE;Rea��o tardia ou ineficiente do condutor;Colis�o traseira;Com V�timas Feridas;Plena Noite;Crescente;C�u Claro;Dupla;Reta;Sim;2;0;0;1;1;0;1;2;-23,28340887;-51,24764649;SPRF-PR;DEL07-PR;UOP01-DEL07-PR;;;
723896;09/10/2025;quinta-feira;19:20:00;PR;369;93,4;CORNELIO PROCOPIO;Rea��o tardia ou ineficiente do condutor;Sa�da de leito carro��vel;Com V�timas Feridas;Plena Noite;Decrescente;Nublado;Dupla;"Declive;Curva";N�o;2;0;2;0;0;0;2;1;-23,21088079;-50,66599488;SPRF-PR;DEL07-PR;UOP05-DEL07-PR;;;
723897;09/10/2025;quinta-feira;18:00:00;BA;110;220;NOVA SOURE;Desrespeitar a prefer�ncia no cruzamento;Colis�o transversal;Com V�timas Feridas;Plena Noite;Crescente;C�u Claro;Simples;Reta;Sim;2;0;1;0;1;0;1;2;-11,239233;-38,480272;SPRF-BA;DEL07-BA;UOP02-DEL07-BA;;;
723898;09/10/2025;quinta-feira;18:30:00;PE;232;8;RECIFE;Aus�ncia de rea��o do condutor;Colis�o com objeto;Com V�timas Feridas;Plena Noite;Crescente;C�u Claro;Dupla;Reta;Sim;1;0;0;1;0;0;1;1;-8,07630943;-34,9720214;SPRF-PE;DEL01-PE;UOP01-DEL01-PE;;;
723906;09/10/2025;quinta-feira;17:45:00;SP;116;145,5;SAO JOSE DOS CAMPOS;Trafegar com motocicleta (ou similar) entre as faixas;Tombamento;Com V�timas Feridas;Anoitecer;Decrescente;C�u Claro;M�ltipla;"Reta;Aclive";Sim;1;0;1;0;0;0;1;1;-23,18652773;-45,85390655;SPRF-SP;DEL02-SP;UOP01-DEL02-SP;;;
723907;09/10/2025;quinta-feira;20:32:00;PB;101;85,9;BAYEUX;Aus�ncia de rea��o do condutor;Colis�o com objeto;Com V�timas Feridas;Plena Noite;Decrescente;C�u Claro;Dupla;"Retorno Regulamentado;Curva";Sim;1;0;0;1;0;0;1;1;-7,15034;-34,910778;SPRF-PB;DEL01-PB;UOP01-DEL01-PB;;;
723908;09/10/2025;quinta-feira;20:25:00;PE;101;65;RECIFE;Ingest�o de �lcool pelo condutor;Queda de ocupante de ve�culo;Com V�timas Feridas;Plena Noite;Decrescente;C�u Claro;Dupla;Reta;N�o;1;0;0;1;0;0;1;1;-8,02814;-34,94282;SPRF-PE;DEL01-PE;UOP01-DEL01-PE;;;
723909;09/10/2025;quinta-feira;19:45:00;MG;40;718,8;BARBACENA;Pedestre andava na pista;Atropelamento de Pedestre;Com V�timas Fatais;Plena Noite;Crescente;Garoa/Chuvisco;Dupla;Reta;N�o;5;1;1;0;3;0;1;2;-21,2907547;-43,6386325;SPRF-MG;DEL05-MG;UOP01-DEL05-MG;;;
723912;09/10/2025;quinta-feira;10:30:00;RJ;393;298;BARRA MANSA;Rea��o tardia ou ineficiente do condutor;Colis�o transversal;Sem V�timas;Pleno dia;Crescente;C�u Claro;Simples;"Reta;Retorno Regulamentado";Sim;2;0;0;0;1;1;0;2;-22,55974086;-44,11846368;SPRF-RJ;DEL07-RJ;UOP02-DEL07-RJ;;;
723913;09/10/2025;quinta-feira;19:40:00;PR;163;250;TOLEDO;Aus�ncia de rea��o do condutor;Sa�da de leito carro��vel;Com V�timas Feridas;Plena Noite;Decrescente;Nublado;Dupla;Reta;N�o;1;0;1;0;0;0;1;1;-24,68219561;-53,78085232;SPRF-PR;DEL06-PR;UOP02-DEL06-PR;;;
723915;09/10/2025;quinta-feira;17:30:00;SC;116;251;LAGES;Desrespeitar a prefer�ncia no cruzamento;Colis�o transversal;Com V�timas Feridas;Pleno dia;Crescente;Garoa/Chuvisco;Simples;"Interse��o de Vias;Curva";N�o;4;0;4;0;0;0;4;2;-27,84681;-50,379186;SPRF-SC;DEL05-SC;UOP02-DEL05-SC;;;
723916;09/10/2025;quinta-feira;20:30:00;SP;381;77;SAO PAULO;Rea��o tardia ou ineficiente do condutor;Atropelamento de Pedestre;Com V�timas Feridas;Plena Noite;Decrescente;Vento;Dupla;Curva;Sim;2;0;2;0;0;0;2;2;-23,39802;-46,575609;SPRF-SP;DEL03-SP;UOP01-DEL03-SP;;;
723918;23/06/2025;segunda-feira;14:05:00;PB;104;142;QUEIMADAS;Manobra de mudan�a de faixa;Colis�o transversal;Com V�timas Feridas;Pleno dia;Decrescente;Garoa/Chuvisco;Simples;Reta;N�o;5;0;0;1;4;0;1;3;-7,386342;-35,895772;SPRF-PB;DEL02-PB;UOP03-DEL02-PB;;;
723919;09/10/2025;quinta-feira;20:00:00;SC;101;157;PORTO BELO;Aus�ncia de rea��o do condutor;Queda de ocupante de ve�culo;Com V�timas Feridas;Plena Noite;Crescente;C�u Claro;M�ltipla;Reta;N�o;1;0;0;1;0;0;1;1;-27,18480542;-48,61259071;SPRF-SC;DEL04-SC;UOP03-DEL04-SC;;;
723920;09/10/2025;quinta-feira;20:10:00;SC;280;7;SAO FRANCISCO DO SUL;Acessar a via sem observar a presen�a dos outros ve�culos;Colis�o transversal;Com V�timas Feridas;Plena Noite;Crescente;Garoa/Chuvisco;Simples;Rotat�ria;Sim;2;0;1;0;1;0;1;2;-26,270003;-48,640058;SPRF-SC;DEL03-SC;UOP03-DEL03-SC;;;
723921;09/10/2025;quinta-feira;19:30:00;PR;369;184;ARAPONGAS;Acesso irregular;Atropelamento de Pedestre;Com V�timas Feridas;Plena Noite;Decrescente;C�u Claro;Dupla;Reta;N�o;2;0;2;0;0;0;2;2;-23,40566424;-51,42850144;SPRF-PR;DEL07-PR;UOP03-DEL07-PR;;;
723922;09/10/2025;quinta-feira;23:00:00;RN;406;167;SAO GONCALO DO AMARANTE;Manobra de mudan�a de faixa;Colis�o lateral mesmo sentido;Com V�timas Feridas;Plena Noite;Decrescente;C�u Claro;Dupla;"Reta;Interse��o de Vias";N�o;3;0;1;0;2;0;1;2;-5,75145;-35,318277;SPRF-RN;DEL02-RN;UOP01-DEL02-RN;;;
723923;09/10/2025;quinta-feira;22:25:00;GO;153;298;RIALMA;Ingest�o de �lcool pelo condutor;Tombamento;Com V�timas Feridas;Plena Noite;Decrescente;C�u Claro;Simples;"Curva;Aclive";N�o;2;0;0;2;0;0;2;1;-15,289;-49,567;SPRF-GO;DEL02-GO;UOP02-DEL02-GO;;;
723924;09/10/2025;quinta-feira;22:30:00;MG;40;764,2;JUIZ DE FORA;Aus�ncia de rea��o do condutor;Sa�da de leito carro��vel;Com V�timas Feridas;Plena Noite;Crescente;Garoa/Chuvisco;Simples;"Curva;Declive";N�o;1;0;1;0;0;0;1;1;-21,5814498;-43,4663805;SPRF-MG;DEL05-MG;UOP01-DEL05-MG;;;
723925;09/10/2025;quinta-feira;22:50:00;PR;376;495,5;PONTA GROSSA;Ingest�o de �lcool pelo condutor;Sa�da de leito carro��vel;Sem V�timas;Plena Noite;Decrescente;Nublado;Dupla;Curva;N�o;1;0;0;0;0;1;0;1;-25,159674;-50,1271324;SPRF-PR;DEL03-PR;UOP04-DEL03-PR;;;
723926;09/10/2025;quinta-feira;18:20:00;RJ;40;119;DUQUE DE CAXIAS;Rea��o tardia ou ineficiente do condutor;Tombamento;Com V�timas Fatais;Anoitecer;Decrescente;C�u Claro;M�ltipla;Reta;Sim;2;1;0;0;0;1;0;2;-22,757963;-43,287015;SPRF-RJ;DEL01-RJ;UOP02-DEL01-RJ;;;
723927;09/10/2025;quinta-feira;23:40:00;PI;316;11;TERESINA;Manobra de mudan�a de faixa;Colis�o transversal;Com V�timas Feridas;Plena Noite;Crescente;Ignorado;Simples;Reta;N�o;3;0;2;0;1;0;2;2;-5,19686945;-42,75947392;SPRF-PI;DEL01-PI;UOP02-DEL01-PI;;;
723928;09/10/2025;quinta-feira;11:00:00;RO;364;389,7;OURO PRETO DO OESTE;Aus�ncia de rea��o do condutor;Sa�da de leito carro��vel;Sem V�timas;Pleno dia;Decrescente;Sol;Simples;Reta;N�o;1;0;0;0;0;1;0;1;-10,674885;-62,28422;SPRF-RO;DEL03-RO;UOP02-DEL03-RO;;;
723929;09/10/2025;quinta-feira;21:40:00;RO;364;434;JARU;Demais falhas mec�nicas ou el�tricas;Sa�da de leito carro��vel;Sem V�timas;Plena Noite;Decrescente;C�u Claro;Simples;Curva;N�o;1;0;0;0;0;1;0;1;-10,387277;-62,544217;SPRF-RO;DEL03-RO;UOP02-DEL03-RO;;;
723934;10/10/2025;sexta-feira;01:30:00;SC;101;244,5;PALHOCA;Aus�ncia de sinaliza��o;Colis�o traseira;Com V�timas Feridas;Plena Noite;Crescente;Chuva;Dupla;Reta;N�o;2;0;1;0;1;0;1;2;-27,898;-48,649;SPRF-SC;DEL01-SC;UOP02-DEL01-SC;;;
723935;10/10/2025;sexta-feira;02:00:00;RS;448;15,1;CANOAS;Ingest�o de �lcool pelo condutor;Colis�o com objeto;Sem V�timas;Plena Noite;Crescente;Nublado;M�ltipla;Reta;N�o;1;0;0;0;1;0;0;1;-29,92429133;-51,22684479;SPRF-RS;DEL01-RS;UOP01-DEL01-RS;;;
723936;09/10/2025;quinta-feira;23:30:00;RS;392;277,8;SAO SEPE;Rea��o tardia ou ineficiente do condutor;Sa�da de leito carro��vel;Com V�timas Feridas;Plena Noite;Decrescente;C�u Claro;Simples;"Declive;Curva";N�o;3;0;2;1;0;0;3;1;-30,32904799;-53,53113543;SPRF-RS;DEL09-RS;UOP02-DEL09-RS;;;
723939;10/10/2025;sexta-feira;02:50:00;RS;285;370;SALDANHA MARINHO;Curva acentuada;Sa�da de leito carro��vel;Com V�timas Feridas;Plena Noite;Decrescente;C�u Claro;Simples;"Curva;Declive";N�o;1;0;1;0;0;0;1;1;-28,40159427;-53,06815419;SPRF-RS;DEL08-RS;UOP03-DEL08-RS;;;
723942;10/10/2025;sexta-feira;04:00:00;MS;262;487;ANASTACIO;Ingest�o de �lcool pelo condutor;Queda de ocupante de ve�culo;Sem V�timas;Plena Noite;Crescente;C�u Claro;Simples;Rotat�ria;Sim;1;0;0;0;1;0;0;1;-20,49927858;-55,78929458;SPRF-MS;DEL03-MS;UOP01-DEL03-MS;;;
723944;10/10/2025;sexta-feira;04:00:00;SC;101;152;PORTO BELO;Aus�ncia de rea��o do condutor;Colis�o com objeto;Sem V�timas;Plena Noite;Decrescente;Garoa/Chuvisco;Dupla;Reta;Sim;3;0;0;0;1;2;0;3;-27,13646908;-48,60998981;SPRF-SC;DEL04-SC;UOP03-DEL04-SC;;;
723946;10/10/2025;sexta-feira;04:30:00;BA;349;944;CORRENTINA;Manobra de mudan�a de faixa;Colis�o frontal;Com V�timas Fatais;Plena Noite;Crescente;C�u Claro;Simples;Reta;N�o;7;4;0;3;0;0;3;2;-13,420765;-44,738568;SPRF-BA;DEL10-BA;UOP02-DEL10-BA;;;
723947;09/10/2025;quinta-feira;17:00:00;SC;470;24;ILHOTA;Pista Escorregadia;Sa�da de leito carro��vel;Com V�timas Feridas;Anoitecer;Crescente;Chuva;Dupla;Reta;N�o;1;0;1;0;0;0;1;1;-26,88365961;-48,8612633;SPRF-SC;DEL04-SC;UOP04-DEL04-SC;;;
723948;10/10/2025;sexta-feira;06:00:00;MG;381;638,3;SANTO ANTONIO DO AMPARO;Condutor Dormindo;Sa�da de leito carro��vel;Com V�timas Feridas;Amanhecer;Decrescente;Nublado;Dupla;"Curva;Declive";N�o;1;0;1;0;0;0;1;1;-20,87965456;-44,85115171;SPRF-MG;DEL04-MG;UOP01-DEL04-MG;;;
723949;26/08/2025;ter�a-feira;17:05:00;MG;381;852;POUSO ALEGRE;Objeto est�tico sobre o leito carro��vel;Colis�o com objeto;Com V�timas Feridas;Pleno dia;Decrescente;C�u Claro;Dupla;"Reta;Declive";N�o;1;0;0;1;0;0;1;1;-22,25402916;-45,88817596;SPRF-MG;DEL16-MG;UOP01-DEL16-MG;;;
723950;10/10/2025;sexta-feira;07:00:00;SP;381;44;ATIBAIA;Demais falhas mec�nicas ou el�tricas;Queda de ocupante de ve�culo;Com V�timas Feridas;Amanhecer;Crescente;Sol;Dupla;Reta;N�o;2;0;1;0;1;0;1;1;-23,1551114;-46,57409191;SPRF-SP;DEL03-SP;UOP01-DEL03-SP;;;
723951;10/10/2025;sexta-feira;06:50:00;PE;101;94,9;CABO DE SANTO AGOSTINHO;Rea��o tardia ou ineficiente do condutor;Colis�o traseira;Com V�timas Feridas;Amanhecer;Decrescente;Nublado;Dupla;Reta;N�o;5;0;4;0;1;0;4;2;-8,25008;-35,01097;SPRF-PE;DEL01-PE;UOP03-DEL01-PE;;;
723953;10/10/2025;sexta-feira;06:55:00;MG;50;58;ARAGUARI;Demais falhas mec�nicas ou el�tricas;Capotamento;Com V�timas Feridas;Amanhecer;Crescente;C�u Claro;Dupla;Declive;N�o;1;0;1;0;0;0;1;1;-18,750163;-48,2351544;SPRF-MG;DEL15-MG;UOP02-DEL15-MG;;;
723954;10/10/2025;sexta-feira;06:15:00;MG;40;285;TRES MARIAS;Acessar a via sem observar a presen�a dos outros ve�culos;Colis�o transversal;Com V�timas Feridas;Amanhecer;Decrescente;C�u Claro;Simples;"Interse��o de Vias;Retorno Regulamentado;Curva";N�o;2;0;0;1;1;0;1;2;-18,24865;-45,1678;SPRF-MG;DEL14-MG;UOP02-DEL14-MG;;;
723955;10/10/2025;sexta-feira;07:15:00;ES;101;265;SERRA;Transitar na contram�o;Colis�o lateral mesmo sentido;Com V�timas Feridas;Pleno dia;Decrescente;Nublado;Dupla;"Interse��o de Vias;Reta";Sim;3;0;1;0;2;0;1;2;-20,189469;-40,2681096;SPRF-ES;DEL02-ES;UOP01-DEL02-ES;;;
723957;10/10/2025;sexta-feira;06:10:00;SC;280;56,4;GUARAMIRIM;Velocidade Incompat�vel;Colis�o com objeto;Com V�timas Fatais;Amanhecer;Decrescente;Garoa/Chuvisco;M�ltipla;"Em Obras;Curva";Sim;2;1;0;0;1;0;0;2;-26,479157;-49,01015;SPRF-SC;DEL03-SC;UOP03-DEL03-SC;;;
723958;10/10/2025;sexta-feira;07:25:00;SC;280;127,9;RIO NEGRINHO;Acesso irregular;Colis�o transversal;Com V�timas Feridas;Pleno dia;Crescente;Nublado;Simples;Reta;Sim;2;0;1;0;1;0;1;2;-26,24294;-49,512387;SPRF-SC;DEL06-SC;UOP03-DEL06-SC;;;
723960;10/10/2025;sexta-feira;07:15:00;SP;116;149,4;SAO JOSE DOS CAMPOS;Rea��o tardia ou ineficiente do condutor;Engavetamento;Com V�timas Feridas;Pleno dia;Decrescente;C�u Claro;Dupla;Reta;Sim;4;0;1;0;2;1;1;3;-23,21863088;-45,89710236;SPRF-SP;DEL02-SP;UOP01-DEL02-SP;;;
723961;10/10/2025;sexta-feira;07:10:00;RJ;116;291;BARRA MANSA;Rea��o tardia ou ineficiente do condutor;Colis�o com objeto;Com V�timas Feridas;Pleno dia;Crescente;Garoa/Chuvisco;Dupla;"Declive;Reta";N�o;4;0;3;0;1;0;3;1;-22,48672119;-44,25003481;SPRF-RJ;DEL07-RJ;UOP02-DEL07-RJ;;;
723963;10/10/2025;sexta-feira;07:40:00;MA;135;5;SAO LUIS;Demais falhas mec�nicas ou el�tricas;Tombamento;Com V�timas Feridas;Pleno dia;Decrescente;C�u Claro;Dupla;"Aclive;Reta";Sim;2;0;2;0;0;0;2;1;-2,63535356;-44,31251436;SPRF-MA;DEL01-MA;UOP01-DEL01-MA;;;
723964;10/10/2025;sexta-feira;07:30:00;PR;116;152,3;MANDIRITUBA;Acessar a via sem observar a presen�a dos outros ve�culos;Colis�o transversal;Com V�timas Feridas;Pleno dia;Decrescente;Chuva;Simples;Interse��o de Vias;N�o;2;0;0;1;1;0;1;2;-25,862192;-49,361812;SPRF-PR;DEL01-PR;UOP03-DEL01-PR;;;
723965;10/10/2025;sexta-feira;07:50:00;RJ;101;484;ANGRA DOS REIS;Ultrapassagem Indevida;Colis�o traseira;Com V�timas Feridas;Pleno dia;Crescente;C�u Claro;Simples;Reta;Sim;2;0;1;0;1;0;1;2;-22,98731546;-44,30105901;SPRF-RJ;DEL03-RJ;UOP03-DEL03-RJ;;;
723966;10/10/2025;sexta-feira;07:45:00;SC;101;203;SAO JOSE;Trafegar com motocicleta (ou similar) entre as faixas;Colis�o lateral mesmo sentido;Com V�timas Feridas;Pleno dia;Crescente;Garoa/Chuvisco;M�ltipla;Reta;Sim;6;0;1;0;5;0;1;3;-27,57009683;-48,61387666;SPRF-SC;DEL01-SC;UOP01-DEL01-SC;;;
723967;10/10/2025;sexta-feira;07:20:00;PR;376;617;CAMPINA GRANDE DO SUL;Aus�ncia de rea��o do condutor;Sa�da de leito carro��vel;Com V�timas Feridas;Pleno dia;Decrescente;Garoa/Chuvisco;Dupla;Curva;Sim;1;0;1;0;0;0;1;1;-25,36363;-49,10223;SPRF-PR;DEL01-PR;UOP04-DEL01-PR;;;
723969;09/10/2025;quinta-feira;18:01:00;RO;364;336,8;JI-PARANA;Acessar a via sem observar a presen�a dos outros ve�culos;Colis�o transversal;Com V�timas Feridas;Anoitecer;Decrescente;C�u Claro;Dupla;Retorno Regulamentado;Sim;3;0;1;0;2;0;1;2;-10,924988;-61,929743;SPRF-RO;DEL02-RO;UOP01-DEL02-RO;;;
723972;10/10/2025;sexta-feira;07:30:00;SC;101;211,1;PALHOCA;Rea��o tardia ou ineficiente do condutor;Colis�o traseira;Com V�timas Feridas;Pleno dia;Crescente;Garoa/Chuvisco;M�ltipla;Reta;Sim;2;0;1;0;1;0;1;2;-27,62380622;-48,65308704;SPRF-SC;DEL01-SC;UOP02-DEL01-SC;;;
723973;10/10/2025;sexta-feira;04:30:00;BA;242;651;MUQUEM DE SAO FRANCISCO;Rea��o tardia ou ineficiente do condutor;Sa�da de leito carro��vel;Com V�timas Feridas;Amanhecer;Crescente;C�u Claro;Simples;Reta;N�o;1;0;1;0;0;0;1;1;-12,21437;-43,55291;SPRF-BA;DEL10-BA;UOP01-DEL10-BA;;;
723974;24/06/2025;ter�a-feira;06:57:00;PR;277;80;CURITIBA;Condutor deixou de manter dist�ncia do ve�culo da frente;Colis�o lateral mesmo sentido;Com V�timas Feridas;Pleno dia;Crescente;Nublado;Dupla;Reta;Sim;2;0;1;0;1;0;1;2;-25,47151;-49,211217;SPRF-PR;DEL01-PR;UOP03-DEL01-PR;;;
723976;10/10/2025;sexta-feira;07:50:00;ES;101;298;VIANA;Trafegar com motocicleta (ou similar) entre as faixas;Colis�o traseira;Com V�timas Feridas;Pleno dia;Crescente;Nublado;M�ltipla;Reta;Sim;2;0;0;1;0;1;1;2;-20,35313159;-40,41496603;SPRF-ES;DEL01-ES;UOP01-DEL01-ES;;;
723977;10/10/2025;sexta-feira;07:27:00;RJ;101;559;PARATY;Condutor deixou de manter dist�ncia do ve�culo da frente;Colis�o traseira;Com V�timas Feridas;Pleno dia;Crescente;Nublado;Simples;Reta;N�o;2;0;0;1;1;0;1;2;-23,11527504;-44,70868453;SPRF-RJ;DEL03-RJ;UOP04-DEL03-RJ;;;
723978;03/08/2025;domingo;09:50:00;PE;428;188;PETROLINA;Acessar a via sem observar a presen�a dos outros ve�culos;Colis�o lateral mesmo sentido;Com V�timas Feridas;Pleno dia;Crescente;Nublado;Dupla;Rotat�ria;Sim;2;0;1;0;1;0;1;2;-9,375453;-40,4903399;SPRF-PE;DEL06-PE;UOP01-DEL06-PE;;;
723982;10/10/2025;sexta-feira;08:50:00;DF;20;21,9;BRASILIA;Acessar a via sem observar a presen�a dos outros ve�culos;Colis�o traseira;Com V�timas Feridas;Pleno dia;Decrescente;C�u Claro;Dupla;"Em Obras;Reta";Sim;3;0;0;2;1;0;2;2;-15,598331;-47,676462;SPRF-DF;DEL02-DF;UOP01-DEL02-DF;;;
723983;10/10/2025;sexta-feira;07:40:00;MG;40;653,9;CRISTIANO OTONI;Aus�ncia de rea��o do condutor;Sa�da de leito carro��vel;Com V�timas Feridas;Pleno dia;Crescente;Chuva;Simples;Reta;N�o;1;0;1;0;0;0;1;1;-20,86002166;-43,8013266;SPRF-MG;DEL05-MG;UOP02-DEL05-MG;;;
723984;10/10/2025;sexta-feira;09:05:00;PE;101;68;RECIFE;Aus�ncia de rea��o do condutor;Queda de ocupante de ve�culo;Com V�timas Feridas;Pleno dia;Decrescente;C�u Claro;Dupla;Reta;Sim;1;0;1;0;0;0;1;1;-8,05489;-34,94627;SPRF-PE;DEL01-PE;UOP01-DEL01-PE;;;
723985;10/10/2025;sexta-feira;08:30:00;PE;408;53,5;CARPINA;Entrada inopinada do pedestre;Atropelamento de Pedestre;Com V�timas Fatais;Pleno dia;Decrescente;Nublado;Simples;Reta;N�o;2;1;0;0;1;0;0;2;-7,82477;-35,24554;SPRF-PE;DEL01-PE;UOP01-DEL01-PE;;;
723986;10/10/2025;sexta-feira;09:10:00;BA;324;622;SALVADOR;Aus�ncia de rea��o do condutor;Colis�o traseira;Com V�timas Feridas;Pleno dia;Crescente;C�u Claro;Dupla;Reta;N�o;3;0;2;0;1;0;2;2;-12,9337055;-38,4699743;SPRF-BA;DEL01-BA;UOP01-DEL01-BA;;;
723988;10/10/2025;sexta-feira;09:35:00;PR;277;470;NOVA LARANJEIRAS;Condutor deixou de manter dist�ncia do ve�culo da frente;Colis�o traseira;Sem V�timas;Pleno dia;Decrescente;Nublado;Simples;Reta;N�o;2;0;0;0;2;0;0;2;-25,31421886;-52,52711461;SPRF-PR;DEL04-PR;UOP02-DEL04-PR;;;
723989;10/10/2025;sexta-feira;08:50:00;SP;116;141;SAO JOSE DOS CAMPOS;Rea��o tardia ou ineficiente do condutor;Tombamento;Com V�timas Feridas;Pleno dia;Decrescente;Nublado;Dupla;Reta;Sim;1;0;1;0;0;0;1;1;-23,1757465;-45,83222255;SPRF-SP;DEL02-SP;UOP01-DEL02-SP;;;
723990;10/10/2025;sexta-feira;09:10:00;RN;101;94;NATAL;Rea��o tardia ou ineficiente do condutor;Colis�o traseira;Com V�timas Feridas;Pleno dia;Decrescente;C�u Claro;Dupla;Reta;N�o;2;0;0;1;1;0;1;2;-5,834874;-35,212005;SPRF-RN;DEL01-RN;UOP01-DEL01-RN;;;
723991;10/10/2025;sexta-feira;09:50:00;PR;116;8;CAMPINA GRANDE DO SUL;Aus�ncia de rea��o do condutor;Sa�da de leito carro��vel;Com V�timas Feridas;Pleno dia;Crescente;Garoa/Chuvisco;Dupla;Reta;N�o;4;0;1;0;3;0;1;1;-25,2805;-48,926765;SPRF-PR;DEL01-PR;UOP02-DEL01-PR;;;
723993;10/10/2025;sexta-feira;08:30:00;MG;40;730,5;OLIVEIRA FORTES;Velocidade Incompat�vel;Colis�o lateral mesmo sentido;Com V�timas Feridas;Pleno dia;Crescente;Garoa/Chuvisco;Dupla;"Curva;Aclive";N�o;4;0;1;1;2;0;2;2;-21,33554679;-43,58688354;SPRF-MG;DEL05-MG;UOP01-DEL05-MG;;;
723994;10/10/2025;sexta-feira;09:10:00;MG;381;686;LAVRAS;Chuva;Capotamento;Com V�timas Feridas;Pleno dia;Crescente;Chuva;Dupla;Curva;N�o;4;0;2;0;2;0;2;1;-21,17864946;-45,12359619;SPRF-MG;DEL04-MG;UOP02-DEL04-MG;;;
723996;10/10/2025;sexta-feira;08:50:00;MT;158;635;AGUA BOA;Acesso irregular;Colis�o transversal;Com V�timas Feridas;Pleno dia;Crescente;C�u Claro;Simples;Curva;N�o;4;0;2;0;2;0;2;2;-14,0869327;-52,1609483;SPRF-MT;DEL07-MT;UOP02-DEL07-MT;;;
723998;10/10/2025;sexta-feira;07:50:00;BA;116;933;ENCRUZILHADA;Rea��o tardia ou ineficiente do condutor;Tombamento;Com V�timas Feridas;Pleno dia;Decrescente;C�u Claro;Simples;Reta;N�o;1;0;1;0;0;0;1;1;-15,68174712;-41,32114547;SPRF-BA;DEL08-BA;UOP03-DEL08-BA;;;
724004;10/10/2025;sexta-feira;09:30:00;BA;116;313,6;ARACI;Aus�ncia de rea��o do condutor;Sa�da de leito carro��vel;Com V�timas Feridas;Pleno dia;Decrescente;C�u Claro;Simples;Reta;N�o;2;0;2;0;0;0;2;1;-11,278088;-38,924842;SPRF-BA;DEL02-BA;UOP01-DEL02-BA;;;
724007;10/10/2025;sexta-feira;10:30:00;MG;381;666;PERDOES;Aus�ncia de rea��o do condutor;Sa�da de leito carro��vel;Com V�timas Feridas;Pleno dia;Crescente;Chuva;Dupla;"Curva;Declive";N�o;1;0;1;0;0;0;1;1;-21,05519234;-45,04088189;SPRF-MG;DEL04-MG;UOP02-DEL04-MG;;;
724009;10/10/2025;sexta-feira;11:40:00;SP;116;219;GUARULHOS;Condutor deixou de manter dist�ncia do ve�culo da frente;Colis�o traseira;Com V�timas Feridas;Pleno dia;Crescente;Nublado;M�ltipla;Reta;N�o;2;0;1;0;1;0;1;2;-23,463038;-46,494838;SPRF-SP;DEL01-SP;UOP01-DEL01-SP;;;
724010;08/10/2025;quarta-feira;06:38:00;MT;364;602;NOBRES;Acessar a via sem observar a presen�a dos outros ve�culos;Colis�o lateral mesmo sentido;Com V�timas Feridas;Pleno dia;Crescente;C�u Claro;Simples;"Interse��o de Vias;Viaduto;Rotat�ria";Sim;3;0;2;0;0;1;2;2;-14,718984;-56,320165;SPRF-MT;DEL01-MT;UOP01-DEL01-MT;;;
724011;10/10/2025;sexta-feira;11:40:00;SP;153;64;SAO JOSE DO RIO PRETO;Manobra de mudan�a de faixa;Tombamento;Com V�timas Feridas;Pleno dia;Decrescente;Nublado;Dupla;"Viaduto;Interse��o de Vias";Sim;1;0;1;0;0;0;1;1;-20,83148386;-49,36216084;SPRF-SP;DEL09-SP;UOP01-DEL09-SP;;;
724013;10/10/2025;sexta-feira;12:20:00;RS;116;266;CANOAS;Demais falhas na via;Tombamento;Com V�timas Feridas;Pleno dia;Decrescente;C�u Claro;Dupla;"Reta;Em Obras;Desvio Tempor�rio";Sim;1;0;1;0;0;0;1;1;-29,92805045;-51,1775328;SPRF-RS;DEL01-RS;UOP01-DEL01-RS;;;
724015;10/10/2025;sexta-feira;12:15:00;SP;381;79;SAO PAULO;Rea��o tardia ou ineficiente do condutor;Tombamento;Com V�timas Feridas;Pleno dia;Crescente;Chuva;M�ltipla;"Curva;Declive";Sim;1;0;1;0;0;0;1;1;-23,4093067;-46,5802955;SPRF-SP;DEL03-SP;UOP01-DEL03-SP;;;
724016;10/10/2025;sexta-feira;11:40:00;MG;262;475,2;BOM DESPACHO;Condutor deixou de manter dist�ncia do ve�culo da frente;Colis�o traseira;Sem V�timas;Pleno dia;Decrescente;Nublado;Simples;Reta;N�o;2;0;0;0;1;1;0;2;-19,786413;-45,2996;SPRF-MG;DEL08-MG;UOP03-DEL08-MG;;;
724017;10/10/2025;sexta-feira;11:30:00;PR;369;185;ARAPONGAS;Acessar a via sem observar a presen�a dos outros ve�culos;Colis�o transversal;Com V�timas Feridas;Pleno dia;Crescente;C�u Claro;Simples;Interse��o de Vias;N�o;2;0;1;0;1;0;1;2;-23,39408;-51,42414;SPRF-PR;DEL07-PR;UOP03-DEL07-PR;;;