id;data_inversa;dia_semana;horario;uf;br;km;municipio;causa_acidente;tipo_acidente;classificacao_acidente;fase_dia;sentido_via;condicao_metereologica;tipo_pista;tracado_via;uso_solo;pessoas;mortos;feridos_leves;feridos_graves;ilesos;ignorados;feridos;veiculos;latitude;longitude;regional;delegacia;uop;;;
724018;10/10/2025;sexta-feira;12:20:00;SP;116;431;ELDORADO;Condutor Dormindo;Sa�da de leito carro��vel;Com V�timas Feridas;Pleno dia;Crescente;Chuva;Dupla;Reta;N�o;1;0;1;0;0;0;1;1;-24,4998746;-48,014978;SPRF-SP;DEL05-SP;UOP01-DEL05-SP;;;
724022;10/10/2025;sexta-feira;12:00:00;SC;101;446,4;SANTA ROSA DO SUL;Convers�o proibida;Colis�o frontal;Com V�timas Feridas;Pleno dia;Crescente;C�u Claro;M�ltipla;Curva;N�o;2;0;1;1;0;0;2;2;-29,1546788;-49,7299248;SPRF-SC;DEL02-SC;UOP02-DEL02-SC;;;
724024;10/10/2025;sexta-feira;11:00:00;RS;392;655;GUARANI DAS MISSOES;Ingest�o de �lcool pelo condutor;Sa�da de leito carro��vel;Com V�timas Feridas;Pleno dia;Decrescente;Sol;Simples;Reta;N�o;1;0;1;0;0;0;1;1;-28,122473;-54,670528;SPRF-RS;DEL10-RS;UOP01-DEL10-RS;;;
724026;20/09/2025;s�bado;16:30:00;TO;153;4;XAMBIOA;Aus�ncia de rea��o do condutor;Queda de ocupante de ve�culo;Com V�timas Feridas;Pleno dia;Crescente;C�u Claro;Dupla;Reta;N�o;1;0;0;1;0;0;1;1;-6,41084096;-48,54354;SPRF-TO;DEL02-TO;UOP01-DEL02-TO;;;
724027;10/10/2025;sexta-feira;10:02:00;PA;316;59;CASTANHAL;Manobra de mudan�a de faixa;Colis�o lateral mesmo sentido;Com V�timas Feridas;Pleno dia;Decrescente;Sol;Dupla;Reta;Sim;2;0;1;0;1;0;1;2;-1,29844279;-47,96233892;SPRF-PA;DEL01-PA;UOP01-DEL01-PA;;;
724028;10/10/2025;sexta-feira;13:30:00;SC;101;206;SAO JOSE;Trafegar com motocicleta (ou similar) entre as faixas;Tombamento;Com V�timas Feridas;Pleno dia;Decrescente;Garoa/Chuvisco;M�ltipla;Reta;Sim;2;0;2;0;0;0;2;1;-27,59391;-48,61874;SPRF-SC;DEL01-SC;UOP01-DEL01-SC;;;
724029;10/10/2025;sexta-feira;13:50:00;SC;101;241;PALHOCA;Rea��o tardia ou ineficiente do condutor;Sa�da de leito carro��vel;Com V�timas Feridas;Pleno dia;Crescente;Nublado;Dupla;Reta;Sim;2;0;1;0;1;0;1;1;-27,8656652;-48,64616275;SPRF-SC;DEL01-SC;UOP02-DEL01-SC;;;
724031;08/10/2025;quarta-feira;18:20:00;RS;116;237,3;NOVO HAMBURGO;Rea��o tardia ou ineficiente do condutor;Sa�da de leito carro��vel;Com V�timas Feridas;Anoitecer;Crescente;Nublado;M�ltipla;Reta;Sim;1;0;1;0;0;0;1;1;-29,70399026;-51,14684175;SPRF-RS;DEL01-RS;UOP02-DEL01-RS;;;
724032;08/09/2025;segunda-feira;13:38:00;MT;70;4;BARRA DO GARCAS;Acessar a via sem observar a presen�a dos outros ve�culos;Colis�o transversal;Com V�timas Feridas;Pleno dia;Decrescente;C�u Claro;Dupla;Reta;N�o;2;0;1;0;0;1;1;2;-15,878149;-52,294369;SPRF-MT;DEL07-MT;UOP01-DEL07-MT;;;
724033;10/10/2025;sexta-feira;13:35:00;GO;40;6,1;VALPARAISO DE GOIAS;Condutor deixou de manter dist�ncia do ve�culo da frente;Colis�o traseira;Com V�timas Feridas;Pleno dia;Decrescente;C�u Claro;Dupla;Reta;Sim;2;0;1;0;1;0;1;2;-16,10331;-47,97552;SPRF-DF;DEL01-DF;UOP01-DEL01-DF;;;
724034;10/10/2025;sexta-feira;12:30:00;ES;101;348;ANCHIETA;Chuva;Colis�o com objeto;Com V�timas Feridas;Pleno dia;Crescente;Chuva;Dupla;Curva;N�o;4;0;2;0;2;0;2;1;-20,650973;-40,641882;SPRF-ES;DEL03-ES;UOP01-DEL03-ES;;;
724035;10/10/2025;sexta-feira;13:25:00;SC;101;88;BARRA VELHA;Desrespeitar a prefer�ncia no cruzamento;Colis�o transversal;Com V�timas Feridas;Pleno dia;Crescente;Chuva;M�ltipla;"Interse��o de Vias;Viaduto";Sim;2;0;1;0;1;0;1;2;-26,6141696;-48,7161856;SPRF-SC;DEL03-SC;UOP02-DEL03-SC;;;
724036;10/10/2025;sexta-feira;11:10:00;AC;364;142;RIO BRANCO;Manobra de mudan�a de faixa;Colis�o lateral mesmo sentido;Com V�timas Fatais;Pleno dia;Crescente;C�u Claro;Dupla;"Retorno Regulamentado;Reta";N�o;3;1;0;0;2;0;0;2;-9,930013;-67,885636;SPRF-AC;DEL01-AC;UOP01-DEL01-AC;;;
724037;10/10/2025;sexta-feira;13:45:00;DF;20;2;BRASILIA;Condutor deixou de manter dist�ncia do ve�culo da frente;Engavetamento;Com V�timas Feridas;Pleno dia;Decrescente;Sol;Dupla;Reta;Sim;4;0;1;0;3;0;1;3;-15,681035;-47,83787728;SPRF-DF;DEL02-DF;UOP01-DEL02-DF;;;
724038;10/10/2025;sexta-feira;13:30:00;MG;381;399;BOM JESUS DO AMPARO;Frear bruscamente;Tombamento;Com V�timas Feridas;Pleno dia;Decrescente;C�u Claro;Dupla;"Reta;Declive";N�o;1;0;1;0;0;0;1;1;-19,753342;-43,527471;SPRF-MG;DEL01-MG;UOP01-DEL01-MG;;;
724039;10/10/2025;sexta-feira;11:10:00;BA;418;85;NOVA VICOSA;Acessar a via sem observar a presen�a dos outros ve�culos;Colis�o traseira;Com V�timas Feridas;Pleno dia;Crescente;C�u Claro;Simples;Reta;Sim;2;0;1;0;1;0;1;2;-17,889292;-39,824243;SPRF-BA;DEL09-BA;UOP02-DEL09-BA;;;
724040;10/10/2025;sexta-feira;11:45:00;BA;407;4;JUAZEIRO;Aus�ncia de rea��o do condutor;Colis�o traseira;Com V�timas Feridas;Pleno dia;Decrescente;Sol;Simples;"Em Obras;Reta";Sim;3;0;1;0;2;0;1;2;-9,44716924;-40,49066118;SPRF-PE;DEL06-PE;UOP01-DEL06-PE;;;
724041;10/10/2025;sexta-feira;13:15:00;MG;40;504;ESMERALDAS;Aus�ncia de rea��o do condutor;Colis�o traseira;Com V�timas Feridas;Pleno dia;Crescente;C�u Claro;Dupla;Aclive;Sim;1;0;1;0;0;0;1;1;-19,736113;-44,150473;SPRF-MG;DEL02-MG;UOP01-DEL02-MG;;;
724043;10/10/2025;sexta-feira;14:05:00;MG;40;749,5;SANTOS DUMONT;Velocidade Incompat�vel;Colis�o frontal;Com V�timas Fatais;Pleno dia;Crescente;Nublado;Simples;"Declive;Curva";N�o;2;1;1;0;0;0;1;2;-21,485893;-43,535015;SPRF-MG;DEL05-MG;UOP01-DEL05-MG;;;
724044;15/09/2025;segunda-feira;13:00:00;MG;116;399,2;GOVERNADOR VALADARES;Velocidade Incompat�vel;Sa�da de leito carro��vel;Com V�timas Feridas;Pleno dia;Crescente;Ignorado;Dupla;Reta;N�o;2;0;0;1;0;1;1;2;-18,758935;-41,98563;SPRF-MG;DEL06-MG;UOP01-DEL06-MG;;;
724047;10/10/2025;sexta-feira;13:00:00;PR;376;457;PONTA GROSSA;Rea��o tardia ou ineficiente do condutor;Sa�da de leito carro��vel;Sem V�timas;Pleno dia;Decrescente;C�u Claro;Dupla;Aclive;N�o;1;0;0;0;1;0;0;1;-24,9711871;-50,38336214;SPRF-PR;DEL03-PR;UOP01-DEL03-PR;;;
724049;10/10/2025;sexta-feira;13:00:00;MG;381;652;PERDOES;Chuva;Colis�o com objeto;Com V�timas Feridas;Pleno dia;Decrescente;Chuva;Dupla;Curva;N�o;2;0;2;0;0;0;2;1;-21,086208;-45,0854912;SPRF-MG;DEL04-MG;UOP02-DEL04-MG;;;
724050;10/10/2025;sexta-feira;14:40:00;SE;235;54;ITABAIANA;Condutor desrespeitou a ilumina��o vermelha do sem�foro;Colis�o transversal;Com V�timas Feridas;Pleno dia;Crescente;C�u Claro;Simples;Reta;N�o;2;0;1;0;1;0;1;2;-10,678597;-37,44253;SPRF-SE;DEL01-SE;UOP02-DEL01-SE;;;
724051;10/10/2025;sexta-feira;13:30:00;MA;135;73,6;SANTA RITA;Ultrapassagem Indevida;Sa�da de leito carro��vel;Com V�timas Feridas;Pleno dia;Crescente;C�u Claro;Simples;"Aclive;Reta";N�o;4;0;1;0;3;0;1;2;-3,170542;-44,341048;SPRF-MA;DEL01-MA;UOP02-DEL01-MA;;;
724052;02/10/2025;quinta-feira;18:15:00;PR;116;93;SAO JOSE DOS PINHAIS;Condutor deixou de manter dist�ncia do ve�culo da frente;Colis�o traseira;Com V�timas Feridas;Anoitecer;Decrescente;Nublado;Dupla;Reta;N�o;3;0;1;0;0;2;1;3;-25,516681;-49,1316842;SPRF-PR;DEL01-PR;UOP07-DEL01-PR;;;
724054;10/10/2025;sexta-feira;14:40:00;SC;101;208;SAO JOSE;Condutor deixou de manter dist�ncia do ve�culo da frente;Colis�o traseira;Sem V�timas;Pleno dia;Crescente;Nublado;M�ltipla;Reta;Sim;2;0;0;0;2;0;0;2;-27,6033648;-48,63205282;SPRF-SC;DEL01-SC;UOP01-DEL01-SC;;;
724055;10/10/2025;sexta-feira;14:30:00;SC;280;115,6;SAO BENTO DO SUL;Acessar a via sem observar a presen�a dos outros ve�culos;Colis�o transversal;Com V�timas Feridas;Pleno dia;Decrescente;Chuva;Simples;"Interse��o de Vias;Reta";N�o;6;0;1;0;5;0;1;2;-26,282523;-49,413555;SPRF-SC;DEL06-SC;UOP03-DEL06-SC;;;
724056;10/10/2025;sexta-feira;15:00:00;SC;101;125;ITAJAI;Acumulo de �leo sobre o pavimento;Colis�o traseira;Com V�timas Feridas;Pleno dia;Crescente;Garoa/Chuvisco;Dupla;Reta;N�o;4;0;1;0;3;0;1;3;-26,94715536;-48,68544102;SPRF-SC;DEL04-SC;UOP04-DEL04-SC;;;
724057;10/10/2025;sexta-feira;15:15:00;GO;60;96,9;ANAPOLIS;Condutor deixou de manter dist�ncia do ve�culo da frente;Colis�o traseira;Com V�timas Feridas;Pleno dia;Crescente;C�u Claro;Dupla;"Reta;Interse��o de Vias";Sim;2;0;1;0;1;0;1;2;-16,374857;-48,946078;SPRF-GO;DEL02-GO;UOP01-DEL02-GO;;;
724058;10/10/2025;sexta-feira;14:20:00;MT;174;86;CACERES;Aus�ncia de rea��o do condutor;Sa�da de leito carro��vel;Com V�timas Feridas;Pleno dia;Crescente;C�u Claro;Simples;Reta;N�o;1;0;0;1;0;0;1;1;-15,936322;-57,789238;SPRF-MT;DEL03-MT;UOP01-DEL03-MT;;;
724059;10/10/2025;sexta-feira;12:20:00;MG;153;246;FRUTAL;Velocidade Incompat�vel;Colis�o com objeto;Com V�timas Feridas;Pleno dia;Crescente;Garoa/Chuvisco;Simples;Declive;N�o;1;0;1;0;0;0;1;1;-19,92019992;-48,9608955;SPRF-MG;DEL13-MG;UOP02-DEL13-MG;;;
724061;10/10/2025;sexta-feira;14:40:00;ES;101;113,5;LINHARES;Condutor usando celular;Colis�o traseira;Com V�timas Feridas;Pleno dia;Decrescente;Nublado;Simples;Reta;N�o;3;0;2;0;1;0;2;2;-19,0917932;-40,04932554;SPRF-ES;DEL04-ES;UOP01-DEL04-ES;;;
724062;04/10/2025;s�bado;23:15:00;BA;235;348,6;JUAZEIRO;Aus�ncia de rea��o do condutor;Atropelamento de Pedestre;Com V�timas Fatais;Plena Noite;Crescente;C�u Claro;Dupla;Reta;Sim;2;1;1;0;0;0;1;2;-9,4359;-40,499837;SPRF-PE;DEL06-PE;UOP01-DEL06-PE;;;
724063;10/10/2025;sexta-feira;15:35:00;ES;101;266,9;SERRA;Manobra de mudan�a de faixa;Tombamento;Com V�timas Feridas;Pleno dia;Crescente;Sol;M�ltipla;Reta;Sim;1;0;1;0;0;0;1;1;-20,19763819;-40,26897187;SPRF-ES;DEL02-ES;UOP01-DEL02-ES;;;
724064;10/10/2025;sexta-feira;15:20:00;SP;116;124;CACAPAVA;Ingest�o de �lcool pelo condutor;Colis�o lateral mesmo sentido;Com V�timas Feridas;Pleno dia;Decrescente;C�u Claro;Dupla;Reta;N�o;6;0;3;0;1;2;3;3;-23,09076069;-45,67444179;SPRF-SP;DEL02-SP;UOP02-DEL02-SP;;;
724065;09/10/2025;quinta-feira;04:50:00;RS;116;237,7;NOVO HAMBURGO;Objeto est�tico sobre o leito carro��vel;Colis�o com objeto;Com V�timas Feridas;Plena Noite;Decrescente;C�u Claro;M�ltipla;"Em Obras;Desvio Tempor�rio";Sim;1;0;1;0;0;0;1;1;-29,70270353;-51,14647508;SPRF-RS;DEL01-RS;UOP02-DEL01-RS;;;
724067;10/10/2025;sexta-feira;16:00:00;RN;101;109;PARNAMIRIM;Rea��o tardia ou ineficiente do condutor;Colis�o lateral mesmo sentido;Com V�timas Feridas;Pleno dia;Crescente;C�u Claro;Dupla;Reta;Sim;2;0;1;0;1;0;1;2;-5,93558085;-35,2650067;SPRF-RN;DEL01-RN;UOP01-DEL01-RN;;;
724071;10/10/2025;sexta-feira;13:30:00;RS;471;538;SANTA VITORIA DO PALMAR;Aus�ncia de rea��o do condutor;Sa�da de leito carro��vel;Com V�timas Feridas;Pleno dia;Crescente;C�u Claro;Simples;Curva;N�o;1;0;1;0;0;0;1;1;-33,04550781;-52,86621094;SPRF-RS;DEL07-RS;UOP02-DEL07-RS;;;
724072;10/10/2025;sexta-feira;10:50:00;SC;163;66;SAO MIGUEL DO OESTE;Rea��o tardia ou ineficiente do condutor;Colis�o traseira;Sem V�timas;Pleno dia;Crescente;C�u Claro;Simples;Rotat�ria;Sim;4;0;0;0;4;0;0;2;-26,76135326;-53,50018537;SPRF-SC;DEL07-SC;UOP03-DEL07-SC;;;
724073;10/10/2025;sexta-feira;16:30:00;AL;104;88;RIO LARGO;Manobra de mudan�a de faixa;Colis�o lateral mesmo sentido;Sem V�timas;Pleno dia;Crescente;C�u Claro;Dupla;Reta;Sim;2;0;0;0;2;0;0;2;-9,4780328;-35,8205342;SPRF-AL;DEL01-AL;UOP01-DEL01-AL;;;
724074;10/10/2025;sexta-feira;16:10:00;RJ;101;332;RIO DE JANEIRO;Aus�ncia de rea��o do condutor;Colis�o traseira;Com V�timas Fatais;Pleno dia;Crescente;Garoa/Chuvisco;Dupla;"Reta;Ponte";N�o;6;1;1;0;4;0;1;3;-22,86868173;-43,1866951;SPRF-RJ;DEL02-RJ;UOP01-DEL02-RJ;;;
724075;10/10/2025;sexta-feira;17:05:00;RS;290;92;PORTO ALEGRE;Rea��o tardia ou ineficiente do condutor;Colis�o lateral mesmo sentido;Com V�timas Feridas;Pleno dia;Decrescente;C�u Claro;M�ltipla;Reta;Sim;3;0;1;0;2;0;1;2;-29,96971355;-51,17727757;SPRF-RS;DEL01-RS;UOP01-DEL01-RS;;;
724076;10/10/2025;sexta-feira;17:00:00;SP;381;71;MAIRIPORA;Chuva;Colis�o com objeto;Com V�timas Feridas;Pleno dia;Crescente;Chuva;M�ltipla;Curva;N�o;2;0;2;0;0;0;2;1;-23,3492618;-46,5588498;SPRF-SP;DEL03-SP;UOP01-DEL03-SP;;;
724078;10/10/2025;sexta-feira;15:00:00;RS;153;604;HULHA NEGRA;Rea��o tardia ou ineficiente do condutor;Sa�da de leito carro��vel;Com V�timas Feridas;Pleno dia;Crescente;C�u Claro;Simples;Reta;N�o;1;0;0;1;0;0;1;1;-31,30847514;-53,93772125;SPRF-RS;DEL11-RS;UOP03-DEL11-RS;;;
724079;10/10/2025;sexta-feira;16:00:00;MG;116;266;TEOFILO OTONI;Afundamento ou ondula��o no pavimento;Tombamento;Com V�timas Feridas;Pleno dia;Crescente;Nublado;Simples;"Em Obras;Reta";N�o;2;0;0;2;0;0;2;1;-17,776713;-41,498465;SPRF-MG;DEL11-MG;UOP01-DEL11-MG;;;
724080;10/10/2025;sexta-feira;14:00:00;RJ;116;131;MAGE;Condutor deixou de manter dist�ncia do ve�culo da frente;Colis�o traseira;Sem V�timas;Pleno dia;Decrescente;C�u Claro;Simples;Curva;N�o;5;0;0;0;4;1;0;3;-22,656786;-43,127476;SPRF-RJ;DEL04-RJ;UOP02-DEL04-RJ;;;
724082;10/10/2025;sexta-feira;17:00:00;GO;414;422;ABADIANIA;Avarias e/ou desgaste excessivo no pneu;Sa�da de leito carro��vel;Com V�timas Feridas;Anoitecer;Decrescente;C�u Claro;Simples;Reta;N�o;1;0;1;0;0;0;1;1;-16,129027;-48,89479;SPRF-GO;DEL02-GO;UOP01-DEL02-GO;;;
724083;10/10/2025;sexta-feira;16:30:00;MG;381;929,8;ITAPEVA;Velocidade Incompat�vel;Sa�da de leito carro��vel;Com V�timas Feridas;Pleno dia;Crescente;Garoa/Chuvisco;Dupla;Curva;N�o;1;0;1;0;0;0;1;1;-22,7746311;-46,2388817;SPRF-MG;DEL16-MG;UOP03-DEL16-MG;;;
724088;27/09/2025;s�bado;20:15:00;MT;163;745;SORRISO;Rea��o tardia ou ineficiente do condutor;Colis�o traseira;Com V�timas Feridas;Plena Noite;Decrescente;C�u Claro;Simples;"Declive;Reta";N�o;21;0;1;0;19;1;1;4;-12,608329;-55,7557443;SPRF-MT;DEL06-MT;UOP01-DEL06-MT;;;
724089;10/10/2025;sexta-feira;17:30:00;GO;60;384;RIO VERDE;Acumulo de �gua sobre o pavimento;Queda de ocupante de ve�culo;Com V�timas Feridas;Pleno dia;Decrescente;Chuva;M�ltipla;Reta;Sim;2;0;2;0;0;0;2;2;-17,806598;-50,92383;SPRF-GO;DEL04-GO;UOP02-DEL04-GO;;;
724090;10/10/2025;sexta-feira;16:20:00;RJ;101;383;RIO DE JANEIRO;Manobra de mudan�a de faixa;Colis�o lateral mesmo sentido;Com V�timas Feridas;Pleno dia;Decrescente;Garoa/Chuvisco;Dupla;Reta;Sim;2;0;1;0;1;0;1;2;-22,87896273;-43,61970305;SPRF-RJ;DEL03-RJ;UOP01-DEL03-RJ;;;
724091;10/10/2025;sexta-feira;18:10:00;ES;262;110;VENDA NOVA DO IMIGRANTE;Ilumina��o deficiente;Atropelamento de Pedestre;Com V�timas Feridas;Amanhecer;Crescente;Nublado;Simples;Reta;Sim;2;0;1;1;0;0;2;2;-20,33685071;-41,18761539;SPRF-ES;DEL01-ES;UOP02-DEL01-ES;;;
724092;10/10/2025;sexta-feira;18:00:00;ES;262;104;VENDA NOVA DO IMIGRANTE;Transitar na contram�o;Colis�o transversal;Com V�timas Feridas;Plena Noite;Decrescente;C�u Claro;Simples;Rotat�ria;N�o;3;0;1;0;2;0;1;2;-20,332847;-41,129468;SPRF-ES;DEL01-ES;UOP02-DEL01-ES;;;
724093;10/10/2025;sexta-feira;16:50:00;RJ;116;148;DUQUE DE CAXIAS;Rea��o tardia ou ineficiente do condutor;Queda de ocupante de ve�culo;Com V�timas Feridas;Pleno dia;Crescente;Nublado;Dupla;Reta;Sim;2;0;1;0;0;1;1;2;-22,67191907;-43,28001738;SPRF-RJ;DEL01-RJ;UOP02-DEL01-RJ;;;
724094;10/10/2025;sexta-feira;18:00:00;MG;40;548,6;NOVA LIMA;Manobra de mudan�a de faixa;Colis�o lateral mesmo sentido;Com V�timas Feridas;Plena Noite;Decrescente;Nublado;M�ltipla;"Curva;Declive";Sim;2;0;1;0;1;0;1;2;-20,20308573;-43,9691539;SPRF-MG;DEL01-MG;UOP02-DEL01-MG;;;
724096;10/10/2025;sexta-feira;16:55:00;MG;40;700,6;BARBACENA;Manobra de mudan�a de faixa;Colis�o traseira;Com V�timas Feridas;Pleno dia;Decrescente;C�u Claro;Simples;Reta;Sim;2;0;1;0;1;0;1;2;-21,2111;-43,74944;SPRF-MG;DEL05-MG;UOP02-DEL05-MG;;;
724098;10/10/2025;sexta-feira;17:50:00;DF;20;18,7;BRASILIA;Acessar a via sem observar a presen�a dos outros ve�culos;Colis�o transversal;Com V�timas Feridas;Anoitecer;Crescente;C�u Claro;Dupla;"Reta;Em Obras;Retorno Regulamentado";N�o;2;0;1;1;0;0;2;2;-15,6133975;-47,70260364;SPRF-DF;DEL02-DF;UOP01-DEL02-DF;;;
724099;10/10/2025;sexta-feira;18:10:00;SP;116;323;ITAPECERICA DA SERRA;Rea��o tardia ou ineficiente do condutor;Sa�da de leito carro��vel;Com V�timas Feridas;Anoitecer;Decrescente;Chuva;Dupla;"Aclive;Curva";N�o;1;0;1;0;0;0;1;1;-23,7010944;-46,8713472;SPRF-SP;DEL04-SP;UOP03-DEL04-SP;;;
724100;10/10/2025;sexta-feira;18:40:00;PB;101;82;BAYEUX;Trafegar com motocicleta (ou similar) entre as faixas;Colis�o traseira;Com V�timas Feridas;Plena Noite;Crescente;C�u Claro;Dupla;Reta;Sim;2;0;0;1;1;0;1;2;-7,130084;-34,935179;SPRF-PB;DEL01-PB;UOP01-DEL01-PB;;;
724101;10/10/2025;sexta-feira;16:40:00;BA;235;288;JUAZEIRO;Demais falhas mec�nicas ou el�tricas;Tombamento;Com V�timas Feridas;Pleno dia;Decrescente;C�u Claro;Simples;Reta;N�o;2;0;1;0;1;0;1;1;-9,55580127;-39,95324671;SPRF-BA;DEL07-BA;UOP03-DEL07-BA;;;
724105;10/10/2025;sexta-feira;18:00:00;RS;116;151;CAXIAS DO SUL;Condutor deixou de manter dist�ncia do ve�culo da frente;Colis�o traseira;Com V�timas Feridas;Anoitecer;Decrescente;C�u Claro;Dupla;Aclive;N�o;2;0;1;0;1;0;1;2;-29,17751144;-51,16208916;SPRF-RS;DEL05-RS;UOP01-DEL05-RS;;;
724106;10/10/2025;sexta-feira;17:40:00;PR;373;174,1;PONTA GROSSA;Acessar a via sem observar a presen�a dos outros ve�culos;Colis�o transversal;Com V�timas Feridas;Anoitecer;Crescente;Nublado;Dupla;Retorno Regulamentado;Sim;5;0;0;1;4;0;1;2;-25,074455;-50,210442;SPRF-PR;DEL03-PR;UOP01-DEL03-PR;;;
724107;10/10/2025;sexta-feira;18:30:00;RS;116;427;CRISTAL;Acessar a via sem observar a presen�a dos outros ve�culos;Colis�o transversal;Com V�timas Feridas;Anoitecer;Crescente;C�u Claro;Simples;Reta;Sim;2;0;1;0;1;0;1;2;-31,0015193;-52,0514515;SPRF-RS;DEL02-RS;UOP02-DEL02-RS;;;
724108;10/10/2025;sexta-feira;17:18:00;PA;316;69;CASTANHAL;Acessar a via sem observar a presen�a dos outros ve�culos;Colis�o transversal;Com V�timas Feridas;Pleno dia;Decrescente;Garoa/Chuvisco;Dupla;"Reta;Interse��o de Vias";Sim;1;0;1;0;0;0;1;1;-1,294788;-47,89186;SPRF-PA;DEL01-PA;UOP01-DEL01-PA;;;
724110;10/10/2025;sexta-feira;18:36:00;PE;101;55;PAULISTA;Rea��o tardia ou ineficiente do condutor;Colis�o lateral mesmo sentido;Sem V�timas;Plena Noite;Crescente;C�u Claro;Dupla;Aclive;N�o;3;0;0;0;3;0;0;3;-7,9508937;-34,9080957;SPRF-PE;DEL01-PE;UOP02-DEL01-PE;;;
724111;10/10/2025;sexta-feira;18:30:00;BA;407;117;SENHOR DO BONFIM;Animais na Pista;Atropelamento de Animal;Com V�timas Feridas;Plena Noite;Crescente;C�u Claro;Simples;Reta;N�o;1;0;1;0;0;0;1;1;-10,38336682;-40,17393779;SPRF-BA;DEL04-BA;UOP01-DEL04-BA;;;
724112;10/10/2025;sexta-feira;18:40:00;ES;101;260,1;SERRA;Aus�ncia de rea��o do condutor;Colis�o traseira;Com V�timas Feridas;Plena Noite;Decrescente;Ignorado;Dupla;Aclive;Sim;2;0;1;0;0;1;1;2;-20,14629677;-40,28792739;SPRF-ES;DEL02-ES;UOP01-DEL02-ES;;;
724113;10/10/2025;sexta-feira;18:50:00;RJ;493;0,8;ITABORAI;Aus�ncia de sinaliza��o;Colis�o com objeto;Com V�timas Feridas;Plena Noite;Crescente;Chuva;Simples;Reta;Sim;1;0;1;0;0;0;1;1;-22,76326162;-42,92942047;SPRF-RJ;DEL02-RJ;UOP02-DEL02-RJ;;;
724114;10/10/2025;sexta-feira;17:15:00;SC;101;105,1;PENHA;Trafegar com motocicleta (ou similar) entre as faixas;Tombamento;Com V�timas Feridas;Pleno dia;Crescente;Chuva;Dupla;Reta;Sim;1;0;1;0;0;0;1;1;-26,80153824;-48,67882602;SPRF-SC;DEL03-SC;UOP02-DEL03-SC;;;
724115;23/08/2025;s�bado;12:45:00;RS;386;289,9;SAO JOSE DO HERVAL;Transitar na contram�o;Colis�o frontal;Com V�timas Fatais;Pleno dia;Crescente;Chuva;Simples;"Aclive;Curva";N�o;7;3;1;3;0;0;4;2;-29,097977;-52,249823;SPRF-RS;DEL04-RS;UOP03-DEL04-RS;;;
724116;10/10/2025;sexta-feira;19:20:00;ES;101;270;SERRA;Manobra de mudan�a de faixa;Colis�o lateral sentido oposto;Com V�timas Feridas;Plena Noite;Decrescente;C�u Claro;Dupla;Reta;Sim;2;0;1;0;1;0;1;2;-20,22850733;-40,27176509;SPRF-ES;DEL02-ES;UOP01-DEL02-ES;;;
724117;10/10/2025;sexta-feira;19:37:00;TO;10;455;PALMAS;Rea��o tardia ou ineficiente do condutor;Colis�o traseira;Sem V�timas;Plena Noite;Decrescente;C�u Claro;Dupla;Reta;Sim;3;0;0;0;3;0;0;2;-10,29566;-48,29761;SPRF-TO;DEL01-TO;UOP03-DEL01-TO;;;
724118;10/10/2025;sexta-feira;18:35:00;MG;40;706,2;BARBACENA;�rea urbana sem a presen�a de local apropriado para a travessia de pedestres;Atropelamento de Pedestre;Com V�timas Fatais;Plena Noite;Crescente;C�u Claro;Dupla;Reta;N�o;3;1;0;0;2;0;0;3;-21,24481166;-43,71753;SPRF-MG;DEL05-MG;UOP02-DEL05-MG;;;
724119;10/10/2025;sexta-feira;19:30:00;RS;470;8;BARRACAO;Desrespeitar a prefer�ncia no cruzamento;Colis�o frontal;Com V�timas Feridas;Plena Noite;Crescente;C�u Claro;Simples;Reta;N�o;3;0;1;0;1;1;1;3;-27,66081391;-51,45686952;SPRF-RS;DEL08-RS;UOP05-DEL08-RS;;;
724120;10/10/2025;sexta-feira;18:48:00;TO;153;507;PARAISO DO TOCANTINS;Manobra de mudan�a de faixa;Colis�o traseira;Com V�timas Feridas;Plena Noite;Crescente;Ignorado;Simples;Reta;N�o;4;0;2;0;2;0;2;2;-10,266662;-48,880432;SPRF-TO;DEL01-TO;UOP01-DEL01-TO;;;
724121;10/10/2025;sexta-feira;19:00:00;MG;364;1;PLANURA;Aus�ncia de rea��o do condutor;Colis�o lateral mesmo sentido;Com V�timas Feridas;Plena Noite;Crescente;Nublado;Simples;Reta;N�o;1;0;1;0;0;0;1;1;-20,15625617;-48,68852489;SPRF-MG;DEL13-MG;UOP02-DEL13-MG;;;
724122;10/10/2025;sexta-feira;18:53:00;RJ;101;509;ANGRA DOS REIS;Acessar a via sem observar a presen�a dos outros ve�culos;Colis�o frontal;Com V�timas Feridas;Plena Noite;Decrescente;Chuva;Simples;Reta;N�o;2;0;0;2;0;0;2;2;-22,94181273;-44,42234302;SPRF-RJ;DEL03-RJ;UOP03-DEL03-RJ;;;
724123;10/10/2025;sexta-feira;18:00:00;ES;262;45;MARECHAL FLORIANO;Rea��o tardia ou ineficiente do condutor;Colis�o traseira;Sem V�timas;Plena Noite;Decrescente;Ignorado;Simples;Reta;Sim;3;0;0;0;3;0;0;3;-20,4005834;-40,67219;SPRF-ES;DEL01-ES;UOP01-DEL01-ES;;;
724124;10/10/2025;sexta-feira;15:00:00;BA;101;703;EUNAPOLIS;Avarias e/ou desgaste excessivo no pneu;Tombamento;Com V�timas Feridas;Pleno dia;Crescente;C�u Claro;Simples;Curva;N�o;2;0;2;0;0;0;2;1;-16,2640153;-39,58522081;SPRF-BA;DEL09-BA;UOP01-DEL09-BA;;;