id;data_inversa;dia_semana;horario;uf;br;km;municipio;causa_acidente;tipo_acidente;classificacao_acidente;fase_dia;sentido_via;condicao_metereologica;tipo_pista;tracado_via;uso_solo;pessoas;mortos;feridos_leves;feridos_graves;ilesos;ignorados;feridos;veiculos;latitude;longitude;regional;delegacia;uop;;;
724125;10/10/2025;sexta-feira;20:00:00;PR;369;147,6;LONDRINA;Pista Escorregadia;Tombamento;Com V�timas Feridas;Plena Noite;Decrescente;Garoa/Chuvisco;Dupla;Reta;Sim;1;0;0;1;0;0;1;1;-23,293207;-51,139184;SPRF-PR;DEL07-PR;UOP01-DEL07-PR;;;
724126;10/10/2025;sexta-feira;19:38:00;DF;80;22;BRASILIA;Rea��o tardia ou ineficiente do condutor;Colis�o frontal;Com V�timas Feridas;Plena Noite;Crescente;Ignorado;Dupla;Reta;Sim;2;0;2;0;0;0;2;2;-15,654051;-48,202343;SPRF-DF;DEL03-DF;UOP02-DEL03-DF;;;
724127;10/10/2025;sexta-feira;18:45:00;SP;381;57;MAIRIPORA;Rea��o tardia ou ineficiente do condutor;Sa�da de leito carro��vel;Sem V�timas;Anoitecer;Decrescente;Chuva;Dupla;"Reta;Declive";Sim;3;0;0;0;2;1;0;1;-23,27036995;-46,58425782;SPRF-SP;DEL03-SP;UOP01-DEL03-SP;;;
724129;10/10/2025;sexta-feira;20:20:00;MG;381;490;BETIM;Condutor deixou de manter dist�ncia do ve�culo da frente;Tombamento;Com V�timas Feridas;Plena Noite;Crescente;C�u Claro;Dupla;"Reta;Declive";Sim;3;0;2;0;0;1;2;2;-19,95610055;-44,14339811;SPRF-MG;DEL01-MG;UOP03-DEL01-MG;;;
724130;10/10/2025;sexta-feira;20:00:00;PE;316;84;OURICURI;Transitar na contram�o;Colis�o frontal;Com V�timas Feridas;Plena Noite;Decrescente;C�u Claro;Simples;Reta;Sim;3;0;0;3;0;0;3;2;-7,88074171;-40,07452581;SPRF-PE;DEL05-PE;UOP02-DEL05-PE;;;
724131;10/10/2025;sexta-feira;15:30:00;MA;230;314,2;SAO RAIMUNDO DAS MANGABEIRAS;Acessar a via sem observar a presen�a dos outros ve�culos;Colis�o transversal;Com V�timas Feridas;Pleno dia;Decrescente;C�u Claro;Simples;Interse��o de Vias;Sim;2;0;0;1;1;0;1;2;-7,018655;-45,475405;SPRF-MA;DEL05-MA;UOP01-DEL05-MA;;;
724132;10/10/2025;sexta-feira;18:30:00;BA;367;34;PORTO SEGURO;Aus�ncia de rea��o do condutor;Colis�o traseira;Com V�timas Feridas;Plena Noite;Crescente;Nublado;Simples;Reta;N�o;3;0;0;1;2;0;1;2;-16,416464;-39,157031;SPRF-BA;DEL09-BA;UOP03-DEL09-BA;;;
724133;10/10/2025;sexta-feira;17:20:00;MG;116;414;GOVERNADOR VALADARES;Acessar a via sem observar a presen�a dos outros ve�culos;Colis�o lateral mesmo sentido;Com V�timas Feridas;Pleno dia;Crescente;C�u Claro;Simples;"Interse��o de Vias;Reta";Sim;5;0;2;0;3;0;2;2;-18,884101;-41,949475;SPRF-MG;DEL06-MG;UOP01-DEL06-MG;;;
724134;10/10/2025;sexta-feira;16:15:00;MG;40;552;NOVA LIMA;Aus�ncia de rea��o do condutor;Colis�o frontal;Com V�timas Feridas;Pleno dia;Crescente;Nublado;M�ltipla;Reta;Sim;2;0;1;0;1;0;1;2;-20,0639172;-43,9795803;SPRF-MG;DEL01-MG;UOP02-DEL01-MG;;;
724135;10/10/2025;sexta-feira;20:25:00;RS;116;149,4;CAXIAS DO SUL;Aus�ncia de rea��o do condutor;Colis�o traseira;Com V�timas Feridas;Plena Noite;Decrescente;C�u Claro;Dupla;"Reta;Aclive";Sim;2;0;1;0;1;0;1;2;-29,16417;-51,15843;SPRF-RS;DEL05-RS;UOP01-DEL05-RS;;;
724136;10/10/2025;sexta-feira;18:10:00;SC;282;500,8;XANXERE;Manobra de mudan�a de faixa;Colis�o lateral mesmo sentido;Com V�timas Feridas;Anoitecer;Crescente;C�u Claro;M�ltipla;Reta;Sim;3;0;1;0;2;0;1;3;-26,8816253;-52,377012;SPRF-SC;DEL07-SC;UOP01-DEL07-SC;;;
724137;10/10/2025;sexta-feira;19:40:00;SP;116;127;CACAPAVA;Acumulo de �gua sobre o pavimento;Colis�o transversal;Sem V�timas;Plena Noite;Decrescente;Chuva;Simples;Rotat�ria;Sim;5;0;0;0;5;0;0;2;-23,11100883;-45,70345101;SPRF-SP;DEL02-SP;UOP02-DEL02-SP;;;
724138;10/10/2025;sexta-feira;19:00:00;SE;235;2;ARACAJU;Condutor deixou de manter dist�ncia do ve�culo da frente;Colis�o traseira;Com V�timas Feridas;Plena Noite;Crescente;C�u Claro;Dupla;"Reta;Aclive";Sim;3;0;1;0;1;1;1;2;-10,90711773;-37,0958182;SPRF-SE;DEL01-SE;UOP01-DEL01-SE;;;
724139;10/10/2025;sexta-feira;18:30:00;MT;163;91,1;RONDONOPOLIS;Objeto est�tico sobre o leito carro��vel;Capotamento;Com V�timas Feridas;Plena Noite;Crescente;C�u Claro;Dupla;Declive;N�o;5;0;5;0;0;0;5;1;-16,72562;-54,64657;SPRF-MT;DEL02-MT;UOP03-DEL02-MT;;;
724140;10/10/2025;sexta-feira;20:00:00;PI;343;590;FLORIANO;Aus�ncia de rea��o do condutor;Sa�da de leito carro��vel;Sem V�timas;Plena Noite;Decrescente;C�u Claro;Dupla;"Reta;Aclive";Sim;1;0;0;0;1;0;0;1;-6,7843;-43,0165;SPRF-PI;DEL03-PI;UOP01-DEL03-PI;;;
724141;10/10/2025;sexta-feira;20:33:00;RN;427;52,9;JARDIM DO SERIDO;Pedestre andava na pista;Atropelamento de Pedestre;Com V�timas Fatais;Plena Noite;Crescente;C�u Claro;Simples;Reta;N�o;2;1;0;0;1;0;0;2;-6,58297237;-36,76313996;SPRF-RN;DEL03-RN;UOP01-DEL03-RN;;;
724142;10/10/2025;sexta-feira;17:00:00;MA;316;610,9;TIMON;Transitar no Acostamento;Atropelamento de Pedestre;Com V�timas Fatais;Pleno dia;Decrescente;Sol;M�ltipla;"Reta;Declive";N�o;3;1;0;0;2;0;0;2;-5,068511;-42,878678;SPRF-MA;DEL03-MA;UOP02-DEL03-MA;;;
724143;10/10/2025;sexta-feira;19:45:00;SC;101;68;ARAQUARI;Aus�ncia de rea��o do condutor;Capotamento;Com V�timas Feridas;Plena Noite;Crescente;Garoa/Chuvisco;M�ltipla;Reta;N�o;1;0;0;1;0;0;1;1;-26,50372339;-48,72735643;SPRF-SC;DEL03-SC;UOP02-DEL03-SC;;;
724144;10/10/2025;sexta-feira;21:05:00;SC;101;131;CAMBORIU;Rea��o tardia ou ineficiente do condutor;Colis�o com objeto;Com V�timas Feridas;Plena Noite;Decrescente;Chuva;M�ltipla;"Interse��o de Vias;Reta";N�o;2;0;1;0;1;0;1;1;-26,98422655;-48,66914338;SPRF-SC;DEL04-SC;UOP03-DEL04-SC;;;
724145;10/10/2025;sexta-feira;21:30:00;SP;116;215;GUARULHOS;Rea��o tardia ou ineficiente do condutor;Colis�o lateral mesmo sentido;Com V�timas Feridas;Plena Noite;Decrescente;Chuva;M�ltipla;Reta;Sim;4;0;2;0;2;0;2;2;-23,446193;-46,452544;SPRF-SP;DEL01-SP;UOP01-DEL01-SP;;;
724146;21/09/2025;domingo;03:50:00;TO;10;460;PALMAS;Aus�ncia de rea��o do condutor;Colis�o com objeto;Com V�timas Feridas;Plena Noite;Crescente;C�u Claro;M�ltipla;Reta;Sim;1;0;0;1;0;0;1;1;-10,2525938;-48,31232429;SPRF-TO;DEL01-TO;UOP03-DEL01-TO;;;
724147;10/10/2025;sexta-feira;18:55:00;PE;232;134,2;CARUARU;Rea��o tardia ou ineficiente do condutor;Colis�o com objeto;Com V�timas Feridas;Plena Noite;Decrescente;C�u Claro;Dupla;"Declive;Reta";Sim;1;0;1;0;0;0;1;1;-8,31110585;-36,03254843;SPRF-PE;DEL02-PE;UOP03-DEL02-PE;;;
724149;10/10/2025;sexta-feira;21:20:00;SC;282;375;HERVAL DOESTE;Ingest�o de �lcool pelo condutor;Colis�o frontal;Com V�timas Feridas;Plena Noite;Decrescente;C�u Claro;Simples;Curva;N�o;2;0;2;0;0;0;2;2;-27,23077;-51,452658;SPRF-SC;DEL07-SC;UOP05-DEL07-SC;;;
724151;10/10/2025;sexta-feira;16:30:00;PA;316;65;CASTANHAL;Aus�ncia de rea��o do condutor;Colis�o traseira;Com V�timas Feridas;Pleno dia;Crescente;C�u Claro;Dupla;Reta;Sim;3;0;2;0;1;0;2;2;-1,295635;-47,907683;SPRF-PA;DEL01-PA;UOP01-DEL01-PA;;;
724152;10/10/2025;sexta-feira;21:00:00;RJ;465;9;SEROPEDICA;Rea��o tardia ou ineficiente do condutor;Colis�o frontal;Com V�timas Feridas;Plena Noite;Crescente;Chuva;Simples;Reta;N�o;3;0;0;2;1;0;2;2;-22,77387118;-43,66684405;SPRF-RJ;DEL06-RJ;UOP02-DEL06-RJ;;;
724155;10/10/2025;sexta-feira;20:20:00;SC;282;504,5;XANXERE;Desrespeitar a prefer�ncia no cruzamento;Colis�o transversal;Com V�timas Feridas;Plena Noite;Crescente;Nublado;Simples;"Reta;Interse��o de Vias";Sim;3;0;0;1;2;0;1;2;-26,88437955;-52,41025686;SPRF-SC;DEL07-SC;UOP01-DEL07-SC;;;
724156;10/10/2025;sexta-feira;21:00:00;SP;116;97,4;PINDAMONHANGABA;Rea��o tardia ou ineficiente do condutor;Colis�o com objeto;Com V�timas Feridas;Plena Noite;Decrescente;Chuva;Dupla;Reta;N�o;1;0;0;1;0;0;1;1;-22,9666519;-45,43073917;SPRF-SP;DEL08-SP;UOP01-DEL08-SP;;;
724159;10/10/2025;sexta-feira;22:15:00;SC;101;210,2;SAO JOSE;Acessar a via sem observar a presen�a dos outros ve�culos;Capotamento;Com V�timas Feridas;Plena Noite;Decrescente;Chuva;Dupla;Reta;Sim;2;0;1;0;0;1;1;2;-27,61853;-48,64692;SPRF-SC;DEL01-SC;UOP01-DEL01-SC;;;
724162;10/10/2025;sexta-feira;17:30:00;PI;343;591;FLORIANO;Aus�ncia de rea��o do condutor;Colis�o transversal;Com V�timas Feridas;Anoitecer;Decrescente;C�u Claro;Simples;Aclive;Sim;2;0;1;0;1;0;1;2;-6,77992146;-43,02707344;SPRF-PI;DEL03-PI;UOP01-DEL03-PI;;;
724164;10/10/2025;sexta-feira;22:50:00;SP;101;48,7;UBATUBA;Acessar a via sem observar a presen�a dos outros ve�culos;Colis�o lateral mesmo sentido;Com V�timas Feridas;Plena Noite;Decrescente;Garoa/Chuvisco;Simples;Reta;Sim;2;0;1;0;1;0;1;2;-23,4403471;-45,08724539;SPRF-SP;DEL06-SP;UOP01-DEL06-SP;;;
724168;10/10/2025;sexta-feira;23:05:00;DF;70;17;BRASILIA;Condutor Dormindo;Capotamento;Sem V�timas;Plena Noite;Crescente;Vento;Dupla;Reta;N�o;1;0;0;0;1;0;0;1;-15,7952851;-48,1990893;SPRF-DF;DEL03-DF;UOP02-DEL03-DF;;;
724170;10/10/2025;sexta-feira;20:15:00;CE;116;410;BAIXIO;Animais na Pista;Atropelamento de Animal;Com V�timas Feridas;Plena Noite;Crescente;C�u Claro;Simples;Reta;N�o;5;0;1;0;4;0;1;1;-6,699898;-38,808293;SPRF-CE;DEL05-CE;UOP01-DEL05-CE;;;
724173;10/10/2025;sexta-feira;20:00:00;MA;226;241;TUNTUM;Animais na Pista;Atropelamento de Animal;Com V�timas Fatais;Plena Noite;Crescente;C�u Claro;Simples;Reta;N�o;1;1;0;0;0;0;0;1;-5,390728;-44,799457;SPRF-MA;DEL06-MA;UOP01-DEL06-MA;;;
724174;10/10/2025;sexta-feira;16:00:00;AM;319;630;HUMAITA;Rea��o tardia ou ineficiente do condutor;Queda de ocupante de ve�culo;Com V�timas Feridas;Pleno dia;Decrescente;C�u Claro;Simples;Reta;N�o;3;0;1;0;1;1;1;3;-7,334634;-63,18471;SPRF-AM;DEL01-AM;UOP04-DEL01-AM;;;
724175;10/10/2025;sexta-feira;22:42:00;PE;424;67,9;CAETES;Ingest�o de �lcool pelo condutor;Colis�o frontal;Com V�timas Feridas;Plena Noite;Decrescente;C�u Claro;Simples;Reta;N�o;2;0;1;0;0;1;1;2;-8,7683345;-36,6366411;SPRF-PE;DEL03-PE;UOP01-DEL03-PE;;;
724176;10/10/2025;sexta-feira;23:45:00;SC;101;198,1;BIGUACU;Rea��o tardia ou ineficiente do condutor;Tombamento;Com V�timas Feridas;Plena Noite;Crescente;Chuva;M�ltipla;Reta;Sim;1;0;1;0;0;0;1;1;-27,52524312;-48,63609256;SPRF-SC;DEL01-SC;UOP01-DEL01-SC;;;
724177;10/10/2025;sexta-feira;22:30:00;MG;116;193,9;CARAI;Animais na Pista;Atropelamento de Animal;Com V�timas Feridas;Plena Noite;Decrescente;C�u Claro;Simples;Reta;N�o;1;0;1;0;0;0;1;1;-17,192337;-41,488093;SPRF-MG;DEL11-MG;UOP01-DEL11-MG;;;
724179;10/10/2025;sexta-feira;23:55:00;BA;101;716;EUNAPOLIS;Aus�ncia de rea��o do condutor;Queda de ocupante de ve�culo;Com V�timas Feridas;Plena Noite;Decrescente;Nublado;Simples;Reta;Sim;2;0;2;0;0;0;2;1;-16,35143841;-39,57859039;SPRF-BA;DEL09-BA;UOP01-DEL09-BA;;;
724180;11/10/2025;s�bado;00:05:00;MG;381;510;SAO JOAQUIM DE BICAS;Rea��o tardia ou ineficiente do condutor;Colis�o com objeto;Com V�timas Feridas;Plena Noite;Decrescente;C�u Claro;M�ltipla;Reta;Sim;1;0;1;0;0;0;1;1;-20,0566708;-44,2867018;SPRF-MG;DEL01-MG;UOP03-DEL01-MG;;;
724181;10/10/2025;sexta-feira;23:00:00;BA;110;8;PAULO AFONSO;Ultrapassagem Indevida;Colis�o lateral sentido oposto;Com V�timas Feridas;Plena Noite;Decrescente;C�u Claro;Simples;Curva;N�o;7;0;2;0;5;0;2;2;-9,4915;-38,214306;SPRF-BA;DEL07-BA;UOP01-DEL07-BA;;;
724184;11/10/2025;s�bado;01:00:00;RS;386;350;ESTRELA;Rea��o tardia ou ineficiente do condutor;Colis�o com objeto;Com V�timas Feridas;Plena Noite;Decrescente;C�u Claro;Dupla;"Reta;Ponte";Sim;2;0;2;0;0;0;2;1;-29,47545569;-51,95310686;SPRF-RS;DEL04-RS;UOP01-DEL04-RS;;;
724185;11/10/2025;s�bado;00:50:00;MG;381;489;BETIM;Aus�ncia de sinaliza��o;Colis�o com objeto;Com V�timas Feridas;Plena Noite;Crescente;C�u Claro;Dupla;Declive;Sim;2;0;0;1;1;0;1;2;-19,9565473;-44,13696461;SPRF-MG;DEL01-MG;UOP03-DEL01-MG;;;
724188;10/10/2025;sexta-feira;23:38:00;PB;101;86;BAYEUX;Chuva;Colis�o com objeto;Sem V�timas;Plena Noite;Crescente;Chuva;Dupla;Reta;Sim;1;0;0;0;0;1;0;1;-7,14941988;-34,91233231;SPRF-PB;DEL01-PB;UOP01-DEL01-PB;;;
724189;11/10/2025;s�bado;00:36:00;PB;104;133,4;QUEIMADAS;Transitar na contram�o;Colis�o frontal;Com V�timas Feridas;Plena Noite;Crescente;C�u Claro;Simples;Reta;Sim;3;0;3;0;0;0;3;2;-7,305895;-35,893038;SPRF-PB;DEL02-PB;UOP03-DEL02-PB;;;
724190;11/10/2025;s�bado;00:40:00;PR;369;90,7;CORNELIO PROCOPIO;Aus�ncia de rea��o do condutor;Queda de ocupante de ve�culo;Com V�timas Feridas;Plena Noite;Crescente;Nublado;Simples;"Interse��o de Vias;Curva";Sim;1;0;1;0;0;0;1;1;-23,19672043;-50,65431118;SPRF-PR;DEL07-PR;UOP05-DEL07-PR;;;
724195;11/10/2025;s�bado;02:31:00;PB;230;19,4;JOAO PESSOA;Velocidade Incompat�vel;Colis�o com objeto;Sem V�timas;Plena Noite;Decrescente;C�u Claro;Dupla;Curva;N�o;1;0;0;0;0;1;0;1;-7,1340848;-34,85428381;SPRF-PB;DEL01-PB;UOP01-DEL01-PB;;;
724196;11/10/2025;s�bado;03:45:00;DF;40;3;BRASILIA;Condutor Dormindo;Colis�o com objeto;Com V�timas Feridas;Plena Noite;Crescente;C�u Claro;Dupla;"Aclive;Viaduto";Sim;1;0;1;0;0;0;1;1;-16,00242067;-47,98437595;SPRF-DF;DEL01-DF;UOP01-DEL01-DF;;;
724198;11/10/2025;s�bado;04:20:00;MG;381;488;BETIM;Velocidade Incompat�vel;Capotamento;Com V�timas Feridas;Plena Noite;Decrescente;C�u Claro;Dupla;"Aclive;Curva";Sim;1;0;1;0;0;0;1;1;-19,95775218;-44,12181973;SPRF-MG;DEL01-MG;UOP03-DEL01-MG;;;
724199;11/10/2025;s�bado;05:00:00;MG;381;489;BETIM;Rea��o tardia ou ineficiente do condutor;Tombamento;Com V�timas Feridas;Amanhecer;Crescente;C�u Claro;M�ltipla;"Declive;Reta";Sim;1;0;0;1;0;0;1;1;-19,9566563;-44,1381991;SPRF-MG;DEL01-MG;UOP03-DEL01-MG;;;
724200;10/10/2025;sexta-feira;18:34:00;RO;364;342;JI-PARANA;Rea��o tardia ou ineficiente do condutor;Colis�o traseira;Com V�timas Feridas;Plena Noite;Decrescente;C�u Claro;Dupla;Reta;Sim;2;0;1;0;1;0;1;2;-10,8840337;-61,9373211;SPRF-RO;DEL02-RO;UOP01-DEL02-RO;;;
724201;11/10/2025;s�bado;04:45:00;DF;251;37;BRASILIA;Desrespeitar a prefer�ncia no cruzamento;Colis�o transversal;Com V�timas Feridas;Plena Noite;Crescente;C�u Claro;Simples;Interse��o de Vias;N�o;2;0;0;1;0;1;1;2;-15,94584188;-47,79089244;SPRF-DF;DEL01-DF;UOP01-DEL01-DF;;;
724202;11/10/2025;s�bado;05:00:00;GO;70;317;JUSSARA;Rea��o tardia ou ineficiente do condutor;Colis�o com objeto;Com V�timas Feridas;Amanhecer;Decrescente;Nublado;Simples;Ponte;Sim;2;0;0;1;0;1;1;1;-15,87432926;-50,86047918;SPRF-GO;DEL04-GO;UOP02-DEL04-GO;;;
724204;11/10/2025;s�bado;04:50:00;SC;101;11,5;GARUVA;Ingest�o de �lcool pelo condutor;Colis�o traseira;Sem V�timas;Amanhecer;Crescente;Garoa/Chuvisco;Dupla;Reta;N�o;1;0;0;0;1;0;0;1;-26,07263684;-48,86102768;SPRF-SC;DEL03-SC;UOP01-DEL03-SC;;;
724205;11/10/2025;s�bado;04:00:00;SC;282;385;HERVAL DOESTE;Ingest�o de �lcool pelo condutor;Sa�da de leito carro��vel;Com V�timas Feridas;Plena Noite;Crescente;C�u Claro;Simples;Reta;N�o;1;0;0;1;0;0;1;1;-27,202442;-51,501965;SPRF-SC;DEL07-SC;UOP05-DEL07-SC;;;
724206;11/10/2025;s�bado;04:58:00;SC;101;208,4;SAO JOSE;Aus�ncia de sinaliza��o;Colis�o transversal;Sem V�timas;Pleno dia;Crescente;Nublado;M�ltipla;"Interse��o de Vias;Viaduto";N�o;2;0;0;0;2;0;0;2;-27,60600789;-48,635132;SPRF-SC;DEL01-SC;UOP01-DEL01-SC;;;
724210;11/10/2025;s�bado;01:30:00;MG;381;925;ITAPEVA;Chuva;Colis�o com objeto;Com V�timas Feridas;Plena Noite;Decrescente;Garoa/Chuvisco;Dupla;"Curva;Declive";Sim;2;0;1;0;1;0;1;1;-22,77103744;-46,19817495;SPRF-MG;DEL16-MG;UOP03-DEL16-MG;;;
724211;11/10/2025;s�bado;06:00:00;RN;304;280;MACAIBA;Avarias e/ou desgaste excessivo no pneu;Eventos at�picos;Com V�timas Feridas;Pleno dia;Crescente;C�u Claro;M�ltipla;Reta;N�o;2;0;1;0;1;0;1;1;-5,889157;-35,4888467;SPRF-RN;DEL01-RN;UOP02-DEL01-RN;;;
724212;11/10/2025;s�bado;05:34:00;SP;116;89,2;PINDAMONHANGABA;Aus�ncia de rea��o do condutor;Colis�o traseira;Com V�timas Feridas;Amanhecer;Decrescente;Nublado;Dupla;"Retorno Regulamentado;Reta";Sim;2;0;0;1;1;0;1;2;-22,94021476;-45,38055182;SPRF-SP;DEL08-SP;UOP01-DEL08-SP;;;
724213;11/10/2025;s�bado;01:00:00;PR;376;629;SAO JOSE DOS PINHAIS;Aus�ncia de rea��o do condutor;Capotamento;Sem V�timas;Plena Noite;Crescente;Nublado;Dupla;Reta;N�o;1;0;0;0;0;1;0;1;-25,69733792;-49,14466605;SPRF-PR;DEL01-PR;UOP04-DEL01-PR;;;
724215;08/10/2025;quarta-feira;05:30:00;RJ;101;322;NITEROI;Condutor deixou de manter dist�ncia do ve�culo da frente;Colis�o traseira;Com V�timas Feridas;Amanhecer;Decrescente;Garoa/Chuvisco;Dupla;Reta;N�o;3;0;1;0;2;0;1;2;-22,8852424;-43,1038224;SPRF-RJ;DEL02-RJ;UOP01-DEL02-RJ;;;
724217;11/10/2025;s�bado;06:14:00;ES;101;265;SERRA;Transitar na contram�o;Colis�o frontal;Com V�timas Feridas;Pleno dia;Crescente;C�u Claro;M�ltipla;Curva;Sim;3;0;1;2;0;0;3;2;-20,18065437;-40,26523501;SPRF-ES;DEL02-ES;UOP01-DEL02-ES;;;
724220;11/10/2025;s�bado;04:45:00;CE;116;53,8;PACAJUS;Ingest�o de �lcool pelo condutor;Colis�o frontal;Com V�timas Fatais;Amanhecer;Decrescente;C�u Claro;Dupla;Reta;Sim;4;2;0;0;2;0;0;2;-4,19535034;-38,47157669;SPRF-CE;DEL01-CE;UOP04-DEL01-CE;;;
724222;11/10/2025;s�bado;05:50:00;DF;20;12,2;BRASILIA;Aus�ncia de rea��o do condutor;Capotamento;Sem V�timas;Pleno dia;Crescente;C�u Claro;Dupla;Reta;Sim;3;0;0;0;3;0;0;1;-15,64121617;-47,75480853;SPRF-DF;DEL02-DF;UOP01-DEL02-DF;;;
724223;11/10/2025;s�bado;06:20:00;MG;381;372,2;SAO GONCALO DO RIO ABAIXO;Velocidade Incompat�vel;Colis�o com objeto;Com V�timas Feridas;Pleno dia;Decrescente;C�u Claro;Simples;Reta;N�o;3;0;3;0;0;0;3;1;-19,840822;-43,332624;SPRF-MG;DEL01-MG;UOP01-DEL01-MG;;;
724224;11/10/2025;s�bado;07:00:00;PR;277;592,1;CASCAVEL;Entrada inopinada do pedestre;Atropelamento de Pedestre;Com V�timas Feridas;Pleno dia;Decrescente;C�u Claro;Simples;"Reta;Declive";Sim;3;0;0;1;1;1;1;2;-24,98193544;-53,47569027;SPRF-PR;DEL04-PR;UOP01-DEL04-PR;;;
724225;11/10/2025;s�bado;05:00:00;SC;282;469,2;PASSOS MAIA;Ingest�o de �lcool pelo condutor;Colis�o traseira;Com V�timas Feridas;Amanhecer;Crescente;C�u Claro;Dupla;Reta;N�o;2;0;1;0;0;1;1;2;-26,85456;-52,094066;SPRF-SC;DEL07-SC;UOP04-DEL07-SC;;;
724226;11/10/2025;s�bado;06:15:00;PR;277;65,8;SAO JOSE DOS PINHAIS;Estacionar ou parar em local proibido;Colis�o transversal;Com V�timas Feridas;Amanhecer;Crescente;Nublado;Simples;Reta;N�o;3;0;1;0;2;0;1;2;-25,52981;-49,086441;SPRF-PR;DEL01-PR;UOP01-DEL01-PR;;;
724227;11/10/2025;s�bado;06:20:00;MG;262;359;JUATUBA;Aus�ncia de rea��o do condutor;Queda de ocupante de ve�culo;Sem V�timas;Pleno dia;Decrescente;Nublado;Dupla;Aclive;N�o;1;0;0;0;0;1;0;1;-19,9715005;-44,29642288;SPRF-MG;DEL01-MG;UOP03-DEL01-MG;;;
724228;11/10/2025;s�bado;07:15:00;SP;116;101;PINDAMONHANGABA;Aus�ncia de rea��o do condutor;Colis�o traseira;Com V�timas Feridas;Pleno dia;Decrescente;Nublado;Dupla;Reta;N�o;3;0;1;0;2;0;1;3;-22,98889898;-45,47743621;SPRF-SP;DEL08-SP;UOP01-DEL08-SP;;;
724229;11/10/2025;s�bado;06:20:00;PE;101;54,6;PAULISTA;Avarias e/ou desgaste excessivo no pneu;Tombamento;Com V�timas Feridas;Pleno dia;Decrescente;Nublado;Dupla;Reta;N�o;2;0;2;0;0;0;2;1;-7,9455;-34,90362;SPRF-PE;DEL01-PE;UOP02-DEL01-PE;;;
724230;11/10/2025;s�bado;04:00:00;BA;324;5,9;FEIRA DE SANTANA;Aus�ncia de rea��o do condutor;Colis�o com objeto;Sem V�timas;Amanhecer;Crescente;Nublado;Dupla;Reta;Sim;1;0;0;0;0;1;0;1;-12,277698;-38,981368;SPRF-BA;DEL02-BA;UOP01-DEL02-BA;;;
724231;11/10/2025;s�bado;06:40:00;SP;116;33,9;CACHOEIRA PAULISTA;Velocidade Incompat�vel;Sa�da de leito carro��vel;Com V�timas Feridas;Pleno dia;Crescente;C�u Claro;Dupla;"Rotat�ria;Aclive";N�o;1;0;1;0;0;0;1;1;-22,65252649;-44,9587842;SPRF-SP;DEL08-SP;UOP02-DEL08-SP;;;
724232;11/10/2025;s�bado;06:50:00;PR;116;76;QUATRO BARRAS;Rea��o tardia ou ineficiente do condutor;Sa�da de leito carro��vel;Com V�timas Feridas;Amanhecer;Decrescente;Nublado;Dupla;Reta;N�o;1;0;1;0;0;0;1;1;-25,385267;-49,053325;SPRF-PR;DEL01-PR;UOP02-DEL01-PR;;;
724233;11/10/2025;s�bado;07:20:00;RS;153;51,8;ERECHIM;Condutor deixou de manter dist�ncia do ve�culo da frente;Colis�o traseira;Com V�timas Feridas;Pleno dia;Crescente;C�u Claro;Simples;"Reta;Aclive";Sim;2;0;0;1;1;0;1;2;-27,66212757;-52,28610286;SPRF-RS;DEL08-RS;UOP04-DEL08-RS;;;
724237;11/10/2025;s�bado;07:00:00;MG;262;62,5;MATIPO;Velocidade Incompat�vel;Sa�da de leito carro��vel;Com V�timas Feridas;Pleno dia;Decrescente;Nublado;Simples;"Aclive;Curva";N�o;4;0;3;0;1;0;3;1;-20,29629;-42,230787;SPRF-MG;DEL06-MG;UOP03-DEL06-MG;;;
724240;11/10/2025;s�bado;08:00:00;SC;470;141;RIO DO SUL;Aus�ncia de rea��o do condutor;Colis�o com objeto;Com V�timas Feridas;Pleno dia;Crescente;Garoa/Chuvisco;Simples;Curva;Sim;5;0;4;0;0;1;4;2;-27,209091;-49,6516664;SPRF-SC;DEL04-SC;UOP02-DEL04-SC;;;
724241;11/10/2025;s�bado;07:00:00;RJ;493;95;SEROPEDICA;Aus�ncia de rea��o do condutor;Sa�da de leito carro��vel;Com V�timas Feridas;Amanhecer;Crescente;Nublado;Dupla;Reta;N�o;1;0;1;0;0;0;1;1;-22,69856097;-43,69235739;SPRF-RJ;DEL01-RJ;UOP03-DEL01-RJ;;;
724244;11/10/2025;s�bado;09:00:00;MG;40;551;NOVA LIMA;Frear bruscamente;Colis�o traseira;Com V�timas Feridas;Pleno dia;Decrescente;C�u Claro;Dupla;Reta;Sim;4;0;1;0;2;1;1;4;-20;-43,95;SPRF-MG;DEL01-MG;UOP02-DEL01-MG;;;
724245;11/10/2025;s�bado;07:10:00;PR;163;139,5;CAPITAO LEONIDAS MARQUES;Aus�ncia de rea��o do condutor;Tombamento;Com V�timas Feridas;Pleno dia;Decrescente;C�u Claro;Simples;"Declive;Curva";Sim;1;0;1;0;0;0;1;1;-25,4799;-53,5912;SPRF-PR;DEL05-PR;UOP05-DEL05-PR;;;
724248;11/10/2025;s�bado;09:05:00;SC;282;38,6;AGUAS MORNAS;Transitar na contram�o;Colis�o frontal;Com V�timas Feridas;Pleno dia;Crescente;Chuva;Simples;Curva;N�o;6;0;2;0;3;1;2;3;-27,71491381;-48,86804581;SPRF-SC;DEL01-SC;UOP03-DEL01-SC;;;
724249;11/10/2025;s�bado;08:10:00;MA;316;216;GOVERNADOR NEWTON BELLO;Desrespeitar a prefer�ncia no cruzamento;Colis�o lateral mesmo sentido;Com V�timas Feridas;Pleno dia;Decrescente;C�u Claro;Simples;Reta;Sim;2;0;0;1;1;0;1;2;-3,441548;-45,670833;SPRF-MA;DEL02-MA;UOP01-DEL02-MA;;;