id;data_inversa;dia_semana;horario;uf;br;km;municipio;causa_acidente;tipo_acidente;classificacao_acidente;fase_dia;sentido_via;condicao_metereologica;tipo_pista;tracado_via;uso_solo;pessoas;mortos;feridos_leves;feridos_graves;ilesos;ignorados;feridos;veiculos;latitude;longitude;regional;delegacia;uop;;;
724250;11/10/2025;s�bado;08:36:00;MS;463;1;DOURADOS;Transitar no Acostamento;Colis�o transversal;Com V�timas Feridas;Pleno dia;Decrescente;C�u Claro;Simples;Reta;Sim;2;0;1;0;1;0;1;2;-22,25909424;-54,81120855;SPRF-MS;DEL04-MS;UOP01-DEL04-MS;;;
724251;11/10/2025;s�bado;09:30:00;MG;40;523;CONTAGEM;Condutor Dormindo;Tombamento;Com V�timas Feridas;Pleno dia;Decrescente;C�u Claro;Dupla;Reta;N�o;1;0;1;0;0;0;1;1;-19,869175;-44,058953;SPRF-MG;DEL01-MG;UOP02-DEL01-MG;;;
724254;11/10/2025;s�bado;10:00:00;SC;280;237,3;CANOINHAS;Velocidade Incompat�vel;Sa�da de leito carro��vel;Com V�timas Feridas;Pleno dia;Decrescente;C�u Claro;Simples;"Declive;Curva";N�o;1;0;1;0;0;0;1;1;-26,199384;-50,432677;SPRF-SC;DEL06-SC;UOP04-DEL06-SC;;;
724255;11/10/2025;s�bado;09:30:00;BA;110;181;RIBEIRA DO POMBAL;Aus�ncia de rea��o do condutor;Capotamento;Com V�timas Feridas;Pleno dia;Decrescente;C�u Claro;Simples;Reta;N�o;1;0;1;0;0;0;1;1;-10,93145444;-38,51879865;SPRF-BA;DEL07-BA;UOP02-DEL07-BA;;;
724257;11/10/2025;s�bado;08:30:00;SC;101;151;ITAPEMA;Ingest�o de �lcool pelo condutor;Colis�o lateral mesmo sentido;Sem V�timas;Pleno dia;Decrescente;Nublado;Dupla;Reta;N�o;2;0;0;0;1;1;0;2;-27,13340075;-48,60961882;SPRF-SC;DEL04-SC;UOP03-DEL04-SC;;;
724258;11/10/2025;s�bado;09:20:00;PR;116;7,5;CAMPINA GRANDE DO SUL;Chuva;Colis�o com objeto;Com V�timas Feridas;Pleno dia;Crescente;Chuva;Dupla;"Declive;Curva";N�o;4;0;3;0;0;1;3;1;-25,08088128;-48,62271756;SPRF-PR;DEL01-PR;UOP02-DEL01-PR;;;
724260;11/10/2025;s�bado;09:10:00;PR;277;302,2;PRUDENTOPOLIS;Rea��o tardia ou ineficiente do condutor;Colis�o lateral mesmo sentido;Com V�timas Feridas;Pleno dia;Decrescente;Nublado;Simples;Reta;N�o;2;0;1;0;1;0;1;2;-25,30911458;-51,16729975;SPRF-PR;DEL08-PR;UOP01-DEL08-PR;;;
724261;11/10/2025;s�bado;09:45:00;RS;392;57,7;RIO GRANDE;Demais falhas mec�nicas ou el�tricas;Queda de ocupante de ve�culo;Com V�timas Feridas;Pleno dia;Decrescente;C�u Claro;Dupla;Curva;N�o;2;0;2;0;0;0;2;1;-32,0592949;-52,2706514;SPRF-RS;DEL07-RS;UOP02-DEL07-RS;;;
724263;11/10/2025;s�bado;10:40:00;TO;153;449,8;BARROLANDIA;Entrada inopinada do pedestre;Atropelamento de Pedestre;Com V�timas Feridas;Pleno dia;Crescente;Nublado;Simples;Reta;Sim;2;0;1;0;1;0;1;2;-9,829402;-48,72249695;SPRF-TO;DEL01-TO;UOP01-DEL01-TO;;;
724264;11/10/2025;s�bado;08:40:00;PR;277;595,1;CASCAVEL;Transitar no Acostamento;Queda de ocupante de ve�culo;Com V�timas Feridas;Pleno dia;Decrescente;Sol;Dupla;Reta;Sim;2;0;0;1;1;0;1;2;-24,983289;-53,502846;SPRF-PR;DEL04-PR;UOP01-DEL04-PR;;;
724265;11/10/2025;s�bado;09:30:00;ES;393;0,5;CACHOEIRO DE ITAPEMIRIM;Ultrapassagem Indevida;Colis�o frontal;Com V�timas Feridas;Pleno dia;Crescente;Nublado;Simples;Reta;Sim;2;0;1;0;1;0;1;2;-20,8388083;-41,163215;SPRF-ES;DEL03-ES;UOP02-DEL03-ES;;;
724267;11/10/2025;s�bado;10:30:00;SC;101;195,3;BIGUACU;Aus�ncia de rea��o do condutor;Atropelamento de Pedestre;Com V�timas Feridas;Pleno dia;Crescente;C�u Claro;Simples;Viaduto;Sim;2;0;1;0;1;0;1;2;-27,507085;-48,64788;SPRF-SC;DEL01-SC;UOP01-DEL01-SC;;;
724268;11/10/2025;s�bado;10:50:00;SE;101;95;NOSSA SENHORA DO SOCORRO;Aus�ncia de rea��o do condutor;Queda de ocupante de ve�culo;Com V�timas Feridas;Pleno dia;Decrescente;Sol;Dupla;Reta;N�o;1;0;1;0;0;0;1;1;-10,915237;-37,163747;SPRF-SE;DEL02-SE;UOP01-DEL02-SE;;;
724270;11/10/2025;s�bado;11:00:00;MG;40;511;RIBEIRAO DAS NEVES;Condutor deixou de manter dist�ncia do ve�culo da frente;Colis�o traseira;Com V�timas Feridas;Pleno dia;Decrescente;Sol;Dupla;Reta;Sim;3;0;1;0;2;0;1;2;-19,78770323;-44,11457062;SPRF-MG;DEL01-MG;UOP02-DEL01-MG;;;
724271;10/10/2025;sexta-feira;17:05:00;PA;316;10;MARITUBA;Ingest�o de �lcool pelo condutor;Colis�o traseira;Com V�timas Feridas;Pleno dia;Decrescente;C�u Claro;Dupla;Reta;Sim;3;0;1;0;2;0;1;3;-1,36544635;-48,34353526;SPRF-PA;DEL01-PA;UOP01-DEL01-PA;;;
724274;11/10/2025;s�bado;10:00:00;RJ;116;146;DUQUE DE CAXIAS;Demais falhas mec�nicas ou el�tricas;Inc�ndio;Sem V�timas;Pleno dia;Decrescente;Nublado;M�ltipla;Reta;Sim;1;0;0;0;1;0;0;1;-22,66597704;-43,261199;SPRF-RJ;DEL01-RJ;UOP02-DEL01-RJ;;;
724276;11/10/2025;s�bado;11:00:00;PE;101;66,8;RECIFE;Acessar a via sem observar a presen�a dos outros ve�culos;Colis�o lateral mesmo sentido;Com V�timas Feridas;Pleno dia;Crescente;C�u Claro;Dupla;"Interse��o de Vias;Reta";Sim;3;0;1;0;2;0;1;3;-8,041962;-34,94329;SPRF-PE;DEL01-PE;UOP01-DEL01-PE;;;
724277;11/10/2025;s�bado;10:30:00;RJ;101;306;SAO GONCALO;Demais falhas mec�nicas ou el�tricas;Tombamento;Com V�timas Feridas;Pleno dia;Decrescente;Nublado;Dupla;Reta;Sim;1;0;1;0;0;0;1;1;-22,78943743;-43,00681756;SPRF-RJ;DEL02-RJ;UOP02-DEL02-RJ;;;
724278;11/10/2025;s�bado;11:45:00;BA;101;715;EUNAPOLIS;Rea��o tardia ou ineficiente do condutor;Colis�o traseira;Sem V�timas;Pleno dia;Crescente;C�u Claro;Dupla;Reta;Sim;2;0;0;0;2;0;0;2;-16,3615241;-39,5803544;SPRF-BA;DEL09-BA;UOP01-DEL09-BA;;;
724279;11/10/2025;s�bado;07:30:00;BA;116;696;JEQUIE;Velocidade Incompat�vel;Sa�da de leito carro��vel;Com V�timas Feridas;Pleno dia;Decrescente;Nublado;Simples;Curva;N�o;5;0;1;0;4;0;1;1;-14,037562;-40,204008;SPRF-BA;DEL03-BA;UOP01-DEL03-BA;;;
724281;11/10/2025;s�bado;11:40:00;RS;116;143;CAXIAS DO SUL;Retorno proibido;Colis�o lateral mesmo sentido;Com V�timas Feridas;Pleno dia;Decrescente;C�u Claro;Dupla;Interse��o de Vias;Sim;2;0;1;0;1;0;1;2;-29,11807253;-51,11604659;SPRF-RS;DEL05-RS;UOP01-DEL05-RS;;;
724282;11/10/2025;s�bado;12:15:00;SP;101;48;UBATUBA;Trafegar com motocicleta (ou similar) entre as faixas;Colis�o transversal;Com V�timas Feridas;Pleno dia;Crescente;Sol;Simples;Reta;Sim;2;0;1;0;1;0;1;2;-23,43736374;-45,08780187;SPRF-SP;DEL06-SP;UOP01-DEL06-SP;;;
724283;11/10/2025;s�bado;11:25:00;MA;10;256;IMPERATRIZ;Transitar na contram�o;Colis�o transversal;Com V�timas Feridas;Pleno dia;Crescente;C�u Claro;Simples;Reta;Sim;3;0;1;1;1;0;2;3;-5,4934;-47,472;SPRF-MA;DEL04-MA;UOP01-DEL04-MA;;;
724284;11/10/2025;s�bado;12:30:00;ES;262;78,8;DOMINGOS MARTINS;Ultrapassagem Indevida;Colis�o frontal;Com V�timas Feridas;Pleno dia;Crescente;Sol;Simples;Curva;N�o;5;0;1;1;3;0;2;3;-20,409761;-40,928312;SPRF-ES;DEL01-ES;UOP02-DEL01-ES;;;
724285;11/10/2025;s�bado;12:20:00;RJ;116;178;BELFORD ROXO;Trafegar com motocicleta (ou similar) entre as faixas;Colis�o lateral mesmo sentido;Com V�timas Feridas;Pleno dia;Crescente;Nublado;Dupla;Reta;N�o;3;0;2;0;1;0;2;2;-22,76896894;-43,40923246;SPRF-RJ;DEL06-RJ;UOP01-DEL06-RJ;;;
724286;11/10/2025;s�bado;12:45:00;MG;50;1;UBERLANDIA;Declive acentuado;Sa�da de leito carro��vel;Com V�timas Feridas;Pleno dia;Crescente;C�u Claro;Dupla;Declive;N�o;2;0;2;0;0;0;2;1;-18,85458355;-48,2442468;SPRF-MG;DEL15-MG;UOP01-DEL15-MG;;;
724287;11/10/2025;s�bado;12:10:00;PB;104;115,4;LAGOA SECA;Acessar a via sem observar a presen�a dos outros ve�culos;Colis�o transversal;Com V�timas Feridas;Pleno dia;Crescente;C�u Claro;Simples;Reta;Sim;4;0;1;1;2;0;2;2;-7,171297;-35,859924;SPRF-PB;DEL02-PB;UOP04-DEL02-PB;;;
724288;11/10/2025;s�bado;13:15:00;MG;40;544;BELO HORIZONTE;Manobra de mudan�a de faixa;Colis�o lateral mesmo sentido;Com V�timas Feridas;Pleno dia;Crescente;Nublado;M�ltipla;"Aclive;Reta";Sim;2;0;1;0;1;0;1;2;-20,001904;-43,965088;SPRF-MG;DEL01-MG;UOP02-DEL01-MG;;;
724292;11/10/2025;s�bado;13:10:00;PB;230;23,9;JOAO PESSOA;Demais falhas mec�nicas ou el�tricas;Colis�o com objeto;Com V�timas Feridas;Pleno dia;Decrescente;Sol;Dupla;Curva;Sim;3;0;2;0;1;0;2;2;-7,170803;-34,867315;SPRF-PB;DEL01-PB;UOP01-DEL01-PB;;;
724294;11/10/2025;s�bado;13:03:00;PE;101;67;RECIFE;Condutor Dormindo;Sa�da de leito carro��vel;Sem V�timas;Pleno dia;Crescente;Sol;Dupla;Reta;Sim;1;0;0;0;1;0;0;1;-8,050177;-34,945785;SPRF-PE;DEL01-PE;UOP01-DEL01-PE;;;
724295;11/10/2025;s�bado;13:05:00;BA;101;713;EUNAPOLIS;Acessar a via sem observar a presen�a dos outros ve�culos;Colis�o lateral mesmo sentido;Com V�timas Feridas;Pleno dia;Crescente;C�u Claro;Simples;Reta;Sim;2;0;1;0;1;0;1;2;-16,340014;-39,5805541;SPRF-BA;DEL09-BA;UOP01-DEL09-BA;;;
724298;11/10/2025;s�bado;11:30:00;MG;116;416;GOVERNADOR VALADARES;Acessar a via sem observar a presen�a dos outros ve�culos;Colis�o transversal;Com V�timas Feridas;Pleno dia;Crescente;C�u Claro;Simples;Interse��o de Vias;N�o;3;0;1;0;2;0;1;2;-18,8957855;-41,94783423;SPRF-MG;DEL06-MG;UOP01-DEL06-MG;;;
724300;11/10/2025;s�bado;13:05:00;PB;230;16,5;JOAO PESSOA;Aus�ncia de rea��o do condutor;Tombamento;Com V�timas Feridas;Pleno dia;Crescente;C�u Claro;Dupla;Reta;Sim;1;0;1;0;0;0;1;1;-7,10867634;-34,84343916;SPRF-PB;DEL01-PB;UOP01-DEL01-PB;;;
724301;07/10/2025;ter�a-feira;06:40:00;BA;324;613,8;SALVADOR;Rea��o tardia ou ineficiente do condutor;Colis�o traseira;Com V�timas Feridas;Pleno dia;Crescente;Sol;Dupla;Reta;Sim;3;0;1;1;1;0;2;2;-12,871518;-38,42715;SPRF-BA;DEL01-BA;UOP01-DEL01-BA;;;
724302;11/10/2025;s�bado;14:00:00;BA;349;984;CORRENTINA;Velocidade Incompat�vel;Sa�da de leito carro��vel;Com V�timas Feridas;Pleno dia;Crescente;Sol;Simples;Reta;N�o;4;0;4;0;0;0;4;1;-13,554366;-45,066105;SPRF-BA;DEL10-BA;UOP02-DEL10-BA;;;
724303;16/08/2025;s�bado;21:00:00;MG;381;170,3;GOVERNADOR VALADARES;Condutor deixou de manter dist�ncia do ve�culo da frente;Colis�o traseira;Com V�timas Feridas;Plena Noite;Decrescente;C�u Claro;Simples;Reta;N�o;2;0;0;1;1;0;1;2;-18,98674488;-42,10955858;SPRF-MG;DEL06-MG;UOP01-DEL06-MG;;;
724304;11/10/2025;s�bado;14:00:00;BA;324;605;SIMOES FILHO;Demais falhas mec�nicas ou el�tricas;Tombamento;Com V�timas Feridas;Pleno dia;Decrescente;C�u Claro;Dupla;Reta;N�o;2;0;2;0;0;0;2;1;-12,79294465;-38,40490133;SPRF-BA;DEL01-BA;UOP01-DEL01-BA;;;
724305;11/10/2025;s�bado;12:40:00;SP;153;151;PROMISSAO;Condutor deixou de manter dist�ncia do ve�culo da frente;Sa�da de leito carro��vel;Sem V�timas;Pleno dia;Decrescente;C�u Claro;Simples;Reta;N�o;3;0;0;0;3;0;0;1;-21,42600538;-49,78582263;SPRF-SP;DEL07-SP;UOP01-DEL07-SP;;;
724307;11/10/2025;s�bado;13:40:00;RN;101;98;NATAL;Aus�ncia de rea��o do condutor;Colis�o lateral mesmo sentido;Com V�timas Feridas;Pleno dia;Decrescente;Sol;M�ltipla;Reta;Sim;2;0;1;0;1;0;1;2;-5,86611205;-35,2166748;SPRF-RN;DEL01-RN;UOP01-DEL01-RN;;;
724308;11/10/2025;s�bado;14:30:00;SP;116;99,9;PINDAMONHANGABA;Rea��o tardia ou ineficiente do condutor;Colis�o traseira;Com V�timas Feridas;Pleno dia;Decrescente;Nublado;Dupla;Reta;N�o;1;0;0;1;0;0;1;1;-22,9832626;-45,4673184;SPRF-SP;DEL08-SP;UOP01-DEL08-SP;;;
724309;09/03/2025;domingo;21:00:00;GO;60;27,3;ALEXANIA;Animais na Pista;Atropelamento de Animal;Com V�timas Feridas;Plena Noite;Crescente;Nublado;Dupla;"Ponte;Reta";N�o;2;0;0;1;1;0;1;2;-16,10176;-48,460675;SPRF-DF;DEL03-DF;UOP01-DEL03-DF;;;
724310;11/10/2025;s�bado;14:20:00;SC;101;206,9;SAO JOSE;Rea��o tardia ou ineficiente do condutor;Colis�o traseira;Com V�timas Feridas;Pleno dia;Crescente;Nublado;Dupla;Curva;N�o;3;0;2;0;1;0;2;2;-27,602313;-48,62963;SPRF-SC;DEL01-SC;UOP01-DEL01-SC;;;
724311;11/10/2025;s�bado;09:30:00;RS;293;77;PIRATINI;Aus�ncia de rea��o do condutor;Tombamento;Com V�timas Feridas;Pleno dia;Decrescente;C�u Claro;Simples;Curva;N�o;1;0;1;0;0;0;1;1;-31,674;-53,103;SPRF-RS;DEL07-RS;UOP01-DEL07-RS;;;
724312;11/10/2025;s�bado;12:40:00;MG;50;0,2;ARAGUARI;Aus�ncia de rea��o do condutor;Colis�o com objeto;Com V�timas Feridas;Pleno dia;Decrescente;Chuva;Dupla;"Declive;Reta";N�o;1;0;1;0;0;0;1;1;-18,43401622;-48,06243896;SPRF-MG;DEL15-MG;UOP02-DEL15-MG;;;
724313;11/10/2025;s�bado;13:35:00;SC;101;38,4;JOINVILLE;Desrespeitar a prefer�ncia no cruzamento;Colis�o transversal;Com V�timas Feridas;Pleno dia;Crescente;Nublado;Dupla;"Interse��o de Vias;Viaduto;Rotat�ria";Sim;2;0;2;0;0;0;2;2;-26,29637756;-48,88425708;SPRF-SC;DEL03-SC;UOP01-DEL03-SC;;;
724317;11/10/2025;s�bado;14:00:00;RJ;40;116;DUQUE DE CAXIAS;Manobra de mudan�a de faixa;Colis�o lateral mesmo sentido;Com V�timas Feridas;Pleno dia;Decrescente;Nublado;M�ltipla;Reta;N�o;3;0;2;0;1;0;2;2;-22,67463233;-43,285866;SPRF-RJ;DEL01-RJ;UOP02-DEL01-RJ;;;
724318;11/10/2025;s�bado;15:25:00;SP;488;1;APARECIDA;Rea��o tardia ou ineficiente do condutor;Atropelamento de Pedestre;Com V�timas Feridas;Pleno dia;Crescente;C�u Claro;Dupla;Reta;Sim;2;0;1;0;1;0;1;2;-22,850025;-45,2318707;SPRF-SP;DEL08-SP;UOP01-DEL08-SP;;;
724319;11/10/2025;s�bado;11:40:00;RJ;356;2;ITAPERUNA;Demais falhas na via;Queda de ocupante de ve�culo;Com V�timas Feridas;Pleno dia;Crescente;C�u Claro;Simples;Curva;N�o;2;0;2;0;0;0;2;1;-21,14890889;-42,16074014;SPRF-RJ;DEL08-RJ;UOP03-DEL08-RJ;;;
724320;11/10/2025;s�bado;12:00:00;RN;101;115;SAO JOSE DE MIPIBU;Ingest�o de �lcool pelo condutor;Sa�da de leito carro��vel;Com V�timas Feridas;Pleno dia;Decrescente;C�u Claro;Dupla;Reta;N�o;5;0;4;1;0;0;5;1;-5,99182048;-35,26330685;SPRF-RN;DEL01-RN;UOP01-DEL01-RN;;;
724321;11/10/2025;s�bado;15:00:00;RJ;101;467,5;ANGRA DOS REIS;Rea��o tardia ou ineficiente do condutor;Queda de ocupante de ve�culo;Com V�timas Feridas;Pleno dia;Decrescente;C�u Claro;Simples;Curva;N�o;1;0;1;0;0;0;1;1;-23,005708;-44,217074;SPRF-RJ;DEL03-RJ;UOP03-DEL03-RJ;;;
724323;11/10/2025;s�bado;14:36:00;MA;10;254;IMPERATRIZ;Acessar a via sem observar a presen�a dos outros ve�culos;Colis�o transversal;Com V�timas Feridas;Pleno dia;Decrescente;C�u Claro;Simples;"Interse��o de Vias;Reta";N�o;4;0;1;0;3;0;1;2;-5,517618;-47,471655;SPRF-MA;DEL04-MA;UOP01-DEL04-MA;;;
724324;11/10/2025;s�bado;14:30:00;RN;101;27;RIO DO FOGO;Aus�ncia de rea��o do condutor;Capotamento;Com V�timas Feridas;Pleno dia;Decrescente;C�u Claro;Simples;Reta;N�o;2;0;2;0;0;0;2;1;-5,346668;-35,391717;SPRF-RN;DEL02-RN;UOP01-DEL02-RN;;;
724325;11/10/2025;s�bado;15:05:00;SC;101;3,2;FLORIANOPOLIS;Velocidade Incompat�vel;Atropelamento de Pedestre;Com V�timas Feridas;Pleno dia;Crescente;Nublado;M�ltipla;"Aclive;Curva";Sim;3;0;1;1;1;0;2;2;-27,59869645;-48,60001652;SPRF-SC;DEL03-SC;UOP01-DEL03-SC;;;
724327;11/10/2025;s�bado;15:45:00;MG;40;746,5;SANTOS DUMONT;Rea��o tardia ou ineficiente do condutor;Sa�da de leito carro��vel;Com V�timas Feridas;Pleno dia;Crescente;Chuva;Simples;Curva;N�o;4;0;1;0;3;0;1;1;-21,471537;-43,550851;SPRF-MG;DEL05-MG;UOP01-DEL05-MG;;;
724328;11/10/2025;s�bado;15:42:00;SP;116;219;GUARULHOS;Ingest�o de �lcool pelo condutor;Colis�o lateral mesmo sentido;Com V�timas Feridas;Pleno dia;Decrescente;Nublado;M�ltipla;Reta;Sim;3;0;2;0;1;0;2;2;-23,45969904;-46,48554734;SPRF-SP;DEL01-SP;UOP01-DEL01-SP;;;
724330;11/10/2025;s�bado;16:20:00;SC;101;217,2;PALHOCA;Aus�ncia de rea��o do condutor;Colis�o traseira;Com V�timas Feridas;Pleno dia;Decrescente;C�u Claro;M�ltipla;Reta;N�o;3;0;2;0;0;1;2;2;-27,67356379;-48,67146939;SPRF-SC;DEL01-SC;UOP02-DEL01-SC;;;
724331;15/09/2025;segunda-feira;09:30:00;RJ;40;109;DUQUE DE CAXIAS;Manobra de mudan�a de faixa;Colis�o lateral mesmo sentido;Com V�timas Feridas;Pleno dia;Decrescente;C�u Claro;M�ltipla;Reta;Sim;1;0;1;0;0;0;1;1;-22,67721782;-43,2862168;SPRF-RJ;DEL01-RJ;UOP02-DEL01-RJ;;;
724333;11/10/2025;s�bado;16:45:00;MG;381;394;BOM JESUS DO AMPARO;Velocidade Incompat�vel;Sa�da de leito carro��vel;Com V�timas Feridas;Pleno dia;Decrescente;Nublado;Dupla;"Curva;Aclive";N�o;3;0;3;0;0;0;3;1;-19,747466;-43,492598;SPRF-MG;DEL01-MG;UOP01-DEL01-MG;;;
724334;15/09/2025;segunda-feira;09:30:00;RJ;40;109;DUQUE DE CAXIAS;Manobra de mudan�a de faixa;Colis�o lateral mesmo sentido;Com V�timas Feridas;Pleno dia;Decrescente;C�u Claro;M�ltipla;Reta;Sim;1;0;1;0;0;0;1;1;-22,67684705;-43,28612208;SPRF-RJ;DEL01-RJ;UOP02-DEL01-RJ;;;
724335;11/10/2025;s�bado;16:15:00;SC;470;52;FLORIANOPOLIS;Convers�o proibida;Colis�o transversal;Com V�timas Feridas;Pleno dia;Crescente;Nublado;Simples;"Desvio Tempor�rio;Em Obras";N�o;2;0;1;0;1;0;1;2;-27,5972096;-48,5556224;SPRF-SC;DEL04-SC;UOP01-DEL04-SC;;;
724336;11/10/2025;s�bado;16:15:00;GO;70;370;JUSSARA;Rea��o tardia ou ineficiente do condutor;Colis�o traseira;Sem V�timas;Pleno dia;Crescente;C�u Claro;Simples;Reta;N�o;2;0;0;0;1;1;0;2;-15,92881289;-51,32177353;SPRF-GO;DEL04-GO;UOP02-DEL04-GO;;;
724337;11/10/2025;s�bado;17:06:00;PI;343;0;TERESINA;Acesso irregular;Atropelamento de Pedestre;Com V�timas Feridas;Pleno dia;Crescente;C�u Claro;M�ltipla;Viaduto;Sim;2;0;1;0;1;0;1;2;-5,07791719;-42,74848938;SPRF-PI;DEL01-PI;UOP01-DEL01-PI;;;
724338;11/10/2025;s�bado;16:50:00;SC;101;140;BALNEARIO CAMBORIU;Acessar a via sem observar a presen�a dos outros ve�culos;Colis�o transversal;Com V�timas Feridas;Pleno dia;Crescente;Nublado;Dupla;"Aclive;Curva";Sim;3;0;2;0;1;0;2;2;-27,04130013;-48,59979121;SPRF-SC;DEL04-SC;UOP03-DEL04-SC;;;
724340;11/10/2025;s�bado;16:45:00;PR;277;585;CASCAVEL;Transitar na contram�o;Colis�o frontal;Com V�timas Feridas;Pleno dia;Decrescente;C�u Claro;Simples;Reta;N�o;4;0;3;0;1;0;3;2;-24,96385658;-53,41554463;SPRF-PR;DEL04-PR;UOP01-DEL04-PR;;;
724341;11/10/2025;s�bado;17:40:00;PI;343;333;TERESINA;Chuva;Tombamento;Com V�timas Feridas;Amanhecer;Crescente;Chuva;Dupla;Reta;Sim;1;0;0;1;0;0;1;1;-5,056608;-42,683448;SPRF-PI;DEL01-PI;UOP01-DEL01-PI;;;
724342;28/09/2025;domingo;22:00:00;TO;153;181;ARAGUAINA;Defici�ncia do Sistema de Ilumina��o/Sinaliza��o;Colis�o traseira;Com V�timas Feridas;Plena Noite;Crescente;C�u Claro;Simples;Reta;N�o;4;0;0;2;2;0;2;2;-7,4612954;-48,37253362;SPRF-TO;DEL02-TO;UOP01-DEL02-TO;;;
724344;11/10/2025;s�bado;17:00:00;DF;20;33;BRASILIA;Aus�ncia de rea��o do condutor;Colis�o traseira;Com V�timas Feridas;Pleno dia;Crescente;C�u Claro;Dupla;Reta;N�o;2;0;0;1;1;0;1;2;-15,58664916;-47,57341862;SPRF-DF;DEL02-DF;UOP01-DEL02-DF;;;
724346;11/10/2025;s�bado;17:35:00;SP;116;77,3;ROSEIRA;Pedestre cruzava a pista fora da faixa;Atropelamento de Pedestre;Com V�timas Feridas;Pleno dia;Crescente;Sol;Dupla;Reta;Sim;2;0;0;2;0;0;2;2;-22,884642;-45,281165;SPRF-SP;DEL08-SP;UOP01-DEL08-SP;;;
724347;11/10/2025;s�bado;16:25:00;RN;101;164;CANGUARETAMA;Pista esburacada;Colis�o com objeto;Com V�timas Feridas;Pleno dia;Crescente;C�u Claro;Dupla;"Reta;Ponte";N�o;4;0;3;0;1;0;3;1;-6,4035833;-35,134265;SPRF-RN;DEL01-RN;UOP01-DEL01-RN;;;
724348;11/10/2025;s�bado;17:50:00;RN;101;109;PARNAMIRIM;Aus�ncia de rea��o do condutor;Capotamento;Sem V�timas;Anoitecer;Decrescente;C�u Claro;Dupla;Reta;Sim;1;0;0;0;0;1;0;1;-5,93561;-35,264585;SPRF-RN;DEL01-RN;UOP01-DEL01-RN;;;
724349;11/10/2025;s�bado;17:18:00;SP;381;85,5;SAO PAULO;Rea��o tardia ou ineficiente do condutor;Colis�o traseira;Com V�timas Feridas;Pleno dia;Decrescente;C�u Claro;Dupla;Reta;Sim;4;0;1;2;1;0;3;2;-23,45896419;-46,57137819;SPRF-SP;DEL03-SP;UOP01-DEL03-SP;;;
724350;11/10/2025;s�bado;13:30:00;ES;259;52,6;COLATINA;Rea��o tardia ou ineficiente do condutor;Sa�da de leito carro��vel;Sem V�timas;Pleno dia;Crescente;C�u Claro;Simples;Curva;N�o;1;0;0;0;0;1;0;1;-19,500716;-40,629415;SPRF-ES;DEL02-ES;UOP01-DEL02-ES;;;
724351;11/10/2025;s�bado;19:20:00;SC;101;213,9;PALHOCA;Condutor deixou de manter dist�ncia do ve�culo da frente;Colis�o traseira;Com V�timas Feridas;Plena Noite;Decrescente;Chuva;M�ltipla;Reta;Sim;2;0;1;0;1;0;1;2;-27,644077;-48,67006;SPRF-SC;DEL01-SC;UOP02-DEL01-SC;;;
724352;11/10/2025;s�bado;17:35:00;PB;230;27,1;JOAO PESSOA;Avarias e/ou desgaste excessivo no pneu;Queda de ocupante de ve�culo;Com V�timas Feridas;Anoitecer;Decrescente;C�u Claro;Dupla;"Reta;Aclive";N�o;2;0;1;1;0;0;2;1;-7,16667163;-34,88764107;SPRF-PB;DEL01-PB;UOP01-DEL01-PB;;;
724354;11/10/2025;s�bado;18:00:00;RS;448;19;CANOAS;Rea��o tardia ou ineficiente do condutor;Colis�o lateral mesmo sentido;Sem V�timas;Plena Noite;Decrescente;C�u Claro;Dupla;Reta;N�o;2;0;0;0;1;1;0;2;-29,9516372;-51,2030977;SPRF-RS;DEL01-RS;UOP01-DEL01-RS;;;
724355;11/10/2025;s�bado;18:30:00;ES;101;270;SERRA;Manobra de mudan�a de faixa;Colis�o lateral sentido oposto;Com V�timas Feridas;Plena Noite;Crescente;Nublado;Dupla;Reta;Sim;2;0;1;0;1;0;1;2;-20,23085183;-40,27316451;SPRF-ES;DEL02-ES;UOP01-DEL02-ES;;;
724356;11/10/2025;s�bado;18:00:00;MG;381;423;SABARA;Pista Escorregadia;Sa�da de leito carro��vel;Com V�timas Feridas;Anoitecer;Crescente;Chuva;Dupla;"Aclive;Curva";N�o;1;0;1;0;0;0;1;1;-19,78749123;-43,69129658;SPRF-MG;DEL01-MG;UOP01-DEL01-MG;;;
724357;11/10/2025;s�bado;18:00:00;MG;381;424;SABARA;Velocidade Incompat�vel;Sa�da de leito carro��vel;Com V�timas Feridas;Plena Noite;Crescente;Nublado;Simples;"Curva;Declive";N�o;4;0;2;0;2;0;2;1;-19,787664;-43,699355;SPRF-MG;DEL01-MG;UOP01-DEL01-MG;;;
724358;11/10/2025;s�bado;18:50:00;MG;459;96,1;POUSO ALEGRE;Velocidade Incompat�vel;Colis�o transversal;Com V�timas Feridas;Plena Noite;Crescente;Nublado;Simples;"Aclive;Curva";N�o;7;0;6;1;0;0;7;2;-22,18629233;-45,98404884;SPRF-MG;DEL09-MG;UOP01-DEL09-MG;;;
724359;11/10/2025;s�bado;18:50:00;CE;116;26;AQUIRAZ;Entrada inopinada do pedestre;Atropelamento de Pedestre;Com V�timas Feridas;Plena Noite;Decrescente;Nublado;Dupla;Reta;Sim;3;0;3;0;0;0;3;2;-3,976207;-38,514097;SPRF-CE;DEL01-CE;UOP02-DEL01-CE;;;
724360;11/10/2025;s�bado;17:25:00;RJ;101;310;SAO GONCALO;Demais falhas mec�nicas ou el�tricas;Tombamento;Com V�timas Feridas;Pleno dia;Crescente;Nublado;Dupla;Reta;N�o;2;0;0;1;1;0;1;1;-22,79714806;-43,04497004;SPRF-RJ;DEL02-RJ;UOP02-DEL02-RJ;;;