id;data_inversa;dia_semana;horario;uf;br;km;municipio;causa_acidente;tipo_acidente;classificacao_acidente;fase_dia;sentido_via;condicao_metereologica;tipo_pista;tracado_via;uso_solo;pessoas;mortos;feridos_leves;feridos_graves;ilesos;ignorados;feridos;veiculos;latitude;longitude;regional;delegacia;uop;;;
724467;12/10/2025;domingo;05:15:00;MG;381;884,2;ESTIVA;Aus�ncia de rea��o do condutor;Sa�da de leito carro��vel;Com V�timas Fatais;Amanhecer;Crescente;C�u Claro;Dupla;Reta;N�o;1;1;0;0;0;0;0;1;-22,49428;-46,012878;SPRF-MG;DEL16-MG;UOP01-DEL16-MG;;;
724471;12/10/2025;domingo;04:00:00;MS;163;733;COXIM;Ingest�o de �lcool pelo condutor;Sa�da de leito carro��vel;Sem V�timas;Plena Noite;Crescente;C�u Claro;Simples;Reta;N�o;2;0;0;0;2;0;0;1;-18,4805109;-54,721959;SPRF-MS;DEL06-MS;UOP01-DEL06-MS;;;
724472;12/10/2025;domingo;05:00:00;RS;116;249;SAO LEOPOLDO;Velocidade Incompat�vel;Colis�o com objeto;Com V�timas Feridas;Amanhecer;Decrescente;Nublado;Dupla;Curva;Sim;3;0;2;0;0;1;2;2;-29,785981;-51,1635622;SPRF-RS;DEL01-RS;UOP02-DEL01-RS;;;
724473;28/09/2025;domingo;09:30:00;PA;10;128;PARAGOMINAS;Manobra de mudan�a de faixa;Sa�da de leito carro��vel;Com V�timas Fatais;Pleno dia;Crescente;Sol;Simples;"Reta;Aclive";N�o;7;1;4;2;0;0;6;2;-3,321452;-47,460443;SPRF-PA;DEL02-PA;UOP01-DEL02-PA;;;
724474;12/10/2025;domingo;04:30:00;PR;376;170;MARINGA;Acumulo de �gua sobre o pavimento;Sa�da de leito carro��vel;Com V�timas Feridas;Plena Noite;Decrescente;Chuva;Dupla;Reta;Sim;1;0;1;0;0;0;1;1;-23,40594345;-51,99283981;SPRF-PR;DEL09-PR;UOP01-DEL09-PR;;;
724475;12/10/2025;domingo;00:10:00;SC;470;1;NAVEGANTES;Condutor deixou de manter dist�ncia do ve�culo da frente;Colis�o traseira;Com V�timas Feridas;Plena Noite;Decrescente;Chuva;Dupla;Reta;N�o;4;0;0;1;3;0;1;2;-26,8805594;-48,66334883;SPRF-SC;DEL04-SC;UOP04-DEL04-SC;;;
724476;12/10/2025;domingo;03:45:00;RO;364;527;ARIQUEMES;Rea��o tardia ou ineficiente do condutor;Sa�da de leito carro��vel;Com V�timas Feridas;Plena Noite;Decrescente;C�u Claro;Simples;Reta;N�o;1;0;1;0;0;0;1;1;-9,79778413;-63,08616221;SPRF-RO;DEL03-RO;UOP01-DEL03-RO;;;
724477;12/10/2025;domingo;05:46:00;SP;116;182,3;SANTA ISABEL;Condutor deixou de manter dist�ncia do ve�culo da frente;Colis�o traseira;Sem V�timas;Pleno dia;Decrescente;Nublado;Dupla;Reta;N�o;6;0;0;0;3;3;0;2;-23,34329816;-46,15849368;SPRF-SP;DEL01-SP;UOP01-DEL01-SP;;;
724478;12/10/2025;domingo;04:33:00;MS;163;521,5;JARAGUARI;Condutor Dormindo;Colis�o com objeto;Com V�timas Feridas;Amanhecer;Crescente;Nublado;Dupla;Reta;N�o;3;0;2;0;1;0;2;1;-20,145971;-54,439356;SPRF-MS;DEL01-MS;UOP02-DEL01-MS;;;
724479;12/10/2025;domingo;05:50:00;PR;369;195,9;ARAPONGAS;Desrespeitar a prefer�ncia no cruzamento;Colis�o transversal;Com V�timas Feridas;Amanhecer;Crescente;Chuva;Dupla;Retorno Regulamentado;N�o;3;0;2;0;1;0;2;2;-23,49158747;-51,4232254;SPRF-PR;DEL07-PR;UOP03-DEL07-PR;;;
724481;12/10/2025;domingo;00:30:00;RO;364;396,6;OURO PRETO DO OESTE;Rea��o tardia ou ineficiente do condutor;Sa�da de leito carro��vel;Com V�timas Feridas;Plena Noite;Crescente;C�u Claro;Simples;Reta;N�o;4;0;1;0;3;0;1;1;-10,625406;-62,325067;SPRF-RO;DEL03-RO;UOP02-DEL03-RO;;;
724482;12/10/2025;domingo;05:50:00;RJ;116;139;MAGE;Rea��o tardia ou ineficiente do condutor;Colis�o com objeto;Sem V�timas;Amanhecer;Decrescente;Nublado;Dupla;Reta;Sim;1;0;0;0;0;1;0;1;-22,646468;-43,200585;SPRF-RJ;DEL04-RJ;UOP02-DEL04-RJ;;;
724484;12/10/2025;domingo;06:31:00;SP;116;212;GUARULHOS;Rea��o tardia ou ineficiente do condutor;Tombamento;Com V�timas Feridas;Amanhecer;Crescente;Nublado;Dupla;"Declive;Reta";Sim;1;0;1;0;0;0;1;1;-23,4371933;-46,431346;SPRF-SP;DEL01-SP;UOP01-DEL01-SP;;;
724485;12/10/2025;domingo;06:17:00;MG;381;494,3;BETIM;Aus�ncia de rea��o do condutor;Colis�o com objeto;Com V�timas Feridas;Pleno dia;Crescente;C�u Claro;Dupla;"Reta;Viaduto;Aclive";N�o;1;0;0;1;0;0;1;1;-19,96689521;-44,17877197;SPRF-MG;DEL01-MG;UOP03-DEL01-MG;;;
724486;12/10/2025;domingo;06:40:00;RJ;101;462;ANGRA DOS REIS;Condutor Dormindo;Capotamento;Com V�timas Feridas;Amanhecer;Decrescente;Nublado;Simples;Curva;N�o;1;0;1;0;0;0;1;1;-23,04086571;-44,18833606;SPRF-RJ;DEL03-RJ;UOP03-DEL03-RJ;;;
724487;12/10/2025;domingo;06:30:00;PI;343;25;PARNAIBA;Condutor Dormindo;Colis�o lateral sentido oposto;Com V�timas Feridas;Pleno dia;Crescente;C�u Claro;Simples;Reta;N�o;2;0;1;0;1;0;1;2;-3,01195562;-41,76795959;SPRF-PI;DEL05-PI;UOP01-DEL05-PI;;;
724488;12/10/2025;domingo;07:10:00;RS;116;269;CANOAS;Ingest�o de �lcool pelo condutor;Colis�o com objeto;Sem V�timas;Pleno dia;Decrescente;Nublado;Dupla;Reta;Sim;2;0;0;0;0;2;0;2;-29,9632324;-51,1759454;SPRF-RS;DEL01-RS;UOP01-DEL01-RS;;;
724489;12/10/2025;domingo;06:35:00;SP;116;158;JACAREI;Rea��o tardia ou ineficiente do condutor;Sa�da de leito carro��vel;Com V�timas Feridas;Pleno dia;Crescente;C�u Claro;M�ltipla;Curva;Sim;1;0;1;0;0;0;1;1;-23,25827;-45,94848;SPRF-SP;DEL02-SP;UOP01-DEL02-SP;;;
724490;12/10/2025;domingo;06:40:00;PR;116;123;CURITIBA;Condutor Dormindo;Queda de ocupante de ve�culo;Com V�timas Feridas;Amanhecer;Crescente;Nublado;Dupla;Reta;N�o;1;0;0;1;0;0;1;1;-25,61419385;-49,31825845;SPRF-PR;DEL01-PR;UOP03-DEL01-PR;;;
724491;12/10/2025;domingo;07:00:00;SP;116;49,4;LORENA;Avarias e/ou desgaste excessivo no pneu;Sa�da de leito carro��vel;Com V�timas Feridas;Pleno dia;Crescente;Nublado;Dupla;Reta;N�o;2;0;2;0;0;0;2;1;-22,732857;-45,080022;SPRF-SP;DEL08-SP;UOP02-DEL08-SP;;;
724492;12/10/2025;domingo;06:00:00;SC;282;68,4;PALHOCA;Chuva;Sa�da de leito carro��vel;Sem V�timas;Amanhecer;Crescente;Chuva;Simples;Curva;N�o;1;0;0;0;1;0;0;1;-27,6709166;-48,7126007;SPRF-SC;DEL01-SC;UOP03-DEL01-SC;;;
724493;12/10/2025;domingo;05:40:00;GO;153;189,3;URUACU;Condutor Dormindo;Sa�da de leito carro��vel;Com V�timas Fatais;Amanhecer;Decrescente;C�u Claro;Simples;Reta;N�o;3;1;1;1;0;0;2;1;-14,439032;-49,156657;SPRF-GO;DEL07-GO;UOP02-DEL07-GO;;;
724494;11/10/2025;s�bado;21:50:00;RJ;116;81;TERESOPOLIS;Ilumina��o deficiente;Queda de ocupante de ve�culo;Com V�timas Feridas;Plena Noite;Crescente;Nublado;Simples;Curva;N�o;1;0;1;0;0;0;1;1;-22,38400786;-42,95474052;SPRF-RJ;DEL04-RJ;UOP01-DEL04-RJ;;;
724495;12/10/2025;domingo;00:50:00;GO;50;100;CRISTALINA;Ingest�o de �lcool pelo condutor;Capotamento;Sem V�timas;Plena Noite;Crescente;C�u Claro;Dupla;Reta;Sim;1;0;0;0;0;1;0;1;-16,781;-47,63;SPRF-DF;DEL01-DF;UOP02-DEL01-DF;;;
724496;12/10/2025;domingo;06:00:00;RO;435;94;COLORADO DO OESTE;Rea��o tardia ou ineficiente do condutor;Capotamento;Com V�timas Feridas;Pleno dia;Crescente;C�u Claro;Simples;Reta;N�o;5;0;4;0;0;1;4;2;-13,19332204;-60,64301697;SPRF-RO;DEL04-RO;UOP02-DEL04-RO;;;
724497;12/10/2025;domingo;00:10:00;RJ;40;112;DUQUE DE CAXIAS;Rea��o tardia ou ineficiente do condutor;Colis�o traseira;Com V�timas Feridas;Plena Noite;Decrescente;Nublado;M�ltipla;Reta;Sim;3;0;2;0;1;0;2;3;-22,69236998;-43,28740833;SPRF-RJ;DEL01-RJ;UOP02-DEL01-RJ;;;
724498;12/10/2025;domingo;06:50:00;PR;369;194;ARAPONGAS;Rea��o tardia ou ineficiente do condutor;Sa�da de leito carro��vel;Com V�timas Feridas;Pleno dia;Decrescente;Chuva;Dupla;"Reta;Retorno Regulamentado";N�o;1;0;1;0;0;0;1;1;-23,46396934;-51,42362401;SPRF-PR;DEL07-PR;UOP03-DEL07-PR;;;
724499;12/10/2025;domingo;07:40:00;MG;262;427;NOVA SERRANA;Velocidade Incompat�vel;Tombamento;Com V�timas Feridas;Pleno dia;Crescente;C�u Claro;Dupla;"Declive;Curva";N�o;1;0;1;0;0;0;1;1;-19,89307;-44,87748;SPRF-MG;DEL08-MG;UOP03-DEL08-MG;;;
724500;12/10/2025;domingo;07:50:00;SC;101;192,1;BIGUACU;Mal s�bito do condutor;Colis�o com objeto;Com V�timas Feridas;Pleno dia;Crescente;Garoa/Chuvisco;M�ltipla;Curva;Sim;3;0;2;0;1;0;2;2;-27,48664921;-48,64917755;SPRF-SC;DEL01-SC;UOP01-DEL01-SC;;;
724501;12/10/2025;domingo;07:00:00;PR;158;513,9;PATO BRANCO;Chuva;Sa�da de leito carro��vel;Sem V�timas;Amanhecer;Decrescente;Chuva;Simples;Reta;N�o;1;0;0;0;0;1;0;1;-26,07528705;-52,63875961;SPRF-PR;DEL02-PR;UOP01-DEL02-PR;;;
724504;12/10/2025;domingo;07:50:00;MG;50;176;UBERABA;Ingest�o de �lcool pelo condutor;Colis�o traseira;Com V�timas Feridas;Pleno dia;Decrescente;Sol;Dupla;"Reta;Declive";Sim;5;0;3;0;2;0;3;2;-19,77924312;-47,95931339;SPRF-MG;DEL13-MG;UOP01-DEL13-MG;;;
724505;12/10/2025;domingo;07:30:00;GO;414;418;ABADIANIA;Rea��o tardia ou ineficiente do condutor;Sa�da de leito carro��vel;Com V�timas Feridas;Pleno dia;Crescente;C�u Claro;Simples;"Declive;Curva";N�o;1;0;1;0;0;0;1;1;-16,110529;-48,87985;SPRF-GO;DEL02-GO;UOP01-DEL02-GO;;;
724506;12/10/2025;domingo;05:10:00;RJ;101;580,8;PARATY;Condutor Dormindo;Sa�da de leito carro��vel;Com V�timas Feridas;Pleno dia;Crescente;C�u Claro;Simples;Reta;N�o;1;0;1;0;0;0;1;1;-23,24229249;-44,70216751;SPRF-RJ;DEL03-RJ;UOP04-DEL03-RJ;;;
724508;12/10/2025;domingo;06:00:00;RS;290;586;ALEGRETE;Ingest�o de �lcool pelo condutor;Sa�da de leito carro��vel;Com V�timas Feridas;Amanhecer;Crescente;Garoa/Chuvisco;Simples;Reta;N�o;2;0;0;2;0;0;2;1;-29,8071355;-55,8333993;SPRF-RS;DEL13-RS;UOP02-DEL13-RS;;;
724510;12/10/2025;domingo;07:00:00;MT;70;655;POCONE;Demais Fen�menos da natureza;Sa�da de leito carro��vel;Com V�timas Feridas;Pleno dia;Crescente;C�u Claro;Simples;Reta;N�o;3;0;3;0;0;0;3;2;-15,94271108;-57,07960607;SPRF-MT;DEL03-MT;UOP02-DEL03-MT;;;
724511;22/09/2025;segunda-feira;07:45:00;BA;324;620;SALVADOR;Acessar a via sem observar a presen�a dos outros ve�culos;Colis�o lateral mesmo sentido;Com V�timas Feridas;Pleno dia;Crescente;C�u Claro;Dupla;Reta;Sim;2;0;0;1;1;0;1;2;-12,908698;-38,457843;SPRF-BA;DEL01-BA;UOP01-DEL01-BA;;;
724513;12/10/2025;domingo;09:00:00;MG;381;526;BRUMADINHO;Velocidade Incompat�vel;Queda de ocupante de ve�culo;Com V�timas Feridas;Pleno dia;Crescente;C�u Claro;Dupla;Curva;N�o;2;0;0;2;0;0;2;1;-20,151126;-44,32623;SPRF-MG;DEL04-MG;UOP03-DEL04-MG;;;
724514;12/10/2025;domingo;08:45:00;RN;226;133,8;CAMPO REDONDO;Acessar a via sem observar a presen�a dos outros ve�culos;Colis�o transversal;Com V�timas Feridas;Pleno dia;Decrescente;C�u Claro;Simples;"Interse��o de Vias;Reta";Sim;2;0;0;1;1;0;1;2;-6,21593077;-36,17388384;SPRF-RN;DEL03-RN;UOP02-DEL03-RN;;;
724515;12/10/2025;domingo;02:00:00;MA;226;300;BARRA DO CORDA;Demais falhas mec�nicas ou el�tricas;Inc�ndio;Sem V�timas;Plena Noite;Crescente;Ignorado;Simples;Interse��o de Vias;Sim;1;0;0;0;1;0;0;1;-5,498437;-45,255095;SPRF-MA;DEL06-MA;UOP01-DEL06-MA;;;
724516;12/10/2025;domingo;07:14:00;MT;163;851;SINOP;Aus�ncia de rea��o do condutor;Sa�da de leito carro��vel;Sem V�timas;Pleno dia;Crescente;Nublado;Simples;Reta;N�o;2;0;0;0;2;0;0;1;-11,72254;-55,4591;SPRF-MT;DEL06-MT;UOP02-DEL06-MT;;;
724517;12/10/2025;domingo;09:11:00;MG;116;769;LEOPOLDINA;Aus�ncia de rea��o do condutor;Sa�da de leito carro��vel;Com V�timas Feridas;Pleno dia;Decrescente;C�u Claro;Simples;Curva;N�o;5;0;1;0;4;0;1;1;-21,550658;-42,671708;SPRF-MG;DEL07-MG;UOP01-DEL07-MG;;;
724518;21/09/2025;domingo;13:10:00;SP;101;49;UBATUBA;Acessar a via sem observar a presen�a dos outros ve�culos;Colis�o transversal;Com V�timas Feridas;Pleno dia;Crescente;C�u Claro;Simples;"Interse��o de Vias;Retorno Regulamentado;Rotat�ria";Sim;2;0;1;0;1;0;1;2;-23,445775;-45,082063;SPRF-SP;DEL06-SP;UOP01-DEL06-SP;;;
724519;12/10/2025;domingo;09:10:00;DF;20;41;BRASILIA;Velocidade Incompat�vel;Sa�da de leito carro��vel;Com V�timas Feridas;Pleno dia;Crescente;C�u Claro;Dupla;"Reta;Declive;Ponte";N�o;2;0;1;0;1;0;1;1;-15,58150758;-47,50548989;SPRF-DF;DEL02-DF;UOP01-DEL02-DF;;;
724520;12/10/2025;domingo;08:20:00;MG;262;120;RIO CASCA;Acessar a via sem observar a presen�a dos outros ve�culos;Colis�o transversal;Com V�timas Feridas;Pleno dia;Crescente;C�u Claro;Simples;"Interse��o de Vias;Reta";Sim;2;0;1;0;1;0;1;2;-20,21898151;-42,65084691;SPRF-MG;DEL03-MG;UOP03-DEL03-MG;;;
724523;12/10/2025;domingo;10:53:00;PB;101;75;SANTA RITA;Rea��o tardia ou ineficiente do condutor;Capotamento;Com V�timas Feridas;Pleno dia;Crescente;C�u Claro;Dupla;Curva;N�o;2;0;2;0;0;0;2;1;-7,08384438;-34,97130629;SPRF-PB;DEL01-PB;UOP03-DEL01-PB;;;
724524;12/10/2025;domingo;09:30:00;RS;386;222,8;SOLEDADE;Aus�ncia de rea��o do condutor;Sa�da de leito carro��vel;Com V�timas Feridas;Pleno dia;Crescente;C�u Claro;Simples;"Em Obras;Curva";N�o;3;0;1;0;2;0;1;1;-28,78932521;-52,52563477;SPRF-RS;DEL04-RS;UOP03-DEL04-RS;;;
724525;12/10/2025;domingo;11:20:00;GO;414;439;ANAPOLIS;Acessar a via sem observar a presen�a dos outros ve�culos;Colis�o lateral mesmo sentido;Com V�timas Feridas;Pleno dia;Crescente;C�u Claro;Simples;"Interse��o de Vias;Reta;Declive";Sim;3;0;2;0;1;0;2;2;-16,2808532;-48,94236875;SPRF-GO;DEL02-GO;UOP01-DEL02-GO;;;
724526;12/10/2025;domingo;10:00:00;SE;235;90,6;CARIRA;Acessar a via sem observar a presen�a dos outros ve�culos;Colis�o transversal;Com V�timas Feridas;Pleno dia;Decrescente;C�u Claro;Simples;"Reta;Declive";N�o;2;0;1;0;1;0;1;2;-10,39807723;-37,67621487;SPRF-SE;DEL01-SE;UOP02-DEL01-SE;;;
724527;12/10/2025;domingo;11:45:00;SC;101;13,8;GARUVA;Ingest�o de �lcool pelo condutor;Colis�o traseira;Sem V�timas;Pleno dia;Decrescente;Nublado;Dupla;"Retorno Regulamentado;Reta;Aclive";N�o;5;0;0;0;5;0;0;2;-26,09159579;-48,86422483;SPRF-SC;DEL03-SC;UOP01-DEL03-SC;;;
724528;12/10/2025;domingo;11:20:00;RJ;116;180;NOVA IGUACU;Suic�dio (presumido);Colis�o com objeto;Com V�timas Feridas;Pleno dia;Decrescente;C�u Claro;M�ltipla;Reta;Sim;1;0;1;0;0;0;1;1;-22,75300108;-43,43684848;SPRF-RJ;DEL06-RJ;UOP01-DEL06-RJ;;;
724529;12/10/2025;domingo;11:50:00;MG;40;517,9;RIBEIRAO DAS NEVES;Rea��o tardia ou ineficiente do condutor;Colis�o transversal;Com V�timas Feridas;Pleno dia;Crescente;C�u Claro;Dupla;Reta;Sim;3;0;1;0;2;0;1;2;-19,829755;-44,08353;SPRF-MG;DEL01-MG;UOP02-DEL01-MG;;;
724530;12/10/2025;domingo;09:50:00;RO;364;693;PORTO VELHO;Rea��o tardia ou ineficiente do condutor;Colis�o traseira;Com V�timas Feridas;Pleno dia;Decrescente;C�u Claro;Dupla;Reta;N�o;2;0;1;0;1;0;1;1;-8,80068985;-63,73524642;SPRF-RO;DEL01-RO;UOP01-DEL01-RO;;;
724531;12/10/2025;domingo;11:10:00;SC;101;449,4;SANTA ROSA DO SUL;Acessar a via sem observar a presen�a dos outros ve�culos;Colis�o transversal;Com V�timas Feridas;Pleno dia;Crescente;Nublado;M�ltipla;Reta;Sim;2;0;2;0;0;0;2;2;-29,174036;-49,750677;SPRF-SC;DEL02-SC;UOP02-DEL02-SC;;;
724532;12/10/2025;domingo;13:00:00;MG;381;516;IGARAPE;Rea��o tardia ou ineficiente do condutor;Capotamento;Com V�timas Feridas;Pleno dia;Crescente;C�u Claro;Dupla;"Aclive;Curva";N�o;4;0;3;1;0;0;4;1;-20,11520519;-44,30594891;SPRF-MG;DEL01-MG;UOP03-DEL01-MG;;;
724533;12/10/2025;domingo;10:20:00;SC;101;5,7;ARARANGUA;Desrespeitar a prefer�ncia no cruzamento;Colis�o lateral mesmo sentido;Com V�timas Feridas;Pleno dia;Decrescente;C�u Claro;Simples;"Interse��o de Vias;Rotat�ria";Sim;2;0;1;0;1;0;1;2;-28,96319;-49,519285;SPRF-SC;DEL02-SC;UOP02-DEL02-SC;;;
724534;12/10/2025;domingo;12:50:00;MG;381;920;CAMANDUCAIA;Rea��o tardia ou ineficiente do condutor;Colis�o com objeto;Com V�timas Feridas;Pleno dia;Crescente;C�u Claro;Dupla;"Declive;Curva";N�o;1;0;1;0;0;0;1;1;-22,760008;-46,159972;SPRF-MG;DEL16-MG;UOP03-DEL16-MG;;;
724535;12/10/2025;domingo;12:40:00;MG;40;516,4;RIBEIRAO DAS NEVES;Aus�ncia de rea��o do condutor;Colis�o traseira;Com V�timas Feridas;Pleno dia;Crescente;C�u Claro;Dupla;Reta;N�o;2;0;1;0;1;0;1;2;-19,83999857;-44,07705188;SPRF-MG;DEL01-MG;UOP02-DEL01-MG;;;
724537;12/10/2025;domingo;09:30:00;MT;70;713;CACERES;Demais falhas mec�nicas ou el�tricas;Inc�ndio;Sem V�timas;Pleno dia;Decrescente;C�u Claro;Simples;"Reta;Aclive";N�o;3;0;0;0;3;0;0;1;-16,195;-57,586;SPRF-MT;DEL03-MT;UOP01-DEL03-MT;;;
724539;08/10/2025;quarta-feira;21:30:00;GO;60;190,5;GUAPO;Aus�ncia de rea��o do condutor;Sa�da de leito carro��vel;Com V�timas Fatais;Plena Noite;Crescente;Ignorado;Dupla;"Declive;Reta";N�o;1;1;0;0;0;0;0;1;-16,844392;-49,552827;SPRF-GO;DEL01-GO;UOP02-DEL01-GO;;;
724540;12/10/2025;domingo;12:10:00;MG;262;479,4;BOM DESPACHO;Acessar a via sem observar a presen�a dos outros ve�culos;Colis�o transversal;Sem V�timas;Pleno dia;Crescente;Sol;Simples;Reta;N�o;2;0;0;0;2;0;0;2;-19,78254;-45,34344;SPRF-MG;DEL08-MG;UOP03-DEL08-MG;;;
724541;12/10/2025;domingo;11:40:00;PR;277;337;GUARAPUAVA;Aus�ncia de rea��o do condutor;Sa�da de leito carro��vel;Com V�timas Feridas;Pleno dia;Crescente;Chuva;Dupla;Curva;N�o;3;0;2;0;1;0;2;1;-25,33998;-51,41484;SPRF-PR;DEL08-PR;UOP01-DEL08-PR;;;
724542;12/10/2025;domingo;11:30:00;RJ;40;114;DUQUE DE CAXIAS;Rea��o tardia ou ineficiente do condutor;Tombamento;Com V�timas Feridas;Pleno dia;Decrescente;C�u Claro;Dupla;"Curva;Retorno Regulamentado";N�o;1;0;1;0;0;0;1;1;-22,71629061;-43,28898021;SPRF-RJ;DEL01-RJ;UOP02-DEL01-RJ;;;
724544;12/10/2025;domingo;13:50:00;SP;116;92;PINDAMONHANGABA;Condutor deixou de manter dist�ncia do ve�culo da frente;Colis�o traseira;Com V�timas Feridas;Pleno dia;Crescente;C�u Claro;Dupla;Reta;Sim;2;0;1;0;1;0;1;2;-22,9515201;-45,4039415;SPRF-SP;DEL08-SP;UOP01-DEL08-SP;;;
724545;12/10/2025;domingo;13:10:00;PR;376;652,5;TIJUCAS DO SUL;Condutor deixou de manter dist�ncia do ve�culo da frente;Tombamento;Com V�timas Feridas;Pleno dia;Decrescente;Nublado;Dupla;Curva;N�o;1;0;1;0;0;0;1;1;-25,842075;-49,056808;SPRF-PR;DEL01-PR;UOP04-DEL01-PR;;;
724546;12/10/2025;domingo;12:45:00;MG;40;602,3;CONGONHAS;Condutor Dormindo;Colis�o frontal;Com V�timas Feridas;Pleno dia;Decrescente;C�u Claro;Simples;"Aclive;Curva";Sim;4;0;3;0;1;0;3;3;-20,440577;-43,841347;SPRF-MG;DEL05-MG;UOP02-DEL05-MG;;;
724547;12/10/2025;domingo;14:10:00;PB;230;156;CAMPINA GRANDE;Rea��o tardia ou ineficiente do condutor;Colis�o traseira;Com V�timas Feridas;Pleno dia;Crescente;C�u Claro;Simples;"Reta;Declive";Sim;3;0;2;0;1;0;2;2;-7,272496;-35,910047;SPRF-PB;DEL02-PB;UOP01-DEL02-PB;;;
724549;12/10/2025;domingo;13:30:00;SP;153;109;JOSE BONIFACIO;Rea��o tardia ou ineficiente do condutor;Sa�da de leito carro��vel;Com V�timas Feridas;Pleno dia;Decrescente;Chuva;Simples;Aclive;N�o;2;0;1;0;1;0;1;2;-21,07768553;-49,6693282;SPRF-SP;DEL09-SP;UOP01-DEL09-SP;;;
724550;12/10/2025;domingo;14:30:00;RN;101;129;NISIA FLORESTA;Demais falhas mec�nicas ou el�tricas;Inc�ndio;Sem V�timas;Pleno dia;Decrescente;C�u Claro;Dupla;Reta;N�o;2;0;0;0;2;0;0;1;-6,1089583;-35,23372;SPRF-RN;DEL01-RN;UOP01-DEL01-RN;;;
724551;12/10/2025;domingo;13:25:00;SC;101;169,2;TIJUCAS;Aus�ncia de rea��o do condutor;Tombamento;Com V�timas Feridas;Pleno dia;Decrescente;Nublado;Dupla;Reta;N�o;1;0;1;0;0;0;1;1;-27,2899;-48,63086;SPRF-SC;DEL04-SC;UOP03-DEL04-SC;;;
724552;12/10/2025;domingo;14:10:00;MG;381;936;EXTREMA;Manobra de mudan�a de faixa;Colis�o lateral mesmo sentido;Com V�timas Feridas;Pleno dia;Crescente;C�u Claro;Dupla;Curva;N�o;5;0;2;0;3;0;2;2;-22,808448;-46,278128;SPRF-MG;DEL16-MG;UOP03-DEL16-MG;;;
724553;12/10/2025;domingo;15:00:00;SE;101;106;SAO CRISTOVAO;Demais falhas mec�nicas ou el�tricas;Eventos at�picos;Sem V�timas;Pleno dia;Decrescente;C�u Claro;Dupla;Reta;N�o;1;0;0;0;1;0;0;1;-10,9579779;-37,2346275;SPRF-SE;DEL02-SE;UOP01-DEL02-SE;;;
724554;14/08/2025;quinta-feira;06:20:00;SC;101;209,1;SAO JOSE;Condutor Dormindo;Colis�o traseira;Com V�timas Feridas;Amanhecer;Crescente;C�u Claro;Dupla;Reta;Sim;7;0;5;1;1;0;6;2;-27,61107254;-48,64065552;SPRF-SC;DEL01-SC;UOP01-DEL01-SC;;;
724555;12/10/2025;domingo;15:00:00;GO;452;3,7;RIO VERDE;Ingest�o de �lcool pelo condutor;Sa�da de leito carro��vel;Com V�timas Feridas;Pleno dia;Crescente;C�u Claro;Simples;Reta;N�o;1;0;1;0;0;0;1;1;-17,804615;-50,871072;SPRF-GO;DEL04-GO;UOP01-DEL04-GO;;;
724556;12/10/2025;domingo;09:15:00;BA;415;50;ITABUNA;Ingest�o de �lcool pelo condutor;Colis�o lateral mesmo sentido;Sem V�timas;Pleno dia;Decrescente;C�u Claro;Simples;Reta;N�o;2;0;0;0;2;0;0;2;-14,834385;-39,322543;SPRF-BA;DEL05-BA;UOP01-DEL05-BA;;;
724557;12/10/2025;domingo;13:20:00;PR;369;200;APUCARANA;Ingest�o de �lcool pelo condutor;Colis�o com objeto;Sem V�timas;Pleno dia;Crescente;Chuva;Dupla;Curva;N�o;2;0;0;0;2;0;0;1;-23,51886006;-51,42906189;SPRF-PR;DEL07-PR;UOP03-DEL07-PR;;;
724559;12/10/2025;domingo;13:40:00;RN;304;24;MOSSORO;Aus�ncia de rea��o do condutor;Sa�da de leito carro��vel;Com V�timas Feridas;Pleno dia;Crescente;C�u Claro;Dupla;Rotat�ria;N�o;2;0;1;1;0;0;2;1;-5,066778;-37,331122;SPRF-RN;DEL04-RN;UOP02-DEL04-RN;;;
724560;12/10/2025;domingo;14:00:00;RJ;101;309;SAO GONCALO;Aus�ncia de rea��o do condutor;Colis�o traseira;Com V�timas Feridas;Pleno dia;Crescente;C�u Claro;Dupla;Reta;Sim;4;0;1;0;3;0;1;3;-22,79493777;-43,0348842;SPRF-RJ;DEL02-RJ;UOP02-DEL02-RJ;;;
724561;12/10/2025;domingo;14:50:00;PR;376;322;ORTIGUEIRA;Rea��o tardia ou ineficiente do condutor;Colis�o transversal;Com V�timas Feridas;Pleno dia;Crescente;Chuva;Simples;Reta;N�o;8;0;2;0;6;0;2;2;-24,0516469;-51,06876612;SPRF-PR;DEL07-PR;UOP02-DEL07-PR;;;
724562;12/10/2025;domingo;14:50:00;MG;40;136;JOAO PINHEIRO;Demais falhas mec�nicas ou el�tricas;Tombamento;Com V�timas Feridas;Pleno dia;Decrescente;C�u Claro;Simples;Reta;N�o;2;0;1;1;0;0;2;1;-17,72150425;-46,23407364;SPRF-MG;DEL14-MG;UOP01-DEL14-MG;;;
724563;12/10/2025;domingo;15:00:00;MG;40;792,5;JUIZ DE FORA;Curva acentuada;Colis�o com objeto;Com V�timas Feridas;Pleno dia;Crescente;C�u Claro;Dupla;Curva;N�o;1;0;1;0;0;0;1;1;-21,7860205;-43,4123691;SPRF-MG;DEL05-MG;UOP01-DEL05-MG;;;
724566;12/10/2025;domingo;15:00:00;PA;316;40;SANTA IZABEL DO PARA;Demais falhas mec�nicas ou el�tricas;Tombamento;Com V�timas Feridas;Pleno dia;Crescente;C�u Claro;Dupla;Reta;N�o;2;0;2;0;0;0;2;1;-1,278692;-48,113555;SPRF-PA;DEL01-PA;UOP01-DEL01-PA;;;