id;data_inversa;dia_semana;horario;uf;br;km;municipio;causa_acidente;tipo_acidente;classificacao_acidente;fase_dia;sentido_via;condicao_metereologica;tipo_pista;tracado_via;uso_solo;pessoas;mortos;feridos_leves;feridos_graves;ilesos;ignorados;feridos;veiculos;latitude;longitude;regional;delegacia;uop;;;
724567;05/06/2025;quinta-feira;19:00:00;SC;282;341;CAMPOS NOVOS;Aus�ncia de rea��o do condutor;Colis�o frontal;Com V�timas Feridas;Plena Noite;Decrescente;C�u Claro;Simples;Curva;Sim;2;0;0;1;1;0;1;2;-27,38795792;-51,20631902;SPRF-SC;DEL07-SC;UOP06-DEL07-SC;;;
724568;12/10/2025;domingo;15:10:00;DF;80;19;BRASILIA;Manobra de mudan�a de faixa;Colis�o lateral mesmo sentido;Com V�timas Feridas;Pleno dia;Crescente;Chuva;Simples;Reta;N�o;3;0;2;0;1;0;2;3;-15,69086492;-48,20563674;SPRF-DF;DEL03-DF;UOP02-DEL03-DF;;;
724569;12/10/2025;domingo;15:30:00;MG;146;470;BANDEIRA DO SUL;Velocidade Incompat�vel;Sa�da de leito carro��vel;Com V�timas Feridas;Pleno dia;Decrescente;C�u Claro;Simples;"Aclive;Curva";N�o;1;0;1;0;0;0;1;1;-21,716267;-46,419723;SPRF-MG;DEL09-MG;UOP01-DEL09-MG;;;
724570;12/10/2025;domingo;15:57:00;ES;262;20;VIANA;Rea��o tardia ou ineficiente do condutor;Engavetamento;Com V�timas Feridas;Pleno dia;Crescente;C�u Claro;Simples;Reta;N�o;4;0;1;0;3;0;1;3;-20,37869945;-40,5081567;SPRF-ES;DEL01-ES;UOP01-DEL01-ES;;;
724572;12/10/2025;domingo;16:00:00;RJ;116;298;PORTO REAL;Rea��o tardia ou ineficiente do condutor;Colis�o lateral mesmo sentido;Com V�timas Feridas;Pleno dia;Decrescente;C�u Claro;Dupla;"Aclive;Reta";N�o;4;0;1;0;3;0;1;2;-22,450052;-44,328487;SPRF-RJ;DEL07-RJ;UOP02-DEL07-RJ;;;
724573;06/10/2025;segunda-feira;21:48:00;RS;386;322,5;MARQUES DE SOUZA;Aus�ncia de rea��o do condutor;Sa�da de leito carro��vel;Com V�timas Feridas;Plena Noite;Crescente;Garoa/Chuvisco;Simples;Curva;N�o;1;0;0;1;0;0;1;1;-29,30078602;-52,11079789;SPRF-RS;DEL04-RS;UOP01-DEL04-RS;;;
724574;12/10/2025;domingo;15:00:00;GO;153;8;PORANGATU;Chuva;Sa�da de leito carro��vel;Com V�timas Fatais;Pleno dia;Crescente;Chuva;Simples;Reta;N�o;5;1;3;1;0;0;4;1;-12,903745;-49,11665;SPRF-GO;DEL07-GO;UOP01-DEL07-GO;;;
724575;12/10/2025;domingo;09:40:00;RJ;40;34,5;AREAL;Rea��o tardia ou ineficiente do condutor;Colis�o com objeto;Com V�timas Fatais;Pleno dia;Crescente;Garoa/Chuvisco;Dupla;Curva;N�o;2;2;0;0;0;0;0;1;-22,20664768;-43,14095676;SPRF-RJ;DEL05-RJ;UOP02-DEL05-RJ;;;
724576;12/10/2025;domingo;15:00:00;PR;116;8;CAMPINA GRANDE DO SUL;Chuva;Sa�da de leito carro��vel;Com V�timas Feridas;Pleno dia;Crescente;Garoa/Chuvisco;Dupla;Curva;N�o;3;0;2;0;1;0;2;1;-25,081107;-48,623743;SPRF-PR;DEL01-PR;UOP02-DEL01-PR;;;
724577;12/10/2025;domingo;16:28:00;MG;40;555,9;NOVA LIMA;Condutor deixou de manter dist�ncia do ve�culo da frente;Colis�o traseira;Com V�timas Feridas;Pleno dia;Decrescente;Nublado;Dupla;Reta;N�o;2;0;1;0;1;0;1;2;-20,09050835;-43,97515744;SPRF-MG;DEL01-MG;UOP02-DEL01-MG;;;
724578;12/10/2025;domingo;15:50:00;SP;116;105,5;TAUBATE;Condutor deixou de manter dist�ncia do ve�culo da frente;Colis�o traseira;Com V�timas Feridas;Pleno dia;Decrescente;Sol;Dupla;"Declive;Reta";Sim;3;0;1;0;2;0;1;2;-23,010486;-45,519845;SPRF-SP;DEL02-SP;UOP02-DEL02-SP;;;
724579;12/10/2025;domingo;16:00:00;SC;280;164,2;MAFRA;Acumulo de �gua sobre o pavimento;Sa�da de leito carro��vel;Com V�timas Feridas;Pleno dia;Decrescente;Chuva;Simples;Reta;Sim;3;0;3;0;0;0;3;1;-26,191623;-49,804727;SPRF-SC;DEL06-SC;UOP01-DEL06-SC;;;
724580;12/10/2025;domingo;17:00:00;SP;116;505;CAJATI;Pista Escorregadia;Colis�o com objeto;Com V�timas Feridas;Pleno dia;Crescente;Garoa/Chuvisco;M�ltipla;"Curva;Declive";N�o;5;0;1;0;4;0;1;1;-24,79467183;-48,21360525;SPRF-SP;DEL05-SP;UOP02-DEL05-SP;;;
724581;12/10/2025;domingo;14:00:00;MT;364;250;JUSCIMEIRA;Condutor Dormindo;Sa�da de leito carro��vel;Com V�timas Feridas;Pleno dia;Crescente;Sol;Dupla;"Em Obras;Declive";N�o;1;0;1;0;0;0;1;1;-16,117993;-54,856823;SPRF-MT;DEL02-MT;UOP01-DEL02-MT;;;
724582;12/10/2025;domingo;16:50:00;PR;376;246;APUCARANA;Rea��o tardia ou ineficiente do condutor;Sa�da de leito carro��vel;Com V�timas Feridas;Pleno dia;Crescente;Chuva;Simples;"Declive;Curva";N�o;2;0;1;0;1;0;1;1;-23,6073;-51,407236;SPRF-PR;DEL07-PR;UOP03-DEL07-PR;;;
724584;12/10/2025;domingo;16:05:00;SC;280;122;SAO BENTO DO SUL;Desrespeitar a prefer�ncia no cruzamento;Colis�o transversal;Com V�timas Feridas;Pleno dia;Crescente;C�u Claro;Simples;Rotat�ria;N�o;2;0;1;0;1;0;1;2;-26,24546282;-49,4603657;SPRF-SC;DEL06-SC;UOP03-DEL06-SC;;;
724585;12/10/2025;domingo;16:55:00;MG;262;352;BETIM;Manobra de mudan�a de faixa;Colis�o lateral mesmo sentido;Com V�timas Feridas;Pleno dia;Crescente;C�u Claro;Dupla;Reta;N�o;3;0;2;0;1;0;2;2;-19,979077;-44,223192;SPRF-MG;DEL01-MG;UOP03-DEL01-MG;;;
724586;12/10/2025;domingo;14:00:00;PA;230;169;ITUPIRANGA;Transitar na contram�o;Colis�o frontal;Com V�timas Fatais;Pleno dia;Crescente;C�u Claro;Simples;"Declive;Reta";N�o;3;1;0;2;0;0;2;2;-5,14463203;-49,38991141;SPRF-PA;DEL03-PA;UOP01-DEL03-PA;;;
724587;12/10/2025;domingo;16:25:00;SC;101;406,2;ARARANGUA;Acumulo de �gua sobre o pavimento;Colis�o traseira;Sem V�timas;Pleno dia;Decrescente;Chuva;Dupla;Reta;N�o;2;0;0;0;2;0;0;2;-28,91744908;-49,48821394;SPRF-SC;DEL02-SC;UOP02-DEL02-SC;;;
724588;12/10/2025;domingo;17:34:00;ES;101;190;ARACRUZ;Acessar a via sem observar a presen�a dos outros ve�culos;Queda de ocupante de ve�culo;Com V�timas Feridas;Anoitecer;Crescente;C�u Claro;Simples;Curva;N�o;1;0;1;0;0;0;1;1;-19,68766;-40,285613;SPRF-ES;DEL04-ES;UOP01-DEL04-ES;;;
724589;12/10/2025;domingo;15:15:00;MG;251;334;RUBELITA;Manobra de mudan�a de faixa;Colis�o frontal;Com V�timas Feridas;Pleno dia;Decrescente;C�u Claro;Simples;Reta;N�o;2;0;1;1;0;0;2;2;-16,2565653;-42,43204;SPRF-MG;DEL12-MG;UOP02-DEL12-MG;;;
724590;12/10/2025;domingo;16:10:00;DF;70;10;BRASILIA;Aus�ncia de rea��o do condutor;Sa�da de leito carro��vel;Com V�timas Feridas;Pleno dia;Decrescente;Nublado;Dupla;Reta;N�o;4;0;1;0;2;1;1;1;-15,789325;-48,148036;SPRF-DF;DEL03-DF;UOP02-DEL03-DF;;;
724591;12/10/2025;domingo;14:30:00;RO;364;545;ALTO PARAISO;Aus�ncia de rea��o do condutor;Sa�da de leito carro��vel;Com V�timas Feridas;Pleno dia;Decrescente;C�u Claro;Simples;Curva;N�o;2;0;2;0;0;0;2;1;-9,683387;-63,105626;SPRF-RO;DEL03-RO;UOP01-DEL03-RO;;;
724592;12/10/2025;domingo;17:40:00;PR;116;45;CAMPINA GRANDE DO SUL;Pista Escorregadia;Atropelamento de Pedestre;Com V�timas Fatais;Amanhecer;Crescente;Chuva;Dupla;Reta;N�o;4;1;0;0;2;1;0;2;-25,27230119;-48,92064929;SPRF-PR;DEL01-PR;UOP02-DEL01-PR;;;
724593;12/10/2025;domingo;18:05:00;SP;116;56;LORENA;Aus�ncia de rea��o do condutor;Colis�o com objeto;Com V�timas Feridas;Anoitecer;Decrescente;C�u Claro;Dupla;Reta;Sim;1;0;1;0;0;0;1;1;-22,76971;-45,1313;SPRF-SP;DEL08-SP;UOP02-DEL08-SP;;;
724594;12/10/2025;domingo;15:00:00;PR;476;106;COLOMBO;Aus�ncia de rea��o do condutor;Sa�da de leito carro��vel;Com V�timas Fatais;Pleno dia;Crescente;Chuva;Simples;Curva;N�o;2;1;0;1;0;0;1;1;-25,28614;-49,147577;SPRF-PR;DEL01-PR;UOP01-DEL01-PR;;;
724595;12/10/2025;domingo;16:00:00;PE;408;58;CARPINA;Demais falhas mec�nicas ou el�tricas;Colis�o com objeto;Sem V�timas;Pleno dia;Crescente;C�u Claro;M�ltipla;Reta;Sim;1;0;0;0;0;1;0;1;-7,85288;-35,22769;SPRF-PE;DEL01-PE;UOP01-DEL01-PE;;;
724596;12/10/2025;domingo;18:20:00;SP;116;210;GUARULHOS;Pedestre andava na pista;Atropelamento de Pedestre;Com V�timas Feridas;Anoitecer;Decrescente;C�u Claro;M�ltipla;Reta;Sim;3;0;0;1;2;0;1;3;-23,43080401;-46,41517639;SPRF-SP;DEL01-SP;UOP01-DEL01-SP;;;
724597;12/10/2025;domingo;17:10:00;PR;277;290;PRUDENTOPOLIS;Demais falhas mec�nicas ou el�tricas;Inc�ndio;Sem V�timas;Pleno dia;Decrescente;Chuva;Simples;"Reta;Declive";N�o;5;0;0;0;5;0;0;1;-25,318536;-51,015423;SPRF-PR;DEL08-PR;UOP02-DEL08-PR;;;
724598;12/10/2025;domingo;17:30:00;DF;60;24;BRASILIA;Aus�ncia de rea��o do condutor;Sa�da de leito carro��vel;Sem V�timas;Pleno dia;Crescente;C�u Claro;Dupla;Reta;N�o;1;0;0;0;1;0;0;1;-15,994667;-48,23674;SPRF-DF;DEL03-DF;UOP01-DEL03-DF;;;
724599;12/10/2025;domingo;17:49:00;ES;262;20;VIANA;Acessar a via sem observar a presen�a dos outros ve�culos;Colis�o transversal;Com V�timas Feridas;Anoitecer;Decrescente;C�u Claro;Simples;Curva;Sim;3;0;0;1;2;0;1;2;-20,386318;-40,496128;SPRF-ES;DEL01-ES;UOP01-DEL01-ES;;;
724600;12/10/2025;domingo;18:20:00;PR;116;152,5;MANDIRITUBA;Rea��o tardia ou ineficiente do condutor;Colis�o traseira;Sem V�timas;Plena Noite;Decrescente;Garoa/Chuvisco;Simples;Reta;N�o;2;0;0;0;2;0;0;2;-25,86282178;-49,36212866;SPRF-PR;DEL01-PR;UOP03-DEL01-PR;;;
724602;12/10/2025;domingo;16:30:00;PR;369;28,8;CAMBARA;Chuva;Colis�o com objeto;Com V�timas Feridas;Pleno dia;Crescente;Chuva;Simples;Reta;N�o;5;0;5;0;0;0;5;1;-23,03781138;-50,16769258;SPRF-PR;DEL07-PR;UOP05-DEL07-PR;;;
724604;12/10/2025;domingo;18:00:00;MG;262;577;CAMPOS ALTOS;Curva acentuada;Sa�da de leito carro��vel;Com V�timas Feridas;Anoitecer;Decrescente;Nublado;Simples;Curva;N�o;4;0;2;1;1;0;3;1;-19,6621976;-46,1171102;SPRF-MG;DEL08-MG;UOP02-DEL08-MG;;;
724605;12/10/2025;domingo;17:40:00;PE;232;11;JABOATAO DOS GUARARAPES;Condutor deixou de manter dist�ncia do ve�culo da frente;Colis�o traseira;Com V�timas Feridas;Plena Noite;Decrescente;C�u Claro;Dupla;Reta;N�o;6;0;1;0;5;0;1;6;-8,085558;-35,001567;SPRF-PE;DEL01-PE;UOP01-DEL01-PE;;;
724607;12/10/2025;domingo;18:25:00;SE;235;3;ARACAJU;Aus�ncia de rea��o do condutor;Colis�o com objeto;Com V�timas Feridas;Plena Noite;Decrescente;C�u Claro;Dupla;Reta;Sim;1;0;0;1;0;0;1;1;-10,90699707;-37,09851265;SPRF-SE;DEL01-SE;UOP01-DEL01-SE;;;
724608;12/10/2025;domingo;19:00:00;PR;277;206;PALMEIRA;Aus�ncia de rea��o do condutor;Sa�da de leito carro��vel;Com V�timas Feridas;Plena Noite;Decrescente;Chuva;Simples;Curva;N�o;2;0;1;0;1;0;1;1;-25,468204;-50,292651;SPRF-PR;DEL08-PR;UOP02-DEL08-PR;;;
724610;12/10/2025;domingo;18:50:00;RS;471;460;RIO GRANDE;Ingest�o de �lcool pelo condutor;Colis�o lateral sentido oposto;Sem V�timas;Plena Noite;Crescente;C�u Claro;Simples;Reta;N�o;3;0;0;0;3;0;0;2;-32,079246;-52,276823;SPRF-RS;DEL07-RS;UOP02-DEL07-RS;;;
724611;12/10/2025;domingo;15:35:00;MA;222;668;ACAILANDIA;Aus�ncia de rea��o do condutor;Tombamento;Com V�timas Feridas;Pleno dia;Decrescente;C�u Claro;Simples;Reta;N�o;2;0;2;0;0;0;2;1;-4,934593;-47,459393;SPRF-MA;DEL04-MA;UOP03-DEL04-MA;;;
724612;12/10/2025;domingo;16:50:00;MG;381;423;SABARA;Velocidade Incompat�vel;Colis�o frontal;Com V�timas Fatais;Pleno dia;Decrescente;Nublado;Simples;Curva;N�o;4;1;0;3;0;0;3;2;-19,78825;-43,69618;SPRF-MG;DEL01-MG;UOP01-DEL01-MG;;;
724613;12/10/2025;domingo;19:11:00;MA;226;292;BARRA DO CORDA;Aus�ncia de rea��o do condutor;Colis�o traseira;Sem V�timas;Plena Noite;Crescente;C�u Claro;Simples;Reta;N�o;4;0;0;0;4;0;0;2;-5,48172429;-45,19636989;SPRF-MA;DEL06-MA;UOP01-DEL06-MA;;;
724615;12/10/2025;domingo;19:25:00;SC;282;16,4;PALHOCA;Acessar a via sem observar a presen�a dos outros ve�culos;Colis�o transversal;Sem V�timas;Plena Noite;Crescente;Chuva;Simples;"Interse��o de Vias;Reta";Sim;2;0;0;0;2;0;0;2;-27,66185;-48,684662;SPRF-SC;DEL01-SC;UOP02-DEL01-SC;;;
724616;12/10/2025;domingo;19:40:00;PB;230;10,3;CABEDELO;Aus�ncia de rea��o do condutor;Queda de ocupante de ve�culo;Com V�timas Feridas;Plena Noite;Crescente;C�u Claro;Dupla;Reta;Sim;1;0;1;0;0;0;1;1;-7,056782;-34,850728;SPRF-PB;DEL01-PB;UOP01-DEL01-PB;;;
724617;12/10/2025;domingo;19:25:00;MG;381;5;BETIM;Aus�ncia de rea��o do condutor;Sa�da de leito carro��vel;Sem V�timas;Plena Noite;Crescente;C�u Claro;Dupla;Reta;N�o;1;0;0;0;1;0;0;1;-19,98962324;-44,19335997;SPRF-MG;DEL01-MG;UOP03-DEL01-MG;;;
724618;12/10/2025;domingo;19:20:00;RJ;116;183;NOVA IGUACU;Ultrapassagem Indevida;Colis�o traseira;Com V�timas Feridas;Plena Noite;Crescente;Garoa/Chuvisco;Dupla;Reta;Sim;2;0;0;1;1;0;1;2;-22,75687944;-43,4309835;SPRF-RJ;DEL06-RJ;UOP01-DEL06-RJ;;;
724619;12/10/2025;domingo;19:10:00;MG;116;540,1;SANTA RITA DE MINAS;Velocidade Incompat�vel;Queda de ocupante de ve�culo;Com V�timas Feridas;Plena Noite;Decrescente;C�u Claro;Simples;Retorno Regulamentado;N�o;1;0;1;0;0;0;1;1;-19,8926633;-42,1342033;SPRF-MG;DEL06-MG;UOP02-DEL06-MG;;;
724620;12/10/2025;domingo;19:20:00;PR;376;644;TIJUCAS DO SUL;Rea��o tardia ou ineficiente do condutor;Colis�o com objeto;Sem V�timas;Plena Noite;Crescente;Garoa/Chuvisco;M�ltipla;"Declive;Viaduto;Curva";N�o;1;0;0;0;0;1;0;1;-25,824225;-49,126169;SPRF-PR;DEL01-PR;UOP04-DEL01-PR;;;
724621;02/01/2025;quinta-feira;06:10:00;RN;101;109;PARNAMIRIM;Demais falhas na via;Atropelamento de Pedestre;Com V�timas Feridas;Pleno dia;Crescente;Ignorado;Dupla;Interse��o de Vias;N�o;1;0;0;1;0;0;1;1;-5,93960576;-35,26464209;SPRF-RN;DEL01-RN;UOP01-DEL01-RN;;;
724622;12/10/2025;domingo;19:10:00;SC;101;274,7;IMBITUBA;Pedestre cruzava a pista fora da faixa;Atropelamento de Pedestre;Com V�timas Feridas;Plena Noite;Decrescente;Garoa/Chuvisco;M�ltipla;Reta;Sim;2;0;1;1;0;0;2;2;-28,13428748;-48,69180171;SPRF-SC;DEL02-SC;UOP03-DEL02-SC;;;
724623;12/10/2025;domingo;19:15:00;ES;101;66;SAO MATEUS;Rea��o tardia ou ineficiente do condutor;Sa�da de leito carro��vel;Com V�timas Feridas;Plena Noite;Decrescente;C�u Claro;Simples;Reta;Sim;1;0;1;0;0;0;1;1;-18,71945;-39,86779;SPRF-ES;DEL04-ES;UOP02-DEL04-ES;;;
724624;12/10/2025;domingo;18:45:00;RS;153;545;CACAPAVA DO SUL;Rea��o tardia ou ineficiente do condutor;Sa�da de leito carro��vel;Com V�timas Feridas;Plena Noite;Crescente;Chuva;Simples;Reta;N�o;2;0;2;0;0;0;2;1;-30,79705321;-53,5784997;SPRF-RS;DEL09-RS;UOP02-DEL09-RS;;;
724625;12/10/2025;domingo;18:40:00;GO;70;8;AGUAS LINDAS DE GOIAS;Aus�ncia de rea��o do condutor;Colis�o traseira;Com V�timas Feridas;Plena Noite;Crescente;Garoa/Chuvisco;Dupla;Reta;Sim;1;0;0;1;0;0;1;1;-15,73557226;-48,2806298;SPRF-DF;DEL03-DF;UOP02-DEL03-DF;;;
724627;12/10/2025;domingo;19:50:00;RS;386;350,5;ESTRELA;Ingest�o de �lcool pelo condutor;Colis�o com objeto;Com V�timas Feridas;Plena Noite;Decrescente;Nublado;Dupla;Reta;Sim;1;0;1;0;0;0;1;1;-29,478664;-51,953489;SPRF-RS;DEL04-RS;UOP01-DEL04-RS;;;
724628;12/10/2025;domingo;19:22:00;PE;104;71,5;CARUARU;Aus�ncia de rea��o do condutor;Colis�o traseira;Com V�timas Feridas;Plena Noite;Crescente;C�u Claro;Dupla;Reta;N�o;2;0;2;0;0;0;2;2;-8,330228;-35,982767;SPRF-PE;DEL02-PE;UOP01-DEL02-PE;;;
724630;12/10/2025;domingo;14:50:00;PI;316;98;BARRO DURO;Aus�ncia de rea��o do condutor;Sa�da de leito carro��vel;Com V�timas Fatais;Pleno dia;Crescente;C�u Claro;Simples;"Declive;Reta";N�o;1;1;0;0;0;0;0;1;-5,828733;-42,495843;SPRF-PI;DEL04-PI;UOP02-DEL04-PI;;;
724631;12/10/2025;domingo;20:00:00;SC;101;331;TUBARAO;Acumulo de �gua sobre o pavimento;Colis�o com objeto;Com V�timas Feridas;Plena Noite;Decrescente;Chuva;Dupla;Reta;N�o;1;0;1;0;0;0;1;1;-28,46349675;-48,99238617;SPRF-SC;DEL02-SC;UOP01-DEL02-SC;;;
724634;12/10/2025;domingo;17:30:00;MG;40;527,3;CONTAGEM;Aus�ncia de rea��o do condutor;Atropelamento de Pedestre;Com V�timas Feridas;Anoitecer;Crescente;Nublado;Dupla;"Declive;Curva";Sim;2;0;1;0;0;1;1;2;-19,904345;-44,048729;SPRF-MG;DEL01-MG;UOP02-DEL01-MG;;;
724635;12/10/2025;domingo;19:00:00;MA;230;410;BALSAS;Aus�ncia de rea��o do condutor;Colis�o traseira;Sem V�timas;Plena Noite;Crescente;C�u Claro;Simples;Reta;N�o;4;0;0;0;4;0;0;2;-7,5169792;-46,0423168;SPRF-MA;DEL05-MA;UOP01-DEL05-MA;;;
724636;12/10/2025;domingo;19:01:00;SC;280;56,9;GUARAMIRIM;Condutor usando celular;Colis�o frontal;Com V�timas Feridas;Anoitecer;Decrescente;Garoa/Chuvisco;Simples;Reta;N�o;6;0;6;0;0;0;6;2;-26,478692;-49,011732;SPRF-SC;DEL03-SC;UOP03-DEL03-SC;;;
724637;12/10/2025;domingo;18:15:00;MG;262;413,7;PARA DE MINAS;Acessar a via sem observar a presen�a dos outros ve�culos;Colis�o transversal;Sem V�timas;Pleno dia;Crescente;C�u Claro;Dupla;"Curva;Interse��o de Vias";Sim;2;0;0;0;1;1;0;2;-19,88271;-44,7539;SPRF-MG;DEL08-MG;UOP03-DEL08-MG;;;
724638;12/10/2025;domingo;15:45:00;RJ;493;69;NOVA IGUACU;Acessar a via sem observar a presen�a dos outros ve�culos;Sa�da de leito carro��vel;Com V�timas Feridas;Pleno dia;Decrescente;C�u Claro;Dupla;"Interse��o de Vias;Curva";N�o;3;0;2;0;1;0;2;1;-22,682134;-43,474332;SPRF-RJ;DEL01-RJ;UOP03-DEL01-RJ;;;
724639;12/10/2025;domingo;19:40:00;RS;470;176;VERANOPOLIS;Rea��o tardia ou ineficiente do condutor;Sa�da de leito carro��vel;Com V�timas Feridas;Anoitecer;Decrescente;C�u Claro;Dupla;"Declive;Reta;Retorno Regulamentado";Sim;1;0;1;0;0;0;1;1;-28,92525092;-51,53968541;SPRF-RS;DEL06-RS;UOP02-DEL06-RS;;;
724640;12/10/2025;domingo;20:35:00;GO;153;506;APARECIDA DE GOIANIA;Rea��o tardia ou ineficiente do condutor;Tombamento;Com V�timas Feridas;Plena Noite;Crescente;Nublado;Dupla;Reta;Sim;1;0;1;0;0;0;1;1;-16,750553;-49,241535;SPRF-GO;DEL01-GO;UOP01-DEL01-GO;;;
724641;12/10/2025;domingo;17:30:00;BA;242;414;SEABRA;Rea��o tardia ou ineficiente do condutor;Queda de ocupante de ve�culo;Com V�timas Feridas;Anoitecer;Crescente;C�u Claro;Simples;Curva;N�o;1;0;1;0;0;0;1;1;-12,42994442;-41,75868213;SPRF-BA;DEL06-BA;UOP01-DEL06-BA;;;
724642;12/10/2025;domingo;17:10:00;AP;156;375;FERREIRA GOMES;Rea��o tardia ou ineficiente do condutor;Colis�o traseira;Com V�timas Feridas;Anoitecer;Decrescente;C�u Claro;Simples;Reta;N�o;4;0;2;0;2;0;2;2;0,81139167;-51,21243333;SPRF-AP;DEL01-AP;UOP02-DEL01-AP;;;
724643;12/10/2025;domingo;17:50:00;BA;324;532;FEIRA DE SANTANA;Afundamento ou ondula��o no pavimento;Queda de ocupante de ve�culo;Com V�timas Feridas;Anoitecer;Decrescente;C�u Claro;Dupla;Reta;N�o;1;0;0;1;0;0;1;1;-12,336595;-38,850318;SPRF-BA;DEL01-BA;UOP03-DEL01-BA;;;
724644;12/10/2025;domingo;18:30:00;MG;262;780;UBERABA;Animais na Pista;Atropelamento de Animal;Com V�timas Feridas;Plena Noite;Crescente;C�u Claro;Simples;Reta;N�o;1;0;0;1;0;0;1;1;-19,68565;-47,70293;SPRF-MG;DEL13-MG;UOP01-DEL13-MG;;;
724645;12/10/2025;domingo;17:00:00;MS;487;12;ITAQUIRAI;Velocidade Incompat�vel;Sa�da de leito carro��vel;Sem V�timas;Pleno dia;Decrescente;Nublado;Simples;Reta;N�o;1;0;0;0;0;1;0;1;-23,235001;-54,105014;SPRF-MS;DEL09-MS;UOP01-DEL09-MS;;;
724649;12/10/2025;domingo;17:15:00;RO;364;244,5;CACOAL;Ultrapassagem Indevida;Sa�da de leito carro��vel;Com V�timas Feridas;Pleno dia;Decrescente;C�u Claro;Simples;"Aclive;Reta";N�o;2;0;2;0;0;0;2;1;-11,439867;-61,510373;SPRF-RO;DEL02-RO;UOP02-DEL02-RO;;;
724650;12/10/2025;domingo;10:30:00;RJ;116;75,8;TERESOPOLIS;Rea��o tardia ou ineficiente do condutor;Colis�o lateral sentido oposto;Com V�timas Fatais;Pleno dia;Crescente;Chuva;Simples;Curva;Sim;2;1;0;0;1;0;0;2;-22,36374698;-42,94263236;SPRF-RJ;DEL04-RJ;UOP01-DEL04-RJ;;;
724652;12/10/2025;domingo;14:30:00;SC;282;117,9;ALFREDO WAGNER;Acumulo de �leo sobre o pavimento;Colis�o frontal;Com V�timas Fatais;Pleno dia;Decrescente;Chuva;Simples;"Declive;Curva";N�o;6;3;0;3;0;0;3;2;-27,776736;-49,411182;SPRF-SC;DEL01-SC;UOP03-DEL01-SC;;;
724654;12/10/2025;domingo;18:50:00;TO;153;3,9;XAMBIOA;Transitar na contram�o;Colis�o com objeto;Com V�timas Feridas;Plena Noite;Crescente;Nublado;Simples;"Declive;Reta";Sim;3;0;0;2;1;0;2;2;-6,419457;-48,534723;SPRF-TO;DEL02-TO;UOP01-DEL02-TO;;;
724655;12/10/2025;domingo;20:30:00;PE;232;5;RECIFE;Manobra de mudan�a de faixa;Queda de ocupante de ve�culo;Com V�timas Feridas;Plena Noite;Decrescente;Ignorado;Dupla;Reta;Sim;1;0;0;1;0;0;1;1;-8,069068;-34,947562;SPRF-PE;DEL01-PE;UOP01-DEL01-PE;;;
724657;12/10/2025;domingo;19:56:00;MG;365;163;PIRAPORA;Rea��o tardia ou ineficiente do condutor;Colis�o traseira;Com V�timas Feridas;Plena Noite;Crescente;C�u Claro;Simples;Reta;Sim;7;0;2;0;5;0;2;2;-17,36483601;-44,93078677;SPRF-MG;DEL10-MG;UOP02-DEL010-MG;;;
724658;12/10/2025;domingo;19:30:00;MT;163;743;SORRISO;Rea��o tardia ou ineficiente do condutor;Capotamento;Sem V�timas;Plena Noite;Crescente;Nublado;Simples;Declive;N�o;1;0;0;0;1;0;0;1;-12,62216382;-55,76711655;SPRF-MT;DEL06-MT;UOP01-DEL06-MT;;;
724659;12/10/2025;domingo;21:20:00;GO;153;395,1;PIRENOPOLIS;Acessar a via sem observar a presen�a dos outros ve�culos;Colis�o transversal;Com V�timas Feridas;Plena Noite;Decrescente;Nublado;Simples;"Declive;Reta";Sim;2;0;0;1;1;0;1;2;-16,01575739;-49,11540734;SPRF-GO;DEL02-GO;UOP02-DEL02-GO;;;
724660;12/08/2025;ter�a-feira;16:39:00;PR;277;582,5;CASCAVEL;Desrespeitar a prefer�ncia no cruzamento;Colis�o lateral mesmo sentido;Com V�timas Feridas;Pleno dia;Decrescente;Ignorado;Dupla;Reta;N�o;2;0;0;1;1;0;1;2;-24,9754407;-53,38925239;SPRF-PR;DEL04-PR;UOP01-DEL04-PR;;;
724662;12/10/2025;domingo;20:45:00;RO;364;199,1;PIMENTA BUENO;Ingest�o de �lcool pelo condutor;Colis�o frontal;Com V�timas Feridas;Plena Noite;Crescente;C�u Claro;Simples;"Declive;Curva";Sim;3;0;1;1;1;0;2;2;-11,661173;-61,191002;SPRF-RO;DEL02-RO;UOP02-DEL02-RO;;;
724663;12/10/2025;domingo;20:30:00;SC;282;186;BOCAINA DO SUL;Transitar na contram�o;Colis�o lateral sentido oposto;Com V�timas Feridas;Plena Noite;Crescente;Chuva;Simples;Curva;N�o;3;0;2;0;1;0;2;2;-27,739055;-50,006082;SPRF-SC;DEL05-SC;UOP01-DEL05-SC;;;
724664;12/10/2025;domingo;20:00:00;BA;242;868;BARREIRAS;Pista Escorregadia;Sa�da de leito carro��vel;Com V�timas Fatais;Plena Noite;Crescente;Chuva;Simples;Reta;N�o;3;1;1;0;1;0;1;1;-12,0889535;-45,4283613;SPRF-BA;DEL10-BA;UOP01-DEL10-BA;;;