id;data_inversa;dia_semana;horario;uf;br;km;municipio;causa_acidente;tipo_acidente;classificacao_acidente;fase_dia;sentido_via;condicao_metereologica;tipo_pista;tracado_via;uso_solo;pessoas;mortos;feridos_leves;feridos_graves;ilesos;ignorados;feridos;veiculos;latitude;longitude;regional;delegacia;uop;;;
724665;12/10/2025;domingo;19:40:00;MG;40;784,4;JUIZ DE FORA;Condutor deixou de manter dist�ncia do ve�culo da frente;Colis�o lateral mesmo sentido;Com V�timas Feridas;Plena Noite;Decrescente;Nublado;Simples;"Retorno Regulamentado;Curva;Rotat�ria;Interse��o de Vias";N�o;3;0;2;0;1;0;2;2;-21,731804;-43,437551;SPRF-MG;DEL05-MG;UOP01-DEL05-MG;;;
724666;12/10/2025;domingo;21:45:00;RS;116;246;SAO LEOPOLDO;Entrada inopinada do pedestre;Atropelamento de Pedestre;Com V�timas Fatais;Plena Noite;Crescente;C�u Claro;Dupla;Reta;Sim;3;1;0;0;1;1;0;2;-29,7635186;-51,1532719;SPRF-RS;DEL01-RS;UOP02-DEL01-RS;;;
724667;12/10/2025;domingo;22:00:00;PR;116;128;FAZENDA RIO GRANDE;Manobra de mudan�a de faixa;Colis�o traseira;Com V�timas Feridas;Plena Noite;Crescente;Nublado;Dupla;Reta;Sim;2;0;1;0;0;1;1;2;-25,65519686;-49,31221811;SPRF-PR;DEL01-PR;UOP03-DEL01-PR;;;
724668;12/10/2025;domingo;22:00:00;BA;20;192;LUIS EDUARDO MAGALHAES;Pista Escorregadia;Sa�da de leito carro��vel;Com V�timas Feridas;Plena Noite;Decrescente;Garoa/Chuvisco;Simples;Reta;N�o;4;0;3;0;1;0;3;1;-12,26831;-45,8424;SPRF-BA;DEL10-BA;UOP01-DEL10-BA;;;
724669;12/10/2025;domingo;22:10:00;SP;101;15;UBATUBA;Chuva;Queda de ocupante de ve�culo;Com V�timas Feridas;Plena Noite;Crescente;Chuva;Simples;Reta;N�o;2;0;1;0;1;0;1;1;-23,33772073;-44,8778227;SPRF-SP;DEL06-SP;UOP01-DEL06-SP;;;
724670;12/10/2025;domingo;18:25:00;MG;262;436,7;NOVA SERRANA;Entrada inopinada do pedestre;Atropelamento de Pedestre;Com V�timas Feridas;Plena Noite;Decrescente;Ignorado;Dupla;"Declive;Reta";Sim;3;0;0;1;2;0;1;2;-19,87303;-44,96286;SPRF-MG;DEL08-MG;UOP03-DEL08-MG;;;
724671;12/10/2025;domingo;18:27:00;PA;230;623;TRAIRAO;Aus�ncia de rea��o do condutor;Sa�da de leito carro��vel;Com V�timas Feridas;Plena Noite;Decrescente;C�u Claro;Simples;Reta;N�o;3;0;1;0;0;2;1;2;-4,70979;-56,01007;SPRF-PA;DEL04-PA;UOP01-DEL04-PA;;;
724672;12/10/2025;domingo;19:20:00;PE;316;1;ARARIPINA;Transitar na contram�o;Colis�o frontal;Com V�timas Fatais;Plena Noite;Crescente;C�u Claro;Simples;Reta;N�o;3;1;0;2;0;0;2;2;-7,450343;-40,649033;SPRF-PE;DEL05-PE;UOP02-DEL05-PE;;;
724674;12/10/2025;domingo;22:40:00;GO;60;187;GUAPO;Animais na Pista;Atropelamento de Animal;Com V�timas Feridas;Plena Noite;Crescente;C�u Claro;Dupla;Reta;Sim;1;0;1;0;0;0;1;1;-16,817211;-49,533174;SPRF-GO;DEL01-GO;UOP02-DEL01-GO;;;
724675;12/10/2025;domingo;22:30:00;PR;116;2;CAMPINA GRANDE DO SUL;Transitar na contram�o;Colis�o lateral sentido oposto;Com V�timas Feridas;Plena Noite;Crescente;C�u Claro;Dupla;Reta;Sim;2;0;1;0;1;0;1;2;-25,35693102;-49,06959772;SPRF-PR;DEL01-PR;UOP02-DEL01-PR;;;
724676;12/10/2025;domingo;20:45:00;MG;381;445;SABARA;Acesso irregular;Colis�o transversal;Com V�timas Feridas;Plena Noite;Crescente;C�u Claro;Simples;Curva;Sim;2;0;0;1;1;0;1;2;-19,83486165;-43,84883881;SPRF-MG;DEL01-MG;UOP01-DEL01-MG;;;
724677;12/10/2025;domingo;19:00:00;RJ;116;119;MAGE;Aus�ncia de rea��o do condutor;Engavetamento;Com V�timas Feridas;Plena Noite;Crescente;Nublado;Dupla;Reta;Sim;4;0;1;0;3;0;1;3;-22,6594062;-43,0910235;SPRF-RJ;DEL04-RJ;UOP02-DEL04-RJ;;;
724681;12/10/2025;domingo;20:23:00;RO;364;12;VILHENA;Aus�ncia de rea��o do condutor;Sa�da de leito carro��vel;Com V�timas Feridas;Plena Noite;Decrescente;C�u Claro;Simples;"Reta;Rotat�ria";Sim;1;0;1;0;0;0;1;1;-12,74319553;-60,12387067;SPRF-RO;DEL04-RO;UOP01-DEL04-RO;;;
724682;12/10/2025;domingo;17:45:00;RO;429;49;ALVORADA DOESTE;Convers�o proibida;Colis�o transversal;Com V�timas Feridas;Pleno dia;Decrescente;C�u Claro;Dupla;Reta;Sim;5;0;0;1;3;1;1;3;-11,335497;-62,27547482;SPRF-RO;DEL02-RO;UOP03-DEL02-RO;;;
724684;12/10/2025;domingo;22:00:00;SP;116;297;ITAPECERICA DA SERRA;Rea��o tardia ou ineficiente do condutor;Colis�o com objeto;Com V�timas Fatais;Plena Noite;Decrescente;Chuva;Dupla;"Declive;Curva";N�o;5;1;1;3;0;0;4;1;-23,7775168;-46,91550686;SPRF-SP;DEL04-SP;UOP01-DEL04-SP;;;
724685;12/10/2025;domingo;21:55:00;GO;60;20,7;ALEXANIA;Manobra de mudan�a de faixa;Colis�o traseira;Com V�timas Feridas;Plena Noite;Decrescente;Nublado;Dupla;Reta;N�o;3;0;1;0;2;0;1;2;-16,120756;-48,406206;SPRF-DF;DEL03-DF;UOP01-DEL03-DF;;;
724686;12/10/2025;domingo;21:20:00;MT;70;500;CUIABA;Acessar a via sem observar a presen�a dos outros ve�culos;Colis�o transversal;Com V�timas Feridas;Plena Noite;Decrescente;C�u Claro;Simples;"Em Obras;Reta";N�o;2;0;0;1;1;0;1;2;-15,68483;-56,017323;SPRF-MT;DEL01-MT;UOP02-DEL01-MT;;;
724688;12/10/2025;domingo;16:40:00;PI;230;204,9;OEIRAS;Transitar na contram�o;Colis�o frontal;Com V�timas Fatais;Pleno dia;Crescente;Sol;Simples;"Curva;Aclive";N�o;3;1;0;2;0;0;2;2;-6,99968971;-42,13715156;SPRF-PI;DEL03-PI;UOP01-DEL03-PI;;;
724689;12/10/2025;domingo;21:25:00;PR;376;416;TIBAGI;Acumulo de �gua sobre o pavimento;Sa�da de leito carro��vel;Com V�timas Feridas;Plena Noite;Decrescente;Garoa/Chuvisco;Dupla;Curva;N�o;4;0;1;1;2;0;2;1;-24,7005779;-50,57645671;SPRF-PR;DEL03-PR;UOP02-DEL03-PR;;;
724693;12/10/2025;domingo;21:10:00;MT;70;242;POXOREU;Velocidade Incompat�vel;Sa�da de leito carro��vel;Com V�timas Feridas;Plena Noite;Crescente;C�u Claro;Simples;"Declive;Curva";N�o;2;0;1;0;1;0;1;1;-15,615547;-54,039998;SPRF-MT;DEL05-MT;UOP01-DEL05-MT;;;
724694;12/10/2025;domingo;23:00:00;MG;116;302;ITAMBACURI;Objeto est�tico sobre o leito carro��vel;Colis�o com objeto;Com V�timas Feridas;Plena Noite;Crescente;C�u Claro;Simples;Reta;N�o;1;0;0;1;0;0;1;1;-18,01814949;-41,63536962;SPRF-MG;DEL11-MG;UOP01-DEL11-MG;;;
724696;12/10/2025;domingo;21:00:00;BA;116;816,9;VITORIA DA CONQUISTA;Ingest�o de �lcool pelo condutor;Tombamento;Com V�timas Feridas;Plena Noite;Decrescente;Nublado;Simples;"Declive;Reta";Sim;1;0;1;0;0;0;1;1;-14,81890568;-40,80940247;SPRF-BA;DEL08-BA;UOP01-DEL08-BA;;;
724698;12/10/2025;domingo;23:15:00;BA;410;1;RIBEIRA DO POMBAL;Ingest�o de �lcool pelo condutor;Atropelamento de Pedestre;Com V�timas Feridas;Plena Noite;Decrescente;C�u Claro;Simples;Declive;N�o;4;0;2;2;0;0;4;2;-10,81857;-38,53519;SPRF-BA;DEL07-BA;UOP02-DEL07-BA;;;
724700;12/10/2025;domingo;18:30:00;RJ;116;147;DUQUE DE CAXIAS;Rea��o tardia ou ineficiente do condutor;Colis�o traseira;Com V�timas Feridas;Plena Noite;Crescente;Nublado;Dupla;Reta;Sim;3;0;1;0;2;0;1;2;-22,66926;-43,271377;SPRF-RJ;DEL01-RJ;UOP02-DEL01-RJ;;;
724701;12/10/2025;domingo;21:58:00;MA;10;227;GOVERNADOR EDISON LOBAO;Rea��o tardia ou ineficiente do condutor;Colis�o lateral sentido oposto;Com V�timas Feridas;Plena Noite;Crescente;C�u Claro;Simples;"Reta;Declive";N�o;2;0;1;1;0;0;2;2;-5,719104;-47,360023;SPRF-MA;DEL04-MA;UOP01-DEL04-MA;;;
724702;12/10/2025;domingo;23:30:00;RJ;40;68,3;PETROPOLIS;Problema com o freio;Colis�o com objeto;Com V�timas Feridas;Plena Noite;Decrescente;Nublado;Simples;Curva;N�o;3;0;1;0;2;0;1;1;-22,44184642;-43,18834869;SPRF-RJ;DEL05-RJ;UOP02-DEL05-RJ;;;
724703;12/10/2025;domingo;21:30:00;PA;230;577;VITORIA DO XINGU;Aus�ncia de rea��o do condutor;Sa�da de leito carro��vel;Com V�timas Feridas;Plena Noite;Decrescente;C�u Claro;Simples;Curva;N�o;1;0;1;0;0;0;1;1;-3,125183;-51,785409;SPRF-PA;DEL04-PA;UOP01-DEL04-PA;;;
724706;13/10/2025;segunda-feira;01:18:00;MS;163;261;DOURADOS;Aus�ncia de rea��o do condutor;Colis�o lateral mesmo sentido;Com V�timas Feridas;Plena Noite;Crescente;Chuva;Dupla;Reta;N�o;4;0;2;1;1;0;3;2;-22,236742;-54,760049;SPRF-MS;DEL04-MS;UOP01-DEL04-MS;;;
724707;13/10/2025;segunda-feira;04:00:00;GO;60;53;ABADIANIA;Ingest�o de �lcool pelo condutor;Sa�da de leito carro��vel;Com V�timas Feridas;Plena Noite;Crescente;C�u Claro;Dupla;"Declive;Reta";N�o;1;0;1;0;0;0;1;1;-16,173621;-48,648687;SPRF-GO;DEL02-GO;UOP01-DEL02-GO;;;
724708;13/10/2025;segunda-feira;04:50:00;BA;367;81,7;EUNAPOLIS;Pedestre cruzava a pista fora da faixa;Atropelamento de Pedestre;Com V�timas Feridas;Amanhecer;Decrescente;C�u Claro;Simples;Reta;Sim;2;0;1;0;1;0;1;2;-16,372035;-39,55937;SPRF-BA;DEL09-BA;UOP03-DEL09-BA;;;
724711;13/10/2025;segunda-feira;01:00:00;MS;60;88;PARAISO DAS AGUAS;Aus�ncia de rea��o do condutor;Sa�da de leito carro��vel;Com V�timas Feridas;Plena Noite;Crescente;Nublado;Simples;Curva;N�o;1;0;1;0;0;0;1;1;-19,230233;-53,119851;SPRF-MS;DEL06-MS;UOP02-DEL06-MS;;;
724712;13/10/2025;segunda-feira;04:40:00;RR;174;2;BOA VISTA;Demais falhas mec�nicas ou el�tricas;Queda de ocupante de ve�culo;Com V�timas Feridas;Amanhecer;Crescente;Nublado;Simples;Reta;N�o;2;0;2;0;0;0;2;1;2,86691263;-60,7945118;SPRF-RR;DEL01-RR;UOP01-DEL01-RR;;;
724713;08/10/2025;quarta-feira;20:30:00;MS;376;16;DOURADOS;Aus�ncia de rea��o do condutor;Colis�o transversal;Com V�timas Feridas;Plena Noite;Crescente;C�u Claro;Simples;Reta;N�o;2;0;0;1;1;0;1;2;-22,30829678;-54,59216684;SPRF-MS;DEL04-MS;UOP01-DEL04-MS;;;
724714;13/10/2025;segunda-feira;06:45:00;MG;40;522;CONTAGEM;Rea��o tardia ou ineficiente do condutor;Colis�o lateral mesmo sentido;Com V�timas Feridas;Pleno dia;Crescente;C�u Claro;Dupla;"Declive;Reta";N�o;3;0;1;0;2;0;1;2;-19,8736092;-44,0556513;SPRF-MG;DEL01-MG;UOP02-DEL01-MG;;;
724715;13/10/2025;segunda-feira;06:25:00;SC;101;207;SAO JOSE;Rea��o tardia ou ineficiente do condutor;Tombamento;Com V�timas Feridas;Pleno dia;Decrescente;C�u Claro;M�ltipla;Reta;Sim;1;0;1;0;0;0;1;1;-27,623864;-48,625203;SPRF-SC;DEL01-SC;UOP01-DEL01-SC;;;
724716;13/10/2025;segunda-feira;06:30:00;MG;50;48;ARAGUARI;Aus�ncia de rea��o do condutor;Sa�da de leito carro��vel;Com V�timas Feridas;Pleno dia;Crescente;Chuva;Dupla;Curva;N�o;1;0;1;0;0;0;1;1;-18,72560025;-48,20543289;SPRF-MG;DEL15-MG;UOP02-DEL15-MG;;;
724717;13/10/2025;segunda-feira;01:50:00;SC;280;69,4;JARAGUA DO SUL;Velocidade Incompat�vel;Capotamento;Com V�timas Feridas;Plena Noite;Crescente;Garoa/Chuvisco;Simples;Reta;Sim;1;0;0;1;0;0;1;1;-26,46584773;-49,12500143;SPRF-SC;DEL03-SC;UOP03-DEL03-SC;;;
724719;13/10/2025;segunda-feira;02:00:00;MG;381;812,3;CAREACU;Chuva;Colis�o lateral mesmo sentido;Com V�timas Feridas;Plena Noite;Crescente;Chuva;Dupla;Curva;N�o;8;0;7;0;1;0;7;3;-22,008818;-45,6779603;SPRF-MG;DEL16-MG;UOP02-DEL16-MG;;;
724720;13/10/2025;segunda-feira;07:00:00;BA;324;603;SIMOES FILHO;Condutor deixou de manter dist�ncia do ve�culo da frente;Colis�o lateral mesmo sentido;Com V�timas Feridas;Pleno dia;Crescente;C�u Claro;Dupla;Reta;N�o;2;0;1;0;0;1;1;2;-12,781027;-38,415187;SPRF-BA;DEL01-BA;UOP01-DEL01-BA;;;
724721;13/10/2025;segunda-feira;06:40:00;PR;373;174;PONTA GROSSA;Aus�ncia de rea��o do condutor;Colis�o com objeto;Com V�timas Feridas;Pleno dia;Crescente;Nublado;M�ltipla;Reta;Sim;1;0;0;1;0;0;1;1;-25,074457;-50,210478;SPRF-PR;DEL03-PR;UOP01-DEL03-PR;;;
724722;13/10/2025;segunda-feira;06:20:00;AL;104;83;RIO LARGO;Acumulo de areia ou detritos sobre o pavimento;Tombamento;Com V�timas Feridas;Pleno dia;Crescente;C�u Claro;Simples;Curva;N�o;1;0;0;1;0;0;1;1;-9,44001773;-35,83796024;SPRF-AL;DEL01-AL;UOP01-DEL01-AL;;;
724724;13/10/2025;segunda-feira;00:15:00;MG;381;447;BELO HORIZONTE;Animais na Pista;Atropelamento de Animal;Com V�timas Feridas;Plena Noite;Decrescente;Nublado;Simples;Curva;N�o;1;0;0;1;0;0;1;1;-19,84121781;-43,87415282;SPRF-MG;DEL01-MG;UOP01-DEL01-MG;;;
724725;13/10/2025;segunda-feira;05:30:00;MS;60;352;CAMPO GRANDE;Aus�ncia de rea��o do condutor;Colis�o com objeto;Com V�timas Feridas;Amanhecer;Crescente;Chuva;Simples;"Reta;Declive";N�o;1;0;1;0;0;0;1;1;-20,449;-54,747;SPRF-MS;DEL01-MS;UOP03-DEL01-MS;;;
724726;13/10/2025;segunda-feira;05:30:00;MA;316;549,1;CAXIAS;Ingest�o de �lcool pelo condutor;Sa�da de leito carro��vel;Sem V�timas;Pleno dia;Decrescente;C�u Claro;Simples;Reta;N�o;1;0;0;0;1;0;0;1;-4,88362993;-43,38154143;SPRF-MA;DEL03-MA;UOP02-DEL03-MA;;;
724728;13/10/2025;segunda-feira;08:00:00;SP;116;138;SAO JOSE DOS CAMPOS;Rea��o tardia ou ineficiente do condutor;Colis�o lateral mesmo sentido;Com V�timas Feridas;Pleno dia;Crescente;C�u Claro;Dupla;Reta;N�o;2;0;0;1;1;0;1;2;-23,15998572;-45,79979991;SPRF-SP;DEL02-SP;UOP01-DEL02-SP;;;
724729;13/10/2025;segunda-feira;06:09:00;MT;163;844;SINOP;Acessar a via sem observar a presen�a dos outros ve�culos;Colis�o transversal;Com V�timas Feridas;Pleno dia;Crescente;C�u Claro;Simples;"Em Obras;Interse��o de Vias;Reta";N�o;3;0;1;0;2;0;1;2;-11,77815343;-55,47359705;SPRF-MT;DEL06-MT;UOP02-DEL06-MT;;;
724731;13/10/2025;segunda-feira;07:20:00;SC;101;203,7;SAO JOSE;Rea��o tardia ou ineficiente do condutor;Atropelamento de Pedestre;Com V�timas Feridas;Pleno dia;Decrescente;C�u Claro;M�ltipla;"Curva;Viaduto";Sim;2;0;1;0;1;0;1;2;-27,57056998;-48,61345975;SPRF-SC;DEL01-SC;UOP01-DEL01-SC;;;
724732;13/10/2025;segunda-feira;07:25:00;TO;10;457;PALMAS;Aus�ncia de rea��o do condutor;Colis�o traseira;Com V�timas Feridas;Pleno dia;Crescente;C�u Claro;M�ltipla;Reta;Sim;2;0;2;0;0;0;2;2;-10,28358918;-48,29751849;SPRF-TO;DEL01-TO;UOP03-DEL01-TO;;;
724733;06/10/2025;segunda-feira;07:00:00;MG;381;491;BETIM;Acessar a via sem observar a presen�a dos outros ve�culos;Colis�o lateral mesmo sentido;Com V�timas Feridas;Pleno dia;Crescente;C�u Claro;M�ltipla;Reta;Sim;3;0;0;2;1;0;2;2;-19,959689;-44,154376;SPRF-MG;DEL01-MG;UOP03-DEL01-MG;;;
724735;13/10/2025;segunda-feira;07:40:00;ES;101;230,9;FUNDAO;Condutor deixou de manter dist�ncia do ve�culo da frente;Colis�o traseira;Com V�timas Feridas;Pleno dia;Decrescente;C�u Claro;Simples;Reta;N�o;3;0;1;0;2;0;1;2;-19,944287;-40,40667;SPRF-ES;DEL02-ES;UOP01-DEL02-ES;;;
724736;13/10/2025;segunda-feira;08:15:00;ES;101;204,8;JOAO NEIVA;Acessar a via sem observar a presen�a dos outros ve�culos;Colis�o transversal;Com V�timas Feridas;Pleno dia;Decrescente;Nublado;Simples;"Reta;Rotat�ria";Sim;18;0;3;0;15;0;3;2;-19,75602;-40,37992;SPRF-ES;DEL02-ES;UOP01-DEL02-ES;;;
724738;13/10/2025;segunda-feira;07:00:00;RJ;40;124;RIO DE JANEIRO;Manobra de mudan�a de faixa;Colis�o lateral mesmo sentido;Com V�timas Feridas;Pleno dia;Decrescente;C�u Claro;Dupla;Reta;Sim;3;0;2;0;1;0;2;2;-22,810212;-43,288144;SPRF-RJ;DEL01-RJ;UOP02-DEL01-RJ;;;
724740;13/10/2025;segunda-feira;05:20:00;RJ;40;116;DUQUE DE CAXIAS;Manobra de mudan�a de faixa;Colis�o traseira;Com V�timas Feridas;Amanhecer;Crescente;C�u Claro;M�ltipla;Reta;Sim;2;0;1;0;1;0;1;2;-22,73708571;-43,28842449;SPRF-RJ;DEL01-RJ;UOP02-DEL01-RJ;;;
724741;13/10/2025;segunda-feira;08:15:00;MG;116;409;GOVERNADOR VALADARES;Acessar a via sem observar a presen�a dos outros ve�culos;Colis�o transversal;Com V�timas Feridas;Pleno dia;Decrescente;Nublado;Dupla;"Interse��o de Vias;Reta";Sim;2;0;0;1;1;0;1;2;-18,847186;-41,979995;SPRF-MG;DEL06-MG;UOP01-DEL06-MG;;;
724743;13/10/2025;segunda-feira;07:15:00;RJ;40;120;DUQUE DE CAXIAS;Rea��o tardia ou ineficiente do condutor;Tombamento;Com V�timas Feridas;Pleno dia;Crescente;C�u Claro;M�ltipla;Reta;Sim;2;0;1;0;1;0;1;1;-22,78097057;-43,2857401;SPRF-RJ;DEL01-RJ;UOP02-DEL01-RJ;;;
724744;13/10/2025;segunda-feira;08:40:00;PB;101;87,9;JOAO PESSOA;Entrada inopinada do pedestre;Atropelamento de Pedestre;Com V�timas Feridas;Pleno dia;Decrescente;C�u Claro;Dupla;Reta;Sim;2;0;1;1;0;0;2;2;-7,16457699;-34,89992648;SPRF-PB;DEL01-PB;UOP01-DEL01-PB;;;
724745;13/10/2025;segunda-feira;06:45:00;RJ;40;4,8;COMENDADOR LEVY GASPARIAN;Rea��o tardia ou ineficiente do condutor;Colis�o com objeto;Com V�timas Feridas;Pleno dia;Crescente;Garoa/Chuvisco;Dupla;Curva;N�o;1;0;1;0;0;0;1;1;-22,01293032;-43,25554437;SPRF-RJ;DEL05-RJ;UOP02-DEL05-RJ;;;
724746;13/10/2025;segunda-feira;08:30:00;PB;230;21,7;JOAO PESSOA;Trafegar com motocicleta (ou similar) entre as faixas;Colis�o lateral mesmo sentido;Com V�timas Feridas;Pleno dia;Decrescente;Sol;Dupla;Reta;Sim;3;0;2;0;1;0;2;2;-7,149577;-34,851785;SPRF-PB;DEL01-PB;UOP01-DEL01-PB;;;
724747;13/10/2025;segunda-feira;07:15:00;RS;392;4;RIO GRANDE;Convers�o proibida;Atropelamento de Pedestre;Com V�timas Feridas;Pleno dia;Decrescente;C�u Claro;Simples;Reta;N�o;3;0;1;0;1;1;1;2;-32,072178;-52,097781;SPRF-RS;DEL07-RS;UOP02-DEL07-RS;;;
724749;13/10/2025;segunda-feira;07:00:00;RJ;101;452;MANGARATIBA;Curva acentuada;Sa�da de leito carro��vel;Com V�timas Feridas;Pleno dia;Crescente;Nublado;Simples;Curva;Sim;1;0;1;0;0;0;1;1;-23,03161628;-44,13253069;SPRF-RJ;DEL03-RJ;UOP02-DEL03-RJ;;;
724751;13/10/2025;segunda-feira;09:00:00;PB;101;86;JOAO PESSOA;Demais falhas mec�nicas ou el�tricas;Inc�ndio;Sem V�timas;Pleno dia;Crescente;C�u Claro;Dupla;Reta;N�o;1;0;0;0;1;0;0;1;-7,153198;-34,90835;SPRF-PB;DEL01-PB;UOP01-DEL01-PB;;;
724752;13/10/2025;segunda-feira;09:15:00;SE;235;64;ITABAIANA;Acessar a via sem observar a presen�a dos outros ve�culos;Colis�o transversal;Com V�timas Feridas;Pleno dia;Crescente;Nublado;Simples;Reta;N�o;3;0;2;0;1;0;2;2;-10,59835184;-37,47900009;SPRF-SE;DEL01-SE;UOP02-DEL01-SE;;;
724753;28/09/2025;domingo;21:29:00;TO;153;145;ARAGUAINA;Aus�ncia de rea��o do condutor;Sa�da de leito carro��vel;Com V�timas Feridas;Plena Noite;Crescente;C�u Claro;Dupla;Rotat�ria;Sim;1;0;0;1;0;0;1;1;-7,232398;-48,253022;SPRF-TO;DEL02-TO;UOP01-DEL02-TO;;;
724755;13/10/2025;segunda-feira;08:00:00;PR;153;15;JACAREZINHO;Chuva;Sa�da de leito carro��vel;Sem V�timas;Pleno dia;Decrescente;Chuva;Simples;Curva;N�o;1;0;0;0;0;1;0;1;-23,12646844;-49,94401932;SPRF-PR;DEL07-PR;UOP04-DEL07-PR;;;
724757;10/08/2025;domingo;18:00:00;PR;277;120,8;CAMPO LARGO;Trafegar com motocicleta (ou similar) entre as faixas;Colis�o lateral mesmo sentido;Com V�timas Feridas;Anoitecer;Decrescente;C�u Claro;Dupla;"Declive;Reta";Sim;4;0;0;1;3;0;1;2;-25,44735;-49,48453;SPRF-PR;DEL03-PR;UOP03-DEL03-PR;;;
724758;12/10/2025;domingo;18:40:00;SC;470;147,6;AGRONOMICA;Acessar a via sem observar a presen�a dos outros ve�culos;Colis�o transversal;Sem V�timas;Anoitecer;Crescente;Garoa/Chuvisco;Simples;Rotat�ria;N�o;3;0;0;0;2;1;0;3;-27,246135;-49,694652;SPRF-SC;DEL04-SC;UOP02-DEL04-SC;;;
724759;13/10/2025;segunda-feira;10:00:00;PE;101;46;IGARASSU;Acesso irregular;Colis�o traseira;Com V�timas Feridas;Pleno dia;Crescente;C�u Claro;Dupla;Reta;Sim;2;0;1;0;0;1;1;2;-7,87773;-34,90534;SPRF-PE;DEL01-PE;UOP02-DEL01-PE;;;
724760;13/10/2025;segunda-feira;09:30:00;PR;376;635;SAO JOSE DOS PINHAIS;Aus�ncia de rea��o do condutor;Colis�o lateral mesmo sentido;Sem V�timas;Pleno dia;Crescente;C�u Claro;Dupla;Reta;N�o;4;0;0;0;4;0;0;2;-25,748773;-49,129531;SPRF-PR;DEL01-PR;UOP04-DEL01-PR;;;
724762;13/10/2025;segunda-feira;08:30:00;GO;153;506;APARECIDA DE GOIANIA;Condutor deixou de manter dist�ncia do ve�culo da frente;Colis�o traseira;Com V�timas Feridas;Pleno dia;Decrescente;C�u Claro;Dupla;Reta;Sim;2;0;1;0;0;1;1;2;-16,74095959;-49,24175832;SPRF-GO;DEL01-GO;UOP01-DEL01-GO;;;
724763;13/10/2025;segunda-feira;11:00:00;DF;70;9,8;BRASILIA;Pedestre andava na pista;Atropelamento de Pedestre;Com V�timas Feridas;Pleno dia;Decrescente;C�u Claro;Dupla;Reta;Sim;2;0;2;0;0;0;2;2;-15,78823658;-48,14318854;SPRF-DF;DEL03-DF;UOP02-DEL03-DF;;;
724764;01/10/2025;quarta-feira;06:45:00;SE;101;98;SAO CRISTOVAO;Avarias e/ou desgaste excessivo no pneu;Queda de ocupante de ve�culo;Com V�timas Feridas;Pleno dia;Crescente;Nublado;Dupla;Aclive;N�o;2;0;0;2;0;0;2;1;-10,93062291;-37,18546677;SPRF-SE;DEL02-SE;UOP01-DEL02-SE;;;
724765;13/10/2025;segunda-feira;11:30:00;SC;101;207,5;SAO JOSE;Pedestre andava na pista;Colis�o frontal;Com V�timas Feridas;Pleno dia;Crescente;C�u Claro;Dupla;Reta;Sim;3;0;1;1;0;1;2;3;-27,60239;-48,62798;SPRF-SC;DEL01-SC;UOP01-DEL01-SC;;;
724766;13/10/2025;segunda-feira;10:50:00;RJ;493;22;MAGE;Ultrapassagem Indevida;Atropelamento de Pedestre;Com V�timas Feridas;Pleno dia;Decrescente;Sol;Simples;"Reta;Em Obras";Sim;2;0;0;1;1;0;1;2;-22,65708182;-43,06135077;SPRF-RJ;DEL04-RJ;UOP02-DEL04-RJ;;;
724767;13/10/2025;segunda-feira;11:50:00;RN;101;83;NATAL;Condutor deixou de manter dist�ncia do ve�culo da frente;Colis�o traseira;Com V�timas Feridas;Pleno dia;Decrescente;C�u Claro;Dupla;Reta;Sim;3;0;2;0;1;0;2;2;-5,773436;-35,259478;SPRF-RN;DEL02-RN;UOP01-DEL02-RN;;;
724769;13/10/2025;segunda-feira;11:50:00;RS;290;112;ELDORADO DO SUL;Animais na Pista;Sa�da de leito carro��vel;Com V�timas Feridas;Pleno dia;Decrescente;C�u Claro;Simples;Curva;N�o;1;0;1;0;0;0;1;1;-30,043822;-51,332643;SPRF-RS;DEL02-RS;UOP01-DEL02-RS;;;
724770;13/10/2025;segunda-feira;12:30:00;SC;101;217,9;PALHOCA;Demais falhas mec�nicas ou el�tricas;Tombamento;Com V�timas Feridas;Pleno dia;Crescente;C�u Claro;M�ltipla;Reta;Sim;2;0;2;0;0;0;2;1;-27,67525;-48,67126;SPRF-SC;DEL01-SC;UOP02-DEL01-SC;;;
724771;13/10/2025;segunda-feira;12:20:00;ES;262;126,4;CONCEICAO DO CASTELO;Condutor Dormindo;Capotamento;Com V�timas Feridas;Pleno dia;Decrescente;C�u Claro;Simples;Curva;N�o;3;0;1;0;2;0;1;1;-20,26774;-41,269357;SPRF-ES;DEL01-ES;UOP02-DEL01-ES;;;
724772;13/10/2025;segunda-feira;12:24:00;RN;304;43;MOSSORO;Rea��o tardia ou ineficiente do condutor;Colis�o traseira;Com V�timas Feridas;Pleno dia;Decrescente;C�u Claro;Dupla;Reta;N�o;2;0;1;0;1;0;1;2;-5,21777089;-37,36548811;SPRF-RN;DEL04-RN;UOP01-DEL04-RN;;;
724773;13/10/2025;segunda-feira;10:25:00;PR;369;100;URAI;Rea��o tardia ou ineficiente do condutor;Sa�da de leito carro��vel;Com V�timas Feridas;Pleno dia;Crescente;Chuva;Dupla;Curva;N�o;1;0;1;0;0;0;1;1;-23,27831816;-50,84360775;SPRF-PR;DEL07-PR;UOP05-DEL07-PR;;;
724776;13/10/2025;segunda-feira;11:10:00;PR;277;684;SAO MIGUEL DO IGUACU;Aus�ncia de rea��o do condutor;Colis�o com objeto;Com V�timas Feridas;Pleno dia;Crescente;C�u Claro;Dupla;Curva;N�o;1;0;1;0;0;0;1;1;-25,33913176;-54,19930905;SPRF-PR;DEL05-PR;UOP01-DEL05-PR;;;