id;data_inversa;dia_semana;horario;uf;br;km;municipio;causa_acidente;tipo_acidente;classificacao_acidente;fase_dia;sentido_via;condicao_metereologica;tipo_pista;tracado_via;uso_solo;pessoas;mortos;feridos_leves;feridos_graves;ilesos;ignorados;feridos;veiculos;latitude;longitude;regional;delegacia;uop;;;
724777;09/10/2025;quinta-feira;14:20:00;RJ;101;317;SAO GONCALO;Demais falhas mec�nicas ou el�tricas;Queda de ocupante de ve�culo;Com V�timas Feridas;Pleno dia;Decrescente;Nublado;Dupla;Reta;N�o;2;0;1;0;1;0;1;1;-22,83738099;-43,09494495;SPRF-RJ;DEL02-RJ;UOP02-DEL02-RJ;;;
724782;13/10/2025;segunda-feira;13:16:00;RN;101;99;PARNAMIRIM;Acessar a via sem observar a presen�a dos outros ve�culos;Colis�o transversal;Com V�timas Feridas;Pleno dia;Decrescente;C�u Claro;Dupla;"Reta;Retorno Regulamentado";Sim;2;0;1;0;1;0;1;2;-5,87606955;-35,22223234;SPRF-RN;DEL01-RN;UOP01-DEL01-RN;;;
724783;13/10/2025;segunda-feira;07:50:00;RJ;101;494;ANGRA DOS REIS;Demais falhas mec�nicas ou el�tricas;Tombamento;Com V�timas Feridas;Pleno dia;Decrescente;Nublado;Simples;Reta;N�o;1;0;1;0;0;0;1;1;-22,93139975;-44,32135177;SPRF-RJ;DEL03-RJ;UOP03-DEL03-RJ;;;
724784;13/10/2025;segunda-feira;13:41:00;PB;230;27;JOAO PESSOA;Aus�ncia de rea��o do condutor;Tombamento;Com V�timas Feridas;Pleno dia;Decrescente;C�u Claro;Dupla;Reta;N�o;2;0;1;0;0;1;1;1;-7,16515183;-34,89135414;SPRF-PB;DEL01-PB;UOP01-DEL01-PB;;;
724785;13/10/2025;segunda-feira;13:20:00;PR;116;44;CURITIBA;Aus�ncia de rea��o do condutor;Capotamento;Com V�timas Feridas;Pleno dia;Crescente;Nublado;Dupla;Reta;N�o;3;0;1;0;2;0;1;1;-25,4509056;-49,2470272;SPRF-PR;DEL01-PR;UOP02-DEL01-PR;;;
724786;13/10/2025;segunda-feira;13:20:00;PR;116;27;CAMPINA GRANDE DO SUL;Aus�ncia de rea��o do condutor;Colis�o com objeto;Com V�timas Feridas;Pleno dia;Decrescente;Chuva;Dupla;Curva;N�o;1;0;1;0;0;0;1;1;-25,2805;-48,926765;SPRF-PR;DEL01-PR;UOP02-DEL01-PR;;;
724787;13/10/2025;segunda-feira;11:40:00;GO;70;48;COCALZINHO DE GOIAS;Entrada inopinada do pedestre;Atropelamento de Pedestre;Com V�timas Fatais;Pleno dia;Decrescente;C�u Claro;Simples;"Aclive;Curva";N�o;3;1;0;0;2;0;0;2;-15,749115;-48,60179;SPRF-DF;DEL03-DF;UOP02-DEL03-DF;;;
724788;13/10/2025;segunda-feira;13:50:00;SC;470;54,3;BLUMENAU;Condutor deixou de manter dist�ncia do ve�culo da frente;Colis�o lateral mesmo sentido;Com V�timas Feridas;Pleno dia;Crescente;C�u Claro;Simples;Reta;N�o;2;0;1;0;1;0;1;2;-26,87239624;-49,11301581;SPRF-SC;DEL04-SC;UOP01-DEL04-SC;;;
724789;13/10/2025;segunda-feira;13:00:00;RJ;101;384;ITAGUAI;Acessar a via sem observar a presen�a dos outros ve�culos;Colis�o lateral mesmo sentido;Com V�timas Feridas;Pleno dia;Decrescente;C�u Claro;Dupla;Reta;Sim;4;0;2;0;2;0;2;2;-22,85892628;-43,75937435;SPRF-RJ;DEL03-RJ;UOP01-DEL03-RJ;;;
724790;13/10/2025;segunda-feira;13:40:00;PR;277;11,8;PARANAGUA;Rea��o tardia ou ineficiente do condutor;Capotamento;Com V�timas Feridas;Pleno dia;Decrescente;Sol;Dupla;Reta;N�o;2;0;2;0;0;0;2;1;-25,56428255;-48,63283603;SPRF-PR;DEL01-PR;UOP05-DEL01-PR;;;
724791;01/10/2025;quarta-feira;18:25:00;MS;262;393;TERENOS;Carga excessiva e/ou mal acondicionada;Tombamento;Com V�timas Feridas;Plena Noite;Decrescente;C�u Claro;Simples;Reta;N�o;2;0;1;1;0;0;2;1;-20,4266;-54,9159;SPRF-MS;DEL01-MS;UOP03-DEL01-MS;;;
724792;13/10/2025;segunda-feira;14:21:00;ES;262;47,5;MARECHAL FLORIANO;Transitar na contram�o;Colis�o lateral sentido oposto;Com V�timas Feridas;Pleno dia;Decrescente;Nublado;Simples;Reta;N�o;2;0;0;2;0;0;2;2;-20,41235;-40,685858;SPRF-ES;DEL01-ES;UOP01-DEL01-ES;;;
724793;13/10/2025;segunda-feira;13:25:00;PR;487;160;ARARUNA;Condutor deixou de manter dist�ncia do ve�culo da frente;Colis�o traseira;Com V�timas Feridas;Pleno dia;Decrescente;Nublado;Simples;"Declive;Reta";Sim;6;0;1;0;5;0;1;2;-23,971872;-52,558846;SPRF-PR;DEL09-PR;UOP03-DEL09-PR;;;
724794;13/10/2025;segunda-feira;13:05:00;PR;369;22,2;CAMBARA;Desrespeitar a prefer�ncia no cruzamento;Colis�o transversal;Com V�timas Feridas;Pleno dia;Decrescente;Nublado;Simples;Interse��o de Vias;Sim;2;0;1;0;1;0;1;2;-23,043;-50,1039;SPRF-PR;DEL07-PR;UOP05-DEL07-PR;;;
724799;13/10/2025;segunda-feira;15:00:00;MG;365;706;MONTE ALEGRE DE MINAS;Mal s�bito do condutor;Sa�da de leito carro��vel;Com V�timas Feridas;Pleno dia;Crescente;C�u Claro;Simples;Declive;N�o;2;0;1;1;0;0;2;1;-18,879262;-49,052537;SPRF-MG;DEL15-MG;UOP03-DEL15-MG;;;
724802;13/10/2025;segunda-feira;15:00:00;PE;428;178,4;PETROLINA;Acessar a via sem observar a presen�a dos outros ve�culos;Colis�o transversal;Com V�timas Feridas;Pleno dia;Decrescente;C�u Claro;Simples;"Interse��o de Vias;Reta";N�o;2;0;1;0;1;0;1;2;-9,292941;-40,446074;SPRF-PE;DEL06-PE;UOP01-DEL06-PE;;;
724803;13/10/2025;segunda-feira;15:30:00;ES;101;304,5;VIANA;Pista esburacada;Eventos at�picos;Com V�timas Feridas;Pleno dia;Crescente;C�u Claro;Dupla;Reta;N�o;4;0;0;1;0;3;1;2;-20,38254454;-40,45919411;SPRF-ES;DEL01-ES;UOP01-DEL01-ES;;;
724806;13/10/2025;segunda-feira;08:06:00;RO;364;712;PORTO VELHO;Ultrapassagem Indevida;Colis�o transversal;Com V�timas Feridas;Pleno dia;Crescente;C�u Claro;Simples;Reta;N�o;3;0;1;0;1;1;1;2;-8,8080384;-63,7566976;SPRF-RO;DEL01-RO;UOP01-DEL01-RO;;;
724807;13/10/2025;segunda-feira;13:45:00;MT;70;1;BARRA DO GARCAS;Rea��o tardia ou ineficiente do condutor;Colis�o transversal;Com V�timas Feridas;Pleno dia;Crescente;C�u Claro;Simples;Reta;Sim;3;0;2;0;1;0;2;2;-15,872495;-52,3855599;SPRF-MT;DEL07-MT;UOP01-DEL07-MT;;;
724808;13/10/2025;segunda-feira;16:05:00;SP;116;70,6;APARECIDA;Chuva;Colis�o com objeto;Com V�timas Fatais;Pleno dia;Decrescente;Chuva;Dupla;"Reta;Viaduto";N�o;1;1;0;0;0;0;0;1;-22,853067;-45,228565;SPRF-SP;DEL08-SP;UOP01-DEL08-SP;;;
724809;13/10/2025;segunda-feira;15:50:00;RS;293;208,6;DOM PEDRITO;Manobra de mudan�a de faixa;Colis�o frontal;Com V�timas Feridas;Pleno dia;Crescente;C�u Claro;Simples;Reta;N�o;2;0;1;1;0;0;2;2;-31,17109734;-54,3503952;SPRF-RS;DEL11-RS;UOP03-DEL11-RS;;;
724812;11/10/2025;s�bado;04:40:00;MG;365;351;VARJAO DE MINAS;Acumulo de areia ou detritos sobre o pavimento;Capotamento;Com V�timas Feridas;Amanhecer;Decrescente;Ignorado;Simples;Reta;N�o;3;0;2;1;0;0;3;1;-18,467653;-46,077461;SPRF-MG;DEL10-MG;UOP01-DEL10-MG;;;
724813;13/10/2025;segunda-feira;15:00:00;PR;376;596;CURITIBA;Rea��o tardia ou ineficiente do condutor;Tombamento;Com V�timas Feridas;Pleno dia;Crescente;Nublado;Dupla;"Declive;Reta";Sim;1;0;0;1;0;0;1;1;-25,472071;-49,35341;SPRF-PR;DEL01-PR;UOP03-DEL01-PR;;;
724814;13/10/2025;segunda-feira;15:20:00;PR;376;176,4;MARINGA;Condutor deixou de manter dist�ncia do ve�culo da frente;Colis�o traseira;Com V�timas Feridas;Pleno dia;Crescente;Nublado;M�ltipla;"Interse��o de Vias;Reta";Sim;3;0;1;0;2;0;1;2;-23,4114405;-51,9400644;SPRF-PR;DEL09-PR;UOP01-DEL09-PR;;;
724815;13/10/2025;segunda-feira;14:15:00;BA;101;685,5;EUNAPOLIS;Acessar a via sem observar a presen�a dos outros ve�culos;Colis�o transversal;Com V�timas Feridas;Pleno dia;Decrescente;Sol;Simples;"Reta;Interse��o de Vias";N�o;4;0;3;0;1;0;3;2;-16,154028;-39,595423;SPRF-BA;DEL09-BA;UOP03-DEL09-BA;;;
724816;13/10/2025;segunda-feira;16:05:00;SC;101;118;ITAJAI;Rea��o tardia ou ineficiente do condutor;Colis�o lateral mesmo sentido;Com V�timas Feridas;Pleno dia;Decrescente;C�u Claro;M�ltipla;Reta;Sim;2;0;1;0;1;0;1;2;-26,88516931;-48,72335899;SPRF-SC;DEL04-SC;UOP04-DEL04-SC;;;
724818;10/10/2025;sexta-feira;09:00:00;TO;10;140;PARANA;Aus�ncia de rea��o do condutor;Capotamento;Com V�timas Fatais;Pleno dia;Crescente;Sol;Simples;Reta;N�o;7;2;1;2;0;2;3;2;-12,41608;-47,77972;SPRF-TO;DEL01-TO;UOP03-DEL01-TO;;;
724820;13/10/2025;segunda-feira;15:30:00;GO;70;11;AGUAS LINDAS DE GOIAS;Aus�ncia de rea��o do condutor;Colis�o lateral mesmo sentido;Com V�timas Feridas;Pleno dia;Crescente;C�u Claro;M�ltipla;Reta;Sim;5;0;4;0;1;0;4;2;-15,7392513;-48,30376223;SPRF-DF;DEL03-DF;UOP02-DEL03-DF;;;
724821;13/10/2025;segunda-feira;16:30:00;ES;101;275;SERRA;Rea��o tardia ou ineficiente do condutor;Tombamento;Com V�timas Feridas;Pleno dia;Crescente;Vento;M�ltipla;Reta;Sim;1;0;1;0;0;0;1;1;-20,2081011;-40,3045303;SPRF-ES;DEL02-ES;UOP01-DEL02-ES;;;
724826;13/10/2025;segunda-feira;17:20:00;PR;277;669,3;MEDIANEIRA;Aus�ncia de rea��o do condutor;Sa�da de leito carro��vel;Com V�timas Feridas;Pleno dia;Crescente;C�u Claro;Dupla;"Declive;Reta";Sim;1;0;0;1;0;0;1;1;-25,277498;-54,073782;SPRF-PR;DEL05-PR;UOP02-DEL05-PR;;;
724828;13/10/2025;segunda-feira;17:20:00;PE;101;70,1;RECIFE;Aus�ncia de rea��o do condutor;Sa�da de leito carro��vel;Com V�timas Feridas;Pleno dia;Crescente;C�u Claro;Dupla;"Retorno Regulamentado;Curva";Sim;2;0;1;1;0;0;2;1;-8,068928;-34,942973;SPRF-PE;DEL01-PE;UOP01-DEL01-PE;;;
724829;13/10/2025;segunda-feira;18:10:00;RJ;101;477;ANGRA DOS REIS;Acessar a via sem observar a presen�a dos outros ve�culos;Colis�o transversal;Com V�timas Feridas;Plena Noite;Crescente;C�u Claro;Simples;"Interse��o de Vias;Reta";Sim;2;0;1;0;1;0;1;2;-22,989567;-44,2418245;SPRF-RJ;DEL03-RJ;UOP03-DEL03-RJ;;;
724830;13/10/2025;segunda-feira;17:30:00;PR;116;119;CURITIBA;Manobra de mudan�a de faixa;Colis�o lateral mesmo sentido;Com V�timas Feridas;Pleno dia;Crescente;Nublado;Dupla;"Reta;Declive";Sim;2;0;1;0;0;1;1;2;-25,57602199;-49,31235759;SPRF-PR;DEL01-PR;UOP03-DEL01-PR;;;
724831;13/10/2025;segunda-feira;18:25:00;PE;428;185,9;PETROLINA;Manobra de mudan�a de faixa;Colis�o transversal;Com V�timas Feridas;Plena Noite;Crescente;C�u Claro;M�ltipla;"Reta;Interse��o de Vias";Sim;2;0;1;0;1;0;1;2;-9,3647546;-40,4827748;SPRF-PE;DEL06-PE;UOP01-DEL06-PE;;;
724832;13/10/2025;segunda-feira;16:15:00;MG;0;0;ESTIVA;Chuva;Colis�o traseira;Com V�timas Feridas;Anoitecer;N�o Informado;Chuva;Dupla;"Curva;Declive";N�o;4;0;3;0;1;0;3;2;-22,42562781;-45,97091675;SPRF-MG;DEL16-MG;UOP01-DEL16-MG;;;
724833;13/10/2025;segunda-feira;16:25:00;AL;101;77;RIO LARGO;Rea��o tardia ou ineficiente do condutor;Sa�da de leito carro��vel;Com V�timas Feridas;Pleno dia;Crescente;C�u Claro;Dupla;Reta;N�o;2;0;1;0;1;0;1;1;-9,42619;-35,838488;SPRF-AL;DEL01-AL;UOP01-DEL01-AL;;;
724834;13/10/2025;segunda-feira;17:50:00;PB;230;155;CAMPINA GRANDE;Transitar na contram�o;Colis�o transversal;Com V�timas Feridas;Plena Noite;Crescente;C�u Claro;Simples;"Em Obras;Desvio Tempor�rio;Reta";Sim;3;0;1;0;1;1;1;2;-7,276237;-35,902272;SPRF-PB;DEL02-PB;UOP01-DEL02-PB;;;
724840;13/10/2025;segunda-feira;14:30:00;PI;316;334,3;GEMINIANO;Demais falhas mec�nicas ou el�tricas;Inc�ndio;Sem V�timas;Pleno dia;Crescente;Sol;Dupla;Reta;N�o;1;0;0;0;1;0;0;1;-7,10804709;-41,26001358;SPRF-PI;DEL04-PI;UOP01-DEL04-PI;;;
724841;13/10/2025;segunda-feira;18:45:00;RS;116;150,7;CAXIAS DO SUL;Condutor deixou de manter dist�ncia do ve�culo da frente;Colis�o traseira;Com V�timas Feridas;Anoitecer;Decrescente;C�u Claro;Dupla;Reta;Sim;3;0;2;0;1;0;2;2;-29,1751713;-51,1608254;SPRF-RS;DEL05-RS;UOP01-DEL05-RS;;;
724842;13/10/2025;segunda-feira;18:40:00;MG;146;469,1;BOTELHOS;Rea��o tardia ou ineficiente do condutor;Colis�o frontal;Com V�timas Feridas;Plena Noite;Crescente;Chuva;Simples;"Reta;Aclive";N�o;3;0;1;2;0;0;3;2;-21,71012768;-46,42255783;SPRF-MG;DEL09-MG;UOP01-DEL09-MG;;;
724843;13/10/2025;segunda-feira;18:40:00;SC;470;54,1;BLUMENAU;Convers�o proibida;Colis�o lateral sentido oposto;Com V�timas Feridas;Plena Noite;Crescente;C�u Claro;Simples;Reta;Sim;2;0;1;0;1;0;1;2;-26,87136;-49,11148;SPRF-SC;DEL04-SC;UOP01-DEL04-SC;;;
724844;13/10/2025;segunda-feira;18:30:00;PR;116;115,3;CURITIBA;Trafegar com motocicleta (ou similar) entre as faixas;Colis�o lateral mesmo sentido;Com V�timas Feridas;Plena Noite;Decrescente;C�u Claro;Dupla;Reta;Sim;3;0;1;0;2;0;1;3;-25,54697183;-49,30392515;SPRF-PR;DEL01-PR;UOP03-DEL01-PR;;;
724846;13/10/2025;segunda-feira;17:45:00;BA;324;561;AMELIA RODRIGUES;Acessar a via sem observar a presen�a dos outros ve�culos;Colis�o traseira;Com V�timas Feridas;Anoitecer;Crescente;C�u Claro;Dupla;Reta;N�o;5;0;0;4;1;0;4;2;-12,4995141;-38,6443391;SPRF-BA;DEL01-BA;UOP01-DEL01-BA;;;
724847;13/10/2025;segunda-feira;17:20:00;RJ;393;188;PARAIBA DO SUL;Aus�ncia de rea��o do condutor;Sa�da de leito carro��vel;Com V�timas Feridas;Pleno dia;Decrescente;Nublado;Simples;Reta;N�o;1;0;0;1;0;0;1;1;-22,17467666;-43,33377499;SPRF-RJ;DEL05-RJ;UOP03-DEL05-RJ;;;
724849;13/10/2025;segunda-feira;18:40:00;CE;116;19;EUSEBIO;Condutor deixou de manter dist�ncia do ve�culo da frente;Colis�o lateral mesmo sentido;Com V�timas Feridas;Plena Noite;Decrescente;C�u Claro;M�ltipla;Retorno Regulamentado;Sim;2;0;1;0;1;0;1;2;-3,8981325;-38,50332197;SPRF-CE;DEL01-CE;UOP02-DEL01-CE;;;
724850;13/10/2025;segunda-feira;17:35:00;MA;135;2,4;SAO LUIS;Acessar a via sem observar a presen�a dos outros ve�culos;Colis�o transversal;Com V�timas Feridas;Anoitecer;Decrescente;C�u Claro;Dupla;Reta;Sim;2;0;1;0;1;0;1;2;-2,60094554;-44,24592376;SPRF-MA;DEL01-MA;UOP01-DEL01-MA;;;
724852;13/10/2025;segunda-feira;19:30:00;MG;459;99,4;POUSO ALEGRE;Avarias e/ou desgaste excessivo no pneu;Colis�o frontal;Com V�timas Feridas;Plena Noite;Crescente;Chuva;Simples;"Declive;Curva";N�o;2;0;1;1;0;0;2;2;-22,20156;-45,962603;SPRF-MG;DEL09-MG;UOP01-DEL09-MG;;;
724853;13/10/2025;segunda-feira;14:30:00;MT;364;165;PEDRA PRETA;Aus�ncia de rea��o do condutor;Sa�da de leito carro��vel;Com V�timas Feridas;Pleno dia;Crescente;C�u Claro;Simples;Reta;N�o;2;0;2;0;0;0;2;1;-16,65442;-54,352655;SPRF-MT;DEL02-MT;UOP01-DEL02-MT;;;
724855;13/10/2025;segunda-feira;18:50:00;PR;277;2;CURITIBA;Aus�ncia de rea��o do condutor;Colis�o frontal;Com V�timas Feridas;Plena Noite;Crescente;Nublado;Dupla;Reta;Sim;2;0;1;1;0;0;2;2;-25,430802;-49,336879;SPRF-PR;DEL01-PR;UOP06-DEL01-PR;;;
724857;13/10/2025;segunda-feira;19:58:00;RN;101;75,3;SAO GONCALO DO AMARANTE;Ingest�o de �lcool pelo condutor;Colis�o lateral mesmo sentido;Com V�timas Feridas;Plena Noite;Decrescente;C�u Claro;Dupla;Rotat�ria;N�o;2;0;0;1;1;0;1;2;-5,72219425;-35,27700305;SPRF-RN;DEL02-RN;UOP01-DEL02-RN;;;
724858;13/10/2025;segunda-feira;19:00:00;RS;116;245;SAO LEOPOLDO;Condutor deixou de manter dist�ncia do ve�culo da frente;Tombamento;Com V�timas Feridas;Plena Noite;Decrescente;C�u Claro;M�ltipla;Reta;Sim;1;0;1;0;0;0;1;1;-29,75112106;-51,15105336;SPRF-RS;DEL01-RS;UOP02-DEL01-RS;;;
724859;13/10/2025;segunda-feira;19:33:00;RN;226;4;NATAL;Acessar a via sem observar a presen�a dos outros ve�culos;Colis�o lateral mesmo sentido;Com V�timas Feridas;Plena Noite;Crescente;C�u Claro;Simples;Reta;Sim;2;0;0;1;1;0;1;2;-5,81922312;-35,26271693;SPRF-RN;DEL01-RN;UOP02-DEL01-RN;;;
724860;13/10/2025;segunda-feira;20:00:00;SP;116;158,1;JACAREI;Rea��o tardia ou ineficiente do condutor;Colis�o lateral mesmo sentido;Com V�timas Feridas;Plena Noite;Decrescente;C�u Claro;Dupla;Reta;Sim;2;0;1;0;1;0;1;2;-23,26014144;-45,95073719;SPRF-SP;DEL02-SP;UOP01-DEL02-SP;;;
724861;13/10/2025;segunda-feira;20:15:00;ES;101;395;RIO NOVO DO SUL;Transitar no Acostamento;Atropelamento de Pedestre;Com V�timas Feridas;Plena Noite;Crescente;Nublado;Simples;Reta;Sim;2;0;0;1;1;0;1;2;-20,86608127;-40,93246132;SPRF-ES;DEL03-ES;UOP02-DEL03-ES;;;
724863;13/10/2025;segunda-feira;19:20:00;PR;116;112;CURITIBA;Condutor deixou de manter dist�ncia do ve�culo da frente;Colis�o traseira;Com V�timas Feridas;Plena Noite;Decrescente;Nublado;Dupla;Reta;Sim;2;0;1;0;1;0;1;2;-25,557321;-49,269607;SPRF-PR;DEL01-PR;UOP03-DEL01-PR;;;
724864;13/10/2025;segunda-feira;20:10:00;RJ;116;323;ITATIAIA;Rea��o tardia ou ineficiente do condutor;Colis�o com objeto;Com V�timas Feridas;Plena Noite;Decrescente;Garoa/Chuvisco;Dupla;Reta;N�o;3;0;2;0;1;0;2;1;-22,49287775;-44,56396627;SPRF-RJ;DEL07-RJ;UOP02-DEL07-RJ;;;
724865;13/10/2025;segunda-feira;17:50:00;MA;222;364,2;SANTA INES;Acessar a via sem observar a presen�a dos outros ve�culos;Colis�o transversal;Com V�timas Feridas;Anoitecer;Crescente;C�u Claro;Simples;Reta;N�o;2;0;0;1;1;0;1;2;-3,68509302;-45,39718824;SPRF-MA;DEL02-MA;UOP01-DEL02-MA;;;
724866;13/10/2025;segunda-feira;20:00:00;SC;101;126;ITAJAI;Objeto est�tico sobre o leito carro��vel;Colis�o com objeto;Com V�timas Feridas;Plena Noite;Crescente;C�u Claro;Dupla;Reta;N�o;1;0;0;1;0;0;1;1;-26,96418747;-48,6832121;SPRF-SC;DEL04-SC;UOP04-DEL04-SC;;;
724867;13/10/2025;segunda-feira;20:30:00;RJ;116;81;TERESOPOLIS;Rea��o tardia ou ineficiente do condutor;Atropelamento de Pedestre;Com V�timas Feridas;Plena Noite;Crescente;Chuva;Simples;Reta;Sim;3;0;2;0;1;0;2;2;-22,393972;-42,953457;SPRF-RJ;DEL04-RJ;UOP01-DEL04-RJ;;;
724869;13/10/2025;segunda-feira;19:29:00;RO;319;60;PORTO VELHO;Condutor deixou de manter dist�ncia do ve�culo da frente;Colis�o traseira;Com V�timas Feridas;Plena Noite;Crescente;C�u Claro;Dupla;Reta;Sim;3;0;3;0;0;0;3;2;-8,74139122;-63,89687061;SPRF-RO;DEL01-RO;UOP01-DEL01-RO;;;
724871;13/10/2025;segunda-feira;19:40:00;PR;376;663;GUARATUBA;Demais falhas mec�nicas ou el�tricas;Inc�ndio;Sem V�timas;Plena Noite;Decrescente;C�u Claro;Dupla;Curva;N�o;1;0;0;0;1;0;0;1;-25,85221853;-48,97198526;SPRF-PR;DEL01-PR;UOP04-DEL01-PR;;;
724872;13/10/2025;segunda-feira;19:30:00;MG;381;770;CAMPANHA;Demais falhas mec�nicas ou el�tricas;Inc�ndio;Sem V�timas;Plena Noite;Crescente;Chuva;Dupla;Reta;N�o;1;0;0;0;1;0;0;1;-21,7616117;-45,4109789;SPRF-MG;DEL16-MG;UOP02-DEL16-MG;;;
724874;13/10/2025;segunda-feira;18:40:00;RJ;116;280;BARRA MANSA;Demais falhas mec�nicas ou el�tricas;Inc�ndio;Sem V�timas;Anoitecer;Decrescente;Garoa/Chuvisco;Dupla;"Reta;Aclive";Sim;3;0;0;0;3;0;0;1;-22,54092903;-44,19222292;SPRF-RJ;DEL07-RJ;UOP02-DEL07-RJ;;;
724876;13/10/2025;segunda-feira;19:00:00;PB;230;327,5;PATOS;Transitar na contram�o;Colis�o frontal;Com V�timas Feridas;Plena Noite;Decrescente;C�u Claro;Simples;"Aclive;Curva";N�o;2;0;0;2;0;0;2;2;-7,0027;-37,207635;SPRF-PB;DEL03-PB;UOP01-DEL03-PB;;;
724877;13/10/2025;segunda-feira;20:30:00;RJ;116;323;ITATIAIA;Rea��o tardia ou ineficiente do condutor;Tombamento;Com V�timas Feridas;Plena Noite;Crescente;Chuva;Dupla;Reta;Sim;2;0;1;0;1;0;1;1;-22,48974928;-44,55975294;SPRF-RJ;DEL07-RJ;UOP02-DEL07-RJ;;;
724878;13/10/2025;segunda-feira;21:00:00;RJ;101;282;ITABORAI;Acumulo de areia ou detritos sobre o pavimento;Queda de ocupante de ve�culo;Com V�timas Feridas;Plena Noite;Decrescente;C�u Claro;Dupla;Reta;Sim;2;0;2;0;0;0;2;1;-22,73719678;-42,79903159;SPRF-RJ;DEL02-RJ;UOP02-DEL02-RJ;;;
724879;13/10/2025;segunda-feira;21:10:00;PR;277;720,5;FOZ DO IGUACU;Acessar a via sem observar a presen�a dos outros ve�culos;Colis�o traseira;Com V�timas Feridas;Plena Noite;Crescente;C�u Claro;Dupla;Reta;Sim;7;0;6;0;1;0;6;3;-25,489401;-54,5074117;SPRF-PR;DEL05-PR;UOP03-DEL05-PR;;;
724882;13/10/2025;segunda-feira;17:55:00;SC;163;70,8;SAO MIGUEL DO OESTE;Desrespeitar a prefer�ncia no cruzamento;Colis�o transversal;Com V�timas Feridas;Anoitecer;Decrescente;C�u Claro;Dupla;"Interse��o de Vias;Reta";Sim;2;0;0;1;1;0;1;2;-26,729761;-53,511433;SPRF-SC;DEL07-SC;UOP03-DEL07-SC;;;
724884;13/10/2025;segunda-feira;19:50:00;PR;476;274;SAO MATEUS DO SUL;Velocidade Incompat�vel;Sa�da de leito carro��vel;Sem V�timas;Plena Noite;Crescente;C�u Claro;Simples;Curva;N�o;1;0;0;0;0;1;0;1;-25,89314;-50,378121;SPRF-PR;DEL02-PR;UOP03-DEL02-PR;;;
724885;13/10/2025;segunda-feira;21:45:00;RJ;40;120;DUQUE DE CAXIAS;Entrada inopinada do pedestre;Atropelamento de Pedestre;Com V�timas Fatais;Plena Noite;Decrescente;C�u Claro;Dupla;Reta;Sim;5;1;0;0;4;0;0;2;-22,7812817;-43,2855317;SPRF-RJ;DEL01-RJ;UOP02-DEL01-RJ;;;
724886;13/10/2025;segunda-feira;21:40:00;SC;101;117;ITAJAI;Acessar a via sem observar a presen�a dos outros ve�culos;Colis�o transversal;Com V�timas Feridas;Plena Noite;Crescente;C�u Claro;M�ltipla;"Interse��o de Vias;Retorno Regulamentado;Rotat�ria";Sim;3;0;2;0;1;0;2;2;-26,89062961;-48,72114055;SPRF-SC;DEL04-SC;UOP04-DEL04-SC;;;
724887;13/10/2025;segunda-feira;20:30:00;PR;376;493;PONTA GROSSA;Aus�ncia de rea��o do condutor;Capotamento;Com V�timas Feridas;Plena Noite;Crescente;Nublado;Dupla;Reta;N�o;1;0;1;0;0;0;1;1;-25,159205;-50,1288532;SPRF-PR;DEL03-PR;UOP04-DEL03-PR;;;
724888;13/10/2025;segunda-feira;22:20:00;PE;101;66,7;RECIFE;Suic�dio (presumido);Atropelamento de Pedestre;Com V�timas Feridas;Plena Noite;Crescente;C�u Claro;Dupla;"Viaduto;Aclive";Sim;2;0;0;1;1;0;1;2;-8,03888;-34,9419;SPRF-PE;DEL01-PE;UOP01-DEL01-PE;;;
724891;13/10/2025;segunda-feira;20:30:00;GO;364;34;PARANAIGUARA;Ingest�o de �lcool pelo condutor;Sa�da de leito carro��vel;Com V�timas Feridas;Plena Noite;Crescente;Chuva;Simples;Reta;N�o;1;0;1;0;0;0;1;1;-18,876335;-50,771202;SPRF-GO;DEL05-GO;UOP02-DEL05-GO;;;
724892;13/10/2025;segunda-feira;17:45:00;PR;373;247;GUAMIRANGA;Aus�ncia de rea��o do condutor;Colis�o com objeto;Com V�timas Feridas;Pleno dia;Crescente;C�u Claro;Simples;Curva;N�o;1;0;1;0;0;0;1;1;-25,19095;-50,81863;SPRF-PR;DEL03-PR;UOP01-DEL03-PR;;;
724893;13/10/2025;segunda-feira;20:10:00;SC;280;37,2;ARAQUARI;Acesso irregular;Atropelamento de Pedestre;Com V�timas Feridas;Plena Noite;Crescente;Nublado;Simples;"Em Obras;Reta";N�o;2;0;1;1;0;0;2;2;-26,446275;-48,819228;SPRF-SC;DEL03-SC;UOP03-DEL03-SC;;;
724894;13/10/2025;segunda-feira;23:03:00;RN;101;157;CANGUARETAMA;Animais na Pista;Atropelamento de Animal;Com V�timas Feridas;Plena Noite;Decrescente;C�u Claro;Dupla;Declive;N�o;1;0;0;1;0;0;1;1;-6,35281018;-35,16289584;SPRF-RN;DEL01-RN;UOP01-DEL01-RN;;;
724895;13/10/2025;segunda-feira;20:10:00;SC;280;73,7;JARAGUA DO SUL;Convers�o proibida;Colis�o transversal;Com V�timas Feridas;Plena Noite;Decrescente;Nublado;Simples;Reta;Sim;4;0;2;1;1;0;3;2;-26,458698;-49,172648;SPRF-SC;DEL03-SC;UOP03-DEL03-SC;;;