id;data_inversa;dia_semana;horario;uf;br;km;municipio;causa_acidente;tipo_acidente;classificacao_acidente;fase_dia;sentido_via;condicao_metereologica;tipo_pista;tracado_via;uso_solo;pessoas;mortos;feridos_leves;feridos_graves;ilesos;ignorados;feridos;veiculos;latitude;longitude;regional;delegacia;uop;;;
724896;13/10/2025;segunda-feira;22:30:00;SC;280;127,9;RIO NEGRINHO;Trafegar com motocicleta (ou similar) entre as faixas;Colis�o lateral mesmo sentido;Com V�timas Feridas;Plena Noite;Crescente;C�u Claro;Simples;"Aclive;Reta";Sim;3;0;1;0;2;0;1;2;-26,243003;-49,512357;SPRF-SC;DEL06-SC;UOP03-DEL06-SC;;;
724901;13/10/2025;segunda-feira;22:15:00;SC;101;53;JOINVILLE;Pedestre andava na pista;Atropelamento de Pedestre;Com V�timas Feridas;Plena Noite;Decrescente;C�u Claro;Dupla;Reta;N�o;3;0;0;1;2;0;1;2;-26,1783552;-48,9160704;SPRF-SC;DEL03-SC;UOP01-DEL03-SC;;;
724902;13/10/2025;segunda-feira;20:30:00;RO;364;348;JI-PARANA;Aus�ncia de rea��o do condutor;Colis�o frontal;Com V�timas Feridas;Plena Noite;Crescente;C�u Claro;Simples;Reta;Sim;3;0;0;1;2;0;1;2;-10,854888;-61,984677;SPRF-RO;DEL02-RO;UOP01-DEL02-RO;;;
724903;14/10/2025;ter�a-feira;00:05:00;BA;110;402;SAO SEBASTIAO DO PASSE;Aus�ncia de rea��o do condutor;Tombamento;Com V�timas Feridas;Plena Noite;Decrescente;C�u Claro;Simples;Reta;N�o;1;0;0;1;0;0;1;1;-12,571165;-38,537487;SPRF-BA;DEL01-BA;UOP01-DEL01-BA;;;
724904;13/10/2025;segunda-feira;23:40:00;RS;392;4;RIO GRANDE;Animais na Pista;Atropelamento de Animal;Com V�timas Feridas;Plena Noite;Decrescente;Nublado;Simples;Reta;Sim;2;0;1;0;1;0;1;1;-32,147357;-52,108423;SPRF-RS;DEL07-RS;UOP02-DEL07-RS;;;
724906;14/10/2025;ter�a-feira;00:00:00;MG;381;259;TIMOTEO;Condutor deixou de manter dist�ncia do ve�culo da frente;Colis�o traseira;Com V�timas Feridas;Plena Noite;Crescente;Nublado;Simples;Reta;N�o;2;0;0;1;1;0;1;2;-19,52549438;-42,64686584;SPRF-MG;DEL03-MG;UOP01-DEL03-MG;;;
724908;13/10/2025;segunda-feira;21:50:00;BA;415;50;ITABUNA;Aus�ncia de rea��o do condutor;Colis�o traseira;Com V�timas Feridas;Plena Noite;Crescente;Nublado;Simples;Reta;N�o;3;0;1;1;1;0;2;2;-14,828858;-39,316713;SPRF-BA;DEL05-BA;UOP01-DEL05-BA;;;
724910;13/10/2025;segunda-feira;20:25:00;RS;116;268;CANOAS;Aus�ncia de rea��o do condutor;Colis�o com objeto;Com V�timas Feridas;Plena Noite;Decrescente;Ignorado;M�ltipla;Reta;Sim;1;0;1;0;0;0;1;1;-29,93559601;-51,17623199;SPRF-RS;DEL01-RS;UOP01-DEL01-RS;;;
724912;14/10/2025;ter�a-feira;04:10:00;PB;230;462;SOUSA;Convers�o proibida;Colis�o lateral mesmo sentido;Com V�timas Feridas;Plena Noite;Decrescente;C�u Claro;Simples;"Aclive;Curva";Sim;2;0;1;0;0;1;1;2;-6,780933;-38,25238;SPRF-PB;DEL03-PB;UOP03-DEL03-PB;;;
724916;14/10/2025;ter�a-feira;00:30:00;MA;10;251;IMPERATRIZ;Velocidade Incompat�vel;Sa�da de leito carro��vel;Sem V�timas;Plena Noite;Crescente;C�u Claro;Simples;Interse��o de Vias;Sim;1;0;0;0;0;1;0;1;-5,54254;-47,46502;SPRF-MA;DEL04-MA;UOP01-DEL04-MA;;;
724917;14/10/2025;ter�a-feira;06:30:00;SP;116;222;GUARULHOS;Aus�ncia de rea��o do condutor;Colis�o traseira;Com V�timas Feridas;Amanhecer;Crescente;Nublado;M�ltipla;Reta;Sim;3;0;1;0;2;0;1;2;-23,47114813;-46,51735473;SPRF-SP;DEL01-SP;UOP01-DEL01-SP;;;
724919;14/10/2025;ter�a-feira;04:50:00;MG;40;516;RIBEIRAO DAS NEVES;Rea��o tardia ou ineficiente do condutor;Sa�da de leito carro��vel;Sem V�timas;Plena Noite;Crescente;Garoa/Chuvisco;Dupla;Reta;Sim;1;0;0;0;1;0;0;1;-19,8166601;-44,0888721;SPRF-MG;DEL01-MG;UOP02-DEL01-MG;;;
724920;14/10/2025;ter�a-feira;07:00:00;SP;116;224;GUARULHOS;Rea��o tardia ou ineficiente do condutor;Colis�o traseira;Com V�timas Feridas;Pleno dia;Crescente;C�u Claro;M�ltipla;Reta;Sim;3;0;1;0;1;1;1;2;-23,48780745;-46,54201928;SPRF-SP;DEL01-SP;UOP01-DEL01-SP;;;
724921;14/10/2025;ter�a-feira;07:00:00;SP;116;228;SAO PAULO;Trafegar com motocicleta (ou similar) entre as faixas;Colis�o lateral mesmo sentido;Com V�timas Feridas;Pleno dia;Crescente;C�u Claro;M�ltipla;"Aclive;Reta";Sim;2;0;1;0;1;0;1;2;-23,50511286;-46,569103;SPRF-SP;DEL01-SP;UOP01-DEL01-SP;;;
724923;14/10/2025;ter�a-feira;06:45:00;SE;235;6;NOSSA SENHORA DO SOCORRO;Rea��o tardia ou ineficiente do condutor;Colis�o traseira;Com V�timas Feridas;Pleno dia;Decrescente;C�u Claro;Dupla;Reta;Sim;3;0;2;0;1;0;2;2;-10,90441106;-37,12707615;SPRF-SE;DEL01-SE;UOP01-DEL01-SE;;;
724924;13/10/2025;segunda-feira;23:00:00;RJ;465;15;SEROPEDICA;Aus�ncia de rea��o do condutor;Colis�o transversal;Com V�timas Feridas;Plena Noite;Crescente;Nublado;Simples;Reta;Sim;2;0;1;0;1;0;1;2;-22,81093;-43,6315;SPRF-RJ;DEL06-RJ;UOP02-DEL06-RJ;;;
724925;28/09/2025;domingo;19:26:00;DF;80;38;BRASILIA;Rea��o tardia ou ineficiente do condutor;Capotamento;Com V�timas Feridas;Plena Noite;Decrescente;C�u Claro;Simples;"Ponte;Reta";N�o;5;0;3;0;1;1;3;2;-15,5168044;-48,1943875;SPRF-DF;DEL03-DF;UOP02-DEL03-DF;;;
724928;14/10/2025;ter�a-feira;07:25:00;SC;116;0,5;MAFRA;Aus�ncia de rea��o do condutor;Tombamento;Com V�timas Feridas;Pleno dia;Crescente;C�u Claro;Simples;"Aclive;Curva";Sim;1;0;1;0;0;0;1;1;-26,111405;-49,786037;SPRF-SC;DEL06-SC;UOP01-DEL06-SC;;;
724931;14/10/2025;ter�a-feira;07:00:00;BA;116;685;JEQUIE;Condutor deixou de manter dist�ncia do ve�culo da frente;Colis�o traseira;Sem V�timas;Pleno dia;Crescente;Sol;Simples;Reta;N�o;7;0;0;0;7;0;0;2;-13,94414;-40,16444;SPRF-BA;DEL03-BA;UOP01-DEL03-BA;;;
724933;14/10/2025;ter�a-feira;06:45:00;PR;116;108;SAO JOSE DOS PINHAIS;Aus�ncia de rea��o do condutor;Colis�o traseira;Com V�timas Feridas;Pleno dia;Decrescente;C�u Claro;Dupla;Reta;N�o;2;0;1;0;1;0;1;2;-25,568462;-49,232072;SPRF-PR;DEL01-PR;UOP03-DEL01-PR;;;
724934;14/10/2025;ter�a-feira;07:40:00;ES;101;283,1;CARIACICA;Pedestre cruzava a pista fora da faixa;Atropelamento de Pedestre;Com V�timas Feridas;Pleno dia;Crescente;Nublado;M�ltipla;"Reta;Aclive";N�o;2;0;1;0;0;1;1;2;-20,23536632;-40,36964742;SPRF-ES;DEL01-ES;UOP01-DEL01-ES;;;
724935;14/10/2025;ter�a-feira;07:45:00;RS;101;73;OSORIO;Rea��o tardia ou ineficiente do condutor;Colis�o traseira;Com V�timas Feridas;Pleno dia;Crescente;C�u Claro;Dupla;Reta;N�o;4;0;1;0;3;0;1;2;-29,77352;-50,218937;SPRF-RS;DEL03-RS;UOP01-DEL03-RS;;;
724936;14/10/2025;ter�a-feira;08:00:00;RS;116;36,9;VACARIA;Acessar a via sem observar a presen�a dos outros ve�culos;Colis�o transversal;Com V�timas Feridas;Pleno dia;Decrescente;C�u Claro;Simples;"Reta;Interse��o de Vias";Sim;3;0;1;0;1;1;1;3;-28,4987064;-50,9176928;SPRF-RS;DEL05-RS;UOP03-DEL05-RS;;;
724937;14/10/2025;ter�a-feira;08:20:00;MG;262;354;BETIM;Rea��o tardia ou ineficiente do condutor;Colis�o traseira;Com V�timas Feridas;Pleno dia;Crescente;Nublado;Dupla;Reta;N�o;2;0;1;0;1;0;1;2;-19,97814675;-44,25426787;SPRF-MG;DEL01-MG;UOP03-DEL01-MG;;;
724938;14/10/2025;ter�a-feira;07:40:00;PE;101;52,7;ABREU E LIMA;Aus�ncia de rea��o do condutor;Colis�o traseira;Com V�timas Feridas;Pleno dia;Decrescente;C�u Claro;Dupla;Viaduto;N�o;3;0;1;0;2;0;1;2;-7,928835;-34,898895;SPRF-PE;DEL01-PE;UOP02-DEL01-PE;;;
724939;14/10/2025;ter�a-feira;07:30:00;PE;101;67,9;RECIFE;Manobra de mudan�a de faixa;Tombamento;Com V�timas Feridas;Pleno dia;Crescente;C�u Claro;Dupla;Reta;Sim;2;0;1;0;0;1;1;1;-8,04951;-34,94565;SPRF-PE;DEL01-PE;UOP01-DEL01-PE;;;
724942;14/10/2025;ter�a-feira;08:40:00;SC;101;212,2;PALHOCA;Rea��o tardia ou ineficiente do condutor;Colis�o traseira;Com V�timas Feridas;Pleno dia;Decrescente;C�u Claro;Dupla;Reta;Sim;2;0;1;0;1;0;1;2;-27,62813891;-48,65664331;SPRF-SC;DEL01-SC;UOP02-DEL01-SC;;;
724943;14/10/2025;ter�a-feira;07:27:00;PR;163;125;REALEZA;Rea��o tardia ou ineficiente do condutor;Colis�o traseira;Com V�timas Feridas;Pleno dia;Crescente;C�u Claro;Simples;Reta;N�o;3;0;2;0;1;0;2;2;-25,585582;-53,560924;SPRF-PR;DEL02-PR;UOP02-DEL02-PR;;;
724944;14/10/2025;ter�a-feira;07:45:00;PR;376;601;CURITIBA;Trafegar com motocicleta (ou similar) entre as faixas;Colis�o traseira;Com V�timas Feridas;Pleno dia;Decrescente;C�u Claro;Dupla;Reta;Sim;2;0;0;1;1;0;1;2;-25,5128109;-49,33787076;SPRF-PR;DEL01-PR;UOP03-DEL01-PR;;;
724945;14/10/2025;ter�a-feira;08:20:00;BA;116;11;VITORIA DA CONQUISTA;Acessar a via sem observar a presen�a dos outros ve�culos;Colis�o transversal;Com V�timas Feridas;Pleno dia;Crescente;C�u Claro;Simples;"Reta;Rotat�ria";Sim;4;0;0;1;2;1;1;4;-14,89406062;-40,86436212;SPRF-PE;DEL05-PE;UOP03-DEL05-PE;;;
724946;14/10/2025;ter�a-feira;08:30:00;MG;381;360;SAO GONCALO DO RIO ABAIXO;Velocidade Incompat�vel;Colis�o frontal;Com V�timas Feridas;Pleno dia;Crescente;Nublado;Simples;Curva;N�o;4;0;3;0;1;0;3;2;-19,85612774;-43,24167073;SPRF-MG;DEL03-MG;UOP01-DEL03-MG;;;
724949;14/10/2025;ter�a-feira;09:20:00;PR;376;598;CURITIBA;Aus�ncia de rea��o do condutor;Colis�o traseira;Com V�timas Feridas;Pleno dia;Decrescente;Sol;Dupla;Reta;Sim;2;0;0;1;1;0;1;2;-25,45251603;-49,36203915;SPRF-PR;DEL01-PR;UOP03-DEL01-PR;;;
724950;14/10/2025;ter�a-feira;08:30:00;RN;226;179,7;CURRAIS NOVOS;Convers�o proibida;Colis�o traseira;Com V�timas Feridas;Pleno dia;Crescente;C�u Claro;Simples;Curva;N�o;2;0;0;1;1;0;1;2;-6,277985;-36,537413;SPRF-RN;DEL03-RN;UOP02-DEL03-RN;;;
724952;14/10/2025;ter�a-feira;08:45:00;TO;153;141;ARAGUAINA;Manobra de mudan�a de faixa;Colis�o transversal;Com V�timas Feridas;Pleno dia;Crescente;C�u Claro;Dupla;Rotat�ria;Sim;2;0;0;1;1;0;1;2;-7,17820853;-48,22202878;SPRF-TO;DEL02-TO;UOP01-DEL02-TO;;;
724957;14/10/2025;ter�a-feira;09:30:00;PR;0;0;MARECHAL CANDIDO RONDON;Condutor deixou de manter dist�ncia do ve�culo da frente;Colis�o lateral mesmo sentido;Sem V�timas;Pleno dia;N�o Informado;C�u Claro;Dupla;Reta;Sim;3;0;0;0;3;0;0;2;-24,551686;-54,058706;SPRF-PR;DEL06-PR;UOP02-DEL06-PR;;;
724958;14/10/2025;ter�a-feira;08:45:00;SP;116;223;GUARULHOS;Manobra de mudan�a de faixa;Colis�o lateral mesmo sentido;Com V�timas Feridas;Pleno dia;Crescente;Nublado;M�ltipla;Reta;N�o;1;0;1;0;0;0;1;1;-23,48159748;-46,53418827;SPRF-SP;DEL01-SP;UOP01-DEL01-SP;;;
724960;14/10/2025;ter�a-feira;09:40:00;PA;230;9,8;ALTAMIRA;Convers�o proibida;Colis�o lateral mesmo sentido;Com V�timas Feridas;Pleno dia;Crescente;C�u Claro;Simples;"Reta;Aclive";Sim;5;0;2;0;3;0;2;2;-3,19285;-52,22802;SPRF-PA;DEL03-PA;UOP01-DEL03-PA;;;
724961;14/10/2025;ter�a-feira;07:35:00;GO;153;161,9;CAMPINORTE;Rea��o tardia ou ineficiente do condutor;Sa�da de leito carro��vel;Com V�timas Feridas;Pleno dia;Crescente;C�u Claro;Simples;"Reta;Aclive";N�o;1;0;0;1;0;0;1;1;-14,195378;-49,128408;SPRF-GO;DEL07-GO;UOP02-DEL07-GO;;;
724962;14/10/2025;ter�a-feira;10:15:00;PB;230;157;CAMPINA GRANDE;Demais falhas na via;Capotamento;Com V�timas Feridas;Pleno dia;Decrescente;C�u Claro;Simples;"Em Obras;Reta";Sim;1;0;1;0;0;0;1;1;-7,26133032;-35,92321068;SPRF-PB;DEL02-PB;UOP01-DEL02-PB;;;
724963;14/10/2025;ter�a-feira;08:40:00;MG;381;646,5;SANTO ANTONIO DO AMPARO;Aus�ncia de rea��o do condutor;Colis�o com objeto;Com V�timas Feridas;Pleno dia;Crescente;Chuva;Dupla;Curva;N�o;4;0;1;0;3;0;1;1;-20,945521;-44,881448;SPRF-MG;DEL04-MG;UOP02-DEL04-MG;;;
724964;14/10/2025;ter�a-feira;11:00:00;MG;40;748,1;SANTOS DUMONT;Rea��o tardia ou ineficiente do condutor;Tombamento;Com V�timas Feridas;Pleno dia;Crescente;Nublado;Simples;Curva;Sim;1;0;1;0;0;0;1;1;-21,48374091;-43,53916168;SPRF-MG;DEL05-MG;UOP01-DEL05-MG;;;
724967;14/10/2025;ter�a-feira;09:54:00;RO;319;144;PORTO VELHO;Condutor deixou de manter dist�ncia do ve�culo da frente;Colis�o lateral mesmo sentido;Sem V�timas;Pleno dia;Decrescente;C�u Claro;Simples;Curva;Sim;2;0;0;0;2;0;0;2;-8,77014045;-63,88341248;SPRF-RO;DEL01-RO;UOP01-DEL01-RO;;;
724968;14/10/2025;ter�a-feira;11:20:00;SC;101;240,3;PALHOCA;Rea��o tardia ou ineficiente do condutor;Sa�da de leito carro��vel;Com V�timas Feridas;Pleno dia;Crescente;Sol;Dupla;Curva;N�o;1;0;0;1;0;0;1;1;-27,85243312;-48,64153862;SPRF-SC;DEL01-SC;UOP02-DEL01-SC;;;
724969;14/10/2025;ter�a-feira;11:30:00;GO;20;31;FORMOSA;Rea��o tardia ou ineficiente do condutor;Colis�o traseira;Com V�timas Feridas;Pleno dia;Crescente;Sol;Dupla;Retorno Regulamentado;Sim;2;0;1;0;1;0;1;2;-15,489297;-47,10431;SPRF-DF;DEL02-DF;UOP02-DEL02-DF;;;
724974;14/10/2025;ter�a-feira;11:50:00;TO;10;415,1;PORTO NACIONAL;Condutor Dormindo;Colis�o traseira;Sem V�timas;Pleno dia;Decrescente;C�u Claro;Simples;Reta;N�o;2;0;0;0;2;0;0;2;-10,627478;-48,382768;SPRF-TO;DEL01-TO;UOP03-DEL01-TO;;;
724975;14/10/2025;ter�a-feira;06:30:00;RS;287;276,8;SAO PEDRO DO SUL;Aus�ncia de rea��o do condutor;Colis�o traseira;Com V�timas Feridas;Pleno dia;Decrescente;C�u Claro;Simples;"Declive;Reta";N�o;3;0;1;0;2;0;1;2;-29,659722;-54,135888;SPRF-RS;DEL09-RS;UOP01-DEL09-RS;;;
724976;14/10/2025;ter�a-feira;11:50:00;PE;232;140;SAO CAITANO;Condutor deixou de manter dist�ncia do ve�culo da frente;Colis�o traseira;Com V�timas Feridas;Pleno dia;Crescente;C�u Claro;Dupla;Reta;N�o;4;0;2;1;1;0;3;4;-8,31631523;-36,1088533;SPRF-PE;DEL03-PE;UOP02-DEL03-PE;;;
724977;14/10/2025;ter�a-feira;08:15:00;SC;101;420;ARARANGUA;Condutor deixou de manter dist�ncia do ve�culo da frente;Colis�o traseira;Com V�timas Feridas;Pleno dia;Decrescente;C�u Claro;Simples;Reta;Sim;2;0;0;1;1;0;1;2;-28,99811379;-49,55547301;SPRF-SC;DEL02-SC;UOP02-DEL02-SC;;;
724980;14/10/2025;ter�a-feira;11:00:00;ES;262;77,6;DOMINGOS MARTINS;Ultrapassagem Indevida;Capotamento;Com V�timas Feridas;Pleno dia;Decrescente;Nublado;Simples;"Declive;Curva";N�o;1;0;1;0;0;0;1;1;-20,411044;-40,920481;SPRF-ES;DEL01-ES;UOP02-DEL01-ES;;;
724981;14/10/2025;ter�a-feira;13:30:00;MG;381;486;BETIM;Avarias e/ou desgaste excessivo no pneu;Tombamento;Com V�timas Feridas;Pleno dia;Decrescente;C�u Claro;M�ltipla;Reta;Sim;2;0;2;0;0;0;2;1;-19,955893;-44,109413;SPRF-MG;DEL01-MG;UOP03-DEL01-MG;;;
724983;14/10/2025;ter�a-feira;12:35:00;PR;277;497,5;NOVA LARANJEIRAS;Aus�ncia de rea��o do condutor;Sa�da de leito carro��vel;Com V�timas Feridas;Pleno dia;Decrescente;C�u Claro;Simples;"Declive;Reta";N�o;1;0;1;0;0;0;1;1;-25,16559257;-52,68775404;SPRF-PR;DEL04-PR;UOP04-DEL04-PR;;;
724984;14/10/2025;ter�a-feira;13:20:00;GO;153;438;ANAPOLIS;Avarias e/ou desgaste excessivo no pneu;Queda de ocupante de ve�culo;Com V�timas Feridas;Pleno dia;Crescente;C�u Claro;Dupla;"Aclive;Reta";Sim;2;0;0;2;0;0;2;1;-16,31576241;-48,92193742;SPRF-GO;DEL02-GO;UOP01-DEL02-GO;;;
724985;13/09/2025;s�bado;05:00:00;MG;267;51;MARIPA DE MINAS;Velocidade Incompat�vel;Capotamento;Com V�timas Feridas;Amanhecer;Crescente;Chuva;Simples;Curva;N�o;1;0;1;0;0;0;1;1;-21,7177514;-42,9968282;SPRF-MG;DEL07-MG;UOP01-DEL07-MG;;;
724987;14/10/2025;ter�a-feira;13:30:00;MG;40;549,5;NOVA LIMA;Mal s�bito do condutor;Sa�da de leito carro��vel;Com V�timas Feridas;Pleno dia;Decrescente;C�u Claro;Dupla;Curva;N�o;3;0;0;1;2;0;1;3;-20,0819219;-43,9793633;SPRF-MG;DEL01-MG;UOP02-DEL01-MG;;;
724988;14/10/2025;ter�a-feira;11:45:00;MG;50;125,8;UBERABA;Demais falhas mec�nicas ou el�tricas;Tombamento;Com V�timas Feridas;Pleno dia;Decrescente;C�u Claro;Dupla;Reta;N�o;1;0;1;0;0;0;1;1;-19,355459;-48,087727;SPRF-MG;DEL13-MG;UOP01-DEL13-MG;;;
724989;14/10/2025;ter�a-feira;13:30:00;SC;101;220;PALHOCA;Acessar a via sem observar a presen�a dos outros ve�culos;Colis�o transversal;Sem V�timas;Pleno dia;Decrescente;C�u Claro;M�ltipla;Reta;Sim;3;0;0;0;2;1;0;3;-27,6951796;-48,66227595;SPRF-SC;DEL01-SC;UOP02-DEL01-SC;;;
724990;14/10/2025;ter�a-feira;14:10:00;PR;277;610,9;SANTA TEREZA DO OESTE;Desrespeitar a prefer�ncia no cruzamento;Colis�o transversal;Com V�timas Feridas;Pleno dia;Decrescente;C�u Claro;Simples;"Interse��o de Vias;Reta";Sim;2;0;0;1;1;0;1;2;-25,051814;-53,630948;SPRF-PR;DEL05-PR;UOP02-DEL05-PR;;;
724991;14/10/2025;ter�a-feira;13:30:00;RJ;101;549;PARATY;Rea��o tardia ou ineficiente do condutor;Tombamento;Com V�timas Feridas;Pleno dia;Decrescente;Nublado;Simples;Curva;N�o;2;0;2;0;0;0;2;1;-23,04713488;-44,65568416;SPRF-RJ;DEL03-RJ;UOP04-DEL03-RJ;;;
724992;14/10/2025;ter�a-feira;13:50:00;SC;101;202,7;SAO JOSE;Rea��o tardia ou ineficiente do condutor;Colis�o traseira;Com V�timas Feridas;Pleno dia;Crescente;Sol;M�ltipla;Reta;Sim;4;0;1;0;3;0;1;3;-27,56263;-48,615787;SPRF-SC;DEL01-SC;UOP01-DEL01-SC;;;
724993;14/10/2025;ter�a-feira;12:50:00;SC;101;131;CAMBORIU;Condutor deixou de manter dist�ncia do ve�culo da frente;Colis�o lateral mesmo sentido;Com V�timas Feridas;Pleno dia;Crescente;C�u Claro;Simples;Reta;Sim;2;0;0;2;0;0;2;2;-26,99529792;-48,65845649;SPRF-SC;DEL04-SC;UOP03-DEL04-SC;;;
724994;14/10/2025;ter�a-feira;13:53:00;RS;285;120,6;VACARIA;Acessar a via sem observar a presen�a dos outros ve�culos;Colis�o transversal;Com V�timas Feridas;Pleno dia;Decrescente;C�u Claro;Simples;Interse��o de Vias;Sim;2;0;0;1;1;0;1;2;-28,509575;-50,9314873;SPRF-RS;DEL05-RS;UOP03-DEL05-RS;;;
724997;14/10/2025;ter�a-feira;13:40:00;MS;60;425,1;SIDROLANDIA;Transitar na contram�o;Colis�o transversal;Com V�timas Feridas;Pleno dia;Decrescente;Sol;Dupla;Reta;Sim;3;0;0;1;1;1;1;3;-20,931009;-54,958218;SPRF-MS;DEL01-MS;UOP04-DEL01-MS;;;
725001;13/10/2025;segunda-feira;23:16:00;PE;232;411;SERRA TALHADA;Animais na Pista;Eventos at�picos;Sem V�timas;Plena Noite;Crescente;C�u Claro;Simples;Aclive;Sim;1;0;0;0;1;0;0;1;-7,9797;-38,311119;SPRF-PE;DEL04-PE;UOP01-DEL04-PE;;;
725006;14/10/2025;ter�a-feira;12:25:00;RJ;116;146;DUQUE DE CAXIAS;Avarias e/ou desgaste excessivo no pneu;Queda de ocupante de ve�culo;Com V�timas Feridas;Pleno dia;Crescente;C�u Claro;Dupla;Reta;Sim;2;0;1;1;0;0;2;1;-22,6685145;-43,2716313;SPRF-RJ;DEL01-RJ;UOP02-DEL01-RJ;;;
725008;14/10/2025;ter�a-feira;15:40:00;SC;101;208,3;SAO JOSE;Acessar a via sem observar a presen�a dos outros ve�culos;Colis�o transversal;Com V�timas Feridas;Pleno dia;Crescente;C�u Claro;Dupla;Interse��o de Vias;Sim;2;0;1;0;1;0;1;2;-27,60528533;-48,63491742;SPRF-SC;DEL01-SC;UOP01-DEL01-SC;;;
725009;14/10/2025;ter�a-feira;12:30:00;SP;116;39,4;CACHOEIRA PAULISTA;Acessar a via sem observar a presen�a dos outros ve�culos;Colis�o traseira;Com V�timas Feridas;Pleno dia;Crescente;Sol;Dupla;Reta;Sim;3;0;1;1;1;0;2;3;-22,6771743;-45,00201702;SPRF-SP;DEL08-SP;UOP02-DEL08-SP;;;
725011;14/10/2025;ter�a-feira;15:50:00;PB;230;57,8;CRUZ DO ESPIRITO SANTO;Pedestre cruzava a pista fora da faixa;Atropelamento de Pedestre;Com V�timas Fatais;Pleno dia;Crescente;C�u Claro;Dupla;"Declive;Reta";N�o;3;1;0;0;1;1;0;2;-7,20339678;-35,12048006;SPRF-PB;DEL01-PB;UOP02-DEL01-PB;;;
725012;27/09/2025;s�bado;15:30:00;RS;470;240;BARAO;Aus�ncia de rea��o do condutor;Sa�da de leito carro��vel;Com V�timas Feridas;Pleno dia;Crescente;C�u Claro;Simples;Curva;N�o;1;0;1;0;0;0;1;1;-29,3540062;-51,51738918;SPRF-RS;DEL06-RS;UOP01-DEL06-RS;;;
725014;14/10/2025;ter�a-feira;16:00:00;SC;101;147;ITAPEMA;Manobra de mudan�a de faixa;Colis�o lateral mesmo sentido;Com V�timas Feridas;Pleno dia;Decrescente;C�u Claro;M�ltipla;Reta;N�o;2;0;1;0;1;0;1;2;-27,0882826;-48,61187594;SPRF-SC;DEL04-SC;UOP03-DEL04-SC;;;
725015;14/10/2025;ter�a-feira;16:00:00;RJ;101;282;TANGUA;Condutor deixou de manter dist�ncia do ve�culo da frente;Colis�o traseira;Com V�timas Feridas;Pleno dia;Decrescente;Nublado;Dupla;Reta;Sim;2;0;1;0;1;0;1;2;-22,737444;-42,793509;SPRF-RJ;DEL02-RJ;UOP02-DEL02-RJ;;;
725016;09/07/2025;quarta-feira;16:30:00;BA;324;570;SAO SEBASTIAO DO PASSE;Aus�ncia de rea��o do condutor;Sa�da de leito carro��vel;Com V�timas Feridas;Pleno dia;Decrescente;C�u Claro;Simples;"Declive;Reta";N�o;3;0;1;0;2;0;1;1;-12,55732035;-38,56656611;SPRF-BA;DEL01-BA;UOP01-DEL01-BA;;;
725019;03/10/2025;sexta-feira;13:30:00;PB;412;24;BOA VISTA;Condutor Dormindo;Sa�da de leito carro��vel;Com V�timas Fatais;Pleno dia;Crescente;C�u Claro;Simples;Reta;N�o;3;1;2;0;0;0;2;1;-7,282452;-36,27003;SPRF-PB;DEL02-PB;UOP02-DEL02-PB;;;
725020;14/10/2025;ter�a-feira;16:40:00;MG;262;364;BETIM;Aus�ncia de rea��o do condutor;Sa�da de leito carro��vel;Com V�timas Feridas;Pleno dia;Decrescente;Nublado;Dupla;"Aclive;Reta";N�o;1;0;1;0;0;0;1;1;-19,97907612;-44,21791077;SPRF-MG;DEL01-MG;UOP03-DEL01-MG;;;
725022;11/10/2025;s�bado;17:15:00;BA;116;822;VITORIA DA CONQUISTA;Velocidade Incompat�vel;Atropelamento de Pedestre;Com V�timas Feridas;Pleno dia;Crescente;C�u Claro;Simples;"Reta;Declive";Sim;2;0;0;2;0;0;2;2;-14,844542;-40,847432;SPRF-BA;DEL08-BA;UOP01-DEL08-BA;;;
725023;14/10/2025;ter�a-feira;16:00:00;SP;116;227;GUARULHOS;Avarias e/ou desgaste excessivo no pneu;Queda de ocupante de ve�culo;Com V�timas Feridas;Pleno dia;Crescente;C�u Claro;M�ltipla;Reta;N�o;1;0;1;0;0;0;1;1;-23,47833436;-46,52552796;SPRF-SP;DEL01-SP;UOP01-DEL01-SP;;;
725024;14/10/2025;ter�a-feira;16:02:00;AP;156;406;FERREIRA GOMES;Demais falhas mec�nicas ou el�tricas;Tombamento;Com V�timas Feridas;Pleno dia;Decrescente;C�u Claro;Simples;"Aclive;Reta";N�o;3;0;3;0;0;0;3;1;1,02050666;-51,08982666;SPRF-AP;DEL01-AP;UOP02-DEL01-AP;;;
725027;14/10/2025;ter�a-feira;16:40:00;RJ;116;145;DUQUE DE CAXIAS;Rea��o tardia ou ineficiente do condutor;Queda de ocupante de ve�culo;Com V�timas Feridas;Pleno dia;Crescente;Nublado;Dupla;Reta;Sim;1;0;1;0;0;0;1;1;-22,64966756;-43,23235321;SPRF-RJ;DEL01-RJ;UOP02-DEL01-RJ;;;
725028;14/10/2025;ter�a-feira;11:09:00;RO;364;425,8;JARU;Condutor usando celular;Colis�o transversal;Com V�timas Feridas;Pleno dia;Decrescente;C�u Claro;Simples;Reta;N�o;2;0;0;1;1;0;1;2;-10,43397;-62,47736;SPRF-RO;DEL03-RO;UOP02-DEL03-RO;;;