id;data_inversa;dia_semana;horario;uf;br;km;municipio;causa_acidente;tipo_acidente;classificacao_acidente;fase_dia;sentido_via;condicao_metereologica;tipo_pista;tracado_via;uso_solo;pessoas;mortos;feridos_leves;feridos_graves;ilesos;ignorados;feridos;veiculos;latitude;longitude;regional;delegacia;uop;;;
725029;14/10/2025;ter�a-feira;16:45:00;RS;290;75;GRAVATAI;Acessar a via sem observar a presen�a dos outros ve�culos;Queda de ocupante de ve�culo;Com V�timas Feridas;Pleno dia;Decrescente;C�u Claro;M�ltipla;Reta;Sim;1;0;1;0;0;0;1;1;-29,95508328;-51,00419998;SPRF-RS;DEL01-RS;UOP01-DEL01-RS;;;
725031;14/10/2025;ter�a-feira;17:28:00;SC;101;136;BALNEARIO CAMBORIU;Manobra de mudan�a de faixa;Colis�o traseira;Com V�timas Feridas;Anoitecer;Decrescente;C�u Claro;Dupla;Reta;Sim;3;0;1;1;1;0;2;2;-27,02165302;-48,60870838;SPRF-SC;DEL04-SC;UOP03-DEL04-SC;;;
725032;14/10/2025;ter�a-feira;15:05:00;SC;101;41,3;JOINVILLE;Trafegar com motocicleta (ou similar) entre as faixas;Colis�o lateral mesmo sentido;Com V�timas Feridas;Pleno dia;Crescente;Sol;Dupla;"Aclive;Curva";Sim;2;0;1;0;1;0;1;2;-26,31489961;-48,87361877;SPRF-SC;DEL03-SC;UOP01-DEL03-SC;;;
725033;14/10/2025;ter�a-feira;16:40:00;DF;60;4,5;BRASILIA;Entrada inopinada do pedestre;Atropelamento de Pedestre;Com V�timas Fatais;Pleno dia;Crescente;C�u Claro;Dupla;Reta;Sim;2;1;0;0;1;0;0;2;-15,8941;-48,100291;SPRF-DF;DEL03-DF;UOP01-DEL03-DF;;;
725034;14/10/2025;ter�a-feira;17:30:00;SC;101;136,4;BALNEARIO CAMBORIU;Condutor deixou de manter dist�ncia do ve�culo da frente;Tombamento;Com V�timas Feridas;Pleno dia;Decrescente;C�u Claro;Dupla;Reta;Sim;1;0;0;1;0;0;1;1;-27,02173545;-48,60898465;SPRF-SC;DEL04-SC;UOP03-DEL04-SC;;;
725035;14/10/2025;ter�a-feira;17:50:00;GO;153;499,9;GOIANIA;Manobra de mudan�a de faixa;Colis�o lateral mesmo sentido;Com V�timas Feridas;Pleno dia;Crescente;Nublado;Dupla;Reta;Sim;3;0;3;0;0;0;3;2;-16,70199874;-49,23123334;SPRF-GO;DEL01-GO;UOP01-DEL01-GO;;;
725037;14/10/2025;ter�a-feira;17:30:00;SC;101;321,9;PESCARIA BRAVA;Acumulo de areia ou detritos sobre o pavimento;Tombamento;Com V�timas Feridas;Pleno dia;Crescente;C�u Claro;M�ltipla;"Declive;Reta";N�o;1;0;0;1;0;0;1;1;-28,4285223;-48,9154997;SPRF-SC;DEL02-SC;UOP01-DEL02-SC;;;
725038;14/10/2025;ter�a-feira;16:45:00;MG;116;413;GOVERNADOR VALADARES;Acessar a via sem observar a presen�a dos outros ve�culos;Colis�o transversal;Com V�timas Feridas;Pleno dia;Crescente;C�u Claro;Simples;Interse��o de Vias;N�o;2;0;2;0;0;0;2;2;-18,88184808;-41,95793007;SPRF-MG;DEL06-MG;UOP01-DEL06-MG;;;
725041;14/10/2025;ter�a-feira;17:35:00;RS;471;174;RIO PARDO;Desrespeitar a prefer�ncia no cruzamento;Colis�o transversal;Com V�timas Feridas;Pleno dia;Decrescente;Sol;Dupla;Reta;Sim;2;0;1;0;1;0;1;2;-29,98513577;-52,36845229;SPRF-RS;DEL02-RS;UOP03-DEL02-RS;;;
725042;14/10/2025;ter�a-feira;18:00:00;PR;277;723;FOZ DO IGUACU;Pedestre cruzava a pista fora da faixa;Atropelamento de Pedestre;Com V�timas Feridas;Pleno dia;Decrescente;C�u Claro;Dupla;Reta;Sim;2;0;1;0;1;0;1;2;-25,49069898;-54,51141357;SPRF-PR;DEL05-PR;UOP03-DEL05-PR;;;
725043;14/10/2025;ter�a-feira;17:50:00;RS;285;296;PASSO FUNDO;Rea��o tardia ou ineficiente do condutor;Colis�o traseira;Com V�timas Feridas;Pleno dia;Decrescente;Sol;Simples;Reta;Sim;3;0;2;0;1;0;2;2;-28,2327;-52,40428;SPRF-RS;DEL08-RS;UOP03-DEL08-RS;;;
725044;14/10/2025;ter�a-feira;17:45:00;SP;116;221;GUARULHOS;Acessar a via sem observar a presen�a dos outros ve�culos;Colis�o transversal;Com V�timas Feridas;Plena Noite;Decrescente;Nublado;M�ltipla;Reta;Sim;3;0;1;0;2;0;1;3;-23,47275018;-46,51984541;SPRF-SP;DEL01-SP;UOP01-DEL01-SP;;;
725045;14/10/2025;ter�a-feira;18:00:00;RJ;393;285,5;VOLTA REDONDA;Acessar a via sem observar a presen�a dos outros ve�culos;Colis�o transversal;Com V�timas Feridas;Plena Noite;Decrescente;C�u Claro;Dupla;"Interse��o de Vias;Curva";Sim;2;0;2;0;0;0;2;2;-22,505245;-44,072809;SPRF-RJ;DEL05-RJ;UOP04-DEL05-RJ;;;
725047;14/10/2025;ter�a-feira;17:00:00;MT;70;402;CAMPO VERDE;Condutor deixou de manter dist�ncia do ve�culo da frente;Colis�o traseira;Sem V�timas;Anoitecer;Crescente;C�u Claro;Simples;Reta;N�o;9;0;0;0;9;0;0;2;-15,65903624;-55,23543477;SPRF-MT;DEL05-MT;UOP02-DEL05-MT;;;
725048;14/10/2025;ter�a-feira;17:20:00;SC;101;415,6;ARARANGUA;Condutor deixou de manter dist�ncia do ve�culo da frente;Colis�o traseira;Sem V�timas;Pleno dia;Decrescente;C�u Claro;Simples;Reta;Sim;3;0;0;0;3;0;0;3;-28,96948753;-49,52547596;SPRF-SC;DEL02-SC;UOP02-DEL02-SC;;;
725050;14/10/2025;ter�a-feira;18:10:00;PB;230;11,9;CABEDELO;Entrada inopinada do pedestre;Atropelamento de Pedestre;Com V�timas Feridas;Plena Noite;Decrescente;C�u Claro;Dupla;Reta;Sim;2;0;0;1;0;1;1;2;-7,0722448;-34,8493489;SPRF-PB;DEL01-PB;UOP01-DEL01-PB;;;
725053;14/10/2025;ter�a-feira;16:40:00;PR;163;87,1;CAPANEMA;Acessar a via sem observar a presen�a dos outros ve�culos;Colis�o transversal;Com V�timas Feridas;Pleno dia;Decrescente;C�u Claro;Simples;Reta;N�o;2;0;1;0;1;0;1;2;-25,68433346;-53,79614207;SPRF-PR;DEL02-PR;UOP02-DEL02-PR;;;
725054;14/10/2025;ter�a-feira;18:30:00;RS;116;40;VACARIA;Aus�ncia de rea��o do condutor;Colis�o traseira;Com V�timas Feridas;Anoitecer;Decrescente;C�u Claro;Simples;Reta;Sim;2;0;1;0;0;1;1;2;-28,5210711;-50,9422653;SPRF-RS;DEL05-RS;UOP03-DEL05-RS;;;
725055;14/10/2025;ter�a-feira;16:10:00;RJ;101;253;RIO BONITO;Condutor deixou de manter dist�ncia do ve�culo da frente;Colis�o traseira;Sem V�timas;Pleno dia;Decrescente;C�u Claro;Dupla;Reta;N�o;2;0;0;0;2;0;0;2;-22,69246164;-42,54673659;SPRF-RJ;DEL02-RJ;UOP03-DEL02-RJ;;;
725056;14/10/2025;ter�a-feira;19:15:00;SC;282;0,5;FLORIANOPOLIS;Rea��o tardia ou ineficiente do condutor;Colis�o traseira;Com V�timas Feridas;Plena Noite;Crescente;C�u Claro;M�ltipla;Reta;Sim;5;0;3;1;1;0;4;4;-27,59929546;-48,57520072;SPRF-SC;DEL01-SC;UOP01-DEL01-SC;;;
725057;14/10/2025;ter�a-feira;19:00:00;SC;101;107,1;PENHA;Aus�ncia de rea��o do condutor;Queda de ocupante de ve�culo;Sem V�timas;Plena Noite;Crescente;Nublado;Dupla;Reta;N�o;1;0;0;0;1;0;0;1;-26,82061693;-48,68486953;SPRF-SC;DEL03-SC;UOP02-DEL03-SC;;;
725058;14/10/2025;ter�a-feira;19:20:00;RS;101;67;MAQUINE;Animais na Pista;Atropelamento de Animal;Com V�timas Feridas;Plena Noite;Decrescente;C�u Claro;Dupla;Reta;Sim;1;0;1;0;0;0;1;1;-29,7237193;-50,1949947;SPRF-RS;DEL03-RS;UOP02-DEL03-RS;;;
725059;14/10/2025;ter�a-feira;19:15:00;SP;116;148;SAO JOSE DOS CAMPOS;Demais falhas mec�nicas ou el�tricas;Inc�ndio;Sem V�timas;Plena Noite;Decrescente;C�u Claro;Dupla;Reta;Sim;1;0;0;0;1;0;0;1;-23,19802928;-45,87644219;SPRF-SP;DEL02-SP;UOP01-DEL02-SP;;;
725060;14/10/2025;ter�a-feira;17:25:00;BA;418;91;NOVA VICOSA;Acessar a via sem observar a presen�a dos outros ve�culos;Colis�o transversal;Com V�timas Feridas;Anoitecer;Crescente;C�u Claro;Simples;"Interse��o de Vias;Reta";Sim;2;0;0;1;1;0;1;2;-17,891059;-39,819357;SPRF-BA;DEL09-BA;UOP02-DEL09-BA;;;
725061;14/10/2025;ter�a-feira;19:30:00;PR;277;84;CURITIBA;Trafegar com motocicleta (ou similar) entre as faixas;Colis�o lateral mesmo sentido;Com V�timas Feridas;Plena Noite;Crescente;C�u Claro;Dupla;"Aclive;Reta;Viaduto";Sim;3;0;1;0;2;0;1;2;-25,44540601;-49,23239708;SPRF-PR;DEL01-PR;UOP03-DEL01-PR;;;
725062;14/10/2025;ter�a-feira;19:00:00;MG;116;766,1;LEOPOLDINA;Acessar a via sem observar a presen�a dos outros ve�culos;Queda de ocupante de ve�culo;Com V�timas Feridas;Plena Noite;Decrescente;Chuva;Simples;Reta;Sim;2;0;1;0;1;0;1;2;-21,54267309;-42,65589126;SPRF-MG;DEL07-MG;UOP01-DEL07-MG;;;
725064;14/10/2025;ter�a-feira;19:20:00;PR;376;174,4;MARINGA;Manobra de mudan�a de faixa;Colis�o lateral mesmo sentido;Com V�timas Feridas;Plena Noite;Crescente;C�u Claro;Dupla;Interse��o de Vias;Sim;3;0;2;0;1;0;2;2;-23,41605127;-51,95465533;SPRF-PR;DEL09-PR;UOP01-DEL09-PR;;;
725065;14/10/2025;ter�a-feira;18:30:00;GO;153;490;GOIANIA;Manobra de mudan�a de faixa;Colis�o lateral mesmo sentido;Com V�timas Feridas;Anoitecer;Decrescente;C�u Claro;M�ltipla;Reta;Sim;2;0;0;1;1;0;1;2;-16,622958;-49,205999;SPRF-GO;DEL01-GO;UOP01-DEL01-GO;;;
725067;14/10/2025;ter�a-feira;19:00:00;RO;364;245,8;CACOAL;Falta de elemento de conten��o que evite a sa�da do leito carro��vel;Sa�da de leito carro��vel;Sem V�timas;Plena Noite;Crescente;C�u Claro;Simples;Reta;N�o;3;0;0;0;3;0;0;1;-11,439363;-61,522727;SPRF-RO;DEL02-RO;UOP02-DEL02-RO;;;
725068;14/10/2025;ter�a-feira;20:00:00;RN;406;162,8;SAO GONCALO DO AMARANTE;Aus�ncia de rea��o do condutor;Colis�o lateral mesmo sentido;Com V�timas Feridas;Plena Noite;Decrescente;C�u Claro;Simples;"Aclive;Reta";N�o;2;0;0;1;1;0;1;2;-5,733088;-35,357313;SPRF-RN;DEL02-RN;UOP01-DEL02-RN;;;
725069;14/10/2025;ter�a-feira;18:00:00;PE;428;44;OROCO;Ultrapassagem Indevida;Colis�o lateral sentido oposto;Com V�timas Feridas;Anoitecer;Crescente;C�u Claro;Simples;Reta;N�o;4;0;1;0;3;0;1;3;-8,5888;-39,5888;SPRF-PE;DEL05-PE;UOP03-DEL05-PE;;;
725070;14/10/2025;ter�a-feira;18:30:00;RJ;101;490;ANGRA DOS REIS;Acessar a via sem observar a presen�a dos outros ve�culos;Colis�o transversal;Com V�timas Feridas;Plena Noite;Decrescente;Chuva;Simples;"Interse��o de Vias;Declive;Curva";Sim;2;0;1;0;1;0;1;2;-22,95649654;-44,31438446;SPRF-RJ;DEL03-RJ;UOP03-DEL03-RJ;;;
725071;14/10/2025;ter�a-feira;19:30:00;SC;470;90,4;ASCURRA;Convers�o proibida;Colis�o lateral mesmo sentido;Com V�timas Feridas;Plena Noite;Crescente;Nublado;Simples;Curva;Sim;3;0;2;0;1;0;2;2;-26,97296;-49,36687;SPRF-SC;DEL04-SC;UOP01-DEL04-SC;;;
725072;14/10/2025;ter�a-feira;19:46:00;TO;153;744;ALVORADA;Rea��o tardia ou ineficiente do condutor;Queda de ocupante de ve�culo;Com V�timas Feridas;Plena Noite;Decrescente;C�u Claro;Simples;Reta;N�o;1;0;1;0;0;0;1;1;-12,3418383;-49,1512233;SPRF-TO;DEL01-TO;UOP02-DEL01-TO;;;
725074;14/10/2025;ter�a-feira;19:15:00;RS;468;121;TIRADENTES DO SUL;Acessar a via sem observar a presen�a dos outros ve�culos;Colis�o lateral mesmo sentido;Com V�timas Feridas;Anoitecer;Crescente;C�u Claro;Simples;"Interse��o de Vias;Curva";N�o;2;0;0;1;1;0;1;2;-27,4043607;-54,0726474;SPRF-RS;DEL08-RS;UOP02-DEL08-RS;;;
725075;14/10/2025;ter�a-feira;20:15:00;ES;262;26,8;VIANA;Acumulo de �gua sobre o pavimento;Sa�da de leito carro��vel;Com V�timas Feridas;Plena Noite;Crescente;Chuva;Simples;Curva;N�o;1;0;1;0;0;0;1;1;-20,3823001;-40,5471223;SPRF-ES;DEL01-ES;UOP01-DEL01-ES;;;
725076;14/10/2025;ter�a-feira;20:45:00;SC;101;362;SANGAO;Demais falhas mec�nicas ou el�tricas;Tombamento;Com V�timas Feridas;Plena Noite;Crescente;Nublado;Dupla;Reta;N�o;1;0;1;0;0;0;1;1;-28,64904894;-49,10433609;SPRF-SC;DEL02-SC;UOP01-DEL02-SC;;;
725077;14/10/2025;ter�a-feira;20:20:00;GO;40;68;CRISTALINA;Ultrapassagem Indevida;Colis�o frontal;Com V�timas Feridas;Plena Noite;Crescente;C�u Claro;Simples;"Reta;Aclive";N�o;2;0;2;0;0;0;2;2;-16,5867701;-47,7805589;SPRF-DF;DEL01-DF;UOP02-DEL01-DF;;;
725078;14/10/2025;ter�a-feira;21:40:00;SC;101;146,6;ITAPEMA;Desrespeitar a prefer�ncia no cruzamento;Colis�o transversal;Com V�timas Feridas;Plena Noite;Decrescente;Nublado;M�ltipla;Interse��o de Vias;Sim;2;0;1;0;1;0;1;2;-27,090372;-48,614983;SPRF-SC;DEL04-SC;UOP03-DEL04-SC;;;
725079;14/10/2025;ter�a-feira;21:20:00;MG;116;410;GOVERNADOR VALADARES;Pedestre andava na pista;Atropelamento de Pedestre;Com V�timas Feridas;Plena Noite;Crescente;C�u Claro;Simples;Reta;Sim;2;0;1;0;1;0;1;2;-18,85571609;-41,97577212;SPRF-MG;DEL06-MG;UOP01-DEL06-MG;;;
725080;14/10/2025;ter�a-feira;18:50:00;PI;316;311;PICOS;Aus�ncia de rea��o do condutor;Queda de ocupante de ve�culo;Com V�timas Feridas;Plena Noite;Crescente;C�u Claro;M�ltipla;Reta;Sim;3;0;2;0;1;0;2;2;-7,0800659;-41,4632761;SPRF-PI;DEL04-PI;UOP01-DEL04-PI;;;
725082;14/10/2025;ter�a-feira;21:10:00;BA;116;17;VITORIA DA CONQUISTA;Convers�o proibida;Colis�o transversal;Com V�timas Feridas;Plena Noite;Decrescente;C�u Claro;Simples;Reta;Sim;2;0;1;0;1;0;1;2;-14,90239492;-40,84117806;SPRF-BA;DEL08-BA;UOP01-DEL08-BA;;;
725085;14/10/2025;ter�a-feira;18:52:00;MT;364;255;JUSCIMEIRA;Acesso irregular;Queda de ocupante de ve�culo;Com V�timas Feridas;Plena Noite;Crescente;C�u Claro;Dupla;Reta;N�o;1;0;1;0;0;0;1;1;-16,05322166;-54,87620473;SPRF-MT;DEL02-MT;UOP01-DEL02-MT;;;
725086;14/10/2025;ter�a-feira;22:00:00;MG;40;513;CONTAGEM;Aus�ncia de rea��o do condutor;Sa�da de leito carro��vel;Com V�timas Feridas;Plena Noite;Decrescente;C�u Claro;Dupla;"Reta;Aclive";N�o;3;0;3;0;0;0;3;1;-19,85585586;-44,060855;SPRF-MG;DEL01-MG;UOP02-DEL01-MG;;;
725088;14/10/2025;ter�a-feira;21:45:00;RS;290;3,6;OSORIO;Ingest�o de �lcool pelo condutor;Sa�da de leito carro��vel;Com V�timas Feridas;Plena Noite;Decrescente;C�u Claro;Dupla;Reta;N�o;2;0;1;0;1;0;1;1;-29,898375;-50,306502;SPRF-RS;DEL03-RS;UOP01-DEL03-RS;;;
725089;14/10/2025;ter�a-feira;20:00:00;AL;424;102;MARECHAL DEODORO;Defici�ncia do Sistema de Ilumina��o/Sinaliza��o;Sa�da de leito carro��vel;Com V�timas Feridas;Plena Noite;Crescente;C�u Claro;Simples;Rotat�ria;N�o;3;0;1;0;2;0;1;1;-9,675285;-35,836213;SPRF-AL;DEL02-AL;UOP01-DEL02-AL;;;
725091;14/10/2025;ter�a-feira;21:00:00;SC;101;52,5;JOINVILLE;Aus�ncia de rea��o do condutor;Tombamento;Com V�timas Feridas;Plena Noite;Crescente;C�u Claro;M�ltipla;Reta;N�o;1;0;1;0;0;0;1;1;-26,40196909;-48,83974012;SPRF-SC;DEL03-SC;UOP01-DEL03-SC;;;
725092;14/10/2025;ter�a-feira;18:30:00;MT;174;3;VALE DE SAO DOMINGOS;Acessar a via sem observar a presen�a dos outros ve�culos;Colis�o transversal;Com V�timas Feridas;Plena Noite;Decrescente;C�u Claro;Simples;Reta;Sim;2;0;1;0;1;0;1;2;-15,239972;-59;SPRF-MT;DEL04-MT;UOP01-DEL04-MT;;;
725099;14/10/2025;ter�a-feira;23:30:00;SC;101;146;ITAPEMA;Acessar a via sem observar a presen�a dos outros ve�culos;Colis�o transversal;Com V�timas Feridas;Plena Noite;Crescente;C�u Claro;Dupla;"Interse��o de Vias;Retorno Regulamentado;Reta";Sim;2;0;1;0;1;0;1;2;-27,08990594;-48,61524342;SPRF-SC;DEL04-SC;UOP03-DEL04-SC;;;
725100;14/10/2025;ter�a-feira;22:30:00;MA;135;22;SAO LUIS;Rea��o tardia ou ineficiente do condutor;Colis�o traseira;Sem V�timas;Plena Noite;Crescente;C�u Claro;M�ltipla;Reta;Sim;4;0;0;0;4;0;0;4;-2,5636;-44,31741;SPRF-MA;DEL01-MA;UOP01-DEL01-MA;;;
725107;15/10/2025;quarta-feira;00:20:00;MG;381;892;CAMBUI;Ingest�o de subst�ncias psicoativas pelo condutor;Tombamento;Com V�timas Feridas;Plena Noite;Decrescente;Nublado;Dupla;Reta;N�o;1;0;1;0;0;0;1;1;-22,54932;-46,03955;SPRF-MG;DEL16-MG;UOP01-DEL16-MG;;;
725111;14/10/2025;ter�a-feira;22:50:00;RJ;493;6;ITABORAI;Condutor deixou de manter dist�ncia do ve�culo da frente;Colis�o lateral mesmo sentido;Com V�timas Feridas;Plena Noite;Crescente;C�u Claro;Simples;"Reta;Em Obras";Sim;3;0;1;0;2;0;1;2;-22,76613961;-42,92596383;SPRF-RJ;DEL02-RJ;UOP02-DEL02-RJ;;;
725112;15/10/2025;quarta-feira;04:32:00;PE;428;184;PETROLINA;Acessar a via sem observar a presen�a dos outros ve�culos;Colis�o transversal;Com V�timas Feridas;Amanhecer;Decrescente;Sol;Dupla;Reta;Sim;2;0;1;0;1;0;1;2;-9,345267;-40,472762;SPRF-PE;DEL06-PE;UOP01-DEL06-PE;;;
725113;15/10/2025;quarta-feira;05:00:00;MS;163;778,4;COXIM;Ingest�o de �lcool pelo condutor;Sa�da de leito carro��vel;Sem V�timas;Amanhecer;Decrescente;C�u Claro;Dupla;"Reta;Aclive";N�o;2;0;0;0;2;0;0;1;-18,10508698;-54,69721911;SPRF-MS;DEL06-MS;UOP01-DEL06-MS;;;
725114;14/10/2025;ter�a-feira;11:00:00;RS;116;262;CANOAS;Manobra de mudan�a de faixa;Colis�o lateral mesmo sentido;Com V�timas Feridas;Pleno dia;Crescente;C�u Claro;Dupla;Reta;Sim;2;0;1;0;1;0;1;2;-29,89120686;-51,17770221;SPRF-RS;DEL01-RS;UOP01-DEL01-RS;;;
725120;15/10/2025;quarta-feira;06:30:00;PR;277;522,4;GUARANIACU;Acessar a via sem observar a presen�a dos outros ve�culos;Colis�o transversal;Com V�timas Feridas;Pleno dia;Decrescente;C�u Claro;Simples;"Reta;Interse��o de Vias";Sim;5;0;3;2;0;0;5;2;-25,0968398;-52,8766536;SPRF-PR;DEL04-PR;UOP04-DEL04-PR;;;
725123;15/10/2025;quarta-feira;07:15:00;PE;101;82;JABOATAO DOS GUARARAPES;Manobra de mudan�a de faixa;Colis�o transversal;Com V�timas Feridas;Pleno dia;Crescente;Sol;Dupla;Reta;Sim;2;0;1;0;1;0;1;2;-8,17358;-34,94045;SPRF-PE;DEL01-PE;UOP01-DEL01-PE;;;
725124;15/10/2025;quarta-feira;07:30:00;RJ;116;187;NOVA IGUACU;Aus�ncia de rea��o do condutor;Colis�o traseira;Com V�timas Feridas;Pleno dia;Decrescente;C�u Claro;Dupla;Reta;N�o;3;0;1;0;2;0;1;2;-22,74442185;-43,5104312;SPRF-RJ;DEL06-RJ;UOP01-DEL06-RJ;;;
725126;15/10/2025;quarta-feira;06:48:00;PE;101;51,7;PAULISTA;Aus�ncia de rea��o do condutor;Colis�o traseira;Com V�timas Feridas;Pleno dia;Crescente;C�u Claro;Dupla;Interse��o de Vias;Sim;3;0;1;1;1;0;2;3;-7,9241737;-34,89623823;SPRF-PE;DEL01-PE;UOP02-DEL01-PE;;;
725129;15/10/2025;quarta-feira;07:15:00;PB;230;22,6;JOAO PESSOA;Condutor deixou de manter dist�ncia do ve�culo da frente;Colis�o traseira;Com V�timas Feridas;Pleno dia;Crescente;C�u Claro;Dupla;Reta;Sim;2;0;1;0;1;0;1;2;-7,15472809;-34,85613294;SPRF-PB;DEL01-PB;UOP01-DEL01-PB;;;
725130;15/10/2025;quarta-feira;01:00:00;RJ;116;232;PIRAI;Aus�ncia de rea��o do condutor;Capotamento;Com V�timas Feridas;Plena Noite;Decrescente;Garoa/Chuvisco;Dupla;"Curva;Declive";N�o;2;0;1;0;1;0;1;1;-22,669;-43,836;SPRF-RJ;DEL07-RJ;UOP01-DEL07-RJ;;;
725131;15/10/2025;quarta-feira;06:50:00;PR;369;149,3;LONDRINA;Manobra de mudan�a de faixa;Colis�o traseira;Com V�timas Feridas;Pleno dia;Crescente;C�u Claro;Dupla;"Reta;Interse��o de Vias;Aclive";Sim;2;0;0;1;1;0;1;2;-23,29281864;-51,15436332;SPRF-PR;DEL07-PR;UOP01-DEL07-PR;;;
725132;15/10/2025;quarta-feira;06:50:00;SC;282;579;PINHALZINHO;Rea��o tardia ou ineficiente do condutor;Sa�da de leito carro��vel;Com V�timas Feridas;Pleno dia;Crescente;C�u Claro;Simples;"Interse��o de Vias;Rotat�ria";Sim;2;0;1;0;1;0;1;1;-26,85228763;-52,97978258;SPRF-SC;DEL07-SC;UOP02-DEL07-SC;;;
725133;15/10/2025;quarta-feira;06:10:00;MG;116;366,4;FREI INOCENCIO;Acumulo de �leo sobre o pavimento;Colis�o transversal;Com V�timas Feridas;Amanhecer;Crescente;Nevoeiro/Neblina;Simples;Reta;N�o;5;0;3;1;1;0;4;2;-18,511748;-41,880277;SPRF-MG;DEL11-MG;UOP01-DEL11-MG;;;
725134;15/10/2025;quarta-feira;07:15:00;GO;60;96,2;ANAPOLIS;Demais falhas mec�nicas ou el�tricas;Tombamento;Com V�timas Feridas;Pleno dia;Crescente;C�u Claro;Dupla;Reta;Sim;2;0;1;1;0;0;2;1;-16,370904;-48,942322;SPRF-GO;DEL02-GO;UOP01-DEL02-GO;;;
725136;15/10/2025;quarta-feira;07:50:00;PR;116;17;COLOMBO;Trafegar com motocicleta (ou similar) entre as faixas;Colis�o lateral mesmo sentido;Com V�timas Feridas;Pleno dia;Crescente;C�u Claro;Dupla;Reta;Sim;2;0;1;0;1;0;1;2;-25,388837;-49,186209;SPRF-PR;DEL01-PR;UOP02-DEL01-PR;;;
725138;15/10/2025;quarta-feira;04:25:00;MS;262;362;CAMPO GRANDE;Estacionar ou parar em local proibido;Colis�o com objeto;Sem V�timas;Amanhecer;Crescente;C�u Claro;Simples;Reta;Sim;2;0;0;0;1;1;0;2;-20,49057505;-54,74114941;SPRF-MS;DEL01-MS;UOP03-DEL01-MS;;;
725139;15/10/2025;quarta-feira;08:09:00;ES;101;289,4;CARIACICA;Manobra de mudan�a de faixa;Queda de ocupante de ve�culo;Com V�timas Feridas;Pleno dia;Decrescente;Nublado;Dupla;"Declive;Reta";N�o;1;0;1;0;0;0;1;1;-20,28358962;-40,39295959;SPRF-ES;DEL01-ES;UOP01-DEL01-ES;;;
725140;15/10/2025;quarta-feira;07:55:00;SC;470;136;RIO DO SUL;Rea��o tardia ou ineficiente do condutor;Engavetamento;Com V�timas Feridas;Pleno dia;Crescente;Sol;Simples;Reta;Sim;3;0;1;0;2;0;1;3;-27,1887326;-49,6118542;SPRF-SC;DEL04-SC;UOP02-DEL04-SC;;;
725141;15/10/2025;quarta-feira;07:45:00;PE;104;61,9;CARUARU;Condutor Dormindo;Sa�da de leito carro��vel;Com V�timas Feridas;Pleno dia;Crescente;Chuva;Dupla;Reta;N�o;1;0;1;0;0;0;1;1;-8,25215;-35,97513;SPRF-PE;DEL02-PE;UOP01-DEL02-PE;;;
725142;15/10/2025;quarta-feira;08:00:00;BA;324;600,8;SIMOES FILHO;Demais falhas na via;Tombamento;Com V�timas Feridas;Pleno dia;Decrescente;Sol;Dupla;Reta;N�o;1;0;1;0;0;0;1;1;-12,764982;-38,423231;SPRF-BA;DEL01-BA;UOP01-DEL01-BA;;;
725143;15/10/2025;quarta-feira;08:23:00;SC;101;29;ARAQUARI;Acessar a via sem observar a presen�a dos outros ve�culos;Colis�o transversal;Com V�timas Feridas;Pleno dia;Decrescente;C�u Claro;Dupla;Reta;Sim;2;0;1;0;1;0;1;2;-26,40966537;-48,75148471;SPRF-SC;DEL03-SC;UOP01-DEL03-SC;;;
725144;15/10/2025;quarta-feira;08:15:00;SC;101;137;BALNEARIO CAMBORIU;Manobra de mudan�a de faixa;Tombamento;Com V�timas Feridas;Pleno dia;Crescente;C�u Claro;M�ltipla;Reta;Sim;2;0;1;0;0;1;1;2;-27,01407193;-48,61314861;SPRF-SC;DEL04-SC;UOP03-DEL04-SC;;;
725145;15/10/2025;quarta-feira;08:00:00;MG;381;479,3;CONTAGEM;Trafegar com motocicleta (ou similar) entre as faixas;Colis�o lateral mesmo sentido;Com V�timas Feridas;Pleno dia;Decrescente;C�u Claro;M�ltipla;"Curva;Declive";Sim;2;0;1;0;1;0;1;2;-19,96417353;-44,04662919;SPRF-MG;DEL01-MG;UOP03-DEL01-MG;;;
725146;15/10/2025;quarta-feira;08:00:00;MG;381;484,2;BETIM;Rea��o tardia ou ineficiente do condutor;Colis�o traseira;Com V�timas Feridas;Pleno dia;Decrescente;C�u Claro;M�ltipla;"Curva;Aclive";Sim;2;0;1;0;1;0;1;2;-19,95667434;-44,09445254;SPRF-MG;DEL01-MG;UOP03-DEL01-MG;;;
725150;15/10/2025;quarta-feira;08:00:00;RJ;40;118;DUQUE DE CAXIAS;Trafegar com motocicleta (ou similar) entre as faixas;Queda de ocupante de ve�culo;Com V�timas Feridas;Pleno dia;Crescente;Nublado;Dupla;Reta;Sim;1;0;1;0;0;0;1;1;-22,762017;-43,286531;SPRF-RJ;DEL01-RJ;UOP02-DEL01-RJ;;;
725151;15/10/2025;quarta-feira;08:45:00;SC;101;203,4;SAO JOSE;Manobra de mudan�a de faixa;Colis�o lateral mesmo sentido;Com V�timas Feridas;Pleno dia;Crescente;C�u Claro;M�ltipla;Reta;N�o;2;0;1;0;1;0;1;2;-27,568852;-48,61407;SPRF-SC;DEL01-SC;UOP01-DEL01-SC;;;