id;data_inversa;dia_semana;horario;uf;br;km;municipio;causa_acidente;tipo_acidente;classificacao_acidente;fase_dia;sentido_via;condicao_metereologica;tipo_pista;tracado_via;uso_solo;pessoas;mortos;feridos_leves;feridos_graves;ilesos;ignorados;feridos;veiculos;latitude;longitude;regional;delegacia;uop;;;
725647;17/10/2025;sexta-feira;15:50:00;PE;101;76;RECIFE;Rea��o tardia ou ineficiente do condutor;Colis�o lateral mesmo sentido;Sem V�timas;Pleno dia;Decrescente;C�u Claro;Dupla;Curva;Sim;2;0;0;0;2;0;0;2;-8,11869;-34,94311;SPRF-PE;DEL01-PE;UOP01-DEL01-PE;;;
725648;17/10/2025;sexta-feira;16:50:00;RN;304;31;MOSSORO;Aus�ncia de rea��o do condutor;Colis�o traseira;Com V�timas Feridas;Pleno dia;Crescente;C�u Claro;Simples;Reta;N�o;2;0;1;0;1;0;1;2;-5,08259796;-37,33371019;SPRF-RN;DEL04-RN;UOP02-DEL04-RN;;;
725649;17/10/2025;sexta-feira;16:40:00;PB;230;11,5;CABEDELO;Acessar a via sem observar a presen�a dos outros ve�culos;Colis�o lateral mesmo sentido;Sem V�timas;Pleno dia;Crescente;C�u Claro;Dupla;"Em Obras;Reta";N�o;2;0;0;0;2;0;0;2;-7,06846437;-34,85004723;SPRF-PB;DEL01-PB;UOP01-DEL01-PB;;;
725651;17/10/2025;sexta-feira;17:00:00;RJ;116;81,7;TERESOPOLIS;Acessar a via sem observar a presen�a dos outros ve�culos;Colis�o transversal;Com V�timas Feridas;Pleno dia;Crescente;Nublado;Simples;"Reta;Retorno Regulamentado";Sim;2;0;1;0;0;1;1;2;-22,398931;-42,95506;SPRF-RJ;DEL04-RJ;UOP01-DEL04-RJ;;;
725652;17/10/2025;sexta-feira;17:15:00;PR;277;31;MORRETES;Entrada inopinada do pedestre;Atropelamento de Pedestre;Com V�timas Feridas;Anoitecer;Decrescente;Nublado;Simples;Reta;Sim;2;0;1;0;1;0;1;2;-25,557477;-48,804003;SPRF-PR;DEL01-PR;UOP05-DEL01-PR;;;
725653;17/10/2025;sexta-feira;16:10:00;ES;101;68;SAO MATEUS;Aus�ncia de rea��o do condutor;Queda de ocupante de ve�culo;Com V�timas Feridas;Pleno dia;Crescente;C�u Claro;Dupla;Reta;Sim;2;0;2;0;0;0;2;1;-18,72191846;-39,86355398;SPRF-ES;DEL04-ES;UOP02-DEL04-ES;;;
725654;17/10/2025;sexta-feira;15:32:00;MT;163;837,2;SINOP;Convers�o proibida;Colis�o lateral mesmo sentido;Com V�timas Feridas;Pleno dia;Decrescente;Nublado;Dupla;Reta;Sim;2;0;0;1;1;0;1;2;-11,83382388;-55,48812389;SPRF-MT;DEL06-MT;UOP02-DEL06-MT;;;
725655;17/10/2025;sexta-feira;16:40:00;SC;101;134;BALNEARIO CAMBORIU;Acessar a via sem observar a presen�a dos outros ve�culos;Colis�o transversal;Com V�timas Feridas;Pleno dia;Crescente;Nevoeiro/Neblina;Simples;"Reta;Interse��o de Vias;Rotat�ria";Sim;2;0;0;1;1;0;1;2;-27,0037203;-48,6331889;SPRF-SC;DEL04-SC;UOP03-DEL04-SC;;;
725657;17/10/2025;sexta-feira;17:20:00;ES;101;270,2;SERRA;Rea��o tardia ou ineficiente do condutor;Colis�o lateral mesmo sentido;Com V�timas Feridas;Anoitecer;Decrescente;C�u Claro;M�ltipla;"Interse��o de Vias;Reta";Sim;2;0;1;0;1;0;1;2;-20,22856;-40,27161;SPRF-ES;DEL02-ES;UOP01-DEL02-ES;;;
725658;17/10/2025;sexta-feira;15:10:00;PR;376;328;ORTIGUEIRA;Rea��o tardia ou ineficiente do condutor;Colis�o com objeto;Com V�timas Feridas;Pleno dia;Decrescente;Nublado;Dupla;Reta;Sim;2;0;2;0;0;0;2;1;-24,09798975;-51,04251266;SPRF-PR;DEL07-PR;UOP02-DEL07-PR;;;
725659;17/10/2025;sexta-feira;16:05:00;MG;381;383;BARAO DE COCAIS;Aus�ncia de rea��o do condutor;Queda de ocupante de ve�culo;Com V�timas Feridas;Pleno dia;Decrescente;C�u Claro;Dupla;"Declive;Reta";N�o;1;0;1;0;0;0;1;1;-19,80193702;-43,41150999;SPRF-MG;DEL01-MG;UOP01-DEL01-MG;;;
725660;17/10/2025;sexta-feira;18:00:00;PB;101;90,3;JOAO PESSOA;Condutor deixou de manter dist�ncia do ve�culo da frente;Colis�o traseira;Sem V�timas;Anoitecer;Decrescente;C�u Claro;Dupla;Reta;N�o;5;0;0;0;5;0;0;2;-7,18299525;-34,90126401;SPRF-PB;DEL01-PB;UOP01-DEL01-PB;;;
725661;17/10/2025;sexta-feira;17:10:00;PR;163;238,2;TOLEDO;Velocidade Incompat�vel;Colis�o traseira;Com V�timas Feridas;Pleno dia;Decrescente;Nublado;Dupla;"Aclive;Reta";N�o;5;0;3;1;0;1;4;2;-24,7376537;-53,6958658;SPRF-PR;DEL04-PR;UOP01-DEL04-PR;;;
725662;17/10/2025;sexta-feira;17:35:00;SC;101;74,3;ARAQUARI;Desrespeitar a prefer�ncia no cruzamento;Colis�o transversal;Com V�timas Feridas;Pleno dia;Decrescente;Nublado;Dupla;"Reta;Interse��o de Vias;Viaduto";Sim;2;0;1;0;1;0;1;2;-26,5495009;-48,71379733;SPRF-SC;DEL03-SC;UOP02-DEL03-SC;;;
725664;17/10/2025;sexta-feira;16:45:00;SC;101;206;SAO JOSE;Pista Escorregadia;Tombamento;Com V�timas Feridas;Pleno dia;Crescente;Chuva;Dupla;Reta;Sim;1;0;1;0;0;0;1;1;-27,59204;-48,61819;SPRF-SC;DEL01-SC;UOP01-DEL01-SC;;;
725667;17/10/2025;sexta-feira;18:14:00;RN;101;116;SAO JOSE DE MIPIBU;Condutor deixou de manter dist�ncia do ve�culo da frente;Colis�o traseira;Com V�timas Feridas;Plena Noite;Decrescente;C�u Claro;Dupla;Reta;Sim;2;0;1;0;1;0;1;2;-6,000685;-35,259;SPRF-RN;DEL01-RN;UOP01-DEL01-RN;;;
725669;17/10/2025;sexta-feira;17:30:00;MG;381;938,2;EXTREMA;Manobra de mudan�a de faixa;Colis�o traseira;Com V�timas Feridas;Anoitecer;Decrescente;Nublado;Dupla;"Curva;Retorno Regulamentado";N�o;4;0;1;0;2;1;1;3;-22,81641818;-46,29243778;SPRF-MG;DEL16-MG;UOP03-DEL16-MG;;;
725672;17/10/2025;sexta-feira;15:30:00;MS;163;371;NOVA ALVORADA DO SUL;Avarias e/ou desgaste excessivo no pneu;Sa�da de leito carro��vel;Com V�timas Feridas;Pleno dia;Decrescente;Chuva;Dupla;"Em Obras;Reta";N�o;2;0;1;0;1;0;1;1;-21,416035;-54,391253;SPRF-MS;DEL02-MS;UOP01-DEL02-MS;;;
725673;17/10/2025;sexta-feira;16:30:00;RJ;40;122;DUQUE DE CAXIAS;Trafegar com motocicleta (ou similar) entre as faixas;Colis�o lateral mesmo sentido;Com V�timas Feridas;Pleno dia;Decrescente;C�u Claro;M�ltipla;Reta;Sim;3;0;1;0;2;0;1;3;-22,78997272;-43,28567566;SPRF-RJ;DEL01-RJ;UOP02-DEL01-RJ;;;
725674;17/10/2025;sexta-feira;15:20:00;MA;10;224,5;GOVERNADOR EDISON LOBAO;Transitar no Acostamento;Colis�o lateral mesmo sentido;Com V�timas Feridas;Pleno dia;Crescente;C�u Claro;Simples;Interse��o de Vias;N�o;2;0;1;0;1;0;1;2;-5,74977;-47,35951;SPRF-MA;DEL04-MA;UOP01-DEL04-MA;;;
725675;17/10/2025;sexta-feira;17:45:00;SC;101;43;JOINVILLE;Desrespeitar a prefer�ncia no cruzamento;Colis�o transversal;Com V�timas Feridas;Pleno dia;Crescente;Nublado;M�ltipla;Interse��o de Vias;Sim;4;0;2;0;2;0;2;3;-26,33356129;-48,86124222;SPRF-SC;DEL03-SC;UOP01-DEL03-SC;;;
725676;17/10/2025;sexta-feira;17:45:00;MT;70;5;BARRA DO GARCAS;Acessar a via sem observar a presen�a dos outros ve�culos;Colis�o transversal;Com V�timas Feridas;Anoitecer;Crescente;Nublado;Dupla;"Reta;Retorno Regulamentado";Sim;3;0;1;0;1;1;1;3;-15,8780788;-52,29409361;SPRF-MT;DEL07-MT;UOP01-DEL07-MT;;;
725677;17/10/2025;sexta-feira;18:00:00;ES;101;135;LINHARES;Condutor deixou de manter dist�ncia do ve�culo da frente;Colis�o traseira;Com V�timas Feridas;Plena Noite;Decrescente;C�u Claro;Dupla;"Retorno Regulamentado;Reta";Sim;2;0;0;2;0;0;2;2;-19,31166607;-40,07897124;SPRF-ES;DEL04-ES;UOP01-DEL04-ES;;;
725678;17/10/2025;sexta-feira;17:00:00;GO;60;57;ABADIANIA;Avarias e/ou desgaste excessivo no pneu;Sa�da de leito carro��vel;Com V�timas Feridas;Pleno dia;Decrescente;C�u Claro;Dupla;"Declive;Reta";N�o;1;0;1;0;0;0;1;1;-16,190866;-48,677268;SPRF-GO;DEL02-GO;UOP01-DEL02-GO;;;
725680;17/10/2025;sexta-feira;18:55:00;SC;470;51;BLUMENAU;Pedestre - Ingest�o de �lcool/ subst�ncias psicoativas;Atropelamento de Pedestre;Com V�timas Feridas;Plena Noite;Crescente;Garoa/Chuvisco;Simples;Reta;Sim;2;0;0;1;1;0;1;2;-26,86247649;-49,09182357;SPRF-SC;DEL04-SC;UOP01-DEL04-SC;;;
725681;17/10/2025;sexta-feira;18:30:00;PR;116;126;FAZENDA RIO GRANDE;Ingest�o de �lcool pelo condutor;Colis�o com objeto;Sem V�timas;Plena Noite;Crescente;Chuva;Dupla;Interse��o de Vias;Sim;1;0;0;0;1;0;0;1;-25,637173;-49,313045;SPRF-PR;DEL01-PR;UOP03-DEL01-PR;;;
725682;17/10/2025;sexta-feira;16:45:00;RJ;393;268,4;BARRA DO PIRAI;Desrespeitar a prefer�ncia no cruzamento;Colis�o transversal;Com V�timas Feridas;Pleno dia;Decrescente;C�u Claro;Simples;"Reta;Aclive";Sim;3;0;2;0;1;0;2;2;-22,46847119;-43,86417953;SPRF-RJ;DEL05-RJ;UOP04-DEL05-RJ;;;
725684;17/10/2025;sexta-feira;18:50:00;RN;101;95,3;NATAL;Manobra de mudan�a de faixa;Engavetamento;Com V�timas Feridas;Plena Noite;Crescente;C�u Claro;M�ltipla;Reta;Sim;9;0;3;0;5;1;3;5;-5,843821;-35,209185;SPRF-RN;DEL01-RN;UOP01-DEL01-RN;;;
725685;17/10/2025;sexta-feira;19:25:00;PR;369;131;IBIPORA;Pedestre andava na pista;Atropelamento de Pedestre;Com V�timas Feridas;Plena Noite;Crescente;C�u Claro;Dupla;Reta;N�o;2;0;1;0;1;0;1;2;-23,2623227;-50,99578857;SPRF-PR;DEL07-PR;UOP01-DEL07-PR;;;
725686;17/10/2025;sexta-feira;14:40:00;RJ;40;38;AREAL;Rea��o tardia ou ineficiente do condutor;Sa�da de leito carro��vel;Com V�timas Feridas;Pleno dia;Decrescente;C�u Claro;Dupla;Curva;Sim;4;0;4;0;0;0;4;1;-22,22881649;-43,11927378;SPRF-RJ;DEL05-RJ;UOP02-DEL05-RJ;;;
725687;17/10/2025;sexta-feira;09:50:00;MG;381;315;NOVA ERA;Aus�ncia de rea��o do condutor;Queda de ocupante de ve�culo;Com V�timas Feridas;Pleno dia;Crescente;Nublado;Simples;Reta;N�o;1;0;1;0;0;0;1;1;-19,71684651;-43,00174999;SPRF-MG;DEL03-MG;UOP02-DEL03-MG;;;
725689;17/10/2025;sexta-feira;19:30:00;SP;116;154,8;SAO JOSE DOS CAMPOS;Condutor deixou de manter dist�ncia do ve�culo da frente;Engavetamento;Com V�timas Feridas;Plena Noite;Crescente;C�u Claro;Dupla;Reta;Sim;6;0;2;0;4;0;2;4;-23,24833985;-45,93284933;SPRF-SP;DEL02-SP;UOP01-DEL02-SP;;;
725690;17/10/2025;sexta-feira;18:33:00;PR;116;46,9;CAMPINA GRANDE DO SUL;Chuva;Sa�da de leito carro��vel;Com V�timas Feridas;Anoitecer;Decrescente;Chuva;Dupla;"Aclive;Curva";N�o;2;0;1;0;1;0;1;1;-25,2105318;-48,897012;SPRF-PR;DEL01-PR;UOP02-DEL01-PR;;;
725691;17/10/2025;sexta-feira;19:35:00;ES;262;186,8;IUNA;Transitar no Acostamento;Atropelamento de Pedestre;Com V�timas Feridas;Plena Noite;Decrescente;C�u Claro;Simples;Reta;N�o;2;0;0;2;0;0;2;2;-20,312895;-41,718533;SPRF-ES;DEL01-ES;UOP02-DEL01-ES;;;
725692;17/10/2025;sexta-feira;19:47:00;MG;381;414,8;CAETE;Sinaliza��o mal posicionada;Sa�da de leito carro��vel;Com V�timas Feridas;Plena Noite;Crescente;C�u Claro;Dupla;Curva;Sim;2;0;0;2;0;0;2;1;-19,75686;-43,63279;SPRF-MG;DEL01-MG;UOP01-DEL01-MG;;;
725693;17/10/2025;sexta-feira;08:30:00;RJ;101;65,9;CAMPOS DOS GOYTACAZES;Manobra de mudan�a de faixa;Queda de ocupante de ve�culo;Com V�timas Feridas;Pleno dia;Crescente;C�u Claro;Dupla;Curva;Sim;2;0;0;1;1;0;1;2;-21,58933207;-41,31689933;SPRF-RJ;DEL08-RJ;UOP02-DEL08-RJ;;;
725695;17/10/2025;sexta-feira;19:30:00;RJ;116;174;SAO JOAO DE MERITI;Condutor deixou de manter dist�ncia do ve�culo da frente;Colis�o traseira;Com V�timas Feridas;Plena Noite;Crescente;Nublado;M�ltipla;Reta;N�o;2;0;1;0;1;0;1;2;-22,7949085;-43,3643515;SPRF-RJ;DEL06-RJ;UOP01-DEL06-RJ;;;
725696;17/10/2025;sexta-feira;17:50:00;RS;290;177;BUTIA;Demais falhas mec�nicas ou el�tricas;Colis�o lateral sentido oposto;Com V�timas Feridas;Anoitecer;Crescente;Chuva;Simples;Reta;Sim;3;0;3;0;0;0;3;2;-30,134545;-51,992526;SPRF-RS;DEL02-RS;UOP03-DEL02-RS;;;
725697;17/10/2025;sexta-feira;19:30:00;SP;116;217;GUARULHOS;Aus�ncia de rea��o do condutor;Colis�o com objeto;Com V�timas Feridas;Plena Noite;Crescente;Chuva;M�ltipla;Reta;Sim;1;0;1;0;0;0;1;1;-23,45554741;-46,47567898;SPRF-SP;DEL01-SP;UOP01-DEL01-SP;;;
725698;17/10/2025;sexta-feira;18:41:00;RO;174;16;VILHENA;Desrespeitar a prefer�ncia no cruzamento;Colis�o transversal;Com V�timas Feridas;Plena Noite;Crescente;C�u Claro;Simples;Reta;Sim;3;0;2;0;1;0;2;2;-12,71128815;-60,12557566;SPRF-RO;DEL04-RO;UOP01-DEL04-RO;;;
725699;17/10/2025;sexta-feira;18:15:00;MG;354;757,7;ITAMONTE;Estacionar ou parar em local proibido;Colis�o traseira;Com V�timas Feridas;Anoitecer;Crescente;Chuva;Simples;Curva;N�o;2;0;1;0;1;0;1;2;-22,30913903;-44,8518768;SPRF-MG;DEL17-MG;UOP01-DEL17-MG;;;
725700;17/10/2025;sexta-feira;19:10:00;MG;354;753,5;ITAMONTE;Acessar a via sem observar a presen�a dos outros ve�culos;Colis�o transversal;Com V�timas Feridas;Plena Noite;Crescente;C�u Claro;Simples;Reta;N�o;2;0;0;1;1;0;1;2;-22,28096501;-44,87300266;SPRF-MG;DEL17-MG;UOP01-DEL17-MG;;;
725701;17/10/2025;sexta-feira;20:10:00;SC;101;71;BARRA VELHA;Pista esburacada;Tombamento;Com V�timas Feridas;Plena Noite;Decrescente;Chuva;M�ltipla;Interse��o de Vias;Sim;2;0;2;0;0;0;2;1;-26,6207232;-48,726016;SPRF-SC;DEL03-SC;UOP02-DEL03-SC;;;
725704;17/10/2025;sexta-feira;20:10:00;RS;290;107,2;ELDORADO DO SUL;Aus�ncia de rea��o do condutor;Colis�o traseira;Com V�timas Feridas;Plena Noite;Decrescente;Chuva;Simples;Rotat�ria;Sim;2;0;1;0;1;0;1;2;-30,0030259;-51,3062313;SPRF-RS;DEL02-RS;UOP01-DEL02-RS;;;
725705;17/10/2025;sexta-feira;20:10:00;RS;386;355,6;ESTRELA;Acumulo de �gua sobre o pavimento;Sa�da de leito carro��vel;Com V�timas Feridas;Plena Noite;Decrescente;Chuva;Dupla;Curva;N�o;1;0;1;0;0;0;1;1;-29,52131355;-51,93535265;SPRF-RS;DEL04-RS;UOP01-DEL04-RS;;;
725706;17/10/2025;sexta-feira;19:30:00;GO;60;118;TEREZOPOLIS DE GOIAS;Aus�ncia de rea��o do condutor;Sa�da de leito carro��vel;Com V�timas Feridas;Plena Noite;Crescente;Nublado;Dupla;Reta;Sim;1;0;1;0;0;0;1;1;-16,4823381;-49,091376;SPRF-GO;DEL01-GO;UOP01-DEL01-GO;;;
725707;17/10/2025;sexta-feira;18:30:00;MG;40;633,4;CONSELHEIRO LAFAIETE;Acessar a via sem observar a presen�a dos outros ve�culos;Colis�o transversal;Com V�timas Feridas;Plena Noite;Crescente;Ignorado;Simples;Rotat�ria;Sim;6;0;1;0;5;0;1;2;-20,68850978;-43,79067779;SPRF-MG;DEL05-MG;UOP02-DEL05-MG;;;
725709;17/10/2025;sexta-feira;18:20:00;MG;365;726;MONTE ALEGRE DE MINAS;Aus�ncia de rea��o do condutor;Tombamento;Com V�timas Feridas;Plena Noite;Crescente;Garoa/Chuvisco;Simples;Curva;N�o;2;0;2;0;0;0;2;1;-18,8938;-49,2432;SPRF-MG;DEL15-MG;UOP03-DEL15-MG;;;
725713;17/10/2025;sexta-feira;20:20:00;MG;40;436;PARAOPEBA;Pedestre andava na pista;Atropelamento de Pedestre;Com V�timas Fatais;Plena Noite;Decrescente;C�u Claro;Dupla;Reta;N�o;3;1;0;0;2;0;0;2;-19,241455;-44,4279233;SPRF-MG;DEL02-MG;UOP01-DEL02-MG;;;
725715;17/10/2025;sexta-feira;21:00:00;RJ;116;313;RESENDE;Demais falhas mec�nicas ou el�tricas;Inc�ndio;Sem V�timas;Plena Noite;Crescente;C�u Claro;Dupla;Reta;N�o;2;0;0;0;2;0;0;1;-22,4609542;-44,4748683;SPRF-RJ;DEL07-RJ;UOP02-DEL07-RJ;;;
725716;17/10/2025;sexta-feira;19:10:00;RR;174;27;CANTA;Pedestre andava na pista;Atropelamento de Pedestre;Com V�timas Feridas;Plena Noite;Crescente;C�u Claro;Simples;Reta;N�o;2;0;1;0;1;0;1;2;2,84025318;-60,57971047;SPRF-RR;DEL01-RR;UOP01-DEL01-RR;;;
725718;17/10/2025;sexta-feira;19:00:00;BA;415;50;ITABUNA;Condutor deixou de manter dist�ncia do ve�culo da frente;Colis�o lateral sentido oposto;Com V�timas Feridas;Plena Noite;Crescente;C�u Claro;Simples;Reta;Sim;2;0;1;0;1;0;1;2;-14,85055866;-39,35165405;SPRF-BA;DEL05-BA;UOP01-DEL05-BA;;;
725719;17/10/2025;sexta-feira;20:30:00;SP;101;50,8;UBATUBA;Convers�o proibida;Colis�o transversal;Com V�timas Feridas;Plena Noite;Crescente;Nublado;Simples;Reta;Sim;5;0;1;2;2;0;3;2;-23,46261646;-45,064888;SPRF-SP;DEL06-SP;UOP01-DEL06-SP;;;
725722;17/10/2025;sexta-feira;21:15:00;SP;101;51;UBATUBA;Convers�o proibida;Colis�o lateral mesmo sentido;Com V�timas Feridas;Plena Noite;Decrescente;C�u Claro;Simples;Reta;Sim;3;0;1;0;2;0;1;2;-23,45950687;-45,06784724;SPRF-SP;DEL06-SP;UOP01-DEL06-SP;;;
725723;17/10/2025;sexta-feira;20:10:00;MT;70;633,4;POCONE;Avarias e/ou desgaste excessivo no pneu;Sa�da de leito carro��vel;Com V�timas Feridas;Plena Noite;Crescente;Chuva;Simples;"Aclive;Reta";N�o;4;0;3;0;1;0;3;1;-15,942742;-57,079839;SPRF-MT;DEL03-MT;UOP02-DEL03-MT;;;
725724;17/10/2025;sexta-feira;21:00:00;MG;40;720,6;BARBACENA;Ingest�o de �lcool pelo condutor;Colis�o traseira;Sem V�timas;Plena Noite;Crescente;Chuva;Dupla;Reta;Sim;2;0;0;0;2;0;0;2;-21,30005;-43,62492;SPRF-MG;DEL05-MG;UOP01-DEL05-MG;;;
725725;17/10/2025;sexta-feira;21:45:00;SC;280;5;SAO FRANCISCO DO SUL;Condutor deixou de manter dist�ncia do ve�culo da frente;Colis�o traseira;Com V�timas Feridas;Plena Noite;Decrescente;Chuva;Simples;Rotat�ria;Sim;2;0;1;0;0;1;1;2;-26,25808412;-48,62324445;SPRF-SC;DEL03-SC;UOP03-DEL03-SC;;;
725728;17/10/2025;sexta-feira;20:10:00;RJ;465;7;SEROPEDICA;Rea��o tardia ou ineficiente do condutor;Colis�o traseira;Com V�timas Feridas;Plena Noite;Crescente;C�u Claro;Dupla;Reta;N�o;2;0;0;1;0;1;1;2;-22,76305;-43,685111;SPRF-RJ;DEL06-RJ;UOP02-DEL06-RJ;;;
725729;17/10/2025;sexta-feira;21:40:00;BA;116;21;VITORIA DA CONQUISTA;Rea��o tardia ou ineficiente do condutor;Tombamento;Com V�timas Feridas;Plena Noite;Crescente;Ignorado;Simples;Reta;N�o;1;0;1;0;0;0;1;1;-14,886542;-40,812406;SPRF-BA;DEL08-BA;UOP01-DEL08-BA;;;
725731;17/10/2025;sexta-feira;21:10:00;PR;277;16;PARANAGUA;Condutor Dormindo;Sa�da de leito carro��vel;Sem V�timas;Plena Noite;Decrescente;Chuva;Dupla;Reta;N�o;1;0;0;0;1;0;0;1;-25,55169983;-48,66752235;SPRF-PR;DEL01-PR;UOP05-DEL01-PR;;;
725732;17/10/2025;sexta-feira;20:50:00;MG;365;606;UBERLANDIA;Ultrapassagem Indevida;Colis�o lateral mesmo sentido;Com V�timas Feridas;Plena Noite;Crescente;Nublado;Simples;Reta;N�o;5;0;4;0;1;0;4;3;-18,9001805;-48,1588449;SPRF-MG;DEL15-MG;UOP01-DEL15-MG;;;
725733;17/10/2025;sexta-feira;18:45:00;PR;376;258;CALIFORNIA;Avarias e/ou desgaste excessivo no pneu;Sa�da de leito carro��vel;Com V�timas Feridas;Plena Noite;Decrescente;Chuva;Simples;Curva;N�o;4;0;3;1;0;0;4;1;-23,682876;-51,350355;SPRF-PR;DEL07-PR;UOP03-DEL07-PR;;;
725735;17/10/2025;sexta-feira;21:41:00;PB;230;7,8;CABEDELO;Aus�ncia de rea��o do condutor;Sa�da de leito carro��vel;Com V�timas Feridas;Plena Noite;Decrescente;C�u Claro;M�ltipla;"Reta;Em Obras";Sim;1;0;0;1;0;0;1;1;-7,03722637;-34,84326482;SPRF-PB;DEL01-PB;UOP01-DEL01-PB;;;
725736;17/10/2025;sexta-feira;21:10:00;MG;116;631;DIVINO;Acessar a via sem observar a presen�a dos outros ve�culos;Colis�o transversal;Com V�timas Feridas;Plena Noite;Decrescente;C�u Claro;Simples;Interse��o de Vias;N�o;2;0;1;0;0;1;1;2;-20,60143908;-42,20965505;SPRF-MG;DEL07-MG;UOP02-DEL07-MG;;;
725738;17/10/2025;sexta-feira;20:20:00;PR;376;96,8;PARANAVAI;Ultrapassagem Indevida;Capotamento;Com V�timas Feridas;Plena Noite;Crescente;Nublado;Simples;Curva;N�o;3;0;2;0;1;0;2;1;-23,015158;-52,511806;SPRF-PR;DEL09-PR;UOP02-DEL09-PR;;;
725739;17/10/2025;sexta-feira;21:30:00;PB;101;65;SANTA RITA;Demais falhas mec�nicas ou el�tricas;Inc�ndio;Sem V�timas;Plena Noite;Decrescente;C�u Claro;Dupla;Curva;N�o;1;0;0;0;1;0;0;1;-7,03994149;-35,05209144;SPRF-PB;DEL01-PB;UOP03-DEL01-PB;;;
725740;17/10/2025;sexta-feira;20:25:00;RJ;116;106;GUAPIMIRIM;Acesso irregular;Colis�o lateral sentido oposto;Com V�timas Feridas;Plena Noite;Decrescente;C�u Claro;Simples;Curva;N�o;3;0;0;2;1;0;2;2;-22,5209559;-43,0014203;SPRF-RJ;DEL04-RJ;UOP01-DEL04-RJ;;;
725741;17/10/2025;sexta-feira;22:10:00;RJ;116;172;SAO JOAO DE MERITI;Avarias e/ou desgaste excessivo no pneu;Tombamento;Com V�timas Feridas;Plena Noite;Crescente;Nevoeiro/Neblina;M�ltipla;Reta;Sim;1;0;1;0;0;0;1;1;-22,77839735;-43,39599609;SPRF-RJ;DEL06-RJ;UOP01-DEL06-RJ;;;
725742;17/10/2025;sexta-feira;16:20:00;BA;324;614;SALVADOR;Avarias e/ou desgaste excessivo no pneu;Tombamento;Com V�timas Feridas;Pleno dia;Crescente;C�u Claro;Dupla;Reta;N�o;1;0;1;0;0;0;1;1;-12,86769;-38,424965;SPRF-BA;DEL01-BA;UOP01-DEL01-BA;;;
725743;17/10/2025;sexta-feira;22:00:00;RJ;101;318;SAO GONCALO;Rea��o tardia ou ineficiente do condutor;Colis�o traseira;Com V�timas Feridas;Plena Noite;Decrescente;C�u Claro;Dupla;Reta;N�o;2;0;1;0;1;0;1;2;-22,84817804;-43,0995369;SPRF-RJ;DEL02-RJ;UOP02-DEL02-RJ;;;
725744;17/10/2025;sexta-feira;22:35:00;SC;101;136,5;BALNEARIO CAMBORIU;Acessar a via sem observar a presen�a dos outros ve�culos;Colis�o lateral mesmo sentido;Com V�timas Feridas;Plena Noite;Crescente;Nublado;M�ltipla;Reta;Sim;2;0;1;0;1;0;1;2;-27,01045;-48,61474;SPRF-SC;DEL04-SC;UOP03-DEL04-SC;;;
725746;17/10/2025;sexta-feira;22:00:00;SC;470;137;RIO DO SUL;Acessar a via sem observar a presen�a dos outros ve�culos;Colis�o traseira;Sem V�timas;Plena Noite;Decrescente;Garoa/Chuvisco;Simples;Reta;Sim;2;0;0;0;2;0;0;2;-27,18998087;-49,61947966;SPRF-SC;DEL04-SC;UOP02-DEL04-SC;;;
725747;17/10/2025;sexta-feira;21:25:00;PR;376;541;PALMEIRA;Avarias e/ou desgaste excessivo no pneu;Sa�da de leito carro��vel;Sem V�timas;Plena Noite;Crescente;Chuva;Dupla;Reta;N�o;1;0;0;0;1;0;0;1;-25,41064453;-49,77842895;SPRF-PR;DEL03-PR;UOP03-DEL03-PR;;;
725748;17/10/2025;sexta-feira;17:00:00;MG;116;537;SANTA RITA DE MINAS;Acessar a via sem observar a presen�a dos outros ve�culos;Colis�o transversal;Com V�timas Feridas;Pleno dia;Decrescente;C�u Claro;Simples;Reta;Sim;2;0;1;0;1;0;1;2;-19,87229751;-42,13299662;SPRF-MG;DEL06-MG;UOP02-DEL06-MG;;;
725749;17/10/2025;sexta-feira;22:30:00;MG;40;527,8;CONTAGEM;Rea��o tardia ou ineficiente do condutor;Colis�o com objeto;Sem V�timas;Plena Noite;Crescente;C�u Claro;Dupla;"Reta;Aclive";Sim;1;0;0;0;1;0;0;1;-19,90785391;-44,04554039;SPRF-MG;DEL01-MG;UOP02-DEL01-MG;;;
725751;17/10/2025;sexta-feira;19:20:00;MG;116;417;GOVERNADOR VALADARES;Acessar a via sem observar a presen�a dos outros ve�culos;Colis�o transversal;Com V�timas Feridas;Plena Noite;Crescente;C�u Claro;M�ltipla;Reta;Sim;4;0;4;0;0;0;4;2;-18,915108;-41,941263;SPRF-MG;DEL06-MG;UOP01-DEL06-MG;;;
725752;17/10/2025;sexta-feira;18:30:00;MG;381;221,2;BELO ORIENTE;Transitar na contram�o;Colis�o frontal;Com V�timas Feridas;Plena Noite;Crescente;Ignorado;Dupla;Reta;N�o;2;0;0;1;1;0;1;2;-19,31111203;-42,39389129;SPRF-MG;DEL06-MG;UOP01-DEL06-MG;;;
725754;17/10/2025;sexta-feira;22:25:00;MG;381;877,6;ESTIVA;Aus�ncia de rea��o do condutor;Sa�da de leito carro��vel;Com V�timas Feridas;Plena Noite;Decrescente;C�u Claro;Dupla;Curva;N�o;2;0;2;0;0;0;2;1;-22,44485646;-45,99292159;SPRF-MG;DEL16-MG;UOP01-DEL16-MG;;;