id;data_inversa;dia_semana;horario;uf;br;km;municipio;causa_acidente;tipo_acidente;classificacao_acidente;fase_dia;sentido_via;condicao_metereologica;tipo_pista;tracado_via;uso_solo;pessoas;mortos;feridos_leves;feridos_graves;ilesos;ignorados;feridos;veiculos;latitude;longitude;regional;delegacia;uop;;;
725755;17/10/2025;sexta-feira;23:00:00;MG;381;489;BETIM;Condutor deixou de manter dist�ncia do ve�culo da frente;Colis�o traseira;Sem V�timas;Plena Noite;Decrescente;C�u Claro;M�ltipla;Reta;Sim;2;0;0;0;1;1;0;2;-19,95597;-44,13139;SPRF-MG;DEL01-MG;UOP03-DEL01-MG;;;
725757;17/10/2025;sexta-feira;18:15:00;RS;158;164,2;PEJUCARA;Ultrapassagem Indevida;Sa�da de leito carro��vel;Com V�timas Feridas;Pleno dia;Decrescente;C�u Claro;Simples;"Declive;Curva";N�o;2;0;1;0;1;0;1;1;-28,39182724;-53,52611407;SPRF-RS;DEL10-RS;UOP02-DEL10-RS;;;
725759;17/10/2025;sexta-feira;20:30:00;BA;116;777,3;PLANALTO;Ingest�o de �lcool pelo condutor;Colis�o transversal;Com V�timas Feridas;Plena Noite;Crescente;Nublado;Simples;"Interse��o de Vias;Reta";Sim;2;0;1;0;1;0;1;2;-14,670308;-40,47571;SPRF-BA;DEL08-BA;UOP02-DEL08-BA;;;
725760;17/10/2025;sexta-feira;22:50:00;MG;40;513;RIBEIRAO DAS NEVES;Manobra de mudan�a de faixa;Tombamento;Com V�timas Feridas;Plena Noite;Decrescente;C�u Claro;Dupla;Reta;Sim;2;0;2;0;0;0;2;1;-19,7993991;-44,1060574;SPRF-MG;DEL01-MG;UOP02-DEL01-MG;;;
725761;17/10/2025;sexta-feira;19:30:00;ES;101;57;SAO MATEUS;Rea��o tardia ou ineficiente do condutor;Colis�o com objeto;Sem V�timas;Plena Noite;Crescente;C�u Claro;Simples;Reta;N�o;1;0;0;0;0;1;0;1;-18,64257847;-39,87528563;SPRF-ES;DEL04-ES;UOP02-DEL04-ES;;;
725763;17/10/2025;sexta-feira;22:20:00;MG;116;665,1;SAO FRANCISCO DO GLORIA;Velocidade Incompat�vel;Queda de ocupante de ve�culo;Com V�timas Feridas;Plena Noite;Decrescente;C�u Claro;Simples;Curva;N�o;2;0;1;0;1;0;1;1;-20,832975;-42,322235;SPRF-MG;DEL07-MG;UOP02-DEL07-MG;;;
725764;17/10/2025;sexta-feira;22:50:00;GO;414;437;ANAPOLIS;Condutor deixou de manter dist�ncia do ve�culo da frente;Colis�o traseira;Sem V�timas;Plena Noite;Crescente;C�u Claro;Simples;Reta;Sim;7;0;0;0;7;0;0;2;-16,258214;-48,9369434;SPRF-GO;DEL02-GO;UOP01-DEL02-GO;;;
725766;17/10/2025;sexta-feira;20:00:00;MA;10;220,5;GOVERNADOR EDISON LOBAO;Mal s�bito do condutor;Colis�o frontal;Com V�timas Fatais;Plena Noite;Crescente;C�u Claro;Simples;Reta;N�o;3;1;1;0;1;0;1;3;-5,78621;-47,35924;SPRF-MA;DEL04-MA;UOP01-DEL04-MA;;;
725767;17/10/2025;sexta-feira;23:35:00;PR;369;202;APUCARANA;Entrada inopinada do pedestre;Atropelamento de Pedestre;Com V�timas Feridas;Plena Noite;Decrescente;Garoa/Chuvisco;Simples;"Reta;Interse��o de Vias;Aclive";Sim;2;0;0;1;0;1;1;2;-23,544065;-51,453901;SPRF-PR;DEL07-PR;UOP03-DEL07-PR;;;
725768;17/10/2025;sexta-feira;10:26:00;SC;470;62;BLUMENAU;Ultrapassagem Indevida;Colis�o transversal;Com V�timas Feridas;Pleno dia;Decrescente;C�u Claro;Simples;"Em Obras;Reta";Sim;3;0;2;0;1;0;2;2;-26,88070295;-49,16707842;SPRF-SC;DEL04-SC;UOP01-DEL04-SC;;;
725770;17/10/2025;sexta-feira;22:40:00;MT;163;823;SINOP;Velocidade Incompat�vel;Sa�da de leito carro��vel;Com V�timas Feridas;Plena Noite;Decrescente;C�u Claro;Dupla;"Aclive;Reta";N�o;1;0;0;1;0;0;1;1;-11,97432;-55,517119;SPRF-MT;DEL06-MT;UOP02-DEL06-MT;;;
725771;17/10/2025;sexta-feira;20:00:00;PE;424;64;CAETES;Falta de acostamento;Atropelamento de Pedestre;Com V�timas Fatais;Plena Noite;Crescente;Garoa/Chuvisco;Simples;Reta;N�o;2;1;0;0;0;1;0;2;-8,75496436;-36,66357636;SPRF-PE;DEL03-PE;UOP01-DEL03-PE;;;
725773;18/10/2025;s�bado;00:20:00;RJ;40;119;DUQUE DE CAXIAS;Condutor deixou de manter dist�ncia do ve�culo da frente;Colis�o traseira;Com V�timas Feridas;Plena Noite;Crescente;C�u Claro;Dupla;Reta;Sim;2;0;1;0;1;0;1;2;-22,7812817;-43,29040354;SPRF-RJ;DEL01-RJ;UOP02-DEL01-RJ;;;
725774;18/10/2025;s�bado;01:50:00;PR;376;228;APUCARANA;Ingest�o de �lcool pelo condutor;Sa�da de leito carro��vel;Com V�timas Feridas;Plena Noite;Decrescente;Nublado;Dupla;Reta;N�o;4;0;3;0;0;1;3;1;-23,574581;-51,551147;SPRF-PR;DEL07-PR;UOP03-DEL07-PR;;;
725775;18/10/2025;s�bado;01:50:00;SC;101;186,2;BIGUACU;Aus�ncia de rea��o do condutor;Sa�da de leito carro��vel;Sem V�timas;Plena Noite;Crescente;Garoa/Chuvisco;Dupla;Curva;Sim;4;0;0;0;2;2;0;2;-27,43672;-48,6261;SPRF-SC;DEL01-SC;UOP01-DEL01-SC;;;
725776;18/10/2025;s�bado;01:50:00;SC;101;170;ITAPEMA;Condutor deixou de manter dist�ncia do ve�culo da frente;Colis�o traseira;Sem V�timas;Plena Noite;Crescente;Garoa/Chuvisco;Dupla;Reta;N�o;1;0;0;0;1;0;0;1;-27,0659386;-48,5955574;SPRF-SC;DEL04-SC;UOP03-DEL04-SC;;;
725777;18/10/2025;s�bado;02:00:00;PB;101;90,1;JOAO PESSOA;Ilumina��o deficiente;Colis�o transversal;Com V�timas Feridas;Plena Noite;Crescente;C�u Claro;Dupla;"Reta;Viaduto;Interse��o de Vias;Retorno Regulamentado;Rotat�ria;Em Obras";Sim;3;0;2;0;1;0;2;2;-7,18070287;-34,90072131;SPRF-PB;DEL01-PB;UOP01-DEL01-PB;;;
725780;18/10/2025;s�bado;03:00:00;SP;116;280;EMBU DAS ARTES;Pedestre andava na pista;Atropelamento de Pedestre;Com V�timas Fatais;Plena Noite;Crescente;Garoa/Chuvisco;Dupla;Reta;N�o;2;1;0;0;1;0;0;2;-23,646953;-46,842433;SPRF-SP;DEL04-SP;UOP01-DEL04-SP;;;
725781;18/10/2025;s�bado;03:10:00;SC;101;190,8;BIGUACU;Rea��o tardia ou ineficiente do condutor;Sa�da de leito carro��vel;Sem V�timas;Plena Noite;Decrescente;Garoa/Chuvisco;Dupla;"Curva;Declive";Sim;1;0;0;0;1;0;0;1;-27,47651;-48,64062;SPRF-SC;DEL01-SC;UOP01-DEL01-SC;;;
725782;18/10/2025;s�bado;00:30:00;MG;50;203,7;DELTA;Transitar na contram�o;Colis�o frontal;Sem V�timas;Plena Noite;Decrescente;C�u Claro;Dupla;"Reta;Aclive";N�o;2;0;0;0;2;0;0;2;-19,941982;-47,811112;SPRF-MG;DEL13-MG;UOP01-DEL13-MG;;;
725784;18/10/2025;s�bado;03:00:00;MG;116;559;MANHUACU;Condutor Dormindo;Capotamento;Com V�timas Feridas;Plena Noite;Decrescente;C�u Claro;Simples;Reta;N�o;2;0;2;0;0;0;2;1;-20,02989118;-42,17097402;SPRF-MG;DEL06-MG;UOP03-DEL06-MG;;;
725788;18/10/2025;s�bado;02:41:00;TO;153;146,4;ARAGUAINA;Aus�ncia de rea��o do condutor;Colis�o com objeto;Com V�timas Feridas;Plena Noite;Decrescente;C�u Claro;Dupla;Reta;Sim;2;0;1;0;1;0;1;1;-7,217329;-48,245887;SPRF-TO;DEL02-TO;UOP01-DEL02-TO;;;
725789;18/10/2025;s�bado;04:24:00;SC;470;35;GASPAR;Desvio tempor�rio;Colis�o lateral mesmo sentido;Com V�timas Feridas;Amanhecer;Crescente;Chuva;Dupla;"Reta;Desvio Tempor�rio";N�o;3;0;0;1;2;0;1;2;-26,909545;-48,94757;SPRF-SC;DEL04-SC;UOP01-DEL04-SC;;;
725790;18/10/2025;s�bado;05:50:00;ES;101;266,4;SERRA;Defici�ncia do Sistema de Ilumina��o/Sinaliza��o;Colis�o transversal;Com V�timas Feridas;Amanhecer;Decrescente;C�u Claro;M�ltipla;Reta;Sim;5;0;4;0;0;1;4;3;-20,193505;-40,268465;SPRF-ES;DEL02-ES;UOP01-DEL02-ES;;;
725791;18/10/2025;s�bado;05:00:00;PR;376;91,9;PARANAVAI;Velocidade Incompat�vel;Sa�da de leito carro��vel;Com V�timas Feridas;Plena Noite;Decrescente;Nublado;Simples;"Reta;Declive";N�o;1;0;0;1;0;0;1;1;-23,0012633;-52,56057;SPRF-PR;DEL09-PR;UOP02-DEL09-PR;;;
725792;18/10/2025;s�bado;05:05:00;SC;101;336,3;TUBARAO;Condutor Dormindo;Tombamento;Sem V�timas;Pleno dia;Crescente;Nublado;Dupla;Interse��o de Vias;N�o;1;0;0;0;1;0;0;1;-28,484814;-49,036552;SPRF-SC;DEL02-SC;UOP01-DEL02-SC;;;
725793;18/10/2025;s�bado;04:40:00;SC;282;627,7;IRACEMINHA;Pista Escorregadia;Sa�da de leito carro��vel;Sem V�timas;Plena Noite;Decrescente;C�u Claro;Simples;"Em Obras;Curva";N�o;1;0;0;0;1;0;0;1;-26,818337;-53,36417;SPRF-SC;DEL07-SC;UOP02-DEL07-SC;;;
725794;18/10/2025;s�bado;05:30:00;MG;381;815;CAREACU;Ingest�o de �lcool pelo condutor;Colis�o com objeto;Sem V�timas;Amanhecer;Decrescente;C�u Claro;Dupla;Curva;N�o;1;0;0;0;0;1;0;1;-22,0321503;-45,6759081;SPRF-MG;DEL16-MG;UOP02-DEL16-MG;;;
725795;18/10/2025;s�bado;05:30:00;DF;20;20;BRASILIA;Condutor Dormindo;Sa�da de leito carro��vel;Com V�timas Fatais;Plena Noite;Crescente;C�u Claro;Dupla;Reta;N�o;2;1;0;0;0;1;0;2;-15,6063754;-47,6910895;SPRF-DF;DEL02-DF;UOP01-DEL02-DF;;;
725796;18/10/2025;s�bado;04:00:00;PR;369;129;JATAIZINHO;Velocidade Incompat�vel;Colis�o com objeto;Com V�timas Feridas;Plena Noite;Decrescente;Chuva;Simples;Reta;Sim;1;0;1;0;0;0;1;1;-23,25848563;-50,98109399;SPRF-PR;DEL07-PR;UOP01-DEL07-PR;;;
725797;18/10/2025;s�bado;04:00:00;SC;101;112;NAVEGANTES;Chuva;Queda de ocupante de ve�culo;Com V�timas Feridas;Plena Noite;Crescente;Garoa/Chuvisco;Dupla;"Reta;Ponte";Sim;1;0;1;0;0;0;1;1;-26,84257549;-48,71756768;SPRF-SC;DEL04-SC;UOP04-DEL04-SC;;;
725799;18/10/2025;s�bado;06:05:00;SC;280;22;ARAQUARI;Aus�ncia de rea��o do condutor;Colis�o lateral mesmo sentido;Com V�timas Feridas;Amanhecer;Decrescente;Nublado;Simples;Reta;Sim;2;0;2;0;0;0;2;2;-26,37233398;-48,71331302;SPRF-SC;DEL03-SC;UOP03-DEL03-SC;;;
725800;18/10/2025;s�bado;04:06:00;MT;70;512;VARZEA GRANDE;Aus�ncia de rea��o do condutor;Sa�da de leito carro��vel;Com V�timas Feridas;Plena Noite;Decrescente;C�u Claro;Simples;Curva;N�o;1;0;0;1;0;0;1;1;-15,70539;-56,122263;SPRF-MT;DEL01-MT;UOP02-DEL01-MT;;;
725801;18/10/2025;s�bado;05:45:00;SP;101;47,9;UBATUBA;Ingest�o de �lcool pelo condutor;Colis�o com objeto;Sem V�timas;Amanhecer;Decrescente;Garoa/Chuvisco;Simples;Rotat�ria;Sim;1;0;0;0;0;1;0;1;-23,434133;-45,085628;SPRF-SP;DEL06-SP;UOP01-DEL06-SP;;;
725803;17/10/2025;sexta-feira;21:30:00;BA;101;692,8;EUNAPOLIS;Velocidade Incompat�vel;Sa�da de leito carro��vel;Com V�timas Feridas;Plena Noite;Crescente;C�u Claro;Simples;Curva;N�o;4;0;3;0;1;0;3;1;-16,188865;-39,606421;SPRF-BA;DEL09-BA;UOP03-DEL09-BA;;;
725804;18/10/2025;s�bado;06:30:00;RS;290;90,8;PORTO ALEGRE;Rea��o tardia ou ineficiente do condutor;Colis�o com objeto;Com V�timas Feridas;Pleno dia;Crescente;Chuva;M�ltipla;Reta;N�o;1;0;1;0;0;0;1;1;-29,96888224;-51,16838958;SPRF-RS;DEL01-RS;UOP01-DEL01-RS;;;
725805;18/10/2025;s�bado;05:00:00;SC;163;76;SAO MIGUEL DO OESTE;Ingest�o de �lcool pelo condutor;Sa�da de leito carro��vel;Sem V�timas;Plena Noite;Decrescente;Nublado;Simples;Reta;Sim;3;0;0;0;1;2;0;2;-26,73157923;-53,52584896;SPRF-SC;DEL07-SC;UOP03-DEL07-SC;;;
725807;18/10/2025;s�bado;07:00:00;SC;282;15,6;PALHOCA;Acessar a via sem observar a presen�a dos outros ve�culos;Colis�o transversal;Com V�timas Feridas;Pleno dia;Crescente;Chuva;Simples;Rotat�ria;Sim;2;0;1;0;1;0;1;2;-27,65578;-48,679075;SPRF-SC;DEL01-SC;UOP02-DEL01-SC;;;
725808;18/10/2025;s�bado;04:30:00;MG;262;836,8;UBERABA;Rea��o tardia ou ineficiente do condutor;Sa�da de leito carro��vel;Com V�timas Feridas;Amanhecer;Crescente;Garoa/Chuvisco;Simples;Reta;N�o;4;0;3;1;0;0;4;1;-19,74303521;-48,22002411;SPRF-MG;DEL13-MG;UOP01-DEL13-MG;;;
725809;18/10/2025;s�bado;00:20:00;SP;381;71;MAIRIPORA;Aus�ncia de rea��o do condutor;Sa�da de leito carro��vel;Com V�timas Feridas;Plena Noite;Crescente;Chuva;Simples;Curva;Sim;3;0;2;0;1;0;2;1;-23,35330605;-46,55134074;SPRF-SP;DEL03-SP;UOP01-DEL03-SP;;;
725810;18/10/2025;s�bado;05:40:00;PR;376;160,3;MANDAGUACU;Acessar a via sem observar a presen�a dos outros ve�culos;Colis�o transversal;Com V�timas Feridas;Amanhecer;Decrescente;Chuva;Dupla;"Aclive;Curva;Retorno Regulamentado";Sim;2;0;0;1;1;0;1;2;-23,36524767;-52,07766755;SPRF-PR;DEL09-PR;UOP02-DEL09-PR;;;
725811;18/10/2025;s�bado;07:10:00;RN;110;46;MOSSORO;Rea��o tardia ou ineficiente do condutor;Colis�o transversal;Com V�timas Feridas;Pleno dia;Decrescente;C�u Claro;Simples;Reta;Sim;3;0;2;0;1;0;2;2;-5,20127399;-37,32276589;SPRF-RN;DEL04-RN;UOP01-DEL04-RN;;;
725813;18/10/2025;s�bado;07:20:00;MG;381;874;ESTIVA;Animais na Pista;Atropelamento de Animal;Sem V�timas;Pleno dia;Decrescente;C�u Claro;Dupla;Reta;Sim;2;0;0;0;2;0;0;1;-22,424165;-45,968585;SPRF-MG;DEL16-MG;UOP01-DEL16-MG;;;
725814;18/10/2025;s�bado;05:30:00;SP;381;0,3;VARGEM;Rea��o tardia ou ineficiente do condutor;Colis�o traseira;Sem V�timas;Amanhecer;Crescente;Chuva;Dupla;"Aclive;Reta";N�o;3;0;0;0;3;0;0;3;-22,8808192;-46,37507334;SPRF-SP;DEL03-SP;UOP02-DEL03-SP;;;
725816;18/10/2025;s�bado;06:31:00;PA;316;32,9;SANTA IZABEL DO PARA;Rea��o tardia ou ineficiente do condutor;Capotamento;Sem V�timas;Pleno dia;Crescente;C�u Claro;Dupla;"Reta;Em Obras";Sim;1;0;0;0;0;1;0;1;-1,28101285;-48,12998772;SPRF-PA;DEL01-PA;UOP01-DEL01-PA;;;
725818;18/10/2025;s�bado;00:30:00;MG;354;716,5;POUSO ALTO;Ingest�o de �lcool pelo condutor;Colis�o frontal;Com V�timas Feridas;Plena Noite;Crescente;C�u Claro;Simples;Curva;N�o;3;0;2;0;1;0;2;2;-22,08150414;-44,94326591;SPRF-MG;DEL17-MG;UOP01-DEL17-MG;;;
725819;18/10/2025;s�bado;06:50:00;PR;376;446,3;TIBAGI;Chuva;Sa�da de leito carro��vel;Com V�timas Feridas;Pleno dia;Decrescente;Chuva;Dupla;"Aclive;Retorno Regulamentado;Reta";N�o;3;0;3;0;0;0;3;1;-24,89383304;-50,43107629;SPRF-PR;DEL03-PR;UOP02-DEL03-PR;;;
725821;18/10/2025;s�bado;07:50:00;SC;282;28,4;SANTO AMARO DA IMPERATRIZ;Desrespeitar a prefer�ncia no cruzamento;Colis�o transversal;Com V�timas Feridas;Pleno dia;Decrescente;Nublado;Simples;Interse��o de Vias;Sim;2;0;1;1;0;0;2;2;-27,67521097;-48,78341728;SPRF-SC;DEL01-SC;UOP03-DEL01-SC;;;
725823;18/10/2025;s�bado;06:50:00;SP;116;108,9;TAUBATE;Velocidade Incompat�vel;Sa�da de leito carro��vel;Com V�timas Feridas;Pleno dia;Decrescente;C�u Claro;Dupla;Reta;N�o;1;0;1;0;0;0;1;1;-23,02758593;-45,54390304;SPRF-SP;DEL02-SP;UOP02-DEL02-SP;;;
725826;18/10/2025;s�bado;06:40:00;MT;163;837;SINOP;Acesso irregular;Colis�o transversal;Com V�timas Feridas;Pleno dia;Decrescente;C�u Claro;Dupla;Reta;Sim;2;0;0;1;1;0;1;2;-11,836737;-55,488927;SPRF-MT;DEL06-MT;UOP02-DEL06-MT;;;
725827;18/10/2025;s�bado;01:40:00;GO;364;173;JATAI;Condutor Dormindo;Sa�da de leito carro��vel;Com V�timas Feridas;Plena Noite;Crescente;Ignorado;Dupla;"Interse��o de Vias;Declive";N�o;1;0;1;0;0;0;1;1;-17,99734647;-51,79933226;SPRF-GO;DEL05-GO;UOP01-DEL05-GO;;;
725828;18/10/2025;s�bado;08:30:00;SC;101;192,3;BIGUACU;Velocidade Incompat�vel;Colis�o com objeto;Com V�timas Feridas;Pleno dia;Crescente;Chuva;Dupla;Curva;N�o;5;0;4;1;0;0;5;1;-27,48671063;-48,64901511;SPRF-SC;DEL01-SC;UOP01-DEL01-SC;;;
725830;18/10/2025;s�bado;06:28:00;MT;70;1,6;BARRA DO GARCAS;Desrespeitar a prefer�ncia no cruzamento;Colis�o transversal;Com V�timas Feridas;Pleno dia;Crescente;C�u Claro;Simples;Reta;Sim;3;0;3;0;0;0;3;3;-15,889042;-52,265693;SPRF-MT;DEL07-MT;UOP01-DEL07-MT;;;
725831;25/08/2025;segunda-feira;12:20:00;RJ;493;20;MAGE;Aus�ncia de rea��o do condutor;Colis�o com objeto;Com V�timas Feridas;Pleno dia;Crescente;Sol;Simples;Curva;N�o;1;0;1;0;0;0;1;1;-22,66057148;-43,04632114;SPRF-RJ;DEL04-RJ;UOP02-DEL04-RJ;;;
725832;18/10/2025;s�bado;06:20:00;MT;364;253;JUSCIMEIRA;Aus�ncia de rea��o do condutor;Queda de ocupante de ve�culo;Com V�timas Feridas;Pleno dia;Crescente;C�u Claro;Dupla;Reta;N�o;1;0;0;1;0;0;1;1;-16,11583;-54,85859;SPRF-MT;DEL02-MT;UOP01-DEL02-MT;;;
725834;28/09/2025;domingo;19:30:00;SC;101;321,5;PESCARIA BRAVA;Condutor deixou de manter dist�ncia do ve�culo da frente;Colis�o lateral mesmo sentido;Com V�timas Feridas;Plena Noite;Crescente;C�u Claro;Dupla;Reta;Sim;6;0;6;0;0;0;6;2;-28,42835;-48,91446;SPRF-SC;DEL02-SC;UOP01-DEL02-SC;;;
725837;18/10/2025;s�bado;06:00:00;MG;262;888,1;CAMPO FLORIDO;Chuva;Sa�da de leito carro��vel;Sem V�timas;Amanhecer;Crescente;Chuva;Dupla;Reta;N�o;1;0;0;0;0;1;0;1;-19,736464;-48,665491;SPRF-MG;DEL13-MG;UOP02-DEL13-MG;;;
725842;18/10/2025;s�bado;08:10:00;RJ;101;530;ANGRA DOS REIS;Rea��o tardia ou ineficiente do condutor;Colis�o com objeto;Com V�timas Feridas;Pleno dia;Crescente;Garoa/Chuvisco;Simples;Curva;N�o;3;0;2;0;1;0;2;1;-23,025087;-44,520487;SPRF-RJ;DEL03-RJ;UOP03-DEL03-RJ;;;
725843;18/10/2025;s�bado;08:00:00;RJ;101;483;ANGRA DOS REIS;Acessar a via sem observar a presen�a dos outros ve�culos;Colis�o lateral mesmo sentido;Com V�timas Feridas;Pleno dia;Crescente;Garoa/Chuvisco;Simples;"Curva;Declive";N�o;2;0;1;0;0;1;1;2;-23,01193577;-44,28832479;SPRF-RJ;DEL03-RJ;UOP03-DEL03-RJ;;;
725844;18/10/2025;s�bado;08:30:00;RJ;101;475;ANGRA DOS REIS;Acumulo de �leo sobre o pavimento;Queda de ocupante de ve�culo;Com V�timas Feridas;Pleno dia;Decrescente;C�u Claro;Simples;Curva;Sim;2;0;1;0;1;0;1;1;-23,00422405;-44,25945282;SPRF-RJ;DEL03-RJ;UOP03-DEL03-RJ;;;
725845;18/10/2025;s�bado;09:00:00;PB;230;397;POMBAL;Aus�ncia de rea��o do condutor;Tombamento;Com V�timas Feridas;Pleno dia;Crescente;C�u Claro;Simples;Reta;N�o;1;0;1;0;0;0;1;1;-6,833829;-37,754309;SPRF-PB;DEL03-PB;UOP02-DEL03-PB;;;
725846;18/10/2025;s�bado;09:00:00;MG;381;686,8;LAVRAS;Objeto est�tico sobre o leito carro��vel;Colis�o traseira;Com V�timas Feridas;Pleno dia;Crescente;C�u Claro;Dupla;Curva;N�o;3;0;1;0;2;0;1;2;-21,17752898;-45,12471199;SPRF-MG;DEL04-MG;UOP02-DEL04-MG;;;
725847;18/10/2025;s�bado;10:00:00;MG;365;625;UBERLANDIA;Pedestre andava na pista;Atropelamento de Pedestre;Com V�timas Feridas;Pleno dia;Decrescente;C�u Claro;M�ltipla;Curva;Sim;2;0;1;0;1;0;1;2;-18,90924472;-48,30284569;SPRF-MG;DEL15-MG;UOP01-DEL15-MG;;;
725848;18/10/2025;s�bado;10:00:00;SP;116;159,4;JACAREI;Rea��o tardia ou ineficiente do condutor;Colis�o traseira;Com V�timas Feridas;Pleno dia;Decrescente;Nublado;Dupla;Reta;Sim;5;0;3;0;2;0;3;2;-23,26314527;-45,95573394;SPRF-SP;DEL02-SP;UOP01-DEL02-SP;;;
725850;18/10/2025;s�bado;10:20:00;GO;60;58;ABADIANIA;Velocidade Incompat�vel;Queda de ocupante de ve�culo;Com V�timas Feridas;Pleno dia;Crescente;Nublado;Dupla;Retorno Regulamentado;N�o;2;0;1;0;1;0;1;1;-16,18742841;-48,6857364;SPRF-GO;DEL02-GO;UOP01-DEL02-GO;;;
725852;18/10/2025;s�bado;10:30:00;RS;392;8,9;RIO GRANDE;Desrespeitar a prefer�ncia no cruzamento;Colis�o lateral mesmo sentido;Sem V�timas;Pleno dia;Decrescente;Nublado;Simples;"Reta;Interse��o de Vias";Sim;3;0;0;0;2;1;0;2;-32,11022;-52,111228;SPRF-RS;DEL07-RS;UOP02-DEL07-RS;;;
725853;18/10/2025;s�bado;09:00:00;PR;376;238,8;APUCARANA;Rea��o tardia ou ineficiente do condutor;Colis�o com objeto;Com V�timas Fatais;Pleno dia;Decrescente;Chuva;Dupla;"Curva;Declive";Sim;1;1;0;0;0;0;0;1;-23,583306;-51,461902;SPRF-PR;DEL07-PR;UOP03-DEL07-PR;;;
725854;17/10/2025;sexta-feira;21:00:00;MG;262;140;RIO CASCA;Ingest�o de �lcool pelo condutor;Sa�da de leito carro��vel;Sem V�timas;Plena Noite;Crescente;C�u Claro;Simples;"Aclive;Curva";N�o;1;0;0;0;0;1;0;1;-20,06645;-42,718237;SPRF-MG;DEL03-MG;UOP03-DEL03-MG;;;
725856;18/10/2025;s�bado;12:00:00;RJ;101;56;CAMPOS DOS GOYTACAZES;Acessar a via sem observar a presen�a dos outros ve�culos;Colis�o transversal;Com V�timas Feridas;Pleno dia;Decrescente;Nublado;Simples;Reta;Sim;2;0;1;0;0;1;1;2;-21,696262;-41,310272;SPRF-RJ;DEL08-RJ;UOP01-DEL08-RJ;;;
725857;18/10/2025;s�bado;11:30:00;PR;277;431,3;VIRMOND;Aus�ncia de rea��o do condutor;Sa�da de leito carro��vel;Com V�timas Feridas;Pleno dia;Decrescente;Nublado;Simples;"Declive;Curva";N�o;2;0;2;0;0;0;2;1;-25,37731829;-52,21179485;SPRF-PR;DEL04-PR;UOP02-DEL04-PR;;;
725859;18/10/2025;s�bado;10:30:00;SP;116;394;MIRACATU;Condutor Dormindo;Sa�da de leito carro��vel;Com V�timas Feridas;Pleno dia;Crescente;Nublado;Dupla;Reta;Sim;1;0;1;0;0;0;1;1;-24,28831381;-47,45400238;SPRF-SP;DEL04-SP;UOP02-DEL04-SP;;;
725862;18/10/2025;s�bado;12:17:00;GO;20;90;VILA BOA;Ultrapassagem Indevida;Colis�o transversal;Com V�timas Feridas;Pleno dia;Crescente;C�u Claro;Simples;Reta;N�o;5;0;1;0;4;0;1;2;-15,01804782;-47,04487145;SPRF-DF;DEL02-DF;UOP02-DEL02-DF;;;
725863;18/10/2025;s�bado;11:10:00;SC;101;24,5;JOINVILLE;Pista esburacada;Tombamento;Com V�timas Feridas;Pleno dia;Decrescente;Nublado;Simples;Reta;Sim;1;0;1;0;0;0;1;1;-26,18069966;-48,90906064;SPRF-SC;DEL03-SC;UOP01-DEL03-SC;;;
725864;18/10/2025;s�bado;12:00:00;PR;116;127;FAZENDA RIO GRANDE;Condutor Dormindo;Sa�da de leito carro��vel;Com V�timas Feridas;Pleno dia;Decrescente;C�u Claro;Dupla;Reta;Sim;5;0;4;0;1;0;4;1;-25,656408;-49,311955;SPRF-PR;DEL01-PR;UOP03-DEL01-PR;;;
725865;18/10/2025;s�bado;11:00:00;PI;343;255;CAMPO MAIOR;Aus�ncia de rea��o do condutor;Colis�o transversal;Sem V�timas;Pleno dia;Crescente;C�u Claro;Simples;Reta;Sim;2;0;0;0;2;0;0;2;-4,76751323;-42,11310536;SPRF-PI;DEL01-PI;UOP03-DEL01-PI;;;
725869;10/10/2025;sexta-feira;13:20:00;TO;153;370;FORTALEZA DO TABOCAO;Ultrapassagem Indevida;Colis�o frontal;Com V�timas Feridas;Pleno dia;Decrescente;C�u Claro;Simples;"Aclive;Reta";N�o;3;0;2;0;1;0;2;2;-9,16000326;-48,53579476;SPRF-TO;DEL02-TO;UOP02-DEL02-TO;;;
725871;18/10/2025;s�bado;11:55:00;RJ;40;121;DUQUE DE CAXIAS;Rea��o tardia ou ineficiente do condutor;Tombamento;Com V�timas Feridas;Pleno dia;Decrescente;C�u Claro;Dupla;Reta;Sim;2;0;1;0;1;0;1;1;-22,78403516;-43,28539677;SPRF-RJ;DEL01-RJ;UOP02-DEL01-RJ;;;
725873;18/10/2025;s�bado;13:00:00;MG;381;363,8;SAO GONCALO DO RIO ABAIXO;Mal s�bito do condutor;Capotamento;Com V�timas Feridas;Pleno dia;Crescente;C�u Claro;Simples;Reta;N�o;3;0;2;0;1;0;2;1;-19,850687;-43,267665;SPRF-MG;DEL03-MG;UOP01-DEL03-MG;;;
725874;18/10/2025;s�bado;14:10:00;RS;116;511;PELOTAS;Avarias e/ou desgaste excessivo no pneu;Colis�o traseira;Com V�timas Feridas;Pleno dia;Crescente;C�u Claro;Dupla;Reta;N�o;3;0;1;0;2;0;1;2;-31,6127474;-52,3051993;SPRF-RS;DEL07-RS;UOP01-DEL07-RS;;;
725875;18/10/2025;s�bado;07:40:00;RJ;465;5;RIO DE JANEIRO;Retorno proibido;Colis�o transversal;Com V�timas Feridas;Pleno dia;Crescente;Nublado;Simples;Reta;Sim;3;0;1;0;2;0;1;2;-22,9117197;-43,56389779;SPRF-RJ;DEL06-RJ;UOP02-DEL06-RJ;;;
725877;18/10/2025;s�bado;13:30:00;ES;101;141,8;LINHARES;Condutor desrespeitou a ilumina��o vermelha do sem�foro;Colis�o transversal;Com V�timas Feridas;Pleno dia;Crescente;C�u Claro;M�ltipla;"Interse��o de Vias;Reta";Sim;2;0;1;0;0;1;1;2;-19,33301231;-40,06849704;SPRF-ES;DEL04-ES;UOP01-DEL04-ES;;;