id;data_inversa;dia_semana;horario;uf;br;km;municipio;causa_acidente;tipo_acidente;classificacao_acidente;fase_dia;sentido_via;condicao_metereologica;tipo_pista;tracado_via;uso_solo;pessoas;mortos;feridos_leves;feridos_graves;ilesos;ignorados;feridos;veiculos;latitude;longitude;regional;delegacia;uop;;;
726192;19/10/2025;domingo;21:30:00;MG;40;507,8;RIBEIRAO DAS NEVES;Ingest�o de �lcool pelo condutor;Tombamento;Com V�timas Feridas;Plena Noite;Crescente;C�u Claro;Dupla;Interse��o de Vias;Sim;1;0;1;0;0;0;1;1;-19,758719;-44,137506;SPRF-MG;DEL02-MG;UOP01-DEL02-MG;;;
726193;19/10/2025;domingo;21:30:00;SP;381;22;BRAGANCA PAULISTA;Ingest�o de �lcool pelo condutor;Colis�o com objeto;Sem V�timas;Plena Noite;Crescente;Nublado;Simples;Curva;Sim;2;0;0;0;2;0;0;2;-22,99492535;-46,51390163;SPRF-SP;DEL03-SP;UOP02-DEL03-SP;;;
726194;19/10/2025;domingo;19:00:00;MG;365;496,3;PATROCINIO;Condutor deixou de manter dist�ncia do ve�culo da frente;Colis�o traseira;Com V�timas Feridas;Plena Noite;Crescente;C�u Claro;Simples;Reta;N�o;3;0;1;0;1;1;1;3;-18,915683;-47,198429;SPRF-MG;DEL10-MG;UOP01-DEL10-MG;;;
726195;19/10/2025;domingo;21:20:00;PR;277;60;SAO JOSE DOS PINHAIS;Ingest�o de �lcool pelo condutor;Colis�o traseira;Com V�timas Feridas;Plena Noite;Crescente;Nublado;Dupla;Reta;N�o;7;0;6;0;1;0;6;2;-25,55226563;-49,03620657;SPRF-PR;DEL01-PR;UOP01-DEL01-PR;;;
726196;19/10/2025;domingo;20:20:00;SC;101;206;PALHOCA;Ingest�o de �lcool pelo condutor;Colis�o lateral mesmo sentido;Sem V�timas;Plena Noite;Crescente;C�u Claro;M�ltipla;Reta;Sim;2;0;0;0;2;0;0;2;-27,72318145;-48,64191949;SPRF-SC;DEL01-SC;UOP01-DEL01-SC;;;
726197;19/10/2025;domingo;19:50:00;RJ;101;69;CAMPOS DOS GOYTACAZES;Transitar no Acostamento;Colis�o frontal;Com V�timas Feridas;Plena Noite;Decrescente;Nublado;Simples;Reta;N�o;3;0;2;1;0;0;3;2;-21,774207;-41,361049;SPRF-RJ;DEL08-RJ;UOP02-DEL08-RJ;;;
726198;19/10/2025;domingo;19:10:00;RS;290;397,7;SANTA MARGARIDA DO SUL;Aus�ncia de rea��o do condutor;Colis�o traseira;Sem V�timas;Anoitecer;Crescente;C�u Claro;Simples;"Em Obras;Reta";N�o;3;0;0;0;1;2;0;3;-30,34810629;-54,12351821;SPRF-RS;DEL09-RS;UOP02-DEL09-RS;;;
726199;19/10/2025;domingo;20:20:00;SC;280;228,5;TRES BARRAS;Transitar na contram�o;Colis�o lateral sentido oposto;Sem V�timas;Plena Noite;Decrescente;Nublado;Simples;Reta;N�o;5;0;0;0;5;0;0;2;-26,18473;-50,34461;SPRF-SC;DEL06-SC;UOP04-DEL06-SC;;;
726201;19/10/2025;domingo;19:30:00;SC;101;103,9;BALNEARIO PICARRAS;Rea��o tardia ou ineficiente do condutor;Colis�o traseira;Com V�timas Feridas;Plena Noite;Decrescente;Garoa/Chuvisco;Dupla;Reta;N�o;4;0;2;0;2;0;2;2;-26,79505492;-48,67994182;SPRF-SC;DEL03-SC;UOP02-DEL03-SC;;;
726202;19/10/2025;domingo;21:45:00;PB;101;86;JOAO PESSOA;Trafegar com motocicleta (ou similar) entre as faixas;Tombamento;Com V�timas Feridas;Plena Noite;Decrescente;C�u Claro;Dupla;"Curva;Declive";N�o;1;0;1;0;0;0;1;1;-7,1536454;-34,90807819;SPRF-PB;DEL01-PB;UOP01-DEL01-PB;;;
726203;19/10/2025;domingo;20:20:00;PR;467;104,4;CASCAVEL;Velocidade Incompat�vel;Sa�da de leito carro��vel;Com V�timas Feridas;Plena Noite;Crescente;C�u Claro;Dupla;Curva;N�o;2;0;1;1;0;0;2;1;-24,91255069;-53,50639556;SPRF-PR;DEL04-PR;UOP01-DEL04-PR;;;
726204;19/10/2025;domingo;20:40:00;RS;472;449;ITAQUI;Aus�ncia de rea��o do condutor;Sa�da de leito carro��vel;Com V�timas Feridas;Plena Noite;Crescente;C�u Claro;Simples;Reta;N�o;3;0;1;0;2;0;1;1;-29,15306078;-56,34716034;SPRF-RS;DEL12-RS;UOP01-DEL12-RS;;;
726205;19/10/2025;domingo;18:50:00;PI;407;439;GEMINIANO;Entrada inopinada do pedestre;Atropelamento de Pedestre;Com V�timas Feridas;Plena Noite;Decrescente;C�u Claro;Simples;Reta;Sim;2;0;0;1;1;0;1;2;-7,185254;-41,324751;SPRF-PI;DEL04-PI;UOP01-DEL04-PI;;;
726206;19/10/2025;domingo;21:45:00;PR;277;83,9;CURITIBA;Velocidade Incompat�vel;Colis�o traseira;Com V�timas Feridas;Plena Noite;Crescente;Chuva;Dupla;Curva;Sim;3;0;1;0;1;1;1;2;-25,44371497;-49,23369376;SPRF-PR;DEL01-PR;UOP03-DEL01-PR;;;
726207;19/10/2025;domingo;19:50:00;MT;364;547,8;ROSARIO OESTE;Aus�ncia de rea��o do condutor;Sa�da de leito carro��vel;Com V�timas Feridas;Plena Noite;Crescente;C�u Claro;Dupla;Reta;N�o;5;0;5;0;0;0;5;1;-14,80419;-56,409827;SPRF-MT;DEL01-MT;UOP01-DEL01-MT;;;
726208;19/10/2025;domingo;21:40:00;GO;50;220;CAMPO ALEGRE DE GOIAS;Velocidade Incompat�vel;Colis�o com objeto;Com V�timas Feridas;Plena Noite;Crescente;Nublado;Dupla;Curva;N�o;2;0;2;0;0;0;2;1;-17,72243328;-47,72565778;SPRF-GO;DEL06-GO;UOP01-DEL06-GO;;;
726209;19/10/2025;domingo;20:35:00;MG;262;825,2;UBERABA;Demais falhas mec�nicas ou el�tricas;Capotamento;Com V�timas Feridas;Plena Noite;Decrescente;C�u Claro;Dupla;Reta;N�o;2;0;0;2;0;0;2;1;-19,765202;-48,11608;SPRF-MG;DEL13-MG;UOP01-DEL13-MG;;;
726210;19/10/2025;domingo;22:45:00;PE;232;124;CARUARU;Animais na Pista;Atropelamento de Animal;Com V�timas Feridas;Plena Noite;Crescente;C�u Claro;Dupla;"Reta;Declive";N�o;2;0;1;1;0;0;2;1;-8,30736;-35,94254;SPRF-PE;DEL02-PE;UOP03-DEL02-PE;;;
726211;19/10/2025;domingo;22:35:00;PR;369;174,7;ROLANDIA;Convers�o proibida;Colis�o transversal;Com V�timas Feridas;Plena Noite;Crescente;C�u Claro;Dupla;"Interse��o de Vias;Reta";Sim;2;0;1;0;1;0;1;2;-23,31836567;-51,37928009;SPRF-PR;DEL07-PR;UOP01-DEL07-PR;;;
726213;19/10/2025;domingo;20:25:00;MT;70;732;CACERES;Acessar a via sem observar a presen�a dos outros ve�culos;Colis�o transversal;Com V�timas Feridas;Plena Noite;Crescente;C�u Claro;Simples;Rotat�ria;Sim;4;0;2;0;2;0;2;2;-16,09245428;-57,67996073;SPRF-MT;DEL03-MT;UOP01-DEL03-MT;;;
726214;19/10/2025;domingo;23:00:00;SP;116;33,9;CACHOEIRA PAULISTA;Demais falhas mec�nicas ou el�tricas;Colis�o com objeto;Com V�timas Feridas;Plena Noite;Decrescente;Nublado;Dupla;Interse��o de Vias;N�o;2;0;1;0;1;0;1;1;-22,6520882;-44,9587453;SPRF-SP;DEL08-SP;UOP02-DEL08-SP;;;
726215;19/10/2025;domingo;22:00:00;RJ;40;121;DUQUE DE CAXIAS;Aus�ncia de rea��o do condutor;Colis�o com objeto;Com V�timas Feridas;Plena Noite;Crescente;Garoa/Chuvisco;M�ltipla;Reta;Sim;2;0;1;0;1;0;1;1;-22,6747845;-43,2854592;SPRF-RJ;DEL01-RJ;UOP02-DEL01-RJ;;;
726216;19/10/2025;domingo;21:00:00;PR;376;185,6;SARANDI;Aus�ncia de rea��o do condutor;Sa�da de leito carro��vel;Sem V�timas;Plena Noite;Decrescente;C�u Claro;Dupla;Reta;Sim;1;0;0;0;0;1;0;1;-23,449697;-51,856844;SPRF-PR;DEL09-PR;UOP01-DEL09-PR;;;
726218;19/10/2025;domingo;16:41:00;MT;163;1017;TERRA NOVA DO NORTE;Rea��o tardia ou ineficiente do condutor;Sa�da de leito carro��vel;Com V�timas Feridas;Pleno dia;Crescente;C�u Claro;Simples;Reta;N�o;2;0;2;0;0;0;2;1;-10,34402833;-55,04127167;SPRF-MT;DEL06-MT;UOP03-DEL06-MT;;;
726219;05/10/2025;domingo;04:00:00;SC;282;577,4;PINHALZINHO;Aus�ncia de rea��o do condutor;Colis�o traseira;Com V�timas Feridas;Plena Noite;Decrescente;Nublado;Simples;Curva;Sim;3;0;1;0;2;0;1;2;-26,859559;-52,979375;SPRF-SC;DEL07-SC;UOP02-DEL07-SC;;;
726220;19/10/2025;domingo;22:45:00;RN;101;160;CANGUARETAMA;Ultrapassagem Indevida;Colis�o frontal;Com V�timas Fatais;Plena Noite;Crescente;C�u Claro;Simples;Reta;Sim;3;1;1;1;0;0;2;2;-6,37356662;-35,15097368;SPRF-RN;DEL01-RN;UOP01-DEL01-RN;;;
726222;19/10/2025;domingo;22:55:00;SC;282;539,3;CHAPECO;Transitar na contram�o;Colis�o frontal;Com V�timas Feridas;Plena Noite;Crescente;Nublado;Simples;Curva;N�o;2;0;0;1;1;0;1;2;-26,99136497;-52,68664241;SPRF-SC;DEL07-SC;UOP01-DEL07-SC;;;
726223;19/10/2025;domingo;23:40:00;RJ;101;281,5;RIO BONITO;Rea��o tardia ou ineficiente do condutor;Colis�o traseira;Com V�timas Feridas;Plena Noite;Decrescente;Chuva;Dupla;Reta;N�o;4;0;3;0;1;0;3;2;-22,7152;-42,6769;SPRF-RJ;DEL02-RJ;UOP02-DEL02-RJ;;;
726224;19/10/2025;domingo;22:50:00;RS;290;418;SAO GABRIEL;Acessar a via sem observar a presen�a dos outros ve�culos;Colis�o transversal;Com V�timas Feridas;Plena Noite;Crescente;C�u Claro;Simples;Rotat�ria;Sim;2;0;1;0;1;0;1;2;-30,35313915;-54,33173454;SPRF-RS;DEL11-RS;UOP02-DEL11-RS;;;
726225;20/10/2025;segunda-feira;00:05:00;RJ;101;389;RIO DE JANEIRO;Animais na Pista;Atropelamento de Animal;Com V�timas Feridas;Plena Noite;Crescente;Nublado;Dupla;Reta;Sim;1;0;1;0;0;0;1;1;-22,893103;-43,674149;SPRF-RJ;DEL03-RJ;UOP01-DEL03-RJ;;;
726226;20/10/2025;segunda-feira;00:25:00;RN;101;83,5;SAO GONCALO DO AMARANTE;Pedestre andava na pista;Atropelamento de Pedestre;Com V�timas Feridas;Plena Noite;Crescente;C�u Claro;Dupla;Reta;Sim;2;0;2;0;0;0;2;2;-5,7487712;-35,3265837;SPRF-RN;DEL02-RN;UOP01-DEL02-RN;;;
726227;20/10/2025;segunda-feira;00:30:00;MG;381;391;BOM JESUS DO AMPARO;Pedestre andava na pista;Atropelamento de Pedestre;Com V�timas Feridas;Plena Noite;Decrescente;C�u Claro;Dupla;Reta;N�o;3;0;1;0;2;0;1;2;-19,759763;-43,463069;SPRF-MG;DEL01-MG;UOP01-DEL01-MG;;;
726228;20/10/2025;segunda-feira;01:00:00;MG;40;41,7;PARACATU;Entrada inopinada do pedestre;Atropelamento de Pedestre;Com V�timas Feridas;Plena Noite;Crescente;C�u Claro;Simples;Curva;N�o;2;0;0;1;1;0;1;2;-17,21647792;-46,86743975;SPRF-MG;DEL14-MG;UOP01-DEL14-MG;;;
726232;20/10/2025;segunda-feira;02:15:00;RN;101;85;NATAL;Transitar na contram�o;Colis�o frontal;Com V�timas Feridas;Plena Noite;Decrescente;C�u Claro;Dupla;Aclive;Sim;2;0;0;1;1;0;1;2;-5,776991;-35,250473;SPRF-RN;DEL02-RN;UOP01-DEL02-RN;;;
726235;20/10/2025;segunda-feira;02:00:00;MG;365;748;ITUIUTABA;Aus�ncia de rea��o do condutor;Capotamento;Sem V�timas;Plena Noite;Crescente;C�u Claro;Simples;"Aclive;Curva";N�o;1;0;0;0;0;1;0;1;-18,945442;-49,454522;SPRF-MG;DEL15-MG;UOP03-DEL15-MG;;;
726236;19/10/2025;domingo;17:30:00;GO;60;90;ANAPOLIS;Aus�ncia de rea��o do condutor;Queda de ocupante de ve�culo;Com V�timas Feridas;Anoitecer;Crescente;C�u Claro;Dupla;"Reta;Declive";Sim;2;0;1;1;0;0;2;1;-16,3378698;-48,89733231;SPRF-GO;DEL02-GO;UOP01-DEL02-GO;;;
726237;20/10/2025;segunda-feira;03:50:00;SC;101;205;SAO JOSE;Ingest�o de �lcool pelo condutor;Queda de ocupante de ve�culo;Com V�timas Feridas;Plena Noite;Crescente;C�u Claro;Simples;Curva;Sim;2;0;2;0;0;0;2;1;-27,58465784;-48,6178354;SPRF-SC;DEL01-SC;UOP01-DEL01-SC;;;
726238;20/10/2025;segunda-feira;04:20:00;DF;60;10,9;BRASILIA;Avarias e/ou desgaste excessivo no pneu;Sa�da de leito carro��vel;Com V�timas Feridas;Plena Noite;Crescente;Garoa/Chuvisco;Dupla;"Aclive;Reta";N�o;1;0;1;0;0;0;1;1;-15,912198;-48,159236;SPRF-DF;DEL03-DF;UOP01-DEL03-DF;;;
726239;20/10/2025;segunda-feira;03:15:00;PI;343;307;ALTOS;Animais na Pista;Atropelamento de Animal;Com V�timas Fatais;Plena Noite;Decrescente;C�u Claro;Simples;Reta;Sim;1;1;0;0;0;0;0;1;-5,039605;-42,460748;SPRF-PI;DEL01-PI;UOP01-DEL01-PI;;;
726241;20/10/2025;segunda-feira;04:30:00;ES;101;340,2;GUARAPARI;Chuva;Queda de ocupante de ve�culo;Com V�timas Feridas;Amanhecer;Crescente;Chuva;Dupla;"Aclive;Reta";N�o;1;0;1;0;0;0;1;1;-20,64740276;-40,56667328;SPRF-ES;DEL03-ES;UOP01-DEL03-ES;;;
726243;20/10/2025;segunda-feira;05:35:00;SC;101;194,4;BIGUACU;Demais falhas mec�nicas ou el�tricas;Tombamento;Com V�timas Feridas;Amanhecer;Decrescente;Nublado;Dupla;Reta;Sim;1;0;1;0;0;0;1;1;-27,50119;-48,65343;SPRF-SC;DEL01-SC;UOP01-DEL01-SC;;;
726244;20/10/2025;segunda-feira;05:30:00;RS;116;593;ARROIO GRANDE;Condutor Dormindo;Sa�da de leito carro��vel;Com V�timas Feridas;Amanhecer;Decrescente;C�u Claro;Simples;"Aclive;Reta";N�o;1;0;1;0;0;0;1;1;-32,17880354;-52,99230024;SPRF-RS;DEL07-RS;UOP03-DEL07-RS;;;
726245;20/10/2025;segunda-feira;04:45:00;BA;407;0;JUAZEIRO;Velocidade Incompat�vel;Colis�o com objeto;Sem V�timas;Amanhecer;Crescente;C�u Claro;Dupla;Em Obras;Sim;1;0;0;0;0;1;0;1;-9,40956281;-40,50534725;SPRF-PE;DEL06-PE;UOP01-DEL06-PE;;;
726246;20/10/2025;segunda-feira;06:15:00;BA;242;840;BARREIRAS;Rea��o tardia ou ineficiente do condutor;Tombamento;Com V�timas Feridas;Amanhecer;Decrescente;Garoa/Chuvisco;Simples;Reta;N�o;1;0;1;0;0;0;1;1;-12,133174;-45,1053;SPRF-BA;DEL10-BA;UOP01-DEL10-BA;;;
726247;19/10/2025;domingo;22:00:00;BA;110;45;SANTA BRIGIDA;Transitar na contram�o;Colis�o frontal;Com V�timas Fatais;Plena Noite;Decrescente;C�u Claro;Simples;Reta;N�o;2;1;0;0;1;0;0;2;-9,8161;-38,25796;SPRF-BA;DEL07-BA;UOP01-DEL07-BA;;;
726248;20/10/2025;segunda-feira;06:30:00;PR;116;8;CAMPINA GRANDE DO SUL;Velocidade Incompat�vel;Sa�da de leito carro��vel;Com V�timas Feridas;Pleno dia;Crescente;Nublado;Dupla;Curva;N�o;3;0;2;0;1;0;2;1;-25,08100749;-48,62293351;SPRF-PR;DEL01-PR;UOP02-DEL01-PR;;;
726250;20/10/2025;segunda-feira;06:30:00;BA;110;178,8;RIBEIRA DO POMBAL;Acesso irregular;Colis�o lateral mesmo sentido;Com V�timas Feridas;Pleno dia;Crescente;Sol;Simples;"Aclive;Reta";N�o;2;0;1;0;0;1;1;2;-10,87417;-38,526706;SPRF-BA;DEL07-BA;UOP02-DEL07-BA;;;
726251;20/10/2025;segunda-feira;01:02:00;PR;163;140,1;CAPITAO LEONIDAS MARQUES;Aus�ncia de rea��o do condutor;Sa�da de leito carro��vel;Com V�timas Feridas;Plena Noite;Crescente;C�u Claro;Simples;Curva;N�o;1;0;1;0;0;0;1;1;-25,47164485;-53,58522534;SPRF-PR;DEL05-PR;UOP05-DEL05-PR;;;
726252;20/10/2025;segunda-feira;05:50:00;RN;304;72,2;MOSSORO;Ultrapassagem Indevida;Sa�da de leito carro��vel;Com V�timas Feridas;Pleno dia;Decrescente;C�u Claro;Simples;Reta;N�o;1;0;1;0;0;0;1;1;-5,41842;-37,2145;SPRF-RN;DEL04-RN;UOP01-DEL04-RN;;;
726257;20/10/2025;segunda-feira;06:56:00;RN;304;31,5;MOSSORO;Acessar a via sem observar a presen�a dos outros ve�culos;Colis�o transversal;Com V�timas Feridas;Pleno dia;Crescente;C�u Claro;Simples;Reta;Sim;2;0;1;0;1;0;1;2;-5,130963;-37,344082;SPRF-RN;DEL04-RN;UOP02-DEL04-RN;;;
726258;20/10/2025;segunda-feira;06:45:00;MA;135;10;SAO LUIS;Rea��o tardia ou ineficiente do condutor;Colis�o traseira;Sem V�timas;Pleno dia;Decrescente;C�u Claro;Dupla;Reta;N�o;3;0;0;0;3;0;0;3;-2,66280818;-44,2856732;SPRF-MA;DEL01-MA;UOP01-DEL01-MA;;;
726261;20/10/2025;segunda-feira;07:30:00;PR;116;123,1;CURITIBA;Rea��o tardia ou ineficiente do condutor;Colis�o traseira;Com V�timas Feridas;Pleno dia;Crescente;Nublado;Dupla;Reta;N�o;2;0;1;0;1;0;1;2;-25,6181796;-49,3169685;SPRF-PR;DEL01-PR;UOP03-DEL01-PR;;;
726262;20/10/2025;segunda-feira;07:20:00;MG;262;118;RIO CASCA;Acostamento em desn�vel;Colis�o lateral mesmo sentido;Com V�timas Feridas;Pleno dia;Crescente;C�u Claro;Simples;Reta;Sim;2;0;0;1;1;0;1;2;-20,222258;-42,642125;SPRF-MG;DEL03-MG;UOP03-DEL03-MG;;;
726264;20/10/2025;segunda-feira;06:50:00;MG;381;486;BETIM;Trafegar com motocicleta (ou similar) entre as faixas;Tombamento;Com V�timas Feridas;Pleno dia;Decrescente;Nublado;Dupla;Reta;Sim;2;0;1;0;1;0;1;1;-19,95612957;-44,10652077;SPRF-MG;DEL01-MG;UOP03-DEL01-MG;;;
726265;20/10/2025;segunda-feira;06:40:00;RR;174;488;BOA VISTA;Condutor deixou de manter dist�ncia do ve�culo da frente;Colis�o traseira;Sem V�timas;Amanhecer;Decrescente;C�u Claro;Simples;Reta;N�o;3;0;0;0;3;0;0;2;2,73035389;-60,78596735;SPRF-RR;DEL01-RR;UOP01-DEL01-RR;;;
726266;20/10/2025;segunda-feira;07:20:00;MG;365;145,4;PIRAPORA;Condutor deixou de manter dist�ncia do ve�culo da frente;Sa�da de leito carro��vel;Com V�timas Feridas;Pleno dia;Decrescente;Chuva;Simples;Curva;N�o;4;0;4;0;0;0;4;1;-17,24723;-44,83357;SPRF-MG;DEL10-MG;UOP02-DEL010-MG;;;
726268;20/10/2025;segunda-feira;07:50:00;SC;101;214;PALHOCA;Condutor deixou de manter dist�ncia do ve�culo da frente;Colis�o lateral mesmo sentido;Com V�timas Feridas;Pleno dia;Decrescente;Nublado;M�ltipla;Reta;Sim;3;0;1;0;1;1;1;3;-27,63779087;-48,66550382;SPRF-SC;DEL01-SC;UOP02-DEL01-SC;;;
726269;16/10/2025;quinta-feira;10:00:00;MG;381;224,7;SANTANA DO PARAISO;Aus�ncia de rea��o do condutor;Sa�da de leito carro��vel;Com V�timas Feridas;Pleno dia;Decrescente;Sol;Simples;Reta;N�o;2;0;1;0;1;0;1;1;-19,36038489;-42,44087219;SPRF-MG;DEL06-MG;UOP01-DEL06-MG;;;
726270;20/10/2025;segunda-feira;07:20:00;BA;324;594;CANDEIAS;Aus�ncia de rea��o do condutor;Colis�o traseira;Com V�timas Feridas;Pleno dia;Crescente;Chuva;Dupla;Curva;Sim;2;0;1;0;1;0;1;2;-12,71576486;-38,45256376;SPRF-BA;DEL01-BA;UOP01-DEL01-BA;;;
726271;12/10/2025;domingo;16:35:00;PR;373;234,5;IMBITUVA;Chuva;Colis�o frontal;Com V�timas Feridas;Pleno dia;Crescente;Chuva;Simples;Reta;N�o;7;0;1;6;0;0;7;2;-25,181825;-50,712016;SPRF-PR;DEL03-PR;UOP01-DEL03-PR;;;
726272;20/10/2025;segunda-feira;08:00:00;SE;101;93;NOSSA SENHORA DO SOCORRO;Acessar a via sem observar a presen�a dos outros ve�culos;Colis�o traseira;Com V�timas Feridas;Pleno dia;Crescente;C�u Claro;Dupla;Retorno Regulamentado;Sim;2;0;0;1;1;0;1;2;-10,90548;-37,149543;SPRF-SE;DEL01-SE;UOP01-DEL01-SE;;;
726273;20/10/2025;segunda-feira;07:45:00;MG;40;517,8;RIBEIRAO DAS NEVES;Acessar a via sem observar a presen�a dos outros ve�culos;Colis�o transversal;Com V�timas Feridas;Pleno dia;Crescente;Nublado;Dupla;Reta;Sim;6;0;0;2;3;1;2;5;-19,829555;-44,083482;SPRF-MG;DEL01-MG;UOP02-DEL01-MG;;;
726274;20/10/2025;segunda-feira;07:00:00;RO;364;710;PORTO VELHO;Acessar a via sem observar a presen�a dos outros ve�culos;Colis�o lateral mesmo sentido;Com V�timas Feridas;Pleno dia;Crescente;C�u Claro;Dupla;Retorno Regulamentado;Sim;3;0;0;1;1;1;1;2;-8,7833483;-63,86211694;SPRF-RO;DEL01-RO;UOP01-DEL01-RO;;;
726275;20/10/2025;segunda-feira;07:20:00;MT;70;476;BARRA DO GARCAS;Condutor Dormindo;Colis�o traseira;Sem V�timas;Pleno dia;Crescente;C�u Claro;Simples;Reta;N�o;2;0;0;0;2;0;0;2;-15,87252312;-52,38531076;SPRF-MT;DEL01-MT;UOP02-DEL01-MT;;;
726276;20/10/2025;segunda-feira;07:45:00;PR;369;147,2;LONDRINA;Rea��o tardia ou ineficiente do condutor;Colis�o traseira;Com V�timas Feridas;Pleno dia;Crescente;C�u Claro;Dupla;Reta;N�o;2;0;1;0;1;0;1;2;-23,29316859;-51,13572948;SPRF-PR;DEL07-PR;UOP01-DEL07-PR;;;
726277;20/10/2025;segunda-feira;07:00:00;MG;116;277;TEOFILO OTONI;Aus�ncia de rea��o do condutor;Tombamento;Com V�timas Feridas;Pleno dia;Decrescente;Chuva;Simples;Curva;Sim;1;0;0;1;0;0;1;1;-17,8626897;-41,51475755;SPRF-MG;DEL11-MG;UOP01-DEL11-MG;;;
726278;20/10/2025;segunda-feira;08:00:00;SC;101;216;PALHOCA;Rea��o tardia ou ineficiente do condutor;Colis�o traseira;Com V�timas Feridas;Pleno dia;Crescente;Nublado;M�ltipla;Reta;Sim;2;0;1;0;1;0;1;2;-27,660542;-48,67736;SPRF-SC;DEL01-SC;UOP02-DEL01-SC;;;
726282;20/10/2025;segunda-feira;08:30:00;PE;101;66;RECIFE;Aus�ncia de rea��o do condutor;Colis�o traseira;Com V�timas Feridas;Pleno dia;Crescente;C�u Claro;Dupla;Reta;Sim;2;0;1;0;0;1;1;2;-8,046658;-34,877065;SPRF-PE;DEL01-PE;UOP01-DEL01-PE;;;
726283;20/10/2025;segunda-feira;00:30:00;RJ;116;179;MESQUITA;Suic�dio (presumido);Atropelamento de Pedestre;Com V�timas Fatais;Plena Noite;Decrescente;Nublado;Dupla;Reta;Sim;2;1;0;0;1;0;0;2;-22,77155186;-43,40638161;SPRF-RJ;DEL06-RJ;UOP01-DEL06-RJ;;;
726285;20/10/2025;segunda-feira;06:50:00;MG;116;268;TEOFILO OTONI;Aus�ncia de rea��o do condutor;Engavetamento;Com V�timas Feridas;Pleno dia;Decrescente;Chuva;Simples;"Aclive;Curva";N�o;4;0;0;1;3;0;1;3;-17,787728;-41,499395;SPRF-MG;DEL11-MG;UOP01-DEL11-MG;;;
726286;20/10/2025;segunda-feira;08:20:00;CE;222;222;SOBRAL;Desrespeitar a prefer�ncia no cruzamento;Colis�o transversal;Com V�timas Feridas;Pleno dia;Crescente;C�u Claro;Simples;"Aclive;Curva";Sim;3;0;2;0;1;0;2;2;-3,71678;-40,33454;SPRF-CE;DEL04-CE;UOP01-DEL04-CE;;;
726287;20/10/2025;segunda-feira;08:45:00;SC;101;134;BALNEARIO CAMBORIU;Manobra de mudan�a de faixa;Colis�o lateral mesmo sentido;Com V�timas Feridas;Pleno dia;Crescente;C�u Claro;M�ltipla;Reta;Sim;3;0;3;0;0;0;3;2;-27,00170256;-48,63922882;SPRF-SC;DEL04-SC;UOP03-DEL04-SC;;;
726288;20/10/2025;segunda-feira;08:15:00;RS;116;38,1;VACARIA;Condutor deixou de manter dist�ncia do ve�culo da frente;Colis�o traseira;Com V�timas Feridas;Pleno dia;Crescente;Sol;Simples;Reta;Sim;3;0;1;0;2;0;1;2;-28,50633506;-50,92617989;SPRF-RS;DEL05-RS;UOP03-DEL05-RS;;;
726289;20/10/2025;segunda-feira;08:05:00;RS;472;572;URUGUAIANA;Condutor deixou de manter dist�ncia do ve�culo da frente;Colis�o lateral mesmo sentido;Com V�timas Feridas;Pleno dia;Decrescente;C�u Claro;Simples;Reta;N�o;2;0;1;0;1;0;1;2;-29,76484305;-57,03957796;SPRF-RS;DEL13-RS;UOP01-DEL13-RS;;;
726291;20/10/2025;segunda-feira;16:10:00;SP;116;214;GUARULHOS;Acessar a via sem observar a presen�a dos outros ve�culos;Colis�o lateral mesmo sentido;Com V�timas Feridas;Pleno dia;Decrescente;C�u Claro;Dupla;"Reta;Interse��o de Vias";Sim;2;0;1;1;0;0;2;2;-23,44485732;-46,44883124;SPRF-SP;DEL01-SP;UOP01-DEL01-SP;;;
726292;20/10/2025;segunda-feira;07:58:00;BA;324;622;SALVADOR;Manobra de mudan�a de faixa;Colis�o lateral mesmo sentido;Com V�timas Feridas;Pleno dia;Crescente;Chuva;Dupla;Reta;Sim;1;0;1;0;0;0;1;1;-12,92085;-38,46556;SPRF-BA;DEL01-BA;UOP01-DEL01-BA;;;
726294;20/10/2025;segunda-feira;07:30:00;PR;369;94,5;CORNELIO PROCOPIO;Pista esburacada;Tombamento;Com V�timas Feridas;Pleno dia;Crescente;Sol;Dupla;"Declive;Reta";N�o;1;0;0;1;0;0;1;1;-23,22031913;-50,67109489;SPRF-PR;DEL07-PR;UOP05-DEL07-PR;;;
726296;20/10/2025;segunda-feira;09:00:00;RS;285;212,4;CASEIROS;Rea��o tardia ou ineficiente do condutor;Sa�da de leito carro��vel;Com V�timas Feridas;Pleno dia;Decrescente;C�u Claro;Simples;Reta;N�o;2;0;1;0;1;0;1;1;-28,24234;-51,643788;SPRF-RS;DEL08-RS;UOP05-DEL08-RS;;;
726298;27/09/2025;s�bado;22:45:00;GO;60;100;ANAPOLIS;Acessar a via sem observar a presen�a dos outros ve�culos;Atropelamento de Pedestre;Com V�timas Fatais;Plena Noite;Crescente;Ignorado;Dupla;Reta;N�o;2;1;0;0;1;0;0;2;-16,40002;-48,97004;SPRF-GO;DEL02-GO;UOP01-DEL02-GO;;;
726299;04/10/2025;s�bado;12:00:00;MG;40;510;RIBEIRAO DAS NEVES;Condutor deixou de manter dist�ncia do ve�culo da frente;Colis�o traseira;Com V�timas Feridas;Pleno dia;Crescente;Nublado;Dupla;"Reta;Aclive";Sim;2;0;1;0;1;0;1;2;-19,7775977;-44,1209631;SPRF-MG;DEL01-MG;UOP02-DEL01-MG;;;