id;data_inversa;dia_semana;horario;uf;br;km;municipio;causa_acidente;tipo_acidente;classificacao_acidente;fase_dia;sentido_via;condicao_metereologica;tipo_pista;tracado_via;uso_solo;pessoas;mortos;feridos_leves;feridos_graves;ilesos;ignorados;feridos;veiculos;latitude;longitude;regional;delegacia;uop;;;
726301;20/10/2025;segunda-feira;09:44:00;PI;343;0,5;TERESINA;Manobra de mudan�a de faixa;Colis�o lateral mesmo sentido;Com V�timas Feridas;Pleno dia;Crescente;C�u Claro;M�ltipla;Reta;Sim;2;0;1;0;1;0;1;2;-5,070955;-42,754777;SPRF-PI;DEL01-PI;UOP01-DEL01-PI;;;
726303;20/10/2025;segunda-feira;09:50:00;BA;116;418;FEIRA DE SANTANA;Acesso irregular;Colis�o traseira;Com V�timas Feridas;Pleno dia;Crescente;C�u Claro;Dupla;Reta;Sim;2;0;1;0;1;0;1;2;-12,203209;-38,965456;SPRF-BA;DEL02-BA;UOP01-DEL02-BA;;;
726304;20/10/2025;segunda-feira;10:00:00;AL;316;84;SANTANA DO IPANEMA;Acessar a via sem observar a presen�a dos outros ve�culos;Colis�o transversal;Com V�timas Feridas;Pleno dia;Decrescente;C�u Claro;Simples;"Retorno Regulamentado;Reta;Interse��o de Vias";Sim;2;0;1;0;1;0;1;2;-9,36674016;-37,25554911;SPRF-AL;DEL03-AL;UOP02-DEL03-AL;;;
726305;20/10/2025;segunda-feira;08:12:00;PR;277;721;FOZ DO IGUACU;Rea��o tardia ou ineficiente do condutor;Queda de ocupante de ve�culo;Com V�timas Feridas;Pleno dia;Crescente;C�u Claro;Simples;Reta;Sim;1;0;1;0;0;0;1;1;-25,494;-54,518;SPRF-PR;DEL05-PR;UOP03-DEL05-PR;;;
726306;19/10/2025;domingo;14:30:00;RS;116;218;MORRO REUTER;Aus�ncia de rea��o do condutor;Colis�o traseira;Com V�timas Feridas;Pleno dia;Decrescente;C�u Claro;Simples;"Reta;Em Obras;Aclive";N�o;2;0;1;0;1;0;1;2;-29,55153557;-51,09013315;SPRF-RS;DEL05-RS;UOP02-DEL05-RS;;;
726309;30/09/2025;ter�a-feira;21:00:00;RJ;101;401;ITAGUAI;Ingest�o de �lcool pelo condutor;Colis�o traseira;Com V�timas Feridas;Plena Noite;Crescente;C�u Claro;Dupla;Reta;N�o;3;0;1;0;2;0;1;3;-22,85009425;-43,7809407;SPRF-RJ;DEL03-RJ;UOP01-DEL03-RJ;;;
726310;19/10/2025;domingo;20:00:00;PR;153;165,7;VENTANIA;Rea��o tardia ou ineficiente do condutor;Colis�o com objeto;Com V�timas Feridas;Plena Noite;Crescente;C�u Claro;Simples;"Reta;Aclive";N�o;1;0;1;0;0;0;1;1;-24,270202;-50,252247;SPRF-PR;DEL03-PR;UOP02-DEL03-PR;;;
726312;20/10/2025;segunda-feira;09:30:00;PE;101;75,7;RECIFE;Condutor deixou de manter dist�ncia do ve�culo da frente;Colis�o traseira;Com V�timas Feridas;Pleno dia;Decrescente;C�u Claro;Dupla;"Reta;Interse��o de Vias";Sim;3;0;1;1;1;0;2;2;-8,11553;-34,94426;SPRF-PE;DEL01-PE;UOP01-DEL01-PE;;;
726313;20/10/2025;segunda-feira;10:45:00;SP;116;545;BARRA DO TURVO;Pista Escorregadia;Colis�o com objeto;Com V�timas Feridas;Pleno dia;Crescente;Chuva;M�ltipla;"Curva;Declive";N�o;4;0;2;0;2;0;2;1;-24,94781079;-48,42411742;SPRF-SP;DEL05-SP;UOP02-DEL05-SP;;;
726314;20/10/2025;segunda-feira;09:50:00;MA;222;339,6;IGARAPE DO MEIO;Convers�o proibida;Colis�o transversal;Com V�timas Feridas;Pleno dia;Decrescente;Sol;Simples;Reta;N�o;2;0;1;1;0;0;2;2;-3,651227;-45,205655;SPRF-MA;DEL02-MA;UOP01-DEL02-MA;;;
726317;20/10/2025;segunda-feira;11:34:00;SC;101;188,6;BIGUACU;Aus�ncia de rea��o do condutor;Colis�o com objeto;Com V�timas Feridas;Pleno dia;Crescente;Nublado;M�ltipla;Viaduto;Sim;2;0;1;0;1;0;1;2;-27,45876344;-48,63711298;SPRF-SC;DEL01-SC;UOP01-DEL01-SC;;;
726318;20/10/2025;segunda-feira;11:05:00;SC;101;208;SAO JOSE;Aus�ncia de rea��o do condutor;Colis�o traseira;Com V�timas Feridas;Pleno dia;Decrescente;Nublado;M�ltipla;Reta;Sim;2;0;1;0;1;0;1;2;-27,603854;-48,632616;SPRF-SC;DEL01-SC;UOP01-DEL01-SC;;;
726319;20/10/2025;segunda-feira;10:50:00;RJ;493;81,3;JAPERI;Falta de elemento de conten��o que evite a sa�da do leito carro��vel;Sa�da de leito carro��vel;Sem V�timas;Pleno dia;Crescente;C�u Claro;Dupla;Reta;N�o;1;0;0;0;1;0;0;1;-22,663763;-43,584905;SPRF-RJ;DEL01-RJ;UOP03-DEL01-RJ;;;
726323;09/10/2025;quinta-feira;09:20:00;MS;163;349;RIO BRILHANTE;Velocidade Incompat�vel;Sa�da de leito carro��vel;Sem V�timas;Pleno dia;Crescente;C�u Claro;Simples;Reta;N�o;1;0;0;0;0;1;0;1;-21,597487;-54,435821;SPRF-MS;DEL02-MS;UOP02-DEL02-MS;;;
726325;20/10/2025;segunda-feira;12:20:00;ES;101;215,9;IBIRACU;Aus�ncia de rea��o do condutor;Tombamento;Com V�timas Feridas;Pleno dia;Decrescente;Garoa/Chuvisco;Simples;Reta;N�o;1;0;1;0;0;0;1;1;-19,78760768;-40,36996562;SPRF-ES;DEL02-ES;UOP01-DEL02-ES;;;
726326;20/10/2025;segunda-feira;12:20:00;SC;101;204,9;SAO JOSE;Condutor deixou de manter dist�ncia do ve�culo da frente;Colis�o lateral mesmo sentido;Com V�timas Feridas;Pleno dia;Crescente;C�u Claro;Dupla;Reta;Sim;2;0;1;0;1;0;1;2;-27,58191;-48,614952;SPRF-SC;DEL01-SC;UOP01-DEL01-SC;;;
726327;20/10/2025;segunda-feira;08:50:00;BA;116;24;VITORIA DA CONQUISTA;Chuva;Sa�da de leito carro��vel;Com V�timas Feridas;Pleno dia;Decrescente;Chuva;Simples;Reta;Sim;1;0;1;0;0;0;1;1;-14,86625405;-40,79986292;SPRF-BA;DEL08-BA;UOP01-DEL08-BA;;;
726328;20/10/2025;segunda-feira;13:10:00;PE;101;44;IGARASSU;Rea��o tardia ou ineficiente do condutor;Colis�o traseira;Com V�timas Feridas;Pleno dia;Decrescente;C�u Claro;M�ltipla;Reta;Sim;2;0;1;0;1;0;1;2;-7,861145;-34,907707;SPRF-PE;DEL01-PE;UOP02-DEL01-PE;;;
726330;20/10/2025;segunda-feira;11:50:00;PI;343;265;CAMPO MAIOR;Desrespeitar a prefer�ncia no cruzamento;Colis�o transversal;Com V�timas Feridas;Pleno dia;Decrescente;C�u Claro;Simples;Reta;Sim;2;0;1;0;1;0;1;2;-4,8302225;-42,1637866;SPRF-PI;DEL01-PI;UOP03-DEL01-PI;;;
726332;14/09/2025;domingo;08:40:00;RS;116;195;PICADA CAFE;Rea��o tardia ou ineficiente do condutor;Colis�o traseira;Com V�timas Feridas;Pleno dia;Crescente;C�u Claro;Simples;Reta;Sim;2;0;0;1;1;0;1;2;-29,461497;-51,141003;SPRF-RS;DEL05-RS;UOP02-DEL05-RS;;;
726333;20/10/2025;segunda-feira;13:05:00;RN;110;49,8;MOSSORO;Rea��o tardia ou ineficiente do condutor;Colis�o lateral mesmo sentido;Com V�timas Feridas;Pleno dia;Crescente;C�u Claro;Dupla;"Reta;Interse��o de Vias";Sim;2;0;1;0;1;0;1;2;-5,22333631;-37,32547045;SPRF-RN;DEL04-RN;UOP01-DEL04-RN;;;
726335;20/10/2025;segunda-feira;11:30:00;PE;232;80;GRAVATA;Acumulo de areia ou detritos sobre o pavimento;Tombamento;Com V�timas Feridas;Pleno dia;Decrescente;C�u Claro;Simples;Curva;Sim;2;0;1;1;0;0;2;1;-8,19493;-35,56427;SPRF-PE;DEL02-PE;UOP02-DEL02PE;;;
726337;20/10/2025;segunda-feira;12:30:00;PR;153;36;SANTO ANTONIO DA PLATINA;Rea��o tardia ou ineficiente do condutor;Sa�da de leito carro��vel;Com V�timas Feridas;Pleno dia;Decrescente;C�u Claro;Simples;Reta;N�o;1;0;1;0;0;0;1;1;-23,25313599;-50,04920483;SPRF-PR;DEL07-PR;UOP04-DEL07-PR;;;
726339;20/10/2025;segunda-feira;11:20:00;MS;163;140,8;NAVIRAI;Ingest�o de �lcool pelo condutor;Sa�da de leito carro��vel;Sem V�timas;Pleno dia;Crescente;C�u Claro;Simples;Reta;N�o;2;0;0;0;1;1;0;1;-23,004867;-54,355089;SPRF-MS;DEL09-MS;UOP01-DEL09-MS;;;
726340;20/10/2025;segunda-feira;13:00:00;PR;277;4;CURITIBA;Rea��o tardia ou ineficiente do condutor;Queda de ocupante de ve�culo;Com V�timas Feridas;Pleno dia;Crescente;C�u Claro;Dupla;Declive;Sim;1;0;1;0;0;0;1;1;-25,43118745;-49,32436315;SPRF-PR;DEL01-PR;UOP06-DEL01-PR;;;
726341;20/10/2025;segunda-feira;09:00:00;RS;0;0;LAJEADO;Problema com o freio;Colis�o traseira;Sem V�timas;Pleno dia;N�o Informado;C�u Claro;Simples;Reta;Sim;2;0;0;0;2;0;0;2;-29,44318539;-51,96567535;SPRF-RS;DEL04-RS;N/A;;;
726345;20/10/2025;segunda-feira;10:20:00;MG;116;412;GOVERNADOR VALADARES;Pedestre cruzava a pista fora da faixa;Atropelamento de Pedestre;Com V�timas Feridas;Pleno dia;Crescente;C�u Claro;Simples;Rotat�ria;N�o;2;0;1;0;1;0;1;2;-18,88257439;-41,9581604;SPRF-MG;DEL06-MG;UOP01-DEL06-MG;;;
726346;28/09/2025;domingo;19:45:00;SC;280;238,8;CANOINHAS;Ingest�o de �lcool pelo condutor;Colis�o lateral sentido oposto;Com V�timas Feridas;Plena Noite;Crescente;C�u Claro;Simples;Curva;N�o;6;0;4;1;1;0;5;3;-26,20812369;-50,4460721;SPRF-SC;DEL06-SC;UOP04-DEL06-SC;;;
726347;20/10/2025;segunda-feira;11:50:00;RS;285;336,4;PASSO FUNDO;Rea��o tardia ou ineficiente do condutor;Sa�da de leito carro��vel;Com V�timas Feridas;Pleno dia;Decrescente;C�u Claro;Simples;Reta;Sim;1;0;1;0;0;0;1;1;-28,26961333;-52,67223358;SPRF-RS;DEL08-RS;UOP03-DEL08-RS;;;
726348;20/10/2025;segunda-feira;13:40:00;SC;116;4,5;MAFRA;Acessar a via sem observar a presen�a dos outros ve�culos;Colis�o transversal;Com V�timas Feridas;Pleno dia;Crescente;C�u Claro;Simples;Rotat�ria;Sim;3;0;0;1;1;1;1;3;-26,1391303;-49,81267143;SPRF-SC;DEL06-SC;UOP01-DEL06-SC;;;
726351;20/10/2025;segunda-feira;12:30:00;PR;116;29,4;CAMPINA GRANDE DO SUL;Chuva;Capotamento;Com V�timas Feridas;Pleno dia;Decrescente;Garoa/Chuvisco;Simples;Curva;N�o;5;0;5;0;0;0;5;1;-25,11211;-48,813843;SPRF-PR;DEL01-PR;UOP02-DEL01-PR;;;
726352;18/10/2025;s�bado;16:21:00;MA;135;306,1;DOM PEDRO;Demais falhas na via;Eventos at�picos;Com V�timas Feridas;Pleno dia;Crescente;C�u Claro;Simples;Reta;N�o;5;0;5;0;0;0;5;1;-5,00578844;-44,43042755;SPRF-MA;DEL06-MA;UOP01-DEL06-MA;;;
726354;20/10/2025;segunda-feira;14:00:00;PR;116;115;CURITIBA;Aus�ncia de rea��o do condutor;Colis�o com objeto;Com V�timas Feridas;Pleno dia;Crescente;Sol;M�ltipla;Reta;Sim;5;0;4;0;1;0;4;1;-25,555257;-49,305497;SPRF-PR;DEL01-PR;UOP03-DEL01-PR;;;
726355;20/10/2025;segunda-feira;13:00:00;RJ;101;401,5;ITAGUAI;Demais falhas mec�nicas ou el�tricas;Sa�da de leito carro��vel;Com V�timas Feridas;Pleno dia;Decrescente;Nublado;Dupla;Curva;Sim;1;0;1;0;0;0;1;1;-22,85893433;-43,75935579;SPRF-RJ;DEL03-RJ;UOP01-DEL03-RJ;;;
726356;20/10/2025;segunda-feira;13:30:00;MT;163;928;ITAUBA;Avarias e/ou desgaste excessivo no pneu;Sa�da de leito carro��vel;Com V�timas Feridas;Pleno dia;Crescente;Chuva;Simples;"Declive;Reta";N�o;2;0;1;0;1;0;1;1;-11,06959211;-55,27839661;SPRF-MT;DEL06-MT;UOP02-DEL06-MT;;;
726358;20/10/2025;segunda-feira;14:20:00;ES;101;125,8;SOORETAMA;Transitar na contram�o;Colis�o transversal;Com V�timas Feridas;Pleno dia;Crescente;Nublado;Simples;Reta;N�o;5;0;2;0;3;0;2;2;-19,19171366;-40,09509802;SPRF-ES;DEL04-ES;UOP01-DEL04-ES;;;
726360;20/10/2025;segunda-feira;14:30:00;SC;101;213;PALHOCA;Rea��o tardia ou ineficiente do condutor;Tombamento;Com V�timas Feridas;Pleno dia;Crescente;Nublado;M�ltipla;Reta;Sim;1;0;1;0;0;0;1;1;-27,6385346;-48,6656622;SPRF-SC;DEL01-SC;UOP02-DEL01-SC;;;
726361;20/10/2025;segunda-feira;12:40:00;PE;101;45;IGARASSU;Aus�ncia de rea��o do condutor;Colis�o traseira;Com V�timas Feridas;Pleno dia;Crescente;C�u Claro;Dupla;Reta;Sim;6;0;2;0;4;0;2;2;-7,872532;-34,906103;SPRF-PE;DEL01-PE;UOP02-DEL01-PE;;;
726362;20/10/2025;segunda-feira;07:50:00;MT;364;302,7;CUIABA;Condutor deixou de manter dist�ncia do ve�culo da frente;Colis�o traseira;Sem V�timas;Pleno dia;Decrescente;C�u Claro;Dupla;"Reta;Viaduto";Sim;2;0;0;0;2;0;0;2;-15,64878225;-56,002656;SPRF-MT;DEL05-MT;UOP02-DEL05-MT;;;
726363;20/10/2025;segunda-feira;15:00:00;SP;488;2;APARECIDA;Rea��o tardia ou ineficiente do condutor;Colis�o lateral mesmo sentido;Com V�timas Feridas;Pleno dia;Decrescente;Nublado;Dupla;Reta;Sim;2;0;1;0;1;0;1;2;-22,85123309;-45,23846984;SPRF-SP;DEL08-SP;UOP01-DEL08-SP;;;
726365;20/10/2025;segunda-feira;12:00:00;GO;452;72;MAURILANDIA;Ultrapassagem Indevida;Colis�o frontal;Com V�timas Feridas;Pleno dia;Decrescente;C�u Claro;Simples;Reta;N�o;5;0;5;0;0;0;5;2;-18,037303;-50,2857;SPRF-GO;DEL04-GO;UOP01-DEL04-GO;;;
726366;20/10/2025;segunda-feira;14:00:00;PE;101;67;RECIFE;Acessar a via sem observar a presen�a dos outros ve�culos;Colis�o lateral mesmo sentido;Sem V�timas;Pleno dia;Decrescente;Sol;M�ltipla;Reta;Sim;2;0;0;0;1;1;0;2;-8,0424;-34,943388;SPRF-PE;DEL01-PE;UOP01-DEL01-PE;;;
726367;20/10/2025;segunda-feira;15:30:00;MG;381;731;CARMO DA CACHOEIRA;Rea��o tardia ou ineficiente do condutor;Sa�da de leito carro��vel;Com V�timas Feridas;Pleno dia;Decrescente;C�u Claro;Dupla;Curva;N�o;2;0;1;0;1;0;1;1;-21,47505;-45,203546;SPRF-MG;DEL16-MG;UOP02-DEL16-MG;;;
726368;20/10/2025;segunda-feira;16:10:00;RS;293;12;CAPAO DO LEAO;Aus�ncia de rea��o do condutor;Colis�o traseira;Com V�timas Feridas;Pleno dia;Crescente;C�u Claro;Simples;Reta;Sim;2;0;1;0;1;0;1;2;-31,75632226;-52,44197264;SPRF-RS;DEL07-RS;UOP01-DEL07-RS;;;
726369;20/10/2025;segunda-feira;15:30:00;PR;376;17;MARINGA;Rea��o tardia ou ineficiente do condutor;Colis�o com objeto;Com V�timas Feridas;Pleno dia;Decrescente;C�u Claro;Dupla;"Aclive;Curva";Sim;1;0;1;0;0;0;1;1;-23,431238;-51,887283;SPRF-PR;DEL09-PR;UOP01-DEL09-PR;;;
726372;20/10/2025;segunda-feira;15:15:00;MA;10;249;IMPERATRIZ;Rea��o tardia ou ineficiente do condutor;Colis�o lateral mesmo sentido;Com V�timas Feridas;Pleno dia;Decrescente;C�u Claro;M�ltipla;Reta;Sim;2;0;1;0;1;0;1;2;-5,558045;-47,454882;SPRF-MA;DEL04-MA;UOP01-DEL04-MA;;;
726374;20/10/2025;segunda-feira;14:40:00;MG;50;178;UBERABA;Rea��o tardia ou ineficiente do condutor;Capotamento;Com V�timas Feridas;Pleno dia;Crescente;C�u Claro;Dupla;"Desvio Tempor�rio;Declive;Em Obras";Sim;2;0;1;1;0;0;2;1;-19,7951488;-47,9002624;SPRF-MG;DEL13-MG;UOP01-DEL13-MG;;;
726375;20/10/2025;segunda-feira;14:40:00;PR;153;498,6;GENERAL CARNEIRO;Velocidade Incompat�vel;Colis�o frontal;Com V�timas Feridas;Pleno dia;Crescente;Sol;Simples;Curva;N�o;5;0;1;4;0;0;5;2;-26,4612815;-51,3228924;SPRF-PR;DEL02-PR;UOP03-DEL02-PR;;;
726378;20/10/2025;segunda-feira;15:40:00;SE;235;97,3;CARIRA;Carga excessiva e/ou mal acondicionada;Tombamento;Com V�timas Feridas;Pleno dia;Decrescente;C�u Claro;Simples;Reta;N�o;1;0;1;0;0;0;1;1;-10,44711414;-37,67825067;SPRF-SE;DEL01-SE;UOP02-DEL01-SE;;;
726381;20/10/2025;segunda-feira;17:00:00;PI;343;1,8;TERESINA;Aus�ncia de rea��o do condutor;Colis�o traseira;Com V�timas Feridas;Pleno dia;Decrescente;C�u Claro;Dupla;Reta;Sim;2;0;1;0;1;0;1;2;-5,0811338;-42,7643093;SPRF-PI;DEL01-PI;UOP01-DEL01-PI;;;
726382;20/10/2025;segunda-feira;07:30:00;SP;153;72,3;SAO JOSE DO RIO PRETO;Condutor deixou de manter dist�ncia do ve�culo da frente;Colis�o traseira;Com V�timas Feridas;Pleno dia;Decrescente;Sol;Dupla;Aclive;N�o;2;0;1;0;1;0;1;2;-20,873248;-49,417661;SPRF-SP;DEL09-SP;UOP01-DEL09-SP;;;
726384;20/10/2025;segunda-feira;17:40:00;SC;101;213;PALHOCA;Rea��o tardia ou ineficiente do condutor;Colis�o traseira;Com V�timas Feridas;Anoitecer;Crescente;Nublado;M�ltipla;Reta;Sim;2;0;1;0;1;0;1;2;-27,638468;-48,66611;SPRF-SC;DEL01-SC;UOP02-DEL01-SC;;;
726385;20/10/2025;segunda-feira;17:20:00;RS;285;293,8;PASSO FUNDO;Acessar a via sem observar a presen�a dos outros ve�culos;Colis�o traseira;Com V�timas Feridas;Pleno dia;Crescente;Sol;Simples;Interse��o de Vias;Sim;2;0;0;1;1;0;1;2;-28,23531964;-52,38096412;SPRF-RS;DEL08-RS;UOP03-DEL08-RS;;;
726386;20/10/2025;segunda-feira;17:00:00;CE;116;40;HORIZONTE;Entrada inopinada do pedestre;Atropelamento de Pedestre;Com V�timas Feridas;Anoitecer;Decrescente;C�u Claro;M�ltipla;"Reta;Retorno Regulamentado";Sim;3;0;1;2;0;0;3;2;-4,104149;-38,498027;SPRF-CE;DEL01-CE;UOP02-DEL01-CE;;;
726387;20/10/2025;segunda-feira;18:00:00;SC;101;154;PORTO BELO;Avarias e/ou desgaste excessivo no pneu;Sa�da de leito carro��vel;Com V�timas Feridas;Pleno dia;Decrescente;Nublado;Dupla;Reta;Sim;2;0;2;0;0;0;2;1;-27,15939197;-48,61082967;SPRF-SC;DEL04-SC;UOP03-DEL04-SC;;;
726388;20/10/2025;segunda-feira;17:30:00;RJ;101;330;RIO DE JANEIRO;Aus�ncia de rea��o do condutor;Colis�o traseira;Com V�timas Feridas;Anoitecer;Decrescente;Nublado;M�ltipla;Reta;Sim;3;0;2;0;1;0;2;2;-22,86921599;-43,18416595;SPRF-RJ;DEL02-RJ;UOP01-DEL02-RJ;;;
726389;20/10/2025;segunda-feira;17:45:00;PR;376;3,5;MANDAGUARI;Aus�ncia de rea��o do condutor;Colis�o traseira;Com V�timas Feridas;Pleno dia;Decrescente;Sol;Simples;"Interse��o de Vias;Rotat�ria";Sim;3;0;1;1;1;0;2;2;-23,516958;-51,686979;SPRF-PR;DEL09-PR;UOP01-DEL09-PR;;;
726390;20/10/2025;segunda-feira;17:30:00;MG;381;504;BETIM;Entrada inopinada do pedestre;Atropelamento de Pedestre;Com V�timas Feridas;Anoitecer;Decrescente;C�u Claro;Simples;"Declive;Reta";N�o;2;0;0;1;1;0;1;2;-20,02888356;-44,23473207;SPRF-MG;DEL01-MG;UOP03-DEL01-MG;;;
726395;20/10/2025;segunda-feira;17:05:00;MG;116;743,2;LEOPOLDINA;Aus�ncia de rea��o do condutor;Colis�o frontal;Com V�timas Feridas;Pleno dia;Decrescente;Chuva;Simples;"Reta;Declive";N�o;2;0;1;0;1;0;1;2;-21,421571;-42,508372;SPRF-MG;DEL07-MG;UOP01-DEL07-MG;;;
726398;20/10/2025;segunda-feira;17:00:00;MA;135;181;PERITORO;Transitar na contram�o;Colis�o transversal;Com V�timas Feridas;Pleno dia;Crescente;C�u Claro;Simples;Reta;N�o;2;0;0;1;1;0;1;2;-4,3712512;-44,3383808;SPRF-MA;DEL03-MA;UOP01-DEL03-MA;;;
726400;20/10/2025;segunda-feira;18:00:00;RS;470;224;GARIBALDI;Convers�o proibida;Colis�o transversal;Sem V�timas;Pleno dia;Crescente;C�u Claro;Simples;Declive;N�o;2;0;0;0;2;0;0;2;-29,23223962;-51,5159483;SPRF-RS;DEL06-RS;UOP01-DEL06-RS;;;
726401;20/10/2025;segunda-feira;18:00:00;PR;116;116;CURITIBA;Trafegar com motocicleta (ou similar) entre as faixas;Colis�o lateral mesmo sentido;Com V�timas Feridas;Anoitecer;Crescente;C�u Claro;Dupla;Reta;Sim;2;0;1;0;1;0;1;2;-25,560997;-49,308318;SPRF-PR;DEL01-PR;UOP03-DEL01-PR;;;
726402;20/10/2025;segunda-feira;18:30:00;SC;101;194;BIGUACU;Aus�ncia de rea��o do condutor;Queda de ocupante de ve�culo;Com V�timas Feridas;Plena Noite;Decrescente;C�u Claro;Dupla;Reta;Sim;1;0;1;0;0;0;1;1;-27,50154133;-48,65312722;SPRF-SC;DEL01-SC;UOP01-DEL01-SC;;;
726403;20/10/2025;segunda-feira;17:35:00;SE;235;4,8;NOSSA SENHORA DO SOCORRO;Transitar na contram�o;Colis�o frontal;Com V�timas Feridas;Plena Noite;Crescente;C�u Claro;M�ltipla;Curva;Sim;2;0;1;0;1;0;1;2;-10,906312;-37,1144;SPRF-SE;DEL01-SE;UOP01-DEL01-SE;;;
726404;20/10/2025;segunda-feira;16:50:00;BA;324;604;SIMOES FILHO;Demais falhas mec�nicas ou el�tricas;Inc�ndio;Sem V�timas;Anoitecer;Crescente;Chuva;Dupla;Reta;Sim;2;0;0;0;2;0;0;1;-12,79760337;-38,40454526;SPRF-BA;DEL01-BA;UOP01-DEL01-BA;;;
726405;20/10/2025;segunda-feira;17:40:00;SC;163;71,5;SAO MIGUEL DO OESTE;Acessar a via sem observar a presen�a dos outros ve�culos;Colis�o transversal;Com V�timas Feridas;Pleno dia;Decrescente;Sol;Dupla;"Reta;Interse��o de Vias";Sim;2;0;1;0;1;0;1;2;-26,72436733;-53,51371765;SPRF-SC;DEL07-SC;UOP03-DEL07-SC;;;
726406;20/10/2025;segunda-feira;16:35:00;RO;0;0;PORTO VELHO;Acessar a via sem observar a presen�a dos outros ve�culos;Colis�o transversal;Sem V�timas;Pleno dia;N�o Informado;C�u Claro;Simples;Reta;Sim;2;0;0;0;2;0;0;2;-8,77442668;-63,89810292;SPRF-RO;DEL01-RO;N/A;;;
726407;20/10/2025;segunda-feira;16:30:00;RJ;116;91;TERESOPOLIS;Velocidade Incompat�vel;Sa�da de leito carro��vel;Com V�timas Feridas;Pleno dia;Decrescente;Nublado;Simples;Curva;N�o;1;0;1;0;0;0;1;1;-22,45899;-42,97167;SPRF-RJ;DEL04-RJ;UOP01-DEL04-RJ;;;
726408;20/10/2025;segunda-feira;15:35:00;MG;381;583,6;CARMOPOLIS DE MINAS;Rea��o tardia ou ineficiente do condutor;Colis�o com objeto;Com V�timas Feridas;Pleno dia;Decrescente;C�u Claro;Dupla;Reta;N�o;2;0;2;0;0;0;2;1;-20,5064869;-44,6100218;SPRF-MG;DEL04-MG;UOP01-DEL04-MG;;;
726409;20/10/2025;segunda-feira;17:00:00;SP;116;145;SAO JOSE DOS CAMPOS;Objeto est�tico sobre o leito carro��vel;Colis�o com objeto;Com V�timas Feridas;Pleno dia;Decrescente;C�u Claro;Dupla;Reta;Sim;1;0;1;0;0;0;1;1;-23,18711154;-45,85572875;SPRF-SP;DEL02-SP;UOP01-DEL02-SP;;;
726410;20/10/2025;segunda-feira;17:30:00;MA;10;254;IMPERATRIZ;Acumulo de �leo sobre o pavimento;Derramamento de carga;Com V�timas Feridas;Pleno dia;Decrescente;C�u Claro;Simples;Reta;Sim;2;0;1;1;0;0;2;1;-5,509948;-47,471752;SPRF-MA;DEL04-MA;UOP01-DEL04-MA;;;
726411;20/10/2025;segunda-feira;16:25:00;PI;343;172,9;PIRIPIRI;Ingest�o de �lcool pelo condutor;Colis�o traseira;Com V�timas Feridas;Pleno dia;Decrescente;C�u Claro;Simples;Reta;Sim;3;0;3;0;0;0;3;2;-4,18566789;-41,7883873;SPRF-PI;DEL02-PI;UOP01-DEL02-PI;;;
726412;20/10/2025;segunda-feira;18:30:00;ES;262;183,4;IRUPI;Ultrapassagem Indevida;Colis�o frontal;Com V�timas Feridas;Plena Noite;Crescente;Chuva;Simples;Reta;N�o;3;0;1;2;0;0;3;2;-20,29636972;-41,7021857;SPRF-ES;DEL01-ES;UOP02-DEL01-ES;;;
726413;20/10/2025;segunda-feira;09:30:00;MG;251;479,6;FRANCISCO SA;Condutor deixou de manter dist�ncia do ve�culo da frente;Colis�o traseira;Com V�timas Feridas;Pleno dia;Crescente;Garoa/Chuvisco;Simples;"Interse��o de Vias;Reta";N�o;5;0;1;0;2;2;1;3;-16,468738;-43,487111;SPRF-MG;DEL12-MG;UOP01-DEL12-MG;;;
726414;20/10/2025;segunda-feira;18:08:00;MA;316;553,6;CAXIAS;Condutor Dormindo;Colis�o com objeto;Sem V�timas;Plena Noite;Decrescente;C�u Claro;Dupla;Reta;Sim;1;0;0;0;1;0;0;1;-4,876168;-43,335116;SPRF-MA;DEL03-MA;UOP02-DEL03-MA;;;
726415;20/10/2025;segunda-feira;18:20:00;ES;101;255,9;SERRA;Transitar na contram�o;Colis�o transversal;Com V�timas Feridas;Plena Noite;Crescente;Nublado;Simples;Reta;Sim;4;0;0;1;3;0;1;3;-20,119687;-40,31002;SPRF-ES;DEL02-ES;UOP01-DEL02-ES;;;
726416;20/10/2025;segunda-feira;18:35:00;PB;101;71;SANTA RITA;Aus�ncia de rea��o do condutor;Sa�da de leito carro��vel;Com V�timas Feridas;Plena Noite;Crescente;C�u Claro;Dupla;Reta;N�o;1;0;0;1;0;0;1;1;-7,0704177;-35,00122547;SPRF-PB;DEL01-PB;UOP03-DEL01-PB;;;
726419;20/10/2025;segunda-feira;14:30:00;RO;364;603;ITAPUA DO OESTE;Demais falhas mec�nicas ou el�tricas;Sa�da de leito carro��vel;Sem V�timas;Pleno dia;Decrescente;Sol;Dupla;"Interse��o de Vias;Retorno Regulamentado;Declive;Curva";Sim;2;0;0;0;2;0;0;1;-9,19663385;-63,18472521;SPRF-RO;DEL01-RO;UOP04-DEL01-RO;;;
726420;20/10/2025;segunda-feira;18:50:00;BA;101;879;TEIXEIRA DE FREITAS;Acessar a via sem observar a presen�a dos outros ve�culos;Colis�o transversal;Sem V�timas;Plena Noite;Crescente;Chuva;Simples;Interse��o de Vias;Sim;2;0;0;0;2;0;0;2;-17,559019;-39,726263;SPRF-BA;DEL09-BA;UOP02-DEL09-BA;;;