id;data_inversa;dia_semana;horario;uf;br;km;municipio;causa_acidente;tipo_acidente;classificacao_acidente;fase_dia;sentido_via;condicao_metereologica;tipo_pista;tracado_via;uso_solo;pessoas;mortos;feridos_leves;feridos_graves;ilesos;ignorados;feridos;veiculos;latitude;longitude;regional;delegacia;uop;;;
726421;20/10/2025;segunda-feira;18:17:00;MS;163;468;CAMPO GRANDE;Desrespeitar a prefer�ncia no cruzamento;Colis�o transversal;Com V�timas Feridas;Anoitecer;Crescente;C�u Claro;Simples;Curva;N�o;2;0;1;0;1;0;1;2;-20,5714;-54,5653;SPRF-MS;DEL01-MS;UOP01-DEL01-MS;;;
726422;20/10/2025;segunda-feira;18:20:00;BA;324;595;CANDEIAS;Manobra de mudan�a de faixa;Colis�o lateral mesmo sentido;Com V�timas Feridas;Plena Noite;Decrescente;Chuva;Dupla;Reta;N�o;4;0;0;1;2;1;1;3;-12,71585222;-38,45240203;SPRF-BA;DEL01-BA;UOP01-DEL01-BA;;;
726423;22/09/2025;segunda-feira;15:30:00;RJ;40;100,9;DUQUE DE CAXIAS;Manobra de mudan�a de faixa;Colis�o transversal;Com V�timas Fatais;Pleno dia;Crescente;Nublado;Dupla;"Reta;Aclive";Sim;3;1;0;0;2;0;0;2;-22,60271909;-43,28394892;SPRF-RJ;DEL01-RJ;UOP01-DEL01-RJ;;;
726424;20/10/2025;segunda-feira;18:50:00;BA;101;593,4;BARRO PRETO;Ultrapassagem Indevida;Colis�o frontal;Com V�timas Feridas;Plena Noite;Decrescente;Chuva;Simples;Reta;N�o;2;0;1;0;1;0;1;2;-14,719443;-39,354458;SPRF-BA;DEL05-BA;UOP02-DEL05-BA;;;
726425;20/10/2025;segunda-feira;18:50:00;RS;386;35,9;FREDERICO WESTPHALEN;Acessar a via sem observar a presen�a dos outros ve�culos;Colis�o transversal;Com V�timas Feridas;Anoitecer;Decrescente;C�u Claro;Simples;"Declive;Reta";Sim;2;0;1;0;1;0;1;2;-27,37434569;-53,39779727;SPRF-RS;DEL08-RS;UOP02-DEL08-RS;;;
726426;20/10/2025;segunda-feira;17:40:00;RJ;101;314;SAO GONCALO;Condutor deixou de manter dist�ncia do ve�culo da frente;Colis�o traseira;Com V�timas Feridas;Anoitecer;Crescente;Nublado;Dupla;Reta;N�o;2;0;1;0;1;0;1;2;-22,7934208;-43,0276608;SPRF-RJ;DEL02-RJ;UOP02-DEL02-RJ;;;
726427;20/10/2025;segunda-feira;17:40:00;GO;153;345;JARAGUA;Aus�ncia de rea��o do condutor;Sa�da de leito carro��vel;Sem V�timas;Pleno dia;Crescente;Chuva;Simples;"Declive;Reta";N�o;1;0;0;0;1;0;0;1;-15,64439524;-49,36946617;SPRF-GO;DEL02-GO;UOP02-DEL02-GO;;;
726428;20/10/2025;segunda-feira;19:20:00;RN;304;12;MOSSORO;Animais na Pista;Sa�da de leito carro��vel;Com V�timas Feridas;Plena Noite;Crescente;C�u Claro;Simples;Reta;N�o;2;0;2;0;0;0;2;1;-4,974587;-37,387535;SPRF-RN;DEL04-RN;UOP02-DEL04-RN;;;
726429;12/10/2025;domingo;11:00:00;RR;174;50;RORAINOPOLIS;Pista esburacada;Colis�o traseira;Com V�timas Feridas;Pleno dia;Decrescente;C�u Claro;Simples;Reta;N�o;4;0;3;0;1;0;3;2;-0,41335701;-60,67783356;SPRF-RR;DEL01-RR;UOP01-DEL01-RR;;;
726431;20/10/2025;segunda-feira;19:15:00;SP;116;282;EMBU DAS ARTES;Aus�ncia de rea��o do condutor;Queda de ocupante de ve�culo;Com V�timas Feridas;Plena Noite;Crescente;Chuva;Dupla;Reta;N�o;1;0;1;0;0;0;1;1;-23,65859497;-46,85091424;SPRF-SP;DEL04-SP;UOP01-DEL04-SP;;;
726435;20/10/2025;segunda-feira;19:25:00;PE;232;146;SAO CAITANO;Ingest�o de �lcool pelo condutor;Colis�o traseira;Com V�timas Feridas;Plena Noite;Decrescente;C�u Claro;Dupla;Reta;Sim;4;0;2;0;2;0;2;2;-8,332941;-36,130287;SPRF-PE;DEL03-PE;UOP02-DEL03-PE;;;
726436;04/10/2025;s�bado;14:45:00;TO;10;464;PALMAS;Ingest�o de �lcool pelo condutor;Colis�o transversal;Com V�timas Feridas;Pleno dia;Crescente;C�u Claro;Simples;Rotat�ria;Sim;1;0;0;1;0;0;1;1;-10,22978873;-48,31087589;SPRF-TO;DEL01-TO;UOP03-DEL01-TO;;;
726437;20/10/2025;segunda-feira;19:00:00;GO;153;506;APARECIDA DE GOIANIA;Objeto est�tico sobre o leito carro��vel;Colis�o com objeto;Com V�timas Feridas;Plena Noite;Crescente;C�u Claro;M�ltipla;Reta;Sim;1;0;0;1;0;0;1;1;-16,76229211;-49,24019761;SPRF-GO;DEL01-GO;UOP01-DEL01-GO;;;
726438;20/10/2025;segunda-feira;19:20:00;RO;319;138;PORTO VELHO;Manobra de mudan�a de faixa;Colis�o lateral mesmo sentido;Sem V�timas;Plena Noite;Decrescente;C�u Claro;Dupla;"Reta;Retorno Regulamentado";Sim;2;0;0;0;2;0;0;2;-8,8000967;-63,7615983;SPRF-RO;DEL01-RO;UOP01-DEL01-RO;;;
726439;20/10/2025;segunda-feira;20:10:00;ES;262;19;VIANA;Desrespeitar a prefer�ncia no cruzamento;Colis�o transversal;Com V�timas Feridas;Plena Noite;Crescente;Nublado;Simples;Reta;N�o;3;0;0;2;1;0;2;2;-20,39220586;-40,48957435;SPRF-ES;DEL01-ES;UOP01-DEL01-ES;;;
726440;20/10/2025;segunda-feira;19:35:00;RJ;116;118,9;MAGE;Aus�ncia de rea��o do condutor;Atropelamento de Pedestre;Com V�timas Feridas;Plena Noite;Crescente;Nublado;Dupla;Reta;N�o;2;0;0;1;0;1;1;2;-22,612269;-43,03358;SPRF-RJ;DEL04-RJ;UOP02-DEL04-RJ;;;
726441;20/10/2025;segunda-feira;21:00:00;PI;402;40,7;PARNAIBA;Rea��o tardia ou ineficiente do condutor;Tombamento;Com V�timas Feridas;Plena Noite;Crescente;Ignorado;Simples;Reta;N�o;1;0;1;0;0;0;1;1;-2,95701277;-41,7212677;SPRF-PI;DEL05-PI;UOP01-DEL05-PI;;;
726442;20/10/2025;segunda-feira;20:28:00;PR;369;161,2;CAMBE;Manobra de mudan�a de faixa;Colis�o lateral mesmo sentido;Com V�timas Feridas;Plena Noite;Crescente;C�u Claro;Dupla;Interse��o de Vias;N�o;2;0;2;0;0;0;2;2;-23,2888326;-51,26210108;SPRF-PR;DEL07-PR;UOP01-DEL07-PR;;;
726443;20/10/2025;segunda-feira;20:10:00;PR;369;189;ARAPONGAS;Desrespeitar a prefer�ncia no cruzamento;Colis�o frontal;Com V�timas Feridas;Plena Noite;Crescente;C�u Claro;Simples;"Reta;Interse��o de Vias";Sim;2;0;1;0;1;0;1;2;-23,42503;-51,424524;SPRF-PR;DEL07-PR;UOP03-DEL07-PR;;;
726446;20/10/2025;segunda-feira;16:00:00;PR;153;354;REBOUCAS;Aus�ncia de rea��o do condutor;Sa�da de leito carro��vel;Com V�timas Feridas;Pleno dia;Decrescente;C�u Claro;Simples;Reta;N�o;1;0;1;0;0;0;1;1;-25,63811;-50,72846;SPRF-PR;DEL08-PR;UOP02-DEL08-PR;;;
726447;20/10/2025;segunda-feira;21:00:00;SC;101;134;BALNEARIO CAMBORIU;Desrespeitar a prefer�ncia no cruzamento;Colis�o transversal;Com V�timas Feridas;Plena Noite;Crescente;Nublado;M�ltipla;Interse��o de Vias;Sim;3;0;1;1;1;0;2;2;-27,00208716;-48,63808243;SPRF-SC;DEL04-SC;UOP03-DEL04-SC;;;
726448;20/10/2025;segunda-feira;18:00:00;MG;262;86,9;ABRE CAMPO;Transitar na contram�o;Colis�o frontal;Com V�timas Feridas;Anoitecer;Decrescente;C�u Claro;Simples;Curva;N�o;3;0;0;3;0;0;3;2;-20,334412;-42,434743;SPRF-MG;DEL03-MG;UOP03-DEL03-MG;;;
726449;20/10/2025;segunda-feira;20:30:00;RJ;40;99;DUQUE DE CAXIAS;Rea��o tardia ou ineficiente do condutor;Sa�da de leito carro��vel;Com V�timas Feridas;Plena Noite;Crescente;Nublado;Dupla;Reta;Sim;2;0;1;0;1;0;1;1;-22,590205;-43,2793032;SPRF-RJ;DEL01-RJ;UOP01-DEL01-RJ;;;
726451;20/10/2025;segunda-feira;22:37:00;PR;116;132;FAZENDA RIO GRANDE;Aus�ncia de rea��o do condutor;Colis�o com objeto;Com V�timas Feridas;Plena Noite;Decrescente;Chuva;Dupla;Curva;Sim;1;0;1;0;0;0;1;1;-25,68911312;-49,31674417;SPRF-PR;DEL01-PR;UOP03-DEL01-PR;;;
726452;20/10/2025;segunda-feira;21:05:00;RS;116;655;JAGUARAO;Animais na Pista;Atropelamento de Animal;Sem V�timas;Plena Noite;Crescente;C�u Claro;Simples;Reta;N�o;1;0;0;0;1;0;0;1;-32,547219;-53,375584;SPRF-RS;DEL07-RS;UOP03-DEL07-RS;;;
726456;20/10/2025;segunda-feira;21:30:00;RJ;101;484;ANGRA DOS REIS;Acessar a via sem observar a presen�a dos outros ve�culos;Colis�o frontal;Com V�timas Feridas;Plena Noite;Crescente;Nublado;Simples;Reta;Sim;4;0;1;1;2;0;2;2;-22,9923335;-44,304564;SPRF-RJ;DEL03-RJ;UOP03-DEL03-RJ;;;
726458;20/10/2025;segunda-feira;22:20:00;SP;116;189;SANTA ISABEL;Rea��o tardia ou ineficiente do condutor;Tombamento;Com V�timas Feridas;Plena Noite;Crescente;C�u Claro;Simples;"Aclive;Reta";Sim;2;0;2;0;0;0;2;1;-23,364602;-46,225718;SPRF-SP;DEL01-SP;UOP01-DEL01-SP;;;
726459;20/10/2025;segunda-feira;22:45:00;RN;406;165,5;SAO GONCALO DO AMARANTE;Acesso irregular;Colis�o transversal;Com V�timas Feridas;Plena Noite;Decrescente;C�u Claro;Dupla;Viaduto;N�o;2;0;1;0;1;0;1;2;-5,74484;-35,335985;SPRF-RN;DEL02-RN;UOP01-DEL02-RN;;;
726461;20/10/2025;segunda-feira;23:19:00;SP;116;284,5;EMBU DAS ARTES;Transitar na contram�o;Colis�o frontal;Com V�timas Feridas;Plena Noite;Crescente;Nublado;Dupla;Curva;Sim;2;0;1;0;0;1;1;2;-23,681453;-46,859608;SPRF-SP;DEL04-SP;UOP01-DEL04-SP;;;
726465;08/10/2025;quarta-feira;20:00:00;SP;381;89;SAO PAULO;Aus�ncia de rea��o do condutor;Queda de ocupante de ve�culo;Com V�timas Feridas;Plena Noite;Crescente;Chuva;Dupla;Reta;Sim;1;0;1;0;0;0;1;1;-23,42055401;-46,57834925;SPRF-SP;DEL03-SP;UOP01-DEL03-SP;;;
726467;21/10/2025;ter�a-feira;03:40:00;PR;116;44;CAMPINA GRANDE DO SUL;Chuva;Sa�da de leito carro��vel;Com V�timas Feridas;Amanhecer;Crescente;Garoa/Chuvisco;Dupla;Curva;N�o;2;0;1;0;1;0;1;1;-25,192738;-48,887984;SPRF-PR;DEL01-PR;UOP02-DEL01-PR;;;
726468;20/10/2025;segunda-feira;03:20:00;AP;156;412;TARTARUGALZINHO;Condutor Dormindo;Tombamento;Sem V�timas;Plena Noite;Decrescente;C�u Claro;Simples;Reta;N�o;1;0;0;0;0;1;0;1;1,066789;-51,073469;SPRF-AP;DEL01-AP;UOP02-DEL01-AP;;;
726473;20/10/2025;segunda-feira;20:30:00;BA;242;361;LENCOIS;Velocidade Incompat�vel;Sa�da de leito carro��vel;Com V�timas Feridas;Plena Noite;Crescente;Chuva;Simples;Curva;N�o;7;0;3;0;4;0;3;1;-12,47246;-41,38736;SPRF-BA;DEL06-BA;UOP02-DEL06-BA;;;
726474;20/10/2025;segunda-feira;21:30:00;MG;40;525;CONTAGEM;Suic�dio (presumido);Sinistro pessoal de tr�nsito;Com V�timas Feridas;Plena Noite;Decrescente;C�u Claro;Dupla;Viaduto;Sim;1;0;0;1;0;0;1;1;-19,88823212;-44,05002505;SPRF-MG;DEL01-MG;UOP02-DEL01-MG;;;
726477;21/10/2025;ter�a-feira;06:45:00;SC;101;324;CAPIVARI DE BAIXO;Rea��o tardia ou ineficiente do condutor;Colis�o com objeto;Com V�timas Feridas;Amanhecer;Crescente;C�u Claro;Dupla;Curva;Sim;1;0;1;0;0;0;1;1;-28,42510196;-48,94287443;SPRF-SC;DEL02-SC;UOP01-DEL02-SC;;;
726479;20/10/2025;segunda-feira;20:00:00;BA;101;448;AURELINO LEAL;Velocidade Incompat�vel;Capotamento;Com V�timas Feridas;Plena Noite;Crescente;Chuva;Simples;Curva;N�o;2;0;1;0;1;0;1;2;-14,337552;-39,315112;SPRF-BA;DEL05-BA;UOP01-DEL05-BA;;;
726481;21/10/2025;ter�a-feira;06:45:00;SE;101;93;NOSSA SENHORA DO SOCORRO;Demais falhas mec�nicas ou el�tricas;Tombamento;Com V�timas Feridas;Pleno dia;Crescente;Nublado;Dupla;"Interse��o de Vias;Curva";Sim;2;0;0;2;0;0;2;1;-10,90475787;-37,14847533;SPRF-SE;DEL01-SE;UOP01-DEL01-SE;;;
726482;21/10/2025;ter�a-feira;05:50:00;MS;60;420,1;SIDROLANDIA;Acessar a via sem observar a presen�a dos outros ve�culos;Colis�o transversal;Com V�timas Feridas;Pleno dia;Decrescente;C�u Claro;Simples;Reta;N�o;3;0;3;0;0;0;3;2;-20,900586;-54,92549;SPRF-MS;DEL01-MS;UOP04-DEL01-MS;;;
726483;21/10/2025;ter�a-feira;07:15:00;PR;116;113;CURITIBA;Aus�ncia de rea��o do condutor;Tombamento;Com V�timas Feridas;Pleno dia;Crescente;C�u Claro;M�ltipla;Reta;Sim;1;0;1;0;0;0;1;1;-25,60547271;-49,32044131;SPRF-PR;DEL01-PR;UOP03-DEL01-PR;;;
726484;21/10/2025;ter�a-feira;07:00:00;SC;280;25;ARAQUARI;Aus�ncia de rea��o do condutor;Colis�o traseira;Com V�timas Feridas;Pleno dia;Crescente;C�u Claro;Simples;Reta;Sim;3;0;1;0;2;0;1;2;-26,383685;-48,7269;SPRF-SC;DEL03-SC;UOP03-DEL03-SC;;;
726485;20/10/2025;segunda-feira;19:55:00;SP;153;171;GUAICARA;Acessar a via sem observar a presen�a dos outros ve�culos;Colis�o traseira;Com V�timas Feridas;Plena Noite;Decrescente;C�u Claro;Simples;Interse��o de Vias;N�o;2;0;1;0;1;0;1;2;-21,60935404;-49,7855638;SPRF-SP;DEL07-SP;UOP01-DEL07-SP;;;
726486;21/10/2025;ter�a-feira;07:40:00;MG;116;522,7;CARATINGA;Aus�ncia de rea��o do condutor;Queda de ocupante de ve�culo;Com V�timas Feridas;Pleno dia;Crescente;C�u Claro;Simples;Interse��o de Vias;Sim;2;0;1;0;1;0;1;2;-19,7526568;-42,1343039;SPRF-MG;DEL06-MG;UOP02-DEL06-MG;;;
726488;21/10/2025;ter�a-feira;07:30:00;PR;277;721;FOZ DO IGUACU;Aus�ncia de rea��o do condutor;Queda de ocupante de ve�culo;Com V�timas Feridas;Pleno dia;Crescente;C�u Claro;Dupla;Reta;Sim;1;0;1;0;0;0;1;1;-25,50957439;-54,59544057;SPRF-PR;DEL05-PR;UOP03-DEL05-PR;;;
726489;21/10/2025;ter�a-feira;07:40:00;SP;116;325;JUQUITIBA;Rea��o tardia ou ineficiente do condutor;Queda de ocupante de ve�culo;Com V�timas Feridas;Pleno dia;Decrescente;C�u Claro;Dupla;Reta;N�o;2;0;1;0;1;0;1;1;-23,94044227;-47,04819662;SPRF-SP;DEL04-SP;UOP03-DEL04-SP;;;
726491;21/10/2025;ter�a-feira;07:40:00;DF;70;10;BRASILIA;Manobra de mudan�a de faixa;Colis�o lateral mesmo sentido;Com V�timas Feridas;Pleno dia;Decrescente;Nublado;Dupla;Reta;Sim;2;0;0;1;1;0;1;2;-15,7952618;-48,1990868;SPRF-DF;DEL03-DF;UOP02-DEL03-DF;;;
726492;21/10/2025;ter�a-feira;06:45:00;SP;116;512;CAJATI;Rea��o tardia ou ineficiente do condutor;Colis�o com objeto;Com V�timas Feridas;Pleno dia;Decrescente;Garoa/Chuvisco;Dupla;Curva;N�o;1;0;1;0;0;0;1;1;-24,83210304;-48,21455348;SPRF-SP;DEL05-SP;UOP02-DEL05-SP;;;
726493;20/10/2025;segunda-feira;19:00:00;AC;364;104;RIO BRANCO;Pedestre - Ingest�o de �lcool/ subst�ncias psicoativas;Atropelamento de Pedestre;Com V�timas Feridas;Plena Noite;Decrescente;Nublado;Simples;Declive;N�o;3;0;1;0;2;0;1;2;-10,03931;-67,623969;SPRF-AC;DEL01-AC;UOP01-DEL01-AC;;;
726494;21/10/2025;ter�a-feira;07:58:00;SC;101;329;TUBARAO;Velocidade Incompat�vel;Queda de ocupante de ve�culo;Com V�timas Feridas;Pleno dia;Crescente;C�u Claro;M�ltipla;Reta;N�o;1;0;1;0;0;0;1;1;-28,453766;-48,977612;SPRF-SC;DEL02-SC;UOP01-DEL02-SC;;;
726496;21/10/2025;ter�a-feira;08:30:00;PE;101;78,8;JABOATAO DOS GUARARAPES;Aus�ncia de rea��o do condutor;Colis�o traseira;Com V�timas Feridas;Pleno dia;Crescente;Sol;Dupla;Reta;Sim;3;0;2;0;0;1;2;2;-8,14195;-34,94672;SPRF-PE;DEL01-PE;UOP01-DEL01-PE;;;
726497;21/10/2025;ter�a-feira;08:30:00;PE;101;79;JABOATAO DOS GUARARAPES;Acessar a via sem observar a presen�a dos outros ve�culos;Colis�o lateral mesmo sentido;Com V�timas Feridas;Pleno dia;Crescente;C�u Claro;Dupla;Curva;N�o;2;0;1;0;1;0;1;2;-8,14174;-34,94665;SPRF-PE;DEL01-PE;UOP01-DEL01-PE;;;
726498;21/10/2025;ter�a-feira;07:40:00;MS;163;176;JUTI;Rea��o tardia ou ineficiente do condutor;Sa�da de leito carro��vel;Com V�timas Feridas;Pleno dia;Crescente;Sol;Simples;Reta;N�o;1;0;1;0;0;0;1;1;-22,852707;-54,64652;SPRF-MS;DEL09-MS;UOP01-DEL09-MS;;;
726502;21/10/2025;ter�a-feira;07:30:00;RS;470;224;GARIBALDI;Condutor deixou de manter dist�ncia do ve�culo da frente;Engavetamento;Sem V�timas;Pleno dia;Decrescente;C�u Claro;Simples;"Reta;Declive";N�o;3;0;0;0;3;0;0;3;-29,23419348;-51,51604978;SPRF-RS;DEL06-RS;UOP01-DEL06-RS;;;
726503;21/10/2025;ter�a-feira;08:50:00;SC;282;3,3;FLORIANOPOLIS;Rea��o tardia ou ineficiente do condutor;Colis�o traseira;Com V�timas Feridas;Pleno dia;Decrescente;C�u Claro;M�ltipla;Reta;Sim;2;0;1;0;1;0;1;2;-27,59817;-48,60109;SPRF-SC;DEL01-SC;UOP01-DEL01-SC;;;
726505;21/10/2025;ter�a-feira;07:02:00;RO;364;346,2;JI-PARANA;Convers�o proibida;Colis�o transversal;Sem V�timas;Pleno dia;Crescente;C�u Claro;Simples;"Reta;Interse��o de Vias";Sim;2;0;0;0;2;0;0;2;-10,864634;-61,970396;SPRF-RO;DEL02-RO;UOP01-DEL02-RO;;;
726508;21/10/2025;ter�a-feira;05:50:00;RO;364;313,1;PRESIDENTE MEDICI;Ultrapassagem Indevida;Colis�o frontal;Com V�timas Fatais;Amanhecer;Decrescente;C�u Claro;Simples;"Aclive;Reta";N�o;3;2;1;0;0;0;1;2;-11,125372;-61,901428;SPRF-RO;DEL02-RO;UOP01-DEL02-RO;;;
726510;21/10/2025;ter�a-feira;06:40:00;AM;230;615;HUMAITA;Entrada inopinada do pedestre;Colis�o transversal;Com V�timas Feridas;Amanhecer;Crescente;C�u Claro;Simples;Reta;Sim;4;0;1;1;0;2;2;3;-7,53106;-63,05028;SPRF-AM;DEL02-AM;UOP01-DEL02-AM;;;
726511;21/10/2025;ter�a-feira;06:35:00;RJ;40;125;RIO DE JANEIRO;Velocidade Incompat�vel;Colis�o lateral mesmo sentido;Com V�timas Feridas;Pleno dia;Crescente;C�u Claro;M�ltipla;Reta;Sim;3;0;0;1;2;0;1;3;-22,81219;-43,288123;SPRF-RJ;DEL01-RJ;UOP02-DEL01-RJ;;;
726513;21/10/2025;ter�a-feira;08:00:00;AL;316;268;SATUBA;Acesso irregular;Colis�o transversal;Com V�timas Feridas;Pleno dia;Crescente;C�u Claro;Simples;Reta;Sim;3;0;2;0;1;0;2;2;-9,58012;-35,83716;SPRF-AL;DEL02-AL;UOP01-DEL02-AL;;;
726514;17/10/2025;sexta-feira;20:30:00;GO;20;138,2;FLORES DE GOIAS;Problema na suspens�o;Eventos at�picos;Com V�timas Fatais;Plena Noite;Crescente;C�u Claro;Simples;Reta;N�o;6;1;0;0;1;4;0;2;-14,796192;-46,701132;SPRF-DF;DEL02-DF;UOP03-DEL02-DF;;;
726517;21/10/2025;ter�a-feira;09:55:00;SP;116;445;REGISTRO;Aus�ncia de rea��o do condutor;Colis�o frontal;Com V�timas Feridas;Pleno dia;Decrescente;C�u Claro;Dupla;Reta;Sim;2;0;0;1;1;0;1;2;-24,50123163;-47,84529654;SPRF-SP;DEL05-SP;UOP01-DEL05-SP;;;
726519;21/10/2025;ter�a-feira;07:38:00;MA;135;4;SAO LUIS;Transitar no Acostamento;Colis�o transversal;Com V�timas Feridas;Pleno dia;Crescente;C�u Claro;Dupla;Reta;Sim;3;0;1;0;2;0;1;3;-2,61717596;-44,25476342;SPRF-MA;DEL01-MA;UOP01-DEL01-MA;;;
726520;21/10/2025;ter�a-feira;10:10:00;SE;101;88,1;NOSSA SENHORA DO SOCORRO;Condutor deixou de manter dist�ncia do ve�culo da frente;Colis�o traseira;Sem V�timas;Pleno dia;Crescente;Chuva;Dupla;"Em Obras;Desvio Tempor�rio";N�o;2;0;0;0;2;0;0;2;-10,8748472;-37,13418452;SPRF-SE;DEL01-SE;UOP01-DEL01-SE;;;
726521;21/10/2025;ter�a-feira;08:30:00;MG;381;919;CAMANDUCAIA;Condutor Dormindo;Sa�da de leito carro��vel;Com V�timas Feridas;Pleno dia;Decrescente;C�u Claro;Dupla;Curva;N�o;5;0;3;2;0;0;5;1;-22,75928104;-46,15850206;SPRF-MG;DEL16-MG;UOP03-DEL16-MG;;;
726522;21/10/2025;ter�a-feira;10:30:00;RJ;116;182;NOVA IGUACU;Trafegar com motocicleta (ou similar) entre as faixas;Colis�o lateral mesmo sentido;Com V�timas Feridas;Pleno dia;Crescente;Sol;Dupla;Reta;Sim;2;0;0;1;1;0;1;2;-22,75976387;-43,42661468;SPRF-RJ;DEL06-RJ;UOP01-DEL06-RJ;;;
726525;21/10/2025;ter�a-feira;10:40:00;PE;101;70,8;RECIFE;Rea��o tardia ou ineficiente do condutor;Tombamento;Com V�timas Feridas;Pleno dia;Decrescente;C�u Claro;Dupla;"Declive;Reta;Viaduto";Sim;1;0;0;1;0;0;1;1;-8,07537;-34,94142;SPRF-PE;DEL01-PE;UOP01-DEL01-PE;;;
726526;21/10/2025;ter�a-feira;10:45:00;BA;324;534;CONCEICAO DO JACUIPE;Frear bruscamente;Colis�o lateral mesmo sentido;Com V�timas Feridas;Pleno dia;Decrescente;Chuva;Dupla;Reta;N�o;2;0;1;0;1;0;1;2;-12,365007;-38,8229967;SPRF-BA;DEL01-BA;UOP03-DEL01-BA;;;
726527;21/10/2025;ter�a-feira;09:40:00;MT;158;797;BARRA DO GARCAS;Convers�o proibida;Colis�o lateral mesmo sentido;Com V�timas Feridas;Pleno dia;Decrescente;C�u Claro;Simples;Curva;Sim;3;0;1;0;2;0;1;2;-15,8768447;-52,31451843;SPRF-MT;DEL07-MT;UOP01-DEL07-MT;;;
726528;21/10/2025;ter�a-feira;10:50:00;ES;262;185,7;IRUPI;Retorno proibido;Colis�o transversal;Com V�timas Feridas;Pleno dia;Crescente;C�u Claro;Simples;Reta;N�o;4;0;0;2;2;0;2;2;-20,307208;-41,710345;SPRF-ES;DEL01-ES;UOP02-DEL01-ES;;;
726529;21/10/2025;ter�a-feira;09:40:00;ES;101;61;SAO MATEUS;Acessar a via sem observar a presen�a dos outros ve�culos;Colis�o transversal;Com V�timas Feridas;Pleno dia;Decrescente;Nublado;Simples;"Interse��o de Vias;Retorno Regulamentado;Reta";Sim;2;0;0;1;1;0;1;2;-18,67786209;-39,86476986;SPRF-ES;DEL04-ES;UOP02-DEL04-ES;;;
726530;21/10/2025;ter�a-feira;10:10:00;ES;101;366,8;ANCHIETA;Condutor Dormindo;Sa�da de leito carro��vel;Com V�timas Feridas;Pleno dia;Decrescente;Nublado;Simples;"Em Obras;Reta";N�o;1;0;0;1;0;0;1;1;-20,7415277;-40,7602704;SPRF-ES;DEL03-ES;UOP01-DEL03-ES;;;
726533;21/10/2025;ter�a-feira;10:30:00;PE;232;103;BEZERROS;Pedestre cruzava a pista fora da faixa;Atropelamento de Pedestre;Com V�timas Feridas;Pleno dia;Decrescente;C�u Claro;Dupla;Curva;N�o;2;0;0;1;1;0;1;2;-8,252322;-35,765772;SPRF-PE;DEL02-PE;UOP03-DEL02-PE;;;
726534;21/10/2025;ter�a-feira;10:50:00;DF;80;11;BRASILIA;Condutor deixou de manter dist�ncia do ve�culo da frente;Colis�o traseira;Com V�timas Feridas;Pleno dia;Crescente;Nublado;Dupla;Reta;N�o;2;0;1;0;1;0;1;2;-15,730757;-48,188278;SPRF-DF;DEL03-DF;UOP02-DEL03-DF;;;
726535;21/10/2025;ter�a-feira;11:20:00;RN;101;107;PARNAMIRIM;Condutor deixou de manter dist�ncia do ve�culo da frente;Colis�o traseira;Com V�timas Feridas;Pleno dia;Decrescente;C�u Claro;Dupla;Reta;N�o;2;0;1;0;1;0;1;2;-5,90178376;-35,25928823;SPRF-RN;DEL01-RN;UOP01-DEL01-RN;;;
726539;21/10/2025;ter�a-feira;12:14:00;PB;101;89,7;JOAO PESSOA;Acesso irregular;Colis�o transversal;Com V�timas Fatais;Pleno dia;Decrescente;Sol;Dupla;Reta;Sim;2;1;0;0;1;0;0;2;-7,17782;-34,899593;SPRF-PB;DEL01-PB;UOP01-DEL01-PB;;;
726540;21/10/2025;ter�a-feira;10:30:00;MG;116;412,7;GOVERNADOR VALADARES;Aus�ncia de rea��o do condutor;Colis�o traseira;Com V�timas Feridas;Pleno dia;Crescente;C�u Claro;Simples;"Viaduto;Reta";N�o;2;0;0;1;1;0;1;2;-18,87840547;-41,96189314;SPRF-MG;DEL06-MG;UOP01-DEL06-MG;;;
726541;21/10/2025;ter�a-feira;11:30:00;AP;210;4;MACAPA;Acessar a via sem observar a presen�a dos outros ve�culos;Colis�o transversal;Com V�timas Feridas;Pleno dia;Decrescente;C�u Claro;Simples;Interse��o de Vias;Sim;2;0;0;2;0;0;2;2;0,1073328;-51,126564;SPRF-AP;DEL01-AP;UOP01-DEL01-AP;;;
726542;21/10/2025;ter�a-feira;12:05:00;RJ;40;106;DUQUE DE CAXIAS;Avarias e/ou desgaste excessivo no pneu;Colis�o traseira;Com V�timas Feridas;Pleno dia;Decrescente;C�u Claro;Dupla;Reta;Sim;3;0;2;0;1;0;2;2;-22,6484758;-43,28359757;SPRF-RJ;DEL01-RJ;UOP02-DEL01-RJ;;;
726543;04/10/2025;s�bado;18:30:00;RO;429;120;SAO MIGUEL DO GUAPORE;Condutor deixou de manter dist�ncia do ve�culo da frente;Colis�o lateral mesmo sentido;Com V�timas Feridas;Anoitecer;Decrescente;C�u Claro;Simples;Reta;Sim;2;0;0;2;0;0;2;2;-11,64612006;-62,69824982;SPRF-RO;DEL02-RO;UOP03-DEL02-RO;;;
726544;21/10/2025;ter�a-feira;12:10:00;SC;101;129;BALNEARIO CAMBORIU;Condutor deixou de manter dist�ncia do ve�culo da frente;Colis�o traseira;Com V�timas Feridas;Pleno dia;Decrescente;C�u Claro;Simples;Reta;Sim;4;0;1;0;3;0;1;3;-26,98561947;-48,66659334;SPRF-SC;DEL04-SC;UOP03-DEL04-SC;;;