id;data_inversa;dia_semana;horario;uf;br;km;municipio;causa_acidente;tipo_acidente;classificacao_acidente;fase_dia;sentido_via;condicao_metereologica;tipo_pista;tracado_via;uso_solo;pessoas;mortos;feridos_leves;feridos_graves;ilesos;ignorados;feridos;veiculos;latitude;longitude;regional;delegacia;uop;;;
726547;21/10/2025;ter�a-feira;12:46:00;CE;116;359,9;ICO;Acessar a via sem observar a presen�a dos outros ve�culos;Colis�o transversal;Com V�timas Feridas;Pleno dia;Crescente;C�u Claro;Simples;"Aclive;Reta;Interse��o de Vias";Sim;2;0;0;1;1;0;1;2;-6,325352;-38,735436;SPRF-CE;DEL05-CE;UOP02-DEL05-CE;;;
726548;18/10/2025;s�bado;08:40:00;RJ;101;475;ANGRA DOS REIS;Acumulo de �leo sobre o pavimento;Queda de ocupante de ve�culo;Com V�timas Feridas;Pleno dia;Decrescente;C�u Claro;Simples;Curva;Sim;1;0;1;0;0;0;1;1;-23,00580414;-44,25945282;SPRF-RJ;DEL03-RJ;UOP03-DEL03-RJ;;;
726550;21/10/2025;ter�a-feira;09:00:00;RJ;101;311;SAO GONCALO;Rea��o tardia ou ineficiente do condutor;Colis�o traseira;Com V�timas Feridas;Pleno dia;Crescente;Nublado;Dupla;Reta;Sim;4;0;2;0;2;0;2;2;-22,79981203;-43,05095673;SPRF-RJ;DEL02-RJ;UOP02-DEL02-RJ;;;
726551;21/10/2025;ter�a-feira;12:30:00;SC;101;212;PALHOCA;Condutor deixou de manter dist�ncia do ve�culo da frente;Colis�o traseira;Com V�timas Feridas;Pleno dia;Decrescente;C�u Claro;M�ltipla;Reta;Sim;3;0;1;0;1;1;1;2;-27,63042971;-48,65928261;SPRF-SC;DEL01-SC;UOP02-DEL01-SC;;;
726553;21/10/2025;ter�a-feira;12:30:00;RJ;101;434;MANGARATIBA;Demais falhas mec�nicas ou el�tricas;Inc�ndio;Sem V�timas;Pleno dia;Decrescente;Nublado;Simples;Curva;Sim;2;0;0;0;2;0;0;1;-22,93778;-44,0465;SPRF-RJ;DEL03-RJ;UOP02-DEL03-RJ;;;
726554;21/10/2025;ter�a-feira;07:30:00;RJ;101;311;SAO GONCALO;Trafegar com motocicleta (ou similar) entre as faixas;Colis�o lateral mesmo sentido;Com V�timas Feridas;Pleno dia;Crescente;Nublado;Dupla;Reta;Sim;2;0;1;0;1;0;1;2;-22,80261103;-43,05696487;SPRF-RJ;DEL02-RJ;UOP02-DEL02-RJ;;;
726555;21/10/2025;ter�a-feira;13:20:00;PI;316;33;DEMERVAL LOBAO;Acessar a via sem observar a presen�a dos outros ve�culos;Colis�o transversal;Com V�timas Feridas;Pleno dia;Crescente;C�u Claro;Simples;Reta;Sim;2;0;1;0;1;0;1;2;-5,3559614;-42,6769209;SPRF-PI;DEL01-PI;UOP02-DEL01-PI;;;
726557;02/07/2025;quarta-feira;12:40:00;MG;262;37,4;MANHUACU;Acessar a via sem observar a presen�a dos outros ve�culos;Colis�o transversal;Com V�timas Feridas;Pleno dia;Decrescente;C�u Claro;Simples;"Interse��o de Vias;Curva";Sim;3;0;1;0;1;1;1;3;-20,27307691;-42,03991413;SPRF-MG;DEL06-MG;UOP03-DEL06-MG;;;
726558;21/10/2025;ter�a-feira;13:35:00;SC;101;152,8;PORTO BELO;Condutor deixou de manter dist�ncia do ve�culo da frente;Colis�o traseira;Com V�timas Feridas;Pleno dia;Decrescente;Sol;M�ltipla;"Interse��o de Vias;Retorno Regulamentado;Rotat�ria";N�o;2;0;1;0;1;0;1;2;-27,14367925;-48,61023188;SPRF-SC;DEL04-SC;UOP03-DEL04-SC;;;
726559;21/10/2025;ter�a-feira;12:30:00;BA;410;22;TUCANO;Manobra de mudan�a de faixa;Colis�o transversal;Com V�timas Feridas;Pleno dia;Crescente;Nublado;Simples;Reta;N�o;2;0;2;0;0;0;2;2;-10,926932;-38,702602;SPRF-BA;DEL07-BA;UOP02-DEL07-BA;;;
726560;21/10/2025;ter�a-feira;13:00:00;MS;163;524,4;JARAGUARI;Aus�ncia de rea��o do condutor;Sa�da de leito carro��vel;Com V�timas Feridas;Pleno dia;Crescente;C�u Claro;Dupla;Reta;N�o;1;0;1;0;0;0;1;1;-20,120175;-54,443616;SPRF-MS;DEL01-MS;UOP02-DEL01-MS;;;
726561;21/10/2025;ter�a-feira;12:50:00;PE;316;48;TRINDADE;Aus�ncia de rea��o do condutor;Colis�o traseira;Com V�timas Feridas;Pleno dia;Decrescente;C�u Claro;Simples;Reta;N�o;3;0;1;0;2;0;1;3;-7,71339245;-40,32822959;SPRF-PE;DEL05-PE;UOP02-DEL05-PE;;;
726562;21/10/2025;ter�a-feira;14:20:00;BA;324;613,5;SIMOES FILHO;Rea��o tardia ou ineficiente do condutor;Colis�o transversal;Com V�timas Feridas;Pleno dia;Crescente;Chuva;Simples;Reta;Sim;5;0;3;0;2;0;3;2;-12,87005326;-38,42595679;SPRF-BA;DEL01-BA;UOP01-DEL01-BA;;;
726563;21/10/2025;ter�a-feira;12:35:00;PE;232;98;BEZERROS;Rea��o tardia ou ineficiente do condutor;Sa�da de leito carro��vel;Com V�timas Feridas;Pleno dia;Decrescente;C�u Claro;Dupla;Reta;Sim;1;0;1;0;0;0;1;1;-8,23521;-35,72448;SPRF-PE;DEL02-PE;UOP03-DEL02-PE;;;
726564;21/10/2025;ter�a-feira;12:40:00;RJ;101;1;RIO DE JANEIRO;Aus�ncia de rea��o do condutor;Colis�o traseira;Com V�timas Feridas;Pleno dia;Crescente;C�u Claro;Dupla;Reta;N�o;2;0;1;0;1;0;1;2;-22,87946593;-43,22717853;SPRF-RJ;DEL02-RJ;UOP01-DEL02-RJ;;;
726566;21/10/2025;ter�a-feira;13:30:00;BA;116;817;VITORIA DA CONQUISTA;Acessar a via sem observar a presen�a dos outros ve�culos;Colis�o transversal;Com V�timas Feridas;Pleno dia;Crescente;Chuva;Simples;Rotat�ria;Sim;2;0;0;1;1;0;1;2;-14,82292997;-40,81747055;SPRF-BA;DEL08-BA;UOP01-DEL08-BA;;;
726567;21/10/2025;ter�a-feira;14:20:00;PB;101;99;CONDE;Rea��o tardia ou ineficiente do condutor;Tombamento;Com V�timas Feridas;Pleno dia;Decrescente;C�u Claro;Dupla;Reta;N�o;1;0;1;0;0;0;1;1;-7,257471;-34,935057;SPRF-PB;DEL01-PB;UOP01-DEL01-PB;;;
726568;21/10/2025;ter�a-feira;11:58:00;MT;163;948;NOVA SANTA HELENA;Acumulo de �gua sobre o pavimento;Sa�da de leito carro��vel;Com V�timas Feridas;Pleno dia;Crescente;Chuva;Simples;"Curva;Declive";N�o;4;0;4;0;0;0;4;1;-10,905935;-55,197168;SPRF-MT;DEL06-MT;UOP02-DEL06-MT;;;
726569;21/10/2025;ter�a-feira;14:20:00;BA;110;169;RIBEIRA DO POMBAL;Acessar a via sem observar a presen�a dos outros ve�culos;Colis�o traseira;Com V�timas Feridas;Pleno dia;Crescente;Nublado;Simples;Reta;N�o;2;0;0;2;0;0;2;2;-10,792527;-38,521535;SPRF-BA;DEL07-BA;UOP02-DEL07-BA;;;
726570;21/10/2025;ter�a-feira;13:00:00;SC;163;109,2;GUARUJA DO SUL;Velocidade Incompat�vel;Sa�da de leito carro��vel;Com V�timas Feridas;Pleno dia;Decrescente;C�u Claro;Simples;Curva;N�o;1;0;0;1;0;0;1;1;-26,41130812;-53,52253586;SPRF-SC;DEL07-SC;UOP03-DEL07-SC;;;
726575;21/10/2025;ter�a-feira;13:30:00;MG;40;296,4;TRES MARIAS;Manobra de mudan�a de faixa;Colis�o com objeto;Com V�timas Feridas;Pleno dia;Decrescente;Nublado;Simples;Declive;N�o;1;0;1;0;0;0;1;1;-18,27459072;-45,14827251;SPRF-MG;DEL14-MG;UOP02-DEL14-MG;;;
726576;21/10/2025;ter�a-feira;09:40:00;RJ;101;302;SAO GONCALO;Rea��o tardia ou ineficiente do condutor;Tombamento;Com V�timas Fatais;Pleno dia;Decrescente;Nublado;Dupla;"Reta;Viaduto";N�o;1;1;0;0;0;0;0;1;-22,78267066;-42,9761982;SPRF-RJ;DEL02-RJ;UOP02-DEL02-RJ;;;
726580;21/10/2025;ter�a-feira;14:50:00;MG;381;425,9;SABARA;Convers�o proibida;Colis�o transversal;Com V�timas Feridas;Pleno dia;Crescente;C�u Claro;Simples;Curva;N�o;3;0;2;0;1;0;2;2;-19,78728;-43,71023;SPRF-MG;DEL01-MG;UOP01-DEL01-MG;;;
726581;21/10/2025;ter�a-feira;14:00:00;RS;472;176,9;SANTA ROSA;Acessar a via sem observar a presen�a dos outros ve�culos;Colis�o transversal;Com V�timas Feridas;Pleno dia;Crescente;C�u Claro;Simples;Reta;Sim;2;0;0;1;0;1;1;2;-27,85359989;-54,53262448;SPRF-RS;DEL10-RS;UOP01-DEL10-RS;;;
726583;21/10/2025;ter�a-feira;15:00:00;PE;232;72;GRAVATA;Velocidade Incompat�vel;Colis�o traseira;Com V�timas Feridas;Pleno dia;Decrescente;C�u Claro;Dupla;"Reta;Aclive";Sim;3;0;0;1;2;0;1;3;-8,18721;-35,500623;SPRF-PE;DEL02-PE;UOP02-DEL02PE;;;
726584;21/10/2025;ter�a-feira;15:10:00;MG;251;337;RUBELITA;Convers�o proibida;Colis�o traseira;Com V�timas Feridas;Pleno dia;Crescente;Nublado;Simples;"Aclive;Reta";N�o;5;0;2;0;3;0;2;2;-16,2561323;-42,43650682;SPRF-MG;DEL12-MG;UOP02-DEL12-MG;;;
726585;21/10/2025;ter�a-feira;16:00:00;MG;40;546;NOVA LIMA;Condutor Dormindo;Tombamento;Com V�timas Feridas;Pleno dia;Decrescente;C�u Claro;Dupla;"Declive;Curva";Sim;1;0;0;1;0;0;1;1;-20,023469;-43,969911;SPRF-MG;DEL01-MG;UOP02-DEL01-MG;;;
726587;21/10/2025;ter�a-feira;16:20:00;SP;153;60;SAO JOSE DO RIO PRETO;Acumulo de �leo sobre o pavimento;Tombamento;Com V�timas Feridas;Pleno dia;Decrescente;Sol;Dupla;Reta;Sim;1;0;1;0;0;0;1;1;-20,79669806;-49,35474269;SPRF-SP;DEL09-SP;UOP01-DEL09-SP;;;
726590;19/10/2025;domingo;03:12:00;GO;80;102;VILA PROPICIO;Ingest�o de �lcool pelo condutor;Colis�o traseira;Com V�timas Feridas;Plena Noite;Crescente;Chuva;Simples;Reta;N�o;2;0;1;0;1;0;1;2;-15,20448424;-48,73448968;SPRF-GO;DEL07-GO;UOP02-DEL07-GO;;;
726596;21/10/2025;ter�a-feira;17:05:00;ES;447;15,3;VILA VELHA;Rea��o tardia ou ineficiente do condutor;Colis�o lateral mesmo sentido;Com V�timas Feridas;Anoitecer;Decrescente;C�u Claro;Dupla;Reta;Sim;2;0;1;0;1;0;1;2;-20,34258484;-40,32871842;SPRF-ES;DEL01-ES;UOP01-DEL01-ES;;;
726598;21/10/2025;ter�a-feira;14:30:00;PI;316;309;PICOS;Desrespeitar a prefer�ncia no cruzamento;Colis�o transversal;Sem V�timas;Pleno dia;Crescente;C�u Claro;Simples;Rotat�ria;Sim;2;0;0;0;2;0;0;2;-7,075795;-41,467194;SPRF-PI;DEL04-PI;UOP01-DEL04-PI;;;
726599;30/08/2025;s�bado;19:28:00;RO;364;653;CANDEIAS DO JAMARI;Defici�ncia do Sistema de Ilumina��o/Sinaliza��o;Colis�o traseira;Com V�timas Fatais;Anoitecer;Crescente;C�u Claro;Simples;Reta;N�o;2;1;1;0;0;0;1;2;-8,88772;-63,44;SPRF-RO;DEL01-RO;UOP01-DEL01-RO;;;
726601;21/10/2025;ter�a-feira;17:30:00;PE;101;67;RECIFE;Frear bruscamente;Queda de ocupante de ve�culo;Com V�timas Feridas;Plena Noite;Crescente;C�u Claro;Dupla;Reta;N�o;2;0;1;0;1;0;1;1;-8,04833;-34,94533;SPRF-PE;DEL01-PE;UOP01-DEL01-PE;;;
726602;21/10/2025;ter�a-feira;12:03:00;PI;407;574,9;PAULISTANA;Acessar a via sem observar a presen�a dos outros ve�culos;Colis�o transversal;Com V�timas Feridas;Pleno dia;Crescente;Sol;Simples;Aclive;Sim;2;0;0;1;1;0;1;2;-8,144582;-41,132797;SPRF-PI;DEL04-PI;UOP01-DEL04-PI;;;
726603;21/10/2025;ter�a-feira;17:30:00;SC;101;132;ITAPEMA;Rea��o tardia ou ineficiente do condutor;Colis�o traseira;Com V�timas Feridas;Anoitecer;Decrescente;C�u Claro;Simples;Reta;Sim;2;0;1;0;1;0;1;2;-27,0659402;-48,5955593;SPRF-SC;DEL04-SC;UOP03-DEL04-SC;;;
726604;09/10/2025;quinta-feira;08:20:00;RJ;101;499;ANGRA DOS REIS;Aus�ncia de rea��o do condutor;Sa�da de leito carro��vel;Com V�timas Feridas;Pleno dia;Crescente;Garoa/Chuvisco;Simples;Curva;N�o;2;0;1;0;1;0;1;1;-22,9139701;-44,33841705;SPRF-RJ;DEL03-RJ;UOP03-DEL03-RJ;;;
726606;21/10/2025;ter�a-feira;18:15:00;MA;135;10;SAO LUIS;Acessar a via sem observar a presen�a dos outros ve�culos;Colis�o transversal;Com V�timas Feridas;Anoitecer;Crescente;Nublado;Dupla;"Retorno Regulamentado;Declive;Reta";Sim;3;0;2;0;1;0;2;2;-2,66085833;-44,285745;SPRF-MA;DEL01-MA;UOP01-DEL01-MA;;;
726608;21/10/2025;ter�a-feira;17:30:00;RJ;101;392;RIO DE JANEIRO;Manobra de mudan�a de faixa;Colis�o lateral mesmo sentido;Com V�timas Feridas;Pleno dia;Decrescente;C�u Claro;Dupla;Reta;N�o;2;0;1;0;1;0;1;2;-22,89145268;-43,69820289;SPRF-RJ;DEL03-RJ;UOP01-DEL03-RJ;;;
726609;21/10/2025;ter�a-feira;17:20:00;MA;10;176;CAMPESTRE DO MARANHAO;Transitar na contram�o;Colis�o lateral sentido oposto;Com V�timas Feridas;Pleno dia;Crescente;C�u Claro;Simples;"Reta;Declive";Sim;4;0;2;0;2;0;2;2;-6,19585108;-47,35931396;SPRF-MA;DEL04-MA;UOP02-DEL04-MA;;;
726610;21/10/2025;ter�a-feira;17:30:00;SP;116;44,6;CANAS;Aus�ncia de rea��o do condutor;Engavetamento;Sem V�timas;Anoitecer;Decrescente;Nublado;Dupla;"Reta;Em Obras";N�o;3;0;0;0;3;0;0;3;-22,70674008;-45,0432694;SPRF-SP;DEL08-SP;UOP02-DEL08-SP;;;
726611;21/10/2025;ter�a-feira;17:10:00;RS;116;268;CANOAS;Demais falhas mec�nicas ou el�tricas;Tombamento;Com V�timas Feridas;Pleno dia;Crescente;C�u Claro;Dupla;"Reta;Em Obras";Sim;1;0;1;0;0;0;1;1;-29,95331201;-51,17651431;SPRF-RS;DEL01-RS;UOP01-DEL01-RS;;;
726612;21/10/2025;ter�a-feira;19:00:00;MG;267;303,9;CAXAMBU;Condutor deixou de manter dist�ncia do ve�culo da frente;Colis�o traseira;Com V�timas Feridas;Plena Noite;Crescente;C�u Claro;Simples;Reta;N�o;4;0;3;0;1;0;3;3;-21,96807;-44,9226;SPRF-MG;DEL17-MG;UOP01-DEL17-MG;;;
726613;21/10/2025;ter�a-feira;18:45:00;ES;101;266;SERRA;Aus�ncia de rea��o do condutor;Tombamento;Com V�timas Feridas;Plena Noite;Decrescente;Chuva;Dupla;Reta;Sim;1;0;1;0;0;0;1;1;-20,19190908;-40,26824266;SPRF-ES;DEL02-ES;UOP01-DEL02-ES;;;
726614;21/10/2025;ter�a-feira;18:00:00;CE;116;344;ICO;Transitar na contram�o;Colis�o frontal;Com V�timas Feridas;Plena Noite;Crescente;C�u Claro;Simples;Curva;N�o;3;0;0;1;2;0;1;2;-6,208407;-38,666618;SPRF-CE;DEL05-CE;UOP02-DEL05-CE;;;
726617;21/10/2025;ter�a-feira;16:30:00;RJ;116;228;PIRAI;Curva acentuada;Tombamento;Com V�timas Feridas;Pleno dia;Decrescente;C�u Claro;Simples;Curva;N�o;2;0;0;1;1;0;1;1;-22,6671167;-43,8412467;SPRF-RJ;DEL07-RJ;UOP01-DEL07-RJ;;;
726618;21/10/2025;ter�a-feira;18:50:00;MG;381;506,5;SAO JOAQUIM DE BICAS;Aus�ncia de rea��o do condutor;Tombamento;Com V�timas Feridas;Plena Noite;Decrescente;C�u Claro;M�ltipla;Reta;Sim;1;0;1;0;0;0;1;1;-20,04036972;-44,25953865;SPRF-MG;DEL01-MG;UOP03-DEL01-MG;;;
726619;21/10/2025;ter�a-feira;18:00:00;DF;20;1,1;BRASILIA;Pedestre cruzava a pista fora da faixa;Atropelamento de Pedestre;Com V�timas Feridas;Plena Noite;Crescente;C�u Claro;Dupla;Reta;Sim;3;0;1;0;1;1;1;2;-15,68544566;-47,8488493;SPRF-DF;DEL02-DF;UOP01-DEL02-DF;;;
726620;21/10/2025;ter�a-feira;19:05:00;SP;116;228;SAO PAULO;Frear bruscamente;Colis�o lateral mesmo sentido;Com V�timas Fatais;Anoitecer;Decrescente;C�u Claro;M�ltipla;"Reta;Declive";Sim;7;1;1;2;2;1;3;5;-23,501943;-46,565788;SPRF-SP;DEL01-SP;UOP01-DEL01-SP;;;
726622;21/10/2025;ter�a-feira;18:40:00;RS;470;167,9;VILA FLORES;Convers�o proibida;Colis�o transversal;Com V�timas Feridas;Anoitecer;Crescente;C�u Claro;Simples;"Aclive;Reta";Sim;2;0;2;0;0;0;2;2;-28,85911916;-51,55532813;SPRF-RS;DEL06-RS;UOP02-DEL06-RS;;;
726626;21/10/2025;ter�a-feira;19:00:00;GO;153;501;GOIANIA;Demais falhas mec�nicas ou el�tricas;Queda de ocupante de ve�culo;Com V�timas Feridas;Plena Noite;Decrescente;Vento;Dupla;Reta;Sim;1;0;0;1;0;0;1;1;-16,7067717;-49,2335166;SPRF-GO;DEL01-GO;UOP01-DEL01-GO;;;
726627;21/10/2025;ter�a-feira;18:37:00;MT;163;1028;PEIXOTO DE AZEVEDO;Acesso irregular;Colis�o frontal;Com V�timas Feridas;Plena Noite;Decrescente;C�u Claro;Simples;Reta;Sim;3;0;1;1;1;0;2;2;-10,258;-55,0002;SPRF-MT;DEL06-MT;UOP03-DEL06-MT;;;
726629;21/10/2025;ter�a-feira;18:40:00;MS;267;9;BATAGUASSU;Pedestre andava na pista;Atropelamento de Pedestre;Com V�timas Fatais;Plena Noite;Decrescente;C�u Claro;Simples;Reta;N�o;2;1;0;0;0;1;0;2;-21,734234;-52,227932;SPRF-MS;DEL02-MS;UOP04-DEL02-MS;;;
726630;21/10/2025;ter�a-feira;17:25:00;RS;116;146,8;CAXIAS DO SUL;Pedestre cruzava a pista fora da faixa;Atropelamento de Pedestre;Com V�timas Feridas;Pleno dia;Crescente;C�u Claro;Dupla;"Reta;Declive";Sim;2;0;1;0;1;0;1;2;-29,14776587;-51,14180502;SPRF-RS;DEL05-RS;UOP01-DEL05-RS;;;
726632;21/10/2025;ter�a-feira;18:00:00;PR;376;245;APUCARANA;Entrada inopinada do pedestre;Atropelamento de Pedestre;Com V�timas Feridas;Plena Noite;Decrescente;C�u Claro;Simples;Reta;Sim;2;0;1;0;1;0;1;2;-23,58942;-51,4118;SPRF-PR;DEL07-PR;UOP03-DEL07-PR;;;
726633;21/10/2025;ter�a-feira;18:30:00;SC;470;3;NAVEGANTES;Manobra de mudan�a de faixa;Tombamento;Com V�timas Feridas;Plena Noite;Crescente;Nublado;M�ltipla;"Em Obras;Desvio Tempor�rio;Reta";Sim;1;0;1;0;0;0;1;1;-26,86825029;-48,67507428;SPRF-SC;DEL04-SC;UOP04-DEL04-SC;;;
726635;21/10/2025;ter�a-feira;19:30:00;MT;163;839;SINOP;Rea��o tardia ou ineficiente do condutor;Colis�o traseira;Com V�timas Fatais;Plena Noite;Crescente;C�u Claro;Simples;Reta;Sim;2;1;0;0;1;0;0;2;-11,82117011;-55,48483014;SPRF-MT;DEL06-MT;UOP02-DEL06-MT;;;
726636;21/10/2025;ter�a-feira;20:40:00;SP;116;146;SAO JOSE DOS CAMPOS;Rea��o tardia ou ineficiente do condutor;Engavetamento;Com V�timas Feridas;Plena Noite;Decrescente;Nublado;M�ltipla;Aclive;N�o;4;0;1;0;2;1;1;4;-23,19307163;-45,86654663;SPRF-SP;DEL02-SP;UOP01-DEL02-SP;;;
726637;21/10/2025;ter�a-feira;17:20:00;MG;262;750,4;SACRAMENTO;Aus�ncia de rea��o do condutor;Colis�o traseira;Com V�timas Feridas;Pleno dia;Crescente;C�u Claro;Simples;Reta;N�o;3;0;3;0;0;0;3;2;-19,66739;-47,60699;SPRF-MG;DEL13-MG;UOP01-DEL13-MG;;;
726639;21/10/2025;ter�a-feira;18:30:00;PA;155;281;ELDORADO DO CARAJAS;Transitar na contram�o;Colis�o frontal;Com V�timas Fatais;Plena Noite;Decrescente;C�u Claro;Simples;Declive;N�o;3;2;0;0;1;0;0;2;-5,89182188;-49,20690536;SPRF-PA;DEL03-PA;UOP01-DEL03-PA;;;
726641;21/10/2025;ter�a-feira;21:20:00;AL;104;90,4;RIO LARGO;Acessar a via sem observar a presen�a dos outros ve�culos;Colis�o lateral mesmo sentido;Com V�timas Feridas;Plena Noite;Crescente;C�u Claro;Dupla;Reta;N�o;2;0;1;0;1;0;1;2;-9,4273536;-35,8383616;SPRF-AL;DEL01-AL;UOP01-DEL01-AL;;;
726642;21/10/2025;ter�a-feira;22:05:00;SC;101;193,5;BIGUACU;Rea��o tardia ou ineficiente do condutor;Colis�o traseira;Com V�timas Feridas;Plena Noite;Crescente;Ignorado;M�ltipla;Reta;Sim;2;0;1;0;1;0;1;2;-27,49196624;-48,6568257;SPRF-SC;DEL01-SC;UOP01-DEL01-SC;;;
726643;21/10/2025;ter�a-feira;21:20:00;BA;324;623;SALVADOR;Acumulo de �gua sobre o pavimento;Sa�da de leito carro��vel;Com V�timas Feridas;Plena Noite;Decrescente;Chuva;Dupla;"Aclive;Reta";N�o;3;0;1;0;2;0;1;1;-12,928652;-38,468593;SPRF-BA;DEL01-BA;UOP01-DEL01-BA;;;
726645;21/10/2025;ter�a-feira;21:45:00;MG;381;695,5;LAVRAS;Demais falhas mec�nicas ou el�tricas;Inc�ndio;Sem V�timas;Plena Noite;Crescente;C�u Claro;Dupla;Reta;N�o;2;0;0;0;2;0;0;1;-21,245701;-45,137232;SPRF-MG;DEL04-MG;UOP02-DEL04-MG;;;
726646;21/10/2025;ter�a-feira;21:40:00;PB;230;24;JOAO PESSOA;Condutor deixou de manter dist�ncia do ve�culo da frente;Colis�o traseira;Com V�timas Feridas;Plena Noite;Crescente;C�u Claro;Dupla;Reta;N�o;5;0;1;1;3;0;2;2;-7,1676425;-34,8648556;SPRF-PB;DEL01-PB;UOP01-DEL01-PB;;;
726647;21/10/2025;ter�a-feira;21:50:00;GO;153;356;JARAGUA;Rea��o tardia ou ineficiente do condutor;Sa�da de leito carro��vel;Com V�timas Feridas;Plena Noite;Crescente;C�u Claro;Simples;Rotat�ria;Sim;6;0;1;0;5;0;1;1;-15,73608392;-49,32243347;SPRF-GO;DEL02-GO;UOP02-DEL02-GO;;;
726650;21/10/2025;ter�a-feira;21:30:00;RJ;493;81;JAPERI;Condutor Dormindo;Colis�o com objeto;Com V�timas Feridas;Plena Noite;Crescente;C�u Claro;Dupla;Reta;Sim;1;0;0;1;0;0;1;1;-22,6633781;-43,5835278;SPRF-RJ;DEL01-RJ;UOP03-DEL01-RJ;;;
726651;21/10/2025;ter�a-feira;14:00:00;RJ;101;322;NITEROI;Rea��o tardia ou ineficiente do condutor;Colis�o traseira;Com V�timas Feridas;Pleno dia;Crescente;Garoa/Chuvisco;Simples;"Viaduto;Reta";N�o;2;0;1;0;1;0;1;2;-22,8783;-43,11081;SPRF-RJ;DEL02-RJ;UOP01-DEL02-RJ;;;
726652;21/10/2025;ter�a-feira;21:10:00;PR;153;4;JACAREZINHO;Animais na Pista;Atropelamento de Animal;Com V�timas Feridas;Plena Noite;Crescente;C�u Claro;Simples;Curva;N�o;1;0;1;0;0;0;1;1;-23,02803658;-49,915404;SPRF-PR;DEL07-PR;UOP04-DEL07-PR;;;
726653;21/10/2025;ter�a-feira;20:45:00;PR;153;33;SANTO ANTONIO DA PLATINA;Ingest�o de �lcool pelo condutor;Tombamento;Com V�timas Feridas;Plena Noite;Crescente;C�u Claro;Simples;"Reta;Aclive";N�o;1;0;1;0;0;0;1;1;-23,23544538;-50,0382599;SPRF-PR;DEL07-PR;UOP04-DEL07-PR;;;
726656;21/10/2025;ter�a-feira;22:55:00;RJ;116;115;MAGE;Pedestre andava na pista;Atropelamento de Pedestre;Com V�timas Feridas;Plena Noite;Decrescente;Nublado;Simples;"Interse��o de Vias;Reta";N�o;2;0;0;1;1;0;1;2;-22,59003571;-43,01958341;SPRF-RJ;DEL04-RJ;UOP02-DEL04-RJ;;;
726657;21/10/2025;ter�a-feira;23:50:00;SP;101;48;UBATUBA;Aus�ncia de rea��o do condutor;Colis�o traseira;Com V�timas Feridas;Plena Noite;Crescente;Nublado;Simples;Reta;Sim;2;0;1;0;1;0;1;2;-23,4410263;-45,08688061;SPRF-SP;DEL06-SP;UOP01-DEL06-SP;;;
726660;22/10/2025;quarta-feira;00:05:00;RS;116;251,1;SAPUCAIA DO SUL;Ingest�o de �lcool pelo condutor;Colis�o com objeto;Sem V�timas;Plena Noite;Decrescente;C�u Claro;Dupla;Reta;Sim;1;0;0;0;0;1;0;1;-29,7991984;-51,1649382;SPRF-RS;DEL01-RS;UOP02-DEL01-RS;;;
726662;21/10/2025;ter�a-feira;23:15:00;SP;153;258;MARILIA;Entrada inopinada do pedestre;Atropelamento de Pedestre;Com V�timas Fatais;Plena Noite;Crescente;C�u Claro;Dupla;"Declive;Reta";Sim;3;1;0;0;1;1;0;2;-22,2679087;-49,9238264;SPRF-SP;DEL07-SP;UOP02-DEL07-SP;;;
726663;17/10/2025;sexta-feira;10:45:00;RN;101;94;NATAL;Condutor deixou de manter dist�ncia do ve�culo da frente;Colis�o traseira;Com V�timas Feridas;Pleno dia;Crescente;C�u Claro;Dupla;"Reta;Interse��o de Vias";Sim;3;0;1;1;1;0;2;2;-5,82963657;-35,21134106;SPRF-RN;DEL01-RN;UOP01-DEL01-RN;;;
726664;22/10/2025;quarta-feira;04:00:00;SC;101;129;CAMBORIU;Transitar na contram�o;Colis�o frontal;Com V�timas Feridas;Plena Noite;Crescente;C�u Claro;Simples;Reta;Sim;3;0;2;1;0;0;3;2;-26,98209499;-48,67697499;SPRF-SC;DEL04-SC;UOP03-DEL04-SC;;;
726666;22/10/2025;quarta-feira;06:07:00;RN;304;305;PARNAMIRIM;Transitar na contram�o;Colis�o frontal;Com V�timas Feridas;Pleno dia;Crescente;C�u Claro;Dupla;"Reta;Declive";Sim;2;0;1;0;1;0;1;2;-5,889839;-35,266419;SPRF-RN;DEL01-RN;UOP02-DEL01-RN;;;
726668;22/10/2025;quarta-feira;05:39:00;MS;158;225,1;SELVIRIA;Velocidade Incompat�vel;Sa�da de leito carro��vel;Com V�timas Fatais;Pleno dia;Crescente;C�u Claro;Simples;Reta;N�o;2;1;0;0;0;1;0;2;-20,54057;-51,589708;SPRF-MS;DEL07-MS;UOP01-DEL07-MS;;;
726671;22/10/2025;quarta-feira;06:00:00;PI;230;306;FLORIANO;Aus�ncia de rea��o do condutor;Atropelamento de Pedestre;Com V�timas Feridas;Pleno dia;Crescente;C�u Claro;Dupla;Reta;Sim;2;0;0;1;1;0;1;2;-6,7873531;-42,99224854;SPRF-PI;DEL03-PI;UOP01-DEL03-PI;;;
726672;22/10/2025;quarta-feira;07:02:00;ES;101;268;SERRA;Pedestre cruzava a pista fora da faixa;Atropelamento de Pedestre;Com V�timas Feridas;Pleno dia;Crescente;Chuva;Dupla;Reta;Sim;3;0;3;0;0;0;3;2;-20,18959623;-40,26832223;SPRF-ES;DEL02-ES;UOP01-DEL02-ES;;;