id;data_inversa;dia_semana;horario;uf;br;km;municipio;causa_acidente;tipo_acidente;classificacao_acidente;fase_dia;sentido_via;condicao_metereologica;tipo_pista;tracado_via;uso_solo;pessoas;mortos;feridos_leves;feridos_graves;ilesos;ignorados;feridos;veiculos;latitude;longitude;regional;delegacia;uop;;;
726674;22/10/2025;quarta-feira;06:50:00;SC;101;110,8;NAVEGANTES;Trafegar com motocicleta (ou similar) entre as faixas;Colis�o traseira;Com V�timas Feridas;Pleno dia;Crescente;C�u Claro;Dupla;Reta;N�o;2;0;1;0;1;0;1;2;-26,8387804;-48,71346323;SPRF-SC;DEL04-SC;UOP04-DEL04-SC;;;
726678;22/10/2025;quarta-feira;07:10:00;SP;116;276;EMBU DAS ARTES;Manobra de mudan�a de faixa;Colis�o traseira;Com V�timas Feridas;Pleno dia;Decrescente;C�u Claro;Dupla;Reta;N�o;2;0;1;0;1;0;1;2;-23,62454838;-46,81562727;SPRF-SP;DEL04-SP;UOP01-DEL04-SP;;;
726679;22/10/2025;quarta-feira;06:10:00;MG;40;631,4;CONSELHEIRO LAFAIETE;Manobra de mudan�a de faixa;Colis�o lateral mesmo sentido;Com V�timas Feridas;Pleno dia;Decrescente;Vento;Simples;Reta;N�o;3;0;2;0;1;0;2;2;-20,672732;-43,797626;SPRF-MG;DEL05-MG;UOP02-DEL05-MG;;;
726680;22/10/2025;quarta-feira;07:00:00;RN;101;94;NATAL;Avarias e/ou desgaste excessivo no pneu;Eventos at�picos;Com V�timas Feridas;Pleno dia;Decrescente;C�u Claro;Dupla;Reta;Sim;3;0;2;0;1;0;2;2;-5,82831241;-35,21077394;SPRF-RN;DEL01-RN;UOP01-DEL01-RN;;;
726682;22/10/2025;quarta-feira;07:50:00;RS;392;348;SANTA MARIA;Acessar a via sem observar a presen�a dos outros ve�culos;Colis�o transversal;Com V�timas Fatais;Pleno dia;Decrescente;C�u Claro;Simples;Reta;Sim;4;1;1;0;0;2;1;3;-29,754569;-53,789287;SPRF-RS;DEL09-RS;UOP01-DEL09-RS;;;
726683;13/10/2025;segunda-feira;13:30:00;RJ;116;172;RIO DE JANEIRO;Aus�ncia de rea��o do condutor;Tombamento;Com V�timas Feridas;Pleno dia;Crescente;Sol;M�ltipla;Reta;N�o;1;0;1;0;0;0;1;1;-22,8044591;-43,3450389;SPRF-RJ;DEL06-RJ;UOP01-DEL06-RJ;;;
726684;22/10/2025;quarta-feira;02:30:00;MG;381;308;ANTONIO DIAS;Aus�ncia de rea��o do condutor;Sa�da de leito carro��vel;Sem V�timas;Plena Noite;Crescente;Nublado;Simples;Curva;N�o;1;0;0;0;1;0;0;1;-19,66896;-42,96814;SPRF-MG;DEL03-MG;UOP02-DEL03-MG;;;
726685;22/10/2025;quarta-feira;07:40:00;PI;343;339,8;TERESINA;Manobra de mudan�a de faixa;Colis�o transversal;Com V�timas Feridas;Pleno dia;Crescente;Sol;Dupla;Reta;Sim;2;0;1;0;1;0;1;2;-5,07285166;-42,73475647;SPRF-PI;DEL01-PI;UOP01-DEL01-PI;;;
726688;22/10/2025;quarta-feira;08:43:00;ES;101;269;SERRA;Aus�ncia de rea��o do condutor;Colis�o traseira;Com V�timas Feridas;Pleno dia;Crescente;Nublado;Dupla;Reta;Sim;3;0;0;2;0;1;2;2;-20,222233;-40,27047;SPRF-ES;DEL02-ES;UOP01-DEL02-ES;;;
726689;22/10/2025;quarta-feira;08:20:00;SP;488;2;APARECIDA;Suic�dio (presumido);Atropelamento de Pedestre;Com V�timas Feridas;Pleno dia;Decrescente;C�u Claro;Simples;Reta;Sim;2;0;0;1;1;0;1;2;-22,85225502;-45,21688631;SPRF-SP;DEL08-SP;UOP01-DEL08-SP;;;
726691;22/10/2025;quarta-feira;07:25:00;PE;101;54;PAULISTA;Condutor deixou de manter dist�ncia do ve�culo da frente;Colis�o lateral mesmo sentido;Com V�timas Feridas;Pleno dia;Decrescente;C�u Claro;Dupla;Reta;Sim;4;0;0;2;2;0;2;2;-7,94112545;-34,90377752;SPRF-PE;DEL01-PE;UOP02-DEL01-PE;;;
726692;12/09/2025;sexta-feira;11:50:00;MG;262;39;MANHUACU;Acessar a via sem observar a presen�a dos outros ve�culos;Colis�o transversal;Sem V�timas;Pleno dia;Decrescente;C�u Claro;Simples;Curva;N�o;3;0;0;0;3;0;0;2;-20,276295;-42,05461;SPRF-MG;DEL06-MG;UOP03-DEL06-MG;;;
726694;21/10/2025;ter�a-feira;23:00:00;RN;304;37;MOSSORO;Manobra de mudan�a de faixa;Colis�o traseira;Sem V�timas;Plena Noite;Crescente;C�u Claro;Dupla;Reta;Sim;2;0;0;0;2;0;0;2;-5,17106774;-37,35823542;SPRF-RN;DEL04-RN;UOP02-DEL04-RN;;;
726695;22/10/2025;quarta-feira;07:20:00;MS;163;248;DOURADOS;Avarias e/ou desgaste excessivo no pneu;Tombamento;Com V�timas Feridas;Pleno dia;Crescente;C�u Claro;Simples;Reta;N�o;2;0;2;0;0;0;2;1;-22,32196057;-54,81924232;SPRF-MS;DEL04-MS;UOP02-DEL04-MS;;;
726697;22/10/2025;quarta-feira;08:50:00;PE;101;68,6;RECIFE;Manobra de mudan�a de faixa;Tombamento;Com V�timas Feridas;Pleno dia;Decrescente;C�u Claro;Dupla;Reta;Sim;2;0;2;0;0;0;2;1;-8,05626;-34,94632;SPRF-PE;DEL01-PE;UOP01-DEL01-PE;;;
726699;22/10/2025;quarta-feira;06:57:00;SC;101;118,2;ITAJAI;Aus�ncia de rea��o do condutor;Colis�o traseira;Com V�timas Feridas;Pleno dia;Crescente;C�u Claro;Simples;Reta;N�o;2;0;1;0;1;0;1;2;-26,89787;-48,71839;SPRF-SC;DEL04-SC;UOP04-DEL04-SC;;;
726700;19/10/2025;domingo;06:00:00;MG;365;583;INDIANOPOLIS;Ingest�o de �lcool pelo condutor;Sa�da de leito carro��vel;Com V�timas Feridas;Pleno dia;Decrescente;C�u Claro;Simples;"Declive;Reta";N�o;1;0;1;0;0;0;1;1;-18,87045121;-47,96804801;SPRF-MG;DEL15-MG;UOP02-DEL15-MG;;;
726701;18/10/2025;s�bado;08:39:00;PE;232;12;JABOATAO DOS GUARARAPES;Condutor deixou de manter dist�ncia do ve�culo da frente;Colis�o traseira;Com V�timas Feridas;Pleno dia;Decrescente;Sol;Dupla;Reta;N�o;8;0;2;0;6;0;2;3;-8,08443;-34,99917;SPRF-PE;DEL01-PE;UOP01-DEL01-PE;;;
726704;22/10/2025;quarta-feira;08:22:00;PB;101;86;JOAO PESSOA;Condutor Dormindo;Colis�o com objeto;Com V�timas Feridas;Pleno dia;Crescente;C�u Claro;Simples;Reta;Sim;1;0;1;0;0;0;1;1;-7,12346501;-34,89470065;SPRF-PB;DEL01-PB;UOP01-DEL01-PB;;;
726706;22/10/2025;quarta-feira;09:20:00;RJ;116;169;SAO JOAO DE MERITI;Rea��o tardia ou ineficiente do condutor;Colis�o traseira;Com V�timas Feridas;Pleno dia;Crescente;C�u Claro;M�ltipla;Reta;Sim;3;0;1;0;2;0;1;2;-22,78856604;-43,3741951;SPRF-RJ;DEL06-RJ;UOP01-DEL06-RJ;;;
726708;22/10/2025;quarta-feira;08:10:00;SC;101;120,5;ITAJAI;Acessar a via sem observar a presen�a dos outros ve�culos;Tombamento;Com V�timas Feridas;Pleno dia;Decrescente;C�u Claro;M�ltipla;Reta;N�o;3;0;1;1;0;1;2;2;-26,9127068;-48,70832;SPRF-SC;DEL04-SC;UOP04-DEL04-SC;;;
726712;22/10/2025;quarta-feira;08:00:00;BA;116;18;VITORIA DA CONQUISTA;Demais falhas mec�nicas ou el�tricas;Tombamento;Com V�timas Feridas;Pleno dia;Crescente;Chuva;Simples;Reta;Sim;2;0;1;0;1;0;1;1;-14,89783;-40,83546;SPRF-BA;DEL08-BA;UOP01-DEL08-BA;;;
726714;22/10/2025;quarta-feira;09:50:00;BA;367;29,1;PORTO SEGURO;Desrespeitar a prefer�ncia no cruzamento;Colis�o transversal;Com V�timas Feridas;Pleno dia;Crescente;Nublado;Simples;"Rotat�ria;Curva";N�o;2;0;1;0;1;0;1;2;-16,414803;-39,120387;SPRF-BA;DEL09-BA;UOP03-DEL09-BA;;;
726715;22/10/2025;quarta-feira;10:45:00;DF;60;2;BRASILIA;Manobra de mudan�a de faixa;Colis�o lateral mesmo sentido;Com V�timas Feridas;Pleno dia;Crescente;C�u Claro;Dupla;Reta;Sim;2;0;1;0;1;0;1;2;-15,887096;-48,07709;SPRF-DF;DEL03-DF;UOP01-DEL03-DF;;;
726717;22/10/2025;quarta-feira;10:50:00;PR;376;242;APUCARANA;Velocidade Incompat�vel;Colis�o com objeto;Sem V�timas;Pleno dia;Crescente;C�u Claro;Dupla;"Aclive;Curva";N�o;1;0;0;0;1;0;0;1;-23,58173352;-51,43400043;SPRF-PR;DEL07-PR;UOP03-DEL07-PR;;;
726723;22/10/2025;quarta-feira;10:50:00;CE;116;39,9;HORIZONTE;Condutor deixou de manter dist�ncia do ve�culo da frente;Colis�o traseira;Com V�timas Feridas;Pleno dia;Decrescente;C�u Claro;Dupla;Reta;Sim;4;0;1;0;3;0;1;2;-4,09942986;-38,50216293;SPRF-CE;DEL01-CE;UOP02-DEL01-CE;;;
726724;22/10/2025;quarta-feira;11:40:00;SP;116;218;GUARULHOS;Rea��o tardia ou ineficiente do condutor;Colis�o traseira;Com V�timas Feridas;Pleno dia;Crescente;C�u Claro;M�ltipla;Reta;N�o;4;0;0;2;2;0;2;2;-23,45849715;-46,48130391;SPRF-SP;DEL01-SP;UOP01-DEL01-SP;;;
726728;22/10/2025;quarta-feira;11:40:00;PR;369;69,2;SANTA MARIANA;Demais falhas mec�nicas ou el�tricas;Queda de ocupante de ve�culo;Com V�timas Feridas;Pleno dia;Decrescente;C�u Claro;Simples;Reta;N�o;2;0;1;1;0;0;2;1;-23,13925503;-50,48406601;SPRF-PR;DEL07-PR;UOP05-DEL07-PR;;;
726730;22/10/2025;quarta-feira;08:30:00;MG;40;95;LAGOA GRANDE;Transitar na contram�o;Colis�o frontal;Sem V�timas;Pleno dia;Crescente;C�u Claro;Simples;Reta;N�o;3;0;0;0;3;0;0;2;-17,53438606;-46,53877258;SPRF-MG;DEL14-MG;UOP01-DEL14-MG;;;
726731;17/10/2025;sexta-feira;22:37:00;ES;101;94;JAGUARE;Condutor deixou de manter dist�ncia do ve�culo da frente;Colis�o traseira;Sem V�timas;Plena Noite;Crescente;C�u Claro;Simples;Reta;Sim;2;0;0;0;1;1;0;2;-18,9361585;-39,9744144;SPRF-ES;DEL04-ES;UOP02-DEL04-ES;;;
726733;22/10/2025;quarta-feira;09:40:00;BA;110;203;CIPO;Convers�o proibida;Colis�o transversal;Com V�timas Feridas;Pleno dia;Decrescente;Nublado;Simples;"Reta;Ponte";N�o;3;0;0;1;1;1;1;2;-11,096018;-38,51128;SPRF-BA;DEL07-BA;UOP02-DEL07-BA;;;
726735;22/10/2025;quarta-feira;11:30:00;PR;116;34;CAMPINA GRANDE DO SUL;Demais falhas mec�nicas ou el�tricas;Inc�ndio;Sem V�timas;Pleno dia;Decrescente;C�u Claro;Dupla;"Reta;Declive";N�o;2;0;0;0;2;0;0;1;-25,11515836;-48,85040609;SPRF-PR;DEL01-PR;UOP02-DEL01-PR;;;
726740;22/10/2025;quarta-feira;13:05:00;RN;101;100;NATAL;Frear bruscamente;Colis�o traseira;Com V�timas Feridas;Pleno dia;Crescente;C�u Claro;Dupla;"Reta;Declive";Sim;3;0;0;1;1;1;1;3;-5,87835345;-35,2244103;SPRF-RN;DEL01-RN;UOP01-DEL01-RN;;;
726741;15/10/2025;quarta-feira;09:20:00;PR;277;212;PALMEIRA;Rea��o tardia ou ineficiente do condutor;Sa�da de leito carro��vel;Com V�timas Feridas;Pleno dia;Crescente;C�u Claro;Simples;Curva;N�o;1;0;1;0;0;0;1;1;-25,459723;-50,332757;SPRF-PR;DEL08-PR;UOP02-DEL08-PR;;;
726744;22/10/2025;quarta-feira;13:00:00;MT;70;16;BARRA DO GARCAS;Aus�ncia de rea��o do condutor;Capotamento;Com V�timas Feridas;Pleno dia;Crescente;C�u Claro;Simples;Ponte;N�o;1;0;1;0;0;0;1;1;-15,8781914;-52,3049518;SPRF-MT;DEL07-MT;UOP01-DEL07-MT;;;
726745;22/10/2025;quarta-feira;11:50:00;SC;101;396,6;MARACAJA;Acessar a via sem observar a presen�a dos outros ve�culos;Colis�o transversal;Com V�timas Feridas;Pleno dia;Decrescente;Sol;Simples;Reta;N�o;3;0;0;1;2;0;1;2;-28,830393;-49,412006;SPRF-SC;DEL02-SC;UOP02-DEL02-SC;;;
726746;18/10/2025;s�bado;19:20:00;PA;316;52;CASTANHAL;Rea��o tardia ou ineficiente do condutor;Tombamento;Com V�timas Feridas;Plena Noite;Crescente;C�u Claro;Dupla;Reta;N�o;2;0;2;0;0;0;2;1;-1,307395;-48,027465;SPRF-PA;DEL01-PA;UOP01-DEL01-PA;;;
726749;22/10/2025;quarta-feira;14:20:00;DF;40;3,4;BRASILIA;Aus�ncia de rea��o do condutor;Sa�da de leito carro��vel;Com V�timas Feridas;Pleno dia;Crescente;C�u Claro;Dupla;"Reta;Interse��o de Vias";Sim;5;0;0;4;0;1;4;2;-16,00731;-47,98513;SPRF-DF;DEL01-DF;UOP01-DEL01-DF;;;
726750;22/10/2025;quarta-feira;05:00:00;MA;316;9;BOA VISTA DO GURUPI;Ingest�o de �lcool pelo condutor;Queda de ocupante de ve�culo;Com V�timas Fatais;Pleno dia;Crescente;C�u Claro;Dupla;Reta;N�o;1;1;0;0;0;0;0;1;-1,78125366;-46,27774939;SPRF-MA;DEL02-MA;UOP02-DEL02-MA;;;
726751;14/10/2025;ter�a-feira;22:35:00;MS;163;484;CAMPO GRANDE;Rea��o tardia ou ineficiente do condutor;Tombamento;Com V�timas Feridas;Plena Noite;Crescente;C�u Claro;Simples;Reta;Sim;2;0;0;2;0;0;2;1;-20,447403;-54,541082;SPRF-MS;DEL01-MS;UOP02-DEL01-MS;;;
726753;22/10/2025;quarta-feira;14:24:00;ES;101;224;IBIRACU;Ultrapassagem Indevida;Colis�o traseira;Com V�timas Feridas;Pleno dia;Crescente;Garoa/Chuvisco;Simples;Reta;N�o;5;0;1;0;4;0;1;4;-19,83841412;-40,38162231;SPRF-ES;DEL02-ES;UOP01-DEL02-ES;;;
726756;22/10/2025;quarta-feira;14:50:00;SC;101;200;SAO JOSE;Velocidade Incompat�vel;Colis�o traseira;Com V�timas Feridas;Pleno dia;Crescente;C�u Claro;Dupla;"Declive;Reta";Sim;2;0;1;0;1;0;1;2;-27,54347884;-48,62090556;SPRF-SC;DEL01-SC;UOP01-DEL01-SC;;;
726757;22/10/2025;quarta-feira;14:50:00;GO;60;165,4;GOIANIA;Condutor deixou de manter dist�ncia do ve�culo da frente;Colis�o lateral mesmo sentido;Com V�timas Feridas;Pleno dia;Crescente;C�u Claro;M�ltipla;Reta;Sim;3;0;2;0;1;0;2;2;-16,719029;-49,368993;SPRF-GO;DEL01-GO;UOP02-DEL01-GO;;;
726759;22/10/2025;quarta-feira;09:30:00;MG;381;657;SANTO ANTONIO DO AMPARO;Demais falhas mec�nicas ou el�tricas;Inc�ndio;Sem V�timas;Pleno dia;Crescente;C�u Claro;Dupla;"Reta;Aclive";N�o;1;0;0;0;1;0;0;1;-20,99123311;-44,95693123;SPRF-MG;DEL04-MG;UOP02-DEL04-MG;;;
726760;22/10/2025;quarta-feira;15:15:00;RJ;101;64;CAMPOS DOS GOYTACAZES;Condutor deixou de manter dist�ncia do ve�culo da frente;Colis�o traseira;Com V�timas Feridas;Pleno dia;Crescente;C�u Claro;Simples;Reta;Sim;2;0;1;0;1;0;1;2;-21,750835;-41,338135;SPRF-RJ;DEL08-RJ;UOP02-DEL08-RJ;;;
726761;22/10/2025;quarta-feira;15:30:00;SC;282;2;FLORIANOPOLIS;Manobra de mudan�a de faixa;Colis�o lateral mesmo sentido;Com V�timas Feridas;Pleno dia;Crescente;C�u Claro;M�ltipla;Reta;Sim;3;0;1;0;1;1;1;3;-27,603463;-48,586985;SPRF-SC;DEL01-SC;UOP01-DEL01-SC;;;
726763;22/10/2025;quarta-feira;15:00:00;RJ;116;296;BARRA MANSA;Acumulo de �leo sobre o pavimento;Tombamento;Com V�timas Feridas;Pleno dia;Decrescente;C�u Claro;Simples;Retorno Regulamentado;N�o;1;0;1;0;0;0;1;1;-22,4521;-44,3068;SPRF-RJ;DEL07-RJ;UOP02-DEL07-RJ;;;
726767;22/10/2025;quarta-feira;15:00:00;RO;364;341;JI-PARANA;Acesso irregular;Colis�o transversal;Com V�timas Feridas;Pleno dia;Crescente;C�u Claro;Simples;Rotat�ria;Sim;2;0;1;0;1;0;1;2;-10,826916;-62,0140184;SPRF-RO;DEL02-RO;UOP01-DEL02-RO;;;
726768;22/10/2025;quarta-feira;16:45:00;ES;262;163;IBATIBA;Acessar a via sem observar a presen�a dos outros ve�culos;Colis�o transversal;Com V�timas Feridas;Pleno dia;Decrescente;C�u Claro;Simples;"Aclive;Reta";N�o;3;0;2;0;1;0;2;2;-20,2381;-41,54293;SPRF-ES;DEL01-ES;UOP02-DEL01-ES;;;
726769;22/10/2025;quarta-feira;11:20:00;BA;418;95,1;NOVA VICOSA;Demais falhas mec�nicas ou el�tricas;Queda de ocupante de ve�culo;Com V�timas Feridas;Pleno dia;Crescente;Nublado;Simples;Reta;N�o;2;0;2;0;0;0;2;1;-17,89744;-39,912592;SPRF-BA;DEL09-BA;UOP02-DEL09-BA;;;
726772;22/10/2025;quarta-feira;17:30:00;ES;101;258;SERRA;Acessar a via sem observar a presen�a dos outros ve�culos;Colis�o transversal;Com V�timas Feridas;Plena Noite;Crescente;C�u Claro;Dupla;Curva;Sim;2;0;1;0;1;0;1;2;-20,1228943;-40,30535817;SPRF-ES;DEL02-ES;UOP01-DEL02-ES;;;
726773;22/10/2025;quarta-feira;17:25:00;SP;101;51,6;UBATUBA;Acessar a via sem observar a presen�a dos outros ve�culos;Colis�o lateral mesmo sentido;Com V�timas Feridas;Pleno dia;Decrescente;C�u Claro;Simples;Reta;Sim;2;0;1;0;1;0;1;2;-23,45958364;-45,06754544;SPRF-SP;DEL06-SP;UOP01-DEL06-SP;;;
726776;20/10/2025;segunda-feira;22:30:00;PR;373;240,5;GUAMIRANGA;Rea��o tardia ou ineficiente do condutor;Sa�da de leito carro��vel;Com V�timas Fatais;Plena Noite;Decrescente;Chuva;Simples;Reta;N�o;2;1;0;0;0;1;0;2;-25,19721022;-50,77330336;SPRF-PR;DEL03-PR;UOP01-DEL03-PR;;;
726777;22/10/2025;quarta-feira;16:40:00;PR;277;480,3;NOVA LARANJEIRAS;Aus�ncia de rea��o do condutor;Colis�o traseira;Com V�timas Feridas;Pleno dia;Crescente;Sol;Simples;"Aclive;Reta";N�o;2;0;1;0;1;0;1;2;-25,27287781;-52,60370475;SPRF-PR;DEL04-PR;UOP02-DEL04-PR;;;
726778;22/10/2025;quarta-feira;17:20:00;SC;282;18;PALHOCA;Acessar a via sem observar a presen�a dos outros ve�culos;Colis�o lateral mesmo sentido;Com V�timas Feridas;Pleno dia;Crescente;C�u Claro;Simples;Reta;Sim;3;0;1;1;1;0;2;2;-27,675442;-48,697085;SPRF-SC;DEL01-SC;UOP02-DEL01-SC;;;
726781;22/10/2025;quarta-feira;14:00:00;SC;101;84,4;BARRA VELHA;Acumulo de �leo sobre o pavimento;Queda de ocupante de ve�culo;Com V�timas Feridas;Pleno dia;Crescente;C�u Claro;Dupla;Reta;N�o;1;0;1;0;0;0;1;1;-26,6298096;-48,7060014;SPRF-SC;DEL03-SC;UOP02-DEL03-SC;;;
726782;22/10/2025;quarta-feira;17:30:00;PR;476;196;LAPA;Aus�ncia de rea��o do condutor;Atropelamento de Pedestre;Com V�timas Feridas;Plena Noite;Crescente;C�u Claro;Simples;Reta;Sim;2;0;0;1;1;0;1;2;-25,75701608;-49,72979634;SPRF-PR;DEL01-PR;UOP06-DEL01-PR;;;
726783;22/10/2025;quarta-feira;16:08:00;MS;163;479;CAMPO GRANDE;Aus�ncia de rea��o do condutor;Tombamento;Com V�timas Feridas;Pleno dia;Crescente;C�u Claro;Simples;Reta;Sim;2;0;0;1;0;1;1;1;-20,53893992;-54,56245987;SPRF-MS;DEL01-MS;UOP01-DEL01-MS;;;
726784;22/10/2025;quarta-feira;17:36:00;TO;10;454,7;PALMAS;Rea��o tardia ou ineficiente do condutor;Colis�o lateral mesmo sentido;Com V�timas Feridas;Anoitecer;Decrescente;C�u Claro;M�ltipla;Reta;Sim;3;0;3;0;0;0;3;2;-10,30379;-48,29855;SPRF-TO;DEL01-TO;UOP03-DEL01-TO;;;
726785;22/10/2025;quarta-feira;12:00:00;MA;135;95;ITAPECURU MIRIM;Acessar a via sem observar a presen�a dos outros ve�culos;Colis�o transversal;Com V�timas Feridas;Pleno dia;Crescente;C�u Claro;Simples;Reta;N�o;3;0;0;1;2;0;1;2;-3,33148;-44,44578;SPRF-MA;DEL01-MA;UOP02-DEL01-MA;;;
726787;22/10/2025;quarta-feira;17:40:00;SP;116;153,2;SAO JOSE DOS CAMPOS;Rea��o tardia ou ineficiente do condutor;Colis�o lateral mesmo sentido;Com V�timas Feridas;Pleno dia;Decrescente;C�u Claro;M�ltipla;"Reta;Em Obras;Desvio Tempor�rio";Sim;2;0;1;0;0;1;1;2;-23,23171814;-45,91282725;SPRF-SP;DEL02-SP;UOP01-DEL02-SP;;;
726788;22/10/2025;quarta-feira;18:27:00;RJ;393;298;BARRA MANSA;Animais na Pista;Tombamento;Com V�timas Feridas;Plena Noite;Crescente;C�u Claro;Dupla;Curva;N�o;1;0;1;0;0;0;1;1;-22,54269;-44,113085;SPRF-RJ;DEL07-RJ;UOP02-DEL07-RJ;;;
726789;22/10/2025;quarta-feira;18:50:00;ES;101;265;SERRA;Condutor desrespeitou a ilumina��o vermelha do sem�foro;Colis�o transversal;Com V�timas Feridas;Plena Noite;Crescente;C�u Claro;Dupla;"Interse��o de Vias;Reta";Sim;3;0;3;0;0;0;3;2;-20,18985084;-40,26824506;SPRF-ES;DEL02-ES;UOP01-DEL02-ES;;;
726790;22/10/2025;quarta-feira;19:14:00;TO;153;150;ARAGUAINA;Avarias e/ou desgaste excessivo no pneu;Tombamento;Com V�timas Feridas;Plena Noite;Crescente;C�u Claro;Simples;Reta;N�o;2;0;1;0;1;0;1;1;-7,24426;-48,2547;SPRF-TO;DEL02-TO;UOP01-DEL02-TO;;;
726793;22/10/2025;quarta-feira;19:15:00;MG;40;668;CARANDAI;Entrada inopinada do pedestre;Atropelamento de Pedestre;Com V�timas Feridas;Plena Noite;Decrescente;C�u Claro;Simples;Curva;Sim;2;0;0;1;1;0;1;2;-20,95664;-43,79146;SPRF-MG;DEL05-MG;UOP02-DEL05-MG;;;
726794;22/10/2025;quarta-feira;16:30:00;BA;101;613;MASCOTE;Velocidade Incompat�vel;Capotamento;Com V�timas Feridas;Anoitecer;Crescente;Chuva;Simples;Curva;N�o;2;0;1;0;1;0;1;1;-15,591517;-39,426842;SPRF-BA;DEL05-BA;UOP02-DEL05-BA;;;
726795;22/10/2025;quarta-feira;14:49:00;RO;364;343;JI-PARANA;Frear bruscamente;Tombamento;Com V�timas Feridas;Pleno dia;Crescente;C�u Claro;Simples;"Aclive;Reta";Sim;1;0;1;0;0;0;1;1;-10,873463;-61,951953;SPRF-RO;DEL02-RO;UOP01-DEL02-RO;;;
726796;22/10/2025;quarta-feira;19:00:00;MG;40;507,8;RIBEIRAO DAS NEVES;Manobra de mudan�a de faixa;Tombamento;Com V�timas Feridas;Plena Noite;Decrescente;Nublado;Dupla;"Reta;Interse��o de Vias";Sim;1;0;1;0;0;0;1;1;-19,75623502;-44,13990609;SPRF-MG;DEL02-MG;UOP01-DEL02-MG;;;
726797;22/10/2025;quarta-feira;18:40:00;SP;116;144,3;SAO JOSE DOS CAMPOS;Rea��o tardia ou ineficiente do condutor;Colis�o traseira;Com V�timas Feridas;Plena Noite;Crescente;C�u Claro;M�ltipla;Reta;Sim;2;0;1;0;1;0;1;2;-23,18118665;-45,84398746;SPRF-SP;DEL02-SP;UOP01-DEL02-SP;;;
726799;22/10/2025;quarta-feira;18:30:00;PE;101;60;RECIFE;Transitar no Acostamento;Atropelamento de Pedestre;Com V�timas Feridas;Plena Noite;Decrescente;C�u Claro;Simples;Reta;Sim;2;0;0;1;0;1;1;2;-7,9870611;-34,9336695;SPRF-PE;DEL01-PE;UOP02-DEL01-PE;;;
726800;22/10/2025;quarta-feira;18:35:00;PE;423;21;SAO CAITANO;Aus�ncia de rea��o do condutor;Sa�da de leito carro��vel;Com V�timas Feridas;Plena Noite;Crescente;C�u Claro;Simples;Reta;N�o;1;0;1;0;0;0;1;1;-8,347693;-36,167152;SPRF-PE;DEL03-PE;UOP02-DEL03-PE;;;
726801;22/10/2025;quarta-feira;18:40:00;RS;116;265;CANOAS;Manobra de mudan�a de faixa;Colis�o lateral mesmo sentido;Com V�timas Feridas;Anoitecer;Decrescente;Nublado;M�ltipla;"Reta;Em Obras";Sim;3;0;2;0;1;0;2;2;-29,92888654;-51,17771383;SPRF-RS;DEL01-RS;UOP01-DEL01-RS;;;
726802;22/10/2025;quarta-feira;19:45:00;SP;116;125,3;CACAPAVA;Condutor deixou de manter dist�ncia do ve�culo da frente;Colis�o traseira;Com V�timas Feridas;Pleno dia;Decrescente;Nublado;Dupla;Reta;Sim;2;0;1;0;1;0;1;2;-23,09954947;-45,68711758;SPRF-SP;DEL02-SP;UOP02-DEL02-SP;;;
726803;22/10/2025;quarta-feira;13:00:00;SC;101;129;CAMBORIU;Aus�ncia de rea��o do condutor;Colis�o traseira;Com V�timas Feridas;Pleno dia;Crescente;C�u Claro;Dupla;Curva;N�o;2;0;1;0;1;0;1;2;-26,98078751;-48,6787018;SPRF-SC;DEL04-SC;UOP03-DEL04-SC;;;
726804;22/10/2025;quarta-feira;19:20:00;SC;101;120,5;ITAJAI;Manobra de mudan�a de faixa;Colis�o lateral mesmo sentido;Com V�timas Feridas;Plena Noite;Decrescente;C�u Claro;M�ltipla;Reta;Sim;2;0;0;1;1;0;1;2;-26,91628663;-48,71039478;SPRF-SC;DEL04-SC;UOP04-DEL04-SC;;;
726805;22/10/2025;quarta-feira;20:20:00;MG;116;636,5;DIVINO;Rea��o tardia ou ineficiente do condutor;Sa�da de leito carro��vel;Com V�timas Feridas;Plena Noite;Decrescente;C�u Claro;Simples;Curva;N�o;1;0;1;0;0;0;1;1;-20,633;-42,234;SPRF-MG;DEL07-MG;UOP02-DEL07-MG;;;
726806;22/10/2025;quarta-feira;17:40:00;SC;101;439,5;SOMBRIO;Condutor deixou de manter dist�ncia do ve�culo da frente;Colis�o traseira;Com V�timas Feridas;Pleno dia;Crescente;Sol;Dupla;"Em Obras;Curva";Sim;2;0;0;2;0;0;2;2;-29,124861;-49,670708;SPRF-SC;DEL02-SC;UOP02-DEL02-SC;;;
726807;22/10/2025;quarta-feira;20:20:00;SC;101;189;BIGUACU;Velocidade Incompat�vel;Sa�da de leito carro��vel;Com V�timas Feridas;Plena Noite;Decrescente;C�u Claro;Dupla;Reta;Sim;1;0;1;0;0;0;1;1;-27,45882964;-48,63827555;SPRF-SC;DEL01-SC;UOP01-DEL01-SC;;;
726808;22/10/2025;quarta-feira;18:15:00;SC;101;424,4;ARARANGUA;Condutor deixou de manter dist�ncia do ve�culo da frente;Colis�o traseira;Com V�timas Feridas;Pleno dia;Decrescente;C�u Claro;Dupla;Reta;N�o;4;0;0;1;3;0;1;2;-29,022646;-49,593864;SPRF-SC;DEL02-SC;UOP02-DEL02-SC;;;