id;data_inversa;dia_semana;horario;uf;br;km;municipio;causa_acidente;tipo_acidente;classificacao_acidente;fase_dia;sentido_via;condicao_metereologica;tipo_pista;tracado_via;uso_solo;pessoas;mortos;feridos_leves;feridos_graves;ilesos;ignorados;feridos;veiculos;latitude;longitude;regional;delegacia;uop;;;
726809;12/10/2025;domingo;04:20:00;PR;277;177;PALMEIRA;Rea��o tardia ou ineficiente do condutor;Colis�o com objeto;Sem V�timas;Plena Noite;Crescente;Nublado;Dupla;Reta;Sim;1;0;0;0;1;0;0;1;-25,4348;-50,0101;SPRF-PR;DEL08-PR;UOP02-DEL08-PR;;;
726810;22/10/2025;quarta-feira;14:30:00;PA;155;289;ELDORADO DO CARAJAS;Convers�o proibida;Colis�o transversal;Com V�timas Fatais;Pleno dia;Decrescente;Sol;Simples;Reta;N�o;3;1;0;0;2;0;0;2;-5,818357;-49,191492;SPRF-PA;DEL03-PA;UOP01-DEL03-PA;;;
726814;22/10/2025;quarta-feira;17:30:00;RS;287;342;SAO VICENTE DO SUL;Manobra de mudan�a de faixa;Sa�da de leito carro��vel;Com V�timas Feridas;Anoitecer;Crescente;Sol;Simples;Reta;N�o;2;0;1;0;0;1;1;2;-29,57239565;-54,68040079;SPRF-RS;DEL12-RS;UOP02-DEL12-RS;;;
726818;22/10/2025;quarta-feira;20:26:00;PB;230;15;CABEDELO;Avarias e/ou desgaste excessivo no pneu;Sa�da de leito carro��vel;Com V�timas Feridas;Plena Noite;Decrescente;C�u Claro;Dupla;Declive;Sim;2;0;1;0;1;0;1;2;-7,098834;-34,84793;SPRF-PB;DEL01-PB;UOP01-DEL01-PB;;;
726824;22/10/2025;quarta-feira;20:10:00;RO;174;16;VILHENA;Aus�ncia de sinaliza��o;Colis�o com objeto;Com V�timas Feridas;Plena Noite;Decrescente;Ignorado;Simples;"Em Obras;Reta";Sim;1;0;1;0;0;0;1;1;-12,711042;-60,125537;SPRF-RO;DEL04-RO;UOP01-DEL04-RO;;;
726825;18/10/2025;s�bado;22:15:00;RJ;116;257,9;PIRAI;Pista Escorregadia;Colis�o com objeto;Com V�timas Feridas;Pleno dia;Decrescente;Chuva;Dupla;Reta;N�o;3;0;2;0;1;0;2;1;-22,5824424;-44,02041871;SPRF-RJ;DEL07-RJ;UOP01-DEL07-RJ;;;
726826;22/10/2025;quarta-feira;21:15:00;SC;470;141,1;RIO DO SUL;Aus�ncia de rea��o do condutor;Colis�o transversal;Com V�timas Feridas;Plena Noite;Decrescente;C�u Claro;Simples;"Retorno Regulamentado;Reta;Aclive";Sim;3;0;2;0;1;0;2;2;-27,2074;-49,64885;SPRF-SC;DEL04-SC;UOP02-DEL04-SC;;;
726827;22/10/2025;quarta-feira;21:15:00;BA;101;716,3;EUNAPOLIS;Desrespeitar a prefer�ncia no cruzamento;Colis�o transversal;Com V�timas Feridas;Plena Noite;Decrescente;Nublado;Simples;"Reta;Rotat�ria";Sim;2;0;0;1;1;0;1;2;-16,366215;-39,581943;SPRF-BA;DEL09-BA;UOP01-DEL09-BA;;;
726828;22/10/2025;quarta-feira;18:45:00;MT;163;1055;MATUPA;Acesso irregular;Colis�o transversal;Sem V�timas;Plena Noite;Crescente;Garoa/Chuvisco;Simples;Reta;N�o;2;0;0;0;1;1;0;2;-10,05047;-54,90874;SPRF-MT;DEL06-MT;UOP03-DEL06-MT;;;
726829;22/10/2025;quarta-feira;17:30:00;RO;364;517;ARIQUEMES;Rea��o tardia ou ineficiente do condutor;Colis�o traseira;Com V�timas Feridas;Anoitecer;Crescente;Ignorado;Simples;Retorno Regulamentado;Sim;3;0;1;0;1;1;1;2;-9,9046766;-63,05600379;SPRF-RO;DEL03-RO;UOP01-DEL03-RO;;;
726830;22/10/2025;quarta-feira;13:30:00;PR;158;533;PATO BRANCO;Convers�o proibida;Colis�o traseira;Com V�timas Feridas;Pleno dia;Decrescente;C�u Claro;Simples;"Curva;Interse��o de Vias";Sim;2;0;1;0;1;0;1;2;-26,22482666;-52,68825023;SPRF-PR;DEL02-PR;UOP01-DEL02-PR;;;
726831;22/10/2025;quarta-feira;17:40:00;SP;116;50,7;LORENA;Objeto est�tico sobre o leito carro��vel;Colis�o com objeto;Com V�timas Feridas;Plena Noite;Decrescente;C�u Claro;Dupla;Reta;N�o;1;0;0;1;0;0;1;1;-22,73267387;-45,07954798;SPRF-SP;DEL08-SP;UOP02-DEL08-SP;;;
726832;22/10/2025;quarta-feira;22:30:00;RJ;101;66,7;CAMPOS DOS GOYTACAZES;Acessar a via sem observar a presen�a dos outros ve�culos;Colis�o lateral mesmo sentido;Com V�timas Feridas;Plena Noite;Decrescente;Nublado;Dupla;"Curva;Rotat�ria";Sim;2;0;1;0;1;0;1;2;-21,765671;-41,344996;SPRF-RJ;DEL08-RJ;UOP02-DEL08-RJ;;;
726833;22/10/2025;quarta-feira;22:30:00;RJ;101;57;CAMPOS DOS GOYTACAZES;Acessar a via sem observar a presen�a dos outros ve�culos;Colis�o traseira;Com V�timas Feridas;Plena Noite;Decrescente;Nublado;Simples;Reta;Sim;3;0;0;2;1;0;2;2;-21,692055;-41,310216;SPRF-RJ;DEL08-RJ;UOP01-DEL08-RJ;;;
726834;22/10/2025;quarta-feira;22:31:00;MG;262;786;UBERABA;Aus�ncia de rea��o do condutor;Colis�o traseira;Com V�timas Feridas;Plena Noite;Decrescente;C�u Claro;Dupla;Reta;Sim;10;0;1;0;9;0;1;2;-19,76715928;-47,8827955;SPRF-MG;DEL13-MG;UOP01-DEL13-MG;;;
726835;22/10/2025;quarta-feira;17:41:00;SP;116;50,7;LORENA;Objeto est�tico sobre o leito carro��vel;Tombamento;Com V�timas Feridas;Plena Noite;Decrescente;Nublado;Dupla;Reta;N�o;1;0;1;0;0;0;1;1;-22,73757217;-45,08634567;SPRF-SP;DEL08-SP;UOP02-DEL08-SP;;;
726836;22/10/2025;quarta-feira;20:12:00;ES;101;15;PEDRO CANARIO;Aus�ncia de rea��o do condutor;Queda de ocupante de ve�culo;Com V�timas Feridas;Plena Noite;Crescente;Nublado;Dupla;Reta;Sim;1;0;1;0;0;0;1;1;-18,29048953;-39,95457172;SPRF-ES;DEL04-ES;UOP02-DEL04-ES;;;
726837;22/10/2025;quarta-feira;21:20:00;PR;116;140;MANDIRITUBA;Ingest�o de �lcool pelo condutor;Colis�o com objeto;Sem V�timas;Plena Noite;Decrescente;Garoa/Chuvisco;Dupla;"Reta;Declive";N�o;1;0;0;0;1;0;0;1;-25,7686;-49,32154;SPRF-PR;DEL01-PR;UOP03-DEL01-PR;;;
726838;22/10/2025;quarta-feira;21:00:00;PR;116;106;SAO JOSE DOS PINHAIS;Rea��o tardia ou ineficiente do condutor;Sa�da de leito carro��vel;Sem V�timas;Plena Noite;Crescente;Garoa/Chuvisco;Dupla;"Declive;Viaduto";N�o;1;0;0;0;1;0;0;1;-25,56993466;-49,21898453;SPRF-PR;DEL01-PR;UOP03-DEL01-PR;;;
726840;22/10/2025;quarta-feira;21:30:00;GO;70;306;ITAPIRAPUA;Defici�ncia do Sistema de Ilumina��o/Sinaliza��o;Colis�o traseira;Com V�timas Feridas;Plena Noite;Decrescente;C�u Claro;Simples;Declive;N�o;5;0;0;1;4;0;1;2;-15,8585;-50,76411;SPRF-GO;DEL04-GO;UOP02-DEL04-GO;;;
726841;22/10/2025;quarta-feira;17:13:00;AC;364;135;RIO BRANCO;Mal s�bito do condutor;Colis�o com objeto;Sem V�timas;Anoitecer;Decrescente;C�u Claro;Dupla;Reta;Sim;1;0;0;0;1;0;0;1;-9,98545;-67,84547;SPRF-AC;DEL01-AC;UOP01-DEL01-AC;;;
726842;16/09/2025;ter�a-feira;06:40:00;PI;135;369;BOM JESUS;Rea��o tardia ou ineficiente do condutor;Engavetamento;Com V�timas Feridas;Pleno dia;Decrescente;C�u Claro;Simples;Reta;N�o;6;0;4;0;2;0;4;3;-9,19327;-44,437183;SPRF-PI;DEL03-PI;UOP02-DEL03-PI;;;
726847;23/10/2025;quinta-feira;00:30:00;MG;40;483;SETE LAGOAS;Aus�ncia de rea��o do condutor;Atropelamento de Animal;Com V�timas Feridas;Plena Noite;Crescente;C�u Claro;Dupla;Declive;N�o;1;0;1;0;0;0;1;1;-19,56039;-44,23768;SPRF-MG;DEL02-MG;UOP01-DEL02-MG;;;
726848;23/10/2025;quinta-feira;00:10:00;PR;376;184,9;SARANDI;Velocidade Incompat�vel;Sa�da de leito carro��vel;Com V�timas Fatais;Plena Noite;Crescente;C�u Claro;Dupla;Reta;Sim;1;1;0;0;0;0;0;1;-23,44609016;-51,86353382;SPRF-PR;DEL09-PR;UOP01-DEL09-PR;;;
726851;23/10/2025;quinta-feira;02:15:00;SC;101;151;ITAPEMA;Aus�ncia de rea��o do condutor;Colis�o transversal;Com V�timas Feridas;Plena Noite;Crescente;Nublado;Dupla;Reta;N�o;2;0;0;1;1;0;1;2;-27,132478;-48,609592;SPRF-SC;DEL04-SC;UOP03-DEL04-SC;;;
726852;23/10/2025;quinta-feira;01:50:00;RJ;116;227;PIRAI;Transitar na contram�o;Colis�o frontal;Com V�timas Feridas;Plena Noite;Crescente;C�u Claro;Simples;"Aclive;Curva;Em Obras";N�o;6;0;3;2;1;0;5;2;-22,66076943;-43,82525682;SPRF-RJ;DEL07-RJ;UOP01-DEL07-RJ;;;
726854;23/10/2025;quinta-feira;05:00:00;SC;101;207;SAO JOSE;Rea��o tardia ou ineficiente do condutor;Tombamento;Com V�timas Feridas;Amanhecer;Decrescente;C�u Claro;Dupla;Reta;Sim;1;0;1;0;0;0;1;1;-27,60012;-48,62234;SPRF-SC;DEL01-SC;UOP01-DEL01-SC;;;
726855;22/10/2025;quarta-feira;15:10:00;MG;153;0,5;ARAPORA;Velocidade Incompat�vel;Colis�o traseira;Sem V�timas;Pleno dia;Decrescente;C�u Claro;M�ltipla;"Reta;Declive";N�o;2;0;0;0;2;0;0;2;-18,42667241;-49,19421315;SPRF-MG;DEL15-MG;UOP03-DEL15-MG;;;
726858;22/10/2025;quarta-feira;16:40:00;GO;153;275;SAO LUIZ DO NORTE;Avarias e/ou desgaste excessivo no pneu;Queda de ocupante de ve�culo;Com V�timas Feridas;Pleno dia;Crescente;Sol;Simples;Reta;N�o;2;0;2;0;0;0;2;1;-14,9589324;-49,38201964;SPRF-GO;DEL07-GO;UOP02-DEL07-GO;;;
726859;23/10/2025;quinta-feira;06:50:00;SP;116;160,5;JACAREI;Demais falhas mec�nicas ou el�tricas;Tombamento;Com V�timas Feridas;Pleno dia;Decrescente;Sol;Dupla;Reta;Sim;2;0;2;0;0;0;2;1;-23,27562251;-45,97496152;SPRF-SP;DEL02-SP;UOP01-DEL02-SP;;;
726861;23/10/2025;quinta-feira;06:16:00;ES;259;62;COLATINA;Aus�ncia de rea��o do condutor;Queda de ocupante de ve�culo;Com V�timas Feridas;Pleno dia;Crescente;Chuva;Simples;Reta;Sim;1;0;1;0;0;0;1;1;-19,527663;-40,698471;SPRF-ES;DEL02-ES;UOP01-DEL02-ES;;;
726862;23/10/2025;quinta-feira;06:40:00;PB;230;27;JOAO PESSOA;�rea urbana sem a presen�a de local apropriado para a travessia de pedestres;Atropelamento de Pedestre;Com V�timas Feridas;Pleno dia;Decrescente;Sol;Dupla;Reta;Sim;2;0;0;1;0;1;1;2;-7,166;-34,889;SPRF-PB;DEL01-PB;UOP01-DEL01-PB;;;
726865;23/10/2025;quinta-feira;07:05:00;MG;116;524,5;CARATINGA;Acessar a via sem observar a presen�a dos outros ve�culos;Colis�o transversal;Com V�timas Feridas;Pleno dia;Decrescente;C�u Claro;Simples;"Reta;Interse��o de Vias";Sim;3;0;0;2;0;1;2;2;-19,7569479;-42,1276153;SPRF-MG;DEL06-MG;UOP02-DEL06-MG;;;
726867;23/10/2025;quinta-feira;06:50:00;GO;40;2,1;VALPARAISO DE GOIAS;Condutor deixou de manter dist�ncia do ve�culo da frente;Queda de ocupante de ve�culo;Com V�timas Feridas;Pleno dia;Decrescente;C�u Claro;Dupla;Reta;Sim;1;0;1;0;0;0;1;1;-16,070408;-47,984518;SPRF-DF;DEL01-DF;UOP01-DEL01-DF;;;
726868;23/10/2025;quinta-feira;06:40:00;CE;222;231;SOBRAL;Aus�ncia de rea��o do condutor;Colis�o lateral mesmo sentido;Com V�timas Feridas;Pleno dia;Decrescente;C�u Claro;Simples;Reta;N�o;2;0;1;0;0;1;1;2;-3,71089335;-40,41790295;SPRF-CE;DEL04-CE;UOP01-DEL04-CE;;;
726869;23/10/2025;quinta-feira;06:55:00;MG;381;447,6;BELO HORIZONTE;Acessar a via sem observar a presen�a dos outros ve�culos;Colis�o transversal;Com V�timas Feridas;Pleno dia;Crescente;Sol;Simples;Reta;N�o;2;0;0;1;1;0;1;2;-19,84019032;-43,87630463;SPRF-MG;DEL01-MG;UOP01-DEL01-MG;;;
726870;23/10/2025;quinta-feira;07:40:00;PR;277;118;CAMPO LARGO;Condutor deixou de manter dist�ncia do ve�culo da frente;Colis�o traseira;Com V�timas Feridas;Pleno dia;Decrescente;C�u Claro;Dupla;Curva;N�o;2;0;0;1;1;0;1;2;-25,44444;-49,46731;SPRF-PR;DEL03-PR;UOP03-DEL03-PR;;;
726871;23/10/2025;quinta-feira;06:45:00;MA;135;4,9;SAO LUIS;Rea��o tardia ou ineficiente do condutor;Colis�o traseira;Com V�timas Feridas;Pleno dia;Decrescente;C�u Claro;Dupla;Reta;Sim;2;0;1;0;1;0;1;2;-2,62082085;-44,25730616;SPRF-MA;DEL01-MA;UOP01-DEL01-MA;;;
726873;23/10/2025;quinta-feira;07:20:00;SP;153;59,5;SAO JOSE DO RIO PRETO;Manobra de mudan�a de faixa;Colis�o lateral mesmo sentido;Com V�timas Feridas;Pleno dia;Crescente;C�u Claro;Dupla;Reta;Sim;2;0;1;0;1;0;1;2;-20,7935011;-49,3547477;SPRF-SP;DEL09-SP;UOP01-DEL09-SP;;;
726876;23/10/2025;quinta-feira;07:20:00;RS;386;434,4;NOVA SANTA RITA;Acessar a via sem observar a presen�a dos outros ve�culos;Colis�o transversal;Sem V�timas;Pleno dia;Decrescente;C�u Claro;Dupla;"Rotat�ria;Em Obras";Sim;3;0;0;0;3;0;0;2;-29,84555539;-51,27846032;SPRF-RS;DEL04-RS;UOP02-DEL04-RS;;;
726877;23/10/2025;quinta-feira;08:05:00;CE;304;54,5;ARACATI;Acessar a via sem observar a presen�a dos outros ve�culos;Colis�o com objeto;Com V�timas Feridas;Pleno dia;Decrescente;C�u Claro;Simples;Reta;Sim;2;0;1;0;1;0;1;2;-4,57580767;-37,73166602;SPRF-CE;DEL03-CE;UOP02-DEL03-CE;;;
726880;23/10/2025;quinta-feira;06:38:00;SC;470;4;NAVEGANTES;Desrespeitar a prefer�ncia no cruzamento;Colis�o transversal;Com V�timas Feridas;Pleno dia;Crescente;Nublado;Dupla;"Em Obras;Reta";Sim;2;0;1;0;1;0;1;2;-26,85786;-48,69177;SPRF-SC;DEL04-SC;UOP04-DEL04-SC;;;
726882;23/10/2025;quinta-feira;08:30:00;SP;116;224;GUARULHOS;Trafegar com motocicleta (ou similar) entre as faixas;Colis�o lateral mesmo sentido;Com V�timas Feridas;Pleno dia;Crescente;C�u Claro;M�ltipla;Reta;Sim;2;0;1;0;1;0;1;2;-23,48230795;-46,53571177;SPRF-SP;DEL01-SP;UOP01-DEL01-SP;;;
726883;23/10/2025;quinta-feira;08:21:00;SP;116;283;ITAPECERICA DA SERRA;Rea��o tardia ou ineficiente do condutor;Tombamento;Com V�timas Feridas;Pleno dia;Decrescente;C�u Claro;Dupla;Reta;Sim;1;0;1;0;0;0;1;1;-23,700365;-46,868869;SPRF-SP;DEL04-SP;UOP01-DEL04-SP;;;
726884;23/10/2025;quinta-feira;08:20:00;PR;277;79;CURITIBA;Aus�ncia de rea��o do condutor;Queda de ocupante de ve�culo;Com V�timas Feridas;Pleno dia;Crescente;C�u Claro;Dupla;Reta;N�o;2;0;1;0;1;0;1;2;-25,477;-49,204;SPRF-PR;DEL01-PR;UOP07-DEL01-PR;;;
726885;23/10/2025;quinta-feira;07:20:00;MG;40;532;BELO HORIZONTE;Condutor deixou de manter dist�ncia do ve�culo da frente;Colis�o lateral mesmo sentido;Com V�timas Feridas;Pleno dia;Crescente;C�u Claro;Dupla;Reta;Sim;2;0;0;1;1;0;1;2;-19,92323819;-44,019575;SPRF-MG;DEL01-MG;UOP02-DEL01-MG;;;
726886;23/10/2025;quinta-feira;07:13:00;PR;116;15;COLOMBO;Desrespeitar a prefer�ncia no cruzamento;Colis�o lateral sentido oposto;Com V�timas Feridas;Pleno dia;Decrescente;C�u Claro;Simples;Interse��o de Vias;Sim;3;0;2;0;1;0;2;2;-25,3825474;-49,16524379;SPRF-PR;DEL01-PR;UOP02-DEL01-PR;;;
726887;23/10/2025;quinta-feira;08:40:00;RS;290;97;PORTO ALEGRE;Rea��o tardia ou ineficiente do condutor;Queda de ocupante de ve�culo;Com V�timas Feridas;Pleno dia;Crescente;C�u Claro;Dupla;Interse��o de Vias;N�o;1;0;1;0;0;0;1;1;-29,9973805;-51,2058172;SPRF-RS;DEL01-RS;UOP01-DEL01-RS;;;
726888;23/10/2025;quinta-feira;06:50:00;RS;285;40,1;BOM JESUS;Condutor Dormindo;Sa�da de leito carro��vel;Com V�timas Feridas;Pleno dia;Decrescente;C�u Claro;Simples;Reta;N�o;1;0;1;0;0;0;1;1;-28,49280747;-50,25969;SPRF-RS;DEL05-RS;UOP03-DEL05-RS;;;
726899;23/10/2025;quinta-feira;07:00:00;MT;163;584;NOVA MUTUM;Velocidade Incompat�vel;Sa�da de leito carro��vel;Sem V�timas;Pleno dia;Decrescente;C�u Claro;Dupla;Reta;N�o;1;0;0;0;1;0;0;1;-13,86793;-56,087171;SPRF-MT;DEL01-MT;UOP01-DEL01-MT;;;
726900;23/10/2025;quinta-feira;07:45:00;SC;282;332;CAMPOS NOVOS;Ultrapassagem Indevida;Colis�o frontal;Com V�timas Feridas;Pleno dia;Crescente;C�u Claro;Simples;Reta;N�o;2;0;1;0;1;0;1;2;-27,391313;-51,130238;SPRF-SC;DEL07-SC;UOP06-DEL07-SC;;;
726901;23/10/2025;quinta-feira;07:30:00;PE;232;32;MORENO;Condutor deixou de manter dist�ncia do ve�culo da frente;Colis�o traseira;Com V�timas Feridas;Pleno dia;Decrescente;Sol;Dupla;"Reta;Declive";N�o;2;0;0;1;1;0;1;2;-8,10572228;-35,166375;SPRF-PE;DEL02-PE;UOP02-DEL02PE;;;
726902;30/09/2025;ter�a-feira;05:00:00;PR;277;431,8;VIRMOND;Velocidade Incompat�vel;Sa�da de leito carro��vel;Com V�timas Feridas;Plena Noite;Decrescente;Garoa/Chuvisco;Simples;Curva;N�o;4;0;4;0;0;0;4;1;-25,37510632;-52,25659244;SPRF-PR;DEL04-PR;UOP02-DEL04-PR;;;
726903;23/10/2025;quinta-feira;08:45:00;RJ;101;307;NITEROI;Aus�ncia de rea��o do condutor;Engavetamento;Com V�timas Feridas;Pleno dia;Crescente;C�u Claro;Dupla;Reta;Sim;4;0;1;0;3;0;1;3;-22,8917248;-43,122688;SPRF-RJ;DEL02-RJ;UOP02-DEL02-RJ;;;
726905;23/10/2025;quinta-feira;08:45:00;RS;471;174,2;RIO PARDO;Desrespeitar a prefer�ncia no cruzamento;Colis�o transversal;Com V�timas Feridas;Pleno dia;Crescente;Sol;Dupla;Rotat�ria;Sim;2;0;1;0;1;0;1;2;-29,98170666;-52,36973975;SPRF-RS;DEL02-RS;UOP03-DEL02-RS;;;
726908;23/10/2025;quinta-feira;09:00:00;PE;232;209,5;PESQUEIRA;Acessar a via sem observar a presen�a dos outros ve�culos;Colis�o transversal;Com V�timas Feridas;Pleno dia;Decrescente;C�u Claro;Simples;Reta;Sim;2;0;0;1;1;0;1;2;-8,365963;-36,693753;SPRF-PE;DEL03-PE;UOP02-DEL03-PE;;;
726909;21/09/2025;domingo;16:30:00;ES;0;0;VITORIA;Demais falhas mec�nicas ou el�tricas;Colis�o com objeto;Sem V�timas;Pleno dia;N�o Informado;C�u Claro;Simples;Reta;Sim;4;0;0;0;1;3;0;3;-20,31855494;-40,30606834;SPRF-ES;N/A;N/A;;;
726910;23/10/2025;quinta-feira;08:20:00;PI;343;44,5;BURITI DOS LOPES;Velocidade Incompat�vel;Colis�o com objeto;Com V�timas Feridas;Pleno dia;Crescente;Sol;Simples;Curva;N�o;1;0;0;1;0;0;1;1;-3,165608;-41,841723;SPRF-PI;DEL05-PI;UOP01-DEL05-PI;;;
726911;23/10/2025;quinta-feira;07:30:00;PI;343;4,8;TERESINA;Condutor deixou de manter dist�ncia do ve�culo da frente;Colis�o traseira;Com V�timas Feridas;Pleno dia;Crescente;C�u Claro;Simples;Ponte;Sim;2;0;1;0;1;0;1;2;-5,082607;-42,795474;SPRF-PI;DEL01-PI;UOP01-DEL01-PI;;;
726913;23/10/2025;quinta-feira;07:30:00;MS;267;191;NOVA ALVORADA DO SUL;Desrespeitar a prefer�ncia no cruzamento;Colis�o transversal;Com V�timas Feridas;Pleno dia;Crescente;C�u Claro;Simples;Reta;N�o;2;0;0;1;1;0;1;2;-21,5998288;-53,8592023;SPRF-MS;DEL02-MS;UOP03-DEL02-MS;;;
726914;23/10/2025;quinta-feira;10:05:00;RN;101;96;NATAL;Aus�ncia de rea��o do condutor;Colis�o com objeto;Com V�timas Feridas;Pleno dia;Decrescente;Sol;M�ltipla;Reta;Sim;2;0;1;0;1;0;1;2;-5,8575462;-35,2123661;SPRF-RN;DEL01-RN;UOP01-DEL01-RN;;;
726915;23/10/2025;quinta-feira;10:00:00;PR;376;159;MANDAGUACU;Aus�ncia de rea��o do condutor;Sa�da de leito carro��vel;Com V�timas Feridas;Pleno dia;Crescente;C�u Claro;Dupla;Reta;N�o;1;0;1;0;0;0;1;1;-23,36575451;-52,08035499;SPRF-PR;DEL09-PR;UOP02-DEL09-PR;;;
726917;23/10/2025;quinta-feira;08:10:00;RJ;116;218;PARACAMBI;Trafegar com motocicleta (ou similar) entre as faixas;Colis�o lateral mesmo sentido;Com V�timas Feridas;Pleno dia;Crescente;C�u Claro;Simples;Reta;N�o;2;0;1;0;1;0;1;2;-22,70030299;-43,7614511;SPRF-RJ;DEL06-RJ;UOP02-DEL06-RJ;;;
726918;23/10/2025;quinta-feira;10:00:00;PR;476;152,9;ARAUCARIA;Avarias e/ou desgaste excessivo no pneu;Sa�da de leito carro��vel;Com V�timas Feridas;Pleno dia;Crescente;C�u Claro;Dupla;Reta;Sim;1;0;1;0;0;0;1;1;-25,5754542;-49,3901766;SPRF-PR;DEL01-PR;UOP06-DEL01-PR;;;
726923;23/10/2025;quinta-feira;11:12:00;DF;70;19;BRASILIA;Objeto est�tico sobre o leito carro��vel;Colis�o com objeto;Com V�timas Feridas;Pleno dia;Crescente;C�u Claro;Dupla;Reta;N�o;2;0;1;0;0;1;1;2;-15,784282;-48,231985;SPRF-DF;DEL03-DF;UOP02-DEL03-DF;;;
726924;23/10/2025;quinta-feira;11:00:00;PE;101;68;RECIFE;Condutor deixou de manter dist�ncia do ve�culo da frente;Colis�o traseira;Com V�timas Feridas;Pleno dia;Decrescente;C�u Claro;Dupla;Reta;N�o;3;0;2;0;0;1;2;2;-8,05431;-34,94602;SPRF-PE;DEL01-PE;UOP01-DEL01-PE;;;
726925;15/10/2025;quarta-feira;17:30:00;SC;101;193,1;BIGUACU;Condutor deixou de manter dist�ncia do ve�culo da frente;Queda de ocupante de ve�culo;Com V�timas Feridas;Pleno dia;Crescente;C�u Claro;Dupla;Curva;Sim;1;0;1;0;0;0;1;1;-27,49119;-48,65653;SPRF-SC;DEL01-SC;UOP01-DEL01-SC;;;
726926;23/10/2025;quinta-feira;11:00:00;ES;262;44;DOMINGOS MARTINS;Desrespeitar a prefer�ncia no cruzamento;Colis�o transversal;Com V�timas Feridas;Pleno dia;Crescente;Nublado;Simples;Reta;N�o;2;0;1;0;1;0;1;2;-20,38788703;-40,66829681;SPRF-ES;DEL01-ES;UOP01-DEL01-ES;;;
726928;23/10/2025;quinta-feira;11:45:00;SC;101;142;ITAPEMA;Desrespeitar a prefer�ncia no cruzamento;Colis�o lateral mesmo sentido;Sem V�timas;Pleno dia;Decrescente;Sol;Simples;"Declive;Interse��o de Vias;Viaduto";Sim;2;0;0;0;2;0;0;2;-27,061943;-48,595913;SPRF-SC;DEL04-SC;UOP03-DEL04-SC;;;
726930;23/10/2025;quinta-feira;12:05:00;RJ;101;533,9;PARATY;Acessar a via sem observar a presen�a dos outros ve�culos;Colis�o transversal;Com V�timas Feridas;Pleno dia;Crescente;C�u Claro;Simples;Reta;Sim;2;0;1;0;1;0;1;2;-23,02843694;-44,54098821;SPRF-RJ;DEL03-RJ;UOP04-DEL03-RJ;;;
726932;23/10/2025;quinta-feira;11:20:00;PR;277;2,8;CURITIBA;Demais Fen�menos da natureza;Colis�o com objeto;Com V�timas Feridas;Pleno dia;Crescente;C�u Claro;Dupla;Reta;N�o;1;0;1;0;0;0;1;1;-25,43016;-49,34261;SPRF-PR;DEL01-PR;UOP06-DEL01-PR;;;
726933;23/10/2025;quinta-feira;11:45:00;PE;104;66,9;CARUARU;Condutor deixou de manter dist�ncia do ve�culo da frente;Colis�o traseira;Com V�timas Feridas;Pleno dia;Crescente;C�u Claro;Dupla;Curva;Sim;2;0;1;0;1;0;1;2;-8,29275858;-35,98603964;SPRF-PE;DEL02-PE;UOP01-DEL02-PE;;;
726935;23/10/2025;quinta-feira;12:30:00;SC;280;125;RIO NEGRINHO;Acesso irregular;Colis�o transversal;Com V�timas Feridas;Pleno dia;Crescente;C�u Claro;Simples;Reta;N�o;2;0;1;0;1;0;1;2;-26,243567;-49,514713;SPRF-SC;DEL06-SC;UOP03-DEL06-SC;;;
726936;23/10/2025;quinta-feira;12:30:00;PR;476;143,9;CURITIBA;Rea��o tardia ou ineficiente do condutor;Sa�da de leito carro��vel;Com V�timas Feridas;Pleno dia;Crescente;C�u Claro;Simples;Interse��o de Vias;Sim;1;0;1;0;0;0;1;1;-25,541085;-49,3123083;SPRF-PR;DEL01-PR;UOP06-DEL01-PR;;;
726937;23/10/2025;quinta-feira;13:00:00;PE;101;68;RECIFE;Acessar a via sem observar a presen�a dos outros ve�culos;Queda de ocupante de ve�culo;Com V�timas Feridas;Pleno dia;Decrescente;C�u Claro;Dupla;Rotat�ria;Sim;2;0;1;0;1;0;1;2;-8,051811;-34,945927;SPRF-PE;DEL01-PE;UOP01-DEL01-PE;;;
726939;23/10/2025;quinta-feira;09:30:00;RJ;101;574;PARATY;Acessar a via sem observar a presen�a dos outros ve�culos;Colis�o transversal;Com V�timas Feridas;Pleno dia;Crescente;C�u Claro;Simples;Reta;N�o;2;0;0;1;1;0;1;2;-23,216325;-44,7352;SPRF-RJ;DEL03-RJ;UOP04-DEL03-RJ;;;
726941;23/10/2025;quinta-feira;11:30:00;SC;101;307,5;LAGUNA;Desrespeitar a prefer�ncia no cruzamento;Colis�o frontal;Com V�timas Feridas;Pleno dia;Crescente;C�u Claro;M�ltipla;Interse��o de Vias;N�o;2;0;1;0;1;0;1;2;-28,41326;-48,794049;SPRF-SC;DEL02-SC;UOP03-DEL02-SC;;;
726942;23/10/2025;quinta-feira;13:15:00;PB;101;84,9;BAYEUX;Aus�ncia de rea��o do condutor;Colis�o com objeto;Com V�timas Feridas;Pleno dia;Crescente;C�u Claro;Dupla;Reta;Sim;1;0;1;0;0;0;1;1;-7,14425465;-34,91782355;SPRF-PB;DEL01-PB;UOP01-DEL01-PB;;;