id;data_inversa;dia_semana;horario;uf;br;km;municipio;causa_acidente;tipo_acidente;classificacao_acidente;fase_dia;sentido_via;condicao_metereologica;tipo_pista;tracado_via;uso_solo;pessoas;mortos;feridos_leves;feridos_graves;ilesos;ignorados;feridos;veiculos;latitude;longitude;regional;delegacia;uop;;;
726943;23/10/2025;quinta-feira;13:50:00;MG;381;491;BETIM;Rea��o tardia ou ineficiente do condutor;Tombamento;Com V�timas Feridas;Pleno dia;Decrescente;C�u Claro;M�ltipla;"Interse��o de Vias;Reta";N�o;1;0;0;1;0;0;1;1;-19,95761974;-44,15004873;SPRF-MG;DEL01-MG;UOP03-DEL01-MG;;;
726944;23/10/2025;quinta-feira;10:50:00;PA;316;20;BENEVIDES;Rea��o tardia ou ineficiente do condutor;Colis�o traseira;Com V�timas Feridas;Pleno dia;Crescente;C�u Claro;Dupla;Reta;N�o;2;0;1;0;1;0;1;2;-1,36449;-48,27649;SPRF-PA;DEL01-PA;UOP01-DEL01-PA;;;
726945;27/07/2025;domingo;19:30:00;TO;10;456;PALMAS;Acesso irregular;Colis�o frontal;Com V�timas Feridas;Plena Noite;Crescente;C�u Claro;Dupla;"Reta;Retorno Regulamentado";N�o;2;0;1;0;1;0;1;2;-10,29184425;-48,29740047;SPRF-TO;DEL01-TO;UOP03-DEL01-TO;;;
726947;25/06/2025;quarta-feira;18:00:00;BA;101;504;ITABUNA;Pedestre - Ingest�o de �lcool/ subst�ncias psicoativas;Atropelamento de Pedestre;Com V�timas Feridas;Anoitecer;Crescente;Ignorado;Simples;Reta;N�o;2;0;0;1;0;1;1;2;-14,78323971;-39,28991604;SPRF-BA;DEL05-BA;UOP01-DEL05-BA;;;
726948;23/10/2025;quinta-feira;14:10:00;RJ;101;270;RIO BONITO;Manobra de mudan�a de faixa;Sa�da de leito carro��vel;Com V�timas Feridas;Pleno dia;Decrescente;C�u Claro;Dupla;Reta;Sim;4;0;2;0;2;0;2;2;-22,720302;-42,690368;SPRF-RJ;DEL02-RJ;UOP03-DEL02-RJ;;;
726949;23/10/2025;quinta-feira;13:00:00;SC;101;233;PALHOCA;Aus�ncia de rea��o do condutor;Inc�ndio;Sem V�timas;Pleno dia;Crescente;C�u Claro;Dupla;Reta;N�o;1;0;0;0;1;0;0;1;-27,8175744;-48,63174789;SPRF-SC;DEL01-SC;UOP02-DEL01-SC;;;
726951;23/10/2025;quinta-feira;14:45:00;RS;116;267;CANOAS;Acessar a via sem observar a presen�a dos outros ve�culos;Colis�o transversal;Com V�timas Feridas;Pleno dia;Decrescente;C�u Claro;M�ltipla;"Em Obras;Reta";Sim;3;0;2;0;1;0;2;2;-29,94112675;-51,17686633;SPRF-RS;DEL01-RS;UOP01-DEL01-RS;;;
726955;23/10/2025;quinta-feira;14:40:00;CE;20;325;CARIDADE;Acessar a via sem observar a presen�a dos outros ve�culos;Colis�o transversal;Com V�timas Feridas;Pleno dia;Crescente;C�u Claro;Simples;Reta;Sim;2;0;0;1;1;0;1;2;-4,23151;-39,199303;SPRF-CE;DEL02-CE;UOP01-DEL02-CE;;;
726957;23/10/2025;quinta-feira;13:55:00;SC;282;4;FLORIANOPOLIS;Condutor deixou de manter dist�ncia do ve�culo da frente;Engavetamento;Sem V�timas;Pleno dia;Crescente;Sol;M�ltipla;Declive;Sim;4;0;0;0;4;0;0;4;-27,59405643;-48,60191552;SPRF-SC;DEL01-SC;UOP01-DEL01-SC;;;
726958;23/10/2025;quinta-feira;15:20:00;SP;116;7,4;QUELUZ;Rea��o tardia ou ineficiente do condutor;Tombamento;Com V�timas Feridas;Pleno dia;Crescente;C�u Claro;Dupla;Reta;Sim;2;0;2;0;0;0;2;1;-22,53606;-44,76665;SPRF-SP;DEL08-SP;UOP02-DEL08-SP;;;
726960;23/10/2025;quinta-feira;14:50:00;PE;428;190;PETROLINA;Condutor deixou de manter dist�ncia do ve�culo da frente;Colis�o lateral mesmo sentido;Com V�timas Feridas;Pleno dia;Decrescente;C�u Claro;Dupla;Reta;Sim;2;0;1;0;1;0;1;2;-9,37786;-40,50269;SPRF-PE;DEL06-PE;UOP01-DEL06-PE;;;
726962;08/10/2025;quarta-feira;18:00:00;BA;101;263;SANTO ANTONIO DE JESUS;Acesso irregular;Colis�o transversal;Com V�timas Feridas;Anoitecer;Crescente;Ignorado;Simples;Reta;Sim;2;0;1;0;1;0;1;2;-12,98307345;-39,28928643;SPRF-BA;DEL01-BA;UOP02-DEL01-BA;;;
726965;23/10/2025;quinta-feira;15:50:00;RN;406;168;SAO GONCALO DO AMARANTE;Desrespeitar a prefer�ncia no cruzamento;Colis�o transversal;Com V�timas Feridas;Pleno dia;Decrescente;C�u Claro;Simples;Interse��o de Vias;Sim;2;0;1;0;1;0;1;2;-5,754;-35,312;SPRF-RN;DEL02-RN;UOP01-DEL02-RN;;;
726966;23/10/2025;quinta-feira;16:30:00;RS;116;222;DOIS IRMAOS;Velocidade Incompat�vel;Tombamento;Com V�timas Fatais;Pleno dia;Decrescente;C�u Claro;Simples;"Aclive;Curva";Sim;1;1;0;0;0;0;0;1;-29,5842413;-51,0983601;SPRF-RS;DEL01-RS;UOP02-DEL01-RS;;;
726967;23/10/2025;quinta-feira;14:40:00;RJ;465;4;SEROPEDICA;Rea��o tardia ou ineficiente do condutor;Eventos at�picos;Sem V�timas;Pleno dia;Decrescente;C�u Claro;Simples;Reta;N�o;2;0;0;0;2;0;0;2;-22,74101808;-43,70558135;SPRF-RJ;DEL06-RJ;UOP02-DEL06-RJ;;;
726970;17/10/2025;sexta-feira;13:15:00;RJ;0;0;VOLTA REDONDA;Manobra de mudan�a de faixa;Colis�o lateral mesmo sentido;Sem V�timas;Pleno dia;N�o Informado;C�u Claro;Simples;Reta;Sim;2;0;0;0;2;0;0;2;-22,49733677;-44,06783491;SPRF-RJ;DEL05-RJ;UOP04-DEL05-RJ;;;
726971;23/10/2025;quinta-feira;16:20:00;SC;101;203;SAO JOSE;Manobra de mudan�a de faixa;Colis�o lateral mesmo sentido;Sem V�timas;Pleno dia;Decrescente;Nublado;Dupla;Curva;Sim;3;0;0;0;3;0;0;2;-27,56584;-48,61484;SPRF-SC;DEL01-SC;UOP01-DEL01-SC;;;
726972;23/10/2025;quinta-feira;15:50:00;RN;101;83,4;NATAL;Condutor deixou de manter dist�ncia do ve�culo da frente;Colis�o traseira;Com V�timas Feridas;Pleno dia;Decrescente;C�u Claro;Dupla;Reta;Sim;3;0;1;0;1;1;1;3;-5,77256328;-35,26205275;SPRF-RN;DEL02-RN;UOP01-DEL02-RN;;;
726974;23/10/2025;quinta-feira;14:45:00;RS;287;389,9;SANTIAGO;Pista esburacada;Tombamento;Com V�timas Feridas;Pleno dia;Crescente;C�u Claro;Simples;Reta;N�o;1;0;1;0;0;0;1;1;-29,27142574;-54,80358124;SPRF-RS;DEL12-RS;UOP02-DEL12-RS;;;
726976;23/10/2025;quinta-feira;13:25:00;RO;364;239,1;CACOAL;Manobra de mudan�a de faixa;Colis�o lateral mesmo sentido;Com V�timas Feridas;Pleno dia;Crescente;C�u Claro;Simples;Interse��o de Vias;Sim;2;0;0;1;1;0;1;2;-11,433598;-61,463593;SPRF-RO;DEL02-RO;UOP02-DEL02-RO;;;
726979;23/10/2025;quinta-feira;17:00:00;RS;290;125;ELDORADO DO SUL;Rea��o tardia ou ineficiente do condutor;Sa�da de leito carro��vel;Com V�timas Feridas;Pleno dia;Crescente;Nublado;Simples;Reta;N�o;1;0;1;0;0;0;1;1;-30,04893734;-51,39258206;SPRF-RS;DEL02-RS;UOP01-DEL02-RS;;;
726981;23/10/2025;quinta-feira;17:20:00;RN;304;40,7;MOSSORO;Manobra de mudan�a de faixa;Colis�o transversal;Com V�timas Feridas;Plena Noite;Crescente;C�u Claro;Dupla;Retorno Regulamentado;Sim;2;0;0;1;1;0;1;2;-5,201795;-37,377165;SPRF-RN;DEL04-RN;UOP01-DEL04-RN;;;
726982;23/10/2025;quinta-feira;16:50:00;RS;290;68;GRAVATAI;Velocidade Incompat�vel;Sa�da de leito carro��vel;Com V�timas Feridas;Anoitecer;Crescente;C�u Claro;Simples;"Declive;Curva";Sim;3;0;1;0;2;0;1;1;-29,9439302;-50,93664305;SPRF-RS;DEL03-RS;UOP01-DEL03-RS;;;
726983;23/10/2025;quinta-feira;17:20:00;RN;101;103;PARNAMIRIM;Manobra de mudan�a de faixa;Colis�o lateral mesmo sentido;Com V�timas Feridas;Plena Noite;Crescente;C�u Claro;Dupla;Curva;Sim;2;0;1;0;1;0;1;2;-5,89188;-35,258832;SPRF-RN;DEL01-RN;UOP01-DEL01-RN;;;
726984;23/10/2025;quinta-feira;14:30:00;PR;376;158,7;MANDAGUACU;Aus�ncia de rea��o do condutor;Sa�da de leito carro��vel;Com V�timas Feridas;Pleno dia;Decrescente;Sol;Dupla;"Curva;Declive";N�o;1;0;1;0;0;0;1;1;-23,36526514;-52,08257675;SPRF-PR;DEL09-PR;UOP02-DEL09-PR;;;
726985;23/10/2025;quinta-feira;18:00:00;MG;50;70;UBERLANDIA;Manobra de mudan�a de faixa;Colis�o traseira;Com V�timas Feridas;Anoitecer;Decrescente;C�u Claro;Dupla;Reta;N�o;2;0;1;0;1;0;1;2;-18,89186455;-48,25428774;SPRF-MG;DEL15-MG;UOP01-DEL15-MG;;;
726986;27/09/2025;s�bado;22:40:00;PR;376;167;MARINGA;Acessar a via sem observar a presen�a dos outros ve�culos;Colis�o traseira;Com V�timas Feridas;Plena Noite;Crescente;C�u Claro;Dupla;Reta;N�o;4;0;1;0;3;0;1;2;-23,38941274;-52,01674461;SPRF-PR;DEL09-PR;UOP01-DEL09-PR;;;
726987;23/10/2025;quinta-feira;18:32:00;MG;381;502;BETIM;Animais na Pista;Tombamento;Com V�timas Feridas;Plena Noite;Crescente;C�u Claro;Dupla;"Curva;Declive";Sim;2;0;2;0;0;0;2;1;-20,02109707;-44,23027039;SPRF-MG;DEL01-MG;UOP03-DEL01-MG;;;
726988;23/10/2025;quinta-feira;18:11:00;PB;230;16;JOAO PESSOA;Condutor deixou de manter dist�ncia do ve�culo da frente;Colis�o traseira;Com V�timas Feridas;Plena Noite;Crescente;C�u Claro;Dupla;Reta;Sim;2;0;0;1;1;0;1;2;-7,108008;-34,843457;SPRF-PB;DEL01-PB;UOP01-DEL01-PB;;;
726989;23/10/2025;quinta-feira;18:00:00;RS;386;424;MONTENEGRO;Acessar a via sem observar a presen�a dos outros ve�culos;Colis�o traseira;Com V�timas Feridas;Anoitecer;Decrescente;C�u Claro;Dupla;"Reta;Rotat�ria";N�o;2;0;1;0;1;0;1;2;-29,81819451;-51,37636185;SPRF-RS;DEL04-RS;UOP02-DEL04-RS;;;
726990;23/10/2025;quinta-feira;13:26:00;SC;282;495;XANXERE;Acessar a via sem observar a presen�a dos outros ve�culos;Colis�o lateral mesmo sentido;Com V�timas Feridas;Pleno dia;Crescente;C�u Claro;Simples;Reta;N�o;6;0;3;1;2;0;4;2;-26,87461219;-52,3254776;SPRF-SC;DEL07-SC;UOP01-DEL07-SC;;;
726991;23/10/2025;quinta-feira;18:10:00;SC;101;152,5;PORTO BELO;Manobra de mudan�a de faixa;Colis�o lateral mesmo sentido;Com V�timas Feridas;Anoitecer;Decrescente;C�u Claro;Dupla;Reta;Sim;2;0;0;1;1;0;1;2;-27,14038541;-48,61010313;SPRF-SC;DEL04-SC;UOP03-DEL04-SC;;;
726993;23/10/2025;quinta-feira;18:30:00;RS;472;575;URUGUAIANA;Aus�ncia de rea��o do condutor;Colis�o traseira;Com V�timas Feridas;Pleno dia;Crescente;C�u Claro;Dupla;"Curva;Rotat�ria";Sim;6;0;1;0;5;0;1;2;-29,762411;-57,058384;SPRF-RS;DEL13-RS;UOP01-DEL13-RS;;;
726994;23/10/2025;quinta-feira;18:35:00;PB;101;103;ALHANDRA;Objeto est�tico sobre o leito carro��vel;Colis�o com objeto;Com V�timas Feridas;Plena Noite;Decrescente;C�u Claro;Dupla;Reta;N�o;1;0;0;1;0;0;1;1;-7,295543;-34,937265;SPRF-PB;DEL01-PB;UOP01-DEL01-PB;;;
726995;23/10/2025;quinta-feira;17:05:00;SC;101;327,8;CAPIVARI DE BAIXO;Desrespeitar a prefer�ncia no cruzamento;Colis�o transversal;Com V�timas Feridas;Pleno dia;Crescente;Sol;Dupla;Rotat�ria;Sim;2;0;1;0;1;0;1;2;-28,43912374;-48,96246878;SPRF-SC;DEL02-SC;UOP01-DEL02-SC;;;
726996;23/10/2025;quinta-feira;18:45:00;ES;101;255;SERRA;Transitar na contram�o;Colis�o frontal;Com V�timas Feridas;Plena Noite;Crescente;Nublado;Simples;Reta;Sim;3;0;3;0;0;0;3;2;-20,11849082;-40,31272548;SPRF-ES;DEL02-ES;UOP01-DEL02-ES;;;
726997;23/10/2025;quinta-feira;17:20:00;SC;470;68;INDAIAL;Manobra de mudan�a de faixa;Colis�o lateral mesmo sentido;Com V�timas Feridas;Anoitecer;Crescente;Nublado;Dupla;Interse��o de Vias;N�o;2;0;0;1;1;0;1;2;-26,88257423;-49,24578667;SPRF-SC;DEL04-SC;UOP01-DEL04-SC;;;
726999;23/10/2025;quinta-feira;17:35:00;MT;163;835;SINOP;Condutor deixou de manter dist�ncia do ve�culo da frente;Colis�o traseira;Sem V�timas;Anoitecer;Crescente;C�u Claro;Simples;"Viaduto;Curva";Sim;2;0;0;0;2;0;0;2;-11,85834217;-55,49387455;SPRF-MT;DEL06-MT;UOP02-DEL06-MT;;;
727000;23/10/2025;quinta-feira;18:20:00;SC;470;141;RIO DO SUL;Acessar a via sem observar a presen�a dos outros ve�culos;Colis�o transversal;Com V�timas Feridas;Plena Noite;Decrescente;C�u Claro;Simples;"Reta;Declive";Sim;2;0;0;1;1;0;1;2;-27,20619081;-49,64679686;SPRF-SC;DEL04-SC;UOP02-DEL04-SC;;;
727001;23/10/2025;quinta-feira;18:40:00;RN;304;34;MOSSORO;Aus�ncia de rea��o do condutor;Tombamento;Com V�timas Feridas;Plena Noite;Crescente;C�u Claro;Dupla;"Reta;Viaduto";Sim;1;0;1;0;0;0;1;1;-5,153328;-37,349251;SPRF-RN;DEL04-RN;UOP02-DEL04-RN;;;
727002;23/10/2025;quinta-feira;09:30:00;MT;70;4;BARRA DO GARCAS;Rea��o tardia ou ineficiente do condutor;Colis�o traseira;Com V�timas Feridas;Pleno dia;Crescente;C�u Claro;Dupla;"Aclive;Reta";Sim;3;0;1;0;2;0;1;2;-15,88270006;-52,27532575;SPRF-MT;DEL07-MT;UOP01-DEL07-MT;;;
727004;23/10/2025;quinta-feira;19:10:00;PR;158;533,5;PATO BRANCO;Condutor deixou de manter dist�ncia do ve�culo da frente;Engavetamento;Com V�timas Feridas;Anoitecer;Decrescente;C�u Claro;M�ltipla;"Viaduto;Reta";Sim;3;0;1;0;2;0;1;3;-26,22069332;-52,68365979;SPRF-PR;DEL02-PR;UOP01-DEL02-PR;;;
727005;23/10/2025;quinta-feira;18:40:00;MG;262;431;NOVA SERRANA;Rea��o tardia ou ineficiente do condutor;Queda de ocupante de ve�culo;Com V�timas Feridas;Anoitecer;Decrescente;C�u Claro;Dupla;Reta;N�o;1;0;1;0;0;0;1;1;-19,879773;-44,917373;SPRF-MG;DEL08-MG;UOP03-DEL08-MG;;;
727006;24/07/2025;quinta-feira;13:40:00;MG;40;510;RIBEIRAO DAS NEVES;Pedestre cruzava a pista fora da faixa;Atropelamento de Pedestre;Com V�timas Feridas;Pleno dia;Crescente;C�u Claro;Dupla;"Reta;Declive";Sim;3;0;0;1;1;1;1;2;-19,77905062;-44,11987972;SPRF-MG;DEL01-MG;UOP02-DEL01-MG;;;
727007;23/10/2025;quinta-feira;15:50:00;PI;316;307;PICOS;Acessar a via sem observar a presen�a dos outros ve�culos;Colis�o transversal;Com V�timas Feridas;Pleno dia;Decrescente;C�u Claro;Dupla;Reta;Sim;2;0;0;1;1;0;1;2;-7,07800668;-41,50043517;SPRF-PI;DEL04-PI;UOP01-DEL04-PI;;;
727008;23/10/2025;quinta-feira;10:55:00;BA;110;137;CICERO DANTAS;Demais falhas na via;Colis�o lateral sentido oposto;Com V�timas Feridas;Pleno dia;Crescente;C�u Claro;Simples;Curva;N�o;3;0;3;0;0;0;3;2;-10,560945;-38,37381;SPRF-BA;DEL07-BA;UOP02-DEL07-BA;;;
727013;23/10/2025;quinta-feira;19:00:00;RJ;465;13;SEROPEDICA;Entrada inopinada do pedestre;Atropelamento de Pedestre;Com V�timas Feridas;Plena Noite;Crescente;C�u Claro;Simples;Reta;Sim;2;0;1;0;1;0;1;2;-22,797284;-43,646433;SPRF-RJ;DEL06-RJ;UOP02-DEL06-RJ;;;
727016;23/10/2025;quinta-feira;19:50:00;BA;101;878;TEIXEIRA DE FREITAS;Acessar a via sem observar a presen�a dos outros ve�culos;Colis�o transversal;Com V�timas Feridas;Plena Noite;Decrescente;Nublado;Simples;Reta;Sim;2;0;0;1;1;0;1;2;-17,54355221;-39,71755028;SPRF-BA;DEL09-BA;UOP02-DEL09-BA;;;
727021;23/10/2025;quinta-feira;19:15:00;GO;20;82;FORMOSA;Aus�ncia de rea��o do condutor;Atropelamento de Pedestre;Com V�timas Fatais;Plena Noite;Crescente;C�u Claro;Simples;Reta;N�o;3;1;1;0;1;0;1;3;-15,07781;-47,09125;SPRF-DF;DEL02-DF;UOP02-DEL02-DF;;;
727024;23/10/2025;quinta-feira;20:30:00;SC;282;3,5;FLORIANOPOLIS;Trafegar com motocicleta (ou similar) entre as faixas;Colis�o traseira;Com V�timas Feridas;Plena Noite;Decrescente;Nublado;M�ltipla;Reta;Sim;3;0;1;1;1;0;2;2;-27,59586302;-48,60099284;SPRF-SC;DEL01-SC;UOP01-DEL01-SC;;;
727025;23/10/2025;quinta-feira;19:15:00;PR;163;282;MARECHAL CANDIDO RONDON;Transitar na contram�o;Colis�o frontal;Com V�timas Feridas;Plena Noite;Crescente;C�u Claro;Dupla;Reta;N�o;6;0;1;0;5;0;1;2;-24,56428304;-54,03447239;SPRF-PR;DEL06-PR;UOP02-DEL06-PR;;;
727028;23/10/2025;quinta-feira;21:00:00;PE;101;68,3;RECIFE;Aus�ncia de rea��o do condutor;Colis�o traseira;Sem V�timas;Plena Noite;Crescente;C�u Claro;Dupla;Viaduto;Sim;4;0;0;0;3;1;0;2;-8,053703;-34,946478;SPRF-PE;DEL01-PE;UOP01-DEL01-PE;;;
727029;23/10/2025;quinta-feira;17:15:00;MG;262;425;SAO GONCALO DO PARA;Aus�ncia de rea��o do condutor;Colis�o lateral mesmo sentido;Sem V�timas;Pleno dia;Decrescente;C�u Claro;Dupla;Reta;N�o;2;0;0;0;2;0;0;2;-19,897495;-44,863812;SPRF-MG;DEL08-MG;UOP03-DEL08-MG;;;
727030;23/10/2025;quinta-feira;20:50:00;BA;324;515;FEIRA DE SANTANA;Convers�o proibida;Colis�o transversal;Com V�timas Feridas;Plena Noite;Decrescente;Nublado;Simples;Reta;Sim;2;0;1;0;1;0;1;2;-12,240848;-38,938413;SPRF-BA;DEL02-BA;UOP01-DEL02-BA;;;
727031;23/10/2025;quinta-feira;21:00:00;MG;381;422,7;CAETE;Velocidade Incompat�vel;Sa�da de leito carro��vel;Com V�timas Feridas;Plena Noite;Crescente;C�u Claro;Dupla;"Aclive;Curva";N�o;1;0;1;0;0;0;1;1;-19,787142;-43,683035;SPRF-MG;DEL01-MG;UOP01-DEL01-MG;;;
727033;12/10/2025;domingo;17:40:00;SP;116;278,6;EMBU DAS ARTES;Manobra de mudan�a de faixa;Colis�o lateral mesmo sentido;Com V�timas Feridas;Anoitecer;Decrescente;Nublado;Dupla;Aclive;Sim;3;0;2;0;1;0;2;2;-23,63655652;-46,83241248;SPRF-SP;DEL04-SP;UOP01-DEL04-SP;;;
727034;23/10/2025;quinta-feira;20:35:00;SC;101;150,3;ITAPEMA;Rea��o tardia ou ineficiente do condutor;Tombamento;Com V�timas Feridas;Plena Noite;Crescente;C�u Claro;Simples;Reta;Sim;1;0;0;1;0;0;1;1;-27,11490978;-48,6098671;SPRF-SC;DEL04-SC;UOP03-DEL04-SC;;;
727035;23/10/2025;quinta-feira;20:00:00;RJ;101;322;NITEROI;Retorno proibido;Colis�o transversal;Com V�timas Feridas;Plena Noite;Decrescente;C�u Claro;M�ltipla;"Reta;Ponte";Sim;2;0;1;0;1;0;1;2;-22,878991;-43,114262;SPRF-RJ;DEL02-RJ;UOP01-DEL02-RJ;;;
727039;23/10/2025;quinta-feira;18:50:00;GO;364;106;CACHOEIRA ALTA;Rea��o tardia ou ineficiente do condutor;Colis�o traseira;Com V�timas Feridas;Plena Noite;Decrescente;C�u Claro;Simples;Reta;N�o;7;0;7;0;0;0;7;2;-18,35933;-51,11944;SPRF-GO;DEL05-GO;UOP02-DEL05-GO;;;
727041;23/10/2025;quinta-feira;22:00:00;GO;60;137;GOIANIA;Acessar a via sem observar a presen�a dos outros ve�culos;Colis�o frontal;Com V�timas Feridas;Plena Noite;Crescente;C�u Claro;Simples;"Aclive;Interse��o de Vias";Sim;3;0;0;2;1;0;2;2;-16,609878;-49,20546;SPRF-GO;DEL01-GO;UOP01-DEL01-GO;;;
727042;23/10/2025;quinta-feira;22:40:00;SP;116;3,3;QUELUZ;Condutor Dormindo;Tombamento;Com V�timas Feridas;Plena Noite;Crescente;C�u Claro;Dupla;Reta;N�o;1;0;0;1;0;0;1;1;-22,5240333;-44,7294815;SPRF-SP;DEL08-SP;UOP02-DEL08-SP;;;
727043;23/10/2025;quinta-feira;21:00:00;BA;101;250;CONCEICAO DO ALMEIDA;Transitar na contram�o;Colis�o frontal;Com V�timas Fatais;Plena Noite;Decrescente;Chuva;Simples;Reta;N�o;3;1;0;0;2;0;0;2;-12,886508;-39,223538;SPRF-BA;DEL01-BA;UOP02-DEL01-BA;;;
727044;23/10/2025;quinta-feira;19:45:00;MT;174;35;VILA BELA DA SANTISSIMA TRINDADE;Aus�ncia de rea��o do condutor;Sa�da de leito carro��vel;Com V�timas Fatais;Plena Noite;Crescente;C�u Claro;Simples;Curva;N�o;1;1;0;0;0;0;0;1;-15,10354668;-59,66489911;SPRF-MT;DEL04-MT;UOP01-DEL04-MT;;;
727046;23/10/2025;quinta-feira;21:30:00;SC;116;57,4;PAPANDUVA;Demais falhas mec�nicas ou el�tricas;Inc�ndio;Sem V�timas;Plena Noite;Decrescente;Nublado;Simples;"Aclive;Reta";N�o;1;0;0;0;0;1;0;1;-26,38025;-50,191664;SPRF-SC;DEL06-SC;UOP02-DEL06-SC;;;
727048;23/10/2025;quinta-feira;13:40:00;PR;158;522,5;PATO BRANCO;Ultrapassagem Indevida;Colis�o lateral mesmo sentido;Sem V�timas;Pleno dia;Crescente;C�u Claro;Simples;Reta;N�o;2;0;0;0;1;1;0;2;-26,09709358;-52,64529419;SPRF-PR;DEL02-PR;UOP01-DEL02-PR;;;
727049;23/10/2025;quinta-feira;23:45:00;SC;101;212;PALHOCA;Demais falhas na via;Tombamento;Com V�timas Feridas;Plena Noite;Crescente;Chuva;M�ltipla;"Reta;Interse��o de Vias";Sim;2;0;2;0;0;0;2;1;-27,62988;-48,659282;SPRF-SC;DEL01-SC;UOP02-DEL01-SC;;;
727051;23/10/2025;quinta-feira;23:00:00;RS;470;330;TRIUNFO;Acessar a via sem observar a presen�a dos outros ve�culos;Atropelamento de Pedestre;Com V�timas Feridas;Plena Noite;Decrescente;C�u Claro;Simples;Reta;N�o;3;0;0;1;2;0;1;2;-29,85831583;-51,70298696;SPRF-RS;DEL04-RS;UOP02-DEL04-RS;;;
727052;23/10/2025;quinta-feira;23:33:00;PI;343;341;TERESINA;Rea��o tardia ou ineficiente do condutor;Colis�o traseira;Sem V�timas;Plena Noite;Decrescente;C�u Claro;M�ltipla;Reta;Sim;2;0;0;0;1;1;0;2;-5,07855;-42,744959;SPRF-PI;DEL01-PI;UOP01-DEL01-PI;;;
727054;24/10/2025;sexta-feira;00:15:00;PE;104;63;CARUARU;Entrada inopinada do pedestre;Atropelamento de Pedestre;Com V�timas Feridas;Plena Noite;Crescente;Garoa/Chuvisco;Dupla;Curva;Sim;3;0;1;0;2;0;1;2;-8,26332811;-35,97652316;SPRF-PE;DEL02-PE;UOP01-DEL02-PE;;;
727058;24/10/2025;sexta-feira;01:00:00;RJ;356;3;ITAPERUNA;Velocidade Incompat�vel;Colis�o traseira;Com V�timas Feridas;Plena Noite;Decrescente;C�u Claro;Simples;Reta;N�o;2;0;1;0;1;0;1;2;-21,2369408;-41,7792;SPRF-RJ;DEL08-RJ;UOP03-DEL08-RJ;;;
727059;24/10/2025;sexta-feira;00:30:00;RS;470;242,2;BARAO;Aus�ncia de rea��o do condutor;Colis�o lateral sentido oposto;Sem V�timas;Plena Noite;Crescente;C�u Claro;Simples;Curva;N�o;2;0;0;0;1;1;0;2;-29,363632;-51,517422;SPRF-RS;DEL06-RS;UOP01-DEL06-RS;;;
727060;24/10/2025;sexta-feira;01:35:00;RJ;40;104;DUQUE DE CAXIAS;Acessar a via sem observar a presen�a dos outros ve�culos;Colis�o traseira;Com V�timas Feridas;Pleno dia;Crescente;C�u Claro;Dupla;Reta;Sim;2;0;0;1;1;0;1;2;-22,6303819;-43,28560113;SPRF-RJ;DEL01-RJ;UOP02-DEL01-RJ;;;
727063;24/10/2025;sexta-feira;02:30:00;PR;369;198,7;APUCARANA;Ingest�o de �lcool pelo condutor;Sa�da de leito carro��vel;Com V�timas Feridas;Plena Noite;Crescente;C�u Claro;Dupla;Reta;Sim;1;0;1;0;0;0;1;1;-23,5222651;-51,4399796;SPRF-PR;DEL07-PR;UOP03-DEL07-PR;;;
727064;24/10/2025;sexta-feira;03:40:00;RS;116;224;DOIS IRMAOS;Velocidade Incompat�vel;Sa�da de leito carro��vel;Com V�timas Feridas;Plena Noite;Crescente;Nublado;Simples;Curva;N�o;1;0;1;0;0;0;1;1;-29,5897466;-51,1067721;SPRF-RS;DEL01-RS;UOP02-DEL01-RS;;;
727066;23/10/2025;quinta-feira;23:10:00;RJ;101;330;RIO DE JANEIRO;Aus�ncia de rea��o do condutor;Colis�o com objeto;Com V�timas Feridas;Plena Noite;Crescente;C�u Claro;Dupla;Reta;N�o;1;0;1;0;0;0;1;1;-22,86839595;-43,19335219;SPRF-RJ;DEL02-RJ;UOP01-DEL02-RJ;;;
727068;24/10/2025;sexta-feira;04:30:00;SC;282;0,7;FLORIANOPOLIS;Manobra de mudan�a de faixa;Colis�o traseira;Com V�timas Feridas;Amanhecer;Crescente;Chuva;Dupla;"Aclive;Reta";N�o;2;0;1;0;0;1;1;2;-27,601378;-48,578603;SPRF-SC;DEL01-SC;UOP01-DEL01-SC;;;
727070;24/10/2025;sexta-feira;02:30:00;SC;282;239;SAO JOSE DO CERRITO;Velocidade Incompat�vel;Colis�o com objeto;Com V�timas Feridas;Plena Noite;Crescente;C�u Claro;Simples;Curva;N�o;1;0;0;1;0;0;1;1;-27,7675267;-50,497255;SPRF-SC;DEL05-SC;UOP02-DEL05-SC;;;
727072;24/10/2025;sexta-feira;06:45:00;ES;101;152;LINHARES;Condutor deixou de manter dist�ncia do ve�culo da frente;Colis�o traseira;Com V�timas Feridas;Pleno dia;Crescente;C�u Claro;Simples;Reta;N�o;2;0;1;0;1;0;1;2;-19,4199622;-40,0731277;SPRF-ES;DEL04-ES;UOP01-DEL04-ES;;;
727073;24/10/2025;sexta-feira;06:30:00;DF;70;18,3;BRASILIA;Manobra de mudan�a de faixa;Colis�o lateral mesmo sentido;Com V�timas Feridas;Pleno dia;Decrescente;C�u Claro;Dupla;Reta;N�o;4;0;3;0;1;0;3;2;-15,79105707;-48,21264178;SPRF-DF;DEL03-DF;UOP02-DEL03-DF;;;