id;data_inversa;dia_semana;horario;uf;br;km;municipio;causa_acidente;tipo_acidente;classificacao_acidente;fase_dia;sentido_via;condicao_metereologica;tipo_pista;tracado_via;uso_solo;pessoas;mortos;feridos_leves;feridos_graves;ilesos;ignorados;feridos;veiculos;latitude;longitude;regional;delegacia;uop;;;
727075;24/10/2025;sexta-feira;07:05:00;RS;290;91;PORTO ALEGRE;Aus�ncia de rea��o do condutor;Colis�o traseira;Com V�timas Feridas;Pleno dia;Crescente;C�u Claro;Dupla;Reta;N�o;2;0;1;0;1;0;1;2;-29,96920237;-51,17136598;SPRF-RS;DEL01-RS;UOP01-DEL01-RS;;;
727076;24/10/2025;sexta-feira;06:45:00;SC;280;71,7;JARAGUA DO SUL;Condutor deixou de manter dist�ncia do ve�culo da frente;Colis�o traseira;Com V�timas Feridas;Amanhecer;Decrescente;C�u Claro;Simples;Reta;N�o;1;0;0;1;0;0;1;1;-26,45884785;-49,15284934;SPRF-SC;DEL03-SC;UOP03-DEL03-SC;;;
727078;24/10/2025;sexta-feira;07:15:00;RN;406;171,5;SAO GONCALO DO AMARANTE;Condutor deixou de manter dist�ncia do ve�culo da frente;Colis�o traseira;Com V�timas Feridas;Pleno dia;Crescente;C�u Claro;Dupla;Reta;Sim;3;0;2;0;1;0;2;2;-5,763038;-35,287888;SPRF-RN;DEL02-RN;UOP01-DEL02-RN;;;
727079;24/10/2025;sexta-feira;07:15:00;CE;116;16,8;FORTALEZA;Condutor deixou de manter dist�ncia do ve�culo da frente;Colis�o traseira;Com V�timas Feridas;Pleno dia;Decrescente;C�u Claro;M�ltipla;Reta;Sim;2;0;1;0;1;0;1;2;-3,87597005;-38,49981884;SPRF-CE;DEL01-CE;UOP02-DEL01-CE;;;
727080;24/10/2025;sexta-feira;07:00:00;SP;116;215;GUARULHOS;Manobra de mudan�a de faixa;Colis�o lateral mesmo sentido;Com V�timas Feridas;Pleno dia;Crescente;C�u Claro;M�ltipla;Reta;Sim;3;0;2;0;0;1;2;2;-23,44916677;-46,45975924;SPRF-SP;DEL01-SP;UOP01-DEL01-SP;;;
727081;24/10/2025;sexta-feira;07:20:00;ES;101;143;LINHARES;Manobra de mudan�a de faixa;Colis�o lateral mesmo sentido;Com V�timas Feridas;Pleno dia;Decrescente;C�u Claro;M�ltipla;Reta;Sim;2;0;1;0;1;0;1;2;-19,33094074;-40,06996537;SPRF-ES;DEL04-ES;UOP01-DEL04-ES;;;
727082;24/10/2025;sexta-feira;07:20:00;PB;230;25;JOAO PESSOA;Condutor Dormindo;Colis�o com objeto;Com V�timas Feridas;Pleno dia;Crescente;C�u Claro;Dupla;"Aclive;Curva;Viaduto";Sim;1;0;1;0;0;0;1;1;-7,169447;-34,874153;SPRF-PB;DEL01-PB;UOP01-DEL01-PB;;;
727083;24/10/2025;sexta-feira;07:10:00;PR;116;125;FAZENDA RIO GRANDE;Trafegar com motocicleta (ou similar) entre as faixas;Colis�o lateral mesmo sentido;Com V�timas Feridas;Pleno dia;Decrescente;Nublado;Dupla;Curva;Sim;3;0;1;0;2;0;1;3;-25,630359;-49,313641;SPRF-PR;DEL01-PR;UOP03-DEL01-PR;;;
727084;24/10/2025;sexta-feira;07:20:00;SP;153;61;SAO JOSE DO RIO PRETO;Avarias e/ou desgaste excessivo no pneu;Queda de ocupante de ve�culo;Com V�timas Feridas;Pleno dia;Decrescente;Sol;Dupla;Reta;Sim;1;0;1;0;0;0;1;1;-20,80991361;-49,35637878;SPRF-SP;DEL09-SP;UOP01-DEL09-SP;;;
727085;24/10/2025;sexta-feira;06:50:00;SC;101;37;JOINVILLE;Acessar a via sem observar a presen�a dos outros ve�culos;Colis�o lateral mesmo sentido;Com V�timas Feridas;Pleno dia;Crescente;C�u Claro;Simples;"Interse��o de Vias;Reta";Sim;3;0;2;0;1;0;2;2;-26,27997676;-48,8907373;SPRF-SC;DEL03-SC;UOP01-DEL03-SC;;;
727086;24/10/2025;sexta-feira;05:40:00;MS;163;96;ITAQUIRAI;Velocidade Incompat�vel;Colis�o traseira;Com V�timas Feridas;Pleno dia;Crescente;C�u Claro;Simples;Reta;N�o;6;0;2;0;4;0;2;2;-23,317633;-54,220381;SPRF-MS;DEL09-MS;UOP01-DEL09-MS;;;
727087;24/10/2025;sexta-feira;07:30:00;SP;116;145;SAO JOSE DOS CAMPOS;Aus�ncia de rea��o do condutor;Colis�o traseira;Com V�timas Feridas;Pleno dia;Decrescente;C�u Claro;M�ltipla;"Reta;Aclive";N�o;3;0;2;0;1;0;2;2;-23,18899471;-45,85852924;SPRF-SP;DEL02-SP;UOP01-DEL02-SP;;;
727088;24/10/2025;sexta-feira;06:30:00;MG;364;10,7;FRUTAL;Acessar a via sem observar a presen�a dos outros ve�culos;Colis�o transversal;Com V�timas Feridas;Pleno dia;Decrescente;C�u Claro;Simples;"Interse��o de Vias;Reta";N�o;5;0;1;0;3;1;1;2;-20,093724;-48,748855;SPRF-MG;DEL13-MG;UOP02-DEL13-MG;;;
727089;24/10/2025;sexta-feira;07:50:00;TO;10;458,5;PALMAS;Rea��o tardia ou ineficiente do condutor;Colis�o traseira;Com V�timas Feridas;Pleno dia;Crescente;C�u Claro;M�ltipla;"Aclive;Reta";Sim;4;0;0;1;3;0;1;4;-10,27842;-48,30012;SPRF-TO;DEL01-TO;UOP03-DEL01-TO;;;
727091;24/10/2025;sexta-feira;07:00:00;RJ;101;109;CAMPOS DOS GOYTACAZES;Aus�ncia de rea��o do condutor;Sa�da de leito carro��vel;Com V�timas Feridas;Pleno dia;Decrescente;C�u Claro;Dupla;Curva;N�o;1;0;1;0;0;0;1;1;-21,949033;-41,638362;SPRF-RJ;DEL08-RJ;UOP02-DEL08-RJ;;;
727092;24/10/2025;sexta-feira;07:45:00;RS;116;264,9;CANOAS;Acessar a via sem observar a presen�a dos outros ve�culos;Colis�o transversal;Com V�timas Feridas;Pleno dia;Crescente;C�u Claro;Simples;Interse��o de Vias;Sim;2;0;1;0;1;0;1;2;-29,92583227;-51,1781536;SPRF-RS;DEL01-RS;UOP01-DEL01-RS;;;
727093;24/10/2025;sexta-feira;06:30:00;SP;116;289;ITAPECERICA DA SERRA;Rea��o tardia ou ineficiente do condutor;Queda de ocupante de ve�culo;Com V�timas Feridas;Pleno dia;Decrescente;C�u Claro;Dupla;Reta;N�o;2;0;1;0;1;0;1;1;-23,71486969;-46,87752534;SPRF-SP;DEL04-SP;UOP01-DEL04-SP;;;
727095;24/10/2025;sexta-feira;06:00:00;BA;242;371;PALMEIRAS;Aus�ncia de rea��o do condutor;Colis�o traseira;Com V�timas Feridas;Pleno dia;Decrescente;Chuva;Simples;Curva;N�o;3;0;3;0;0;0;3;2;-12,455244;-41,482863;SPRF-BA;DEL06-BA;UOP01-DEL06-BA;;;
727098;06/10/2025;segunda-feira;15:00:00;SE;235;6;NOSSA SENHORA DO SOCORRO;Demais Fen�menos da natureza;Eventos at�picos;Com V�timas Feridas;Pleno dia;Crescente;C�u Claro;Dupla;Reta;Sim;2;0;1;0;0;1;1;1;-10,90432857;-37,12656705;SPRF-SE;DEL01-SE;UOP01-DEL01-SE;;;
727099;20/10/2025;segunda-feira;11:00:00;MG;381;491;CONTAGEM;Trafegar com motocicleta (ou similar) entre as faixas;Colis�o lateral mesmo sentido;Com V�timas Feridas;Pleno dia;Crescente;Nublado;Dupla;"Reta;Aclive";Sim;2;0;1;0;0;1;1;2;-19,95892702;-44,06371272;SPRF-MG;DEL01-MG;UOP03-DEL01-MG;;;
727100;24/10/2025;sexta-feira;08:30:00;ES;101;288;CARIACICA;Acessar a via sem observar a presen�a dos outros ve�culos;Colis�o transversal;Com V�timas Feridas;Pleno dia;Decrescente;C�u Claro;Dupla;Retorno Regulamentado;N�o;2;0;0;1;0;1;1;2;-20,27912784;-40,39274502;SPRF-ES;DEL01-ES;UOP01-DEL01-ES;;;
727102;24/10/2025;sexta-feira;07:22:00;RO;174;16;VILHENA;Acesso irregular;Colis�o transversal;Com V�timas Feridas;Pleno dia;Decrescente;C�u Claro;Simples;Reta;Sim;2;0;1;0;1;0;1;2;-12,71509;-60,12637;SPRF-RO;DEL04-RO;UOP01-DEL04-RO;;;
727103;24/10/2025;sexta-feira;08:30:00;MG;381;492;BETIM;Rea��o tardia ou ineficiente do condutor;Colis�o com objeto;Com V�timas Feridas;Pleno dia;Crescente;C�u Claro;M�ltipla;Reta;Sim;1;0;0;1;0;0;1;1;-19,96259388;-44,16527359;SPRF-MG;DEL01-MG;UOP03-DEL01-MG;;;
727104;24/10/2025;sexta-feira;08:24:00;DF;20;12;BRASILIA;Rea��o tardia ou ineficiente do condutor;Sa�da de leito carro��vel;Com V�timas Feridas;Pleno dia;Decrescente;C�u Claro;M�ltipla;Reta;N�o;1;0;1;0;0;0;1;1;-15,6375659;-47,74746001;SPRF-DF;DEL02-DF;UOP01-DEL02-DF;;;
727105;23/10/2025;quinta-feira;06:00:00;BA;407;0;JUAZEIRO;Aus�ncia de rea��o do condutor;Colis�o lateral mesmo sentido;Com V�timas Feridas;Pleno dia;Decrescente;C�u Claro;Dupla;Ponte;Sim;2;0;1;0;1;0;1;2;-9,40903359;-40,50517178;SPRF-PE;DEL06-PE;UOP01-DEL06-PE;;;
727107;24/10/2025;sexta-feira;06:40:00;RJ;116;188;QUEIMADOS;Trafegar com motocicleta (ou similar) entre as faixas;Colis�o lateral mesmo sentido;Com V�timas Feridas;Pleno dia;Decrescente;C�u Claro;Dupla;Curva;N�o;2;0;1;0;1;0;1;2;-22,74115846;-43,52347612;SPRF-RJ;DEL06-RJ;UOP01-DEL06-RJ;;;
727108;24/10/2025;sexta-feira;05:56:00;RJ;40;77,9;PETROPOLIS;Rea��o tardia ou ineficiente do condutor;Tombamento;Com V�timas Feridas;Pleno dia;Crescente;Sol;Dupla;Curva;N�o;1;0;1;0;0;0;1;1;-22,48500093;-43,22776794;SPRF-RJ;DEL01-RJ;UOP01-DEL01-RJ;;;
727109;24/10/2025;sexta-feira;08:30:00;SC;101;199,7;SAO JOSE;Condutor deixou de manter dist�ncia do ve�culo da frente;Colis�o traseira;Com V�timas Feridas;Pleno dia;Crescente;Garoa/Chuvisco;M�ltipla;Reta;Sim;2;0;1;0;1;0;1;2;-27,53988834;-48,62319279;SPRF-SC;DEL01-SC;UOP01-DEL01-SC;;;
727111;24/10/2025;sexta-feira;07:00:00;PE;101;92,7;CABO DE SANTO AGOSTINHO;Manobra de mudan�a de faixa;Colis�o traseira;Com V�timas Feridas;Pleno dia;Crescente;C�u Claro;Dupla;Reta;N�o;2;0;1;0;1;0;1;2;-8,23406;-34,99969;SPRF-PE;DEL01-PE;UOP01-DEL01-PE;;;
727112;24/10/2025;sexta-feira;07:30:00;PE;104;60;CARUARU;Acessar a via sem observar a presen�a dos outros ve�culos;Colis�o transversal;Com V�timas Feridas;Pleno dia;Crescente;Nublado;Dupla;"Reta;Retorno Regulamentado";Sim;3;0;0;1;1;1;1;3;-8,28269;-35,9882;SPRF-PE;DEL02-PE;UOP01-DEL02-PE;;;
727114;24/10/2025;sexta-feira;08:45:00;PR;277;73,3;SAO JOSE DOS PINHAIS;Rea��o tardia ou ineficiente do condutor;Colis�o traseira;Com V�timas Feridas;Pleno dia;Decrescente;Sol;Dupla;Reta;N�o;2;0;1;0;1;0;1;2;-25,501855;-49,149975;SPRF-PR;DEL01-PR;UOP07-DEL01-PR;;;
727115;24/10/2025;sexta-feira;08:25:00;BA;101;954;MUCURI;Aus�ncia de rea��o do condutor;Colis�o traseira;Com V�timas Feridas;Pleno dia;Crescente;Nublado;Simples;Reta;N�o;2;0;1;0;1;0;1;2;-18,157157;-39,91173;SPRF-BA;DEL09-BA;UOP02-DEL09-BA;;;
727116;24/10/2025;sexta-feira;09:00:00;RS;285;294;PASSO FUNDO;Rea��o tardia ou ineficiente do condutor;Colis�o traseira;Sem V�timas;Pleno dia;Decrescente;C�u Claro;Simples;Reta;Sim;3;0;0;0;3;0;0;2;-28,2305243;-52,39663124;SPRF-RS;DEL08-RS;UOP03-DEL08-RS;;;
727117;24/10/2025;sexta-feira;08:10:00;AL;104;34;UNIAO DOS PALMARES;Acessar a via sem observar a presen�a dos outros ve�culos;Colis�o transversal;Com V�timas Feridas;Pleno dia;Crescente;C�u Claro;Simples;Reta;Sim;3;0;2;0;1;0;2;2;-9,15621605;-36,01329088;SPRF-AL;DEL01-AL;UOP02-DEL01-AL;;;
727119;24/10/2025;sexta-feira;09:15:00;RS;290;720,2;URUGUAIANA;Animais na Pista;Queda de ocupante de ve�culo;Com V�timas Feridas;Pleno dia;Crescente;Nublado;Simples;Reta;Sim;1;0;0;1;0;0;1;1;-29,7822283;-57,0646853;SPRF-RS;DEL13-RS;UOP01-DEL13-RS;;;
727120;24/10/2025;sexta-feira;09:00:00;TO;10;463,6;PALMAS;Demais falhas mec�nicas ou el�tricas;Queda de ocupante de ve�culo;Com V�timas Feridas;Pleno dia;Crescente;C�u Claro;M�ltipla;Reta;Sim;1;0;1;0;0;0;1;1;-10,2361;-48,31152;SPRF-TO;DEL01-TO;UOP03-DEL01-TO;;;
727121;24/10/2025;sexta-feira;06:40:00;AC;364;138;RIO BRANCO;Manobra de mudan�a de faixa;Colis�o lateral mesmo sentido;Com V�timas Feridas;Pleno dia;Crescente;Nublado;Dupla;Reta;Sim;2;0;1;0;1;0;1;2;-9,96119434;-67,85639618;SPRF-AC;DEL01-AC;UOP01-DEL01-AC;;;
727124;24/10/2025;sexta-feira;09:10:00;RJ;465;15;SEROPEDICA;Rea��o tardia ou ineficiente do condutor;Colis�o traseira;Com V�timas Feridas;Pleno dia;Crescente;C�u Claro;Simples;Reta;Sim;2;0;1;0;1;0;1;2;-22,810006;-43,632139;SPRF-RJ;DEL06-RJ;UOP02-DEL06-RJ;;;
727126;24/10/2025;sexta-feira;08:10:00;BA;349;1052;CORRENTINA;Condutor Dormindo;Sa�da de leito carro��vel;Com V�timas Feridas;Pleno dia;Decrescente;C�u Claro;Simples;Reta;N�o;4;0;3;0;1;0;3;1;-13,63147;-45,63245;SPRF-BA;DEL10-BA;UOP02-DEL10-BA;;;
727133;21/10/2025;ter�a-feira;07:00:00;BA;116;662;JEQUIE;Chuva;Capotamento;Com V�timas Feridas;Pleno dia;Crescente;Garoa/Chuvisco;Simples;Reta;N�o;1;0;1;0;0;0;1;1;-13,7690834;-40,104964;SPRF-BA;DEL03-BA;UOP01-DEL03-BA;;;
727134;24/10/2025;sexta-feira;10:20:00;GO;60;93;ANAPOLIS;Condutor usando celular;Colis�o traseira;Com V�timas Feridas;Pleno dia;Decrescente;C�u Claro;Dupla;Reta;Sim;2;0;1;0;1;0;1;2;-16,3533973;-48,9177904;SPRF-GO;DEL02-GO;UOP01-DEL02-GO;;;
727135;24/10/2025;sexta-feira;09:40:00;SC;101;208,5;SAO JOSE;Trafegar com motocicleta (ou similar) entre as faixas;Colis�o lateral mesmo sentido;Com V�timas Feridas;Pleno dia;Decrescente;Nublado;M�ltipla;"Declive;Reta";Sim;3;0;1;1;1;0;2;2;-27,60953553;-48,63814294;SPRF-SC;DEL01-SC;UOP01-DEL01-SC;;;
727137;24/10/2025;sexta-feira;09:30:00;RJ;393;252;BARRA DO PIRAI;Demais falhas mec�nicas ou el�tricas;Inc�ndio;Sem V�timas;Pleno dia;Crescente;C�u Claro;Simples;"Aclive;Reta";N�o;1;0;0;0;1;0;0;1;-22,453406;-43,8141634;SPRF-RJ;DEL05-RJ;UOP04-DEL05-RJ;;;
727138;24/10/2025;sexta-feira;09:20:00;SP;101;46;UBATUBA;Acessar a via sem observar a presen�a dos outros ve�culos;Colis�o transversal;Com V�timas Feridas;Pleno dia;Decrescente;C�u Claro;Simples;Reta;Sim;2;0;1;0;1;0;1;2;-23,424407;-45,07541226;SPRF-SP;DEL06-SP;UOP01-DEL06-SP;;;
727139;24/10/2025;sexta-feira;09:13:00;MT;364;547,9;ROSARIO OESTE;Velocidade Incompat�vel;Queda de ocupante de ve�culo;Com V�timas Feridas;Pleno dia;Decrescente;C�u Claro;Dupla;Reta;N�o;2;0;1;0;1;0;1;1;-14,7969;-56,4053;SPRF-MT;DEL01-MT;UOP01-DEL01-MT;;;
727141;24/10/2025;sexta-feira;08:20:00;SC;282;608;MARAVILHA;Demais falhas na via;Tombamento;Com V�timas Feridas;Pleno dia;Decrescente;C�u Claro;Simples;Reta;N�o;1;0;1;0;0;0;1;1;-26,7638291;-53,2184051;SPRF-SC;DEL07-SC;UOP02-DEL07-SC;;;
727142;24/10/2025;sexta-feira;08:30:00;PR;369;83,9;CORNELIO PROCOPIO;Acessar a via sem observar a presen�a dos outros ve�culos;Colis�o transversal;Com V�timas Feridas;Pleno dia;Crescente;C�u Claro;Simples;"Reta;Interse��o de Vias";N�o;2;0;2;0;0;0;2;2;-23,15933475;-50,60769288;SPRF-PR;DEL07-PR;UOP05-DEL07-PR;;;
727144;24/10/2025;sexta-feira;10:16:00;GO;153;511;APARECIDA DE GOIANIA;Condutor deixou de manter dist�ncia do ve�culo da frente;Colis�o traseira;Sem V�timas;Pleno dia;Crescente;C�u Claro;Dupla;Reta;Sim;3;0;0;0;3;0;0;2;-16,797953;-49,238542;SPRF-GO;DEL01-GO;UOP03-DEL01-GO;;;
727145;24/10/2025;sexta-feira;11:15:00;RS;392;349;SANTA MARIA;Condutor deixou de manter dist�ncia do ve�culo da frente;Colis�o lateral mesmo sentido;Com V�timas Feridas;Pleno dia;Decrescente;C�u Claro;Simples;Reta;N�o;3;0;1;0;1;1;1;3;-29,743755;-53,793164;SPRF-RS;DEL09-RS;UOP01-DEL09-RS;;;
727148;24/10/2025;sexta-feira;09:00:00;PR;373;272;PRUDENTOPOLIS;Aus�ncia de rea��o do condutor;Sa�da de leito carro��vel;Com V�timas Feridas;Pleno dia;Crescente;C�u Claro;Simples;"Curva;Declive";N�o;1;0;1;0;0;0;1;1;-25,25509935;-51,07330871;SPRF-PR;DEL08-PR;UOP01-DEL08-PR;;;
727151;24/10/2025;sexta-feira;11:15:00;AL;101;212;SAO SEBASTIAO;Aus�ncia de rea��o do condutor;Queda de ocupante de ve�culo;Com V�timas Feridas;Pleno dia;Crescente;C�u Claro;Simples;"Reta;Aclive";N�o;1;0;1;0;0;0;1;1;-10,014158;-36,617077;SPRF-AL;DEL02-AL;UOP02-DEL02-AL;;;
727152;24/10/2025;sexta-feira;07:15:00;SC;101;211;PALHOCA;Trafegar com motocicleta (ou similar) entre as faixas;Colis�o lateral mesmo sentido;Com V�timas Feridas;Pleno dia;Decrescente;C�u Claro;M�ltipla;Reta;N�o;2;0;1;0;1;0;1;2;-27,62358569;-48,65249125;SPRF-SC;DEL01-SC;UOP02-DEL01-SC;;;
727153;24/10/2025;sexta-feira;11:15:00;SE;101;17,5;SAO FRANCISCO;Rea��o tardia ou ineficiente do condutor;Queda de ocupante de ve�culo;Com V�timas Feridas;Pleno dia;Crescente;C�u Claro;Dupla;Declive;N�o;1;0;0;1;0;0;1;1;-10,341326;-36,895388;SPRF-SE;DEL02-SE;UOP02-DEL02-SE;;;
727158;24/10/2025;sexta-feira;11:20:00;CE;222;248;SOBRAL;Acessar a via sem observar a presen�a dos outros ve�culos;Colis�o transversal;Com V�timas Feridas;Pleno dia;Crescente;C�u Claro;Simples;Reta;N�o;4;0;0;1;3;0;1;2;-3,75601999;-40,5556318;SPRF-CE;DEL04-CE;UOP01-DEL04-CE;;;
727159;24/10/2025;sexta-feira;12:15:00;SC;470;63;INDAIAL;Desrespeitar a prefer�ncia no cruzamento;Colis�o transversal;Com V�timas Feridas;Pleno dia;Decrescente;C�u Claro;Simples;Reta;Sim;2;0;0;1;1;0;1;2;-26,87212394;-49,19367671;SPRF-SC;DEL04-SC;UOP01-DEL04-SC;;;
727161;03/10/2025;sexta-feira;11:50:00;RS;101;66;MAQUINE;Rea��o tardia ou ineficiente do condutor;Colis�o traseira;Com V�timas Feridas;Pleno dia;Decrescente;Chuva;Dupla;"T�nel;Reta";N�o;4;0;1;0;3;0;1;2;-29,73352656;-50,20494461;SPRF-RS;DEL03-RS;UOP02-DEL03-RS;;;
727162;12/10/2025;domingo;19:45:00;RS;290;92,4;PORTO ALEGRE;Condutor deixou de manter dist�ncia do ve�culo da frente;Colis�o traseira;Com V�timas Feridas;Plena Noite;Decrescente;C�u Claro;Dupla;Reta;N�o;2;0;2;0;0;0;2;2;-29,9713055;-51,1825314;SPRF-RS;DEL01-RS;UOP01-DEL01-RS;;;
727163;24/10/2025;sexta-feira;12:30:00;RJ;101;310;SAO GONCALO;Rea��o tardia ou ineficiente do condutor;Engavetamento;Com V�timas Feridas;Pleno dia;Decrescente;C�u Claro;Dupla;Reta;Sim;4;0;1;0;3;0;1;3;-22,7969124;-43,0434223;SPRF-RJ;DEL02-RJ;UOP02-DEL02-RJ;;;
727164;18/10/2025;s�bado;20:12:00;ES;262;112;VENDA NOVA DO IMIGRANTE;Rea��o tardia ou ineficiente do condutor;Colis�o traseira;Com V�timas Feridas;Plena Noite;Crescente;Nublado;Simples;Reta;N�o;2;0;0;2;0;0;2;2;-20,328458;-41,206355;SPRF-ES;DEL01-ES;UOP02-DEL01-ES;;;
727165;24/10/2025;sexta-feira;12:55:00;RN;101;85;NATAL;Aus�ncia de rea��o do condutor;Colis�o traseira;Com V�timas Feridas;Pleno dia;Decrescente;C�u Claro;Dupla;"Aclive;Curva";Sim;2;0;1;0;1;0;1;2;-5,77861565;-35,2487847;SPRF-RN;DEL02-RN;UOP01-DEL02-RN;;;
727166;24/10/2025;sexta-feira;12:00:00;SC;101;455,1;SAO JOAO DO SUL;Rea��o tardia ou ineficiente do condutor;Colis�o com objeto;Com V�timas Feridas;Pleno dia;Crescente;C�u Claro;M�ltipla;Interse��o de Vias;Sim;2;0;2;0;0;0;2;1;-29,22274273;-49,76022396;SPRF-SC;DEL02-SC;UOP02-DEL02-SC;;;
727168;24/10/2025;sexta-feira;12:20:00;DF;20;15;BRASILIA;Rea��o tardia ou ineficiente do condutor;Tombamento;Com V�timas Feridas;Pleno dia;Decrescente;C�u Claro;M�ltipla;Reta;Sim;2;0;1;0;1;0;1;2;-15,5822408;-47,5357877;SPRF-DF;DEL02-DF;UOP01-DEL02-DF;;;
727169;24/10/2025;sexta-feira;09:35:00;PE;101;206;XEXEU;Velocidade Incompat�vel;Sa�da de leito carro��vel;Com V�timas Feridas;Pleno dia;Crescente;C�u Claro;Dupla;Curva;N�o;1;0;1;0;0;0;1;1;-8,826;-35,64578;SPRF-PE;DEL01-PE;UOP03-DEL01-PE;;;
727170;24/10/2025;sexta-feira;10:30:00;BA;324;623;SALVADOR;Aus�ncia de rea��o do condutor;Colis�o lateral mesmo sentido;Com V�timas Feridas;Pleno dia;Crescente;Nublado;Dupla;Reta;Sim;3;0;2;0;1;0;2;2;-12,942857;-38,470718;SPRF-BA;DEL01-BA;UOP01-DEL01-BA;;;
727171;24/10/2025;sexta-feira;12:45:00;RJ;101;72;CAMPOS DOS GOYTACAZES;Condutor deixou de manter dist�ncia do ve�culo da frente;Colis�o frontal;Com V�timas Feridas;Pleno dia;Decrescente;Garoa/Chuvisco;Simples;Reta;N�o;3;0;1;1;1;0;2;2;-21,83579202;-41,42081912;SPRF-RJ;DEL08-RJ;UOP02-DEL08-RJ;;;
727172;24/10/2025;sexta-feira;06:40:00;SC;101;208,5;SAO JOSE;Manobra de mudan�a de faixa;Colis�o lateral mesmo sentido;Com V�timas Feridas;Pleno dia;Decrescente;C�u Claro;Dupla;Reta;N�o;2;0;2;0;0;0;2;2;-27,608367;-48,636987;SPRF-SC;DEL01-SC;UOP01-DEL01-SC;;;
727173;24/10/2025;sexta-feira;01:30:00;PE;316;75;OURICURI;Ingest�o de �lcool pelo condutor;Sa�da de leito carro��vel;Com V�timas Feridas;Plena Noite;Crescente;Nublado;Simples;Reta;N�o;1;0;0;1;0;0;1;1;-7,83204543;-40,14666349;SPRF-PE;DEL05-PE;UOP02-DEL05-PE;;;
727174;24/10/2025;sexta-feira;12:50:00;SC;101;88,1;BARRA VELHA;Rea��o tardia ou ineficiente do condutor;Tombamento;Com V�timas Feridas;Pleno dia;Crescente;Sol;M�ltipla;"Reta;Declive";Sim;2;0;2;0;0;0;2;1;-26,64867563;-48,68685421;SPRF-SC;DEL03-SC;UOP02-DEL03-SC;;;
727175;24/10/2025;sexta-feira;12:10:00;PR;277;725,1;FOZ DO IGUACU;Rea��o tardia ou ineficiente do condutor;Queda de ocupante de ve�culo;Com V�timas Feridas;Pleno dia;Crescente;Nublado;Dupla;"Declive;Reta";Sim;2;0;2;0;0;0;2;1;-25,5081878;-54,54613209;SPRF-PR;DEL05-PR;UOP03-DEL05-PR;;;
727181;24/10/2025;sexta-feira;05:30:00;MA;10;360;ITINGA DO MARANHAO;Rea��o tardia ou ineficiente do condutor;Sa�da de leito carro��vel;Com V�timas Fatais;Amanhecer;Crescente;C�u Claro;Simples;Reta;N�o;2;1;1;0;0;0;1;1;-4,59854;-47,49199;SPRF-MA;DEL04-MA;UOP03-DEL04-MA;;;
727182;24/10/2025;sexta-feira;12:00:00;MG;40;492;ESMERALDAS;Velocidade Incompat�vel;Sa�da de leito carro��vel;Com V�timas Feridas;Pleno dia;Decrescente;C�u Claro;Dupla;"Curva;Declive";N�o;1;0;0;1;0;0;1;1;-19,644291;-44,203085;SPRF-MG;DEL02-MG;UOP01-DEL02-MG;;;
727186;24/10/2025;sexta-feira;14:00:00;RJ;116;171;RIO DE JANEIRO;Condutor Dormindo;Colis�o traseira;Com V�timas Feridas;Pleno dia;Decrescente;C�u Claro;M�ltipla;Reta;Sim;3;0;1;0;2;0;1;2;-22,81233535;-43,33245724;SPRF-RJ;DEL06-RJ;UOP01-DEL06-RJ;;;
727188;24/10/2025;sexta-feira;14:15:00;PR;116;4;QUATRO BARRAS;Rea��o tardia ou ineficiente do condutor;Colis�o traseira;Com V�timas Feridas;Pleno dia;Crescente;C�u Claro;M�ltipla;"Reta;Viaduto";Sim;2;0;1;0;1;0;1;2;-25,361968;-49,079583;SPRF-PR;DEL01-PR;UOP02-DEL01-PR;;;
727190;06/10/2025;segunda-feira;18:30:00;MA;222;664;ACAILANDIA;Aus�ncia de rea��o do condutor;Tombamento;Com V�timas Fatais;Plena Noite;Decrescente;C�u Claro;Simples;"Aclive;Reta";N�o;1;1;0;0;0;0;0;1;-4,908603;-47,409805;SPRF-MA;DEL04-MA;UOP03-DEL04-MA;;;
727191;11/10/2025;s�bado;18:00:00;BA;101;683,3;ITAGIMIRIM;Aus�ncia de rea��o do condutor;Colis�o traseira;Com V�timas Fatais;Anoitecer;Crescente;C�u Claro;Simples;"Aclive;Reta";N�o;3;2;0;0;1;0;0;2;-16,109908;-39,6098;SPRF-BA;DEL09-BA;UOP03-DEL09-BA;;;
727192;24/10/2025;sexta-feira;14:30:00;SC;282;46;AGUAS MORNAS;Pista Escorregadia;Sa�da de leito carro��vel;Com V�timas Feridas;Pleno dia;Crescente;Nublado;Simples;"Aclive;Curva";N�o;2;0;0;2;0;0;2;1;-27,72092014;-48,92335189;SPRF-SC;DEL01-SC;UOP03-DEL01-SC;;;
727194;24/10/2025;sexta-feira;13:00:00;SC;282;252,3;SAO JOSE DO CERRITO;Demais falhas mec�nicas ou el�tricas;Sa�da de leito carro��vel;Com V�timas Fatais;Pleno dia;Decrescente;C�u Claro;Simples;Curva;N�o;2;1;0;1;0;0;1;1;-27,6853272;-50,5656446;SPRF-SC;DEL05-SC;UOP02-DEL05-SC;;;
727195;24/10/2025;sexta-feira;14:00:00;MG;40;638;CONSELHEIRO LAFAIETE;Acessar a via sem observar a presen�a dos outros ve�culos;Colis�o transversal;Com V�timas Feridas;Pleno dia;Crescente;Nublado;Simples;Reta;N�o;6;0;2;2;2;0;4;2;-20,72084149;-43,7991364;SPRF-MG;DEL05-MG;UOP02-DEL05-MG;;;