id;data_inversa;dia_semana;horario;uf;br;km;municipio;causa_acidente;tipo_acidente;classificacao_acidente;fase_dia;sentido_via;condicao_metereologica;tipo_pista;tracado_via;uso_solo;pessoas;mortos;feridos_leves;feridos_graves;ilesos;ignorados;feridos;veiculos;latitude;longitude;regional;delegacia;uop;;;
727198;24/10/2025;sexta-feira;14:45:00;SC;116;11,3;MAFRA;Aus�ncia de rea��o do condutor;Sa�da de leito carro��vel;Com V�timas Feridas;Pleno dia;Decrescente;C�u Claro;Simples;Curva;N�o;1;0;1;0;0;0;1;1;-26,178233;-49,860902;SPRF-SC;DEL06-SC;UOP01-DEL06-SC;;;
727200;24/10/2025;sexta-feira;12:05:00;PR;280;266;MARMELEIRO;Frear bruscamente;Sa�da de leito carro��vel;Com V�timas Feridas;Pleno dia;Decrescente;C�u Claro;Simples;"Aclive;Reta";N�o;4;0;1;2;1;0;3;1;-26,17700766;-53,0708313;SPRF-PR;DEL02-PR;UOP01-DEL02-PR;;;
727201;24/10/2025;sexta-feira;15:30:00;MG;40;545,4;NOVA LIMA;Avarias e/ou desgaste excessivo no pneu;Tombamento;Com V�timas Feridas;Pleno dia;Crescente;C�u Claro;Dupla;Reta;N�o;2;0;1;0;1;0;1;1;-20,010422;-43,965877;SPRF-MG;DEL01-MG;UOP02-DEL01-MG;;;
727202;24/10/2025;sexta-feira;14:50:00;MS;60;425,4;SIDROLANDIA;Frear bruscamente;Colis�o lateral mesmo sentido;Com V�timas Feridas;Pleno dia;Crescente;C�u Claro;Dupla;Reta;Sim;2;0;2;0;0;0;2;2;-20,932528;-54,959542;SPRF-MS;DEL01-MS;UOP04-DEL01-MS;;;
727203;24/10/2025;sexta-feira;16:00:00;PE;232;56;POMBOS;Aus�ncia de rea��o do condutor;Colis�o transversal;Sem V�timas;Pleno dia;Crescente;C�u Claro;Dupla;Reta;Sim;2;0;0;0;2;0;0;2;-8,1443205;-35,38976312;SPRF-PE;DEL02-PE;UOP02-DEL02PE;;;
727205;24/10/2025;sexta-feira;15:45:00;PR;277;107,9;CURITIBA;Sinaliza��o encoberta;Colis�o com objeto;Sem V�timas;Pleno dia;Crescente;C�u Claro;Simples;Reta;Sim;2;0;0;0;2;0;0;1;-25,43293589;-49,37186893;SPRF-PR;DEL01-PR;UOP06-DEL01-PR;;;
727209;24/10/2025;sexta-feira;16:40:00;SP;153;4;ICEM;Demais falhas mec�nicas ou el�tricas;Inc�ndio;Sem V�timas;Pleno dia;Decrescente;C�u Claro;Simples;"Curva;Em Obras";N�o;1;0;0;0;1;0;0;1;-20,34382674;-49,21548693;SPRF-SP;DEL09-SP;UOP01-DEL09-SP;;;
727212;24/10/2025;sexta-feira;16:30:00;RN;101;160;CANGUARETAMA;Entrada inopinada do pedestre;Atropelamento de Pedestre;Com V�timas Fatais;Pleno dia;Crescente;C�u Claro;Dupla;Reta;Sim;2;1;1;0;0;0;1;2;-6,3718102;-35,1523283;SPRF-RN;DEL01-RN;UOP01-DEL01-RN;;;
727213;02/09/2025;ter�a-feira;22:00:00;PR;116;18;CURITIBA;Condutor deixou de manter dist�ncia do ve�culo da frente;Colis�o traseira;Com V�timas Feridas;Plena Noite;Crescente;C�u Claro;Dupla;Reta;Sim;2;0;1;0;1;0;1;2;-25,388848;-49,200823;SPRF-PR;DEL01-PR;UOP02-DEL01-PR;;;
727215;24/10/2025;sexta-feira;16:40:00;SC;158;104;MARAVILHA;Desrespeitar a prefer�ncia no cruzamento;Colis�o transversal;Com V�timas Feridas;Pleno dia;Crescente;C�u Claro;Simples;Reta;N�o;2;0;1;0;1;0;1;2;-26,7728051;-53,1721129;SPRF-SC;DEL07-SC;UOP02-DEL07-SC;;;
727216;16/10/2025;quinta-feira;10:00:00;RO;435;70;COLORADO DO OESTE;Manobra de mudan�a de faixa;Colis�o traseira;Com V�timas Fatais;Pleno dia;Crescente;C�u Claro;Simples;Reta;N�o;2;1;1;0;0;0;1;2;-13,11281834;-60,4871285;SPRF-RO;DEL04-RO;UOP02-DEL04-RO;;;
727217;24/10/2025;sexta-feira;17:10:00;GO;40;11;LUZIANIA;Acessar a via sem observar a presen�a dos outros ve�culos;Colis�o transversal;Com V�timas Feridas;Pleno dia;Crescente;C�u Claro;Dupla;"Retorno Regulamentado;Reta";Sim;3;0;0;1;2;0;1;3;-16,137599;-47,952194;SPRF-DF;DEL01-DF;UOP01-DEL01-DF;;;
727218;24/10/2025;sexta-feira;15:35:00;MG;262;70,8;MATIPO;Transitar na contram�o;Colis�o frontal;Com V�timas Feridas;Pleno dia;Crescente;C�u Claro;Simples;Reta;N�o;2;0;0;1;1;0;1;2;-20,31020065;-42,31073007;SPRF-MG;DEL06-MG;UOP03-DEL06-MG;;;
727219;24/10/2025;sexta-feira;16:00:00;PR;277;9;PARANAGUA;Objeto est�tico sobre o leito carro��vel;Capotamento;Com V�timas Feridas;Pleno dia;Decrescente;C�u Claro;Dupla;"Aclive;Reta";N�o;1;0;1;0;0;0;1;1;-25,56682401;-48,60775495;SPRF-PR;DEL01-PR;UOP05-DEL01-PR;;;
727220;24/10/2025;sexta-feira;16:50:00;PB;230;5;CABEDELO;Aus�ncia de rea��o do condutor;Colis�o com objeto;Com V�timas Feridas;Anoitecer;Crescente;C�u Claro;Dupla;"Reta;Aclive";N�o;2;0;1;0;1;0;1;2;-7,00510641;-34,82926726;SPRF-PB;DEL01-PB;UOP01-DEL01-PB;;;
727221;24/10/2025;sexta-feira;17:08:00;SC;101;179;BIGUACU;Rea��o tardia ou ineficiente do condutor;Tombamento;Com V�timas Feridas;Pleno dia;Crescente;C�u Claro;Dupla;Curva;N�o;1;0;0;1;0;0;1;1;-27,373052;-48,633163;SPRF-SC;DEL01-SC;UOP01-DEL01-SC;;;
727223;24/10/2025;sexta-feira;17:25:00;PB;101;15;MAMANGUAPE;Acumulo de areia ou detritos sobre o pavimento;Tombamento;Com V�timas Feridas;Anoitecer;Crescente;Nublado;Dupla;"Em Obras;Reta";N�o;1;0;1;0;0;0;1;1;-6,618434;-35,136732;SPRF-PB;DEL01-PB;UOP03-DEL01-PB;;;
727226;24/10/2025;sexta-feira;17:20:00;MG;381;482,9;BETIM;Velocidade Incompat�vel;Colis�o traseira;Com V�timas Feridas;Pleno dia;Decrescente;Nublado;Dupla;Reta;Sim;3;0;2;0;1;0;2;2;-19,9582675;-44,08003342;SPRF-MG;DEL01-MG;UOP03-DEL01-MG;;;
727227;24/10/2025;sexta-feira;17:40:00;PB;230;9;JOAO PESSOA;Demais falhas na via;Queda de ocupante de ve�culo;Com V�timas Feridas;Plena Noite;Crescente;C�u Claro;Dupla;Em Obras;Sim;1;0;1;0;0;0;1;1;-7,1696384;-34,8749824;SPRF-PB;DEL01-PB;UOP01-DEL01-PB;;;
727228;24/10/2025;sexta-feira;16:21:00;PR;277;115;CAMPO LARGO;Rea��o tardia ou ineficiente do condutor;Sa�da de leito carro��vel;Com V�timas Feridas;Pleno dia;Crescente;Nublado;Dupla;Declive;N�o;2;0;1;1;0;0;2;1;-25,4331002;-49,434483;SPRF-PR;DEL03-PR;UOP03-DEL03-PR;;;
727229;24/10/2025;sexta-feira;08:10:00;PR;277;137;BALSA NOVA;Pista Escorregadia;Tombamento;Com V�timas Feridas;Pleno dia;Decrescente;Nublado;Dupla;Curva;N�o;1;0;0;1;0;0;1;1;-25,47294;-49,63569;SPRF-PR;DEL03-PR;UOP03-DEL03-PR;;;
727230;24/10/2025;sexta-feira;16:32:00;RJ;101;422;MANGARATIBA;Manobra de mudan�a de faixa;Colis�o lateral mesmo sentido;Com V�timas Feridas;Pleno dia;Decrescente;C�u Claro;Simples;Curva;Sim;2;0;2;0;0;0;2;2;-22,91716613;-43,94138099;SPRF-RJ;DEL03-RJ;UOP02-DEL03-RJ;;;
727233;24/10/2025;sexta-feira;17:15:00;SC;101;85,3;BARRA VELHA;Rea��o tardia ou ineficiente do condutor;Tombamento;Com V�timas Feridas;Pleno dia;Crescente;C�u Claro;Dupla;Reta;Sim;1;0;1;0;0;0;1;1;-26,63613758;-48,69807808;SPRF-SC;DEL03-SC;UOP02-DEL03-SC;;;
727234;24/10/2025;sexta-feira;17:30:00;PR;376;347;ORTIGUEIRA;Manobra de mudan�a de faixa;Colis�o lateral mesmo sentido;Com V�timas Feridas;Anoitecer;Decrescente;C�u Claro;Dupla;"Reta;Aclive";Sim;6;0;3;0;3;0;3;2;-24,213;-50,94;SPRF-PR;DEL07-PR;UOP02-DEL07-PR;;;
727236;24/10/2025;sexta-feira;16:20:00;MG;116;410,5;GOVERNADOR VALADARES;Manobra de mudan�a de faixa;Colis�o lateral mesmo sentido;Com V�timas Feridas;Pleno dia;Decrescente;C�u Claro;M�ltipla;Reta;N�o;2;0;1;1;0;0;2;2;-18,88257439;-41,9581604;SPRF-MG;DEL06-MG;UOP01-DEL06-MG;;;
727237;24/10/2025;sexta-feira;18:20:00;ES;101;146;LINHARES;Trafegar com motocicleta (ou similar) entre as faixas;Colis�o lateral mesmo sentido;Com V�timas Feridas;Plena Noite;Decrescente;C�u Claro;Simples;Reta;Sim;3;0;0;1;2;0;1;2;-19,377415;-40,066177;SPRF-ES;DEL04-ES;UOP01-DEL04-ES;;;
727239;24/10/2025;sexta-feira;17:55:00;SC;282;4,6;SAO JOSE;Manobra de mudan�a de faixa;Colis�o traseira;Com V�timas Feridas;Pleno dia;Crescente;C�u Claro;Dupla;Reta;N�o;3;0;0;1;1;1;1;3;-27,59017;-48,60952;SPRF-SC;DEL01-SC;UOP01-DEL01-SC;;;
727240;24/10/2025;sexta-feira;18:00:00;PE;104;103;CUPIRA;Acessar a via sem observar a presen�a dos outros ve�culos;Colis�o transversal;Com V�timas Feridas;Plena Noite;Crescente;C�u Claro;Simples;Reta;Sim;5;0;3;0;2;0;3;2;-8,59409095;-35,95593452;SPRF-PE;DEL02-PE;UOP01-DEL02-PE;;;
727242;24/10/2025;sexta-feira;17:30:00;PB;104;115,4;LAGOA SECA;Transitar na contram�o;Colis�o lateral sentido oposto;Com V�timas Feridas;Anoitecer;Crescente;Nublado;Simples;"Curva;Declive";N�o;2;0;0;2;0;0;2;2;-7,170611;-35,859807;SPRF-PB;DEL02-PB;UOP04-DEL02-PB;;;
727244;24/10/2025;sexta-feira;17:40:00;BA;116;814,5;VITORIA DA CONQUISTA;Acessar a via sem observar a presen�a dos outros ve�culos;Colis�o transversal;Sem V�timas;Plena Noite;Decrescente;Nublado;Simples;"Reta;Interse��o de Vias";Sim;2;0;0;0;2;0;0;2;-14,81057682;-40,79358816;SPRF-BA;DEL08-BA;UOP01-DEL08-BA;;;
727247;24/10/2025;sexta-feira;19:05:00;SC;282;4,5;SAO JOSE;Condutor deixou de manter dist�ncia do ve�culo da frente;Colis�o traseira;Com V�timas Feridas;Anoitecer;Crescente;C�u Claro;M�ltipla;Reta;Sim;2;0;1;0;1;0;1;2;-27,58958091;-48,60961106;SPRF-SC;DEL01-SC;UOP01-DEL01-SC;;;
727248;24/10/2025;sexta-feira;17:00:00;MG;50;186,1;UBERABA;Avarias e/ou desgaste excessivo no pneu;Colis�o traseira;Com V�timas Feridas;Pleno dia;Crescente;C�u Claro;Dupla;Reta;N�o;4;0;2;0;2;0;2;2;-19,824137;-47,891242;SPRF-MG;DEL13-MG;UOP01-DEL13-MG;;;
727250;24/10/2025;sexta-feira;19:10:00;MG;381;491;BETIM;Pedestre andava na pista;Atropelamento de Pedestre;Com V�timas Feridas;Plena Noite;Crescente;C�u Claro;M�ltipla;"Interse��o de Vias;Curva";Sim;2;0;1;1;0;0;2;2;-19,96006272;-44,15505974;SPRF-MG;DEL01-MG;UOP03-DEL01-MG;;;
727251;24/10/2025;sexta-feira;18:30:00;GO;414;385;CORUMBA DE GOIAS;Demais falhas mec�nicas ou el�tricas;Queda de ocupante de ve�culo;Com V�timas Feridas;Plena Noite;Decrescente;C�u Claro;Simples;"Reta;Declive";N�o;2;0;2;0;0;0;2;1;-15,8675;-48,7748;SPRF-GO;DEL02-GO;UOP01-DEL02-GO;;;
727252;24/10/2025;sexta-feira;17:30:00;SC;280;35,6;ARAQUARI;Entrada inopinada do pedestre;Atropelamento de Pedestre;Com V�timas Feridas;Pleno dia;Decrescente;C�u Claro;Simples;Curva;Sim;2;0;0;1;1;0;1;2;-26,44011;-48,807423;SPRF-SC;DEL03-SC;UOP03-DEL03-SC;;;
727253;24/10/2025;sexta-feira;19:15:00;MT;158;531,7;AGUA BOA;Ultrapassagem Indevida;Colis�o lateral mesmo sentido;Com V�timas Fatais;Plena Noite;Crescente;C�u Claro;Simples;Reta;N�o;33;1;0;1;31;0;1;2;-14,0869451;-52,1609629;SPRF-MT;DEL07-MT;UOP02-DEL07-MT;;;
727259;24/10/2025;sexta-feira;18:30:00;MG;40;423;CURVELO;Acessar a via sem observar a presen�a dos outros ve�culos;Colis�o transversal;Com V�timas Feridas;Plena Noite;Crescente;Ignorado;Simples;Reta;Sim;5;0;3;2;0;0;5;2;-19,1534049;-44,5544739;SPRF-MG;DEL02-MG;UOP01-DEL02-MG;;;
727264;24/10/2025;sexta-feira;19:30:00;CE;226;36,6;PEREIRO;Transitar na contram�o;Colis�o frontal;Com V�timas Fatais;Plena Noite;Crescente;C�u Claro;Simples;"Reta;Declive";N�o;2;1;0;0;0;1;0;2;-6,035289;-38,497166;SPRF-CE;DEL05-CE;UOP02-DEL05-CE;;;
727265;24/10/2025;sexta-feira;20:10:00;PR;277;81;CURITIBA;Trafegar com motocicleta (ou similar) entre as faixas;Colis�o traseira;Com V�timas Feridas;Plena Noite;Crescente;C�u Claro;Dupla;Reta;Sim;2;0;1;0;1;0;1;2;-25,46271647;-49,21844322;SPRF-PR;DEL01-PR;UOP03-DEL01-PR;;;
727267;24/10/2025;sexta-feira;18:30:00;RJ;465;1;SEROPEDICA;Ultrapassagem Indevida;Colis�o transversal;Com V�timas Feridas;Plena Noite;Decrescente;C�u Claro;Simples;Reta;N�o;2;0;2;0;0;0;2;1;-22,71785875;-43,72750489;SPRF-RJ;DEL06-RJ;UOP02-DEL06-RJ;;;
727268;24/10/2025;sexta-feira;19:10:00;MG;116;412;GOVERNADOR VALADARES;Acessar a via sem observar a presen�a dos outros ve�culos;Colis�o lateral mesmo sentido;Com V�timas Feridas;Plena Noite;Decrescente;Nublado;Simples;"Reta;Interse��o de Vias";Sim;2;0;1;0;1;0;1;2;-18,87660523;-41,96339607;SPRF-MG;DEL06-MG;UOP01-DEL06-MG;;;
727269;24/10/2025;sexta-feira;20:25:00;SP;381;48,8;ATIBAIA;Trafegar com motocicleta (ou similar) entre as faixas;Colis�o lateral mesmo sentido;Com V�timas Feridas;Plena Noite;Decrescente;C�u Claro;Dupla;Reta;N�o;3;0;1;0;2;0;1;3;-23,21386847;-46,58994913;SPRF-SP;DEL03-SP;UOP01-DEL03-SP;;;
727270;24/10/2025;sexta-feira;20:55:00;PR;153;40,8;SANTO ANTONIO DA PLATINA;Ultrapassagem Indevida;Colis�o lateral sentido oposto;Com V�timas Feridas;Plena Noite;Crescente;C�u Claro;Simples;Reta;Sim;3;0;1;0;0;2;1;3;-23,28972137;-50,06044865;SPRF-PR;DEL07-PR;UOP04-DEL07-PR;;;
727271;24/10/2025;sexta-feira;20:40:00;SC;280;28;ARAQUARI;Transitar na contram�o;Colis�o transversal;Com V�timas Feridas;Plena Noite;Decrescente;Nublado;Simples;Reta;N�o;2;0;0;1;1;0;1;2;-26,4037627;-48,745486;SPRF-SC;DEL03-SC;UOP03-DEL03-SC;;;
727272;04/10/2025;s�bado;18:50:00;TO;242;332;PEIXE;Rea��o tardia ou ineficiente do condutor;Sa�da de leito carro��vel;Com V�timas Feridas;Amanhecer;Crescente;C�u Claro;Simples;Reta;N�o;2;0;2;0;0;0;2;1;-11,93215;-48,69583;SPRF-TO;DEL01-TO;UOP02-DEL01-TO;;;
727273;24/10/2025;sexta-feira;16:10:00;PE;424;91;GARANHUNS;Acessar a via sem observar a presen�a dos outros ve�culos;Colis�o transversal;Com V�timas Feridas;Pleno dia;Crescente;C�u Claro;Simples;Reta;Sim;2;0;0;1;1;0;1;2;-8,87844;-36,49728;SPRF-PE;DEL03-PE;UOP01-DEL03-PE;;;
727274;24/10/2025;sexta-feira;19:00:00;BA;349;983;CORRENTINA;Ilumina��o deficiente;Colis�o traseira;Com V�timas Feridas;Plena Noite;Decrescente;C�u Claro;Simples;Reta;N�o;4;0;2;0;2;0;2;2;-13,5421;-45,04316;SPRF-BA;DEL10-BA;UOP02-DEL10-BA;;;
727275;24/10/2025;sexta-feira;21:30:00;RN;226;2,9;NATAL;Rea��o tardia ou ineficiente do condutor;Colis�o lateral mesmo sentido;Com V�timas Feridas;Plena Noite;Decrescente;C�u Claro;Simples;Reta;Sim;5;0;1;1;3;0;2;3;-5,8197191;-35,2510131;SPRF-RN;DEL01-RN;UOP02-DEL01-RN;;;
727278;24/10/2025;sexta-feira;19:40:00;SE;101;96,5;SAO CRISTOVAO;Aus�ncia de rea��o do condutor;Queda de ocupante de ve�culo;Com V�timas Feridas;Plena Noite;Crescente;C�u Claro;Dupla;Reta;N�o;1;0;0;1;0;0;1;1;-10,92058;-37,171725;SPRF-SE;DEL02-SE;UOP01-DEL02-SE;;;
727279;24/10/2025;sexta-feira;20:44:00;SP;116;146;SAO JOSE DOS CAMPOS;Trafegar com motocicleta (ou similar) entre as faixas;Colis�o lateral mesmo sentido;Com V�timas Feridas;Plena Noite;Decrescente;C�u Claro;Dupla;Reta;Sim;4;0;2;0;2;0;2;3;-23,19862665;-45,87683988;SPRF-SP;DEL02-SP;UOP01-DEL02-SP;;;
727282;24/10/2025;sexta-feira;19:45:00;RO;364;14;VILHENA;Aus�ncia de rea��o do condutor;Colis�o lateral mesmo sentido;Sem V�timas;Plena Noite;Decrescente;C�u Claro;Dupla;Rotat�ria;Sim;2;0;0;0;2;0;0;2;-12,73911797;-60,13969157;SPRF-RO;DEL04-RO;UOP01-DEL04-RO;;;
727284;24/10/2025;sexta-feira;21:07:00;GO;153;654;GOIATUBA;Ingest�o de �lcool pelo condutor;Queda de ocupante de ve�culo;Com V�timas Feridas;Plena Noite;Crescente;C�u Claro;Dupla;Curva;N�o;1;0;0;1;0;0;1;1;-18,00341308;-49,26276827;SPRF-GO;DEL03-GO;UOP01-DEL03-GO;;;
727286;24/10/2025;sexta-feira;21:00:00;SC;101;127,5;ITAJAI;Condutor deixou de manter dist�ncia do ve�culo da frente;Colis�o traseira;Com V�timas Fatais;Plena Noite;Decrescente;Nublado;Dupla;Reta;Sim;2;1;0;0;0;1;0;2;-26,968604;-48,683472;SPRF-SC;DEL04-SC;UOP04-DEL04-SC;;;
727287;24/10/2025;sexta-feira;20:30:00;BA;135;200;SAO DESIDERIO;Acessar a via sem observar a presen�a dos outros ve�culos;Colis�o frontal;Com V�timas Fatais;Plena Noite;Crescente;C�u Claro;Simples;Curva;N�o;4;1;0;1;1;1;1;3;-12,32426;-45,00701;SPRF-BA;DEL10-BA;UOP01-DEL10-BA;;;
727288;24/10/2025;sexta-feira;21:00:00;RJ;101;389;RIO DE JANEIRO;Rea��o tardia ou ineficiente do condutor;Colis�o lateral mesmo sentido;Com V�timas Feridas;Plena Noite;Decrescente;Nublado;M�ltipla;Reta;N�o;3;0;2;0;1;0;2;2;-22,89226328;-43,67244467;SPRF-RJ;DEL03-RJ;UOP01-DEL03-RJ;;;
727289;24/10/2025;sexta-feira;20:00:00;MG;153;245,4;FRONTEIRA;Rea��o tardia ou ineficiente do condutor;Sa�da de leito carro��vel;Sem V�timas;Plena Noite;Crescente;C�u Claro;Simples;"Reta;Declive";Sim;1;0;0;0;0;1;0;1;-20,29282618;-49,20373885;SPRF-MG;DEL13-MG;UOP02-DEL13-MG;;;
727290;24/10/2025;sexta-feira;22:10:00;PI;402;3,9;BURITI DOS LOPES;Rea��o tardia ou ineficiente do condutor;Colis�o com objeto;Sem V�timas;Plena Noite;Crescente;Ignorado;Simples;Curva;N�o;2;0;0;0;2;0;0;1;-3,10730614;-41,87114954;SPRF-PI;DEL05-PI;UOP01-DEL05-PI;;;
727291;24/10/2025;sexta-feira;20:00:00;RJ;101;309;SAO GONCALO;Rea��o tardia ou ineficiente do condutor;Colis�o lateral sentido oposto;Sem V�timas;Plena Noite;Decrescente;C�u Claro;Dupla;Reta;Sim;4;0;0;0;4;0;0;2;-22,79604369;-43,03868294;SPRF-RJ;DEL02-RJ;UOP02-DEL02-RJ;;;
727292;24/10/2025;sexta-feira;22:00:00;RS;158;282;JULIO DE CASTILHOS;Ultrapassagem Indevida;Colis�o frontal;Com V�timas Feridas;Plena Noite;Decrescente;C�u Claro;Simples;Reta;N�o;4;0;2;0;0;2;2;3;-29,39533726;-53,66958618;SPRF-RS;DEL09-RS;UOP01-DEL09-RS;;;
727295;24/10/2025;sexta-feira;23:45:00;ES;262;17;VIANA;Aus�ncia de rea��o do condutor;Colis�o traseira;Com V�timas Feridas;Plena Noite;Crescente;C�u Claro;Simples;Reta;Sim;2;0;1;0;1;0;1;2;-20,3882908;-40,4769436;SPRF-ES;DEL01-ES;UOP01-DEL01-ES;;;
727298;24/10/2025;sexta-feira;22:30:00;SC;101;87;BARRA VELHA;Acessar a via sem observar a presen�a dos outros ve�culos;Colis�o transversal;Com V�timas Feridas;Plena Noite;Crescente;Nublado;Simples;"Interse��o de Vias;Reta";Sim;2;0;1;0;1;0;1;2;-26,64672033;-48,68737221;SPRF-SC;DEL03-SC;UOP02-DEL03-SC;;;
727299;25/10/2025;s�bado;00:00:00;PR;369;198;ARAPONGAS;Rea��o tardia ou ineficiente do condutor;Sa�da de leito carro��vel;Com V�timas Feridas;Plena Noite;Crescente;C�u Claro;Dupla;"Reta;Retorno Regulamentado";N�o;1;0;0;1;0;0;1;1;-23,5057164;-51,42517805;SPRF-PR;DEL07-PR;UOP03-DEL07-PR;;;
727300;25/10/2025;s�bado;00:30:00;MG;40;523;CONTAGEM;Ingest�o de �lcool pelo condutor;Sa�da de leito carro��vel;Sem V�timas;Plena Noite;Decrescente;C�u Claro;Dupla;"Declive;Curva";N�o;1;0;0;0;0;1;0;1;-19,869458;-44,058913;SPRF-MG;DEL01-MG;UOP02-DEL01-MG;;;
727301;25/10/2025;s�bado;00:15:00;PB;230;40;SANTA RITA;Transitar na contram�o;Colis�o frontal;Com V�timas Feridas;Plena Noite;Decrescente;C�u Claro;Dupla;Declive;N�o;2;0;0;1;1;0;1;2;-7,14261897;-34,98258304;SPRF-PB;DEL01-PB;UOP02-DEL01-PB;;;
727302;25/10/2025;s�bado;00:40:00;SC;101;201,7;SAO JOSE;Manobra de mudan�a de faixa;Colis�o traseira;Com V�timas Feridas;Plena Noite;Decrescente;C�u Claro;Dupla;Reta;Sim;2;0;1;0;1;0;1;2;-27,54462343;-48,62037208;SPRF-SC;DEL01-SC;UOP01-DEL01-SC;;;
727303;25/10/2025;s�bado;00:40:00;DF;70;5;BRASILIA;Aus�ncia de rea��o do condutor;Colis�o lateral mesmo sentido;Com V�timas Feridas;Plena Noite;Crescente;Nublado;Dupla;Reta;Sim;3;0;2;0;1;0;2;2;-15,79463793;-48,09529029;SPRF-DF;DEL03-DF;UOP02-DEL03-DF;;;
727305;24/10/2025;sexta-feira;22:30:00;MA;316;316;OLHO DAGUA DAS CUNHAS;Transitar na contram�o;Colis�o frontal;Com V�timas Fatais;Plena Noite;Crescente;C�u Claro;Simples;Reta;N�o;2;1;0;0;0;1;0;2;-4,036077;-45,102758;SPRF-MA;DEL02-MA;UOP01-DEL02-MA;;;
727306;24/10/2025;sexta-feira;23:36:00;SC;101;432;SOMBRIO;Aus�ncia de rea��o do condutor;Colis�o traseira;Com V�timas Feridas;Plena Noite;Crescente;Ignorado;M�ltipla;Reta;Sim;3;0;1;0;1;1;1;2;-29,081928;-49,629689;SPRF-SC;DEL02-SC;UOP02-DEL02-SC;;;
727308;25/10/2025;s�bado;00:28:00;MT;364;207;RONDONOPOLIS;Aus�ncia de rea��o do condutor;Colis�o traseira;Com V�timas Feridas;Plena Noite;Decrescente;C�u Claro;Dupla;Reta;Sim;4;0;1;0;3;0;1;2;-16,43998;-54,67745;SPRF-MT;DEL02-MT;UOP01-DEL02-MT;;;
727309;24/10/2025;sexta-feira;21:35:00;PI;343;590;FLORIANO;�rea urbana sem a presen�a de local apropriado para a travessia de pedestres;Atropelamento de Pedestre;Com V�timas Feridas;Plena Noite;Crescente;C�u Claro;Dupla;Reta;Sim;2;0;1;0;0;1;1;2;-6,781708;-43,022812;SPRF-PI;DEL03-PI;UOP01-DEL03-PI;;;
727310;25/10/2025;s�bado;00:05:00;SP;116;110;TAUBATE;Aus�ncia de rea��o do condutor;Colis�o com objeto;Sem V�timas;Plena Noite;Crescente;C�u Claro;Dupla;Reta;N�o;1;0;0;0;1;0;0;1;-23,03503251;-45,55424094;SPRF-SP;DEL02-SP;UOP02-DEL02-SP;;;
727311;25/10/2025;s�bado;01:05:00;SC;101;376,5;ICARA;Condutor deixou de manter dist�ncia do ve�culo da frente;Colis�o traseira;Sem V�timas;Plena Noite;Crescente;C�u Claro;Dupla;Curva;N�o;2;0;0;0;2;0;0;2;-28,74288;-49,25306;SPRF-SC;DEL02-SC;UOP01-DEL02-SC;;;
727313;24/10/2025;sexta-feira;22:50:00;PE;423;139,6;IATI;Ultrapassagem Indevida;Colis�o lateral sentido oposto;Com V�timas Feridas;Plena Noite;Decrescente;C�u Claro;Simples;Reta;N�o;3;0;0;1;2;0;1;2;-8,98038;-36,82878;SPRF-PE;DEL03-PE;UOP01-DEL03-PE;;;
727314;25/10/2025;s�bado;00:30:00;MS;163;487;CAMPO GRANDE;Ingest�o de �lcool pelo condutor;Colis�o traseira;Sem V�timas;Plena Noite;Crescente;C�u Claro;Simples;"Em Obras;Reta";N�o;2;0;0;0;2;0;0;2;-20,42447188;-54,54554127;SPRF-MS;DEL01-MS;UOP02-DEL01-MS;;;
727315;25/10/2025;s�bado;02:00:00;MG;381;507;BETIM;Aus�ncia de rea��o do condutor;Colis�o traseira;Com V�timas Feridas;Plena Noite;Decrescente;C�u Claro;Dupla;Reta;Sim;3;0;2;0;1;0;2;2;-20,03820173;-44,25201841;SPRF-MG;DEL01-MG;UOP03-DEL01-MG;;;
727316;25/10/2025;s�bado;02:30:00;SP;381;29;ATIBAIA;Aus�ncia de rea��o do condutor;Colis�o com objeto;Com V�timas Feridas;Plena Noite;Decrescente;C�u Claro;Dupla;Reta;Sim;1;0;1;0;0;0;1;1;-23,04219513;-46,55893707;SPRF-SP;DEL03-SP;UOP02-DEL03-SP;;;
727317;25/10/2025;s�bado;01:15:00;MG;50;12;ARAGUARI;Condutor Dormindo;Sa�da de leito carro��vel;Com V�timas Feridas;Plena Noite;Crescente;C�u Claro;Dupla;Reta;N�o;5;0;3;0;2;0;3;1;-18,5285433;-48,04178281;SPRF-MG;DEL15-MG;UOP02-DEL15-MG;;;
727319;25/10/2025;s�bado;02:00:00;PR;277;118;CAMPO LARGO;Aus�ncia de rea��o do condutor;Sa�da de leito carro��vel;Com V�timas Fatais;Plena Noite;Decrescente;Nublado;Dupla;Reta;Sim;1;1;0;0;0;0;0;1;-25,44346;-49,461163;SPRF-PR;DEL03-PR;UOP03-DEL03-PR;;;
727320;25/10/2025;s�bado;02:15:00;MT;364;287;JACIARA;Aus�ncia de rea��o do condutor;Colis�o com objeto;Com V�timas Feridas;Plena Noite;Decrescente;C�u Claro;Dupla;"Reta;Declive";N�o;1;0;1;0;0;0;1;1;-15,90652719;-55,07377625;SPRF-MT;DEL05-MT;UOP02-DEL05-MT;;;