id;data_inversa;dia_semana;horario;uf;br;km;municipio;causa_acidente;tipo_acidente;classificacao_acidente;fase_dia;sentido_via;condicao_metereologica;tipo_pista;tracado_via;uso_solo;pessoas;mortos;feridos_leves;feridos_graves;ilesos;ignorados;feridos;veiculos;latitude;longitude;regional;delegacia;uop;;;
727321;24/10/2025;sexta-feira;22:30:00;MA;222;408;SANTA LUZIA;Transitar na contram�o;Colis�o frontal;Com V�timas Feridas;Plena Noite;Crescente;C�u Claro;Simples;Reta;Sim;2;0;0;1;1;0;1;2;-3,969378;-45,666398;SPRF-MA;DEL02-MA;UOP01-DEL02-MA;;;
727322;25/10/2025;s�bado;03:40:00;GO;70;5,4;AGUAS LINDAS DE GOIAS;Ingest�o de �lcool pelo condutor;Colis�o com objeto;Com V�timas Fatais;Plena Noite;Crescente;Nublado;Dupla;Reta;Sim;1;1;0;0;0;0;0;1;-15,747068;-48,264805;SPRF-DF;DEL03-DF;UOP02-DEL03-DF;;;
727323;25/10/2025;s�bado;03:17:00;RO;364;228;CACOAL;Demais falhas na via;Queda de ocupante de ve�culo;Com V�timas Feridas;Plena Noite;Crescente;C�u Claro;Simples;Reta;N�o;1;0;0;1;0;0;1;1;-11,489662;-61,380858;SPRF-RO;DEL02-RO;UOP02-DEL02-RO;;;
727325;25/10/2025;s�bado;04:30:00;SP;116;500,2;CAJATI;Aus�ncia de rea��o do condutor;Sa�da de leito carro��vel;Com V�timas Feridas;Amanhecer;Decrescente;C�u Claro;Simples;"Declive;Curva";N�o;2;0;2;0;0;0;2;1;-24,78204839;-48,17195591;SPRF-SP;DEL05-SP;UOP02-DEL05-SP;;;
727326;25/10/2025;s�bado;03:40:00;PR;277;592,4;CASCAVEL;Ingest�o de �lcool pelo condutor;Sa�da de leito carro��vel;Com V�timas Feridas;Plena Noite;Crescente;C�u Claro;Simples;Reta;Sim;1;0;0;1;0;0;1;1;-24,98155539;-53,47776532;SPRF-PR;DEL04-PR;UOP01-DEL04-PR;;;
727327;25/10/2025;s�bado;03:20:00;CE;304;43,6;ARACATI;Ingest�o de �lcool pelo condutor;Sa�da de leito carro��vel;Com V�timas Feridas;Plena Noite;Decrescente;C�u Claro;Simples;Reta;N�o;1;0;1;0;0;0;1;1;-4,5776896;-37,7356288;SPRF-CE;DEL03-CE;UOP02-DEL03-CE;;;
727329;25/10/2025;s�bado;02:50:00;PA;10;330;SAO MIGUEL DO GUAMA;Demais falhas mec�nicas ou el�tricas;Sa�da de leito carro��vel;Sem V�timas;Plena Noite;Crescente;C�u Claro;Simples;Reta;N�o;1;0;0;0;0;1;0;1;-1,542518;-47,513739;SPRF-PA;DEL01-PA;UOP02-DEL01-PA;;;
727330;25/10/2025;s�bado;03:40:00;SC;282;367;ERVAL VELHO;Ingest�o de �lcool pelo condutor;Sa�da de leito carro��vel;Sem V�timas;Plena Noite;Decrescente;C�u Claro;Simples;"Reta;Aclive";Sim;3;0;0;0;3;0;0;1;-27,2923381;-51,4136687;SPRF-SC;DEL07-SC;UOP05-DEL07-SC;;;
727331;25/10/2025;s�bado;03:30:00;PR;376;164,8;MARINGA;Ingest�o de �lcool pelo condutor;Colis�o traseira;Com V�timas Feridas;Plena Noite;Crescente;C�u Claro;Dupla;Reta;N�o;2;0;0;1;0;1;1;2;-23,380602;-52,037192;SPRF-PR;DEL09-PR;UOP02-DEL09-PR;;;
727332;25/10/2025;s�bado;05:00:00;GO;153;508;APARECIDA DE GOIANIA;Aus�ncia de rea��o do condutor;Queda de ocupante de ve�culo;Com V�timas Feridas;Amanhecer;Crescente;C�u Claro;Dupla;Aclive;N�o;1;0;1;0;0;0;1;1;-16,772293;-49,238153;SPRF-GO;DEL01-GO;UOP03-DEL01-GO;;;
727334;25/10/2025;s�bado;05:30:00;RS;290;18,2;SANTO ANTONIO DA PATRULHA;Condutor Dormindo;Sa�da de leito carro��vel;Sem V�timas;Amanhecer;Crescente;C�u Claro;M�ltipla;Reta;N�o;1;0;0;0;0;1;0;1;-29,88204847;-50,43730384;SPRF-RS;DEL03-RS;UOP01-DEL03-RS;;;
727335;25/10/2025;s�bado;04:50:00;MS;262;419;TERENOS;Demais falhas mec�nicas ou el�tricas;Colis�o com objeto;Sem V�timas;Amanhecer;Crescente;C�u Claro;Simples;"Curva;Em Obras";N�o;2;0;0;0;2;0;0;1;-20,452522;-55,171269;SPRF-MS;DEL01-MS;UOP03-DEL01-MS;;;
727336;25/10/2025;s�bado;04:20:00;MG;262;466,1;BOM DESPACHO;Transitar no Acostamento;Colis�o frontal;Com V�timas Fatais;Plena Noite;Crescente;C�u Claro;Simples;Reta;N�o;2;1;0;0;0;1;0;2;-19,7887;-45,22066;SPRF-MG;DEL08-MG;UOP03-DEL08-MG;;;
727338;25/10/2025;s�bado;06:20:00;MG;381;825,2;CAREACU;Condutor Dormindo;Sa�da de leito carro��vel;Com V�timas Feridas;Amanhecer;Decrescente;C�u Claro;Dupla;Reta;N�o;2;0;1;0;1;0;1;1;-22,1030155;-45,7244338;SPRF-MG;DEL16-MG;UOP02-DEL16-MG;;;
727339;25/10/2025;s�bado;06:20:00;PR;277;701;SAO MIGUEL DO IGUACU;Ingest�o de �lcool pelo condutor;Sa�da de leito carro��vel;Sem V�timas;Pleno dia;Crescente;Sol;Dupla;Reta;N�o;3;0;0;0;3;0;0;1;-25,415164;-54,342306;SPRF-PR;DEL05-PR;UOP01-DEL05-PR;;;
727341;25/10/2025;s�bado;06:10:00;MG;50;170;UBERABA;Demais falhas na via;Tombamento;Com V�timas Feridas;Pleno dia;Decrescente;C�u Claro;Dupla;Reta;Sim;1;0;1;0;0;0;1;1;-19,73394661;-47,98246622;SPRF-MG;DEL13-MG;UOP01-DEL13-MG;;;
727343;25/10/2025;s�bado;06:40:00;SP;116;158;SAO JOSE DOS CAMPOS;Aus�ncia de rea��o do condutor;Colis�o com objeto;Sem V�timas;Amanhecer;Crescente;C�u Claro;Simples;Curva;N�o;1;0;0;0;0;1;0;1;-23,2558095;-45,947745;SPRF-SP;DEL02-SP;UOP01-DEL02-SP;;;
727344;25/10/2025;s�bado;06:35:00;SC;101;130;CAMBORIU;Ingest�o de �lcool pelo condutor;Sa�da de leito carro��vel;Com V�timas Feridas;Pleno dia;Decrescente;Nublado;Simples;Reta;N�o;1;0;1;0;0;0;1;1;-26,98587;-48,667127;SPRF-SC;DEL04-SC;UOP03-DEL04-SC;;;
727346;25/10/2025;s�bado;07:10:00;SC;101;213;PALHOCA;Condutor deixou de manter dist�ncia do ve�culo da frente;Colis�o lateral mesmo sentido;Com V�timas Feridas;Pleno dia;Decrescente;C�u Claro;M�ltipla;Reta;Sim;2;0;1;0;1;0;1;2;-27,63846767;-48,66630468;SPRF-SC;DEL01-SC;UOP02-DEL01-SC;;;
727347;25/10/2025;s�bado;05:00:00;RJ;116;148;DUQUE DE CAXIAS;Rea��o tardia ou ineficiente do condutor;Tombamento;Com V�timas Feridas;Amanhecer;Crescente;C�u Claro;Dupla;"Viaduto;Reta;Declive";N�o;1;0;1;0;0;0;1;1;-22,6714525;-43,28671693;SPRF-RJ;DEL01-RJ;UOP02-DEL01-RJ;;;
727348;25/10/2025;s�bado;07:50:00;MG;381;488;BETIM;Aus�ncia de rea��o do condutor;Colis�o traseira;Com V�timas Feridas;Pleno dia;Decrescente;Sol;M�ltipla;Reta;Sim;2;0;1;0;0;1;1;2;-19,95716849;-44,12462203;SPRF-MG;DEL01-MG;UOP03-DEL01-MG;;;
727349;25/10/2025;s�bado;08:04:00;PE;232;515;SALGUEIRO;Transitar na contram�o;Sa�da de leito carro��vel;Com V�timas Fatais;Pleno dia;Crescente;C�u Claro;Simples;Reta;Sim;1;1;0;0;0;0;0;1;-8,066287;-39,187578;SPRF-PE;DEL05-PE;UOP01-DEL05-PE;;;
727350;25/10/2025;s�bado;07:30:00;SC;101;160;TIJUCAS;Avarias e/ou desgaste excessivo no pneu;Queda de ocupante de ve�culo;Com V�timas Feridas;Pleno dia;Decrescente;C�u Claro;Dupla;Reta;N�o;2;0;1;1;0;0;2;1;-27,21787677;-48,62309056;SPRF-SC;DEL04-SC;UOP03-DEL04-SC;;;
727351;25/10/2025;s�bado;08:00:00;RJ;101;75;CAMPOS DOS GOYTACAZES;Condutor deixou de manter dist�ncia do ve�culo da frente;Colis�o traseira;Sem V�timas;Pleno dia;Crescente;C�u Claro;Simples;Reta;N�o;2;0;0;0;2;0;0;2;-21,81720184;-41,39854431;SPRF-RJ;DEL08-RJ;UOP02-DEL08-RJ;;;
727354;25/10/2025;s�bado;07:40:00;MG;381;484,7;BETIM;Condutor deixou de manter dist�ncia do ve�culo da frente;Engavetamento;Sem V�timas;Pleno dia;Crescente;C�u Claro;M�ltipla;"Declive;Reta";N�o;3;0;0;0;3;0;0;3;-19,95962275;-44,08764499;SPRF-MG;DEL01-MG;UOP03-DEL01-MG;;;
727356;25/10/2025;s�bado;07:20:00;RS;116;252;SAPUCAIA DO SUL;Aus�ncia de rea��o do condutor;Colis�o traseira;Com V�timas Feridas;Pleno dia;Crescente;C�u Claro;Dupla;"Interse��o de Vias;Curva;Retorno Regulamentado";Sim;2;0;1;0;1;0;1;2;-29,81848373;-51,17037422;SPRF-RS;DEL01-RS;UOP02-DEL01-RS;;;
727357;25/10/2025;s�bado;09:00:00;PB;101;86,3;JOAO PESSOA;Demais falhas mec�nicas ou el�tricas;Tombamento;Com V�timas Feridas;Pleno dia;Decrescente;C�u Claro;Dupla;"Curva;Declive";Sim;2;0;2;0;0;0;2;1;-7,15289;-34,908353;SPRF-PB;DEL01-PB;UOP01-DEL01-PB;;;
727358;25/10/2025;s�bado;07:50:00;RJ;101;263;RIO BONITO;Condutor deixou de manter dist�ncia do ve�culo da frente;Colis�o traseira;Sem V�timas;Pleno dia;Decrescente;C�u Claro;Dupla;Reta;N�o;2;0;0;0;2;0;0;2;-22,71525282;-42,67915986;SPRF-RJ;DEL02-RJ;UOP03-DEL02-RJ;;;
727361;25/10/2025;s�bado;08:00:00;SP;116;188,8;SANTA ISABEL;Velocidade Incompat�vel;Colis�o traseira;Com V�timas Feridas;Pleno dia;Crescente;Sol;Dupla;Curva;N�o;3;0;1;0;2;0;1;2;-23,363512;-46,223825;SPRF-SP;DEL01-SP;UOP01-DEL01-SP;;;
727365;25/10/2025;s�bado;08:10:00;RJ;40;123;DUQUE DE CAXIAS;Rea��o tardia ou ineficiente do condutor;Tombamento;Com V�timas Feridas;Pleno dia;Decrescente;C�u Claro;M�ltipla;Reta;Sim;1;0;1;0;0;0;1;1;-22,8010787;-43,2903662;SPRF-RJ;DEL01-RJ;UOP02-DEL01-RJ;;;
727366;25/10/2025;s�bado;00:05:00;AM;174;906;MANAUS;Falta de acostamento;Atropelamento de Pedestre;Com V�timas Fatais;Plena Noite;Decrescente;Nublado;Simples;"Reta;Declive";N�o;3;1;0;0;1;1;0;3;-2,92564905;-60,03624201;SPRF-AM;DEL01-AM;UOP01-DEL01-AM;;;
727367;25/10/2025;s�bado;09:35:00;ES;101;416,3;ITAPEMIRIM;Ultrapassagem Indevida;Colis�o frontal;Com V�timas Feridas;Pleno dia;Crescente;Nublado;Simples;Reta;N�o;3;0;2;0;1;0;2;2;-20,95134031;-41,09049797;SPRF-ES;DEL03-ES;UOP02-DEL03-ES;;;
727369;25/10/2025;s�bado;03:00:00;BA;101;813;ITAMARAJU;Acesso irregular;Atropelamento de Pedestre;Com V�timas Fatais;Plena Noite;Crescente;Nublado;Simples;"Aclive;Reta";Sim;2;1;0;0;0;1;0;2;-17,060957;-39,553163;SPRF-BA;DEL09-BA;UOP01-DEL09-BA;;;
727370;25/10/2025;s�bado;09:30:00;AL;104;57;MURICI;Aus�ncia de rea��o do condutor;Colis�o traseira;Com V�timas Feridas;Pleno dia;Decrescente;C�u Claro;Simples;Reta;N�o;2;0;1;0;1;0;1;2;-9,30408304;-35,95413208;SPRF-AL;DEL01-AL;UOP02-DEL01-AL;;;
727371;25/10/2025;s�bado;10:00:00;SC;282;351;CAMPOS NOVOS;Animais na Pista;Colis�o traseira;Com V�timas Feridas;Pleno dia;Crescente;C�u Claro;Simples;Reta;N�o;3;0;1;0;2;0;1;2;-27,359518;-51,324245;SPRF-SC;DEL07-SC;UOP06-DEL07-SC;;;
727372;06/10/2025;segunda-feira;05:00:00;RO;364;141,3;PIMENTA BUENO;Pista esburacada;Tombamento;Sem V�timas;Amanhecer;Crescente;C�u Claro;Simples;"Declive;Reta;Em Obras";N�o;1;0;0;0;1;0;0;1;-12,0144842;-60,8575315;SPRF-RO;DEL02-RO;UOP02-DEL02-RO;;;
727373;25/10/2025;s�bado;08:30:00;MG;262;395,5;PARA DE MINAS;Manobra de mudan�a de faixa;Colis�o lateral mesmo sentido;Com V�timas Feridas;Pleno dia;Decrescente;Sol;Dupla;"Reta;Aclive";Sim;2;0;0;1;1;0;1;2;-19,883481;-44,606502;SPRF-MG;DEL01-MG;UOP03-DEL01-MG;;;
727374;25/10/2025;s�bado;06:17:00;RS;116;241;NOVO HAMBURGO;Acumulo de �leo sobre o pavimento;Tombamento;Com V�timas Feridas;Pleno dia;Crescente;C�u Claro;Simples;"Retorno Regulamentado;Curva;Viaduto";Sim;1;0;1;0;0;0;1;1;-29,71254672;-51,14881007;SPRF-RS;DEL01-RS;UOP02-DEL01-RS;;;
727376;25/10/2025;s�bado;09:30:00;MG;365;543,6;ROMARIA;Aus�ncia de rea��o do condutor;Sa�da de leito carro��vel;Com V�timas Feridas;Pleno dia;Crescente;Sol;Simples;Reta;N�o;4;0;3;1;0;0;4;1;-18,93163;-47,607245;SPRF-MG;DEL10-MG;UOP01-DEL10-MG;;;
727378;12/09/2025;sexta-feira;06:30:00;RJ;116;284;BARRA MANSA;Rea��o tardia ou ineficiente do condutor;Capotamento;Com V�timas Feridas;Amanhecer;Decrescente;C�u Claro;Dupla;Curva;Sim;2;0;0;1;1;0;1;1;-22,48710252;-44,24752235;SPRF-RJ;DEL07-RJ;UOP02-DEL07-RJ;;;
727379;25/10/2025;s�bado;10:10:00;SC;282;4;SAO JOSE;Rea��o tardia ou ineficiente do condutor;Colis�o lateral mesmo sentido;Com V�timas Feridas;Pleno dia;Crescente;Nublado;Dupla;Reta;Sim;4;0;2;0;0;2;2;3;-27,58954502;-48,61033916;SPRF-SC;DEL01-SC;UOP01-DEL01-SC;;;
727380;25/10/2025;s�bado;10:25:00;MG;146;476,5;POCOS DE CALDAS;Condutor deixou de manter dist�ncia do ve�culo da frente;Colis�o traseira;Sem V�timas;Pleno dia;Crescente;Nublado;Simples;"Em Obras;Reta";N�o;4;0;0;0;3;1;0;4;-21,762144;-46,411922;SPRF-MG;DEL09-MG;UOP01-DEL09-MG;;;
727381;25/10/2025;s�bado;11:00:00;MG;40;509;RIBEIRAO DAS NEVES;Rea��o tardia ou ineficiente do condutor;Engavetamento;Com V�timas Feridas;Pleno dia;Decrescente;C�u Claro;Dupla;"Reta;Aclive";Sim;11;0;3;0;8;0;3;6;-19,771842;-44,125707;SPRF-MG;DEL01-MG;UOP02-DEL01-MG;;;
727382;25/10/2025;s�bado;10:35:00;SC;101;209,9;SAO JOSE;Rea��o tardia ou ineficiente do condutor;Colis�o traseira;Com V�timas Feridas;Pleno dia;Decrescente;C�u Claro;Dupla;Reta;N�o;4;0;2;0;2;0;2;2;-27,58854659;-48,61261368;SPRF-SC;DEL01-SC;UOP01-DEL01-SC;;;
727384;25/10/2025;s�bado;09:00:00;MG;262;66;MATIPO;Rea��o tardia ou ineficiente do condutor;Sa�da de leito carro��vel;Com V�timas Feridas;Pleno dia;Crescente;Nublado;Simples;Curva;N�o;1;0;1;0;0;0;1;1;-20,30307;-42,265497;SPRF-MG;DEL06-MG;UOP03-DEL06-MG;;;
727385;25/10/2025;s�bado;11:00:00;PB;230;17,6;JOAO PESSOA;Rea��o tardia ou ineficiente do condutor;Colis�o traseira;Com V�timas Feridas;Pleno dia;Decrescente;Sol;Dupla;Reta;Sim;2;0;0;1;1;0;1;2;-7,120165;-34,845172;SPRF-PB;DEL01-PB;UOP01-DEL01-PB;;;
727386;21/10/2025;ter�a-feira;08:30:00;PR;277;83;CURITIBA;Rea��o tardia ou ineficiente do condutor;Colis�o traseira;Com V�timas Feridas;Pleno dia;Crescente;C�u Claro;Dupla;Reta;Sim;2;0;1;0;1;0;1;2;-25,4490476;-49,22945092;SPRF-PR;DEL01-PR;UOP03-DEL01-PR;;;
727387;25/10/2025;s�bado;11:00:00;GO;60;65;ABADIANIA;Demais falhas mec�nicas ou el�tricas;Sa�da de leito carro��vel;Com V�timas Feridas;Pleno dia;Crescente;C�u Claro;Dupla;Reta;N�o;1;0;1;0;0;0;1;1;-16,204715;-48,740551;SPRF-GO;DEL02-GO;UOP01-DEL02-GO;;;
727388;21/09/2025;domingo;15:00:00;MG;267;62;BICAS;Condutor deixou de manter dist�ncia do ve�culo da frente;Colis�o traseira;Com V�timas Feridas;Pleno dia;Crescente;C�u Claro;Simples;Reta;N�o;2;0;1;0;1;0;1;2;-21,73505314;-43,09446685;SPRF-MG;DEL05-MG;UOP01-DEL05-MG;;;
727389;25/10/2025;s�bado;11:15:00;DF;60;3,9;BRASILIA;Manobra de mudan�a de faixa;Colis�o lateral mesmo sentido;Com V�timas Fatais;Pleno dia;Crescente;C�u Claro;Dupla;Reta;Sim;3;1;0;0;1;1;0;3;-15,892397;-48,09457;SPRF-DF;DEL03-DF;UOP01-DEL03-DF;;;
727391;25/10/2025;s�bado;10:50:00;SC;101;2,2;ARARANGUA;Condutor deixou de manter dist�ncia do ve�culo da frente;Colis�o lateral mesmo sentido;Com V�timas Feridas;Pleno dia;Crescente;C�u Claro;M�ltipla;Rotat�ria;Sim;2;0;2;0;0;0;2;2;-28,93865958;-49,49679701;SPRF-SC;DEL02-SC;UOP02-DEL02-SC;;;
727393;25/10/2025;s�bado;11:45:00;RS;386;350,9;ESTRELA;Trafegar com motocicleta (ou similar) entre as faixas;Colis�o lateral mesmo sentido;Com V�timas Feridas;Pleno dia;Crescente;C�u Claro;Dupla;Reta;N�o;5;0;2;0;3;0;2;2;-29,483994;-51,9547366;SPRF-RS;DEL04-RS;UOP01-DEL04-RS;;;
727395;25/10/2025;s�bado;12:05:00;SP;116;141;SAO JOSE DOS CAMPOS;Rea��o tardia ou ineficiente do condutor;Colis�o traseira;Com V�timas Feridas;Pleno dia;Decrescente;Sol;Dupla;Reta;Sim;7;0;1;0;6;0;1;7;-23,1689053;-45,82132612;SPRF-SP;DEL02-SP;UOP01-DEL02-SP;;;
727396;25/10/2025;s�bado;10:00:00;PI;316;152;ELESBAO VELOSO;Condutor Dormindo;Colis�o com objeto;Com V�timas Feridas;Pleno dia;Decrescente;C�u Claro;Simples;Reta;N�o;3;0;0;3;0;0;3;1;-6,14905654;-42,13293314;SPRF-PI;DEL04-PI;UOP02-DEL04-PI;;;
727397;25/10/2025;s�bado;12:30:00;SP;116;473;JACUPIRANGA;Manobra de mudan�a de faixa;Colis�o lateral mesmo sentido;Com V�timas Feridas;Pleno dia;Crescente;C�u Claro;Dupla;Reta;N�o;2;0;0;1;1;0;1;2;-24,68452751;-47,98802912;SPRF-SP;DEL05-SP;UOP01-DEL05-SP;;;
727400;25/10/2025;s�bado;11:50:00;ES;101;64;SAO MATEUS;Ultrapassagem Indevida;Colis�o frontal;Com V�timas Feridas;Pleno dia;Crescente;Chuva;Simples;Curva;N�o;4;0;1;1;2;0;2;3;-18,704061;-39,869205;SPRF-ES;DEL04-ES;UOP02-DEL04-ES;;;
727401;25/10/2025;s�bado;12:10:00;PR;163;11,5;BARRACAO;Acessar a via sem observar a presen�a dos outros ve�culos;Colis�o transversal;Com V�timas Feridas;Pleno dia;Decrescente;Sol;Simples;"Reta;Declive";Sim;2;0;0;1;1;0;1;2;-26,2356;-53,637603;SPRF-PR;DEL02-PR;UOP02-DEL02-PR;;;
727402;25/10/2025;s�bado;11:00:00;RS;392;283,2;SAO SEPE;Condutor deixou de manter dist�ncia do ve�culo da frente;Colis�o traseira;Sem V�timas;Pleno dia;Decrescente;Chuva;M�ltipla;"Reta;Aclive";N�o;7;0;0;0;7;0;0;2;-30,280407;-53,54139805;SPRF-RS;DEL09-RS;UOP02-DEL09-RS;;;
727404;25/10/2025;s�bado;12:22:00;MS;163;485;CAMPO GRANDE;Acessar a via sem observar a presen�a dos outros ve�culos;Colis�o lateral mesmo sentido;Sem V�timas;Pleno dia;Decrescente;C�u Claro;Simples;"Reta;Interse��o de Vias";Sim;2;0;0;0;2;0;0;2;-20,43504;-54,543275;SPRF-MS;DEL01-MS;UOP02-DEL01-MS;;;
727406;25/10/2025;s�bado;13:30:00;MG;40;518;RIBEIRAO DAS NEVES;Aus�ncia de rea��o do condutor;Colis�o lateral mesmo sentido;Com V�timas Feridas;Pleno dia;Decrescente;C�u Claro;Dupla;Reta;Sim;2;0;0;1;1;0;1;2;-19,836712;-44,078982;SPRF-MG;DEL01-MG;UOP02-DEL01-MG;;;
727409;25/10/2025;s�bado;12:40:00;SP;116;168,8;JACAREI;Manobra de mudan�a de faixa;Colis�o lateral mesmo sentido;Com V�timas Feridas;Pleno dia;Crescente;Sol;Dupla;"Aclive;Curva";N�o;3;0;1;0;2;0;1;2;-23,30650673;-46,03961416;SPRF-SP;DEL02-SP;UOP01-DEL02-SP;;;
727410;25/10/2025;s�bado;13:00:00;MT;364;357,4;SANTO ANTONIO DO LEVERGER;Condutor Dormindo;Sa�da de leito carro��vel;Sem V�timas;Pleno dia;Crescente;C�u Claro;Dupla;Reta;N�o;2;0;0;0;2;0;0;1;-15,7971438;-55,5650975;SPRF-MT;DEL05-MT;UOP02-DEL05-MT;;;
727415;25/10/2025;s�bado;12:50:00;RJ;101;329;RIO DE JANEIRO;Rea��o tardia ou ineficiente do condutor;Colis�o traseira;Com V�timas Feridas;Pleno dia;Crescente;C�u Claro;Dupla;"Reta;Ponte";N�o;5;0;3;0;2;0;3;2;-22,868667;-43,181868;SPRF-RJ;DEL02-RJ;UOP01-DEL02-RJ;;;
727417;25/10/2025;s�bado;14:35:00;SP;116;225;GUARULHOS;Objeto est�tico sobre o leito carro��vel;Colis�o com objeto;Com V�timas Feridas;Pleno dia;Decrescente;C�u Claro;M�ltipla;Reta;Sim;2;0;2;0;0;0;2;1;-23,48864758;-46,54568529;SPRF-SP;DEL01-SP;UOP01-DEL01-SP;;;
727421;25/10/2025;s�bado;14:00:00;SP;116;140;SAO JOSE DOS CAMPOS;Rea��o tardia ou ineficiente do condutor;Colis�o lateral mesmo sentido;Com V�timas Feridas;Pleno dia;Crescente;C�u Claro;Dupla;Reta;N�o;2;0;1;0;1;0;1;2;-23,16645208;-45,81298828;SPRF-SP;DEL02-SP;UOP01-DEL02-SP;;;
727422;25/10/2025;s�bado;14:20:00;PR;277;1;CURITIBA;Rea��o tardia ou ineficiente do condutor;Queda de ocupante de ve�culo;Com V�timas Feridas;Pleno dia;Crescente;C�u Claro;Dupla;Reta;N�o;1;0;1;0;0;0;1;1;-25,431845;-49,363285;SPRF-PR;DEL01-PR;UOP06-DEL01-PR;;;
727423;25/10/2025;s�bado;14:40:00;GO;153;437;ANAPOLIS;Ingest�o de �lcool pelo condutor;Colis�o traseira;Sem V�timas;Pleno dia;Crescente;C�u Claro;Dupla;"Em Obras;Reta";Sim;3;0;0;0;1;2;0;3;-16,30391611;-48,92503588;SPRF-GO;DEL02-GO;UOP01-DEL02-GO;;;
727424;25/10/2025;s�bado;12:05:00;RJ;101;310;SAO GONCALO;Condutor deixou de manter dist�ncia do ve�culo da frente;Engavetamento;Com V�timas Feridas;Pleno dia;Decrescente;C�u Claro;Dupla;Reta;Sim;5;0;1;0;4;0;1;5;-22,8015033;-43,05438995;SPRF-RJ;DEL02-RJ;UOP02-DEL02-RJ;;;
727426;25/10/2025;s�bado;13:44:00;PR;476;117;COLOMBO;Aus�ncia de rea��o do condutor;Colis�o traseira;Sem V�timas;Pleno dia;Crescente;C�u Claro;Dupla;Reta;Sim;3;0;0;0;3;0;0;3;-25,351809;-49,178801;SPRF-PR;DEL01-PR;UOP01-DEL01-PR;;;
727430;25/10/2025;s�bado;13:20:00;MS;60;425,2;SIDROLANDIA;Manobra de mudan�a de faixa;Colis�o lateral mesmo sentido;Com V�timas Feridas;Pleno dia;Crescente;C�u Claro;Dupla;Reta;Sim;2;0;0;1;1;0;1;2;-20,93153046;-54,9589026;SPRF-MS;DEL01-MS;UOP04-DEL01-MS;;;
727431;25/10/2025;s�bado;15:00:00;RJ;101;327;RIO DE JANEIRO;Demais falhas mec�nicas ou el�tricas;Colis�o traseira;Com V�timas Feridas;Pleno dia;Decrescente;C�u Claro;M�ltipla;Reta;N�o;2;0;1;0;1;0;1;2;-22,86796701;-43,19212675;SPRF-RJ;DEL02-RJ;UOP01-DEL02-RJ;;;
727432;25/10/2025;s�bado;14:30:00;ES;101;266;SERRA;Ingest�o de �lcool pelo condutor;Colis�o traseira;Com V�timas Feridas;Pleno dia;Crescente;Chuva;M�ltipla;"Reta;Retorno Regulamentado";Sim;3;0;1;0;1;1;1;3;-20,19546;-40,268828;SPRF-ES;DEL02-ES;UOP01-DEL02-ES;;;
727433;25/10/2025;s�bado;15:30:00;PR;476;116;COLOMBO;Aus�ncia de rea��o do condutor;Colis�o traseira;Com V�timas Feridas;Pleno dia;Decrescente;C�u Claro;M�ltipla;Curva;Sim;3;0;1;0;2;0;1;3;-25,349204;-49,176115;SPRF-PR;DEL01-PR;UOP01-DEL01-PR;;;
727434;25/10/2025;s�bado;15:45:00;RS;448;22;PORTO ALEGRE;Velocidade Incompat�vel;Colis�o com objeto;Com V�timas Fatais;Pleno dia;Crescente;C�u Claro;M�ltipla;Curva;Sim;1;1;0;0;0;0;0;1;-29,97292124;-51,19923694;SPRF-RS;DEL01-RS;UOP01-DEL01-RS;;;
727435;25/10/2025;s�bado;15:30:00;MG;40;509;RIBEIRAO DAS NEVES;Rea��o tardia ou ineficiente do condutor;Queda de ocupante de ve�culo;Com V�timas Feridas;Pleno dia;Decrescente;C�u Claro;Dupla;"Reta;Aclive";Sim;1;0;1;0;0;0;1;1;-19,772233;-44,125189;SPRF-MG;DEL01-MG;UOP02-DEL01-MG;;;
727436;25/10/2025;s�bado;14:50:00;SP;116;401;MIRACATU;Condutor deixou de manter dist�ncia do ve�culo da frente;Colis�o traseira;Com V�timas Feridas;Pleno dia;Crescente;C�u Claro;Dupla;Reta;N�o;3;0;0;2;1;0;2;2;-24,31157872;-47,51351123;SPRF-SP;DEL04-SP;UOP02-DEL04-SP;;;
727437;25/10/2025;s�bado;15:30:00;SC;101;357;SANGAO;Manobra de mudan�a de faixa;Sa�da de leito carro��vel;Com V�timas Feridas;Pleno dia;Crescente;Nublado;Simples;Curva;N�o;2;0;1;1;0;0;2;1;-28,641904;-49,102379;SPRF-SC;DEL02-SC;UOP01-DEL02-SC;;;
727438;25/10/2025;s�bado;15:05:00;PR;277;185,7;PALMEIRA;Ingest�o de �lcool pelo condutor;Colis�o com objeto;Sem V�timas;Pleno dia;Crescente;C�u Claro;Simples;"Declive;Reta";N�o;1;0;0;0;1;0;0;1;-25,420775;-50,082765;SPRF-PR;DEL08-PR;UOP02-DEL08-PR;;;
727439;25/10/2025;s�bado;14:30:00;PR;116;14,5;COLOMBO;Ingest�o de �lcool pelo condutor;Colis�o lateral mesmo sentido;Sem V�timas;Pleno dia;Decrescente;Nublado;Dupla;Reta;Sim;2;0;0;0;2;0;0;2;-25,38357047;-49,16809916;SPRF-PR;DEL01-PR;UOP02-DEL01-PR;;;
727441;25/10/2025;s�bado;16:10:00;MG;40;714,5;BARBACENA;Acessar a via sem observar a presen�a dos outros ve�culos;Colis�o transversal;Com V�timas Feridas;Pleno dia;Crescente;Nublado;Dupla;"Curva;Aclive";N�o;2;0;1;0;1;0;1;2;-21,26448503;-43,6605355;SPRF-MG;DEL05-MG;UOP01-DEL05-MG;;;
727442;25/10/2025;s�bado;15:05:00;PR;163;258,2;TOLEDO;Frear bruscamente;Queda de ocupante de ve�culo;Com V�timas Feridas;Pleno dia;Crescente;C�u Claro;Dupla;Reta;N�o;3;0;2;1;0;0;3;3;-24,646938;-53,846733;SPRF-PR;DEL06-PR;UOP02-DEL06-PR;;;