id;data_inversa;dia_semana;horario;uf;br;km;municipio;causa_acidente;tipo_acidente;classificacao_acidente;fase_dia;sentido_via;condicao_metereologica;tipo_pista;tracado_via;uso_solo;pessoas;mortos;feridos_leves;feridos_graves;ilesos;ignorados;feridos;veiculos;latitude;longitude;regional;delegacia;uop;;;
727443;25/10/2025;s�bado;16:35:00;SE;101;82;NOSSA SENHORA DO SOCORRO;Aus�ncia de rea��o do condutor;Sa�da de leito carro��vel;Com V�timas Feridas;Anoitecer;Decrescente;C�u Claro;Dupla;Curva;N�o;4;0;2;2;0;0;4;1;-10,84896926;-37,13620154;SPRF-SE;DEL01-SE;UOP01-DEL01-SE;;;
727444;25/10/2025;s�bado;16:30:00;ES;101;148;LINHARES;Condutor deixou de manter dist�ncia do ve�culo da frente;Colis�o traseira;Com V�timas Feridas;Pleno dia;Crescente;C�u Claro;Dupla;Reta;Sim;3;0;1;0;2;0;1;2;-19,40024101;-40,06226671;SPRF-ES;DEL04-ES;UOP01-DEL04-ES;;;
727445;25/10/2025;s�bado;11:15:00;SC;163;70,4;SAO MIGUEL DO OESTE;Ingest�o de subst�ncias psicoativas pelo condutor;Colis�o com objeto;Com V�timas Feridas;Pleno dia;Crescente;C�u Claro;Dupla;"Interse��o de Vias;Curva";Sim;1;0;0;1;0;0;1;1;-26,732658;-53,509815;SPRF-SC;DEL07-SC;UOP03-DEL07-SC;;;
727446;11/09/2025;quinta-feira;21:40:00;PA;163;298,5;NOVO PROGRESSO;Frear bruscamente;Tombamento;Sem V�timas;Plena Noite;Crescente;C�u Claro;Simples;Reta;N�o;4;0;0;0;0;4;0;1;-7,143111;-55,381828;SPRF-PA;DEL05-PA;UOP03-DEL05-PA;;;
727447;25/10/2025;s�bado;16:00:00;SC;101;434,4;SOMBRIO;Aus�ncia de rea��o do condutor;Colis�o traseira;Com V�timas Feridas;Pleno dia;Crescente;C�u Claro;M�ltipla;Reta;N�o;2;0;1;1;0;0;2;2;-29,09808329;-49,63410616;SPRF-SC;DEL02-SC;UOP02-DEL02-SC;;;
727449;25/10/2025;s�bado;15:50:00;SC;101;140;BALNEARIO CAMBORIU;Rea��o tardia ou ineficiente do condutor;Sa�da de leito carro��vel;Com V�timas Feridas;Pleno dia;Crescente;Nublado;Dupla;"Aclive;Reta";Sim;1;0;0;1;0;0;1;1;-27,05108788;-48,60032487;SPRF-SC;DEL04-SC;UOP03-DEL04-SC;;;
727450;25/10/2025;s�bado;16:55:00;AL;104;88,8;RIO LARGO;Ingest�o de �lcool pelo condutor;Colis�o transversal;Com V�timas Feridas;Pleno dia;Crescente;Nublado;Dupla;Reta;Sim;3;0;1;0;1;1;1;2;-9,48617741;-35,8171575;SPRF-AL;DEL01-AL;UOP01-DEL01-AL;;;
727451;25/10/2025;s�bado;16:20:00;SP;116;211;GUARULHOS;Aus�ncia de rea��o do condutor;Colis�o traseira;Com V�timas Feridas;Pleno dia;Decrescente;C�u Claro;M�ltipla;Reta;Sim;4;0;1;0;3;0;1;2;-23,433477;-46,4205;SPRF-SP;DEL01-SP;UOP01-DEL01-SP;;;
727453;25/10/2025;s�bado;16:05:00;PA;308;157;CAPANEMA;Condutor Dormindo;Sa�da de leito carro��vel;Com V�timas Feridas;Pleno dia;Crescente;Nublado;Simples;Reta;N�o;2;0;1;1;0;0;2;1;-1,21126;-47,132598;SPRF-PA;DEL01-PA;UOP03-DEL01-PA;;;
727454;25/10/2025;s�bado;14:50:00;MA;135;20;SAO LUIS;Rea��o tardia ou ineficiente do condutor;Colis�o traseira;Com V�timas Feridas;Pleno dia;Crescente;C�u Claro;Dupla;Reta;Sim;2;0;1;0;1;0;1;2;-2,56493;-44,31864;SPRF-MA;DEL01-MA;UOP01-DEL01-MA;;;
727455;25/10/2025;s�bado;15:20:00;RJ;40;121;DUQUE DE CAXIAS;Aus�ncia de rea��o do condutor;Queda de ocupante de ve�culo;Com V�timas Feridas;Pleno dia;Decrescente;C�u Claro;Dupla;Curva;N�o;1;0;0;1;0;0;1;1;-22,78455998;-43,28569718;SPRF-RJ;DEL01-RJ;UOP02-DEL01-RJ;;;
727456;25/10/2025;s�bado;16:40:00;DF;80;22,5;BRASILIA;Acessar a via sem observar a presen�a dos outros ve�culos;Colis�o lateral sentido oposto;Com V�timas Feridas;Pleno dia;Decrescente;C�u Claro;Simples;Reta;N�o;3;0;1;1;1;0;2;2;-15,6502478;-48,2020914;SPRF-DF;DEL03-DF;UOP02-DEL03-DF;;;
727457;25/10/2025;s�bado;17:30:00;ES;101;145,8;LINHARES;Condutor deixou de manter dist�ncia do ve�culo da frente;Colis�o traseira;Com V�timas Feridas;Plena Noite;Decrescente;Chuva;Dupla;Reta;N�o;3;0;1;0;2;0;1;2;-19,36853149;-40,06515639;SPRF-ES;DEL04-ES;UOP01-DEL04-ES;;;
727458;25/10/2025;s�bado;15:00:00;PR;116;159;QUITANDINHA;Rea��o tardia ou ineficiente do condutor;Colis�o traseira;Sem V�timas;Pleno dia;Crescente;C�u Claro;Simples;Declive;N�o;2;0;0;0;2;0;0;2;-25,8641648;-49,42043;SPRF-PR;DEL01-PR;UOP03-DEL01-PR;;;
727459;25/10/2025;s�bado;21:10:00;SC;101;197,2;BIGUACU;Rea��o tardia ou ineficiente do condutor;Colis�o lateral mesmo sentido;Com V�timas Feridas;Plena Noite;Crescente;C�u Claro;M�ltipla;Curva;Sim;4;0;1;0;3;0;1;3;-27,5201;-48,63799;SPRF-SC;DEL01-SC;UOP01-DEL01-SC;;;
727460;25/10/2025;s�bado;16:55:00;PR;277;632,5;CEU AZUL;Aus�ncia de rea��o do condutor;Engavetamento;Com V�timas Feridas;Pleno dia;Crescente;C�u Claro;Simples;"Aclive;Reta";N�o;9;0;1;0;8;0;1;3;-25,12153258;-53,80673759;SPRF-PR;DEL05-PR;UOP02-DEL05-PR;;;
727461;25/10/2025;s�bado;17:30:00;GO;40;2;VALPARAISO DE GOIAS;Condutor deixou de manter dist�ncia do ve�culo da frente;Colis�o traseira;Com V�timas Feridas;Pleno dia;Crescente;C�u Claro;Dupla;Reta;Sim;3;0;2;0;1;0;2;2;-16,060568;-47,985728;SPRF-DF;DEL01-DF;UOP01-DEL01-DF;;;
727462;25/10/2025;s�bado;16:43:00;SP;116;104,3;TAUBATE;Aus�ncia de rea��o do condutor;Colis�o traseira;Com V�timas Feridas;Plena Noite;Crescente;C�u Claro;Dupla;Aclive;N�o;2;0;0;1;1;0;1;2;-23,00678737;-45,51215172;SPRF-SP;DEL02-SP;UOP02-DEL02-SP;;;
727463;25/10/2025;s�bado;15:45:00;GO;364;198;JATAI;Manobra de mudan�a de faixa;Colis�o lateral mesmo sentido;Com V�timas Feridas;Pleno dia;Decrescente;C�u Claro;Dupla;Reta;N�o;3;0;1;0;2;0;1;2;-17,92082067;-51,74909234;SPRF-GO;DEL05-GO;UOP01-DEL05-GO;;;
727464;25/10/2025;s�bado;08:30:00;PR;476;264,5;SAO MATEUS DO SUL;Velocidade Incompat�vel;Sa�da de leito carro��vel;Com V�timas Feridas;Pleno dia;Decrescente;C�u Claro;Simples;Reta;N�o;1;0;1;0;0;0;1;1;-25,890975;-50,28773528;SPRF-PR;DEL02-PR;UOP03-DEL02-PR;;;
727465;25/10/2025;s�bado;14:10:00;MG;116;400,4;GOVERNADOR VALADARES;Aus�ncia de rea��o do condutor;Tombamento;Com V�timas Feridas;Pleno dia;Decrescente;C�u Claro;Simples;Reta;N�o;1;0;1;0;0;0;1;1;-18,77027532;-41,98536515;SPRF-MG;DEL06-MG;UOP01-DEL06-MG;;;
727466;25/10/2025;s�bado;17:50:00;PI;343;15;PARNAIBA;Rea��o tardia ou ineficiente do condutor;Colis�o traseira;Com V�timas Feridas;Anoitecer;Decrescente;C�u Claro;Dupla;"Aclive;Reta";Sim;2;0;0;1;1;0;1;2;-2,93755605;-41,75518656;SPRF-PI;DEL05-PI;UOP01-DEL05-PI;;;
727467;25/10/2025;s�bado;16:00:00;RJ;493;6;ITABORAI;Rea��o tardia ou ineficiente do condutor;Colis�o traseira;Sem V�timas;Pleno dia;Decrescente;C�u Claro;Simples;Reta;N�o;4;0;0;0;4;0;0;2;-22,76253942;-42,93447375;SPRF-RJ;DEL02-RJ;UOP02-DEL02-RJ;;;
727468;25/10/2025;s�bado;18:15:00;RS;285;460;IJUI;Desrespeitar a prefer�ncia no cruzamento;Colis�o transversal;Sem V�timas;Pleno dia;Decrescente;Garoa/Chuvisco;Simples;Rotat�ria;N�o;2;0;0;0;2;0;0;2;-28,42039109;-53,91643524;SPRF-RS;DEL10-RS;UOP01-DEL10-RS;;;
727469;25/10/2025;s�bado;17:40:00;MA;226;299;BARRA DO CORDA;Rea��o tardia ou ineficiente do condutor;Sa�da de leito carro��vel;Com V�timas Feridas;Anoitecer;Crescente;C�u Claro;Simples;Curva;Sim;1;0;1;0;0;0;1;1;-5,49954856;-45,2422142;SPRF-MA;DEL06-MA;UOP01-DEL06-MA;;;
727470;25/10/2025;s�bado;13:55:00;MG;381;238,7;SANTANA DO PARAISO;Acessar a via sem observar a presen�a dos outros ve�culos;Colis�o transversal;Com V�timas Feridas;Pleno dia;Decrescente;C�u Claro;Simples;"Interse��o de Vias;Reta";N�o;4;0;4;0;0;0;4;2;-19,420468;-42,49435;SPRF-MG;DEL06-MG;UOP01-DEL06-MG;;;
727471;25/10/2025;s�bado;18:20:00;PB;101;42;MAMANGUAPE;Aus�ncia de rea��o do condutor;Sa�da de leito carro��vel;Com V�timas Feridas;Anoitecer;Decrescente;C�u Claro;Dupla;Declive;N�o;3;0;3;0;0;0;3;1;-6,861;-35,133;SPRF-PB;DEL01-PB;UOP03-DEL01-PB;;;
727472;25/10/2025;s�bado;17:12:00;PE;232;97;BEZERROS;Ingest�o de �lcool pelo condutor;Sa�da de leito carro��vel;Com V�timas Feridas;Pleno dia;Crescente;C�u Claro;Dupla;Curva;Sim;1;0;0;1;0;0;1;1;-8,2348;-35,72355;SPRF-PE;DEL02-PE;UOP03-DEL02-PE;;;
727473;25/10/2025;s�bado;18:10:00;PR;277;671;MEDIANEIRA;Manobra de mudan�a de faixa;Colis�o traseira;Com V�timas Feridas;Anoitecer;Crescente;C�u Claro;Dupla;Curva;Sim;3;0;1;0;1;1;1;2;-25,28663455;-54,09379212;SPRF-PR;DEL05-PR;UOP02-DEL05-PR;;;
727474;25/10/2025;s�bado;17:45:00;RS;290;183;MINAS DO LEAO;Acessar a via sem observar a presen�a dos outros ve�culos;Colis�o transversal;Com V�timas Feridas;Pleno dia;Decrescente;Nublado;Simples;"Reta;Interse��o de Vias;Retorno Regulamentado";Sim;3;0;2;0;1;0;2;2;-30,14438;-52,046248;SPRF-RS;DEL02-RS;UOP03-DEL02-RS;;;
727475;25/10/2025;s�bado;18:30:00;SE;101;152;ESTANCIA;Pedestre cruzava a pista fora da faixa;Atropelamento de Pedestre;Com V�timas Feridas;Anoitecer;Decrescente;C�u Claro;Simples;Reta;Sim;2;0;0;1;0;1;1;2;-11,26929453;-37,44336963;SPRF-SE;DEL02-SE;UOP01-DEL02-SE;;;
727477;25/10/2025;s�bado;18:35:00;PE;428;173;PETROLINA;Acessar a via sem observar a presen�a dos outros ve�culos;Colis�o transversal;Com V�timas Feridas;Plena Noite;Crescente;C�u Claro;Simples;Interse��o de Vias;Sim;2;0;0;1;1;0;1;2;-9,260823;-40,429562;SPRF-PE;DEL06-PE;UOP01-DEL06-PE;;;
727480;25/10/2025;s�bado;17:25:00;SC;280;53;GUARAMIRIM;Aus�ncia de rea��o do condutor;Colis�o traseira;Com V�timas Feridas;Pleno dia;Crescente;Nublado;Dupla;Reta;Sim;2;0;0;1;1;0;1;2;-26,47420765;-48,97987096;SPRF-SC;DEL03-SC;UOP03-DEL03-SC;;;
727481;25/10/2025;s�bado;19:00:00;RJ;101;387;ITAGUAI;Aus�ncia de rea��o do condutor;Colis�o lateral mesmo sentido;Com V�timas Feridas;Plena Noite;Crescente;C�u Claro;Dupla;Reta;Sim;2;0;1;0;1;0;1;2;-22,87554255;-43,73983383;SPRF-RJ;DEL03-RJ;UOP01-DEL03-RJ;;;
727482;25/10/2025;s�bado;15:30:00;MG;365;59,9;JEQUITAI;Ultrapassagem Indevida;Colis�o frontal;Com V�timas Feridas;Pleno dia;Crescente;C�u Claro;Simples;Reta;N�o;6;0;6;0;0;0;6;2;-16,9977713;-44,2801214;SPRF-MG;DEL12-MG;UOP01-DEL12-MG;;;
727483;25/10/2025;s�bado;19:15:00;SP;116;391;MIRACATU;Velocidade Incompat�vel;Queda de ocupante de ve�culo;Com V�timas Feridas;Plena Noite;Decrescente;C�u Claro;Dupla;Reta;Sim;1;0;1;0;0;0;1;1;-24,2675557;-47,3932356;SPRF-SP;DEL04-SP;UOP02-DEL04-SP;;;
727484;25/10/2025;s�bado;18:15:00;PR;369;36;ANDIRA;Rea��o tardia ou ineficiente do condutor;Tombamento;Com V�timas Feridas;Anoitecer;Decrescente;C�u Claro;Simples;Reta;Sim;1;0;1;0;0;0;1;1;-23,040474;-50,226882;SPRF-PR;DEL07-PR;UOP05-DEL07-PR;;;
727485;25/10/2025;s�bado;16:00:00;PR;373;422;FOZ DO JORDAO;Rea��o tardia ou ineficiente do condutor;Sa�da de leito carro��vel;Com V�timas Feridas;Pleno dia;Decrescente;C�u Claro;Simples;Curva;N�o;1;0;0;1;0;0;1;1;-25,70836;-52,1765;SPRF-PR;DEL08-PR;UOP01-DEL08-PR;;;
727486;25/10/2025;s�bado;19:20:00;SC;101;326;CAPIVARI DE BAIXO;Manobra de mudan�a de faixa;Colis�o lateral mesmo sentido;Com V�timas Feridas;Plena Noite;Decrescente;C�u Claro;Simples;"Interse��o de Vias;Reta";Sim;2;0;1;0;1;0;1;2;-28,436022;-48,959053;SPRF-SC;DEL02-SC;UOP01-DEL02-SC;;;
727487;25/10/2025;s�bado;18:55:00;PE;116;26;SALGUEIRO;Desrespeitar a prefer�ncia no cruzamento;Colis�o transversal;Com V�timas Feridas;Plena Noite;Crescente;C�u Claro;Simples;"Interse��o de Vias;Reta";Sim;2;0;0;1;0;1;1;2;-8,07308;-39,13311;SPRF-PE;DEL05-PE;UOP01-DEL05-PE;;;
727489;25/10/2025;s�bado;16:30:00;PR;376;626;SAO JOSE DOS PINHAIS;Aus�ncia de rea��o do condutor;Colis�o com objeto;Sem V�timas;Pleno dia;Decrescente;C�u Claro;Dupla;Viaduto;N�o;1;0;0;0;0;1;0;1;-25,665281;-49,154219;SPRF-PR;DEL01-PR;UOP04-DEL01-PR;;;
727490;25/10/2025;s�bado;19:30:00;BA;324;440;RIACHAO DO JACUIPE;Ultrapassagem Indevida;Colis�o frontal;Com V�timas Fatais;Plena Noite;Crescente;C�u Claro;Simples;Reta;Sim;3;2;0;1;0;0;1;2;-11,8082112;-39,3901062;SPRF-BA;DEL04-BA;UOP02-DEL04-BA;;;
727491;25/10/2025;s�bado;19:30:00;RS;386;438,8;NOVA SANTA RITA;Aus�ncia de rea��o do condutor;Tombamento;Com V�timas Feridas;Plena Noite;Decrescente;Nublado;Dupla;Reta;N�o;1;0;1;0;0;0;1;1;-29,87216527;-51,24786124;SPRF-RS;DEL04-RS;UOP02-DEL04-RS;;;
727492;25/10/2025;s�bado;19:30:00;DF;20;22,3;BRASILIA;Manobra de mudan�a de faixa;Colis�o transversal;Com V�timas Feridas;Plena Noite;Crescente;C�u Claro;Dupla;Retorno Regulamentado;Sim;2;0;2;0;0;0;2;2;-15,59728674;-47,67351866;SPRF-DF;DEL02-DF;UOP01-DEL02-DF;;;
727493;25/10/2025;s�bado;19:15:00;MA;10;258;IMPERATRIZ;Aus�ncia de rea��o do condutor;Colis�o traseira;Com V�timas Feridas;Plena Noite;Crescente;C�u Claro;Simples;Reta;Sim;2;0;2;0;0;0;2;2;-5,48092;-47,47256;SPRF-MA;DEL04-MA;UOP01-DEL04-MA;;;
727494;25/10/2025;s�bado;19:24:00;SC;101;100,5;BALNEARIO PICARRAS;Transitar na contram�o;Colis�o frontal;Com V�timas Feridas;Plena Noite;Crescente;C�u Claro;Simples;Reta;Sim;3;0;0;2;1;0;2;2;-26,75941875;-48,68777689;SPRF-SC;DEL03-SC;UOP02-DEL03-SC;;;
727495;25/10/2025;s�bado;19:00:00;RJ;101;304;SAO GONCALO;Animais na Pista;Atropelamento de Animal;Com V�timas Feridas;Plena Noite;Crescente;C�u Claro;Dupla;Reta;Sim;2;0;1;0;1;0;1;2;-22,78478568;-42,98798821;SPRF-RJ;DEL02-RJ;UOP02-DEL02-RJ;;;
727497;25/10/2025;s�bado;11:50:00;RS;290;343,8;CACAPAVA DO SUL;Pista Escorregadia;Sa�da de leito carro��vel;Com V�timas Feridas;Pleno dia;Crescente;Chuva;Simples;"Aclive;Curva";N�o;1;0;1;0;0;0;1;1;-30,587042;-53,388255;SPRF-RS;DEL09-RS;UOP02-DEL09-RS;;;
727498;25/10/2025;s�bado;09:15:00;SP;116;120;CACAPAVA;Rea��o tardia ou ineficiente do condutor;Colis�o traseira;Com V�timas Feridas;Pleno dia;Decrescente;Sol;Dupla;Reta;N�o;3;0;2;0;1;0;2;2;-23,07291582;-45,64725844;SPRF-SP;DEL02-SP;UOP02-DEL02-SP;;;
727499;25/10/2025;s�bado;20:10:00;ES;101;281,8;SERRA;Rea��o tardia ou ineficiente do condutor;Colis�o com objeto;Com V�timas Feridas;Plena Noite;Crescente;Garoa/Chuvisco;M�ltipla;"Reta;Ponte";N�o;2;0;2;0;0;0;2;1;-20,22630151;-40,36355495;SPRF-ES;DEL02-ES;UOP01-DEL02-ES;;;
727501;25/10/2025;s�bado;18:10:00;ES;393;4;CACHOEIRO DE ITAPEMIRIM;Rea��o tardia ou ineficiente do condutor;Sa�da de leito carro��vel;Com V�timas Feridas;Plena Noite;Crescente;Nublado;Simples;Curva;N�o;1;0;0;1;0;0;1;1;-20,8233876;-41,1833731;SPRF-ES;DEL03-ES;UOP02-DEL03-ES;;;
727502;25/10/2025;s�bado;19:35:00;RN;406;159;CEARA-MIRIM;Pedestre andava na pista;Atropelamento de Pedestre;Com V�timas Fatais;Pleno dia;Crescente;C�u Claro;Simples;Reta;N�o;2;1;0;0;1;0;0;2;-5,706068;-35,37803;SPRF-RN;DEL02-RN;UOP01-DEL02-RN;;;
727504;25/10/2025;s�bado;20:30:00;RJ;116;70;TERESOPOLIS;Pedestre andava na pista;Atropelamento de Pedestre;Com V�timas Feridas;Plena Noite;Crescente;C�u Claro;Simples;Reta;Sim;2;0;1;0;1;0;1;2;-22,31569;-42,938035;SPRF-RJ;DEL04-RJ;UOP01-DEL04-RJ;;;
727505;25/10/2025;s�bado;20:20:00;SP;116;276;ITAPECERICA DA SERRA;Aus�ncia de rea��o do condutor;Queda de ocupante de ve�culo;Com V�timas Feridas;Plena Noite;Crescente;C�u Claro;Dupla;Reta;N�o;2;0;2;0;0;0;2;1;-23,71826754;-46,84463779;SPRF-SP;DEL04-SP;UOP01-DEL04-SP;;;
727506;25/10/2025;s�bado;19:00:00;PI;316;314;PICOS;Transitar na contram�o;Colis�o frontal;Com V�timas Feridas;Plena Noite;Decrescente;C�u Claro;Simples;Reta;N�o;2;0;2;0;0;0;2;2;-7,07947132;-41,43214703;SPRF-PI;DEL04-PI;UOP01-DEL04-PI;;;
727507;25/10/2025;s�bado;18:30:00;RJ;40;109;DUQUE DE CAXIAS;Manobra de mudan�a de faixa;Tombamento;Com V�timas Feridas;Plena Noite;Decrescente;C�u Claro;Dupla;Reta;N�o;1;0;0;1;0;0;1;1;-22,67435473;-43,28573668;SPRF-RJ;DEL01-RJ;UOP02-DEL01-RJ;;;
727508;25/10/2025;s�bado;18:30:00;PI;343;260,4;CAMPO MAIOR;Rea��o tardia ou ineficiente do condutor;Sa�da de leito carro��vel;Sem V�timas;Plena Noite;Crescente;C�u Claro;Simples;Reta;N�o;1;0;0;0;0;1;0;1;-4,804238;-42,141747;SPRF-PI;DEL01-PI;UOP03-DEL01-PI;;;
727509;25/10/2025;s�bado;20:00:00;MS;163;727;COXIM;Convers�o proibida;Colis�o lateral mesmo sentido;Com V�timas Feridas;Plena Noite;Crescente;C�u Claro;Simples;Reta;Sim;3;0;1;0;2;0;1;2;-18,52879555;-54,74081604;SPRF-MS;DEL06-MS;UOP01-DEL06-MS;;;
727511;25/10/2025;s�bado;19:50:00;RR;174;517;BOA VISTA;Acessar a via sem observar a presen�a dos outros ve�culos;Colis�o traseira;Com V�timas Fatais;Plena Noite;Decrescente;C�u Claro;Simples;Reta;N�o;2;1;0;0;0;1;0;2;2,93395036;-60,71581006;SPRF-RR;DEL01-RR;UOP01-DEL01-RR;;;
727512;25/10/2025;s�bado;18:50:00;MA;10;248;IMPERATRIZ;Rea��o tardia ou ineficiente do condutor;Colis�o traseira;Com V�timas Feridas;Plena Noite;Decrescente;C�u Claro;M�ltipla;Reta;N�o;2;0;1;0;1;0;1;2;-5,5646042;-47,44977951;SPRF-MA;DEL04-MA;UOP01-DEL04-MA;;;
727514;25/10/2025;s�bado;19:15:00;RO;319;137;PORTO VELHO;Aus�ncia de rea��o do condutor;Colis�o traseira;Com V�timas Feridas;Plena Noite;Crescente;Nublado;Simples;"Declive;Ponte";N�o;4;0;2;0;0;2;2;3;-8,73765852;-63,92231941;SPRF-RO;DEL01-RO;UOP01-DEL01-RO;;;
727516;25/10/2025;s�bado;21:20:00;PR;277;83;CURITIBA;Aus�ncia de rea��o do condutor;Queda de ocupante de ve�culo;Com V�timas Feridas;Plena Noite;Decrescente;Nublado;Dupla;Reta;N�o;1;0;1;0;0;0;1;1;-25,4515154;-49,2274987;SPRF-PR;DEL01-PR;UOP03-DEL01-PR;;;
727517;25/10/2025;s�bado;19:45:00;PR;376;494,8;PONTA GROSSA;Rea��o tardia ou ineficiente do condutor;Sa�da de leito carro��vel;Com V�timas Feridas;Plena Noite;Decrescente;Nublado;Dupla;Curva;N�o;1;0;1;0;0;0;1;1;-25,1596419;-50,1246594;SPRF-PR;DEL03-PR;UOP04-DEL03-PR;;;
727519;25/10/2025;s�bado;19:25:00;GO;153;428;ANAPOLIS;Aus�ncia de rea��o do condutor;Tombamento;Com V�timas Feridas;Plena Noite;Crescente;C�u Claro;Dupla;Reta;Sim;1;0;1;0;0;0;1;1;-16,255444;-48,991452;SPRF-GO;DEL02-GO;UOP01-DEL02-GO;;;
727520;25/10/2025;s�bado;20:00:00;GO;60;96,9;ANAPOLIS;Aus�ncia de rea��o do condutor;Colis�o traseira;Sem V�timas;Plena Noite;Crescente;C�u Claro;Dupla;"Interse��o de Vias;Reta";Sim;2;0;0;0;0;2;0;2;-16,37570662;-48,94689051;SPRF-GO;DEL02-GO;UOP01-DEL02-GO;;;
727521;25/10/2025;s�bado;18:30:00;MT;163;827;SINOP;Velocidade Incompat�vel;Sa�da de leito carro��vel;Sem V�timas;Plena Noite;Crescente;C�u Claro;Dupla;"Retorno Regulamentado;Reta";Sim;1;0;0;0;0;1;0;1;-11,87297072;-55,4980427;SPRF-MT;DEL06-MT;UOP02-DEL06-MT;;;
727522;25/10/2025;s�bado;19:10:00;RS;293;130;CANDIOTA;Animais na Pista;Atropelamento de Animal;Com V�timas Feridas;Plena Noite;Decrescente;C�u Claro;Simples;"Reta;Ponte";N�o;1;0;0;1;0;0;1;1;-31,4831367;-53,61671448;SPRF-RS;DEL11-RS;UOP03-DEL11-RS;;;
727523;25/10/2025;s�bado;21:40:00;RS;116;248;SAO LEOPOLDO;Pedestre cruzava a pista fora da faixa;Atropelamento de Pedestre;Com V�timas Feridas;Plena Noite;Decrescente;C�u Claro;Dupla;Reta;Sim;3;0;1;0;2;0;1;2;-29,77864921;-51,15610567;SPRF-RS;DEL01-RS;UOP02-DEL01-RS;;;
727525;25/10/2025;s�bado;21:10:00;SC;470;143;RIO DO SUL;Ultrapassagem Indevida;Colis�o frontal;Com V�timas Feridas;Plena Noite;Decrescente;Nublado;Dupla;Reta;Sim;3;0;0;1;1;1;1;3;-27,20577096;-49,64587066;SPRF-SC;DEL04-SC;UOP02-DEL04-SC;;;
727526;25/10/2025;s�bado;21:30:00;SC;101;197,2;BIGUACU;Ingest�o de �lcool pelo condutor;Tombamento;Com V�timas Feridas;Plena Noite;Crescente;C�u Claro;M�ltipla;Reta;Sim;1;0;1;0;0;0;1;1;-27,5201;-48,63795;SPRF-SC;DEL01-SC;UOP01-DEL01-SC;;;
727527;25/10/2025;s�bado;18:44:00;RJ;40;5,4;COMENDADOR LEVY GASPARIAN;Aus�ncia de rea��o do condutor;Colis�o com objeto;Com V�timas Feridas;Plena Noite;Decrescente;C�u Claro;Dupla;"Curva;Retorno Regulamentado";N�o;3;0;0;2;0;1;2;2;-22,024358;-43,237622;SPRF-RJ;DEL05-RJ;UOP02-DEL05-RJ;;;
727528;25/10/2025;s�bado;21:00:00;PE;232;463;MIRANDIBA;Ultrapassagem Indevida;Colis�o frontal;Com V�timas Feridas;Plena Noite;Crescente;C�u Claro;Simples;Reta;N�o;2;0;2;0;0;0;2;2;-8,025823;-38,741322;SPRF-PE;DEL05-PE;UOP01-DEL05-PE;;;
727529;25/10/2025;s�bado;18:30:00;PB;230;6;CABEDELO;Pedestre andava na pista;Atropelamento de Pedestre;Com V�timas Feridas;Plena Noite;Crescente;C�u Claro;Dupla;"Viaduto;Retorno Regulamentado";Sim;2;0;1;0;0;1;1;2;-7,02067;-34,835993;SPRF-PB;DEL01-PB;UOP01-DEL01-PB;;;
727530;25/10/2025;s�bado;13:00:00;MG;262;457,8;ARAUJOS;Mal s�bito do condutor;Colis�o transversal;Com V�timas Feridas;Pleno dia;Crescente;Sol;Simples;Reta;N�o;3;0;1;1;0;1;2;3;-19,7971;-45,1458;SPRF-MG;DEL08-MG;UOP03-DEL08-MG;;;
727531;25/10/2025;s�bado;20:00:00;RJ;101;456;ANGRA DOS REIS;Acessar a via sem observar a presen�a dos outros ve�culos;Colis�o transversal;Com V�timas Feridas;Plena Noite;Crescente;C�u Claro;Simples;Reta;Sim;6;0;2;0;4;0;2;2;-23,03140894;-44,17172313;SPRF-RJ;DEL03-RJ;UOP02-DEL03-RJ;;;
727532;25/10/2025;s�bado;22:00:00;AP;210;104;PORTO GRANDE;Convers�o proibida;Colis�o lateral mesmo sentido;Com V�timas Feridas;Plena Noite;Crescente;C�u Claro;Simples;Reta;Sim;2;0;0;2;0;0;2;2;0,701343;-51,403713;SPRF-AP;DEL01-AP;UOP01-DEL01-AP;;;
727534;25/10/2025;s�bado;21:00:00;RS;386;174,4;CARAZINHO;Aus�ncia de rea��o do condutor;Atropelamento de Pedestre;Com V�timas Fatais;Plena Noite;Crescente;Chuva;Simples;Reta;N�o;2;1;0;0;0;1;0;2;-28,266452;-52,78324;SPRF-RS;DEL08-RS;UOP01-DEL08-RS;;;
727535;25/10/2025;s�bado;20:40:00;BA;242;616;MUQUEM DE SAO FRANCISCO;Demais falhas mec�nicas ou el�tricas;Sa�da de leito carro��vel;Com V�timas Feridas;Plena Noite;Crescente;C�u Claro;Simples;Reta;N�o;1;0;0;1;0;0;1;1;-12,1558314;-43,3037408;SPRF-BA;DEL10-BA;UOP01-DEL10-BA;;;
727536;25/10/2025;s�bado;20:30:00;MG;40;749,1;SANTOS DUMONT;Aus�ncia de rea��o do condutor;Colis�o traseira;Sem V�timas;Plena Noite;Crescente;Nublado;Simples;Curva;N�o;2;0;0;0;2;0;0;2;-21,48380081;-43,53833556;SPRF-MG;DEL05-MG;UOP01-DEL05-MG;;;
727537;25/10/2025;s�bado;21:30:00;PE;101;75,2;RECIFE;Pedestre cruzava a pista fora da faixa;Atropelamento de Pedestre;Com V�timas Feridas;Plena Noite;Decrescente;Nublado;Dupla;Reta;Sim;2;0;0;1;1;0;1;2;-8,11168;-34,94624;SPRF-PE;DEL01-PE;UOP01-DEL01-PE;;;
727538;25/10/2025;s�bado;18:45:00;MT;364;543,3;ROSARIO OESTE;Transitar na contram�o;Colis�o frontal;Com V�timas Feridas;Plena Noite;Decrescente;Nublado;Dupla;Reta;Sim;2;0;0;1;1;0;1;2;-14,8332072;-56,43308826;SPRF-MT;DEL01-MT;UOP01-DEL01-MT;;;