id;data_inversa;dia_semana;horario;uf;br;km;municipio;causa_acidente;tipo_acidente;classificacao_acidente;fase_dia;sentido_via;condicao_metereologica;tipo_pista;tracado_via;uso_solo;pessoas;mortos;feridos_leves;feridos_graves;ilesos;ignorados;feridos;veiculos;latitude;longitude;regional;delegacia;uop;;;
727539;25/10/2025;s�bado;22:30:00;SC;470;64;INDAIAL;Convers�o proibida;Tombamento;Com V�timas Feridas;Plena Noite;Crescente;Nublado;Simples;Reta;N�o;3;0;2;0;1;0;2;2;-26,87448;-49,187003;SPRF-SC;DEL04-SC;UOP01-DEL04-SC;;;
727542;25/10/2025;s�bado;22:43:00;MS;163;313;RIO BRILHANTE;Aus�ncia de rea��o do condutor;Colis�o lateral mesmo sentido;Com V�timas Feridas;Plena Noite;Decrescente;C�u Claro;Dupla;Reta;N�o;3;0;1;0;2;0;1;2;-21,877211;-54,524639;SPRF-MS;DEL02-MS;UOP02-DEL02-MS;;;
727543;25/10/2025;s�bado;19:00:00;PA;10;271;MAE DO RIO;Manobra de mudan�a de faixa;Colis�o lateral sentido oposto;Sem V�timas;Plena Noite;Decrescente;C�u Claro;Simples;Reta;Sim;4;0;0;0;1;3;0;2;-2,059571;-47,55559;SPRF-PA;DEL02-PA;UOP01-DEL02-PA;;;
727544;25/10/2025;s�bado;23:30:00;SP;153;56,6;SAO JOSE DO RIO PRETO;Aus�ncia de rea��o do condutor;Capotamento;Com V�timas Fatais;Plena Noite;Crescente;C�u Claro;Dupla;Reta;Sim;1;1;0;0;0;0;0;1;-20,76503;-49,34745;SPRF-SP;DEL09-SP;UOP01-DEL09-SP;;;
727545;25/10/2025;s�bado;23:00:00;MG;40;591;ITABIRITO;Rea��o tardia ou ineficiente do condutor;Colis�o com objeto;Com V�timas Feridas;Plena Noite;Crescente;Nublado;Dupla;Curva;N�o;2;0;1;0;0;1;1;2;-20,37655267;-43,90701056;SPRF-MG;DEL01-MG;UOP02-DEL01-MG;;;
727546;26/10/2025;domingo;00:05:00;RJ;101;297;ITABORAI;Aus�ncia de rea��o do condutor;Colis�o com objeto;Sem V�timas;Plena Noite;Crescente;C�u Claro;Simples;Reta;Sim;1;0;0;0;1;0;0;1;-22,77100889;-42,9234094;SPRF-RJ;DEL02-RJ;UOP02-DEL02-RJ;;;
727547;26/10/2025;domingo;00:50:00;RJ;101;416;MANGARATIBA;Rea��o tardia ou ineficiente do condutor;Queda de ocupante de ve�culo;Com V�timas Feridas;Plena Noite;Crescente;Nublado;Simples;"Aclive;Reta";Sim;1;0;1;0;0;0;1;1;-22,9129;-43,8973;SPRF-RJ;DEL03-RJ;UOP02-DEL03-RJ;;;
727550;25/10/2025;s�bado;22:45:00;RO;364;239,1;CACOAL;Problema com o freio;Colis�o com objeto;Sem V�timas;Plena Noite;Crescente;C�u Claro;Simples;"Declive;Interse��o de Vias;Retorno Regulamentado";Sim;1;0;0;0;1;0;0;1;-11,433672;-61,463975;SPRF-RO;DEL02-RO;UOP02-DEL02-RO;;;
727551;26/10/2025;domingo;00:30:00;MT;364;270,4;JACIARA;Transitar na contram�o;Colis�o frontal;Com V�timas Fatais;Plena Noite;Crescente;C�u Claro;Simples;Curva;Sim;2;1;1;0;0;0;1;2;-15,9691364;-54,95036864;SPRF-MT;DEL05-MT;UOP02-DEL05-MT;;;
727552;26/10/2025;domingo;01:06:00;PB;101;97;CONDE;Pedestre cruzava a pista fora da faixa;Atropelamento de Pedestre;Com V�timas Fatais;Plena Noite;Decrescente;C�u Claro;Dupla;Reta;Sim;2;1;0;0;0;1;0;2;-7,240398;-34,92786;SPRF-PB;DEL01-PB;UOP01-DEL01-PB;;;
727554;26/10/2025;domingo;00:50:00;GO;153;545,6;PIRACANJUBA;Aus�ncia de rea��o do condutor;Colis�o traseira;Com V�timas Feridas;Plena Noite;Crescente;C�u Claro;Dupla;Reta;N�o;2;0;1;0;0;1;1;2;-17,095208;-49,218505;SPRF-GO;DEL01-GO;UOP03-DEL01-GO;;;
727557;26/10/2025;domingo;02:00:00;GO;153;698,9;ITUMBIARA;Velocidade Incompat�vel;Colis�o com objeto;Com V�timas Feridas;Plena Noite;Crescente;C�u Claro;M�ltipla;Reta;Sim;2;0;1;0;0;1;1;1;-18,2911107;-49,2386009;SPRF-GO;DEL03-GO;UOP02-DEL03-GO;;;
727558;26/10/2025;domingo;00:30:00;RS;285;393,2;SANTA BARBARA DO SUL;Ingest�o de �lcool pelo condutor;Sa�da de leito carro��vel;Sem V�timas;Plena Noite;Crescente;Garoa/Chuvisco;Simples;Declive;N�o;1;0;0;0;1;0;0;1;-28,3859;-53,256648;SPRF-RS;DEL10-RS;UOP02-DEL10-RS;;;
727559;26/10/2025;domingo;03:00:00;MA;135;15;SAO LUIS;Rea��o tardia ou ineficiente do condutor;Colis�o com objeto;Com V�timas Fatais;Plena Noite;Crescente;C�u Claro;Dupla;Curva;Sim;1;1;0;0;0;0;0;1;-2,566748;-44,359827;SPRF-MA;DEL01-MA;UOP01-DEL01-MA;;;
727562;26/10/2025;domingo;04:10:00;GO;70;1,5;AGUAS LINDAS DE GOIAS;Rea��o tardia ou ineficiente do condutor;Queda de ocupante de ve�culo;Com V�timas Feridas;Plena Noite;Crescente;C�u Claro;Dupla;Reta;Sim;1;0;1;0;0;0;1;1;-15,76723;-48,230228;SPRF-DF;DEL03-DF;UOP02-DEL03-DF;;;
727564;26/10/2025;domingo;04:30:00;SC;101;201,8;SAO JOSE;Rea��o tardia ou ineficiente do condutor;Capotamento;Sem V�timas;Amanhecer;Crescente;Nublado;M�ltipla;Curva;Sim;1;0;0;0;0;1;0;1;-27,55664381;-48,61919967;SPRF-SC;DEL01-SC;UOP01-DEL01-SC;;;
727565;26/10/2025;domingo;04:35:00;SC;280;71;JARAGUA DO SUL;Velocidade Incompat�vel;Colis�o com objeto;Com V�timas Feridas;Amanhecer;Crescente;C�u Claro;Simples;Rotat�ria;Sim;1;0;1;0;0;0;1;1;-26,4610075;-49,1376586;SPRF-SC;DEL03-SC;UOP03-DEL03-SC;;;
727566;26/10/2025;domingo;03:20:00;SP;116;349;MIRACATU;Rea��o tardia ou ineficiente do condutor;Queda de ocupante de ve�culo;Com V�timas Feridas;Plena Noite;Decrescente;C�u Claro;Dupla;"Aclive;Curva;T�nel";N�o;2;0;1;1;0;0;2;1;-24,05395008;-47,21492656;SPRF-SP;DEL04-SP;UOP03-DEL04-SP;;;
727567;26/10/2025;domingo;03:40:00;RJ;101;508;ANGRA DOS REIS;Ingest�o de �lcool pelo condutor;Sa�da de leito carro��vel;Com V�timas Feridas;Plena Noite;Crescente;C�u Claro;Simples;Reta;N�o;1;0;1;0;0;0;1;1;-22,9997764;-44,2417567;SPRF-RJ;DEL03-RJ;UOP03-DEL03-RJ;;;
727568;26/10/2025;domingo;03:30:00;ES;262;157,5;IBATIBA;Rea��o tardia ou ineficiente do condutor;Colis�o lateral sentido oposto;Sem V�timas;Plena Noite;Crescente;Nublado;Simples;Curva;Sim;2;0;0;0;2;0;0;2;-20,231458;-41,495458;SPRF-ES;DEL01-ES;UOP02-DEL01-ES;;;
727569;26/10/2025;domingo;03:44:00;CE;304;53;ARACATI;Acostamento em desn�vel;Tombamento;Com V�timas Feridas;Plena Noite;Crescente;C�u Claro;Simples;Reta;N�o;2;0;2;0;0;0;2;1;-4,5726798;-37,74039142;SPRF-CE;DEL03-CE;UOP02-DEL03-CE;;;
727570;26/10/2025;domingo;06:03:00;MG;381;499;BETIM;Rea��o tardia ou ineficiente do condutor;Colis�o lateral mesmo sentido;Com V�timas Feridas;Amanhecer;Crescente;C�u Claro;Dupla;"Reta;Declive";Sim;4;0;1;1;2;0;2;2;-19,998816;-44,210276;SPRF-MG;DEL01-MG;UOP03-DEL01-MG;;;
727572;26/10/2025;domingo;03:50:00;MG;381;592,9;CARMOPOLIS DE MINAS;Rea��o tardia ou ineficiente do condutor;Sa�da de leito carro��vel;Com V�timas Feridas;Plena Noite;Crescente;C�u Claro;M�ltipla;Reta;N�o;2;0;2;0;0;0;2;1;-20,562965;-44,667978;SPRF-MG;DEL04-MG;UOP01-DEL04-MG;;;
727573;26/10/2025;domingo;03:50:00;MT;163;827;SINOP;Transitar na contram�o;Colis�o lateral sentido oposto;Sem V�timas;Plena Noite;Decrescente;C�u Claro;Dupla;Reta;Sim;2;0;0;0;1;1;0;2;-11,937507;-55,515188;SPRF-MT;DEL06-MT;UOP02-DEL06-MT;;;
727577;26/10/2025;domingo;06:20:00;GO;50;96;CRISTALINA;Ingest�o de �lcool pelo condutor;Colis�o frontal;Com V�timas Feridas;Pleno dia;Decrescente;C�u Claro;Simples;"Viaduto;Curva";N�o;4;0;0;1;3;0;1;2;-16,753932;-47,603877;SPRF-DF;DEL01-DF;UOP02-DEL01-DF;;;
727578;26/10/2025;domingo;05:30:00;RJ;116;204;SEROPEDICA;Rea��o tardia ou ineficiente do condutor;Sa�da de leito carro��vel;Sem V�timas;Pleno dia;Crescente;C�u Claro;Dupla;Interse��o de Vias;Sim;1;0;0;0;1;0;0;1;-22,7147776;-43,7223424;SPRF-RJ;DEL06-RJ;UOP02-DEL06-RJ;;;
727580;26/10/2025;domingo;05:33:00;PA;316;26;BENEVIDES;Acesso irregular;Colis�o transversal;Com V�timas Feridas;Amanhecer;Crescente;C�u Claro;Dupla;Reta;Sim;4;0;2;2;0;0;4;2;-1,31302192;-48,22259115;SPRF-PA;DEL01-PA;UOP01-DEL01-PA;;;
727581;26/10/2025;domingo;06:43:00;PE;101;35;ITAPISSUMA;Demais falhas mec�nicas ou el�tricas;Queda de ocupante de ve�culo;Com V�timas Feridas;Pleno dia;Decrescente;C�u Claro;Dupla;Reta;N�o;2;0;2;0;0;0;2;1;-7,77999;-34,93191;SPRF-PE;DEL01-PE;UOP02-DEL01-PE;;;
727583;26/10/2025;domingo;06:00:00;PI;343;1;TERESINA;Acessar a via sem observar a presen�a dos outros ve�culos;Colis�o transversal;Com V�timas Feridas;Pleno dia;Decrescente;C�u Claro;Simples;"Reta;Retorno Regulamentado";Sim;2;0;2;0;0;0;2;2;-5,0681969;-42,7794191;SPRF-PI;DEL01-PI;UOP01-DEL01-PI;;;
727586;26/10/2025;domingo;06:20:00;CE;116;238;ALTO SANTO;Aus�ncia de rea��o do condutor;Sa�da de leito carro��vel;Com V�timas Fatais;Pleno dia;Crescente;C�u Claro;Simples;Reta;N�o;2;1;0;1;0;0;1;1;-5,45770263;-38,35631466;SPRF-CE;DEL03-CE;UOP01-DEL03-CE;;;
727587;26/10/2025;domingo;03:00:00;MG;116;502,3;INHAPIM;Velocidade Incompat�vel;Sa�da de leito carro��vel;Com V�timas Feridas;Plena Noite;Decrescente;C�u Claro;Simples;Curva;N�o;2;0;1;0;1;0;1;1;-19,5841008;-42,1133992;SPRF-MG;DEL06-MG;UOP02-DEL06-MG;;;
727588;21/10/2025;ter�a-feira;07:15:00;MG;40;43;PARACATU;Transitar na contram�o;Colis�o frontal;Com V�timas Feridas;Pleno dia;Crescente;C�u Claro;Simples;Reta;Sim;2;0;1;0;1;0;1;2;-17,22608;-46,86172;SPRF-MG;DEL14-MG;UOP01-DEL14-MG;;;
727589;26/10/2025;domingo;07:00:00;BA;367;23;PORTO SEGURO;Acesso irregular;Colis�o transversal;Com V�timas Feridas;Pleno dia;Decrescente;C�u Claro;Simples;Reta;Sim;3;0;1;0;2;0;1;2;-16,4046249;-39,1754171;SPRF-BA;DEL09-BA;UOP03-DEL09-BA;;;
727590;26/10/2025;domingo;04:50:00;RO;364;265;CACOAL;Animais na Pista;Atropelamento de Animal;Com V�timas Feridas;Plena Noite;Decrescente;C�u Claro;Simples;Reta;N�o;1;0;1;0;0;0;1;1;-11,37848135;-61,69904709;SPRF-RO;DEL02-RO;UOP02-DEL02-RO;;;
727592;25/10/2025;s�bado;23:10:00;PR;277;602,5;CASCAVEL;Acumulo de �gua sobre o pavimento;Sa�da de leito carro��vel;Sem V�timas;Plena Noite;Crescente;Chuva;Dupla;Reta;N�o;1;0;0;0;1;0;0;1;-25,02678386;-53,55454868;SPRF-PR;DEL04-PR;UOP01-DEL04-PR;;;
727593;26/10/2025;domingo;00:20:00;MG;116;128,7;ITAOBIM;Ultrapassagem Indevida;Colis�o frontal;Com V�timas Fatais;Plena Noite;Crescente;C�u Claro;Simples;"Reta;Declive";N�o;4;3;0;1;0;0;1;2;-16,677632;-41,501323;SPRF-MG;DEL11-MG;UOP02-DEL11-MG;;;
727594;26/10/2025;domingo;07:40:00;RS;290;19;SANTO ANTONIO DA PATRULHA;Aus�ncia de rea��o do condutor;Sa�da de leito carro��vel;Sem V�timas;Pleno dia;Crescente;Nublado;Dupla;Reta;N�o;1;0;0;0;0;1;0;1;-29,87996216;-50,43249174;SPRF-RS;DEL03-RS;UOP01-DEL03-RS;;;
727595;26/10/2025;domingo;05:40:00;RS;392;1,6;RIO GRANDE;Ingest�o de subst�ncias psicoativas pelo condutor;Sa�da de leito carro��vel;Sem V�timas;Pleno dia;Decrescente;C�u Claro;Simples;Curva;N�o;1;0;0;0;1;0;0;1;-32,050297;-52,085153;SPRF-RS;DEL07-RS;UOP02-DEL07-RS;;;
727601;26/10/2025;domingo;08:40:00;PR;277;140,8;BALSA NOVA;Condutor deixou de manter dist�ncia do ve�culo da frente;Colis�o traseira;Com V�timas Feridas;Pleno dia;Crescente;Nublado;Dupla;Reta;N�o;2;0;0;2;0;0;2;2;-25,47171111;-49,66594569;SPRF-PR;DEL03-PR;UOP03-DEL03-PR;;;
727602;26/10/2025;domingo;08:40:00;PI;316;25,9;DEMERVAL LOBAO;Acumulo de areia ou detritos sobre o pavimento;Colis�o frontal;Sem V�timas;Pleno dia;Decrescente;Sol;Dupla;"Em Obras;Reta";N�o;2;0;0;0;2;0;0;2;-5,311388;-42,703927;SPRF-PI;DEL01-PI;UOP02-DEL01-PI;;;
727606;26/10/2025;domingo;08:45:00;RJ;101;501,5;ANGRA DOS REIS;Mal s�bito do condutor;Colis�o frontal;Com V�timas Feridas;Pleno dia;Decrescente;C�u Claro;Simples;Reta;N�o;4;0;3;1;0;0;4;2;-22,94163752;-44,32228088;SPRF-RJ;DEL03-RJ;UOP03-DEL03-RJ;;;
727607;26/10/2025;domingo;09:30:00;PR;369;193;ARAPONGAS;Ingest�o de �lcool pelo condutor;Sa�da de leito carro��vel;Com V�timas Feridas;Pleno dia;Decrescente;Chuva;Dupla;"Reta;Declive";N�o;2;0;1;0;1;0;1;1;-23,46920548;-51,42349672;SPRF-PR;DEL07-PR;UOP03-DEL07-PR;;;
727608;26/10/2025;domingo;07:43:00;PR;277;583,7;CASCAVEL;Velocidade Incompat�vel;Sa�da de leito carro��vel;Com V�timas Fatais;Pleno dia;Decrescente;Garoa/Chuvisco;Dupla;"Retorno Regulamentado;Reta;Viaduto";Sim;2;1;1;0;0;0;1;1;-24,965893;-53,403938;SPRF-PR;DEL04-PR;UOP01-DEL04-PR;;;
727612;12/10/2025;domingo;20:22:00;PR;163;248,7;TOLEDO;Velocidade Incompat�vel;Sa�da de leito carro��vel;Com V�timas Feridas;Plena Noite;Crescente;C�u Claro;Dupla;Reta;Sim;2;0;1;0;1;0;1;1;-24,68998317;-53,76137909;SPRF-PR;DEL06-PR;UOP02-DEL06-PR;;;
727613;26/10/2025;domingo;09:30:00;CE;116;26,2;ITAITINGA;Aus�ncia de rea��o do condutor;Colis�o com objeto;Com V�timas Feridas;Pleno dia;Decrescente;C�u Claro;Dupla;Reta;Sim;2;0;0;2;0;0;2;1;-3,97815288;-38,51425767;SPRF-CE;DEL01-CE;UOP02-DEL01-CE;;;
727614;26/10/2025;domingo;10:15:00;RN;405;109;ITAU;Acesso irregular;Colis�o transversal;Com V�timas Feridas;Pleno dia;Crescente;C�u Claro;Simples;Reta;Sim;2;0;0;1;1;0;1;2;-5,84247163;-37,98866272;SPRF-RN;DEL04-RN;UOP02-DEL04-RN;;;
727616;26/10/2025;domingo;10:00:00;MG;50;0,5;ARAGUARI;Velocidade Incompat�vel;Tombamento;Com V�timas Feridas;Pleno dia;Decrescente;C�u Claro;Dupla;Reta;N�o;1;0;1;0;0;0;1;1;-18,4279346;-48,063068;SPRF-MG;DEL15-MG;UOP02-DEL15-MG;;;
727618;26/10/2025;domingo;10:50:00;PE;408;75;PAUDALHO;Mal s�bito do condutor;Queda de ocupante de ve�culo;Com V�timas Feridas;Pleno dia;Crescente;Nublado;Simples;Reta;Sim;1;0;1;0;0;0;1;1;-7,94664;-35,11371;SPRF-PE;DEL01-PE;UOP01-DEL01-PE;;;
727619;26/10/2025;domingo;07:50:00;ES;262;64;MARECHAL FLORIANO;Rea��o tardia ou ineficiente do condutor;Sa�da de leito carro��vel;Com V�timas Feridas;Pleno dia;Crescente;C�u Claro;Simples;Curva;N�o;1;0;1;0;0;0;1;1;-20,418009;-40,815931;SPRF-ES;DEL01-ES;UOP02-DEL01-ES;;;
727621;17/10/2025;sexta-feira;21:00:00;RJ;40;105;DUQUE DE CAXIAS;Ultrapassagem Indevida;Colis�o transversal;Com V�timas Feridas;Plena Noite;Crescente;C�u Claro;Dupla;Reta;N�o;3;0;2;0;1;0;2;2;-22,6453865;-43,28389798;SPRF-RJ;DEL01-RJ;UOP02-DEL01-RJ;;;
727622;26/10/2025;domingo;10:29:00;PE;408;96;JABOATAO DOS GUARARAPES;Transitar na contram�o;Atropelamento de Pedestre;Com V�timas Feridas;Pleno dia;Decrescente;C�u Claro;Simples;"Reta;Aclive";Sim;3;0;0;1;0;2;1;2;-8,07192;-34,99148;SPRF-PE;DEL01-PE;UOP01-DEL01-PE;;;
727623;26/10/2025;domingo;10:11:00;MG;251;512,1;FRANCISCO SA;Condutor Dormindo;Sa�da de leito carro��vel;Com V�timas Feridas;Pleno dia;Crescente;C�u Claro;Simples;Reta;N�o;1;0;0;1;0;0;1;1;-16,645134;-43,704541;SPRF-MG;DEL12-MG;UOP01-DEL12-MG;;;
727624;26/10/2025;domingo;10:20:00;RS;392;29,1;RIO GRANDE;Aus�ncia de rea��o do condutor;Sa�da de leito carro��vel;Sem V�timas;Pleno dia;Crescente;Nublado;Dupla;Reta;N�o;2;0;0;0;2;0;0;1;-32,01156944;-52,290802;SPRF-RS;DEL07-RS;UOP02-DEL07-RS;;;
727625;26/10/2025;domingo;09:40:00;PR;469;16;FOZ DO IGUACU;Acessar a via sem observar a presen�a dos outros ve�culos;Colis�o transversal;Com V�timas Feridas;Pleno dia;Crescente;C�u Claro;Dupla;"Reta;Em Obras";Sim;2;0;1;0;1;0;1;2;-25,592654;-54,5145798;SPRF-PR;DEL05-PR;UOP04-DEL05-PR;;;
727627;26/10/2025;domingo;09:51:00;SC;116;54;PAPANDUVA;Aus�ncia de rea��o do condutor;Tombamento;Com V�timas Feridas;Pleno dia;Crescente;Garoa/Chuvisco;Simples;Rotat�ria;Sim;1;0;1;0;0;0;1;1;-26,3951;-50,16281;SPRF-SC;DEL06-SC;UOP02-DEL06-SC;;;
727628;26/10/2025;domingo;09:40:00;MG;116;330;CAMPANARIO;Transitar na contram�o;Colis�o lateral sentido oposto;Com V�timas Feridas;Pleno dia;Crescente;Nublado;Simples;Reta;Sim;3;0;0;1;2;0;1;2;-18,24033803;-41,73022558;SPRF-MG;DEL11-MG;UOP01-DEL11-MG;;;
727629;26/10/2025;domingo;10:40:00;MG;381;895;CAMBUI;Rea��o tardia ou ineficiente do condutor;Queda de ocupante de ve�culo;Com V�timas Feridas;Pleno dia;Decrescente;C�u Claro;Dupla;Reta;Sim;1;0;0;1;0;0;1;1;-22,593594;-46,055378;SPRF-MG;DEL16-MG;UOP01-DEL16-MG;;;
727630;26/10/2025;domingo;09:20:00;RJ;116;122;MAGE;Demais falhas mec�nicas ou el�tricas;Sa�da de leito carro��vel;Com V�timas Feridas;Pleno dia;Crescente;C�u Claro;Dupla;Reta;N�o;2;0;1;0;1;0;1;1;-22,63009397;-43,0508709;SPRF-RJ;DEL04-RJ;UOP02-DEL04-RJ;;;
727632;26/10/2025;domingo;09:20:00;MG;116;477;DOM CAVATI;Ultrapassagem Indevida;Colis�o lateral mesmo sentido;Sem V�timas;Pleno dia;Decrescente;C�u Claro;Simples;Reta;Sim;3;0;0;0;3;0;0;2;-19,376472;-42,107785;SPRF-MG;DEL06-MG;UOP02-DEL06-MG;;;
727633;26/10/2025;domingo;12:10:00;PB;230;152;CAMPINA GRANDE;Condutor deixou de manter dist�ncia do ve�culo da frente;Colis�o traseira;Com V�timas Feridas;Pleno dia;Crescente;C�u Claro;Simples;Reta;N�o;3;0;1;0;2;0;1;2;-7,268271;-35,883424;SPRF-PB;DEL02-PB;UOP01-DEL02-PB;;;
727635;26/10/2025;domingo;11:50:00;MG;40;342,3;FELIXLANDIA;Condutor Dormindo;Sa�da de leito carro��vel;Com V�timas Feridas;Pleno dia;Crescente;C�u Claro;Simples;Curva;N�o;2;0;2;0;0;0;2;1;-18,684079;-44,991251;SPRF-MG;DEL02-MG;UOP01-DEL02-MG;;;
727639;26/10/2025;domingo;09:00:00;PR;376;432;IPIRANGA;Aus�ncia de rea��o do condutor;Sa�da de leito carro��vel;Com V�timas Feridas;Pleno dia;Decrescente;Chuva;Dupla;Reta;N�o;4;0;2;0;2;0;2;1;-24,811682;-50,488175;SPRF-PR;DEL03-PR;UOP02-DEL03-PR;;;
727640;26/10/2025;domingo;08:45:00;RJ;116;311;RESENDE;Demais falhas mec�nicas ou el�tricas;Queda de ocupante de ve�culo;Com V�timas Feridas;Pleno dia;Crescente;C�u Claro;Dupla;Reta;Sim;2;0;1;0;1;0;1;1;-22,46072038;-44,45194658;SPRF-RJ;DEL07-RJ;UOP02-DEL07-RJ;;;
727641;26/10/2025;domingo;10:55:00;MG;365;8,6;MONTES CLAROS;Manobra de mudan�a de faixa;Colis�o transversal;Com V�timas Feridas;Pleno dia;Crescente;C�u Claro;Simples;Reta;N�o;3;0;2;0;1;0;2;2;-16,82575;-43,92327;SPRF-MG;DEL12-MG;UOP01-DEL12-MG;;;
727644;26/10/2025;domingo;09:40:00;PR;376;431,5;TIBAGI;Chuva;Colis�o com objeto;Com V�timas Feridas;Pleno dia;Crescente;Chuva;Dupla;Curva;N�o;4;0;1;0;3;0;1;1;-24,790619;-50,501323;SPRF-PR;DEL03-PR;UOP02-DEL03-PR;;;
727645;26/10/2025;domingo;11:20:00;MA;316;594;TIMON;Avarias e/ou desgaste excessivo no pneu;Sa�da de leito carro��vel;Com V�timas Feridas;Pleno dia;Crescente;C�u Claro;Simples;"Aclive;Reta";N�o;2;0;1;1;0;0;2;1;-5,012248;-43,006798;SPRF-MA;DEL03-MA;UOP02-DEL03-MA;;;
727646;26/10/2025;domingo;10:45:00;MT;158;416,3;RIBEIRAO CASCALHEIRA;Velocidade Incompat�vel;Sa�da de leito carro��vel;Com V�timas Fatais;Pleno dia;Crescente;C�u Claro;Simples;Curva;N�o;2;1;0;1;0;0;1;1;-12,85531834;-51,82319641;SPRF-MT;DEL07-MT;UOP02-DEL07-MT;;;
727647;26/10/2025;domingo;13:00:00;SP;381;87,3;GUARULHOS;Aus�ncia de rea��o do condutor;Colis�o traseira;Com V�timas Feridas;Pleno dia;Decrescente;C�u Claro;M�ltipla;Reta;Sim;2;0;1;0;1;0;1;2;-23,4237761;-46,53849963;SPRF-SP;DEL03-SP;UOP01-DEL03-SP;;;
727649;19/08/2025;ter�a-feira;09:04:00;PA;163;315;NOVO PROGRESSO;Velocidade Incompat�vel;Sa�da de leito carro��vel;Com V�timas Fatais;Pleno dia;Crescente;C�u Claro;Simples;Reta;N�o;1;1;0;0;0;0;0;1;-7,016004;-55,422859;SPRF-PA;DEL05-PA;UOP03-DEL05-PA;;;
727650;26/10/2025;domingo;11:00:00;PA;230;1116;ITAITUBA;Transitar na contram�o;Colis�o frontal;Com V�timas Feridas;Pleno dia;Crescente;C�u Claro;Simples;Curva;N�o;6;0;2;0;4;0;2;2;-4,395839;-55,943548;SPRF-PA;DEL05-PA;UOP02-DEL05-PA;;;
727651;26/10/2025;domingo;10:30:00;GO;153;573;PROFESSOR JAMIL;Avarias e/ou desgaste excessivo no pneu;Queda de ocupante de ve�culo;Com V�timas Feridas;Pleno dia;Decrescente;C�u Claro;Dupla;Reta;N�o;1;0;1;0;0;0;1;1;-17,32384;-49,23919;SPRF-GO;DEL03-GO;UOP01-DEL03-GO;;;
727652;26/10/2025;domingo;11:10:00;RJ;40;109;DUQUE DE CAXIAS;Manobra de mudan�a de faixa;Colis�o lateral mesmo sentido;Com V�timas Feridas;Pleno dia;Decrescente;Sol;M�ltipla;Reta;Sim;2;0;1;0;0;1;1;2;-22,67573831;-43,28615427;SPRF-RJ;DEL01-RJ;UOP02-DEL01-RJ;;;
727653;26/10/2025;domingo;13:45:00;RJ;393;280;BARRA DO PIRAI;Aus�ncia de rea��o do condutor;Colis�o transversal;Com V�timas Feridas;Pleno dia;Crescente;Sol;Simples;Reta;Sim;2;0;1;0;1;0;1;2;-22,48057956;-44,03659344;SPRF-RJ;DEL05-RJ;UOP04-DEL05-RJ;;;
727654;25/10/2025;s�bado;22:30:00;MG;116;568,5;MANHUACU;Rea��o tardia ou ineficiente do condutor;Sa�da de leito carro��vel;Sem V�timas;Plena Noite;Crescente;Ignorado;Simples;Curva;N�o;1;0;0;0;1;0;0;1;-20,101967;-42,176381;SPRF-MG;DEL06-MG;UOP03-DEL06-MG;;;
727656;26/10/2025;domingo;14:00:00;RJ;116;108;GUAPIMIRIM;Manobra de mudan�a de faixa;Colis�o lateral mesmo sentido;Com V�timas Feridas;Pleno dia;Crescente;Sol;Dupla;Reta;N�o;3;0;2;0;1;0;2;2;-22,53652;-42,990866;SPRF-RJ;DEL04-RJ;UOP01-DEL04-RJ;;;
727657;26/10/2025;domingo;14:20:00;SP;153;72,8;SAO JOSE DO RIO PRETO;Aus�ncia de rea��o do condutor;Colis�o com objeto;Com V�timas Feridas;Pleno dia;Decrescente;C�u Claro;Dupla;"Retorno Regulamentado;Rotat�ria";N�o;1;0;1;0;0;0;1;1;-20,87897;-49,421494;SPRF-SP;DEL09-SP;UOP01-DEL09-SP;;;
727659;26/10/2025;domingo;14:30:00;RJ;116;81,5;TERESOPOLIS;Desrespeitar a prefer�ncia no cruzamento;Colis�o transversal;Com V�timas Feridas;Pleno dia;Crescente;Sol;Simples;"Retorno Regulamentado;Interse��o de Vias";Sim;2;0;1;0;1;0;1;2;-22,3991317;-42,9550802;SPRF-RJ;DEL04-RJ;UOP01-DEL04-RJ;;;
727662;26/10/2025;domingo;13:40:00;BA;324;605;SIMOES FILHO;Transitar na contram�o;Colis�o frontal;Com V�timas Feridas;Pleno dia;Decrescente;Sol;Simples;"Retorno Regulamentado;Curva;Viaduto";N�o;5;0;3;0;1;1;3;2;-12,7990861;-38,4029209;SPRF-BA;DEL01-BA;UOP01-DEL01-BA;;;
727664;26/10/2025;domingo;14:50:00;RJ;116;295;BARRA MANSA;Demais falhas mec�nicas ou el�tricas;Inc�ndio;Sem V�timas;Pleno dia;Decrescente;C�u Claro;Dupla;Reta;N�o;1;0;0;0;1;0;0;1;-22,45728511;-44,29183245;SPRF-RJ;DEL07-RJ;UOP02-DEL07-RJ;;;
727665;26/10/2025;domingo;14:30:00;SP;381;88;GUARULHOS;Manobra de mudan�a de faixa;Colis�o traseira;Sem V�timas;Pleno dia;Crescente;C�u Claro;M�ltipla;Reta;Sim;2;0;0;0;2;0;0;2;-23,47955725;-46,56030427;SPRF-SP;DEL03-SP;UOP01-DEL03-SP;;;
727666;26/10/2025;domingo;14:30:00;PE;104;70;CARUARU;Rea��o tardia ou ineficiente do condutor;Queda de ocupante de ve�culo;Com V�timas Feridas;Pleno dia;Crescente;C�u Claro;Dupla;Curva;N�o;2;0;1;1;0;0;2;1;-8,320879;-35,991004;SPRF-PE;DEL02-PE;UOP01-DEL02-PE;;;