id;data_inversa;dia_semana;horario;uf;br;km;municipio;causa_acidente;tipo_acidente;classificacao_acidente;fase_dia;sentido_via;condicao_metereologica;tipo_pista;tracado_via;uso_solo;pessoas;mortos;feridos_leves;feridos_graves;ilesos;ignorados;feridos;veiculos;latitude;longitude;regional;delegacia;uop;;;
727667;25/10/2025;s�bado;22:00:00;PR;153;184;TIBAGI;Velocidade Incompat�vel;Sa�da de leito carro��vel;Sem V�timas;Plena Noite;Decrescente;Ignorado;Simples;Curva;N�o;1;0;0;0;0;1;0;1;-24,411208;-50,357103;SPRF-PR;DEL03-PR;UOP02-DEL03-PR;;;
727668;26/10/2025;domingo;11:30:00;RO;425;127;GUAJARA-MIRIM;Acessar a via sem observar a presen�a dos outros ve�culos;Tombamento;Com V�timas Feridas;Pleno dia;Decrescente;C�u Claro;Dupla;Rotat�ria;Sim;3;0;1;1;1;0;2;2;-10,77397379;-65,32630241;SPRF-RO;DEL01-RO;UOP03-DEL01-RO;;;
727669;26/10/2025;domingo;13:20:00;CE;222;336,3;UBAJARA;Transitar na contram�o;Colis�o frontal;Com V�timas Fatais;Pleno dia;Crescente;C�u Claro;Simples;Reta;N�o;2;1;1;0;0;0;1;2;-3,864427;-41,151975;SPRF-CE;DEL04-CE;UOP02-DEL04-CE;;;
727671;26/10/2025;domingo;14:30:00;MG;267;61,2;BICAS;Aus�ncia de rea��o do condutor;Sa�da de leito carro��vel;Com V�timas Feridas;Pleno dia;Crescente;C�u Claro;Simples;Reta;N�o;2;0;1;0;1;0;1;1;-21,73079943;-43,07850838;SPRF-MG;DEL05-MG;UOP01-DEL05-MG;;;
727672;26/10/2025;domingo;15:13:00;ES;259;34;COLATINA;Transitar na contram�o;Colis�o frontal;Com V�timas Feridas;Pleno dia;Crescente;C�u Claro;Simples;Reta;N�o;2;0;1;0;1;0;1;2;-19,5193853;-40,59597748;SPRF-ES;DEL02-ES;UOP01-DEL02-ES;;;
727674;26/10/2025;domingo;14:40:00;SC;282;5;SAO JOSE;Manobra de mudan�a de faixa;Queda de ocupante de ve�culo;Com V�timas Feridas;Pleno dia;Decrescente;Nublado;M�ltipla;Reta;Sim;3;0;1;0;1;1;1;2;-27,58934013;-48,61080972;SPRF-SC;DEL01-SC;UOP01-DEL01-SC;;;
727675;18/10/2025;s�bado;21:20:00;MG;365;345,2;VARJAO DE MINAS;Aus�ncia de rea��o do condutor;Queda de ocupante de ve�culo;Com V�timas Feridas;Plena Noite;Decrescente;C�u Claro;Simples;Reta;Sim;2;0;0;2;0;0;2;2;-18,39070625;-46,04232431;SPRF-MG;DEL10-MG;UOP01-DEL10-MG;;;
727678;26/10/2025;domingo;15:00:00;PR;277;78,4;CURITIBA;Aus�ncia de rea��o do condutor;Sa�da de leito carro��vel;Com V�timas Feridas;Pleno dia;Decrescente;Nublado;Dupla;Reta;Sim;1;0;1;0;0;0;1;1;-25,479934;-49,199036;SPRF-PR;DEL01-PR;UOP07-DEL01-PR;;;
727679;26/10/2025;domingo;14:05:00;SC;280;92,7;CORUPA;Rea��o tardia ou ineficiente do condutor;Sa�da de leito carro��vel;Com V�timas Feridas;Pleno dia;Decrescente;Chuva;Simples;Reta;N�o;1;0;1;0;0;0;1;1;-26,392457;-49,301785;SPRF-SC;DEL06-SC;UOP03-DEL06-SC;;;
727680;26/10/2025;domingo;13:45:00;MG;116;267,1;TEOFILO OTONI;Aus�ncia de rea��o do condutor;Tombamento;Com V�timas Feridas;Pleno dia;Decrescente;Nublado;Simples;"Aclive;Reta;Em Obras";N�o;1;0;1;0;0;0;1;1;-17,780119;-41,500302;SPRF-MG;DEL11-MG;UOP01-DEL11-MG;;;
727681;26/10/2025;domingo;15:30:00;PR;376;277;MARILANDIA DO SUL;Rea��o tardia ou ineficiente do condutor;Capotamento;Com V�timas Feridas;Pleno dia;Crescente;Chuva;Dupla;"Declive;Reta";N�o;4;0;2;2;0;0;4;1;-23,79059955;-51,26389951;SPRF-PR;DEL07-PR;UOP02-DEL07-PR;;;
727682;26/10/2025;domingo;16:15:00;GO;40;5;VALPARAISO DE GOIAS;Acessar a via sem observar a presen�a dos outros ve�culos;Colis�o transversal;Com V�timas Feridas;Pleno dia;Crescente;C�u Claro;Simples;Reta;Sim;3;0;1;1;1;0;2;2;-16,09313;-47,98224;SPRF-DF;DEL01-DF;UOP01-DEL01-DF;;;
727683;26/10/2025;domingo;16:30:00;GO;20;16;FORMOSA;Ingest�o de �lcool pelo condutor;Queda de ocupante de ve�culo;Com V�timas Feridas;Pleno dia;Crescente;C�u Claro;Simples;Reta;N�o;2;0;1;0;1;0;1;1;-15,562019;-47,215989;SPRF-DF;DEL02-DF;UOP02-DEL02-DF;;;
727685;26/10/2025;domingo;16:40:00;SC;101;129;CAMBORIU;Aus�ncia de rea��o do condutor;Tombamento;Com V�timas Feridas;Pleno dia;Decrescente;Chuva;Dupla;Reta;N�o;1;0;0;1;0;0;1;1;-26,97730422;-48,68200536;SPRF-SC;DEL04-SC;UOP03-DEL04-SC;;;
727688;26/10/2025;domingo;16:30:00;MA;135;6;SAO LUIS;Aus�ncia de rea��o do condutor;Colis�o traseira;Com V�timas Feridas;Anoitecer;Decrescente;C�u Claro;Dupla;Reta;Sim;4;0;2;0;2;0;2;2;-2,623494;-44,259256;SPRF-MA;DEL01-MA;UOP01-DEL01-MA;;;
727689;26/10/2025;domingo;16:40:00;SP;116;206;GUARULHOS;Avarias e/ou desgaste excessivo no pneu;Tombamento;Com V�timas Feridas;Pleno dia;Crescente;C�u Claro;Dupla;Reta;Sim;2;0;2;0;0;0;2;1;-23,41717332;-46,37580252;SPRF-SP;DEL01-SP;UOP01-DEL01-SP;;;
727694;26/10/2025;domingo;17:30:00;PB;230;3,5;CABEDELO;Rea��o tardia ou ineficiente do condutor;Colis�o com objeto;Com V�timas Feridas;Plena Noite;Decrescente;C�u Claro;Dupla;Reta;Sim;1;0;0;1;0;0;1;1;-6,9993906;-34,8283145;SPRF-PB;DEL01-PB;UOP01-DEL01-PB;;;
727695;26/10/2025;domingo;17:20:00;RS;392;643,1;GUARANI DAS MISSOES;Acessar a via sem observar a presen�a dos outros ve�culos;Colis�o transversal;Com V�timas Feridas;Pleno dia;Decrescente;C�u Claro;Simples;Reta;N�o;2;0;1;0;1;0;1;2;-28,15299294;-54,5629948;SPRF-RS;DEL10-RS;UOP01-DEL10-RS;;;
727696;26/10/2025;domingo;17:20:00;CE;116;46;PACAJUS;Aus�ncia de rea��o do condutor;Tombamento;Com V�timas Feridas;Plena Noite;Decrescente;C�u Claro;M�ltipla;Reta;N�o;2;0;0;1;0;1;1;2;-4,1453;-38,4772;SPRF-CE;DEL01-CE;UOP02-DEL01-CE;;;
727697;26/10/2025;domingo;14:00:00;BA;116;420;FEIRA DE SANTANA;Desrespeitar a prefer�ncia no cruzamento;Queda de ocupante de ve�culo;Com V�timas Feridas;Pleno dia;Crescente;Sol;Dupla;Rotat�ria;Sim;1;0;1;0;0;0;1;1;-12,22981542;-38,96440601;SPRF-BA;DEL02-BA;UOP01-DEL02-BA;;;
727698;26/10/2025;domingo;16:15:00;MA;10;261;IMPERATRIZ;Rea��o tardia ou ineficiente do condutor;Tombamento;Com V�timas Feridas;Pleno dia;Decrescente;C�u Claro;Simples;Reta;N�o;2;0;2;0;0;0;2;1;-5,44859;-47,472613;SPRF-MA;DEL04-MA;UOP01-DEL04-MA;;;
727699;26/10/2025;domingo;16:35:00;PR;376;115;ALTO PARANA;Retorno proibido;Colis�o transversal;Com V�timas Feridas;Pleno dia;Crescente;C�u Claro;Dupla;Reta;N�o;4;0;2;0;2;0;2;2;-23,098569;-52,366138;SPRF-PR;DEL09-PR;UOP02-DEL09-PR;;;
727700;26/10/2025;domingo;17:40:00;PB;104;139,7;QUEIMADAS;Aus�ncia de sinaliza��o;Colis�o frontal;Com V�timas Feridas;Anoitecer;Crescente;C�u Claro;Simples;Reta;Sim;3;0;1;1;1;0;2;2;-7,36832968;-35,90015531;SPRF-PB;DEL02-PB;UOP03-DEL02-PB;;;
727701;26/10/2025;domingo;17:50:00;MG;381;334;BELA VISTA DE MINAS;Velocidade Incompat�vel;Sa�da de leito carro��vel;Com V�timas Feridas;Anoitecer;Crescente;Nublado;Simples;Curva;N�o;1;0;0;1;0;0;1;1;-19,8215392;-43,07496786;SPRF-MG;DEL03-MG;UOP01-DEL03-MG;;;
727702;26/10/2025;domingo;15:55:00;AL;104;33;UNIAO DOS PALMARES;Ingest�o de �lcool pelo condutor;Colis�o com objeto;Com V�timas Feridas;Pleno dia;Crescente;C�u Claro;Simples;Reta;N�o;4;0;4;0;0;0;4;2;-9,14589916;-36,01501822;SPRF-AL;DEL01-AL;UOP02-DEL01-AL;;;
727703;26/10/2025;domingo;18:10:00;PB;230;5;CABEDELO;Rea��o tardia ou ineficiente do condutor;Queda de ocupante de ve�culo;Com V�timas Feridas;Plena Noite;Crescente;Chuva;Dupla;Reta;Sim;1;0;1;0;0;0;1;1;-7,015888;-34,833923;SPRF-PB;DEL01-PB;UOP01-DEL01-PB;;;
727704;26/10/2025;domingo;16:20:00;RJ;101;428;MANGARATIBA;Trafegar com motocicleta (ou similar) entre as faixas;Colis�o transversal;Com V�timas Feridas;Pleno dia;Decrescente;Sol;Simples;Rotat�ria;N�o;2;0;1;0;1;0;1;2;-22,93558081;-43,99881721;SPRF-RJ;DEL03-RJ;UOP02-DEL03-RJ;;;
727705;26/10/2025;domingo;17:55:00;ES;101;268,5;VITORIA;Condutor deixou de manter dist�ncia do ve�culo da frente;Colis�o traseira;Com V�timas Feridas;Plena Noite;Decrescente;Nublado;M�ltipla;Reta;Sim;2;0;1;0;1;0;1;2;-20,213741;-40,2697;SPRF-ES;DEL02-ES;UOP01-DEL02-ES;;;
727706;26/10/2025;domingo;14:50:00;MG;381;312;NOVA ERA;Demais falhas mec�nicas ou el�tricas;Queda de ocupante de ve�culo;Com V�timas Feridas;Pleno dia;Decrescente;Sol;Simples;Curva;N�o;2;0;2;0;0;0;2;1;-19,685548;-42,982914;SPRF-MG;DEL03-MG;UOP02-DEL03-MG;;;
727708;26/10/2025;domingo;13:50:00;PR;277;188,8;PALMEIRA;Condutor Dormindo;Colis�o com objeto;Com V�timas Fatais;Pleno dia;Decrescente;Nublado;Simples;Reta;N�o;8;2;1;0;5;0;1;2;-25,424556;-50,110958;SPRF-PR;DEL08-PR;UOP02-DEL08-PR;;;
727710;26/10/2025;domingo;17:30:00;CE;222;32;CAUCAIA;Demais falhas mec�nicas ou el�tricas;Tombamento;Com V�timas Feridas;Anoitecer;Decrescente;C�u Claro;Dupla;Reta;N�o;2;0;1;1;0;0;2;1;-3,706056;-38,844896;SPRF-CE;DEL01-CE;UOP01-DEL01-CE;;;
727711;26/10/2025;domingo;16:20:00;SC;282;606,9;MARAVILHA;Acessar a via sem observar a presen�a dos outros ve�culos;Colis�o transversal;Com V�timas Feridas;Pleno dia;Crescente;Nublado;Simples;Interse��o de Vias;Sim;4;0;1;1;2;0;2;2;-26,77490963;-53,20320217;SPRF-SC;DEL07-SC;UOP02-DEL07-SC;;;
727712;26/10/2025;domingo;18:30:00;RJ;116;177;RIO DE JANEIRO;Ultrapassagem Indevida;Colis�o lateral mesmo sentido;Com V�timas Feridas;Anoitecer;Decrescente;C�u Claro;Dupla;Reta;N�o;2;0;1;0;1;0;1;2;-22,8044736;-43,3451807;SPRF-RJ;DEL06-RJ;UOP01-DEL06-RJ;;;
727713;26/10/2025;domingo;18:20:00;GO;80;25;PADRE BERNARDO;Rea��o tardia ou ineficiente do condutor;Sa�da de leito carro��vel;Com V�timas Feridas;Plena Noite;Decrescente;Nublado;M�ltipla;Reta;N�o;2;0;1;0;1;0;1;1;-15,614636;-48,198493;SPRF-DF;DEL03-DF;UOP02-DEL03-DF;;;
727714;26/10/2025;domingo;19:00:00;MG;40;517;RIBEIRAO DAS NEVES;Trafegar com motocicleta (ou similar) entre as faixas;Colis�o lateral mesmo sentido;Com V�timas Feridas;Plena Noite;Crescente;C�u Claro;Dupla;Reta;Sim;2;0;1;0;1;0;1;2;-19,829688;-44,083678;SPRF-MG;DEL01-MG;UOP02-DEL01-MG;;;
727715;26/10/2025;domingo;18:00:00;BA;101;862;TEIXEIRA DE FREITAS;Rea��o tardia ou ineficiente do condutor;Colis�o frontal;Com V�timas Feridas;Anoitecer;Decrescente;C�u Claro;Simples;Curva;N�o;2;0;0;1;1;0;1;2;-17,417117;-39,682141;SPRF-BA;DEL09-BA;UOP02-DEL09-BA;;;
727716;26/10/2025;domingo;19:20:00;ES;101;401;ITAPEMIRIM;Rea��o tardia ou ineficiente do condutor;Colis�o lateral mesmo sentido;Com V�timas Feridas;Plena Noite;Crescente;C�u Claro;Simples;Reta;N�o;1;0;1;0;0;0;1;1;-20,88135236;-40,97499702;SPRF-ES;DEL03-ES;UOP02-DEL03-ES;;;
727717;26/10/2025;domingo;17:30:00;BA;242;889;BARREIRAS;Aus�ncia de rea��o do condutor;Sa�da de leito carro��vel;Com V�timas Fatais;Anoitecer;Crescente;C�u Claro;Simples;Reta;N�o;4;1;0;2;1;0;2;2;-12,06837;-45,61976;SPRF-BA;DEL10-BA;UOP01-DEL10-BA;;;
727718;26/10/2025;domingo;19:30:00;MG;40;560,3;NOVA LIMA;Aus�ncia de rea��o do condutor;Colis�o lateral mesmo sentido;Com V�timas Feridas;Pleno dia;Decrescente;C�u Claro;Dupla;Reta;N�o;2;0;1;0;1;0;1;2;-20,1330382;-43,9633234;SPRF-MG;DEL01-MG;UOP02-DEL01-MG;;;
727719;26/10/2025;domingo;19:30:00;SP;116;283;EMBU DAS ARTES;Pista esburacada;Tombamento;Com V�timas Feridas;Plena Noite;Decrescente;C�u Claro;Simples;Reta;Sim;2;0;1;0;1;0;1;1;-23,6715108;-46,85599527;SPRF-SP;DEL04-SP;UOP01-DEL04-SP;;;
727721;26/10/2025;domingo;19:40:00;PB;230;12;CABEDELO;Rea��o tardia ou ineficiente do condutor;Colis�o traseira;Com V�timas Feridas;Plena Noite;Crescente;C�u Claro;Dupla;Reta;Sim;2;0;0;1;1;0;1;2;-7,0720885;-34,849293;SPRF-PB;DEL01-PB;UOP01-DEL01-PB;;;
727722;26/10/2025;domingo;19:20:00;PI;316;13;TERESINA;Rea��o tardia ou ineficiente do condutor;Colis�o transversal;Com V�timas Feridas;Plena Noite;Decrescente;C�u Claro;Dupla;Reta;N�o;3;0;1;1;0;1;2;2;-5,2256082;-42,75043505;SPRF-PI;DEL01-PI;UOP02-DEL01-PI;;;
727723;26/10/2025;domingo;19:00:00;SC;282;407,8;CATANDUVAS;Transitar na contram�o;Colis�o frontal;Com V�timas Feridas;Plena Noite;Crescente;Chuva;Simples;Curva;N�o;6;0;2;0;4;0;2;2;-27,0981958;-51,6529685;SPRF-SC;DEL07-SC;UOP05-DEL07-SC;;;
727724;26/10/2025;domingo;18:40:00;BA;407;164;FILADELFIA;Entrada inopinada do pedestre;Capotamento;Com V�timas Feridas;Plena Noite;Decrescente;C�u Claro;Simples;Reta;N�o;4;0;4;0;0;0;4;1;-10,790575;-40,117442;SPRF-BA;DEL04-BA;UOP01-DEL04-BA;;;
727725;26/10/2025;domingo;19:20:00;MG;381;573,1;ITAGUARA;Aus�ncia de rea��o do condutor;Atropelamento de Pedestre;Com V�timas Fatais;Plena Noite;Crescente;Nublado;Dupla;Reta;N�o;2;1;0;0;1;0;0;2;-20,435261;-44,556987;SPRF-MG;DEL04-MG;UOP01-DEL04-MG;;;
727726;26/10/2025;domingo;19:25:00;PI;343;13,3;PARNAIBA;Entrada inopinada do pedestre;Atropelamento de Pedestre;Com V�timas Feridas;Plena Noite;Decrescente;C�u Claro;Dupla;Reta;Sim;2;0;0;1;0;1;1;2;-2,922867;-41,754382;SPRF-PI;DEL05-PI;UOP01-DEL05-PI;;;
727727;26/10/2025;domingo;19:40:00;RJ;40;77;DUQUE DE CAXIAS;Condutor deixou de manter dist�ncia do ve�culo da frente;Colis�o traseira;Com V�timas Feridas;Plena Noite;Decrescente;C�u Claro;Simples;Reta;N�o;5;0;4;0;0;1;4;2;-22,52009472;-43,22828511;SPRF-RJ;DEL01-RJ;UOP01-DEL01-RJ;;;
727728;26/10/2025;domingo;17:00:00;PR;376;431,5;TIBAGI;Chuva;Colis�o com objeto;Com V�timas Feridas;Anoitecer;Crescente;Chuva;Dupla;Curva;N�o;1;0;0;1;0;0;1;1;-24,790619;-50,501323;SPRF-PR;DEL03-PR;UOP02-DEL03-PR;;;
727730;26/10/2025;domingo;19:10:00;AP;210;3;MACAPA;Transitar na contram�o;Colis�o frontal;Com V�timas Feridas;Plena Noite;Crescente;C�u Claro;Dupla;"Declive;Reta";Sim;4;0;1;1;1;1;2;3;0,08791278;-51,09626226;SPRF-AP;DEL01-AP;UOP01-DEL01-AP;;;
727731;26/10/2025;domingo;18:40:00;GO;60;93,4;ANAPOLIS;Pedestre andava na pista;Atropelamento de Pedestre;Com V�timas Feridas;Plena Noite;Crescente;C�u Claro;Simples;Reta;Sim;2;0;1;0;0;1;1;2;-16,35321118;-48,92643321;SPRF-GO;DEL02-GO;UOP01-DEL02-GO;;;
727732;26/10/2025;domingo;20:00:00;RN;101;44,6;MAXARANGUAPE;Transitar na contram�o;Colis�o frontal;Sem V�timas;Plena Noite;Decrescente;C�u Claro;Simples;Reta;N�o;2;0;0;0;2;0;0;2;-5,480888;-35,325121;SPRF-RN;DEL02-RN;UOP01-DEL02-RN;;;
727733;26/10/2025;domingo;19:45:00;GO;153;204;URUACU;Ingest�o de �lcool pelo condutor;Capotamento;Com V�timas Feridas;Plena Noite;Decrescente;C�u Claro;Simples;"Reta;Aclive";N�o;1;0;0;1;0;0;1;1;-14,55101944;-49,16038513;SPRF-GO;DEL07-GO;UOP02-DEL07-GO;;;
727734;26/10/2025;domingo;20:05:00;MG;116;530,2;CARATINGA;Condutor deixou de manter dist�ncia do ve�culo da frente;Engavetamento;Com V�timas Feridas;Plena Noite;Decrescente;C�u Claro;Simples;Reta;Sim;4;0;1;0;3;0;1;3;-19,817027;-42,136168;SPRF-MG;DEL06-MG;UOP02-DEL06-MG;;;
727735;26/10/2025;domingo;19:45:00;ES;259;24;JOAO NEIVA;Acessar a via sem observar a presen�a dos outros ve�culos;Colis�o frontal;Com V�timas Feridas;Pleno dia;Crescente;C�u Claro;Simples;Reta;N�o;3;0;0;2;1;0;2;2;-19,68267719;-40,39260864;SPRF-ES;DEL02-ES;UOP01-DEL02-ES;;;
727737;26/10/2025;domingo;18:40:00;MS;158;263;TRES LAGOAS;Ingest�o de �lcool pelo condutor;Colis�o lateral sentido oposto;Com V�timas Feridas;Pleno dia;Crescente;Chuva;Simples;Reta;N�o;16;0;14;1;1;0;15;3;-20,73840049;-51,73254257;SPRF-MS;DEL07-MS;UOP01-DEL07-MS;;;
727739;26/10/2025;domingo;19:40:00;PR;277;130,9;CAMPO LARGO;Acessar a via sem observar a presen�a dos outros ve�culos;Colis�o transversal;Com V�timas Feridas;Plena Noite;Crescente;Garoa/Chuvisco;Dupla;Interse��o de Vias;Sim;3;0;0;1;2;0;1;2;-25,44998309;-49,58318559;SPRF-PR;DEL03-PR;UOP03-DEL03-PR;;;
727740;26/10/2025;domingo;20:30:00;DF;60;13;BRASILIA;Rea��o tardia ou ineficiente do condutor;Colis�o com objeto;Com V�timas Feridas;Plena Noite;Decrescente;C�u Claro;Dupla;Reta;N�o;2;0;1;0;1;0;1;1;-15,92184578;-48,16570079;SPRF-DF;DEL03-DF;UOP01-DEL03-DF;;;
727741;26/10/2025;domingo;20:58:00;ES;101;276;SERRA;Afundamento ou ondula��o no pavimento;Tombamento;Com V�timas Feridas;Plena Noite;Decrescente;C�u Claro;Dupla;Reta;N�o;2;0;1;0;1;0;1;1;-20,20759142;-40,30764773;SPRF-ES;DEL02-ES;UOP01-DEL02-ES;;;
727742;26/10/2025;domingo;19:45:00;SE;101;118;ITAPORANGA DAJUDA;Ingest�o de �lcool pelo condutor;Atropelamento de Pedestre;Com V�timas Feridas;Plena Noite;Decrescente;C�u Claro;Dupla;Aclive;N�o;2;0;1;0;1;0;1;2;-11,0229305;-37,3256583;SPRF-SE;DEL02-SE;UOP01-DEL02-SE;;;
727743;26/10/2025;domingo;20:30:00;PR;376;483;PONTA GROSSA;Pedestre andava na pista;Atropelamento de Pedestre;Com V�timas Feridas;Plena Noite;Crescente;Garoa/Chuvisco;Dupla;Reta;Sim;2;0;2;0;0;0;2;2;-25,086263;-50,192807;SPRF-PR;DEL03-PR;UOP04-DEL03-PR;;;
727744;26/10/2025;domingo;08:15:00;RJ;101;325;NITEROI;Aus�ncia de rea��o do condutor;Colis�o traseira;Com V�timas Feridas;Pleno dia;Crescente;C�u Claro;M�ltipla;Reta;Sim;3;0;2;0;1;0;2;2;-22,87000682;-43,16905975;SPRF-RJ;DEL02-RJ;UOP01-DEL02-RJ;;;
727745;26/10/2025;domingo;21:00:00;MG;365;624;UBERLANDIA;Ingest�o de �lcool pelo condutor;Colis�o lateral mesmo sentido;Sem V�timas;Plena Noite;Decrescente;C�u Claro;Dupla;Curva;Sim;2;0;0;0;2;0;0;2;-18,91059005;-48,30576897;SPRF-MG;DEL15-MG;UOP01-DEL15-MG;;;
727746;26/10/2025;domingo;20:50:00;SP;459;30;LORENA;Demais falhas mec�nicas ou el�tricas;Inc�ndio;Sem V�timas;Plena Noite;Decrescente;C�u Claro;Simples;Reta;Sim;1;0;0;0;0;1;0;1;-22,71158988;-45,11174863;SPRF-SP;DEL08-SP;UOP02-DEL08-SP;;;
727747;26/10/2025;domingo;19:30:00;MA;222;340,6;IGARAPE DO MEIO;Transitar na contram�o;Colis�o frontal;Com V�timas Feridas;Plena Noite;Decrescente;C�u Claro;Simples;Reta;N�o;6;0;0;1;5;0;1;2;-3,655604;-45,213746;SPRF-MA;DEL02-MA;UOP01-DEL02-MA;;;
727748;26/10/2025;domingo;20:00:00;BA;242;413;SEABRA;Aus�ncia de rea��o do condutor;Colis�o traseira;Com V�timas Feridas;Plena Noite;Crescente;C�u Claro;Simples;Reta;N�o;3;0;1;0;2;0;1;2;-12,427546;-41,761514;SPRF-BA;DEL06-BA;UOP01-DEL06-BA;;;
727749;26/10/2025;domingo;19:30:00;MG;381;415;CAETE;Acessar a via sem observar a presen�a dos outros ve�culos;Colis�o lateral sentido oposto;Com V�timas Feridas;Plena Noite;Crescente;C�u Claro;Simples;Interse��o de Vias;Sim;8;0;7;0;0;1;7;3;-19,75728359;-43,6342539;SPRF-MG;DEL01-MG;UOP01-DEL01-MG;;;
727751;26/10/2025;domingo;21:10:00;MG;116;276;TEOFILO OTONI;Aus�ncia de rea��o do condutor;Colis�o traseira;Com V�timas Feridas;Plena Noite;Decrescente;Nublado;Simples;Reta;Sim;3;0;1;0;2;0;1;2;-17,85059408;-41,51472688;SPRF-MG;DEL11-MG;UOP01-DEL11-MG;;;
727752;26/10/2025;domingo;21:20:00;SP;116;219;GUARULHOS;Aus�ncia de rea��o do condutor;Sa�da de leito carro��vel;Com V�timas Feridas;Anoitecer;Crescente;C�u Claro;M�ltipla;Reta;Sim;1;0;1;0;0;0;1;1;-23,462892;-46,493888;SPRF-SP;DEL01-SP;UOP01-DEL01-SP;;;
727753;26/10/2025;domingo;21:00:00;BA;116;681;JEQUIE;Condutor deixou de manter dist�ncia do ve�culo da frente;Colis�o traseira;Com V�timas Feridas;Plena Noite;Decrescente;C�u Claro;Simples;Reta;N�o;5;0;1;2;2;0;3;2;-13,91376;-40,15208;SPRF-BA;DEL03-BA;UOP01-DEL03-BA;;;
727754;26/10/2025;domingo;20:40:00;SP;116;219;GUARULHOS;Aus�ncia de rea��o do condutor;Colis�o lateral mesmo sentido;Com V�timas Feridas;Plena Noite;Decrescente;C�u Claro;M�ltipla;Reta;Sim;2;0;1;0;1;0;1;2;-23,4598438;-46,4847532;SPRF-SP;DEL01-SP;UOP01-DEL01-SP;;;
727755;26/10/2025;domingo;21:20:00;RS;116;260;CANOAS;Aus�ncia de rea��o do condutor;Queda de ocupante de ve�culo;Com V�timas Feridas;Plena Noite;Crescente;Nublado;M�ltipla;Reta;N�o;1;0;1;0;0;0;1;1;-29,873996;-51,1796179;SPRF-RS;DEL01-RS;UOP01-DEL01-RS;;;
727756;26/10/2025;domingo;19:30:00;RJ;116;299;PORTO REAL;Ingest�o de �lcool pelo condutor;Colis�o com objeto;Com V�timas Feridas;Plena Noite;Crescente;Nublado;Dupla;"Reta;Declive";N�o;1;0;0;1;0;0;1;1;-22,44983874;-44,32864157;SPRF-RJ;DEL07-RJ;UOP02-DEL07-RJ;;;
727757;26/10/2025;domingo;20:40:00;RJ;493;72;NOVA IGUACU;Condutor Dormindo;Sa�da de leito carro��vel;Com V�timas Feridas;Plena Noite;Decrescente;C�u Claro;Dupla;Curva;N�o;1;0;1;0;0;0;1;1;-22,68797;-43,494867;SPRF-RJ;DEL01-RJ;UOP03-DEL01-RJ;;;
727758;26/10/2025;domingo;19:50:00;PR;369;190;ARAPONGAS;Ingest�o de �lcool pelo condutor;Sa�da de leito carro��vel;Sem V�timas;Plena Noite;Decrescente;Nublado;Dupla;Reta;N�o;3;0;0;0;3;0;0;1;-23,43707366;-51,42208513;SPRF-PR;DEL07-PR;UOP03-DEL07-PR;;;
727759;26/10/2025;domingo;21:40:00;SC;116;0,3;MAFRA;Rea��o tardia ou ineficiente do condutor;Tombamento;Com V�timas Feridas;Plena Noite;Decrescente;C�u Claro;Simples;"Reta;Declive";N�o;1;0;1;0;0;0;1;1;-26,109726;-49,784891;SPRF-SC;DEL06-SC;UOP01-DEL06-SC;;;
727761;26/10/2025;domingo;21:40:00;MG;40;718,3;BARBACENA;Demais falhas mec�nicas ou el�tricas;Tombamento;Com V�timas Feridas;Plena Noite;Decrescente;C�u Claro;Dupla;Curva;N�o;1;0;1;0;0;0;1;1;-21,2880965;-43,6418042;SPRF-MG;DEL05-MG;UOP01-DEL05-MG;;;
727763;26/10/2025;domingo;21:20:00;PR;277;38;MORRETES;Rea��o tardia ou ineficiente do condutor;Colis�o com objeto;Com V�timas Feridas;Plena Noite;Crescente;Chuva;Dupla;Curva;N�o;5;0;3;1;1;0;4;1;-25,5740673;-48,8567037;SPRF-PR;DEL01-PR;UOP05-DEL01-PR;;;
727764;26/10/2025;domingo;21:15:00;MG;116;275;TEOFILO OTONI;Acessar a via sem observar a presen�a dos outros ve�culos;Colis�o lateral mesmo sentido;Com V�timas Feridas;Plena Noite;Decrescente;C�u Claro;Simples;Reta;Sim;2;0;1;0;1;0;1;2;-17,8720142;-41,5199698;SPRF-MG;DEL11-MG;UOP01-DEL11-MG;;;
727765;26/10/2025;domingo;20:12:00;MT;163;131;GUARANTA DO NORTE;Acostamento em desn�vel;Capotamento;Com V�timas Feridas;Plena Noite;Decrescente;Ignorado;Simples;Reta;N�o;1;0;0;1;0;0;1;1;-9,60005;-54,8916;SPRF-MT;DEL02-MT;UOP01-DEL02-MT;;;
727766;26/10/2025;domingo;21:50:00;SC;470;53,3;BLUMENAU;Acessar a via sem observar a presen�a dos outros ve�culos;Colis�o lateral mesmo sentido;Com V�timas Feridas;Plena Noite;Decrescente;Garoa/Chuvisco;Simples;"Curva;Em Obras";Sim;2;0;1;0;1;0;1;2;-26,86942;-49,10466;SPRF-SC;DEL04-SC;UOP01-DEL04-SC;;;
727767;26/10/2025;domingo;16:00:00;PI;135;125,7;BERTOLINIA;Ingest�o de �lcool pelo condutor;Sa�da de leito carro��vel;Com V�timas Fatais;Pleno dia;Crescente;C�u Claro;Simples;Reta;N�o;1;1;0;0;0;0;0;1;-7,654292;-43,953495;SPRF-PI;DEL03-PI;UOP01-DEL03-PI;;;