id;data_inversa;dia_semana;horario;uf;br;km;municipio;causa_acidente;tipo_acidente;classificacao_acidente;fase_dia;sentido_via;condicao_metereologica;tipo_pista;tracado_via;uso_solo;pessoas;mortos;feridos_leves;feridos_graves;ilesos;ignorados;feridos;veiculos;latitude;longitude;regional;delegacia;uop;;;
727768;26/10/2025;domingo;22:00:00;RJ;40;114;DUQUE DE CAXIAS;Demais falhas mec�nicas ou el�tricas;Tombamento;Sem V�timas;Plena Noite;Crescente;C�u Claro;M�ltipla;Reta;Sim;2;0;0;0;2;0;0;1;-22,71435491;-43,29013942;SPRF-RJ;DEL01-RJ;UOP02-DEL01-RJ;;;
727770;26/10/2025;domingo;17:30:00;MT;70;551;NOSSA SENHORA DO LIVRAMENTO;Aus�ncia de rea��o do condutor;Colis�o lateral mesmo sentido;Sem V�timas;Pleno dia;Decrescente;Chuva;Simples;"Reta;Aclive";N�o;4;0;0;0;4;0;0;2;-15,699959;-56,398938;SPRF-MT;DEL03-MT;UOP02-DEL03-MT;;;
727772;26/10/2025;domingo;22:20:00;ES;101;217;IBIRACU;Animais na Pista;Atropelamento de Animal;Com V�timas Feridas;Plena Noite;Crescente;C�u Claro;Dupla;"Aclive;Curva";N�o;2;0;1;0;1;0;1;1;-19,85418282;-40,38219521;SPRF-ES;DEL02-ES;UOP01-DEL02-ES;;;
727773;26/10/2025;domingo;21:50:00;RJ;116;285;BARRA MANSA;Demais falhas mec�nicas ou el�tricas;Eventos at�picos;Com V�timas Feridas;Plena Noite;Crescente;Nublado;Dupla;Reta;N�o;1;0;1;0;0;0;1;1;-22,50760833;-44,22116667;SPRF-RJ;DEL07-RJ;UOP02-DEL07-RJ;;;
727774;26/10/2025;domingo;22:30:00;BA;101;716;EUNAPOLIS;Rea��o tardia ou ineficiente do condutor;Capotamento;Sem V�timas;Plena Noite;Decrescente;C�u Claro;Simples;Reta;Sim;1;0;0;0;0;1;0;1;-16,368803;-39,58306;SPRF-BA;DEL09-BA;UOP01-DEL09-BA;;;
727776;26/10/2025;domingo;22:33:00;PE;101;43,8;IGARASSU;Acessar a via sem observar a presen�a dos outros ve�culos;Colis�o transversal;Sem V�timas;Plena Noite;Crescente;C�u Claro;M�ltipla;Reta;Sim;3;0;0;0;3;0;0;2;-7,8437317;-34,9104208;SPRF-PE;DEL01-PE;UOP02-DEL01-PE;;;
727777;26/10/2025;domingo;21:30:00;PR;376;166,9;MARINGA;Ingest�o de �lcool pelo condutor;Colis�o lateral mesmo sentido;Com V�timas Feridas;Plena Noite;Crescente;Nublado;Dupla;Reta;N�o;5;0;1;0;4;0;1;3;-23,38916564;-52,01723512;SPRF-PR;DEL09-PR;UOP01-DEL09-PR;;;
727778;26/10/2025;domingo;23:00:00;AL;316;248;PILAR;Transitar na contram�o;Colis�o frontal;Com V�timas Feridas;Plena Noite;Decrescente;Chuva;Simples;Reta;Sim;5;0;4;0;1;0;4;2;-9,5638036;-35,97154364;SPRF-AL;DEL01-AL;UOP01-DEL01-AL;;;
727780;26/10/2025;domingo;21:30:00;SC;282;232,7;LAGES;Rea��o tardia ou ineficiente do condutor;Sa�da de leito carro��vel;Com V�timas Feridas;Plena Noite;Decrescente;Chuva;Simples;Reta;N�o;1;0;1;0;0;0;1;1;-27,78596197;-50,45213096;SPRF-SC;DEL05-SC;UOP02-DEL05-SC;;;
727781;26/10/2025;domingo;22:30:00;PR;376;197,9;MARIALVA;Pedestre andava na pista;Atropelamento de Pedestre;Com V�timas Fatais;Plena Noite;Crescente;Nublado;Dupla;"Declive;Curva";N�o;3;1;1;0;0;1;1;2;-23,49956623;-51,76899131;SPRF-PR;DEL09-PR;UOP01-DEL09-PR;;;
727783;26/10/2025;domingo;23:02:00;GO;20;220;POSSE;Transitar na contram�o;Colis�o frontal;Com V�timas Feridas;Plena Noite;Crescente;C�u Claro;Simples;"Reta;Declive";N�o;6;0;4;1;0;1;5;2;-14,194753;-46,331735;SPRF-DF;DEL02-DF;UOP03-DEL02-DF;;;
727786;26/10/2025;domingo;22:35:00;SC;280;79,9;CORUPA;Ingest�o de �lcool pelo condutor;Colis�o com objeto;Com V�timas Feridas;Plena Noite;Decrescente;Garoa/Chuvisco;Simples;Rotat�ria;N�o;1;0;1;0;0;0;1;1;-26,440617;-49,22135;SPRF-SC;DEL06-SC;UOP03-DEL06-SC;;;
727787;26/10/2025;domingo;14:00:00;MG;262;437;NOVA SERRANA;Avarias e/ou desgaste excessivo no pneu;Tombamento;Com V�timas Feridas;Pleno dia;Crescente;Sol;Dupla;Reta;Sim;2;0;0;1;1;0;1;1;-19,87235204;-44,96611914;SPRF-MG;DEL08-MG;UOP03-DEL08-MG;;;
727788;27/10/2025;segunda-feira;00:20:00;PB;230;27;JOAO PESSOA;Transitar no Acostamento;Colis�o traseira;Sem V�timas;Plena Noite;Decrescente;C�u Claro;Dupla;Reta;Sim;2;0;0;0;1;1;0;2;-7,16608748;-34,88902688;SPRF-PB;DEL01-PB;UOP01-DEL01-PB;;;
727789;26/10/2025;domingo;17:15:00;SP;116;65;GUARATINGUETA;Aus�ncia de rea��o do condutor;Colis�o traseira;Sem V�timas;Pleno dia;Decrescente;C�u Claro;Dupla;Reta;N�o;2;0;0;0;2;0;0;2;-22,83213633;-45,16609965;SPRF-SP;DEL08-SP;UOP01-DEL08-SP;;;
727790;26/10/2025;domingo;23:30:00;SP;116;64;GUARATINGUETA;Aus�ncia de rea��o do condutor;Capotamento;Com V�timas Feridas;Plena Noite;Decrescente;C�u Claro;Dupla;Curva;N�o;2;0;2;0;0;0;2;1;-22,85238583;-45,17708598;SPRF-SP;DEL08-SP;UOP01-DEL08-SP;;;
727791;26/10/2025;domingo;23:20:00;SC;101;105,1;PENHA;Ingest�o de �lcool pelo condutor;Colis�o com objeto;Sem V�timas;Plena Noite;Decrescente;Nublado;Dupla;Curva;N�o;1;0;0;0;1;0;0;1;-26,8034157;-48,67909741;SPRF-SC;DEL03-SC;UOP02-DEL03-SC;;;
727793;27/10/2025;segunda-feira;01:00:00;MG;381;483;BETIM;Ingest�o de �lcool pelo condutor;Colis�o lateral mesmo sentido;Sem V�timas;Plena Noite;Decrescente;C�u Claro;Dupla;Curva;Sim;1;0;0;0;0;1;0;1;-19,95822117;-44,0798853;SPRF-MG;DEL01-MG;UOP03-DEL01-MG;;;
727794;27/10/2025;segunda-feira;01:45:00;SP;116;8,6;QUELUZ;Entrada inopinada do pedestre;Atropelamento de Pedestre;Com V�timas Feridas;Plena Noite;Decrescente;C�u Claro;Dupla;Interse��o de Vias;Sim;2;0;0;1;0;1;1;2;-22,53630558;-44,76957589;SPRF-SP;DEL08-SP;UOP02-DEL08-SP;;;
727795;27/10/2025;segunda-feira;01:15:00;SC;101;306,5;LAGUNA;Rea��o tardia ou ineficiente do condutor;Colis�o com objeto;Com V�timas Feridas;Plena Noite;Crescente;Chuva;Dupla;Curva;N�o;4;0;3;0;1;0;3;1;-28,40391315;-48,78953353;SPRF-SC;DEL02-SC;UOP03-DEL02-SC;;;
727796;27/10/2025;segunda-feira;00:30:00;PR;376;403,5;TIBAGI;Chuva;Capotamento;Com V�timas Feridas;Plena Noite;Decrescente;Garoa/Chuvisco;Dupla;Curva;N�o;1;0;1;0;0;0;1;1;-24,6014172;-50,6645492;SPRF-PR;DEL03-PR;UOP02-DEL03-PR;;;
727798;27/10/2025;segunda-feira;02:40:00;PR;369;191;ARAPONGAS;Acessar a via sem observar a presen�a dos outros ve�culos;Colis�o traseira;Com V�timas Fatais;Plena Noite;Crescente;Nevoeiro/Neblina;Dupla;Reta;Sim;2;1;0;0;1;0;0;2;-23,445658;-51,423125;SPRF-PR;DEL07-PR;UOP03-DEL07-PR;;;
727799;27/10/2025;segunda-feira;01:30:00;PR;116;4;CAMPINA GRANDE DO SUL;Pedestre - Ingest�o de �lcool/ subst�ncias psicoativas;Atropelamento de Pedestre;Com V�timas Fatais;Plena Noite;Crescente;Nevoeiro/Neblina;Dupla;Reta;Sim;3;1;0;0;1;1;0;2;-25,361931;-49,080551;SPRF-PR;DEL01-PR;UOP02-DEL01-PR;;;
727802;26/10/2025;domingo;22:30:00;RO;364;341;JI-PARANA;Rea��o tardia ou ineficiente do condutor;Tombamento;Com V�timas Feridas;Plena Noite;Decrescente;Chuva;Simples;Reta;Sim;2;0;1;0;0;1;1;2;-10,884948;-61,935698;SPRF-RO;DEL02-RO;UOP01-DEL02-RO;;;
727805;27/10/2025;segunda-feira;03:20:00;BA;101;12,8;RIO REAL;Aus�ncia de rea��o do condutor;Sa�da de leito carro��vel;Sem V�timas;Plena Noite;Crescente;C�u Claro;Dupla;"Curva;Declive";N�o;1;0;0;0;1;0;0;1;-11,588698;-37,876123;SPRF-SE;DEL02-SE;UOP03-DEL02-SE;;;
727806;27/10/2025;segunda-feira;05:20:00;MG;116;124;ITAOBIM;Aus�ncia de rea��o do condutor;Colis�o com objeto;Sem V�timas;Amanhecer;Crescente;C�u Claro;Simples;Curva;N�o;1;0;0;0;0;1;0;1;-16,638461;-41,50076;SPRF-MG;DEL11-MG;UOP02-DEL11-MG;;;
727808;27/10/2025;segunda-feira;04:35:00;SC;101;370;ICARA;Demais falhas mec�nicas ou el�tricas;Inc�ndio;Sem V�timas;Plena Noite;Decrescente;Nublado;M�ltipla;Reta;N�o;1;0;0;0;1;0;0;1;-28,751779;-49,271642;SPRF-SC;DEL02-SC;UOP01-DEL02-SC;;;
727809;27/10/2025;segunda-feira;05:30:00;GO;153;497;GOIANIA;Aus�ncia de rea��o do condutor;Queda de ocupante de ve�culo;Com V�timas Feridas;Amanhecer;Decrescente;C�u Claro;Dupla;"Reta;Declive";Sim;2;0;1;0;1;0;1;2;-16,6737186;-49,22916837;SPRF-GO;DEL01-GO;UOP01-DEL01-GO;;;
727810;27/10/2025;segunda-feira;06:00:00;SC;101;126,2;ITAJAI;Chuva;Tombamento;Com V�timas Feridas;Pleno dia;Crescente;C�u Claro;Dupla;Reta;N�o;1;0;1;0;0;0;1;1;-26,95742;-48,68264;SPRF-SC;DEL04-SC;UOP04-DEL04-SC;;;
727811;27/10/2025;segunda-feira;04:40:00;PE;101;58,7;RECIFE;Aus�ncia de rea��o do condutor;Sa�da de leito carro��vel;Com V�timas Fatais;Amanhecer;Decrescente;C�u Claro;Dupla;Reta;N�o;1;1;0;0;0;0;0;1;-7,976697;-34,925665;SPRF-PE;DEL01-PE;UOP02-DEL01-PE;;;
727812;27/10/2025;segunda-feira;06:20:00;RN;406;169;SAO GONCALO DO AMARANTE;Aus�ncia de rea��o do condutor;Colis�o traseira;Com V�timas Feridas;Pleno dia;Crescente;Chuva;Dupla;"Retorno Regulamentado;Reta;Interse��o de Vias";Sim;3;0;1;0;2;0;1;2;-5,75795897;-35,30165702;SPRF-RN;DEL02-RN;UOP01-DEL02-RN;;;
727813;27/10/2025;segunda-feira;05:07:00;PI;316;311;PICOS;Rea��o tardia ou ineficiente do condutor;Colis�o transversal;Sem V�timas;Amanhecer;Crescente;C�u Claro;Dupla;Reta;Sim;2;0;0;0;1;1;0;2;-7,07908803;-41,46162987;SPRF-PI;DEL04-PI;UOP01-DEL04-PI;;;
727815;27/10/2025;segunda-feira;06:30:00;PB;230;21;JOAO PESSOA;Trafegar com motocicleta (ou similar) entre as faixas;Tombamento;Com V�timas Feridas;Pleno dia;Decrescente;C�u Claro;Dupla;Reta;Sim;2;0;0;1;1;0;1;1;-7,1647656;-34,90000248;SPRF-PB;DEL01-PB;UOP01-DEL01-PB;;;
727816;27/10/2025;segunda-feira;06:00:00;GO;60;69;ABADIANIA;Ingest�o de �lcool pelo condutor;Capotamento;Sem V�timas;Pleno dia;Crescente;C�u Claro;Dupla;Reta;N�o;4;0;0;0;4;0;0;1;-16,23737;-48,75954;SPRF-GO;DEL02-GO;UOP01-DEL02-GO;;;
727817;27/10/2025;segunda-feira;05:00:00;RJ;116;109;GUAPIMIRIM;Condutor deixou de manter dist�ncia do ve�culo da frente;Colis�o traseira;Com V�timas Feridas;Pleno dia;Decrescente;C�u Claro;Dupla;Curva;Sim;4;0;1;0;3;0;1;2;-22,54078132;-42,98606873;SPRF-RJ;DEL04-RJ;UOP01-DEL04-RJ;;;
727818;27/10/2025;segunda-feira;05:30:00;MG;262;422;SAO GONCALO DO PARA;Aus�ncia de rea��o do condutor;Sa�da de leito carro��vel;Com V�timas Feridas;Amanhecer;Crescente;Sol;Dupla;Declive;N�o;4;0;4;0;0;0;4;1;-19,89508421;-44,84773739;SPRF-MG;DEL08-MG;UOP03-DEL08-MG;;;
727819;27/10/2025;segunda-feira;06:18:00;BA;324;556;AMELIA RODRIGUES;Demais falhas na via;Queda de ocupante de ve�culo;Com V�timas Feridas;Amanhecer;Crescente;C�u Claro;Dupla;Reta;N�o;2;0;2;0;0;0;2;1;-12,482672;-38,667043;SPRF-BA;DEL01-BA;UOP03-DEL01-BA;;;
727822;26/10/2025;domingo;23:00:00;RJ;465;4;SEROPEDICA;Acessar a via sem observar a presen�a dos outros ve�culos;Colis�o lateral mesmo sentido;Com V�timas Feridas;Plena Noite;Decrescente;Nublado;Simples;Reta;N�o;2;0;1;0;1;0;1;2;-22,74468145;-43,70202796;SPRF-RJ;DEL06-RJ;UOP02-DEL06-RJ;;;
727823;26/10/2025;domingo;22:00:00;MG;116;412;GOVERNADOR VALADARES;Acessar a via sem observar a presen�a dos outros ve�culos;Colis�o lateral mesmo sentido;Com V�timas Feridas;Plena Noite;Crescente;C�u Claro;Dupla;Reta;Sim;2;0;1;0;1;0;1;2;-18,871518;-41,968837;SPRF-MG;DEL06-MG;UOP01-DEL06-MG;;;
727824;27/10/2025;segunda-feira;04:00:00;PE;316;247;BELEM DE SAO FRANCISCO;Frear bruscamente;Sa�da de leito carro��vel;Com V�timas Feridas;Amanhecer;Decrescente;C�u Claro;Simples;Reta;N�o;1;0;1;0;0;0;1;1;-8,66556;-38,994683;SPRF-PE;DEL05-PE;UOP03-DEL05-PE;;;
727826;27/10/2025;segunda-feira;05:15:00;SC;470;67;INDAIAL;Aus�ncia de rea��o do condutor;Atropelamento de Pedestre;Com V�timas Feridas;Amanhecer;Decrescente;Garoa/Chuvisco;Simples;Rotat�ria;N�o;3;0;3;0;0;0;3;2;-26,87311401;-49,23241703;SPRF-SC;DEL04-SC;UOP01-DEL04-SC;;;
727827;27/10/2025;segunda-feira;07:25:00;PE;101;68;RECIFE;Trafegar com motocicleta (ou similar) entre as faixas;Engavetamento;Com V�timas Feridas;Pleno dia;Decrescente;C�u Claro;Dupla;Reta;Sim;3;0;1;1;1;0;2;3;-8,060098;-34,94565;SPRF-PE;DEL01-PE;UOP01-DEL01-PE;;;
727829;27/10/2025;segunda-feira;06:20:00;BA;101;60;PORTO SEGURO;Acessar a via sem observar a presen�a dos outros ve�culos;Colis�o transversal;Com V�timas Feridas;Pleno dia;Decrescente;Nublado;Simples;Reta;N�o;3;0;1;1;1;0;2;2;-16,390598;-39,390714;SPRF-BA;DEL01-BA;UOP04-DEL01-BA;;;
727830;27/10/2025;segunda-feira;07:00:00;RS;472;143,8;TRES DE MAIO;Aus�ncia de rea��o do condutor;Sa�da de leito carro��vel;Com V�timas Feridas;Pleno dia;Decrescente;Nublado;Simples;Reta;N�o;1;0;1;0;0;0;1;1;-27,768923;-54,349827;SPRF-RS;DEL10-RS;UOP01-DEL10-RS;;;
727831;27/10/2025;segunda-feira;07:20:00;MG;381;501;BETIM;Manobra de mudan�a de faixa;Colis�o lateral mesmo sentido;Com V�timas Feridas;Pleno dia;Decrescente;C�u Claro;Dupla;Reta;N�o;2;0;1;0;1;0;1;2;-20,00834383;-44,21647009;SPRF-MG;DEL01-MG;UOP03-DEL01-MG;;;
727832;27/10/2025;segunda-feira;07:30:00;MG;50;169;UBERABA;Afundamento ou ondula��o no pavimento;Queda de ocupante de ve�culo;Com V�timas Feridas;Pleno dia;Decrescente;C�u Claro;Dupla;"Declive;Reta";Sim;1;0;1;0;0;0;1;1;-19,7508;-47,9366;SPRF-MG;DEL13-MG;UOP01-DEL13-MG;;;
727833;27/10/2025;segunda-feira;07:00:00;PR;277;80;SAO JOSE DOS PINHAIS;Aus�ncia de rea��o do condutor;Queda de ocupante de ve�culo;Com V�timas Feridas;Pleno dia;Crescente;C�u Claro;Dupla;Reta;Sim;1;0;1;0;0;0;1;1;-25,46659;-49,21451;SPRF-PR;DEL01-PR;UOP03-DEL01-PR;;;
727834;27/10/2025;segunda-feira;07:00:00;RJ;40;106;DUQUE DE CAXIAS;Rea��o tardia ou ineficiente do condutor;Colis�o transversal;Com V�timas Feridas;Amanhecer;Decrescente;C�u Claro;Dupla;Reta;Sim;2;0;0;1;1;0;1;2;-22,65509361;-43,28360304;SPRF-RJ;DEL01-RJ;UOP02-DEL01-RJ;;;
727835;27/10/2025;segunda-feira;06:36:00;SC;280;94;SAO BENTO DO SUL;Rea��o tardia ou ineficiente do condutor;Sa�da de leito carro��vel;Com V�timas Feridas;Pleno dia;Decrescente;Garoa/Chuvisco;Simples;Reta;N�o;2;0;1;0;1;0;1;1;-26,370927;-49,333675;SPRF-SC;DEL06-SC;UOP03-DEL06-SC;;;
727837;27/10/2025;segunda-feira;07:30:00;RJ;101;513;ANGRA DOS REIS;Acessar a via sem observar a presen�a dos outros ve�culos;Colis�o traseira;Com V�timas Feridas;Pleno dia;Decrescente;C�u Claro;Simples;"Reta;Rotat�ria";Sim;2;0;0;1;1;0;1;2;-22,97704356;-44,44617748;SPRF-RJ;DEL03-RJ;UOP03-DEL03-RJ;;;
727838;27/10/2025;segunda-feira;07:15:00;SC;470;149,9;AGRONOMICA;Aus�ncia de rea��o do condutor;Sa�da de leito carro��vel;Com V�timas Feridas;Pleno dia;Decrescente;Chuva;Simples;"Retorno Regulamentado;Interse��o de Vias";N�o;2;0;2;0;0;0;2;1;-27,25709;-49,71219;SPRF-SC;DEL04-SC;UOP02-DEL04-SC;;;
727839;27/10/2025;segunda-feira;06:30:00;PR;116;128;CURITIBA;Aus�ncia de rea��o do condutor;Sa�da de leito carro��vel;Com V�timas Feridas;Pleno dia;Decrescente;Nublado;Dupla;Reta;N�o;1;0;1;0;0;0;1;1;-25,59057176;-49,31409717;SPRF-PR;DEL01-PR;UOP03-DEL01-PR;;;
727840;27/10/2025;segunda-feira;07:20:00;SP;153;171,7;GUAICARA;Condutor deixou de manter dist�ncia do ve�culo da frente;Colis�o traseira;Com V�timas Feridas;Pleno dia;Crescente;Chuva;Simples;"Reta;Interse��o de Vias";Sim;3;0;1;0;2;0;1;2;-21,59226453;-49,78469107;SPRF-SP;DEL07-SP;UOP01-DEL07-SP;;;
727841;27/10/2025;segunda-feira;07:30:00;RS;116;300,5;GUAIBA;Condutor Dormindo;Atropelamento de Pedestre;Com V�timas Feridas;Pleno dia;Crescente;C�u Claro;Simples;Reta;Sim;2;0;1;1;0;0;2;2;-30,128675;-51,351679;SPRF-RS;DEL02-RS;UOP01-DEL02-RS;;;
727843;27/10/2025;segunda-feira;08:00:00;SP;116;210,5;GUARULHOS;Rea��o tardia ou ineficiente do condutor;Colis�o traseira;Com V�timas Feridas;Pleno dia;Crescente;C�u Claro;Dupla;Aclive;N�o;2;0;1;0;1;0;1;2;-23,429957;-46,414722;SPRF-SP;DEL01-SP;UOP01-DEL01-SP;;;
727844;27/10/2025;segunda-feira;06:30:00;SC;101;235;PALHOCA;Acumulo de �gua sobre o pavimento;Colis�o traseira;Com V�timas Feridas;Pleno dia;Decrescente;Chuva;Dupla;"Aclive;Curva";N�o;3;0;1;0;2;0;1;2;-27,81845865;-48,63119817;SPRF-SC;DEL01-SC;UOP02-DEL01-SC;;;
727845;27/10/2025;segunda-feira;07:05:00;DF;20;6;BRASILIA;Aus�ncia de rea��o do condutor;Colis�o traseira;Com V�timas Feridas;Pleno dia;Decrescente;C�u Claro;Dupla;"Reta;Ponte";Sim;2;0;1;0;1;0;1;2;-15,66637559;-47,80904353;SPRF-DF;DEL02-DF;UOP01-DEL02-DF;;;
727847;27/10/2025;segunda-feira;07:20:00;SC;101;110,4;NAVEGANTES;Aus�ncia de rea��o do condutor;Tombamento;Com V�timas Feridas;Pleno dia;Decrescente;Chuva;Dupla;Reta;N�o;4;0;3;0;1;0;3;3;-26,83626608;-48,71041171;SPRF-SC;DEL04-SC;UOP04-DEL04-SC;;;
727848;27/10/2025;segunda-feira;08:20:00;SP;116;358;MIRACATU;Rea��o tardia ou ineficiente do condutor;Tombamento;Com V�timas Feridas;Pleno dia;Decrescente;Nublado;Dupla;"Aclive;Reta";N�o;1;0;1;0;0;0;1;1;-24,1582919;-47,326769;SPRF-SP;DEL04-SP;UOP03-DEL04-SP;;;
727849;27/10/2025;segunda-feira;07:25:00;BA;101;708,9;EUNAPOLIS;Aus�ncia de rea��o do condutor;Colis�o traseira;Com V�timas Feridas;Pleno dia;Crescente;C�u Claro;Simples;Reta;N�o;3;0;3;0;0;0;3;2;-16,30121007;-39,592309;SPRF-BA;DEL09-BA;UOP01-DEL09-BA;;;
727850;18/09/2025;quinta-feira;06:50:00;PR;277;80;CURITIBA;Condutor deixou de manter dist�ncia do ve�culo da frente;Colis�o traseira;Com V�timas Feridas;Pleno dia;Decrescente;C�u Claro;Dupla;Reta;Sim;3;0;1;1;1;0;2;2;-25,45863739;-49,22144763;SPRF-PR;DEL01-PR;UOP03-DEL01-PR;;;
727851;26/10/2025;domingo;17:50:00;MA;135;23;SAO LUIS;Ingest�o de �lcool pelo condutor;Colis�o lateral mesmo sentido;Sem V�timas;Plena Noite;Decrescente;C�u Claro;Dupla;Reta;Sim;2;0;0;0;2;0;0;2;-2,75534701;-44,35047626;SPRF-MA;DEL01-MA;UOP01-DEL01-MA;;;
727852;12/10/2025;domingo;19:00:00;ES;101;146;LINHARES;Manobra de mudan�a de faixa;Colis�o traseira;Com V�timas Feridas;Plena Noite;Crescente;C�u Claro;Dupla;Reta;Sim;4;0;2;0;0;2;2;3;-19,373014;-40,065606;SPRF-ES;DEL04-ES;UOP01-DEL04-ES;;;
727853;27/10/2025;segunda-feira;07:20:00;GO;60;373,3;RIO VERDE;Avarias e/ou desgaste excessivo no pneu;Tombamento;Com V�timas Feridas;Pleno dia;Crescente;C�u Claro;Dupla;"Reta;Declive";N�o;2;0;1;1;0;0;2;1;-17,727731;-50,865628;SPRF-GO;DEL04-GO;UOP02-DEL04-GO;;;
727854;27/10/2025;segunda-feira;06:05:00;RN;304;221,2;CAICARA DO RIO DO VENTO;Avarias e/ou desgaste excessivo no pneu;Capotamento;Com V�timas Feridas;Pleno dia;Decrescente;Chuva;Simples;Curva;N�o;1;0;1;0;0;0;1;1;-5,76002652;-35,97833633;SPRF-RN;DEL01-RN;UOP03-DEL01-RN;;;
727855;27/10/2025;segunda-feira;08:35:00;RS;290;94;PORTO ALEGRE;Ingest�o de �lcool pelo condutor;Queda de ocupante de ve�culo;Com V�timas Feridas;Pleno dia;Decrescente;Nublado;Dupla;Curva;N�o;1;0;1;0;0;0;1;1;-29,9757734;-51,1984282;SPRF-RS;DEL01-RS;UOP01-DEL01-RS;;;
727859;27/10/2025;segunda-feira;08:10:00;SC;282;3;FLORIANOPOLIS;Rea��o tardia ou ineficiente do condutor;Queda de ocupante de ve�culo;Com V�timas Feridas;Pleno dia;Decrescente;Chuva;Dupla;Reta;Sim;1;0;1;0;0;0;1;1;-27,60116191;-48,59883817;SPRF-SC;DEL01-SC;UOP01-DEL01-SC;;;
727860;27/10/2025;segunda-feira;05:40:00;PR;116;183;CAMPO DO TENENTE;Rea��o tardia ou ineficiente do condutor;Sa�da de leito carro��vel;Com V�timas Feridas;Amanhecer;Crescente;Nublado;Simples;Curva;N�o;1;0;1;0;0;0;1;1;-25,930908;-49,629235;SPRF-PR;DEL01-PR;UOP03-DEL01-PR;;;
727862;27/10/2025;segunda-feira;08:05:00;SC;101;213,1;PALHOCA;Trafegar com motocicleta (ou similar) entre as faixas;Colis�o lateral mesmo sentido;Com V�timas Feridas;Pleno dia;Crescente;Chuva;M�ltipla;Reta;Sim;3;0;1;0;1;1;1;3;-27,63797665;-48,66602032;SPRF-SC;DEL01-SC;UOP02-DEL01-SC;;;
727864;27/10/2025;segunda-feira;08:50:00;SC;101;208,4;SAO JOSE;Aus�ncia de rea��o do condutor;Colis�o traseira;Com V�timas Feridas;Pleno dia;Crescente;Chuva;Dupla;"Viaduto;Reta";Sim;2;0;1;0;1;0;1;2;-27,60539;-48,63468;SPRF-SC;DEL01-SC;UOP01-DEL01-SC;;;
727865;27/10/2025;segunda-feira;08:00:00;SC;282;115;ALFREDO WAGNER;Chuva;Sa�da de leito carro��vel;Com V�timas Feridas;Pleno dia;Decrescente;Chuva;Simples;Curva;N�o;2;0;1;0;1;0;1;2;-27,69657945;-49,33830611;SPRF-SC;DEL01-SC;UOP03-DEL01-SC;;;
727869;27/10/2025;segunda-feira;09:45:00;PR;369;148,1;LONDRINA;Convers�o proibida;Colis�o transversal;Com V�timas Feridas;Pleno dia;Crescente;C�u Claro;M�ltipla;Interse��o de Vias;Sim;2;0;1;0;1;0;1;2;-23,292882;-51,143034;SPRF-PR;DEL07-PR;UOP01-DEL07-PR;;;
727871;27/10/2025;segunda-feira;09:00:00;SC;101;203,1;SAO JOSE;Desrespeitar a prefer�ncia no cruzamento;Colis�o transversal;Com V�timas Feridas;Pleno dia;Crescente;Chuva;Dupla;"Viaduto;Reta";Sim;2;0;1;0;1;0;1;2;-27,56585074;-48,6145613;SPRF-SC;DEL01-SC;UOP01-DEL01-SC;;;
727872;27/10/2025;segunda-feira;10:20:00;PI;343;1;LUIS CORREIA;Ingest�o de �lcool pelo condutor;Colis�o lateral mesmo sentido;Sem V�timas;Pleno dia;Crescente;Sol;Simples;Reta;Sim;2;0;0;0;2;0;0;2;-2,8911;-41,668011;SPRF-PI;DEL05-PI;UOP01-DEL05-PI;;;
727874;27/10/2025;segunda-feira;08:10:00;RO;364;13,6;VILHENA;Rea��o tardia ou ineficiente do condutor;Colis�o lateral mesmo sentido;Com V�timas Feridas;Pleno dia;Crescente;C�u Claro;Dupla;Reta;Sim;3;0;0;2;0;1;2;2;-12,739805;-60,1361662;SPRF-RO;DEL04-RO;UOP01-DEL04-RO;;;
727875;22/09/2025;segunda-feira;15:40:00;AL;101;159,9;CAMPO ALEGRE;Acessar a via sem observar a presen�a dos outros ve�culos;Colis�o traseira;Com V�timas Feridas;Pleno dia;Decrescente;Sol;Dupla;"Retorno Regulamentado;Reta";Sim;2;0;0;1;0;1;1;2;-9,903172;-36,223253;SPRF-AL;DEL02-AL;UOP02-DEL02-AL;;;
727876;27/10/2025;segunda-feira;09:15:00;MT;364;290;JACIARA;Condutor Dormindo;Sa�da de leito carro��vel;Com V�timas Feridas;Pleno dia;Decrescente;C�u Claro;Dupla;Reta;N�o;2;0;2;0;0;0;2;1;-15,89566789;-55,10112463;SPRF-MT;DEL05-MT;UOP02-DEL05-MT;;;
727879;23/10/2025;quinta-feira;18:00:00;MG;381;662;SANTO ANTONIO DO AMPARO;Animais na Pista;Atropelamento de Animal;Com V�timas Feridas;Plena Noite;Decrescente;C�u Claro;Dupla;Reta;N�o;2;0;1;1;0;0;2;1;-21,02389839;-44,99650991;SPRF-MG;DEL04-MG;UOP02-DEL04-MG;;;
727880;27/10/2025;segunda-feira;10:20:00;RO;174;16;VILHENA;Aus�ncia de rea��o do condutor;Colis�o lateral mesmo sentido;Com V�timas Feridas;Pleno dia;Decrescente;Nublado;Dupla;"Reta;Em Obras";Sim;2;0;2;0;0;0;2;2;-12,722408;-60,128098;SPRF-RO;DEL04-RO;UOP01-DEL04-RO;;;
727881;27/10/2025;segunda-feira;11:25:00;GO;20;9,5;FORMOSA;Mal s�bito do condutor;Colis�o frontal;Com V�timas Feridas;Pleno dia;Crescente;C�u Claro;Simples;"Reta;Em Obras";N�o;5;0;0;5;0;0;5;2;-15,556492;-47,27086;SPRF-DF;DEL02-DF;UOP02-DEL02-DF;;;