id;data_inversa;dia_semana;horario;uf;br;km;municipio;causa_acidente;tipo_acidente;classificacao_acidente;fase_dia;sentido_via;condicao_metereologica;tipo_pista;tracado_via;uso_solo;pessoas;mortos;feridos_leves;feridos_graves;ilesos;ignorados;feridos;veiculos;latitude;longitude;regional;delegacia;uop;;;
727882;27/10/2025;segunda-feira;10:55:00;MG;40;531,6;BELO HORIZONTE;Rea��o tardia ou ineficiente do condutor;Colis�o traseira;Com V�timas Feridas;Pleno dia;Crescente;C�u Claro;Dupla;Declive;Sim;2;0;1;0;1;0;1;2;-19,923822;-44,01735544;SPRF-MG;DEL01-MG;UOP02-DEL01-MG;;;
727884;27/10/2025;segunda-feira;11:30:00;RS;285;309;PASSO FUNDO;Acessar a via sem observar a presen�a dos outros ve�culos;Colis�o lateral sentido oposto;Com V�timas Feridas;Pleno dia;Decrescente;C�u Claro;Simples;"Interse��o de Vias;Curva";N�o;3;0;1;0;2;0;1;2;-28,23702044;-52,52475232;SPRF-RS;DEL08-RS;UOP03-DEL08-RS;;;
727886;27/10/2025;segunda-feira;11:20:00;RS;471;190;PANTANO GRANDE;Aus�ncia de rea��o do condutor;Queda de ocupante de ve�culo;Com V�timas Feridas;Pleno dia;Crescente;C�u Claro;Dupla;"Curva;Rotat�ria";N�o;1;0;0;1;0;0;1;1;-30,16500756;-52,37410069;SPRF-RS;DEL02-RS;UOP03-DEL02-RS;;;
727887;27/10/2025;segunda-feira;10:25:00;MT;70;382;CAMPO VERDE;Acessar a via sem observar a presen�a dos outros ve�culos;Colis�o transversal;Com V�timas Feridas;Pleno dia;Crescente;C�u Claro;Simples;"Retorno Regulamentado;Reta;Interse��o de Vias";Sim;2;0;1;0;1;0;1;2;-15,551448;-55,168312;SPRF-MT;DEL05-MT;UOP02-DEL05-MT;;;
727888;27/10/2025;segunda-feira;10:55:00;ES;101;129,3;SOORETAMA;Ingest�o de �lcool pelo condutor;Colis�o traseira;Com V�timas Feridas;Pleno dia;Crescente;C�u Claro;Simples;Reta;N�o;2;0;1;0;1;0;1;2;-19,2243819;-40,09323615;SPRF-ES;DEL04-ES;UOP01-DEL04-ES;;;
727890;27/10/2025;segunda-feira;08:30:00;RJ;116;169,8;RIO DE JANEIRO;Rea��o tardia ou ineficiente do condutor;Colis�o com objeto;Sem V�timas;Pleno dia;Crescente;C�u Claro;Dupla;Reta;Sim;1;0;0;0;1;0;0;1;-22,81264393;-43,33090274;SPRF-RJ;DEL06-RJ;UOP01-DEL06-RJ;;;
727891;26/10/2025;domingo;23:00:00;MT;70;611;POCONE;Animais na Pista;Atropelamento de Animal;Sem V�timas;Plena Noite;Decrescente;Chuva;Simples;Curva;N�o;1;0;0;0;1;0;0;1;-15,886028;-56,889321;SPRF-MT;DEL03-MT;UOP02-DEL03-MT;;;
727892;27/10/2025;segunda-feira;11:45:00;BA;101;890;CARAVELAS;Animais na Pista;Atropelamento de Animal;Sem V�timas;Pleno dia;Decrescente;Sol;Simples;Reta;N�o;1;0;0;0;1;0;0;1;-17,645317;-39,770232;SPRF-BA;DEL09-BA;UOP02-DEL09-BA;;;
727893;27/10/2025;segunda-feira;11:10:00;GO;40;99;CRISTALINA;Rea��o tardia ou ineficiente do condutor;Colis�o traseira;Sem V�timas;Pleno dia;Decrescente;C�u Claro;Simples;"Em Obras;Aclive;Reta";Sim;2;0;0;0;2;0;0;2;-16,76899;-47,59209;SPRF-DF;DEL01-DF;UOP02-DEL01-DF;;;
727895;27/10/2025;segunda-feira;07:10:00;PE;316;12;ARARIPINA;Manobra de mudan�a de faixa;Colis�o lateral sentido oposto;Com V�timas Feridas;Pleno dia;Crescente;Sol;Simples;Reta;Sim;3;0;1;0;2;0;1;2;-7,508325;-40,575682;SPRF-PE;DEL05-PE;UOP02-DEL05-PE;;;
727896;27/10/2025;segunda-feira;12:50:00;SC;282;47;AGUAS MORNAS;Aus�ncia de rea��o do condutor;Sa�da de leito carro��vel;Com V�timas Feridas;Pleno dia;Crescente;Garoa/Chuvisco;Simples;Reta;N�o;1;0;1;0;0;0;1;1;-27,70301134;-48,82602163;SPRF-SC;DEL01-SC;UOP03-DEL01-SC;;;
727898;27/10/2025;segunda-feira;12:30:00;PR;376;179,5;MARINGA;Aus�ncia de rea��o do condutor;Colis�o traseira;Com V�timas Feridas;Pleno dia;Decrescente;Nublado;Dupla;"Viaduto;Reta";Sim;3;0;0;1;2;0;1;2;-23,42091805;-51,90822634;SPRF-PR;DEL09-PR;UOP01-DEL09-PR;;;
727899;27/10/2025;segunda-feira;09:40:00;MS;163;622;SAO GABRIEL DO OESTE;Rea��o tardia ou ineficiente do condutor;Sa�da de leito carro��vel;Com V�timas Feridas;Pleno dia;Crescente;C�u Claro;Dupla;Reta;N�o;1;0;0;1;0;0;1;1;-19,340101;-54,601757;SPRF-MS;DEL06-MS;UOP02-DEL06-MS;;;
727900;27/10/2025;segunda-feira;13:00:00;PB;230;13;CABEDELO;Velocidade Incompat�vel;Engavetamento;Sem V�timas;Pleno dia;Decrescente;Sol;Dupla;"Em Obras;Reta";Sim;4;0;0;0;3;1;0;4;-7,082103;-34,848779;SPRF-PB;DEL01-PB;UOP01-DEL01-PB;;;
727901;27/10/2025;segunda-feira;12:18:00;SC;470;45;GASPAR;Rea��o tardia ou ineficiente do condutor;Colis�o lateral mesmo sentido;Com V�timas Feridas;Pleno dia;Decrescente;Chuva;Dupla;Em Obras;N�o;2;0;1;0;1;0;1;2;-26,86280641;-49,03493134;SPRF-SC;DEL04-SC;UOP01-DEL04-SC;;;
727902;27/10/2025;segunda-feira;12:35:00;MG;116;525,7;CARATINGA;Acessar a via sem observar a presen�a dos outros ve�culos;Colis�o transversal;Com V�timas Feridas;Pleno dia;Decrescente;C�u Claro;M�ltipla;Interse��o de Vias;Sim;2;0;1;0;1;0;1;2;-19,77946943;-42,13295102;SPRF-MG;DEL06-MG;UOP02-DEL06-MG;;;
727903;27/10/2025;segunda-feira;12:30:00;DF;70;5;BRASILIA;Manobra de mudan�a de faixa;Sa�da de leito carro��vel;Sem V�timas;Pleno dia;Crescente;C�u Claro;Dupla;Reta;Sim;1;0;0;0;1;0;0;1;-15,796585;-48,091735;SPRF-DF;DEL03-DF;UOP02-DEL03-DF;;;
727904;27/10/2025;segunda-feira;09:20:00;AC;364;127;RIO BRANCO;Manobra de mudan�a de faixa;Colis�o transversal;Com V�timas Feridas;Pleno dia;Decrescente;Nublado;Simples;Reta;Sim;3;0;1;0;1;1;1;3;-10,028888;-67,828727;SPRF-AC;DEL01-AC;UOP01-DEL01-AC;;;
727905;27/10/2025;segunda-feira;14:05:00;MG;381;925,3;ITAPEVA;Chuva;Sa�da de leito carro��vel;Com V�timas Feridas;Pleno dia;Crescente;Chuva;Dupla;Curva;N�o;2;0;1;0;1;0;1;1;-22,7672064;-46,2159872;SPRF-MG;DEL16-MG;UOP03-DEL16-MG;;;
727906;27/10/2025;segunda-feira;14:05:00;DF;70;11;BRASILIA;Acessar a via sem observar a presen�a dos outros ve�culos;Colis�o lateral mesmo sentido;Com V�timas Feridas;Pleno dia;Decrescente;C�u Claro;Dupla;Reta;Sim;4;0;1;0;1;2;1;3;-15,79131;-48,15106;SPRF-DF;DEL03-DF;UOP02-DEL03-DF;;;
727908;27/10/2025;segunda-feira;14:10:00;BA;116;462;SANTO ESTEVAO;Transitar no Acostamento;Colis�o lateral mesmo sentido;Com V�timas Feridas;Pleno dia;Decrescente;Nublado;Dupla;Reta;N�o;2;0;0;2;0;0;2;2;-12,45139;-39,25129;SPRF-BA;DEL02-BA;UOP01-DEL02-BA;;;
727915;27/10/2025;segunda-feira;13:20:00;SC;101;134,1;BALNEARIO CAMBORIU;Rea��o tardia ou ineficiente do condutor;Colis�o traseira;Com V�timas Feridas;Pleno dia;Decrescente;Garoa/Chuvisco;Simples;Reta;Sim;2;0;1;0;1;0;1;2;-27,0016316;-48,63956451;SPRF-SC;DEL04-SC;UOP03-DEL04-SC;;;
727916;27/10/2025;segunda-feira;15:00:00;PR;376;252;CALIFORNIA;Condutor deixou de manter dist�ncia do ve�culo da frente;Colis�o traseira;Com V�timas Feridas;Pleno dia;Crescente;Chuva;Dupla;Reta;N�o;2;0;1;0;1;0;1;2;-23,640744;-51,378464;SPRF-PR;DEL07-PR;UOP03-DEL07-PR;;;
727918;27/10/2025;segunda-feira;15:00:00;MG;381;732;ITUTINGA;Chuva;Sa�da de leito carro��vel;Com V�timas Feridas;Pleno dia;Decrescente;Chuva;Dupla;Curva;N�o;2;0;1;0;1;0;1;1;-21,35314736;-44,75788881;SPRF-MG;DEL16-MG;UOP02-DEL16-MG;;;
727919;27/10/2025;segunda-feira;14:28:00;RJ;40;68,2;PETROPOLIS;Avarias e/ou desgaste excessivo no pneu;Tombamento;Com V�timas Feridas;Pleno dia;Decrescente;C�u Claro;Dupla;Curva;Sim;2;0;2;0;0;0;2;1;-22,439905;-43,186337;SPRF-RJ;DEL05-RJ;UOP02-DEL05-RJ;;;
727923;27/10/2025;segunda-feira;15:40:00;RJ;116;281;BARRA MANSA;Condutor Dormindo;Colis�o com objeto;Com V�timas Feridas;Pleno dia;Crescente;Chuva;Dupla;Curva;N�o;47;0;30;4;13;0;34;2;-22,52981942;-44,19563167;SPRF-RJ;DEL07-RJ;UOP02-DEL07-RJ;;;
727924;07/08/2025;quinta-feira;19:44:00;RS;116;262;CANOAS;Manobra de mudan�a de faixa;Colis�o lateral mesmo sentido;Com V�timas Feridas;Plena Noite;Crescente;Nublado;M�ltipla;Reta;Sim;2;0;1;0;1;0;1;2;-29,89710132;-51,17613805;SPRF-RS;DEL01-RS;UOP01-DEL01-RS;;;
727926;28/09/2025;domingo;12:21:00;PA;163;521;TRAIRAO;Velocidade Incompat�vel;Capotamento;Sem V�timas;Pleno dia;Crescente;C�u Claro;Simples;Curva;N�o;2;0;0;0;0;2;0;1;-5,351905;-55,911725;SPRF-PA;DEL05-PA;UOP03-DEL05-PA;;;
727927;27/10/2025;segunda-feira;15:01:00;RO;364;711;PORTO VELHO;Aus�ncia de rea��o do condutor;Colis�o traseira;Com V�timas Feridas;Pleno dia;Decrescente;C�u Claro;Dupla;"Curva;Viaduto";Sim;3;0;0;1;2;0;1;2;-8,778169;-63,871703;SPRF-RO;DEL01-RO;UOP01-DEL01-RO;;;
727928;27/10/2025;segunda-feira;16:00:00;MG;40;654,5;CRISTIANO OTONI;Avarias e/ou desgaste excessivo no pneu;Sa�da de leito carro��vel;Com V�timas Feridas;Pleno dia;Crescente;Chuva;Dupla;"Declive;Curva";N�o;1;0;1;0;0;0;1;1;-20,864239;-43,797736;SPRF-MG;DEL05-MG;UOP02-DEL05-MG;;;
727929;27/10/2025;segunda-feira;15:30:00;SC;101;134;BALNEARIO CAMBORIU;Acessar a via sem observar a presen�a dos outros ve�culos;Colis�o lateral mesmo sentido;Com V�timas Feridas;Pleno dia;Crescente;Nublado;M�ltipla;Reta;N�o;2;0;2;0;0;0;2;2;-27,0038022;-48,6349721;SPRF-SC;DEL04-SC;UOP03-DEL04-SC;;;
727930;27/10/2025;segunda-feira;15:47:00;PE;232;268;SERTANIA;Demais falhas mec�nicas ou el�tricas;Inc�ndio;Sem V�timas;Pleno dia;Decrescente;C�u Claro;Simples;Reta;N�o;1;0;0;0;1;0;0;1;-8,4086116;-37,1710825;SPRF-PE;DEL04-PE;UOP02-DEL04-PE;;;
727931;27/10/2025;segunda-feira;12:00:00;PR;376;444;TIBAGI;Rea��o tardia ou ineficiente do condutor;Sa�da de leito carro��vel;Com V�timas Feridas;Pleno dia;Decrescente;C�u Claro;Dupla;"Declive;Curva";N�o;1;0;1;0;0;0;1;1;-24,876977;-50,441552;SPRF-PR;DEL03-PR;UOP02-DEL03-PR;;;
727932;16/09/2025;ter�a-feira;15:23:00;PA;163;278;NOVO PROGRESSO;Ingest�o de �lcool pelo condutor;Tombamento;Sem V�timas;Pleno dia;Decrescente;C�u Claro;Simples;Reta;N�o;1;0;0;0;0;1;0;1;-7,354611;-55,29796278;SPRF-PA;DEL05-PA;UOP03-DEL05-PA;;;
727933;27/10/2025;segunda-feira;14:30:00;RS;290;179,1;BUTIA;Condutor deixou de manter dist�ncia do ve�culo da frente;Colis�o traseira;Com V�timas Feridas;Pleno dia;Crescente;C�u Claro;Simples;Reta;N�o;3;0;2;0;1;0;2;2;-30,13677171;-52,00552074;SPRF-RS;DEL02-RS;UOP03-DEL02-RS;;;
727935;27/10/2025;segunda-feira;15:50:00;BA;101;719;EUNAPOLIS;Acessar a via sem observar a presen�a dos outros ve�culos;Colis�o transversal;Com V�timas Feridas;Pleno dia;Crescente;C�u Claro;Simples;Interse��o de Vias;Sim;2;0;1;0;1;0;1;2;-16,38642756;-39,58634317;SPRF-BA;DEL09-BA;UOP01-DEL09-BA;;;
727936;27/10/2025;segunda-feira;15:30:00;CE;116;42;HORIZONTE;Rea��o tardia ou ineficiente do condutor;Colis�o lateral mesmo sentido;Com V�timas Feridas;Pleno dia;Crescente;C�u Claro;Dupla;Reta;Sim;2;0;0;1;1;0;1;2;-4,103112;-38,499561;SPRF-CE;DEL01-CE;UOP02-DEL01-CE;;;
727937;27/10/2025;segunda-feira;16:35:00;SE;235;3,2;NOSSA SENHORA DO SOCORRO;Rea��o tardia ou ineficiente do condutor;Colis�o traseira;Com V�timas Feridas;Pleno dia;Decrescente;C�u Claro;Dupla;Reta;Sim;3;0;1;0;2;0;1;2;-10,905808;-37,109473;SPRF-SE;DEL01-SE;UOP01-DEL01-SE;;;
727939;27/10/2025;segunda-feira;15:40:00;PE;316;222,8;BELEM DE SAO FRANCISCO;Avarias e/ou desgaste excessivo no pneu;Capotamento;Com V�timas Feridas;Pleno dia;Decrescente;C�u Claro;Simples;Reta;N�o;1;0;1;0;0;0;1;1;-8,566642;-39,1898;SPRF-PE;DEL05-PE;UOP03-DEL05-PE;;;
727940;27/10/2025;segunda-feira;17:00:00;MG;40;545;NOVA LIMA;Condutor deixou de manter dist�ncia do ve�culo da frente;Engavetamento;Com V�timas Feridas;Pleno dia;Decrescente;C�u Claro;Dupla;Reta;N�o;4;0;1;0;3;0;1;3;-20,011586;-43,967062;SPRF-MG;DEL01-MG;UOP02-DEL01-MG;;;
727941;27/10/2025;segunda-feira;15:45:00;PE;424;3,8;ARCOVERDE;Rea��o tardia ou ineficiente do condutor;Capotamento;Sem V�timas;Pleno dia;Decrescente;C�u Claro;Simples;Curva;N�o;4;0;0;0;4;0;0;1;-8,4585237;-37,04451084;SPRF-PE;DEL04-PE;UOP02-DEL04-PE;;;
727942;27/10/2025;segunda-feira;16:50:00;PE;408;96;JABOATAO DOS GUARARAPES;Manobra de mudan�a de faixa;Colis�o lateral mesmo sentido;Com V�timas Feridas;Pleno dia;Crescente;Nublado;Dupla;Reta;Sim;2;0;1;0;1;0;1;2;-8,075898;-34,992396;SPRF-PE;DEL01-PE;UOP01-DEL01-PE;;;
727943;27/10/2025;segunda-feira;15:30:00;RS;386;35,7;FREDERICO WESTPHALEN;Aus�ncia de rea��o do condutor;Colis�o traseira;Com V�timas Feridas;Pleno dia;Decrescente;C�u Claro;Simples;Reta;N�o;2;0;1;0;1;0;1;2;-27,3696007;-53,39784597;SPRF-RS;DEL08-RS;UOP02-DEL08-RS;;;
727944;27/10/2025;segunda-feira;12:10:00;MG;116;704;MURIAE;Mal s�bito do condutor;Colis�o com objeto;Com V�timas Feridas;Pleno dia;Decrescente;Sol;Simples;Reta;Sim;1;0;1;0;0;0;1;1;-21,135834;-42,386953;SPRF-MG;DEL07-MG;UOP02-DEL07-MG;;;
727945;27/10/2025;segunda-feira;16:47:00;PI;343;345;TERESINA;Aus�ncia de rea��o do condutor;Colis�o transversal;Com V�timas Feridas;Pleno dia;Crescente;C�u Claro;Dupla;"Reta;Interse��o de Vias;Em Obras";Sim;2;0;1;0;1;0;1;2;-5,105815;-42,768108;SPRF-PI;DEL01-PI;UOP01-DEL01-PI;;;
727946;27/10/2025;segunda-feira;15:40:00;MA;316;154;NOVA OLINDA DO MARANHAO;Condutor Dormindo;Colis�o com objeto;Com V�timas Feridas;Pleno dia;Crescente;C�u Claro;Simples;Reta;N�o;1;0;1;0;0;0;1;1;-2,885725;-45,683132;SPRF-MA;DEL02-MA;UOP02-DEL02-MA;;;
727949;27/10/2025;segunda-feira;16:50:00;MA;226;298,3;BARRA DO CORDA;Aus�ncia de rea��o do condutor;Colis�o transversal;Com V�timas Feridas;Pleno dia;Crescente;C�u Claro;Simples;Reta;Sim;2;0;0;1;1;0;1;2;-5,49983;-45,237126;SPRF-MA;DEL06-MA;UOP01-DEL06-MA;;;
727950;27/10/2025;segunda-feira;16:55:00;SP;381;74;SAO PAULO;Chuva;Colis�o com objeto;Com V�timas Feridas;Pleno dia;Crescente;Chuva;Dupla;Curva;N�o;2;0;0;1;1;0;1;1;-23,38619003;-46,56889629;SPRF-SP;DEL03-SP;UOP01-DEL03-SP;;;
727952;27/10/2025;segunda-feira;17:05:00;BA;116;377;SANTA BARBARA;Pista esburacada;Sa�da de leito carro��vel;Com V�timas Feridas;Pleno dia;Crescente;C�u Claro;Simples;Reta;N�o;6;0;1;3;2;0;4;1;-11,83327244;-38,9742046;SPRF-BA;DEL02-BA;UOP01-DEL02-BA;;;
727954;27/10/2025;segunda-feira;17:15:00;PE;232;137;CARUARU;Manobra de mudan�a de faixa;Colis�o lateral mesmo sentido;Com V�timas Feridas;Anoitecer;Crescente;C�u Claro;Dupla;Reta;N�o;1;0;1;0;0;0;1;1;-8,316567;-36,052742;SPRF-PE;DEL02-PE;UOP03-DEL02-PE;;;
727955;20/09/2025;s�bado;23:16:00;PA;163;306;NOVO PROGRESSO;Transitar no Acostamento;Colis�o traseira;Sem V�timas;Plena Noite;Crescente;C�u Claro;Simples;Reta;N�o;2;0;0;0;0;2;0;2;-7,08267657;-55,40501735;SPRF-PA;DEL05-PA;UOP03-DEL05-PA;;;
727956;27/10/2025;segunda-feira;17:15:00;RJ;101;473;ANGRA DOS REIS;Acessar a via sem observar a presen�a dos outros ve�culos;Colis�o transversal;Com V�timas Feridas;Pleno dia;Decrescente;Chuva;Simples;Reta;N�o;2;0;1;0;1;0;1;2;-22,99320239;-44,24777985;SPRF-RJ;DEL03-RJ;UOP03-DEL03-RJ;;;
727959;27/10/2025;segunda-feira;17:50:00;PB;101;84,5;BAYEUX;Frear bruscamente;Tombamento;Com V�timas Feridas;Plena Noite;Decrescente;Chuva;Dupla;Reta;Sim;1;0;1;0;0;0;1;1;-7,142653;-34,919535;SPRF-PB;DEL01-PB;UOP01-DEL01-PB;;;
727960;27/10/2025;segunda-feira;16:15:00;CE;222;317;TIANGUA;Rea��o tardia ou ineficiente do condutor;Colis�o traseira;Com V�timas Feridas;Pleno dia;Crescente;C�u Claro;Simples;"Em Obras;Reta";N�o;6;0;1;3;2;0;4;2;-3,755722;-41,021588;SPRF-CE;DEL04-CE;UOP02-DEL04-CE;;;
727962;27/10/2025;segunda-feira;17:44:00;SP;153;30,2;NOVA GRANADA;Velocidade Incompat�vel;Colis�o traseira;Com V�timas Feridas;Pleno dia;Crescente;Nublado;Simples;"Aclive;Interse��o de Vias;Reta";N�o;5;0;1;0;4;0;1;2;-20,542562;-49,330465;SPRF-SP;DEL09-SP;UOP01-DEL09-SP;;;
727963;27/10/2025;segunda-feira;17:20:00;SP;101;50;UBATUBA;Entrada inopinada do pedestre;Colis�o transversal;Com V�timas Feridas;Anoitecer;Crescente;Chuva;Simples;Reta;Sim;2;0;0;1;1;0;1;2;-23,44863071;-45,07922491;SPRF-SP;DEL06-SP;UOP01-DEL06-SP;;;
727966;27/10/2025;segunda-feira;14:28:00;MG;116;528;CARATINGA;Aus�ncia de rea��o do condutor;Colis�o traseira;Sem V�timas;Pleno dia;Decrescente;Nublado;Simples;Reta;Sim;2;0;0;0;2;0;0;2;-19,79719467;-42,13790953;SPRF-MG;DEL06-MG;UOP02-DEL06-MG;;;
727967;27/10/2025;segunda-feira;16:15:00;PE;232;76;GRAVATA;Ingest�o de �lcool pelo condutor;Queda de ocupante de ve�culo;Com V�timas Feridas;Pleno dia;Decrescente;C�u Claro;Dupla;Reta;N�o;1;0;1;0;0;0;1;1;-8,18770341;-35,50128937;SPRF-PE;DEL02-PE;UOP02-DEL02PE;;;
727970;27/10/2025;segunda-feira;18:30:00;SP;116;92,6;PINDAMONHANGABA;Demais falhas mec�nicas ou el�tricas;Tombamento;Com V�timas Feridas;Plena Noite;Decrescente;Chuva;Dupla;Reta;Sim;2;0;2;0;0;0;2;1;-22,95262782;-45,40445459;SPRF-SP;DEL08-SP;UOP01-DEL08-SP;;;
727976;27/10/2025;segunda-feira;15:50:00;SC;470;96;APIUNA;Trafegar com motocicleta (ou similar) entre as faixas;Colis�o lateral sentido oposto;Com V�timas Feridas;Pleno dia;Decrescente;Nublado;Simples;Reta;N�o;2;0;1;0;1;0;1;2;-26,99111227;-49,37509328;SPRF-SC;DEL04-SC;UOP01-DEL04-SC;;;
727981;27/10/2025;segunda-feira;12:10:00;SC;280;167;MAFRA;Acessar a via sem observar a presen�a dos outros ve�culos;Colis�o transversal;Com V�timas Feridas;Pleno dia;Decrescente;C�u Claro;Simples;Retorno Regulamentado;Sim;2;0;1;0;1;0;1;2;-26,164542;-49,81829;SPRF-SC;DEL06-SC;UOP01-DEL06-SC;;;
727982;27/10/2025;segunda-feira;19:30:00;RN;101;85;SAO GONCALO DO AMARANTE;Condutor deixou de manter dist�ncia do ve�culo da frente;Colis�o traseira;Com V�timas Feridas;Plena Noite;Decrescente;C�u Claro;Dupla;Reta;N�o;3;0;1;0;2;0;1;3;-5,7487805;-35,3264826;SPRF-RN;DEL02-RN;UOP01-DEL02-RN;;;
727983;27/10/2025;segunda-feira;19:30:00;PE;101;76;RECIFE;Pedestre cruzava a pista fora da faixa;Atropelamento de Pedestre;Com V�timas Fatais;Plena Noite;Crescente;C�u Claro;Dupla;Reta;Sim;3;1;0;2;0;0;2;2;-8,121444;-34,943013;SPRF-PE;DEL01-PE;UOP01-DEL01-PE;;;
727984;27/10/2025;segunda-feira;20:10:00;MG;381;485;BETIM;Aus�ncia de rea��o do condutor;Queda de ocupante de ve�culo;Com V�timas Feridas;Plena Noite;Decrescente;C�u Claro;Dupla;Reta;N�o;1;0;1;0;0;0;1;1;-19,95656893;-44,10083771;SPRF-MG;DEL01-MG;UOP03-DEL01-MG;;;
727985;27/10/2025;segunda-feira;20:10:00;MG;381;480;CONTAGEM;Aus�ncia de rea��o do condutor;Colis�o traseira;Com V�timas Feridas;Plena Noite;Crescente;C�u Claro;Dupla;"Aclive;Reta";N�o;4;0;2;0;2;0;2;2;-19,95845379;-44,06019386;SPRF-MG;DEL01-MG;UOP03-DEL01-MG;;;
727986;27/10/2025;segunda-feira;19:05:00;MS;262;403,5;TERENOS;Mal s�bito do condutor;Colis�o frontal;Com V�timas Feridas;Plena Noite;Crescente;C�u Claro;Simples;"Reta;Em Obras";N�o;2;0;2;0;0;0;2;2;-20,426866;-55,051668;SPRF-MS;DEL01-MS;UOP03-DEL01-MS;;;
727987;27/10/2025;segunda-feira;19:30:00;RJ;116;144;DUQUE DE CAXIAS;Aus�ncia de rea��o do condutor;Colis�o traseira;Com V�timas Feridas;Plena Noite;Decrescente;Chuva;Dupla;Reta;N�o;2;0;1;0;1;0;1;2;-22,6692663;-43,27159949;SPRF-RJ;DEL01-RJ;UOP02-DEL01-RJ;;;
727988;27/10/2025;segunda-feira;19:40:00;PR;116;108,4;CURITIBA;Rea��o tardia ou ineficiente do condutor;Tombamento;Com V�timas Feridas;Plena Noite;Decrescente;Nublado;Dupla;Reta;N�o;1;0;1;0;0;0;1;1;-25,5656578;-49,2452095;SPRF-PR;DEL01-PR;UOP03-DEL01-PR;;;
727990;27/10/2025;segunda-feira;19:05:00;BA;242;415;SEABRA;Manobra de mudan�a de faixa;Colis�o frontal;Com V�timas Feridas;Plena Noite;Crescente;C�u Claro;Simples;Reta;Sim;2;0;1;0;1;0;1;2;-12,42921101;-41,78385198;SPRF-BA;DEL06-BA;UOP01-DEL06-BA;;;
727993;27/10/2025;segunda-feira;20:34:00;GO;153;305,9;RIALMA;Convers�o proibida;Colis�o transversal;Com V�timas Feridas;Plena Noite;Decrescente;C�u Claro;Simples;Reta;N�o;2;0;0;2;0;0;2;2;-15,35928837;-49,56417471;SPRF-GO;DEL02-GO;UOP02-DEL02-GO;;;
727994;27/10/2025;segunda-feira;19:40:00;PR;163;158;SANTA LUCIA;Entrada inopinada do pedestre;Atropelamento de Pedestre;Com V�timas Fatais;Plena Noite;Decrescente;C�u Claro;Dupla;Reta;N�o;2;1;0;0;1;0;0;2;-25,43343623;-53,57688707;SPRF-PR;DEL05-PR;UOP05-DEL05-PR;;;
727996;27/10/2025;segunda-feira;17:40:00;RJ;101;311;SAO GONCALO;Aus�ncia de rea��o do condutor;Colis�o traseira;Com V�timas Feridas;Pleno dia;Decrescente;Garoa/Chuvisco;Dupla;Reta;N�o;2;0;1;0;1;0;1;2;-22,80337567;-43,05820942;SPRF-RJ;DEL02-RJ;UOP02-DEL02-RJ;;;
727997;27/10/2025;segunda-feira;21:15:00;MG;40;531;CONTAGEM;Acessar a via sem observar a presen�a dos outros ve�culos;Colis�o lateral mesmo sentido;Com V�timas Feridas;Plena Noite;Decrescente;C�u Claro;Dupla;Reta;Sim;2;0;1;0;1;0;1;2;-19,92058212;-44,02420783;SPRF-MG;DEL01-MG;UOP02-DEL01-MG;;;
727999;27/10/2025;segunda-feira;17:50:00;AC;317;287;EPITACIOLANDIA;Animais na Pista;Sa�da de leito carro��vel;Com V�timas Feridas;Anoitecer;Decrescente;Chuva;Simples;Reta;N�o;1;0;1;0;0;0;1;1;-11,034831;-68,710612;SPRF-AC;DEL01-AC;UOP02-DEL01-AC;;;
728000;27/10/2025;segunda-feira;21:30:00;MG;381;924,5;ITAPEVA;Chuva;Colis�o com objeto;Com V�timas Feridas;Plena Noite;Crescente;Chuva;Dupla;Curva;N�o;1;0;1;0;0;0;1;1;-22,77001256;-46,19548255;SPRF-MG;DEL16-MG;UOP03-DEL16-MG;;;
728001;27/10/2025;segunda-feira;20:55:00;RJ;101;288;ITABORAI;Manobra de mudan�a de faixa;Colis�o lateral mesmo sentido;Com V�timas Feridas;Plena Noite;Decrescente;Chuva;Dupla;Reta;N�o;2;0;1;0;0;1;1;2;-22,75906673;-42,84238523;SPRF-RJ;DEL02-RJ;UOP02-DEL02-RJ;;;
728002;27/10/2025;segunda-feira;18:40:00;RS;290;222;PANTANO GRANDE;Ingest�o de �lcool pelo condutor;Sa�da de leito carro��vel;Sem V�timas;Anoitecer;Crescente;C�u Claro;M�ltipla;Em Obras;N�o;1;0;0;0;1;0;0;1;-30,20179668;-52,4394118;SPRF-RS;DEL02-RS;UOP03-DEL02-RS;;;
728003;27/10/2025;segunda-feira;22:10:00;ES;101;127;SOORETAMA;Velocidade Incompat�vel;Tombamento;Com V�timas Feridas;Plena Noite;Crescente;C�u Claro;M�ltipla;"Reta;Aclive";N�o;2;0;0;1;1;0;1;2;-19,20841602;-40,09491253;SPRF-ES;DEL04-ES;UOP01-DEL04-ES;;;
728005;27/10/2025;segunda-feira;22:15:00;RN;304;46;MOSSORO;Acessar a via sem observar a presen�a dos outros ve�culos;Colis�o transversal;Com V�timas Feridas;Plena Noite;Crescente;C�u Claro;Dupla;"Retorno Regulamentado;Reta";Sim;2;0;0;1;0;1;1;2;-5,22569;-37,33536;SPRF-RN;DEL04-RN;UOP01-DEL04-RN;;;