id;data_inversa;dia_semana;horario;uf;br;km;municipio;causa_acidente;tipo_acidente;classificacao_acidente;fase_dia;sentido_via;condicao_metereologica;tipo_pista;tracado_via;uso_solo;pessoas;mortos;feridos_leves;feridos_graves;ilesos;ignorados;feridos;veiculos;latitude;longitude;regional;delegacia;uop;;;
728006;27/10/2025;segunda-feira;22:10:00;PR;369;157;LONDRINA;Manobra de mudan�a de faixa;Colis�o lateral mesmo sentido;Com V�timas Feridas;Plena Noite;Crescente;C�u Claro;Dupla;"Reta;Declive";Sim;2;0;1;0;1;0;1;2;-23,28612175;-51,22870351;SPRF-PR;DEL07-PR;UOP01-DEL07-PR;;;
728007;27/10/2025;segunda-feira;21:40:00;SC;101;211;PALHOCA;Desrespeitar a prefer�ncia no cruzamento;Colis�o lateral mesmo sentido;Com V�timas Feridas;Plena Noite;Crescente;Nublado;Dupla;Interse��o de Vias;Sim;3;0;2;0;1;0;2;2;-27,6282272;-48,6578167;SPRF-SC;DEL01-SC;UOP02-DEL01-SC;;;
728008;27/10/2025;segunda-feira;19:30:00;MT;174;382;CONQUISTA DOESTE;Defici�ncia do Sistema de Ilumina��o/Sinaliza��o;Colis�o traseira;Com V�timas Feridas;Plena Noite;Decrescente;C�u Claro;Simples;"Declive;Reta";N�o;3;0;0;2;1;0;2;2;-14,589649;-59,51833344;SPRF-MT;DEL04-MT;UOP01-DEL04-MT;;;
728009;27/10/2025;segunda-feira;21:45:00;MG;381;161,7;GOVERNADOR VALADARES;Rea��o tardia ou ineficiente do condutor;Colis�o traseira;Com V�timas Feridas;Plena Noite;Crescente;C�u Claro;Simples;Reta;N�o;3;0;2;0;1;0;2;2;-18,9383925;-42,05507968;SPRF-MG;DEL06-MG;UOP01-DEL06-MG;;;
728011;27/10/2025;segunda-feira;11:35:00;BA;101;406;IBIRAPITANGA;Condutor deixou de manter dist�ncia do ve�culo da frente;Colis�o traseira;Sem V�timas;Pleno dia;Decrescente;C�u Claro;Simples;Reta;N�o;2;0;0;0;2;0;0;2;-14,036795;-39,417543;SPRF-BA;DEL05-BA;UOP03-DEL05-BA;;;
728012;27/10/2025;segunda-feira;20:10:00;SP;459;8;PIQUETE;Aus�ncia de rea��o do condutor;Capotamento;Sem V�timas;Plena Noite;Crescente;Chuva;Simples;Curva;N�o;1;0;0;0;1;0;0;1;-22,58124118;-45,19593562;SPRF-SP;DEL08-SP;UOP02-DEL08-SP;;;
728014;27/10/2025;segunda-feira;20:00:00;RJ;40;125;RIO DE JANEIRO;Rea��o tardia ou ineficiente do condutor;Colis�o traseira;Com V�timas Feridas;Plena Noite;Crescente;Chuva;Dupla;"Reta;Aclive";Sim;2;0;1;0;1;0;1;2;-22,81496264;-43,28843703;SPRF-RJ;DEL01-RJ;UOP02-DEL01-RJ;;;
728015;27/10/2025;segunda-feira;23:00:00;PR;376;677;GUARATUBA;Acumulo de �gua sobre o pavimento;Sa�da de leito carro��vel;Com V�timas Feridas;Plena Noite;Decrescente;Chuva;Dupla;Curva;N�o;1;0;1;0;0;0;1;1;-25,94192344;-48,90660223;SPRF-PR;DEL01-PR;UOP04-DEL01-PR;;;
728016;27/10/2025;segunda-feira;23:00:00;RN;406;131;TAIPU;Animais na Pista;Atropelamento de Animal;Com V�timas Feridas;Plena Noite;Crescente;C�u Claro;Simples;"Aclive;Reta";N�o;1;0;1;0;0;0;1;1;-5,631;-35,593;SPRF-RN;DEL02-RN;UOP01-DEL02-RN;;;
728017;28/10/2025;ter�a-feira;00:02:00;SC;116;271,5;CAPAO ALTO;Aus�ncia de rea��o do condutor;Sa�da de leito carro��vel;Com V�timas Feridas;Plena Noite;Decrescente;Nublado;Simples;Curva;N�o;2;0;2;0;0;0;2;1;-27,97953;-50,511802;SPRF-SC;DEL05-SC;UOP02-DEL05-SC;;;
728018;28/10/2025;ter�a-feira;00:26:00;MG;381;641,5;SANTO ANTONIO DO AMPARO;Aus�ncia de rea��o do condutor;Sa�da de leito carro��vel;Sem V�timas;Plena Noite;Decrescente;Ignorado;Dupla;Reta;N�o;1;0;0;0;1;0;0;1;-20,90526587;-44,858631;SPRF-MG;DEL04-MG;UOP01-DEL04-MG;;;
728022;27/10/2025;segunda-feira;18:50:00;RJ;116;336;RESENDE;Rea��o tardia ou ineficiente do condutor;Sa�da de leito carro��vel;Com V�timas Feridas;Plena Noite;Crescente;Garoa/Chuvisco;Dupla;Reta;N�o;2;0;2;0;0;0;2;1;-22,501783;-44,6688652;SPRF-RJ;DEL07-RJ;UOP02-DEL07-RJ;;;
728023;28/10/2025;ter�a-feira;01:45:00;MG;40;608,1;CONGONHAS;Velocidade Incompat�vel;Sa�da de leito carro��vel;Com V�timas Feridas;Plena Noite;Crescente;Chuva;Dupla;"Declive;Reta;Em Obras";N�o;1;0;0;1;0;0;1;1;-20,48945368;-43,83718425;SPRF-MG;DEL05-MG;UOP02-DEL05-MG;;;
728024;28/10/2025;ter�a-feira;06:00:00;BA;116;829;VITORIA DA CONQUISTA;Transitar na contram�o;Colis�o frontal;Com V�timas Feridas;Pleno dia;Decrescente;C�u Claro;Dupla;Aclive;Sim;2;0;2;0;0;0;2;2;-14,90234256;-40,8691299;SPRF-BA;DEL08-BA;UOP01-DEL08-BA;;;
728025;28/10/2025;ter�a-feira;04:30:00;MT;70;518;VARZEA GRANDE;Condutor deixou de manter dist�ncia do ve�culo da frente;Colis�o traseira;Com V�timas Feridas;Amanhecer;Crescente;Ignorado;Simples;Aclive;Sim;3;0;1;0;2;0;1;2;-15,7010593;-56,16211921;SPRF-MT;DEL01-MT;UOP02-DEL01-MT;;;
728026;28/10/2025;ter�a-feira;06:20:00;MG;50;47;ARAGUARI;Acumulo de �leo sobre o pavimento;Capotamento;Com V�timas Feridas;Amanhecer;Crescente;Nublado;Dupla;"Curva;Declive";N�o;3;0;3;0;0;0;3;1;-18,73205136;-48,21272548;SPRF-MG;DEL15-MG;UOP02-DEL15-MG;;;
728028;28/10/2025;ter�a-feira;06:30:00;PR;116;17;CAMPINA GRANDE DO SUL;Velocidade Incompat�vel;Sa�da de leito carro��vel;Com V�timas Feridas;Pleno dia;Decrescente;Chuva;Dupla;Curva;N�o;2;0;1;0;1;0;1;1;-25,102654;-48,700016;SPRF-PR;DEL01-PR;UOP02-DEL01-PR;;;
728029;28/10/2025;ter�a-feira;05:00:00;MG;262;61,3;MATIPO;Rea��o tardia ou ineficiente do condutor;Sa�da de leito carro��vel;Com V�timas Feridas;Amanhecer;Crescente;C�u Claro;Simples;Reta;N�o;1;0;1;0;0;0;1;1;-20,291799;-42,221846;SPRF-MG;DEL06-MG;UOP03-DEL06-MG;;;
728031;27/10/2025;segunda-feira;10:55:00;RS;116;300;GUAIBA;Acessar a via sem observar a presen�a dos outros ve�culos;Colis�o transversal;Com V�timas Feridas;Pleno dia;Decrescente;C�u Claro;Simples;Reta;Sim;2;0;1;0;1;0;1;2;-30,12641293;-51,35032147;SPRF-RS;DEL02-RS;UOP01-DEL02-RS;;;
728034;28/10/2025;ter�a-feira;06:30:00;SC;101;118,9;ITAJAI;Condutor deixou de manter dist�ncia do ve�culo da frente;Colis�o traseira;Com V�timas Feridas;Pleno dia;Crescente;Nublado;M�ltipla;Reta;Sim;3;0;2;0;1;0;2;2;-26,89690653;-48,71873729;SPRF-SC;DEL04-SC;UOP04-DEL04-SC;;;
728035;28/10/2025;ter�a-feira;06:50:00;RJ;393;258;BARRA DO PIRAI;Condutor Dormindo;Sa�da de leito carro��vel;Com V�timas Feridas;Amanhecer;Crescente;Nublado;Simples;"Aclive;Curva;Ponte";N�o;1;0;1;0;0;0;1;1;-22,4668914;-43,8584893;SPRF-RJ;DEL05-RJ;UOP04-DEL05-RJ;;;
728036;28/10/2025;ter�a-feira;06:50:00;RN;304;32,3;MOSSORO;Acessar a via sem observar a presen�a dos outros ve�culos;Colis�o transversal;Com V�timas Feridas;Pleno dia;Crescente;C�u Claro;Simples;Reta;Sim;2;0;0;1;1;0;1;2;-5,13739;-37,34543;SPRF-RN;DEL04-RN;UOP02-DEL04-RN;;;
728037;28/10/2025;ter�a-feira;06:40:00;PI;316;13,4;TERESINA;Aus�ncia de rea��o do condutor;Sa�da de leito carro��vel;Com V�timas Feridas;Pleno dia;Decrescente;Sol;Dupla;"Retorno Regulamentado;Curva;Declive";N�o;3;0;3;0;0;0;3;1;-5,2155589;-42,753316;SPRF-PI;DEL01-PI;UOP02-DEL01-PI;;;
728038;28/10/2025;ter�a-feira;07:15:00;TO;153;246;COLINAS DO TOCANTINS;Desrespeitar a prefer�ncia no cruzamento;Colis�o transversal;Com V�timas Feridas;Pleno dia;Crescente;C�u Claro;M�ltipla;"Interse��o de Vias;Retorno Regulamentado;Reta";Sim;4;0;2;0;2;0;2;2;-8,05651;-48,46674;SPRF-TO;DEL02-TO;UOP02-DEL02-TO;;;
728039;28/10/2025;ter�a-feira;06:40:00;MG;116;695;MURIAE;Aus�ncia de rea��o do condutor;Queda de ocupante de ve�culo;Com V�timas Feridas;Pleno dia;Crescente;C�u Claro;Simples;Curva;N�o;1;0;1;0;0;0;1;1;-21,06322929;-42,3656459;SPRF-MG;DEL07-MG;UOP02-DEL07-MG;;;
728040;28/10/2025;ter�a-feira;06:30:00;RJ;116;271;BARRA MANSA;Demais falhas na via;Tombamento;Com V�timas Feridas;Amanhecer;Decrescente;Chuva;Dupla;Reta;N�o;1;0;1;0;0;0;1;1;-22,56669399;-44,12192792;SPRF-RJ;DEL07-RJ;UOP02-DEL07-RJ;;;
728042;28/10/2025;ter�a-feira;07:15:00;SE;101;74;MARUIM;Velocidade Incompat�vel;Sa�da de leito carro��vel;Com V�timas Feridas;Pleno dia;Crescente;Garoa/Chuvisco;Dupla;Declive;N�o;4;0;3;0;1;0;3;1;-10,765253;-37,115313;SPRF-SE;DEL01-SE;UOP01-DEL01-SE;;;
728043;28/10/2025;ter�a-feira;05:40:00;MT;163;118;RONDONOPOLIS;Rea��o tardia ou ineficiente do condutor;Queda de ocupante de ve�culo;Com V�timas Feridas;Pleno dia;Decrescente;C�u Claro;Dupla;"Interse��o de Vias;Reta";Sim;1;0;1;0;0;0;1;1;-16,50386333;-54,65109667;SPRF-MT;DEL02-MT;UOP01-DEL02-MT;;;
728044;28/10/2025;ter�a-feira;07:30:00;PR;376;617,8;SAO JOSE DOS PINHAIS;Velocidade Incompat�vel;Sa�da de leito carro��vel;Com V�timas Fatais;Pleno dia;Decrescente;C�u Claro;Simples;"Declive;Curva";Sim;1;1;0;0;0;0;0;1;-25,59690128;-49,17364173;SPRF-PR;DEL01-PR;UOP04-DEL01-PR;;;
728046;28/10/2025;ter�a-feira;08:00:00;PR;376;179;MARINGA;Manobra de mudan�a de faixa;Colis�o lateral mesmo sentido;Com V�timas Feridas;Pleno dia;Crescente;Nublado;Dupla;"Retorno Regulamentado;Reta";Sim;2;0;1;0;1;0;1;2;-23,42052632;-51,90982103;SPRF-PR;DEL09-PR;UOP01-DEL09-PR;;;
728047;28/10/2025;ter�a-feira;08:24:00;ES;101;299,7;VIANA;Rea��o tardia ou ineficiente do condutor;Tombamento;Com V�timas Feridas;Pleno dia;Crescente;C�u Claro;M�ltipla;Curva;Sim;1;0;1;0;0;0;1;1;-20,35799609;-40,43161511;SPRF-ES;DEL01-ES;UOP01-DEL01-ES;;;
728050;28/10/2025;ter�a-feira;07:15:00;RJ;101;294;ITABORAI;Acessar a via sem observar a presen�a dos outros ve�culos;Queda de ocupante de ve�culo;Com V�timas Feridas;Pleno dia;Crescente;C�u Claro;Simples;Reta;Sim;2;0;1;0;1;0;1;2;-22,75888882;-42,89611743;SPRF-RJ;DEL02-RJ;UOP02-DEL02-RJ;;;
728051;28/10/2025;ter�a-feira;08:00:00;PE;232;410;SERRA TALHADA;Acessar a via sem observar a presen�a dos outros ve�culos;Colis�o transversal;Com V�timas Feridas;Pleno dia;Decrescente;Sol;Simples;Curva;Sim;2;0;0;1;1;0;1;2;-7,982743;-38,301338;SPRF-PE;DEL04-PE;UOP01-DEL04-PE;;;
728052;28/10/2025;ter�a-feira;08:00:00;PB;101;84,1;BAYEUX;Pista esburacada;Tombamento;Com V�timas Feridas;Pleno dia;Crescente;Nublado;Simples;Reta;Sim;2;0;2;0;0;0;2;1;-7,14124596;-34,92137343;SPRF-PB;DEL01-PB;UOP01-DEL01-PB;;;
728053;28/10/2025;ter�a-feira;08:00:00;PB;230;26;JOAO PESSOA;Trafegar com motocicleta (ou similar) entre as faixas;Tombamento;Com V�timas Feridas;Pleno dia;Crescente;C�u Claro;Dupla;Reta;Sim;3;0;1;0;2;0;1;2;-7,168838;-34,880585;SPRF-PB;DEL01-PB;UOP01-DEL01-PB;;;
728054;27/10/2025;segunda-feira;16:25:00;MT;70;577;NOSSA SENHORA DO LIVRAMENTO;Velocidade Incompat�vel;Sa�da de leito carro��vel;Com V�timas Feridas;Pleno dia;Decrescente;Nublado;Simples;Curva;N�o;3;0;3;0;0;0;3;1;-15,7786;-56,60914;SPRF-MT;DEL03-MT;UOP02-DEL03-MT;;;
728055;28/10/2025;ter�a-feira;08:08:00;DF;70;12;BRASILIA;Aus�ncia de rea��o do condutor;Colis�o traseira;Com V�timas Feridas;Pleno dia;Decrescente;C�u Claro;Dupla;Reta;Sim;2;0;0;1;1;0;1;2;-15,79440058;-48,16438135;SPRF-DF;DEL03-DF;UOP02-DEL03-DF;;;
728056;28/10/2025;ter�a-feira;04:50:00;RJ;493;84,9;JAPERI;Aus�ncia de rea��o do condutor;Colis�o traseira;Com V�timas Fatais;Amanhecer;Crescente;Garoa/Chuvisco;Dupla;Reta;N�o;2;1;0;0;1;0;0;2;-22,657851;-43,616433;SPRF-RJ;DEL01-RJ;UOP03-DEL01-RJ;;;
728057;28/10/2025;ter�a-feira;05:23:00;MA;10;257;IMPERATRIZ;Condutor Dormindo;Colis�o frontal;Com V�timas Feridas;Amanhecer;Crescente;C�u Claro;Simples;Reta;Sim;2;0;1;0;1;0;1;2;-5,49036;-47,47202;SPRF-MA;DEL04-MA;UOP01-DEL04-MA;;;
728058;28/10/2025;ter�a-feira;08:55:00;MG;40;563,5;NOVA LIMA;Aus�ncia de rea��o do condutor;Tombamento;Com V�timas Feridas;Pleno dia;Crescente;Nublado;Simples;"Aclive;Curva;Viaduto";Sim;2;0;0;1;0;1;1;2;-20,156461;-43,964007;SPRF-MG;DEL01-MG;UOP02-DEL01-MG;;;
728060;28/10/2025;ter�a-feira;08:10:00;RS;116;397;CAMAQUA;Manobra de mudan�a de faixa;Colis�o lateral mesmo sentido;Com V�timas Feridas;Pleno dia;Decrescente;C�u Claro;Dupla;"Reta;Em Obras;Desvio Tempor�rio";Sim;2;0;1;0;1;0;1;2;-30,85689371;-51,78403616;SPRF-RS;DEL02-RS;UOP02-DEL02-RS;;;
728061;28/10/2025;ter�a-feira;08:30:00;ES;101;162;LINHARES;Acessar a via sem observar a presen�a dos outros ve�culos;Colis�o transversal;Com V�timas Feridas;Pleno dia;Crescente;C�u Claro;Simples;"Interse��o de Vias;Reta";N�o;2;0;1;0;1;0;1;2;-19,49787547;-40,13057573;SPRF-ES;DEL04-ES;UOP01-DEL04-ES;;;
728062;18/09/2025;quinta-feira;09:05:00;PR;369;395,8;JURANDA;Acessar a via sem observar a presen�a dos outros ve�culos;Colis�o transversal;Com V�timas Feridas;Pleno dia;Crescente;C�u Claro;Simples;Reta;Sim;5;0;2;1;2;0;3;2;-24,34699354;-52,73410527;SPRF-PR;DEL04-PR;UOP03-DEL04-PR;;;
728063;28/10/2025;ter�a-feira;08:40:00;SP;116;145;SAO JOSE DOS CAMPOS;Rea��o tardia ou ineficiente do condutor;Colis�o traseira;Com V�timas Feridas;Pleno dia;Decrescente;Chuva;Dupla;"Reta;Aclive";N�o;2;0;2;0;0;0;2;2;-23,1894233;-45,8599583;SPRF-SP;DEL02-SP;UOP01-DEL02-SP;;;
728064;28/10/2025;ter�a-feira;09:50:00;SE;235;2;ARACAJU;Rea��o tardia ou ineficiente do condutor;Colis�o traseira;Com V�timas Feridas;Pleno dia;Crescente;C�u Claro;Dupla;Reta;Sim;2;0;1;0;1;0;1;2;-10,90668579;-37,09915487;SPRF-SE;DEL01-SE;UOP01-DEL01-SE;;;
728065;18/10/2025;s�bado;21:20:00;SC;101;95,6;BARRA VELHA;Demais falhas mec�nicas ou el�tricas;Inc�ndio;Sem V�timas;Plena Noite;Decrescente;Nublado;Dupla;Reta;Sim;1;0;0;0;1;0;0;1;-26,71963749;-48,702021;SPRF-SC;DEL03-SC;UOP02-DEL03-SC;;;
728066;28/10/2025;ter�a-feira;09:40:00;SP;116;327;JUQUITIBA;Acumulo de �leo sobre o pavimento;Sa�da de leito carro��vel;Com V�timas Feridas;Pleno dia;Decrescente;Garoa/Chuvisco;Dupla;Reta;Sim;3;0;2;0;1;0;2;1;-23,936532;-47,078732;SPRF-SP;DEL04-SP;UOP03-DEL04-SP;;;
728067;28/10/2025;ter�a-feira;09:40:00;SC;282;5,2;SAO JOSE;Frear bruscamente;Tombamento;Com V�timas Feridas;Pleno dia;Crescente;Nublado;M�ltipla;"Reta;Interse��o de Vias";Sim;1;0;0;1;0;0;1;1;-27,58796476;-48,61436717;SPRF-SC;DEL01-SC;UOP01-DEL01-SC;;;
728069;28/10/2025;ter�a-feira;10:20:00;SE;235;52;ITABAIANA;Desrespeitar a prefer�ncia no cruzamento;Colis�o transversal;Com V�timas Feridas;Pleno dia;Decrescente;C�u Claro;Simples;Reta;Sim;2;0;1;0;1;0;1;2;-10,69284875;-37,43784428;SPRF-SE;DEL01-SE;UOP02-DEL01-SE;;;
728070;28/10/2025;ter�a-feira;06:10:00;MG;262;423,9;SAO GONCALO DO PARA;Suic�dio (presumido);Sa�da de leito carro��vel;Com V�timas Feridas;Amanhecer;Crescente;C�u Claro;Dupla;"Reta;Declive";N�o;1;0;1;0;0;0;1;1;-19,89645;-44,85082;SPRF-MG;DEL08-MG;UOP03-DEL08-MG;;;
728071;28/10/2025;ter�a-feira;08:05:00;MG;262;426,5;SAO GONCALO DO PARA;Condutor Dormindo;Colis�o com objeto;Com V�timas Feridas;Pleno dia;Crescente;C�u Claro;Dupla;Reta;N�o;1;0;0;1;0;0;1;1;-19,89482;-44,87389;SPRF-MG;DEL08-MG;UOP03-DEL08-MG;;;
728073;28/10/2025;ter�a-feira;08:00:00;PI;316;308;PICOS;Manobra de mudan�a de faixa;Colis�o lateral mesmo sentido;Com V�timas Feridas;Pleno dia;Decrescente;C�u Claro;Dupla;Reta;Sim;2;0;1;0;1;0;1;2;-7,077194;-41,479581;SPRF-PI;DEL04-PI;UOP01-DEL04-PI;;;
728074;28/10/2025;ter�a-feira;09:30:00;RJ;101;300;SAO GONCALO;Acessar a via sem observar a presen�a dos outros ve�culos;Colis�o lateral mesmo sentido;Com V�timas Feridas;Pleno dia;Crescente;Nublado;Dupla;Reta;Sim;3;0;2;0;1;0;2;2;-22,77610953;-42,94766307;SPRF-RJ;DEL02-RJ;UOP02-DEL02-RJ;;;
728075;28/10/2025;ter�a-feira;11:00:00;SP;116;218,5;GUARULHOS;Manobra de mudan�a de faixa;Colis�o lateral mesmo sentido;Com V�timas Feridas;Pleno dia;Crescente;Chuva;M�ltipla;"Interse��o de Vias;Reta";N�o;2;0;1;1;0;0;2;2;-23,460745;-46,488317;SPRF-SP;DEL01-SP;UOP01-DEL01-SP;;;
728076;28/10/2025;ter�a-feira;09:30:00;SP;381;57;MAIRIPORA;Demais falhas mec�nicas ou el�tricas;Inc�ndio;Sem V�timas;Pleno dia;Decrescente;Garoa/Chuvisco;Dupla;Rotat�ria;N�o;1;0;0;0;0;1;0;1;-23,26488002;-46,58369271;SPRF-SP;DEL03-SP;UOP01-DEL03-SP;;;
728077;28/10/2025;ter�a-feira;10:10:00;PR;369;238,1;JANDAIA DO SUL;Rea��o tardia ou ineficiente do condutor;Sa�da de leito carro��vel;Com V�timas Feridas;Pleno dia;Decrescente;Nublado;Simples;Curva;N�o;1;0;0;1;0;0;1;1;-23,6529221;-51,68272913;SPRF-PR;DEL09-PR;UOP01-DEL09-PR;;;
728078;28/10/2025;ter�a-feira;10:45:00;PR;116;14;CAMPINA GRANDE DO SUL;Velocidade Incompat�vel;Sa�da de leito carro��vel;Sem V�timas;Pleno dia;Decrescente;Garoa/Chuvisco;Dupla;Curva;N�o;1;0;0;0;1;0;0;1;-25,09990125;-48,67527008;SPRF-PR;DEL01-PR;UOP02-DEL01-PR;;;
728080;31/08/2025;domingo;21:10:00;RJ;116;147;DUQUE DE CAXIAS;Aus�ncia de rea��o do condutor;Queda de ocupante de ve�culo;Com V�timas Feridas;Plena Noite;Crescente;Nublado;Dupla;Reta;N�o;2;0;1;0;1;0;1;1;-22,66851148;-43,26905251;SPRF-RJ;DEL01-RJ;UOP02-DEL01-RJ;;;
728082;02/09/2025;ter�a-feira;20:01:00;PA;163;226;NOVO PROGRESSO;Animais na Pista;Atropelamento de Animal;Sem V�timas;Anoitecer;Decrescente;Ignorado;Simples;Reta;N�o;1;0;0;0;0;1;0;1;-7,7259;-55,2074;SPRF-PA;DEL05-PA;UOP03-DEL05-PA;;;
728083;28/10/2025;ter�a-feira;12:30:00;RN;304;265,8;SAO PEDRO;Entrada inopinada do pedestre;Atropelamento de Pedestre;Com V�timas Feridas;Pleno dia;Crescente;C�u Claro;Simples;Reta;Sim;2;0;0;1;1;0;1;2;-5,859068;-35,62043;SPRF-RN;DEL01-RN;UOP02-DEL01-RN;;;
728086;28/10/2025;ter�a-feira;11:58:00;RN;405;2;MOSSORO;Condutor deixou de manter dist�ncia do ve�culo da frente;Engavetamento;Com V�timas Feridas;Pleno dia;Crescente;C�u Claro;Dupla;Reta;Sim;3;0;2;0;1;0;2;3;-5,19269;-37,370627;SPRF-RN;DEL04-RN;UOP02-DEL04-RN;;;
728088;02/09/2025;ter�a-feira;09:00:00;PR;369;181;ARAPONGAS;Convers�o proibida;Colis�o transversal;Com V�timas Feridas;Pleno dia;Crescente;C�u Claro;Simples;"Reta;Declive";N�o;3;0;1;0;1;1;1;3;-23,37749706;-51,41561866;SPRF-PR;DEL07-PR;UOP03-DEL07-PR;;;
728090;28/10/2025;ter�a-feira;10:50:00;MT;163;844;SINOP;Declive acentuado;Queda de ocupante de ve�culo;Com V�timas Feridas;Pleno dia;Crescente;Nublado;Simples;Reta;N�o;1;0;1;0;0;0;1;1;-11,78124603;-55,47439668;SPRF-MT;DEL06-MT;UOP02-DEL06-MT;;;
728092;21/10/2025;ter�a-feira;11:35:00;AL;316;157;PALMEIRA DOS INDIOS;Retorno proibido;Colis�o transversal;Com V�timas Feridas;Pleno dia;Crescente;Nublado;Simples;Reta;Sim;2;0;2;0;0;0;2;2;-9,432992;-36,613575;SPRF-AL;DEL03-AL;UOP01-DEL03-AL;;;
728093;28/10/2025;ter�a-feira;12:35:00;TO;153;324;GUARAI;Ingest�o de �lcool pelo condutor;Sa�da de leito carro��vel;Com V�timas Feridas;Pleno dia;Decrescente;C�u Claro;Simples;Reta;N�o;1;0;1;0;0;0;1;1;-8,74758;-48,508667;SPRF-TO;DEL02-TO;UOP02-DEL02-TO;;;
728094;22/09/2025;segunda-feira;07:30:00;RJ;116;169;RIO DE JANEIRO;Acessar a via sem observar a presen�a dos outros ve�culos;Colis�o lateral mesmo sentido;Com V�timas Feridas;Pleno dia;Decrescente;C�u Claro;M�ltipla;Reta;Sim;2;0;1;0;1;0;1;2;-22,81520603;-43,32656819;SPRF-RJ;DEL06-RJ;UOP01-DEL06-RJ;;;
728096;28/10/2025;ter�a-feira;13:25:00;RS;116;252;SAPUCAIA DO SUL;Manobra de mudan�a de faixa;Colis�o lateral mesmo sentido;Com V�timas Feridas;Pleno dia;Crescente;Nublado;M�ltipla;Reta;Sim;2;0;1;0;1;0;1;2;-29,8041285;-51,166538;SPRF-RS;DEL01-RS;UOP02-DEL01-RS;;;
728097;28/10/2025;ter�a-feira;13:50:00;MG;381;507;SAO JOAQUIM DE BICAS;Demais falhas mec�nicas ou el�tricas;Tombamento;Com V�timas Feridas;Pleno dia;Decrescente;C�u Claro;Dupla;Reta;Sim;2;0;0;1;1;0;1;1;-20,04369394;-44,26841609;SPRF-MG;DEL01-MG;UOP03-DEL01-MG;;;
728099;19/10/2025;domingo;22:30:00;RS;287;330;SAO VICENTE DO SUL;Velocidade Incompat�vel;Colis�o traseira;Sem V�timas;Plena Noite;Decrescente;C�u Claro;Simples;Interse��o de Vias;N�o;2;0;0;0;1;1;0;2;-29,68423966;-54,66600966;SPRF-RS;DEL12-RS;UOP02-DEL12-RS;;;
728100;28/10/2025;ter�a-feira;11:20:00;BA;324;620;SALVADOR;Rea��o tardia ou ineficiente do condutor;Colis�o traseira;Com V�timas Feridas;Pleno dia;Decrescente;Nublado;M�ltipla;Reta;Sim;2;0;1;0;0;1;1;2;-12,91492706;-38,4609196;SPRF-BA;DEL01-BA;UOP01-DEL01-BA;;;
728102;28/10/2025;ter�a-feira;14:00:00;PR;369;172,8;ROLANDIA;Condutor deixou de manter dist�ncia do ve�culo da frente;Colis�o traseira;Sem V�timas;Pleno dia;Crescente;C�u Claro;Simples;Reta;Sim;2;0;0;0;2;0;0;2;-23,32496914;-51,38619214;SPRF-PR;DEL07-PR;UOP01-DEL07-PR;;;
728105;28/10/2025;ter�a-feira;13:35:00;BA;367;23;PORTO SEGURO;Acessar a via sem observar a presen�a dos outros ve�culos;Colis�o lateral mesmo sentido;Sem V�timas;Pleno dia;Decrescente;Nublado;Simples;Reta;Sim;2;0;0;0;1;1;0;2;-16,43831647;-39,08505678;SPRF-BA;DEL09-BA;UOP03-DEL09-BA;;;
728107;28/10/2025;ter�a-feira;12:50:00;RO;364;342;JI-PARANA;Aus�ncia de rea��o do condutor;Engavetamento;Sem V�timas;Pleno dia;Decrescente;C�u Claro;Simples;"Reta;Ponte";N�o;4;0;0;0;4;0;0;4;-10,88163423;-61,94104806;SPRF-RO;DEL02-RO;UOP01-DEL02-RO;;;
728108;28/10/2025;ter�a-feira;11:18:00;MA;10;255;IMPERATRIZ;Condutor deixou de manter dist�ncia do ve�culo da frente;Colis�o lateral mesmo sentido;Com V�timas Feridas;Pleno dia;Crescente;Sol;Simples;Reta;Sim;2;0;1;0;1;0;1;2;-5,50062;-47,471807;SPRF-MA;DEL04-MA;UOP01-DEL04-MA;;;
728113;28/10/2025;ter�a-feira;14:00:00;RJ;101;59;CAMPOS DOS GOYTACAZES;Condutor deixou de manter dist�ncia do ve�culo da frente;Colis�o traseira;Com V�timas Feridas;Pleno dia;Decrescente;C�u Claro;Simples;Reta;Sim;2;0;1;0;1;0;1;2;-21,72021288;-41,31378047;SPRF-RJ;DEL08-RJ;UOP01-DEL08-RJ;;;
728114;28/10/2025;ter�a-feira;13:50:00;PB;104;117;LAGOA SECA;Acessar a via sem observar a presen�a dos outros ve�culos;Colis�o transversal;Com V�timas Feridas;Pleno dia;Crescente;Sol;Simples;"Declive;Reta";N�o;2;0;1;0;1;0;1;2;-7,18301;-35,865541;SPRF-PB;DEL02-PB;UOP04-DEL02-PB;;;
728115;28/10/2025;ter�a-feira;15:10:00;RJ;116;181;NOVA IGUACU;Avarias e/ou desgaste excessivo no pneu;Eventos at�picos;Com V�timas Feridas;Pleno dia;Decrescente;C�u Claro;Dupla;Reta;Sim;2;0;2;0;0;0;2;1;-22,76052508;-43,42540432;SPRF-RJ;DEL06-RJ;UOP01-DEL06-RJ;;;
728118;28/10/2025;ter�a-feira;14:20:00;RJ;116;38;SAPUCAIA;Manobra de mudan�a de faixa;Colis�o frontal;Com V�timas Fatais;Pleno dia;Crescente;C�u Claro;Simples;Curva;N�o;3;1;2;0;0;0;2;2;-22,1134736;-42,78247833;SPRF-RJ;DEL05-RJ;UOP01-DEL05-RJ;;;