id;data_inversa;dia_semana;horario;uf;br;km;municipio;causa_acidente;tipo_acidente;classificacao_acidente;fase_dia;sentido_via;condicao_metereologica;tipo_pista;tracado_via;uso_solo;pessoas;mortos;feridos_leves;feridos_graves;ilesos;ignorados;feridos;veiculos;latitude;longitude;regional;delegacia;uop;;;
728119;28/10/2025;ter�a-feira;15:00:00;RS;386;255,2;SOLEDADE;Aus�ncia de rea��o do condutor;Sa�da de leito carro��vel;Sem V�timas;Pleno dia;Decrescente;Chuva;Simples;"Curva;Declive";N�o;1;0;0;0;1;0;0;1;-28,86984947;-52,44115323;SPRF-RS;DEL04-RS;UOP03-DEL04-RS;;;
728120;28/10/2025;ter�a-feira;15:00:00;PE;101;48;ABREU E LIMA;Trafegar com motocicleta (ou similar) entre as faixas;Colis�o lateral mesmo sentido;Com V�timas Feridas;Pleno dia;Crescente;C�u Claro;Dupla;Reta;Sim;2;0;1;0;1;0;1;2;-7,898866;-34,902663;SPRF-PE;DEL01-PE;UOP02-DEL01-PE;;;
728121;28/10/2025;ter�a-feira;15:45:00;GO;414;437;ANAPOLIS;Ingest�o de �lcool pelo condutor;Colis�o traseira;Com V�timas Feridas;Pleno dia;Crescente;C�u Claro;Simples;Reta;N�o;2;0;0;1;1;0;1;2;-16,258507;-48,93708;SPRF-GO;DEL02-GO;UOP01-DEL02-GO;;;
728123;18/10/2025;s�bado;21:30:00;PE;101;80;JABOATAO DOS GUARARAPES;Mal s�bito do condutor;Tombamento;Sem V�timas;Plena Noite;Decrescente;C�u Claro;Dupla;Reta;Sim;1;0;0;0;0;1;0;1;-8,15162161;-34,94267676;SPRF-PE;DEL01-PE;UOP01-DEL01-PE;;;
728124;24/02/2025;segunda-feira;06:00:00;PB;230;81;CALDAS BRANDAO;Aus�ncia de rea��o do condutor;Colis�o traseira;Com V�timas Feridas;Pleno dia;Decrescente;C�u Claro;Dupla;Reta;Sim;2;0;0;1;0;1;1;2;-7,172687;-35,335247;SPRF-PB;DEL01-PB;UOP02-DEL01-PB;;;
728126;28/10/2025;ter�a-feira;15:00:00;RJ;101;308;SAO GONCALO;Condutor deixou de manter dist�ncia do ve�culo da frente;Colis�o traseira;Com V�timas Feridas;Pleno dia;Decrescente;Nublado;Dupla;Reta;Sim;3;0;1;0;2;0;1;2;-22,79237801;-43,02020788;SPRF-RJ;DEL02-RJ;UOP02-DEL02-RJ;;;
728127;20/10/2025;segunda-feira;08:05:00;RS;386;415;MONTENEGRO;Acessar a via sem observar a presen�a dos outros ve�culos;Colis�o lateral mesmo sentido;Sem V�timas;Pleno dia;Crescente;C�u Claro;Dupla;Reta;N�o;2;0;0;0;2;0;0;2;-29,81802;-51,46448;SPRF-RS;DEL04-RS;UOP02-DEL04-RS;;;
728128;28/10/2025;ter�a-feira;15:50:00;RN;101;105;PARNAMIRIM;Ultrapassagem Indevida;Colis�o lateral mesmo sentido;Com V�timas Feridas;Pleno dia;Crescente;C�u Claro;M�ltipla;Reta;N�o;2;0;1;0;1;0;1;2;-5,9065032;-35,2609652;SPRF-RN;DEL01-RN;UOP01-DEL01-RN;;;
728131;28/10/2025;ter�a-feira;16:30:00;MG;40;530,8;BELO HORIZONTE;Manobra de mudan�a de faixa;Colis�o lateral mesmo sentido;Com V�timas Feridas;Pleno dia;Decrescente;C�u Claro;Dupla;Retorno Regulamentado;Sim;5;0;1;0;4;0;1;2;-19,91894894;-44,02621865;SPRF-MG;DEL01-MG;UOP02-DEL01-MG;;;
728133;28/10/2025;ter�a-feira;15:45:00;RJ;116;269,9;BARRA MANSA;Ultrapassagem Indevida;Colis�o transversal;Sem V�timas;Pleno dia;Decrescente;C�u Claro;Simples;Reta;N�o;2;0;0;0;2;0;0;2;-22,56103924;-44,15351093;SPRF-RJ;DEL07-RJ;UOP02-DEL07-RJ;;;
728134;28/10/2025;ter�a-feira;16:30:00;SP;116;336;JUQUITIBA;Pista Escorregadia;Capotamento;Com V�timas Feridas;Pleno dia;Crescente;Garoa/Chuvisco;Dupla;Curva;N�o;1;0;1;0;0;0;1;1;-23,976923;-47,14413;SPRF-SP;DEL04-SP;UOP03-DEL04-SP;;;
728136;28/10/2025;ter�a-feira;16:30:00;PR;116;127;FAZENDA RIO GRANDE;Entrada inopinada do pedestre;Atropelamento de Pedestre;Com V�timas Feridas;Pleno dia;Crescente;Chuva;M�ltipla;Reta;Sim;2;0;2;0;0;0;2;2;-25,64583483;-49,31260435;SPRF-PR;DEL01-PR;UOP03-DEL01-PR;;;
728137;02/04/2025;quarta-feira;14:50:00;PA;230;860;URUARA;Demais falhas mec�nicas ou el�tricas;Inc�ndio;Sem V�timas;Pleno dia;Crescente;Ignorado;Simples;Reta;N�o;1;0;0;0;1;0;0;1;-3,72383116;-53,75498057;SPRF-PA;DEL04-PA;UOP01-DEL04-PA;;;
728138;04/10/2025;s�bado;20:20:00;BA;116;11,5;VITORIA DA CONQUISTA;Acessar a via sem observar a presen�a dos outros ve�culos;Colis�o transversal;Com V�timas Feridas;Plena Noite;Decrescente;Nublado;Simples;"Reta;Interse��o de Vias";Sim;2;0;0;1;1;0;1;2;-14,87310742;-40,87129712;SPRF-BA;DEL08-BA;UOP01-DEL08-BA;;;
728140;29/08/2025;sexta-feira;13:40:00;RS;290;98;PORTO ALEGRE;Aus�ncia de rea��o do condutor;Colis�o traseira;Com V�timas Feridas;Pleno dia;Crescente;C�u Claro;Dupla;"Ponte;Reta";N�o;9;0;4;0;5;0;4;5;-29,98985033;-51,26186037;SPRF-RS;DEL01-RS;UOP01-DEL01-RS;;;
728141;28/10/2025;ter�a-feira;16:20:00;MT;364;284;JACIARA;Demais falhas mec�nicas ou el�tricas;Queda de ocupante de ve�culo;Com V�timas Feridas;Pleno dia;Decrescente;C�u Claro;Dupla;"Aclive;Reta";N�o;2;0;1;0;1;0;1;1;-15,91138;-55,038722;SPRF-MT;DEL05-MT;UOP02-DEL05-MT;;;
728142;28/10/2025;ter�a-feira;17:00:00;PE;101;76,9;RECIFE;Rea��o tardia ou ineficiente do condutor;Atropelamento de Pedestre;Com V�timas Feridas;Anoitecer;Crescente;C�u Claro;Dupla;"Reta;Declive";Sim;3;0;1;0;1;1;1;2;-8,12669;-34,94398;SPRF-PE;DEL01-PE;UOP01-DEL01-PE;;;
728144;28/10/2025;ter�a-feira;17:05:00;RS;158;312;ITAARA;Acesso irregular;Colis�o traseira;Com V�timas Feridas;Pleno dia;Decrescente;Chuva;Simples;"Interse��o de Vias;Reta";N�o;3;0;1;0;2;0;1;2;-29,63415642;-53,76735806;SPRF-RS;DEL09-RS;UOP01-DEL09-RS;;;
728146;28/10/2025;ter�a-feira;17:00:00;SC;101;129;CAMBORIU;Manobra de mudan�a de faixa;Colis�o lateral mesmo sentido;Com V�timas Feridas;Pleno dia;Decrescente;Nublado;Dupla;Reta;Sim;2;0;1;0;1;0;1;2;-26,98275469;-48,67302625;SPRF-SC;DEL04-SC;UOP03-DEL04-SC;;;
728147;28/10/2025;ter�a-feira;16:35:00;MG;116;524,9;CARATINGA;Condutor deixou de manter dist�ncia do ve�culo da frente;Colis�o traseira;Com V�timas Feridas;Pleno dia;Decrescente;Sol;Simples;Reta;Sim;2;0;0;1;1;0;1;2;-19,77186286;-42,13213921;SPRF-MG;DEL06-MG;UOP02-DEL06-MG;;;
728148;28/10/2025;ter�a-feira;16:00:00;MG;381;685;RIBEIRAO VERMELHO;Acessar a via sem observar a presen�a dos outros ve�culos;Colis�o traseira;Com V�timas Feridas;Pleno dia;Decrescente;Nublado;Dupla;Reta;Sim;2;0;1;0;1;0;1;2;-21,163435;-45,122454;SPRF-MG;DEL04-MG;UOP02-DEL04-MG;;;
728150;12/10/2025;domingo;18:40:00;SC;480;125,9;CHAPECO;Ingest�o de �lcool pelo condutor;Colis�o com objeto;Com V�timas Feridas;Plena Noite;Crescente;Garoa/Chuvisco;M�ltipla;Reta;N�o;1;0;1;0;0;0;1;1;-27,01199938;-52,63936424;SPRF-SC;DEL07-SC;UOP01-DEL07-SC;;;
728151;28/10/2025;ter�a-feira;17:40:00;MG;365;611;UBERLANDIA;Aus�ncia de rea��o do condutor;Colis�o traseira;Com V�timas Feridas;Pleno dia;Crescente;Nublado;Dupla;"Reta;Declive";N�o;2;0;1;0;1;0;1;2;-18,92414957;-48,18569183;SPRF-MG;DEL15-MG;UOP01-DEL15-MG;;;
728152;28/10/2025;ter�a-feira;16:20:00;MG;262;437,7;NOVA SERRANA;Manobra de mudan�a de faixa;Colis�o transversal;Com V�timas Feridas;Pleno dia;Decrescente;Sol;M�ltipla;Reta;Sim;3;0;0;2;1;0;2;2;-19,87151;-44,97255;SPRF-MG;DEL08-MG;UOP03-DEL08-MG;;;
728154;04/10/2025;s�bado;01:08:00;BA;101;349,9;WENCESLAU GUIMARAES;Acumulo de �leo sobre o pavimento;Sa�da de leito carro��vel;Com V�timas Feridas;Plena Noite;Decrescente;Garoa/Chuvisco;Simples;"Declive;Curva";N�o;33;0;26;3;4;0;29;1;-13,616727;-39,497015;SPRF-BA;DEL05-BA;UOP03-DEL05-BA;;;
728156;28/10/2025;ter�a-feira;15:50:00;RO;425;128;GUAJARA-MIRIM;Acessar a via sem observar a presen�a dos outros ve�culos;Colis�o lateral mesmo sentido;Com V�timas Feridas;Pleno dia;Crescente;C�u Claro;Dupla;Reta;Sim;2;0;1;0;1;0;1;2;-10,78048784;-65,32392293;SPRF-RO;DEL01-RO;UOP03-DEL01-RO;;;
728157;28/10/2025;ter�a-feira;14:10:00;RJ;0;0;RIO DE JANEIRO;Velocidade Incompat�vel;Colis�o frontal;Com V�timas Feridas;Pleno dia;N�o Informado;C�u Claro;Simples;Reta;N�o;4;0;0;1;3;0;1;2;-22,81773698;-43,31897227;SPRF-RJ;DEL06-RJ;UOP01-DEL06-RJ;;;
728158;28/10/2025;ter�a-feira;10:30:00;PA;308;149;CAPANEMA;Acessar a via sem observar a presen�a dos outros ve�culos;Colis�o lateral sentido oposto;Com V�timas Feridas;Pleno dia;Decrescente;C�u Claro;Simples;Interse��o de Vias;Sim;2;0;1;0;1;0;1;2;-1,21122147;-47,183694;SPRF-PA;DEL01-PA;UOP03-DEL01-PA;;;
728161;28/10/2025;ter�a-feira;10:15:00;SC;101;167;TIJUCAS;Acumulo de �leo sobre o pavimento;Tombamento;Com V�timas Feridas;Pleno dia;Crescente;Nublado;Dupla;Reta;N�o;1;0;1;0;0;0;1;1;-27,28297208;-48,63102436;SPRF-SC;DEL04-SC;UOP03-DEL04-SC;;;
728162;28/10/2025;ter�a-feira;18:15:00;SC;101;349;JAGUARUNA;Acumulo de �gua sobre o pavimento;Colis�o com objeto;Com V�timas Feridas;Anoitecer;Crescente;Chuva;Dupla;Curva;N�o;1;0;1;0;0;0;1;1;-28,59197592;-49,04517621;SPRF-SC;DEL02-SC;UOP01-DEL02-SC;;;
728163;28/10/2025;ter�a-feira;10:40:00;SC;101;122;ITAJAI;Pedestre andava na pista;Atropelamento de Pedestre;Com V�timas Feridas;Pleno dia;Crescente;Nublado;Dupla;Reta;Sim;2;0;0;1;0;1;1;2;-26,93439035;-48,70123386;SPRF-SC;DEL04-SC;UOP04-DEL04-SC;;;
728164;28/10/2025;ter�a-feira;18:40:00;PR;376;617;SAO JOSE DOS PINHAIS;Rea��o tardia ou ineficiente do condutor;Queda de ocupante de ve�culo;Com V�timas Feridas;Plena Noite;Crescente;Chuva;Simples;Declive;Sim;1;0;0;1;0;0;1;1;-25,5953;-49,173723;SPRF-PR;DEL01-PR;UOP04-DEL01-PR;;;
728167;28/10/2025;ter�a-feira;19:00:00;SC;101;150;ITAPEMA;Demais falhas mec�nicas ou el�tricas;Queda de ocupante de ve�culo;Com V�timas Feridas;Plena Noite;Decrescente;Chuva;Dupla;Reta;Sim;2;0;1;1;0;0;2;1;-27,11582326;-48,60951154;SPRF-SC;DEL04-SC;UOP03-DEL04-SC;;;
728168;28/10/2025;ter�a-feira;17:50:00;RJ;101;542,3;PARATY;Velocidade Incompat�vel;Sa�da de leito carro��vel;Com V�timas Feridas;Anoitecer;Decrescente;Garoa/Chuvisco;Simples;"Declive;Curva";N�o;2;0;2;0;0;0;2;1;-23,04225964;-44,59846258;SPRF-RJ;DEL03-RJ;UOP04-DEL03-RJ;;;
728169;28/10/2025;ter�a-feira;17:55:00;RJ;101;509;ANGRA DOS REIS;Pista Escorregadia;Colis�o com objeto;Com V�timas Feridas;Anoitecer;Decrescente;Garoa/Chuvisco;Simples;Reta;N�o;1;0;1;0;0;0;1;1;-22,94448299;-44,42905426;SPRF-RJ;DEL03-RJ;UOP03-DEL03-RJ;;;
728170;28/10/2025;ter�a-feira;18:15:00;PI;343;340,7;TERESINA;Aus�ncia de rea��o do condutor;Colis�o transversal;Com V�timas Feridas;Plena Noite;Decrescente;C�u Claro;M�ltipla;"Reta;Retorno Regulamentado";Sim;2;0;0;1;1;0;1;2;-5,072842;-42,73492;SPRF-PI;DEL01-PI;UOP01-DEL01-PI;;;
728171;28/10/2025;ter�a-feira;19:20:00;SE;235;2,9;ARACAJU;Entrada inopinada do pedestre;Atropelamento de Pedestre;Com V�timas Feridas;Plena Noite;Crescente;C�u Claro;Dupla;Reta;N�o;2;0;0;1;1;0;1;2;-10,906292;-37,102179;SPRF-SE;DEL01-SE;UOP01-DEL01-SE;;;
728172;28/10/2025;ter�a-feira;18:30:00;SC;101;114;ITAJAI;Manobra de mudan�a de faixa;Colis�o lateral mesmo sentido;Com V�timas Feridas;Plena Noite;Decrescente;Chuva;M�ltipla;Reta;Sim;2;0;1;0;1;0;1;2;-26,87173754;-48,72898802;SPRF-SC;DEL04-SC;UOP04-DEL04-SC;;;
728173;28/10/2025;ter�a-feira;19:35:00;RS;116;150;CAXIAS DO SUL;Manobra de mudan�a de faixa;Colis�o lateral mesmo sentido;Com V�timas Feridas;Plena Noite;Crescente;Chuva;Dupla;Reta;Sim;2;0;1;0;1;0;1;2;-29,16548252;-51,15834586;SPRF-RS;DEL05-RS;UOP01-DEL05-RS;;;
728175;28/10/2025;ter�a-feira;19:40:00;PR;277;70;SAO JOSE DOS PINHAIS;Ilumina��o deficiente;Colis�o traseira;Com V�timas Feridas;Plena Noite;Decrescente;Garoa/Chuvisco;Dupla;Viaduto;N�o;2;0;0;1;1;0;1;2;-25,512048;-49,12733;SPRF-PR;DEL01-PR;UOP01-DEL01-PR;;;
728177;28/10/2025;ter�a-feira;18:40:00;MS;163;268;DOURADOS;Acessar a via sem observar a presen�a dos outros ve�culos;Colis�o transversal;Com V�timas Feridas;Plena Noite;Decrescente;Chuva;Dupla;Reta;N�o;4;0;0;1;3;0;1;3;-22,20851401;-54,71020818;SPRF-MS;DEL04-MS;UOP01-DEL04-MS;;;
728180;28/10/2025;ter�a-feira;18:30:00;PE;232;11,1;JABOATAO DOS GUARARAPES;Demais falhas mec�nicas ou el�tricas;Inc�ndio;Sem V�timas;Plena Noite;Crescente;C�u Claro;Dupla;Reta;Sim;1;0;0;0;1;0;0;1;-8,08287;-34,99674;SPRF-PE;DEL01-PE;UOP01-DEL01-PE;;;
728182;28/10/2025;ter�a-feira;19:18:00;RO;364;714;PORTO VELHO;Rea��o tardia ou ineficiente do condutor;Colis�o transversal;Com V�timas Feridas;Plena Noite;Decrescente;C�u Claro;Simples;Rotat�ria;Sim;2;0;1;1;0;0;2;1;-8,77440326;-63,88591848;SPRF-RO;DEL01-RO;UOP01-DEL01-RO;;;
728183;28/10/2025;ter�a-feira;19:50:00;PR;163;252;TOLEDO;Chuva;Sa�da de leito carro��vel;Com V�timas Feridas;Plena Noite;Decrescente;Chuva;Dupla;Curva;N�o;2;0;1;0;1;0;1;1;-24,67735443;-53,7923011;SPRF-PR;DEL06-PR;UOP02-DEL06-PR;;;
728184;28/10/2025;ter�a-feira;17:35:00;MG;381;414;CAETE;Velocidade Incompat�vel;Queda de ocupante de ve�culo;Com V�timas Feridas;Plena Noite;Crescente;C�u Claro;Dupla;Curva;N�o;1;0;0;1;0;0;1;1;-19,7506582;-43,62786468;SPRF-MG;DEL01-MG;UOP01-DEL01-MG;;;
728185;28/10/2025;ter�a-feira;19:50:00;MS;163;483;CAMPO GRANDE;Aus�ncia de rea��o do condutor;Colis�o traseira;Com V�timas Feridas;Plena Noite;Decrescente;C�u Claro;Simples;Reta;N�o;5;0;0;1;4;0;1;2;-20,456175;-54,545229;SPRF-MS;DEL01-MS;UOP02-DEL01-MS;;;
728186;18/10/2025;s�bado;11:11:00;TO;10;456;PALMAS;Aus�ncia de rea��o do condutor;Colis�o traseira;Com V�timas Feridas;Pleno dia;Crescente;C�u Claro;M�ltipla;Reta;Sim;3;0;1;0;2;0;1;2;-10,2971788;-48,29731213;SPRF-TO;DEL01-TO;UOP03-DEL01-TO;;;
728189;28/10/2025;ter�a-feira;21:00:00;SP;116;541;BARRA DO TURVO;Pista Escorregadia;Colis�o com objeto;Com V�timas Feridas;Plena Noite;Crescente;Chuva;Dupla;"Aclive;Curva";N�o;2;0;1;0;1;0;1;1;-24,9728104;-48,40232246;SPRF-SP;DEL05-SP;UOP02-DEL05-SP;;;
728190;28/10/2025;ter�a-feira;19:00:00;PI;316;22,4;TERESINA;Entrada inopinada do pedestre;Atropelamento de Pedestre;Com V�timas Feridas;Plena Noite;Decrescente;C�u Claro;M�ltipla;Reta;Sim;2;0;0;1;0;1;1;2;-5,2855035;-42,7197463;SPRF-PI;DEL01-PI;UOP02-DEL01-PI;;;
728191;28/10/2025;ter�a-feira;14:20:00;MT;70;625;NOSSA SENHORA DO LIVRAMENTO;Acumulo de �gua sobre o pavimento;Sa�da de leito carro��vel;Com V�timas Feridas;Pleno dia;Crescente;Chuva;Simples;Reta;N�o;2;0;2;0;0;0;2;1;-15,5557438;-56,5912654;SPRF-MT;DEL03-MT;UOP02-DEL03-MT;;;
728193;28/10/2025;ter�a-feira;15:20:00;MT;70;608;POCONE;Objeto est�tico sobre o leito carro��vel;Queda de ocupante de ve�culo;Com V�timas Feridas;Pleno dia;Crescente;Nublado;M�ltipla;"Aclive;Reta";N�o;1;0;0;1;0;0;1;1;-15,876298;-56,866787;SPRF-MT;DEL03-MT;UOP02-DEL03-MT;;;
728196;28/10/2025;ter�a-feira;22:00:00;RN;101;77;NATAL;Objeto est�tico sobre o leito carro��vel;Colis�o com objeto;Com V�timas Feridas;Plena Noite;Decrescente;C�u Claro;Dupla;Curva;Sim;3;0;1;0;2;0;1;2;-5,73345167;-35,29110575;SPRF-RN;DEL02-RN;UOP01-DEL02-RN;;;
728197;28/10/2025;ter�a-feira;12:30:00;SE;235;6,1;NOSSA SENHORA DO SOCORRO;Acumulo de �leo sobre o pavimento;Queda de ocupante de ve�culo;Com V�timas Feridas;Pleno dia;Decrescente;C�u Claro;Dupla;Curva;N�o;1;0;0;1;0;0;1;1;-10,904098;-37,129892;SPRF-SE;DEL01-SE;UOP01-DEL01-SE;;;
728198;28/10/2025;ter�a-feira;19:45:00;MG;251;521;MONTES CLAROS;Ingest�o de �lcool pelo condutor;Colis�o traseira;Com V�timas Feridas;Plena Noite;Crescente;C�u Claro;Simples;Reta;N�o;3;0;0;1;0;2;1;3;-16,66367;-43,77744;SPRF-MG;DEL12-MG;UOP01-DEL12-MG;;;
728199;28/10/2025;ter�a-feira;21:40:00;SP;116;213;GUARULHOS;Rea��o tardia ou ineficiente do condutor;Colis�o frontal;Com V�timas Feridas;Plena Noite;Decrescente;Garoa/Chuvisco;Dupla;Reta;Sim;2;0;0;1;1;0;1;2;-23,443672;-46,445926;SPRF-SP;DEL01-SP;UOP01-DEL01-SP;;;
728201;28/10/2025;ter�a-feira;22:40:00;SP;116;202;ARUJA;Ilumina��o deficiente;Sa�da de leito carro��vel;Sem V�timas;Plena Noite;Crescente;Nevoeiro/Neblina;Dupla;"Interse��o de Vias;Reta";Sim;1;0;0;0;1;0;0;1;-23,41143171;-46,35273147;SPRF-SP;DEL01-SP;UOP01-DEL01-SP;;;
728202;28/10/2025;ter�a-feira;13:15:00;RJ;356;49;ITAPERUNA;Afundamento ou ondula��o no pavimento;Queda de ocupante de ve�culo;Com V�timas Feridas;Pleno dia;Decrescente;C�u Claro;Simples;"Em Obras;Reta";N�o;2;0;2;0;0;0;2;1;-21,25956575;-41,77053301;SPRF-RJ;DEL08-RJ;UOP03-DEL08-RJ;;;
728204;28/10/2025;ter�a-feira;21:00:00;MS;158;88;PARANAIBA;Animais na Pista;Atropelamento de Animal;Com V�timas Feridas;Plena Noite;Crescente;C�u Claro;Simples;"Declive;Reta";N�o;1;0;1;0;0;0;1;1;-19,61822373;-51,21409357;SPRF-MS;DEL08-MS;UOP01-DEL08-MS;;;
728205;21/10/2025;ter�a-feira;07:50:00;TO;10;458;PALMAS;Rea��o tardia ou ineficiente do condutor;Queda de ocupante de ve�culo;Com V�timas Feridas;Pleno dia;Decrescente;C�u Claro;M�ltipla;Reta;Sim;1;0;1;0;0;0;1;1;-10,2716654;-48,30526471;SPRF-TO;DEL01-TO;UOP03-DEL01-TO;;;
728206;28/10/2025;ter�a-feira;22:10:00;RJ;116;264;VOLTA REDONDA;Aus�ncia de rea��o do condutor;Colis�o traseira;Com V�timas Feridas;Plena Noite;Crescente;C�u Claro;Dupla;Reta;N�o;2;0;0;1;1;0;1;2;-22,59086786;-44,07931415;SPRF-RJ;DEL07-RJ;UOP02-DEL07-RJ;;;
728212;28/10/2025;ter�a-feira;23:55:00;SP;116;279;EMBU DAS ARTES;Aus�ncia de rea��o do condutor;Colis�o traseira;Com V�timas Feridas;Plena Noite;Crescente;Garoa/Chuvisco;Dupla;Reta;N�o;2;0;1;0;1;0;1;2;-23,6380493;-46,83487;SPRF-SP;DEL04-SP;UOP01-DEL04-SP;;;
728214;28/10/2025;ter�a-feira;22:10:00;PE;232;105;BEZERROS;Acessar a via sem observar a presen�a dos outros ve�culos;Colis�o transversal;Com V�timas Fatais;Plena Noite;Decrescente;C�u Claro;Dupla;Retorno Regulamentado;Sim;4;1;0;0;3;0;0;2;-8,26012403;-35,78564032;SPRF-PE;DEL02-PE;UOP03-DEL02-PE;;;
728217;29/10/2025;quarta-feira;02:40:00;MG;50;123,9;UBERABA;Entrada inopinada do pedestre;Atropelamento de Pedestre;Com V�timas Feridas;Plena Noite;Crescente;C�u Claro;Dupla;Reta;N�o;2;0;0;1;0;1;1;2;-19,34056;-48,09634;SPRF-MG;DEL13-MG;UOP01-DEL13-MG;;;
728218;29/10/2025;quarta-feira;03:01:00;CE;116;54;PACAJUS;Aus�ncia de sinaliza��o;Capotamento;Sem V�timas;Plena Noite;Crescente;C�u Claro;Dupla;Retorno Regulamentado;Sim;1;0;0;0;0;1;0;1;-4,17478836;-38,46602887;SPRF-CE;DEL01-CE;UOP04-DEL01-CE;;;
728219;29/10/2025;quarta-feira;02:55:00;PI;343;266;CAMPO MAIOR;Aus�ncia de rea��o do condutor;Colis�o com objeto;Com V�timas Feridas;Plena Noite;Decrescente;C�u Claro;Simples;Reta;Sim;1;0;1;0;0;0;1;1;-4,839701;-42,17318594;SPRF-PI;DEL01-PI;UOP03-DEL01-PI;;;
728225;29/10/2025;quarta-feira;06:00:00;PB;230;17;JOAO PESSOA;Aus�ncia de rea��o do condutor;Colis�o lateral mesmo sentido;Com V�timas Feridas;Pleno dia;Crescente;Nublado;Dupla;Curva;Sim;2;0;1;0;1;0;1;2;-7,11684;-34,842715;SPRF-PB;DEL01-PB;UOP01-DEL01-PB;;;
728229;29/10/2025;quarta-feira;03:47:00;MT;163;803;SINOP;Demais falhas mec�nicas ou el�tricas;Queda de ocupante de ve�culo;Com V�timas Feridas;Amanhecer;Decrescente;Nublado;Simples;Reta;N�o;2;0;2;0;0;0;2;1;-12,145887;-55,514145;SPRF-MT;DEL06-MT;UOP02-DEL06-MT;;;
728230;24/10/2025;sexta-feira;02:00:00;SC;282;66,7;RANCHO QUEIMADO;Aus�ncia de rea��o do condutor;Colis�o traseira;Com V�timas Feridas;Plena Noite;Crescente;Nublado;Simples;"Reta;Declive";N�o;3;0;2;0;1;0;2;2;-27,69885932;-49,0677537;SPRF-SC;DEL01-SC;UOP03-DEL01-SC;;;
728231;29/10/2025;quarta-feira;07:20:00;RJ;101;306;SAO GONCALO;Demais falhas mec�nicas ou el�tricas;Tombamento;Com V�timas Feridas;Pleno dia;Crescente;Nublado;Dupla;Viaduto;Sim;2;0;2;0;0;0;2;1;-22,7907619;-43,01389933;SPRF-RJ;DEL02-RJ;UOP02-DEL02-RJ;;;
728232;29/10/2025;quarta-feira;07:20:00;RJ;116;182;NOVA IGUACU;Acessar a via sem observar a presen�a dos outros ve�culos;Colis�o transversal;Com V�timas Feridas;Pleno dia;Crescente;C�u Claro;Simples;Reta;Sim;2;0;1;0;1;0;1;2;-22,73819;-43,49384308;SPRF-RJ;DEL06-RJ;UOP01-DEL06-RJ;;;
728233;29/10/2025;quarta-feira;07:20:00;PR;369;499,9;CASCAVEL;Aus�ncia de rea��o do condutor;Tombamento;Com V�timas Feridas;Pleno dia;Crescente;Nublado;Simples;Reta;N�o;1;0;1;0;0;0;1;1;-24,90363;-53,36947;SPRF-PR;DEL04-PR;UOP01-DEL04-PR;;;
728236;29/10/2025;quarta-feira;07:30:00;PB;230;17,7;JOAO PESSOA;Aus�ncia de rea��o do condutor;Tombamento;Com V�timas Feridas;Pleno dia;Decrescente;C�u Claro;Dupla;Reta;Sim;1;0;1;0;0;0;1;1;-7,119635;-34,84523;SPRF-PB;DEL01-PB;UOP01-DEL01-PB;;;
728237;29/10/2025;quarta-feira;07:26:00;PE;104;61;CARUARU;Rea��o tardia ou ineficiente do condutor;Queda de ocupante de ve�culo;Com V�timas Feridas;Pleno dia;Decrescente;Sol;Dupla;Reta;Sim;1;0;0;1;0;0;1;1;-8,2104109;-35,9719339;SPRF-PE;DEL02-PE;UOP01-DEL02-PE;;;
728240;29/10/2025;quarta-feira;07:30:00;PR;376;3;APUCARANA;Condutor deixou de manter dist�ncia do ve�culo da frente;Colis�o traseira;Com V�timas Feridas;Pleno dia;Crescente;Nublado;Simples;"Aclive;Interse��o de Vias;Reta";Sim;4;0;1;0;3;0;1;3;-23,559225;-51,437266;SPRF-PR;DEL07-PR;UOP03-DEL07-PR;;;
728241;29/10/2025;quarta-feira;08:33:00;ES;101;297,7;VIANA;Aus�ncia de rea��o do condutor;Tombamento;Com V�timas Feridas;Pleno dia;Decrescente;C�u Claro;Dupla;Reta;Sim;3;0;1;0;2;0;1;2;-20,350743;-40,412927;SPRF-ES;DEL01-ES;UOP01-DEL01-ES;;;
728244;27/09/2025;s�bado;19:30:00;PR;116;97;SAO JOSE DOS PINHAIS;Ingest�o de �lcool pelo condutor;Colis�o traseira;Com V�timas Feridas;Plena Noite;Decrescente;C�u Claro;Dupla;Reta;Sim;3;0;1;0;2;0;1;3;-25,55338648;-49,14944021;SPRF-PR;DEL01-PR;UOP07-DEL01-PR;;;
728245;29/10/2025;quarta-feira;07:50:00;PB;230;19,3;JOAO PESSOA;Condutor deixou de manter dist�ncia do ve�culo da frente;Colis�o traseira;Com V�timas Feridas;Pleno dia;Crescente;C�u Claro;Dupla;Reta;Sim;4;0;1;1;2;0;2;2;-7,13080849;-34,85198021;SPRF-PB;DEL01-PB;UOP01-DEL01-PB;;;
728246;28/10/2025;ter�a-feira;19:50:00;RJ;40;110;DUQUE DE CAXIAS;Condutor deixou de manter dist�ncia do ve�culo da frente;Colis�o traseira;Com V�timas Feridas;Plena Noite;Decrescente;C�u Claro;M�ltipla;"Reta;Declive";N�o;3;0;2;0;1;0;2;2;-22,6925177;-43,2874894;SPRF-RJ;DEL01-RJ;UOP02-DEL01-RJ;;;
728247;29/10/2025;quarta-feira;07:20:00;SP;153;122,1;UBARANA;Aus�ncia de rea��o do condutor;Tombamento;Com V�timas Feridas;Pleno dia;Decrescente;Garoa/Chuvisco;Simples;Reta;N�o;1;0;1;0;0;0;1;1;-21,18497;-49,722641;SPRF-SP;DEL09-SP;UOP01-DEL09-SP;;;