id;data_inversa;dia_semana;horario;uf;br;km;municipio;causa_acidente;tipo_acidente;classificacao_acidente;fase_dia;sentido_via;condicao_metereologica;tipo_pista;tracado_via;uso_solo;pessoas;mortos;feridos_leves;feridos_graves;ilesos;ignorados;feridos;veiculos;latitude;longitude;regional;delegacia;uop;;;
728248;26/10/2025;domingo;01:40:00;SC;101;216;PALHOCA;Participar de racha;Colis�o com objeto;Sem V�timas;Plena Noite;Crescente;Nublado;M�ltipla;Reta;N�o;3;0;0;0;3;0;0;2;-27,660517;-48,67811;SPRF-SC;DEL01-SC;UOP02-DEL01-SC;;;
728251;29/10/2025;quarta-feira;08:25:00;PE;101;76;RECIFE;Aus�ncia de rea��o do condutor;Colis�o traseira;Com V�timas Feridas;Pleno dia;Crescente;C�u Claro;Dupla;Reta;N�o;2;0;0;2;0;0;2;1;-8,12399;-34,9436;SPRF-PE;DEL01-PE;UOP01-DEL01-PE;;;
728253;29/10/2025;quarta-feira;07:40:00;PR;476;146;CURITIBA;Trafegar com motocicleta (ou similar) entre as faixas;Colis�o traseira;Com V�timas Fatais;Pleno dia;Decrescente;Nublado;Dupla;"Reta;Aclive";Sim;2;1;1;0;0;0;1;2;-25,5527;-49,33422;SPRF-PR;DEL01-PR;UOP06-DEL01-PR;;;
728255;29/10/2025;quarta-feira;08:40:00;BA;324;513;FEIRA DE SANTANA;Entrada inopinada do pedestre;Atropelamento de Pedestre;Com V�timas Feridas;Pleno dia;Decrescente;C�u Claro;Simples;Reta;Sim;2;0;0;1;1;0;1;2;-12,2308;-38,9612;SPRF-BA;DEL02-BA;UOP01-DEL02-BA;;;
728259;29/10/2025;quarta-feira;08:00:00;MG;40;638,3;CONSELHEIRO LAFAIETE;Condutor deixou de manter dist�ncia do ve�culo da frente;Colis�o traseira;Com V�timas Feridas;Pleno dia;Crescente;C�u Claro;Simples;Reta;N�o;2;0;1;0;1;0;1;2;-20,729829;-43,800509;SPRF-MG;DEL05-MG;UOP02-DEL05-MG;;;
728264;29/10/2025;quarta-feira;08:23:00;BA;324;518,2;FEIRA DE SANTANA;Convers�o proibida;Colis�o transversal;Com V�timas Feridas;Pleno dia;Decrescente;C�u Claro;Simples;Reta;Sim;3;0;1;0;2;0;1;2;-12,2626;-38,9322;SPRF-BA;DEL02-BA;UOP01-DEL02-BA;;;
728265;29/10/2025;quarta-feira;09:30:00;SC;101;205,4;SAO JOSE;Chuva;Tombamento;Com V�timas Feridas;Pleno dia;Decrescente;Chuva;M�ltipla;"Retorno Regulamentado;Declive";Sim;1;0;0;1;0;0;1;1;-27,5873908;-48,61628143;SPRF-SC;DEL01-SC;UOP01-DEL01-SC;;;
728267;29/10/2025;quarta-feira;08:30:00;GO;153;636;MORRINHOS;Aus�ncia de rea��o do condutor;Capotamento;Com V�timas Feridas;Pleno dia;Decrescente;C�u Claro;Dupla;Reta;N�o;2;0;1;0;1;0;1;2;-17,847925;-49,219643;SPRF-GO;DEL03-GO;UOP01-DEL03-GO;;;
728269;29/10/2025;quarta-feira;08:30:00;GO;153;665;GOIATUBA;Aus�ncia de rea��o do condutor;Sa�da de leito carro��vel;Com V�timas Feridas;Pleno dia;Crescente;Sol;Dupla;Reta;N�o;1;0;1;0;0;0;1;1;-18,087421;-49,270587;SPRF-GO;DEL03-GO;UOP02-DEL03-GO;;;
728270;29/10/2025;quarta-feira;09:25:00;PR;277;586;CASCAVEL;Acessar a via sem observar a presen�a dos outros ve�culos;Colis�o transversal;Sem V�timas;Pleno dia;Crescente;C�u Claro;Simples;Interse��o de Vias;Sim;2;0;0;0;2;0;0;2;-24,966776;-53,424519;SPRF-PR;DEL04-PR;UOP01-DEL04-PR;;;
728272;29/10/2025;quarta-feira;10:00:00;PR;369;161,4;CAMBE;Rea��o tardia ou ineficiente do condutor;Colis�o traseira;Com V�timas Feridas;Pleno dia;Decrescente;C�u Claro;Dupla;"Reta;Aclive";N�o;4;0;1;0;3;0;1;3;-23,290328;-51,26384;SPRF-PR;DEL07-PR;UOP01-DEL07-PR;;;
728273;29/10/2025;quarta-feira;09:35:00;PI;343;344,2;TERESINA;Acessar a via sem observar a presen�a dos outros ve�culos;Colis�o transversal;Com V�timas Feridas;Pleno dia;Crescente;C�u Claro;Simples;"Aclive;Reta";Sim;2;0;1;0;1;0;1;2;-5,10194161;-42,76624471;SPRF-PI;DEL01-PI;UOP01-DEL01-PI;;;
728276;29/10/2025;quarta-feira;09:30:00;MG;381;199;NAQUE;Acumulo de areia ou detritos sobre o pavimento;Tombamento;Com V�timas Feridas;Pleno dia;Decrescente;C�u Claro;Simples;Reta;N�o;1;0;1;0;0;0;1;1;-19,185225;-42,264802;SPRF-MG;DEL06-MG;UOP01-DEL06-MG;;;
728278;14/10/2025;ter�a-feira;11:50:00;PB;361;1,3;PATOS;Acessar a via sem observar a presen�a dos outros ve�culos;Colis�o transversal;Com V�timas Feridas;Pleno dia;Decrescente;C�u Claro;Simples;Reta;Sim;2;0;1;0;1;0;1;2;-7,023353;-37,270755;SPRF-PB;DEL03-PB;UOP01-DEL03-PB;;;
728279;29/10/2025;quarta-feira;11:05:00;SC;101;203,4;SAO JOSE;Aus�ncia de rea��o do condutor;Colis�o lateral mesmo sentido;Com V�timas Fatais;Pleno dia;Crescente;Garoa/Chuvisco;M�ltipla;"Interse��o de Vias;Reta";Sim;3;1;0;0;1;1;0;3;-27,56901;-48,61408;SPRF-SC;DEL01-SC;UOP01-DEL01-SC;;;
728282;29/10/2025;quarta-feira;11:20:00;SP;116;285,5;EMBU DAS ARTES;Transitar na contram�o;Colis�o frontal;Com V�timas Feridas;Pleno dia;Crescente;C�u Claro;Simples;"Viaduto;Reta";Sim;2;0;1;0;1;0;1;2;-23,68275607;-46,85907888;SPRF-SP;DEL04-SP;UOP01-DEL04-SP;;;
728286;29/10/2025;quarta-feira;11:06:00;GO;40;3;VALPARAISO DE GOIAS;Pedestre cruzava a pista fora da faixa;Atropelamento de Pedestre;Com V�timas Feridas;Pleno dia;Decrescente;C�u Claro;Dupla;Reta;Sim;2;0;0;1;1;0;1;2;-16,08139921;-47,98633623;SPRF-DF;DEL01-DF;UOP01-DEL01-DF;;;
728288;29/10/2025;quarta-feira;10:20:00;MT;70;2;BARRA DO GARCAS;Ultrapassagem Indevida;Colis�o transversal;Com V�timas Feridas;Pleno dia;Decrescente;C�u Claro;Dupla;"Declive;Reta";Sim;3;0;1;0;2;0;1;2;-15,88227271;-52,27620576;SPRF-MT;DEL07-MT;UOP01-DEL07-MT;;;
728290;29/10/2025;quarta-feira;11:45:00;BA;324;627;SALVADOR;Aus�ncia de rea��o do condutor;Colis�o lateral mesmo sentido;Com V�timas Feridas;Pleno dia;Decrescente;C�u Claro;Dupla;Reta;Sim;2;0;1;0;1;0;1;2;-12,96179;-38,475983;SPRF-BA;DEL01-BA;UOP01-DEL01-BA;;;
728292;29/10/2025;quarta-feira;10:50:00;RS;116;146;CAXIAS DO SUL;Acessar a via sem observar a presen�a dos outros ve�culos;Colis�o transversal;Com V�timas Feridas;Pleno dia;Decrescente;Chuva;Dupla;Reta;Sim;2;0;2;0;0;0;2;2;-29,14271609;-51,1365509;SPRF-RS;DEL05-RS;UOP01-DEL05-RS;;;
728294;29/10/2025;quarta-feira;10:00:00;MA;135;10;SAO LUIS;Rea��o tardia ou ineficiente do condutor;Colis�o traseira;Sem V�timas;Pleno dia;Crescente;C�u Claro;Dupla;Reta;Sim;2;0;0;0;2;0;0;2;-2,658468;-44,286179;SPRF-MA;DEL01-MA;UOP01-DEL01-MA;;;
728295;29/10/2025;quarta-feira;12:15:00;RS;448;22;PORTO ALEGRE;Pista Escorregadia;Colis�o com objeto;Com V�timas Feridas;Pleno dia;Crescente;Nublado;Simples;"Aclive;Curva";Sim;3;0;1;0;2;0;1;1;-29,97429134;-51,1976397;SPRF-RS;DEL01-RS;UOP01-DEL01-RS;;;
728296;29/10/2025;quarta-feira;12:15:00;RS;470;224;GARIBALDI;Condutor deixou de manter dist�ncia do ve�culo da frente;Colis�o traseira;Sem V�timas;Pleno dia;Decrescente;Garoa/Chuvisco;Simples;"Declive;Reta";Sim;2;0;0;0;2;0;0;2;-29,23330387;-51,5159694;SPRF-RS;DEL06-RS;UOP01-DEL06-RS;;;
728297;29/10/2025;quarta-feira;12:30:00;RJ;116;322;NITEROI;Pedestre cruzava a pista fora da faixa;Atropelamento de Pedestre;Com V�timas Feridas;Pleno dia;Decrescente;Nublado;Dupla;Reta;Sim;2;0;2;0;0;0;2;2;-22,87882434;-43,11054468;SPRF-RJ;DEL07-RJ;UOP02-DEL07-RJ;;;
728299;29/10/2025;quarta-feira;11:50:00;RO;364;235;CACOAL;Condutor deixou de manter dist�ncia do ve�culo da frente;Colis�o traseira;Com V�timas Feridas;Pleno dia;Decrescente;C�u Claro;Simples;Reta;Sim;4;0;0;1;3;0;1;3;-11,4495;-61,4315;SPRF-RO;DEL02-RO;UOP02-DEL02-RO;;;
728300;29/10/2025;quarta-feira;12:00:00;MG;381;946,6;EXTREMA;Ultrapassagem Indevida;Colis�o frontal;Com V�timas Feridas;Pleno dia;Crescente;Garoa/Chuvisco;Simples;Interse��o de Vias;Sim;3;0;2;0;1;0;2;2;-22,86367852;-46,34559667;SPRF-MG;DEL16-MG;UOP03-DEL16-MG;;;
728302;29/10/2025;quarta-feira;13:00:00;PE;101;69;RECIFE;Rea��o tardia ou ineficiente do condutor;Colis�o lateral mesmo sentido;Com V�timas Feridas;Pleno dia;Crescente;C�u Claro;Dupla;Reta;Sim;2;0;1;0;1;0;1;1;-8,06401;-34,94471;SPRF-PE;DEL01-PE;UOP01-DEL01-PE;;;
728303;29/10/2025;quarta-feira;13:10:00;RS;101;11;DOM PEDRO DE ALCANTARA;Mal s�bito do condutor;Sa�da de leito carro��vel;Com V�timas Feridas;Pleno dia;Decrescente;Chuva;M�ltipla;Curva;N�o;1;0;1;0;0;0;1;1;-29,38571289;-49,83510411;SPRF-RS;DEL03-RS;UOP02-DEL03-RS;;;
728305;29/10/2025;quarta-feira;13:20:00;PR;369;161;CAMBE;Condutor desrespeitou a ilumina��o vermelha do sem�foro;Colis�o transversal;Com V�timas Feridas;Pleno dia;Crescente;C�u Claro;Dupla;Reta;N�o;2;0;2;0;0;0;2;2;-23,2886;-51,261717;SPRF-PR;DEL07-PR;UOP01-DEL07-PR;;;
728308;29/10/2025;quarta-feira;13:50:00;ES;101;273,9;SERRA;Acessar a via sem observar a presen�a dos outros ve�culos;Tombamento;Com V�timas Feridas;Pleno dia;Crescente;Sol;Dupla;"Interse��o de Vias;Reta;Declive";Sim;2;0;2;0;0;0;2;1;-20,2128064;-40,2960451;SPRF-ES;DEL02-ES;UOP01-DEL02-ES;;;
728309;25/10/2025;s�bado;22:00:00;SC;470;51;BLUMENAU;Ultrapassagem Indevida;Colis�o transversal;Com V�timas Feridas;Plena Noite;Decrescente;C�u Claro;Simples;"Reta;Em Obras";N�o;2;0;1;0;0;1;1;2;-26,87487657;-49,18268904;SPRF-SC;DEL04-SC;UOP01-DEL04-SC;;;
728310;29/10/2025;quarta-feira;13:55:00;SC;282;3,7;FLORIANOPOLIS;Rea��o tardia ou ineficiente do condutor;Colis�o traseira;Com V�timas Feridas;Pleno dia;Crescente;Nublado;M�ltipla;Reta;Sim;2;0;0;1;1;0;1;2;-27,59381871;-48,6017224;SPRF-SC;DEL01-SC;UOP01-DEL01-SC;;;
728311;29/10/2025;quarta-feira;11:58:00;AC;364;123;RIO BRANCO;Rea��o tardia ou ineficiente do condutor;Atropelamento de Pedestre;Com V�timas Feridas;Pleno dia;Decrescente;Nublado;Dupla;Reta;Sim;3;0;0;1;1;1;1;2;-10,01184;-67,782562;SPRF-AC;DEL01-AC;UOP01-DEL01-AC;;;
728313;29/10/2025;quarta-feira;12:50:00;PR;277;4;CURITIBA;Aus�ncia de rea��o do condutor;Tombamento;Com V�timas Feridas;Pleno dia;Decrescente;C�u Claro;Dupla;Curva;Sim;1;0;1;0;0;0;1;1;-25,430917;-49,324905;SPRF-PR;DEL01-PR;UOP06-DEL01-PR;;;
728316;05/10/2025;domingo;11:00:00;MG;262;24;REDUTO;Acessar a via sem observar a presen�a dos outros ve�culos;Colis�o transversal;Com V�timas Feridas;Pleno dia;Crescente;C�u Claro;Simples;Reta;N�o;3;0;3;0;0;0;3;2;-20,24795294;-41,93935633;SPRF-MG;DEL06-MG;UOP03-DEL06-MG;;;
728319;29/10/2025;quarta-feira;09:00:00;MT;163;923;ITAUBA;Aus�ncia de rea��o do condutor;Colis�o lateral sentido oposto;Com V�timas Feridas;Pleno dia;Decrescente;C�u Claro;Simples;Reta;N�o;3;0;2;0;1;0;2;1;-11,103696;-55,300243;SPRF-MT;DEL06-MT;UOP02-DEL06-MT;;;
728320;26/10/2025;domingo;02:24:00;GO;153;228;HIDROLINA;Animais na Pista;Atropelamento de Animal;Sem V�timas;Plena Noite;Decrescente;C�u Claro;Simples;"Declive;Reta";N�o;3;0;0;0;3;0;0;1;-14,76055023;-49,25959826;SPRF-GO;DEL07-GO;UOP02-DEL07-GO;;;
728323;29/10/2025;quarta-feira;14:00:00;RN;226;61;SENADOR ELOI DE SOUZA;Aus�ncia de rea��o do condutor;Colis�o traseira;Sem V�timas;Pleno dia;Crescente;C�u Claro;Simples;Reta;N�o;2;0;0;0;2;0;0;2;-6,03525483;-35,66864491;SPRF-RN;DEL01-RN;UOP02-DEL01-RN;;;
728324;29/10/2025;quarta-feira;10:33:00;RO;364;383;OURO PRETO DO OESTE;Aus�ncia de rea��o do condutor;Colis�o transversal;Com V�timas Feridas;Pleno dia;Crescente;C�u Claro;Simples;"Declive;Reta;Em Obras";Sim;3;0;1;0;2;0;1;2;-10,72154276;-62,24294409;SPRF-RO;DEL02-RO;UOP01-DEL02-RO;;;
728330;29/10/2025;quarta-feira;15:00:00;PA;316;24;BENEVIDES;Manobra de mudan�a de faixa;Capotamento;Com V�timas Feridas;Pleno dia;Decrescente;C�u Claro;Dupla;Reta;Sim;2;0;2;0;0;0;2;1;-1,333308;-48,238688;SPRF-PA;DEL01-PA;UOP01-DEL01-PA;;;
728331;29/10/2025;quarta-feira;11:15:00;MG;116;701;MURIAE;Acessar a via sem observar a presen�a dos outros ve�culos;Colis�o transversal;Com V�timas Feridas;Pleno dia;Decrescente;Sol;Simples;Curva;N�o;2;0;1;0;1;0;1;2;-21,11524384;-42,37979863;SPRF-MG;DEL07-MG;UOP02-DEL07-MG;;;
728332;29/10/2025;quarta-feira;11:00:00;SC;101;127;BALNEARIO CAMBORIU;Trafegar com motocicleta (ou similar) entre as faixas;Colis�o traseira;Com V�timas Feridas;Pleno dia;Crescente;Nublado;Dupla;Reta;N�o;2;0;1;0;1;0;1;2;-26,9752376;-48,68245572;SPRF-SC;DEL04-SC;UOP04-DEL04-SC;;;
728338;29/10/2025;quarta-feira;16:05:00;RS;386;247,6;SOLEDADE;Acessar a via sem observar a presen�a dos outros ve�culos;Colis�o transversal;Com V�timas Feridas;Pleno dia;Decrescente;Nublado;Simples;"Em Obras;Reta";Sim;2;0;1;0;1;0;1;2;-28,81278382;-52,49625443;SPRF-RS;DEL04-RS;UOP03-DEL04-RS;;;
728342;10/10/2025;sexta-feira;17:30:00;RJ;101;384;RIO DE JANEIRO;Condutor deixou de manter dist�ncia do ve�culo da frente;Colis�o lateral mesmo sentido;Com V�timas Feridas;Pleno dia;Crescente;Ignorado;Dupla;Reta;N�o;3;0;2;0;1;0;2;2;-22,87332829;-43,60696793;SPRF-RJ;DEL03-RJ;UOP01-DEL03-RJ;;;
728343;29/10/2025;quarta-feira;15:00:00;SC;282;216,1;LAGES;Aus�ncia de rea��o do condutor;Sa�da de leito carro��vel;Sem V�timas;Pleno dia;Crescente;Garoa/Chuvisco;Simples;"Interse��o de Vias;Reta";Sim;1;0;0;0;1;0;0;1;-27,79713497;-50,29039979;SPRF-SC;DEL05-SC;UOP01-DEL05-SC;;;
728345;29/10/2025;quarta-feira;14:55:00;MG;381;925,7;ITAPEVA;Velocidade Incompat�vel;Tombamento;Com V�timas Feridas;Pleno dia;Decrescente;Garoa/Chuvisco;Dupla;"Declive;Curva";N�o;1;0;1;0;0;0;1;1;-22,76969847;-46,20519537;SPRF-MG;DEL16-MG;UOP03-DEL16-MG;;;
728346;29/10/2025;quarta-feira;14:30:00;BA;110;285;INHAMBUPE;Acessar a via sem observar a presen�a dos outros ve�culos;Colis�o transversal;Com V�timas Feridas;Pleno dia;Decrescente;C�u Claro;Simples;Reta;N�o;2;0;1;1;0;0;2;2;-11,738424;-38,334444;SPRF-BA;DEL01-BA;UOP04-DEL01-BA;;;
728347;29/10/2025;quarta-feira;15:20:00;MG;116;749;LEOPOLDINA;Ingest�o de �lcool pelo condutor;Tombamento;Com V�timas Feridas;Pleno dia;Crescente;C�u Claro;Simples;Aclive;N�o;1;0;1;0;0;0;1;1;-21,45179048;-42,55004883;SPRF-MG;DEL07-MG;UOP01-DEL07-MG;;;
728348;29/10/2025;quarta-feira;16:33:00;MG;381;489;BETIM;Frear bruscamente;Tombamento;Com V�timas Feridas;Pleno dia;Crescente;C�u Claro;M�ltipla;"Reta;Declive";Sim;1;0;1;0;0;0;1;1;-19,956273;-44,134948;SPRF-MG;DEL01-MG;UOP03-DEL01-MG;;;
728350;29/10/2025;quarta-feira;16:45:00;GO;60;21;ALEXANIA;Condutor usando celular;Sa�da de leito carro��vel;Com V�timas Feridas;Pleno dia;Crescente;C�u Claro;Dupla;Curva;N�o;1;0;1;0;0;0;1;1;-16,122235;-48,410578;SPRF-DF;DEL03-DF;UOP01-DEL03-DF;;;
728351;29/10/2025;quarta-feira;16:40:00;PA;230;715;BRASIL NOVO;Acessar a via sem observar a presen�a dos outros ve�culos;Colis�o frontal;Com V�timas Feridas;Pleno dia;Crescente;C�u Claro;Simples;"Declive;Reta";N�o;2;0;0;1;1;0;1;2;-3,37967;-52,6688;SPRF-PA;DEL04-PA;UOP01-DEL04-PA;;;
728353;29/10/2025;quarta-feira;17:13:00;PB;230;11,7;CABEDELO;Rea��o tardia ou ineficiente do condutor;Atropelamento de Animal;Com V�timas Feridas;Anoitecer;Decrescente;C�u Claro;Dupla;"Curva;Em Obras;Desvio Tempor�rio";Sim;1;0;1;0;0;0;1;1;-7,069315;-34,849673;SPRF-PB;DEL01-PB;UOP01-DEL01-PB;;;
728354;14/10/2025;ter�a-feira;19:05:00;SC;280;68;JARAGUA DO SUL;Ingest�o de �lcool pelo condutor;Colis�o lateral sentido oposto;Com V�timas Feridas;Pleno dia;Decrescente;C�u Claro;Simples;Reta;Sim;2;0;2;0;0;0;2;2;-26,46835881;-49,11797253;SPRF-SC;DEL03-SC;UOP03-DEL03-SC;;;
728355;29/10/2025;quarta-feira;17:45:00;RJ;116;148;DUQUE DE CAXIAS;Rea��o tardia ou ineficiente do condutor;Queda de ocupante de ve�culo;Com V�timas Feridas;Pleno dia;Decrescente;Nublado;Dupla;Curva;Sim;1;0;1;0;0;0;1;1;-22,67242503;-43,28246355;SPRF-RJ;DEL01-RJ;UOP02-DEL01-RJ;;;
728356;29/10/2025;quarta-feira;18:08:00;MG;40;373,9;CURVELO;Avarias e/ou desgaste excessivo no pneu;Tombamento;Com V�timas Feridas;Anoitecer;Decrescente;C�u Claro;Simples;Reta;N�o;1;0;1;0;0;0;1;1;-18,952794;-44,734142;SPRF-MG;DEL02-MG;UOP01-DEL02-MG;;;
728359;29/10/2025;quarta-feira;18:15:00;MG;381;491,1;BETIM;Aus�ncia de rea��o do condutor;Tombamento;Com V�timas Feridas;Anoitecer;Crescente;C�u Claro;M�ltipla;Reta;Sim;1;0;1;0;0;0;1;1;-19,95726382;-44,15143188;SPRF-MG;DEL01-MG;UOP03-DEL01-MG;;;
728361;29/10/2025;quarta-feira;18:10:00;GO;60;41,5;ALEXANIA;Rea��o tardia ou ineficiente do condutor;Queda de ocupante de ve�culo;Com V�timas Feridas;Pleno dia;Decrescente;C�u Claro;Dupla;"Curva;Aclive";N�o;1;0;0;1;0;0;1;1;-16,110353;-48,584505;SPRF-DF;DEL03-DF;UOP01-DEL03-DF;;;
728362;29/10/2025;quarta-feira;12:10:00;RS;392;119,8;CANGUCU;Pista Escorregadia;Colis�o com objeto;Com V�timas Feridas;Pleno dia;Crescente;Chuva;Simples;"Curva;Aclive";N�o;1;0;1;0;0;0;1;1;-31,3916787;-52,6874226;SPRF-RS;DEL07-RS;UOP01-DEL07-RS;;;
728365;29/10/2025;quarta-feira;17:45:00;PB;101;84;BAYEUX;Rea��o tardia ou ineficiente do condutor;Colis�o com objeto;Com V�timas Feridas;Anoitecer;Decrescente;C�u Claro;Dupla;Reta;Sim;1;0;0;1;0;0;1;1;-7,140448;-34,921899;SPRF-PB;DEL01-PB;UOP01-DEL01-PB;;;
728366;29/10/2025;quarta-feira;15:00:00;MG;40;699,8;BARBACENA;Animais na Pista;Colis�o com objeto;Com V�timas Feridas;Pleno dia;Decrescente;Sol;Dupla;"Declive;Curva";Sim;1;0;1;0;0;0;1;1;-21,205442;-43,749103;SPRF-MG;DEL05-MG;UOP02-DEL05-MG;;;
728367;29/10/2025;quarta-feira;18:24:00;RJ;101;74;CAMPOS DOS GOYTACAZES;Acessar a via sem observar a presen�a dos outros ve�culos;Colis�o transversal;Com V�timas Feridas;Plena Noite;Crescente;C�u Claro;Simples;Reta;Sim;2;0;0;1;1;0;1;2;-21,81160214;-41,39695041;SPRF-RJ;DEL08-RJ;UOP02-DEL08-RJ;;;
728368;29/10/2025;quarta-feira;17:50:00;MG;40;41,5;PARACATU;Acessar a via sem observar a presen�a dos outros ve�culos;Colis�o transversal;Com V�timas Feridas;Anoitecer;Decrescente;C�u Claro;Simples;"Interse��o de Vias;Reta";Sim;2;0;2;0;0;0;2;2;-17,21555559;-46,86922073;SPRF-MG;DEL14-MG;UOP01-DEL14-MG;;;
728369;29/10/2025;quarta-feira;19:00:00;MG;40;763,3;JUIZ DE FORA;Aus�ncia de rea��o do condutor;Sa�da de leito carro��vel;Com V�timas Feridas;Plena Noite;Crescente;Nublado;Simples;"Declive;Reta";N�o;3;0;1;0;2;0;1;1;-21,57805355;-43,47420931;SPRF-MG;DEL05-MG;UOP01-DEL05-MG;;;
728371;29/10/2025;quarta-feira;18:20:00;SP;101;43,3;UBATUBA;Acessar a via sem observar a presen�a dos outros ve�culos;Colis�o traseira;Com V�timas Feridas;Plena Noite;Decrescente;Nublado;Simples;"Reta;Ponte";Sim;3;0;1;0;1;1;1;3;-23,412031;-45,057892;SPRF-SP;DEL06-SP;UOP01-DEL06-SP;;;
728372;29/10/2025;quarta-feira;09:25:00;MT;364;797,3;TANGARA DA SERRA;Chuva;Sa�da de leito carro��vel;Com V�timas Feridas;Pleno dia;Decrescente;Chuva;Simples;Curva;N�o;2;0;0;2;0;0;2;1;-14,299;-57,83;SPRF-MT;DEL01-MT;UOP01-DEL01-MT;;;
728373;29/10/2025;quarta-feira;18:50:00;SP;116;289;ITAPECERICA DA SERRA;Trafegar com motocicleta (ou similar) entre as faixas;Colis�o lateral mesmo sentido;Com V�timas Feridas;Anoitecer;Decrescente;Chuva;Dupla;Reta;N�o;2;0;1;0;1;0;1;2;-23,72617195;-46,8925978;SPRF-SP;DEL04-SP;UOP01-DEL04-SP;;;
728374;29/10/2025;quarta-feira;17:20:00;RO;364;196;PIMENTA BUENO;Condutor deixou de manter dist�ncia do ve�culo da frente;Colis�o traseira;Sem V�timas;Pleno dia;Decrescente;C�u Claro;Simples;Rotat�ria;Sim;4;0;0;0;4;0;0;2;-11,68827611;-61,18247764;SPRF-RO;DEL02-RO;UOP02-DEL02-RO;;;
728376;29/10/2025;quarta-feira;19:35:00;ES;101;127,2;SOORETAMA;Rea��o tardia ou ineficiente do condutor;Tombamento;Com V�timas Feridas;Plena Noite;Crescente;C�u Claro;Dupla;Declive;N�o;1;0;1;0;0;0;1;1;-19,2018855;-40,0958031;SPRF-ES;DEL04-ES;UOP01-DEL04-ES;;;
728378;29/10/2025;quarta-feira;18:05:00;MG;116;274,3;TEOFILO OTONI;Entrada inopinada do pedestre;Atropelamento de Pedestre;Com V�timas Feridas;Anoitecer;Decrescente;C�u Claro;Simples;Reta;Sim;2;0;1;0;1;0;1;2;-17,837766;-41,51248;SPRF-MG;DEL11-MG;UOP01-DEL11-MG;;;
728379;29/10/2025;quarta-feira;17:59:00;RJ;101;274,9;TANGUA;Aus�ncia de rea��o do condutor;Colis�o traseira;Com V�timas Feridas;Plena Noite;Crescente;C�u Claro;Dupla;Reta;Sim;2;0;0;1;1;0;1;2;-22,73627646;-42,72869657;SPRF-RJ;DEL02-RJ;UOP03-DEL02-RJ;;;
728381;29/10/2025;quarta-feira;19:00:00;PE;232;7;RECIFE;Demais falhas na via;Colis�o com objeto;Com V�timas Feridas;Plena Noite;Crescente;C�u Claro;Dupla;Reta;Sim;1;0;1;0;0;0;1;1;-8,07350254;-34,96253794;SPRF-PE;DEL01-PE;UOP01-DEL01-PE;;;
728382;29/10/2025;quarta-feira;18:10:00;PR;116;29,5;CAMPINA GRANDE DO SUL;Chuva;Colis�o com objeto;Com V�timas Feridas;Anoitecer;Decrescente;Chuva;Dupla;"Aclive;Curva";N�o;4;0;3;0;1;0;3;1;-25,111929;-48,802807;SPRF-PR;DEL01-PR;UOP02-DEL01-PR;;;
728383;29/10/2025;quarta-feira;18:40:00;GO;153;437;ANAPOLIS;Condutor deixou de manter dist�ncia do ve�culo da frente;Colis�o traseira;Com V�timas Feridas;Plena Noite;Decrescente;C�u Claro;Dupla;"Aclive;Reta";Sim;3;0;2;0;1;0;2;2;-16,287843;-48,940081;SPRF-GO;DEL02-GO;UOP01-DEL02-GO;;;
728384;29/10/2025;quarta-feira;18:10:00;DF;70;11,9;BRASILIA;Velocidade Incompat�vel;Sa�da de leito carro��vel;Sem V�timas;Plena Noite;Crescente;Nublado;Dupla;Reta;N�o;2;0;0;0;0;2;0;2;-15,79149896;-48,15698583;SPRF-DF;DEL03-DF;UOP02-DEL03-DF;;;
728385;29/10/2025;quarta-feira;19:50:00;SP;116;291;ITAPECERICA DA SERRA;Pedestre andava na pista;Atropelamento de Pedestre;Com V�timas Feridas;Plena Noite;Crescente;Garoa/Chuvisco;Dupla;Reta;Sim;2;0;2;0;0;0;2;2;-23,72898972;-46,89419802;SPRF-SP;DEL04-SP;UOP01-DEL04-SP;;;
728386;29/10/2025;quarta-feira;18:50:00;MG;381;879;ESTIVA;Chuva;Sa�da de leito carro��vel;Com V�timas Feridas;Plena Noite;Crescente;Chuva;Dupla;"Aclive;Reta";N�o;3;0;2;0;1;0;2;1;-22,45314291;-46,00346054;SPRF-MG;DEL16-MG;UOP01-DEL16-MG;;;
728387;29/10/2025;quarta-feira;19:10:00;PE;408;76;PAUDALHO;Aus�ncia de rea��o do condutor;Colis�o frontal;Com V�timas Feridas;Plena Noite;Crescente;C�u Claro;M�ltipla;Reta;Sim;2;0;0;1;1;0;1;2;-7,94545;-35,11735;SPRF-PE;DEL01-PE;UOP01-DEL01-PE;;;
728388;29/10/2025;quarta-feira;20:10:00;GO;153;432;ANAPOLIS;Acessar a via sem observar a presen�a dos outros ve�culos;Colis�o transversal;Com V�timas Feridas;Plena Noite;Crescente;C�u Claro;Simples;"Reta;Interse��o de Vias";Sim;2;0;2;0;0;0;2;2;-16,278021;-48,964307;SPRF-GO;DEL02-GO;UOP01-DEL02-GO;;;
728389;29/10/2025;quarta-feira;19:50:00;SC;282;4,3;SAO JOSE;Pedestre cruzava a pista fora da faixa;Atropelamento de Pedestre;Com V�timas Feridas;Plena Noite;Decrescente;Nublado;M�ltipla;Interse��o de Vias;Sim;2;0;2;0;0;0;2;2;-27,59113;-48,60733;SPRF-SC;DEL01-SC;UOP01-DEL01-SC;;;