id;data_inversa;dia_semana;horario;uf;br;km;municipio;causa_acidente;tipo_acidente;classificacao_acidente;fase_dia;sentido_via;condicao_metereologica;tipo_pista;tracado_via;uso_solo;pessoas;mortos;feridos_leves;feridos_graves;ilesos;ignorados;feridos;veiculos;latitude;longitude;regional;delegacia;uop;;;
728392;29/10/2025;quarta-feira;18:46:00;TO;153;146;ARAGUAINA;Ilumina��o deficiente;Atropelamento de Pedestre;Com V�timas Fatais;Plena Noite;Crescente;C�u Claro;Dupla;Reta;Sim;5;1;1;0;2;1;1;3;-7,21205631;-48,2433598;SPRF-TO;DEL02-TO;UOP01-DEL02-TO;;;
728395;29/10/2025;quarta-feira;20:50:00;RJ;101;397;ITAGUAI;Demais falhas mec�nicas ou el�tricas;Inc�ndio;Sem V�timas;Plena Noite;Crescente;Nublado;Dupla;Reta;Sim;1;0;0;0;1;0;0;1;-22,85887905;-43,75943765;SPRF-RJ;DEL03-RJ;UOP01-DEL03-RJ;;;
728397;29/10/2025;quarta-feira;20:40:00;SC;282;472,7;PONTE SERRADA;Demais falhas mec�nicas ou el�tricas;Inc�ndio;Sem V�timas;Plena Noite;Crescente;Nublado;Simples;Reta;N�o;2;0;0;0;2;0;0;1;-26,88642746;-52,00264549;SPRF-SC;DEL07-SC;UOP01-DEL07-SC;;;
728398;29/10/2025;quarta-feira;18:15:00;PE;424;51;VENTUROSA;Velocidade Incompat�vel;Tombamento;Com V�timas Fatais;Plena Noite;Decrescente;C�u Claro;Simples;Curva;N�o;1;1;0;0;0;0;0;1;-8,718738;-36,773845;SPRF-PE;DEL03-PE;UOP01-DEL03-PE;;;
728399;29/10/2025;quarta-feira;20:55:00;RJ;101;77;CAMPOS DOS GOYTACAZES;Ultrapassagem Indevida;Colis�o lateral sentido oposto;Com V�timas Feridas;Plena Noite;Crescente;C�u Claro;Simples;Reta;N�o;2;0;1;0;1;0;1;2;-21,8358716;-41,4205836;SPRF-RJ;DEL08-RJ;UOP02-DEL08-RJ;;;
728400;29/10/2025;quarta-feira;12:30:00;MG;365;153,2;PIRAPORA;Demais falhas mec�nicas ou el�tricas;Capotamento;Com V�timas Feridas;Pleno dia;Decrescente;C�u Claro;Simples;Reta;N�o;3;0;1;0;2;0;1;1;-17,294216;-44,886529;SPRF-MG;DEL10-MG;UOP02-DEL010-MG;;;
728401;29/10/2025;quarta-feira;21:20:00;PI;135;351,6;BOM JESUS;Retorno proibido;Colis�o transversal;Com V�timas Feridas;Plena Noite;Decrescente;C�u Claro;Simples;Reta;Sim;3;0;1;1;1;0;2;2;-9,07575378;-44,34753567;SPRF-PI;DEL03-PI;UOP02-DEL03-PI;;;
728403;29/10/2025;quarta-feira;18:30:00;BA;101;298;VALENCA;Transitar na contram�o;Colis�o frontal;Com V�timas Feridas;Plena Noite;Decrescente;C�u Claro;Simples;Curva;N�o;4;0;3;1;0;0;4;2;-13,2464892;-39,3247374;SPRF-BA;DEL01-BA;UOP02-DEL01-BA;;;
728405;29/10/2025;quarta-feira;21:10:00;SC;101;23,9;BIGUACU;Aus�ncia de rea��o do condutor;Colis�o com objeto;Com V�timas Feridas;Plena Noite;Crescente;Chuva;Dupla;"Reta;T�nel";N�o;1;0;0;1;0;0;1;1;-27,4252474;-48,71012807;SPRF-SC;DEL01-SC;UOP02-DEL01-SC;;;
728406;29/10/2025;quarta-feira;18:20:00;SC;163;3;DIONISIO CERQUEIRA;Acessar a via sem observar a presen�a dos outros ve�culos;Colis�o transversal;Com V�timas Feridas;Pleno dia;Crescente;Nublado;Simples;"Reta;Interse��o de Vias;Aclive";Sim;2;0;1;0;0;1;1;2;-26,26983166;-53,6323878;SPRF-SC;DEL07-SC;UOP03-DEL07-SC;;;
728407;29/10/2025;quarta-feira;18:00:00;BA;407;13;JUAZEIRO;Aus�ncia de rea��o do condutor;Colis�o traseira;Com V�timas Fatais;Plena Noite;Decrescente;C�u Claro;Simples;Reta;Sim;2;1;1;0;0;0;1;2;-9,502653;-40,464315;SPRF-BA;DEL04-BA;UOP01-DEL04-BA;;;
728408;29/10/2025;quarta-feira;22:20:00;SC;101;208,1;SAO JOSE;Acessar a via sem observar a presen�a dos outros ve�culos;Colis�o lateral mesmo sentido;Com V�timas Feridas;Plena Noite;Crescente;Nublado;M�ltipla;Reta;Sim;4;0;0;1;3;0;1;2;-27,60483848;-48,63322226;SPRF-SC;DEL01-SC;UOP01-DEL01-SC;;;
728410;29/10/2025;quarta-feira;23:15:00;MG;381;489;BETIM;Velocidade Incompat�vel;Sa�da de leito carro��vel;Sem V�timas;Plena Noite;Decrescente;Nublado;Dupla;Reta;Sim;1;0;0;0;0;1;0;1;-19,95557055;-44,13816333;SPRF-MG;DEL01-MG;UOP03-DEL01-MG;;;
728411;29/10/2025;quarta-feira;22:45:00;BA;367;32;PORTO SEGURO;Rea��o tardia ou ineficiente do condutor;Tombamento;Com V�timas Feridas;Plena Noite;Crescente;C�u Claro;Simples;Reta;Sim;1;0;1;0;0;0;1;1;-16,41901938;-39,15133813;SPRF-BA;DEL09-BA;UOP03-DEL09-BA;;;
728412;29/10/2025;quarta-feira;22:40:00;SC;101;46,7;JOINVILLE;Avarias e/ou desgaste excessivo no pneu;Colis�o com objeto;Sem V�timas;Plena Noite;Decrescente;Nublado;Dupla;Curva;Sim;5;0;0;0;5;0;0;1;-26,36336541;-48,8588175;SPRF-SC;DEL03-SC;UOP01-DEL03-SC;;;
728415;29/10/2025;quarta-feira;20:57:00;PR;376;421,1;TIBAGI;Aus�ncia de rea��o do condutor;Colis�o com objeto;Com V�timas Feridas;Plena Noite;Decrescente;Nublado;Dupla;Reta;N�o;2;0;2;0;0;0;2;1;-24,715058;-50,547943;SPRF-PR;DEL03-PR;UOP02-DEL03-PR;;;
728416;30/10/2025;quinta-feira;00:20:00;RJ;101;387;RIO DE JANEIRO;Aus�ncia de rea��o do condutor;Queda de ocupante de ve�culo;Com V�timas Feridas;Plena Noite;Crescente;C�u Claro;M�ltipla;Reta;N�o;1;0;1;0;0;0;1;1;-22,87870572;-43,61881256;SPRF-RJ;DEL03-RJ;UOP01-DEL03-RJ;;;
728417;30/10/2025;quinta-feira;00:30:00;RJ;465;4;SEROPEDICA;Aus�ncia de rea��o do condutor;Colis�o com objeto;Com V�timas Feridas;Plena Noite;Crescente;C�u Claro;Simples;Curva;Sim;1;0;1;0;0;0;1;1;-22,738903;-43,707626;SPRF-RJ;DEL06-RJ;UOP02-DEL06-RJ;;;
728418;29/10/2025;quarta-feira;22:10:00;PI;343;183,3;PIRIPIRI;Pedestre andava na pista;Atropelamento de Pedestre;Com V�timas Fatais;Plena Noite;Decrescente;C�u Claro;Simples;Reta;Sim;3;1;0;0;1;1;0;2;-4,2992462;-41,7705886;SPRF-PI;DEL02-PI;UOP01-DEL02-PI;;;
728420;30/10/2025;quinta-feira;01:20:00;MS;262;504;ANASTACIO;Condutor Dormindo;Sa�da de leito carro��vel;Com V�timas Fatais;Plena Noite;Crescente;C�u Claro;Simples;Reta;N�o;2;1;1;0;0;0;1;1;-20,48815;-55,94522;SPRF-MS;DEL03-MS;UOP01-DEL03-MS;;;
728421;30/10/2025;quinta-feira;02:40:00;MG;50;21;UBERLANDIA;Animais na Pista;Atropelamento de Animal;Com V�timas Feridas;Plena Noite;Decrescente;Nublado;Simples;Reta;Sim;1;0;1;0;0;0;1;1;-18,93845894;-48,21998119;SPRF-MG;DEL15-MG;UOP01-DEL15-MG;;;
728424;29/10/2025;quarta-feira;21:00:00;BA;415;20;ILHEUS;Estacionar ou parar em local proibido;Colis�o traseira;Com V�timas Feridas;Plena Noite;Crescente;Nublado;Dupla;Reta;N�o;5;0;1;0;3;1;1;3;-14,80447829;-39,13916624;SPRF-BA;DEL05-BA;UOP01-DEL05-BA;;;
728425;30/10/2025;quinta-feira;04:50:00;ES;101;270;SERRA;Aus�ncia de rea��o do condutor;Colis�o com objeto;Com V�timas Feridas;Amanhecer;Decrescente;C�u Claro;Dupla;"Interse��o de Vias;Reta";Sim;2;0;2;0;0;0;2;1;-20,2299848;-40,2726369;SPRF-ES;DEL02-ES;UOP01-DEL02-ES;;;
728426;30/10/2025;quinta-feira;05:00:00;SC;101;132;BALNEARIO CAMBORIU;Rea��o tardia ou ineficiente do condutor;Sa�da de leito carro��vel;Com V�timas Feridas;Amanhecer;Decrescente;C�u Claro;Dupla;Reta;Sim;6;0;0;6;0;0;6;1;-26,99747994;-48,65181534;SPRF-SC;DEL04-SC;UOP03-DEL04-SC;;;
728427;30/10/2025;quinta-feira;05:00:00;GO;153;441,8;ANAPOLIS;Entrada inopinada do pedestre;Atropelamento de Pedestre;Com V�timas Feridas;Amanhecer;Crescente;C�u Claro;Dupla;"Reta;Declive";Sim;2;0;0;1;1;0;1;2;-16,34426641;-48,92503317;SPRF-GO;DEL02-GO;UOP01-DEL02-GO;;;
728428;30/10/2025;quinta-feira;04:50:00;PE;232;5;RECIFE;Rea��o tardia ou ineficiente do condutor;Colis�o com objeto;Sem V�timas;Pleno dia;Decrescente;C�u Claro;Simples;"Interse��o de Vias;Curva";Sim;1;0;0;0;1;0;0;1;-8,06864;-34,94527;SPRF-PE;DEL01-PE;UOP01-DEL01-PE;;;
728429;30/10/2025;quinta-feira;00:30:00;BA;20;195;LUIS EDUARDO MAGALHAES;Ingest�o de �lcool pelo condutor;Colis�o frontal;Sem V�timas;Plena Noite;Decrescente;C�u Claro;Simples;Reta;N�o;2;0;0;0;2;0;0;2;-12,1945425;-45,82716174;SPRF-BA;DEL10-BA;UOP01-DEL10-BA;;;
728430;30/10/2025;quinta-feira;01:15:00;PR;116;8,2;CAMPINA GRANDE DO SUL;Chuva;Sa�da de leito carro��vel;Com V�timas Feridas;Plena Noite;Crescente;Chuva;Dupla;"Aclive;Reta";N�o;3;0;3;0;0;0;3;1;-25,081705;-48,625709;SPRF-PR;DEL01-PR;UOP02-DEL01-PR;;;
728431;30/10/2025;quinta-feira;03:55:00;MG;262;454,9;ARAUJOS;Entrada inopinada do pedestre;Atropelamento de Pedestre;Com V�timas Fatais;Plena Noite;Decrescente;C�u Claro;Simples;"Declive;Reta";N�o;3;1;0;0;2;0;0;2;-19,807807;-45,121785;SPRF-MG;DEL08-MG;UOP03-DEL08-MG;;;
728434;30/10/2025;quinta-feira;05:00:00;RJ;101;389;ITAGUAI;Avarias e/ou desgaste excessivo no pneu;Colis�o com objeto;Com V�timas Feridas;Pleno dia;Crescente;C�u Claro;Dupla;Reta;N�o;1;0;1;0;0;0;1;1;-22,85891624;-43,7593766;SPRF-RJ;DEL03-RJ;UOP01-DEL03-RJ;;;
728435;30/10/2025;quinta-feira;04:45:00;TO;10;445;PALMAS;Aus�ncia de rea��o do condutor;Queda de ocupante de ve�culo;Com V�timas Feridas;Amanhecer;Crescente;C�u Claro;Simples;Reta;N�o;1;0;1;0;0;0;1;1;-10,39115;-48,30486;SPRF-TO;DEL01-TO;UOP03-DEL01-TO;;;
728436;21/10/2025;ter�a-feira;22:32:00;BA;324;513;FEIRA DE SANTANA;Pedestre cruzava a pista fora da faixa;Atropelamento de Pedestre;Com V�timas Feridas;Plena Noite;Crescente;Garoa/Chuvisco;Simples;Reta;Sim;2;0;0;1;1;0;1;2;-12,23172187;-38,95638853;SPRF-BA;DEL02-BA;UOP01-DEL02-BA;;;
728439;30/10/2025;quinta-feira;07:15:00;RN;101;78,8;SAO GONCALO DO AMARANTE;Manobra de mudan�a de faixa;Colis�o lateral mesmo sentido;Com V�timas Feridas;Pleno dia;Crescente;Nublado;Dupla;Reta;Sim;2;0;1;0;1;0;1;2;-5,747225;-35,289757;SPRF-RN;DEL02-RN;UOP01-DEL02-RN;;;
728440;30/10/2025;quinta-feira;07:00:00;CE;116;24;AQUIRAZ;Aus�ncia de rea��o do condutor;Colis�o lateral mesmo sentido;Com V�timas Feridas;Pleno dia;Decrescente;C�u Claro;Dupla;Reta;N�o;2;0;2;0;0;0;2;2;-3,9564869;-38,5122848;SPRF-CE;DEL01-CE;UOP02-DEL01-CE;;;
728441;30/10/2025;quinta-feira;06:30:00;RJ;101;433;MANGARATIBA;Acessar a via sem observar a presen�a dos outros ve�culos;Colis�o transversal;Com V�timas Feridas;Pleno dia;Decrescente;C�u Claro;Simples;Rotat�ria;N�o;3;0;2;0;1;0;2;2;-22,93740332;-44,04600112;SPRF-RJ;DEL03-RJ;UOP02-DEL03-RJ;;;
728444;29/10/2025;quarta-feira;18:15:00;AC;364;137;RIO BRANCO;Velocidade Incompat�vel;Colis�o traseira;Com V�timas Feridas;Plena Noite;Crescente;C�u Claro;Dupla;Reta;Sim;2;0;0;1;1;0;1;2;-9,961839;-67,856123;SPRF-AC;DEL01-AC;UOP01-DEL01-AC;;;
728445;30/10/2025;quinta-feira;07:21:00;PB;101;84;BAYEUX;Trafegar com motocicleta (ou similar) entre as faixas;Colis�o transversal;Com V�timas Feridas;Pleno dia;Crescente;C�u Claro;Dupla;Reta;Sim;2;0;1;0;1;0;1;2;-7,14068773;-34,92187858;SPRF-PB;DEL01-PB;UOP01-DEL01-PB;;;
728447;30/10/2025;quinta-feira;07:45:00;RN;101;105;PARNAMIRIM;Aus�ncia de rea��o do condutor;Colis�o traseira;Com V�timas Feridas;Pleno dia;Decrescente;C�u Claro;Dupla;Declive;Sim;2;0;1;0;1;0;1;2;-5,904881;-35,260045;SPRF-RN;DEL01-RN;UOP01-DEL01-RN;;;
728449;30/10/2025;quinta-feira;08:19:00;RS;116;141,9;CAXIAS DO SUL;Condutor desrespeitou a ilumina��o vermelha do sem�foro;Colis�o transversal;Com V�timas Feridas;Pleno dia;Decrescente;C�u Claro;Dupla;Interse��o de Vias;Sim;2;0;1;0;1;0;1;2;-29,118052;-51,116263;SPRF-RS;DEL05-RS;UOP01-DEL05-RS;;;
728450;30/10/2025;quinta-feira;08:15:00;PB;230;22;JOAO PESSOA;Rea��o tardia ou ineficiente do condutor;Colis�o traseira;Com V�timas Feridas;Pleno dia;Decrescente;C�u Claro;Dupla;Reta;Sim;3;0;2;0;1;0;2;2;-7,15745428;-34,85799909;SPRF-PB;DEL01-PB;UOP01-DEL01-PB;;;
728451;30/10/2025;quinta-feira;07:50:00;PB;230;117;INGA;Acumulo de �leo sobre o pavimento;Tombamento;Com V�timas Feridas;Pleno dia;Decrescente;C�u Claro;Dupla;Retorno Regulamentado;N�o;1;0;1;0;0;0;1;1;-7,24158;-35,62536;SPRF-PB;DEL01-PB;UOP02-DEL01-PB;;;
728453;30/10/2025;quinta-feira;07:50:00;SC;153;97;CONCORDIA;Rea��o tardia ou ineficiente do condutor;Colis�o frontal;Com V�timas Feridas;Pleno dia;Crescente;C�u Claro;Simples;Reta;N�o;3;0;3;0;0;0;3;3;-27,22792;-51,952027;SPRF-SC;DEL07-SC;UOP04-DEL07-SC;;;
728454;30/10/2025;quinta-feira;08:15:00;RJ;101;321;NITEROI;Trafegar com motocicleta (ou similar) entre as faixas;Colis�o traseira;Sem V�timas;Pleno dia;Crescente;C�u Claro;M�ltipla;Reta;Sim;3;0;0;0;3;0;0;2;-22,88061348;-43,10580254;SPRF-RJ;DEL02-RJ;UOP01-DEL02-RJ;;;
728458;30/10/2025;quinta-feira;07:40:00;RJ;40;120;DUQUE DE CAXIAS;Trafegar com motocicleta (ou similar) entre as faixas;Tombamento;Com V�timas Feridas;Pleno dia;Crescente;C�u Claro;M�ltipla;Reta;Sim;1;0;1;0;0;0;1;1;-22,76925676;-43,28669071;SPRF-RJ;DEL01-RJ;UOP02-DEL01-RJ;;;
728460;30/10/2025;quinta-feira;08:00:00;PR;277;77;SAO JOSE DOS PINHAIS;Rea��o tardia ou ineficiente do condutor;Engavetamento;Com V�timas Feridas;Pleno dia;Decrescente;Nublado;Dupla;Reta;Sim;4;0;1;0;3;0;1;4;-25,5557632;-49,0307584;SPRF-PR;DEL01-PR;UOP07-DEL01-PR;;;
728461;30/10/2025;quinta-feira;07:55:00;RN;101;95;NATAL;Manobra de mudan�a de faixa;Colis�o lateral mesmo sentido;Com V�timas Feridas;Pleno dia;Crescente;C�u Claro;M�ltipla;Reta;Sim;2;0;1;0;1;0;1;2;-5,84582;-35,20856;SPRF-RN;DEL01-RN;UOP01-DEL01-RN;;;
728463;30/10/2025;quinta-feira;08:50:00;RJ;101;82;CAMPOS DOS GOYTACAZES;Acumulo de �leo sobre o pavimento;Queda de ocupante de ve�culo;Com V�timas Feridas;Pleno dia;Decrescente;C�u Claro;Simples;Curva;N�o;1;0;1;0;0;0;1;1;-21,82966439;-41,45354008;SPRF-RJ;DEL08-RJ;UOP02-DEL08-RJ;;;
728464;30/10/2025;quinta-feira;08:29:00;PE;232;5;RECIFE;Rea��o tardia ou ineficiente do condutor;Colis�o traseira;Com V�timas Feridas;Pleno dia;Decrescente;C�u Claro;Dupla;Reta;N�o;3;0;2;0;1;0;2;2;-8,06931;-34,94809;SPRF-PE;DEL01-PE;UOP01-DEL01-PE;;;
728465;30/10/2025;quinta-feira;09:15:00;GO;60;76;ANAPOLIS;Rea��o tardia ou ineficiente do condutor;Sa�da de leito carro��vel;Com V�timas Feridas;Pleno dia;Crescente;C�u Claro;Dupla;Reta;N�o;3;0;3;0;0;0;3;1;-16,28382487;-48,79484866;SPRF-GO;DEL02-GO;UOP01-DEL02-GO;;;
728466;30/10/2025;quinta-feira;08:40:00;SP;116;143,5;SAO JOSE DOS CAMPOS;Rea��o tardia ou ineficiente do condutor;Engavetamento;Com V�timas Feridas;Pleno dia;Decrescente;Chuva;Dupla;Reta;Sim;7;0;1;0;5;1;1;4;-23,17619437;-45,83324432;SPRF-SP;DEL02-SP;UOP01-DEL02-SP;;;
728467;30/10/2025;quinta-feira;08:00:00;PR;116;145;MANDIRITUBA;Rea��o tardia ou ineficiente do condutor;Colis�o lateral mesmo sentido;Sem V�timas;Pleno dia;Crescente;Nublado;Simples;"Curva;Aclive";N�o;3;0;0;0;3;0;0;2;-25,808593;-49,326429;SPRF-PR;DEL01-PR;UOP03-DEL01-PR;;;
728470;30/10/2025;quinta-feira;08:30:00;RN;304;113,8;ACU;Acessar a via sem observar a presen�a dos outros ve�culos;Colis�o transversal;Com V�timas Feridas;Pleno dia;Crescente;C�u Claro;Simples;"Declive;Reta;Interse��o de Vias";N�o;2;0;2;0;0;0;2;2;-5,60572209;-36,91609551;SPRF-RN;DEL04-RN;UOP01-DEL04-RN;;;
728472;30/10/2025;quinta-feira;08:05:00;SC;282;217,5;LAGES;Rea��o tardia ou ineficiente do condutor;Colis�o traseira;Com V�timas Feridas;Pleno dia;Crescente;C�u Claro;Dupla;"Reta;Em Obras;Aclive;Desvio Tempor�rio";Sim;3;0;0;1;2;0;1;2;-27,79805987;-50,30726401;SPRF-SC;DEL05-SC;UOP01-DEL05-SC;;;
728474;11/10/2025;s�bado;22:50:00;GO;70;473;ARAGARCAS;Acessar a via sem observar a presen�a dos outros ve�culos;Colis�o transversal;Com V�timas Feridas;Plena Noite;Decrescente;C�u Claro;Dupla;"Interse��o de Vias;Reta";Sim;3;0;1;0;2;0;1;2;-15,89690023;-52,23855257;SPRF-GO;DEL04-GO;UOP02-DEL04-GO;;;
728476;30/10/2025;quinta-feira;09:20:00;PB;101;47;RIO TINTO;Demais falhas mec�nicas ou el�tricas;Inc�ndio;Sem V�timas;Pleno dia;Decrescente;C�u Claro;Dupla;Reta;N�o;1;0;0;0;1;0;0;1;-6,90458;-35,11826;SPRF-PB;DEL01-PB;UOP03-DEL01-PB;;;
728477;30/10/2025;quinta-feira;08:10:00;RJ;101;476;ANGRA DOS REIS;Rea��o tardia ou ineficiente do condutor;Queda de ocupante de ve�culo;Com V�timas Feridas;Pleno dia;Decrescente;Nublado;Simples;Curva;Sim;2;0;2;0;0;0;2;1;-23,00106381;-44,26357269;SPRF-RJ;DEL03-RJ;UOP03-DEL03-RJ;;;
728479;02/09/2025;ter�a-feira;17:11:00;GO;153;700,6;ITUMBIARA;Acesso irregular;Colis�o traseira;Com V�timas Feridas;Pleno dia;Crescente;C�u Claro;Simples;Reta;Sim;2;0;1;0;1;0;1;2;-18,37108042;-49,21246424;SPRF-GO;DEL03-GO;UOP02-DEL03-GO;;;
728480;30/10/2025;quinta-feira;06:50:00;SC;101;433,3;SOMBRIO;Manobra de mudan�a de faixa;Colis�o lateral mesmo sentido;Com V�timas Feridas;Pleno dia;Crescente;Nublado;Simples;Reta;N�o;3;0;0;1;2;0;1;2;-29,09232704;-49,63300109;SPRF-SC;DEL02-SC;UOP02-DEL02-SC;;;
728481;30/10/2025;quinta-feira;08:30:00;BA;116;441;FEIRA DE SANTANA;Condutor Dormindo;Sa�da de leito carro��vel;Sem V�timas;Pleno dia;Decrescente;Sol;Dupla;Declive;N�o;1;0;0;0;1;0;0;1;-12,3488;-39,09016;SPRF-BA;DEL02-BA;UOP01-DEL02-BA;;;
728482;30/10/2025;quinta-feira;07:50:00;MS;262;140,1;AGUA CLARA;Aus�ncia de rea��o do condutor;Atropelamento de Pedestre;Com V�timas Feridas;Pleno dia;Crescente;C�u Claro;Simples;Reta;N�o;2;0;0;1;1;0;1;2;-20,44592596;-52,8459685;SPRF-MS;DEL07-MS;UOP02-DEL07-MS;;;
728483;30/10/2025;quinta-feira;09:00:00;PI;316;27;DEMERVAL LOBAO;Aus�ncia de rea��o do condutor;Colis�o com objeto;Com V�timas Feridas;Pleno dia;Crescente;C�u Claro;M�ltipla;"Reta;Em Obras;Aclive;Desvio Tempor�rio";N�o;1;0;0;1;0;0;1;1;-5,319312;-42,70048;SPRF-PI;DEL01-PI;UOP02-DEL01-PI;;;
728484;30/10/2025;quinta-feira;09:40:00;SP;381;75;SAO PAULO;Chuva;Capotamento;Com V�timas Feridas;Pleno dia;Decrescente;Garoa/Chuvisco;M�ltipla;Aclive;N�o;1;0;1;0;0;0;1;1;-23,3769025;-46,5630655;SPRF-SP;DEL03-SP;UOP01-DEL03-SP;;;
728488;30/10/2025;quinta-feira;10:50:00;SP;381;70;MAIRIPORA;Aus�ncia de rea��o do condutor;Colis�o com objeto;Sem V�timas;Pleno dia;Decrescente;Chuva;Dupla;Declive;N�o;2;0;0;0;2;0;0;2;-23,3494359;-46,55707296;SPRF-SP;DEL03-SP;UOP01-DEL03-SP;;;
728492;30/10/2025;quinta-feira;11:49:00;DF;40;6,8;BRASILIA;Condutor Dormindo;Colis�o traseira;Com V�timas Feridas;Pleno dia;Crescente;C�u Claro;Dupla;Reta;Sim;3;0;2;0;1;0;2;2;-16,045568;-47,980893;SPRF-DF;DEL01-DF;UOP01-DEL01-DF;;;
728494;30/10/2025;quinta-feira;11:50:00;RS;392;45,3;RIO GRANDE;Demais falhas mec�nicas ou el�tricas;Inc�ndio;Sem V�timas;Pleno dia;Decrescente;Nublado;Dupla;Reta;N�o;2;0;0;0;2;0;0;1;-31,91862947;-52,31436253;SPRF-RS;DEL07-RS;UOP02-DEL07-RS;;;
728499;30/10/2025;quinta-feira;11:20:00;PR;369;18,7;CAMBARA;Rea��o tardia ou ineficiente do condutor;Colis�o traseira;Com V�timas Feridas;Pleno dia;Decrescente;Nublado;Simples;Reta;Sim;3;0;0;2;1;0;2;2;-23,03617242;-50,06782858;SPRF-PR;DEL07-PR;UOP05-DEL07-PR;;;
728500;10/10/2025;sexta-feira;10:15:00;PR;277;25;MORRETES;Demais falhas mec�nicas ou el�tricas;Sa�da de leito carro��vel;Com V�timas Feridas;Pleno dia;Crescente;Chuva;Dupla;Reta;N�o;3;0;3;0;0;0;3;1;-25,532787;-48,757033;SPRF-PR;DEL01-PR;UOP05-DEL01-PR;;;
728501;30/10/2025;quinta-feira;11:30:00;PR;277;421,2;CANTAGALO;Ultrapassagem Indevida;Colis�o frontal;Com V�timas Feridas;Pleno dia;Crescente;C�u Claro;Simples;"Declive;Reta";N�o;2;0;0;1;1;0;1;2;-25,38383219;-52,14270651;SPRF-PR;DEL04-PR;UOP02-DEL04-PR;;;
728502;30/10/2025;quinta-feira;12:30:00;GO;70;471;ARAGARCAS;Acessar a via sem observar a presen�a dos outros ve�culos;Colis�o transversal;Com V�timas Feridas;Pleno dia;Decrescente;C�u Claro;Simples;Reta;Sim;2;0;1;0;1;0;1;2;-15,897018;-52,237977;SPRF-GO;DEL04-GO;UOP02-DEL04-GO;;;
728504;30/10/2025;quinta-feira;13:20:00;SC;282;0,1;FLORIANOPOLIS;Pedestre cruzava a pista fora da faixa;Atropelamento de Pedestre;Com V�timas Feridas;Pleno dia;Crescente;C�u Claro;M�ltipla;"Declive;Reta";Sim;2;0;1;1;0;0;2;2;-27,598535;-48,57353432;SPRF-SC;DEL01-SC;UOP01-DEL01-SC;;;
728505;30/10/2025;quinta-feira;13:00:00;ES;101;213;IBIRACU;Acessar a via sem observar a presen�a dos outros ve�culos;Colis�o transversal;Com V�timas Feridas;Pleno dia;Decrescente;C�u Claro;Dupla;Interse��o de Vias;N�o;3;0;2;0;1;0;2;2;-19,83004487;-40,37300649;SPRF-ES;DEL02-ES;UOP01-DEL02-ES;;;
728506;30/10/2025;quinta-feira;13:00:00;PR;277;657,3;MATELANDIA;Demais falhas mec�nicas ou el�tricas;Inc�ndio;Sem V�timas;Pleno dia;Decrescente;C�u Claro;Dupla;Reta;Sim;1;0;0;0;1;0;0;1;-25,23703537;-53,96616853;SPRF-PR;DEL05-PR;UOP02-DEL05-PR;;;
728507;10/09/2025;quarta-feira;22:30:00;MG;381;490;BETIM;Animais na Pista;Atropelamento de Animal;Com V�timas Feridas;Plena Noite;Crescente;C�u Claro;M�ltipla;Reta;Sim;1;0;1;0;0;0;1;1;-19,95667434;-44,13926337;SPRF-MG;DEL01-MG;UOP03-DEL01-MG;;;
728508;30/10/2025;quinta-feira;12:35:00;PE;232;413;SERRA TALHADA;Acessar a via sem observar a presen�a dos outros ve�culos;Colis�o transversal;Sem V�timas;Pleno dia;Decrescente;C�u Claro;Simples;"Retorno Regulamentado;Reta;Declive";Sim;3;0;0;0;3;0;0;2;-7,991455;-38,335422;SPRF-PE;DEL04-PE;UOP01-DEL04-PE;;;
728509;30/10/2025;quinta-feira;13:00:00;MG;365;621;UBERLANDIA;Aus�ncia de rea��o do condutor;Colis�o transversal;Com V�timas Feridas;Pleno dia;Decrescente;Chuva;M�ltipla;Reta;N�o;2;0;0;2;0;0;2;2;-18,89472983;-48,27151028;SPRF-MG;DEL15-MG;UOP01-DEL15-MG;;;
728513;30/10/2025;quinta-feira;13:15:00;SC;101;214;PALHOCA;Trafegar com motocicleta (ou similar) entre as faixas;Colis�o lateral mesmo sentido;Com V�timas Feridas;Pleno dia;Crescente;C�u Claro;Dupla;Reta;Sim;2;0;1;0;1;0;1;2;-27,644812;-48,671088;SPRF-SC;DEL01-SC;UOP02-DEL01-SC;;;
728515;30/10/2025;quinta-feira;13:40:00;RS;470;227;GARIBALDI;Condutor deixou de manter dist�ncia do ve�culo da frente;Colis�o traseira;Com V�timas Feridas;Pleno dia;Crescente;C�u Claro;Simples;Reta;N�o;2;0;1;0;1;0;1;2;-29,26214128;-51,50630951;SPRF-RS;DEL06-RS;UOP01-DEL06-RS;;;
728516;30/10/2025;quinta-feira;13:20:00;SC;101;439,5;SOMBRIO;Animais na Pista;Atropelamento de Animal;Com V�timas Feridas;Pleno dia;Crescente;Nublado;Simples;Reta;N�o;1;0;1;0;0;0;1;1;-29,124815;-49,670778;SPRF-SC;DEL02-SC;UOP02-DEL02-SC;;;
728517;30/10/2025;quinta-feira;13:40:00;ES;101;289;CARIACICA;Rea��o tardia ou ineficiente do condutor;Inc�ndio;Com V�timas Feridas;Pleno dia;Crescente;C�u Claro;Dupla;Reta;N�o;3;0;1;0;2;0;1;3;-20,23841821;-40,44598326;SPRF-ES;DEL01-ES;UOP01-DEL01-ES;;;