id;data_inversa;dia_semana;horario;uf;br;km;municipio;causa_acidente;tipo_acidente;classificacao_acidente;fase_dia;sentido_via;condicao_metereologica;tipo_pista;tracado_via;uso_solo;pessoas;mortos;feridos_leves;feridos_graves;ilesos;ignorados;feridos;veiculos;latitude;longitude;regional;delegacia;uop;;;
728518;30/10/2025;quinta-feira;13:15:00;DF;20;16,5;BRASILIA;Condutor deixou de manter dist�ncia do ve�culo da frente;Sa�da de leito carro��vel;Com V�timas Feridas;Pleno dia;Crescente;C�u Claro;Simples;"Declive;Reta;Em Obras";Sim;3;0;3;0;0;0;3;1;-15,622885;-47,719867;SPRF-DF;DEL02-DF;UOP01-DEL02-DF;;;
728519;30/10/2025;quinta-feira;12:50:00;SC;101;330;TUBARAO;Aus�ncia de rea��o do condutor;Colis�o com objeto;Com V�timas Feridas;Pleno dia;Decrescente;Garoa/Chuvisco;M�ltipla;Reta;Sim;2;0;1;0;1;0;1;1;-28,460429;-48,99006486;SPRF-SC;DEL02-SC;UOP01-DEL02-SC;;;
728520;30/10/2025;quinta-feira;13:20:00;RS;293;95;PIRATINI;Transitar na contram�o;Colis�o frontal;Com V�timas Feridas;Pleno dia;Crescente;C�u Claro;Simples;Reta;N�o;4;0;2;2;0;0;4;2;-31,62077;-53,267497;SPRF-RS;DEL11-RS;UOP03-DEL11-RS;;;
728521;30/10/2025;quinta-feira;14:15:00;RS;116;156;CAXIAS DO SUL;Rea��o tardia ou ineficiente do condutor;Colis�o lateral mesmo sentido;Sem V�timas;Pleno dia;Decrescente;C�u Claro;Simples;Curva;N�o;2;0;0;0;2;0;0;2;-29,208945;-51,177408;SPRF-RS;DEL05-RS;UOP01-DEL05-RS;;;
728523;30/10/2025;quinta-feira;13:40:00;MG;40;631,4;CONSELHEIRO LAFAIETE;Acessar a via sem observar a presen�a dos outros ve�culos;Colis�o transversal;Com V�timas Feridas;Pleno dia;Crescente;Nublado;M�ltipla;"Interse��o de Vias;Reta";Sim;2;0;1;0;1;0;1;2;-20,67247;-43,79798;SPRF-MG;DEL05-MG;UOP02-DEL05-MG;;;
728524;30/10/2025;quinta-feira;08:57:00;RO;364;342,4;JI-PARANA;Aus�ncia de rea��o do condutor;Tombamento;Com V�timas Feridas;Pleno dia;Crescente;Nublado;Dupla;"Reta;Ponte";Sim;4;0;4;0;0;0;4;2;-10,881618;-61,9407;SPRF-RO;DEL02-RO;UOP01-DEL02-RO;;;
728525;30/10/2025;quinta-feira;14:38:00;CE;304;50;ARACATI;Acessar a via sem observar a presen�a dos outros ve�culos;Colis�o frontal;Com V�timas Feridas;Pleno dia;Decrescente;C�u Claro;Dupla;"Reta;Interse��o de Vias";Sim;3;0;1;0;2;0;1;2;-4,57478665;-37,72841804;SPRF-CE;DEL03-CE;UOP02-DEL03-CE;;;
728528;30/10/2025;quinta-feira;15:20:00;MG;40;757,5;EWBANK DA CAMARA;Rea��o tardia ou ineficiente do condutor;Sa�da de leito carro��vel;Com V�timas Feridas;Pleno dia;Crescente;Chuva;Simples;Curva;N�o;1;0;1;0;0;0;1;1;-21,544664;-43,511209;SPRF-MG;DEL05-MG;UOP01-DEL05-MG;;;
728529;30/10/2025;quinta-feira;15:15:00;PB;101;83,7;BAYEUX;Rea��o tardia ou ineficiente do condutor;Colis�o traseira;Com V�timas Feridas;Pleno dia;Crescente;Sol;Dupla;Reta;Sim;2;0;1;0;1;0;1;2;-7,13828935;-34,92457145;SPRF-PB;DEL01-PB;UOP01-DEL01-PB;;;
728531;30/10/2025;quinta-feira;14:50:00;PR;163;237,9;TOLEDO;Suic�dio (presumido);Sa�da de leito carro��vel;Com V�timas Feridas;Pleno dia;Crescente;C�u Claro;Dupla;"Declive;Curva";N�o;1;0;0;1;0;0;1;1;-24,7391524;-53,6939248;SPRF-PR;DEL04-PR;UOP01-DEL04-PR;;;
728532;30/10/2025;quinta-feira;15:30:00;PE;101;66;RECIFE;Acessar a via sem observar a presen�a dos outros ve�culos;Atropelamento de Pedestre;Com V�timas Fatais;Pleno dia;Decrescente;C�u Claro;Dupla;Reta;Sim;3;2;0;0;1;0;0;2;-8,03469;-34,94165;SPRF-PE;DEL01-PE;UOP01-DEL01-PE;;;
728533;30/10/2025;quinta-feira;15:45:00;SP;153;73;SAO JOSE DO RIO PRETO;Manobra de mudan�a de faixa;Colis�o traseira;Com V�timas Feridas;Pleno dia;Decrescente;C�u Claro;Dupla;Reta;Sim;3;0;1;0;2;0;1;3;-20,876967;-49,420385;SPRF-SP;DEL09-SP;UOP01-DEL09-SP;;;
728534;30/10/2025;quinta-feira;16:04:00;PB;101;82,4;BAYEUX;Aus�ncia de rea��o do condutor;Colis�o traseira;Sem V�timas;Pleno dia;Crescente;C�u Claro;Dupla;"Aclive;Viaduto";Sim;2;0;0;0;2;0;0;2;-7,13112;-34,933183;SPRF-PB;DEL01-PB;UOP01-DEL01-PB;;;
728535;30/10/2025;quinta-feira;15:00:00;SC;101;232,7;PALHOCA;Aus�ncia de rea��o do condutor;Inc�ndio;Sem V�timas;Pleno dia;Crescente;C�u Claro;Dupla;Reta;N�o;1;0;0;0;1;0;0;1;-27,79939197;-48,63754146;SPRF-SC;DEL01-SC;UOP02-DEL01-SC;;;
728536;30/10/2025;quinta-feira;15:55:00;RN;101;102;PARNAMIRIM;Aus�ncia de rea��o do condutor;Colis�o traseira;Com V�timas Feridas;Pleno dia;Decrescente;C�u Claro;Dupla;Reta;Sim;2;0;1;0;1;0;1;2;-5,888369;-35,238557;SPRF-RN;DEL01-RN;UOP01-DEL01-RN;;;
728537;30/10/2025;quinta-feira;13:40:00;RJ;116;42,5;TERESOPOLIS;Aus�ncia de rea��o do condutor;Colis�o lateral mesmo sentido;Com V�timas Feridas;Pleno dia;Crescente;Chuva;Simples;"Declive;Reta";Sim;2;0;1;0;1;0;1;2;-22,14409332;-42,7916592;SPRF-RJ;DEL04-RJ;UOP01-DEL04-RJ;;;
728538;30/10/2025;quinta-feira;16:15:00;GO;60;52,7;ABADIANIA;Animais na Pista;Capotamento;Com V�timas Feridas;Pleno dia;Crescente;Chuva;Dupla;Curva;N�o;1;0;1;0;0;0;1;1;-16,172266;-48,646584;SPRF-GO;DEL02-GO;UOP01-DEL02-GO;;;
728539;30/10/2025;quinta-feira;16:30:00;RS;116;258;ESTEIO;Rea��o tardia ou ineficiente do condutor;Colis�o traseira;Com V�timas Feridas;Pleno dia;Decrescente;Nublado;M�ltipla;Reta;Sim;2;0;1;0;1;0;1;2;-29,86258518;-51,18093722;SPRF-RS;DEL01-RS;UOP02-DEL01-RS;;;
728542;30/10/2025;quinta-feira;16:40:00;RS;386;72,9;BOA VISTA DAS MISSOES;Acessar a via sem observar a presen�a dos outros ve�culos;Colis�o transversal;Com V�timas Feridas;Pleno dia;Decrescente;C�u Claro;Simples;Reta;Sim;2;0;1;0;1;0;1;2;-27,6714276;-53,3132936;SPRF-RS;DEL08-RS;UOP02-DEL08-RS;;;
728544;30/10/2025;quinta-feira;16:20:00;RJ;40;7;COMENDADOR LEVY GASPARIAN;Chuva;Sa�da de leito carro��vel;Com V�timas Feridas;Pleno dia;Decrescente;Chuva;Dupla;Curva;N�o;3;0;1;0;2;0;1;1;-22,03159547;-43,22497552;SPRF-RJ;DEL05-RJ;UOP02-DEL05-RJ;;;
728545;30/10/2025;quinta-feira;16:50:00;ES;101;87;SAO MATEUS;Mal s�bito do condutor;Colis�o traseira;Com V�timas Feridas;Pleno dia;Decrescente;C�u Claro;Simples;"Reta;Aclive";N�o;5;0;4;0;1;0;4;2;-18,87613475;-39,94546143;SPRF-ES;DEL04-ES;UOP02-DEL04-ES;;;
728547;30/10/2025;quinta-feira;16:40:00;PR;277;134,2;CAMPO LARGO;Acessar a via sem observar a presen�a dos outros ve�culos;Colis�o transversal;Com V�timas Feridas;Pleno dia;Crescente;Nublado;Simples;Reta;N�o;4;0;1;1;2;0;2;2;-25,449483;-49,614681;SPRF-PR;DEL03-PR;UOP03-DEL03-PR;;;
728548;30/10/2025;quinta-feira;17:12:00;SC;470;65;INDAIAL;Acesso irregular;Colis�o frontal;Com V�timas Feridas;Anoitecer;Decrescente;Nevoeiro/Neblina;Simples;Reta;Sim;4;0;4;0;0;0;4;2;-26,87119472;-49,21906885;SPRF-SC;DEL04-SC;UOP01-DEL04-SC;;;
728550;30/10/2025;quinta-feira;16:30:00;PR;116;17;CAMPINA GRANDE DO SUL;Rea��o tardia ou ineficiente do condutor;Sa�da de leito carro��vel;Com V�timas Feridas;Pleno dia;Crescente;Garoa/Chuvisco;Dupla;Curva;N�o;3;0;3;0;0;0;3;1;-25,10446224;-48,7124869;SPRF-PR;DEL01-PR;UOP02-DEL01-PR;;;
728551;30/10/2025;quinta-feira;15:05:00;MG;381;527,3;BRUMADINHO;Aus�ncia de rea��o do condutor;Colis�o com objeto;Com V�timas Feridas;Pleno dia;Decrescente;Chuva;Dupla;"Curva;Declive";N�o;1;0;1;0;0;0;1;1;-20,163647;-44,330175;SPRF-MG;DEL04-MG;UOP03-DEL04-MG;;;
728553;30/10/2025;quinta-feira;16:55:00;PE;232;8;JABOATAO DOS GUARARAPES;Condutor deixou de manter dist�ncia do ve�culo da frente;Colis�o traseira;Com V�timas Feridas;Plena Noite;Crescente;C�u Claro;M�ltipla;Reta;Sim;2;0;0;1;1;0;1;2;-8,07786;-34,98254;SPRF-PE;DEL01-PE;UOP01-DEL01-PE;;;
728555;30/10/2025;quinta-feira;13:35:00;RJ;101;325;NITEROI;Manobra de mudan�a de faixa;Colis�o lateral mesmo sentido;Com V�timas Feridas;Pleno dia;Crescente;Chuva;Dupla;Reta;Sim;3;0;1;0;2;0;1;3;-22,87237931;-43,14502716;SPRF-RJ;DEL02-RJ;UOP01-DEL02-RJ;;;
728556;30/10/2025;quinta-feira;16:50:00;MG;116;714,2;MURIAE;Chuva;Colis�o com objeto;Com V�timas Feridas;Pleno dia;Decrescente;Chuva;Simples;"Curva;Declive";N�o;3;0;2;0;1;0;2;1;-21,20226747;-42,38568306;SPRF-MG;DEL07-MG;UOP02-DEL07-MG;;;
728557;30/10/2025;quinta-feira;14:20:00;RJ;101;324;NITEROI;Pista Escorregadia;Tombamento;Com V�timas Feridas;Pleno dia;Decrescente;Chuva;M�ltipla;Reta;Sim;1;0;1;0;0;0;1;1;-22,87807988;-43,11407687;SPRF-RJ;DEL02-RJ;UOP01-DEL02-RJ;;;
728558;30/10/2025;quinta-feira;17:55:00;PB;230;15,6;JOAO PESSOA;Manobra de mudan�a de faixa;Colis�o traseira;Com V�timas Feridas;Plena Noite;Crescente;C�u Claro;Dupla;"Aclive;Reta";Sim;2;0;1;0;1;0;1;2;-7,104773;-34,845213;SPRF-PB;DEL01-PB;UOP01-DEL01-PB;;;
728559;30/10/2025;quinta-feira;17:00:00;GO;60;55;ABADIANIA;Rea��o tardia ou ineficiente do condutor;Capotamento;Com V�timas Feridas;Pleno dia;Crescente;Chuva;Dupla;"Reta;Aclive";N�o;1;0;0;1;0;0;1;1;-16,16168861;-48,62019394;SPRF-GO;DEL02-GO;UOP01-DEL02-GO;;;
728560;30/10/2025;quinta-feira;17:10:00;SC;282;502,2;XANXERE;Acessar a via sem observar a presen�a dos outros ve�culos;Colis�o transversal;Com V�timas Feridas;Pleno dia;Decrescente;C�u Claro;Simples;"Reta;Interse��o de Vias";Sim;2;0;1;0;1;0;1;2;-26,88543546;-52,39341259;SPRF-SC;DEL07-SC;UOP01-DEL07-SC;;;
728564;30/10/2025;quinta-feira;16:05:00;MG;40;523;CONTAGEM;Pista Escorregadia;Tombamento;Com V�timas Feridas;Pleno dia;Crescente;Chuva;Dupla;Reta;Sim;1;0;1;0;0;0;1;1;-19,872963;-44,054756;SPRF-MG;DEL01-MG;UOP02-DEL01-MG;;;
728565;30/10/2025;quinta-feira;17:20:00;SC;282;4,3;SAO JOSE;Rea��o tardia ou ineficiente do condutor;Colis�o traseira;Com V�timas Feridas;Anoitecer;Crescente;Nublado;Dupla;"Declive;Reta";Sim;2;0;0;1;1;0;1;2;-27,59044316;-48,60837428;SPRF-SC;DEL01-SC;UOP01-DEL01-SC;;;
728567;30/10/2025;quinta-feira;18:20:00;SP;381;75;MAIRIPORA;Chuva;Tombamento;Com V�timas Feridas;Anoitecer;Decrescente;Garoa/Chuvisco;M�ltipla;"Aclive;Curva";N�o;1;0;1;0;0;0;1;1;-23,35559064;-46,54877949;SPRF-SP;DEL03-SP;UOP01-DEL03-SP;;;
728568;30/10/2025;quinta-feira;14:30:00;PE;423;92;GARANHUNS;Ultrapassagem Indevida;Colis�o transversal;Com V�timas Feridas;Pleno dia;Decrescente;C�u Claro;Simples;"Declive;Reta;Retorno Regulamentado";Sim;2;0;0;1;1;0;1;2;-8,86160147;-36,46400975;SPRF-PE;DEL03-PE;UOP01-DEL03-PE;;;
728569;30/10/2025;quinta-feira;18:10:00;PR;369;137;IBIPORA;Desrespeitar a prefer�ncia no cruzamento;Colis�o transversal;Com V�timas Feridas;Pleno dia;Crescente;C�u Claro;Simples;Curva;Sim;2;0;1;0;1;0;1;2;-23,27364212;-51,05356185;SPRF-PR;DEL07-PR;UOP01-DEL07-PR;;;
728573;30/10/2025;quinta-feira;17:30:00;RJ;393;140;SAPUCAIA;Velocidade Incompat�vel;Sa�da de leito carro��vel;Com V�timas Feridas;Pleno dia;Crescente;Nublado;Simples;Curva;N�o;1;0;1;0;0;0;1;1;-22,05000477;-43,02014351;SPRF-RJ;DEL05-RJ;UOP01-DEL05-RJ;;;
728575;30/10/2025;quinta-feira;16:00:00;SC;282;31,4;SANTO AMARO DA IMPERATRIZ;Demais falhas mec�nicas ou el�tricas;Sa�da de leito carro��vel;Com V�timas Feridas;Pleno dia;Decrescente;C�u Claro;Simples;Curva;N�o;1;0;1;0;0;0;1;1;-27,69832735;-48,79439704;SPRF-SC;DEL01-SC;UOP03-DEL01-SC;;;
728576;30/10/2025;quinta-feira;18:45:00;SP;116;150;SAO JOSE DOS CAMPOS;Rea��o tardia ou ineficiente do condutor;Colis�o traseira;Com V�timas Feridas;Plena Noite;Crescente;Nublado;Dupla;Reta;Sim;2;0;1;0;1;0;1;2;-23,21345162;-45,89355469;SPRF-SP;DEL02-SP;UOP01-DEL02-SP;;;
728579;30/10/2025;quinta-feira;19:30:00;PI;343;7;PARNAIBA;Acessar a via sem observar a presen�a dos outros ve�culos;Colis�o transversal;Com V�timas Feridas;Plena Noite;Crescente;C�u Claro;Simples;Reta;Sim;2;0;0;2;0;0;2;2;-2,89903952;-41,72156721;SPRF-PI;DEL05-PI;UOP01-DEL05-PI;;;
728580;30/10/2025;quinta-feira;18:25:00;SC;101;157;PORTO BELO;Manobra de mudan�a de faixa;Colis�o lateral mesmo sentido;Com V�timas Feridas;Anoitecer;Crescente;Garoa/Chuvisco;M�ltipla;Reta;Sim;2;0;1;0;0;1;1;2;-27,18449617;-48,61258404;SPRF-SC;DEL04-SC;UOP03-DEL04-SC;;;
728581;30/10/2025;quinta-feira;19:10:00;RJ;493;53;DUQUE DE CAXIAS;Aus�ncia de rea��o do condutor;Sa�da de leito carro��vel;Com V�timas Feridas;Plena Noite;Crescente;Chuva;Dupla;Reta;N�o;2;0;1;0;1;0;1;1;-22,66548055;-43,32703865;SPRF-RJ;DEL01-RJ;UOP03-DEL01-RJ;;;
728582;30/10/2025;quinta-feira;18:40:00;PI;316;5;TERESINA;Aus�ncia de rea��o do condutor;Colis�o traseira;Com V�timas Feridas;Plena Noite;Crescente;C�u Claro;M�ltipla;Reta;Sim;2;0;0;1;1;0;1;2;-5,1425039;-42,7811137;SPRF-PI;DEL01-PI;UOP02-DEL01-PI;;;
728584;30/10/2025;quinta-feira;18:45:00;RJ;116;281,9;BARRA MANSA;Rea��o tardia ou ineficiente do condutor;Colis�o com objeto;Com V�timas Feridas;Plena Noite;Decrescente;C�u Claro;Dupla;Curva;N�o;1;0;1;0;0;0;1;1;-22,53094;-44,195275;SPRF-RJ;DEL07-RJ;UOP02-DEL07-RJ;;;
728587;30/10/2025;quinta-feira;19:40:00;RS;386;40;FREDERICO WESTPHALEN;Rea��o tardia ou ineficiente do condutor;Tombamento;Com V�timas Feridas;Plena Noite;Crescente;C�u Claro;Simples;Interse��o de Vias;N�o;1;0;0;1;0;0;1;1;-27,4110201;-53,4154551;SPRF-RS;DEL08-RS;UOP02-DEL08-RS;;;
728588;30/10/2025;quinta-feira;17:30:00;MG;381;147;GOVERNADOR VALADARES;Acessar a via sem observar a presen�a dos outros ve�culos;Colis�o transversal;Com V�timas Feridas;Anoitecer;Decrescente;Nublado;Simples;"Reta;Interse��o de Vias";N�o;2;0;0;1;1;0;1;2;-18,84916263;-41,98370693;SPRF-MG;DEL06-MG;UOP01-DEL06-MG;;;
728591;30/10/2025;quinta-feira;19:25:00;RS;116;116,4;SAO MARCOS;Acessar a via sem observar a presen�a dos outros ve�culos;Colis�o traseira;Com V�timas Feridas;Anoitecer;Decrescente;C�u Claro;Simples;Curva;Sim;3;0;1;1;0;1;2;3;-28,97843;-51,06567;SPRF-RS;DEL05-RS;UOP01-DEL05-RS;;;
728593;30/10/2025;quinta-feira;19:55:00;PE;101;24,7;ITAPISSUMA;Transitar no Acostamento;Tombamento;Com V�timas Feridas;Plena Noite;Crescente;C�u Claro;Dupla;"Aclive;Curva";N�o;1;0;1;0;0;0;1;1;-7,698777;-34,922033;SPRF-PE;DEL01-PE;UOP02-DEL01-PE;;;
728595;30/10/2025;quinta-feira;20:00:00;DF;70;9;BRASILIA;Condutor deixou de manter dist�ncia do ve�culo da frente;Colis�o traseira;Com V�timas Feridas;Plena Noite;Crescente;Nublado;Dupla;Reta;Sim;4;0;0;1;3;0;1;2;-15,7952391;-48,1990905;SPRF-DF;DEL03-DF;UOP02-DEL03-DF;;;
728596;30/10/2025;quinta-feira;19:00:00;RJ;116;206;CASIMIRO DE ABREU;Aus�ncia de rea��o do condutor;Colis�o frontal;Sem V�timas;Plena Noite;Crescente;Chuva;Simples;Reta;N�o;4;0;0;0;3;1;0;2;-22,476612;-42,200497;SPRF-RJ;DEL06-RJ;UOP02-DEL06-RJ;;;
728597;30/10/2025;quinta-feira;17:30:00;MA;135;3;SAO LUIS;Rea��o tardia ou ineficiente do condutor;Colis�o transversal;Com V�timas Feridas;Anoitecer;Crescente;C�u Claro;Dupla;"Reta;Retorno Regulamentado";Sim;3;0;2;0;1;0;2;2;-2,60153;-44,24658;SPRF-MA;DEL01-MA;UOP01-DEL01-MA;;;
728598;30/10/2025;quinta-feira;20:36:00;SC;282;4,2;FLORIANOPOLIS;Trafegar com motocicleta (ou similar) entre as faixas;Colis�o traseira;Com V�timas Feridas;Plena Noite;Crescente;Garoa/Chuvisco;M�ltipla;Reta;Sim;2;0;1;0;1;0;1;2;-27,59169831;-48,60571353;SPRF-SC;DEL01-SC;UOP01-DEL01-SC;;;
728599;30/10/2025;quinta-feira;19:00:00;RJ;101;453;MANGARATIBA;Pedestre cruzava a pista fora da faixa;Atropelamento de Pedestre;Com V�timas Fatais;Plena Noite;Decrescente;Chuva;Simples;Aclive;N�o;2;1;0;0;1;0;0;2;-22,9408768;-43,9943168;SPRF-RJ;DEL03-RJ;UOP02-DEL03-RJ;;;
728600;30/10/2025;quinta-feira;18:50:00;PE;232;93;SAIRE;Demais falhas mec�nicas ou el�tricas;Inc�ndio;Sem V�timas;Plena Noite;Decrescente;Nublado;Dupla;Reta;N�o;1;0;0;0;0;1;0;1;-8,22339;-35,68657;SPRF-PE;DEL02-PE;UOP03-DEL02-PE;;;
728602;30/10/2025;quinta-feira;19:40:00;RS;468;101;TRES PASSOS;Pedestre cruzava a pista fora da faixa;Atropelamento de Pedestre;Com V�timas Feridas;Plena Noite;Crescente;C�u Claro;Simples;Interse��o de Vias;Sim;3;0;0;1;1;1;1;2;-27,4645245;-53,9303122;SPRF-RS;DEL08-RS;UOP02-DEL08-RS;;;
728603;30/10/2025;quinta-feira;18:30:00;BA;101;774,5;ITABELA;Demais falhas mec�nicas ou el�tricas;Inc�ndio;Sem V�timas;Plena Noite;Crescente;C�u Claro;Simples;"Reta;Aclive";N�o;1;0;0;0;0;1;0;1;-16,771557;-39,470858;SPRF-BA;DEL09-BA;UOP01-DEL09-BA;;;
728604;30/10/2025;quinta-feira;19:00:00;PR;476;343,7;PAULA FREITAS;Desrespeitar a prefer�ncia no cruzamento;Colis�o transversal;Sem V�timas;Plena Noite;Crescente;Nublado;Simples;Reta;N�o;2;0;0;0;2;0;0;2;-26,17990688;-50,92076073;SPRF-PR;DEL02-PR;UOP03-DEL02-PR;;;
728605;30/10/2025;quinta-feira;19:30:00;RS;116;155,7;CAXIAS DO SUL;Rea��o tardia ou ineficiente do condutor;Colis�o lateral mesmo sentido;Sem V�timas;Plena Noite;Decrescente;C�u Claro;Simples;Reta;N�o;2;0;0;0;2;0;0;2;-29,20569;-51,1774;SPRF-RS;DEL05-RS;UOP01-DEL05-RS;;;
728608;30/10/2025;quinta-feira;18:30:00;RJ;101;320;NITEROI;Ingest�o de �lcool pelo condutor;Engavetamento;Sem V�timas;Plena Noite;Decrescente;Chuva;Dupla;Reta;Sim;4;0;0;0;4;0;0;4;-22,86557808;-43,10811996;SPRF-RJ;DEL02-RJ;UOP01-DEL02-RJ;;;
728611;30/10/2025;quinta-feira;19:20:00;PR;277;702,1;SAO MIGUEL DO IGUACU;Aus�ncia de rea��o do condutor;Sa�da de leito carro��vel;Com V�timas Feridas;Plena Noite;Crescente;C�u Claro;Dupla;Reta;N�o;1;0;0;1;0;0;1;1;-25,41657587;-54,34613868;SPRF-PR;DEL05-PR;UOP01-DEL05-PR;;;
728612;30/10/2025;quinta-feira;21:20:00;ES;262;26;VIANA;Demais falhas mec�nicas ou el�tricas;Inc�ndio;Sem V�timas;Plena Noite;Crescente;Chuva;Simples;Reta;N�o;1;0;0;0;1;0;0;1;-20,38249102;-40,54827332;SPRF-ES;DEL01-ES;UOP01-DEL01-ES;;;
728614;30/10/2025;quinta-feira;23:06:00;RN;304;286,5;MACAIBA;Aus�ncia de rea��o do condutor;Tombamento;Com V�timas Feridas;Plena Noite;Decrescente;C�u Claro;Dupla;"Aclive;Reta;Viaduto";N�o;1;0;1;0;0;0;1;1;-5,873047;-35,435792;SPRF-RN;DEL01-RN;UOP02-DEL01-RN;;;
728616;20/10/2025;segunda-feira;07:40:00;ES;262;97;DOMINGOS MARTINS;Convers�o proibida;Colis�o lateral mesmo sentido;Com V�timas Feridas;Pleno dia;Crescente;Nublado;Simples;Reta;N�o;8;0;4;1;3;0;5;2;-20,360803;-41,075352;SPRF-ES;DEL01-ES;UOP02-DEL01-ES;;;
728617;30/10/2025;quinta-feira;23:20:00;MG;381;485;BETIM;Demais falhas mec�nicas ou el�tricas;Tombamento;Com V�timas Feridas;Plena Noite;Crescente;Garoa/Chuvisco;Dupla;"Declive;Curva";Sim;1;0;0;1;0;0;1;1;-19,95557512;-44,09713475;SPRF-MG;DEL01-MG;UOP03-DEL01-MG;;;
728619;30/10/2025;quinta-feira;19:00:00;MT;70;200;GENERAL CARNEIRO;Animais na Pista;Atropelamento de Animal;Com V�timas Feridas;Plena Noite;Crescente;C�u Claro;Simples;Reta;N�o;4;0;3;0;1;0;3;1;-15,711822;-53,748585;SPRF-MT;DEL05-MT;UOP01-DEL05-MT;;;
728620;30/10/2025;quinta-feira;22:25:00;MA;10;250;IMPERATRIZ;Condutor deixou de manter dist�ncia do ve�culo da frente;Colis�o lateral mesmo sentido;Sem V�timas;Plena Noite;Decrescente;C�u Claro;Simples;"Interse��o de Vias;Retorno Regulamentado;Reta";N�o;3;0;0;0;3;0;0;2;-5,543061;-47,464657;SPRF-MA;DEL04-MA;UOP01-DEL04-MA;;;
728622;30/10/2025;quinta-feira;22:00:00;PR;277;497;NOVA LARANJEIRAS;Acesso irregular;Colis�o transversal;Sem V�timas;Plena Noite;Decrescente;C�u Claro;Simples;Reta;N�o;2;0;0;0;1;1;0;2;-25,18381613;-52,66637564;SPRF-PR;DEL04-PR;UOP04-DEL04-PR;;;
728623;31/10/2025;sexta-feira;00:00:00;PR;376;306,5;ORTIGUEIRA;Rea��o tardia ou ineficiente do condutor;Sa�da de leito carro��vel;Com V�timas Feridas;Plena Noite;Crescente;Nevoeiro/Neblina;Dupla;"Declive;Reta";N�o;1;0;0;1;0;0;1;1;-23,93846911;-51,12257898;SPRF-PR;DEL07-PR;UOP02-DEL07-PR;;;
728624;31/10/2025;sexta-feira;00:40:00;SC;101;135;BALNEARIO CAMBORIU;Acessar a via sem observar a presen�a dos outros ve�culos;Colis�o transversal;Com V�timas Feridas;Plena Noite;Crescente;Garoa/Chuvisco;Dupla;Reta;N�o;2;0;1;0;0;1;1;2;-27,00765514;-48,61812739;SPRF-SC;DEL04-SC;UOP03-DEL04-SC;;;
728626;04/08/2025;segunda-feira;01:30:00;ES;101;262;SERRA;Desrespeitar a prefer�ncia no cruzamento;Colis�o transversal;Com V�timas Feridas;Plena Noite;Crescente;C�u Claro;Dupla;"Interse��o de Vias;Reta";N�o;2;0;0;1;1;0;1;2;-20,173115;-40,26732167;SPRF-ES;DEL02-ES;UOP01-DEL02-ES;;;
728628;31/10/2025;sexta-feira;00:15:00;PR;373;263;PRUDENTOPOLIS;Aus�ncia de rea��o do condutor;Sa�da de leito carro��vel;Com V�timas Feridas;Plena Noite;Crescente;C�u Claro;Simples;Reta;Sim;2;0;1;0;1;0;1;1;-25,200365;-50,974673;SPRF-PR;DEL08-PR;UOP01-DEL08-PR;;;
728632;31/10/2025;sexta-feira;02:30:00;SE;101;24;MALHADA DOS BOIS;Velocidade Incompat�vel;Sa�da de leito carro��vel;Sem V�timas;Plena Noite;Crescente;C�u Claro;Dupla;Reta;N�o;1;0;0;0;1;0;0;1;-10,387846;-36,9159951;SPRF-SE;DEL02-SE;UOP02-DEL02-SE;;;
728633;31/10/2025;sexta-feira;00:45:00;GO;20;161;ALVORADA DO NORTE;Velocidade Incompat�vel;Sa�da de leito carro��vel;Com V�timas Feridas;Plena Noite;Crescente;C�u Claro;Simples;Reta;N�o;5;0;4;0;1;0;4;1;-14,632638;-46,622168;SPRF-DF;DEL02-DF;UOP03-DEL02-DF;;;
728635;31/10/2025;sexta-feira;01:00:00;RO;319;142;PORTO VELHO;Desrespeitar a prefer�ncia no cruzamento;Colis�o transversal;Com V�timas Feridas;Plena Noite;Decrescente;Chuva;M�ltipla;"Reta;Interse��o de Vias";Sim;2;0;0;1;0;1;1;2;-8,76108753;-63,88522832;SPRF-RO;DEL01-RO;UOP01-DEL01-RO;;;
728638;31/10/2025;sexta-feira;05:00:00;PR;369;67,8;SANTA MARIANA;Condutor Dormindo;Sa�da de leito carro��vel;Com V�timas Feridas;Amanhecer;Decrescente;Garoa/Chuvisco;Simples;Reta;N�o;1;0;0;1;0;0;1;1;-23,132;-50,473;SPRF-PR;DEL07-PR;UOP05-DEL07-PR;;;
728642;31/10/2025;sexta-feira;05:22:00;SP;116;327;JUQUITIBA;Manobra de mudan�a de faixa;Colis�o lateral mesmo sentido;Sem V�timas;Amanhecer;Decrescente;Nublado;Dupla;Reta;N�o;2;0;0;0;2;0;0;2;-23,90163506;-46,9898884;SPRF-SP;DEL04-SP;UOP03-DEL04-SP;;;
728643;31/10/2025;sexta-feira;06:09:00;PR;376;175;MARINGA;Manobra de mudan�a de faixa;Colis�o lateral mesmo sentido;Sem V�timas;Amanhecer;Decrescente;C�u Claro;M�ltipla;"Reta;Declive";Sim;2;0;0;0;2;0;0;2;-23,41455032;-51,95019364;SPRF-PR;DEL09-PR;UOP01-DEL09-PR;;;
728644;31/10/2025;sexta-feira;04:35:00;MG;381;526,2;BRUMADINHO;Velocidade Incompat�vel;Colis�o com objeto;Com V�timas Feridas;Plena Noite;Crescente;Chuva;Dupla;"Curva;Declive";N�o;4;0;1;0;3;0;1;1;-20,14896593;-44,32427645;SPRF-MG;DEL04-MG;UOP03-DEL04-MG;;;