id;data_inversa;dia_semana;horario;uf;br;km;municipio;causa_acidente;tipo_acidente;classificacao_acidente;fase_dia;sentido_via;condicao_metereologica;tipo_pista;tracado_via;uso_solo;pessoas;mortos;feridos_leves;feridos_graves;ilesos;ignorados;feridos;veiculos;latitude;longitude;regional;delegacia;uop;;;
728645;31/10/2025;sexta-feira;04:25:00;SC;280;80,5;CORUPA;Acesso irregular;Colis�o transversal;Com V�timas Feridas;Amanhecer;Crescente;Chuva;Simples;Reta;N�o;3;0;1;2;0;0;3;3;-26,43983067;-49,22736375;SPRF-SC;DEL06-SC;UOP03-DEL06-SC;;;
728648;31/10/2025;sexta-feira;07:30:00;PR;116;126;FAZENDA RIO GRANDE;Manobra de mudan�a de faixa;Colis�o lateral mesmo sentido;Com V�timas Feridas;Pleno dia;Decrescente;Garoa/Chuvisco;Dupla;Reta;Sim;4;0;2;0;2;0;2;2;-25,6456748;-49,3132367;SPRF-PR;DEL01-PR;UOP03-DEL01-PR;;;
728649;31/10/2025;sexta-feira;07:50:00;SC;101;204;SAO JOSE;Acessar a via sem observar a presen�a dos outros ve�culos;Tombamento;Com V�timas Feridas;Pleno dia;Crescente;C�u Claro;M�ltipla;Reta;Sim;2;0;1;0;0;1;1;2;-27,574199;-48,613291;SPRF-SC;DEL01-SC;UOP01-DEL01-SC;;;
728650;31/10/2025;sexta-feira;07:00:00;MG;354;732,9;POUSO ALTO;Manobra de mudan�a de faixa;Sa�da de leito carro��vel;Com V�timas Feridas;Pleno dia;Crescente;Nublado;Simples;"Reta;Declive";N�o;1;0;1;0;0;0;1;1;-22,17482;-44,969904;SPRF-MG;DEL17-MG;UOP01-DEL17-MG;;;
728651;31/10/2025;sexta-feira;07:45:00;SC;282;16,4;PALHOCA;Acessar a via sem observar a presen�a dos outros ve�culos;Colis�o transversal;Com V�timas Feridas;Pleno dia;Decrescente;C�u Claro;Simples;"Reta;Interse��o de Vias";Sim;2;0;1;0;1;0;1;2;-27,661932;-48,684677;SPRF-SC;DEL01-SC;UOP02-DEL01-SC;;;
728652;31/10/2025;sexta-feira;07:35:00;SP;153;61;SAO JOSE DO RIO PRETO;Condutor deixou de manter dist�ncia do ve�culo da frente;Colis�o traseira;Com V�timas Feridas;Pleno dia;Crescente;C�u Claro;Dupla;Reta;Sim;2;0;0;1;1;0;1;2;-20,79897121;-49,35524074;SPRF-SP;DEL09-SP;UOP01-DEL09-SP;;;
728653;31/10/2025;sexta-feira;07:30:00;SC;116;240,9;LAGES;Acessar a via sem observar a presen�a dos outros ve�culos;Sa�da de leito carro��vel;Com V�timas Feridas;Pleno dia;Decrescente;C�u Claro;Simples;Reta;N�o;4;0;1;1;2;0;2;1;-27,769886;-50,335606;SPRF-SC;DEL05-SC;UOP01-DEL05-SC;;;
728654;31/10/2025;sexta-feira;07:55:00;RS;290;107;ELDORADO DO SUL;Ultrapassagem Indevida;Colis�o lateral mesmo sentido;Com V�timas Feridas;Pleno dia;Decrescente;C�u Claro;Simples;Reta;Sim;3;0;1;0;2;0;1;2;-30,0031798;-51,3073392;SPRF-RS;DEL02-RS;UOP01-DEL02-RS;;;
728657;07/10/2025;ter�a-feira;07:45:00;PR;376;463,8;PONTA GROSSA;Pista Escorregadia;Sa�da de leito carro��vel;Com V�timas Feridas;Pleno dia;Decrescente;Chuva;Dupla;Curva;N�o;1;0;1;0;0;0;1;1;-25,02510633;-50,31681418;SPRF-PR;DEL03-PR;UOP01-DEL03-PR;;;
728658;31/10/2025;sexta-feira;08:00:00;MG;116;416,5;GOVERNADOR VALADARES;Acessar a via sem observar a presen�a dos outros ve�culos;Colis�o transversal;Com V�timas Feridas;Pleno dia;Crescente;Garoa/Chuvisco;Simples;Interse��o de Vias;Sim;3;0;3;0;0;0;3;2;-18,90190446;-41,94459842;SPRF-MG;DEL06-MG;UOP01-DEL06-MG;;;
728663;31/10/2025;sexta-feira;08:15:00;MG;116;705,3;MURIAE;Acessar a via sem observar a presen�a dos outros ve�culos;Colis�o transversal;Com V�timas Feridas;Pleno dia;Crescente;C�u Claro;Simples;"Interse��o de Vias;Reta";Sim;2;0;1;0;1;0;1;2;-21,14528624;-42,37999896;SPRF-MG;DEL07-MG;UOP02-DEL07-MG;;;
728664;31/10/2025;sexta-feira;08:10:00;PR;116;111;CURITIBA;Rea��o tardia ou ineficiente do condutor;Colis�o lateral mesmo sentido;Com V�timas Feridas;Pleno dia;Crescente;Nublado;M�ltipla;Reta;N�o;3;0;1;0;2;0;1;3;-25,562593;-49,258033;SPRF-PR;DEL01-PR;UOP03-DEL01-PR;;;
728665;31/10/2025;sexta-feira;08:21:00;PA;10;1;DOM ELISEU;Acessar a via sem observar a presen�a dos outros ve�culos;Colis�o transversal;Com V�timas Feridas;Pleno dia;Crescente;C�u Claro;Simples;Reta;Sim;2;0;1;0;1;0;1;2;-4,2840328;-47,558462;SPRF-PA;DEL02-PA;UOP02-DEL02-PA;;;
728666;31/10/2025;sexta-feira;09:00:00;BA;324;517;FEIRA DE SANTANA;Acessar a via sem observar a presen�a dos outros ve�culos;Colis�o transversal;Com V�timas Feridas;Pleno dia;Crescente;C�u Claro;Simples;Reta;Sim;2;0;1;0;1;0;1;2;-12,254947;-38,932337;SPRF-BA;DEL02-BA;UOP01-DEL02-BA;;;
728667;31/10/2025;sexta-feira;09:20:00;MG;40;548;NOVA LIMA;Trafegar com motocicleta (ou similar) entre as faixas;Colis�o traseira;Com V�timas Feridas;Pleno dia;Crescente;Nublado;Dupla;"Aclive;Curva";N�o;2;0;1;0;1;0;1;2;-20,037575;-43,968588;SPRF-MG;DEL01-MG;UOP02-DEL01-MG;;;
728670;21/10/2025;ter�a-feira;00:15:00;GO;60;76;ANAPOLIS;Rea��o tardia ou ineficiente do condutor;Sa�da de leito carro��vel;Com V�timas Feridas;Plena Noite;Crescente;Ignorado;Dupla;Curva;N�o;4;0;0;2;2;0;2;1;-16,28843;-48,79886;SPRF-GO;DEL02-GO;UOP01-DEL02-GO;;;
728671;31/10/2025;sexta-feira;07:50:00;MG;40;43,8;PARACATU;Acessar a via sem observar a presen�a dos outros ve�culos;Colis�o transversal;Com V�timas Feridas;Pleno dia;Decrescente;Nublado;Simples;Interse��o de Vias;Sim;2;0;1;0;1;0;1;2;-17,227653;-46,858515;SPRF-MG;DEL14-MG;UOP01-DEL14-MG;;;
728673;31/10/2025;sexta-feira;09:20:00;SP;116;218;GUARULHOS;Trafegar com motocicleta (ou similar) entre as faixas;Colis�o lateral mesmo sentido;Com V�timas Feridas;Pleno dia;Crescente;Chuva;M�ltipla;Reta;Sim;2;0;1;0;1;0;1;2;-23,46070321;-46,4884243;SPRF-SP;DEL01-SP;UOP01-DEL01-SP;;;
728676;31/10/2025;sexta-feira;09:00:00;SC;282;1,6;FLORIANOPOLIS;Manobra de mudan�a de faixa;Colis�o lateral mesmo sentido;Com V�timas Feridas;Pleno dia;Decrescente;Nublado;M�ltipla;Reta;N�o;3;0;2;0;1;0;2;2;-27,60358348;-48,58643381;SPRF-SC;DEL01-SC;UOP01-DEL01-SC;;;
728678;04/10/2025;s�bado;10:40:00;RS;471;192;PANTANO GRANDE;Rea��o tardia ou ineficiente do condutor;Colis�o com objeto;Com V�timas Feridas;Pleno dia;Decrescente;C�u Claro;Simples;Rotat�ria;N�o;1;0;0;1;0;0;1;1;-30,16556832;-52,37417076;SPRF-RS;DEL02-RS;UOP03-DEL02-RS;;;
728679;05/08/2025;ter�a-feira;14:00:00;SC;282;54,2;AGUAS MORNAS;Velocidade Incompat�vel;Colis�o transversal;Com V�timas Feridas;Pleno dia;Decrescente;Chuva;Simples;Reta;N�o;2;0;1;0;1;0;1;2;-27,6884182;-48,9774839;SPRF-SC;DEL01-SC;UOP03-DEL01-SC;;;
728680;31/10/2025;sexta-feira;10:10:00;PR;116;16,8;COLOMBO;Trafegar com motocicleta (ou similar) entre as faixas;Colis�o lateral mesmo sentido;Com V�timas Feridas;Pleno dia;Crescente;Nublado;Dupla;Reta;Sim;3;0;1;0;2;0;1;2;-25,38848914;-49,18439476;SPRF-PR;DEL01-PR;UOP02-DEL01-PR;;;
728681;31/10/2025;sexta-feira;08:30:00;PI;402;34,2;PARNAIBA;Transitar na contram�o;Colis�o transversal;Com V�timas Feridas;Pleno dia;Crescente;Sol;Simples;Reta;Sim;3;0;2;0;1;0;2;2;-2,934328;-41,747397;SPRF-PI;DEL05-PI;UOP01-DEL05-PI;;;
728684;31/10/2025;sexta-feira;10:35:00;SP;459;9;PIQUETE;Aus�ncia de rea��o do condutor;Sa�da de leito carro��vel;Com V�timas Feridas;Pleno dia;Crescente;Chuva;Simples;Curva;N�o;1;0;1;0;0;0;1;1;-22,581829;-45,195566;SPRF-SP;DEL08-SP;UOP02-DEL08-SP;;;
728686;31/10/2025;sexta-feira;10:00:00;RJ;101;482;ANGRA DOS REIS;Chuva;Colis�o lateral mesmo sentido;Com V�timas Feridas;Pleno dia;Crescente;Chuva;M�ltipla;Reta;Sim;2;0;1;0;1;0;1;2;-23,004634;-44,297656;SPRF-RJ;DEL03-RJ;UOP03-DEL03-RJ;;;
728688;31/10/2025;sexta-feira;10:45:00;DF;20;3;BRASILIA;Manobra de mudan�a de faixa;Queda de ocupante de ve�culo;Com V�timas Feridas;Pleno dia;Crescente;C�u Claro;Dupla;Declive;Sim;1;0;1;0;0;0;1;1;-15,679851;-47,832211;SPRF-DF;DEL02-DF;UOP01-DEL02-DF;;;
728689;31/10/2025;sexta-feira;10:35:00;DF;40;0;BRASILIA;Acumulo de �leo sobre o pavimento;Colis�o com objeto;Sem V�timas;Pleno dia;Decrescente;Chuva;Simples;Viaduto;Sim;2;0;0;0;2;0;0;1;-15,98058;-47,98854;SPRF-DF;DEL01-DF;UOP01-DEL01-DF;;;
728691;31/10/2025;sexta-feira;10:40:00;SP;116;288;ITAPECERICA DA SERRA;Velocidade Incompat�vel;Colis�o traseira;Com V�timas Feridas;Pleno dia;Decrescente;Garoa/Chuvisco;Dupla;Reta;N�o;2;0;1;0;1;0;1;2;-23,70321069;-46,87173322;SPRF-SP;DEL04-SP;UOP01-DEL04-SP;;;
728694;31/10/2025;sexta-feira;09:30:00;RR;174;6;BOA VISTA;Ultrapassagem Indevida;Sa�da de leito carro��vel;Com V�timas Fatais;Pleno dia;Crescente;C�u Claro;Simples;Reta;N�o;6;1;2;2;0;1;4;2;2,92208942;-60,71197227;SPRF-RR;DEL01-RR;UOP01-DEL01-RR;;;
728695;31/10/2025;sexta-feira;10:15:00;DF;20;16;BRASILIA;Acumulo de �gua sobre o pavimento;Sa�da de leito carro��vel;Com V�timas Feridas;Pleno dia;Decrescente;Chuva;Dupla;Reta;Sim;2;0;1;0;1;0;1;1;-15,6256417;-47,7247917;SPRF-DF;DEL02-DF;UOP01-DEL02-DF;;;
728696;31/10/2025;sexta-feira;11:15:00;SC;101;207,8;SAO JOSE;Aus�ncia de rea��o do condutor;Sa�da de leito carro��vel;Com V�timas Feridas;Pleno dia;Crescente;Nublado;Dupla;"Curva;Declive";N�o;2;0;1;0;1;0;1;1;-27,602272;-48,630436;SPRF-SC;DEL01-SC;UOP01-DEL01-SC;;;
728697;31/10/2025;sexta-feira;11:30:00;SP;381;75;SAO PAULO;Pista Escorregadia;Sa�da de leito carro��vel;Com V�timas Feridas;Pleno dia;Crescente;Garoa/Chuvisco;Dupla;"Curva;Declive";N�o;2;0;1;0;1;0;1;1;-23,383207;-46,56475917;SPRF-SP;DEL03-SP;UOP01-DEL03-SP;;;
728698;27/10/2025;segunda-feira;09:00:00;RJ;116;143;DUQUE DE CAXIAS;Aus�ncia de rea��o do condutor;Queda de ocupante de ve�culo;Com V�timas Feridas;Pleno dia;Crescente;C�u Claro;Dupla;Reta;Sim;1;0;1;0;0;0;1;1;-22,65967655;-43,24998602;SPRF-RJ;DEL01-RJ;UOP02-DEL01-RJ;;;
728699;08/08/2025;sexta-feira;11:20:00;SC;282;528;XAXIM;Transitar na contram�o;Colis�o lateral sentido oposto;Com V�timas Fatais;Pleno dia;Crescente;Nublado;Simples;Reta;N�o;7;1;1;4;1;0;5;5;-26,979;-52,589;SPRF-SC;DEL07-SC;UOP01-DEL07-SC;;;
728700;31/10/2025;sexta-feira;11:40:00;SC;101;103,5;BALNEARIO PICARRAS;Condutor deixou de manter dist�ncia do ve�culo da frente;Engavetamento;Com V�timas Feridas;Pleno dia;Crescente;C�u Claro;Dupla;Reta;N�o;11;0;2;0;9;0;2;5;-26,79078026;-48,68152428;SPRF-SC;DEL03-SC;UOP02-DEL03-SC;;;
728702;31/10/2025;sexta-feira;12:00:00;SC;101;23,9;BIGUACU;Rea��o tardia ou ineficiente do condutor;Colis�o com objeto;Com V�timas Feridas;Pleno dia;Crescente;Nublado;M�ltipla;T�nel;N�o;1;0;1;0;0;0;1;1;-27,52490034;-48,70847449;SPRF-SC;DEL01-SC;UOP02-DEL01-SC;;;
728703;31/10/2025;sexta-feira;12:33:00;MG;40;582;ITABIRITO;Demais falhas mec�nicas ou el�tricas;Colis�o transversal;Sem V�timas;Pleno dia;Decrescente;Nublado;Simples;Reta;N�o;3;0;0;0;3;0;0;2;-20,311893;-43,9344533;SPRF-MG;DEL01-MG;UOP02-DEL01-MG;;;
728704;31/10/2025;sexta-feira;10:30:00;MG;381;924;ITAPEVA;Velocidade Incompat�vel;Sa�da de leito carro��vel;Com V�timas Feridas;Pleno dia;Crescente;Chuva;Dupla;Curva;N�o;2;0;1;0;0;1;1;2;-22,76668462;-46,21089935;SPRF-MG;DEL16-MG;UOP03-DEL16-MG;;;
728706;31/10/2025;sexta-feira;09:30:00;MG;381;480;CONTAGEM;Demais falhas mec�nicas ou el�tricas;Tombamento;Com V�timas Feridas;Pleno dia;Decrescente;Chuva;Dupla;Curva;Sim;2;0;2;0;0;0;2;1;-19,95844465;-44,05576587;SPRF-MG;DEL01-MG;UOP03-DEL01-MG;;;
728707;25/10/2025;s�bado;20:00:00;PA;10;354;SANTA MARIA DO PARA;Transitar na contram�o;Colis�o frontal;Com V�timas Feridas;Plena Noite;Decrescente;C�u Claro;Simples;Reta;Sim;2;0;1;0;1;0;1;2;-1,343959;-47,578647;SPRF-PA;DEL01-PA;UOP02-DEL01-PA;;;
728708;31/10/2025;sexta-feira;11:25:00;ES;101;145,1;LINHARES;Velocidade Incompat�vel;Tombamento;Com V�timas Feridas;Pleno dia;Crescente;Nublado;M�ltipla;Reta;N�o;1;0;1;0;0;0;1;1;-19,3587967;-40,0646779;SPRF-ES;DEL04-ES;UOP01-DEL04-ES;;;
728709;31/10/2025;sexta-feira;13:15:00;SC;101;204,7;SAO JOSE;Rea��o tardia ou ineficiente do condutor;Colis�o traseira;Com V�timas Feridas;Pleno dia;Decrescente;C�u Claro;Dupla;Reta;Sim;2;0;1;0;1;0;1;2;-27,57589185;-48,61311471;SPRF-SC;DEL01-SC;UOP01-DEL01-SC;;;
728710;31/10/2025;sexta-feira;12:30:00;RS;290;89;PORTO ALEGRE;Demais falhas mec�nicas ou el�tricas;Inc�ndio;Sem V�timas;Pleno dia;Crescente;C�u Claro;Dupla;Reta;Sim;1;0;0;0;1;0;0;1;-29,97528802;-51,15039826;SPRF-RS;DEL01-RS;UOP01-DEL01-RS;;;
728711;31/10/2025;sexta-feira;12:35:00;PB;230;23,5;JOAO PESSOA;Aus�ncia de rea��o do condutor;Engavetamento;Com V�timas Feridas;Pleno dia;Decrescente;C�u Claro;Dupla;"Declive;Viaduto";Sim;8;0;3;0;5;0;3;5;-7,1643428;-34,86198932;SPRF-PB;DEL01-PB;UOP01-DEL01-PB;;;
728712;21/09/2025;domingo;09:45:00;RJ;354;17;RESENDE;Condutor deixou de manter dist�ncia do ve�culo da frente;Colis�o lateral mesmo sentido;Com V�timas Feridas;Pleno dia;Crescente;C�u Claro;Simples;Curva;N�o;2;0;1;0;0;1;1;2;-22,47430414;-44,70395923;SPRF-RJ;DEL07-RJ;UOP02-DEL07-RJ;;;
728713;31/10/2025;sexta-feira;12:30:00;BA;415;53;ITABUNA;Aus�ncia de rea��o do condutor;Colis�o lateral sentido oposto;Com V�timas Feridas;Pleno dia;Crescente;C�u Claro;Simples;Reta;Sim;5;0;1;0;3;1;1;2;-14,84524321;-39,33953798;SPRF-BA;DEL05-BA;UOP01-DEL05-BA;;;
728714;31/10/2025;sexta-feira;12:45:00;PR;277;240;FERNANDES PINHEIRO;Acessar a via sem observar a presen�a dos outros ve�culos;Colis�o transversal;Com V�timas Feridas;Pleno dia;Decrescente;C�u Claro;Simples;"Declive;Reta";N�o;4;0;2;0;2;0;2;2;-25,4643;-50,56762;SPRF-PR;DEL08-PR;UOP02-DEL08-PR;;;
728715;31/10/2025;sexta-feira;12:00:00;SC;116;220;CORREIA PINTO;Rea��o tardia ou ineficiente do condutor;Colis�o traseira;Com V�timas Feridas;Pleno dia;Decrescente;C�u Claro;Simples;Interse��o de Vias;Sim;2;0;1;0;0;1;1;2;-27,58353574;-50,36637819;SPRF-SC;DEL05-SC;UOP03-DEL05-SC;;;
728717;31/10/2025;sexta-feira;12:15:00;MA;222;672;ACAILANDIA;Condutor deixou de manter dist�ncia do ve�culo da frente;Colis�o traseira;Sem V�timas;Pleno dia;Crescente;C�u Claro;Simples;"Declive;Reta";Sim;2;0;0;0;2;0;0;2;-4,94889421;-47,47935891;SPRF-MA;DEL04-MA;UOP03-DEL04-MA;;;
728718;31/10/2025;sexta-feira;13:30:00;SP;381;71;MAIRIPORA;Pista Escorregadia;Sa�da de leito carro��vel;Sem V�timas;Pleno dia;Crescente;Chuva;Dupla;Curva;N�o;1;0;0;0;1;0;0;1;-23,35366249;-46,55138969;SPRF-SP;DEL03-SP;UOP01-DEL03-SP;;;
728719;31/10/2025;sexta-feira;13:30:00;RS;116;257;ESTEIO;Aus�ncia de rea��o do condutor;Colis�o com objeto;Sem V�timas;Pleno dia;Decrescente;Nublado;Dupla;Reta;Sim;1;0;0;0;0;1;0;1;-29,8563381;-51,1798796;SPRF-RS;DEL01-RS;UOP02-DEL01-RS;;;
728721;31/10/2025;sexta-feira;09:22:00;MA;10;321;ACAILANDIA;Aus�ncia de rea��o do condutor;Colis�o lateral mesmo sentido;Com V�timas Feridas;Pleno dia;Crescente;C�u Claro;Simples;Reta;Sim;2;0;1;0;1;0;1;2;-4,93536253;-47,50277312;SPRF-MA;DEL04-MA;UOP03-DEL04-MA;;;
728722;31/10/2025;sexta-feira;14:00:00;MG;381;813;CAREACU;Aus�ncia de rea��o do condutor;Queda de ocupante de ve�culo;Com V�timas Feridas;Pleno dia;Decrescente;Chuva;Dupla;Curva;N�o;1;0;0;1;0;0;1;1;-22,005806;-45,675808;SPRF-MG;DEL16-MG;UOP02-DEL16-MG;;;
728723;31/10/2025;sexta-feira;12:45:00;RO;319;140;PORTO VELHO;Transitar no Acostamento;Colis�o lateral mesmo sentido;Com V�timas Feridas;Pleno dia;Crescente;Sol;Dupla;Reta;Sim;2;0;1;0;1;0;1;2;-8,74003868;-63,89072148;SPRF-RO;DEL01-RO;UOP01-DEL01-RO;;;
728726;31/10/2025;sexta-feira;14:30:00;MG;40;743,6;SANTOS DUMONT;Chuva;Colis�o traseira;Com V�timas Feridas;Pleno dia;Crescente;Chuva;Simples;Curva;N�o;2;0;2;0;0;0;2;2;-21,47108139;-43,55695009;SPRF-MG;DEL05-MG;UOP01-DEL05-MG;;;
728727;31/10/2025;sexta-feira;13:50:00;ES;101;265;SERRA;Rea��o tardia ou ineficiente do condutor;Colis�o traseira;Com V�timas Feridas;Pleno dia;Crescente;Garoa/Chuvisco;Dupla;Reta;Sim;2;0;0;1;1;0;1;2;-20,18060213;-40,26498377;SPRF-ES;DEL02-ES;UOP01-DEL02-ES;;;
728728;31/10/2025;sexta-feira;14:25:00;RS;392;61;PELOTAS;Velocidade Incompat�vel;Sa�da de leito carro��vel;Com V�timas Feridas;Pleno dia;Decrescente;C�u Claro;Dupla;Curva;N�o;1;0;1;0;0;0;1;1;-31,7835403;-52,35701434;SPRF-RS;DEL07-RS;UOP01-DEL07-RS;;;
728729;31/10/2025;sexta-feira;12:45:00;PR;277;584,5;CASCAVEL;Manobra de mudan�a de faixa;Colis�o lateral mesmo sentido;Sem V�timas;Pleno dia;Crescente;C�u Claro;M�ltipla;"Interse��o de Vias;Viaduto";Sim;2;0;0;0;1;1;0;2;-24,96461123;-53,40576114;SPRF-PR;DEL04-PR;UOP01-DEL04-PR;;;
728730;31/10/2025;sexta-feira;13:45:00;RO;364;197,2;PIMENTA BUENO;Acesso irregular;Colis�o transversal;Com V�timas Feridas;Pleno dia;Crescente;C�u Claro;Simples;Reta;Sim;2;0;1;1;0;0;2;2;-11,676513;-61,188695;SPRF-RO;DEL02-RO;UOP02-DEL02-RO;;;
728731;31/10/2025;sexta-feira;14:15:00;MG;116;421,7;ALPERCATA;Desrespeitar a prefer�ncia no cruzamento;Colis�o transversal;Com V�timas Feridas;Pleno dia;Decrescente;Nublado;Simples;"Interse��o de Vias;Reta";N�o;2;0;1;0;1;0;1;2;-18,94517127;-41,94986198;SPRF-MG;DEL06-MG;UOP01-DEL06-MG;;;
728733;31/10/2025;sexta-feira;15:10:00;MT;70;3;BARRA DO GARCAS;Pedestre cruzava a pista fora da faixa;Atropelamento de Pedestre;Com V�timas Feridas;Pleno dia;Crescente;C�u Claro;Simples;Reta;Sim;2;0;1;0;0;1;1;2;-15,87827444;-52,32622862;SPRF-MT;DEL07-MT;UOP01-DEL07-MT;;;
728734;26/10/2025;domingo;00:00:00;MG;262;77,4;MATIPO;Acessar a via sem observar a presen�a dos outros ve�culos;Queda de ocupante de ve�culo;Com V�timas Fatais;Plena Noite;Crescente;C�u Claro;Simples;Reta;N�o;2;1;0;0;0;1;0;2;-20,332747;-42,349972;SPRF-MG;DEL03-MG;UOP03-DEL03-MG;;;
728735;31/10/2025;sexta-feira;15:20:00;SC;101;201;SAO JOSE;Acessar a via sem observar a presen�a dos outros ve�culos;Colis�o lateral mesmo sentido;Com V�timas Feridas;Pleno dia;Decrescente;Nublado;Dupla;Reta;Sim;3;0;0;1;1;1;1;3;-27,548468;-48,619423;SPRF-SC;DEL01-SC;UOP01-DEL01-SC;;;
728736;31/10/2025;sexta-feira;13:30:00;RJ;356;167;SAO JOAO DA BARRA;Demais falhas mec�nicas ou el�tricas;Inc�ndio;Sem V�timas;Pleno dia;Crescente;Nublado;Simples;Reta;N�o;1;0;0;0;1;0;0;1;-21,7161281;-41,1284883;SPRF-RJ;DEL08-RJ;UOP02-DEL08-RJ;;;
728737;31/10/2025;sexta-feira;14:00:00;MT;163;1061;GUARANTA DO NORTE;Demais falhas mec�nicas ou el�tricas;Sa�da de leito carro��vel;Com V�timas Feridas;Pleno dia;Crescente;Nublado;Simples;Reta;N�o;4;0;4;0;0;0;4;1;-9,9815;-54,9062;SPRF-MT;DEL06-MT;UOP03-DEL06-MT;;;
728738;31/10/2025;sexta-feira;15:00:00;MG;381;859,8;POUSO ALEGRE;Rea��o tardia ou ineficiente do condutor;Sa�da de leito carro��vel;Com V�timas Feridas;Pleno dia;Decrescente;Chuva;Dupla;Reta;N�o;1;0;1;0;0;0;1;1;-22,317712;-45,905108;SPRF-MG;DEL16-MG;UOP01-DEL16-MG;;;
728739;31/10/2025;sexta-feira;13:50:00;ES;101;292;CARIACICA;Acessar a via sem observar a presen�a dos outros ve�culos;Colis�o transversal;Com V�timas Feridas;Pleno dia;Crescente;Sol;Dupla;Reta;N�o;3;0;1;0;2;0;1;2;-20,30884804;-40,39481375;SPRF-ES;DEL01-ES;UOP01-DEL01-ES;;;
728740;31/10/2025;sexta-feira;15:20:00;RS;116;249,5;SAO LEOPOLDO;Aus�ncia de rea��o do condutor;Capotamento;Sem V�timas;Pleno dia;Crescente;C�u Claro;Dupla;"Curva;Viaduto";Sim;2;0;0;0;2;0;0;1;-29,78739028;-51,16403484;SPRF-RS;DEL01-RS;UOP02-DEL01-RS;;;
728742;31/10/2025;sexta-feira;15:10:00;PR;376;184,2;SARANDI;Rea��o tardia ou ineficiente do condutor;Colis�o traseira;Com V�timas Feridas;Pleno dia;Decrescente;Sol;Dupla;"Reta;Aclive";Sim;2;0;1;0;1;0;1;2;-23,442446;-51,869212;SPRF-PR;DEL09-PR;UOP01-DEL09-PR;;;
728744;31/10/2025;sexta-feira;15:30:00;PB;101;84;BAYEUX;Condutor deixou de manter dist�ncia do ve�culo da frente;Colis�o traseira;Com V�timas Feridas;Pleno dia;Crescente;C�u Claro;Dupla;Reta;Sim;4;0;1;0;3;0;1;2;-7,13454628;-34,92860466;SPRF-PB;DEL01-PB;UOP01-DEL01-PB;;;
728745;31/10/2025;sexta-feira;12:00:00;RJ;40;115;DUQUE DE CAXIAS;Trafegar com motocicleta (ou similar) entre as faixas;Tombamento;Com V�timas Feridas;Pleno dia;Decrescente;Chuva;M�ltipla;Reta;N�o;1;0;1;0;0;0;1;1;-22,736621;-43,288404;SPRF-RJ;DEL01-RJ;UOP02-DEL01-RJ;;;
728746;31/10/2025;sexta-feira;13:50:00;SP;116;541;BARRA DO TURVO;Rea��o tardia ou ineficiente do condutor;Sa�da de leito carro��vel;Sem V�timas;Pleno dia;Decrescente;Garoa/Chuvisco;Simples;Curva;N�o;1;0;0;0;1;0;0;1;-24,97513666;-48,36446643;SPRF-SP;DEL05-SP;UOP02-DEL05-SP;;;
728747;31/10/2025;sexta-feira;16:00:00;BA;116;423;FEIRA DE SANTANA;Mal s�bito do condutor;Colis�o com objeto;Com V�timas Feridas;Pleno dia;Crescente;C�u Claro;Dupla;Reta;Sim;1;0;0;1;0;0;1;1;-12,23438;-38,9763698;SPRF-BA;DEL02-BA;UOP01-DEL02-BA;;;
728750;31/10/2025;sexta-feira;13:45:00;RO;174;15;VILHENA;Rea��o tardia ou ineficiente do condutor;Colis�o lateral mesmo sentido;Com V�timas Feridas;Pleno dia;Crescente;Sol;Dupla;"Reta;Retorno Regulamentado";Sim;2;0;1;0;1;0;1;2;-12,72849348;-60,12891591;SPRF-RO;DEL04-RO;UOP01-DEL04-RO;;;
728752;20/10/2025;segunda-feira;01:55:00;GO;153;78,1;PORANGATU;Rea��o tardia ou ineficiente do condutor;Colis�o traseira;Sem V�timas;Plena Noite;Decrescente;Chuva;Simples;"Aclive;Reta";N�o;3;0;0;0;3;0;0;2;-13,4970759;-49,13169757;SPRF-GO;DEL07-GO;UOP01-DEL07-GO;;;
728753;31/10/2025;sexta-feira;15:20:00;MS;60;426,9;SIDROLANDIA;Acessar a via sem observar a presen�a dos outros ve�culos;Colis�o transversal;Com V�timas Feridas;Pleno dia;Crescente;C�u Claro;Dupla;Reta;Sim;2;0;1;0;1;0;1;2;-20,944161;-54,966984;SPRF-MS;DEL01-MS;UOP04-DEL01-MS;;;
728754;31/10/2025;sexta-feira;10:30:00;MG;262;377;FLORESTAL;Avarias e/ou desgaste excessivo no pneu;Sa�da de leito carro��vel;Com V�timas Feridas;Pleno dia;Crescente;C�u Claro;Dupla;Curva;N�o;1;0;1;0;0;0;1;1;-19,90276858;-44,5240581;SPRF-MG;DEL01-MG;UOP03-DEL01-MG;;;
728755;31/10/2025;sexta-feira;15:30:00;SP;153;30,1;NOVA GRANADA;Desrespeitar a prefer�ncia no cruzamento;Colis�o transversal;Com V�timas Feridas;Pleno dia;Crescente;C�u Claro;Simples;"Retorno Regulamentado;Interse��o de Vias";N�o;3;0;1;0;2;0;1;2;-20,540981;-49,330552;SPRF-SP;DEL09-SP;UOP01-DEL09-SP;;;