id;data_inversa;dia_semana;horario;uf;br;km;municipio;causa_acidente;tipo_acidente;classificacao_acidente;fase_dia;sentido_via;condicao_metereologica;tipo_pista;tracado_via;uso_solo;pessoas;mortos;feridos_leves;feridos_graves;ilesos;ignorados;feridos;veiculos;latitude;longitude;regional;delegacia;uop;;;
728756;31/10/2025;sexta-feira;16:45:00;MG;40;659,5;CARANDAI;Condutor Dormindo;Colis�o frontal;Com V�timas Feridas;Pleno dia;Crescente;Nublado;Dupla;"Declive;Reta";N�o;3;0;1;0;2;0;1;3;-20,898039;-43,82305;SPRF-MG;DEL05-MG;UOP02-DEL05-MG;;;
728757;28/10/2025;ter�a-feira;07:10:00;RS;392;663,9;CERRO LARGO;Desrespeitar a prefer�ncia no cruzamento;Colis�o transversal;Com V�timas Feridas;Pleno dia;Decrescente;Nublado;Simples;Interse��o de Vias;Sim;2;0;1;0;1;0;1;2;-28,12458979;-54,75430219;SPRF-RS;DEL10-RS;UOP01-DEL10-RS;;;
728759;31/10/2025;sexta-feira;16:45:00;RS;386;386;TRIUNFO;Acessar a via sem observar a presen�a dos outros ve�culos;Colis�o traseira;Sem V�timas;Pleno dia;Decrescente;C�u Claro;Dupla;Reta;Sim;4;0;0;0;4;0;0;2;-29,70929428;-51,64922297;SPRF-RS;DEL04-RS;UOP01-DEL04-RS;;;
728760;31/10/2025;sexta-feira;15:40:00;PE;407;129;PETROLINA;Trafegar com motocicleta (ou similar) entre as faixas;Colis�o transversal;Com V�timas Feridas;Pleno dia;Crescente;C�u Claro;Dupla;"Em Obras;Reta";N�o;2;0;1;0;1;0;1;2;-9,40505121;-40,50426054;SPRF-PE;DEL06-PE;UOP01-DEL06-PE;;;
728761;31/10/2025;sexta-feira;16:10:00;PE;101;69;RECIFE;Condutor deixou de manter dist�ncia do ve�culo da frente;Colis�o traseira;Com V�timas Feridas;Pleno dia;Crescente;C�u Claro;M�ltipla;Reta;Sim;3;0;2;0;1;0;2;3;-8,05750291;-34,94616363;SPRF-PE;DEL01-PE;UOP01-DEL01-PE;;;
728763;31/10/2025;sexta-feira;15:30:00;PA;230;670;ALTAMIRA;Retorno proibido;Colis�o transversal;Com V�timas Feridas;Pleno dia;Decrescente;C�u Claro;Simples;Reta;N�o;3;0;1;0;2;0;1;2;-3,26925;-52,38796;SPRF-PA;DEL04-PA;UOP01-DEL04-PA;;;
728764;31/10/2025;sexta-feira;17:15:00;MG;40;766;JUIZ DE FORA;Chuva;Sa�da de leito carro��vel;Sem V�timas;Pleno dia;Crescente;Chuva;Simples;Reta;N�o;1;0;0;0;1;0;0;1;-21,60175907;-43,45838915;SPRF-MG;DEL05-MG;UOP01-DEL05-MG;;;
728765;31/10/2025;sexta-feira;15:15:00;SP;116;505;CAJATI;Curva acentuada;Colis�o com objeto;Com V�timas Fatais;Pleno dia;Crescente;Garoa/Chuvisco;M�ltipla;"Curva;Declive";N�o;4;1;1;2;0;0;3;1;-24,78766;-48,2085;SPRF-SP;DEL05-SP;UOP02-DEL05-SP;;;
728766;31/10/2025;sexta-feira;16:50:00;SC;101;142,8;ITAPEMA;Rea��o tardia ou ineficiente do condutor;Engavetamento;Com V�timas Feridas;Pleno dia;Crescente;C�u Claro;Dupla;"Reta;Viaduto";Sim;4;0;1;0;3;0;1;3;-27,06293316;-48,59591424;SPRF-SC;DEL04-SC;UOP03-DEL04-SC;;;
728767;31/10/2025;sexta-feira;15:50:00;RJ;40;68;PETROPOLIS;Velocidade Incompat�vel;Colis�o com objeto;Com V�timas Feridas;Pleno dia;Decrescente;Nublado;Dupla;Curva;N�o;1;0;1;0;0;0;1;1;-22,44159402;-43,18744898;SPRF-RJ;DEL05-RJ;UOP02-DEL05-RJ;;;
728771;31/10/2025;sexta-feira;15:20:00;RJ;40;15,7;TRES RIOS;Aus�ncia de rea��o do condutor;Tombamento;Com V�timas Feridas;Pleno dia;Decrescente;Chuva;Dupla;"Curva;Aclive";N�o;2;0;2;0;0;0;2;1;-22,075773;-43,182449;SPRF-RJ;DEL05-RJ;UOP02-DEL05-RJ;;;
728773;31/10/2025;sexta-feira;17:50:00;SP;153;61,7;SAO JOSE DO RIO PRETO;Pista Escorregadia;Tombamento;Com V�timas Feridas;Pleno dia;Crescente;C�u Claro;Dupla;"Interse��o de Vias;Reta";N�o;1;0;1;0;0;0;1;1;-20,809727;-49,356559;SPRF-SP;DEL09-SP;UOP01-DEL09-SP;;;
728774;11/10/2025;s�bado;10:00:00;RJ;40;58;PETROPOLIS;Rea��o tardia ou ineficiente do condutor;Colis�o traseira;Com V�timas Feridas;Pleno dia;Crescente;Nublado;Dupla;Curva;N�o;2;0;0;1;1;0;1;2;-22,38257931;-43,13429832;SPRF-RJ;DEL05-RJ;UOP02-DEL05-RJ;;;
728775;31/10/2025;sexta-feira;17:50:00;RS;116;150;CAXIAS DO SUL;Condutor deixou de manter dist�ncia do ve�culo da frente;Colis�o traseira;Com V�timas Feridas;Anoitecer;Crescente;C�u Claro;Dupla;Reta;Sim;2;0;1;0;1;0;1;2;-29,17058503;-51,15959352;SPRF-RS;DEL05-RS;UOP01-DEL05-RS;;;
728776;20/08/2025;quarta-feira;10:30:00;ES;262;107;VENDA NOVA DO IMIGRANTE;Aus�ncia de rea��o do condutor;Colis�o transversal;Com V�timas Feridas;Pleno dia;Crescente;Sol;Simples;Reta;Sim;2;0;0;1;1;0;1;2;-20,32974516;-41,15283821;SPRF-ES;DEL01-ES;UOP02-DEL01-ES;;;
728779;31/10/2025;sexta-feira;16:30:00;RO;364;695;PORTO VELHO;Rea��o tardia ou ineficiente do condutor;Colis�o traseira;Sem V�timas;Pleno dia;Decrescente;C�u Claro;Dupla;Reta;N�o;2;0;0;0;2;0;0;2;-8,80062859;-63,72439234;SPRF-RO;DEL01-RO;UOP01-DEL01-RO;;;
728780;31/10/2025;sexta-feira;17:50:00;SP;116;283;ITAPECERICA DA SERRA;Manobra de mudan�a de faixa;Colis�o lateral mesmo sentido;Com V�timas Feridas;Pleno dia;Crescente;Garoa/Chuvisco;Dupla;Reta;Sim;2;0;1;0;1;0;1;2;-23,69369595;-46,86294556;SPRF-SP;DEL04-SP;UOP01-DEL04-SP;;;
728782;31/10/2025;sexta-feira;14:50:00;RO;364;677;CANDEIAS DO JAMARI;Rea��o tardia ou ineficiente do condutor;Tombamento;Com V�timas Feridas;Pleno dia;Decrescente;Sol;Simples;Reta;N�o;3;0;1;2;0;0;3;1;-8,78243362;-63,55809045;SPRF-RO;DEL01-RO;UOP01-DEL01-RO;;;
728783;31/10/2025;sexta-feira;16:20:00;MS;262;17,6;TRES LAGOAS;Aus�ncia de rea��o do condutor;Engavetamento;Com V�timas Feridas;Pleno dia;Crescente;C�u Claro;Simples;"Em Obras;Reta";N�o;7;0;2;0;5;0;2;4;-20,81435639;-51,75379694;SPRF-MS;DEL07-MS;UOP01-DEL07-MS;;;
728784;31/10/2025;sexta-feira;17:40:00;BA;110;175;RIBEIRA DO POMBAL;Aus�ncia de rea��o do condutor;Queda de ocupante de ve�culo;Com V�timas Feridas;Plena Noite;Crescente;C�u Claro;Simples;Reta;Sim;1;0;0;1;0;0;1;1;-10,82023904;-38,53083372;SPRF-BA;DEL07-BA;UOP02-DEL07-BA;;;
728787;31/10/2025;sexta-feira;11:50:00;AP;210;2;MACAPA;Demais falhas na via;Eventos at�picos;Sem V�timas;Pleno dia;Decrescente;C�u Claro;Dupla;Retorno Regulamentado;Sim;1;0;0;0;0;1;0;1;0,083991;-51,079692;SPRF-AP;DEL01-AP;UOP01-DEL01-AP;;;
728788;31/10/2025;sexta-feira;13:50:00;ES;262;39,9;DOMINGOS MARTINS;Curva acentuada;Colis�o transversal;Com V�timas Feridas;Pleno dia;Crescente;Chuva;Simples;"Curva;Declive";N�o;4;0;1;0;3;0;1;2;-20,38389901;-40,6357011;SPRF-ES;DEL01-ES;UOP01-DEL01-ES;;;
728789;12/10/2025;domingo;04:30:00;MG;365;613,9;UBERLANDIA;Aus�ncia de rea��o do condutor;Tombamento;Com V�timas Feridas;Plena Noite;Crescente;C�u Claro;Simples;Reta;Sim;1;0;0;1;0;0;1;1;-18,91292146;-48,21858494;SPRF-MG;DEL15-MG;UOP01-DEL15-MG;;;
728793;31/10/2025;sexta-feira;18:30:00;ES;101;299;VIANA;Manobra de mudan�a de faixa;Queda de ocupante de ve�culo;Com V�timas Feridas;Plena Noite;Decrescente;C�u Claro;Dupla;Curva;Sim;2;0;1;0;0;1;1;2;-20,35768331;-40,42706719;SPRF-ES;DEL01-ES;UOP01-DEL01-ES;;;
728796;31/10/2025;sexta-feira;18:45:00;RS;116;264;CANOAS;Manobra de mudan�a de faixa;Colis�o lateral mesmo sentido;Com V�timas Feridas;Plena Noite;Decrescente;Nublado;M�ltipla;"Reta;Em Obras";Sim;3;0;1;0;2;0;1;2;-29,91807972;-51,17787838;SPRF-RS;DEL01-RS;UOP01-DEL01-RS;;;
728797;23/10/2025;quinta-feira;19:20:00;RS;116;37,7;VACARIA;Entrada inopinada do pedestre;Atropelamento de Pedestre;Com V�timas Feridas;Anoitecer;Decrescente;C�u Claro;Simples;Reta;Sim;2;0;0;1;1;0;1;2;-28,504325;-50,923941;SPRF-RS;DEL05-RS;UOP03-DEL05-RS;;;
728799;31/10/2025;sexta-feira;17:20:00;MG;262;824;UBERABA;Acumulo de �gua sobre o pavimento;Sa�da de leito carro��vel;Com V�timas Feridas;Pleno dia;Decrescente;Chuva;Dupla;Reta;N�o;1;0;1;0;0;0;1;1;-19,76455;-48,10786;SPRF-MG;DEL13-MG;UOP01-DEL13-MG;;;
728800;31/10/2025;sexta-feira;15:00:00;RJ;40;100;DUQUE DE CAXIAS;Chuva;Colis�o com objeto;Com V�timas Feridas;Pleno dia;Decrescente;Chuva;Dupla;"Curva;Aclive";N�o;2;0;1;0;1;0;1;1;-22,601848;-43,28291;SPRF-RJ;DEL01-RJ;UOP01-DEL01-RJ;;;
728801;31/10/2025;sexta-feira;17:52:00;PE;232;113,1;BEZERROS;Pedestre - Ingest�o de �lcool/ subst�ncias psicoativas;Atropelamento de Pedestre;Com V�timas Feridas;Anoitecer;Crescente;C�u Claro;Dupla;Reta;Sim;2;0;0;1;1;0;1;2;-8,30034;-35,84652;SPRF-PE;DEL02-PE;UOP03-DEL02-PE;;;
728803;31/10/2025;sexta-feira;18:25:00;CE;222;82,2;SAO LUIS DO CURU;Animais na Pista;Atropelamento de Animal;Com V�timas Feridas;Plena Noite;Crescente;C�u Claro;Simples;"Aclive;Reta";N�o;2;0;2;0;0;0;2;1;-3,675525;-39,288773;SPRF-CE;DEL01-CE;UOP03-DEL01-CE;;;
728804;31/10/2025;sexta-feira;16:40:00;PE;408;98;JABOATAO DOS GUARARAPES;Manobra de mudan�a de faixa;Colis�o lateral mesmo sentido;Sem V�timas;Anoitecer;Crescente;C�u Claro;Dupla;Reta;N�o;3;0;0;0;0;3;0;2;-8,07962985;-34,99143211;SPRF-PE;DEL01-PE;UOP01-DEL01-PE;;;
728807;31/10/2025;sexta-feira;19:20:00;PB;230;60,7;CRUZ DO ESPIRITO SANTO;Acessar a via sem observar a presen�a dos outros ve�culos;Colis�o transversal;Com V�timas Feridas;Plena Noite;Crescente;C�u Claro;Dupla;Reta;N�o;3;0;1;2;0;0;3;2;-7,20444473;-35,15192477;SPRF-PB;DEL01-PB;UOP02-DEL01-PB;;;
728808;31/10/2025;sexta-feira;18:50:00;SC;101;179;BIGUACU;Condutor Dormindo;Colis�o com objeto;Com V�timas Feridas;Plena Noite;Crescente;Nublado;Dupla;Reta;N�o;1;0;0;1;0;0;1;1;-27,372618;-48,633288;SPRF-SC;DEL01-SC;UOP01-DEL01-SC;;;
728811;31/10/2025;sexta-feira;18:55:00;GO;40;51,2;CRISTALINA;Frear bruscamente;Sa�da de leito carro��vel;Com V�timas Feridas;Plena Noite;Decrescente;C�u Claro;Dupla;Reta;N�o;2;0;2;0;0;0;2;1;-16,7135902;-47,6696794;SPRF-DF;DEL01-DF;UOP02-DEL01-DF;;;
728812;31/10/2025;sexta-feira;14:30:00;RJ;40;94;DUQUE DE CAXIAS;Pista Escorregadia;Queda de ocupante de ve�culo;Com V�timas Feridas;Pleno dia;Crescente;Chuva;Simples;"Declive;Curva";N�o;1;0;1;0;0;0;1;1;-22,558688;-43,266015;SPRF-RJ;DEL01-RJ;UOP01-DEL01-RJ;;;
728814;31/10/2025;sexta-feira;18:30:00;RJ;101;514,9;ANGRA DOS REIS;Pista Escorregadia;Colis�o lateral sentido oposto;Com V�timas Feridas;Plena Noite;Decrescente;Chuva;Simples;Curva;N�o;4;0;3;0;1;0;3;2;-22,98149289;-44,43662195;SPRF-RJ;DEL03-RJ;UOP03-DEL03-RJ;;;
728815;31/10/2025;sexta-feira;18:10:00;RJ;116;232;PIRAI;Pista Escorregadia;Colis�o com objeto;Com V�timas Feridas;Plena Noite;Decrescente;Garoa/Chuvisco;Simples;"Curva;Declive";N�o;1;0;1;0;0;0;1;1;-22,67180815;-43,83572817;SPRF-RJ;DEL07-RJ;UOP01-DEL07-RJ;;;
728817;31/10/2025;sexta-feira;19:30:00;BA;418;94;NOVA VICOSA;Acessar a via sem observar a presen�a dos outros ve�culos;Colis�o frontal;Com V�timas Feridas;Plena Noite;Crescente;C�u Claro;Simples;Reta;Sim;6;0;4;1;1;0;5;3;-17,88731794;-39,88065767;SPRF-BA;DEL09-BA;UOP02-DEL09-BA;;;
728818;31/10/2025;sexta-feira;19:30:00;PR;277;30;MORRETES;Aus�ncia de rea��o do condutor;Sa�da de leito carro��vel;Com V�timas Feridas;Plena Noite;Decrescente;Garoa/Chuvisco;Simples;"Reta;Interse��o de Vias";N�o;1;0;1;0;0;0;1;1;-25,551927;-48,798154;SPRF-PR;DEL01-PR;UOP05-DEL01-PR;;;
728819;08/07/2025;ter�a-feira;15:00:00;TO;10;456;PALMAS;Rea��o tardia ou ineficiente do condutor;Queda de ocupante de ve�culo;Com V�timas Feridas;Pleno dia;Crescente;Sol;Dupla;Reta;N�o;2;0;2;0;0;0;2;1;-10,28946671;-48,29778902;SPRF-TO;DEL01-TO;UOP03-DEL01-TO;;;
728820;31/10/2025;sexta-feira;19:00:00;CE;402;292,5;TURURU;Velocidade Incompat�vel;Colis�o traseira;Com V�timas Fatais;Plena Noite;Decrescente;C�u Claro;Simples;Reta;N�o;3;1;0;1;0;1;1;2;-3,644969;-39,426718;SPRF-CE;DEL01-CE;UOP03-DEL01-CE;;;
728821;31/10/2025;sexta-feira;18:30:00;PE;232;132,4;CARUARU;Velocidade Incompat�vel;Capotamento;Com V�timas Feridas;Anoitecer;Decrescente;C�u Claro;Simples;Reta;Sim;1;0;1;0;0;0;1;1;-8,30687;-36,01701;SPRF-PE;DEL02-PE;UOP03-DEL02-PE;;;
728823;31/10/2025;sexta-feira;19:10:00;MT;163;686;LUCAS DO RIO VERDE;Acessar a via sem observar a presen�a dos outros ve�culos;Colis�o transversal;Com V�timas Feridas;Plena Noite;Decrescente;C�u Claro;Simples;Reta;N�o;3;0;0;1;2;0;1;2;-13,087128;-55,94271;SPRF-MT;DEL06-MT;UOP01-DEL06-MT;;;
728824;31/10/2025;sexta-feira;18:20:00;SC;470;12,4;NAVEGANTES;Aus�ncia de rea��o do condutor;Sa�da de leito carro��vel;Com V�timas Feridas;Anoitecer;Decrescente;Nublado;Dupla;Reta;N�o;1;0;0;1;0;0;1;1;-26,83899266;-48,76594417;SPRF-SC;DEL04-SC;UOP04-DEL04-SC;;;
728827;31/10/2025;sexta-feira;18:30:00;BA;418;92,7;NOVA VICOSA;Acessar a via sem observar a presen�a dos outros ve�culos;Colis�o transversal;Com V�timas Feridas;Plena Noite;Decrescente;C�u Claro;Simples;Reta;Sim;2;0;0;1;1;0;1;2;-17,882194;-39,858139;SPRF-BA;DEL09-BA;UOP02-DEL09-BA;;;
728829;31/10/2025;sexta-feira;20:55:00;MG;381;604;OLIVEIRA;Aus�ncia de rea��o do condutor;Sa�da de leito carro��vel;Com V�timas Feridas;Plena Noite;Crescente;Chuva;Dupla;Reta;N�o;1;0;1;0;0;0;1;1;-20,63666391;-44,73609102;SPRF-MG;DEL04-MG;UOP01-DEL04-MG;;;
728830;31/10/2025;sexta-feira;17:15:00;MG;267;23;ARGIRITA;Avarias e/ou desgaste excessivo no pneu;Colis�o com objeto;Com V�timas Feridas;Anoitecer;Crescente;Chuva;Simples;"Curva;Ponte";N�o;1;0;0;1;0;0;1;1;-21,5954847;-42,79621875;SPRF-MG;DEL07-MG;UOP01-DEL07-MG;;;
728831;31/10/2025;sexta-feira;19:25:00;MG;116;747;LEOPOLDINA;Avarias e/ou desgaste excessivo no pneu;Capotamento;Com V�timas Feridas;Plena Noite;Decrescente;Chuva;Simples;Reta;N�o;7;0;5;0;2;0;5;2;-21,446473;-42,544181;SPRF-MG;DEL07-MG;UOP01-DEL07-MG;;;
728832;31/10/2025;sexta-feira;18:50:00;SC;470;267,9;CURITIBANOS;Ultrapassagem Indevida;Colis�o frontal;Com V�timas Feridas;Plena Noite;Decrescente;C�u Claro;Simples;Aclive;N�o;2;0;0;1;1;0;1;2;-27,31282544;-50,73998898;SPRF-SC;DEL05-SC;UOP03-DEL05-SC;;;
728833;31/10/2025;sexta-feira;17:15:00;RJ;116;66,1;TERESOPOLIS;Velocidade Incompat�vel;Queda de ocupante de ve�culo;Com V�timas Feridas;Pleno dia;Crescente;Chuva;Simples;"Curva;Declive";N�o;1;0;1;0;0;0;1;1;-22,281924;-42,929446;SPRF-RJ;DEL04-RJ;UOP01-DEL04-RJ;;;
728834;31/10/2025;sexta-feira;21:29:00;RN;101;79;SAO GONCALO DO AMARANTE;Aus�ncia de rea��o do condutor;Atropelamento de Pedestre;Com V�timas Feridas;Plena Noite;Crescente;C�u Claro;Dupla;Reta;Sim;2;0;2;0;0;0;2;2;-5,75408283;-35,2888093;SPRF-RN;DEL02-RN;UOP01-DEL02-RN;;;
728835;31/10/2025;sexta-feira;19:49:00;PE;101;128;ESCADA;Aus�ncia de rea��o do condutor;Colis�o traseira;Com V�timas Feridas;Plena Noite;Decrescente;C�u Claro;Dupla;Reta;Sim;2;0;1;0;0;1;1;2;-8,380801;-35,245268;SPRF-PE;DEL01-PE;UOP03-DEL01-PE;;;
728836;11/10/2025;s�bado;10:20:00;PB;104;142;QUEIMADAS;Desrespeitar a prefer�ncia no cruzamento;Colis�o transversal;Com V�timas Feridas;Pleno dia;Decrescente;Sol;Simples;"Interse��o de Vias;Reta";N�o;2;0;1;0;0;1;1;2;-7,386603;-35,895775;SPRF-PB;DEL02-PB;UOP03-DEL02-PB;;;
728838;31/10/2025;sexta-feira;19:55:00;MG;40;42,6;PARACATU;Desrespeitar a prefer�ncia no cruzamento;Colis�o transversal;Com V�timas Feridas;Plena Noite;Decrescente;Nublado;Simples;"Interse��o de Vias;Rotat�ria";Sim;4;0;1;0;1;2;1;3;-17,223228;-46,865024;SPRF-MG;DEL14-MG;UOP01-DEL14-MG;;;
728839;31/10/2025;sexta-feira;22:10:00;RS;290;110;ELDORADO DO SUL;Ingest�o de �lcool pelo condutor;Colis�o traseira;Com V�timas Feridas;Plena Noite;Decrescente;C�u Claro;Dupla;Reta;N�o;3;0;1;0;2;0;1;2;-30,02956595;-51,32401204;SPRF-RS;DEL02-RS;UOP01-DEL02-RS;;;
728840;31/10/2025;sexta-feira;19:50:00;MG;262;437;NOVA SERRANA;Pedestre andava na pista;Atropelamento de Pedestre;Com V�timas Fatais;Plena Noite;Decrescente;C�u Claro;Dupla;Reta;Sim;3;1;0;0;2;0;0;2;-19,872341;-44,967169;SPRF-MG;DEL08-MG;UOP03-DEL08-MG;;;
728841;31/10/2025;sexta-feira;20:00:00;PE;407;49;PETROLINA;Ingest�o de �lcool pelo condutor;Colis�o traseira;Com V�timas Feridas;Plena Noite;Crescente;C�u Claro;Simples;Reta;N�o;3;0;2;0;1;0;2;2;-8,804297;-40,853442;SPRF-PE;DEL06-PE;UOP02-DEL06-PE;;;
728842;31/10/2025;sexta-feira;21:00:00;RJ;40;12;TRES RIOS;Velocidade Incompat�vel;Sa�da de leito carro��vel;Com V�timas Feridas;Plena Noite;Decrescente;Chuva;Dupla;Reta;N�o;1;0;1;0;0;0;1;1;-22,09900076;-43,17146301;SPRF-RJ;DEL05-RJ;UOP02-DEL05-RJ;;;
728843;31/10/2025;sexta-feira;19:20:00;PR;277;673;MEDIANEIRA;Aus�ncia de rea��o do condutor;Colis�o traseira;Com V�timas Feridas;Plena Noite;Crescente;C�u Claro;Dupla;Reta;Sim;2;0;1;0;0;1;1;2;-25,27511382;-54,07000478;SPRF-PR;DEL05-PR;UOP01-DEL05-PR;;;
728844;31/10/2025;sexta-feira;21:30:00;PR;376;488;PONTA GROSSA;Ingest�o de �lcool pelo condutor;Sa�da de leito carro��vel;Sem V�timas;Pleno dia;Crescente;C�u Claro;M�ltipla;Aclive;Sim;1;0;0;0;1;0;0;1;-25,1293407;-50,17412988;SPRF-PR;DEL03-PR;UOP04-DEL03-PR;;;
728846;31/10/2025;sexta-feira;20:46:00;MG;381;615,2;OLIVEIRA;Chuva;Sa�da de leito carro��vel;Com V�timas Feridas;Plena Noite;Decrescente;Chuva;Dupla;"Curva;Declive";N�o;2;0;2;0;0;0;2;1;-20,71662077;-44,76636887;SPRF-MG;DEL04-MG;UOP01-DEL04-MG;;;
728847;31/10/2025;sexta-feira;19:00:00;PE;424;27;VENTUROSA;Aus�ncia de rea��o do condutor;Colis�o traseira;Com V�timas Feridas;Plena Noite;Decrescente;C�u Claro;Simples;Declive;N�o;2;0;1;0;0;1;1;2;-8,562088;-36,891657;SPRF-PE;DEL04-PE;UOP02-DEL04-PE;;;
728848;31/10/2025;sexta-feira;21:00:00;RJ;101;440;MANGARATIBA;Velocidade Incompat�vel;Colis�o com objeto;Com V�timas Feridas;Plena Noite;Decrescente;Chuva;Simples;Curva;N�o;2;0;2;0;0;0;2;1;-22,964012;-44,084664;SPRF-RJ;DEL03-RJ;UOP02-DEL03-RJ;;;
728849;31/10/2025;sexta-feira;22:30:00;GO;60;13;SANTO ANTONIO DO DESCOBERTO;Aus�ncia de rea��o do condutor;Colis�o lateral mesmo sentido;Com V�timas Feridas;Plena Noite;Decrescente;C�u Claro;Dupla;Aclive;N�o;3;0;1;0;2;0;1;2;-16,113295;-48,342135;SPRF-DF;DEL03-DF;UOP01-DEL03-DF;;;
728850;31/10/2025;sexta-feira;22:50:00;PR;476;195;LAPA;Ingest�o de �lcool pelo condutor;Colis�o transversal;Sem V�timas;Plena Noite;Crescente;Nublado;Simples;Interse��o de Vias;Sim;2;0;0;0;1;1;0;2;-25,75222768;-49,72445017;SPRF-PR;DEL01-PR;UOP06-DEL01-PR;;;
728851;31/10/2025;sexta-feira;20:30:00;PB;104;98;ESPERANCA;Acessar a via sem observar a presen�a dos outros ve�culos;Colis�o transversal;Com V�timas Feridas;Plena Noite;Decrescente;C�u Claro;Simples;Reta;Sim;3;0;0;2;1;0;2;2;-7,02814;-35,856607;SPRF-PB;DEL02-PB;UOP04-DEL02-PB;;;
728854;31/10/2025;sexta-feira;22:15:00;MG;381;928,5;ITAPEVA;Condutor deixou de manter dist�ncia do ve�culo da frente;Sa�da de leito carro��vel;Com V�timas Feridas;Plena Noite;Decrescente;C�u Claro;Dupla;Reta;N�o;2;0;1;0;0;1;1;2;-22,7672064;-46,2159872;SPRF-MG;DEL16-MG;UOP03-DEL16-MG;;;
728855;31/10/2025;sexta-feira;20:10:00;PE;232;199,4;SANHARO;Ultrapassagem Indevida;Colis�o frontal;Com V�timas Feridas;Plena Noite;Crescente;C�u Claro;Simples;Reta;N�o;7;0;0;7;0;0;7;2;-8,369973;-36,600351;SPRF-PE;DEL03-PE;UOP02-DEL03-PE;;;
728856;31/10/2025;sexta-feira;22:50:00;SP;381;36;ATIBAIA;Frear bruscamente;Engavetamento;Sem V�timas;Plena Noite;Decrescente;Nublado;Dupla;Reta;N�o;7;0;0;0;6;1;0;3;-23,09662591;-46,57178703;SPRF-SP;DEL03-SP;UOP01-DEL03-SP;;;
728857;01/11/2025;s�bado;00:00:00;SC;101;149;ITAPEMA;Aus�ncia de rea��o do condutor;Colis�o com objeto;Com V�timas Feridas;Plena Noite;Crescente;Chuva;M�ltipla;Reta;Sim;1;0;1;0;0;0;1;1;-27,11220629;-48,61106571;SPRF-SC;DEL04-SC;UOP03-DEL04-SC;;;
728858;01/11/2025;s�bado;00:30:00;PR;116;126;FAZENDA RIO GRANDE;Rea��o tardia ou ineficiente do condutor;Colis�o traseira;Com V�timas Feridas;Plena Noite;Decrescente;C�u Claro;M�ltipla;Reta;Sim;2;0;0;1;1;0;1;2;-25,68357829;-49,31614487;SPRF-PR;DEL01-PR;UOP03-DEL01-PR;;;
728861;31/10/2025;sexta-feira;23:05:00;RN;427;32,5;ACARI;Transitar na contram�o;Colis�o frontal;Com V�timas Feridas;Plena Noite;Crescente;C�u Claro;Simples;Reta;N�o;3;0;0;1;2;0;1;2;-6,478773;-36,642868;SPRF-RN;DEL03-RN;UOP01-DEL03-RN;;;
728863;01/11/2025;s�bado;02:15:00;PR;163;273;QUATRO PONTES;Ingest�o de �lcool pelo condutor;Eventos at�picos;Sem V�timas;Plena Noite;Crescente;C�u Claro;Dupla;Curva;N�o;1;0;0;0;1;0;0;1;-24,60216;-53,979922;SPRF-PR;DEL06-PR;UOP02-DEL06-PR;;;
728864;01/11/2025;s�bado;02:40:00;PR;277;83,3;CURITIBA;Aus�ncia de rea��o do condutor;Colis�o traseira;Com V�timas Feridas;Plena Noite;Decrescente;C�u Claro;Dupla;Reta;Sim;8;0;1;3;3;1;4;4;-25,44554603;-49,23224537;SPRF-PR;DEL01-PR;UOP03-DEL01-PR;;;
728870;01/11/2025;s�bado;04:35:00;RS;116;264;CANOAS;Ingest�o de �lcool pelo condutor;Colis�o com objeto;Sem V�timas;Plena Noite;Decrescente;C�u Claro;M�ltipla;Em Obras;Sim;1;0;0;0;1;0;0;1;-29,91421632;-51,17762748;SPRF-RS;DEL01-RS;UOP01-DEL01-RS;;;
728871;01/11/2025;s�bado;03:45:00;SC;101;162;TIJUCAS;Rea��o tardia ou ineficiente do condutor;Capotamento;Com V�timas Feridas;Plena Noite;Crescente;Garoa/Chuvisco;Simples;Reta;N�o;3;0;3;0;0;0;3;1;-27,22883659;-48,62960815;SPRF-SC;DEL04-SC;UOP03-DEL04-SC;;;
728874;01/11/2025;s�bado;04:23:00;CE;116;373;ICO;Animais na Pista;Atropelamento de Animal;Com V�timas Feridas;Amanhecer;Crescente;Nublado;Simples;Reta;N�o;1;0;1;0;0;0;1;1;-6,388687;-38,822359;SPRF-CE;DEL05-CE;UOP01-DEL05-CE;;;
728875;01/11/2025;s�bado;03:40:00;RS;386;37,5;FREDERICO WESTPHALEN;Rea��o tardia ou ineficiente do condutor;Sa�da de leito carro��vel;Sem V�timas;Plena Noite;Crescente;C�u Claro;Simples;Curva;N�o;1;0;0;0;0;1;0;1;-27,384942;-53,3998282;SPRF-RS;DEL08-RS;UOP02-DEL08-RS;;;
728876;01/11/2025;s�bado;04:45:00;SP;116;56,1;LORENA;Aus�ncia de rea��o do condutor;Colis�o com objeto;Sem V�timas;Amanhecer;Decrescente;Nublado;Dupla;Reta;Sim;1;0;0;0;1;0;0;1;-22,76763434;-45,12908936;SPRF-SP;DEL08-SP;UOP02-DEL08-SP;;;
728879;01/11/2025;s�bado;05:30:00;PR;277;707;SAO MIGUEL DO IGUACU;Rea��o tardia ou ineficiente do condutor;Sa�da de leito carro��vel;Com V�timas Feridas;Amanhecer;Decrescente;C�u Claro;Dupla;Declive;N�o;1;0;0;1;0;0;1;1;-25,42436165;-54,36026573;SPRF-PR;DEL05-PR;UOP01-DEL05-PR;;;
728881;31/10/2025;sexta-feira;23:30:00;SC;280;53;GUARAMIRIM;Trafegar com motocicleta (ou similar) entre as faixas;Colis�o traseira;Com V�timas Feridas;Plena Noite;Crescente;Chuva;Dupla;Reta;Sim;3;0;1;0;2;0;1;2;-26,47134134;-48,97172928;SPRF-SC;DEL03-SC;UOP03-DEL03-SC;;;