id;data_inversa;dia_semana;horario;uf;br;km;municipio;causa_acidente;tipo_acidente;classificacao_acidente;fase_dia;sentido_via;condicao_metereologica;tipo_pista;tracado_via;uso_solo;pessoas;mortos;feridos_leves;feridos_graves;ilesos;ignorados;feridos;veiculos;latitude;longitude;regional;delegacia;uop;;;
728882;01/11/2025;s�bado;06:25:00;PR;163;171,5;LINDOESTE;Chuva;Sa�da de leito carro��vel;Com V�timas Feridas;Pleno dia;Crescente;Chuva;Dupla;Reta;N�o;2;0;2;0;0;0;2;1;-25,22357253;-53,5929486;SPRF-PR;DEL05-PR;UOP05-DEL05-PR;;;
728885;01/11/2025;s�bado;07:15:00;MG;262;785,1;UBERABA;Animais na Pista;Atropelamento de Animal;Com V�timas Feridas;Amanhecer;Crescente;Nublado;Dupla;Reta;Sim;1;0;1;0;0;0;1;1;-19,76921666;-47,8969973;SPRF-MG;DEL13-MG;UOP01-DEL13-MG;;;
728886;24/10/2025;sexta-feira;23:41:00;SC;101;432;SOMBRIO;Aus�ncia de sinaliza��o;Colis�o com objeto;Sem V�timas;Plena Noite;Crescente;Ignorado;Dupla;Reta;Sim;2;0;0;0;2;0;0;2;-29,081928;-49,629689;SPRF-SC;DEL02-SC;UOP02-DEL02-SC;;;
728887;01/11/2025;s�bado;07:00:00;ES;101;140,5;LINHARES;Demais falhas mec�nicas ou el�tricas;Inc�ndio;Sem V�timas;Pleno dia;Crescente;C�u Claro;M�ltipla;"Reta;Aclive";Sim;1;0;0;0;1;0;0;1;-19,32258038;-40,07363725;SPRF-ES;DEL04-ES;UOP01-DEL04-ES;;;
728888;01/11/2025;s�bado;07:15:00;ES;101;148,4;LINHARES;Condutor deixou de manter dist�ncia do ve�culo da frente;Colis�o traseira;Com V�timas Feridas;Pleno dia;Decrescente;C�u Claro;M�ltipla;Reta;Sim;3;0;2;0;1;0;2;2;-19,392214;-40,0665229;SPRF-ES;DEL04-ES;UOP01-DEL04-ES;;;
728889;01/11/2025;s�bado;05:15:00;PR;277;21;PARANAGUA;Ingest�o de �lcool pelo condutor;Sa�da de leito carro��vel;Sem V�timas;Amanhecer;Crescente;C�u Claro;M�ltipla;"Curva;Aclive";N�o;1;0;0;0;0;1;0;1;-25,54740205;-48,67688863;SPRF-PR;DEL01-PR;UOP05-DEL01-PR;;;
728890;01/11/2025;s�bado;07:40:00;RS;472;578;URUGUAIANA;Condutor deixou de manter dist�ncia do ve�culo da frente;Colis�o traseira;Com V�timas Feridas;Pleno dia;Decrescente;C�u Claro;Simples;"Interse��o de Vias;Reta";Sim;2;0;1;0;1;0;1;2;-29,781222;-57,065913;SPRF-RS;DEL13-RS;UOP01-DEL13-RS;;;
728891;01/11/2025;s�bado;07:49:00;RN;405;1;MOSSORO;Convers�o proibida;Colis�o traseira;Com V�timas Feridas;Pleno dia;Crescente;C�u Claro;Dupla;Reta;Sim;2;0;1;0;1;0;1;2;-5,19179;-37,36186;SPRF-RN;DEL04-RN;UOP02-DEL04-RN;;;
728892;01/11/2025;s�bado;03:00:00;PR;163;85;CAPANEMA;Velocidade Incompat�vel;Capotamento;Sem V�timas;Plena Noite;Decrescente;C�u Claro;Simples;"Reta;Aclive";Sim;2;0;0;0;0;2;0;1;-25,69349811;-53,78037063;SPRF-PR;DEL02-PR;UOP02-DEL02-PR;;;
728894;20/10/2025;segunda-feira;11:10:00;MG;381;484;BETIM;Manobra de mudan�a de faixa;Colis�o lateral mesmo sentido;Com V�timas Feridas;Pleno dia;Crescente;C�u Claro;Dupla;"Curva;Declive";N�o;2;0;0;1;1;0;1;2;-19,95986823;-44,08606272;SPRF-MG;DEL01-MG;UOP03-DEL01-MG;;;
728895;01/11/2025;s�bado;07:50:00;PI;316;4;TERESINA;Rea��o tardia ou ineficiente do condutor;Colis�o traseira;Com V�timas Feridas;Pleno dia;Decrescente;Sol;M�ltipla;Reta;Sim;3;0;0;2;1;0;2;2;-5,13847;-42,7872;SPRF-PI;DEL01-PI;UOP02-DEL01-PI;;;
728896;01/11/2025;s�bado;07:40:00;PB;101;83;BAYEUX;Rea��o tardia ou ineficiente do condutor;Colis�o com objeto;Com V�timas Feridas;Pleno dia;Decrescente;C�u Claro;Dupla;Aclive;N�o;1;0;0;1;0;0;1;1;-7,13228;-34,931197;SPRF-PB;DEL01-PB;UOP01-DEL01-PB;;;
728897;01/11/2025;s�bado;08:00:00;RJ;40;52,6;PETROPOLIS;Aus�ncia de rea��o do condutor;Capotamento;Com V�timas Feridas;Pleno dia;Decrescente;Nublado;Dupla;"Curva;Declive";N�o;1;0;1;0;0;0;1;1;-22,340775;-43,133858;SPRF-RJ;DEL05-RJ;UOP02-DEL05-RJ;;;
728898;01/11/2025;s�bado;05:00:00;MG;365;626;UBERLANDIA;Chuva;Colis�o com objeto;Sem V�timas;Amanhecer;Decrescente;Chuva;Dupla;Reta;Sim;1;0;0;0;0;1;0;1;-18,907741;-48,314956;SPRF-MG;DEL15-MG;UOP01-DEL15-MG;;;
728900;01/11/2025;s�bado;08:17:00;MG;116;277;TEOFILO OTONI;Acesso irregular;Colis�o lateral mesmo sentido;Com V�timas Feridas;Pleno dia;Crescente;C�u Claro;Simples;Reta;Sim;4;0;0;1;3;0;1;2;-17,860134;-41,515171;SPRF-MG;DEL11-MG;UOP01-DEL11-MG;;;
728902;01/11/2025;s�bado;08:00:00;MT;364;211;RONDONOPOLIS;Aus�ncia de rea��o do condutor;Sa�da de leito carro��vel;Com V�timas Feridas;Pleno dia;Decrescente;C�u Claro;Dupla;Curva;N�o;2;0;2;0;0;0;2;1;-16,421044;-54,702923;SPRF-MT;DEL02-MT;UOP01-DEL02-MT;;;
728903;01/11/2025;s�bado;08:50:00;MT;364;435;VARZEA GRANDE;Rea��o tardia ou ineficiente do condutor;Colis�o lateral mesmo sentido;Com V�timas Feridas;Pleno dia;Crescente;C�u Claro;Dupla;Reta;Sim;3;0;2;0;1;0;2;2;-15,64833996;-56,19684251;SPRF-MT;DEL01-MT;UOP02-DEL01-MT;;;
728904;29/10/2025;quarta-feira;07:00:00;SC;101;361;SANGAO;Acumulo de �gua sobre o pavimento;Tombamento;Com V�timas Feridas;Amanhecer;Crescente;Chuva;Dupla;Reta;Sim;1;0;1;0;0;0;1;1;-28,64173004;-49,10320044;SPRF-SC;DEL02-SC;UOP01-DEL02-SC;;;
728905;01/11/2025;s�bado;08:30:00;PA;316;114;SANTA MARIA DO PARA;Mal s�bito do condutor;Sa�da de leito carro��vel;Com V�timas Fatais;Pleno dia;Crescente;C�u Claro;Simples;Reta;N�o;3;1;0;0;2;0;0;1;-1,316765;-47,4860283;SPRF-PA;DEL01-PA;UOP02-DEL01-PA;;;
728906;01/11/2025;s�bado;09:00:00;PE;423;93,4;GARANHUNS;Acessar a via sem observar a presen�a dos outros ve�culos;Colis�o transversal;Com V�timas Feridas;Pleno dia;Crescente;C�u Claro;Simples;"Interse��o de Vias;Retorno Regulamentado;Reta";Sim;2;0;1;0;1;0;1;2;-8,871848;-36,466583;SPRF-PE;DEL03-PE;UOP01-DEL03-PE;;;
728907;01/11/2025;s�bado;09:36:00;MG;40;44;PARACATU;Acesso irregular;Colis�o transversal;Sem V�timas;Pleno dia;Decrescente;C�u Claro;Simples;Rotat�ria;Sim;5;0;0;0;5;0;0;2;-17,23128585;-46,85278416;SPRF-MG;DEL14-MG;UOP01-DEL14-MG;;;
728909;01/11/2025;s�bado;09:30:00;RJ;101;305;SAO GONCALO;Frear bruscamente;Colis�o lateral mesmo sentido;Com V�timas Feridas;Pleno dia;Decrescente;C�u Claro;Simples;Reta;Sim;2;0;1;0;1;0;1;2;-22,79212687;-43,01885605;SPRF-RJ;DEL02-RJ;UOP02-DEL02-RJ;;;
728910;01/11/2025;s�bado;09:40:00;RJ;493;49;DUQUE DE CAXIAS;Demais falhas mec�nicas ou el�tricas;Inc�ndio;Sem V�timas;Pleno dia;Crescente;C�u Claro;Dupla;Reta;N�o;1;0;0;0;1;0;0;1;-22,6708;-43,295775;SPRF-RJ;DEL01-RJ;UOP03-DEL01-RJ;;;
728912;01/11/2025;s�bado;07:00:00;ES;101;270;SERRA;Condutor desrespeitou a ilumina��o vermelha do sem�foro;Atropelamento de Pedestre;Com V�timas Feridas;Pleno dia;Crescente;C�u Claro;Simples;Reta;N�o;2;0;1;0;0;1;1;2;-20,23067133;-40,27337852;SPRF-ES;DEL02-ES;UOP01-DEL02-ES;;;
728913;28/10/2025;ter�a-feira;11:30:00;RJ;101;303;SAO GONCALO;Rea��o tardia ou ineficiente do condutor;Queda de ocupante de ve�culo;Com V�timas Feridas;Pleno dia;Crescente;C�u Claro;Dupla;Reta;Sim;1;0;1;0;0;0;1;1;-22,78279385;-42,97734467;SPRF-RJ;DEL02-RJ;UOP02-DEL02-RJ;;;
728914;01/11/2025;s�bado;08:00:00;SC;101;366,5;SANGAO;Demais falhas mec�nicas ou el�tricas;Sa�da de leito carro��vel;Com V�timas Feridas;Pleno dia;Crescente;C�u Claro;Dupla;Reta;N�o;2;0;0;1;1;0;1;1;-28,65884692;-49,11006689;SPRF-SC;DEL02-SC;UOP01-DEL02-SC;;;
728915;01/11/2025;s�bado;10:20:00;RS;290;19;SANTO ANTONIO DA PATRULHA;Rea��o tardia ou ineficiente do condutor;Colis�o traseira;Com V�timas Feridas;Pleno dia;Crescente;C�u Claro;Dupla;Reta;N�o;2;0;1;0;1;0;1;2;-29,88470894;-50,44303894;SPRF-RS;DEL03-RS;UOP01-DEL03-RS;;;
728916;01/11/2025;s�bado;11:00:00;RS;116;203,1;PICADA CAFE;Rea��o tardia ou ineficiente do condutor;Sa�da de leito carro��vel;Com V�timas Feridas;Pleno dia;Decrescente;Sol;Simples;Curva;N�o;1;0;1;0;0;0;1;1;-29,47569418;-51,14556359;SPRF-RS;DEL05-RS;UOP02-DEL05-RS;;;
728917;01/11/2025;s�bado;10:40:00;RS;471;173;RIO PARDO;Acessar a via sem observar a presen�a dos outros ve�culos;Colis�o transversal;Com V�timas Feridas;Pleno dia;Crescente;C�u Claro;Simples;Interse��o de Vias;Sim;3;0;1;0;2;0;1;2;-29,97408177;-52,37107515;SPRF-RS;DEL02-RS;UOP03-DEL02-RS;;;
728918;01/11/2025;s�bado;09:30:00;RS;116;231;ESTANCIA VELHA;Aus�ncia de rea��o do condutor;Tombamento;Com V�timas Feridas;Pleno dia;Decrescente;C�u Claro;Dupla;Curva;Sim;1;0;1;0;0;0;1;1;-29,62804231;-51,13897152;SPRF-RS;DEL01-RS;UOP02-DEL01-RS;;;
728919;01/11/2025;s�bado;09:40:00;SC;280;82;CORUPA;Aus�ncia de rea��o do condutor;Tombamento;Com V�timas Feridas;Pleno dia;Decrescente;C�u Claro;Simples;Reta;Sim;1;0;1;0;0;0;1;1;-26,43573558;-49,2441511;SPRF-SC;DEL06-SC;UOP03-DEL06-SC;;;
728920;01/11/2025;s�bado;09:42:00;SC;280;82;CORUPA;Aus�ncia de rea��o do condutor;Queda de ocupante de ve�culo;Com V�timas Feridas;Pleno dia;Decrescente;C�u Claro;Simples;Reta;N�o;1;0;1;0;0;0;1;1;-26,43553009;-49,24501974;SPRF-SC;DEL06-SC;UOP03-DEL06-SC;;;
728921;01/11/2025;s�bado;11:41:00;PB;230;42;SANTA RITA;Aus�ncia de rea��o do condutor;Sa�da de leito carro��vel;Com V�timas Feridas;Pleno dia;Crescente;C�u Claro;M�ltipla;Curva;Sim;1;0;1;0;0;0;1;1;-7,141893;-34,992938;SPRF-PB;DEL01-PB;UOP02-DEL01-PB;;;
728922;01/11/2025;s�bado;10:15:00;MG;116;548,7;SANTA BARBARA DO LESTE;Curva acentuada;Sa�da de leito carro��vel;Com V�timas Feridas;Pleno dia;Crescente;Nublado;Simples;Curva;N�o;2;0;2;0;0;0;2;1;-19,956582;-42,1313;SPRF-MG;DEL06-MG;UOP02-DEL06-MG;;;
728923;01/11/2025;s�bado;11:24:00;PI;343;591,6;FLORIANO;Manobra de mudan�a de faixa;Colis�o lateral mesmo sentido;Com V�timas Feridas;Pleno dia;Crescente;Sol;Dupla;"Declive;Reta";Sim;3;0;1;1;1;0;2;2;-6,77889813;-43,02747086;SPRF-PI;DEL03-PI;UOP01-DEL03-PI;;;
728924;01/11/2025;s�bado;11:40:00;BA;324;516;FEIRA DE SANTANA;Acessar a via sem observar a presen�a dos outros ve�culos;Colis�o transversal;Com V�timas Feridas;Pleno dia;Crescente;C�u Claro;Simples;Reta;Sim;2;0;1;0;1;0;1;2;-12,247993;-38,934139;SPRF-BA;DEL02-BA;UOP01-DEL02-BA;;;
728925;01/11/2025;s�bado;11:40:00;BA;101;254;CONCEICAO DO ALMEIDA;Transitar na contram�o;Colis�o frontal;Com V�timas Fatais;Pleno dia;Decrescente;C�u Claro;Simples;Declive;N�o;5;1;4;0;0;0;4;2;-12,8986069;-39,234141;SPRF-BA;DEL01-BA;UOP02-DEL01-BA;;;
728926;01/11/2025;s�bado;12:35:00;SE;101;0;PROPRIA;Afundamento ou ondula��o no pavimento;Queda de ocupante de ve�culo;Com V�timas Feridas;Pleno dia;Decrescente;C�u Claro;Dupla;Reta;N�o;1;0;0;1;0;0;1;1;-10,2237603;-36,8164476;SPRF-SE;DEL02-SE;UOP02-DEL02-SE;;;
728927;01/11/2025;s�bado;12:30:00;PB;230;36,2;SANTA RITA;Aus�ncia de rea��o do condutor;Queda de ocupante de ve�culo;Com V�timas Feridas;Pleno dia;Crescente;C�u Claro;Dupla;Reta;N�o;1;0;0;1;0;0;1;1;-7,131;-34,957;SPRF-PB;DEL01-PB;UOP02-DEL01-PB;;;
728928;01/11/2025;s�bado;11:35:00;MG;262;408,6;IGARATINGA;Aus�ncia de rea��o do condutor;Sa�da de leito carro��vel;Com V�timas Fatais;Pleno dia;Decrescente;C�u Claro;Dupla;Reta;N�o;1;1;0;0;0;0;0;1;-19,89247;-44,70712;SPRF-MG;DEL08-MG;UOP03-DEL08-MG;;;
728929;01/11/2025;s�bado;11:30:00;SC;280;115,4;SAO BENTO DO SUL;Acessar a via sem observar a presen�a dos outros ve�culos;Colis�o frontal;Com V�timas Feridas;Pleno dia;Crescente;Nublado;Simples;"Curva;Interse��o de Vias";Sim;2;0;0;1;1;0;1;2;-26,28261168;-49,41152271;SPRF-SC;DEL06-SC;UOP03-DEL06-SC;;;
728931;01/11/2025;s�bado;12:00:00;SP;116;307;SAO LOURENCO DA SERRA;Avarias e/ou desgaste excessivo no pneu;Tombamento;Com V�timas Feridas;Pleno dia;Decrescente;C�u Claro;Dupla;Reta;Sim;2;0;2;0;0;0;2;1;-23,8523514;-46,9391532;SPRF-SP;DEL04-SP;UOP01-DEL04-SP;;;
728933;01/11/2025;s�bado;12:00:00;PE;101;74;RECIFE;Rea��o tardia ou ineficiente do condutor;Colis�o traseira;Sem V�timas;Pleno dia;Crescente;C�u Claro;Dupla;"Declive;Reta";Sim;4;0;0;0;3;1;0;2;-8,1081471;-34,9477641;SPRF-PE;DEL01-PE;UOP01-DEL01-PE;;;
728934;01/11/2025;s�bado;10:00:00;PE;104;69,3;CARUARU;Aus�ncia de rea��o do condutor;Colis�o traseira;Com V�timas Feridas;Pleno dia;Crescente;C�u Claro;Dupla;Reta;N�o;1;0;1;0;0;0;1;1;-8,313652;-35,991444;SPRF-PE;DEL02-PE;UOP01-DEL02-PE;;;
728935;01/11/2025;s�bado;13:20:00;PA;316;11;MARITUBA;Aus�ncia de rea��o do condutor;Colis�o traseira;Sem V�timas;Pleno dia;Crescente;C�u Claro;Dupla;Reta;Sim;3;0;0;0;3;0;0;2;-1,365418;-48,341959;SPRF-PA;DEL01-PA;UOP01-DEL01-PA;;;
728937;01/11/2025;s�bado;08:30:00;MG;262;678;ARAXA;Acessar a via sem observar a presen�a dos outros ve�culos;Colis�o transversal;Com V�timas Feridas;Pleno dia;Crescente;Nublado;Simples;Interse��o de Vias;N�o;2;0;1;0;1;0;1;2;-19,55434874;-46,96461313;SPRF-MG;DEL08-MG;UOP01-DEL08-MG;;;
728939;01/11/2025;s�bado;14:20:00;MG;381;485;BETIM;Aus�ncia de rea��o do condutor;Queda de ocupante de ve�culo;Com V�timas Feridas;Pleno dia;Crescente;C�u Claro;M�ltipla;"Aclive;Reta";N�o;2;0;0;1;1;0;1;1;-19,95607131;-44,10472004;SPRF-MG;DEL01-MG;UOP03-DEL01-MG;;;
728940;01/11/2025;s�bado;15:10:00;PI;402;33;PARNAIBA;Acessar a via sem observar a presen�a dos outros ve�culos;Colis�o transversal;Com V�timas Feridas;Pleno dia;Crescente;C�u Claro;Simples;Reta;Sim;2;0;1;0;1;0;1;2;-2,93495939;-41,74674559;SPRF-PI;DEL05-PI;UOP01-DEL05-PI;;;
728943;01/11/2025;s�bado;12:40:00;SC;101;339;TUBARAO;Animais na Pista;Colis�o com objeto;Com V�timas Feridas;Pleno dia;Crescente;C�u Claro;Dupla;Reta;N�o;1;0;0;1;0;0;1;1;-28,54362838;-49,05364456;SPRF-SC;DEL02-SC;UOP01-DEL02-SC;;;
728944;01/11/2025;s�bado;14:45:00;SP;381;88;GUARULHOS;Rea��o tardia ou ineficiente do condutor;Colis�o traseira;Com V�timas Feridas;Pleno dia;Decrescente;C�u Claro;M�ltipla;Reta;Sim;2;0;1;0;1;0;1;2;-23,48503228;-46,55943766;SPRF-SP;DEL03-SP;UOP01-DEL03-SP;;;
728946;01/11/2025;s�bado;09:20:00;MG;116;651,5;FERVEDOURO;Acessar a via sem observar a presen�a dos outros ve�culos;Colis�o transversal;Com V�timas Feridas;Pleno dia;Decrescente;C�u Claro;Simples;Reta;Sim;2;0;1;0;1;0;1;2;-20,73097487;-42,28321413;SPRF-MG;DEL07-MG;UOP02-DEL07-MG;;;
728947;01/11/2025;s�bado;15:30:00;MG;459;65,9;IPUIUNA;Acumulo de �gua sobre o pavimento;Sa�da de leito carro��vel;Com V�timas Feridas;Pleno dia;Decrescente;Chuva;Simples;"Declive;Curva";N�o;5;0;3;1;1;0;4;1;-22,109272;-46,17873;SPRF-MG;DEL09-MG;UOP01-DEL09-MG;;;
728948;01/11/2025;s�bado;13:30:00;MG;40;627;CONSELHEIRO LAFAIETE;Aus�ncia de rea��o do condutor;Tombamento;Com V�timas Feridas;Pleno dia;Decrescente;Sol;Simples;Curva;Sim;1;0;1;0;0;0;1;1;-20,63981195;-43,81404139;SPRF-MG;DEL05-MG;UOP02-DEL05-MG;;;
728949;01/11/2025;s�bado;15:25:00;SC;101;207,6;SAO JOSE;Rea��o tardia ou ineficiente do condutor;Colis�o lateral mesmo sentido;Com V�timas Feridas;Pleno dia;Crescente;C�u Claro;Simples;Reta;Sim;3;0;2;0;1;0;2;2;-27,60409043;-48,63345411;SPRF-SC;DEL01-SC;UOP01-DEL01-SC;;;
728950;01/11/2025;s�bado;07:40:00;MT;163;1027;PEIXOTO DE AZEVEDO;Aus�ncia de rea��o do condutor;Sa�da de leito carro��vel;Com V�timas Feridas;Pleno dia;Decrescente;C�u Claro;Simples;"Declive;Reta";N�o;1;0;1;0;0;0;1;1;-10,265;-55,006;SPRF-MT;DEL06-MT;UOP03-DEL06-MT;;;
728951;24/10/2025;sexta-feira;17:30:00;MG;40;519;CONTAGEM;Trafegar com motocicleta (ou similar) entre as faixas;Colis�o traseira;Com V�timas Feridas;Plena Noite;Decrescente;C�u Claro;Dupla;Reta;N�o;2;0;1;0;1;0;1;2;-19,843564;-44,074522;SPRF-MG;DEL01-MG;UOP02-DEL01-MG;;;
728952;01/11/2025;s�bado;15:18:00;SP;153;63,3;SAO JOSE DO RIO PRETO;Carga excessiva e/ou mal acondicionada;Colis�o com objeto;Com V�timas Feridas;Pleno dia;Decrescente;C�u Claro;Dupla;Declive;Sim;2;0;1;0;0;1;1;2;-20,81989617;-49,35744233;SPRF-SP;DEL09-SP;UOP01-DEL09-SP;;;
728953;01/11/2025;s�bado;16:15:00;RS;290;106;ELDORADO DO SUL;Rea��o tardia ou ineficiente do condutor;Colis�o traseira;Com V�timas Feridas;Pleno dia;Decrescente;Sol;Dupla;Reta;Sim;5;0;3;0;2;0;3;2;-30,00189752;-51,30440265;SPRF-RS;DEL02-RS;UOP01-DEL02-RS;;;
728954;01/11/2025;s�bado;15:30:00;ES;101;65;SAO MATEUS;Rea��o tardia ou ineficiente do condutor;Tombamento;Com V�timas Feridas;Pleno dia;Crescente;C�u Claro;Simples;Reta;Sim;2;0;1;0;0;1;1;2;-18,714378;-39,877271;SPRF-ES;DEL04-ES;UOP02-DEL04-ES;;;
728956;01/11/2025;s�bado;16:25:00;RJ;465;20;NOVA IGUACU;Aus�ncia de rea��o do condutor;Colis�o traseira;Com V�timas Feridas;Pleno dia;Decrescente;C�u Claro;Simples;Reta;Sim;3;0;1;0;2;0;1;2;-22,8478184;-43,60472426;SPRF-RJ;DEL06-RJ;UOP02-DEL06-RJ;;;
728957;01/11/2025;s�bado;16:30:00;ES;101;399,6;ITAPEMIRIM;Acessar a via sem observar a presen�a dos outros ve�culos;Colis�o lateral mesmo sentido;Com V�timas Feridas;Anoitecer;Crescente;Nublado;Simples;Reta;N�o;2;0;2;0;0;0;2;2;-20,8785333;-40,9660825;SPRF-ES;DEL03-ES;UOP02-DEL03-ES;;;
728959;01/11/2025;s�bado;15:17:00;MS;60;403,8;SIDROLANDIA;Aus�ncia de rea��o do condutor;Colis�o traseira;Com V�timas Feridas;Pleno dia;Crescente;C�u Claro;Simples;Reta;N�o;3;0;2;0;1;0;2;2;-20,831409;-54,805338;SPRF-MS;DEL01-MS;UOP04-DEL01-MS;;;
728960;01/11/2025;s�bado;16:30:00;DF;20;3;BRASILIA;Avarias e/ou desgaste excessivo no pneu;Tombamento;Com V�timas Feridas;Pleno dia;Crescente;C�u Claro;Dupla;"Declive;Reta";Sim;2;0;2;0;0;0;2;1;-15,679917;-47,831528;SPRF-DF;DEL02-DF;UOP01-DEL02-DF;;;
728961;01/11/2025;s�bado;16:40:00;RS;290;16;SANTO ANTONIO DA PATRULHA;Avarias e/ou desgaste excessivo no pneu;Tombamento;Com V�timas Feridas;Pleno dia;Crescente;C�u Claro;Dupla;Curva;N�o;2;0;1;0;1;0;1;1;-29,88991296;-50,46571819;SPRF-RS;DEL03-RS;UOP01-DEL03-RS;;;
728962;01/11/2025;s�bado;15:30:00;MG;40;685,3;RESSAQUINHA;Avarias e/ou desgaste excessivo no pneu;Tombamento;Com V�timas Feridas;Pleno dia;Decrescente;C�u Claro;Simples;Curva;N�o;2;0;2;0;0;0;2;1;-21,08832566;-43,77217981;SPRF-MG;DEL05-MG;UOP02-DEL05-MG;;;
728965;01/11/2025;s�bado;15:45:00;RO;319;141;PORTO VELHO;Animais na Pista;Atropelamento de Animal;Com V�timas Feridas;Pleno dia;Crescente;C�u Claro;M�ltipla;Reta;Sim;2;0;2;0;0;0;2;1;-8,7467087;-63,88880102;SPRF-RO;DEL01-RO;UOP01-DEL01-RO;;;
728967;01/11/2025;s�bado;16:30:00;RJ;40;30;AREAL;Manobra de mudan�a de faixa;Colis�o transversal;Com V�timas Feridas;Pleno dia;Decrescente;Nublado;Simples;"Curva;Retorno Regulamentado";N�o;4;0;2;0;2;0;2;2;-22,19090736;-43,16291541;SPRF-RJ;DEL05-RJ;UOP02-DEL05-RJ;;;
728968;01/11/2025;s�bado;16:20:00;RS;116;293,9;GUAIBA;Condutor Dormindo;Sa�da de leito carro��vel;Com V�timas Feridas;Pleno dia;Crescente;Nublado;Dupla;Reta;N�o;1;0;1;0;0;0;1;1;-30,06513849;-51,3404417;SPRF-RS;DEL02-RS;UOP01-DEL02-RS;;;
728969;01/11/2025;s�bado;17:20:00;MG;364;18,7;FRUTAL;Ultrapassagem Indevida;Sa�da de leito carro��vel;Com V�timas Feridas;Pleno dia;Crescente;C�u Claro;Dupla;"Declive;Reta;Retorno Regulamentado";N�o;1;0;1;0;0;0;1;1;-20,05892;-48,81559;SPRF-MG;DEL13-MG;UOP02-DEL13-MG;;;
728970;01/11/2025;s�bado;17:30:00;RS;285;446,2;BOZANO;Ingest�o de �lcool pelo condutor;Sa�da de leito carro��vel;Com V�timas Feridas;Pleno dia;Crescente;Nublado;Simples;Reta;N�o;3;0;0;3;0;0;3;1;-28,36481859;-53,79936218;SPRF-RS;DEL10-RS;UOP01-DEL10-RS;;;
728971;01/11/2025;s�bado;17:20:00;RS;116;486;TURUCU;Aus�ncia de rea��o do condutor;Colis�o traseira;Com V�timas Feridas;Pleno dia;Decrescente;C�u Claro;Simples;Reta;Sim;7;0;2;1;4;0;3;2;-31,438508;-52,192592;SPRF-RS;DEL07-RS;UOP01-DEL07-RS;;;
728972;01/11/2025;s�bado;17:40:00;SE;235;28,7;AREIA BRANCA;Velocidade Incompat�vel;Sa�da de leito carro��vel;Com V�timas Feridas;Anoitecer;Decrescente;Nublado;Simples;"Curva;Declive";N�o;1;0;0;1;0;0;1;1;-10,791762;-37,281788;SPRF-SE;DEL01-SE;UOP02-DEL01-SE;;;
728973;01/11/2025;s�bado;15:00:00;RJ;101;486;ANGRA DOS REIS;Condutor deixou de manter dist�ncia do ve�culo da frente;Colis�o traseira;Com V�timas Feridas;Pleno dia;Crescente;Nublado;Dupla;Reta;Sim;3;0;1;0;2;0;1;2;-22,984828;-44,296536;SPRF-RJ;DEL03-RJ;UOP03-DEL03-RJ;;;
728974;01/11/2025;s�bado;17:30:00;MG;50;78,9;UBERLANDIA;Acumulo de areia ou detritos sobre o pavimento;Tombamento;Com V�timas Feridas;Pleno dia;Crescente;Sol;Dupla;"Aclive;Reta";Sim;1;0;1;0;0;0;1;1;-18,95931865;-48,21633573;SPRF-MG;DEL15-MG;UOP01-DEL15-MG;;;
728975;01/11/2025;s�bado;18:10:00;SC;470;141;RIO DO SUL;Rea��o tardia ou ineficiente do condutor;Colis�o lateral sentido oposto;Com V�timas Feridas;Pleno dia;Crescente;C�u Claro;Simples;"Reta;Ponte";Sim;2;0;1;0;1;0;1;2;-27,208329;-49,650431;SPRF-SC;DEL04-SC;UOP02-DEL04-SC;;;
728977;01/11/2025;s�bado;17:10:00;RS;116;213;MORRO REUTER;Rea��o tardia ou ineficiente do condutor;Sa�da de leito carro��vel;Com V�timas Feridas;Pleno dia;Crescente;C�u Claro;Simples;Curva;N�o;1;0;1;0;0;0;1;1;-29,5246496;-51,087347;SPRF-RS;DEL05-RS;UOP02-DEL05-RS;;;
728980;01/11/2025;s�bado;15:50:00;MA;135;14;SAO LUIS;Acesso irregular;Atropelamento de Pedestre;Com V�timas Feridas;Pleno dia;Crescente;C�u Claro;Dupla;"Reta;Desvio Tempor�rio";Sim;3;0;1;1;0;1;2;2;-2,688028;-44,299978;SPRF-MA;DEL01-MA;UOP01-DEL01-MA;;;
728981;01/11/2025;s�bado;17:50:00;MT;70;552;NOSSA SENHORA DO LIVRAMENTO;Aus�ncia de rea��o do condutor;Sa�da de leito carro��vel;Com V�timas Fatais;Anoitecer;Decrescente;C�u Claro;Simples;Reta;N�o;1;1;0;0;0;0;0;1;-15,700198;-56,42096;SPRF-MT;DEL03-MT;UOP02-DEL03-MT;;;
728982;01/11/2025;s�bado;17:15:00;AL;316;239,4;ATALAIA;Ingest�o de �lcool pelo condutor;Tombamento;Com V�timas Feridas;Anoitecer;Decrescente;C�u Claro;Simples;Reta;N�o;2;0;1;0;0;1;1;2;-9,506366;-36,039639;SPRF-AL;DEL01-AL;UOP01-DEL01-AL;;;
728984;01/11/2025;s�bado;13:30:00;TO;10;143;PARANA;Rea��o tardia ou ineficiente do condutor;Colis�o frontal;Com V�timas Fatais;Pleno dia;Crescente;Nublado;Simples;Reta;N�o;2;1;1;0;0;0;1;2;-12,40841;-47,77499;SPRF-TO;DEL01-TO;UOP03-DEL01-TO;;;
728985;01/11/2025;s�bado;18:50:00;RS;116;213,2;MORRO REUTER;Transitar na contram�o;Colis�o lateral sentido oposto;Sem V�timas;Pleno dia;Decrescente;C�u Claro;Simples;Curva;N�o;3;0;0;0;3;0;0;3;-29,5246496;-51,087347;SPRF-RS;DEL05-RS;UOP02-DEL05-RS;;;