id;data_inversa;dia_semana;horario;uf;br;km;municipio;causa_acidente;tipo_acidente;classificacao_acidente;fase_dia;sentido_via;condicao_metereologica;tipo_pista;tracado_via;uso_solo;pessoas;mortos;feridos_leves;feridos_graves;ilesos;ignorados;feridos;veiculos;latitude;longitude;regional;delegacia;uop;;;
728986;01/11/2025;s�bado;18:15:00;DF;40;7,8;BRASILIA;Rea��o tardia ou ineficiente do condutor;Tombamento;Com V�timas Feridas;Plena Noite;Crescente;C�u Claro;Dupla;Reta;Sim;2;0;0;1;1;0;1;1;-16,046228;-47,980878;SPRF-DF;DEL01-DF;UOP01-DEL01-DF;;;
728987;01/11/2025;s�bado;17:00:00;SC;101;74,9;ARAQUARI;Aus�ncia de rea��o do condutor;Colis�o com objeto;Sem V�timas;Pleno dia;Crescente;Nublado;M�ltipla;Curva;N�o;1;0;0;0;1;0;0;1;-26,551436;-48,716277;SPRF-SC;DEL03-SC;UOP02-DEL03-SC;;;
728989;01/11/2025;s�bado;18:27:00;MG;40;523;CONTAGEM;Trafegar com motocicleta (ou similar) entre as faixas;Colis�o lateral mesmo sentido;Com V�timas Feridas;Plena Noite;Crescente;C�u Claro;Dupla;Curva;N�o;2;0;1;0;1;0;1;2;-19,861243;-44,070712;SPRF-MG;DEL01-MG;UOP02-DEL01-MG;;;
728990;06/09/2025;s�bado;06:35:00;PB;104;130;CAMPINA GRANDE;Acumulo de areia ou detritos sobre o pavimento;Tombamento;Com V�timas Feridas;Pleno dia;Crescente;Nublado;Simples;Reta;N�o;3;0;0;2;1;0;2;2;-7,280697;-35,89056833;SPRF-PB;DEL02-PB;UOP01-DEL02-PB;;;
728991;01/11/2025;s�bado;17:40:00;PB;230;84;GURINHEM;Acesso irregular;Colis�o transversal;Com V�timas Feridas;Plena Noite;Decrescente;C�u Claro;Dupla;Reta;N�o;2;0;0;1;1;0;1;2;-7,16761;-35,3544;SPRF-PB;DEL01-PB;UOP02-DEL01-PB;;;
728992;01/11/2025;s�bado;19:00:00;GO;60;187,1;GUAPO;Animais na Pista;Atropelamento de Animal;Com V�timas Feridas;Plena Noite;Decrescente;C�u Claro;Dupla;"Reta;Declive";Sim;2;0;1;1;0;0;2;1;-16,83546;-49,541181;SPRF-GO;DEL01-GO;UOP02-DEL01-GO;;;
728993;01/11/2025;s�bado;15:10:00;GO;60;338;SANTO ANTONIO DA BARRA;Condutor Dormindo;Colis�o com objeto;Com V�timas Feridas;Pleno dia;Crescente;C�u Claro;M�ltipla;Reta;N�o;1;0;1;0;0;0;1;1;-17,555947;-50,612912;SPRF-GO;DEL04-GO;UOP02-DEL04-GO;;;
728995;01/11/2025;s�bado;14:00:00;GO;452;39;SANTA HELENA DE GOIAS;Desrespeitar a prefer�ncia no cruzamento;Colis�o transversal;Com V�timas Feridas;Pleno dia;Crescente;Nublado;Simples;"Retorno Regulamentado;Reta;Interse��o de Vias";N�o;3;0;1;0;2;0;1;2;-17,92463;-50,56614;SPRF-GO;DEL04-GO;UOP01-DEL04-GO;;;
728996;01/11/2025;s�bado;16:00:00;BA;101;791;ITAMARAJU;Aus�ncia de rea��o do condutor;Tombamento;Com V�timas Feridas;Pleno dia;Decrescente;C�u Claro;Simples;"Reta;Aclive";N�o;1;0;1;0;0;0;1;1;-16,8947;-39,521303;SPRF-BA;DEL09-BA;UOP01-DEL09-BA;;;
728999;01/11/2025;s�bado;18:26:00;PB;101;81;BAYEUX;Ingest�o de �lcool pelo condutor;Sa�da de leito carro��vel;Sem V�timas;Plena Noite;Decrescente;C�u Claro;M�ltipla;"Retorno Regulamentado;Reta;Declive";Sim;1;0;0;0;1;0;0;1;-7,12614558;-34,94266033;SPRF-PB;DEL01-PB;UOP01-DEL01-PB;;;
729000;01/11/2025;s�bado;19:42:00;SP;116;184;SANTA ISABEL;Aus�ncia de rea��o do condutor;Colis�o com objeto;Com V�timas Feridas;Plena Noite;Decrescente;Nublado;M�ltipla;Reta;Sim;3;0;1;2;0;0;3;1;-23,35225123;-46,18584095;SPRF-SP;DEL01-SP;UOP01-DEL01-SP;;;
729001;01/11/2025;s�bado;19:40:00;ES;101;296;CARIACICA;Rea��o tardia ou ineficiente do condutor;Colis�o traseira;Com V�timas Feridas;Plena Noite;Decrescente;C�u Claro;Dupla;Reta;Sim;4;0;0;1;3;0;1;2;-20,3383642;-40,4025451;SPRF-ES;DEL01-ES;UOP01-DEL01-ES;;;
729003;01/11/2025;s�bado;19:21:00;RJ;101;475;ANGRA DOS REIS;Manobra de mudan�a de faixa;Colis�o lateral mesmo sentido;Com V�timas Feridas;Plena Noite;Crescente;C�u Claro;Simples;Curva;Sim;1;0;0;1;0;0;1;1;-22,99916763;-44,26494598;SPRF-RJ;DEL03-RJ;UOP03-DEL03-RJ;;;
729004;01/11/2025;s�bado;01:00:00;SC;282;118,8;ALFREDO WAGNER;Condutor Dormindo;Sa�da de leito carro��vel;Sem V�timas;Plena Noite;Decrescente;Ignorado;Simples;Reta;N�o;1;0;0;0;0;1;0;1;-27,783838;-49,416436;SPRF-SC;DEL05-SC;UOP01-DEL05-SC;;;
729005;01/11/2025;s�bado;18:45:00;GO;153;597;PIRACANJUBA;Velocidade Incompat�vel;Sa�da de leito carro��vel;Com V�timas Feridas;Plena Noite;Crescente;Chuva;Dupla;"Declive;Curva";N�o;5;0;3;0;2;0;3;1;-17,515819;-49,216448;SPRF-GO;DEL03-GO;UOP01-DEL03-GO;;;
729006;01/11/2025;s�bado;20:00:00;RS;158;154;PANAMBI;Ingest�o de �lcool pelo condutor;Colis�o com objeto;Com V�timas Feridas;Plena Noite;Crescente;Chuva;Simples;Curva;Sim;1;0;0;1;0;0;1;1;-28,30725654;-53,49205462;SPRF-RS;DEL10-RS;UOP02-DEL10-RS;;;
729007;01/11/2025;s�bado;19:40:00;PR;277;2;CURITIBA;Condutor deixou de manter dist�ncia do ve�culo da frente;Colis�o traseira;Com V�timas Feridas;Plena Noite;Decrescente;Chuva;Dupla;"Aclive;Reta";Sim;3;0;2;0;1;0;2;2;-25,430242;-49,345855;SPRF-PR;DEL01-PR;UOP06-DEL01-PR;;;
729008;01/11/2025;s�bado;20:19:00;PE;232;20,6;MORENO;Demais falhas mec�nicas ou el�tricas;Inc�ndio;Sem V�timas;Plena Noite;Decrescente;C�u Claro;Dupla;Reta;N�o;2;0;0;0;2;0;0;1;-8,0957388;-35,07805824;SPRF-PE;DEL01-PE;UOP01-DEL01-PE;;;
729009;01/11/2025;s�bado;19:10:00;PE;232;99,1;BEZERROS;Acessar a via sem observar a presen�a dos outros ve�culos;Colis�o transversal;Com V�timas Feridas;Plena Noite;Decrescente;C�u Claro;M�ltipla;Reta;Sim;2;0;0;1;1;0;1;2;-8,23788788;-35,73970556;SPRF-PE;DEL02-PE;UOP03-DEL02-PE;;;
729010;01/11/2025;s�bado;18:20:00;RS;290;145;ELDORADO DO SUL;Acessar a via sem observar a presen�a dos outros ve�culos;Colis�o traseira;Com V�timas Feridas;Pleno dia;Crescente;C�u Claro;Simples;"Interse��o de Vias;Declive;Reta";Sim;5;0;2;0;3;0;2;3;-30,1020655;-51,6616582;SPRF-RS;DEL02-RS;UOP01-DEL02-RS;;;
729011;01/11/2025;s�bado;18:08:00;MT;364;54,3;ALTO GARCAS;Curva acentuada;Sa�da de leito carro��vel;Sem V�timas;Plena Noite;Crescente;C�u Claro;Simples;Curva;N�o;1;0;0;0;1;0;0;1;-17,0254057;-53,4887423;SPRF-MT;DEL02-MT;UOP02-DEL02-MT;;;
729012;01/11/2025;s�bado;19:26:00;RN;226;61;SENADOR ELOI DE SOUZA;Aus�ncia de rea��o do condutor;Colis�o traseira;Com V�timas Feridas;Plena Noite;Decrescente;C�u Claro;Simples;Reta;Sim;6;0;3;0;3;0;3;2;-6,04902986;-35,67428902;SPRF-RN;DEL01-RN;UOP02-DEL01-RN;;;
729013;01/11/2025;s�bado;20:00:00;PI;316;3;TERESINA;Manobra de mudan�a de faixa;Colis�o traseira;Sem V�timas;Plena Noite;Decrescente;C�u Claro;M�ltipla;Reta;Sim;19;0;0;0;3;16;0;18;-5,13108146;-42,79156566;SPRF-PI;DEL01-PI;UOP02-DEL01-PI;;;
729014;01/11/2025;s�bado;19:50:00;PE;423;38,8;CACHOEIRINHA;Acessar a via sem observar a presen�a dos outros ve�culos;Colis�o transversal;Com V�timas Fatais;Plena Noite;Crescente;C�u Claro;Simples;Reta;Sim;2;1;0;0;1;0;0;2;-8,488893;-36,23188;SPRF-PE;DEL03-PE;UOP02-DEL03-PE;;;
729015;01/11/2025;s�bado;20:40:00;SP;101;46;UBATUBA;Rea��o tardia ou ineficiente do condutor;Engavetamento;Com V�timas Feridas;Plena Noite;Crescente;C�u Claro;Simples;Reta;Sim;3;0;1;0;0;2;1;3;-23,429234;-45,080769;SPRF-SP;DEL06-SP;UOP01-DEL06-SP;;;
729017;01/11/2025;s�bado;19:30:00;GO;50;245,2;CATALAO;Ingest�o de �lcool pelo condutor;Colis�o com objeto;Sem V�timas;Plena Noite;Decrescente;C�u Claro;Dupla;"Declive;Reta";Sim;1;0;0;0;1;0;0;1;-17,927998;-47,78746;SPRF-GO;DEL06-GO;UOP01-DEL06-GO;;;
729019;01/11/2025;s�bado;20:05:00;SE;235;15;NOSSA SENHORA DO SOCORRO;Acessar a via sem observar a presen�a dos outros ve�culos;Colis�o transversal;Com V�timas Feridas;Plena Noite;Decrescente;Nublado;Simples;"Interse��o de Vias;Reta";N�o;2;0;1;0;1;0;1;2;-10,85420615;-37,18973843;SPRF-SE;DEL01-SE;UOP01-DEL01-SE;;;
729021;01/11/2025;s�bado;20:15:00;DF;251;32,9;BRASILIA;Aus�ncia de rea��o do condutor;Colis�o traseira;Sem V�timas;Plena Noite;Decrescente;Nublado;Simples;Reta;Sim;3;0;0;0;3;0;0;2;-15,93837;-47,75972;SPRF-DF;DEL01-DF;UOP01-DEL01-DF;;;
729023;01/11/2025;s�bado;19:30:00;PR;376;1,7;MARINGA;Velocidade Incompat�vel;Sa�da de leito carro��vel;Com V�timas Feridas;Pleno dia;Decrescente;Nublado;M�ltipla;Reta;Sim;2;0;1;1;0;0;2;1;-23,39768415;-51,97627544;SPRF-PR;DEL09-PR;UOP01-DEL09-PR;;;
729025;01/11/2025;s�bado;20:05:00;RS;470;351;SAO JERONIMO;Condutor deixou de manter dist�ncia do ve�culo da frente;Colis�o traseira;Sem V�timas;Plena Noite;Decrescente;C�u Claro;Simples;Interse��o de Vias;N�o;3;0;0;0;2;1;0;2;-30,02040845;-51,74657241;SPRF-RS;DEL02-RS;UOP01-DEL02-RS;;;
729026;01/11/2025;s�bado;21:00:00;BA;116;426;FEIRA DE SANTANA;Acostamento em desn�vel;Queda de ocupante de ve�culo;Com V�timas Feridas;Plena Noite;Decrescente;C�u Claro;Dupla;Reta;Sim;1;0;0;1;0;0;1;1;-12,2329327;-38,97331238;SPRF-BA;DEL02-BA;UOP01-DEL02-BA;;;
729027;01/11/2025;s�bado;18:40:00;BA;116;784,9;PLANALTO;Rea��o tardia ou ineficiente do condutor;Tombamento;Com V�timas Feridas;Plena Noite;Decrescente;C�u Claro;Simples;Reta;N�o;1;0;0;1;0;0;1;1;-14,685712;-40,547722;SPRF-BA;DEL08-BA;UOP02-DEL08-BA;;;
729028;01/11/2025;s�bado;20:50:00;RS;290;120;ELDORADO DO SUL;Rea��o tardia ou ineficiente do condutor;Colis�o transversal;Sem V�timas;Plena Noite;Crescente;Nublado;Simples;Reta;N�o;5;0;0;0;5;0;0;2;-30,05098043;-51,41180634;SPRF-RS;DEL02-RS;UOP01-DEL02-RS;;;
729029;01/11/2025;s�bado;20:55:00;RS;470;336,5;TRIUNFO;Animais na Pista;Atropelamento de Animal;Com V�timas Feridas;Plena Noite;Crescente;Nublado;Simples;Reta;N�o;2;0;2;0;0;0;2;1;-29,905902;-51,710397;SPRF-RS;DEL04-RS;UOP02-DEL04-RS;;;
729031;01/11/2025;s�bado;20:20:00;MS;163;500,1;CAMPO GRANDE;Animais na Pista;Atropelamento de Animal;Com V�timas Feridas;Plena Noite;Crescente;Ignorado;Simples;Reta;N�o;1;0;1;0;0;0;1;1;-20,32251446;-54,51673508;SPRF-MS;DEL01-MS;UOP02-DEL01-MS;;;
729032;01/11/2025;s�bado;20:45:00;MG;354;756;ITAMONTE;Acessar a via sem observar a presen�a dos outros ve�culos;Colis�o transversal;Com V�timas Feridas;Plena Noite;Decrescente;Nublado;Simples;Reta;Sim;3;0;2;0;1;0;2;2;-22,30107017;-44,86189663;SPRF-MG;DEL17-MG;UOP01-DEL17-MG;;;
729033;01/11/2025;s�bado;21:50:00;PR;116;166;QUITANDINHA;Demais falhas mec�nicas ou el�tricas;Inc�ndio;Sem V�timas;Plena Noite;Decrescente;Chuva;Simples;Curva;Sim;1;0;0;0;1;0;0;1;-25,876219;-49,488927;SPRF-PR;DEL01-PR;UOP03-DEL01-PR;;;
729034;01/11/2025;s�bado;20:45:00;AL;316;271;MACEIO;Ingest�o de �lcool pelo condutor;Colis�o com objeto;Sem V�timas;Plena Noite;Crescente;C�u Claro;Simples;Reta;Sim;1;0;0;0;1;0;0;1;-9,567324;-35,808207;SPRF-AL;DEL02-AL;UOP01-DEL02-AL;;;
729035;01/11/2025;s�bado;20:40:00;PE;232;431;SERRA TALHADA;Transitar na contram�o;Colis�o frontal;Com V�timas Feridas;Plena Noite;Crescente;C�u Claro;Simples;Reta;N�o;7;0;2;2;3;0;4;2;-8,003578;-38,485844;SPRF-PE;DEL04-PE;UOP01-DEL04-PE;;;
729037;01/11/2025;s�bado;22:25:00;CE;116;23,1;AQUIRAZ;Acessar a via sem observar a presen�a dos outros ve�culos;Colis�o traseira;Sem V�timas;Plena Noite;Decrescente;C�u Claro;Dupla;Curva;N�o;2;0;0;0;2;0;0;2;-3,954349;-38,512586;SPRF-CE;DEL01-CE;UOP02-DEL01-CE;;;
729038;01/11/2025;s�bado;22:35:00;BA;110;2;PAULO AFONSO;Ingest�o de �lcool pelo condutor;Tombamento;Com V�timas Feridas;Plena Noite;Crescente;C�u Claro;Simples;Reta;Sim;1;0;1;0;0;0;1;1;-9,435344;-38,203295;SPRF-BA;DEL07-BA;UOP01-DEL07-BA;;;
729039;01/11/2025;s�bado;22:15:00;PR;373;247;GUAMIRANGA;Rea��o tardia ou ineficiente do condutor;Colis�o frontal;Com V�timas Fatais;Plena Noite;Crescente;Chuva;Simples;Reta;N�o;7;4;1;0;2;0;1;3;-25,190816;-50,824957;SPRF-PR;DEL03-PR;UOP01-DEL03-PR;;;
729040;01/11/2025;s�bado;22:35:00;SP;381;23;ATIBAIA;Aus�ncia de rea��o do condutor;Colis�o traseira;Com V�timas Feridas;Plena Noite;Decrescente;C�u Claro;Dupla;Reta;N�o;2;0;1;0;0;1;1;2;-23,0567522;-46,50984764;SPRF-SP;DEL03-SP;UOP02-DEL03-SP;;;
729041;01/11/2025;s�bado;22:00:00;GO;80;323;BONOPOLIS;Aus�ncia de rea��o do condutor;Colis�o com objeto;Com V�timas Fatais;Plena Noite;Decrescente;C�u Claro;Simples;Reta;N�o;1;1;0;0;0;0;0;1;-13,60657737;-50,07344246;SPRF-GO;DEL07-GO;UOP01-DEL07-GO;;;
729042;01/11/2025;s�bado;18:30:00;MG;365;162;PIRAPORA;Entrada inopinada do pedestre;Atropelamento de Pedestre;Com V�timas Fatais;Plena Noite;Decrescente;Nublado;Simples;Reta;N�o;4;1;0;0;1;2;0;2;-17,3598817;-44,9179067;SPRF-MG;DEL10-MG;UOP02-DEL010-MG;;;
729043;01/11/2025;s�bado;21:40:00;SP;116;402;MIRACATU;Acesso irregular;Colis�o transversal;Com V�timas Feridas;Plena Noite;Decrescente;C�u Claro;Dupla;Reta;N�o;2;0;1;0;1;0;1;2;-24,3129905;-47,5154217;SPRF-SP;DEL04-SP;UOP02-DEL04-SP;;;
729044;01/11/2025;s�bado;22:35:00;SC;282;527,2;XAXIM;Chuva;Sa�da de leito carro��vel;Com V�timas Feridas;Plena Noite;Crescente;Chuva;Simples;Reta;N�o;1;0;1;0;0;0;1;1;-26,97371483;-52,58445358;SPRF-SC;DEL07-SC;UOP01-DEL07-SC;;;
729046;01/11/2025;s�bado;19:30:00;RJ;356;6;ITAPERUNA;Transitar na contram�o;Colis�o frontal;Com V�timas Feridas;Plena Noite;Crescente;C�u Claro;Simples;"Curva;Aclive";N�o;6;0;3;2;1;0;5;2;-21,166665;-42,11931;SPRF-RJ;DEL08-RJ;UOP03-DEL08-RJ;;;
729047;01/11/2025;s�bado;22:28:00;RO;364;341;JI-PARANA;Rea��o tardia ou ineficiente do condutor;Colis�o traseira;Com V�timas Feridas;Plena Noite;Decrescente;C�u Claro;Dupla;Reta;Sim;3;0;1;0;2;0;1;2;-10,885527;-61,935207;SPRF-RO;DEL02-RO;UOP01-DEL02-RO;;;
729048;01/11/2025;s�bado;10:55:00;RO;364;753;PORTO VELHO;Ingest�o de �lcool pelo condutor;Tombamento;Com V�timas Feridas;Pleno dia;Crescente;C�u Claro;Simples;Reta;N�o;1;0;1;0;0;0;1;1;-8,830976;-63,9336448;SPRF-RO;DEL01-RO;UOP02-DEL01-RO;;;
729049;01/11/2025;s�bado;22:50:00;MG;40;347;FELIXLANDIA;Aus�ncia de rea��o do condutor;Colis�o traseira;Com V�timas Feridas;Plena Noite;Crescente;C�u Claro;Dupla;Reta;N�o;2;0;1;0;0;1;1;2;-18,7103122;-44,9540066;SPRF-MG;DEL02-MG;UOP01-DEL02-MG;;;
729050;01/11/2025;s�bado;23:40:00;PR;376;137,6;NOVA ESPERANCA;Acumulo de �gua sobre o pavimento;Capotamento;Com V�timas Feridas;Plena Noite;Decrescente;Chuva;Dupla;Reta;N�o;1;0;1;0;0;0;1;1;-23,2106917;-52,19125;SPRF-PR;DEL09-PR;UOP02-DEL09-PR;;;
729051;01/11/2025;s�bado;23:30:00;DF;60;2,8;BRASILIA;Condutor Dormindo;Colis�o com objeto;Com V�timas Feridas;Plena Noite;Crescente;C�u Claro;Dupla;"Retorno Regulamentado;Reta";Sim;1;0;0;1;0;0;1;1;-15,888869;-48,08303;SPRF-DF;DEL03-DF;UOP01-DEL03-DF;;;
729052;02/11/2025;domingo;00:20:00;RS;116;523,2;PELOTAS;Ingest�o de �lcool pelo condutor;Tombamento;Com V�timas Feridas;Plena Noite;Crescente;Nublado;M�ltipla;"Interse��o de Vias;Viaduto";Sim;1;0;1;0;0;0;1;1;-31,723292;-52,383433;SPRF-RS;DEL07-RS;UOP01-DEL07-RS;;;
729053;01/11/2025;s�bado;23:00:00;MG;262;398;PARA DE MINAS;Velocidade Incompat�vel;Sa�da de leito carro��vel;Com V�timas Fatais;Plena Noite;Crescente;Nublado;Dupla;"Curva;Declive";N�o;1;1;0;0;0;0;0;1;-19,88993;-44,62367;SPRF-MG;DEL01-MG;UOP03-DEL01-MG;;;
729055;01/11/2025;s�bado;23:18:00;RO;364;709;PORTO VELHO;Retorno proibido;Colis�o transversal;Com V�timas Feridas;Plena Noite;Decrescente;C�u Claro;Dupla;Reta;Sim;3;0;2;0;0;1;2;2;-8,79127701;-63,84875157;SPRF-RO;DEL01-RO;UOP01-DEL01-RO;;;
729056;02/11/2025;domingo;00:20:00;MG;381;3;BETIM;Transitar na contram�o;Colis�o frontal;Com V�timas Feridas;Plena Noite;Decrescente;C�u Claro;Dupla;Reta;N�o;3;0;0;2;1;0;2;2;-19,98882152;-44,18859243;SPRF-MG;DEL01-MG;UOP03-DEL01-MG;;;
729058;01/11/2025;s�bado;22:20:00;RS;293;104;PINHEIRO MACHADO;Acessar a via sem observar a presen�a dos outros ve�culos;Colis�o frontal;Com V�timas Feridas;Plena Noite;Decrescente;C�u Claro;Simples;"Interse��o de Vias;Reta";Sim;7;0;7;0;0;0;7;2;-31,57923007;-53,36209774;SPRF-RS;DEL11-RS;UOP03-DEL11-RS;;;
729062;02/11/2025;domingo;00:05:00;MG;146;486,5;POCOS DE CALDAS;Velocidade Incompat�vel;Sa�da de leito carro��vel;Sem V�timas;Plena Noite;Crescente;Chuva;Simples;"Interse��o de Vias;Rotat�ria";N�o;3;0;0;0;0;3;0;2;-21,8076296;-46,47158861;SPRF-MG;DEL09-MG;UOP01-DEL09-MG;;;
729064;02/11/2025;domingo;00:15:00;MS;163;485;CAMPO GRANDE;Transtornos Mentais (exceto suicidio);Queda de ocupante de ve�culo;Com V�timas Feridas;Plena Noite;Crescente;C�u Claro;Simples;Reta;Sim;2;0;1;0;1;0;1;1;-20,44282173;-54,54195706;SPRF-MS;DEL01-MS;UOP02-DEL01-MS;;;
729066;02/11/2025;domingo;00:20:00;PR;277;372;GUARAPUAVA;Demais falhas mec�nicas ou el�tricas;Tombamento;Com V�timas Feridas;Plena Noite;Decrescente;Chuva;Simples;"Reta;Aclive";N�o;2;0;1;0;1;0;1;1;-25,4067;-51,71482;SPRF-PR;DEL08-PR;UOP01-DEL08-PR;;;
729067;02/11/2025;domingo;01:00:00;PR;163;230,5;CASCAVEL;Aus�ncia de rea��o do condutor;Sa�da de leito carro��vel;Com V�timas Feridas;Plena Noite;Crescente;Chuva;Dupla;Reta;N�o;2;0;0;1;1;0;1;1;-24,803728;-53,672227;SPRF-PR;DEL04-PR;UOP01-DEL04-PR;;;
729068;02/11/2025;domingo;02:10:00;RS;116;149;CAXIAS DO SUL;Convers�o proibida;Colis�o lateral mesmo sentido;Sem V�timas;Plena Noite;Decrescente;C�u Claro;M�ltipla;"Interse��o de Vias;Reta";Sim;2;0;0;0;2;0;0;2;-29,16009395;-51,15666159;SPRF-RS;DEL05-RS;UOP01-DEL05-RS;;;
729069;02/11/2025;domingo;01:30:00;PE;232;41;VITORIA DE SANTO ANTAO;Aus�ncia de rea��o do condutor;Colis�o lateral mesmo sentido;Com V�timas Fatais;Plena Noite;Crescente;C�u Claro;Dupla;"Reta;Declive";N�o;2;1;0;0;0;1;0;2;-8,11432672;-35,24773479;SPRF-PE;DEL02-PE;UOP02-DEL02PE;;;
729070;01/11/2025;s�bado;23:00:00;AL;316;198;MARIBONDO;Rea��o tardia ou ineficiente do condutor;Colis�o lateral sentido oposto;Com V�timas Feridas;Plena Noite;Crescente;Nublado;Simples;Reta;N�o;8;0;1;0;7;0;1;2;-9,581914;-36,330144;SPRF-AL;DEL03-AL;UOP01-DEL03-AL;;;
729071;02/11/2025;domingo;02:45:00;SP;153;65,3;SAO JOSE DO RIO PRETO;Aus�ncia de rea��o do condutor;Tombamento;Com V�timas Feridas;Plena Noite;Crescente;C�u Claro;Simples;Curva;Sim;1;0;0;1;0;0;1;1;-20,83932062;-49,36861038;SPRF-SP;DEL09-SP;UOP01-DEL09-SP;;;
729072;02/11/2025;domingo;02:40:00;MG;40;528;CONTAGEM;Velocidade Incompat�vel;Sa�da de leito carro��vel;Com V�timas Feridas;Plena Noite;Crescente;C�u Claro;Dupla;"Aclive;Interse��o de Vias;Reta";Sim;1;0;0;1;0;0;1;1;-19,90991531;-44,043766;SPRF-MG;DEL01-MG;UOP02-DEL01-MG;;;
729073;02/11/2025;domingo;02:50:00;RJ;101;96;CAMPOS DOS GOYTACAZES;Aus�ncia de rea��o do condutor;Colis�o traseira;Com V�timas Feridas;Plena Noite;Crescente;C�u Claro;Dupla;Reta;N�o;1;0;0;1;0;0;1;1;-21,83279708;-41,5015351;SPRF-RJ;DEL08-RJ;UOP02-DEL08-RJ;;;
729074;02/11/2025;domingo;03:34:00;SP;116;220;SAO PAULO;Aus�ncia de rea��o do condutor;Colis�o com objeto;Com V�timas Feridas;Plena Noite;Crescente;Garoa/Chuvisco;M�ltipla;Reta;Sim;1;0;1;0;0;0;1;1;-23,46590385;-46,50239845;SPRF-SP;DEL01-SP;UOP01-DEL01-SP;;;
729075;02/11/2025;domingo;02:00:00;SC;282;35,8;AGUAS MORNAS;Aus�ncia de rea��o do condutor;Sa�da de leito carro��vel;Com V�timas Feridas;Plena Noite;Decrescente;Nublado;Simples;"Curva;Declive";N�o;1;0;1;0;0;0;1;1;-27,7052;-48,83239;SPRF-SC;DEL01-SC;UOP03-DEL01-SC;;;
729076;02/11/2025;domingo;03:00:00;SC;470;141;RIO DO SUL;Transitar na contram�o;Colis�o frontal;Sem V�timas;Plena Noite;Crescente;Nublado;Simples;Reta;N�o;3;0;0;0;2;1;0;2;-27,2087503;-49,65117645;SPRF-SC;DEL04-SC;UOP02-DEL04-SC;;;
729077;02/11/2025;domingo;03:35:00;SE;235;5;NOSSA SENHORA DO SOCORRO;Ingest�o de �lcool pelo condutor;Tombamento;Com V�timas Feridas;Plena Noite;Crescente;Chuva;Dupla;Reta;Sim;2;0;2;0;0;0;2;1;-10,90484215;-37,12457148;SPRF-SE;DEL01-SE;UOP01-DEL01-SE;;;
729079;02/11/2025;domingo;03:10:00;MG;40;455;CAETANOPOLIS;Condutor Dormindo;Sa�da de leito carro��vel;Com V�timas Feridas;Plena Noite;Decrescente;C�u Claro;Dupla;"Reta;Declive";N�o;1;0;1;0;0;0;1;1;-19,3665298;-44,337844;SPRF-MG;DEL02-MG;UOP01-DEL02-MG;;;
729081;02/11/2025;domingo;03:30:00;DF;70;7,8;BRASILIA;Aus�ncia de rea��o do condutor;Colis�o com objeto;Com V�timas Feridas;Plena Noite;Decrescente;C�u Claro;Dupla;Reta;Sim;2;0;0;2;0;0;2;1;-15,79604707;-48,17056417;SPRF-DF;DEL03-DF;UOP02-DEL03-DF;;;
729082;02/11/2025;domingo;03:25:00;GO;40;3,5;VALPARAISO DE GOIAS;Condutor Dormindo;Colis�o com objeto;Com V�timas Feridas;Plena Noite;Decrescente;C�u Claro;Dupla;Ponte;Sim;1;0;1;0;0;0;1;1;-16,08223;-47,98639;SPRF-DF;DEL01-DF;UOP01-DEL01-DF;;;
729083;02/11/2025;domingo;04:00:00;RS;448;22;PORTO ALEGRE;Aus�ncia de rea��o do condutor;Sa�da de leito carro��vel;Sem V�timas;Plena Noite;Crescente;C�u Claro;M�ltipla;"Curva;Ponte";Sim;1;0;0;0;0;1;0;1;-29,97352182;-51,19938234;SPRF-RS;DEL01-RS;UOP01-DEL01-RS;;;
729084;02/11/2025;domingo;04:20:00;PR;376;490;PONTA GROSSA;Avarias e/ou desgaste excessivo no pneu;Sa�da de leito carro��vel;Com V�timas Fatais;Plena Noite;Crescente;Chuva;Dupla;Reta;Sim;2;1;0;1;0;0;1;1;-25,137567;-50,162995;SPRF-PR;DEL03-PR;UOP04-DEL03-PR;;;
729085;02/11/2025;domingo;04:00:00;SC;101;13;GARUVA;Ingest�o de �lcool pelo condutor;Colis�o com objeto;Sem V�timas;Plena Noite;Decrescente;Chuva;Dupla;"Reta;Retorno Regulamentado";N�o;1;0;0;0;1;0;0;1;-26,0924;-48,864745;SPRF-SC;DEL03-SC;UOP01-DEL03-SC;;;
729086;02/11/2025;domingo;00:30:00;RJ;101;318;SAO GONCALO;Demais falhas mec�nicas ou el�tricas;Tombamento;Com V�timas Feridas;Plena Noite;Crescente;C�u Claro;Dupla;Reta;Sim;1;0;1;0;0;0;1;1;-22,84355106;-43,09790319;SPRF-RJ;DEL02-RJ;UOP02-DEL02-RJ;;;
729087;01/11/2025;s�bado;21:30:00;SC;101;448;SANTA ROSA DO SUL;Condutor deixou de manter dist�ncia do ve�culo da frente;Colis�o traseira;Com V�timas Feridas;Plena Noite;Decrescente;Nublado;M�ltipla;Reta;Sim;2;0;1;0;1;0;1;2;-29,16728054;-49,74428558;SPRF-SC;DEL02-SC;UOP02-DEL02-SC;;;
729088;02/11/2025;domingo;00:30:00;PR;277;234,5;TEIXEIRA SOARES;Rea��o tardia ou ineficiente do condutor;Capotamento;Com V�timas Feridas;Plena Noite;Crescente;Chuva;Simples;Curva;N�o;3;0;1;0;0;2;1;1;-25,466446;-50,513828;SPRF-PR;DEL08-PR;UOP02-DEL08-PR;;;