id;data_inversa;dia_semana;horario;uf;br;km;municipio;causa_acidente;tipo_acidente;classificacao_acidente;fase_dia;sentido_via;condicao_metereologica;tipo_pista;tracado_via;uso_solo;pessoas;mortos;feridos_leves;feridos_graves;ilesos;ignorados;feridos;veiculos;latitude;longitude;regional;delegacia;uop;;;
729090;02/11/2025;domingo;04:00:00;BA;101;905,7;IBIRAPUA;Velocidade Incompat�vel;Sa�da de leito carro��vel;Com V�timas Fatais;Amanhecer;Decrescente;C�u Claro;Simples;"Curva;Declive";N�o;5;1;1;3;0;0;4;1;-17,770351;-39,775394;SPRF-BA;DEL09-BA;UOP02-DEL09-BA;;;
729091;02/11/2025;domingo;03:15:00;PI;230;0;FLORIANO;Aus�ncia de rea��o do condutor;Sa�da de leito carro��vel;Sem V�timas;Plena Noite;Decrescente;C�u Claro;Simples;"Reta;Ponte";Sim;1;0;0;0;0;1;0;1;-6,75947;-43,0117;SPRF-PI;DEL04-PI;UOP03-DEL04-PI;;;
729092;02/11/2025;domingo;01:45:00;MS;158;95;PARANAIBA;Rea��o tardia ou ineficiente do condutor;Sa�da de leito carro��vel;Sem V�timas;Plena Noite;Crescente;C�u Claro;Dupla;"Curva;Interse��o de Vias;Retorno Regulamentado";Sim;2;0;0;0;0;2;0;1;-19,686606;-51,198895;SPRF-MS;DEL08-MS;UOP01-DEL08-MS;;;
729093;02/11/2025;domingo;02:00:00;ES;101;213;IBIRACU;Demais falhas mec�nicas ou el�tricas;Inc�ndio;Sem V�timas;Plena Noite;Crescente;Nublado;Simples;Reta;N�o;1;0;0;0;0;1;0;1;-19,83003744;-40,37261009;SPRF-ES;DEL02-ES;UOP01-DEL02-ES;;;
729095;02/11/2025;domingo;04:10:00;SC;282;514,2;XAXIM;Ingest�o de �lcool pelo condutor;Sa�da de leito carro��vel;Sem V�timas;Plena Noite;Decrescente;Chuva;Simples;Curva;N�o;3;0;0;0;3;0;0;1;-26,9160103;-52,48960148;SPRF-SC;DEL07-SC;UOP01-DEL07-SC;;;
729096;02/11/2025;domingo;05:15:00;PR;116;119;CURITIBA;Ingest�o de �lcool pelo condutor;Sa�da de leito carro��vel;Sem V�timas;Amanhecer;Crescente;Chuva;Dupla;Curva;Sim;1;0;0;0;0;1;0;1;-25,57558169;-49,31211138;SPRF-PR;DEL01-PR;UOP03-DEL01-PR;;;
729098;02/11/2025;domingo;03:40:00;AP;210;7;MACAPA;Ingest�o de �lcool pelo condutor;Colis�o com objeto;Com V�timas Feridas;Amanhecer;Decrescente;Ignorado;Dupla;Reta;N�o;1;0;1;0;0;0;1;1;0,10390872;-51,12592936;SPRF-AP;DEL01-AP;UOP01-DEL01-AP;;;
729099;02/11/2025;domingo;03:30:00;MA;316;619;TIMON;Aus�ncia de rea��o do condutor;Sa�da de leito carro��vel;Com V�timas Feridas;Plena Noite;Crescente;C�u Claro;Simples;"Reta;Declive;Ponte";Sim;1;0;1;0;0;0;1;1;-5,12318101;-42,82308936;SPRF-MA;DEL03-MA;UOP02-DEL03-MA;;;
729100;02/11/2025;domingo;05:40:00;SC;470;86,7;RODEIO;Aus�ncia de rea��o do condutor;Sa�da de leito carro��vel;Sem V�timas;Amanhecer;Crescente;Garoa/Chuvisco;Simples;Curva;N�o;1;0;0;0;0;1;0;1;-26,94811821;-49,36498672;SPRF-SC;DEL04-SC;UOP01-DEL04-SC;;;
729101;02/11/2025;domingo;05:10:00;MS;60;426;SIDROLANDIA;Aus�ncia de rea��o do condutor;Colis�o lateral sentido oposto;Com V�timas Feridas;Amanhecer;Crescente;C�u Claro;Dupla;Interse��o de Vias;N�o;4;0;4;0;0;0;4;2;-20,93515795;-54,96118784;SPRF-MS;DEL01-MS;UOP04-DEL01-MS;;;
729102;02/11/2025;domingo;04:30:00;PR;272;435;GOIOERE;Chuva;Colis�o com objeto;Com V�timas Feridas;Plena Noite;Crescente;Chuva;Simples;Reta;Sim;1;0;1;0;0;0;1;1;-24,184165;-53,003559;SPRF-PR;DEL09-PR;UOP03-DEL09-PR;;;
729103;02/11/2025;domingo;02:30:00;RJ;101;184;CASIMIRO DE ABREU;Aus�ncia de rea��o do condutor;Capotamento;Com V�timas Feridas;Plena Noite;Decrescente;C�u Claro;Simples;Reta;N�o;1;0;1;0;0;0;1;1;-22,4795139;-42,174546;SPRF-RJ;DEL08-RJ;UOP04-DEL08-RJ;;;
729105;02/11/2025;domingo;06:45:00;MG;381;876,8;ESTIVA;Pista Escorregadia;Sa�da de leito carro��vel;Com V�timas Feridas;Pleno dia;Crescente;Garoa/Chuvisco;Dupla;"Curva;Declive";N�o;3;0;3;0;0;0;3;1;-22,4398862;-45,9857581;SPRF-MG;DEL16-MG;UOP01-DEL16-MG;;;
729106;02/11/2025;domingo;06:11:00;MA;316;271,3;BELA VISTA DO MARANHAO;Aus�ncia de rea��o do condutor;Colis�o lateral mesmo sentido;Com V�timas Feridas;Pleno dia;Crescente;Sol;Simples;Reta;Sim;2;0;1;0;0;1;1;2;-3,705993;-45,30785;SPRF-MA;DEL02-MA;UOP01-DEL02-MA;;;
729107;02/11/2025;domingo;05:45:00;MG;116;518,6;CARATINGA;Condutor Dormindo;Sa�da de leito carro��vel;Com V�timas Feridas;Amanhecer;Crescente;Garoa/Chuvisco;Simples;Reta;N�o;1;0;1;0;0;0;1;1;-19,71828269;-42,12864161;SPRF-MG;DEL06-MG;UOP02-DEL06-MG;;;
729108;01/11/2025;s�bado;19:30:00;MT;70;508,8;CUIABA;Desvio tempor�rio;Sa�da de leito carro��vel;Com V�timas Feridas;Plena Noite;Crescente;C�u Claro;Dupla;"Reta;Em Obras;Desvio Tempor�rio";N�o;2;0;0;1;1;0;1;1;-15,69529139;-56,09031022;SPRF-MT;DEL01-MT;UOP02-DEL01-MT;;;
729109;02/11/2025;domingo;05:00:00;PI;230;19,5;FRONTEIRAS;Condutor deixou de manter dist�ncia do ve�culo da frente;Colis�o traseira;Com V�timas Fatais;Amanhecer;Decrescente;C�u Claro;Simples;Reta;N�o;4;1;0;2;0;1;2;2;-7,092373;-40,630865;SPRF-PI;DEL04-PI;UOP03-DEL04-PI;;;
729111;02/11/2025;domingo;06:40:00;PR;277;83,8;CURITIBA;Pista Escorregadia;Tombamento;Sem V�timas;Pleno dia;Crescente;Garoa/Chuvisco;Dupla;"Curva;Viaduto";Sim;1;0;0;0;0;1;0;1;-25,443642;-49,233997;SPRF-PR;DEL01-PR;UOP03-DEL01-PR;;;
729112;02/11/2025;domingo;07:00:00;PR;277;11,9;PARANAGUA;Velocidade Incompat�vel;Sa�da de leito carro��vel;Sem V�timas;Pleno dia;Decrescente;Garoa/Chuvisco;Dupla;Reta;N�o;2;0;0;0;1;1;0;1;-25,56145;-48,644125;SPRF-PR;DEL01-PR;UOP05-DEL01-PR;;;
729113;02/11/2025;domingo;06:45:00;PE;428;180;PETROLINA;Aus�ncia de rea��o do condutor;Capotamento;Com V�timas Feridas;Pleno dia;Crescente;C�u Claro;Simples;Reta;N�o;2;0;1;1;0;0;2;1;-9,307363;-40,453315;SPRF-PE;DEL06-PE;UOP01-DEL06-PE;;;
729114;01/11/2025;s�bado;23:10:00;PR;116;29;CAMPINA GRANDE DO SUL;Aus�ncia de rea��o do condutor;Colis�o com objeto;Com V�timas Feridas;Plena Noite;Decrescente;Garoa/Chuvisco;Dupla;Curva;N�o;4;0;3;0;1;0;3;1;-25,10895231;-48,83001074;SPRF-PR;DEL01-PR;UOP02-DEL01-PR;;;
729115;02/11/2025;domingo;07:20:00;SC;280;120,8;SAO BENTO DO SUL;Chuva;Tombamento;Com V�timas Feridas;Pleno dia;Decrescente;Chuva;Simples;"Declive;Reta";N�o;1;0;1;0;0;0;1;1;-26,25557185;-49,45037233;SPRF-SC;DEL06-SC;UOP03-DEL06-SC;;;
729116;02/11/2025;domingo;05:17:00;MG;381;816;SAO GONCALO DO SAPUCAI;Chuva;Sa�da de leito carro��vel;Sem V�timas;Plena Noite;Decrescente;Chuva;Dupla;Reta;N�o;1;0;0;0;0;1;0;1;-21,97890801;-45,64251902;SPRF-MG;DEL16-MG;UOP02-DEL16-MG;;;
729117;02/11/2025;domingo;06:30:00;PI;343;338,8;TERESINA;Aus�ncia de rea��o do condutor;Colis�o traseira;Com V�timas Feridas;Pleno dia;Crescente;C�u Claro;Dupla;Reta;Sim;2;0;1;0;1;0;1;2;-5,066497;-42,730475;SPRF-PI;DEL01-PI;UOP01-DEL01-PI;;;
729119;02/11/2025;domingo;07:30:00;GO;60;384;RIO VERDE;Condutor Dormindo;Colis�o com objeto;Com V�timas Feridas;Pleno dia;Decrescente;C�u Claro;Dupla;Reta;Sim;1;0;1;0;0;0;1;1;-17,81045969;-50,92724422;SPRF-GO;DEL04-GO;UOP02-DEL04-GO;;;
729120;01/11/2025;s�bado;19:35:00;RJ;40;120;DUQUE DE CAXIAS;Rea��o tardia ou ineficiente do condutor;Tombamento;Com V�timas Feridas;Plena Noite;Crescente;C�u Claro;Dupla;Reta;Sim;2;0;2;0;0;0;2;1;-22,77525262;-43,28627658;SPRF-RJ;DEL01-RJ;UOP02-DEL01-RJ;;;
729121;02/11/2025;domingo;06:25:00;RJ;40;119;DUQUE DE CAXIAS;Rea��o tardia ou ineficiente do condutor;Queda de ocupante de ve�culo;Com V�timas Feridas;Pleno dia;Crescente;C�u Claro;M�ltipla;Reta;Sim;1;0;1;0;0;0;1;1;-22,767145;-43,286833;SPRF-RJ;DEL01-RJ;UOP02-DEL01-RJ;;;
729122;02/11/2025;domingo;08:20:00;MG;146;474,9;POCOS DE CALDAS;Acumulo de �gua sobre o pavimento;Colis�o frontal;Com V�timas Feridas;Pleno dia;Crescente;Chuva;Simples;Curva;N�o;6;0;3;0;3;0;3;2;-21,74985596;-46,4057976;SPRF-MG;DEL09-MG;UOP01-DEL09-MG;;;
729124;02/11/2025;domingo;08:20:00;SE;101;122;ITAPORANGA DAJUDA;Avarias e/ou desgaste excessivo no pneu;Colis�o com objeto;Sem V�timas;Pleno dia;Decrescente;Nublado;Dupla;Reta;N�o;2;0;0;0;2;0;0;1;-11,03534513;-37,35556349;SPRF-SE;DEL02-SE;UOP01-DEL02-SE;;;
729125;02/11/2025;domingo;07:23:00;PR;116;45,5;CAMPINA GRANDE DO SUL;Chuva;Sa�da de leito carro��vel;Sem V�timas;Pleno dia;Crescente;Chuva;Dupla;Curva;N�o;3;0;0;0;3;0;0;1;-25,199797;-48,895377;SPRF-PR;DEL01-PR;UOP02-DEL01-PR;;;
729126;02/11/2025;domingo;08:42:00;RN;101;106;PARNAMIRIM;Acessar a via sem observar a presen�a dos outros ve�culos;Colis�o lateral mesmo sentido;Com V�timas Feridas;Pleno dia;Decrescente;C�u Claro;Dupla;Reta;Sim;1;0;1;0;0;0;1;1;-5,90966312;-35,26110124;SPRF-RN;DEL01-RN;UOP01-DEL01-RN;;;
729127;02/11/2025;domingo;08:20:00;PA;230;120;MARABA;Ingest�o de �lcool pelo condutor;Tombamento;Com V�timas Feridas;Pleno dia;Crescente;Nublado;Dupla;Reta;Sim;1;0;1;0;0;0;1;1;-5,35722552;-49,12267363;SPRF-PA;DEL03-PA;UOP01-DEL03-PA;;;
729128;02/11/2025;domingo;03:40:00;PE;316;306;FLORESTA;Transitar na contram�o;Colis�o frontal;Com V�timas Feridas;Plena Noite;Crescente;C�u Claro;Simples;Reta;N�o;16;0;1;2;13;0;3;2;-8,61662246;-38,56164694;SPRF-PE;DEL04-PE;UOP03-DEL04-PE;;;
729129;02/11/2025;domingo;09:00:00;PE;423;100;GARANHUNS;Rea��o tardia ou ineficiente do condutor;Colis�o traseira;Com V�timas Feridas;Pleno dia;Crescente;C�u Claro;Simples;"Declive;Curva";N�o;2;0;0;1;1;0;1;2;-8,8750962;-36,523178;SPRF-PE;DEL03-PE;UOP01-DEL03-PE;;;
729130;02/11/2025;domingo;07:10:00;PI;230;248;OEIRAS;Rea��o tardia ou ineficiente do condutor;Colis�o com objeto;Com V�timas Feridas;Pleno dia;Decrescente;C�u Claro;Simples;Reta;N�o;2;0;1;0;1;0;1;1;-6,984997;-42,533057;SPRF-PI;DEL03-PI;UOP01-DEL03-PI;;;
729132;02/11/2025;domingo;08:30:00;MG;381;533,5;ITATIAIUCU;Velocidade Incompat�vel;Tombamento;Com V�timas Feridas;Pleno dia;Crescente;Nublado;Dupla;"Curva;Declive";N�o;3;0;3;0;0;0;3;2;-20,174369;-44,375772;SPRF-MG;DEL04-MG;UOP03-DEL04-MG;;;
729133;02/11/2025;domingo;08:25:00;MG;381;821,1;CAREACU;Desrespeitar a prefer�ncia no cruzamento;Colis�o traseira;Com V�timas Feridas;Pleno dia;Decrescente;Chuva;Dupla;"Interse��o de Vias;Reta";N�o;3;0;1;0;2;0;1;2;-22,07862097;-45,70143521;SPRF-MG;DEL16-MG;UOP02-DEL16-MG;;;
729134;18/10/2025;s�bado;00:50:00;SP;116;312,4;SAO LOURENCO DA SERRA;Pedestre andava na pista;Atropelamento de Pedestre;Com V�timas Feridas;Plena Noite;Crescente;Garoa/Chuvisco;Dupla;Reta;N�o;3;0;0;1;2;0;1;2;-23,88654031;-46,97746801;SPRF-SP;DEL04-SP;UOP01-DEL04-SP;;;
729135;02/11/2025;domingo;07:20:00;MG;50;48,6;ARAGUARI;Pista Escorregadia;Sa�da de leito carro��vel;Com V�timas Feridas;Pleno dia;Crescente;Nublado;Dupla;"Declive;Curva";N�o;1;0;1;0;0;0;1;1;-18,72925501;-48,21842184;SPRF-MG;DEL15-MG;UOP02-DEL15-MG;;;
729137;02/11/2025;domingo;09:00:00;PR;116;197;RIO NEGRO;Rea��o tardia ou ineficiente do condutor;Colis�o com objeto;Com V�timas Feridas;Pleno dia;Crescente;Chuva;Simples;"Declive;Curva";N�o;5;0;4;1;0;0;5;2;-26,039766;-49,697062;SPRF-SC;DEL06-SC;UOP01-DEL06-SC;;;
729138;02/11/2025;domingo;06:40:00;PA;0;0;BELEM;Acessar a via sem observar a presen�a dos outros ve�culos;Colis�o transversal;Com V�timas Feridas;Pleno dia;N�o Informado;C�u Claro;Dupla;Reta;Sim;2;0;0;2;0;0;2;2;-1,37908015;-48,44009399;SPRF-PA;N/A;N/A;;;
729142;02/11/2025;domingo;10:30:00;ES;101;282,8;CARIACICA;Transitar na contram�o;Colis�o lateral sentido oposto;Com V�timas Feridas;Pleno dia;Crescente;C�u Claro;Dupla;Declive;N�o;2;0;1;1;0;0;2;2;-20,23468336;-40,36946571;SPRF-ES;DEL01-ES;UOP01-DEL01-ES;;;
729144;02/11/2025;domingo;09:04:00;SC;280;147;RIO NEGRINHO;Velocidade Incompat�vel;Sa�da de leito carro��vel;Com V�timas Feridas;Pleno dia;Decrescente;Garoa/Chuvisco;Simples;Reta;N�o;4;0;3;0;1;0;3;1;-26,2617008;-49,5485179;SPRF-SC;DEL06-SC;UOP03-DEL06-SC;;;
729145;02/11/2025;domingo;09:10:00;SP;381;75;SAO PAULO;Aus�ncia de rea��o do condutor;Tombamento;Com V�timas Feridas;Pleno dia;Crescente;Chuva;M�ltipla;Curva;N�o;1;0;1;0;0;0;1;1;-23,38827046;-46,56967163;SPRF-SP;DEL03-SP;UOP01-DEL03-SP;;;
729146;02/11/2025;domingo;10:40:00;MG;262;376;JUATUBA;Velocidade Incompat�vel;Sa�da de leito carro��vel;Com V�timas Feridas;Pleno dia;Crescente;Nublado;Dupla;"Aclive;Curva";N�o;1;0;0;1;0;0;1;1;-19,9361;-44,4381;SPRF-MG;DEL01-MG;UOP03-DEL01-MG;;;
729147;02/11/2025;domingo;10:35:00;RS;116;38,1;VACARIA;Ultrapassagem Indevida;Colis�o lateral mesmo sentido;Com V�timas Feridas;Pleno dia;Crescente;C�u Claro;Simples;Reta;Sim;3;0;2;0;1;0;2;2;-28,50643111;-50,92625426;SPRF-RS;DEL05-RS;UOP03-DEL05-RS;;;
729148;02/11/2025;domingo;10:48:00;RN;101;105;PARNAMIRIM;Velocidade Incompat�vel;Queda de ocupante de ve�culo;Com V�timas Feridas;Pleno dia;Decrescente;C�u Claro;M�ltipla;Interse��o de Vias;N�o;2;0;2;0;0;0;2;1;-5,90506;-35,259987;SPRF-RN;DEL01-RN;UOP01-DEL01-RN;;;
729149;01/11/2025;s�bado;16:40:00;SC;153;0,7;AGUA DOCE;Mal s�bito do condutor;Sa�da de leito carro��vel;Com V�timas Feridas;Pleno dia;Crescente;C�u Claro;Simples;Curva;N�o;1;0;0;1;0;0;1;1;-26,61316439;-51,49667323;SPRF-SC;DEL07-SC;UOP07-DEL07-SC;;;
729150;02/11/2025;domingo;08:35:00;CE;222;42;SAO GONCALO DO AMARANTE;Manobra de mudan�a de faixa;Colis�o lateral mesmo sentido;Com V�timas Feridas;Pleno dia;Decrescente;C�u Claro;Simples;Reta;N�o;3;0;1;0;2;0;1;2;-3,678563;-38,933462;SPRF-CE;DEL01-CE;UOP03-DEL01-CE;;;
729151;02/11/2025;domingo;10:00:00;PE;101;150,9;RIBEIRAO;Manobra de mudan�a de faixa;Colis�o lateral mesmo sentido;Com V�timas Feridas;Pleno dia;Decrescente;Nublado;Dupla;Curva;N�o;2;0;1;0;1;0;1;2;-8,5027;-35,38845;SPRF-PE;DEL01-PE;UOP03-DEL01-PE;;;
729152;02/11/2025;domingo;11:30:00;PI;407;575;PAULISTANA;Velocidade Incompat�vel;Colis�o transversal;Com V�timas Feridas;Pleno dia;Crescente;C�u Claro;Dupla;Reta;Sim;2;0;1;0;1;0;1;2;-8,135547;-41,14349;SPRF-PI;DEL04-PI;UOP01-DEL04-PI;;;
729153;02/11/2025;domingo;11:20:00;SC;282;23,7;SANTO AMARO DA IMPERATRIZ;Acessar a via sem observar a presen�a dos outros ve�culos;Colis�o transversal;Com V�timas Feridas;Pleno dia;Crescente;C�u Claro;Simples;Interse��o de Vias;Sim;3;0;1;0;2;0;1;2;-27,68432094;-48,74364344;SPRF-SC;DEL01-SC;UOP03-DEL01-SC;;;
729155;02/11/2025;domingo;09:30:00;RJ;116;321;ITATIAIA;Condutor Dormindo;Sa�da de leito carro��vel;Com V�timas Feridas;Pleno dia;Crescente;Chuva;Dupla;Reta;Sim;2;0;1;0;1;0;1;1;-22,47679848;-44,52769208;SPRF-RJ;DEL07-RJ;UOP02-DEL07-RJ;;;
729157;27/10/2025;segunda-feira;09:00:00;PR;376;440;TIBAGI;Avarias e/ou desgaste excessivo no pneu;Sa�da de leito carro��vel;Com V�timas Feridas;Pleno dia;Crescente;Chuva;Dupla;Curva;N�o;3;0;3;0;0;0;3;1;-24,849541;-50,464287;SPRF-PR;DEL03-PR;UOP02-DEL03-PR;;;
729158;02/11/2025;domingo;10:20:00;MG;381;652,4;SANTO ANTONIO DO AMPARO;Chuva;Colis�o com objeto;Com V�timas Feridas;Pleno dia;Crescente;Chuva;Dupla;"Declive;Curva";N�o;1;0;1;0;0;0;1;1;-20,963368;-44,930125;SPRF-MG;DEL04-MG;UOP02-DEL04-MG;;;
729159;02/11/2025;domingo;12:00:00;PR;369;231,5;JANDAIA DO SUL;Demais falhas mec�nicas ou el�tricas;Sa�da de leito carro��vel;Com V�timas Feridas;Pleno dia;Crescente;Chuva;Simples;"Declive;Interse��o de Vias";N�o;1;0;1;0;0;0;1;1;-23,60199;-51,66601;SPRF-PR;DEL09-PR;UOP01-DEL09-PR;;;
729160;02/11/2025;domingo;13:00:00;MG;50;15;UBERLANDIA;Mal s�bito do condutor;Colis�o com objeto;Com V�timas Feridas;Pleno dia;Crescente;Nublado;Dupla;Viaduto;Sim;1;0;1;0;0;0;1;1;-18,912065;-48,172021;SPRF-MG;DEL15-MG;UOP01-DEL15-MG;;;
729163;02/11/2025;domingo;13:10:00;ES;262;59;MARECHAL FLORIANO;Condutor deixou de manter dist�ncia do ve�culo da frente;Colis�o traseira;Com V�timas Feridas;Pleno dia;Decrescente;Chuva;Simples;Reta;Sim;3;0;1;0;2;0;1;2;-20,41086951;-40,67757575;SPRF-ES;DEL01-ES;UOP01-DEL01-ES;;;
729164;02/11/2025;domingo;10:45:00;RS;116;208;PICADA CAFE;Velocidade Incompat�vel;Queda de ocupante de ve�culo;Com V�timas Feridas;Pleno dia;Crescente;C�u Claro;Simples;Curva;N�o;1;0;0;1;0;0;1;1;-29,5051731;-51,1168963;SPRF-RS;DEL05-RS;UOP02-DEL05-RS;;;
729165;02/11/2025;domingo;13:00:00;MG;262;419,8;CONCEICAO DO PARA;Velocidade Incompat�vel;Capotamento;Com V�timas Feridas;Pleno dia;Crescente;Nublado;Dupla;Reta;N�o;4;0;3;1;0;0;4;1;-19,89144;-44,81192;SPRF-MG;DEL08-MG;UOP03-DEL08-MG;;;
729166;02/11/2025;domingo;12:15:00;MG;381;907;CAMBUI;Curva acentuada;Capotamento;Com V�timas Feridas;Pleno dia;Crescente;Chuva;Dupla;Curva;N�o;2;0;0;1;1;0;1;1;-22,674632;-46,097941;SPRF-MG;DEL16-MG;UOP03-DEL16-MG;;;
729167;02/11/2025;domingo;14:50:00;ES;101;145,7;LINHARES;Acessar a via sem observar a presen�a dos outros ve�culos;Colis�o transversal;Com V�timas Feridas;Pleno dia;Decrescente;C�u Claro;Simples;Reta;Sim;2;0;0;1;0;1;1;2;-19,36126545;-40,0646052;SPRF-ES;DEL04-ES;UOP01-DEL04-ES;;;
729168;02/11/2025;domingo;14:00:00;SC;282;24,8;SANTO AMARO DA IMPERATRIZ;Ultrapassagem Indevida;Colis�o frontal;Com V�timas Feridas;Pleno dia;Crescente;Nublado;Simples;"Aclive;Reta;Viaduto";Sim;3;0;0;2;1;0;2;2;-27,6786;-48,7508;SPRF-SC;DEL01-SC;UOP03-DEL01-SC;;;
729170;02/11/2025;domingo;13:40:00;PR;277;396;CANDOI;Mal s�bito do condutor;Sa�da de leito carro��vel;Com V�timas Feridas;Pleno dia;Decrescente;Nublado;Simples;Reta;N�o;46;0;1;0;45;0;1;1;-25,45073628;-51,92907747;SPRF-PR;DEL08-PR;UOP01-DEL08-PR;;;
729171;02/11/2025;domingo;14:30:00;RS;470;217;BENTO GONCALVES;Acessar a via sem observar a presen�a dos outros ve�culos;Colis�o lateral mesmo sentido;Com V�timas Feridas;Pleno dia;Crescente;Nublado;Dupla;Curva;N�o;4;0;1;0;3;0;1;2;-29,17442153;-51,52429104;SPRF-RS;DEL06-RS;UOP01-DEL06-RS;;;
729173;02/11/2025;domingo;15:00:00;MG;381;613,6;OLIVEIRA;Velocidade Incompat�vel;Sa�da de leito carro��vel;Com V�timas Feridas;Pleno dia;Crescente;Garoa/Chuvisco;Dupla;Curva;N�o;4;0;2;0;2;0;2;1;-20,705873;-44,753878;SPRF-MG;DEL04-MG;UOP01-DEL04-MG;;;
729174;02/11/2025;domingo;14:15:00;RN;101;141,5;ARES;Ingest�o de �lcool pelo condutor;Tombamento;Com V�timas Feridas;Pleno dia;Crescente;C�u Claro;Dupla;"Retorno Regulamentado;Rotat�ria;Viaduto";N�o;1;0;1;0;0;0;1;1;-6,217777;-35,216272;SPRF-RN;DEL01-RN;UOP01-DEL01-RN;;;
729175;02/11/2025;domingo;15:15:00;RS;116;268;CANOAS;Rea��o tardia ou ineficiente do condutor;Tombamento;Com V�timas Feridas;Pleno dia;Crescente;C�u Claro;M�ltipla;Reta;Sim;2;0;1;0;1;0;1;1;-29,94276491;-51,17697414;SPRF-RS;DEL01-RS;UOP01-DEL01-RS;;;
729176;02/11/2025;domingo;14:10:00;SP;488;4;APARECIDA;Chuva;Colis�o transversal;Com V�timas Feridas;Pleno dia;Crescente;Chuva;Simples;Reta;Sim;2;0;1;0;1;0;1;2;-22,860717;-45,254201;SPRF-SP;DEL08-SP;UOP01-DEL08-SP;;;
729177;02/11/2025;domingo;09:20:00;MA;135;15;SAO LUIS;Manobra de mudan�a de faixa;Sa�da de leito carro��vel;Sem V�timas;Pleno dia;Crescente;C�u Claro;Dupla;Reta;Sim;1;0;0;0;0;1;0;1;-2,70141;-44,30956;SPRF-MA;DEL01-MA;UOP01-DEL01-MA;;;
729178;02/11/2025;domingo;15:45:00;MG;381;939;EXTREMA;Velocidade Incompat�vel;Sa�da de leito carro��vel;Com V�timas Feridas;Pleno dia;Crescente;Chuva;Dupla;Curva;N�o;2;0;1;0;1;0;1;1;-22,81691272;-46,29341127;SPRF-MG;DEL16-MG;UOP03-DEL16-MG;;;
729179;02/11/2025;domingo;16:05:00;MG;381;941;EXTREMA;Velocidade Incompat�vel;Sa�da de leito carro��vel;Com V�timas Feridas;Pleno dia;Crescente;Chuva;Dupla;Curva;N�o;2;0;1;0;1;0;1;1;-22,82618753;-46,3133812;SPRF-MG;DEL16-MG;UOP03-DEL16-MG;;;
729182;02/11/2025;domingo;16:00:00;SP;381;17;BRAGANCA PAULISTA;Rea��o tardia ou ineficiente do condutor;Colis�o traseira;Com V�timas Feridas;Pleno dia;Decrescente;Chuva;Dupla;Reta;N�o;5;0;1;0;4;0;1;2;-22,964046;-46,483144;SPRF-SP;DEL03-SP;UOP02-DEL03-SP;;;
729183;02/11/2025;domingo;15:00:00;MG;381;671,3;PERDOES;Rea��o tardia ou ineficiente do condutor;Sa�da de leito carro��vel;Com V�timas Feridas;Pleno dia;Crescente;Chuva;Dupla;"Curva;Declive";N�o;1;0;1;0;0;0;1;1;-21,066342;-45,052552;SPRF-MG;DEL04-MG;UOP02-DEL04-MG;;;
729185;01/11/2025;s�bado;23:00:00;SC;153;13,5;AGUA DOCE;Acessar a via sem observar a presen�a dos outros ve�culos;Colis�o transversal;Com V�timas Feridas;Plena Noite;Decrescente;Nublado;Simples;Interse��o de Vias;N�o;5;0;1;0;4;0;1;1;-26,6987029;-51,5748051;SPRF-SC;DEL07-SC;UOP07-DEL07-SC;;;
729187;02/11/2025;domingo;15:20:00;MT;364;405;CUIABA;Aus�ncia de rea��o do condutor;Queda de ocupante de ve�culo;Com V�timas Feridas;Pleno dia;Decrescente;C�u Claro;Dupla;Reta;Sim;3;0;0;1;2;0;1;2;-15,641112;-56,021478;SPRF-MT;DEL01-MT;UOP02-DEL01-MT;;;
729189;02/11/2025;domingo;14:00:00;RJ;116;299;PORTO REAL;Rea��o tardia ou ineficiente do condutor;Tombamento;Com V�timas Feridas;Pleno dia;Crescente;Chuva;Simples;"Curva;Declive";Sim;1;0;1;0;0;0;1;1;-22,4487336;-44,32276368;SPRF-RJ;DEL07-RJ;UOP02-DEL07-RJ;;;
729191;02/11/2025;domingo;15:50:00;SC;470;61,3;BLUMENAU;Rea��o tardia ou ineficiente do condutor;Colis�o lateral mesmo sentido;Com V�timas Fatais;Pleno dia;Decrescente;Nublado;Simples;"Reta;Em Obras";Sim;3;1;0;0;2;0;0;3;-26,877537;-49,177319;SPRF-SC;DEL04-SC;UOP01-DEL04-SC;;;
729192;02/11/2025;domingo;15:40:00;RJ;101;482;ANGRA DOS REIS;Aus�ncia de rea��o do condutor;Sa�da de leito carro��vel;Com V�timas Feridas;Pleno dia;Crescente;Garoa/Chuvisco;Simples;Curva;N�o;2;0;1;0;1;0;1;1;-22,9895895;-44,2418065;SPRF-RJ;DEL03-RJ;UOP03-DEL03-RJ;;;
729193;02/11/2025;domingo;16:40:00;MG;40;728,9;OLIVEIRA FORTES;Velocidade Incompat�vel;Sa�da de leito carro��vel;Com V�timas Feridas;Pleno dia;Crescente;Chuva;Dupla;"Declive;Curva";N�o;1;0;1;0;0;0;1;1;-21,34406603;-43,58688354;SPRF-MG;DEL05-MG;UOP01-DEL05-MG;;;
729194;02/11/2025;domingo;16:45:00;MG;40;732,7;SANTOS DUMONT;Rea��o tardia ou ineficiente do condutor;Capotamento;Com V�timas Feridas;Pleno dia;Crescente;Nublado;Dupla;Declive;N�o;5;0;1;0;4;0;1;1;-21,37252323;-43,57139111;SPRF-MG;DEL05-MG;UOP01-DEL05-MG;;;
729195;02/11/2025;domingo;14:40:00;AM;174;887;MANAUS;Rea��o tardia ou ineficiente do condutor;Colis�o traseira;Sem V�timas;Pleno dia;Decrescente;Sol;Simples;"Reta;Aclive";Sim;6;0;0;0;6;0;0;2;-2,9471389;-60,0335911;SPRF-AM;DEL01-AM;UOP01-DEL01-AM;;;