id;data_inversa;dia_semana;horario;uf;br;km;municipio;causa_acidente;tipo_acidente;classificacao_acidente;fase_dia;sentido_via;condicao_metereologica;tipo_pista;tracado_via;uso_solo;pessoas;mortos;feridos_leves;feridos_graves;ilesos;ignorados;feridos;veiculos;latitude;longitude;regional;delegacia;uop;;;
729196;02/11/2025;domingo;14:00:00;BA;330;792;JEQUIE;Aus�ncia de rea��o do condutor;Sa�da de leito carro��vel;Com V�timas Feridas;Pleno dia;Decrescente;C�u Claro;Simples;Curva;N�o;1;0;1;0;0;0;1;1;-13,9122441;-40,01406707;SPRF-BA;DEL03-BA;UOP01-DEL03-BA;;;
729197;02/11/2025;domingo;14:20:00;GO;452;7;RIO VERDE;Ingest�o de �lcool pelo condutor;Sa�da de leito carro��vel;Sem V�timas;Pleno dia;Decrescente;Chuva;Simples;Reta;N�o;1;0;0;0;1;0;0;1;-17,81951;-50,84497;SPRF-GO;DEL04-GO;UOP01-DEL04-GO;;;
729198;02/11/2025;domingo;16:40:00;RS;116;270;PORTO ALEGRE;Acessar a via sem observar a presen�a dos outros ve�culos;Colis�o traseira;Com V�timas Feridas;Pleno dia;Crescente;C�u Claro;Dupla;Reta;Sim;4;0;1;0;3;0;1;3;-29,96842164;-51,1762476;SPRF-RS;DEL01-RS;UOP01-DEL01-RS;;;
729199;02/11/2025;domingo;15:50:00;RS;392;4;RIO GRANDE;Animais na Pista;Atropelamento de Animal;Com V�timas Feridas;Pleno dia;Decrescente;C�u Claro;Simples;Reta;N�o;2;0;2;0;0;0;2;1;-32,15271542;-52,10590904;SPRF-RS;DEL07-RS;UOP02-DEL07-RS;;;
729200;02/11/2025;domingo;15:30:00;PR;277;109,9;CAMPO LARGO;Aus�ncia de rea��o do condutor;Sa�da de leito carro��vel;Com V�timas Feridas;Pleno dia;Crescente;C�u Claro;Dupla;"Reta;Aclive";Sim;1;0;1;0;0;0;1;1;-25,427907;-49,389668;SPRF-PR;DEL01-PR;UOP06-DEL01-PR;;;
729201;02/11/2025;domingo;13:11:00;SP;381;69,7;MAIRIPORA;Rea��o tardia ou ineficiente do condutor;Colis�o com objeto;Com V�timas Feridas;Pleno dia;Crescente;Chuva;M�ltipla;Curva;N�o;3;0;1;0;2;0;1;3;-23,35013618;-46,56040192;SPRF-SP;DEL03-SP;UOP01-DEL03-SP;;;
729202;02/11/2025;domingo;16:15:00;PE;232;96,7;SAIRE;Condutor deixou de manter dist�ncia do ve�culo da frente;Colis�o traseira;Com V�timas Feridas;Pleno dia;Decrescente;C�u Claro;Dupla;Curva;N�o;4;0;2;0;1;1;2;2;-8,23461;-35,71838;SPRF-PE;DEL02-PE;UOP03-DEL02-PE;;;
729205;02/11/2025;domingo;17:20:00;MG;459;87,2;CONGONHAL;Ingest�o de �lcool pelo condutor;Colis�o lateral sentido oposto;Com V�timas Feridas;Pleno dia;Decrescente;Garoa/Chuvisco;Simples;"Interse��o de Vias;Reta";Sim;6;0;1;2;3;0;3;4;-22,1510717;-46,0471455;SPRF-MG;DEL09-MG;UOP01-DEL09-MG;;;
729206;02/11/2025;domingo;14:30:00;MG;381;615,5;OLIVEIRA;Velocidade Incompat�vel;Sa�da de leito carro��vel;Com V�timas Feridas;Pleno dia;Crescente;Chuva;Dupla;"Curva;Declive";N�o;3;0;2;0;1;0;2;1;-20,7185174;-44,76713061;SPRF-MG;DEL04-MG;UOP01-DEL04-MG;;;
729208;02/11/2025;domingo;17:30:00;SP;381;71;MAIRIPORA;Aus�ncia de rea��o do condutor;Sa�da de leito carro��vel;Com V�timas Feridas;Pleno dia;Crescente;Chuva;Dupla;"Reta;Aclive";N�o;2;0;1;0;1;0;1;1;-23,3545735;-46,55007861;SPRF-SP;DEL03-SP;UOP01-DEL03-SP;;;
729209;02/11/2025;domingo;14:50:00;RJ;116;251;PIRAI;Demais falhas mec�nicas ou el�tricas;Colis�o com objeto;Com V�timas Feridas;Pleno dia;Decrescente;Chuva;Dupla;"Curva;Declive";N�o;2;0;1;0;1;0;1;1;-22,6670517;-43,8412183;SPRF-RJ;DEL07-RJ;UOP01-DEL07-RJ;;;
729212;02/11/2025;domingo;17:24:00;MG;40;460;CAETANOPOLIS;Chuva;Tombamento;Com V�timas Feridas;Anoitecer;Crescente;Chuva;Dupla;"Declive;Reta";N�o;1;0;1;0;0;0;1;1;-19,394;-44,335;SPRF-MG;DEL02-MG;UOP01-DEL02-MG;;;
729213;02/11/2025;domingo;16:40:00;MG;381;779;TRES CORACOES;Velocidade Incompat�vel;Sa�da de leito carro��vel;Sem V�timas;Pleno dia;Decrescente;Chuva;Dupla;Curva;N�o;1;0;0;0;0;1;0;1;-21,676032;-45,350912;SPRF-MG;DEL16-MG;UOP02-DEL16-MG;;;
729214;02/11/2025;domingo;17:30:00;MG;381;931,9;EXTREMA;Velocidade Incompat�vel;Sa�da de leito carro��vel;Com V�timas Feridas;Pleno dia;Crescente;Chuva;Dupla;Curva;N�o;3;0;1;0;2;0;1;1;-22,78828904;-46,24367412;SPRF-MG;DEL16-MG;UOP03-DEL16-MG;;;
729215;02/11/2025;domingo;14:10:00;RJ;40;79;PETROPOLIS;Avarias e/ou desgaste excessivo no pneu;Colis�o com objeto;Com V�timas Feridas;Pleno dia;Crescente;Garoa/Chuvisco;Simples;"Declive;Reta";N�o;2;0;2;0;0;0;2;1;-22,5171557;-43,22914124;SPRF-RJ;DEL01-RJ;UOP01-DEL01-RJ;;;
729216;02/11/2025;domingo;17:20:00;MG;40;493;ESMERALDAS;Velocidade Incompat�vel;Colis�o com objeto;Com V�timas Feridas;Pleno dia;Decrescente;Chuva;Dupla;"Curva;Declive";N�o;2;0;2;0;0;0;2;1;-19,6482733;-44,20218;SPRF-MG;DEL02-MG;UOP01-DEL02-MG;;;
729218;02/11/2025;domingo;17:15:00;SP;116;146,6;SAO JOSE DOS CAMPOS;Acumulo de �leo sobre o pavimento;Colis�o traseira;Com V�timas Feridas;Anoitecer;Decrescente;Chuva;Dupla;"Curva;Declive";Sim;2;0;1;0;1;0;1;2;-23,1931139;-45,86670538;SPRF-SP;DEL02-SP;UOP01-DEL02-SP;;;
729219;02/11/2025;domingo;17:20:00;RJ;101;475;ANGRA DOS REIS;Aus�ncia de rea��o do condutor;Tombamento;Com V�timas Feridas;Anoitecer;Decrescente;Chuva;Simples;Curva;N�o;1;0;1;0;0;0;1;1;-23,00525001;-44,25921033;SPRF-RJ;DEL03-RJ;UOP03-DEL03-RJ;;;
729220;02/11/2025;domingo;17:00:00;MG;50;133;UBERABA;Acumulo de �gua sobre o pavimento;Colis�o com objeto;Com V�timas Feridas;Pleno dia;Crescente;Chuva;Dupla;"Aclive;Reta";N�o;2;0;1;0;1;0;1;1;-19,423218;-48,070194;SPRF-MG;DEL13-MG;UOP01-DEL13-MG;;;
729221;02/11/2025;domingo;17:20:00;AP;210;33,4;MACAPA;Manobra de mudan�a de faixa;Sa�da de leito carro��vel;Com V�timas Feridas;Pleno dia;Crescente;Sol;Simples;Curva;N�o;5;0;5;0;0;0;5;1;0,310765;-51,085312;SPRF-AP;DEL01-AP;UOP01-DEL01-AP;;;
729222;02/11/2025;domingo;17:04:00;MS;267;32,2;BATAGUASSU;Rea��o tardia ou ineficiente do condutor;Sa�da de leito carro��vel;Com V�timas Feridas;Pleno dia;Crescente;Garoa/Chuvisco;Simples;"Declive;Reta";Sim;1;0;1;0;0;0;1;1;-21,729849;-52,446619;SPRF-MS;DEL02-MS;UOP04-DEL02-MS;;;
729224;02/11/2025;domingo;17:55:00;ES;101;228,1;FUNDAO;Rea��o tardia ou ineficiente do condutor;Tombamento;Com V�timas Feridas;Plena Noite;Crescente;C�u Claro;Simples;Reta;N�o;3;0;1;1;1;0;2;2;-19,924925;-40,406535;SPRF-ES;DEL02-ES;UOP01-DEL02-ES;;;
729225;02/11/2025;domingo;17:50:00;TO;153;145;ARAGUAINA;Acessar a via sem observar a presen�a dos outros ve�culos;Colis�o transversal;Sem V�timas;Anoitecer;Decrescente;C�u Claro;M�ltipla;"Interse��o de Vias;Reta;Rotat�ria";Sim;2;0;0;0;2;0;0;2;-7,206021;-48,24051;SPRF-TO;DEL02-TO;UOP01-DEL02-TO;;;
729226;02/11/2025;domingo;17:50:00;GO;50;267;CATALAO;Demais falhas mec�nicas ou el�tricas;Sa�da de leito carro��vel;Sem V�timas;Anoitecer;Decrescente;Nublado;Dupla;Reta;N�o;1;0;0;0;1;0;0;1;-18,09835391;-47,87918441;SPRF-GO;DEL06-GO;UOP01-DEL06-GO;;;
729227;02/11/2025;domingo;16:00:00;SC;470;68;INDAIAL;Pedestre cruzava a pista fora da faixa;Atropelamento de Pedestre;Com V�timas Feridas;Pleno dia;Decrescente;C�u Claro;Dupla;"Reta;Viaduto";Sim;3;0;0;1;1;1;1;2;-26,8811096;-49,2432154;SPRF-SC;DEL04-SC;UOP01-DEL04-SC;;;
729228;02/11/2025;domingo;14:30:00;PR;476;97;BOCAIUVA DO SUL;Acumulo de �leo sobre o pavimento;Colis�o frontal;Com V�timas Feridas;Pleno dia;Decrescente;Garoa/Chuvisco;Simples;Curva;N�o;4;0;4;0;0;0;4;2;-25,22684967;-49,11567718;SPRF-PR;DEL01-PR;UOP01-DEL01-PR;;;
729229;02/11/2025;domingo;17:00:00;GO;60;13,7;SANTO ANTONIO DO DESCOBERTO;Aus�ncia de rea��o do condutor;Sa�da de leito carro��vel;Com V�timas Feridas;Pleno dia;Decrescente;C�u Claro;Dupla;"Aclive;Curva";N�o;11;0;2;2;7;0;4;5;-16,11145;-48,34853;SPRF-DF;DEL03-DF;UOP01-DEL03-DF;;;
729230;02/11/2025;domingo;15:50:00;MG;267;42;MARIPA DE MINAS;Condutor Dormindo;Sa�da de leito carro��vel;Com V�timas Feridas;Pleno dia;Decrescente;Chuva;Simples;Curva;N�o;3;0;1;0;2;0;1;1;-21,68524588;-42,93956995;SPRF-MG;DEL07-MG;UOP01-DEL07-MG;;;
729235;02/11/2025;domingo;17:15:00;MG;153;172,7;COMENDADOR GOMES;Aus�ncia de rea��o do condutor;Sa�da de leito carro��vel;Com V�timas Feridas;Pleno dia;Decrescente;Chuva;Dupla;Interse��o de Vias;N�o;3;0;2;0;1;0;2;1;-19,732041;-48,972858;SPRF-MG;DEL13-MG;UOP02-DEL13-MG;;;
729236;02/11/2025;domingo;15:00:00;SP;116;307;SAO LOURENCO DA SERRA;Aus�ncia de rea��o do condutor;Colis�o traseira;Com V�timas Feridas;Pleno dia;Crescente;C�u Claro;Simples;Reta;N�o;2;0;1;0;0;1;1;2;-23,85913519;-46,94524205;SPRF-SP;DEL04-SP;UOP01-DEL04-SP;;;
729237;02/11/2025;domingo;19:00:00;MG;381;484,2;BETIM;Manobra de mudan�a de faixa;Tombamento;Com V�timas Feridas;Plena Noite;Decrescente;Garoa/Chuvisco;M�ltipla;"Curva;Aclive";Sim;2;0;1;0;1;0;1;1;-19,9591398;-44,0904295;SPRF-MG;DEL01-MG;UOP03-DEL01-MG;;;
729238;02/11/2025;domingo;16:00:00;SC;282;446,1;PONTE SERRADA;Ingest�o de �lcool pelo condutor;Colis�o com objeto;Com V�timas Feridas;Pleno dia;Crescente;C�u Claro;Simples;"Curva;Declive";N�o;1;0;1;0;0;0;1;1;-26,88478116;-52,008413;SPRF-SC;DEL07-SC;UOP04-DEL07-SC;;;
729239;02/11/2025;domingo;19:00:00;ES;262;19,9;VIANA;Acessar a via sem observar a presen�a dos outros ve�culos;Colis�o transversal;Com V�timas Feridas;Plena Noite;Crescente;C�u Claro;Simples;Curva;Sim;5;0;5;0;0;0;5;3;-20,386523;-40,496017;SPRF-ES;DEL01-ES;UOP01-DEL01-ES;;;
729240;02/11/2025;domingo;17:40:00;RJ;101;596;PARATY;Velocidade Incompat�vel;Sa�da de leito carro��vel;Sem V�timas;Pleno dia;Crescente;Chuva;Simples;Curva;N�o;2;0;0;0;2;0;0;1;-23,34169681;-44,74208415;SPRF-RJ;DEL03-RJ;UOP04-DEL03-RJ;;;
729241;02/11/2025;domingo;19:20:00;SC;101;226,8;PALHOCA;Condutor deixou de manter dist�ncia do ve�culo da frente;Colis�o traseira;Com V�timas Feridas;Plena Noite;Decrescente;C�u Claro;Dupla;Reta;N�o;3;0;2;0;1;0;2;2;-27,74799962;-48,63585234;SPRF-SC;DEL01-SC;UOP02-DEL01-SC;;;
729242;02/11/2025;domingo;19:15:00;RS;116;224;DOIS IRMAOS;Aus�ncia de rea��o do condutor;Queda de ocupante de ve�culo;Com V�timas Feridas;Plena Noite;Decrescente;C�u Claro;Dupla;"Reta;Rotat�ria";Sim;5;0;1;0;2;2;1;4;-29,58909843;-51,106667;SPRF-RS;DEL01-RS;UOP02-DEL01-RS;;;
729243;02/11/2025;domingo;19:15:00;GO;20;30,3;FORMOSA;Rea��o tardia ou ineficiente do condutor;Sa�da de leito carro��vel;Com V�timas Feridas;Plena Noite;Decrescente;Nublado;Dupla;"Declive;Reta";N�o;3;0;2;0;0;1;2;2;-15,497106;-47,110925;SPRF-DF;DEL02-DF;UOP02-DEL02-DF;;;
729244;02/11/2025;domingo;19:20:00;RS;290;90;PORTO ALEGRE;Avarias e/ou desgaste excessivo no pneu;Tombamento;Com V�timas Feridas;Plena Noite;Decrescente;C�u Claro;M�ltipla;Reta;N�o;2;0;1;0;1;0;1;1;-29,96827714;-51,16163341;SPRF-RS;DEL01-RS;UOP01-DEL01-RS;;;
729245;02/11/2025;domingo;18:50:00;SP;153;174;GUAICARA;Acessar a via sem observar a presen�a dos outros ve�culos;Colis�o transversal;Com V�timas Feridas;Anoitecer;Decrescente;Nublado;Simples;"Interse��o de Vias;Reta";Sim;2;0;1;0;1;0;1;2;-21,63341493;-49,78776455;SPRF-SP;DEL07-SP;UOP01-DEL07-SP;;;
729246;02/11/2025;domingo;19:20:00;CE;116;64;CHOROZINHO;Condutor deixou de manter dist�ncia do ve�culo da frente;Engavetamento;Com V�timas Feridas;Plena Noite;Decrescente;C�u Claro;Simples;Reta;N�o;6;0;1;0;5;0;1;3;-4,28881;-38,49663;SPRF-CE;DEL01-CE;UOP04-DEL01-CE;;;
729248;02/11/2025;domingo;20:22:00;CE;222;12,5;CAUCAIA;Defici�ncia do Sistema de Ilumina��o/Sinaliza��o;Queda de ocupante de ve�culo;Com V�timas Feridas;Plena Noite;Decrescente;C�u Claro;Dupla;"Em Obras;Curva";N�o;2;0;2;0;0;0;2;1;-3,765867;-38,666611;SPRF-CE;DEL01-CE;UOP01-DEL01-CE;;;
729249;02/11/2025;domingo;19:00:00;PR;116;149;MANDIRITUBA;Convers�o proibida;Colis�o lateral mesmo sentido;Com V�timas Feridas;Plena Noite;Crescente;Nublado;Simples;Reta;N�o;10;0;1;0;9;0;1;4;-25,8438;-49,349023;SPRF-PR;DEL01-PR;UOP03-DEL01-PR;;;
729250;02/11/2025;domingo;20:20:00;MG;381;486;BETIM;Condutor deixou de manter dist�ncia do ve�culo da frente;Engavetamento;Com V�timas Feridas;Plena Noite;Decrescente;Chuva;M�ltipla;"Declive;Reta";Sim;6;0;3;0;3;0;3;4;-19,95616;-44,10216;SPRF-MG;DEL01-MG;UOP03-DEL01-MG;;;
729252;02/11/2025;domingo;19:30:00;MG;40;693;ALFREDO VASCONCELOS;Aus�ncia de rea��o do condutor;Tombamento;Com V�timas Feridas;Plena Noite;Crescente;Nublado;Simples;Aclive;N�o;1;0;1;0;0;0;1;1;-21,15991762;-43,76130711;SPRF-MG;DEL05-MG;UOP02-DEL05-MG;;;
729253;02/11/2025;domingo;20:30:00;PR;376;258;CALIFORNIA;Chuva;Queda de ocupante de ve�culo;Com V�timas Feridas;Plena Noite;Decrescente;Garoa/Chuvisco;Simples;Reta;N�o;1;0;1;0;0;0;1;1;-23,684395;-51,349811;SPRF-PR;DEL07-PR;UOP03-DEL07-PR;;;
729254;02/11/2025;domingo;20:00:00;PE;232;168,1;TACAIMBO;Ingest�o de �lcool pelo condutor;Colis�o frontal;Sem V�timas;Plena Noite;Crescente;C�u Claro;Simples;Declive;N�o;2;0;0;0;2;0;0;2;-8,339915;-36,326693;SPRF-PE;DEL03-PE;UOP02-DEL03-PE;;;
729256;02/11/2025;domingo;19:00:00;MS;163;483;CAMPO GRANDE;Aus�ncia de rea��o do condutor;Tombamento;Com V�timas Feridas;Plena Noite;Crescente;Chuva;Simples;Reta;Sim;2;0;1;0;1;0;1;1;-20,45697135;-54,5462501;SPRF-MS;DEL01-MS;UOP02-DEL01-MS;;;
729257;02/11/2025;domingo;19:00:00;AP;210;181;PEDRA BRANCA DO AMAPARI;Transitar na contram�o;Colis�o frontal;Com V�timas Fatais;Plena Noite;Decrescente;Ignorado;Simples;Reta;N�o;2;1;0;0;1;0;0;2;0,782064;-51,966156;SPRF-AP;DEL01-AP;UOP01-DEL01-AP;;;
729258;02/11/2025;domingo;19:35:00;BA;407;9;JUAZEIRO;Aus�ncia de rea��o do condutor;Atropelamento de Pedestre;Com V�timas Fatais;Plena Noite;Decrescente;C�u Claro;Simples;Reta;N�o;3;1;1;0;1;0;1;2;-9,483718;-40,473653;SPRF-PE;DEL06-PE;UOP01-DEL06-PE;;;
729259;02/11/2025;domingo;19:30:00;SC;470;141,5;RIO DO SUL;Rea��o tardia ou ineficiente do condutor;Capotamento;Sem V�timas;Plena Noite;Decrescente;C�u Claro;Simples;Reta;N�o;1;0;0;0;0;1;0;1;-27,17208618;-49,58131074;SPRF-SC;DEL04-SC;UOP02-DEL04-SC;;;
729260;02/11/2025;domingo;06:00:00;BA;349;905;CORRENTINA;Velocidade Incompat�vel;Capotamento;Com V�timas Feridas;Pleno dia;Decrescente;C�u Claro;Simples;Reta;N�o;4;0;0;2;2;0;2;1;-13,3996391;-44,4062233;SPRF-BA;DEL10-BA;UOP02-DEL10-BA;;;
729261;02/11/2025;domingo;20:40:00;ES;101;65;SAO MATEUS;Aus�ncia de rea��o do condutor;Colis�o lateral mesmo sentido;Sem V�timas;Plena Noite;Decrescente;C�u Claro;Dupla;Reta;Sim;4;0;0;0;3;1;0;3;-18,71872577;-39,86930816;SPRF-ES;DEL04-ES;UOP02-DEL04-ES;;;
729262;02/11/2025;domingo;19:00:00;ES;101;65;SAO MATEUS;Aus�ncia de rea��o do condutor;Tombamento;Com V�timas Feridas;Plena Noite;Decrescente;C�u Claro;Dupla;Retorno Regulamentado;Sim;1;0;1;0;0;0;1;1;-18,72167253;-39,86316053;SPRF-ES;DEL04-ES;UOP02-DEL04-ES;;;
729263;02/11/2025;domingo;20:40:00;SC;282;509;XANXERE;Rea��o tardia ou ineficiente do condutor;Colis�o transversal;Com V�timas Fatais;Plena Noite;Crescente;Nublado;Simples;Reta;N�o;5;2;2;0;1;0;2;3;-26,89337476;-52,46035902;SPRF-SC;DEL07-SC;UOP01-DEL07-SC;;;
729264;02/11/2025;domingo;21:15:00;RJ;40;105;DUQUE DE CAXIAS;Trafegar com motocicleta (ou similar) entre as faixas;Colis�o lateral mesmo sentido;Com V�timas Feridas;Plena Noite;Decrescente;C�u Claro;Simples;"Aclive;Reta";Sim;3;0;1;0;2;0;1;2;-22,64088823;-43,28338815;SPRF-RJ;DEL01-RJ;UOP02-DEL01-RJ;;;
729265;02/11/2025;domingo;21:20:00;MG;40;517;RIBEIRAO DAS NEVES;Entrada inopinada do pedestre;Atropelamento de Pedestre;Com V�timas Feridas;Plena Noite;Crescente;Chuva;Dupla;Reta;Sim;2;0;0;1;0;1;1;2;-19,82930067;-44,08361793;SPRF-MG;DEL01-MG;UOP02-DEL01-MG;;;
729267;02/11/2025;domingo;12:45:00;PE;232;227;PESQUEIRA;Acesso irregular;Colis�o frontal;Com V�timas Fatais;Pleno dia;Crescente;C�u Claro;Dupla;Reta;Sim;4;2;0;2;0;0;2;2;-8,401106;-36,841255;SPRF-PE;DEL03-PE;UOP02-DEL03-PE;;;
729269;02/11/2025;domingo;21:15:00;SC;470;0;NAVEGANTES;Entrada inopinada do pedestre;Atropelamento de Pedestre;Com V�timas Feridas;Plena Noite;Crescente;C�u Claro;Dupla;Reta;Sim;2;0;1;0;1;0;1;2;-26,88765982;-48,66152141;SPRF-SC;DEL04-SC;UOP04-DEL04-SC;;;
729271;02/11/2025;domingo;22:00:00;PA;230;122;MARABA;Condutor desrespeitou a ilumina��o vermelha do sem�foro;Colis�o transversal;Sem V�timas;Plena Noite;Decrescente;C�u Claro;Dupla;Interse��o de Vias;N�o;2;0;0;0;2;0;0;2;-5,36553592;-49,12557769;SPRF-PA;DEL03-PA;UOP01-DEL03-PA;;;
729272;02/11/2025;domingo;17:30:00;RN;101;109;PARNAMIRIM;Aus�ncia de rea��o do condutor;Colis�o com objeto;Com V�timas Feridas;Anoitecer;Decrescente;C�u Claro;Dupla;Reta;Sim;1;0;0;1;0;0;1;1;-5,93902551;-35,26368588;SPRF-RN;DEL01-RN;UOP01-DEL01-RN;;;
729274;02/11/2025;domingo;19:30:00;PE;423;97;GARANHUNS;Ingest�o de �lcool pelo condutor;Colis�o frontal;Com V�timas Feridas;Plena Noite;Crescente;C�u Claro;Simples;Reta;N�o;2;0;1;1;0;0;2;2;-8,87953;-36,49571;SPRF-PE;DEL03-PE;UOP01-DEL03-PE;;;
729275;02/11/2025;domingo;21:15:00;RJ;101;505;ANGRA DOS REIS;Entrada inopinada do pedestre;Atropelamento de Pedestre;Com V�timas Feridas;Plena Noite;Crescente;Nublado;Simples;Reta;Sim;2;0;1;0;1;0;1;2;-22,94004789;-44,41200813;SPRF-RJ;DEL03-RJ;UOP03-DEL03-RJ;;;
729277;02/11/2025;domingo;22:30:00;RS;116;300;GUAIBA;Pedestre cruzava a pista fora da faixa;Atropelamento de Pedestre;Com V�timas Feridas;Plena Noite;Crescente;Nublado;Simples;Reta;Sim;2;0;0;1;1;0;1;2;-30,12227634;-51,34884149;SPRF-RS;DEL02-RS;UOP01-DEL02-RS;;;
729278;02/11/2025;domingo;21:20:00;MG;381;941,9;EXTREMA;Ingest�o de �lcool pelo condutor;Colis�o frontal;Com V�timas Feridas;Plena Noite;Crescente;Chuva;Dupla;Curva;N�o;8;0;1;3;4;0;4;3;-22,83010659;-46,3149303;SPRF-MG;DEL16-MG;UOP03-DEL16-MG;;;
729279;02/11/2025;domingo;14:30:00;MT;70;123;GENERAL CARNEIRO;Demais falhas mec�nicas ou el�tricas;Inc�ndio;Sem V�timas;Pleno dia;Crescente;Sol;Simples;Reta;N�o;1;0;0;0;1;0;0;1;-15,590542;-53,168342;SPRF-MT;DEL07-MT;UOP01-DEL07-MT;;;
729280;02/11/2025;domingo;23:20:00;MG;381;503;BETIM;Ingest�o de �lcool pelo condutor;Colis�o com objeto;Sem V�timas;Plena Noite;Decrescente;Chuva;M�ltipla;"Reta;Declive";Sim;2;0;0;0;2;0;0;1;-20,027024;-44,23265;SPRF-MG;DEL01-MG;UOP03-DEL01-MG;;;
729281;02/11/2025;domingo;22:00:00;MG;381;702,6;PERDOES;Condutor Dormindo;Sa�da de leito carro��vel;Com V�timas Feridas;Plena Noite;Decrescente;Nublado;Dupla;Reta;N�o;2;0;2;0;0;0;2;1;-21,066342;-45,052552;SPRF-MG;DEL04-MG;UOP02-DEL04-MG;;;
729282;02/11/2025;domingo;23:30:00;GO;153;503;GOIANIA;Ingest�o de �lcool pelo condutor;Sa�da de leito carro��vel;Sem V�timas;Plena Noite;Crescente;Chuva;Dupla;Reta;Sim;1;0;0;0;1;0;0;1;-16,7262797;-49,2413758;SPRF-GO;DEL01-GO;UOP01-DEL01-GO;;;
729283;02/11/2025;domingo;23:05:00;MG;381;782,9;CAMPANHA;Objeto est�tico sobre o leito carro��vel;Colis�o traseira;Com V�timas Feridas;Plena Noite;Crescente;Nublado;Dupla;"Curva;Declive";N�o;4;0;1;0;3;0;1;2;-21,832458;-45,499495;SPRF-MG;DEL16-MG;UOP02-DEL16-MG;;;
729284;03/11/2025;segunda-feira;00:20:00;MT;70;3,5;BARRA DO GARCAS;Rea��o tardia ou ineficiente do condutor;Queda de ocupante de ve�culo;Com V�timas Feridas;Plena Noite;Decrescente;Nublado;Dupla;Declive;Sim;1;0;1;0;0;0;1;1;-15,88186735;-52,27699729;SPRF-MT;DEL07-MT;UOP01-DEL07-MT;;;
729290;03/11/2025;segunda-feira;00:30:00;GO;60;172;ABADIA DE GOIAS;Acumulo de �gua sobre o pavimento;Capotamento;Com V�timas Feridas;Plena Noite;Crescente;Chuva;Dupla;"Retorno Regulamentado;Curva";N�o;1;0;1;0;0;0;1;1;-16,74575225;-49,42065304;SPRF-GO;DEL01-GO;UOP02-DEL01-GO;;;
729293;03/11/2025;segunda-feira;02:10:00;GO;153;426;ANAPOLIS;Animais na Pista;Atropelamento de Animal;Com V�timas Feridas;Plena Noite;Decrescente;Chuva;Dupla;"Reta;Aclive";N�o;2;0;1;0;1;0;1;1;-16,241814;-49,003169;SPRF-GO;DEL02-GO;UOP01-DEL02-GO;;;
729294;03/11/2025;segunda-feira;03:30:00;MG;381;507,4;SAO JOAQUIM DE BICAS;Animais na Pista;Atropelamento de Animal;Com V�timas Fatais;Plena Noite;Crescente;Nublado;Dupla;"Reta;Aclive";Sim;1;1;0;0;0;0;0;1;-20,041972;-44,2646737;SPRF-MG;DEL01-MG;UOP03-DEL01-MG;;;
729295;03/11/2025;segunda-feira;03:25:00;SP;381;6;VARGEM;Ingest�o de �lcool pelo condutor;Sa�da de leito carro��vel;Com V�timas Feridas;Plena Noite;Crescente;Nublado;M�ltipla;Curva;N�o;1;0;1;0;0;0;1;1;-22,896299;-46,418238;SPRF-SP;DEL03-SP;UOP02-DEL03-SP;;;
729297;03/11/2025;segunda-feira;02:00:00;GO;60;363;RIO VERDE;Chuva;Sa�da de leito carro��vel;Com V�timas Feridas;Plena Noite;Decrescente;Chuva;Dupla;"Reta;Declive";N�o;4;0;1;0;3;0;1;1;-17,658192;-50,809367;SPRF-GO;DEL04-GO;UOP02-DEL04-GO;;;
729300;03/11/2025;segunda-feira;05:15:00;SC;101;205;SAO JOSE;Velocidade Incompat�vel;Tombamento;Com V�timas Feridas;Amanhecer;Crescente;Garoa/Chuvisco;Dupla;Curva;Sim;1;0;1;0;0;0;1;1;-27,584576;-48,6169771;SPRF-SC;DEL01-SC;UOP01-DEL01-SC;;;
729301;03/11/2025;segunda-feira;04:30:00;PB;230;132,9;CAMPINA GRANDE;Demais falhas mec�nicas ou el�tricas;Sa�da de leito carro��vel;Com V�timas Feridas;Amanhecer;Crescente;C�u Claro;Dupla;Curva;N�o;2;0;2;0;0;0;2;1;-7,272671;-35,752042;SPRF-PB;DEL02-PB;UOP01-DEL02-PB;;;
729302;03/11/2025;segunda-feira;04:50:00;PA;316;92;SANTA MARIA DO PARA;Transitar na contram�o;Colis�o frontal;Com V�timas Feridas;Amanhecer;Decrescente;C�u Claro;Simples;Reta;N�o;2;0;1;0;1;0;1;2;-1,3385849;-47,5846378;SPRF-PA;DEL01-PA;UOP02-DEL01-PA;;;
729303;03/11/2025;segunda-feira;05:40:00;MG;153;24;CENTRALINA;Rea��o tardia ou ineficiente do condutor;Tombamento;Com V�timas Feridas;Pleno dia;Decrescente;C�u Claro;Dupla;Reta;N�o;1;0;1;0;0;0;1;1;-18,6458;-49,1752;SPRF-MG;DEL15-MG;UOP03-DEL15-MG;;;
729305;03/11/2025;segunda-feira;05:50:00;RJ;493;60;NOVA IGUACU;Rea��o tardia ou ineficiente do condutor;Sa�da de leito carro��vel;Com V�timas Feridas;Pleno dia;Decrescente;Nublado;Dupla;Reta;N�o;3;0;1;0;2;0;1;1;-22,6770443;-43,4037973;SPRF-RJ;DEL01-RJ;UOP03-DEL01-RJ;;;
729307;03/11/2025;segunda-feira;06:00:00;ES;262;51;MARECHAL FLORIANO;Aus�ncia de rea��o do condutor;Queda de ocupante de ve�culo;Com V�timas Feridas;Pleno dia;Crescente;C�u Claro;Simples;Reta;N�o;2;0;2;0;0;0;2;1;-20,4136603;-40,7150185;SPRF-ES;DEL01-ES;UOP01-DEL01-ES;;;