id;data_inversa;dia_semana;horario;uf;br;km;municipio;causa_acidente;tipo_acidente;classificacao_acidente;fase_dia;sentido_via;condicao_metereologica;tipo_pista;tracado_via;uso_solo;pessoas;mortos;feridos_leves;feridos_graves;ilesos;ignorados;feridos;veiculos;latitude;longitude;regional;delegacia;uop;;;
729308;03/11/2025;segunda-feira;06:38:00;SP;153;62,2;SAO JOSE DO RIO PRETO;Pista Escorregadia;Queda de ocupante de ve�culo;Com V�timas Feridas;Pleno dia;Crescente;Garoa/Chuvisco;Dupla;Aclive;Sim;1;0;1;0;0;0;1;1;-20,81374978;-49,35693261;SPRF-SP;DEL09-SP;UOP01-DEL09-SP;;;
729309;03/11/2025;segunda-feira;06:33:00;MG;381;477;CONTAGEM;Condutor deixou de manter dist�ncia do ve�culo da frente;Colis�o traseira;Com V�timas Feridas;Pleno dia;Decrescente;Nublado;Dupla;Reta;Sim;3;0;1;0;1;1;1;3;-19,958087;-44,030502;SPRF-MG;DEL01-MG;UOP03-DEL01-MG;;;
729312;03/11/2025;segunda-feira;07:00:00;PR;116;125;FAZENDA RIO GRANDE;Manobra de mudan�a de faixa;Colis�o traseira;Com V�timas Feridas;Pleno dia;Decrescente;C�u Claro;Dupla;Reta;Sim;2;0;1;0;1;0;1;2;-25,63406354;-49,31324808;SPRF-PR;DEL01-PR;UOP03-DEL01-PR;;;
729314;24/10/2025;sexta-feira;09:00:00;BA;324;621;SALVADOR;Rea��o tardia ou ineficiente do condutor;Tombamento;Com V�timas Feridas;Pleno dia;Crescente;C�u Claro;M�ltipla;Reta;Sim;2;0;1;1;0;0;2;1;-12,91799581;-38,46404739;SPRF-BA;DEL01-BA;UOP01-DEL01-BA;;;
729315;03/11/2025;segunda-feira;06:00:00;PR;116;124;FAZENDA RIO GRANDE;Rea��o tardia ou ineficiente do condutor;Queda de ocupante de ve�culo;Sem V�timas;Pleno dia;Decrescente;C�u Claro;Dupla;Reta;N�o;1;0;0;0;0;1;0;1;-25,627647;-49,314237;SPRF-PR;DEL01-PR;UOP03-DEL01-PR;;;
729316;03/11/2025;segunda-feira;00:50:00;RO;364;441,4;JARU;Animais na Pista;Tombamento;Com V�timas Feridas;Plena Noite;Crescente;Nublado;Simples;Reta;N�o;1;0;1;0;0;0;1;1;-10,347292;-62,591162;SPRF-RO;DEL03-RO;UOP02-DEL03-RO;;;
729318;22/10/2025;quarta-feira;13:00:00;SC;282;349,3;CAMPOS NOVOS;Mal s�bito do condutor;Colis�o frontal;Com V�timas Feridas;Pleno dia;Crescente;C�u Claro;Simples;Reta;N�o;2;0;2;0;0;0;2;2;-27,359954;-51,277539;SPRF-SC;DEL07-SC;UOP06-DEL07-SC;;;
729319;03/11/2025;segunda-feira;07:05:00;RN;110;42;MOSSORO;Rea��o tardia ou ineficiente do condutor;Queda de ocupante de ve�culo;Com V�timas Feridas;Pleno dia;Decrescente;C�u Claro;Simples;Reta;N�o;2;0;2;0;0;0;2;1;-5,3028331;-37,2811043;SPRF-RN;DEL04-RN;UOP01-DEL04-RN;;;
729320;03/11/2025;segunda-feira;07:00:00;PI;343;311;ALTOS;Condutor deixou de manter dist�ncia do ve�culo da frente;Colis�o traseira;Com V�timas Feridas;Pleno dia;Crescente;C�u Claro;Simples;Reta;N�o;4;0;0;1;3;0;1;4;-5,040103;-42,496925;SPRF-PI;DEL01-PI;UOP01-DEL01-PI;;;
729322;03/11/2025;segunda-feira;08:00:00;MG;381;483;BETIM;Manobra de mudan�a de faixa;Colis�o lateral mesmo sentido;Com V�timas Feridas;Pleno dia;Decrescente;C�u Claro;M�ltipla;"Aclive;Reta";Sim;3;0;1;0;2;0;1;2;-19,95962;-44,087032;SPRF-MG;DEL01-MG;UOP03-DEL01-MG;;;
729323;03/11/2025;segunda-feira;08:00:00;SP;153;58,7;SAO JOSE DO RIO PRETO;Velocidade Incompat�vel;Colis�o traseira;Com V�timas Feridas;Pleno dia;Crescente;Nublado;Dupla;Reta;Sim;3;0;1;0;1;1;1;3;-20,78478406;-49,35393333;SPRF-SP;DEL09-SP;UOP01-DEL09-SP;;;
729324;03/11/2025;segunda-feira;07:17:00;SC;101;102;BALNEARIO PICARRAS;Rea��o tardia ou ineficiente do condutor;Colis�o traseira;Com V�timas Feridas;Pleno dia;Decrescente;Nublado;Simples;Reta;N�o;2;0;1;0;1;0;1;2;-26,77699067;-48,68528205;SPRF-SC;DEL03-SC;UOP02-DEL03-SC;;;
729326;03/11/2025;segunda-feira;08:00:00;SC;101;41;JOINVILLE;Manobra de mudan�a de faixa;Colis�o lateral mesmo sentido;Sem V�timas;Pleno dia;Crescente;Nublado;Dupla;"Reta;Ponte";N�o;2;0;0;0;2;0;0;2;-26,319257;-48,87129;SPRF-SC;DEL03-SC;UOP01-DEL03-SC;;;
729327;03/11/2025;segunda-feira;07:50:00;SE;235;47;ITABAIANA;Condutor Dormindo;Colis�o frontal;Com V�timas Feridas;Pleno dia;Decrescente;C�u Claro;Simples;Reta;Sim;3;0;3;0;0;0;3;3;-10,7057326;-37,427422;SPRF-SE;DEL01-SE;UOP02-DEL01-SE;;;
729328;03/11/2025;segunda-feira;06:08:00;SP;153;277,5;OCAUCU;Manobra de mudan�a de faixa;Colis�o frontal;Com V�timas Feridas;Amanhecer;Crescente;Nublado;Simples;"Reta;Aclive";N�o;3;0;0;2;0;1;2;3;-22,394773;-49,86363;SPRF-SP;DEL07-SP;UOP02-DEL07-SP;;;
729332;03/11/2025;segunda-feira;07:10:00;SC;163;106;SAO JOSE DO CEDRO;Acessar a via sem observar a presen�a dos outros ve�culos;Colis�o lateral sentido oposto;Com V�timas Feridas;Pleno dia;Crescente;C�u Claro;Simples;Interse��o de Vias;Sim;3;0;0;1;2;0;1;3;-26,43311376;-53,51878093;SPRF-SC;DEL07-SC;UOP03-DEL07-SC;;;
729333;03/11/2025;segunda-feira;08:38:00;CE;116;16;EUSEBIO;Condutor deixou de manter dist�ncia do ve�culo da frente;Colis�o traseira;Com V�timas Feridas;Pleno dia;Decrescente;C�u Claro;Dupla;"Declive;Reta";N�o;3;0;2;0;1;0;2;2;-3,89066692;-38,50196812;SPRF-CE;DEL01-CE;UOP02-DEL01-CE;;;
729335;03/11/2025;segunda-feira;08:20:00;SE;235;2,9;ARACAJU;Rea��o tardia ou ineficiente do condutor;Colis�o traseira;Com V�timas Feridas;Pleno dia;Decrescente;C�u Claro;Dupla;Reta;N�o;3;0;2;0;1;0;2;2;-10,9022;-37,0776;SPRF-SE;DEL01-SE;UOP01-DEL01-SE;;;
729337;02/11/2025;domingo;23:20:00;AC;364;124;RIO BRANCO;Acessar a via sem observar a presen�a dos outros ve�culos;Colis�o transversal;Com V�timas Feridas;Plena Noite;Crescente;C�u Claro;Dupla;Rotat�ria;Sim;6;0;2;0;4;0;2;2;-10,01191247;-67,79848544;SPRF-AC;DEL01-AC;UOP01-DEL01-AC;;;
729338;03/11/2025;segunda-feira;08:05:00;RN;304;63,6;MOSSORO;Ultrapassagem Indevida;Colis�o traseira;Com V�timas Feridas;Pleno dia;Decrescente;C�u Claro;Simples;Reta;N�o;3;0;0;1;2;0;1;3;-5,3518567;-37,2537583;SPRF-RN;DEL04-RN;UOP01-DEL04-RN;;;
729339;03/11/2025;segunda-feira;07:30:00;SC;282;2,4;FLORIANOPOLIS;Rea��o tardia ou ineficiente do condutor;Colis�o lateral mesmo sentido;Com V�timas Feridas;Pleno dia;Decrescente;Nublado;M�ltipla;"Declive;Reta";Sim;3;0;2;0;1;0;2;2;-27,60318605;-48,59157862;SPRF-SC;DEL01-SC;UOP01-DEL01-SC;;;
729341;03/11/2025;segunda-feira;07:05:00;RJ;40;121;DUQUE DE CAXIAS;Acessar a via sem observar a presen�a dos outros ve�culos;Colis�o transversal;Com V�timas Feridas;Pleno dia;Crescente;C�u Claro;M�ltipla;Reta;Sim;3;0;1;0;2;0;1;3;-22,78712189;-43,28557491;SPRF-RJ;DEL01-RJ;UOP02-DEL01-RJ;;;
729342;03/11/2025;segunda-feira;08:30:00;SP;381;78;SAO PAULO;Manobra de mudan�a de faixa;Colis�o lateral mesmo sentido;Com V�timas Feridas;Pleno dia;Crescente;C�u Claro;M�ltipla;Reta;N�o;2;0;0;1;1;0;1;2;-23,4758274;-46,5612548;SPRF-SP;DEL03-SP;UOP01-DEL03-SP;;;
729343;03/11/2025;segunda-feira;07:50:00;GO;158;243;JATAI;Condutor Dormindo;Sa�da de leito carro��vel;Com V�timas Feridas;Pleno dia;Crescente;Sol;Simples;Reta;N�o;2;0;0;2;0;0;2;1;-17,63837055;-51,85033768;SPRF-GO;DEL05-GO;UOP01-DEL05-GO;;;
729344;03/11/2025;segunda-feira;08:30:00;RJ;116;178;SAO JOAO DE MERITI;Demais falhas mec�nicas ou el�tricas;Queda de ocupante de ve�culo;Com V�timas Feridas;Pleno dia;Crescente;C�u Claro;Dupla;Reta;Sim;1;0;1;0;0;0;1;1;-22,78123094;-43,39067308;SPRF-RJ;DEL06-RJ;UOP01-DEL06-RJ;;;
729347;03/11/2025;segunda-feira;06:50:00;RJ;40;115;DUQUE DE CAXIAS;Demais falhas mec�nicas ou el�tricas;Tombamento;Com V�timas Feridas;Pleno dia;Decrescente;C�u Claro;Dupla;Reta;N�o;2;0;1;0;1;0;1;1;-22,7320755;-43,2886151;SPRF-RJ;DEL01-RJ;UOP02-DEL01-RJ;;;
729348;03/11/2025;segunda-feira;07:50:00;MG;50;127;UBERABA;Aus�ncia de rea��o do condutor;Sa�da de leito carro��vel;Com V�timas Feridas;Pleno dia;Decrescente;Garoa/Chuvisco;Dupla;Reta;N�o;1;0;1;0;0;0;1;1;-19,36626777;-48,0790574;SPRF-MG;DEL13-MG;UOP01-DEL13-MG;;;
729349;03/11/2025;segunda-feira;07:30:00;AC;364;124;RIO BRANCO;Acumulo de �leo sobre o pavimento;Colis�o com objeto;Com V�timas Feridas;Pleno dia;Decrescente;C�u Claro;Dupla;Curva;Sim;1;0;1;0;0;0;1;1;-10,01151676;-67,79700637;SPRF-AC;DEL01-AC;UOP01-DEL01-AC;;;
729351;03/11/2025;segunda-feira;09:50:00;PE;101;44,8;IGARASSU;Aus�ncia de rea��o do condutor;Atropelamento de Pedestre;Com V�timas Feridas;Pleno dia;Decrescente;C�u Claro;M�ltipla;Reta;Sim;2;0;1;0;1;0;1;2;-7,864637;-34,90722;SPRF-PE;DEL01-PE;UOP02-DEL01-PE;;;
729352;03/11/2025;segunda-feira;10:20:00;SP;116;160,6;JACAREI;Transitar no Acostamento;Colis�o traseira;Sem V�timas;Pleno dia;Crescente;Sol;Dupla;Reta;Sim;3;0;0;0;3;0;0;2;-23,26537551;-45,95943689;SPRF-SP;DEL02-SP;UOP01-DEL02-SP;;;
729353;25/10/2025;s�bado;19:30:00;TO;153;497;PARAISO DO TOCANTINS;Transitar na contram�o;Colis�o frontal;Com V�timas Feridas;Plena Noite;Crescente;C�u Claro;Simples;Reta;Sim;2;0;0;1;0;1;1;2;-10,17234334;-48,88100473;SPRF-TO;DEL01-TO;UOP01-DEL01-TO;;;
729355;03/11/2025;segunda-feira;10:05:00;PB;101;77,5;SANTA RITA;Rea��o tardia ou ineficiente do condutor;Colis�o com objeto;Sem V�timas;Pleno dia;Decrescente;C�u Claro;Simples;"Em Obras;Reta;Ponte";N�o;1;0;0;0;1;0;0;1;-7,10364;-34,96441;SPRF-PB;DEL01-PB;UOP03-DEL01-PB;;;
729356;03/11/2025;segunda-feira;10:35:00;MG;262;383;FLORESTAL;Demais falhas mec�nicas ou el�tricas;Inc�ndio;Sem V�timas;Pleno dia;Crescente;Nublado;Dupla;"Aclive;Reta";N�o;1;0;0;0;1;0;0;1;-19,918664;-44,490577;SPRF-MG;DEL01-MG;UOP03-DEL01-MG;;;
729357;18/10/2025;s�bado;08:50:00;RS;470;218;BENTO GONCALVES;Acumulo de �gua sobre o pavimento;Sa�da de leito carro��vel;Com V�timas Feridas;Pleno dia;Decrescente;Garoa/Chuvisco;Dupla;Curva;N�o;1;0;1;0;0;0;1;1;-29,1849388;-51,52137011;SPRF-RS;DEL06-RS;UOP01-DEL06-RS;;;
729358;03/11/2025;segunda-feira;09:40:00;RJ;101;480;ANGRA DOS REIS;Aus�ncia de rea��o do condutor;Queda de ocupante de ve�culo;Com V�timas Feridas;Pleno dia;Decrescente;C�u Claro;Dupla;Declive;N�o;2;0;2;0;0;0;2;1;-23,00801624;-44,21516418;SPRF-RJ;DEL03-RJ;UOP03-DEL03-RJ;;;
729362;03/11/2025;segunda-feira;11:30:00;ES;101;238;FUNDAO;Objeto est�tico sobre o leito carro��vel;Colis�o com objeto;Com V�timas Feridas;Pleno dia;Crescente;C�u Claro;Simples;Reta;N�o;1;0;1;0;0;0;1;1;-20,01210422;-40,40600916;SPRF-ES;DEL02-ES;UOP01-DEL02-ES;;;
729365;03/11/2025;segunda-feira;05:00:00;PI;135;208;ELISEU MARTINS;Pedestre cruzava a pista fora da faixa;Atropelamento de Pedestre;Com V�timas Fatais;Amanhecer;Decrescente;Nublado;Simples;Aclive;N�o;2;1;0;0;1;0;0;2;-8,0921304;-43,6728507;SPRF-PI;DEL03-PI;UOP01-DEL03-PI;;;
729367;03/11/2025;segunda-feira;12:00:00;RN;226;200;SAO VICENTE;Mal s�bito do condutor;Colis�o frontal;Com V�timas Fatais;Pleno dia;Crescente;C�u Claro;Simples;Reta;N�o;2;1;0;0;1;0;0;2;-6,21735363;-36,69364929;SPRF-RN;DEL03-RN;UOP02-DEL03-RN;;;
729368;03/11/2025;segunda-feira;10:52:00;SP;116;304;SAO LOURENCO DA SERRA;Demais falhas mec�nicas ou el�tricas;Sa�da de leito carro��vel;Com V�timas Feridas;Pleno dia;Crescente;C�u Claro;Dupla;Curva;N�o;2;0;1;0;1;0;1;1;-23,81312553;-46,92260742;SPRF-SP;DEL04-SP;UOP01-DEL04-SP;;;
729369;03/11/2025;segunda-feira;10:30:00;RJ;493;1;ITABORAI;Convers�o proibida;Colis�o transversal;Com V�timas Feridas;Pleno dia;Crescente;Nublado;Dupla;Reta;Sim;2;0;1;0;1;0;1;2;-22,76581852;-42,92399017;SPRF-RJ;DEL02-RJ;UOP02-DEL02-RJ;;;
729370;03/11/2025;segunda-feira;11:40:00;SC;101;197,5;BIGUACU;Manobra de mudan�a de faixa;Tombamento;Com V�timas Feridas;Pleno dia;Decrescente;Nublado;M�ltipla;"Reta;Aclive";Sim;2;0;1;0;0;1;1;2;-27,522735;-48,636868;SPRF-SC;DEL01-SC;UOP01-DEL01-SC;;;
729371;03/11/2025;segunda-feira;12:15:00;SC;101;222,8;PALHOCA;Avarias e/ou desgaste excessivo no pneu;Tombamento;Com V�timas Feridas;Pleno dia;Decrescente;Nublado;Dupla;"Reta;Declive";N�o;1;0;0;1;0;0;1;1;-27,70849;-48,65586;SPRF-SC;DEL01-SC;UOP02-DEL01-SC;;;
729372;03/11/2025;segunda-feira;12:00:00;SP;116;137;SAO JOSE DOS CAMPOS;Condutor deixou de manter dist�ncia do ve�culo da frente;Colis�o traseira;Com V�timas Feridas;Pleno dia;Decrescente;Nublado;Dupla;Reta;Sim;1;0;1;0;0;0;1;1;-23,15291658;-45,78684113;SPRF-SP;DEL02-SP;UOP01-DEL02-SP;;;
729373;03/11/2025;segunda-feira;12:20:00;SC;101;205,8;SAO JOSE;Velocidade Incompat�vel;Tombamento;Com V�timas Feridas;Pleno dia;Crescente;Nublado;M�ltipla;Reta;Sim;2;0;1;0;0;1;1;2;-27,58868402;-48,61711828;SPRF-SC;DEL01-SC;UOP01-DEL01-SC;;;
729374;03/11/2025;segunda-feira;11:00:00;MA;10;250,7;IMPERATRIZ;Manobra de mudan�a de faixa;Tombamento;Com V�timas Feridas;Pleno dia;Decrescente;C�u Claro;Dupla;Reta;Sim;3;0;1;0;1;1;1;3;-5,542586;-47,465334;SPRF-MA;DEL04-MA;UOP01-DEL04-MA;;;
729375;03/11/2025;segunda-feira;12:20:00;MT;70;2;BARRA DO GARCAS;Acessar a via sem observar a presen�a dos outros ve�culos;Colis�o transversal;Com V�timas Feridas;Pleno dia;Crescente;C�u Claro;Simples;Declive;Sim;4;0;2;0;2;0;2;2;-15,88793324;-52,26755261;SPRF-MT;DEL07-MT;UOP01-DEL07-MT;;;
729378;03/11/2025;segunda-feira;08:00:00;MG;50;54;ARAGUARI;Rea��o tardia ou ineficiente do condutor;Sa�da de leito carro��vel;Com V�timas Feridas;Pleno dia;Crescente;Chuva;Dupla;Curva;N�o;1;0;1;0;0;0;1;1;-18,771439;-48,244486;SPRF-MG;DEL15-MG;UOP02-DEL15-MG;;;
729379;03/11/2025;segunda-feira;12:30:00;PR;277;719,5;FOZ DO IGUACU;Avarias e/ou desgaste excessivo no pneu;Tombamento;Com V�timas Feridas;Pleno dia;Crescente;C�u Claro;Dupla;"Reta;Declive";Sim;1;0;1;0;0;0;1;1;-25,48558583;-54,49882959;SPRF-PR;DEL05-PR;UOP03-DEL05-PR;;;
729382;03/11/2025;segunda-feira;13:10:00;CE;116;65,8;CHOROZINHO;Acessar a via sem observar a presen�a dos outros ve�culos;Colis�o transversal;Com V�timas Feridas;Pleno dia;Crescente;Sol;Simples;Interse��o de Vias;Sim;2;0;1;0;1;0;1;2;-4,29936009;-38,50182295;SPRF-CE;DEL01-CE;UOP04-DEL01-CE;;;
729383;03/11/2025;segunda-feira;13:10:00;GO;60;388;RIO VERDE;Retorno proibido;Colis�o transversal;Com V�timas Feridas;Pleno dia;Crescente;Nublado;Dupla;Reta;Sim;2;0;0;1;1;0;1;2;-17,82426472;-50,95602751;SPRF-GO;DEL04-GO;UOP02-DEL04-GO;;;
729385;03/11/2025;segunda-feira;13:40:00;SC;116;5,5;MAFRA;Desrespeitar a prefer�ncia no cruzamento;Colis�o transversal;Com V�timas Feridas;Pleno dia;Decrescente;C�u Claro;Simples;"Declive;Reta;Interse��o de Vias";Sim;3;0;1;0;2;0;1;2;-26,14532317;-49,82142552;SPRF-SC;DEL06-SC;UOP01-DEL06-SC;;;
729386;30/10/2025;quinta-feira;15:00:00;PR;163;10,8;BARRACAO;Pedestre cruzava a pista fora da faixa;Atropelamento de Pedestre;Com V�timas Feridas;Pleno dia;Crescente;C�u Claro;Simples;Declive;Sim;2;0;1;0;1;0;1;2;-26,240943;-53,635084;SPRF-PR;DEL02-PR;UOP02-DEL02-PR;;;
729387;10/02/2025;segunda-feira;07:25:00;RS;290;88;PORTO ALEGRE;Condutor deixou de manter dist�ncia do ve�culo da frente;Colis�o traseira;Sem V�timas;Pleno dia;Crescente;C�u Claro;Dupla;Reta;N�o;4;0;0;0;4;0;0;3;-29,967531;-51,137264;SPRF-RS;DEL01-RS;UOP01-DEL01-RS;;;
729389;03/11/2025;segunda-feira;11:40:00;PE;101;119;IPOJUCA;Aus�ncia de rea��o do condutor;Queda de ocupante de ve�culo;Com V�timas Feridas;Pleno dia;Decrescente;C�u Claro;Simples;Reta;N�o;1;0;1;0;0;0;1;1;-8,35357934;-35,17837018;SPRF-PE;DEL01-PE;UOP03-DEL01-PE;;;
729390;03/11/2025;segunda-feira;14:00:00;SC;101;262,6;GAROPABA;Mal s�bito do condutor;Sa�da de leito carro��vel;Com V�timas Feridas;Pleno dia;Crescente;Chuva;M�ltipla;Reta;N�o;2;0;2;0;0;0;2;1;-28,04211097;-48,71337279;SPRF-SC;DEL02-SC;UOP03-DEL02-SC;;;
729391;03/11/2025;segunda-feira;12:15:00;PR;376;306;MAUA DA SERRA;Afundamento ou ondula��o no pavimento;Capotamento;Com V�timas Feridas;Pleno dia;Decrescente;Garoa/Chuvisco;Dupla;"Declive;Reta";N�o;1;0;1;0;0;0;1;1;-23,96166602;-51,11479282;SPRF-PR;DEL07-PR;UOP02-DEL07-PR;;;
729393;18/10/2025;s�bado;17:05:00;SC;470;103,3;APIUNA;Manobra de mudan�a de faixa;Colis�o lateral mesmo sentido;Com V�timas Feridas;Pleno dia;Decrescente;Nublado;Simples;Reta;Sim;5;0;2;0;3;0;2;4;-27,06364;-49,40623;SPRF-SC;DEL04-SC;UOP02-DEL04-SC;;;
729394;03/11/2025;segunda-feira;12:00:00;MT;163;866;SINOP;Aus�ncia de rea��o do condutor;Queda de ocupante de ve�culo;Com V�timas Feridas;Pleno dia;Crescente;C�u Claro;Simples;Reta;N�o;1;0;1;0;0;0;1;1;-11,59717045;-55,42667985;SPRF-MT;DEL06-MT;UOP02-DEL06-MT;;;
729395;03/11/2025;segunda-feira;13:45:00;BA;101;877;TEIXEIRA DE FREITAS;Manobra de mudan�a de faixa;Colis�o traseira;Com V�timas Feridas;Pleno dia;Crescente;C�u Claro;Simples;Reta;Sim;3;0;1;1;1;0;2;2;-17,546393;-39,71891;SPRF-BA;DEL09-BA;UOP02-DEL09-BA;;;
729397;03/11/2025;segunda-feira;15:10:00;MG;381;648,9;SANTO ANTONIO DO AMPARO;Ingest�o de �lcool pelo condutor;Queda de ocupante de ve�culo;Com V�timas Feridas;Pleno dia;Crescente;C�u Claro;Dupla;Curva;N�o;1;0;0;1;0;0;1;1;-20,97811;-44,93888855;SPRF-MG;DEL04-MG;UOP02-DEL04-MG;;;
729398;03/11/2025;segunda-feira;14:00:00;BA;101;183;SAO GONCALO DOS CAMPOS;Aus�ncia de rea��o do condutor;Queda de ocupante de ve�culo;Com V�timas Feridas;Pleno dia;Crescente;C�u Claro;Simples;Declive;N�o;2;0;1;0;1;0;1;1;-12,4649469;-38,9346773;SPRF-BA;DEL01-BA;UOP03-DEL01-BA;;;
729399;03/11/2025;segunda-feira;14:30:00;RS;287;400,8;SANTIAGO;Desrespeitar a prefer�ncia no cruzamento;Colis�o transversal;Com V�timas Feridas;Pleno dia;Crescente;Sol;Simples;Interse��o de Vias;Sim;2;0;1;0;1;0;1;2;-29,16174274;-54,87879684;SPRF-RS;DEL12-RS;UOP02-DEL12-RS;;;
729400;03/11/2025;segunda-feira;15:40:00;PI;343;184;PIRIPIRI;Desrespeitar a prefer�ncia no cruzamento;Colis�o transversal;Com V�timas Feridas;Pleno dia;Crescente;C�u Claro;Simples;Rotat�ria;N�o;2;0;1;0;1;0;1;2;-4,27728;-41,76321;SPRF-PI;DEL02-PI;UOP01-DEL02-PI;;;
729401;03/11/2025;segunda-feira;15:40:00;SP;381;45;ATIBAIA;Aus�ncia de rea��o do condutor;Colis�o com objeto;Com V�timas Feridas;Pleno dia;Crescente;C�u Claro;M�ltipla;"Reta;Declive";N�o;1;0;1;0;0;0;1;1;-23,174935;-46,5784;SPRF-SP;DEL03-SP;UOP01-DEL03-SP;;;
729404;03/11/2025;segunda-feira;14:00:00;TO;153;751;ALVORADA;Condutor deixou de manter dist�ncia do ve�culo da frente;Colis�o traseira;Com V�timas Feridas;Pleno dia;Decrescente;C�u Claro;Simples;Reta;N�o;2;0;1;0;1;0;1;2;-12,38782167;-49,13489833;SPRF-TO;DEL01-TO;UOP02-DEL01-TO;;;
729405;03/11/2025;segunda-feira;15:45:00;MG;381;485;BETIM;Condutor usando celular;Colis�o traseira;Com V�timas Feridas;Pleno dia;Crescente;C�u Claro;Dupla;"Reta;Aclive";Sim;2;0;1;0;1;0;1;2;-19,95606927;-44,10503117;SPRF-MG;DEL01-MG;UOP03-DEL01-MG;;;
729406;03/11/2025;segunda-feira;15:30:00;RJ;116;181;NOVA IGUACU;Chuva;Queda de ocupante de ve�culo;Com V�timas Feridas;Pleno dia;Crescente;Chuva;Dupla;Reta;Sim;1;0;1;0;0;0;1;1;-22,7600364;-43,42792511;SPRF-RJ;DEL06-RJ;UOP01-DEL06-RJ;;;
729408;03/11/2025;segunda-feira;13:00:00;GO;50;217;CAMPO ALEGRE DE GOIAS;Condutor Dormindo;Sa�da de leito carro��vel;Com V�timas Feridas;Pleno dia;Crescente;Nublado;Dupla;Reta;N�o;5;0;5;0;0;0;5;1;-17,68131579;-47,72821426;SPRF-GO;DEL06-GO;UOP01-DEL06-GO;;;
729409;03/11/2025;segunda-feira;16:10:00;SC;101;45;PALHOCA;Demais falhas mec�nicas ou el�tricas;Sa�da de leito carro��vel;Com V�timas Feridas;Pleno dia;Crescente;Nublado;M�ltipla;Curva;Sim;2;0;1;1;0;0;2;1;-27,6784546;-48,69951725;SPRF-SC;DEL01-SC;UOP02-DEL01-SC;;;
729412;03/11/2025;segunda-feira;13:20:00;SC;470;337,9;CAMPOS NOVOS;Avarias e/ou desgaste excessivo no pneu;Sa�da de leito carro��vel;Com V�timas Feridas;Pleno dia;Decrescente;Chuva;Simples;Curva;N�o;1;0;1;0;0;0;1;1;-27,5234437;-51,3539101;SPRF-SC;DEL07-SC;UOP06-DEL07-SC;;;
729413;23/08/2025;s�bado;17:38:00;DF;70;13;BRASILIA;Rea��o tardia ou ineficiente do condutor;Colis�o com objeto;Com V�timas Feridas;Plena Noite;Crescente;C�u Claro;Dupla;Reta;Sim;1;0;1;0;0;0;1;1;-15,7935234;-48,16237807;SPRF-DF;DEL03-DF;UOP02-DEL03-DF;;;
729415;03/11/2025;segunda-feira;13:30:00;MT;70;193;GENERAL CARNEIRO;Aus�ncia de rea��o do condutor;Sa�da de leito carro��vel;Com V�timas Feridas;Pleno dia;Decrescente;Nublado;Simples;"Declive;Curva";N�o;1;0;1;0;0;0;1;1;-15,715613;-53,658922;SPRF-MT;DEL05-MT;UOP01-DEL05-MT;;;
729416;03/11/2025;segunda-feira;09:50:00;MG;365;258;SAO GONCALO DO ABAETE;Chuva;Sa�da de leito carro��vel;Com V�timas Feridas;Amanhecer;Decrescente;Chuva;Simples;"Curva;Declive";N�o;3;0;2;1;0;0;3;1;-17,8605;-45,50743;SPRF-MG;DEL10-MG;UOP02-DEL010-MG;;;
729417;03/11/2025;segunda-feira;16:30:00;SC;101;209,6;SAO JOSE;Acessar a via sem observar a presen�a dos outros ve�culos;Colis�o transversal;Com V�timas Feridas;Pleno dia;Crescente;C�u Claro;Dupla;"Reta;Interse��o de Vias";Sim;3;0;1;0;2;0;1;2;-27,61296;-48,64213;SPRF-SC;DEL01-SC;UOP01-DEL01-SC;;;
729418;31/10/2025;sexta-feira;07:20:00;AP;210;0;MACAPA;Acessar a via sem observar a presen�a dos outros ve�culos;Colis�o traseira;Com V�timas Feridas;Pleno dia;Decrescente;C�u Claro;Dupla;Reta;Sim;2;0;1;0;1;0;1;2;0,0773953;-51,06587183;SPRF-AP;DEL01-AP;UOP01-DEL01-AP;;;
729419;03/11/2025;segunda-feira;16:15:00;RO;364;13;VILHENA;Rea��o tardia ou ineficiente do condutor;Colis�o traseira;Com V�timas Feridas;Pleno dia;Crescente;Sol;Dupla;Rotat�ria;Sim;2;0;1;0;1;0;1;2;-12,739028;-60,139083;SPRF-RO;DEL04-RO;UOP01-DEL04-RO;;;
729422;03/11/2025;segunda-feira;15:15:00;RJ;101;418;MANGARATIBA;Ultrapassagem Indevida;Colis�o lateral mesmo sentido;Com V�timas Feridas;Pleno dia;Crescente;C�u Claro;Simples;"Aclive;Reta";N�o;2;0;1;0;1;0;1;2;-22,91729;-43,91255;SPRF-RJ;DEL03-RJ;UOP02-DEL03-RJ;;;
729423;03/11/2025;segunda-feira;17:30:00;SP;381;89;GUARULHOS;Acesso irregular;Atropelamento de Pedestre;Com V�timas Feridas;Pleno dia;Crescente;C�u Claro;M�ltipla;Reta;Sim;2;0;1;0;1;0;1;2;-23,4853591;-46,5576915;SPRF-SP;DEL03-SP;UOP01-DEL03-SP;;;
729424;03/11/2025;segunda-feira;17:00:00;SP;153;61,9;SAO JOSE DO RIO PRETO;Demais falhas mec�nicas ou el�tricas;Tombamento;Com V�timas Feridas;Anoitecer;Crescente;Nublado;Dupla;"Reta;Declive";Sim;1;0;1;0;0;0;1;1;-20,810061;-49,356584;SPRF-SP;DEL09-SP;UOP01-DEL09-SP;;;