id;data_inversa;dia_semana;horario;uf;br;km;municipio;causa_acidente;tipo_acidente;classificacao_acidente;fase_dia;sentido_via;condicao_metereologica;tipo_pista;tracado_via;uso_solo;pessoas;mortos;feridos_leves;feridos_graves;ilesos;ignorados;feridos;veiculos;latitude;longitude;regional;delegacia;uop;;;
729426;03/11/2025;segunda-feira;15:40:00;MS;267;310;RIO BRILHANTE;Mal s�bito do condutor;Sa�da de leito carro��vel;Com V�timas Feridas;Pleno dia;Crescente;C�u Claro;Simples;Reta;N�o;1;0;1;0;0;0;1;1;-21,699643;-54,685871;SPRF-MS;DEL02-MS;UOP02-DEL02-MS;;;
729427;03/11/2025;segunda-feira;17:05:00;SC;101;134;BALNEARIO CAMBORIU;Aus�ncia de rea��o do condutor;Colis�o lateral mesmo sentido;Com V�timas Feridas;Anoitecer;Decrescente;Nublado;Dupla;Reta;N�o;2;0;1;0;1;0;1;2;-27,00252301;-48,63510132;SPRF-SC;DEL04-SC;UOP03-DEL04-SC;;;
729428;03/11/2025;segunda-feira;17:00:00;GO;70;21,1;COCALZINHO DE GOIAS;Velocidade Incompat�vel;Capotamento;Com V�timas Feridas;Pleno dia;Crescente;Nublado;Dupla;Reta;Sim;4;0;2;0;2;0;2;2;-15,739806;-48,385241;SPRF-DF;DEL03-DF;UOP02-DEL03-DF;;;
729429;03/11/2025;segunda-feira;17:40:00;MG;381;343;RIO PIRACICABA;Rea��o tardia ou ineficiente do condutor;Sa�da de leito carro��vel;Com V�timas Feridas;Anoitecer;Decrescente;C�u Claro;Simples;"Aclive;Curva";N�o;2;0;1;1;0;0;2;1;-19,899;-43,145;SPRF-MG;DEL03-MG;UOP01-DEL03-MG;;;
729431;03/11/2025;segunda-feira;16:35:00;ES;262;89;DOMINGOS MARTINS;Acessar a via sem observar a presen�a dos outros ve�culos;Colis�o transversal;Com V�timas Feridas;Pleno dia;Crescente;Nublado;Simples;"Aclive;Reta";Sim;2;0;1;0;1;0;1;2;-20,381048;-41,025632;SPRF-ES;DEL01-ES;UOP02-DEL01-ES;;;
729432;03/11/2025;segunda-feira;17:20:00;RJ;101;274;TANGUA;Aus�ncia de rea��o do condutor;Colis�o frontal;Com V�timas Feridas;Pleno dia;Decrescente;Nublado;Dupla;Reta;Sim;2;0;1;0;1;0;1;2;-22,73734003;-42,73569091;SPRF-RJ;DEL02-RJ;UOP03-DEL02-RJ;;;
729433;03/11/2025;segunda-feira;17:55:00;PB;230;15,5;JOAO PESSOA;Manobra de mudan�a de faixa;Colis�o lateral mesmo sentido;Com V�timas Feridas;Anoitecer;Crescente;C�u Claro;Dupla;Reta;Sim;2;0;1;0;1;0;1;2;-7,10262592;-34,84709239;SPRF-PB;DEL01-PB;UOP01-DEL01-PB;;;
729434;03/11/2025;segunda-feira;18:09:00;PE;407;130;PETROLINA;Ingest�o de �lcool pelo condutor;Tombamento;Com V�timas Feridas;Pleno dia;Crescente;C�u Claro;Dupla;Viaduto;Sim;1;0;0;1;0;0;1;1;-9,4013;-40,5037549;SPRF-PE;DEL06-PE;UOP01-DEL06-PE;;;
729435;03/11/2025;segunda-feira;18:25:00;CE;116;17,2;EUSEBIO;Condutor deixou de manter dist�ncia do ve�culo da frente;Colis�o traseira;Com V�timas Feridas;Plena Noite;Crescente;C�u Claro;Dupla;Reta;N�o;4;0;1;0;3;0;1;2;-3,898387;-38,503747;SPRF-CE;DEL01-CE;UOP02-DEL01-CE;;;
729436;03/11/2025;segunda-feira;17:35:00;RN;226;109,8;SANTA CRUZ;Desrespeitar a prefer�ncia no cruzamento;Colis�o transversal;Com V�timas Fatais;Anoitecer;Crescente;C�u Claro;Simples;"Declive;Reta";Sim;3;1;0;2;0;0;2;2;-6,23757547;-36,00811958;SPRF-RN;DEL03-RN;UOP02-DEL03-RN;;;
729437;03/11/2025;segunda-feira;18:29:00;SE;101;181;UMBAUBA;Mal s�bito do condutor;Queda de ocupante de ve�culo;Sem V�timas;Plena Noite;Crescente;C�u Claro;Simples;Reta;Sim;1;0;0;0;1;0;0;1;-11,37234999;-37,6532;SPRF-SE;DEL02-SE;UOP03-DEL02-SE;;;
729438;03/11/2025;segunda-feira;18:00:00;DF;20;10,1;BRASILIA;Manobra de mudan�a de faixa;Colis�o lateral mesmo sentido;Com V�timas Feridas;Anoitecer;Crescente;Chuva;Dupla;"Em Obras;Desvio Tempor�rio;Reta";Sim;6;0;0;1;5;0;1;3;-15,64952;-47,77207;SPRF-DF;DEL02-DF;UOP01-DEL02-DF;;;
729439;03/11/2025;segunda-feira;17:00:00;SC;470;1;GASPAR;Acessar a via sem observar a presen�a dos outros ve�culos;Colis�o transversal;Com V�timas Feridas;Pleno dia;Decrescente;Nublado;Simples;Interse��o de Vias;Sim;2;0;1;0;1;0;1;2;-26,91991663;-48,95925935;SPRF-SC;DEL04-SC;UOP01-DEL04-SC;;;
729440;03/11/2025;segunda-feira;18:28:00;PE;101;48;ABREU E LIMA;Acessar a via sem observar a presen�a dos outros ve�culos;Colis�o transversal;Com V�timas Feridas;Plena Noite;Crescente;C�u Claro;M�ltipla;Reta;Sim;4;0;1;0;3;0;1;2;-7,893247;-34,903053;SPRF-PE;DEL01-PE;UOP02-DEL01-PE;;;
729441;03/11/2025;segunda-feira;18:15:00;MA;222;673;ACAILANDIA;Acessar a via sem observar a presen�a dos outros ve�culos;Colis�o transversal;Com V�timas Feridas;Plena Noite;Crescente;C�u Claro;Simples;"Reta;Em Obras";Sim;2;0;1;0;1;0;1;2;-4,9512448;-47,4906624;SPRF-MA;DEL04-MA;UOP03-DEL04-MA;;;
729442;03/11/2025;segunda-feira;19:00:00;PE;407;129;PETROLINA;Demais falhas mec�nicas ou el�tricas;Inc�ndio;Sem V�timas;Plena Noite;Crescente;C�u Claro;Simples;Rotat�ria;Sim;1;0;0;0;1;0;0;1;-9,3994516;-40,5055074;SPRF-PE;DEL06-PE;UOP01-DEL06-PE;;;
729444;03/11/2025;segunda-feira;18:12:00;PE;101;49;ABREU E LIMA;Transitar na contram�o;Colis�o frontal;Com V�timas Feridas;Plena Noite;Decrescente;C�u Claro;M�ltipla;Reta;Sim;2;0;1;0;1;0;1;2;-7,901697;-34,90163;SPRF-PE;DEL01-PE;UOP02-DEL01-PE;;;
729449;03/11/2025;segunda-feira;18:45:00;ES;101;140,5;LINHARES;Rea��o tardia ou ineficiente do condutor;Atropelamento de Pedestre;Com V�timas Feridas;Plena Noite;Decrescente;C�u Claro;Simples;Reta;Sim;3;0;1;0;1;1;1;2;-19,4223318;-40,0778325;SPRF-ES;DEL04-ES;UOP01-DEL04-ES;;;
729450;03/11/2025;segunda-feira;16:15:00;SC;101;440;SANTA ROSA DO SUL;Ultrapassagem Indevida;Tombamento;Com V�timas Feridas;Pleno dia;Crescente;Nublado;Dupla;Reta;N�o;2;0;2;0;0;0;2;1;-29,1263408;-49,6756594;SPRF-SC;DEL02-SC;UOP02-DEL02-SC;;;
729451;03/11/2025;segunda-feira;17:50:00;RS;386;38,5;FREDERICO WESTPHALEN;Condutor deixou de manter dist�ncia do ve�culo da frente;Engavetamento;Com V�timas Feridas;Pleno dia;Decrescente;C�u Claro;Simples;"Reta;Aclive";Sim;5;0;3;0;2;0;3;5;-27,39774554;-53,40288735;SPRF-RS;DEL08-RS;UOP02-DEL08-RS;;;
729452;03/11/2025;segunda-feira;18:30:00;PR;476;152;ARAUCARIA;Rea��o tardia ou ineficiente do condutor;Queda de ocupante de ve�culo;Com V�timas Feridas;Anoitecer;Crescente;Nublado;Simples;"Retorno Regulamentado;Reta";N�o;2;0;2;0;0;0;2;1;-25,56955431;-49,38433748;SPRF-PR;DEL01-PR;UOP06-DEL01-PR;;;
729454;03/11/2025;segunda-feira;07:15:00;SC;280;38;ARAQUARI;Avarias e/ou desgaste excessivo no pneu;Sa�da de leito carro��vel;Com V�timas Feridas;Pleno dia;Crescente;Nublado;Simples;"Viaduto;Reta";Sim;1;0;1;0;0;0;1;1;-26,44826438;-48,83105278;SPRF-SC;DEL03-SC;UOP03-DEL03-SC;;;
729455;03/11/2025;segunda-feira;16:20:00;AC;364;128,6;RIO BRANCO;Mal s�bito do condutor;Sa�da de leito carro��vel;Com V�timas Fatais;Pleno dia;Decrescente;C�u Claro;Dupla;Reta;Sim;1;1;0;0;0;0;0;1;-10,028802;-67,825653;SPRF-AC;DEL01-AC;UOP01-DEL01-AC;;;
729456;03/11/2025;segunda-feira;18:45:00;AL;104;71;MESSIAS;Avarias e/ou desgaste excessivo no pneu;Capotamento;Com V�timas Feridas;Plena Noite;Decrescente;C�u Claro;Dupla;"Declive;Curva";N�o;4;0;4;0;0;0;4;1;-9,37433191;-35,82751974;SPRF-AL;DEL01-AL;UOP02-DEL01-AL;;;
729457;23/09/2025;ter�a-feira;12:02:00;MT;163;795,3;VERA;Acessar a via sem observar a presen�a dos outros ve�culos;Colis�o traseira;Com V�timas Feridas;Pleno dia;Crescente;C�u Claro;Simples;"Reta;Em Obras";N�o;3;0;1;0;2;0;1;2;-12,203381;-55,537318;SPRF-MT;DEL06-MT;UOP02-DEL06-MT;;;
729458;03/11/2025;segunda-feira;19:49:00;PE;101;67,5;RECIFE;Acessar a via sem observar a presen�a dos outros ve�culos;Colis�o transversal;Com V�timas Feridas;Plena Noite;Crescente;C�u Claro;M�ltipla;Reta;Sim;4;0;2;2;0;0;4;2;-8,046979;-34,945078;SPRF-PE;DEL01-PE;UOP01-DEL01-PE;;;
729459;03/11/2025;segunda-feira;18:48:00;MS;163;256;DOURADOS;Rea��o tardia ou ineficiente do condutor;Atropelamento de Pedestre;Com V�timas Feridas;Plena Noite;Decrescente;C�u Claro;Dupla;Reta;Sim;2;0;0;1;0;1;1;2;-22,26360105;-54,80670333;SPRF-MS;DEL04-MS;UOP01-DEL04-MS;;;
729460;03/11/2025;segunda-feira;18:40:00;MT;364;657;DIAMANTINO;Aus�ncia de rea��o do condutor;Colis�o traseira;Com V�timas Fatais;Plena Noite;Decrescente;Nublado;Simples;Reta;N�o;2;1;0;0;1;0;0;2;-14,197963;-56,609292;SPRF-MT;DEL01-MT;UOP01-DEL01-MT;;;
729461;23/04/2025;quarta-feira;12:15:00;RS;0;0;CANOAS;Acessar a via sem observar a presen�a dos outros ve�culos;Colis�o transversal;Com V�timas Feridas;Pleno dia;N�o Informado;C�u Claro;Simples;Interse��o de Vias;N�o;6;0;1;0;5;0;1;3;-29,93102745;-51,17525551;SPRF-RS;DEL01-RS;UOP01-DEL01-RS;;;
729462;03/11/2025;segunda-feira;19:35:00;PA;230;110;MARABA;Acessar a via sem observar a presen�a dos outros ve�culos;Colis�o transversal;Com V�timas Feridas;Plena Noite;Decrescente;C�u Claro;Simples;"Reta;Interse��o de Vias";Sim;3;0;1;0;2;0;1;2;-5,37224;-49,03659;SPRF-PA;DEL03-PA;UOP01-DEL03-PA;;;
729465;03/11/2025;segunda-feira;17:20:00;RJ;116;242;PIRAI;Ingest�o de �lcool pelo condutor;Colis�o com objeto;Com V�timas Feridas;Pleno dia;Crescente;C�u Claro;Dupla;"Retorno Regulamentado;Declive;Curva";Sim;1;0;1;0;0;0;1;1;-22,62896504;-43,91122699;SPRF-RJ;DEL07-RJ;UOP01-DEL07-RJ;;;
729466;03/11/2025;segunda-feira;20:18:00;PI;343;348;TERESINA;Ingest�o de �lcool pelo condutor;Colis�o traseira;Sem V�timas;Plena Noite;Decrescente;C�u Claro;Dupla;Reta;Sim;2;0;0;0;2;0;0;1;-5,1203456;-42,7903014;SPRF-PI;DEL01-PI;UOP01-DEL01-PI;;;
729467;03/11/2025;segunda-feira;20:05:00;PB;230;157,7;CAMPINA GRANDE;Ingest�o de �lcool pelo condutor;Colis�o frontal;Com V�timas Feridas;Plena Noite;Decrescente;Nublado;Simples;Retorno Regulamentado;Sim;4;0;1;1;1;1;2;3;-7,262288;-35,921862;SPRF-PB;DEL02-PB;UOP01-DEL02-PB;;;
729468;03/11/2025;segunda-feira;13:30:00;RJ;40;116;DUQUE DE CAXIAS;Pista esburacada;Queda de ocupante de ve�culo;Com V�timas Feridas;Pleno dia;Decrescente;C�u Claro;Dupla;Reta;Sim;2;0;1;0;1;0;1;1;-22,74010924;-43,28762594;SPRF-RJ;DEL01-RJ;UOP02-DEL01-RJ;;;
729471;03/11/2025;segunda-feira;19:45:00;SP;101;49;UBATUBA;Entrada inopinada do pedestre;Atropelamento de Pedestre;Com V�timas Feridas;Plena Noite;Crescente;C�u Claro;Simples;Reta;Sim;2;0;0;1;0;1;1;2;-23,44682392;-45,08106206;SPRF-SP;DEL06-SP;UOP01-DEL06-SP;;;
729473;03/11/2025;segunda-feira;21:30:00;PR;277;705;SAO MIGUEL DO IGUACU;Acessar a via sem observar a presen�a dos outros ve�culos;Colis�o traseira;Com V�timas Feridas;Plena Noite;Crescente;Nublado;Dupla;Reta;N�o;2;0;1;0;1;0;1;2;-25,43056295;-54,36979294;SPRF-PR;DEL05-PR;UOP01-DEL05-PR;;;
729475;03/11/2025;segunda-feira;13:00:00;PI;316;255;INHUMA;Transitar no Acostamento;Colis�o com objeto;Sem V�timas;Pleno dia;Decrescente;C�u Claro;Simples;Reta;N�o;1;0;0;0;0;1;0;1;-6,7872661;-41,73311234;SPRF-PI;DEL04-PI;UOP02-DEL04-PI;;;
729478;03/11/2025;segunda-feira;17:20:00;SC;280;299;PORTO UNIAO;Aus�ncia de rea��o do condutor;Sa�da de leito carro��vel;Com V�timas Feridas;Pleno dia;Crescente;Chuva;Simples;Curva;N�o;1;0;1;0;0;0;1;1;-26,285598;-51,016725;SPRF-SC;DEL06-SC;UOP04-DEL06-SC;;;
729479;03/11/2025;segunda-feira;21:40:00;MG;153;16;CENTRALINA;Rea��o tardia ou ineficiente do condutor;Sa�da de leito carro��vel;Com V�timas Feridas;Plena Noite;Crescente;C�u Claro;Dupla;Reta;N�o;2;0;1;0;1;0;1;2;-18,58001805;-49,19318318;SPRF-MG;DEL15-MG;UOP03-DEL15-MG;;;
729480;29/09/2025;segunda-feira;13:30:00;MT;70;190;GENERAL CARNEIRO;Aus�ncia de rea��o do condutor;Colis�o lateral sentido oposto;Com V�timas Fatais;Pleno dia;Decrescente;C�u Claro;Simples;Reta;N�o;2;1;0;0;1;0;0;2;-15,73455556;-53,802495;SPRF-MT;DEL05-MT;UOP01-DEL05-MT;;;
729481;03/11/2025;segunda-feira;22:00:00;MG;116;763;LEOPOLDINA;Ingest�o de �lcool pelo condutor;Colis�o com objeto;Com V�timas Feridas;Plena Noite;Decrescente;C�u Claro;Simples;"Declive;Curva";Sim;2;0;2;0;0;0;2;1;-21,52239;-42,639281;SPRF-MG;DEL07-MG;UOP01-DEL07-MG;;;
729482;03/11/2025;segunda-feira;20:50:00;MT;70;509;CUIABA;Acumulo de �gua sobre o pavimento;Queda de ocupante de ve�culo;Com V�timas Feridas;Plena Noite;Decrescente;Nublado;Simples;"Reta;Em Obras";Sim;1;0;1;0;0;0;1;1;-15,695215;-56,090663;SPRF-MT;DEL01-MT;UOP02-DEL01-MT;;;
729485;03/11/2025;segunda-feira;19:30:00;MA;226;239;JENIPAPO DOS VIEIRAS;Defici�ncia do Sistema de Ilumina��o/Sinaliza��o;Colis�o traseira;Com V�timas Fatais;Plena Noite;Decrescente;C�u Claro;Simples;Reta;N�o;3;1;1;0;1;0;1;2;-5,49105211;-45,52420735;SPRF-MA;DEL06-MA;UOP01-DEL06-MA;;;
729487;03/11/2025;segunda-feira;21:30:00;RO;364;14;VILHENA;Aus�ncia de rea��o do condutor;Sa�da de leito carro��vel;Com V�timas Feridas;Plena Noite;Decrescente;Chuva;Dupla;Rotat�ria;Sim;2;0;1;1;0;0;2;1;-12,73681098;-60,14786124;SPRF-RO;DEL04-RO;UOP01-DEL04-RO;;;
729488;03/11/2025;segunda-feira;23:50:00;SC;101;79,3;ARAQUARI;Rea��o tardia ou ineficiente do condutor;Colis�o com objeto;Com V�timas Feridas;Plena Noite;Decrescente;Nublado;Dupla;Reta;Sim;1;0;1;0;0;0;1;1;-26,59168794;-48,72190682;SPRF-SC;DEL03-SC;UOP02-DEL03-SC;;;
729489;03/11/2025;segunda-feira;22:50:00;SP;116;34;CRUZEIRO;Velocidade Incompat�vel;Queda de ocupante de ve�culo;Com V�timas Feridas;Plena Noite;Decrescente;C�u Claro;Simples;Reta;N�o;1;0;1;0;0;0;1;1;-22,62559362;-44,91656095;SPRF-SP;DEL08-SP;UOP02-DEL08-SP;;;
729490;03/11/2025;segunda-feira;23:40:00;GO;414;330,3;COCALZINHO DE GOIAS;Ingest�o de �lcool pelo condutor;Tombamento;Com V�timas Feridas;Plena Noite;Crescente;C�u Claro;Simples;Reta;N�o;1;0;0;1;0;0;1;1;-15,46655899;-48,61393902;SPRF-GO;DEL02-GO;UOP01-DEL02-GO;;;
729491;03/11/2025;segunda-feira;18:30:00;PR;373;276,8;PRUDENTOPOLIS;Transitar na contram�o;Colis�o frontal;Com V�timas Fatais;Anoitecer;Crescente;Nublado;Simples;"Aclive;Curva";N�o;3;1;1;0;1;0;1;2;-25,260191;-51,083935;SPRF-PR;DEL08-PR;UOP01-DEL08-PR;;;
729497;04/11/2025;ter�a-feira;02:48:00;PB;230;162,6;CAMPINA GRANDE;Aus�ncia de rea��o do condutor;Colis�o traseira;Com V�timas Feridas;Plena Noite;Decrescente;Garoa/Chuvisco;Simples;"Declive;Reta";Sim;4;0;2;0;2;0;2;2;-7,2265;-35,943542;SPRF-PB;DEL02-PB;UOP01-DEL02-PB;;;
729499;04/11/2025;ter�a-feira;04:05:00;PB;101;85;BAYEUX;Animais na Pista;Colis�o com objeto;Sem V�timas;Amanhecer;Decrescente;Nublado;Dupla;Reta;Sim;1;0;0;0;1;0;0;1;-7,14548;-34,916307;SPRF-PB;DEL01-PB;UOP01-DEL01-PB;;;
729506;04/11/2025;ter�a-feira;06:25:00;MG;40;513;RIBEIRAO DAS NEVES;Trafegar com motocicleta (ou similar) entre as faixas;Colis�o traseira;Com V�timas Feridas;Pleno dia;Crescente;C�u Claro;Dupla;Reta;Sim;2;0;1;0;1;0;1;2;-19,799021;-44,104039;SPRF-MG;DEL01-MG;UOP02-DEL01-MG;;;
729507;04/11/2025;ter�a-feira;05:50:00;PE;101;67;RECIFE;Trafegar com motocicleta (ou similar) entre as faixas;Colis�o lateral mesmo sentido;Com V�timas Feridas;Pleno dia;Crescente;Sol;Dupla;Reta;Sim;2;0;1;0;1;0;1;2;-8,04198;-34,94342;SPRF-PE;DEL01-PE;UOP01-DEL01-PE;;;
729508;04/11/2025;ter�a-feira;04:20:00;MG;381;262;TIMOTEO;Aus�ncia de rea��o do condutor;Sa�da de leito carro��vel;Com V�timas Feridas;Amanhecer;Crescente;Nublado;Simples;Reta;N�o;1;0;0;1;0;0;1;1;-19,5254397;-42,641107;SPRF-MG;DEL03-MG;UOP02-DEL03-MG;;;
729512;04/11/2025;ter�a-feira;07:20:00;AL;104;41,6;BRANQUINHA;Manobra de mudan�a de faixa;Sa�da de leito carro��vel;Com V�timas Feridas;Pleno dia;Crescente;Nublado;Simples;Reta;N�o;1;0;1;0;0;0;1;1;-9,209681;-36,032411;SPRF-AL;DEL01-AL;UOP02-DEL01-AL;;;
729513;04/11/2025;ter�a-feira;07:00:00;SP;116;279;EMBU DAS ARTES;Ingest�o de �lcool pelo condutor;Colis�o lateral mesmo sentido;Sem V�timas;Amanhecer;Decrescente;Nublado;Dupla;"Reta;Declive";Sim;1;0;0;0;1;0;0;1;-23,6543759;-46,8492484;SPRF-SP;DEL04-SP;UOP01-DEL04-SP;;;
729514;04/11/2025;ter�a-feira;07:10:00;ES;101;269,5;SERRA;Manobra de mudan�a de faixa;Colis�o lateral mesmo sentido;Sem V�timas;Pleno dia;Crescente;C�u Claro;Dupla;Reta;Sim;2;0;0;0;2;0;0;2;-20,0488573;-40,3867013;SPRF-ES;DEL02-ES;UOP01-DEL02-ES;;;
729516;04/11/2025;ter�a-feira;03:00:00;MG;365;614;UBERLANDIA;Rea��o tardia ou ineficiente do condutor;Colis�o traseira;Sem V�timas;Plena Noite;Crescente;C�u Claro;Simples;Reta;Sim;2;0;0;0;0;2;0;2;-18,912289;-48,219594;SPRF-MG;DEL15-MG;UOP01-DEL15-MG;;;
729517;03/11/2025;segunda-feira;19:10:00;MT;163;780;SORRISO;Ingest�o de �lcool pelo condutor;Sa�da de leito carro��vel;Sem V�timas;Plena Noite;Decrescente;Garoa/Chuvisco;Simples;"Em Obras;Reta";N�o;2;0;0;0;2;0;0;1;-12,333297;-55,588962;SPRF-MT;DEL06-MT;UOP02-DEL06-MT;;;
729518;04/11/2025;ter�a-feira;08:00:00;SC;101;205,7;SAO JOSE;Manobra de mudan�a de faixa;Colis�o lateral mesmo sentido;Com V�timas Feridas;Pleno dia;Crescente;Sol;M�ltipla;Reta;Sim;3;0;1;0;2;0;1;2;-27,57977203;-48,61411285;SPRF-SC;DEL01-SC;UOP01-DEL01-SC;;;
729520;04/11/2025;ter�a-feira;07:45:00;DF;70;10,3;BRASILIA;Acessar a via sem observar a presen�a dos outros ve�culos;Colis�o transversal;Com V�timas Feridas;Pleno dia;Decrescente;C�u Claro;Dupla;Reta;Sim;3;0;2;0;1;0;2;2;-15,788138;-48,143302;SPRF-DF;DEL03-DF;UOP02-DEL03-DF;;;
729521;04/11/2025;ter�a-feira;08:20:00;GO;153;506;APARECIDA DE GOIANIA;Rea��o tardia ou ineficiente do condutor;Colis�o traseira;Com V�timas Feridas;Pleno dia;Decrescente;Nublado;Dupla;Aclive;Sim;2;0;0;1;1;0;1;2;-16,752672;-49,241165;SPRF-GO;DEL01-GO;UOP01-DEL01-GO;;;
729522;04/11/2025;ter�a-feira;07:40:00;PI;316;7,9;TERESINA;Acessar a via sem observar a presen�a dos outros ve�culos;Colis�o transversal;Com V�timas Feridas;Pleno dia;Decrescente;C�u Claro;M�ltipla;"Reta;Viaduto;Interse��o de Vias;Declive";Sim;2;0;1;0;1;0;1;2;-5,16227133;-42,76955903;SPRF-PI;DEL01-PI;UOP02-DEL01-PI;;;
729525;12/10/2025;domingo;23:00:00;BA;101;272;SANTO ANTONIO DE JESUS;Condutor Dormindo;Capotamento;Com V�timas Feridas;Plena Noite;Crescente;Ignorado;Simples;Aclive;Sim;1;0;1;0;0;0;1;1;-13,01994855;-39,29138661;SPRF-BA;DEL01-BA;UOP02-DEL01-BA;;;
729526;20/09/2025;s�bado;21:30:00;AP;210;130;PORTO GRANDE;Acumulo de areia ou detritos sobre o pavimento;Sa�da de leito carro��vel;Com V�timas Fatais;Plena Noite;Decrescente;C�u Claro;Simples;Curva;N�o;4;1;3;0;0;0;3;1;0,6474216;-51,59393381;SPRF-AP;DEL01-AP;UOP01-DEL01-AP;;;
729527;04/11/2025;ter�a-feira;08:10:00;MG;40;526;CONTAGEM;Rea��o tardia ou ineficiente do condutor;Colis�o traseira;Com V�timas Feridas;Pleno dia;Decrescente;C�u Claro;Dupla;Reta;Sim;2;0;1;0;1;0;1;2;-19,89222812;-44,05005137;SPRF-MG;DEL01-MG;UOP02-DEL01-MG;;;
729528;11/10/2025;s�bado;05:30:00;MT;364;262,8;SAO PEDRO DA CIPA;Rea��o tardia ou ineficiente do condutor;Sa�da de leito carro��vel;Com V�timas Fatais;Pleno dia;Decrescente;C�u Claro;Dupla;Reta;N�o;2;1;0;1;0;0;1;1;-16,00191876;-54,91596938;SPRF-MT;DEL02-MT;UOP01-DEL02-MT;;;
729529;04/11/2025;ter�a-feira;08:00:00;SC;282;2;FLORIANOPOLIS;Trafegar com motocicleta (ou similar) entre as faixas;Colis�o lateral mesmo sentido;Com V�timas Feridas;Pleno dia;Decrescente;C�u Claro;M�ltipla;Reta;Sim;2;0;1;0;1;0;1;2;-27,603345;-48,589683;SPRF-SC;DEL01-SC;UOP01-DEL01-SC;;;
729530;27/10/2025;segunda-feira;17:40:00;SC;101;207,8;SAO JOSE;Demais falhas mec�nicas ou el�tricas;Colis�o traseira;Com V�timas Feridas;Anoitecer;Crescente;Nublado;M�ltipla;"Declive;Reta";Sim;3;0;0;1;2;0;1;3;-27,602705;-48,630662;SPRF-SC;DEL01-SC;UOP01-DEL01-SC;;;
729532;04/11/2025;ter�a-feira;08:35:00;PR;116;211;RIO NEGRO;Condutor deixou de manter dist�ncia do ve�culo da frente;Colis�o traseira;Com V�timas Feridas;Pleno dia;Crescente;Nublado;Simples;Reta;Sim;2;0;1;0;1;0;1;2;-26,10132068;-49,78077829;SPRF-SC;DEL06-SC;UOP01-DEL06-SC;;;
729533;04/11/2025;ter�a-feira;06:25:00;PA;316;23;BENEVIDES;Aus�ncia de rea��o do condutor;Colis�o traseira;Com V�timas Feridas;Pleno dia;Decrescente;C�u Claro;Dupla;Reta;Sim;3;0;2;0;1;0;2;2;-1,342531;-48,247501;SPRF-PA;DEL01-PA;UOP01-DEL01-PA;;;
729535;04/11/2025;ter�a-feira;08:15:00;PR;376;601;CURITIBA;Manobra de mudan�a de faixa;Colis�o lateral mesmo sentido;Com V�timas Feridas;Pleno dia;Decrescente;Nublado;Dupla;Reta;N�o;2;0;1;0;1;0;1;2;-25,50102699;-49,34163541;SPRF-PR;DEL01-PR;UOP03-DEL01-PR;;;
729536;04/11/2025;ter�a-feira;07:30:00;PR;116;17;COLOMBO;Manobra de mudan�a de faixa;Colis�o traseira;Com V�timas Feridas;Pleno dia;Crescente;Nublado;Dupla;Reta;Sim;3;0;1;0;2;0;1;2;-25,38898347;-49,18762414;SPRF-PR;DEL01-PR;UOP02-DEL01-PR;;;
729538;04/11/2025;ter�a-feira;09:00:00;PA;10;13;DOM ELISEU;Aus�ncia de rea��o do condutor;Colis�o traseira;Com V�timas Feridas;Pleno dia;Decrescente;C�u Claro;Simples;Reta;N�o;2;0;1;0;1;0;1;2;-4,2895526;-47,5570206;SPRF-PA;DEL02-PA;UOP02-DEL02-PA;;;
729539;01/11/2025;s�bado;02:30:00;PR;277;83,3;CURITIBA;Pedestre andava na pista;Colis�o traseira;Com V�timas Feridas;Plena Noite;Decrescente;C�u Claro;Dupla;Reta;Sim;2;0;0;1;0;1;1;2;-25,44664078;-49,23130123;SPRF-PR;DEL01-PR;UOP03-DEL01-PR;;;
729540;04/11/2025;ter�a-feira;08:05:00;MS;163;766;COXIM;Demais falhas mec�nicas ou el�tricas;Inc�ndio;Sem V�timas;Pleno dia;Decrescente;Nublado;Simples;Curva;N�o;1;0;0;0;1;0;0;1;-18,191;-54,651;SPRF-MS;DEL06-MS;UOP01-DEL06-MS;;;
729542;31/10/2025;sexta-feira;06:50:00;MT;364;491;JANGADA;Acessar a via sem observar a presen�a dos outros ve�culos;Colis�o transversal;Com V�timas Feridas;Pleno dia;Decrescente;C�u Claro;Simples;"Interse��o de Vias;Retorno Regulamentado;Reta";N�o;2;0;1;0;1;0;1;2;-15,255122;-56,464083;SPRF-MT;DEL01-MT;UOP01-DEL01-MT;;;
729543;04/11/2025;ter�a-feira;09:45:00;MG;381;482;BETIM;Manobra de mudan�a de faixa;Colis�o lateral mesmo sentido;Com V�timas Feridas;Pleno dia;Decrescente;Nublado;M�ltipla;Reta;Sim;2;0;1;0;0;1;1;2;-19,9589857;-44,07304348;SPRF-MG;DEL01-MG;UOP03-DEL01-MG;;;
729544;04/11/2025;ter�a-feira;09:00:00;PI;343;4;TERESINA;Aus�ncia de rea��o do condutor;Colis�o traseira;Com V�timas Feridas;Pleno dia;Decrescente;Sol;M�ltipla;"Reta;Ponte";Sim;2;0;1;0;1;0;1;2;-5,08224262;-42,79449105;SPRF-PI;DEL01-PI;UOP01-DEL01-PI;;;