id;data_inversa;dia_semana;horario;uf;br;km;municipio;causa_acidente;tipo_acidente;classificacao_acidente;fase_dia;sentido_via;condicao_metereologica;tipo_pista;tracado_via;uso_solo;pessoas;mortos;feridos_leves;feridos_graves;ilesos;ignorados;feridos;veiculos;latitude;longitude;regional;delegacia;uop;;;
729547;04/11/2025;ter�a-feira;09:45:00;RS;116;245;SAO LEOPOLDO;Rea��o tardia ou ineficiente do condutor;Colis�o com objeto;Com V�timas Feridas;Pleno dia;Decrescente;C�u Claro;Dupla;Reta;Sim;1;0;1;0;0;0;1;1;-29,7527112;-51,1512305;SPRF-RS;DEL01-RS;UOP02-DEL01-RS;;;
729549;25/09/2025;quinta-feira;12:58:00;RO;364;236,8;CACOAL;Acessar a via sem observar a presen�a dos outros ve�culos;Colis�o lateral mesmo sentido;Com V�timas Feridas;Pleno dia;Crescente;C�u Claro;Simples;Reta;Sim;2;0;0;1;1;0;1;2;-11,443877;-61,444549;SPRF-RO;DEL02-RO;UOP02-DEL02-RO;;;
729552;04/11/2025;ter�a-feira;09:15:00;MG;267;10;LEOPOLDINA;Rea��o tardia ou ineficiente do condutor;Tombamento;Com V�timas Feridas;Pleno dia;Decrescente;C�u Claro;Simples;"Reta;Declive";N�o;2;0;2;0;0;0;2;1;-21,56965234;-42,69302762;SPRF-MG;DEL07-MG;UOP01-DEL07-MG;;;
729553;04/11/2025;ter�a-feira;10:40:00;MG;116;540,1;SANTA RITA DE MINAS;Demais falhas mec�nicas ou el�tricas;Tombamento;Com V�timas Feridas;Pleno dia;Decrescente;C�u Claro;Simples;Reta;N�o;3;0;1;0;2;0;1;1;-19,896033;-42,133643;SPRF-MG;DEL06-MG;UOP02-DEL06-MG;;;
729555;04/11/2025;ter�a-feira;11:00:00;SC;116;247,7;LAGES;Acessar a via sem observar a presen�a dos outros ve�culos;Colis�o transversal;Sem V�timas;Pleno dia;Crescente;C�u Claro;Simples;"Reta;Interse��o de Vias";Sim;2;0;0;0;2;0;0;2;-27,81799369;-50,37294745;SPRF-SC;DEL05-SC;UOP02-DEL05-SC;;;
729556;04/11/2025;ter�a-feira;10:45:00;BA;116;831;VITORIA DA CONQUISTA;Aus�ncia de rea��o do condutor;Tombamento;Com V�timas Feridas;Pleno dia;Crescente;C�u Claro;Simples;Declive;Sim;1;0;1;0;0;0;1;1;-14,916754;-40,879679;SPRF-BA;DEL08-BA;UOP01-DEL08-BA;;;
729558;04/11/2025;ter�a-feira;11:10:00;PR;163;82;PLANALTO;Desrespeitar a prefer�ncia no cruzamento;Colis�o transversal;Com V�timas Feridas;Pleno dia;Decrescente;C�u Claro;Simples;"Reta;Interse��o de Vias";Sim;2;0;2;0;0;0;2;2;-25,711921;-53,775085;SPRF-PR;DEL02-PR;UOP02-DEL02-PR;;;
729559;04/11/2025;ter�a-feira;10:45:00;SE;235;21,9;LARANJEIRAS;Entrada inopinada do pedestre;Atropelamento de Pedestre;Com V�timas Feridas;Pleno dia;Decrescente;C�u Claro;Simples;"Declive;Reta";N�o;4;0;0;1;3;0;1;3;-10,82334249;-37,23433435;SPRF-SE;DEL01-SE;UOP02-DEL01-SE;;;
729560;04/11/2025;ter�a-feira;11:30:00;PR;369;206;APUCARANA;Problema na suspens�o;Tombamento;Com V�timas Feridas;Pleno dia;Crescente;C�u Claro;Simples;Curva;N�o;1;0;0;1;0;0;1;1;-23,56579;-51,506103;SPRF-PR;DEL07-PR;UOP03-DEL07-PR;;;
729561;04/11/2025;ter�a-feira;11:40:00;RS;285;468,9;CORONEL BARROS;Acessar a via sem observar a presen�a dos outros ve�culos;Colis�o transversal;Com V�timas Feridas;Pleno dia;Decrescente;C�u Claro;Simples;Reta;N�o;3;0;1;0;2;0;1;2;-28,38460453;-53,99390817;SPRF-RS;DEL10-RS;UOP01-DEL10-RS;;;
729562;04/11/2025;ter�a-feira;11:30:00;CE;222;332,7;TIANGUA;Rea��o tardia ou ineficiente do condutor;Colis�o traseira;Com V�timas Feridas;Pleno dia;Crescente;C�u Claro;Simples;"Reta;Aclive";N�o;2;0;1;0;0;1;1;2;-3,83877364;-41,12410337;SPRF-CE;DEL04-CE;UOP02-DEL04-CE;;;
729563;04/11/2025;ter�a-feira;11:50:00;RJ;101;70;CAMPOS DOS GOYTACAZES;Acessar a via sem observar a presen�a dos outros ve�culos;Colis�o lateral mesmo sentido;Com V�timas Feridas;Pleno dia;Decrescente;C�u Claro;Simples;Reta;Sim;2;0;1;0;1;0;1;2;-21,76121;-41,332135;SPRF-RJ;DEL08-RJ;UOP02-DEL08-RJ;;;
729564;04/11/2025;ter�a-feira;12:00:00;RN;304;296;MACAIBA;Acessar a via sem observar a presen�a dos outros ve�culos;Colis�o frontal;Com V�timas Feridas;Pleno dia;Crescente;Sol;Simples;Reta;Sim;2;0;1;0;1;0;1;2;-5,86509815;-35,35092473;SPRF-RN;DEL01-RN;UOP02-DEL01-RN;;;
729565;04/11/2025;ter�a-feira;08:42:00;RO;364;355;JI-PARANA;Rea��o tardia ou ineficiente do condutor;Colis�o traseira;Com V�timas Feridas;Pleno dia;Decrescente;C�u Claro;Simples;"Reta;Em Obras";N�o;4;0;1;0;3;0;1;2;-10,80578623;-62,02146765;SPRF-RO;DEL02-RO;UOP01-DEL02-RO;;;
729566;04/11/2025;ter�a-feira;12:45:00;SC;101;157;PORTO BELO;Rea��o tardia ou ineficiente do condutor;Colis�o com objeto;Com V�timas Feridas;Pleno dia;Decrescente;C�u Claro;Dupla;Reta;Sim;1;0;1;0;0;0;1;1;-27,18338772;-48,61211713;SPRF-SC;DEL04-SC;UOP03-DEL04-SC;;;
729567;04/11/2025;ter�a-feira;12:55:00;PB;230;17,7;JOAO PESSOA;Aus�ncia de rea��o do condutor;Colis�o traseira;Com V�timas Feridas;Pleno dia;Decrescente;C�u Claro;Dupla;Reta;Sim;2;0;1;0;1;0;1;2;-7,11996;-34,845107;SPRF-PB;DEL01-PB;UOP01-DEL01-PB;;;
729568;04/11/2025;ter�a-feira;07:50:00;PR;163;281;MARECHAL CANDIDO RONDON;Rea��o tardia ou ineficiente do condutor;Colis�o com objeto;Com V�timas Feridas;Pleno dia;Crescente;C�u Claro;Simples;"Declive;Reta";Sim;1;0;1;0;0;0;1;1;-24,56398588;-54,03522491;SPRF-PR;DEL06-PR;UOP02-DEL06-PR;;;
729570;04/11/2025;ter�a-feira;12:15:00;RJ;101;385;RIO DE JANEIRO;Acessar a via sem observar a presen�a dos outros ve�culos;Colis�o traseira;Com V�timas Feridas;Pleno dia;Decrescente;Nublado;Dupla;Reta;Sim;2;0;0;1;1;0;1;2;-22,883557;-43,641497;SPRF-RJ;DEL03-RJ;UOP01-DEL03-RJ;;;
729571;04/11/2025;ter�a-feira;11:10:00;RN;226;111,3;SANTA CRUZ;Ingest�o de �lcool pelo condutor;Colis�o traseira;Sem V�timas;Pleno dia;Crescente;C�u Claro;Simples;"Reta;Aclive";N�o;2;0;0;0;2;0;0;2;-6,24078572;-36,00375295;SPRF-RN;DEL03-RN;UOP02-DEL03-RN;;;
729573;01/11/2025;s�bado;08:30:00;MG;381;717;CARMO DA CACHOEIRA;Avarias e/ou desgaste excessivo no pneu;Queda de ocupante de ve�culo;Com V�timas Feridas;Pleno dia;Crescente;C�u Claro;Dupla;"Declive;Curva";N�o;2;0;1;0;1;0;1;1;-21,40593771;-45,2115655;SPRF-MG;DEL04-MG;UOP02-DEL04-MG;;;
729574;04/11/2025;ter�a-feira;13:40:00;MG;381;483;BETIM;Pista Escorregadia;Tombamento;Com V�timas Feridas;Pleno dia;Decrescente;C�u Claro;Dupla;Aclive;N�o;2;0;2;0;0;0;2;1;-19,95775701;-44,07887377;SPRF-MG;DEL01-MG;UOP03-DEL01-MG;;;
729575;04/11/2025;ter�a-feira;12:35:00;SC;101;323,4;PESCARIA BRAVA;Aus�ncia de rea��o do condutor;Colis�o traseira;Com V�timas Feridas;Pleno dia;Decrescente;C�u Claro;Dupla;"Declive;Reta;Em Obras";N�o;2;0;0;1;1;0;1;2;-28,42672659;-48,92888753;SPRF-SC;DEL02-SC;UOP01-DEL02-SC;;;
729576;26/10/2025;domingo;08:30:00;RJ;116;194;QUEIMADOS;Condutor deixou de manter dist�ncia do ve�culo da frente;Colis�o traseira;Com V�timas Feridas;Pleno dia;Decrescente;C�u Claro;Dupla;Reta;N�o;3;0;1;0;2;0;1;2;-22,73575395;-43,55228774;SPRF-RJ;DEL06-RJ;UOP01-DEL06-RJ;;;
729577;04/11/2025;ter�a-feira;13:21:00;PI;343;4,3;TERESINA;Manobra de mudan�a de faixa;Colis�o lateral mesmo sentido;Com V�timas Feridas;Pleno dia;Decrescente;C�u Claro;Dupla;Reta;Sim;2;0;1;0;1;0;1;2;-5,080437;-42,789804;SPRF-PI;DEL01-PI;UOP01-DEL01-PI;;;
729579;04/11/2025;ter�a-feira;11:00:00;MT;163;844,1;SINOP;Aus�ncia de rea��o do condutor;Colis�o traseira;Com V�timas Feridas;Pleno dia;Decrescente;C�u Claro;Simples;Reta;Sim;2;0;0;1;1;0;1;2;-11,782199;-55,474722;SPRF-MT;DEL06-MT;UOP02-DEL06-MT;;;
729582;04/11/2025;ter�a-feira;10:30:00;MG;262;500,6;LUZ;Condutor Dormindo;Sa�da de leito carro��vel;Com V�timas Feridas;Pleno dia;Crescente;Sol;Simples;Curva;N�o;2;0;0;1;1;0;1;1;-19,78045462;-45,54103911;SPRF-MG;DEL08-MG;UOP03-DEL08-MG;;;
729583;04/11/2025;ter�a-feira;13:30:00;RN;101;168;BAIA FORMOSA;Transitar no Acostamento;Colis�o lateral mesmo sentido;Com V�timas Feridas;Pleno dia;Crescente;C�u Claro;Dupla;Reta;N�o;2;0;1;0;1;0;1;2;-6,43589518;-35,11572098;SPRF-RN;DEL01-RN;UOP01-DEL01-RN;;;
729584;04/11/2025;ter�a-feira;14:40:00;PR;376;600,5;CURITIBA;Demais falhas mec�nicas ou el�tricas;Queda de ocupante de ve�culo;Com V�timas Feridas;Pleno dia;Crescente;C�u Claro;M�ltipla;Reta;N�o;1;0;1;0;0;0;1;1;-25,50903461;-49,33955519;SPRF-PR;DEL01-PR;UOP03-DEL01-PR;;;
729585;04/11/2025;ter�a-feira;13:30:00;SC;163;70,1;SAO MIGUEL DO OESTE;Manobra de mudan�a de faixa;Colis�o transversal;Com V�timas Feridas;Pleno dia;Crescente;C�u Claro;Dupla;"Aclive;Interse��o de Vias";Sim;2;0;1;0;1;0;1;2;-26,73481643;-53,50640628;SPRF-SC;DEL07-SC;UOP03-DEL07-SC;;;
729586;04/11/2025;ter�a-feira;14:20:00;PR;153;41,9;SANTO ANTONIO DA PLATINA;Acessar a via sem observar a presen�a dos outros ve�culos;Colis�o transversal;Com V�timas Feridas;Pleno dia;Crescente;C�u Claro;Simples;Interse��o de Vias;Sim;2;0;2;0;0;0;2;2;-23,29489941;-50,06525366;SPRF-PR;DEL07-PR;UOP04-DEL07-PR;;;
729587;04/11/2025;ter�a-feira;11:50:00;MS;163;304,8;DOURADINA;Ultrapassagem Indevida;Sa�da de leito carro��vel;Sem V�timas;Pleno dia;Crescente;Sol;Simples;Reta;N�o;3;0;0;0;3;0;0;2;-21,93974;-54,53386;SPRF-MS;DEL02-MS;UOP02-DEL02-MS;;;
729588;04/11/2025;ter�a-feira;15:00:00;SC;282;3;FLORIANOPOLIS;Aus�ncia de rea��o do condutor;Queda de ocupante de ve�culo;Com V�timas Feridas;Pleno dia;Crescente;C�u Claro;M�ltipla;Reta;Sim;2;0;1;0;1;0;1;2;-27,60190772;-48,57855445;SPRF-SC;DEL01-SC;UOP01-DEL01-SC;;;
729589;04/11/2025;ter�a-feira;09:38:00;MT;163;826;SINOP;Rea��o tardia ou ineficiente do condutor;Sa�da de leito carro��vel;Com V�timas Feridas;Pleno dia;Crescente;C�u Claro;Simples;Reta;Sim;1;0;1;0;0;0;1;1;-11,93596713;-55,51464558;SPRF-MT;DEL06-MT;UOP02-DEL06-MT;;;
729590;04/11/2025;ter�a-feira;14:55:00;SC;282;3;FLORIANOPOLIS;Aus�ncia de rea��o do condutor;Colis�o traseira;Com V�timas Feridas;Pleno dia;Crescente;C�u Claro;M�ltipla;Reta;Sim;2;0;1;0;0;1;1;2;-27,60256;-48,59456;SPRF-SC;DEL01-SC;UOP01-DEL01-SC;;;
729591;12/10/2025;domingo;15:15:00;RN;101;85,7;NATAL;Demais falhas mec�nicas ou el�tricas;Engavetamento;Com V�timas Feridas;Pleno dia;Crescente;C�u Claro;Dupla;"Ponte;Reta";Sim;4;0;1;1;1;1;2;3;-5,78293721;-35,24731016;SPRF-RN;DEL02-RN;UOP01-DEL02-RN;;;
729593;04/11/2025;ter�a-feira;15:30:00;MG;381;445;SABARA;Aus�ncia de rea��o do condutor;Tombamento;Com V�timas Feridas;Pleno dia;Crescente;C�u Claro;Simples;"Declive;Reta";N�o;1;0;1;0;0;0;1;1;-19,8343573;-43,8591682;SPRF-MG;DEL01-MG;UOP01-DEL01-MG;;;
729594;04/11/2025;ter�a-feira;15:45:00;GO;153;444;ANAPOLIS;Acessar a via sem observar a presen�a dos outros ve�culos;Colis�o traseira;Com V�timas Feridas;Pleno dia;Crescente;Nublado;Dupla;Rotat�ria;Sim;3;0;1;0;2;0;1;2;-16,35323872;-48,92919838;SPRF-GO;DEL02-GO;UOP01-DEL02-GO;;;
729595;25/09/2025;quinta-feira;09:25:00;RJ;101;310;SAO GONCALO;Avarias e/ou desgaste excessivo no pneu;Queda de ocupante de ve�culo;Com V�timas Feridas;Pleno dia;Crescente;C�u Claro;Dupla;Reta;Sim;2;0;1;0;1;0;1;1;-22,79746796;-43,04572105;SPRF-RJ;DEL02-RJ;UOP02-DEL02-RJ;;;
729596;04/11/2025;ter�a-feira;11:15:00;PR;153;1,5;IMBITUVA;Aus�ncia de rea��o do condutor;Atropelamento de Pedestre;Com V�timas Feridas;Pleno dia;Decrescente;C�u Claro;Simples;Reta;N�o;2;0;0;1;0;1;1;2;-25,249479;-50,630635;SPRF-PR;DEL07-PR;UOP04-DEL07-PR;;;
729597;04/11/2025;ter�a-feira;10:10:00;PE;101;56,8;RECIFE;Acesso irregular;Colis�o transversal;Com V�timas Feridas;Pleno dia;Crescente;C�u Claro;Dupla;Reta;Sim;3;0;0;2;1;0;2;2;-7,96229543;-34,91451621;SPRF-PE;DEL01-PE;UOP02-DEL01-PE;;;
729600;04/11/2025;ter�a-feira;17:10:00;SC;101;128;ITAJAI;Aus�ncia de rea��o do condutor;Colis�o lateral mesmo sentido;Com V�timas Feridas;Pleno dia;Decrescente;Nublado;Dupla;Reta;N�o;2;0;1;0;1;0;1;2;-26,96987702;-48,68333213;SPRF-SC;DEL04-SC;UOP04-DEL04-SC;;;
729601;04/11/2025;ter�a-feira;17:05:00;ES;101;146,7;LINHARES;Manobra de mudan�a de faixa;Colis�o lateral mesmo sentido;Com V�timas Feridas;Pleno dia;Crescente;C�u Claro;M�ltipla;"Reta;Retorno Regulamentado";Sim;2;0;1;0;0;1;1;2;-19,37645806;-40,06654859;SPRF-ES;DEL04-ES;UOP01-DEL04-ES;;;
729603;25/10/2025;s�bado;19:15:00;SE;101;175,5;SANTA LUZIA DO ITANHY;Manobra de mudan�a de faixa;Colis�o frontal;Com V�timas Fatais;Plena Noite;Decrescente;C�u Claro;Simples;Curva;N�o;2;1;1;0;0;0;1;2;-11,344853;-37,615577;SPRF-SE;DEL02-SE;UOP03-DEL02-SE;;;
729606;04/11/2025;ter�a-feira;15:00:00;ES;101;66,9;SAO MATEUS;Manobra de mudan�a de faixa;Colis�o lateral mesmo sentido;Com V�timas Feridas;Pleno dia;Decrescente;C�u Claro;M�ltipla;Reta;Sim;3;0;2;0;1;0;2;2;-18,720011;-39,866424;SPRF-ES;DEL04-ES;UOP02-DEL04-ES;;;
729608;04/11/2025;ter�a-feira;17:29:00;PR;116;105;SAO JOSE DOS PINHAIS;Aus�ncia de rea��o do condutor;Queda de ocupante de ve�culo;Com V�timas Feridas;Pleno dia;Crescente;Nublado;Dupla;Reta;N�o;1;0;1;0;0;0;1;1;-25,571;-49,209;SPRF-PR;DEL01-PR;UOP07-DEL01-PR;;;
729610;04/11/2025;ter�a-feira;17:40:00;PR;277;107;CURITIBA;Aus�ncia de rea��o do condutor;Sa�da de leito carro��vel;Com V�timas Feridas;Anoitecer;Decrescente;C�u Claro;Dupla;Interse��o de Vias;N�o;1;0;1;0;0;0;1;1;-25,43233077;-49,36689226;SPRF-PR;DEL01-PR;UOP06-DEL01-PR;;;
729611;04/11/2025;ter�a-feira;18:00:00;MG;262;116,1;RIO CASCA;Transitar na contram�o;Colis�o frontal;Com V�timas Feridas;Anoitecer;Crescente;Nublado;Simples;Interse��o de Vias;Sim;2;0;0;1;1;0;1;2;-20,23423429;-42,62074113;SPRF-MG;DEL03-MG;UOP03-DEL03-MG;;;
729612;04/11/2025;ter�a-feira;18:21:00;PA;316;22;BENEVIDES;Acessar a via sem observar a presen�a dos outros ve�culos;Atropelamento de Pedestre;Com V�timas Feridas;Plena Noite;Decrescente;C�u Claro;Dupla;Reta;Sim;2;0;0;1;1;0;1;2;-1,349843;-48,254576;SPRF-PA;DEL01-PA;UOP01-DEL01-PA;;;
729614;04/11/2025;ter�a-feira;19:05:00;PR;277;83;CURITIBA;Trafegar com motocicleta (ou similar) entre as faixas;Colis�o lateral mesmo sentido;Com V�timas Feridas;Plena Noite;Decrescente;Nublado;Dupla;Reta;Sim;2;0;1;0;1;0;1;2;-25,45099061;-49,22783582;SPRF-PR;DEL01-PR;UOP03-DEL01-PR;;;
729616;04/11/2025;ter�a-feira;18:10:00;PB;230;165,9;CAMPINA GRANDE;Ingest�o de �lcool pelo condutor;Atropelamento de Pedestre;Com V�timas Feridas;Plena Noite;Crescente;C�u Claro;Simples;"Reta;Aclive";Sim;3;0;1;1;1;0;2;2;-7,20228393;-35,95168269;SPRF-PB;DEL02-PB;UOP02-DEL02-PB;;;
729618;04/11/2025;ter�a-feira;12:18:00;AC;364;123;RIO BRANCO;Animais na Pista;Atropelamento de Animal;Com V�timas Feridas;Pleno dia;Crescente;C�u Claro;Dupla;Reta;Sim;1;0;1;0;0;0;1;1;-10,01162402;-67,78397189;SPRF-AC;DEL01-AC;UOP01-DEL01-AC;;;
729620;04/11/2025;ter�a-feira;19:00:00;RS;392;639,7;GUARANI DAS MISSOES;Avarias e/ou desgaste excessivo no pneu;Sa�da de leito carro��vel;Com V�timas Feridas;Anoitecer;Decrescente;Nublado;Simples;Reta;N�o;2;0;2;0;0;0;2;1;-28,148046;-54,528275;SPRF-RS;DEL10-RS;UOP01-DEL10-RS;;;
729622;04/11/2025;ter�a-feira;18:50:00;PR;376;158,2;MANDAGUACU;Transitar na contram�o;Colis�o frontal;Com V�timas Fatais;Plena Noite;Crescente;C�u Claro;Dupla;Reta;Sim;3;1;0;0;1;1;0;3;-23,35354;-52,09154;SPRF-PR;DEL09-PR;UOP02-DEL09-PR;;;
729623;04/11/2025;ter�a-feira;19:30:00;ES;101;189,9;ARACRUZ;Acessar a via sem observar a presen�a dos outros ve�culos;Colis�o transversal;Com V�timas Feridas;Plena Noite;Crescente;Nublado;Simples;"Interse��o de Vias;Reta";Sim;2;0;1;0;1;0;1;2;-19,68155182;-40,27130532;SPRF-ES;DEL04-ES;UOP01-DEL04-ES;;;
729624;04/11/2025;ter�a-feira;18:35:00;PI;343;3;TERESINA;Condutor deixou de manter dist�ncia do ve�culo da frente;Colis�o traseira;Com V�timas Feridas;Plena Noite;Crescente;C�u Claro;M�ltipla;Reta;Sim;3;0;2;0;1;0;2;2;-5,080855;-42,7822097;SPRF-PI;DEL01-PI;UOP01-DEL01-PI;;;
729625;04/11/2025;ter�a-feira;19:50:00;MG;381;484;BETIM;Aus�ncia de rea��o do condutor;Colis�o traseira;Com V�timas Feridas;Plena Noite;Crescente;C�u Claro;Dupla;Reta;N�o;3;0;2;0;1;0;2;2;-19,95721434;-44,09568787;SPRF-MG;DEL01-MG;UOP03-DEL01-MG;;;
729626;04/11/2025;ter�a-feira;18:00:00;AL;316;155;PALMEIRA DOS INDIOS;Far�is desregulados;Colis�o transversal;Com V�timas Feridas;Plena Noite;Crescente;C�u Claro;Simples;Reta;Sim;2;0;2;0;0;0;2;1;-9,43167788;-36,64430587;SPRF-AL;DEL03-AL;UOP01-DEL03-AL;;;
729627;04/11/2025;ter�a-feira;10:55:00;RJ;393;281;VOLTA REDONDA;Acessar a via sem observar a presen�a dos outros ve�culos;Colis�o transversal;Com V�timas Feridas;Pleno dia;Crescente;C�u Claro;Simples;Reta;Sim;2;0;1;0;1;0;1;2;-22,47333;-44,059578;SPRF-RJ;DEL05-RJ;UOP04-DEL05-RJ;;;
729628;04/11/2025;ter�a-feira;19:30:00;PR;369;18;CAMBARA;Pedestre cruzava a pista fora da faixa;Atropelamento de Pedestre;Com V�timas Feridas;Plena Noite;Decrescente;C�u Claro;Simples;Reta;Sim;4;0;1;0;3;0;1;2;-23,03528231;-50,06486249;SPRF-PR;DEL07-PR;UOP05-DEL07-PR;;;
729632;04/11/2025;ter�a-feira;17:35:00;SC;101;371,6;ICARA;Mal s�bito do condutor;Colis�o com objeto;Com V�timas Fatais;Pleno dia;Decrescente;C�u Claro;M�ltipla;Reta;N�o;1;1;0;0;0;0;0;1;-28,7141202;-49,2194966;SPRF-SC;DEL02-SC;UOP01-DEL02-SC;;;
729636;04/11/2025;ter�a-feira;07:30:00;RJ;493;0,5;ITABORAI;Retorno proibido;Colis�o lateral mesmo sentido;Com V�timas Feridas;Pleno dia;Crescente;C�u Claro;Simples;Reta;N�o;2;0;1;0;1;0;1;2;-22,764631;-42,925627;SPRF-RJ;DEL02-RJ;UOP02-DEL02-RJ;;;
729638;04/11/2025;ter�a-feira;17:20:00;SC;470;147,6;AGRONOMICA;Condutor deixou de manter dist�ncia do ve�culo da frente;Colis�o traseira;Com V�timas Feridas;Pleno dia;Decrescente;C�u Claro;Simples;Interse��o de Vias;N�o;2;0;1;0;1;0;1;2;-27,25729489;-49,71231434;SPRF-SC;DEL04-SC;UOP02-DEL04-SC;;;
729641;04/11/2025;ter�a-feira;17:30:00;PR;153;4;IMBITUVA;Ultrapassagem Indevida;Colis�o lateral mesmo sentido;Com V�timas Feridas;Pleno dia;Crescente;C�u Claro;Simples;Reta;Sim;2;0;2;0;0;0;2;2;-25,22039427;-50,59309177;SPRF-PR;DEL03-PR;UOP01-DEL03-PR;;;
729642;04/11/2025;ter�a-feira;19:50:00;BA;101;368;GANDU;Velocidade Incompat�vel;Atropelamento de Pedestre;Com V�timas Fatais;Plena Noite;Decrescente;C�u Claro;Simples;"Declive;Reta";Sim;2;1;0;0;1;0;0;2;-13,76454206;-39,49087143;SPRF-BA;DEL05-BA;UOP03-DEL05-BA;;;
729645;21/09/2025;domingo;10:30:00;RJ;116;82,8;TERESOPOLIS;Rea��o tardia ou ineficiente do condutor;Atropelamento de Pedestre;Com V�timas Feridas;Pleno dia;Crescente;Nublado;Simples;Reta;N�o;2;0;2;0;0;0;2;2;-22,41562072;-42,95044899;SPRF-RJ;DEL04-RJ;UOP01-DEL04-RJ;;;
729646;04/11/2025;ter�a-feira;18:15:00;PR;163;135;CAPITAO LEONIDAS MARQUES;Velocidade Incompat�vel;Capotamento;Sem V�timas;Anoitecer;Decrescente;C�u Claro;Dupla;Curva;N�o;2;0;0;0;2;0;0;1;-25,513178;-53,591207;SPRF-PR;DEL05-PR;UOP05-DEL05-PR;;;
729647;04/11/2025;ter�a-feira;20:40:00;SC;280;130;RIO NEGRINHO;Convers�o proibida;Colis�o transversal;Com V�timas Feridas;Plena Noite;Crescente;C�u Claro;Simples;Reta;Sim;3;0;2;0;1;0;2;2;-26,2540388;-49,53476531;SPRF-SC;DEL06-SC;UOP03-DEL06-SC;;;
729648;04/11/2025;ter�a-feira;18:55:00;MG;116;422,3;ALPERCATA;Animais na Pista;Atropelamento de Animal;Com V�timas Feridas;Plena Noite;Crescente;Nublado;Simples;Reta;Sim;1;0;1;0;0;0;1;1;-18,94828007;-41,9523038;SPRF-MG;DEL06-MG;UOP01-DEL06-MG;;;
729649;04/11/2025;ter�a-feira;21:00:00;PE;232;74;GRAVATA;Demais falhas mec�nicas ou el�tricas;Inc�ndio;Sem V�timas;Plena Noite;Crescente;Nublado;Dupla;Curva;N�o;1;0;0;0;1;0;0;1;-8,19786;-35,52265;SPRF-PE;DEL02-PE;UOP02-DEL02PE;;;
729651;03/11/2025;segunda-feira;00:27:00;BA;101;796;ITAMARAJU;Velocidade Incompat�vel;Sa�da de leito carro��vel;Com V�timas Feridas;Plena Noite;Crescente;Nublado;Simples;Curva;N�o;3;0;2;1;0;0;3;1;-16,90508485;-39,52468872;SPRF-BA;DEL09-BA;UOP01-DEL09-BA;;;
729654;04/11/2025;ter�a-feira;21:50:00;SC;101;213;PALHOCA;Condutor deixou de manter dist�ncia do ve�culo da frente;Colis�o traseira;Com V�timas Feridas;Plena Noite;Decrescente;C�u Claro;M�ltipla;"Aclive;Reta";Sim;4;0;0;1;3;0;1;4;-27,63891761;-48,66637437;SPRF-SC;DEL01-SC;UOP02-DEL01-SC;;;
729657;04/11/2025;ter�a-feira;22:00:00;SP;116;101,1;PINDAMONHANGABA;Ingest�o de �lcool pelo condutor;Colis�o com objeto;Com V�timas Feridas;Plena Noite;Crescente;C�u Claro;Dupla;Reta;N�o;1;0;1;0;0;0;1;1;-22,991544;-45,482872;SPRF-SP;DEL08-SP;UOP01-DEL08-SP;;;
729659;04/11/2025;ter�a-feira;21:12:00;MS;163;191;CAARAPO;Aus�ncia de rea��o do condutor;Sa�da de leito carro��vel;Com V�timas Feridas;Plena Noite;Crescente;Garoa/Chuvisco;Simples;"Aclive;Reta";N�o;3;0;2;0;1;0;2;1;-22,7725351;-54,7701633;SPRF-MS;DEL04-MS;UOP02-DEL04-MS;;;
729660;04/11/2025;ter�a-feira;20:00:00;MG;40;4,5;PARACATU;Aus�ncia de rea��o do condutor;Sa�da de leito carro��vel;Com V�timas Feridas;Plena Noite;Crescente;C�u Claro;Simples;"Reta;Aclive";N�o;2;0;2;0;0;0;2;1;-17,057316;-47,128983;SPRF-MG;DEL14-MG;UOP01-DEL14-MG;;;
729661;04/11/2025;ter�a-feira;19:25:00;SC;101;277,5;IMBITUBA;Rea��o tardia ou ineficiente do condutor;Colis�o transversal;Com V�timas Feridas;Plena Noite;Decrescente;C�u Claro;Simples;Reta;Sim;2;0;1;0;1;0;1;2;-28,168949;-48,693964;SPRF-SC;DEL02-SC;UOP03-DEL02-SC;;;
729662;04/11/2025;ter�a-feira;20:45:00;PR;369;159;CAMBE;Acessar a via sem observar a presen�a dos outros ve�culos;Colis�o transversal;Com V�timas Feridas;Plena Noite;Decrescente;C�u Claro;Dupla;Reta;Sim;2;0;0;1;1;0;1;2;-23,28456438;-51,24282924;SPRF-PR;DEL07-PR;UOP01-DEL07-PR;;;
729663;04/11/2025;ter�a-feira;19:30:00;MT;364;260;JUSCIMEIRA;Demais falhas na via;Tombamento;Com V�timas Feridas;Plena Noite;Crescente;C�u Claro;Dupla;Reta;N�o;1;0;0;1;0;0;1;1;-16,05492804;-54,88366127;SPRF-MT;DEL02-MT;UOP01-DEL02-MT;;;
729664;04/11/2025;ter�a-feira;22:50:00;RJ;40;105;DUQUE DE CAXIAS;Transitar na contram�o;Colis�o frontal;Com V�timas Feridas;Plena Noite;Decrescente;Garoa/Chuvisco;M�ltipla;Reta;Sim;2;0;1;1;0;0;2;2;-22,6439627;-43,2834905;SPRF-RJ;DEL01-RJ;UOP02-DEL01-RJ;;;