id;data_inversa;dia_semana;horario;uf;br;km;municipio;causa_acidente;tipo_acidente;classificacao_acidente;fase_dia;sentido_via;condicao_metereologica;tipo_pista;tracado_via;uso_solo;pessoas;mortos;feridos_leves;feridos_graves;ilesos;ignorados;feridos;veiculos;latitude;longitude;regional;delegacia;uop;;;
729665;04/11/2025;ter�a-feira;22:30:00;MT;364;272;JACIARA;Acessar a via sem observar a presen�a dos outros ve�culos;Colis�o transversal;Com V�timas Fatais;Plena Noite;Decrescente;C�u Claro;Simples;"Reta;Declive";Sim;44;1;1;0;42;0;1;2;-15,952;-54,987;SPRF-MT;DEL05-MT;UOP02-DEL05-MT;;;
729668;24/10/2025;sexta-feira;11:30:00;MG;40;695,3;ALFREDO VASCONCELOS;Condutor Dormindo;Colis�o frontal;Com V�timas Feridas;Pleno dia;Crescente;Nublado;Simples;Curva;Sim;3;0;2;0;1;0;2;2;-21,16591468;-43,75735079;SPRF-MG;DEL05-MG;UOP02-DEL05-MG;;;
729669;05/11/2025;quarta-feira;00:30:00;RS;116;245;SAO LEOPOLDO;Ingest�o de �lcool pelo condutor;Colis�o com objeto;Sem V�timas;Plena Noite;Crescente;C�u Claro;Simples;Reta;Sim;1;0;0;0;1;0;0;1;-29,75134347;-51,1517182;SPRF-RS;DEL01-RS;UOP02-DEL01-RS;;;
729670;04/11/2025;ter�a-feira;23:50:00;PR;277;666;MEDIANEIRA;Aus�ncia de rea��o do condutor;Colis�o traseira;Com V�timas Feridas;Plena Noite;Crescente;C�u Claro;Dupla;"Reta;Aclive";N�o;3;0;0;1;2;0;1;2;-25,256567;-54,03848;SPRF-PR;DEL05-PR;UOP02-DEL05-PR;;;
729681;04/11/2025;ter�a-feira;22:40:00;AM;230;595;HUMAITA;Pista Escorregadia;Sa�da de leito carro��vel;Sem V�timas;Plena Noite;Crescente;Chuva;Simples;Reta;N�o;3;0;0;0;3;0;0;1;-7,48843097;-62,98633575;SPRF-AM;DEL02-AM;UOP01-DEL02-AM;;;
729682;04/11/2025;ter�a-feira;22:30:00;AM;319;80;CAREIRO;Acumulo de areia ou detritos sobre o pavimento;Sa�da de leito carro��vel;Com V�timas Feridas;Plena Noite;Crescente;C�u Claro;Simples;Reta;N�o;1;0;1;0;0;0;1;1;-3,588;-60,206;SPRF-AM;DEL01-AM;UOP04-DEL01-AM;;;
729685;05/11/2025;quarta-feira;06:00:00;ES;101;270,5;SERRA;Aus�ncia de rea��o do condutor;Colis�o com objeto;Com V�timas Fatais;Amanhecer;Crescente;C�u Claro;Dupla;Curva;Sim;2;1;0;1;0;0;1;1;-20,23243894;-40,27519226;SPRF-ES;DEL02-ES;UOP01-DEL02-ES;;;
729686;24/10/2025;sexta-feira;15:00:00;RJ;101;295;ITABORAI;Trafegar com motocicleta (ou similar) entre as faixas;Colis�o traseira;Com V�timas Feridas;Pleno dia;Decrescente;C�u Claro;Dupla;Reta;N�o;3;0;1;0;2;0;1;3;-22,76702098;-42,90847778;SPRF-RJ;DEL02-RJ;UOP02-DEL02-RJ;;;
729687;05/11/2025;quarta-feira;06:30:00;RJ;101;493;ANGRA DOS REIS;Objeto est�tico sobre o leito carro��vel;Colis�o com objeto;Com V�timas Feridas;Pleno dia;Crescente;Nevoeiro/Neblina;Simples;Reta;N�o;1;0;0;1;0;0;1;1;-22,941143;-44,321452;SPRF-RJ;DEL03-RJ;UOP03-DEL03-RJ;;;
729689;05/11/2025;quarta-feira;06:30:00;CE;116;15,1;FORTALEZA;Condutor deixou de manter dist�ncia do ve�culo da frente;Colis�o traseira;Com V�timas Feridas;Pleno dia;Decrescente;C�u Claro;Dupla;Reta;Sim;2;0;1;0;1;0;1;2;-3,8824211;-38,5012177;SPRF-CE;DEL01-CE;UOP02-DEL01-CE;;;
729690;05/11/2025;quarta-feira;06:40:00;PR;376;170;MARINGA;Frear bruscamente;Queda de ocupante de ve�culo;Com V�timas Feridas;Amanhecer;Crescente;Chuva;Dupla;Reta;N�o;1;0;1;0;0;0;1;1;-23,41077302;-51,98640686;SPRF-PR;DEL09-PR;UOP01-DEL09-PR;;;
729691;05/11/2025;quarta-feira;06:30:00;MG;40;515,7;RIBEIRAO DAS NEVES;Aus�ncia de rea��o do condutor;Tombamento;Com V�timas Feridas;Pleno dia;Crescente;C�u Claro;Dupla;"Reta;Declive";Sim;1;0;1;0;0;0;1;1;-19,81489848;-44,09108798;SPRF-MG;DEL01-MG;UOP02-DEL01-MG;;;
729692;05/11/2025;quarta-feira;06:26:00;RN;101;77,2;NATAL;Transitar na contram�o;Colis�o frontal;Com V�timas Feridas;Pleno dia;Decrescente;C�u Claro;M�ltipla;Interse��o de Vias;Sim;3;0;2;1;0;0;3;2;-5,733254;-35,2905456;SPRF-RN;DEL02-RN;UOP01-DEL02-RN;;;
729694;05/11/2025;quarta-feira;07:00:00;DF;251;57;BRASILIA;Avarias e/ou desgaste excessivo no pneu;Eventos at�picos;Com V�timas Feridas;Amanhecer;Decrescente;C�u Claro;Simples;Reta;N�o;2;0;2;0;0;0;2;1;-15,977063;-47,962175;SPRF-DF;DEL01-DF;UOP01-DEL01-DF;;;
729695;05/11/2025;quarta-feira;01:40:00;PR;277;71;SAO JOSE DOS PINHAIS;Velocidade Incompat�vel;Sa�da de leito carro��vel;Sem V�timas;Plena Noite;Decrescente;C�u Claro;Dupla;"Interse��o de Vias;Curva";N�o;1;0;0;0;0;1;0;1;-25,51245265;-49,12704913;SPRF-PR;DEL01-PR;UOP07-DEL01-PR;;;
729696;05/11/2025;quarta-feira;07:20:00;PR;277;4;PARANAGUA;Trafegar com motocicleta (ou similar) entre as faixas;Colis�o lateral mesmo sentido;Com V�timas Feridas;Pleno dia;Crescente;C�u Claro;Dupla;Reta;Sim;2;0;1;0;1;0;1;2;-25,53580159;-48,53081059;SPRF-PR;DEL01-PR;UOP05-DEL01-PR;;;
729697;04/11/2025;ter�a-feira;19:00:00;RO;364;384;OURO PRETO DO OESTE;Acesso irregular;Colis�o transversal;Com V�timas Feridas;Plena Noite;Decrescente;Ignorado;Simples;"Interse��o de Vias;Declive;Em Obras";Sim;2;0;1;0;1;0;1;2;-10,71397;-62,251822;SPRF-RO;DEL02-RO;UOP01-DEL02-RO;;;
729698;05/11/2025;quarta-feira;06:40:00;RJ;101;388;RIO DE JANEIRO;Acessar a via sem observar a presen�a dos outros ve�culos;Colis�o traseira;Com V�timas Feridas;Pleno dia;Crescente;C�u Claro;M�ltipla;Retorno Regulamentado;Sim;2;0;1;0;1;0;1;2;-22,89067476;-43,66601642;SPRF-RJ;DEL03-RJ;UOP01-DEL03-RJ;;;
729699;05/11/2025;quarta-feira;07:00:00;PE;101;78;RECIFE;Trafegar com motocicleta (ou similar) entre as faixas;Atropelamento de Pedestre;Com V�timas Feridas;Pleno dia;Decrescente;C�u Claro;Dupla;Reta;Sim;3;0;0;2;1;0;2;3;-8,137353;-34,947325;SPRF-PE;DEL01-PE;UOP01-DEL01-PE;;;
729702;04/11/2025;ter�a-feira;12:45:00;RJ;116;70;TERESOPOLIS;Velocidade Incompat�vel;Atropelamento de Pedestre;Com V�timas Feridas;Pleno dia;Crescente;C�u Claro;Simples;Reta;Sim;2;0;1;0;1;0;1;2;-22,31801565;-42,93750322;SPRF-RJ;DEL04-RJ;UOP01-DEL04-RJ;;;
729703;05/11/2025;quarta-feira;07:45:00;PR;277;592,9;CASCAVEL;Aus�ncia de rea��o do condutor;Colis�o traseira;Com V�timas Feridas;Pleno dia;Decrescente;C�u Claro;Simples;"Reta;Declive";Sim;2;0;0;1;0;1;1;2;-24,98119549;-53,48076756;SPRF-PR;DEL04-PR;UOP01-DEL04-PR;;;
729704;05/11/2025;quarta-feira;08:06:00;SP;116;154;SAO JOSE DOS CAMPOS;Rea��o tardia ou ineficiente do condutor;Colis�o traseira;Sem V�timas;Pleno dia;Decrescente;C�u Claro;Dupla;"Aclive;Reta";N�o;2;0;0;0;2;0;0;2;-23,24517996;-45,91566022;SPRF-SP;DEL02-SP;UOP01-DEL02-SP;;;
729705;05/11/2025;quarta-feira;06:40:00;RJ;116;145;DUQUE DE CAXIAS;Rea��o tardia ou ineficiente do condutor;Colis�o traseira;Sem V�timas;Pleno dia;Crescente;C�u Claro;Dupla;Reta;Sim;2;0;0;0;1;1;0;2;-22,65032797;-43,23469219;SPRF-RJ;DEL01-RJ;UOP02-DEL01-RJ;;;
729706;05/11/2025;quarta-feira;07:35:00;RS;386;129,7;SARANDI;Aus�ncia de rea��o do condutor;Colis�o traseira;Sem V�timas;Pleno dia;Crescente;Nublado;Simples;Reta;Sim;3;0;0;0;3;0;0;3;-27,931844;-52,960494;SPRF-RS;DEL08-RS;UOP01-DEL08-RS;;;
729707;03/11/2025;segunda-feira;11:20:00;PA;0;0;BELEM;Acessar a via sem observar a presen�a dos outros ve�culos;Colis�o lateral mesmo sentido;Sem V�timas;Pleno dia;N�o Informado;C�u Claro;Dupla;Reta;Sim;6;0;0;0;6;0;0;3;-1,41595492;-48,44490051;SPRF-PA;N/A;N/A;;;
729708;05/11/2025;quarta-feira;07:30:00;BA;242;413;SEABRA;Animais na Pista;Queda de ocupante de ve�culo;Com V�timas Feridas;Pleno dia;Decrescente;Nublado;Simples;Curva;N�o;1;0;0;1;0;0;1;1;-12,430213;-41,758392;SPRF-BA;DEL06-BA;UOP01-DEL06-BA;;;
729709;05/11/2025;quarta-feira;07:15:00;SC;101;335,4;TUBARAO;Desrespeitar a prefer�ncia no cruzamento;Colis�o transversal;Com V�timas Feridas;Pleno dia;Crescente;C�u Claro;Dupla;"Interse��o de Vias;Rotat�ria";Sim;3;0;1;0;0;2;1;2;-28,476208;-49,030078;SPRF-SC;DEL02-SC;UOP01-DEL02-SC;;;
729710;05/11/2025;quarta-feira;06:40:00;AC;364;120;RIO BRANCO;Acumulo de areia ou detritos sobre o pavimento;Queda de ocupante de ve�culo;Com V�timas Feridas;Pleno dia;Crescente;C�u Claro;Dupla;Rotat�ria;Sim;1;0;1;0;0;0;1;1;-10,01183851;-67,77039383;SPRF-AC;DEL01-AC;UOP01-DEL01-AC;;;
729712;05/11/2025;quarta-feira;08:15:00;RJ;101;311,9;SAO GONCALO;Rea��o tardia ou ineficiente do condutor;Colis�o lateral mesmo sentido;Com V�timas Feridas;Pleno dia;Crescente;C�u Claro;Dupla;"Reta;Ponte";Sim;3;0;2;0;0;1;2;2;-22,80399002;-43,05956228;SPRF-RJ;DEL02-RJ;UOP02-DEL02-RJ;;;
729713;05/11/2025;quarta-feira;08:30:00;PR;277;679;MEDIANEIRA;Acessar a via sem observar a presen�a dos outros ve�culos;Colis�o transversal;Sem V�timas;Pleno dia;Crescente;Nublado;Dupla;"Retorno Regulamentado;Declive";N�o;3;0;0;0;3;0;0;2;-25,32011277;-54,16094542;SPRF-PR;DEL05-PR;UOP01-DEL05-PR;;;
729714;05/11/2025;quarta-feira;08:20:00;RJ;101;334;RIO DE JANEIRO;Condutor deixou de manter dist�ncia do ve�culo da frente;Colis�o traseira;Com V�timas Feridas;Pleno dia;Crescente;C�u Claro;Simples;Ponte;Sim;2;0;1;0;1;0;1;2;-22,890012;-43,2173096;SPRF-RJ;DEL02-RJ;UOP01-DEL02-RJ;;;
729715;05/11/2025;quarta-feira;07:30:00;MG;40;770,8;JUIZ DE FORA;Ultrapassagem Indevida;Colis�o traseira;Com V�timas Fatais;Pleno dia;Decrescente;C�u Claro;M�ltipla;Reta;N�o;3;1;1;0;0;1;1;3;-21,62938597;-43,44512831;SPRF-MG;DEL05-MG;UOP01-DEL05-MG;;;
729716;05/11/2025;quarta-feira;09:00:00;PE;232;6;RECIFE;Condutor deixou de manter dist�ncia do ve�culo da frente;Engavetamento;Com V�timas Fatais;Pleno dia;Crescente;C�u Claro;Dupla;Reta;Sim;6;1;0;1;2;2;1;4;-8,07418;-34,96464;SPRF-PE;DEL01-PE;UOP01-DEL01-PE;;;
729718;05/11/2025;quarta-feira;07:30:00;RO;364;425,2;JARU;Manobra de mudan�a de faixa;Colis�o lateral mesmo sentido;Com V�timas Feridas;Pleno dia;Decrescente;C�u Claro;Simples;"Reta;Declive";Sim;2;0;0;1;1;0;1;2;-10,43710877;-62,47242375;SPRF-RO;DEL03-RO;UOP02-DEL03-RO;;;
729719;05/11/2025;quarta-feira;07:30:00;MG;381;887,8;POUSO ALEGRE;Demais falhas mec�nicas ou el�tricas;Sa�da de leito carro��vel;Com V�timas Feridas;Pleno dia;Crescente;Nublado;Dupla;Curva;N�o;1;0;1;0;0;0;1;1;-22,3936512;-45,9538432;SPRF-MG;DEL16-MG;UOP01-DEL16-MG;;;
729720;05/11/2025;quarta-feira;10:00:00;SP;116;219;GUARULHOS;Trafegar com motocicleta (ou similar) entre as faixas;Colis�o traseira;Com V�timas Feridas;Pleno dia;Crescente;C�u Claro;M�ltipla;Reta;Sim;2;0;1;0;1;0;1;2;-23,46230152;-46,4907074;SPRF-SP;DEL01-SP;UOP01-DEL01-SP;;;
729721;05/11/2025;quarta-feira;09:55:00;DF;40;6,6;BRASILIA;Rea��o tardia ou ineficiente do condutor;Colis�o traseira;Com V�timas Feridas;Pleno dia;Decrescente;C�u Claro;Dupla;Reta;N�o;4;0;1;0;3;0;1;2;-16,03584;-47,97905;SPRF-DF;DEL01-DF;UOP01-DEL01-DF;;;
729722;05/11/2025;quarta-feira;08:00:00;RJ;116;141;DUQUE DE CAXIAS;Rea��o tardia ou ineficiente do condutor;Colis�o traseira;Com V�timas Feridas;Pleno dia;Crescente;C�u Claro;Dupla;Reta;Sim;2;0;1;0;1;0;1;2;-22,64727341;-43,2246541;SPRF-RJ;DEL01-RJ;UOP02-DEL01-RJ;;;
729725;05/11/2025;quarta-feira;10:24:00;SP;116;215;GUARULHOS;Aus�ncia de rea��o do condutor;Colis�o traseira;Com V�timas Feridas;Pleno dia;Crescente;C�u Claro;Dupla;"Interse��o de Vias;Reta";Sim;2;0;1;0;1;0;1;2;-23,4499228;-46,46211553;SPRF-SP;DEL01-SP;UOP01-DEL01-SP;;;
729726;19/08/2025;ter�a-feira;15:30:00;GO;153;512;APARECIDA DE GOIANIA;Aus�ncia de rea��o do condutor;Queda de ocupante de ve�culo;Com V�timas Feridas;Pleno dia;Crescente;C�u Claro;Dupla;Reta;Sim;2;0;2;0;0;0;2;1;-16,777238;-49,24045;SPRF-GO;DEL01-GO;UOP03-DEL01-GO;;;
729727;05/11/2025;quarta-feira;09:30:00;PE;232;24,3;MORENO;Acessar a via sem observar a presen�a dos outros ve�culos;Colis�o traseira;Com V�timas Feridas;Pleno dia;Decrescente;C�u Claro;Dupla;Reta;N�o;2;0;1;0;1;0;1;2;-8,11449566;-35,12669977;SPRF-PE;DEL02-PE;UOP02-DEL02PE;;;
729729;05/11/2025;quarta-feira;07:00:00;RJ;101;482;ANGRA DOS REIS;Condutor deixou de manter dist�ncia do ve�culo da frente;Colis�o traseira;Com V�timas Feridas;Pleno dia;Decrescente;C�u Claro;Dupla;Reta;Sim;2;0;1;0;1;0;1;2;-23,005207;-44,297952;SPRF-RJ;DEL03-RJ;UOP03-DEL03-RJ;;;
729732;05/11/2025;quarta-feira;10:05:00;PB;230;36,2;SANTA RITA;Mal s�bito do condutor;Colis�o com objeto;Com V�timas Fatais;Pleno dia;Crescente;C�u Claro;Dupla;"Aclive;Reta";Sim;1;1;0;0;0;0;0;1;-7,126188;-34,949542;SPRF-PB;DEL01-PB;UOP02-DEL01-PB;;;
729734;05/11/2025;quarta-feira;11:25:00;GO;452;26;RIO VERDE;Rea��o tardia ou ineficiente do condutor;Colis�o traseira;Com V�timas Feridas;Pleno dia;Crescente;C�u Claro;Simples;Reta;N�o;3;0;1;1;1;0;2;2;-17,884662;-50,68704;SPRF-GO;DEL04-GO;UOP01-DEL04-GO;;;
729736;05/11/2025;quarta-feira;11:15:00;RN;405;1,2;MOSSORO;Acessar a via sem observar a presen�a dos outros ve�culos;Colis�o transversal;Com V�timas Feridas;Pleno dia;Crescente;C�u Claro;Dupla;"Retorno Regulamentado;Reta";Sim;2;0;2;0;0;0;2;2;-5,191785;-37,363273;SPRF-RN;DEL04-RN;UOP02-DEL04-RN;;;
729739;05/11/2025;quarta-feira;11:40:00;PR;280;257,8;MARMELEIRO;Condutor deixou de manter dist�ncia do ve�culo da frente;Colis�o traseira;Com V�timas Feridas;Pleno dia;Crescente;Sol;Simples;"Interse��o de Vias;Reta";Sim;3;0;1;1;1;0;2;2;-26,16085875;-53,03638168;SPRF-PR;DEL02-PR;UOP01-DEL02-PR;;;
729741;05/11/2025;quarta-feira;10:35:00;BA;407;106;JAGUARARI;Acessar a via sem observar a presen�a dos outros ve�culos;Colis�o transversal;Com V�timas Feridas;Pleno dia;Crescente;C�u Claro;Simples;Reta;N�o;2;0;1;0;1;0;1;2;-10,28312469;-40,17286062;SPRF-BA;DEL04-BA;UOP01-DEL04-BA;;;
729742;04/11/2025;ter�a-feira;19:50:00;RN;405;86;APODI;Animais na Pista;Atropelamento de Animal;Com V�timas Feridas;Plena Noite;Decrescente;Ignorado;Simples;Reta;N�o;1;0;1;0;0;0;1;1;-5,726938;-37,821163;SPRF-RN;DEL04-RN;UOP02-DEL04-RN;;;
729746;05/11/2025;quarta-feira;08:35:00;SC;282;631,5;DESCANSO;Aus�ncia de rea��o do condutor;Sa�da de leito carro��vel;Com V�timas Feridas;Pleno dia;Decrescente;Nublado;Simples;"Reta;Declive";N�o;1;0;1;0;0;0;1;1;-26,82254844;-53,38576555;SPRF-SC;DEL07-SC;UOP03-DEL07-SC;;;
729750;05/11/2025;quarta-feira;12:20:00;SC;470;60,2;BLUMENAU;Desrespeitar a prefer�ncia no cruzamento;Colis�o transversal;Com V�timas Feridas;Pleno dia;Decrescente;C�u Claro;Simples;"Interse��o de Vias;Reta";Sim;2;0;0;1;1;0;1;2;-26,88072451;-49,16715802;SPRF-SC;DEL04-SC;UOP01-DEL04-SC;;;
729751;05/11/2025;quarta-feira;10:35:00;SP;116;112;TAUBATE;Rea��o tardia ou ineficiente do condutor;Tombamento;Com V�timas Feridas;Pleno dia;Decrescente;C�u Claro;Dupla;Reta;Sim;1;0;1;0;0;0;1;1;-23,04297943;-45,57647176;SPRF-SP;DEL02-SP;UOP02-DEL02-SP;;;
729753;05/11/2025;quarta-feira;10:35:00;SP;116;109;TAUBATE;Demais falhas mec�nicas ou el�tricas;Queda de ocupante de ve�culo;Com V�timas Feridas;Pleno dia;Decrescente;C�u Claro;Dupla;Reta;Sim;2;0;2;0;0;0;2;1;-23,02794139;-45,54371729;SPRF-SP;DEL02-SP;UOP02-DEL02-SP;;;
729754;07/06/2025;s�bado;21:00:00;TO;10;502;APARECIDA DO RIO NEGRO;Animais na Pista;Atropelamento de Animal;Com V�timas Feridas;Plena Noite;Crescente;C�u Claro;Simples;Reta;N�o;4;0;2;0;2;0;2;1;-10,07058385;-48,15117229;SPRF-TO;DEL01-TO;UOP03-DEL01-TO;;;
729755;30/09/2025;ter�a-feira;21:25:00;SE;235;15,1;NOSSA SENHORA DO SOCORRO;Entrada inopinada do pedestre;Atropelamento de Pedestre;Com V�timas Fatais;Plena Noite;Crescente;Nublado;Simples;Reta;N�o;3;1;0;0;0;2;0;2;-10,85647;-37,186163;SPRF-SE;DEL01-SE;UOP01-DEL01-SE;;;
729756;05/11/2025;quarta-feira;12:00:00;PI;343;4,7;TERESINA;Aus�ncia de rea��o do condutor;Colis�o traseira;Com V�timas Feridas;Pleno dia;Decrescente;C�u Claro;M�ltipla;"Declive;Reta;Ponte";Sim;2;0;1;0;1;0;1;2;-5,08115526;-42,79269218;SPRF-PI;DEL01-PI;UOP01-DEL01-PI;;;
729757;20/10/2025;segunda-feira;15:10:00;RR;401;13;BOA VISTA;Aus�ncia de rea��o do condutor;Colis�o transversal;Sem V�timas;Pleno dia;Crescente;C�u Claro;M�ltipla;"Reta;Interse��o de Vias";Sim;3;0;0;0;3;0;0;3;2,80339852;-60,68452835;SPRF-RR;DEL01-RR;UOP01-DEL01-RR;;;
729758;05/11/2025;quarta-feira;09:50:00;MG;381;489;BETIM;Demais falhas mec�nicas ou el�tricas;Inc�ndio;Sem V�timas;Pleno dia;Crescente;C�u Claro;Dupla;Declive;Sim;1;0;0;0;1;0;0;1;-19,9557709;-44,13143349;SPRF-MG;DEL01-MG;UOP03-DEL01-MG;;;
729761;05/11/2025;quarta-feira;13:25:00;SC;101;215,7;PALHOCA;Acessar a via sem observar a presen�a dos outros ve�culos;Colis�o transversal;Com V�timas Feridas;Pleno dia;Crescente;C�u Claro;M�ltipla;Rotat�ria;Sim;3;0;1;2;0;0;3;2;-27,656129;-48,67893783;SPRF-SC;DEL01-SC;UOP02-DEL01-SC;;;
729762;05/11/2025;quarta-feira;13:30:00;RS;116;2;PORTO ALEGRE;Trafegar com motocicleta (ou similar) entre as faixas;Colis�o lateral mesmo sentido;Com V�timas Feridas;Pleno dia;Crescente;Nublado;Dupla;"Em Obras;Reta";Sim;3;0;2;0;1;0;2;2;-29,99074849;-51,18447511;SPRF-RS;DEL01-RS;UOP01-DEL01-RS;;;
729763;05/11/2025;quarta-feira;12:45:00;PR;376;271,3;MARILANDIA DO SUL;Rea��o tardia ou ineficiente do condutor;Sa�da de leito carro��vel;Com V�timas Feridas;Pleno dia;Decrescente;C�u Claro;Dupla;Curva;N�o;1;0;1;0;0;0;1;1;-23,76017;-51,27286;SPRF-PR;DEL07-PR;UOP02-DEL07-PR;;;
729770;05/11/2025;quarta-feira;12:15:00;RO;319;136;PORTO VELHO;Transitar na contram�o;Colis�o transversal;Com V�timas Feridas;Pleno dia;Crescente;C�u Claro;Simples;"Reta;Interse��o de Vias";N�o;5;0;1;0;4;0;1;2;-8,8080384;-63,7599744;SPRF-RO;DEL01-RO;UOP01-DEL01-RO;;;
729771;07/04/2025;segunda-feira;19:00:00;SP;116;225;GUARULHOS;Rea��o tardia ou ineficiente do condutor;Tombamento;Com V�timas Feridas;Plena Noite;Decrescente;Nublado;M�ltipla;Reta;Sim;2;0;2;0;0;0;2;1;-23,49159731;-46,54976964;SPRF-SP;DEL01-SP;UOP01-DEL01-SP;;;
729772;05/11/2025;quarta-feira;11:32:00;RO;174;14;VILHENA;Condutor desrespeitou a ilumina��o vermelha do sem�foro;Colis�o transversal;Com V�timas Feridas;Pleno dia;Crescente;C�u Claro;Simples;Interse��o de Vias;Sim;1;0;1;0;0;0;1;1;-12,73623995;-60,13075447;SPRF-RO;DEL04-RO;UOP01-DEL04-RO;;;
729773;29/10/2025;quarta-feira;00:00:00;PR;116;121;CURITIBA;Aus�ncia de rea��o do condutor;Sa�da de leito carro��vel;Com V�timas Feridas;Plena Noite;Crescente;Garoa/Chuvisco;Dupla;Reta;Sim;1;0;1;0;0;0;1;1;-25,59481674;-49,31629507;SPRF-PR;DEL01-PR;UOP03-DEL01-PR;;;
729774;05/11/2025;quarta-feira;13:30:00;ES;101;288,4;CARIACICA;Velocidade Incompat�vel;Sa�da de leito carro��vel;Com V�timas Feridas;Pleno dia;Crescente;C�u Claro;M�ltipla;Reta;Sim;4;0;3;1;0;0;4;1;-20,27487744;-40,39231424;SPRF-ES;DEL01-ES;UOP01-DEL01-ES;;;
729775;05/11/2025;quarta-feira;10:30:00;MT;364;90;ALTO GARCAS;Rea��o tardia ou ineficiente do condutor;Capotamento;Com V�timas Feridas;Pleno dia;Decrescente;Nublado;Simples;Curva;N�o;1;0;1;0;0;0;1;1;-16,83878092;-53,78889252;SPRF-MT;DEL02-MT;UOP02-DEL02-MT;;;
729776;05/11/2025;quarta-feira;15:10:00;SC;470;6;NAVEGANTES;Trafegar com motocicleta (ou similar) entre as faixas;Colis�o traseira;Com V�timas Feridas;Pleno dia;Decrescente;C�u Claro;Dupla;Curva;Sim;3;0;0;1;2;0;1;2;-26,84988767;-48,7123212;SPRF-SC;DEL04-SC;UOP04-DEL04-SC;;;
729777;05/11/2025;quarta-feira;11:30:00;RJ;101;442;MANGARATIBA;Velocidade Incompat�vel;Sa�da de leito carro��vel;Com V�timas Feridas;Pleno dia;Decrescente;C�u Claro;Simples;Curva;N�o;1;0;1;0;0;0;1;1;-22,98090813;-44,08347577;SPRF-RJ;DEL03-RJ;UOP02-DEL03-RJ;;;
729778;05/11/2025;quarta-feira;12:45:00;PR;376;489;PONTA GROSSA;Manobra de mudan�a de faixa;Sa�da de leito carro��vel;Com V�timas Feridas;Pleno dia;Crescente;Sol;Dupla;Reta;Sim;3;0;0;1;2;0;1;1;-25,13366475;-50,16725287;SPRF-PR;DEL03-PR;UOP04-DEL03-PR;;;
729779;05/11/2025;quarta-feira;15:31:00;RS;116;144;CAXIAS DO SUL;Aus�ncia de rea��o do condutor;Colis�o lateral mesmo sentido;Com V�timas Feridas;Pleno dia;Decrescente;C�u Claro;Dupla;"Declive;Reta";Sim;2;0;1;0;0;1;1;2;-29,129085;-51,127618;SPRF-RS;DEL05-RS;UOP01-DEL05-RS;;;
729780;05/11/2025;quarta-feira;13:40:00;PR;369;37,8;ANDIRA;Convers�o proibida;Colis�o transversal;Com V�timas Feridas;Pleno dia;Crescente;Nublado;Simples;Reta;Sim;2;0;0;1;1;0;1;2;-23,0507334;-50,2390792;SPRF-PR;DEL07-PR;UOP05-DEL07-PR;;;
729786;05/11/2025;quarta-feira;15:00:00;MG;40;632,1;CONSELHEIRO LAFAIETE;Acessar a via sem observar a presen�a dos outros ve�culos;Colis�o transversal;Com V�timas Feridas;Pleno dia;Decrescente;Sol;Dupla;"Aclive;Interse��o de Vias;Curva";Sim;2;0;2;0;0;0;2;2;-20,67758465;-43,79441097;SPRF-MG;DEL05-MG;UOP02-DEL05-MG;;;
729788;05/11/2025;quarta-feira;15:55:00;BA;101;745,6;ITABELA;Condutor usando celular;Colis�o traseira;Com V�timas Feridas;Pleno dia;Crescente;Nublado;Simples;Reta;Sim;4;0;1;0;3;0;1;2;-16,577683;-39,557442;SPRF-BA;DEL09-BA;UOP01-DEL09-BA;;;
729797;05/11/2025;quarta-feira;16:36:00;PE;101;48;ABREU E LIMA;Entrada inopinada do pedestre;Atropelamento de Pedestre;Com V�timas Feridas;Pleno dia;Crescente;C�u Claro;M�ltipla;Reta;Sim;2;0;0;1;0;1;1;2;-7,894713;-34,903298;SPRF-PE;DEL01-PE;UOP02-DEL01-PE;;;
729801;20/10/2025;segunda-feira;10:30:00;MG;381;441;SANTA LUZIA;Acessar a via sem observar a presen�a dos outros ve�culos;Queda de ocupante de ve�culo;Com V�timas Feridas;Pleno dia;Crescente;C�u Claro;Simples;"Declive;Reta";Sim;2;0;1;0;1;0;1;2;-19,82367804;-43,83097775;SPRF-MG;DEL01-MG;UOP01-DEL01-MG;;;
729802;05/11/2025;quarta-feira;17:05:00;RN;304;42,9;MOSSORO;Manobra de mudan�a de faixa;Colis�o traseira;Com V�timas Feridas;Pleno dia;Crescente;C�u Claro;Dupla;Reta;Sim;3;0;1;2;0;0;3;2;-5,21556;-37,368698;SPRF-RN;DEL04-RN;UOP01-DEL04-RN;;;
729804;05/11/2025;quarta-feira;16:15:00;SP;381;83;SAO PAULO;Aus�ncia de rea��o do condutor;Capotamento;Com V�timas Feridas;Pleno dia;Crescente;C�u Claro;Dupla;Reta;Sim;2;0;1;0;1;0;1;2;-23,43923295;-46,56787849;SPRF-SP;DEL03-SP;UOP01-DEL03-SP;;;
729805;28/10/2025;ter�a-feira;17:30:00;BA;324;563;SAO SEBASTIAO DO PASSE;Demais falhas na via;Queda de ocupante de ve�culo;Com V�timas Feridas;Plena Noite;Crescente;C�u Claro;Dupla;Reta;N�o;2;0;0;2;0;0;2;1;-12,517825;-38,619587;SPRF-BA;DEL01-BA;UOP01-DEL01-BA;;;