id;data_inversa;dia_semana;horario;uf;br;km;municipio;causa_acidente;tipo_acidente;classificacao_acidente;fase_dia;sentido_via;condicao_metereologica;tipo_pista;tracado_via;uso_solo;pessoas;mortos;feridos_leves;feridos_graves;ilesos;ignorados;feridos;veiculos;latitude;longitude;regional;delegacia;uop;;;
729809;05/11/2025;quarta-feira;17:20:00;SC;280;27,3;ARAQUARI;Ultrapassagem Indevida;Colis�o transversal;Com V�timas Feridas;Pleno dia;Decrescente;C�u Claro;Simples;Reta;N�o;2;0;1;0;1;0;1;2;-26,399337;-48,741897;SPRF-SC;DEL03-SC;UOP03-DEL03-SC;;;
729810;05/11/2025;quarta-feira;13:34:00;MT;163;693;SORRISO;Aus�ncia de rea��o do condutor;Sa�da de leito carro��vel;Com V�timas Feridas;Pleno dia;Decrescente;Chuva;Simples;Reta;N�o;1;0;1;0;0;0;1;1;-13,03775636;-55,90126991;SPRF-MT;DEL06-MT;UOP01-DEL06-MT;;;
729811;05/11/2025;quarta-feira;15:30:00;RJ;101;333;RIO DE JANEIRO;Rea��o tardia ou ineficiente do condutor;Tombamento;Com V�timas Feridas;Pleno dia;Decrescente;C�u Claro;Dupla;Reta;Sim;1;0;1;0;0;0;1;1;-22,87096846;-43,20364879;SPRF-RJ;DEL02-RJ;UOP01-DEL02-RJ;;;
729812;05/11/2025;quarta-feira;18:10:00;MG;40;515,9;RIBEIRAO DAS NEVES;Avarias e/ou desgaste excessivo no pneu;Tombamento;Com V�timas Feridas;Anoitecer;Crescente;C�u Claro;Dupla;"Reta;Declive";N�o;2;0;1;0;1;0;1;1;-19,81574336;-44,09056854;SPRF-MG;DEL01-MG;UOP02-DEL01-MG;;;
729813;05/11/2025;quarta-feira;18:00:00;RJ;101;466;ANGRA DOS REIS;Acumulo de �leo sobre o pavimento;Colis�o transversal;Com V�timas Feridas;Plena Noite;Decrescente;Garoa/Chuvisco;Simples;Curva;N�o;2;0;1;0;1;0;1;2;-23,010591;-44,208184;SPRF-RJ;DEL03-RJ;UOP03-DEL03-RJ;;;
729814;29/10/2025;quarta-feira;07:11:00;MT;70;1,4;BARRA DO GARCAS;Velocidade Incompat�vel;Atropelamento de Pedestre;Com V�timas Feridas;Pleno dia;Crescente;C�u Claro;Simples;Reta;Sim;2;0;1;0;1;0;1;2;-15,88986288;-52,2644949;SPRF-MT;DEL07-MT;UOP01-DEL07-MT;;;
729815;05/11/2025;quarta-feira;15:20:00;RJ;116;183;NOVA IGUACU;Aus�ncia de rea��o do condutor;Colis�o traseira;Com V�timas Feridas;Pleno dia;Decrescente;C�u Claro;Dupla;Reta;Sim;2;0;1;0;1;0;1;2;-22,75006796;-43,44100205;SPRF-RJ;DEL06-RJ;UOP01-DEL06-RJ;;;
729818;05/11/2025;quarta-feira;17:50:00;ES;101;122,1;LINHARES;Retorno proibido;Colis�o transversal;Com V�timas Feridas;Plena Noite;Decrescente;C�u Claro;Simples;Reta;N�o;2;0;1;0;1;0;1;2;-19,161118;-40,083653;SPRF-ES;DEL04-ES;UOP01-DEL04-ES;;;
729820;05/11/2025;quarta-feira;18:15:00;ES;101;262,3;SERRA;Condutor desrespeitou a ilumina��o vermelha do sem�foro;Colis�o transversal;Com V�timas Feridas;Plena Noite;Crescente;Nublado;M�ltipla;Interse��o de Vias;Sim;3;0;1;0;1;1;1;3;-20,1535907;-40,27801752;SPRF-ES;DEL02-ES;UOP01-DEL02-ES;;;
729821;05/11/2025;quarta-feira;18:10:00;RJ;40;70;PETROPOLIS;Acesso irregular;Colis�o transversal;Com V�timas Feridas;Anoitecer;Crescente;Nublado;Dupla;"Reta;Retorno Regulamentado";Sim;2;0;1;0;1;0;1;2;-22,45242047;-43,20634726;SPRF-RJ;DEL05-RJ;UOP02-DEL05-RJ;;;
729823;31/08/2025;domingo;07:20:00;PR;277;590,1;CASCAVEL;Aus�ncia de rea��o do condutor;Colis�o frontal;Com V�timas Feridas;Pleno dia;Crescente;C�u Claro;Simples;Reta;Sim;7;0;6;0;1;0;6;2;-24,98189577;-53,45761774;SPRF-PR;DEL04-PR;UOP01-DEL04-PR;;;
729824;05/11/2025;quarta-feira;15:15:00;RO;364;230,1;CACOAL;Condutor deixou de manter dist�ncia do ve�culo da frente;Colis�o traseira;Com V�timas Feridas;Pleno dia;Crescente;Sol;Simples;Reta;N�o;6;0;1;0;5;0;1;2;-11,475967;-61,394035;SPRF-RO;DEL02-RO;UOP02-DEL02-RO;;;
729825;05/11/2025;quarta-feira;18:50:00;SP;116;52,8;LORENA;Aus�ncia de rea��o do condutor;Colis�o transversal;Com V�timas Feridas;Anoitecer;Decrescente;C�u Claro;Simples;"Interse��o de Vias;Rotat�ria";N�o;3;0;2;0;1;0;2;2;-22,75195051;-45,10526061;SPRF-SP;DEL08-SP;UOP02-DEL08-SP;;;
729826;05/11/2025;quarta-feira;17:55:00;RJ;101;321;NITEROI;Trafegar com motocicleta (ou similar) entre as faixas;Colis�o lateral mesmo sentido;Com V�timas Feridas;Plena Noite;Crescente;Chuva;M�ltipla;Reta;Sim;4;0;2;0;2;0;2;4;-22,87653105;-43,11037302;SPRF-RJ;DEL02-RJ;UOP01-DEL02-RJ;;;
729828;05/11/2025;quarta-feira;18:09:00;ES;101;264;SERRA;Aus�ncia de rea��o do condutor;Colis�o traseira;Com V�timas Feridas;Pleno dia;Decrescente;C�u Claro;Simples;Reta;N�o;2;0;1;0;1;0;1;2;-20,22230476;-40,27050161;SPRF-ES;DEL02-ES;UOP01-DEL02-ES;;;
729829;05/11/2025;quarta-feira;18:00:00;MG;381;478;CONTAGEM;Trafegar com motocicleta (ou similar) entre as faixas;Tombamento;Com V�timas Feridas;Anoitecer;Decrescente;C�u Claro;Dupla;Reta;Sim;1;0;1;0;0;0;1;1;-19,9593788;-44,0332557;SPRF-MG;DEL01-MG;UOP03-DEL01-MG;;;
729830;05/11/2025;quarta-feira;18:51:00;MG;381;508;SAO JOAQUIM DE BICAS;Pedestre andava na pista;Atropelamento de Pedestre;Com V�timas Fatais;Plena Noite;Decrescente;C�u Claro;Dupla;Reta;Sim;2;1;0;0;1;0;0;2;-20,04077289;-44,26039696;SPRF-MG;DEL01-MG;UOP03-DEL01-MG;;;
729832;05/11/2025;quarta-feira;18:13:00;BA;324;538;CONCEICAO DO JACUIPE;Condutor Dormindo;Tombamento;Com V�timas Feridas;Plena Noite;Crescente;C�u Claro;Dupla;Reta;N�o;1;0;1;0;0;0;1;1;-12,3608822;-38,8362714;SPRF-BA;DEL01-BA;UOP03-DEL01-BA;;;
729833;05/11/2025;quarta-feira;18:35:00;PR;153;491;GENERAL CARNEIRO;Acesso irregular;Colis�o transversal;Com V�timas Feridas;Pleno dia;Crescente;C�u Claro;Simples;"Reta;Interse��o de Vias";Sim;3;0;0;1;0;2;1;3;-26,43034058;-51,31395087;SPRF-PR;DEL02-PR;UOP03-DEL02-PR;;;
729834;05/11/2025;quarta-feira;19:12:00;PA;316;20;BENEVIDES;Acostamento em desn�vel;Tombamento;Com V�timas Feridas;Plena Noite;Decrescente;Garoa/Chuvisco;Dupla;Reta;N�o;1;0;1;0;0;0;1;1;-1,3537;-48,25725;SPRF-PA;DEL01-PA;UOP01-DEL01-PA;;;
729835;05/11/2025;quarta-feira;18:40:00;PR;376;3;APUCARANA;Condutor deixou de manter dist�ncia do ve�culo da frente;Colis�o traseira;Com V�timas Feridas;Plena Noite;Decrescente;C�u Claro;M�ltipla;"Interse��o de Vias;Declive;Reta";Sim;4;0;1;0;3;0;1;2;-23,559439;-51,436477;SPRF-PR;DEL07-PR;UOP03-DEL07-PR;;;
729836;05/11/2025;quarta-feira;13:00:00;RJ;101;324;RIO BONITO;Demais falhas mec�nicas ou el�tricas;Inc�ndio;Sem V�timas;Amanhecer;Decrescente;Nublado;Dupla;Reta;Sim;1;0;0;0;1;0;0;1;-22,7149794;-42,6790274;SPRF-RJ;DEL02-RJ;UOP01-DEL02-RJ;;;
729837;05/11/2025;quarta-feira;18:25:00;RJ;116;147;DUQUE DE CAXIAS;Rea��o tardia ou ineficiente do condutor;Colis�o lateral mesmo sentido;Com V�timas Feridas;Plena Noite;Decrescente;Nublado;Dupla;Reta;N�o;2;0;1;0;1;0;1;2;-22,66579884;-43,26102734;SPRF-RJ;DEL01-RJ;UOP02-DEL01-RJ;;;
729838;05/11/2025;quarta-feira;19:05:00;MS;163;20,6;MUNDO NOVO;Rea��o tardia ou ineficiente do condutor;Tombamento;Com V�timas Feridas;Plena Noite;Decrescente;C�u Claro;Simples;"Aclive;Reta";Sim;1;0;1;0;0;0;1;1;-23,92243791;-54,28598849;SPRF-MS;DEL09-MS;UOP02-DEL09-MS;;;
729839;05/11/2025;quarta-feira;19:00:00;MG;116;408;GOVERNADOR VALADARES;Retorno proibido;Colis�o transversal;Com V�timas Feridas;Plena Noite;Decrescente;C�u Claro;Simples;Curva;N�o;2;0;0;1;1;0;1;2;-18,83380432;-41,98951576;SPRF-MG;DEL06-MG;UOP01-DEL06-MG;;;
729840;05/11/2025;quarta-feira;17:30:00;RS;0;0;PASSO FUNDO;Condutor deixou de manter dist�ncia do ve�culo da frente;Colis�o traseira;Sem V�timas;Pleno dia;N�o Informado;Nublado;Simples;Reta;Sim;3;0;0;0;3;0;0;3;-28,26446767;-52,41438596;SPRF-RS;DEL08-RS;UOP03-DEL08-RS;;;
729843;01/11/2025;s�bado;09:40:00;RJ;101;306;SAO GONCALO;Avarias e/ou desgaste excessivo no pneu;Queda de ocupante de ve�culo;Com V�timas Feridas;Pleno dia;Decrescente;C�u Claro;Dupla;Reta;Sim;2;0;1;0;1;0;1;1;-22,79088554;-43,0049032;SPRF-RJ;DEL02-RJ;UOP02-DEL02-RJ;;;
729844;30/10/2025;quinta-feira;06:50:00;BA;324;515;FEIRA DE SANTANA;Convers�o proibida;Colis�o transversal;Com V�timas Feridas;Pleno dia;Crescente;C�u Claro;Simples;Reta;Sim;2;0;1;0;1;0;1;2;-12,24073709;-38,93828631;SPRF-BA;DEL02-BA;UOP01-DEL02-BA;;;
729846;05/11/2025;quarta-feira;20:10:00;PR;116;210,9;RIO NEGRO;Acessar a via sem observar a presen�a dos outros ve�culos;Colis�o transversal;Com V�timas Feridas;Plena Noite;Decrescente;C�u Claro;Simples;"Interse��o de Vias;Reta";Sim;3;0;1;0;1;1;1;3;-26,09998;-49,780948;SPRF-SC;DEL06-SC;UOP01-DEL06-SC;;;
729847;05/11/2025;quarta-feira;18:30:00;RJ;40;118;DUQUE DE CAXIAS;Manobra de mudan�a de faixa;Colis�o lateral mesmo sentido;Com V�timas Feridas;Plena Noite;Decrescente;Nublado;M�ltipla;Reta;Sim;3;0;0;1;2;0;1;2;-22,75386828;-43,28724715;SPRF-RJ;DEL01-RJ;UOP02-DEL01-RJ;;;
729848;05/11/2025;quarta-feira;19:15:00;SP;116;154;SAO JOSE DOS CAMPOS;Rea��o tardia ou ineficiente do condutor;Tombamento;Com V�timas Feridas;Plena Noite;Decrescente;C�u Claro;Dupla;Reta;Sim;1;0;1;0;0;0;1;1;-23,23898011;-45,92049122;SPRF-SP;DEL02-SP;UOP01-DEL02-SP;;;
729849;05/11/2025;quarta-feira;18:00:00;BA;324;608;SIMOES FILHO;Trafegar com motocicleta (ou similar) entre as faixas;Colis�o traseira;Com V�timas Feridas;Plena Noite;Crescente;C�u Claro;M�ltipla;Reta;Sim;2;0;1;0;1;0;1;2;-12,83003022;-38,41078877;SPRF-BA;DEL01-BA;UOP01-DEL01-BA;;;
729850;05/11/2025;quarta-feira;17:10:00;MG;262;404;IGARATINGA;Aus�ncia de rea��o do condutor;Sa�da de leito carro��vel;Com V�timas Feridas;Pleno dia;Decrescente;C�u Claro;Dupla;Curva;N�o;1;0;1;0;0;0;1;1;-19,90768;-44,67159;SPRF-MG;DEL01-MG;UOP03-DEL01-MG;;;
729851;05/11/2025;quarta-feira;19:30:00;PR;277;679;MEDIANEIRA;Pedestre andava na pista;Atropelamento de Pedestre;Com V�timas Feridas;Plena Noite;Decrescente;C�u Claro;Dupla;Reta;N�o;3;0;1;1;1;0;2;2;-25,32091771;-54,16182518;SPRF-PR;DEL05-PR;UOP01-DEL05-PR;;;
729852;05/11/2025;quarta-feira;19:40:00;SC;280;168,6;MAFRA;Ingest�o de �lcool pelo condutor;Sa�da de leito carro��vel;Com V�timas Feridas;Plena Noite;Decrescente;C�u Claro;Simples;"Declive;Reta";Sim;1;0;1;0;0;0;1;1;-26,155398;-49,812755;SPRF-SC;DEL06-SC;UOP01-DEL06-SC;;;
729853;05/11/2025;quarta-feira;18:50:00;MA;10;241;DAVINOPOLIS;Entrada inopinada do pedestre;Atropelamento de Pedestre;Com V�timas Fatais;Plena Noite;Crescente;C�u Claro;Simples;Reta;N�o;3;1;0;0;2;0;0;2;-5,6153345;-47,41598368;SPRF-MA;DEL04-MA;UOP01-DEL04-MA;;;
729855;05/11/2025;quarta-feira;20:15:00;SP;101;50;UBATUBA;Convers�o proibida;Colis�o frontal;Com V�timas Feridas;Plena Noite;Crescente;C�u Claro;Simples;Interse��o de Vias;Sim;3;0;1;0;2;0;1;3;-23,45167641;-45,07593367;SPRF-SP;DEL06-SP;UOP01-DEL06-SP;;;
729859;05/11/2025;quarta-feira;21:30:00;RN;101;102;PARNAMIRIM;Mal s�bito do condutor;Colis�o com objeto;Com V�timas Fatais;Plena Noite;Crescente;C�u Claro;Dupla;Reta;Sim;2;1;1;0;0;0;1;1;-5,888749;-35,242107;SPRF-RN;DEL01-RN;UOP01-DEL01-RN;;;
729862;05/11/2025;quarta-feira;19:40:00;ES;262;89;DOMINGOS MARTINS;Rea��o tardia ou ineficiente do condutor;Colis�o traseira;Com V�timas Feridas;Plena Noite;Decrescente;Nublado;Simples;Reta;Sim;2;0;1;0;0;1;1;2;-20,38878578;-41,01554836;SPRF-ES;DEL01-ES;UOP02-DEL01-ES;;;
729863;05/11/2025;quarta-feira;22:00:00;DF;70;7;BRASILIA;Condutor deixou de manter dist�ncia do ve�culo da frente;Colis�o traseira;Com V�timas Feridas;Plena Noite;Decrescente;C�u Claro;Dupla;Reta;Sim;2;0;2;0;0;0;2;2;-15,78698639;-48,11753623;SPRF-DF;DEL03-DF;UOP02-DEL03-DF;;;
729864;05/11/2025;quarta-feira;21:45:00;MT;364;635;DIAMANTINO;Rea��o tardia ou ineficiente do condutor;Colis�o traseira;Sem V�timas;Plena Noite;Decrescente;C�u Claro;Simples;Reta;N�o;2;0;0;0;2;0;0;2;-14,3189096;-56,4496276;SPRF-MT;DEL01-MT;UOP01-DEL01-MT;;;
729865;05/11/2025;quarta-feira;16:30:00;RJ;40;124;DUQUE DE CAXIAS;Manobra de mudan�a de faixa;Colis�o lateral mesmo sentido;Com V�timas Feridas;Pleno dia;Crescente;C�u Claro;M�ltipla;Reta;Sim;2;0;1;0;1;0;1;2;-22,80567102;-43,28981058;SPRF-RJ;DEL01-RJ;UOP02-DEL01-RJ;;;
729867;05/11/2025;quarta-feira;22:00:00;PR;277;683;SAO MIGUEL DO IGUACU;Ingest�o de �lcool pelo condutor;Sa�da de leito carro��vel;Sem V�timas;Plena Noite;Decrescente;C�u Claro;Dupla;"Curva;Aclive";N�o;1;0;0;0;1;0;0;1;-25,3378;-54,198;SPRF-PR;DEL05-PR;UOP01-DEL05-PR;;;
729872;05/11/2025;quarta-feira;22:10:00;RJ;116;142;DUQUE DE CAXIAS;Rea��o tardia ou ineficiente do condutor;Colis�o traseira;Com V�timas Feridas;Plena Noite;Crescente;Chuva;Dupla;Reta;Sim;4;0;3;0;1;0;3;2;-22,648856;-43,231095;SPRF-RJ;DEL01-RJ;UOP02-DEL01-RJ;;;
729873;05/11/2025;quarta-feira;23:45:00;PE;232;8;RECIFE;Acessar a via sem observar a presen�a dos outros ve�culos;Colis�o transversal;Com V�timas Feridas;Plena Noite;Crescente;C�u Claro;M�ltipla;Reta;Sim;2;0;1;0;0;1;1;2;-8,07587;-34,96949;SPRF-PE;DEL01-PE;UOP01-DEL01-PE;;;
729874;05/11/2025;quarta-feira;22:40:00;BA;116;14,3;VITORIA DA CONQUISTA;Ingest�o de �lcool pelo condutor;Sa�da de leito carro��vel;Sem V�timas;Plena Noite;Crescente;C�u Claro;Simples;"Declive;Reta";Sim;1;0;0;0;1;0;0;1;-14,894806;-40,863128;SPRF-BA;DEL08-BA;UOP01-DEL08-BA;;;
729876;06/11/2025;quinta-feira;01:00:00;SC;101;130;CAMBORIU;Ingest�o de �lcool pelo condutor;Sa�da de leito carro��vel;Sem V�timas;Plena Noite;Crescente;C�u Claro;Dupla;Reta;Sim;1;0;0;0;1;0;0;1;-26,98762;-48,66548;SPRF-SC;DEL04-SC;UOP03-DEL04-SC;;;
729877;06/11/2025;quinta-feira;00:14:00;PE;232;36;MORENO;Demais falhas mec�nicas ou el�tricas;Inc�ndio;Sem V�timas;Plena Noite;Crescente;C�u Claro;Dupla;Reta;N�o;1;0;0;0;0;1;0;1;-8,14203705;-35,10642529;SPRF-PE;DEL02-PE;UOP02-DEL02PE;;;
729880;06/11/2025;quinta-feira;01:00:00;GO;60;370;RIO VERDE;Condutor Dormindo;Capotamento;Com V�timas Feridas;Plena Noite;Decrescente;Nublado;Dupla;"Reta;Declive";N�o;3;0;3;0;0;0;3;1;-17,70711;-50,849087;SPRF-GO;DEL04-GO;UOP02-DEL04-GO;;;
729881;06/11/2025;quinta-feira;01:00:00;PR;369;150;LONDRINA;Condutor desrespeitou a ilumina��o vermelha do sem�foro;Colis�o transversal;Com V�timas Feridas;Plena Noite;Decrescente;Nublado;Dupla;Interse��o de Vias;N�o;2;0;1;0;1;0;1;2;-23,2931685;-51,161523;SPRF-PR;DEL07-PR;UOP01-DEL07-PR;;;
729883;06/11/2025;quinta-feira;00:00:00;RS;480;68,6;ERECHIM;Transitar no Acostamento;Colis�o com objeto;Com V�timas Feridas;Pleno dia;Decrescente;C�u Claro;Simples;Reta;N�o;2;0;2;0;0;0;2;1;-27,63364245;-52,34023545;SPRF-RS;DEL08-RS;UOP04-DEL08-RS;;;
729884;06/11/2025;quinta-feira;02:15:00;SP;153;2;ICEM;Aus�ncia de rea��o do condutor;Sa�da de leito carro��vel;Com V�timas Feridas;Plena Noite;Crescente;Nevoeiro/Neblina;Simples;Curva;Sim;1;0;1;0;0;0;1;1;-20,32563035;-49,21202151;SPRF-SP;DEL09-SP;UOP01-DEL09-SP;;;
729888;06/11/2025;quinta-feira;04:30:00;TO;153;94,9;WANDERLANDIA;Aus�ncia de rea��o do condutor;Colis�o traseira;Com V�timas Fatais;Amanhecer;Crescente;Chuva;M�ltipla;"Reta;Declive";N�o;3;1;0;0;2;0;0;2;-6,869405;-47,983665;SPRF-TO;DEL02-TO;UOP01-DEL02-TO;;;
729891;06/11/2025;quinta-feira;05:00:00;MG;40;516;RIBEIRAO DAS NEVES;Transitar no Acostamento;Colis�o com objeto;Com V�timas Feridas;Amanhecer;Crescente;C�u Claro;Dupla;"Curva;Em Obras";Sim;1;0;1;0;0;0;1;1;-19,822164;-44,084899;SPRF-MG;DEL01-MG;UOP02-DEL01-MG;;;
729892;06/11/2025;quinta-feira;05:48:00;BA;324;534;CONCEICAO DO JACUIPE;Acumulo de areia ou detritos sobre o pavimento;Sa�da de leito carro��vel;Com V�timas Feridas;Pleno dia;Decrescente;C�u Claro;Dupla;Reta;N�o;3;0;2;0;1;0;2;1;-12,3596333;-38,82563;SPRF-BA;DEL01-BA;UOP03-DEL01-BA;;;
729893;06/11/2025;quinta-feira;02:50:00;PR;373;246;GUAMIRANGA;Aus�ncia de rea��o do condutor;Sa�da de leito carro��vel;Sem V�timas;Plena Noite;Decrescente;C�u Claro;Simples;Rotat�ria;Sim;2;0;0;0;1;1;0;2;-25,187847;-50,802689;SPRF-PR;DEL03-PR;UOP01-DEL03-PR;;;
729894;06/11/2025;quinta-feira;06:30:00;MA;135;5;SAO LUIS;Rea��o tardia ou ineficiente do condutor;Sa�da de leito carro��vel;Com V�timas Feridas;Amanhecer;Crescente;C�u Claro;Dupla;"Reta;Declive";Sim;1;0;1;0;0;0;1;1;-2,6354016;-44,31204068;SPRF-MA;DEL01-MA;UOP01-DEL01-MA;;;
729896;06/11/2025;quinta-feira;06:45:00;SP;381;53;MAIRIPORA;Velocidade Incompat�vel;Capotamento;Com V�timas Feridas;Pleno dia;Decrescente;C�u Claro;Simples;Reta;Sim;2;0;1;0;1;0;1;1;-23,2419311;-46,5962657;SPRF-SP;DEL03-SP;UOP01-DEL03-SP;;;
729897;06/11/2025;quinta-feira;06:40:00;MG;459;68,3;SENADOR JOSE BENTO;Velocidade Incompat�vel;Colis�o com objeto;Com V�timas Feridas;Pleno dia;Decrescente;Nublado;Simples;Curva;N�o;2;0;1;0;1;0;1;1;-22,13102588;-46,18221045;SPRF-MG;DEL09-MG;UOP01-DEL09-MG;;;
729898;06/11/2025;quinta-feira;07:07:00;SC;101;204,5;SAO JOSE;Aus�ncia de rea��o do condutor;Tombamento;Com V�timas Feridas;Amanhecer;Crescente;C�u Claro;M�ltipla;"Reta;Interse��o de Vias";Sim;1;0;1;0;0;0;1;1;-27,57865;-48,61387;SPRF-SC;DEL01-SC;UOP01-DEL01-SC;;;
729901;06/11/2025;quinta-feira;07:15:00;PR;369;189,3;ARAPONGAS;Condutor desrespeitou a ilumina��o vermelha do sem�foro;Colis�o transversal;Com V�timas Feridas;Pleno dia;Crescente;C�u Claro;Simples;"Interse��o de Vias;Reta";Sim;2;0;1;0;1;0;1;2;-23,434187;-51,422216;SPRF-PR;DEL07-PR;UOP03-DEL07-PR;;;
729902;06/11/2025;quinta-feira;06:55:00;RJ;116;176;SAO JOAO DE MERITI;Rea��o tardia ou ineficiente do condutor;Engavetamento;Com V�timas Feridas;Pleno dia;Decrescente;C�u Claro;M�ltipla;Reta;Sim;4;0;1;0;3;0;1;3;-22,79126542;-43,36985763;SPRF-RJ;DEL06-RJ;UOP01-DEL06-RJ;;;
729903;06/11/2025;quinta-feira;06:10:00;BA;324;599;SIMOES FILHO;Frear bruscamente;Colis�o frontal;Sem V�timas;Pleno dia;Decrescente;C�u Claro;M�ltipla;Reta;N�o;5;0;0;0;5;0;0;4;-12,75241465;-38,43048602;SPRF-BA;DEL01-BA;UOP01-DEL01-BA;;;
729906;06/11/2025;quinta-feira;07:30:00;SP;116;145,8;SAO JOSE DOS CAMPOS;Condutor deixou de manter dist�ncia do ve�culo da frente;Colis�o traseira;Com V�timas Feridas;Pleno dia;Decrescente;Garoa/Chuvisco;Dupla;"Aclive;Reta";Sim;2;0;1;0;1;0;1;2;-23,18960024;-45,85991621;SPRF-SP;DEL02-SP;UOP01-DEL02-SP;;;
729907;06/11/2025;quinta-feira;07:15:00;PR;277;189;PALMEIRA;Convers�o proibida;Colis�o transversal;Com V�timas Feridas;Pleno dia;Decrescente;C�u Claro;Simples;"Declive;Reta";N�o;3;0;2;0;1;0;2;2;-25,4418;-50,0463;SPRF-PR;DEL08-PR;UOP02-DEL08-PR;;;
729908;06/11/2025;quinta-feira;07:25:00;SE;101;36;JAPARATUBA;Acesso irregular;Colis�o transversal;Com V�timas Feridas;Pleno dia;Decrescente;C�u Claro;Dupla;Reta;Sim;2;0;1;0;1;0;1;2;-10,57096002;-36,96427168;SPRF-SE;DEL02-SE;UOP02-DEL02-SE;;;
729909;06/11/2025;quinta-feira;07:50:00;PR;277;586;CASCAVEL;Rea��o tardia ou ineficiente do condutor;Colis�o transversal;Com V�timas Feridas;Pleno dia;Crescente;Sol;Simples;Reta;Sim;2;0;1;0;1;0;1;2;-24,96985996;-53,43001697;SPRF-PR;DEL04-PR;UOP01-DEL04-PR;;;
729911;06/11/2025;quinta-feira;08:00:00;PA;0;0;BELEM;Acessar a via sem observar a presen�a dos outros ve�culos;Colis�o transversal;Com V�timas Feridas;Pleno dia;N�o Informado;C�u Claro;Dupla;"Reta;Viaduto";Sim;2;0;1;1;0;0;2;2;-1,40975554;-48,46352577;SPRF-PA;N/A;N/A;;;
729912;06/11/2025;quinta-feira;07:25:00;RO;174;15;VILHENA;Manobra de mudan�a de faixa;Colis�o lateral mesmo sentido;Com V�timas Feridas;Pleno dia;Decrescente;Nublado;Dupla;"Reta;Interse��o de Vias";N�o;3;0;0;1;2;0;1;2;-12,71697575;-60,12705803;SPRF-RO;DEL04-RO;UOP01-DEL04-RO;;;
729914;06/11/2025;quinta-feira;07:30:00;SC;101;425,2;ARARANGUA;Desrespeitar a prefer�ncia no cruzamento;Colis�o transversal;Com V�timas Feridas;Pleno dia;Decrescente;C�u Claro;Simples;Reta;N�o;2;0;0;1;1;0;1;2;-29,0266615;-49,6003298;SPRF-SC;DEL02-SC;UOP02-DEL02-SC;;;
729915;02/11/2025;domingo;22:20:00;MG;381;503;BETIM;Aus�ncia de rea��o do condutor;Colis�o lateral mesmo sentido;Com V�timas Feridas;Plena Noite;Decrescente;Chuva;M�ltipla;Reta;Sim;3;0;1;1;1;0;2;2;-20,02660333;-44,23247407;SPRF-MG;DEL01-MG;UOP03-DEL01-MG;;;
729916;06/11/2025;quinta-feira;07:45:00;MG;116;700,8;MURIAE;Desrespeitar a prefer�ncia no cruzamento;Colis�o transversal;Com V�timas Feridas;Pleno dia;Decrescente;Nublado;Simples;Interse��o de Vias;Sim;3;0;1;0;2;0;1;2;-21,11189643;-42,38090873;SPRF-MG;DEL07-MG;UOP02-DEL07-MG;;;
729918;06/11/2025;quinta-feira;08:50:00;DF;70;4;BRASILIA;Condutor deixou de manter dist�ncia do ve�culo da frente;Colis�o traseira;Sem V�timas;Pleno dia;Decrescente;C�u Claro;Dupla;Reta;Sim;2;0;0;0;2;0;0;2;-15,79368342;-48,09797287;SPRF-DF;DEL03-DF;UOP02-DEL03-DF;;;
729919;06/11/2025;quinta-feira;08:17:00;RS;116;251;SAPUCAIA DO SUL;Trafegar com motocicleta (ou similar) entre as faixas;Colis�o lateral mesmo sentido;Com V�timas Feridas;Pleno dia;Decrescente;C�u Claro;Dupla;Reta;Sim;3;0;1;0;2;0;1;3;-29,7968684;-51,1648043;SPRF-RS;DEL01-RS;UOP02-DEL01-RS;;;
729920;06/11/2025;quinta-feira;07:30:00;MT;163;687;LUCAS DO RIO VERDE;Acessar a via sem observar a presen�a dos outros ve�culos;Colis�o transversal;Com V�timas Feridas;Pleno dia;Crescente;C�u Claro;Dupla;Interse��o de Vias;Sim;2;0;1;0;1;0;1;2;-13,0693297;-55,9268461;SPRF-MT;DEL06-MT;UOP01-DEL06-MT;;;
729923;23/10/2025;quinta-feira;14:40:00;RS;116;234,7;NOVO HAMBURGO;Aus�ncia de rea��o do condutor;Tombamento;Com V�timas Feridas;Pleno dia;Crescente;C�u Claro;Dupla;Reta;Sim;1;0;0;1;0;0;1;1;-29,6599028;-51,14410222;SPRF-RS;DEL01-RS;UOP02-DEL01-RS;;;
729924;06/11/2025;quinta-feira;08:56:00;TO;153;138;ARAGUAINA;Aus�ncia de rea��o do condutor;Colis�o traseira;Com V�timas Feridas;Pleno dia;Crescente;Nublado;Dupla;Rotat�ria;Sim;2;0;1;0;1;0;1;2;-7,16159;-48,20578;SPRF-TO;DEL02-TO;UOP01-DEL02-TO;;;
729925;06/11/2025;quinta-feira;10:00:00;TO;153;133;WANDERLANDIA;Aus�ncia de rea��o do condutor;Sa�da de leito carro��vel;Sem V�timas;Pleno dia;Crescente;Nublado;Simples;Rotat�ria;N�o;1;0;0;0;0;1;0;1;-7,116938;-48,189343;SPRF-TO;DEL02-TO;UOP01-DEL02-TO;;;
729928;06/11/2025;quinta-feira;09:45:00;SE;101;148,9;ESTANCIA;Acessar a via sem observar a presen�a dos outros ve�culos;Colis�o lateral mesmo sentido;Com V�timas Feridas;Pleno dia;Decrescente;C�u Claro;Simples;"Reta;Aclive";Sim;2;0;1;0;1;0;1;2;-11,24972;-37,43593;SPRF-SE;DEL02-SE;UOP01-DEL02-SE;;;