id;data_inversa;dia_semana;horario;uf;br;km;municipio;causa_acidente;tipo_acidente;classificacao_acidente;fase_dia;sentido_via;condicao_metereologica;tipo_pista;tracado_via;uso_solo;pessoas;mortos;feridos_leves;feridos_graves;ilesos;ignorados;feridos;veiculos;latitude;longitude;regional;delegacia;uop;;;
729929;06/11/2025;quinta-feira;10:20:00;SP;116;229;SAO PAULO;Trafegar com motocicleta (ou similar) entre as faixas;Colis�o lateral mesmo sentido;Com V�timas Feridas;Pleno dia;Crescente;Nublado;M�ltipla;Reta;Sim;2;0;1;0;1;0;1;2;-23,50904871;-46,57306043;SPRF-SP;DEL01-SP;UOP01-DEL01-SP;;;
729937;06/11/2025;quinta-feira;09:40:00;SP;116;164;JACAREI;Avarias e/ou desgaste excessivo no pneu;Tombamento;Com V�timas Feridas;Pleno dia;Decrescente;Sol;Dupla;Reta;N�o;2;0;2;0;0;0;2;1;-23,29198252;-46,00040529;SPRF-SP;DEL02-SP;UOP01-DEL02-SP;;;
729945;06/11/2025;quinta-feira;11:50:00;SC;280;44,2;GUARAMIRIM;Mal s�bito do condutor;Colis�o com objeto;Com V�timas Feridas;Pleno dia;Decrescente;C�u Claro;Dupla;Reta;N�o;1;0;1;0;0;0;1;1;-26,451985;-48,889803;SPRF-SC;DEL03-SC;UOP03-DEL03-SC;;;
729946;06/11/2025;quinta-feira;07:00:00;SC;280;31;ARAQUARI;Convers�o proibida;Colis�o lateral mesmo sentido;Com V�timas Feridas;Pleno dia;Crescente;Nublado;Simples;"Reta;Interse��o de Vias";Sim;2;0;1;0;1;0;1;2;-26,412718;-48,756913;SPRF-SC;DEL03-SC;UOP03-DEL03-SC;;;
729951;06/11/2025;quinta-feira;11:50:00;BA;101;61;ENTRE RIOS;Acostamento em desn�vel;Sa�da de leito carro��vel;Com V�timas Feridas;Pleno dia;Crescente;C�u Claro;Dupla;Aclive;N�o;4;0;4;0;0;0;4;1;-11,95462632;-38,08197711;SPRF-BA;DEL01-BA;UOP04-DEL01-BA;;;
729952;04/11/2025;ter�a-feira;05:40:00;BA;101;581;CAMACAN;Velocidade Incompat�vel;Sa�da de leito carro��vel;Sem V�timas;Pleno dia;Crescente;C�u Claro;Simples;Curva;N�o;1;0;0;0;1;0;0;1;-15,36651385;-39,49775097;SPRF-BA;DEL05-BA;UOP02-DEL05-BA;;;
729955;06/11/2025;quinta-feira;13:00:00;ES;259;49,1;COLATINA;Acessar a via sem observar a presen�a dos outros ve�culos;Colis�o transversal;Com V�timas Feridas;Pleno dia;Crescente;Nublado;M�ltipla;"Retorno Regulamentado;Curva;Interse��o de Vias";N�o;3;0;2;0;1;0;2;2;-19,511289;-40,605233;SPRF-ES;DEL02-ES;UOP01-DEL02-ES;;;
729961;06/11/2025;quinta-feira;13:20:00;RN;101;94;NATAL;Rea��o tardia ou ineficiente do condutor;Colis�o traseira;Com V�timas Feridas;Pleno dia;Crescente;Sol;Dupla;"Reta;Interse��o de Vias";Sim;2;0;0;1;0;1;1;2;-5,8382072;-35,21143762;SPRF-RN;DEL01-RN;UOP01-DEL01-RN;;;
729962;06/11/2025;quinta-feira;14:10:00;SC;101;213,2;PALHOCA;Trafegar com motocicleta (ou similar) entre as faixas;Colis�o lateral mesmo sentido;Com V�timas Feridas;Pleno dia;Decrescente;C�u Claro;Dupla;Reta;Sim;2;0;1;0;1;0;1;2;-27,64189249;-48,6682841;SPRF-SC;DEL01-SC;UOP02-DEL01-SC;;;
729963;06/11/2025;quinta-feira;13:24:00;RO;364;237,4;CACOAL;Acessar a via sem observar a presen�a dos outros ve�culos;Colis�o transversal;Sem V�timas;Pleno dia;Decrescente;C�u Claro;Simples;"Interse��o de Vias;Retorno Regulamentado;Reta";Sim;2;0;0;0;2;0;0;2;-11,440818;-61,450263;SPRF-RO;DEL02-RO;UOP02-DEL02-RO;;;
729965;06/11/2025;quinta-feira;13:30:00;PE;407;128;PETROLINA;Rea��o tardia ou ineficiente do condutor;Tombamento;Com V�timas Feridas;Pleno dia;Crescente;Sol;Dupla;Reta;Sim;2;0;1;0;1;0;1;2;-9,3950099;-40,5084659;SPRF-PE;DEL06-PE;UOP01-DEL06-PE;;;
729967;06/11/2025;quinta-feira;12:30:00;MA;402;5;ROSARIO;Manobra de mudan�a de faixa;Colis�o frontal;Com V�timas Feridas;Pleno dia;Decrescente;C�u Claro;Simples;Reta;N�o;3;0;2;0;1;0;2;2;-2,95050167;-44,28272666;SPRF-MA;DEL01-MA;UOP01-DEL01-MA;;;
729968;06/11/2025;quinta-feira;13:45:00;SC;280;29,5;ARAQUARI;Convers�o proibida;Colis�o transversal;Com V�timas Feridas;Pleno dia;Decrescente;Nublado;Simples;Reta;Sim;2;0;1;0;1;0;1;2;-26,413352;-48,747702;SPRF-SC;DEL03-SC;UOP03-DEL03-SC;;;
729972;06/11/2025;quinta-feira;14:40:00;PR;277;1;PARANAGUA;Desrespeitar a prefer�ncia no cruzamento;Colis�o transversal;Com V�timas Feridas;Pleno dia;Crescente;C�u Claro;Simples;"Interse��o de Vias;Reta";Sim;3;0;2;0;1;0;2;2;-25,51562852;-48,53821842;SPRF-PR;DEL01-PR;UOP05-DEL01-PR;;;
729974;06/11/2025;quinta-feira;15:00:00;RS;116;142,2;CAXIAS DO SUL;Acessar a via sem observar a presen�a dos outros ve�culos;Colis�o lateral mesmo sentido;Sem V�timas;Pleno dia;Crescente;C�u Claro;Dupla;Curva;Sim;2;0;0;0;2;0;0;2;-29,1189173;-51,1181186;SPRF-RS;DEL05-RS;UOP01-DEL05-RS;;;
729975;19/10/2025;domingo;09:53:00;PB;230;86,8;GURINHEM;Acessar a via sem observar a presen�a dos outros ve�culos;Colis�o lateral mesmo sentido;Com V�timas Feridas;Pleno dia;Crescente;Sol;Dupla;Reta;N�o;2;0;0;2;0;0;2;2;-7,1693;-35,37695;SPRF-PB;DEL01-PB;UOP02-DEL01-PB;;;
729976;06/11/2025;quinta-feira;15:30:00;ES;101;144;LINHARES;Acumulo de areia ou detritos sobre o pavimento;Tombamento;Com V�timas Feridas;Pleno dia;Decrescente;C�u Claro;Dupla;Reta;Sim;1;0;1;0;0;0;1;1;-19,26327363;-40,08908791;SPRF-ES;DEL04-ES;UOP01-DEL04-ES;;;
729977;06/11/2025;quinta-feira;14:15:00;PR;369;33,5;CAMBARA;Rea��o tardia ou ineficiente do condutor;Sa�da de leito carro��vel;Com V�timas Feridas;Pleno dia;Decrescente;C�u Claro;Simples;"Aclive;Curva";N�o;2;0;0;2;0;0;2;1;-23,02980816;-50,20689324;SPRF-PR;DEL07-PR;UOP05-DEL07-PR;;;
729978;06/11/2025;quinta-feira;15:10:00;SC;101;115;ITAPEMA;Condutor deixou de manter dist�ncia do ve�culo da frente;Colis�o traseira;Com V�timas Feridas;Pleno dia;Decrescente;C�u Claro;Dupla;Reta;Sim;3;0;0;1;2;0;1;2;-27,0659365;-48,5955493;SPRF-SC;DEL04-SC;UOP04-DEL04-SC;;;
729979;06/11/2025;quinta-feira;15:10:00;BA;324;537;AMELIA RODRIGUES;Demais falhas mec�nicas ou el�tricas;Queda de ocupante de ve�culo;Com V�timas Feridas;Pleno dia;Crescente;C�u Claro;Dupla;Reta;N�o;1;0;0;1;0;0;1;1;-12,378279;-38,8024533;SPRF-BA;DEL01-BA;UOP03-DEL01-BA;;;
729980;06/11/2025;quinta-feira;13:40:00;MT;163;686;LUCAS DO RIO VERDE;Acessar a via sem observar a presen�a dos outros ve�culos;Colis�o transversal;Com V�timas Feridas;Pleno dia;Crescente;C�u Claro;Dupla;"Interse��o de Vias;Reta";Sim;3;0;2;0;1;0;2;2;-13,0798397;-55,9386917;SPRF-MT;DEL06-MT;UOP01-DEL06-MT;;;
729981;06/11/2025;quinta-feira;15:15:00;MG;40;466,5;SETE LAGOAS;Demais falhas mec�nicas ou el�tricas;Inc�ndio;Sem V�timas;Pleno dia;Crescente;Sol;Dupla;Reta;Sim;1;0;0;0;1;0;0;1;-19,445568;-44,3222;SPRF-MG;DEL02-MG;UOP01-DEL02-MG;;;
729982;06/11/2025;quinta-feira;14:18:00;GO;60;368;RIO VERDE;Acessar a via sem observar a presen�a dos outros ve�culos;Colis�o lateral mesmo sentido;Com V�timas Feridas;Pleno dia;Decrescente;Sol;Dupla;Reta;N�o;2;0;0;1;1;0;1;2;-17,690647;-50,838127;SPRF-GO;DEL04-GO;UOP02-DEL04-GO;;;
729986;06/11/2025;quinta-feira;12:00:00;PE;101;178;JOAQUIM NABUCO;Acessar a via sem observar a presen�a dos outros ve�culos;Colis�o transversal;Com V�timas Fatais;Pleno dia;Crescente;Sol;Dupla;Retorno Regulamentado;N�o;2;1;0;0;1;0;0;2;-8,62217508;-35,55279348;SPRF-PE;DEL01-PE;UOP03-DEL01-PE;;;
729988;06/11/2025;quinta-feira;15:30:00;SC;116;11;MAFRA;Condutor Dormindo;Sa�da de leito carro��vel;Com V�timas Feridas;Pleno dia;Crescente;C�u Claro;Simples;"Aclive;Reta";N�o;1;0;1;0;0;0;1;1;-26,162966;-49,84697;SPRF-SC;DEL06-SC;UOP01-DEL06-SC;;;
729992;06/11/2025;quinta-feira;16:37:00;SC;282;627;IRACEMINHA;Acessar a via sem observar a presen�a dos outros ve�culos;Colis�o transversal;Com V�timas Feridas;Pleno dia;Crescente;C�u Claro;Simples;Reta;Sim;3;0;1;0;1;1;1;3;-26,800309;-53,350951;SPRF-SC;DEL07-SC;UOP02-DEL07-SC;;;
729993;06/11/2025;quinta-feira;16:50:00;RJ;40;85;PETROPOLIS;Avarias e/ou desgaste excessivo no pneu;Tombamento;Com V�timas Feridas;Pleno dia;Crescente;Chuva;Simples;"Curva;Viaduto;Declive";N�o;2;0;2;0;0;0;2;1;-22,5284831;-43,2228327;SPRF-RJ;DEL01-RJ;UOP01-DEL01-RJ;;;
729994;06/11/2025;quinta-feira;17:45:00;SC;282;4;FLORIANOPOLIS;Rea��o tardia ou ineficiente do condutor;Colis�o traseira;Com V�timas Feridas;Anoitecer;Crescente;C�u Claro;M�ltipla;Reta;Sim;2;0;1;0;1;0;1;2;-27,5926786;-48,60397086;SPRF-SC;DEL01-SC;UOP01-DEL01-SC;;;
729996;05/11/2025;quarta-feira;18:30:00;PE;232;409;SERRA TALHADA;Pedestre cruzava a pista fora da faixa;Atropelamento de Pedestre;Com V�timas Feridas;Plena Noite;Decrescente;C�u Claro;Simples;Reta;Sim;2;0;0;1;0;1;1;2;-7,981678;-38,291963;SPRF-PE;DEL04-PE;UOP01-DEL04-PE;;;
729997;06/11/2025;quinta-feira;17:30:00;PB;230;25;JOAO PESSOA;Rea��o tardia ou ineficiente do condutor;Colis�o com objeto;Com V�timas Feridas;Plena Noite;Crescente;C�u Claro;M�ltipla;Reta;Sim;1;0;1;0;0;0;1;1;-7,17011128;-34,87189293;SPRF-PB;DEL01-PB;UOP01-DEL01-PB;;;
729999;06/11/2025;quinta-feira;16:10:00;SC;470;54,4;BLUMENAU;Aus�ncia de rea��o do condutor;Colis�o traseira;Com V�timas Feridas;Pleno dia;Decrescente;C�u Claro;Simples;Rotat�ria;Sim;2;0;0;1;1;0;1;2;-26,873582;-49,113843;SPRF-SC;DEL04-SC;UOP01-DEL04-SC;;;
730000;06/11/2025;quinta-feira;18:00:00;PR;272;366,9;CAMPO MOURAO;Ingest�o de �lcool pelo condutor;Colis�o transversal;Com V�timas Feridas;Pleno dia;Crescente;C�u Claro;Dupla;"Reta;Interse��o de Vias";Sim;2;0;1;0;1;0;1;2;-24,0495155;-52,39963381;SPRF-PR;DEL09-PR;UOP03-DEL09-PR;;;
730004;06/11/2025;quinta-feira;18:30:00;SP;116;146,9;SAO JOSE DOS CAMPOS;Aus�ncia de rea��o do condutor;Colis�o lateral sentido oposto;Com V�timas Feridas;Plena Noite;Crescente;C�u Claro;Dupla;Reta;N�o;2;0;0;1;1;0;1;2;-23,19668538;-45,8741641;SPRF-SP;DEL02-SP;UOP01-DEL02-SP;;;
730006;06/11/2025;quinta-feira;13:25:00;MS;376;119,3;IVINHEMA;Acessar a via sem observar a presen�a dos outros ve�culos;Colis�o transversal;Com V�timas Feridas;Pleno dia;Decrescente;C�u Claro;Simples;"Interse��o de Vias;Reta";Sim;3;0;0;1;2;0;1;2;-22,32052689;-53,80843727;SPRF-MS;DEL04-MS;UOP04-DEL04-MS;;;
730007;06/11/2025;quinta-feira;17:10:00;PR;376;185,7;SARANDI;Afundamento ou ondula��o no pavimento;Tombamento;Com V�timas Feridas;Pleno dia;Decrescente;C�u Claro;Dupla;Reta;Sim;1;0;0;1;0;0;1;1;-23,44926495;-51,85760228;SPRF-PR;DEL09-PR;UOP01-DEL09-PR;;;
730008;06/11/2025;quinta-feira;19:10:00;DF;40;3;BRASILIA;Manobra de mudan�a de faixa;Colis�o lateral mesmo sentido;Com V�timas Feridas;Plena Noite;Crescente;C�u Claro;Simples;Viaduto;N�o;2;0;1;0;1;0;1;2;-16,00303946;-47,984097;SPRF-DF;DEL01-DF;UOP01-DEL01-DF;;;
730010;06/11/2025;quinta-feira;19:10:00;GO;40;6;VALPARAISO DE GOIAS;Rea��o tardia ou ineficiente do condutor;Colis�o traseira;Com V�timas Feridas;Plena Noite;Crescente;C�u Claro;Dupla;"Viaduto;Reta";Sim;5;0;0;2;3;0;2;2;-16,10291706;-47,97608256;SPRF-DF;DEL01-DF;UOP01-DEL01-DF;;;
730011;06/11/2025;quinta-feira;19:30:00;ES;259;4;JOAO NEIVA;Transitar na contram�o;Colis�o frontal;Com V�timas Feridas;Plena Noite;Crescente;Nublado;Simples;Reta;N�o;4;0;3;0;1;0;3;2;-19,70358;-40,38188;SPRF-ES;DEL02-ES;UOP01-DEL02-ES;;;
730014;06/11/2025;quinta-feira;18:15:00;PR;373;466,7;CORONEL VIVIDA;Condutor usando celular;Sa�da de leito carro��vel;Com V�timas Feridas;Pleno dia;Decrescente;C�u Claro;Simples;Reta;N�o;1;0;1;0;0;0;1;1;-25,96498;-52,47678;SPRF-PR;DEL02-PR;UOP01-DEL02-PR;;;
730015;06/11/2025;quinta-feira;18:50:00;PE;428;188;PETROLINA;Entrada inopinada do pedestre;Atropelamento de Pedestre;Com V�timas Feridas;Plena Noite;Decrescente;C�u Claro;Dupla;Reta;Sim;2;0;1;0;0;1;1;2;-9,367524;-40,48441;SPRF-PE;DEL06-PE;UOP01-DEL06-PE;;;
730018;06/11/2025;quinta-feira;20:10:00;ES;101;264,5;SERRA;Rea��o tardia ou ineficiente do condutor;Tombamento;Com V�timas Feridas;Plena Noite;Crescente;Nublado;M�ltipla;Reta;Sim;1;0;1;0;0;0;1;1;-20,17775167;-40,26560667;SPRF-ES;DEL02-ES;UOP01-DEL02-ES;;;
730020;06/11/2025;quinta-feira;20:15:00;PE;423;91,9;GARANHUNS;Desrespeitar a prefer�ncia no cruzamento;Colis�o transversal;Com V�timas Feridas;Plena Noite;Decrescente;C�u Claro;Simples;Reta;Sim;4;0;1;0;3;0;1;2;-8,86148471;-36,46382757;SPRF-PE;DEL03-PE;UOP01-DEL03-PE;;;
730021;06/11/2025;quinta-feira;18:20:00;MS;163;22;MUNDO NOVO;Demais falhas mec�nicas ou el�tricas;Tombamento;Com V�timas Feridas;Plena Noite;Decrescente;C�u Claro;Simples;"Reta;Ponte";N�o;1;0;1;0;0;0;1;1;-23,89210074;-54,31160895;SPRF-MS;DEL09-MS;UOP02-DEL09-MS;;;
730023;06/11/2025;quinta-feira;17:45:00;SC;480;129,5;CHAPECO;Acessar a via sem observar a presen�a dos outros ve�culos;Colis�o transversal;Com V�timas Feridas;Pleno dia;Decrescente;C�u Claro;Dupla;Reta;Sim;2;0;0;1;1;0;1;2;-27,04151;-52,63568;SPRF-SC;DEL07-SC;UOP01-DEL07-SC;;;
730024;06/11/2025;quinta-feira;20:30:00;RJ;465;6;SEROPEDICA;Manobra de mudan�a de faixa;Colis�o lateral mesmo sentido;Com V�timas Feridas;Plena Noite;Crescente;Nublado;Dupla;Reta;Sim;2;0;1;0;0;1;1;2;-22,75547005;-43,69195674;SPRF-RJ;DEL06-RJ;UOP02-DEL06-RJ;;;
730025;06/11/2025;quinta-feira;18:30:00;RO;364;342;JI-PARANA;Rea��o tardia ou ineficiente do condutor;Colis�o lateral mesmo sentido;Com V�timas Feridas;Plena Noite;Crescente;C�u Claro;M�ltipla;Reta;Sim;4;0;2;0;2;0;2;2;-10,87762874;-61,94686024;SPRF-RO;DEL02-RO;UOP01-DEL02-RO;;;
730027;06/11/2025;quinta-feira;19:20:00;MG;262;558,7;CORREGO DANTA;Aus�ncia de rea��o do condutor;Sa�da de leito carro��vel;Com V�timas Feridas;Plena Noite;Crescente;C�u Claro;Simples;"Interse��o de Vias;Curva";N�o;1;0;0;1;0;0;1;1;-19,7343;-46,01569;SPRF-MG;DEL08-MG;UOP02-DEL08-MG;;;
730028;06/11/2025;quinta-feira;20:40:00;PE;101;41,7;ITAPISSUMA;Condutor deixou de manter dist�ncia do ve�culo da frente;Colis�o traseira;Com V�timas Feridas;Plena Noite;Crescente;C�u Claro;Dupla;Reta;Sim;2;0;1;0;1;0;1;2;-7,78290289;-34,90686101;SPRF-PE;DEL01-PE;UOP02-DEL01-PE;;;
730029;06/11/2025;quinta-feira;20:00:00;MT;70;8;BARRA DO GARCAS;Transitar na contram�o;Colis�o frontal;Com V�timas Feridas;Plena Noite;Decrescente;C�u Claro;Dupla;Reta;Sim;3;0;2;0;1;0;2;2;-15,879089;-52,314184;SPRF-MT;DEL07-MT;UOP01-DEL07-MT;;;
730030;06/11/2025;quinta-feira;19:20:00;MG;262;625,8;IBIA;Rea��o tardia ou ineficiente do condutor;Sa�da de leito carro��vel;Com V�timas Feridas;Plena Noite;Decrescente;C�u Claro;Simples;Reta;N�o;2;0;2;0;0;0;2;1;-19,58372814;-46,50856018;SPRF-MG;DEL08-MG;UOP01-DEL08-MG;;;
730031;03/11/2025;segunda-feira;01:50:00;MG;146;432,1;POCOS DE CALDAS;Ingest�o de �lcool pelo condutor;Colis�o com objeto;Sem V�timas;Plena Noite;Crescente;C�u Claro;Simples;Reta;N�o;1;0;0;0;0;1;0;1;-21,794185;-46,444027;SPRF-MG;DEL09-MG;UOP01-DEL09-MG;;;
730033;06/11/2025;quinta-feira;22:00:00;CE;116;70;CHOROZINHO;Demais falhas na via;Colis�o com objeto;Com V�timas Feridas;Plena Noite;Crescente;C�u Claro;Simples;Reta;Sim;2;0;1;0;0;1;1;2;-4,2923252;-38,49762646;SPRF-CE;DEL01-CE;UOP04-DEL01-CE;;;
730034;06/11/2025;quinta-feira;20:20:00;MG;116;542,3;SANTA BARBARA DO LESTE;Velocidade Incompat�vel;Colis�o frontal;Com V�timas Feridas;Plena Noite;Crescente;Nublado;Simples;Curva;N�o;7;0;0;2;0;5;2;3;-19,91457217;-42,13219196;SPRF-MG;DEL06-MG;UOP02-DEL06-MG;;;
730035;06/11/2025;quinta-feira;19:30:00;RS;386;177;CARAZINHO;Acessar a via sem observar a presen�a dos outros ve�culos;Colis�o lateral mesmo sentido;Com V�timas Feridas;Plena Noite;Decrescente;C�u Claro;Simples;Reta;N�o;2;0;1;0;1;0;1;2;-28,282174;-52,764621;SPRF-RS;DEL08-RS;UOP01-DEL08-RS;;;
730036;06/11/2025;quinta-feira;21:00:00;RO;364;708;PORTO VELHO;Condutor deixou de manter dist�ncia do ve�culo da frente;Colis�o traseira;Com V�timas Feridas;Plena Noite;Decrescente;C�u Claro;Dupla;Reta;Sim;2;0;1;0;0;1;1;2;-8,79315;-63,844;SPRF-RO;DEL01-RO;UOP01-DEL01-RO;;;
730038;06/11/2025;quinta-feira;22:10:00;BA;324;522;FEIRA DE SANTANA;Entrada inopinada do pedestre;Atropelamento de Pedestre;Com V�timas Feridas;Plena Noite;Decrescente;C�u Claro;Dupla;Reta;N�o;2;0;0;1;1;0;1;2;-12,2908148;-38,9103136;SPRF-BA;DEL01-BA;UOP03-DEL01-BA;;;
730039;06/11/2025;quinta-feira;20:30:00;SC;282;409;CATANDUVAS;Entrada inopinada do pedestre;Atropelamento de Pedestre;Com V�timas Feridas;Plena Noite;Decrescente;C�u Claro;Simples;Reta;Sim;3;0;0;3;0;0;3;2;-27,07079114;-51,66272521;SPRF-SC;DEL07-SC;UOP05-DEL07-SC;;;
730040;06/11/2025;quinta-feira;22:00:00;BA;367;27,4;PORTO SEGURO;Acesso irregular;Colis�o traseira;Com V�timas Feridas;Plena Noite;Decrescente;C�u Claro;Simples;Reta;Sim;3;0;2;0;1;0;2;2;-16,420274;-39,104642;SPRF-BA;DEL09-BA;UOP03-DEL09-BA;;;
730041;06/11/2025;quinta-feira;17:40:00;MG;116;539,7;SANTA RITA DE MINAS;Velocidade Incompat�vel;Sa�da de leito carro��vel;Com V�timas Feridas;Anoitecer;Decrescente;Chuva;Simples;Curva;N�o;1;0;1;0;0;0;1;1;-19,889256;-42,136658;SPRF-MG;DEL06-MG;UOP02-DEL06-MG;;;
730042;06/11/2025;quinta-feira;15:40:00;MA;10;101;ESTREITO;Acessar a via sem observar a presen�a dos outros ve�culos;Colis�o transversal;Com V�timas Feridas;Pleno dia;Decrescente;C�u Claro;Simples;"Declive;Reta";N�o;2;0;1;0;1;0;1;2;-6,74916892;-47,44720459;SPRF-MA;DEL04-MA;UOP02-DEL04-MA;;;
730043;06/11/2025;quinta-feira;21:30:00;PE;101;34;MORENO;Animais na Pista;Atropelamento de Animal;Com V�timas Feridas;Plena Noite;Crescente;C�u Claro;Dupla;Viaduto;Sim;2;0;1;1;0;0;2;2;-8,10754438;-35,18596737;SPRF-PE;DEL01-PE;UOP02-DEL01-PE;;;
730044;06/11/2025;quinta-feira;21:00:00;MT;174;1;PONTES E LACERDA;Ingest�o de �lcool pelo condutor;Colis�o transversal;Sem V�timas;Plena Noite;Crescente;Nublado;Simples;Reta;Sim;3;0;0;0;2;1;0;3;-15,2491153;-59,3237337;SPRF-MT;DEL03-MT;UOP01-DEL03-MT;;;
730045;06/11/2025;quinta-feira;22:00:00;DF;251;23,8;BRASILIA;Aus�ncia de rea��o do condutor;Sa�da de leito carro��vel;Com V�timas Feridas;Plena Noite;Decrescente;C�u Claro;Simples;"Declive;Curva";N�o;1;0;1;0;0;0;1;1;-15,9505;-47,67511;SPRF-DF;DEL01-DF;UOP01-DEL01-DF;;;
730046;06/11/2025;quinta-feira;22:20:00;MG;262;40;MANHUACU;Aus�ncia de rea��o do condutor;Atropelamento de Animal;Com V�timas Feridas;Plena Noite;Crescente;Nublado;Simples;Reta;Sim;2;0;1;0;0;1;1;2;-20,26791253;-42,07376227;SPRF-MG;DEL06-MG;UOP03-DEL06-MG;;;
730047;06/11/2025;quinta-feira;22:00:00;MG;381;162,8;GOVERNADOR VALADARES;Rea��o tardia ou ineficiente do condutor;Tombamento;Com V�timas Feridas;Plena Noite;Crescente;Chuva;Simples;Reta;N�o;1;0;1;0;0;0;1;1;-18,94136126;-42,05875397;SPRF-MG;DEL06-MG;UOP01-DEL06-MG;;;
730048;06/11/2025;quinta-feira;23:10:00;SC;101;154,7;PORTO BELO;Ingest�o de �lcool pelo condutor;Colis�o traseira;Com V�timas Feridas;Plena Noite;Decrescente;Nublado;Dupla;Reta;N�o;2;0;1;0;1;0;1;2;-27,15918718;-48,6109492;SPRF-SC;DEL04-SC;UOP03-DEL04-SC;;;
730050;06/11/2025;quinta-feira;23:38:00;MG;40;411;CURVELO;Rea��o tardia ou ineficiente do condutor;Sa�da de leito carro��vel;Com V�timas Feridas;Plena Noite;Decrescente;Nublado;Simples;Reta;N�o;4;0;3;0;1;0;3;1;-19,124;-44,637;SPRF-MG;DEL02-MG;UOP01-DEL02-MG;;;
730052;07/11/2025;sexta-feira;00:25:00;PB;230;26,2;JOAO PESSOA;Rea��o tardia ou ineficiente do condutor;Colis�o com objeto;Com V�timas Feridas;Plena Noite;Decrescente;C�u Claro;Simples;Interse��o de Vias;Sim;1;0;1;0;0;0;1;1;-7,16515183;-34,89148289;SPRF-PB;DEL01-PB;UOP01-DEL01-PB;;;
730053;06/11/2025;quinta-feira;23:50:00;PE;232;516;SALGUEIRO;Animais na Pista;Atropelamento de Animal;Sem V�timas;Plena Noite;Crescente;C�u Claro;Simples;"Declive;Reta";N�o;1;0;0;0;1;0;0;1;-8,064238;-39,195118;SPRF-PE;DEL05-PE;UOP01-DEL05-PE;;;
730054;07/11/2025;sexta-feira;00:56:00;RJ;101;324;NITEROI;Avarias e/ou desgaste excessivo no pneu;Queda de ocupante de ve�culo;Com V�timas Feridas;Plena Noite;Decrescente;C�u Claro;Dupla;"Reta;Ponte";N�o;2;0;1;0;1;0;1;1;-22,8781179;-43,1142183;SPRF-RJ;DEL02-RJ;UOP01-DEL02-RJ;;;
730056;07/11/2025;sexta-feira;00:30:00;PR;376;681;GUARATUBA;Rea��o tardia ou ineficiente do condutor;Sa�da de leito carro��vel;Com V�timas Feridas;Plena Noite;Crescente;Chuva;Dupla;Curva;N�o;1;0;0;1;0;0;1;1;-25,97441267;-48,88983674;SPRF-PR;DEL01-PR;UOP04-DEL01-PR;;;
730057;06/11/2025;quinta-feira;23:00:00;SP;381;85;SAO PAULO;Pedestre andava na pista;Atropelamento de Pedestre;Com V�timas Fatais;Plena Noite;Crescente;Nublado;M�ltipla;Reta;Sim;2;1;0;0;0;1;0;2;-23,45707227;-46,57138568;SPRF-SP;DEL03-SP;UOP01-DEL03-SP;;;
730060;07/11/2025;sexta-feira;02:20:00;PR;373;178,5;PONTA GROSSA;Rea��o tardia ou ineficiente do condutor;Capotamento;Com V�timas Feridas;Plena Noite;Decrescente;Ignorado;Dupla;Reta;Sim;6;0;2;0;4;0;2;1;-25,04647264;-50,23642302;SPRF-PR;DEL03-PR;UOP01-DEL03-PR;;;
730062;07/11/2025;sexta-feira;03:25:00;MG;381;604,5;OLIVEIRA;Condutor Dormindo;Sa�da de leito carro��vel;Com V�timas Feridas;Plena Noite;Decrescente;C�u Claro;Dupla;Reta;N�o;1;0;1;0;0;0;1;1;-20,61814516;-44,73527475;SPRF-MG;DEL04-MG;UOP01-DEL04-MG;;;
730065;07/11/2025;sexta-feira;02:00:00;MG;40;113,7;LAGOA GRANDE;Animais na Pista;Sa�da de leito carro��vel;Com V�timas Feridas;Pleno dia;Crescente;C�u Claro;Simples;Reta;N�o;4;0;4;0;0;0;4;1;-17,648194;-46,421556;SPRF-MG;DEL14-MG;UOP01-DEL14-MG;;;
730066;07/11/2025;sexta-feira;02:35:00;PR;277;581,2;CASCAVEL;Demais falhas mec�nicas ou el�tricas;Tombamento;Com V�timas Feridas;Plena Noite;Crescente;C�u Claro;Dupla;Reta;Sim;2;0;1;1;0;0;2;1;-24,9800817;-53,37980812;SPRF-PR;DEL04-PR;UOP01-DEL04-PR;;;
730070;07/11/2025;sexta-feira;06:17:00;DF;20;3;BRASILIA;Manobra de mudan�a de faixa;Colis�o transversal;Com V�timas Feridas;Amanhecer;Decrescente;C�u Claro;Dupla;"Reta;Aclive";Sim;2;0;1;0;1;0;1;1;-15,67956535;-47,83106804;SPRF-DF;DEL02-DF;UOP01-DEL02-DF;;;
730072;07/11/2025;sexta-feira;07:00:00;SP;116;223;GUARULHOS;Trafegar com motocicleta (ou similar) entre as faixas;Colis�o traseira;Com V�timas Feridas;Pleno dia;Crescente;C�u Claro;M�ltipla;Reta;Sim;2;0;1;0;1;0;1;2;-23,48100854;-46,53361972;SPRF-SP;DEL01-SP;UOP01-DEL01-SP;;;