id;data_inversa;dia_semana;horario;uf;br;km;municipio;causa_acidente;tipo_acidente;classificacao_acidente;fase_dia;sentido_via;condicao_metereologica;tipo_pista;tracado_via;uso_solo;pessoas;mortos;feridos_leves;feridos_graves;ilesos;ignorados;feridos;veiculos;latitude;longitude;regional;delegacia;uop;;;
730073;07/11/2025;sexta-feira;06:50:00;MG;40;522;CONTAGEM;Aus�ncia de rea��o do condutor;Colis�o lateral mesmo sentido;Com V�timas Feridas;Pleno dia;Crescente;Nublado;Dupla;Reta;Sim;2;0;1;0;1;0;1;2;-19,862965;-44,068929;SPRF-MG;DEL01-MG;UOP02-DEL01-MG;;;
730074;06/11/2025;quinta-feira;19:40:00;MG;153;2;ARAPORA;Condutor usando celular;Sa�da de leito carro��vel;Com V�timas Feridas;Plena Noite;Crescente;C�u Claro;Dupla;Reta;Sim;1;0;0;1;0;0;1;1;-18,433368;-49,191276;SPRF-MG;DEL15-MG;UOP03-DEL15-MG;;;
730075;07/11/2025;sexta-feira;06:40:00;SP;116;154,7;SAO JOSE DOS CAMPOS;Rea��o tardia ou ineficiente do condutor;Tombamento;Com V�timas Feridas;Pleno dia;Decrescente;Nublado;M�ltipla;Reta;Sim;1;0;1;0;0;0;1;1;-23,24266791;-45,92531417;SPRF-SP;DEL02-SP;UOP01-DEL02-SP;;;
730079;07/11/2025;sexta-feira;06:15:00;PR;153;23,1;JACAREZINHO;Ingest�o de �lcool pelo condutor;Colis�o com objeto;Com V�timas Feridas;Amanhecer;Crescente;C�u Claro;Simples;"Interse��o de Vias;Rotat�ria";N�o;1;0;1;0;0;0;1;1;-23,16522358;-49,96058313;SPRF-PR;DEL07-PR;UOP04-DEL07-PR;;;
730080;07/11/2025;sexta-feira;06:41:00;MS;163;617;SAO GABRIEL DO OESTE;Acesso irregular;Colis�o lateral mesmo sentido;Com V�timas Feridas;Pleno dia;Crescente;C�u Claro;Simples;"Aclive;Reta";N�o;3;0;0;2;1;0;2;2;-19,37826878;-54,57834441;SPRF-MS;DEL06-MS;UOP02-DEL06-MS;;;
730081;07/11/2025;sexta-feira;07:45:00;SP;116;230,5;SAO PAULO;Aus�ncia de rea��o do condutor;Colis�o lateral mesmo sentido;Com V�timas Feridas;Pleno dia;Crescente;C�u Claro;M�ltipla;Reta;Sim;2;0;1;0;0;1;1;2;-23,51971055;-46,5832421;SPRF-SP;DEL01-SP;UOP01-DEL01-SP;;;
730084;07/11/2025;sexta-feira;05:48:00;PR;116;34,8;CAMPINA GRANDE DO SUL;Transitar no Acostamento;Colis�o traseira;Com V�timas Feridas;Amanhecer;Decrescente;Nublado;Dupla;Reta;N�o;2;0;1;0;0;1;1;2;-25,12296128;-48,85612456;SPRF-PR;DEL01-PR;UOP02-DEL01-PR;;;
730086;07/11/2025;sexta-feira;07:05:00;SC;101;44,3;JOINVILLE;Aus�ncia de rea��o do condutor;Colis�o traseira;Com V�timas Feridas;Pleno dia;Decrescente;Nublado;Dupla;Declive;Sim;2;0;1;0;1;0;1;2;-26,34665246;-48,85723114;SPRF-SC;DEL03-SC;UOP01-DEL03-SC;;;
730087;07/11/2025;sexta-feira;07:10:00;PR;116;108;SAO JOSE DOS PINHAIS;Manobra de mudan�a de faixa;Colis�o lateral mesmo sentido;Com V�timas Feridas;Pleno dia;Decrescente;Nublado;Dupla;"Reta;Ponte";N�o;2;0;1;0;0;1;1;2;-25,56696543;-49,2394352;SPRF-PR;DEL01-PR;UOP03-DEL01-PR;;;
730088;07/11/2025;sexta-feira;07:45:00;MG;262;361;JUATUBA;Aus�ncia de rea��o do condutor;Queda de ocupante de ve�culo;Com V�timas Feridas;Pleno dia;Decrescente;Nublado;Dupla;"Curva;Declive";N�o;1;0;0;1;0;0;1;1;-19,971082;-44,330586;SPRF-MG;DEL01-MG;UOP03-DEL01-MG;;;
730090;07/11/2025;sexta-feira;06:00:00;RJ;40;94;PETROPOLIS;Chuva;Queda de ocupante de ve�culo;Com V�timas Feridas;Pleno dia;Crescente;Garoa/Chuvisco;Dupla;Curva;N�o;1;0;1;0;0;0;1;1;-22,5323739;-43,2176734;SPRF-RJ;DEL01-RJ;UOP01-DEL01-RJ;;;
730091;07/11/2025;sexta-feira;06:20:00;RO;364;421,7;JARU;Condutor deixou de manter dist�ncia do ve�culo da frente;Colis�o lateral mesmo sentido;Com V�timas Feridas;Amanhecer;Decrescente;C�u Claro;Dupla;Reta;Sim;3;0;2;0;1;0;2;2;-10,44848155;-62,46335301;SPRF-RO;DEL03-RO;UOP02-DEL03-RO;;;
730092;19/10/2025;domingo;16:13:00;RS;116;150,2;CAXIAS DO SUL;Manobra de mudan�a de faixa;Colis�o lateral mesmo sentido;Com V�timas Fatais;Pleno dia;Decrescente;Sol;Dupla;"Aclive;Reta";Sim;8;1;4;0;3;0;4;4;-29,172857;-51,160689;SPRF-RS;DEL05-RS;UOP01-DEL05-RS;;;
730093;07/11/2025;sexta-feira;08:10:00;SC;101;209,4;SAO JOSE;Convers�o proibida;Colis�o transversal;Com V�timas Feridas;Pleno dia;Crescente;C�u Claro;Dupla;Reta;Sim;2;0;1;0;1;0;1;2;-27,61293858;-48,64211647;SPRF-SC;DEL01-SC;UOP01-DEL01-SC;;;
730094;07/11/2025;sexta-feira;07:30:00;DF;70;11;BRASILIA;Pedestre cruzava a pista fora da faixa;Atropelamento de Pedestre;Com V�timas Feridas;Pleno dia;Decrescente;C�u Claro;Dupla;Reta;Sim;2;0;2;0;0;0;2;2;-15,793273;-48,161368;SPRF-DF;DEL03-DF;UOP02-DEL03-DF;;;
730095;07/11/2025;sexta-feira;08:30:00;RN;101;98;NATAL;Condutor deixou de manter dist�ncia do ve�culo da frente;Colis�o traseira;Com V�timas Feridas;Pleno dia;Decrescente;C�u Claro;Dupla;"Viaduto;Reta;Declive";Sim;2;0;1;0;1;0;1;2;-5,86610199;-35,21673918;SPRF-RN;DEL01-RN;UOP01-DEL01-RN;;;
730096;07/11/2025;sexta-feira;08:30:00;GO;153;501,8;GOIANIA;Manobra de mudan�a de faixa;Colis�o traseira;Com V�timas Feridas;Pleno dia;Decrescente;C�u Claro;Dupla;Reta;Sim;3;0;1;0;2;0;1;2;-16,71343057;-49,23357082;SPRF-GO;DEL01-GO;UOP01-DEL01-GO;;;
730097;07/11/2025;sexta-feira;07:50:00;RN;304;305,5;PARNAMIRIM;Condutor deixou de manter dist�ncia do ve�culo da frente;Colis�o traseira;Com V�timas Feridas;Pleno dia;Decrescente;C�u Claro;Dupla;"Reta;Aclive";Sim;2;0;1;0;1;0;1;2;-5,889537;-35,266582;SPRF-RN;DEL01-RN;UOP02-DEL01-RN;;;
730098;07/11/2025;sexta-feira;07:40:00;MG;381;450;SABARA;Aus�ncia de rea��o do condutor;Colis�o transversal;Com V�timas Feridas;Pleno dia;Crescente;C�u Claro;Dupla;Reta;N�o;7;0;6;0;1;0;6;3;-19,82758;-43,83808;SPRF-MG;DEL01-MG;UOP01-DEL01-MG;;;
730099;07/11/2025;sexta-feira;08:45:00;PB;101;67,5;SANTA RITA;Condutor deixou de manter dist�ncia do ve�culo da frente;Colis�o traseira;Com V�timas Feridas;Pleno dia;Decrescente;C�u Claro;Dupla;Reta;N�o;7;0;3;0;4;0;3;2;-7,054958;-35,031452;SPRF-PB;DEL01-PB;UOP03-DEL01-PB;;;
730100;07/11/2025;sexta-feira;08:27:00;RJ;116;181;NOVA IGUACU;Aus�ncia de rea��o do condutor;Colis�o lateral mesmo sentido;Com V�timas Feridas;Pleno dia;Crescente;Sol;Dupla;Reta;Sim;5;0;2;0;3;0;2;2;-22,76299406;-43,42060089;SPRF-RJ;DEL06-RJ;UOP01-DEL06-RJ;;;
730101;07/11/2025;sexta-feira;09:10:00;SC;282;577,7;PINHALZINHO;Pedestre cruzava a pista fora da faixa;Atropelamento de Pedestre;Com V�timas Feridas;Pleno dia;Crescente;Nublado;Simples;Curva;Sim;2;0;0;1;1;0;1;2;-26,85119273;-52,98008591;SPRF-SC;DEL07-SC;UOP02-DEL07-SC;;;
730105;07/11/2025;sexta-feira;08:10:00;SC;470;6;NAVEGANTES;Acessar a via sem observar a presen�a dos outros ve�culos;Colis�o traseira;Sem V�timas;Pleno dia;Decrescente;Nublado;M�ltipla;"Reta;Viaduto";N�o;2;0;0;0;1;1;0;2;-26,8406568;-48,716162;SPRF-SC;DEL04-SC;UOP04-DEL04-SC;;;
730107;07/11/2025;sexta-feira;09:10:00;RN;101;99;NATAL;Rea��o tardia ou ineficiente do condutor;Colis�o traseira;Com V�timas Feridas;Pleno dia;Decrescente;C�u Claro;Dupla;Reta;Sim;4;0;1;1;1;1;2;3;-5,871912;-35,219464;SPRF-RN;DEL01-RN;UOP01-DEL01-RN;;;
730108;07/11/2025;sexta-feira;08:45:00;MG;381;503;BETIM;Rea��o tardia ou ineficiente do condutor;Colis�o traseira;Sem V�timas;Pleno dia;Decrescente;C�u Claro;Dupla;"Declive;Reta";Sim;5;0;0;0;5;0;0;3;-20,0298031;-44,235585;SPRF-MG;DEL01-MG;UOP03-DEL01-MG;;;
730110;07/11/2025;sexta-feira;07:54:00;RJ;101;309;SAO GONCALO;Aus�ncia de rea��o do condutor;Colis�o traseira;Com V�timas Feridas;Pleno dia;Crescente;Nublado;Dupla;Reta;Sim;3;0;2;0;1;0;2;2;-22,7934208;-43,024384;SPRF-RJ;DEL02-RJ;UOP02-DEL02-RJ;;;
730111;05/11/2025;quarta-feira;15:30:00;BA;101;400;IBIRAPITANGA;Acessar a via sem observar a presen�a dos outros ve�culos;Colis�o lateral mesmo sentido;Com V�timas Feridas;Pleno dia;Crescente;C�u Claro;Simples;"Curva;Declive";Sim;2;0;1;0;1;0;1;2;-14,06726976;-39,38512087;SPRF-BA;DEL05-BA;UOP03-DEL05-BA;;;
730112;20/09/2025;s�bado;20:40:00;PR;277;40;MORRETES;Demais falhas mec�nicas ou el�tricas;Inc�ndio;Sem V�timas;Pleno dia;Crescente;Nublado;M�ltipla;Curva;N�o;1;0;0;0;1;0;0;1;-25,58327797;-48,86887997;SPRF-PR;DEL01-PR;UOP05-DEL01-PR;;;
730116;07/11/2025;sexta-feira;10:00:00;SC;101;128,2;CAMBORIU;Condutor deixou de manter dist�ncia do ve�culo da frente;Colis�o traseira;Com V�timas Feridas;Pleno dia;Crescente;Garoa/Chuvisco;M�ltipla;Reta;Sim;2;0;1;0;1;0;1;2;-26,97480972;-48,68299484;SPRF-SC;DEL04-SC;UOP04-DEL04-SC;;;
730118;07/11/2025;sexta-feira;08:45:00;RJ;101;486;ANGRA DOS REIS;Aus�ncia de rea��o do condutor;Colis�o traseira;Com V�timas Feridas;Pleno dia;Crescente;C�u Claro;Simples;Reta;Sim;2;0;1;0;1;0;1;2;-22,97230222;-44,29824829;SPRF-RJ;DEL03-RJ;UOP03-DEL03-RJ;;;
730119;07/11/2025;sexta-feira;09:45:00;SE;101;19;MALHADA DOS BOIS;Velocidade Incompat�vel;Queda de ocupante de ve�culo;Com V�timas Feridas;Pleno dia;Decrescente;C�u Claro;Dupla;Reta;N�o;1;0;1;0;0;0;1;1;-10,3878557;-36,9160033;SPRF-SE;DEL02-SE;UOP02-DEL02-SE;;;
730120;07/11/2025;sexta-feira;07:52:00;TO;153;142;ARAGUAINA;Manobra de mudan�a de faixa;Colis�o traseira;Com V�timas Feridas;Pleno dia;Decrescente;C�u Claro;Dupla;Reta;Sim;2;0;1;0;1;0;1;2;-7,183115;-48,22618333;SPRF-TO;DEL02-TO;UOP01-DEL02-TO;;;
730122;07/11/2025;sexta-feira;09:20:00;RO;319;143;PORTO VELHO;Acessar a via sem observar a presen�a dos outros ve�culos;Colis�o lateral mesmo sentido;Com V�timas Feridas;Pleno dia;Decrescente;C�u Claro;M�ltipla;Reta;Sim;2;0;1;0;1;0;1;2;-8,75982548;-63,88557887;SPRF-RO;DEL01-RO;UOP01-DEL01-RO;;;
730123;23/10/2025;quinta-feira;01:55:00;PA;163;245;NOVO PROGRESSO;Transitar na contram�o;Colis�o frontal;Com V�timas Fatais;Plena Noite;Crescente;Ignorado;Simples;Reta;N�o;5;2;2;0;0;1;2;2;-7,5597;-55,2503;SPRF-PA;DEL05-PA;UOP03-DEL05-PA;;;
730125;07/11/2025;sexta-feira;09:50:00;RJ;116;276;BARRA MANSA;Demais falhas mec�nicas ou el�tricas;Inc�ndio;Sem V�timas;Pleno dia;Crescente;Nublado;Dupla;"Aclive;Reta";Sim;2;0;0;0;2;0;0;1;-22,562463;-44,1656064;SPRF-RJ;DEL07-RJ;UOP02-DEL07-RJ;;;
730126;07/11/2025;sexta-feira;08:01:00;SP;116;514;CAJATI;Rea��o tardia ou ineficiente do condutor;Capotamento;Com V�timas Feridas;Pleno dia;Decrescente;Garoa/Chuvisco;Simples;"Curva;Declive";N�o;2;0;2;0;0;0;2;1;-24,85873259;-48,21122043;SPRF-SP;DEL05-SP;UOP02-DEL05-SP;;;
730127;12/06/2025;quinta-feira;11:45:00;MA;230;422;BALSAS;Manobra de mudan�a de faixa;Sa�da de leito carro��vel;Com V�timas Feridas;Pleno dia;Crescente;C�u Claro;Simples;Reta;N�o;2;0;1;0;0;1;1;2;-7,470512;-46,202225;SPRF-MA;DEL05-MA;UOP01-DEL05-MA;;;
730129;07/11/2025;sexta-feira;08:55:00;SC;282;498,4;XANXERE;Acessar a via sem observar a presen�a dos outros ve�culos;Colis�o transversal;Com V�timas Feridas;Pleno dia;Crescente;C�u Claro;Dupla;"Interse��o de Vias;Rotat�ria";N�o;6;0;1;0;5;0;1;2;-26,88049242;-52,35938994;SPRF-SC;DEL07-SC;UOP01-DEL07-SC;;;
730130;07/11/2025;sexta-feira;08:51:00;MS;163;485;CAMPO GRANDE;Rea��o tardia ou ineficiente do condutor;Colis�o traseira;Sem V�timas;Pleno dia;Crescente;C�u Claro;Simples;"Reta;Viaduto;Em Obras";N�o;2;0;0;0;2;0;0;2;-20,436428;-54,543163;SPRF-MS;DEL01-MS;UOP02-DEL01-MS;;;
730132;07/11/2025;sexta-feira;10:30:00;PR;277;117,6;CAMPO LARGO;Trafegar com motocicleta (ou similar) entre as faixas;Colis�o lateral mesmo sentido;Com V�timas Feridas;Pleno dia;Decrescente;C�u Claro;Dupla;Reta;Sim;2;0;1;0;1;0;1;2;-25,4370449;-49,51449037;SPRF-PR;DEL03-PR;UOP03-DEL03-PR;;;
730137;07/11/2025;sexta-feira;12:00:00;RS;386;351,1;ESTRELA;Acumulo de �gua sobre o pavimento;Colis�o com objeto;Com V�timas Feridas;Pleno dia;Crescente;Chuva;Dupla;Curva;N�o;2;0;1;0;1;0;1;2;-29,48527509;-51,95489757;SPRF-RS;DEL04-RS;UOP01-DEL04-RS;;;
730138;07/11/2025;sexta-feira;10:30:00;MG;40;373,8;FELIXLANDIA;Acessar a via sem observar a presen�a dos outros ve�culos;Colis�o transversal;Com V�timas Feridas;Pleno dia;Crescente;Nublado;Simples;"Declive;Reta";N�o;6;0;3;0;3;0;3;2;-18,84358;-44,76499;SPRF-MG;DEL02-MG;UOP01-DEL02-MG;;;
730139;07/11/2025;sexta-feira;11:45:00;GO;153;436;ANAPOLIS;Rea��o tardia ou ineficiente do condutor;Colis�o traseira;Com V�timas Feridas;Pleno dia;Crescente;C�u Claro;Dupla;"Reta;Aclive";Sim;3;0;1;1;0;1;2;3;-16,29349487;-48,93329356;SPRF-GO;DEL02-GO;UOP01-DEL02-GO;;;
730140;07/11/2025;sexta-feira;08:50:00;RS;290;688;URUGUAIANA;Acumulo de �gua sobre o pavimento;Sa�da de leito carro��vel;Com V�timas Feridas;Pleno dia;Decrescente;Chuva;Simples;"Aclive;Reta";N�o;1;0;1;0;0;0;1;1;-29,87973;-56,77;SPRF-RS;DEL13-RS;UOP01-DEL13-RS;;;
730142;07/11/2025;sexta-feira;12:30:00;PR;476;118;COLOMBO;Desrespeitar a prefer�ncia no cruzamento;Colis�o transversal;Com V�timas Feridas;Pleno dia;Decrescente;C�u Claro;Dupla;Interse��o de Vias;Sim;2;0;1;0;1;0;1;2;-25,37499181;-49,19394493;SPRF-PR;DEL01-PR;UOP01-DEL01-PR;;;
730147;07/11/2025;sexta-feira;12:50:00;ES;262;17;VIANA;Condutor deixou de manter dist�ncia do ve�culo da frente;Colis�o traseira;Com V�timas Feridas;Pleno dia;Crescente;Nublado;Simples;Reta;Sim;4;0;1;0;3;0;1;2;-20,38565;-40,471053;SPRF-ES;DEL01-ES;UOP01-DEL01-ES;;;
730148;07/11/2025;sexta-feira;12:50:00;MG;381;591;CARMOPOLIS DE MINAS;Rea��o tardia ou ineficiente do condutor;Capotamento;Com V�timas Feridas;Pleno dia;Crescente;C�u Claro;Dupla;Reta;N�o;1;0;1;0;0;0;1;1;-20,55115184;-44,65976715;SPRF-MG;DEL04-MG;UOP01-DEL04-MG;;;
730151;07/11/2025;sexta-feira;13:15:00;RN;101;108;PARNAMIRIM;Transitar no Acostamento;Colis�o traseira;Com V�timas Feridas;Pleno dia;Decrescente;C�u Claro;Dupla;Reta;Sim;2;0;0;1;1;0;1;2;-5,930338;-35,264676;SPRF-RN;DEL01-RN;UOP01-DEL01-RN;;;
730153;07/11/2025;sexta-feira;12:50:00;RJ;116;184;NOVA IGUACU;Aus�ncia de rea��o do condutor;Colis�o traseira;Com V�timas Feridas;Pleno dia;Crescente;Nublado;Dupla;Reta;Sim;3;0;2;0;1;0;2;2;-22,7419642;-43,4530889;SPRF-RJ;DEL06-RJ;UOP01-DEL06-RJ;;;
730154;07/11/2025;sexta-feira;13:12:00;SC;101;116;ITAJAI;Acessar a via sem observar a presen�a dos outros ve�culos;Colis�o lateral mesmo sentido;Com V�timas Feridas;Pleno dia;Crescente;Nublado;M�ltipla;Reta;Sim;3;0;2;0;1;0;2;2;-26,87869472;-48,72649813;SPRF-SC;DEL04-SC;UOP04-DEL04-SC;;;
730156;07/11/2025;sexta-feira;12:40:00;RS;470;336;TRIUNFO;Velocidade Incompat�vel;Sa�da de leito carro��vel;Com V�timas Feridas;Pleno dia;Crescente;Chuva;Simples;Reta;N�o;1;0;1;0;0;0;1;1;-29,90334536;-51,70951635;SPRF-RS;DEL04-RS;UOP02-DEL04-RS;;;
730159;07/11/2025;sexta-feira;09:20:00;MG;50;188;UBERABA;Rea��o tardia ou ineficiente do condutor;Colis�o traseira;Com V�timas Feridas;Pleno dia;Crescente;C�u Claro;Dupla;Reta;N�o;6;0;1;0;5;0;1;2;-19,7456327;-47,9385299;SPRF-MG;DEL13-MG;UOP01-DEL13-MG;;;
730160;07/11/2025;sexta-feira;12:50:00;MS;163;257;DOURADOS;Aus�ncia de rea��o do condutor;Colis�o com objeto;Com V�timas Feridas;Pleno dia;Crescente;Sol;Dupla;Declive;N�o;2;0;1;0;1;0;1;2;-22,25879;-54,78972;SPRF-MS;DEL04-MS;UOP01-DEL04-MS;;;
730162;07/11/2025;sexta-feira;13:56:00;MG;262;38,4;MANHUACU;Aus�ncia de rea��o do condutor;Colis�o traseira;Com V�timas Feridas;Pleno dia;Decrescente;Nublado;Simples;"Reta;Aclive";N�o;2;0;1;0;1;0;1;2;-20,273579;-42,049524;SPRF-MG;DEL06-MG;UOP03-DEL06-MG;;;
730163;07/11/2025;sexta-feira;12:00:00;MG;116;276,6;TEOFILO OTONI;Entrada inopinada do pedestre;Atropelamento de Pedestre;Com V�timas Feridas;Pleno dia;Decrescente;C�u Claro;Simples;Reta;Sim;2;0;0;1;1;0;1;2;-17,856937;-41,514772;SPRF-MG;DEL11-MG;UOP01-DEL11-MG;;;
730164;07/11/2025;sexta-feira;13:15:00;RS;285;450,9;IJUI;Velocidade Incompat�vel;Sa�da de leito carro��vel;Com V�timas Feridas;Pleno dia;Crescente;Chuva;Simples;Curva;N�o;1;0;1;0;0;0;1;1;-28,375273;-53,844238;SPRF-RS;DEL10-RS;UOP01-DEL10-RS;;;
730165;07/11/2025;sexta-feira;13:20:00;SC;282;506,1;XANXERE;Desrespeitar a prefer�ncia no cruzamento;Colis�o transversal;Com V�timas Feridas;Pleno dia;Crescente;Nublado;Simples;"Reta;Interse��o de Vias";Sim;2;0;2;0;0;0;2;2;-26,88536847;-52,43005157;SPRF-SC;DEL07-SC;UOP01-DEL07-SC;;;
730166;07/11/2025;sexta-feira;10:30:00;MG;50;199;DELTA;Velocidade Incompat�vel;Colis�o com objeto;Com V�timas Feridas;Pleno dia;Decrescente;C�u Claro;Dupla;"Declive;Reta";N�o;3;0;0;1;2;0;1;1;-19,91803152;-47,82756583;SPRF-MG;DEL13-MG;UOP01-DEL13-MG;;;
730167;07/11/2025;sexta-feira;13:30:00;SC;101;350;JAGUARUNA;Acumulo de �gua sobre o pavimento;Sa�da de leito carro��vel;Com V�timas Feridas;Pleno dia;Crescente;Chuva;Simples;Reta;Sim;1;0;1;0;0;0;1;1;-28,59919601;-49,05135719;SPRF-SC;DEL02-SC;UOP01-DEL02-SC;;;
730168;03/11/2025;segunda-feira;12:50:00;RJ;101;482;ANGRA DOS REIS;Acessar a via sem observar a presen�a dos outros ve�culos;Colis�o transversal;Com V�timas Feridas;Pleno dia;Decrescente;Nublado;Simples;Interse��o de Vias;Sim;3;0;1;0;2;0;1;2;-23,00459795;-44,29795163;SPRF-RJ;DEL03-RJ;UOP03-DEL03-RJ;;;
730171;07/11/2025;sexta-feira;10:30:00;PI;343;111;PIRACURUCA;Rea��o tardia ou ineficiente do condutor;Sa�da de leito carro��vel;Com V�timas Feridas;Pleno dia;Crescente;C�u Claro;Simples;Reta;N�o;4;0;0;4;0;0;4;1;-3,8092485;-41,68686926;SPRF-PI;DEL02-PI;UOP01-DEL02-PI;;;
730172;07/11/2025;sexta-feira;12:15:00;RJ;465;21;NOVA IGUACU;Trafegar com motocicleta (ou similar) entre as faixas;Colis�o transversal;Com V�timas Feridas;Pleno dia;Crescente;C�u Claro;Simples;Reta;Sim;2;0;1;0;1;0;1;2;-22,85266126;-43,60205261;SPRF-RJ;DEL06-RJ;UOP02-DEL06-RJ;;;
730173;07/11/2025;sexta-feira;13:33:00;SC;470;39,3;GASPAR;Acessar a via sem observar a presen�a dos outros ve�culos;Colis�o lateral mesmo sentido;Sem V�timas;Pleno dia;Decrescente;Nublado;Dupla;Reta;N�o;2;0;0;0;1;1;0;2;-26,89329;-48,98791;SPRF-SC;DEL04-SC;UOP01-DEL04-SC;;;
730174;07/11/2025;sexta-feira;11:20:00;PA;230;3;ALTAMIRA;Rea��o tardia ou ineficiente do condutor;Colis�o traseira;Com V�timas Feridas;Pleno dia;Crescente;C�u Claro;Simples;"Declive;Reta";Sim;3;0;1;0;2;0;1;2;-3,18425;-52,19199;SPRF-PA;DEL04-PA;UOP01-DEL04-PA;;;
730177;07/11/2025;sexta-feira;15:15:00;RJ;493;87;JAPERI;Aus�ncia de rea��o do condutor;Sa�da de leito carro��vel;Com V�timas Feridas;Pleno dia;Crescente;C�u Claro;Dupla;Reta;N�o;2;0;2;0;0;0;2;1;-22,66520297;-43,63193862;SPRF-RJ;DEL01-RJ;UOP03-DEL01-RJ;;;
730180;19/10/2025;domingo;05:40:00;ES;101;269;SERRA;Condutor desrespeitou a ilumina��o vermelha do sem�foro;Colis�o transversal;Com V�timas Feridas;Amanhecer;Decrescente;Nublado;Dupla;"Interse��o de Vias;Reta";Sim;2;0;1;0;1;0;1;2;-20,11139198;-40,32669067;SPRF-ES;DEL02-ES;UOP01-DEL02-ES;;;
730181;07/11/2025;sexta-feira;14:40:00;RJ;40;124;DUQUE DE CAXIAS;Manobra de mudan�a de faixa;Colis�o lateral mesmo sentido;Com V�timas Feridas;Pleno dia;Decrescente;Nublado;Dupla;Reta;Sim;2;0;1;0;1;0;1;2;-22,8067961;-43,2892553;SPRF-RJ;DEL01-RJ;UOP02-DEL01-RJ;;;
730182;07/11/2025;sexta-feira;14:00:00;MS;163;315;RIO BRILHANTE;Rea��o tardia ou ineficiente do condutor;Colis�o traseira;Sem V�timas;Pleno dia;Decrescente;C�u Claro;Dupla;Reta;N�o;2;0;0;0;2;0;0;2;-21,8523;-54,53378;SPRF-MS;DEL02-MS;UOP02-DEL02-MS;;;
730183;07/11/2025;sexta-feira;15:50:00;RS;392;304,2;FORMIGUEIRO;Ingest�o de �lcool pelo condutor;Sa�da de leito carro��vel;Com V�timas Feridas;Pleno dia;Decrescente;Garoa/Chuvisco;Simples;Reta;N�o;1;0;1;0;0;0;1;1;-30,06944353;-53,64918182;SPRF-RS;DEL09-RS;UOP01-DEL09-RS;;;
730184;07/11/2025;sexta-feira;15:45:00;SP;116;150;SAO JOSE DOS CAMPOS;Manobra de mudan�a de faixa;Colis�o lateral mesmo sentido;Com V�timas Feridas;Pleno dia;Crescente;Nublado;Dupla;Reta;N�o;2;0;1;0;1;0;1;2;-23,21373428;-45,8939445;SPRF-SP;DEL02-SP;UOP01-DEL02-SP;;;
730187;07/11/2025;sexta-feira;16:30:00;SC;282;0,5;FLORIANOPOLIS;Rea��o tardia ou ineficiente do condutor;Colis�o traseira;Com V�timas Feridas;Pleno dia;Decrescente;Chuva;Dupla;Reta;Sim;2;0;1;0;1;0;1;2;-27,600428;-48,576785;SPRF-SC;DEL01-SC;UOP01-DEL01-SC;;;
730191;07/11/2025;sexta-feira;16:50:00;BA;242;791,9;BARREIRAS;Demais falhas mec�nicas ou el�tricas;Sa�da de leito carro��vel;Sem V�timas;Pleno dia;Decrescente;Chuva;Simples;Reta;N�o;1;0;0;0;1;0;0;1;-12,1433;-44,8012;SPRF-BA;DEL10-BA;UOP01-DEL10-BA;;;
730192;07/11/2025;sexta-feira;17:00:00;SC;101;205,7;SAO JOSE;Trafegar com motocicleta (ou similar) entre as faixas;Tombamento;Com V�timas Feridas;Pleno dia;Crescente;Garoa/Chuvisco;M�ltipla;Reta;Sim;2;0;1;0;0;1;1;2;-27,59219706;-48,61836132;SPRF-SC;DEL01-SC;UOP01-DEL01-SC;;;
730198;07/11/2025;sexta-feira;07:45:00;ES;101;68,3;SAO MATEUS;Animais na Pista;Tombamento;Com V�timas Feridas;Pleno dia;Decrescente;Nublado;Simples;Interse��o de Vias;Sim;1;0;1;0;0;0;1;1;-18,72927656;-39,85959403;SPRF-ES;DEL04-ES;UOP02-DEL04-ES;;;
730200;07/11/2025;sexta-feira;17:30:00;RS;116;253,5;SAPUCAIA DO SUL;Acessar a via sem observar a presen�a dos outros ve�culos;Colis�o transversal;Com V�timas Feridas;Pleno dia;Decrescente;Chuva;M�ltipla;"Reta;Interse��o de Vias;Viaduto";Sim;5;0;3;0;0;2;3;4;-29,824288;-51,17176;SPRF-RS;DEL01-RS;UOP02-DEL01-RS;;;
730201;07/11/2025;sexta-feira;10:20:00;SC;280;17;SAO FRANCISCO DO SUL;Mal s�bito do condutor;Colis�o lateral sentido oposto;Com V�timas Feridas;Pleno dia;Decrescente;Nublado;Simples;Reta;N�o;3;0;1;0;2;0;1;3;-26,350136;-48,658762;SPRF-SC;DEL03-SC;UOP03-DEL03-SC;;;
730202;07/11/2025;sexta-feira;14:15:00;SC;282;54,4;AGUAS MORNAS;Velocidade Incompat�vel;Colis�o frontal;Com V�timas Feridas;Pleno dia;Decrescente;Chuva;Simples;"Declive;Curva";N�o;7;0;3;1;3;0;4;3;-27,68804512;-48,97751061;SPRF-SC;DEL01-SC;UOP03-DEL01-SC;;;
730206;07/11/2025;sexta-feira;17:25:00;SE;101;117,5;ITAPORANGA DAJUDA;Acessar a via sem observar a presen�a dos outros ve�culos;Colis�o transversal;Com V�timas Feridas;Anoitecer;Crescente;C�u Claro;Dupla;"Reta;Declive";N�o;2;0;1;1;0;0;2;2;-11,022112;-37,325443;SPRF-SE;DEL02-SE;UOP01-DEL02-SE;;;