id;data_inversa;dia_semana;horario;uf;br;km;municipio;causa_acidente;tipo_acidente;classificacao_acidente;fase_dia;sentido_via;condicao_metereologica;tipo_pista;tracado_via;uso_solo;pessoas;mortos;feridos_leves;feridos_graves;ilesos;ignorados;feridos;veiculos;latitude;longitude;regional;delegacia;uop;;;
730207;07/11/2025;sexta-feira;17:22:00;PR;277;723;FOZ DO IGUACU;Ultrapassagem Indevida;Colis�o lateral mesmo sentido;Com V�timas Feridas;Pleno dia;Decrescente;Garoa/Chuvisco;Dupla;Reta;Sim;2;0;1;0;0;1;1;2;-25,48651523;-54,50016975;SPRF-PR;DEL05-PR;UOP03-DEL05-PR;;;
730208;07/11/2025;sexta-feira;16:25:00;MG;116;517,1;UBAPORANGA;Rea��o tardia ou ineficiente do condutor;Queda de ocupante de ve�culo;Com V�timas Feridas;Pleno dia;Decrescente;C�u Claro;Simples;"Curva;Declive";N�o;1;0;1;0;0;0;1;1;-19,710113;-42,121222;SPRF-MG;DEL06-MG;UOP02-DEL06-MG;;;
730209;07/11/2025;sexta-feira;10:20:00;RJ;101;322;NITEROI;Manobra de mudan�a de faixa;Colis�o lateral mesmo sentido;Com V�timas Feridas;Pleno dia;Decrescente;C�u Claro;M�ltipla;Curva;Sim;2;0;1;0;0;1;1;2;-22,87835736;-43,11429907;SPRF-RJ;DEL02-RJ;UOP01-DEL02-RJ;;;
730211;07/11/2025;sexta-feira;17:00:00;MG;365;563,5;INDIANOPOLIS;Transitar na contram�o;Colis�o lateral sentido oposto;Com V�timas Feridas;Pleno dia;Crescente;C�u Claro;Simples;Reta;N�o;3;0;1;0;1;1;1;3;-18,921528;-47,789785;SPRF-MG;DEL15-MG;UOP02-DEL15-MG;;;
730212;07/11/2025;sexta-feira;17:00:00;MG;40;754;EWBANK DA CAMARA;Chuva;Capotamento;Com V�timas Feridas;Pleno dia;Crescente;Chuva;Simples;Curva;N�o;4;0;2;0;2;0;2;1;-21,5222339;-43,5227652;SPRF-MG;DEL05-MG;UOP01-DEL05-MG;;;
730213;07/11/2025;sexta-feira;16:00:00;PI;343;591,6;FLORIANO;Acessar a via sem observar a presen�a dos outros ve�culos;Colis�o transversal;Com V�timas Feridas;Pleno dia;Crescente;Sol;Dupla;"Interse��o de Vias;Retorno Regulamentado;Reta";Sim;3;0;0;1;1;1;1;3;-6,779172;-43,028698;SPRF-PI;DEL03-PI;UOP01-DEL03-PI;;;
730214;07/11/2025;sexta-feira;16:00:00;PR;487;164,6;ARARUNA;Aus�ncia de rea��o do condutor;Colis�o transversal;Com V�timas Feridas;Pleno dia;Decrescente;Sol;Simples;"Reta;Declive";N�o;3;0;1;0;2;0;1;2;-23,9888;-52,5147;SPRF-PR;DEL09-PR;UOP03-DEL09-PR;;;
730215;07/11/2025;sexta-feira;12:00:00;RS;116;357,8;SENTINELA DO SUL;Acumulo de �gua sobre o pavimento;Sa�da de leito carro��vel;Com V�timas Feridas;Pleno dia;Crescente;Chuva;Dupla;Curva;N�o;2;0;2;0;0;0;2;1;-30,59069244;-51,53794885;SPRF-RS;DEL02-RS;UOP02-DEL02-RS;;;
730216;07/11/2025;sexta-feira;17:50:00;ES;101;65;SAO MATEUS;Aus�ncia de rea��o do condutor;Colis�o traseira;Com V�timas Feridas;Anoitecer;Crescente;Nublado;M�ltipla;Reta;Sim;2;0;1;0;1;0;1;2;-18,714398;-39,87733;SPRF-ES;DEL04-ES;UOP02-DEL04-ES;;;
730217;07/11/2025;sexta-feira;18:00:00;SC;101;115;ITAJAI;Manobra de mudan�a de faixa;Colis�o traseira;Com V�timas Feridas;Plena Noite;Crescente;Chuva;M�ltipla;Reta;Sim;2;0;1;0;1;0;1;2;-26,87583716;-48,72745514;SPRF-SC;DEL04-SC;UOP04-DEL04-SC;;;
730218;07/11/2025;sexta-feira;18:00:00;PR;369;138,3;IBIPORA;Desrespeitar a prefer�ncia no cruzamento;Colis�o transversal;Com V�timas Feridas;Anoitecer;Decrescente;C�u Claro;Simples;"Reta;Declive";Sim;2;0;1;0;1;0;1;2;-23,27308573;-51,052351;SPRF-PR;DEL07-PR;UOP01-DEL07-PR;;;
730219;07/11/2025;sexta-feira;16:25:00;MG;146;484,5;POCOS DE CALDAS;Manobra de mudan�a de faixa;Colis�o lateral mesmo sentido;Com V�timas Feridas;Pleno dia;Decrescente;C�u Claro;Simples;Reta;N�o;4;0;1;1;2;0;2;3;-21,805645;-46,4561;SPRF-MG;DEL09-MG;UOP01-DEL09-MG;;;
730222;07/11/2025;sexta-feira;17:50:00;GO;60;7;SANTO ANTONIO DO DESCOBERTO;Manobra de mudan�a de faixa;Colis�o com objeto;Sem V�timas;Anoitecer;Crescente;C�u Claro;Dupla;Curva;N�o;1;0;0;0;1;0;0;1;-16,102632;-48,289092;SPRF-DF;DEL03-DF;UOP01-DEL03-DF;;;
730223;07/11/2025;sexta-feira;16:22:00;DF;60;27,9;BRASILIA;Velocidade Incompat�vel;Sa�da de leito carro��vel;Sem V�timas;Pleno dia;Crescente;C�u Claro;Dupla;"Reta;Aclive";N�o;2;0;0;0;2;0;0;1;-16,02047;-48,25052;SPRF-DF;DEL03-DF;UOP01-DEL03-DF;;;
730224;07/11/2025;sexta-feira;16:20:00;RJ;101;326;NITEROI;Trafegar com motocicleta (ou similar) entre as faixas;Colis�o lateral mesmo sentido;Com V�timas Feridas;Pleno dia;Decrescente;C�u Claro;M�ltipla;Reta;Sim;2;0;1;0;0;1;1;2;-22,87329684;-43,13975781;SPRF-RJ;DEL02-RJ;UOP01-DEL02-RJ;;;
730226;07/11/2025;sexta-feira;16:30:00;RJ;40;117;DUQUE DE CAXIAS;Trafegar com motocicleta (ou similar) entre as faixas;Colis�o traseira;Com V�timas Feridas;Pleno dia;Decrescente;Nublado;M�ltipla;Reta;Sim;2;0;0;1;1;0;1;2;-22,74596056;-43,28775864;SPRF-RJ;DEL01-RJ;UOP02-DEL01-RJ;;;
730228;07/11/2025;sexta-feira;16:40:00;RJ;40;116;DUQUE DE CAXIAS;Trafegar com motocicleta (ou similar) entre as faixas;Queda de ocupante de ve�culo;Com V�timas Feridas;Pleno dia;Decrescente;Nublado;Dupla;Reta;Sim;1;0;1;0;0;0;1;1;-22,73856003;-43,28822271;SPRF-RJ;DEL01-RJ;UOP02-DEL01-RJ;;;
730232;07/11/2025;sexta-feira;17:50:00;PR;277;535,7;IBEMA;Acessar a via sem observar a presen�a dos outros ve�culos;Colis�o transversal;Com V�timas Feridas;Anoitecer;Crescente;Garoa/Chuvisco;Simples;"Reta;Interse��o de Vias";N�o;6;0;2;0;4;0;2;2;-25,11601;-53,00682;SPRF-PR;DEL04-PR;UOP04-DEL04-PR;;;
730233;07/11/2025;sexta-feira;18:48:00;MG;381;443,6;SABARA;Transitar na contram�o;Colis�o frontal;Com V�timas Feridas;Plena Noite;Decrescente;C�u Claro;Simples;Reta;Sim;3;0;0;1;2;0;1;2;-19,83211651;-43,84537339;SPRF-MG;DEL01-MG;UOP01-DEL01-MG;;;
730234;07/11/2025;sexta-feira;16:19:00;MT;364;205;RONDONOPOLIS;Frear bruscamente;Queda de ocupante de ve�culo;Com V�timas Feridas;Pleno dia;Crescente;C�u Claro;Dupla;Reta;Sim;2;0;1;0;0;1;1;2;-16,44724432;-54,66690157;SPRF-MT;DEL02-MT;UOP01-DEL02-MT;;;
730236;07/11/2025;sexta-feira;18:15:00;GO;60;166,5;GOIANIA;Pedestre - Ingest�o de �lcool/ subst�ncias psicoativas;Atropelamento de Pedestre;Com V�timas Fatais;Anoitecer;Crescente;Nublado;M�ltipla;"Reta;Aclive";Sim;3;1;0;0;1;1;0;2;-16,7239798;-49,37742788;SPRF-GO;DEL01-GO;UOP02-DEL01-GO;;;
730237;07/11/2025;sexta-feira;18:35:00;BA;415;50;ITABUNA;Aus�ncia de rea��o do condutor;Colis�o traseira;Com V�timas Feridas;Plena Noite;Crescente;C�u Claro;Simples;Reta;Sim;3;0;1;0;2;0;1;2;-14,81927;-39,30451;SPRF-BA;DEL05-BA;UOP01-DEL05-BA;;;
730239;07/11/2025;sexta-feira;19:00:00;MG;40;528;CONTAGEM;Aus�ncia de rea��o do condutor;Sa�da de leito carro��vel;Sem V�timas;Plena Noite;Decrescente;C�u Claro;M�ltipla;"Reta;Declive";Sim;1;0;0;0;1;0;0;1;-19,9051056;-44,0489188;SPRF-MG;DEL01-MG;UOP02-DEL01-MG;;;
730240;07/11/2025;sexta-feira;17:52:00;RS;116;327;BARRA DO RIBEIRO;Ingest�o de �lcool pelo condutor;Colis�o transversal;Com V�timas Feridas;Anoitecer;Decrescente;Chuva;Dupla;Reta;N�o;4;0;1;0;3;0;1;2;-30,350685;-51,428815;SPRF-RS;DEL02-RS;UOP01-DEL02-RS;;;
730241;07/11/2025;sexta-feira;17:00:00;PR;369;159;CAMBE;Condutor deixou de manter dist�ncia do ve�culo da frente;Colis�o traseira;Com V�timas Feridas;Pleno dia;Crescente;C�u Claro;Dupla;Reta;Sim;3;0;1;0;2;0;1;3;-23,28190103;-51,25261394;SPRF-PR;DEL07-PR;UOP01-DEL07-PR;;;
730243;07/11/2025;sexta-feira;16:50:00;RJ;116;180;BELFORD ROXO;Manobra de mudan�a de faixa;Colis�o lateral mesmo sentido;Com V�timas Feridas;Pleno dia;Crescente;C�u Claro;Dupla;"Reta;Declive";Sim;2;0;1;0;1;0;1;2;-22,76504546;-43,41557312;SPRF-RJ;DEL06-RJ;UOP01-DEL06-RJ;;;
730245;07/11/2025;sexta-feira;19:00:00;PB;104;115,8;LAGOA SECA;Aus�ncia de rea��o do condutor;Sa�da de leito carro��vel;Com V�timas Feridas;Plena Noite;Decrescente;C�u Claro;Simples;Curva;N�o;3;0;3;0;0;0;3;1;-7,175844;-35,860287;SPRF-PB;DEL02-PB;UOP04-DEL02-PB;;;
730247;07/11/2025;sexta-feira;18:40:00;SP;381;1;VARGEM;Avarias e/ou desgaste excessivo no pneu;Queda de ocupante de ve�culo;Com V�timas Feridas;Plena Noite;Crescente;Garoa/Chuvisco;Dupla;Reta;N�o;1;0;1;0;0;0;1;1;-22,88184535;-46,38415128;SPRF-SP;DEL03-SP;UOP02-DEL03-SP;;;
730249;07/11/2025;sexta-feira;19:00:00;PR;277;81;CURITIBA;Rea��o tardia ou ineficiente do condutor;Engavetamento;Com V�timas Feridas;Plena Noite;Decrescente;Nublado;Dupla;Reta;Sim;4;0;1;0;3;0;1;4;-25,469615;-49,21294;SPRF-PR;DEL01-PR;UOP03-DEL01-PR;;;
730251;07/11/2025;sexta-feira;19:30:00;RJ;101;205;CASIMIRO DE ABREU;Acessar a via sem observar a presen�a dos outros ve�culos;Colis�o transversal;Com V�timas Feridas;Plena Noite;Decrescente;C�u Claro;Simples;Reta;Sim;3;0;2;0;1;0;2;2;-22,475787;-42,192322;SPRF-RJ;DEL08-RJ;UOP04-DEL08-RJ;;;
730253;07/11/2025;sexta-feira;13:30:00;MG;381;224,9;BELO ORIENTE;Ultrapassagem Indevida;Colis�o frontal;Com V�timas Feridas;Pleno dia;Decrescente;Nublado;Simples;Reta;N�o;2;0;0;2;0;0;2;2;-19,328736;-42,419751;SPRF-MG;DEL06-MG;UOP01-DEL06-MG;;;
730254;07/11/2025;sexta-feira;19:15:00;MS;463;2;DOURADOS;Ingest�o de �lcool pelo condutor;Colis�o frontal;Com V�timas Feridas;Plena Noite;Decrescente;C�u Claro;Dupla;"Reta;Declive";Sim;2;0;2;0;0;0;2;2;-22,25936779;-54,8222493;SPRF-MS;DEL04-MS;UOP01-DEL04-MS;;;
730257;07/11/2025;sexta-feira;20:00:00;MG;40;515;RIBEIRAO DAS NEVES;Trafegar com motocicleta (ou similar) entre as faixas;Colis�o lateral mesmo sentido;Com V�timas Feridas;Plena Noite;Decrescente;C�u Claro;Dupla;"Reta;Declive";N�o;2;0;0;1;1;0;1;2;-19,8018018;-44,10331967;SPRF-MG;DEL01-MG;UOP02-DEL01-MG;;;
730258;07/11/2025;sexta-feira;20:20:00;SC;101;201;SAO JOSE;Rea��o tardia ou ineficiente do condutor;Tombamento;Com V�timas Feridas;Plena Noite;Decrescente;Chuva;Dupla;Reta;Sim;1;0;1;0;0;0;1;1;-27,55505;-48,62083;SPRF-SC;DEL01-SC;UOP01-DEL01-SC;;;
730259;07/11/2025;sexta-feira;20:10:00;TO;153;140;ARAGUAINA;Animais na Pista;Atropelamento de Animal;Com V�timas Feridas;Plena Noite;Decrescente;C�u Claro;Dupla;"Reta;Rotat�ria";Sim;1;0;1;0;0;0;1;1;-7,17903276;-48,22282344;SPRF-TO;DEL02-TO;UOP01-DEL02-TO;;;
730260;07/11/2025;sexta-feira;20:25:00;PB;230;9,9;CABEDELO;Manobra de mudan�a de faixa;Colis�o lateral mesmo sentido;Sem V�timas;Plena Noite;Crescente;C�u Claro;Dupla;Reta;N�o;6;0;0;0;6;0;0;2;-7,0537356;-34,8505238;SPRF-PB;DEL01-PB;UOP01-DEL01-PB;;;
730261;07/11/2025;sexta-feira;20:30:00;BA;116;17;VITORIA DA CONQUISTA;Acessar a via sem observar a presen�a dos outros ve�culos;Colis�o transversal;Com V�timas Feridas;Plena Noite;Crescente;Nublado;Simples;Curva;Sim;2;0;1;0;0;1;1;2;-14,90247;-40,84117;SPRF-BA;DEL08-BA;UOP01-DEL08-BA;;;
730262;07/11/2025;sexta-feira;21:00:00;ES;101;297;CARIACICA;Rea��o tardia ou ineficiente do condutor;Colis�o com objeto;Com V�timas Fatais;Plena Noite;Crescente;Garoa/Chuvisco;Dupla;"Aclive;Curva";N�o;1;1;0;0;0;0;0;1;-20,344911;-40,410048;SPRF-ES;DEL01-ES;UOP01-DEL01-ES;;;
730265;07/11/2025;sexta-feira;20:46:00;PB;230;26;JOAO PESSOA;Ingest�o de �lcool pelo condutor;Sa�da de leito carro��vel;Sem V�timas;Plena Noite;Crescente;C�u Claro;Dupla;Curva;Sim;1;0;0;0;1;0;0;1;-7,16845067;-34,88357663;SPRF-PB;DEL01-PB;UOP01-DEL01-PB;;;
730267;07/11/2025;sexta-feira;17:50:00;BA;324;398;NOVA FATIMA;Demais falhas mec�nicas ou el�tricas;Sa�da de leito carro��vel;Com V�timas Feridas;Anoitecer;Crescente;Nublado;Simples;Reta;N�o;5;0;4;0;1;0;4;1;-11,575919;-39,662553;SPRF-BA;DEL04-BA;UOP02-DEL04-BA;;;
730271;07/11/2025;sexta-feira;21:27:00;RN;304;298,9;MACAIBA;Acessar a via sem observar a presen�a dos outros ve�culos;Colis�o traseira;Com V�timas Feridas;Plena Noite;Crescente;C�u Claro;Dupla;Reta;Sim;3;0;2;0;1;0;2;3;-5,870125;-35,326217;SPRF-RN;DEL01-RN;UOP02-DEL01-RN;;;
730272;07/11/2025;sexta-feira;19:45:00;RJ;101;407;ITAGUAI;Condutor deixou de manter dist�ncia do ve�culo da frente;Colis�o traseira;Com V�timas Feridas;Plena Noite;Decrescente;C�u Claro;M�ltipla;Reta;Sim;2;0;1;0;1;0;1;2;-22,8589478;-43,7591036;SPRF-RJ;DEL03-RJ;UOP01-DEL03-RJ;;;
730274;07/11/2025;sexta-feira;20:00:00;PR;277;48;MORRETES;Rea��o tardia ou ineficiente do condutor;Queda de ocupante de ve�culo;Com V�timas Feridas;Plena Noite;Decrescente;Chuva;Dupla;"Aclive;Reta";N�o;1;0;1;0;0;0;1;1;-25,59166307;-48,92272901;SPRF-PR;DEL01-PR;UOP05-DEL01-PR;;;
730275;07/11/2025;sexta-feira;21:20:00;PR;376;624;SAO JOSE DOS PINHAIS;Aus�ncia de rea��o do condutor;Sa�da de leito carro��vel;Com V�timas Feridas;Plena Noite;Crescente;Chuva;Dupla;Reta;N�o;1;0;1;0;0;0;1;1;-25,65566455;-49,15664546;SPRF-PR;DEL01-PR;UOP04-DEL01-PR;;;
730276;07/11/2025;sexta-feira;21:40:00;SP;116;213;GUARULHOS;Aus�ncia de rea��o do condutor;Colis�o traseira;Com V�timas Feridas;Plena Noite;Decrescente;C�u Claro;M�ltipla;Reta;Sim;3;0;1;1;1;0;2;2;-23,44139895;-46,44064045;SPRF-SP;DEL01-SP;UOP01-DEL01-SP;;;
730277;07/11/2025;sexta-feira;22:00:00;PR;277;8;PARANAGUA;Rea��o tardia ou ineficiente do condutor;Sa�da de leito carro��vel;Com V�timas Feridas;Plena Noite;Crescente;Chuva;Dupla;Reta;N�o;1;0;1;0;0;0;1;1;-25,564877;-48,59951;SPRF-PR;DEL01-PR;UOP05-DEL01-PR;;;
730278;07/11/2025;sexta-feira;21:30:00;PR;376;237;APUCARANA;Ingest�o de �lcool pelo condutor;Colis�o com objeto;Sem V�timas;Plena Noite;Crescente;Nublado;Dupla;Reta;N�o;1;0;0;0;1;0;0;1;-23,58698417;-51,48135751;SPRF-PR;DEL07-PR;UOP03-DEL07-PR;;;
730279;07/11/2025;sexta-feira;21:30:00;SP;116;230,5;SAO PAULO;Entrada inopinada do pedestre;Atropelamento de Pedestre;Com V�timas Feridas;Plena Noite;Decrescente;C�u Claro;M�ltipla;Reta;Sim;2;0;0;1;0;1;1;2;-23,519833;-46,582917;SPRF-SP;DEL01-SP;UOP01-DEL01-SP;;;
730280;07/11/2025;sexta-feira;20:40:00;PE;232;408;SERRA TALHADA;Pedestre cruzava a pista fora da faixa;Atropelamento de Pedestre;Com V�timas Fatais;Plena Noite;Decrescente;C�u Claro;Simples;"Reta;Declive";Sim;2;1;0;0;1;0;0;2;-7,983042;-38,284053;SPRF-PE;DEL04-PE;UOP01-DEL04-PE;;;
730281;07/11/2025;sexta-feira;22:15:00;SP;116;155,8;SAO JOSE DOS CAMPOS;Rea��o tardia ou ineficiente do condutor;Colis�o com objeto;Com V�timas Feridas;Plena Noite;Crescente;Nublado;Dupla;"Interse��o de Vias;Curva";Sim;1;0;1;0;0;0;1;1;-23,24243933;-45,92461109;SPRF-SP;DEL02-SP;UOP01-DEL02-SP;;;
730282;07/11/2025;sexta-feira;22:00:00;RN;101;140;ARES;Aus�ncia de rea��o do condutor;Tombamento;Com V�timas Feridas;Plena Noite;Crescente;C�u Claro;Dupla;Reta;N�o;1;0;1;0;0;0;1;1;-6,20678;-35,21478;SPRF-RN;DEL01-RN;UOP01-DEL01-RN;;;
730285;07/11/2025;sexta-feira;22:43:00;SP;116;277;ITAPECERICA DA SERRA;Rea��o tardia ou ineficiente do condutor;Colis�o lateral mesmo sentido;Com V�timas Feridas;Plena Noite;Decrescente;Nublado;Dupla;Reta;Sim;2;0;1;0;1;0;1;2;-23,7002529;-46,8689477;SPRF-SP;DEL04-SP;UOP01-DEL04-SP;;;
730286;07/11/2025;sexta-feira;21:30:00;RJ;101;574;PARATY;Rea��o tardia ou ineficiente do condutor;Colis�o traseira;Com V�timas Fatais;Plena Noite;Crescente;Nublado;Simples;Reta;Sim;2;1;0;0;1;0;0;2;-23,21931429;-44,73478317;SPRF-RJ;DEL03-RJ;UOP04-DEL03-RJ;;;
730288;07/11/2025;sexta-feira;23:10:00;SP;116;213;GUARULHOS;Manobra de mudan�a de faixa;Colis�o lateral mesmo sentido;Com V�timas Feridas;Plena Noite;Decrescente;C�u Claro;M�ltipla;Reta;N�o;3;0;1;0;2;0;1;2;-23,43928354;-46,43660255;SPRF-SP;DEL01-SP;UOP01-DEL01-SP;;;
730289;07/11/2025;sexta-feira;21:10:00;RJ;40;53,8;PETROPOLIS;Suic�dio (presumido);Atropelamento de Pedestre;Com V�timas Fatais;Plena Noite;Decrescente;C�u Claro;Dupla;"Aclive;Curva";N�o;2;1;0;0;1;0;0;2;-22,3462317;-43,1256495;SPRF-RJ;DEL05-RJ;UOP02-DEL05-RJ;;;
730291;07/11/2025;sexta-feira;20:35:00;PR;476;317;PAULO FRONTIN;Transitar na contram�o;Colis�o lateral sentido oposto;Com V�timas Feridas;Plena Noite;Decrescente;Chuva;Simples;Curva;N�o;4;0;1;1;2;0;2;1;-26,027258;-50,675808;SPRF-PR;DEL02-PR;UOP03-DEL02-PR;;;
730292;07/11/2025;sexta-feira;23:40:00;SC;470;89,8;ASCURRA;Aus�ncia de rea��o do condutor;Sa�da de leito carro��vel;Com V�timas Feridas;Plena Noite;Decrescente;Chuva;Simples;Curva;N�o;2;0;1;0;1;0;1;1;-26,97287019;-49,36686007;SPRF-SC;DEL04-SC;UOP01-DEL04-SC;;;
730293;07/11/2025;sexta-feira;21:20:00;MA;10;368;ITINGA DO MARANHAO;Rea��o tardia ou ineficiente do condutor;Sa�da de leito carro��vel;Com V�timas Fatais;Plena Noite;Crescente;C�u Claro;Simples;"Reta;Declive";N�o;3;1;0;1;1;0;1;1;-4,53;-47,5;SPRF-MA;DEL04-MA;UOP03-DEL04-MA;;;
730294;07/11/2025;sexta-feira;22:30:00;PA;316;154;CAPANEMA;Trafegar com motocicleta (ou similar) entre as faixas;Colis�o transversal;Com V�timas Feridas;Plena Noite;Decrescente;C�u Claro;Simples;Reta;N�o;2;0;0;1;1;0;1;2;-1,2084755;-47,15382493;SPRF-PA;DEL01-PA;UOP03-DEL01-PA;;;
730295;07/11/2025;sexta-feira;23:05:00;PB;230;22,1;JOAO PESSOA;Aus�ncia de rea��o do condutor;Colis�o traseira;Com V�timas Feridas;Plena Noite;Decrescente;C�u Claro;Dupla;Reta;Sim;2;0;1;0;0;1;1;2;-7,152507;-34,854047;SPRF-PB;DEL01-PB;UOP01-DEL01-PB;;;
730296;07/11/2025;sexta-feira;20:40:00;PR;277;515;GUARANIACU;Chuva;Sa�da de leito carro��vel;Com V�timas Feridas;Plena Noite;Decrescente;Chuva;Simples;"Aclive;Reta";N�o;1;0;0;1;0;0;1;1;-25,113556;-52,823461;SPRF-PR;DEL04-PR;UOP04-DEL04-PR;;;
730298;07/11/2025;sexta-feira;23:20:00;MG;381;148,8;GOVERNADOR VALADARES;Velocidade Incompat�vel;Tombamento;Com V�timas Feridas;Plena Noite;Crescente;C�u Claro;Simples;Reta;N�o;1;0;0;1;0;0;1;1;-18,86990489;-41,99180603;SPRF-MG;DEL06-MG;UOP01-DEL06-MG;;;
730300;07/11/2025;sexta-feira;22:40:00;RJ;493;0;ITABORAI;Aus�ncia de rea��o do condutor;Colis�o traseira;Sem V�timas;Plena Noite;Decrescente;C�u Claro;Simples;Reta;N�o;2;0;0;0;2;0;0;2;-22,76859301;-42,92246517;SPRF-RJ;DEL02-RJ;UOP02-DEL02-RJ;;;
730301;07/11/2025;sexta-feira;23:30:00;MG;40;521;CONTAGEM;Aus�ncia de rea��o do condutor;Sa�da de leito carro��vel;Com V�timas Feridas;Plena Noite;Crescente;Chuva;Dupla;Reta;Sim;1;0;0;1;0;0;1;1;-19,86360204;-44,06890869;SPRF-MG;DEL01-MG;UOP02-DEL01-MG;;;
730303;07/11/2025;sexta-feira;23:30:00;RO;364;14;VILHENA;Ingest�o de �lcool pelo condutor;Sa�da de leito carro��vel;Sem V�timas;Plena Noite;Crescente;Nublado;Dupla;Rotat�ria;Sim;1;0;0;0;1;0;0;1;-12,73882022;-60,13900995;SPRF-RO;DEL04-RO;UOP01-DEL04-RO;;;
730304;08/11/2025;s�bado;01:00:00;PR;277;82,6;CURITIBA;Chuva;Colis�o com objeto;Sem V�timas;Plena Noite;Decrescente;Chuva;Dupla;Reta;Sim;2;0;0;0;2;0;0;1;-25,45211;-49,226826;SPRF-PR;DEL01-PR;UOP03-DEL01-PR;;;
730305;08/11/2025;s�bado;00:55:00;SC;101;127,3;ITAJAI;Ingest�o de �lcool pelo condutor;Colis�o com objeto;Sem V�timas;Plena Noite;Crescente;C�u Claro;Dupla;Reta;N�o;1;0;0;0;0;1;0;1;-26,96764;-48,6838;SPRF-SC;DEL04-SC;UOP04-DEL04-SC;;;
730307;08/11/2025;s�bado;00:20:00;MG;381;729,2;CARMO DA CACHOEIRA;Aus�ncia de rea��o do condutor;Colis�o com objeto;Sem V�timas;Plena Noite;Crescente;Nublado;Dupla;"Declive;Curva";N�o;1;0;0;0;0;1;0;1;-21,51583943;-45,23082007;SPRF-MG;DEL04-MG;UOP02-DEL04-MG;;;
730308;08/11/2025;s�bado;00:30:00;RO;364;730;PORTO VELHO;Animais na Pista;Atropelamento de Animal;Com V�timas Feridas;Plena Noite;Decrescente;C�u Claro;Simples;Reta;N�o;1;0;1;0;0;0;1;1;-8,8895;-63,9552;SPRF-RO;DEL01-RO;UOP01-DEL01-RO;;;
730309;07/11/2025;sexta-feira;23:37:00;MS;163;681,3;RIO VERDE DE MATO GROSSO;Aus�ncia de rea��o do condutor;Tombamento;Com V�timas Feridas;Plena Noite;Crescente;Nublado;Simples;Reta;Sim;1;0;1;0;0;0;1;1;-18,908015;-54,840531;SPRF-MS;DEL06-MS;UOP02-DEL06-MS;;;
730310;07/11/2025;sexta-feira;22:30:00;PR;153;102;IBAITI;Ingest�o de �lcool pelo condutor;Colis�o frontal;Sem V�timas;Plena Noite;Decrescente;Chuva;Simples;Curva;N�o;2;0;0;0;1;1;0;2;-23,78646;-50,18854;SPRF-PR;DEL07-PR;UOP04-DEL07-PR;;;
730313;08/11/2025;s�bado;00:30:00;MG;381;722,8;CARMO DA CACHOEIRA;Rea��o tardia ou ineficiente do condutor;Queda de ocupante de ve�culo;Com V�timas Feridas;Plena Noite;Crescente;Ignorado;Dupla;Curva;Sim;2;0;1;0;0;1;1;1;-21,43750637;-45,20829392;SPRF-MG;DEL04-MG;UOP02-DEL04-MG;;;
730314;08/11/2025;s�bado;03:00:00;PR;116;97;SAO JOSE DOS PINHAIS;Pedestre andava na pista;Atropelamento de Pedestre;Com V�timas Feridas;Plena Noite;Crescente;C�u Claro;Dupla;Reta;N�o;2;0;1;0;1;0;1;2;-25,5557632;-49,0307584;SPRF-PR;DEL01-PR;UOP07-DEL01-PR;;;
730316;07/11/2025;sexta-feira;23:25:00;MG;381;554,7;ITAGUARA;Rea��o tardia ou ineficiente do condutor;Capotamento;Com V�timas Feridas;Plena Noite;Decrescente;Chuva;Dupla;Reta;N�o;1;0;1;0;0;0;1;1;-20,33341265;-44,44918424;SPRF-MG;DEL04-MG;UOP03-DEL04-MG;;;
730319;08/11/2025;s�bado;02:40:00;PE;232;180;BELO JARDIM;Ingest�o de �lcool pelo condutor;Colis�o lateral sentido oposto;Sem V�timas;Pleno dia;Decrescente;C�u Claro;Simples;Reta;Sim;2;0;0;0;1;1;0;2;-8,3451989;-36,4316627;SPRF-PE;DEL03-PE;UOP02-DEL03-PE;;;
730321;08/11/2025;s�bado;04:23:00;SP;116;287;ITAPECERICA DA SERRA;Ingest�o de �lcool pelo condutor;Sa�da de leito carro��vel;Com V�timas Feridas;Plena Noite;Crescente;Chuva;Dupla;"Reta;Retorno Regulamentado";N�o;4;0;1;0;2;1;1;1;-23,706;-46,874;SPRF-SP;DEL04-SP;UOP01-DEL04-SP;;;
730322;08/11/2025;s�bado;04:00:00;RS;290;107,7;ELDORADO DO SUL;Acumulo de �gua sobre o pavimento;Sa�da de leito carro��vel;Com V�timas Feridas;Plena Noite;Decrescente;Chuva;Dupla;Reta;Sim;4;0;3;1;0;0;4;1;-30,0044827;-51,3124015;SPRF-RS;DEL02-RS;UOP01-DEL02-RS;;;
730323;08/11/2025;s�bado;03:37:00;RS;116;150,1;CAXIAS DO SUL;Condutor desrespeitou a ilumina��o vermelha do sem�foro;Colis�o transversal;Com V�timas Feridas;Amanhecer;Decrescente;Garoa/Chuvisco;Dupla;"Interse��o de Vias;Reta";Sim;4;0;3;0;1;0;3;2;-29,170155;-51,15908;SPRF-RS;DEL05-RS;UOP01-DEL05-RS;;;
730324;08/11/2025;s�bado;04:30:00;RS;158;567;SANTANA DO LIVRAMENTO;Aus�ncia de rea��o do condutor;Sa�da de leito carro��vel;Com V�timas Feridas;Plena Noite;Decrescente;Nublado;Simples;Reta;Sim;1;0;1;0;0;0;1;1;-30,8724799;-55,5094975;SPRF-RS;DEL11-RS;UOP01-DEL11-RS;;;