id;data_inversa;dia_semana;horario;uf;br;km;municipio;causa_acidente;tipo_acidente;classificacao_acidente;fase_dia;sentido_via;condicao_metereologica;tipo_pista;tracado_via;uso_solo;pessoas;mortos;feridos_leves;feridos_graves;ilesos;ignorados;feridos;veiculos;latitude;longitude;regional;delegacia;uop;;;
730325;08/11/2025;s�bado;03:40:00;RS;386;118,8;SARANDI;Aus�ncia de rea��o do condutor;Sa�da de leito carro��vel;Com V�timas Fatais;Plena Noite;Decrescente;Chuva;Simples;Curva;N�o;1;1;0;0;0;0;0;1;-27,856371;-53,013895;SPRF-RS;DEL08-RS;UOP01-DEL08-RS;;;
730326;08/11/2025;s�bado;04:00:00;MG;381;327;NOVA ERA;Chuva;Sa�da de leito carro��vel;Com V�timas Fatais;Plena Noite;Decrescente;Garoa/Chuvisco;Simples;Reta;N�o;1;1;0;0;0;0;0;1;-19,77763;-43,04372;SPRF-MG;DEL03-MG;UOP02-DEL03-MG;;;
730327;08/11/2025;s�bado;03:00:00;PE;316;55,8;TRINDADE;Aus�ncia de rea��o do condutor;Sa�da de leito carro��vel;Com V�timas Feridas;Plena Noite;Crescente;C�u Claro;Simples;Reta;N�o;3;0;2;1;0;0;3;1;-7,742864;-40,280613;SPRF-PE;DEL05-PE;UOP02-DEL05-PE;;;
730328;08/11/2025;s�bado;02:45:00;RS;285;570;SAO LUIZ GONZAGA;Animais na Pista;Atropelamento de Animal;Com V�timas Feridas;Plena Noite;Crescente;Garoa/Chuvisco;Simples;Reta;Sim;1;0;1;0;0;0;1;1;-28,41422403;-54,9758175;SPRF-RS;DEL12-RS;UOP01-DEL12-RS;;;
730330;08/11/2025;s�bado;04:30:00;RR;174;3;BOA VISTA;Aus�ncia de rea��o do condutor;Atropelamento de Pedestre;Com V�timas Feridas;Plena Noite;Decrescente;C�u Claro;Simples;Reta;N�o;3;0;1;0;1;1;1;2;2,73249043;-60,78065157;SPRF-RR;DEL01-RR;UOP01-DEL01-RR;;;
730334;08/11/2025;s�bado;02:50:00;RJ;101;333;RIO DE JANEIRO;Aus�ncia de rea��o do condutor;Colis�o com objeto;Com V�timas Feridas;Plena Noite;Crescente;Nublado;M�ltipla;Curva;Sim;1;0;0;1;0;0;1;1;-22,88277178;-43,21502183;SPRF-RJ;DEL02-RJ;UOP01-DEL02-RJ;;;
730335;08/11/2025;s�bado;04:09:00;TO;230;101,2;SAO BENTO DO TOCANTINS;Velocidade Incompat�vel;Tombamento;Com V�timas Feridas;Plena Noite;Decrescente;C�u Claro;Simples;"Reta;Rotat�ria";N�o;31;0;29;1;1;0;30;1;-5,96827196;-47,88156152;SPRF-TO;DEL02-TO;UOP03-DEL02-TO;;;
730336;08/11/2025;s�bado;04:50:00;RS;116;251,6;SAPUCAIA DO SUL;Aus�ncia de rea��o do condutor;Colis�o com objeto;Sem V�timas;Amanhecer;Decrescente;Chuva;Dupla;"Reta;Aclive";Sim;2;0;0;0;0;2;0;1;-29,8132996;-51,1678525;SPRF-RS;DEL01-RS;UOP02-DEL01-RS;;;
730337;08/11/2025;s�bado;05:40:00;SC;101;205;BIGUACU;Aus�ncia de rea��o do condutor;Colis�o com objeto;Sem V�timas;Pleno dia;Decrescente;C�u Claro;Dupla;Reta;Sim;1;0;0;0;1;0;0;1;-27,52926;-48,63281;SPRF-SC;DEL01-SC;UOP01-DEL01-SC;;;
730338;08/11/2025;s�bado;05:35:00;MG;40;44;PARACATU;Acessar a via sem observar a presen�a dos outros ve�culos;Colis�o transversal;Com V�timas Feridas;Amanhecer;Decrescente;C�u Claro;Simples;Reta;Sim;2;0;0;1;1;0;1;2;-17,2315063;-46,8540237;SPRF-MG;DEL14-MG;UOP01-DEL14-MG;;;
730339;08/11/2025;s�bado;06:03:00;SP;116;334;JUQUITIBA;Rea��o tardia ou ineficiente do condutor;Sa�da de leito carro��vel;Com V�timas Feridas;Plena Noite;Crescente;Garoa/Chuvisco;Dupla;Curva;N�o;2;0;1;0;1;0;1;1;-23,967227;-47,132254;SPRF-SP;DEL04-SP;UOP03-DEL04-SP;;;
730340;08/11/2025;s�bado;06:25:00;SC;101;174;BIGUACU;Velocidade Incompat�vel;Colis�o com objeto;Sem V�timas;Pleno dia;Crescente;Sol;Dupla;Reta;N�o;1;0;0;0;1;0;0;1;-27,34187128;-48,62906702;SPRF-SC;DEL01-SC;UOP01-DEL01-SC;;;
730341;08/11/2025;s�bado;05:20:00;GO;40;25;LUZIANIA;Aus�ncia de rea��o do condutor;Sa�da de leito carro��vel;Com V�timas Feridas;Amanhecer;Decrescente;C�u Claro;Simples;Curva;Sim;1;0;1;0;0;0;1;1;-16,25604334;-47,89790154;SPRF-DF;DEL01-DF;UOP01-DEL01-DF;;;
730342;08/11/2025;s�bado;06:00:00;ES;259;53,5;COLATINA;Aus�ncia de rea��o do condutor;Capotamento;Com V�timas Feridas;Pleno dia;Crescente;Nublado;Simples;"Aclive;Reta";N�o;2;0;1;0;1;0;1;1;-19,50383017;-40,65457971;SPRF-ES;DEL02-ES;UOP01-DEL02-ES;;;
730343;07/11/2025;sexta-feira;08:30:00;BA;116;427;FEIRA DE SANTANA;Demais falhas na via;Queda de ocupante de ve�culo;Com V�timas Feridas;Pleno dia;Crescente;C�u Claro;Dupla;"Reta;Declive";Sim;2;0;1;0;1;0;1;1;-12,26722143;-38,98930974;SPRF-BA;DEL02-BA;UOP01-DEL02-BA;;;
730344;08/11/2025;s�bado;06:15:00;MG;381;855;POUSO ALEGRE;Chuva;Tombamento;Com V�timas Feridas;Amanhecer;Decrescente;Garoa/Chuvisco;Dupla;"Reta;Aclive";Sim;1;0;1;0;0;0;1;1;-22,282183;-45,895495;SPRF-MG;DEL16-MG;UOP01-DEL16-MG;;;
730345;08/11/2025;s�bado;06:00:00;SP;116;541;BARRA DO TURVO;Rea��o tardia ou ineficiente do condutor;Colis�o com objeto;Com V�timas Feridas;Pleno dia;Crescente;C�u Claro;Dupla;Curva;N�o;2;0;2;0;0;0;2;1;-24,97234007;-48,40023486;SPRF-SP;DEL05-SP;UOP02-DEL05-SP;;;
730346;08/11/2025;s�bado;05:30:00;SC;101;339,9;TUBARAO;Ingest�o de �lcool pelo condutor;Colis�o com objeto;Sem V�timas;Amanhecer;Decrescente;C�u Claro;M�ltipla;Reta;Sim;1;0;0;0;1;0;0;1;-28,50180946;-49,0467453;SPRF-SC;DEL02-SC;UOP01-DEL02-SC;;;
730347;08/11/2025;s�bado;04:00:00;PR;476;155;ARAUCARIA;Condutor Dormindo;Sa�da de leito carro��vel;Com V�timas Feridas;Plena Noite;Crescente;Nublado;Dupla;Reta;Sim;1;0;1;0;0;0;1;1;-25,58766352;-49,40618126;SPRF-PR;DEL01-PR;UOP06-DEL01-PR;;;
730349;08/11/2025;s�bado;06:40:00;RS;392;25,3;RIO GRANDE;Rea��o tardia ou ineficiente do condutor;Sa�da de leito carro��vel;Sem V�timas;Pleno dia;Crescente;C�u Claro;Dupla;Curva;N�o;2;0;0;0;0;2;0;1;-32,08702873;-52,23440051;SPRF-RS;DEL07-RS;UOP02-DEL07-RS;;;
730351;08/11/2025;s�bado;06:20:00;RS;290;109;ELDORADO DO SUL;Aus�ncia de rea��o do condutor;Sa�da de leito carro��vel;Sem V�timas;Pleno dia;Decrescente;Nublado;Dupla;Reta;N�o;1;0;0;0;1;0;0;1;-30,01740158;-51,31754685;SPRF-RS;DEL02-RS;UOP01-DEL02-RS;;;
730352;08/11/2025;s�bado;07:35:00;PB;101;89,8;JOAO PESSOA;Transitar no Acostamento;Colis�o traseira;Com V�timas Feridas;Pleno dia;Crescente;C�u Claro;Dupla;Reta;Sim;2;0;1;0;1;0;1;2;-7,17933081;-34,90029126;SPRF-PB;DEL01-PB;UOP01-DEL01-PB;;;
730353;08/11/2025;s�bado;07:15:00;RJ;101;429;MANGARATIBA;Velocidade Incompat�vel;Queda de ocupante de ve�culo;Com V�timas Feridas;Pleno dia;Decrescente;Chuva;Simples;Curva;N�o;2;0;2;0;0;0;2;1;-22,93794042;-44,01388519;SPRF-RJ;DEL03-RJ;UOP02-DEL03-RJ;;;
730354;08/11/2025;s�bado;06:50:00;MA;135;4;SAO LUIS;Pista Escorregadia;Queda de ocupante de ve�culo;Com V�timas Feridas;Pleno dia;Crescente;C�u Claro;Dupla;"Declive;Reta";N�o;1;0;0;1;0;0;1;1;-2,634618;-44,312363;SPRF-MA;DEL01-MA;UOP01-DEL01-MA;;;
730356;08/11/2025;s�bado;07:30:00;SP;116;173,4;JACAREI;Chuva;Sa�da de leito carro��vel;Com V�timas Feridas;Pleno dia;Crescente;Chuva;Dupla;Reta;N�o;1;0;1;0;0;0;1;1;-23,31632544;-46,07935545;SPRF-SP;DEL02-SP;UOP01-DEL02-SP;;;
730357;08/11/2025;s�bado;06:50:00;SC;163;69;SAO MIGUEL DO OESTE;Rea��o tardia ou ineficiente do condutor;Colis�o com objeto;Com V�timas Feridas;Pleno dia;Decrescente;Nublado;Dupla;Reta;Sim;1;0;0;1;0;0;1;1;-26,74088161;-53,50124571;SPRF-SC;DEL07-SC;UOP03-DEL07-SC;;;
730359;08/11/2025;s�bado;07:30:00;RJ;116;176;SAO JOAO DE MERITI;Condutor deixou de manter dist�ncia do ve�culo da frente;Colis�o traseira;Com V�timas Feridas;Pleno dia;Crescente;C�u Claro;Dupla;Reta;N�o;2;0;1;0;1;0;1;2;-22,80140485;-43,36954499;SPRF-RJ;DEL06-RJ;UOP01-DEL06-RJ;;;
730360;05/09/2025;sexta-feira;07:40:00;SP;381;31;ATIBAIA;Condutor deixou de manter dist�ncia do ve�culo da frente;Colis�o traseira;Com V�timas Feridas;Pleno dia;Crescente;C�u Claro;Dupla;"Curva;Aclive";Sim;3;0;0;1;2;0;1;2;-23,05621912;-46,57080889;SPRF-SP;DEL03-SP;UOP02-DEL03-SP;;;
730361;08/11/2025;s�bado;08:20:00;SE;101;150;ESTANCIA;Transitar no Acostamento;Atropelamento de Pedestre;Com V�timas Feridas;Pleno dia;Crescente;C�u Claro;Simples;Reta;Sim;3;0;2;1;0;0;3;2;-11,25404;-37,43815;SPRF-SE;DEL02-SE;UOP01-DEL02-SE;;;
730362;08/11/2025;s�bado;07:30:00;PA;316;86;SAO FRANCISCO DO PARA;Acessar a via sem observar a presen�a dos outros ve�culos;Colis�o transversal;Com V�timas Feridas;Pleno dia;Crescente;C�u Claro;Simples;Reta;N�o;4;0;2;0;2;0;2;2;-1,313455;-47,725527;SPRF-PA;DEL01-PA;UOP02-DEL01-PA;;;
730364;08/11/2025;s�bado;04:10:00;PR;153;91,4;JAPIRA;Objeto est�tico sobre o leito carro��vel;Colis�o com objeto;Sem V�timas;Plena Noite;Decrescente;Chuva;Simples;"Aclive;Reta";N�o;4;0;0;0;4;0;0;1;-23,703339;-50,175024;SPRF-PR;DEL07-PR;UOP04-DEL07-PR;;;
730365;08/11/2025;s�bado;07:45:00;MG;381;729,9;CARMO DA CACHOEIRA;Pista Escorregadia;Sa�da de leito carro��vel;Com V�timas Feridas;Pleno dia;Crescente;Nublado;Dupla;Curva;N�o;2;0;1;0;1;0;1;1;-21,502936;-45,215196;SPRF-MG;DEL16-MG;UOP02-DEL16-MG;;;
730366;08/11/2025;s�bado;08:32:00;PI;343;306;ALTOS;Manobra de mudan�a de faixa;Colis�o frontal;Com V�timas Feridas;Pleno dia;Crescente;C�u Claro;Simples;"Reta;Interse��o de Vias";Sim;2;0;0;2;0;0;2;2;-5,039844;-42,459148;SPRF-PI;DEL01-PI;UOP01-DEL01-PI;;;
730367;08/11/2025;s�bado;09:10:00;GO;80;134;BARRO ALTO;Rea��o tardia ou ineficiente do condutor;Queda de ocupante de ve�culo;Com V�timas Feridas;Pleno dia;Crescente;C�u Claro;Simples;Reta;Sim;2;0;1;0;1;0;1;2;-14,96894;-48,930688;SPRF-GO;DEL07-GO;UOP02-DEL07-GO;;;
730369;08/11/2025;s�bado;07:10:00;MG;381;925;ITAPEVA;Velocidade Incompat�vel;Sa�da de leito carro��vel;Sem V�timas;Pleno dia;Crescente;Chuva;Dupla;Curva;N�o;1;0;0;0;1;0;0;1;-22,77103991;-46,19937336;SPRF-MG;DEL16-MG;UOP03-DEL16-MG;;;
730371;11/10/2025;s�bado;23:40:00;PE;104;78;AGRESTINA;Ultrapassagem Indevida;Colis�o frontal;Com V�timas Feridas;Plena Noite;Crescente;C�u Claro;Simples;"Aclive;Reta";N�o;3;0;2;1;0;0;3;2;-8,38689;-35,9783;SPRF-PE;DEL02-PE;UOP01-DEL02-PE;;;
730376;08/11/2025;s�bado;09:30:00;MG;267;85;JUIZ DE FORA;Aus�ncia de rea��o do condutor;Sa�da de leito carro��vel;Com V�timas Feridas;Pleno dia;Decrescente;Chuva;Simples;"Curva;Declive";N�o;2;0;2;0;0;0;2;1;-21,75184688;-43,27514648;SPRF-MG;DEL05-MG;UOP01-DEL05-MG;;;
730378;08/11/2025;s�bado;04:00:00;RS;386;118,7;SARANDI;Velocidade Incompat�vel;Sa�da de leito carro��vel;Sem V�timas;Plena Noite;Decrescente;Chuva;Simples;Curva;N�o;1;0;0;0;0;1;0;1;-27,85544961;-53,01433325;SPRF-RS;DEL08-RS;UOP01-DEL08-RS;;;
730379;08/11/2025;s�bado;08:15:00;PR;163;184;SANTA TEREZA DO OESTE;Frear bruscamente;Sa�da de leito carro��vel;Sem V�timas;Pleno dia;Decrescente;Nublado;Dupla;Reta;N�o;1;0;0;0;1;0;0;1;-25,12443535;-53,58756272;SPRF-PR;DEL05-PR;UOP05-DEL05-PR;;;
730380;08/11/2025;s�bado;08:45:00;AP;210;2;MACAPA;Ultrapassagem Indevida;Colis�o transversal;Com V�timas Feridas;Pleno dia;Decrescente;C�u Claro;Simples;"Reta;Interse��o de Vias";Sim;2;0;1;0;1;0;1;2;0,08697864;-51,08721972;SPRF-AP;DEL01-AP;UOP01-DEL01-AP;;;
730381;08/11/2025;s�bado;10:10:00;SP;116;61,5;GUARATINGUETA;Aus�ncia de rea��o do condutor;Colis�o traseira;Com V�timas Feridas;Pleno dia;Crescente;Chuva;Dupla;"Reta;Declive";N�o;2;0;1;0;1;0;1;2;-22,79455066;-45,16553776;SPRF-SP;DEL08-SP;UOP01-DEL08-SP;;;
730382;05/11/2025;quarta-feira;21:30:00;PA;230;714;BRASIL NOVO;Animais na Pista;Atropelamento de Animal;Com V�timas Feridas;Plena Noite;Decrescente;Ignorado;Simples;"Aclive;Reta";N�o;1;0;1;0;0;0;1;1;-3,365186;-52,642284;SPRF-PA;DEL04-PA;UOP01-DEL04-PA;;;
730383;08/11/2025;s�bado;09:57:00;PR;158;519;PATO BRANCO;Convers�o proibida;Colis�o frontal;Com V�timas Feridas;Pleno dia;Decrescente;C�u Claro;Simples;Curva;N�o;6;0;2;0;4;0;2;2;-26,11621457;-52,6400608;SPRF-PR;DEL02-PR;UOP01-DEL02-PR;;;
730385;08/11/2025;s�bado;10:41:00;TO;153;498;PARAISO DO TOCANTINS;Rea��o tardia ou ineficiente do condutor;Colis�o transversal;Com V�timas Feridas;Pleno dia;Crescente;C�u Claro;Simples;Interse��o de Vias;Sim;2;0;1;0;1;0;1;2;-10,179434;-48,88006;SPRF-TO;DEL01-TO;UOP01-DEL01-TO;;;
730387;08/11/2025;s�bado;10:40:00;ES;101;265;SERRA;Aus�ncia de rea��o do condutor;Atropelamento de Pedestre;Com V�timas Feridas;Pleno dia;Crescente;Nublado;Dupla;Reta;Sim;3;0;2;0;0;1;2;2;-20,0488582;-40,3867015;SPRF-ES;DEL02-ES;UOP01-DEL02-ES;;;
730389;08/11/2025;s�bado;09:25:00;MG;40;595,8;OURO PRETO;Chuva;Colis�o frontal;Com V�timas Fatais;Pleno dia;Decrescente;Chuva;Simples;"Declive;Reta";N�o;2;1;0;1;0;0;1;2;-20,41428973;-43,89386478;SPRF-MG;DEL05-MG;UOP02-DEL05-MG;;;
730390;08/11/2025;s�bado;08:00:00;RS;285;266;MATO CASTELHANO;Velocidade Incompat�vel;Sa�da de leito carro��vel;Com V�timas Feridas;Pleno dia;Crescente;Nublado;Simples;Reta;N�o;2;0;2;0;0;0;2;1;-28,30770566;-52,10849762;SPRF-RS;DEL08-RS;UOP03-DEL08-RS;;;
730391;08/11/2025;s�bado;09:30:00;SC;101;119;ITAJAI;Aus�ncia de rea��o do condutor;Colis�o traseira;Com V�timas Feridas;Pleno dia;Crescente;Sol;Dupla;Reta;N�o;2;0;1;0;1;0;1;2;-26,91187022;-48,71247165;SPRF-SC;DEL04-SC;UOP04-DEL04-SC;;;
730393;08/11/2025;s�bado;10:25:00;PA;155;323;MARABA;Falta de acostamento;Sa�da de leito carro��vel;Com V�timas Feridas;Pleno dia;Decrescente;C�u Claro;Simples;Reta;N�o;1;0;1;0;0;0;1;1;-5,551463;-49,074944;SPRF-PA;DEL03-PA;UOP01-DEL03-PA;;;
730394;08/11/2025;s�bado;11:27:00;SP;116;401,7;MIRACATU;Rea��o tardia ou ineficiente do condutor;Sa�da de leito carro��vel;Com V�timas Feridas;Pleno dia;Crescente;Sol;Dupla;Reta;Sim;2;0;2;0;0;0;2;1;-24,31260158;-47,51659719;SPRF-SP;DEL04-SP;UOP02-DEL04-SP;;;
730397;08/11/2025;s�bado;11:50:00;RS;386;434;NOVA SANTA RITA;Acessar a via sem observar a presen�a dos outros ve�culos;Colis�o traseira;Com V�timas Feridas;Pleno dia;Crescente;Chuva;Dupla;Rotat�ria;N�o;5;0;2;0;3;0;2;2;-29,845792;-51,2784;SPRF-RS;DEL04-RS;UOP02-DEL04-RS;;;
730398;08/11/2025;s�bado;08:20:00;BA;110;351;ALAGOINHAS;Manobra de mudan�a de faixa;Colis�o frontal;Com V�timas Feridas;Pleno dia;Crescente;C�u Claro;Simples;Declive;N�o;5;0;3;0;0;2;3;3;-12,1008037;-38,3725406;SPRF-BA;DEL01-BA;UOP04-DEL01-BA;;;
730399;08/11/2025;s�bado;11:45:00;RJ;116;186;NOVA IGUACU;Aus�ncia de rea��o do condutor;Colis�o traseira;Sem V�timas;Pleno dia;Decrescente;Nublado;Dupla;Reta;Sim;3;0;0;0;3;0;0;2;-22,73830874;-43,48178387;SPRF-RJ;DEL06-RJ;UOP01-DEL06-RJ;;;
730400;08/11/2025;s�bado;12:20:00;SC;101;192,1;BIGUACU;Transitar na contram�o;Colis�o frontal;Com V�timas Feridas;Pleno dia;Crescente;C�u Claro;M�ltipla;Curva;Sim;2;0;1;0;1;0;1;2;-27,48585403;-48,64839284;SPRF-SC;DEL01-SC;UOP01-DEL01-SC;;;
730402;08/11/2025;s�bado;11:00:00;BA;116;817,8;VITORIA DA CONQUISTA;Desrespeitar a prefer�ncia no cruzamento;Colis�o transversal;Com V�timas Feridas;Pleno dia;Crescente;C�u Claro;Simples;Interse��o de Vias;Sim;2;0;0;1;0;1;1;2;-14,82346363;-40,81839893;SPRF-BA;DEL08-BA;UOP01-DEL08-BA;;;
730403;08/11/2025;s�bado;12:30:00;GO;60;134;GOIANIA;Rea��o tardia ou ineficiente do condutor;Tombamento;Com V�timas Feridas;Pleno dia;Crescente;Garoa/Chuvisco;Dupla;"Curva;Declive";N�o;2;0;2;0;0;0;2;1;-16,587768;-49,19442;SPRF-GO;DEL01-GO;UOP01-DEL01-GO;;;
730404;08/11/2025;s�bado;11:55:00;PR;376;619;SAO JOSE DOS PINHAIS;Velocidade Incompat�vel;Colis�o transversal;Com V�timas Feridas;Pleno dia;Crescente;C�u Claro;Simples;Reta;Sim;3;0;2;0;1;0;2;2;-25,61165911;-49,17174546;SPRF-PR;DEL01-PR;UOP04-DEL01-PR;;;
730407;08/11/2025;s�bado;12:40:00;RJ;393;201;VASSOURAS;Transitar na contram�o;Sa�da de leito carro��vel;Com V�timas Feridas;Pleno dia;Crescente;Chuva;Simples;Curva;Sim;6;0;1;0;3;2;1;3;-22,23611936;-43,41737716;SPRF-RJ;DEL05-RJ;UOP03-DEL05-RJ;;;
730409;08/11/2025;s�bado;12:20:00;DF;80;20;BRASILIA;Acessar a via sem observar a presen�a dos outros ve�culos;Colis�o transversal;Com V�timas Feridas;Pleno dia;Decrescente;Chuva;Dupla;"Reta;Interse��o de Vias";Sim;4;0;2;0;2;0;2;2;-15,67775;-48,205056;SPRF-DF;DEL03-DF;UOP02-DEL03-DF;;;
730410;08/11/2025;s�bado;13:00:00;MG;381;925,8;ITAPEVA;Velocidade Incompat�vel;Sa�da de leito carro��vel;Com V�timas Feridas;Pleno dia;Decrescente;Chuva;Dupla;"Curva;Declive";N�o;2;0;1;0;1;0;1;1;-22,76897036;-46,20585358;SPRF-MG;DEL16-MG;UOP03-DEL16-MG;;;
730412;08/11/2025;s�bado;12:30:00;MG;381;924,5;ITAPEVA;Velocidade Incompat�vel;Sa�da de leito carro��vel;Com V�timas Feridas;Pleno dia;Crescente;Chuva;Dupla;Curva;N�o;5;0;4;0;1;0;4;1;-22,7672064;-46,2159872;SPRF-MG;DEL16-MG;UOP03-DEL16-MG;;;
730414;08/11/2025;s�bado;12:50:00;GO;20;12,9;FORMOSA;Chuva;Sa�da de leito carro��vel;Com V�timas Feridas;Pleno dia;Crescente;Chuva;Simples;Reta;N�o;3;0;2;0;1;0;2;1;-15,56719266;-47,2456634;SPRF-DF;DEL02-DF;UOP02-DEL02-DF;;;
730415;08/11/2025;s�bado;10:50:00;PR;277;459,1;LARANJEIRAS DO SUL;Ultrapassagem Indevida;Colis�o frontal;Com V�timas Feridas;Pleno dia;Crescente;C�u Claro;Simples;Reta;N�o;3;0;2;0;1;0;2;2;-25,367649;-52,452321;SPRF-PR;DEL04-PR;UOP02-DEL04-PR;;;
730418;08/11/2025;s�bado;13:00:00;SC;101;205,4;SAO JOSE;Aus�ncia de rea��o do condutor;Sa�da de leito carro��vel;Sem V�timas;Pleno dia;Crescente;Garoa/Chuvisco;Simples;Curva;N�o;1;0;0;0;0;1;0;1;-27,587146;-48,616864;SPRF-SC;DEL01-SC;UOP01-DEL01-SC;;;
730420;08/11/2025;s�bado;13:00:00;ES;262;35;DOMINGOS MARTINS;Rea��o tardia ou ineficiente do condutor;Tombamento;Com V�timas Feridas;Pleno dia;Crescente;Nublado;Dupla;"Aclive;Curva";N�o;1;0;0;1;0;0;1;1;-20,379668;-40,594603;SPRF-ES;DEL01-ES;UOP01-DEL01-ES;;;
730421;08/11/2025;s�bado;10:50:00;RJ;40;77;PETROPOLIS;Pista Escorregadia;Colis�o com objeto;Com V�timas Feridas;Pleno dia;Crescente;Chuva;Dupla;"Declive;Curva";N�o;5;0;3;0;1;1;3;2;-22,485155;-43,229367;SPRF-RJ;DEL01-RJ;UOP01-DEL01-RJ;;;
730422;08/11/2025;s�bado;12:45:00;PR;277;107;CURITIBA;Rea��o tardia ou ineficiente do condutor;Sa�da de leito carro��vel;Com V�timas Feridas;Pleno dia;Crescente;C�u Claro;Dupla;Reta;N�o;1;0;1;0;0;0;1;1;-25,431905;-49,364065;SPRF-PR;DEL01-PR;UOP06-DEL01-PR;;;
730423;08/11/2025;s�bado;09:26:00;RS;470;213;BENTO GONCALVES;Chuva;Tombamento;Com V�timas Feridas;Pleno dia;Decrescente;Chuva;Simples;"Interse��o de Vias;Curva";N�o;1;0;1;0;0;0;1;1;-29,144856;-51,533144;SPRF-RS;DEL06-RS;UOP01-DEL06-RS;;;
730424;08/11/2025;s�bado;06:00:00;CE;222;314;TIANGUA;Condutor Dormindo;Sa�da de leito carro��vel;Com V�timas Feridas;Amanhecer;Decrescente;C�u Claro;Dupla;"Reta;Declive";Sim;1;0;0;1;0;0;1;1;-3,74690246;-41,01177111;SPRF-CE;DEL04-CE;UOP02-DEL04-CE;;;
730426;08/11/2025;s�bado;09:45:00;MG;40;710,5;BARBACENA;Velocidade Incompat�vel;Sa�da de leito carro��vel;Com V�timas Fatais;Pleno dia;Crescente;Chuva;Dupla;Reta;N�o;3;2;0;1;0;0;1;1;-21,245;-43,683;SPRF-MG;DEL05-MG;UOP02-DEL05-MG;;;
730427;08/11/2025;s�bado;11:00:00;MS;60;393;SIDROLANDIA;Demais falhas mec�nicas ou el�tricas;Tombamento;Com V�timas Feridas;Pleno dia;Crescente;C�u Claro;Simples;Reta;N�o;1;0;1;0;0;0;1;1;-20,7403095;-54,7814115;SPRF-MS;DEL01-MS;UOP04-DEL01-MS;;;
730428;08/11/2025;s�bado;13:30:00;RS;285;122;VACARIA;Acessar a via sem observar a presen�a dos outros ve�culos;Colis�o transversal;Sem V�timas;Pleno dia;Crescente;Garoa/Chuvisco;Simples;"Reta;Interse��o de Vias";Sim;3;0;0;0;3;0;0;3;-28,50524139;-50,9446764;SPRF-RS;DEL05-RS;UOP03-DEL05-RS;;;
730429;08/11/2025;s�bado;14:15:00;SP;116;231;SAO PAULO;Rea��o tardia ou ineficiente do condutor;Colis�o lateral mesmo sentido;Com V�timas Feridas;Pleno dia;Crescente;C�u Claro;M�ltipla;Reta;Sim;3;0;1;0;2;0;1;3;-23,52073424;-46,58417676;SPRF-SP;DEL01-SP;UOP01-DEL01-SP;;;
730430;08/11/2025;s�bado;12:30:00;SC;101;42,5;JOINVILLE;Velocidade Incompat�vel;Colis�o com objeto;Com V�timas Fatais;Pleno dia;Crescente;C�u Claro;Dupla;"Viaduto;Reta";Sim;1;1;0;0;0;0;0;1;-26,32728567;-48,86469238;SPRF-SC;DEL03-SC;UOP01-DEL03-SC;;;
730431;08/11/2025;s�bado;14:00:00;MG;116;415;GOVERNADOR VALADARES;Condutor deixou de manter dist�ncia do ve�culo da frente;Colis�o traseira;Com V�timas Feridas;Pleno dia;Decrescente;C�u Claro;Simples;Reta;Sim;3;0;1;0;2;0;1;2;-18,8918064;-41,94691155;SPRF-MG;DEL06-MG;UOP01-DEL06-MG;;;
730432;08/11/2025;s�bado;14:28:00;SC;101;196;BIGUACU;Rea��o tardia ou ineficiente do condutor;Colis�o traseira;Com V�timas Feridas;Pleno dia;Crescente;Nublado;Dupla;Reta;Sim;2;0;1;0;0;1;1;2;-27,51098108;-48,64333797;SPRF-SC;DEL01-SC;UOP01-DEL01-SC;;;
730438;08/11/2025;s�bado;11:00:00;RS;116;334;BARRA DO RIBEIRO;Aus�ncia de rea��o do condutor;Colis�o traseira;Com V�timas Feridas;Pleno dia;Decrescente;Garoa/Chuvisco;Dupla;Reta;N�o;1;0;1;0;0;0;1;1;-30,32625709;-51,42101711;SPRF-RS;DEL02-RS;UOP02-DEL02-RS;;;
730439;15/10/2025;quarta-feira;21:54:00;RS;285;121,7;VACARIA;Acesso irregular;Colis�o lateral mesmo sentido;Com V�timas Feridas;Plena Noite;Crescente;C�u Claro;Simples;Reta;N�o;2;0;1;0;1;0;1;2;-28,506986;-50,941469;SPRF-RS;DEL05-RS;UOP03-DEL05-RS;;;
730440;08/11/2025;s�bado;14:52:00;AL;104;88,7;RIO LARGO;Aus�ncia de rea��o do condutor;Colis�o traseira;Com V�timas Feridas;Pleno dia;Crescente;C�u Claro;Dupla;Reta;Sim;3;0;0;1;1;1;1;2;-9,485826;-35,817301;SPRF-AL;DEL01-AL;UOP01-DEL01-AL;;;
730441;08/11/2025;s�bado;13:50:00;RS;116;153;CAXIAS DO SUL;Aus�ncia de rea��o do condutor;Colis�o transversal;Com V�timas Feridas;Pleno dia;Decrescente;Garoa/Chuvisco;Dupla;Rotat�ria;Sim;2;0;1;0;1;0;1;2;-29,18784891;-51,18232934;SPRF-RS;DEL05-RS;UOP01-DEL05-RS;;;
730442;08/11/2025;s�bado;14:00:00;MT;70;548;NOSSA SENHORA DO LIVRAMENTO;Ultrapassagem Indevida;Colis�o frontal;Com V�timas Fatais;Pleno dia;Decrescente;Nublado;Simples;Reta;N�o;6;1;0;0;5;0;0;2;-15,689;-56,369;SPRF-MT;DEL03-MT;UOP02-DEL03-MT;;;
730445;08/11/2025;s�bado;15:15:00;DF;70;18;BRASILIA;Frear bruscamente;Colis�o traseira;Sem V�timas;Pleno dia;Crescente;Chuva;Dupla;Declive;N�o;3;0;0;0;3;0;0;2;-15,789323;-48,223888;SPRF-DF;DEL03-DF;UOP02-DEL03-DF;;;
730446;08/11/2025;s�bado;13:30:00;MG;262;410;IGARATINGA;Demais falhas mec�nicas ou el�tricas;Queda de ocupante de ve�culo;Com V�timas Feridas;Pleno dia;Crescente;Nublado;Dupla;Reta;N�o;1;0;1;0;0;0;1;1;-19,88688924;-44,7180891;SPRF-MG;DEL08-MG;UOP03-DEL08-MG;;;