id;data_inversa;dia_semana;horario;uf;br;km;municipio;causa_acidente;tipo_acidente;classificacao_acidente;fase_dia;sentido_via;condicao_metereologica;tipo_pista;tracado_via;uso_solo;pessoas;mortos;feridos_leves;feridos_graves;ilesos;ignorados;feridos;veiculos;latitude;longitude;regional;delegacia;uop;;;
730447;08/11/2025;s�bado;11:40:00;RJ;101;297;ITABORAI;Aus�ncia de rea��o do condutor;Colis�o com objeto;Com V�timas Feridas;Pleno dia;Crescente;Nublado;Simples;Curva;N�o;1;0;1;0;0;0;1;1;-22,77120837;-42,92400168;SPRF-RJ;DEL02-RJ;UOP02-DEL02-RJ;;;
730448;08/11/2025;s�bado;15:10:00;PR;369;143;IBIPORA;Manobra de mudan�a de faixa;Colis�o transversal;Com V�timas Feridas;Pleno dia;Crescente;Nublado;Simples;"Interse��o de Vias;Reta";Sim;2;0;0;1;1;0;1;2;-23,29272699;-51,09278798;SPRF-PR;DEL07-PR;UOP01-DEL07-PR;;;
730450;08/11/2025;s�bado;15:55:00;MG;381;424;SABARA;Velocidade Incompat�vel;Colis�o frontal;Com V�timas Feridas;Pleno dia;Decrescente;Nublado;Simples;Curva;N�o;4;0;0;3;0;1;3;3;-19,78796;-43,699156;SPRF-MG;DEL01-MG;UOP01-DEL01-MG;;;
730451;08/11/2025;s�bado;16:15:00;SC;282;520,4;XAXIM;Acumulo de �leo sobre o pavimento;Tombamento;Com V�timas Feridas;Pleno dia;Decrescente;Nublado;Simples;Rotat�ria;Sim;1;0;1;0;0;0;1;1;-26,9493941;-52,5289755;SPRF-SC;DEL07-SC;UOP01-DEL07-SC;;;
730452;08/11/2025;s�bado;15:00:00;GO;60;186;GUAPO;Aus�ncia de rea��o do condutor;Sa�da de leito carro��vel;Sem V�timas;Pleno dia;Decrescente;Nublado;Dupla;"Aclive;Curva";N�o;1;0;0;0;1;0;0;1;-16,80881363;-49,52722549;SPRF-GO;DEL01-GO;UOP02-DEL01-GO;;;
730453;15/10/2025;quarta-feira;19:20:00;PR;369;137;IBIPORA;Acessar a via sem observar a presen�a dos outros ve�culos;Colis�o lateral mesmo sentido;Com V�timas Feridas;Plena Noite;Decrescente;C�u Claro;Simples;Rotat�ria;Sim;2;0;1;0;0;1;1;2;-23,27077;-51,04419;SPRF-PR;DEL07-PR;UOP01-DEL07-PR;;;
730456;08/11/2025;s�bado;16:40:00;GO;40;8;VALPARAISO DE GOIAS;Entrada inopinada do pedestre;Atropelamento de Pedestre;Com V�timas Feridas;Pleno dia;Crescente;Nublado;Dupla;Reta;Sim;2;0;0;1;1;0;1;2;-16,11326012;-47,96948344;SPRF-DF;DEL01-DF;UOP01-DEL01-DF;;;
730457;08/11/2025;s�bado;16:08:00;PR;277;68,8;SAO JOSE DOS PINHAIS;Rea��o tardia ou ineficiente do condutor;Colis�o traseira;Sem V�timas;Pleno dia;Crescente;Sol;Dupla;"Reta;Em Obras";N�o;2;0;0;0;2;0;0;2;-25,51844956;-49,11238566;SPRF-PR;DEL01-PR;UOP01-DEL01-PR;;;
730460;08/11/2025;s�bado;09:20:00;RN;405;154;PAU DOS FERROS;Ultrapassagem Indevida;Colis�o lateral mesmo sentido;Com V�timas Feridas;Pleno dia;Crescente;C�u Claro;Simples;Reta;Sim;2;0;0;1;0;1;1;2;-6,1423112;-38,2051565;SPRF-RN;DEL04-RN;UOP02-DEL04-RN;;;
730461;08/11/2025;s�bado;16:00:00;GO;70;10,8;AGUAS LINDAS DE GOIAS;Rea��o tardia ou ineficiente do condutor;Sa�da de leito carro��vel;Com V�timas Feridas;Pleno dia;Crescente;Garoa/Chuvisco;Dupla;Reta;N�o;1;0;1;0;0;0;1;1;-15,73919;-48,30423;SPRF-DF;DEL03-DF;UOP02-DEL03-DF;;;
730463;08/11/2025;s�bado;15:10:00;CE;116;508,7;MILAGRES;Aus�ncia de rea��o do condutor;Tombamento;Com V�timas Feridas;Pleno dia;Crescente;C�u Claro;Simples;Reta;N�o;1;0;0;1;0;0;1;1;-7,3048;-38,9175;SPRF-CE;DEL05-CE;UOP03-DEL05-CE;;;
730466;08/11/2025;s�bado;16:20:00;SP;116;154;SAO JOSE DOS CAMPOS;Manobra de mudan�a de faixa;Sa�da de leito carro��vel;Com V�timas Feridas;Pleno dia;Decrescente;Nublado;M�ltipla;Reta;Sim;2;0;1;0;0;1;1;2;-23,24107;-45,92228;SPRF-SP;DEL02-SP;UOP01-DEL02-SP;;;
730470;08/11/2025;s�bado;15:25:00;CE;116;17;EUSEBIO;Rea��o tardia ou ineficiente do condutor;Tombamento;Com V�timas Feridas;Pleno dia;Decrescente;C�u Claro;Dupla;Reta;Sim;2;0;1;0;0;1;1;2;-3,9017351;-38,5042866;SPRF-CE;DEL01-CE;UOP02-DEL01-CE;;;
730471;08/11/2025;s�bado;17:35:00;MG;40;661,2;CARANDAI;Objeto est�tico sobre o leito carro��vel;Sa�da de leito carro��vel;Com V�timas Feridas;Pleno dia;Crescente;Chuva;Simples;Curva;N�o;1;0;1;0;0;0;1;1;-20,91010041;-43,82904115;SPRF-MG;DEL05-MG;UOP02-DEL05-MG;;;
730472;08/11/2025;s�bado;17:20:00;GO;70;0;AGUAS LINDAS DE GOIAS;Ingest�o de �lcool pelo condutor;Colis�o traseira;Sem V�timas;Anoitecer;Crescente;Nublado;Dupla;Curva;N�o;2;0;0;0;2;0;0;2;-15,78356;-48,232976;SPRF-DF;DEL03-DF;UOP02-DEL03-DF;;;
730474;08/11/2025;s�bado;18:00:00;SC;280;125;RIO NEGRINHO;Acesso irregular;Colis�o transversal;Com V�timas Feridas;Anoitecer;Crescente;C�u Claro;Simples;Reta;N�o;2;0;1;0;1;0;1;2;-26,24284335;-49,51249687;SPRF-SC;DEL06-SC;UOP03-DEL06-SC;;;
730475;08/11/2025;s�bado;11:00:00;MG;381;578,5;ITAGUARA;Chuva;Sa�da de leito carro��vel;Com V�timas Feridas;Pleno dia;Decrescente;Chuva;Dupla;Curva;N�o;1;0;0;1;0;0;1;1;-20,45387524;-44,56895828;SPRF-MG;DEL04-MG;UOP01-DEL04-MG;;;
730476;08/11/2025;s�bado;15:45:00;RR;174;532;BOA VISTA;Demais falhas mec�nicas ou el�tricas;Tombamento;Com V�timas Feridas;Pleno dia;Crescente;C�u Claro;Simples;Reta;N�o;2;0;1;0;0;1;1;1;3,044722;-60,791852;SPRF-RR;DEL01-RR;UOP01-DEL01-RR;;;
730477;08/11/2025;s�bado;15:55:00;SC;282;612,3;MARAVILHA;Aus�ncia de rea��o do condutor;Inc�ndio;Sem V�timas;Pleno dia;Crescente;Nublado;Simples;Curva;N�o;1;0;0;0;0;1;0;1;-26,7634;-53,252141;SPRF-SC;DEL07-SC;UOP02-DEL07-SC;;;
730478;08/11/2025;s�bado;17:00:00;GO;60;53,6;ABADIANIA;Ingest�o de �lcool pelo condutor;Colis�o com objeto;Com V�timas Fatais;Pleno dia;Decrescente;Nublado;M�ltipla;"Declive;Curva";N�o;1;1;0;0;0;0;0;1;-16,178331;-48,650974;SPRF-GO;DEL02-GO;UOP01-DEL02-GO;;;
730479;08/11/2025;s�bado;16:50:00;AL;101;27,8;JOAQUIM GOMES;Transitar no Acostamento;Atropelamento de Pedestre;Com V�timas Feridas;Pleno dia;Crescente;Nublado;Simples;Reta;N�o;3;0;0;2;0;1;2;2;-9,067828;-35,739643;SPRF-AL;DEL01-AL;UOP02-DEL01-AL;;;
730480;08/11/2025;s�bado;18:00:00;MG;116;462,4;TARUMIRIM;Acessar a via sem observar a presen�a dos outros ve�culos;Colis�o transversal;Com V�timas Feridas;Plena Noite;Decrescente;Nublado;Simples;Reta;N�o;3;0;1;1;1;0;2;2;-19,25377519;-42,05956062;SPRF-MG;DEL06-MG;UOP02-DEL06-MG;;;
730481;08/11/2025;s�bado;18:05:00;PE;316;66;OURICURI;Rea��o tardia ou ineficiente do condutor;Queda de ocupante de ve�culo;Com V�timas Feridas;Anoitecer;Decrescente;C�u Claro;Simples;Reta;N�o;1;0;0;1;0;0;1;1;-7,793528;-40,203967;SPRF-PE;DEL05-PE;UOP02-DEL05-PE;;;
730482;08/11/2025;s�bado;18:35:00;RJ;101;47;CAMPOS DOS GOYTACAZES;Acessar a via sem observar a presen�a dos outros ve�culos;Colis�o traseira;Sem V�timas;Plena Noite;Crescente;Chuva;Simples;Reta;Sim;2;0;0;0;2;0;0;2;-21,61487373;-41,31558895;SPRF-RJ;DEL08-RJ;UOP01-DEL08-RJ;;;
730483;08/11/2025;s�bado;16:45:00;MG;40;787;JUIZ DE FORA;Pista Escorregadia;Colis�o com objeto;Com V�timas Feridas;Pleno dia;Decrescente;Chuva;Dupla;Curva;N�o;2;0;1;0;1;0;1;1;-21,752061;-43,445266;SPRF-MG;DEL05-MG;UOP01-DEL05-MG;;;
730485;08/11/2025;s�bado;16:20:00;MS;463;48,1;PONTA PORA;Acessar a via sem observar a presen�a dos outros ve�culos;Colis�o transversal;Com V�timas Feridas;Pleno dia;Crescente;C�u Claro;Simples;"Interse��o de Vias;Reta";N�o;7;0;2;0;5;0;2;2;-22,35776236;-55,22622647;SPRF-MS;DEL04-MS;UOP03-DEL04-MS;;;
730488;08/11/2025;s�bado;18:18:00;SP;116;209;GUARULHOS;Velocidade Incompat�vel;Colis�o traseira;Com V�timas Feridas;Plena Noite;Decrescente;Nublado;M�ltipla;Reta;Sim;1;0;1;0;0;0;1;1;-23,42662444;-46,40547609;SPRF-SP;DEL01-SP;UOP01-DEL01-SP;;;
730491;08/11/2025;s�bado;18:20:00;SP;116;214;GUARULHOS;Rea��o tardia ou ineficiente do condutor;Engavetamento;Com V�timas Feridas;Anoitecer;Decrescente;Nublado;Dupla;Reta;Sim;3;0;1;0;0;2;1;3;-23,44552959;-46,45057845;SPRF-SP;DEL01-SP;UOP01-DEL01-SP;;;
730492;08/11/2025;s�bado;17:30:00;SC;101;329,4;TUBARAO;Ingest�o de �lcool pelo condutor;Colis�o com objeto;Sem V�timas;Pleno dia;Crescente;Nublado;M�ltipla;Curva;N�o;2;0;0;0;1;1;0;2;-28,45283579;-48,97609591;SPRF-SC;DEL02-SC;UOP01-DEL02-SC;;;
730493;08/11/2025;s�bado;18:40:00;GO;153;490,1;GOIANIA;Pedestre cruzava a pista fora da faixa;Atropelamento de Pedestre;Com V�timas Feridas;Plena Noite;Crescente;Chuva;Dupla;Reta;Sim;2;0;1;0;1;0;1;2;-16,62417914;-49,20608494;SPRF-GO;DEL01-GO;UOP01-DEL01-GO;;;
730494;08/11/2025;s�bado;18:20:00;PI;343;14,6;PARNAIBA;Entrada inopinada do pedestre;Atropelamento de Pedestre;Com V�timas Feridas;Plena Noite;Decrescente;C�u Claro;Dupla;Reta;Sim;2;0;1;0;1;0;1;2;-2,932867;-41,754383;SPRF-PI;DEL05-PI;UOP01-DEL05-PI;;;
730495;08/11/2025;s�bado;18:35:00;MA;10;251,7;IMPERATRIZ;Desrespeitar a prefer�ncia no cruzamento;Colis�o transversal;Com V�timas Feridas;Plena Noite;Decrescente;C�u Claro;Simples;Interse��o de Vias;Sim;2;0;1;1;0;0;2;2;-5,53763;-47,46824;SPRF-MA;DEL04-MA;UOP01-DEL04-MA;;;
730496;08/11/2025;s�bado;14:47:00;RO;364;424;JARU;Acessar a via sem observar a presen�a dos outros ve�culos;Colis�o transversal;Com V�timas Feridas;Pleno dia;Decrescente;C�u Claro;Simples;"Interse��o de Vias;Declive;Reta";Sim;2;0;1;0;1;0;1;2;-10,43862378;-62,47035854;SPRF-RO;DEL03-RO;UOP02-DEL03-RO;;;
730497;08/11/2025;s�bado;18:50:00;MG;262;460,9;BOM DESPACHO;Aus�ncia de rea��o do condutor;Sa�da de leito carro��vel;Com V�timas Feridas;Plena Noite;Decrescente;Nublado;Simples;Curva;N�o;1;0;1;0;0;0;1;1;-19,78514;-45,17249;SPRF-MG;DEL08-MG;UOP03-DEL08-MG;;;
730499;08/11/2025;s�bado;17:45:00;RJ;116;235,8;PIRAI;Rea��o tardia ou ineficiente do condutor;Colis�o com objeto;Com V�timas Feridas;Anoitecer;Decrescente;Garoa/Chuvisco;Dupla;"Aclive;Curva";N�o;4;0;4;0;0;0;4;1;-22,6695019;-43,8564174;SPRF-RJ;DEL07-RJ;UOP01-DEL07-RJ;;;
730501;08/11/2025;s�bado;19:20:00;PB;230;15,3;JOAO PESSOA;Ilumina��o deficiente;Tombamento;Com V�timas Feridas;Plena Noite;Crescente;C�u Claro;Dupla;Curva;Sim;2;0;2;0;0;0;2;1;-7,10215378;-34,84750478;SPRF-PB;DEL01-PB;UOP01-DEL01-PB;;;
730502;08/11/2025;s�bado;18:25:00;PI;343;263,8;CAMPO MAIOR;Transitar na contram�o;Colis�o frontal;Com V�timas Feridas;Plena Noite;Decrescente;C�u Claro;Simples;Reta;Sim;2;0;1;0;1;0;1;2;-4,82393109;-42,16095597;SPRF-PI;DEL01-PI;UOP03-DEL01-PI;;;
730503;08/11/2025;s�bado;19:10:00;SC;101;195,4;BIGUACU;Rea��o tardia ou ineficiente do condutor;Colis�o com objeto;Com V�timas Feridas;Plena Noite;Crescente;Nublado;M�ltipla;Viaduto;Sim;1;0;0;1;0;0;1;1;-27,507397;-48,646792;SPRF-SC;DEL01-SC;UOP01-DEL01-SC;;;
730504;08/11/2025;s�bado;18:20:00;PR;376;187,1;MARIALVA;Aus�ncia de rea��o do condutor;Sa�da de leito carro��vel;Com V�timas Feridas;Pleno dia;Crescente;C�u Claro;Dupla;"Aclive;Reta";N�o;2;0;1;0;1;0;1;1;-23,456862;-51,844881;SPRF-PR;DEL09-PR;UOP01-DEL09-PR;;;
730506;21/09/2025;domingo;20:30:00;SC;101;404;MARACAJA;Pedestre andava na pista;Atropelamento de Pedestre;Com V�timas Feridas;Plena Noite;Decrescente;Chuva;M�ltipla;Reta;N�o;2;0;1;0;1;0;1;2;-28,88750435;-49,46475148;SPRF-SC;DEL02-SC;UOP02-DEL02-SC;;;
730507;08/11/2025;s�bado;19:40:00;RJ;116;185,9;NOVA IGUACU;Manobra de mudan�a de faixa;Colis�o lateral mesmo sentido;Com V�timas Feridas;Plena Noite;Crescente;Nublado;M�ltipla;Reta;Sim;3;0;1;1;1;0;2;2;-22,73965445;-43,46191406;SPRF-RJ;DEL06-RJ;UOP01-DEL06-RJ;;;
730508;08/11/2025;s�bado;19:30:00;MA;135;48;BACABEIRA;Retorno proibido;Colis�o transversal;Com V�timas Fatais;Plena Noite;Decrescente;C�u Claro;Dupla;"Reta;Declive";Sim;2;1;0;0;0;1;0;2;-2,948655;-44,326728;SPRF-MA;DEL01-MA;UOP01-DEL01-MA;;;
730509;08/11/2025;s�bado;19:10:00;PR;277;600,1;CASCAVEL;Acessar a via sem observar a presen�a dos outros ve�culos;Colis�o frontal;Com V�timas Feridas;Plena Noite;Decrescente;C�u Claro;Simples;Interse��o de Vias;Sim;2;0;0;1;1;0;1;2;-25,000177;-53,5233334;SPRF-PR;DEL04-PR;UOP01-DEL04-PR;;;
730510;08/11/2025;s�bado;19:45:00;PE;101;77,5;RECIFE;Condutor deixou de manter dist�ncia do ve�culo da frente;Colis�o traseira;Com V�timas Feridas;Plena Noite;Crescente;C�u Claro;Dupla;Reta;Sim;2;0;1;0;1;0;1;2;-8,131127;-34,945473;SPRF-PE;DEL01-PE;UOP01-DEL01-PE;;;
730511;08/11/2025;s�bado;19:45:00;PR;376;223,9;CAMBIRA;Acessar a via sem observar a presen�a dos outros ve�culos;Colis�o transversal;Com V�timas Feridas;Plena Noite;Crescente;C�u Claro;Dupla;Interse��o de Vias;Sim;4;0;2;0;2;0;2;2;-23,596;-51,5805;SPRF-PR;DEL07-PR;UOP03-DEL07-PR;;;
730513;08/11/2025;s�bado;18:00:00;BA;324;534;CONCEICAO DO JACUIPE;Manobra de mudan�a de faixa;Colis�o lateral mesmo sentido;Sem V�timas;Anoitecer;Decrescente;Ignorado;Dupla;Reta;N�o;2;0;0;0;2;0;0;2;-12,36210106;-38,82259059;SPRF-BA;DEL01-BA;UOP03-DEL01-BA;;;
730514;08/11/2025;s�bado;15:18:00;PR;376;118;ALTO PARANA;Demais falhas mec�nicas ou el�tricas;Queda de ocupante de ve�culo;Com V�timas Feridas;Pleno dia;Crescente;C�u Claro;Dupla;"Reta;Declive";N�o;2;0;2;0;0;0;2;1;-23,11210969;-52,33229256;SPRF-PR;DEL09-PR;UOP02-DEL09-PR;;;
730516;08/11/2025;s�bado;17:10:00;RS;470;233;CARLOS BARBOSA;Velocidade Incompat�vel;Sa�da de leito carro��vel;Com V�timas Feridas;Pleno dia;Decrescente;Nublado;Simples;"Declive;Curva";N�o;1;0;1;0;0;0;1;1;-29,299734;-51,48308;SPRF-RS;DEL06-RS;UOP01-DEL06-RS;;;
730518;08/11/2025;s�bado;19:30:00;PE;101;69,9;RECIFE;Manobra de mudan�a de faixa;Colis�o lateral mesmo sentido;Sem V�timas;Plena Noite;Decrescente;C�u Claro;M�ltipla;"Interse��o de Vias;Reta";Sim;2;0;0;0;2;0;0;2;-8,059917;-34,945592;SPRF-PE;DEL01-PE;UOP01-DEL01-PE;;;
730519;08/11/2025;s�bado;19:30:00;PI;316;31;DEMERVAL LOBAO;Transitar na contram�o;Colis�o frontal;Com V�timas Feridas;Plena Noite;Decrescente;C�u Claro;M�ltipla;Reta;Sim;4;0;3;0;1;0;3;2;-5,35281434;-42,67783061;SPRF-PI;DEL01-PI;UOP02-DEL01-PI;;;
730520;08/11/2025;s�bado;18:00:00;RS;290;578;ALEGRETE;Acessar a via sem observar a presen�a dos outros ve�culos;Colis�o transversal;Sem V�timas;Anoitecer;Decrescente;C�u Claro;Simples;"Interse��o de Vias;Rotat�ria";N�o;6;0;0;0;6;0;0;2;-29,81036464;-55,76529724;SPRF-RS;DEL13-RS;UOP02-DEL13-RS;;;
730521;08/11/2025;s�bado;18:32:00;MT;163;845;SINOP;Ultrapassagem Indevida;Colis�o com objeto;Sem V�timas;Plena Noite;Decrescente;Chuva;Simples;Reta;N�o;4;0;0;0;4;0;0;2;-11,768856;-55,47118;SPRF-MT;DEL06-MT;UOP02-DEL06-MT;;;
730522;08/11/2025;s�bado;19:30:00;PR;373;206,6;IPIRANGA;Ultrapassagem Indevida;Colis�o frontal;Com V�timas Fatais;Plena Noite;Crescente;C�u Claro;Simples;"Aclive;Reta";N�o;6;1;0;5;0;0;5;2;-25,12964;-50,460497;SPRF-PR;DEL03-PR;UOP01-DEL03-PR;;;
730524;08/11/2025;s�bado;19:20:00;SC;101;368,4;ICARA;Demais falhas mec�nicas ou el�tricas;Tombamento;Com V�timas Feridas;Plena Noite;Crescente;Chuva;Dupla;Reta;N�o;2;0;2;0;0;0;2;1;-28,69856324;-49,18941585;SPRF-SC;DEL02-SC;UOP01-DEL02-SC;;;
730525;08/11/2025;s�bado;20:30:00;BA;407;103,4;JAGUARARI;Animais na Pista;Colis�o frontal;Com V�timas Feridas;Plena Noite;Decrescente;C�u Claro;Simples;"Declive;Curva";N�o;2;0;0;2;0;0;2;1;-10,262269;-40,18522;SPRF-BA;DEL04-BA;UOP01-DEL04-BA;;;
730527;25/09/2025;quinta-feira;09:10:00;ES;101;144,9;LINHARES;Objeto est�tico sobre o leito carro��vel;Colis�o traseira;Com V�timas Feridas;Pleno dia;Crescente;Nublado;M�ltipla;Reta;Sim;3;0;1;0;2;0;1;3;-19,3603269;-40,0650771;SPRF-ES;DEL04-ES;UOP01-DEL04-ES;;;
730528;08/11/2025;s�bado;19:18:00;BA;330;800;JEQUIE;Acessar a via sem observar a presen�a dos outros ve�culos;Colis�o transversal;Com V�timas Feridas;Plena Noite;Decrescente;Nublado;Simples;Reta;N�o;3;0;2;0;1;0;2;2;-13,95556644;-39,97000418;SPRF-BA;DEL03-BA;UOP01-DEL03-BA;;;
730529;08/11/2025;s�bado;21:10:00;RS;392;277;SAO SEPE;Aus�ncia de rea��o do condutor;Sa�da de leito carro��vel;Sem V�timas;Plena Noite;Decrescente;C�u Claro;Simples;Curva;N�o;1;0;0;0;1;0;0;1;-30,328891;-53,530952;SPRF-RS;DEL09-RS;UOP02-DEL09-RS;;;
730530;08/11/2025;s�bado;21:00:00;BA;415;50,6;ITABUNA;Aus�ncia de sinaliza��o;Colis�o traseira;Com V�timas Feridas;Plena Noite;Decrescente;C�u Claro;Simples;Reta;Sim;2;0;0;1;1;0;1;2;-14,85029119;-39,35311139;SPRF-BA;DEL05-BA;UOP01-DEL05-BA;;;
730532;08/11/2025;s�bado;18:00:00;RO;364;970;PORTO VELHO;Condutor deixou de manter dist�ncia do ve�culo da frente;Colis�o lateral mesmo sentido;Com V�timas Feridas;Plena Noite;Crescente;C�u Claro;Simples;Reta;N�o;2;0;0;1;1;0;1;2;-9,65988952;-65,73719502;SPRF-RO;DEL01-RO;UOP03-DEL01-RO;;;
730533;08/11/2025;s�bado;18:50:00;SP;116;467;JACUPIRANGA;Rea��o tardia ou ineficiente do condutor;Colis�o traseira;Com V�timas Feridas;Plena Noite;Decrescente;Nublado;Dupla;Reta;N�o;3;0;2;0;1;0;2;2;-24,65076164;-47,93678284;SPRF-SP;DEL05-SP;UOP01-DEL05-SP;;;
730534;06/11/2025;quinta-feira;20:00:00;RJ;493;6;ITABORAI;Rea��o tardia ou ineficiente do condutor;Colis�o com objeto;Com V�timas Feridas;Plena Noite;Crescente;C�u Claro;Simples;"Desvio Tempor�rio;Reta";Sim;1;0;1;0;0;0;1;1;-22,72267376;-42,9510498;SPRF-RJ;DEL02-RJ;UOP02-DEL02-RJ;;;
730536;08/11/2025;s�bado;20:20:00;MG;381;754;TRES CORACOES;Pedestre - Ingest�o de �lcool/ subst�ncias psicoativas;Atropelamento de Pedestre;Com V�timas Feridas;Plena Noite;Crescente;Garoa/Chuvisco;Dupla;Reta;Sim;2;0;0;1;0;1;1;2;-21,6673516;-45,3196958;SPRF-MG;DEL16-MG;UOP02-DEL16-MG;;;
730537;08/11/2025;s�bado;19:30:00;RS;116;149;CAXIAS DO SUL;Condutor desrespeitou a ilumina��o vermelha do sem�foro;Colis�o transversal;Com V�timas Feridas;Plena Noite;Crescente;C�u Claro;M�ltipla;Interse��o de Vias;Sim;3;0;2;0;1;0;2;2;-29,1604276;-51,162471;SPRF-RS;DEL05-RS;UOP01-DEL05-RS;;;
730538;08/11/2025;s�bado;20:38:00;MS;60;421;SIDROLANDIA;Pedestre andava na pista;Atropelamento de Pedestre;Com V�timas Feridas;Plena Noite;Crescente;C�u Claro;Simples;Reta;N�o;2;0;2;0;0;0;2;2;-20,9040527;-54,9383361;SPRF-MS;DEL01-MS;UOP04-DEL01-MS;;;
730539;08/11/2025;s�bado;20:50:00;SP;101;44;UBATUBA;Acessar a via sem observar a presen�a dos outros ve�culos;Colis�o transversal;Com V�timas Feridas;Plena Noite;Crescente;Nublado;Simples;Reta;Sim;3;0;2;1;0;0;3;2;-23,42079129;-45,07080444;SPRF-SP;DEL06-SP;UOP01-DEL06-SP;;;
730540;08/11/2025;s�bado;20:50:00;PE;104;77;CARUARU;Condutor deixou de manter dist�ncia do ve�culo da frente;Colis�o traseira;Com V�timas Feridas;Plena Noite;Crescente;C�u Claro;Simples;Reta;N�o;2;0;1;0;0;1;1;2;-8,37844;-35,98328;SPRF-PE;DEL02-PE;UOP01-DEL02-PE;;;
730543;08/11/2025;s�bado;21:00:00;MT;364;1160;CAMPOS DE JULIO;Aus�ncia de rea��o do condutor;Sa�da de leito carro��vel;Com V�timas Feridas;Plena Noite;Decrescente;C�u Claro;Simples;Reta;N�o;3;0;3;0;0;0;3;1;-13,58492438;-59,07485962;SPRF-MT;DEL04-MT;UOP02-DEL04-MT;;;
730544;08/11/2025;s�bado;18:00:00;SP;116;439;REGISTRO;Rea��o tardia ou ineficiente do condutor;Colis�o com objeto;Com V�timas Feridas;Anoitecer;Decrescente;Nublado;Dupla;Curva;N�o;1;0;0;1;0;0;1;1;-24,45890308;-47,81511633;SPRF-SP;DEL05-SP;UOP01-DEL05-SP;;;
730545;08/11/2025;s�bado;20:40:00;PI;316;298;PICOS;Rea��o tardia ou ineficiente do condutor;Queda de ocupante de ve�culo;Com V�timas Feridas;Plena Noite;Crescente;C�u Claro;Simples;"Declive;Curva";N�o;1;0;0;1;0;0;1;1;-7,030013;-41,556259;SPRF-PI;DEL04-PI;UOP01-DEL04-PI;;;
730547;08/11/2025;s�bado;21:30:00;BA;101;900;CARAVELAS;Condutor deixou de manter dist�ncia do ve�culo da frente;Colis�o traseira;Com V�timas Feridas;Plena Noite;Crescente;Nublado;Simples;Reta;Sim;2;0;1;0;1;0;1;2;-17,729904;-39,7664;SPRF-BA;DEL09-BA;UOP02-DEL09-BA;;;
730548;08/11/2025;s�bado;21:50:00;SE;101;21;MALHADA DOS BOIS;Ingest�o de �lcool pelo condutor;Sa�da de leito carro��vel;Com V�timas Feridas;Plena Noite;Decrescente;C�u Claro;Dupla;Reta;Sim;2;0;1;1;0;0;2;1;-10,37680403;-36,91403802;SPRF-SE;DEL02-SE;UOP02-DEL02-SE;;;
730549;08/11/2025;s�bado;19:35:00;PR;116;207;RIO NEGRO;Velocidade Incompat�vel;Colis�o com objeto;Com V�timas Feridas;Plena Noite;Crescente;Nublado;Simples;Reta;Sim;1;0;1;0;0;0;1;1;-26,080606;-49,770951;SPRF-SC;DEL06-SC;UOP01-DEL06-SC;;;
730550;08/11/2025;s�bado;20:00:00;RJ;101;385;RIO DE JANEIRO;Manobra de mudan�a de faixa;Colis�o lateral mesmo sentido;Com V�timas Feridas;Plena Noite;Crescente;Nublado;M�ltipla;Reta;Sim;6;0;2;0;4;0;2;3;-22,88313404;-43,64117146;SPRF-RJ;DEL03-RJ;UOP01-DEL03-RJ;;;
730551;08/11/2025;s�bado;20:50:00;PR;369;484,3;CORBELIA;Transitar na contram�o;Colis�o frontal;Com V�timas Fatais;Plena Noite;Crescente;C�u Claro;Dupla;Curva;Sim;2;1;1;0;0;0;1;2;-24,79408303;-53,28829257;SPRF-PR;DEL04-PR;UOP03-DEL04-PR;;;
730552;08/11/2025;s�bado;22:05:00;MS;376;115;IVINHEMA;Rea��o tardia ou ineficiente do condutor;Colis�o traseira;Com V�timas Feridas;Plena Noite;Crescente;C�u Claro;Simples;"Reta;Declive";Sim;4;0;0;1;3;0;1;2;-22,307261;-53,847248;SPRF-MS;DEL04-MS;UOP04-DEL04-MS;;;
730555;08/11/2025;s�bado;22:30:00;ES;101;313,2;VILA VELHA;Animais na Pista;Atropelamento de Animal;Com V�timas Feridas;Plena Noite;Crescente;C�u Claro;Dupla;Reta;N�o;1;0;1;0;0;0;1;1;-20,45533709;-40,46342467;SPRF-ES;DEL01-ES;UOP01-DEL01-ES;;;
730556;08/11/2025;s�bado;19:20:00;PR;277;617;CEU AZUL;Condutor deixou de manter dist�ncia do ve�culo da frente;Colis�o traseira;Com V�timas Feridas;Plena Noite;Decrescente;C�u Claro;Simples;Reta;N�o;4;0;0;3;1;0;3;3;-25,07222779;-53,66340637;SPRF-PR;DEL05-PR;UOP02-DEL05-PR;;;
730559;08/11/2025;s�bado;22:10:00;MA;316;258;SANTA INES;Animais na Pista;Atropelamento de Animal;Com V�timas Feridas;Plena Noite;Crescente;C�u Claro;Simples;Reta;Sim;1;0;1;0;0;0;1;1;-3,66018462;-45,3996259;SPRF-MA;DEL02-MA;UOP01-DEL02-MA;;;
730560;08/11/2025;s�bado;23:00:00;ES;101;401;ITAPEMIRIM;Acessar a via sem observar a presen�a dos outros ve�culos;Colis�o transversal;Com V�timas Feridas;Plena Noite;Crescente;Nublado;Simples;Curva;N�o;5;0;2;0;2;1;2;2;-20,88888;-40,98522;SPRF-ES;DEL03-ES;UOP02-DEL03-ES;;;