id;data_inversa;dia_semana;horario;uf;br;km;municipio;causa_acidente;tipo_acidente;classificacao_acidente;fase_dia;sentido_via;condicao_metereologica;tipo_pista;tracado_via;uso_solo;pessoas;mortos;feridos_leves;feridos_graves;ilesos;ignorados;feridos;veiculos;latitude;longitude;regional;delegacia;uop;;;
730561;08/11/2025;s�bado;20:08:00;MT;70;715;CACERES;Acessar a via sem observar a presen�a dos outros ve�culos;Colis�o frontal;Com V�timas Feridas;Plena Noite;Crescente;C�u Claro;Simples;Reta;N�o;5;0;1;0;3;1;1;2;-16,196321;-57,60582;SPRF-MT;DEL03-MT;UOP01-DEL03-MT;;;
730562;08/11/2025;s�bado;22:00:00;DF;251;59;BRASILIA;Rea��o tardia ou ineficiente do condutor;Engavetamento;Com V�timas Feridas;Plena Noite;Decrescente;Chuva;Dupla;Reta;N�o;5;0;1;0;4;0;1;3;-15,97878166;-47,95751095;SPRF-DF;DEL01-DF;UOP01-DEL01-DF;;;
730565;08/11/2025;s�bado;23:55:00;SP;116;276;EMBU DAS ARTES;Pista Escorregadia;Queda de ocupante de ve�culo;Com V�timas Feridas;Plena Noite;Crescente;Garoa/Chuvisco;Dupla;Reta;N�o;3;0;1;0;2;0;1;2;-23,6311428;-46,82145303;SPRF-SP;DEL04-SP;UOP01-DEL04-SP;;;
730566;08/11/2025;s�bado;23:45:00;GO;50;263;CATALAO;Velocidade Incompat�vel;Sa�da de leito carro��vel;Sem V�timas;Plena Noite;Crescente;Nublado;Dupla;Curva;N�o;1;0;0;0;1;0;0;1;-18,05784268;-47,86359206;SPRF-GO;DEL06-GO;UOP01-DEL06-GO;;;
730567;08/11/2025;s�bado;16:30:00;PR;373;243;GUAMIRANGA;Ingest�o de �lcool pelo condutor;Colis�o lateral mesmo sentido;Com V�timas Feridas;Pleno dia;Decrescente;C�u Claro;Simples;"Aclive;Curva";N�o;2;0;1;0;1;0;1;2;-25,196123;-50,780918;SPRF-PR;DEL03-PR;UOP01-DEL03-PR;;;
730568;09/11/2025;domingo;00:01:00;MG;50;16,9;ARAGUARI;Demais falhas mec�nicas ou el�tricas;Inc�ndio;Sem V�timas;Plena Noite;Crescente;Nublado;Dupla;"Aclive;Reta";N�o;1;0;0;0;1;0;0;1;-18,60460139;-48,05419922;SPRF-MG;DEL15-MG;UOP02-DEL15-MG;;;
730569;08/11/2025;s�bado;23:45:00;PE;232;8;RECIFE;Aus�ncia de rea��o do condutor;Sa�da de leito carro��vel;Sem V�timas;Plena Noite;Crescente;C�u Claro;M�ltipla;Reta;Sim;1;0;0;0;0;1;0;1;-8,076373;-34,972245;SPRF-PE;DEL01-PE;UOP01-DEL01-PE;;;
730570;09/11/2025;domingo;00:30:00;SP;116;62;GUARATINGUETA;Aus�ncia de rea��o do condutor;Colis�o com objeto;Sem V�timas;Plena Noite;Crescente;Nublado;Dupla;Reta;N�o;1;0;0;0;0;1;0;1;-22,80664721;-45,17325434;SPRF-SP;DEL08-SP;UOP01-DEL08-SP;;;
730571;09/11/2025;domingo;00:15:00;PR;116;130,9;FAZENDA RIO GRANDE;Transitar na contram�o;Colis�o frontal;Com V�timas Fatais;Plena Noite;Crescente;Nublado;Dupla;Reta;Sim;3;1;0;0;1;1;0;3;-25,6821068;-49,3168713;SPRF-PR;DEL01-PR;UOP03-DEL01-PR;;;
730572;09/11/2025;domingo;00:30:00;ES;101;269,6;SERRA;Acessar a via sem observar a presen�a dos outros ve�culos;Colis�o lateral mesmo sentido;Com V�timas Feridas;Plena Noite;Decrescente;Nublado;M�ltipla;Retorno Regulamentado;Sim;3;0;2;0;1;0;2;2;-20,2231921;-40,2702095;SPRF-ES;DEL02-ES;UOP01-DEL02-ES;;;
730573;09/11/2025;domingo;00:00:00;ES;259;63,6;COLATINA;Aus�ncia de rea��o do condutor;Colis�o transversal;Com V�timas Feridas;Plena Noite;Crescente;C�u Claro;Simples;"Interse��o de Vias;Reta";Sim;3;0;1;0;2;0;1;2;-19,524;-40,704;SPRF-ES;DEL02-ES;UOP01-DEL02-ES;;;
730574;09/11/2025;domingo;01:00:00;SP;116;59;GUARATINGUETA;Aus�ncia de rea��o do condutor;Colis�o traseira;Com V�timas Feridas;Plena Noite;Decrescente;Nublado;Dupla;Reta;N�o;2;0;1;0;1;0;1;1;-22,78643147;-45,15480584;SPRF-SP;DEL08-SP;UOP01-DEL08-SP;;;
730575;08/11/2025;s�bado;23:20:00;PR;369;47;BANDEIRANTES;Rea��o tardia ou ineficiente do condutor;Colis�o lateral sentido oposto;Com V�timas Feridas;Plena Noite;Crescente;C�u Claro;Simples;Reta;N�o;11;0;0;1;10;0;1;3;-23,0984506;-50,305398;SPRF-PR;DEL07-PR;UOP05-DEL07-PR;;;
730576;09/11/2025;domingo;00:38:00;RS;116;247;SAO LEOPOLDO;Rea��o tardia ou ineficiente do condutor;Colis�o com objeto;Sem V�timas;Plena Noite;Crescente;C�u Claro;Dupla;Curva;Sim;2;0;0;0;1;1;0;2;-29,7630423;-51,1531622;SPRF-RS;DEL01-RS;UOP02-DEL01-RS;;;
730577;09/11/2025;domingo;00:20:00;SP;116;98,7;PINDAMONHANGABA;Demais falhas mec�nicas ou el�tricas;Colis�o com objeto;Sem V�timas;Plena Noite;Crescente;Nublado;Simples;"Aclive;Curva";N�o;2;0;0;0;2;0;0;1;-22,9803458;-45,4619713;SPRF-SP;DEL08-SP;UOP01-DEL08-SP;;;
730578;08/11/2025;s�bado;17:15:00;MG;40;746;SANTOS DUMONT;Aus�ncia de rea��o do condutor;Sa�da de leito carro��vel;Com V�timas Feridas;Pleno dia;Decrescente;Chuva;Simples;Curva;N�o;5;0;4;0;1;0;4;2;-21,47287855;-43,55735779;SPRF-MG;DEL05-MG;UOP01-DEL05-MG;;;
730579;09/11/2025;domingo;00:15:00;RS;386;36,5;FREDERICO WESTPHALEN;Acessar a via sem observar a presen�a dos outros ve�culos;Colis�o transversal;Sem V�timas;Plena Noite;Crescente;C�u Claro;Simples;Reta;Sim;2;0;0;0;2;0;0;2;-27,39402167;-53,40179443;SPRF-RS;DEL08-RS;UOP02-DEL08-RS;;;
730580;09/11/2025;domingo;01:00:00;SC;101;138;BALNEARIO CAMBORIU;Rea��o tardia ou ineficiente do condutor;Colis�o frontal;Sem V�timas;Plena Noite;Crescente;C�u Claro;Simples;"Viaduto;Reta";N�o;2;0;0;0;2;0;0;2;-27,02961782;-48,60437393;SPRF-SC;DEL04-SC;UOP03-DEL04-SC;;;
730581;08/11/2025;s�bado;22:00:00;MT;163;684;LUCAS DO RIO VERDE;Aus�ncia de rea��o do condutor;Sa�da de leito carro��vel;Sem V�timas;Plena Noite;Crescente;Garoa/Chuvisco;Simples;Reta;N�o;1;0;0;0;1;0;0;1;-13,098761;-55,947925;SPRF-MT;DEL06-MT;UOP01-DEL06-MT;;;
730582;08/11/2025;s�bado;16:30:00;MG;40;739;SANTOS DUMONT;Chuva;Capotamento;Com V�timas Feridas;Pleno dia;Decrescente;Chuva;Simples;Curva;N�o;1;0;1;0;0;0;1;1;-21,41686915;-43,5633418;SPRF-MG;DEL05-MG;UOP01-DEL05-MG;;;
730583;09/11/2025;domingo;01:25:00;PR;277;72,1;SAO JOSE DOS PINHAIS;Velocidade Incompat�vel;Capotamento;Com V�timas Feridas;Plena Noite;Crescente;C�u Claro;Dupla;Reta;N�o;1;0;1;0;0;0;1;1;-25,50575;-49,14141;SPRF-PR;DEL01-PR;UOP07-DEL01-PR;;;
730584;08/11/2025;s�bado;21:42:00;MT;364;401;CUIABA;Aus�ncia de rea��o do condutor;Colis�o lateral mesmo sentido;Com V�timas Feridas;Plena Noite;Crescente;C�u Claro;M�ltipla;Reta;Sim;3;0;2;0;1;0;2;2;-15,64334943;-56,01559639;SPRF-MT;DEL01-MT;UOP02-DEL01-MT;;;
730586;09/11/2025;domingo;01:40:00;RJ;101;270;RIO BONITO;Condutor Dormindo;Sa�da de leito carro��vel;Com V�timas Feridas;Plena Noite;Decrescente;Garoa/Chuvisco;Dupla;Curva;N�o;3;0;2;0;1;0;2;1;-22,7216153;-42,6920763;SPRF-RJ;DEL02-RJ;UOP03-DEL02-RJ;;;
730587;08/11/2025;s�bado;09:45:00;MG;40;749;SANTOS DUMONT;Aus�ncia de rea��o do condutor;Sa�da de leito carro��vel;Com V�timas Feridas;Pleno dia;Decrescente;Chuva;Simples;Curva;N�o;2;0;1;0;1;0;1;1;-21,49651911;-43,53504181;SPRF-MG;DEL05-MG;UOP01-DEL05-MG;;;
730589;09/11/2025;domingo;01:10:00;MG;116;506,4;UBAPORANGA;Transitar na contram�o;Colis�o frontal;Com V�timas Fatais;Plena Noite;Crescente;Nublado;Simples;Reta;N�o;4;1;1;0;2;0;1;2;-19,617746;-42,110048;SPRF-MG;DEL06-MG;UOP02-DEL06-MG;;;
730591;09/11/2025;domingo;02:45:00;MG;50;28,9;ARAGUARI;Chuva;Sa�da de leito carro��vel;Sem V�timas;Plena Noite;Crescente;Chuva;Dupla;"Aclive;Curva";N�o;1;0;0;0;1;0;0;1;-18,61971571;-48,11011255;SPRF-MG;DEL15-MG;UOP02-DEL15-MG;;;
730592;09/11/2025;domingo;01:45:00;RS;158;111;PALMEIRA DAS MISSOES;Ingest�o de �lcool pelo condutor;Sa�da de leito carro��vel;Com V�timas Feridas;Plena Noite;Decrescente;C�u Claro;Simples;Curva;N�o;1;0;1;0;0;0;1;1;-27,99523508;-53,33308697;SPRF-RS;DEL08-RS;UOP01-DEL08-RS;;;
730593;09/11/2025;domingo;03:00:00;PR;476;117;COLOMBO;Ingest�o de �lcool pelo condutor;Colis�o traseira;Com V�timas Feridas;Plena Noite;Decrescente;C�u Claro;Dupla;"Reta;Declive";Sim;3;0;1;0;2;0;1;2;-25,34795005;-49,17392328;SPRF-PR;DEL01-PR;UOP01-DEL01-PR;;;
730594;09/11/2025;domingo;03:45:00;SP;116;211;GUARULHOS;Acessar a via sem observar a presen�a dos outros ve�culos;Colis�o lateral mesmo sentido;Com V�timas Feridas;Plena Noite;Decrescente;Nublado;M�ltipla;Reta;Sim;2;0;1;0;1;0;1;2;-23,43284361;-46,42024048;SPRF-SP;DEL01-SP;UOP01-DEL01-SP;;;
730596;09/11/2025;domingo;02:10:00;PR;277;681,4;MEDIANEIRA;Ingest�o de �lcool pelo condutor;Colis�o traseira;Com V�timas Fatais;Plena Noite;Crescente;C�u Claro;Dupla;Reta;N�o;2;1;0;0;0;1;0;2;-25,31931226;-54,15942284;SPRF-PR;DEL05-PR;UOP01-DEL05-PR;;;
730597;09/11/2025;domingo;03:00:00;BA;135;133;RIACHAO DAS NEVES;Animais na Pista;Atropelamento de Animal;Com V�timas Feridas;Plena Noite;Crescente;C�u Claro;Simples;Reta;N�o;7;0;5;1;1;0;6;1;-11,84584704;-44,85168457;SPRF-BA;DEL10-BA;UOP01-DEL10-BA;;;
730598;09/11/2025;domingo;03:30:00;GO;50;276,5;CATALAO;Velocidade Incompat�vel;Capotamento;Com V�timas Feridas;Plena Noite;Crescente;Chuva;Dupla;Curva;Sim;1;0;1;0;0;0;1;1;-18,1644015;-47,9102938;SPRF-GO;DEL06-GO;UOP01-DEL06-GO;;;
730599;09/11/2025;domingo;03:22:00;PI;407;425;PICOS;Rea��o tardia ou ineficiente do condutor;Colis�o traseira;Sem V�timas;Pleno dia;Decrescente;C�u Claro;Simples;"Declive;Reta";Sim;2;0;0;0;0;2;0;2;-7,09628198;-41,42186928;SPRF-PI;DEL04-PI;UOP01-DEL04-PI;;;
730600;09/11/2025;domingo;04:00:00;RJ;116;171;RIO DE JANEIRO;Entrada inopinada do pedestre;Atropelamento de Pedestre;Com V�timas Feridas;Plena Noite;Decrescente;Garoa/Chuvisco;M�ltipla;Reta;N�o;2;0;0;1;1;0;1;2;-22,80534122;-43,34489143;SPRF-RJ;DEL06-RJ;UOP01-DEL06-RJ;;;
730601;09/11/2025;domingo;04:11:00;PE;232;4;RECIFE;Velocidade Incompat�vel;Colis�o lateral mesmo sentido;Sem V�timas;Amanhecer;Crescente;Sol;Dupla;"Viaduto;Aclive";N�o;2;0;0;0;0;2;0;2;-8;-34,94126;SPRF-PE;DEL01-PE;UOP01-DEL01-PE;;;
730602;09/11/2025;domingo;02:50:00;GO;364;386,9;SANTA RITA DO ARAGUAIA;Ingest�o de �lcool pelo condutor;Colis�o traseira;Com V�timas Feridas;Plena Noite;Crescente;C�u Claro;Dupla;Reta;Sim;3;0;1;0;2;0;1;2;-17,322862;-53,208623;SPRF-GO;DEL05-GO;UOP01-DEL05-GO;;;
730603;09/11/2025;domingo;04:50:00;ES;101;26;CONCEICAO DA BARRA;Rea��o tardia ou ineficiente do condutor;Sa�da de leito carro��vel;Sem V�timas;Amanhecer;Crescente;C�u Claro;Simples;Reta;N�o;1;0;0;0;0;1;0;1;-18,42424475;-39,93461609;SPRF-ES;DEL04-ES;UOP02-DEL04-ES;;;
730604;09/11/2025;domingo;04:30:00;PB;361;5;PATOS;Ingest�o de �lcool pelo condutor;Colis�o traseira;Com V�timas Feridas;Amanhecer;Decrescente;C�u Claro;Simples;Reta;Sim;4;0;1;1;2;0;2;2;-7,03501779;-37,30525732;SPRF-PB;DEL03-PB;UOP01-DEL03-PB;;;
730606;09/11/2025;domingo;03:15:00;SC;101;336;TUBARAO;Velocidade Incompat�vel;Colis�o traseira;Com V�timas Feridas;Plena Noite;Crescente;Garoa/Chuvisco;M�ltipla;"Aclive;Curva";Sim;2;0;1;0;0;1;1;2;-28,479608;-49,033973;SPRF-SC;DEL02-SC;UOP01-DEL02-SC;;;
730608;09/11/2025;domingo;04:00:00;MS;436;8,5;APARECIDA DO TABOADO;Condutor Dormindo;Sa�da de leito carro��vel;Com V�timas Feridas;Plena Noite;Crescente;C�u Claro;Simples;Reta;N�o;1;0;1;0;0;0;1;1;-20,099177;-51,078067;SPRF-MS;DEL08-MS;UOP01-DEL08-MS;;;
730609;09/11/2025;domingo;04:30:00;PR;376;215,9;JANDAIA DO SUL;Velocidade Incompat�vel;Colis�o com objeto;Com V�timas Feridas;Plena Noite;Crescente;Nublado;Simples;Rotat�ria;Sim;1;0;0;1;0;0;1;1;-23,58819112;-51,64579645;SPRF-PR;DEL09-PR;UOP01-DEL09-PR;;;
730610;09/11/2025;domingo;04:45:00;CE;20;207;BOA VIAGEM;Ingest�o de �lcool pelo condutor;Queda de ocupante de ve�culo;Com V�timas Feridas;Amanhecer;Crescente;C�u Claro;Simples;Reta;N�o;1;0;1;0;0;0;1;1;-5,0975956;-39,7128434;SPRF-CE;DEL02-CE;UOP02-DEL02-CE;;;
730611;09/11/2025;domingo;01:20:00;RR;174;9;BOA VISTA;Transitar na contram�o;Colis�o transversal;Com V�timas Feridas;Plena Noite;Crescente;Nublado;Simples;Reta;N�o;4;0;3;1;0;0;4;2;2,895179;-60,703052;SPRF-RR;DEL01-RR;UOP01-DEL01-RR;;;
730612;09/11/2025;domingo;03:55:00;SP;116;89,4;PINDAMONHANGABA;Pedestre cruzava a pista fora da faixa;Atropelamento de Pedestre;Com V�timas Fatais;Amanhecer;Decrescente;C�u Claro;Dupla;Reta;Sim;3;1;0;0;0;2;0;2;-22,9401454;-45,3813549;SPRF-SP;DEL08-SP;UOP01-DEL08-SP;;;
730614;09/11/2025;domingo;05:10:00;MG;40;676,5;CARANDAI;Chuva;Tombamento;Sem V�timas;Amanhecer;Crescente;Chuva;Simples;Reta;N�o;2;0;0;0;2;0;0;1;-21,01945186;-43,78309099;SPRF-MG;DEL05-MG;UOP02-DEL05-MG;;;
730616;09/11/2025;domingo;05:50:00;MG;40;522,1;CONTAGEM;Aus�ncia de rea��o do condutor;Sa�da de leito carro��vel;Com V�timas Feridas;Amanhecer;Crescente;Garoa/Chuvisco;Dupla;"Declive;Reta";Sim;2;0;2;0;0;0;2;1;-19,8648083;-44,066375;SPRF-MG;DEL01-MG;UOP02-DEL01-MG;;;
730617;09/11/2025;domingo;04:19:00;MG;381;505;BETIM;Aus�ncia de rea��o do condutor;Colis�o com objeto;Sem V�timas;Amanhecer;Decrescente;Chuva;M�ltipla;Reta;N�o;1;0;0;0;1;0;0;1;-20,036203;-44,245308;SPRF-MG;DEL01-MG;UOP03-DEL01-MG;;;
730618;09/11/2025;domingo;04:00:00;SC;101;277,1;IMBITUBA;Rea��o tardia ou ineficiente do condutor;Colis�o traseira;Com V�timas Feridas;Plena Noite;Decrescente;Chuva;M�ltipla;Reta;Sim;2;0;0;1;0;1;1;2;-28,166268;-48,692539;SPRF-SC;DEL02-SC;UOP03-DEL02-SC;;;
730619;09/11/2025;domingo;05:30:00;SC;101;128,7;CAMBORIU;Aus�ncia de rea��o do condutor;Capotamento;Sem V�timas;Pleno dia;Crescente;C�u Claro;Dupla;Reta;N�o;1;0;0;0;1;0;0;1;-26,9778924;-48,68204769;SPRF-SC;DEL04-SC;UOP03-DEL04-SC;;;
730621;09/11/2025;domingo;01:00:00;MG;262;68,8;MATIPO;Rea��o tardia ou ineficiente do condutor;Queda de ocupante de ve�culo;Com V�timas Feridas;Pleno dia;Crescente;C�u Claro;Simples;"Reta;Declive";N�o;1;0;0;1;0;0;1;1;-20,307587;-42,285124;SPRF-MG;DEL06-MG;UOP03-DEL06-MG;;;
730622;09/11/2025;domingo;05:35:00;MG;381;488;BETIM;Pista Escorregadia;Colis�o com objeto;Com V�timas Feridas;Pleno dia;Crescente;Garoa/Chuvisco;M�ltipla;Declive;N�o;4;0;3;0;1;0;3;2;-19,95625;-44,11862;SPRF-MG;DEL01-MG;UOP03-DEL01-MG;;;
730624;09/11/2025;domingo;06:40:00;PB;101;54;SANTA RITA;Aus�ncia de rea��o do condutor;Queda de ocupante de ve�culo;Sem V�timas;Pleno dia;Crescente;C�u Claro;Dupla;Reta;N�o;1;0;0;0;1;0;0;1;-6,95279;-35,091388;SPRF-PB;DEL01-PB;UOP03-DEL01-PB;;;
730626;09/11/2025;domingo;06:30:00;PE;316;29;ARARIPINA;Aus�ncia de rea��o do condutor;Colis�o traseira;Sem V�timas;Pleno dia;Decrescente;C�u Claro;Simples;Reta;N�o;2;0;0;0;2;0;0;2;-7,62004324;-40,47473266;SPRF-PE;DEL05-PE;UOP02-DEL05-PE;;;
730627;09/11/2025;domingo;06:58:00;MG;381;519;IGARAPE;Rea��o tardia ou ineficiente do condutor;Colis�o com objeto;Com V�timas Feridas;Pleno dia;Crescente;Garoa/Chuvisco;Dupla;Curva;N�o;3;0;2;0;1;0;2;1;-20,11345;-44,30823;SPRF-MG;DEL01-MG;UOP03-DEL01-MG;;;
730628;09/11/2025;domingo;07:00:00;MG;381;900,9;CAMBUI;Condutor deixou de manter dist�ncia do ve�culo da frente;Colis�o traseira;Sem V�timas;Pleno dia;Crescente;C�u Claro;M�ltipla;Reta;N�o;2;0;0;0;2;0;0;2;-22,61401087;-46,06395721;SPRF-MG;DEL16-MG;UOP03-DEL16-MG;;;
730629;09/11/2025;domingo;05:05:00;PR;153;17,7;JACAREZINHO;Velocidade Incompat�vel;Colis�o transversal;Com V�timas Feridas;Amanhecer;Crescente;C�u Claro;Simples;Interse��o de Vias;Sim;2;0;1;0;1;0;1;2;-23,14364968;-49,94945733;SPRF-PR;DEL07-PR;UOP04-DEL07-PR;;;
730631;09/11/2025;domingo;06:30:00;PE;232;99;BEZERROS;Acessar a via sem observar a presen�a dos outros ve�culos;Atropelamento de Pedestre;Com V�timas Fatais;Pleno dia;Crescente;C�u Claro;Dupla;Reta;Sim;2;1;0;0;0;1;0;2;-8,239323;-35,745829;SPRF-PE;DEL02-PE;UOP03-DEL02-PE;;;
730632;09/11/2025;domingo;06:30:00;PE;407;128,3;PETROLINA;Ingest�o de �lcool pelo condutor;Colis�o com objeto;Sem V�timas;Pleno dia;Crescente;C�u Claro;Dupla;Rotat�ria;Sim;1;0;0;0;0;1;0;1;-9,3952134;-40,5080814;SPRF-PE;DEL06-PE;UOP01-DEL06-PE;;;
730633;08/11/2025;s�bado;22:00:00;MT;364;444;VARZEA GRANDE;Acumulo de �leo sobre o pavimento;Queda de ocupante de ve�culo;Com V�timas Feridas;Plena Noite;Decrescente;C�u Claro;Simples;Reta;N�o;1;0;1;0;0;0;1;1;-15,643866;-56,20296478;SPRF-MT;DEL01-MT;UOP02-DEL01-MT;;;
730635;09/11/2025;domingo;07:30:00;SP;116;230;SAO PAULO;Ingest�o de �lcool pelo condutor;Colis�o lateral mesmo sentido;Com V�timas Feridas;Pleno dia;Decrescente;C�u Claro;M�ltipla;Reta;Sim;4;0;0;2;2;0;2;2;-23,51286326;-46,57629526;SPRF-SP;DEL01-SP;UOP01-DEL01-SP;;;
730636;05/11/2025;quarta-feira;13:20:00;GO;153;192;URUACU;Demais Fen�menos da natureza;Eventos at�picos;Sem V�timas;Pleno dia;Crescente;Chuva;Simples;Reta;N�o;3;0;0;0;0;3;0;3;-14,46949;-49,156208;SPRF-GO;DEL07-GO;UOP02-DEL07-GO;;;
730638;09/11/2025;domingo;01:20:00;MG;381;357;SAO GONCALO DO RIO ABAIXO;Condutor Dormindo;Sa�da de leito carro��vel;Com V�timas Feridas;Plena Noite;Crescente;Chuva;Simples;Curva;N�o;1;0;1;0;0;0;1;1;-19,856859;-43,225669;SPRF-MG;DEL03-MG;UOP01-DEL03-MG;;;
730639;09/11/2025;domingo;06:00:00;RO;364;433;JARU;Acumulo de areia ou detritos sobre o pavimento;Tombamento;Com V�timas Feridas;Pleno dia;Crescente;C�u Claro;Simples;Reta;N�o;2;0;1;0;1;0;1;1;-10,39447035;-62,53395656;SPRF-RO;DEL03-RO;UOP02-DEL03-RO;;;
730641;09/11/2025;domingo;06:20:00;SC;282;548,3;CHAPECO;Acessar a via sem observar a presen�a dos outros ve�culos;Colis�o lateral mesmo sentido;Com V�timas Feridas;Pleno dia;Crescente;C�u Claro;Simples;Reta;N�o;3;0;1;0;2;0;1;2;-26,96809375;-52,75414569;SPRF-SC;DEL07-SC;UOP01-DEL07-SC;;;
730642;09/11/2025;domingo;06:15:00;PR;277;429,3;VIRMOND;Aus�ncia de rea��o do condutor;Sa�da de leito carro��vel;Sem V�timas;Amanhecer;Decrescente;Nublado;Simples;Curva;N�o;2;0;0;0;2;0;0;1;-25,378932;-52,191933;SPRF-PR;DEL04-PR;UOP02-DEL04-PR;;;
730643;09/11/2025;domingo;06:50:00;MG;381;493;BETIM;Aus�ncia de rea��o do condutor;Colis�o com objeto;Com V�timas Feridas;Pleno dia;Decrescente;C�u Claro;M�ltipla;Reta;Sim;1;0;0;1;0;0;1;1;-19,96588303;-44,17635664;SPRF-MG;DEL01-MG;UOP03-DEL01-MG;;;
730645;09/11/2025;domingo;07:45:00;SC;101;312;LAGUNA;Demais falhas mec�nicas ou el�tricas;Colis�o com objeto;Sem V�timas;Pleno dia;Decrescente;C�u Claro;Dupla;Curva;Sim;1;0;0;0;1;0;0;1;-28,43997443;-48,8119863;SPRF-SC;DEL02-SC;UOP01-DEL02-SC;;;
730646;09/11/2025;domingo;07:30:00;PR;116;118;CURITIBA;Rea��o tardia ou ineficiente do condutor;Colis�o lateral mesmo sentido;Com V�timas Feridas;Pleno dia;Crescente;Nublado;Dupla;Reta;N�o;5;0;1;0;4;0;1;2;-25,569587;-49,31055;SPRF-PR;DEL01-PR;UOP03-DEL01-PR;;;
730648;09/11/2025;domingo;08:15:00;SC;470;45;GASPAR;Ingest�o de �lcool pelo condutor;Tombamento;Com V�timas Feridas;Pleno dia;Decrescente;Nublado;Dupla;Reta;Sim;2;0;2;0;0;0;2;1;-26,86687929;-49,03146744;SPRF-SC;DEL04-SC;UOP01-DEL04-SC;;;
730649;09/11/2025;domingo;08:10:00;PR;116;40;CAMPINA GRANDE DO SUL;Pista Escorregadia;Atropelamento de Pedestre;Com V�timas Feridas;Pleno dia;Decrescente;Garoa/Chuvisco;Dupla;Curva;N�o;2;0;0;1;1;0;1;2;-25,16901964;-48,86648449;SPRF-PR;DEL01-PR;UOP02-DEL01-PR;;;
730650;09/11/2025;domingo;08:40:00;GO;153;433;ANAPOLIS;Avarias e/ou desgaste excessivo no pneu;Tombamento;Com V�timas Feridas;Pleno dia;Crescente;C�u Claro;Dupla;Reta;Sim;2;0;2;0;0;0;2;1;-16,283142;-48,954298;SPRF-GO;DEL02-GO;UOP01-DEL02-GO;;;
730651;09/11/2025;domingo;07:15:00;RR;174;9;BOA VISTA;Acesso irregular;Colis�o frontal;Com V�timas Feridas;Pleno dia;Crescente;C�u Claro;Simples;Reta;N�o;3;0;1;0;2;0;1;2;2,892098;-60,702731;SPRF-RR;DEL01-RR;UOP01-DEL01-RR;;;
730652;09/11/2025;domingo;03:30:00;PE;428;184,3;PETROLINA;Velocidade Incompat�vel;Colis�o com objeto;Sem V�timas;Plena Noite;Crescente;C�u Claro;Dupla;Reta;Sim;1;0;0;0;0;1;0;1;-9,341135;-40,470341;SPRF-PE;DEL06-PE;UOP01-DEL06-PE;;;
730653;20/10/2025;segunda-feira;05:45:00;GO;70;460;ARAGARCAS;Demais falhas mec�nicas ou el�tricas;Inc�ndio;Sem V�timas;Amanhecer;Decrescente;C�u Claro;Simples;Reta;N�o;1;0;0;0;1;0;0;1;-15,90817806;-52,14351654;SPRF-GO;DEL04-GO;UOP02-DEL04-GO;;;
730654;09/11/2025;domingo;07:50:00;MG;40;508;RIBEIRAO DAS NEVES;Demais falhas mec�nicas ou el�tricas;Inc�ndio;Sem V�timas;Pleno dia;Decrescente;C�u Claro;Dupla;Reta;Sim;1;0;0;0;0;1;0;1;-19,7622799;-44,135341;SPRF-MG;DEL02-MG;UOP01-DEL02-MG;;;
730655;09/11/2025;domingo;08:20:00;MG;381;339;BELA VISTA DE MINAS;Velocidade Incompat�vel;Sa�da de leito carro��vel;Sem V�timas;Pleno dia;Decrescente;Nublado;Simples;Curva;N�o;1;0;0;0;1;0;0;1;-19,84212935;-43,09771007;SPRF-MG;DEL03-MG;UOP01-DEL03-MG;;;
730658;07/11/2025;sexta-feira;06:20:00;PR;376;319;ORTIGUEIRA;Velocidade Incompat�vel;Sa�da de leito carro��vel;Com V�timas Feridas;Amanhecer;Decrescente;Sol;Simples;Curva;N�o;1;0;1;0;0;0;1;1;-24,038511;-51,079422;SPRF-PR;DEL07-PR;UOP02-DEL07-PR;;;
730659;09/11/2025;domingo;08:10:00;RN;405;21;MOSSORO;Transitar na contram�o;Colis�o frontal;Com V�timas Fatais;Pleno dia;Crescente;C�u Claro;Simples;Reta;N�o;2;1;0;0;1;0;0;2;-5,25;-37,523;SPRF-RN;DEL04-RN;UOP02-DEL04-RN;;;
730660;09/11/2025;domingo;09:20:00;SC;101;228,2;PALHOCA;Velocidade Incompat�vel;Capotamento;Com V�timas Feridas;Pleno dia;Crescente;Nublado;Dupla;Reta;N�o;1;0;1;0;0;0;1;1;-27,75945867;-48,63102134;SPRF-SC;DEL01-SC;UOP02-DEL01-SC;;;
730662;09/11/2025;domingo;09:40:00;PE;101;69,2;RECIFE;Manobra de mudan�a de faixa;Colis�o lateral mesmo sentido;Com V�timas Feridas;Pleno dia;Crescente;Sol;M�ltipla;Reta;N�o;3;0;2;0;1;0;2;2;-8,06154;-34,94564;SPRF-PE;DEL01-PE;UOP01-DEL01-PE;;;
730663;09/11/2025;domingo;10:00:00;PB;230;510;CAJAZEIRAS;Acessar a via sem observar a presen�a dos outros ve�culos;Colis�o transversal;Com V�timas Feridas;Pleno dia;Crescente;C�u Claro;Simples;Reta;N�o;2;0;1;0;0;1;1;2;-6,88616859;-38,61570096;SPRF-PB;DEL03-PB;UOP03-DEL03-PB;;;
730664;08/11/2025;s�bado;18:20:00;MG;267;62,9;BICAS;Velocidade Incompat�vel;Sa�da de leito carro��vel;Com V�timas Feridas;Plena Noite;Decrescente;Chuva;Simples;Curva;N�o;1;0;0;1;0;0;1;1;-21,733184;-43,0884;SPRF-MG;DEL05-MG;UOP01-DEL05-MG;;;
730665;09/11/2025;domingo;02:00:00;PA;316;230;VISEU;Manobra de mudan�a de faixa;Colis�o frontal;Com V�timas Fatais;Plena Noite;Decrescente;Nevoeiro/Neblina;Simples;Reta;N�o;2;1;0;1;0;0;1;2;-1,69599098;-46,68278642;SPRF-PA;DEL01-PA;UOP04-DEL01-PA;;;