id;data_inversa;dia_semana;horario;uf;br;km;municipio;causa_acidente;tipo_acidente;classificacao_acidente;fase_dia;sentido_via;condicao_metereologica;tipo_pista;tracado_via;uso_solo;pessoas;mortos;feridos_leves;feridos_graves;ilesos;ignorados;feridos;veiculos;latitude;longitude;regional;delegacia;uop;;;
730668;09/11/2025;domingo;10:13:00;PI;343;14,9;PARNAIBA;Acessar a via sem observar a presen�a dos outros ve�culos;Colis�o transversal;Com V�timas Feridas;Pleno dia;Crescente;C�u Claro;Dupla;"Reta;Interse��o de Vias";Sim;5;0;5;0;0;0;5;2;-2,93634053;-41,75502062;SPRF-PI;DEL05-PI;UOP01-DEL05-PI;;;
730669;09/11/2025;domingo;10:25:00;SC;101;134;BALNEARIO CAMBORIU;Acessar a via sem observar a presen�a dos outros ve�culos;Colis�o transversal;Com V�timas Feridas;Pleno dia;Crescente;Nublado;Dupla;Interse��o de Vias;Sim;2;0;1;0;1;0;1;2;-27,00205654;-48,63805024;SPRF-SC;DEL04-SC;UOP03-DEL04-SC;;;
730670;09/11/2025;domingo;10:57:00;PR;476;129,1;CURITIBA;Acessar a via sem observar a presen�a dos outros ve�culos;Colis�o lateral mesmo sentido;Sem V�timas;Pleno dia;Crescente;Nublado;Dupla;"Reta;Aclive";Sim;2;0;0;0;2;0;0;2;-25,44112092;-49,23380105;SPRF-PR;DEL01-PR;UOP01-DEL01-PR;;;
730671;09/11/2025;domingo;10:30:00;PR;277;39;MORRETES;Aus�ncia de rea��o do condutor;Queda de ocupante de ve�culo;Com V�timas Feridas;Pleno dia;Decrescente;C�u Claro;Dupla;Curva;N�o;1;0;1;0;0;0;1;1;-25,579869;-48,862515;SPRF-PR;DEL01-PR;UOP05-DEL01-PR;;;
730673;09/11/2025;domingo;06:47:00;RJ;116;188;NOVA IGUACU;Aus�ncia de rea��o do condutor;Colis�o com objeto;Com V�timas Fatais;Amanhecer;Crescente;Chuva;M�ltipla;Reta;Sim;1;1;0;0;0;0;0;1;-22,73820437;-43,47860662;SPRF-RJ;DEL06-RJ;UOP01-DEL06-RJ;;;
730674;09/11/2025;domingo;10:00:00;PE;316;82,7;OURICURI;Demais falhas mec�nicas ou el�tricas;Inc�ndio;Sem V�timas;Pleno dia;Decrescente;C�u Claro;Simples;Reta;N�o;1;0;0;0;1;0;0;1;-7,873888;-40,087265;SPRF-PE;DEL05-PE;UOP02-DEL05-PE;;;
730676;09/11/2025;domingo;10:27:00;GO;153;500;GOIANIA;Aus�ncia de rea��o do condutor;Colis�o traseira;Com V�timas Feridas;Pleno dia;Crescente;Nublado;Dupla;Reta;Sim;3;0;1;0;2;0;1;2;-16,706275;-49,23094;SPRF-GO;DEL01-GO;UOP01-DEL01-GO;;;
730677;09/11/2025;domingo;11:15:00;SP;153;41,9;ONDA VERDE;Desrespeitar a prefer�ncia no cruzamento;Colis�o transversal;Com V�timas Feridas;Pleno dia;Crescente;C�u Claro;Simples;"Aclive;Interse��o de Vias;Reta";N�o;5;0;1;0;4;0;1;2;-20,636007;-49,338249;SPRF-SP;DEL09-SP;UOP01-DEL09-SP;;;
730679;22/10/2025;quarta-feira;07:20:00;PR;277;720;FOZ DO IGUACU;Objeto est�tico sobre o leito carro��vel;Colis�o com objeto;Sem V�timas;Pleno dia;Decrescente;Ignorado;Dupla;Reta;N�o;1;0;0;0;1;0;0;1;-25,487882;-54,503865;SPRF-PR;DEL05-PR;UOP03-DEL05-PR;;;
730680;09/11/2025;domingo;09:30:00;AM;230;613;HUMAITA;Convers�o proibida;Colis�o traseira;Com V�timas Feridas;Pleno dia;Crescente;C�u Claro;Simples;Reta;Sim;2;0;0;1;1;0;1;2;-7,52030989;-63,03480864;SPRF-AM;DEL02-AM;UOP01-DEL02-AM;;;
730681;09/11/2025;domingo;07:00:00;MA;226;188;PRESIDENTE DUTRA;Velocidade Incompat�vel;Colis�o com objeto;Com V�timas Fatais;Pleno dia;Crescente;C�u Claro;Simples;Reta;N�o;2;2;0;0;0;0;0;1;-5,304775;-44,371938;SPRF-MA;DEL06-MA;UOP01-DEL06-MA;;;
730683;09/11/2025;domingo;11:55:00;PR;277;136;BALSA NOVA;Rea��o tardia ou ineficiente do condutor;Sa�da de leito carro��vel;Com V�timas Feridas;Pleno dia;Decrescente;Nublado;Dupla;"Curva;Declive";N�o;1;0;0;1;0;0;1;1;-25,47233;-49,63301;SPRF-PR;DEL03-PR;UOP03-DEL03-PR;;;
730684;09/11/2025;domingo;11:15:00;BA;324;608;SIMOES FILHO;Mal s�bito do condutor;Tombamento;Com V�timas Feridas;Pleno dia;Crescente;C�u Claro;Dupla;Reta;N�o;1;0;1;0;0;0;1;1;-12,825627;-38,409812;SPRF-BA;DEL01-BA;UOP01-DEL01-BA;;;
730685;09/11/2025;domingo;09:40:00;SC;282;559,8;NOVA ITABERABA;Manobra de mudan�a de faixa;Sa�da de leito carro��vel;Com V�timas Feridas;Pleno dia;Decrescente;C�u Claro;Dupla;Curva;N�o;5;0;2;2;1;0;4;2;-26,928902;-52,843082;SPRF-SC;DEL07-SC;UOP01-DEL07-SC;;;
730689;09/11/2025;domingo;12:20:00;DF;70;10,3;BRASILIA;Manobra de mudan�a de faixa;Colis�o transversal;Com V�timas Feridas;Pleno dia;Crescente;C�u Claro;Dupla;Reta;N�o;2;0;1;0;1;0;1;2;-15,78931124;-48,14685345;SPRF-DF;DEL03-DF;UOP02-DEL03-DF;;;
730690;09/11/2025;domingo;10:00:00;MA;135;188;SAO MATEUS DO MARANHAO;Aus�ncia de rea��o do condutor;Colis�o traseira;Com V�timas Feridas;Pleno dia;Decrescente;C�u Claro;Simples;"Reta;Em Obras;Ponte";Sim;3;0;1;1;0;1;2;3;-4,07759898;-44,47439432;SPRF-MA;DEL03-MA;UOP01-DEL03-MA;;;
730691;09/11/2025;domingo;13:15:00;PE;232;5,9;RECIFE;Condutor deixou de manter dist�ncia do ve�culo da frente;Colis�o traseira;Com V�timas Feridas;Pleno dia;Decrescente;C�u Claro;M�ltipla;Reta;Sim;3;0;1;1;0;1;2;2;-8,07042;-34,95156;SPRF-PE;DEL01-PE;UOP01-DEL01-PE;;;
730692;09/11/2025;domingo;13:30:00;RJ;116;180;MESQUITA;Condutor deixou de manter dist�ncia do ve�culo da frente;Colis�o traseira;Com V�timas Feridas;Pleno dia;Decrescente;Nublado;M�ltipla;Reta;N�o;3;0;2;0;1;0;2;2;-22,76968663;-43,40894077;SPRF-RJ;DEL06-RJ;UOP01-DEL06-RJ;;;
730693;09/11/2025;domingo;07:58:00;MT;163;1060;GUARANTA DO NORTE;Transitar na contram�o;Sa�da de leito carro��vel;Sem V�timas;Pleno dia;Decrescente;C�u Claro;Simples;Reta;N�o;1;0;0;0;0;1;0;1;-9,999447;-54,907365;SPRF-MT;DEL06-MT;UOP03-DEL06-MT;;;
730696;05/11/2025;quarta-feira;09:30:00;SP;116;514,2;CAJATI;Acumulo de �leo sobre o pavimento;Tombamento;Com V�timas Feridas;Pleno dia;Decrescente;Sol;Dupla;"Curva;Declive";N�o;2;0;1;0;1;0;1;1;-24,86238399;-48,21454939;SPRF-SP;DEL05-SP;UOP02-DEL05-SP;;;
730697;09/11/2025;domingo;13:50:00;ES;101;391;RIO NOVO DO SUL;Rea��o tardia ou ineficiente do condutor;Colis�o frontal;Com V�timas Feridas;Pleno dia;Crescente;Chuva;Simples;Curva;N�o;3;0;3;0;0;0;3;2;-20,86556581;-40,89650993;SPRF-ES;DEL03-ES;UOP02-DEL03-ES;;;
730699;09/11/2025;domingo;11:15:00;SP;116;560;BARRA DO TURVO;Rea��o tardia ou ineficiente do condutor;Colis�o lateral mesmo sentido;Com V�timas Feridas;Pleno dia;Decrescente;Chuva;M�ltipla;"Curva;Declive";N�o;3;0;1;0;2;0;1;2;-25,01911766;-48,51103306;SPRF-SP;DEL05-SP;UOP02-DEL05-SP;;;
730701;09/11/2025;domingo;15:10:00;GO;60;97;ANAPOLIS;Velocidade Incompat�vel;Colis�o traseira;Com V�timas Feridas;Pleno dia;Decrescente;C�u Claro;Dupla;Reta;Sim;4;0;3;0;1;0;3;3;-16,378361;-48,949208;SPRF-GO;DEL02-GO;UOP01-DEL02-GO;;;
730702;09/11/2025;domingo;14:30:00;RJ;101;242;SILVA JARDIM;Aus�ncia de rea��o do condutor;Colis�o lateral mesmo sentido;Com V�timas Feridas;Pleno dia;Decrescente;Nublado;Dupla;Reta;N�o;2;0;1;0;1;0;1;2;-22,637905;-42,461781;SPRF-RJ;DEL02-RJ;UOP03-DEL02-RJ;;;
730703;09/11/2025;domingo;15:10:00;MG;262;404,1;IGARATINGA;Demais falhas mec�nicas ou el�tricas;Tombamento;Com V�timas Feridas;Pleno dia;Crescente;Nublado;Dupla;Reta;N�o;2;0;2;0;0;0;2;1;-19,90857514;-44,67301846;SPRF-MG;DEL01-MG;UOP03-DEL01-MG;;;
730704;09/11/2025;domingo;15:00:00;MG;40;506,1;ESMERALDAS;Demais falhas mec�nicas ou el�tricas;Inc�ndio;Sem V�timas;Pleno dia;Crescente;Nublado;Dupla;Reta;N�o;1;0;0;0;1;0;0;1;-19,6742796;-44,3331871;SPRF-MG;DEL02-MG;UOP01-DEL02-MG;;;
730705;09/11/2025;domingo;13:53:00;PR;376;176;MARINGA;Rea��o tardia ou ineficiente do condutor;Colis�o traseira;Sem V�timas;Pleno dia;Crescente;C�u Claro;Dupla;Reta;Sim;2;0;0;0;2;0;0;2;-23,411188;-51,936768;SPRF-PR;DEL09-PR;UOP01-DEL09-PR;;;
730706;09/11/2025;domingo;15:10:00;PR;376;176,2;MARINGA;Rea��o tardia ou ineficiente do condutor;Colis�o lateral mesmo sentido;Sem V�timas;Pleno dia;Crescente;Sol;Dupla;"Interse��o de Vias;Reta";Sim;2;0;0;0;2;0;0;2;-23,41118224;-51,93681177;SPRF-PR;DEL09-PR;UOP01-DEL09-PR;;;
730707;16/10/2025;quinta-feira;18:34:00;PR;116;154;MANDIRITUBA;Aus�ncia de rea��o do condutor;Sa�da de leito carro��vel;Com V�timas Feridas;Plena Noite;Crescente;C�u Claro;Simples;Curva;N�o;1;0;1;0;0;0;1;1;-25,86809484;-49,37697586;SPRF-PR;DEL01-PR;UOP03-DEL01-PR;;;
730708;09/11/2025;domingo;13:30:00;RJ;101;274;TANGUA;Acessar a via sem observar a presen�a dos outros ve�culos;Colis�o transversal;Com V�timas Feridas;Pleno dia;Decrescente;Nublado;Dupla;Reta;N�o;2;0;0;1;1;0;1;2;-22,73249036;-42,71244049;SPRF-RJ;DEL02-RJ;UOP03-DEL02-RJ;;;
730710;09/11/2025;domingo;14:00:00;MG;40;635,3;CONSELHEIRO LAFAIETE;Rea��o tardia ou ineficiente do condutor;Sa�da de leito carro��vel;Com V�timas Feridas;Pleno dia;Decrescente;C�u Claro;Simples;Curva;N�o;1;0;0;1;0;0;1;1;-20,70491;-43,79242;SPRF-MG;DEL05-MG;UOP02-DEL05-MG;;;
730711;09/11/2025;domingo;14:55:00;PB;230;451;SOUSA;Avarias e/ou desgaste excessivo no pneu;Tombamento;Com V�timas Feridas;Pleno dia;Crescente;C�u Claro;Simples;Reta;N�o;2;0;1;1;0;0;2;1;-6,7762;-38,1899;SPRF-PB;DEL03-PB;UOP03-DEL03-PB;;;
730712;09/11/2025;domingo;15:30:00;PE;101;44,8;IGARASSU;Ingest�o de �lcool pelo condutor;Colis�o traseira;Com V�timas Feridas;Pleno dia;Crescente;C�u Claro;Dupla;Reta;Sim;3;0;1;0;2;0;1;3;-7,863808;-34,907668;SPRF-PE;DEL01-PE;UOP02-DEL01-PE;;;
730713;09/11/2025;domingo;16:00:00;RN;304;26;MOSSORO;Mal s�bito do condutor;Queda de ocupante de ve�culo;Com V�timas Feridas;Pleno dia;Crescente;C�u Claro;Simples;Reta;N�o;2;0;1;0;1;0;1;1;-5,082025;-37,333648;SPRF-RN;DEL04-RN;UOP02-DEL04-RN;;;
730715;09/11/2025;domingo;14:45:00;RJ;393;282;VOLTA REDONDA;Manobra de mudan�a de faixa;Colis�o lateral mesmo sentido;Com V�timas Feridas;Pleno dia;Crescente;C�u Claro;Simples;Curva;Sim;3;0;1;1;1;0;2;2;-22,48797486;-44,06341553;SPRF-RJ;DEL05-RJ;UOP04-DEL05-RJ;;;
730716;09/11/2025;domingo;15:40:00;PR;277;38;MORRETES;Manobra de mudan�a de faixa;Colis�o lateral mesmo sentido;Com V�timas Feridas;Pleno dia;Crescente;Garoa/Chuvisco;Dupla;"Aclive;Curva";N�o;5;0;4;0;1;0;4;2;-25,57241643;-48,82048798;SPRF-PR;DEL01-PR;UOP05-DEL01-PR;;;
730717;09/11/2025;domingo;16:00:00;RS;116;226;DOIS IRMAOS;Acessar a via sem observar a presen�a dos outros ve�culos;Sa�da de leito carro��vel;Com V�timas Feridas;Pleno dia;Crescente;C�u Claro;Dupla;Reta;Sim;3;0;1;0;2;0;1;2;-29,59793669;-51,11051965;SPRF-RS;DEL01-RS;UOP02-DEL01-RS;;;
730718;09/11/2025;domingo;14:40:00;ES;101;448,3;MIMOSO DO SUL;Aus�ncia de rea��o do condutor;Queda de ocupante de ve�culo;Com V�timas Feridas;Pleno dia;Crescente;Chuva;Simples;Curva;N�o;1;0;1;0;0;0;1;1;-21,1311171;-41,2791321;SPRF-ES;DEL03-ES;UOP02-DEL03-ES;;;
730719;09/11/2025;domingo;16:00:00;PE;408;65;PAUDALHO;Falta de elemento de conten��o que evite a sa�da do leito carro��vel;Capotamento;Com V�timas Feridas;Pleno dia;Crescente;C�u Claro;Dupla;Curva;N�o;1;0;1;0;0;0;1;1;-7,89241;-35,17442;SPRF-PE;DEL01-PE;UOP01-DEL01-PE;;;
730720;09/11/2025;domingo;15:34:00;MS;60;425;SIDROLANDIA;Aus�ncia de rea��o do condutor;Colis�o lateral mesmo sentido;Com V�timas Feridas;Pleno dia;Crescente;C�u Claro;Simples;Interse��o de Vias;Sim;2;0;0;1;1;0;1;2;-20,940705;-54,964467;SPRF-MS;DEL01-MS;UOP04-DEL01-MS;;;
730721;09/11/2025;domingo;15:50:00;PA;316;14;MARITUBA;Ingest�o de �lcool pelo condutor;Colis�o lateral mesmo sentido;Sem V�timas;Pleno dia;Decrescente;C�u Claro;Dupla;Reta;Sim;2;0;0;0;2;0;0;2;-1,3667338;-48,31683811;SPRF-PA;DEL01-PA;UOP01-DEL01-PA;;;
730724;09/11/2025;domingo;16:45:00;SC;280;28;ARAQUARI;Transitar na contram�o;Colis�o transversal;Com V�timas Feridas;Pleno dia;Decrescente;Nublado;Simples;Reta;Sim;3;0;0;1;2;0;1;2;-26,404103;-48,745228;SPRF-SC;DEL03-SC;UOP03-DEL03-SC;;;
730725;09/11/2025;domingo;05:34:00;MG;40;141;JOAO PINHEIRO;Animais na Pista;Atropelamento de Animal;Com V�timas Feridas;Amanhecer;Decrescente;Nevoeiro/Neblina;Simples;Reta;Sim;1;0;1;0;0;0;1;1;-17,736;-46,191;SPRF-MG;DEL14-MG;UOP01-DEL14-MG;;;
730728;09/11/2025;domingo;15:00:00;RJ;40;98;DUQUE DE CAXIAS;Aus�ncia de rea��o do condutor;Sa�da de leito carro��vel;Com V�timas Feridas;Pleno dia;Crescente;Nublado;Simples;Reta;N�o;2;0;1;0;1;0;1;1;-22,584909;-43,277303;SPRF-RJ;DEL01-RJ;UOP01-DEL01-RJ;;;
730729;09/11/2025;domingo;17:30:00;PE;101;34;ITAPISSUMA;Demais falhas mec�nicas ou el�tricas;Queda de ocupante de ve�culo;Com V�timas Feridas;Plena Noite;Crescente;C�u Claro;Dupla;"Retorno Regulamentado;Reta";N�o;2;0;1;0;1;0;1;1;-7,771653;-34,934842;SPRF-PE;DEL01-PE;UOP02-DEL01-PE;;;
730730;09/11/2025;domingo;17:00:00;ES;101;141;LINHARES;Aus�ncia de rea��o do condutor;Colis�o lateral mesmo sentido;Com V�timas Feridas;Anoitecer;Crescente;Chuva;M�ltipla;Reta;N�o;3;0;1;1;0;1;2;2;-19,3319898;-40,06931663;SPRF-ES;DEL04-ES;UOP01-DEL04-ES;;;
730732;09/11/2025;domingo;17:40:00;RS;285;458,1;IJUI;Acessar a via sem observar a presen�a dos outros ve�culos;Colis�o transversal;Sem V�timas;Pleno dia;Decrescente;C�u Claro;Simples;Curva;Sim;4;0;0;0;4;0;0;2;-28,40727276;-53,90029304;SPRF-RS;DEL10-RS;UOP01-DEL10-RS;;;
730733;09/11/2025;domingo;16:50:00;RS;116;182,7;NOVA PETROPOLIS;Rea��o tardia ou ineficiente do condutor;Sa�da de leito carro��vel;Com V�timas Feridas;Pleno dia;Decrescente;Sol;Simples;Curva;N�o;2;0;1;0;0;1;1;2;-29,37730384;-51,13108895;SPRF-RS;DEL05-RS;UOP02-DEL05-RS;;;
730735;09/11/2025;domingo;17:30:00;PR;277;725;FOZ DO IGUACU;Rea��o tardia ou ineficiente do condutor;Tombamento;Com V�timas Feridas;Anoitecer;Crescente;C�u Claro;Dupla;Viaduto;Sim;1;0;1;0;0;0;1;1;-25,5104489;-54,5501039;SPRF-PR;DEL05-PR;UOP03-DEL05-PR;;;
730736;09/11/2025;domingo;16:45:00;RS;116;245;SAO LEOPOLDO;Condutor deixou de manter dist�ncia do ve�culo da frente;Colis�o traseira;Com V�timas Feridas;Pleno dia;Crescente;C�u Claro;M�ltipla;Reta;Sim;4;0;2;0;2;0;2;2;-29,74978578;-51,15141697;SPRF-RS;DEL01-RS;UOP02-DEL01-RS;;;
730738;09/11/2025;domingo;18:00:00;RN;101;156;GOIANINHA;Manobra de mudan�a de faixa;Colis�o traseira;Com V�timas Feridas;Plena Noite;Crescente;C�u Claro;Dupla;Reta;N�o;2;0;1;0;1;0;1;2;-6,341561;-35,169576;SPRF-RN;DEL01-RN;UOP01-DEL01-RN;;;
730739;09/11/2025;domingo;18:15:00;PR;277;60;SAO JOSE DOS PINHAIS;Entrada inopinada do pedestre;Atropelamento de Pedestre;Com V�timas Feridas;Anoitecer;Crescente;Nublado;M�ltipla;Reta;N�o;3;0;1;0;1;1;1;2;-25,55196647;-49,03657436;SPRF-PR;DEL01-PR;UOP01-DEL01-PR;;;
730740;09/11/2025;domingo;17:30:00;PE;101;70;RECIFE;Aus�ncia de rea��o do condutor;Engavetamento;Com V�timas Feridas;Anoitecer;Crescente;C�u Claro;Dupla;Reta;Sim;7;0;1;0;5;1;1;3;-8,0733085;-34,9431129;SPRF-PE;DEL01-PE;UOP01-DEL01-PE;;;
730742;09/11/2025;domingo;18:21:00;SP;116;200;ARUJA;Trafegar com motocicleta (ou similar) entre as faixas;Colis�o lateral sentido oposto;Com V�timas Feridas;Plena Noite;Crescente;Nublado;Dupla;Reta;Sim;3;0;2;0;1;0;2;2;-23,4029603;-46,3279925;SPRF-SP;DEL01-SP;UOP01-DEL01-SP;;;
730743;09/11/2025;domingo;17:30:00;MG;116;353,2;JAMPRUCA;Pista Escorregadia;Colis�o lateral mesmo sentido;Com V�timas Feridas;Anoitecer;Crescente;Chuva;Simples;Curva;N�o;3;0;1;0;2;0;1;2;-18,409083;-41,819253;SPRF-MG;DEL11-MG;UOP01-DEL11-MG;;;
730747;09/11/2025;domingo;17:15:00;PR;277;112;CAMPO LARGO;Velocidade Incompat�vel;Queda de ocupante de ve�culo;Com V�timas Feridas;Pleno dia;Crescente;C�u Claro;Dupla;Curva;N�o;1;0;0;1;0;0;1;1;-25,433088;-49,417315;SPRF-PR;DEL03-PR;UOP03-DEL03-PR;;;
730748;09/11/2025;domingo;18:00:00;GO;153;31;PORANGATU;Rea��o tardia ou ineficiente do condutor;Queda de ocupante de ve�culo;Com V�timas Feridas;Plena Noite;Crescente;C�u Claro;Simples;Reta;N�o;1;0;1;0;0;0;1;1;-13,1129176;-49,20158386;SPRF-GO;DEL07-GO;UOP01-DEL07-GO;;;
730749;09/11/2025;domingo;16:30:00;GO;80;124,2;BARRO ALTO;Ingest�o de �lcool pelo condutor;Sa�da de leito carro��vel;Com V�timas Feridas;Pleno dia;Crescente;C�u Claro;Simples;Reta;N�o;1;0;0;1;0;0;1;1;-15,037506;-48,891178;SPRF-GO;DEL07-GO;UOP02-DEL07-GO;;;
730751;09/11/2025;domingo;17:48:00;PE;101;70,8;RECIFE;Manobra de mudan�a de faixa;Colis�o lateral mesmo sentido;Com V�timas Feridas;Anoitecer;Crescente;C�u Claro;M�ltipla;Reta;Sim;3;0;0;1;1;1;1;2;-8,07506;-34,9429;SPRF-PE;DEL01-PE;UOP01-DEL01-PE;;;
730752;09/11/2025;domingo;18:30:00;DF;70;16;BRASILIA;Rea��o tardia ou ineficiente do condutor;Colis�o traseira;Com V�timas Feridas;Plena Noite;Decrescente;Ignorado;Dupla;"Interse��o de Vias;Curva";N�o;3;0;1;0;2;0;1;2;-15,796212;-48,195817;SPRF-DF;DEL03-DF;UOP02-DEL03-DF;;;
730753;09/11/2025;domingo;19:00:00;BA;415;48;ITABUNA;Transitar no Acostamento;Colis�o lateral mesmo sentido;Com V�timas Feridas;Plena Noite;Crescente;C�u Claro;Simples;Reta;Sim;3;0;2;0;0;1;2;2;-14,82012763;-39,30610076;SPRF-BA;DEL05-BA;UOP01-DEL05-BA;;;
730754;09/11/2025;domingo;18:20:00;PI;343;49;BURITI DOS LOPES;Acesso irregular;Colis�o traseira;Com V�timas Feridas;Plena Noite;Decrescente;C�u Claro;Simples;Reta;N�o;2;0;0;1;0;1;1;2;-3,17899661;-41,86114937;SPRF-PI;DEL05-PI;UOP01-DEL05-PI;;;
730755;09/11/2025;domingo;18:30:00;PE;101;21,8;GOIANA;Defici�ncia do Sistema de Ilumina��o/Sinaliza��o;Colis�o traseira;Com V�timas Fatais;Plena Noite;Crescente;Nublado;Dupla;Reta;N�o;5;1;0;1;3;0;1;4;-7,674655;-34,9294066;SPRF-PE;DEL01-PE;UOP02-DEL01-PE;;;
730756;09/11/2025;domingo;18:57:00;PB;230;291;SANTA LUZIA;Desrespeitar a prefer�ncia no cruzamento;Colis�o transversal;Com V�timas Feridas;Plena Noite;Decrescente;C�u Claro;Simples;Reta;Sim;2;0;1;0;1;0;1;2;-6,87095561;-36,91208839;SPRF-PB;DEL03-PB;UOP01-DEL03-PB;;;
730757;09/11/2025;domingo;19:10:00;RS;116;266;CANOAS;Desvio tempor�rio;Colis�o com objeto;Com V�timas Feridas;Plena Noite;Crescente;C�u Claro;Dupla;Interse��o de Vias;N�o;2;0;1;0;1;0;1;1;-29,9283894;-51,1775632;SPRF-RS;DEL01-RS;UOP01-DEL01-RS;;;
730758;09/11/2025;domingo;19:00:00;PB;230;25;JOAO PESSOA;Rea��o tardia ou ineficiente do condutor;Tombamento;Com V�timas Feridas;Plena Noite;Decrescente;C�u Claro;M�ltipla;Reta;Sim;1;0;0;1;0;0;1;1;-7,170732;-34,869009;SPRF-PB;DEL01-PB;UOP01-DEL01-PB;;;
730760;09/11/2025;domingo;18:20:00;PE;232;510,9;SALGUEIRO;Ingest�o de �lcool pelo condutor;Colis�o traseira;Com V�timas Feridas;Plena Noite;Decrescente;C�u Claro;Simples;Reta;Sim;2;0;0;1;1;0;1;2;-8,069768;-39,145555;SPRF-PE;DEL05-PE;UOP01-DEL05-PE;;;
730762;09/11/2025;domingo;19:00:00;MG;116;115;ITAOBIM;Aus�ncia de rea��o do condutor;Tombamento;Com V�timas Feridas;Plena Noite;Decrescente;Nublado;Simples;Reta;Sim;1;0;1;0;0;0;1;1;-16,56593533;-41,50476276;SPRF-MG;DEL11-MG;UOP02-DEL11-MG;;;
730763;09/11/2025;domingo;19:10:00;ES;101;208;IBIRACU;Animais na Pista;Atropelamento de Animal;Com V�timas Feridas;Plena Noite;Crescente;Nublado;Simples;Curva;N�o;5;0;2;0;3;0;2;2;-19,78271;-40,371653;SPRF-ES;DEL02-ES;UOP01-DEL02-ES;;;
730764;09/11/2025;domingo;19:20:00;BA;116;413;FEIRA DE SANTANA;Ingest�o de �lcool pelo condutor;Colis�o transversal;Com V�timas Feridas;Plena Noite;Crescente;C�u Claro;Dupla;"Interse��o de Vias;Declive";Sim;3;0;0;1;1;1;1;3;-12,15315251;-38,96483504;SPRF-BA;DEL02-BA;UOP01-DEL02-BA;;;
730766;09/11/2025;domingo;19:20:00;MG;381;488;BETIM;Rea��o tardia ou ineficiente do condutor;Queda de ocupante de ve�culo;Com V�timas Feridas;Plena Noite;Decrescente;C�u Claro;Dupla;Curva;Sim;1;0;1;0;0;0;1;1;-19,95791803;-44,12094018;SPRF-MG;DEL01-MG;UOP03-DEL01-MG;;;
730767;09/11/2025;domingo;17:40:00;PR;163;79,8;PLANALTO;Velocidade Incompat�vel;Sa�da de leito carro��vel;Com V�timas Feridas;Anoitecer;Crescente;C�u Claro;Simples;Curva;N�o;1;0;0;1;0;0;1;1;-25,729517;-53,78516;SPRF-PR;DEL02-PR;UOP02-DEL02-PR;;;
730768;09/11/2025;domingo;19:50:00;MG;40;621;CONSELHEIRO LAFAIETE;Velocidade Incompat�vel;Colis�o traseira;Com V�timas Feridas;Plena Noite;Decrescente;C�u Claro;Dupla;"Aclive;Reta";N�o;3;0;2;0;1;0;2;2;-20,593594;-43,804014;SPRF-MG;DEL05-MG;UOP02-DEL05-MG;;;
730769;09/11/2025;domingo;18:10:00;MG;116;115;ITAOBIM;Aus�ncia de rea��o do condutor;Colis�o traseira;Com V�timas Feridas;Plena Noite;Decrescente;Nublado;Simples;Reta;Sim;3;0;1;0;2;0;1;2;-16,56601;-41,504719;SPRF-MG;DEL11-MG;UOP02-DEL11-MG;;;
730770;09/11/2025;domingo;11:40:00;SC;101;272,9;IMBITUBA;Aus�ncia de rea��o do condutor;Tombamento;Com V�timas Feridas;Pleno dia;Decrescente;Nublado;Simples;Viaduto;N�o;2;0;2;0;0;0;2;1;-28,130376;-48,693716;SPRF-SC;DEL02-SC;UOP03-DEL02-SC;;;
730771;09/11/2025;domingo;19:00:00;GO;414;363;COCALZINHO DE GOIAS;Rea��o tardia ou ineficiente do condutor;Eventos at�picos;Com V�timas Feridas;Plena Noite;Crescente;Ignorado;Simples;Reta;N�o;2;0;1;0;1;0;1;1;-15,717803;-48,696026;SPRF-GO;DEL02-GO;UOP01-DEL02-GO;;;
730772;09/11/2025;domingo;19:07:00;MS;158;7;CASSILANDIA;Ingest�o de �lcool pelo condutor;Sa�da de leito carro��vel;Com V�timas Feridas;Pleno dia;Crescente;C�u Claro;Simples;Reta;N�o;2;0;0;2;0;0;2;1;-19,133594;-51,70058;SPRF-MS;DEL08-MS;UOP01-DEL08-MS;;;
730773;09/11/2025;domingo;19:50:00;SC;280;24,3;ARAQUARI;Entrada inopinada do pedestre;Atropelamento de Pedestre;Com V�timas Feridas;Plena Noite;Crescente;Nublado;Simples;Reta;Sim;2;0;1;0;1;0;1;2;-26,380325;-48,723038;SPRF-SC;DEL03-SC;UOP03-DEL03-SC;;;
730774;09/11/2025;domingo;19:39:00;MS;158;32;PARANAIBA;Rea��o tardia ou ineficiente do condutor;Colis�o traseira;Com V�timas Feridas;Plena Noite;Decrescente;Ignorado;Simples;Reta;N�o;2;0;0;1;1;0;1;2;-19,39783251;-51,42386913;SPRF-MS;DEL08-MS;UOP01-DEL08-MS;;;
730775;09/11/2025;domingo;20:50:00;ES;101;183,5;ARACRUZ;Aus�ncia de rea��o do condutor;Tombamento;Com V�timas Feridas;Plena Noite;Decrescente;Chuva;Simples;"Aclive;Curva";N�o;2;0;2;0;0;0;2;1;-19,65177277;-40,23161924;SPRF-ES;DEL04-ES;UOP01-DEL04-ES;;;
730776;09/11/2025;domingo;20:40:00;BA;116;452,8;ANTONIO CARDOSO;Aus�ncia de rea��o do condutor;Capotamento;Com V�timas Feridas;Plena Noite;Decrescente;C�u Claro;Dupla;Reta;N�o;2;0;1;1;0;0;2;1;-12,3707372;-39,10992623;SPRF-BA;DEL02-BA;UOP01-DEL02-BA;;;