id;data_inversa;dia_semana;horario;uf;br;km;municipio;causa_acidente;tipo_acidente;classificacao_acidente;fase_dia;sentido_via;condicao_metereologica;tipo_pista;tracado_via;uso_solo;pessoas;mortos;feridos_leves;feridos_graves;ilesos;ignorados;feridos;veiculos;latitude;longitude;regional;delegacia;uop;;;
730777;09/11/2025;domingo;20:30:00;MG;381;862,2;POUSO ALEGRE;Rea��o tardia ou ineficiente do condutor;Tombamento;Com V�timas Feridas;Plena Noite;Crescente;Nublado;Dupla;Curva;N�o;1;0;1;0;0;0;1;1;-22,333196;-45,92060924;SPRF-MG;DEL16-MG;UOP01-DEL16-MG;;;
730778;09/11/2025;domingo;19:30:00;PI;343;286,7;ALTOS;Animais na Pista;Atropelamento de Animal;Com V�timas Feridas;Plena Noite;Crescente;C�u Claro;Simples;Reta;N�o;1;0;1;0;0;0;1;1;-4,939178;-42,319018;SPRF-PI;DEL01-PI;UOP03-DEL01-PI;;;
730779;09/11/2025;domingo;21:00:00;BA;101;895;CARAVELAS;Velocidade Incompat�vel;Sa�da de leito carro��vel;Com V�timas Feridas;Plena Noite;Decrescente;Nublado;Simples;Curva;N�o;3;0;3;0;0;0;3;1;-17,69228981;-39,77453327;SPRF-BA;DEL09-BA;UOP02-DEL09-BA;;;
730780;09/11/2025;domingo;17:00:00;SC;282;433,9;VARGEM BONITA;Demais falhas mec�nicas ou el�tricas;Colis�o frontal;Com V�timas Feridas;Pleno dia;Crescente;C�u Claro;Simples;Reta;N�o;8;0;2;0;6;0;2;3;-26,97738132;-51,82414977;SPRF-SC;DEL07-SC;UOP04-DEL07-SC;;;
730781;09/11/2025;domingo;18:00:00;RS;116;37;VACARIA;Condutor deixou de manter dist�ncia do ve�culo da frente;Colis�o traseira;Sem V�timas;Anoitecer;Decrescente;C�u Claro;Dupla;"Retorno Regulamentado;Reta;Rotat�ria;Interse��o de Vias";Sim;7;0;0;0;7;0;0;3;-28,50068746;-50,91972113;SPRF-RS;DEL05-RS;UOP03-DEL05-RS;;;
730782;09/11/2025;domingo;20:00:00;PI;316;5,9;TERESINA;Transtornos Mentais (exceto suicidio);Queda de ocupante de ve�culo;Com V�timas Feridas;Plena Noite;Crescente;C�u Claro;M�ltipla;Curva;Sim;2;0;1;0;1;0;1;1;-5,14642;-42,77474;SPRF-PI;DEL01-PI;UOP02-DEL01-PI;;;
730783;09/11/2025;domingo;18:30:00;MT;70;255;POXOREU;Ingest�o de �lcool pelo condutor;Colis�o traseira;Com V�timas Feridas;Plena Noite;Decrescente;C�u Claro;Simples;Reta;N�o;4;0;3;0;1;0;3;2;-15,6268783;-54,154253;SPRF-MT;DEL05-MT;UOP01-DEL05-MT;;;
730785;09/11/2025;domingo;18:50:00;SC;280;227;TRES BARRAS;Rea��o tardia ou ineficiente do condutor;Colis�o traseira;Com V�timas Feridas;Anoitecer;Crescente;Nublado;Simples;Reta;N�o;4;0;2;0;2;0;2;2;-26,18179726;-50,32740204;SPRF-SC;DEL06-SC;UOP04-DEL06-SC;;;
730786;09/11/2025;domingo;19:40:00;SC;101;372;ICARA;Aus�ncia de rea��o do condutor;Sa�da de leito carro��vel;Com V�timas Feridas;Plena Noite;Crescente;C�u Claro;Dupla;Reta;N�o;1;0;1;0;0;0;1;1;-28,71424399;-49,22047533;SPRF-SC;DEL02-SC;UOP01-DEL02-SC;;;
730787;09/11/2025;domingo;20:15:00;RN;304;90,3;ACU;Ultrapassagem Indevida;Colis�o frontal;Com V�timas Feridas;Plena Noite;Crescente;Nublado;Simples;"Reta;Declive";N�o;9;0;9;0;0;0;9;2;-5,531434;-37,098383;SPRF-RN;DEL04-RN;UOP01-DEL04-RN;;;
730788;09/11/2025;domingo;18:30:00;RJ;40;2;COMENDADOR LEVY GASPARIAN;Rea��o tardia ou ineficiente do condutor;Queda de ocupante de ve�culo;Com V�timas Feridas;Plena Noite;Crescente;Nublado;Dupla;Reta;N�o;2;0;2;0;0;0;2;1;-22,00868216;-43,24360078;SPRF-RJ;DEL05-RJ;UOP02-DEL05-RJ;;;
730789;09/11/2025;domingo;20:35:00;RO;364;205,4;PIMENTA BUENO;Ingest�o de �lcool pelo condutor;Colis�o frontal;Com V�timas Feridas;Plena Noite;Crescente;C�u Claro;Simples;"Declive;Reta";N�o;5;0;0;1;3;1;1;3;-11,611248;-61,219205;SPRF-RO;DEL02-RO;UOP02-DEL02-RO;;;
730791;09/11/2025;domingo;21:50:00;ES;101;42;CONCEICAO DA BARRA;Condutor deixou de manter dist�ncia do ve�culo da frente;Colis�o traseira;Com V�timas Feridas;Plena Noite;Crescente;Chuva;Simples;Reta;N�o;2;0;1;0;0;1;1;2;-18,5184682;-39,9128996;SPRF-ES;DEL04-ES;UOP02-DEL04-ES;;;
730792;09/11/2025;domingo;20:30:00;MG;459;87,4;CONGONHAL;Condutor deixou de manter dist�ncia do ve�culo da frente;Colis�o traseira;Com V�timas Feridas;Plena Noite;Crescente;C�u Claro;Simples;Reta;Sim;4;0;1;0;3;0;1;2;-22,15097;-46,045073;SPRF-MG;DEL09-MG;UOP01-DEL09-MG;;;
730794;09/11/2025;domingo;20:50:00;MG;262;781;UBERABA;Estacionar ou parar em local proibido;Sa�da de leito carro��vel;Com V�timas Feridas;Plena Noite;Crescente;C�u Claro;Simples;Declive;N�o;2;0;1;0;0;1;1;1;-19,7132288;-47,9854592;SPRF-MG;DEL13-MG;UOP01-DEL13-MG;;;
730796;09/11/2025;domingo;21:11:00;SP;116;158,5;JACAREI;Avarias e/ou desgaste excessivo no pneu;Tombamento;Com V�timas Feridas;Plena Noite;Crescente;C�u Claro;Dupla;"Reta;Declive";Sim;2;0;2;0;0;0;2;1;-23,261283;-45,953043;SPRF-SP;DEL02-SP;UOP01-DEL02-SP;;;
730798;09/11/2025;domingo;18:45:00;PR;373;242;GUAMIRANGA;Rea��o tardia ou ineficiente do condutor;Capotamento;Sem V�timas;Anoitecer;Crescente;C�u Claro;Simples;Reta;N�o;1;0;0;0;0;1;0;1;-25,1964378;-50,7802763;SPRF-PR;DEL03-PR;UOP01-DEL03-PR;;;
730800;09/11/2025;domingo;21:40:00;ES;262;165,8;IBATIBA;Demais falhas mec�nicas ou el�tricas;Inc�ndio;Sem V�timas;Plena Noite;Decrescente;Chuva;Simples;Reta;N�o;1;0;0;0;1;0;0;1;-20,26264524;-41,56990235;SPRF-ES;DEL01-ES;UOP02-DEL01-ES;;;
730802;09/11/2025;domingo;22:20:00;ES;101;297;VIANA;Manobra de mudan�a de faixa;Sa�da de leito carro��vel;Com V�timas Feridas;Plena Noite;Crescente;Garoa/Chuvisco;Dupla;Curva;Sim;2;0;2;0;0;0;2;1;-20,351073;-40,41326;SPRF-ES;DEL01-ES;UOP01-DEL01-ES;;;
730803;09/11/2025;domingo;20:10:00;SC;282;501,3;XANXERE;Acessar a via sem observar a presen�a dos outros ve�culos;Colis�o transversal;Com V�timas Feridas;Plena Noite;Crescente;C�u Claro;Dupla;"Retorno Regulamentado;Reta";Sim;4;0;3;1;0;0;4;2;-26,8824594;-52,38148212;SPRF-SC;DEL07-SC;UOP01-DEL07-SC;;;
730804;09/11/2025;domingo;22:20:00;SC;101;77,7;ARAQUARI;Avarias e/ou desgaste excessivo no pneu;Tombamento;Com V�timas Feridas;Plena Noite;Crescente;Nublado;Dupla;Reta;N�o;2;0;2;0;0;0;2;1;-26,57582808;-48,72281877;SPRF-SC;DEL03-SC;UOP02-DEL03-SC;;;
730805;09/11/2025;domingo;22:30:00;SP;116;288;ITAPECERICA DA SERRA;Aus�ncia de rea��o do condutor;Tombamento;Com V�timas Feridas;Plena Noite;Crescente;Garoa/Chuvisco;Simples;"Reta;Rotat�ria";N�o;1;0;1;0;0;0;1;1;-23,709817;-46,871788;SPRF-SP;DEL04-SP;UOP01-DEL04-SP;;;
730806;09/11/2025;domingo;16:40:00;PA;163;102;ALTAMIRA;Ingest�o de �lcool pelo condutor;Sa�da de leito carro��vel;Com V�timas Feridas;Plena Noite;Crescente;C�u Claro;Simples;Reta;N�o;2;0;1;1;0;0;2;1;-8,73344;-54,970083;SPRF-MT;DEL06-MT;UOP03-DEL06-MT;;;
730807;09/11/2025;domingo;21:53:00;MS;163;682,4;RIO VERDE DE MATO GROSSO;Aus�ncia de rea��o do condutor;Colis�o traseira;Sem V�timas;Plena Noite;Crescente;C�u Claro;Simples;"Declive;Reta";Sim;4;0;0;0;3;1;0;2;-18,89807953;-54,84296177;SPRF-MS;DEL06-MS;UOP02-DEL06-MS;;;
730808;09/11/2025;domingo;23:10:00;RS;116;150,2;CAXIAS DO SUL;Rea��o tardia ou ineficiente do condutor;Colis�o traseira;Sem V�timas;Plena Noite;Crescente;C�u Claro;Dupla;Reta;Sim;2;0;0;0;2;0;0;2;-29,1709444;-51,1599447;SPRF-RS;DEL05-RS;UOP01-DEL05-RS;;;
730809;09/11/2025;domingo;20:30:00;MG;365;473;PATROCINIO;Condutor deixou de manter dist�ncia do ve�culo da frente;Colis�o traseira;Com V�timas Feridas;Plena Noite;Crescente;Nublado;Simples;"Aclive;Reta";Sim;3;0;1;0;2;0;1;2;-18,923802;-46,995891;SPRF-MG;DEL10-MG;UOP01-DEL10-MG;;;
730810;09/11/2025;domingo;17:00:00;PI;230;199;OEIRAS;Ingest�o de �lcool pelo condutor;Colis�o lateral mesmo sentido;Com V�timas Feridas;Plena Noite;Crescente;C�u Claro;Simples;Curva;Sim;3;0;1;1;1;0;2;2;-7,019907;-42,145312;SPRF-PI;DEL04-PI;UOP01-DEL04-PI;;;
730811;09/11/2025;domingo;23:30:00;SP;116;284;ITAPECERICA DA SERRA;Velocidade Incompat�vel;Capotamento;Sem V�timas;Plena Noite;Decrescente;Nublado;Dupla;Curva;Sim;1;0;0;0;0;1;0;1;-23,68371025;-46,85882803;SPRF-SP;DEL04-SP;UOP01-DEL04-SP;;;
730812;09/11/2025;domingo;21:45:00;MG;116;674,6;MIRADOURO;Ingest�o de �lcool pelo condutor;Sa�da de leito carro��vel;Sem V�timas;Plena Noite;Crescente;Nublado;Simples;Curva;N�o;1;0;0;0;1;0;0;1;-20,90394687;-42,35114492;SPRF-MG;DEL07-MG;UOP02-DEL07-MG;;;
730813;09/11/2025;domingo;22:00:00;RJ;101;387;RIO DE JANEIRO;Aus�ncia de rea��o do condutor;Colis�o traseira;Com V�timas Feridas;Plena Noite;Crescente;Chuva;M�ltipla;Reta;Sim;2;0;1;0;1;0;1;2;-22,8834593;-43,64258464;SPRF-RJ;DEL03-RJ;UOP01-DEL03-RJ;;;
730814;09/11/2025;domingo;17:30:00;MS;158;295;TRES LAGOAS;Aus�ncia de rea��o do condutor;Sa�da de leito carro��vel;Com V�timas Feridas;Anoitecer;Crescente;C�u Claro;Dupla;"Reta;Declive";N�o;1;0;1;0;0;0;1;1;-20,931171;-51,817765;SPRF-MS;DEL07-MS;UOP01-DEL07-MS;;;
730815;09/11/2025;domingo;22:56:00;PB;101;12;MAMANGUAPE;Ingest�o de �lcool pelo condutor;Tombamento;Com V�timas Feridas;Plena Noite;Decrescente;C�u Claro;Dupla;Em Obras;N�o;2;0;2;0;0;0;2;1;-6,60105208;-35,14314959;SPRF-PB;DEL01-PB;UOP03-DEL01-PB;;;
730818;09/11/2025;domingo;23:25:00;SP;116;432;REGISTRO;Animais na Pista;Atropelamento de Animal;Com V�timas Fatais;Plena Noite;Decrescente;Nevoeiro/Neblina;Dupla;Reta;N�o;1;1;0;0;0;0;0;1;-24,416305;-47,761432;SPRF-SP;DEL05-SP;UOP01-DEL05-SP;;;
730819;09/11/2025;domingo;23:40:00;RS;116;142;CAXIAS DO SUL;Condutor desrespeitou a ilumina��o vermelha do sem�foro;Colis�o transversal;Sem V�timas;Plena Noite;Decrescente;C�u Claro;M�ltipla;Rotat�ria;Sim;2;0;0;0;2;0;0;2;-29,11878498;-51,11683911;SPRF-RS;DEL05-RS;UOP01-DEL05-RS;;;
730820;09/11/2025;domingo;23:20:00;SC;101;138;BALNEARIO CAMBORIU;Ingest�o de �lcool pelo condutor;Sa�da de leito carro��vel;Sem V�timas;Plena Noite;Crescente;Nublado;Dupla;Reta;Sim;1;0;0;0;1;0;0;1;-27,02867944;-48,60316627;SPRF-SC;DEL04-SC;UOP03-DEL04-SC;;;
730821;09/11/2025;domingo;20:30:00;RJ;40;116;DUQUE DE CAXIAS;Entrada inopinada do pedestre;Atropelamento de Pedestre;Com V�timas Fatais;Pleno dia;Crescente;C�u Claro;Dupla;Reta;Sim;2;1;0;0;1;0;0;2;-22,740145;-43,288205;SPRF-RJ;DEL01-RJ;UOP02-DEL01-RJ;;;
730823;09/11/2025;domingo;23:40:00;BA;324;618;SALVADOR;Demais falhas mec�nicas ou el�tricas;Colis�o com objeto;Com V�timas Feridas;Plena Noite;Decrescente;C�u Claro;M�ltipla;Reta;N�o;1;0;1;0;0;0;1;1;-12,903776;-38,454334;SPRF-BA;DEL01-BA;UOP01-DEL01-BA;;;
730824;09/11/2025;domingo;22:15:00;MG;153;26;CENTRALINA;Condutor usando celular;Colis�o traseira;Com V�timas Feridas;Plena Noite;Crescente;C�u Claro;Dupla;Reta;N�o;2;0;0;2;0;0;2;1;-18,63732128;-49,18052121;SPRF-MG;DEL15-MG;UOP03-DEL15-MG;;;
730825;09/11/2025;domingo;23:55:00;ES;101;262;SERRA;Aus�ncia de rea��o do condutor;Colis�o traseira;Com V�timas Feridas;Plena Noite;Crescente;C�u Claro;Simples;Reta;N�o;3;0;2;1;0;0;3;2;-20,13592779;-40,29247721;SPRF-ES;DEL02-ES;UOP01-DEL02-ES;;;
730827;09/11/2025;domingo;23:45:00;GO;70;1;AGUAS LINDAS DE GOIAS;Rea��o tardia ou ineficiente do condutor;Colis�o com objeto;Com V�timas Feridas;Plena Noite;Crescente;C�u Claro;Dupla;"Aclive;Reta";N�o;1;0;0;1;0;0;1;1;-15,77686234;-48,23278037;SPRF-DF;DEL03-DF;UOP02-DEL03-DF;;;
730828;10/11/2025;segunda-feira;00:00:00;GO;60;373;RIO VERDE;Rea��o tardia ou ineficiente do condutor;Sa�da de leito carro��vel;Sem V�timas;Plena Noite;Decrescente;Nublado;Dupla;"Curva;Declive";N�o;1;0;0;0;0;1;0;1;-17,730092;-50,868302;SPRF-GO;DEL04-GO;UOP02-DEL04-GO;;;
730831;09/11/2025;domingo;20:33:00;PB;405;3,9;POCO DE JOSE DE MOURA;Animais na Pista;Atropelamento de Animal;Com V�timas Feridas;Plena Noite;Crescente;C�u Claro;Simples;Reta;N�o;1;0;0;1;0;0;1;1;-6,53515162;-38,50009921;SPRF-PB;DEL03-PB;UOP03-DEL03-PB;;;
730832;10/11/2025;segunda-feira;00:50:00;PR;376;287,4;MAUA DA SERRA;Aus�ncia de rea��o do condutor;Colis�o com objeto;Com V�timas Feridas;Plena Noite;Crescente;C�u Claro;Dupla;"Reta;Interse��o de Vias";N�o;2;0;1;0;1;0;1;1;-23,88841769;-51,23355031;SPRF-PR;DEL07-PR;UOP02-DEL07-PR;;;
730833;09/11/2025;domingo;19:00:00;MT;163;1036;MATUPA;Aus�ncia de rea��o do condutor;Queda de ocupante de ve�culo;Com V�timas Feridas;Plena Noite;Crescente;C�u Claro;Simples;Reta;N�o;1;0;0;1;0;0;1;1;-10,202033;-54,957648;SPRF-MT;DEL06-MT;UOP03-DEL06-MT;;;
730834;09/11/2025;domingo;20:30:00;MG;116;277,1;TEOFILO OTONI;Acessar a via sem observar a presen�a dos outros ve�culos;Colis�o transversal;Com V�timas Feridas;Plena Noite;Decrescente;C�u Claro;Simples;Reta;Sim;2;0;1;0;1;0;1;2;-17,86025;-41,515036;SPRF-MG;DEL11-MG;UOP01-DEL11-MG;;;
730835;10/11/2025;segunda-feira;00:05:00;DF;20;11;BRASILIA;Pedestre cruzava a pista fora da faixa;Atropelamento de Pedestre;Com V�timas Feridas;Plena Noite;Crescente;C�u Claro;Simples;Reta;Sim;3;0;3;0;0;0;3;2;-15,6464;-47,76591;SPRF-DF;DEL02-DF;UOP01-DEL02-DF;;;
730836;10/11/2025;segunda-feira;01:30:00;DF;70;16;BRASILIA;Rea��o tardia ou ineficiente do condutor;Sa�da de leito carro��vel;Sem V�timas;Plena Noite;Decrescente;C�u Claro;Dupla;Reta;N�o;1;0;0;0;0;1;0;1;-15,79634856;-48,19461823;SPRF-DF;DEL03-DF;UOP02-DEL03-DF;;;
730839;10/11/2025;segunda-feira;00:05:00;SC;101;179;GOVERNADOR CELSO RAMOS;Aus�ncia de rea��o do condutor;Capotamento;Com V�timas Feridas;Plena Noite;Decrescente;C�u Claro;Dupla;Curva;N�o;1;0;1;0;0;0;1;1;-27,378282;-48,630805;SPRF-SC;DEL01-SC;UOP01-DEL01-SC;;;
730840;09/11/2025;domingo;22:33:00;SE;101;111,7;SAO CRISTOVAO;Ingest�o de �lcool pelo condutor;Colis�o com objeto;Com V�timas Feridas;Plena Noite;Crescente;C�u Claro;Dupla;Reta;N�o;1;0;1;0;0;0;1;1;-10,98043;-37,28809;SPRF-SE;DEL02-SE;UOP01-DEL02-SE;;;
730842;10/11/2025;segunda-feira;02:00:00;SC;282;5,8;SAO JOSE;Ingest�o de �lcool pelo condutor;Capotamento;Com V�timas Feridas;Plena Noite;Crescente;Nublado;M�ltipla;"Interse��o de Vias;Curva";Sim;2;0;1;1;0;0;2;1;-27,58725247;-48,61462768;SPRF-SC;DEL01-SC;UOP01-DEL01-SC;;;
730843;10/11/2025;segunda-feira;01:20:00;CE;222;127;ITAPAJE;Aus�ncia de rea��o do condutor;Atropelamento de Pedestre;Com V�timas Fatais;Plena Noite;Crescente;Ignorado;Simples;"Curva;Declive";N�o;4;1;0;0;3;0;0;2;-3,70239;-39,609237;SPRF-CE;DEL04-CE;UOP03-DEL04-CE;;;
730844;10/11/2025;segunda-feira;03:30:00;PR;277;539,8;IBEMA;Condutor Dormindo;Sa�da de leito carro��vel;Com V�timas Feridas;Pleno dia;Decrescente;C�u Claro;Simples;Reta;N�o;2;0;2;0;0;0;2;1;-25,10236902;-53,04030776;SPRF-PR;DEL04-PR;UOP04-DEL04-PR;;;
730845;10/11/2025;segunda-feira;03:10:00;GO;452;146;BOM JESUS DE GOIAS;Condutor Dormindo;Sa�da de leito carro��vel;Com V�timas Feridas;Pleno dia;Decrescente;C�u Claro;Simples;Reta;N�o;1;0;1;0;0;0;1;1;-18,271917;-49,641637;SPRF-GO;DEL03-GO;UOP02-DEL03-GO;;;
730846;10/11/2025;segunda-feira;05:15:00;RJ;101;262;RIO BONITO;Aus�ncia de rea��o do condutor;Colis�o com objeto;Com V�timas Feridas;Amanhecer;Decrescente;C�u Claro;Dupla;Reta;Sim;1;0;1;0;0;0;1;1;-22,71891;-42,62486;SPRF-RJ;DEL02-RJ;UOP03-DEL02-RJ;;;
730847;10/11/2025;segunda-feira;04:00:00;PA;316;41,9;SANTA IZABEL DO PARA;Ingest�o de �lcool pelo condutor;Sa�da de leito carro��vel;Com V�timas Feridas;Amanhecer;Crescente;C�u Claro;Dupla;Reta;Sim;3;0;2;1;0;0;3;1;-1,276433;-48,105623;SPRF-PA;DEL01-PA;UOP01-DEL01-PA;;;
730848;10/11/2025;segunda-feira;04:00:00;RO;364;241,6;CACOAL;Ingest�o de �lcool pelo condutor;Sa�da de leito carro��vel;Com V�timas Feridas;Plena Noite;Crescente;Nublado;Simples;"Aclive;Reta";Sim;5;0;0;4;0;1;4;1;-11,44081;-61,482083;SPRF-RO;DEL02-RO;UOP02-DEL02-RO;;;
730849;10/11/2025;segunda-feira;03:20:00;BA;101;343;TEOLANDIA;Rea��o tardia ou ineficiente do condutor;Sa�da de leito carro��vel;Com V�timas Feridas;Plena Noite;Decrescente;Chuva;Simples;Curva;N�o;3;0;2;0;1;0;2;1;-13,564965;-39,472523;SPRF-BA;DEL05-BA;UOP03-DEL05-BA;;;
730850;10/11/2025;segunda-feira;06:05:00;MG;262;350;JUATUBA;Animais na Pista;Atropelamento de Animal;Com V�timas Feridas;Pleno dia;Decrescente;C�u Claro;Dupla;Reta;N�o;1;0;1;0;0;0;1;1;-19,97261726;-44,27967517;SPRF-MG;DEL01-MG;UOP03-DEL01-MG;;;
730851;10/11/2025;segunda-feira;06:15:00;SP;116;401;MIRACATU;Manobra de mudan�a de faixa;Queda de ocupante de ve�culo;Com V�timas Feridas;Pleno dia;Crescente;Nublado;Dupla;Reta;Sim;1;0;1;0;0;0;1;1;-24,267552;-47,3931713;SPRF-SP;DEL04-SP;UOP02-DEL04-SP;;;
730852;10/11/2025;segunda-feira;05:50:00;BA;324;535;CONCEICAO DO JACUIPE;Pista Escorregadia;Sa�da de leito carro��vel;Com V�timas Feridas;Amanhecer;Decrescente;Nublado;M�ltipla;Reta;Sim;1;0;1;0;0;0;1;1;-12,36761575;-38,81547846;SPRF-BA;DEL01-BA;UOP03-DEL01-BA;;;
730853;10/11/2025;segunda-feira;06:50:00;PR;369;149;LONDRINA;Rea��o tardia ou ineficiente do condutor;Colis�o traseira;Com V�timas Feridas;Pleno dia;Crescente;Sol;Dupla;"Reta;Aclive";Sim;3;0;1;0;2;0;1;3;-23,29283986;-51,15213839;SPRF-PR;DEL07-PR;UOP01-DEL07-PR;;;
730854;09/11/2025;domingo;20:20:00;MG;262;788;UBERABA;Aus�ncia de rea��o do condutor;Colis�o com objeto;Sem V�timas;Plena Noite;Crescente;C�u Claro;Dupla;Reta;Sim;1;0;0;0;0;1;0;1;-19,776486;-47,920988;SPRF-MG;DEL13-MG;UOP01-DEL13-MG;;;
730855;10/11/2025;segunda-feira;07:05:00;DF;20;18,3;BRASILIA;Acessar a via sem observar a presen�a dos outros ve�culos;Colis�o transversal;Com V�timas Feridas;Pleno dia;Crescente;C�u Claro;Dupla;Reta;Sim;2;0;0;1;1;0;1;2;-15,6096182;-47,69590527;SPRF-DF;DEL02-DF;UOP01-DEL02-DF;;;
730858;10/11/2025;segunda-feira;00:30:00;SC;280;38,9;ARAQUARI;Rea��o tardia ou ineficiente do condutor;Colis�o com objeto;Com V�timas Feridas;Plena Noite;Crescente;Nublado;Simples;"Em Obras;Desvio Tempor�rio;Reta";N�o;1;0;0;1;0;0;1;1;-26,448635;-48,836682;SPRF-SC;DEL03-SC;UOP03-DEL03-SC;;;
730859;10/11/2025;segunda-feira;07:21:00;ES;101;293;CARIACICA;Acumulo de �leo sobre o pavimento;Tombamento;Com V�timas Feridas;Pleno dia;Decrescente;Nublado;Dupla;Reta;Sim;2;0;2;0;0;0;2;1;-20,316048;-40,3955;SPRF-ES;DEL01-ES;UOP01-DEL01-ES;;;
730861;10/11/2025;segunda-feira;06:55:00;SE;235;5;NOSSA SENHORA DO SOCORRO;Condutor deixou de manter dist�ncia do ve�culo da frente;Engavetamento;Com V�timas Feridas;Pleno dia;Decrescente;Sol;Dupla;Aclive;N�o;4;0;1;0;3;0;1;3;-10,9065383;-37,11935727;SPRF-SE;DEL01-SE;UOP01-DEL01-SE;;;
730863;10/11/2025;segunda-feira;07:50:00;ES;101;278;SERRA;Velocidade Incompat�vel;Sa�da de leito carro��vel;Com V�timas Feridas;Pleno dia;Crescente;Nublado;Dupla;"Curva;Declive";N�o;1;0;1;0;0;0;1;1;-20,21752;-40,33552;SPRF-ES;DEL02-ES;UOP01-DEL02-ES;;;
730865;08/11/2025;s�bado;14:30:00;PA;0;0;SAO CAETANO DE ODIVELAS;Manobra de mudan�a de faixa;Colis�o com objeto;Sem V�timas;Pleno dia;N�o Informado;C�u Claro;Simples;Curva;Sim;2;0;0;0;2;0;0;1;-1;-48;SPRF-PA;N/A;N/A;;;
730866;10/11/2025;segunda-feira;07:30:00;GO;60;110;GOIANAPOLIS;Aus�ncia de rea��o do condutor;Colis�o com objeto;Com V�timas Feridas;Pleno dia;Crescente;C�u Claro;Dupla;Reta;N�o;1;0;1;0;0;0;1;1;-16,45063334;-49,04393569;SPRF-GO;DEL01-GO;UOP01-DEL01-GO;;;
730867;10/11/2025;segunda-feira;07:30:00;CE;116;20;EUSEBIO;Condutor deixou de manter dist�ncia do ve�culo da frente;Colis�o traseira;Com V�timas Feridas;Pleno dia;Decrescente;C�u Claro;Dupla;Reta;Sim;4;0;0;2;2;0;2;3;-3,92999674;-38,50793235;SPRF-CE;DEL01-CE;UOP02-DEL01-CE;;;
730869;10/11/2025;segunda-feira;00:10:00;RJ;101;582;PARATY;Aus�ncia de rea��o do condutor;Colis�o traseira;Com V�timas Feridas;Plena Noite;Crescente;Nublado;Simples;Reta;N�o;3;0;2;0;1;0;2;2;-23,257415;-44,698739;SPRF-RJ;DEL03-RJ;UOP04-DEL03-RJ;;;
730870;10/11/2025;segunda-feira;07:20:00;PR;376;188;MARIALVA;Rea��o tardia ou ineficiente do condutor;Colis�o traseira;Com V�timas Feridas;Pleno dia;Crescente;C�u Claro;Dupla;Reta;N�o;2;0;1;0;1;0;1;2;-23,463695;-51,832827;SPRF-PR;DEL09-PR;UOP01-DEL09-PR;;;
730872;10/11/2025;segunda-feira;08:20:00;SC;282;4,3;SAO JOSE;Trafegar com motocicleta (ou similar) entre as faixas;Colis�o lateral mesmo sentido;Com V�timas Feridas;Pleno dia;Crescente;C�u Claro;M�ltipla;Reta;Sim;4;0;1;0;3;0;1;3;-27,5911;-48,60699;SPRF-SC;DEL01-SC;UOP01-DEL01-SC;;;
730873;10/11/2025;segunda-feira;07:25:00;PE;104;28;TORITAMA;Velocidade Incompat�vel;Tombamento;Com V�timas Fatais;Amanhecer;Decrescente;C�u Claro;Dupla;Reta;N�o;1;1;0;0;0;0;0;1;-8,00200498;-36,09070513;SPRF-PE;DEL02-PE;UOP01-DEL02-PE;;;
730874;10/11/2025;segunda-feira;08:40:00;GO;153;506;APARECIDA DE GOIANIA;Rea��o tardia ou ineficiente do condutor;Colis�o traseira;Com V�timas Feridas;Pleno dia;Decrescente;C�u Claro;Dupla;Reta;Sim;3;0;1;0;2;0;1;3;-16,751722;-49,241292;SPRF-GO;DEL01-GO;UOP01-DEL01-GO;;;
730878;10/11/2025;segunda-feira;08:28:00;RJ;116;134,4;MAGE;Condutor deixou de manter dist�ncia do ve�culo da frente;Colis�o traseira;Com V�timas Feridas;Pleno dia;Crescente;Nublado;Dupla;Reta;Sim;2;0;0;1;1;0;1;2;-22,65359131;-43,15294504;SPRF-RJ;DEL04-RJ;UOP02-DEL04-RJ;;;
730879;10/11/2025;segunda-feira;07:20:00;PR;376;188;MARIALVA;Condutor deixou de manter dist�ncia do ve�culo da frente;Engavetamento;Com V�timas Feridas;Pleno dia;Decrescente;C�u Claro;Dupla;Reta;N�o;4;0;1;0;2;1;1;4;-23,46323021;-51,83347748;SPRF-PR;DEL09-PR;UOP01-DEL09-PR;;;
730881;10/11/2025;segunda-feira;07:45:00;MG;262;365;JUATUBA;Velocidade Incompat�vel;Tombamento;Com V�timas Feridas;Pleno dia;Crescente;Nublado;Dupla;"Reta;Viaduto";N�o;1;0;0;1;0;0;1;1;-19,9565739;-44,3450864;SPRF-MG;DEL01-MG;UOP03-DEL01-MG;;;
730883;10/11/2025;segunda-feira;04:50:00;MT;174;87;CACERES;Animais na Pista;Atropelamento de Animal;Sem V�timas;Amanhecer;Decrescente;C�u Claro;Simples;Reta;N�o;1;0;0;0;1;0;0;1;-15,927;-57,795;SPRF-MT;DEL03-MT;UOP01-DEL03-MT;;;
730884;10/11/2025;segunda-feira;09:00:00;PR;376;602;CURITIBA;Demais falhas mec�nicas ou el�tricas;Capotamento;Com V�timas Feridas;Pleno dia;Decrescente;C�u Claro;Dupla;"Reta;Declive";Sim;1;0;1;0;0;0;1;1;-25,523648;-49,332016;SPRF-PR;DEL01-PR;UOP03-DEL01-PR;;;