id;data_inversa;dia_semana;horario;uf;br;km;municipio;causa_acidente;tipo_acidente;classificacao_acidente;fase_dia;sentido_via;condicao_metereologica;tipo_pista;tracado_via;uso_solo;pessoas;mortos;feridos_leves;feridos_graves;ilesos;ignorados;feridos;veiculos;latitude;longitude;regional;delegacia;uop;;;
730885;10/11/2025;segunda-feira;07:30:00;MT;70;658;CACERES;Condutor Dormindo;Sa�da de leito carro��vel;Com V�timas Feridas;Pleno dia;Crescente;C�u Claro;Simples;Reta;N�o;3;0;3;0;0;0;3;1;-16,03451657;-57,24981594;SPRF-MT;DEL03-MT;UOP02-DEL03-MT;;;
730886;10/11/2025;segunda-feira;05:40:00;MA;330;9,7;BALSAS;Transitar na contram�o;Colis�o frontal;Com V�timas Fatais;Amanhecer;Crescente;Nublado;Simples;"Aclive;Reta";N�o;9;3;0;0;1;5;0;3;-7,59561544;-46,00395441;SPRF-MA;DEL05-MA;UOP01-DEL05-MA;;;
730887;10/11/2025;segunda-feira;07:45:00;SC;282;69,1;RANCHO QUEIMADO;Demais falhas mec�nicas ou el�tricas;Colis�o traseira;Com V�timas Feridas;Pleno dia;Crescente;C�u Claro;Simples;Curva;N�o;2;0;1;0;1;0;1;2;-27,69049097;-49,082877;SPRF-SC;DEL01-SC;UOP03-DEL01-SC;;;
730889;09/11/2025;domingo;19:30:00;SC;282;583,5;PINHALZINHO;Ultrapassagem Indevida;Sa�da de leito carro��vel;Com V�timas Feridas;Plena Noite;Decrescente;C�u Claro;Simples;Curva;N�o;1;0;1;0;0;0;1;1;-26,83291626;-53,01292038;SPRF-SC;DEL07-SC;UOP02-DEL07-SC;;;
730891;10/11/2025;segunda-feira;09:50:00;RJ;116;137;MAGE;Convers�o proibida;Colis�o transversal;Com V�timas Feridas;Pleno dia;Decrescente;Nublado;Dupla;Reta;Sim;2;0;1;0;1;0;1;2;-22,65932394;-43,0777359;SPRF-RJ;DEL04-RJ;UOP02-DEL04-RJ;;;
730892;10/11/2025;segunda-feira;09:00:00;BA;324;616;SALVADOR;Demais falhas na via;Queda de ocupante de ve�culo;Com V�timas Feridas;Pleno dia;Crescente;Sol;M�ltipla;Reta;Sim;1;0;1;0;0;0;1;1;-12,89433554;-38,44765523;SPRF-BA;DEL01-BA;UOP01-DEL01-BA;;;
730893;10/11/2025;segunda-feira;05:40:00;MA;10;242,5;IMPERATRIZ;Condutor Dormindo;Sa�da de leito carro��vel;Com V�timas Feridas;Amanhecer;Decrescente;Nublado;Simples;"Declive;Reta";N�o;1;0;0;1;0;0;1;1;-5,60723;-47,42148;SPRF-MA;DEL04-MA;UOP01-DEL04-MA;;;
730895;10/11/2025;segunda-feira;09:30:00;SP;116;0;GUARULHOS;Manobra de mudan�a de faixa;Colis�o lateral mesmo sentido;Com V�timas Feridas;Pleno dia;Crescente;C�u Claro;Dupla;Curva;Sim;2;0;0;1;1;0;1;2;-23,46167165;-46,4862442;SPRF-SP;DEL01-SP;UOP01-DEL01-SP;;;
730896;10/11/2025;segunda-feira;10:00:00;PE;101;83;JABOATAO DOS GUARARAPES;Condutor deixou de manter dist�ncia do ve�culo da frente;Colis�o lateral mesmo sentido;Com V�timas Feridas;Pleno dia;Crescente;C�u Claro;Dupla;Reta;N�o;2;0;0;1;1;0;1;2;-8,17866;-34,95667;SPRF-PE;DEL01-PE;UOP01-DEL01-PE;;;
730899;10/11/2025;segunda-feira;10:45:00;RN;101;96;NATAL;Aus�ncia de rea��o do condutor;Colis�o traseira;Sem V�timas;Pleno dia;Decrescente;C�u Claro;Simples;Reta;Sim;2;0;0;0;2;0;0;2;-5,853873;-35,210962;SPRF-RN;DEL01-RN;UOP01-DEL01-RN;;;
730900;10/11/2025;segunda-feira;09:35:00;MS;163;473,9;CAMPO GRANDE;Pedestre andava na pista;Atropelamento de Pedestre;Com V�timas Feridas;Pleno dia;Crescente;C�u Claro;Simples;Reta;Sim;2;0;0;1;1;0;1;2;-20,52838;-54,567095;SPRF-MS;DEL01-MS;UOP01-DEL01-MS;;;
730902;10/11/2025;segunda-feira;10:00:00;RS;290;33;SANTO ANTONIO DA PATRULHA;Demais falhas mec�nicas ou el�tricas;Inc�ndio;Sem V�timas;Pleno dia;Crescente;C�u Claro;Dupla;Reta;N�o;1;0;0;0;1;0;0;1;-29,88578;-50,586467;SPRF-RS;DEL03-RS;UOP01-DEL03-RS;;;
730903;10/11/2025;segunda-feira;10:20:00;RS;116;251;SAPUCAIA DO SUL;Trafegar com motocicleta (ou similar) entre as faixas;Colis�o lateral mesmo sentido;Com V�timas Feridas;Pleno dia;Decrescente;C�u Claro;M�ltipla;"Reta;Em Obras";Sim;2;0;1;0;1;0;1;2;-29,79599507;-51,16470088;SPRF-RS;DEL01-RS;UOP02-DEL01-RS;;;
730906;10/11/2025;segunda-feira;08:30:00;PE;316;97;OURICURI;Aus�ncia de rea��o do condutor;Sa�da de leito carro��vel;Com V�timas Feridas;Pleno dia;Decrescente;C�u Claro;Simples;Reta;N�o;1;0;0;1;0;0;1;1;-7,927887;-39,971253;SPRF-PE;DEL05-PE;UOP02-DEL05-PE;;;
730907;10/11/2025;segunda-feira;10:05:00;PE;101;84;JABOATAO DOS GUARARAPES;Aus�ncia de rea��o do condutor;Colis�o traseira;Com V�timas Feridas;Pleno dia;Crescente;Sol;Dupla;"Reta;Ponte";N�o;6;0;2;0;4;0;2;2;-8,17866;-34,95667;SPRF-PE;DEL01-PE;UOP01-DEL01-PE;;;
730908;10/11/2025;segunda-feira;10:40:00;PE;101;68,4;RECIFE;Condutor deixou de manter dist�ncia do ve�culo da frente;Colis�o traseira;Com V�timas Feridas;Pleno dia;Decrescente;C�u Claro;Dupla;Reta;N�o;2;0;0;1;1;0;1;2;-8,05401;-34,94652;SPRF-PE;DEL01-PE;UOP01-DEL01-PE;;;
730909;10/11/2025;segunda-feira;08:30:00;SC;116;188,6;SAO CRISTOVAO DO SUL;Acessar a via sem observar a presen�a dos outros ve�culos;Colis�o transversal;Com V�timas Feridas;Pleno dia;Crescente;C�u Claro;Simples;"Aclive;Reta";N�o;5;0;5;0;0;0;5;2;-27,333966;-50,42646;SPRF-SC;DEL05-SC;UOP03-DEL05-SC;;;
730910;17/10/2025;sexta-feira;19:20:00;PE;423;127;SALOA;Velocidade Incompat�vel;Sa�da de leito carro��vel;Com V�timas Fatais;Plena Noite;Crescente;C�u Claro;Simples;"Declive;Curva";N�o;37;16;2;19;0;0;21;1;-8,9597983;-36,7250367;SPRF-PE;DEL03-PE;UOP01-DEL03-PE;;;
730914;10/11/2025;segunda-feira;08:10:00;MG;50;154,8;UBERABA;Velocidade Incompat�vel;Sa�da de leito carro��vel;Com V�timas Feridas;Pleno dia;Crescente;C�u Claro;Dupla;Curva;N�o;1;0;1;0;0;0;1;1;-19,60289;-48,02622;SPRF-MG;DEL13-MG;UOP01-DEL13-MG;;;
730916;10/11/2025;segunda-feira;11:50:00;RJ;101;312;SAO GONCALO;Demais falhas mec�nicas ou el�tricas;Queda de ocupante de ve�culo;Com V�timas Feridas;Pleno dia;Crescente;Nublado;Dupla;Reta;Sim;2;0;1;0;1;0;1;1;-22,8073463;-43,0645604;SPRF-RJ;DEL02-RJ;UOP02-DEL02-RJ;;;
730917;10/11/2025;segunda-feira;11:40:00;SP;0;0;SAO JOSE DO RIO PRETO;Condutor desrespeitou a ilumina��o vermelha do sem�foro;Colis�o transversal;Sem V�timas;Pleno dia;N�o Informado;Sol;M�ltipla;Interse��o de Vias;Sim;2;0;0;0;2;0;0;2;-20,84309071;-49,41195488;SPRF-SP;DEL09-SP;UOP01-DEL09-SP;;;
730918;10/11/2025;segunda-feira;12:00:00;ES;101;189;ARACRUZ;Pedestre cruzava a pista fora da faixa;Atropelamento de Pedestre;Com V�timas Feridas;Pleno dia;Crescente;C�u Claro;Simples;Reta;Sim;2;0;1;1;0;0;2;2;-19,680853;-40,269613;SPRF-ES;DEL04-ES;UOP01-DEL04-ES;;;
730921;10/11/2025;segunda-feira;12:23:00;MG;381;510;IGARAPE;Aus�ncia de rea��o do condutor;Queda de ocupante de ve�culo;Com V�timas Feridas;Pleno dia;Decrescente;Nublado;Dupla;Reta;N�o;1;0;0;1;0;0;1;1;-20,05957403;-44,29013028;SPRF-MG;DEL01-MG;UOP03-DEL01-MG;;;
730922;10/11/2025;segunda-feira;07:45:00;MG;153;236,9;FRONTEIRA;Afundamento ou ondula��o no pavimento;Tombamento;Com V�timas Feridas;Pleno dia;Decrescente;C�u Claro;Simples;Reta;N�o;1;0;1;0;0;0;1;1;-20,140036;-49,110925;SPRF-MG;DEL13-MG;UOP02-DEL13-MG;;;
730924;10/11/2025;segunda-feira;12:25:00;GO;40;7,9;VALPARAISO DE GOIAS;Condutor deixou de manter dist�ncia do ve�culo da frente;Colis�o traseira;Com V�timas Feridas;Pleno dia;Crescente;Sol;Dupla;Reta;Sim;2;0;0;1;1;0;1;2;-16,11711;-47,96751;SPRF-DF;DEL01-DF;UOP01-DEL01-DF;;;
730925;10/11/2025;segunda-feira;11:00:00;RO;319;142;PORTO VELHO;Acessar a via sem observar a presen�a dos outros ve�culos;Colis�o transversal;Com V�timas Feridas;Pleno dia;Crescente;C�u Claro;M�ltipla;Reta;Sim;2;0;0;1;1;0;1;2;-8,75144868;-63,88764231;SPRF-RO;DEL01-RO;UOP01-DEL01-RO;;;
730926;10/11/2025;segunda-feira;11:00:00;MG;381;284;ANTONIO DIAS;Frear bruscamente;Queda de ocupante de ve�culo;Com V�timas Feridas;Pleno dia;Crescente;Nublado;Dupla;"Reta;Em Obras";N�o;1;0;0;1;0;0;1;1;-19,61930928;-42,80037046;SPRF-MG;DEL03-MG;UOP02-DEL03-MG;;;
730927;10/11/2025;segunda-feira;12:50:00;RS;386;332;MARQUES DE SOUZA;Condutor Dormindo;Colis�o com objeto;Com V�timas Feridas;Pleno dia;Crescente;Sol;Dupla;Curva;N�o;2;0;0;1;0;1;1;2;-29,37506978;-52,05794334;SPRF-RS;DEL04-RS;UOP01-DEL04-RS;;;
730929;10/11/2025;segunda-feira;13:20:00;MG;116;525,9;CARATINGA;Aus�ncia de rea��o do condutor;Colis�o traseira;Com V�timas Feridas;Pleno dia;Decrescente;Nublado;Simples;Interse��o de Vias;Sim;2;0;1;0;1;0;1;2;-19,7640818;-42,1320328;SPRF-MG;DEL06-MG;UOP02-DEL06-MG;;;
730930;06/11/2025;quinta-feira;08:16:00;PR;116;18,4;CURITIBA;Trafegar com motocicleta (ou similar) entre as faixas;Colis�o lateral mesmo sentido;Com V�timas Feridas;Pleno dia;Crescente;Nublado;Dupla;"Reta;Aclive";Sim;2;0;1;0;1;0;1;2;-25,3888405;-49,19911472;SPRF-PR;DEL01-PR;UOP02-DEL01-PR;;;
730931;10/11/2025;segunda-feira;11:20:00;PE;232;212;PESQUEIRA;Acesso irregular;Colis�o transversal;Com V�timas Feridas;Pleno dia;Crescente;C�u Claro;Dupla;Reta;N�o;3;0;2;0;1;0;2;2;-8,375242;-36,718362;SPRF-PE;DEL03-PE;UOP02-DEL03-PE;;;
730935;10/11/2025;segunda-feira;13:35:00;SC;101;202,2;SAO JOSE;Rea��o tardia ou ineficiente do condutor;Tombamento;Com V�timas Feridas;Pleno dia;Crescente;C�u Claro;M�ltipla;Reta;Sim;1;0;1;0;0;0;1;1;-27,55915;-48,61805;SPRF-SC;DEL01-SC;UOP01-DEL01-SC;;;
730936;10/11/2025;segunda-feira;10:15:00;RJ;116;127;MAGE;Velocidade Incompat�vel;Capotamento;Com V�timas Feridas;Pleno dia;Decrescente;C�u Claro;Dupla;"Reta;Declive";N�o;2;0;1;1;0;0;2;1;-22,66429202;-43,11304231;SPRF-RJ;DEL04-RJ;UOP02-DEL04-RJ;;;
730939;10/11/2025;segunda-feira;12:05:00;GO;414;439;ANAPOLIS;Acessar a via sem observar a presen�a dos outros ve�culos;Colis�o transversal;Com V�timas Feridas;Pleno dia;Crescente;C�u Claro;Simples;Reta;Sim;3;0;1;2;0;0;3;2;-16,277429;-48,941562;SPRF-GO;DEL02-GO;UOP01-DEL02-GO;;;
730941;10/11/2025;segunda-feira;13:00:00;RS;386;246;SOLEDADE;Acessar a via sem observar a presen�a dos outros ve�culos;Colis�o transversal;Com V�timas Feridas;Pleno dia;Crescente;Sol;Simples;Reta;Sim;2;0;1;0;1;0;1;2;-28,812035;-52,49636;SPRF-RS;DEL04-RS;UOP03-DEL04-RS;;;
730942;10/11/2025;segunda-feira;00:40:00;SC;282;344,1;CAMPOS NOVOS;Rea��o tardia ou ineficiente do condutor;Capotamento;Sem V�timas;Plena Noite;Crescente;C�u Claro;Simples;Rotat�ria;Sim;1;0;0;0;0;1;0;1;-27,3859726;-51,2354461;SPRF-SC;DEL07-SC;UOP06-DEL07-SC;;;
730943;10/11/2025;segunda-feira;12:35:00;SC;280;25,6;ARAQUARI;Rea��o tardia ou ineficiente do condutor;Sa�da de leito carro��vel;Com V�timas Feridas;Pleno dia;Crescente;C�u Claro;Simples;Reta;N�o;2;0;2;0;0;0;2;1;-26,388147;-48,732308;SPRF-SC;DEL03-SC;UOP03-DEL03-SC;;;
730944;10/11/2025;segunda-feira;12:58:00;MG;354;353;BAEPENDI;Mal s�bito do condutor;Colis�o frontal;Sem V�timas;Pleno dia;Decrescente;C�u Claro;Simples;"Reta;Interse��o de Vias";Sim;2;0;0;0;2;0;0;2;-22,1277468;-44,874368;SPRF-MG;DEL08-MG;UOP02-DEL08-MG;;;
730946;10/11/2025;segunda-feira;12:30:00;MS;267;148;NOVA ANDRADINA;Objeto est�tico sobre o leito carro��vel;Colis�o com objeto;Sem V�timas;Pleno dia;Decrescente;C�u Claro;Simples;Reta;N�o;2;0;0;0;2;0;0;1;-21,64550184;-53,46919298;SPRF-MS;DEL02-MS;UOP03-DEL02-MS;;;
730949;02/08/2025;s�bado;20:15:00;PR;369;146;LONDRINA;Acessar a via sem observar a presen�a dos outros ve�culos;Colis�o transversal;Com V�timas Feridas;Plena Noite;Decrescente;C�u Claro;Dupla;"Reta;Retorno Regulamentado";Sim;2;0;0;1;1;0;1;2;-23,293267;-51,123597;SPRF-PR;DEL07-PR;UOP01-DEL07-PR;;;
730951;10/11/2025;segunda-feira;14:35:00;SC;101;332;TUBARAO;Condutor deixou de manter dist�ncia do ve�culo da frente;Colis�o traseira;Com V�timas Feridas;Pleno dia;Crescente;C�u Claro;M�ltipla;Reta;Sim;2;0;1;0;1;0;1;2;-28,46957167;-49,01666833;SPRF-SC;DEL02-SC;UOP01-DEL02-SC;;;
730952;10/11/2025;segunda-feira;14:00:00;GO;60;97;ANAPOLIS;Acessar a via sem observar a presen�a dos outros ve�culos;Colis�o lateral mesmo sentido;Com V�timas Feridas;Pleno dia;Decrescente;C�u Claro;Simples;Reta;Sim;2;0;1;1;0;0;2;2;-16,376598;-48,947798;SPRF-GO;DEL02-GO;UOP01-DEL02-GO;;;
730955;10/11/2025;segunda-feira;13:58:00;RJ;101;215;SILVA JARDIM;Rea��o tardia ou ineficiente do condutor;Capotamento;Com V�timas Feridas;Pleno dia;Decrescente;C�u Claro;Dupla;Reta;N�o;1;0;1;0;0;0;1;1;-22,507524;-42,281663;SPRF-RJ;DEL02-RJ;UOP03-DEL02-RJ;;;
730956;10/11/2025;segunda-feira;14:45:00;SC;101;15;GARUVA;Condutor deixou de manter dist�ncia do ve�culo da frente;Colis�o lateral mesmo sentido;Com V�timas Feridas;Pleno dia;Crescente;C�u Claro;Dupla;Reta;N�o;2;0;1;0;1;0;1;2;-26,12061863;-48,8819259;SPRF-SC;DEL03-SC;UOP01-DEL03-SC;;;
730957;10/11/2025;segunda-feira;14:58:00;SP;116;229;SAO PAULO;Manobra de mudan�a de faixa;Colis�o com objeto;Com V�timas Feridas;Pleno dia;Decrescente;C�u Claro;M�ltipla;"Aclive;Reta";Sim;1;0;1;0;0;0;1;1;-23,50901673;-46,57245426;SPRF-SP;DEL01-SP;UOP01-DEL01-SP;;;
730958;10/11/2025;segunda-feira;15:25:00;PE;101;66,2;RECIFE;Rea��o tardia ou ineficiente do condutor;Colis�o lateral mesmo sentido;Com V�timas Feridas;Pleno dia;Decrescente;Sol;M�ltipla;Reta;Sim;2;0;1;0;1;0;1;2;-8,03504;-34,94134;SPRF-PE;DEL01-PE;UOP01-DEL01-PE;;;
730961;10/11/2025;segunda-feira;15:40:00;RS;290;21,7;SANTO ANTONIO DA PATRULHA;Objeto est�tico sobre o leito carro��vel;Colis�o com objeto;Com V�timas Feridas;Pleno dia;Decrescente;Sol;Dupla;Reta;Sim;1;0;1;0;0;0;1;1;-29,88969;-50,472174;SPRF-RS;DEL03-RS;UOP01-DEL03-RS;;;
730963;10/11/2025;segunda-feira;15:20:00;PB;230;46;SANTA RITA;Condutor Dormindo;Sa�da de leito carro��vel;Com V�timas Feridas;Pleno dia;Decrescente;C�u Claro;Dupla;Reta;N�o;1;0;1;0;0;0;1;1;-7,16467;-35,025883;SPRF-PB;DEL01-PB;UOP02-DEL01-PB;;;
730966;10/11/2025;segunda-feira;15:30:00;MG;116;528,7;CARATINGA;Desrespeitar a prefer�ncia no cruzamento;Colis�o transversal;Com V�timas Feridas;Pleno dia;Decrescente;Nublado;Simples;Interse��o de Vias;Sim;2;0;0;1;1;0;1;2;-19,803086;-42,136228;SPRF-MG;DEL06-MG;UOP02-DEL06-MG;;;
730967;10/11/2025;segunda-feira;15:40:00;SP;116;339;JUQUITIBA;Frear bruscamente;Colis�o traseira;Com V�timas Feridas;Pleno dia;Crescente;C�u Claro;Dupla;"Declive;Reta";N�o;3;0;1;0;2;0;1;2;-24,00284687;-47,15547681;SPRF-SP;DEL04-SP;UOP03-DEL04-SP;;;
730968;10/11/2025;segunda-feira;16:00:00;ES;101;262,2;SERRA;Manobra de mudan�a de faixa;Colis�o lateral mesmo sentido;Com V�timas Feridas;Pleno dia;Decrescente;Nublado;M�ltipla;"Reta;Interse��o de Vias;Retorno Regulamentado";Sim;2;0;1;0;1;0;1;2;-20,160165;-40,275838;SPRF-ES;DEL02-ES;UOP01-DEL02-ES;;;
730969;10/11/2025;segunda-feira;16:15:00;RS;287;249;SANTA MARIA;Aus�ncia de rea��o do condutor;Colis�o traseira;Com V�timas Feridas;Pleno dia;Decrescente;C�u Claro;Dupla;Reta;Sim;2;0;0;1;1;0;1;2;-29,692723;-53,865253;SPRF-RS;DEL09-RS;UOP01-DEL09-RS;;;
730971;10/11/2025;segunda-feira;15:15:00;MG;381;528,8;BRUMADINHO;Aus�ncia de rea��o do condutor;Colis�o com objeto;Com V�timas Feridas;Pleno dia;Decrescente;C�u Claro;Dupla;"Declive;Reta";N�o;1;0;1;0;0;0;1;1;-20,164065;-44,338507;SPRF-MG;DEL04-MG;UOP03-DEL04-MG;;;
730973;10/11/2025;segunda-feira;16:30:00;MS;163;480,9;CAMPO GRANDE;Ultrapassagem Indevida;Sa�da de leito carro��vel;Com V�timas Feridas;Pleno dia;Crescente;C�u Claro;Simples;Reta;N�o;1;0;1;0;0;0;1;1;-20,470982;-54,559526;SPRF-MS;DEL01-MS;UOP01-DEL01-MS;;;
730974;10/11/2025;segunda-feira;17:00:00;PR;153;42,4;SANTO ANTONIO DA PLATINA;Acessar a via sem observar a presen�a dos outros ve�culos;Colis�o transversal;Com V�timas Feridas;Pleno dia;Crescente;C�u Claro;Simples;"Interse��o de Vias;Reta";Sim;3;0;2;0;1;0;2;2;-23,30151124;-50,0703553;SPRF-PR;DEL07-PR;UOP04-DEL07-PR;;;
730976;10/11/2025;segunda-feira;15:25:00;GO;153;87,9;SANTA TEREZA DE GOIAS;Chuva;Sa�da de leito carro��vel;Com V�timas Feridas;Pleno dia;Decrescente;Chuva;Simples;"Declive;Reta";N�o;1;0;1;0;0;0;1;1;-13,55623;-49,0655;SPRF-GO;DEL07-GO;UOP01-DEL07-GO;;;
730977;10/11/2025;segunda-feira;17:15:00;RN;101;95;NATAL;Manobra de mudan�a de faixa;Colis�o lateral mesmo sentido;Com V�timas Feridas;Anoitecer;Decrescente;C�u Claro;Dupla;Interse��o de Vias;N�o;2;0;0;1;0;1;1;2;-5,83878356;-35,21087972;SPRF-RN;DEL01-RN;UOP01-DEL01-RN;;;
730978;10/11/2025;segunda-feira;17:00:00;SP;153;61;SAO JOSE DO RIO PRETO;Aus�ncia de rea��o do condutor;Colis�o lateral mesmo sentido;Com V�timas Feridas;Pleno dia;Decrescente;Sol;Dupla;Reta;Sim;2;0;1;0;1;0;1;2;-20,80498434;-49,35573578;SPRF-SP;DEL09-SP;UOP01-DEL09-SP;;;
730979;10/11/2025;segunda-feira;16:40:00;RJ;495;2,5;TERESOPOLIS;Condutor deixou de manter dist�ncia do ve�culo da frente;Colis�o lateral mesmo sentido;Com V�timas Feridas;Pleno dia;Decrescente;Nublado;Simples;Reta;Sim;2;0;1;0;1;0;1;2;-22,395228;-42,986037;SPRF-RJ;DEL04-RJ;UOP01-DEL04-RJ;;;
730981;10/11/2025;segunda-feira;11:45:00;SC;101;87,3;BARRA VELHA;Condutor deixou de manter dist�ncia do ve�culo da frente;Colis�o traseira;Com V�timas Feridas;Pleno dia;Crescente;C�u Claro;Simples;"Declive;Reta";Sim;2;0;1;0;1;0;1;2;-26,64408324;-48,68934631;SPRF-SC;DEL03-SC;UOP02-DEL03-SC;;;
730982;10/11/2025;segunda-feira;17:20:00;PB;361;4;PATOS;Acessar a via sem observar a presen�a dos outros ve�culos;Colis�o transversal;Com V�timas Feridas;Pleno dia;Crescente;C�u Claro;Simples;Reta;Sim;2;0;0;1;1;0;1;2;-7,032296;-37,294778;SPRF-PB;DEL03-PB;UOP01-DEL03-PB;;;
730984;10/11/2025;segunda-feira;17:25:00;BA;324;520;FEIRA DE SANTANA;Frear bruscamente;Engavetamento;Com V�timas Feridas;Anoitecer;Decrescente;C�u Claro;Dupla;Reta;N�o;3;0;1;0;1;1;1;3;-12,2801458;-38,9258078;SPRF-BA;DEL01-BA;UOP03-DEL01-BA;;;
730985;10/11/2025;segunda-feira;17:10:00;PR;369;456,8;CORBELIA;Acessar a via sem observar a presen�a dos outros ve�culos;Colis�o transversal;Com V�timas Feridas;Pleno dia;Crescente;Sol;Simples;"Declive;Curva;Interse��o de Vias";N�o;5;0;1;0;4;0;1;2;-24,5877821;-53,20141263;SPRF-PR;DEL04-PR;UOP03-DEL04-PR;;;
730987;10/11/2025;segunda-feira;17:50:00;SP;116;148,1;SAO JOSE DOS CAMPOS;Aus�ncia de rea��o do condutor;Colis�o lateral mesmo sentido;Com V�timas Feridas;Pleno dia;Decrescente;C�u Claro;Dupla;Reta;Sim;2;0;1;0;1;0;1;2;-23,20016648;-45,87891016;SPRF-SP;DEL02-SP;UOP01-DEL02-SP;;;
730988;10/11/2025;segunda-feira;17:00:00;RS;0;0;SANTA ROSA;Rea��o tardia ou ineficiente do condutor;Colis�o traseira;Sem V�timas;Pleno dia;N�o Informado;C�u Claro;Simples;Reta;Sim;4;0;0;0;4;0;0;2;-27,862855;-54,461486;SPRF-RS;DEL08-RS;UOP02-DEL08-RS;;;
730990;10/11/2025;segunda-feira;17:15:00;PR;476;147,9;ARAUCARIA;Rea��o tardia ou ineficiente do condutor;Colis�o traseira;Sem V�timas;Pleno dia;Decrescente;Sol;Dupla;"Declive;Reta";Sim;4;0;0;0;4;0;0;2;-25,557112;-49,348982;SPRF-PR;DEL01-PR;UOP06-DEL01-PR;;;
730991;10/11/2025;segunda-feira;17:20:00;MS;163;618;SAO GABRIEL DO OESTE;Demais falhas mec�nicas ou el�tricas;Inc�ndio;Sem V�timas;Anoitecer;Crescente;C�u Claro;Simples;Reta;Sim;1;0;0;0;1;0;0;1;-19,36472993;-54,58670211;SPRF-MS;DEL06-MS;UOP02-DEL06-MS;;;
730993;10/11/2025;segunda-feira;18:10:00;RS;116;150;CAXIAS DO SUL;Entrada inopinada do pedestre;Atropelamento de Pedestre;Com V�timas Feridas;Anoitecer;Decrescente;C�u Claro;Dupla;Reta;Sim;2;0;1;0;1;0;1;2;-29,169256;-51,158612;SPRF-RS;DEL05-RS;UOP01-DEL05-RS;;;
730995;10/11/2025;segunda-feira;13:00:00;RJ;101;318;SAO GONCALO;Manobra de mudan�a de faixa;Colis�o lateral mesmo sentido;Com V�timas Feridas;Pleno dia;Decrescente;C�u Claro;Dupla;Reta;Sim;2;0;1;0;1;0;1;2;-22,85542065;-43,10258242;SPRF-RJ;DEL02-RJ;UOP02-DEL02-RJ;;;
730996;10/11/2025;segunda-feira;18:04:00;MG;381;502;BETIM;Aus�ncia de rea��o do condutor;Queda de ocupante de ve�culo;Com V�timas Feridas;Plena Noite;Crescente;C�u Claro;Dupla;Reta;N�o;1;0;0;1;0;0;1;1;-20,02042374;-44,22864929;SPRF-MG;DEL01-MG;UOP03-DEL01-MG;;;
730998;02/11/2025;domingo;14:00:00;BA;324;619,8;SALVADOR;Manobra de mudan�a de faixa;Colis�o lateral mesmo sentido;Com V�timas Feridas;Pleno dia;Crescente;C�u Claro;Dupla;Curva;Sim;4;0;2;0;2;0;2;2;-12,88884749;-38,44327066;SPRF-BA;DEL01-BA;UOP01-DEL01-BA;;;
730999;10/11/2025;segunda-feira;18:40:00;RN;405;1;MOSSORO;Condutor desrespeitou a ilumina��o vermelha do sem�foro;Colis�o transversal;Sem V�timas;Plena Noite;Crescente;C�u Claro;Dupla;Reta;Sim;2;0;0;0;1;1;0;2;-5,19258619;-37,36948013;SPRF-RN;DEL04-RN;UOP02-DEL04-RN;;;
731000;10/11/2025;segunda-feira;17:25:00;MG;381;624,8;OLIVEIRA;Condutor Dormindo;Colis�o com objeto;Com V�timas Feridas;Pleno dia;Decrescente;C�u Claro;Dupla;Reta;N�o;2;0;0;1;1;0;1;2;-20,80686314;-44,79088784;SPRF-MG;DEL04-MG;UOP01-DEL04-MG;;;
731001;10/11/2025;segunda-feira;17:50:00;SE;101;93;NOSSA SENHORA DO SOCORRO;Desrespeitar a prefer�ncia no cruzamento;Tombamento;Com V�timas Feridas;Anoitecer;Crescente;C�u Claro;Dupla;Rotat�ria;Sim;1;0;0;1;0;0;1;1;-10,90452;-37,14867;SPRF-SE;DEL01-SE;UOP01-DEL01-SE;;;
731002;10/11/2025;segunda-feira;18:20:00;SC;280;26;ARAQUARI;Acessar a via sem observar a presen�a dos outros ve�culos;Colis�o transversal;Com V�timas Feridas;Anoitecer;Decrescente;C�u Claro;Simples;Reta;Sim;2;0;1;0;1;0;1;2;-26,40148425;-48,74337522;SPRF-SC;DEL03-SC;UOP03-DEL03-SC;;;
731003;10/11/2025;segunda-feira;17:00:00;RJ;101;477,3;ANGRA DOS REIS;Entrada inopinada do pedestre;Atropelamento de Pedestre;Com V�timas Feridas;Pleno dia;Decrescente;C�u Claro;Simples;Reta;Sim;2;0;1;0;1;0;1;2;-23,00115723;-44,27019235;SPRF-RJ;DEL03-RJ;UOP03-DEL03-RJ;;;
731004;10/11/2025;segunda-feira;18:40:00;PR;376;232;APUCARANA;Rea��o tardia ou ineficiente do condutor;Sa�da de leito carro��vel;Com V�timas Feridas;Plena Noite;Decrescente;C�u Claro;Dupla;Reta;N�o;1;0;0;1;0;0;1;1;-23,567682;-51,51734;SPRF-PR;DEL07-PR;UOP03-DEL07-PR;;;
731006;10/11/2025;segunda-feira;19:09:00;RJ;40;124;RIO DE JANEIRO;Rea��o tardia ou ineficiente do condutor;Queda de ocupante de ve�culo;Com V�timas Feridas;Plena Noite;Decrescente;C�u Claro;Dupla;Reta;Sim;1;0;1;0;0;0;1;1;-22,8139634;-43,2875359;SPRF-RJ;DEL01-RJ;UOP02-DEL01-RJ;;;