id;data_inversa;dia_semana;horario;uf;br;km;municipio;causa_acidente;tipo_acidente;classificacao_acidente;fase_dia;sentido_via;condicao_metereologica;tipo_pista;tracado_via;uso_solo;pessoas;mortos;feridos_leves;feridos_graves;ilesos;ignorados;feridos;veiculos;latitude;longitude;regional;delegacia;uop;;;
731008;10/11/2025;segunda-feira;18:30:00;PE;408;63;PAUDALHO;Condutor deixou de manter dist�ncia do ve�culo da frente;Colis�o traseira;Sem V�timas;Plena Noite;Decrescente;C�u Claro;Dupla;Reta;N�o;2;0;0;0;1;1;0;2;-7,86100574;-35,21054184;SPRF-PE;DEL01-PE;UOP01-DEL01-PE;;;
731009;10/11/2025;segunda-feira;17:16:00;MT;364;201;RONDONOPOLIS;Mal s�bito do condutor;Sa�da de leito carro��vel;Com V�timas Feridas;Pleno dia;Crescente;C�u Claro;Dupla;"Declive;Reta";N�o;1;0;1;0;0;0;1;1;-16,4871;-54,6478;SPRF-MT;DEL02-MT;UOP01-DEL02-MT;;;
731011;10/11/2025;segunda-feira;17:19:00;AC;364;128;RIO BRANCO;Condutor deixou de manter dist�ncia do ve�culo da frente;Colis�o lateral mesmo sentido;Sem V�timas;Anoitecer;Crescente;C�u Claro;Dupla;"Curva;Retorno Regulamentado";Sim;5;0;0;0;5;0;0;2;-10,02651079;-67,82049859;SPRF-AC;DEL01-AC;UOP01-DEL01-AC;;;
731013;10/11/2025;segunda-feira;18:45:00;PB;361;6;PATOS;Aus�ncia de rea��o do condutor;Queda de ocupante de ve�culo;Com V�timas Feridas;Anoitecer;Crescente;C�u Claro;Simples;Reta;N�o;1;0;1;0;0;0;1;1;-7,0341127;-37,29858398;SPRF-PB;DEL03-PB;UOP01-DEL03-PB;;;
731014;10/11/2025;segunda-feira;17:25:00;AC;364;124;RIO BRANCO;Aus�ncia de rea��o do condutor;Colis�o traseira;Sem V�timas;Pleno dia;Decrescente;C�u Claro;Simples;Rotat�ria;Sim;2;0;0;0;2;0;0;2;-10,0118549;-67,7985456;SPRF-AC;DEL01-AC;UOP01-DEL01-AC;;;
731015;10/11/2025;segunda-feira;19:30:00;RJ;116;42;TERESOPOLIS;Aus�ncia de rea��o do condutor;Atropelamento de Pedestre;Com V�timas Feridas;Plena Noite;Decrescente;C�u Claro;Simples;Reta;Sim;2;0;0;2;0;0;2;2;-22,141182;-42,788513;SPRF-RJ;DEL04-RJ;UOP01-DEL04-RJ;;;
731016;10/11/2025;segunda-feira;19:00:00;GO;153;643;MORRINHOS;Velocidade Incompat�vel;Sa�da de leito carro��vel;Com V�timas Feridas;Anoitecer;Crescente;C�u Claro;Dupla;Reta;N�o;5;0;0;1;4;0;1;1;-17,89650262;-49,23464924;SPRF-GO;DEL03-GO;UOP01-DEL03-GO;;;
731017;10/11/2025;segunda-feira;19:19:00;RJ;40;105;DUQUE DE CAXIAS;Aus�ncia de rea��o do condutor;Colis�o transversal;Com V�timas Feridas;Plena Noite;Crescente;C�u Claro;Simples;Reta;Sim;3;0;2;0;0;1;2;2;-22,6534196;-43,28376255;SPRF-RJ;DEL01-RJ;UOP02-DEL01-RJ;;;
731018;09/11/2025;domingo;13:20:00;BA;101;766,7;ITABELA;Rea��o tardia ou ineficiente do condutor;Queda de ocupante de ve�culo;Com V�timas Feridas;Pleno dia;Crescente;Nublado;Simples;"Reta;Ponte";N�o;1;0;0;1;0;0;1;1;-16,717865;-39,449667;SPRF-BA;DEL09-BA;UOP01-DEL09-BA;;;
731019;10/11/2025;segunda-feira;18:20:00;PR;376;620;SAO JOSE DOS PINHAIS;Acessar a via sem observar a presen�a dos outros ve�culos;Colis�o frontal;Com V�timas Feridas;Plena Noite;Crescente;C�u Claro;Simples;"Interse��o de Vias;Reta";Sim;2;0;1;1;0;0;2;2;-25,61703372;-49,16974068;SPRF-PR;DEL01-PR;UOP04-DEL01-PR;;;
731020;10/11/2025;segunda-feira;19:45:00;DF;40;4;BRASILIA;�rea urbana sem a presen�a de local apropriado para a travessia de pedestres;Atropelamento de Pedestre;Com V�timas Feridas;Plena Noite;Crescente;C�u Claro;Dupla;"Aclive;Reta";Sim;2;0;0;1;1;0;1;2;-16,01086;-47,98263;SPRF-DF;DEL01-DF;UOP01-DEL01-DF;;;
731024;10/11/2025;segunda-feira;20:00:00;RN;110;47;MOSSORO;Convers�o proibida;Colis�o transversal;Com V�timas Feridas;Plena Noite;Crescente;Ignorado;Simples;Reta;Sim;3;0;2;0;1;0;2;2;-5,20745;-37,33135;SPRF-RN;DEL04-RN;UOP01-DEL04-RN;;;
731026;10/11/2025;segunda-feira;19:45:00;PR;277;1;CURITIBA;Rea��o tardia ou ineficiente do condutor;Colis�o lateral mesmo sentido;Com V�timas Feridas;Plena Noite;Crescente;C�u Claro;Dupla;"Reta;Declive";Sim;2;0;0;1;1;0;1;2;-25,43172;-49,362697;SPRF-PR;DEL01-PR;UOP06-DEL01-PR;;;
731028;10/11/2025;segunda-feira;15:45:00;GO;80;136;BARRO ALTO;Acumulo de areia ou detritos sobre o pavimento;Colis�o com objeto;Sem V�timas;Pleno dia;Decrescente;C�u Claro;Simples;Reta;N�o;4;0;0;0;2;2;0;2;-14,94994122;-48,93317968;SPRF-GO;DEL07-GO;UOP02-DEL07-GO;;;
731029;10/11/2025;segunda-feira;21:05:00;PR;376;204,2;APUCARANA;Entrada inopinada do pedestre;Atropelamento de Pedestre;Com V�timas Feridas;Plena Noite;Decrescente;C�u Claro;Simples;"Declive;Reta";Sim;2;0;1;0;1;0;1;2;-23,546159;-51,452368;SPRF-PR;DEL09-PR;UOP01-DEL09-PR;;;
731030;09/11/2025;domingo;12:28:00;CE;222;90,1;UMIRIM;Acessar a via sem observar a presen�a dos outros ve�culos;Colis�o frontal;Com V�timas Feridas;Pleno dia;Crescente;C�u Claro;Simples;"Interse��o de Vias;Reta";Sim;3;0;0;1;2;0;1;2;-3,677902;-39,347376;SPRF-CE;DEL01-CE;UOP03-DEL01-CE;;;
731031;10/11/2025;segunda-feira;21:55:00;SP;116;227,8;SAO PAULO;Aus�ncia de sinaliza��o;Colis�o traseira;Com V�timas Feridas;Plena Noite;Crescente;C�u Claro;M�ltipla;Reta;Sim;3;0;1;0;2;0;1;2;-23,501796;-46,564382;SPRF-SP;DEL01-SP;UOP01-DEL01-SP;;;
731032;10/11/2025;segunda-feira;17:55:00;SC;282;496,1;XANXERE;Acessar a via sem observar a presen�a dos outros ve�culos;Colis�o transversal;Com V�timas Feridas;Pleno dia;Crescente;C�u Claro;Simples;Reta;N�o;4;0;1;1;2;0;2;3;-26,87644421;-52,33008957;SPRF-SC;DEL07-SC;UOP01-DEL07-SC;;;
731034;10/11/2025;segunda-feira;19:30:00;PE;101;78;JABOATAO DOS GUARARAPES;Velocidade Incompat�vel;Queda de ocupante de ve�culo;Com V�timas Fatais;Plena Noite;Crescente;C�u Claro;Dupla;"Curva;Aclive";N�o;1;1;0;0;0;0;0;1;-8,141423;-34,946541;SPRF-PE;DEL01-PE;UOP01-DEL01-PE;;;
731037;10/11/2025;segunda-feira;21:45:00;RS;116;148,3;CAXIAS DO SUL;Entrada inopinada do pedestre;Atropelamento de Pedestre;Com V�timas Feridas;Plena Noite;Decrescente;C�u Claro;Dupla;Curva;Sim;2;0;1;0;1;0;1;2;-29,157288;-51,151322;SPRF-RS;DEL05-RS;UOP01-DEL05-RS;;;
731038;10/11/2025;segunda-feira;20:04:00;MA;10;320;ACAILANDIA;Acessar a via sem observar a presen�a dos outros ve�culos;Colis�o transversal;Com V�timas Feridas;Plena Noite;Decrescente;C�u Claro;Simples;Reta;Sim;2;0;1;0;1;0;1;2;-4,94604;-47,50336;SPRF-MA;DEL04-MA;UOP03-DEL04-MA;;;
731040;10/11/2025;segunda-feira;16:30:00;MG;116;357,9;FREI INOCENCIO;Convers�o proibida;Colis�o traseira;Com V�timas Feridas;Pleno dia;Decrescente;Nublado;Simples;Reta;N�o;4;0;0;1;3;0;1;2;-18,446999;-41,844493;SPRF-MG;DEL11-MG;UOP01-DEL11-MG;;;
731041;10/11/2025;segunda-feira;20:42:00;AC;364;138;RIO BRANCO;Desrespeitar a prefer�ncia no cruzamento;Colis�o transversal;Com V�timas Feridas;Plena Noite;Crescente;C�u Claro;Dupla;Rotat�ria;Sim;3;0;2;0;1;0;2;2;-9,96050563;-67,85660112;SPRF-AC;DEL01-AC;UOP01-DEL01-AC;;;
731042;10/11/2025;segunda-feira;21:58:00;RJ;116;29;TERESOPOLIS;Aus�ncia de rea��o do condutor;Sa�da de leito carro��vel;Sem V�timas;Plena Noite;Decrescente;C�u Claro;Simples;"Aclive;Reta";N�o;1;0;0;0;1;0;0;1;-22,18220548;-42,84963983;SPRF-RJ;DEL05-RJ;UOP01-DEL05-RJ;;;
731043;10/11/2025;segunda-feira;22:20:00;SE;235;47,9;ITABAIANA;Acessar a via sem observar a presen�a dos outros ve�culos;Colis�o transversal;Com V�timas Feridas;Plena Noite;Decrescente;C�u Claro;Simples;Reta;N�o;2;0;1;0;1;0;1;2;-10,723296;-37,4178;SPRF-SE;DEL01-SE;UOP02-DEL01-SE;;;
731044;10/11/2025;segunda-feira;23:45:00;SC;101;155;PORTO BELO;Rea��o tardia ou ineficiente do condutor;Sa�da de leito carro��vel;Com V�timas Feridas;Plena Noite;Decrescente;C�u Claro;Simples;"Curva;Interse��o de Vias";N�o;1;0;1;0;0;0;1;1;-27,16227568;-48,61081123;SPRF-SC;DEL04-SC;UOP03-DEL04-SC;;;
731047;10/11/2025;segunda-feira;23:00:00;AL;101;24;JOAQUIM GOMES;Aus�ncia de rea��o do condutor;Atropelamento de Pedestre;Com V�timas Feridas;Plena Noite;Crescente;C�u Claro;Simples;Reta;N�o;2;0;0;1;0;1;1;2;-9,05029921;-35,71105655;SPRF-AL;DEL01-AL;UOP02-DEL01-AL;;;
731048;10/11/2025;segunda-feira;19:30:00;MT;174;350;CONQUISTA DOESTE;Rea��o tardia ou ineficiente do condutor;Sa�da de leito carro��vel;Com V�timas Feridas;Plena Noite;Crescente;C�u Claro;Simples;"Aclive;Curva";N�o;2;0;0;2;0;0;2;1;-14,728746;-59,367729;SPRF-MT;DEL04-MT;UOP01-DEL04-MT;;;
731049;10/11/2025;segunda-feira;20:35:00;AC;364;157;BUJARI;Pedestre andava na pista;Atropelamento de Pedestre;Com V�timas Feridas;Plena Noite;Crescente;C�u Claro;Simples;Reta;Sim;3;0;2;1;0;0;3;2;-9,82847639;-67,95704691;SPRF-AC;DEL01-AC;UOP01-DEL01-AC;;;
731050;10/11/2025;segunda-feira;23:40:00;RN;101;83;NATAL;Ingest�o de �lcool pelo condutor;Colis�o transversal;Sem V�timas;Plena Noite;Decrescente;C�u Claro;Dupla;Rotat�ria;Sim;2;0;0;0;2;0;0;2;-5,77056113;-35,26740837;SPRF-RN;DEL02-RN;UOP01-DEL02-RN;;;
731051;10/11/2025;segunda-feira;22:30:00;RS;290;420,8;SAO GABRIEL;Afundamento ou ondula��o no pavimento;Tombamento;Com V�timas Feridas;Plena Noite;Crescente;C�u Claro;Simples;Rotat�ria;Sim;2;0;2;0;0;0;2;1;-30,33710636;-54,34527604;SPRF-RS;DEL11-RS;UOP02-DEL11-RS;;;
731053;10/11/2025;segunda-feira;18:05:00;MT;174;3,6;PONTES E LACERDA;Acessar a via sem observar a presen�a dos outros ve�culos;Colis�o transversal;Com V�timas Feridas;Anoitecer;Decrescente;C�u Claro;Simples;Reta;Sim;2;0;1;0;0;1;1;2;-15,23611826;-59,34143811;SPRF-MT;DEL04-MT;UOP01-DEL04-MT;;;
731055;11/11/2025;ter�a-feira;00:40:00;MT;364;210;RONDONOPOLIS;Aus�ncia de rea��o do condutor;Sa�da de leito carro��vel;Com V�timas Feridas;Plena Noite;Crescente;C�u Claro;Dupla;Retorno Regulamentado;Sim;1;0;1;0;0;0;1;1;-16,427437;-54,695728;SPRF-MT;DEL02-MT;UOP01-DEL02-MT;;;
731057;11/11/2025;ter�a-feira;02:15:00;SP;116;86;PINDAMONHANGABA;Entrada inopinada do pedestre;Atropelamento de Pedestre;Com V�timas Feridas;Plena Noite;Crescente;Ignorado;Dupla;Reta;N�o;3;0;0;1;2;0;1;2;-22,92574584;-45,35195654;SPRF-SP;DEL08-SP;UOP01-DEL08-SP;;;
731058;11/11/2025;ter�a-feira;03:50:00;RS;290;80;GRAVATAI;Aus�ncia de rea��o do condutor;Sa�da de leito carro��vel;Com V�timas Feridas;Plena Noite;Decrescente;Ignorado;Simples;Curva;N�o;1;0;1;0;0;0;1;1;-29,95407935;-51,06110573;SPRF-RS;DEL01-RS;UOP01-DEL01-RS;;;
731063;11/11/2025;ter�a-feira;06:10:00;SC;101;216;PALHOCA;Acumulo de �leo sobre o pavimento;Tombamento;Com V�timas Feridas;Amanhecer;Decrescente;C�u Claro;M�ltipla;Rotat�ria;Sim;1;0;1;0;0;0;1;1;-27,6634316;-48,6755218;SPRF-SC;DEL01-SC;UOP02-DEL01-SC;;;
731065;11/11/2025;ter�a-feira;06:00:00;ES;101;10;SERRA;Suic�dio (presumido);Sa�da de leito carro��vel;Com V�timas Feridas;Plena Noite;Decrescente;Nublado;Dupla;Reta;N�o;1;0;1;0;0;0;1;1;-20,14579;-40,34384;SPRF-ES;DEL02-ES;UOP01-DEL02-ES;;;
731066;11/11/2025;ter�a-feira;05:50:00;RJ;116;146;DUQUE DE CAXIAS;Demais falhas mec�nicas ou el�tricas;Inc�ndio;Sem V�timas;Pleno dia;Crescente;C�u Claro;Dupla;Reta;Sim;1;0;0;0;1;0;0;1;-22,6654886;-43,2611857;SPRF-RJ;DEL01-RJ;UOP02-DEL01-RJ;;;
731067;11/11/2025;ter�a-feira;06:20:00;SP;116;281,5;EMBU DAS ARTES;Aus�ncia de rea��o do condutor;Colis�o traseira;Com V�timas Feridas;Pleno dia;Decrescente;C�u Claro;Dupla;Reta;Sim;2;0;1;0;1;0;1;2;-23,65986503;-46,85126722;SPRF-SP;DEL04-SP;UOP01-DEL04-SP;;;
731070;11/11/2025;ter�a-feira;05:15:00;MG;381;706;LAVRAS;Aus�ncia de rea��o do condutor;Sa�da de leito carro��vel;Com V�timas Feridas;Amanhecer;Decrescente;Nublado;Dupla;"Reta;Declive";N�o;2;0;1;0;1;0;1;1;-21,323692;-45,166267;SPRF-MG;DEL04-MG;UOP02-DEL04-MG;;;
731072;11/11/2025;ter�a-feira;07:00:00;SC;280;27;ARAQUARI;Acessar a via sem observar a presen�a dos outros ve�culos;Colis�o lateral mesmo sentido;Com V�timas Feridas;Plena Noite;Decrescente;C�u Claro;Simples;Reta;Sim;2;0;1;0;0;1;1;2;-26,398821;-48,741652;SPRF-SC;DEL03-SC;UOP03-DEL03-SC;;;
731074;11/11/2025;ter�a-feira;06:40:00;PR;476;162;ARAUCARIA;Convers�o proibida;Colis�o lateral mesmo sentido;Com V�timas Feridas;Pleno dia;Crescente;Sol;Simples;Reta;N�o;2;0;2;0;0;0;2;2;-25,63269138;-49,45905927;SPRF-PR;DEL01-PR;UOP06-DEL01-PR;;;
731076;11/11/2025;ter�a-feira;07:50:00;SP;116;227;SAO PAULO;Aus�ncia de rea��o do condutor;Colis�o lateral mesmo sentido;Com V�timas Feridas;Pleno dia;Crescente;C�u Claro;M�ltipla;Reta;Sim;2;0;1;0;1;0;1;2;-23,50201705;-46,5651226;SPRF-SP;DEL01-SP;UOP01-DEL01-SP;;;
731080;11/11/2025;ter�a-feira;04:00:00;RO;364;491;ARIQUEMES;Animais na Pista;Atropelamento de Animal;Sem V�timas;Amanhecer;Crescente;Garoa/Chuvisco;Simples;Reta;N�o;3;0;0;0;3;0;0;1;-10,09929;-62,95549;SPRF-RO;DEL03-RO;UOP01-DEL03-RO;;;
731082;11/11/2025;ter�a-feira;08:30:00;SC;101;202;SAO JOSE;Manobra de mudan�a de faixa;Colis�o transversal;Com V�timas Feridas;Pleno dia;Crescente;C�u Claro;M�ltipla;Reta;Sim;2;0;0;1;1;0;1;2;-27,55754;-48,61882;SPRF-SC;DEL01-SC;UOP01-DEL01-SC;;;
731084;11/11/2025;ter�a-feira;07:00:00;SC;101;131;BALNEARIO CAMBORIU;Avarias e/ou desgaste excessivo no pneu;Tombamento;Com V�timas Feridas;Pleno dia;Crescente;C�u Claro;Dupla;Curva;Sim;1;0;1;0;0;0;1;1;-26,994324;-48,658959;SPRF-SC;DEL04-SC;UOP03-DEL04-SC;;;
731088;11/11/2025;ter�a-feira;06:40:00;ES;262;51;MARECHAL FLORIANO;Condutor deixou de manter dist�ncia do ve�culo da frente;Colis�o traseira;Com V�timas Feridas;Pleno dia;Crescente;Nublado;Simples;Reta;N�o;2;0;1;0;1;0;1;2;-20,41368682;-40,71574473;SPRF-ES;DEL01-ES;UOP01-DEL01-ES;;;
731090;11/11/2025;ter�a-feira;08:00:00;SC;101;400,8;MARACAJA;Acumulo de areia ou detritos sobre o pavimento;Tombamento;Com V�timas Feridas;Pleno dia;Crescente;C�u Claro;Dupla;Reta;Sim;1;0;0;1;0;0;1;1;-28,87005167;-49,45141554;SPRF-SC;DEL02-SC;UOP02-DEL02-SC;;;
731091;11/11/2025;ter�a-feira;07:30:00;PR;376;599,5;CURITIBA;Pedestre cruzava a pista fora da faixa;Atropelamento de Pedestre;Com V�timas Feridas;Pleno dia;Decrescente;Sol;Dupla;Reta;Sim;2;0;0;2;0;0;2;2;-25,48985113;-49,34497325;SPRF-PR;DEL01-PR;UOP03-DEL01-PR;;;
731092;11/11/2025;ter�a-feira;08:40:00;SP;101;40,5;UBATUBA;Acessar a via sem observar a presen�a dos outros ve�culos;Colis�o lateral mesmo sentido;Sem V�timas;Pleno dia;Crescente;Sol;Simples;Retorno Regulamentado;N�o;5;0;0;0;5;0;0;2;-23,4175611;-45,0384716;SPRF-SP;DEL06-SP;UOP01-DEL06-SP;;;
731093;11/11/2025;ter�a-feira;09:10:00;MG;381;500;BETIM;Avarias e/ou desgaste excessivo no pneu;Tombamento;Com V�timas Feridas;Pleno dia;Decrescente;C�u Claro;Dupla;"Aclive;Reta";Sim;1;0;1;0;0;0;1;1;-20,00403203;-44,2128662;SPRF-MG;DEL01-MG;UOP03-DEL01-MG;;;
731095;11/11/2025;ter�a-feira;08:13:00;RO;364;707;PORTO VELHO;Rea��o tardia ou ineficiente do condutor;Colis�o traseira;Com V�timas Feridas;Pleno dia;Decrescente;C�u Claro;Dupla;Reta;Sim;4;0;2;0;2;0;2;2;-8,79370885;-63,84478693;SPRF-RO;DEL01-RO;UOP01-DEL01-RO;;;
731099;11/11/2025;ter�a-feira;07:30:00;PR;116;97;SAO JOSE DOS PINHAIS;Aus�ncia de rea��o do condutor;Sa�da de leito carro��vel;Sem V�timas;Pleno dia;Decrescente;C�u Claro;Dupla;Reta;N�o;1;0;0;0;1;0;0;1;-25,546673;-49,150413;SPRF-PR;DEL01-PR;UOP07-DEL01-PR;;;
731101;11/11/2025;ter�a-feira;08:20:00;BA;110;163;RIBEIRA DO POMBAL;Aus�ncia de rea��o do condutor;Colis�o traseira;Com V�timas Feridas;Pleno dia;Decrescente;C�u Claro;Simples;Curva;N�o;4;0;2;0;1;1;2;3;-10,749;-38,506;SPRF-BA;DEL07-BA;UOP02-DEL07-BA;;;
731102;11/11/2025;ter�a-feira;08:00:00;PR;369;187;ARAPONGAS;Transitar no Acostamento;Colis�o lateral mesmo sentido;Com V�timas Feridas;Pleno dia;Crescente;C�u Claro;Simples;Interse��o de Vias;Sim;2;0;0;1;1;0;1;2;-23,41524284;-51,42717525;SPRF-PR;DEL07-PR;UOP03-DEL07-PR;;;
731105;11/11/2025;ter�a-feira;08:55:00;PE;408;53;CARPINA;Rea��o tardia ou ineficiente do condutor;Colis�o transversal;Com V�timas Feridas;Pleno dia;Decrescente;C�u Claro;Simples;Reta;Sim;2;0;1;0;1;0;1;2;-7,82656;-35,24529;SPRF-PE;DEL01-PE;UOP01-DEL01-PE;;;
731106;11/11/2025;ter�a-feira;07:55:00;RO;364;340;JI-PARANA;Manobra de mudan�a de faixa;Colis�o lateral mesmo sentido;Com V�timas Feridas;Pleno dia;Crescente;C�u Claro;M�ltipla;Reta;Sim;2;0;1;0;1;0;1;2;-10,899857;-61,930522;SPRF-RO;DEL02-RO;UOP01-DEL02-RO;;;
731108;11/11/2025;ter�a-feira;09:45:00;PI;316;237;INHUMA;Aus�ncia de rea��o do condutor;Sa�da de leito carro��vel;Com V�timas Feridas;Pleno dia;Decrescente;C�u Claro;Simples;Reta;N�o;1;0;1;0;0;0;1;1;-6,628357;-41,721673;SPRF-PI;DEL04-PI;UOP02-DEL04-PI;;;
731110;11/11/2025;ter�a-feira;09:20:00;RS;287;362,4;JAGUARI;Rea��o tardia ou ineficiente do condutor;Colis�o traseira;Com V�timas Feridas;Pleno dia;Decrescente;Sol;Simples;Aclive;N�o;2;0;2;0;0;0;2;2;-29,44001802;-54,7290802;SPRF-RS;DEL12-RS;UOP02-DEL12-RS;;;
731111;11/11/2025;ter�a-feira;08:30:00;DF;60;31;BRASILIA;Demais falhas mec�nicas ou el�tricas;Inc�ndio;Sem V�timas;Pleno dia;Decrescente;C�u Claro;Dupla;"Aclive;Reta";Sim;1;0;0;0;1;0;0;1;-16,04559564;-48,25692952;SPRF-DF;DEL03-DF;UOP01-DEL03-DF;;;
731113;11/11/2025;ter�a-feira;09:15:00;SC;116;197,9;PONTE ALTA;Manobra de mudan�a de faixa;Colis�o traseira;Com V�timas Feridas;Pleno dia;Crescente;C�u Claro;Simples;"Reta;Aclive";N�o;3;0;1;0;1;1;1;3;-27,4116285;-50,4178543;SPRF-SC;DEL05-SC;UOP03-DEL05-SC;;;
731114;11/11/2025;ter�a-feira;09:10:00;SC;470;203,9;PONTE ALTA;Rea��o tardia ou ineficiente do condutor;Sa�da de leito carro��vel;Com V�timas Feridas;Pleno dia;Crescente;C�u Claro;Simples;"Declive;Reta";N�o;2;0;1;0;1;0;1;1;-27,288995;-50,165843;SPRF-SC;DEL05-SC;UOP03-DEL05-SC;;;
731115;11/11/2025;ter�a-feira;10:47:00;PR;376;499;PONTA GROSSA;Rea��o tardia ou ineficiente do condutor;Sa�da de leito carro��vel;Com V�timas Feridas;Pleno dia;Decrescente;C�u Claro;Dupla;Declive;N�o;2;0;2;0;0;0;2;1;-25,14897955;-50,14642803;SPRF-PR;DEL03-PR;UOP04-DEL03-PR;;;
731117;11/11/2025;ter�a-feira;11:15:00;RN;406;170;SAO GONCALO DO AMARANTE;Acessar a via sem observar a presen�a dos outros ve�culos;Atropelamento de Pedestre;Com V�timas Feridas;Pleno dia;Decrescente;C�u Claro;Dupla;Declive;Sim;2;0;1;1;0;0;2;2;-5,76036652;-35,2945654;SPRF-RN;DEL02-RN;UOP01-DEL02-RN;;;
731118;10/11/2025;segunda-feira;18:40:00;MA;316;222,6;BOM JARDIM;Ingest�o de �lcool pelo condutor;Tombamento;Com V�timas Feridas;Plena Noite;Crescente;C�u Claro;Simples;Reta;N�o;1;0;0;1;0;0;1;1;-3,495703;-45,664327;SPRF-MA;DEL02-MA;UOP01-DEL02-MA;;;
731119;11/11/2025;ter�a-feira;08:40:00;PI;316;2;TERESINA;Aus�ncia de rea��o do condutor;Colis�o traseira;Com V�timas Feridas;Pleno dia;Decrescente;C�u Claro;M�ltipla;Reta;Sim;2;0;1;0;1;0;1;2;-5,12759898;-42,79324919;SPRF-PI;DEL01-PI;UOP02-DEL01-PI;;;
731120;11/11/2025;ter�a-feira;10:30:00;RN;101;100;PARNAMIRIM;Aus�ncia de rea��o do condutor;Colis�o lateral mesmo sentido;Com V�timas Feridas;Pleno dia;Crescente;C�u Claro;Dupla;Reta;N�o;2;0;1;0;1;0;1;2;-5,883933;-35,226907;SPRF-RN;DEL01-RN;UOP01-DEL01-RN;;;
731123;11/11/2025;ter�a-feira;11:30:00;SP;116;230;GUARULHOS;Manobra de mudan�a de faixa;Colis�o lateral mesmo sentido;Com V�timas Feridas;Pleno dia;Crescente;C�u Claro;M�ltipla;Reta;Sim;2;0;1;0;0;1;1;2;-23,49749067;-46,55833888;SPRF-SP;DEL01-SP;UOP01-DEL01-SP;;;
731124;19/10/2025;domingo;02:20:00;AL;104;80;RIO LARGO;Aus�ncia de rea��o do condutor;Sa�da de leito carro��vel;Com V�timas Feridas;Plena Noite;Crescente;C�u Claro;Dupla;"Retorno Regulamentado;Reta";N�o;2;0;2;0;0;0;2;1;-9,450488;-35,831734;SPRF-AL;DEL01-AL;UOP01-DEL01-AL;;;
731125;11/11/2025;ter�a-feira;10:20:00;SC;101;131,4;CAMBORIU;Desrespeitar a prefer�ncia no cruzamento;Colis�o transversal;Com V�timas Feridas;Pleno dia;Crescente;C�u Claro;M�ltipla;Interse��o de Vias;Sim;2;0;1;0;1;0;1;2;-26,993634;-48,660603;SPRF-SC;DEL04-SC;UOP03-DEL04-SC;;;
731126;01/11/2025;s�bado;19:15:00;RR;174;442;MUCAJAI;Aus�ncia de rea��o do condutor;Colis�o transversal;Com V�timas Fatais;Plena Noite;Decrescente;C�u Claro;Simples;Reta;N�o;4;1;0;1;2;0;1;3;2,389781;-60,91688;SPRF-RR;DEL01-RR;UOP01-DEL01-RR;;;
731127;11/11/2025;ter�a-feira;10:17:00;AC;364;124;RIO BRANCO;Acessar a via sem observar a presen�a dos outros ve�culos;Colis�o transversal;Com V�timas Feridas;Pleno dia;Decrescente;Nublado;Dupla;Rotat�ria;Sim;2;0;1;0;1;0;1;2;-10,0119671;-67,7978804;SPRF-AC;DEL01-AC;UOP01-DEL01-AC;;;
731128;11/11/2025;ter�a-feira;11:23:00;MG;40;551,5;NOVA LIMA;Demais falhas mec�nicas ou el�tricas;Inc�ndio;Sem V�timas;Pleno dia;Crescente;Sol;Dupla;Reta;Sim;1;0;0;0;1;0;0;1;-20,0594586;-43,97660851;SPRF-MG;DEL01-MG;UOP02-DEL01-MG;;;
731130;11/11/2025;ter�a-feira;12:00:00;GO;60;39;GOIANIA;Condutor deixou de manter dist�ncia do ve�culo da frente;Colis�o traseira;Com V�timas Feridas;Pleno dia;Crescente;C�u Claro;Dupla;Reta;Sim;3;0;1;0;2;0;1;2;-16,752701;-49,339044;SPRF-GO;DEL01-GO;UOP03-DEL01-GO;;;
731131;11/11/2025;ter�a-feira;08:20:00;AP;210;2;MACAPA;Acessar a via sem observar a presen�a dos outros ve�culos;Colis�o transversal;Com V�timas Feridas;Pleno dia;Decrescente;C�u Claro;Simples;"Interse��o de Vias;Reta";Sim;3;0;1;0;2;0;1;2;0,1073404;-51,1265451;SPRF-AP;DEL01-AP;UOP01-DEL01-AP;;;
731132;11/11/2025;ter�a-feira;12:38:00;PE;428;192;PETROLINA;Condutor desrespeitou a ilumina��o vermelha do sem�foro;Colis�o transversal;Com V�timas Feridas;Pleno dia;Crescente;C�u Claro;M�ltipla;"Interse��o de Vias;Reta";Sim;2;0;0;1;1;0;1;2;-9,384113;-40,519187;SPRF-PE;DEL06-PE;UOP01-DEL06-PE;;;
731136;11/11/2025;ter�a-feira;11:20:00;PR;369;186;ARAPONGAS;Acessar a via sem observar a presen�a dos outros ve�culos;Colis�o transversal;Com V�timas Feridas;Pleno dia;Decrescente;C�u Claro;Simples;Reta;Sim;2;0;0;1;1;0;1;2;-23,40456636;-51,42843748;SPRF-PR;DEL07-PR;UOP03-DEL07-PR;;;
731138;11/11/2025;ter�a-feira;12:10:00;PR;376;676,4;GUARATUBA;Rea��o tardia ou ineficiente do condutor;Colis�o com objeto;Sem V�timas;Pleno dia;Crescente;Sol;Simples;Curva;N�o;1;0;0;0;0;1;0;1;-25,9354698;-48,91031742;SPRF-PR;DEL01-PR;UOP04-DEL01-PR;;;