id;data_inversa;dia_semana;horario;uf;br;km;municipio;causa_acidente;tipo_acidente;classificacao_acidente;fase_dia;sentido_via;condicao_metereologica;tipo_pista;tracado_via;uso_solo;pessoas;mortos;feridos_leves;feridos_graves;ilesos;ignorados;feridos;veiculos;latitude;longitude;regional;delegacia;uop;;;
731139;14/10/2025;ter�a-feira;19:07:00;SC;282;5;FLORIANOPOLIS;Condutor deixou de manter dist�ncia do ve�culo da frente;Colis�o traseira;Com V�timas Feridas;Plena Noite;Decrescente;C�u Claro;M�ltipla;Reta;Sim;3;0;1;1;1;0;2;3;-27,60042;-48,577;SPRF-SC;DEL01-SC;UOP01-DEL01-SC;;;
731141;11/11/2025;ter�a-feira;10:25:00;PR;277;353;GUARAPUAVA;Aus�ncia de rea��o do condutor;Eventos at�picos;Sem V�timas;Pleno dia;Decrescente;C�u Claro;Simples;Reta;N�o;2;0;0;0;2;0;0;1;-25,403755;-51,546822;SPRF-PR;DEL08-PR;UOP01-DEL08-PR;;;
731142;11/11/2025;ter�a-feira;14:00:00;RS;158;321;SANTA MARIA;Manobra de mudan�a de faixa;Colis�o lateral mesmo sentido;Com V�timas Feridas;Pleno dia;Decrescente;C�u Claro;M�ltipla;Declive;Sim;2;0;1;0;1;0;1;2;-29,69571392;-53,77564073;SPRF-RS;DEL09-RS;UOP01-DEL09-RS;;;
731144;25/09/2025;quinta-feira;17:40:00;RJ;465;19;NOVA IGUACU;Aus�ncia de rea��o do condutor;Atropelamento de Pedestre;Com V�timas Feridas;Anoitecer;Crescente;Garoa/Chuvisco;Dupla;Reta;Sim;2;0;2;0;0;0;2;2;-22,83725529;-43,61161256;SPRF-RJ;DEL06-RJ;UOP02-DEL06-RJ;;;
731145;11/11/2025;ter�a-feira;14:14:00;PE;101;90,3;JABOATAO DOS GUARARAPES;Condutor deixou de manter dist�ncia do ve�culo da frente;Colis�o lateral mesmo sentido;Com V�timas Feridas;Pleno dia;Crescente;C�u Claro;Dupla;Reta;Sim;2;0;1;0;1;0;1;2;-8,220135;-34,99061;SPRF-PE;DEL01-PE;UOP01-DEL01-PE;;;
731146;12/06/2025;quinta-feira;03:02:00;TO;153;690,8;CARIRI DO TOCANTINS;Velocidade Incompat�vel;Colis�o traseira;Sem V�timas;Plena Noite;Decrescente;C�u Claro;Simples;Reta;N�o;3;0;0;0;0;3;0;2;-11,8736499;-49,1578803;SPRF-TO;DEL01-TO;UOP02-DEL01-TO;;;
731148;11/11/2025;ter�a-feira;14:30:00;MG;381;480;CONTAGEM;Manobra de mudan�a de faixa;Colis�o traseira;Com V�timas Feridas;Pleno dia;Decrescente;C�u Claro;Dupla;Reta;N�o;2;0;1;0;1;0;1;2;-19,959754;-44,053577;SPRF-MG;DEL01-MG;UOP03-DEL01-MG;;;
731149;11/11/2025;ter�a-feira;14:20:00;PR;277;1,9;PARANAGUA;Rea��o tardia ou ineficiente do condutor;Tombamento;Com V�timas Feridas;Pleno dia;Crescente;C�u Claro;Dupla;Reta;Sim;2;0;0;1;1;0;1;2;-25,509954;-48,530737;SPRF-PR;DEL01-PR;UOP05-DEL01-PR;;;
731151;08/11/2025;s�bado;08:00:00;SC;282;182;BOCAINA DO SUL;Condutor Dormindo;Sa�da de leito carro��vel;Com V�timas Feridas;Pleno dia;Decrescente;Garoa/Chuvisco;Simples;"Reta;Declive";N�o;3;0;2;1;0;0;3;1;-27,73434407;-49,96465;SPRF-SC;DEL05-SC;UOP01-DEL05-SC;;;
731153;11/11/2025;ter�a-feira;15:30:00;RN;405;159,1;RAFAEL FERNANDES;Acessar a via sem observar a presen�a dos outros ve�culos;Colis�o frontal;Com V�timas Feridas;Pleno dia;Crescente;C�u Claro;Simples;Reta;Sim;2;0;1;0;1;0;1;2;-6,18668276;-38,22207838;SPRF-RN;DEL04-RN;UOP02-DEL04-RN;;;
731154;11/11/2025;ter�a-feira;15:40:00;RJ;101;58;CAMPOS DOS GOYTACAZES;Rea��o tardia ou ineficiente do condutor;Colis�o traseira;Com V�timas Feridas;Pleno dia;Crescente;C�u Claro;Simples;Reta;Sim;4;0;1;1;2;0;2;3;-21,709084;-41,308871;SPRF-RJ;DEL08-RJ;UOP01-DEL08-RJ;;;
731156;11/11/2025;ter�a-feira;15:30:00;BA;101;954;MUCURI;Rea��o tardia ou ineficiente do condutor;Sa�da de leito carro��vel;Com V�timas Feridas;Pleno dia;Decrescente;C�u Claro;Simples;Reta;N�o;1;0;1;0;0;0;1;1;-18,158582;-39,912442;SPRF-BA;DEL09-BA;UOP02-DEL09-BA;;;
731157;12/10/2025;domingo;03:30:00;RS;392;6;RIO GRANDE;Avarias e/ou desgaste excessivo no pneu;Capotamento;Com V�timas Feridas;Plena Noite;Decrescente;Chuva;Simples;Reta;Sim;1;0;1;0;0;0;1;1;-32,0895934;-52,10743522;SPRF-RS;DEL07-RS;UOP02-DEL07-RS;;;
731158;11/11/2025;ter�a-feira;05:25:00;MT;174;478;COMODORO;Acumulo de �gua sobre o pavimento;Sa�da de leito carro��vel;Com V�timas Feridas;Amanhecer;Crescente;Chuva;Simples;"Reta;Declive";N�o;2;0;1;1;0;0;2;1;-13,71836213;-59,78024622;SPRF-MT;DEL04-MT;UOP02-DEL04-MT;;;
731160;11/11/2025;ter�a-feira;14:30:00;MG;365;624;UBERLANDIA;Ingest�o de �lcool pelo condutor;Colis�o lateral mesmo sentido;Sem V�timas;Pleno dia;Crescente;Sol;Dupla;Reta;N�o;2;0;0;0;1;1;0;2;-18,90043999;-48,27461243;SPRF-MG;DEL15-MG;UOP01-DEL15-MG;;;
731161;11/11/2025;ter�a-feira;12:10:00;PI;230;197,7;OEIRAS;Acessar a via sem observar a presen�a dos outros ve�culos;Colis�o transversal;Com V�timas Feridas;Pleno dia;Crescente;Sol;Dupla;"Reta;Interse��o de Vias";Sim;2;0;0;1;1;0;1;2;-7,012583;-42,1333;SPRF-PI;DEL04-PI;UOP01-DEL04-PI;;;
731163;11/11/2025;ter�a-feira;14:50:00;RJ;40;124;DUQUE DE CAXIAS;Rea��o tardia ou ineficiente do condutor;Queda de ocupante de ve�culo;Com V�timas Feridas;Pleno dia;Decrescente;C�u Claro;M�ltipla;Reta;Sim;2;0;1;1;0;0;2;1;-22,80861348;-43,28880181;SPRF-RJ;DEL01-RJ;UOP02-DEL01-RJ;;;
731166;11/11/2025;ter�a-feira;14:50:00;MG;50;48;ARAGUARI;Manobra de mudan�a de faixa;Colis�o traseira;Sem V�timas;Pleno dia;Decrescente;C�u Claro;Dupla;Reta;N�o;1;0;0;0;1;0;0;1;-18,73531557;-48,22548867;SPRF-MG;DEL15-MG;UOP02-DEL15-MG;;;
731167;02/06/2025;segunda-feira;15:07:00;TO;10;454,5;PALMAS;Condutor deixou de manter dist�ncia do ve�culo da frente;Colis�o traseira;Sem V�timas;Pleno dia;Crescente;C�u Claro;Dupla;Reta;Sim;2;0;0;0;2;0;0;2;-10,2030972;-48,30493832;SPRF-TO;DEL01-TO;UOP03-DEL01-TO;;;
731168;11/11/2025;ter�a-feira;16:15:00;SC;101;193,2;BIGUACU;Rea��o tardia ou ineficiente do condutor;Atropelamento de Pedestre;Com V�timas Feridas;Pleno dia;Crescente;Sol;M�ltipla;Interse��o de Vias;Sim;2;0;1;0;1;0;1;2;-27,491822;-48,656828;SPRF-SC;DEL01-SC;UOP01-DEL01-SC;;;
731169;11/11/2025;ter�a-feira;08:00:00;RJ;101;456;MANGARATIBA;Pista esburacada;Tombamento;Com V�timas Feridas;Pleno dia;Crescente;C�u Claro;Simples;"Reta;Declive";N�o;2;0;2;0;0;0;2;1;-23,03340247;-44,15515848;SPRF-RJ;DEL03-RJ;UOP02-DEL03-RJ;;;
731171;11/11/2025;ter�a-feira;16:30:00;SC;101;130;CAMBORIU;Aus�ncia de rea��o do condutor;Colis�o lateral mesmo sentido;Com V�timas Feridas;Pleno dia;Decrescente;C�u Claro;Dupla;Reta;N�o;2;0;1;0;1;0;1;2;-26,98682921;-48,66633162;SPRF-SC;DEL04-SC;UOP03-DEL04-SC;;;
731172;11/11/2025;ter�a-feira;17:00:00;PE;232;128;CARUARU;Desrespeitar a prefer�ncia no cruzamento;Colis�o transversal;Com V�timas Feridas;Anoitecer;Crescente;C�u Claro;M�ltipla;"Interse��o de Vias;Viaduto";Sim;2;0;2;0;0;0;2;2;-8,30377908;-35,97343454;SPRF-PE;DEL02-PE;UOP03-DEL02-PE;;;
731173;03/06/2025;ter�a-feira;22:50:00;SC;280;75;JARAGUA DO SUL;Rea��o tardia ou ineficiente do condutor;Colis�o frontal;Com V�timas Feridas;Plena Noite;Decrescente;Nevoeiro/Neblina;Simples;Curva;N�o;5;0;0;2;1;2;2;3;-26,45850008;-49,1711247;SPRF-SC;DEL03-SC;UOP03-DEL03-SC;;;
731174;11/11/2025;ter�a-feira;16:30:00;SP;116;111;TAUBATE;Manobra de mudan�a de faixa;Colis�o lateral mesmo sentido;Com V�timas Feridas;Pleno dia;Crescente;C�u Claro;Dupla;Reta;Sim;2;0;1;0;0;1;1;2;-23,03644826;-45,55654764;SPRF-SP;DEL02-SP;UOP02-DEL02-SP;;;
731175;11/11/2025;ter�a-feira;16:45:00;BA;101;269;SANTO ANTONIO DE JESUS;Aus�ncia de rea��o do condutor;Colis�o traseira;Com V�timas Feridas;Pleno dia;Decrescente;Garoa/Chuvisco;Simples;Aclive;N�o;2;0;1;0;1;0;1;2;-13,01415827;-39,29007757;SPRF-BA;DEL01-BA;UOP02-DEL01-BA;;;
731176;11/11/2025;ter�a-feira;15:10:00;SC;101;324,1;CAPIVARI DE BAIXO;Afundamento ou ondula��o no pavimento;Colis�o com objeto;Com V�timas Feridas;Pleno dia;Decrescente;C�u Claro;Dupla;Reta;Sim;1;0;1;0;0;0;1;1;-28,42459288;-48,93908914;SPRF-SC;DEL02-SC;UOP01-DEL02-SC;;;
731179;11/11/2025;ter�a-feira;17:00:00;RN;101;72;SAO GONCALO DO AMARANTE;Defici�ncia do Sistema de Ilumina��o/Sinaliza��o;Colis�o lateral mesmo sentido;Com V�timas Feridas;Plena Noite;Crescente;C�u Claro;Simples;Reta;N�o;2;0;0;1;1;0;1;2;-5,7045359;-35,2658905;SPRF-RN;DEL02-RN;UOP01-DEL02-RN;;;
731180;11/11/2025;ter�a-feira;16:45:00;RS;116;248;SAO LEOPOLDO;Rea��o tardia ou ineficiente do condutor;Colis�o lateral mesmo sentido;Com V�timas Feridas;Pleno dia;Crescente;C�u Claro;M�ltipla;"Interse��o de Vias;Reta;Viaduto";Sim;3;0;1;0;1;1;1;3;-29,77253434;-51,1542128;SPRF-RS;DEL01-RS;UOP02-DEL01-RS;;;
731181;11/11/2025;ter�a-feira;17:45:00;PB;230;18,3;JOAO PESSOA;Velocidade Incompat�vel;Colis�o traseira;Com V�timas Feridas;Anoitecer;Decrescente;C�u Claro;Dupla;"Aclive;Reta";Sim;2;0;1;0;1;0;1;2;-7,125752;-34,845212;SPRF-PB;DEL01-PB;UOP01-DEL01-PB;;;
731182;11/11/2025;ter�a-feira;10:00:00;AM;319;308,5;BERURI;Velocidade Incompat�vel;Capotamento;Com V�timas Fatais;Pleno dia;Decrescente;C�u Claro;Simples;Reta;N�o;5;2;3;0;0;0;3;1;-4,99901;-61,59312;SPRF-AM;DEL01-AM;UOP04-DEL01-AM;;;
731185;11/11/2025;ter�a-feira;17:30:00;SP;116;219;GUARULHOS;Aus�ncia de rea��o do condutor;Colis�o traseira;Com V�timas Feridas;Pleno dia;Decrescente;C�u Claro;M�ltipla;Reta;Sim;4;0;1;0;3;0;1;4;-23,4602625;-46,48558831;SPRF-SP;DEL01-SP;UOP01-DEL01-SP;;;
731186;11/11/2025;ter�a-feira;17:50:00;RS;386;418;MONTENEGRO;Acessar a via sem observar a presen�a dos outros ve�culos;Colis�o transversal;Com V�timas Feridas;Pleno dia;Decrescente;Sol;Simples;Reta;N�o;2;0;0;1;1;0;1;2;-29,81831276;-51,43821929;SPRF-RS;DEL04-RS;UOP02-DEL04-RS;;;
731192;11/11/2025;ter�a-feira;18:15:00;SC;101;121;ITAJAI;Condutor deixou de manter dist�ncia do ve�culo da frente;Engavetamento;Com V�timas Feridas;Anoitecer;Crescente;C�u Claro;Dupla;Reta;Sim;4;0;1;0;3;0;1;4;-26,91954444;-48,70904446;SPRF-SC;DEL04-SC;UOP04-DEL04-SC;;;
731193;11/11/2025;ter�a-feira;16:30:00;SP;101;49,5;UBATUBA;Rea��o tardia ou ineficiente do condutor;Colis�o lateral mesmo sentido;Com V�timas Feridas;Pleno dia;Crescente;Nublado;Simples;Reta;Sim;3;0;3;0;0;0;3;2;-23,44639633;-45,08152739;SPRF-SP;DEL06-SP;UOP01-DEL06-SP;;;
731194;11/11/2025;ter�a-feira;16:55:00;SP;101;48,7;UBATUBA;Acessar a via sem observar a presen�a dos outros ve�culos;Colis�o transversal;Com V�timas Feridas;Pleno dia;Crescente;Nublado;Simples;Reta;Sim;2;0;1;1;0;0;2;2;-23,44091356;-45,08692503;SPRF-SP;DEL06-SP;UOP01-DEL06-SP;;;
731195;11/11/2025;ter�a-feira;17:51:00;GO;153;502;GOIANIA;Trafegar com motocicleta (ou similar) entre as faixas;Colis�o lateral mesmo sentido;Com V�timas Feridas;Anoitecer;Decrescente;Nublado;Dupla;Reta;N�o;2;0;1;0;1;0;1;2;-16,716407;-49,236297;SPRF-GO;DEL01-GO;UOP01-DEL01-GO;;;
731196;11/11/2025;ter�a-feira;16:40:00;BA;135;194,4;BARREIRAS;Convers�o proibida;Colis�o transversal;Com V�timas Feridas;Pleno dia;Decrescente;C�u Claro;Simples;"Reta;Aclive";N�o;5;0;1;1;2;1;2;3;-12,27735;-45,0234;SPRF-BA;DEL10-BA;UOP01-DEL10-BA;;;
731199;11/11/2025;ter�a-feira;18:35:00;BA;101;714,9;EUNAPOLIS;Aus�ncia de rea��o do condutor;Colis�o traseira;Com V�timas Feridas;Plena Noite;Crescente;Nublado;Simples;"Reta;Interse��o de Vias";Sim;2;0;1;0;1;0;1;2;-16,353755;-39,57955;SPRF-BA;DEL09-BA;UOP01-DEL09-BA;;;
731200;11/11/2025;ter�a-feira;19:05:00;SP;116;225;GUARULHOS;Rea��o tardia ou ineficiente do condutor;Colis�o com objeto;Com V�timas Feridas;Plena Noite;Crescente;C�u Claro;M�ltipla;Reta;Sim;1;0;1;0;0;0;1;1;-23,492177;-46,550967;SPRF-SP;DEL01-SP;UOP01-DEL01-SP;;;
731202;30/10/2025;quinta-feira;07:30:00;ES;101;266,7;SERRA;Acessar a via sem observar a presen�a dos outros ve�culos;Colis�o transversal;Com V�timas Feridas;Pleno dia;Decrescente;Nublado;Dupla;"Retorno Regulamentado;Reta";Sim;3;0;0;1;2;0;1;2;-20,195662;-40,268922;SPRF-ES;DEL02-ES;UOP01-DEL02-ES;;;
731203;03/11/2025;segunda-feira;09:30:00;MG;40;206;JOAO PINHEIRO;Velocidade Incompat�vel;Sa�da de leito carro��vel;Com V�timas Feridas;Pleno dia;Decrescente;Chuva;Simples;Curva;N�o;1;0;0;1;0;0;1;1;-17,994347;-45,764998;SPRF-MG;DEL14-MG;UOP02-DEL14-MG;;;
731204;11/11/2025;ter�a-feira;18:20:00;MS;163;614,3;SAO GABRIEL DO OESTE;Acessar a via sem observar a presen�a dos outros ve�culos;Colis�o lateral mesmo sentido;Com V�timas Feridas;Pleno dia;Crescente;C�u Claro;Simples;"Interse��o de Vias;Reta";Sim;2;0;1;0;1;0;1;2;-19,396056;-54,56741307;SPRF-MS;DEL06-MS;UOP02-DEL06-MS;;;
731206;11/11/2025;ter�a-feira;19:40:00;PB;101;29,9;RIO TINTO;Rea��o tardia ou ineficiente do condutor;Colis�o com objeto;Com V�timas Feridas;Plena Noite;Crescente;C�u Claro;Dupla;Interse��o de Vias;N�o;1;0;0;1;0;0;1;1;-6,748106;-35,13372;SPRF-PB;DEL01-PB;UOP03-DEL01-PB;;;
731207;11/11/2025;ter�a-feira;19:20:00;MG;116;683,7;MURIAE;Rea��o tardia ou ineficiente do condutor;Colis�o traseira;Com V�timas Feridas;Pleno dia;Crescente;Nublado;Simples;"Reta;Interse��o de Vias";N�o;3;0;1;0;2;0;1;2;-20,974028;-42,355117;SPRF-MG;DEL07-MG;UOP02-DEL07-MG;;;
731208;11/11/2025;ter�a-feira;18:00:00;SC;101;328,7;CAPIVARI DE BAIXO;Velocidade Incompat�vel;Colis�o com objeto;Com V�timas Feridas;Anoitecer;Crescente;C�u Claro;M�ltipla;Curva;N�o;1;0;1;0;0;0;1;1;-28,45044924;-48,97226572;SPRF-SC;DEL02-SC;UOP01-DEL02-SC;;;
731209;11/11/2025;ter�a-feira;19:15:00;RS;386;44,3;SEBERI;Aus�ncia de rea��o do condutor;Colis�o traseira;Com V�timas Feridas;Anoitecer;Decrescente;C�u Claro;Simples;Reta;N�o;3;0;1;0;1;1;1;3;-27,44109;-53,4167;SPRF-RS;DEL08-RS;UOP02-DEL08-RS;;;
731212;11/11/2025;ter�a-feira;18:35:00;SC;101;136;BALNEARIO CAMBORIU;Aus�ncia de rea��o do condutor;Colis�o traseira;Com V�timas Feridas;Plena Noite;Decrescente;Nublado;M�ltipla;"Reta;Ponte";Sim;5;0;2;1;1;1;3;4;-27,00739;-48,61876;SPRF-SC;DEL04-SC;UOP03-DEL04-SC;;;
731214;11/11/2025;ter�a-feira;18:50:00;PA;222;22;DOM ELISEU;Defici�ncia do Sistema de Ilumina��o/Sinaliza��o;Colis�o traseira;Com V�timas Fatais;Pleno dia;Decrescente;C�u Claro;Simples;Reta;N�o;2;1;0;0;1;0;0;2;-4,30437;-47,593716;SPRF-PA;DEL02-PA;UOP02-DEL02-PA;;;
731216;26/10/2025;domingo;11:30:00;GO;70;50;COCALZINHO DE GOIAS;Acessar a via sem observar a presen�a dos outros ve�culos;Colis�o transversal;Sem V�timas;Pleno dia;Decrescente;Sol;Simples;Reta;Sim;4;0;0;0;4;0;0;2;-15,750882;-48,615928;SPRF-DF;DEL03-DF;UOP02-DEL03-DF;;;
731219;11/11/2025;ter�a-feira;19:20:00;RJ;116;115;MAGE;Transitar na contram�o;Colis�o frontal;Com V�timas Feridas;Plena Noite;Decrescente;Nublado;Dupla;Reta;Sim;2;0;1;0;1;0;1;2;-22,58532;-43,017936;SPRF-RJ;DEL04-RJ;UOP02-DEL04-RJ;;;
731220;11/11/2025;ter�a-feira;20:50:00;SC;101;203,2;SAO JOSE;Aus�ncia de rea��o do condutor;Tombamento;Com V�timas Feridas;Plena Noite;Decrescente;C�u Claro;Dupla;Reta;Sim;1;0;0;1;0;0;1;1;-27,56695;-48,61372;SPRF-SC;DEL01-SC;UOP01-DEL01-SC;;;
731222;11/11/2025;ter�a-feira;18:30:00;MA;135;4;SAO LUIS;Rea��o tardia ou ineficiente do condutor;Colis�o traseira;Com V�timas Feridas;Plena Noite;Decrescente;C�u Claro;Dupla;Reta;Sim;3;0;1;0;2;0;1;2;-2,620659;-44,25736;SPRF-MA;DEL01-MA;UOP01-DEL01-MA;;;
731223;11/11/2025;ter�a-feira;20:32:00;RJ;101;474;ANGRA DOS REIS;Convers�o proibida;Colis�o transversal;Com V�timas Feridas;Plena Noite;Crescente;C�u Claro;Simples;Curva;N�o;2;0;1;0;0;1;1;2;-22,99887135;-44,25349832;SPRF-RJ;DEL03-RJ;UOP03-DEL03-RJ;;;
731224;11/11/2025;ter�a-feira;19:39:00;MT;163;669;LUCAS DO RIO VERDE;Aus�ncia de rea��o do condutor;Queda de ocupante de ve�culo;Com V�timas Feridas;Plena Noite;Crescente;C�u Claro;Simples;"Reta;Em Obras";N�o;1;0;0;1;0;0;1;1;-13,22541846;-56,00485361;SPRF-MT;DEL06-MT;UOP01-DEL06-MT;;;
731226;11/11/2025;ter�a-feira;21:20:00;GO;60;94;ANAPOLIS;Demais falhas mec�nicas ou el�tricas;Queda de ocupante de ve�culo;Com V�timas Feridas;Plena Noite;Crescente;Chuva;Dupla;Curva;Sim;1;0;1;0;0;0;1;1;-16,362425;-48,933855;SPRF-GO;DEL02-GO;UOP01-DEL02-GO;;;
731227;11/11/2025;ter�a-feira;21:20:00;ES;101;301;VIANA;Rea��o tardia ou ineficiente do condutor;Colis�o com objeto;Com V�timas Feridas;Plena Noite;Decrescente;C�u Claro;M�ltipla;Curva;N�o;3;0;2;1;0;0;3;1;-20,363575;-40,440774;SPRF-ES;DEL01-ES;UOP01-DEL01-ES;;;
731228;11/11/2025;ter�a-feira;20:30:00;PR;369;163;CAMBE;Ingest�o de �lcool pelo condutor;Colis�o traseira;Com V�timas Feridas;Plena Noite;Decrescente;C�u Claro;Dupla;Reta;Sim;5;0;1;1;3;0;2;2;-23,29590993;-51,27250671;SPRF-PR;DEL07-PR;UOP01-DEL07-PR;;;
731231;11/11/2025;ter�a-feira;19:00:00;MA;222;366,8;SANTA INES;Pedestre - Ingest�o de �lcool/ subst�ncias psicoativas;Atropelamento de Pedestre;Com V�timas Feridas;Plena Noite;Crescente;C�u Claro;Simples;Reta;Sim;2;0;1;0;0;1;1;2;-3,702207;-45,412192;SPRF-MA;DEL02-MA;UOP01-DEL02-MA;;;
731232;11/11/2025;ter�a-feira;20:50:00;BA;324;530;FEIRA DE SANTANA;Rea��o tardia ou ineficiente do condutor;Sa�da de leito carro��vel;Com V�timas Feridas;Plena Noite;Decrescente;Garoa/Chuvisco;Dupla;Curva;N�o;2;0;2;0;0;0;2;1;-12,33739534;-38,84926558;SPRF-BA;DEL01-BA;UOP03-DEL01-BA;;;
731233;11/11/2025;ter�a-feira;19:29:00;PI;316;345;GEMINIANO;Acessar a via sem observar a presen�a dos outros ve�culos;Colis�o transversal;Sem V�timas;Plena Noite;Crescente;C�u Claro;Simples;Reta;N�o;2;0;0;0;2;0;0;2;-7,11146851;-41,22810568;SPRF-PI;DEL04-PI;UOP01-DEL04-PI;;;
731234;11/11/2025;ter�a-feira;21:15:00;RO;364;424;JARU;Entrada inopinada do pedestre;Atropelamento de Pedestre;Com V�timas Feridas;Plena Noite;Crescente;C�u Claro;Simples;Reta;Sim;2;0;0;1;1;0;1;2;-10,43796;-62,470687;SPRF-RO;DEL03-RO;UOP02-DEL03-RO;;;
731236;08/09/2025;segunda-feira;08:20:00;MG;365;626;UBERLANDIA;Rea��o tardia ou ineficiente do condutor;Colis�o lateral mesmo sentido;Com V�timas Feridas;Pleno dia;Decrescente;C�u Claro;Dupla;"Declive;Reta";Sim;2;0;0;1;1;0;1;2;-18,90897644;-48,31054956;SPRF-MG;DEL15-MG;UOP01-DEL15-MG;;;
731237;11/11/2025;ter�a-feira;19:00:00;MT;70;6,7;BARRA DO GARCAS;Velocidade Incompat�vel;Colis�o transversal;Com V�timas Feridas;Plena Noite;Decrescente;C�u Claro;Dupla;Reta;Sim;2;0;0;1;1;0;1;2;-15,87808304;-52,31253359;SPRF-MT;DEL07-MT;UOP01-DEL07-MT;;;
731238;11/11/2025;ter�a-feira;21:35:00;PR;376;404,3;TIBAGI;Pedestre andava na pista;Atropelamento de Pedestre;Com V�timas Fatais;Plena Noite;Decrescente;C�u Claro;Dupla;"Reta;Aclive";N�o;3;1;0;0;2;0;0;2;-24,616465;-50,651028;SPRF-PR;DEL03-PR;UOP02-DEL03-PR;;;
731239;11/11/2025;ter�a-feira;18:50:00;MG;40;123,4;JOAO PINHEIRO;Pedestre andava na pista;Atropelamento de Pedestre;Com V�timas Fatais;Plena Noite;Decrescente;C�u Claro;Simples;Reta;N�o;2;1;0;0;1;0;0;2;-17,674739;-46,334633;SPRF-MG;DEL14-MG;UOP01-DEL14-MG;;;
731240;11/11/2025;ter�a-feira;22:15:00;MA;316;437;PERITORO;Ingest�o de �lcool pelo condutor;Queda de ocupante de ve�culo;Com V�timas Feridas;Plena Noite;Decrescente;C�u Claro;Simples;Reta;N�o;1;0;0;1;0;0;1;1;-4,41413982;-44,2466112;SPRF-MA;DEL03-MA;UOP01-DEL03-MA;;;
731241;11/11/2025;ter�a-feira;21:30:00;RJ;101;331;RIO DE JANEIRO;Aus�ncia de rea��o do condutor;Colis�o traseira;Com V�timas Feridas;Anoitecer;Crescente;C�u Claro;M�ltipla;Reta;Sim;3;0;0;1;2;0;1;2;-22,86792747;-43,19067836;SPRF-RJ;DEL02-RJ;UOP01-DEL02-RJ;;;
731243;11/11/2025;ter�a-feira;22:05:00;PI;316;27;DEMERVAL LOBAO;Pedestre andava na pista;Atropelamento de Pedestre;Com V�timas Fatais;Plena Noite;Crescente;C�u Claro;Dupla;Reta;N�o;2;1;0;0;1;0;0;2;-5,320205;-42,700085;SPRF-PI;DEL01-PI;UOP02-DEL01-PI;;;
731244;11/11/2025;ter�a-feira;23:50:00;SP;116;132,3;CACAPAVA;Rea��o tardia ou ineficiente do condutor;Colis�o lateral mesmo sentido;Com V�timas Feridas;Plena Noite;Decrescente;C�u Claro;Dupla;Reta;Sim;2;0;2;0;0;0;2;2;-23,12739261;-45,69728851;SPRF-SP;DEL02-SP;UOP02-DEL02-SP;;;
731245;11/11/2025;ter�a-feira;23:00:00;SP;116;49,9;LORENA;Avarias e/ou desgaste excessivo no pneu;Tombamento;Com V�timas Feridas;Plena Noite;Crescente;C�u Claro;Dupla;Reta;N�o;2;0;2;0;0;0;2;1;-22,73780193;-45,08705378;SPRF-SP;DEL08-SP;UOP02-DEL08-SP;;;
731247;11/11/2025;ter�a-feira;23:50:00;SP;116;221;GUARULHOS;Demais falhas mec�nicas ou el�tricas;Inc�ndio;Sem V�timas;Plena Noite;Decrescente;C�u Claro;M�ltipla;Reta;Sim;1;0;0;0;1;0;0;1;-23,469153;-46,511317;SPRF-SP;DEL01-SP;UOP01-DEL01-SP;;;
731248;12/11/2025;quarta-feira;00:35:00;SC;101;284,5;IMBITUBA;Aus�ncia de rea��o do condutor;Colis�o com objeto;Com V�timas Feridas;Plena Noite;Crescente;C�u Claro;Dupla;"Curva;Viaduto";N�o;1;0;1;0;0;0;1;1;-28,2329536;-48,70189905;SPRF-SC;DEL02-SC;UOP03-DEL02-SC;;;
731249;12/11/2025;quarta-feira;01:20:00;PR;373;188;PONTA GROSSA;Rea��o tardia ou ineficiente do condutor;Sa�da de leito carro��vel;Com V�timas Feridas;Plena Noite;Crescente;C�u Claro;Simples;Reta;N�o;1;0;0;1;0;0;1;1;-25,05292317;-50,31286597;SPRF-PR;DEL03-PR;UOP01-DEL03-PR;;;
731250;12/11/2025;quarta-feira;01:30:00;MG;459;98,1;POUSO ALEGRE;Transitar na contram�o;Colis�o lateral sentido oposto;Com V�timas Fatais;Plena Noite;Crescente;C�u Claro;Simples;Reta;N�o;3;1;0;0;2;0;0;2;-22,19805427;-45,97297668;SPRF-MG;DEL09-MG;UOP01-DEL09-MG;;;
731251;12/11/2025;quarta-feira;01:01:00;PE;232;210;PESQUEIRA;Transitar na contram�o;Colis�o frontal;Com V�timas Fatais;Plena Noite;Crescente;C�u Claro;Simples;Reta;N�o;2;1;0;0;1;0;0;2;-8,40193565;-36,69116925;SPRF-PE;DEL03-PE;UOP02-DEL03-PE;;;
731252;12/11/2025;quarta-feira;00:59:00;RO;319;143;PORTO VELHO;Rea��o tardia ou ineficiente do condutor;Capotamento;Sem V�timas;Plena Noite;Crescente;Nublado;Dupla;Interse��o de Vias;Sim;1;0;0;0;1;0;0;1;-8,76107212;-63,88575554;SPRF-RO;DEL01-RO;UOP01-DEL01-RO;;;
731255;12/11/2025;quarta-feira;04:00:00;PR;369;37,7;ANDIRA;Condutor Dormindo;Colis�o transversal;Com V�timas Feridas;Plena Noite;Crescente;Nublado;Simples;"Declive;Reta";Sim;2;0;1;0;1;0;1;2;-23,0491848;-50,23737285;SPRF-PR;DEL07-PR;UOP05-DEL07-PR;;;