id;data_inversa;dia_semana;horario;uf;br;km;municipio;causa_acidente;tipo_acidente;classificacao_acidente;fase_dia;sentido_via;condicao_metereologica;tipo_pista;tracado_via;uso_solo;pessoas;mortos;feridos_leves;feridos_graves;ilesos;ignorados;feridos;veiculos;latitude;longitude;regional;delegacia;uop;;;
731257;12/11/2025;quarta-feira;04:40:00;RJ;101;327;NITEROI;Aus�ncia de rea��o do condutor;Colis�o traseira;Com V�timas Feridas;Plena Noite;Decrescente;C�u Claro;M�ltipla;Reta;Sim;2;0;2;0;0;0;2;2;-22,87134245;-43,15262222;SPRF-RJ;DEL02-RJ;UOP01-DEL02-RJ;;;
731261;12/11/2025;quarta-feira;06:45:00;SE;235;2;ARACAJU;Condutor deixou de manter dist�ncia do ve�culo da frente;Colis�o traseira;Com V�timas Feridas;Pleno dia;Decrescente;C�u Claro;Dupla;Reta;Sim;3;0;1;1;1;0;2;2;-10,906672;-37,099322;SPRF-SE;DEL01-SE;UOP01-DEL01-SE;;;
731263;12/11/2025;quarta-feira;05:40:00;GO;364;1,8;SAO SIMAO;Ingest�o de �lcool pelo condutor;Sa�da de leito carro��vel;Sem V�timas;Amanhecer;Crescente;Ignorado;Simples;"Curva;Rotat�ria";N�o;1;0;0;0;1;0;0;1;-19,03831623;-50,51215374;SPRF-GO;DEL05-GO;UOP02-DEL05-GO;;;
731266;12/11/2025;quarta-feira;07:24:00;ES;101;207,9;IBIRACU;Demais falhas mec�nicas ou el�tricas;Queda de ocupante de ve�culo;Com V�timas Feridas;Pleno dia;Decrescente;Sol;Simples;Reta;Sim;1;0;1;0;0;0;1;1;-19,78148544;-40,37166506;SPRF-ES;DEL02-ES;UOP01-DEL02-ES;;;
731268;12/11/2025;quarta-feira;01:00:00;RJ;116;176;RIO DE JANEIRO;Ilumina��o deficiente;Colis�o traseira;Com V�timas Feridas;Plena Noite;Crescente;C�u Claro;Dupla;Reta;Sim;2;0;1;0;1;0;1;2;-22,80486393;-43,34523074;SPRF-RJ;DEL06-RJ;UOP01-DEL06-RJ;;;
731269;12/11/2025;quarta-feira;07:10:00;PA;230;112;MARABA;Rea��o tardia ou ineficiente do condutor;Colis�o traseira;Com V�timas Feridas;Pleno dia;Decrescente;C�u Claro;Simples;Reta;N�o;2;0;2;0;0;0;2;2;-5,36765;-49,05413;SPRF-PA;DEL03-PA;UOP01-DEL03-PA;;;
731270;12/11/2025;quarta-feira;06:40:00;SP;116;211,5;GUARULHOS;Trafegar com motocicleta (ou similar) entre as faixas;Colis�o lateral mesmo sentido;Com V�timas Feridas;Pleno dia;Crescente;C�u Claro;M�ltipla;Reta;N�o;2;0;1;0;1;0;1;2;-23,43613061;-46,42892987;SPRF-SP;DEL01-SP;UOP01-DEL01-SP;;;
731271;01/11/2025;s�bado;02:00:00;MG;40;525,8;CONTAGEM;Rea��o tardia ou ineficiente do condutor;Sa�da de leito carro��vel;Com V�timas Feridas;Plena Noite;Crescente;Chuva;Dupla;"Declive;Reta";Sim;2;0;1;0;1;0;1;1;-19,8923107;-44,0501456;SPRF-MG;DEL01-MG;UOP02-DEL01-MG;;;
731272;12/11/2025;quarta-feira;07:40:00;MG;116;528,9;CARATINGA;Acessar a via sem observar a presen�a dos outros ve�culos;Colis�o transversal;Com V�timas Feridas;Pleno dia;Decrescente;C�u Claro;Simples;"Interse��o de Vias;Reta";Sim;2;0;0;1;1;0;1;2;-19,8024328;-42,1360969;SPRF-MG;DEL06-MG;UOP02-DEL06-MG;;;
731273;12/11/2025;quarta-feira;07:15:00;SC;280;121,8;SAO BENTO DO SUL;Condutor deixou de manter dist�ncia do ve�culo da frente;Colis�o traseira;Com V�timas Feridas;Amanhecer;Decrescente;C�u Claro;Simples;"Interse��o de Vias;Declive";N�o;2;0;1;0;1;0;1;2;-26,250237;-49,455768;SPRF-SC;DEL06-SC;UOP03-DEL06-SC;;;
731275;12/11/2025;quarta-feira;08:00:00;SP;116;146;SAO JOSE DOS CAMPOS;Aus�ncia de rea��o do condutor;Colis�o traseira;Com V�timas Feridas;Pleno dia;Crescente;C�u Claro;M�ltipla;Declive;Sim;4;0;1;0;3;0;1;2;-23,190705;-45,862849;SPRF-SP;DEL02-SP;UOP01-DEL02-SP;;;
731276;12/11/2025;quarta-feira;07:50:00;RJ;40;51;PETROPOLIS;Retorno proibido;Colis�o transversal;Com V�timas Feridas;Pleno dia;Decrescente;C�u Claro;Simples;Interse��o de Vias;Sim;3;0;2;0;1;0;2;2;-22,33335204;-43,13361526;SPRF-RJ;DEL05-RJ;UOP02-DEL05-RJ;;;
731277;12/11/2025;quarta-feira;06:40:00;PR;376;121,2;SAO JOSE DOS PINHAIS;Trafegar com motocicleta (ou similar) entre as faixas;Colis�o lateral mesmo sentido;Com V�timas Feridas;Pleno dia;Crescente;C�u Claro;Dupla;"Reta;Declive";Sim;2;0;1;0;1;0;1;2;-25,58673;-49,17327;SPRF-PR;DEL09-PR;UOP02-DEL09-PR;;;
731278;12/11/2025;quarta-feira;08:00:00;RS;290;73;GRAVATAI;Rea��o tardia ou ineficiente do condutor;Engavetamento;Com V�timas Feridas;Pleno dia;Decrescente;C�u Claro;Dupla;Reta;Sim;4;0;2;0;2;0;2;3;-29,95320647;-50,98448548;SPRF-RS;DEL03-RS;UOP01-DEL03-RS;;;
731279;12/11/2025;quarta-feira;07:20:00;PR;369;144,4;LONDRINA;Desrespeitar a prefer�ncia no cruzamento;Colis�o transversal;Com V�timas Feridas;Pleno dia;Crescente;C�u Claro;Dupla;"Reta;Aclive;Retorno Regulamentado";Sim;2;0;0;1;1;0;1;2;-23,29346068;-51,10779259;SPRF-PR;DEL07-PR;UOP01-DEL07-PR;;;
731280;12/11/2025;quarta-feira;08:10:00;SC;101;205;SAO JOSE;Manobra de mudan�a de faixa;Colis�o traseira;Com V�timas Feridas;Pleno dia;Crescente;Nublado;M�ltipla;Reta;N�o;3;0;2;0;1;0;2;2;-27,582852;-48,61516;SPRF-SC;DEL01-SC;UOP01-DEL01-SC;;;
731281;12/11/2025;quarta-feira;08:30:00;RS;116;264;CANOAS;Manobra de mudan�a de faixa;Colis�o lateral mesmo sentido;Com V�timas Feridas;Pleno dia;Crescente;C�u Claro;M�ltipla;"Reta;Em Obras";Sim;2;0;1;0;1;0;1;2;-29,9186123;-51,1783372;SPRF-RS;DEL01-RS;UOP01-DEL01-RS;;;
731283;12/11/2025;quarta-feira;08:10:00;PR;116;100;SAO JOSE DOS PINHAIS;Condutor deixou de manter dist�ncia do ve�culo da frente;Engavetamento;Com V�timas Feridas;Pleno dia;Decrescente;C�u Claro;Dupla;Reta;Sim;3;0;1;0;2;0;1;3;-25,56760026;-49,17066067;SPRF-PR;DEL01-PR;UOP07-DEL01-PR;;;
731284;08/11/2025;s�bado;13:00:00;SC;101;70,5;ARAQUARI;Manobra de mudan�a de faixa;Colis�o traseira;Com V�timas Feridas;Pleno dia;Decrescente;C�u Claro;Dupla;Reta;N�o;8;0;2;1;5;0;3;3;-26,51467;-48,720847;SPRF-SC;DEL03-SC;UOP02-DEL03-SC;;;
731285;12/11/2025;quarta-feira;08:10:00;PE;408;95;RECIFE;Manobra de mudan�a de faixa;Colis�o lateral mesmo sentido;Com V�timas Feridas;Pleno dia;Crescente;Sol;Dupla;Reta;N�o;3;0;0;1;2;0;1;2;-8,05796;-34,99406;SPRF-PE;DEL01-PE;UOP01-DEL01-PE;;;
731286;12/11/2025;quarta-feira;08:00:00;MG;40;277,2;TRES MARIAS;Demais falhas mec�nicas ou el�tricas;Inc�ndio;Sem V�timas;Pleno dia;Decrescente;C�u Claro;Simples;"Reta;Declive";N�o;1;0;0;0;1;0;0;1;-18,21444122;-45,22310682;SPRF-MG;DEL14-MG;UOP02-DEL14-MG;;;
731288;12/11/2025;quarta-feira;08:50:00;RN;101;83;NATAL;Aus�ncia de rea��o do condutor;Colis�o traseira;Com V�timas Feridas;Pleno dia;Decrescente;C�u Claro;Dupla;Reta;Sim;2;0;1;0;1;0;1;2;-5,772445;-35,262452;SPRF-RN;DEL02-RN;UOP01-DEL02-RN;;;
731289;12/11/2025;quarta-feira;09:04:00;RJ;116;193;QUEIMADOS;Aus�ncia de rea��o do condutor;Colis�o traseira;Com V�timas Feridas;Pleno dia;Decrescente;C�u Claro;Dupla;"Reta;Em Obras";Sim;3;0;1;1;1;0;2;2;-22,73602596;-43,54702709;SPRF-RJ;DEL06-RJ;UOP01-DEL06-RJ;;;
731290;29/09/2025;segunda-feira;07:50:00;MG;116;275,9;TEOFILO OTONI;Desrespeitar a prefer�ncia no cruzamento;Colis�o transversal;Com V�timas Feridas;Pleno dia;Crescente;C�u Claro;Simples;"Interse��o de Vias;Reta";Sim;3;0;3;0;0;0;3;2;-17,851065;-41,514965;SPRF-MG;DEL11-MG;UOP01-DEL11-MG;;;
731292;08/11/2025;s�bado;18:35:00;AL;101;178;TEOTONIO VILELA;Aus�ncia de rea��o do condutor;Sa�da de leito carro��vel;Com V�timas Feridas;Plena Noite;Decrescente;C�u Claro;Dupla;Reta;N�o;1;0;1;0;0;0;1;1;-9,88910143;-36,38383739;SPRF-AL;DEL02-AL;UOP02-DEL02-AL;;;
731293;12/11/2025;quarta-feira;09:20:00;RN;101;94;NATAL;Manobra de mudan�a de faixa;Colis�o lateral mesmo sentido;Com V�timas Feridas;Pleno dia;Decrescente;C�u Claro;M�ltipla;Reta;Sim;1;0;1;0;0;0;1;1;-5,82736306;-35,21034705;SPRF-RN;DEL01-RN;UOP01-DEL01-RN;;;
731294;12/11/2025;quarta-feira;08:33:00;SP;116;211;GUARULHOS;Aus�ncia de rea��o do condutor;Colis�o traseira;Com V�timas Feridas;Pleno dia;Crescente;C�u Claro;M�ltipla;Reta;Sim;5;0;1;0;4;0;1;5;-23,43236375;-46,42013049;SPRF-SP;DEL01-SP;UOP01-DEL01-SP;;;
731295;12/11/2025;quarta-feira;09:25:00;PR;153;41,9;SANTO ANTONIO DA PLATINA;Rea��o tardia ou ineficiente do condutor;Colis�o transversal;Com V�timas Feridas;Pleno dia;Crescente;C�u Claro;Simples;"Reta;Rotat�ria";Sim;8;0;2;0;6;0;2;2;-23,2971166;-50,06837575;SPRF-PR;DEL07-PR;UOP04-DEL07-PR;;;
731296;25/10/2025;s�bado;09:30:00;GO;158;30;BOM JARDIM DE GOIAS;Rea��o tardia ou ineficiente do condutor;Queda de ocupante de ve�culo;Com V�timas Feridas;Pleno dia;Decrescente;C�u Claro;Simples;Reta;N�o;1;0;1;0;0;0;1;1;-16,14824908;-52,17027304;SPRF-GO;DEL04-GO;UOP02-DEL04-GO;;;
731297;12/11/2025;quarta-feira;09:05:00;PE;232;138,6;SAO CAITANO;Rea��o tardia ou ineficiente do condutor;Colis�o traseira;Com V�timas Feridas;Pleno dia;Crescente;C�u Claro;Dupla;"Reta;Em Obras";N�o;4;0;1;0;1;2;1;4;-8,319723;-36,071133;SPRF-PE;DEL02-PE;UOP03-DEL02-PE;;;
731298;24/09/2025;quarta-feira;07:30:00;SC;101;107;PENHA;Condutor deixou de manter dist�ncia do ve�culo da frente;Colis�o traseira;Sem V�timas;Pleno dia;Crescente;C�u Claro;Dupla;Reta;N�o;3;0;0;0;2;1;0;3;-26,82018096;-48,68441892;SPRF-SC;DEL03-SC;UOP02-DEL03-SC;;;
731303;12/11/2025;quarta-feira;10:20:00;RS;470;157,5;NOVA PRATA;Rea��o tardia ou ineficiente do condutor;Colis�o traseira;Com V�timas Feridas;Pleno dia;Crescente;C�u Claro;Simples;"Interse��o de Vias;Reta";N�o;3;0;1;0;2;0;1;2;-28,78603417;-51,61415245;SPRF-RS;DEL06-RS;UOP02-DEL06-RS;;;
731304;12/11/2025;quarta-feira;08:45:00;PI;343;184;PIRIPIRI;Desrespeitar a prefer�ncia no cruzamento;Colis�o transversal;Com V�timas Feridas;Pleno dia;Crescente;C�u Claro;Simples;Rotat�ria;N�o;4;0;3;0;1;0;3;2;-4,27729917;-41,76317453;SPRF-PI;DEL02-PI;UOP01-DEL02-PI;;;
731307;12/11/2025;quarta-feira;10:00:00;PR;376;489,7;PONTA GROSSA;Aus�ncia de rea��o do condutor;Queda de ocupante de ve�culo;Com V�timas Feridas;Pleno dia;Crescente;Sol;Dupla;"Reta;Aclive";N�o;1;0;1;0;0;0;1;1;-25,132595;-50,168675;SPRF-PR;DEL03-PR;UOP04-DEL03-PR;;;
731308;12/11/2025;quarta-feira;07:50:00;SP;153;212,3;GUAIMBE;Condutor deixou de manter dist�ncia do ve�culo da frente;Colis�o traseira;Com V�timas Feridas;Pleno dia;Decrescente;C�u Claro;Simples;Reta;N�o;2;0;1;0;1;0;1;2;-21,92403128;-49,91718499;SPRF-SP;DEL07-SP;UOP02-DEL07-SP;;;
731309;10/11/2025;segunda-feira;04:00:00;PR;376;542;PALMEIRA;Defici�ncia do Sistema de Ilumina��o/Sinaliza��o;Colis�o com objeto;Sem V�timas;Plena Noite;Crescente;C�u Claro;Dupla;Reta;N�o;1;0;0;0;1;0;0;1;-25,411054;-49,778265;SPRF-PR;DEL03-PR;UOP03-DEL03-PR;;;
731313;12/11/2025;quarta-feira;11:20:00;RJ;393;268;BARRA DO PIRAI;Acessar a via sem observar a presen�a dos outros ve�culos;Colis�o transversal;Com V�timas Feridas;Pleno dia;Crescente;C�u Claro;Simples;"Interse��o de Vias;Declive;Rotat�ria";N�o;2;0;1;0;1;0;1;2;-22,47675737;-43,94399134;SPRF-RJ;DEL05-RJ;UOP04-DEL05-RJ;;;
731315;12/11/2025;quarta-feira;09:00:00;RJ;101;286;ITABORAI;Demais falhas mec�nicas ou el�tricas;Colis�o com objeto;Com V�timas Feridas;Pleno dia;Decrescente;C�u Claro;Dupla;Reta;N�o;1;0;1;0;0;0;1;1;-22,75091066;-42,81791434;SPRF-RJ;DEL02-RJ;UOP02-DEL02-RJ;;;
731317;12/11/2025;quarta-feira;12:00:00;RS;116;147,3;CAXIAS DO SUL;Condutor desrespeitou a ilumina��o vermelha do sem�foro;Colis�o transversal;Com V�timas Feridas;Pleno dia;Decrescente;C�u Claro;Dupla;"Interse��o de Vias;Reta";Sim;2;0;1;0;1;0;1;2;-29,15184696;-51,14805071;SPRF-RS;DEL05-RS;UOP01-DEL05-RS;;;
731319;12/11/2025;quarta-feira;11:45:00;PA;308;188;TRACUATEUA;Aus�ncia de rea��o do condutor;Colis�o traseira;Com V�timas Feridas;Pleno dia;Decrescente;C�u Claro;Simples;Reta;N�o;2;0;0;1;1;0;1;2;-1,084557;-46,89888;SPRF-PA;DEL01-PA;UOP03-DEL01-PA;;;
731320;12/11/2025;quarta-feira;11:30:00;PE;101;63;RECIFE;Manobra de mudan�a de faixa;Colis�o lateral mesmo sentido;Com V�timas Feridas;Pleno dia;Crescente;C�u Claro;Dupla;Reta;Sim;2;0;1;0;1;0;1;2;-8,009232;-34,9375;SPRF-PE;DEL01-PE;UOP01-DEL01-PE;;;
731322;12/11/2025;quarta-feira;13:00:00;ES;101;146,4;LINHARES;Trafegar com motocicleta (ou similar) entre as faixas;Colis�o traseira;Com V�timas Feridas;Pleno dia;Crescente;Nublado;M�ltipla;Reta;Sim;2;0;1;0;1;0;1;2;-19,37253304;-40,06487749;SPRF-ES;DEL04-ES;UOP01-DEL04-ES;;;
731323;12/11/2025;quarta-feira;12:05:00;SC;101;149;ITAPEMA;Acessar a via sem observar a presen�a dos outros ve�culos;Colis�o transversal;Com V�timas Feridas;Pleno dia;Decrescente;C�u Claro;Simples;Reta;Sim;2;0;1;0;1;0;1;2;-27,11465104;-48,60955663;SPRF-SC;DEL04-SC;UOP03-DEL04-SC;;;
731324;12/11/2025;quarta-feira;11:15:00;RJ;40;108;DUQUE DE CAXIAS;Acesso irregular;Colis�o transversal;Com V�timas Feridas;Pleno dia;Decrescente;C�u Claro;M�ltipla;Curva;Sim;3;0;0;1;2;0;1;2;-22,67001479;-43,28532493;SPRF-RJ;DEL01-RJ;UOP02-DEL01-RJ;;;
731325;12/11/2025;quarta-feira;13:15:00;PB;230;21,6;JOAO PESSOA;Acessar a via sem observar a presen�a dos outros ve�culos;Colis�o transversal;Com V�timas Feridas;Pleno dia;Decrescente;Sol;Dupla;Reta;Sim;2;0;1;0;1;0;1;2;-7,149042;-34,85106;SPRF-PB;DEL01-PB;UOP01-DEL01-PB;;;
731327;12/11/2025;quarta-feira;13:10:00;PR;469;19;FOZ DO IGUACU;Rea��o tardia ou ineficiente do condutor;Colis�o traseira;Com V�timas Feridas;Pleno dia;Crescente;Chuva;M�ltipla;"Em Obras;Desvio Tempor�rio";Sim;2;0;1;0;1;0;1;2;-25,60367286;-54,49861407;SPRF-PR;DEL05-PR;UOP04-DEL05-PR;;;
731328;12/11/2025;quarta-feira;12:00:00;RJ;40;122;DUQUE DE CAXIAS;Rea��o tardia ou ineficiente do condutor;Tombamento;Com V�timas Feridas;Pleno dia;Crescente;C�u Claro;M�ltipla;Reta;Sim;1;0;1;0;0;0;1;1;-22,79635674;-43,2890049;SPRF-RJ;DEL01-RJ;UOP02-DEL01-RJ;;;
731330;12/11/2025;quarta-feira;13:50:00;PA;230;116;MARABA;Ultrapassagem Indevida;Colis�o lateral mesmo sentido;Com V�timas Feridas;Pleno dia;Crescente;C�u Claro;M�ltipla;Reta;Sim;2;0;0;1;1;0;1;2;-5,36347017;-49,07033747;SPRF-PA;DEL03-PA;UOP01-DEL03-PA;;;
731333;12/11/2025;quarta-feira;14:00:00;RJ;101;251;SILVA JARDIM;Velocidade Incompat�vel;Sa�da de leito carro��vel;Com V�timas Feridas;Pleno dia;Decrescente;Sol;Dupla;Reta;N�o;1;0;1;0;0;0;1;1;-22,67991584;-42,52687454;SPRF-RJ;DEL02-RJ;UOP03-DEL02-RJ;;;
731334;12/11/2025;quarta-feira;14:00:00;SC;282;217;LAGES;Aus�ncia de rea��o do condutor;Colis�o com objeto;Com V�timas Feridas;Pleno dia;Decrescente;C�u Claro;Simples;Reta;Sim;4;0;3;0;1;0;3;1;-27,79676768;-50,31788385;SPRF-SC;DEL05-SC;UOP01-DEL05-SC;;;
731335;12/11/2025;quarta-feira;13:36:00;RO;364;233;CACOAL;Manobra de mudan�a de faixa;Colis�o frontal;Com V�timas Feridas;Pleno dia;Crescente;C�u Claro;Simples;"Reta;Declive";N�o;2;0;0;1;1;0;1;2;-11,459632;-61,417998;SPRF-RO;DEL02-RO;UOP02-DEL02-RO;;;
731336;12/11/2025;quarta-feira;14:05:00;SP;116;187;SANTA ISABEL;Manobra de mudan�a de faixa;Colis�o lateral mesmo sentido;Com V�timas Feridas;Pleno dia;Decrescente;Sol;Dupla;"Reta;Declive";Sim;2;0;2;0;0;0;2;2;-23,35849541;-46,21456964;SPRF-SP;DEL01-SP;UOP01-DEL01-SP;;;
731337;12/11/2025;quarta-feira;11:14:00;SC;470;70,7;INDAIAL;Aus�ncia de rea��o do condutor;Colis�o traseira;Com V�timas Feridas;Pleno dia;Crescente;Sol;Dupla;Reta;N�o;2;0;1;1;0;0;2;2;-26,89553483;-49,26275818;SPRF-SC;DEL04-SC;UOP01-DEL04-SC;;;
731339;12/11/2025;quarta-feira;13:52:00;MG;116;415,7;GOVERNADOR VALADARES;Transitar na contram�o;Tombamento;Com V�timas Feridas;Pleno dia;Crescente;Nevoeiro/Neblina;Simples;"Interse��o de Vias;Curva";Sim;2;0;1;0;1;0;1;2;-18,89566734;-41,94796935;SPRF-MG;DEL06-MG;UOP01-DEL06-MG;;;
731340;12/11/2025;quarta-feira;12:38:00;PR;277;124;CAMPO LARGO;Rea��o tardia ou ineficiente do condutor;Sa�da de leito carro��vel;Com V�timas Feridas;Pleno dia;Crescente;C�u Claro;Dupla;"Reta;Aclive";N�o;2;0;1;1;0;0;2;1;-25,4353;-49,51705;SPRF-PR;DEL03-PR;UOP03-DEL03-PR;;;
731341;12/11/2025;quarta-feira;13:15:00;MS;359;149;ALCINOPOLIS;Rea��o tardia ou ineficiente do condutor;Colis�o frontal;Com V�timas Feridas;Pleno dia;Crescente;C�u Claro;Simples;Curva;N�o;3;0;2;0;0;1;2;3;-18,266308;-54,085898;SPRF-MS;DEL06-MS;UOP01-DEL06-MS;;;
731343;12/11/2025;quarta-feira;14:35:00;PR;277;82;CURITIBA;Trafegar com motocicleta (ou similar) entre as faixas;Colis�o lateral mesmo sentido;Com V�timas Feridas;Pleno dia;Decrescente;Nublado;Dupla;Reta;Sim;2;0;1;0;1;0;1;2;-25,45360624;-49,22570078;SPRF-PR;DEL01-PR;UOP03-DEL01-PR;;;
731344;12/11/2025;quarta-feira;15:00:00;GO;414;437,5;ANAPOLIS;Acessar a via sem observar a presen�a dos outros ve�culos;Colis�o transversal;Com V�timas Feridas;Pleno dia;Decrescente;C�u Claro;Simples;"Reta;Aclive;Em Obras";N�o;3;0;0;1;1;1;1;3;-16,2672931;-48,9391957;SPRF-GO;DEL02-GO;UOP01-DEL02-GO;;;
731345;12/11/2025;quarta-feira;14:45:00;PB;230;17;JOAO PESSOA;Manobra de mudan�a de faixa;Colis�o lateral mesmo sentido;Com V�timas Feridas;Pleno dia;Decrescente;C�u Claro;Dupla;"Retorno Regulamentado;Curva";Sim;2;0;1;0;1;0;1;2;-7,11676403;-34,84208512;SPRF-PB;DEL01-PB;UOP01-DEL01-PB;;;
731350;12/11/2025;quarta-feira;14:25:00;BA;324;550;AMELIA RODRIGUES;Condutor Dormindo;Sa�da de leito carro��vel;Com V�timas Feridas;Pleno dia;Decrescente;Chuva;Dupla;Reta;N�o;1;0;1;0;0;0;1;1;-12,4497071;-38,7108777;SPRF-BA;DEL01-BA;UOP03-DEL01-BA;;;
731353;12/11/2025;quarta-feira;16:00:00;MG;381;326;NOVA ERA;Rea��o tardia ou ineficiente do condutor;Queda de ocupante de ve�culo;Com V�timas Feridas;Pleno dia;Decrescente;C�u Claro;Simples;Interse��o de Vias;N�o;2;0;2;0;0;0;2;1;-19,77570721;-43,04529101;SPRF-MG;DEL03-MG;UOP02-DEL03-MG;;;
731355;12/11/2025;quarta-feira;12:20:00;RS;386;109,6;SARANDI;Acumulo de �gua sobre o pavimento;Sa�da de leito carro��vel;Sem V�timas;Pleno dia;Crescente;Chuva;Simples;Curva;N�o;1;0;0;0;1;0;0;1;-27,799133;-53,054504;SPRF-RS;DEL08-RS;UOP01-DEL08-RS;;;
731356;31/10/2025;sexta-feira;11:25:00;PR;369;143;LONDRINA;Convers�o proibida;Colis�o frontal;Com V�timas Feridas;Pleno dia;Decrescente;C�u Claro;Simples;"Reta;Viaduto";Sim;2;0;1;0;1;0;1;2;-23,2928354;-51,0956244;SPRF-PR;DEL07-PR;UOP01-DEL07-PR;;;
731357;12/11/2025;quarta-feira;13:30:00;AP;210;2;MACAPA;Acesso irregular;Colis�o lateral mesmo sentido;Com V�timas Feridas;Pleno dia;Crescente;Sol;Dupla;Reta;Sim;3;0;1;2;0;0;3;2;0,10734876;-51,1262652;SPRF-AP;DEL01-AP;UOP01-DEL01-AP;;;
731359;12/11/2025;quarta-feira;15:30:00;PR;376;618;SAO JOSE DOS PINHAIS;Aus�ncia de rea��o do condutor;Atropelamento de Pedestre;Com V�timas Feridas;Pleno dia;Crescente;C�u Claro;Dupla;Reta;Sim;3;0;1;1;1;0;2;2;-25,61146123;-49,17135;SPRF-PR;DEL01-PR;UOP04-DEL01-PR;;;
731360;01/11/2025;s�bado;21:18:00;SC;470;4,6;NAVEGANTES;Ingest�o de �lcool pelo condutor;Colis�o transversal;Sem V�timas;Plena Noite;Crescente;C�u Claro;M�ltipla;Reta;N�o;2;0;0;0;2;0;0;2;-26,85644145;-48,69718758;SPRF-SC;DEL04-SC;UOP04-DEL04-SC;;;
731364;12/11/2025;quarta-feira;16:25:00;RJ;101;397;ITAGUAI;Aus�ncia de rea��o do condutor;Queda de ocupante de ve�culo;Com V�timas Feridas;Pleno dia;Crescente;C�u Claro;Dupla;Reta;Sim;2;0;2;0;0;0;2;1;-22,872211;-43,7436;SPRF-RJ;DEL03-RJ;UOP01-DEL03-RJ;;;
731369;12/11/2025;quarta-feira;10:15:00;MT;158;1,6;BARRA DO GARCAS;Aus�ncia de rea��o do condutor;Colis�o transversal;Com V�timas Feridas;Pleno dia;Crescente;C�u Claro;Simples;Interse��o de Vias;Sim;2;0;1;0;0;1;1;2;-15,88677705;-52,26903009;SPRF-MT;DEL07-MT;UOP02-DEL07-MT;;;
731371;12/11/2025;quarta-feira;15:50:00;PE;232;49;VITORIA DE SANTO ANTAO;Acessar a via sem observar a presen�a dos outros ve�culos;Colis�o transversal;Com V�timas Feridas;Pleno dia;Decrescente;C�u Claro;Dupla;Retorno Regulamentado;N�o;3;0;1;0;2;0;1;2;-8,142743;-35,318645;SPRF-PE;DEL02-PE;UOP02-DEL02PE;;;
731372;12/11/2025;quarta-feira;17:15:00;MG;381;445,2;SABARA;�rea urbana sem a presen�a de local apropriado para a travessia de pedestres;Atropelamento de Pedestre;Com V�timas Feridas;Pleno dia;Crescente;C�u Claro;Simples;Reta;Sim;2;0;2;0;0;0;2;2;-19,88168321;-43,83544922;SPRF-MG;DEL01-MG;UOP01-DEL01-MG;;;
731373;12/11/2025;quarta-feira;16:50:00;RJ;101;419;MANGARATIBA;Manobra de mudan�a de faixa;Colis�o frontal;Com V�timas Feridas;Pleno dia;Crescente;C�u Claro;Simples;Reta;N�o;4;0;0;1;3;0;1;2;-22,91965667;-43,92592415;SPRF-RJ;DEL03-RJ;UOP02-DEL03-RJ;;;
731375;12/11/2025;quarta-feira;17:00:00;MG;365;577;INDIANOPOLIS;Acessar a via sem observar a presen�a dos outros ve�culos;Colis�o transversal;Com V�timas Feridas;Pleno dia;Crescente;C�u Claro;Dupla;Retorno Regulamentado;N�o;2;0;1;0;1;0;1;2;-18,90302831;-47,90938139;SPRF-MG;DEL15-MG;UOP02-DEL15-MG;;;
731376;12/11/2025;quarta-feira;17:20:00;DF;70;11;BRASILIA;Manobra de mudan�a de faixa;Colis�o lateral mesmo sentido;Com V�timas Feridas;Pleno dia;Decrescente;C�u Claro;Dupla;Reta;Sim;2;0;1;0;1;0;1;2;-15,790909;-48,152765;SPRF-DF;DEL03-DF;UOP02-DEL03-DF;;;
731378;12/11/2025;quarta-feira;16:30:00;PR;376;165;MARINGA;Manobra de mudan�a de faixa;Colis�o lateral mesmo sentido;Com V�timas Feridas;Pleno dia;Crescente;C�u Claro;Dupla;"Reta;Aclive";N�o;3;0;1;0;2;0;1;3;-23,382367;-52,033135;SPRF-PR;DEL09-PR;UOP01-DEL09-PR;;;
731379;12/11/2025;quarta-feira;17:35:00;RN;406;165;SAO GONCALO DO AMARANTE;Acessar a via sem observar a presen�a dos outros ve�culos;Tombamento;Com V�timas Feridas;Anoitecer;Crescente;C�u Claro;Simples;Reta;N�o;2;0;2;0;0;0;2;1;-5,74379226;-35,33927774;SPRF-RN;DEL02-RN;UOP01-DEL02-RN;;;
731380;12/11/2025;quarta-feira;14:00:00;PR;277;43,9;MORRETES;Trafegar com motocicleta (ou similar) entre as faixas;Tombamento;Com V�timas Feridas;Pleno dia;Decrescente;Nublado;Dupla;"Declive;Em Obras;Curva";N�o;1;0;1;0;0;0;1;1;-25,593112;-48,889745;SPRF-PR;DEL01-PR;UOP05-DEL01-PR;;;
731382;12/11/2025;quarta-feira;17:30:00;GO;153;507;APARECIDA DE GOIANIA;Desrespeitar a prefer�ncia no cruzamento;Colis�o traseira;Com V�timas Feridas;Pleno dia;Decrescente;Nublado;Simples;Reta;Sim;2;0;1;0;1;0;1;2;-16,762747;-49,239814;SPRF-GO;DEL01-GO;UOP03-DEL01-GO;;;