id;data_inversa;dia_semana;horario;uf;br;km;municipio;causa_acidente;tipo_acidente;classificacao_acidente;fase_dia;sentido_via;condicao_metereologica;tipo_pista;tracado_via;uso_solo;pessoas;mortos;feridos_leves;feridos_graves;ilesos;ignorados;feridos;veiculos;latitude;longitude;regional;delegacia;uop;;;
731383;12/11/2025;quarta-feira;17:15:00;CE;116;23,2;AQUIRAZ;Acessar a via sem observar a presen�a dos outros ve�culos;Colis�o transversal;Com V�timas Feridas;Anoitecer;Decrescente;C�u Claro;Dupla;"Retorno Regulamentado;Declive";Sim;3;0;3;0;0;0;3;2;-3,95293418;-38,51230703;SPRF-CE;DEL01-CE;UOP02-DEL01-CE;;;
731384;12/11/2025;quarta-feira;17:45:00;RN;406;165,3;SAO GONCALO DO AMARANTE;Rea��o tardia ou ineficiente do condutor;Colis�o traseira;Com V�timas Feridas;Pleno dia;Decrescente;C�u Claro;Dupla;Reta;N�o;3;0;1;0;2;0;1;3;-5,74446027;-35,3374753;SPRF-RN;DEL02-RN;UOP01-DEL02-RN;;;
731386;12/11/2025;quarta-feira;18:15:00;SE;101;199;CRISTINAPOLIS;Acessar a via sem observar a presen�a dos outros ve�culos;Colis�o transversal;Com V�timas Feridas;Plena Noite;Decrescente;C�u Claro;Simples;Reta;Sim;2;0;1;1;0;0;2;2;-11,477385;-37,757631;SPRF-SE;DEL02-SE;UOP03-DEL02-SE;;;
731387;12/11/2025;quarta-feira;17:05:00;PR;373;175;PONTA GROSSA;Chuva;Queda de ocupante de ve�culo;Com V�timas Feridas;Pleno dia;Decrescente;Chuva;M�ltipla;"Aclive;Reta";Sim;1;0;0;1;0;0;1;1;-25,06311;-50,21456;SPRF-PR;DEL03-PR;UOP01-DEL03-PR;;;
731388;12/11/2025;quarta-feira;17:37:00;PR;369;204;APUCARANA;Acessar a via sem observar a presen�a dos outros ve�culos;Colis�o transversal;Com V�timas Feridas;Pleno dia;Decrescente;C�u Claro;M�ltipla;Interse��o de Vias;Sim;2;0;1;0;1;0;1;2;-23,545585;-51,452957;SPRF-PR;DEL07-PR;UOP03-DEL07-PR;;;
731389;12/11/2025;quarta-feira;18:50:00;ES;101;271,2;SERRA;Demais falhas mec�nicas ou el�tricas;Inc�ndio;Sem V�timas;Plena Noite;Decrescente;C�u Claro;M�ltipla;Retorno Regulamentado;Sim;1;0;0;0;1;0;0;1;-20,23103408;-40,27947217;SPRF-ES;DEL02-ES;UOP01-DEL02-ES;;;
731390;12/11/2025;quarta-feira;17:00:00;PE;232;408;SERRA TALHADA;Acessar a via sem observar a presen�a dos outros ve�culos;Colis�o lateral mesmo sentido;Com V�timas Feridas;Anoitecer;Crescente;C�u Claro;Simples;Reta;N�o;2;0;1;0;1;0;1;2;-7,9837094;-38,28029964;SPRF-PE;DEL04-PE;UOP01-DEL04-PE;;;
731391;12/11/2025;quarta-feira;17:30:00;RO;364;199,8;PIMENTA BUENO;Acessar a via sem observar a presen�a dos outros ve�culos;Colis�o lateral mesmo sentido;Com V�timas Feridas;Pleno dia;Decrescente;C�u Claro;Simples;Interse��o de Vias;N�o;2;0;1;0;1;0;1;2;-11,655838;-61,192525;SPRF-RO;DEL02-RO;UOP02-DEL02-RO;;;
731392;12/11/2025;quarta-feira;18:35:00;PI;316;312;PICOS;Acessar a via sem observar a presen�a dos outros ve�culos;Colis�o transversal;Com V�timas Feridas;Anoitecer;Crescente;C�u Claro;Dupla;Reta;Sim;4;0;1;0;3;0;1;2;-7,0811866;-41,4538613;SPRF-PI;DEL04-PI;UOP01-DEL04-PI;;;
731393;12/11/2025;quarta-feira;18:25:00;BA;324;6,5;FEIRA DE SANTANA;Pista esburacada;Tombamento;Com V�timas Feridas;Plena Noite;Crescente;Nublado;Dupla;Reta;Sim;1;0;1;0;0;0;1;1;-12,2727462;-38,9849092;SPRF-BA;DEL02-BA;UOP01-DEL02-BA;;;
731396;12/11/2025;quarta-feira;19:10:00;RJ;101;474;ANGRA DOS REIS;Velocidade Incompat�vel;Atropelamento de Pedestre;Com V�timas Fatais;Plena Noite;Crescente;C�u Claro;Simples;Reta;Sim;3;1;2;0;0;0;2;2;-22,992979;-44,247318;SPRF-RJ;DEL03-RJ;UOP03-DEL03-RJ;;;
731399;12/11/2025;quarta-feira;17:00:00;RJ;101;331;RIO DE JANEIRO;Aus�ncia de rea��o do condutor;Colis�o traseira;Com V�timas Feridas;Pleno dia;Decrescente;C�u Claro;Dupla;Reta;Sim;4;0;0;2;2;0;2;3;-22,86825338;-43,1879653;SPRF-RJ;DEL02-RJ;UOP01-DEL02-RJ;;;
731401;12/11/2025;quarta-feira;19:10:00;PE;101;32;ITAPISSUMA;Pedestre cruzava a pista fora da faixa;Atropelamento de Pedestre;Com V�timas Feridas;Plena Noite;Crescente;C�u Claro;Dupla;Reta;Sim;2;0;1;0;0;1;1;2;-7,753335;-34,935912;SPRF-PE;DEL01-PE;UOP02-DEL01-PE;;;
731402;12/11/2025;quarta-feira;18:30:00;BA;116;808;VITORIA DA CONQUISTA;Velocidade Incompat�vel;Tombamento;Com V�timas Feridas;Plena Noite;Crescente;Nublado;Simples;Reta;N�o;1;0;1;0;0;0;1;1;-14,78533;-40,745082;SPRF-BA;DEL08-BA;UOP01-DEL08-BA;;;
731403;12/11/2025;quarta-feira;19:40:00;SC;101;215,8;PALHOCA;Aus�ncia de rea��o do condutor;Colis�o traseira;Com V�timas Feridas;Plena Noite;Decrescente;Nublado;M�ltipla;Reta;Sim;2;0;0;1;1;0;1;2;-27,658543;-48,677938;SPRF-SC;DEL01-SC;UOP02-DEL01-SC;;;
731404;12/11/2025;quarta-feira;19:40:00;MG;153;134;PRATA;Carga excessiva e/ou mal acondicionada;Colis�o com objeto;Com V�timas Feridas;Plena Noite;Crescente;C�u Claro;Simples;"Reta;Ponte";N�o;3;0;2;0;1;0;2;1;-19,51846649;-48,83599877;SPRF-MG;DEL15-MG;UOP03-DEL15-MG;;;
731405;12/11/2025;quarta-feira;19:30:00;RJ;101;70,5;CAMPOS DOS GOYTACAZES;Acessar a via sem observar a presen�a dos outros ve�culos;Colis�o transversal;Com V�timas Feridas;Plena Noite;Decrescente;Nublado;Simples;Reta;N�o;2;0;1;0;1;0;1;2;-21,7832051;-41,3771551;SPRF-RJ;DEL08-RJ;UOP02-DEL08-RJ;;;
731406;12/11/2025;quarta-feira;19:30:00;MG;381;3;BETIM;Aus�ncia de rea��o do condutor;Colis�o traseira;Com V�timas Feridas;Plena Noite;Decrescente;C�u Claro;Dupla;Reta;N�o;2;0;2;0;0;0;2;2;-19,9859;-44,16863;SPRF-MG;DEL01-MG;UOP03-DEL01-MG;;;
731407;12/11/2025;quarta-feira;19:00:00;GO;153;568,5;PROFESSOR JAMIL;Chuva;Sa�da de leito carro��vel;Com V�timas Feridas;Plena Noite;Decrescente;Chuva;Dupla;Reta;N�o;3;0;3;0;0;0;3;1;-17,278297;-49,23673;SPRF-GO;DEL03-GO;UOP01-DEL03-GO;;;
731408;12/11/2025;quarta-feira;18:30:00;PR;476;312,3;PAULO FRONTIN;Acumulo de �gua sobre o pavimento;Sa�da de leito carro��vel;Sem V�timas;Anoitecer;Crescente;Chuva;Simples;Curva;N�o;1;0;0;0;1;0;0;1;-26,02488164;-50,67259312;SPRF-PR;DEL02-PR;UOP03-DEL02-PR;;;
731410;12/11/2025;quarta-feira;19:10:00;PR;277;667;MEDIANEIRA;Rea��o tardia ou ineficiente do condutor;Sa�da de leito carro��vel;Com V�timas Feridas;Plena Noite;Crescente;Chuva;Dupla;"Aclive;Reta";N�o;2;0;2;0;0;0;2;1;-25,25502;-54,03611;SPRF-PR;DEL05-PR;UOP02-DEL05-PR;;;
731411;12/11/2025;quarta-feira;19:50:00;SC;282;24,1;SANTO AMARO DA IMPERATRIZ;Rea��o tardia ou ineficiente do condutor;Colis�o lateral mesmo sentido;Com V�timas Feridas;Plena Noite;Decrescente;Garoa/Chuvisco;Simples;Reta;N�o;2;0;1;0;1;0;1;2;-27,67499258;-48,77902731;SPRF-SC;DEL01-SC;UOP03-DEL01-SC;;;
731412;12/11/2025;quarta-feira;19:40:00;PR;369;196;ARAPONGAS;Acessar a via sem observar a presen�a dos outros ve�culos;Colis�o transversal;Com V�timas Feridas;Plena Noite;Crescente;C�u Claro;Dupla;Reta;Sim;3;0;1;0;2;0;1;2;-23,49090143;-51,42340706;SPRF-PR;DEL07-PR;UOP03-DEL07-PR;;;
731413;12/11/2025;quarta-feira;19:30:00;RJ;101;484;ANGRA DOS REIS;Convers�o proibida;Colis�o transversal;Com V�timas Feridas;Plena Noite;Crescente;C�u Claro;Simples;Reta;N�o;2;0;0;1;1;0;1;2;-22,990534;-44,304098;SPRF-RJ;DEL03-RJ;UOP03-DEL03-RJ;;;
731414;12/11/2025;quarta-feira;20:11:00;RJ;116;280;BARRA MANSA;Manobra de mudan�a de faixa;Colis�o traseira;Com V�timas Feridas;Plena Noite;Crescente;Nublado;Dupla;Reta;N�o;4;0;3;0;1;0;3;2;-22,4699988;-44,2790774;SPRF-RJ;DEL07-RJ;UOP02-DEL07-RJ;;;
731416;12/11/2025;quarta-feira;19:30:00;MG;381;487;BETIM;Pedestre cruzava a pista fora da faixa;Atropelamento de Pedestre;Com V�timas Feridas;Plena Noite;Crescente;C�u Claro;Dupla;Curva;Sim;2;0;1;0;1;0;1;2;-19,95656893;-44,11869049;SPRF-MG;DEL01-MG;UOP03-DEL01-MG;;;
731418;12/11/2025;quarta-feira;17:25:00;RO;364;343,1;JI-PARANA;Condutor deixou de manter dist�ncia do ve�culo da frente;Colis�o lateral mesmo sentido;Com V�timas Feridas;Pleno dia;Crescente;C�u Claro;Dupla;Interse��o de Vias;Sim;3;0;1;0;2;0;1;2;-10,877482;-61,946923;SPRF-RO;DEL02-RO;UOP01-DEL02-RO;;;
731422;12/11/2025;quarta-feira;20:56:00;MG;50;182,6;UBERABA;Entrada inopinada do pedestre;Atropelamento de Pedestre;Com V�timas Feridas;Plena Noite;Decrescente;C�u Claro;Dupla;Reta;Sim;2;0;0;1;1;0;1;2;-19,79955;-47,90739;SPRF-MG;DEL13-MG;UOP01-DEL13-MG;;;
731424;12/11/2025;quarta-feira;19:10:00;MG;116;285,8;TEOFILO OTONI;Aus�ncia de rea��o do condutor;Colis�o traseira;Com V�timas Feridas;Plena Noite;Crescente;Nublado;Simples;"Declive;Curva";N�o;2;0;0;1;1;0;1;2;-17,934602;-41,529015;SPRF-MG;DEL11-MG;UOP01-DEL11-MG;;;
731425;12/11/2025;quarta-feira;17:20:00;MG;116;731,5;LARANJAL;Avarias e/ou desgaste excessivo no pneu;Sa�da de leito carro��vel;Com V�timas Feridas;Pleno dia;Decrescente;C�u Claro;Simples;Reta;N�o;2;0;1;0;1;0;1;1;-21,35199836;-42,467703;SPRF-MG;DEL07-MG;UOP02-DEL07-MG;;;
731427;12/11/2025;quarta-feira;18:40:00;BA;235;353;JUAZEIRO;Ilumina��o deficiente;Atropelamento de Pedestre;Com V�timas Feridas;Plena Noite;Crescente;C�u Claro;Dupla;Reta;Sim;2;0;2;0;0;0;2;2;-9,431657;-40,502968;SPRF-PE;DEL06-PE;UOP01-DEL06-PE;;;
731430;12/11/2025;quarta-feira;20:35:00;PE;408;92;SAO LOURENCO DA MATA;Transitar na contram�o;Colis�o transversal;Sem V�timas;Plena Noite;Crescente;C�u Claro;Dupla;Reta;Sim;2;0;0;0;1;1;0;2;-8,02568601;-35,03879992;SPRF-PE;DEL01-PE;UOP01-DEL01-PE;;;
731433;12/11/2025;quarta-feira;22:00:00;SC;101;203;SAO JOSE;Rea��o tardia ou ineficiente do condutor;Queda de ocupante de ve�culo;Com V�timas Feridas;Plena Noite;Decrescente;Garoa/Chuvisco;Dupla;Reta;Sim;1;0;0;1;0;0;1;1;-27,56515044;-48,61398935;SPRF-SC;DEL01-SC;UOP01-DEL01-SC;;;
731434;12/11/2025;quarta-feira;18:10:00;BA;101;501,3;ITABUNA;Acessar a via sem observar a presen�a dos outros ve�culos;Colis�o traseira;Com V�timas Feridas;Plena Noite;Crescente;C�u Claro;Simples;Reta;N�o;2;0;2;0;0;0;2;2;-14,76542113;-39,29929733;SPRF-BA;DEL05-BA;UOP01-DEL05-BA;;;
731435;12/11/2025;quarta-feira;22:00:00;SE;235;57,2;ITABAIANA;Animais na Pista;Atropelamento de Animal;Com V�timas Feridas;Plena Noite;Crescente;C�u Claro;Simples;Reta;N�o;1;0;0;1;0;0;1;1;-10,65134471;-37,45084612;SPRF-SE;DEL01-SE;UOP02-DEL01-SE;;;
731436;12/11/2025;quarta-feira;18:30:00;MT;163;559,8;DIAMANTINO;Transitar no Acostamento;Queda de ocupante de ve�culo;Com V�timas Feridas;Plena Noite;Decrescente;Nublado;Dupla;"Desvio Tempor�rio;Reta;Em Obras";N�o;1;0;1;0;0;0;1;1;-14,1527;-56,09645;SPRF-MT;DEL01-MT;UOP01-DEL01-MT;;;
731437;12/11/2025;quarta-feira;21:45:00;PR;376;214;JANDAIA DO SUL;Chuva;Tombamento;Com V�timas Feridas;Plena Noite;Crescente;Chuva;Dupla;Reta;N�o;1;0;1;0;0;0;1;1;-23,57274911;-51,65377736;SPRF-PR;DEL09-PR;UOP01-DEL09-PR;;;
731442;12/11/2025;quarta-feira;20:00:00;RJ;116;142;DUQUE DE CAXIAS;Aus�ncia de rea��o do condutor;Colis�o lateral mesmo sentido;Com V�timas Feridas;Plena Noite;Crescente;C�u Claro;Dupla;Reta;Sim;2;0;1;0;1;0;1;2;-22,64691575;-43,21684154;SPRF-RJ;DEL01-RJ;UOP02-DEL01-RJ;;;
731443;12/11/2025;quarta-feira;23:30:00;MG;116;557;MANHUACU;Aus�ncia de rea��o do condutor;Tombamento;Com V�timas Feridas;Plena Noite;Crescente;C�u Claro;Simples;Reta;N�o;1;0;1;0;0;0;1;1;-20,016325;-42,164934;SPRF-MG;DEL06-MG;UOP03-DEL06-MG;;;
731447;12/11/2025;quarta-feira;20:30:00;MS;60;593,7;JARDIM;Acessar a via sem observar a presen�a dos outros ve�culos;Colis�o transversal;Com V�timas Feridas;Plena Noite;Crescente;C�u Claro;Dupla;"Reta;Interse��o de Vias";Sim;3;0;1;1;1;0;2;2;-21,48776002;-56,15677808;SPRF-MS;DEL05-MS;UOP01-DEL05-MS;;;
731448;12/11/2025;quarta-feira;23:30:00;PR;369;147;LONDRINA;Condutor deixou de manter dist�ncia do ve�culo da frente;Colis�o traseira;Com V�timas Feridas;Plena Noite;Decrescente;Chuva;Dupla;"Aclive;Reta";Sim;3;0;2;0;1;0;2;2;-23,29319;-51,13071;SPRF-PR;DEL07-PR;UOP01-DEL07-PR;;;
731451;12/11/2025;quarta-feira;18:10:00;RJ;40;115;DUQUE DE CAXIAS;Avarias e/ou desgaste excessivo no pneu;Tombamento;Com V�timas Feridas;Plena Noite;Decrescente;C�u Claro;M�ltipla;Reta;N�o;2;0;2;0;0;0;2;1;-22,73587883;-43,28838068;SPRF-RJ;DEL01-RJ;UOP02-DEL01-RJ;;;
731454;12/11/2025;quarta-feira;23:46:00;RJ;40;18;TRES RIOS;Velocidade Incompat�vel;Colis�o com objeto;Com V�timas Fatais;Plena Noite;Crescente;C�u Claro;Dupla;"Declive;Curva";N�o;1;1;0;0;0;0;0;1;-22,098955;-43,172364;SPRF-RJ;DEL05-RJ;UOP02-DEL05-RJ;;;
731457;13/11/2025;quinta-feira;01:00:00;RS;470;216,9;BENTO GONCALVES;Aus�ncia de rea��o do condutor;Colis�o com objeto;Com V�timas Feridas;Plena Noite;Decrescente;Nublado;Dupla;Curva;Sim;1;0;1;0;0;0;1;1;-29,17451945;-51,52407495;SPRF-RS;DEL06-RS;UOP01-DEL06-RS;;;
731459;05/11/2025;quarta-feira;11:40:00;RS;116;255;ESTEIO;Acessar a via sem observar a presen�a dos outros ve�culos;Colis�o traseira;Com V�timas Feridas;Pleno dia;Decrescente;Sol;Dupla;Reta;Sim;3;0;0;1;1;1;1;3;-29,84007606;-51,17622048;SPRF-RS;DEL01-RS;UOP02-DEL01-RS;;;
731461;13/11/2025;quinta-feira;02:50:00;GO;60;273,5;JANDAIA;Ilumina��o deficiente;Colis�o traseira;Com V�timas Feridas;Plena Noite;Decrescente;C�u Claro;Dupla;Reta;N�o;2;0;0;1;1;0;1;2;-17,21474;-50,165748;SPRF-GO;DEL01-GO;UOP02-DEL01-GO;;;
731462;13/11/2025;quinta-feira;02:25:00;SC;101;276,8;IMBITUBA;Aus�ncia de rea��o do condutor;Colis�o com objeto;Com V�timas Fatais;Plena Noite;Decrescente;Nublado;M�ltipla;Reta;Sim;1;1;0;0;0;0;0;1;-28,165623;-48,693045;SPRF-SC;DEL02-SC;UOP03-DEL02-SC;;;
731464;13/11/2025;quinta-feira;03:55:00;PB;101;83,8;BAYEUX;Aus�ncia de rea��o do condutor;Colis�o traseira;Com V�timas Feridas;Plena Noite;Crescente;C�u Claro;Dupla;Reta;N�o;2;0;1;0;0;1;1;2;-7,13934638;-34,92339134;SPRF-PB;DEL01-PB;UOP01-DEL01-PB;;;
731467;13/11/2025;quinta-feira;04:00:00;AL;316;266,3;SATUBA;Ultrapassagem Indevida;Colis�o lateral sentido oposto;Com V�timas Feridas;Amanhecer;Crescente;C�u Claro;Simples;Reta;N�o;3;0;2;0;1;0;2;2;-9,58689;-35,849874;SPRF-AL;DEL02-AL;UOP01-DEL02-AL;;;
731468;13/11/2025;quinta-feira;06:00:00;DF;20;11,4;BRASILIA;Manobra de mudan�a de faixa;Colis�o lateral mesmo sentido;Com V�timas Feridas;Amanhecer;Decrescente;C�u Claro;Dupla;"Reta;Em Obras";Sim;2;0;1;0;1;0;1;2;-15,64386707;-47,76062518;SPRF-DF;DEL02-DF;UOP01-DEL02-DF;;;
731470;12/11/2025;quarta-feira;17:00:00;BA;110;370;POJUCA;Desrespeitar a prefer�ncia no cruzamento;Colis�o transversal;Com V�timas Feridas;Pleno dia;Crescente;Nublado;Simples;Interse��o de Vias;Sim;2;0;0;1;1;0;1;2;-12,39762;-38,373374;SPRF-BA;DEL01-BA;UOP04-DEL01-BA;;;
731471;13/11/2025;quinta-feira;05:00:00;PE;407;116;PETROLINA;Condutor Dormindo;Colis�o traseira;Com V�timas Feridas;Amanhecer;Crescente;C�u Claro;Simples;Reta;N�o;2;0;2;0;0;0;2;2;-9,31381689;-40,57395207;SPRF-PE;DEL06-PE;UOP01-DEL06-PE;;;
731472;13/11/2025;quinta-feira;06:40:00;MG;262;109;SANTO ANTONIO DO GRAMA;Transitar na contram�o;Colis�o frontal;Com V�timas Feridas;Amanhecer;Decrescente;C�u Claro;Simples;"Reta;Declive";N�o;2;0;0;1;1;0;1;2;-20,2705709;-42,56549835;SPRF-MG;DEL03-MG;UOP03-DEL03-MG;;;
731474;13/11/2025;quinta-feira;06:45:00;DF;70;18;BRASILIA;Trafegar com motocicleta (ou similar) entre as faixas;Colis�o traseira;Com V�timas Feridas;Pleno dia;Decrescente;C�u Claro;Dupla;Reta;N�o;2;0;1;0;1;0;1;2;-15,7898445;-48,21629466;SPRF-DF;DEL03-DF;UOP02-DEL03-DF;;;
731477;13/11/2025;quinta-feira;06:45:00;PR;376;162,7;MARINGA;Demais falhas mec�nicas ou el�tricas;Inc�ndio;Sem V�timas;Pleno dia;Decrescente;Nublado;Dupla;Reta;N�o;1;0;0;0;1;0;0;1;-23,3729255;-52,0550039;SPRF-PR;DEL09-PR;UOP02-DEL09-PR;;;
731478;13/11/2025;quinta-feira;06:30:00;DF;20;18;BRASILIA;Manobra de mudan�a de faixa;Colis�o lateral mesmo sentido;Com V�timas Feridas;Pleno dia;Crescente;C�u Claro;Dupla;Reta;Sim;2;0;1;0;1;0;1;2;-15,61415073;-47,70393491;SPRF-DF;DEL02-DF;UOP01-DEL02-DF;;;
731479;13/11/2025;quinta-feira;07:20:00;MG;50;180;UBERABA;Condutor deixou de manter dist�ncia do ve�culo da frente;Colis�o com objeto;Com V�timas Feridas;Pleno dia;Crescente;C�u Claro;Dupla;Interse��o de Vias;N�o;1;0;0;1;0;0;1;1;-19,7054029;-47,9829176;SPRF-MG;DEL13-MG;UOP01-DEL13-MG;;;
731480;13/11/2025;quinta-feira;05:50:00;MT;70;2;BARRA DO GARCAS;Acessar a via sem observar a presen�a dos outros ve�culos;Colis�o transversal;Com V�timas Feridas;Pleno dia;Crescente;C�u Claro;Simples;Reta;Sim;2;0;2;0;0;0;2;2;-15,886;-52,27;SPRF-MT;DEL07-MT;UOP01-DEL07-MT;;;
731481;13/11/2025;quinta-feira;07:10:00;BA;116;829;VITORIA DA CONQUISTA;Velocidade Incompat�vel;Tombamento;Com V�timas Feridas;Pleno dia;Crescente;C�u Claro;Simples;Aclive;Sim;1;0;1;0;0;0;1;1;-14,90334825;-40,87023497;SPRF-BA;DEL08-BA;UOP01-DEL08-BA;;;
731483;13/11/2025;quinta-feira;07:00:00;AL;104;74;MESSIAS;Velocidade Incompat�vel;Sa�da de leito carro��vel;Com V�timas Feridas;Pleno dia;Decrescente;C�u Claro;Dupla;Viaduto;N�o;3;0;3;0;0;0;3;1;-9,36845506;-35,83141414;SPRF-AL;DEL01-AL;UOP02-DEL01-AL;;;
731486;13/11/2025;quinta-feira;07:15:00;PE;428;192;PETROLINA;Condutor deixou de manter dist�ncia do ve�culo da frente;Colis�o traseira;Com V�timas Feridas;Pleno dia;Crescente;C�u Claro;Dupla;Reta;Sim;3;0;2;0;1;0;2;2;-9,386195;-40,52371;SPRF-PE;DEL06-PE;UOP01-DEL06-PE;;;
731487;13/11/2025;quinta-feira;07:20:00;PB;230;21;JOAO PESSOA;Condutor deixou de manter dist�ncia do ve�culo da frente;Colis�o traseira;Sem V�timas;Pleno dia;Decrescente;C�u Claro;Dupla;Reta;N�o;2;0;0;0;2;0;0;2;-7,142353;-34,851607;SPRF-PB;DEL01-PB;UOP01-DEL01-PB;;;
731491;13/11/2025;quinta-feira;07:37:00;PR;487;177;CAMPO MOURAO;Acesso irregular;Colis�o lateral mesmo sentido;Com V�timas Feridas;Pleno dia;Crescente;Nublado;Simples;Reta;Sim;2;0;1;0;1;0;1;2;-24,04187907;-52,40335004;SPRF-PR;DEL09-PR;UOP03-DEL09-PR;;;
731492;13/11/2025;quinta-feira;07:57:00;RN;101;98;NATAL;Trafegar com motocicleta (ou similar) entre as faixas;Colis�o traseira;Com V�timas Feridas;Pleno dia;Decrescente;C�u Claro;M�ltipla;Reta;Sim;2;0;1;0;1;0;1;2;-5,8735075;-35,2207556;SPRF-RN;DEL01-RN;UOP01-DEL01-RN;;;
731493;13/11/2025;quinta-feira;07:56:00;SC;282;0,6;FLORIANOPOLIS;Trafegar com motocicleta (ou similar) entre as faixas;Colis�o lateral mesmo sentido;Com V�timas Feridas;Pleno dia;Decrescente;C�u Claro;M�ltipla;Reta;Sim;3;0;1;0;2;0;1;3;-27,6002;-48,5764162;SPRF-SC;DEL01-SC;UOP01-DEL01-SC;;;
731496;13/11/2025;quinta-feira;07:45:00;PE;101;78,3;RECIFE;Acesso irregular;Colis�o traseira;Com V�timas Feridas;Pleno dia;Decrescente;C�u Claro;Dupla;Reta;Sim;2;0;2;0;0;0;2;2;-8,13748;-34,94739;SPRF-PE;DEL01-PE;UOP01-DEL01-PE;;;
731497;13/11/2025;quinta-feira;08:00:00;RJ;116;172;SAO JOAO DE MERITI;Rea��o tardia ou ineficiente do condutor;Eventos at�picos;Com V�timas Feridas;Pleno dia;Decrescente;Sol;M�ltipla;Reta;Sim;5;0;1;0;3;1;1;3;-22,79658274;-43,36264551;SPRF-RJ;DEL06-RJ;UOP01-DEL06-RJ;;;
731499;13/11/2025;quinta-feira;06:50:00;GO;153;507;APARECIDA DE GOIANIA;Rea��o tardia ou ineficiente do condutor;Colis�o traseira;Com V�timas Feridas;Pleno dia;Crescente;C�u Claro;Dupla;"Reta;Declive";Sim;3;0;2;0;1;0;2;2;-16,7642552;-49,23976779;SPRF-GO;DEL01-GO;UOP03-DEL01-GO;;;
731500;13/11/2025;quinta-feira;07:00:00;MT;163;843;SINOP;Rea��o tardia ou ineficiente do condutor;Queda de ocupante de ve�culo;Com V�timas Feridas;Pleno dia;Decrescente;C�u Claro;Simples;Reta;Sim;1;0;1;0;0;0;1;1;-11,77977087;-55,47404766;SPRF-MT;DEL06-MT;UOP02-DEL06-MT;;;
731501;13/11/2025;quinta-feira;07:50:00;RJ;116;191;QUEIMADOS;Condutor deixou de manter dist�ncia do ve�culo da frente;Colis�o traseira;Com V�timas Feridas;Pleno dia;Crescente;C�u Claro;Dupla;Reta;Sim;3;0;1;0;2;0;1;2;-22,73454859;-43,55489016;SPRF-RJ;DEL06-RJ;UOP01-DEL06-RJ;;;
731503;13/11/2025;quinta-feira;07:13:00;RS;290;74;GRAVATAI;Manobra de mudan�a de faixa;Colis�o traseira;Com V�timas Feridas;Pleno dia;Decrescente;C�u Claro;Dupla;"Interse��o de Vias;Reta;Viaduto";Sim;2;0;1;0;1;0;1;2;-29,95487878;-51,003685;SPRF-RS;DEL03-RS;UOP01-DEL03-RS;;;
731505;13/11/2025;quinta-feira;07:30:00;PE;423;96;GARANHUNS;Acessar a via sem observar a presen�a dos outros ve�culos;Colis�o transversal;Com V�timas Feridas;Pleno dia;Crescente;C�u Claro;Simples;"Reta;Interse��o de Vias";Sim;3;0;0;1;2;0;1;3;-8,88172;-36,49026;SPRF-PE;DEL03-PE;UOP01-DEL03-PE;;;
731507;13/11/2025;quinta-feira;09:30:00;RN;101;112;SAO JOSE DE MIPIBU;Demais falhas mec�nicas ou el�tricas;Queda de ocupante de ve�culo;Com V�timas Feridas;Pleno dia;Crescente;C�u Claro;Dupla;Reta;N�o;2;0;2;0;0;0;2;1;-5,96894;-35,264551;SPRF-RN;DEL01-RN;UOP01-DEL01-RN;;;
731509;13/11/2025;quinta-feira;07:30:00;SP;116;213,4;GUARULHOS;Manobra de mudan�a de faixa;Colis�o lateral mesmo sentido;Com V�timas Feridas;Pleno dia;Crescente;Nublado;M�ltipla;Reta;Sim;3;0;1;0;2;0;1;2;-23,44340837;-46,4462528;SPRF-SP;DEL01-SP;UOP01-DEL01-SP;;;
731510;04/11/2025;ter�a-feira;17:30:00;BA;116;423;FEIRA DE SANTANA;Rea��o tardia ou ineficiente do condutor;Tombamento;Com V�timas Feridas;Pleno dia;Decrescente;C�u Claro;M�ltipla;Reta;Sim;1;0;1;0;0;0;1;1;-12,236235;-38,978118;SPRF-BA;DEL02-BA;UOP01-DEL02-BA;;;
731512;21/09/2025;domingo;16:52:00;PR;277;643;CEU AZUL;Frear bruscamente;Engavetamento;Sem V�timas;Pleno dia;Decrescente;C�u Claro;Simples;Declive;N�o;5;0;0;0;5;0;0;4;-25,17594234;-53,87817621;SPRF-PR;DEL05-PR;UOP02-DEL05-PR;;;
731514;11/11/2025;ter�a-feira;20:10:00;RJ;116;193;QUEIMADOS;Aus�ncia de rea��o do condutor;Queda de ocupante de ve�culo;Com V�timas Feridas;Plena Noite;Crescente;C�u Claro;Dupla;Reta;Sim;1;0;1;0;0;0;1;1;-22,73377134;-43,55605809;SPRF-RJ;DEL06-RJ;UOP01-DEL06-RJ;;;
731515;13/11/2025;quinta-feira;07:30:00;MS;463;78,8;PONTA PORA;Rea��o tardia ou ineficiente do condutor;Sa�da de leito carro��vel;Sem V�timas;Pleno dia;Decrescente;Chuva;Simples;Curva;N�o;2;0;0;0;2;0;0;1;-22,525245;-55,454145;SPRF-MS;DEL04-MS;UOP03-DEL04-MS;;;
731516;13/11/2025;quinta-feira;09:50:00;SC;101;430,9;SOMBRIO;Desrespeitar a prefer�ncia no cruzamento;Colis�o transversal;Com V�timas Feridas;Pleno dia;Decrescente;C�u Claro;Simples;"Viaduto;Interse��o de Vias";Sim;2;0;1;0;1;0;1;2;-29,07041473;-49,62602735;SPRF-SC;DEL02-SC;UOP02-DEL02-SC;;;