id;data_inversa;dia_semana;horario;uf;br;km;municipio;causa_acidente;tipo_acidente;classificacao_acidente;fase_dia;sentido_via;condicao_metereologica;tipo_pista;tracado_via;uso_solo;pessoas;mortos;feridos_leves;feridos_graves;ilesos;ignorados;feridos;veiculos;latitude;longitude;regional;delegacia;uop;;;
731517;13/11/2025;quinta-feira;07:34:00;MT;163;827;SINOP;Acessar a via sem observar a presen�a dos outros ve�culos;Colis�o transversal;Sem V�timas;Pleno dia;Crescente;Sol;Dupla;Rotat�ria;Sim;2;0;0;0;2;0;0;2;-11,937507;-55,515188;SPRF-MT;DEL06-MT;UOP02-DEL06-MT;;;
731518;13/11/2025;quinta-feira;10:20:00;CE;116;50;HORIZONTE;Pedestre cruzava a pista fora da faixa;Atropelamento de Pedestre;Com V�timas Feridas;Pleno dia;Crescente;C�u Claro;Dupla;Reta;Sim;2;0;0;1;1;0;1;2;-4,13237498;-38,4824346;SPRF-CE;DEL01-CE;UOP04-DEL01-CE;;;
731519;13/11/2025;quinta-feira;08:30:00;BA;324;620;SALVADOR;Rea��o tardia ou ineficiente do condutor;Colis�o frontal;Com V�timas Feridas;Pleno dia;Decrescente;Nublado;M�ltipla;Reta;Sim;2;0;2;0;0;0;2;2;-12,920167;-38,465893;SPRF-BA;DEL01-BA;UOP01-DEL01-BA;;;
731520;13/11/2025;quinta-feira;09:50:00;MG;262;39,1;MANHUACU;Ultrapassagem Indevida;Colis�o transversal;Com V�timas Feridas;Pleno dia;Decrescente;C�u Claro;Simples;Reta;Sim;2;0;0;1;1;0;1;2;-20,275942;-42,0528711;SPRF-MG;DEL06-MG;UOP03-DEL06-MG;;;
731521;13/11/2025;quinta-feira;09:50:00;DF;20;23;BRASILIA;Mal s�bito do condutor;Sa�da de leito carro��vel;Com V�timas Feridas;Pleno dia;Crescente;C�u Claro;Dupla;"Aclive;Curva";Sim;1;0;0;1;0;0;1;1;-15,5946944;-47,6630833;SPRF-DF;DEL02-DF;UOP01-DEL02-DF;;;
731523;13/11/2025;quinta-feira;10:00:00;GO;40;2;VALPARAISO DE GOIAS;Entrada inopinada do pedestre;Atropelamento de Pedestre;Com V�timas Feridas;Pleno dia;Crescente;C�u Claro;Dupla;Reta;Sim;2;0;0;1;1;0;1;2;-16,067469;-47,984263;SPRF-DF;DEL01-DF;UOP01-DEL01-DF;;;
731524;13/11/2025;quinta-feira;08:50:00;AC;364;124;RIO BRANCO;Rea��o tardia ou ineficiente do condutor;Colis�o transversal;Com V�timas Feridas;Pleno dia;Crescente;C�u Claro;Dupla;Reta;N�o;1;0;1;0;0;0;1;1;-10,01153;-67,795219;SPRF-AC;DEL01-AC;UOP01-DEL01-AC;;;
731526;13/11/2025;quinta-feira;06:50:00;RJ;101;65;CAMPOS DOS GOYTACAZES;Acessar a via sem observar a presen�a dos outros ve�culos;Colis�o transversal;Com V�timas Feridas;Pleno dia;Decrescente;C�u Claro;Simples;Curva;N�o;2;0;0;1;1;0;1;2;-21,753856;-41,345179;SPRF-RJ;DEL08-RJ;UOP02-DEL08-RJ;;;
731527;13/11/2025;quinta-feira;10:00:00;PE;101;44;IGARASSU;Condutor deixou de manter dist�ncia do ve�culo da frente;Colis�o traseira;Com V�timas Feridas;Pleno dia;Decrescente;C�u Claro;Dupla;Reta;Sim;3;0;1;0;2;0;1;2;-7,855672;-34,908612;SPRF-PE;DEL01-PE;UOP02-DEL01-PE;;;
731528;13/11/2025;quinta-feira;08:00:00;RS;285;141,8;MUITOS CAPOES;Convers�o proibida;Colis�o transversal;Com V�timas Feridas;Pleno dia;Crescente;Nublado;Simples;Reta;N�o;4;0;2;0;2;0;2;2;-28,37948;-51,07546;SPRF-RS;DEL05-RS;UOP03-DEL05-RS;;;
731529;05/11/2025;quarta-feira;16:03:00;MS;262;351;TERENOS;Aus�ncia de rea��o do condutor;Tombamento;Com V�timas Feridas;Pleno dia;Crescente;C�u Claro;Simples;Reta;N�o;1;0;1;0;0;0;1;1;-20,449635;-54,74732;SPRF-MS;DEL01-MS;UOP03-DEL01-MS;;;
731530;13/11/2025;quinta-feira;11:30:00;RS;386;442;CANOAS;Rea��o tardia ou ineficiente do condutor;Capotamento;Com V�timas Feridas;Pleno dia;Crescente;C�u Claro;Simples;Reta;N�o;1;0;1;0;0;0;1;1;-29,8858424;-51,2219389;SPRF-RS;DEL01-RS;UOP01-DEL01-RS;;;
731532;10/11/2025;segunda-feira;12:30:00;PE;424;88;GARANHUNS;Aus�ncia de rea��o do condutor;Colis�o traseira;Sem V�timas;Pleno dia;Crescente;C�u Claro;Simples;Curva;Sim;2;0;0;0;2;0;0;2;-8,88313;-36,50854;SPRF-PE;DEL03-PE;UOP01-DEL03-PE;;;
731533;13/11/2025;quinta-feira;11:50:00;PB;230;7;CABEDELO;Aus�ncia de rea��o do condutor;Tombamento;Com V�timas Feridas;Pleno dia;Crescente;Sol;M�ltipla;Reta;Sim;1;0;1;0;0;0;1;1;-7,035102;-34,842825;SPRF-PB;DEL01-PB;UOP01-DEL01-PB;;;
731534;13/11/2025;quinta-feira;11:00:00;PI;316;308;PICOS;Acessar a via sem observar a presen�a dos outros ve�culos;Colis�o transversal;Com V�timas Feridas;Pleno dia;Decrescente;C�u Claro;Simples;Reta;Sim;3;0;2;0;1;0;2;2;-7,077633;-41,441887;SPRF-PI;DEL04-PI;UOP01-DEL04-PI;;;
731536;13/11/2025;quinta-feira;11:00:00;MT;163;838,1;SINOP;Manobra de mudan�a de faixa;Colis�o lateral mesmo sentido;Com V�timas Feridas;Pleno dia;Crescente;C�u Claro;Dupla;Reta;Sim;5;0;1;0;4;0;1;2;-11,85667531;-55,49375117;SPRF-MT;DEL06-MT;UOP02-DEL06-MT;;;
731538;13/11/2025;quinta-feira;12:30:00;MG;365;637;UBERLANDIA;Aus�ncia de rea��o do condutor;Sa�da de leito carro��vel;Com V�timas Feridas;Pleno dia;Crescente;C�u Claro;Dupla;Reta;N�o;1;0;1;0;0;0;1;1;-18,88963965;-48,43814135;SPRF-MG;DEL15-MG;UOP01-DEL15-MG;;;
731539;13/11/2025;quinta-feira;12:30:00;PI;343;12;PARNAIBA;Condutor deixou de manter dist�ncia do ve�culo da frente;Colis�o traseira;Com V�timas Feridas;Pleno dia;Decrescente;C�u Claro;Dupla;"Retorno Regulamentado;Reta";Sim;2;0;1;0;1;0;1;2;-2,90793643;-41,75362277;SPRF-PI;DEL05-PI;UOP01-DEL05-PI;;;
731540;13/11/2025;quinta-feira;08:45:00;MG;40;136;JOAO PINHEIRO;Rea��o tardia ou ineficiente do condutor;Sa�da de leito carro��vel;Com V�timas Feridas;Pleno dia;Crescente;C�u Claro;Simples;Reta;N�o;1;0;1;0;0;0;1;1;-17,723614;-46,223806;SPRF-MG;DEL14-MG;UOP01-DEL14-MG;;;
731542;13/11/2025;quinta-feira;08:40:00;PI;343;446,2;AGUA BRANCA;Acessar a via sem observar a presen�a dos outros ve�culos;Colis�o traseira;Com V�timas Fatais;Pleno dia;Decrescente;Sol;Simples;Reta;N�o;2;1;0;0;1;0;0;2;-5,89876;-42,658925;SPRF-PI;DEL01-PI;UOP02-DEL01-PI;;;
731543;13/11/2025;quinta-feira;13:10:00;PR;277;457,5;LARANJEIRAS DO SUL;Acessar a via sem observar a presen�a dos outros ve�culos;Colis�o transversal;Com V�timas Feridas;Pleno dia;Decrescente;Nublado;Simples;"Reta;Rotat�ria";Sim;2;0;1;0;1;0;1;2;-25,3856684;-52,41093278;SPRF-PR;DEL04-PR;UOP02-DEL04-PR;;;
731544;13/11/2025;quinta-feira;13:45:00;SC;101;207;SAO JOSE;Manobra de mudan�a de faixa;Colis�o lateral mesmo sentido;Com V�timas Feridas;Pleno dia;Decrescente;C�u Claro;M�ltipla;Interse��o de Vias;Sim;2;0;1;0;1;0;1;2;-27,5948;-48,61889;SPRF-SC;DEL01-SC;UOP01-DEL01-SC;;;
731546;09/11/2025;domingo;21:10:00;BA;324;583;CANDEIAS;Aus�ncia de sinaliza��o;Colis�o frontal;Com V�timas Feridas;Plena Noite;Decrescente;Ignorado;Dupla;Curva;N�o;3;0;1;1;1;0;2;2;-12,62789796;-38,47849343;SPRF-BA;DEL01-BA;UOP01-DEL01-BA;;;
731549;09/11/2025;domingo;18:00:00;PB;104;181,9;POCINHOS;Transitar na contram�o;Colis�o frontal;Sem V�timas;Anoitecer;Crescente;C�u Claro;Simples;Reta;N�o;2;0;0;0;0;2;0;2;-7,159652;-36,078982;SPRF-PB;DEL02-PB;UOP03-DEL02-PB;;;
731551;02/11/2025;domingo;00:01:00;SC;280;56,2;GUARAMIRIM;Entrada inopinada do pedestre;Atropelamento de Pedestre;Com V�timas Feridas;Plena Noite;Crescente;Garoa/Chuvisco;Simples;Reta;Sim;2;0;1;0;0;1;1;2;-26,479282;-49,003796;SPRF-SC;DEL03-SC;UOP03-DEL03-SC;;;
731557;13/11/2025;quinta-feira;10:00:00;SP;116;45,5;CANAS;Aus�ncia de sinaliza��o;Colis�o traseira;Com V�timas Feridas;Pleno dia;Decrescente;Sol;Dupla;"Reta;Em Obras";N�o;1;0;1;0;0;0;1;1;-22,71160549;-45,0510521;SPRF-SP;DEL08-SP;UOP02-DEL08-SP;;;
731559;07/04/2025;segunda-feira;07:50:00;PR;369;159;CAMBE;Condutor deixou de manter dist�ncia do ve�culo da frente;Engavetamento;Com V�timas Feridas;Pleno dia;Decrescente;Nublado;Dupla;Reta;Sim;5;0;1;0;4;0;1;5;-23,28297725;-51,24918222;SPRF-PR;DEL07-PR;UOP01-DEL07-PR;;;
731560;13/11/2025;quinta-feira;15:15:00;BA;101;877;TEIXEIRA DE FREITAS;Acesso irregular;Queda de ocupante de ve�culo;Com V�timas Feridas;Pleno dia;Crescente;Nublado;Simples;"Reta;Interse��o de Vias";Sim;2;0;1;0;1;0;1;2;-17,53950607;-39,71514595;SPRF-BA;DEL09-BA;UOP02-DEL09-BA;;;
731562;13/11/2025;quinta-feira;09:30:00;MG;40;144;JOAO PINHEIRO;Aus�ncia de rea��o do condutor;Colis�o transversal;Com V�timas Feridas;Pleno dia;Decrescente;C�u Claro;Simples;Reta;Sim;2;0;1;0;1;0;1;2;-17,748;-46,174;SPRF-MG;DEL14-MG;UOP01-DEL14-MG;;;
731564;13/11/2025;quinta-feira;09:00:00;PI;343;345,5;TERESINA;Transitar na contram�o;Colis�o lateral sentido oposto;Sem V�timas;Pleno dia;Decrescente;C�u Claro;Simples;Reta;Sim;2;0;0;0;1;1;0;2;-5,10859645;-42,76911771;SPRF-PI;DEL01-PI;UOP01-DEL01-PI;;;
731565;13/11/2025;quinta-feira;11:50:00;MA;135;35;BACABEIRA;Velocidade Incompat�vel;Sa�da de leito carro��vel;Sem V�timas;Pleno dia;Decrescente;Sol;Dupla;Reta;N�o;2;0;0;0;0;2;0;2;-2,85534;-44,37474;SPRF-MA;DEL01-MA;UOP01-DEL01-MA;;;
731567;13/11/2025;quinta-feira;11:30:00;PB;101;83;BAYEUX;Rea��o tardia ou ineficiente do condutor;Sa�da de leito carro��vel;Com V�timas Feridas;Pleno dia;Crescente;C�u Claro;Dupla;Reta;Sim;2;0;1;0;0;1;1;1;-7,1357044;-34,9273095;SPRF-PB;DEL01-PB;UOP01-DEL01-PB;;;
731568;13/11/2025;quinta-feira;14:40:00;PR;376;177;MARINGA;Rea��o tardia ou ineficiente do condutor;Queda de ocupante de ve�culo;Com V�timas Feridas;Pleno dia;Decrescente;Nublado;Dupla;Reta;Sim;1;0;1;0;0;0;1;1;-23,41487522;-51,92568898;SPRF-PR;DEL09-PR;UOP01-DEL09-PR;;;
731571;13/11/2025;quinta-feira;15:30:00;SC;101;212;PALHOCA;Rea��o tardia ou ineficiente do condutor;Colis�o traseira;Com V�timas Feridas;Pleno dia;Decrescente;C�u Claro;M�ltipla;"Reta;Aclive";Sim;2;0;1;0;1;0;1;2;-27,62922;-48,6581;SPRF-SC;DEL01-SC;UOP02-DEL01-SC;;;
731573;01/11/2025;s�bado;19:20:00;RJ;101;313;SAO GONCALO;Rea��o tardia ou ineficiente do condutor;Colis�o traseira;Com V�timas Feridas;Plena Noite;Crescente;C�u Claro;Dupla;Reta;Sim;2;0;1;0;1;0;1;2;-22,81009875;-43,06950615;SPRF-RJ;DEL02-RJ;UOP02-DEL02-RJ;;;
731575;13/11/2025;quinta-feira;13:30:00;RO;425;77;NOVA MAMORE;Acumulo de �gua sobre o pavimento;Sa�da de leito carro��vel;Com V�timas Feridas;Pleno dia;Decrescente;Chuva;Simples;Reta;N�o;2;0;1;0;1;0;1;1;-10,38584736;-65,32331944;SPRF-RO;DEL01-RO;UOP03-DEL01-RO;;;
731576;13/11/2025;quinta-feira;16:10:00;PB;101;87,2;JOAO PESSOA;Acumulo de �gua sobre o pavimento;Tombamento;Com V�timas Feridas;Pleno dia;Decrescente;Chuva;Dupla;Reta;Sim;1;0;1;0;0;0;1;1;-7,1606373;-34,9050284;SPRF-PB;DEL01-PB;UOP01-DEL01-PB;;;
731577;13/11/2025;quinta-feira;13:20:00;MS;163;703;RIO VERDE DE MATO GROSSO;Aus�ncia de rea��o do condutor;Tombamento;Com V�timas Feridas;Pleno dia;Crescente;Nublado;Simples;"Reta;Em Obras";N�o;2;0;2;0;0;0;2;1;-18,7249547;-54,8155514;SPRF-MS;DEL06-MS;UOP01-DEL06-MS;;;
731578;13/11/2025;quinta-feira;16:15:00;SP;116;413;JUQUIA;Avarias e/ou desgaste excessivo no pneu;Queda de ocupante de ve�culo;Com V�timas Feridas;Pleno dia;Decrescente;Nublado;Dupla;Curva;N�o;2;0;2;0;0;0;2;1;-24,3298;-47,6195;SPRF-SP;DEL05-SP;UOP01-DEL05-SP;;;
731580;13/11/2025;quinta-feira;14:00:00;MG;116;747;LEOPOLDINA;Aus�ncia de rea��o do condutor;Queda de ocupante de ve�culo;Com V�timas Feridas;Pleno dia;Decrescente;C�u Claro;Simples;Reta;N�o;1;0;1;0;0;0;1;1;-21,50589297;-42,60923908;SPRF-MG;DEL07-MG;UOP01-DEL07-MG;;;
731581;13/11/2025;quinta-feira;08:00:00;RJ;101;308;SAO GONCALO;Demais falhas mec�nicas ou el�tricas;Queda de ocupante de ve�culo;Com V�timas Feridas;Pleno dia;Crescente;C�u Claro;Simples;Reta;Sim;2;0;1;0;1;0;1;1;-22,79663714;-43,04301739;SPRF-RJ;DEL02-RJ;UOP02-DEL02-RJ;;;
731582;13/11/2025;quinta-feira;15:30:00;RS;116;183;NOVA PETROPOLIS;Transitar na contram�o;Colis�o frontal;Com V�timas Feridas;Pleno dia;Crescente;C�u Claro;Simples;Curva;N�o;4;0;2;0;2;0;2;2;-29,38355517;-51,11928686;SPRF-RS;DEL05-RS;UOP02-DEL05-RS;;;
731584;16/10/2025;quinta-feira;18:45:00;PR;369;192;ARAPONGAS;Acessar a via sem observar a presen�a dos outros ve�culos;Colis�o transversal;Com V�timas Feridas;Anoitecer;Decrescente;C�u Claro;Dupla;Reta;N�o;2;0;0;1;1;0;1;2;-23,46055951;-51,42342925;SPRF-PR;DEL07-PR;UOP03-DEL07-PR;;;
731585;13/11/2025;quinta-feira;16:30:00;RJ;493;23;MAGE;Rea��o tardia ou ineficiente do condutor;Tombamento;Com V�timas Feridas;Pleno dia;Decrescente;C�u Claro;Simples;"Reta;Aclive;Em Obras";N�o;1;0;0;1;0;0;1;1;-22,659072;-43,0866432;SPRF-RJ;DEL04-RJ;UOP02-DEL04-RJ;;;
731589;13/11/2025;quinta-feira;17:00:00;SC;101;119,2;ITAJAI;Manobra de mudan�a de faixa;Colis�o lateral mesmo sentido;Com V�timas Feridas;Pleno dia;Crescente;Nublado;M�ltipla;Reta;Sim;2;0;1;0;1;0;1;2;-26,90275435;-48,71671557;SPRF-SC;DEL04-SC;UOP04-DEL04-SC;;;
731591;13/11/2025;quinta-feira;13:50:00;MG;262;786;UBERABA;Aus�ncia de rea��o do condutor;Colis�o traseira;Sem V�timas;Pleno dia;Decrescente;C�u Claro;Dupla;Reta;Sim;2;0;0;0;1;1;0;2;-19,77350304;-47,91584937;SPRF-MG;DEL13-MG;UOP01-DEL13-MG;;;
731592;13/11/2025;quinta-feira;17:15:00;DF;20;7;BRASILIA;Condutor deixou de manter dist�ncia do ve�culo da frente;Colis�o traseira;Com V�timas Feridas;Pleno dia;Crescente;C�u Claro;Dupla;Reta;Sim;3;0;0;1;2;0;1;3;-15,66162598;-47,79861599;SPRF-DF;DEL02-DF;UOP01-DEL02-DF;;;
731595;13/11/2025;quinta-feira;16:15:00;RJ;40;60;PETROPOLIS;Ingest�o de �lcool pelo condutor;Colis�o com objeto;Sem V�timas;Pleno dia;Crescente;C�u Claro;Dupla;Curva;N�o;1;0;0;0;1;0;0;1;-22,39855946;-43,1354614;SPRF-RJ;DEL05-RJ;UOP02-DEL05-RJ;;;
731596;13/11/2025;quinta-feira;16:40:00;SP;101;50;UBATUBA;Condutor deixou de manter dist�ncia do ve�culo da frente;Colis�o traseira;Sem V�timas;Pleno dia;Crescente;Nublado;Simples;Reta;Sim;2;0;0;0;2;0;0;2;-23,45227681;-45,07525776;SPRF-SP;DEL06-SP;UOP01-DEL06-SP;;;
731597;20/10/2025;segunda-feira;14:30:00;RO;435;119;CEREJEIRAS;Avarias e/ou desgaste excessivo no pneu;Tombamento;Com V�timas Fatais;Pleno dia;Crescente;Nublado;Simples;Reta;N�o;2;1;0;1;0;0;1;1;-13,18729125;-60,78041;SPRF-RO;DEL04-RO;UOP02-DEL04-RO;;;
731598;13/11/2025;quinta-feira;17:30:00;MG;381;857;POUSO ALEGRE;Aus�ncia de rea��o do condutor;Sa�da de leito carro��vel;Com V�timas Feridas;Pleno dia;Crescente;Chuva;Dupla;Reta;N�o;1;0;1;0;0;0;1;1;-22,29684;-45,89968;SPRF-MG;DEL16-MG;UOP01-DEL16-MG;;;
731599;13/11/2025;quinta-feira;17:00:00;PR;116;49;CAMPINA GRANDE DO SUL;Acumulo de �leo sobre o pavimento;Sa�da de leito carro��vel;Sem V�timas;Pleno dia;Decrescente;Chuva;Dupla;Curva;N�o;2;0;0;0;2;0;0;1;-25,22945944;-48,90761375;SPRF-PR;DEL01-PR;UOP02-DEL01-PR;;;
731601;13/11/2025;quinta-feira;10:33:00;RJ;40;121;DUQUE DE CAXIAS;Rea��o tardia ou ineficiente do condutor;Tombamento;Com V�timas Feridas;Pleno dia;Crescente;Sol;M�ltipla;Reta;Sim;1;0;1;0;0;0;1;1;-22,78384237;-43,28560559;SPRF-RJ;DEL01-RJ;UOP02-DEL01-RJ;;;
731603;13/11/2025;quinta-feira;17:00:00;MG;365;764;ITUIUTABA;Aus�ncia de rea��o do condutor;Sa�da de leito carro��vel;Com V�timas Feridas;Anoitecer;Crescente;Chuva;Simples;"Reta;Declive";N�o;1;0;1;0;0;0;1;1;-18,963114;-49,576659;SPRF-MG;DEL15-MG;UOP03-DEL15-MG;;;
731604;13/11/2025;quinta-feira;15:35:00;MG;381;441;SANTA LUZIA;Ingest�o de �lcool pelo condutor;Colis�o traseira;Sem V�timas;Pleno dia;Crescente;C�u Claro;Simples;Curva;N�o;3;0;0;0;3;0;0;3;-19,8190208;-43,8386481;SPRF-MG;DEL01-MG;UOP01-DEL01-MG;;;
731605;13/11/2025;quinta-feira;18:05:00;SC;101;197;BIGUACU;Rea��o tardia ou ineficiente do condutor;Colis�o transversal;Com V�timas Feridas;Pleno dia;Crescente;Nublado;Dupla;Reta;Sim;2;0;1;0;1;0;1;2;-27,520691;-48,63796;SPRF-SC;DEL01-SC;UOP01-DEL01-SC;;;
731606;13/11/2025;quinta-feira;18:15:00;PE;101;74,2;RECIFE;Acessar a via sem observar a presen�a dos outros ve�culos;Colis�o transversal;Com V�timas Feridas;Plena Noite;Decrescente;Nublado;Dupla;Curva;N�o;2;0;2;0;0;0;2;2;-8,10282;-34,94835;SPRF-PE;DEL01-PE;UOP01-DEL01-PE;;;
731607;13/11/2025;quinta-feira;18:10:00;RS;116;265;CANOAS;Trafegar com motocicleta (ou similar) entre as faixas;Colis�o transversal;Com V�timas Feridas;Pleno dia;Decrescente;C�u Claro;M�ltipla;Reta;Sim;3;0;1;0;2;0;1;2;-29,925944;-51,177762;SPRF-RS;DEL01-RS;UOP01-DEL01-RS;;;
731609;13/11/2025;quinta-feira;16:45:00;MG;267;21;ARGIRITA;Acumulo de areia ou detritos sobre o pavimento;Sa�da de leito carro��vel;Com V�timas Feridas;Pleno dia;Crescente;Nublado;Simples;Curva;N�o;1;0;1;0;0;0;1;1;-21,593153;-42,794101;SPRF-MG;DEL07-MG;UOP01-DEL07-MG;;;
731611;13/11/2025;quinta-feira;18:20:00;RS;290;715;URUGUAIANA;Demais falhas mec�nicas ou el�tricas;Inc�ndio;Sem V�timas;Pleno dia;Crescente;C�u Claro;Simples;"Declive;Curva";N�o;1;0;0;0;1;0;0;1;-29,791736;-57,014678;SPRF-RS;DEL13-RS;UOP01-DEL13-RS;;;
731612;13/11/2025;quinta-feira;18:45:00;ES;101;146,8;LINHARES;Convers�o proibida;Colis�o transversal;Com V�timas Feridas;Plena Noite;Decrescente;C�u Claro;Dupla;Interse��o de Vias;Sim;2;0;1;0;1;0;1;2;-19,37562565;-40,06598759;SPRF-ES;DEL04-ES;UOP01-DEL04-ES;;;
731613;13/11/2025;quinta-feira;17:20:00;PB;101;84;BAYEUX;Rea��o tardia ou ineficiente do condutor;Colis�o traseira;Com V�timas Feridas;Anoitecer;Crescente;Nublado;Dupla;Reta;Sim;1;0;1;0;0;0;1;1;-7,142379;-34,919775;SPRF-PB;DEL01-PB;UOP01-DEL01-PB;;;
731614;13/11/2025;quinta-feira;14:20:00;RO;364;14;VILHENA;Aus�ncia de rea��o do condutor;Colis�o traseira;Com V�timas Feridas;Pleno dia;Crescente;C�u Claro;Simples;Rotat�ria;N�o;3;0;1;0;2;0;1;2;-12,73905518;-60,13961999;SPRF-RO;DEL04-RO;UOP01-DEL04-RO;;;
731615;13/11/2025;quinta-feira;18:30:00;PE;101;69;RECIFE;Manobra de mudan�a de faixa;Colis�o lateral mesmo sentido;Com V�timas Feridas;Plena Noite;Decrescente;Nublado;Dupla;Viaduto;Sim;4;0;2;0;1;1;2;3;-8,061458;-34,944865;SPRF-PE;DEL01-PE;UOP01-DEL01-PE;;;
731616;13/11/2025;quinta-feira;19:20:00;RJ;116;173;SAO JOAO DE MERITI;Condutor deixou de manter dist�ncia do ve�culo da frente;Colis�o traseira;Com V�timas Feridas;Plena Noite;Crescente;C�u Claro;M�ltipla;Reta;Sim;3;0;1;0;2;0;1;2;-22,79761879;-43,35923642;SPRF-RJ;DEL06-RJ;UOP01-DEL06-RJ;;;
731619;13/11/2025;quinta-feira;20:10:00;SC;101;337;TUBARAO;Rea��o tardia ou ineficiente do condutor;Colis�o traseira;Com V�timas Feridas;Plena Noite;Decrescente;C�u Claro;Dupla;Aclive;N�o;2;0;1;0;1;0;1;2;-28,49114954;-49,03928725;SPRF-SC;DEL02-SC;UOP01-DEL02-SC;;;
731620;13/11/2025;quinta-feira;20:00:00;RJ;116;173;RIO DE JANEIRO;Acessar a via sem observar a presen�a dos outros ve�culos;Colis�o lateral mesmo sentido;Com V�timas Feridas;Anoitecer;Crescente;Nublado;Dupla;Reta;N�o;3;0;1;0;2;0;1;2;-22,8048515;-43,3452235;SPRF-RJ;DEL06-RJ;UOP01-DEL06-RJ;;;
731621;13/11/2025;quinta-feira;18:00:00;MG;381;949,5;EXTREMA;Avarias e/ou desgaste excessivo no pneu;Tombamento;Com V�timas Feridas;Anoitecer;Crescente;Nublado;Dupla;Reta;N�o;2;0;2;0;0;0;2;1;-22,875082;-46,367049;SPRF-MG;DEL16-MG;UOP03-DEL16-MG;;;
731622;13/11/2025;quinta-feira;17:30:00;MG;40;14;PARACATU;Acessar a via sem observar a presen�a dos outros ve�culos;Colis�o transversal;Sem V�timas;Anoitecer;Crescente;Nublado;Simples;Reta;N�o;4;0;0;0;4;0;0;2;-17,072;-47,042;SPRF-MG;DEL14-MG;UOP01-DEL14-MG;;;
731623;13/11/2025;quinta-feira;18:24:00;RJ;40;110;DUQUE DE CAXIAS;Manobra de mudan�a de faixa;Colis�o lateral mesmo sentido;Com V�timas Feridas;Anoitecer;Decrescente;C�u Claro;M�ltipla;Reta;Sim;4;0;1;0;3;0;1;2;-22,687747;-43,28595;SPRF-RJ;DEL01-RJ;UOP02-DEL01-RJ;;;
731624;13/11/2025;quinta-feira;20:15:00;ES;101;179,2;ARACRUZ;Convers�o proibida;Colis�o transversal;Com V�timas Feridas;Plena Noite;Crescente;C�u Claro;Simples;Interse��o de Vias;N�o;2;0;1;0;1;0;1;2;-19,61801318;-40,21655263;SPRF-ES;DEL04-ES;UOP01-DEL04-ES;;;
731625;13/11/2025;quinta-feira;20:30:00;RN;110;46,3;MOSSORO;Animais na Pista;Atropelamento de Animal;Com V�timas Feridas;Plena Noite;Crescente;C�u Claro;Simples;Reta;Sim;1;0;1;0;0;0;1;1;-5,20036468;-37,32170463;SPRF-RN;DEL04-RN;UOP01-DEL04-RN;;;
731627;13/11/2025;quinta-feira;20:20:00;GO;70;9,2;AGUAS LINDAS DE GOIAS;Manobra de mudan�a de faixa;Colis�o transversal;Sem V�timas;Plena Noite;Crescente;C�u Claro;Dupla;Reta;Sim;2;0;0;0;2;0;0;2;-15,736966;-48,290509;SPRF-DF;DEL03-DF;UOP02-DEL03-DF;;;
731628;13/11/2025;quinta-feira;20:45:00;PE;232;15,3;JABOATAO DOS GUARARAPES;Aus�ncia de rea��o do condutor;Sa�da de leito carro��vel;Com V�timas Feridas;Plena Noite;Decrescente;Nublado;Dupla;Curva;N�o;1;0;1;0;0;0;1;1;-8,093523;-35,031602;SPRF-PE;DEL01-PE;UOP01-DEL01-PE;;;
731629;13/11/2025;quinta-feira;19:00:00;RJ;101;322;NITEROI;Condutor deixou de manter dist�ncia do ve�culo da frente;Colis�o lateral mesmo sentido;Com V�timas Feridas;Plena Noite;Crescente;C�u Claro;Dupla;Reta;Sim;3;0;2;0;1;0;2;2;-22,87673864;-43,11713219;SPRF-RJ;DEL02-RJ;UOP01-DEL02-RJ;;;
731630;13/11/2025;quinta-feira;21:40:00;BA;101;171;FEIRA DE SANTANA;Animais na Pista;Atropelamento de Animal;Sem V�timas;Plena Noite;Crescente;C�u Claro;Simples;Reta;N�o;3;0;0;0;3;0;0;1;-12,3613247;-38,8637343;SPRF-BA;DEL01-BA;UOP03-DEL01-BA;;;
731633;13/11/2025;quinta-feira;21:35:00;TO;153;334,7;GUARAI;Desrespeitar a prefer�ncia no cruzamento;Atropelamento de Pedestre;Com V�timas Feridas;Plena Noite;Crescente;C�u Claro;Dupla;Reta;Sim;2;0;1;0;1;0;1;2;-8,839847;-48,511838;SPRF-TO;DEL02-TO;UOP02-DEL02-TO;;;
731634;13/11/2025;quinta-feira;21:30:00;GO;153;428,8;ANAPOLIS;Aus�ncia de rea��o do condutor;Colis�o traseira;Com V�timas Feridas;Plena Noite;Crescente;C�u Claro;Dupla;"Aclive;Reta";Sim;2;0;1;0;1;0;1;2;-16,26060722;-48,98599774;SPRF-GO;DEL02-GO;UOP01-DEL02-GO;;;
731635;13/11/2025;quinta-feira;21:15:00;RS;287;392,5;SANTIAGO;Acessar a via sem observar a presen�a dos outros ve�culos;Colis�o transversal;Com V�timas Feridas;Plena Noite;Decrescente;C�u Claro;Simples;"Reta;Interse��o de Vias";N�o;3;0;1;1;1;0;2;2;-29,21668958;-54,84348178;SPRF-RS;DEL12-RS;UOP02-DEL12-RS;;;