id;data_inversa;dia_semana;horario;uf;br;km;municipio;causa_acidente;tipo_acidente;classificacao_acidente;fase_dia;sentido_via;condicao_metereologica;tipo_pista;tracado_via;uso_solo;pessoas;mortos;feridos_leves;feridos_graves;ilesos;ignorados;feridos;veiculos;latitude;longitude;regional;delegacia;uop;;;
731636;13/11/2025;quinta-feira;18:40:00;PA;230;89;SAO JOAO DO ARAGUAIA;Rea��o tardia ou ineficiente do condutor;Atropelamento de Animal;Com V�timas Feridas;Plena Noite;Decrescente;C�u Claro;Simples;"Reta;Aclive";N�o;1;0;1;0;0;0;1;1;-5,468494;-48,874399;SPRF-PA;DEL03-PA;UOP01-DEL03-PA;;;
731640;14/10/2025;ter�a-feira;13:00:00;RJ;116;174;SAO JOAO DE MERITI;Frear bruscamente;Colis�o traseira;Com V�timas Feridas;Pleno dia;Decrescente;C�u Claro;Simples;Reta;N�o;4;0;1;0;3;0;1;3;-22,80108198;-43,35236785;SPRF-RJ;DEL06-RJ;UOP01-DEL06-RJ;;;
731643;13/11/2025;quinta-feira;15:50:00;SC;101;157;PORTO BELO;Acumulo de areia ou detritos sobre o pavimento;Tombamento;Com V�timas Feridas;Pleno dia;Decrescente;C�u Claro;Dupla;Reta;Sim;1;0;1;0;0;0;1;1;-27,19218246;-48,61224739;SPRF-SC;DEL04-SC;UOP03-DEL04-SC;;;
731645;13/11/2025;quinta-feira;22:28:00;SC;101;222;PALHOCA;Velocidade Incompat�vel;Queda de ocupante de ve�culo;Com V�timas Feridas;Plena Noite;Crescente;C�u Claro;Dupla;Reta;Sim;2;0;1;0;1;0;1;1;-27,709578;-48,65468;SPRF-SC;DEL01-SC;UOP02-DEL01-SC;;;
731646;13/11/2025;quinta-feira;19:20:00;MA;226;53,6;CAXIAS;Transitar no Acostamento;Colis�o frontal;Com V�timas Fatais;Plena Noite;Decrescente;C�u Claro;Simples;"Reta;Declive";N�o;3;1;0;2;0;0;2;2;-5,202228;-43,259613;SPRF-MA;DEL03-MA;UOP02-DEL03-MA;;;
731648;13/11/2025;quinta-feira;21:55:00;RJ;101;280;TANGUA;Aus�ncia de rea��o do condutor;Tombamento;Com V�timas Feridas;Plena Noite;Decrescente;C�u Claro;Dupla;Reta;Sim;2;0;1;0;0;1;1;2;-22,739588;-42,743087;SPRF-RJ;DEL02-RJ;UOP02-DEL02-RJ;;;
731649;13/11/2025;quinta-feira;22:15:00;SP;101;43,8;UBATUBA;Acessar a via sem observar a presen�a dos outros ve�culos;Colis�o transversal;Com V�timas Feridas;Plena Noite;Decrescente;C�u Claro;Simples;Reta;Sim;3;0;0;1;1;1;1;3;-23,40864928;-45,06014585;SPRF-SP;DEL06-SP;UOP01-DEL06-SP;;;
731650;13/11/2025;quinta-feira;20:00:00;PI;343;15;PARNAIBA;Acessar a via sem observar a presen�a dos outros ve�culos;Colis�o transversal;Com V�timas Feridas;Plena Noite;Decrescente;C�u Claro;Dupla;Reta;Sim;2;0;0;2;0;0;2;2;-2,93634533;-41,75501972;SPRF-PI;DEL05-PI;UOP01-DEL05-PI;;;
731651;13/11/2025;quinta-feira;22:45:00;SC;280;51,4;GUARAMIRIM;Acessar a via sem observar a presen�a dos outros ve�culos;Colis�o transversal;Com V�timas Feridas;Plena Noite;Crescente;Nublado;Simples;"Retorno Regulamentado;Reta";Sim;2;0;1;0;1;0;1;2;-26,466787;-48,959993;SPRF-SC;DEL03-SC;UOP03-DEL03-SC;;;
731653;13/11/2025;quinta-feira;21:20:00;PR;163;226,1;CASCAVEL;Ingest�o de �lcool pelo condutor;Sa�da de leito carro��vel;Sem V�timas;Plena Noite;Crescente;C�u Claro;Dupla;"Interse��o de Vias;Reta;Retorno Regulamentado";Sim;2;0;0;0;2;0;0;1;-24,884;-53,558;SPRF-PR;DEL04-PR;UOP01-DEL04-PR;;;
731656;13/11/2025;quinta-feira;23:55:00;PR;373;266;PRUDENTOPOLIS;Transitar na contram�o;Colis�o frontal;Com V�timas Feridas;Plena Noite;Crescente;C�u Claro;Simples;Reta;Sim;2;0;1;0;1;0;1;2;-25,20847981;-51,00202392;SPRF-PR;DEL08-PR;UOP01-DEL08-PR;;;
731661;13/11/2025;quinta-feira;23:15:00;SC;280;242;BELA VISTA DO TOLDO;Ingest�o de �lcool pelo condutor;Sa�da de leito carro��vel;Sem V�timas;Plena Noite;Decrescente;C�u Claro;Simples;Reta;N�o;1;0;0;0;1;0;0;1;-26,23301929;-50,46895361;SPRF-SC;DEL06-SC;UOP04-DEL06-SC;;;
731662;13/11/2025;quinta-feira;22:00:00;RS;472;540;URUGUAIANA;Ingest�o de �lcool pelo condutor;Sa�da de leito carro��vel;Com V�timas Feridas;Plena Noite;Crescente;C�u Claro;Simples;"Interse��o de Vias;Reta";N�o;1;0;1;0;0;0;1;1;-29,550171;-56,83511;SPRF-RS;DEL13-RS;UOP01-DEL13-RS;;;
731663;13/11/2025;quinta-feira;22:20:00;PR;277;529,1;GUARANIACU;Transitar na contram�o;Sa�da de leito carro��vel;Com V�timas Feridas;Plena Noite;Crescente;C�u Claro;Simples;Curva;N�o;2;0;2;0;0;0;2;1;-25,09181752;-52,95144081;SPRF-PR;DEL04-PR;UOP04-DEL04-PR;;;
731664;13/11/2025;quinta-feira;23:32:00;GO;452;47;RIO VERDE;Ingest�o de �lcool pelo condutor;Colis�o com objeto;Com V�timas Feridas;Plena Noite;Decrescente;Nublado;Simples;"Reta;Rotat�ria;Retorno Regulamentado";N�o;1;0;1;0;0;0;1;1;-17,959223;-50,496432;SPRF-GO;DEL04-GO;UOP01-DEL04-GO;;;
731665;14/11/2025;sexta-feira;00:05:00;PI;343;38,2;BURITI DOS LOPES;Transtornos Mentais (exceto suicidio);Sa�da de leito carro��vel;Com V�timas Feridas;Plena Noite;Crescente;C�u Claro;Simples;Reta;N�o;1;0;1;0;0;0;1;1;-3,13843091;-41,79456621;SPRF-PI;DEL05-PI;UOP01-DEL05-PI;;;
731667;14/11/2025;sexta-feira;02:30:00;SP;262;319;CASTILHO;Aus�ncia de rea��o do condutor;Colis�o com objeto;Com V�timas Feridas;Plena Noite;Crescente;C�u Claro;Simples;Rotat�ria;N�o;2;0;1;1;0;0;2;1;-20,785564;-51,600136;SPRF-MS;DEL07-MS;UOP01-DEL07-MS;;;
731669;05/11/2025;quarta-feira;12:15:00;BA;324;619;SALVADOR;Condutor deixou de manter dist�ncia do ve�culo da frente;Colis�o traseira;Com V�timas Feridas;Pleno dia;Crescente;C�u Claro;M�ltipla;Reta;N�o;2;0;1;0;0;1;1;2;-12,903354;-38,45435;SPRF-BA;DEL01-BA;UOP01-DEL01-BA;;;
731674;14/11/2025;sexta-feira;04:30:00;PI;343;3,2;TERESINA;Ingest�o de �lcool pelo condutor;Sa�da de leito carro��vel;Com V�timas Feridas;Plena Noite;Decrescente;C�u Claro;M�ltipla;Reta;Sim;1;0;1;0;0;0;1;1;-5,081103;-42,779173;SPRF-PI;DEL01-PI;UOP01-DEL01-PI;;;
731675;14/11/2025;sexta-feira;05:00:00;RO;364;208,4;PIMENTA BUENO;Ingest�o de �lcool pelo condutor;Colis�o com objeto;Com V�timas Feridas;Amanhecer;Crescente;C�u Claro;Simples;Reta;N�o;1;0;1;0;0;0;1;1;-11,595722;-61,241712;SPRF-RO;DEL02-RO;UOP02-DEL02-RO;;;
731677;14/11/2025;sexta-feira;05:40:00;SE;235;1;NOSSA SENHORA DO SOCORRO;Aus�ncia de rea��o do condutor;Colis�o traseira;Com V�timas Feridas;Pleno dia;Decrescente;C�u Claro;Dupla;Declive;N�o;3;0;2;0;1;0;2;2;-10,9050402;-37,1230426;SPRF-SE;DEL01-SE;UOP01-DEL01-SE;;;
731678;13/11/2025;quinta-feira;21:50:00;MG;116;400;GOVERNADOR VALADARES;Demais falhas mec�nicas ou el�tricas;Sa�da de leito carro��vel;Com V�timas Feridas;Plena Noite;Decrescente;C�u Claro;Simples;Reta;N�o;1;0;1;0;0;0;1;1;-18,7546762;-41,98562622;SPRF-MG;DEL06-MG;UOP01-DEL06-MG;;;
731679;14/11/2025;sexta-feira;05:15:00;RS;293;139;CANDIOTA;Condutor Dormindo;Colis�o frontal;Com V�timas Feridas;Amanhecer;Crescente;C�u Claro;Simples;Reta;N�o;3;0;2;1;0;0;3;2;-31,448226;-53,68315;SPRF-RS;DEL11-RS;UOP03-DEL11-RS;;;
731680;14/11/2025;sexta-feira;05:00:00;CE;222;312,7;TIANGUA;Suic�dio (presumido);Atropelamento de Pedestre;Com V�timas Fatais;Amanhecer;Crescente;Nublado;M�ltipla;Reta;Sim;2;1;0;0;0;1;0;2;-3,72803439;-40,99937117;SPRF-CE;DEL04-CE;UOP02-DEL04-CE;;;
731681;13/11/2025;quinta-feira;11:00:00;MG;381;373;SAO GONCALO DO RIO ABAIXO;Aus�ncia de rea��o do condutor;Tombamento;Com V�timas Feridas;Pleno dia;Crescente;C�u Claro;Simples;"Declive;Curva";Sim;1;0;0;1;0;0;1;1;-19,83685803;-43,33649531;SPRF-MG;DEL01-MG;UOP01-DEL01-MG;;;
731682;14/11/2025;sexta-feira;02:50:00;PR;277;1;PARANAGUA;Acessar a via sem observar a presen�a dos outros ve�culos;Atropelamento de Pedestre;Com V�timas Feridas;Plena Noite;Decrescente;Garoa/Chuvisco;Simples;Reta;Sim;2;0;1;0;0;1;1;2;-25,53384509;-48,55225325;SPRF-PR;DEL01-PR;UOP05-DEL01-PR;;;
731683;14/11/2025;sexta-feira;06:40:00;SC;101;151;ITAPEMA;Condutor deixou de manter dist�ncia do ve�culo da frente;Colis�o traseira;Com V�timas Feridas;Pleno dia;Crescente;C�u Claro;Dupla;Reta;N�o;2;0;1;0;1;0;1;2;-27,065955;-48,5955738;SPRF-SC;DEL04-SC;UOP03-DEL04-SC;;;
731684;14/11/2025;sexta-feira;06:45:00;BA;324;610,2;SIMOES FILHO;Trafegar com motocicleta (ou similar) entre as faixas;Colis�o lateral mesmo sentido;Com V�timas Feridas;Pleno dia;Decrescente;C�u Claro;Dupla;Reta;Sim;2;0;1;0;1;0;1;2;-12,8326292;-38,4131766;SPRF-BA;DEL01-BA;UOP01-DEL01-BA;;;
731686;14/11/2025;sexta-feira;06:50:00;DF;40;3;BRASILIA;Condutor deixou de manter dist�ncia do ve�culo da frente;Colis�o traseira;Com V�timas Feridas;Amanhecer;Decrescente;C�u Claro;Dupla;"Reta;Viaduto";Sim;2;0;2;0;0;0;2;2;-16,004565;-47,983752;SPRF-DF;DEL01-DF;UOP01-DEL01-DF;;;
731687;14/11/2025;sexta-feira;07:00:00;PR;116;115;CURITIBA;Aus�ncia de rea��o do condutor;Colis�o lateral mesmo sentido;Com V�timas Feridas;Pleno dia;Crescente;C�u Claro;M�ltipla;Reta;Sim;2;0;1;0;0;1;1;2;-25,57027414;-49,31056083;SPRF-PR;DEL01-PR;UOP03-DEL01-PR;;;
731688;14/11/2025;sexta-feira;07:05:00;SC;470;66,2;INDAIAL;Acessar a via sem observar a presen�a dos outros ve�culos;Colis�o transversal;Com V�timas Feridas;Pleno dia;Decrescente;C�u Claro;Simples;"Reta;Em Obras";Sim;2;0;1;0;1;0;1;2;-26,870107;-49,2236682;SPRF-SC;DEL04-SC;UOP01-DEL04-SC;;;
731689;14/11/2025;sexta-feira;06:35:00;SC;280;24,1;ARAQUARI;Acessar a via sem observar a presen�a dos outros ve�culos;Colis�o transversal;Com V�timas Feridas;Pleno dia;Crescente;Nublado;Simples;Reta;N�o;2;0;0;1;1;0;1;2;-26,378267;-48,72077;SPRF-SC;DEL03-SC;UOP03-DEL03-SC;;;
731690;14/11/2025;sexta-feira;07:55:00;PB;230;23;JOAO PESSOA;Condutor deixou de manter dist�ncia do ve�culo da frente;Colis�o traseira;Com V�timas Feridas;Pleno dia;Decrescente;C�u Claro;Dupla;Reta;Sim;2;0;0;1;0;1;1;2;-7,162048;-34,860552;SPRF-PB;DEL01-PB;UOP01-DEL01-PB;;;
731691;14/11/2025;sexta-feira;04:40:00;RJ;40;121;DUQUE DE CAXIAS;Aus�ncia de rea��o do condutor;Colis�o com objeto;Com V�timas Feridas;Amanhecer;Crescente;Nublado;Dupla;Reta;Sim;1;0;1;0;0;0;1;1;-22,76192653;-43,28712738;SPRF-RJ;DEL01-RJ;UOP02-DEL01-RJ;;;
731692;14/11/2025;sexta-feira;05:30:00;BA;324;550;AMELIA RODRIGUES;Acessar a via sem observar a presen�a dos outros ve�culos;Atropelamento de Pedestre;Com V�timas Feridas;Pleno dia;Crescente;C�u Claro;Dupla;"Reta;Declive";N�o;2;0;0;1;1;0;1;2;-12,44995892;-38,71184349;SPRF-BA;DEL01-BA;UOP03-DEL01-BA;;;
731694;14/11/2025;sexta-feira;07:57:00;ES;101;263,9;SERRA;Condutor deixou de manter dist�ncia do ve�culo da frente;Colis�o traseira;Com V�timas Feridas;Pleno dia;Crescente;Sol;M�ltipla;Reta;N�o;2;0;1;1;0;0;2;2;-20,17284167;-40,26738333;SPRF-ES;DEL02-ES;UOP01-DEL02-ES;;;
731696;07/11/2025;sexta-feira;03:10:00;PR;369;187;ARAPONGAS;Rea��o tardia ou ineficiente do condutor;Sa�da de leito carro��vel;Com V�timas Feridas;Plena Noite;Crescente;C�u Claro;Simples;Reta;Sim;3;0;0;3;0;0;3;2;-23,43118082;-51,42266677;SPRF-PR;DEL07-PR;UOP03-DEL07-PR;;;
731697;14/11/2025;sexta-feira;04:15:00;RJ;493;97;SEROPEDICA;Rea��o tardia ou ineficiente do condutor;Queda de ocupante de ve�culo;Com V�timas Feridas;Plena Noite;Decrescente;C�u Claro;Dupla;Reta;N�o;2;0;2;0;0;0;2;1;-22,72396025;-43,71131659;SPRF-RJ;DEL01-RJ;UOP03-DEL01-RJ;;;
731699;14/11/2025;sexta-feira;07:30:00;SP;116;113;TAUBATE;Rea��o tardia ou ineficiente do condutor;Colis�o traseira;Com V�timas Feridas;Pleno dia;Decrescente;C�u Claro;Dupla;Reta;Sim;2;0;1;0;1;0;1;2;-23,04306736;-45,57573214;SPRF-SP;DEL02-SP;UOP02-DEL02-SP;;;
731701;14/11/2025;sexta-feira;08:20:00;SP;488;1,2;APARECIDA;Rea��o tardia ou ineficiente do condutor;Atropelamento de Pedestre;Com V�timas Feridas;Pleno dia;Decrescente;Nublado;Dupla;Reta;Sim;4;0;2;2;0;0;4;2;-22,849003;-45,231706;SPRF-SP;DEL08-SP;UOP01-DEL08-SP;;;
731702;14/11/2025;sexta-feira;08:30:00;PE;101;64;RECIFE;Rea��o tardia ou ineficiente do condutor;Colis�o lateral mesmo sentido;Com V�timas Feridas;Pleno dia;Decrescente;C�u Claro;Dupla;Interse��o de Vias;Sim;2;0;1;0;1;0;1;2;-8,01923;-34,94252;SPRF-PE;DEL01-PE;UOP01-DEL01-PE;;;
731703;14/11/2025;sexta-feira;06:00:00;RJ;101;300;SAO GONCALO;Aus�ncia de rea��o do condutor;Colis�o lateral mesmo sentido;Com V�timas Feridas;Pleno dia;Crescente;Nublado;Dupla;Reta;Sim;2;0;1;0;1;0;1;2;-22,77676424;-42,94928638;SPRF-RJ;DEL02-RJ;UOP02-DEL02-RJ;;;
731704;14/11/2025;sexta-feira;07:45:00;MG;40;524;CONTAGEM;Aus�ncia de rea��o do condutor;Colis�o traseira;Com V�timas Feridas;Pleno dia;Crescente;C�u Claro;Dupla;Reta;N�o;2;0;1;0;1;0;1;2;-19,881758;-44,050478;SPRF-MG;DEL01-MG;UOP02-DEL01-MG;;;
731705;14/11/2025;sexta-feira;08:15:00;PR;277;79;CURITIBA;Aus�ncia de rea��o do condutor;Colis�o traseira;Sem V�timas;Pleno dia;Decrescente;Nublado;Dupla;Curva;Sim;3;0;0;0;3;0;0;2;-25,47646201;-49,20639038;SPRF-PR;DEL01-PR;UOP07-DEL01-PR;;;
731707;14/11/2025;sexta-feira;08:10:00;PI;343;2,4;TERESINA;Velocidade Incompat�vel;Tombamento;Com V�timas Feridas;Pleno dia;Crescente;C�u Claro;Dupla;Reta;Sim;2;0;1;0;1;0;1;2;-5,08160521;-42,77145892;SPRF-PI;DEL01-PI;UOP01-DEL01-PI;;;
731708;14/11/2025;sexta-feira;07:30:00;RJ;116;137;MAGE;Rea��o tardia ou ineficiente do condutor;Colis�o lateral mesmo sentido;Com V�timas Feridas;Pleno dia;Decrescente;C�u Claro;Dupla;"Reta;Retorno Regulamentado";Sim;2;0;1;0;1;0;1;2;-22,64820635;-43,18313013;SPRF-RJ;DEL04-RJ;UOP02-DEL04-RJ;;;
731709;18/10/2025;s�bado;15:50:00;PR;116;114,2;CURITIBA;Participar de racha;Colis�o lateral mesmo sentido;Com V�timas Feridas;Anoitecer;Decrescente;Nublado;Dupla;"Aclive;Reta";N�o;4;0;1;0;0;3;1;4;-25,546203;-49,294642;SPRF-PR;DEL01-PR;UOP03-DEL01-PR;;;
731710;14/11/2025;sexta-feira;08:10:00;MG;50;42;ARAGUARI;Condutor deixou de manter dist�ncia do ve�culo da frente;Colis�o traseira;Com V�timas Feridas;Pleno dia;Crescente;C�u Claro;Dupla;Reta;N�o;2;0;1;0;1;0;1;2;-18,69043979;-48,17998409;SPRF-MG;DEL15-MG;UOP02-DEL15-MG;;;
731712;14/11/2025;sexta-feira;09:02:00;RN;101;102;PARNAMIRIM;Manobra de mudan�a de faixa;Colis�o lateral mesmo sentido;Com V�timas Feridas;Pleno dia;Crescente;C�u Claro;Dupla;"Interse��o de Vias;Reta";Sim;2;0;1;0;1;0;1;2;-5,88809362;-35,23916094;SPRF-RN;DEL01-RN;UOP01-DEL01-RN;;;
731713;14/11/2025;sexta-feira;09:35:00;MG;116;651,1;FERVEDOURO;Acessar a via sem observar a presen�a dos outros ve�culos;Colis�o transversal;Com V�timas Feridas;Pleno dia;Crescente;Sol;Simples;"Reta;Interse��o de Vias";Sim;2;0;1;0;1;0;1;2;-20,730967;-42,283125;SPRF-MG;DEL07-MG;UOP02-DEL07-MG;;;
731714;29/07/2025;ter�a-feira;17:45:00;SC;280;52;GUARAMIRIM;Acessar a via sem observar a presen�a dos outros ve�culos;Colis�o transversal;Com V�timas Feridas;Plena Noite;Crescente;C�u Claro;Dupla;Retorno Regulamentado;Sim;3;0;1;0;2;0;1;3;-26,46826802;-48,96314621;SPRF-SC;DEL03-SC;UOP03-DEL03-SC;;;
731715;14/11/2025;sexta-feira;10:05:00;MG;116;415;GOVERNADOR VALADARES;Acessar a via sem observar a presen�a dos outros ve�culos;Colis�o transversal;Com V�timas Feridas;Pleno dia;Decrescente;C�u Claro;M�ltipla;Reta;Sim;2;0;1;0;1;0;1;2;-18,890675;-41,946622;SPRF-MG;DEL06-MG;UOP01-DEL06-MG;;;
731716;14/11/2025;sexta-feira;09:50:00;AP;210;3;MACAPA;Acessar a via sem observar a presen�a dos outros ve�culos;Colis�o lateral mesmo sentido;Sem V�timas;Pleno dia;Decrescente;C�u Claro;Dupla;Reta;Sim;3;0;0;0;3;0;0;3;0,088401;-51,097379;SPRF-AP;DEL01-AP;UOP01-DEL01-AP;;;
731717;14/11/2025;sexta-feira;08:00:00;MG;50;72;UBERLANDIA;Rea��o tardia ou ineficiente do condutor;Colis�o traseira;Com V�timas Feridas;Pleno dia;Crescente;C�u Claro;Dupla;Reta;Sim;3;0;1;1;1;0;2;2;-18,89934374;-48,24142814;SPRF-MG;DEL15-MG;UOP01-DEL15-MG;;;
731718;14/11/2025;sexta-feira;08:15:00;RJ;101;477;ANGRA DOS REIS;Rea��o tardia ou ineficiente do condutor;Colis�o traseira;Com V�timas Feridas;Pleno dia;Crescente;Nublado;Simples;Reta;Sim;2;0;1;0;1;0;1;2;-23,0013403;-44,27016165;SPRF-RJ;DEL03-RJ;UOP03-DEL03-RJ;;;
731719;14/11/2025;sexta-feira;09:50:00;RS;470;274;SAO JOSE DO SUL;Acessar a via sem observar a presen�a dos outros ve�culos;Colis�o transversal;Com V�timas Feridas;Pleno dia;Crescente;C�u Claro;Simples;Reta;N�o;2;0;0;1;1;0;1;2;-29,5605114;-51,4803533;SPRF-RS;DEL06-RS;UOP01-DEL06-RS;;;
731724;14/11/2025;sexta-feira;07:20:00;RJ;40;123;DUQUE DE CAXIAS;Rea��o tardia ou ineficiente do condutor;Colis�o traseira;Sem V�timas;Pleno dia;Crescente;C�u Claro;M�ltipla;Reta;Sim;3;0;0;0;2;1;0;2;-22,79603465;-43,28841818;SPRF-RJ;DEL01-RJ;UOP02-DEL01-RJ;;;
731725;14/11/2025;sexta-feira;10:20:00;PA;163;986;SANTAREM;Condutor deixou de manter dist�ncia do ve�culo da frente;Colis�o traseira;Com V�timas Feridas;Pleno dia;Decrescente;C�u Claro;Simples;Reta;Sim;3;0;2;0;1;0;2;2;-2,58829749;-54,72015817;SPRF-PA;DEL05-PA;UOP01-DEL05-PA;;;
731726;14/11/2025;sexta-feira;10:03:00;SP;116;166,2;JACAREI;Entrada inopinada do pedestre;Atropelamento de Pedestre;Com V�timas Feridas;Pleno dia;Decrescente;Sol;Dupla;Curva;N�o;2;0;0;1;1;0;1;2;-23,30022306;-46,01533983;SPRF-SP;DEL02-SP;UOP01-DEL02-SP;;;
731728;14/11/2025;sexta-feira;11:00:00;PE;101;51;PAULISTA;Rea��o tardia ou ineficiente do condutor;Tombamento;Com V�timas Feridas;Pleno dia;Decrescente;C�u Claro;Dupla;Curva;Sim;1;0;1;0;0;0;1;1;-7,920523;-34,892751;SPRF-PE;DEL01-PE;UOP02-DEL01-PE;;;
731730;14/11/2025;sexta-feira;11:30:00;SP;381;88;GUARULHOS;Velocidade Incompat�vel;Tombamento;Com V�timas Feridas;Pleno dia;Decrescente;Nublado;M�ltipla;Interse��o de Vias;Sim;1;0;1;0;0;0;1;1;-23,4828724;-46,5598309;SPRF-SP;DEL03-SP;UOP01-DEL03-SP;;;
731731;14/11/2025;sexta-feira;10:30:00;MG;356;278,6;EUGENOPOLIS;Velocidade Incompat�vel;Sa�da de leito carro��vel;Com V�timas Feridas;Pleno dia;Decrescente;C�u Claro;Simples;"Curva;Declive";N�o;1;0;1;0;0;0;1;1;-21,125762;-42,25562;SPRF-MG;DEL07-MG;UOP02-DEL07-MG;;;
731733;14/11/2025;sexta-feira;11:55:00;BA;324;621;SALVADOR;Manobra de mudan�a de faixa;Colis�o lateral mesmo sentido;Com V�timas Feridas;Pleno dia;Crescente;C�u Claro;Dupla;Reta;Sim;3;0;2;0;1;0;2;2;-12,9223582;-38,4678294;SPRF-BA;DEL01-BA;UOP01-DEL01-BA;;;
731734;14/11/2025;sexta-feira;11:22:00;MG;40;467;SETE LAGOAS;Entrada inopinada do pedestre;Atropelamento de Pedestre;Com V�timas Feridas;Pleno dia;Decrescente;Sol;Dupla;"Reta;Declive";Sim;3;0;0;1;2;0;1;2;-19,450562;-44,31618;SPRF-MG;DEL02-MG;UOP01-DEL02-MG;;;
731736;14/11/2025;sexta-feira;12:00:00;SC;101;148;ITAPEMA;Acessar a via sem observar a presen�a dos outros ve�culos;Colis�o transversal;Com V�timas Feridas;Pleno dia;Crescente;C�u Claro;Dupla;Interse��o de Vias;Sim;2;0;1;0;1;0;1;2;-27,09679497;-48,61825436;SPRF-SC;DEL04-SC;UOP03-DEL04-SC;;;
731737;14/11/2025;sexta-feira;11:50:00;AL;104;89;RIO LARGO;Convers�o proibida;Colis�o transversal;Com V�timas Feridas;Pleno dia;Crescente;C�u Claro;Dupla;Reta;Sim;5;0;2;1;2;0;3;3;-9,48910658;-35,81600904;SPRF-AL;DEL01-AL;UOP01-DEL01-AL;;;
731738;08/11/2025;s�bado;11:00:00;MG;40;824,9;SIMAO PEREIRA;Chuva;Sa�da de leito carro��vel;Com V�timas Feridas;Pleno dia;Crescente;Chuva;Dupla;Curva;N�o;2;0;1;1;0;0;2;1;-21,99080516;-43,2844162;SPRF-MG;DEL05-MG;UOP01-DEL05-MG;;;
731739;14/11/2025;sexta-feira;11:39:00;PI;343;348,8;TERESINA;Acesso irregular;Colis�o lateral mesmo sentido;Com V�timas Feridas;Pleno dia;Decrescente;Sol;Simples;"Reta;Aclive";Sim;2;0;1;0;1;0;1;2;-5,12173;-42,79273;SPRF-PI;DEL01-PI;UOP01-DEL01-PI;;;
731742;14/11/2025;sexta-feira;12:00:00;GO;153;697,7;ITUMBIARA;Velocidade Incompat�vel;Sa�da de leito carro��vel;Com V�timas Feridas;Pleno dia;Crescente;C�u Claro;Dupla;Reta;Sim;1;0;1;0;0;0;1;1;-18,3656008;-49,21422813;SPRF-GO;DEL03-GO;UOP02-DEL03-GO;;;
731743;14/11/2025;sexta-feira;10:40:00;BA;242;813;BARREIRAS;Transitar na contram�o;Colis�o frontal;Com V�timas Feridas;Pleno dia;Decrescente;C�u Claro;Simples;"Interse��o de Vias;Reta";N�o;2;0;0;1;1;0;1;2;-12,1151588;-44,95533284;SPRF-BA;DEL10-BA;UOP01-DEL10-BA;;;
731744;14/11/2025;sexta-feira;12:30:00;RJ;116;103;GUAPIMIRIM;Mal s�bito do condutor;Colis�o lateral sentido oposto;Com V�timas Feridas;Pleno dia;Decrescente;C�u Claro;Simples;Reta;N�o;3;0;1;0;2;0;1;3;-22,50132705;-42,99957633;SPRF-RJ;DEL04-RJ;UOP01-DEL04-RJ;;;
731745;14/11/2025;sexta-feira;12:10:00;BA;324;613;SALVADOR;Condutor deixou de manter dist�ncia do ve�culo da frente;Engavetamento;Com V�timas Feridas;Pleno dia;Decrescente;C�u Claro;Dupla;Reta;N�o;3;0;1;0;2;0;1;2;-12,861152;-38,422493;SPRF-BA;DEL01-BA;UOP01-DEL01-BA;;;
731746;25/09/2025;quinta-feira;11:00:00;PA;0;0;ULIANOPOLIS;Acumulo de areia ou detritos sobre o pavimento;Colis�o com objeto;Sem V�timas;Pleno dia;N�o Informado;C�u Claro;Simples;"Reta;Declive";N�o;3;0;0;0;3;0;0;1;-3,74117143;-47,30113149;SPRF-PA;DEL02-PA;UOP02-DEL02-PA;;;
731747;14/11/2025;sexta-feira;11:10:00;ES;393;1,5;CACHOEIRO DE ITAPEMIRIM;Condutor deixou de manter dist�ncia do ve�culo da frente;Colis�o traseira;Com V�timas Feridas;Pleno dia;Crescente;Sol;Simples;Reta;Sim;2;0;1;0;1;0;1;2;-20,83420129;-41,17173169;SPRF-ES;DEL03-ES;UOP02-DEL03-ES;;;
731748;14/11/2025;sexta-feira;11:20:00;MG;116;523,3;CARATINGA;Acesso irregular;Colis�o frontal;Com V�timas Feridas;Pleno dia;Crescente;C�u Claro;Simples;Interse��o de Vias;Sim;2;0;1;0;1;0;1;2;-19,7975255;-42,1449201;SPRF-MG;DEL06-MG;UOP02-DEL06-MG;;;
731749;14/11/2025;sexta-feira;13:15:00;BA;116;16;VITORIA DA CONQUISTA;Acessar a via sem observar a presen�a dos outros ve�culos;Colis�o transversal;Com V�timas Feridas;Pleno dia;Decrescente;C�u Claro;Simples;Reta;Sim;3;0;1;0;2;0;1;2;-14,90248771;-40,84460244;SPRF-BA;DEL08-BA;UOP01-DEL08-BA;;;
731752;14/11/2025;sexta-feira;13:20:00;RS;448;14;CANOAS;Demais falhas mec�nicas ou el�tricas;Tombamento;Com V�timas Feridas;Pleno dia;Decrescente;C�u Claro;Dupla;Reta;N�o;1;0;1;0;0;0;1;1;-29,9166434;-51,23454857;SPRF-RS;DEL01-RS;UOP01-DEL01-RS;;;
731753;14/11/2025;sexta-feira;13:25:00;SC;280;28,7;ARAQUARI;Acesso irregular;Colis�o transversal;Com V�timas Feridas;Pleno dia;Crescente;Nublado;Simples;Reta;Sim;3;0;0;2;1;0;2;2;-26,40722;-48,74871;SPRF-SC;DEL03-SC;UOP03-DEL03-SC;;;