id;data_inversa;dia_semana;horario;uf;br;km;municipio;causa_acidente;tipo_acidente;classificacao_acidente;fase_dia;sentido_via;condicao_metereologica;tipo_pista;tracado_via;uso_solo;pessoas;mortos;feridos_leves;feridos_graves;ilesos;ignorados;feridos;veiculos;latitude;longitude;regional;delegacia;uop;;;
731754;07/11/2025;sexta-feira;07:00:00;MA;135;1;SAO LUIS;Aus�ncia de rea��o do condutor;Colis�o traseira;Com V�timas Feridas;Pleno dia;Crescente;C�u Claro;Dupla;Reta;Sim;2;0;1;0;1;0;1;2;-2,589155;-44,244338;SPRF-MA;DEL01-MA;UOP01-DEL01-MA;;;
731756;14/11/2025;sexta-feira;11:05:00;MA;222;670;ACAILANDIA;Condutor deixou de manter dist�ncia do ve�culo da frente;Colis�o traseira;Com V�timas Feridas;Pleno dia;Decrescente;C�u Claro;Simples;"Reta;Aclive";N�o;2;0;0;1;1;0;1;2;-4,94319703;-47,46368408;SPRF-MA;DEL04-MA;UOP03-DEL04-MA;;;
731757;14/11/2025;sexta-feira;13:07:00;PE;428;188;PETROLINA;Acesso irregular;Colis�o transversal;Com V�timas Feridas;Pleno dia;Crescente;C�u Claro;Dupla;"Retorno Regulamentado;Rotat�ria;Interse��o de Vias";Sim;2;0;1;0;1;0;1;2;-9,37624127;-40,49277306;SPRF-PE;DEL06-PE;UOP01-DEL06-PE;;;
731758;14/11/2025;sexta-feira;11:00:00;RJ;101;292;ITABORAI;Rea��o tardia ou ineficiente do condutor;Colis�o lateral mesmo sentido;Com V�timas Feridas;Pleno dia;Decrescente;C�u Claro;Dupla;Curva;Sim;2;0;1;0;1;0;1;2;-22,75560408;-42,88993835;SPRF-RJ;DEL02-RJ;UOP02-DEL02-RJ;;;
731759;14/11/2025;sexta-feira;11:40:00;PR;277;196,9;PALMEIRA;Transitar na contram�o;Colis�o frontal;Com V�timas Fatais;Pleno dia;Decrescente;Nublado;Simples;Reta;N�o;5;1;1;2;1;0;3;3;-25,4513324;-50,1975688;SPRF-PR;DEL08-PR;UOP02-DEL08-PR;;;
731760;14/11/2025;sexta-feira;13:20:00;GO;414;439;ANAPOLIS;Rea��o tardia ou ineficiente do condutor;Tombamento;Com V�timas Feridas;Pleno dia;Decrescente;C�u Claro;Simples;Reta;Sim;1;0;1;0;0;0;1;1;-16,279895;-48,942083;SPRF-GO;DEL02-GO;UOP01-DEL02-GO;;;
731762;14/11/2025;sexta-feira;12:20:00;BA;101;362;GANDU;Acessar a via sem observar a presen�a dos outros ve�culos;Colis�o transversal;Com V�timas Feridas;Pleno dia;Crescente;C�u Claro;Simples;Reta;N�o;3;0;1;0;2;0;1;2;-13,714385;-39,478818;SPRF-BA;DEL05-BA;UOP03-DEL05-BA;;;
731763;14/11/2025;sexta-feira;12:20:00;BA;407;208;CAEM;Condutor deixou de manter dist�ncia do ve�culo da frente;Colis�o traseira;Com V�timas Feridas;Pleno dia;Crescente;C�u Claro;Simples;Reta;N�o;3;0;2;0;1;0;2;1;-11,161436;-40,053627;SPRF-BA;DEL04-BA;UOP02-DEL04-BA;;;
731764;14/11/2025;sexta-feira;06:40:00;RJ;40;107;DUQUE DE CAXIAS;Demais falhas mec�nicas ou el�tricas;Tombamento;Com V�timas Feridas;Pleno dia;Decrescente;C�u Claro;Dupla;Reta;Sim;2;0;1;0;0;1;1;1;-22,65995758;-43,28424454;SPRF-RJ;DEL01-RJ;UOP02-DEL01-RJ;;;
731765;14/11/2025;sexta-feira;13:30:00;SP;101;51;UBATUBA;Retorno proibido;Colis�o transversal;Com V�timas Feridas;Pleno dia;Decrescente;C�u Claro;Simples;Reta;Sim;3;0;2;0;1;0;2;2;-23,461584;-45,065319;SPRF-SP;DEL06-SP;UOP01-DEL06-SP;;;
731767;14/11/2025;sexta-feira;07:40:00;MT;364;385;JANGADA;Ultrapassagem Indevida;Colis�o frontal;Sem V�timas;Pleno dia;Decrescente;Chuva;Simples;Aclive;N�o;1;0;0;0;1;0;0;1;-15,297514;-56,435457;SPRF-MT;DEL01-MT;UOP02-DEL01-MT;;;
731768;14/11/2025;sexta-feira;12:30:00;MG;262;410;PARA DE MINAS;Rea��o tardia ou ineficiente do condutor;Sa�da de leito carro��vel;Com V�timas Feridas;Pleno dia;Decrescente;Sol;Dupla;Reta;N�o;1;0;1;0;0;0;1;1;-19,88483288;-44,72583423;SPRF-MG;DEL08-MG;UOP03-DEL08-MG;;;
731769;14/11/2025;sexta-feira;14:10:00;RS;472;574;URUGUAIANA;Aus�ncia de rea��o do condutor;Queda de ocupante de ve�culo;Com V�timas Feridas;Pleno dia;Crescente;C�u Claro;Simples;Reta;Sim;1;0;1;0;0;0;1;1;-29,76373853;-57,05056127;SPRF-RS;DEL13-RS;UOP01-DEL13-RS;;;
731771;14/11/2025;sexta-feira;11:20:00;RO;364;342;JI-PARANA;Acessar a via sem observar a presen�a dos outros ve�culos;Colis�o lateral mesmo sentido;Com V�timas Feridas;Pleno dia;Decrescente;C�u Claro;Simples;Reta;Sim;2;0;0;1;0;1;1;2;-10,87821036;-61,94640962;SPRF-RO;DEL02-RO;UOP01-DEL02-RO;;;
731773;14/11/2025;sexta-feira;11:25:00;RO;364;342;JI-PARANA;Aus�ncia de rea��o do condutor;Colis�o traseira;Com V�timas Feridas;Pleno dia;Decrescente;C�u Claro;Dupla;"Ponte;Declive;Reta";Sim;2;0;1;0;1;0;1;2;-10,880667;-61,942368;SPRF-RO;DEL02-RO;UOP01-DEL02-RO;;;
731777;14/11/2025;sexta-feira;13:20:00;MG;116;276,1;TEOFILO OTONI;Desrespeitar a prefer�ncia no cruzamento;Colis�o transversal;Com V�timas Feridas;Pleno dia;Decrescente;Sol;Simples;Rotat�ria;Sim;4;0;0;1;2;1;1;3;-17,851985;-41,51419;SPRF-MG;DEL11-MG;UOP01-DEL11-MG;;;
731778;14/11/2025;sexta-feira;15:13:00;ES;101;246,1;SERRA;Demais falhas mec�nicas ou el�tricas;Colis�o com objeto;Com V�timas Feridas;Pleno dia;Crescente;C�u Claro;Dupla;"Reta;Em Obras;Declive";N�o;3;0;1;0;2;0;1;2;-20,06466;-40,37609;SPRF-ES;DEL02-ES;UOP01-DEL02-ES;;;
731779;14/11/2025;sexta-feira;13:30:00;RO;364;6;VILHENA;Acessar a via sem observar a presen�a dos outros ve�culos;Colis�o lateral sentido oposto;Com V�timas Feridas;Pleno dia;Decrescente;C�u Claro;Dupla;Rotat�ria;N�o;2;0;1;0;1;0;1;2;-12,77555929;-60,09366989;SPRF-RO;DEL04-RO;UOP01-DEL04-RO;;;
731780;14/11/2025;sexta-feira;14:30:00;MG;459;68,5;SENADOR JOSE BENTO;Rea��o tardia ou ineficiente do condutor;Sa�da de leito carro��vel;Com V�timas Feridas;Pleno dia;Crescente;Chuva;Dupla;"Declive;Curva";N�o;1;0;1;0;0;0;1;1;-22,13108601;-46,1821965;SPRF-MG;DEL09-MG;UOP01-DEL09-MG;;;
731782;14/11/2025;sexta-feira;14:50:00;SP;116;222;GUARULHOS;Rea��o tardia ou ineficiente do condutor;Colis�o traseira;Com V�timas Feridas;Pleno dia;Decrescente;C�u Claro;M�ltipla;Reta;N�o;3;0;0;1;2;0;1;2;-23,47665715;-46,52655399;SPRF-SP;DEL01-SP;UOP01-DEL01-SP;;;
731783;14/11/2025;sexta-feira;14:55:00;MG;381;893;CAMBUI;Manobra de mudan�a de faixa;Colis�o lateral mesmo sentido;Com V�timas Feridas;Pleno dia;Decrescente;Sol;Dupla;"Aclive;Retorno Regulamentado;Curva";N�o;5;0;1;0;3;1;1;3;-22,56706015;-46,04058802;SPRF-MG;DEL16-MG;UOP01-DEL16-MG;;;
731784;14/11/2025;sexta-feira;14:40:00;SC;101;137;BALNEARIO CAMBORIU;Acumulo de �leo sobre o pavimento;Tombamento;Com V�timas Feridas;Pleno dia;Decrescente;Sol;Simples;"Interse��o de Vias;Viaduto";Sim;1;0;1;0;0;0;1;1;-27,01874149;-48,6105752;SPRF-SC;DEL04-SC;UOP03-DEL04-SC;;;
731787;14/11/2025;sexta-feira;13:45:00;PA;316;154,6;CAPANEMA;Aus�ncia de rea��o do condutor;Colis�o lateral mesmo sentido;Com V�timas Feridas;Pleno dia;Crescente;C�u Claro;Simples;Reta;N�o;3;0;0;1;2;0;1;2;-1,234328;-47,158422;SPRF-PA;DEL01-PA;UOP03-DEL01-PA;;;
731792;14/11/2025;sexta-feira;14:40:00;SC;163;88,2;GUARACIABA;Ultrapassagem Indevida;Colis�o lateral mesmo sentido;Com V�timas Feridas;Pleno dia;Crescente;C�u Claro;Simples;Declive;N�o;4;0;2;0;2;0;2;2;-26,58076618;-53,51635605;SPRF-SC;DEL07-SC;UOP03-DEL07-SC;;;
731793;14/11/2025;sexta-feira;13:10:00;PR;277;645;CEU AZUL;Aus�ncia de rea��o do condutor;Sa�da de leito carro��vel;Sem V�timas;Pleno dia;Crescente;C�u Claro;Simples;Reta;N�o;1;0;0;0;1;0;0;1;-25,17688563;-53,87750781;SPRF-PR;DEL05-PR;UOP02-DEL05-PR;;;
731794;14/11/2025;sexta-feira;15:30:00;PB;230;19;JOAO PESSOA;Rea��o tardia ou ineficiente do condutor;Colis�o traseira;Com V�timas Feridas;Pleno dia;Decrescente;Sol;Dupla;Reta;Sim;2;0;1;0;1;0;1;2;-7,1330654;-34,85380411;SPRF-PB;DEL01-PB;UOP01-DEL01-PB;;;
731795;14/11/2025;sexta-feira;15:30:00;PB;230;19,5;JOAO PESSOA;Pedestre cruzava a pista fora da faixa;Atropelamento de Pedestre;Com V�timas Feridas;Pleno dia;Crescente;Sol;Dupla;"Reta;Aclive";Sim;2;0;0;2;0;0;2;2;-7,132415;-34,85356;SPRF-PB;DEL01-PB;UOP01-DEL01-PB;;;
731796;14/11/2025;sexta-feira;16:00:00;BA;116;563;BREJOES;Acessar a via sem observar a presen�a dos outros ve�culos;Colis�o transversal;Com V�timas Feridas;Pleno dia;Crescente;C�u Claro;Simples;Retorno Regulamentado;N�o;3;0;2;0;1;0;2;2;-12,98459;-39,942959;SPRF-BA;DEL03-BA;UOP02-DEL03-BA;;;
731798;06/05/2025;ter�a-feira;18:00:00;CE;222;225;SOBRAL;Acessar a via sem observar a presen�a dos outros ve�culos;Colis�o transversal;Com V�timas Feridas;Plena Noite;Crescente;Chuva;Simples;Curva;N�o;3;0;0;1;2;0;1;2;-3,718945;-40,3323293;SPRF-CE;DEL04-CE;UOP01-DEL04-CE;;;
731800;14/11/2025;sexta-feira;15:23:00;RJ;493;77;NOVA IGUACU;Condutor Dormindo;Queda de ocupante de ve�culo;Com V�timas Feridas;Pleno dia;Crescente;Nublado;Dupla;Reta;N�o;1;0;1;0;0;0;1;1;-22,67795393;-43,53842609;SPRF-RJ;DEL01-RJ;UOP03-DEL01-RJ;;;
731801;14/11/2025;sexta-feira;14:20:00;BA;324;570;SAO SEBASTIAO DO PASSE;Condutor deixou de manter dist�ncia do ve�culo da frente;Colis�o traseira;Com V�timas Feridas;Pleno dia;Decrescente;C�u Claro;Dupla;Reta;N�o;5;0;1;0;4;0;1;4;-12,55576;-38,567792;SPRF-BA;DEL01-BA;UOP01-DEL01-BA;;;
731803;14/11/2025;sexta-feira;15:15:00;PR;376;1,5;APUCARANA;Suic�dio (presumido);Atropelamento de Pedestre;Com V�timas Feridas;Pleno dia;Decrescente;Nublado;Simples;"Reta;Interse��o de Vias";Sim;3;0;0;1;2;0;1;2;-23,57176261;-51,42792791;SPRF-PR;DEL07-PR;UOP03-DEL07-PR;;;
731804;14/11/2025;sexta-feira;14:45:00;SC;101;37;JOINVILLE;Objeto est�tico sobre o leito carro��vel;Colis�o traseira;Com V�timas Feridas;Pleno dia;Decrescente;C�u Claro;M�ltipla;Reta;Sim;2;0;1;0;1;0;1;2;-26,28799949;-48,886199;SPRF-SC;DEL03-SC;UOP01-DEL03-SC;;;
731807;14/11/2025;sexta-feira;15:54:00;SP;116;159,3;JACAREI;Trafegar com motocicleta (ou similar) entre as faixas;Colis�o traseira;Com V�timas Feridas;Pleno dia;Decrescente;C�u Claro;Dupla;Reta;Sim;2;0;1;0;1;0;1;2;-23,26370411;-45,95609661;SPRF-SP;DEL02-SP;UOP01-DEL02-SP;;;
731809;11/11/2025;ter�a-feira;17:25:00;BA;116;814;VITORIA DA CONQUISTA;Acessar a via sem observar a presen�a dos outros ve�culos;Queda de ocupante de ve�culo;Com V�timas Feridas;Anoitecer;Crescente;Ignorado;Simples;Reta;N�o;3;0;2;0;0;1;2;2;-14,805688;-40,784208;SPRF-BA;DEL08-BA;UOP01-DEL08-BA;;;
731812;14/11/2025;sexta-feira;16:30:00;CE;116;458,8;BARRO;Rea��o tardia ou ineficiente do condutor;Sa�da de leito carro��vel;Com V�timas Feridas;Pleno dia;Decrescente;C�u Claro;Simples;Reta;N�o;2;0;2;0;0;0;2;1;-7,200803;-38,802976;SPRF-CE;DEL05-CE;UOP03-DEL05-CE;;;
731813;14/11/2025;sexta-feira;16:00:00;GO;158;246,1;JATAI;Ultrapassagem Indevida;Colis�o frontal;Com V�timas Fatais;Pleno dia;Decrescente;C�u Claro;Simples;Reta;N�o;2;1;0;0;1;0;0;2;-17,702663;-51,835367;SPRF-GO;DEL05-GO;UOP01-DEL05-GO;;;
731815;14/11/2025;sexta-feira;16:30:00;PR;116;127;FAZENDA RIO GRANDE;Aus�ncia de rea��o do condutor;Colis�o lateral mesmo sentido;Com V�timas Feridas;Pleno dia;Decrescente;Nublado;Simples;Reta;Sim;2;0;1;0;1;0;1;2;-25,65793377;-49,31204645;SPRF-PR;DEL01-PR;UOP03-DEL01-PR;;;
731816;14/11/2025;sexta-feira;14:30:00;RS;285;107,9;VACARIA;Aus�ncia de rea��o do condutor;Sa�da de leito carro��vel;Com V�timas Feridas;Pleno dia;Decrescente;C�u Claro;Simples;Reta;N�o;1;0;1;0;0;0;1;1;-28,52137;-50,81989;SPRF-RS;DEL05-RS;UOP03-DEL05-RS;;;
731817;14/11/2025;sexta-feira;16:00:00;PR;476;144;CURITIBA;Rea��o tardia ou ineficiente do condutor;Colis�o traseira;Com V�timas Feridas;Pleno dia;Decrescente;Nublado;Dupla;"Aclive;Reta";Sim;3;0;1;0;2;0;1;2;-25,54340949;-49,31400061;SPRF-PR;DEL01-PR;UOP06-DEL01-PR;;;
731820;14/11/2025;sexta-feira;17:00:00;PE;101;69,5;RECIFE;Rea��o tardia ou ineficiente do condutor;Colis�o traseira;Com V�timas Feridas;Pleno dia;Crescente;C�u Claro;Dupla;Curva;Sim;3;0;2;0;1;0;2;2;-8,06402;-34,94455;SPRF-PE;DEL01-PE;UOP01-DEL01-PE;;;
731822;14/11/2025;sexta-feira;16:50:00;RJ;495;8;TERESOPOLIS;Rea��o tardia ou ineficiente do condutor;Colis�o com objeto;Com V�timas Feridas;Pleno dia;Decrescente;C�u Claro;Simples;Curva;N�o;3;0;1;1;1;0;2;2;-22,40973;-43,011875;SPRF-RJ;DEL04-RJ;UOP01-DEL04-RJ;;;
731823;14/11/2025;sexta-feira;17:15:00;PR;469;13;FOZ DO IGUACU;Condutor deixou de manter dist�ncia do ve�culo da frente;Colis�o lateral mesmo sentido;Com V�timas Feridas;Pleno dia;Crescente;Nublado;Simples;Aclive;N�o;2;0;1;0;1;0;1;2;-25,58111504;-54,53210332;SPRF-PR;DEL05-PR;UOP04-DEL05-PR;;;
731825;14/11/2025;sexta-feira;17:12:00;MG;381;486;BETIM;Trafegar com motocicleta (ou similar) entre as faixas;Colis�o transversal;Com V�timas Feridas;Pleno dia;Crescente;Nublado;M�ltipla;Reta;Sim;2;0;1;0;1;0;1;2;-19,95602436;-44,10622358;SPRF-MG;DEL01-MG;UOP03-DEL01-MG;;;
731828;14/11/2025;sexta-feira;16:45:00;PR;277;84;SAO JOSE DOS PINHAIS;Aus�ncia de rea��o do condutor;Queda de ocupante de ve�culo;Com V�timas Feridas;Anoitecer;Crescente;Nublado;Dupla;Curva;N�o;2;0;0;2;0;0;2;1;-25,5524864;-49,0274816;SPRF-PR;DEL01-PR;UOP03-DEL01-PR;;;
731829;14/11/2025;sexta-feira;17:29:00;RN;101;103;PARNAMIRIM;Pedestre cruzava a pista fora da faixa;Atropelamento de Pedestre;Com V�timas Feridas;Anoitecer;Decrescente;C�u Claro;Dupla;Reta;Sim;2;0;1;0;0;1;1;2;-5,89049453;-35,24936423;SPRF-RN;DEL01-RN;UOP01-DEL01-RN;;;
731830;14/11/2025;sexta-feira;17:20:00;MG;40;522,6;CONTAGEM;Manobra de mudan�a de faixa;Colis�o lateral mesmo sentido;Com V�timas Feridas;Pleno dia;Decrescente;Nublado;Dupla;Reta;N�o;2;0;1;0;1;0;1;2;-19,87362408;-44,05503654;SPRF-MG;DEL01-MG;UOP02-DEL01-MG;;;
731831;14/11/2025;sexta-feira;17:20:00;RJ;116;173;SAO JOAO DE MERITI;Aus�ncia de rea��o do condutor;Colis�o traseira;Com V�timas Feridas;Pleno dia;Decrescente;Nublado;M�ltipla;Reta;Sim;3;0;1;0;2;0;1;3;-22,79886161;-43,35691866;SPRF-RJ;DEL06-RJ;UOP01-DEL06-RJ;;;
731832;14/11/2025;sexta-feira;17:40:00;SC;101;116;ITAJAI;Rea��o tardia ou ineficiente do condutor;Colis�o traseira;Sem V�timas;Pleno dia;Decrescente;C�u Claro;M�ltipla;Reta;Sim;2;0;0;0;2;0;0;2;-26,87776645;-48,72638988;SPRF-SC;DEL04-SC;UOP04-DEL04-SC;;;
731833;14/11/2025;sexta-feira;17:59:00;SP;153;61,1;SAO JOSE DO RIO PRETO;Trafegar com motocicleta (ou similar) entre as faixas;Colis�o lateral mesmo sentido;Com V�timas Feridas;Pleno dia;Decrescente;C�u Claro;Dupla;Aclive;Sim;2;0;1;0;1;0;1;2;-20,80618785;-49,35539246;SPRF-SP;DEL09-SP;UOP01-DEL09-SP;;;
731834;14/11/2025;sexta-feira;16:46:00;PB;361;4;PATOS;Aus�ncia de rea��o do condutor;Atropelamento de Pedestre;Com V�timas Feridas;Pleno dia;Crescente;C�u Claro;Simples;Reta;Sim;2;0;0;1;1;0;1;2;-7,032123;-37,293947;SPRF-PB;DEL03-PB;UOP01-DEL03-PB;;;
731835;14/11/2025;sexta-feira;17:00:00;CE;20;204,7;BOA VIAGEM;Acessar a via sem observar a presen�a dos outros ve�culos;Colis�o transversal;Com V�timas Feridas;Pleno dia;Decrescente;Sol;Simples;Reta;Sim;2;0;1;0;1;0;1;2;-5,11794462;-39,72799706;SPRF-CE;DEL02-CE;UOP02-DEL02-CE;;;
731836;14/11/2025;sexta-feira;17:15:00;PA;10;18;DOM ELISEU;Desrespeitar a prefer�ncia no cruzamento;Colis�o transversal;Com V�timas Feridas;Pleno dia;Crescente;C�u Claro;Simples;Reta;Sim;2;0;1;0;1;0;1;2;-4,289817;-47,557432;SPRF-PA;DEL02-PA;UOP02-DEL02-PA;;;
731837;14/11/2025;sexta-feira;17:30:00;SP;116;106;TAUBATE;Rea��o tardia ou ineficiente do condutor;Colis�o traseira;Com V�timas Feridas;Pleno dia;Crescente;Nublado;Dupla;Reta;N�o;2;0;1;0;0;1;1;2;-23,00759924;-45,51492207;SPRF-SP;DEL02-SP;UOP02-DEL02-SP;;;
731838;14/11/2025;sexta-feira;18:05:00;SE;101;149,4;ESTANCIA;Desrespeitar a prefer�ncia no cruzamento;Colis�o transversal;Com V�timas Feridas;Plena Noite;Decrescente;C�u Claro;Simples;Reta;Sim;2;0;1;0;0;1;1;2;-11,254853;-37,438597;SPRF-SE;DEL02-SE;UOP01-DEL02-SE;;;
731840;14/11/2025;sexta-feira;17:00:00;RS;116;427;CRISTAL;Acessar a via sem observar a presen�a dos outros ve�culos;Colis�o transversal;Com V�timas Feridas;Pleno dia;Decrescente;C�u Claro;Simples;"Reta;Interse��o de Vias;Em Obras";Sim;3;0;1;0;2;0;1;2;-30,997552;-52,049133;SPRF-RS;DEL02-RS;UOP02-DEL02-RS;;;
731841;14/11/2025;sexta-feira;18:00:00;RS;386;438;NOVA SANTA RITA;Acessar a via sem observar a presen�a dos outros ve�culos;Colis�o transversal;Com V�timas Feridas;Pleno dia;Decrescente;C�u Claro;Dupla;Reta;Sim;2;0;1;0;1;0;1;2;-29,86506072;-51,25164986;SPRF-RS;DEL04-RS;UOP02-DEL04-RS;;;
731842;14/11/2025;sexta-feira;17:10:00;DF;80;25;BRASILIA;Manobra de mudan�a de faixa;Queda de ocupante de ve�culo;Com V�timas Feridas;Anoitecer;Crescente;C�u Claro;Dupla;Reta;N�o;1;0;1;0;0;0;1;1;-15,61275;-48;SPRF-DF;DEL03-DF;UOP02-DEL03-DF;;;
731844;14/11/2025;sexta-feira;18:20:00;RJ;116;83;TERESOPOLIS;Demais falhas mec�nicas ou el�tricas;Colis�o transversal;Com V�timas Feridas;Plena Noite;Crescente;Nublado;Simples;Reta;Sim;2;0;1;0;1;0;1;2;-22,409725;-42,950098;SPRF-RJ;DEL04-RJ;UOP01-DEL04-RJ;;;
731845;14/11/2025;sexta-feira;15:00:00;MT;174;278;PONTES E LACERDA;Ultrapassagem Indevida;Colis�o lateral mesmo sentido;Com V�timas Feridas;Pleno dia;Decrescente;C�u Claro;Simples;Reta;N�o;4;0;1;0;3;0;1;2;-15,309571;-59,249587;SPRF-MT;DEL04-MT;UOP01-DEL04-MT;;;
731846;14/11/2025;sexta-feira;17:15:00;SC;280;126,5;RIO NEGRINHO;Aus�ncia de rea��o do condutor;Tombamento;Com V�timas Feridas;Pleno dia;Decrescente;C�u Claro;Simples;Reta;Sim;1;0;0;1;0;0;1;1;-26,238725;-49,499962;SPRF-SC;DEL06-SC;UOP03-DEL06-SC;;;
731848;14/11/2025;sexta-feira;18:10:00;BA;101;169;FEIRA DE SANTANA;Animais na Pista;Atropelamento de Animal;Com V�timas Feridas;Plena Noite;Decrescente;C�u Claro;Simples;Reta;N�o;2;0;1;0;1;0;1;1;-12,3569003;-38,844336;SPRF-BA;DEL01-BA;UOP03-DEL01-BA;;;
731849;14/11/2025;sexta-feira;17:50:00;PR;369;149;LONDRINA;Rea��o tardia ou ineficiente do condutor;Colis�o traseira;Com V�timas Feridas;Anoitecer;Crescente;C�u Claro;Dupla;Declive;N�o;2;0;0;1;1;0;1;2;-23,292893;-51,147542;SPRF-PR;DEL07-PR;UOP01-DEL07-PR;;;
731850;14/11/2025;sexta-feira;18:18:00;SC;101;131;BALNEARIO CAMBORIU;Trafegar com motocicleta (ou similar) entre as faixas;Colis�o lateral mesmo sentido;Com V�timas Feridas;Anoitecer;Crescente;C�u Claro;Dupla;Reta;Sim;2;0;1;0;1;0;1;2;-26,99245428;-48,66119385;SPRF-SC;DEL04-SC;UOP03-DEL04-SC;;;
731851;14/11/2025;sexta-feira;18:24:00;RJ;101;269;RIO BONITO;Aus�ncia de rea��o do condutor;Colis�o traseira;Sem V�timas;Plena Noite;Decrescente;C�u Claro;Dupla;Reta;N�o;2;0;0;0;2;0;0;2;-22,71477643;-42,67763615;SPRF-RJ;DEL02-RJ;UOP03-DEL02-RJ;;;
731852;14/11/2025;sexta-feira;17:20:00;GO;414;439;ANAPOLIS;Acessar a via sem observar a presen�a dos outros ve�culos;Colis�o transversal;Com V�timas Feridas;Pleno dia;Crescente;C�u Claro;Simples;Reta;Sim;2;0;1;0;1;0;1;2;-16,280622;-48,942411;SPRF-GO;DEL02-GO;UOP01-DEL02-GO;;;
731854;14/11/2025;sexta-feira;18:15:00;MG;459;75,1;SENADOR JOSE BENTO;Acumulo de �gua sobre o pavimento;Colis�o com objeto;Sem V�timas;Plena Noite;Crescente;Chuva;Simples;Curva;N�o;1;0;0;0;1;0;0;1;-22,135137;-46,147956;SPRF-MG;DEL09-MG;UOP01-DEL09-MG;;;
731855;14/11/2025;sexta-feira;17:40:00;SC;280;128,2;RIO NEGRINHO;Trafegar com motocicleta (ou similar) entre as faixas;Colis�o transversal;Com V�timas Feridas;Pleno dia;Decrescente;C�u Claro;Simples;Reta;Sim;2;0;1;0;1;0;1;2;-26,243987;-49,515391;SPRF-SC;DEL06-SC;UOP03-DEL06-SC;;;
731856;14/11/2025;sexta-feira;18:30:00;BA;324;617;SALVADOR;Aus�ncia de rea��o do condutor;Colis�o transversal;Com V�timas Feridas;Plena Noite;Crescente;C�u Claro;Dupla;Reta;Sim;2;0;1;0;0;1;1;2;-12,890347;-38,444245;SPRF-BA;DEL01-BA;UOP01-DEL01-BA;;;
731857;14/11/2025;sexta-feira;18:00:00;PE;408;55;NAZARE DA MATA;Acessar a via sem observar a presen�a dos outros ve�culos;Colis�o lateral mesmo sentido;Sem V�timas;Plena Noite;Crescente;C�u Claro;Simples;Interse��o de Vias;N�o;2;0;0;0;2;0;0;2;-7,77897;-35,23883;SPRF-PE;DEL01-PE;UOP01-DEL01-PE;;;
731858;14/11/2025;sexta-feira;17:30:00;MG;381;208,2;NAQUE;Demais falhas mec�nicas ou el�tricas;Inc�ndio;Sem V�timas;Anoitecer;Crescente;C�u Claro;Simples;"Curva;Declive";Sim;1;0;0;0;1;0;0;1;-19,22982;-42,326693;SPRF-MG;DEL06-MG;UOP01-DEL06-MG;;;
731860;30/04/2025;quarta-feira;17:00:00;RJ;116;171;RIO DE JANEIRO;Demais falhas mec�nicas ou el�tricas;Colis�o traseira;Com V�timas Feridas;Pleno dia;Crescente;C�u Claro;M�ltipla;"Reta;Interse��o de Vias";Sim;4;0;1;0;3;0;1;2;-22,8064663;-43,3421527;SPRF-RJ;DEL06-RJ;UOP01-DEL06-RJ;;;
731861;14/11/2025;sexta-feira;19:00:00;DF;40;0;BRASILIA;Condutor deixou de manter dist�ncia do ve�culo da frente;Colis�o traseira;Com V�timas Feridas;Plena Noite;Crescente;C�u Claro;Dupla;Reta;Sim;3;0;1;0;2;0;1;2;-15,97975;-47,989408;SPRF-DF;DEL01-DF;UOP01-DEL01-DF;;;
731864;14/11/2025;sexta-feira;19:24:00;PR;277;722;FOZ DO IGUACU;Acessar a via sem observar a presen�a dos outros ve�culos;Colis�o traseira;Com V�timas Feridas;Plena Noite;Crescente;C�u Claro;Dupla;Reta;Sim;3;0;0;1;2;0;1;2;-25,490429;-54,510369;SPRF-PR;DEL05-PR;UOP03-DEL05-PR;;;
731865;14/11/2025;sexta-feira;18:07:00;AL;101;172;TEOTONIO VILELA;Avarias e/ou desgaste excessivo no pneu;Capotamento;Com V�timas Feridas;Plena Noite;Crescente;C�u Claro;Dupla;Curva;N�o;3;0;1;0;2;0;1;1;-9,90990991;-36,32577988;SPRF-AL;DEL02-AL;UOP02-DEL02-AL;;;
731866;14/11/2025;sexta-feira;19:10:00;ES;259;66;COLATINA;Rea��o tardia ou ineficiente do condutor;Sa�da de leito carro��vel;Com V�timas Feridas;Plena Noite;Crescente;Nublado;Simples;Reta;N�o;1;0;0;1;0;0;1;1;-19,51146;-40,73418;SPRF-ES;DEL02-ES;UOP01-DEL02-ES;;;
731867;14/11/2025;sexta-feira;19:35:00;PR;376;155,9;MANDAGUACU;Ingest�o de �lcool pelo condutor;Colis�o traseira;Sem V�timas;Plena Noite;Crescente;Chuva;Dupla;Curva;Sim;5;0;0;0;5;0;0;2;-23,338217;-52,100282;SPRF-PR;DEL09-PR;UOP02-DEL09-PR;;;
731868;14/11/2025;sexta-feira;19:05:00;PR;376;177,4;MARINGA;Manobra de mudan�a de faixa;Colis�o lateral mesmo sentido;Com V�timas Feridas;Anoitecer;Crescente;Nublado;Dupla;Reta;Sim;2;0;0;1;1;0;1;2;-23,41438;-51,92716;SPRF-PR;DEL09-PR;UOP01-DEL09-PR;;;