id;data_inversa;dia_semana;horario;uf;br;km;municipio;causa_acidente;tipo_acidente;classificacao_acidente;fase_dia;sentido_via;condicao_metereologica;tipo_pista;tracado_via;uso_solo;pessoas;mortos;feridos_leves;feridos_graves;ilesos;ignorados;feridos;veiculos;latitude;longitude;regional;delegacia;uop;;;
732193;16/11/2025;domingo;04:30:00;PE;232;191;SANHARO;Demais falhas mec�nicas ou el�tricas;Capotamento;Sem V�timas;Amanhecer;Decrescente;C�u Claro;Simples;Reta;Sim;1;0;0;0;0;1;0;1;-8,3577636;-36,5324101;SPRF-PE;DEL03-PE;UOP02-DEL03-PE;;;
732195;15/11/2025;s�bado;14:30:00;RJ;465;20;NOVA IGUACU;Retorno proibido;Colis�o transversal;Com V�timas Feridas;Pleno dia;Decrescente;C�u Claro;Simples;Reta;Sim;2;0;0;1;1;0;1;2;-22,84882517;-43,60360829;SPRF-RJ;DEL06-RJ;UOP02-DEL06-RJ;;;
732196;16/11/2025;domingo;05:00:00;SC;470;34,8;GASPAR;Condutor Dormindo;Tombamento;Com V�timas Feridas;Plena Noite;Decrescente;Nublado;Simples;"Em Obras;Viaduto";Sim;1;0;1;0;0;0;1;1;-26,912845;-48,958306;SPRF-SC;DEL04-SC;UOP01-DEL04-SC;;;
732197;16/11/2025;domingo;00:10:00;ES;101;204;JOAO NEIVA;Estacionar ou parar em local proibido;Colis�o frontal;Sem V�timas;Pleno dia;Decrescente;C�u Claro;Simples;Reta;Sim;1;0;0;0;0;1;0;1;-19,75474809;-40,38023949;SPRF-ES;DEL02-ES;UOP01-DEL02-ES;;;
732198;16/11/2025;domingo;06:00:00;SP;116;221;GUARULHOS;Rea��o tardia ou ineficiente do condutor;Colis�o traseira;Com V�timas Feridas;Pleno dia;Decrescente;Chuva;M�ltipla;Reta;Sim;2;0;1;0;1;0;1;2;-23,46838077;-46,50876236;SPRF-SP;DEL01-SP;UOP01-DEL01-SP;;;
732199;16/11/2025;domingo;06:00:00;MG;381;937;EXTREMA;Ingest�o de �lcool pelo condutor;Sa�da de leito carro��vel;Com V�timas Feridas;Amanhecer;Decrescente;Chuva;Dupla;Aclive;Sim;2;0;1;0;1;0;1;1;-22,8117557;-46,2834283;SPRF-MG;DEL16-MG;UOP03-DEL16-MG;;;
732200;15/11/2025;s�bado;20:50:00;BA;367;27;PORTO SEGURO;Transitar na contram�o;Colis�o frontal;Com V�timas Feridas;Plena Noite;Decrescente;C�u Claro;Simples;Curva;Sim;3;0;1;0;2;0;1;2;-16,42177;-39,10384;SPRF-BA;DEL09-BA;UOP03-DEL09-BA;;;
732201;16/11/2025;domingo;00:35:00;SP;116;448;REGISTRO;Aus�ncia de rea��o do condutor;Sa�da de leito carro��vel;Com V�timas Feridas;Plena Noite;Crescente;Nublado;Dupla;Reta;Sim;1;0;1;0;0;0;1;1;-24,52530864;-47,85504755;SPRF-SP;DEL05-SP;UOP01-DEL05-SP;;;
732202;16/11/2025;domingo;05:30:00;MG;381;929;ITAPEVA;Chuva;Colis�o com objeto;Com V�timas Feridas;Amanhecer;Crescente;Chuva;Dupla;"Reta;Declive";N�o;2;0;2;0;0;0;2;1;-22,774899;-46,238881;SPRF-MG;DEL16-MG;UOP03-DEL16-MG;;;
732203;16/11/2025;domingo;05:45:00;RJ;116;199;QUEIMADOS;Acumulo de areia ou detritos sobre o pavimento;Tombamento;Com V�timas Feridas;Amanhecer;Crescente;C�u Claro;Dupla;Reta;N�o;2;0;2;0;0;0;2;1;-22,7307973;-43,60639997;SPRF-RJ;DEL06-RJ;UOP02-DEL06-RJ;;;
732204;16/11/2025;domingo;07:10:00;ES;101;169,3;LINHARES;Acesso irregular;Colis�o traseira;Com V�timas Feridas;Pleno dia;Crescente;C�u Claro;Simples;Reta;N�o;2;0;1;0;1;0;1;2;-19,5450986;-40,16495402;SPRF-ES;DEL04-ES;UOP01-DEL04-ES;;;
732205;16/11/2025;domingo;00:44:00;RO;364;342,2;JI-PARANA;Rea��o tardia ou ineficiente do condutor;Engavetamento;Com V�timas Feridas;Plena Noite;Decrescente;C�u Claro;Dupla;"Reta;Ponte";Sim;1;0;0;1;0;0;1;1;-10,88154813;-61,94105593;SPRF-RO;DEL02-RO;UOP01-DEL02-RO;;;
732206;15/11/2025;s�bado;22:10:00;SC;280;128;RIO NEGRINHO;Acesso irregular;Colis�o transversal;Com V�timas Feridas;Plena Noite;Crescente;C�u Claro;Simples;"Reta;Interse��o de Vias";Sim;3;0;1;0;2;0;1;2;-26,244154;-49,516033;SPRF-SC;DEL06-SC;UOP03-DEL06-SC;;;
732207;16/11/2025;domingo;05:30:00;RS;470;219;BENTO GONCALVES;Rea��o tardia ou ineficiente do condutor;Colis�o com objeto;Sem V�timas;Amanhecer;Crescente;C�u Claro;Simples;"Curva;Declive";N�o;2;0;0;0;2;0;0;1;-29,19235925;-51,52214527;SPRF-RS;DEL06-RS;UOP01-DEL06-RS;;;
732208;16/11/2025;domingo;06:30:00;MS;60;422,3;SIDROLANDIA;Aus�ncia de rea��o do condutor;Sa�da de leito carro��vel;Com V�timas Fatais;Amanhecer;Crescente;Sol;Simples;Curva;Sim;1;1;0;0;0;0;0;1;-20,90825029;-54,94335651;SPRF-MS;DEL01-MS;UOP04-DEL01-MS;;;
732210;16/11/2025;domingo;07:30:00;RS;116;252;SAPUCAIA DO SUL;Manobra de mudan�a de faixa;Colis�o lateral mesmo sentido;Com V�timas Feridas;Pleno dia;Crescente;C�u Claro;Dupla;Reta;Sim;4;0;1;0;3;0;1;3;-29,8043017;-51,1666593;SPRF-RS;DEL01-RS;UOP02-DEL01-RS;;;
732211;16/11/2025;domingo;08:05:00;MG;40;735,2;SANTOS DUMONT;Aus�ncia de rea��o do condutor;Sa�da de leito carro��vel;Com V�timas Feridas;Pleno dia;Decrescente;Garoa/Chuvisco;Simples;Curva;N�o;1;0;1;0;0;0;1;1;-21,3920244;-43,56765747;SPRF-MG;DEL05-MG;UOP01-DEL05-MG;;;
732212;16/11/2025;domingo;08:10:00;PA;316;31;SANTA IZABEL DO PARA;Aus�ncia de rea��o do condutor;Sa�da de leito carro��vel;Com V�timas Feridas;Pleno dia;Decrescente;C�u Claro;Dupla;Reta;N�o;1;0;0;1;0;0;1;1;-1,302239;-48,19591;SPRF-PA;DEL01-PA;UOP01-DEL01-PA;;;
732213;16/11/2025;domingo;06:50:00;MA;10;322;ACAILANDIA;Ingest�o de �lcool pelo condutor;Tombamento;Com V�timas Feridas;Pleno dia;Crescente;C�u Claro;Simples;Declive;Sim;2;0;0;1;0;1;1;1;-4,933027;-47,502942;SPRF-MA;DEL04-MA;UOP03-DEL04-MA;;;
732214;15/11/2025;s�bado;23:40:00;RJ;40;81;PETROPOLIS;Neblina;Atropelamento de Pedestre;Com V�timas Feridas;Plena Noite;Crescente;Nevoeiro/Neblina;Dupla;Curva;Sim;2;0;1;0;0;1;1;2;-22,528476;-43,2228656;SPRF-RJ;DEL01-RJ;UOP01-DEL01-RJ;;;
732215;16/11/2025;domingo;04:00:00;MG;153;105;PRATA;Pedestre andava na pista;Atropelamento de Pedestre;Com V�timas Feridas;Plena Noite;Crescente;Nublado;Simples;"Aclive;Reta";N�o;2;0;0;1;0;1;1;2;-19,28337581;-48,91365878;SPRF-MG;DEL15-MG;UOP03-DEL15-MG;;;
732216;16/11/2025;domingo;08:30:00;PE;101;46;IGARASSU;Trafegar com motocicleta (ou similar) entre as faixas;Atropelamento de Pedestre;Com V�timas Feridas;Pleno dia;Decrescente;C�u Claro;M�ltipla;Aclive;Sim;3;0;0;3;0;0;3;2;-7,87858432;-34,90516875;SPRF-PE;DEL01-PE;UOP02-DEL01-PE;;;
732217;16/11/2025;domingo;07:20:00;RJ;40;108;DUQUE DE CAXIAS;Pista Escorregadia;Queda de ocupante de ve�culo;Com V�timas Feridas;Pleno dia;Crescente;Nublado;M�ltipla;Reta;Sim;1;0;1;0;0;0;1;1;-22,67012863;-43,28572188;SPRF-RJ;DEL01-RJ;UOP02-DEL01-RJ;;;
732221;16/11/2025;domingo;08:30:00;SC;280;127,2;RIO NEGRINHO;Acessar a via sem observar a presen�a dos outros ve�culos;Colis�o transversal;Com V�timas Feridas;Pleno dia;Crescente;Nublado;Simples;"Interse��o de Vias;Reta";Sim;2;0;0;1;1;0;1;2;-26,23984515;-49,50630426;SPRF-SC;DEL06-SC;UOP03-DEL06-SC;;;
732222;16/11/2025;domingo;08:20:00;PA;316;28;SANTA IZABEL DO PARA;Rea��o tardia ou ineficiente do condutor;Colis�o traseira;Com V�timas Feridas;Pleno dia;Crescente;C�u Claro;Dupla;Reta;N�o;4;0;1;2;1;0;3;4;-1,308438;-48,216097;SPRF-PA;DEL01-PA;UOP01-DEL01-PA;;;
732223;16/11/2025;domingo;09:10:00;MG;262;379,9;MATEUS LEME;Curva acentuada;Tombamento;Com V�timas Feridas;Pleno dia;Crescente;C�u Claro;Dupla;Curva;N�o;1;0;1;0;0;0;1;1;-19,92042163;-44,47763443;SPRF-MG;DEL01-MG;UOP03-DEL01-MG;;;
732224;16/11/2025;domingo;07:40:00;SP;116;449;REGISTRO;Rea��o tardia ou ineficiente do condutor;Tombamento;Com V�timas Feridas;Pleno dia;Decrescente;Nublado;Dupla;Reta;N�o;1;0;1;0;0;0;1;1;-24,5398345;-47,85994;SPRF-SP;DEL05-SP;UOP01-DEL05-SP;;;
732225;07/10/2025;ter�a-feira;20:50:00;AL;101;173,8;TEOTONIO VILELA;Frear bruscamente;Colis�o transversal;Com V�timas Feridas;Plena Noite;Decrescente;C�u Claro;Simples;Reta;Sim;2;0;1;0;1;0;1;2;-9,906132;-36,35306;SPRF-AL;DEL02-AL;UOP02-DEL02-AL;;;
732226;16/11/2025;domingo;09:20:00;PR;369;154;LONDRINA;Objeto est�tico sobre o leito carro��vel;Colis�o com objeto;Com V�timas Feridas;Pleno dia;Crescente;Chuva;Dupla;Reta;Sim;1;0;1;0;0;0;1;1;-23,29741;-51,20013;SPRF-PR;DEL07-PR;UOP01-DEL07-PR;;;
732227;16/11/2025;domingo;09:20:00;SC;480;126,2;CHAPECO;Acessar a via sem observar a presen�a dos outros ve�culos;Colis�o transversal;Com V�timas Feridas;Pleno dia;Crescente;Sol;Simples;Viaduto;Sim;3;0;0;1;2;0;1;2;-27,015522;-52,637805;SPRF-SC;DEL07-SC;UOP01-DEL07-SC;;;
732228;16/11/2025;domingo;07:30:00;GO;60;38;ALEXANIA;Velocidade Incompat�vel;Colis�o com objeto;Com V�timas Fatais;Pleno dia;Crescente;C�u Claro;Dupla;Curva;N�o;1;1;0;0;0;0;0;1;-16,11377;-48,545352;SPRF-DF;DEL03-DF;UOP01-DEL03-DF;;;
732229;16/11/2025;domingo;09:30:00;SP;116;172;JACAREI;Avarias e/ou desgaste excessivo no pneu;Tombamento;Com V�timas Feridas;Pleno dia;Decrescente;Chuva;M�ltipla;Reta;N�o;1;0;1;0;0;0;1;1;-23,31429;-46,06875;SPRF-SP;DEL02-SP;UOP01-DEL02-SP;;;
732230;16/11/2025;domingo;08:50:00;PE;101;93;CABO DE SANTO AGOSTINHO;Rea��o tardia ou ineficiente do condutor;Sa�da de leito carro��vel;Com V�timas Feridas;Pleno dia;Crescente;C�u Claro;Dupla;Reta;Sim;2;0;1;0;1;0;1;1;-8,2399387;-35,002086;SPRF-PE;DEL01-PE;UOP01-DEL01-PE;;;
732232;16/11/2025;domingo;09:00:00;TO;153;139;ARAGUAINA;Aus�ncia de rea��o do condutor;Colis�o com objeto;Com V�timas Feridas;Pleno dia;Crescente;C�u Claro;Dupla;Reta;Sim;1;0;1;0;0;0;1;1;-7,164939;-48,208818;SPRF-TO;DEL02-TO;UOP01-DEL02-TO;;;
732233;16/11/2025;domingo;09:40:00;MG;40;576;BRUMADINHO;Velocidade Incompat�vel;Tombamento;Com V�timas Feridas;Pleno dia;Crescente;Nublado;Simples;"Interse��o de Vias;Curva";N�o;1;0;1;0;0;0;1;1;-20,1461984;-44,21769811;SPRF-MG;DEL01-MG;UOP02-DEL01-MG;;;
732234;16/11/2025;domingo;09:30:00;SP;116;279;EMBU DAS ARTES;Acessar a via sem observar a presen�a dos outros ve�culos;Colis�o lateral mesmo sentido;Com V�timas Feridas;Pleno dia;Decrescente;Nublado;Dupla;"Aclive;Curva";N�o;2;0;0;1;1;0;1;2;-23,63649434;-46,83254002;SPRF-SP;DEL04-SP;UOP01-DEL04-SP;;;
732237;16/11/2025;domingo;09:45:00;SP;116;105;TAUBATE;Rea��o tardia ou ineficiente do condutor;Colis�o com objeto;Com V�timas Feridas;Pleno dia;Crescente;Chuva;Dupla;Reta;N�o;3;0;2;0;1;0;2;1;-23,00524031;-45,51010318;SPRF-SP;DEL02-SP;UOP02-DEL02-SP;;;
732239;16/11/2025;domingo;09:11:00;MT;163;536;DIAMANTINO;Aus�ncia de rea��o do condutor;Sa�da de leito carro��vel;Com V�timas Feridas;Pleno dia;Decrescente;C�u Claro;Dupla;Reta;N�o;1;0;0;1;0;0;1;1;-14,326747;-56,144021;SPRF-MT;DEL01-MT;UOP01-DEL01-MT;;;
732242;16/11/2025;domingo;11:20:00;RN;101;105;PARNAMIRIM;Avarias e/ou desgaste excessivo no pneu;Queda de ocupante de ve�culo;Com V�timas Feridas;Pleno dia;Crescente;Sol;Dupla;Reta;Sim;2;0;2;0;0;0;2;1;-5,90052;-35,259293;SPRF-RN;DEL01-RN;UOP01-DEL01-RN;;;
732243;16/11/2025;domingo;11:25:00;RS;392;67;PELOTAS;Demais falhas mec�nicas ou el�tricas;Tombamento;Com V�timas Feridas;Pleno dia;Crescente;Garoa/Chuvisco;Dupla;Curva;N�o;2;0;1;0;1;0;1;1;-31,75167592;-52,40121891;SPRF-RS;DEL07-RS;UOP01-DEL07-RS;;;
732245;16/11/2025;domingo;10:46:00;MS;262;371;TERENOS;Acessar a via sem observar a presen�a dos outros ve�culos;Sa�da de leito carro��vel;Com V�timas Feridas;Pleno dia;Crescente;Nublado;Simples;Reta;N�o;3;0;1;0;2;0;1;2;-20,4828678;-54,7857948;SPRF-MS;DEL01-MS;UOP03-DEL01-MS;;;
732246;16/11/2025;domingo;12:10:00;RJ;116;192;NOVA IGUACU;Ultrapassagem Indevida;Colis�o traseira;Com V�timas Feridas;Pleno dia;Crescente;Nublado;Dupla;Reta;N�o;4;0;2;0;2;0;2;2;-22,74356195;-43,51386007;SPRF-RJ;DEL06-RJ;UOP01-DEL06-RJ;;;
732247;16/11/2025;domingo;12:30:00;SP;116;117;TAUBATE;Velocidade Incompat�vel;Sa�da de leito carro��vel;Com V�timas Feridas;Pleno dia;Decrescente;Chuva;Simples;Retorno Regulamentado;N�o;3;0;2;0;1;0;2;1;-23,06075824;-45,62130824;SPRF-SP;DEL02-SP;UOP02-DEL02-SP;;;
732248;16/11/2025;domingo;12:30:00;SP;459;1,8;PIQUETE;Aus�ncia de rea��o do condutor;Colis�o frontal;Com V�timas Feridas;Pleno dia;Decrescente;Nevoeiro/Neblina;Simples;"Curva;Declive";N�o;3;0;2;0;1;0;2;2;-22,56907966;-45,21114604;SPRF-SP;DEL08-SP;UOP02-DEL08-SP;;;
732249;16/11/2025;domingo;12:25:00;PB;230;4;CABEDELO;Aus�ncia de rea��o do condutor;Colis�o traseira;Com V�timas Feridas;Pleno dia;Crescente;C�u Claro;Dupla;"Aclive;Viaduto";Sim;3;0;1;1;1;0;2;2;-7,00549805;-34,82941437;SPRF-PB;DEL01-PB;UOP01-DEL01-PB;;;
732250;16/11/2025;domingo;11:15:00;MG;365;650;UBERLANDIA;Aus�ncia de rea��o do condutor;Tombamento;Com V�timas Feridas;Pleno dia;Decrescente;C�u Claro;Dupla;Reta;N�o;2;0;2;0;0;0;2;1;-18,86362055;-48,5200882;SPRF-MG;DEL15-MG;UOP01-DEL15-MG;;;
732251;16/11/2025;domingo;12:55:00;MG;40;758,7;EWBANK DA CAMARA;Desrespeitar a prefer�ncia no cruzamento;Colis�o transversal;Com V�timas Feridas;Pleno dia;Decrescente;Nublado;Simples;"Interse��o de Vias;Rotat�ria";Sim;5;0;2;0;3;0;2;2;-21,553142;-43,507978;SPRF-MG;DEL05-MG;UOP01-DEL05-MG;;;
732252;16/11/2025;domingo;13:15:00;RN;405;27,5;MOSSORO;Rea��o tardia ou ineficiente do condutor;Sa�da de leito carro��vel;Sem V�timas;Pleno dia;Crescente;C�u Claro;Simples;Reta;N�o;1;0;0;0;0;1;0;1;-5,26304008;-37,53235901;SPRF-RN;DEL04-RN;UOP02-DEL04-RN;;;
732254;16/11/2025;domingo;10:30:00;PB;412;92;SERRA BRANCA;Condutor deixou de manter dist�ncia do ve�culo da frente;Colis�o lateral mesmo sentido;Com V�timas Feridas;Pleno dia;Crescente;C�u Claro;Simples;"Declive;Reta";N�o;2;0;1;0;1;0;1;2;-7,57664;-36,783225;SPRF-PB;DEL02-PB;UOP02-DEL02-PB;;;
732255;16/11/2025;domingo;12:25:00;MG;116;763;LEOPOLDINA;Acessar a via sem observar a presen�a dos outros ve�culos;Tombamento;Com V�timas Feridas;Pleno dia;Decrescente;C�u Claro;Simples;Reta;N�o;1;0;0;1;0;0;1;1;-21,521355;-42,640645;SPRF-MG;DEL07-MG;UOP01-DEL07-MG;;;
732256;16/11/2025;domingo;10:30:00;RJ;116;234;PIRAI;Rea��o tardia ou ineficiente do condutor;Colis�o com objeto;Com V�timas Feridas;Pleno dia;Decrescente;Nublado;Dupla;Curva;N�o;1;0;1;0;0;0;1;1;-22,66633345;-43,84539485;SPRF-RJ;DEL07-RJ;UOP01-DEL07-RJ;;;
732258;16/11/2025;domingo;12:50:00;RS;290;55;GLORINHA;Avarias e/ou desgaste excessivo no pneu;Capotamento;Com V�timas Feridas;Pleno dia;Crescente;C�u Claro;Dupla;Reta;N�o;2;0;1;0;1;0;1;1;-29,915228;-50,816806;SPRF-RS;DEL03-RS;UOP01-DEL03-RS;;;
732259;16/11/2025;domingo;12:00:00;SC;101;138;BALNEARIO CAMBORIU;Rea��o tardia ou ineficiente do condutor;Sa�da de leito carro��vel;Sem V�timas;Pleno dia;Decrescente;C�u Claro;Dupla;Reta;Sim;1;0;0;0;1;0;0;1;-27,02501606;-48,60690057;SPRF-SC;DEL04-SC;UOP03-DEL04-SC;;;
732260;16/11/2025;domingo;12:25:00;SC;101;191,8;BIGUACU;Demais falhas mec�nicas ou el�tricas;Queda de ocupante de ve�culo;Com V�timas Feridas;Pleno dia;Decrescente;C�u Claro;M�ltipla;Reta;N�o;2;0;0;2;0;0;2;1;-27,483227;-48,64464;SPRF-SC;DEL01-SC;UOP01-DEL01-SC;;;
732262;16/11/2025;domingo;13:50:00;SC;470;54;BLUMENAU;Desrespeitar a prefer�ncia no cruzamento;Colis�o transversal;Com V�timas Feridas;Pleno dia;Crescente;Nublado;Dupla;"Interse��o de Vias;Em Obras";Sim;2;0;1;0;1;0;1;2;-26,87318624;-49,11421895;SPRF-SC;DEL04-SC;UOP01-DEL04-SC;;;
732263;16/11/2025;domingo;13:50:00;GO;60;19;ALEXANIA;Aus�ncia de rea��o do condutor;Sa�da de leito carro��vel;Com V�timas Fatais;Pleno dia;Crescente;C�u Claro;Dupla;"Reta;Aclive";N�o;3;1;2;0;0;0;2;1;-16,115309;-48,391376;SPRF-DF;DEL03-DF;UOP01-DEL03-DF;;;
732264;09/05/2025;sexta-feira;17:50:00;SP;116;148;SAO JOSE DOS CAMPOS;Trafegar com motocicleta (ou similar) entre as faixas;Colis�o lateral mesmo sentido;Com V�timas Feridas;Anoitecer;Decrescente;C�u Claro;M�ltipla;Reta;N�o;2;0;1;0;1;0;1;2;-23,200497;-45,8804556;SPRF-SP;DEL02-SP;UOP01-DEL02-SP;;;
732265;16/11/2025;domingo;13:35:00;MG;40;517,8;RIBEIRAO DAS NEVES;Acessar a via sem observar a presen�a dos outros ve�culos;Colis�o transversal;Com V�timas Feridas;Pleno dia;Decrescente;C�u Claro;Dupla;Reta;Sim;3;0;1;0;2;0;1;2;-19,8293861;-44,0831736;SPRF-MG;DEL01-MG;UOP02-DEL01-MG;;;
732266;16/11/2025;domingo;13:35:00;MG;116;274;TEOFILO OTONI;Transitar na contram�o;Atropelamento de Pedestre;Com V�timas Feridas;Pleno dia;Crescente;C�u Claro;Simples;Reta;Sim;2;0;1;1;0;0;2;2;-17,8361;-41,511785;SPRF-MG;DEL11-MG;UOP01-DEL11-MG;;;
732267;16/11/2025;domingo;14:00:00;PR;376;139,9;NOVA ESPERANCA;Ingest�o de �lcool pelo condutor;Sa�da de leito carro��vel;Com V�timas Fatais;Pleno dia;Crescente;Nublado;Dupla;"Reta;Declive";N�o;1;1;0;0;0;0;0;1;-23,22849933;-52,17664417;SPRF-PR;DEL09-PR;UOP02-DEL09-PR;;;
732268;16/11/2025;domingo;11:00:00;PE;232;68;GRAVATA;Demais falhas mec�nicas ou el�tricas;Inc�ndio;Sem V�timas;Pleno dia;Crescente;Sol;Dupla;"Reta;Aclive";N�o;1;0;0;0;1;0;0;1;-8,18396534;-35,49442291;SPRF-PE;DEL02-PE;UOP02-DEL02PE;;;
732269;16/11/2025;domingo;14:05:00;SC;101;150,2;ITAPEMA;Ingest�o de �lcool pelo condutor;Capotamento;Sem V�timas;Pleno dia;Decrescente;C�u Claro;Simples;Reta;N�o;1;0;0;0;0;1;0;1;-27,11818;-48,60901;SPRF-SC;DEL04-SC;UOP03-DEL04-SC;;;
732271;16/11/2025;domingo;14:30:00;MG;381;401;NOVA UNIAO;Pista esburacada;Queda de ocupante de ve�culo;Com V�timas Feridas;Pleno dia;Decrescente;Chuva;Dupla;Curva;N�o;1;0;1;0;0;0;1;1;-19,75259008;-43,53873001;SPRF-MG;DEL01-MG;UOP01-DEL01-MG;;;
732272;16/11/2025;domingo;14:30:00;SP;101;49,6;UBATUBA;Acessar a via sem observar a presen�a dos outros ve�culos;Atropelamento de Pedestre;Com V�timas Feridas;Pleno dia;Crescente;C�u Claro;Simples;Reta;Sim;3;0;2;1;0;0;3;3;-23,44653497;-45,08127578;SPRF-SP;DEL06-SP;UOP01-DEL06-SP;;;
732273;16/11/2025;domingo;15:00:00;MG;381;750;TRES CORACOES;Chuva;Sa�da de leito carro��vel;Com V�timas Feridas;Pleno dia;Decrescente;Chuva;Dupla;Curva;N�o;1;0;1;0;0;0;1;1;-21,642005;-45,287305;SPRF-MG;DEL16-MG;UOP02-DEL16-MG;;;
732274;16/11/2025;domingo;09:25:00;RO;364;424,3;JARU;Aus�ncia de rea��o do condutor;Tombamento;Com V�timas Feridas;Pleno dia;Decrescente;C�u Claro;Simples;Reta;Sim;1;0;0;1;0;0;1;1;-10,4421061;-62,46745094;SPRF-RO;DEL03-RO;UOP02-DEL03-RO;;;
732275;16/11/2025;domingo;14:00:00;BA;242;411;SEABRA;Acessar a via sem observar a presen�a dos outros ve�culos;Colis�o transversal;Com V�timas Feridas;Pleno dia;Decrescente;C�u Claro;Simples;Reta;N�o;3;0;0;1;2;0;1;2;-12,44870086;-41,75126942;SPRF-BA;DEL06-BA;UOP01-DEL06-BA;;;
732276;16/11/2025;domingo;13:30:00;RJ;116;258;PIRAI;Acumulo de areia ou detritos sobre o pavimento;Queda de ocupante de ve�culo;Com V�timas Feridas;Pleno dia;Decrescente;Garoa/Chuvisco;M�ltipla;Reta;N�o;2;0;2;0;0;0;2;1;-22,58218819;-44,03461266;SPRF-RJ;DEL07-RJ;UOP02-DEL07-RJ;;;
732278;16/11/2025;domingo;14:58:00;GO;153;417,8;ANAPOLIS;Ingest�o de �lcool pelo condutor;Colis�o traseira;Com V�timas Feridas;Pleno dia;Crescente;C�u Claro;Dupla;"Reta;Aclive";N�o;2;0;0;1;0;1;1;2;-16,178463;-49,042875;SPRF-GO;DEL02-GO;UOP01-DEL02-GO;;;
732279;16/11/2025;domingo;15:35:00;PE;104;60,3;CARUARU;Acessar a via sem observar a presen�a dos outros ve�culos;Colis�o traseira;Com V�timas Feridas;Pleno dia;Crescente;C�u Claro;Dupla;Reta;N�o;3;0;2;0;1;0;2;2;-8,23690039;-35,97566485;SPRF-PE;DEL02-PE;UOP01-DEL02-PE;;;
732281;16/11/2025;domingo;15:40:00;RS;392;325;SANTA MARIA;Avarias e/ou desgaste excessivo no pneu;Colis�o frontal;Com V�timas Feridas;Pleno dia;Decrescente;Chuva;Simples;"Reta;Ponte";N�o;5;0;0;4;1;0;4;2;-29,9333;-53,715885;SPRF-RS;DEL09-RS;UOP01-DEL09-RS;;;
732282;16/11/2025;domingo;15:30:00;PR;277;60;SAO JOSE DOS PINHAIS;Rea��o tardia ou ineficiente do condutor;Queda de ocupante de ve�culo;Com V�timas Feridas;Pleno dia;Crescente;C�u Claro;M�ltipla;Reta;N�o;1;0;1;0;0;0;1;1;-25,551962;-49,036637;SPRF-PR;DEL01-PR;UOP01-DEL01-PR;;;
732283;16/11/2025;domingo;14:45:00;PR;163;219,4;CASCAVEL;Rea��o tardia ou ineficiente do condutor;Sa�da de leito carro��vel;Com V�timas Feridas;Pleno dia;Decrescente;C�u Claro;Dupla;"Declive;Curva";N�o;1;0;0;1;0;0;1;1;-24,9839171;-53,3731759;SPRF-PR;DEL04-PR;UOP01-DEL04-PR;;;
732284;16/11/2025;domingo;15:10:00;PA;316;105;SANTA MARIA DO PARA;Avarias e/ou desgaste excessivo no pneu;Tombamento;Com V�timas Feridas;Pleno dia;Decrescente;C�u Claro;Simples;Reta;N�o;2;0;2;0;0;0;2;1;-1,34033851;-47,54921436;SPRF-PA;DEL01-PA;UOP02-DEL01-PA;;;
732285;16/11/2025;domingo;15:00:00;SC;101;52,8;JOINVILLE;Rea��o tardia ou ineficiente do condutor;Colis�o traseira;Com V�timas Feridas;Pleno dia;Decrescente;C�u Claro;Dupla;Curva;N�o;6;0;2;1;3;0;3;3;-26,40912741;-48,83694216;SPRF-SC;DEL03-SC;UOP01-DEL03-SC;;;
732286;16/11/2025;domingo;16:00:00;RS;392;79;PELOTAS;Aus�ncia de rea��o do condutor;Sa�da de leito carro��vel;Com V�timas Feridas;Pleno dia;Crescente;Chuva;Simples;Reta;N�o;1;0;1;0;0;0;1;1;-31,6330844;-52,49565974;SPRF-RS;DEL07-RS;UOP01-DEL07-RS;;;
732288;16/11/2025;domingo;15:00:00;GO;80;28;PADRE BERNARDO;Convers�o proibida;Colis�o transversal;Sem V�timas;Pleno dia;Crescente;C�u Claro;Simples;"Interse��o de Vias;Reta";Sim;5;0;0;0;5;0;0;2;-15,599173;-48,201837;SPRF-DF;DEL03-DF;UOP02-DEL03-DF;;;
732289;16/11/2025;domingo;16:00:00;PB;230;89,6;GURINHEM;Rea��o tardia ou ineficiente do condutor;Colis�o traseira;Com V�timas Feridas;Pleno dia;Crescente;C�u Claro;Dupla;Reta;Sim;2;0;1;0;1;0;1;2;-7,174384;-35,400885;SPRF-PB;DEL01-PB;UOP02-DEL01-PB;;;
732290;16/11/2025;domingo;15:40:00;RS;392;281,4;SAO SEPE;Aus�ncia de rea��o do condutor;Sa�da de leito carro��vel;Com V�timas Feridas;Pleno dia;Decrescente;Chuva;Simples;"Declive;Curva";N�o;1;0;0;1;0;0;1;1;-30,294349;-53,538446;SPRF-RS;DEL09-RS;UOP02-DEL09-RS;;;
732291;16/11/2025;domingo;15:52:00;GO;40;9;LUZIANIA;Condutor deixou de manter dist�ncia do ve�culo da frente;Colis�o traseira;Sem V�timas;Pleno dia;Decrescente;Sol;Dupla;Reta;Sim;3;0;0;0;2;1;0;2;-16,128918;-47,958292;SPRF-DF;DEL01-DF;UOP01-DEL01-DF;;;
732293;16/11/2025;domingo;15:15:00;RJ;116;180;NOVA IGUACU;Trafegar com motocicleta (ou similar) entre as faixas;Queda de ocupante de ve�culo;Com V�timas Feridas;Pleno dia;Decrescente;Garoa/Chuvisco;Dupla;Reta;Sim;2;0;1;0;1;0;1;1;-22,73919743;-43,47169273;SPRF-RJ;DEL06-RJ;UOP01-DEL06-RJ;;;