id;data_inversa;dia_semana;horario;uf;br;km;municipio;causa_acidente;tipo_acidente;classificacao_acidente;fase_dia;sentido_via;condicao_metereologica;tipo_pista;tracado_via;uso_solo;pessoas;mortos;feridos_leves;feridos_graves;ilesos;ignorados;feridos;veiculos;latitude;longitude;regional;delegacia;uop;;;
732513;17/11/2025;segunda-feira;14:15:00;MG;116;765;LEOPOLDINA;Aus�ncia de rea��o do condutor;Colis�o frontal;Com V�timas Feridas;Pleno dia;Decrescente;C�u Claro;Simples;Rotat�ria;N�o;2;0;2;0;0;0;2;2;-21,520906;-42,65096;SPRF-MG;DEL07-MG;UOP01-DEL07-MG;;;
732514;17/11/2025;segunda-feira;13:35:00;PR;116;145;MANDIRITUBA;Velocidade Incompat�vel;Sa�da de leito carro��vel;Com V�timas Feridas;Pleno dia;Decrescente;Chuva;Simples;Curva;N�o;2;0;2;0;0;0;2;1;-25,81188572;-49,32757728;SPRF-PR;DEL01-PR;UOP03-DEL01-PR;;;
732516;17/11/2025;segunda-feira;14:40:00;ES;101;69;SAO MATEUS;Rea��o tardia ou ineficiente do condutor;Tombamento;Com V�timas Feridas;Pleno dia;Crescente;C�u Claro;Simples;Reta;Sim;1;0;1;0;0;0;1;1;-18,736039;-39,860745;SPRF-ES;DEL04-ES;UOP02-DEL04-ES;;;
732517;17/11/2025;segunda-feira;14:10:00;PR;376;335,3;ORTIGUEIRA;Rea��o tardia ou ineficiente do condutor;Sa�da de leito carro��vel;Com V�timas Feridas;Pleno dia;Decrescente;Chuva;Simples;Curva;N�o;1;0;1;0;0;0;1;1;-24,13856883;-51,00587368;SPRF-PR;DEL07-PR;UOP02-DEL07-PR;;;
732519;17/11/2025;segunda-feira;14:00:00;PE;232;119;CARUARU;Condutor Dormindo;Sa�da de leito carro��vel;Com V�timas Feridas;Pleno dia;Decrescente;C�u Claro;Dupla;Reta;N�o;1;0;1;0;0;0;1;1;-8,29714;-35,897;SPRF-PE;DEL02-PE;UOP03-DEL02-PE;;;
732523;17/11/2025;segunda-feira;13:40:00;RO;364;425,9;JARU;Convers�o proibida;Colis�o lateral mesmo sentido;Com V�timas Feridas;Pleno dia;Decrescente;C�u Claro;Dupla;Retorno Regulamentado;Sim;2;0;1;0;1;0;1;2;-10,43139859;-62,48147643;SPRF-RO;DEL03-RO;UOP02-DEL03-RO;;;
732524;17/11/2025;segunda-feira;14:49:00;RS;116;621;ARROIO GRANDE;Aus�ncia de rea��o do condutor;Sa�da de leito carro��vel;Com V�timas Feridas;Pleno dia;Crescente;C�u Claro;Simples;Reta;N�o;2;0;1;0;1;0;1;1;-32,2338816;-53,0776064;SPRF-RS;DEL07-RS;UOP03-DEL07-RS;;;
732525;12/11/2025;quarta-feira;19:00:00;BA;110;3;PAULO AFONSO;Convers�o proibida;Colis�o traseira;Com V�timas Feridas;Plena Noite;Decrescente;C�u Claro;Simples;Reta;N�o;2;0;1;0;1;0;1;2;-9,44271181;-38,20298195;SPRF-BA;DEL07-BA;UOP01-DEL07-BA;;;
732527;09/11/2025;domingo;21:30:00;PB;104;108;SAO SEBASTIAO DE LAGOA DE  ROCA;Acessar a via sem observar a presen�a dos outros ve�culos;Colis�o lateral mesmo sentido;Com V�timas Feridas;Plena Noite;Crescente;C�u Claro;Simples;Reta;Sim;2;0;2;0;0;0;2;2;-7,103981;-35,866324;SPRF-PB;DEL02-PB;UOP04-DEL02-PB;;;
732528;17/11/2025;segunda-feira;14:00:00;RN;226;3;NATAL;Acessar a via sem observar a presen�a dos outros ve�culos;Colis�o transversal;Com V�timas Feridas;Pleno dia;Crescente;C�u Claro;Simples;"Reta;Interse��o de Vias";Sim;3;0;1;0;2;0;1;2;-5,821243;-35,254988;SPRF-RN;DEL01-RN;UOP02-DEL01-RN;;;
732529;17/11/2025;segunda-feira;14:00:00;PI;343;198;PIRIPIRI;Acostamento em desn�vel;Tombamento;Com V�timas Feridas;Pleno dia;Decrescente;Sol;Simples;Reta;N�o;1;0;1;0;0;0;1;1;-4,29604;-41,7705886;SPRF-PI;DEL02-PI;UOP01-DEL02-PI;;;
732530;17/11/2025;segunda-feira;15:45:00;PR;376;92,5;PARANAVAI;Rea��o tardia ou ineficiente do condutor;Sa�da de leito carro��vel;Com V�timas Feridas;Pleno dia;Crescente;Garoa/Chuvisco;Simples;"Reta;Aclive";N�o;1;0;1;0;0;0;1;1;-23,00352511;-52,55262961;SPRF-PR;DEL09-PR;UOP02-DEL09-PR;;;
732531;17/11/2025;segunda-feira;16:00:00;RJ;116;185;NOVA IGUACU;Rea��o tardia ou ineficiente do condutor;Colis�o lateral mesmo sentido;Com V�timas Feridas;Pleno dia;Decrescente;C�u Claro;Dupla;Reta;Sim;3;0;2;0;1;0;2;2;-22,74023283;-43,45881192;SPRF-RJ;DEL06-RJ;UOP01-DEL06-RJ;;;
732533;04/10/2025;s�bado;22:46:00;MG;262;352;BETIM;Acessar a via sem observar a presen�a dos outros ve�culos;Atropelamento de Pedestre;Com V�timas Fatais;Plena Noite;Crescente;C�u Claro;Dupla;Declive;N�o;2;1;0;0;1;0;0;2;-19,98367834;-44,23691011;SPRF-MG;DEL01-MG;UOP03-DEL01-MG;;;
732535;17/11/2025;segunda-feira;14:39:00;PR;376;495;PONTA GROSSA;Mal s�bito do condutor;Sa�da de leito carro��vel;Com V�timas Feridas;Pleno dia;Crescente;Nublado;Dupla;Reta;N�o;1;0;1;0;0;0;1;1;-25,162524;-50,120835;SPRF-PR;DEL03-PR;UOP04-DEL03-PR;;;
732536;17/11/2025;segunda-feira;16:30:00;MG;381;290;ANTONIO DIAS;Velocidade Incompat�vel;Colis�o traseira;Com V�timas Feridas;Pleno dia;Crescente;C�u Claro;Dupla;"Curva;Aclive";N�o;3;0;1;0;2;0;1;2;-19,62430745;-42,83792496;SPRF-MG;DEL03-MG;UOP02-DEL03-MG;;;
732537;17/11/2025;segunda-feira;16:00:00;RS;116;528,5;CAPAO DO LEAO;Acessar a via sem observar a presen�a dos outros ve�culos;Colis�o transversal;Com V�timas Feridas;Pleno dia;Crescente;C�u Claro;Simples;Reta;N�o;4;0;1;0;3;0;1;2;-31,7527167;-52,4236783;SPRF-RS;DEL07-RS;UOP01-DEL07-RS;;;
732538;17/11/2025;segunda-feira;16:00:00;PR;277;25;MORRETES;Pedestre cruzava a pista fora da faixa;Atropelamento de Pedestre;Com V�timas Fatais;Pleno dia;Crescente;Nublado;Dupla;"Reta;Declive";N�o;2;1;0;0;1;0;0;2;-25,533756;-48,757797;SPRF-PR;DEL01-PR;UOP05-DEL01-PR;;;
732539;17/11/2025;segunda-feira;16:25:00;RS;392;21,1;RIO GRANDE;Aus�ncia de rea��o do condutor;Colis�o com objeto;Com V�timas Feridas;Pleno dia;Decrescente;C�u Claro;Dupla;Reta;N�o;1;0;1;0;0;0;1;1;-32,08839221;-52,20737457;SPRF-RS;DEL07-RS;UOP02-DEL07-RS;;;
732543;17/11/2025;segunda-feira;15:30:00;MG;40;610,2;CONGONHAS;Acessar a via sem observar a presen�a dos outros ve�culos;Colis�o transversal;Com V�timas Feridas;Pleno dia;Decrescente;Sol;Simples;Curva;Sim;3;0;1;1;1;0;2;2;-20,50737708;-43,83838251;SPRF-MG;DEL05-MG;UOP02-DEL05-MG;;;
732545;17/11/2025;segunda-feira;16:20:00;MG;381;435;SABARA;Manobra de mudan�a de faixa;Colis�o lateral mesmo sentido;Sem V�timas;Pleno dia;Crescente;Nublado;Simples;Reta;N�o;3;0;0;0;1;2;0;3;-19,7993035;-43,75292008;SPRF-MG;DEL01-MG;UOP01-DEL01-MG;;;
732546;17/11/2025;segunda-feira;17:00:00;RN;406;176;SAO GONCALO DO AMARANTE;Acessar a via sem observar a presen�a dos outros ve�culos;Colis�o transversal;Sem V�timas;Pleno dia;Decrescente;C�u Claro;Dupla;Reta;Sim;2;0;0;0;2;0;0;2;-5,76313395;-35,28770953;SPRF-RN;DEL02-RN;UOP01-DEL02-RN;;;
732547;17/11/2025;segunda-feira;16:40:00;PR;116;45;CAMPINA GRANDE DO SUL;Velocidade Incompat�vel;Capotamento;Com V�timas Feridas;Pleno dia;Crescente;Chuva;Dupla;Curva;N�o;2;0;2;0;0;0;2;1;-25,24048254;-48,90436745;SPRF-PR;DEL01-PR;UOP02-DEL01-PR;;;
732549;17/11/2025;segunda-feira;15:00:00;ES;101;277;SERRA;Rea��o tardia ou ineficiente do condutor;Colis�o com objeto;Com V�timas Feridas;Pleno dia;Decrescente;C�u Claro;Dupla;Reta;N�o;2;0;1;0;0;1;1;1;-20,2169;-40,328888;SPRF-ES;DEL02-ES;UOP01-DEL02-ES;;;
732550;17/11/2025;segunda-feira;17:14:00;MG;381;502;BETIM;Rea��o tardia ou ineficiente do condutor;Colis�o traseira;Com V�timas Feridas;Pleno dia;Decrescente;Nublado;Dupla;Curva;Sim;2;0;1;0;1;0;1;2;-20,01901749;-44,22790853;SPRF-MG;DEL01-MG;UOP03-DEL01-MG;;;
732552;17/11/2025;segunda-feira;16:30:00;MG;40;602,8;CONGONHAS;Acessar a via sem observar a presen�a dos outros ve�culos;Colis�o transversal;Com V�timas Feridas;Pleno dia;Crescente;C�u Claro;Simples;"Curva;Declive";Sim;2;0;1;0;1;0;1;2;-20,43892488;-43,84376764;SPRF-MG;DEL05-MG;UOP02-DEL05-MG;;;
732553;17/11/2025;segunda-feira;17:00:00;MG;40;276;TRES MARIAS;�rea urbana sem a presen�a de local apropriado para a travessia de pedestres;Atropelamento de Pedestre;Com V�timas Feridas;Pleno dia;Decrescente;Nublado;Simples;"Reta;Declive";Sim;2;0;0;1;1;0;1;2;-18,20742027;-45,22996187;SPRF-MG;DEL14-MG;UOP02-DEL14-MG;;;
732554;17/11/2025;segunda-feira;18:01:00;ES;101;247;SERRA;Demais falhas mec�nicas ou el�tricas;Tombamento;Com V�timas Feridas;Pleno dia;Decrescente;C�u Claro;Simples;Reta;N�o;2;0;2;0;0;0;2;1;-20,0682195;-40,37198067;SPRF-ES;DEL02-ES;UOP01-DEL02-ES;;;
732555;17/11/2025;segunda-feira;17:20:00;RS;392;6,5;CAPAO DO LEAO;Aus�ncia de rea��o do condutor;Atropelamento de Pedestre;Com V�timas Feridas;Pleno dia;Decrescente;C�u Claro;Simples;Reta;N�o;3;0;0;1;1;1;1;2;-31,79650971;-52,40761757;SPRF-RS;DEL07-RS;UOP01-DEL07-RS;;;
732556;17/11/2025;segunda-feira;17:30:00;DF;80;14;BRASILIA;Rea��o tardia ou ineficiente do condutor;Sa�da de leito carro��vel;Com V�timas Feridas;Anoitecer;Decrescente;Nublado;Simples;Reta;N�o;5;0;0;2;3;0;2;1;-15,71164941;-48,19905996;SPRF-DF;DEL03-DF;UOP02-DEL03-DF;;;
732558;17/11/2025;segunda-feira;13:50:00;GO;153;578,4;PIRACANJUBA;Condutor Dormindo;Sa�da de leito carro��vel;Com V�timas Fatais;Pleno dia;Crescente;Nublado;Dupla;"Reta;Declive";N�o;2;1;0;0;1;0;0;1;-17,365165;-49,246593;SPRF-GO;DEL03-GO;UOP01-DEL03-GO;;;
732559;17/11/2025;segunda-feira;18:00:00;SP;116;145;SAO JOSE DOS CAMPOS;Aus�ncia de rea��o do condutor;Engavetamento;Com V�timas Feridas;Anoitecer;Decrescente;Chuva;Dupla;"Reta;Aclive";Sim;5;0;3;0;2;0;3;4;-23,18951081;-45,85952412;SPRF-SP;DEL02-SP;UOP01-DEL02-SP;;;
732560;17/11/2025;segunda-feira;18:10:00;MG;40;521;CONTAGEM;Aus�ncia de rea��o do condutor;Colis�o traseira;Com V�timas Feridas;Plena Noite;Decrescente;C�u Claro;Dupla;Reta;N�o;3;0;1;0;2;0;1;2;-19,85872;-44,071855;SPRF-MG;DEL01-MG;UOP02-DEL01-MG;;;
732562;17/11/2025;segunda-feira;17:10:00;SP;101;47;UBATUBA;Acessar a via sem observar a presen�a dos outros ve�culos;Colis�o frontal;Com V�timas Feridas;Pleno dia;Decrescente;Chuva;Simples;Rotat�ria;Sim;2;0;1;0;1;0;1;2;-23,43760075;-45,08779977;SPRF-SP;DEL06-SP;UOP01-DEL06-SP;;;
732563;17/11/2025;segunda-feira;18:20:00;PA;316;61,1;CASTANHAL;Animais na Pista;Atropelamento de Animal;Com V�timas Feridas;Anoitecer;Decrescente;C�u Claro;Dupla;Reta;Sim;2;0;1;0;0;1;1;2;-1,297002;-47,94501;SPRF-PA;DEL01-PA;UOP01-DEL01-PA;;;
732564;02/02/2025;domingo;22:00:00;SC;101;129;CAMBORIU;Acumulo de �gua sobre o pavimento;Colis�o frontal;Com V�timas Feridas;Plena Noite;Crescente;Chuva;Dupla;Curva;Sim;2;0;1;0;1;0;1;2;-26,98064277;-48,6790679;SPRF-SC;DEL04-SC;UOP03-DEL04-SC;;;
732565;17/11/2025;segunda-feira;16:00:00;BA;101;947;MUCURI;Aus�ncia de rea��o do condutor;Sa�da de leito carro��vel;Com V�timas Feridas;Pleno dia;Crescente;C�u Claro;Simples;"Reta;Declive";N�o;1;0;1;0;0;0;1;1;-18,11005215;-39,88411331;SPRF-BA;DEL09-BA;UOP02-DEL09-BA;;;
732566;17/11/2025;segunda-feira;15:00:00;RJ;40;117;DUQUE DE CAXIAS;Acessar a via sem observar a presen�a dos outros ve�culos;Colis�o lateral mesmo sentido;Sem V�timas;Pleno dia;Decrescente;C�u Claro;M�ltipla;Reta;N�o;2;0;0;0;2;0;0;2;-22,74205888;-43,28804255;SPRF-RJ;DEL01-RJ;UOP02-DEL01-RJ;;;
732567;17/11/2025;segunda-feira;16:30:00;GO;60;228;ABADIA DE GOIAS;Avarias e/ou desgaste excessivo no pneu;Queda de ocupante de ve�culo;Com V�timas Feridas;Pleno dia;Decrescente;C�u Claro;Dupla;Reta;N�o;1;0;1;0;0;0;1;1;-16,7804694;-49,4745785;SPRF-GO;DEL01-GO;UOP02-DEL01-GO;;;
732570;17/11/2025;segunda-feira;11:50:00;RJ;40;35;AREAL;Velocidade Incompat�vel;Queda de ocupante de ve�culo;Com V�timas Feridas;Pleno dia;Decrescente;C�u Claro;Simples;Curva;N�o;1;0;1;0;0;0;1;1;-22,21348086;-43,13311277;SPRF-RJ;DEL05-RJ;UOP02-DEL05-RJ;;;
732572;17/11/2025;segunda-feira;18:10:00;RS;116;349,5;TAPES;Aus�ncia de rea��o do condutor;Sa�da de leito carro��vel;Com V�timas Feridas;Pleno dia;Decrescente;Sol;Dupla;"Declive;Reta";N�o;1;0;1;0;0;0;1;1;-30,70323952;-51,57947212;SPRF-RS;DEL02-RS;UOP02-DEL02-RS;;;
732573;17/11/2025;segunda-feira;18:30:00;DF;70;10;BRASILIA;Acessar a via sem observar a presen�a dos outros ve�culos;Colis�o transversal;Sem V�timas;Anoitecer;Decrescente;Nublado;Dupla;Reta;Sim;2;0;0;0;2;0;0;2;-15,78786639;-48,14225829;SPRF-DF;DEL03-DF;UOP02-DEL03-DF;;;
732574;17/11/2025;segunda-feira;19:20:00;RJ;116;185;NOVA IGUACU;Acumulo de areia ou detritos sobre o pavimento;Eventos at�picos;Com V�timas Feridas;Plena Noite;Crescente;Chuva;Simples;"Desvio Tempor�rio;Reta;Em Obras";Sim;2;0;1;0;1;0;1;1;-22,74410522;-43,50692622;SPRF-RJ;DEL06-RJ;UOP01-DEL06-RJ;;;
732575;17/11/2025;segunda-feira;10:30:00;SP;116;505;CAJATI;Rea��o tardia ou ineficiente do condutor;Sa�da de leito carro��vel;Com V�timas Feridas;Pleno dia;Crescente;Chuva;Dupla;"Declive;Curva";N�o;1;0;1;0;0;0;1;1;-24,77907467;-48,21128413;SPRF-SP;DEL05-SP;UOP02-DEL05-SP;;;
732576;17/11/2025;segunda-feira;18:40:00;MG;381;939;EXTREMA;Aus�ncia de rea��o do condutor;Colis�o traseira;Com V�timas Feridas;Plena Noite;Crescente;Garoa/Chuvisco;Dupla;Reta;N�o;3;0;2;0;0;1;2;2;-22,819626;-46,298969;SPRF-MG;DEL16-MG;UOP03-DEL16-MG;;;
732577;17/11/2025;segunda-feira;18:20:00;PR;376;655;TIJUCAS DO SUL;Rea��o tardia ou ineficiente do condutor;Sa�da de leito carro��vel;Com V�timas Feridas;Plena Noite;Crescente;Garoa/Chuvisco;Simples;"Declive;Curva";N�o;2;0;1;0;1;0;1;1;-25,851092;-49,032003;SPRF-PR;DEL01-PR;UOP04-DEL01-PR;;;
732578;17/11/2025;segunda-feira;18:30:00;PR;369;138,4;IBIPORA;Manobra de mudan�a de faixa;Colis�o transversal;Com V�timas Feridas;Anoitecer;Decrescente;Garoa/Chuvisco;Simples;Reta;Sim;2;0;0;1;1;0;1;2;-23,27347;-51,053096;SPRF-PR;DEL07-PR;UOP01-DEL07-PR;;;
732581;17/11/2025;segunda-feira;18:50:00;SC;101;130;CAMBORIU;Aus�ncia de rea��o do condutor;Queda de ocupante de ve�culo;Com V�timas Feridas;Plena Noite;Decrescente;Chuva;Dupla;Reta;Sim;1;0;1;0;0;0;1;1;-26,98391349;-48,66991488;SPRF-SC;DEL04-SC;UOP03-DEL04-SC;;;
732583;17/11/2025;segunda-feira;18:30:00;RO;364;708;PORTO VELHO;Acessar a via sem observar a presen�a dos outros ve�culos;Colis�o traseira;Com V�timas Feridas;Plena Noite;Crescente;Nublado;Dupla;Retorno Regulamentado;Sim;2;0;0;1;1;0;1;2;-8,79491744;-63,84203553;SPRF-RO;DEL01-RO;UOP01-DEL01-RO;;;
732584;17/11/2025;segunda-feira;13:42:00;MT;70;519;VARZEA GRANDE;Acessar a via sem observar a presen�a dos outros ve�culos;Colis�o lateral mesmo sentido;Com V�timas Feridas;Pleno dia;Crescente;C�u Claro;Simples;"Aclive;Reta";N�o;2;0;1;0;1;0;1;2;-15,686129;-56,171175;SPRF-MT;DEL01-MT;UOP02-DEL01-MT;;;
732585;17/11/2025;segunda-feira;15:10:00;MT;163;1066;GUARANTA DO NORTE;Acessar a via sem observar a presen�a dos outros ve�culos;Colis�o frontal;Com V�timas Feridas;Pleno dia;Decrescente;Sol;Simples;Reta;Sim;2;0;1;0;1;0;1;2;-9,936552;-54,90354;SPRF-MT;DEL06-MT;UOP03-DEL06-MT;;;
732590;17/11/2025;segunda-feira;20:00:00;PR;116;13;COLOMBO;Velocidade Incompat�vel;Tombamento;Com V�timas Feridas;Plena Noite;Crescente;Garoa/Chuvisco;Dupla;Reta;Sim;1;0;1;0;0;0;1;1;-25,38178069;-49,16424441;SPRF-PR;DEL01-PR;UOP02-DEL01-PR;;;
732592;17/11/2025;segunda-feira;18:46:00;RO;364;708;PORTO VELHO;Rea��o tardia ou ineficiente do condutor;Colis�o lateral mesmo sentido;Sem V�timas;Plena Noite;Decrescente;Chuva;M�ltipla;Reta;Sim;2;0;0;0;2;0;0;2;-8,8002628;-63,761763;SPRF-RO;DEL01-RO;UOP01-DEL01-RO;;;
732594;17/11/2025;segunda-feira;18:10:00;PR;116;43;CAMPINA GRANDE DO SUL;Rea��o tardia ou ineficiente do condutor;Sa�da de leito carro��vel;Com V�timas Feridas;Anoitecer;Crescente;Chuva;Dupla;Curva;N�o;2;0;2;0;0;0;2;1;-25,26857558;-48,91721606;SPRF-PR;DEL01-PR;UOP02-DEL01-PR;;;
732596;11/11/2025;ter�a-feira;06:12:00;BA;324;618;SALVADOR;Acessar a via sem observar a presen�a dos outros ve�culos;Colis�o traseira;Com V�timas Feridas;Pleno dia;Crescente;C�u Claro;Simples;Reta;Sim;2;0;1;0;0;1;1;2;-12,9015227;-38,4530346;SPRF-BA;DEL01-BA;UOP01-DEL01-BA;;;
732597;17/11/2025;segunda-feira;19:48:00;RO;364;4;VILHENA;Acessar a via sem observar a presen�a dos outros ve�culos;Colis�o traseira;Com V�timas Fatais;Plena Noite;Decrescente;Nublado;Simples;Reta;N�o;4;1;0;0;3;0;0;2;-12,80066669;-60,08513896;SPRF-RO;DEL04-RO;UOP01-DEL04-RO;;;
732598;17/11/2025;segunda-feira;21:10:00;PR;153;39,7;SANTO ANTONIO DA PLATINA;Acessar a via sem observar a presen�a dos outros ve�culos;Colis�o transversal;Com V�timas Feridas;Plena Noite;Crescente;Nublado;Simples;Interse��o de Vias;N�o;2;0;1;0;1;0;1;2;-23,27977768;-50,05600691;SPRF-PR;DEL07-PR;UOP04-DEL07-PR;;;
732600;17/11/2025;segunda-feira;18:25:00;MS;262;238;RIBAS DO RIO PARDO;Acessar a via sem observar a presen�a dos outros ve�culos;Colis�o transversal;Com V�timas Feridas;Anoitecer;Crescente;Garoa/Chuvisco;Simples;Reta;Sim;2;0;1;0;1;0;1;2;-20,456186;-53,748193;SPRF-MS;DEL01-MS;UOP05-DEL01-MS;;;
732603;17/11/2025;segunda-feira;21:30:00;SP;116;144;SAO JOSE DOS CAMPOS;Rea��o tardia ou ineficiente do condutor;Capotamento;Sem V�timas;Plena Noite;Crescente;Garoa/Chuvisco;Dupla;Reta;Sim;1;0;0;0;1;0;0;1;-23,18287978;-45,84737908;SPRF-SP;DEL02-SP;UOP01-DEL02-SP;;;
732605;17/11/2025;segunda-feira;20:00:00;PB;361;23,9;SANTA TERESINHA;Aus�ncia de rea��o do condutor;Colis�o traseira;Com V�timas Fatais;Plena Noite;Decrescente;C�u Claro;Simples;Aclive;N�o;2;1;0;0;0;1;0;2;-7,084803;-37,457552;SPRF-PB;DEL03-PB;UOP01-DEL03-PB;;;
732608;17/11/2025;segunda-feira;12:35:00;SC;101;53,4;JOINVILLE;Pista Escorregadia;Queda de ocupante de ve�culo;Com V�timas Feridas;Pleno dia;Crescente;Garoa/Chuvisco;Dupla;Curva;Sim;1;0;1;0;0;0;1;1;-26,41612103;-48,83492438;SPRF-SC;DEL03-SC;UOP01-DEL03-SC;;;
732609;17/11/2025;segunda-feira;21:40:00;SC;101;115,1;PALHOCA;Acessar a via sem observar a presen�a dos outros ve�culos;Tombamento;Com V�timas Feridas;Plena Noite;Crescente;C�u Claro;Dupla;Reta;N�o;2;0;0;1;0;1;1;2;-27,65266;-48,676912;SPRF-SC;DEL04-SC;UOP04-DEL04-SC;;;
732611;26/10/2025;domingo;17:52:00;RJ;101;327;NITEROI;Aus�ncia de rea��o do condutor;Colis�o com objeto;Com V�timas Feridas;Anoitecer;Crescente;C�u Claro;M�ltipla;Reta;Sim;3;0;3;0;0;0;3;1;-22,87254365;-43,139534;SPRF-RJ;DEL02-RJ;UOP01-DEL02-RJ;;;
732613;17/11/2025;segunda-feira;20:50:00;PA;316;152;CAPANEMA;Ultrapassagem Indevida;Colis�o frontal;Com V�timas Feridas;Plena Noite;Decrescente;C�u Claro;Simples;Declive;N�o;3;0;0;3;0;0;3;2;-1,215223;-47,178088;SPRF-PA;DEL01-PA;UOP03-DEL01-PA;;;
732614;17/11/2025;segunda-feira;21:30:00;ES;101;139,4;LINHARES;Acessar a via sem observar a presen�a dos outros ve�culos;Colis�o lateral mesmo sentido;Com V�timas Feridas;Plena Noite;Crescente;C�u Claro;Dupla;"Reta;Interse��o de Vias";Sim;3;0;1;0;1;1;1;3;-19,313519;-40,078498;SPRF-ES;DEL04-ES;UOP01-DEL04-ES;;;
732616;17/11/2025;segunda-feira;21:10:00;MA;316;568,1;CAXIAS;Suic�dio (presumido);Queda de ocupante de ve�culo;Com V�timas Feridas;Plena Noite;Crescente;C�u Claro;Simples;Reta;N�o;2;0;0;1;1;0;1;1;-4,91475585;-43,2173878;SPRF-MA;DEL03-MA;UOP02-DEL03-MA;;;
732617;17/11/2025;segunda-feira;19:20:00;SP;116;152;SAO JOSE DOS CAMPOS;Rea��o tardia ou ineficiente do condutor;Colis�o com objeto;Com V�timas Feridas;Plena Noite;Crescente;Garoa/Chuvisco;M�ltipla;Reta;Sim;1;0;1;0;0;0;1;1;-23,22356072;-45,90401173;SPRF-SP;DEL02-SP;UOP01-DEL02-SP;;;
732618;17/11/2025;segunda-feira;22:50:00;SP;116;105;TAUBATE;Ilumina��o deficiente;Colis�o com objeto;Com V�timas Feridas;Plena Noite;Crescente;Garoa/Chuvisco;Dupla;Reta;N�o;2;0;1;0;1;0;1;2;-23,00952361;-45,51873537;SPRF-SP;DEL02-SP;UOP02-DEL02-SP;;;
732619;17/11/2025;segunda-feira;21:40:00;RJ;101;542;PARATY;Rea��o tardia ou ineficiente do condutor;Sa�da de leito carro��vel;Sem V�timas;Plena Noite;Decrescente;Garoa/Chuvisco;Simples;Curva;N�o;1;0;0;0;0;1;0;1;-23,04360234;-44,59917068;SPRF-RJ;DEL03-RJ;UOP04-DEL03-RJ;;;
732620;17/11/2025;segunda-feira;20:55:00;PR;153;451,8;UNIAO DA VITORIA;Velocidade Incompat�vel;Colis�o com objeto;Com V�timas Feridas;Plena Noite;Crescente;Garoa/Chuvisco;Simples;"Em Obras;Curva";N�o;2;0;2;0;0;0;2;1;-26,19632;-51,07941;SPRF-PR;DEL02-PR;UOP03-DEL02-PR;;;
732623;17/11/2025;segunda-feira;19:30:00;RO;435;85;COLORADO DO OESTE;Acessar a via sem observar a presen�a dos outros ve�culos;Colis�o transversal;Com V�timas Feridas;Plena Noite;Crescente;C�u Claro;Simples;Reta;Sim;3;0;3;0;0;0;3;2;-13,13070238;-60,54351836;SPRF-RO;DEL04-RO;UOP02-DEL04-RO;;;
732624;17/11/2025;segunda-feira;21:30:00;RR;174;4;BOA VISTA;Condutor deixou de manter dist�ncia do ve�culo da frente;Colis�o traseira;Com V�timas Feridas;Plena Noite;Crescente;C�u Claro;Simples;Reta;N�o;2;0;1;0;1;0;1;2;2,95264123;-60,72967529;SPRF-RR;DEL01-RR;UOP01-DEL01-RR;;;
732625;17/11/2025;segunda-feira;22:13:00;RN;110;1,7;AREIA BRANCA;Ultrapassagem Indevida;Colis�o frontal;Com V�timas Fatais;Plena Noite;Crescente;C�u Claro;Simples;Reta;Sim;2;1;0;1;0;0;1;2;-4,94335;-37,11783;SPRF-RN;DEL04-RN;UOP01-DEL04-RN;;;
732626;17/11/2025;segunda-feira;19:00:00;MT;163;678;LUCAS DO RIO VERDE;Aus�ncia de rea��o do condutor;Colis�o com objeto;Com V�timas Feridas;Plena Noite;Crescente;Chuva;Dupla;"Reta;Em Obras";N�o;1;0;0;1;0;0;1;1;-13,148518;-55,970508;SPRF-MT;DEL06-MT;UOP01-DEL06-MT;;;
732627;17/11/2025;segunda-feira;23:50:00;PR;277;350;GUARAPUAVA;Rea��o tardia ou ineficiente do condutor;Tombamento;Com V�timas Feridas;Plena Noite;Decrescente;Chuva;Simples;Reta;Sim;2;0;1;0;1;0;1;2;-25,36637945;-51,48930929;SPRF-PR;DEL08-PR;UOP01-DEL08-PR;;;
732628;17/11/2025;segunda-feira;22:15:00;PE;101;95,9;CABO DE SANTO AGOSTINHO;Demais falhas mec�nicas ou el�tricas;Inc�ndio;Sem V�timas;Plena Noite;Decrescente;C�u Claro;Dupla;Reta;N�o;1;0;0;0;1;0;0;1;-8,251508;-35,020902;SPRF-PE;DEL01-PE;UOP03-DEL01-PE;;;
732629;17/11/2025;segunda-feira;21:40:00;RJ;101;527,8;ANGRA DOS REIS;Rea��o tardia ou ineficiente do condutor;Tombamento;Com V�timas Feridas;Plena Noite;Decrescente;Nublado;Simples;Curva;N�o;1;0;1;0;0;0;1;1;-23,025851;-44,503776;SPRF-RJ;DEL03-RJ;UOP03-DEL03-RJ;;;