id;data_inversa;dia_semana;horario;uf;br;km;municipio;causa_acidente;tipo_acidente;classificacao_acidente;fase_dia;sentido_via;condicao_metereologica;tipo_pista;tracado_via;uso_solo;pessoas;mortos;feridos_leves;feridos_graves;ilesos;ignorados;feridos;veiculos;latitude;longitude;regional;delegacia;uop;;;
733024;19/11/2025;quarta-feira;19:40:00;PE;101;50;ABREU E LIMA;Aus�ncia de rea��o do condutor;Queda de ocupante de ve�culo;Com V�timas Feridas;Plena Noite;Crescente;C�u Claro;M�ltipla;Reta;Sim;1;0;0;1;0;0;1;1;-7,9084967;-34,902244;SPRF-PE;DEL01-PE;UOP02-DEL01-PE;;;
733025;19/11/2025;quarta-feira;19:10:00;PR;277;80;CURITIBA;Aus�ncia de rea��o do condutor;Colis�o traseira;Com V�timas Feridas;Plena Noite;Decrescente;Nublado;Dupla;Reta;Sim;5;0;1;1;3;0;2;3;-25,46043523;-49,22027048;SPRF-PR;DEL01-PR;UOP03-DEL01-PR;;;
733026;19/11/2025;quarta-feira;19:28:00;PE;101;72,6;RECIFE;Acessar a via sem observar a presen�a dos outros ve�culos;Colis�o lateral mesmo sentido;Com V�timas Feridas;Plena Noite;Decrescente;C�u Claro;M�ltipla;Reta;Sim;2;0;2;0;0;0;2;2;-8,09046;-34,94651;SPRF-PE;DEL01-PE;UOP01-DEL01-PE;;;
733027;19/11/2025;quarta-feira;19:20:00;MG;40;639,8;CONSELHEIRO LAFAIETE;Acessar a via sem observar a presen�a dos outros ve�culos;Colis�o transversal;Com V�timas Feridas;Plena Noite;Crescente;C�u Claro;Simples;"Aclive;Reta";N�o;3;0;2;0;0;1;2;2;-20,7423;-43,800725;SPRF-MG;DEL05-MG;UOP02-DEL05-MG;;;
733028;19/11/2025;quarta-feira;19:00:00;SC;282;0,8;FLORIANOPOLIS;Condutor deixou de manter dist�ncia do ve�culo da frente;Colis�o traseira;Sem V�timas;Plena Noite;Decrescente;C�u Claro;M�ltipla;"Declive;Reta";Sim;3;0;0;0;3;0;0;3;-27,6;-48,576;SPRF-SC;DEL01-SC;UOP01-DEL01-SC;;;
733029;19/11/2025;quarta-feira;19:35:00;MG;381;503;BETIM;Aus�ncia de rea��o do condutor;Colis�o traseira;Com V�timas Feridas;Plena Noite;Crescente;C�u Claro;Dupla;Reta;N�o;2;0;0;1;1;0;1;2;-20,0270712;-44,23293114;SPRF-MG;DEL01-MG;UOP03-DEL01-MG;;;
733031;19/11/2025;quarta-feira;19:50:00;MG;40;484,9;SETE LAGOAS;Pedestre andava na pista;Atropelamento de Pedestre;Com V�timas Feridas;Plena Noite;Crescente;Ignorado;Dupla;"Aclive;Reta";N�o;4;0;1;1;1;1;2;2;-19,4248704;-44,3252736;SPRF-MG;DEL02-MG;UOP01-DEL02-MG;;;
733032;19/11/2025;quarta-feira;15:30:00;BA;410;21,2;TUCANO;Aus�ncia de rea��o do condutor;Sa�da de leito carro��vel;Com V�timas Fatais;Pleno dia;Decrescente;Chuva;Simples;Reta;N�o;2;1;1;0;0;0;1;1;-10,919652;-38,693649;SPRF-BA;DEL07-BA;UOP02-DEL07-BA;;;
733034;19/11/2025;quarta-feira;19:20:00;MG;365;621;UBERLANDIA;Condutor deixou de manter dist�ncia do ve�culo da frente;Colis�o traseira;Com V�timas Feridas;Pleno dia;Crescente;C�u Claro;Simples;Reta;Sim;1;0;1;0;0;0;1;1;-18,89851868;-48,27199504;SPRF-MG;DEL15-MG;UOP01-DEL15-MG;;;
733037;19/11/2025;quarta-feira;18:00:00;RJ;40;111;DUQUE DE CAXIAS;Aus�ncia de rea��o do condutor;Engavetamento;Com V�timas Feridas;Pleno dia;Decrescente;C�u Claro;Dupla;Reta;Sim;4;0;1;0;3;0;1;3;-22,6946338;-43,288205;SPRF-RJ;DEL01-RJ;UOP02-DEL01-RJ;;;
733038;19/11/2025;quarta-feira;19:00:00;BA;110;340;ALAGOINHAS;Transitar na contram�o;Colis�o frontal;Com V�timas Feridas;Plena Noite;Decrescente;C�u Claro;Simples;Reta;N�o;3;0;2;0;1;0;2;2;-12,16282769;-38,41519833;SPRF-BA;DEL01-BA;UOP04-DEL01-BA;;;
733039;19/11/2025;quarta-feira;19:50:00;SC;101;136;BALNEARIO CAMBORIU;Manobra de mudan�a de faixa;Colis�o lateral mesmo sentido;Com V�timas Feridas;Anoitecer;Crescente;C�u Claro;M�ltipla;Reta;N�o;2;0;1;0;1;0;1;2;-27,01419619;-48,61293403;SPRF-SC;DEL04-SC;UOP03-DEL04-SC;;;
733040;19/11/2025;quarta-feira;19:25:00;SC;101;131;CAMBORIU;Pedestre andava na pista;Atropelamento de Pedestre;Com V�timas Feridas;Plena Noite;Crescente;Nublado;Dupla;Reta;N�o;2;0;1;0;0;1;1;2;-26,99493629;-48,65883619;SPRF-SC;DEL04-SC;UOP03-DEL04-SC;;;
733041;19/11/2025;quarta-feira;19:30:00;PR;277;668,8;MEDIANEIRA;Demais falhas mec�nicas ou el�tricas;Queda de ocupante de ve�culo;Com V�timas Feridas;Plena Noite;Decrescente;C�u Claro;Dupla;Reta;Sim;2;0;0;2;0;0;2;1;-25,264898;-54,052283;SPRF-PR;DEL05-PR;UOP02-DEL05-PR;;;
733042;19/11/2025;quarta-feira;20:20:00;ES;262;49;MARECHAL FLORIANO;Rea��o tardia ou ineficiente do condutor;Sa�da de leito carro��vel;Com V�timas Feridas;Plena Noite;Crescente;Nublado;Simples;Reta;N�o;1;0;1;0;0;0;1;1;-20,4121184;-40,70478559;SPRF-ES;DEL01-ES;UOP01-DEL01-ES;;;
733043;19/11/2025;quarta-feira;17:50:00;AM;319;50;CANUTAMA;Aus�ncia de rea��o do condutor;Sa�da de leito carro��vel;Com V�timas Fatais;Anoitecer;Crescente;C�u Claro;Simples;Reta;N�o;3;1;0;0;0;2;0;2;-8,142907;-63,756802;SPRF-AM;DEL01-AM;UOP04-DEL01-AM;;;
733044;19/11/2025;quarta-feira;20:00:00;MG;381;383;BARAO DE COCAIS;Aus�ncia de rea��o do condutor;Colis�o traseira;Com V�timas Feridas;Plena Noite;Decrescente;Nublado;Dupla;"Reta;Declive";N�o;2;0;2;0;0;0;2;2;-19,79508733;-43,42614982;SPRF-MG;DEL01-MG;UOP01-DEL01-MG;;;
733045;19/11/2025;quarta-feira;18:10:00;BA;430;300;BOM JESUS DA LAPA;Rea��o tardia ou ineficiente do condutor;Sa�da de leito carro��vel;Com V�timas Feridas;Anoitecer;Decrescente;C�u Claro;Simples;Reta;N�o;1;0;0;1;0;0;1;1;-13,318092;-43,339003;SPRF-BA;DEL08-BA;UOP01-DEL08-BA;;;
733047;19/11/2025;quarta-feira;20:20:00;BA;101;877,8;TEIXEIRA DE FREITAS;Desrespeitar a prefer�ncia no cruzamento;Colis�o transversal;Com V�timas Feridas;Plena Noite;Decrescente;Nublado;Simples;"Aclive;Reta";N�o;2;0;1;0;1;0;1;2;-17,54257015;-39,71660614;SPRF-BA;DEL09-BA;UOP02-DEL09-BA;;;
733049;19/11/2025;quarta-feira;20:20:00;SP;153;63,5;SAO JOSE DO RIO PRETO;Condutor usando celular;Colis�o traseira;Com V�timas Feridas;Plena Noite;Decrescente;C�u Claro;Dupla;Reta;Sim;4;0;1;0;3;0;1;3;-20,82724765;-49,35916901;SPRF-SP;DEL09-SP;UOP01-DEL09-SP;;;
733050;19/11/2025;quarta-feira;21:00:00;MG;40;549,7;NOVA LIMA;Acessar a via sem observar a presen�a dos outros ve�culos;Atropelamento de Pedestre;Com V�timas Fatais;Plena Noite;Decrescente;C�u Claro;Dupla;"Curva;Declive";Sim;2;1;0;0;1;0;0;2;-20,0464214;-43,9629079;SPRF-MG;DEL01-MG;UOP02-DEL01-MG;;;
733051;19/11/2025;quarta-feira;18:00:00;SC;280;4;SAO FRANCISCO DO SUL;Ingest�o de �lcool pelo condutor;Tombamento;Com V�timas Feridas;Anoitecer;Crescente;Nublado;Simples;Reta;N�o;1;0;1;0;0;0;1;1;-26,25250865;-48,61857891;SPRF-SC;DEL03-SC;UOP03-DEL03-SC;;;
733052;19/11/2025;quarta-feira;21:10:00;RJ;101;71;CAMPOS DOS GOYTACAZES;Aus�ncia de rea��o do condutor;Queda de ocupante de ve�culo;Com V�timas Feridas;Plena Noite;Crescente;C�u Claro;Simples;Reta;N�o;2;0;1;0;1;0;1;1;-21,78577807;-41,38139396;SPRF-RJ;DEL08-RJ;UOP02-DEL08-RJ;;;
733053;19/11/2025;quarta-feira;19:40:00;PR;277;69,6;SAO JOSE DOS PINHAIS;Demais falhas mec�nicas ou el�tricas;Colis�o lateral mesmo sentido;Com V�timas Feridas;Plena Noite;Decrescente;C�u Claro;Dupla;Reta;N�o;3;0;2;0;1;0;2;2;-25,51465;-49,12137;SPRF-PR;DEL01-PR;UOP01-DEL01-PR;;;
733054;19/11/2025;quarta-feira;21:00:00;MG;40;635;CONSELHEIRO LAFAIETE;Condutor deixou de manter dist�ncia do ve�culo da frente;Colis�o traseira;Com V�timas Feridas;Plena Noite;Crescente;C�u Claro;Simples;Reta;Sim;1;0;1;0;0;0;1;1;-20,70901;-43,79337;SPRF-MG;DEL05-MG;UOP02-DEL05-MG;;;
733057;19/11/2025;quarta-feira;21:40:00;SP;153;53,9;SAO JOSE DO RIO PRETO;Aus�ncia de rea��o do condutor;Tombamento;Com V�timas Feridas;Plena Noite;Crescente;C�u Claro;Dupla;Reta;Sim;1;0;1;0;0;0;1;1;-20,74902323;-49,34053168;SPRF-SP;DEL09-SP;UOP01-DEL09-SP;;;
733059;19/11/2025;quarta-feira;19:45:00;RS;285;118,9;VACARIA;Pedestre cruzava a pista fora da faixa;Atropelamento de Pedestre;Com V�timas Feridas;Plena Noite;Crescente;Nublado;Simples;"Reta;Interse��o de Vias";Sim;3;0;2;0;1;0;2;2;-28,50198537;-50,91851799;SPRF-RS;DEL05-RS;UOP03-DEL05-RS;;;
733060;19/11/2025;quarta-feira;13:00:00;RJ;116;190,4;NOVA IGUACU;Avarias e/ou desgaste excessivo no pneu;Colis�o com objeto;Com V�timas Feridas;Pleno dia;Crescente;C�u Claro;Dupla;Reta;Sim;1;0;1;0;0;0;1;1;-22,74220731;-43,50302696;SPRF-RJ;DEL06-RJ;UOP01-DEL06-RJ;;;
733062;19/11/2025;quarta-feira;21:30:00;CE;116;35;AQUIRAZ;Ingest�o de �lcool pelo condutor;Colis�o traseira;Com V�timas Feridas;Plena Noite;Crescente;C�u Claro;Dupla;Reta;N�o;2;0;1;0;1;0;1;2;-4,0534643;-38,5057804;SPRF-CE;DEL01-CE;UOP02-DEL01-CE;;;
733063;19/11/2025;quarta-feira;21:10:00;PE;101;48,8;ABREU E LIMA;Estacionar ou parar em local proibido;Tombamento;Sem V�timas;Plena Noite;Decrescente;C�u Claro;M�ltipla;Reta;Sim;6;0;0;0;3;3;0;4;-7,8984722;-34,9023748;SPRF-PE;DEL01-PE;UOP02-DEL01-PE;;;
733065;19/11/2025;quarta-feira;08:37:00;PR;376;616,3;SAO JOSE DOS PINHAIS;Acessar a via sem observar a presen�a dos outros ve�culos;Colis�o transversal;Com V�timas Feridas;Pleno dia;Crescente;Sol;Dupla;"Reta;Interse��o de Vias;Aclive";Sim;2;0;1;0;1;0;1;2;-25,584998;-49,175406;SPRF-PR;DEL01-PR;UOP04-DEL01-PR;;;
733066;19/11/2025;quarta-feira;22:00:00;MG;40;524;CONTAGEM;Pedestre cruzava a pista fora da faixa;Atropelamento de Pedestre;Com V�timas Feridas;Plena Noite;Decrescente;C�u Claro;Dupla;Reta;Sim;2;0;1;0;1;0;1;2;-19,877659;-44,051747;SPRF-MG;DEL01-MG;UOP02-DEL01-MG;;;
733067;19/11/2025;quarta-feira;22:10:00;RS;290;583;ALEGRETE;Acumulo de areia ou detritos sobre o pavimento;Tombamento;Com V�timas Feridas;Plena Noite;Decrescente;C�u Claro;Simples;"Interse��o de Vias;Rotat�ria";N�o;1;0;1;0;0;0;1;1;-29,812561;-55,804941;SPRF-RS;DEL13-RS;UOP02-DEL13-RS;;;
733068;19/11/2025;quarta-feira;07:40:00;MG;50;75;UBERLANDIA;Aus�ncia de rea��o do condutor;Colis�o traseira;Com V�timas Feridas;Pleno dia;Decrescente;C�u Claro;Dupla;Reta;Sim;2;0;0;1;1;0;1;2;-18,914347;-48,223139;SPRF-MG;DEL15-MG;UOP01-DEL15-MG;;;
733069;19/11/2025;quarta-feira;22:50:00;RS;116;266;CANOAS;Manobra de mudan�a de faixa;Queda de ocupante de ve�culo;Com V�timas Feridas;Plena Noite;Decrescente;C�u Claro;M�ltipla;Reta;Sim;1;0;1;0;0;0;1;1;-29,93002646;-51,1773579;SPRF-RS;DEL01-RS;UOP01-DEL01-RS;;;
733070;19/11/2025;quarta-feira;22:10:00;DF;251;32,6;BRASILIA;Animais na Pista;Atropelamento de Animal;Com V�timas Feridas;Plena Noite;Decrescente;C�u Claro;Simples;Reta;Sim;1;0;1;0;0;0;1;1;-15,93801;-47,75824;SPRF-DF;DEL01-DF;UOP01-DEL01-DF;;;
733071;19/11/2025;quarta-feira;21:55:00;BA;116;10,6;VITORIA DA CONQUISTA;Demais falhas mec�nicas ou el�tricas;Tombamento;Com V�timas Feridas;Plena Noite;Decrescente;Nublado;Simples;"Curva;Declive";Sim;2;0;1;0;1;0;1;1;-14,865716;-40,872001;SPRF-BA;DEL08-BA;UOP01-DEL08-BA;;;
733072;19/11/2025;quarta-feira;17:35:00;PR;277;113,5;CAMPO LARGO;Rea��o tardia ou ineficiente do condutor;Colis�o traseira;Com V�timas Feridas;Pleno dia;Decrescente;C�u Claro;Dupla;Reta;N�o;2;0;2;0;0;0;2;2;-25,43100218;-49,42442704;SPRF-PR;DEL03-PR;UOP03-DEL03-PR;;;
733073;19/11/2025;quarta-feira;23:00:00;PA;230;120;MARABA;Acesso irregular;Colis�o frontal;Com V�timas Feridas;Plena Noite;Crescente;Chuva;Simples;Aclive;Sim;2;0;1;0;1;0;1;2;-5,35072266;-49,12044168;SPRF-PA;DEL03-PA;UOP01-DEL03-PA;;;
733074;19/11/2025;quarta-feira;20:50:00;SE;235;54;ITABAIANA;Acesso irregular;Colis�o com objeto;Sem V�timas;Plena Noite;Crescente;C�u Claro;Simples;Reta;N�o;1;0;0;0;0;1;0;1;-10,679354;-37,4422431;SPRF-SE;DEL01-SE;UOP02-DEL01-SE;;;
733076;19/11/2025;quarta-feira;18:31:00;MT;364;264;SAO PEDRO DA CIPA;Acostamento em desn�vel;Queda de ocupante de ve�culo;Com V�timas Feridas;Plena Noite;Decrescente;Nublado;Dupla;Em Obras;Sim;1;0;1;0;0;0;1;1;-16,00786223;-54,91627381;SPRF-MT;DEL02-MT;UOP01-DEL02-MT;;;
733078;19/11/2025;quarta-feira;22:30:00;MG;40;813;MATIAS BARBOSA;Animais na Pista;Colis�o com objeto;Com V�timas Feridas;Plena Noite;Decrescente;Nublado;Dupla;Reta;N�o;3;0;0;1;2;0;1;1;-21,883026;-43,324147;SPRF-MG;DEL05-MG;UOP01-DEL05-MG;;;
733080;19/11/2025;quarta-feira;23:15:00;RS;116;447;SAO LOURENCO DO SUL;Avarias e/ou desgaste excessivo no pneu;Tombamento;Com V�timas Feridas;Plena Noite;Decrescente;C�u Claro;Dupla;Reta;N�o;2;0;2;0;0;0;2;1;-31,29921879;-52,00969309;SPRF-RS;DEL02-RS;UOP02-DEL02-RS;;;
733083;19/11/2025;quarta-feira;20:30:00;RJ;116;215;SEROPEDICA;Aus�ncia de rea��o do condutor;Colis�o traseira;Com V�timas Feridas;Plena Noite;Crescente;C�u Claro;Dupla;"Aclive;Curva";N�o;2;0;0;1;1;0;1;2;-22,71255769;-43,73467796;SPRF-RJ;DEL06-RJ;UOP02-DEL06-RJ;;;
733084;19/11/2025;quarta-feira;23:10:00;MT;70;1,9;BARRA DO GARCAS;Ultrapassagem Indevida;Colis�o lateral mesmo sentido;Com V�timas Feridas;Plena Noite;Decrescente;C�u Claro;Simples;"Reta;Declive";Sim;2;0;1;0;1;0;1;2;-15,8725161;-52,3855323;SPRF-MT;DEL07-MT;UOP01-DEL07-MT;;;
733085;19/11/2025;quarta-feira;22:00:00;GO;60;225,7;CEZARINA;Condutor Dormindo;Sa�da de leito carro��vel;Com V�timas Feridas;Plena Noite;Crescente;Nublado;Dupla;Declive;N�o;3;0;3;0;0;0;3;1;-17,032928;-49,777898;SPRF-GO;DEL01-GO;UOP02-DEL01-GO;;;
733086;19/11/2025;quarta-feira;19:02:00;RS;116;38,4;VACARIA;Convers�o proibida;Colis�o transversal;Com V�timas Feridas;Anoitecer;Crescente;Nublado;Simples;"Reta;Interse��o de Vias";Sim;2;0;1;0;0;1;1;2;-28,50832;-50,9281;SPRF-RS;DEL05-RS;UOP03-DEL05-RS;;;
733089;20/11/2025;quinta-feira;01:00:00;GO;70;9,2;AGUAS LINDAS DE GOIAS;Aus�ncia de rea��o do condutor;Sa�da de leito carro��vel;Com V�timas Feridas;Plena Noite;Crescente;Vento;Dupla;Reta;Sim;2;0;1;0;1;0;1;1;-15,74733146;-48,26433557;SPRF-DF;DEL03-DF;UOP02-DEL03-DF;;;
733090;19/11/2025;quarta-feira;22:45:00;PR;277;400,8;CANDOI;Animais na Pista;Atropelamento de Animal;Com V�timas Feridas;Plena Noite;Decrescente;C�u Claro;Simples;Reta;Sim;1;0;1;0;0;0;1;1;-25,57976892;-52,05643704;SPRF-PR;DEL04-PR;UOP02-DEL04-PR;;;
733092;20/11/2025;quinta-feira;01:15:00;PR;376;604;CURITIBA;Aus�ncia de rea��o do condutor;Sa�da de leito carro��vel;Com V�timas Feridas;Plena Noite;Crescente;Nublado;Dupla;Reta;Sim;1;0;1;0;0;0;1;1;-25,5328906;-49,3205241;SPRF-PR;DEL01-PR;UOP03-DEL01-PR;;;
733094;20/11/2025;quinta-feira;02:50:00;SC;282;503,3;XANXERE;Velocidade Incompat�vel;Colis�o com objeto;Com V�timas Feridas;Plena Noite;Crescente;C�u Claro;Dupla;"Reta;Declive";Sim;1;0;1;0;0;0;1;1;-26,88343994;-52,40211105;SPRF-SC;DEL07-SC;UOP01-DEL07-SC;;;
733095;20/11/2025;quinta-feira;03:10:00;RS;290;107;ELDORADO DO SUL;Condutor Dormindo;Sa�da de leito carro��vel;Com V�timas Feridas;Amanhecer;Decrescente;C�u Claro;Dupla;Reta;N�o;1;0;0;1;0;0;1;1;-30,0362954;-51,3277016;SPRF-RS;DEL02-RS;UOP01-DEL02-RS;;;
733096;20/11/2025;quinta-feira;04:30:00;RJ;101;55;CAMPOS DOS GOYTACAZES;Acessar a via sem observar a presen�a dos outros ve�culos;Colis�o transversal;Com V�timas Feridas;Amanhecer;Decrescente;C�u Claro;Simples;"Interse��o de Vias;Curva";Sim;2;0;1;0;1;0;1;2;-21,72442081;-41,31958008;SPRF-RJ;DEL08-RJ;UOP01-DEL08-RJ;;;
733097;20/11/2025;quinta-feira;03:00:00;MS;262;162,4;RIBAS DO RIO PARDO;Animais na Pista;Atropelamento de Animal;Com V�timas Feridas;Plena Noite;Crescente;C�u Claro;Simples;"Reta;Declive";N�o;1;0;0;1;0;0;1;1;-20,46408816;-52,97401428;SPRF-MS;DEL07-MS;UOP02-DEL07-MS;;;
733098;20/11/2025;quinta-feira;03:20:00;RJ;40;114;DUQUE DE CAXIAS;Rea��o tardia ou ineficiente do condutor;Sa�da de leito carro��vel;Com V�timas Feridas;Plena Noite;Decrescente;C�u Claro;Dupla;Reta;N�o;3;0;1;0;2;0;1;1;-22,71723989;-43,28978257;SPRF-RJ;DEL01-RJ;UOP02-DEL01-RJ;;;
733100;20/11/2025;quinta-feira;04:30:00;GO;70;6,4;AGUAS LINDAS DE GOIAS;Aus�ncia de rea��o do condutor;Inc�ndio;Sem V�timas;Amanhecer;Crescente;C�u Claro;Dupla;Reta;N�o;1;0;0;0;1;0;0;1;-15,7472424;-48,2641481;SPRF-DF;DEL03-DF;UOP02-DEL03-DF;;;
733102;20/11/2025;quinta-feira;03:35:00;SC;470;104,3;APIUNA;Condutor Dormindo;Colis�o frontal;Com V�timas Feridas;Plena Noite;Crescente;C�u Claro;Simples;Curva;N�o;5;0;2;0;3;0;2;2;-27,06232;-49,41538;SPRF-SC;DEL04-SC;UOP02-DEL04-SC;;;
733103;20/11/2025;quinta-feira;03:36:00;SP;116;131;CACAPAVA;Rea��o tardia ou ineficiente do condutor;Colis�o com objeto;Com V�timas Feridas;Plena Noite;Decrescente;C�u Claro;Dupla;Reta;Sim;1;0;0;1;0;0;1;1;-23,125986;-45,7341847;SPRF-SP;DEL02-SP;UOP02-DEL02-SP;;;
733105;20/11/2025;quinta-feira;05:28:00;PR;277;714;SANTA TEREZINHA DE ITAIPU;Rea��o tardia ou ineficiente do condutor;Sa�da de leito carro��vel;Sem V�timas;Amanhecer;Decrescente;C�u Claro;Dupla;"Declive;Reta";Sim;1;0;0;0;1;0;0;1;-25,46229025;-54,4417375;SPRF-PR;DEL05-PR;UOP01-DEL05-PR;;;
733107;20/11/2025;quinta-feira;04:00:00;PI;316;342;FRANCISCO SANTOS;Trafegar com motocicleta (ou similar) entre as faixas;Colis�o lateral sentido oposto;Com V�timas Feridas;Amanhecer;Crescente;Nublado;Simples;Reta;N�o;2;0;1;1;0;0;2;2;-7,115603;-41,190735;SPRF-PI;DEL04-PI;UOP01-DEL04-PI;;;
733109;20/11/2025;quinta-feira;05:45:00;GO;60;382;RIO VERDE;Manobra de mudan�a de faixa;Colis�o lateral mesmo sentido;Com V�timas Feridas;Amanhecer;Crescente;C�u Claro;Dupla;"Reta;Declive";Sim;1;0;1;0;0;0;1;1;-17,792485;-50,909048;SPRF-GO;DEL04-GO;UOP02-DEL04-GO;;;
733110;19/11/2025;quarta-feira;23:00:00;RJ;101;322;NITEROI;Aus�ncia de rea��o do condutor;Colis�o traseira;Sem V�timas;Plena Noite;Decrescente;C�u Claro;M�ltipla;Reta;Sim;2;0;0;0;2;0;0;2;-22,87925927;-43,11369896;SPRF-RJ;DEL02-RJ;UOP01-DEL02-RJ;;;
733111;20/11/2025;quinta-feira;05:27:00;TO;153;761,4;ALVORADA;Velocidade Incompat�vel;Colis�o com objeto;Com V�timas Feridas;Amanhecer;Crescente;C�u Claro;Dupla;Rotat�ria;Sim;2;0;1;0;1;0;1;1;-12,48281827;-49,11774874;SPRF-TO;DEL01-TO;UOP02-DEL01-TO;;;
733112;20/11/2025;quinta-feira;04:20:00;RO;319;138;PORTO VELHO;Aus�ncia de rea��o do condutor;Colis�o com objeto;Com V�timas Fatais;Plena Noite;Decrescente;C�u Claro;Dupla;Reta;Sim;1;1;0;0;0;0;0;1;-8,74346;-63,914317;SPRF-RO;DEL01-RO;UOP01-DEL01-RO;;;
733114;20/11/2025;quinta-feira;06:35:00;MG;40;532,3;BELO HORIZONTE;Transitar no Acostamento;Colis�o lateral mesmo sentido;Com V�timas Feridas;Pleno dia;Decrescente;C�u Claro;Dupla;"Aclive;Reta";Sim;3;0;1;0;1;1;1;2;-19,9248738;-44,014593;SPRF-MG;DEL01-MG;UOP02-DEL01-MG;;;
733116;20/11/2025;quinta-feira;00:10:00;BA;101;693;EUNAPOLIS;Rea��o tardia ou ineficiente do condutor;Tombamento;Com V�timas Feridas;Plena Noite;Decrescente;C�u Claro;Simples;"Reta;Aclive";N�o;1;0;0;1;0;0;1;1;-16,194623;-39,606251;SPRF-BA;DEL09-BA;UOP01-DEL09-BA;;;
733117;20/11/2025;quinta-feira;07:00:00;MG;262;364;JUATUBA;Aus�ncia de rea��o do condutor;Colis�o lateral mesmo sentido;Com V�timas Feridas;Pleno dia;Decrescente;C�u Claro;Dupla;Interse��o de Vias;N�o;1;0;1;0;0;0;1;1;-19,960581;-44,337117;SPRF-MG;DEL01-MG;UOP03-DEL01-MG;;;
733118;20/11/2025;quinta-feira;07:15:00;ES;101;276;SERRA;Rea��o tardia ou ineficiente do condutor;Colis�o com objeto;Com V�timas Feridas;Pleno dia;Crescente;C�u Claro;Dupla;Reta;N�o;1;0;1;0;0;0;1;1;-20,0488699;-40,3866955;SPRF-ES;DEL02-ES;UOP01-DEL02-ES;;;
733119;20/11/2025;quinta-feira;05:45:00;BA;101;126;ARAMARI;Convers�o proibida;Colis�o traseira;Com V�timas Feridas;Pleno dia;Decrescente;Nublado;Simples;Reta;N�o;2;0;1;0;0;1;1;2;-12,15893916;-38,55142146;SPRF-BA;DEL01-BA;UOP04-DEL01-BA;;;
733121;20/11/2025;quinta-feira;01:50:00;SP;116;551;BARRA DO TURVO;Demais falhas mec�nicas ou el�tricas;Inc�ndio;Sem V�timas;Plena Noite;Crescente;C�u Claro;Simples;Reta;N�o;2;0;0;0;2;0;0;1;-24,928843;-48,2716012;SPRF-SP;DEL05-SP;UOP02-DEL05-SP;;;
733123;20/11/2025;quinta-feira;05:40:00;MS;267;61,9;BATAGUASSU;Ultrapassagem Indevida;Colis�o frontal;Com V�timas Fatais;Pleno dia;Crescente;C�u Claro;Simples;Reta;N�o;2;1;1;0;0;0;1;2;-21,843888;-52,691615;SPRF-MS;DEL02-MS;UOP04-DEL02-MS;;;
733124;20/11/2025;quinta-feira;03:42:00;MA;135;17;SAO LUIS;Velocidade Incompat�vel;Sa�da de leito carro��vel;Sem V�timas;Plena Noite;Decrescente;C�u Claro;Dupla;Reta;Sim;1;0;0;0;0;1;0;1;-2,71655;-44,32018;SPRF-MA;DEL01-MA;UOP01-DEL01-MA;;;
733125;20/11/2025;quinta-feira;07:20:00;SP;116;173,5;JACAREI;Rea��o tardia ou ineficiente do condutor;Colis�o traseira;Com V�timas Feridas;Pleno dia;Decrescente;Sol;Dupla;Reta;N�o;2;0;1;0;1;0;1;2;-23,31566005;-46,07528687;SPRF-SP;DEL02-SP;UOP01-DEL02-SP;;;
733128;20/11/2025;quinta-feira;07:15:00;ES;101;139,8;LINHARES;Aus�ncia de rea��o do condutor;Sa�da de leito carro��vel;Com V�timas Feridas;Pleno dia;Decrescente;C�u Claro;M�ltipla;Reta;Sim;1;0;1;0;0;0;1;1;-19,31680561;-40,07646223;SPRF-ES;DEL04-ES;UOP01-DEL04-ES;;;
733130;20/11/2025;quinta-feira;08:15:00;PE;101;66,2;RECIFE;Rea��o tardia ou ineficiente do condutor;Colis�o traseira;Com V�timas Feridas;Pleno dia;Crescente;C�u Claro;Dupla;Reta;Sim;2;0;1;0;1;0;1;2;-8,041351;-34,942683;SPRF-PE;DEL01-PE;UOP01-DEL01-PE;;;
733132;20/11/2025;quinta-feira;08:40:00;MG;381;887,4;CAMBUI;Velocidade Incompat�vel;Sa�da de leito carro��vel;Com V�timas Fatais;Pleno dia;Decrescente;C�u Claro;Dupla;Curva;N�o;1;1;0;0;0;0;0;1;-22,52115024;-46,02210081;SPRF-MG;DEL16-MG;UOP01-DEL16-MG;;;
733133;20/11/2025;quinta-feira;08:40:00;RS;386;354;ESTRELA;Acessar a via sem observar a presen�a dos outros ve�culos;Colis�o traseira;Com V�timas Feridas;Pleno dia;Decrescente;C�u Claro;Dupla;"Curva;Retorno Regulamentado";N�o;2;0;1;0;1;0;1;2;-29,5198131;-51,9364829;SPRF-RS;DEL04-RS;UOP01-DEL04-RS;;;
733134;20/11/2025;quinta-feira;08:45:00;RJ;40;89;PETROPOLIS;Pista Escorregadia;Colis�o com objeto;Com V�timas Feridas;Pleno dia;Crescente;Chuva;Simples;Declive;N�o;4;0;4;0;0;0;4;1;-22,5549706;-43,23583603;SPRF-RJ;DEL01-RJ;UOP01-DEL01-RJ;;;
733135;20/11/2025;quinta-feira;09:00:00;SC;282;22,3;SANTO AMARO DA IMPERATRIZ;Aus�ncia de rea��o do condutor;Colis�o traseira;Sem V�timas;Pleno dia;Crescente;C�u Claro;Simples;Reta;N�o;2;0;0;0;2;0;0;2;-27,68827476;-48,73757109;SPRF-SC;DEL01-SC;UOP02-DEL01-SC;;;