id;data_inversa;dia_semana;horario;uf;br;km;municipio;causa_acidente;tipo_acidente;classificacao_acidente;fase_dia;sentido_via;condicao_metereologica;tipo_pista;tracado_via;uso_solo;pessoas;mortos;feridos_leves;feridos_graves;ilesos;ignorados;feridos;veiculos;latitude;longitude;regional;delegacia;uop;;;
733242;20/11/2025;quinta-feira;17:30:00;MS;163;272;DOURADOS;Aus�ncia de rea��o do condutor;Colis�o traseira;Sem V�timas;Anoitecer;Decrescente;C�u Claro;Dupla;Reta;Sim;5;0;0;0;4;1;0;2;-22,18063407;-54,67378227;SPRF-MS;DEL04-MS;UOP01-DEL04-MS;;;
733243;20/11/2025;quinta-feira;18:45:00;PE;423;84;GARANHUNS;Acessar a via sem observar a presen�a dos outros ve�culos;Colis�o transversal;Com V�timas Feridas;Plena Noite;Decrescente;C�u Claro;Dupla;Interse��o de Vias;Sim;2;0;0;1;1;0;1;2;-8,87412161;-36,46936297;SPRF-PE;DEL03-PE;UOP01-DEL03-PE;;;
733246;20/11/2025;quinta-feira;10:40:00;MG;116;611,4;SAO JOAO DO MANHUACU;Rea��o tardia ou ineficiente do condutor;Colis�o traseira;Com V�timas Feridas;Pleno dia;Decrescente;Sol;Simples;"Reta;Interse��o de Vias";N�o;2;0;1;0;1;0;1;2;-20,434067;-42,163753;SPRF-MG;DEL07-MG;UOP02-DEL07-MG;;;
733249;20/11/2025;quinta-feira;17:00:00;CE;116;40;HORIZONTE;Demais falhas mec�nicas ou el�tricas;Tombamento;Com V�timas Feridas;Pleno dia;Crescente;C�u Claro;Dupla;Retorno Regulamentado;N�o;2;0;2;0;0;0;2;1;-4,10455605;-38,49832535;SPRF-CE;DEL01-CE;UOP02-DEL01-CE;;;
733250;20/11/2025;quinta-feira;20:00:00;CE;222;118;ITAPAJE;Pedestre andava na pista;Atropelamento de Pedestre;Com V�timas Fatais;Plena Noite;Crescente;C�u Claro;Simples;Reta;N�o;2;1;0;0;0;1;0;2;-3,726203;-39,559063;SPRF-CE;DEL04-CE;UOP03-DEL04-CE;;;
733252;20/11/2025;quinta-feira;19:58:00;SP;116;220;GUARULHOS;Animais na Pista;Atropelamento de Animal;Com V�timas Feridas;Plena Noite;Crescente;Ignorado;M�ltipla;Reta;Sim;1;0;1;0;0;0;1;1;-23,46405018;-46,49696911;SPRF-SP;DEL01-SP;UOP01-DEL01-SP;;;
733254;20/11/2025;quinta-feira;19:10:00;PR;369;503,6;CASCAVEL;Rea��o tardia ou ineficiente do condutor;Sa�da de leito carro��vel;Com V�timas Feridas;Anoitecer;Decrescente;C�u Claro;Simples;Reta;Sim;1;0;1;0;0;0;1;1;-24,92763294;-53,39288284;SPRF-PR;DEL04-PR;UOP01-DEL04-PR;;;
733256;20/11/2025;quinta-feira;19:15:00;RS;392;4,9;CAPAO DO LEAO;Rea��o tardia ou ineficiente do condutor;Colis�o transversal;Com V�timas Feridas;Plena Noite;Crescente;C�u Claro;Simples;Reta;N�o;2;0;1;0;1;0;1;2;-31,78359046;-52,41398748;SPRF-RS;DEL07-RS;UOP01-DEL07-RS;;;
733259;20/11/2025;quinta-feira;20:30:00;PA;316;63;CASTANHAL;Ingest�o de �lcool pelo condutor;Colis�o lateral mesmo sentido;Sem V�timas;Plena Noite;Crescente;C�u Claro;Dupla;"Interse��o de Vias;Reta";Sim;2;0;0;0;2;0;0;2;-1,2963;-47,922893;SPRF-PA;DEL01-PA;UOP01-DEL01-PA;;;
733260;20/11/2025;quinta-feira;20:10:00;SP;116;148,3;SAO JOSE DOS CAMPOS;Aus�ncia de rea��o do condutor;Engavetamento;Com V�timas Feridas;Pleno dia;Crescente;C�u Claro;M�ltipla;Reta;N�o;12;0;2;0;10;0;2;3;-23,20117;-45,88016;SPRF-SP;DEL02-SP;UOP01-DEL02-SP;;;
733263;20/11/2025;quinta-feira;20:40:00;RJ;101;275;TANGUA;Acessar a via sem observar a presen�a dos outros ve�culos;Colis�o traseira;Com V�timas Feridas;Plena Noite;Decrescente;C�u Claro;Dupla;Reta;N�o;4;0;1;1;2;0;2;3;-22,739125;-42,753352;SPRF-RJ;DEL02-RJ;UOP03-DEL02-RJ;;;
733264;20/11/2025;quinta-feira;19:55:00;MG;381;780;CAMPANHA;Ultrapassagem Indevida;Queda de ocupante de ve�culo;Com V�timas Feridas;Plena Noite;Crescente;C�u Claro;Dupla;Curva;N�o;3;0;0;1;1;1;1;3;-21,811595;-45,489444;SPRF-MG;DEL16-MG;UOP02-DEL16-MG;;;
733265;20/11/2025;quinta-feira;10:30:00;RJ;465;4;SEROPEDICA;Acessar a via sem observar a presen�a dos outros ve�culos;Colis�o transversal;Com V�timas Feridas;Pleno dia;Decrescente;C�u Claro;Simples;Reta;N�o;2;0;1;0;1;0;1;2;-22,74158641;-43,7059924;SPRF-RJ;DEL06-RJ;UOP02-DEL06-RJ;;;
733266;20/11/2025;quinta-feira;16:30:00;MS;163;95;ITAQUIRAI;Demais falhas mec�nicas ou el�tricas;Inc�ndio;Sem V�timas;Pleno dia;Crescente;C�u Claro;Simples;"Aclive;Reta";N�o;55;0;0;0;55;0;0;1;-23,325237;-54,219151;SPRF-MS;DEL09-MS;UOP01-DEL09-MS;;;
733267;20/11/2025;quinta-feira;18:20:00;SC;101;2;GARUVA;Rea��o tardia ou ineficiente do condutor;Sa�da de leito carro��vel;Com V�timas Feridas;Anoitecer;Crescente;Nublado;Dupla;"Aclive;Curva";N�o;1;0;1;0;0;0;1;1;-25,99966613;-48,87722818;SPRF-SC;DEL03-SC;UOP01-DEL03-SC;;;
733268;20/11/2025;quinta-feira;21:15:00;RS;158;262;JULIO DE CASTILHOS;Demais falhas na via;Sa�da de leito carro��vel;Com V�timas Feridas;Plena Noite;Crescente;C�u Claro;Simples;Reta;N�o;3;0;1;0;2;0;1;1;-29,219814;-53,670125;SPRF-RS;DEL10-RS;UOP02-DEL10-RS;;;
733270;20/11/2025;quinta-feira;17:30:00;MG;146;475,7;POCOS DE CALDAS;Rea��o tardia ou ineficiente do condutor;Colis�o transversal;Com V�timas Feridas;Pleno dia;Crescente;C�u Claro;Simples;"Curva;Declive";N�o;4;0;0;2;2;0;2;2;-21,75780578;-46,40564919;SPRF-MG;DEL09-MG;UOP01-DEL09-MG;;;
733271;20/11/2025;quinta-feira;18:30:00;RJ;101;417;MANGARATIBA;Demais falhas mec�nicas ou el�tricas;Queda de ocupante de ve�culo;Com V�timas Feridas;Amanhecer;Crescente;C�u Claro;Simples;"Aclive;Curva";N�o;1;0;1;0;0;0;1;1;-22,9164567;-43,91096815;SPRF-RJ;DEL03-RJ;UOP02-DEL03-RJ;;;
733272;20/11/2025;quinta-feira;20:40:00;PR;163;20;SANTO ANTONIO DO SUDOESTE;Convers�o proibida;Colis�o frontal;Com V�timas Feridas;Plena Noite;Decrescente;C�u Claro;Simples;Reta;N�o;2;0;1;0;1;0;1;2;-26,17026756;-53,67147446;SPRF-PR;DEL02-PR;UOP02-DEL02-PR;;;
733273;20/11/2025;quinta-feira;20:30:00;SC;282;44,6;AGUAS MORNAS;Rea��o tardia ou ineficiente do condutor;Tombamento;Com V�timas Feridas;Plena Noite;Crescente;Nublado;Simples;"Aclive;Curva";N�o;1;0;0;1;0;0;1;1;-27,719319;-48,912627;SPRF-SC;DEL01-SC;UOP03-DEL01-SC;;;
733274;20/11/2025;quinta-feira;21:35:00;ES;101;245;SERRA;Rea��o tardia ou ineficiente do condutor;Queda de ocupante de ve�culo;Com V�timas Feridas;Plena Noite;Crescente;Nublado;Simples;Declive;N�o;1;0;1;0;0;0;1;1;-20,04007795;-40,39273658;SPRF-ES;DEL02-ES;UOP01-DEL02-ES;;;
733275;20/11/2025;quinta-feira;21:15:00;PR;116;141;MANDIRITUBA;Ingest�o de �lcool pelo condutor;Colis�o com objeto;Sem V�timas;Plena Noite;Crescente;C�u Claro;Dupla;Reta;N�o;1;0;0;0;1;0;0;1;-25,773173;-49,323247;SPRF-PR;DEL01-PR;UOP03-DEL01-PR;;;
733276;20/11/2025;quinta-feira;21:45:00;RJ;116;178;SAO JOAO DE MERITI;Animais na Pista;Atropelamento de Animal;Com V�timas Fatais;Plena Noite;Decrescente;Nublado;Dupla;Reta;Sim;1;1;0;0;0;0;0;1;-22,77957358;-43,39464124;SPRF-RJ;DEL06-RJ;UOP01-DEL06-RJ;;;
733277;20/11/2025;quinta-feira;21:50:00;RS;116;146;CAXIAS DO SUL;Acesso irregular;Colis�o transversal;Com V�timas Feridas;Plena Noite;Decrescente;C�u Claro;Dupla;Reta;Sim;3;0;0;1;2;0;1;2;-29,14554086;-51,1396393;SPRF-RS;DEL05-RS;UOP01-DEL05-RS;;;
733279;20/11/2025;quinta-feira;16:50:00;GO;153;428;ANAPOLIS;Velocidade Incompat�vel;Colis�o traseira;Com V�timas Feridas;Pleno dia;Crescente;C�u Claro;Dupla;"Reta;Retorno Regulamentado";Sim;2;0;0;1;1;0;1;2;-16,2545;-48,99248;SPRF-GO;DEL02-GO;UOP01-DEL02-GO;;;
733280;20/11/2025;quinta-feira;22:15:00;SC;101;193,5;BIGUACU;Aus�ncia de rea��o do condutor;Colis�o traseira;Com V�timas Feridas;Plena Noite;Decrescente;Nublado;M�ltipla;Reta;Sim;2;0;1;1;0;0;2;1;-27,4948428;-48,6568993;SPRF-SC;DEL01-SC;UOP01-DEL01-SC;;;
733281;20/11/2025;quinta-feira;21:45:00;PA;230;117,3;MARABA;Avarias e/ou desgaste excessivo no pneu;Tombamento;Com V�timas Feridas;Plena Noite;Decrescente;Nublado;Dupla;"Reta;Declive";Sim;1;0;1;0;0;0;1;1;-5,355373;-49,091418;SPRF-PA;DEL03-PA;UOP01-DEL03-PA;;;
733282;20/11/2025;quinta-feira;22:10:00;PR;369;154;LONDRINA;Aus�ncia de rea��o do condutor;Colis�o traseira;Com V�timas Feridas;Plena Noite;Crescente;C�u Claro;Dupla;Curva;Sim;3;0;1;0;2;0;1;2;-23,29796651;-51,19408814;SPRF-PR;DEL07-PR;UOP01-DEL07-PR;;;
733287;20/11/2025;quinta-feira;19:15:00;MA;10;178;CAMPESTRE DO MARANHAO;Acessar a via sem observar a presen�a dos outros ve�culos;Colis�o transversal;Com V�timas Fatais;Plena Noite;Decrescente;Chuva;Simples;Reta;N�o;2;1;0;0;1;0;0;2;-6,15865;-47,36777;SPRF-MA;DEL04-MA;UOP02-DEL04-MA;;;
733288;20/11/2025;quinta-feira;19:50:00;MT;364;265;JUSCIMEIRA;Rea��o tardia ou ineficiente do condutor;Capotamento;Com V�timas Feridas;Plena Noite;Decrescente;Nublado;Dupla;"Reta;Retorno Regulamentado";N�o;1;0;1;0;0;0;1;1;-16,02791768;-54,89252178;SPRF-MT;DEL02-MT;UOP01-DEL02-MT;;;
733291;20/11/2025;quinta-feira;21:00:00;MG;262;435,8;NOVA SERRANA;Rea��o tardia ou ineficiente do condutor;Colis�o traseira;Com V�timas Feridas;Plena Noite;Crescente;C�u Claro;Dupla;Reta;Sim;3;0;0;1;2;0;1;2;-19,874105;-44,955882;SPRF-MG;DEL08-MG;UOP03-DEL08-MG;;;
733292;20/11/2025;quinta-feira;17:20:00;SC;101;145;ITAPEMA;Rea��o tardia ou ineficiente do condutor;Tombamento;Com V�timas Feridas;Pleno dia;Decrescente;C�u Claro;Dupla;"Aclive;Reta";N�o;1;0;1;0;0;0;1;1;-27,08367172;-48,60406971;SPRF-SC;DEL04-SC;UOP03-DEL04-SC;;;
733293;20/11/2025;quinta-feira;19:20:00;PB;230;478;MARIZOPOLIS;Pedestre andava na pista;Atropelamento de Pedestre;Com V�timas Fatais;Plena Noite;Decrescente;C�u Claro;Simples;Reta;N�o;2;1;0;0;0;1;0;2;-6,843485;-38,338998;SPRF-PB;DEL03-PB;UOP03-DEL03-PB;;;
733295;20/11/2025;quinta-feira;18:25:00;RJ;116;135;MAGE;Aus�ncia de rea��o do condutor;Queda de ocupante de ve�culo;Com V�timas Feridas;Anoitecer;Decrescente;C�u Claro;Dupla;Reta;Sim;1;0;0;1;0;0;1;1;-22,65013578;-43,17180634;SPRF-RJ;DEL04-RJ;UOP02-DEL04-RJ;;;
733301;20/11/2025;quinta-feira;23:00:00;RJ;40;108;DUQUE DE CAXIAS;Aus�ncia de rea��o do condutor;Tombamento;Com V�timas Feridas;Plena Noite;Crescente;Nublado;Simples;Reta;N�o;2;0;1;0;1;0;1;1;-22,66936979;-43,28578301;SPRF-RJ;DEL01-RJ;UOP02-DEL01-RJ;;;
733302;20/11/2025;quinta-feira;22:40:00;PI;343;305;ALTOS;Aus�ncia de rea��o do condutor;Colis�o lateral mesmo sentido;Com V�timas Feridas;Plena Noite;Decrescente;Chuva;Simples;Reta;Sim;2;0;1;1;0;0;2;2;-5,03576736;-42,44524956;SPRF-PI;DEL01-PI;UOP01-DEL01-PI;;;
733303;20/11/2025;quinta-feira;23:55:00;PB;230;271,1;JUNCO DO SERIDO;Ultrapassagem Indevida;Colis�o lateral mesmo sentido;Sem V�timas;Plena Noite;Crescente;C�u Claro;Simples;Curva;N�o;2;0;0;0;1;1;0;2;-6,959775;-36,808255;SPRF-PB;DEL03-PB;UOP01-DEL03-PB;;;
733305;20/11/2025;quinta-feira;21:38:00;RJ;101;500,8;ANGRA DOS REIS;Aus�ncia de rea��o do condutor;Tombamento;Com V�timas Feridas;Plena Noite;Crescente;C�u Claro;Simples;Curva;N�o;2;0;0;1;1;0;1;1;-22,922257;-44,356887;SPRF-RJ;DEL03-RJ;UOP03-DEL03-RJ;;;
733310;21/11/2025;sexta-feira;01:00:00;RS;386;30,5;FREDERICO WESTPHALEN;Aus�ncia de rea��o do condutor;Sa�da de leito carro��vel;Com V�timas Feridas;Plena Noite;Crescente;C�u Claro;Simples;Curva;N�o;1;0;1;0;0;0;1;1;-27,337462;-53,38356;SPRF-RS;DEL08-RS;UOP02-DEL08-RS;;;
733313;20/11/2025;quinta-feira;22:30:00;AM;174;972;MANAUS;Objeto est�tico sobre o leito carro��vel;Sa�da de leito carro��vel;Com V�timas Feridas;Plena Noite;Crescente;Nublado;Simples;"Reta;Aclive";N�o;5;0;4;1;0;0;5;1;-2,20180896;-60,01904011;SPRF-AM;DEL01-AM;UOP02-DEL01-AM;;;
733314;21/11/2025;sexta-feira;01:40:00;MG;50;8;ARAGUARI;Aus�ncia de rea��o do condutor;Sa�da de leito carro��vel;Sem V�timas;Plena Noite;Decrescente;C�u Claro;Dupla;Declive;N�o;2;0;0;0;2;0;0;1;-18,4635604;-48,04984029;SPRF-MG;DEL15-MG;UOP02-DEL15-MG;;;
733315;21/11/2025;sexta-feira;02:30:00;SP;153;340;OURINHOS;Condutor Dormindo;Sa�da de leito carro��vel;Sem V�timas;Plena Noite;Crescente;C�u Claro;Simples;Reta;N�o;1;0;0;0;0;1;0;1;-22,9335795;-49,91214244;SPRF-SP;DEL07-SP;UOP03-DEL07-SP;;;
733317;21/11/2025;sexta-feira;03:00:00;SC;101;365;SANGAO;Aus�ncia de rea��o do condutor;Sa�da de leito carro��vel;Sem V�timas;Plena Noite;Crescente;C�u Claro;M�ltipla;Reta;N�o;1;0;0;0;0;1;0;1;-28,68831239;-49,15891579;SPRF-SC;DEL02-SC;UOP01-DEL02-SC;;;
733318;21/11/2025;sexta-feira;03:00:00;GO;50;280,1;CATALAO;Velocidade Incompat�vel;Colis�o com objeto;Com V�timas Feridas;Plena Noite;Crescente;C�u Claro;Dupla;"Desvio Tempor�rio;Em Obras";Sim;1;0;1;0;0;0;1;1;-18,17898321;-47,93736219;SPRF-GO;DEL06-GO;UOP01-DEL06-GO;;;
733320;21/11/2025;sexta-feira;00:10:00;GO;60;285;JANDAIA;Aus�ncia de rea��o do condutor;Sa�da de leito carro��vel;Com V�timas Feridas;Plena Noite;Decrescente;C�u Claro;Dupla;Reta;N�o;1;0;1;0;0;0;1;1;-17,20997025;-50,14608622;SPRF-GO;DEL04-GO;UOP02-DEL04-GO;;;
733321;20/11/2025;quinta-feira;17:40:00;RJ;101;465;ANGRA DOS REIS;Demais falhas mec�nicas ou el�tricas;Inc�ndio;Sem V�timas;Pleno dia;Decrescente;Nublado;Simples;Curva;N�o;1;0;0;0;1;0;0;1;-23,012438;-44,209194;SPRF-RJ;DEL03-RJ;UOP03-DEL03-RJ;;;
733322;21/11/2025;sexta-feira;05:40:00;MG;381;367;SAO GONCALO DO RIO ABAIXO;Velocidade Incompat�vel;Queda de ocupante de ve�culo;Com V�timas Feridas;Amanhecer;Crescente;C�u Claro;Simples;Reta;N�o;1;0;1;0;0;0;1;1;-19,850879;-43,284055;SPRF-MG;DEL03-MG;UOP01-DEL03-MG;;;
733332;10/07/2025;quinta-feira;01:39:00;PE;101;82;JABOATAO DOS GUARARAPES;Pedestre andava na pista;Atropelamento de Pedestre;Com V�timas Fatais;Plena Noite;Decrescente;Chuva;Dupla;Reta;Sim;2;1;0;0;1;0;0;2;-8,166747;-34,938202;SPRF-PE;DEL01-PE;UOP01-DEL01-PE;;;
733333;21/11/2025;sexta-feira;06:45:00;ES;101;296;CARIACICA;Manobra de mudan�a de faixa;Colis�o lateral mesmo sentido;Com V�timas Feridas;Pleno dia;Crescente;C�u Claro;Dupla;"Curva;Viaduto";Sim;2;0;0;1;1;0;1;2;-20,34336949;-40,40617252;SPRF-ES;DEL01-ES;UOP01-DEL01-ES;;;
733334;21/11/2025;sexta-feira;06:00:00;PE;232;207,7;PESQUEIRA;Manobra de mudan�a de faixa;Colis�o transversal;Com V�timas Feridas;Pleno dia;Crescente;C�u Claro;Simples;"Aclive;Reta";Sim;2;0;1;0;0;1;1;2;-8,368261;-36,67728;SPRF-PE;DEL03-PE;UOP02-DEL03-PE;;;
733336;21/11/2025;sexta-feira;07:35:00;PR;116;115;CURITIBA;Trafegar com motocicleta (ou similar) entre as faixas;Colis�o traseira;Com V�timas Feridas;Pleno dia;Decrescente;C�u Claro;M�ltipla;Reta;Sim;4;0;2;0;2;0;2;2;-25,547934;-49,303978;SPRF-PR;DEL01-PR;UOP03-DEL01-PR;;;
733339;21/11/2025;sexta-feira;07:40:00;PR;369;150;LONDRINA;Condutor deixou de manter dist�ncia do ve�culo da frente;Colis�o traseira;Sem V�timas;Pleno dia;Crescente;Sol;Dupla;Reta;Sim;4;0;0;0;4;0;0;3;-23,29280829;-51,16115467;SPRF-PR;DEL07-PR;UOP01-DEL07-PR;;;
733340;21/11/2025;sexta-feira;07:30:00;DF;70;19;BRASILIA;Acessar a via sem observar a presen�a dos outros ve�culos;Colis�o lateral mesmo sentido;Com V�timas Feridas;Pleno dia;Decrescente;C�u Claro;Dupla;Reta;N�o;2;0;1;0;1;0;1;2;-15,789303;-48,221553;SPRF-DF;DEL03-DF;UOP02-DEL03-DF;;;
733341;21/11/2025;sexta-feira;07:15:00;SP;116;110;TAUBATE;Manobra de mudan�a de faixa;Colis�o lateral mesmo sentido;Com V�timas Feridas;Pleno dia;Decrescente;C�u Claro;Dupla;Reta;Sim;2;0;1;0;0;1;1;2;-23,03493193;-45,55375949;SPRF-SP;DEL02-SP;UOP02-DEL02-SP;;;
733343;21/11/2025;sexta-feira;07:15:00;ES;101;157,9;LINHARES;Ingest�o de subst�ncias psicoativas pelo condutor;Colis�o lateral mesmo sentido;Sem V�timas;Pleno dia;Decrescente;C�u Claro;Dupla;Reta;N�o;5;0;0;0;5;0;0;2;-19,46076496;-40,10477989;SPRF-ES;DEL04-ES;UOP01-DEL04-ES;;;
733344;21/11/2025;sexta-feira;07:45:00;RN;101;68;EXTREMOZ;Animais na Pista;Atropelamento de Animal;Com V�timas Feridas;Pleno dia;Crescente;C�u Claro;Simples;Reta;N�o;1;0;1;0;0;0;1;1;-5,665207;-35,251923;SPRF-RN;DEL02-RN;UOP01-DEL02-RN;;;
733346;21/11/2025;sexta-feira;07:45:00;SC;101;134;BALNEARIO CAMBORIU;Desrespeitar a prefer�ncia no cruzamento;Colis�o transversal;Com V�timas Feridas;Pleno dia;Decrescente;C�u Claro;Dupla;"Reta;Interse��o de Vias";Sim;2;0;0;1;1;0;1;2;-26,99943115;-48,6460387;SPRF-SC;DEL04-SC;UOP03-DEL04-SC;;;
733348;20/11/2025;quinta-feira;23:10:00;SP;116;334;JUQUITIBA;Objeto est�tico sobre o leito carro��vel;Colis�o com objeto;Sem V�timas;Plena Noite;Crescente;C�u Claro;Dupla;"Declive;Curva";N�o;2;0;0;0;2;0;0;1;-23,97063098;-47,13411036;SPRF-SP;DEL04-SP;UOP03-DEL04-SP;;;
733349;20/11/2025;quinta-feira;18:30:00;RJ;116;87;TERESOPOLIS;Velocidade Incompat�vel;Tombamento;Com V�timas Feridas;Plena Noite;Crescente;Nublado;Simples;Reta;N�o;1;0;1;0;0;0;1;1;-22,44103309;-42,9517082;SPRF-RJ;DEL04-RJ;UOP01-DEL04-RJ;;;
733350;21/11/2025;sexta-feira;08:45:00;PI;343;10;PARNAIBA;Desrespeitar a prefer�ncia no cruzamento;Colis�o transversal;Com V�timas Feridas;Pleno dia;Crescente;Sol;Simples;Reta;Sim;2;0;1;0;1;0;1;2;-2,90257519;-41,74500559;SPRF-PI;DEL05-PI;UOP01-DEL05-PI;;;
733351;21/11/2025;sexta-feira;08:00:00;ES;101;146;LINHARES;Acessar a via sem observar a presen�a dos outros ve�culos;Colis�o lateral mesmo sentido;Com V�timas Feridas;Pleno dia;Crescente;C�u Claro;Dupla;Reta;Sim;2;0;1;0;1;0;1;2;-19,3824921;-40,06725565;SPRF-ES;DEL04-ES;UOP01-DEL04-ES;;;
733352;20/11/2025;quinta-feira;23:18:00;MT;163;1059;GUARANTA DO NORTE;Rea��o tardia ou ineficiente do condutor;Colis�o traseira;Com V�timas Fatais;Plena Noite;Crescente;Chuva;Simples;Reta;Sim;4;1;0;1;2;0;1;2;-10,002086;-54,907588;SPRF-MT;DEL06-MT;UOP03-DEL06-MT;;;
733353;21/11/2025;sexta-feira;08:30:00;DF;70;13;BRASILIA;Rea��o tardia ou ineficiente do condutor;Colis�o traseira;Com V�timas Feridas;Pleno dia;Decrescente;C�u Claro;Dupla;Reta;Sim;2;0;1;0;1;0;1;2;-15,79642652;-48,17127049;SPRF-DF;DEL03-DF;UOP02-DEL03-DF;;;
733354;21/11/2025;sexta-feira;07:38:00;RJ;116;188;NOVA IGUACU;Aus�ncia de rea��o do condutor;Colis�o traseira;Com V�timas Feridas;Pleno dia;Decrescente;C�u Claro;M�ltipla;Reta;Sim;3;0;1;0;2;0;1;3;-22,73776077;-43,4911766;SPRF-RJ;DEL06-RJ;UOP01-DEL06-RJ;;;
733356;21/11/2025;sexta-feira;08:35:00;PR;272;368;CAMPO MOURAO;Acesso irregular;Colis�o transversal;Com V�timas Feridas;Pleno dia;Crescente;C�u Claro;Simples;Reta;Sim;3;0;1;0;2;0;1;2;-24,05672231;-52,41508739;SPRF-PR;DEL09-PR;UOP03-DEL09-PR;;;
733357;21/11/2025;sexta-feira;08:35:00;CE;116;301;JAGUARIBE;Animais na Pista;Atropelamento de Animal;Com V�timas Feridas;Pleno dia;Crescente;C�u Claro;Simples;Reta;N�o;2;0;2;0;0;0;2;1;-5,85522384;-38,58985774;SPRF-CE;DEL05-CE;UOP02-DEL05-CE;;;
733358;21/11/2025;sexta-feira;01:00:00;PA;10;18;DOM ELISEU;Acesso irregular;Colis�o transversal;Com V�timas Feridas;Plena Noite;Crescente;C�u Claro;Simples;"Interse��o de Vias;Reta";Sim;3;0;1;1;0;1;2;2;-4,29306341;-47,55703066;SPRF-PA;DEL02-PA;UOP02-DEL02-PA;;;
733359;21/11/2025;sexta-feira;07:50:00;BA;367;24;PORTO SEGURO;Acessar a via sem observar a presen�a dos outros ve�culos;Colis�o transversal;Com V�timas Feridas;Pleno dia;Decrescente;C�u Claro;Simples;Reta;Sim;3;0;0;2;1;0;2;2;-16,438;-39,088758;SPRF-BA;DEL09-BA;UOP03-DEL09-BA;;;
733361;21/11/2025;sexta-feira;08:35:00;SC;101;2,1;ARARANGUA;Acessar a via sem observar a presen�a dos outros ve�culos;Colis�o transversal;Com V�timas Feridas;Pleno dia;Crescente;C�u Claro;M�ltipla;Interse��o de Vias;Sim;2;0;0;1;1;0;1;2;-28,938873;-49,497155;SPRF-SC;DEL02-SC;UOP02-DEL02-SC;;;
733362;21/11/2025;sexta-feira;05:50:00;ES;101;293;CARIACICA;Avarias e/ou desgaste excessivo no pneu;Tombamento;Com V�timas Feridas;Amanhecer;Decrescente;C�u Claro;M�ltipla;Reta;Sim;2;0;2;0;0;0;2;1;-20,31615636;-40,39581656;SPRF-ES;DEL01-ES;UOP01-DEL01-ES;;;
733363;21/11/2025;sexta-feira;08:00:00;SC;116;246;LAGES;Rea��o tardia ou ineficiente do condutor;Colis�o lateral mesmo sentido;Com V�timas Feridas;Pleno dia;Decrescente;Sol;Simples;"Interse��o de Vias;Reta;Declive";Sim;2;0;1;0;1;0;1;2;-27,8043267;-50,3651118;SPRF-SC;DEL05-SC;UOP02-DEL05-SC;;;
733364;21/11/2025;sexta-feira;07:00:00;RJ;116;174;RIO DE JANEIRO;Velocidade Incompat�vel;Atropelamento de Pedestre;Com V�timas Feridas;Pleno dia;Decrescente;C�u Claro;Dupla;Reta;Sim;1;0;1;0;0;0;1;1;-22,8044466;-43,3450543;SPRF-RJ;DEL06-RJ;UOP01-DEL06-RJ;;;
733366;20/11/2025;quinta-feira;23:30:00;RJ;116;183;NOVA IGUACU;Ingest�o de �lcool pelo condutor;Sa�da de leito carro��vel;Com V�timas Feridas;Plena Noite;Crescente;C�u Claro;Dupla;"Reta;Em Obras";Sim;6;0;1;2;3;0;3;2;-22,75039802;-43,44045036;SPRF-RJ;DEL06-RJ;UOP01-DEL06-RJ;;;
733368;21/11/2025;sexta-feira;09:10:00;PE;428;187,5;PETROLINA;Ingest�o de �lcool pelo condutor;Colis�o com objeto;Sem V�timas;Pleno dia;Crescente;Nublado;Dupla;Reta;Sim;1;0;0;0;1;0;0;1;-9,3699365;-40,4859883;SPRF-PE;DEL06-PE;UOP01-DEL06-PE;;;
733371;21/11/2025;sexta-feira;10:15:00;SC;101;206,2;SAO JOSE;Condutor deixou de manter dist�ncia do ve�culo da frente;Colis�o traseira;Com V�timas Feridas;Pleno dia;Crescente;C�u Claro;M�ltipla;Reta;Sim;2;0;0;1;1;0;1;2;-27,5992217;-48,6218605;SPRF-SC;DEL01-SC;UOP01-DEL01-SC;;;
733372;21/11/2025;sexta-feira;09:32:00;MT;364;270;JACIARA;Rea��o tardia ou ineficiente do condutor;Queda de ocupante de ve�culo;Com V�timas Feridas;Pleno dia;Crescente;C�u Claro;Dupla;Reta;Sim;1;0;0;1;0;0;1;1;-15,969862;-54,95695;SPRF-MT;DEL05-MT;UOP02-DEL05-MT;;;
733377;21/11/2025;sexta-feira;09:30:00;MS;262;304,6;CAMPO GRANDE;Aus�ncia de sinaliza��o;Sa�da de leito carro��vel;Com V�timas Feridas;Pleno dia;Decrescente;C�u Claro;Simples;Reta;N�o;3;0;3;0;0;0;3;1;-20,486633;-54,333404;SPRF-MS;DEL01-MS;UOP01-DEL01-MS;;;
733378;21/11/2025;sexta-feira;11:00:00;PA;230;120;MARABA;Condutor deixou de manter dist�ncia do ve�culo da frente;Engavetamento;Sem V�timas;Pleno dia;Crescente;C�u Claro;Dupla;"Reta;Em Obras;Ponte";Sim;5;0;0;0;5;0;0;5;-5,35675433;-49,12258744;SPRF-PA;DEL03-PA;UOP01-DEL03-PA;;;
733379;21/11/2025;sexta-feira;11:20:00;PB;230;404,9;POMBAL;Animais na Pista;Tombamento;Com V�timas Feridas;Pleno dia;Crescente;C�u Claro;Simples;Curva;Sim;1;0;1;0;0;0;1;1;-6,785187;-37,797755;SPRF-PB;DEL03-PB;UOP02-DEL03-PB;;;