id;data_inversa;dia_semana;horario;uf;br;km;municipio;causa_acidente;tipo_acidente;classificacao_acidente;fase_dia;sentido_via;condicao_metereologica;tipo_pista;tracado_via;uso_solo;pessoas;mortos;feridos_leves;feridos_graves;ilesos;ignorados;feridos;veiculos;latitude;longitude;regional;delegacia;uop;;;
733384;21/11/2025;sexta-feira;11:50:00;SE;235;45,6;ITABAIANA;Ultrapassagem Indevida;Colis�o frontal;Com V�timas Fatais;Pleno dia;Crescente;Nublado;Simples;Reta;N�o;3;3;0;0;0;0;0;2;-10,741313;-37,404255;SPRF-SE;DEL01-SE;UOP02-DEL01-SE;;;
733385;21/11/2025;sexta-feira;08:14:00;CE;222;119;ITAPAJE;Aus�ncia de rea��o do condutor;Sa�da de leito carro��vel;Sem V�timas;Pleno dia;Crescente;C�u Claro;Simples;"Curva;Aclive";N�o;1;0;0;0;0;1;0;1;-3,67534;-39,57414;SPRF-CE;DEL04-CE;UOP03-DEL04-CE;;;
733387;21/11/2025;sexta-feira;12:25:00;RS;290;87;PORTO ALEGRE;Acumulo de areia ou detritos sobre o pavimento;Colis�o com objeto;Com V�timas Feridas;Pleno dia;Crescente;C�u Claro;M�ltipla;Reta;N�o;1;0;1;0;0;0;1;1;-29,96797086;-51,12350464;SPRF-RS;DEL01-RS;UOP01-DEL01-RS;;;
733388;21/11/2025;sexta-feira;12:30:00;MG;116;800,9;ALEM PARAIBA;Aus�ncia de rea��o do condutor;Colis�o traseira;Com V�timas Feridas;Pleno dia;Crescente;C�u Claro;Simples;Reta;Sim;3;0;1;0;2;0;1;2;-21,807224;-42,702227;SPRF-MG;DEL07-MG;UOP01-DEL07-MG;;;
733389;21/11/2025;sexta-feira;12:00:00;SC;101;425,2;ARARANGUA;Transitar na contram�o;Colis�o frontal;Com V�timas Feridas;Pleno dia;Decrescente;C�u Claro;Simples;Reta;Sim;2;0;1;0;1;0;1;2;-29,02601239;-49,59977757;SPRF-SC;DEL02-SC;UOP02-DEL02-SC;;;
733391;21/11/2025;sexta-feira;12:00:00;SP;116;92;APARECIDA;Avarias e/ou desgaste excessivo no pneu;Tombamento;Com V�timas Feridas;Pleno dia;Crescente;C�u Claro;Dupla;Reta;N�o;1;0;1;0;0;0;1;1;-22,8582501;-45,233166;SPRF-SP;DEL08-SP;UOP01-DEL08-SP;;;
733392;21/11/2025;sexta-feira;12:23:00;PE;232;251;ARCOVERDE;Condutor deixou de manter dist�ncia do ve�culo da frente;Colis�o traseira;Sem V�timas;Pleno dia;Crescente;C�u Claro;Simples;Rotat�ria;N�o;4;0;0;0;4;0;0;2;-8,430595;-37,063703;SPRF-PE;DEL04-PE;UOP02-DEL04-PE;;;
733394;21/11/2025;sexta-feira;11:50:00;RS;287;247;SANTA MARIA;Acessar a via sem observar a presen�a dos outros ve�culos;Colis�o lateral mesmo sentido;Com V�timas Feridas;Pleno dia;Crescente;Sol;Dupla;Reta;Sim;2;0;1;0;1;0;1;2;-29,69976795;-53,84197712;SPRF-RS;DEL09-RS;UOP01-DEL09-RS;;;
733395;21/11/2025;sexta-feira;12:40:00;RJ;393;268;BARRA DO PIRAI;Manobra de mudan�a de faixa;Colis�o frontal;Com V�timas Feridas;Pleno dia;Crescente;Sol;Simples;"Aclive;Curva";N�o;5;0;2;3;0;0;5;2;-22,4762344;-43,941927;SPRF-RJ;DEL05-RJ;UOP04-DEL05-RJ;;;
733396;21/11/2025;sexta-feira;12:52:00;ES;262;16;VIANA;Acessar a via sem observar a presen�a dos outros ve�culos;Colis�o lateral mesmo sentido;Com V�timas Feridas;Pleno dia;Crescente;C�u Claro;Simples;Reta;Sim;3;0;1;1;1;0;2;2;-20,3840281;-40,46566582;SPRF-ES;DEL01-ES;UOP01-DEL01-ES;;;
733397;21/11/2025;sexta-feira;12:50:00;PI;343;309;ALTOS;Aus�ncia de rea��o do condutor;Colis�o transversal;Com V�timas Feridas;Pleno dia;Decrescente;C�u Claro;Simples;Reta;N�o;3;0;1;0;2;0;1;2;-5,0402546;-42,4805164;SPRF-PI;DEL01-PI;UOP01-DEL01-PI;;;
733399;21/11/2025;sexta-feira;14:21:00;RS;386;281,3;SAO JOSE DO HERVAL;Afundamento ou ondula��o no pavimento;Tombamento;Com V�timas Feridas;Pleno dia;Crescente;C�u Claro;Simples;Reta;Sim;1;0;0;1;0;0;1;1;-29,0381707;-52,29776502;SPRF-RS;DEL04-RS;UOP03-DEL04-RS;;;
733400;21/11/2025;sexta-feira;09:00:00;PA;230;149;MARABA;Aus�ncia de rea��o do condutor;Colis�o traseira;Com V�timas Fatais;Pleno dia;Decrescente;C�u Claro;Simples;Reta;N�o;2;1;0;0;1;0;0;2;-5,3210471;-49,24381256;SPRF-PA;DEL03-PA;UOP01-DEL03-PA;;;
733401;21/11/2025;sexta-feira;11:20:00;RJ;393;106;SAPUCAIA;Convers�o proibida;Colis�o transversal;Com V�timas Feridas;Pleno dia;Crescente;C�u Claro;Simples;Curva;N�o;3;0;2;1;0;0;3;2;-21,87767022;-42,66955089;SPRF-RJ;DEL05-RJ;UOP01-DEL05-RJ;;;
733402;21/11/2025;sexta-feira;14:25:00;PR;467;102,2;CASCAVEL;Manobra de mudan�a de faixa;Capotamento;Com V�timas Feridas;Pleno dia;Decrescente;C�u Claro;Dupla;"Reta;Declive";N�o;1;0;1;0;0;0;1;1;-24,89934058;-53,5297668;SPRF-PR;DEL04-PR;UOP01-DEL04-PR;;;
733403;21/11/2025;sexta-feira;13:50:00;PI;343;340;TERESINA;Aus�ncia de rea��o do condutor;Colis�o traseira;Sem V�timas;Pleno dia;Decrescente;C�u Claro;Dupla;"Reta;Interse��o de Vias";Sim;2;0;0;0;1;1;0;2;-5,07454128;-42,73645073;SPRF-PI;DEL01-PI;UOP01-DEL01-PI;;;
733406;21/11/2025;sexta-feira;11:30:00;MG;267;13;LEOPOLDINA;Rea��o tardia ou ineficiente do condutor;Sa�da de leito carro��vel;Com V�timas Feridas;Pleno dia;Decrescente;Sol;Simples;Curva;N�o;3;0;3;0;0;0;3;1;-21,580546;-42,726495;SPRF-MG;DEL07-MG;UOP01-DEL07-MG;;;
733411;21/11/2025;sexta-feira;15:20:00;MG;459;84,8;CONGONHAL;Acessar a via sem observar a presen�a dos outros ve�culos;Colis�o transversal;Com V�timas Feridas;Pleno dia;Decrescente;C�u Claro;Simples;Reta;N�o;2;0;0;1;1;0;1;2;-22,154045;-46,068465;SPRF-MG;DEL09-MG;UOP01-DEL09-MG;;;
733413;21/11/2025;sexta-feira;15:30:00;PB;230;19;JOAO PESSOA;Aus�ncia de rea��o do condutor;Colis�o lateral mesmo sentido;Com V�timas Feridas;Pleno dia;Decrescente;C�u Claro;Dupla;Aclive;Sim;4;0;1;2;1;0;3;3;-7,130112;-34,85086;SPRF-PB;DEL01-PB;UOP01-DEL01-PB;;;
733415;21/11/2025;sexta-feira;16:00:00;PR;277;31;MORRETES;Aus�ncia de rea��o do condutor;Queda de ocupante de ve�culo;Com V�timas Feridas;Pleno dia;Crescente;C�u Claro;Dupla;Curva;N�o;1;0;1;0;0;0;1;1;-25,561084;-48,809487;SPRF-PR;DEL01-PR;UOP05-DEL01-PR;;;
733416;21/11/2025;sexta-feira;07:34:00;PB;230;113;INGA;Rea��o tardia ou ineficiente do condutor;Sa�da de leito carro��vel;Com V�timas Feridas;Pleno dia;Decrescente;C�u Claro;Dupla;Reta;N�o;1;0;0;1;0;0;1;1;-7,21469;-35,5906;SPRF-PB;DEL01-PB;UOP02-DEL01-PB;;;
733417;21/11/2025;sexta-feira;16:00:00;SC;101;124;ITAJAI;Aus�ncia de rea��o do condutor;Colis�o traseira;Com V�timas Feridas;Pleno dia;Crescente;C�u Claro;Dupla;Reta;Sim;3;0;2;0;1;0;2;2;-26,945505;-48,688124;SPRF-SC;DEL04-SC;UOP04-DEL04-SC;;;
733419;21/11/2025;sexta-feira;14:01:00;CE;222;28,9;CAUCAIA;Rea��o tardia ou ineficiente do condutor;Tombamento;Com V�timas Fatais;Pleno dia;Decrescente;Sol;Dupla;"Retorno Regulamentado;Reta";N�o;1;1;0;0;0;0;0;1;-3,71394358;-38,81108594;SPRF-CE;DEL01-CE;UOP01-DEL01-CE;;;
733421;21/11/2025;sexta-feira;16:10:00;SP;488;2;APARECIDA;Rea��o tardia ou ineficiente do condutor;Atropelamento de Pedestre;Com V�timas Feridas;Pleno dia;Crescente;Sol;Dupla;Reta;Sim;2;0;1;0;1;0;1;2;-22,85148474;-45,23875801;SPRF-SP;DEL08-SP;UOP01-DEL08-SP;;;
733422;21/11/2025;sexta-feira;16:40:00;PR;116;1;CAMPINA GRANDE DO SUL;Rea��o tardia ou ineficiente do condutor;Capotamento;Com V�timas Feridas;Pleno dia;Crescente;C�u Claro;Simples;"Retorno Regulamentado;Curva;Declive";N�o;3;0;1;0;0;2;1;2;-25,346445;-49,046547;SPRF-PR;DEL01-PR;UOP02-DEL01-PR;;;
733423;21/11/2025;sexta-feira;16:00:00;SC;280;28,4;ARAQUARI;Trafegar com motocicleta (ou similar) entre as faixas;Colis�o transversal;Com V�timas Feridas;Pleno dia;Crescente;C�u Claro;Simples;Reta;Sim;3;0;1;1;1;0;2;2;-26,4070954;-48,7488117;SPRF-SC;DEL03-SC;UOP03-DEL03-SC;;;
733425;21/11/2025;sexta-feira;16:00:00;RJ;116;262;PIRAI;Rea��o tardia ou ineficiente do condutor;Colis�o traseira;Com V�timas Feridas;Pleno dia;Crescente;C�u Claro;M�ltipla;Reta;Sim;2;0;1;0;1;0;1;2;-22,58680064;-44,05772852;SPRF-RJ;DEL07-RJ;UOP02-DEL07-RJ;;;
733426;21/11/2025;sexta-feira;16:20:00;RJ;101;435;MANGARATIBA;Avarias e/ou desgaste excessivo no pneu;Colis�o frontal;Sem V�timas;Pleno dia;Decrescente;Sol;Simples;Reta;N�o;10;0;0;0;10;0;0;3;-22,93969558;-44,05278895;SPRF-RJ;DEL03-RJ;UOP02-DEL03-RJ;;;
733427;21/11/2025;sexta-feira;17:07:00;PE;101;69;RECIFE;Condutor deixou de manter dist�ncia do ve�culo da frente;Colis�o traseira;Com V�timas Feridas;Anoitecer;Decrescente;C�u Claro;Dupla;Reta;Sim;3;0;1;2;0;0;3;3;-8,05984;-34,94572;SPRF-PE;DEL01-PE;UOP01-DEL01-PE;;;
733428;21/11/2025;sexta-feira;14:30:00;RS;153;584;BAGE;Rea��o tardia ou ineficiente do condutor;Colis�o lateral mesmo sentido;Com V�timas Feridas;Pleno dia;Crescente;Nublado;Simples;"Curva;Aclive";N�o;4;0;1;0;3;0;1;2;-31,09377135;-53,73185635;SPRF-RS;DEL11-RS;UOP03-DEL11-RS;;;
733430;21/11/2025;sexta-feira;17:30:00;PA;230;12,4;ALTAMIRA;Acessar a via sem observar a presen�a dos outros ve�culos;Colis�o lateral mesmo sentido;Com V�timas Feridas;Pleno dia;Crescente;Nublado;Dupla;"Aclive;Reta";N�o;2;0;1;0;1;0;1;2;-3,2015895;-52,23778545;SPRF-PA;DEL04-PA;UOP01-DEL04-PA;;;
733431;21/11/2025;sexta-feira;17:00:00;SP;101;35;UBATUBA;Aus�ncia de rea��o do condutor;Colis�o traseira;Sem V�timas;Pleno dia;Crescente;C�u Claro;Simples;Reta;N�o;6;0;0;0;6;0;0;2;-23,39148;-44,999248;SPRF-SP;DEL06-SP;UOP01-DEL06-SP;;;
733433;21/11/2025;sexta-feira;17:30:00;AL;316;255;PILAR;Desrespeitar a prefer�ncia no cruzamento;Colis�o transversal;Com V�timas Feridas;Anoitecer;Crescente;C�u Claro;Simples;Reta;N�o;2;0;1;0;1;0;1;2;-9,59082346;-35,94362704;SPRF-AL;DEL02-AL;UOP01-DEL02-AL;;;
733435;21/11/2025;sexta-feira;17:20:00;SP;116;78;ROSEIRA;Condutor deixou de manter dist�ncia do ve�culo da frente;Engavetamento;Com V�timas Feridas;Pleno dia;Crescente;C�u Claro;Dupla;Reta;Sim;6;0;2;0;4;0;2;4;-22,88728175;-45,28451666;SPRF-SP;DEL08-SP;UOP01-DEL08-SP;;;
733436;21/11/2025;sexta-feira;16:55:00;MA;10;246;IMPERATRIZ;Ingest�o de �lcool pelo condutor;Colis�o transversal;Com V�timas Feridas;Pleno dia;Decrescente;C�u Claro;Simples;Reta;Sim;2;0;1;0;1;0;1;2;-5,576398;-47,442188;SPRF-MA;DEL04-MA;UOP01-DEL04-MA;;;
733440;21/11/2025;sexta-feira;17:15:00;RN;110;45,2;MOSSORO;Ultrapassagem Indevida;Colis�o frontal;Com V�timas Feridas;Pleno dia;Crescente;C�u Claro;Simples;Reta;Sim;2;0;1;0;1;0;1;2;-5,19441329;-37,31367946;SPRF-RN;DEL04-RN;UOP01-DEL04-RN;;;
733442;21/11/2025;sexta-feira;18:20:00;MG;365;0;MONTES CLAROS;Chuva;Tombamento;Com V�timas Feridas;Plena Noite;Decrescente;Chuva;Simples;Reta;Sim;3;0;2;0;1;0;2;2;-16,7639535;-43,8831866;SPRF-MG;DEL12-MG;UOP01-DEL12-MG;;;
733443;21/11/2025;sexta-feira;14:00:00;MS;262;773,4;CORUMBA;Rea��o tardia ou ineficiente do condutor;Colis�o lateral mesmo sentido;Com V�timas Feridas;Pleno dia;Crescente;Sol;Simples;Curva;Sim;2;0;1;0;1;0;1;2;-19,0341846;-57,650274;SPRF-MS;DEL03-MS;UOP03-DEL03-MS;;;
733444;21/11/2025;sexta-feira;15:45:00;SC;101;342;TUBARAO;Demais falhas mec�nicas ou el�tricas;Tombamento;Com V�timas Feridas;Pleno dia;Decrescente;C�u Claro;Dupla;Reta;Sim;2;0;2;0;0;0;2;1;-28,532524;-49,054437;SPRF-SC;DEL02-SC;UOP01-DEL02-SC;;;
733445;21/11/2025;sexta-feira;18:15:00;SC;101;205,2;SAO JOSE;Trafegar com motocicleta (ou similar) entre as faixas;Colis�o lateral mesmo sentido;Com V�timas Feridas;Anoitecer;Crescente;C�u Claro;M�ltipla;Reta;Sim;2;0;0;1;1;0;1;2;-27,59029146;-48,6178869;SPRF-SC;DEL01-SC;UOP01-DEL01-SC;;;
733447;21/11/2025;sexta-feira;16:30:00;PR;277;511;GUARANIACU;Acessar a via sem observar a presen�a dos outros ve�culos;Colis�o traseira;Com V�timas Feridas;Pleno dia;Crescente;C�u Claro;Simples;"Reta;Declive";N�o;2;0;1;0;1;0;1;2;-25,12356643;-52,75883675;SPRF-PR;DEL04-PR;UOP04-DEL04-PR;;;
733448;21/11/2025;sexta-feira;17:30:00;SC;101;107,5;PENHA;Trafegar com motocicleta (ou similar) entre as faixas;Colis�o traseira;Com V�timas Feridas;Pleno dia;Crescente;C�u Claro;M�ltipla;Reta;N�o;2;0;1;0;1;0;1;2;-26,81596878;-48,68346088;SPRF-SC;DEL03-SC;UOP02-DEL03-SC;;;
733449;21/11/2025;sexta-feira;18:00:00;RS;386;367;FAZENDA VILANOVA;Velocidade Incompat�vel;Sa�da de leito carro��vel;Com V�timas Feridas;Anoitecer;Crescente;C�u Claro;Simples;Curva;N�o;2;0;2;0;0;0;2;1;-29,5835428;-51,8366257;SPRF-RS;DEL04-RS;UOP01-DEL04-RS;;;
733451;21/11/2025;sexta-feira;15:39:00;MT;163;102;RONDONOPOLIS;Aus�ncia de rea��o do condutor;Queda de ocupante de ve�culo;Com V�timas Feridas;Pleno dia;Crescente;C�u Claro;Dupla;Viaduto;N�o;1;0;0;1;0;0;1;1;-16,637619;-54,69264;SPRF-MT;DEL02-MT;UOP03-DEL02-MT;;;
733455;21/11/2025;sexta-feira;18:40:00;RN;101;162;CANGUARETAMA;Ilumina��o deficiente;Atropelamento de Animal;Com V�timas Feridas;Plena Noite;Crescente;C�u Claro;M�ltipla;"Reta;Declive";Sim;1;0;1;0;0;0;1;1;-6,38061308;-35,14745235;SPRF-RN;DEL01-RN;UOP01-DEL01-RN;;;
733458;21/11/2025;sexta-feira;18:54:00;BA;367;72,9;EUNAPOLIS;Rea��o tardia ou ineficiente do condutor;Colis�o transversal;Com V�timas Feridas;Plena Noite;Crescente;C�u Claro;Simples;"Reta;Ponte";N�o;2;0;1;0;1;0;1;2;-16,384828;-39,488947;SPRF-BA;DEL09-BA;UOP03-DEL09-BA;;;
733459;21/11/2025;sexta-feira;18:37:00;PB;230;8;CABEDELO;Aus�ncia de rea��o do condutor;Tombamento;Com V�timas Feridas;Plena Noite;Crescente;C�u Claro;M�ltipla;Viaduto;N�o;1;0;1;0;0;0;1;1;-7,04910496;-34,84828949;SPRF-PB;DEL01-PB;UOP01-DEL01-PB;;;
733460;21/11/2025;sexta-feira;17:50:00;PR;277;721;FOZ DO IGUACU;Mal s�bito do condutor;Sa�da de leito carro��vel;Com V�timas Feridas;Anoitecer;Crescente;C�u Claro;Dupla;Reta;Sim;1;0;0;1;0;0;1;1;-25,48625719;-54,49978727;SPRF-PR;DEL05-PR;UOP03-DEL05-PR;;;
733461;21/11/2025;sexta-feira;18:45:00;BA;110;200;CIPO;Acessar a via sem observar a presen�a dos outros ve�culos;Colis�o lateral mesmo sentido;Com V�timas Feridas;Plena Noite;Decrescente;C�u Claro;Simples;Reta;N�o;4;0;2;1;1;0;3;3;-11,061567;-38,510973;SPRF-BA;DEL07-BA;UOP02-DEL07-BA;;;
733462;21/11/2025;sexta-feira;17:30:00;CE;20;368,8;MARANGUAPE;Demais falhas mec�nicas ou el�tricas;Eventos at�picos;Com V�timas Fatais;Anoitecer;Decrescente;Ignorado;Simples;Reta;N�o;2;1;1;0;0;0;1;1;-3,985502;-38,920758;SPRF-CE;DEL02-CE;UOP01-DEL02-CE;;;
733463;21/11/2025;sexta-feira;20:00:00;PR;277;36;MORRETES;Condutor deixou de manter dist�ncia do ve�culo da frente;Colis�o traseira;Com V�timas Feridas;Plena Noite;Crescente;C�u Claro;Dupla;Curva;N�o;2;0;1;0;1;0;1;2;-25,570594;-48,83858;SPRF-PR;DEL01-PR;UOP05-DEL01-PR;;;
733464;21/11/2025;sexta-feira;19:40:00;PR;116;131;FAZENDA RIO GRANDE;Aus�ncia de rea��o do condutor;Tombamento;Com V�timas Feridas;Plena Noite;Decrescente;C�u Claro;Dupla;Reta;Sim;1;0;1;0;0;0;1;1;-25,68637547;-49,31619863;SPRF-PR;DEL01-PR;UOP03-DEL01-PR;;;
733465;21/11/2025;sexta-feira;14:00:00;RJ;101;305;SAO GONCALO;Rea��o tardia ou ineficiente do condutor;Colis�o traseira;Com V�timas Feridas;Pleno dia;Decrescente;C�u Claro;Simples;Reta;Sim;2;0;1;0;1;0;1;2;-22,78805168;-42,99894333;SPRF-RJ;DEL02-RJ;UOP02-DEL02-RJ;;;
733466;21/11/2025;sexta-feira;20:00:00;MG;50;62;UBERLANDIA;Aus�ncia de rea��o do condutor;Sa�da de leito carro��vel;Com V�timas Feridas;Plena Noite;Decrescente;C�u Claro;Dupla;Reta;N�o;4;0;2;2;0;0;4;1;-18,832462;-48,249365;SPRF-MG;DEL15-MG;UOP02-DEL15-MG;;;
733467;21/11/2025;sexta-feira;19:40:00;DF;70;18;BRASILIA;Velocidade Incompat�vel;Colis�o transversal;Com V�timas Feridas;Plena Noite;Crescente;C�u Claro;Dupla;Reta;Sim;4;0;3;0;1;0;3;2;-15,789778;-48,215444;SPRF-DF;DEL03-DF;UOP02-DEL03-DF;;;
733470;21/11/2025;sexta-feira;20:10:00;SC;282;55,1;AGUAS MORNAS;Aus�ncia de rea��o do condutor;Sa�da de leito carro��vel;Com V�timas Feridas;Plena Noite;Crescente;C�u Claro;Simples;Curva;N�o;1;0;0;1;0;0;1;1;-27,689183;-48,984227;SPRF-SC;DEL01-SC;UOP03-DEL01-SC;;;
733471;21/11/2025;sexta-feira;20:10:00;DF;20;16;BRASILIA;Velocidade Incompat�vel;Colis�o com objeto;Sem V�timas;Plena Noite;Crescente;Nublado;Dupla;Reta;Sim;1;0;0;0;1;0;0;1;-15,630075;-47,732868;SPRF-DF;DEL02-DF;UOP01-DEL02-DF;;;
733472;21/11/2025;sexta-feira;18:25:00;PB;230;79;RIACHAO DO POCO;Aus�ncia de rea��o do condutor;Sa�da de leito carro��vel;Sem V�timas;Plena Noite;Decrescente;C�u Claro;Dupla;Reta;N�o;1;0;0;0;0;1;0;1;-7,18030503;-35,31336576;SPRF-PB;DEL01-PB;UOP02-DEL01-PB;;;
733473;21/11/2025;sexta-feira;20:10:00;SC;116;112,9;SANTA CECILIA;Rea��o tardia ou ineficiente do condutor;Sa�da de leito carro��vel;Com V�timas Feridas;Plena Noite;Decrescente;C�u Claro;Simples;"Reta;Declive";N�o;2;0;2;0;0;0;2;1;-26,784138;-50,345465;SPRF-SC;DEL06-SC;UOP02-DEL06-SC;;;
733474;21/11/2025;sexta-feira;20:20:00;GO;60;6,7;SANTO ANTONIO DO DESCOBERTO;Rea��o tardia ou ineficiente do condutor;Sa�da de leito carro��vel;Com V�timas Feridas;Plena Noite;Crescente;Nublado;Dupla;"Declive;Curva";N�o;1;0;1;0;0;0;1;1;-16,102488;-48,288673;SPRF-DF;DEL03-DF;UOP01-DEL03-DF;;;
733475;21/11/2025;sexta-feira;20:30:00;PI;316;6,6;TERESINA;Rea��o tardia ou ineficiente do condutor;Tombamento;Com V�timas Feridas;Plena Noite;Crescente;C�u Claro;M�ltipla;"Aclive;Reta";Sim;2;0;2;0;0;0;2;1;-5,15254;-42,77289;SPRF-PI;DEL01-PI;UOP02-DEL01-PI;;;
733476;21/11/2025;sexta-feira;21:05:00;MG;381;477;CONTAGEM;Aus�ncia de rea��o do condutor;Queda de ocupante de ve�culo;Com V�timas Feridas;Plena Noite;Crescente;C�u Claro;Dupla;Reta;Sim;2;0;1;0;1;0;1;1;-19,95753153;-44,02956454;SPRF-MG;DEL01-MG;UOP03-DEL01-MG;;;
733477;21/11/2025;sexta-feira;21:00:00;ES;101;263,9;SERRA;Condutor desrespeitou a ilumina��o vermelha do sem�foro;Atropelamento de Pedestre;Com V�timas Feridas;Plena Noite;Decrescente;Nublado;Dupla;"Interse��o de Vias;Reta";Sim;2;0;1;0;0;1;1;2;-20,17303671;-40,26733875;SPRF-ES;DEL02-ES;UOP01-DEL02-ES;;;
733478;21/11/2025;sexta-feira;19:20:00;RJ;40;51;PETROPOLIS;Acessar a via sem observar a presen�a dos outros ve�culos;Colis�o frontal;Com V�timas Feridas;Plena Noite;Decrescente;C�u Claro;Simples;"Retorno Regulamentado;Reta;Viaduto";N�o;2;0;0;1;1;0;1;2;-22,33332507;-43,1334829;SPRF-RJ;DEL05-RJ;UOP02-DEL05-RJ;;;
733479;21/11/2025;sexta-feira;20:30:00;AL;104;91;RIO LARGO;Entrada inopinada do pedestre;Atropelamento de Pedestre;Com V�timas Feridas;Plena Noite;Decrescente;C�u Claro;Dupla;Reta;Sim;2;0;1;1;0;0;2;2;-9,505846;-35,808904;SPRF-AL;DEL01-AL;UOP01-DEL01-AL;;;
733480;10/11/2025;segunda-feira;11:30:00;DF;20;8,8;BRASILIA;Condutor deixou de manter dist�ncia do ve�culo da frente;Colis�o traseira;Com V�timas Feridas;Pleno dia;Crescente;C�u Claro;Simples;"Interse��o de Vias;Reta";Sim;3;0;1;0;2;0;1;2;-15,65480989;-47,78299481;SPRF-DF;DEL02-DF;UOP01-DEL02-DF;;;
733482;21/11/2025;sexta-feira;20:30:00;ES;101;147;LINHARES;Condutor desrespeitou a ilumina��o vermelha do sem�foro;Colis�o transversal;Com V�timas Feridas;Plena Noite;Crescente;Nublado;Dupla;Interse��o de Vias;Sim;3;0;0;2;1;0;2;2;-19,38149277;-40,06710498;SPRF-ES;DEL04-ES;UOP01-DEL04-ES;;;
733483;21/11/2025;sexta-feira;20:50:00;PR;376;678,2;GUARATUBA;Pedestre andava na pista;Atropelamento de Pedestre;Com V�timas Fatais;Plena Noite;Crescente;Nublado;Dupla;Declive;N�o;5;1;0;0;4;0;0;2;-25,95087;-48,904893;SPRF-PR;DEL01-PR;UOP04-DEL01-PR;;;
733485;21/11/2025;sexta-feira;07:30:00;BA;324;594;CANDEIAS;Condutor Dormindo;Sa�da de leito carro��vel;Com V�timas Feridas;Pleno dia;Crescente;Chuva;M�ltipla;Reta;N�o;3;0;3;0;0;0;3;1;-12,719953;-38,451355;SPRF-BA;DEL01-BA;UOP01-DEL01-BA;;;
733488;21/11/2025;sexta-feira;19:00:00;BA;116;470,8;SANTO ESTEVAO;Chuva;Sa�da de leito carro��vel;Com V�timas Feridas;Plena Noite;Crescente;Chuva;Dupla;Reta;N�o;1;0;1;0;0;0;1;1;-12,4857081;-39,321733;SPRF-BA;DEL02-BA;UOP01-DEL02-BA;;;
733489;21/11/2025;sexta-feira;20:20:00;PI;343;305;ALTOS;Acessar a via sem observar a presen�a dos outros ve�culos;Colis�o frontal;Com V�timas Feridas;Plena Noite;Crescente;C�u Claro;Simples;Reta;Sim;4;0;3;0;0;1;3;3;-5,035708;-42,445325;SPRF-PI;DEL01-PI;UOP01-DEL01-PI;;;
733490;21/11/2025;sexta-feira;17:00:00;RS;116;189;PICADA CAFE;Aus�ncia de rea��o do condutor;Sa�da de leito carro��vel;Com V�timas Feridas;Pleno dia;Crescente;C�u Claro;Simples;Reta;Sim;1;0;1;0;0;0;1;1;-29,412377;-51,128637;SPRF-RS;DEL05-RS;UOP02-DEL05-RS;;;
733492;21/11/2025;sexta-feira;21:50:00;ES;101;267,9;SERRA;Rea��o tardia ou ineficiente do condutor;Colis�o traseira;Com V�timas Feridas;Plena Noite;Crescente;C�u Claro;M�ltipla;Reta;Sim;3;0;2;0;1;0;2;2;-20,207961;-40,269408;SPRF-ES;DEL02-ES;UOP01-DEL02-ES;;;
733493;21/11/2025;sexta-feira;20:30:00;RN;226;3;NATAL;Transitar na contram�o;Colis�o lateral sentido oposto;Com V�timas Feridas;Plena Noite;Crescente;C�u Claro;Simples;"Declive;Curva";Sim;4;0;1;0;3;0;1;3;-5,82201;-35,25271;SPRF-RN;DEL01-RN;UOP02-DEL01-RN;;;
733495;21/11/2025;sexta-feira;21:15:00;PR;369;19,6;CAMBARA;Convers�o proibida;Colis�o transversal;Com V�timas Feridas;Plena Noite;Crescente;C�u Claro;Simples;Reta;Sim;4;0;2;0;2;0;2;2;-23,03656337;-50,07990257;SPRF-PR;DEL07-PR;UOP05-DEL07-PR;;;
733496;21/11/2025;sexta-feira;15:56:00;MA;402;31;AXIXA;Condutor Dormindo;Sa�da de leito carro��vel;Com V�timas Feridas;Pleno dia;Decrescente;C�u Claro;Simples;Reta;N�o;1;0;1;0;0;0;1;1;-2,87091;-44,09207;SPRF-MA;DEL01-MA;UOP01-DEL01-MA;;;
733497;21/11/2025;sexta-feira;19:40:00;BA;242;355;LENCOIS;Acessar a via sem observar a presen�a dos outros ve�culos;Colis�o transversal;Com V�timas Feridas;Plena Noite;Crescente;C�u Claro;Simples;"Reta;Rotat�ria";N�o;5;0;1;0;4;0;1;2;-12,47782154;-41,35939479;SPRF-BA;DEL06-BA;UOP02-DEL06-BA;;;
733498;21/11/2025;sexta-feira;21:15:00;SC;101;26,3;JOINVILLE;Aus�ncia de rea��o do condutor;Colis�o traseira;Com V�timas Feridas;Plena Noite;Crescente;Nublado;Dupla;"Reta;Ponte";N�o;2;0;1;0;0;1;1;2;-26,19568;-48,912549;SPRF-SC;DEL03-SC;UOP01-DEL03-SC;;;
733499;21/11/2025;sexta-feira;22:16:00;SC;470;53;BLUMENAU;Convers�o proibida;Colis�o lateral mesmo sentido;Com V�timas Feridas;Plena Noite;Decrescente;C�u Claro;Simples;Em Obras;N�o;3;0;1;0;2;0;1;2;-26,86674963;-49,10156814;SPRF-SC;DEL04-SC;UOP01-DEL04-SC;;;