id;data_inversa;dia_semana;horario;uf;br;km;municipio;causa_acidente;tipo_acidente;classificacao_acidente;fase_dia;sentido_via;condicao_metereologica;tipo_pista;tracado_via;uso_solo;pessoas;mortos;feridos_leves;feridos_graves;ilesos;ignorados;feridos;veiculos;latitude;longitude;regional;delegacia;uop;;;
733503;21/11/2025;sexta-feira;19:00:00;RO;364;341;JI-PARANA;Aus�ncia de rea��o do condutor;Queda de ocupante de ve�culo;Com V�timas Feridas;Plena Noite;Decrescente;C�u Claro;Dupla;Reta;Sim;3;0;0;1;2;0;1;3;-10,88338538;-61,9383359;SPRF-RO;DEL02-RO;UOP01-DEL02-RO;;;
733504;21/11/2025;sexta-feira;21:40:00;SC;101;147;ITAPEMA;Aus�ncia de rea��o do condutor;Tombamento;Com V�timas Feridas;Plena Noite;Decrescente;Nublado;Dupla;Reta;Sim;1;0;1;0;0;0;1;1;-27,089437;-48,61344751;SPRF-SC;DEL04-SC;UOP03-DEL04-SC;;;
733505;21/11/2025;sexta-feira;21:30:00;AP;210;12;MACAPA;Avarias e/ou desgaste excessivo no pneu;Tombamento;Com V�timas Feridas;Plena Noite;Crescente;C�u Claro;Simples;Reta;N�o;2;0;1;1;0;0;2;1;0,13425333;-51,13885167;SPRF-AP;DEL01-AP;UOP01-DEL01-AP;;;
733506;21/11/2025;sexta-feira;15:30:00;MG;381;533,2;ITATIAIUCU;Ingest�o de �lcool pelo condutor;Sa�da de leito carro��vel;Sem V�timas;Pleno dia;Decrescente;C�u Claro;Dupla;Reta;Sim;2;0;0;0;1;1;0;2;-20,17295;-44,37479;SPRF-MG;DEL04-MG;UOP03-DEL04-MG;;;
733507;21/11/2025;sexta-feira;19:40:00;MA;230;2;BARAO DE GRAJAU;Manobra de mudan�a de faixa;Colis�o transversal;Com V�timas Feridas;Plena Noite;Decrescente;C�u Claro;Simples;Reta;Sim;2;0;0;2;0;0;2;2;-6,75475206;-43,02505642;SPRF-PI;DEL03-PI;UOP01-DEL03-PI;;;
733509;21/11/2025;sexta-feira;22:05:00;PR;277;2;CURITIBA;Acessar a via sem observar a presen�a dos outros ve�culos;Tombamento;Com V�timas Feridas;Plena Noite;Crescente;C�u Claro;Dupla;Reta;Sim;3;0;1;0;2;0;1;2;-25,43079019;-49,33787076;SPRF-PR;DEL01-PR;UOP06-DEL01-PR;;;
733511;21/11/2025;sexta-feira;19:00:00;BA;420;265;JIQUIRICA;Ingest�o de �lcool pelo condutor;Colis�o frontal;Com V�timas Feridas;Plena Noite;Decrescente;C�u Claro;Simples;Curva;N�o;6;0;6;0;0;0;6;2;-13,253192;-39,560087;SPRF-BA;DEL01-BA;UOP02-DEL01-BA;;;
733512;21/11/2025;sexta-feira;20:10:00;MA;10;245;DAVINOPOLIS;Ingest�o de �lcool pelo condutor;Sa�da de leito carro��vel;Sem V�timas;Plena Noite;Crescente;C�u Claro;Simples;Reta;N�o;1;0;0;0;1;0;0;1;-5,585735;-47,435822;SPRF-MA;DEL04-MA;UOP01-DEL04-MA;;;
733513;21/11/2025;sexta-feira;21:50:00;RO;364;690;CANDEIAS DO JAMARI;Rea��o tardia ou ineficiente do condutor;Sa�da de leito carro��vel;Sem V�timas;Plena Noite;Decrescente;C�u Claro;Dupla;Curva;Sim;1;0;0;0;0;1;0;1;-8,79648294;-63,68587711;SPRF-RO;DEL01-RO;UOP01-DEL01-RO;;;
733514;21/11/2025;sexta-feira;21:20:00;AC;364;137;RIO BRANCO;Aus�ncia de rea��o do condutor;Colis�o lateral mesmo sentido;Com V�timas Feridas;Plena Noite;Crescente;C�u Claro;Dupla;Rotat�ria;N�o;2;0;1;0;0;1;1;2;-9,97725016;-67,84895606;SPRF-AC;DEL01-AC;UOP01-DEL01-AC;;;
733515;21/11/2025;sexta-feira;22:30:00;PI;343;12;PARNAIBA;Trafegar com motocicleta (ou similar) entre as faixas;Colis�o lateral mesmo sentido;Com V�timas Feridas;Plena Noite;Decrescente;C�u Claro;Dupla;Rotat�ria;Sim;2;0;1;0;1;0;1;2;-2,90983315;-41,75354987;SPRF-PI;DEL05-PI;UOP01-DEL05-PI;;;
733519;21/11/2025;sexta-feira;23:20:00;PE;232;9;JABOATAO DOS GUARARAPES;Transitar no Acostamento;Colis�o traseira;Com V�timas Feridas;Plena Noite;Crescente;C�u Claro;Dupla;Reta;Sim;2;0;1;0;1;0;1;2;-8,078467;-34,983103;SPRF-PE;DEL01-PE;UOP01-DEL01-PE;;;
733520;21/11/2025;sexta-feira;23:05:00;RJ;116;210;SEROPEDICA;Rea��o tardia ou ineficiente do condutor;Colis�o com objeto;Com V�timas Feridas;Plena Noite;Decrescente;C�u Claro;Simples;"Reta;Em Obras";N�o;5;0;2;0;3;0;2;1;-22,71973906;-43,69388793;SPRF-RJ;DEL06-RJ;UOP02-DEL06-RJ;;;
733522;22/11/2025;s�bado;00:20:00;ES;101;78,3;SAO MATEUS;Pedestre - Ingest�o de �lcool/ subst�ncias psicoativas;Atropelamento de Pedestre;Com V�timas Fatais;Plena Noite;Crescente;Nublado;Simples;"Reta;Declive";N�o;2;1;0;0;0;1;0;2;-18,81721;-39,903538;SPRF-ES;DEL04-ES;UOP02-DEL04-ES;;;
733523;22/11/2025;s�bado;00:30:00;SP;116;141,8;SAO JOSE DOS CAMPOS;Condutor deixou de manter dist�ncia do ve�culo da frente;Colis�o traseira;Com V�timas Feridas;Plena Noite;Crescente;C�u Claro;Dupla;Reta;Sim;2;0;1;0;1;0;1;2;-23,17046958;-45,82172482;SPRF-SP;DEL02-SP;UOP01-DEL02-SP;;;
733524;22/11/2025;s�bado;00:40:00;MG;381;502;BETIM;Ingest�o de �lcool pelo condutor;Sa�da de leito carro��vel;Com V�timas Feridas;Plena Noite;Decrescente;C�u Claro;Dupla;"Declive;Reta";N�o;2;0;1;0;1;0;1;1;-20,01701817;-44,22403192;SPRF-MG;DEL01-MG;UOP03-DEL01-MG;;;
733525;22/11/2025;s�bado;01:00:00;MG;262;435,6;NOVA SERRANA;Rea��o tardia ou ineficiente do condutor;Sa�da de leito carro��vel;Com V�timas Feridas;Plena Noite;Crescente;Vento;Dupla;Reta;Sim;1;0;1;0;0;0;1;1;-19,87468;-44,95255;SPRF-MG;DEL08-MG;UOP03-DEL08-MG;;;
733526;22/11/2025;s�bado;01:20:00;PE;232;147,5;SAO CAITANO;Animais na Pista;Atropelamento de Animal;Com V�timas Feridas;Plena Noite;Decrescente;C�u Claro;Dupla;"Reta;Declive";N�o;2;0;1;1;0;0;2;1;-8,3315299;-36,1413967;SPRF-PE;DEL03-PE;UOP02-DEL03-PE;;;
733528;22/11/2025;s�bado;01:20:00;RJ;101;264;RIO BONITO;Aus�ncia de rea��o do condutor;Tombamento;Com V�timas Feridas;Plena Noite;Decrescente;C�u Claro;Dupla;Reta;Sim;2;0;1;0;1;0;1;1;-22,718047;-42,637966;SPRF-RJ;DEL02-RJ;UOP03-DEL02-RJ;;;
733533;22/11/2025;s�bado;04:09:00;PB;230;21;JOAO PESSOA;Aus�ncia de rea��o do condutor;Tombamento;Com V�timas Fatais;Amanhecer;Crescente;C�u Claro;Dupla;Reta;Sim;1;1;0;0;0;0;0;1;-7,1415254;-34,8509667;SPRF-PB;DEL01-PB;UOP01-DEL01-PB;;;
733535;22/11/2025;s�bado;05:28:00;SC;101;217;PALHOCA;Velocidade Incompat�vel;Capotamento;Sem V�timas;Amanhecer;Decrescente;C�u Claro;M�ltipla;Reta;Sim;1;0;0;0;0;1;0;1;-27,66942164;-48,67292818;SPRF-SC;DEL01-SC;UOP02-DEL01-SC;;;
733536;21/11/2025;sexta-feira;17:45:00;MG;153;89;PRATA;Chuva;Sa�da de leito carro��vel;Com V�timas Feridas;Pleno dia;Crescente;Chuva;M�ltipla;"Aclive;Curva";N�o;1;0;1;0;0;0;1;1;-19,21897815;-48,93456459;SPRF-MG;DEL15-MG;UOP03-DEL15-MG;;;
733537;22/11/2025;s�bado;00:20:00;BA;116;763;POCOES;Condutor Dormindo;Capotamento;Com V�timas Feridas;Plena Noite;Decrescente;C�u Claro;Simples;Reta;N�o;1;0;0;1;0;0;1;1;-14,55733324;-40,40943146;SPRF-BA;DEL08-BA;UOP02-DEL08-BA;;;
733539;22/11/2025;s�bado;03:00:00;SC;282;564,5;NOVA ERECHIM;Demais falhas mec�nicas ou el�tricas;Inc�ndio;Sem V�timas;Plena Noite;Decrescente;C�u Claro;Simples;Reta;N�o;1;0;0;0;0;1;0;1;-26,899921;-52,871484;SPRF-SC;DEL07-SC;UOP02-DEL07-SC;;;
733542;21/11/2025;sexta-feira;16:37:00;MT;70;523,9;VARZEA GRANDE;Rea��o tardia ou ineficiente do condutor;Colis�o lateral mesmo sentido;Com V�timas Feridas;Pleno dia;Decrescente;Chuva;Dupla;"Aclive;Reta";Sim;2;0;1;0;1;0;1;2;-15,650107;-56,196027;SPRF-MT;DEL01-MT;UOP02-DEL01-MT;;;
733543;22/11/2025;s�bado;04:00:00;RS;470;229;CARLOS BARBOSA;Neblina;Sa�da de leito carro��vel;Com V�timas Feridas;Pleno dia;Decrescente;Nevoeiro/Neblina;Simples;Reta;N�o;1;0;1;0;0;0;1;1;-29,28961272;-51,48702828;SPRF-RS;DEL06-RS;UOP01-DEL06-RS;;;
733544;11/10/2025;s�bado;15:44:00;RJ;393;130;SAPUCAIA;Aus�ncia de rea��o do condutor;Capotamento;Com V�timas Feridas;Pleno dia;Decrescente;Nevoeiro/Neblina;Simples;Curva;N�o;1;0;0;1;0;0;1;1;-21,9840255;-42,8972632;SPRF-RJ;DEL05-RJ;UOP01-DEL05-RJ;;;
733545;22/11/2025;s�bado;03:20:00;RJ;493;105;SEROPEDICA;Rea��o tardia ou ineficiente do condutor;Sa�da de leito carro��vel;Com V�timas Fatais;Plena Noite;Crescente;Nublado;Dupla;Reta;N�o;1;1;0;0;0;0;0;1;-22,780289;-43,749879;SPRF-RJ;DEL01-RJ;UOP03-DEL01-RJ;;;
733546;22/11/2025;s�bado;07:00:00;RS;285;76,7;BOM JESUS;Velocidade Incompat�vel;Sa�da de leito carro��vel;Com V�timas Feridas;Pleno dia;Crescente;C�u Claro;Simples;Reta;N�o;1;0;1;0;0;0;1;1;-28,6419336;-50,5692465;SPRF-RS;DEL05-RS;UOP03-DEL05-RS;;;
733548;20/11/2025;quinta-feira;04:50:00;SC;163;109,3;GUARUJA DO SUL;Rea��o tardia ou ineficiente do condutor;Tombamento;Com V�timas Feridas;Plena Noite;Decrescente;C�u Claro;Simples;"Curva;Declive";N�o;1;0;1;0;0;0;1;1;-26,40956625;-53,52225485;SPRF-SC;DEL07-SC;UOP03-DEL07-SC;;;
733549;22/11/2025;s�bado;06:15:00;SP;116;144,8;SAO JOSE DOS CAMPOS;Objeto est�tico sobre o leito carro��vel;Colis�o com objeto;Com V�timas Feridas;Pleno dia;Crescente;C�u Claro;M�ltipla;Reta;Sim;1;0;0;1;0;0;1;1;-23,185021;-45,851783;SPRF-SP;DEL02-SP;UOP01-DEL02-SP;;;
733550;22/11/2025;s�bado;08:05:00;RJ;116;258;PINHEIRAL;Acessar a via sem observar a presen�a dos outros ve�culos;Colis�o transversal;Com V�timas Feridas;Pleno dia;Crescente;C�u Claro;Simples;Retorno Regulamentado;N�o;2;0;1;0;1;0;1;2;-22,58186335;-44,01937215;SPRF-RJ;DEL07-RJ;UOP02-DEL07-RJ;;;
733552;22/11/2025;s�bado;07:50:00;RS;116;292;ELDORADO DO SUL;Condutor Dormindo;Sa�da de leito carro��vel;Com V�timas Feridas;Pleno dia;Crescente;C�u Claro;Dupla;Reta;N�o;1;0;1;0;0;0;1;1;-30,05345684;-51,33580685;SPRF-RS;DEL02-RS;UOP01-DEL02-RS;;;
733554;22/11/2025;s�bado;08:10:00;ES;101;271;SERRA;Sem�foro com defeito;Colis�o traseira;Com V�timas Feridas;Pleno dia;Crescente;C�u Claro;Dupla;"Reta;Interse��o de Vias";Sim;3;0;1;0;2;0;1;2;-20,22986;-40,28137;SPRF-ES;DEL02-ES;UOP01-DEL02-ES;;;
733556;22/11/2025;s�bado;07:30:00;MG;40;514;RIBEIRAO DAS NEVES;Velocidade Incompat�vel;Sa�da de leito carro��vel;Sem V�timas;Pleno dia;Crescente;C�u Claro;Dupla;Reta;N�o;1;0;0;0;1;0;0;1;-19,8015683;-44,1010417;SPRF-MG;DEL01-MG;UOP02-DEL01-MG;;;
733558;22/11/2025;s�bado;09:25:00;GO;70;8;AGUAS LINDAS DE GOIAS;Aus�ncia de rea��o do condutor;Colis�o lateral mesmo sentido;Com V�timas Feridas;Pleno dia;Decrescente;C�u Claro;Dupla;Reta;Sim;2;0;1;0;1;0;1;2;-15,75562019;-48,25646996;SPRF-DF;DEL03-DF;UOP02-DEL03-DF;;;
733559;22/11/2025;s�bado;08:20:00;PR;116;129,1;FAZENDA RIO GRANDE;Rea��o tardia ou ineficiente do condutor;Tombamento;Com V�timas Feridas;Pleno dia;Decrescente;C�u Claro;Dupla;Reta;Sim;1;0;1;0;0;0;1;1;-25,666297;-49,314179;SPRF-PR;DEL01-PR;UOP03-DEL01-PR;;;
733560;22/11/2025;s�bado;06:50:00;MG;40;502,4;ESMERALDAS;Demais falhas mec�nicas ou el�tricas;Inc�ndio;Sem V�timas;Pleno dia;Decrescente;C�u Claro;Dupla;Curva;N�o;2;0;0;0;2;0;0;1;-19,718;-44,157;SPRF-MG;DEL02-MG;UOP01-DEL02-MG;;;
733561;03/11/2025;segunda-feira;18:00:00;SC;280;146,7;MAFRA;Chuva;Colis�o lateral sentido oposto;Com V�timas Feridas;Anoitecer;Crescente;Chuva;Simples;Curva;N�o;6;0;2;0;4;0;2;3;-26,249753;-49,675062;SPRF-SC;DEL06-SC;UOP03-DEL06-SC;;;
733562;22/11/2025;s�bado;07:17:00;MG;40;300;TRES MARIAS;Rea��o tardia ou ineficiente do condutor;Colis�o traseira;Com V�timas Feridas;Amanhecer;Decrescente;C�u Claro;Simples;"Ponte;Aclive;Curva";N�o;7;0;2;0;5;0;2;2;-18,35240745;-45,09316921;SPRF-MG;DEL14-MG;UOP02-DEL14-MG;;;
733565;22/11/2025;s�bado;09:30:00;MG;50;158;UBERABA;Rea��o tardia ou ineficiente do condutor;Colis�o com objeto;Com V�timas Feridas;Pleno dia;Crescente;C�u Claro;Dupla;"Declive;Curva";N�o;3;0;0;1;2;0;1;1;-19,632994;-48,012819;SPRF-MG;DEL13-MG;UOP01-DEL13-MG;;;
733567;22/11/2025;s�bado;09:55:00;PB;101;87,1;JOAO PESSOA;Avarias e/ou desgaste excessivo no pneu;Tombamento;Com V�timas Feridas;Pleno dia;Crescente;C�u Claro;Dupla;Curva;Sim;2;0;0;1;1;0;1;1;-7,160208;-34,905572;SPRF-PB;DEL01-PB;UOP01-DEL01-PB;;;
733568;22/11/2025;s�bado;07:55:00;MG;381;940,8;EXTREMA;Velocidade Incompat�vel;Colis�o com objeto;Com V�timas Feridas;Pleno dia;Decrescente;C�u Claro;Dupla;Curva;N�o;2;0;2;0;0;0;2;1;-22,8259057;-46,31286621;SPRF-MG;DEL16-MG;UOP03-DEL16-MG;;;
733570;22/11/2025;s�bado;07:25:00;MS;158;63,3;PARANAIBA;Rea��o tardia ou ineficiente do condutor;Tombamento;Com V�timas Feridas;Pleno dia;Crescente;C�u Claro;Simples;Reta;N�o;5;0;1;0;2;2;1;2;-19,451479;-51,349354;SPRF-MS;DEL08-MS;UOP01-DEL08-MS;;;
733571;22/11/2025;s�bado;08:39:00;AP;210;43;MACAPA;Velocidade Incompat�vel;Sa�da de leito carro��vel;Sem V�timas;Pleno dia;Crescente;C�u Claro;Simples;Reta;N�o;1;0;0;0;0;1;0;1;0,384332;-51,070682;SPRF-AP;DEL01-AP;UOP01-DEL01-AP;;;
733572;22/11/2025;s�bado;09:00:00;PR;277;82;CURITIBA;Ingest�o de �lcool pelo condutor;Sa�da de leito carro��vel;Com V�timas Feridas;Pleno dia;Decrescente;C�u Claro;Dupla;Reta;Sim;1;0;1;0;0;0;1;1;-25,46320666;-49,21792841;SPRF-PR;DEL01-PR;UOP03-DEL01-PR;;;
733573;22/11/2025;s�bado;09:15:00;PR;369;193;ARAPONGAS;Ingest�o de �lcool pelo condutor;Colis�o lateral mesmo sentido;Sem V�timas;Pleno dia;Decrescente;C�u Claro;Dupla;Reta;N�o;2;0;0;0;2;0;0;2;-23,479432;-51,424065;SPRF-PR;DEL07-PR;UOP03-DEL07-PR;;;
733574;22/11/2025;s�bado;10:20:00;SC;470;32,3;GASPAR;Rea��o tardia ou ineficiente do condutor;Tombamento;Com V�timas Feridas;Pleno dia;Crescente;C�u Claro;Dupla;Reta;N�o;1;0;1;0;0;0;1;1;-26,90319;-48,93517;SPRF-SC;DEL04-SC;UOP01-DEL04-SC;;;
733575;22/11/2025;s�bado;10:32:00;SP;116;225;GUARULHOS;Carga excessiva e/ou mal acondicionada;Colis�o com objeto;Sem V�timas;Pleno dia;Crescente;Sol;M�ltipla;Reta;Sim;2;0;0;0;1;1;0;2;-23,489663;-46,54715;SPRF-SP;DEL01-SP;UOP01-DEL01-SP;;;
733576;22/11/2025;s�bado;10:00:00;MG;262;74;MATIPO;Acesso irregular;Colis�o traseira;Com V�timas Feridas;Pleno dia;Crescente;C�u Claro;Simples;Reta;N�o;6;0;0;1;5;0;1;2;-20,318288;-42,331258;SPRF-MG;DEL03-MG;UOP03-DEL03-MG;;;
733578;22/11/2025;s�bado;11:00:00;BA;101;879;TEIXEIRA DE FREITAS;Desrespeitar a prefer�ncia no cruzamento;Colis�o transversal;Com V�timas Feridas;Pleno dia;Decrescente;C�u Claro;Simples;Reta;Sim;3;0;1;0;2;0;1;2;-17,55680957;-39,7248888;SPRF-BA;DEL09-BA;UOP02-DEL09-BA;;;
733580;22/11/2025;s�bado;10:05:00;RO;364;722;PORTO VELHO;Transtornos Mentais (exceto suicidio);Eventos at�picos;Sem V�timas;Pleno dia;Crescente;C�u Claro;Dupla;Reta;N�o;1;0;0;0;1;0;0;1;-8,82631046;-63,93327871;SPRF-RO;DEL01-RO;UOP01-DEL01-RO;;;
733581;22/11/2025;s�bado;12:00:00;SP;116;230;SAO PAULO;Pedestre andava na pista;Atropelamento de Pedestre;Com V�timas Feridas;Pleno dia;Crescente;C�u Claro;M�ltipla;Reta;Sim;2;0;1;0;1;0;1;2;-23,52490911;-46,58742853;SPRF-SP;DEL01-SP;UOP01-DEL01-SP;;;
733582;22/11/2025;s�bado;10:00:00;BA;418;74;NOVA VICOSA;Animais na Pista;Capotamento;Com V�timas Feridas;Pleno dia;Decrescente;C�u Claro;Simples;Reta;N�o;3;0;0;1;2;0;1;1;-17,84739872;-39,71403885;SPRF-BA;DEL09-BA;UOP02-DEL09-BA;;;
733584;22/11/2025;s�bado;07:30:00;MG;153;243,6;FRONTEIRA;Acessar a via sem observar a presen�a dos outros ve�culos;Colis�o transversal;Com V�timas Feridas;Pleno dia;Decrescente;C�u Claro;Simples;"Reta;Interse��o de Vias";Sim;2;0;1;1;0;0;2;2;-20,28007;-49,19455;SPRF-MG;DEL13-MG;UOP02-DEL13-MG;;;
733586;22/11/2025;s�bado;12:15:00;SP;116;44;CANAS;Aus�ncia de rea��o do condutor;Engavetamento;Com V�timas Feridas;Pleno dia;Crescente;Sol;Dupla;Reta;N�o;6;0;4;0;2;0;4;3;-22,702282;-45,037303;SPRF-SP;DEL08-SP;UOP02-DEL08-SP;;;
733588;22/11/2025;s�bado;11:40:00;RN;101;95;NATAL;Manobra de mudan�a de faixa;Colis�o lateral mesmo sentido;Com V�timas Feridas;Pleno dia;Crescente;Sol;M�ltipla;Reta;Sim;2;0;1;0;1;0;1;2;-5,84317;-35,209586;SPRF-RN;DEL01-RN;UOP01-DEL01-RN;;;
733589;19/11/2025;quarta-feira;07:20:00;RJ;465;5;SEROPEDICA;Trafegar com motocicleta (ou similar) entre as faixas;Colis�o lateral mesmo sentido;Com V�timas Feridas;Pleno dia;Decrescente;Sol;Simples;Reta;Sim;2;0;1;0;0;1;1;2;-22,74434903;-43,70233152;SPRF-RJ;DEL06-RJ;UOP02-DEL06-RJ;;;
733590;22/11/2025;s�bado;12:45:00;RS;158;328;SANTA MARIA;Desrespeitar a prefer�ncia no cruzamento;Colis�o transversal;Com V�timas Feridas;Pleno dia;Crescente;C�u Claro;Dupla;"Interse��o de Vias;Rotat�ria";Sim;2;0;1;0;1;0;1;2;-29,700219;-53,840663;SPRF-RS;DEL09-RS;UOP01-DEL09-RS;;;
733591;22/11/2025;s�bado;09:40:00;RJ;40;22,4;PETROPOLIS;Aus�ncia de rea��o do condutor;Colis�o com objeto;Com V�timas Feridas;Pleno dia;Crescente;C�u Claro;Dupla;Curva;N�o;1;0;1;0;0;0;1;1;-22,28247;-43,11927;SPRF-RJ;DEL05-RJ;UOP02-DEL05-RJ;;;
733592;22/11/2025;s�bado;12:20:00;BA;116;422;FEIRA DE SANTANA;Trafegar com motocicleta (ou similar) entre as faixas;Colis�o lateral mesmo sentido;Com V�timas Feridas;Pleno dia;Crescente;C�u Claro;Dupla;Interse��o de Vias;Sim;3;0;2;0;1;0;2;2;-12,230482;-38,966169;SPRF-BA;DEL02-BA;UOP01-DEL02-BA;;;
733593;22/11/2025;s�bado;12:05:00;PR;116;116,7;CURITIBA;Rea��o tardia ou ineficiente do condutor;Sa�da de leito carro��vel;Com V�timas Feridas;Pleno dia;Decrescente;Sol;M�ltipla;Reta;Sim;1;0;1;0;0;0;1;1;-25,557555;-49,30621;SPRF-PR;DEL01-PR;UOP03-DEL01-PR;;;
733594;22/11/2025;s�bado;13:05:00;SC;101;338;TUBARAO;Acumulo de �gua sobre o pavimento;Colis�o com objeto;Com V�timas Feridas;Pleno dia;Decrescente;Garoa/Chuvisco;M�ltipla;Reta;Sim;3;0;3;0;0;0;3;1;-28,4982167;-49,045258;SPRF-SC;DEL02-SC;UOP01-DEL02-SC;;;
733595;22/11/2025;s�bado;12:50:00;BA;324;605,8;SIMOES FILHO;Aus�ncia de rea��o do condutor;Tombamento;Com V�timas Feridas;Pleno dia;Crescente;Chuva;Dupla;Reta;Sim;1;0;1;0;0;0;1;1;-12,804569;-38,403647;SPRF-BA;DEL01-BA;UOP01-DEL01-BA;;;
733596;22/11/2025;s�bado;09:30:00;SC;101;436,6;SOMBRIO;Mal s�bito do condutor;Colis�o com objeto;Com V�timas Feridas;Pleno dia;Crescente;Nublado;Dupla;"Reta;Aclive";Sim;1;0;0;1;0;0;1;1;-29,11796005;-49,6408209;SPRF-SC;DEL02-SC;UOP02-DEL02-SC;;;
733597;22/11/2025;s�bado;13:15:00;RN;406;161;CEARA-MIRIM;Condutor deixou de manter dist�ncia do ve�culo da frente;Colis�o traseira;Com V�timas Feridas;Pleno dia;Decrescente;C�u Claro;Simples;Reta;Sim;3;0;1;0;2;0;1;2;-5,721078;-35,36639;SPRF-RN;DEL02-RN;UOP01-DEL02-RN;;;
733599;22/11/2025;s�bado;07:20:00;SC;470;21,5;ILHOTA;Condutor Dormindo;Sa�da de leito carro��vel;Com V�timas Feridas;Pleno dia;Crescente;Sol;Dupla;Reta;N�o;1;0;1;0;0;0;1;1;-26,87651902;-48,82750958;SPRF-SC;DEL04-SC;UOP04-DEL04-SC;;;
733600;22/11/2025;s�bado;13:40:00;RS;290;86;PORTO ALEGRE;Aus�ncia de rea��o do condutor;Colis�o com objeto;Com V�timas Feridas;Pleno dia;Crescente;C�u Claro;M�ltipla;Reta;Sim;1;0;1;0;0;0;1;1;-29,96875121;-51,11369797;SPRF-RS;DEL01-RS;UOP01-DEL01-RS;;;
733601;22/11/2025;s�bado;11:32:00;MT;364;289,6;JACIARA;Chuva;Sa�da de leito carro��vel;Com V�timas Feridas;Pleno dia;Crescente;Chuva;Dupla;"Declive;Curva";N�o;3;0;2;0;1;0;2;1;-15,90298914;-55,09484679;SPRF-MT;DEL05-MT;UOP02-DEL05-MT;;;
733602;22/11/2025;s�bado;12:10:00;MT;364;289,7;JACIARA;Chuva;Colis�o com objeto;Sem V�timas;Pleno dia;Decrescente;Chuva;Dupla;"Aclive;Curva";N�o;1;0;0;0;1;0;0;1;-15,90248355;-55,09572655;SPRF-MT;DEL05-MT;UOP02-DEL05-MT;;;
733603;22/11/2025;s�bado;12:20:00;MA;10;255;IMPERATRIZ;Desrespeitar a prefer�ncia no cruzamento;Colis�o transversal;Com V�timas Feridas;Pleno dia;Decrescente;C�u Claro;M�ltipla;Interse��o de Vias;Sim;3;0;0;1;2;0;1;2;-5,506794;-47,47177;SPRF-MA;DEL04-MA;UOP01-DEL04-MA;;;
733606;22/11/2025;s�bado;13:40:00;RS;290;86;PORTO ALEGRE;Aus�ncia de rea��o do condutor;Sa�da de leito carro��vel;Com V�timas Feridas;Pleno dia;Decrescente;C�u Claro;Dupla;Curva;Sim;1;0;1;0;0;0;1;1;-29,96851269;-51,11907887;SPRF-RS;DEL01-RS;UOP01-DEL01-RS;;;
733608;22/11/2025;s�bado;13:00:00;ES;262;106,4;VENDA NOVA DO IMIGRANTE;Acessar a via sem observar a presen�a dos outros ve�culos;Colis�o transversal;Com V�timas Feridas;Pleno dia;Crescente;C�u Claro;Simples;Reta;Sim;2;0;0;1;1;0;1;2;-20,328575;-41,150003;SPRF-ES;DEL01-ES;UOP02-DEL01-ES;;;
733610;22/11/2025;s�bado;14:00:00;GO;70;3;AGUAS LINDAS DE GOIAS;Aus�ncia de rea��o do condutor;Sa�da de leito carro��vel;Com V�timas Feridas;Pleno dia;Crescente;C�u Claro;Dupla;Reta;Sim;1;0;0;1;0;0;1;1;-15,761143;-48,241718;SPRF-DF;DEL03-DF;UOP02-DEL03-DF;;;
733611;22/11/2025;s�bado;09:40:00;SP;116;112,3;TAUBATE;Demais falhas mec�nicas ou el�tricas;Tombamento;Com V�timas Feridas;Pleno dia;Decrescente;Sol;Dupla;Reta;Sim;1;0;1;0;0;0;1;1;-23,04257017;-45,57474945;SPRF-SP;DEL02-SP;UOP02-DEL02-SP;;;
733613;22/11/2025;s�bado;13:40:00;RJ;493;8;GUAPIMIRIM;Transitar na contram�o;Colis�o transversal;Com V�timas Feridas;Pleno dia;Crescente;C�u Claro;Simples;Reta;N�o;4;0;1;2;1;0;3;3;-22,71175592;-42,95334363;SPRF-RJ;DEL04-RJ;UOP02-DEL04-RJ;;;
733614;22/11/2025;s�bado;13:30:00;SC;280;26,9;ARAQUARI;Condutor deixou de manter dist�ncia do ve�culo da frente;Colis�o traseira;Com V�timas Feridas;Pleno dia;Decrescente;Nublado;Simples;Reta;Sim;3;0;1;0;2;0;1;2;-26,394969;-48,738806;SPRF-SC;DEL03-SC;UOP03-DEL03-SC;;;
733615;22/11/2025;s�bado;13:50:00;GO;452;0,9;RIO VERDE;Condutor deixou de manter dist�ncia do ve�culo da frente;Colis�o traseira;Com V�timas Feridas;Pleno dia;Decrescente;Nublado;Dupla;Reta;Sim;2;0;1;0;1;0;1;2;-17,78955468;-50,89725494;SPRF-GO;DEL04-GO;UOP01-DEL04-GO;;;
733616;22/11/2025;s�bado;11:10:00;PB;104;130;CAMPINA GRANDE;Condutor deixou de manter dist�ncia do ve�culo da frente;Colis�o traseira;Com V�timas Fatais;Pleno dia;Crescente;C�u Claro;Simples;"Em Obras;Desvio Tempor�rio";N�o;6;2;2;0;1;1;2;3;-7,274983;-35,888828;SPRF-PB;DEL02-PB;UOP01-DEL02-PB;;;
733617;22/11/2025;s�bado;13:00:00;PB;230;336;PATOS;Entrada inopinada do pedestre;Atropelamento de Pedestre;Com V�timas Feridas;Pleno dia;Crescente;C�u Claro;Simples;Reta;Sim;2;0;0;1;1;0;1;2;-7,008982;-37,279862;SPRF-PB;DEL03-PB;UOP01-DEL03-PB;;;
733618;22/11/2025;s�bado;14:40:00;SC;101;149;ITAPEMA;Condutor deixou de manter dist�ncia do ve�culo da frente;Colis�o traseira;Com V�timas Feridas;Pleno dia;Decrescente;C�u Claro;Dupla;Curva;Sim;2;0;1;0;1;0;1;2;-27,11665974;-48,61018628;SPRF-SC;DEL04-SC;UOP03-DEL04-SC;;;