id;data_inversa;dia_semana;horario;uf;br;km;municipio;causa_acidente;tipo_acidente;classificacao_acidente;fase_dia;sentido_via;condicao_metereologica;tipo_pista;tracado_via;uso_solo;pessoas;mortos;feridos_leves;feridos_graves;ilesos;ignorados;feridos;veiculos;latitude;longitude;regional;delegacia;uop;;;
733620;22/11/2025;s�bado;14:10:00;PE;428;185;PETROLINA;Acessar a via sem observar a presen�a dos outros ve�culos;Colis�o transversal;Com V�timas Feridas;Pleno dia;Decrescente;Nublado;Dupla;Reta;Sim;2;0;1;0;1;0;1;2;-9,35674704;-40,47882406;SPRF-PE;DEL06-PE;UOP01-DEL06-PE;;;
733623;22/11/2025;s�bado;14:25:00;MG;381;903,4;CAMBUI;Aus�ncia de rea��o do condutor;Colis�o com objeto;Com V�timas Feridas;Pleno dia;Decrescente;Chuva;Dupla;Curva;N�o;3;0;3;0;0;0;3;1;-22,64655788;-46,08843344;SPRF-MG;DEL16-MG;UOP03-DEL16-MG;;;
733624;22/11/2025;s�bado;14:30:00;SP;116;302;SAO LOURENCO DA SERRA;Rea��o tardia ou ineficiente do condutor;Colis�o com objeto;Com V�timas Feridas;Pleno dia;Crescente;C�u Claro;Dupla;Reta;N�o;3;0;1;0;1;1;1;3;-23,814439;-46,923534;SPRF-SP;DEL04-SP;UOP01-DEL04-SP;;;
733625;22/11/2025;s�bado;15:20:00;PR;277;34;MORRETES;Manobra de mudan�a de faixa;Queda de ocupante de ve�culo;Com V�timas Feridas;Pleno dia;Decrescente;C�u Claro;Dupla;"Reta;Aclive";N�o;3;0;2;0;1;0;2;2;-25,572678;-48,821397;SPRF-PR;DEL01-PR;UOP05-DEL01-PR;;;
733626;22/11/2025;s�bado;14:30:00;MA;135;22;SAO LUIS;Rea��o tardia ou ineficiente do condutor;Atropelamento de Pedestre;Com V�timas Feridas;Pleno dia;Decrescente;C�u Claro;Dupla;Reta;Sim;2;0;0;1;1;0;1;2;-2,55876679;-44,31426819;SPRF-MA;DEL01-MA;UOP01-DEL01-MA;;;
733627;22/11/2025;s�bado;15:45:00;SC;101;131;CAMBORIU;Trafegar com motocicleta (ou similar) entre as faixas;Colis�o lateral mesmo sentido;Com V�timas Feridas;Pleno dia;Crescente;Nublado;Dupla;Reta;Sim;2;0;1;0;1;0;1;2;-26,98709004;-48,66597589;SPRF-SC;DEL04-SC;UOP03-DEL04-SC;;;
733628;22/11/2025;s�bado;15:50:00;SC;470;68,5;INDAIAL;Convers�o proibida;Colis�o lateral mesmo sentido;Com V�timas Feridas;Pleno dia;Crescente;Nublado;Dupla;Reta;Sim;3;0;0;1;2;0;1;2;-26,88008;-49,24295;SPRF-SC;DEL04-SC;UOP01-DEL04-SC;;;
733629;22/11/2025;s�bado;14:10:00;SP;116;148;SAO JOSE DOS CAMPOS;Aus�ncia de rea��o do condutor;Colis�o com objeto;Sem V�timas;Pleno dia;Decrescente;Chuva;M�ltipla;Reta;Sim;1;0;0;0;1;0;0;1;-23,19790744;-45,87639139;SPRF-SP;DEL02-SP;UOP01-DEL02-SP;;;
733630;22/11/2025;s�bado;13:10:00;PR;116;152;MANDIRITUBA;Acessar a via sem observar a presen�a dos outros ve�culos;Colis�o transversal;Com V�timas Feridas;Pleno dia;Decrescente;C�u Claro;Simples;"Interse��o de Vias;Reta";N�o;4;0;1;0;3;0;1;2;-25,861997;-49,361809;SPRF-PR;DEL01-PR;UOP03-DEL01-PR;;;
733631;22/11/2025;s�bado;11:50:00;MG;262;753,8;UBERABA;Demais falhas mec�nicas ou el�tricas;Inc�ndio;Sem V�timas;Pleno dia;Crescente;C�u Claro;Simples;Reta;N�o;1;0;0;0;1;0;0;1;-19,7165056;-47,9821824;SPRF-MG;DEL13-MG;UOP01-DEL13-MG;;;
733632;22/11/2025;s�bado;15:35:00;CE;116;23;AQUIRAZ;Acessar a via sem observar a presen�a dos outros ve�culos;Colis�o traseira;Com V�timas Feridas;Pleno dia;Crescente;Sol;Dupla;Reta;Sim;3;0;1;1;1;0;2;2;-3,95490467;-38,51280626;SPRF-CE;DEL01-CE;UOP02-DEL01-CE;;;
733634;22/11/2025;s�bado;15:30:00;PR;277;58;SAO JOSE DOS PINHAIS;Aus�ncia de rea��o do condutor;Colis�o traseira;Com V�timas Feridas;Pleno dia;Crescente;C�u Claro;Dupla;"Aclive;Reta";N�o;3;0;0;1;2;0;1;2;-25,56882697;-48,99931312;SPRF-PR;DEL01-PR;UOP01-DEL01-PR;;;
733635;22/11/2025;s�bado;15:50:00;SP;153;24,3;NOVA GRANADA;Aus�ncia de rea��o do condutor;Tombamento;Com V�timas Feridas;Pleno dia;Crescente;C�u Claro;Simples;Reta;N�o;1;0;1;0;0;0;1;1;-20,492303;-49,311472;SPRF-SP;DEL09-SP;UOP01-DEL09-SP;;;
733636;22/11/2025;s�bado;16:30:00;PB;230;27,7;JOAO PESSOA;Demais falhas na via;Queda de ocupante de ve�culo;Com V�timas Feridas;Pleno dia;Crescente;C�u Claro;Dupla;Reta;Sim;1;0;0;1;0;0;1;1;-7,16491759;-34,89177972;SPRF-PB;DEL01-PB;UOP01-DEL01-PB;;;
733637;22/11/2025;s�bado;14:28:00;GO;70;352;JUSSARA;Velocidade Incompat�vel;Sa�da de leito carro��vel;Com V�timas Feridas;Pleno dia;Crescente;Chuva;Simples;"Declive;Curva";N�o;1;0;0;1;0;0;1;1;-15,92742441;-51,16178155;SPRF-GO;DEL04-GO;UOP02-DEL04-GO;;;
733638;22/11/2025;s�bado;15:30:00;AL;416;45,5;IBATEGUARA;Aus�ncia de rea��o do condutor;Colis�o com objeto;Com V�timas Feridas;Pleno dia;Crescente;C�u Claro;Simples;"Curva;Declive";N�o;1;0;0;1;0;0;1;1;-8,966599;-35,928371;SPRF-AL;DEL01-AL;UOP02-DEL01-AL;;;
733639;22/11/2025;s�bado;13:50:00;MT;163;53,9;RONDONOPOLIS;Aus�ncia de rea��o do condutor;Sa�da de leito carro��vel;Com V�timas Feridas;Pleno dia;Crescente;C�u Claro;Dupla;Reta;N�o;1;0;1;0;0;0;1;1;-17,03849;-54,76388;SPRF-MT;DEL02-MT;UOP03-DEL02-MT;;;
733640;22/11/2025;s�bado;15:20:00;TO;10;440,8;PORTO NACIONAL;Avarias e/ou desgaste excessivo no pneu;Capotamento;Com V�timas Fatais;Pleno dia;Crescente;C�u Claro;Simples;Reta;N�o;3;1;2;0;0;0;2;1;-10,426134;-48,313579;SPRF-TO;DEL01-TO;UOP03-DEL01-TO;;;
733642;22/11/2025;s�bado;16:35:00;GO;60;196,5;GUAPO;Acumulo de �gua sobre o pavimento;Sa�da de leito carro��vel;Sem V�timas;Pleno dia;Decrescente;Chuva;Dupla;Reta;N�o;2;0;0;0;2;0;0;1;-16,85332565;-49,57118154;SPRF-GO;DEL01-GO;UOP02-DEL01-GO;;;
733645;22/11/2025;s�bado;16:45:00;ES;101;146;LINHARES;Manobra de mudan�a de faixa;Colis�o lateral mesmo sentido;Com V�timas Feridas;Pleno dia;Crescente;C�u Claro;Dupla;"Interse��o de Vias;Reta";N�o;2;0;1;0;0;1;1;2;-19,375561;-40,066005;SPRF-ES;DEL04-ES;UOP01-DEL04-ES;;;
733646;22/11/2025;s�bado;15:20:00;MA;230;404;BALSAS;Rea��o tardia ou ineficiente do condutor;Colis�o traseira;Sem V�timas;Pleno dia;Decrescente;C�u Claro;Simples;Curva;Sim;3;0;0;0;1;2;0;3;-7,52383755;-46,04203317;SPRF-MA;DEL05-MA;UOP01-DEL05-MA;;;
733647;22/11/2025;s�bado;17:15:00;SC;101;228,8;PALHOCA;Acumulo de �gua sobre o pavimento;Colis�o com objeto;Com V�timas Feridas;Pleno dia;Decrescente;Chuva;Dupla;Reta;N�o;1;0;0;1;0;0;1;1;-27,76664;-48,63083;SPRF-SC;DEL01-SC;UOP02-DEL01-SC;;;
733649;22/11/2025;s�bado;14:30:00;GO;153;625;MORRINHOS;Chuva;Capotamento;Com V�timas Feridas;Pleno dia;Crescente;Chuva;Dupla;Reta;N�o;4;0;1;0;3;0;1;1;-17,760113;-49,164483;SPRF-GO;DEL03-GO;UOP01-DEL03-GO;;;
733650;22/11/2025;s�bado;16:45:00;PE;424;83;GARANHUNS;Aus�ncia de rea��o do condutor;Capotamento;Com V�timas Feridas;Anoitecer;Decrescente;C�u Claro;Simples;Reta;N�o;1;0;0;1;0;0;1;1;-8,84870095;-36,51941299;SPRF-PE;DEL03-PE;UOP01-DEL03-PE;;;
733652;22/11/2025;s�bado;17:30:00;SC;280;221;TRES BARRAS;Aus�ncia de rea��o do condutor;Capotamento;Sem V�timas;Pleno dia;Decrescente;C�u Claro;Simples;"Reta;Declive";N�o;1;0;0;0;0;1;0;1;-26,17297;-50,27351;SPRF-SC;DEL06-SC;UOP04-DEL06-SC;;;
733653;22/11/2025;s�bado;17:40:00;SC;101;153;PORTO BELO;Trafegar com motocicleta (ou similar) entre as faixas;Colis�o lateral mesmo sentido;Com V�timas Feridas;Anoitecer;Decrescente;Chuva;Dupla;Reta;Sim;2;0;0;1;1;0;1;2;-27,14757445;-48,60868692;SPRF-SC;DEL04-SC;UOP03-DEL04-SC;;;
733654;22/11/2025;s�bado;17:30:00;MG;262;435,6;NOVA SERRANA;Ultrapassagem Indevida;Colis�o lateral mesmo sentido;Com V�timas Feridas;Plena Noite;Crescente;Vento;Dupla;"Aclive;Reta";N�o;4;0;2;0;2;0;2;2;-19,88131311;-44,9132993;SPRF-MG;DEL08-MG;UOP03-DEL08-MG;;;
733655;22/11/2025;s�bado;16:00:00;SC;470;340,3;CAMPOS NOVOS;Acessar a via sem observar a presen�a dos outros ve�culos;Colis�o transversal;Com V�timas Feridas;Pleno dia;Crescente;C�u Claro;Simples;Reta;Sim;5;0;2;2;1;0;4;2;-27,52828386;-51,3603732;SPRF-SC;DEL07-SC;UOP06-DEL07-SC;;;
733656;22/11/2025;s�bado;17:45:00;PE;408;96;SAO LOURENCO DA MATA;Pedestre cruzava a pista fora da faixa;Atropelamento de Pedestre;Com V�timas Feridas;Anoitecer;Crescente;C�u Claro;Dupla;Reta;Sim;2;0;1;1;0;0;2;2;-8,02191;-35,04071;SPRF-PE;DEL01-PE;UOP01-DEL01-PE;;;
733657;21/11/2025;sexta-feira;18:40:00;AC;307;182;CRUZEIRO DO SUL;Rea��o tardia ou ineficiente do condutor;Queda de ocupante de ve�culo;Com V�timas Feridas;Plena Noite;Crescente;C�u Claro;Simples;Reta;N�o;1;0;1;0;0;0;1;1;-7,695;-72,64;SPRF-AC;DEL01-AC;UOP03-DEL01-AC;;;
733658;22/11/2025;s�bado;18:00:00;SC;101;151;ITAPEMA;Condutor deixou de manter dist�ncia do ve�culo da frente;Colis�o traseira;Sem V�timas;Anoitecer;Crescente;Nublado;Dupla;Reta;N�o;2;0;0;0;2;0;0;2;-27,13192078;-48,60991923;SPRF-SC;DEL04-SC;UOP03-DEL04-SC;;;
733659;22/11/2025;s�bado;18:20:00;RS;116;295;GUAIBA;Demais falhas mec�nicas ou el�tricas;Sa�da de leito carro��vel;Com V�timas Feridas;Anoitecer;Decrescente;Nublado;Dupla;Reta;N�o;1;0;1;0;0;0;1;1;-30,07783828;-51,34110823;SPRF-RS;DEL02-RS;UOP01-DEL02-RS;;;
733661;22/11/2025;s�bado;15:10:00;SC;282;162;BOM RETIRO;Aus�ncia de rea��o do condutor;Sa�da de leito carro��vel;Com V�timas Feridas;Pleno dia;Crescente;Chuva;Simples;Curva;N�o;1;0;1;0;0;0;1;1;-27,72912181;-49,77767944;SPRF-SC;DEL05-SC;UOP01-DEL05-SC;;;
733662;22/11/2025;s�bado;07:00:00;RJ;101;310;SAO GONCALO;Demais falhas mec�nicas ou el�tricas;Queda de ocupante de ve�culo;Com V�timas Feridas;Pleno dia;Crescente;C�u Claro;Dupla;Reta;Sim;2;0;1;0;1;0;1;1;-22,80449512;-43,05571496;SPRF-RJ;DEL02-RJ;UOP02-DEL02-RJ;;;
733663;22/11/2025;s�bado;18:40:00;MG;262;33,2;MANHUACU;Ingest�o de �lcool pelo condutor;Colis�o traseira;Com V�timas Feridas;Anoitecer;Crescente;C�u Claro;Simples;Reta;N�o;5;0;2;0;3;0;2;3;-20,25966075;-42,01824188;SPRF-MG;DEL06-MG;UOP03-DEL06-MG;;;
733664;22/11/2025;s�bado;19:00:00;CE;222;304;TIANGUA;Acumulo de �leo sobre o pavimento;Queda de ocupante de ve�culo;Com V�timas Feridas;Plena Noite;Crescente;C�u Claro;Simples;"Aclive;Reta";N�o;1;0;1;0;0;0;1;1;-3,669636;-40,959278;SPRF-CE;DEL04-CE;UOP02-DEL04-CE;;;
733665;22/11/2025;s�bado;18:30:00;MG;365;752;ITUIUTABA;Desrespeitar a prefer�ncia no cruzamento;Colis�o lateral mesmo sentido;Com V�timas Feridas;Plena Noite;Crescente;C�u Claro;Dupla;Retorno Regulamentado;Sim;3;0;1;1;1;0;2;2;-18,95024582;-49,46396453;SPRF-MG;DEL15-MG;UOP03-DEL15-MG;;;
733666;22/11/2025;s�bado;19:10:00;RN;304;35;MOSSORO;Convers�o proibida;Colis�o traseira;Com V�timas Feridas;Plena Noite;Decrescente;C�u Claro;Dupla;Rotat�ria;Sim;3;0;1;0;2;0;1;2;-5,165153;-37,352174;SPRF-RN;DEL04-RN;UOP02-DEL04-RN;;;
733667;22/11/2025;s�bado;18:20:00;BA;235;349;JUAZEIRO;Acessar a via sem observar a presen�a dos outros ve�culos;Colis�o transversal;Com V�timas Feridas;Plena Noite;Crescente;C�u Claro;Simples;Reta;Sim;2;0;1;0;1;0;1;2;-9,437798;-40,497698;SPRF-PE;DEL06-PE;UOP01-DEL06-PE;;;
733668;22/11/2025;s�bado;19:00:00;PR;277;56;SAO JOSE DOS PINHAIS;Aus�ncia de rea��o do condutor;Colis�o traseira;Com V�timas Feridas;Plena Noite;Crescente;Nublado;Dupla;Reta;N�o;4;0;1;0;1;2;1;3;-25,55660725;-49,0268418;SPRF-PR;DEL01-PR;UOP05-DEL01-PR;;;
733669;22/11/2025;s�bado;15:30:00;SP;116;514;CAJATI;Rea��o tardia ou ineficiente do condutor;Queda de ocupante de ve�culo;Com V�timas Feridas;Pleno dia;Decrescente;C�u Claro;Dupla;"Declive;Curva";N�o;2;0;1;0;1;0;1;1;-24,86322233;-48,21442767;SPRF-SP;DEL05-SP;UOP02-DEL05-SP;;;
733673;22/11/2025;s�bado;19:05:00;SP;459;18;PIQUETE;Condutor deixou de manter dist�ncia do ve�culo da frente;Colis�o traseira;Com V�timas Feridas;Plena Noite;Decrescente;Nublado;Simples;Reta;N�o;3;0;2;0;1;0;2;2;-22,6180349;-45,1706521;SPRF-SP;DEL08-SP;UOP02-DEL08-SP;;;
733674;22/11/2025;s�bado;18:40:00;RJ;40;118;DUQUE DE CAXIAS;Ultrapassagem Indevida;Colis�o frontal;Com V�timas Feridas;Plena Noite;Decrescente;C�u Claro;Simples;Viaduto;Sim;2;0;1;0;0;1;1;2;-22,763901;-43,2860505;SPRF-RJ;DEL01-RJ;UOP02-DEL01-RJ;;;
733676;22/11/2025;s�bado;19:30:00;PR;277;12,4;PARANAGUA;Acessar a via sem observar a presen�a dos outros ve�culos;Colis�o lateral mesmo sentido;Sem V�timas;Plena Noite;Decrescente;Garoa/Chuvisco;Dupla;"Interse��o de Vias;Retorno Regulamentado;Reta";N�o;2;0;0;0;2;0;0;2;-25,56284306;-48,6385417;SPRF-PR;DEL01-PR;UOP05-DEL01-PR;;;
733679;22/11/2025;s�bado;20:00:00;MG;381;318;NOVA ERA;Rea��o tardia ou ineficiente do condutor;Sa�da de leito carro��vel;Com V�timas Feridas;Plena Noite;Crescente;C�u Claro;Simples;Reta;N�o;3;0;2;0;1;0;2;1;-19,72826091;-43,01326096;SPRF-MG;DEL03-MG;UOP02-DEL03-MG;;;
733680;22/11/2025;s�bado;18:30:00;BA;110;241;OLINDINA;Ingest�o de �lcool pelo condutor;Sa�da de leito carro��vel;Com V�timas Fatais;Plena Noite;Decrescente;C�u Claro;Simples;Reta;N�o;1;1;0;0;0;0;0;1;-11,3539094;-38,337423;SPRF-BA;DEL01-BA;UOP04-DEL01-BA;;;
733681;22/11/2025;s�bado;20:00:00;SP;116;195;ARUJA;Pedestre andava na pista;Atropelamento de Pedestre;Com V�timas Fatais;Plena Noite;Decrescente;C�u Claro;Dupla;Reta;N�o;2;1;0;0;0;1;0;2;-23,391878;-46,282387;SPRF-SP;DEL01-SP;UOP01-DEL01-SP;;;
733682;22/11/2025;s�bado;19:45:00;MG;40;682,7;RESSAQUINHA;Acessar a via sem observar a presen�a dos outros ve�culos;Atropelamento de Pedestre;Com V�timas Feridas;Plena Noite;Crescente;Garoa/Chuvisco;Simples;Reta;N�o;2;0;0;1;1;0;1;2;-21,06515;-43,76759;SPRF-MG;DEL05-MG;UOP02-DEL05-MG;;;
733683;22/11/2025;s�bado;19:25:00;SC;280;24;ARAQUARI;Convers�o proibida;Colis�o transversal;Com V�timas Feridas;Plena Noite;Decrescente;Nublado;Simples;Reta;Sim;2;0;1;0;1;0;1;2;-26,38053294;-48,72322647;SPRF-SC;DEL03-SC;UOP03-DEL03-SC;;;
733686;22/11/2025;s�bado;20:00:00;PR;277;72;SAO JOSE DOS PINHAIS;Ingest�o de �lcool pelo condutor;Colis�o com objeto;Sem V�timas;Plena Noite;Decrescente;C�u Claro;Simples;Reta;Sim;1;0;0;0;1;0;0;1;-25,51627996;-49,11819291;SPRF-PR;DEL01-PR;UOP07-DEL01-PR;;;
733687;22/11/2025;s�bado;19:55:00;RN;427;96,7;CAICO;Aus�ncia de rea��o do condutor;Colis�o com objeto;Com V�timas Feridas;Pleno dia;Crescente;C�u Claro;Dupla;"Interse��o de Vias;Reta;Rotat�ria";N�o;1;0;0;1;0;0;1;1;-6,45643632;-37,05460742;SPRF-RN;DEL03-RN;UOP01-DEL03-RN;;;
733689;22/11/2025;s�bado;17:50:00;SC;101;62;ARAQUARI;Entrada inopinada do pedestre;Colis�o traseira;Com V�timas Feridas;Pleno dia;Crescente;Nublado;M�ltipla;Reta;Sim;4;0;3;0;1;0;3;3;-26,45504656;-48,76862738;SPRF-SC;DEL03-SC;UOP02-DEL03-SC;;;
733690;22/11/2025;s�bado;19:45:00;BA;367;56;PORTO SEGURO;Rea��o tardia ou ineficiente do condutor;Sa�da de leito carro��vel;Com V�timas Feridas;Plena Noite;Decrescente;Chuva;Simples;Curva;N�o;3;0;2;0;1;0;2;1;-16,379;-39,324;SPRF-BA;DEL09-BA;UOP03-DEL09-BA;;;
733691;22/11/2025;s�bado;19:45:00;MS;158;25,5;PARANAIBA;Entrada inopinada do pedestre;Atropelamento de Pedestre;Com V�timas Fatais;Plena Noite;Decrescente;Nublado;Simples;Reta;N�o;2;1;0;0;1;0;0;2;-19,209769;-51,535496;SPRF-MS;DEL08-MS;UOP01-DEL08-MS;;;
733692;22/11/2025;s�bado;19:30:00;SC;280;218;TRES BARRAS;Velocidade Incompat�vel;Capotamento;Com V�timas Feridas;Plena Noite;Crescente;Nublado;Simples;Reta;N�o;1;0;1;0;0;0;1;1;-26,18601731;-50,16480003;SPRF-SC;DEL06-SC;UOP04-DEL06-SC;;;
733693;22/11/2025;s�bado;15:26:00;RJ;101;276;TANGUA;Acessar a via sem observar a presen�a dos outros ve�culos;Colis�o traseira;Com V�timas Feridas;Pleno dia;Decrescente;C�u Claro;Dupla;"Retorno Regulamentado;Curva";Sim;3;0;1;0;2;0;1;2;-22,73925105;-42,74429463;SPRF-RJ;DEL02-RJ;UOP03-DEL02-RJ;;;
733694;22/11/2025;s�bado;17:20:00;RJ;40;24;TRES RIOS;Condutor deixou de manter dist�ncia do ve�culo da frente;Colis�o traseira;Com V�timas Feridas;Pleno dia;Decrescente;C�u Claro;Dupla;Reta;N�o;2;0;1;0;0;1;1;2;-22,15933846;-43,15769643;SPRF-RJ;DEL05-RJ;UOP02-DEL05-RJ;;;
733695;22/11/2025;s�bado;19:30:00;MG;116;415;GOVERNADOR VALADARES;Transitar na contram�o;Colis�o frontal;Com V�timas Feridas;Plena Noite;Decrescente;Nublado;Simples;Reta;Sim;2;0;1;0;1;0;1;2;-18,888217;-41,945742;SPRF-MG;DEL06-MG;UOP01-DEL06-MG;;;
733697;22/11/2025;s�bado;20:10:00;PR;277;3;CURITIBA;Transitar na contram�o;Colis�o frontal;Com V�timas Feridas;Plena Noite;Decrescente;C�u Claro;Simples;"Reta;Declive";Sim;4;0;0;1;3;0;1;2;-25,430867;-49,333554;SPRF-PR;DEL01-PR;UOP06-DEL01-PR;;;
733698;22/11/2025;s�bado;21:00:00;MG;267;125,2;JUIZ DE FORA;Aus�ncia de rea��o do condutor;Colis�o traseira;Com V�timas Feridas;Plena Noite;Decrescente;Nublado;Simples;Reta;N�o;2;0;0;1;0;1;1;2;-21,70484464;-43,51004362;SPRF-MG;DEL05-MG;UOP01-DEL05-MG;;;
733699;22/11/2025;s�bado;21:30:00;SP;116;439,9;REGISTRO;Rea��o tardia ou ineficiente do condutor;Sa�da de leito carro��vel;Com V�timas Feridas;Plena Noite;Crescente;C�u Claro;Dupla;"Reta;Retorno Regulamentado";N�o;1;0;1;0;0;0;1;1;-24,4592626;-47,8157027;SPRF-SP;DEL05-SP;UOP01-DEL05-SP;;;
733702;22/11/2025;s�bado;20:43:00;RO;364;346;JI-PARANA;Ultrapassagem Indevida;Colis�o lateral mesmo sentido;Sem V�timas;Plena Noite;Decrescente;C�u Claro;Simples;Reta;Sim;2;0;0;0;2;0;0;2;-10,86225716;-61,97391093;SPRF-RO;DEL02-RO;UOP01-DEL02-RO;;;
733703;22/11/2025;s�bado;21:00:00;AL;316;243;ATALAIA;Velocidade Incompat�vel;Colis�o transversal;Com V�timas Fatais;Plena Noite;Decrescente;C�u Claro;Simples;Curva;Sim;2;1;0;0;1;0;0;2;-9,5088797;-36,0143952;SPRF-AL;DEL01-AL;UOP01-DEL01-AL;;;
733704;22/11/2025;s�bado;21:30:00;PR;116;58,8;CAMPINA GRANDE DO SUL;Velocidade Incompat�vel;Sa�da de leito carro��vel;Sem V�timas;Plena Noite;Crescente;Chuva;Dupla;Curva;N�o;4;0;0;0;4;0;0;1;-25,30310103;-48,94340515;SPRF-PR;DEL01-PR;UOP02-DEL01-PR;;;
733705;22/11/2025;s�bado;21:30:00;MG;153;10,9;ARAPORA;Condutor Dormindo;Sa�da de leito carro��vel;Com V�timas Fatais;Plena Noite;Crescente;C�u Claro;Dupla;"Reta;Aclive";N�o;3;1;0;2;0;0;2;1;-18,514385;-49,189405;SPRF-MG;DEL15-MG;UOP03-DEL15-MG;;;
733706;22/11/2025;s�bado;19:45:00;MS;163;484;CAMPO GRANDE;Acessar a via sem observar a presen�a dos outros ve�culos;Colis�o transversal;Com V�timas Feridas;Plena Noite;Crescente;C�u Claro;Simples;Interse��o de Vias;N�o;2;0;1;0;1;0;1;2;-20,44739129;-54,54082131;SPRF-MS;DEL01-MS;UOP02-DEL01-MS;;;
733708;22/11/2025;s�bado;16:35:00;RS;470;271;SAO JOSE DO SUL;Velocidade Incompat�vel;Tombamento;Com V�timas Feridas;Pleno dia;Decrescente;Nublado;Simples;Curva;N�o;1;0;0;1;0;0;1;1;-29,53763;-51,4888;SPRF-RS;DEL06-RS;UOP01-DEL06-RS;;;
733709;22/11/2025;s�bado;21:00:00;SP;153;57,8;SAO JOSE DO RIO PRETO;Ingest�o de �lcool pelo condutor;Colis�o com objeto;Sem V�timas;Plena Noite;Decrescente;C�u Claro;Dupla;"Reta;Declive";Sim;1;0;0;0;1;0;0;1;-20,777009;-49,352745;SPRF-SP;DEL09-SP;UOP01-DEL09-SP;;;
733710;22/11/2025;s�bado;19:00:00;CE;222;162;IRAUCUBA;Animais na Pista;Atropelamento de Animal;Com V�timas Feridas;Plena Noite;Decrescente;C�u Claro;Simples;Reta;N�o;2;0;2;0;0;0;2;1;-3,740441;-39,867309;SPRF-CE;DEL04-CE;UOP03-DEL04-CE;;;
733711;22/11/2025;s�bado;21:30:00;RJ;40;121;DUQUE DE CAXIAS;Demais falhas mec�nicas ou el�tricas;Colis�o lateral mesmo sentido;Com V�timas Feridas;Plena Noite;Decrescente;C�u Claro;M�ltipla;Reta;N�o;2;0;1;0;1;0;1;2;-22,78235413;-43,28534252;SPRF-RJ;DEL01-RJ;UOP02-DEL01-RJ;;;
733714;22/11/2025;s�bado;19:37:00;MT;364;204;RONDONOPOLIS;Aus�ncia de rea��o do condutor;Queda de ocupante de ve�culo;Com V�timas Feridas;Plena Noite;Crescente;Nublado;Dupla;Reta;Sim;2;0;1;0;1;0;1;2;-16,46392341;-54,6585438;SPRF-MT;DEL02-MT;UOP01-DEL02-MT;;;
733715;22/11/2025;s�bado;15:13:00;BA;324;624;SALVADOR;Condutor deixou de manter dist�ncia do ve�culo da frente;Colis�o traseira;Com V�timas Feridas;Pleno dia;Decrescente;C�u Claro;Dupla;"Reta;Aclive";Sim;3;0;1;0;2;0;1;3;-12,94449892;-38,47031806;SPRF-BA;DEL01-BA;UOP01-DEL01-BA;;;
733717;22/11/2025;s�bado;21:00:00;MG;262;783;UBERABA;Rea��o tardia ou ineficiente do condutor;Tombamento;Com V�timas Feridas;Plena Noite;Decrescente;C�u Claro;Simples;Reta;N�o;2;0;1;0;1;0;1;1;-19,76673842;-47,88012234;SPRF-MG;DEL13-MG;UOP01-DEL13-MG;;;
733718;22/11/2025;s�bado;21:00:00;RJ;101;486;ANGRA DOS REIS;Convers�o proibida;Colis�o transversal;Com V�timas Feridas;Plena Noite;Decrescente;Nublado;Simples;Reta;Sim;2;0;1;0;1;0;1;2;-22,97175008;-44,29780751;SPRF-RJ;DEL03-RJ;UOP03-DEL03-RJ;;;
733719;22/11/2025;s�bado;23:15:00;GO;50;279;CATALAO;Velocidade Incompat�vel;Queda de ocupante de ve�culo;Com V�timas Feridas;Plena Noite;Decrescente;C�u Claro;M�ltipla;"Em Obras;Interse��o de Vias;Reta";Sim;1;0;0;1;0;0;1;1;-18,17637174;-47,933057;SPRF-GO;DEL06-GO;UOP01-DEL06-GO;;;
733720;22/11/2025;s�bado;22:30:00;MG;116;515,5;UBAPORANGA;Transitar na contram�o;Colis�o frontal;Com V�timas Feridas;Plena Noite;Crescente;C�u Claro;Simples;Reta;N�o;6;0;2;1;3;0;3;2;-19,697489;-42,116456;SPRF-MG;DEL06-MG;UOP02-DEL06-MG;;;
733721;22/11/2025;s�bado;23:30:00;PE;101;49,6;ABREU E LIMA;Rea��o tardia ou ineficiente do condutor;Colis�o traseira;Sem V�timas;Plena Noite;Decrescente;Nublado;M�ltipla;Reta;Sim;2;0;0;0;2;0;0;2;-7,90477;-34,90229;SPRF-PE;DEL01-PE;UOP02-DEL01-PE;;;
733722;22/11/2025;s�bado;22:30:00;RJ;465;20;NOVA IGUACU;Ultrapassagem Indevida;Colis�o lateral sentido oposto;Com V�timas Feridas;Plena Noite;Decrescente;Nublado;Simples;Reta;Sim;4;0;0;1;1;2;1;4;-22,8399;-43,6099;SPRF-RJ;DEL06-RJ;UOP02-DEL06-RJ;;;
733723;22/11/2025;s�bado;23:40:00;RJ;116;288;BARRA MANSA;Rea��o tardia ou ineficiente do condutor;Colis�o com objeto;Com V�timas Feridas;Plena Noite;Crescente;C�u Claro;Dupla;Reta;N�o;1;0;0;1;0;0;1;1;-22,47195451;-44,27739143;SPRF-RJ;DEL07-RJ;UOP02-DEL07-RJ;;;
733724;22/11/2025;s�bado;21:00:00;MT;364;285;JACIARA;Aus�ncia de rea��o do condutor;Sa�da de leito carro��vel;Sem V�timas;Plena Noite;Crescente;C�u Claro;Dupla;Curva;N�o;1;0;0;0;0;1;0;1;-15,94562585;-55,00646071;SPRF-MT;DEL05-MT;UOP02-DEL05-MT;;;
733725;22/11/2025;s�bado;23:40:00;PR;369;435,1;UBIRATA;Ingest�o de �lcool pelo condutor;Sa�da de leito carro��vel;Sem V�timas;Plena Noite;Decrescente;C�u Claro;Simples;"Aclive;Reta";N�o;1;0;0;0;1;0;0;1;-24,55145728;-53,01314137;SPRF-PR;DEL04-PR;UOP03-DEL04-PR;;;