id;data_inversa;dia_semana;horario;uf;br;km;municipio;causa_acidente;tipo_acidente;classificacao_acidente;fase_dia;sentido_via;condicao_metereologica;tipo_pista;tracado_via;uso_solo;pessoas;mortos;feridos_leves;feridos_graves;ilesos;ignorados;feridos;veiculos;latitude;longitude;regional;delegacia;uop;;;
733726;23/11/2025;domingo;00:00:00;BA;242;921;LUIS EDUARDO MAGALHAES;Aus�ncia de rea��o do condutor;Colis�o traseira;Com V�timas Fatais;Plena Noite;Crescente;C�u Claro;Simples;Reta;N�o;3;2;1;0;0;0;1;2;-12,10634562;-45,90882636;SPRF-BA;DEL10-BA;UOP01-DEL10-BA;;;
733727;22/11/2025;s�bado;23:40:00;SC;101;57,8;ARAQUARI;Aus�ncia de rea��o do condutor;Sa�da de leito carro��vel;Com V�timas Feridas;Plena Noite;Crescente;Chuva;Dupla;Reta;N�o;3;0;2;0;1;0;2;1;-26,439084;-48,802678;SPRF-SC;DEL03-SC;UOP01-DEL03-SC;;;
733728;23/11/2025;domingo;01:05:00;ES;101;293,7;CARIACICA;Condutor Dormindo;Colis�o com objeto;Com V�timas Feridas;Plena Noite;Crescente;C�u Claro;M�ltipla;Reta;N�o;1;0;1;0;0;0;1;1;-20,32144249;-40,39581506;SPRF-ES;DEL01-ES;UOP01-DEL01-ES;;;
733730;22/11/2025;s�bado;23:55:00;SC;282;482,7;FAXINAL DOS GUEDES;Condutor deixou de manter dist�ncia do ve�culo da frente;Colis�o traseira;Com V�timas Fatais;Plena Noite;Decrescente;C�u Claro;Simples;"Aclive;Reta";N�o;3;1;0;1;1;0;1;2;-26,8651;-52,21007;SPRF-SC;DEL07-SC;UOP01-DEL07-SC;;;
733731;23/11/2025;domingo;02:20:00;MG;40;459,5;CAETANOPOLIS;Velocidade Incompat�vel;Colis�o traseira;Com V�timas Feridas;Plena Noite;Crescente;Chuva;Dupla;Reta;N�o;2;0;1;0;0;1;1;2;-19,393428;-44,334717;SPRF-MG;DEL02-MG;UOP01-DEL02-MG;;;
733732;23/11/2025;domingo;01:00:00;RJ;101;298;ITABORAI;Avarias e/ou desgaste excessivo no pneu;Queda de ocupante de ve�culo;Com V�timas Feridas;Plena Noite;Decrescente;C�u Claro;M�ltipla;"Curva;Retorno Regulamentado";N�o;1;0;1;0;0;0;1;1;-22,77185589;-42,92822099;SPRF-RJ;DEL02-RJ;UOP02-DEL02-RJ;;;
733733;23/11/2025;domingo;02:20:00;DF;40;3;BRASILIA;Aus�ncia de rea��o do condutor;Sa�da de leito carro��vel;Com V�timas Feridas;Plena Noite;Crescente;Chuva;Dupla;"Viaduto;Reta";Sim;1;0;1;0;0;0;1;1;-16,00097119;-47,98462842;SPRF-DF;DEL01-DF;UOP01-DEL01-DF;;;
733735;23/11/2025;domingo;02:30:00;SP;381;74;SAO PAULO;Condutor Dormindo;Sa�da de leito carro��vel;Com V�timas Feridas;Plena Noite;Decrescente;C�u Claro;Dupla;Curva;N�o;2;0;2;0;0;0;2;1;-23,375376;-46,560633;SPRF-SP;DEL03-SP;UOP01-DEL03-SP;;;
733736;23/11/2025;domingo;03:20:00;MG;381;498,2;BETIM;Ingest�o de �lcool pelo condutor;Sa�da de leito carro��vel;Com V�timas Feridas;Plena Noite;Crescente;C�u Claro;M�ltipla;"Curva;Declive";Sim;2;0;2;0;0;0;2;1;-19,9887907;-44,2052441;SPRF-MG;DEL01-MG;UOP03-DEL01-MG;;;
733737;23/11/2025;domingo;03:00:00;SC;280;130;RIO NEGRINHO;Ingest�o de �lcool pelo condutor;Colis�o com objeto;Com V�timas Feridas;Plena Noite;Crescente;C�u Claro;Simples;"Curva;Ponte";Sim;1;0;1;0;0;0;1;1;-26,25201791;-49,52756882;SPRF-SC;DEL06-SC;UOP03-DEL06-SC;;;
733738;23/11/2025;domingo;02:50:00;MG;40;459,5;CAETANOPOLIS;Chuva;Tombamento;Com V�timas Feridas;Plena Noite;Decrescente;Chuva;Dupla;"Reta;Aclive";N�o;2;0;2;0;0;0;2;1;-19,392798;-44,334758;SPRF-MG;DEL02-MG;UOP01-DEL02-MG;;;
733740;23/11/2025;domingo;04:20:00;GO;153;439;ANAPOLIS;Ingest�o de �lcool pelo condutor;Colis�o com objeto;Sem V�timas;Amanhecer;Decrescente;Nublado;Dupla;"Desvio Tempor�rio;Em Obras";N�o;1;0;0;0;1;0;0;1;-16,30487;-48,924488;SPRF-GO;DEL02-GO;UOP01-DEL02-GO;;;
733741;23/11/2025;domingo;03:45:00;PE;104;78,9;AGRESTINA;Animais na Pista;Atropelamento de Animal;Com V�timas Feridas;Amanhecer;Crescente;C�u Claro;Simples;Reta;N�o;1;0;0;1;0;0;1;1;-8,39105;-35,97393;SPRF-PE;DEL02-PE;UOP01-DEL02-PE;;;
733743;23/11/2025;domingo;04:40:00;CE;222;88;UMIRIM;Ingest�o de �lcool pelo condutor;Colis�o frontal;Com V�timas Feridas;Pleno dia;Crescente;C�u Claro;Simples;Reta;Sim;2;0;0;1;0;1;1;2;-3,67600712;-39,33689117;SPRF-CE;DEL01-CE;UOP03-DEL01-CE;;;
733744;23/11/2025;domingo;04:07:00;SC;116;59,2;PAPANDUVA;Aus�ncia de rea��o do condutor;Colis�o com objeto;Com V�timas Feridas;Plena Noite;Crescente;C�u Claro;Simples;Reta;N�o;2;0;1;1;0;0;2;1;-26,37967;-50,21028;SPRF-SC;DEL06-SC;UOP02-DEL06-SC;;;
733745;23/11/2025;domingo;05:40:00;RS;386;72,5;BOA VISTA DAS MISSOES;Aus�ncia de rea��o do condutor;Sa�da de leito carro��vel;Com V�timas Feridas;Amanhecer;Decrescente;C�u Claro;Simples;Reta;Sim;1;0;1;0;0;0;1;1;-27,66765561;-53,3125612;SPRF-RS;DEL08-RS;UOP02-DEL08-RS;;;
733746;23/11/2025;domingo;06:00:00;GO;60;73,4;ABADIANIA;Ingest�o de �lcool pelo condutor;Sa�da de leito carro��vel;Com V�timas Feridas;Amanhecer;Decrescente;Chuva;Dupla;"Reta;Aclive";N�o;4;0;3;0;1;0;3;1;-16,270089;-48,769561;SPRF-GO;DEL02-GO;UOP01-DEL02-GO;;;
733747;23/11/2025;domingo;05:20:00;SC;101;173;GOVERNADOR CELSO RAMOS;Velocidade Incompat�vel;Capotamento;Sem V�timas;Amanhecer;Decrescente;C�u Claro;Dupla;Interse��o de Vias;N�o;1;0;0;0;0;1;0;1;-27,32559439;-48,62701312;SPRF-SC;DEL04-SC;UOP03-DEL04-SC;;;
733748;23/11/2025;domingo;04:50:00;RS;116;462;SAO LOURENCO DO SUL;Condutor Dormindo;Capotamento;Com V�timas Feridas;Plena Noite;Crescente;C�u Claro;Dupla;Reta;N�o;1;0;1;0;0;0;1;1;-31,30854522;-52,01857758;SPRF-RS;DEL02-RS;UOP02-DEL02-RS;;;
733752;23/11/2025;domingo;01:00:00;PE;104;109;PANELAS;Transitar na contram�o;Colis�o frontal;Com V�timas Feridas;Pleno dia;Decrescente;C�u Claro;Simples;Curva;N�o;3;0;1;0;0;2;1;3;-8,622825;-35,995077;SPRF-PE;DEL02-PE;UOP01-DEL02-PE;;;
733753;23/11/2025;domingo;04:10:00;BA;116;424;FEIRA DE SANTANA;Rea��o tardia ou ineficiente do condutor;Colis�o com objeto;Com V�timas Feridas;Plena Noite;Crescente;Nublado;Dupla;"Declive;Reta";Sim;1;0;1;0;0;0;1;1;-12,247529;-38,987439;SPRF-BA;DEL02-BA;UOP01-DEL02-BA;;;
733754;23/11/2025;domingo;04:00:00;RJ;116;182;NOVA IGUACU;Aus�ncia de rea��o do condutor;Sa�da de leito carro��vel;Sem V�timas;Amanhecer;Decrescente;C�u Claro;Dupla;Reta;Sim;2;0;0;0;2;0;0;1;-22,75767093;-43,43062576;SPRF-RJ;DEL06-RJ;UOP01-DEL06-RJ;;;
733755;23/11/2025;domingo;06:10:00;RS;101;75,7;OSORIO;Ingest�o de �lcool pelo condutor;Sa�da de leito carro��vel;Sem V�timas;Amanhecer;Decrescente;Chuva;Dupla;Curva;N�o;1;0;0;0;0;1;0;1;-29,794092;-50,230646;SPRF-RS;DEL03-RS;UOP01-DEL03-RS;;;
733756;22/11/2025;s�bado;03:30:00;PR;376;599,8;CURITIBA;Aus�ncia de rea��o do condutor;Tombamento;Com V�timas Feridas;Plena Noite;Decrescente;C�u Claro;Dupla;"Aclive;Reta";Sim;1;0;1;0;0;0;1;1;-25,50056471;-49,34197545;SPRF-PR;DEL01-PR;UOP03-DEL01-PR;;;
733758;23/11/2025;domingo;06:50:00;PR;369;371;MAMBORE;Condutor deixou de manter dist�ncia do ve�culo da frente;Colis�o traseira;Com V�timas Feridas;Amanhecer;Decrescente;C�u Claro;Simples;Reta;N�o;4;0;2;0;2;0;2;3;-24,28205354;-52,54587857;SPRF-PR;DEL04-PR;UOP03-DEL04-PR;;;
733759;23/11/2025;domingo;00:20:00;MG;381;783,1;TRES CORACOES;Velocidade Incompat�vel;Sa�da de leito carro��vel;Com V�timas Feridas;Plena Noite;Crescente;Nublado;Dupla;Reta;N�o;1;0;1;0;0;0;1;1;-21,6793088;-45,3476352;SPRF-MG;DEL16-MG;UOP02-DEL16-MG;;;
733760;23/11/2025;domingo;07:10:00;SP;488;0,5;APARECIDA;Velocidade Incompat�vel;Colis�o transversal;Com V�timas Feridas;Amanhecer;Crescente;Nublado;Dupla;"Declive;Reta";Sim;2;0;1;0;1;0;1;2;-22,8535506;-45,23227628;SPRF-SP;DEL08-SP;UOP01-DEL08-SP;;;
733761;22/11/2025;s�bado;19:00:00;RO;435;83;COLORADO DO OESTE;Condutor deixou de manter dist�ncia do ve�culo da frente;Colis�o traseira;Com V�timas Feridas;Plena Noite;Crescente;Nublado;Dupla;Reta;Sim;2;0;1;0;1;0;1;2;-13,1209832;-60,5450076;SPRF-RO;DEL04-RO;UOP02-DEL04-RO;;;
733762;23/11/2025;domingo;06:15:00;SC;280;239;CANOINHAS;Aus�ncia de rea��o do condutor;Sa�da de leito carro��vel;Com V�timas Feridas;Amanhecer;Crescente;Nublado;Simples;Reta;N�o;1;0;1;0;0;0;1;1;-26,21387;-50,45106;SPRF-SC;DEL06-SC;UOP04-DEL06-SC;;;
733763;22/11/2025;s�bado;23:27:00;PR;116;20,2;ANTONINA;Chuva;Colis�o com objeto;Com V�timas Feridas;Plena Noite;Crescente;Garoa/Chuvisco;Dupla;Curva;N�o;2;0;1;0;1;0;1;1;-25,100521;-48,730428;SPRF-PR;DEL01-PR;UOP02-DEL01-PR;;;
733764;15/11/2025;s�bado;19:30:00;BA;116;345;TEOFILANDIA;Animais na Pista;Atropelamento de Animal;Com V�timas Feridas;Plena Noite;Decrescente;C�u Claro;Simples;Reta;N�o;2;0;0;2;0;0;2;1;-11,54648;-38,99083;SPRF-BA;DEL02-BA;UOP01-DEL02-BA;;;
733766;15/11/2025;s�bado;15:40:00;MG;40;43;PARACATU;Acessar a via sem observar a presen�a dos outros ve�culos;Colis�o transversal;Com V�timas Feridas;Pleno dia;Decrescente;Sol;Simples;Reta;Sim;2;0;1;0;1;0;1;2;-17,227653;-46,858515;SPRF-MG;DEL14-MG;UOP01-DEL14-MG;;;
733767;22/11/2025;s�bado;16:50:00;MT;364;542,5;ROSARIO OESTE;Manobra de mudan�a de faixa;Colis�o transversal;Com V�timas Feridas;Pleno dia;Decrescente;C�u Claro;Simples;Reta;Sim;2;0;0;1;1;0;1;2;-14,83900306;-56,43959642;SPRF-MT;DEL01-MT;UOP01-DEL01-MT;;;
733768;23/11/2025;domingo;07:35:00;PE;232;80,1;GRAVATA;Aus�ncia de rea��o do condutor;Colis�o frontal;Com V�timas Feridas;Pleno dia;Crescente;C�u Claro;Simples;"Reta;Declive";Sim;2;0;0;1;0;1;1;2;-8,195906;-35,571283;SPRF-PE;DEL02-PE;UOP02-DEL02PE;;;
733769;23/11/2025;domingo;07:15:00;MS;267;453;GUIA LOPES DA LAGUNA;Condutor Dormindo;Sa�da de leito carro��vel;Com V�timas Feridas;Pleno dia;Crescente;C�u Claro;Simples;Reta;N�o;1;0;1;0;0;0;1;1;-21,45498584;-55,91148376;SPRF-MS;DEL05-MS;UOP01-DEL05-MS;;;
733770;23/11/2025;domingo;03:30:00;RJ;116;205;SEROPEDICA;Condutor Dormindo;Sa�da de leito carro��vel;Sem V�timas;Plena Noite;Crescente;Nublado;Dupla;Reta;N�o;1;0;0;0;0;1;0;1;-22,7241963;-43,6642586;SPRF-RJ;DEL06-RJ;UOP02-DEL06-RJ;;;
733771;23/11/2025;domingo;07:35:00;MG;116;548;SANTA BARBARA DO LESTE;Acessar a via sem observar a presen�a dos outros ve�culos;Colis�o transversal;Com V�timas Feridas;Pleno dia;Decrescente;C�u Claro;Dupla;"Aclive;Interse��o de Vias;Reta";N�o;2;0;1;0;1;0;1;2;-19,96123;-42,133683;SPRF-MG;DEL06-MG;UOP02-DEL06-MG;;;
733773;23/11/2025;domingo;08:50:00;RN;304;291,1;MACAIBA;Avarias e/ou desgaste excessivo no pneu;Tombamento;Com V�timas Feridas;Pleno dia;Crescente;C�u Claro;Simples;Reta;N�o;2;0;2;0;0;0;2;1;-5,86675141;-35,40101465;SPRF-RN;DEL01-RN;UOP02-DEL01-RN;;;
733774;23/11/2025;domingo;06:30:00;SC;101;200,3;SAO JOSE;Demais falhas mec�nicas ou el�tricas;Colis�o com objeto;Com V�timas Feridas;Pleno dia;Decrescente;Chuva;Dupla;Reta;Sim;1;0;1;0;0;0;1;1;-27,54252;-48,62078;SPRF-SC;DEL01-SC;UOP01-DEL01-SC;;;
733775;23/11/2025;domingo;07:50:00;SC;280;28;ARAQUARI;Condutor Dormindo;Colis�o frontal;Com V�timas Feridas;Pleno dia;Crescente;Chuva;Simples;Reta;Sim;3;0;1;0;2;0;1;2;-26,40968459;-48,7514817;SPRF-SC;DEL03-SC;UOP03-DEL03-SC;;;
733776;23/11/2025;domingo;08:35:00;RJ;116;126;MAGE;Manobra de mudan�a de faixa;Colis�o lateral mesmo sentido;Com V�timas Feridas;Pleno dia;Decrescente;Sol;Dupla;Reta;N�o;2;0;1;0;1;0;1;2;-22,659072;-43,0866432;SPRF-RJ;DEL04-RJ;UOP02-DEL04-RJ;;;
733779;23/11/2025;domingo;09:30:00;SC;101;77,9;ARAQUARI;Trafegar com motocicleta (ou similar) entre as faixas;Colis�o traseira;Com V�timas Feridas;Pleno dia;Decrescente;Chuva;Dupla;Reta;N�o;3;0;2;0;1;0;2;2;-26,57919;-48,722368;SPRF-SC;DEL03-SC;UOP02-DEL03-SC;;;
733780;23/11/2025;domingo;09:45:00;MG;262;379;JUATUBA;Aus�ncia de rea��o do condutor;Tombamento;Com V�timas Feridas;Pleno dia;Crescente;Nublado;Dupla;Reta;N�o;1;0;1;0;0;0;1;1;-19,92179344;-44,47667313;SPRF-MG;DEL01-MG;UOP03-DEL01-MG;;;
733783;23/11/2025;domingo;05:00:00;AC;317;259;EPITACIOLANDIA;Aus�ncia de rea��o do condutor;Sa�da de leito carro��vel;Com V�timas Fatais;Amanhecer;Decrescente;C�u Claro;Simples;Reta;N�o;1;1;0;0;0;0;0;1;-10,885614;-68,527672;SPRF-AC;DEL01-AC;UOP02-DEL01-AC;;;
733784;23/11/2025;domingo;10:30:00;BA;324;602;SIMOES FILHO;Demais falhas na via;Sa�da de leito carro��vel;Com V�timas Feridas;Pleno dia;Crescente;Sol;Dupla;Reta;N�o;2;0;1;0;1;0;1;1;-12,76465358;-38,4235754;SPRF-BA;DEL01-BA;UOP01-DEL01-BA;;;
733785;23/11/2025;domingo;10:40:00;MG;40;575,8;ITABIRITO;Aus�ncia de rea��o do condutor;Tombamento;Com V�timas Feridas;Pleno dia;Crescente;Nublado;M�ltipla;"Interse��o de Vias;Reta";Sim;1;0;0;1;0;0;1;1;-20,2646123;-43,958325;SPRF-MG;DEL01-MG;UOP02-DEL01-MG;;;
733787;23/11/2025;domingo;10:45:00;PR;277;583;CASCAVEL;Aus�ncia de rea��o do condutor;Capotamento;Com V�timas Feridas;Pleno dia;Crescente;C�u Claro;Dupla;Reta;Sim;3;0;1;0;2;0;1;1;-24,97379;-53,39138;SPRF-PR;DEL04-PR;UOP01-DEL04-PR;;;
733788;23/11/2025;domingo;10:30:00;SP;116;133,3;SAO JOSE DOS CAMPOS;Avarias e/ou desgaste excessivo no pneu;Tombamento;Com V�timas Feridas;Pleno dia;Crescente;C�u Claro;Dupla;Reta;Sim;2;0;2;0;0;0;2;1;-23,13805469;-45,75773525;SPRF-SP;DEL02-SP;UOP02-DEL02-SP;;;
733790;23/11/2025;domingo;09:30:00;RS;392;53;RIO GRANDE;Ingest�o de �lcool pelo condutor;Sa�da de leito carro��vel;Sem V�timas;Pleno dia;Crescente;C�u Claro;Dupla;Reta;N�o;3;0;0;0;0;3;0;2;-31,84761503;-52,32709765;SPRF-RS;DEL07-RS;UOP02-DEL07-RS;;;
733791;23/11/2025;domingo;07:15:00;SC;280;56,7;GUARAMIRIM;Velocidade Incompat�vel;Colis�o com objeto;Com V�timas Feridas;Pleno dia;Decrescente;Chuva;Simples;Curva;Sim;2;0;2;0;0;0;2;1;-26,47437073;-49,02069962;SPRF-SC;DEL03-SC;UOP03-DEL03-SC;;;
733792;23/11/2025;domingo;11:10:00;ES;101;371;ANCHIETA;Transitar na contram�o;Colis�o frontal;Com V�timas Feridas;Pleno dia;Crescente;C�u Claro;Simples;Reta;N�o;4;0;2;1;1;0;3;2;-20,77004744;-40,76938089;SPRF-ES;DEL03-ES;UOP01-DEL03-ES;;;
733793;23/11/2025;domingo;10:55:00;SP;381;15;BRAGANCA PAULISTA;Manobra de mudan�a de faixa;Colis�o lateral mesmo sentido;Com V�timas Feridas;Pleno dia;Crescente;C�u Claro;Dupla;"Reta;Aclive";N�o;3;0;1;0;2;0;1;2;-22,951277;-46,479649;SPRF-SP;DEL03-SP;UOP02-DEL03-SP;;;
733794;23/11/2025;domingo;10:45:00;MG;381;627,9;OLIVEIRA;Velocidade Incompat�vel;Colis�o com objeto;Com V�timas Feridas;Pleno dia;Decrescente;Chuva;Dupla;"Curva;Declive";N�o;1;0;1;0;0;0;1;1;-20,817881;-44,798687;SPRF-MG;DEL04-MG;UOP01-DEL04-MG;;;
733795;23/11/2025;domingo;09:00:00;MG;381;535,9;ITATIAIUCU;Rea��o tardia ou ineficiente do condutor;Tombamento;Com V�timas Feridas;Pleno dia;Decrescente;Chuva;Dupla;Reta;N�o;1;0;1;0;0;0;1;1;-20,19905718;-44,38476563;SPRF-MG;DEL04-MG;UOP03-DEL04-MG;;;
733796;23/11/2025;domingo;11:45:00;MG;40;437,1;PARAOPEBA;Demais falhas mec�nicas ou el�tricas;Tombamento;Com V�timas Feridas;Pleno dia;Crescente;Nublado;Dupla;"Ponte;Curva";N�o;1;0;1;0;0;0;1;1;-19,23539021;-44,43116086;SPRF-MG;DEL02-MG;UOP01-DEL02-MG;;;
733797;23/11/2025;domingo;11:50:00;SP;116;216;GUARULHOS;Ingest�o de �lcool pelo condutor;Colis�o traseira;Sem V�timas;Pleno dia;Crescente;Nublado;M�ltipla;"Reta;Declive";Sim;2;0;0;0;2;0;0;2;-23,44983;-46,46085;SPRF-SP;DEL01-SP;UOP01-DEL01-SP;;;
733798;23/11/2025;domingo;10:50:00;PR;277;0;CURITIBA;Velocidade Incompat�vel;Colis�o traseira;Com V�timas Feridas;Plena Noite;Crescente;C�u Claro;Dupla;Reta;Sim;4;0;0;2;2;0;2;3;-25,43191414;-49,3644139;SPRF-PR;DEL01-PR;UOP06-DEL01-PR;;;
733799;23/11/2025;domingo;10:35:00;MG;262;54,4;MANHUACU;Ultrapassagem Indevida;Colis�o transversal;Com V�timas Feridas;Pleno dia;Decrescente;C�u Claro;Simples;Reta;N�o;5;0;2;0;3;0;2;2;-20,26246;-42,16859;SPRF-MG;DEL06-MG;UOP03-DEL06-MG;;;
733800;23/11/2025;domingo;11:00:00;PA;10;34,5;DOM ELISEU;Avarias e/ou desgaste excessivo no pneu;Tombamento;Com V�timas Feridas;Pleno dia;Crescente;Sol;Simples;"Reta;Declive";N�o;2;0;1;1;0;0;2;1;-4,149177;-47,546147;SPRF-PA;DEL02-PA;UOP02-DEL02-PA;;;
733801;23/11/2025;domingo;10:45:00;PE;232;128;CARUARU;Rea��o tardia ou ineficiente do condutor;Colis�o lateral mesmo sentido;Com V�timas Feridas;Pleno dia;Decrescente;Sol;Dupla;"Reta;Aclive";Sim;4;0;2;0;2;0;2;3;-8,30186;-35,98313;SPRF-PE;DEL02-PE;UOP03-DEL02-PE;;;
733803;23/11/2025;domingo;11:50:00;RN;226;272,3;TRIUNFO POTIGUAR;Avarias e/ou desgaste excessivo no pneu;Tombamento;Com V�timas Feridas;Pleno dia;Crescente;C�u Claro;Simples;Reta;N�o;2;0;0;1;0;1;1;2;-5,88593296;-37,17070878;SPRF-RN;DEL03-RN;UOP01-DEL03-RN;;;
733805;23/11/2025;domingo;12:16:00;PE;232;7;RECIFE;Manobra de mudan�a de faixa;Colis�o lateral mesmo sentido;Com V�timas Feridas;Pleno dia;Decrescente;Sol;M�ltipla;Reta;Sim;2;0;1;0;1;0;1;2;-8,07532;-34,96875;SPRF-PE;DEL01-PE;UOP01-DEL01-PE;;;
733806;23/11/2025;domingo;12:00:00;SC;101;318,7;PESCARIA BRAVA;Chuva;Colis�o traseira;Com V�timas Feridas;Pleno dia;Crescente;Chuva;Dupla;Reta;N�o;8;0;1;0;7;0;1;2;-28,4278788;-48,8842389;SPRF-SC;DEL02-SC;UOP01-DEL02-SC;;;
733807;23/11/2025;domingo;11:40:00;SP;116;49;LORENA;Velocidade Incompat�vel;Colis�o traseira;Com V�timas Feridas;Pleno dia;Decrescente;C�u Claro;Dupla;Reta;N�o;3;0;0;1;2;0;1;2;-22,7340546;-45,0876557;SPRF-SP;DEL08-SP;UOP02-DEL08-SP;;;
733808;23/11/2025;domingo;11:30:00;MS;163;549;BANDEIRANTES;Acessar a via sem observar a presen�a dos outros ve�culos;Colis�o transversal;Com V�timas Feridas;Pleno dia;Decrescente;C�u Claro;Simples;"Interse��o de Vias;Reta";Sim;3;0;0;1;2;0;1;2;-19,9126591;-54,3703386;SPRF-MS;DEL01-MS;UOP02-DEL01-MS;;;
733809;23/11/2025;domingo;11:50:00;PR;277;116,9;CAMPO LARGO;Manobra de mudan�a de faixa;Colis�o lateral mesmo sentido;Com V�timas Feridas;Pleno dia;Crescente;Nublado;Dupla;Reta;Sim;4;0;2;1;0;1;3;3;-25,44279239;-49,45093199;SPRF-PR;DEL03-PR;UOP03-DEL03-PR;;;
733810;23/11/2025;domingo;13:15:00;RS;116;238;NOVO HAMBURGO;Condutor deixou de manter dist�ncia do ve�culo da frente;Colis�o traseira;Com V�timas Feridas;Pleno dia;Decrescente;C�u Claro;M�ltipla;Declive;Sim;2;0;1;0;1;0;1;2;-29,69196338;-51,14326306;SPRF-RS;DEL01-RS;UOP02-DEL01-RS;;;
733812;23/11/2025;domingo;11:40:00;MS;163;264,8;DOURADOS;Velocidade Incompat�vel;Colis�o com objeto;Sem V�timas;Pleno dia;Decrescente;C�u Claro;Dupla;Curva;Sim;1;0;0;0;0;1;0;1;-22,22382688;-54,73218649;SPRF-MS;DEL04-MS;UOP01-DEL04-MS;;;
733813;23/11/2025;domingo;12:55:00;SP;381;57;MAIRIPORA;Ultrapassagem Indevida;Colis�o traseira;Sem V�timas;Pleno dia;Crescente;Nublado;Dupla;"Aclive;Reta";N�o;4;0;0;0;3;1;0;4;-23,27755482;-46,58598516;SPRF-SP;DEL03-SP;UOP01-DEL03-SP;;;
733814;23/11/2025;domingo;12:30:00;RJ;101;427;MANGARATIBA;Aus�ncia de rea��o do condutor;Colis�o traseira;Com V�timas Feridas;Pleno dia;Decrescente;Nublado;Simples;"Reta;Aclive";N�o;3;0;1;0;2;0;1;3;-22,9340385;-43,9903421;SPRF-RJ;DEL03-RJ;UOP02-DEL03-RJ;;;
733816;23/11/2025;domingo;12:40:00;MS;163;492;CAMPO GRANDE;Aus�ncia de rea��o do condutor;Colis�o com objeto;Com V�timas Feridas;Pleno dia;Crescente;Chuva;Simples;Curva;N�o;4;0;1;3;0;0;4;1;-20,38299843;-54,5414513;SPRF-MS;DEL01-MS;UOP02-DEL01-MS;;;
733817;23/11/2025;domingo;13:25:00;MG;381;925;ITAPEVA;Velocidade Incompat�vel;Queda de ocupante de ve�culo;Com V�timas Feridas;Pleno dia;Crescente;Chuva;Dupla;Curva;N�o;2;0;2;0;0;0;2;1;-22,77142127;-46,20296538;SPRF-MG;DEL16-MG;UOP03-DEL16-MG;;;
733819;23/11/2025;domingo;13:00:00;SC;101;286,7;IMBITUBA;Avarias e/ou desgaste excessivo no pneu;Colis�o com objeto;Com V�timas Feridas;Pleno dia;Crescente;Chuva;M�ltipla;Reta;N�o;2;0;2;0;0;0;2;1;-28,2540597;-48,70301075;SPRF-SC;DEL02-SC;UOP03-DEL02-SC;;;
733820;23/11/2025;domingo;07:30:00;MG;262;23,1;REDUTO;Aus�ncia de rea��o do condutor;Sa�da de leito carro��vel;Com V�timas Fatais;Pleno dia;Decrescente;C�u Claro;Simples;"Declive;Curva";N�o;1;1;0;0;0;0;0;1;-20,24967;-41,931143;SPRF-MG;DEL06-MG;UOP03-DEL06-MG;;;
733822;23/11/2025;domingo;10:40:00;SC;280;92,3;CORUPA;Pista Escorregadia;Colis�o frontal;Com V�timas Feridas;Pleno dia;Crescente;Garoa/Chuvisco;Simples;"Declive;Curva";N�o;2;0;2;0;0;0;2;2;-26,39527;-49,300138;SPRF-SC;DEL06-SC;UOP03-DEL06-SC;;;
733824;23/11/2025;domingo;13:20:00;MG;381;424;SABARA;Chuva;Colis�o lateral sentido oposto;Com V�timas Feridas;Pleno dia;Decrescente;Chuva;Simples;Curva;N�o;3;0;1;1;1;0;2;2;-19,78679516;-43,70075123;SPRF-MG;DEL01-MG;UOP01-DEL01-MG;;;
733825;23/11/2025;domingo;09:55:00;MS;163;76;ITAQUIRAI;Acessar a via sem observar a presen�a dos outros ve�culos;Colis�o lateral mesmo sentido;Com V�timas Feridas;Pleno dia;Crescente;C�u Claro;Simples;Reta;Sim;4;0;2;0;2;0;2;2;-23,483119;-54,185824;SPRF-MS;DEL09-MS;UOP01-DEL09-MS;;;
733826;23/11/2025;domingo;11:50:00;MG;365;63;JEQUITAI;Chuva;Sa�da de leito carro��vel;Com V�timas Feridas;Pleno dia;Crescente;Chuva;Simples;Curva;N�o;2;0;2;0;0;0;2;1;-17,21224027;-44,44202006;SPRF-MG;DEL12-MG;UOP01-DEL12-MG;;;
733827;23/11/2025;domingo;10:40:00;RS;116;206;PICADA CAFE;Aus�ncia de rea��o do condutor;Sa�da de leito carro��vel;Com V�timas Feridas;Pleno dia;Decrescente;C�u Claro;Simples;Curva;N�o;2;0;2;0;0;0;2;1;-29,498228;-51,129287;SPRF-RS;DEL05-RS;UOP02-DEL05-RS;;;
733828;23/11/2025;domingo;12:00:00;MG;381;533,5;ITATIAIUCU;Chuva;Sa�da de leito carro��vel;Com V�timas Feridas;Pleno dia;Crescente;Chuva;Dupla;"Curva;Declive";N�o;2;0;1;0;1;0;1;1;-20,174404;-44,375813;SPRF-MG;DEL04-MG;UOP03-DEL04-MG;;;
733829;23/11/2025;domingo;14:20:00;MG;116;652;SAO FRANCISCO DO GLORIA;Chuva;Sa�da de leito carro��vel;Com V�timas Feridas;Pleno dia;Crescente;Chuva;Simples;Curva;N�o;1;0;1;0;0;0;1;1;-20,741;-42,286;SPRF-MG;DEL07-MG;UOP02-DEL07-MG;;;
733831;23/11/2025;domingo;14:00:00;DF;20;20,1;BRASILIA;Avarias e/ou desgaste excessivo no pneu;Sa�da de leito carro��vel;Com V�timas Feridas;Pleno dia;Decrescente;Garoa/Chuvisco;Dupla;"Declive;Reta";Sim;1;0;0;1;0;0;1;1;-15,6063;-47,69029;SPRF-DF;DEL02-DF;UOP01-DEL02-DF;;;
733832;23/11/2025;domingo;13:00:00;MG;381;523;BRUMADINHO;Chuva;Queda de ocupante de ve�culo;Com V�timas Feridas;Pleno dia;Decrescente;Chuva;Dupla;"Reta;Aclive";N�o;1;0;1;0;0;0;1;1;-20,133803;-44,309718;SPRF-MG;DEL04-MG;UOP03-DEL04-MG;;;