id;data_inversa;dia_semana;horario;uf;br;km;municipio;causa_acidente;tipo_acidente;classificacao_acidente;fase_dia;sentido_via;condicao_metereologica;tipo_pista;tracado_via;uso_solo;pessoas;mortos;feridos_leves;feridos_graves;ilesos;ignorados;feridos;veiculos;latitude;longitude;regional;delegacia;uop;;;
733834;23/11/2025;domingo;11:40:00;MG;251;503,8;FRANCISCO SA;Ingest�o de �lcool pelo condutor;Colis�o transversal;Com V�timas Feridas;Pleno dia;Decrescente;Garoa/Chuvisco;Simples;Reta;N�o;4;0;0;2;0;2;2;3;-16,599287;-43,646106;SPRF-MG;DEL12-MG;UOP01-DEL12-MG;;;
733836;23/11/2025;domingo;14:15:00;PR;163;151,9;SANTA LUCIA;Pista Escorregadia;Tombamento;Com V�timas Feridas;Pleno dia;Decrescente;Garoa/Chuvisco;Dupla;"Curva;Declive";N�o;2;0;1;0;1;0;1;1;-25,38699207;-53,57744694;SPRF-PR;DEL05-PR;UOP05-DEL05-PR;;;
733837;23/11/2025;domingo;14:35:00;MG;381;360,8;JOAO MONLEVADE;Pista Escorregadia;Sa�da de leito carro��vel;Com V�timas Feridas;Pleno dia;Decrescente;Chuva;Simples;Reta;N�o;2;0;2;0;0;0;2;1;-19,8499756;-43,1510483;SPRF-MG;DEL03-MG;UOP01-DEL03-MG;;;
733838;23/11/2025;domingo;14:50:00;SP;116;214;GUARULHOS;Rea��o tardia ou ineficiente do condutor;Colis�o com objeto;Sem V�timas;Pleno dia;Crescente;C�u Claro;M�ltipla;"Reta;Aclive";Sim;1;0;0;0;1;0;0;1;-23,446471;-46,451537;SPRF-SP;DEL01-SP;UOP01-DEL01-SP;;;
733839;23/11/2025;domingo;15:30:00;ES;101;138,5;LINHARES;Manobra de mudan�a de faixa;Colis�o lateral mesmo sentido;Com V�timas Feridas;Pleno dia;Decrescente;C�u Claro;M�ltipla;Reta;N�o;3;0;2;0;1;0;2;2;-19,30569333;-40,08199833;SPRF-ES;DEL04-ES;UOP01-DEL04-ES;;;
733840;23/11/2025;domingo;15:25:00;MG;381;517;IGARAPE;Rea��o tardia ou ineficiente do condutor;Sa�da de leito carro��vel;Com V�timas Feridas;Pleno dia;Crescente;Chuva;Dupla;"Curva;Declive";N�o;4;0;1;0;3;0;1;1;-20,10471691;-44,31938259;SPRF-MG;DEL01-MG;UOP03-DEL01-MG;;;
733841;23/11/2025;domingo;14:35:00;MS;163;416,1;NOVA ALVORADA DO SUL;Convers�o proibida;Colis�o lateral mesmo sentido;Com V�timas Feridas;Pleno dia;Decrescente;Nublado;Simples;"Aclive;Reta";N�o;4;0;0;1;2;1;1;3;-21,025862;-54,505011;SPRF-MS;DEL02-MS;UOP01-DEL02-MS;;;
733842;23/11/2025;domingo;15:27:00;MG;381;630,5;OLIVEIRA;Rea��o tardia ou ineficiente do condutor;Sa�da de leito carro��vel;Com V�timas Feridas;Pleno dia;Crescente;Chuva;Dupla;Curva;N�o;3;0;2;1;0;0;3;1;-20,829889;-44,818252;SPRF-MG;DEL04-MG;UOP01-DEL04-MG;;;
733843;23/11/2025;domingo;15:25:00;SE;235;47;ITABAIANA;Ingest�o de �lcool pelo condutor;Colis�o frontal;Com V�timas Feridas;Pleno dia;Decrescente;C�u Claro;Simples;Reta;N�o;4;0;2;0;1;1;2;3;-10,732407;-37,410934;SPRF-SE;DEL01-SE;UOP02-DEL01-SE;;;
733844;23/11/2025;domingo;15:20:00;MG;381;635,9;SANTO ANTONIO DO AMPARO;Velocidade Incompat�vel;Sa�da de leito carro��vel;Com V�timas Feridas;Pleno dia;Crescente;Nublado;Dupla;"Aclive;Curva";N�o;2;0;2;0;0;0;2;1;-20,86571982;-44,84099181;SPRF-MG;DEL04-MG;UOP01-DEL04-MG;;;
733845;23/11/2025;domingo;15:35:00;RS;392;350;SANTA MARIA;Acessar a via sem observar a presen�a dos outros ve�culos;Colis�o transversal;Com V�timas Feridas;Pleno dia;Crescente;C�u Claro;Simples;"Interse��o de Vias;Reta;Em Obras";Sim;7;0;3;0;4;0;3;2;-29,73430959;-53,7990371;SPRF-RS;DEL09-RS;UOP01-DEL09-RS;;;
733846;23/11/2025;domingo;15:15:00;MG;40;422;CURVELO;Pedestre cruzava a pista fora da faixa;Atropelamento de Pedestre;Com V�timas Fatais;Pleno dia;Decrescente;Chuva;Simples;"Reta;Aclive";N�o;2;1;0;0;1;0;0;2;-19,15068178;-44,5337677;SPRF-MG;DEL02-MG;UOP01-DEL02-MG;;;
733847;23/11/2025;domingo;15:45:00;RJ;101;0;NITEROI;Rea��o tardia ou ineficiente do condutor;Colis�o lateral mesmo sentido;Com V�timas Feridas;Pleno dia;Crescente;Nublado;Simples;"Aclive;Reta";Sim;2;0;1;0;1;0;1;2;-22,87801956;-43,114024;SPRF-RJ;DEL02-RJ;UOP01-DEL02-RJ;;;
733848;23/11/2025;domingo;15:20:00;SC;480;130;CHAPECO;Ingest�o de �lcool pelo condutor;Colis�o com objeto;Sem V�timas;Pleno dia;Crescente;C�u Claro;Dupla;Curva;N�o;1;0;0;0;1;0;0;1;-27,04967223;-52,63520813;SPRF-SC;DEL07-SC;UOP01-DEL07-SC;;;
733849;23/11/2025;domingo;15:50:00;ES;101;281,4;SERRA;Rea��o tardia ou ineficiente do condutor;Colis�o traseira;Com V�timas Feridas;Pleno dia;Decrescente;Nublado;Dupla;Reta;N�o;3;0;1;0;2;0;1;3;-20,22416662;-40,36014805;SPRF-ES;DEL02-ES;UOP01-DEL02-ES;;;
733853;23/11/2025;domingo;15:41:00;RS;116;236;NOVO HAMBURGO;Aus�ncia de rea��o do condutor;Colis�o com objeto;Com V�timas Feridas;Pleno dia;Decrescente;C�u Claro;Dupla;Reta;N�o;1;0;1;0;0;0;1;1;-29,6712275;-51,14284392;SPRF-RS;DEL01-RS;UOP02-DEL01-RS;;;
733855;23/11/2025;domingo;12:00:00;MG;381;526;BRUMADINHO;Avarias e/ou desgaste excessivo no pneu;Colis�o com objeto;Com V�timas Feridas;Pleno dia;Decrescente;Chuva;Dupla;Curva;N�o;4;0;2;0;2;0;2;1;-20,1674776;-44,33215141;SPRF-MG;DEL04-MG;UOP03-DEL04-MG;;;
733856;23/11/2025;domingo;10:33:00;MG;381;721;CARMO DA CACHOEIRA;Aus�ncia de rea��o do condutor;Colis�o traseira;Com V�timas Feridas;Pleno dia;Decrescente;Chuva;Dupla;Curva;N�o;7;0;5;0;2;0;5;2;-21,42806675;-45,21094608;SPRF-MG;DEL04-MG;UOP02-DEL04-MG;;;
733857;23/11/2025;domingo;14:10:00;RJ;116;148;DUQUE DE CAXIAS;Demais falhas mec�nicas ou el�tricas;Inc�ndio;Sem V�timas;Pleno dia;Crescente;Nublado;M�ltipla;Reta;N�o;1;0;0;0;1;0;0;1;-22,6720294;-43,28221355;SPRF-RJ;DEL01-RJ;UOP02-DEL01-RJ;;;
733858;23/11/2025;domingo;14:45:00;PB;0;0;CONDE;Ingest�o de �lcool pelo condutor;Colis�o traseira;Sem V�timas;Pleno dia;N�o Informado;Sol;Simples;Curva;N�o;3;0;0;0;3;0;0;2;-7,287055;-34,906497;SPRF-PB;DEL01-PB;UOP01-DEL01-PB;;;
733859;23/11/2025;domingo;13:20:00;RO;364;789;PORTO VELHO;Acumulo de �gua sobre o pavimento;Sa�da de leito carro��vel;Com V�timas Feridas;Pleno dia;Crescente;Chuva;Simples;Curva;N�o;3;0;1;0;2;0;1;1;-9,201413;-64,326282;SPRF-RO;DEL01-RO;UOP02-DEL01-RO;;;
733860;23/11/2025;domingo;14:45:00;SC;101;66;ARAQUARI;Manobra de mudan�a de faixa;Queda de ocupante de ve�culo;Com V�timas Feridas;Pleno dia;Crescente;Chuva;M�ltipla;Reta;N�o;2;0;2;0;0;0;2;1;-26,4549183;-48,7700851;SPRF-SC;DEL03-SC;UOP02-DEL03-SC;;;
733861;23/11/2025;domingo;13:20:00;MG;381;654;SANTO ANTONIO DO AMPARO;Aus�ncia de rea��o do condutor;Colis�o com objeto;Com V�timas Feridas;Pleno dia;Decrescente;Chuva;Dupla;"Aclive;Curva";N�o;4;0;1;0;3;0;1;1;-20,99437964;-44,96041633;SPRF-MG;DEL04-MG;UOP02-DEL04-MG;;;
733862;23/11/2025;domingo;16:00:00;MG;381;533,7;ITATIAIUCU;Velocidade Incompat�vel;Sa�da de leito carro��vel;Com V�timas Feridas;Pleno dia;Crescente;Chuva;Dupla;Curva;N�o;1;0;1;0;0;0;1;1;-20,17343954;-44,375453;SPRF-MG;DEL04-MG;UOP03-DEL04-MG;;;
733863;23/11/2025;domingo;16:20:00;RS;116;268;CANOAS;Condutor deixou de manter dist�ncia do ve�culo da frente;Colis�o lateral mesmo sentido;Com V�timas Feridas;Pleno dia;Decrescente;Nublado;Dupla;Reta;Sim;3;0;1;0;2;0;1;2;-29,95616117;-51,17617224;SPRF-RS;DEL01-RS;UOP01-DEL01-RS;;;
733864;23/11/2025;domingo;13:55:00;MG;381;738;TRES CORACOES;Velocidade Incompat�vel;Sa�da de leito carro��vel;Com V�timas Feridas;Pleno dia;Crescente;Nublado;Dupla;"Curva;Declive";N�o;5;0;4;1;0;0;5;1;-21,562228;-45,243762;SPRF-MG;DEL16-MG;UOP02-DEL16-MG;;;
733865;23/11/2025;domingo;14:55:00;SC;282;416,5;CATANDUVAS;Avarias e/ou desgaste excessivo no pneu;Sa�da de leito carro��vel;Com V�timas Feridas;Pleno dia;Crescente;Chuva;Simples;"Aclive;Curva";N�o;3;0;2;0;1;0;2;1;-27,03849;-51,71368;SPRF-SC;DEL07-SC;UOP05-DEL07-SC;;;
733867;23/11/2025;domingo;14:50:00;SC;101;109;PENHA;Avarias e/ou desgaste excessivo no pneu;Tombamento;Com V�timas Feridas;Pleno dia;Crescente;Chuva;Dupla;Reta;N�o;2;0;2;0;0;0;2;1;-26,83400331;-48,69804589;SPRF-SC;DEL03-SC;UOP02-DEL03-SC;;;
733868;23/11/2025;domingo;13:50:00;MG;381;732,5;CARMO DA CACHOEIRA;Aus�ncia de rea��o do condutor;Sa�da de leito carro��vel;Com V�timas Feridas;Pleno dia;Decrescente;C�u Claro;Dupla;Curva;N�o;3;0;2;1;0;0;3;1;-21,50203935;-45,21497852;SPRF-MG;DEL16-MG;UOP02-DEL16-MG;;;
733869;23/11/2025;domingo;15:30:00;ES;262;38;DOMINGOS MARTINS;Aus�ncia de rea��o do condutor;Queda de ocupante de ve�culo;Com V�timas Feridas;Pleno dia;Decrescente;Sol;Simples;Reta;N�o;1;0;1;0;0;0;1;1;-20,3814214;-40,618562;SPRF-ES;DEL01-ES;UOP01-DEL01-ES;;;
733870;23/11/2025;domingo;15:40:00;PR;116;106,1;SAO JOSE DOS PINHAIS;Condutor deixou de manter dist�ncia do ve�culo da frente;Engavetamento;Com V�timas Feridas;Pleno dia;Crescente;Nublado;Dupla;Reta;N�o;11;0;1;0;10;0;1;4;-25,57;-49,2189;SPRF-PR;DEL01-PR;UOP03-DEL01-PR;;;
733873;23/11/2025;domingo;11:00:00;MG;381;651;SANTO ANTONIO DO AMPARO;Aus�ncia de rea��o do condutor;Colis�o com objeto;Com V�timas Feridas;Pleno dia;Crescente;Chuva;Dupla;"Declive;Curva";N�o;2;0;2;0;0;0;2;1;-20,958343;-44,921356;SPRF-MG;DEL04-MG;UOP02-DEL04-MG;;;
733874;23/11/2025;domingo;13:15:00;CE;20;196,7;BOA VIAGEM;Rea��o tardia ou ineficiente do condutor;Queda de ocupante de ve�culo;Com V�timas Feridas;Pleno dia;Crescente;C�u Claro;Simples;Reta;N�o;1;0;0;1;0;0;1;1;-5,175938;-39,76587;SPRF-CE;DEL02-CE;UOP02-DEL02-CE;;;
733875;23/11/2025;domingo;14:48:00;RO;364;426;JARU;Acessar a via sem observar a presen�a dos outros ve�culos;Colis�o lateral mesmo sentido;Com V�timas Feridas;Pleno dia;Decrescente;Nublado;Dupla;Reta;Sim;2;0;1;0;0;1;1;2;-10,433824;-62,477706;SPRF-RO;DEL03-RO;UOP02-DEL03-RO;;;
733880;23/11/2025;domingo;17:00:00;GO;414;396;CORUMBA DE GOIAS;Ingest�o de �lcool pelo condutor;Colis�o com objeto;Com V�timas Fatais;Pleno dia;Decrescente;C�u Claro;Simples;"Curva;Declive";N�o;2;1;0;1;0;0;1;1;-15,94762934;-48,80362372;SPRF-GO;DEL02-GO;UOP01-DEL02-GO;;;
733883;23/11/2025;domingo;17:00:00;DF;70;14,8;BRASILIA;Rea��o tardia ou ineficiente do condutor;Capotamento;Com V�timas Feridas;Pleno dia;Crescente;C�u Claro;Dupla;Reta;N�o;1;0;1;0;0;0;1;1;-15,798702;-48,185623;SPRF-DF;DEL03-DF;UOP02-DEL03-DF;;;
733884;23/11/2025;domingo;16:45:00;SC;101;85;BARRA VELHA;Rea��o tardia ou ineficiente do condutor;Colis�o transversal;Com V�timas Feridas;Pleno dia;Decrescente;Chuva;M�ltipla;Reta;N�o;2;0;1;0;1;0;1;2;-26,61678432;-48,72014237;SPRF-SC;DEL03-SC;UOP02-DEL03-SC;;;
733885;23/11/2025;domingo;16:00:00;PR;116;6;CAMPINA GRANDE DO SUL;Chuva;Sa�da de leito carro��vel;Com V�timas Feridas;Pleno dia;Crescente;Chuva;Dupla;Curva;N�o;2;0;1;0;1;0;1;1;-25,085806;-48,610094;SPRF-PR;DEL01-PR;UOP02-DEL01-PR;;;
733886;23/11/2025;domingo;17:18:00;PB;230;136,4;MASSARANDUBA;Condutor Dormindo;Sa�da de leito carro��vel;Com V�timas Feridas;Anoitecer;Crescente;C�u Claro;Dupla;Curva;N�o;3;0;3;0;0;0;3;1;-7,276028;-35,777678;SPRF-PB;DEL02-PB;UOP01-DEL02-PB;;;
733887;23/11/2025;domingo;17:25:00;SC;470;61,8;BLUMENAU;Transitar no Acostamento;Colis�o lateral sentido oposto;Com V�timas Feridas;Amanhecer;Crescente;Nublado;Simples;Reta;Sim;2;0;1;0;1;0;1;2;-26,87879425;-49,13321435;SPRF-SC;DEL04-SC;UOP01-DEL04-SC;;;
733889;23/11/2025;domingo;17:20:00;DF;80;23;BRASILIA;Aus�ncia de rea��o do condutor;Colis�o traseira;Com V�timas Feridas;Pleno dia;Decrescente;Chuva;Simples;Reta;Sim;2;0;1;0;1;0;1;2;-15,64191916;-48,20107363;SPRF-DF;DEL03-DF;UOP02-DEL03-DF;;;
733890;23/11/2025;domingo;17:45:00;GO;153;519;HIDROLANDIA;Aus�ncia de rea��o do condutor;Colis�o transversal;Com V�timas Feridas;Anoitecer;Crescente;C�u Claro;Dupla;Reta;N�o;3;0;0;2;1;0;2;2;-16,95862063;-49,24003601;SPRF-GO;DEL01-GO;UOP03-DEL01-GO;;;
733891;23/11/2025;domingo;16:00:00;SC;282;231,5;LAGES;Acessar a via sem observar a presen�a dos outros ve�culos;Colis�o transversal;Com V�timas Feridas;Pleno dia;Crescente;Nublado;Simples;"Interse��o de Vias;Reta";N�o;4;0;1;0;3;0;1;2;-27,78690773;-50,43903558;SPRF-SC;DEL05-SC;UOP02-DEL05-SC;;;
733893;23/11/2025;domingo;16:50:00;AL;101;129;SAO MIGUEL DOS CAMPOS;Rea��o tardia ou ineficiente do condutor;Colis�o com objeto;Com V�timas Feridas;Pleno dia;Crescente;C�u Claro;Simples;"Curva;Viaduto;Rotat�ria";N�o;1;0;0;1;0;0;1;1;-9,75488091;-36,06924025;SPRF-AL;DEL02-AL;UOP01-DEL02-AL;;;
733895;23/11/2025;domingo;16:30:00;RJ;101;421;MANGARATIBA;Rea��o tardia ou ineficiente do condutor;Colis�o traseira;Com V�timas Feridas;Pleno dia;Decrescente;C�u Claro;Simples;Reta;N�o;3;0;2;0;1;0;2;2;-22,91565455;-43,93547986;SPRF-RJ;DEL03-RJ;UOP02-DEL03-RJ;;;
733896;23/11/2025;domingo;18:00:00;MG;262;364;JUATUBA;Rea��o tardia ou ineficiente do condutor;Colis�o com objeto;Com V�timas Feridas;Pleno dia;Crescente;Nublado;Dupla;"Declive;Curva";Sim;2;0;0;2;0;0;2;1;-19,956561;-44,345334;SPRF-MG;DEL01-MG;UOP03-DEL01-MG;;;
733897;23/11/2025;domingo;18:00:00;RN;101;122;SAO JOSE DE MIPIBU;Aus�ncia de rea��o do condutor;Colis�o transversal;Com V�timas Feridas;Plena Noite;Decrescente;C�u Claro;Dupla;Retorno Regulamentado;N�o;3;0;0;2;1;0;2;2;-6,04954;-35,24425;SPRF-RN;DEL01-RN;UOP01-DEL01-RN;;;
733898;23/11/2025;domingo;16:17:00;RO;364;195,5;PIMENTA BUENO;Ingest�o de �lcool pelo condutor;Colis�o traseira;Com V�timas Feridas;Pleno dia;Crescente;Sol;Simples;"Aclive;Curva";Sim;4;0;1;0;3;0;1;3;-11,689482;-61,181738;SPRF-RO;DEL02-RO;UOP02-DEL02-RO;;;
733899;23/11/2025;domingo;17:50:00;PR;116;211,4;RIO NEGRO;Acessar a via sem observar a presen�a dos outros ve�culos;Colis�o transversal;Com V�timas Feridas;Anoitecer;Crescente;Garoa/Chuvisco;Simples;"Reta;Declive";Sim;4;0;1;0;3;0;1;2;-26,10407139;-49,78090489;SPRF-SC;DEL06-SC;UOP01-DEL06-SC;;;
733900;23/11/2025;domingo;17:09:00;MG;381;922;CAMANDUCAIA;Rea��o tardia ou ineficiente do condutor;Colis�o com objeto;Com V�timas Feridas;Pleno dia;Crescente;Chuva;Dupla;Reta;N�o;2;0;1;0;1;0;1;1;-22,76535548;-46,1734478;SPRF-MG;DEL16-MG;UOP03-DEL16-MG;;;
733902;23/11/2025;domingo;16:30:00;GO;153;209,4;URUACU;Chuva;Sa�da de leito carro��vel;Com V�timas Feridas;Pleno dia;Crescente;Chuva;Simples;Reta;N�o;1;0;1;0;0;0;1;1;-14,614319;-49,16925;SPRF-GO;DEL07-GO;UOP02-DEL07-GO;;;
733903;23/11/2025;domingo;18:00:00;PI;343;337,3;TERESINA;Acessar a via sem observar a presen�a dos outros ve�culos;Colis�o transversal;Com V�timas Feridas;Anoitecer;Crescente;C�u Claro;Dupla;"Reta;Retorno Regulamentado";Sim;2;0;0;1;1;0;1;2;-5,06245442;-42,7172783;SPRF-PI;DEL01-PI;UOP01-DEL01-PI;;;
733904;23/11/2025;domingo;17:30:00;AL;316;262;SATUBA;Aus�ncia de rea��o do condutor;Colis�o traseira;Com V�timas Feridas;Anoitecer;Crescente;C�u Claro;Simples;Reta;N�o;6;0;1;0;5;0;1;2;-9,5882141;-35,88171244;SPRF-AL;DEL02-AL;UOP01-DEL02-AL;;;
733905;23/11/2025;domingo;18:10:00;SE;101;185;UMBAUBA;Condutor deixou de manter dist�ncia do ve�culo da frente;Colis�o traseira;Com V�timas Feridas;Plena Noite;Decrescente;C�u Claro;Simples;Aclive;N�o;3;0;0;2;0;1;2;2;-11,39288;-37,67298;SPRF-SE;DEL02-SE;UOP03-DEL02-SE;;;
733907;23/11/2025;domingo;18:15:00;MG;381;360;SAO GONCALO DO RIO ABAIXO;Velocidade Incompat�vel;Colis�o frontal;Com V�timas Feridas;Anoitecer;Crescente;Garoa/Chuvisco;Simples;Aclive;N�o;4;0;1;0;3;0;1;4;-19,85747021;-43,23784186;SPRF-MG;DEL03-MG;UOP01-DEL03-MG;;;
733908;23/11/2025;domingo;18:10:00;MG;381;418,1;CAETE;Velocidade Incompat�vel;Colis�o traseira;Com V�timas Fatais;Anoitecer;Crescente;Chuva;Dupla;"Declive;Curva";N�o;4;1;0;0;3;0;0;3;-19,778219;-43,656309;SPRF-MG;DEL01-MG;UOP01-DEL01-MG;;;
733909;23/11/2025;domingo;18:45:00;RS;290;43;GLORINHA;Rea��o tardia ou ineficiente do condutor;Colis�o traseira;Com V�timas Feridas;Anoitecer;Crescente;C�u Claro;Dupla;Reta;N�o;3;0;2;0;1;0;2;2;-29,889692;-50,689927;SPRF-RS;DEL03-RS;UOP01-DEL03-RS;;;
733910;23/11/2025;domingo;17:17:00;GO;153;441,5;ANAPOLIS;Ingest�o de �lcool pelo condutor;Sa�da de leito carro��vel;Com V�timas Feridas;Pleno dia;Crescente;C�u Claro;Dupla;Reta;Sim;2;0;0;1;0;1;1;1;-16,33361601;-48,92260957;SPRF-GO;DEL02-GO;UOP01-DEL02-GO;;;
733912;23/11/2025;domingo;18:10:00;PR;163;172,3;LINDOESTE;Aus�ncia de rea��o do condutor;Tombamento;Com V�timas Feridas;Anoitecer;Decrescente;C�u Claro;Dupla;Curva;N�o;2;0;1;0;1;0;1;1;-25,1832525;-53,6018488;SPRF-PR;DEL05-PR;UOP05-DEL05-PR;;;
733913;23/11/2025;domingo;15:39:00;RO;421;39;MONTE NEGRO;Demais falhas mec�nicas ou el�tricas;Tombamento;Com V�timas Feridas;Pleno dia;Decrescente;Garoa/Chuvisco;Simples;"Aclive;Reta";N�o;1;0;1;0;0;0;1;1;-10,18982804;-63,23071291;SPRF-RO;DEL03-RO;UOP01-DEL03-RO;;;
733914;23/11/2025;domingo;18:50:00;PR;376;174;MARINGA;Acessar a via sem observar a presen�a dos outros ve�culos;Atropelamento de Pedestre;Com V�timas Feridas;Plena Noite;Crescente;C�u Claro;Dupla;Reta;Sim;2;0;1;0;1;0;1;2;-23,412936;-51,943459;SPRF-PR;DEL09-PR;UOP01-DEL09-PR;;;
733915;23/11/2025;domingo;19:00:00;MG;381;6;BETIM;Velocidade Incompat�vel;Capotamento;Com V�timas Feridas;Anoitecer;Decrescente;Nublado;Simples;Retorno Regulamentado;N�o;1;0;1;0;0;0;1;1;-19,98671549;-44,2019248;SPRF-MG;DEL01-MG;UOP03-DEL01-MG;;;
733916;23/11/2025;domingo;17:20:00;PR;163;265;TOLEDO;Rea��o tardia ou ineficiente do condutor;Sa�da de leito carro��vel;Com V�timas Feridas;Pleno dia;Decrescente;Sol;Dupla;Declive;N�o;8;0;8;0;0;0;8;1;-24,62186492;-53,91653951;SPRF-PR;DEL06-PR;UOP02-DEL06-PR;;;
733918;23/11/2025;domingo;19:00:00;PA;316;53;CASTANHAL;Aus�ncia de rea��o do condutor;Queda de ocupante de ve�culo;Com V�timas Feridas;Plena Noite;Crescente;C�u Claro;Dupla;Declive;N�o;3;0;2;0;0;1;2;2;-1,30698878;-48,0193913;SPRF-PA;DEL01-PA;UOP01-DEL01-PA;;;
733919;23/11/2025;domingo;19:00:00;BA;407;4;JUAZEIRO;Transitar no Acostamento;Colis�o lateral mesmo sentido;Com V�timas Feridas;Plena Noite;Crescente;C�u Claro;Simples;Reta;Sim;3;0;2;0;0;1;2;2;-9,446342;-40,490927;SPRF-PE;DEL06-PE;UOP01-DEL06-PE;;;
733921;23/11/2025;domingo;18:39:00;MG;381;584;CARMOPOLIS DE MINAS;Rea��o tardia ou ineficiente do condutor;Colis�o com objeto;Com V�timas Feridas;Amanhecer;Decrescente;Chuva;Dupla;Curva;N�o;2;0;1;0;1;0;1;2;-20,511833;-44,612;SPRF-MG;DEL04-MG;UOP01-DEL04-MG;;;
733922;23/11/2025;domingo;16:00:00;SC;282;595,6;SAUDADES;Velocidade Incompat�vel;Colis�o com objeto;Sem V�timas;Pleno dia;Decrescente;Chuva;Simples;Curva;N�o;2;0;0;0;2;0;0;1;-26,82995797;-53,1255383;SPRF-SC;DEL07-SC;UOP02-DEL07-SC;;;
733923;23/11/2025;domingo;18:30:00;AL;424;99;COQUEIRO SECO;Velocidade Incompat�vel;Sa�da de leito carro��vel;Com V�timas Fatais;Plena Noite;Crescente;C�u Claro;Simples;Reta;N�o;3;1;0;2;0;0;2;1;-9,64511;-35,857438;SPRF-AL;DEL02-AL;UOP01-DEL02-AL;;;
733925;23/11/2025;domingo;18:40:00;SP;116;542;BARRA DO TURVO;Chuva;Queda de ocupante de ve�culo;Com V�timas Feridas;Plena Noite;Crescente;Chuva;Dupla;Curva;N�o;2;0;2;0;0;0;2;1;-24,928845;-48,271605;SPRF-SP;DEL05-SP;UOP02-DEL05-SP;;;
733926;23/11/2025;domingo;17:05:00;MG;381;931,2;EXTREMA;Chuva;Colis�o traseira;Com V�timas Feridas;Pleno dia;Decrescente;Chuva;Dupla;Curva;Sim;3;0;3;0;0;0;3;1;-22,7880247;-46,2428818;SPRF-MG;DEL16-MG;UOP03-DEL16-MG;;;
733928;23/11/2025;domingo;17:50:00;RS;290;71;GRAVATAI;Pedestre andava na pista;Atropelamento de Pedestre;Com V�timas Feridas;Pleno dia;Crescente;C�u Claro;Dupla;Reta;N�o;2;0;0;1;0;1;1;2;-29,950115;-50,961907;SPRF-RS;DEL03-RS;UOP01-DEL03-RS;;;
733929;23/11/2025;domingo;18:10:00;SC;101;155;FLORIANOPOLIS;Acumulo de �gua sobre o pavimento;Sa�da de leito carro��vel;Com V�timas Feridas;Anoitecer;Decrescente;Chuva;M�ltipla;Viaduto;Sim;1;0;1;0;0;0;1;1;-27,5972096;-48,5556224;SPRF-SC;DEL04-SC;UOP03-DEL04-SC;;;
733930;20/11/2025;quinta-feira;19:15:00;RJ;40;51;PETROPOLIS;Condutor deixou de manter dist�ncia do ve�culo da frente;Colis�o traseira;Sem V�timas;Plena Noite;Decrescente;C�u Claro;Dupla;Declive;N�o;2;0;0;0;1;1;0;2;-22,33399984;-43,13346148;SPRF-RJ;DEL05-RJ;UOP02-DEL05-RJ;;;
733931;23/11/2025;domingo;17:00:00;MG;381;931,3;EXTREMA;Acumulo de �gua sobre o pavimento;Sa�da de leito carro��vel;Com V�timas Feridas;Pleno dia;Decrescente;Chuva;Dupla;Curva;Sim;3;0;2;0;1;0;2;1;-22,7880247;-46,2428818;SPRF-MG;DEL16-MG;UOP03-DEL16-MG;;;
733933;23/11/2025;domingo;19:38:00;MA;135;88;ITAPECURU MIRIM;Pedestre - Ingest�o de �lcool/ subst�ncias psicoativas;Atropelamento de Pedestre;Com V�timas Feridas;Plena Noite;Decrescente;C�u Claro;Simples;Reta;N�o;2;0;0;1;1;0;1;2;-3,282627;-44,410108;SPRF-MA;DEL01-MA;UOP02-DEL01-MA;;;
733934;23/11/2025;domingo;18:30:00;PI;135;350;BOM JESUS;Pista esburacada;Tombamento;Com V�timas Feridas;Plena Noite;Crescente;Nublado;Dupla;"Interse��o de Vias;Curva";Sim;1;0;1;0;0;0;1;1;-9,078082;-44,338043;SPRF-PI;DEL03-PI;UOP02-DEL03-PI;;;
733935;23/11/2025;domingo;19:00:00;PR;476;119,1;COLOMBO;Acessar a via sem observar a presen�a dos outros ve�culos;Colis�o transversal;Com V�timas Feridas;Plena Noite;Crescente;Chuva;Dupla;Reta;N�o;2;0;1;0;1;0;1;2;-25,36889142;-49,18921921;SPRF-PR;DEL01-PR;UOP01-DEL01-PR;;;
733937;23/11/2025;domingo;18:10:00;SC;101;56,6;ARAQUARI;Acumulo de �gua sobre o pavimento;Colis�o com objeto;Com V�timas Feridas;Anoitecer;Crescente;Chuva;Dupla;Reta;Sim;2;0;1;0;1;0;1;1;-26,43629012;-48,8121241;SPRF-SC;DEL03-SC;UOP01-DEL03-SC;;;
733938;23/11/2025;domingo;19:10:00;PR;369;370;MAMBORE;Transitar na contram�o;Colis�o frontal;Com V�timas Fatais;Plena Noite;Decrescente;Chuva;Simples;Curva;N�o;3;1;0;1;1;0;1;2;-24,2703863;-52,51190186;SPRF-PR;DEL04-PR;UOP03-DEL04-PR;;;
733939;23/11/2025;domingo;19:15:00;RJ;101;122;CAMPOS DOS GOYTACAZES;Ingest�o de �lcool pelo condutor;Colis�o traseira;Com V�timas Feridas;Plena Noite;Crescente;Garoa/Chuvisco;M�ltipla;Reta;N�o;9;0;8;0;1;0;8;3;-22,046665;-41,690105;SPRF-RJ;DEL08-RJ;UOP02-DEL08-RJ;;;