id;data_inversa;dia_semana;horario;uf;br;km;municipio;causa_acidente;tipo_acidente;classificacao_acidente;fase_dia;sentido_via;condicao_metereologica;tipo_pista;tracado_via;uso_solo;pessoas;mortos;feridos_leves;feridos_graves;ilesos;ignorados;feridos;veiculos;latitude;longitude;regional;delegacia;uop;;;
733940;23/11/2025;domingo;20:00:00;SC;101;247;PAULO LOPES;Aus�ncia de rea��o do condutor;Colis�o traseira;Sem V�timas;Plena Noite;Crescente;Garoa/Chuvisco;Dupla;Reta;N�o;6;0;0;0;6;0;0;2;-27,920498;-48,65526;SPRF-SC;DEL02-SC;UOP03-DEL02-SC;;;
733941;23/11/2025;domingo;18:50:00;ES;101;262;SERRA;Condutor deixou de manter dist�ncia do ve�culo da frente;Colis�o traseira;Com V�timas Feridas;Plena Noite;Crescente;C�u Claro;Dupla;Reta;Sim;5;0;0;2;3;0;2;2;-20,12313859;-40,30983926;SPRF-ES;DEL02-ES;UOP01-DEL02-ES;;;
733942;23/11/2025;domingo;19:50:00;GO;70;6;AGUAS LINDAS DE GOIAS;Condutor deixou de manter dist�ncia do ve�culo da frente;Colis�o traseira;Com V�timas Feridas;Plena Noite;Crescente;Chuva;M�ltipla;Reta;Sim;2;0;2;0;0;0;2;2;-15,73814022;-48,29868123;SPRF-DF;DEL03-DF;UOP02-DEL03-DF;;;
733943;23/11/2025;domingo;19:10:00;SP;116;506;CAJATI;Aus�ncia de rea��o do condutor;Sa�da de leito carro��vel;Com V�timas Feridas;Plena Noite;Crescente;Chuva;Simples;Curva;N�o;3;0;3;0;0;0;3;1;-24,77457788;-48,20817947;SPRF-SP;DEL05-SP;UOP02-DEL05-SP;;;
733944;23/11/2025;domingo;18:15:00;AL;316;253;PILAR;Rea��o tardia ou ineficiente do condutor;Colis�o lateral sentido oposto;Sem V�timas;Pleno dia;Decrescente;C�u Claro;Simples;Reta;N�o;5;0;0;0;5;0;0;2;-9,574287;-35,964482;SPRF-AL;DEL02-AL;UOP01-DEL02-AL;;;
733945;23/11/2025;domingo;19:30:00;SC;470;98,2;APIUNA;Transitar no Acostamento;Colis�o traseira;Com V�timas Feridas;Plena Noite;Decrescente;C�u Claro;Simples;Reta;Sim;2;0;1;0;1;0;1;2;-27,03833341;-49,39350128;SPRF-SC;DEL04-SC;UOP02-DEL04-SC;;;
733947;23/11/2025;domingo;19:35:00;RS;287;266;SANTA MARIA;Acessar a via sem observar a presen�a dos outros ve�culos;Colis�o transversal;Com V�timas Feridas;Plena Noite;Crescente;C�u Claro;Simples;"Interse��o de Vias;Reta";N�o;2;0;2;0;0;0;2;2;-29,67042;-54,026317;SPRF-RS;DEL09-RS;UOP01-DEL09-RS;;;
733948;23/11/2025;domingo;18:30:00;BA;101;337,7;TEOLANDIA;Condutor deixou de manter dist�ncia do ve�culo da frente;Colis�o traseira;Com V�timas Fatais;Plena Noite;Crescente;Nublado;Simples;Reta;N�o;3;1;0;0;0;2;0;3;-13,533773;-39,448341;SPRF-BA;DEL05-BA;UOP03-DEL05-BA;;;
733949;23/11/2025;domingo;19:30:00;GO;60;97;ANAPOLIS;Rea��o tardia ou ineficiente do condutor;Sa�da de leito carro��vel;Sem V�timas;Plena Noite;Crescente;Nublado;Dupla;Retorno Regulamentado;Sim;1;0;0;0;1;0;0;1;-16,37819765;-48,94907568;SPRF-GO;DEL02-GO;UOP01-DEL02-GO;;;
733951;23/11/2025;domingo;17:45:00;MG;116;413,5;GOVERNADOR VALADARES;Condutor deixou de manter dist�ncia do ve�culo da frente;Colis�o traseira;Com V�timas Feridas;Anoitecer;Decrescente;Nublado;Simples;Reta;Sim;3;0;1;1;0;1;2;2;-18,88188408;-41,95768951;SPRF-MG;DEL06-MG;UOP01-DEL06-MG;;;
733952;23/11/2025;domingo;17:22:00;RO;435;84,5;COLORADO DO OESTE;Ingest�o de �lcool pelo condutor;Tombamento;Com V�timas Feridas;Pleno dia;Crescente;C�u Claro;Dupla;Reta;Sim;1;0;1;0;0;0;1;1;-13,11848653;-60,52967811;SPRF-RO;DEL04-RO;UOP02-DEL04-RO;;;
733953;23/11/2025;domingo;18:45:00;PR;277;334;GUARAPUAVA;Velocidade Incompat�vel;Colis�o frontal;Com V�timas Feridas;Anoitecer;Crescente;Garoa/Chuvisco;Simples;Curva;N�o;7;0;5;0;2;0;5;3;-25,366;-51,348;SPRF-PR;DEL08-PR;UOP01-DEL08-PR;;;
733955;23/11/2025;domingo;19:50:00;PI;316;4,5;TERESINA;Manobra de mudan�a de faixa;Colis�o transversal;Com V�timas Feridas;Plena Noite;Crescente;Nublado;M�ltipla;Reta;Sim;2;0;0;1;1;0;1;2;-5,142235;-42,781078;SPRF-PI;DEL01-PI;UOP02-DEL01-PI;;;
733956;23/11/2025;domingo;19:20:00;ES;101;28,3;PINHEIROS;Condutor deixou de manter dist�ncia do ve�culo da frente;Engavetamento;Com V�timas Feridas;Plena Noite;Crescente;Chuva;Simples;Reta;N�o;6;0;3;0;2;1;3;3;-18,39663268;-39,94000238;SPRF-ES;DEL04-ES;UOP02-DEL04-ES;;;
733957;23/11/2025;domingo;19:30:00;MG;381;6;BETIM;Aus�ncia de rea��o do condutor;Colis�o traseira;Com V�timas Feridas;Plena Noite;Decrescente;Nublado;Simples;Interse��o de Vias;Sim;3;0;1;0;2;0;1;2;-19,98920028;-44,19479442;SPRF-MG;DEL01-MG;UOP03-DEL01-MG;;;
733958;23/11/2025;domingo;19:16:00;SC;101;136;BALNEARIO CAMBORIU;Acessar a via sem observar a presen�a dos outros ve�culos;Colis�o traseira;Com V�timas Feridas;Plena Noite;Crescente;Chuva;M�ltipla;Reta;N�o;3;0;1;0;2;0;1;2;-27,00931345;-48,61549169;SPRF-SC;DEL04-SC;UOP03-DEL04-SC;;;
733959;23/11/2025;domingo;18:00:00;RJ;356;117;CARDOSO MOREIRA;Chuva;Queda de ocupante de ve�culo;Com V�timas Feridas;Plena Noite;Decrescente;Chuva;Simples;Reta;N�o;1;0;1;0;0;0;1;1;-21,60828954;-41,4200848;SPRF-RJ;DEL08-RJ;UOP03-DEL08-RJ;;;
733962;23/11/2025;domingo;20:00:00;RS;392;36;RIO GRANDE;Demais falhas mec�nicas ou el�tricas;Sa�da de leito carro��vel;Sem V�timas;Plena Noite;Crescente;C�u Claro;Dupla;Reta;N�o;1;0;0;0;1;0;0;1;-31,99151311;-52,29133442;SPRF-RS;DEL07-RS;UOP02-DEL07-RS;;;
733963;23/11/2025;domingo;20:30:00;ES;262;148,3;IBATIBA;Rea��o tardia ou ineficiente do condutor;Colis�o com objeto;Com V�timas Fatais;Plena Noite;Crescente;Chuva;Simples;Curva;N�o;58;2;9;3;44;0;12;1;-20,21515;-41,42766;SPRF-ES;DEL01-ES;UOP02-DEL01-ES;;;
733964;23/11/2025;domingo;21:25:00;RS;116;529;CAPAO DO LEAO;Aus�ncia de rea��o do condutor;Queda de ocupante de ve�culo;Com V�timas Feridas;Plena Noite;Decrescente;C�u Claro;Simples;Interse��o de Vias;Sim;1;0;1;0;0;0;1;1;-31,75622776;-52,43251769;SPRF-RS;DEL07-RS;UOP01-DEL07-RS;;;
733965;23/11/2025;domingo;21:07:00;PE;232;8;RECIFE;Demais falhas na via;Colis�o lateral mesmo sentido;Com V�timas Feridas;Plena Noite;Decrescente;C�u Claro;M�ltipla;Reta;Sim;2;0;1;0;1;0;1;2;-8,07686;-34,9694;SPRF-PE;DEL01-PE;UOP01-DEL01-PE;;;
733967;23/11/2025;domingo;07:30:00;MG;50;62;UBERLANDIA;Rea��o tardia ou ineficiente do condutor;Sa�da de leito carro��vel;Com V�timas Feridas;Pleno dia;Decrescente;Chuva;Dupla;Reta;N�o;2;0;0;2;0;0;2;1;-18,831894;-48,249394;SPRF-MG;DEL15-MG;UOP02-DEL15-MG;;;
733970;23/11/2025;domingo;21:20:00;SE;235;55;ITABAIANA;Rea��o tardia ou ineficiente do condutor;Tombamento;Com V�timas Feridas;Plena Noite;Decrescente;C�u Claro;Simples;Reta;N�o;1;0;0;1;0;0;1;1;-10,667751;-37,445839;SPRF-SE;DEL01-SE;UOP02-DEL01-SE;;;
733972;23/11/2025;domingo;19:15:00;PE;424;84;GARANHUNS;Demais falhas mec�nicas ou el�tricas;Sa�da de leito carro��vel;Com V�timas Feridas;Plena Noite;Crescente;C�u Claro;Simples;"Aclive;Curva";N�o;1;0;0;1;0;0;1;1;-8,84828551;-36,520909;SPRF-PE;DEL03-PE;UOP01-DEL03-PE;;;
733974;23/11/2025;domingo;20:00:00;GO;20;73;FORMOSA;Demais falhas mec�nicas ou el�tricas;Inc�ndio;Sem V�timas;Plena Noite;Crescente;C�u Claro;Dupla;Reta;N�o;1;0;0;0;0;1;0;1;-15,14980248;-47,13563261;SPRF-DF;DEL02-DF;UOP02-DEL02-DF;;;
733976;23/11/2025;domingo;17:42:00;PR;277;35,1;MORRETES;Rea��o tardia ou ineficiente do condutor;Queda de ocupante de ve�culo;Com V�timas Feridas;Pleno dia;Crescente;Nublado;Dupla;"Aclive;Curva";N�o;1;0;1;0;0;0;1;1;-25,57357793;-48,82627912;SPRF-PR;DEL01-PR;UOP05-DEL01-PR;;;
733978;23/11/2025;domingo;20:15:00;PE;232;252;ARCOVERDE;Acessar a via sem observar a presen�a dos outros ve�culos;Colis�o frontal;Com V�timas Feridas;Plena Noite;Crescente;C�u Claro;Simples;Reta;Sim;2;0;0;1;1;0;1;2;-8,430295;-37,062877;SPRF-PE;DEL04-PE;UOP02-DEL04-PE;;;
733979;23/11/2025;domingo;19:55:00;BA;116;815;VITORIA DA CONQUISTA;Ultrapassagem Indevida;Colis�o frontal;Com V�timas Feridas;Plena Noite;Decrescente;Chuva;Simples;Reta;Sim;2;0;1;0;1;0;1;2;-14,81257968;-40,7974076;SPRF-BA;DEL08-BA;UOP01-DEL08-BA;;;
733980;23/11/2025;domingo;22:30:00;SC;280;55,2;GUARAMIRIM;Ultrapassagem Indevida;Colis�o lateral mesmo sentido;Com V�timas Feridas;Plena Noite;Crescente;Garoa/Chuvisco;Dupla;Reta;Sim;4;0;1;0;3;0;1;2;-26,47662777;-48,99593202;SPRF-SC;DEL03-SC;UOP03-DEL03-SC;;;
733981;23/11/2025;domingo;22:30:00;ES;101;147;LINHARES;Manobra de mudan�a de faixa;Queda de ocupante de ve�culo;Com V�timas Feridas;Plena Noite;Crescente;C�u Claro;M�ltipla;"Interse��o de Vias;Reta";Sim;1;0;1;0;0;0;1;1;-19,37955252;-40,06659796;SPRF-ES;DEL04-ES;UOP01-DEL04-ES;;;
733982;23/11/2025;domingo;22:40:00;MG;262;386;FLORESTAL;Animais na Pista;Atropelamento de Animal;Com V�timas Feridas;Plena Noite;Crescente;C�u Claro;Dupla;Reta;Sim;1;0;0;1;0;0;1;1;-19,9072611;-44,5111866;SPRF-MG;DEL01-MG;UOP03-DEL01-MG;;;
733983;23/11/2025;domingo;22:50:00;MG;262;384;FLORESTAL;Aus�ncia de rea��o do condutor;Colis�o com objeto;Sem V�timas;Plena Noite;Crescente;C�u Claro;Dupla;"Reta;Declive";N�o;2;0;0;0;2;0;0;2;-19,9075991;-44,5106098;SPRF-MG;DEL01-MG;UOP03-DEL01-MG;;;
733984;23/11/2025;domingo;21:30:00;AL;316;258,8;PILAR;Rea��o tardia ou ineficiente do condutor;Colis�o frontal;Com V�timas Fatais;Plena Noite;Decrescente;C�u Claro;Simples;Reta;N�o;7;1;2;2;2;0;4;3;-9,59099437;-35,93489997;SPRF-AL;DEL02-AL;UOP01-DEL02-AL;;;
733985;23/11/2025;domingo;22:00:00;MS;262;263;RIBAS DO RIO PARDO;Ultrapassagem Indevida;Colis�o frontal;Com V�timas Fatais;Plena Noite;Decrescente;Chuva;Simples;Reta;N�o;4;2;0;2;0;0;2;2;-20,40489203;-53,98055077;SPRF-MS;DEL01-MS;UOP05-DEL01-MS;;;
733986;23/11/2025;domingo;22:30:00;MG;50;174;UBERABA;Aus�ncia de rea��o do condutor;Sa�da de leito carro��vel;Sem V�timas;Plena Noite;Decrescente;Nublado;Dupla;"Viaduto;Curva";N�o;1;0;0;0;0;1;0;1;-19,77192802;-47,9731199;SPRF-MG;DEL13-MG;UOP01-DEL13-MG;;;
733987;23/11/2025;domingo;18:50:00;MG;116;499;INHAPIM;Rea��o tardia ou ineficiente do condutor;Atropelamento de Pedestre;Com V�timas Feridas;Plena Noite;Decrescente;C�u Claro;Simples;Reta;Sim;2;0;1;1;0;0;2;2;-19,558252;-42,123468;SPRF-MG;DEL06-MG;UOP02-DEL06-MG;;;
733988;23/11/2025;domingo;22:45:00;RJ;101;305;SAO GONCALO;Aus�ncia de rea��o do condutor;Queda de ocupante de ve�culo;Com V�timas Feridas;Plena Noite;Decrescente;Chuva;Dupla;Reta;N�o;1;0;0;1;0;0;1;1;-22,78851117;-43,00242869;SPRF-RJ;DEL02-RJ;UOP02-DEL02-RJ;;;
733989;23/11/2025;domingo;22:40:00;MG;381;842;SAO SEBASTIAO DA BELA VISTA;Aus�ncia de rea��o do condutor;Sa�da de leito carro��vel;Com V�timas Feridas;Pleno dia;Crescente;Nublado;Dupla;Reta;N�o;1;0;1;0;0;0;1;1;-22,18861341;-45,84543128;SPRF-MG;DEL16-MG;UOP01-DEL16-MG;;;
733990;23/11/2025;domingo;15:15:00;MG;116;500;INHAPIM;Rea��o tardia ou ineficiente do condutor;Colis�o traseira;Com V�timas Feridas;Pleno dia;Decrescente;C�u Claro;Simples;Reta;N�o;3;0;1;1;1;0;2;2;-19,563725;-42,122212;SPRF-MG;DEL06-MG;UOP02-DEL06-MG;;;
733991;23/11/2025;domingo;19:00:00;MG;116;495,9;INHAPIM;Transitar na contram�o;Sa�da de leito carro��vel;Com V�timas Fatais;Plena Noite;Crescente;Nublado;Simples;"Aclive;Curva";N�o;2;1;0;1;0;0;1;1;-19,52999409;-42,12672651;SPRF-MG;DEL06-MG;UOP02-DEL06-MG;;;
733993;23/11/2025;domingo;23:45:00;MG;262;371;JUATUBA;Condutor Dormindo;Sa�da de leito carro��vel;Sem V�timas;Plena Noite;Crescente;Nublado;Dupla;Reta;N�o;1;0;0;0;1;0;0;1;-19,938194;-44,389524;SPRF-MG;DEL01-MG;UOP03-DEL01-MG;;;
733994;23/11/2025;domingo;23:15:00;PR;277;72,6;SAO JOSE DOS PINHAIS;Transitar na contram�o;Colis�o frontal;Com V�timas Feridas;Plena Noite;Decrescente;Chuva;Dupla;"Aclive;Reta";N�o;4;0;1;0;3;0;1;2;-25,503415;-49,146556;SPRF-PR;DEL01-PR;UOP07-DEL01-PR;;;
733996;23/11/2025;domingo;23:55:00;MG;381;448,8;BELO HORIZONTE;Convers�o proibida;Colis�o transversal;Com V�timas Feridas;Plena Noite;Crescente;C�u Claro;Simples;"Reta;Declive";Sim;3;0;1;0;2;0;1;2;-19,84292523;-43,88564944;SPRF-MG;DEL01-MG;UOP01-DEL01-MG;;;
733997;23/11/2025;domingo;21:15:00;PR;376;431;TIBAGI;Chuva;Capotamento;Com V�timas Feridas;Plena Noite;Crescente;Chuva;Dupla;Curva;N�o;2;0;1;0;1;0;1;1;-24,70056998;-50,57780385;SPRF-PR;DEL03-PR;UOP02-DEL03-PR;;;
733998;24/11/2025;segunda-feira;00:10:00;MG;40;508,3;RIBEIRAO DAS NEVES;Manobra de mudan�a de faixa;Sa�da de leito carro��vel;Com V�timas Feridas;Plena Noite;Crescente;Nublado;Dupla;Reta;Sim;2;0;2;0;0;0;2;1;-19,76275536;-44,13245257;SPRF-MG;DEL02-MG;UOP01-DEL02-MG;;;
734000;23/11/2025;domingo;17:16:00;RR;174;525;BOA VISTA;Convers�o proibida;Colis�o lateral mesmo sentido;Com V�timas Feridas;Pleno dia;Decrescente;C�u Claro;Simples;Reta;N�o;3;0;1;0;1;1;1;3;2,9722434;-60,7453115;SPRF-RR;DEL01-RR;UOP01-DEL01-RR;;;
734001;23/11/2025;domingo;23:35:00;GO;60;163,4;GOIANIA;Rea��o tardia ou ineficiente do condutor;Tombamento;Com V�timas Feridas;Plena Noite;Crescente;C�u Claro;Dupla;Reta;Sim;3;0;0;1;0;2;1;2;-16,710148;-49,35358;SPRF-GO;DEL01-GO;UOP02-DEL01-GO;;;
734002;24/11/2025;segunda-feira;00:50:00;RS;116;248,6;SAO LEOPOLDO;Aus�ncia de rea��o do condutor;Colis�o com objeto;Sem V�timas;Plena Noite;Decrescente;C�u Claro;Dupla;Reta;N�o;1;0;0;0;1;0;0;1;-29,78185875;-51,15933415;SPRF-RS;DEL01-RS;UOP02-DEL01-RS;;;
734003;24/11/2025;segunda-feira;01:00:00;MG;381;484;BETIM;Aus�ncia de rea��o do condutor;Tombamento;Com V�timas Feridas;Plena Noite;Decrescente;C�u Claro;Dupla;Curva;Sim;1;0;1;0;0;0;1;1;-19,95891055;-44,09116888;SPRF-MG;DEL01-MG;UOP03-DEL01-MG;;;
734004;24/11/2025;segunda-feira;00:40:00;SC;101;204;SAO JOSE;Ingest�o de �lcool pelo condutor;Colis�o traseira;Sem V�timas;Plena Noite;Crescente;Chuva;Dupla;Reta;Sim;2;0;0;0;2;0;0;2;-27,56816;-48,61404;SPRF-SC;DEL01-SC;UOP01-DEL01-SC;;;
734005;24/11/2025;segunda-feira;00:20:00;RJ;101;312;SAO GONCALO;Aus�ncia de rea��o do condutor;Capotamento;Com V�timas Feridas;Plena Noite;Decrescente;C�u Claro;Dupla;Reta;N�o;1;0;0;1;0;0;1;1;-22,80235836;-43,05629818;SPRF-RJ;DEL02-RJ;UOP02-DEL02-RJ;;;
734006;23/11/2025;domingo;23:40:00;SC;101;38;JOINVILLE;Desrespeitar a prefer�ncia no cruzamento;Colis�o transversal;Com V�timas Feridas;Plena Noite;Decrescente;Chuva;Simples;Rotat�ria;Sim;6;0;3;1;1;1;4;3;-26,29628531;-48,88443361;SPRF-SC;DEL03-SC;UOP01-DEL03-SC;;;
734008;24/11/2025;segunda-feira;01:10:00;RJ;101;481;ANGRA DOS REIS;Pista Escorregadia;Queda de ocupante de ve�culo;Com V�timas Feridas;Plena Noite;Crescente;Chuva;Simples;Curva;Sim;1;0;1;0;0;0;1;1;-22,99600727;-44,30168152;SPRF-RJ;DEL03-RJ;UOP03-DEL03-RJ;;;
734009;23/11/2025;domingo;23:00:00;PR;373;435,5;CHOPINZINHO;Condutor Dormindo;Sa�da de leito carro��vel;Com V�timas Feridas;Plena Noite;Crescente;C�u Claro;Simples;"Aclive;Curva";N�o;2;0;1;0;1;0;1;1;-25,80490671;-52,28391141;SPRF-PR;DEL02-PR;UOP01-DEL02-PR;;;
734011;24/11/2025;segunda-feira;01:05:00;RJ;101;389;ITAGUAI;Acessar a via sem observar a presen�a dos outros ve�culos;Colis�o traseira;Com V�timas Feridas;Plena Noite;Crescente;C�u Claro;M�ltipla;Reta;N�o;2;0;2;0;0;0;2;2;-22,8589287;-43,7591047;SPRF-RJ;DEL03-RJ;UOP01-DEL03-RJ;;;
734012;24/11/2025;segunda-feira;00:20:00;MT;163;1026;PEIXOTO DE AZEVEDO;Falta de elemento de conten��o que evite a sa�da do leito carro��vel;Sa�da de leito carro��vel;Sem V�timas;Plena Noite;Crescente;Nublado;Simples;Reta;N�o;1;0;0;0;0;1;0;1;-10,27138;-55,01131;SPRF-MT;DEL06-MT;UOP03-DEL06-MT;;;
734013;24/11/2025;segunda-feira;03:40:00;MS;163;291;DOURADINA;Transitar na contram�o;Colis�o lateral sentido oposto;Com V�timas Feridas;Plena Noite;Crescente;C�u Claro;Simples;Reta;N�o;5;0;1;0;4;0;1;2;-22,0583016;-54,5561146;SPRF-MS;DEL04-MS;UOP01-DEL04-MS;;;
734014;24/11/2025;segunda-feira;04:30:00;MT;70;7;BARRA DO GARCAS;Convers�o proibida;Colis�o frontal;Com V�timas Feridas;Amanhecer;Decrescente;C�u Claro;Simples;Reta;Sim;3;0;2;0;1;0;2;2;-15,8725226;-52,3855256;SPRF-MT;DEL07-MT;UOP01-DEL07-MT;;;
734016;24/11/2025;segunda-feira;04:42:00;PE;101;42,2;IGARASSU;Condutor deixou de manter dist�ncia do ve�culo da frente;Colis�o traseira;Com V�timas Feridas;Amanhecer;Decrescente;C�u Claro;M�ltipla;Reta;Sim;2;0;0;1;1;0;1;2;-7,8410482;-34,9113047;SPRF-PE;DEL01-PE;UOP02-DEL01-PE;;;
734018;24/11/2025;segunda-feira;05:02:00;RJ;40;116;DUQUE DE CAXIAS;Frear bruscamente;Colis�o traseira;Sem V�timas;Amanhecer;Crescente;Nublado;Dupla;Reta;Sim;5;0;0;0;4;1;0;3;-22,73534461;-43,28831997;SPRF-RJ;DEL01-RJ;UOP02-DEL01-RJ;;;
734019;23/11/2025;domingo;15:30:00;MG;40;161;JOAO PINHEIRO;Rea��o tardia ou ineficiente do condutor;Sa�da de leito carro��vel;Com V�timas Feridas;Pleno dia;Crescente;Garoa/Chuvisco;Dupla;Curva;N�o;3;0;3;0;0;0;3;1;-17,8941;-46,1246;SPRF-MG;DEL14-MG;UOP02-DEL14-MG;;;
734020;24/11/2025;segunda-feira;05:00:00;PR;277;60;SAO JOSE DOS PINHAIS;Aus�ncia de rea��o do condutor;Colis�o traseira;Sem V�timas;Pleno dia;Crescente;Garoa/Chuvisco;Simples;Reta;Sim;3;0;0;0;3;0;0;2;-25,5515194;-49,03897159;SPRF-PR;DEL01-PR;UOP01-DEL01-PR;;;
734021;24/11/2025;segunda-feira;06:00:00;RS;116;473,1;TURUCU;Condutor Dormindo;Colis�o com objeto;Com V�timas Fatais;Amanhecer;Decrescente;Nublado;Dupla;Reta;N�o;2;1;0;1;0;0;1;1;-31,42777;-52,1847377;SPRF-RS;DEL07-RS;UOP01-DEL07-RS;;;
734022;24/11/2025;segunda-feira;05:45:00;SC;101;263;GAROPABA;Condutor Dormindo;Sa�da de leito carro��vel;Com V�timas Feridas;Amanhecer;Decrescente;Chuva;M�ltipla;Reta;N�o;2;0;2;0;0;0;2;1;-28,04601698;-48,71459587;SPRF-SC;DEL02-SC;UOP03-DEL02-SC;;;
734024;23/11/2025;domingo;18:40:00;GO;60;280;JANDAIA;Aus�ncia de rea��o do condutor;Sa�da de leito carro��vel;Com V�timas Feridas;Plena Noite;Crescente;C�u Claro;Dupla;Reta;N�o;4;0;1;0;0;3;1;1;-17,24736;-50,216587;SPRF-GO;DEL04-GO;UOP02-DEL04-GO;;;
734025;23/11/2025;domingo;17:00:00;GO;60;287,6;ACREUNA;Rea��o tardia ou ineficiente do condutor;Sa�da de leito carro��vel;Com V�timas Feridas;Pleno dia;Crescente;C�u Claro;Dupla;Reta;N�o;2;0;1;1;0;0;2;1;-17,294428;-50,266847;SPRF-GO;DEL04-GO;UOP02-DEL04-GO;;;
734026;24/11/2025;segunda-feira;05:30:00;MG;116;282;TEOFILO OTONI;Rea��o tardia ou ineficiente do condutor;Sa�da de leito carro��vel;Com V�timas Feridas;Amanhecer;Decrescente;Chuva;Simples;"Reta;Aclive";N�o;1;0;0;1;0;0;1;1;-17,902964;-41,52276;SPRF-MG;DEL11-MG;UOP01-DEL11-MG;;;
734028;24/11/2025;segunda-feira;02:10:00;GO;153;506;APARECIDA DE GOIANIA;Aus�ncia de rea��o do condutor;Colis�o com objeto;Sem V�timas;Plena Noite;Decrescente;C�u Claro;Dupla;Reta;N�o;1;0;0;0;1;0;0;1;-16,74028113;-49,24204946;SPRF-GO;DEL01-GO;UOP01-DEL01-GO;;;
734029;24/11/2025;segunda-feira;06:15:00;RS;285;298;PASSO FUNDO;Desrespeitar a prefer�ncia no cruzamento;Colis�o transversal;Com V�timas Feridas;Pleno dia;Decrescente;C�u Claro;Simples;Interse��o de Vias;Sim;2;0;1;0;1;0;1;2;-28,23663;-52,42621;SPRF-RS;DEL08-RS;UOP03-DEL08-RS;;;
734030;23/11/2025;domingo;18:50:00;PI;343;348;TERESINA;Acessar a via sem observar a presen�a dos outros ve�culos;Colis�o transversal;Com V�timas Feridas;Plena Noite;Crescente;C�u Claro;Dupla;Reta;Sim;2;0;1;0;1;0;1;2;-5,1216;-42,792843;SPRF-PI;DEL01-PI;UOP01-DEL01-PI;;;
734032;24/11/2025;segunda-feira;05:45:00;SP;116;210;GUARULHOS;Trafegar com motocicleta (ou similar) entre as faixas;Colis�o lateral mesmo sentido;Com V�timas Feridas;Amanhecer;Crescente;Chuva;M�ltipla;Reta;Sim;3;0;2;0;1;0;2;2;-23,42916067;-46,41246139;SPRF-SP;DEL01-SP;UOP01-DEL01-SP;;;
734033;23/11/2025;domingo;16:50:00;RS;290;220;PANTANO GRANDE;Acessar a via sem observar a presen�a dos outros ve�culos;Colis�o transversal;Sem V�timas;Pleno dia;Crescente;Nublado;Dupla;Reta;N�o;6;0;0;0;6;0;0;2;-30,20015;-52,421905;SPRF-RS;DEL02-RS;UOP03-DEL02-RS;;;
734034;24/11/2025;segunda-feira;06:25:00;ES;101;245,5;SERRA;Ultrapassagem Indevida;Colis�o lateral mesmo sentido;Sem V�timas;Amanhecer;Crescente;Nublado;Simples;Reta;N�o;2;0;0;0;2;0;0;2;-20,0488473;-40,3867012;SPRF-ES;DEL02-ES;UOP01-DEL02-ES;;;
734035;24/11/2025;segunda-feira;03:54:00;RO;364;342;JI-PARANA;Aus�ncia de rea��o do condutor;Colis�o traseira;Com V�timas Feridas;Plena Noite;Decrescente;C�u Claro;Dupla;Reta;Sim;3;0;1;0;2;0;1;2;-10,88359473;-61,9379553;SPRF-RO;DEL02-RO;UOP01-DEL02-RO;;;
734036;24/11/2025;segunda-feira;04:00:00;SC;101;110;PENHA;Ingest�o de �lcool pelo condutor;Sa�da de leito carro��vel;Sem V�timas;Plena Noite;Crescente;Chuva;Dupla;Curva;N�o;1;0;0;0;0;1;0;1;-26,83508078;-48,70878696;SPRF-SC;DEL03-SC;UOP02-DEL03-SC;;;
734037;24/11/2025;segunda-feira;07:00:00;PR;277;74,9;SAO JOSE DOS PINHAIS;Trafegar com motocicleta (ou similar) entre as faixas;Colis�o traseira;Com V�timas Feridas;Pleno dia;Crescente;Sol;Dupla;Reta;N�o;3;0;1;0;2;0;1;2;-25,494007;-49,167506;SPRF-PR;DEL01-PR;UOP07-DEL01-PR;;;
734038;24/11/2025;segunda-feira;06:30:00;MS;163;10,9;MUNDO NOVO;Aus�ncia de rea��o do condutor;Tombamento;Com V�timas Feridas;Pleno dia;Crescente;C�u Claro;Simples;"Desvio Tempor�rio;Declive;Em Obras";N�o;1;0;1;0;0;0;1;1;-23,96773284;-54,32715788;SPRF-MS;DEL09-MS;UOP02-DEL09-MS;;;
734040;24/11/2025;segunda-feira;07:00:00;SP;116;130,6;CACAPAVA;Manobra de mudan�a de faixa;Colis�o lateral mesmo sentido;Com V�timas Feridas;Pleno dia;Crescente;C�u Claro;Dupla;Reta;Sim;2;0;1;0;1;0;1;2;-23,12339447;-45,72877614;SPRF-SP;DEL02-SP;UOP02-DEL02-SP;;;
734041;24/11/2025;segunda-feira;06:40:00;ES;101;288,5;CARIACICA;Rea��o tardia ou ineficiente do condutor;Colis�o lateral mesmo sentido;Com V�timas Feridas;Pleno dia;Decrescente;Nublado;Dupla;Reta;Sim;3;0;1;0;2;0;1;2;-20,27485826;-40,39220095;SPRF-ES;DEL01-ES;UOP01-DEL01-ES;;;
734042;24/11/2025;segunda-feira;07:15:00;RJ;116;175;SAO JOAO DE MERITI;Demais falhas mec�nicas ou el�tricas;Queda de ocupante de ve�culo;Com V�timas Feridas;Amanhecer;Crescente;Nublado;Dupla;Reta;Sim;2;0;2;0;0;0;2;1;-22,788309;-43,373974;SPRF-RJ;DEL06-RJ;UOP01-DEL06-RJ;;;
734043;24/11/2025;segunda-feira;06:20:00;BA;101;447;AURELINO LEAL;Acumulo de �gua sobre o pavimento;Sa�da de leito carro��vel;Com V�timas Feridas;Pleno dia;Decrescente;Garoa/Chuvisco;Simples;"Declive;Curva";N�o;3;0;2;0;1;0;2;2;-14,33603;-39,31627;SPRF-BA;DEL05-BA;UOP01-DEL05-BA;;;