id;data_inversa;dia_semana;horario;uf;br;km;municipio;causa_acidente;tipo_acidente;classificacao_acidente;fase_dia;sentido_via;condicao_metereologica;tipo_pista;tracado_via;uso_solo;pessoas;mortos;feridos_leves;feridos_graves;ilesos;ignorados;feridos;veiculos;latitude;longitude;regional;delegacia;uop;;;
734045;24/11/2025;segunda-feira;06:00:00;RJ;465;19;NOVA IGUACU;Rea��o tardia ou ineficiente do condutor;Atropelamento de Pedestre;Com V�timas Feridas;Pleno dia;Crescente;C�u Claro;Simples;Reta;Sim;4;0;1;0;3;0;1;2;-22,81340744;-43,62593148;SPRF-RJ;DEL06-RJ;UOP02-DEL06-RJ;;;
734046;24/11/2025;segunda-feira;08:20:00;PB;101;82,4;BAYEUX;Aus�ncia de rea��o do condutor;Colis�o traseira;Sem V�timas;Pleno dia;Crescente;Sol;Dupla;"Aclive;Reta;Viaduto";Sim;2;0;0;0;2;0;0;2;-7,13125783;-34,93308842;SPRF-PB;DEL01-PB;UOP01-DEL01-PB;;;
734047;24/11/2025;segunda-feira;07:45:00;BA;116;420;FEIRA DE SANTANA;Rea��o tardia ou ineficiente do condutor;Colis�o traseira;Com V�timas Feridas;Pleno dia;Crescente;C�u Claro;Dupla;Viaduto;Sim;2;0;2;0;0;0;2;2;-12,2162128;-38,964592;SPRF-BA;DEL02-BA;UOP01-DEL02-BA;;;
734048;24/11/2025;segunda-feira;08:00:00;PE;101;70,4;RECIFE;Acessar a via sem observar a presen�a dos outros ve�culos;Atropelamento de Pedestre;Com V�timas Feridas;Pleno dia;Crescente;C�u Claro;Dupla;Reta;Sim;2;0;1;0;1;0;1;2;-8,0640226;-34,9447507;SPRF-PE;DEL01-PE;UOP01-DEL01-PE;;;
734049;24/11/2025;segunda-feira;08:00:00;SC;282;5,8;SAO JOSE;Aus�ncia de rea��o do condutor;Queda de ocupante de ve�culo;Com V�timas Feridas;Pleno dia;Crescente;Chuva;Dupla;"Declive;Curva";N�o;1;0;1;0;0;0;1;1;-27,584533;-48,617107;SPRF-SC;DEL01-SC;UOP01-DEL01-SC;;;
734051;24/11/2025;segunda-feira;08:30:00;SC;101;211;SAO JOSE;Rea��o tardia ou ineficiente do condutor;Queda de ocupante de ve�culo;Com V�timas Feridas;Pleno dia;Decrescente;Chuva;M�ltipla;Reta;N�o;2;0;1;0;1;0;1;2;-27,62196537;-48,65086198;SPRF-SC;DEL01-SC;UOP02-DEL01-SC;;;
734052;24/11/2025;segunda-feira;08:00:00;PR;369;91,1;CORNELIO PROCOPIO;Acessar a via sem observar a presen�a dos outros ve�culos;Colis�o transversal;Com V�timas Feridas;Pleno dia;Crescente;C�u Claro;Dupla;"Interse��o de Vias;Curva;Retorno Regulamentado;Declive";Sim;2;0;1;0;1;0;1;2;-23,19878794;-50,65408587;SPRF-PR;DEL07-PR;UOP05-DEL07-PR;;;
734053;24/11/2025;segunda-feira;08:05:00;RN;101;95,8;NATAL;Ultrapassagem Indevida;Colis�o lateral mesmo sentido;Com V�timas Feridas;Pleno dia;Decrescente;C�u Claro;Dupla;Reta;Sim;4;0;3;0;1;0;3;3;-5,84915495;-35,20757901;SPRF-RN;DEL01-RN;UOP01-DEL01-RN;;;
734054;24/11/2025;segunda-feira;07:45:00;PR;376;180;MARINGA;Aus�ncia de rea��o do condutor;Tombamento;Com V�timas Feridas;Pleno dia;Decrescente;Nublado;Dupla;Reta;Sim;2;0;2;0;0;0;2;1;-23,421995;-51,904279;SPRF-PR;DEL09-PR;UOP01-DEL09-PR;;;
734057;24/11/2025;segunda-feira;07:53:00;PE;101;51,3;PAULISTA;Manobra de mudan�a de faixa;Colis�o lateral mesmo sentido;Com V�timas Feridas;Pleno dia;Crescente;C�u Claro;M�ltipla;Interse��o de Vias;Sim;2;0;1;0;1;0;1;2;-7,919865;-34,8952817;SPRF-PE;DEL01-PE;UOP02-DEL01-PE;;;
734058;24/11/2025;segunda-feira;09:00:00;SC;282;4,6;SAO JOSE;Frear bruscamente;Queda de ocupante de ve�culo;Com V�timas Feridas;Pleno dia;Crescente;Chuva;M�ltipla;Reta;N�o;2;0;1;0;1;0;1;2;-27,58467;-48,616887;SPRF-SC;DEL01-SC;UOP01-DEL01-SC;;;
734060;24/11/2025;segunda-feira;09:20:00;BA;116;422;FEIRA DE SANTANA;Aus�ncia de sinaliza��o;Colis�o transversal;Com V�timas Feridas;Pleno dia;Decrescente;C�u Claro;Simples;Curva;Sim;2;0;1;0;1;0;1;2;-12,23088552;-38,96385179;SPRF-BA;DEL02-BA;UOP01-DEL02-BA;;;
734061;24/11/2025;segunda-feira;09:00:00;PR;116;115;CURITIBA;Manobra de mudan�a de faixa;Colis�o lateral mesmo sentido;Com V�timas Feridas;Pleno dia;Decrescente;Nublado;Dupla;Reta;Sim;2;0;1;0;1;0;1;2;-25,54416273;-49,30307262;SPRF-PR;DEL01-PR;UOP03-DEL01-PR;;;
734062;23/11/2025;domingo;05:00:00;BA;116;574;BREJOES;Acessar a via sem observar a presen�a dos outros ve�culos;Atropelamento de Pedestre;Com V�timas Feridas;Plena Noite;Decrescente;C�u Claro;Simples;Reta;Sim;2;0;1;0;0;1;1;2;-13,0740914;-39,9613084;SPRF-BA;DEL03-BA;UOP02-DEL03-BA;;;
734065;24/11/2025;segunda-feira;08:35:00;RN;101;84;SAO GONCALO DO AMARANTE;Aus�ncia de rea��o do condutor;Colis�o traseira;Com V�timas Feridas;Pleno dia;Crescente;Sol;Dupla;Reta;Sim;2;0;2;0;0;0;2;2;-5,77303562;-35,26124088;SPRF-RN;DEL02-RN;UOP01-DEL02-RN;;;
734066;24/11/2025;segunda-feira;09:10:00;MG;381;778,4;CAMPANHA;Chuva;Sa�da de leito carro��vel;Com V�timas Feridas;Pleno dia;Decrescente;Chuva;Dupla;Curva;N�o;5;0;2;0;3;0;2;2;-21,804263;-45,474091;SPRF-MG;DEL16-MG;UOP02-DEL16-MG;;;
734067;24/11/2025;segunda-feira;06:40:00;MG;116;485,3;INHAPIM;Retorno proibido;Colis�o transversal;Com V�timas Fatais;Plena Noite;Decrescente;C�u Claro;Simples;"Interse��o de Vias;Curva";N�o;2;1;1;0;0;0;1;2;-19,441705;-42,129747;SPRF-MG;DEL06-MG;UOP02-DEL06-MG;;;
734070;24/11/2025;segunda-feira;09:20:00;PE;101;92;CABO DE SANTO AGOSTINHO;Condutor deixou de manter dist�ncia do ve�culo da frente;Engavetamento;Sem V�timas;Pleno dia;Crescente;Sol;Dupla;Reta;N�o;5;0;0;0;3;2;0;4;-8,23069;-34,99601;SPRF-PE;DEL01-PE;UOP01-DEL01-PE;;;
734071;24/11/2025;segunda-feira;09:15:00;SC;282;50,4;AGUAS MORNAS;Rea��o tardia ou ineficiente do condutor;Sa�da de leito carro��vel;Com V�timas Feridas;Pleno dia;Crescente;Garoa/Chuvisco;Simples;"Aclive;Reta";N�o;1;0;1;0;0;0;1;1;-27,70603;-48,955373;SPRF-SC;DEL01-SC;UOP03-DEL01-SC;;;
734072;24/11/2025;segunda-feira;10:35:00;ES;101;202,1;JOAO NEIVA;Demais falhas mec�nicas ou el�tricas;Inc�ndio;Sem V�timas;Pleno dia;Decrescente;Garoa/Chuvisco;Simples;Curva;N�o;1;0;0;0;1;0;0;1;-19,74293535;-40,36508608;SPRF-ES;DEL04-ES;UOP01-DEL04-ES;;;
734073;24/11/2025;segunda-feira;09:45:00;RS;386;32,9;FREDERICO WESTPHALEN;Acessar a via sem observar a presen�a dos outros ve�culos;Colis�o transversal;Com V�timas Feridas;Pleno dia;Decrescente;C�u Claro;Simples;"Reta;Interse��o de Vias";Sim;2;0;1;0;1;0;1;2;-27,35025176;-53,38624835;SPRF-RS;DEL08-RS;UOP02-DEL08-RS;;;
734075;04/11/2025;ter�a-feira;07:50:00;ES;101;270,5;SERRA;Trafegar com motocicleta (ou similar) entre as faixas;Colis�o lateral mesmo sentido;Com V�timas Feridas;Pleno dia;Crescente;C�u Claro;M�ltipla;Reta;Sim;2;0;1;0;0;1;1;2;-20,22896003;-40,27210611;SPRF-ES;DEL02-ES;UOP01-DEL02-ES;;;
734078;24/11/2025;segunda-feira;09:15:00;GO;60;294,5;ACREUNA;Rea��o tardia ou ineficiente do condutor;Sa�da de leito carro��vel;Com V�timas Feridas;Pleno dia;Crescente;C�u Claro;Dupla;Reta;N�o;2;0;1;1;0;0;2;1;-17,328093;-50,302829;SPRF-GO;DEL04-GO;UOP02-DEL04-GO;;;
734081;24/11/2025;segunda-feira;11:15:00;RN;304;35;MOSSORO;Aus�ncia de rea��o do condutor;Tombamento;Com V�timas Feridas;Pleno dia;Decrescente;C�u Claro;Simples;Curva;Sim;1;0;1;0;0;0;1;1;-5,165716;-37,350906;SPRF-RN;DEL04-RN;UOP02-DEL04-RN;;;
734082;24/11/2025;segunda-feira;08:40:00;MG;116;223;CATUJI;Aus�ncia de rea��o do condutor;Colis�o frontal;Com V�timas Feridas;Pleno dia;Crescente;Chuva;Simples;"Aclive;Curva";N�o;9;0;1;0;7;1;1;3;-17,431653;-41,514822;SPRF-MG;DEL11-MG;UOP01-DEL11-MG;;;
734084;24/11/2025;segunda-feira;10:50:00;RJ;101;55;CAMPOS DOS GOYTACAZES;Transitar no Acostamento;Colis�o lateral mesmo sentido;Com V�timas Feridas;Pleno dia;Crescente;C�u Claro;Simples;Reta;N�o;2;0;1;0;1;0;1;2;-21,83584641;-41,42100476;SPRF-RJ;DEL08-RJ;UOP01-DEL08-RJ;;;
734085;24/11/2025;segunda-feira;11:40:00;RJ;101;442;MANGARATIBA;Curva acentuada;Tombamento;Com V�timas Feridas;Pleno dia;Decrescente;Nublado;Simples;Curva;N�o;2;0;1;1;0;0;2;1;-22,9800333;-44,0831667;SPRF-RJ;DEL03-RJ;UOP02-DEL03-RJ;;;
734086;24/11/2025;segunda-feira;10:15:00;SC;101;401,9;MARACAJA;Velocidade Incompat�vel;Tombamento;Com V�timas Feridas;Pleno dia;Crescente;Nublado;Simples;Interse��o de Vias;Sim;1;0;0;1;0;0;1;1;-28,87806135;-49,45782837;SPRF-SC;DEL02-SC;UOP02-DEL02-SC;;;
734088;24/11/2025;segunda-feira;10:30:00;PE;101;66;RECIFE;Manobra de mudan�a de faixa;Colis�o lateral mesmo sentido;Com V�timas Feridas;Pleno dia;Crescente;Sol;M�ltipla;Reta;Sim;2;0;0;1;1;0;1;2;-8,041998;-34,943338;SPRF-PE;DEL01-PE;UOP01-DEL01-PE;;;
734089;24/11/2025;segunda-feira;11:20:00;PR;153;55,2;BANDEIRANTES;Condutor deixou de manter dist�ncia do ve�culo da frente;Colis�o traseira;Com V�timas Feridas;Pleno dia;Crescente;Nublado;Simples;Reta;Sim;3;0;1;1;1;0;2;2;-23,10720192;-50,36387656;SPRF-PR;DEL07-PR;UOP04-DEL07-PR;;;
734091;24/11/2025;segunda-feira;06:00:00;MG;381;941;EXTREMA;Chuva;Sa�da de leito carro��vel;Com V�timas Feridas;Amanhecer;Decrescente;Chuva;Dupla;Reta;Sim;1;0;1;0;0;0;1;1;-22,828949;-46,314577;SPRF-MG;DEL16-MG;UOP03-DEL16-MG;;;
734094;24/11/2025;segunda-feira;10:05:00;RJ;40;124;RIO DE JANEIRO;Rea��o tardia ou ineficiente do condutor;Queda de ocupante de ve�culo;Com V�timas Feridas;Pleno dia;Crescente;Nublado;Dupla;Reta;Sim;1;0;1;0;0;0;1;1;-22,812146;-43,288183;SPRF-RJ;DEL01-RJ;UOP02-DEL01-RJ;;;
734095;24/11/2025;segunda-feira;08:45:00;RJ;356;181;SAO JOAO DA BARRA;Mal s�bito do condutor;Sa�da de leito carro��vel;Com V�timas Feridas;Pleno dia;Decrescente;Nublado;Simples;Reta;N�o;1;0;1;0;0;0;1;1;-21,66024279;-41,05389361;SPRF-RJ;DEL08-RJ;UOP02-DEL08-RJ;;;
734098;24/11/2025;segunda-feira;10:25:00;RJ;465;22;RIO DE JANEIRO;Rea��o tardia ou ineficiente do condutor;Colis�o lateral mesmo sentido;Com V�timas Feridas;Pleno dia;Decrescente;Nublado;Simples;Reta;Sim;2;0;1;0;1;0;1;2;-22,865727;-43,600818;SPRF-RJ;DEL03-RJ;UOP01-DEL03-RJ;;;
734102;24/11/2025;segunda-feira;12:46:00;PE;101;63,4;RECIFE;Manobra de mudan�a de faixa;Colis�o lateral mesmo sentido;Com V�timas Feridas;Pleno dia;Crescente;C�u Claro;M�ltipla;"Interse��o de Vias;Curva";N�o;2;0;1;0;1;0;1;2;-8,011725;-34,938372;SPRF-PE;DEL01-PE;UOP01-DEL01-PE;;;
734103;24/11/2025;segunda-feira;12:40:00;PI;316;5;TERESINA;Aus�ncia de rea��o do condutor;Colis�o lateral mesmo sentido;Com V�timas Feridas;Pleno dia;Decrescente;C�u Claro;M�ltipla;"Interse��o de Vias;Reta";Sim;2;0;1;0;1;0;1;2;-5,14163;-42,781468;SPRF-PI;DEL01-PI;UOP02-DEL01-PI;;;
734104;24/11/2025;segunda-feira;10:00:00;SC;101;206;SAO JOSE;Aus�ncia de rea��o do condutor;Queda de ocupante de ve�culo;Com V�timas Feridas;Pleno dia;Crescente;Chuva;Dupla;Reta;Sim;2;0;1;0;1;0;1;1;-27,6001892;-48,62293331;SPRF-SC;DEL01-SC;UOP01-DEL01-SC;;;
734105;24/11/2025;segunda-feira;12:30:00;MG;381;496;BETIM;Pista Escorregadia;Colis�o lateral mesmo sentido;Com V�timas Feridas;Pleno dia;Crescente;C�u Claro;Dupla;"Reta;Interse��o de Vias";N�o;2;0;1;0;0;1;1;2;-19,97483736;-44,18800145;SPRF-MG;DEL01-MG;UOP03-DEL01-MG;;;
734106;24/11/2025;segunda-feira;14:45:00;MG;40;577;SAO DOMINGOS DO PRATA;Transitar na contram�o;Colis�o frontal;Com V�timas Feridas;Pleno dia;Crescente;Chuva;Simples;Curva;N�o;3;0;2;1;0;0;3;2;-20;-43;SPRF-MG;DEL01-MG;UOP02-DEL01-MG;;;
734107;24/11/2025;segunda-feira;13:30:00;RJ;101;94;CAMPOS DOS GOYTACAZES;Chuva;Capotamento;Com V�timas Feridas;Pleno dia;Decrescente;Chuva;Dupla;Curva;Sim;2;0;2;0;0;0;2;1;-21,83583428;-41,42096798;SPRF-RJ;DEL08-RJ;UOP02-DEL08-RJ;;;
734108;24/11/2025;segunda-feira;13:20:00;GO;153;104;SANTA TEREZA DE GOIAS;Acessar a via sem observar a presen�a dos outros ve�culos;Colis�o transversal;Com V�timas Feridas;Pleno dia;Crescente;C�u Claro;Simples;Reta;N�o;6;0;3;0;3;0;3;2;-13,68949824;-49,02279496;SPRF-GO;DEL07-GO;UOP01-DEL07-GO;;;
734110;24/11/2025;segunda-feira;10:39:00;MA;135;53,9;BACABEIRA;Condutor Dormindo;Sa�da de leito carro��vel;Com V�timas Feridas;Pleno dia;Decrescente;C�u Claro;Dupla;Reta;N�o;1;0;1;0;0;0;1;1;-2,995675;-44,313177;SPRF-MA;DEL01-MA;UOP02-DEL01-MA;;;
734111;24/11/2025;segunda-feira;15:00:00;PR;369;147;LONDRINA;Condutor desrespeitou a ilumina��o vermelha do sem�foro;Colis�o transversal;Com V�timas Feridas;Pleno dia;Decrescente;C�u Claro;Dupla;"Interse��o de Vias;Reta";Sim;2;0;0;1;1;0;1;2;-23,29307636;-51,13450019;SPRF-PR;DEL07-PR;UOP01-DEL07-PR;;;
734113;24/11/2025;segunda-feira;12:00:00;RJ;101;197;CASIMIRO DE ABREU;Velocidade Incompat�vel;Sa�da de leito carro��vel;Com V�timas Feridas;Pleno dia;Crescente;Chuva;Dupla;Curva;N�o;5;0;1;0;4;0;1;2;-22,49334575;-42,11409464;SPRF-RJ;DEL08-RJ;UOP04-DEL08-RJ;;;
734114;24/11/2025;segunda-feira;14:30:00;PB;230;16;JOAO PESSOA;Condutor deixou de manter dist�ncia do ve�culo da frente;Engavetamento;Sem V�timas;Pleno dia;Decrescente;C�u Claro;Dupla;Reta;N�o;4;0;0;0;4;0;0;3;-7,109712;-34,843022;SPRF-PB;DEL01-PB;UOP01-DEL01-PB;;;
734115;24/11/2025;segunda-feira;07:30:00;PE;232;409;SERRA TALHADA;Aus�ncia de rea��o do condutor;Colis�o traseira;Com V�timas Feridas;Pleno dia;Crescente;Sol;Simples;"Reta;Interse��o de Vias";Sim;2;0;0;1;1;0;1;2;-7,9828;-38,3014;SPRF-PE;DEL04-PE;UOP01-DEL04-PE;;;
734117;24/11/2025;segunda-feira;14:00:00;BA;101;865;TEIXEIRA DE FREITAS;Ultrapassagem Indevida;Colis�o frontal;Com V�timas Fatais;Pleno dia;Crescente;Chuva;Simples;"Aclive;Reta";N�o;3;1;0;1;0;1;1;3;-17,450765;-39,696173;SPRF-BA;DEL09-BA;UOP02-DEL09-BA;;;
734120;24/11/2025;segunda-feira;15:05:00;PE;232;8,4;RECIFE;Condutor deixou de manter dist�ncia do ve�culo da frente;Colis�o traseira;Com V�timas Feridas;Pleno dia;Decrescente;C�u Claro;M�ltipla;Reta;N�o;2;0;1;0;1;0;1;2;-8,07703;-34,97328;SPRF-PE;DEL01-PE;UOP01-DEL01-PE;;;
734121;24/11/2025;segunda-feira;14:50:00;RS;290;142;ELDORADO DO SUL;Rea��o tardia ou ineficiente do condutor;Colis�o traseira;Sem V�timas;Pleno dia;Crescente;C�u Claro;Simples;Reta;Sim;5;0;0;0;5;0;0;2;-30,09206431;-51,63353667;SPRF-RS;DEL02-RS;UOP01-DEL02-RS;;;
734123;11/10/2025;s�bado;06:00:00;ES;262;170,9;IBATIBA;Rea��o tardia ou ineficiente do condutor;Colis�o traseira;Com V�timas Feridas;Pleno dia;Decrescente;C�u Claro;Simples;Curva;N�o;3;0;0;1;1;1;1;3;-20,26466186;-41,59061047;SPRF-ES;DEL01-ES;UOP02-DEL01-ES;;;
734124;24/11/2025;segunda-feira;15:30:00;RS;116;226;DOIS IRMAOS;Aus�ncia de rea��o do condutor;Colis�o traseira;Com V�timas Feridas;Pleno dia;Decrescente;C�u Claro;Simples;Reta;N�o;2;0;1;0;1;0;1;2;-29,60142;-51,11856901;SPRF-RS;DEL01-RS;UOP02-DEL01-RS;;;
734125;24/11/2025;segunda-feira;14:05:00;PB;230;16,6;JOAO PESSOA;Manobra de mudan�a de faixa;Colis�o lateral mesmo sentido;Com V�timas Feridas;Pleno dia;Crescente;C�u Claro;Dupla;Reta;Sim;4;0;2;0;0;2;2;3;-7,11274796;-34,84247754;SPRF-PB;DEL01-PB;UOP01-DEL01-PB;;;
734126;12/06/2025;quinta-feira;15:00:00;RJ;116;170;RIO DE JANEIRO;Manobra de mudan�a de faixa;Capotamento;Com V�timas Feridas;Pleno dia;Decrescente;Chuva;Dupla;Reta;Sim;3;0;2;0;0;1;2;3;-22,81487448;-43,32758904;SPRF-RJ;DEL06-RJ;UOP01-DEL06-RJ;;;
734127;24/11/2025;segunda-feira;15:20:00;ES;259;94,5;BAIXO GUANDU;Aus�ncia de rea��o do condutor;Colis�o com objeto;Com V�timas Feridas;Pleno dia;Crescente;Chuva;Simples;Reta;N�o;1;0;1;0;0;0;1;1;-19,5057699;-40,957934;SPRF-ES;DEL02-ES;UOP01-DEL02-ES;;;
734130;24/11/2025;segunda-feira;15:45:00;RS;290;101;PORTO ALEGRE;Rea��o tardia ou ineficiente do condutor;Capotamento;Sem V�timas;Pleno dia;Crescente;C�u Claro;M�ltipla;"Reta;Ponte";Sim;1;0;0;0;1;0;0;1;-29,98761272;-51,23941898;SPRF-RS;DEL01-RS;UOP01-DEL01-RS;;;
734131;24/11/2025;segunda-feira;15:00:00;PE;101;86;JABOATAO DOS GUARARAPES;Acesso irregular;Engavetamento;Com V�timas Feridas;Pleno dia;Crescente;C�u Claro;Dupla;Reta;Sim;4;0;1;0;3;0;1;3;-8,1847037;-34,9688109;SPRF-PE;DEL01-PE;UOP01-DEL01-PE;;;
734135;24/11/2025;segunda-feira;15:40:00;RN;226;4;NATAL;Convers�o proibida;Colis�o transversal;Com V�timas Feridas;Pleno dia;Crescente;C�u Claro;Simples;Reta;Sim;2;0;1;0;1;0;1;2;-5,819943;-35,266727;SPRF-RN;DEL01-RN;UOP02-DEL01-RN;;;
734141;24/11/2025;segunda-feira;16:20:00;SP;116;6,7;QUELUZ;Mal s�bito do condutor;Sa�da de leito carro��vel;Com V�timas Feridas;Pleno dia;Decrescente;Nublado;Dupla;Reta;Sim;1;0;1;0;0;0;1;1;-22,53415;-44,76038;SPRF-SP;DEL08-SP;UOP02-DEL08-SP;;;
734142;24/11/2025;segunda-feira;16:44:00;PE;101;51;PAULISTA;Aus�ncia de rea��o do condutor;Sa�da de leito carro��vel;Sem V�timas;Pleno dia;Decrescente;C�u Claro;M�ltipla;"Declive;Viaduto";Sim;1;0;0;0;0;1;0;1;-7,92265792;-34,89414144;SPRF-PE;DEL01-PE;UOP02-DEL01-PE;;;
734143;24/11/2025;segunda-feira;17:10:00;RJ;101;464;ANGRA DOS REIS;Velocidade Incompat�vel;Sa�da de leito carro��vel;Com V�timas Feridas;Pleno dia;Crescente;Chuva;Simples;Curva;N�o;2;0;2;0;0;0;2;1;-23,024712;-44,219631;SPRF-RJ;DEL03-RJ;UOP03-DEL03-RJ;;;
734144;24/11/2025;segunda-feira;17:30:00;RS;285;456;IJUI;Transitar na contram�o;Colis�o frontal;Com V�timas Feridas;Pleno dia;Decrescente;C�u Claro;Simples;"Reta;Em Obras";Sim;2;0;1;1;0;0;2;2;-28,389591;-53,892924;SPRF-RS;DEL10-RS;UOP01-DEL10-RS;;;
734147;24/11/2025;segunda-feira;17:30:00;MG;262;11,2;MARTINS SOARES;Acessar a via sem observar a presen�a dos outros ve�culos;Colis�o transversal;Com V�timas Feridas;Anoitecer;Crescente;C�u Claro;Simples;"Interse��o de Vias;Reta;Aclive";N�o;2;0;0;1;1;0;1;2;-20,247529;-41,848273;SPRF-MG;DEL06-MG;UOP03-DEL06-MG;;;
734148;24/11/2025;segunda-feira;18:00:00;PR;376;4,5;APUCARANA;Acessar a via sem observar a presen�a dos outros ve�culos;Colis�o transversal;Com V�timas Feridas;Pleno dia;Crescente;C�u Claro;Dupla;Reta;N�o;3;0;2;0;1;0;2;2;-23,55319207;-51,44676611;SPRF-PR;DEL03-PR;UOP03-DEL03-PR;;;
734149;24/11/2025;segunda-feira;10:00:00;PE;101;174,4;JOAQUIM NABUCO;Condutor Dormindo;Sa�da de leito carro��vel;Com V�timas Feridas;Pleno dia;Crescente;C�u Claro;Dupla;Reta;N�o;1;0;0;1;0;0;1;1;-8,60207;-35,53259;SPRF-PE;DEL01-PE;UOP03-DEL01-PE;;;
734150;24/11/2025;segunda-feira;18:20:00;SC;101;138,1;BALNEARIO CAMBORIU;Trafegar com motocicleta (ou similar) entre as faixas;Colis�o traseira;Com V�timas Feridas;Pleno dia;Decrescente;Garoa/Chuvisco;Dupla;Reta;Sim;3;0;1;0;2;0;1;3;-27,02143969;-48,60880679;SPRF-SC;DEL04-SC;UOP03-DEL04-SC;;;
734151;24/11/2025;segunda-feira;15:10:00;PR;277;290;PRUDENTOPOLIS;Rea��o tardia ou ineficiente do condutor;Colis�o lateral mesmo sentido;Sem V�timas;Pleno dia;Decrescente;C�u Claro;Simples;Reta;N�o;2;0;0;0;2;0;0;2;-25,318;-51,006;SPRF-PR;DEL08-PR;UOP02-DEL08-PR;;;
734152;22/11/2025;s�bado;19:10:00;RS;468;59;SANTO AUGUSTO;Aus�ncia de rea��o do condutor;Sa�da de leito carro��vel;Com V�timas Feridas;Anoitecer;Crescente;C�u Claro;Simples;Reta;N�o;2;0;2;0;0;0;2;1;-27,75752943;-53,77862552;SPRF-RS;DEL08-RS;UOP02-DEL08-RS;;;
734154;24/11/2025;segunda-feira;16:10:00;PR;153;346;REBOUCAS;Transitar na contram�o;Colis�o lateral sentido oposto;Com V�timas Feridas;Pleno dia;Decrescente;Nublado;Simples;Curva;N�o;2;0;2;0;0;0;2;2;-25,5890425;-50,6838247;SPRF-PR;DEL08-PR;UOP02-DEL08-PR;;;
734155;24/11/2025;segunda-feira;18:40:00;RS;448;3;ESTEIO;Condutor deixou de manter dist�ncia do ve�culo da frente;Colis�o traseira;Com V�timas Feridas;Pleno dia;Crescente;C�u Claro;Dupla;Reta;Sim;2;0;1;0;1;0;1;2;-29,84111528;-51,17648239;SPRF-RS;DEL01-RS;UOP02-DEL01-RS;;;
734156;24/11/2025;segunda-feira;18:10:00;MA;135;119;MIRANDA DO NORTE;Ultrapassagem Indevida;Sa�da de leito carro��vel;Com V�timas Feridas;Anoitecer;Decrescente;C�u Claro;Simples;Reta;N�o;5;0;4;1;0;0;5;2;-3,51862333;-44,55332333;SPRF-MA;DEL01-MA;UOP02-DEL01-MA;;;
734157;24/11/2025;segunda-feira;18:15:00;SC;101;146,7;ITAPEMA;Rea��o tardia ou ineficiente do condutor;Colis�o traseira;Sem V�timas;Anoitecer;Decrescente;Nublado;M�ltipla;"Declive;Reta";Sim;3;0;0;0;3;0;0;3;-27,08953;-48,6142;SPRF-SC;DEL04-SC;UOP03-DEL04-SC;;;
734158;24/11/2025;segunda-feira;17:15:00;MS;267;300;RIO BRILHANTE;Acessar a via sem observar a presen�a dos outros ve�culos;Colis�o transversal;Com V�timas Feridas;Pleno dia;Crescente;Sol;Simples;Interse��o de Vias;N�o;2;0;1;0;1;0;1;2;-21,74749666;-54,6050748;SPRF-MS;DEL02-MS;UOP02-DEL02-MS;;;
734159;24/11/2025;segunda-feira;18:50:00;MA;135;6;SAO LUIS;Retorno proibido;Colis�o transversal;Com V�timas Feridas;Plena Noite;Decrescente;C�u Claro;Dupla;Reta;Sim;2;0;2;0;0;0;2;2;-2,6348;-44,26708;SPRF-MA;DEL01-MA;UOP01-DEL01-MA;;;
734160;24/11/2025;segunda-feira;19:16:00;RN;101;81;SAO GONCALO DO AMARANTE;Condutor deixou de manter dist�ncia do ve�culo da frente;Colis�o traseira;Com V�timas Feridas;Plena Noite;Crescente;C�u Claro;Simples;Reta;N�o;3;0;0;1;2;0;1;3;-5,7615992;-35,2881841;SPRF-RN;DEL02-RN;UOP01-DEL02-RN;;;
734161;24/11/2025;segunda-feira;19:45:00;PE;232;6,5;RECIFE;Rea��o tardia ou ineficiente do condutor;Colis�o traseira;Com V�timas Feridas;Plena Noite;Crescente;C�u Claro;M�ltipla;Reta;Sim;2;0;1;0;1;0;1;2;-8,07213;-34,95737;SPRF-PE;DEL01-PE;UOP01-DEL01-PE;;;
734163;24/11/2025;segunda-feira;16:30:00;MG;381;923,8;CAMANDUCAIA;Curva acentuada;Tombamento;Com V�timas Feridas;Pleno dia;Crescente;Garoa/Chuvisco;Dupla;Curva;N�o;2;0;1;0;1;0;1;1;-22,77460071;-46,18776155;SPRF-MG;DEL16-MG;UOP03-DEL16-MG;;;
734164;24/11/2025;segunda-feira;19:20:00;MG;381;729;CARMO DA CACHOEIRA;Rea��o tardia ou ineficiente do condutor;Colis�o com objeto;Com V�timas Feridas;Plena Noite;Decrescente;Garoa/Chuvisco;Dupla;"Curva;Declive";N�o;1;0;1;0;0;0;1;1;-21,49974968;-45,21216139;SPRF-MG;DEL04-MG;UOP02-DEL04-MG;;;
734165;24/11/2025;segunda-feira;17:55:00;SP;116;545;BARRA DO TURVO;Rea��o tardia ou ineficiente do condutor;Colis�o com objeto;Com V�timas Feridas;Anoitecer;Crescente;Chuva;M�ltipla;"Curva;Declive";N�o;2;0;1;0;1;0;1;1;-24,947008;-48,42501569;SPRF-SP;DEL05-SP;UOP02-DEL05-SP;;;