id;data_inversa;dia_semana;horario;uf;br;km;municipio;causa_acidente;tipo_acidente;classificacao_acidente;fase_dia;sentido_via;condicao_metereologica;tipo_pista;tracado_via;uso_solo;pessoas;mortos;feridos_leves;feridos_graves;ilesos;ignorados;feridos;veiculos;latitude;longitude;regional;delegacia;uop;;;
734166;24/11/2025;segunda-feira;17:30:00;MG;116;241,9;TEOFILO OTONI;Rea��o tardia ou ineficiente do condutor;Sa�da de leito carro��vel;Com V�timas Feridas;Anoitecer;Crescente;Nublado;Simples;Curva;N�o;21;0;3;0;18;0;3;1;-17,581277;-41,478027;SPRF-MG;DEL11-MG;UOP01-DEL11-MG;;;
734167;24/11/2025;segunda-feira;19:50:00;PR;116;123;CURITIBA;Rea��o tardia ou ineficiente do condutor;Colis�o traseira;Sem V�timas;Plena Noite;Crescente;Garoa/Chuvisco;Dupla;Reta;N�o;2;0;0;0;1;1;0;2;-25,618342;-49,317057;SPRF-PR;DEL01-PR;UOP03-DEL01-PR;;;
734168;24/11/2025;segunda-feira;20:00:00;PB;101;40,8;MAMANGUAPE;Convers�o proibida;Colis�o transversal;Com V�timas Feridas;Plena Noite;Decrescente;C�u Claro;Simples;Reta;N�o;4;0;0;4;0;0;4;2;-6,845247;-35,1355;SPRF-PB;DEL01-PB;UOP03-DEL01-PB;;;
734169;24/11/2025;segunda-feira;18:30:00;PI;343;13;PARNAIBA;Desrespeitar a prefer�ncia no cruzamento;Colis�o transversal;Com V�timas Feridas;Plena Noite;Crescente;C�u Claro;Dupla;Rotat�ria;Sim;2;0;0;1;1;0;1;2;-2,92881172;-41,75354004;SPRF-PI;DEL05-PI;UOP01-DEL05-PI;;;
734170;24/11/2025;segunda-feira;19:10:00;MG;381;162,6;GOVERNADOR VALADARES;Animais na Pista;Atropelamento de Animal;Com V�timas Feridas;Plena Noite;Crescente;Nublado;Simples;"Reta;Aclive";N�o;2;0;1;0;1;0;1;1;-18,923736;-42,01833308;SPRF-MG;DEL06-MG;UOP01-DEL06-MG;;;
734171;24/11/2025;segunda-feira;20:28:00;SC;282;16,3;PALHOCA;Acessar a via sem observar a presen�a dos outros ve�culos;Atropelamento de Pedestre;Com V�timas Feridas;Plena Noite;Crescente;C�u Claro;Simples;Reta;N�o;2;0;1;0;1;0;1;2;-27,66003276;-48,6821124;SPRF-SC;DEL01-SC;UOP02-DEL01-SC;;;
734173;24/11/2025;segunda-feira;20:35:00;SC;101;335,8;TUBARAO;Manobra de mudan�a de faixa;Colis�o lateral mesmo sentido;Com V�timas Feridas;Plena Noite;Crescente;Nublado;Dupla;Reta;N�o;5;0;2;0;3;0;2;2;-28,47951293;-49,03385846;SPRF-SC;DEL02-SC;UOP01-DEL02-SC;;;
734175;24/11/2025;segunda-feira;20:10:00;SC;101;438,6;SOMBRIO;Condutor deixou de manter dist�ncia do ve�culo da frente;Colis�o traseira;Com V�timas Feridas;Plena Noite;Crescente;Nublado;Dupla;"Reta;Declive";Sim;3;0;0;2;1;0;2;2;-29,12390422;-49,66056196;SPRF-SC;DEL02-SC;UOP02-DEL02-SC;;;
734177;24/11/2025;segunda-feira;07:30:00;RJ;101;319;NITEROI;Aus�ncia de rea��o do condutor;Colis�o traseira;Com V�timas Feridas;Pleno dia;Crescente;Nublado;Dupla;Reta;N�o;3;0;2;0;1;0;2;2;-22,85708255;-43,10391426;SPRF-RJ;DEL02-RJ;UOP02-DEL02-RJ;;;
734178;24/11/2025;segunda-feira;21:25:00;RS;285;457,2;IJUI;Acessar a via sem observar a presen�a dos outros ve�culos;Colis�o transversal;Com V�timas Feridas;Plena Noite;Decrescente;Nublado;Simples;"Interse��o de Vias;Reta;Aclive;Em Obras";Sim;2;0;1;0;1;0;1;2;-28,39683674;-53,89720917;SPRF-RS;DEL10-RS;UOP01-DEL10-RS;;;
734179;24/11/2025;segunda-feira;20:20:00;MA;316;547;CAXIAS;Acostamento em desn�vel;Queda de ocupante de ve�culo;Com V�timas Feridas;Plena Noite;Decrescente;C�u Claro;Simples;Reta;N�o;1;0;1;0;0;0;1;1;-4,8604749;-43,4282325;SPRF-MA;DEL03-MA;UOP02-DEL03-MA;;;
734182;24/11/2025;segunda-feira;17:40:00;SP;381;37;ATIBAIA;Chuva;Colis�o lateral mesmo sentido;Com V�timas Feridas;Anoitecer;Decrescente;Chuva;Dupla;"Aclive;Reta";Sim;2;0;1;0;1;0;1;2;-23,10970308;-46,57043307;SPRF-SP;DEL03-SP;UOP01-DEL03-SP;;;
734183;24/11/2025;segunda-feira;21:40:00;ES;101;294;CARIACICA;Velocidade Incompat�vel;Colis�o com objeto;Com V�timas Feridas;Plena Noite;Crescente;Chuva;M�ltipla;"Curva;Declive";N�o;1;0;0;1;0;0;1;1;-20,32446078;-40,39551465;SPRF-ES;DEL01-ES;UOP01-DEL01-ES;;;
734184;24/11/2025;segunda-feira;17:00:00;RO;319;66;PORTO VELHO;Aus�ncia de rea��o do condutor;Sa�da de leito carro��vel;Com V�timas Feridas;Pleno dia;Decrescente;Nublado;Simples;Reta;N�o;1;0;1;0;0;0;1;1;-8,70989219;-63,98597038;SPRF-RO;DEL01-RO;UOP01-DEL01-RO;;;
734186;24/11/2025;segunda-feira;18:30:00;SP;116;560;BARRA DO TURVO;Acumulo de �gua sobre o pavimento;Sa�da de leito carro��vel;Com V�timas Feridas;Anoitecer;Crescente;Chuva;Dupla;"Declive;Curva";N�o;5;0;1;0;4;0;1;1;-25,01902854;-48,51263559;SPRF-SP;DEL05-SP;UOP02-DEL05-SP;;;
734187;24/11/2025;segunda-feira;16:00:00;PR;476;87,9;BOCAIUVA DO SUL;Mal s�bito do condutor;Queda de ocupante de ve�culo;Com V�timas Fatais;Pleno dia;Decrescente;Nublado;Simples;"Curva;Declive";N�o;2;1;0;0;0;1;0;2;-25,17755274;-49,11109384;SPRF-PR;DEL01-PR;UOP01-DEL01-PR;;;
734188;24/11/2025;segunda-feira;22:00:00;PR;116;18,8;CURITIBA;Aus�ncia de rea��o do condutor;Colis�o traseira;Com V�timas Feridas;Plena Noite;Crescente;Garoa/Chuvisco;Dupla;"Reta;Interse��o de Vias";Sim;3;0;1;1;1;0;2;2;-25,38882399;-49,20136929;SPRF-PR;DEL01-PR;UOP02-DEL01-PR;;;
734190;24/11/2025;segunda-feira;20:45:00;RJ;40;92;PETROPOLIS;Demais falhas na via;Tombamento;Com V�timas Feridas;Plena Noite;Crescente;Chuva;Dupla;"Curva;Declive";N�o;2;0;1;0;1;0;1;1;-22,55227;-43,251172;SPRF-RJ;DEL01-RJ;UOP01-DEL01-RJ;;;
734193;24/11/2025;segunda-feira;19:20:00;MS;262;207;RIBAS DO RIO PARDO;Aus�ncia de rea��o do condutor;Colis�o com objeto;Com V�timas Feridas;Plena Noite;Decrescente;C�u Claro;Simples;Reta;N�o;1;0;1;0;0;0;1;1;-20,474092;-53,662888;SPRF-MS;DEL01-MS;UOP05-DEL01-MS;;;
734195;24/11/2025;segunda-feira;21:00:00;MT;364;357,1;SANTO ANTONIO DO LEVERGER;Condutor usando celular;Colis�o com objeto;Sem V�timas;Plena Noite;Decrescente;C�u Claro;Dupla;Curva;N�o;1;0;0;0;1;0;0;1;-15,80006505;-55,66086974;SPRF-MT;DEL05-MT;UOP02-DEL05-MT;;;
734199;24/11/2025;segunda-feira;21:15:00;PR;116;199,1;RIO NEGRO;Ingest�o de �lcool pelo condutor;Sa�da de leito carro��vel;Sem V�timas;Plena Noite;Crescente;Garoa/Chuvisco;Simples;Curva;N�o;1;0;0;0;1;0;0;1;-26,0513374;-49,7082913;SPRF-SC;DEL06-SC;UOP01-DEL06-SC;;;
734201;24/11/2025;segunda-feira;22:30:00;MS;163;452,7;CAMPO GRANDE;Aus�ncia de rea��o do condutor;Sa�da de leito carro��vel;Com V�timas Feridas;Plena Noite;Crescente;C�u Claro;Simples;Reta;N�o;2;0;2;0;0;0;2;1;-20,70215;-54,54863;SPRF-MS;DEL01-MS;UOP01-DEL01-MS;;;
734202;24/11/2025;segunda-feira;22:40:00;PE;101;51;ABREU E LIMA;Acessar a via sem observar a presen�a dos outros ve�culos;Colis�o transversal;Com V�timas Feridas;Plena Noite;Crescente;C�u Claro;Simples;"Reta;Retorno Regulamentado";Sim;3;0;1;1;1;0;2;2;-7,91459;-34,89882;SPRF-PE;DEL01-PE;UOP02-DEL01-PE;;;
734204;24/11/2025;segunda-feira;19:00:00;PR;277;238;FERNANDES PINHEIRO;Acumulo de �gua sobre o pavimento;Sa�da de leito carro��vel;Sem V�timas;Plena Noite;Decrescente;Chuva;Simples;Reta;N�o;2;0;0;0;2;0;0;1;-25,46338576;-50,54796696;SPRF-PR;DEL08-PR;UOP02-DEL08-PR;;;
734206;25/11/2025;ter�a-feira;00:18:00;DF;40;0;BRASILIA;Demais Fen�menos da natureza;Tombamento;Com V�timas Feridas;Plena Noite;Crescente;Chuva;Dupla;Reta;N�o;2;0;0;1;1;0;1;1;-15,59331;-47,599;SPRF-DF;DEL01-DF;UOP01-DEL01-DF;;;
734209;25/11/2025;ter�a-feira;02:36:00;PB;230;21;JOAO PESSOA;Velocidade Incompat�vel;Colis�o com objeto;Com V�timas Feridas;Plena Noite;Crescente;C�u Claro;Dupla;Curva;Sim;1;0;0;1;0;0;1;1;-7,14808;-34,850802;SPRF-PB;DEL01-PB;UOP01-DEL01-PB;;;
734213;25/11/2025;ter�a-feira;02:35:00;BA;324;578;SAO SEBASTIAO DO PASSE;Animais na Pista;Atropelamento de Animal;Com V�timas Feridas;Plena Noite;Crescente;C�u Claro;Dupla;Reta;N�o;1;0;1;0;0;0;1;1;-12,597103;-38,51258;SPRF-BA;DEL01-BA;UOP01-DEL01-BA;;;
734214;25/11/2025;ter�a-feira;02:00:00;SC;101;159;PORTO BELO;Rea��o tardia ou ineficiente do condutor;Sa�da de leito carro��vel;Sem V�timas;Plena Noite;Decrescente;Nublado;Dupla;Reta;N�o;1;0;0;0;1;0;0;1;-27,1844098;-48,61244202;SPRF-SC;DEL04-SC;UOP03-DEL04-SC;;;
734217;25/11/2025;ter�a-feira;04:00:00;PR;476;144;CURITIBA;Avarias e/ou desgaste excessivo no pneu;Queda de ocupante de ve�culo;Com V�timas Feridas;Amanhecer;Crescente;Garoa/Chuvisco;Simples;Reta;Sim;1;0;1;0;0;0;1;1;-25,54845513;-49,30396748;SPRF-PR;DEL01-PR;UOP06-DEL01-PR;;;
734221;25/11/2025;ter�a-feira;05:30:00;DF;20;25;BRASILIA;Velocidade Incompat�vel;Capotamento;Com V�timas Feridas;Amanhecer;Crescente;Chuva;Dupla;Curva;Sim;1;0;1;0;0;0;1;1;-15,59542597;-47,65046096;SPRF-DF;DEL02-DF;UOP01-DEL02-DF;;;
734226;25/11/2025;ter�a-feira;02:30:00;SC;153;104,6;CONCORDIA;Condutor usando celular;Sa�da de leito carro��vel;Com V�timas Feridas;Plena Noite;Decrescente;C�u Claro;Simples;Curva;N�o;1;0;1;0;0;0;1;1;-27,26348023;-51,95777893;SPRF-SC;DEL07-SC;UOP04-DEL07-SC;;;
734229;25/11/2025;ter�a-feira;05:55:00;RJ;116;183;NOVA IGUACU;Aus�ncia de rea��o do condutor;Engavetamento;Sem V�timas;Pleno dia;Decrescente;C�u Claro;Dupla;Reta;Sim;4;0;0;0;3;1;0;3;-22,75077585;-43,44024181;SPRF-RJ;DEL06-RJ;UOP01-DEL06-RJ;;;
734230;25/11/2025;ter�a-feira;06:30:00;GO;60;99;ANAPOLIS;Aus�ncia de rea��o do condutor;Colis�o com objeto;Com V�timas Feridas;Pleno dia;Crescente;Garoa/Chuvisco;Dupla;Reta;Sim;1;0;1;0;0;0;1;1;-16,39327;-48,95985;SPRF-GO;DEL02-GO;UOP01-DEL02-GO;;;
734231;25/11/2025;ter�a-feira;06:45:00;SP;116;134,8;SAO JOSE DOS CAMPOS;Condutor deixou de manter dist�ncia do ve�culo da frente;Engavetamento;Sem V�timas;Pleno dia;Decrescente;Nublado;Dupla;Reta;N�o;4;0;0;0;4;0;0;4;-23,14195821;-45,76505184;SPRF-SP;DEL02-SP;UOP01-DEL02-SP;;;
734232;25/11/2025;ter�a-feira;07:00:00;SC;101;196;BIGUACU;Acessar a via sem observar a presen�a dos outros ve�culos;Colis�o transversal;Com V�timas Feridas;Pleno dia;Decrescente;C�u Claro;Simples;Interse��o de Vias;N�o;2;0;1;0;1;0;1;2;-27,5079;-48,64607;SPRF-SC;DEL01-SC;UOP01-DEL01-SC;;;
734233;25/11/2025;ter�a-feira;06:20:00;SP;116;283,7;EMBU DAS ARTES;Trafegar com motocicleta (ou similar) entre as faixas;Colis�o traseira;Com V�timas Feridas;Pleno dia;Decrescente;C�u Claro;Dupla;Reta;N�o;2;0;2;0;0;0;2;1;-23,67534121;-46,85681836;SPRF-SP;DEL04-SP;UOP01-DEL04-SP;;;
734235;25/11/2025;ter�a-feira;06:25:00;CE;116;33,3;AQUIRAZ;Aus�ncia de rea��o do condutor;Colis�o traseira;Com V�timas Fatais;Pleno dia;Decrescente;Sol;Dupla;Reta;N�o;2;1;0;0;1;0;0;2;-4,039791;-38,508879;SPRF-CE;DEL01-CE;UOP02-DEL01-CE;;;
734238;25/11/2025;ter�a-feira;07:15:00;SC;101;19,5;PALHOCA;Condutor usando celular;Colis�o traseira;Com V�timas Feridas;Pleno dia;Crescente;C�u Claro;Simples;Reta;Sim;5;0;1;0;4;0;1;2;-27,68148022;-48,70639293;SPRF-SC;DEL03-SC;UOP01-DEL03-SC;;;
734241;20/10/2025;segunda-feira;13:50:00;PR;376;3,8;SAO JOSE DOS PINHAIS;Rea��o tardia ou ineficiente do condutor;Engavetamento;Com V�timas Feridas;Pleno dia;Decrescente;C�u Claro;Dupla;Reta;Sim;4;0;3;0;0;1;3;2;-25,537245;-49,192665;SPRF-PR;DEL01-PR;UOP04-DEL01-PR;;;
734244;25/11/2025;ter�a-feira;07:20:00;SP;381;35,5;ATIBAIA;Rea��o tardia ou ineficiente do condutor;Queda de ocupante de ve�culo;Com V�timas Feridas;Pleno dia;Decrescente;Nublado;Dupla;Reta;Sim;1;0;1;0;0;0;1;1;-23,09787047;-46,57248688;SPRF-SP;DEL03-SP;UOP02-DEL03-SP;;;
734248;25/11/2025;ter�a-feira;07:45:00;RS;290;88,9;PORTO ALEGRE;Condutor deixou de manter dist�ncia do ve�culo da frente;Colis�o traseira;Com V�timas Feridas;Pleno dia;Crescente;C�u Claro;M�ltipla;Reta;N�o;2;0;1;0;1;0;1;2;-29,96720406;-51,13509178;SPRF-RS;DEL01-RS;UOP01-DEL01-RS;;;
734249;25/11/2025;ter�a-feira;07:45:00;SC;163;75;SAO MIGUEL DO OESTE;Carga excessiva e/ou mal acondicionada;Sa�da de leito carro��vel;Com V�timas Feridas;Pleno dia;Decrescente;C�u Claro;Simples;Curva;N�o;2;0;2;0;0;0;2;1;-26,67239871;-53,51942247;SPRF-SC;DEL07-SC;UOP03-DEL07-SC;;;
734251;25/11/2025;ter�a-feira;08:30:00;RN;101;125;SAO JOSE DE MIPIBU;Acessar a via sem observar a presen�a dos outros ve�culos;Colis�o lateral mesmo sentido;Com V�timas Feridas;Pleno dia;Decrescente;C�u Claro;Dupla;Reta;Sim;2;0;1;0;1;0;1;2;-6,0801481;-35,2345128;SPRF-RN;DEL01-RN;UOP01-DEL01-RN;;;
734253;25/11/2025;ter�a-feira;08:40:00;SC;470;53,2;BLUMENAU;Rea��o tardia ou ineficiente do condutor;Sa�da de leito carro��vel;Com V�timas Feridas;Pleno dia;Crescente;Nublado;Simples;Curva;Sim;1;0;1;0;0;0;1;1;-26,86862115;-49,10468102;SPRF-SC;DEL04-SC;UOP01-DEL04-SC;;;
734256;25/11/2025;ter�a-feira;07:32:00;PR;277;685;SAO MIGUEL DO IGUACU;Manobra de mudan�a de faixa;Sa�da de leito carro��vel;Com V�timas Feridas;Pleno dia;Decrescente;C�u Claro;Dupla;Reta;N�o;1;0;1;0;0;0;1;1;-25,333;-54,192;SPRF-PR;DEL05-PR;UOP01-DEL05-PR;;;
734259;25/11/2025;ter�a-feira;07:15:00;RJ;101;322;NITEROI;Chuva;Tombamento;Com V�timas Feridas;Pleno dia;Crescente;Chuva;Dupla;Reta;Sim;1;0;1;0;0;0;1;1;-22,87448485;-43,11030865;SPRF-RJ;DEL02-RJ;UOP01-DEL02-RJ;;;
734260;25/11/2025;ter�a-feira;07:45:00;RJ;101;436;MANGARATIBA;Rea��o tardia ou ineficiente do condutor;Colis�o traseira;Com V�timas Feridas;Pleno dia;Crescente;C�u Claro;Simples;Curva;N�o;3;0;1;0;2;0;1;2;-22,9441536;-43,9877632;SPRF-RJ;DEL03-RJ;UOP02-DEL03-RJ;;;
734261;25/11/2025;ter�a-feira;09:05:00;BA;116;11;VITORIA DA CONQUISTA;Desrespeitar a prefer�ncia no cruzamento;Colis�o transversal;Com V�timas Feridas;Pleno dia;Crescente;Nublado;Simples;"Reta;Rotat�ria";Sim;2;0;1;0;1;0;1;2;-14,87276181;-40,87147534;SPRF-BA;DEL08-BA;UOP01-DEL08-BA;;;
734262;07/10/2025;ter�a-feira;15:40:00;AL;101;115;PILAR;Problema com o freio;Colis�o frontal;Com V�timas Feridas;Pleno dia;Crescente;C�u Claro;Simples;"Declive;Reta";N�o;14;0;0;2;12;0;2;2;-9,64356;-36,02419;SPRF-AL;DEL02-AL;UOP01-DEL02-AL;;;
734263;25/11/2025;ter�a-feira;07:50:00;PI;343;342;TERESINA;Desrespeitar a prefer�ncia no cruzamento;Colis�o transversal;Com V�timas Feridas;Pleno dia;Decrescente;C�u Claro;Dupla;Rotat�ria;Sim;2;0;2;0;0;0;2;2;-5,0828153;-42,75042432;SPRF-PI;DEL01-PI;UOP01-DEL01-PI;;;
734264;21/11/2025;sexta-feira;05:20:00;AC;364;128;RIO BRANCO;Condutor Dormindo;Sa�da de leito carro��vel;Com V�timas Feridas;Pleno dia;Decrescente;C�u Claro;Simples;Curva;N�o;1;0;1;0;0;0;1;1;-10,027524;-67,833317;SPRF-AC;DEL01-AC;UOP01-DEL01-AC;;;
734265;25/11/2025;ter�a-feira;06:30:00;RJ;101;332;RIO DE JANEIRO;Chuva;Tombamento;Com V�timas Feridas;Pleno dia;Decrescente;Garoa/Chuvisco;Simples;"Reta;Ponte";Sim;1;0;1;0;0;0;1;1;-22,86812989;-43,19900131;SPRF-RJ;DEL02-RJ;UOP01-DEL02-RJ;;;
734267;25/11/2025;ter�a-feira;10:20:00;SC;101;311;LAGUNA;Rea��o tardia ou ineficiente do condutor;Colis�o traseira;Com V�timas Feridas;Pleno dia;Decrescente;C�u Claro;Dupla;Curva;N�o;2;0;1;0;0;1;1;2;-28,43766572;-48,80974229;SPRF-SC;DEL02-SC;UOP01-DEL02-SC;;;
734269;25/11/2025;ter�a-feira;10:45:00;SC;101;139;BALNEARIO CAMBORIU;Pista esburacada;Tombamento;Com V�timas Feridas;Pleno dia;Crescente;C�u Claro;Simples;"Interse��o de Vias;Aclive";N�o;2;0;2;0;0;0;2;1;-27,0410899;-48,59973757;SPRF-SC;DEL04-SC;UOP03-DEL04-SC;;;
734270;25/11/2025;ter�a-feira;11:10:00;BA;116;834;VITORIA DA CONQUISTA;Rea��o tardia ou ineficiente do condutor;Colis�o traseira;Com V�timas Feridas;Pleno dia;Crescente;C�u Claro;Simples;Reta;N�o;3;0;1;0;2;0;1;2;-14,9455;-40,8965;SPRF-BA;DEL08-BA;UOP01-DEL08-BA;;;
734271;25/11/2025;ter�a-feira;10:39:00;ES;259;50;COLATINA;Convers�o proibida;Colis�o transversal;Com V�timas Feridas;Pleno dia;Crescente;C�u Claro;Simples;"Reta;Interse��o de Vias";N�o;3;0;3;0;0;0;3;2;-19,51219;-40,604095;SPRF-ES;DEL02-ES;UOP01-DEL02-ES;;;
734273;25/11/2025;ter�a-feira;10:15:00;PE;232;82;GRAVATA;Condutor usando celular;Colis�o traseira;Com V�timas Feridas;Pleno dia;Decrescente;C�u Claro;Simples;Reta;Sim;2;0;1;0;1;0;1;2;-8,200989;-35,590754;SPRF-PE;DEL02-PE;UOP02-DEL02PE;;;
734275;25/11/2025;ter�a-feira;10:50:00;MA;222;673;ACAILANDIA;Acessar a via sem observar a presen�a dos outros ve�culos;Colis�o lateral mesmo sentido;Com V�timas Feridas;Pleno dia;Crescente;C�u Claro;Simples;"Interse��o de Vias;Reta";Sim;4;0;0;1;3;0;1;2;-4,9514579;-47,4839686;SPRF-MA;DEL04-MA;UOP03-DEL04-MA;;;
734277;25/11/2025;ter�a-feira;11:20:00;RO;364;236,7;CACOAL;Manobra de mudan�a de faixa;Colis�o lateral mesmo sentido;Com V�timas Feridas;Pleno dia;Crescente;Sol;Simples;Reta;Sim;2;0;1;0;0;1;1;2;-11,443622;-61,445967;SPRF-RO;DEL02-RO;UOP02-DEL02-RO;;;
734278;25/11/2025;ter�a-feira;12:00:00;SC;101;204,1;SAO JOSE;Acessar a via sem observar a presen�a dos outros ve�culos;Colis�o lateral mesmo sentido;Com V�timas Feridas;Pleno dia;Crescente;C�u Claro;Dupla;Interse��o de Vias;Sim;2;0;1;0;1;0;1;2;-27,57960569;-48,61430313;SPRF-SC;DEL01-SC;UOP01-DEL01-SC;;;
734279;25/11/2025;ter�a-feira;12:30:00;SP;116;210;GUARULHOS;Aus�ncia de rea��o do condutor;Tombamento;Com V�timas Feridas;Pleno dia;Decrescente;C�u Claro;Dupla;Reta;Sim;2;0;1;0;1;0;1;2;-23,42841701;-46,4107753;SPRF-SP;DEL01-SP;UOP01-DEL01-SP;;;
734280;25/11/2025;ter�a-feira;12:10:00;PI;343;340;TERESINA;Acessar a via sem observar a presen�a dos outros ve�culos;Colis�o transversal;Com V�timas Feridas;Pleno dia;Decrescente;C�u Claro;Dupla;Reta;Sim;3;0;2;0;1;0;2;2;-5,074183;-42,736328;SPRF-PI;DEL01-PI;UOP01-DEL01-PI;;;
734284;25/11/2025;ter�a-feira;11:45:00;SC;282;39,1;AGUAS MORNAS;Mal s�bito do condutor;Sa�da de leito carro��vel;Com V�timas Feridas;Pleno dia;Decrescente;C�u Claro;Simples;Curva;N�o;1;0;1;0;0;0;1;1;-27,71234755;-48,8611304;SPRF-SC;DEL01-SC;UOP03-DEL01-SC;;;
734285;25/11/2025;ter�a-feira;10:40:00;PR;116;190,8;CAMPO DO TENENTE;Rea��o tardia ou ineficiente do condutor;Colis�o traseira;Sem V�timas;Pleno dia;Crescente;C�u Claro;Simples;Reta;Sim;2;0;0;0;2;0;0;2;-25,99046104;-49,66613945;SPRF-SC;DEL06-SC;UOP01-DEL06-SC;;;
734287;25/11/2025;ter�a-feira;14:00:00;BA;101;877;TEIXEIRA DE FREITAS;Ultrapassagem Indevida;Colis�o lateral sentido oposto;Com V�timas Feridas;Pleno dia;Crescente;Nublado;Simples;Reta;Sim;3;0;0;3;0;0;3;2;-17,54360442;-39,71745282;SPRF-BA;DEL09-BA;UOP02-DEL09-BA;;;
734289;25/11/2025;ter�a-feira;12:20:00;BA;116;423;FEIRA DE SANTANA;Acessar a via sem observar a presen�a dos outros ve�culos;Colis�o transversal;Com V�timas Feridas;Pleno dia;Decrescente;C�u Claro;Dupla;Reta;Sim;2;0;1;0;1;0;1;2;-12,21202782;-38,96549463;SPRF-BA;DEL02-BA;UOP01-DEL02-BA;;;
734291;25/11/2025;ter�a-feira;11:34:00;MS;163;565,8;BANDEIRANTES;Aus�ncia de rea��o do condutor;Colis�o traseira;Com V�timas Feridas;Pleno dia;Crescente;C�u Claro;Simples;Reta;N�o;4;0;1;0;3;0;1;2;-19,76362;-54,35986;SPRF-MS;DEL01-MS;UOP02-DEL01-MS;;;
734293;25/11/2025;ter�a-feira;14:15:00;SC;470;126;LONTRAS;Trafegar com motocicleta (ou similar) entre as faixas;Colis�o transversal;Com V�timas Feridas;Pleno dia;Crescente;Nublado;Simples;Reta;Sim;3;0;1;0;2;0;1;2;-27,1343036;-49,54060143;SPRF-SC;DEL04-SC;UOP02-DEL04-SC;;;
734294;25/11/2025;ter�a-feira;14:45:00;MG;40;561;NOVA LIMA;Condutor Dormindo;Sa�da de leito carro��vel;Com V�timas Feridas;Pleno dia;Crescente;C�u Claro;Dupla;Reta;N�o;1;0;1;0;0;0;1;1;-20,13008943;-43,96591187;SPRF-MG;DEL01-MG;UOP02-DEL01-MG;;;
734296;25/11/2025;ter�a-feira;14:20:00;MG;365;55;CLARO DOS POCOES;Velocidade Incompat�vel;Sa�da de leito carro��vel;Com V�timas Feridas;Pleno dia;Crescente;Garoa/Chuvisco;Simples;"Aclive;Reta";N�o;2;0;2;0;0;0;2;1;-16,992862;-44,27341;SPRF-MG;DEL12-MG;UOP01-DEL12-MG;;;
734298;25/11/2025;ter�a-feira;11:22:00;RJ;356;76;ITALVA;Transitar na contram�o;Colis�o frontal;Com V�timas Feridas;Pleno dia;Crescente;C�u Claro;Simples;Reta;Sim;3;0;0;1;2;0;1;2;-21,42803713;-41,69348395;SPRF-RJ;DEL08-RJ;UOP03-DEL08-RJ;;;
734300;25/11/2025;ter�a-feira;14:50:00;PB;101;37,3;MAMANGUAPE;Rea��o tardia ou ineficiente do condutor;Colis�o traseira;Com V�timas Feridas;Pleno dia;Crescente;C�u Claro;Dupla;"Reta;Retorno Regulamentado";N�o;3;0;0;1;2;0;1;2;-6,815247;-35,13939;SPRF-PB;DEL01-PB;UOP03-DEL01-PB;;;
734302;25/11/2025;ter�a-feira;14:00:00;RS;470;346;SAO JERONIMO;Acesso irregular;Colis�o lateral mesmo sentido;Com V�timas Feridas;Pleno dia;Decrescente;C�u Claro;Simples;"Reta;Interse��o de Vias";Sim;3;0;0;1;1;1;1;3;-29,979082;-51,733048;SPRF-RS;DEL02-RS;UOP01-DEL02-RS;;;
734303;07/11/2025;sexta-feira;20:30:00;RJ;116;139;MAGE;Ultrapassagem Indevida;Colis�o com objeto;Com V�timas Fatais;Plena Noite;Crescente;Nublado;Dupla;Reta;Sim;1;1;0;0;0;0;0;1;-22,6465271;-43,2102992;SPRF-RJ;DEL04-RJ;UOP02-DEL04-RJ;;;
734305;25/11/2025;ter�a-feira;14:35:00;RJ;40;103;DUQUE DE CAXIAS;Rea��o tardia ou ineficiente do condutor;Colis�o lateral mesmo sentido;Com V�timas Feridas;Pleno dia;Decrescente;Nublado;M�ltipla;Reta;N�o;3;0;2;0;0;1;2;2;-22,62753902;-43,28603625;SPRF-RJ;DEL01-RJ;UOP02-DEL01-RJ;;;
734306;25/11/2025;ter�a-feira;15:10:00;ES;101;288,9;CARIACICA;Desrespeitar a prefer�ncia no cruzamento;Colis�o transversal;Com V�timas Feridas;Pleno dia;Decrescente;Nublado;Dupla;"Reta;Retorno Regulamentado";Sim;2;0;1;0;1;0;1;2;-20,27910928;-40,39280987;SPRF-ES;DEL01-ES;UOP01-DEL01-ES;;;
734307;25/11/2025;ter�a-feira;15:00:00;RN;226;1;NATAL;Transitar na contram�o;Colis�o frontal;Com V�timas Feridas;Pleno dia;Crescente;C�u Claro;Simples;"Reta;Em Obras";Sim;5;0;2;1;2;0;3;3;-5,810022;-35,2443328;SPRF-RN;DEL01-RN;UOP02-DEL01-RN;;;
734308;25/11/2025;ter�a-feira;15:30:00;BA;367;24;PORTO SEGURO;Aus�ncia de rea��o do condutor;Colis�o transversal;Com V�timas Feridas;Pleno dia;Crescente;Nublado;Simples;Reta;Sim;2;0;1;0;1;0;1;2;-16,43744;-39,080712;SPRF-BA;DEL09-BA;UOP03-DEL09-BA;;;
734309;25/11/2025;ter�a-feira;15:40:00;GO;153;654;GOIATUBA;Chuva;Sa�da de leito carro��vel;Sem V�timas;Pleno dia;Crescente;Chuva;Dupla;Reta;N�o;3;0;0;0;3;0;0;1;-17,99525;-49,260828;SPRF-GO;DEL03-GO;UOP01-DEL03-GO;;;