id;data_inversa;dia_semana;horario;uf;br;km;municipio;causa_acidente;tipo_acidente;classificacao_acidente;fase_dia;sentido_via;condicao_metereologica;tipo_pista;tracado_via;uso_solo;pessoas;mortos;feridos_leves;feridos_graves;ilesos;ignorados;feridos;veiculos;latitude;longitude;regional;delegacia;uop;;;
734310;25/11/2025;ter�a-feira;15:20:00;RJ;101;162;CASIMIRO DE ABREU;Aus�ncia de rea��o do condutor;Queda de ocupante de ve�culo;Com V�timas Fatais;Pleno dia;Decrescente;C�u Claro;Simples;Reta;N�o;1;1;0;0;0;0;0;1;-22,4755731;-42,17228215;SPRF-RJ;DEL08-RJ;UOP04-DEL08-RJ;;;
734312;25/11/2025;ter�a-feira;15:05:00;MG;381;297;CORONEL FABRICIANO;Aus�ncia de rea��o do condutor;Queda de ocupante de ve�culo;Com V�timas Feridas;Pleno dia;Decrescente;Nublado;Dupla;"Declive;Curva";N�o;1;0;0;1;0;0;1;1;-19,4936832;-42,6278912;SPRF-MG;DEL03-MG;UOP02-DEL03-MG;;;
734315;25/11/2025;ter�a-feira;15:00:00;BA;101;221;CRUZ DAS ALMAS;Condutor deixou de manter dist�ncia do ve�culo da frente;Colis�o traseira;Com V�timas Feridas;Pleno dia;Decrescente;Sol;Simples;Reta;Sim;2;0;1;0;1;0;1;2;-12,662015;-39,127565;SPRF-BA;DEL01-BA;UOP02-DEL01-BA;;;
734316;23/11/2025;domingo;21:00:00;PA;155;317;MARABA;Animais na Pista;Sa�da de leito carro��vel;Sem V�timas;Plena Noite;Crescente;Nublado;Simples;"Declive;Reta";N�o;2;0;0;0;1;1;0;2;-5,602126;-49,082925;SPRF-PA;DEL03-PA;UOP01-DEL03-PA;;;
734318;25/11/2025;ter�a-feira;14:20:00;SC;280;128,8;RIO NEGRINHO;Acessar a via sem observar a presen�a dos outros ve�culos;Colis�o transversal;Com V�timas Feridas;Pleno dia;Decrescente;C�u Claro;Simples;"Interse��o de Vias;Reta";Sim;4;0;2;0;2;0;2;2;-26,2444125;-49,5170409;SPRF-SC;DEL06-SC;UOP03-DEL06-SC;;;
734319;25/11/2025;ter�a-feira;16:35:00;SC;282;16,5;PALHOCA;Aus�ncia de rea��o do condutor;Colis�o traseira;Com V�timas Feridas;Pleno dia;Decrescente;Nublado;Simples;Reta;Sim;2;0;1;0;1;0;1;2;-27,663002;-48,685405;SPRF-SC;DEL01-SC;UOP02-DEL01-SC;;;
734320;25/11/2025;ter�a-feira;16:41:00;PA;316;31;SANTA IZABEL DO PARA;Aus�ncia de rea��o do condutor;Tombamento;Com V�timas Feridas;Pleno dia;Decrescente;C�u Claro;Dupla;Curva;N�o;1;0;0;1;0;0;1;1;-1,3018976;-48,1958249;SPRF-PA;DEL01-PA;UOP01-DEL01-PA;;;
734323;25/11/2025;ter�a-feira;17:00:00;PR;116;18;CURITIBA;Aus�ncia de rea��o do condutor;Colis�o lateral mesmo sentido;Com V�timas Feridas;Pleno dia;Crescente;C�u Claro;Dupla;Reta;Sim;3;0;1;0;1;1;1;3;-25,38904162;-49,19849245;SPRF-PR;DEL01-PR;UOP02-DEL01-PR;;;
734324;25/11/2025;ter�a-feira;16:50:00;RJ;116;182;NOVA IGUACU;Trafegar com motocicleta (ou similar) entre as faixas;Colis�o lateral mesmo sentido;Com V�timas Feridas;Pleno dia;Crescente;C�u Claro;Dupla;Reta;N�o;2;0;2;0;0;0;2;2;-22,7569128;-43,43086938;SPRF-RJ;DEL06-RJ;UOP01-DEL06-RJ;;;
734327;25/11/2025;ter�a-feira;17:20:00;SC;101;146;ITAPEMA;Rea��o tardia ou ineficiente do condutor;Colis�o traseira;Com V�timas Feridas;Pleno dia;Decrescente;C�u Claro;Dupla;"Reta;Aclive";Sim;3;0;0;1;2;0;1;3;-27,08447515;-48,60539166;SPRF-SC;DEL04-SC;UOP03-DEL04-SC;;;
734328;25/11/2025;ter�a-feira;15:20:00;GO;60;297;ACREUNA;Rea��o tardia ou ineficiente do condutor;Sa�da de leito carro��vel;Com V�timas Feridas;Pleno dia;Crescente;Nublado;Dupla;"Declive;Curva;Retorno Regulamentado";N�o;2;0;1;0;1;0;1;1;-17,35823;-50,331327;SPRF-GO;DEL04-GO;UOP02-DEL04-GO;;;
734330;25/11/2025;ter�a-feira;17:15:00;DF;70;9,8;BRASILIA;Pedestre cruzava a pista fora da faixa;Atropelamento de Pedestre;Com V�timas Feridas;Pleno dia;Crescente;C�u Claro;Dupla;Reta;Sim;2;0;2;0;0;0;2;2;-15,78796347;-48,14365122;SPRF-DF;DEL03-DF;UOP02-DEL03-DF;;;
734331;25/11/2025;ter�a-feira;17:10:00;ES;259;50,5;COLATINA;Acessar a via sem observar a presen�a dos outros ve�culos;Tombamento;Com V�timas Feridas;Pleno dia;Crescente;C�u Claro;Simples;Reta;Sim;1;0;0;1;0;0;1;1;-19,52905371;-40,68202972;SPRF-ES;DEL02-ES;UOP01-DEL02-ES;;;
734333;25/11/2025;ter�a-feira;16:40:00;MT;163;843;SINOP;Condutor deixou de manter dist�ncia do ve�culo da frente;Colis�o traseira;Com V�timas Feridas;Pleno dia;Crescente;Chuva;Simples;Reta;N�o;2;0;1;0;1;0;1;2;-11,78502226;-55,47512054;SPRF-MT;DEL06-MT;UOP02-DEL06-MT;;;
734335;25/11/2025;ter�a-feira;15:30:00;SC;101;45;JOINVILLE;Aus�ncia de rea��o do condutor;Tombamento;Com V�timas Feridas;Pleno dia;Crescente;C�u Claro;M�ltipla;"Reta;Declive";N�o;1;0;1;0;0;0;1;1;-26,34723368;-48,85739056;SPRF-SC;DEL03-SC;UOP01-DEL03-SC;;;
734337;21/10/2025;ter�a-feira;14:30:00;PR;369;149;LONDRINA;Manobra de mudan�a de faixa;Colis�o lateral mesmo sentido;Com V�timas Feridas;Pleno dia;Crescente;C�u Claro;Dupla;Reta;Sim;3;0;1;0;2;0;1;2;-23,292602;-51,153302;SPRF-PR;DEL07-PR;UOP01-DEL07-PR;;;
734338;25/11/2025;ter�a-feira;16:10:00;MG;116;700,2;MURIAE;Convers�o proibida;Colis�o transversal;Com V�timas Feridas;Pleno dia;Crescente;C�u Claro;Simples;Curva;Sim;2;0;1;0;1;0;1;2;-21,1465078;-42,38139;SPRF-MG;DEL07-MG;UOP02-DEL07-MG;;;
734339;25/11/2025;ter�a-feira;17:40:00;PR;376;174,6;MARINGA;Manobra de mudan�a de faixa;Colis�o lateral mesmo sentido;Com V�timas Feridas;Pleno dia;Crescente;C�u Claro;M�ltipla;Reta;Sim;2;0;1;0;1;0;1;2;-23,415297;-51,952937;SPRF-PR;DEL09-PR;UOP01-DEL09-PR;;;
734340;25/11/2025;ter�a-feira;17:15:00;RJ;101;327;RIO DE JANEIRO;Demais falhas mec�nicas ou el�tricas;Inc�ndio;Sem V�timas;Anoitecer;Decrescente;Garoa/Chuvisco;Simples;"Reta;Ponte";Sim;1;0;0;0;1;0;0;1;-22,87111399;-43,15824509;SPRF-RJ;DEL02-RJ;UOP01-DEL02-RJ;;;
734345;25/11/2025;ter�a-feira;17:50:00;DF;20;19,5;BRASILIA;Acessar a via sem observar a presen�a dos outros ve�culos;Colis�o transversal;Com V�timas Feridas;Pleno dia;Decrescente;Nublado;Dupla;Reta;Sim;3;0;1;0;2;0;1;3;-15,60873;-47,694818;SPRF-DF;DEL02-DF;UOP01-DEL02-DF;;;
734346;25/11/2025;ter�a-feira;18:30:00;SC;101;114,3;ITAJAI;Acessar a via sem observar a presen�a dos outros ve�culos;Colis�o lateral mesmo sentido;Com V�timas Feridas;Anoitecer;Decrescente;Nublado;Dupla;"Interse��o de Vias;Reta";Sim;2;0;1;0;1;0;1;2;-26,86561594;-48,73009443;SPRF-SC;DEL04-SC;UOP04-DEL04-SC;;;
734347;25/11/2025;ter�a-feira;18:50:00;PR;116;92;SAO JOSE DOS PINHAIS;Demais falhas mec�nicas ou el�tricas;Colis�o com objeto;Sem V�timas;Anoitecer;Decrescente;Nublado;Dupla;Interse��o de Vias;Sim;2;0;0;0;2;0;0;2;-25,51253979;-49,12850825;SPRF-PR;DEL01-PR;UOP07-DEL01-PR;;;
734350;25/11/2025;ter�a-feira;18:30:00;ES;101;269;SERRA;Pedestre cruzava a pista fora da faixa;Atropelamento de Pedestre;Com V�timas Feridas;Plena Noite;Crescente;Chuva;M�ltipla;Reta;Sim;2;0;2;0;0;0;2;2;-20,21990742;-40,27025521;SPRF-ES;DEL02-ES;UOP01-DEL02-ES;;;
734351;25/11/2025;ter�a-feira;17:20:00;SC;280;70;JARAGUA DO SUL;Retorno proibido;Colis�o lateral mesmo sentido;Com V�timas Feridas;Pleno dia;Crescente;C�u Claro;Simples;Reta;N�o;2;0;1;0;1;0;1;2;-26,46594812;-49,12440984;SPRF-SC;DEL03-SC;UOP03-DEL03-SC;;;
734352;25/11/2025;ter�a-feira;15:15:00;SC;280;210,8;TRES BARRAS;Rea��o tardia ou ineficiente do condutor;Colis�o traseira;Com V�timas Feridas;Pleno dia;Decrescente;Sol;Simples;Reta;N�o;5;0;2;0;3;0;2;2;-26,17594;-50,175998;SPRF-SC;DEL06-SC;UOP04-DEL06-SC;;;
734354;25/11/2025;ter�a-feira;19:00:00;BA;116;631;JAGUAQUARA;Aus�ncia de rea��o do condutor;Atropelamento de Pedestre;Com V�timas Feridas;Plena Noite;Decrescente;Nublado;Simples;Reta;Sim;2;0;2;0;0;0;2;2;-13,508048;-40,054154;SPRF-BA;DEL03-BA;UOP01-DEL03-BA;;;
734355;25/11/2025;ter�a-feira;19:27:00;RS;386;347,4;LAJEADO;Demais falhas na via;Tombamento;Com V�timas Feridas;Anoitecer;Crescente;C�u Claro;Dupla;Reta;Sim;1;0;1;0;0;0;1;1;-29,45392616;-51,96159518;SPRF-RS;DEL04-RS;UOP01-DEL04-RS;;;
734356;25/11/2025;ter�a-feira;19:00:00;SP;116;281;EMBU DAS ARTES;Trafegar com motocicleta (ou similar) entre as faixas;Queda de ocupante de ve�culo;Com V�timas Feridas;Plena Noite;Crescente;Nublado;Dupla;Reta;Sim;1;0;1;0;0;0;1;1;-23,64284571;-46,83866557;SPRF-SP;DEL04-SP;UOP01-DEL04-SP;;;
734357;04/11/2025;ter�a-feira;20:00:00;SC;480;124;CHAPECO;Pedestre andava na pista;Atropelamento de Pedestre;Com V�timas Feridas;Plena Noite;Crescente;C�u Claro;Simples;Reta;Sim;3;0;3;0;0;0;3;2;-26,99880201;-52,64719248;SPRF-SC;DEL07-SC;UOP01-DEL07-SC;;;
734361;25/11/2025;ter�a-feira;19:35:00;PR;277;593,2;CASCAVEL;Entrada inopinada do pedestre;Atropelamento de Pedestre;Com V�timas Feridas;Plena Noite;Crescente;C�u Claro;Simples;Reta;Sim;2;0;1;1;0;0;2;2;-24,9853538;-53,4643032;SPRF-PR;DEL04-PR;UOP01-DEL04-PR;;;
734362;25/11/2025;ter�a-feira;20:30:00;RJ;116;183;NOVA IGUACU;Trafegar com motocicleta (ou similar) entre as faixas;Colis�o traseira;Com V�timas Feridas;Plena Noite;Crescente;Nublado;M�ltipla;Reta;Sim;2;0;1;0;1;0;1;2;-22,74863871;-43,44337463;SPRF-RJ;DEL06-RJ;UOP01-DEL06-RJ;;;
734363;25/11/2025;ter�a-feira;19:30:00;RN;101;85;NATAL;Condutor deixou de manter dist�ncia do ve�culo da frente;Colis�o traseira;Com V�timas Feridas;Anoitecer;Decrescente;C�u Claro;Dupla;"Reta;Ponte";Sim;3;0;1;0;2;0;1;2;-5,784;-35,2466;SPRF-RN;DEL02-RN;UOP01-DEL02-RN;;;
734364;25/11/2025;ter�a-feira;19:10:00;SC;101;102;BALNEARIO PICARRAS;Rea��o tardia ou ineficiente do condutor;Tombamento;Com V�timas Feridas;Plena Noite;Decrescente;C�u Claro;Dupla;Reta;Sim;1;0;1;0;0;0;1;1;-26,7803266;-48,68421793;SPRF-SC;DEL03-SC;UOP02-DEL03-SC;;;
734367;25/11/2025;ter�a-feira;20:15:00;RJ;101;394;RIO DE JANEIRO;Aus�ncia de rea��o do condutor;Tombamento;Com V�timas Feridas;Plena Noite;Decrescente;Nublado;Dupla;Reta;N�o;1;0;1;0;0;0;1;1;-22,88226421;-43,72404099;SPRF-RJ;DEL03-RJ;UOP01-DEL03-RJ;;;
734368;25/11/2025;ter�a-feira;17:40:00;PI;343;9,2;PARNAIBA;Acessar a via sem observar a presen�a dos outros ve�culos;Colis�o transversal;Com V�timas Feridas;Pleno dia;Crescente;C�u Claro;Simples;Reta;Sim;3;0;0;1;2;0;1;2;-2,9366561;-41,7631351;SPRF-PI;DEL05-PI;UOP01-DEL05-PI;;;
734370;25/11/2025;ter�a-feira;20:30:00;SE;235;74;FREI PAULO;Animais na Pista;Atropelamento de Animal;Com V�timas Feridas;Plena Noite;Crescente;C�u Claro;Simples;Reta;N�o;1;0;1;0;0;0;1;1;-10,54388845;-37,54963875;SPRF-SE;DEL01-SE;UOP02-DEL01-SE;;;
734372;25/11/2025;ter�a-feira;21:30:00;RN;101;99;NATAL;Aus�ncia de rea��o do condutor;Colis�o traseira;Com V�timas Feridas;Plena Noite;Decrescente;C�u Claro;Dupla;"Reta;Aclive";Sim;3;0;1;0;1;1;1;3;-5,8790519;-35,22447157;SPRF-RN;DEL01-RN;UOP01-DEL01-RN;;;
734373;25/11/2025;ter�a-feira;20:50:00;MT;163;750;SORRISO;Aus�ncia de rea��o do condutor;Colis�o traseira;Com V�timas Feridas;Plena Noite;Crescente;C�u Claro;Dupla;Retorno Regulamentado;Sim;2;0;0;1;0;1;1;2;-12,5732978;-55,72770953;SPRF-MT;DEL06-MT;UOP01-DEL06-MT;;;
734374;25/11/2025;ter�a-feira;19:40:00;MS;262;326,9;CAMPO GRANDE;Aus�ncia de rea��o do condutor;Queda de ocupante de ve�culo;Com V�timas Feridas;Plena Noite;Crescente;C�u Claro;Dupla;Reta;Sim;1;0;1;0;0;0;1;1;-20,46680374;-54,5435122;SPRF-MS;DEL01-MS;UOP01-DEL01-MS;;;
734376;25/11/2025;ter�a-feira;21:00:00;SC;470;1,2;NAVEGANTES;Velocidade Incompat�vel;Colis�o com objeto;Com V�timas Feridas;Plena Noite;Decrescente;C�u Claro;M�ltipla;Reta;Sim;4;0;1;0;3;0;1;1;-26,87378393;-48,67009727;SPRF-SC;DEL04-SC;UOP04-DEL04-SC;;;
734377;25/11/2025;ter�a-feira;17:15:00;SC;280;231;CANOINHAS;Transitar na contram�o;Colis�o frontal;Com V�timas Feridas;Pleno dia;Decrescente;C�u Claro;Simples;Reta;N�o;2;0;0;1;1;0;1;2;-26,18897956;-50,36879037;SPRF-SC;DEL06-SC;UOP04-DEL06-SC;;;
734378;25/11/2025;ter�a-feira;22:00:00;PR;369;147,2;LONDRINA;Desrespeitar a prefer�ncia no cruzamento;Colis�o transversal;Com V�timas Feridas;Plena Noite;Crescente;C�u Claro;Dupla;Interse��o de Vias;Sim;2;0;1;0;1;0;1;2;-23,29310593;-51,13453237;SPRF-PR;DEL07-PR;UOP01-DEL07-PR;;;
734380;25/11/2025;ter�a-feira;21:30:00;RN;101;99;NATAL;Condutor deixou de manter dist�ncia do ve�culo da frente;Colis�o traseira;Com V�timas Feridas;Plena Noite;Crescente;C�u Claro;Dupla;Viaduto;Sim;3;0;1;0;2;0;1;2;-5,87197;-35,219818;SPRF-RN;DEL01-RN;UOP01-DEL01-RN;;;
734381;25/11/2025;ter�a-feira;20:00:00;RJ;101;485;ANGRA DOS REIS;Rea��o tardia ou ineficiente do condutor;Colis�o transversal;Com V�timas Feridas;Plena Noite;Decrescente;Nublado;Simples;"Interse��o de Vias;Retorno Regulamentado;Reta;Rotat�ria";Sim;2;0;2;0;0;0;2;2;-22,9843;-44,2958;SPRF-RJ;DEL03-RJ;UOP03-DEL03-RJ;;;
734382;25/11/2025;ter�a-feira;21:50:00;SC;101;190,8;BIGUACU;Avarias e/ou desgaste excessivo no pneu;Sa�da de leito carro��vel;Sem V�timas;Plena Noite;Crescente;Nublado;Dupla;Curva;N�o;1;0;0;0;1;0;0;1;-27,4768922;-48,64093479;SPRF-SC;DEL01-SC;UOP01-DEL01-SC;;;
734384;25/11/2025;ter�a-feira;16:00:00;MG;365;597,5;UBERLANDIA;Transitar no Acostamento;Colis�o com objeto;Com V�timas Feridas;Pleno dia;Decrescente;Sol;Simples;"Declive;Curva";N�o;1;0;1;0;0;0;1;1;-18,87192052;-48,0833455;SPRF-MG;DEL15-MG;UOP01-DEL15-MG;;;
734388;25/11/2025;ter�a-feira;22:40:00;MA;135;4,4;SAO LUIS;Pista Escorregadia;Sa�da de leito carro��vel;Com V�timas Feridas;Plena Noite;Decrescente;C�u Claro;Dupla;Reta;N�o;1;0;1;0;0;0;1;1;-2,641668;-44,309645;SPRF-MA;DEL01-MA;UOP01-DEL01-MA;;;
734389;25/11/2025;ter�a-feira;23:00:00;GO;60;347;SANTO ANTONIO DA BARRA;Rea��o tardia ou ineficiente do condutor;Colis�o com objeto;Com V�timas Feridas;Plena Noite;Crescente;Nublado;Dupla;Reta;N�o;3;0;1;0;2;0;1;2;-17,575935;-50,685135;SPRF-GO;DEL04-GO;UOP02-DEL04-GO;;;
734390;25/11/2025;ter�a-feira;23:20:00;SC;280;19,8;ARAQUARI;Aus�ncia de rea��o do condutor;Colis�o transversal;Com V�timas Feridas;Plena Noite;Crescente;C�u Claro;Simples;Reta;N�o;6;0;4;0;1;1;4;3;-26,369655;-48,678724;SPRF-SC;DEL03-SC;UOP03-DEL03-SC;;;
734391;25/11/2025;ter�a-feira;23:45:00;BA;367;24;PORTO SEGURO;Condutor deixou de manter dist�ncia do ve�culo da frente;Colis�o traseira;Sem V�timas;Plena Noite;Decrescente;Nublado;Simples;Reta;Sim;3;0;0;0;3;0;0;2;-16,437778;-39,082018;SPRF-BA;DEL09-BA;UOP03-DEL09-BA;;;
734392;26/11/2025;quarta-feira;01:15:00;PE;232;408;SERRA TALHADA;Rea��o tardia ou ineficiente do condutor;Colis�o com objeto;Sem V�timas;Plena Noite;Crescente;C�u Claro;Simples;Reta;Sim;1;0;0;0;0;1;0;1;-7,98320522;-38,28356624;SPRF-PE;DEL04-PE;UOP01-DEL04-PE;;;
734393;26/11/2025;quarta-feira;01:00:00;RJ;116;182;NOVA IGUACU;Aus�ncia de rea��o do condutor;Colis�o traseira;Com V�timas Feridas;Plena Noite;Crescente;Garoa/Chuvisco;Dupla;Reta;Sim;2;0;1;0;1;0;1;2;-22,74273791;-43,5167478;SPRF-RJ;DEL06-RJ;UOP01-DEL06-RJ;;;
734395;25/11/2025;ter�a-feira;16:30:00;PI;135;557;SAO GONCALO DO GURGUEIA;Rea��o tardia ou ineficiente do condutor;Capotamento;Com V�timas Feridas;Pleno dia;Decrescente;Chuva;Simples;"Curva;Aclive";N�o;2;0;1;0;1;0;1;1;-10,14411573;-45,19858646;SPRF-PI;DEL03-PI;UOP02-DEL03-PI;;;
734396;26/11/2025;quarta-feira;03:20:00;ES;101;67;SAO MATEUS;Acessar a via sem observar a presen�a dos outros ve�culos;Atropelamento de Pedestre;Com V�timas Fatais;Amanhecer;Decrescente;Nublado;Dupla;Reta;Sim;2;1;0;0;0;1;0;2;-18,71996333;-39,86631;SPRF-ES;DEL04-ES;UOP02-DEL04-ES;;;
734398;26/11/2025;quarta-feira;03:50:00;SP;116;414;REGISTRO;Aus�ncia de rea��o do condutor;Sa�da de leito carro��vel;Sem V�timas;Plena Noite;Decrescente;Nevoeiro/Neblina;Dupla;Reta;Sim;1;0;0;0;1;0;0;1;-24,477696;-47,8281728;SPRF-SP;DEL05-SP;UOP01-DEL05-SP;;;
734399;26/11/2025;quarta-feira;04:50:00;RJ;101;322;NITEROI;Pista Escorregadia;Tombamento;Com V�timas Feridas;Amanhecer;Decrescente;Chuva;Dupla;Reta;Sim;1;0;1;0;0;0;1;1;-22,8809661;-43,1108734;SPRF-RJ;DEL02-RJ;UOP01-DEL02-RJ;;;
734406;26/11/2025;quarta-feira;06:40:00;ES;101;278,6;SERRA;Trafegar com motocicleta (ou similar) entre as faixas;Colis�o transversal;Com V�timas Feridas;Pleno dia;Decrescente;Sol;Simples;"Reta;Aclive";N�o;2;0;0;1;1;0;1;2;-20,21775875;-40,3343353;SPRF-ES;DEL02-ES;UOP01-DEL02-ES;;;
734407;26/11/2025;quarta-feira;06:30:00;PE;101;69,7;RECIFE;Demais falhas mec�nicas ou el�tricas;Queda de ocupante de ve�culo;Com V�timas Feridas;Pleno dia;Crescente;C�u Claro;Simples;Curva;N�o;2;0;0;2;0;0;2;1;-8,06566;-34,94445;SPRF-PE;DEL01-PE;UOP01-DEL01-PE;;;
734408;26/11/2025;quarta-feira;07:00:00;PR;116;115;CURITIBA;Trafegar com motocicleta (ou similar) entre as faixas;Colis�o lateral mesmo sentido;Com V�timas Feridas;Pleno dia;Decrescente;Sol;Dupla;Reta;Sim;3;0;2;0;1;0;2;2;-25,546778;-49,303682;SPRF-PR;DEL01-PR;UOP03-DEL01-PR;;;
734410;26/11/2025;quarta-feira;06:00:00;MS;376;170,7;NOVA ANDRADINA;Desrespeitar a prefer�ncia no cruzamento;Colis�o transversal;Com V�timas Feridas;Pleno dia;Decrescente;Sol;Dupla;Interse��o de Vias;Sim;2;0;1;1;0;0;2;2;-22,2752942;-53,37070079;SPRF-MS;DEL04-MS;UOP04-DEL04-MS;;;
734411;24/11/2025;segunda-feira;02:10:00;PR;376;541;PALMEIRA;Aus�ncia de rea��o do condutor;Colis�o frontal;Com V�timas Feridas;Plena Noite;Crescente;Chuva;Dupla;Reta;N�o;2;0;1;0;1;0;1;2;-25,43897976;-49,75020139;SPRF-PR;DEL03-PR;UOP03-DEL03-PR;;;
734412;26/11/2025;quarta-feira;06:30:00;RS;386;336,3;MARQUES DE SOUZA;Rea��o tardia ou ineficiente do condutor;Sa�da de leito carro��vel;Com V�timas Feridas;Pleno dia;Crescente;C�u Claro;Dupla;"Curva;Declive";N�o;2;0;0;1;1;0;1;1;-29,39091812;-52,04238385;SPRF-RS;DEL04-RS;UOP01-DEL04-RS;;;
734414;26/11/2025;quarta-feira;07:15:00;SC;101;194;BIGUACU;Rea��o tardia ou ineficiente do condutor;Colis�o transversal;Com V�timas Feridas;Pleno dia;Crescente;Chuva;M�ltipla;Interse��o de Vias;Sim;2;0;1;0;1;0;1;2;-27,49933564;-48,65612984;SPRF-SC;DEL01-SC;UOP01-DEL01-SC;;;
734416;26/11/2025;quarta-feira;07:45:00;PR;116;127;FAZENDA RIO GRANDE;Aus�ncia de rea��o do condutor;Queda de ocupante de ve�culo;Com V�timas Feridas;Pleno dia;Decrescente;C�u Claro;Dupla;Reta;Sim;1;0;1;0;0;0;1;1;-25,64947141;-49,31235407;SPRF-PR;DEL01-PR;UOP03-DEL01-PR;;;
734417;26/11/2025;quarta-feira;07:15:00;RN;304;42,3;MOSSORO;Manobra de mudan�a de faixa;Colis�o transversal;Com V�timas Feridas;Pleno dia;Decrescente;Sol;Dupla;Retorno Regulamentado;N�o;2;0;1;1;0;0;2;2;-5,21434008;-37,36996293;SPRF-RN;DEL04-RN;UOP01-DEL04-RN;;;
734418;26/11/2025;quarta-feira;00:14:00;RO;364;13;VILHENA;Velocidade Incompat�vel;Tombamento;Com V�timas Feridas;Plena Noite;Decrescente;Chuva;Dupla;Rotat�ria;Sim;2;0;1;0;0;1;1;2;-12,74087817;-60,13294665;SPRF-RO;DEL04-RO;UOP01-DEL04-RO;;;
734419;26/11/2025;quarta-feira;08:00:00;GO;50;295;CATALAO;Aus�ncia de rea��o do condutor;Sa�da de leito carro��vel;Com V�timas Fatais;Pleno dia;Decrescente;C�u Claro;Dupla;Reta;N�o;2;1;0;0;0;1;0;2;-18,2157312;-47,9690752;SPRF-GO;DEL06-GO;UOP01-DEL06-GO;;;
734420;26/11/2025;quarta-feira;08:00:00;PE;101;74,7;RECIFE;Aus�ncia de rea��o do condutor;Colis�o traseira;Com V�timas Feridas;Pleno dia;Crescente;C�u Claro;Dupla;Reta;Sim;2;0;0;1;1;0;1;2;-8,10766;-34,94781;SPRF-PE;DEL01-PE;UOP01-DEL01-PE;;;
734422;26/11/2025;quarta-feira;06:50:00;MG;381;147,5;GOVERNADOR VALADARES;Convers�o proibida;Colis�o transversal;Com V�timas Feridas;Pleno dia;Crescente;Nublado;Simples;Reta;N�o;2;0;0;1;1;0;1;2;-18,8494751;-41,9837992;SPRF-MG;DEL06-MG;UOP01-DEL06-MG;;;
734423;26/11/2025;quarta-feira;07:30:00;RJ;101;390;RIO DE JANEIRO;Aus�ncia de rea��o do condutor;Queda de ocupante de ve�culo;Com V�timas Feridas;Pleno dia;Crescente;C�u Claro;M�ltipla;Reta;N�o;1;0;1;0;0;0;1;1;-22,8952321;-43,68421555;SPRF-RJ;DEL03-RJ;UOP01-DEL03-RJ;;;
734424;26/11/2025;quarta-feira;08:00:00;SP;153;110;JOSE BONIFACIO;Acesso irregular;Colis�o transversal;Com V�timas Feridas;Pleno dia;Crescente;C�u Claro;Simples;Reta;N�o;2;0;1;0;1;0;1;2;-21,087913;-49,674538;SPRF-SP;DEL09-SP;UOP01-DEL09-SP;;;
734425;26/11/2025;quarta-feira;07:30:00;SC;280;74,5;JARAGUA DO SUL;Demais falhas mec�nicas ou el�tricas;Colis�o transversal;Com V�timas Feridas;Pleno dia;Decrescente;Nublado;Simples;Rotat�ria;Sim;3;0;1;0;2;0;1;2;-26,45885956;-49,15956484;SPRF-SC;DEL03-SC;UOP03-DEL03-SC;;;
734426;26/11/2025;quarta-feira;08:30:00;PE;101;48;ABREU E LIMA;Aus�ncia de rea��o do condutor;Colis�o traseira;Com V�timas Feridas;Pleno dia;Crescente;C�u Claro;M�ltipla;Reta;Sim;2;0;1;0;1;0;1;2;-7,89565183;-34,90277622;SPRF-PE;DEL01-PE;UOP02-DEL01-PE;;;
734427;26/11/2025;quarta-feira;08:40:00;BA;324;627;SALVADOR;Avarias e/ou desgaste excessivo no pneu;Tombamento;Com V�timas Feridas;Pleno dia;Crescente;Sol;Dupla;Reta;Sim;2;0;2;0;0;0;2;1;-12,9648152;-38,4763929;SPRF-BA;DEL01-BA;UOP01-DEL01-BA;;;
734428;26/11/2025;quarta-feira;08:36:00;SP;116;220,5;GUARULHOS;Rea��o tardia ou ineficiente do condutor;Tombamento;Com V�timas Feridas;Pleno dia;Crescente;C�u Claro;M�ltipla;Reta;Sim;2;0;1;0;0;1;1;2;-23,466225;-46,50332;SPRF-SP;DEL01-SP;UOP01-DEL01-SP;;;
734430;26/11/2025;quarta-feira;08:30:00;PE;101;73,5;RECIFE;Transitar no Acostamento;Colis�o transversal;Com V�timas Feridas;Pleno dia;Crescente;C�u Claro;Dupla;Reta;Sim;2;0;1;0;1;0;1;2;-8,099075;-34,949955;SPRF-PE;DEL01-PE;UOP01-DEL01-PE;;;
734431;26/11/2025;quarta-feira;07:20:00;MS;163;25;MUNDO NOVO;Rea��o tardia ou ineficiente do condutor;Tombamento;Com V�timas Feridas;Pleno dia;Decrescente;C�u Claro;Simples;"Reta;Interse��o de Vias";N�o;2;0;2;0;0;0;2;1;-23,88321842;-54,3179512;SPRF-MS;DEL09-MS;UOP02-DEL09-MS;;;
734434;26/11/2025;quarta-feira;09:00:00;MG;381;401;NOVA UNIAO;Demais falhas na via;Sa�da de leito carro��vel;Com V�timas Feridas;Pleno dia;Decrescente;C�u Claro;Dupla;Curva;N�o;1;0;1;0;0;0;1;1;-19,74990181;-43,5408783;SPRF-MG;DEL01-MG;UOP01-DEL01-MG;;;
734435;26/11/2025;quarta-feira;08:05:00;PR;116;121;CURITIBA;Rea��o tardia ou ineficiente do condutor;Colis�o lateral mesmo sentido;Com V�timas Feridas;Pleno dia;Decrescente;C�u Claro;Dupla;Reta;N�o;2;0;1;0;1;0;1;2;-25,59753;-49,316708;SPRF-PR;DEL01-PR;UOP03-DEL01-PR;;;