id;data_inversa;dia_semana;horario;uf;br;km;municipio;causa_acidente;tipo_acidente;classificacao_acidente;fase_dia;sentido_via;condicao_metereologica;tipo_pista;tracado_via;uso_solo;pessoas;mortos;feridos_leves;feridos_graves;ilesos;ignorados;feridos;veiculos;latitude;longitude;regional;delegacia;uop;;;
734436;26/11/2025;quarta-feira;07:05:00;RJ;101;313;SAO GONCALO;Trafegar com motocicleta (ou similar) entre as faixas;Colis�o lateral mesmo sentido;Com V�timas Feridas;Pleno dia;Crescente;Garoa/Chuvisco;Dupla;Reta;Sim;2;0;1;0;1;0;1;2;-22,80911685;-43,06811683;SPRF-RJ;DEL02-RJ;UOP02-DEL02-RJ;;;
734437;26/11/2025;quarta-feira;07:30:00;MS;60;593,7;JARDIM;Acessar a via sem observar a presen�a dos outros ve�culos;Colis�o transversal;Com V�timas Feridas;Pleno dia;Crescente;C�u Claro;Simples;Curva;Sim;2;0;1;0;1;0;1;2;-21,489562;-56,159259;SPRF-MS;DEL05-MS;UOP01-DEL05-MS;;;
734438;26/11/2025;quarta-feira;08:30:00;SE;235;104,4;CARIRA;Transitar no Acostamento;Atropelamento de Pedestre;Com V�timas Feridas;Pleno dia;Decrescente;C�u Claro;Simples;Reta;N�o;2;0;0;1;0;1;1;2;-10,379295;-37,684556;SPRF-SE;DEL01-SE;UOP02-DEL01-SE;;;
734439;26/11/2025;quarta-feira;09:10:00;SC;101;186,1;BIGUACU;Chuva;Sa�da de leito carro��vel;Sem V�timas;Pleno dia;Crescente;Garoa/Chuvisco;Dupla;Curva;Sim;1;0;0;0;1;0;0;1;-27,43626118;-48,62614125;SPRF-SC;DEL01-SC;UOP01-DEL01-SC;;;
734440;26/11/2025;quarta-feira;07:30:00;MS;267;240,8;NOVA ALVORADA DO SUL;Acesso irregular;Eventos at�picos;Sem V�timas;Pleno dia;Decrescente;C�u Claro;Simples;Reta;N�o;2;0;0;0;1;1;0;2;-21,485008;-54,304142;SPRF-MS;DEL02-MS;UOP01-DEL02-MS;;;
734441;26/11/2025;quarta-feira;09:15:00;RN;101;105;PARNAMIRIM;Manobra de mudan�a de faixa;Colis�o lateral mesmo sentido;Sem V�timas;Pleno dia;Crescente;C�u Claro;Dupla;Reta;Sim;2;0;0;0;2;0;0;2;-5,894921;-35,257625;SPRF-RN;DEL01-RN;UOP01-DEL01-RN;;;
734442;14/05/2025;quarta-feira;17:55:00;RJ;493;1;ITABORAI;Convers�o proibida;Queda de ocupante de ve�culo;Com V�timas Feridas;Anoitecer;Crescente;C�u Claro;Simples;Reta;Sim;2;0;1;0;0;1;1;2;-22,767904;-42,922483;SPRF-RJ;DEL02-RJ;UOP02-DEL02-RJ;;;
734445;26/11/2025;quarta-feira;06:30:00;BA;110;341;ALAGOINHAS;Condutor deixou de manter dist�ncia do ve�culo da frente;Colis�o traseira;Com V�timas Feridas;Pleno dia;Crescente;C�u Claro;Simples;Reta;Sim;2;0;1;0;1;0;1;2;-12,162843;-38,415427;SPRF-BA;DEL01-BA;UOP04-DEL01-BA;;;
734447;26/11/2025;quarta-feira;10:03:00;PB;230;27,8;JOAO PESSOA;Rea��o tardia ou ineficiente do condutor;Colis�o traseira;Com V�timas Feridas;Pleno dia;Crescente;C�u Claro;Dupla;Reta;N�o;3;0;1;0;2;0;1;2;-7,16515;-34,894205;SPRF-PB;DEL01-PB;UOP01-DEL01-PB;;;
734448;26/11/2025;quarta-feira;07:40:00;MG;262;35,5;MANHUACU;Acessar a via sem observar a presen�a dos outros ve�culos;Colis�o frontal;Com V�timas Feridas;Pleno dia;Decrescente;C�u Claro;Simples;"Reta;Declive";N�o;2;0;1;0;1;0;1;2;-20,260067;-42,03565;SPRF-MG;DEL06-MG;UOP03-DEL06-MG;;;
734450;26/11/2025;quarta-feira;07:00:00;PB;405;35,1;SAO JOAO DO RIO DO PEIXE;Acessar a via sem observar a presen�a dos outros ve�culos;Colis�o transversal;Com V�timas Feridas;Pleno dia;Crescente;Sol;Simples;Interse��o de Vias;Sim;3;0;1;0;2;0;1;3;-6,739152;-38,444848;SPRF-PB;DEL03-PB;UOP03-DEL03-PB;;;
734454;26/11/2025;quarta-feira;08:10:00;SP;116;394;MIRACATU;Condutor Dormindo;Sa�da de leito carro��vel;Com V�timas Feridas;Pleno dia;Crescente;Nublado;Dupla;Curva;Sim;2;0;1;0;1;0;1;1;-24,2867782;-47,4496255;SPRF-SP;DEL04-SP;UOP02-DEL04-SP;;;
734455;26/11/2025;quarta-feira;10:50:00;SC;280;29;ARAQUARI;Acessar a via sem observar a presen�a dos outros ve�culos;Atropelamento de Pedestre;Com V�timas Feridas;Pleno dia;Crescente;Nublado;Simples;Reta;Sim;2;0;0;1;1;0;1;2;-26,41503877;-48,76636696;SPRF-SC;DEL03-SC;UOP03-DEL03-SC;;;
734457;26/11/2025;quarta-feira;09:35:00;ES;101;366,2;ANCHIETA;Demais falhas mec�nicas ou el�tricas;Tombamento;Com V�timas Feridas;Pleno dia;Decrescente;C�u Claro;Simples;Curva;N�o;2;0;0;2;0;0;2;1;-20,739455;-40,760676;SPRF-ES;DEL03-ES;UOP01-DEL03-ES;;;
734460;26/11/2025;quarta-feira;08:30:00;GO;153;436,5;ANAPOLIS;Ingest�o de �lcool pelo condutor;Colis�o com objeto;Sem V�timas;Pleno dia;Crescente;Chuva;Dupla;Reta;N�o;1;0;0;0;1;0;0;1;-16,29883865;-48,9281671;SPRF-GO;DEL02-GO;UOP01-DEL02-GO;;;
734463;26/11/2025;quarta-feira;11:40:00;PE;101;42,9;IGARASSU;Desrespeitar a prefer�ncia no cruzamento;Colis�o transversal;Com V�timas Feridas;Pleno dia;Crescente;C�u Claro;M�ltipla;Reta;Sim;2;0;0;1;1;0;1;2;-7,84494;-34,910664;SPRF-PE;DEL01-PE;UOP02-DEL01-PE;;;
734465;26/11/2025;quarta-feira;11:55:00;BA;116;15,5;VITORIA DA CONQUISTA;Aus�ncia de rea��o do condutor;Queda de ocupante de ve�culo;Com V�timas Feridas;Pleno dia;Decrescente;C�u Claro;Simples;Reta;N�o;1;0;1;0;0;0;1;1;-14,899034;-40,856071;SPRF-BA;DEL08-BA;UOP01-DEL08-BA;;;
734466;26/11/2025;quarta-feira;12:10:00;PE;232;408,2;SERRA TALHADA;Acessar a via sem observar a presen�a dos outros ve�culos;Colis�o transversal;Com V�timas Feridas;Pleno dia;Decrescente;Sol;Simples;Reta;Sim;2;0;0;2;0;0;2;2;-7,98400208;-38,27915668;SPRF-PE;DEL04-PE;UOP01-DEL04-PE;;;
734468;26/11/2025;quarta-feira;12:10:00;MG;262;34,8;MANHUACU;Desrespeitar a prefer�ncia no cruzamento;Colis�o transversal;Com V�timas Feridas;Pleno dia;Decrescente;Sol;Simples;"Interse��o de Vias;Aclive;Curva";Sim;3;0;2;1;0;0;3;2;-20,258325;-42,030994;SPRF-MG;DEL06-MG;UOP03-DEL06-MG;;;
734469;04/11/2025;ter�a-feira;15:43:00;PA;0;0;BELEM;Acessar a via sem observar a presen�a dos outros ve�culos;Colis�o transversal;Sem V�timas;Pleno dia;N�o Informado;Sol;Simples;"Interse��o de Vias;Reta";Sim;3;0;0;0;3;0;0;2;-1,408862;-48,433575;SPRF-PA;DEL01-PA;UOP01-DEL01-PA;;;
734472;26/11/2025;quarta-feira;10:40:00;SC;101;44;JOINVILLE;Frear bruscamente;Colis�o traseira;Com V�timas Feridas;Pleno dia;Crescente;C�u Claro;Simples;Reta;Sim;2;0;1;0;1;0;1;2;-26,34086266;-48,85907046;SPRF-SC;DEL03-SC;UOP01-DEL03-SC;;;
734473;26/11/2025;quarta-feira;12:15:00;BA;101;783;ITABELA;Rea��o tardia ou ineficiente do condutor;Colis�o lateral sentido oposto;Com V�timas Feridas;Pleno dia;Decrescente;Nublado;Simples;Reta;N�o;3;0;1;0;1;1;1;3;-16,83576137;-39,48677301;SPRF-BA;DEL09-BA;UOP01-DEL09-BA;;;
734478;25/10/2025;s�bado;12:15:00;RJ;116;1;SAPUCAIA;Acessar a via sem observar a presen�a dos outros ve�culos;Colis�o lateral sentido oposto;Com V�timas Feridas;Pleno dia;Decrescente;C�u Claro;Simples;Reta;Sim;3;0;1;1;1;0;2;2;-21,87826997;-42,67731905;SPRF-RJ;DEL05-RJ;UOP01-DEL05-RJ;;;
734483;23/09/2025;ter�a-feira;10:56:00;PI;316;8;TERESINA;Aus�ncia de rea��o do condutor;Sa�da de leito carro��vel;Com V�timas Feridas;Pleno dia;Crescente;Sol;M�ltipla;Reta;Sim;1;0;0;1;0;0;1;1;-5,15903723;-42,77076066;SPRF-PI;DEL01-PI;UOP02-DEL01-PI;;;
734484;26/11/2025;quarta-feira;15:00:00;RJ;116;184;NOVA IGUACU;Pedestre andava na pista;Atropelamento de Pedestre;Com V�timas Feridas;Pleno dia;Decrescente;Sol;Dupla;Reta;Sim;2;0;0;1;1;0;1;2;-22,74164443;-43,45354459;SPRF-RJ;DEL06-RJ;UOP01-DEL06-RJ;;;
734485;21/09/2025;domingo;14:15:00;RS;386;306,5;POUSO NOVO;Chuva;Sa�da de leito carro��vel;Com V�timas Feridas;Pleno dia;Crescente;Chuva;Dupla;"Declive;Curva";N�o;4;0;3;0;1;0;3;1;-29,199094;-52,182462;SPRF-RS;DEL04-RS;UOP01-DEL04-RS;;;
734486;26/11/2025;quarta-feira;16:00:00;MG;381;949;EXTREMA;Rea��o tardia ou ineficiente do condutor;Colis�o lateral mesmo sentido;Com V�timas Feridas;Pleno dia;Decrescente;C�u Claro;Simples;Reta;N�o;3;0;2;0;1;0;2;2;-22,87301196;-46,36367798;SPRF-MG;DEL16-MG;UOP03-DEL16-MG;;;
734487;16/10/2025;quinta-feira;17:15:00;PR;469;16;FOZ DO IGUACU;Objeto est�tico sobre o leito carro��vel;Colis�o com objeto;Sem V�timas;Pleno dia;Decrescente;Chuva;Simples;"Em Obras;Reta";Sim;1;0;0;0;1;0;0;1;-25,57952763;-54,53589527;SPRF-PR;DEL05-PR;UOP04-DEL05-PR;;;
734489;26/11/2025;quarta-feira;13:25:00;PR;476;278;SAO MATEUS DO SUL;Acessar a via sem observar a presen�a dos outros ve�culos;Colis�o transversal;Com V�timas Feridas;Pleno dia;Decrescente;C�u Claro;Simples;"Interse��o de Vias;Reta;Declive;Em Obras";Sim;3;0;1;0;2;0;1;2;-25,8680157;-50,39861754;SPRF-PR;DEL02-PR;UOP03-DEL02-PR;;;
734491;26/11/2025;quarta-feira;14:00:00;SC;101;21;JOINVILLE;Aus�ncia de rea��o do condutor;Tombamento;Com V�timas Feridas;Pleno dia;Crescente;Garoa/Chuvisco;Dupla;Curva;N�o;1;0;1;0;0;0;1;1;-26,14972229;-48,90936792;SPRF-SC;DEL03-SC;UOP01-DEL03-SC;;;
734492;26/11/2025;quarta-feira;16:20:00;PR;376;184,5;SARANDI;Manobra de mudan�a de faixa;Colis�o lateral mesmo sentido;Sem V�timas;Pleno dia;Crescente;Sol;Dupla;"Reta;Declive";Sim;2;0;0;0;2;0;0;2;-23,439212;-51,87501;SPRF-PR;DEL09-PR;UOP01-DEL09-PR;;;
734493;24/11/2025;segunda-feira;07:00:00;RO;319;143;PORTO VELHO;Rea��o tardia ou ineficiente do condutor;Colis�o traseira;Sem V�timas;Pleno dia;Decrescente;C�u Claro;Dupla;Reta;Sim;2;0;0;0;2;0;0;2;-8,75901981;-63,88568966;SPRF-RO;DEL01-RO;UOP01-DEL01-RO;;;
734494;26/11/2025;quarta-feira;16:00:00;PE;101;57,1;RECIFE;Condutor deixou de manter dist�ncia do ve�culo da frente;Colis�o transversal;Com V�timas Feridas;Pleno dia;Crescente;C�u Claro;Dupla;"Declive;Reta";Sim;3;0;0;1;1;1;1;3;-7,965221;-34,917238;SPRF-PE;DEL01-PE;UOP02-DEL01-PE;;;
734495;26/11/2025;quarta-feira;14:30:00;RJ;101;83;CAMPOS DOS GOYTACAZES;Transitar na contram�o;Colis�o frontal;Com V�timas Feridas;Pleno dia;Decrescente;Nublado;Simples;Curva;N�o;3;0;3;0;0;0;3;2;-21,821545;-41,466988;SPRF-RJ;DEL08-RJ;UOP02-DEL08-RJ;;;
734499;26/11/2025;quarta-feira;17:00:00;SC;282;20,8;PALHOCA;Trafegar com motocicleta (ou similar) entre as faixas;Colis�o transversal;Com V�timas Feridas;Pleno dia;Crescente;C�u Claro;Simples;Reta;N�o;2;0;1;0;1;0;1;2;-27,68902608;-48,71782213;SPRF-SC;DEL01-SC;UOP02-DEL01-SC;;;
734502;26/11/2025;quarta-feira;17:40:00;MG;381;495,3;BETIM;Manobra de mudan�a de faixa;Colis�o traseira;Com V�timas Feridas;Pleno dia;Crescente;C�u Claro;Dupla;Reta;Sim;3;0;2;0;1;0;2;2;-19,974525;-44,186963;SPRF-MG;DEL01-MG;UOP03-DEL01-MG;;;
734504;26/11/2025;quarta-feira;17:15:00;PR;376;240;APUCARANA;Demais falhas mec�nicas ou el�tricas;Sa�da de leito carro��vel;Com V�timas Feridas;Pleno dia;Crescente;C�u Claro;Dupla;Curva;N�o;2;0;2;0;0;0;2;1;-23,58308;-51,4561;SPRF-PR;DEL07-PR;UOP03-DEL07-PR;;;
734506;26/11/2025;quarta-feira;18:00:00;MG;40;469,9;SETE LAGOAS;Velocidade Incompat�vel;Sa�da de leito carro��vel;Com V�timas Feridas;Pleno dia;Decrescente;Nublado;Dupla;Reta;Sim;1;0;1;0;0;0;1;1;-19,466;-44,297;SPRF-MG;DEL02-MG;UOP01-DEL02-MG;;;
734507;26/11/2025;quarta-feira;17:40:00;MG;40;524,5;CONTAGEM;Acumulo de areia ou detritos sobre o pavimento;Tombamento;Com V�timas Feridas;Pleno dia;Decrescente;C�u Claro;Dupla;Curva;Sim;1;0;1;0;0;0;1;1;-19,8774579;-44,0516489;SPRF-MG;DEL01-MG;UOP02-DEL01-MG;;;
734508;26/11/2025;quarta-feira;17:39:00;PB;230;22;JOAO PESSOA;Trafegar com motocicleta (ou similar) entre as faixas;Colis�o lateral mesmo sentido;Com V�timas Feridas;Anoitecer;Crescente;C�u Claro;Dupla;Reta;Sim;3;0;2;0;1;0;2;3;-7,151907;-34,853817;SPRF-PB;DEL01-PB;UOP01-DEL01-PB;;;
734509;26/11/2025;quarta-feira;17:20:00;BA;116;24;VITORIA DA CONQUISTA;Acessar a via sem observar a presen�a dos outros ve�culos;Colis�o transversal;Com V�timas Feridas;Pleno dia;Decrescente;Sol;Simples;Reta;N�o;2;0;0;1;1;0;1;2;-14,9123485;-40,8755158;SPRF-BA;DEL08-BA;UOP01-DEL08-BA;;;
734510;26/11/2025;quarta-feira;18:00:00;SC;470;50;BLUMENAU;Acesso irregular;Colis�o lateral mesmo sentido;Com V�timas Feridas;Anoitecer;Crescente;C�u Claro;Dupla;Reta;Sim;2;0;1;0;1;0;1;2;-26,859649;-49,07475;SPRF-SC;DEL04-SC;UOP01-DEL04-SC;;;
734511;26/11/2025;quarta-feira;16:40:00;BA;116;657;JEQUIE;Acumulo de �gua sobre o pavimento;Colis�o lateral sentido oposto;Com V�timas Feridas;Pleno dia;Crescente;C�u Claro;Simples;Curva;N�o;2;0;1;0;1;0;1;2;-13,73528996;-40,10004854;SPRF-BA;DEL03-BA;UOP01-DEL03-BA;;;
734515;26/11/2025;quarta-feira;18:15:00;PR;476;145;CURITIBA;Trafegar com motocicleta (ou similar) entre as faixas;Colis�o transversal;Com V�timas Feridas;Pleno dia;Decrescente;Nublado;Dupla;"Aclive;Reta";Sim;3;0;2;0;1;0;2;2;-25,549193;-49,324558;SPRF-PR;DEL01-PR;UOP06-DEL01-PR;;;
734516;23/11/2025;domingo;08:25:00;MT;163;760;SORRISO;Acessar a via sem observar a presen�a dos outros ve�culos;Colis�o transversal;Sem V�timas;Pleno dia;Crescente;C�u Claro;Simples;Reta;N�o;2;0;0;0;2;0;0;2;-12,4803;-55,6778;SPRF-MT;DEL06-MT;UOP01-DEL06-MT;;;
734517;26/11/2025;quarta-feira;18:09:00;ES;259;61;COLATINA;Acessar a via sem observar a presen�a dos outros ve�culos;Colis�o transversal;Com V�timas Feridas;Pleno dia;Crescente;C�u Claro;Simples;Reta;N�o;3;0;1;0;1;1;1;2;-19,53223758;-40,68846524;SPRF-ES;DEL02-ES;UOP01-DEL02-ES;;;
734518;26/11/2025;quarta-feira;18:30:00;SC;101;213,7;PALHOCA;Trafegar com motocicleta (ou similar) entre as faixas;Colis�o lateral mesmo sentido;Com V�timas Feridas;Anoitecer;Decrescente;Nublado;Dupla;Reta;Sim;2;0;1;0;1;0;1;2;-27,64207308;-48,66846649;SPRF-SC;DEL01-SC;UOP02-DEL01-SC;;;
734519;26/11/2025;quarta-feira;18:10:00;RS;386;434;NOVA SANTA RITA;Velocidade Incompat�vel;Colis�o traseira;Com V�timas Feridas;Pleno dia;Crescente;C�u Claro;Simples;Reta;Sim;7;0;2;0;5;0;2;4;-29,8445423;-51,28253885;SPRF-RS;DEL04-RS;UOP02-DEL04-RS;;;
734520;26/11/2025;quarta-feira;17:50:00;SC;101;334,1;TUBARAO;Manobra de mudan�a de faixa;Tombamento;Com V�timas Feridas;Pleno dia;Crescente;C�u Claro;Simples;"Reta;Viaduto;Interse��o de Vias";Sim;1;0;1;0;0;0;1;1;-28,47163388;-49,02207971;SPRF-SC;DEL02-SC;UOP01-DEL02-SC;;;
734521;26/11/2025;quarta-feira;18:20:00;CE;116;193,9;LIMOEIRO DO NORTE;Acessar a via sem observar a presen�a dos outros ve�culos;Colis�o transversal;Com V�timas Feridas;Plena Noite;Crescente;C�u Claro;Simples;Reta;N�o;3;0;1;0;2;0;1;2;-5,15099956;-38,15519571;SPRF-CE;DEL03-CE;UOP01-DEL03-CE;;;
734523;26/11/2025;quarta-feira;18:00:00;PE;101;179;JOAQUIM NABUCO;Acessar a via sem observar a presen�a dos outros ve�culos;Queda de ocupante de ve�culo;Com V�timas Feridas;Plena Noite;Decrescente;C�u Claro;Dupla;Reta;N�o;2;0;0;2;0;0;2;1;-8,63022;-35,55969;SPRF-PE;DEL01-PE;UOP03-DEL01-PE;;;
734524;26/11/2025;quarta-feira;12:17:00;RJ;101;322;NITEROI;Pista Escorregadia;Queda de ocupante de ve�culo;Com V�timas Feridas;Pleno dia;Crescente;C�u Claro;Dupla;Reta;N�o;1;0;1;0;0;0;1;1;-22,878067;-43,110794;SPRF-RJ;DEL02-RJ;UOP01-DEL02-RJ;;;
734525;26/11/2025;quarta-feira;18:30:00;RJ;101;482;ANGRA DOS REIS;Acessar a via sem observar a presen�a dos outros ve�culos;Colis�o transversal;Com V�timas Feridas;Plena Noite;Crescente;C�u Claro;Simples;"Interse��o de Vias;Reta";Sim;3;0;2;0;1;0;2;2;-22,99120834;-44,30442908;SPRF-RJ;DEL03-RJ;UOP03-DEL03-RJ;;;
734526;26/11/2025;quarta-feira;18:00:00;RJ;101;274;TANGUA;Aus�ncia de rea��o do condutor;Capotamento;Com V�timas Feridas;Anoitecer;Crescente;C�u Claro;Dupla;Reta;Sim;1;0;1;0;0;0;1;1;-22,7353792;-42,7212237;SPRF-RJ;DEL02-RJ;UOP03-DEL02-RJ;;;
734527;26/11/2025;quarta-feira;18:10:00;SP;116;225;GUARULHOS;Manobra de mudan�a de faixa;Colis�o lateral mesmo sentido;Com V�timas Feridas;Anoitecer;Decrescente;C�u Claro;M�ltipla;Reta;Sim;2;0;1;0;0;1;1;2;-23,4891669;-46,54592872;SPRF-SP;DEL01-SP;UOP01-DEL01-SP;;;
734528;22/11/2025;s�bado;10:55:00;BA;367;75,6;EUNAPOLIS;Acesso irregular;Colis�o transversal;Com V�timas Feridas;Pleno dia;Decrescente;Sol;Simples;Reta;N�o;9;0;8;0;1;0;8;2;-16,373597;-39,502875;SPRF-BA;DEL09-BA;UOP03-DEL09-BA;;;
734529;26/11/2025;quarta-feira;18:30:00;SP;116;210;GUARULHOS;Trafegar com motocicleta (ou similar) entre as faixas;Colis�o lateral mesmo sentido;Com V�timas Feridas;Anoitecer;Crescente;C�u Claro;M�ltipla;"Aclive;Reta";Sim;2;0;1;0;0;1;1;2;-23,425612;-46,404523;SPRF-SP;DEL01-SP;UOP01-DEL01-SP;;;
734530;26/11/2025;quarta-feira;18:40:00;SC;282;1,7;FLORIANOPOLIS;Manobra de mudan�a de faixa;Colis�o lateral mesmo sentido;Com V�timas Feridas;Anoitecer;Crescente;Nublado;Dupla;Reta;Sim;4;0;1;1;2;0;2;2;-27,603308;-48,587889;SPRF-SC;DEL01-SC;UOP01-DEL01-SC;;;
734531;26/11/2025;quarta-feira;18:00:00;RO;364;239,8;CACOAL;Aus�ncia de rea��o do condutor;Colis�o traseira;Com V�timas Feridas;Plena Noite;Decrescente;C�u Claro;Simples;Reta;Sim;2;0;0;1;1;0;1;2;-11,434878;-61,469622;SPRF-RO;DEL02-RO;UOP02-DEL02-RO;;;
734533;26/11/2025;quarta-feira;16:50:00;RO;364;422,8;JARU;Acessar a via sem observar a presen�a dos outros ve�culos;Colis�o transversal;Com V�timas Feridas;Pleno dia;Decrescente;Nublado;M�ltipla;Interse��o de Vias;Sim;3;0;2;0;1;0;2;2;-10,44928236;-62,46225357;SPRF-RO;DEL03-RO;UOP02-DEL03-RO;;;
734534;26/11/2025;quarta-feira;17:50:00;CE;222;314;TIANGUA;Rea��o tardia ou ineficiente do condutor;Engavetamento;Sem V�timas;Pleno dia;Decrescente;C�u Claro;Dupla;Reta;Sim;3;0;0;0;3;0;0;3;-3,727045;-40,998934;SPRF-CE;DEL04-CE;UOP02-DEL04-CE;;;
734535;26/11/2025;quarta-feira;18:00:00;SC;101;114;ITAJAI;Trafegar com motocicleta (ou similar) entre as faixas;Colis�o lateral mesmo sentido;Com V�timas Feridas;Plena Noite;Crescente;Nublado;M�ltipla;Reta;Sim;2;0;1;0;1;0;1;2;-26,86544187;-48,73019569;SPRF-SC;DEL04-SC;UOP04-DEL04-SC;;;
734536;26/11/2025;quarta-feira;18:40:00;SC;470;136;RIO DO SUL;Acessar a via sem observar a presen�a dos outros ve�culos;Colis�o transversal;Com V�timas Feridas;Plena Noite;Decrescente;C�u Claro;Simples;Reta;Sim;2;0;1;0;1;0;1;2;-27,1722362;-49,5811157;SPRF-SC;DEL04-SC;UOP02-DEL04-SC;;;
734537;26/11/2025;quarta-feira;08:38:00;RJ;101;322;NITEROI;Manobra de mudan�a de faixa;Colis�o lateral mesmo sentido;Com V�timas Feridas;Pleno dia;Crescente;Garoa/Chuvisco;Dupla;"Reta;Ponte";Sim;3;0;1;0;2;0;1;2;-22,87888025;-43,11382268;SPRF-RJ;DEL02-RJ;UOP01-DEL02-RJ;;;
734538;26/11/2025;quarta-feira;17:10:00;MS;60;426,2;SIDROLANDIA;Manobra de mudan�a de faixa;Colis�o lateral mesmo sentido;Sem V�timas;Anoitecer;Crescente;C�u Claro;Dupla;Reta;Sim;4;0;0;0;4;0;0;2;-20,93784798;-54,96296732;SPRF-MS;DEL01-MS;UOP04-DEL01-MS;;;
734539;26/11/2025;quarta-feira;19:15:00;SP;116;72,2;APARECIDA;Aus�ncia de rea��o do condutor;Colis�o com objeto;Com V�timas Feridas;Plena Noite;Decrescente;C�u Claro;Dupla;"Declive;Curva";N�o;2;0;2;0;0;0;2;1;-22,86444924;-45,23881786;SPRF-SP;DEL08-SP;UOP01-DEL08-SP;;;
734541;26/11/2025;quarta-feira;19:20:00;MG;381;428;SABARA;Retorno proibido;Colis�o lateral sentido oposto;Com V�timas Feridas;Pleno dia;Crescente;C�u Claro;Simples;Reta;Sim;2;0;1;0;1;0;1;2;-19,78681484;-43,68927956;SPRF-MG;DEL01-MG;UOP01-DEL01-MG;;;
734542;26/11/2025;quarta-feira;19:00:00;GO;60;123;TEREZOPOLIS DE GOIAS;Manobra de mudan�a de faixa;Colis�o com objeto;Com V�timas Feridas;Plena Noite;Crescente;C�u Claro;Dupla;Curva;N�o;5;0;4;0;0;1;4;2;-16,50565175;-49,11419928;SPRF-GO;DEL01-GO;UOP01-DEL01-GO;;;
734543;26/11/2025;quarta-feira;17:57:00;DF;70;19;BRASILIA;Ingest�o de �lcool pelo condutor;Colis�o com objeto;Sem V�timas;Anoitecer;Crescente;Nublado;Dupla;Reta;N�o;1;0;0;0;1;0;0;1;-15,789589;-48,225407;SPRF-DF;DEL03-DF;UOP02-DEL03-DF;;;
734545;26/11/2025;quarta-feira;19:10:00;ES;101;356,8;ANCHIETA;Demais falhas mec�nicas ou el�tricas;Tombamento;Com V�timas Feridas;Plena Noite;Decrescente;Nublado;Dupla;Reta;N�o;1;0;0;1;0;0;1;1;-20,690916;-40,693678;SPRF-ES;DEL03-ES;UOP01-DEL03-ES;;;
734546;26/11/2025;quarta-feira;10:22:00;RJ;101;326;RIO DE JANEIRO;Trafegar com motocicleta (ou similar) entre as faixas;Colis�o lateral mesmo sentido;Com V�timas Feridas;Pleno dia;Crescente;C�u Claro;Dupla;"Reta;Ponte";N�o;4;0;1;0;3;0;1;2;-22,86933461;-43,17481041;SPRF-RJ;DEL02-RJ;UOP01-DEL02-RJ;;;
734547;26/11/2025;quarta-feira;17:25:00;PI;343;592;FLORIANO;Convers�o proibida;Colis�o lateral mesmo sentido;Com V�timas Feridas;Anoitecer;Decrescente;C�u Claro;Simples;Reta;N�o;2;0;0;1;1;0;1;2;-6,779577;-43,035843;SPRF-PI;DEL03-PI;UOP01-DEL03-PI;;;
734549;26/11/2025;quarta-feira;18:35:00;MA;10;255;IMPERATRIZ;Acessar a via sem observar a presen�a dos outros ve�culos;Colis�o lateral mesmo sentido;Com V�timas Feridas;Plena Noite;Decrescente;C�u Claro;Simples;"Interse��o de Vias;Reta";Sim;2;0;1;0;1;0;1;2;-5,50678;-47,47198;SPRF-MA;DEL04-MA;UOP01-DEL04-MA;;;
734551;26/11/2025;quarta-feira;19:40:00;MG;40;608,1;CONGONHAS;Afundamento ou ondula��o no pavimento;Sa�da de leito carro��vel;Com V�timas Feridas;Plena Noite;Crescente;C�u Claro;Simples;"Em Obras;Declive";N�o;3;0;3;0;0;0;3;1;-20,48392004;-43,83910328;SPRF-MG;DEL05-MG;UOP02-DEL05-MG;;;
734553;26/11/2025;quarta-feira;19:15:00;SP;381;81;SAO PAULO;Aus�ncia de rea��o do condutor;Colis�o traseira;Com V�timas Feridas;Plena Noite;Decrescente;Nublado;Dupla;Reta;Sim;2;0;1;0;1;0;1;2;-23,42221963;-46,57662392;SPRF-SP;DEL03-SP;UOP01-DEL03-SP;;;
734555;26/11/2025;quarta-feira;19:40:00;PE;424;78;GARANHUNS;Defici�ncia do Sistema de Ilumina��o/Sinaliza��o;Colis�o traseira;Sem V�timas;Plena Noite;Decrescente;C�u Claro;Simples;Reta;N�o;2;0;0;0;0;2;0;2;-8,827933;-36,55055;SPRF-PE;DEL03-PE;UOP01-DEL03-PE;;;
734557;25/11/2025;ter�a-feira;17:30:00;BA;235;372,7;CASA NOVA;Demais falhas mec�nicas ou el�tricas;Tombamento;Com V�timas Feridas;Pleno dia;Decrescente;C�u Claro;Simples;Reta;N�o;2;0;0;2;0;0;2;1;-9,1790344;-40,9670485;SPRF-BA;DEL04-BA;UOP01-DEL04-BA;;;
734558;26/11/2025;quarta-feira;18:19:00;RJ;40;105;DUQUE DE CAXIAS;Pedestre cruzava a pista fora da faixa;Atropelamento de Pedestre;Com V�timas Feridas;Anoitecer;Decrescente;C�u Claro;Dupla;Reta;Sim;2;0;1;0;1;0;1;2;-22,63702625;-43,28435934;SPRF-RJ;DEL01-RJ;UOP02-DEL01-RJ;;;