id;data_inversa;dia_semana;horario;uf;br;km;municipio;causa_acidente;tipo_acidente;classificacao_acidente;fase_dia;sentido_via;condicao_metereologica;tipo_pista;tracado_via;uso_solo;pessoas;mortos;feridos_leves;feridos_graves;ilesos;ignorados;feridos;veiculos;latitude;longitude;regional;delegacia;uop;;;
734560;26/11/2025;quarta-feira;16:05:00;AC;364;124,5;RIO BRANCO;Manobra de mudan�a de faixa;Colis�o traseira;Com V�timas Feridas;Pleno dia;Decrescente;Nublado;Dupla;Reta;Sim;2;0;1;1;0;0;2;2;-10,01154268;-67,79629324;SPRF-AC;DEL01-AC;UOP01-DEL01-AC;;;
734561;26/11/2025;quarta-feira;17:45:00;RN;304;137;ANGICOS;Rea��o tardia ou ineficiente do condutor;Sa�da de leito carro��vel;Com V�timas Fatais;Anoitecer;Crescente;C�u Claro;Simples;Reta;N�o;1;1;0;0;0;0;0;1;-5,665381;-36,688792;SPRF-RN;DEL04-RN;UOP01-DEL04-RN;;;
734563;26/11/2025;quarta-feira;18:20:00;SC;101;30,2;JOINVILLE;Rea��o tardia ou ineficiente do condutor;Colis�o traseira;Sem V�timas;Anoitecer;Crescente;Garoa/Chuvisco;Dupla;"Reta;Declive";N�o;2;0;0;0;2;0;0;2;-26,22920617;-48,9165777;SPRF-SC;DEL03-SC;UOP01-DEL03-SC;;;
734564;26/11/2025;quarta-feira;20:10:00;RJ;101;316;SAO GONCALO;Aus�ncia de rea��o do condutor;Queda de ocupante de ve�culo;Com V�timas Feridas;Plena Noite;Decrescente;C�u Claro;Dupla;Reta;Sim;1;0;1;0;0;0;1;1;-22,83930539;-43,09541702;SPRF-RJ;DEL02-RJ;UOP02-DEL02-RJ;;;
734565;26/11/2025;quarta-feira;20:10:00;SP;116;303;SAO LOURENCO DA SERRA;Pedestre - Ingest�o de �lcool/ subst�ncias psicoativas;Atropelamento de Pedestre;Com V�timas Feridas;Plena Noite;Decrescente;C�u Claro;Dupla;Reta;Sim;2;0;0;1;0;1;1;2;-23,81878723;-46,92428243;SPRF-SP;DEL04-SP;UOP01-DEL04-SP;;;
734566;26/11/2025;quarta-feira;20:10:00;GO;20;23;FORMOSA;Rea��o tardia ou ineficiente do condutor;Tombamento;Sem V�timas;Plena Noite;Decrescente;C�u Claro;Simples;Reta;N�o;2;0;0;0;2;0;0;2;-15,54394;-47,154718;SPRF-DF;DEL02-DF;UOP02-DEL02-DF;;;
734568;26/11/2025;quarta-feira;15:15:00;RR;401;100;BONFIM;Acumulo de areia ou detritos sobre o pavimento;Sa�da de leito carro��vel;Com V�timas Feridas;Anoitecer;Crescente;C�u Claro;Simples;Reta;N�o;4;0;1;0;3;0;1;1;3,25621167;-60,11510833;SPRF-RR;DEL01-RR;UOP01-DEL01-RR;;;
734569;26/11/2025;quarta-feira;20:55:00;PB;230;10,5;CABEDELO;Aus�ncia de rea��o do condutor;Colis�o traseira;Com V�timas Feridas;Plena Noite;Decrescente;C�u Claro;Dupla;Reta;Sim;2;0;1;0;0;1;1;2;-7,057898;-34,850722;SPRF-PB;DEL01-PB;UOP01-DEL01-PB;;;
734570;26/11/2025;quarta-feira;20:30:00;ES;259;57,4;COLATINA;Ultrapassagem Indevida;Colis�o lateral mesmo sentido;Com V�timas Feridas;Plena Noite;Crescente;C�u Claro;Simples;Reta;Sim;2;0;0;1;0;1;1;2;-19,514704;-40,661239;SPRF-ES;DEL02-ES;UOP01-DEL02-ES;;;
734571;26/11/2025;quarta-feira;19:40:00;RS;158;563,9;SANTANA DO LIVRAMENTO;Acessar a via sem observar a presen�a dos outros ve�culos;Colis�o transversal;Com V�timas Feridas;Plena Noite;Crescente;C�u Claro;Simples;"Reta;Rotat�ria";Sim;3;0;2;0;1;0;2;2;-30,8547642;-55,4965204;SPRF-RS;DEL11-RS;UOP01-DEL11-RS;;;
734572;26/11/2025;quarta-feira;21:15:00;RS;116;247;SAO LEOPOLDO;Rea��o tardia ou ineficiente do condutor;Colis�o com objeto;Com V�timas Feridas;Plena Noite;Decrescente;C�u Claro;M�ltipla;Curva;Sim;1;0;1;0;0;0;1;1;-29,7680829;-51,1537143;SPRF-RS;DEL01-RS;UOP02-DEL01-RS;;;
734575;26/11/2025;quarta-feira;18:20:00;MG;116;518,5;CARATINGA;Velocidade Incompat�vel;Engavetamento;Com V�timas Feridas;Anoitecer;Decrescente;C�u Claro;Simples;Reta;N�o;4;0;1;0;3;0;1;4;-19,718783;-42,128839;SPRF-MG;DEL06-MG;UOP02-DEL06-MG;;;
734576;26/11/2025;quarta-feira;20:45:00;RO;364;227,8;CACOAL;Animais na Pista;Atropelamento de Animal;Com V�timas Feridas;Plena Noite;Crescente;Nublado;Simples;Reta;N�o;3;0;1;0;1;1;1;3;-11,49082;-61,37982;SPRF-RO;DEL02-RO;UOP02-DEL02-RO;;;
734577;26/11/2025;quarta-feira;21:00:00;RN;226;308,4;JANDUIS;Animais na Pista;Colis�o com objeto;Com V�timas Fatais;Plena Noite;Crescente;C�u Claro;Simples;Reta;N�o;1;1;0;0;0;0;0;1;-6,005972;-37,392892;SPRF-RN;DEL04-RN;UOP01-DEL04-RN;;;
734580;26/11/2025;quarta-feira;22:20:00;SC;480;131,9;CHAPECO;Acessar a via sem observar a presen�a dos outros ve�culos;Colis�o lateral mesmo sentido;Com V�timas Feridas;Plena Noite;Decrescente;C�u Claro;Dupla;Reta;Sim;2;0;1;0;1;0;1;2;-27,063415;-52,633065;SPRF-SC;DEL07-SC;UOP01-DEL07-SC;;;
734582;26/11/2025;quarta-feira;22:50:00;SE;235;58,8;ITABAIANA;Animais na Pista;Atropelamento de Animal;Sem V�timas;Plena Noite;Decrescente;C�u Claro;Simples;Reta;N�o;1;0;0;0;1;0;0;1;-10,64508729;-37,45307922;SPRF-SE;DEL01-SE;UOP02-DEL01-SE;;;
734583;26/11/2025;quarta-feira;21:23:00;PI;343;348,3;TERESINA;Convers�o proibida;Colis�o transversal;Com V�timas Feridas;Plena Noite;Decrescente;C�u Claro;Simples;Reta;Sim;2;0;1;0;0;1;1;2;-5,12023635;-42,78907567;SPRF-PI;DEL01-PI;UOP01-DEL01-PI;;;
734584;26/11/2025;quarta-feira;22:40:00;MG;381;419;CAETE;Aus�ncia de rea��o do condutor;Colis�o lateral mesmo sentido;Com V�timas Feridas;Plena Noite;Crescente;C�u Claro;Dupla;Reta;N�o;1;0;0;1;0;0;1;1;-19,77953;-43,65687;SPRF-MG;DEL01-MG;UOP01-DEL01-MG;;;
734586;26/11/2025;quarta-feira;23:00:00;RS;158;78,9;BOA VISTA DAS MISSOES;Demais falhas mec�nicas ou el�tricas;Inc�ndio;Sem V�timas;Plena Noite;Decrescente;C�u Claro;Simples;Reta;N�o;1;0;0;0;1;0;0;1;-27,7219797;-53,3199824;SPRF-RS;DEL08-RS;UOP02-DEL08-RS;;;
734587;26/11/2025;quarta-feira;23:05:00;CE;304;51;ARACATI;Ingest�o de �lcool pelo condutor;Tombamento;Com V�timas Feridas;Plena Noite;Crescente;C�u Claro;Simples;Reta;N�o;1;0;1;0;0;0;1;1;-4,5689542;-37,7497193;SPRF-CE;DEL03-CE;UOP02-DEL03-CE;;;
734590;27/11/2025;quinta-feira;00:19:00;MT;163;838;SINOP;Rea��o tardia ou ineficiente do condutor;Colis�o traseira;Com V�timas Feridas;Plena Noite;Decrescente;Nublado;Dupla;Reta;Sim;2;0;2;0;0;0;2;2;-11,8343785;-55,4882583;SPRF-MT;DEL06-MT;UOP02-DEL06-MT;;;
734591;27/11/2025;quinta-feira;01:30:00;ES;101;269,9;SERRA;Retorno proibido;Colis�o transversal;Com V�timas Feridas;Plena Noite;Decrescente;C�u Claro;M�ltipla;Reta;Sim;3;0;2;0;1;0;2;2;-20,223609;-40,270345;SPRF-ES;DEL02-ES;UOP01-DEL02-ES;;;
734595;26/11/2025;quarta-feira;15:30:00;BA;324;573;SAO SEBASTIAO DO PASSE;Demais falhas mec�nicas ou el�tricas;Queda de ocupante de ve�culo;Com V�timas Feridas;Pleno dia;Crescente;C�u Claro;Dupla;"Declive;Reta";N�o;2;0;1;1;0;0;2;1;-12,57046523;-38,55086446;SPRF-BA;DEL01-BA;UOP01-DEL01-BA;;;
734596;26/11/2025;quarta-feira;19:05:00;PR;277;644,6;CEU AZUL;Demais falhas na via;Colis�o com objeto;Sem V�timas;Anoitecer;Decrescente;C�u Claro;Simples;Reta;N�o;1;0;0;0;1;0;0;1;-25,17916011;-53,87605039;SPRF-PR;DEL05-PR;UOP02-DEL05-PR;;;
734599;27/11/2025;quinta-feira;04:40:00;RS;116;249;SAO LEOPOLDO;Ingest�o de �lcool pelo condutor;Colis�o com objeto;Com V�timas Feridas;Amanhecer;Crescente;C�u Claro;Dupla;Curva;Sim;3;0;1;0;1;1;1;1;-29,7845792;-51,1630242;SPRF-RS;DEL01-RS;UOP02-DEL01-RS;;;
734600;27/11/2025;quinta-feira;04:45:00;GO;20;31,5;FORMOSA;Rea��o tardia ou ineficiente do condutor;Sa�da de leito carro��vel;Com V�timas Feridas;Amanhecer;Crescente;C�u Claro;Dupla;Reta;Sim;5;0;4;0;1;0;4;1;-15,489198;-47,10397;SPRF-DF;DEL02-DF;UOP02-DEL02-DF;;;
734601;27/11/2025;quinta-feira;03:10:00;MT;364;232;RONDONOPOLIS;Demais falhas mec�nicas ou el�tricas;Inc�ndio;Sem V�timas;Plena Noite;Decrescente;C�u Claro;Dupla;Reta;N�o;1;0;0;0;1;0;0;1;-16,25587854;-54,77907658;SPRF-MT;DEL02-MT;UOP01-DEL02-MT;;;
734603;27/11/2025;quinta-feira;04:30:00;ES;262;101;VENDA NOVA DO IMIGRANTE;Falta de acostamento;Colis�o com objeto;Sem V�timas;Amanhecer;Decrescente;Nublado;Simples;"Aclive;Curva";N�o;1;0;0;0;1;0;0;1;-20,3409315;-41,1120281;SPRF-ES;DEL01-ES;UOP02-DEL01-ES;;;
734605;27/11/2025;quinta-feira;04:25:00;PE;104;24,4;TAQUARITINGA DO NORTE;Pedestre andava na pista;Atropelamento de Pedestre;Com V�timas Fatais;Amanhecer;Crescente;Nublado;Dupla;"Aclive;Reta";N�o;2;1;0;0;0;1;0;2;-7,98135;-36,1009;SPRF-PE;DEL02-PE;UOP01-DEL02-PE;;;
734609;27/11/2025;quinta-feira;06:00:00;SP;116;114;TAUBATE;Rea��o tardia ou ineficiente do condutor;Queda de ocupante de ve�culo;Com V�timas Feridas;Pleno dia;Decrescente;C�u Claro;Dupla;Reta;Sim;1;0;1;0;0;0;1;1;-23,04948261;-45,59533801;SPRF-SP;DEL02-SP;UOP02-DEL02-SP;;;
734614;27/11/2025;quinta-feira;05:20:00;MT;70;574,5;CACERES;Condutor Dormindo;Sa�da de leito carro��vel;Com V�timas Feridas;Amanhecer;Crescente;C�u Claro;Simples;Reta;N�o;5;0;1;4;0;0;5;1;-16,12234649;-57,30983734;SPRF-MT;DEL03-MT;UOP02-DEL03-MT;;;
734616;27/11/2025;quinta-feira;06:45:00;MG;381;439;SANTA LUZIA;Aus�ncia de rea��o do condutor;Colis�o traseira;Com V�timas Feridas;Pleno dia;Decrescente;C�u Claro;Simples;Reta;N�o;3;0;0;1;2;0;1;3;-19,82178;-43,81255;SPRF-MG;DEL01-MG;UOP01-DEL01-MG;;;
734617;27/11/2025;quinta-feira;06:50:00;MG;354;754;ITAMONTE;Acessar a via sem observar a presen�a dos outros ve�culos;Colis�o transversal;Com V�timas Feridas;Pleno dia;Crescente;C�u Claro;Simples;"Reta;Interse��o de Vias";Sim;2;0;1;0;1;0;1;2;-22,28605866;-44,86900091;SPRF-MG;DEL17-MG;UOP01-DEL17-MG;;;
734619;27/11/2025;quinta-feira;07:20:00;DF;40;2;BRASILIA;Trafegar com motocicleta (ou similar) entre as faixas;Queda de ocupante de ve�culo;Com V�timas Feridas;Pleno dia;Decrescente;C�u Claro;Dupla;Reta;Sim;1;0;1;0;0;0;1;1;-15,99704855;-47,98495442;SPRF-DF;DEL01-DF;UOP01-DEL01-DF;;;
734620;27/11/2025;quinta-feira;06:30:00;ES;262;39,9;DOMINGOS MARTINS;Condutor deixou de manter dist�ncia do ve�culo da frente;Colis�o traseira;Com V�timas Feridas;Pleno dia;Crescente;Sol;Simples;Curva;N�o;3;0;2;0;1;0;2;3;-20,38403976;-40,63580843;SPRF-ES;DEL01-ES;UOP01-DEL01-ES;;;
734621;27/11/2025;quinta-feira;06:45:00;PB;101;81,7;BAYEUX;Condutor deixou de manter dist�ncia do ve�culo da frente;Colis�o traseira;Com V�timas Feridas;Pleno dia;Crescente;C�u Claro;Dupla;Reta;Sim;3;0;2;0;1;0;2;2;-7,1316728;-34,9368596;SPRF-PB;DEL01-PB;UOP01-DEL01-PB;;;
734622;27/11/2025;quinta-feira;07:20:00;SP;116;200;ARUJA;Trafegar com motocicleta (ou similar) entre as faixas;Colis�o lateral mesmo sentido;Com V�timas Feridas;Pleno dia;Crescente;C�u Claro;Dupla;Reta;Sim;3;0;2;0;1;0;2;2;-23,4034451;-46,3193502;SPRF-SP;DEL01-SP;UOP01-DEL01-SP;;;
734623;27/11/2025;quinta-feira;07:10:00;PR;376;168,7;MARINGA;Rea��o tardia ou ineficiente do condutor;Colis�o traseira;Com V�timas Feridas;Pleno dia;Crescente;Sol;Dupla;Reta;N�o;3;0;2;0;1;0;2;2;-23,39742275;-52,00432984;SPRF-PR;DEL09-PR;UOP01-DEL09-PR;;;
734624;26/11/2025;quarta-feira;23:30:00;RS;158;467,2;ROSARIO DO SUL;Ingest�o de �lcool pelo condutor;Colis�o transversal;Com V�timas Feridas;Plena Noite;Crescente;C�u Claro;Simples;Reta;N�o;3;0;0;1;2;0;1;2;-30,24616656;-54,95412827;SPRF-RS;DEL11-RS;UOP02-DEL11-RS;;;
734625;27/11/2025;quinta-feira;06:50:00;DF;70;17;BRASILIA;Manobra de mudan�a de faixa;Colis�o traseira;Com V�timas Feridas;Pleno dia;Decrescente;C�u Claro;Dupla;Reta;N�o;2;0;2;0;0;0;2;2;-15,79268104;-48,20691783;SPRF-DF;DEL03-DF;UOP02-DEL03-DF;;;
734627;27/11/2025;quinta-feira;06:00:00;SC;116;15,9;MAFRA;Manobra de mudan�a de faixa;Colis�o lateral mesmo sentido;Com V�timas Feridas;Amanhecer;Crescente;C�u Claro;Simples;Reta;N�o;3;0;0;1;2;0;1;2;-26,208277;-49,883422;SPRF-SC;DEL06-SC;UOP01-DEL06-SC;;;
734628;27/11/2025;quinta-feira;07:45:00;RN;405;1;MOSSORO;Acessar a via sem observar a presen�a dos outros ve�culos;Colis�o transversal;Com V�timas Feridas;Pleno dia;Decrescente;C�u Claro;Dupla;Reta;Sim;2;0;0;1;1;0;1;2;-5,19192373;-37,36323595;SPRF-RN;DEL04-RN;UOP02-DEL04-RN;;;
734629;27/11/2025;quinta-feira;07:45:00;RJ;101;309;SAO GONCALO;Condutor deixou de manter dist�ncia do ve�culo da frente;Engavetamento;Com V�timas Feridas;Pleno dia;Crescente;C�u Claro;Dupla;Reta;Sim;4;0;1;0;3;0;1;3;-22,792865;-43,0248377;SPRF-RJ;DEL02-RJ;UOP02-DEL02-RJ;;;
734630;27/11/2025;quinta-feira;07:30:00;PR;376;166;MARINGA;Rea��o tardia ou ineficiente do condutor;Engavetamento;Com V�timas Feridas;Pleno dia;Crescente;C�u Claro;Dupla;Reta;N�o;5;0;2;0;3;0;2;4;-23,38836;-52,01901;SPRF-PR;DEL09-PR;UOP01-DEL09-PR;;;
734631;27/11/2025;quinta-feira;07:00:00;PR;369;202;APUCARANA;Aus�ncia de rea��o do condutor;Colis�o transversal;Com V�timas Feridas;Pleno dia;Crescente;C�u Claro;Simples;"Interse��o de Vias;Reta;Declive";Sim;3;0;0;1;2;0;1;2;-23,5421113;-51,4558052;SPRF-PR;DEL07-PR;UOP03-DEL07-PR;;;
734632;27/11/2025;quinta-feira;07:35:00;RN;304;48,9;MOSSORO;Rea��o tardia ou ineficiente do condutor;Colis�o transversal;Com V�timas Feridas;Pleno dia;Decrescente;C�u Claro;Simples;Reta;Sim;2;0;1;1;0;0;2;2;-5,235335;-37,318115;SPRF-RN;DEL04-RN;UOP01-DEL04-RN;;;
734633;27/11/2025;quinta-feira;07:05:00;MG;262;147,7;SAO DOMINGOS DO PRATA;Desrespeitar a prefer�ncia no cruzamento;Colis�o transversal;Com V�timas Feridas;Pleno dia;Decrescente;C�u Claro;Simples;Reta;N�o;3;0;1;1;1;0;2;2;-20,013437;-42,748805;SPRF-MG;DEL03-MG;UOP03-DEL03-MG;;;
734634;27/11/2025;quinta-feira;07:30:00;SP;116;448;REGISTRO;Aus�ncia de rea��o do condutor;Colis�o lateral mesmo sentido;Com V�timas Feridas;Pleno dia;Decrescente;C�u Claro;Dupla;Reta;Sim;2;0;1;0;1;0;1;2;-24,50730631;-47,84860508;SPRF-SP;DEL05-SP;UOP01-DEL05-SP;;;
734635;27/11/2025;quinta-feira;07:20:00;RJ;101;309;SAO GONCALO;Trafegar com motocicleta (ou similar) entre as faixas;Colis�o traseira;Com V�timas Feridas;Pleno dia;Crescente;C�u Claro;Dupla;Reta;N�o;2;0;1;0;1;0;1;2;-22,7928718;-43,0248333;SPRF-RJ;DEL02-RJ;UOP02-DEL02-RJ;;;
734637;03/08/2025;domingo;14:10:00;MG;116;525,9;CARATINGA;Trafegar com motocicleta (ou similar) entre as faixas;Colis�o transversal;Com V�timas Feridas;Pleno dia;Crescente;C�u Claro;Simples;"Interse��o de Vias;Reta";Sim;2;0;1;0;1;0;1;2;-19,77946733;-42,13288844;SPRF-MG;DEL06-MG;UOP02-DEL06-MG;;;
734639;27/11/2025;quinta-feira;07:38:00;PE;428;185;PETROLINA;Acessar a via sem observar a presen�a dos outros ve�culos;Colis�o transversal;Com V�timas Feridas;Pleno dia;Decrescente;C�u Claro;Dupla;"Retorno Regulamentado;Reta";Sim;2;0;1;0;1;0;1;2;-9,356632;-40,478695;SPRF-PE;DEL06-PE;UOP01-DEL06-PE;;;
734640;27/11/2025;quinta-feira;07:40:00;SE;235;57,4;ITABAIANA;Condutor deixou de manter dist�ncia do ve�culo da frente;Colis�o traseira;Sem V�timas;Pleno dia;Crescente;C�u Claro;Simples;Reta;Sim;2;0;0;0;2;0;0;2;-10,651135;-37,450995;SPRF-SE;DEL01-SE;UOP02-DEL01-SE;;;
734641;27/11/2025;quinta-feira;07:10:00;MG;381;385,1;BARAO DE COCAIS;Velocidade Incompat�vel;Colis�o com objeto;Com V�timas Feridas;Pleno dia;Crescente;Nublado;Dupla;Reta;N�o;3;0;2;1;0;0;3;1;-19,793817;-43,426498;SPRF-MG;DEL01-MG;UOP01-DEL01-MG;;;
734643;27/11/2025;quinta-feira;08:13:00;TO;10;455;PALMAS;Manobra de mudan�a de faixa;Tombamento;Com V�timas Feridas;Pleno dia;Crescente;Nublado;M�ltipla;"Declive;Reta";Sim;2;0;1;0;1;0;1;2;-10,29999;-48,29726;SPRF-TO;DEL01-TO;UOP03-DEL01-TO;;;
734644;27/11/2025;quinta-feira;07:00:00;RO;364;710;PORTO VELHO;Condutor deixou de manter dist�ncia do ve�culo da frente;Colis�o traseira;Com V�timas Feridas;Pleno dia;Crescente;C�u Claro;Dupla;Reta;N�o;3;0;0;1;1;1;1;3;-8,78918797;-63,85244116;SPRF-RO;DEL01-RO;UOP01-DEL01-RO;;;
734645;01/11/2025;s�bado;14:30:00;ES;101;159;LINHARES;Acessar a via sem observar a presen�a dos outros ve�culos;Colis�o transversal;Com V�timas Feridas;Pleno dia;Decrescente;C�u Claro;Simples;Curva;N�o;7;0;2;3;2;0;5;2;-19,469738;-40;SPRF-ES;DEL04-ES;UOP01-DEL04-ES;;;
734646;27/11/2025;quinta-feira;07:06:00;MT;364;346;SANTO ANTONIO DO LEVERGER;Rea��o tardia ou ineficiente do condutor;Sa�da de leito carro��vel;Sem V�timas;Pleno dia;Decrescente;C�u Claro;Dupla;Curva;N�o;3;0;0;0;3;0;0;1;-15,7994308;-55,5637111;SPRF-MT;DEL05-MT;UOP02-DEL05-MT;;;
734647;27/11/2025;quinta-feira;08:50:00;DF;20;21;BRASILIA;Acessar a via sem observar a presen�a dos outros ve�culos;Colis�o lateral mesmo sentido;Com V�timas Feridas;Pleno dia;Decrescente;C�u Claro;Dupla;Reta;Sim;3;0;1;0;2;0;1;2;-15,60157;-47,681908;SPRF-DF;DEL02-DF;UOP01-DEL02-DF;;;
734648;16/11/2025;domingo;03:40:00;RS;287;272;SANTA MARIA;Rea��o tardia ou ineficiente do condutor;Sa�da de leito carro��vel;Com V�timas Fatais;Plena Noite;Crescente;C�u Claro;Simples;Reta;N�o;2;2;0;0;0;0;0;1;-29,665466;-54,100947;SPRF-RS;DEL09-RS;UOP01-DEL09-RS;;;
734650;24/11/2025;segunda-feira;07:20:00;PR;277;1,5;PARANAGUA;Aus�ncia de rea��o do condutor;Colis�o transversal;Com V�timas Feridas;Amanhecer;Crescente;Nublado;Dupla;"Interse��o de Vias;Reta";Sim;2;0;1;0;1;0;1;2;-25,55177727;-48,55241988;SPRF-PR;DEL01-PR;UOP05-DEL01-PR;;;
734651;27/11/2025;quinta-feira;09:20:00;GO;153;444;ANAPOLIS;Condutor deixou de manter dist�ncia do ve�culo da frente;Colis�o traseira;Com V�timas Feridas;Pleno dia;Crescente;C�u Claro;Dupla;"Reta;Rotat�ria;Interse��o de Vias";Sim;3;0;1;0;2;0;1;2;-16,35397145;-48,93011963;SPRF-GO;DEL02-GO;UOP01-DEL02-GO;;;
734652;27/11/2025;quinta-feira;07:49:00;SP;116;325;JUQUITIBA;Entrada inopinada do pedestre;Atropelamento de Pedestre;Com V�timas Feridas;Pleno dia;Decrescente;C�u Claro;Dupla;"Declive;Reta";Sim;2;0;0;2;0;0;2;2;-23,93996345;-47,06055916;SPRF-SP;DEL04-SP;UOP03-DEL04-SP;;;
734653;23/11/2025;domingo;16:04:00;MS;163;48,4;ELDORADO;Rea��o tardia ou ineficiente do condutor;Sa�da de leito carro��vel;Com V�timas Feridas;Pleno dia;Decrescente;Chuva;Simples;"Declive;Curva";N�o;3;0;2;1;0;0;3;1;-23,63040036;-54,23910499;SPRF-MS;DEL09-MS;UOP02-DEL09-MS;;;
734654;27/11/2025;quinta-feira;09:20:00;PE;101;73,7;RECIFE;Transitar no Acostamento;Colis�o transversal;Com V�timas Feridas;Pleno dia;Decrescente;C�u Claro;Dupla;Curva;Sim;3;0;1;0;2;0;1;2;-8,09916;-34,95029;SPRF-PE;DEL01-PE;UOP01-DEL01-PE;;;
734655;27/11/2025;quinta-feira;09:40:00;SC;101;197,6;BIGUACU;Aus�ncia de rea��o do condutor;Tombamento;Com V�timas Feridas;Pleno dia;Crescente;C�u Claro;M�ltipla;Reta;Sim;2;0;2;0;0;0;2;1;-27,52529;-48,63606;SPRF-SC;DEL01-SC;UOP01-DEL01-SC;;;
734656;27/11/2025;quinta-feira;08:50:00;RS;386;429;NOVA SANTA RITA;Avarias e/ou desgaste excessivo no pneu;Tombamento;Com V�timas Feridas;Pleno dia;Decrescente;C�u Claro;Simples;Reta;N�o;1;0;1;0;0;0;1;1;-29,82606404;-51,33252952;SPRF-RS;DEL04-RS;UOP02-DEL04-RS;;;
734658;27/11/2025;quinta-feira;04:40:00;MS;60;96,2;PARAISO DAS AGUAS;Aus�ncia de rea��o do condutor;Colis�o com objeto;Com V�timas Feridas;Amanhecer;Crescente;Nublado;Simples;Reta;N�o;1;0;1;0;0;0;1;1;-19,23453466;-53,12829763;SPRF-MS;DEL06-MS;UOP02-DEL06-MS;;;
734659;27/11/2025;quinta-feira;09:45:00;PR;116;116;CURITIBA;Aus�ncia de rea��o do condutor;Colis�o traseira;Com V�timas Feridas;Pleno dia;Crescente;C�u Claro;Dupla;Reta;N�o;2;0;1;0;1;0;1;2;-25,552244;-49,304998;SPRF-PR;DEL01-PR;UOP03-DEL01-PR;;;
734660;27/11/2025;quinta-feira;10:24:00;MG;40;470,5;SETE LAGOAS;Aus�ncia de rea��o do condutor;Colis�o traseira;Com V�timas Feridas;Pleno dia;Decrescente;C�u Claro;Dupla;Declive;Sim;4;0;3;0;1;0;3;2;-19,46877;-44,29523;SPRF-MG;DEL02-MG;UOP01-DEL02-MG;;;
734661;27/11/2025;quinta-feira;09:30:00;RO;364;708;PORTO VELHO;Acessar a via sem observar a presen�a dos outros ve�culos;Colis�o lateral mesmo sentido;Com V�timas Feridas;Pleno dia;Crescente;C�u Claro;M�ltipla;Interse��o de Vias;Sim;2;0;1;0;1;0;1;2;-8,79463597;-63,84302108;SPRF-RO;DEL01-RO;UOP01-DEL01-RO;;;
734662;27/11/2025;quinta-feira;09:00:00;MG;116;594,7;SAO JOAO DO MANHUACU;Velocidade Incompat�vel;Tombamento;Com V�timas Feridas;Pleno dia;Crescente;Sol;Simples;Curva;N�o;1;0;1;0;0;0;1;1;-20,301332;-42,146218;SPRF-MG;DEL06-MG;UOP03-DEL06-MG;;;
734663;27/11/2025;quinta-feira;11:00:00;SC;470;89;ASCURRA;Acessar a via sem observar a presen�a dos outros ve�culos;Colis�o transversal;Com V�timas Feridas;Pleno dia;Crescente;C�u Claro;Simples;"Interse��o de Vias;Rotat�ria";Sim;2;0;1;0;1;0;1;2;-26,95511065;-49,37337248;SPRF-SC;DEL04-SC;UOP01-DEL04-SC;;;
734664;27/11/2025;quinta-feira;10:05:00;SP;262;319;CASTILHO;Rea��o tardia ou ineficiente do condutor;Colis�o com objeto;Com V�timas Feridas;Pleno dia;Crescente;C�u Claro;Simples;Rotat�ria;N�o;1;0;1;0;0;0;1;1;-20,78489894;-51,59838287;SPRF-MS;DEL07-MS;UOP01-DEL07-MS;;;
734666;27/11/2025;quinta-feira;11:20:00;MG;116;759,1;LEOPOLDINA;Acessar a via sem observar a presen�a dos outros ve�culos;Colis�o transversal;Sem V�timas;Pleno dia;Decrescente;C�u Claro;Simples;Reta;Sim;3;0;0;0;2;1;0;2;-21,509438;-42,610814;SPRF-MG;DEL07-MG;UOP01-DEL07-MG;;;
734667;27/11/2025;quinta-feira;09:40:00;MT;163;1030;PEIXOTO DE AZEVEDO;Acessar a via sem observar a presen�a dos outros ve�culos;Colis�o transversal;Com V�timas Feridas;Pleno dia;Decrescente;C�u Claro;Simples;Reta;Sim;4;0;0;1;3;0;1;2;-10,24549;-54,989655;SPRF-MT;DEL06-MT;UOP03-DEL06-MT;;;
734668;26/10/2025;domingo;16:51:00;PA;163;295;NOVO PROGRESSO;Condutor deixou de manter dist�ncia do ve�culo da frente;Colis�o traseira;Com V�timas Feridas;Pleno dia;Crescente;C�u Claro;Simples;Curva;N�o;4;0;1;0;0;3;1;2;-7,1692;-55,3631;SPRF-PA;DEL05-PA;UOP03-DEL05-PA;;;
734669;27/11/2025;quinta-feira;10:00:00;RO;364;383;OURO PRETO DO OESTE;Acessar a via sem observar a presen�a dos outros ve�culos;Colis�o transversal;Com V�timas Feridas;Pleno dia;Crescente;C�u Claro;Simples;Reta;Sim;2;0;1;0;1;0;1;2;-10,715838;-62,250195;SPRF-RO;DEL02-RO;UOP01-DEL02-RO;;;
734670;27/11/2025;quinta-feira;12:20:00;RJ;101;58;CAMPOS DOS GOYTACAZES;Condutor deixou de manter dist�ncia do ve�culo da frente;Colis�o traseira;Sem V�timas;Pleno dia;Decrescente;C�u Claro;Simples;Reta;Sim;2;0;0;0;2;0;0;2;-21,839872;-41,418752;SPRF-RJ;DEL08-RJ;UOP01-DEL08-RJ;;;