id;data_inversa;dia_semana;horario;uf;br;km;municipio;causa_acidente;tipo_acidente;classificacao_acidente;fase_dia;sentido_via;condicao_metereologica;tipo_pista;tracado_via;uso_solo;pessoas;mortos;feridos_leves;feridos_graves;ilesos;ignorados;feridos;veiculos;latitude;longitude;regional;delegacia;uop;;;
734671;27/11/2025;quinta-feira;08:10:00;SC;101;205;SAO JOSE;Pista Escorregadia;Tombamento;Com V�timas Feridas;Pleno dia;Crescente;C�u Claro;M�ltipla;"Interse��o de Vias;Reta";Sim;1;0;1;0;0;0;1;1;-27,58312117;-48,61532304;SPRF-SC;DEL01-SC;UOP01-DEL01-SC;;;
734672;27/11/2025;quinta-feira;12:30:00;SC;101;215,6;PALHOCA;Acumulo de �leo sobre o pavimento;Tombamento;Com V�timas Feridas;Pleno dia;Crescente;Nublado;Dupla;Curva;Sim;1;0;1;0;0;0;1;1;-27,65719;-48,678415;SPRF-SC;DEL01-SC;UOP02-DEL01-SC;;;
734673;24/08/2025;domingo;15:00:00;AC;364;80;SENADOR GUIOMARD;Pista esburacada;Sa�da de leito carro��vel;Com V�timas Fatais;Pleno dia;Decrescente;C�u Claro;Simples;Reta;N�o;2;1;0;0;1;0;0;1;-10,0961311;-67,4286465;SPRF-AC;DEL01-AC;UOP01-DEL01-AC;;;
734675;11/10/2025;s�bado;04:38:00;PA;163;537;TRAIRAO;Rea��o tardia ou ineficiente do condutor;Tombamento;Sem V�timas;Plena Noite;Decrescente;Ignorado;Simples;Reta;N�o;1;0;0;0;0;1;0;1;-5,28942045;-56,01532817;SPRF-PA;DEL05-PA;UOP03-DEL05-PA;;;
734676;27/11/2025;quinta-feira;12:40:00;SP;116;165;JACAREI;Manobra de mudan�a de faixa;Colis�o lateral mesmo sentido;Sem V�timas;Pleno dia;Crescente;Sol;M�ltipla;Reta;Sim;2;0;0;0;2;0;0;2;-23,2942287;-46,00441575;SPRF-SP;DEL02-SP;UOP01-DEL02-SP;;;
734677;23/11/2025;domingo;17:39:00;RJ;101;313;SAO GONCALO;Velocidade Incompat�vel;Colis�o traseira;Com V�timas Feridas;Anoitecer;Decrescente;Nublado;Dupla;Reta;Sim;2;0;1;0;1;0;1;2;-22,80973188;-43,06777954;SPRF-RJ;DEL02-RJ;UOP02-DEL02-RJ;;;
734678;27/11/2025;quinta-feira;11:05:00;SC;282;417;CATANDUVAS;Demais falhas mec�nicas ou el�tricas;Sa�da de leito carro��vel;Com V�timas Feridas;Pleno dia;Decrescente;C�u Claro;Simples;Curva;N�o;5;0;3;0;2;0;3;1;-27,03787472;-51,71899796;SPRF-SC;DEL07-SC;UOP05-DEL07-SC;;;
734681;27/11/2025;quinta-feira;11:05:00;RS;116;149,6;CAXIAS DO SUL;Manobra de mudan�a de faixa;Colis�o lateral mesmo sentido;Com V�timas Feridas;Pleno dia;Crescente;C�u Claro;Dupla;"Reta;Declive";Sim;4;0;2;0;0;2;2;3;-29,16649096;-51,15861861;SPRF-RS;DEL05-RS;UOP01-DEL05-RS;;;
734685;27/11/2025;quinta-feira;13:15:00;SP;116;214;GUARULHOS;Aus�ncia de rea��o do condutor;Colis�o com objeto;Com V�timas Fatais;Pleno dia;Crescente;C�u Claro;M�ltipla;Reta;Sim;2;1;0;0;1;0;0;2;-23,446155;-46,452873;SPRF-SP;DEL01-SP;UOP01-DEL01-SP;;;
734686;27/11/2025;quinta-feira;13:45:00;MG;365;620,5;UBERLANDIA;Condutor deixou de manter dist�ncia do ve�culo da frente;Colis�o traseira;Com V�timas Feridas;Pleno dia;Decrescente;C�u Claro;Dupla;Aclive;Sim;2;0;1;0;1;0;1;2;-18,89323973;-48,27154247;SPRF-MG;DEL15-MG;UOP01-DEL15-MG;;;
734687;27/11/2025;quinta-feira;10:30:00;MG;381;551,9;ITAGUARA;Condutor deixou de manter dist�ncia do ve�culo da frente;Colis�o traseira;Sem V�timas;Pleno dia;Decrescente;C�u Claro;Dupla;Reta;N�o;2;0;0;0;2;0;0;2;-20,3132524;-44,4515415;SPRF-MG;DEL04-MG;UOP03-DEL04-MG;;;
734690;27/11/2025;quinta-feira;14:10:00;BA;101;343;TEOLANDIA;Chuva;Colis�o frontal;Com V�timas Feridas;Pleno dia;Crescente;Chuva;Simples;Reta;N�o;6;0;5;0;0;1;5;3;-13,57683;-39,477675;SPRF-BA;DEL05-BA;UOP03-DEL05-BA;;;
734691;27/11/2025;quinta-feira;11:00:00;MG;116;275;TEOFILO OTONI;Transitar na contram�o;Colis�o frontal;Com V�timas Feridas;Pleno dia;Decrescente;Nublado;Simples;Reta;Sim;3;0;2;0;1;0;2;2;-17,845974;-41,515402;SPRF-MG;DEL11-MG;UOP01-DEL11-MG;;;
734692;27/11/2025;quinta-feira;13:29:00;MA;135;5;SAO LUIS;Rea��o tardia ou ineficiente do condutor;Engavetamento;Com V�timas Feridas;Pleno dia;Decrescente;C�u Claro;Dupla;Reta;Sim;3;0;1;0;2;0;1;3;-2,622813;-44,258442;SPRF-MA;DEL01-MA;UOP01-DEL01-MA;;;
734696;27/11/2025;quinta-feira;13:00:00;RO;319;142,9;PORTO VELHO;Acessar a via sem observar a presen�a dos outros ve�culos;Colis�o lateral mesmo sentido;Com V�timas Feridas;Pleno dia;Decrescente;C�u Claro;Dupla;Reta;Sim;2;0;1;0;1;0;1;2;-8,7501291;-63,88771959;SPRF-RO;DEL01-RO;UOP01-DEL01-RO;;;
734697;27/11/2025;quinta-feira;14:30:00;PE;101;79,9;JABOATAO DOS GUARARAPES;Condutor deixou de manter dist�ncia do ve�culo da frente;Colis�o traseira;Com V�timas Feridas;Pleno dia;Crescente;C�u Claro;Dupla;Reta;Sim;3;0;1;0;2;0;1;2;-8,15025;-34,94339;SPRF-PE;DEL01-PE;UOP01-DEL01-PE;;;
734699;27/11/2025;quinta-feira;13:50:00;PE;232;25,8;MORENO;Rea��o tardia ou ineficiente do condutor;Engavetamento;Com V�timas Feridas;Pleno dia;Crescente;C�u Claro;Dupla;"Aclive;Reta";N�o;6;0;3;0;3;0;3;4;-8,113702;-35,11593;SPRF-PE;DEL02-PE;UOP02-DEL02PE;;;
734703;27/11/2025;quinta-feira;12:30:00;MG;381;360,7;SAO GONCALO DO RIO ABAIXO;Rea��o tardia ou ineficiente do condutor;Tombamento;Com V�timas Feridas;Pleno dia;Decrescente;Sol;Simples;"Aclive;Curva";N�o;1;0;1;0;0;0;1;1;-19,85361212;-43,24783087;SPRF-MG;DEL03-MG;UOP01-DEL03-MG;;;
734705;27/11/2025;quinta-feira;14:15:00;SC;101;441,8;SANTA ROSA DO SUL;Rea��o tardia ou ineficiente do condutor;Colis�o traseira;Com V�timas Feridas;Pleno dia;Decrescente;Nublado;M�ltipla;Aclive;Sim;4;0;2;0;2;0;2;2;-29,12977819;-49,68695339;SPRF-SC;DEL02-SC;UOP02-DEL02-SC;;;
734706;27/11/2025;quinta-feira;15:25:00;SC;101;213,2;PALHOCA;Condutor deixou de manter dist�ncia do ve�culo da frente;Colis�o lateral mesmo sentido;Com V�timas Feridas;Pleno dia;Crescente;C�u Claro;Simples;Reta;Sim;3;0;2;0;1;0;2;2;-27,638483;-48,666525;SPRF-SC;DEL01-SC;UOP02-DEL01-SC;;;
734707;27/11/2025;quinta-feira;16:00:00;SC;101;204,2;SAO JOSE;Velocidade Incompat�vel;Colis�o traseira;Com V�timas Feridas;Pleno dia;Crescente;Nublado;M�ltipla;Reta;Sim;2;0;0;1;1;0;1;2;-27,58103339;-48,61462768;SPRF-SC;DEL01-SC;UOP01-DEL01-SC;;;
734708;15/11/2025;s�bado;23:30:00;PA;316;53;CASTANHAL;Condutor Dormindo;Sa�da de leito carro��vel;Com V�timas Feridas;Plena Noite;Crescente;C�u Claro;Dupla;Reta;N�o;3;0;1;0;0;2;1;2;-1,306717;-48,019857;SPRF-PA;DEL01-PA;UOP01-DEL01-PA;;;
734709;24/09/2025;quarta-feira;17:10:00;RS;0;0;SANTANA DO LIVRAMENTO;Acessar a via sem observar a presen�a dos outros ve�culos;Colis�o transversal;Sem V�timas;Pleno dia;N�o Informado;C�u Claro;Dupla;"Reta;Interse��o de Vias;Aclive";Sim;2;0;0;0;2;0;0;2;-30,89199563;-55,54038472;SPRF-RS;DEL11-RS;N/A;;;
734710;27/11/2025;quinta-feira;16:40:00;RN;101;107;PARNAMIRIM;Manobra de mudan�a de faixa;Colis�o lateral mesmo sentido;Com V�timas Feridas;Pleno dia;Crescente;C�u Claro;Dupla;Interse��o de Vias;Sim;3;0;2;0;1;0;2;2;-5,91628972;-35,26305814;SPRF-RN;DEL01-RN;UOP01-DEL01-RN;;;
734711;27/11/2025;quinta-feira;17:00:00;RS;290;89;PORTO ALEGRE;Aus�ncia de rea��o do condutor;Colis�o traseira;Com V�timas Feridas;Pleno dia;Decrescente;C�u Claro;M�ltipla;Reta;Sim;2;0;1;0;1;0;1;2;-29,96811704;-51,15618809;SPRF-RS;DEL01-RS;UOP01-DEL01-RS;;;
734712;20/11/2025;quinta-feira;04:50:00;AP;210;1,9;MACAPA;Rea��o tardia ou ineficiente do condutor;Colis�o frontal;Com V�timas Feridas;Amanhecer;Decrescente;C�u Claro;Simples;Reta;Sim;6;0;2;0;4;0;2;2;0,0832038;-51,0790799;SPRF-AP;DEL01-AP;UOP01-DEL01-AP;;;
734714;27/11/2025;quinta-feira;17:00:00;PR;277;597;CASCAVEL;Entrada inopinada do pedestre;Atropelamento de Pedestre;Com V�timas Feridas;Pleno dia;Crescente;C�u Claro;Dupla;Reta;N�o;2;0;0;1;1;0;1;2;-24,98103996;-53,50098252;SPRF-PR;DEL04-PR;UOP01-DEL04-PR;;;
734715;27/11/2025;quinta-feira;16:00:00;SC;280;46,8;GUARAMIRIM;Condutor deixou de manter dist�ncia do ve�culo da frente;Colis�o traseira;Com V�timas Feridas;Pleno dia;Crescente;C�u Claro;Dupla;Reta;N�o;2;0;0;1;1;0;1;2;-26,453513;-48,917761;SPRF-SC;DEL03-SC;UOP03-DEL03-SC;;;
734718;27/11/2025;quinta-feira;18:00:00;PR;277;726;FOZ DO IGUACU;Condutor deixou de manter dist�ncia do ve�culo da frente;Colis�o traseira;Sem V�timas;Pleno dia;Crescente;C�u Claro;Dupla;Reta;Sim;2;0;0;0;2;0;0;2;-25,509678;-54,547901;SPRF-PR;DEL05-PR;UOP03-DEL05-PR;;;
734720;27/11/2025;quinta-feira;15:50:00;MG;40;464,7;SETE LAGOAS;Rea��o tardia ou ineficiente do condutor;Sa�da de leito carro��vel;Com V�timas Feridas;Pleno dia;Crescente;Nublado;Dupla;"Aclive;Reta";N�o;1;0;1;0;0;0;1;1;-19,43988587;-44,32971582;SPRF-MG;DEL02-MG;UOP01-DEL02-MG;;;
734721;27/11/2025;quinta-feira;17:30:00;SP;116;139;SAO JOSE DOS CAMPOS;Aus�ncia de rea��o do condutor;Colis�o traseira;Com V�timas Feridas;Pleno dia;Decrescente;C�u Claro;Dupla;Reta;N�o;3;0;2;0;1;0;2;2;-23,16218657;-45,80537081;SPRF-SP;DEL02-SP;UOP01-DEL02-SP;;;
734723;27/11/2025;quinta-feira;17:40:00;RJ;393;238;VASSOURAS;Rea��o tardia ou ineficiente do condutor;Colis�o com objeto;Com V�timas Feridas;Pleno dia;Decrescente;C�u Claro;Simples;Curva;N�o;1;0;0;1;0;0;1;1;-22,42911629;-43,69658279;SPRF-RJ;DEL05-RJ;UOP03-DEL05-RJ;;;
734724;27/11/2025;quinta-feira;17:00:00;PR;116;210;RIO NEGRO;Acessar a via sem observar a presen�a dos outros ve�culos;Colis�o transversal;Com V�timas Feridas;Pleno dia;Crescente;C�u Claro;Simples;"Rotat�ria;Retorno Regulamentado";Sim;4;0;0;1;3;0;1;2;-26,10397673;-49,7806463;SPRF-SC;DEL06-SC;UOP01-DEL06-SC;;;
734725;27/11/2025;quinta-feira;15:20:00;RJ;101;294;ITABORAI;Condutor deixou de manter dist�ncia do ve�culo da frente;Colis�o traseira;Com V�timas Feridas;Pleno dia;Decrescente;Nublado;Dupla;Reta;N�o;3;0;1;0;2;0;1;3;-22,76082788;-42,89828539;SPRF-RJ;DEL02-RJ;UOP02-DEL02-RJ;;;
734726;27/11/2025;quinta-feira;17:45:00;BA;116;15;VITORIA DA CONQUISTA;Aus�ncia de sinaliza��o;Colis�o transversal;Com V�timas Feridas;Anoitecer;Crescente;Garoa/Chuvisco;Simples;"Interse��o de Vias;Reta;Rotat�ria";Sim;3;0;1;1;1;0;2;2;-14,89987409;-40,85464594;SPRF-BA;DEL08-BA;UOP01-DEL08-BA;;;
734727;27/11/2025;quinta-feira;17:51:00;PE;101;84,6;JABOATAO DOS GUARARAPES;Rea��o tardia ou ineficiente do condutor;Colis�o traseira;Com V�timas Feridas;Anoitecer;Decrescente;C�u Claro;Dupla;Reta;N�o;2;0;1;0;1;0;1;2;-8,17864;-34,95602;SPRF-PE;DEL01-PE;UOP01-DEL01-PE;;;
734728;27/11/2025;quinta-feira;18:00:00;PR;277;584,2;CASCAVEL;Aus�ncia de rea��o do condutor;Colis�o traseira;Sem V�timas;Pleno dia;Decrescente;C�u Claro;M�ltipla;"Reta;Interse��o de Vias;Declive";Sim;2;0;0;0;1;1;0;2;-24,97805;-53,384475;SPRF-PR;DEL04-PR;UOP01-DEL04-PR;;;
734731;01/11/2025;s�bado;19:00:00;MA;10;295;SAO FRANCISCO DO BREJAO;Acessar a via sem observar a presen�a dos outros ve�culos;Colis�o transversal;Com V�timas Feridas;Plena Noite;Crescente;Ignorado;Simples;Reta;N�o;1;0;0;1;0;0;1;1;-5,140737;-47,542793;SPRF-MA;DEL04-MA;UOP01-DEL04-MA;;;
734733;27/11/2025;quinta-feira;19:00:00;MG;381;483;BETIM;Trafegar com motocicleta (ou similar) entre as faixas;Tombamento;Com V�timas Feridas;Plena Noite;Crescente;C�u Claro;Dupla;"Declive;Curva";Sim;2;0;1;1;0;0;2;2;-19,95960136;-44,0823826;SPRF-MG;DEL01-MG;UOP03-DEL01-MG;;;
734734;27/11/2025;quinta-feira;18:50:00;GO;40;12;LUZIANIA;Pedestre - Ingest�o de �lcool/ subst�ncias psicoativas;Atropelamento de Pedestre;Com V�timas Feridas;Plena Noite;Decrescente;Nublado;Dupla;Reta;Sim;2;0;0;1;1;0;1;2;-16,14620999;-47,9443565;SPRF-DF;DEL01-DF;UOP01-DEL01-DF;;;
734736;27/11/2025;quinta-feira;18:50:00;SC;101;95,9;BARRA VELHA;Aus�ncia de rea��o do condutor;Sa�da de leito carro��vel;Com V�timas Feridas;Plena Noite;Crescente;C�u Claro;Dupla;Reta;N�o;1;0;1;0;0;0;1;1;-26,722296;-48,70234;SPRF-SC;DEL03-SC;UOP02-DEL03-SC;;;
734737;27/11/2025;quinta-feira;18:00:00;GO;153;507;APARECIDA DE GOIANIA;Condutor deixou de manter dist�ncia do ve�culo da frente;Colis�o traseira;Com V�timas Feridas;Pleno dia;Decrescente;C�u Claro;Dupla;Reta;Sim;2;0;0;1;0;1;1;2;-16,76440833;-49,23966117;SPRF-GO;DEL01-GO;UOP03-DEL01-GO;;;
734738;27/11/2025;quinta-feira;19:00:00;PE;423;98;GARANHUNS;Animais na Pista;Atropelamento de Animal;Com V�timas Feridas;Plena Noite;Decrescente;C�u Claro;Simples;Reta;Sim;2;0;2;0;0;0;2;1;-8,877132;-36,50834;SPRF-PE;DEL03-PE;UOP01-DEL03-PE;;;
734739;27/11/2025;quinta-feira;16:30:00;MG;40;463;SETE LAGOAS;Transtornos Mentais (exceto suicidio);Queda de ocupante de ve�culo;Com V�timas Feridas;Pleno dia;Crescente;Nublado;Dupla;"Declive;Reta";N�o;1;0;1;0;0;0;1;1;-19,42445082;-44,33819041;SPRF-MG;DEL02-MG;UOP01-DEL02-MG;;;
734740;27/11/2025;quinta-feira;18:30:00;PB;230;501;CAJAZEIRAS;Aus�ncia de rea��o do condutor;Colis�o traseira;Com V�timas Feridas;Plena Noite;Decrescente;C�u Claro;Simples;Reta;Sim;3;0;1;0;1;1;1;2;-6,899328;-38,548908;SPRF-PB;DEL03-PB;UOP03-DEL03-PB;;;
734741;27/11/2025;quinta-feira;18:15:00;MG;116;416,3;GOVERNADOR VALADARES;Aus�ncia de rea��o do condutor;Tombamento;Com V�timas Feridas;Plena Noite;Decrescente;C�u Claro;Simples;Reta;Sim;1;0;0;1;0;0;1;1;-18,89985586;-41,94572065;SPRF-MG;DEL06-MG;UOP01-DEL06-MG;;;
734742;27/11/2025;quinta-feira;19:15:00;RN;304;34;MOSSORO;Ultrapassagem Indevida;Colis�o lateral mesmo sentido;Com V�timas Feridas;Plena Noite;Crescente;C�u Claro;Simples;"Viaduto;Interse��o de Vias";Sim;2;0;1;0;1;0;1;2;-5,15605846;-37,34964162;SPRF-RN;DEL04-RN;UOP02-DEL04-RN;;;
734743;27/11/2025;quinta-feira;18:33:00;PR;277;728,8;FOZ DO IGUACU;Pista Escorregadia;Tombamento;Com V�timas Feridas;Pleno dia;Crescente;C�u Claro;Dupla;"Declive;Viaduto";Sim;1;0;1;0;0;0;1;1;-25,50956278;-54,57221389;SPRF-PR;DEL05-PR;UOP03-DEL05-PR;;;
734744;27/11/2025;quinta-feira;18:35:00;PR;277;727;FOZ DO IGUACU;Pista Escorregadia;Tombamento;Com V�timas Feridas;Anoitecer;Crescente;C�u Claro;Simples;"Declive;Retorno Regulamentado";Sim;1;0;1;0;0;0;1;1;-25,50957882;-54,57205145;SPRF-PR;DEL05-PR;UOP03-DEL05-PR;;;
734745;27/11/2025;quinta-feira;18:00:00;SC;101;145,4;ITAPEMA;Rea��o tardia ou ineficiente do condutor;Colis�o traseira;Com V�timas Feridas;Pleno dia;Decrescente;Nublado;Dupla;"Aclive;Reta";Sim;2;0;1;0;1;0;1;2;-27,083942;-48,604867;SPRF-SC;DEL04-SC;UOP03-DEL04-SC;;;
734746;27/11/2025;quinta-feira;16:50:00;MG;262;36,6;MANHUACU;Aus�ncia de rea��o do condutor;Colis�o frontal;Sem V�timas;Anoitecer;Crescente;Nublado;Simples;"Reta;Aclive";Sim;2;0;0;0;2;0;0;2;-20,26803;-42,038248;SPRF-MG;DEL06-MG;UOP03-DEL06-MG;;;
734748;27/11/2025;quinta-feira;19:25:00;SP;116;214;GUARULHOS;Demais falhas mec�nicas ou el�tricas;Inc�ndio;Sem V�timas;Plena Noite;Crescente;Ignorado;M�ltipla;Reta;Sim;1;0;0;0;1;0;0;1;-23,44623173;-46,45355606;SPRF-SP;DEL01-SP;UOP01-DEL01-SP;;;
734749;27/11/2025;quinta-feira;18:15:00;PR;277;725;FOZ DO IGUACU;Acumulo de �leo sobre o pavimento;Tombamento;Com V�timas Feridas;Pleno dia;Crescente;C�u Claro;Dupla;Rotat�ria;Sim;1;0;1;0;0;0;1;1;-25,51017281;-54,55892086;SPRF-PR;DEL05-PR;UOP03-DEL05-PR;;;
734751;27/11/2025;quinta-feira;19:15:00;PI;343;346,3;TERESINA;Aus�ncia de rea��o do condutor;Colis�o traseira;Com V�timas Feridas;Plena Noite;Decrescente;C�u Claro;Simples;"Declive;Reta";Sim;2;0;1;0;0;1;1;2;-5,11262674;-42,77374506;SPRF-PI;DEL01-PI;UOP01-DEL01-PI;;;
734753;27/11/2025;quinta-feira;18:10:00;GO;50;280;CATALAO;Desrespeitar a prefer�ncia no cruzamento;Colis�o transversal;Com V�timas Feridas;Plena Noite;Decrescente;C�u Claro;Simples;"Interse��o de Vias;Viaduto";Sim;2;0;2;0;0;0;2;2;-18,180474;-47,938895;SPRF-GO;DEL06-GO;UOP01-DEL06-GO;;;
734755;20/11/2025;quinta-feira;07:00:00;RJ;101;537,9;PARATY;Velocidade Incompat�vel;Colis�o frontal;Com V�timas Feridas;Pleno dia;Crescente;C�u Claro;Simples;"Curva;Declive";Sim;17;0;15;1;0;1;16;3;-23,04801209;-44,57792091;SPRF-RJ;DEL03-RJ;UOP04-DEL03-RJ;;;
734757;27/11/2025;quinta-feira;19:45:00;RJ;116;82;TERESOPOLIS;Pedestre cruzava a pista fora da faixa;Atropelamento de Pedestre;Com V�timas Feridas;Plena Noite;Crescente;Nublado;Simples;Reta;Sim;2;0;1;0;0;1;1;2;-22,399332;-42,954034;SPRF-RJ;DEL04-RJ;UOP01-DEL04-RJ;;;
734758;27/11/2025;quinta-feira;18:20:00;MT;70;266;PRIMAVERA DO LESTE;Condutor deixou de manter dist�ncia do ve�culo da frente;Sa�da de leito carro��vel;Com V�timas Feridas;Plena Noite;Crescente;Chuva;Simples;Reta;N�o;2;0;0;1;0;1;1;2;-15,562208;-54,191842;SPRF-MT;DEL05-MT;UOP01-DEL05-MT;;;
734759;27/11/2025;quinta-feira;20:40:00;RS;470;220;BENTO GONCALVES;Pista Escorregadia;Colis�o traseira;Com V�timas Feridas;Plena Noite;Crescente;C�u Claro;Simples;Curva;N�o;2;0;0;1;1;0;1;2;-29,15335549;-51,52965395;SPRF-RS;DEL06-RS;UOP01-DEL06-RS;;;
734761;23/11/2025;domingo;11:40:00;RJ;101;0;NITEROI;Manobra de mudan�a de faixa;Colis�o com objeto;Sem V�timas;Pleno dia;Crescente;C�u Claro;Simples;"Reta;Aclive";Sim;4;0;0;0;4;0;0;1;-22,87808405;-43,11406967;SPRF-RJ;DEL02-RJ;UOP01-DEL02-RJ;;;
734762;27/11/2025;quinta-feira;20:56:00;SP;116;285;ITAPECERICA DA SERRA;Pedestre andava na pista;Atropelamento de Pedestre;Com V�timas Fatais;Plena Noite;Crescente;C�u Claro;Dupla;Reta;Sim;2;1;0;0;1;0;0;2;-23,68385335;-46,85778124;SPRF-SP;DEL04-SP;UOP01-DEL04-SP;;;
734763;27/11/2025;quinta-feira;19:20:00;PI;316;17;TERESINA;Animais na Pista;Atropelamento de Animal;Com V�timas Feridas;Plena Noite;Decrescente;C�u Claro;Dupla;Reta;N�o;4;0;2;0;2;0;2;1;-5,24570991;-42,73375422;SPRF-PI;DEL01-PI;UOP02-DEL01-PI;;;
734766;27/11/2025;quinta-feira;20:50:00;SC;101;251,7;PAULO LOPES;Rea��o tardia ou ineficiente do condutor;Tombamento;Com V�timas Feridas;Plena Noite;Decrescente;C�u Claro;Dupla;Reta;N�o;3;0;0;2;1;0;2;2;-27,955193;-48,67584;SPRF-SC;DEL02-SC;UOP03-DEL02-SC;;;
734767;30/10/2025;quinta-feira;07:55:00;BA;101;504;ITABUNA;Acessar a via sem observar a presen�a dos outros ve�culos;Queda de ocupante de ve�culo;Com V�timas Feridas;Pleno dia;Decrescente;Ignorado;Simples;Reta;N�o;1;0;1;0;0;0;1;1;-14,78064773;-39,29001579;SPRF-BA;DEL05-BA;UOP01-DEL05-BA;;;
734768;27/11/2025;quinta-feira;19:00:00;RJ;116;146;DUQUE DE CAXIAS;Rea��o tardia ou ineficiente do condutor;Colis�o traseira;Sem V�timas;Plena Noite;Decrescente;C�u Claro;Dupla;Reta;Sim;2;0;0;0;1;1;0;2;-22,671422;-43,27778;SPRF-RJ;DEL01-RJ;UOP02-DEL01-RJ;;;
734770;27/11/2025;quinta-feira;19:50:00;PA;155;315;MARABA;Animais na Pista;Atropelamento de Animal;Com V�timas Feridas;Plena Noite;Decrescente;Nublado;Simples;Reta;N�o;1;0;0;1;0;0;1;1;-5,61771;-49,09191;SPRF-PA;DEL03-PA;UOP01-DEL03-PA;;;
734771;27/11/2025;quinta-feira;21:30:00;PR;376;178;MARINGA;Rea��o tardia ou ineficiente do condutor;Colis�o com objeto;Com V�timas Feridas;Plena Noite;Decrescente;C�u Claro;Dupla;Reta;Sim;1;0;0;1;0;0;1;1;-23,41562;-51,92266;SPRF-PR;DEL09-PR;UOP01-DEL09-PR;;;
734772;27/11/2025;quinta-feira;21:50:00;RS;116;221;DOIS IRMAOS;Acessar a via sem observar a presen�a dos outros ve�culos;Colis�o transversal;Com V�timas Feridas;Plena Noite;Crescente;C�u Claro;Dupla;Reta;Sim;3;0;2;0;1;0;2;2;-29,57812189;-51,09566443;SPRF-RS;DEL01-RS;UOP02-DEL01-RS;;;
734773;27/11/2025;quinta-feira;21:10:00;PR;376;599;CURITIBA;Aus�ncia de rea��o do condutor;Queda de ocupante de ve�culo;Com V�timas Feridas;Plena Noite;Crescente;C�u Claro;Dupla;Reta;Sim;2;0;0;1;1;0;1;2;-25,48898194;-49,34577439;SPRF-PR;DEL01-PR;UOP03-DEL01-PR;;;
734779;27/11/2025;quinta-feira;19:08:00;PR;277;595;CASCAVEL;Condutor deixou de manter dist�ncia do ve�culo da frente;Colis�o traseira;Com V�timas Feridas;Plena Noite;Decrescente;Nublado;Simples;Reta;Sim;2;0;0;1;1;0;1;2;-24,98124013;-53,48052849;SPRF-PR;DEL04-PR;UOP01-DEL04-PR;;;
734780;27/11/2025;quinta-feira;21:02:00;RJ;101;387;RIO DE JANEIRO;Rea��o tardia ou ineficiente do condutor;Capotamento;Com V�timas Feridas;Plena Noite;Decrescente;Nublado;Dupla;Reta;N�o;1;0;1;0;0;0;1;1;-22,887911;-43,655956;SPRF-RJ;DEL03-RJ;UOP01-DEL03-RJ;;;
734781;27/11/2025;quinta-feira;20:15:00;SC;158;118,9;CAIBI;Ingest�o de �lcool pelo condutor;Colis�o lateral sentido oposto;Com V�timas Feridas;Plena Noite;Crescente;C�u Claro;Simples;Reta;N�o;1;0;1;0;0;0;1;1;-26,959829;-53,205418;SPRF-SC;DEL07-SC;UOP02-DEL07-SC;;;
734782;27/11/2025;quinta-feira;21:10:00;SC;280;55,5;GUARAMIRIM;Ingest�o de �lcool pelo condutor;Colis�o traseira;Com V�timas Feridas;Plena Noite;Crescente;C�u Claro;Dupla;"Reta;Interse��o de Vias";N�o;3;0;1;0;2;0;1;2;-26,47735764;-48,99753062;SPRF-SC;DEL03-SC;UOP03-DEL03-SC;;;
734783;27/11/2025;quinta-feira;19:00:00;MS;158;3,7;CASSILANDIA;Acessar a via sem observar a presen�a dos outros ve�culos;Colis�o transversal;Com V�timas Feridas;Anoitecer;Decrescente;C�u Claro;Simples;Reta;Sim;2;0;1;0;1;0;1;2;-19,12089095;-51,72459466;SPRF-MS;DEL08-MS;UOP01-DEL08-MS;;;
734784;27/11/2025;quinta-feira;22:10:00;MG;381;448,8;BELO HORIZONTE;Convers�o proibida;Colis�o lateral mesmo sentido;Com V�timas Feridas;Plena Noite;Decrescente;C�u Claro;Simples;Reta;Sim;3;0;1;0;1;1;1;3;-19,84281472;-43,88560908;SPRF-MG;DEL01-MG;UOP01-DEL01-MG;;;
734786;27/11/2025;quinta-feira;19:00:00;MG;116;543,6;SANTA RITA DE MINAS;Animais na Pista;Atropelamento de Animal;Sem V�timas;Plena Noite;Crescente;C�u Claro;Simples;Curva;N�o;6;0;0;0;5;1;0;2;-19,90997126;-42,13545442;SPRF-MG;DEL06-MG;UOP02-DEL06-MG;;;
734787;27/11/2025;quinta-feira;21:21:00;PE;428;188;PETROLINA;Condutor desrespeitou a ilumina��o vermelha do sem�foro;Colis�o transversal;Com V�timas Feridas;Plena Noite;Crescente;C�u Claro;Simples;Interse��o de Vias;Sim;2;0;1;0;1;0;1;2;-9,375617;-40,4924;SPRF-PE;DEL06-PE;UOP01-DEL06-PE;;;
734788;27/11/2025;quinta-feira;22:35:00;PB;230;13;CABEDELO;Velocidade Incompat�vel;Queda de ocupante de ve�culo;Com V�timas Feridas;Plena Noite;Decrescente;C�u Claro;Dupla;"Reta;Em Obras";Sim;2;0;1;0;0;1;1;1;-7,078862;-34,848991;SPRF-PB;DEL01-PB;UOP01-DEL01-PB;;;
734789;27/11/2025;quinta-feira;21:30:00;GO;70;6,5;AGUAS LINDAS DE GOIAS;Pedestre cruzava a pista fora da faixa;Atropelamento de Pedestre;Com V�timas Fatais;Plena Noite;Decrescente;Chuva;Dupla;Reta;Sim;2;1;1;0;0;0;1;2;-15,74073816;-48,27089522;SPRF-DF;DEL03-DF;UOP02-DEL03-DF;;;