id;data_inversa;dia_semana;horario;uf;br;km;municipio;causa_acidente;tipo_acidente;classificacao_acidente;fase_dia;sentido_via;condicao_metereologica;tipo_pista;tracado_via;uso_solo;pessoas;mortos;feridos_leves;feridos_graves;ilesos;ignorados;feridos;veiculos;latitude;longitude;regional;delegacia;uop;;;
735013;28/11/2025;sexta-feira;20:20:00;SC;101;119,1;ITAJAI;Trafegar com motocicleta (ou similar) entre as faixas;Colis�o lateral mesmo sentido;Com V�timas Feridas;Plena Noite;Decrescente;Nublado;M�ltipla;Reta;N�o;2;0;1;0;1;0;1;2;-26,90217072;-48,71681213;SPRF-SC;DEL04-SC;UOP04-DEL04-SC;;;
735014;28/11/2025;sexta-feira;18:20:00;MG;116;701,7;MURIAE;Acesso irregular;Colis�o transversal;Com V�timas Feridas;Anoitecer;Decrescente;Garoa/Chuvisco;Simples;Reta;Sim;2;0;1;0;1;0;1;2;-21,12005784;-42,38002041;SPRF-MG;DEL07-MG;UOP02-DEL07-MG;;;
735015;28/11/2025;sexta-feira;19:30:00;PI;343;444;AGUA BRANCA;Acesso irregular;Colis�o lateral mesmo sentido;Com V�timas Feridas;Plena Noite;Decrescente;C�u Claro;Simples;Reta;Sim;2;0;0;1;1;0;1;2;-5,893187;-42,646497;SPRF-PI;DEL01-PI;UOP02-DEL01-PI;;;
735018;28/11/2025;sexta-feira;20:30:00;DF;70;7;BRASILIA;Pedestre cruzava a pista fora da faixa;Atropelamento de Pedestre;Com V�timas Feridas;Plena Noite;Decrescente;C�u Claro;Dupla;Reta;Sim;2;0;1;0;1;0;1;2;-15,786165;-48,118653;SPRF-DF;DEL03-DF;UOP02-DEL03-DF;;;
735019;28/11/2025;sexta-feira;20:00:00;CE;116;25;ITAITINGA;Rea��o tardia ou ineficiente do condutor;Colis�o traseira;Sem V�timas;Plena Noite;Crescente;C�u Claro;Dupla;"Reta;Declive";N�o;2;0;0;0;2;0;0;2;-4,00194528;-38,51737976;SPRF-CE;DEL01-CE;UOP02-DEL01-CE;;;
735021;28/11/2025;sexta-feira;20:00:00;MT;70;731;CACERES;Acessar a via sem observar a presen�a dos outros ve�culos;Colis�o transversal;Com V�timas Feridas;Plena Noite;Decrescente;C�u Claro;Simples;"Reta;Interse��o de Vias";Sim;3;0;2;0;1;0;2;2;-16,104195;-57,677087;SPRF-MT;DEL03-MT;UOP01-DEL03-MT;;;
735023;28/11/2025;sexta-feira;21:30:00;PE;101;183,9;PALMARES;Aus�ncia de rea��o do condutor;Queda de ocupante de ve�culo;Com V�timas Feridas;Plena Noite;Decrescente;C�u Claro;Dupla;Reta;Sim;1;0;1;0;0;0;1;1;-8,665853;-35,572649;SPRF-PE;DEL01-PE;UOP03-DEL01-PE;;;
735024;28/11/2025;sexta-feira;19:30:00;RS;158;316;ITAARA;Aus�ncia de rea��o do condutor;Sa�da de leito carro��vel;Com V�timas Feridas;Plena Noite;Decrescente;C�u Claro;Simples;"Aclive;Curva;Em Obras";N�o;1;0;1;0;0;0;1;1;-29,656036;-53,773751;SPRF-RS;DEL09-RS;UOP01-DEL09-RS;;;
735026;28/11/2025;sexta-feira;20:18:00;CE;116;25;ITAITINGA;Rea��o tardia ou ineficiente do condutor;Colis�o traseira;Com V�timas Feridas;Plena Noite;Crescente;C�u Claro;Dupla;"Reta;Declive";N�o;5;0;3;0;2;0;3;2;-3,966943;-38,515181;SPRF-CE;DEL01-CE;UOP02-DEL01-CE;;;
735027;28/11/2025;sexta-feira;21:30:00;RS;116;247;SAO LEOPOLDO;Manobra de mudan�a de faixa;Colis�o transversal;Com V�timas Feridas;Plena Noite;Decrescente;C�u Claro;Dupla;Curva;Sim;4;0;1;0;3;0;1;2;-29,76432149;-51,15357757;SPRF-RS;DEL01-RS;UOP02-DEL01-RS;;;
735029;28/11/2025;sexta-feira;21:50:00;RS;290;97;PORTO ALEGRE;Acessar a via sem observar a presen�a dos outros ve�culos;Colis�o traseira;Com V�timas Feridas;Plena Noite;Crescente;C�u Claro;Dupla;Reta;N�o;3;0;2;0;1;0;2;2;-29,99482915;-51,21644255;SPRF-RS;DEL01-RS;UOP01-DEL01-RS;;;
735030;28/11/2025;sexta-feira;21:35:00;PB;101;1;MATARACA;Rea��o tardia ou ineficiente do condutor;Sa�da de leito carro��vel;Com V�timas Feridas;Plena Noite;Decrescente;C�u Claro;Dupla;Retorno Regulamentado;N�o;2;0;1;0;1;0;1;1;-6,51621822;-35,11151701;SPRF-PB;DEL01-PB;UOP03-DEL01-PB;;;
735031;28/11/2025;sexta-feira;21:20:00;RS;386;245,3;SOLEDADE;Acessar a via sem observar a presen�a dos outros ve�culos;Colis�o transversal;Com V�timas Feridas;Plena Noite;Crescente;Nublado;Simples;"Retorno Regulamentado;Curva";N�o;6;0;1;3;2;0;4;2;-28,80346314;-52,50804869;SPRF-RS;DEL04-RS;UOP03-DEL04-RS;;;
735032;28/11/2025;sexta-feira;21:28:00;MG;116;411,9;GOVERNADOR VALADARES;Convers�o proibida;Colis�o lateral mesmo sentido;Com V�timas Feridas;Plena Noite;Crescente;C�u Claro;Simples;"Reta;Viaduto";Sim;2;0;0;1;1;0;1;2;-18,8734696;-41,9669472;SPRF-MG;DEL06-MG;UOP01-DEL06-MG;;;
735033;28/11/2025;sexta-feira;20:50:00;PE;232;417;SERRA TALHADA;Transitar no Acostamento;Colis�o traseira;Com V�timas Feridas;Plena Noite;Decrescente;C�u Claro;Simples;Reta;N�o;2;0;1;0;1;0;1;2;-8,00052007;-38,36409187;SPRF-PE;DEL04-PE;UOP01-DEL04-PE;;;
735035;28/11/2025;sexta-feira;18:50:00;SC;470;3,8;NAVEGANTES;Acessar a via sem observar a presen�a dos outros ve�culos;Colis�o transversal;Com V�timas Feridas;Plena Noite;Decrescente;Nublado;Simples;Interse��o de Vias;Sim;2;0;1;0;1;0;1;2;-26,85891091;-48,6896774;SPRF-SC;DEL04-SC;UOP04-DEL04-SC;;;
735036;28/11/2025;sexta-feira;20:45:00;PB;230;505,7;CAJAZEIRAS;Transitar no Acostamento;Colis�o lateral sentido oposto;Com V�timas Feridas;Plena Noite;Decrescente;C�u Claro;Simples;Reta;N�o;2;0;1;0;1;0;1;2;-6,900566;-38,569535;SPRF-PB;DEL03-PB;UOP03-DEL03-PB;;;
735037;28/11/2025;sexta-feira;15:48:00;RO;364;308;PRESIDENTE MEDICI;Acessar a via sem observar a presen�a dos outros ve�culos;Colis�o lateral mesmo sentido;Com V�timas Feridas;Pleno dia;Crescente;C�u Claro;Simples;Reta;Sim;3;0;1;0;1;1;1;3;-11,171633;-61,901643;SPRF-RO;DEL02-RO;UOP01-DEL02-RO;;;
735040;28/11/2025;sexta-feira;21:30:00;MG;267;58,9;GUARARA;Chuva;Sa�da de leito carro��vel;Com V�timas Feridas;Plena Noite;Decrescente;Chuva;Simples;"Curva;Declive";N�o;3;0;1;0;2;0;1;1;-21,72868281;-43,05660948;SPRF-MG;DEL07-MG;UOP01-DEL07-MG;;;
735041;28/11/2025;sexta-feira;20:35:00;MG;381;851,5;POUSO ALEGRE;Velocidade Incompat�vel;Colis�o com objeto;Sem V�timas;Plena Noite;Decrescente;C�u Claro;Dupla;Reta;Sim;1;0;0;0;1;0;0;1;-22,25353069;-45,88777685;SPRF-MG;DEL16-MG;UOP01-DEL16-MG;;;
735042;28/11/2025;sexta-feira;18:10:00;SC;101;446,9;SANTA ROSA DO SUL;Mal s�bito do condutor;Colis�o com objeto;Com V�timas Feridas;Pleno dia;Crescente;C�u Claro;Dupla;Reta;N�o;1;0;0;1;0;0;1;1;-29,15729068;-49,73301379;SPRF-SC;DEL02-SC;UOP02-DEL02-SC;;;
735043;28/11/2025;sexta-feira;22:00:00;PR;277;724,3;FOZ DO IGUACU;Pedestre - Ingest�o de �lcool/ subst�ncias psicoativas;Atropelamento de Pedestre;Com V�timas Feridas;Plena Noite;Decrescente;C�u Claro;Dupla;Reta;Sim;2;0;2;0;0;0;2;2;-25,50222823;-54,53746506;SPRF-PR;DEL05-PR;UOP03-DEL05-PR;;;
735044;28/11/2025;sexta-feira;18:30:00;PA;10;262;AURORA DO PARA;Aus�ncia de rea��o do condutor;Colis�o transversal;Com V�timas Feridas;Anoitecer;Crescente;C�u Claro;Simples;"Declive;Interse��o de Vias";N�o;2;0;0;1;1;0;1;2;-2,142362;-47,560843;SPRF-PA;DEL02-PA;UOP01-DEL02-PA;;;
735046;28/11/2025;sexta-feira;22:00:00;RJ;101;50;CAMPOS DOS GOYTACAZES;Rea��o tardia ou ineficiente do condutor;Colis�o traseira;Com V�timas Feridas;Plena Noite;Crescente;Nublado;Simples;Reta;N�o;2;0;1;0;0;1;1;2;-21,6413396;-41,31193511;SPRF-RJ;DEL08-RJ;UOP01-DEL08-RJ;;;
735047;28/11/2025;sexta-feira;22:45:00;SC;101;205;SAO JOSE;Acesso irregular;Colis�o traseira;Com V�timas Feridas;Plena Noite;Decrescente;C�u Claro;M�ltipla;Reta;Sim;6;0;3;0;3;0;3;2;-27,588474;-48,616837;SPRF-SC;DEL01-SC;UOP01-DEL01-SC;;;
735049;29/11/2025;s�bado;00:05:00;SC;101;152;ITAPEMA;Acessar a via sem observar a presen�a dos outros ve�culos;Tombamento;Com V�timas Feridas;Plena Noite;Crescente;C�u Claro;Dupla;"Interse��o de Vias;Reta";Sim;2;0;2;0;0;0;2;1;-27,0659579;-48,5955661;SPRF-SC;DEL04-SC;UOP03-DEL04-SC;;;
735054;28/11/2025;sexta-feira;23:57:00;PI;343;3,4;TERESINA;Aus�ncia de rea��o do condutor;Engavetamento;Com V�timas Feridas;Plena Noite;Crescente;C�u Claro;M�ltipla;Reta;N�o;3;0;1;0;2;0;1;3;-5,08081;-42,77984;SPRF-PI;DEL01-PI;UOP01-DEL01-PI;;;
735055;28/11/2025;sexta-feira;23:30:00;RJ;101;411;ITAGUAI;Rea��o tardia ou ineficiente do condutor;Colis�o transversal;Com V�timas Feridas;Plena Noite;Decrescente;Nublado;Dupla;Reta;Sim;2;0;0;1;1;0;1;2;-22,89755473;-43,85655284;SPRF-RJ;DEL03-RJ;UOP01-DEL03-RJ;;;
735056;29/11/2025;s�bado;01:15:00;ES;101;266;SERRA;Condutor Dormindo;Colis�o com objeto;Com V�timas Feridas;Plena Noite;Crescente;C�u Claro;Dupla;Reta;N�o;1;0;1;0;0;0;1;1;-20,195;-40,269;SPRF-ES;DEL02-ES;UOP01-DEL02-ES;;;
735057;28/11/2025;sexta-feira;22:05:00;SC;282;491,5;FAXINAL DOS GUEDES;Condutor deixou de manter dist�ncia do ve�culo da frente;Colis�o traseira;Com V�timas Feridas;Plena Noite;Decrescente;C�u Claro;Simples;Reta;N�o;2;0;2;0;0;0;2;2;-26,87422943;-52,2868615;SPRF-SC;DEL07-SC;UOP01-DEL07-SC;;;
735058;28/11/2025;sexta-feira;22:46:00;TO;153;136;ARAGUAINA;Entrada inopinada do pedestre;Atropelamento de Pedestre;Com V�timas Feridas;Plena Noite;Crescente;C�u Claro;Simples;Reta;Sim;2;0;1;0;1;0;1;2;-7,156092;-48,204475;SPRF-TO;DEL02-TO;UOP01-DEL02-TO;;;
735059;28/11/2025;sexta-feira;23:53:00;GO;60;341;SANTO ANTONIO DA BARRA;Aus�ncia de rea��o do condutor;Sa�da de leito carro��vel;Com V�timas Feridas;Pleno dia;Decrescente;C�u Claro;Dupla;Reta;Sim;1;0;1;0;0;0;1;1;-17,563142;-50,6403;SPRF-GO;DEL04-GO;UOP02-DEL04-GO;;;
735060;28/11/2025;sexta-feira;23:30:00;MG;116;583,4;MANHUACU;Acumulo de �gua sobre o pavimento;Colis�o frontal;Com V�timas Feridas;Plena Noite;Decrescente;Chuva;Simples;Curva;N�o;3;0;2;0;1;0;2;2;-20,223804;-42,178543;SPRF-MG;DEL06-MG;UOP03-DEL06-MG;;;
735061;29/11/2025;s�bado;02:01:00;ES;101;65,5;SAO MATEUS;Aus�ncia de rea��o do condutor;Colis�o traseira;Com V�timas Feridas;Plena Noite;Decrescente;C�u Claro;Dupla;Retorno Regulamentado;Sim;3;0;1;0;2;0;1;2;-18,7172594;-39,8738189;SPRF-ES;DEL04-ES;UOP02-DEL04-ES;;;
735062;29/11/2025;s�bado;00:03:00;RO;364;239,5;CACOAL;Aus�ncia de rea��o do condutor;Sa�da de leito carro��vel;Com V�timas Feridas;Pleno dia;Crescente;Ignorado;Simples;"Declive;Curva";Sim;2;0;0;1;0;1;1;2;-11,433273;-61,467338;SPRF-RO;DEL02-RO;UOP02-DEL02-RO;;;
735063;29/11/2025;s�bado;02:20:00;RS;116;261;CANOAS;Condutor desrespeitou a ilumina��o vermelha do sem�foro;Colis�o transversal;Sem V�timas;Plena Noite;Decrescente;C�u Claro;Dupla;Reta;Sim;2;0;0;0;2;0;0;2;-29,87807159;-51,18010461;SPRF-RS;DEL01-RS;UOP01-DEL01-RS;;;
735071;29/11/2025;s�bado;03:10:00;SP;381;49;ATIBAIA;Aus�ncia de rea��o do condutor;Tombamento;Com V�timas Feridas;Plena Noite;Crescente;C�u Claro;Dupla;Reta;Sim;2;0;0;2;0;0;2;1;-23,204645;-46,590408;SPRF-SP;DEL03-SP;UOP01-DEL03-SP;;;
735073;29/11/2025;s�bado;02:00:00;GO;364;58;CACHOEIRA ALTA;Rea��o tardia ou ineficiente do condutor;Colis�o com objeto;Com V�timas Feridas;Plena Noite;Decrescente;C�u Claro;Dupla;Reta;N�o;1;0;0;1;0;0;1;1;-18,745125;-50,939922;SPRF-GO;DEL05-GO;UOP02-DEL05-GO;;;
735074;29/11/2025;s�bado;03:00:00;PR;376;182,1;MARINGA;Aus�ncia de rea��o do condutor;Sa�da de leito carro��vel;Com V�timas Fatais;Plena Noite;Crescente;C�u Claro;Dupla;Rotat�ria;Sim;1;1;0;0;0;0;0;1;-23,432336;-51,88747;SPRF-PR;DEL09-PR;UOP01-DEL09-PR;;;
735075;29/11/2025;s�bado;02:30:00;RN;226;73;SERRA CAIADA;Demais falhas mec�nicas ou el�tricas;Inc�ndio;Sem V�timas;Plena Noite;Decrescente;C�u Claro;Simples;Reta;N�o;1;0;0;0;1;0;0;1;-6,139865;-35,730392;SPRF-RN;DEL01-RN;UOP02-DEL01-RN;;;
735076;29/11/2025;s�bado;03:20:00;RJ;0;0;SAO GONCALO;Aus�ncia de rea��o do condutor;Colis�o traseira;Sem V�timas;Plena Noite;N�o Informado;C�u Claro;Simples;Curva;N�o;2;0;0;0;2;0;0;2;-22,80699886;-43,06221128;SPRF-RJ;DEL02-RJ;UOP02-DEL02-RJ;;;
735078;29/11/2025;s�bado;04:20:00;MG;50;47,9;ARAGUARI;Velocidade Incompat�vel;Sa�da de leito carro��vel;Sem V�timas;Plena Noite;Crescente;C�u Claro;Dupla;"Declive;Curva";N�o;1;0;0;0;0;1;0;1;-18,731176;-48,21338;SPRF-MG;DEL15-MG;UOP02-DEL15-MG;;;
735079;29/11/2025;s�bado;04:40:00;SP;381;42;ATIBAIA;Condutor Dormindo;Sa�da de leito carro��vel;Com V�timas Feridas;Amanhecer;Crescente;Nublado;Dupla;Reta;Sim;2;0;2;0;0;0;2;1;-23,1487258;-46,57482147;SPRF-SP;DEL03-SP;UOP01-DEL03-SP;;;
735080;29/11/2025;s�bado;04:40:00;CE;116;17,4;EUSEBIO;Animais na Pista;Atropelamento de Animal;Com V�timas Feridas;Amanhecer;Crescente;C�u Claro;Dupla;Reta;Sim;1;0;1;0;0;0;1;1;-3,901383;-38,504375;SPRF-CE;DEL01-CE;UOP02-DEL01-CE;;;
735081;29/11/2025;s�bado;03:35:00;PR;277;424,3;CANTAGALO;Aus�ncia de rea��o do condutor;Colis�o traseira;Sem V�timas;Plena Noite;Decrescente;Ignorado;Simples;Curva;N�o;2;0;0;0;0;2;0;2;-25,386658;-52,113957;SPRF-PR;DEL04-PR;UOP02-DEL04-PR;;;
735082;29/11/2025;s�bado;03:50:00;SC;101;197,1;BIGUACU;Pedestre cruzava a pista fora da faixa;Atropelamento de Pedestre;Com V�timas Fatais;Plena Noite;Decrescente;C�u Claro;M�ltipla;"Reta;Declive";Sim;2;1;0;0;0;1;0;2;-27,51826263;-48,63823414;SPRF-SC;DEL01-SC;UOP01-DEL01-SC;;;
735083;29/11/2025;s�bado;02:25:00;MS;163;714,7;RIO VERDE DE MATO GROSSO;Ingest�o de �lcool pelo condutor;Sa�da de leito carro��vel;Sem V�timas;Plena Noite;Decrescente;C�u Claro;Simples;"Reta;Declive";N�o;1;0;0;0;1;0;0;1;-18,63424;-54,77476;SPRF-MS;DEL06-MS;UOP01-DEL06-MS;;;
735084;29/11/2025;s�bado;01:30:00;SC;101;57;ARAQUARI;Afundamento ou ondula��o no pavimento;Tombamento;Com V�timas Feridas;Plena Noite;Decrescente;Nublado;Dupla;Reta;N�o;1;0;1;0;0;0;1;1;-26,43673204;-48,80976375;SPRF-SC;DEL03-SC;UOP01-DEL03-SC;;;
735085;29/11/2025;s�bado;03:30:00;SC;282;643;SAO MIGUEL DO OESTE;Ingest�o de �lcool pelo condutor;Colis�o lateral sentido oposto;Sem V�timas;Plena Noite;Decrescente;C�u Claro;Simples;Reta;N�o;2;0;0;0;2;0;0;2;-26,76569039;-53,49346675;SPRF-SC;DEL07-SC;UOP03-DEL07-SC;;;
735086;29/11/2025;s�bado;05:00:00;SP;116;393;MIRACATU;Manobra de mudan�a de faixa;Colis�o traseira;Com V�timas Feridas;Amanhecer;Decrescente;C�u Claro;Dupla;Reta;Sim;4;0;2;0;2;0;2;2;-24,28568238;-47,44237852;SPRF-SP;DEL04-SP;UOP02-DEL04-SP;;;
735087;29/11/2025;s�bado;04:18:00;MS;163;22;MUNDO NOVO;Velocidade Incompat�vel;Colis�o lateral sentido oposto;Sem V�timas;Amanhecer;Decrescente;C�u Claro;Simples;Reta;N�o;2;0;0;0;1;1;0;2;-23,911243;-54,295506;SPRF-MS;DEL09-MS;UOP02-DEL09-MS;;;
735089;29/11/2025;s�bado;05:30:00;SE;235;50,5;ITABAIANA;Acessar a via sem observar a presen�a dos outros ve�culos;Colis�o transversal;Com V�timas Feridas;Amanhecer;Decrescente;C�u Claro;Dupla;Reta;Sim;2;0;1;0;1;0;1;2;-10,70312443;-37,42898075;SPRF-SE;DEL01-SE;UOP02-DEL01-SE;;;
735090;29/11/2025;s�bado;05:40:00;TO;10;436;PALMAS;Aus�ncia de rea��o do condutor;Capotamento;Com V�timas Feridas;Amanhecer;Decrescente;C�u Claro;Dupla;Reta;Sim;1;0;1;0;0;0;1;1;-10,269773;-48,306622;SPRF-TO;DEL01-TO;UOP03-DEL01-TO;;;
735093;29/11/2025;s�bado;03:15:00;ES;262;159;IBATIBA;Transitar na contram�o;Colis�o frontal;Com V�timas Feridas;Plena Noite;Crescente;C�u Claro;Simples;Reta;Sim;2;0;0;1;0;1;1;2;-20,233393;-41,505175;SPRF-ES;DEL01-ES;UOP02-DEL01-ES;;;
735094;29/11/2025;s�bado;05:35:00;MG;381;639,4;SANTO ANTONIO DO AMPARO;Avarias e/ou desgaste excessivo no pneu;Colis�o com objeto;Com V�timas Feridas;Amanhecer;Crescente;Nublado;Dupla;Reta;N�o;2;0;1;0;1;0;1;1;-20,89111105;-44,85252142;SPRF-MG;DEL04-MG;UOP01-DEL04-MG;;;
735095;29/11/2025;s�bado;06:25:00;SC;101;214,2;PALHOCA;Aus�ncia de sinaliza��o;Colis�o traseira;Com V�timas Feridas;Pleno dia;Crescente;C�u Claro;M�ltipla;Reta;Sim;3;0;1;1;1;0;2;3;-27,65035619;-48,67002368;SPRF-SC;DEL01-SC;UOP02-DEL01-SC;;;
735096;28/11/2025;sexta-feira;20:40:00;RJ;493;18,8;MAGE;Acessar a via sem observar a presen�a dos outros ve�culos;Colis�o transversal;Com V�timas Feridas;Plena Noite;Crescente;Chuva;Simples;Reta;Sim;2;0;1;1;0;0;2;2;-22,6623488;-43,0833664;SPRF-RJ;DEL04-RJ;UOP02-DEL04-RJ;;;
735097;29/11/2025;s�bado;06:05:00;RS;116;250;SAO LEOPOLDO;Manobra de mudan�a de faixa;Colis�o traseira;Com V�timas Feridas;Pleno dia;Decrescente;C�u Claro;M�ltipla;Reta;Sim;3;0;1;0;2;0;1;2;-29,79079608;-51,16392016;SPRF-RS;DEL01-RS;UOP02-DEL01-RS;;;
735098;29/11/2025;s�bado;07:01:00;MG;381;504;BETIM;Aus�ncia de rea��o do condutor;Sa�da de leito carro��vel;Com V�timas Feridas;Pleno dia;Decrescente;C�u Claro;M�ltipla;Reta;Sim;2;0;2;0;0;0;2;1;-20,02933;-44,23479;SPRF-MG;DEL01-MG;UOP03-DEL01-MG;;;
735099;29/11/2025;s�bado;04:55:00;BA;420;342;JAGUAQUARA;Aus�ncia de rea��o do condutor;Sa�da de leito carro��vel;Com V�timas Feridas;Amanhecer;Crescente;C�u Claro;Dupla;Aclive;N�o;1;0;0;1;0;0;1;1;-13,52594;-39,978033;SPRF-BA;DEL03-BA;UOP01-DEL03-BA;;;
735100;29/11/2025;s�bado;01:30:00;SC;282;586,9;PINHALZINHO;Velocidade Incompat�vel;Sa�da de leito carro��vel;Com V�timas Feridas;Plena Noite;Crescente;C�u Claro;Simples;Curva;N�o;4;0;3;0;0;1;3;1;-26,82994645;-53,04559205;SPRF-SC;DEL07-SC;UOP02-DEL07-SC;;;
735101;29/11/2025;s�bado;05:35:00;RO;319;143;PORTO VELHO;Ingest�o de �lcool pelo condutor;Colis�o traseira;Sem V�timas;Amanhecer;Crescente;Nublado;Dupla;Interse��o de Vias;Sim;5;0;0;0;5;0;0;2;-8,76098782;-63,8856343;SPRF-RO;DEL01-RO;UOP01-DEL01-RO;;;
735102;29/11/2025;s�bado;06:20:00;MG;381;754,1;TRES CORACOES;Rea��o tardia ou ineficiente do condutor;Colis�o traseira;Com V�timas Feridas;Pleno dia;Crescente;Sol;Dupla;Reta;N�o;2;0;1;0;1;0;1;2;-21,66711016;-45,316329;SPRF-MG;DEL16-MG;UOP02-DEL16-MG;;;
735104;29/11/2025;s�bado;06:00:00;BA;407;6,7;JUAZEIRO;Transitar na contram�o;Colis�o frontal;Com V�timas Feridas;Amanhecer;Crescente;C�u Claro;Simples;Reta;N�o;2;0;1;0;0;1;1;2;-9,461805;-40,483793;SPRF-PE;DEL06-PE;UOP01-DEL06-PE;;;
735107;28/11/2025;sexta-feira;22:40:00;MG;262;55,8;MANHUACU;Acumulo de �gua sobre o pavimento;Sa�da de leito carro��vel;Com V�timas Feridas;Plena Noite;Decrescente;Chuva;Simples;Aclive;N�o;4;0;4;0;0;0;4;1;-20,264759;-42,180481;SPRF-MG;DEL06-MG;UOP03-DEL06-MG;;;
735108;29/11/2025;s�bado;04:48:00;PB;101;85;BAYEUX;Ingest�o de �lcool pelo condutor;Colis�o com objeto;Sem V�timas;Amanhecer;Decrescente;C�u Claro;Dupla;Reta;Sim;2;0;0;0;2;0;0;1;-7,14913629;-34,91193563;SPRF-PB;DEL01-PB;UOP01-DEL01-PB;;;
735110;28/11/2025;sexta-feira;19:20:00;BA;101;207;GOVERNADOR MANGABEIRA;Convers�o proibida;Colis�o traseira;Com V�timas Feridas;Plena Noite;Crescente;C�u Claro;Simples;"Reta;Aclive";N�o;2;0;1;0;1;0;1;2;-12,60038063;-39,0203476;SPRF-BA;DEL01-BA;UOP02-DEL01-BA;;;
735112;29/11/2025;s�bado;08:00:00;RN;101;103;PARNAMIRIM;Aus�ncia de rea��o do condutor;Colis�o lateral mesmo sentido;Com V�timas Feridas;Pleno dia;Crescente;C�u Claro;Simples;"Viaduto;Curva";Sim;2;0;1;0;1;0;1;2;-5,89191366;-35,25866437;SPRF-RN;DEL01-RN;UOP01-DEL01-RN;;;
735114;29/11/2025;s�bado;06:00:00;RJ;493;65;NOVA IGUACU;Aus�ncia de rea��o do condutor;Colis�o com objeto;Com V�timas Feridas;Pleno dia;Decrescente;C�u Claro;Dupla;Viaduto;Sim;1;0;1;0;0;0;1;1;-22,688998;-43,441192;SPRF-RJ;DEL01-RJ;UOP03-DEL01-RJ;;;
735116;29/11/2025;s�bado;08:21:00;CE;116;29,3;AQUIRAZ;Condutor deixou de manter dist�ncia do ve�culo da frente;Colis�o traseira;Com V�timas Feridas;Pleno dia;Crescente;C�u Claro;Dupla;Reta;Sim;2;0;0;1;1;0;1;2;-4,008161;-38,517703;SPRF-CE;DEL01-CE;UOP02-DEL01-CE;;;
735117;12/10/2025;domingo;14:49:00;BA;418;107;NOVA VICOSA;Rea��o tardia ou ineficiente do condutor;Queda de ocupante de ve�culo;Com V�timas Feridas;Pleno dia;Decrescente;C�u Claro;Simples;Reta;N�o;2;0;1;0;0;1;1;2;-17,89768949;-40,02020985;SPRF-BA;DEL09-BA;UOP02-DEL09-BA;;;
735119;29/11/2025;s�bado;08:20:00;SP;116;145;SAO JOSE DOS CAMPOS;Aus�ncia de rea��o do condutor;Colis�o traseira;Sem V�timas;Pleno dia;Decrescente;C�u Claro;M�ltipla;"Reta;Aclive";Sim;2;0;0;0;1;1;0;2;-23,18932;-45,85899;SPRF-SP;DEL02-SP;UOP01-DEL02-SP;;;
735120;29/11/2025;s�bado;07:45:00;MG;381;480;CONTAGEM;Aus�ncia de rea��o do condutor;Tombamento;Com V�timas Feridas;Pleno dia;Crescente;C�u Claro;Dupla;"Aclive;Reta";Sim;1;0;1;0;0;0;1;1;-19,96342871;-44,0481393;SPRF-MG;DEL01-MG;UOP03-DEL01-MG;;;
735121;29/11/2025;s�bado;08:10:00;SP;116;104,4;PINDAMONHANGABA;Trafegar com motocicleta (ou similar) entre as faixas;Colis�o traseira;Com V�timas Feridas;Pleno dia;Decrescente;C�u Claro;Dupla;"Reta;Declive";N�o;2;0;1;0;1;0;1;2;-22,9933209;-45,48608065;SPRF-SP;DEL02-SP;UOP02-DEL02-SP;;;
735124;29/11/2025;s�bado;07:46:00;RJ;116;184;NOVA IGUACU;Manobra de mudan�a de faixa;Colis�o lateral mesmo sentido;Com V�timas Feridas;Pleno dia;Crescente;C�u Claro;Dupla;Reta;Sim;2;0;1;0;1;0;1;2;-22,73971674;-43,46481334;SPRF-RJ;DEL06-RJ;UOP01-DEL06-RJ;;;
735125;29/11/2025;s�bado;09:20:00;MG;381;360;JOAO MONLEVADE;Curva acentuada;Queda de ocupante de ve�culo;Com V�timas Feridas;Pleno dia;Decrescente;C�u Claro;Simples;Curva;N�o;1;0;1;0;0;0;1;1;-19,8294185;-43,1771283;SPRF-MG;DEL03-MG;UOP01-DEL03-MG;;;
735126;29/11/2025;s�bado;09:30:00;SC;101;143;ITAPEMA;Manobra de mudan�a de faixa;Colis�o lateral mesmo sentido;Com V�timas Feridas;Pleno dia;Decrescente;C�u Claro;Dupla;Reta;N�o;2;0;1;0;0;1;1;2;-27,06568626;-48,59538054;SPRF-SC;DEL04-SC;UOP03-DEL04-SC;;;
735128;29/11/2025;s�bado;08:30:00;MS;163;485;CAMPO GRANDE;Aus�ncia de rea��o do condutor;Sa�da de leito carro��vel;Sem V�timas;Amanhecer;Decrescente;C�u Claro;Simples;Reta;Sim;1;0;0;0;0;1;0;1;-20,458027;-54,547048;SPRF-MS;DEL01-MS;UOP02-DEL01-MS;;;
735129;29/11/2025;s�bado;05:22:00;MG;459;15,1;CALDAS;Aus�ncia de rea��o do condutor;Sa�da de leito carro��vel;Com V�timas Feridas;Amanhecer;Crescente;C�u Claro;Simples;Reta;Sim;2;0;0;1;0;1;1;1;-21,8289384;-46,449313;SPRF-MG;DEL09-MG;UOP01-DEL09-MG;;;
735131;29/11/2025;s�bado;10:00:00;ES;101;268;SERRA;Avarias e/ou desgaste excessivo no pneu;Tombamento;Com V�timas Feridas;Pleno dia;Crescente;C�u Claro;M�ltipla;Reta;Sim;2;0;2;0;0;0;2;1;-20,215477;-40,26965;SPRF-ES;DEL02-ES;UOP01-DEL02-ES;;;