id;data_inversa;dia_semana;horario;uf;br;km;municipio;causa_acidente;tipo_acidente;classificacao_acidente;fase_dia;sentido_via;condicao_metereologica;tipo_pista;tracado_via;uso_solo;pessoas;mortos;feridos_leves;feridos_graves;ilesos;ignorados;feridos;veiculos;latitude;longitude;regional;delegacia;uop;;;
735234;29/11/2025;s�bado;17:00:00;ES;262;43,8;DOMINGOS MARTINS;Acessar a via sem observar a presen�a dos outros ve�culos;Colis�o transversal;Com V�timas Feridas;Pleno dia;Crescente;Nublado;Simples;Reta;N�o;2;0;0;1;1;0;1;2;-20,38774765;-40,66826174;SPRF-ES;DEL01-ES;UOP01-DEL01-ES;;;
735235;29/11/2025;s�bado;15:30:00;TO;153;694;CARIRI DO TOCANTINS;Ingest�o de �lcool pelo condutor;Colis�o frontal;Com V�timas Fatais;Pleno dia;Decrescente;Nublado;Simples;Reta;N�o;4;2;0;0;2;0;0;3;-11,90209896;-49,17127919;SPRF-TO;DEL01-TO;UOP02-DEL01-TO;;;
735238;29/11/2025;s�bado;15:00:00;ES;259;52;COLATINA;Pista Escorregadia;Tombamento;Com V�timas Feridas;Pleno dia;Crescente;C�u Claro;Simples;Reta;Sim;2;0;2;0;0;0;2;1;-19,49735739;-40,64373494;SPRF-ES;DEL02-ES;UOP01-DEL02-ES;;;
735240;29/11/2025;s�bado;16:35:00;PE;424;3,4;ARCOVERDE;Aus�ncia de rea��o do condutor;Sa�da de leito carro��vel;Com V�timas Feridas;Pleno dia;Crescente;C�u Claro;Simples;"Curva;Declive";N�o;1;0;1;0;0;0;1;1;-8,456492;-37,046822;SPRF-PE;DEL04-PE;UOP02-DEL04-PE;;;
735241;29/11/2025;s�bado;17:50:00;PB;230;23;JOAO PESSOA;Aus�ncia de rea��o do condutor;Tombamento;Com V�timas Feridas;Anoitecer;Decrescente;C�u Claro;Dupla;Reta;Sim;1;0;1;0;0;0;1;1;-7,158733;-34,85886;SPRF-PB;DEL01-PB;UOP01-DEL01-PB;;;
735243;29/11/2025;s�bado;15:53:00;MT;364;228;RONDONOPOLIS;Rea��o tardia ou ineficiente do condutor;Sa�da de leito carro��vel;Com V�timas Feridas;Pleno dia;Decrescente;C�u Claro;Dupla;Reta;N�o;2;0;1;0;1;0;1;1;-16,28858043;-54,76458228;SPRF-MT;DEL02-MT;UOP01-DEL02-MT;;;
735246;29/11/2025;s�bado;17:10:00;RJ;40;111;DUQUE DE CAXIAS;Rea��o tardia ou ineficiente do condutor;Tombamento;Com V�timas Feridas;Pleno dia;Crescente;C�u Claro;M�ltipla;Reta;N�o;1;0;1;0;0;0;1;1;-22,699481;-43,289944;SPRF-RJ;DEL01-RJ;UOP02-DEL01-RJ;;;
735247;29/11/2025;s�bado;17:00:00;RJ;101;517;ANGRA DOS REIS;Aus�ncia de rea��o do condutor;Sa�da de leito carro��vel;Com V�timas Feridas;Pleno dia;Decrescente;C�u Claro;Simples;Curva;N�o;1;0;0;1;0;0;1;1;-22,998933;-44,439472;SPRF-RJ;DEL03-RJ;UOP03-DEL03-RJ;;;
735248;29/11/2025;s�bado;18:30:00;ES;101;338,9;GUARAPARI;Rea��o tardia ou ineficiente do condutor;Tombamento;Com V�timas Feridas;Plena Noite;Crescente;C�u Claro;Dupla;Curva;N�o;1;0;1;0;0;0;1;1;-20,643601;-40,557605;SPRF-ES;DEL03-ES;UOP01-DEL03-ES;;;
735250;29/11/2025;s�bado;17:30:00;DF;70;15;BRASILIA;Ingest�o de �lcool pelo condutor;Colis�o traseira;Sem V�timas;Pleno dia;Crescente;C�u Claro;Dupla;Rotat�ria;N�o;2;0;0;0;2;0;0;2;-15,79563413;-48,195586;SPRF-DF;DEL03-DF;UOP02-DEL03-DF;;;
735251;29/11/2025;s�bado;18:16:00;RS;285;123,4;VACARIA;Velocidade Incompat�vel;Tombamento;Com V�timas Feridas;Pleno dia;Crescente;C�u Claro;Simples;Reta;Sim;2;0;1;0;1;0;1;2;-28,498727;-50,9515214;SPRF-RS;DEL05-RS;UOP03-DEL05-RS;;;
735252;29/11/2025;s�bado;16:50:00;PE;101;58;RECIFE;Rea��o tardia ou ineficiente do condutor;Queda de ocupante de ve�culo;Com V�timas Feridas;Pleno dia;Decrescente;C�u Claro;Dupla;Reta;N�o;1;0;0;1;0;0;1;1;-7,97601113;-34,92375311;SPRF-PE;DEL01-PE;UOP02-DEL01-PE;;;
735253;29/11/2025;s�bado;16:40:00;PI;316;37;LAGOA DO PIAUI;Aus�ncia de rea��o do condutor;Sa�da de leito carro��vel;Sem V�timas;Pleno dia;Decrescente;C�u Claro;Simples;Reta;N�o;4;0;0;0;3;1;0;2;-5,39355854;-42,65945971;SPRF-PI;DEL01-PI;UOP02-DEL01-PI;;;
735255;29/11/2025;s�bado;18:30:00;PI;343;346;TERESINA;Ingest�o de �lcool pelo condutor;Colis�o traseira;Sem V�timas;Plena Noite;Crescente;C�u Claro;Dupla;Rotat�ria;Sim;3;0;0;0;3;0;0;2;-5,11165394;-42,77198251;SPRF-PI;DEL01-PI;UOP01-DEL01-PI;;;
735257;29/11/2025;s�bado;16:20:00;RS;386;7,8;IRAI;Afundamento ou ondula��o no pavimento;Sa�da de leito carro��vel;Com V�timas Feridas;Pleno dia;Decrescente;C�u Claro;Simples;Reta;N�o;2;0;1;1;0;0;2;1;-27,2003;-53,29066;SPRF-RS;DEL08-RS;UOP02-DEL08-RS;;;
735259;29/11/2025;s�bado;18:00:00;RN;406;147,2;CEARA-MIRIM;Acessar a via sem observar a presen�a dos outros ve�culos;Colis�o transversal;Com V�timas Feridas;Plena Noite;Decrescente;C�u Claro;Simples;Reta;N�o;4;0;2;0;1;1;2;3;-5,64635;-35,458153;SPRF-RN;DEL02-RN;UOP01-DEL02-RN;;;
735260;29/11/2025;s�bado;19:00:00;PE;423;58,5;LAJEDO;Rea��o tardia ou ineficiente do condutor;Colis�o traseira;Com V�timas Fatais;Plena Noite;Crescente;C�u Claro;Simples;Reta;N�o;3;1;1;1;0;0;2;2;-8,642183;-36,312117;SPRF-PE;DEL03-PE;UOP01-DEL03-PE;;;
735261;29/11/2025;s�bado;16:30:00;MG;116;660,9;SAO FRANCISCO DO GLORIA;Aus�ncia de rea��o do condutor;Capotamento;Com V�timas Feridas;Pleno dia;Decrescente;Chuva;Simples;"Aclive;Curva";N�o;2;0;2;0;0;0;2;1;-20,800688;-42,31354505;SPRF-MG;DEL07-MG;UOP02-DEL07-MG;;;
735262;29/11/2025;s�bado;19:30:00;RJ;101;476;ANGRA DOS REIS;Rea��o tardia ou ineficiente do condutor;Queda de ocupante de ve�culo;Com V�timas Feridas;Plena Noite;Decrescente;C�u Claro;Simples;Curva;Sim;1;0;1;0;0;0;1;1;-23,00675219;-44,26013947;SPRF-RJ;DEL03-RJ;UOP03-DEL03-RJ;;;
735263;29/11/2025;s�bado;18:50:00;PR;376;4,1;APUCARANA;Condutor desrespeitou a ilumina��o vermelha do sem�foro;Colis�o transversal;Com V�timas Feridas;Pleno dia;Decrescente;C�u Claro;Simples;"Reta;Interse��o de Vias";Sim;2;0;1;0;1;0;1;2;-23,55514588;-51,44450068;SPRF-PR;DEL07-PR;UOP03-DEL07-PR;;;
735264;29/11/2025;s�bado;19:45:00;RS;290;92;PORTO ALEGRE;Manobra de mudan�a de faixa;Colis�o lateral mesmo sentido;Com V�timas Feridas;Plena Noite;Decrescente;C�u Claro;M�ltipla;Reta;N�o;4;0;1;0;3;0;1;2;-29,97134933;-51,1817193;SPRF-RS;DEL01-RS;UOP01-DEL01-RS;;;
735267;29/11/2025;s�bado;17:00:00;RJ;101;385;RIO DE JANEIRO;Rea��o tardia ou ineficiente do condutor;Engavetamento;Com V�timas Feridas;Pleno dia;Crescente;C�u Claro;M�ltipla;Retorno Regulamentado;Sim;4;0;0;1;3;0;1;4;-22,88302439;-43,64080366;SPRF-RJ;DEL03-RJ;UOP01-DEL03-RJ;;;
735268;29/11/2025;s�bado;18:40:00;SP;116;294;ITAPECERICA DA SERRA;Rea��o tardia ou ineficiente do condutor;Colis�o com objeto;Com V�timas Feridas;Plena Noite;Crescente;C�u Claro;Dupla;Reta;N�o;4;0;1;0;3;0;1;1;-23,754705;-46,902097;SPRF-SP;DEL04-SP;UOP01-DEL04-SP;;;
735269;29/11/2025;s�bado;19:10:00;MG;116;529,9;CARATINGA;Velocidade Incompat�vel;Colis�o traseira;Com V�timas Feridas;Plena Noite;Crescente;C�u Claro;Simples;Reta;N�o;2;0;1;0;0;1;1;2;-19,81384906;-42,13553935;SPRF-MG;DEL06-MG;UOP02-DEL06-MG;;;
735271;29/11/2025;s�bado;18:55:00;SP;101;9;UBATUBA;Aus�ncia de rea��o do condutor;Queda de ocupante de ve�culo;Com V�timas Feridas;Plena Noite;Crescente;C�u Claro;Simples;Reta;N�o;1;0;1;0;0;0;1;1;-23,36522597;-44,82651265;SPRF-SP;DEL06-SP;UOP01-DEL06-SP;;;
735272;29/11/2025;s�bado;18:15:00;BA;324;594;CANDEIAS;Rea��o tardia ou ineficiente do condutor;Queda de ocupante de ve�culo;Com V�timas Feridas;Plena Noite;Crescente;C�u Claro;Dupla;Reta;Sim;2;0;2;0;0;0;2;1;-12,71994012;-38,4513659;SPRF-BA;DEL01-BA;UOP01-DEL01-BA;;;
735273;29/11/2025;s�bado;18:12:00;PR;277;663;MEDIANEIRA;Aus�ncia de rea��o do condutor;Sa�da de leito carro��vel;Sem V�timas;Pleno dia;Crescente;C�u Claro;Dupla;Reta;Sim;2;0;0;0;1;1;0;1;-25,25168276;-54,0184021;SPRF-PR;DEL05-PR;UOP02-DEL05-PR;;;
735275;29/11/2025;s�bado;19:10:00;MA;10;254;IMPERATRIZ;Condutor desrespeitou a ilumina��o vermelha do sem�foro;Colis�o transversal;Com V�timas Feridas;Plena Noite;Decrescente;C�u Claro;Simples;"Reta;Interse��o de Vias";Sim;6;0;1;1;3;1;2;3;-5,51757;-47,47162;SPRF-MA;DEL04-MA;UOP01-DEL04-MA;;;
735276;29/11/2025;s�bado;18:30:00;RO;364;602;ITAPUA DO OESTE;Chuva;Tombamento;Com V�timas Feridas;Plena Noite;Decrescente;Chuva;Dupla;Reta;N�o;1;0;1;0;0;0;1;1;-9,20285493;-63,17844126;SPRF-RO;DEL01-RO;UOP04-DEL01-RO;;;
735277;29/11/2025;s�bado;19:30:00;PR;116;99,3;SAO JOSE DOS PINHAIS;Mal s�bito do condutor;Queda de ocupante de ve�culo;Com V�timas Fatais;Plena Noite;Crescente;C�u Claro;Dupla;Curva;Sim;1;1;0;0;0;0;0;1;-25,56157253;-49,15257135;SPRF-PR;DEL01-PR;UOP07-DEL01-PR;;;
735278;29/11/2025;s�bado;17:45:00;BA;324;620;SALVADOR;Condutor deixou de manter dist�ncia do ve�culo da frente;Colis�o traseira;Com V�timas Feridas;Plena Noite;Decrescente;C�u Claro;Dupla;Reta;Sim;2;0;1;0;1;0;1;2;-12,915102;-38,461083;SPRF-BA;DEL01-BA;UOP01-DEL01-BA;;;
735279;29/11/2025;s�bado;18:00:00;SC;470;27;GASPAR;Aus�ncia de rea��o do condutor;Tombamento;Com V�timas Feridas;Plena Noite;Decrescente;C�u Claro;Dupla;Curva;N�o;2;0;2;0;0;0;2;1;-26,89385842;-48,89028132;SPRF-SC;DEL04-SC;UOP01-DEL04-SC;;;
735281;29/11/2025;s�bado;19:39:00;RJ;101;479;ANGRA DOS REIS;Demais falhas mec�nicas ou el�tricas;Inc�ndio;Sem V�timas;Plena Noite;Decrescente;C�u Claro;Simples;Reta;N�o;1;0;0;0;1;0;0;1;-22,99529791;-44,30094907;SPRF-RJ;DEL03-RJ;UOP03-DEL03-RJ;;;
735282;29/11/2025;s�bado;19:20:00;MS;163;615,9;SAO GABRIEL DO OESTE;Condutor deixou de manter dist�ncia do ve�culo da frente;Colis�o traseira;Com V�timas Feridas;Plena Noite;Decrescente;C�u Claro;Simples;Reta;Sim;3;0;2;0;1;0;2;2;-19,387566;-54,572643;SPRF-MS;DEL06-MS;UOP02-DEL06-MS;;;
735283;29/11/2025;s�bado;17:40:00;MA;316;494;CODO;Transitar na contram�o;Colis�o frontal;Com V�timas Fatais;Anoitecer;Decrescente;C�u Claro;Simples;Reta;N�o;2;1;1;0;0;0;1;2;-4,688052;-43,80549;SPRF-MA;DEL03-MA;UOP02-DEL03-MA;;;
735284;29/11/2025;s�bado;18:00:00;RJ;101;67;CAMPOS DOS GOYTACAZES;Aus�ncia de rea��o do condutor;Queda de ocupante de ve�culo;Com V�timas Feridas;Pleno dia;Crescente;C�u Claro;Simples;Reta;Sim;1;0;1;0;0;0;1;1;-21,835886;-41,4205645;SPRF-RJ;DEL08-RJ;UOP02-DEL08-RJ;;;
735285;29/11/2025;s�bado;20:35:00;GO;60;61,4;ABADIANIA;Ingest�o de �lcool pelo condutor;Colis�o traseira;Com V�timas Feridas;Plena Noite;Decrescente;C�u Claro;Dupla;"Reta;Retorno Regulamentado";Sim;2;0;0;1;1;0;1;2;-16,189008;-48,714083;SPRF-GO;DEL02-GO;UOP01-DEL02-GO;;;
735286;29/11/2025;s�bado;19:20:00;SP;116;336;MIRACATU;Velocidade Incompat�vel;Sa�da de leito carro��vel;Sem V�timas;Plena Noite;Crescente;Nublado;Dupla;Curva;Sim;1;0;0;0;0;1;0;1;-24,267552;-47,3932365;SPRF-SP;DEL04-SP;UOP03-DEL04-SP;;;
735287;29/11/2025;s�bado;20:00:00;ES;259;21;JOAO NEIVA;Transitar na contram�o;Colis�o frontal;Com V�timas Feridas;Plena Noite;Decrescente;Nublado;Simples;"Curva;Aclive";N�o;2;0;0;1;1;0;1;2;-19,64397;-40,464147;SPRF-ES;DEL02-ES;UOP01-DEL02-ES;;;
735288;29/11/2025;s�bado;20:45:00;RS;116;246;SAO LEOPOLDO;Aus�ncia de rea��o do condutor;Colis�o traseira;Com V�timas Feridas;Plena Noite;Decrescente;C�u Claro;M�ltipla;"Reta;Ponte";Sim;2;0;1;0;1;0;1;2;-29,75918035;-51,15195751;SPRF-RS;DEL01-RS;UOP02-DEL01-RS;;;
735289;29/11/2025;s�bado;20:25:00;PR;277;713;SANTA TEREZINHA DE ITAIPU;Ingest�o de �lcool pelo condutor;Queda de ocupante de ve�culo;Com V�timas Feridas;Plena Noite;Crescente;C�u Claro;Dupla;Reta;Sim;1;0;1;0;0;0;1;1;-25,45746374;-54,43070976;SPRF-PR;DEL05-PR;UOP01-DEL05-PR;;;
735291;29/11/2025;s�bado;20:40:00;RS;116;230,1;IVOTI;Convers�o proibida;Colis�o transversal;Com V�timas Feridas;Plena Noite;Crescente;C�u Claro;Simples;Reta;N�o;2;0;1;0;1;0;1;2;-29,621508;-51,127675;SPRF-RS;DEL01-RS;UOP02-DEL01-RS;;;
735292;29/11/2025;s�bado;18:30:00;PR;376;616;SAO JOSE DOS PINHAIS;Acessar a via sem observar a presen�a dos outros ve�culos;Colis�o transversal;Com V�timas Feridas;Anoitecer;Decrescente;C�u Claro;M�ltipla;"Reta;Interse��o de Vias";Sim;2;0;0;1;0;1;1;2;-25,584857;-49,175135;SPRF-PR;DEL01-PR;UOP04-DEL01-PR;;;
735293;29/11/2025;s�bado;21:20:00;BA;116;401,5;FEIRA DE SANTANA;Ingest�o de �lcool pelo condutor;Capotamento;Com V�timas Feridas;Plena Noite;Crescente;C�u Claro;Dupla;"Aclive;Reta";N�o;1;0;1;0;0;0;1;1;-12,0419202;-38,9706386;SPRF-BA;DEL02-BA;UOP01-DEL02-BA;;;
735294;29/11/2025;s�bado;18:30:00;RR;432;142;CANTA;Transitar na contram�o;Colis�o frontal;Com V�timas Feridas;Anoitecer;Crescente;Ignorado;Simples;Reta;N�o;3;0;0;3;0;0;3;2;2,243385;-60,690448;SPRF-RR;DEL01-RR;UOP01-DEL01-RR;;;
735295;29/11/2025;s�bado;21:00:00;RS;386;356,9;ESTRELA;Afundamento ou ondula��o no pavimento;Tombamento;Com V�timas Feridas;Pleno dia;Decrescente;C�u Claro;Dupla;Curva;N�o;1;0;1;0;0;0;1;1;-29,528433;-51,929356;SPRF-RS;DEL04-RS;UOP01-DEL04-RS;;;
735296;29/11/2025;s�bado;20:25:00;PE;104;31,3;CARUARU;Acesso irregular;Colis�o lateral sentido oposto;Com V�timas Feridas;Plena Noite;Decrescente;C�u Claro;Dupla;"Curva;Em Obras";Sim;3;0;0;2;0;1;2;2;-8,0135952;-36,0567112;SPRF-PE;DEL02-PE;UOP01-DEL02-PE;;;
735298;29/11/2025;s�bado;20:50:00;MG;381;842,3;SAO SEBASTIAO DA BELA VISTA;Rea��o tardia ou ineficiente do condutor;Sa�da de leito carro��vel;Sem V�timas;Plena Noite;Decrescente;C�u Claro;Dupla;Reta;N�o;1;0;0;0;0;1;0;1;-22,182258;-45,842465;SPRF-MG;DEL16-MG;UOP01-DEL16-MG;;;
735299;29/11/2025;s�bado;21:28:00;PB;230;7,2;CABEDELO;Velocidade Incompat�vel;Colis�o com objeto;Com V�timas Feridas;Plena Noite;Crescente;C�u Claro;Dupla;Reta;Sim;1;0;1;0;0;0;1;1;-7,030567;-34,840652;SPRF-PB;DEL01-PB;UOP01-DEL01-PB;;;
735301;29/11/2025;s�bado;20:30:00;PR;277;516,6;GUARANIACU;Condutor Dormindo;Sa�da de leito carro��vel;Com V�timas Feridas;Plena Noite;Decrescente;C�u Claro;Simples;Curva;N�o;1;0;0;1;0;0;1;1;-25,1200694;-52,81085014;SPRF-PR;DEL04-PR;UOP04-DEL04-PR;;;
735302;29/11/2025;s�bado;08:40:00;RJ;493;0;ITABORAI;Convers�o proibida;Colis�o lateral sentido oposto;Com V�timas Feridas;Pleno dia;Crescente;C�u Claro;Dupla;Reta;Sim;2;0;1;0;1;0;1;2;-22,77509156;-42,92079057;SPRF-RJ;DEL02-RJ;UOP02-DEL02-RJ;;;
735305;29/11/2025;s�bado;19:20:00;PB;230;462,5;SOUSA;Animais na Pista;Atropelamento de Animal;Sem V�timas;Plena Noite;Decrescente;C�u Claro;Simples;"Reta;Interse��o de Vias";Sim;1;0;0;0;1;0;0;1;-6,778576;-38,234305;SPRF-PB;DEL03-PB;UOP03-DEL03-PB;;;
735306;29/11/2025;s�bado;16:40:00;RJ;101;311;SAO GONCALO;Rea��o tardia ou ineficiente do condutor;Colis�o traseira;Com V�timas Feridas;Pleno dia;Decrescente;C�u Claro;Dupla;Reta;Sim;4;0;2;0;2;0;2;2;-22,79901986;-43,04908689;SPRF-RJ;DEL02-RJ;UOP02-DEL02-RJ;;;
735307;29/11/2025;s�bado;22:20:00;MG;262;368,1;JUATUBA;Avarias e/ou desgaste excessivo no pneu;Sa�da de leito carro��vel;Com V�timas Feridas;Plena Noite;Crescente;Nublado;Dupla;"Curva;Declive";N�o;3;0;1;2;0;0;3;1;-19,95134203;-44,37785475;SPRF-MG;DEL01-MG;UOP03-DEL01-MG;;;
735308;29/11/2025;s�bado;21:35:00;RJ;101;65;CAMPOS DOS GOYTACAZES;Aus�ncia de rea��o do condutor;Tombamento;Com V�timas Feridas;Plena Noite;Decrescente;C�u Claro;Simples;Reta;Sim;1;0;1;0;0;0;1;1;-21,75372479;-41,34416906;SPRF-RJ;DEL08-RJ;UOP02-DEL08-RJ;;;
735309;29/11/2025;s�bado;21:35:00;RS;158;262,9;JULIO DE CASTILHOS;Pedestre - Ingest�o de �lcool/ subst�ncias psicoativas;Atropelamento de Pedestre;Com V�timas Feridas;Plena Noite;Crescente;C�u Claro;Simples;Reta;Sim;4;0;0;1;2;1;1;2;-29,22649994;-53,6674748;SPRF-RS;DEL10-RS;UOP02-DEL10-RS;;;
735310;29/11/2025;s�bado;19:45:00;PR;153;358;REBOUCAS;Rea��o tardia ou ineficiente do condutor;Colis�o traseira;Com V�timas Feridas;Plena Noite;Decrescente;C�u Claro;Simples;"Reta;Declive";N�o;3;0;2;0;1;0;2;2;-25,631901;-50,727644;SPRF-PR;DEL08-PR;UOP02-DEL08-PR;;;
735311;29/11/2025;s�bado;20:12:00;PR;277;475,3;NOVA LARANJEIRAS;Desrespeitar a prefer�ncia no cruzamento;Colis�o transversal;Com V�timas Feridas;Plena Noite;Crescente;C�u Claro;Simples;"Interse��o de Vias;Reta";Sim;2;0;1;0;0;1;1;2;-25,30704;-52,54291;SPRF-PR;DEL04-PR;UOP02-DEL04-PR;;;
735312;29/11/2025;s�bado;21:42:00;TO;10;460;PALMAS;Aus�ncia de rea��o do condutor;Colis�o traseira;Com V�timas Feridas;Plena Noite;Crescente;Chuva;M�ltipla;Reta;N�o;4;0;1;0;3;0;1;2;-10,22015004;-48,31123734;SPRF-TO;DEL01-TO;UOP03-DEL01-TO;;;
735313;29/11/2025;s�bado;21:00:00;SC;282;638,5;DESCANSO;Aus�ncia de rea��o do condutor;Sa�da de leito carro��vel;Sem V�timas;Plena Noite;Crescente;C�u Claro;Simples;Reta;N�o;3;0;0;0;0;3;0;2;-26,7967909;-53,4497273;SPRF-SC;DEL07-SC;UOP03-DEL07-SC;;;
735314;29/11/2025;s�bado;21:45:00;MT;163;769;SORRISO;Rea��o tardia ou ineficiente do condutor;Queda de ocupante de ve�culo;Com V�timas Feridas;Plena Noite;Crescente;C�u Claro;Simples;"Em Obras;Reta";N�o;1;0;1;0;0;0;1;1;-12,42594543;-55,6419506;SPRF-MT;DEL06-MT;UOP01-DEL06-MT;;;
735316;29/11/2025;s�bado;19:00:00;RJ;495;21;PETROPOLIS;Ultrapassagem Indevida;Colis�o frontal;Com V�timas Feridas;Plena Noite;Crescente;C�u Claro;Simples;Curva;N�o;7;0;1;0;6;0;1;3;-22,41830625;-43,05832982;SPRF-RJ;DEL05-RJ;UOP02-DEL05-RJ;;;
735317;29/11/2025;s�bado;15:00:00;MA;222;461;SANTA LUZIA;Ultrapassagem Indevida;Colis�o frontal;Com V�timas Fatais;Pleno dia;Crescente;Sol;Simples;Curva;Sim;1;1;0;0;0;0;0;1;-4,163573;-46,012738;SPRF-MA;DEL02-MA;UOP01-DEL02-MA;;;
735318;29/11/2025;s�bado;22:00:00;MT;70;511;VARZEA GRANDE;Rea��o tardia ou ineficiente do condutor;Colis�o com objeto;Sem V�timas;Plena Noite;Crescente;C�u Claro;Simples;"Reta;Em Obras;Ponte";N�o;1;0;0;0;1;0;0;1;-15,69940265;-56,11321123;SPRF-MT;DEL01-MT;UOP02-DEL01-MT;;;
735319;29/11/2025;s�bado;19:30:00;RR;174;212;RORAINOPOLIS;Transitar na contram�o;Colis�o lateral sentido oposto;Com V�timas Feridas;Plena Noite;Crescente;C�u Claro;Simples;Reta;Sim;2;0;0;1;1;0;1;2;0,946424;-60,422997;SPRF-RR;DEL01-RR;UOP02-DEL01-RR;;;
735320;29/11/2025;s�bado;23:05:00;RJ;116;175;SAO JOAO DE MERITI;Rea��o tardia ou ineficiente do condutor;Queda de ocupante de ve�culo;Com V�timas Feridas;Plena Noite;Crescente;C�u Claro;M�ltipla;Reta;N�o;2;0;0;1;1;0;1;1;-22,79425251;-43,36372074;SPRF-RJ;DEL06-RJ;UOP01-DEL06-RJ;;;
735321;29/11/2025;s�bado;21:10:00;AL;101;243,8;PORTO REAL DO COLEGIO;Animais na Pista;Queda de ocupante de ve�culo;Com V�timas Feridas;Plena Noite;Crescente;C�u Claro;Dupla;Reta;N�o;1;0;0;1;0;0;1;1;-10,1709193;-36,821737;SPRF-AL;DEL02-AL;UOP02-DEL02-AL;;;
735322;29/11/2025;s�bado;21:58:00;RS;116;112,8;SAO MARCOS;Velocidade Incompat�vel;Colis�o transversal;Com V�timas Fatais;Plena Noite;Decrescente;C�u Claro;Simples;Reta;Sim;3;2;0;0;1;0;0;2;-28,95344654;-51,08119933;SPRF-RS;DEL05-RS;UOP01-DEL05-RS;;;
735323;29/11/2025;s�bado;22:15:00;RJ;116;120,8;MAGE;Ingest�o de �lcool pelo condutor;Sa�da de leito carro��vel;Sem V�timas;Plena Noite;Crescente;C�u Claro;Dupla;Curva;N�o;1;0;0;0;1;0;0;1;-22,62621201;-43,04700851;SPRF-RJ;DEL04-RJ;UOP02-DEL04-RJ;;;
735326;29/11/2025;s�bado;22:20:00;PR;476;118;COLOMBO;Ingest�o de subst�ncias psicoativas pelo condutor;Colis�o frontal;Sem V�timas;Plena Noite;Crescente;Nublado;Dupla;"Interse��o de Vias;Reta";Sim;2;0;0;0;2;0;0;2;-25,35591129;-49,18067384;SPRF-PR;DEL01-PR;UOP01-DEL01-PR;;;
735327;29/11/2025;s�bado;22:40:00;SP;116;34;CACHOEIRA PAULISTA;Velocidade Incompat�vel;Colis�o com objeto;Com V�timas Feridas;Plena Noite;Crescente;C�u Claro;Simples;"Curva;Rotat�ria";N�o;1;0;0;1;0;0;1;1;-22,65181504;-44,95766831;SPRF-SP;DEL08-SP;UOP02-DEL08-SP;;;
735328;29/11/2025;s�bado;20:20:00;PA;230;7;ALTAMIRA;Acessar a via sem observar a presen�a dos outros ve�culos;Colis�o transversal;Com V�timas Feridas;Plena Noite;Crescente;Ignorado;Simples;Interse��o de Vias;Sim;3;0;2;0;0;1;2;2;-3,18946177;-52,20909205;SPRF-PA;DEL03-PA;UOP01-DEL03-PA;;;
735329;29/11/2025;s�bado;23:00:00;MG;116;412,8;GOVERNADOR VALADARES;Aus�ncia de rea��o do condutor;Colis�o traseira;Com V�timas Feridas;Plena Noite;Crescente;Nublado;Simples;Reta;Sim;2;0;1;1;0;0;2;2;-18,8707822;-41,9581751;SPRF-MG;DEL06-MG;UOP01-DEL06-MG;;;
735330;29/11/2025;s�bado;19:59:00;RO;364;343,9;JI-PARANA;Aus�ncia de rea��o do condutor;Engavetamento;Sem V�timas;Plena Noite;Decrescente;C�u Claro;Simples;"Reta;Interse��o de Vias";Sim;11;0;0;0;11;0;0;5;-10,87404;-61,95226;SPRF-RO;DEL02-RO;UOP01-DEL02-RO;;;
735331;30/11/2025;domingo;00:05:00;PB;230;24;JOAO PESSOA;Ingest�o de �lcool pelo condutor;Colis�o traseira;Com V�timas Feridas;Plena Noite;Decrescente;C�u Claro;Dupla;Aclive;Sim;2;0;0;1;1;0;1;2;-7,16620358;-34,86310668;SPRF-PB;DEL01-PB;UOP01-DEL01-PB;;;
735333;29/11/2025;s�bado;23:00:00;PE;101;65;RECIFE;Condutor deixou de manter dist�ncia do ve�culo da frente;Colis�o traseira;Com V�timas Feridas;Plena Noite;Crescente;C�u Claro;Dupla;Reta;Sim;2;0;1;0;1;0;1;2;-8,0303879;-34,9427244;SPRF-PE;DEL01-PE;UOP01-DEL01-PE;;;
735334;29/11/2025;s�bado;23:15:00;MS;262;547,7;MIRANDA;Aus�ncia de rea��o do condutor;Capotamento;Com V�timas Feridas;Plena Noite;Crescente;C�u Claro;Simples;"Reta;Declive";N�o;6;0;0;6;0;0;6;1;-20,28924924;-56,29257202;SPRF-MS;DEL03-MS;UOP02-DEL03-MS;;;
735336;29/11/2025;s�bado;22:30:00;PR;163;149;SANTA LUCIA;Ingest�o de �lcool pelo condutor;Sa�da de leito carro��vel;Sem V�timas;Plena Noite;Crescente;C�u Claro;Dupla;Reta;N�o;1;0;0;0;1;0;0;1;-25,40094887;-53,5759449;SPRF-PR;DEL05-PR;UOP05-DEL05-PR;;;
735337;30/11/2025;domingo;00:10:00;SC;101;201,7;SAO JOSE;Velocidade Incompat�vel;Colis�o traseira;Com V�timas Feridas;Plena Noite;Crescente;Nublado;M�ltipla;Reta;Sim;6;0;1;4;0;1;5;2;-27,55689869;-48,61876935;SPRF-SC;DEL01-SC;UOP01-DEL01-SC;;;
735339;30/11/2025;domingo;00:20:00;SE;101;94;NOSSA SENHORA DO SOCORRO;Aus�ncia de rea��o do condutor;Queda de ocupante de ve�culo;Sem V�timas;Plena Noite;Crescente;C�u Claro;Dupla;Reta;Sim;1;0;0;0;1;0;0;1;-10,9050424;-37,1230357;SPRF-SE;DEL01-SE;UOP01-DEL01-SE;;;