id;data_inversa;dia_semana;horario;uf;br;km;municipio;causa_acidente;tipo_acidente;classificacao_acidente;fase_dia;sentido_via;condicao_metereologica;tipo_pista;tracado_via;uso_solo;pessoas;mortos;feridos_leves;feridos_graves;ilesos;ignorados;feridos;veiculos;latitude;longitude;regional;delegacia;uop;;;
735340;29/11/2025;s�bado;23:26:00;PB;230;4;CABEDELO;Animais na Pista;Atropelamento de Animal;Com V�timas Feridas;Plena Noite;Decrescente;C�u Claro;M�ltipla;Reta;N�o;2;0;1;0;1;0;1;1;-7,00956;-34,8309261;SPRF-PB;DEL01-PB;UOP01-DEL01-PB;;;
735341;30/11/2025;domingo;00:30:00;RJ;116;177;SAO JOAO DE MERITI;Ingest�o de �lcool pelo condutor;Colis�o com objeto;Com V�timas Feridas;Plena Noite;Decrescente;C�u Claro;M�ltipla;Reta;Sim;1;0;1;0;0;0;1;1;-22,78894005;-43,37436073;SPRF-RJ;DEL06-RJ;UOP01-DEL06-RJ;;;
735342;29/11/2025;s�bado;23:55:00;PR;376;167,5;MARINGA;Velocidade Incompat�vel;Colis�o traseira;Com V�timas Fatais;Plena Noite;Crescente;C�u Claro;Dupla;Reta;N�o;3;1;0;1;0;1;1;2;-23,391793;-52,011926;SPRF-PR;DEL09-PR;UOP01-DEL09-PR;;;
735343;30/11/2025;domingo;00:30:00;BA;101;66;MUCURI;Ingest�o de �lcool pelo condutor;Colis�o com objeto;Sem V�timas;Plena Noite;Decrescente;Nublado;Simples;Interse��o de Vias;Sim;1;0;0;0;0;1;0;1;-18;-39,872548;SPRF-BA;DEL01-BA;UOP04-DEL01-BA;;;
735344;30/11/2025;domingo;00:30:00;SC;280;214,1;TRES BARRAS;Ingest�o de �lcool pelo condutor;Sa�da de leito carro��vel;Sem V�timas;Plena Noite;Crescente;C�u Claro;Simples;Curva;N�o;1;0;0;0;1;0;0;1;-26,18331232;-50,20832889;SPRF-SC;DEL06-SC;UOP04-DEL06-SC;;;
735345;30/11/2025;domingo;00:50:00;PR;369;134;IBIPORA;Velocidade Incompat�vel;Tombamento;Com V�timas Feridas;Plena Noite;Crescente;C�u Claro;Simples;Reta;Sim;1;0;1;0;0;0;1;1;-23,26319455;-51,03301613;SPRF-PR;DEL07-PR;UOP01-DEL07-PR;;;
735346;29/11/2025;s�bado;23:00:00;PA;10;283;MAE DO RIO;Animais na Pista;Atropelamento de Animal;Com V�timas Feridas;Plena Noite;Decrescente;C�u Claro;Simples;Reta;N�o;2;0;2;0;0;0;2;1;-1,95901;-47,52434;SPRF-PA;DEL02-PA;UOP01-DEL02-PA;;;
735350;30/11/2025;domingo;01:00:00;BA;116;410;FEIRA DE SANTANA;Ingest�o de �lcool pelo condutor;Colis�o traseira;Com V�timas Feridas;Plena Noite;Decrescente;C�u Claro;Dupla;Reta;N�o;4;0;1;0;1;2;1;2;-12,12173973;-38,96830201;SPRF-BA;DEL02-BA;UOP01-DEL02-BA;;;
735351;30/11/2025;domingo;00:56:00;ES;262;25;VIANA;Aus�ncia de rea��o do condutor;Colis�o com objeto;Sem V�timas;Plena Noite;Decrescente;Nublado;Simples;Reta;N�o;1;0;0;0;0;1;0;1;-20,37982037;-40,53944048;SPRF-ES;DEL01-ES;UOP01-DEL01-ES;;;
735353;29/11/2025;s�bado;21:27:00;RO;364;972;PORTO VELHO;Acessar a via sem observar a presen�a dos outros ve�culos;Colis�o transversal;Com V�timas Fatais;Plena Noite;Crescente;C�u Claro;Simples;Reta;Sim;2;1;0;0;0;1;0;2;-9,6591391;-65,7423025;SPRF-RO;DEL01-RO;UOP03-DEL01-RO;;;
735354;30/11/2025;domingo;01:55:00;PB;230;21;JOAO PESSOA;Acessar a via sem observar a presen�a dos outros ve�culos;Colis�o traseira;Com V�timas Feridas;Plena Noite;Decrescente;C�u Claro;Dupla;Reta;N�o;2;0;1;0;1;0;1;2;-7,145425;-34,850877;SPRF-PB;DEL01-PB;UOP01-DEL01-PB;;;
735355;30/11/2025;domingo;02:40:00;SC;282;19;PALHOCA;Ingest�o de �lcool pelo condutor;Colis�o traseira;Sem V�timas;Plena Noite;Crescente;C�u Claro;Simples;Reta;N�o;2;0;0;0;2;0;0;2;-27,67642135;-48,6992383;SPRF-SC;DEL01-SC;UOP02-DEL01-SC;;;
735356;30/11/2025;domingo;02:00:00;GO;40;95,9;CRISTALINA;Manobra de mudan�a de faixa;Colis�o frontal;Com V�timas Feridas;Plena Noite;Decrescente;C�u Claro;Dupla;"Reta;Declive";Sim;3;0;0;2;0;1;2;2;-16,75702298;-47,60209;SPRF-DF;DEL01-DF;UOP02-DEL01-DF;;;
735357;30/11/2025;domingo;01:10:00;RS;386;238,7;SOLEDADE;Velocidade Incompat�vel;Sa�da de leito carro��vel;Com V�timas Feridas;Plena Noite;Decrescente;C�u Claro;Simples;Reta;N�o;2;0;0;2;0;0;2;1;-28,755861;-52,534734;SPRF-RS;DEL04-RS;UOP03-DEL04-RS;;;
735358;30/11/2025;domingo;02:00:00;SC;282;19;PALHOCA;Transitar na contram�o;Colis�o frontal;Com V�timas Feridas;Plena Noite;Crescente;Nublado;Simples;"Viaduto;Reta";N�o;6;0;2;0;4;0;2;2;-27,677613;-48,70091;SPRF-SC;DEL01-SC;UOP02-DEL01-SC;;;
735359;30/11/2025;domingo;02:30:00;PR;116;14;COLOMBO;Aus�ncia de rea��o do condutor;Colis�o traseira;Com V�timas Feridas;Plena Noite;Crescente;Nublado;Dupla;Reta;Sim;2;0;1;0;1;0;1;2;-25,38218436;-49,16347504;SPRF-PR;DEL01-PR;UOP02-DEL01-PR;;;
735360;30/11/2025;domingo;02:20:00;PR;376;601,4;CURITIBA;Entrada inopinada do pedestre;Atropelamento de Pedestre;Com V�timas Fatais;Plena Noite;Crescente;Nublado;Dupla;"Viaduto;Reta";Sim;2;1;0;0;1;0;0;2;-25,5142754;-49,33752744;SPRF-PR;DEL01-PR;UOP03-DEL01-PR;;;
735361;30/11/2025;domingo;02:00:00;RJ;465;22;RIO DE JANEIRO;Aus�ncia de rea��o do condutor;Queda de ocupante de ve�culo;Com V�timas Feridas;Plena Noite;Crescente;C�u Claro;Simples;Reta;N�o;1;0;1;0;0;0;1;1;-22,86257278;-43,60061646;SPRF-RJ;DEL03-RJ;UOP01-DEL03-RJ;;;
735362;30/11/2025;domingo;02:00:00;RJ;101;380;RIO DE JANEIRO;Entrada inopinada do pedestre;Atropelamento de Pedestre;Com V�timas Feridas;Plena Noite;Crescente;C�u Claro;M�ltipla;"Reta;Aclive";N�o;6;0;0;1;3;2;1;5;-22,87272189;-43,60671043;SPRF-RJ;DEL06-RJ;UOP01-DEL06-RJ;;;
735363;30/11/2025;domingo;00:00:00;GO;452;34,7;SANTA HELENA DE GOIAS;Ingest�o de �lcool pelo condutor;Sa�da de leito carro��vel;Com V�timas Feridas;Plena Noite;Decrescente;C�u Claro;Simples;"Aclive;Reta";N�o;2;0;1;0;1;0;1;1;-17,9157;-50,604543;SPRF-GO;DEL04-GO;UOP01-DEL04-GO;;;
735364;29/11/2025;s�bado;23:30:00;MA;10;195;RIBAMAR FIQUENE;Ingest�o de �lcool pelo condutor;Capotamento;Sem V�timas;Plena Noite;Decrescente;C�u Claro;Simples;Reta;N�o;1;0;0;0;0;1;0;1;-6,00426;-47,383063;SPRF-MA;DEL04-MA;UOP02-DEL04-MA;;;
735365;30/11/2025;domingo;00:26:00;AC;317;121;CAPIXABA;Aus�ncia de rea��o do condutor;Sa�da de leito carro��vel;Com V�timas Feridas;Plena Noite;Decrescente;C�u Claro;Simples;Curva;N�o;3;0;3;0;0;0;3;1;-10,381;-67,713;SPRF-AC;DEL01-AC;UOP02-DEL01-AC;;;
735367;30/11/2025;domingo;03:15:00;PR;277;610;SANTA TEREZA DO OESTE;Acessar a via sem observar a presen�a dos outros ve�culos;Colis�o transversal;Com V�timas Feridas;Plena Noite;Decrescente;C�u Claro;Simples;"Retorno Regulamentado;Reta";Sim;3;0;2;0;1;0;2;2;-25,051;-53,62;SPRF-PR;DEL05-PR;UOP02-DEL05-PR;;;
735368;30/11/2025;domingo;03:40:00;GO;50;281,1;CATALAO;Acesso irregular;Sa�da de leito carro��vel;Com V�timas Feridas;Plena Noite;Decrescente;C�u Claro;Dupla;Em Obras;Sim;2;0;2;0;0;0;2;1;-18,18458945;-47,94347763;SPRF-GO;DEL06-GO;UOP01-DEL06-GO;;;
735369;30/11/2025;domingo;05:05:00;PA;155;314,3;MARABA;Acessar a via sem observar a presen�a dos outros ve�culos;Colis�o transversal;Sem V�timas;Plena Noite;Decrescente;Nublado;Simples;Curva;Sim;3;0;0;0;2;1;0;2;-5,628273;-49,095082;SPRF-PA;DEL03-PA;UOP01-DEL03-PA;;;
735371;30/11/2025;domingo;03:33:00;PR;376;592;CURITIBA;Aus�ncia de rea��o do condutor;Colis�o com objeto;Com V�timas Feridas;Amanhecer;Crescente;Nublado;Dupla;Curva;Sim;1;0;0;1;0;0;1;1;-25,43008726;-49,36628994;SPRF-PR;DEL01-PR;UOP06-DEL01-PR;;;
735372;30/11/2025;domingo;05:00:00;PR;163;12,1;BARRACAO;Ingest�o de �lcool pelo condutor;Colis�o frontal;Com V�timas Feridas;Amanhecer;Crescente;C�u Claro;Simples;"Declive;Reta";N�o;2;0;1;0;1;0;1;2;-26,230893;-53,640488;SPRF-PR;DEL02-PR;UOP02-DEL02-PR;;;
735373;30/11/2025;domingo;03:40:00;MT;163;116;RONDONOPOLIS;Ingest�o de �lcool pelo condutor;Sa�da de leito carro��vel;Sem V�timas;Plena Noite;Decrescente;C�u Claro;Dupla;Reta;N�o;1;0;0;0;1;0;0;1;-16,50657841;-54,65190634;SPRF-MT;DEL02-MT;UOP01-DEL02-MT;;;
735376;30/11/2025;domingo;04:30:00;BA;407;210;QUIXABEIRA;Ingest�o de �lcool pelo condutor;Colis�o frontal;Com V�timas Feridas;Pleno dia;Crescente;C�u Claro;Simples;Reta;N�o;2;0;1;1;0;0;2;1;-11,28735;-40,02108;SPRF-BA;DEL04-BA;UOP02-DEL04-BA;;;
735377;30/11/2025;domingo;03:20:00;MT;163;561;NOVA MUTUM;Aus�ncia de rea��o do condutor;Tombamento;Com V�timas Feridas;Plena Noite;Crescente;C�u Claro;Dupla;Reta;N�o;2;0;2;0;0;0;2;1;-14,14159;-56,10255;SPRF-MT;DEL01-MT;UOP01-DEL01-MT;;;
735378;29/11/2025;s�bado;18:00:00;MT;364;198;RONDONOPOLIS;Rea��o tardia ou ineficiente do condutor;Sa�da de leito carro��vel;Com V�timas Feridas;Anoitecer;Crescente;C�u Claro;Dupla;Aclive;Sim;2;0;0;1;0;1;1;1;-16,50661007;-54,62215159;SPRF-MT;DEL02-MT;UOP01-DEL02-MT;;;
735379;30/11/2025;domingo;01:15:00;BA;367;24,9;PORTO SEGURO;Transitar na contram�o;Colis�o frontal;Com V�timas Feridas;Plena Noite;Decrescente;C�u Claro;Simples;Reta;Sim;3;0;0;1;2;0;1;3;-16,438015;-39,089265;SPRF-BA;DEL09-BA;UOP03-DEL09-BA;;;
735380;29/11/2025;s�bado;23:40:00;MG;153;50,1;MONTE ALEGRE DE MINAS;Aus�ncia de rea��o do condutor;Queda de ocupante de ve�culo;Com V�timas Feridas;Plena Noite;Crescente;C�u Claro;Dupla;Curva;N�o;1;0;0;1;0;0;1;1;-18,90773287;-49,04006124;SPRF-MG;DEL15-MG;UOP03-DEL15-MG;;;
735381;30/11/2025;domingo;05:15:00;SP;116;283;EMBU DAS ARTES;Condutor Dormindo;Capotamento;Com V�timas Feridas;Pleno dia;Decrescente;C�u Claro;Dupla;Reta;Sim;1;0;1;0;0;0;1;1;-23,672453;-46,856042;SPRF-SP;DEL04-SP;UOP01-DEL04-SP;;;
735382;30/11/2025;domingo;04:00:00;RS;470;222;GARIBALDI;Transitar na contram�o;Colis�o frontal;Com V�timas Fatais;Plena Noite;Decrescente;C�u Claro;Simples;"Declive;Reta";N�o;2;1;0;1;0;0;1;2;-29,2281;-51,51641;SPRF-RS;DEL06-RS;UOP01-DEL06-RS;;;
735383;30/11/2025;domingo;04:40:00;PI;343;523,6;AMARANTE;Aus�ncia de rea��o do condutor;Tombamento;Com V�timas Fatais;Amanhecer;Decrescente;Nublado;Simples;Reta;N�o;1;1;0;0;0;0;0;1;-6,3929817;-42,7957883;SPRF-PI;DEL03-PI;UOP01-DEL03-PI;;;
735384;29/11/2025;s�bado;16:30:00;BA;367;50,4;PORTO SEGURO;Acessar a via sem observar a presen�a dos outros ve�culos;Colis�o transversal;Com V�timas Feridas;Pleno dia;Decrescente;C�u Claro;Simples;Interse��o de Vias;N�o;3;0;0;1;2;0;1;2;-16,37574824;-39,2921512;SPRF-BA;DEL09-BA;UOP03-DEL09-BA;;;
735385;30/11/2025;domingo;00:30:00;SC;101;119;ITAJAI;Aus�ncia de rea��o do condutor;Sa�da de leito carro��vel;Sem V�timas;Plena Noite;Decrescente;Nublado;Dupla;Reta;Sim;1;0;0;0;0;1;0;1;-26,90949221;-48,71290952;SPRF-SC;DEL04-SC;UOP04-DEL04-SC;;;
735386;30/11/2025;domingo;02:30:00;SC;101;120;ITAJAI;Aus�ncia de rea��o do condutor;Colis�o com objeto;Sem V�timas;Plena Noite;Crescente;C�u Claro;Dupla;Reta;Sim;1;0;0;0;0;1;0;1;-26,92030257;-48,70935023;SPRF-SC;DEL04-SC;UOP04-DEL04-SC;;;
735387;30/11/2025;domingo;04:00:00;MG;381;923;CAMANDUCAIA;Ingest�o de subst�ncias psicoativas pelo condutor;Capotamento;Sem V�timas;Amanhecer;Decrescente;C�u Claro;Dupla;Aclive;N�o;1;0;0;0;0;1;0;1;-22,76420733;-46,17235276;SPRF-MG;DEL16-MG;UOP03-DEL16-MG;;;
735388;30/11/2025;domingo;01:20:00;MG;116;595;SAO JOAO DO MANHUACU;Animais na Pista;Atropelamento de Animal;Com V�timas Feridas;Plena Noite;Crescente;Nublado;Simples;Curva;N�o;1;0;1;0;0;0;1;1;-20,31981407;-42,1474514;SPRF-MG;DEL06-MG;UOP03-DEL06-MG;;;
735389;30/11/2025;domingo;05:25:00;PB;230;2,9;CABEDELO;Condutor Dormindo;Colis�o com objeto;Com V�timas Feridas;Amanhecer;Decrescente;C�u Claro;M�ltipla;Reta;Sim;1;0;1;0;0;0;1;1;-6,994455;-34,828092;SPRF-PB;DEL01-PB;UOP01-DEL01-PB;;;
735390;30/11/2025;domingo;06:30:00;DF;60;5;BRASILIA;Ingest�o de �lcool pelo condutor;Colis�o lateral mesmo sentido;Com V�timas Feridas;Pleno dia;Crescente;C�u Claro;Dupla;Reta;Sim;2;0;1;0;1;0;1;2;-15,895215;-48,10413;SPRF-DF;DEL03-DF;UOP01-DEL03-DF;;;
735391;30/11/2025;domingo;03:40:00;RO;364;363,2;OURO PRETO DO OESTE;Aus�ncia de rea��o do condutor;Colis�o com objeto;Com V�timas Fatais;Plena Noite;Decrescente;C�u Claro;Simples;Reta;N�o;1;1;0;0;0;0;0;1;-10,775125;-62,084996;SPRF-RO;DEL02-RO;UOP01-DEL02-RO;;;
735392;29/11/2025;s�bado;23:10:00;SC;282;407,3;CATANDUVAS;Condutor Dormindo;Sa�da de leito carro��vel;Sem V�timas;Plena Noite;Decrescente;C�u Claro;Simples;Reta;N�o;1;0;0;0;0;1;0;1;-27,08775586;-51,66148838;SPRF-SC;DEL07-SC;UOP05-DEL07-SC;;;
735393;30/11/2025;domingo;06:30:00;PE;101;60;RECIFE;Rea��o tardia ou ineficiente do condutor;Colis�o traseira;Com V�timas Feridas;Pleno dia;Decrescente;C�u Claro;Dupla;Reta;Sim;3;0;2;0;0;1;2;2;-7,986735;-34,93265;SPRF-PE;DEL01-PE;UOP02-DEL01-PE;;;
735398;30/11/2025;domingo;07:35:00;MG;381;537,5;ITATIAIUCU;Acumulo de �leo sobre o pavimento;Queda de ocupante de ve�culo;Com V�timas Feridas;Pleno dia;Crescente;C�u Claro;Dupla;Reta;N�o;2;0;2;0;0;0;2;1;-20,2092071;-44,3911453;SPRF-MG;DEL04-MG;UOP03-DEL04-MG;;;
735399;30/11/2025;domingo;05:30:00;MS;163;91,1;ITAQUIRAI;Demais falhas mec�nicas ou el�tricas;Sa�da de leito carro��vel;Sem V�timas;Amanhecer;Crescente;C�u Claro;Simples;"Reta;Declive";N�o;2;0;0;0;1;1;0;2;-23,3612126;-54,2146407;SPRF-MS;DEL09-MS;UOP01-DEL09-MS;;;
735400;30/11/2025;domingo;04:20:00;MS;163;263;DOURADOS;Aus�ncia de rea��o do condutor;Colis�o com objeto;Sem V�timas;Amanhecer;Crescente;C�u Claro;Dupla;Rotat�ria;Sim;1;0;0;0;1;0;0;1;-22,231962;-54,747712;SPRF-MS;DEL04-MS;UOP01-DEL04-MS;;;
735401;30/11/2025;domingo;01:29:00;MS;163;272;DOURADOS;Ingest�o de �lcool pelo condutor;Colis�o traseira;Com V�timas Feridas;Plena Noite;Crescente;C�u Claro;Simples;Reta;Sim;3;0;1;0;2;0;1;2;-22,179892;-54,672857;SPRF-MS;DEL04-MS;UOP01-DEL04-MS;;;
735402;30/11/2025;domingo;05:25:00;RJ;40;118;DUQUE DE CAXIAS;Rea��o tardia ou ineficiente do condutor;Queda de ocupante de ve�culo;Com V�timas Feridas;Amanhecer;Decrescente;C�u Claro;M�ltipla;Reta;Sim;1;0;1;0;0;0;1;1;-22,75883015;-43,28691004;SPRF-RJ;DEL01-RJ;UOP02-DEL01-RJ;;;
735403;30/11/2025;domingo;03:40:00;MT;163;838;SINOP;Aus�ncia de rea��o do condutor;Colis�o com objeto;Sem V�timas;Plena Noite;Crescente;Chuva;Dupla;Reta;Sim;1;0;0;0;1;0;0;1;-11,84335747;-55,49053855;SPRF-MT;DEL06-MT;UOP02-DEL06-MT;;;
735406;30/11/2025;domingo;04:50:00;SC;282;118,7;IRACEMINHA;Condutor Dormindo;Sa�da de leito carro��vel;Com V�timas Feridas;Amanhecer;Crescente;C�u Claro;Simples;"Aclive;Em Obras;Curva";N�o;1;0;0;1;0;0;1;1;-26,79519513;-53,30058429;SPRF-SC;DEL05-SC;UOP01-DEL05-SC;;;
735407;30/11/2025;domingo;07:30:00;PE;232;57;POMBOS;Velocidade Incompat�vel;Colis�o traseira;Com V�timas Feridas;Pleno dia;Crescente;C�u Claro;Dupla;"Retorno Regulamentado;Reta";N�o;2;0;0;1;1;0;1;2;-8,141505;-35,382398;SPRF-PE;DEL02-PE;UOP02-DEL02PE;;;
735408;30/11/2025;domingo;02:13:00;MS;376;166,2;NOVA ANDRADINA;Aus�ncia de rea��o do condutor;Colis�o com objeto;Com V�timas Feridas;Plena Noite;Decrescente;Ignorado;Simples;Curva;N�o;1;0;1;0;0;0;1;1;-22,308955;-53,397362;SPRF-MS;DEL04-MS;UOP04-DEL04-MS;;;
735409;30/11/2025;domingo;05:23:00;MS;163;97;ITAQUIRAI;Rea��o tardia ou ineficiente do condutor;Sa�da de leito carro��vel;Sem V�timas;Amanhecer;Decrescente;C�u Claro;Simples;"Reta;Declive";N�o;1;0;0;0;1;0;0;1;-23,301505;-54,222691;SPRF-MS;DEL09-MS;UOP01-DEL09-MS;;;
735410;30/11/2025;domingo;06:40:00;GO;452;0,5;RIO VERDE;Ingest�o de �lcool pelo condutor;Colis�o traseira;Com V�timas Feridas;Pleno dia;Decrescente;C�u Claro;M�ltipla;Reta;Sim;7;0;2;2;3;0;4;2;-17,788852;-50,897902;SPRF-GO;DEL04-GO;UOP01-DEL04-GO;;;
735411;30/11/2025;domingo;07:36:00;SC;470;41;GASPAR;Aus�ncia de rea��o do condutor;Colis�o traseira;Com V�timas Fatais;Pleno dia;Crescente;Nublado;Dupla;Reta;Sim;6;2;0;0;4;0;0;2;-26,881701;-48,997374;SPRF-SC;DEL04-SC;UOP01-DEL04-SC;;;
735412;30/11/2025;domingo;08:25:00;PR;376;654;TIJUCAS DO SUL;Demais falhas mec�nicas ou el�tricas;Inc�ndio;Sem V�timas;Pleno dia;Decrescente;Nublado;M�ltipla;"Aclive;Reta";N�o;1;0;0;0;1;0;0;1;-25,840411;-49,042384;SPRF-PR;DEL01-PR;UOP04-DEL01-PR;;;
735414;30/11/2025;domingo;07:20:00;RS;116;521,6;PELOTAS;Aus�ncia de rea��o do condutor;Sa�da de leito carro��vel;Com V�timas Feridas;Pleno dia;Crescente;C�u Claro;Dupla;Reta;N�o;1;0;1;0;0;0;1;1;-31,70979187;-52,37048019;SPRF-RS;DEL07-RS;UOP01-DEL07-RS;;;
735415;30/11/2025;domingo;09:15:00;RS;290;17,5;SANTO ANTONIO DA PATRULHA;Avarias e/ou desgaste excessivo no pneu;Tombamento;Com V�timas Feridas;Pleno dia;Decrescente;C�u Claro;Dupla;Reta;N�o;2;0;2;0;0;0;2;1;-29,879307;-50,431321;SPRF-RS;DEL03-RS;UOP01-DEL03-RS;;;
735416;30/11/2025;domingo;07:30:00;BA;101;651;ITAPEBI;Acostamento em desn�vel;Sa�da de leito carro��vel;Com V�timas Feridas;Pleno dia;Crescente;C�u Claro;Simples;Curva;N�o;1;0;1;0;0;0;1;1;-15,8792874;-39,5315868;SPRF-BA;DEL05-BA;UOP02-DEL05-BA;;;
735417;29/11/2025;s�bado;23:00:00;MA;135;100;ITAPECURU MIRIM;Animais na Pista;Atropelamento de Animal;Com V�timas Feridas;Plena Noite;Crescente;C�u Claro;Simples;Reta;N�o;2;0;2;0;0;0;2;1;-3,3659;-44,47585;SPRF-MA;DEL01-MA;UOP02-DEL01-MA;;;
735418;30/11/2025;domingo;08:50:00;SP;116;70,2;APARECIDA;Rea��o tardia ou ineficiente do condutor;Colis�o lateral mesmo sentido;Com V�timas Feridas;Pleno dia;Decrescente;Sol;Dupla;Curva;Sim;3;0;1;0;2;0;1;3;-22,850434;-45,227201;SPRF-SP;DEL08-SP;UOP01-DEL08-SP;;;
735419;30/11/2025;domingo;08:30:00;RJ;101;383;RIO DE JANEIRO;Manobra de mudan�a de faixa;Colis�o lateral mesmo sentido;Com V�timas Feridas;Pleno dia;Crescente;C�u Claro;Dupla;"Retorno Regulamentado;Reta";N�o;3;0;1;0;2;0;1;2;-22,88032316;-43,62659466;SPRF-RJ;DEL03-RJ;UOP01-DEL03-RJ;;;
735421;30/11/2025;domingo;08:50:00;RJ;101;404;ITAGUAI;Acessar a via sem observar a presen�a dos outros ve�culos;Colis�o transversal;Com V�timas Feridas;Pleno dia;Crescente;C�u Claro;Dupla;Reta;N�o;4;0;2;0;2;0;2;2;-22,8589118;-43,7591094;SPRF-RJ;DEL03-RJ;UOP01-DEL03-RJ;;;
735422;30/11/2025;domingo;08:40:00;PR;369;395,3;JURANDA;Desrespeitar a prefer�ncia no cruzamento;Colis�o transversal;Com V�timas Feridas;Pleno dia;Decrescente;C�u Claro;Simples;Interse��o de Vias;N�o;8;0;1;0;7;0;1;2;-24,34442812;-52,72741199;SPRF-PR;DEL04-PR;UOP03-DEL04-PR;;;
735424;30/11/2025;domingo;04:00:00;PE;110;243;JATOBA;Aus�ncia de rea��o do condutor;Colis�o lateral sentido oposto;Com V�timas Feridas;Plena Noite;Decrescente;C�u Claro;Simples;Reta;N�o;2;0;0;1;0;1;1;2;-9,17205305;-38,26699877;SPRF-BA;DEL07-BA;UOP01-DEL07-BA;;;
735426;30/11/2025;domingo;10:00:00;RJ;116;171;RIO DE JANEIRO;Aus�ncia de rea��o do condutor;Colis�o traseira;Com V�timas Feridas;Pleno dia;Decrescente;C�u Claro;Dupla;Reta;Sim;3;0;0;2;1;0;2;2;-22,81149673;-43,333306;SPRF-RJ;DEL06-RJ;UOP01-DEL06-RJ;;;
735428;27/11/2025;quinta-feira;08:00:00;RJ;465;13;SEROPEDICA;Condutor Dormindo;Colis�o com objeto;Com V�timas Feridas;Pleno dia;Crescente;C�u Claro;Simples;Reta;Sim;1;0;1;0;0;0;1;1;-22,85550214;-43,60085679;SPRF-RJ;DEL06-RJ;UOP02-DEL06-RJ;;;
735429;30/11/2025;domingo;11:00:00;SC;101;206,2;SAO JOSE;Demais falhas mec�nicas ou el�tricas;Tombamento;Com V�timas Feridas;Pleno dia;Decrescente;C�u Claro;M�ltipla;Reta;Sim;2;0;1;1;0;0;2;1;-27,59839;-48,62083;SPRF-SC;DEL01-SC;UOP01-DEL01-SC;;;
735430;30/11/2025;domingo;11:40:00;SC;280;132,6;RIO NEGRINHO;Acessar a via sem observar a presen�a dos outros ve�culos;Colis�o transversal;Com V�timas Feridas;Pleno dia;Crescente;C�u Claro;Simples;Curva;Sim;2;0;0;1;1;0;1;2;-26,26580846;-49,55086612;SPRF-SC;DEL06-SC;UOP03-DEL06-SC;;;
735431;30/11/2025;domingo;10:00:00;MG;153;213;FRUTAL;Rea��o tardia ou ineficiente do condutor;Sa�da de leito carro��vel;Sem V�timas;Pleno dia;Crescente;C�u Claro;Simples;Curva;N�o;1;0;0;0;1;0;0;1;-20,07715456;-49,07161474;SPRF-MG;DEL13-MG;UOP02-DEL13-MG;;;
735432;30/11/2025;domingo;08:00:00;MG;50;8,1;ARAGUARI;Condutor Dormindo;Sa�da de leito carro��vel;Com V�timas Feridas;Pleno dia;Crescente;Sol;Dupla;"Reta;Declive";N�o;1;0;1;0;0;0;1;1;-18,49340826;-48,04466391;SPRF-MG;DEL15-MG;UOP02-DEL15-MG;;;
735434;30/11/2025;domingo;02:30:00;MG;116;409;GOVERNADOR VALADARES;Velocidade Incompat�vel;Colis�o com objeto;Com V�timas Fatais;Plena Noite;Crescente;Chuva;Dupla;Reta;Sim;1;1;0;0;0;0;0;1;-18,8707839;-41,9581873;SPRF-MG;DEL06-MG;UOP01-DEL06-MG;;;
735435;30/11/2025;domingo;11:45:00;GO;153;440;ANAPOLIS;Condutor deixou de manter dist�ncia do ve�culo da frente;Colis�o traseira;Com V�timas Feridas;Pleno dia;Crescente;C�u Claro;Dupla;"Aclive;Reta";Sim;5;0;1;0;4;0;1;2;-16,329844;-48,922439;SPRF-GO;DEL02-GO;UOP01-DEL02-GO;;;
735436;30/11/2025;domingo;12:07:00;PB;104;112,7;LAGOA SECA;Demais falhas mec�nicas ou el�tricas;Tombamento;Com V�timas Feridas;Pleno dia;Decrescente;Nublado;Simples;"Reta;Declive";N�o;2;0;1;1;0;0;2;1;-7,146786;-35,85516;SPRF-PB;DEL02-PB;UOP04-DEL02-PB;;;
735437;30/11/2025;domingo;11:15:00;RJ;465;19;NOVA IGUACU;Aus�ncia de rea��o do condutor;Colis�o traseira;Com V�timas Feridas;Pleno dia;Decrescente;C�u Claro;Simples;Reta;Sim;3;0;2;0;1;0;2;2;-22,8414437;-43,6092302;SPRF-RJ;DEL06-RJ;UOP02-DEL06-RJ;;;
735438;30/11/2025;domingo;13:10:00;DF;70;9;BRASILIA;Aus�ncia de rea��o do condutor;Sa�da de leito carro��vel;Com V�timas Feridas;Pleno dia;Decrescente;C�u Claro;Dupla;Reta;Sim;2;0;1;0;1;0;1;1;-15,78859114;-48,14380646;SPRF-DF;DEL03-DF;UOP02-DEL03-DF;;;
735439;30/11/2025;domingo;10:00:00;MA;135;268;CAPINZAL DO NORTE;Transitar na contram�o;Colis�o frontal;Com V�timas Fatais;Pleno dia;Decrescente;C�u Claro;Simples;Declive;Sim;2;1;0;0;1;0;0;2;-4,73280593;-44,33163643;SPRF-MA;DEL03-MA;UOP01-DEL03-MA;;;
735442;30/11/2025;domingo;10:50:00;MT;364;219;RONDONOPOLIS;Rea��o tardia ou ineficiente do condutor;Colis�o com objeto;Sem V�timas;Pleno dia;Decrescente;C�u Claro;Dupla;"Reta;Aclive";N�o;1;0;0;0;1;0;0;1;-16,4013;-54,7156;SPRF-MT;DEL02-MT;UOP01-DEL02-MT;;;
735443;30/11/2025;domingo;13:10:00;PE;104;67;CARUARU;Aus�ncia de rea��o do condutor;Colis�o lateral mesmo sentido;Sem V�timas;Pleno dia;Crescente;C�u Claro;Dupla;Reta;N�o;5;0;0;0;4;1;0;3;-8,29476;-35,98721;SPRF-PE;DEL02-PE;UOP01-DEL02-PE;;;