id;data_inversa;dia_semana;horario;uf;br;km;municipio;causa_acidente;tipo_acidente;classificacao_acidente;fase_dia;sentido_via;condicao_metereologica;tipo_pista;tracado_via;uso_solo;pessoas;mortos;feridos_leves;feridos_graves;ilesos;ignorados;feridos;veiculos;latitude;longitude;regional;delegacia;uop;;;
735645;01/12/2025;segunda-feira;07:50:00;BA;101;474;URUCUCA;Acessar a via sem observar a presen�a dos outros ve�culos;Colis�o traseira;Com V�timas Feridas;Pleno dia;Crescente;Sol;Simples;Interse��o de Vias;N�o;3;0;0;1;2;0;1;2;-14,56572801;-39,334656;SPRF-BA;DEL05-BA;UOP01-DEL05-BA;;;
735647;01/12/2025;segunda-feira;07:00:00;MG;40;511;RIBEIRAO DAS NEVES;Condutor deixou de manter dist�ncia do ve�culo da frente;Colis�o traseira;Com V�timas Feridas;Pleno dia;Crescente;C�u Claro;Dupla;Curva;Sim;2;0;0;1;1;0;1;2;-19,78360447;-44,11600828;SPRF-MG;DEL01-MG;UOP02-DEL01-MG;;;
735648;01/12/2025;segunda-feira;07:50:00;RJ;101;476;ANGRA DOS REIS;Aus�ncia de rea��o do condutor;Colis�o lateral sentido oposto;Com V�timas Feridas;Pleno dia;Decrescente;Nublado;Simples;Reta;Sim;3;0;1;1;1;0;2;2;-23,00262862;-44,26291291;SPRF-RJ;DEL03-RJ;UOP03-DEL03-RJ;;;
735649;01/12/2025;segunda-feira;08:45:00;RN;101;96;NATAL;Manobra de mudan�a de faixa;Colis�o lateral mesmo sentido;Com V�timas Feridas;Pleno dia;Decrescente;C�u Claro;Dupla;Reta;Sim;2;0;1;0;1;0;1;2;-5,854001;-35,211035;SPRF-RN;DEL01-RN;UOP01-DEL01-RN;;;
735650;01/12/2025;segunda-feira;06:40:00;PR;376;605;CURITIBA;Aus�ncia de rea��o do condutor;Queda de ocupante de ve�culo;Com V�timas Feridas;Amanhecer;Decrescente;Nublado;Dupla;Reta;Sim;2;0;2;0;0;0;2;1;-25,5362133;-49,3174716;SPRF-PR;DEL01-PR;UOP03-DEL01-PR;;;
735651;01/12/2025;segunda-feira;08:00:00;PE;232;508;SALGUEIRO;Acessar a via sem observar a presen�a dos outros ve�culos;Colis�o transversal;Com V�timas Feridas;Pleno dia;Crescente;C�u Claro;Simples;Reta;Sim;2;0;0;1;1;0;1;2;-8,06523151;-39,13100481;SPRF-PE;DEL05-PE;UOP01-DEL05-PE;;;
735652;01/12/2025;segunda-feira;04:30:00;GO;364;18;SAO SIMAO;Ilumina��o deficiente;Atropelamento de Pedestre;Com V�timas Feridas;Plena Noite;Decrescente;Ignorado;Simples;Reta;N�o;2;0;1;0;1;0;1;2;-18,938561;-50,640348;SPRF-GO;DEL05-GO;UOP02-DEL05-GO;;;
735654;01/12/2025;segunda-feira;09:40:00;SC;470;86,9;RODEIO;Ingest�o de �lcool pelo condutor;Colis�o frontal;Com V�timas Feridas;Pleno dia;Crescente;Garoa/Chuvisco;Simples;"Curva;Ponte";N�o;2;0;1;1;0;0;2;2;-26,94808142;-49,36556188;SPRF-SC;DEL04-SC;UOP01-DEL04-SC;;;
735655;01/12/2025;segunda-feira;07:45:00;MG;262;95,5;ABRE CAMPO;Acessar a via sem observar a presen�a dos outros ve�culos;Colis�o transversal;Com V�timas Feridas;Pleno dia;Decrescente;C�u Claro;Simples;Rotat�ria;Sim;2;0;0;1;1;0;1;2;-20,29546815;-42,48041868;SPRF-MG;DEL03-MG;UOP03-DEL03-MG;;;
735657;01/12/2025;segunda-feira;09:20:00;ES;101;268,5;SERRA;Manobra de mudan�a de faixa;Colis�o lateral mesmo sentido;Com V�timas Feridas;Pleno dia;Decrescente;Sol;Dupla;Reta;Sim;2;0;1;0;1;0;1;2;-20,212882;-40,269644;SPRF-ES;DEL02-ES;UOP01-DEL02-ES;;;
735660;01/12/2025;segunda-feira;07:40:00;SC;280;81,9;CORUPA;Rea��o tardia ou ineficiente do condutor;Colis�o frontal;Com V�timas Feridas;Pleno dia;Crescente;Garoa/Chuvisco;Simples;Interse��o de Vias;Sim;2;0;1;0;1;0;1;2;-26,436247;-49,240945;SPRF-SC;DEL06-SC;UOP03-DEL06-SC;;;
735661;01/12/2025;segunda-feira;09:40:00;MG;381;5;BETIM;Aus�ncia de rea��o do condutor;Colis�o frontal;Com V�timas Feridas;Pleno dia;Decrescente;C�u Claro;Dupla;Reta;Sim;1;0;1;0;0;0;1;1;-19,98891801;-44,18799788;SPRF-MG;DEL01-MG;UOP03-DEL01-MG;;;
735662;01/12/2025;segunda-feira;09:52:00;SE;101;93;SAO CRISTOVAO;Acessar a via sem observar a presen�a dos outros ve�culos;Atropelamento de Pedestre;Com V�timas Feridas;Pleno dia;Crescente;C�u Claro;Dupla;Reta;N�o;2;0;1;1;0;0;2;2;-10,95887227;-37,27381647;SPRF-SE;DEL01-SE;UOP01-DEL01-SE;;;
735663;01/12/2025;segunda-feira;09:50:00;SC;116;209,3;PONTE ALTA;Rea��o tardia ou ineficiente do condutor;Colis�o traseira;Com V�timas Feridas;Pleno dia;Decrescente;Garoa/Chuvisco;Simples;Reta;N�o;2;0;1;0;1;0;1;2;-27,3711104;-50,4332288;SPRF-SC;DEL05-SC;UOP03-DEL05-SC;;;
735664;01/12/2025;segunda-feira;08:20:00;SP;116;165;JACAREI;Manobra de mudan�a de faixa;Colis�o lateral mesmo sentido;Com V�timas Feridas;Pleno dia;Crescente;Sol;M�ltipla;Reta;N�o;1;0;1;0;0;0;1;1;-23,29697631;-46,00850043;SPRF-SP;DEL02-SP;UOP01-DEL02-SP;;;
735667;01/12/2025;segunda-feira;10:55:00;SP;116;229;SAO PAULO;Trafegar com motocicleta (ou similar) entre as faixas;Colis�o lateral mesmo sentido;Com V�timas Feridas;Pleno dia;Crescente;C�u Claro;M�ltipla;Reta;Sim;2;0;1;0;1;0;1;2;-23,50422702;-46,56808206;SPRF-SP;DEL01-SP;UOP01-DEL01-SP;;;
735669;01/12/2025;segunda-feira;10:44:00;SP;116;385;MIRACATU;Rea��o tardia ou ineficiente do condutor;Queda de ocupante de ve�culo;Com V�timas Feridas;Pleno dia;Crescente;C�u Claro;Dupla;Reta;N�o;1;0;0;1;0;0;1;1;-24,263887;-47,383239;SPRF-SP;DEL04-SP;UOP02-DEL04-SP;;;
735670;01/12/2025;segunda-feira;10:30:00;SC;101;420,4;ARARANGUA;Problema na suspens�o;Sa�da de leito carro��vel;Com V�timas Feridas;Pleno dia;Decrescente;Nublado;Simples;Reta;Sim;1;0;1;0;0;0;1;1;-29,00165754;-49,55859661;SPRF-SC;DEL02-SC;UOP02-DEL02-SC;;;
735671;01/12/2025;segunda-feira;07:00:00;SC;101;129;CAMBORIU;Rea��o tardia ou ineficiente do condutor;Queda de ocupante de ve�culo;Com V�timas Feridas;Pleno dia;Decrescente;Garoa/Chuvisco;M�ltipla;Reta;Sim;1;0;1;0;0;0;1;1;-26,98290381;-48,67261188;SPRF-SC;DEL04-SC;UOP03-DEL04-SC;;;
735673;01/12/2025;segunda-feira;10:00:00;AL;316;258;PILAR;Ingest�o de �lcool pelo condutor;Colis�o transversal;Com V�timas Feridas;Pleno dia;Crescente;C�u Claro;Simples;Reta;N�o;3;0;3;0;0;0;3;2;-9,5913276;-35,92042208;SPRF-AL;DEL02-AL;UOP01-DEL02-AL;;;
735674;01/12/2025;segunda-feira;10:15:00;BA;116;753;POCOES;Avarias e/ou desgaste excessivo no pneu;Sa�da de leito carro��vel;Com V�timas Feridas;Pleno dia;Decrescente;C�u Claro;Simples;Reta;N�o;5;0;4;0;1;0;4;1;-14,493565;-40,346213;SPRF-BA;DEL08-BA;UOP02-DEL08-BA;;;
735675;01/12/2025;segunda-feira;11:30:00;MG;40;628,8;CONSELHEIRO LAFAIETE;Transitar na contram�o;Colis�o frontal;Com V�timas Fatais;Pleno dia;Decrescente;C�u Claro;Simples;Curva;N�o;2;1;0;0;1;0;0;2;-20,632876;-43,811864;SPRF-MG;DEL05-MG;UOP02-DEL05-MG;;;
735676;01/12/2025;segunda-feira;11:15:00;PE;408;97,7;JABOATAO DOS GUARARAPES;Velocidade Incompat�vel;Tombamento;Com V�timas Feridas;Pleno dia;Decrescente;C�u Claro;Dupla;Curva;N�o;1;0;1;0;0;0;1;1;-8,07908;-34,99081;SPRF-PE;DEL01-PE;UOP01-DEL01-PE;;;
735678;01/12/2025;segunda-feira;11:40:00;MG;381;534,8;ITATIAIUCU;Rea��o tardia ou ineficiente do condutor;Atropelamento de Pedestre;Com V�timas Feridas;Pleno dia;Crescente;C�u Claro;M�ltipla;Reta;Sim;2;0;0;1;1;0;1;2;-20,18508078;-44,38051701;SPRF-MG;DEL04-MG;UOP03-DEL04-MG;;;
735679;01/12/2025;segunda-feira;09:17:00;MA;135;0;SAO LUIS;Aus�ncia de rea��o do condutor;Colis�o lateral mesmo sentido;Sem V�timas;Pleno dia;Decrescente;C�u Claro;M�ltipla;Reta;Sim;2;0;0;0;2;0;0;2;-2,58144;-44,24197;SPRF-MA;DEL01-MA;UOP01-DEL01-MA;;;
735680;01/12/2025;segunda-feira;11:37:00;PE;101;69;RECIFE;Aus�ncia de rea��o do condutor;Tombamento;Com V�timas Feridas;Pleno dia;Crescente;C�u Claro;Simples;Curva;N�o;2;0;1;0;1;0;1;1;-8,06601;-34,94515;SPRF-PE;DEL01-PE;UOP01-DEL01-PE;;;
735681;01/12/2025;segunda-feira;10:40:00;RJ;40;114;DUQUE DE CAXIAS;Aus�ncia de rea��o do condutor;Queda de ocupante de ve�culo;Com V�timas Feridas;Pleno dia;Decrescente;C�u Claro;Dupla;Reta;Sim;1;0;1;0;0;0;1;1;-22,716923;-43,2906697;SPRF-RJ;DEL01-RJ;UOP02-DEL01-RJ;;;
735682;01/12/2025;segunda-feira;10:00:00;RO;364;6;VILHENA;Transitar na contram�o;Colis�o frontal;Com V�timas Feridas;Pleno dia;Decrescente;Nublado;Dupla;Rotat�ria;N�o;3;0;1;0;2;0;1;2;-12,775337;-60,093272;SPRF-RO;DEL04-RO;UOP01-DEL04-RO;;;
735683;01/12/2025;segunda-feira;10:50:00;PR;376;518,8;PONTA GROSSA;Rea��o tardia ou ineficiente do condutor;Capotamento;Com V�timas Feridas;Pleno dia;Decrescente;Garoa/Chuvisco;Dupla;"Declive;Curva";N�o;2;0;2;0;0;0;2;1;-25,26949077;-49,93613287;SPRF-PR;DEL03-PR;UOP04-DEL03-PR;;;
735686;01/12/2025;segunda-feira;12:20:00;MG;40;559;NOVA LIMA;Condutor Dormindo;Colis�o lateral mesmo sentido;Com V�timas Feridas;Pleno dia;Decrescente;C�u Claro;Dupla;"Interse��o de Vias;Reta";N�o;8;0;4;0;3;1;4;3;-20,12252408;-43,96661997;SPRF-MG;DEL01-MG;UOP02-DEL01-MG;;;
735689;01/12/2025;segunda-feira;11:34:00;AP;210;1;MACAPA;Condutor deixou de manter dist�ncia do ve�culo da frente;Colis�o traseira;Com V�timas Feridas;Pleno dia;Decrescente;C�u Claro;Dupla;Reta;Sim;5;0;2;0;3;0;2;3;0,079319;-51,072067;SPRF-AP;DEL01-AP;UOP01-DEL01-AP;;;
735690;01/12/2025;segunda-feira;11:50:00;SC;101;434,9;SOMBRIO;Aus�ncia de rea��o do condutor;Colis�o traseira;Com V�timas Feridas;Pleno dia;Decrescente;Nublado;Simples;Reta;Sim;2;0;0;1;1;0;1;2;-29,10130302;-49,63503806;SPRF-SC;DEL02-SC;UOP02-DEL02-SC;;;
735691;01/12/2025;segunda-feira;08:20:00;MS;267;30,5;BATAGUASSU;Desrespeitar a prefer�ncia no cruzamento;Colis�o transversal;Com V�timas Feridas;Pleno dia;Crescente;C�u Claro;Dupla;Reta;Sim;2;0;1;0;1;0;1;2;-21,720905;-52,431062;SPRF-MS;DEL02-MS;UOP04-DEL02-MS;;;
735692;30/11/2025;domingo;21:52:00;SC;282;516;XAXIM;Demais falhas mec�nicas ou el�tricas;Sa�da de leito carro��vel;Sem V�timas;Pleno dia;Decrescente;Chuva;Simples;"Curva;Declive";N�o;1;0;0;0;0;1;0;1;-26,9288064;-52,49924468;SPRF-SC;DEL07-SC;UOP01-DEL07-SC;;;
735693;01/12/2025;segunda-feira;12:00:00;RS;116;147;CAXIAS DO SUL;Manobra de mudan�a de faixa;Colis�o lateral mesmo sentido;Com V�timas Feridas;Pleno dia;Decrescente;C�u Claro;Dupla;Reta;Sim;2;0;1;0;1;0;1;2;-29,149795;-51,14501;SPRF-RS;DEL05-RS;UOP01-DEL05-RS;;;
735694;01/12/2025;segunda-feira;11:55:00;RS;116;147;CAXIAS DO SUL;Rea��o tardia ou ineficiente do condutor;Colis�o traseira;Com V�timas Feridas;Pleno dia;Crescente;C�u Claro;Dupla;Reta;N�o;2;0;2;0;0;0;2;2;-29,15366044;-51,149683;SPRF-RS;DEL05-RS;UOP01-DEL05-RS;;;
735695;21/11/2025;sexta-feira;23:50:00;MT;163;1067;GUARANTA DO NORTE;Animais na Pista;Atropelamento de Animal;Sem V�timas;Plena Noite;Decrescente;Chuva;Simples;Reta;N�o;3;0;0;0;3;0;0;1;-9,7592153;-54,8958212;SPRF-MT;DEL06-MT;UOP03-DEL06-MT;;;
735696;01/12/2025;segunda-feira;13:10:00;SC;101;204,6;SAO JOSE;Rea��o tardia ou ineficiente do condutor;Colis�o traseira;Com V�timas Feridas;Pleno dia;Crescente;Chuva;Dupla;Reta;Sim;2;0;1;0;1;0;1;2;-27,580678;-48,614847;SPRF-SC;DEL01-SC;UOP01-DEL01-SC;;;
735699;01/12/2025;segunda-feira;13:45:00;SC;101;199,7;SAO JOSE;Rea��o tardia ou ineficiente do condutor;Sa�da de leito carro��vel;Com V�timas Feridas;Pleno dia;Decrescente;Garoa/Chuvisco;M�ltipla;Reta;Sim;1;0;1;0;0;0;1;1;-27,537758;-48,625093;SPRF-SC;DEL01-SC;UOP01-DEL01-SC;;;
735700;01/12/2025;segunda-feira;14:15:00;RJ;116;174;SAO JOAO DE MERITI;Aus�ncia de rea��o do condutor;Engavetamento;Com V�timas Feridas;Pleno dia;Decrescente;C�u Claro;Dupla;Reta;Sim;4;0;1;0;3;0;1;3;-22,79420882;-43,36462688;SPRF-RJ;DEL06-RJ;UOP01-DEL06-RJ;;;
735701;01/12/2025;segunda-feira;12:05:00;PR;376;369;ORTIGUEIRA;Aus�ncia de rea��o do condutor;Capotamento;Com V�timas Feridas;Pleno dia;Decrescente;Nublado;Simples;Curva;N�o;1;0;1;0;0;0;1;1;-24,33615719;-50,83501279;SPRF-PR;DEL07-PR;UOP02-DEL07-PR;;;
735702;01/12/2025;segunda-feira;13:50:00;PE;104;61;CARUARU;Frear bruscamente;Colis�o traseira;Com V�timas Feridas;Pleno dia;Crescente;C�u Claro;Dupla;Retorno Regulamentado;Sim;2;0;0;1;1;0;1;2;-8,24597566;-35,97523419;SPRF-PE;DEL02-PE;UOP01-DEL02-PE;;;
735703;01/12/2025;segunda-feira;14:00:00;PB;101;89,5;JOAO PESSOA;Rea��o tardia ou ineficiente do condutor;Tombamento;Com V�timas Feridas;Pleno dia;Crescente;C�u Claro;Dupla;Retorno Regulamentado;Sim;1;0;0;1;0;0;1;1;-7,181182;-34,900773;SPRF-PB;DEL01-PB;UOP01-DEL01-PB;;;
735705;01/12/2025;segunda-feira;14:45:00;RS;116;297;ELDORADO DO SUL;Demais falhas mec�nicas ou el�tricas;Colis�o traseira;Com V�timas Feridas;Pleno dia;Decrescente;C�u Claro;Dupla;Reta;N�o;4;0;2;0;2;0;2;2;-30,015488;-51,3343488;SPRF-RS;DEL02-RS;UOP01-DEL02-RS;;;
735706;01/12/2025;segunda-feira;14:30:00;RS;290;200;RIO PARDO;Rea��o tardia ou ineficiente do condutor;Sa�da de leito carro��vel;Com V�timas Feridas;Pleno dia;Crescente;Nublado;Simples;Reta;N�o;2;0;2;0;0;0;2;1;-30,17100719;-52,22174518;SPRF-RS;DEL02-RS;UOP03-DEL02-RS;;;
735709;01/12/2025;segunda-feira;14:10:00;MG;381;352;JOAO MONLEVADE;Acesso irregular;Colis�o transversal;Com V�timas Feridas;Pleno dia;Decrescente;Nublado;Simples;Reta;Sim;2;0;1;0;1;0;1;2;-19,84228944;-43,17386627;SPRF-MG;DEL03-MG;UOP01-DEL03-MG;;;
735710;10/10/2025;sexta-feira;16:30:00;MG;40;520,3;CONTAGEM;Trafegar com motocicleta (ou similar) entre as faixas;Colis�o lateral mesmo sentido;Com V�timas Feridas;Pleno dia;Decrescente;C�u Claro;Dupla;Reta;N�o;3;0;2;0;1;0;2;2;-19,8498602;-44,0723451;SPRF-MG;DEL01-MG;UOP02-DEL01-MG;;;
735711;01/12/2025;segunda-feira;14:50:00;GO;60;191;GUAPO;Condutor Dormindo;Sa�da de leito carro��vel;Com V�timas Feridas;Pleno dia;Crescente;C�u Claro;Dupla;"Declive;Curva";N�o;3;0;2;0;1;0;2;1;-16,849138;-49,559869;SPRF-GO;DEL01-GO;UOP02-DEL01-GO;;;
735712;01/12/2025;segunda-feira;14:50:00;DF;20;3,8;BRASILIA;Rea��o tardia ou ineficiente do condutor;Queda de ocupante de ve�culo;Com V�timas Feridas;Pleno dia;Crescente;Chuva;Dupla;"Reta;Declive";Sim;6;0;1;1;3;1;2;5;-15,67676068;-47,82487929;SPRF-DF;DEL02-DF;UOP01-DEL02-DF;;;
735714;01/12/2025;segunda-feira;15:30:00;RS;116;262;CANOAS;Rea��o tardia ou ineficiente do condutor;Tombamento;Com V�timas Feridas;Pleno dia;Decrescente;C�u Claro;Dupla;Reta;Sim;1;0;1;0;0;0;1;1;-29,89419635;-51,17640827;SPRF-RS;DEL01-RS;UOP01-DEL01-RS;;;
735715;27/11/2025;quinta-feira;19:45:00;RS;158;562;SANTANA DO LIVRAMENTO;Acessar a via sem observar a presen�a dos outros ve�culos;Colis�o transversal;Sem V�timas;Anoitecer;Decrescente;C�u Claro;Simples;"Reta;Interse��o de Vias;Declive";Sim;5;0;0;0;5;0;0;2;-30,85160061;-55,48868638;SPRF-RS;DEL11-RS;UOP01-DEL11-RS;;;
735716;01/12/2025;segunda-feira;14:10:00;PI;343;589,8;FLORIANO;Manobra de mudan�a de faixa;Colis�o lateral mesmo sentido;Com V�timas Feridas;Pleno dia;Crescente;Sol;Dupla;"Aclive;Reta";Sim;2;0;0;1;0;1;1;2;-6,78137;-43,0131;SPRF-PI;DEL03-PI;UOP01-DEL03-PI;;;
735717;01/12/2025;segunda-feira;15:00:00;CE;116;63,9;CHOROZINHO;Mal s�bito do condutor;Sa�da de leito carro��vel;Com V�timas Feridas;Pleno dia;Crescente;C�u Claro;Simples;Reta;N�o;1;0;0;1;0;0;1;1;-4,2848911;-38,49501419;SPRF-CE;DEL01-CE;UOP04-DEL01-CE;;;
735718;01/12/2025;segunda-feira;14:50:00;PR;376;617,3;SAO JOSE DOS PINHAIS;Rea��o tardia ou ineficiente do condutor;Colis�o transversal;Com V�timas Feridas;Pleno dia;Crescente;Nublado;Dupla;"Retorno Regulamentado;Reta;Interse��o de Vias";N�o;2;0;1;0;1;0;1;2;-25,59386471;-49,17295631;SPRF-PR;DEL01-PR;UOP04-DEL01-PR;;;
735719;01/12/2025;segunda-feira;14:00:00;MG;262;362;JUATUBA;Rea��o tardia ou ineficiente do condutor;Colis�o traseira;Com V�timas Feridas;Pleno dia;Crescente;C�u Claro;Dupla;Reta;N�o;3;0;1;0;2;0;1;2;-19,973604;-44,328344;SPRF-MG;DEL01-MG;UOP03-DEL01-MG;;;
735721;01/12/2025;segunda-feira;16:10:00;SC;282;4,5;SAO JOSE;Trafegar com motocicleta (ou similar) entre as faixas;Colis�o lateral mesmo sentido;Com V�timas Feridas;Pleno dia;Crescente;Nublado;Dupla;Reta;Sim;2;0;1;0;1;0;1;2;-27,58898311;-48,61144491;SPRF-SC;DEL01-SC;UOP01-DEL01-SC;;;
735722;01/12/2025;segunda-feira;13:15:00;PR;369;365;MAMBORE;Rea��o tardia ou ineficiente do condutor;Sa�da de leito carro��vel;Com V�timas Fatais;Pleno dia;Decrescente;Garoa/Chuvisco;Simples;"Declive;Curva";N�o;1;1;0;0;0;0;0;1;-24,22776717;-52,51858441;SPRF-PR;DEL04-PR;UOP03-DEL04-PR;;;
735726;30/11/2025;domingo;01:20:00;SC;0;0;BIGUACU;Participar de racha;Colis�o transversal;Sem V�timas;Plena Noite;N�o Informado;Nublado;Simples;Desvio Tempor�rio;Sim;5;0;0;0;5;0;0;2;-27,49373644;-48,70815245;SPRF-SC;DEL01-SC;UOP01-DEL01-SC;;;
735729;01/12/2025;segunda-feira;15:00:00;SC;282;2;FLORIANOPOLIS;Aus�ncia de rea��o do condutor;Colis�o traseira;Com V�timas Feridas;Pleno dia;Crescente;Chuva;M�ltipla;Reta;Sim;3;0;1;0;2;0;1;3;-27,60362582;-48,58469423;SPRF-SC;DEL01-SC;UOP01-DEL01-SC;;;
735730;01/12/2025;segunda-feira;14:40:00;RJ;101;479;ANGRA DOS REIS;Mal s�bito do condutor;Colis�o com objeto;Com V�timas Feridas;Pleno dia;Crescente;Nublado;Simples;Reta;Sim;1;0;1;0;0;0;1;1;-23,00106381;-44,29824829;SPRF-RJ;DEL03-RJ;UOP03-DEL03-RJ;;;
735731;01/12/2025;segunda-feira;12:30:00;SP;116;225;GUARULHOS;Pedestre andava na pista;Atropelamento de Pedestre;Com V�timas Feridas;Pleno dia;Decrescente;C�u Claro;M�ltipla;Declive;Sim;2;0;1;0;0;1;1;2;-23,49098177;-46,5484806;SPRF-SP;DEL01-SP;UOP01-DEL01-SP;;;
735734;27/11/2025;quinta-feira;12:40:00;MG;381;756;TRES CORACOES;Condutor usando celular;Colis�o frontal;Sem V�timas;Pleno dia;Decrescente;C�u Claro;Simples;Curva;N�o;3;0;0;0;3;0;0;2;-21,6716;-45,332;SPRF-MG;DEL16-MG;UOP02-DEL16-MG;;;
735736;01/12/2025;segunda-feira;16:10:00;RS;290;103;ELDORADO DO SUL;Demais falhas mec�nicas ou el�tricas;Inc�ndio;Sem V�timas;Pleno dia;Decrescente;C�u Claro;Dupla;Reta;N�o;2;0;0;0;2;0;0;1;-29,991924;-51,27152;SPRF-RS;DEL01-RS;UOP01-DEL01-RS;;;
735737;01/12/2025;segunda-feira;15:00:00;RN;226;49;BOM JESUS;Rea��o tardia ou ineficiente do condutor;Sa�da de leito carro��vel;Com V�timas Feridas;Pleno dia;Decrescente;C�u Claro;Simples;Reta;N�o;1;0;1;0;0;0;1;1;-5,991905;-35,598057;SPRF-RN;DEL01-RN;UOP02-DEL01-RN;;;
735738;01/12/2025;segunda-feira;16:00:00;MS;158;21;CASSILANDIA;Demais falhas mec�nicas ou el�tricas;Sa�da de leito carro��vel;Com V�timas Feridas;Pleno dia;Crescente;Nublado;Simples;Declive;N�o;2;0;1;0;1;0;1;1;-19,1907792;-51,576285;SPRF-MS;DEL08-MS;UOP01-DEL08-MS;;;
735739;01/12/2025;segunda-feira;15:22:00;MT;163;750;SORRISO;Condutor deixou de manter dist�ncia do ve�culo da frente;Colis�o traseira;Com V�timas Feridas;Pleno dia;Decrescente;C�u Claro;Dupla;Retorno Regulamentado;Sim;3;0;1;0;2;0;1;2;-12,57327685;-55,72772026;SPRF-MT;DEL06-MT;UOP01-DEL06-MT;;;
735740;01/12/2025;segunda-feira;15:00:00;SP;116;82;ROSEIRA;Aus�ncia de rea��o do condutor;Colis�o com objeto;Com V�timas Feridas;Pleno dia;Decrescente;C�u Claro;Dupla;Reta;N�o;1;0;1;0;0;0;1;1;-22,90176302;-45,30572034;SPRF-SP;DEL08-SP;UOP01-DEL08-SP;;;
735742;01/12/2025;segunda-feira;15:40:00;RJ;40;109;DUQUE DE CAXIAS;Rea��o tardia ou ineficiente do condutor;Colis�o traseira;Com V�timas Feridas;Pleno dia;Decrescente;C�u Claro;Dupla;Reta;Sim;4;0;2;0;2;0;2;2;-22,67939996;-43,28573362;SPRF-RJ;DEL01-RJ;UOP02-DEL01-RJ;;;
735743;01/12/2025;segunda-feira;17:30:00;SP;101;51,4;UBATUBA;Mal s�bito do condutor;Colis�o frontal;Com V�timas Feridas;Pleno dia;Crescente;Nublado;Simples;Reta;Sim;2;0;1;0;1;0;1;2;-23,46171934;-45,0656357;SPRF-SP;DEL06-SP;UOP01-DEL06-SP;;;
735745;01/12/2025;segunda-feira;16:25:00;PI;343;8;PARNAIBA;Acessar a via sem observar a presen�a dos outros ve�culos;Colis�o transversal;Com V�timas Feridas;Pleno dia;Crescente;C�u Claro;Simples;Reta;Sim;2;0;2;0;0;0;2;2;-2,89982189;-41,72684519;SPRF-PI;DEL05-PI;UOP01-DEL05-PI;;;
735748;01/12/2025;segunda-feira;11:45:00;PR;376;378;IMBAU;Rea��o tardia ou ineficiente do condutor;Capotamento;Com V�timas Feridas;Pleno dia;Crescente;Nublado;Dupla;Curva;N�o;1;0;1;0;0;0;1;1;-24,41890269;-50,77458068;SPRF-PR;DEL03-PR;UOP02-DEL03-PR;;;
735749;01/12/2025;segunda-feira;18:00:00;MG;40;522;CONTAGEM;Transitar no Acostamento;Colis�o traseira;Com V�timas Feridas;Pleno dia;Decrescente;C�u Claro;Dupla;Reta;N�o;3;0;2;0;1;0;2;2;-19,87387387;-44,06586147;SPRF-MG;DEL01-MG;UOP02-DEL01-MG;;;
735750;01/12/2025;segunda-feira;14:00:00;PR;376;439;IPIRANGA;Chuva;Sa�da de leito carro��vel;Com V�timas Feridas;Pleno dia;Crescente;Chuva;Dupla;Curva;N�o;2;0;1;1;0;0;2;1;-24,849423;-50,472668;SPRF-PR;DEL03-PR;UOP02-DEL03-PR;;;
735751;01/12/2025;segunda-feira;15:00:00;RJ;40;116;DUQUE DE CAXIAS;Demais falhas mec�nicas ou el�tricas;Queda de ocupante de ve�culo;Com V�timas Feridas;Pleno dia;Decrescente;Sol;Dupla;Reta;Sim;1;0;1;0;0;0;1;1;-22,74574872;-43,28770747;SPRF-RJ;DEL01-RJ;UOP02-DEL01-RJ;;;
735752;01/12/2025;segunda-feira;15:00:00;PR;376;464;PONTA GROSSA;Chuva;Sa�da de leito carro��vel;Com V�timas Feridas;Pleno dia;Decrescente;Chuva;Dupla;Curva;N�o;2;0;0;1;1;0;1;1;-25,01457735;-50,34274042;SPRF-PR;DEL03-PR;UOP01-DEL03-PR;;;
735753;01/12/2025;segunda-feira;17:25:00;RJ;393;279,5;BARRA DO PIRAI;Transitar no Acostamento;Colis�o transversal;Com V�timas Feridas;Pleno dia;Crescente;Sol;Simples;Reta;N�o;2;0;0;1;1;0;1;2;-22,478003;-44,04669;SPRF-RJ;DEL05-RJ;UOP04-DEL05-RJ;;;
735754;01/12/2025;segunda-feira;17:45:00;PE;232;7;RECIFE;Rea��o tardia ou ineficiente do condutor;Colis�o traseira;Com V�timas Feridas;Plena Noite;Crescente;C�u Claro;M�ltipla;Reta;Sim;2;0;1;0;1;0;1;2;-8,07307;-34,96103;SPRF-PE;DEL01-PE;UOP01-DEL01-PE;;;
735755;01/12/2025;segunda-feira;15:30:00;MG;267;9;LEOPOLDINA;Rea��o tardia ou ineficiente do condutor;Colis�o com objeto;Com V�timas Feridas;Pleno dia;Crescente;C�u Claro;Simples;Reta;N�o;2;0;1;0;1;0;1;1;-21,5675353;-42,6984729;SPRF-MG;DEL07-MG;UOP01-DEL07-MG;;;
735756;01/12/2025;segunda-feira;16:30:00;TO;10;420;PORTO NACIONAL;Aus�ncia de rea��o do condutor;Colis�o transversal;Com V�timas Feridas;Pleno dia;Crescente;C�u Claro;Simples;Reta;N�o;2;0;1;0;1;0;1;2;-10,584275;-48,370019;SPRF-TO;DEL01-TO;UOP03-DEL01-TO;;;