id;data_inversa;dia_semana;horario;uf;br;km;municipio;causa_acidente;tipo_acidente;classificacao_acidente;fase_dia;sentido_via;condicao_metereologica;tipo_pista;tracado_via;uso_solo;pessoas;mortos;feridos_leves;feridos_graves;ilesos;ignorados;feridos;veiculos;latitude;longitude;regional;delegacia;uop;;;
735760;01/12/2025;segunda-feira;18:00:00;SP;116;230,8;SAO PAULO;Manobra de mudan�a de faixa;Colis�o lateral mesmo sentido;Com V�timas Feridas;Anoitecer;Crescente;Ignorado;M�ltipla;"Reta;Interse��o de Vias";Sim;2;0;1;0;1;0;1;2;-23,52054883;-46,58426285;SPRF-SP;DEL01-SP;UOP01-DEL01-SP;;;
735761;01/12/2025;segunda-feira;14:50:00;PB;230;106;INGA;Condutor usando celular;Sa�da de leito carro��vel;Com V�timas Feridas;Pleno dia;Crescente;C�u Claro;Dupla;Reta;N�o;1;0;1;0;0;0;1;1;-7,203513;-35,545358;SPRF-PB;DEL01-PB;UOP02-DEL01-PB;;;
735762;01/12/2025;segunda-feira;16:30:00;SP;116;106;TAUBATE;Rea��o tardia ou ineficiente do condutor;Tombamento;Com V�timas Feridas;Pleno dia;Decrescente;C�u Claro;Dupla;Reta;Sim;1;0;1;0;0;0;1;1;-23,0125562;-45,5224905;SPRF-SP;DEL02-SP;UOP02-DEL02-SP;;;
735764;01/12/2025;segunda-feira;18:50:00;ES;101;296;CARIACICA;Trafegar com motocicleta (ou similar) entre as faixas;Colis�o traseira;Com V�timas Feridas;Plena Noite;Decrescente;C�u Claro;M�ltipla;Interse��o de Vias;Sim;2;0;1;0;1;0;1;2;-20,340234;-40,40419579;SPRF-ES;DEL01-ES;UOP01-DEL01-ES;;;
735765;01/12/2025;segunda-feira;17:40:00;MT;70;522;VARZEA GRANDE;Condutor deixou de manter dist�ncia do ve�culo da frente;Colis�o traseira;Sem V�timas;Pleno dia;Crescente;C�u Claro;Simples;Reta;Sim;3;0;0;0;2;1;0;2;-15,663965;-56,184572;SPRF-MT;DEL01-MT;UOP02-DEL01-MT;;;
735766;01/12/2025;segunda-feira;12:40:00;MG;40;606,2;CONGONHAS;Mal s�bito do condutor;Sa�da de leito carro��vel;Com V�timas Feridas;Pleno dia;Decrescente;Sol;Simples;Reta;Sim;3;0;1;0;2;0;1;2;-20,4731402;-43,843828;SPRF-MG;DEL05-MG;UOP02-DEL05-MG;;;
735768;01/12/2025;segunda-feira;19:01:00;ES;101;148,3;LINHARES;Condutor deixou de manter dist�ncia do ve�culo da frente;Colis�o traseira;Com V�timas Feridas;Plena Noite;Decrescente;C�u Claro;Dupla;Reta;Sim;2;0;1;0;1;0;1;2;-19,3921858;-40,0665988;SPRF-ES;DEL04-ES;UOP01-DEL04-ES;;;
735769;01/12/2025;segunda-feira;17:40:00;RJ;40;121;DUQUE DE CAXIAS;Condutor deixou de manter dist�ncia do ve�culo da frente;Colis�o traseira;Com V�timas Feridas;Pleno dia;Crescente;C�u Claro;Simples;"Viaduto;Reta;Rotat�ria";Sim;4;0;2;0;2;0;2;2;-22,78645002;-43,28520416;SPRF-RJ;DEL01-RJ;UOP02-DEL01-RJ;;;
735770;01/12/2025;segunda-feira;19:00:00;PE;232;8,5;RECIFE;Acesso irregular;Colis�o lateral mesmo sentido;Com V�timas Feridas;Plena Noite;Crescente;C�u Claro;M�ltipla;Interse��o de Vias;Sim;3;0;2;0;0;1;2;2;-8,07701;-34,975482;SPRF-PE;DEL01-PE;UOP01-DEL01-PE;;;
735771;01/12/2025;segunda-feira;18:30:00;PB;101;83,7;BAYEUX;Pedestre cruzava a pista fora da faixa;Atropelamento de Pedestre;Com V�timas Feridas;Plena Noite;Decrescente;C�u Claro;Dupla;Reta;Sim;2;0;1;0;0;1;1;2;-7,137693;-34,924993;SPRF-PB;DEL01-PB;UOP01-DEL01-PB;;;
735772;01/12/2025;segunda-feira;10:00:00;MT;70;383;CAMPO VERDE;Rea��o tardia ou ineficiente do condutor;Atropelamento de Pedestre;Sem V�timas;Pleno dia;Decrescente;C�u Claro;Simples;Reta;Sim;2;0;0;0;0;2;0;2;-15,54707925;-55,16046524;SPRF-MT;DEL05-MT;UOP02-DEL05-MT;;;
735773;01/12/2025;segunda-feira;19:00:00;SC;101;207;SAO JOSE;Trafegar com motocicleta (ou similar) entre as faixas;Colis�o lateral mesmo sentido;Com V�timas Feridas;Plena Noite;Crescente;Garoa/Chuvisco;M�ltipla;"Reta;Declive";N�o;3;0;2;0;1;0;2;2;-27,602163;-48,629028;SPRF-SC;DEL01-SC;UOP01-DEL01-SC;;;
735778;01/12/2025;segunda-feira;18:40:00;PR;277;720;SANTA TEREZINHA DE ITAIPU;Condutor usando celular;Sa�da de leito carro��vel;Com V�timas Feridas;Anoitecer;Decrescente;C�u Claro;Dupla;Reta;N�o;2;0;1;0;1;0;1;2;-25,47604462;-54,47585519;SPRF-PR;DEL05-PR;UOP03-DEL05-PR;;;
735779;01/12/2025;segunda-feira;19:25:00;SC;101;115,5;ITAJAI;Pedestre cruzava a pista fora da faixa;Atropelamento de Pedestre;Com V�timas Fatais;Plena Noite;Crescente;Chuva;M�ltipla;Reta;Sim;2;1;0;0;1;0;0;2;-26,8740125;-48,7281003;SPRF-SC;DEL04-SC;UOP04-DEL04-SC;;;
735780;01/12/2025;segunda-feira;18:50:00;CE;222;312,7;TIANGUA;Animais na Pista;Atropelamento de Animal;Com V�timas Feridas;Plena Noite;Crescente;C�u Claro;M�ltipla;Reta;Sim;1;0;1;0;0;0;1;1;-3,721587;-40,995825;SPRF-CE;DEL04-CE;UOP02-DEL04-CE;;;
735783;01/12/2025;segunda-feira;18:15:00;SC;280;27,5;ARAQUARI;Convers�o proibida;Colis�o transversal;Com V�timas Feridas;Anoitecer;Crescente;Nublado;Simples;Reta;N�o;2;0;1;0;1;0;1;2;-26,401393;-48,743241;SPRF-SC;DEL03-SC;UOP03-DEL03-SC;;;
735786;01/12/2025;segunda-feira;18:30:00;BA;101;360;WENCESLAU GUIMARAES;Pedestre - Ingest�o de �lcool/ subst�ncias psicoativas;Colis�o transversal;Com V�timas Feridas;Anoitecer;Decrescente;C�u Claro;Simples;Reta;N�o;4;0;3;1;0;0;4;3;-13,695221;-39,479504;SPRF-BA;DEL05-BA;UOP03-DEL05-BA;;;
735787;01/12/2025;segunda-feira;15:30:00;RS;285;601;SANTO ANTONIO DAS MISSOES;Manobra de mudan�a de faixa;Sa�da de leito carro��vel;Com V�timas Fatais;Pleno dia;Crescente;C�u Claro;Simples;"Reta;Aclive";N�o;2;1;0;0;0;1;0;2;-28,49077;-55,27441;SPRF-RS;DEL12-RS;UOP01-DEL12-RS;;;
735788;01/12/2025;segunda-feira;19:20:00;ES;101;148,7;LINHARES;Condutor desrespeitou a ilumina��o vermelha do sem�foro;Colis�o transversal;Com V�timas Feridas;Plena Noite;Decrescente;C�u Claro;M�ltipla;"Reta;Interse��o de Vias";Sim;3;0;1;2;0;0;3;2;-19,3946382;-40,0653978;SPRF-ES;DEL04-ES;UOP01-DEL04-ES;;;
735789;01/12/2025;segunda-feira;21:10:00;PE;408;96;JABOATAO DOS GUARARAPES;Pista Escorregadia;Tombamento;Com V�timas Feridas;Plena Noite;Crescente;C�u Claro;M�ltipla;Viaduto;Sim;1;0;1;0;0;0;1;1;-8,07227;-34,99202;SPRF-PE;DEL01-PE;UOP01-DEL01-PE;;;
735791;01/12/2025;segunda-feira;20:00:00;SC;116;219,2;CORREIA PINTO;Acessar a via sem observar a presen�a dos outros ve�culos;Colis�o transversal;Com V�timas Feridas;Pleno dia;Decrescente;Garoa/Chuvisco;Simples;Rotat�ria;Sim;2;0;1;0;1;0;1;2;-27,58082507;-50,36811948;SPRF-SC;DEL05-SC;UOP03-DEL05-SC;;;
735796;01/12/2025;segunda-feira;19:20:00;MG;40;279;TRES MARIAS;Ultrapassagem Indevida;Colis�o frontal;Com V�timas Feridas;Plena Noite;Crescente;C�u Claro;Simples;Aclive;Sim;4;0;0;2;2;0;2;3;-18,229901;-45,218673;SPRF-MG;DEL14-MG;UOP02-DEL14-MG;;;
735797;01/12/2025;segunda-feira;20:30:00;PR;376;644,5;TIJUCAS DO SUL;Desrespeitar a prefer�ncia no cruzamento;Colis�o transversal;Com V�timas Feridas;Plena Noite;Decrescente;C�u Claro;M�ltipla;"Interse��o de Vias;Rotat�ria";Sim;2;0;1;0;0;1;1;2;-25,824489;-49,125254;SPRF-PR;DEL01-PR;UOP04-DEL01-PR;;;
735801;01/12/2025;segunda-feira;19:24:00;PI;230;310,4;FLORIANO;Aus�ncia de rea��o do condutor;Tombamento;Sem V�timas;Plena Noite;Crescente;C�u Claro;Simples;Reta;Sim;1;0;0;0;1;0;0;1;-6,762375;-43,010703;SPRF-PI;DEL03-PI;UOP01-DEL03-PI;;;
735802;01/12/2025;segunda-feira;20:20:00;MA;230;2,2;BARAO DE GRAJAU;Animais na Pista;Atropelamento de Animal;Com V�timas Feridas;Plena Noite;Crescente;C�u Claro;Simples;Reta;Sim;1;0;0;1;0;0;1;1;-6,754225;-43,02625;SPRF-PI;DEL03-PI;UOP01-DEL03-PI;;;
735803;21/11/2025;sexta-feira;09:45:00;BA;242;337;LAJEDINHO;Ultrapassagem Indevida;Colis�o frontal;Com V�timas Feridas;Pleno dia;Decrescente;C�u Claro;Simples;Curva;N�o;3;0;1;1;0;1;2;3;-12,49766;-41,19805;SPRF-BA;DEL06-BA;UOP02-DEL06-BA;;;
735804;01/12/2025;segunda-feira;18:20:00;RJ;40;32;AREAL;Aus�ncia de rea��o do condutor;Tombamento;Com V�timas Feridas;Anoitecer;Decrescente;C�u Claro;Dupla;Curva;N�o;1;0;1;0;0;0;1;1;-22,20125795;-43,14943361;SPRF-RJ;DEL05-RJ;UOP02-DEL05-RJ;;;
735805;01/12/2025;segunda-feira;20:20:00;SP;116;222;GUARULHOS;Acessar a via sem observar a presen�a dos outros ve�culos;Colis�o transversal;Com V�timas Feridas;Plena Noite;Decrescente;C�u Claro;Dupla;Reta;Sim;2;0;1;0;1;0;1;2;-23,475692;-46,524423;SPRF-SP;DEL01-SP;UOP01-DEL01-SP;;;
735806;01/12/2025;segunda-feira;20:15:00;RJ;101;303;SAO GONCALO;Mal s�bito do condutor;Tombamento;Com V�timas Feridas;Plena Noite;Decrescente;C�u Claro;Dupla;Reta;N�o;2;0;1;0;0;1;1;2;-22,78317963;-42,97838185;SPRF-RJ;DEL02-RJ;UOP02-DEL02-RJ;;;
735807;01/12/2025;segunda-feira;21:25:00;SE;235;65;ITABAIANA;Rea��o tardia ou ineficiente do condutor;Sa�da de leito carro��vel;Sem V�timas;Plena Noite;Crescente;C�u Claro;Simples;"Aclive;Curva";N�o;1;0;0;0;0;1;0;1;-10,594898;-37,482022;SPRF-SE;DEL01-SE;UOP02-DEL01-SE;;;
735808;01/12/2025;segunda-feira;17:30:00;SC;163;70,4;SAO MIGUEL DO OESTE;Ingest�o de �lcool pelo condutor;Colis�o traseira;Sem V�timas;Pleno dia;Crescente;Nublado;Dupla;Reta;Sim;2;0;0;0;2;0;0;2;-26,73291752;-53,50939097;SPRF-SC;DEL07-SC;UOP03-DEL07-SC;;;
735809;01/12/2025;segunda-feira;22:00:00;MG;262;350;BETIM;Aus�ncia de rea��o do condutor;Sa�da de leito carro��vel;Sem V�timas;Plena Noite;Decrescente;C�u Claro;Dupla;Reta;Sim;1;0;0;0;0;1;0;1;-19,98323122;-44,20939827;SPRF-MG;DEL01-MG;UOP03-DEL01-MG;;;
735810;01/12/2025;segunda-feira;17:00:00;MT;364;261;RONDONOPOLIS;Condutor deixou de manter dist�ncia do ve�culo da frente;Colis�o traseira;Com V�timas Feridas;Pleno dia;Crescente;C�u Claro;Dupla;Reta;N�o;5;0;2;1;2;0;3;2;-16,41081028;-54,71255779;SPRF-MT;DEL02-MT;UOP01-DEL02-MT;;;
735811;01/12/2025;segunda-feira;22:06:00;PE;101;48,2;ABREU E LIMA;Ingest�o de �lcool pelo condutor;Colis�o traseira;Sem V�timas;Plena Noite;Decrescente;C�u Claro;M�ltipla;Reta;Sim;2;0;0;0;2;0;0;2;-7,898528;-34,902302;SPRF-PE;DEL01-PE;UOP02-DEL01-PE;;;
735812;01/12/2025;segunda-feira;19:45:00;SC;101;1,5;ARARANGUA;Condutor deixou de manter dist�ncia do ve�culo da frente;Colis�o traseira;Com V�timas Feridas;Plena Noite;Crescente;Nublado;Simples;Reta;N�o;6;0;1;0;5;0;1;2;-28,9345146;-49,49510336;SPRF-SC;DEL02-SC;UOP02-DEL02-SC;;;
735813;01/12/2025;segunda-feira;22:05:00;SC;282;502;XANXERE;Velocidade Incompat�vel;Sa�da de leito carro��vel;Com V�timas Feridas;Pleno dia;Crescente;C�u Claro;Dupla;"Curva;Declive";Sim;3;0;1;0;2;0;1;1;-26,88506659;-52,39377234;SPRF-SC;DEL07-SC;UOP01-DEL07-SC;;;
735814;01/12/2025;segunda-feira;21:30:00;MT;364;404;CUIABA;Rea��o tardia ou ineficiente do condutor;Colis�o traseira;Com V�timas Feridas;Plena Noite;Decrescente;C�u Claro;Dupla;Reta;Sim;3;0;0;3;0;0;3;2;-15,64801918;-56,00452423;SPRF-MT;DEL01-MT;UOP02-DEL01-MT;;;
735815;01/12/2025;segunda-feira;23:30:00;RJ;101;55;CAMPOS DOS GOYTACAZES;Aus�ncia de rea��o do condutor;Colis�o transversal;Com V�timas Fatais;Plena Noite;Decrescente;C�u Claro;Simples;Reta;Sim;2;1;0;0;0;1;0;2;-21,680403;-41,310742;SPRF-RJ;DEL08-RJ;UOP01-DEL08-RJ;;;
735816;01/12/2025;segunda-feira;23:26:00;PE;232;112,8;BEZERROS;Aus�ncia de rea��o do condutor;Capotamento;Com V�timas Feridas;Plena Noite;Crescente;C�u Claro;Dupla;Reta;N�o;1;0;0;1;0;0;1;1;-8,2981;-35,83731;SPRF-PE;DEL02-PE;UOP03-DEL02-PE;;;
735820;02/12/2025;ter�a-feira;00:05:00;RS;392;26,8;RIO GRANDE;Entrada inopinada do pedestre;Colis�o com objeto;Com V�timas Feridas;Plena Noite;Decrescente;C�u Claro;Simples;Curva;Sim;1;0;1;0;0;0;1;1;-32,07270018;-52,26330198;SPRF-RS;DEL07-RS;UOP02-DEL07-RS;;;
735821;01/12/2025;segunda-feira;21:15:00;MS;158;142,2;APARECIDA DO TABOADO;Aus�ncia de rea��o do condutor;Tombamento;Com V�timas Feridas;Plena Noite;Crescente;Garoa/Chuvisco;Dupla;Reta;N�o;1;0;1;0;0;0;1;1;-20,04746;-51,112392;SPRF-MS;DEL08-MS;UOP01-DEL08-MS;;;
735822;01/12/2025;segunda-feira;21:20:00;MS;163;243;DOURADOS;Aus�ncia de rea��o do condutor;Colis�o frontal;Sem V�timas;Plena Noite;Crescente;C�u Claro;Dupla;Reta;N�o;2;0;0;0;1;1;0;2;-22,3651882;-54,7993556;SPRF-MS;DEL04-MS;UOP02-DEL04-MS;;;
735823;02/12/2025;ter�a-feira;00:25:00;PR;277;10;PARANAGUA;Aus�ncia de rea��o do condutor;Capotamento;Com V�timas Feridas;Plena Noite;Decrescente;Nublado;Dupla;Reta;N�o;1;0;1;0;0;0;1;1;-25,56883907;-48,61688107;SPRF-PR;DEL01-PR;UOP05-DEL01-PR;;;
735828;02/12/2025;ter�a-feira;01:30:00;MG;381;502;BETIM;Ingest�o de �lcool pelo condutor;Colis�o com objeto;Com V�timas Feridas;Plena Noite;Crescente;C�u Claro;Dupla;Reta;N�o;3;0;1;0;2;0;1;1;-20,01957214;-44,23052005;SPRF-MG;DEL01-MG;UOP03-DEL01-MG;;;
735829;01/12/2025;segunda-feira;23:30:00;BA;116;845;VITORIA DA CONQUISTA;Condutor Dormindo;Colis�o frontal;Com V�timas Feridas;Plena Noite;Crescente;C�u Claro;Simples;"Reta;Declive";N�o;4;0;0;1;3;0;1;2;-15,02486648;-40,95365234;SPRF-BA;DEL08-BA;UOP01-DEL08-BA;;;
735832;02/12/2025;ter�a-feira;04:20:00;RJ;116;185;NOVA IGUACU;Ingest�o de �lcool pelo condutor;Colis�o lateral mesmo sentido;Com V�timas Feridas;Plena Noite;Decrescente;Garoa/Chuvisco;Dupla;Curva;Sim;3;0;1;1;1;0;2;2;-22,74452265;-43,44910383;SPRF-RJ;DEL06-RJ;UOP01-DEL06-RJ;;;
735834;02/12/2025;ter�a-feira;05:00:00;PI;316;2;TERESINA;Condutor Dormindo;Colis�o traseira;Com V�timas Feridas;Amanhecer;Crescente;C�u Claro;Dupla;Rotat�ria;Sim;2;0;0;1;1;0;1;2;-5,12343718;-42,79563564;SPRF-PI;DEL01-PI;UOP02-DEL01-PI;;;
735836;18/10/2025;s�bado;15:20:00;SE;101;40;MURIBECA;Velocidade Incompat�vel;Colis�o traseira;Com V�timas Feridas;Pleno dia;Crescente;C�u Claro;Dupla;Reta;N�o;2;0;0;1;0;1;1;2;-10,42467667;-36,92779541;SPRF-SE;DEL02-SE;UOP02-DEL02-SE;;;
735839;02/12/2025;ter�a-feira;04:30:00;RJ;116;230;PARACAMBI;Acumulo de �gua sobre o pavimento;Colis�o com objeto;Com V�timas Feridas;Amanhecer;Crescente;Chuva;Simples;"Em Obras;Aclive;Curva";N�o;1;0;0;1;0;0;1;1;-22,652;-43,828;SPRF-RJ;DEL07-RJ;UOP01-DEL07-RJ;;;
735840;28/11/2025;sexta-feira;06:50:00;RJ;101;295;ITABORAI;Avarias e/ou desgaste excessivo no pneu;Sa�da de leito carro��vel;Com V�timas Feridas;Pleno dia;Crescente;C�u Claro;Dupla;Reta;Sim;5;0;5;0;0;0;5;1;-22,76482665;-42,90386292;SPRF-RJ;DEL02-RJ;UOP02-DEL02-RJ;;;
735841;02/12/2025;ter�a-feira;06:15:00;RN;101;78,9;NATAL;Entrada inopinada do pedestre;Atropelamento de Pedestre;Com V�timas Feridas;Pleno dia;Decrescente;Sol;Dupla;Reta;Sim;2;0;1;0;0;1;1;2;-5,74627062;-35,28961111;SPRF-RN;DEL02-RN;UOP01-DEL02-RN;;;
735842;02/12/2025;ter�a-feira;00:02:00;SC;101;153;PORTO BELO;Rea��o tardia ou ineficiente do condutor;Sa�da de leito carro��vel;Sem V�timas;Plena Noite;Decrescente;Chuva;Dupla;Reta;N�o;1;0;0;0;0;1;0;1;-27,14694733;-48,610425;SPRF-SC;DEL04-SC;UOP03-DEL04-SC;;;
735843;02/12/2025;ter�a-feira;06:40:00;PR;369;154;LONDRINA;Avarias e/ou desgaste excessivo no pneu;Tombamento;Com V�timas Feridas;Pleno dia;Decrescente;C�u Claro;Dupla;Declive;Sim;1;0;1;0;0;0;1;1;-23,296654;-51,2103293;SPRF-PR;DEL07-PR;UOP01-DEL07-PR;;;
735845;02/12/2025;ter�a-feira;07:00:00;RN;101;78,7;NATAL;Velocidade Incompat�vel;Colis�o lateral mesmo sentido;Com V�timas Feridas;Pleno dia;Decrescente;C�u Claro;Dupla;Desvio Tempor�rio;Sim;2;0;0;1;1;0;1;2;-5,746633;-35,289495;SPRF-RN;DEL02-RN;UOP01-DEL02-RN;;;
735847;02/12/2025;ter�a-feira;06:55:00;PB;230;24;JOAO PESSOA;Aus�ncia de rea��o do condutor;Colis�o traseira;Com V�timas Feridas;Pleno dia;Decrescente;C�u Claro;M�ltipla;"Declive;Reta;Viaduto";Sim;3;0;1;1;1;0;2;2;-7,16789347;-34,86417739;SPRF-PB;DEL01-PB;UOP01-DEL01-PB;;;
735849;02/12/2025;ter�a-feira;05:30:00;SP;488;2;APARECIDA;Condutor Dormindo;Colis�o com objeto;Com V�timas Feridas;Amanhecer;Crescente;C�u Claro;Dupla;Reta;Sim;1;0;1;0;0;0;1;1;-22,85450954;-45,24438036;SPRF-SP;DEL08-SP;UOP01-DEL08-SP;;;
735850;02/12/2025;ter�a-feira;07:20:00;MG;381;529,1;RIO MANSO;Velocidade Incompat�vel;Sa�da de leito carro��vel;Com V�timas Feridas;Pleno dia;Crescente;Nublado;Dupla;"Curva;Declive";N�o;1;0;1;0;0;0;1;1;-20,162019;-44,34137821;SPRF-MG;DEL04-MG;UOP03-DEL04-MG;;;
735851;02/12/2025;ter�a-feira;07:35:00;SP;116;218;GUARULHOS;Aus�ncia de rea��o do condutor;Colis�o traseira;Com V�timas Feridas;Pleno dia;Decrescente;C�u Claro;M�ltipla;Reta;Sim;3;0;1;0;2;0;1;2;-23,4507473;-46,4618879;SPRF-SP;DEL01-SP;UOP01-DEL01-SP;;;
735853;02/12/2025;ter�a-feira;07:15:00;SC;101;44;JOINVILLE;Trafegar com motocicleta (ou similar) entre as faixas;Colis�o lateral mesmo sentido;Com V�timas Feridas;Pleno dia;Decrescente;Nublado;M�ltipla;Reta;Sim;2;0;1;0;1;0;1;2;-26,34542181;-48,85731697;SPRF-SC;DEL03-SC;UOP01-DEL03-SC;;;
735854;02/12/2025;ter�a-feira;07:00:00;DF;20;19;BRASILIA;Acessar a via sem observar a presen�a dos outros ve�culos;Atropelamento de Pedestre;Com V�timas Feridas;Pleno dia;Decrescente;C�u Claro;Dupla;Reta;Sim;3;0;1;0;2;0;1;2;-15,610023;-47,696567;SPRF-DF;DEL02-DF;UOP01-DEL02-DF;;;
735855;02/12/2025;ter�a-feira;07:20:00;RS;448;4;ESTEIO;Condutor deixou de manter dist�ncia do ve�culo da frente;Colis�o traseira;Com V�timas Feridas;Pleno dia;Crescente;Sol;Dupla;Reta;Sim;2;0;1;0;1;0;1;2;-29,84642805;-51,20635779;SPRF-RS;DEL01-RS;UOP02-DEL01-RS;;;
735856;02/12/2025;ter�a-feira;07:30:00;SC;116;7;MAFRA;Desrespeitar a prefer�ncia no cruzamento;Colis�o transversal;Com V�timas Feridas;Pleno dia;Decrescente;C�u Claro;Simples;Reta;Sim;3;0;1;0;2;0;1;3;-26,15339458;-49,83303554;SPRF-SC;DEL06-SC;UOP01-DEL06-SC;;;
735857;02/12/2025;ter�a-feira;05:30:00;RS;285;107,5;VACARIA;Rea��o tardia ou ineficiente do condutor;Colis�o transversal;Com V�timas Feridas;Pleno dia;Decrescente;C�u Claro;Simples;Reta;N�o;2;0;1;0;1;0;1;2;-28,47254095;-50,8;SPRF-RS;DEL05-RS;UOP03-DEL05-RS;;;
735858;02/12/2025;ter�a-feira;07:30:00;SC;101;214;PALHOCA;Aus�ncia de rea��o do condutor;Queda de ocupante de ve�culo;Com V�timas Feridas;Pleno dia;Decrescente;Chuva;M�ltipla;Reta;Sim;2;0;1;0;1;0;1;2;-27,64946196;-48,67403693;SPRF-SC;DEL01-SC;UOP02-DEL01-SC;;;
735859;02/12/2025;ter�a-feira;07:55:00;RS;290;87;PORTO ALEGRE;Condutor deixou de manter dist�ncia do ve�culo da frente;Colis�o traseira;Com V�timas Feridas;Pleno dia;Crescente;Nublado;M�ltipla;Reta;Sim;2;0;1;0;1;0;1;2;-29,96770422;-51,12561621;SPRF-RS;DEL01-RS;UOP01-DEL01-RS;;;
735860;02/12/2025;ter�a-feira;07:00:00;DF;20;18,3;BRASILIA;Rea��o tardia ou ineficiente do condutor;Colis�o lateral mesmo sentido;Com V�timas Feridas;Pleno dia;Decrescente;Sol;Dupla;"Em Obras;Reta";N�o;3;0;1;0;1;1;1;3;-15,61488544;-47,70588666;SPRF-DF;DEL02-DF;UOP01-DEL02-DF;;;
735862;02/12/2025;ter�a-feira;06:20:00;SE;101;75,6;MARUIM;Aus�ncia de rea��o do condutor;Sa�da de leito carro��vel;Com V�timas Feridas;Pleno dia;Crescente;C�u Claro;Dupla;Reta;N�o;1;0;1;0;0;0;1;1;-10,770334;-37,120756;SPRF-SE;DEL01-SE;UOP01-DEL01-SE;;;
735863;02/12/2025;ter�a-feira;07:17:00;PI;316;2;TERESINA;Manobra de mudan�a de faixa;Colis�o lateral mesmo sentido;Com V�timas Feridas;Pleno dia;Crescente;Chuva;Dupla;Rotat�ria;Sim;2;0;1;0;1;0;1;2;-5,123318;-42,795353;SPRF-PI;DEL01-PI;UOP02-DEL01-PI;;;
735864;02/12/2025;ter�a-feira;04:10:00;MG;381;705,5;LAVRAS;Aus�ncia de rea��o do condutor;Colis�o com objeto;Com V�timas Feridas;Plena Noite;Decrescente;Ignorado;Dupla;"Curva;Declive";N�o;5;0;2;0;3;0;2;1;-21,31890603;-45,16691777;SPRF-MG;DEL04-MG;UOP02-DEL04-MG;;;
735865;29/11/2025;s�bado;17:25:00;AL;104;93;RIO LARGO;Condutor usando celular;Colis�o transversal;Com V�timas Feridas;Anoitecer;Crescente;C�u Claro;Dupla;Reta;Sim;2;0;0;1;1;0;1;2;-9,52400692;-35,80048625;SPRF-AL;DEL01-AL;UOP01-DEL01-AL;;;
735866;01/12/2025;segunda-feira;23:25:00;RJ;495;31;PETROPOLIS;Ultrapassagem Indevida;Colis�o lateral mesmo sentido;Com V�timas Feridas;Plena Noite;Crescente;C�u Claro;Simples;Reta;Sim;2;0;1;0;1;0;1;2;-22,38930527;-43,12494278;SPRF-RJ;DEL05-RJ;UOP02-DEL05-RJ;;;
735867;02/12/2025;ter�a-feira;08:03:00;RJ;116;310;RESENDE;Aus�ncia de rea��o do condutor;Sa�da de leito carro��vel;Com V�timas Feridas;Pleno dia;Decrescente;Nublado;Dupla;Reta;N�o;1;0;1;0;0;0;1;1;-22,46087018;-44,44155253;SPRF-RJ;DEL07-RJ;UOP02-DEL07-RJ;;;
735868;02/12/2025;ter�a-feira;08:15:00;GO;60;96,9;ANAPOLIS;Condutor deixou de manter dist�ncia do ve�culo da frente;Colis�o traseira;Sem V�timas;Pleno dia;Crescente;C�u Claro;Dupla;Reta;Sim;2;0;0;0;2;0;0;2;-16,37607719;-48,94735906;SPRF-GO;DEL02-GO;UOP01-DEL02-GO;;;
735869;02/12/2025;ter�a-feira;07:30:00;SP;116;151;SAO JOSE DOS CAMPOS;Rea��o tardia ou ineficiente do condutor;Tombamento;Com V�timas Feridas;Pleno dia;Crescente;C�u Claro;M�ltipla;Reta;Sim;1;0;1;0;0;0;1;1;-23,21945233;-45,90003904;SPRF-SP;DEL02-SP;UOP01-DEL02-SP;;;
735870;02/12/2025;ter�a-feira;08:00:00;PR;277;727,6;FOZ DO IGUACU;Aus�ncia de rea��o do condutor;Tombamento;Com V�timas Feridas;Pleno dia;Decrescente;C�u Claro;Dupla;Reta;Sim;1;0;0;1;0;0;1;1;-25,51040958;-54,56130115;SPRF-PR;DEL05-PR;UOP03-DEL05-PR;;;
735871;02/12/2025;ter�a-feira;08:00:00;MG;381;510;SAO JOAQUIM DE BICAS;Aus�ncia de rea��o do condutor;Colis�o lateral mesmo sentido;Com V�timas Feridas;Pleno dia;Crescente;Nublado;Simples;Reta;N�o;2;0;0;1;1;0;1;2;-20,053482;-44,283267;SPRF-MG;DEL01-MG;UOP03-DEL01-MG;;;
735872;02/12/2025;ter�a-feira;08:30:00;SC;101;201;SAO JOSE;Rea��o tardia ou ineficiente do condutor;Queda de ocupante de ve�culo;Com V�timas Feridas;Pleno dia;Crescente;Chuva;Dupla;Reta;Sim;1;0;1;0;0;0;1;1;-27,551252;-48,61965;SPRF-SC;DEL01-SC;UOP01-DEL01-SC;;;
735875;02/12/2025;ter�a-feira;06:35:00;MA;135;29;BACABEIRA;Condutor Dormindo;Sa�da de leito carro��vel;Com V�timas Feridas;Pleno dia;Decrescente;C�u Claro;Dupla;Reta;N�o;1;0;1;0;0;0;1;1;-2,80283;-44,37424;SPRF-MA;DEL01-MA;UOP01-DEL01-MA;;;
735877;02/12/2025;ter�a-feira;09:00:00;PR;116;118,2;CURITIBA;Avarias e/ou desgaste excessivo no pneu;Tombamento;Com V�timas Feridas;Pleno dia;Decrescente;Nublado;Dupla;Reta;Sim;1;0;1;0;0;0;1;1;-25,56996369;-49,31055514;SPRF-PR;DEL01-PR;UOP03-DEL01-PR;;;
735878;02/12/2025;ter�a-feira;09:00:00;PB;230;14,8;CABEDELO;Aus�ncia de rea��o do condutor;Colis�o traseira;Com V�timas Feridas;Pleno dia;Crescente;C�u Claro;Dupla;"Declive;Reta;Viaduto";Sim;2;0;0;1;1;0;1;2;-7,098583;-34,847882;SPRF-PB;DEL01-PB;UOP01-DEL01-PB;;;