id;data_inversa;dia_semana;horario;uf;br;km;municipio;causa_acidente;tipo_acidente;classificacao_acidente;fase_dia;sentido_via;condicao_metereologica;tipo_pista;tracado_via;uso_solo;pessoas;mortos;feridos_leves;feridos_graves;ilesos;ignorados;feridos;veiculos;latitude;longitude;regional;delegacia;uop;;;
735879;02/12/2025;ter�a-feira;08:00:00;SC;101;151,7;ITAPEMA;Rea��o tardia ou ineficiente do condutor;Tombamento;Com V�timas Feridas;Pleno dia;Crescente;Garoa/Chuvisco;Dupla;Reta;Sim;1;0;0;1;0;0;1;1;-27,13370196;-48,6098671;SPRF-SC;DEL04-SC;UOP03-DEL04-SC;;;
735880;02/12/2025;ter�a-feira;07:30:00;TO;10;459;PALMAS;Rea��o tardia ou ineficiente do condutor;Colis�o traseira;Com V�timas Feridas;Pleno dia;Crescente;C�u Claro;M�ltipla;Reta;N�o;2;0;1;0;1;0;1;2;-10,266033;-48,307447;SPRF-TO;DEL01-TO;UOP03-DEL01-TO;;;
735881;02/12/2025;ter�a-feira;08:30:00;PI;316;18;TERESINA;Chuva;Colis�o com objeto;Com V�timas Feridas;Pleno dia;Crescente;Chuva;Dupla;Reta;Sim;1;0;1;0;0;0;1;1;-5,2525892;-42,73003578;SPRF-PI;DEL01-PI;UOP02-DEL01-PI;;;
735882;02/12/2025;ter�a-feira;08:25:00;PE;101;42;IGARASSU;Rea��o tardia ou ineficiente do condutor;Colis�o com objeto;Sem V�timas;Pleno dia;Crescente;C�u Claro;M�ltipla;Reta;Sim;1;0;0;0;1;0;0;1;-7,839353;-34,912225;SPRF-PE;DEL01-PE;UOP02-DEL01-PE;;;
735883;02/12/2025;ter�a-feira;06:07:00;MS;163;478;CAMPO GRANDE;Rea��o tardia ou ineficiente do condutor;Tombamento;Com V�timas Feridas;Pleno dia;Crescente;Sol;Simples;Reta;N�o;2;0;0;1;0;1;1;2;-20,49734676;-54,55907106;SPRF-MS;DEL01-MS;UOP01-DEL01-MS;;;
735885;02/12/2025;ter�a-feira;06:20:00;PR;376;253;CALIFORNIA;Rea��o tardia ou ineficiente do condutor;Tombamento;Com V�timas Feridas;Pleno dia;Decrescente;C�u Claro;Simples;Reta;N�o;2;0;2;0;0;0;2;1;-23,6468;-51,37603;SPRF-PR;DEL07-PR;UOP03-DEL07-PR;;;
735887;02/12/2025;ter�a-feira;09:30:00;MA;135;14;SAO LUIS;Demais falhas mec�nicas ou el�tricas;Sa�da de leito carro��vel;Com V�timas Feridas;Pleno dia;Crescente;Nublado;Dupla;Reta;Sim;2;0;1;0;1;0;1;1;-2,6897593;-44,300972;SPRF-MA;DEL01-MA;UOP01-DEL01-MA;;;
735888;29/11/2025;s�bado;02:00:00;RS;116;263;PORTO ALEGRE;Condutor desrespeitou a ilumina��o vermelha do sem�foro;Colis�o transversal;Sem V�timas;Plena Noite;Crescente;C�u Claro;Dupla;Reta;Sim;2;0;0;0;2;0;0;2;-29,9699911;-51,1712034;SPRF-RS;DEL01-RS;UOP01-DEL01-RS;;;
735890;02/12/2025;ter�a-feira;09:42:00;BA;324;622;SALVADOR;Rea��o tardia ou ineficiente do condutor;Colis�o traseira;Com V�timas Feridas;Pleno dia;Crescente;C�u Claro;Dupla;Curva;N�o;4;0;1;0;3;0;1;2;-12,9276888;-38,4690239;SPRF-BA;DEL01-BA;UOP01-DEL01-BA;;;
735891;02/12/2025;ter�a-feira;06:15:00;MG;116;412,2;GOVERNADOR VALADARES;Rea��o tardia ou ineficiente do condutor;Eventos at�picos;Com V�timas Feridas;Pleno dia;Crescente;C�u Claro;Simples;Reta;Sim;1;0;1;0;0;0;1;1;-18,87583829;-41,96442101;SPRF-MG;DEL06-MG;UOP01-DEL06-MG;;;
735892;02/12/2025;ter�a-feira;08:20:00;SP;381;71;SAO PAULO;Curva acentuada;Queda de ocupante de ve�culo;Com V�timas Feridas;Pleno dia;Decrescente;C�u Claro;Dupla;Curva;N�o;1;0;1;0;0;0;1;1;-23,35990717;-46,55010223;SPRF-SP;DEL03-SP;UOP01-DEL03-SP;;;
735893;02/12/2025;ter�a-feira;08:40:00;SC;280;51,4;GUARAMIRIM;Desrespeitar a prefer�ncia no cruzamento;Colis�o transversal;Com V�timas Feridas;Pleno dia;Crescente;Chuva;M�ltipla;Interse��o de Vias;N�o;2;0;1;0;1;0;1;2;-26,466757;-48,960042;SPRF-SC;DEL03-SC;UOP03-DEL03-SC;;;
735894;02/12/2025;ter�a-feira;10:15:00;SC;101;128,3;CAMBORIU;Aus�ncia de rea��o do condutor;Colis�o traseira;Com V�timas Feridas;Pleno dia;Crescente;Chuva;Dupla;Reta;N�o;3;0;2;0;1;0;2;3;-26,97288603;-48,68297037;SPRF-SC;DEL04-SC;UOP03-DEL04-SC;;;
735895;02/12/2025;ter�a-feira;08:20:00;PR;277;723;FOZ DO IGUACU;�rea urbana sem a presen�a de local apropriado para a travessia de pedestres;Atropelamento de Pedestre;Com V�timas Feridas;Pleno dia;Crescente;C�u Claro;Dupla;Reta;Sim;2;0;2;0;0;0;2;2;-25,48938189;-54,5072937;SPRF-PR;DEL05-PR;UOP03-DEL05-PR;;;
735896;02/12/2025;ter�a-feira;10:15:00;MG;381;869,1;POUSO ALEGRE;Aus�ncia de rea��o do condutor;Colis�o traseira;Com V�timas Feridas;Pleno dia;Decrescente;Nublado;Dupla;Reta;N�o;4;0;2;0;2;0;2;2;-22,383443;-45,94838;SPRF-MG;DEL16-MG;UOP01-DEL16-MG;;;
735897;12/10/2025;domingo;15:00:00;PR;116;0;CAMPINA GRANDE DO SUL;Pista Escorregadia;Sa�da de leito carro��vel;Sem V�timas;Pleno dia;Crescente;C�u Claro;Dupla;Curva;N�o;1;0;0;0;1;0;0;1;-25,06149005;-48,56363565;SPRF-PR;DEL01-PR;UOP02-DEL01-PR;;;
735899;24/11/2025;segunda-feira;10:30:00;MT;70;400,9;CAMPO VERDE;Ultrapassagem Indevida;Colis�o frontal;Com V�timas Feridas;Pleno dia;Decrescente;C�u Claro;Simples;Curva;N�o;3;0;1;0;2;0;1;2;-15,673;-55,263;SPRF-MT;DEL05-MT;UOP02-DEL05-MT;;;
735900;02/12/2025;ter�a-feira;09:55:00;SP;381;45;ATIBAIA;Pedestre cruzava a pista fora da faixa;Atropelamento de Pedestre;Com V�timas Fatais;Pleno dia;Decrescente;Nublado;Dupla;"Aclive;Reta";Sim;3;1;0;0;1;1;0;3;-23,17606517;-46,57850012;SPRF-SP;DEL03-SP;UOP01-DEL03-SP;;;
735902;02/12/2025;ter�a-feira;11:00:00;SC;101;201,4;SAO JOSE;Rea��o tardia ou ineficiente do condutor;Atropelamento de Pedestre;Com V�timas Feridas;Pleno dia;Crescente;Nublado;Dupla;Viaduto;Sim;3;0;1;0;2;0;1;2;-27,552843;-48,619703;SPRF-SC;DEL01-SC;UOP01-DEL01-SC;;;
735903;02/12/2025;ter�a-feira;08:30:00;SP;116;144;SAO JOSE DOS CAMPOS;Rea��o tardia ou ineficiente do condutor;Sa�da de leito carro��vel;Com V�timas Feridas;Pleno dia;Decrescente;C�u Claro;M�ltipla;"Reta;Declive";N�o;1;0;0;1;0;0;1;1;-23,18203;-45,84449;SPRF-SP;DEL02-SP;UOP01-DEL02-SP;;;
735905;02/12/2025;ter�a-feira;12:00:00;ES;101;289,9;CARIACICA;Demais falhas na via;Colis�o transversal;Com V�timas Feridas;Pleno dia;Crescente;C�u Claro;Dupla;"Reta;Retorno Regulamentado";N�o;3;0;1;0;0;2;1;3;-20,29580478;-40,39365856;SPRF-ES;DEL01-ES;UOP01-DEL01-ES;;;
735906;02/12/2025;ter�a-feira;11:10:00;PI;135;352;BOM JESUS;Manobra de mudan�a de faixa;Colis�o lateral mesmo sentido;Com V�timas Feridas;Pleno dia;Crescente;Nublado;Dupla;Reta;Sim;2;0;1;0;1;0;1;2;-9,075328;-44,355068;SPRF-PI;DEL03-PI;UOP02-DEL03-PI;;;
735907;02/12/2025;ter�a-feira;12:15:00;PB;230;476,3;MARIZOPOLIS;Aus�ncia de rea��o do condutor;Capotamento;Com V�timas Feridas;Pleno dia;Decrescente;C�u Claro;Simples;Reta;N�o;1;0;1;0;0;0;1;1;-6,842735;-38,32236;SPRF-PB;DEL03-PB;UOP03-DEL03-PB;;;
735909;02/12/2025;ter�a-feira;09:15:00;RO;364;408,9;JARU;Condutor deixou de manter dist�ncia do ve�culo da frente;Colis�o com objeto;Com V�timas Feridas;Pleno dia;Decrescente;C�u Claro;Simples;Reta;N�o;2;0;1;0;1;0;1;2;-10,53851113;-62,39506662;SPRF-RO;DEL03-RO;UOP02-DEL03-RO;;;
735911;21/09/2025;domingo;10:08:00;SP;116;230;SAO PAULO;Rea��o tardia ou ineficiente do condutor;Colis�o traseira;Com V�timas Feridas;Pleno dia;Crescente;C�u Claro;M�ltipla;Reta;Sim;7;0;2;1;4;0;3;2;-23,52120584;-46,58473341;SPRF-SP;DEL01-SP;UOP01-DEL01-SP;;;
735912;02/12/2025;ter�a-feira;12:10:00;RN;304;268;SAO PEDRO;Ultrapassagem Indevida;Colis�o frontal;Com V�timas Feridas;Pleno dia;Decrescente;C�u Claro;Simples;Aclive;N�o;5;0;0;1;3;1;1;3;-5,86925464;-35,59039084;SPRF-RN;DEL01-RN;UOP02-DEL01-RN;;;
735913;25/04/2025;sexta-feira;08:30:00;MA;222;666;ACAILANDIA;Rea��o tardia ou ineficiente do condutor;Colis�o transversal;Com V�timas Feridas;Amanhecer;Crescente;C�u Claro;Simples;Interse��o de Vias;Sim;2;0;1;0;1;0;1;2;-4,918995;-47,427743;SPRF-MA;DEL04-MA;UOP03-DEL04-MA;;;
735914;02/12/2025;ter�a-feira;11:30:00;PR;153;331;IRATI;Condutor usando celular;Colis�o com objeto;Sem V�timas;Pleno dia;Crescente;Nublado;Dupla;Reta;Sim;1;0;0;0;1;0;0;1;-25,461;-50,623;SPRF-PR;DEL08-PR;UOP02-DEL08-PR;;;
735916;02/12/2025;ter�a-feira;13:00:00;ES;101;260;SERRA;Manobra de mudan�a de faixa;Colis�o traseira;Com V�timas Feridas;Pleno dia;Decrescente;C�u Claro;Dupla;"Reta;Aclive";N�o;2;0;1;0;1;0;1;2;-20,1696543;-40,26997107;SPRF-ES;DEL02-ES;UOP01-DEL02-ES;;;
735918;02/12/2025;ter�a-feira;12:00:00;PE;423;101;BREJAO;Aus�ncia de rea��o do condutor;Colis�o traseira;Com V�timas Feridas;Pleno dia;Crescente;C�u Claro;Simples;Reta;N�o;2;0;1;0;1;0;1;2;-8,9722167;-36,5217583;SPRF-PE;DEL03-PE;UOP01-DEL03-PE;;;
735920;02/12/2025;ter�a-feira;10:30:00;RJ;101;42;CAMPOS DOS GOYTACAZES;Demais falhas mec�nicas ou el�tricas;Inc�ndio;Sem V�timas;Pleno dia;Decrescente;C�u Claro;Simples;Reta;N�o;1;0;0;0;1;0;0;1;-21,570338;-41,323517;SPRF-RJ;DEL08-RJ;UOP01-DEL08-RJ;;;
735921;02/12/2025;ter�a-feira;13:00:00;SP;116;98,8;PINDAMONHANGABA;Acumulo de areia ou detritos sobre o pavimento;Tombamento;Com V�timas Feridas;Pleno dia;Decrescente;Chuva;Dupla;"Aclive;Interse��o de Vias;Curva";N�o;1;0;0;1;0;0;1;1;-22,98139705;-45,46195967;SPRF-SP;DEL08-SP;UOP01-DEL08-SP;;;
735922;02/12/2025;ter�a-feira;13:30:00;PR;163;217;CASCAVEL;Velocidade Incompat�vel;Sa�da de leito carro��vel;Com V�timas Feridas;Pleno dia;Decrescente;Sol;Dupla;"Aclive;Curva";N�o;1;0;1;0;0;0;1;1;-24,870971;-53,565916;SPRF-PR;DEL04-PR;UOP01-DEL04-PR;;;
735923;02/12/2025;ter�a-feira;09:30:00;SC;282;115,6;ALFREDO WAGNER;Aus�ncia de rea��o do condutor;Capotamento;Com V�timas Feridas;Pleno dia;Decrescente;Nublado;Simples;"Declive;Curva";N�o;2;0;2;0;0;0;2;1;-27,760035;-49,396965;SPRF-SC;DEL01-SC;UOP03-DEL01-SC;;;
735926;02/12/2025;ter�a-feira;12:50:00;MG;116;277,6;TEOFILO OTONI;Desrespeitar a prefer�ncia no cruzamento;Colis�o transversal;Com V�timas Feridas;Pleno dia;Crescente;C�u Claro;Dupla;"Reta;Retorno Regulamentado";N�o;3;0;0;2;1;0;2;2;-17,864927;-41,516241;SPRF-MG;DEL11-MG;UOP01-DEL11-MG;;;
735928;31/10/2025;sexta-feira;18:30:00;SC;280;30,7;ARAQUARI;Velocidade Incompat�vel;Colis�o traseira;Com V�timas Fatais;Anoitecer;Decrescente;C�u Claro;Simples;Reta;N�o;5;1;1;0;2;1;1;4;-26,415985;-48,769627;SPRF-SC;DEL03-SC;UOP03-DEL03-SC;;;
735929;02/12/2025;ter�a-feira;14:24:00;PI;343;13,3;PARNAIBA;Aus�ncia de rea��o do condutor;Colis�o traseira;Com V�timas Feridas;Pleno dia;Decrescente;C�u Claro;Dupla;Reta;Sim;2;0;0;1;0;1;1;2;-2,9222382;-41,7542893;SPRF-PI;DEL05-PI;UOP01-DEL05-PI;;;
735932;02/12/2025;ter�a-feira;15:20:00;PE;101;82;JABOATAO DOS GUARARAPES;Manobra de mudan�a de faixa;Colis�o traseira;Com V�timas Feridas;Pleno dia;Crescente;C�u Claro;M�ltipla;"Reta;Viaduto";Sim;3;0;2;0;1;0;2;2;-8,1744038;-34,941461;SPRF-PE;DEL01-PE;UOP01-DEL01-PE;;;
735933;02/12/2025;ter�a-feira;14:10:00;RJ;116;184;NOVA IGUACU;Aus�ncia de rea��o do condutor;Colis�o traseira;Com V�timas Feridas;Pleno dia;Decrescente;C�u Claro;Dupla;Reta;Sim;3;0;1;0;2;0;1;2;-22,74785707;-43,44429731;SPRF-RJ;DEL06-RJ;UOP01-DEL06-RJ;;;
735935;02/12/2025;ter�a-feira;14:45:00;SP;116;462;PARIQUERA-ACU;Rea��o tardia ou ineficiente do condutor;Capotamento;Com V�timas Feridas;Pleno dia;Decrescente;C�u Claro;Dupla;Reta;N�o;1;0;1;0;0;0;1;1;-24,62973653;-47,90281534;SPRF-SP;DEL05-SP;UOP01-DEL05-SP;;;
735936;21/10/2025;ter�a-feira;07:15:00;PE;428;186;PETROLINA;Condutor deixou de manter dist�ncia do ve�culo da frente;Colis�o lateral mesmo sentido;Com V�timas Feridas;Pleno dia;Crescente;Nublado;Dupla;Reta;N�o;2;0;1;0;1;0;1;2;-9,359643;-40,480422;SPRF-PE;DEL06-PE;UOP01-DEL06-PE;;;
735937;02/12/2025;ter�a-feira;14:35:00;SP;381;69;MAIRIPORA;Rea��o tardia ou ineficiente do condutor;Colis�o com objeto;Com V�timas Feridas;Pleno dia;Crescente;Sol;M�ltipla;Curva;N�o;1;0;1;0;0;0;1;1;-23,34731363;-46,56207411;SPRF-SP;DEL03-SP;UOP01-DEL03-SP;;;
735938;02/12/2025;ter�a-feira;15:50:00;RS;116;229;DOIS IRMAOS;Aus�ncia de rea��o do condutor;Colis�o lateral mesmo sentido;Com V�timas Feridas;Pleno dia;Crescente;C�u Claro;Simples;Reta;N�o;2;0;1;0;1;0;1;2;-29,62053395;-51,12494738;SPRF-RS;DEL01-RS;UOP02-DEL01-RS;;;
735941;02/12/2025;ter�a-feira;13:15:00;RJ;101;297;ITABORAI;Acumulo de areia ou detritos sobre o pavimento;Queda de ocupante de ve�culo;Com V�timas Feridas;Pleno dia;Crescente;C�u Claro;Dupla;Curva;Sim;1;0;0;1;0;0;1;1;-22,77066152;-42,92207122;SPRF-RJ;DEL02-RJ;UOP02-DEL02-RJ;;;
735942;02/12/2025;ter�a-feira;15:40:00;RN;406;150;SAO GONCALO DO AMARANTE;Manobra de mudan�a de faixa;Colis�o lateral mesmo sentido;Com V�timas Feridas;Pleno dia;Decrescente;C�u Claro;Simples;Reta;N�o;2;0;0;1;1;0;1;2;-5,7487718;-35,3266012;SPRF-RN;DEL02-RN;UOP01-DEL02-RN;;;
735944;02/12/2025;ter�a-feira;14:35:00;RO;364;712;PORTO VELHO;Acessar a via sem observar a presen�a dos outros ve�culos;Colis�o transversal;Com V�timas Feridas;Pleno dia;Decrescente;C�u Claro;Simples;"Interse��o de Vias;Viaduto";Sim;2;0;1;0;1;0;1;2;-8,77822475;-63,87194732;SPRF-RO;DEL01-RO;UOP01-DEL01-RO;;;
735945;02/12/2025;ter�a-feira;13:00:00;RR;401;121;BONFIM;Demais falhas mec�nicas ou el�tricas;Inc�ndio;Sem V�timas;Pleno dia;Decrescente;C�u Claro;Simples;Reta;N�o;1;0;0;0;1;0;0;1;3,31684524;-59,94661816;SPRF-RR;DEL01-RR;UOP01-DEL01-RR;;;
735946;02/12/2025;ter�a-feira;16:00:00;SP;116;140,9;SAO JOSE DOS CAMPOS;Rea��o tardia ou ineficiente do condutor;Engavetamento;Com V�timas Feridas;Pleno dia;Decrescente;C�u Claro;Dupla;Reta;N�o;3;0;1;0;2;0;1;3;-23,1686477;-45,8183061;SPRF-SP;DEL02-SP;UOP01-DEL02-SP;;;
735947;02/12/2025;ter�a-feira;06:20:00;MG;381;485;BETIM;Manobra de mudan�a de faixa;Tombamento;Com V�timas Feridas;Amanhecer;Crescente;C�u Claro;Dupla;Reta;N�o;1;0;1;0;0;0;1;1;-19,95656893;-44,10907745;SPRF-MG;DEL01-MG;UOP03-DEL01-MG;;;
735948;12/11/2025;quarta-feira;21:00:00;MS;262;316,5;CAMPO GRANDE;Chuva;Colis�o traseira;Com V�timas Feridas;Plena Noite;Crescente;Chuva;Simples;"Reta;Aclive";N�o;6;0;1;0;5;0;1;2;-20,4713573;-54,4441568;SPRF-MS;DEL01-MS;UOP01-DEL01-MS;;;
735949;02/12/2025;ter�a-feira;16:50:00;RJ;393;265;BARRA DO PIRAI;Manobra de mudan�a de faixa;Colis�o lateral mesmo sentido;Com V�timas Feridas;Pleno dia;Crescente;Nublado;Simples;"Reta;Aclive";N�o;2;0;1;0;1;0;1;2;-22,4863105;-43,91815692;SPRF-RJ;DEL05-RJ;UOP04-DEL05-RJ;;;
735950;02/12/2025;ter�a-feira;15:59:00;MA;135;17;SAO LUIS;Rea��o tardia ou ineficiente do condutor;Colis�o traseira;Com V�timas Feridas;Anoitecer;Decrescente;C�u Claro;Dupla;Reta;N�o;2;0;0;1;1;0;1;2;-2,69973;-44,30817;SPRF-MA;DEL01-MA;UOP01-DEL01-MA;;;
735951;02/12/2025;ter�a-feira;16:15:00;SC;280;30,8;ARAQUARI;Rea��o tardia ou ineficiente do condutor;Colis�o traseira;Com V�timas Feridas;Pleno dia;Crescente;Sol;Simples;Reta;N�o;4;0;4;0;0;0;4;2;-26,416333;-48,770617;SPRF-SC;DEL03-SC;UOP03-DEL03-SC;;;
735952;02/12/2025;ter�a-feira;16:25:00;MG;40;42;PARACATU;Acessar a via sem observar a presen�a dos outros ve�culos;Colis�o transversal;Com V�timas Feridas;Pleno dia;Decrescente;C�u Claro;Simples;"Reta;Interse��o de Vias";Sim;3;0;1;1;1;0;2;2;-17,22794984;-46,8587908;SPRF-MG;DEL14-MG;UOP01-DEL14-MG;;;
735956;02/12/2025;ter�a-feira;17:45:00;MG;116;705,3;MURIAE;Rea��o tardia ou ineficiente do condutor;Queda de ocupante de ve�culo;Com V�timas Feridas;Pleno dia;Crescente;C�u Claro;Simples;Rotat�ria;Sim;1;0;1;0;0;0;1;1;-21,145606;-42,380675;SPRF-MG;DEL07-MG;UOP02-DEL07-MG;;;
735958;02/12/2025;ter�a-feira;17:45:00;SC;470;136;RIO DO SUL;Aus�ncia de rea��o do condutor;Colis�o traseira;Com V�timas Feridas;Pleno dia;Crescente;C�u Claro;Simples;Reta;N�o;2;0;1;0;1;0;1;2;-27,1722394;-49,5811152;SPRF-SC;DEL04-SC;UOP02-DEL04-SC;;;
735959;02/12/2025;ter�a-feira;17:45:00;SC;101;206,4;SAO JOSE;Manobra de mudan�a de faixa;Colis�o lateral mesmo sentido;Com V�timas Feridas;Pleno dia;Decrescente;C�u Claro;M�ltipla;Reta;Sim;3;0;1;1;1;0;2;2;-27,59512568;-48,61898359;SPRF-SC;DEL01-SC;UOP01-DEL01-SC;;;
735960;02/12/2025;ter�a-feira;16:10:00;MG;381;729;CARMO DA CACHOEIRA;Rea��o tardia ou ineficiente do condutor;Colis�o com objeto;Com V�timas Feridas;Pleno dia;Decrescente;Chuva;Dupla;"Curva;Declive";N�o;1;0;1;0;0;0;1;1;-21,500765;-45,214353;SPRF-MG;DEL04-MG;UOP02-DEL04-MG;;;
735961;02/12/2025;ter�a-feira;18:00:00;GO;153;508;APARECIDA DE GOIANIA;Trafegar com motocicleta (ou similar) entre as faixas;Tombamento;Com V�timas Fatais;Anoitecer;Crescente;Nublado;Dupla;Reta;Sim;2;1;0;0;0;1;0;2;-16,769039;-49,23919;SPRF-GO;DEL01-GO;UOP03-DEL01-GO;;;
735962;02/12/2025;ter�a-feira;17:50:00;CE;116;15;FORTALEZA;Aus�ncia de rea��o do condutor;Colis�o traseira;Sem V�timas;Plena Noite;Crescente;C�u Claro;Dupla;Reta;Sim;2;0;0;0;1;1;0;2;-3,87960264;-38,50089423;SPRF-CE;DEL01-CE;UOP02-DEL01-CE;;;
735963;02/12/2025;ter�a-feira;18:12:00;PI;343;16,4;PARNAIBA;Defici�ncia do Sistema de Ilumina��o/Sinaliza��o;Colis�o transversal;Com V�timas Feridas;Plena Noite;Crescente;C�u Claro;Simples;Interse��o de Vias;Sim;2;0;0;1;1;0;1;2;-2,949425;-41,757108;SPRF-PI;DEL05-PI;UOP01-DEL05-PI;;;
735964;29/11/2025;s�bado;08:00:00;MA;135;3;SAO LUIS;Acessar a via sem observar a presen�a dos outros ve�culos;Colis�o transversal;Com V�timas Feridas;Pleno dia;Decrescente;C�u Claro;Dupla;Reta;N�o;2;0;1;0;1;0;1;2;-2,60089;-44,2458;SPRF-MA;DEL01-MA;UOP01-DEL01-MA;;;
735966;02/12/2025;ter�a-feira;17:20:00;SC;101;85;BARRA VELHA;Avarias e/ou desgaste excessivo no pneu;Tombamento;Com V�timas Feridas;Pleno dia;Crescente;Sol;M�ltipla;"Reta;Declive";N�o;1;0;1;0;0;0;1;1;-26,63648283;-48,69739143;SPRF-SC;DEL03-SC;UOP02-DEL03-SC;;;
735968;02/12/2025;ter�a-feira;18:30:00;PE;232;508;SALGUEIRO;Acessar a via sem observar a presen�a dos outros ve�culos;Colis�o transversal;Com V�timas Feridas;Plena Noite;Crescente;C�u Claro;Simples;Reta;Sim;2;0;0;1;1;0;1;2;-8,06268;-39,1234;SPRF-PE;DEL05-PE;UOP01-DEL05-PE;;;
735969;21/11/2025;sexta-feira;07:20:00;RJ;116;177;SAO JOAO DE MERITI;Condutor deixou de manter dist�ncia do ve�culo da frente;Queda de ocupante de ve�culo;Com V�timas Feridas;Pleno dia;Decrescente;C�u Claro;Dupla;Reta;Sim;2;0;1;0;0;1;1;2;-22,7819328;-43,38957723;SPRF-RJ;DEL06-RJ;UOP01-DEL06-RJ;;;
735970;02/12/2025;ter�a-feira;17:40:00;SC;101;49,9;JOINVILLE;Manobra de mudan�a de faixa;Tombamento;Com V�timas Feridas;Pleno dia;Crescente;C�u Claro;Dupla;"Declive;Reta;Viaduto";N�o;1;0;1;0;0;0;1;1;-26,38617043;-48,84582639;SPRF-SC;DEL03-SC;UOP01-DEL03-SC;;;
735971;02/12/2025;ter�a-feira;19:00:00;MG;459;73,3;SENADOR JOSE BENTO;Velocidade Incompat�vel;Sa�da de leito carro��vel;Com V�timas Feridas;Plena Noite;Crescente;Chuva;Simples;"Declive;Curva";N�o;1;0;1;0;0;0;1;1;-22,13246694;-46,15537763;SPRF-MG;DEL09-MG;UOP01-DEL09-MG;;;
735974;02/12/2025;ter�a-feira;17:50:00;PE;408;66,7;PAUDALHO;Entrada inopinada do pedestre;Atropelamento de Pedestre;Com V�timas Fatais;Anoitecer;Decrescente;C�u Claro;M�ltipla;Reta;Sim;2;1;0;1;0;0;1;2;-7,89959;-35,173;SPRF-PE;DEL01-PE;UOP01-DEL01-PE;;;
735975;02/12/2025;ter�a-feira;18:30:00;SC;101;215;PALHOCA;Acessar a via sem observar a presen�a dos outros ve�culos;Colis�o lateral mesmo sentido;Com V�timas Feridas;Pleno dia;Crescente;C�u Claro;Dupla;Reta;Sim;3;0;2;0;1;0;2;3;-27,65877001;-48,67807627;SPRF-SC;DEL01-SC;UOP02-DEL01-SC;;;
735976;02/11/2025;domingo;06:10:00;SP;381;34;ATIBAIA;Chuva;Capotamento;Com V�timas Feridas;Amanhecer;Crescente;Chuva;Dupla;"Declive;Curva";N�o;1;0;1;0;0;0;1;1;-23,07901032;-46,56983323;SPRF-SP;DEL03-SP;UOP02-DEL03-SP;;;
735979;02/12/2025;ter�a-feira;18:50:00;ES;101;267,1;SERRA;Manobra de mudan�a de faixa;Colis�o lateral mesmo sentido;Com V�timas Feridas;Plena Noite;Crescente;C�u Claro;M�ltipla;Reta;Sim;3;0;1;1;1;0;2;2;-20,2013021;-40,2688101;SPRF-ES;DEL02-ES;UOP01-DEL02-ES;;;
735980;02/12/2025;ter�a-feira;18:40:00;RN;304;1,3;TIBAU;Acessar a via sem observar a presen�a dos outros ve�culos;Colis�o transversal;Com V�timas Feridas;Plena Noite;Decrescente;C�u Claro;Simples;Reta;N�o;2;0;0;1;0;1;1;2;-4,890212;-37,440566;SPRF-RN;DEL04-RN;UOP02-DEL04-RN;;;
735981;02/12/2025;ter�a-feira;19:15:00;TO;153;149;ARAGUAINA;Aus�ncia de rea��o do condutor;Queda de ocupante de ve�culo;Com V�timas Feridas;Plena Noite;Crescente;Nublado;Simples;Reta;N�o;1;0;1;0;0;0;1;1;-7,242517;-48,254448;SPRF-TO;DEL02-TO;UOP01-DEL02-TO;;;
735982;02/12/2025;ter�a-feira;19:10:00;GO;60;193;GUAPO;Manobra de mudan�a de faixa;Colis�o lateral mesmo sentido;Com V�timas Feridas;Plena Noite;Decrescente;Nublado;Dupla;"Reta;Aclive";N�o;2;0;0;1;1;0;1;2;-16,852633;-49,578847;SPRF-GO;DEL01-GO;UOP02-DEL01-GO;;;
735983;02/12/2025;ter�a-feira;18:20:00;SC;101;415,1;ARARANGUA;Aus�ncia de rea��o do condutor;Colis�o traseira;Com V�timas Feridas;Anoitecer;Crescente;C�u Claro;M�ltipla;"Declive;Curva;Viaduto";N�o;2;0;0;1;1;0;1;2;-28,96369334;-49,52156067;SPRF-SC;DEL02-SC;UOP02-DEL02-SC;;;
735986;02/12/2025;ter�a-feira;19:30:00;MG;262;192;BELA VISTA DE MINAS;Animais na Pista;Atropelamento de Animal;Sem V�timas;Plena Noite;Crescente;C�u Claro;Simples;Reta;N�o;1;0;0;0;1;0;0;1;-19,87716311;-43,07258606;SPRF-MG;DEL03-MG;UOP01-DEL03-MG;;;
735988;02/12/2025;ter�a-feira;17:00:00;SC;280;149;RIO NEGRINHO;Acessar a via sem observar a presen�a dos outros ve�culos;Colis�o transversal;Com V�timas Feridas;Pleno dia;Decrescente;Sol;Simples;Reta;N�o;2;0;0;1;1;0;1;2;-26,2616131;-49,5485129;SPRF-SC;DEL06-SC;UOP03-DEL06-SC;;;
735989;02/12/2025;ter�a-feira;19:30:00;SC;280;125;RIO NEGRINHO;Acessar a via sem observar a presen�a dos outros ve�culos;Colis�o traseira;Com V�timas Feridas;Anoitecer;Crescente;C�u Claro;Simples;Reta;N�o;2;0;1;0;1;0;1;2;-26,2425;-49,511887;SPRF-SC;DEL06-SC;UOP03-DEL06-SC;;;
735990;02/12/2025;ter�a-feira;18:30:00;AM;174;886;MANAUS;Ultrapassagem Indevida;Colis�o traseira;Com V�timas Feridas;Plena Noite;Crescente;Chuva;Simples;Reta;N�o;4;0;2;0;1;1;2;3;-2,96141756;-60,03014356;SPRF-AM;DEL01-AM;UOP01-DEL01-AM;;;