id;data_inversa;dia_semana;horario;uf;br;km;municipio;causa_acidente;tipo_acidente;classificacao_acidente;fase_dia;sentido_via;condicao_metereologica;tipo_pista;tracado_via;uso_solo;pessoas;mortos;feridos_leves;feridos_graves;ilesos;ignorados;feridos;veiculos;latitude;longitude;regional;delegacia;uop;;;
735991;02/12/2025;ter�a-feira;17:30:00;RJ;40;73;PETROPOLIS;Pista Escorregadia;Sa�da de leito carro��vel;Com V�timas Feridas;Anoitecer;Decrescente;Chuva;Dupla;Declive;N�o;1;0;1;0;0;0;1;1;-22,464317;-43,222312;SPRF-RJ;DEL01-RJ;UOP01-DEL01-RJ;;;
735992;02/12/2025;ter�a-feira;20:30:00;RN;304;19;MOSSORO;Modifica��o proibida;Colis�o traseira;Com V�timas Feridas;Plena Noite;Crescente;C�u Claro;Simples;Reta;N�o;2;0;1;0;1;0;1;2;-5,02896;-37,35486;SPRF-RN;DEL04-RN;UOP02-DEL04-RN;;;
735994;02/12/2025;ter�a-feira;16:50:00;RJ;40;93;DUQUE DE CAXIAS;Pista Escorregadia;Colis�o com objeto;Com V�timas Feridas;Pleno dia;Crescente;Chuva;Dupla;Curva;N�o;1;0;1;0;0;0;1;1;-22,555935;-43,260482;SPRF-RJ;DEL01-RJ;UOP01-DEL01-RJ;;;
735996;02/12/2025;ter�a-feira;20:30:00;MG;381;492;BETIM;Aus�ncia de rea��o do condutor;Queda de ocupante de ve�culo;Com V�timas Feridas;Plena Noite;Crescente;Nublado;Dupla;Reta;Sim;1;0;1;0;0;0;1;1;-19,96334562;-44,16366577;SPRF-MG;DEL01-MG;UOP03-DEL01-MG;;;
735997;02/12/2025;ter�a-feira;20:50:00;RJ;101;322;NITEROI;Aus�ncia de rea��o do condutor;Queda de ocupante de ve�culo;Com V�timas Feridas;Plena Noite;Decrescente;Garoa/Chuvisco;Dupla;Reta;N�o;2;0;1;0;0;1;1;2;-22,8823429;-43,1074599;SPRF-RJ;DEL02-RJ;UOP01-DEL02-RJ;;;
735998;02/12/2025;ter�a-feira;20:00:00;ES;101;186,5;ARACRUZ;Demais falhas mec�nicas ou el�tricas;Sa�da de leito carro��vel;Sem V�timas;Plena Noite;Decrescente;C�u Claro;Simples;"Curva;Aclive";N�o;1;0;0;0;0;1;0;1;-19,66483023;-40,24905866;SPRF-ES;DEL04-ES;UOP01-DEL04-ES;;;
735999;02/12/2025;ter�a-feira;20:15:00;PR;277;676;MEDIANEIRA;Pedestre cruzava a pista fora da faixa;Atropelamento de Pedestre;Com V�timas Fatais;Plena Noite;Crescente;C�u Claro;Dupla;Declive;Sim;3;1;1;0;1;0;1;2;-25,29386675;-54,11313772;SPRF-PR;DEL05-PR;UOP01-DEL05-PR;;;
736000;02/12/2025;ter�a-feira;10:10:00;MA;10;256,5;IMPERATRIZ;Transitar no Acostamento;Colis�o frontal;Com V�timas Feridas;Pleno dia;Decrescente;C�u Claro;Simples;Reta;Sim;2;0;1;0;1;0;1;2;-5,490625;-47,472045;SPRF-MA;DEL04-MA;UOP01-DEL04-MA;;;
736002;02/12/2025;ter�a-feira;21:50:00;GO;153;515,6;APARECIDA DE GOIANIA;Pedestre andava na pista;Atropelamento de Pedestre;Com V�timas Feridas;Plena Noite;Decrescente;C�u Claro;Dupla;Reta;Sim;2;0;0;1;1;0;1;2;-16,83921172;-49,24462795;SPRF-GO;DEL01-GO;UOP03-DEL01-GO;;;
736003;16/11/2025;domingo;18:00:00;PB;230;152;CAMPINA GRANDE;Ilumina��o deficiente;Tombamento;Com V�timas Feridas;Plena Noite;Crescente;C�u Claro;Simples;"Reta;Em Obras";Sim;2;0;1;1;0;0;2;1;-7,268113;-35,883335;SPRF-PB;DEL02-PB;UOP01-DEL02-PB;;;
736004;02/12/2025;ter�a-feira;17:42:00;SC;470;70,4;INDAIAL;Acessar a via sem observar a presen�a dos outros ve�culos;Colis�o transversal;Com V�timas Feridas;Pleno dia;Crescente;C�u Claro;Simples;Reta;Sim;2;0;0;1;1;0;1;2;-26,891225;-49,25755;SPRF-SC;DEL04-SC;UOP01-DEL04-SC;;;
736006;02/12/2025;ter�a-feira;20:00:00;MG;262;439,5;NOVA SERRANA;Chuva;Queda de ocupante de ve�culo;Com V�timas Feridas;Plena Noite;Crescente;Chuva;Dupla;Reta;Sim;3;0;2;0;1;0;2;2;-19,86971;-44,98477;SPRF-MG;DEL08-MG;UOP03-DEL08-MG;;;
736007;02/12/2025;ter�a-feira;19:15:00;PA;10;316;IRITUIA;Rea��o tardia ou ineficiente do condutor;Colis�o lateral mesmo sentido;Com V�timas Fatais;Plena Noite;Decrescente;C�u Claro;Simples;Reta;N�o;4;1;0;1;0;2;1;3;-1,670543;-47,498293;SPRF-PA;DEL01-PA;UOP02-DEL01-PA;;;
736008;02/12/2025;ter�a-feira;20:30:00;PR;277;347;GUARAPUAVA;Ingest�o de �lcool pelo condutor;Sa�da de leito carro��vel;Sem V�timas;Plena Noite;Crescente;C�u Claro;Simples;Reta;Sim;1;0;0;0;1;0;0;1;-25,354026;-51,460326;SPRF-PR;DEL08-PR;UOP01-DEL08-PR;;;
736010;02/12/2025;ter�a-feira;22:00:00;MG;381;444;SABARA;Condutor Dormindo;Colis�o frontal;Com V�timas Feridas;Plena Noite;Decrescente;Chuva;Simples;Reta;N�o;3;0;1;0;2;0;1;2;-19,834585;-43,8566;SPRF-MG;DEL01-MG;UOP01-DEL01-MG;;;
736012;02/12/2025;ter�a-feira;23:10:00;RJ;101;116;CAMPOS DOS GOYTACAZES;Chuva;Capotamento;Com V�timas Feridas;Plena Noite;Decrescente;Chuva;Dupla;Reta;N�o;3;0;3;0;0;0;3;1;-22,00933551;-41,66781563;SPRF-RJ;DEL08-RJ;UOP02-DEL08-RJ;;;
736013;02/12/2025;ter�a-feira;22:30:00;MG;381;423;SABARA;Acumulo de �gua sobre o pavimento;Colis�o transversal;Com V�timas Feridas;Plena Noite;Crescente;Chuva;Simples;"Curva;Declive";N�o;2;0;2;0;0;0;2;2;-19,787367;-43,6918174;SPRF-MG;DEL01-MG;UOP01-DEL01-MG;;;
736014;02/12/2025;ter�a-feira;22:10:00;SP;381;60;MAIRIPORA;Aus�ncia de rea��o do condutor;Tombamento;Com V�timas Feridas;Plena Noite;Decrescente;C�u Claro;Dupla;Curva;N�o;2;0;2;0;0;0;2;1;-23,2890996;-46,58322986;SPRF-SP;DEL03-SP;UOP01-DEL03-SP;;;
736015;02/12/2025;ter�a-feira;19:00:00;MT;70;708;CACERES;Condutor deixou de manter dist�ncia do ve�culo da frente;Colis�o traseira;Com V�timas Feridas;Plena Noite;Decrescente;Chuva;Simples;"Curva;Aclive";N�o;2;0;1;0;1;0;1;2;-16,19805537;-57,59174645;SPRF-MT;DEL03-MT;UOP01-DEL03-MT;;;
736016;09/10/2025;quinta-feira;01:10:00;MG;116;442;ENGENHEIRO CALDAS;Velocidade Incompat�vel;Sa�da de leito carro��vel;Com V�timas Feridas;Plena Noite;Crescente;C�u Claro;Simples;Curva;N�o;1;0;1;0;0;0;1;1;-19,093768;-42,001534;SPRF-MG;DEL06-MG;UOP01-DEL06-MG;;;
736017;03/12/2025;quarta-feira;00:10:00;SP;153;61,7;SAO JOSE DO RIO PRETO;Animais na Pista;Atropelamento de Animal;Sem V�timas;Plena Noite;Decrescente;Nublado;Dupla;"Reta;Interse��o de Vias";Sim;1;0;0;0;1;0;0;1;-20,81000168;-49,35640023;SPRF-SP;DEL09-SP;UOP01-DEL09-SP;;;
736020;01/11/2025;s�bado;03:40:00;SC;282;3,4;FLORIANOPOLIS;Ingest�o de �lcool pelo condutor;Sa�da de leito carro��vel;Com V�timas Feridas;Plena Noite;Crescente;Nublado;Simples;Reta;N�o;5;0;4;0;0;1;4;1;-27,596585;-48,600494;SPRF-SC;DEL01-SC;UOP01-DEL01-SC;;;
736024;03/12/2025;quarta-feira;03:40:00;PR;116;113;CURITIBA;Rea��o tardia ou ineficiente do condutor;Colis�o com objeto;Com V�timas Feridas;Plena Noite;Crescente;Nublado;M�ltipla;Reta;Sim;2;0;2;0;0;0;2;1;-25,5497;-49,282873;SPRF-PR;DEL01-PR;UOP03-DEL01-PR;;;
736025;03/12/2025;quarta-feira;05:00:00;SC;101;207,3;SAO JOSE;Condutor desrespeitou a ilumina��o vermelha do sem�foro;Colis�o transversal;Com V�timas Feridas;Amanhecer;Crescente;Nublado;M�ltipla;Interse��o de Vias;Sim;2;0;0;1;1;0;1;2;-27,59900412;-48,62204902;SPRF-SC;DEL01-SC;UOP01-DEL01-SC;;;
736029;03/12/2025;quarta-feira;05:40:00;SE;101;27;MURIBECA;Velocidade Incompat�vel;Capotamento;Com V�timas Feridas;Pleno dia;Crescente;C�u Claro;Dupla;Reta;N�o;1;0;0;1;0;0;1;1;-10,40215646;-36,91851966;SPRF-SE;DEL02-SE;UOP02-DEL02-SE;;;
736030;03/12/2025;quarta-feira;05:40:00;SC;101;208,5;SAO JOSE;Rea��o tardia ou ineficiente do condutor;Queda de ocupante de ve�culo;Com V�timas Feridas;Pleno dia;Decrescente;C�u Claro;M�ltipla;"Reta;Declive";Sim;1;0;1;0;0;0;1;1;-27,606597;-48,634918;SPRF-SC;DEL01-SC;UOP01-DEL01-SC;;;
736031;03/12/2025;quarta-feira;04:15:00;RJ;116;143;DUQUE DE CAXIAS;Entrada inopinada do pedestre;Atropelamento de Pedestre;Com V�timas Fatais;Amanhecer;Decrescente;Nublado;Dupla;Reta;Sim;2;1;0;0;0;1;0;2;-22,654256;-43,242246;SPRF-RJ;DEL01-RJ;UOP02-DEL01-RJ;;;
736033;03/12/2025;quarta-feira;01:30:00;RJ;40;110;DUQUE DE CAXIAS;Aus�ncia de rea��o do condutor;Capotamento;Com V�timas Feridas;Plena Noite;Crescente;Garoa/Chuvisco;Dupla;Reta;N�o;3;0;1;0;2;0;1;2;-22,6863666;-43,28589093;SPRF-RJ;DEL01-RJ;UOP02-DEL01-RJ;;;
736035;03/12/2025;quarta-feira;04:00:00;PR;277;18,3;PARANAGUA;Aus�ncia de rea��o do condutor;Sa�da de leito carro��vel;Sem V�timas;Plena Noite;Decrescente;Nublado;Dupla;Curva;N�o;1;0;0;0;0;1;0;1;-25,54410283;-48,68289694;SPRF-PR;DEL01-PR;UOP05-DEL01-PR;;;
736037;03/12/2025;quarta-feira;04:58:00;SE;101;8;CEDRO DE SAO JOAO;Demais falhas mec�nicas ou el�tricas;Inc�ndio;Sem V�timas;Amanhecer;Crescente;C�u Claro;Dupla;Declive;N�o;1;0;0;0;0;1;0;1;-10,26345632;-36,86595138;SPRF-SE;DEL02-SE;UOP02-DEL02-SE;;;
736038;03/12/2025;quarta-feira;07:00:00;GO;70;1,8;AGUAS LINDAS DE GOIAS;Aus�ncia de rea��o do condutor;Colis�o lateral mesmo sentido;Com V�timas Feridas;Pleno dia;Crescente;C�u Claro;Dupla;Reta;N�o;2;0;1;0;1;0;1;2;-15,76323;-48,23276;SPRF-DF;DEL03-DF;UOP02-DEL03-DF;;;
736039;03/12/2025;quarta-feira;05:24:00;PE;101;54;PAULISTA;Acessar a via sem observar a presen�a dos outros ve�culos;Colis�o transversal;Com V�timas Feridas;Pleno dia;Crescente;C�u Claro;Simples;Viaduto;N�o;2;0;1;0;1;0;1;2;-7,9458857;-34,90513849;SPRF-PE;DEL01-PE;UOP02-DEL01-PE;;;
736040;03/12/2025;quarta-feira;06:47:00;PB;101;82;BAYEUX;Condutor deixou de manter dist�ncia do ve�culo da frente;Colis�o traseira;Com V�timas Feridas;Pleno dia;Crescente;C�u Claro;Dupla;"Aclive;Viaduto";Sim;4;0;2;0;2;0;2;3;-7,131402;-34,932615;SPRF-PB;DEL01-PB;UOP01-DEL01-PB;;;
736041;03/12/2025;quarta-feira;07:00:00;RJ;101;538;PARATY;Rea��o tardia ou ineficiente do condutor;Colis�o lateral mesmo sentido;Com V�timas Feridas;Pleno dia;Crescente;Sol;Simples;Reta;Sim;2;0;2;0;0;0;2;2;-23,0410246;-44,56746396;SPRF-RJ;DEL03-RJ;UOP04-DEL03-RJ;;;
736046;03/12/2025;quarta-feira;07:45:00;PR;116;116,4;CURITIBA;Manobra de mudan�a de faixa;Colis�o lateral mesmo sentido;Com V�timas Feridas;Pleno dia;Decrescente;Sol;Dupla;"Aclive;Reta";Sim;3;0;1;0;2;0;1;2;-25,55845113;-49,3066864;SPRF-PR;DEL01-PR;UOP03-DEL01-PR;;;
736047;03/12/2025;quarta-feira;07:10:00;SP;381;55;MAIRIPORA;Rea��o tardia ou ineficiente do condutor;Colis�o lateral mesmo sentido;Com V�timas Feridas;Pleno dia;Decrescente;Nublado;Dupla;"Declive;Rotat�ria";N�o;2;0;1;0;1;0;1;2;-23,24997791;-46,59263402;SPRF-SP;DEL03-SP;UOP01-DEL03-SP;;;
736049;03/12/2025;quarta-feira;05:20:00;RO;364;75;VILHENA;Aus�ncia de rea��o do condutor;Sa�da de leito carro��vel;Com V�timas Feridas;Amanhecer;Decrescente;Chuva;Simples;"Declive;Curva";N�o;2;0;1;0;1;0;1;1;-12,45082498;-60,54380894;SPRF-RO;DEL04-RO;UOP01-DEL04-RO;;;
736050;03/12/2025;quarta-feira;08:13:00;SP;116;201;ARUJA;Manobra de mudan�a de faixa;Colis�o lateral mesmo sentido;Com V�timas Feridas;Pleno dia;Crescente;C�u Claro;Dupla;"Retorno Regulamentado;Reta";N�o;5;0;0;2;3;0;2;2;-23,40367666;-46,33120942;SPRF-SP;DEL01-SP;UOP01-DEL01-SP;;;
736052;03/12/2025;quarta-feira;08:10:00;RS;386;346,5;LAJEADO;Entrada inopinada do pedestre;Atropelamento de Pedestre;Com V�timas Feridas;Pleno dia;Decrescente;Nublado;Dupla;Reta;Sim;3;0;0;1;2;0;1;2;-29,449098;-51,970515;SPRF-RS;DEL04-RS;UOP01-DEL04-RS;;;
736053;03/12/2025;quarta-feira;03:50:00;BA;242;300;LAJEDINHO;Rea��o tardia ou ineficiente do condutor;Sa�da de leito carro��vel;Com V�timas Feridas;Plena Noite;Decrescente;Ignorado;Simples;Reta;N�o;1;0;1;0;0;0;1;1;-12,44901123;-40,88066161;SPRF-BA;DEL06-BA;UOP02-DEL06-BA;;;
736055;03/12/2025;quarta-feira;07:15:00;DF;70;18;BRASILIA;Rea��o tardia ou ineficiente do condutor;Colis�o traseira;Com V�timas Feridas;Pleno dia;Crescente;C�u Claro;Dupla;Reta;Sim;2;0;1;0;1;0;1;2;-15,79113;-48,211893;SPRF-DF;DEL03-DF;UOP02-DEL03-DF;;;
736056;03/12/2025;quarta-feira;07:00:00;RS;386;436;NOVA SANTA RITA;Rea��o tardia ou ineficiente do condutor;Tombamento;Com V�timas Feridas;Pleno dia;Crescente;C�u Claro;Dupla;Reta;N�o;1;0;1;0;0;0;1;1;-29,85601;-51,263173;SPRF-RS;DEL04-RS;UOP02-DEL04-RS;;;
736057;03/12/2025;quarta-feira;08:27:00;SP;116;65;GUARATINGUETA;Rea��o tardia ou ineficiente do condutor;Sa�da de leito carro��vel;Com V�timas Feridas;Pleno dia;Crescente;Nublado;Dupla;Curva;Sim;1;0;0;1;0;0;1;1;-22,8231418;-45,19237876;SPRF-SP;DEL08-SP;UOP01-DEL08-SP;;;
736058;03/12/2025;quarta-feira;07:40:00;RN;304;45;MOSSORO;Retorno proibido;Colis�o transversal;Com V�timas Feridas;Pleno dia;Crescente;C�u Claro;Dupla;Reta;Sim;2;0;0;2;0;0;2;2;-5,224683;-37,350778;SPRF-RN;DEL04-RN;UOP01-DEL04-RN;;;
736059;03/12/2025;quarta-feira;08:00:00;RJ;116;182;NOVA IGUACU;Manobra de mudan�a de faixa;Colis�o lateral mesmo sentido;Com V�timas Feridas;Pleno dia;Crescente;C�u Claro;Dupla;Reta;Sim;2;0;2;0;0;0;2;1;-22,73819;-43,48474503;SPRF-RJ;DEL06-RJ;UOP01-DEL06-RJ;;;
736060;03/12/2025;quarta-feira;07:30:00;PI;135;351;BOM JESUS;Manobra de mudan�a de faixa;Colis�o lateral mesmo sentido;Com V�timas Feridas;Pleno dia;Decrescente;Nublado;Dupla;"Reta;Declive;Retorno Regulamentado";Sim;2;0;0;1;1;0;1;2;-9,075199;-44,350923;SPRF-PI;DEL03-PI;UOP02-DEL03-PI;;;
736062;03/12/2025;quarta-feira;09:20:00;ES;101;265,2;SERRA;Transitar na contram�o;Colis�o frontal;Com V�timas Feridas;Pleno dia;Decrescente;C�u Claro;M�ltipla;"Aclive;Reta";Sim;2;0;0;1;1;0;1;2;-20,1841415;-40,26664853;SPRF-ES;DEL02-ES;UOP01-DEL02-ES;;;
736063;03/12/2025;quarta-feira;08:00:00;RJ;116;183;NOVA IGUACU;Trafegar com motocicleta (ou similar) entre as faixas;Colis�o traseira;Com V�timas Feridas;Pleno dia;Decrescente;Sol;Dupla;Reta;N�o;2;0;1;0;1;0;1;2;-22,73854897;-43,49384082;SPRF-RJ;DEL06-RJ;UOP01-DEL06-RJ;;;
736064;03/12/2025;quarta-feira;09:00:00;RS;116;533,4;CAPAO DO LEAO;Carga excessiva e/ou mal acondicionada;Colis�o com objeto;Com V�timas Feridas;Pleno dia;Crescente;C�u Claro;Simples;Reta;N�o;1;0;1;0;0;0;1;1;-31,78046767;-52,46645149;SPRF-RS;DEL07-RS;UOP01-DEL07-RS;;;
736065;02/12/2025;ter�a-feira;23:00:00;AC;364;249;SENA MADUREIRA;Aus�ncia de rea��o do condutor;Tombamento;Com V�timas Feridas;Plena Noite;Crescente;Garoa/Chuvisco;Simples;Reta;N�o;16;0;14;1;1;0;15;1;-9,232838;-68,5202;SPRF-AC;DEL01-AC;UOP01-DEL01-AC;;;
736067;03/12/2025;quarta-feira;09:00:00;PR;376;162,7;MARINGA;Rea��o tardia ou ineficiente do condutor;Sa�da de leito carro��vel;Com V�timas Feridas;Pleno dia;Decrescente;C�u Claro;Dupla;Reta;N�o;2;0;0;1;1;0;1;1;-23,37318798;-52,05437986;SPRF-PR;DEL09-PR;UOP02-DEL09-PR;;;
736068;03/12/2025;quarta-feira;08:20:00;MG;356;264;MURIAE;Convers�o proibida;Colis�o transversal;Com V�timas Feridas;Pleno dia;Crescente;C�u Claro;Simples;Reta;Sim;2;0;1;0;1;0;1;2;-21,12483165;-42,38054613;SPRF-MG;DEL05-MG;UOP01-DEL05-MG;;;
736069;03/12/2025;quarta-feira;08:30:00;MG;381;584,6;CARMOPOLIS DE MINAS;Rea��o tardia ou ineficiente do condutor;Colis�o com objeto;Com V�timas Feridas;Pleno dia;Decrescente;Nublado;Dupla;Reta;N�o;2;0;1;0;1;0;1;1;-20,5153481;-44,6147856;SPRF-MG;DEL04-MG;UOP01-DEL04-MG;;;
736070;10/09/2025;quarta-feira;08:40:00;RJ;40;25;TRES RIOS;Rea��o tardia ou ineficiente do condutor;Colis�o lateral mesmo sentido;Com V�timas Feridas;Pleno dia;Crescente;Sol;Simples;Curva;Sim;2;0;1;0;1;0;1;2;-22,15084295;-43,15884587;SPRF-RJ;DEL05-RJ;UOP02-DEL05-RJ;;;
736073;03/12/2025;quarta-feira;08:10:00;SC;280;127,9;RIO NEGRINHO;Aus�ncia de rea��o do condutor;Atropelamento de Pedestre;Com V�timas Feridas;Pleno dia;Crescente;C�u Claro;Simples;Reta;N�o;2;0;1;0;1;0;1;2;-26,24325609;-49,5132014;SPRF-SC;DEL06-SC;UOP03-DEL06-SC;;;
736074;03/12/2025;quarta-feira;10:00:00;PE;101;148,8;RIBEIRAO;Afundamento ou ondula��o no pavimento;Queda de ocupante de ve�culo;Com V�timas Feridas;Pleno dia;Decrescente;C�u Claro;Dupla;Curva;N�o;1;0;1;0;0;0;1;1;-8,490865;-35,373888;SPRF-PE;DEL01-PE;UOP03-DEL01-PE;;;
736075;03/12/2025;quarta-feira;07:45:00;PB;104;138,7;QUEIMADAS;Rea��o tardia ou ineficiente do condutor;Colis�o lateral mesmo sentido;Sem V�timas;Pleno dia;Crescente;C�u Claro;Simples;"Declive;Reta";Sim;2;0;0;0;2;0;0;2;-7,36031;-35,902042;SPRF-PB;DEL02-PB;UOP03-DEL02-PB;;;
736080;03/12/2025;quarta-feira;09:00:00;PE;408;78,7;PAUDALHO;Chuva;Sa�da de leito carro��vel;Sem V�timas;Pleno dia;Decrescente;Nublado;Dupla;Reta;N�o;1;0;0;0;0;1;0;1;-7,96122;-35,094;SPRF-PE;DEL01-PE;UOP01-DEL01-PE;;;
736083;03/12/2025;quarta-feira;07:02:00;MT;158;524,2;CANARANA;Ultrapassagem Indevida;Sa�da de leito carro��vel;Com V�timas Feridas;Pleno dia;Decrescente;Nublado;Simples;Reta;N�o;2;0;1;0;1;0;1;2;-13,72;-52,032;SPRF-MT;DEL07-MT;UOP02-DEL07-MT;;;
736087;03/12/2025;quarta-feira;08:30:00;SC;282;406;CATANDUVAS;Condutor usando celular;Sa�da de leito carro��vel;Com V�timas Feridas;Pleno dia;Decrescente;C�u Claro;Simples;Reta;N�o;1;0;1;0;0;0;1;1;-27,09553324;-51,65587043;SPRF-SC;DEL07-SC;UOP05-DEL07-SC;;;
736089;03/12/2025;quarta-feira;11:27:00;SC;280;23,8;ARAQUARI;Aus�ncia de rea��o do condutor;Colis�o lateral mesmo sentido;Com V�timas Feridas;Pleno dia;Decrescente;Sol;Simples;Reta;N�o;2;0;0;1;1;0;1;2;-26,3753727;-48,7181829;SPRF-SC;DEL03-SC;UOP03-DEL03-SC;;;
736090;03/12/2025;quarta-feira;12:23:00;SP;116;201;ARUJA;Manobra de mudan�a de faixa;Colis�o lateral mesmo sentido;Com V�timas Feridas;Pleno dia;Decrescente;C�u Claro;M�ltipla;Reta;N�o;3;0;2;0;1;0;2;2;-23,40353422;-46,330091;SPRF-SP;DEL01-SP;UOP01-DEL01-SP;;;
736091;03/12/2025;quarta-feira;11:00:00;SC;280;125;RIO NEGRINHO;Acessar a via sem observar a presen�a dos outros ve�culos;Colis�o transversal;Com V�timas Feridas;Pleno dia;Crescente;C�u Claro;Simples;"Reta;Interse��o de Vias";N�o;3;0;0;2;1;0;2;2;-26,23780937;-49,49423281;SPRF-SC;DEL06-SC;UOP03-DEL06-SC;;;
736095;03/12/2025;quarta-feira;12:10:00;PE;232;254;ARCOVERDE;Aus�ncia de rea��o do condutor;Colis�o transversal;Com V�timas Feridas;Pleno dia;Crescente;C�u Claro;Simples;"Reta;Interse��o de Vias";Sim;2;0;1;0;1;0;1;2;-8,42962047;-37,06022501;SPRF-PE;DEL04-PE;UOP02-DEL04-PE;;;
736096;03/12/2025;quarta-feira;11:50:00;MA;316;360,5;BACABAL;Ultrapassagem Indevida;Colis�o transversal;Sem V�timas;Pleno dia;Crescente;C�u Claro;Simples;Reta;Sim;3;0;0;0;2;1;0;3;-4,22276467;-44,78919983;SPRF-MA;DEL02-MA;UOP01-DEL02-MA;;;
736097;03/12/2025;quarta-feira;12:30:00;SP;153;62;SAO JOSE DO RIO PRETO;Aus�ncia de rea��o do condutor;Engavetamento;Com V�timas Feridas;Pleno dia;Crescente;C�u Claro;Dupla;Aclive;Sim;3;0;2;0;1;0;2;3;-20,81674726;-49,35717043;SPRF-SP;DEL09-SP;UOP01-DEL09-SP;;;
736098;03/12/2025;quarta-feira;12:20:00;SC;101;214,1;PALHOCA;Condutor deixou de manter dist�ncia do ve�culo da frente;Engavetamento;Com V�timas Feridas;Pleno dia;Crescente;C�u Claro;Dupla;Reta;Sim;4;0;1;0;3;0;1;3;-27,6447629;-48,6710447;SPRF-SC;DEL01-SC;UOP02-DEL01-SC;;;
736100;03/12/2025;quarta-feira;13:00:00;SP;116;109;TAUBATE;Rea��o tardia ou ineficiente do condutor;Colis�o traseira;Com V�timas Feridas;Pleno dia;Decrescente;C�u Claro;Dupla;Reta;Sim;3;0;1;0;2;0;1;2;-23,0278445;-45,54373741;SPRF-SP;DEL02-SP;UOP02-DEL02-SP;;;
736101;03/12/2025;quarta-feira;11:50:00;PE;232;459;SAO JOSE DO BELMONTE;Acessar a via sem observar a presen�a dos outros ve�culos;Colis�o transversal;Com V�timas Feridas;Pleno dia;Crescente;Sol;Simples;"Reta;Interse��o de Vias";N�o;2;0;0;1;1;0;1;2;-8,0213667;-38,7108783;SPRF-PE;DEL05-PE;UOP01-DEL05-PE;;;
736103;01/11/2025;s�bado;15:25:00;SC;101;198,8;SAO JOSE;Ultrapassagem Indevida;Colis�o lateral mesmo sentido;Com V�timas Feridas;Pleno dia;Crescente;C�u Claro;M�ltipla;Reta;N�o;3;0;2;0;1;0;2;2;-27,53258849;-48,63128034;SPRF-SC;DEL01-SC;UOP01-DEL01-SC;;;
736104;03/12/2025;quarta-feira;13:15:00;ES;262;19,5;VIANA;Aus�ncia de rea��o do condutor;Colis�o traseira;Com V�timas Feridas;Pleno dia;Decrescente;Nublado;Simples;Reta;Sim;2;0;1;0;1;0;1;2;-20,39189406;-40,49034834;SPRF-ES;DEL01-ES;UOP01-DEL01-ES;;;
736105;09/10/2025;quinta-feira;18:16:00;ES;101;289,1;CARIACICA;Rea��o tardia ou ineficiente do condutor;Queda de ocupante de ve�culo;Com V�timas Feridas;Plena Noite;Crescente;Garoa/Chuvisco;Dupla;"Declive;Curva";Sim;2;0;2;0;0;0;2;1;-20,281178;-40,393028;SPRF-ES;DEL01-ES;UOP01-DEL01-ES;;;
736106;03/12/2025;quarta-feira;07:00:00;MG;251;430,8;MONTES CLAROS;Condutor deixou de manter dist�ncia do ve�culo da frente;Colis�o traseira;Com V�timas Feridas;Pleno dia;Crescente;Nublado;Simples;Reta;N�o;2;0;0;1;0;1;1;2;-16,6537077;-43,7179205;SPRF-MG;DEL12-MG;UOP01-DEL12-MG;;;
736107;03/12/2025;quarta-feira;11:30:00;RJ;40;121;DUQUE DE CAXIAS;Demais falhas mec�nicas ou el�tricas;Colis�o lateral mesmo sentido;Com V�timas Feridas;Pleno dia;Decrescente;Nublado;M�ltipla;Reta;Sim;2;0;2;0;0;0;2;2;-22,78599475;-43,28530347;SPRF-RJ;DEL01-RJ;UOP02-DEL01-RJ;;;
736108;03/12/2025;quarta-feira;11:27:00;MA;10;255;IMPERATRIZ;Condutor deixou de manter dist�ncia do ve�culo da frente;Tombamento;Com V�timas Feridas;Pleno dia;Crescente;C�u Claro;Simples;Reta;N�o;2;0;0;1;1;0;1;2;-5,505438;-47,47178;SPRF-MA;DEL04-MA;UOP01-DEL04-MA;;;
736109;03/12/2025;quarta-feira;10:15:00;SC;101;78;ARAQUARI;Avarias e/ou desgaste excessivo no pneu;Queda de ocupante de ve�culo;Com V�timas Feridas;Pleno dia;Crescente;Sol;M�ltipla;Reta;N�o;1;0;1;0;0;0;1;1;-26,58472418;-48,7222074;SPRF-SC;DEL03-SC;UOP02-DEL03-SC;;;
736110;03/12/2025;quarta-feira;13:00:00;RJ;116;174;SAO JOAO DE MERITI;Condutor deixou de manter dist�ncia do ve�culo da frente;Colis�o traseira;Sem V�timas;Pleno dia;Decrescente;C�u Claro;Dupla;Reta;N�o;4;0;0;0;4;0;0;4;-22,80340225;-43,34861755;SPRF-RJ;DEL06-RJ;UOP01-DEL06-RJ;;;
736111;03/12/2025;quarta-feira;07:25:00;MA;316;402;ALTO ALEGRE DO MARANHAO;Rea��o tardia ou ineficiente do condutor;Colis�o transversal;Com V�timas Feridas;Pleno dia;Decrescente;C�u Claro;Simples;Reta;Sim;2;0;1;0;1;0;1;2;-4,212583;-44,450448;SPRF-MA;DEL03-MA;UOP01-DEL03-MA;;;
736112;03/12/2025;quarta-feira;07:15:00;BA;242;491;OLIVEIRA DOS BREJINHOS;Demais falhas mec�nicas ou el�tricas;Inc�ndio;Sem V�timas;Pleno dia;Crescente;C�u Claro;Simples;Reta;N�o;1;0;0;0;1;0;0;1;-12,41743743;-42,35828886;SPRF-BA;DEL06-BA;UOP01-DEL06-BA;;;