id;data_inversa;dia_semana;horario;uf;br;km;municipio;causa_acidente;tipo_acidente;classificacao_acidente;fase_dia;sentido_via;condicao_metereologica;tipo_pista;tracado_via;uso_solo;pessoas;mortos;feridos_leves;feridos_graves;ilesos;ignorados;feridos;veiculos;latitude;longitude;regional;delegacia;uop;;;
736114;03/12/2025;quarta-feira;12:10:00;SC;282;341,8;CAMPOS NOVOS;Condutor deixou de manter dist�ncia do ve�culo da frente;Colis�o traseira;Com V�timas Feridas;Pleno dia;Crescente;C�u Claro;Simples;"Reta;Aclive";Sim;4;0;2;0;2;0;2;3;-27,38995842;-51,21299235;SPRF-SC;DEL07-SC;UOP06-DEL07-SC;;;
736118;03/12/2025;quarta-feira;13:30:00;RJ;116;189;NOVA IGUACU;Acumulo de areia ou detritos sobre o pavimento;Queda de ocupante de ve�culo;Com V�timas Feridas;Pleno dia;Crescente;C�u Claro;Dupla;Reta;N�o;1;0;1;0;0;0;1;1;-22,73874071;-43,49469066;SPRF-RJ;DEL06-RJ;UOP01-DEL06-RJ;;;
736119;03/12/2025;quarta-feira;14:10:00;DF;20;15,8;BRASILIA;Aus�ncia de rea��o do condutor;Colis�o traseira;Sem V�timas;Pleno dia;Crescente;C�u Claro;Dupla;"Reta;Em Obras";Sim;2;0;0;0;2;0;0;2;-15,63649957;-47,74279118;SPRF-DF;DEL02-DF;UOP01-DEL02-DF;;;
736120;03/12/2025;quarta-feira;12:20:00;MS;267;29,7;BATAGUASSU;Acumulo de areia ou detritos sobre o pavimento;Tombamento;Com V�timas Feridas;Pleno dia;Decrescente;C�u Claro;Simples;Retorno Regulamentado;Sim;1;0;1;0;0;0;1;1;-21,71985593;-52,42282033;SPRF-MS;DEL02-MS;UOP04-DEL02-MS;;;
736121;03/12/2025;quarta-feira;11:30:00;MT;163;562;NOVA MUTUM;Aus�ncia de rea��o do condutor;Sa�da de leito carro��vel;Com V�timas Feridas;Pleno dia;Decrescente;Chuva;Dupla;Reta;N�o;3;0;1;0;2;0;1;1;-14,129662;-56,111695;SPRF-MT;DEL01-MT;UOP01-DEL01-MT;;;
736122;25/11/2025;ter�a-feira;16:30:00;SC;101;41;JOINVILLE;Desrespeitar a prefer�ncia no cruzamento;Colis�o transversal;Com V�timas Feridas;Pleno dia;Crescente;C�u Claro;Dupla;"Rotat�ria;Interse��o de Vias;Viaduto";N�o;2;0;1;0;1;0;1;2;-26,3184275;-48,87223927;SPRF-SC;DEL03-SC;UOP01-DEL03-SC;;;
736125;03/12/2025;quarta-feira;13:52:00;GO;50;280;CATALAO;Desrespeitar a prefer�ncia no cruzamento;Colis�o transversal;Com V�timas Feridas;Pleno dia;Decrescente;C�u Claro;Simples;"Em Obras;Interse��o de Vias;Viaduto";Sim;2;0;0;1;1;0;1;2;-18,18094494;-47,93889491;SPRF-GO;DEL06-GO;UOP01-DEL06-GO;;;
736128;03/12/2025;quarta-feira;14:30:00;PE;232;157;TACAIMBO;Transitar na contram�o;Colis�o lateral sentido oposto;Com V�timas Feridas;Pleno dia;Decrescente;C�u Claro;Simples;Reta;N�o;3;0;0;1;2;0;1;2;-8,33137609;-36,23681813;SPRF-PE;DEL03-PE;UOP02-DEL03-PE;;;
736130;03/12/2025;quarta-feira;12:45:00;GO;60;40,9;ALEXANIA;Rea��o tardia ou ineficiente do condutor;Sa�da de leito carro��vel;Com V�timas Feridas;Pleno dia;Decrescente;Sol;Dupla;Aclive;N�o;1;0;1;0;0;0;1;1;-16,110546;-48,572546;SPRF-DF;DEL03-DF;UOP01-DEL03-DF;;;
736131;03/12/2025;quarta-feira;14:55:00;PR;116;131,7;FAZENDA RIO GRANDE;Rea��o tardia ou ineficiente do condutor;Tombamento;Com V�timas Feridas;Pleno dia;Crescente;C�u Claro;Dupla;Rotat�ria;Sim;2;0;1;1;0;0;2;1;-25,69046427;-49,31595175;SPRF-PR;DEL01-PR;UOP03-DEL01-PR;;;
736132;03/12/2025;quarta-feira;15:10:00;PR;369;240,4;JANDAIA DO SUL;Rea��o tardia ou ineficiente do condutor;Sa�da de leito carro��vel;Com V�timas Feridas;Pleno dia;Crescente;C�u Claro;Simples;"Reta;Declive";N�o;2;0;1;1;0;0;2;1;-23,67164933;-51,6937353;SPRF-PR;DEL09-PR;UOP01-DEL09-PR;;;
736134;03/12/2025;quarta-feira;13:30:00;MG;40;789,9;JUIZ DE FORA;Demais Fen�menos da natureza;Colis�o com objeto;Com V�timas Feridas;Pleno dia;Decrescente;Nublado;Dupla;"Declive;Curva";N�o;1;0;1;0;0;0;1;1;-21,75224547;-43,44526291;SPRF-MG;DEL05-MG;UOP01-DEL05-MG;;;
736135;03/12/2025;quarta-feira;13:50:00;MS;163;127,5;NAVIRAI;Rea��o tardia ou ineficiente do condutor;Sa�da de leito carro��vel;Com V�timas Feridas;Pleno dia;Crescente;Sol;Simples;Reta;N�o;1;0;1;0;0;0;1;1;-23,053198;-54,23949;SPRF-MS;DEL09-MS;UOP01-DEL09-MS;;;
736139;03/12/2025;quarta-feira;10:30:00;SC;101;45;JOINVILLE;Demais falhas mec�nicas ou el�tricas;Queda de ocupante de ve�culo;Com V�timas Feridas;Pleno dia;Decrescente;C�u Claro;Dupla;Reta;Sim;1;0;1;0;0;0;1;1;-26,3512183;-48,85791477;SPRF-SC;DEL03-SC;UOP01-DEL03-SC;;;
736140;03/12/2025;quarta-feira;14:30:00;SC;163;68,1;SAO MIGUEL DO OESTE;Acessar a via sem observar a presen�a dos outros ve�culos;Colis�o transversal;Com V�timas Feridas;Pleno dia;Crescente;Sol;Dupla;"Reta;Interse��o de Vias";Sim;2;0;1;0;1;0;1;2;-26,75046305;-53,50081086;SPRF-SC;DEL07-SC;UOP03-DEL07-SC;;;
736142;03/12/2025;quarta-feira;07:20:00;MG;262;34;MANHUACU;Rea��o tardia ou ineficiente do condutor;Atropelamento de Pedestre;Com V�timas Feridas;Pleno dia;Crescente;C�u Claro;Simples;Reta;Sim;2;0;0;1;1;0;1;2;-20,25955108;-42,03186661;SPRF-MG;DEL06-MG;UOP03-DEL06-MG;;;
736143;03/12/2025;quarta-feira;12:45:00;PA;222;23;DOM ELISEU;Manobra de mudan�a de faixa;Colis�o traseira;Com V�timas Feridas;Pleno dia;Crescente;C�u Claro;Simples;Reta;Sim;2;0;1;0;1;0;1;2;-4,307002;-47,602285;SPRF-PA;DEL02-PA;UOP02-DEL02-PA;;;
736146;03/12/2025;quarta-feira;10:10:00;RJ;116;209;SEROPEDICA;Aus�ncia de rea��o do condutor;Colis�o traseira;Com V�timas Feridas;Pleno dia;Decrescente;C�u Claro;Dupla;Reta;N�o;3;0;1;1;1;0;2;2;-22,72208432;-43,67787391;SPRF-RJ;DEL06-RJ;UOP02-DEL06-RJ;;;
736147;20/09/2025;s�bado;22:40:00;MG;116;262,4;TEOFILO OTONI;Demais falhas na via;Tombamento;Com V�timas Feridas;Plena Noite;Crescente;C�u Claro;Simples;"Aclive;Curva";N�o;1;0;1;0;0;0;1;1;-17,741757;-41,500167;SPRF-MG;DEL11-MG;UOP01-DEL11-MG;;;
736148;03/12/2025;quarta-feira;15:33:00;PE;101;57;RECIFE;Manobra de mudan�a de faixa;Colis�o lateral mesmo sentido;Com V�timas Feridas;Pleno dia;Decrescente;C�u Claro;Dupla;Reta;N�o;2;0;1;0;1;0;1;2;-7,9579335;-34,9119785;SPRF-PE;DEL01-PE;UOP02-DEL01-PE;;;
736150;03/12/2025;quarta-feira;16:10:00;PR;116;44;CAMPINA GRANDE DO SUL;Velocidade Incompat�vel;Sa�da de leito carro��vel;Com V�timas Feridas;Pleno dia;Crescente;Garoa/Chuvisco;Dupla;Curva;N�o;1;0;1;0;0;0;1;1;-25,192652;-48,8877705;SPRF-PR;DEL01-PR;UOP02-DEL01-PR;;;
736151;03/12/2025;quarta-feira;16:30:00;ES;101;297,9;VIANA;Condutor deixou de manter dist�ncia do ve�culo da frente;Colis�o lateral mesmo sentido;Com V�timas Feridas;Pleno dia;Decrescente;Nublado;Dupla;Reta;Sim;2;0;1;0;1;0;1;2;-20,35170871;-40,41286469;SPRF-ES;DEL01-ES;UOP01-DEL01-ES;;;
736152;03/12/2025;quarta-feira;15:00:00;MG;116;568;MANHUACU;Rea��o tardia ou ineficiente do condutor;Tombamento;Com V�timas Feridas;Pleno dia;Decrescente;Nublado;Simples;Curva;N�o;1;0;1;0;0;0;1;1;-20,099962;-42,179737;SPRF-MG;DEL06-MG;UOP03-DEL06-MG;;;
736154;03/12/2025;quarta-feira;16:30:00;RS;116;266;CANOAS;Velocidade Incompat�vel;Colis�o com objeto;Com V�timas Feridas;Pleno dia;Decrescente;C�u Claro;Dupla;Reta;N�o;1;0;1;0;0;0;1;1;-29,93793521;-51,17722137;SPRF-RS;DEL01-RS;UOP01-DEL01-RS;;;
736155;03/12/2025;quarta-feira;12:30:00;GO;452;107,7;BOM JESUS DE GOIAS;Ultrapassagem Indevida;Sa�da de leito carro��vel;Com V�timas Feridas;Pleno dia;Crescente;C�u Claro;Simples;Reta;N�o;2;0;1;0;1;0;1;1;-18,14061;-49,970092;SPRF-GO;DEL03-GO;UOP02-DEL03-GO;;;
736157;03/12/2025;quarta-feira;16:45:00;MG;365;625;UBERLANDIA;Condutor deixou de manter dist�ncia do ve�culo da frente;Colis�o traseira;Com V�timas Feridas;Pleno dia;Decrescente;C�u Claro;Dupla;Reta;Sim;2;0;1;0;1;0;1;2;-18,9110041;-48,3042066;SPRF-MG;DEL15-MG;UOP01-DEL15-MG;;;
736160;03/12/2025;quarta-feira;11:00:00;RJ;101;319;NITEROI;Condutor deixou de manter dist�ncia do ve�culo da frente;Colis�o traseira;Com V�timas Feridas;Pleno dia;Crescente;C�u Claro;Dupla;Reta;Sim;2;0;1;0;1;0;1;2;-22,86018529;-43,10549676;SPRF-RJ;DEL02-RJ;UOP02-DEL02-RJ;;;
736162;03/12/2025;quarta-feira;16:30:00;RN;406;157,9;CEARA-MIRIM;Transitar na contram�o;Colis�o lateral sentido oposto;Com V�timas Feridas;Pleno dia;Crescente;C�u Claro;Simples;Reta;N�o;4;0;0;1;3;0;1;2;-5,698357;-35,384063;SPRF-RN;DEL02-RN;UOP01-DEL02-RN;;;
736163;03/12/2025;quarta-feira;17:00:00;RS;386;344,3;LAJEADO;Rea��o tardia ou ineficiente do condutor;Colis�o traseira;Sem V�timas;Pleno dia;Decrescente;C�u Claro;Dupla;"Em Obras;Reta";Sim;3;0;0;0;3;0;0;2;-29,4408615;-51,98780021;SPRF-RS;DEL04-RS;UOP01-DEL04-RS;;;
736164;03/12/2025;quarta-feira;16:50:00;RJ;40;117;DUQUE DE CAXIAS;Rea��o tardia ou ineficiente do condutor;Engavetamento;Com V�timas Feridas;Pleno dia;Crescente;C�u Claro;M�ltipla;Reta;N�o;6;0;1;0;5;0;1;4;-22,75409379;-43,28722391;SPRF-RJ;DEL01-RJ;UOP02-DEL01-RJ;;;
736167;03/12/2025;quarta-feira;17:35:00;PR;116;111;CURITIBA;Avarias e/ou desgaste excessivo no pneu;Tombamento;Com V�timas Feridas;Pleno dia;Decrescente;Nublado;Dupla;Reta;Sim;1;0;1;0;0;0;1;1;-25,55992;-49,26556;SPRF-PR;DEL01-PR;UOP03-DEL01-PR;;;
736171;03/12/2025;quarta-feira;17:10:00;MG;116;716;MURIAE;Pista Escorregadia;Sa�da de leito carro��vel;Com V�timas Feridas;Anoitecer;Crescente;Ignorado;Simples;"Curva;Declive";N�o;1;0;1;0;0;0;1;1;-21,20032946;-42,38414347;SPRF-MG;DEL07-MG;UOP02-DEL07-MG;;;
736174;03/12/2025;quarta-feira;18:20:00;SP;381;37;ATIBAIA;Rea��o tardia ou ineficiente do condutor;Tombamento;Com V�timas Feridas;Anoitecer;Crescente;C�u Claro;Dupla;Reta;N�o;1;0;1;0;0;0;1;1;-23,105869;-46,569161;SPRF-SP;DEL03-SP;UOP01-DEL03-SP;;;
736175;03/12/2025;quarta-feira;18:00:00;RJ;116;185;NOVA IGUACU;Rea��o tardia ou ineficiente do condutor;Colis�o traseira;Com V�timas Feridas;Pleno dia;Crescente;C�u Claro;Dupla;"Reta;Em Obras";Sim;2;0;1;0;1;0;1;2;-22,7428035;-43,4511718;SPRF-RJ;DEL06-RJ;UOP01-DEL06-RJ;;;
736176;03/12/2025;quarta-feira;17:00:00;RJ;40;25;TRES RIOS;Velocidade Incompat�vel;Colis�o com objeto;Com V�timas Feridas;Anoitecer;Crescente;Nublado;Dupla;Curva;Sim;2;0;1;0;1;0;1;1;-22,15422896;-43,15794051;SPRF-RJ;DEL05-RJ;UOP02-DEL05-RJ;;;
736179;03/12/2025;quarta-feira;18:30:00;GO;153;492;GOIANIA;Acessar a via sem observar a presen�a dos outros ve�culos;Colis�o lateral mesmo sentido;Com V�timas Feridas;Anoitecer;Decrescente;Nublado;Dupla;Reta;Sim;3;0;2;0;0;1;2;3;-16,642311;-49,208429;SPRF-GO;DEL01-GO;UOP01-DEL01-GO;;;
736180;03/12/2025;quarta-feira;18:00:00;PE;101;34;ITAPISSUMA;Rea��o tardia ou ineficiente do condutor;Sa�da de leito carro��vel;Com V�timas Feridas;Plena Noite;Crescente;C�u Claro;Dupla;Reta;N�o;2;0;0;2;0;0;2;1;-7,774023;-34,934842;SPRF-PE;DEL01-PE;UOP02-DEL01-PE;;;
736182;03/12/2025;quarta-feira;11:45:00;RJ;493;19;MAGE;Convers�o proibida;Colis�o transversal;Com V�timas Feridas;Pleno dia;Crescente;Sol;Simples;Reta;Sim;2;0;0;1;1;0;1;2;-22,6594109;-43,0910268;SPRF-RJ;DEL04-RJ;UOP02-DEL04-RJ;;;
736184;03/12/2025;quarta-feira;17:30:00;SC;101;207;SAO JOSE;Transtornos Mentais (exceto suicidio);Eventos at�picos;Com V�timas Feridas;Pleno dia;Crescente;C�u Claro;M�ltipla;Reta;Sim;2;0;1;0;1;0;1;1;-27,60251862;-48,63085119;SPRF-SC;DEL01-SC;UOP01-DEL01-SC;;;
736185;03/12/2025;quarta-feira;17:50:00;SC;101;149;ITAPEMA;Manobra de mudan�a de faixa;Colis�o lateral mesmo sentido;Com V�timas Feridas;Pleno dia;Decrescente;Nublado;M�ltipla;Reta;N�o;3;0;0;1;2;0;1;3;-27,11435261;-48,60986559;SPRF-SC;DEL04-SC;UOP03-DEL04-SC;;;
736186;03/12/2025;quarta-feira;18:11:00;RN;101;97;NATAL;Aus�ncia de rea��o do condutor;Colis�o traseira;Com V�timas Feridas;Plena Noite;Decrescente;C�u Claro;M�ltipla;Reta;Sim;2;0;0;1;1;0;1;2;-5,860243;-35,214072;SPRF-RN;DEL01-RN;UOP01-DEL01-RN;;;
736187;03/12/2025;quarta-feira;18:30:00;PR;277;1;PARANAGUA;Ultrapassagem Indevida;Colis�o transversal;Sem V�timas;Plena Noite;Crescente;Nublado;Simples;"Reta;Interse��o de Vias";Sim;3;0;0;0;2;1;0;2;-25,5136483;-48,5356372;SPRF-PR;DEL01-PR;UOP05-DEL01-PR;;;
736189;03/12/2025;quarta-feira;18:20:00;RS;153;36,2;TRES ARROIOS;Acessar a via sem observar a presen�a dos outros ve�culos;Colis�o transversal;Com V�timas Feridas;Pleno dia;Crescente;C�u Claro;Simples;Reta;N�o;2;0;1;0;1;0;1;2;-27,55860901;-52,20780635;SPRF-RS;DEL08-RS;UOP04-DEL08-RS;;;
736190;03/12/2025;quarta-feira;17:00:00;SC;280;305,2;PORTO UNIAO;Condutor deixou de manter dist�ncia do ve�culo da frente;Colis�o traseira;Sem V�timas;Pleno dia;Crescente;Nublado;Simples;Reta;Sim;3;0;0;0;3;0;0;3;-26,26373988;-51,06249975;SPRF-SC;DEL06-SC;UOP04-DEL06-SC;;;
736191;03/12/2025;quarta-feira;17:20:00;PR;277;558,3;CASCAVEL;Demais falhas mec�nicas ou el�tricas;Sa�da de leito carro��vel;Com V�timas Feridas;Pleno dia;Decrescente;C�u Claro;Simples;Reta;N�o;4;0;4;0;0;0;4;1;-25,088858;-53,183169;SPRF-PR;DEL04-PR;UOP04-DEL04-PR;;;
736192;03/12/2025;quarta-feira;19:04:00;AL;316;157;PALMEIRA DOS INDIOS;Animais na Pista;Colis�o lateral mesmo sentido;Com V�timas Feridas;Plena Noite;Crescente;C�u Claro;Simples;"Aclive;Reta";Sim;3;0;1;1;1;0;2;2;-9,43298547;-36,61366582;SPRF-AL;DEL03-AL;UOP01-DEL03-AL;;;
736193;03/12/2025;quarta-feira;18:20:00;RS;293;3,5;PELOTAS;Aus�ncia de rea��o do condutor;Colis�o traseira;Com V�timas Feridas;Pleno dia;Decrescente;Nublado;Simples;Reta;Sim;2;0;1;0;1;0;1;2;-31,73291915;-52,37407613;SPRF-RS;DEL07-RS;UOP01-DEL07-RS;;;
736194;21/11/2025;sexta-feira;17:50:00;PB;104;115,5;LAGOA SECA;Acessar a via sem observar a presen�a dos outros ve�culos;Colis�o transversal;Com V�timas Feridas;Plena Noite;Decrescente;C�u Claro;Simples;"Declive;Retorno Regulamentado;Reta";N�o;2;0;1;0;1;0;1;2;-7,171372;-35,85981;SPRF-PB;DEL02-PB;UOP04-DEL02-PB;;;
736195;03/12/2025;quarta-feira;18:00:00;RJ;465;21;NOVA IGUACU;Acesso irregular;Colis�o transversal;Com V�timas Feridas;Plena Noite;Crescente;C�u Claro;Simples;Reta;Sim;2;0;1;0;1;0;1;2;-22,851902;-43,60217784;SPRF-RJ;DEL06-RJ;UOP02-DEL06-RJ;;;
736196;03/12/2025;quarta-feira;19:00:00;TO;153;724,9;FIGUEIROPOLIS;Animais na Pista;Atropelamento de Animal;Sem V�timas;Plena Noite;Crescente;Nublado;Simples;Reta;N�o;1;0;0;0;1;0;0;1;-12,20279118;-49,15643692;SPRF-TO;DEL01-TO;UOP02-DEL01-TO;;;
736197;03/12/2025;quarta-feira;18:05:00;SC;163;70,4;SAO MIGUEL DO OESTE;Acessar a via sem observar a presen�a dos outros ve�culos;Colis�o transversal;Com V�timas Feridas;Anoitecer;Crescente;C�u Claro;Dupla;Curva;Sim;2;0;1;0;1;0;1;2;-26,73211263;-53,51019786;SPRF-SC;DEL07-SC;UOP03-DEL07-SC;;;
736198;03/12/2025;quarta-feira;19:00:00;ES;101;294;CARIACICA;Pista Escorregadia;Tombamento;Com V�timas Feridas;Plena Noite;Crescente;Chuva;Dupla;Reta;Sim;1;0;1;0;0;0;1;1;-20,32960171;-40,39912271;SPRF-ES;DEL01-ES;UOP01-DEL01-ES;;;
736199;03/12/2025;quarta-feira;19:05:00;SC;470;124,1;IBIRAMA;Rea��o tardia ou ineficiente do condutor;Capotamento;Com V�timas Feridas;Anoitecer;Crescente;C�u Claro;Simples;"Declive;Curva";N�o;3;0;3;0;0;0;3;1;-27,11553483;-49,53218071;SPRF-SC;DEL04-SC;UOP02-DEL04-SC;;;
736200;03/12/2025;quarta-feira;19:10:00;RN;226;0;NATAL;Condutor deixou de manter dist�ncia do ve�culo da frente;Colis�o traseira;Com V�timas Feridas;Plena Noite;Crescente;C�u Claro;Simples;Reta;Sim;2;0;1;0;1;0;1;2;-5,80533784;-35,24016111;SPRF-RN;DEL01-RN;UOP02-DEL01-RN;;;
736201;03/12/2025;quarta-feira;19:10:00;BA;101;505;ITABUNA;Ultrapassagem Indevida;Colis�o lateral sentido oposto;Com V�timas Feridas;Plena Noite;Crescente;C�u Claro;Simples;Reta;Sim;3;0;2;0;0;1;2;2;-14,76824299;-39,29706573;SPRF-BA;DEL05-BA;UOP01-DEL05-BA;;;
736202;03/12/2025;quarta-feira;18:50:00;PE;101;61;RECIFE;Entrada inopinada do pedestre;Atropelamento de Pedestre;Sem V�timas;Plena Noite;Crescente;C�u Claro;Dupla;Reta;Sim;2;0;0;0;1;1;0;2;-8,00701724;-34,93787452;SPRF-PE;DEL01-PE;UOP02-DEL01-PE;;;
736204;03/12/2025;quarta-feira;16:41:00;RJ;101;492;ANGRA DOS REIS;Transitar na contram�o;Colis�o frontal;Com V�timas Fatais;Pleno dia;Decrescente;C�u Claro;Simples;Curva;Sim;2;1;0;0;1;0;0;2;-22,95523201;-44,32228088;SPRF-RJ;DEL03-RJ;UOP03-DEL03-RJ;;;
736206;03/12/2025;quarta-feira;19:50:00;PR;376;639;TIJUCAS DO SUL;Condutor Dormindo;Sa�da de leito carro��vel;Com V�timas Feridas;Plena Noite;Decrescente;Nublado;Dupla;Reta;N�o;4;0;4;0;0;0;4;1;-25,789125;-49,125142;SPRF-PR;DEL01-PR;UOP04-DEL01-PR;;;
736208;03/12/2025;quarta-feira;20:00:00;GO;60;305;ACREUNA;Rea��o tardia ou ineficiente do condutor;Sa�da de leito carro��vel;Com V�timas Feridas;Plena Noite;Crescente;C�u Claro;Dupla;Reta;N�o;1;0;1;0;0;0;1;1;-17,405045;-50,395262;SPRF-GO;DEL04-GO;UOP02-DEL04-GO;;;
736209;03/12/2025;quarta-feira;20:10:00;ES;393;2;CACHOEIRO DE ITAPEMIRIM;Condutor deixou de manter dist�ncia do ve�culo da frente;Colis�o traseira;Com V�timas Feridas;Plena Noite;Crescente;Chuva;Simples;Reta;Sim;2;0;1;0;0;1;1;2;-20,83252672;-41,17617695;SPRF-ES;DEL03-ES;UOP02-DEL03-ES;;;
736210;03/12/2025;quarta-feira;18:30:00;RJ;101;478;ANGRA DOS REIS;Acessar a via sem observar a presen�a dos outros ve�culos;Colis�o frontal;Com V�timas Feridas;Anoitecer;Crescente;Nublado;Simples;Reta;Sim;2;0;1;0;1;0;1;2;-23,00550541;-44,27672825;SPRF-RJ;DEL03-RJ;UOP03-DEL03-RJ;;;
736211;03/12/2025;quarta-feira;08:22:00;SC;280;35;ARAQUARI;Acessar a via sem observar a presen�a dos outros ve�culos;Colis�o lateral mesmo sentido;Com V�timas Feridas;Pleno dia;Decrescente;C�u Claro;Simples;Reta;N�o;3;0;1;0;1;1;1;2;-26,434745;-48,80458;SPRF-SC;DEL03-SC;UOP03-DEL03-SC;;;
736212;03/12/2025;quarta-feira;17:40:00;PR;277;288;PRUDENTOPOLIS;Aus�ncia de rea��o do condutor;Sa�da de leito carro��vel;Com V�timas Feridas;Pleno dia;Decrescente;C�u Claro;Simples;"Aclive;Reta";N�o;1;0;1;0;0;0;1;1;-25,318;-50,995;SPRF-PR;DEL08-PR;UOP02-DEL08-PR;;;
736214;03/12/2025;quarta-feira;19:15:00;RJ;116;70,5;TERESOPOLIS;Estacionar ou parar em local proibido;Tombamento;Com V�timas Feridas;Plena Noite;Decrescente;C�u Claro;Simples;Reta;Sim;2;0;1;0;1;0;1;2;-22,31946662;-42,93747649;SPRF-RJ;DEL04-RJ;UOP01-DEL04-RJ;;;
736217;03/12/2025;quarta-feira;20:10:00;SP;116;282;EMBU DAS ARTES;Rea��o tardia ou ineficiente do condutor;Queda de ocupante de ve�culo;Com V�timas Feridas;Plena Noite;Decrescente;C�u Claro;Dupla;Reta;Sim;2;0;0;1;0;1;1;1;-23,6559102;-46,8498193;SPRF-SP;DEL04-SP;UOP01-DEL04-SP;;;
736218;03/12/2025;quarta-feira;18:15:00;RJ;116;308;RESENDE;Aus�ncia de rea��o do condutor;Colis�o traseira;Com V�timas Feridas;Anoitecer;Crescente;C�u Claro;Dupla;Reta;Sim;2;0;1;0;1;0;1;2;-22,45770713;-44,4197309;SPRF-RJ;DEL07-RJ;UOP02-DEL07-RJ;;;
736219;03/12/2025;quarta-feira;20:25:00;PR;369;193;ARAPONGAS;Acessar a via sem observar a presen�a dos outros ve�culos;Colis�o traseira;Com V�timas Feridas;Plena Noite;Crescente;C�u Claro;Dupla;"Reta;Declive";N�o;3;0;2;0;1;0;2;2;-23,47187725;-51,4236331;SPRF-PR;DEL07-PR;UOP03-DEL07-PR;;;
736221;03/12/2025;quarta-feira;21:25:00;BA;324;516,7;FEIRA DE SANTANA;Condutor deixou de manter dist�ncia do ve�culo da frente;Colis�o traseira;Com V�timas Feridas;Plena Noite;Crescente;C�u Claro;Simples;Reta;Sim;2;0;1;0;1;0;1;2;-12,24883307;-38,93394828;SPRF-BA;DEL02-BA;UOP01-DEL02-BA;;;
736222;03/12/2025;quarta-feira;19:00:00;PA;10;355;SANTA MARIA DO PARA;Aus�ncia de rea��o do condutor;Colis�o lateral sentido oposto;Com V�timas Feridas;Plena Noite;Crescente;C�u Claro;Simples;Reta;Sim;2;0;0;2;0;0;2;2;-1,343034;-47,57898;SPRF-PA;DEL01-PA;UOP02-DEL01-PA;;;
736223;03/12/2025;quarta-feira;20:35:00;SC;101;90;BARRA VELHA;Rea��o tardia ou ineficiente do condutor;Colis�o lateral mesmo sentido;Com V�timas Feridas;Plena Noite;Decrescente;Nublado;Simples;"Reta;Interse��o de Vias";N�o;2;0;1;0;1;0;1;2;-26,66814519;-48,68923752;SPRF-SC;DEL03-SC;UOP02-DEL03-SC;;;
736226;03/12/2025;quarta-feira;19:57:00;RS;287;256;SANTA MARIA;Demais falhas na via;Queda de ocupante de ve�culo;Com V�timas Fatais;Plena Noite;Decrescente;C�u Claro;Simples;Reta;N�o;4;1;0;0;2;1;0;4;-29,683104;-53,930598;SPRF-RS;DEL09-RS;UOP01-DEL09-RS;;;
736227;03/12/2025;quarta-feira;20:30:00;RJ;40;108;DUQUE DE CAXIAS;Mal s�bito do condutor;Tombamento;Com V�timas Feridas;Plena Noite;Decrescente;C�u Claro;M�ltipla;Retorno Regulamentado;N�o;1;0;1;0;0;0;1;1;-22,67112506;-43,28490973;SPRF-RJ;DEL01-RJ;UOP02-DEL01-RJ;;;
736228;03/12/2025;quarta-feira;21:30:00;SC;101;183;GOVERNADOR CELSO RAMOS;Animais na Pista;Atropelamento de Animal;Com V�timas Feridas;Plena Noite;Decrescente;C�u Claro;Dupla;Viaduto;Sim;1;0;1;0;0;0;1;1;-27,402122;-48,629201;SPRF-SC;DEL01-SC;UOP01-DEL01-SC;;;
736229;03/12/2025;quarta-feira;21:50:00;RS;101;81,5;OSORIO;Aus�ncia de rea��o do condutor;Colis�o transversal;Com V�timas Feridas;Plena Noite;Crescente;C�u Claro;Dupla;Reta;N�o;1;0;1;0;0;0;1;1;-29,84589346;-50,24507555;SPRF-RS;DEL03-RS;UOP01-DEL03-RS;;;
736232;03/12/2025;quarta-feira;22:30:00;PE;101;69;RECIFE;Entrada inopinada do pedestre;Atropelamento de Pedestre;Com V�timas Feridas;Plena Noite;Decrescente;C�u Claro;Dupla;Reta;Sim;3;0;1;2;0;0;3;2;-8,0636295;-34,9447962;SPRF-PE;DEL01-PE;UOP01-DEL01-PE;;;
736234;03/12/2025;quarta-feira;17:30:00;PE;316;283;BELEM DE SAO FRANCISCO;Condutor deixou de manter dist�ncia do ve�culo da frente;Colis�o traseira;Sem V�timas;Anoitecer;Decrescente;C�u Claro;Simples;"Reta;Interse��o de Vias";N�o;2;0;0;0;1;1;0;2;-8,66062;-38,744557;SPRF-PE;DEL04-PE;UOP03-DEL04-PE;;;
736237;03/12/2025;quarta-feira;22:30:00;SC;282;52;AGUAS MORNAS;Condutor Dormindo;Sa�da de leito carro��vel;Com V�timas Feridas;Plena Noite;Crescente;C�u Claro;Simples;Reta;N�o;1;0;1;0;0;0;1;1;-27,6951416;-48,96740405;SPRF-SC;DEL01-SC;UOP03-DEL01-SC;;;
736239;03/12/2025;quarta-feira;13:00:00;MG;116;438;ENGENHEIRO CALDAS;Demais falhas mec�nicas ou el�tricas;Tombamento;Com V�timas Feridas;Pleno dia;Decrescente;C�u Claro;Simples;Reta;N�o;2;0;2;0;0;0;2;1;-19,04572767;-41,99457457;SPRF-MG;DEL06-MG;UOP01-DEL06-MG;;;