id;data_inversa;dia_semana;horario;uf;br;km;municipio;causa_acidente;tipo_acidente;classificacao_acidente;fase_dia;sentido_via;condicao_metereologica;tipo_pista;tracado_via;uso_solo;pessoas;mortos;feridos_leves;feridos_graves;ilesos;ignorados;feridos;veiculos;latitude;longitude;regional;delegacia;uop;;;
736240;04/12/2025;quinta-feira;00:07:00;SP;116;226;GUARULHOS;Aus�ncia de rea��o do condutor;Colis�o traseira;Com V�timas Feridas;Plena Noite;Decrescente;C�u Claro;Dupla;Reta;Sim;4;0;2;0;2;0;2;2;-23,49620193;-46,55611856;SPRF-SP;DEL01-SP;UOP01-DEL01-SP;;;
736241;03/12/2025;quarta-feira;22:40:00;PR;277;245;IRATI;Aus�ncia de rea��o do condutor;Colis�o com objeto;Com V�timas Feridas;Plena Noite;Decrescente;C�u Claro;Simples;Curva;Sim;1;0;1;0;0;0;1;1;-25,45418;-50,61843;SPRF-PR;DEL08-PR;UOP02-DEL08-PR;;;
736244;04/12/2025;quinta-feira;00:36:00;RS;290;25,1;SANTO ANTONIO DA PATRULHA;Aus�ncia de rea��o do condutor;Tombamento;Com V�timas Feridas;Plena Noite;Crescente;Nublado;M�ltipla;Reta;N�o;2;0;2;0;0;0;2;1;-29,880626;-50,501515;SPRF-RS;DEL03-RS;UOP01-DEL03-RS;;;
736246;03/12/2025;quarta-feira;23:50:00;GO;20;15;FORMOSA;Rea��o tardia ou ineficiente do condutor;Sa�da de leito carro��vel;Com V�timas Feridas;Plena Noite;Crescente;Garoa/Chuvisco;Dupla;Reta;N�o;1;0;1;0;0;0;1;1;-15,5656;-47,2247;SPRF-DF;DEL02-DF;UOP02-DEL02-DF;;;
736247;03/12/2025;quarta-feira;23:20:00;SC;101;323,8;CAPIVARI DE BAIXO;Rea��o tardia ou ineficiente do condutor;Colis�o traseira;Com V�timas Feridas;Plena Noite;Decrescente;C�u Claro;Dupla;Reta;N�o;2;0;0;1;1;0;1;2;-28,425104;-48,933305;SPRF-SC;DEL02-SC;UOP01-DEL02-SC;;;
736248;03/12/2025;quarta-feira;23:50:00;RJ;40;118;DUQUE DE CAXIAS;Animais na Pista;Atropelamento de Animal;Com V�timas Feridas;Plena Noite;Decrescente;C�u Claro;Dupla;Reta;Sim;2;0;1;0;1;0;1;1;-22,75825903;-43,28689132;SPRF-RJ;DEL01-RJ;UOP02-DEL01-RJ;;;
736249;04/12/2025;quinta-feira;00:50:00;PR;277;71;SAO JOSE DOS PINHAIS;Rea��o tardia ou ineficiente do condutor;Colis�o traseira;Com V�timas Feridas;Plena Noite;Decrescente;Nublado;Dupla;Reta;Sim;2;0;1;0;1;0;1;2;-25,50272645;-49,1479826;SPRF-PR;DEL01-PR;UOP07-DEL01-PR;;;
736250;04/12/2025;quinta-feira;00:00:00;MT;70;515;VARZEA GRANDE;Acessar a via sem observar a presen�a dos outros ve�culos;Colis�o lateral mesmo sentido;Com V�timas Feridas;Plena Noite;Decrescente;Nublado;Simples;Reta;Sim;2;0;0;1;1;0;1;2;-15,70347465;-56,15026474;SPRF-MT;DEL01-MT;UOP02-DEL01-MT;;;
736252;03/12/2025;quarta-feira;17:19:00;MA;135;7,7;SAO LUIS;Acessar a via sem observar a presen�a dos outros ve�culos;Colis�o transversal;Com V�timas Feridas;Pleno dia;Crescente;C�u Claro;Dupla;"Reta;Retorno Regulamentado";Sim;2;0;1;0;1;0;1;2;-2,640497;-44,271778;SPRF-MA;DEL01-MA;UOP01-DEL01-MA;;;
736254;03/12/2025;quarta-feira;22:30:00;RJ;116;276;BARRA MANSA;Rea��o tardia ou ineficiente do condutor;Colis�o frontal;Com V�timas Feridas;Plena Noite;Crescente;Nublado;Simples;Reta;Sim;2;0;1;0;1;0;1;2;-22,56264383;-44,16953294;SPRF-RJ;DEL07-RJ;UOP02-DEL07-RJ;;;
736255;04/12/2025;quinta-feira;01:30:00;PR;369;486,1;CORBELIA;Velocidade Incompat�vel;Colis�o com objeto;Com V�timas Feridas;Plena Noite;Decrescente;C�u Claro;Dupla;"Reta;Aclive";N�o;3;0;1;1;0;1;2;1;-24,8087256;-53,2933215;SPRF-PR;DEL04-PR;UOP03-DEL04-PR;;;
736256;04/12/2025;quinta-feira;04:00:00;MG;381;515;IGARAPE;Mal s�bito do condutor;Colis�o com objeto;Com V�timas Feridas;Plena Noite;Crescente;C�u Claro;Dupla;Curva;N�o;1;0;1;0;0;0;1;1;-20,10504293;-44,32004325;SPRF-MG;DEL01-MG;UOP03-DEL01-MG;;;
736257;03/12/2025;quarta-feira;20:40:00;PR;277;700;SAO MIGUEL DO IGUACU;Demais falhas mec�nicas ou el�tricas;Queda de ocupante de ve�culo;Com V�timas Feridas;Plena Noite;Crescente;C�u Claro;Dupla;"Reta;Declive";N�o;2;0;2;0;0;0;2;1;-25,398;-54,315;SPRF-PR;DEL05-PR;UOP01-DEL05-PR;;;
736258;04/12/2025;quinta-feira;02:50:00;RJ;40;107;DUQUE DE CAXIAS;Condutor Dormindo;Colis�o traseira;Com V�timas Feridas;Plena Noite;Decrescente;Nublado;Dupla;Reta;Sim;3;0;1;1;1;0;2;2;-22,66439498;-43,28468925;SPRF-RJ;DEL01-RJ;UOP02-DEL01-RJ;;;
736261;04/12/2025;quinta-feira;04:20:00;RS;386;247;SOLEDADE;Aus�ncia de rea��o do condutor;Colis�o traseira;Com V�timas Feridas;Plena Noite;Crescente;C�u Claro;Simples;"Em Obras;Reta";N�o;3;0;2;0;1;0;2;2;-28,820689;-52,480097;SPRF-RS;DEL04-RS;UOP03-DEL04-RS;;;
736263;04/12/2025;quinta-feira;00:05:00;RS;471;175,5;RIO PARDO;Ingest�o de �lcool pelo condutor;Colis�o com objeto;Com V�timas Feridas;Plena Noite;Decrescente;C�u Claro;Dupla;Reta;Sim;1;0;1;0;0;0;1;1;-29,99290428;-52,36821625;SPRF-RS;DEL02-RS;UOP03-DEL02-RS;;;
736264;04/12/2025;quinta-feira;05:30:00;GO;70;472;ARAGARCAS;Acessar a via sem observar a presen�a dos outros ve�culos;Colis�o transversal;Com V�timas Feridas;Amanhecer;Crescente;Nublado;Dupla;"Interse��o de Vias;Reta";Sim;2;0;1;0;0;1;1;2;-15,89672589;-52,24028148;SPRF-GO;DEL04-GO;UOP02-DEL04-GO;;;
736266;04/12/2025;quinta-feira;06:10:00;ES;101;270,5;SERRA;Rea��o tardia ou ineficiente do condutor;Tombamento;Com V�timas Feridas;Pleno dia;Crescente;C�u Claro;M�ltipla;Reta;N�o;1;0;1;0;0;0;1;1;-20,2212404;-40,27022158;SPRF-ES;DEL02-ES;UOP01-DEL02-ES;;;
736267;04/12/2025;quinta-feira;05:52:00;MG;40;564,2;NOVA LIMA;Aus�ncia de rea��o do condutor;Colis�o traseira;Com V�timas Fatais;Amanhecer;Decrescente;Nublado;Simples;Reta;N�o;5;1;0;0;4;0;0;2;-20,1661885;-43,96591187;SPRF-MG;DEL01-MG;UOP02-DEL01-MG;;;
736268;04/12/2025;quinta-feira;05:45:00;PB;101;113,6;PEDRAS DE FOGO;Acumulo de �gua sobre o pavimento;Sa�da de leito carro��vel;Com V�timas Feridas;Amanhecer;Decrescente;Chuva;Dupla;Declive;N�o;1;0;1;0;0;0;1;1;-7,383907;-34,956868;SPRF-PB;DEL01-PB;UOP01-DEL01-PB;;;
736270;04/12/2025;quinta-feira;06:20:00;SC;101;212,2;PALHOCA;Condutor deixou de manter dist�ncia do ve�culo da frente;Colis�o traseira;Com V�timas Feridas;Pleno dia;Decrescente;C�u Claro;M�ltipla;Reta;Sim;3;0;2;0;0;1;2;2;-27,631913;-48,660718;SPRF-SC;DEL01-SC;UOP02-DEL01-SC;;;
736272;04/12/2025;quinta-feira;06:35:00;PE;101;69;RECIFE;Transitar no Acostamento;Colis�o traseira;Com V�timas Feridas;Pleno dia;Crescente;C�u Claro;M�ltipla;Reta;Sim;2;0;1;0;1;0;1;2;-8,06285;-34,94497;SPRF-PE;DEL01-PE;UOP01-DEL01-PE;;;
736275;02/10/2025;quinta-feira;14:05:00;BA;324;514;FEIRA DE SANTANA;Acesso irregular;Colis�o transversal;Com V�timas Feridas;Pleno dia;Decrescente;C�u Claro;Simples;Reta;Sim;2;0;1;0;1;0;1;2;-12,23439757;-38,94573748;SPRF-BA;DEL02-BA;UOP01-DEL02-BA;;;
736279;04/12/2025;quinta-feira;05:45:00;RJ;465;22;RIO DE JANEIRO;Convers�o proibida;Colis�o frontal;Com V�timas Feridas;Amanhecer;Decrescente;C�u Claro;Simples;Reta;Sim;3;0;2;0;1;0;2;3;-22,86542439;-43,600969;SPRF-RJ;DEL03-RJ;UOP01-DEL03-RJ;;;
736283;04/12/2025;quinta-feira;07:20:00;BA;242;813;BARREIRAS;Condutor deixou de manter dist�ncia do ve�culo da frente;Colis�o traseira;Com V�timas Feridas;Pleno dia;Crescente;C�u Claro;Simples;Reta;Sim;2;0;1;0;1;0;1;2;-12,1197216;-44,9569951;SPRF-BA;DEL10-BA;UOP01-DEL10-BA;;;
736284;04/12/2025;quinta-feira;02:30:00;RJ;40;18;TRES RIOS;Animais na Pista;Atropelamento de Animal;Sem V�timas;Plena Noite;Decrescente;C�u Claro;Dupla;Reta;N�o;3;0;0;0;3;0;0;1;-22,10002547;-43,17199648;SPRF-RJ;DEL05-RJ;UOP02-DEL05-RJ;;;
736285;04/12/2025;quinta-feira;06:45:00;PB;101;122;CAAPORA;Aus�ncia de rea��o do condutor;Sa�da de leito carro��vel;Sem V�timas;Pleno dia;Crescente;Chuva;Dupla;"Curva;Declive";N�o;2;0;0;0;1;1;0;2;-7,457608;-34,980943;SPRF-PB;DEL01-PB;UOP01-DEL01-PB;;;
736287;04/12/2025;quinta-feira;07:00:00;SP;116;289;ITAPECERICA DA SERRA;Trafegar com motocicleta (ou similar) entre as faixas;Colis�o lateral mesmo sentido;Com V�timas Feridas;Pleno dia;Crescente;C�u Claro;Dupla;Reta;N�o;5;0;2;0;3;0;2;2;-23,71271733;-46,87823632;SPRF-SP;DEL04-SP;UOP01-DEL04-SP;;;
736289;04/12/2025;quinta-feira;04:45:00;AP;156;622;CALCOENE;Condutor Dormindo;Sa�da de leito carro��vel;Com V�timas Feridas;Anoitecer;Decrescente;C�u Claro;Simples;Curva;N�o;2;0;0;2;0;0;2;1;2,46170528;-51,10258475;SPRF-AP;DEL01-AP;UOP02-DEL01-AP;;;
736290;04/12/2025;quinta-feira;00:50:00;MS;60;527;NIOAQUE;Animais na Pista;Atropelamento de Animal;Sem V�timas;Plena Noite;Crescente;C�u Claro;Simples;Reta;N�o;2;0;0;0;2;0;0;1;-21,1298345;-55,727241;SPRF-MS;DEL05-MS;UOP01-DEL05-MS;;;
736291;04/12/2025;quinta-feira;08:00:00;RN;101;83,7;NATAL;Condutor deixou de manter dist�ncia do ve�culo da frente;Colis�o traseira;Com V�timas Feridas;Pleno dia;Decrescente;C�u Claro;Dupla;Reta;Sim;3;0;1;0;2;0;1;3;-5,77249;-35,262272;SPRF-RN;DEL02-RN;UOP01-DEL02-RN;;;
736293;04/12/2025;quinta-feira;08:00:00;RN;101;83,7;NATAL;Rea��o tardia ou ineficiente do condutor;Queda de ocupante de ve�culo;Com V�timas Feridas;Pleno dia;Crescente;C�u Claro;Dupla;Reta;Sim;1;0;1;0;0;0;1;1;-5,772;-35,263;SPRF-RN;DEL02-RN;UOP01-DEL02-RN;;;
736295;04/12/2025;quinta-feira;07:23:00;MT;163;834;SINOP;Condutor deixou de manter dist�ncia do ve�culo da frente;Colis�o traseira;Com V�timas Feridas;Pleno dia;Crescente;Nublado;Simples;"Rotat�ria;Retorno Regulamentado";Sim;2;0;1;0;1;0;1;2;-11,86623222;-55,49632642;SPRF-MT;DEL06-MT;UOP02-DEL06-MT;;;
736296;04/12/2025;quinta-feira;08:00:00;RJ;40;120;DUQUE DE CAXIAS;Ultrapassagem Indevida;Colis�o lateral mesmo sentido;Sem V�timas;Pleno dia;Crescente;Nublado;Dupla;Reta;N�o;2;0;0;0;1;1;0;2;-22,7727959;-43,28652668;SPRF-RJ;DEL01-RJ;UOP02-DEL01-RJ;;;
736297;04/12/2025;quinta-feira;07:50:00;PE;104;63,8;CARUARU;Restri��o de visibilidade em curvas verticais;Sa�da de leito carro��vel;Sem V�timas;Pleno dia;Crescente;C�u Claro;Dupla;"Declive;Reta";Sim;1;0;0;0;1;0;0;1;-8,26828;-35,97951;SPRF-PE;DEL02-PE;UOP01-DEL02-PE;;;
736298;04/12/2025;quinta-feira;07:30:00;PE;104;64;CARUARU;�rea urbana sem a presen�a de local apropriado para a travessia de pedestres;Atropelamento de Pedestre;Com V�timas Feridas;Pleno dia;Crescente;C�u Claro;Dupla;Reta;Sim;2;0;0;1;1;0;1;2;-8,272131;-35,981464;SPRF-PE;DEL02-PE;UOP01-DEL02-PE;;;
736299;04/12/2025;quinta-feira;08:20:00;RS;116;248;SAO LEOPOLDO;Rea��o tardia ou ineficiente do condutor;Colis�o traseira;Com V�timas Feridas;Pleno dia;Decrescente;C�u Claro;M�ltipla;Reta;Sim;2;0;1;0;1;0;1;2;-29,76885492;-51,15317563;SPRF-RS;DEL01-RS;UOP02-DEL01-RS;;;
736300;04/12/2025;quinta-feira;08:20:00;SC;101;149;ITAPEMA;Rea��o tardia ou ineficiente do condutor;Colis�o traseira;Com V�timas Feridas;Pleno dia;Decrescente;Sol;Dupla;Reta;Sim;2;0;0;1;0;1;1;2;-27,116631;-48,609413;SPRF-SC;DEL04-SC;UOP03-DEL04-SC;;;
736301;04/12/2025;quinta-feira;08:20:00;RS;290;95;PORTO ALEGRE;Manobra de mudan�a de faixa;Colis�o traseira;Com V�timas Feridas;Pleno dia;Decrescente;Nublado;Dupla;Reta;Sim;2;0;1;0;1;0;1;2;-29,99235056;-51,20492368;SPRF-RS;DEL01-RS;UOP01-DEL01-RS;;;
736303;04/12/2025;quinta-feira;08:30:00;PR;369;139;IBIPORA;Convers�o proibida;Colis�o transversal;Com V�timas Feridas;Pleno dia;Decrescente;Nublado;Simples;Reta;Sim;2;0;1;0;1;0;1;2;-23,27618;-51,061322;SPRF-PR;DEL07-PR;UOP01-DEL07-PR;;;
736304;04/12/2025;quinta-feira;08:05:00;SC;101;232,7;PALHOCA;Frear bruscamente;Colis�o traseira;Com V�timas Feridas;Pleno dia;Crescente;C�u Claro;Dupla;"Reta;Aclive";N�o;2;0;1;0;1;0;1;2;-27,80043307;-48,63752245;SPRF-SC;DEL01-SC;UOP02-DEL01-SC;;;
736305;04/12/2025;quinta-feira;07:53:00;PI;343;1,7;TERESINA;Condutor deixou de manter dist�ncia do ve�culo da frente;Colis�o lateral mesmo sentido;Sem V�timas;Pleno dia;Crescente;C�u Claro;Dupla;Reta;Sim;1;0;0;0;1;0;0;1;-5,08123724;-42,76569542;SPRF-PI;DEL05-PI;UOP01-DEL05-PI;;;
736308;31/08/2025;domingo;18:20:00;TO;153;502;PARAISO DO TOCANTINS;Ultrapassagem Indevida;Colis�o lateral mesmo sentido;Sem V�timas;Anoitecer;Decrescente;C�u Claro;Simples;"Aclive;Reta";N�o;4;0;0;0;3;1;0;2;-10,22065;-48,875377;SPRF-TO;DEL01-TO;UOP01-DEL01-TO;;;
736309;04/12/2025;quinta-feira;08:35:00;SC;282;0,2;FLORIANOPOLIS;Manobra de mudan�a de faixa;Colis�o traseira;Com V�timas Feridas;Pleno dia;Decrescente;C�u Claro;M�ltipla;Reta;Sim;3;0;1;0;1;1;1;3;-27,59877;-48,57389;SPRF-SC;DEL01-SC;UOP01-DEL01-SC;;;
736310;04/12/2025;quinta-feira;08:15:00;SP;116;230;SAO PAULO;Trafegar com motocicleta (ou similar) entre as faixas;Colis�o lateral mesmo sentido;Com V�timas Feridas;Pleno dia;Crescente;Nublado;M�ltipla;Reta;N�o;2;0;1;0;0;1;1;2;-23,51463429;-46,57826392;SPRF-SP;DEL01-SP;UOP01-DEL01-SP;;;
736311;04/12/2025;quinta-feira;09:15:00;MG;381;516,4;IGARAPE;Aus�ncia de rea��o do condutor;Sa�da de leito carro��vel;Com V�timas Feridas;Pleno dia;Decrescente;Chuva;Dupla;Curva;N�o;2;0;2;0;0;0;2;1;-20,10517832;-44,31899518;SPRF-MG;DEL01-MG;UOP03-DEL01-MG;;;
736313;04/12/2025;quinta-feira;07:44:00;RO;319;142;PORTO VELHO;Condutor desrespeitou a ilumina��o vermelha do sem�foro;Colis�o transversal;Com V�timas Feridas;Pleno dia;Crescente;Garoa/Chuvisco;Dupla;"Reta;Interse��o de Vias";Sim;2;0;1;0;1;0;1;2;-8,75042;-63,88753;SPRF-RO;DEL01-RO;UOP01-DEL01-RO;;;
736314;04/12/2025;quinta-feira;09:17:00;SE;235;1;ARACAJU;Mal s�bito do condutor;Queda de ocupante de ve�culo;Com V�timas Feridas;Pleno dia;Decrescente;Sol;Dupla;Reta;Sim;1;0;1;0;0;0;1;1;-10,90890867;-37,08376972;SPRF-SE;DEL01-SE;UOP01-DEL01-SE;;;
736317;04/12/2025;quinta-feira;09:20:00;PE;232;407;SERRA TALHADA;Acessar a via sem observar a presen�a dos outros ve�culos;Colis�o transversal;Com V�timas Feridas;Pleno dia;Decrescente;C�u Claro;Simples;"Interse��o de Vias;Retorno Regulamentado;Reta";Sim;2;0;0;1;1;0;1;2;-7,98480376;-38,2749996;SPRF-PE;DEL04-PE;UOP01-DEL04-PE;;;
736319;04/12/2025;quinta-feira;10:10:00;SC;101;204,4;SAO JOSE;Aus�ncia de rea��o do condutor;Tombamento;Com V�timas Feridas;Pleno dia;Crescente;C�u Claro;M�ltipla;Reta;Sim;2;0;1;1;0;0;2;1;-27,57845;-48,61367;SPRF-SC;DEL01-SC;UOP01-DEL01-SC;;;
736320;04/12/2025;quinta-feira;09:50:00;PR;116;115;CURITIBA;Condutor deixou de manter dist�ncia do ve�culo da frente;Engavetamento;Com V�timas Feridas;Pleno dia;Decrescente;C�u Claro;Dupla;Reta;N�o;4;0;2;0;2;0;2;3;-25,549625;-49,304215;SPRF-PR;DEL01-PR;UOP03-DEL01-PR;;;
736327;04/12/2025;quinta-feira;10:30:00;AP;210;0;MACAPA;Desrespeitar a prefer�ncia no cruzamento;Colis�o transversal;Com V�timas Feridas;Pleno dia;Decrescente;C�u Claro;Simples;"Reta;Retorno Regulamentado";Sim;2;0;1;0;1;0;1;2;0,078525;-51,071515;SPRF-AP;DEL01-AP;UOP01-DEL01-AP;;;
736328;04/12/2025;quinta-feira;08:00:00;MG;50;178;UBERABA;Demais falhas mec�nicas ou el�tricas;Tombamento;Com V�timas Feridas;Pleno dia;Decrescente;Nublado;Dupla;"Viaduto;Reta;Declive";Sim;1;0;1;0;0;0;1;1;-19,77791;-47,93323;SPRF-MG;DEL13-MG;UOP01-DEL13-MG;;;
736329;04/12/2025;quinta-feira;10:48:00;TO;153;158;ARAGUAINA;Aus�ncia de rea��o do condutor;Colis�o traseira;Sem V�timas;Pleno dia;Crescente;Chuva;Simples;Reta;N�o;2;0;0;0;2;0;0;2;-7,305725;-48,296252;SPRF-TO;DEL02-TO;UOP01-DEL02-TO;;;
736330;04/12/2025;quinta-feira;11:20:00;DF;20;21,8;BRASILIA;Condutor deixou de manter dist�ncia do ve�culo da frente;Engavetamento;Sem V�timas;Pleno dia;Crescente;Chuva;M�ltipla;"Reta;Em Obras";Sim;4;0;0;0;4;0;0;3;-15,5946873;-47,66315309;SPRF-DF;DEL02-DF;UOP01-DEL02-DF;;;
736331;04/12/2025;quinta-feira;10:00:00;MG;50;0,3;ARAGUARI;Demais falhas mec�nicas ou el�tricas;Sa�da de leito carro��vel;Com V�timas Feridas;Pleno dia;Crescente;Nublado;Dupla;"Curva;Aclive";N�o;1;0;1;0;0;0;1;1;-18,42554765;-48,06484222;SPRF-MG;DEL15-MG;UOP02-DEL15-MG;;;
736332;04/12/2025;quinta-feira;11:35:00;RJ;101;297;ITABORAI;Aus�ncia de rea��o do condutor;Colis�o traseira;Com V�timas Feridas;Pleno dia;Crescente;Nublado;Dupla;"Declive;Viaduto";Sim;2;0;0;1;1;0;1;2;-22,7713387;-42,92393653;SPRF-RJ;DEL02-RJ;UOP02-DEL02-RJ;;;
736336;04/12/2025;quinta-feira;10:16:00;PR;277;122;CAMPO LARGO;Aus�ncia de rea��o do condutor;Colis�o frontal;Sem V�timas;Pleno dia;Crescente;C�u Claro;Simples;Reta;Sim;2;0;0;0;2;0;0;2;-25,432762;-49,400685;SPRF-PR;DEL03-PR;UOP03-DEL03-PR;;;
736337;04/12/2025;quinta-feira;12:00:00;PE;101;73,5;RECIFE;Rea��o tardia ou ineficiente do condutor;Colis�o transversal;Com V�timas Feridas;Pleno dia;Decrescente;C�u Claro;Dupla;Reta;Sim;3;0;2;0;1;0;2;2;-8,09567;-34,94905;SPRF-PE;DEL01-PE;UOP01-DEL01-PE;;;
736339;04/12/2025;quinta-feira;12:28:00;PR;163;301;MERCEDES;Acessar a via sem observar a presen�a dos outros ve�culos;Colis�o lateral mesmo sentido;Sem V�timas;Pleno dia;Crescente;C�u Claro;Simples;Reta;N�o;2;0;0;0;2;0;0;2;-24,46342543;-54,15530229;SPRF-PR;DEL06-PR;UOP02-DEL06-PR;;;
736340;04/12/2025;quinta-feira;11:45:00;MA;226;304;BARRA DO CORDA;Aus�ncia de rea��o do condutor;Tombamento;Com V�timas Feridas;Pleno dia;Crescente;C�u Claro;Simples;Reta;Sim;2;0;1;1;0;0;2;1;-5,48217;-45,275692;SPRF-MA;DEL06-MA;UOP01-DEL06-MA;;;
736341;04/12/2025;quinta-feira;11:50:00;RN;101;75;SAO GONCALO DO AMARANTE;Aus�ncia de rea��o do condutor;Colis�o traseira;Com V�timas Feridas;Pleno dia;Crescente;C�u Claro;Simples;Reta;N�o;2;0;1;0;1;0;1;2;-5,722295;-35,277217;SPRF-RN;DEL02-RN;UOP01-DEL02-RN;;;
736342;04/12/2025;quinta-feira;02:00:00;MG;381;220;BELO ORIENTE;Rea��o tardia ou ineficiente do condutor;Colis�o traseira;Com V�timas Feridas;Plena Noite;Decrescente;C�u Claro;Simples;Reta;N�o;2;0;2;0;0;0;2;2;-19,30273633;-42,38222439;SPRF-MG;DEL06-MG;UOP01-DEL06-MG;;;
736343;04/12/2025;quinta-feira;12:20:00;MG;381;940;EXTREMA;Acessar a via sem observar a presen�a dos outros ve�culos;Atropelamento de Pedestre;Com V�timas Feridas;Pleno dia;Decrescente;C�u Claro;Dupla;Curva;Sim;4;0;0;1;1;2;1;2;-22,8248772;-46,3092543;SPRF-MG;DEL16-MG;UOP03-DEL16-MG;;;
736344;04/12/2025;quinta-feira;11:05:00;AC;364;126;RIO BRANCO;Rea��o tardia ou ineficiente do condutor;Tombamento;Com V�timas Feridas;Pleno dia;Decrescente;Nublado;Simples;Reta;Sim;1;0;1;0;0;0;1;1;-10,01654628;-67,81255809;SPRF-AC;DEL01-AC;UOP01-DEL01-AC;;;
736348;04/12/2025;quinta-feira;12:50:00;RJ;101;99;CAMPOS DOS GOYTACAZES;Chuva;Colis�o com objeto;Com V�timas Feridas;Pleno dia;Crescente;Chuva;Dupla;Curva;N�o;2;0;2;0;0;0;2;1;-21,83058796;-41,49999619;SPRF-RJ;DEL08-RJ;UOP02-DEL08-RJ;;;
736349;04/12/2025;quinta-feira;12:20:00;BA;101;331;PRESIDENTE TANCREDO NEVES;Ultrapassagem Indevida;Colis�o frontal;Com V�timas Fatais;Pleno dia;Decrescente;Sol;Simples;Curva;N�o;2;1;0;0;1;0;0;2;-13,47349136;-39,4183901;SPRF-BA;DEL05-BA;UOP03-DEL05-BA;;;
736350;21/11/2025;sexta-feira;13:00:00;MT;163;1089;GUARANTA DO NORTE;Acumulo de areia ou detritos sobre o pavimento;Eventos at�picos;Sem V�timas;Pleno dia;Decrescente;C�u Claro;Simples;Reta;N�o;1;0;0;0;1;0;0;1;-9,75922447;-54,89546548;SPRF-MT;DEL06-MT;UOP03-DEL06-MT;;;
736352;04/12/2025;quinta-feira;13:10:00;DF;20;2;BRASILIA;Chuva;Colis�o lateral mesmo sentido;Com V�timas Feridas;Pleno dia;Decrescente;Chuva;Dupla;Reta;Sim;2;0;1;0;1;0;1;2;-15,67244066;-47,81968117;SPRF-DF;DEL02-DF;UOP01-DEL02-DF;;;
736358;04/12/2025;quinta-feira;14:20:00;PE;101;68,5;RECIFE;Rea��o tardia ou ineficiente do condutor;Colis�o traseira;Com V�timas Feridas;Pleno dia;Decrescente;C�u Claro;Dupla;Reta;Sim;2;0;1;0;0;1;1;2;-8,05481;-34,94626;SPRF-PE;DEL01-PE;UOP01-DEL01-PE;;;
736361;04/12/2025;quinta-feira;13:54:00;PE;101;68;RECIFE;Trafegar com motocicleta (ou similar) entre as faixas;Atropelamento de Pedestre;Com V�timas Feridas;Pleno dia;Crescente;C�u Claro;Dupla;Reta;Sim;2;0;0;2;0;0;2;2;-8,05334599;-34,94606018;SPRF-PE;DEL01-PE;UOP01-DEL01-PE;;;
736362;04/12/2025;quinta-feira;14:30:00;DF;70;6;BRASILIA;Acumulo de �gua sobre o pavimento;Sa�da de leito carro��vel;Com V�timas Feridas;Pleno dia;Decrescente;Chuva;M�ltipla;Reta;N�o;2;0;1;0;1;0;1;1;-15,790932;-48,106411;SPRF-DF;DEL03-DF;UOP02-DEL03-DF;;;
736364;04/12/2025;quinta-feira;13:40:00;RO;364;15;VILHENA;Acessar a via sem observar a presen�a dos outros ve�culos;Colis�o transversal;Com V�timas Feridas;Pleno dia;Crescente;Nublado;Simples;Reta;Sim;2;0;2;0;0;0;2;2;-12,73595;-60,1492;SPRF-RO;DEL04-RO;UOP01-DEL04-RO;;;
736366;04/12/2025;quinta-feira;14:00:00;SC;101;133,7;BALNEARIO CAMBORIU;Desrespeitar a prefer�ncia no cruzamento;Colis�o transversal;Com V�timas Feridas;Pleno dia;Crescente;Sol;Simples;"Viaduto;Interse��o de Vias";Sim;2;0;0;1;1;0;1;2;-27,00207133;-48,63807321;SPRF-SC;DEL04-SC;UOP03-DEL04-SC;;;
736369;04/12/2025;quinta-feira;15:10:00;SC;101;292;IMBITUBA;Velocidade Incompat�vel;Tombamento;Com V�timas Feridas;Pleno dia;Crescente;C�u Claro;Simples;"Viaduto;Curva";Sim;1;0;1;0;0;0;1;1;-28,13049156;-48,69381873;SPRF-SC;DEL02-SC;UOP03-DEL02-SC;;;
736371;04/12/2025;quinta-feira;13:35:00;RJ;101;283;ITABORAI;Aus�ncia de rea��o do condutor;Queda de ocupante de ve�culo;Com V�timas Feridas;Pleno dia;Decrescente;Nublado;Dupla;"Reta;Retorno Regulamentado";Sim;1;0;1;0;0;0;1;1;-22,73632601;-42,80196458;SPRF-RJ;DEL02-RJ;UOP02-DEL02-RJ;;;
736372;04/12/2025;quinta-feira;13:20:00;MT;174;445;COMODORO;Demais falhas mec�nicas ou el�tricas;Inc�ndio;Sem V�timas;Pleno dia;Crescente;C�u Claro;Simples;Reta;N�o;1;0;0;0;1;0;0;1;-13,15069625;-59,87671991;SPRF-MT;DEL04-MT;UOP02-DEL04-MT;;;
736374;04/12/2025;quinta-feira;15:25:00;SP;116;4;GUARULHOS;Rea��o tardia ou ineficiente do condutor;Atropelamento de Pedestre;Com V�timas Feridas;Pleno dia;Crescente;C�u Claro;Dupla;"Reta;Declive";Sim;2;0;1;0;0;1;1;2;-23,46076531;-46,4887743;SPRF-SP;DEL01-SP;UOP01-DEL01-SP;;;
736375;04/12/2025;quinta-feira;15:55:00;PE;101;85;JABOATAO DOS GUARARAPES;Rea��o tardia ou ineficiente do condutor;Colis�o traseira;Com V�timas Feridas;Pleno dia;Decrescente;C�u Claro;Dupla;"Reta;Ponte";N�o;2;0;1;0;1;0;1;2;-8,18024;-34,95879;SPRF-PE;DEL01-PE;UOP01-DEL01-PE;;;