id;data_inversa;dia_semana;horario;uf;br;km;municipio;causa_acidente;tipo_acidente;classificacao_acidente;fase_dia;sentido_via;condicao_metereologica;tipo_pista;tracado_via;uso_solo;pessoas;mortos;feridos_leves;feridos_graves;ilesos;ignorados;feridos;veiculos;latitude;longitude;regional;delegacia;uop;;;
736376;04/12/2025;quinta-feira;14:15:00;MS;376;4,4;DOURADOS;Acesso irregular;Colis�o transversal;Com V�timas Fatais;Pleno dia;Decrescente;C�u Claro;Simples;Reta;N�o;2;1;0;0;1;0;0;2;-22,22562738;-54,66547966;SPRF-MS;DEL04-MS;UOP01-DEL04-MS;;;
736378;04/12/2025;quinta-feira;14:40:00;PR;369;188,7;ARAPONGAS;Rea��o tardia ou ineficiente do condutor;Colis�o traseira;Com V�timas Feridas;Pleno dia;Decrescente;C�u Claro;Simples;Reta;Sim;4;0;1;0;3;0;1;3;-23,42281701;-51,42395824;SPRF-PR;DEL07-PR;UOP03-DEL07-PR;;;
736380;04/12/2025;quinta-feira;14:50:00;SP;381;71;MAIRIPORA;Aus�ncia de rea��o do condutor;Tombamento;Com V�timas Feridas;Pleno dia;Decrescente;C�u Claro;M�ltipla;"Reta;Declive";N�o;3;0;2;0;0;1;2;2;-23,34903989;-46,55653119;SPRF-SP;DEL03-SP;UOP01-DEL03-SP;;;
736381;04/12/2025;quinta-feira;11:25:00;RJ;101;515;ANGRA DOS REIS;Velocidade Incompat�vel;Colis�o traseira;Com V�timas Feridas;Pleno dia;Decrescente;Chuva;Simples;Curva;N�o;3;0;1;0;2;0;1;3;-22,98612079;-44,43954121;SPRF-RJ;DEL03-RJ;UOP03-DEL03-RJ;;;
736382;04/12/2025;quinta-feira;13:15:00;RJ;116;102;GUAPIMIRIM;Pista Escorregadia;Tombamento;Com V�timas Feridas;Pleno dia;Crescente;Chuva;Simples;Curva;N�o;1;0;1;0;0;0;1;1;-22,493928;-43,00352;SPRF-RJ;DEL04-RJ;UOP01-DEL04-RJ;;;
736383;04/12/2025;quinta-feira;13:10:00;MA;135;8,9;SAO LUIS;Rea��o tardia ou ineficiente do condutor;Sa�da de leito carro��vel;Com V�timas Feridas;Pleno dia;Crescente;C�u Claro;Dupla;Retorno Regulamentado;N�o;2;0;1;0;1;0;1;1;-2,605843;-44,324575;SPRF-MA;DEL01-MA;UOP01-DEL01-MA;;;
736384;04/12/2025;quinta-feira;16:10:00;MG;381;497,9;BETIM;Demais falhas mec�nicas ou el�tricas;Tombamento;Com V�timas Feridas;Pleno dia;Decrescente;C�u Claro;Dupla;"Reta;Declive";Sim;1;0;0;1;0;0;1;1;-19,9859806;-44,2031849;SPRF-MG;DEL01-MG;UOP03-DEL01-MG;;;
736385;04/12/2025;quinta-feira;14:50:00;RN;304;39;MOSSORO;Condutor deixou de manter dist�ncia do ve�culo da frente;Colis�o traseira;Com V�timas Feridas;Pleno dia;Decrescente;C�u Claro;Dupla;Reta;Sim;5;0;3;1;1;0;4;2;-5,20359367;-37,37645209;SPRF-RN;DEL04-RN;UOP02-DEL04-RN;;;
736386;04/12/2025;quinta-feira;14:20:00;RO;364;426,6;JARU;Condutor deixou de manter dist�ncia do ve�culo da frente;Colis�o traseira;Com V�timas Feridas;Pleno dia;Decrescente;Nublado;Simples;"Interse��o de Vias;Reta";Sim;2;0;1;0;1;0;1;2;-10,43040674;-62,48310225;SPRF-RO;DEL03-RO;UOP02-DEL03-RO;;;
736389;04/12/2025;quinta-feira;14:30:00;RJ;40;108;DUQUE DE CAXIAS;Manobra de mudan�a de faixa;Colis�o lateral mesmo sentido;Com V�timas Feridas;Pleno dia;Decrescente;C�u Claro;Dupla;Reta;N�o;2;0;0;1;0;1;1;2;-22,66411504;-43,28431256;SPRF-RJ;DEL01-RJ;UOP02-DEL01-RJ;;;
736391;17/10/2025;sexta-feira;20:14:00;PI;343;305,5;ALTOS;Transitar na contram�o;Colis�o frontal;Com V�timas Feridas;Plena Noite;Decrescente;C�u Claro;Simples;Reta;Sim;2;0;1;0;1;0;1;2;-5,0367092;-42,4492031;SPRF-PI;DEL01-PI;UOP01-DEL01-PI;;;
736394;04/12/2025;quinta-feira;17:10:00;SC;101;1,5;FLORIANOPOLIS;Rea��o tardia ou ineficiente do condutor;Colis�o traseira;Com V�timas Feridas;Pleno dia;Crescente;Nublado;Dupla;Reta;Sim;2;0;1;0;1;0;1;2;-27,604;-48,584;SPRF-SC;DEL03-SC;UOP01-DEL03-SC;;;
736397;06/11/2025;quinta-feira;08:30:00;PE;101;127;ESCADA;Rea��o tardia ou ineficiente do condutor;Colis�o transversal;Sem V�timas;Pleno dia;Crescente;Sol;Simples;Interse��o de Vias;Sim;2;0;0;0;2;0;0;2;-8,36219498;-35,2161283;SPRF-PE;DEL01-PE;UOP03-DEL01-PE;;;
736398;04/12/2025;quinta-feira;16:40:00;BA;116;835;VITORIA DA CONQUISTA;Acesso irregular;Colis�o frontal;Com V�timas Feridas;Pleno dia;Decrescente;C�u Claro;Simples;Reta;N�o;2;0;1;0;1;0;1;2;-14,95099;-40,899615;SPRF-BA;DEL08-BA;UOP01-DEL08-BA;;;
736399;04/12/2025;quinta-feira;16:00:00;SP;116;107;TAUBATE;Aus�ncia de rea��o do condutor;Colis�o traseira;Com V�timas Feridas;Pleno dia;Crescente;C�u Claro;Dupla;Reta;Sim;2;0;0;1;1;0;1;2;-23,01599519;-45,52755816;SPRF-SP;DEL02-SP;UOP02-DEL02-SP;;;
736400;04/12/2025;quinta-feira;16:45:00;PE;101;85;JABOATAO DOS GUARARAPES;Manobra de mudan�a de faixa;Colis�o lateral mesmo sentido;Com V�timas Feridas;Anoitecer;Decrescente;C�u Claro;Dupla;Reta;N�o;3;0;2;0;1;0;2;2;-8,18214;-34,96213;SPRF-PE;DEL01-PE;UOP01-DEL01-PE;;;
736401;04/12/2025;quinta-feira;15:50:00;RN;101;101,8;PARNAMIRIM;Condutor deixou de manter dist�ncia do ve�culo da frente;Colis�o traseira;Com V�timas Feridas;Pleno dia;Decrescente;C�u Claro;Simples;Reta;Sim;3;0;0;1;2;0;1;2;-5,888998;-35,242248;SPRF-RN;DEL01-RN;UOP01-DEL01-RN;;;
736403;04/12/2025;quinta-feira;16:40:00;RJ;101;314;SAO GONCALO;Acessar a via sem observar a presen�a dos outros ve�culos;Atropelamento de Pedestre;Com V�timas Feridas;Pleno dia;Decrescente;C�u Claro;Dupla;Reta;Sim;2;0;0;1;0;1;1;2;-22,80607754;-43,05640161;SPRF-RJ;DEL02-RJ;UOP02-DEL02-RJ;;;
736404;03/12/2025;quarta-feira;06:00:00;SC;280;126;RIO NEGRINHO;Convers�o proibida;Colis�o lateral mesmo sentido;Com V�timas Feridas;Pleno dia;Crescente;Sol;Simples;Reta;Sim;3;0;1;0;2;0;1;2;-26,24261234;-49,51209474;SPRF-SC;DEL06-SC;UOP03-DEL06-SC;;;
736407;04/12/2025;quinta-feira;17:10:00;RS;116;240;NOVO HAMBURGO;Acessar a via sem observar a presen�a dos outros ve�culos;Colis�o lateral mesmo sentido;Com V�timas Feridas;Pleno dia;Decrescente;C�u Claro;Dupla;Reta;Sim;3;0;1;0;2;0;1;3;-29,71431813;-51,14753314;SPRF-RS;DEL01-RS;UOP02-DEL01-RS;;;
736409;04/12/2025;quinta-feira;17:30:00;DF;20;5,4;BRASILIA;Rea��o tardia ou ineficiente do condutor;Queda de ocupante de ve�culo;Com V�timas Feridas;Anoitecer;Crescente;Nublado;Dupla;Declive;Sim;1;0;1;0;0;0;1;1;-15,66817434;-47,81296134;SPRF-DF;DEL02-DF;UOP01-DEL02-DF;;;
736411;04/12/2025;quinta-feira;17:00:00;RS;290;117;ELDORADO DO SUL;Demais falhas mec�nicas ou el�tricas;Inc�ndio;Sem V�timas;Pleno dia;Crescente;C�u Claro;Simples;Reta;N�o;1;0;0;0;0;1;0;1;-30,04795404;-51,38396708;SPRF-RS;DEL02-RS;UOP01-DEL02-RS;;;
736414;04/12/2025;quinta-feira;17:35:00;PB;230;40,2;SANTA RITA;Pedestre cruzava a pista fora da faixa;Atropelamento de Pedestre;Com V�timas Feridas;Anoitecer;Decrescente;C�u Claro;Dupla;"Reta;Declive";N�o;2;0;1;1;0;0;2;2;-7,143465;-34,986765;SPRF-PB;DEL01-PB;UOP02-DEL01-PB;;;
736415;04/12/2025;quinta-feira;14:20:00;MT;163;589,9;NOVA MUTUM;Acumulo de �gua sobre o pavimento;Sa�da de leito carro��vel;Com V�timas Feridas;Pleno dia;Decrescente;Chuva;Dupla;Reta;N�o;2;0;2;0;0;0;2;1;-13,88112514;-56,08872056;SPRF-MT;DEL01-MT;UOP01-DEL01-MT;;;
736416;04/12/2025;quinta-feira;18:20:00;BA;324;355;CAPIM GROSSO;Entrada inopinada do pedestre;Atropelamento de Pedestre;Com V�timas Feridas;Plena Noite;Crescente;C�u Claro;Simples;Reta;N�o;2;0;0;2;0;0;2;2;-11,38824;-39,9865183;SPRF-BA;DEL04-BA;UOP02-DEL04-BA;;;
736417;04/12/2025;quinta-feira;18:40:00;RJ;101;487;ANGRA DOS REIS;Condutor Dormindo;Colis�o traseira;Com V�timas Feridas;Plena Noite;Crescente;Nublado;Simples;Reta;Sim;2;0;1;0;1;0;1;2;-22,97029121;-44,29794431;SPRF-RJ;DEL03-RJ;UOP03-DEL03-RJ;;;
736420;04/12/2025;quinta-feira;18:40:00;ES;101;125,8;SOORETAMA;Aus�ncia de rea��o do condutor;Atropelamento de Pedestre;Com V�timas Feridas;Plena Noite;Crescente;Chuva;Dupla;Reta;Sim;2;0;0;1;1;0;1;2;-19,20105214;-40,09592414;SPRF-ES;DEL04-ES;UOP01-DEL04-ES;;;
736421;04/12/2025;quinta-feira;17:30:00;SC;101;40;JOINVILLE;Velocidade Incompat�vel;Sa�da de leito carro��vel;Com V�timas Feridas;Pleno dia;Decrescente;C�u Claro;M�ltipla;Curva;Sim;1;0;1;0;0;0;1;1;-26,31020491;-48,87738911;SPRF-SC;DEL03-SC;UOP01-DEL03-SC;;;
736422;04/12/2025;quinta-feira;19:00:00;GO;60;116;TEREZOPOLIS DE GOIAS;Condutor Dormindo;Sa�da de leito carro��vel;Com V�timas Feridas;Plena Noite;Crescente;Ignorado;Dupla;Reta;N�o;2;0;1;0;1;0;1;1;-16,47287;-49,0782;SPRF-GO;DEL01-GO;UOP01-DEL01-GO;;;
736423;04/12/2025;quinta-feira;19:17:00;PI;343;1,9;TERESINA;Manobra de mudan�a de faixa;Colis�o lateral mesmo sentido;Com V�timas Feridas;Plena Noite;Decrescente;C�u Claro;Dupla;Reta;Sim;2;0;1;0;1;0;1;2;-5,081592;-42,767223;SPRF-PI;DEL01-PI;UOP01-DEL01-PI;;;
736424;04/12/2025;quinta-feira;17:00:00;AC;364;137;RIO BRANCO;Manobra de mudan�a de faixa;Colis�o traseira;Com V�timas Feridas;Pleno dia;Crescente;C�u Claro;Dupla;Reta;Sim;3;0;1;0;2;0;1;2;-9,96606838;-67,85425393;SPRF-AC;DEL01-AC;UOP01-DEL01-AC;;;
736425;04/12/2025;quinta-feira;02:00:00;MA;222;496,2;SANTA LUZIA;Ingest�o de �lcool pelo condutor;Sa�da de leito carro��vel;Com V�timas Fatais;Plena Noite;Decrescente;C�u Claro;Simples;Reta;N�o;1;1;0;0;0;0;0;1;-4,286734;-46,217175;SPRF-MA;DEL02-MA;UOP01-DEL02-MA;;;
736426;04/12/2025;quinta-feira;19:35:00;RJ;116;171;RIO DE JANEIRO;Avarias e/ou desgaste excessivo no pneu;Tombamento;Com V�timas Feridas;Plena Noite;Decrescente;C�u Claro;M�ltipla;Reta;Sim;1;0;1;0;0;0;1;1;-22,80689347;-43,34108591;SPRF-RJ;DEL06-RJ;UOP01-DEL06-RJ;;;
736427;04/12/2025;quinta-feira;18:30:00;MT;163;836;SINOP;Manobra de mudan�a de faixa;Colis�o lateral mesmo sentido;Com V�timas Feridas;Anoitecer;Crescente;C�u Claro;Dupla;Reta;Sim;2;0;1;0;1;0;1;2;-11,85102;-55,49264;SPRF-MT;DEL06-MT;UOP02-DEL06-MT;;;
736428;04/12/2025;quinta-feira;19:40:00;DF;20;8;BRASILIA;Trafegar com motocicleta (ou similar) entre as faixas;Colis�o traseira;Com V�timas Feridas;Plena Noite;Crescente;Nublado;M�ltipla;Reta;Sim;2;0;1;0;1;0;1;2;-15,65754862;-47,78979421;SPRF-DF;DEL02-DF;UOP01-DEL02-DF;;;
736429;04/12/2025;quinta-feira;18:50:00;PR;277;70,3;SAO JOSE DOS PINHAIS;Manobra de mudan�a de faixa;Colis�o lateral mesmo sentido;Com V�timas Feridas;Anoitecer;Crescente;Nublado;Dupla;Reta;N�o;3;0;2;0;0;1;2;2;-25,5115812;-49,12784306;SPRF-PR;DEL01-PR;UOP01-DEL01-PR;;;
736430;04/12/2025;quinta-feira;17:50:00;AC;364;124;RIO BRANCO;Desrespeitar a prefer�ncia no cruzamento;Colis�o lateral mesmo sentido;Sem V�timas;Anoitecer;Crescente;C�u Claro;Dupla;Rotat�ria;Sim;4;0;0;0;4;0;0;2;-10,0118578;-67,79852593;SPRF-AC;DEL01-AC;UOP01-DEL01-AC;;;
736431;04/12/2025;quinta-feira;19:40:00;DF;40;0,9;BRASILIA;Manobra de mudan�a de faixa;Colis�o traseira;Com V�timas Feridas;Plena Noite;Crescente;Nublado;Dupla;Reta;N�o;2;0;1;0;0;1;1;2;-15,9827841;-47,9879764;SPRF-DF;DEL01-DF;UOP01-DEL01-DF;;;
736434;04/12/2025;quinta-feira;19:00:00;MA;135;39;BACABEIRA;Aus�ncia de rea��o do condutor;Capotamento;Com V�timas Feridas;Plena Noite;Crescente;C�u Claro;Dupla;Reta;N�o;2;0;2;0;0;0;2;1;-2,892652;-44,373847;SPRF-MA;DEL01-MA;UOP01-DEL01-MA;;;
736437;04/12/2025;quinta-feira;18:00:00;PE;232;257;ARCOVERDE;Aus�ncia de rea��o do condutor;Colis�o traseira;Com V�timas Feridas;Plena Noite;Decrescente;C�u Claro;Simples;Reta;N�o;3;0;1;0;2;0;1;2;-8,4085;-37,104902;SPRF-PE;DEL04-PE;UOP02-DEL04-PE;;;
736439;04/12/2025;quinta-feira;16:52:00;BA;116;403;FEIRA DE SANTANA;Mal s�bito do condutor;Sa�da de leito carro��vel;Com V�timas Feridas;Pleno dia;Crescente;C�u Claro;Dupla;Reta;N�o;1;0;0;1;0;0;1;1;-12,060079;-38,970093;SPRF-BA;DEL02-BA;UOP01-DEL02-BA;;;
736440;04/12/2025;quinta-feira;20:30:00;PE;232;75,8;GRAVATA;Rea��o tardia ou ineficiente do condutor;Sa�da de leito carro��vel;Com V�timas Feridas;Plena Noite;Decrescente;C�u Claro;Dupla;"Reta;Aclive";N�o;4;0;3;0;1;0;3;1;-8,19555594;-35,53462235;SPRF-PE;DEL02-PE;UOP02-DEL02PE;;;
736441;04/12/2025;quinta-feira;20:52:00;BA;324;596,4;CANDEIAS;Aus�ncia de rea��o do condutor;Tombamento;Com V�timas Fatais;Plena Noite;Crescente;C�u Claro;Dupla;Reta;N�o;1;1;0;0;0;0;0;1;-12,7198052;-38,4513096;SPRF-BA;DEL01-BA;UOP01-DEL01-BA;;;
736442;04/12/2025;quinta-feira;20:00:00;MG;365;464,5;PATROCINIO;Ultrapassagem Indevida;Colis�o frontal;Com V�timas Fatais;Plena Noite;Decrescente;Nublado;Simples;Reta;N�o;4;1;1;2;0;0;3;2;-18,888241;-46,931978;SPRF-MG;DEL10-MG;UOP01-DEL10-MG;;;
736443;04/12/2025;quinta-feira;18:30:00;PI;343;1,9;TERESINA;Condutor deixou de manter dist�ncia do ve�culo da frente;Colis�o traseira;Com V�timas Feridas;Plena Noite;Decrescente;C�u Claro;M�ltipla;Reta;Sim;2;0;1;0;1;0;1;2;-5,081592;-42,767223;SPRF-PI;DEL01-PI;UOP01-DEL01-PI;;;
736444;04/12/2025;quinta-feira;21:15:00;CE;116;504,4;BREJO SANTO;Transitar na contram�o;Colis�o frontal;Com V�timas Feridas;Plena Noite;Crescente;C�u Claro;Simples;Reta;N�o;2;0;0;1;1;0;1;2;-7,50944398;-38,98870504;SPRF-CE;DEL05-CE;UOP03-DEL05-CE;;;
736445;04/12/2025;quinta-feira;20:00:00;SC;101;435,5;SOMBRIO;Aus�ncia de rea��o do condutor;Colis�o traseira;Com V�timas Feridas;Plena Noite;Crescente;C�u Claro;Simples;"Viaduto;Reta;Interse��o de Vias;Rotat�ria";Sim;2;0;1;0;1;0;1;2;-29,11088325;-49,63868586;SPRF-SC;DEL02-SC;UOP02-DEL02-SC;;;
736446;04/12/2025;quinta-feira;21:30:00;PR;376;127,3;ALTO PARANA;Aus�ncia de rea��o do condutor;Sa�da de leito carro��vel;Com V�timas Feridas;Plena Noite;Decrescente;C�u Claro;Dupla;"Reta;Declive";N�o;1;0;1;0;0;0;1;1;-23,157125;-52,2672199;SPRF-PR;DEL09-PR;UOP02-DEL09-PR;;;
736447;04/12/2025;quinta-feira;20:30:00;PR;277;695;SAO MIGUEL DO IGUACU;Rea��o tardia ou ineficiente do condutor;Colis�o lateral mesmo sentido;Com V�timas Feridas;Plena Noite;Decrescente;C�u Claro;Dupla;Aclive;N�o;2;0;0;1;1;0;1;2;-25,37077405;-54,26700767;SPRF-PR;DEL05-PR;UOP01-DEL05-PR;;;
736448;04/12/2025;quinta-feira;21:30:00;MG;40;639,1;CONSELHEIRO LAFAIETE;Rea��o tardia ou ineficiente do condutor;Tombamento;Com V�timas Feridas;Plena Noite;Decrescente;Nublado;Simples;Reta;N�o;1;0;1;0;0;0;1;1;-20,737189;-43,79946225;SPRF-MG;DEL05-MG;UOP02-DEL05-MG;;;
736450;04/12/2025;quinta-feira;21:45:00;PR;277;725;FOZ DO IGUACU;Acessar a via sem observar a presen�a dos outros ve�culos;Colis�o transversal;Com V�timas Feridas;Plena Noite;Crescente;C�u Claro;Dupla;"Reta;Interse��o de Vias";Sim;4;0;2;0;2;0;2;2;-25,498929;-54,530152;SPRF-PR;DEL05-PR;UOP03-DEL05-PR;;;
736451;04/12/2025;quinta-feira;19:50:00;RJ;40;121;DUQUE DE CAXIAS;Aus�ncia de rea��o do condutor;Colis�o traseira;Com V�timas Feridas;Plena Noite;Decrescente;C�u Claro;Dupla;Reta;Sim;2;0;1;0;0;1;1;2;-22,78528;-43,28498;SPRF-RJ;DEL01-RJ;UOP02-DEL01-RJ;;;
736452;04/12/2025;quinta-feira;22:20:00;SC;282;23,4;SANTO AMARO DA IMPERATRIZ;Desrespeitar a prefer�ncia no cruzamento;Colis�o transversal;Com V�timas Feridas;Plena Noite;Crescente;C�u Claro;Simples;Reta;Sim;6;0;1;1;4;0;2;2;-27,68542305;-48,74207987;SPRF-SC;DEL01-SC;UOP02-DEL01-SC;;;
736455;04/12/2025;quinta-feira;19:30:00;MS;158;198,7;SELVIRIA;Aus�ncia de rea��o do condutor;Sa�da de leito carro��vel;Com V�timas Feridas;Plena Noite;Crescente;C�u Claro;Simples;Reta;N�o;1;0;1;0;0;0;1;1;-20,371074;-51,434566;SPRF-MS;DEL07-MS;UOP01-DEL07-MS;;;
736457;12/11/2025;quarta-feira;06:10:00;RN;226;40,9;MACAIBA;Acessar a via sem observar a presen�a dos outros ve�culos;Colis�o transversal;Com V�timas Feridas;Pleno dia;Decrescente;C�u Claro;Simples;Reta;Sim;6;0;2;0;4;0;2;2;-5,935228;-35,547553;SPRF-RN;DEL01-RN;UOP02-DEL01-RN;;;
736458;04/12/2025;quinta-feira;21:10:00;SC;282;19,2;PALHOCA;Mal s�bito do condutor;Colis�o frontal;Com V�timas Feridas;Plena Noite;Decrescente;C�u Claro;Simples;Reta;N�o;5;0;1;2;1;1;3;3;-27,68062514;-48,7049338;SPRF-SC;DEL01-SC;UOP02-DEL01-SC;;;
736461;05/12/2025;sexta-feira;00:00:00;SC;101;277;IMBITUBA;Acumulo de �gua sobre o pavimento;Queda de ocupante de ve�culo;Com V�timas Feridas;Plena Noite;Decrescente;C�u Claro;Dupla;Reta;N�o;1;0;1;0;0;0;1;1;-28,15755174;-48,69272995;SPRF-SC;DEL02-SC;UOP03-DEL02-SC;;;
736463;05/12/2025;sexta-feira;00:45:00;RS;158;204,4;CRUZ ALTA;Velocidade Incompat�vel;Colis�o com objeto;Com V�timas Feridas;Plena Noite;Crescente;C�u Claro;Simples;Reta;N�o;1;0;0;1;0;0;1;1;-28,72456231;-53,59820297;SPRF-RS;DEL10-RS;UOP02-DEL10-RS;;;
736464;04/12/2025;quinta-feira;23:20:00;RJ;393;189;PARAIBA DO SUL;Animais na Pista;Atropelamento de Animal;Com V�timas Feridas;Plena Noite;Crescente;C�u Claro;Simples;Reta;N�o;3;0;1;0;2;0;1;1;-22,134784;-43,2832512;SPRF-RJ;DEL05-RJ;UOP03-DEL05-RJ;;;
736466;05/12/2025;sexta-feira;02:12:00;PB;230;53,2;CRUZ DO ESPIRITO SANTO;Aus�ncia de rea��o do condutor;Colis�o traseira;Com V�timas Feridas;Plena Noite;Crescente;C�u Claro;Dupla;Reta;N�o;2;0;1;0;1;0;1;2;-7,20061549;-35,08447258;SPRF-PB;DEL01-PB;UOP02-DEL01-PB;;;
736467;05/12/2025;sexta-feira;02:30:00;RS;386;348,2;LAJEADO;Ingest�o de �lcool pelo condutor;Colis�o com objeto;Sem V�timas;Plena Noite;Decrescente;C�u Claro;Dupla;Reta;Sim;1;0;0;0;0;1;0;1;-29,46045004;-51,95574045;SPRF-RS;DEL04-RS;UOP01-DEL04-RS;;;
736470;04/12/2025;quinta-feira;11:00:00;PA;163;981;SANTAREM;Rea��o tardia ou ineficiente do condutor;Colis�o traseira;Com V�timas Feridas;Pleno dia;Crescente;Chuva;Simples;Reta;Sim;4;0;1;0;3;0;1;2;-2,61412924;-54,72723126;SPRF-PA;DEL05-PA;UOP01-DEL05-PA;;;
736471;05/12/2025;sexta-feira;03:20:00;MS;267;373;MARACAJU;Aus�ncia de rea��o do condutor;Colis�o com objeto;Com V�timas Fatais;Plena Noite;Decrescente;C�u Claro;Simples;Curva;N�o;4;1;1;1;0;1;2;3;-21,66245572;-55,24626857;SPRF-MS;DEL05-MS;UOP01-DEL05-MS;;;
736472;05/12/2025;sexta-feira;04:50:00;SP;116;157;SAO JOSE DOS CAMPOS;Aus�ncia de rea��o do condutor;Tombamento;Com V�timas Feridas;Amanhecer;Crescente;C�u Claro;Dupla;Reta;N�o;1;0;1;0;0;0;1;1;-23,2523206;-45,93903065;SPRF-SP;DEL02-SP;UOP01-DEL02-SP;;;
736478;05/12/2025;sexta-feira;04:20:00;MA;230;0,6;BARAO DE GRAJAU;Aus�ncia de rea��o do condutor;Sa�da de leito carro��vel;Sem V�timas;Amanhecer;Crescente;Garoa/Chuvisco;Simples;Curva;Sim;1;0;0;0;1;0;0;1;-6,756442;-43,01288;SPRF-PI;DEL03-PI;UOP01-DEL03-PI;;;
736480;04/12/2025;quinta-feira;21:55:00;RJ;116;319;ITATIAIA;Aus�ncia de rea��o do condutor;Colis�o traseira;Com V�timas Feridas;Plena Noite;Crescente;C�u Claro;Dupla;Reta;Sim;5;0;1;0;4;0;1;2;-22,49749103;-44,57659721;SPRF-RJ;DEL07-RJ;UOP02-DEL07-RJ;;;
736482;04/12/2025;quinta-feira;23:15:00;PR;163;298,9;MERCEDES;Rea��o tardia ou ineficiente do condutor;Tombamento;Com V�timas Feridas;Plena Noite;Crescente;C�u Claro;Simples;Reta;N�o;1;0;1;0;0;0;1;1;-24,49030834;-54,12464842;SPRF-PR;DEL06-PR;UOP02-DEL06-PR;;;
736483;05/12/2025;sexta-feira;03:40:00;MG;381;855;POUSO ALEGRE;Animais na Pista;Atropelamento de Animal;Sem V�timas;Plena Noite;Decrescente;C�u Claro;Dupla;Reta;N�o;10;0;0;0;10;0;0;1;-22,28250435;-45,89554433;SPRF-MG;DEL16-MG;UOP01-DEL16-MG;;;
736484;05/12/2025;sexta-feira;06:40:00;RS;116;146;CAXIAS DO SUL;Condutor desrespeitou a ilumina��o vermelha do sem�foro;Colis�o lateral mesmo sentido;Com V�timas Feridas;Pleno dia;Crescente;C�u Claro;Dupla;Interse��o de Vias;Sim;2;0;1;0;1;0;1;2;-29,14302;-51,137505;SPRF-RS;DEL05-RS;UOP01-DEL05-RS;;;
736486;05/12/2025;sexta-feira;07:00:00;PR;277;82;CURITIBA;Rea��o tardia ou ineficiente do condutor;Colis�o lateral mesmo sentido;Com V�timas Feridas;Pleno dia;Crescente;Nublado;Dupla;Reta;N�o;2;0;1;0;1;0;1;2;-25,455507;-49,224036;SPRF-PR;DEL01-PR;UOP03-DEL01-PR;;;
736488;04/12/2025;quinta-feira;16:20:00;PA;230;738;MEDICILANDIA;Transitar na contram�o;Colis�o frontal;Com V�timas Fatais;Pleno dia;Crescente;Chuva;Simples;"Reta;Declive";N�o;2;1;0;0;1;0;0;2;-3,440772;-52,856672;SPRF-PA;DEL04-PA;UOP01-DEL04-PA;;;
736489;05/12/2025;sexta-feira;06:40:00;MG;381;507,1;SAO JOAQUIM DE BICAS;Velocidade Incompat�vel;Engavetamento;Sem V�timas;Pleno dia;Crescente;C�u Claro;Dupla;Reta;Sim;4;0;0;0;4;0;0;4;-20,0415;-44,2635;SPRF-MG;DEL01-MG;UOP03-DEL01-MG;;;
736491;05/12/2025;sexta-feira;07:08:00;ES;262;47;MARECHAL FLORIANO;Rea��o tardia ou ineficiente do condutor;Sa�da de leito carro��vel;Com V�timas Feridas;Pleno dia;Crescente;Garoa/Chuvisco;Simples;Reta;N�o;1;0;0;1;0;0;1;1;-20,4120777;-40,68847004;SPRF-ES;DEL01-ES;UOP01-DEL01-ES;;;
736493;05/12/2025;sexta-feira;07:35:00;RS;116;263;CANOAS;Manobra de mudan�a de faixa;Colis�o traseira;Com V�timas Feridas;Pleno dia;Crescente;C�u Claro;M�ltipla;Reta;N�o;3;0;1;0;2;0;1;2;-29,90576375;-51,17711663;SPRF-RS;DEL01-RS;UOP01-DEL01-RS;;;
736494;05/12/2025;sexta-feira;07:00:00;RN;406;171,4;SAO GONCALO DO AMARANTE;Rea��o tardia ou ineficiente do condutor;Atropelamento de Pedestre;Com V�timas Feridas;Pleno dia;Crescente;Sol;Dupla;"Reta;Retorno Regulamentado";Sim;2;0;2;0;0;0;2;2;-5,7627618;-35,2876416;SPRF-RN;DEL02-RN;UOP01-DEL02-RN;;;
736497;05/12/2025;sexta-feira;05:00:00;MG;381;688;LAVRAS;Condutor Dormindo;Sa�da de leito carro��vel;Com V�timas Feridas;Pleno dia;Decrescente;C�u Claro;Dupla;"Declive;Curva";N�o;2;0;2;0;0;0;2;1;-21,191545;-45,116485;SPRF-MG;DEL04-MG;UOP02-DEL04-MG;;;
736498;05/12/2025;sexta-feira;07:00:00;RN;101;79;NATAL;Pedestre - Ingest�o de �lcool/ subst�ncias psicoativas;Queda de ocupante de ve�culo;Com V�timas Feridas;Pleno dia;Crescente;C�u Claro;Dupla;Reta;Sim;2;0;2;0;0;0;2;1;-5,75402366;-35,28880326;SPRF-RN;DEL02-RN;UOP01-DEL02-RN;;;
736501;05/12/2025;sexta-feira;07:04:00;GO;153;28,3;PORANGATU;Rea��o tardia ou ineficiente do condutor;Sa�da de leito carro��vel;Com V�timas Feridas;Pleno dia;Crescente;Nublado;Simples;"Reta;Declive";N�o;4;0;2;0;2;0;2;1;-13,0709998;-49,1858396;SPRF-GO;DEL07-GO;UOP01-DEL07-GO;;;
736502;03/12/2025;quarta-feira;20:00:00;PI;135;543,3;SAO GONCALO DO GURGUEIA;Rea��o tardia ou ineficiente do condutor;Sa�da de leito carro��vel;Com V�timas Feridas;Plena Noite;Decrescente;Garoa/Chuvisco;Simples;"Declive;Curva";N�o;1;0;1;0;0;0;1;1;-10,05732;-45,276947;SPRF-PI;DEL03-PI;UOP02-DEL03-PI;;;