id;data_inversa;dia_semana;horario;uf;br;km;municipio;causa_acidente;tipo_acidente;classificacao_acidente;fase_dia;sentido_via;condicao_metereologica;tipo_pista;tracado_via;uso_solo;pessoas;mortos;feridos_leves;feridos_graves;ilesos;ignorados;feridos;veiculos;latitude;longitude;regional;delegacia;uop;;;
736503;05/12/2025;sexta-feira;03:00:00;BA;116;660;JEQUIE;Acessar a via sem observar a presen�a dos outros ve�culos;Atropelamento de Pedestre;Com V�timas Fatais;Plena Noite;Crescente;Ignorado;Simples;Reta;N�o;2;1;0;0;0;1;0;2;-13,7280477;-40,09689617;SPRF-BA;DEL03-BA;UOP01-DEL03-BA;;;
736504;05/12/2025;sexta-feira;05:25:00;PE;101;54;RECIFE;Aus�ncia de rea��o do condutor;Colis�o traseira;Com V�timas Feridas;Pleno dia;Decrescente;C�u Claro;Dupla;Reta;Sim;3;0;2;0;0;1;2;2;-7,96657;-34,91817;SPRF-PE;DEL01-PE;UOP02-DEL01-PE;;;
736505;05/12/2025;sexta-feira;07:50:00;SC;101;206;SAO JOSE;Acessar a via sem observar a presen�a dos outros ve�culos;Colis�o lateral mesmo sentido;Com V�timas Feridas;Pleno dia;Decrescente;C�u Claro;Dupla;"Reta;Interse��o de Vias";N�o;3;0;1;1;1;0;2;2;-27,59482;-48,61895;SPRF-SC;DEL01-SC;UOP01-DEL01-SC;;;
736507;05/12/2025;sexta-feira;07:00:00;GO;60;322;ACREUNA;Condutor Dormindo;Sa�da de leito carro��vel;Com V�timas Feridas;Pleno dia;Crescente;Nublado;Dupla;Reta;N�o;1;0;0;1;0;0;1;1;-17,51843;-50,484575;SPRF-GO;DEL04-GO;UOP02-DEL04-GO;;;
736508;05/12/2025;sexta-feira;07:00:00;PR;369;58;BANDEIRANTES;Condutor desrespeitou a ilumina��o vermelha do sem�foro;Colis�o transversal;Com V�timas Feridas;Pleno dia;Crescente;C�u Claro;Simples;"Interse��o de Vias;Reta;Declive";Sim;2;0;1;0;1;0;1;2;-23,109773;-50,37098408;SPRF-PR;DEL07-PR;UOP05-DEL07-PR;;;
736511;05/12/2025;sexta-feira;07:55:00;RS;116;245;SAO LEOPOLDO;Acesso irregular;Colis�o transversal;Com V�timas Feridas;Pleno dia;Decrescente;C�u Claro;M�ltipla;"Interse��o de Vias;Viaduto";Sim;2;0;2;0;0;0;2;2;-29,75400528;-51,15136333;SPRF-RS;DEL01-RS;UOP02-DEL01-RS;;;
736512;14/09/2025;domingo;04:40:00;RS;468;86,4;BOM PROGRESSO;Rea��o tardia ou ineficiente do condutor;Sa�da de leito carro��vel;Com V�timas Feridas;Amanhecer;Crescente;C�u Claro;Simples;Reta;N�o;1;0;1;0;0;0;1;1;-27,566117;-53,860184;SPRF-RS;DEL08-RS;UOP02-DEL08-RS;;;
736514;05/12/2025;sexta-feira;08:00:00;MG;381;502;BETIM;Manobra de mudan�a de faixa;Colis�o lateral mesmo sentido;Com V�timas Feridas;Pleno dia;Decrescente;Nublado;Dupla;Reta;N�o;3;0;2;0;1;0;2;2;-20,0158158;-44,22231348;SPRF-MG;DEL01-MG;UOP03-DEL01-MG;;;
736515;05/12/2025;sexta-feira;07:15:00;PI;316;7;TERESINA;Acessar a via sem observar a presen�a dos outros ve�culos;Colis�o transversal;Com V�timas Feridas;Pleno dia;Decrescente;C�u Claro;Dupla;"Declive;Rotat�ria;Interse��o de Vias";Sim;2;0;1;0;1;0;1;2;-5,16232832;-42,76975215;SPRF-PI;DEL01-PI;UOP02-DEL01-PI;;;
736516;05/12/2025;sexta-feira;07:15:00;MA;135;5;SAO LUIS;Rea��o tardia ou ineficiente do condutor;Tombamento;Com V�timas Feridas;Pleno dia;Crescente;C�u Claro;Dupla;Reta;Sim;1;0;0;1;0;0;1;1;-2,62153;-44,25802;SPRF-MA;DEL01-MA;UOP01-DEL01-MA;;;
736517;05/12/2025;sexta-feira;08:30:00;SC;470;67;INDAIAL;Velocidade Incompat�vel;Colis�o traseira;Com V�timas Feridas;Pleno dia;Decrescente;Nublado;Dupla;"Reta;Declive";Sim;2;0;1;0;1;0;1;2;-26,873938;-49,234405;SPRF-SC;DEL04-SC;UOP01-DEL04-SC;;;
736518;05/12/2025;sexta-feira;08:59:00;MA;135;8;SAO LUIS;Condutor deixou de manter dist�ncia do ve�culo da frente;Colis�o traseira;Sem V�timas;Pleno dia;Crescente;C�u Claro;Dupla;"Aclive;Reta";Sim;3;0;0;0;3;0;0;2;-2,644322;-44,274468;SPRF-MA;DEL01-MA;UOP01-DEL01-MA;;;
736519;05/12/2025;sexta-feira;09:00:00;PA;308;151;CAPANEMA;Acessar a via sem observar a presen�a dos outros ve�culos;Tombamento;Com V�timas Feridas;Pleno dia;Crescente;C�u Claro;Simples;Reta;Sim;2;0;0;1;1;0;1;2;-1,21027;-47,18203;SPRF-PA;DEL01-PA;UOP03-DEL01-PA;;;
736520;05/12/2025;sexta-feira;08:28:00;PE;101;54;PAULISTA;Manobra de mudan�a de faixa;Colis�o lateral mesmo sentido;Com V�timas Feridas;Pleno dia;Crescente;C�u Claro;Dupla;Reta;Sim;2;0;1;0;0;1;1;2;-7,94871;-34,907228;SPRF-PE;DEL01-PE;UOP02-DEL01-PE;;;
736525;05/12/2025;sexta-feira;09:00:00;MG;459;93;CONGONHAL;Aus�ncia de rea��o do condutor;Colis�o frontal;Com V�timas Feridas;Pleno dia;Decrescente;C�u Claro;Dupla;"Reta;Aclive";N�o;2;0;1;0;1;0;1;2;-22,17153342;-46,00291584;SPRF-MG;DEL09-MG;UOP01-DEL09-MG;;;
736526;05/12/2025;sexta-feira;09:15:00;MG;381;489;BETIM;Aus�ncia de rea��o do condutor;Queda de ocupante de ve�culo;Com V�timas Feridas;Pleno dia;Decrescente;C�u Claro;Dupla;"Reta;Aclive";Sim;1;0;0;1;0;0;1;1;-19,956314;-44,134259;SPRF-MG;DEL01-MG;UOP03-DEL01-MG;;;
736527;04/12/2025;quinta-feira;20:00:00;AC;317;286;EPITACIOLANDIA;Mal s�bito do condutor;Queda de ocupante de ve�culo;Com V�timas Fatais;Plena Noite;Decrescente;Nublado;Simples;Aclive;N�o;1;1;0;0;0;0;0;1;-11,0257764;-68,6925762;SPRF-AC;DEL01-AC;UOP02-DEL01-AC;;;
736529;05/12/2025;sexta-feira;07:10:00;PE;316;71;OURICURI;Aus�ncia de rea��o do condutor;Sa�da de leito carro��vel;Com V�timas Feridas;Pleno dia;Crescente;C�u Claro;Simples;Reta;Sim;1;0;0;1;0;0;1;1;-7,809303;-40,17639;SPRF-PE;DEL05-PE;UOP02-DEL05-PE;;;
736530;05/12/2025;sexta-feira;08:50:00;CE;116;29,9;ITAITINGA;Aus�ncia de rea��o do condutor;Colis�o com objeto;Com V�timas Fatais;Pleno dia;Crescente;C�u Claro;Dupla;Reta;N�o;2;1;0;0;1;0;0;1;-4,01270782;-38,5181551;SPRF-CE;DEL01-CE;UOP02-DEL01-CE;;;
736531;05/12/2025;sexta-feira;07:53:00;PR;376;175,7;MARINGA;Condutor desrespeitou a ilumina��o vermelha do sem�foro;Atropelamento de Pedestre;Com V�timas Feridas;Pleno dia;Crescente;C�u Claro;M�ltipla;Reta;Sim;2;0;1;0;1;0;1;2;-23,41241386;-51,94330573;SPRF-PR;DEL09-PR;UOP01-DEL09-PR;;;
736532;08/09/2025;segunda-feira;08:30:00;RJ;101;485;ANGRA DOS REIS;Acessar a via sem observar a presen�a dos outros ve�culos;Colis�o traseira;Com V�timas Feridas;Pleno dia;Crescente;C�u Claro;Dupla;Reta;N�o;2;0;0;1;1;0;1;2;-22,99537519;-44,22992706;SPRF-RJ;DEL03-RJ;UOP03-DEL03-RJ;;;
736533;05/12/2025;sexta-feira;08:45:00;SC;101;100;BALNEARIO PICARRAS;Acessar a via sem observar a presen�a dos outros ve�culos;Colis�o traseira;Com V�timas Feridas;Pleno dia;Decrescente;C�u Claro;Dupla;Reta;N�o;3;0;1;0;2;0;1;2;-26,75726794;-48,68860817;SPRF-SC;DEL03-SC;UOP02-DEL03-SC;;;
736534;05/12/2025;sexta-feira;10:00:00;RN;101;103;PARNAMIRIM;Rea��o tardia ou ineficiente do condutor;Colis�o traseira;Com V�timas Feridas;Pleno dia;Crescente;C�u Claro;M�ltipla;Reta;Sim;3;0;2;0;0;1;2;2;-5,89115437;-35,25318353;SPRF-RN;DEL01-RN;UOP01-DEL01-RN;;;
736539;27/11/2025;quinta-feira;14:30:00;MS;463;58;PONTA PORA;Pista esburacada;Sa�da de leito carro��vel;Com V�timas Feridas;Pleno dia;Crescente;C�u Claro;Simples;Reta;N�o;5;0;1;3;1;0;4;1;-22,3607648;-55,231006;SPRF-MS;DEL04-MS;UOP03-DEL04-MS;;;
736540;05/12/2025;sexta-feira;07:10:00;PR;376;604;CURITIBA;Condutor deixou de manter dist�ncia do ve�culo da frente;Colis�o traseira;Com V�timas Feridas;Pleno dia;Crescente;Sol;Dupla;Reta;Sim;3;0;0;1;2;0;1;3;-25,53644833;-49,31496318;SPRF-PR;DEL01-PR;UOP03-DEL01-PR;;;
736541;05/12/2025;sexta-feira;10:15:00;PR;277;26;MORRETES;Rea��o tardia ou ineficiente do condutor;Tombamento;Com V�timas Feridas;Pleno dia;Decrescente;C�u Claro;Dupla;Reta;N�o;1;0;1;0;0;0;1;1;-25,534819;-48,760284;SPRF-PR;DEL01-PR;UOP05-DEL01-PR;;;
736542;05/12/2025;sexta-feira;10:13:00;PR;369;151,8;LONDRINA;Acostamento em desn�vel;Tombamento;Com V�timas Feridas;Pleno dia;Decrescente;C�u Claro;Dupla;Reta;Sim;1;0;1;0;0;0;1;1;-23,29282015;-51,1844;SPRF-PR;DEL07-PR;UOP01-DEL07-PR;;;
736544;22/11/2025;s�bado;19:50:00;BA;101;551;SAO JOSE DA VITORIA;Ultrapassagem Indevida;Sa�da de leito carro��vel;Com V�timas Feridas;Plena Noite;Decrescente;Ignorado;Simples;Reta;N�o;1;0;1;0;0;0;1;1;-15,08704107;-39,34272766;SPRF-BA;DEL05-BA;UOP02-DEL05-BA;;;
736545;05/12/2025;sexta-feira;09:45:00;SP;116;229,8;SAO PAULO;Rea��o tardia ou ineficiente do condutor;Colis�o traseira;Com V�timas Feridas;Pleno dia;Crescente;C�u Claro;M�ltipla;Reta;Sim;2;0;1;0;1;0;1;2;-23,5136251;-46,5775268;SPRF-SP;DEL01-SP;UOP01-DEL01-SP;;;
736546;05/12/2025;sexta-feira;10:50:00;SP;116;192;SANTA ISABEL;Avarias e/ou desgaste excessivo no pneu;Queda de ocupante de ve�culo;Com V�timas Feridas;Pleno dia;Decrescente;C�u Claro;Dupla;Aclive;N�o;2;0;1;0;1;0;1;1;-23,3785417;-46,25582344;SPRF-SP;DEL01-SP;UOP01-DEL01-SP;;;
736548;05/12/2025;sexta-feira;08:30:00;ES;101;290;CARIACICA;Manobra de mudan�a de faixa;Colis�o lateral mesmo sentido;Com V�timas Feridas;Pleno dia;Decrescente;C�u Claro;Dupla;Reta;Sim;2;0;1;0;0;1;1;2;-20,29561359;-40,3936014;SPRF-ES;DEL01-ES;UOP01-DEL01-ES;;;
736549;05/12/2025;sexta-feira;06:15:00;PR;373;183;PONTA GROSSA;Transitar no Acostamento;Atropelamento de Pedestre;Com V�timas Feridas;Amanhecer;Decrescente;Nublado;Dupla;Reta;Sim;2;0;1;0;0;1;1;2;-25,040583;-50,271261;SPRF-PR;DEL03-PR;UOP01-DEL03-PR;;;
736550;05/12/2025;sexta-feira;10:59:00;PE;101;41,3;IGARASSU;Objeto est�tico sobre o leito carro��vel;Colis�o com objeto;Com V�timas Feridas;Pleno dia;Decrescente;C�u Claro;Dupla;"Curva;Em Obras";Sim;2;0;2;0;0;0;2;1;-7,8346;-34,912205;SPRF-PE;DEL01-PE;UOP02-DEL01-PE;;;
736552;05/12/2025;sexta-feira;11:15:00;SC;282;2;FLORIANOPOLIS;Velocidade Incompat�vel;Colis�o traseira;Com V�timas Feridas;Pleno dia;Decrescente;C�u Claro;M�ltipla;Reta;N�o;4;0;2;0;2;0;2;2;-27,6033648;-48,58943788;SPRF-SC;DEL01-SC;UOP01-DEL01-SC;;;
736553;27/09/2025;s�bado;14:35:00;BA;110;154;RIBEIRA DO POMBAL;Acessar a via sem observar a presen�a dos outros ve�culos;Colis�o transversal;Com V�timas Feridas;Pleno dia;Decrescente;Garoa/Chuvisco;Simples;Reta;N�o;7;0;1;1;3;2;2;3;-10,695;-38,447;SPRF-BA;DEL07-BA;UOP02-DEL07-BA;;;
736556;19/11/2025;quarta-feira;19:15:00;PA;230;7;ALTAMIRA;Transitar na contram�o;Colis�o frontal;Com V�timas Fatais;Plena Noite;Decrescente;C�u Claro;Dupla;Aclive;Sim;4;1;3;0;0;0;3;2;-3,1962807;-52,2346472;SPRF-PA;DEL04-PA;UOP01-DEL04-PA;;;
736557;05/12/2025;sexta-feira;11:35:00;SC;101;209;SAO JOSE;Trafegar com motocicleta (ou similar) entre as faixas;Colis�o lateral mesmo sentido;Sem V�timas;Pleno dia;Crescente;C�u Claro;Dupla;Reta;Sim;3;0;0;0;2;1;0;2;-27,61061;-48,63938;SPRF-SC;DEL01-SC;UOP01-DEL01-SC;;;
736558;15/11/2025;s�bado;17:55:00;AL;101;188,5;JUNQUEIRO;Aus�ncia de rea��o do condutor;Colis�o traseira;Com V�timas Feridas;Plena Noite;Crescente;C�u Claro;Simples;Reta;Sim;3;0;0;1;2;0;1;2;-9,908913;-36,469973;SPRF-AL;DEL02-AL;UOP02-DEL02-AL;;;
736560;05/12/2025;sexta-feira;12:40:00;CE;304;51,2;ARACATI;Rea��o tardia ou ineficiente do condutor;Colis�o traseira;Com V�timas Feridas;Pleno dia;Decrescente;C�u Claro;Dupla;Reta;N�o;2;0;1;0;1;0;1;2;-4,576018;-37,7316884;SPRF-CE;DEL03-CE;UOP02-DEL03-CE;;;
736562;05/12/2025;sexta-feira;12:33:00;RS;472;610;URUGUAIANA;Velocidade Incompat�vel;Sa�da de leito carro��vel;Com V�timas Feridas;Pleno dia;Decrescente;C�u Claro;Simples;Reta;N�o;2;0;2;0;0;0;2;1;-29,91370397;-57,15413621;SPRF-RS;DEL13-RS;UOP01-DEL13-RS;;;
736563;05/12/2025;sexta-feira;12:00:00;SC;470;47,2;BLUMENAU;Aus�ncia de rea��o do condutor;Sa�da de leito carro��vel;Com V�timas Feridas;Pleno dia;Crescente;C�u Claro;Dupla;"Aclive;Reta";N�o;1;0;1;0;0;0;1;1;-26,8619981;-49,05081153;SPRF-SC;DEL04-SC;UOP01-DEL04-SC;;;
736564;05/12/2025;sexta-feira;12:15:00;PR;277;138;CAMPO LARGO;Demais falhas mec�nicas ou el�tricas;Inc�ndio;Sem V�timas;Pleno dia;Crescente;C�u Claro;Dupla;Reta;N�o;1;0;0;0;0;1;0;1;-25,462446;-49,649031;SPRF-PR;DEL03-PR;UOP03-DEL03-PR;;;
736565;05/12/2025;sexta-feira;11:20:00;RJ;101;329;NITEROI;Aus�ncia de rea��o do condutor;Colis�o traseira;Com V�timas Feridas;Pleno dia;Crescente;C�u Claro;Dupla;Reta;N�o;2;0;1;0;1;0;1;2;-22,87048132;-43,16802979;SPRF-RJ;DEL02-RJ;UOP01-DEL02-RJ;;;
736566;05/12/2025;sexta-feira;12:55:00;MG;381;501;BETIM;Ingest�o de �lcool pelo condutor;Sa�da de leito carro��vel;Com V�timas Feridas;Pleno dia;Decrescente;Nublado;Dupla;Reta;N�o;2;0;2;0;0;0;2;1;-20,00539913;-44,21382777;SPRF-MG;DEL01-MG;UOP03-DEL01-MG;;;
736567;05/12/2025;sexta-feira;11:33:00;RR;0;0;BOA VISTA;Rea��o tardia ou ineficiente do condutor;Engavetamento;Sem V�timas;Pleno dia;N�o Informado;C�u Claro;Dupla;Reta;Sim;4;0;0;0;4;0;0;4;2,75071527;-60,74156106;SPRF-RR;DEL01-RR;UOP01-DEL01-RR;;;
736570;11/09/2025;quinta-feira;07:00:00;MG;381;255;CORONEL FABRICIANO;Velocidade Incompat�vel;Colis�o traseira;Com V�timas Feridas;Pleno dia;Decrescente;C�u Claro;Simples;Reta;N�o;3;0;0;1;2;0;1;3;-19,53168271;-42,58388758;SPRF-MG;DEL03-MG;UOP01-DEL03-MG;;;
736572;05/12/2025;sexta-feira;12:40:00;MG;40;552,2;NOVA LIMA;Transitar na contram�o;Colis�o transversal;Com V�timas Feridas;Pleno dia;Crescente;Sol;Simples;Reta;Sim;2;0;1;0;1;0;1;2;-20,0635574;-43,9792545;SPRF-MG;DEL01-MG;UOP02-DEL01-MG;;;
736573;04/08/2025;segunda-feira;15:40:00;PA;155;139;SAPUCAIA;Ultrapassagem Indevida;Colis�o frontal;Sem V�timas;Pleno dia;Crescente;C�u Claro;Simples;Reta;N�o;2;0;0;0;2;0;0;2;-6,96719154;-49,72560791;SPRF-PA;DEL03-PA;UOP01-DEL03-PA;;;
736574;05/12/2025;sexta-feira;12:50:00;RJ;116;304;RESENDE;Rea��o tardia ou ineficiente do condutor;Engavetamento;Com V�timas Feridas;Pleno dia;Crescente;C�u Claro;Dupla;Reta;N�o;4;0;1;0;3;0;1;4;-22,45451833;-44,38232167;SPRF-RJ;DEL07-RJ;UOP02-DEL07-RJ;;;
736576;05/12/2025;sexta-feira;10:20:00;PE;424;100;BREJAO;Frear bruscamente;Colis�o traseira;Com V�timas Feridas;Pleno dia;Decrescente;C�u Claro;Simples;Reta;N�o;2;0;1;0;1;0;1;2;-8,961762;-36,513837;SPRF-PE;DEL03-PE;UOP01-DEL03-PE;;;
736577;05/12/2025;sexta-feira;13:15:00;PR;369;59;BANDEIRANTES;Mal s�bito do condutor;Colis�o com objeto;Com V�timas Fatais;Pleno dia;Crescente;C�u Claro;Simples;"Aclive;Reta";N�o;1;1;0;0;0;0;0;1;-23,13185553;-50,39559603;SPRF-PR;DEL07-PR;UOP05-DEL07-PR;;;
736578;05/12/2025;sexta-feira;12:48:00;GO;50;281,9;CATALAO;Velocidade Incompat�vel;Sa�da de leito carro��vel;Com V�timas Feridas;Pleno dia;Crescente;Chuva;Dupla;"Declive;Reta";Sim;4;0;2;1;0;1;3;1;-18,189428;-47,951125;SPRF-GO;DEL06-GO;UOP01-DEL06-GO;;;
736579;05/12/2025;sexta-feira;13:40:00;SC;101;198;BIGUACU;Objeto est�tico sobre o leito carro��vel;Colis�o com objeto;Com V�timas Feridas;Pleno dia;Decrescente;Sol;Dupla;Reta;Sim;1;0;1;0;0;0;1;1;-27,52740573;-48,63419652;SPRF-SC;DEL01-SC;UOP01-DEL01-SC;;;
736581;05/12/2025;sexta-feira;14:10:00;RN;101;13,7;TOUROS;Demais falhas mec�nicas ou el�tricas;Colis�o com objeto;Com V�timas Feridas;Pleno dia;Decrescente;C�u Claro;Simples;"T�nel;Reta";N�o;1;0;1;0;0;0;1;1;-5,262858;-35,47293;SPRF-RN;DEL02-RN;UOP01-DEL02-RN;;;
736583;05/12/2025;sexta-feira;12:45:00;PE;104;50;CARUARU;Pista esburacada;Sa�da de leito carro��vel;Com V�timas Feridas;Pleno dia;Crescente;Sol;Dupla;Reta;N�o;1;0;0;1;0;0;1;1;-8,143012;-35,987178;SPRF-PE;DEL02-PE;UOP01-DEL02-PE;;;
736584;05/12/2025;sexta-feira;10:20:00;BA;116;15;VITORIA DA CONQUISTA;Condutor deixou de manter dist�ncia do ve�culo da frente;Colis�o traseira;Com V�timas Feridas;Pleno dia;Crescente;Chuva;Simples;Reta;Sim;5;0;2;0;3;0;2;2;-14,89739131;-40,85877154;SPRF-BA;DEL08-BA;UOP01-DEL08-BA;;;
736585;05/12/2025;sexta-feira;13:55:00;AL;416;49;SAO JOSE DA LAJE;Acessar a via sem observar a presen�a dos outros ve�culos;Colis�o traseira;Com V�timas Fatais;Pleno dia;Crescente;C�u Claro;Simples;"Aclive;Reta";N�o;2;1;0;0;0;1;0;2;-8,96961881;-35,99291146;SPRF-AL;DEL01-AL;UOP02-DEL01-AL;;;
736586;05/12/2025;sexta-feira;14:20:00;MG;381;308;ANTONIO DIAS;Acessar a via sem observar a presen�a dos outros ve�culos;Colis�o traseira;Com V�timas Feridas;Pleno dia;Crescente;C�u Claro;Dupla;Reta;N�o;2;0;0;1;1;0;1;2;-19,65825;-42,96129;SPRF-MG;DEL03-MG;UOP02-DEL03-MG;;;
736587;05/12/2025;sexta-feira;13:00:00;MS;163;227,6;CAARAPO;Aus�ncia de rea��o do condutor;Engavetamento;Sem V�timas;Pleno dia;Decrescente;Sol;Dupla;Reta;N�o;7;0;0;0;7;0;0;3;-22,47813;-54,862757;SPRF-MS;DEL04-MS;UOP02-DEL04-MS;;;
736589;05/12/2025;sexta-feira;01:15:00;MG;50;175;UBERABA;Aus�ncia de rea��o do condutor;Colis�o lateral mesmo sentido;Com V�timas Feridas;Pleno dia;Decrescente;C�u Claro;Dupla;Curva;Sim;2;0;1;0;1;0;1;2;-19,77745062;-47,97129599;SPRF-MG;DEL13-MG;UOP01-DEL13-MG;;;
736590;05/12/2025;sexta-feira;14:45:00;SP;116;230,5;SAO PAULO;Manobra de mudan�a de faixa;Colis�o transversal;Com V�timas Fatais;Pleno dia;Crescente;C�u Claro;M�ltipla;Reta;N�o;4;1;0;0;3;0;0;4;-23,521522;-46,585173;SPRF-SP;DEL01-SP;UOP01-DEL01-SP;;;
736592;05/12/2025;sexta-feira;14:45:00;SC;101;205;SAO JOSE;Manobra de mudan�a de faixa;Colis�o lateral mesmo sentido;Com V�timas Feridas;Pleno dia;Crescente;C�u Claro;M�ltipla;Reta;Sim;2;0;1;0;1;0;1;2;-27,58848433;-48,61689297;SPRF-SC;DEL01-SC;UOP01-DEL01-SC;;;
736593;05/12/2025;sexta-feira;14:38:00;RS;470;215;BENTO GONCALVES;Convers�o proibida;Colis�o transversal;Com V�timas Feridas;Pleno dia;Crescente;C�u Claro;Simples;Reta;Sim;2;0;1;0;1;0;1;2;-29,16021388;-51,52895657;SPRF-RS;DEL06-RS;UOP01-DEL06-RS;;;
736594;05/12/2025;sexta-feira;11:48:00;MT;70;1,5;BARRA DO GARCAS;Condutor deixou de manter dist�ncia do ve�culo da frente;Colis�o lateral mesmo sentido;Com V�timas Feridas;Pleno dia;Crescente;C�u Claro;Simples;Reta;Sim;2;0;1;0;1;0;1;2;-15,88916587;-52,26547692;SPRF-MT;DEL07-MT;UOP01-DEL07-MT;;;
736595;05/12/2025;sexta-feira;12:15:00;SC;116;72,1;MONTE CASTELO;Rea��o tardia ou ineficiente do condutor;Colis�o transversal;Com V�timas Feridas;Pleno dia;Decrescente;C�u Claro;Simples;"Reta;Aclive";N�o;6;0;6;0;0;0;6;2;-26,487411;-50,232637;SPRF-SC;DEL06-SC;UOP02-DEL06-SC;;;
736596;06/10/2025;segunda-feira;10:30:00;RN;101;172;BAIA FORMOSA;Aus�ncia de rea��o do condutor;Sa�da de leito carro��vel;Com V�timas Feridas;Pleno dia;Decrescente;C�u Claro;Dupla;Reta;N�o;1;0;1;0;0;0;1;1;-6,465853;-35,11117;SPRF-RN;DEL01-RN;UOP01-DEL01-RN;;;
736597;05/12/2025;sexta-feira;15:15:00;SC;282;0,5;FLORIANOPOLIS;Condutor deixou de manter dist�ncia do ve�culo da frente;Colis�o traseira;Com V�timas Feridas;Pleno dia;Decrescente;C�u Claro;M�ltipla;Reta;Sim;3;0;0;1;2;0;1;3;-27,60053;-48,57693;SPRF-SC;DEL01-SC;UOP01-DEL01-SC;;;
736600;05/12/2025;sexta-feira;15:30:00;BA;101;265,9;SANTO ANTONIO DE JESUS;Manobra de mudan�a de faixa;Colis�o frontal;Com V�timas Fatais;Pleno dia;Crescente;C�u Claro;Simples;"Reta;Declive";N�o;6;1;1;0;4;0;1;2;-12,9939248;-39,2873388;SPRF-BA;DEL01-BA;UOP02-DEL01-BA;;;
736604;05/12/2025;sexta-feira;10:30:00;RJ;101;482;ANGRA DOS REIS;Acessar a via sem observar a presen�a dos outros ve�culos;Colis�o transversal;Com V�timas Feridas;Pleno dia;Decrescente;C�u Claro;Dupla;Rotat�ria;N�o;2;0;1;0;1;0;1;2;-22,99790349;-44,25361633;SPRF-RJ;DEL03-RJ;UOP03-DEL03-RJ;;;
736605;05/12/2025;sexta-feira;16:20:00;PE;101;70;RECIFE;Rea��o tardia ou ineficiente do condutor;Sa�da de leito carro��vel;Com V�timas Feridas;Pleno dia;Decrescente;C�u Claro;M�ltipla;Curva;Sim;1;0;1;0;0;0;1;1;-8,06791;-34,94083;SPRF-PE;DEL01-PE;UOP01-DEL01-PE;;;
736606;05/12/2025;sexta-feira;16:30:00;PE;101;68,3;RECIFE;Ingest�o de �lcool pelo condutor;Engavetamento;Com V�timas Feridas;Pleno dia;Decrescente;C�u Claro;M�ltipla;Reta;Sim;4;0;2;0;2;0;2;3;-8,05372;-34,94646;SPRF-PE;DEL01-PE;UOP01-DEL01-PE;;;
736608;05/12/2025;sexta-feira;16:15:00;RN;101;120;SAO JOSE DE MIPIBU;Manobra de mudan�a de faixa;Colis�o traseira;Com V�timas Feridas;Pleno dia;Crescente;C�u Claro;Dupla;Reta;N�o;3;0;2;0;1;0;2;2;-6,03233558;-35,24918318;SPRF-RN;DEL01-RN;UOP01-DEL01-RN;;;
736610;05/12/2025;sexta-feira;16:35:00;PI;343;7,9;PARNAIBA;Condutor deixou de manter dist�ncia do ve�culo da frente;Colis�o traseira;Com V�timas Feridas;Pleno dia;Crescente;Nublado;Simples;Reta;Sim;3;0;2;0;1;0;2;3;-2,899388;-41,723625;SPRF-PI;DEL05-PI;UOP01-DEL05-PI;;;
736613;05/12/2025;sexta-feira;16:26:00;ES;101;270;SERRA;Entrada inopinada do pedestre;Atropelamento de Pedestre;Com V�timas Feridas;Pleno dia;Crescente;C�u Claro;Dupla;Reta;N�o;2;0;1;0;1;0;1;2;-20,2179094;-40,35273671;SPRF-ES;DEL02-ES;UOP01-DEL02-ES;;;
736615;05/12/2025;sexta-feira;14:45:00;SC;280;29;ARAQUARI;Acessar a via sem observar a presen�a dos outros ve�culos;Colis�o transversal;Com V�timas Feridas;Pleno dia;Crescente;C�u Claro;Simples;Reta;N�o;2;0;1;0;1;0;1;2;-26,410114;-48,752483;SPRF-SC;DEL03-SC;UOP03-DEL03-SC;;;
736616;05/12/2025;sexta-feira;15:45:00;SC;470;28;GASPAR;Velocidade Incompat�vel;Colis�o lateral mesmo sentido;Sem V�timas;Pleno dia;Crescente;C�u Claro;M�ltipla;Reta;Sim;2;0;0;0;2;0;0;2;-26,89343411;-48,89686044;SPRF-SC;DEL04-SC;UOP01-DEL04-SC;;;
736617;05/12/2025;sexta-feira;16:35:00;RJ;493;121;ITAGUAI;Condutor deixou de manter dist�ncia do ve�culo da frente;Colis�o traseira;Com V�timas Feridas;Pleno dia;Crescente;C�u Claro;Dupla;"Declive;Viaduto";Sim;2;0;1;0;1;0;1;2;-22,89395958;-43,82358044;SPRF-RJ;DEL03-RJ;UOP01-DEL03-RJ;;;
736618;05/12/2025;sexta-feira;16:30:00;PB;101;82,6;BAYEUX;Rea��o tardia ou ineficiente do condutor;Engavetamento;Sem V�timas;Pleno dia;Crescente;C�u Claro;Dupla;"Viaduto;Reta";Sim;7;0;0;0;6;1;0;7;-7,131528;-34,932201;SPRF-PB;DEL01-PB;UOP01-DEL01-PB;;;
736619;05/12/2025;sexta-feira;16:34:00;PR;116;8;CAMPINA GRANDE DO SUL;Ultrapassagem Indevida;Colis�o traseira;Com V�timas Feridas;Pleno dia;Crescente;C�u Claro;Dupla;Reta;N�o;3;0;0;2;1;0;2;3;-25,369842;-49,118323;SPRF-PR;DEL01-PR;UOP02-DEL01-PR;;;
736621;05/12/2025;sexta-feira;15:32:00;SC;280;27,1;ARAQUARI;Acessar a via sem observar a presen�a dos outros ve�culos;Colis�o frontal;Com V�timas Feridas;Pleno dia;Crescente;C�u Claro;Simples;"Reta;Interse��o de Vias";Sim;2;0;2;0;0;0;2;2;-26,39702956;-48,74026235;SPRF-SC;DEL03-SC;UOP03-DEL03-SC;;;