id;data_inversa;dia_semana;horario;uf;br;km;municipio;causa_acidente;tipo_acidente;classificacao_acidente;fase_dia;sentido_via;condicao_metereologica;tipo_pista;tracado_via;uso_solo;pessoas;mortos;feridos_leves;feridos_graves;ilesos;ignorados;feridos;veiculos;latitude;longitude;regional;delegacia;uop;;;
736624;05/12/2025;sexta-feira;17:15:00;SC;101;24;JOINVILLE;Desrespeitar a prefer�ncia no cruzamento;Colis�o frontal;Com V�timas Feridas;Pleno dia;Decrescente;Sol;Simples;Interse��o de Vias;Sim;7;0;6;1;0;0;7;2;-26,17866643;-48,90854643;SPRF-SC;DEL03-SC;UOP01-DEL03-SC;;;
736625;05/12/2025;sexta-feira;16:00:00;GO;60;31;ALEXANIA;Acessar a via sem observar a presen�a dos outros ve�culos;Colis�o transversal;Com V�timas Feridas;Pleno dia;Decrescente;C�u Claro;Dupla;"Retorno Regulamentado;Reta";Sim;3;0;2;1;0;0;3;2;-16,09077;-48,497127;SPRF-DF;DEL03-DF;UOP01-DEL03-DF;;;
736626;05/11/2025;quarta-feira;13:10:00;PA;163;485;ITAITUBA;Condutor Dormindo;Sa�da de leito carro��vel;Com V�timas Fatais;Pleno dia;Crescente;Sol;Simples;Curva;N�o;3;1;0;0;1;1;0;2;-5,626058;-55,79767;SPRF-PA;DEL05-PA;UOP03-DEL05-PA;;;
736627;05/12/2025;sexta-feira;15:55:00;RO;174;14;VILHENA;Acessar a via sem observar a presen�a dos outros ve�culos;Colis�o transversal;Com V�timas Feridas;Pleno dia;Crescente;Garoa/Chuvisco;Dupla;Interse��o de Vias;Sim;2;0;1;0;1;0;1;2;-12,73091921;-60,12947202;SPRF-RO;DEL04-RO;UOP01-DEL04-RO;;;
736628;05/12/2025;sexta-feira;17:30:00;SP;101;49,8;UBATUBA;Acessar a via sem observar a presen�a dos outros ve�culos;Colis�o transversal;Com V�timas Feridas;Pleno dia;Crescente;Garoa/Chuvisco;Simples;Reta;Sim;2;0;2;0;0;0;2;2;-23,44874329;-45,07903431;SPRF-SP;DEL06-SP;UOP01-DEL06-SP;;;
736629;05/12/2025;sexta-feira;16:40:00;MS;60;427;SIDROLANDIA;Acessar a via sem observar a presen�a dos outros ve�culos;Colis�o transversal;Com V�timas Feridas;Pleno dia;Decrescente;C�u Claro;Dupla;Rotat�ria;Sim;4;0;1;0;3;0;1;2;-20,941431;-54,965061;SPRF-MS;DEL01-MS;UOP04-DEL01-MS;;;
736630;05/12/2025;sexta-feira;16:40:00;SP;116;203;ARUJA;Rea��o tardia ou ineficiente do condutor;Engavetamento;Com V�timas Feridas;Pleno dia;Decrescente;C�u Claro;M�ltipla;Reta;Sim;6;0;3;0;3;0;3;3;-23,41128608;-46,35120956;SPRF-SP;DEL01-SP;UOP01-DEL01-SP;;;
736631;05/12/2025;sexta-feira;17:28:00;DF;70;14;BRASILIA;Manobra de mudan�a de faixa;Colis�o lateral mesmo sentido;Com V�timas Feridas;Anoitecer;Decrescente;Nublado;Dupla;Reta;Sim;3;0;1;0;2;0;1;2;-15,79873;-48,187101;SPRF-DF;DEL03-DF;UOP02-DEL03-DF;;;
736632;05/12/2025;sexta-feira;17:30:00;RS;116;118;SAO MARCOS;Aus�ncia de rea��o do condutor;Capotamento;Com V�timas Feridas;Pleno dia;Crescente;C�u Claro;Simples;Reta;N�o;1;0;1;0;0;0;1;1;-28,9835683;-51,069238;SPRF-RS;DEL05-RS;UOP01-DEL05-RS;;;
736633;01/12/2025;segunda-feira;06:50:00;MS;163;223,7;CAARAPO;Afundamento ou ondula��o no pavimento;Tombamento;Com V�timas Feridas;Pleno dia;Decrescente;C�u Claro;Simples;"Declive;Curva";N�o;1;0;1;0;0;0;1;1;-22,509731;-54,863501;SPRF-MS;DEL04-MS;UOP02-DEL04-MS;;;
736634;05/12/2025;sexta-feira;18:10:00;RS;386;341,5;LAJEADO;Manobra de mudan�a de faixa;Colis�o lateral mesmo sentido;Com V�timas Feridas;Pleno dia;Decrescente;Sol;M�ltipla;Reta;N�o;2;0;0;1;1;0;1;2;-29,43017;-52,01444;SPRF-RS;DEL04-RS;UOP01-DEL04-RS;;;
736635;05/12/2025;sexta-feira;16:00:00;MG;262;362,4;JUATUBA;Manobra de mudan�a de faixa;Colis�o lateral mesmo sentido;Com V�timas Feridas;Pleno dia;Decrescente;Nublado;Dupla;Reta;N�o;2;0;1;0;0;1;1;2;-19,969754;-44,331676;SPRF-MG;DEL01-MG;UOP03-DEL01-MG;;;
736636;05/12/2025;sexta-feira;17:10:00;PE;101;67;RECIFE;Rea��o tardia ou ineficiente do condutor;Atropelamento de Pedestre;Com V�timas Feridas;Anoitecer;Crescente;C�u Claro;Dupla;Reta;Sim;2;0;1;1;0;0;2;2;-8,04288069;-34,94346499;SPRF-PE;DEL01-PE;UOP01-DEL01-PE;;;
736637;08/11/2025;s�bado;15:45:00;PB;104;87,6;REMIGIO;Transitar na contram�o;Colis�o frontal;Com V�timas Feridas;Pleno dia;Crescente;C�u Claro;Simples;"Aclive;Curva";N�o;3;0;0;1;1;1;1;3;-6,964147;-35,799371;SPRF-PB;DEL02-PB;UOP04-DEL02-PB;;;
736639;05/12/2025;sexta-feira;17:30:00;BA;101;490;ITAJUIPE;Acessar a via sem observar a presen�a dos outros ve�culos;Colis�o transversal;Com V�timas Feridas;Anoitecer;Crescente;Nevoeiro/Neblina;Simples;"Reta;Interse��o de Vias";N�o;6;0;1;0;5;0;1;2;-14,69530339;-39,365221;SPRF-BA;DEL05-BA;UOP01-DEL05-BA;;;
736641;05/12/2025;sexta-feira;17:10:00;SP;116;151;SAO JOSE DOS CAMPOS;Velocidade Incompat�vel;Colis�o com objeto;Sem V�timas;Pleno dia;Crescente;C�u Claro;M�ltipla;Reta;N�o;1;0;0;0;0;1;0;1;-23,219942;-45,900693;SPRF-SP;DEL02-SP;UOP01-DEL02-SP;;;
736642;05/12/2025;sexta-feira;17:30:00;RS;392;90,2;PELOTAS;Rea��o tardia ou ineficiente do condutor;Sa�da de leito carro��vel;Com V�timas Feridas;Pleno dia;Crescente;C�u Claro;Simples;Declive;N�o;4;0;4;0;0;0;4;1;-31,65079145;-52,4752562;SPRF-RS;DEL07-RS;UOP01-DEL07-RS;;;
736643;05/12/2025;sexta-feira;18:30:00;SC;101;208,5;SAO JOSE;Pista Escorregadia;Tombamento;Com V�timas Feridas;Amanhecer;Crescente;C�u Claro;M�ltipla;Reta;Sim;2;0;2;0;0;0;2;1;-27,6125439;-48,641659;SPRF-SC;DEL01-SC;UOP01-DEL01-SC;;;
736644;05/12/2025;sexta-feira;17:50:00;SC;101;38,5;JOINVILLE;Desrespeitar a prefer�ncia no cruzamento;Colis�o transversal;Com V�timas Feridas;Anoitecer;Crescente;C�u Claro;M�ltipla;Viaduto;Sim;2;0;2;0;0;0;2;2;-26,29680077;-48,88435364;SPRF-SC;DEL03-SC;UOP01-DEL03-SC;;;
736645;05/12/2025;sexta-feira;18:10:00;RJ;40;56;PETROPOLIS;Condutor Dormindo;Colis�o com objeto;Com V�timas Feridas;Anoitecer;Crescente;C�u Claro;Dupla;Curva;Sim;2;0;1;0;0;1;1;2;-22,3638875;-43,1278673;SPRF-RJ;DEL05-RJ;UOP02-DEL05-RJ;;;
736646;05/12/2025;sexta-feira;17:00:00;PR;476;193;LAPA;Aus�ncia de rea��o do condutor;Colis�o lateral mesmo sentido;Com V�timas Feridas;Pleno dia;Decrescente;C�u Claro;Dupla;Reta;N�o;2;0;1;0;1;0;1;2;-25,7432308;-49,71420441;SPRF-PR;DEL01-PR;UOP06-DEL01-PR;;;
736647;05/12/2025;sexta-feira;18:50:00;SC;153;99,9;CONCORDIA;Frear bruscamente;Colis�o traseira;Com V�timas Feridas;Anoitecer;Decrescente;C�u Claro;Simples;Reta;Sim;2;0;1;0;1;0;1;2;-27,24532037;-51,95221066;SPRF-SC;DEL07-SC;UOP04-DEL07-SC;;;
736651;05/12/2025;sexta-feira;19:00:00;RS;116;142,6;CAXIAS DO SUL;Manobra de mudan�a de faixa;Colis�o lateral mesmo sentido;Com V�timas Feridas;Anoitecer;Crescente;C�u Claro;Dupla;Reta;Sim;3;0;2;0;1;0;2;2;-29,118358;-51,12128;SPRF-RS;DEL05-RS;UOP01-DEL05-RS;;;
736652;05/12/2025;sexta-feira;19:25:00;SC;101;127;ITAJAI;Velocidade Incompat�vel;Colis�o traseira;Com V�timas Feridas;Plena Noite;Decrescente;C�u Claro;Dupla;Reta;N�o;2;0;1;0;1;0;1;2;-26,97145833;-48,68299484;SPRF-SC;DEL04-SC;UOP04-DEL04-SC;;;
736653;05/12/2025;sexta-feira;18:50:00;RS;116;221;DOIS IRMAOS;Condutor deixou de manter dist�ncia do ve�culo da frente;Queda de ocupante de ve�culo;Com V�timas Feridas;Anoitecer;Decrescente;C�u Claro;Simples;Curva;Sim;2;0;0;1;1;0;1;2;-29,57240233;-51,09622713;SPRF-RS;DEL01-RS;UOP02-DEL01-RS;;;
736655;05/12/2025;sexta-feira;19:30:00;TO;153;137;ARAGUAINA;Rea��o tardia ou ineficiente do condutor;Queda de ocupante de ve�culo;Com V�timas Feridas;Plena Noite;Crescente;Garoa/Chuvisco;Dupla;Reta;Sim;2;0;1;0;1;0;1;1;-7,15057852;-48,20343643;SPRF-TO;DEL02-TO;UOP01-DEL02-TO;;;
736657;05/12/2025;sexta-feira;18:42:00;MS;262;505;ANASTACIO;Manobra de mudan�a de faixa;Sa�da de leito carro��vel;Sem V�timas;Plena Noite;Decrescente;Nublado;Simples;Reta;N�o;2;0;0;0;2;0;0;1;-20,48325017;-55,953432;SPRF-MS;DEL03-MS;UOP01-DEL03-MS;;;
736659;05/12/2025;sexta-feira;19:50:00;RJ;116;212;SEROPEDICA;Rea��o tardia ou ineficiente do condutor;Colis�o lateral mesmo sentido;Sem V�timas;Plena Noite;Decrescente;Nublado;M�ltipla;"Reta;Desvio Tempor�rio";N�o;2;0;0;0;2;0;0;2;-22,7168159;-43,7151773;SPRF-RJ;DEL06-RJ;UOP02-DEL06-RJ;;;
736661;05/12/2025;sexta-feira;19:10:00;RJ;40;112;DUQUE DE CAXIAS;Rea��o tardia ou ineficiente do condutor;Colis�o traseira;Sem V�timas;Plena Noite;Decrescente;Nublado;Dupla;Reta;Sim;3;0;0;0;3;0;0;3;-22,69493469;-43,2880822;SPRF-RJ;DEL01-RJ;UOP02-DEL01-RJ;;;
736663;05/12/2025;sexta-feira;20:00:00;PR;376;182;MARINGA;Desrespeitar a prefer�ncia no cruzamento;Colis�o transversal;Com V�timas Feridas;Plena Noite;Crescente;C�u Claro;Dupla;Rotat�ria;Sim;2;0;1;0;1;0;1;2;-23,4322314;-51,88747287;SPRF-PR;DEL09-PR;UOP01-DEL09-PR;;;
736666;05/12/2025;sexta-feira;19:00:00;PR;277;726;FOZ DO IGUACU;Frear bruscamente;Tombamento;Com V�timas Feridas;Pleno dia;Crescente;C�u Claro;Dupla;Reta;Sim;2;0;2;0;0;0;2;1;-25,50768428;-54,54557419;SPRF-PR;DEL05-PR;UOP03-DEL05-PR;;;
736667;05/12/2025;sexta-feira;18:30:00;GO;153;570,6;PROFESSOR JAMIL;Rea��o tardia ou ineficiente do condutor;Sa�da de leito carro��vel;Com V�timas Fatais;Anoitecer;Crescente;Chuva;Dupla;Curva;N�o;2;1;0;1;0;0;1;1;-17,2926588;-49,234367;SPRF-GO;DEL03-GO;UOP01-DEL03-GO;;;
736668;05/12/2025;sexta-feira;19:30:00;PR;116;111;CURITIBA;Manobra de mudan�a de faixa;Colis�o lateral mesmo sentido;Sem V�timas;Plena Noite;Crescente;C�u Claro;Dupla;Reta;N�o;2;0;0;0;1;1;0;2;-25,5591812;-49,2663351;SPRF-PR;DEL01-PR;UOP03-DEL01-PR;;;
736670;05/12/2025;sexta-feira;20:00:00;RS;285;219,6;CASEIROS;Acessar a via sem observar a presen�a dos outros ve�culos;Colis�o transversal;Com V�timas Feridas;Plena Noite;Decrescente;C�u Claro;Simples;Reta;Sim;6;0;4;0;2;0;4;2;-28,26625364;-51,69602601;SPRF-RS;DEL08-RS;UOP05-DEL08-RS;;;
736671;05/12/2025;sexta-feira;20:15:00;MG;40;614,9;CONGONHAS;Rea��o tardia ou ineficiente do condutor;Sa�da de leito carro��vel;Com V�timas Feridas;Plena Noite;Crescente;C�u Claro;Simples;"Curva;Aclive";N�o;1;0;1;0;0;0;1;1;-20,476871;-43,8424143;SPRF-MG;DEL05-MG;UOP02-DEL05-MG;;;
736673;05/12/2025;sexta-feira;20:40:00;PE;101;67,5;RECIFE;Pedestre - Ingest�o de �lcool/ subst�ncias psicoativas;Atropelamento de Pedestre;Com V�timas Feridas;Plena Noite;Crescente;C�u Claro;Dupla;Reta;Sim;3;0;2;0;1;0;2;2;-8,04708;-34,94517;SPRF-PE;DEL01-PE;UOP01-DEL01-PE;;;
736676;05/12/2025;sexta-feira;21:00:00;GO;60;167,3;GOIANIA;Ingest�o de �lcool pelo condutor;Colis�o traseira;Com V�timas Feridas;Plena Noite;Crescente;Nublado;Dupla;Declive;N�o;3;0;2;1;0;0;3;2;-16,728119;-49,384045;SPRF-GO;DEL01-GO;UOP02-DEL01-GO;;;
736677;05/12/2025;sexta-feira;17:50:00;SC;101;136;CAMBORIU;Manobra de mudan�a de faixa;Colis�o traseira;Com V�timas Feridas;Pleno dia;Crescente;C�u Claro;M�ltipla;Reta;Sim;2;0;1;0;1;0;1;2;-26,993634;-48,660603;SPRF-SC;DEL04-SC;UOP03-DEL04-SC;;;
736678;05/12/2025;sexta-feira;20:30:00;CE;304;100;ARACATI;Pedestre andava na pista;Tombamento;Com V�timas Feridas;Plena Noite;Decrescente;C�u Claro;Dupla;Reta;Sim;2;0;1;1;0;0;2;1;-4,5793242;-37,7304019;SPRF-CE;DEL03-CE;UOP02-DEL03-CE;;;
736679;05/12/2025;sexta-feira;20:00:00;RJ;101;525;ANGRA DOS REIS;Acessar a via sem observar a presen�a dos outros ve�culos;Colis�o transversal;Com V�timas Feridas;Plena Noite;Decrescente;Nublado;Simples;Rotat�ria;Sim;2;0;1;1;0;0;2;2;-23,0030135;-44,47981835;SPRF-RJ;DEL03-RJ;UOP03-DEL03-RJ;;;
736680;05/12/2025;sexta-feira;21:00:00;RS;392;86,5;CANGUCU;Aus�ncia de rea��o do condutor;Sa�da de leito carro��vel;Com V�timas Feridas;Plena Noite;Decrescente;C�u Claro;Simples;Reta;N�o;1;0;1;0;0;0;1;1;-31,48957772;-52,6166153;SPRF-RS;DEL07-RS;UOP01-DEL07-RS;;;
736681;05/12/2025;sexta-feira;20:00:00;SC;282;322;VARGEM;Ingest�o de �lcool pelo condutor;Sa�da de leito carro��vel;Com V�timas Feridas;Plena Noite;Crescente;C�u Claro;Simples;Curva;N�o;1;0;0;1;0;0;1;1;-27,44720061;-50,99905014;SPRF-SC;DEL07-SC;UOP06-DEL07-SC;;;
736682;05/12/2025;sexta-feira;21:15:00;SC;101;199;BIGUACU;Pedestre andava na pista;Atropelamento de Pedestre;Com V�timas Feridas;Plena Noite;Crescente;C�u Claro;Dupla;Reta;Sim;4;0;1;0;2;1;1;2;-27,52782391;-48,63423999;SPRF-SC;DEL01-SC;UOP01-DEL01-SC;;;
736683;05/12/2025;sexta-feira;18:50:00;RJ;101;321;NITEROI;Trafegar com motocicleta (ou similar) entre as faixas;Colis�o lateral mesmo sentido;Com V�timas Feridas;Plena Noite;Decrescente;C�u Claro;M�ltipla;Reta;Sim;3;0;2;0;1;0;2;2;-22,87522623;-43,11039448;SPRF-RJ;DEL02-RJ;UOP01-DEL02-RJ;;;
736686;05/12/2025;sexta-feira;20:40:00;RJ;493;52;DUQUE DE CAXIAS;Convers�o proibida;Colis�o frontal;Com V�timas Feridas;Plena Noite;Crescente;Nublado;Dupla;Reta;N�o;3;0;1;0;2;0;1;2;-22,66548203;-43,32866192;SPRF-RJ;DEL01-RJ;UOP03-DEL01-RJ;;;
736688;05/12/2025;sexta-feira;19:00:00;BA;116;19;VITORIA DA CONQUISTA;Ingest�o de �lcool pelo condutor;Colis�o lateral sentido oposto;Sem V�timas;Plena Noite;Crescente;Chuva;Simples;Reta;Sim;6;0;0;0;6;0;0;2;-14,8933825;-40,82032576;SPRF-BA;DEL08-BA;UOP01-DEL08-BA;;;
736689;05/12/2025;sexta-feira;20:32:00;PE;232;23,3;MORENO;Condutor Dormindo;Sa�da de leito carro��vel;Com V�timas Feridas;Plena Noite;Crescente;C�u Claro;Dupla;Curva;N�o;4;0;3;0;1;0;3;1;-8,100198;-35,099775;SPRF-PE;DEL02-PE;UOP02-DEL02PE;;;
736695;05/12/2025;sexta-feira;22:20:00;MG;381;499,1;BETIM;Demais falhas mec�nicas ou el�tricas;Queda de ocupante de ve�culo;Com V�timas Feridas;Plena Noite;Decrescente;C�u Claro;Dupla;Reta;N�o;1;0;1;0;0;0;1;1;-19,99627356;-44,20852304;SPRF-MG;DEL01-MG;UOP03-DEL01-MG;;;
736696;05/12/2025;sexta-feira;19:34:00;RJ;101;389;RIO DE JANEIRO;Acessar a via sem observar a presen�a dos outros ve�culos;Colis�o transversal;Com V�timas Fatais;Plena Noite;Crescente;Nublado;Dupla;Reta;N�o;2;1;0;0;0;1;0;2;-22,893768;-43,676203;SPRF-RJ;DEL03-RJ;UOP01-DEL03-RJ;;;
736697;05/12/2025;sexta-feira;20:41:00;MT;163;828;SINOP;Acessar a via sem observar a presen�a dos outros ve�culos;Colis�o transversal;Com V�timas Feridas;Plena Noite;Crescente;Chuva;Simples;Rotat�ria;Sim;3;0;1;0;2;0;1;2;-11,9125581;-55,50854087;SPRF-MT;DEL06-MT;UOP02-DEL06-MT;;;
736699;05/12/2025;sexta-feira;20:20:00;PR;376;604;CURITIBA;Aus�ncia de rea��o do condutor;Capotamento;Com V�timas Feridas;Plena Noite;Crescente;C�u Claro;Dupla;Reta;Sim;2;0;1;0;1;0;1;1;-25,50388664;-49,34118144;SPRF-PR;DEL01-PR;UOP03-DEL01-PR;;;
736700;05/12/2025;sexta-feira;19:40:00;PE;428;185;PETROLINA;Manobra de mudan�a de faixa;Colis�o lateral mesmo sentido;Com V�timas Feridas;Plena Noite;Decrescente;Chuva;Dupla;Reta;Sim;2;0;1;0;1;0;1;2;-9,34709239;-40,47359912;SPRF-PE;DEL06-PE;UOP01-DEL06-PE;;;
736702;05/12/2025;sexta-feira;21:15:00;MG;50;165;UBERABA;Aus�ncia de rea��o do condutor;Colis�o com objeto;Com V�timas Feridas;Plena Noite;Crescente;Chuva;Dupla;Reta;N�o;1;0;0;1;0;0;1;1;-19,69238;-47,990011;SPRF-MG;DEL13-MG;UOP01-DEL13-MG;;;
736704;05/12/2025;sexta-feira;20:40:00;SP;116;61;GUARATINGUETA;Acumulo de areia ou detritos sobre o pavimento;Queda de ocupante de ve�culo;Com V�timas Feridas;Plena Noite;Decrescente;C�u Claro;Dupla;Reta;N�o;1;0;1;0;0;0;1;1;-22,81151821;-45,15728752;SPRF-SP;DEL08-SP;UOP01-DEL08-SP;;;
736705;05/12/2025;sexta-feira;20:00:00;RO;364;515;ARIQUEMES;Acessar a via sem observar a presen�a dos outros ve�culos;Colis�o lateral mesmo sentido;Com V�timas Feridas;Plena Noite;Decrescente;Nublado;Simples;Reta;N�o;2;0;1;0;1;0;1;2;-9,92312943;-63,05510256;SPRF-RO;DEL03-RO;UOP01-DEL03-RO;;;
736706;05/12/2025;sexta-feira;08:42:00;RJ;101;302;SAO GONCALO;Condutor deixou de manter dist�ncia do ve�culo da frente;Colis�o traseira;Com V�timas Feridas;Pleno dia;Decrescente;C�u Claro;Dupla;Reta;N�o;2;0;0;1;1;0;1;2;-22,78045489;-42,96598434;SPRF-RJ;DEL02-RJ;UOP02-DEL02-RJ;;;
736707;05/12/2025;sexta-feira;17:53:00;MT;364;564;NOBRES;Pista Escorregadia;Queda de ocupante de ve�culo;Sem V�timas;Plena Noite;Crescente;Garoa/Chuvisco;Dupla;Reta;N�o;1;0;0;0;0;1;0;1;-14,70394978;-56,32094175;SPRF-MT;DEL01-MT;UOP01-DEL01-MT;;;
736708;05/12/2025;sexta-feira;18:15:00;SC;470;174,4;POUSO REDONDO;Manobra de mudan�a de faixa;Colis�o lateral mesmo sentido;Com V�timas Feridas;Pleno dia;Crescente;C�u Claro;Simples;Reta;Sim;3;0;0;1;2;0;1;3;-27,25698969;-49,93428675;SPRF-SC;DEL04-SC;UOP02-DEL04-SC;;;
736709;05/12/2025;sexta-feira;23:00:00;MG;40;616,5;CONGONHAS;Demais falhas mec�nicas ou el�tricas;Colis�o traseira;Com V�timas Feridas;Plena Noite;Crescente;C�u Claro;Simples;"Aclive;Reta";N�o;4;0;2;0;2;0;2;2;-20,5543117;-43,8143427;SPRF-MG;DEL05-MG;UOP02-DEL05-MG;;;
736710;05/12/2025;sexta-feira;23:08:00;PA;230;112;MARABA;Ultrapassagem Indevida;Colis�o lateral sentido oposto;Com V�timas Feridas;Plena Noite;Decrescente;C�u Claro;Simples;Reta;Sim;2;0;1;0;0;1;1;2;-5,36812336;-49,05271713;SPRF-PA;DEL03-PA;UOP01-DEL03-PA;;;
736711;05/12/2025;sexta-feira;21:30:00;MA;316;577;CAXIAS;Transitar na contram�o;Colis�o frontal;Com V�timas Feridas;Plena Noite;Crescente;C�u Claro;Simples;Aclive;Sim;2;0;1;0;0;1;1;2;-4,948072;-43,14189;SPRF-MA;DEL03-MA;UOP02-DEL03-MA;;;
736713;05/12/2025;sexta-feira;22:30:00;RJ;101;328;RIO DE JANEIRO;Aus�ncia de rea��o do condutor;Colis�o traseira;Com V�timas Feridas;Plena Noite;Decrescente;C�u Claro;Dupla;Reta;Sim;2;0;0;1;1;0;1;2;-22,86984866;-43,18107605;SPRF-RJ;DEL02-RJ;UOP01-DEL02-RJ;;;
736716;05/12/2025;sexta-feira;20:15:00;RJ;40;57;PETROPOLIS;Condutor deixou de manter dist�ncia do ve�culo da frente;Colis�o traseira;Com V�timas Feridas;Plena Noite;Crescente;C�u Claro;Dupla;Reta;Sim;3;0;1;1;0;1;2;2;-22,3638875;-43,1278673;SPRF-RJ;DEL05-RJ;UOP02-DEL05-RJ;;;
736717;06/12/2025;s�bado;00:10:00;PB;101;107;ALHANDRA;Demais falhas mec�nicas ou el�tricas;Inc�ndio;Sem V�timas;Plena Noite;Decrescente;C�u Claro;Dupla;Reta;Sim;1;0;0;0;1;0;0;1;-7,33480101;-34,94735956;SPRF-PB;DEL01-PB;UOP01-DEL01-PB;;;
736718;06/12/2025;s�bado;00:10:00;SC;101;347,7;JAGUARUNA;Pedestre cruzava a pista fora da faixa;Atropelamento de Pedestre;Com V�timas Feridas;Plena Noite;Decrescente;Nublado;Dupla;Reta;Sim;1;0;1;0;0;0;1;1;-28,58293381;-49,04987661;SPRF-SC;DEL02-SC;UOP01-DEL02-SC;;;
736719;06/12/2025;s�bado;00:31:00;PB;230;15,8;JOAO PESSOA;Aus�ncia de rea��o do condutor;Tombamento;Com V�timas Feridas;Plena Noite;Crescente;C�u Claro;Dupla;Reta;Sim;1;0;1;0;0;0;1;1;-7,10505545;-34,84489918;SPRF-PB;DEL01-PB;UOP01-DEL01-PB;;;
736720;05/12/2025;sexta-feira;23:40:00;PA;316;145;PEIXE-BOI;Animais na Pista;Atropelamento de Animal;Com V�timas Feridas;Plena Noite;Crescente;C�u Claro;Simples;"Reta;Declive";N�o;1;0;1;0;0;0;1;1;-1,236898;-47,225533;SPRF-PA;DEL01-PA;UOP03-DEL01-PA;;;
736721;06/12/2025;s�bado;00:50:00;GO;364;76;CACHOEIRA ALTA;Animais na Pista;Atropelamento de Animal;Com V�timas Feridas;Plena Noite;Decrescente;Nublado;Simples;Curva;N�o;1;0;1;0;0;0;1;1;-18,613787;-51,038202;SPRF-GO;DEL05-GO;UOP02-DEL05-GO;;;
736724;05/12/2025;sexta-feira;22:30:00;RS;468;86,1;BOM PROGRESSO;Transitar na contram�o;Colis�o lateral sentido oposto;Com V�timas Feridas;Plena Noite;Crescente;C�u Claro;Simples;Reta;N�o;2;0;0;1;1;0;1;2;-27,571776;-53,86290837;SPRF-RS;DEL08-RS;UOP02-DEL08-RS;;;
736725;06/12/2025;s�bado;00:54:00;SP;116;125;CACAPAVA;Condutor Dormindo;Colis�o traseira;Com V�timas Feridas;Plena Noite;Decrescente;C�u Claro;Dupla;Reta;Sim;3;0;1;0;2;0;1;2;-23,09532079;-45,68108177;SPRF-SP;DEL02-SP;UOP02-DEL02-SP;;;
736728;06/12/2025;s�bado;02:00:00;MG;381;481;BETIM;Ingest�o de �lcool pelo condutor;Colis�o com objeto;Sem V�timas;Plena Noite;Decrescente;Nublado;Dupla;Viaduto;Sim;1;0;0;0;0;1;0;1;-19,95753405;-44,09301136;SPRF-MG;DEL01-MG;UOP03-DEL01-MG;;;
736729;06/12/2025;s�bado;02:20:00;SP;116;463;PARIQUERA-ACU;Objeto est�tico sobre o leito carro��vel;Queda de ocupante de ve�culo;Com V�timas Feridas;Plena Noite;Crescente;Chuva;Dupla;Reta;N�o;1;0;1;0;0;0;1;1;-24,63963125;-47,91380677;SPRF-SP;DEL05-SP;UOP01-DEL05-SP;;;
736730;05/12/2025;sexta-feira;23:50:00;AL;316;154;PALMEIRA DOS INDIOS;Acessar a via sem observar a presen�a dos outros ve�culos;Colis�o transversal;Com V�timas Feridas;Plena Noite;Decrescente;C�u Claro;Simples;Reta;N�o;2;0;1;0;1;0;1;2;-9,43055371;-36,64101415;SPRF-AL;DEL03-AL;UOP01-DEL03-AL;;;
736731;06/12/2025;s�bado;03:00:00;RS;116;231,4;ESTANCIA VELHA;Ingest�o de �lcool pelo condutor;Sa�da de leito carro��vel;Sem V�timas;Plena Noite;Crescente;C�u Claro;Simples;Curva;N�o;1;0;0;0;1;0;0;1;-29,62850748;-51,14347212;SPRF-RS;DEL01-RS;UOP02-DEL01-RS;;;
736732;06/12/2025;s�bado;02:45:00;PR;369;486,9;CORBELIA;Rea��o tardia ou ineficiente do condutor;Colis�o com objeto;Com V�timas Feridas;Plena Noite;Crescente;C�u Claro;Dupla;"Declive;Reta";Sim;1;0;1;0;0;0;1;1;-24,80855038;-53,29324167;SPRF-PR;DEL04-PR;UOP03-DEL04-PR;;;
736734;06/12/2025;s�bado;04:00:00;MG;381;506;BETIM;Aus�ncia de rea��o do condutor;Sa�da de leito carro��vel;Sem V�timas;Plena Noite;Crescente;Nublado;Dupla;Reta;N�o;1;0;0;0;0;1;0;1;-20,03621424;-44,24590766;SPRF-MG;DEL01-MG;UOP03-DEL01-MG;;;
736735;06/12/2025;s�bado;03:00:00;MG;40;50;PARACATU;Animais na Pista;Atropelamento de Animal;Sem V�timas;Plena Noite;Crescente;Garoa/Chuvisco;Simples;"Curva;Declive";N�o;4;0;0;0;4;0;0;1;-17,240397;-46,797331;SPRF-MG;DEL14-MG;UOP01-DEL14-MG;;;
736736;06/12/2025;s�bado;03:50:00;SC;101;196;BIGUACU;Velocidade Incompat�vel;Sa�da de leito carro��vel;Sem V�timas;Plena Noite;Crescente;C�u Claro;Dupla;Curva;N�o;1;0;0;0;1;0;0;1;-27,51872366;-48,63826482;SPRF-SC;DEL01-SC;UOP01-DEL01-SC;;;
736737;06/12/2025;s�bado;01:46:00;MT;70;520;VARZEA GRANDE;Acessar a via sem observar a presen�a dos outros ve�culos;Colis�o frontal;Com V�timas Feridas;Plena Noite;Crescente;Garoa/Chuvisco;Simples;Reta;N�o;2;0;1;0;1;0;1;2;-15,69883651;-56,16500527;SPRF-MT;DEL01-MT;UOP02-DEL01-MT;;;
736738;06/12/2025;s�bado;03:45:00;DF;60;22;BRASILIA;Chuva;Capotamento;Com V�timas Feridas;Plena Noite;Decrescente;Chuva;Dupla;Reta;N�o;1;0;1;0;0;0;1;1;-15,985264;-48,217922;SPRF-DF;DEL03-DF;UOP01-DEL03-DF;;;