id;data_inversa;dia_semana;horario;uf;br;km;municipio;causa_acidente;tipo_acidente;classificacao_acidente;fase_dia;sentido_via;condicao_metereologica;tipo_pista;tracado_via;uso_solo;pessoas;mortos;feridos_leves;feridos_graves;ilesos;ignorados;feridos;veiculos;latitude;longitude;regional;delegacia;uop;;;
736739;06/12/2025;s�bado;03:00:00;MS;262;377,9;TERENOS;Velocidade Incompat�vel;Sa�da de leito carro��vel;Com V�timas Feridas;Plena Noite;Crescente;Nublado;Simples;Curva;N�o;3;0;0;1;0;2;1;2;-20,474278;-54,841635;SPRF-MS;DEL01-MS;UOP03-DEL01-MS;;;
736740;06/12/2025;s�bado;03:20:00;RO;364;425,8;JARU;Ingest�o de �lcool pelo condutor;Sa�da de leito carro��vel;Com V�timas Feridas;Plena Noite;Decrescente;Chuva;M�ltipla;Reta;Sim;1;0;0;1;0;0;1;1;-10,433678;-62,477809;SPRF-RO;DEL03-RO;UOP02-DEL03-RO;;;
736741;06/12/2025;s�bado;02:00:00;MG;153;2,5;ARAPORA;Velocidade Incompat�vel;Sa�da de leito carro��vel;Com V�timas Feridas;Plena Noite;Crescente;Chuva;Dupla;"Reta;Declive";Sim;18;0;12;5;1;0;17;1;-18,4342244;-49,19069258;SPRF-MG;DEL15-MG;UOP03-DEL15-MG;;;
736742;06/12/2025;s�bado;03:55:00;SC;280;97,2;SAO BENTO DO SUL;Rea��o tardia ou ineficiente do condutor;Sa�da de leito carro��vel;Com V�timas Feridas;Amanhecer;Decrescente;C�u Claro;Simples;Curva;N�o;1;0;1;0;0;0;1;1;-26,382538;-49,324253;SPRF-SC;DEL06-SC;UOP03-DEL06-SC;;;
736743;05/12/2025;sexta-feira;22:50:00;RJ;101;324;NITEROI;Aus�ncia de rea��o do condutor;Colis�o traseira;Com V�timas Feridas;Plena Noite;Decrescente;C�u Claro;M�ltipla;Reta;Sim;2;0;1;0;1;0;1;2;-22,87301196;-43,13884735;SPRF-RJ;DEL02-RJ;UOP01-DEL02-RJ;;;
736744;06/12/2025;s�bado;05:07:00;BA;324;613;SALVADOR;Animais na Pista;Atropelamento de Animal;Com V�timas Feridas;Pleno dia;Decrescente;C�u Claro;Dupla;Reta;N�o;1;0;1;0;0;0;1;1;-12,86764104;-38,42488593;SPRF-BA;DEL01-BA;UOP01-DEL01-BA;;;
736746;06/12/2025;s�bado;00:30:00;BA;101;220;CRUZ DAS ALMAS;Pedestre andava na pista;Atropelamento de Pedestre;Com V�timas Feridas;Plena Noite;Decrescente;Ignorado;Simples;Reta;N�o;2;0;1;0;1;0;1;2;-12,6751761;-39,1350174;SPRF-BA;DEL01-BA;UOP02-DEL01-BA;;;
736748;06/12/2025;s�bado;06:00:00;CE;304;60,7;ARACATI;Condutor deixou de manter dist�ncia do ve�culo da frente;Colis�o traseira;Com V�timas Feridas;Amanhecer;Decrescente;C�u Claro;Dupla;Reta;N�o;2;0;1;1;0;0;2;2;-4,576016;-37,7316803;SPRF-CE;DEL03-CE;UOP02-DEL03-CE;;;
736750;05/12/2025;sexta-feira;20:59:00;PI;343;612;FLORIANO;Animais na Pista;Atropelamento de Animal;Com V�timas Feridas;Plena Noite;Decrescente;Nublado;Simples;Reta;N�o;1;0;0;1;0;0;1;1;-6,79737918;-43,04692179;SPRF-PI;DEL03-PI;UOP01-DEL03-PI;;;
736751;06/12/2025;s�bado;04:15:00;SP;116;226;GUARULHOS;Aus�ncia de rea��o do condutor;Colis�o com objeto;Sem V�timas;Pleno dia;Crescente;C�u Claro;M�ltipla;Reta;Sim;1;0;0;0;0;1;0;1;-23,49461435;-46,5541859;SPRF-SP;DEL01-SP;UOP01-DEL01-SP;;;
736752;06/12/2025;s�bado;04:30:00;MG;262;422,4;SAO GONCALO DO PARA;Condutor Dormindo;Sa�da de leito carro��vel;Com V�timas Feridas;Amanhecer;Decrescente;C�u Claro;Dupla;"Reta;Declive";N�o;1;0;0;1;0;0;1;1;-19,89076447;-44,83573442;SPRF-MG;DEL08-MG;UOP03-DEL08-MG;;;
736753;06/12/2025;s�bado;06:40:00;SP;381;66;MAIRIPORA;Rea��o tardia ou ineficiente do condutor;Colis�o traseira;Com V�timas Feridas;Pleno dia;Decrescente;Sol;Dupla;Reta;Sim;2;0;1;0;0;1;1;2;-23,31958764;-46,58247149;SPRF-SP;DEL03-SP;UOP01-DEL03-SP;;;
736754;06/12/2025;s�bado;03:00:00;SP;381;37;ATIBAIA;Aus�ncia de rea��o do condutor;Tombamento;Com V�timas Feridas;Plena Noite;Crescente;C�u Claro;M�ltipla;"Curva;Declive";N�o;1;0;1;0;0;0;1;1;-23,10318766;-46,56860805;SPRF-SP;DEL03-SP;UOP01-DEL03-SP;;;
736755;06/12/2025;s�bado;06:50:00;BA;324;605;SIMOES FILHO;Demais falhas mec�nicas ou el�tricas;Queda de ocupante de ve�culo;Com V�timas Feridas;Pleno dia;Decrescente;C�u Claro;Dupla;Reta;Sim;2;0;2;0;0;0;2;1;-12,794318;-38,4026796;SPRF-BA;DEL01-BA;UOP01-DEL01-BA;;;
736756;05/12/2025;sexta-feira;08:25:00;SC;101;332;TUBARAO;Avarias e/ou desgaste excessivo no pneu;Queda de ocupante de ve�culo;Com V�timas Feridas;Pleno dia;Decrescente;C�u Claro;M�ltipla;"Aclive;Curva";Sim;2;0;2;0;0;0;2;1;-28,465851;-48,99574;SPRF-SC;DEL02-SC;UOP01-DEL02-SC;;;
736758;05/12/2025;sexta-feira;20:10:00;RR;174;446;MUCAJAI;Acessar a via sem observar a presen�a dos outros ve�culos;Colis�o frontal;Com V�timas Fatais;Plena Noite;Crescente;C�u Claro;Simples;Reta;Sim;2;1;0;0;1;0;0;2;2,43530473;-60,9190312;SPRF-RR;DEL01-RR;UOP01-DEL01-RR;;;
736760;06/12/2025;s�bado;06:20:00;MG;40;590,1;ITABIRITO;Aus�ncia de rea��o do condutor;Sa�da de leito carro��vel;Com V�timas Feridas;Pleno dia;Decrescente;Sol;Dupla;"Declive;Curva";N�o;1;0;1;0;0;0;1;1;-20,3708957;-43,9109047;SPRF-MG;DEL01-MG;UOP02-DEL01-MG;;;
736761;05/12/2025;sexta-feira;21:00:00;MA;226;159,4;GOVERNADOR EUGENIO BARROS;Transitar na contram�o;Colis�o frontal;Com V�timas Fatais;Plena Noite;Decrescente;C�u Claro;Simples;Reta;N�o;3;1;0;0;2;0;0;2;-5,360492;-44,131572;SPRF-MA;DEL06-MA;UOP01-DEL06-MA;;;
736762;06/12/2025;s�bado;07:20:00;PR;277;719,6;FOZ DO IGUACU;Aus�ncia de rea��o do condutor;Sa�da de leito carro��vel;Com V�timas Feridas;Pleno dia;Crescente;C�u Claro;Dupla;"Reta;Aclive";N�o;2;0;2;0;0;0;2;2;-25,4807146;-54,4868728;SPRF-PR;DEL05-PR;UOP03-DEL05-PR;;;
736763;06/12/2025;s�bado;07:55:00;SC;101;204,5;SAO JOSE;Aus�ncia de rea��o do condutor;Queda de ocupante de ve�culo;Com V�timas Feridas;Pleno dia;Crescente;C�u Claro;M�ltipla;Reta;Sim;2;0;1;0;1;0;1;2;-27,57622144;-48,61340459;SPRF-SC;DEL01-SC;UOP01-DEL01-SC;;;
736764;06/12/2025;s�bado;07:05:00;SP;153;92,6;JACI;Demais falhas mec�nicas ou el�tricas;Tombamento;Com V�timas Feridas;Pleno dia;Crescente;C�u Claro;Dupla;Reta;N�o;2;0;2;0;0;0;2;1;-20,965219;-49,581633;SPRF-SP;DEL09-SP;UOP01-DEL09-SP;;;
736768;06/12/2025;s�bado;04:42:00;RJ;116;141;DUQUE DE CAXIAS;Rea��o tardia ou ineficiente do condutor;Atropelamento de Pedestre;Com V�timas Feridas;Amanhecer;Crescente;Nublado;Dupla;Reta;Sim;3;0;2;0;1;0;2;2;-22,648958;-43,231443;SPRF-RJ;DEL01-RJ;UOP02-DEL01-RJ;;;
736769;06/12/2025;s�bado;07:45:00;PR;376;181,2;MARINGA;Rea��o tardia ou ineficiente do condutor;Colis�o traseira;Sem V�timas;Pleno dia;Crescente;Sol;Dupla;Reta;Sim;2;0;0;0;2;0;0;2;-23,428226;-51,893831;SPRF-PR;DEL09-PR;UOP01-DEL09-PR;;;
736772;06/12/2025;s�bado;07:45:00;GO;60;2;SANTO ANTONIO DO DESCOBERTO;Chuva;Capotamento;Com V�timas Feridas;Amanhecer;Crescente;Chuva;Dupla;"Aclive;Curva";N�o;3;0;2;0;1;0;2;1;-16,070317;-48,264962;SPRF-DF;DEL03-DF;UOP01-DEL03-DF;;;
736773;06/12/2025;s�bado;08:00:00;RS;116;229;DOIS IRMAOS;Demais falhas mec�nicas ou el�tricas;Inc�ndio;Sem V�timas;Pleno dia;Decrescente;Sol;Simples;"Declive;Reta";Sim;2;0;0;0;2;0;0;1;-29,61910641;-51,12195007;SPRF-RS;DEL01-RS;UOP02-DEL01-RS;;;
736776;28/11/2025;sexta-feira;20:00:00;MG;381;493;BETIM;Rea��o tardia ou ineficiente do condutor;Tombamento;Com V�timas Feridas;Plena Noite;Decrescente;C�u Claro;Dupla;Reta;N�o;1;0;1;0;0;0;1;1;-19,96366832;-44,16881561;SPRF-MG;DEL01-MG;UOP03-DEL01-MG;;;
736778;06/12/2025;s�bado;03:00:00;RJ;465;4;SEROPEDICA;Aus�ncia de rea��o do condutor;Capotamento;Sem V�timas;Plena Noite;Crescente;C�u Claro;Simples;Reta;Sim;1;0;0;0;0;1;0;1;-22,72541408;-43,65584125;SPRF-RJ;DEL06-RJ;UOP02-DEL06-RJ;;;
736781;06/12/2025;s�bado;08:00:00;RJ;101;329;RIO DE JANEIRO;Aus�ncia de rea��o do condutor;Engavetamento;Com V�timas Feridas;Pleno dia;Crescente;C�u Claro;Dupla;Reta;Sim;5;0;1;0;4;0;1;3;-22,868781;-43,180052;SPRF-RJ;DEL02-RJ;UOP01-DEL02-RJ;;;
736782;06/12/2025;s�bado;06:15:00;PR;163;117,2;CASCAVEL;Aus�ncia de rea��o do condutor;Sa�da de leito carro��vel;Com V�timas Feridas;Amanhecer;Decrescente;C�u Claro;Dupla;"Curva;Declive";N�o;2;0;1;0;1;0;1;1;-24,867949;-53,568401;SPRF-PR;DEL02-PR;UOP02-DEL02-PR;;;
736784;06/12/2025;s�bado;08:45:00;RJ;393;275;BARRA DO PIRAI;Aus�ncia de rea��o do condutor;Colis�o traseira;Com V�timas Feridas;Pleno dia;Decrescente;C�u Claro;Simples;Reta;N�o;2;0;1;0;1;0;1;2;-22,4754884;-44,00276391;SPRF-RJ;DEL05-RJ;UOP04-DEL05-RJ;;;
736787;05/09/2025;sexta-feira;08:10:00;PR;376;174,1;MARINGA;Desrespeitar a prefer�ncia no cruzamento;Colis�o transversal;Com V�timas Feridas;Pleno dia;Crescente;Sol;Dupla;Retorno Regulamentado;Sim;2;0;0;1;1;0;1;2;-23,41735083;-51,95863573;SPRF-PR;DEL09-PR;UOP01-DEL09-PR;;;
736790;06/12/2025;s�bado;08:00:00;PE;101;125,7;ESCADA;Velocidade Incompat�vel;Queda de ocupante de ve�culo;Com V�timas Feridas;Pleno dia;Crescente;C�u Claro;Dupla;Reta;Sim;1;0;0;1;0;0;1;1;-8,36685;-35,22556;SPRF-PE;DEL01-PE;UOP03-DEL01-PE;;;
736792;06/12/2025;s�bado;09:00:00;PR;116;116;CURITIBA;Manobra de mudan�a de faixa;Colis�o lateral mesmo sentido;Com V�timas Feridas;Pleno dia;Decrescente;C�u Claro;Dupla;Reta;Sim;2;0;1;0;1;0;1;2;-25,55599;-49,305893;SPRF-PR;DEL01-PR;UOP03-DEL01-PR;;;
736794;06/12/2025;s�bado;09:30:00;RJ;101;473;ANGRA DOS REIS;Acessar a via sem observar a presen�a dos outros ve�culos;Colis�o traseira;Com V�timas Feridas;Pleno dia;Crescente;C�u Claro;Dupla;Reta;N�o;3;0;2;0;1;0;2;2;-22,9896101;-44,2417787;SPRF-RJ;DEL03-RJ;UOP03-DEL03-RJ;;;
736795;06/12/2025;s�bado;08:48:00;PR;116;115;CURITIBA;Rea��o tardia ou ineficiente do condutor;Colis�o lateral mesmo sentido;Com V�timas Feridas;Pleno dia;Decrescente;Sol;M�ltipla;Reta;Sim;2;0;1;0;1;0;1;2;-25,5487741;-49,3042255;SPRF-PR;DEL01-PR;UOP03-DEL01-PR;;;
736796;06/12/2025;s�bado;09:45:00;RS;116;258;ESTEIO;Rea��o tardia ou ineficiente do condutor;Colis�o traseira;Com V�timas Feridas;Pleno dia;Crescente;C�u Claro;M�ltipla;"Aclive;Viaduto";Sim;2;0;1;0;1;0;1;2;-29,84786535;-51,17910147;SPRF-RS;DEL01-RS;UOP02-DEL01-RS;;;
736797;06/12/2025;s�bado;09:25:00;PR;277;334;GUARAPUAVA;Condutor deixou de manter dist�ncia do ve�culo da frente;Colis�o traseira;Sem V�timas;Pleno dia;Decrescente;C�u Claro;Simples;Curva;N�o;2;0;0;0;2;0;0;2;-25,36574363;-51,34923935;SPRF-PR;DEL08-PR;UOP01-DEL08-PR;;;
736798;06/12/2025;s�bado;08:45:00;MG;50;29;ARAGUARI;Aus�ncia de rea��o do condutor;Colis�o traseira;Sem V�timas;Pleno dia;Decrescente;Chuva;Dupla;"Reta;Declive";N�o;2;0;0;0;2;0;0;2;-18,61636849;-48,11679957;SPRF-MG;DEL15-MG;UOP02-DEL15-MG;;;
736799;06/12/2025;s�bado;08:00:00;RJ;116;188;NOVA IGUACU;Demais falhas mec�nicas ou el�tricas;Queda de ocupante de ve�culo;Com V�timas Feridas;Pleno dia;Decrescente;C�u Claro;Dupla;Reta;Sim;2;0;2;0;0;0;2;1;-22,7377744;-43,48887563;SPRF-RJ;DEL06-RJ;UOP01-DEL06-RJ;;;
736802;06/12/2025;s�bado;08:40:00;MG;365;33,8;MONTES CLAROS;Velocidade Incompat�vel;Sa�da de leito carro��vel;Com V�timas Feridas;Pleno dia;Crescente;Chuva;Simples;Curva;N�o;3;0;2;1;0;0;3;1;-16,85416;-44,11516;SPRF-MG;DEL12-MG;UOP01-DEL12-MG;;;
736804;06/12/2025;s�bado;09:05:00;SC;280;29,6;ARAQUARI;Acessar a via sem observar a presen�a dos outros ve�culos;Colis�o transversal;Com V�timas Feridas;Pleno dia;Decrescente;Sol;Simples;Reta;N�o;2;0;1;0;1;0;1;2;-26,413098;-48,758282;SPRF-SC;DEL03-SC;UOP03-DEL03-SC;;;
736805;06/12/2025;s�bado;09:07:00;RJ;101;504;ANGRA DOS REIS;Aus�ncia de rea��o do condutor;Colis�o frontal;Com V�timas Feridas;Pleno dia;Decrescente;Sol;Simples;Reta;Sim;3;0;1;0;2;0;1;3;-22,93269;-44,392521;SPRF-RJ;DEL03-RJ;UOP03-DEL03-RJ;;;
736806;06/12/2025;s�bado;11:00:00;MG;50;39;ARAGUARI;Animais na Pista;Tombamento;Com V�timas Feridas;Pleno dia;Crescente;Garoa/Chuvisco;Simples;Reta;Sim;1;0;0;1;0;0;1;1;-18,66489;-48,171531;SPRF-MG;DEL15-MG;UOP02-DEL15-MG;;;
736807;06/12/2025;s�bado;11:04:00;ES;259;56;COLATINA;Demais falhas mec�nicas ou el�tricas;Queda de ocupante de ve�culo;Com V�timas Feridas;Pleno dia;Crescente;C�u Claro;Simples;Reta;N�o;1;0;1;0;0;0;1;1;-19,49728877;-40,64565003;SPRF-ES;DEL02-ES;UOP01-DEL02-ES;;;
736808;06/12/2025;s�bado;10:50:00;SP;116;99;PINDAMONHANGABA;Trafegar com motocicleta (ou similar) entre as faixas;Colis�o lateral mesmo sentido;Com V�timas Feridas;Pleno dia;Decrescente;C�u Claro;Dupla;Reta;N�o;2;0;1;0;1;0;1;2;-22,9806;-45,4609;SPRF-SP;DEL08-SP;UOP01-DEL08-SP;;;
736809;06/12/2025;s�bado;11:40:00;ES;101;298,4;VIANA;Aus�ncia de rea��o do condutor;Tombamento;Com V�timas Feridas;Pleno dia;Decrescente;C�u Claro;M�ltipla;Reta;Sim;1;0;1;0;0;0;1;1;-20,35572412;-40,41733788;SPRF-ES;DEL01-ES;UOP01-DEL01-ES;;;
736810;06/12/2025;s�bado;06:45:00;SC;282;3,5;FLORIANOPOLIS;Aus�ncia de rea��o do condutor;Queda de ocupante de ve�culo;Com V�timas Feridas;Pleno dia;Crescente;C�u Claro;M�ltipla;Curva;Sim;1;0;1;0;0;0;1;1;-27,59334329;-48,6024305;SPRF-SC;DEL01-SC;UOP01-DEL01-SC;;;
736811;06/12/2025;s�bado;03:30:00;CE;230;80;VARZEA ALEGRE;Transitar no Acostamento;Atropelamento de Pedestre;Com V�timas Fatais;Plena Noite;Decrescente;C�u Claro;Simples;Reta;Sim;4;2;1;0;0;1;1;2;-6,79258883;-39,30775015;SPRF-CE;DEL05-CE;UOP01-DEL05-CE;;;
736812;06/12/2025;s�bado;09:08:00;AC;364;138;RIO BRANCO;Manobra de mudan�a de faixa;Colis�o transversal;Com V�timas Feridas;Pleno dia;Crescente;C�u Claro;Dupla;Reta;Sim;3;0;3;0;0;0;3;2;-9,95503789;-67,85987009;SPRF-AC;DEL01-AC;UOP01-DEL01-AC;;;
736813;06/12/2025;s�bado;11:25:00;SC;101;267,7;IMBITUBA;Aus�ncia de rea��o do condutor;Colis�o com objeto;Com V�timas Feridas;Pleno dia;Crescente;C�u Claro;M�ltipla;Reta;N�o;1;0;1;0;0;0;1;1;-28,0870819;-48,71067985;SPRF-SC;DEL02-SC;UOP03-DEL02-SC;;;
736816;06/12/2025;s�bado;11:40:00;PR;369;472,3;CORBELIA;Rea��o tardia ou ineficiente do condutor;Sa�da de leito carro��vel;Com V�timas Feridas;Pleno dia;Crescente;C�u Claro;Simples;Curva;N�o;1;0;0;1;0;0;1;1;-24,794421;-53,293326;SPRF-PR;DEL04-PR;UOP03-DEL04-PR;;;
736817;06/12/2025;s�bado;11:10:00;SC;101;157,7;PORTO BELO;Convers�o proibida;Atropelamento de Pedestre;Com V�timas Feridas;Pleno dia;Decrescente;Nublado;M�ltipla;Reta;N�o;2;0;0;1;1;0;1;2;-27,18507786;-48,61218452;SPRF-SC;DEL04-SC;UOP03-DEL04-SC;;;
736819;16/11/2025;domingo;19:38:00;GO;40;22;LUZIANIA;Condutor deixou de manter dist�ncia do ve�culo da frente;Colis�o traseira;Com V�timas Feridas;Plena Noite;Decrescente;Ignorado;Dupla;Reta;Sim;3;0;1;0;1;1;1;2;-16,22783;-47,9137;SPRF-DF;DEL01-DF;UOP01-DEL01-DF;;;
736820;06/12/2025;s�bado;12:15:00;SP;153;70;SAO JOSE DO RIO PRETO;Aus�ncia de rea��o do condutor;Colis�o com objeto;Com V�timas Feridas;Pleno dia;Crescente;Nublado;Dupla;"Viaduto;Reta";Sim;1;0;1;0;0;0;1;1;-20,85591484;-49,40521972;SPRF-SP;DEL09-SP;UOP01-DEL09-SP;;;
736822;06/12/2025;s�bado;11:55:00;RN;101;97;NATAL;Velocidade Incompat�vel;Queda de ocupante de ve�culo;Com V�timas Feridas;Pleno dia;Decrescente;C�u Claro;Dupla;Viaduto;Sim;1;0;1;0;0;0;1;1;-5,860144;-35,213965;SPRF-RN;DEL01-RN;UOP01-DEL01-RN;;;
736824;06/12/2025;s�bado;13:00:00;MG;381;379;SAO GONCALO DO RIO ABAIXO;Velocidade Incompat�vel;Colis�o com objeto;Com V�timas Feridas;Pleno dia;Crescente;C�u Claro;Simples;Curva;N�o;1;0;1;0;0;0;1;1;-19,821646;-43,388113;SPRF-MG;DEL01-MG;UOP01-DEL01-MG;;;
736826;06/12/2025;s�bado;13:00:00;RS;290;91;PORTO ALEGRE;Acesso irregular;Colis�o lateral mesmo sentido;Sem V�timas;Pleno dia;Crescente;C�u Claro;Dupla;Reta;Sim;2;0;0;0;2;0;0;2;-29,9699947;-51,1711949;SPRF-RS;DEL01-RS;UOP01-DEL01-RS;;;
736827;06/12/2025;s�bado;13:15:00;SC;101;119;ITAJAI;Aus�ncia de rea��o do condutor;Colis�o lateral mesmo sentido;Com V�timas Feridas;Pleno dia;Crescente;Sol;Dupla;Reta;N�o;3;0;1;0;1;1;1;3;-26,90643128;-48,71464189;SPRF-SC;DEL04-SC;UOP04-DEL04-SC;;;
736828;06/12/2025;s�bado;13:00:00;GO;60;393;RIO VERDE;Demais falhas mec�nicas ou el�tricas;Inc�ndio;Sem V�timas;Pleno dia;Crescente;Nublado;Dupla;"Reta;Aclive";N�o;1;0;0;0;1;0;0;1;-17,82354975;-50,99269867;SPRF-GO;DEL04-GO;UOP02-DEL04-GO;;;
736832;06/12/2025;s�bado;09:15:00;MG;381;148,6;GOVERNADOR VALADARES;Aus�ncia de rea��o do condutor;Sa�da de leito carro��vel;Com V�timas Feridas;Pleno dia;Decrescente;Nublado;Simples;Reta;N�o;4;0;4;0;0;0;4;1;-18,8644188;-41,98867589;SPRF-MG;DEL06-MG;UOP01-DEL06-MG;;;
736833;06/12/2025;s�bado;12:20:00;MT;70;3;BARRA DO GARCAS;Aus�ncia de rea��o do condutor;Colis�o traseira;Com V�timas Feridas;Pleno dia;Decrescente;Nublado;Dupla;Reta;N�o;2;0;1;0;1;0;1;2;-15,8725272;-52,3855291;SPRF-MT;DEL07-MT;UOP01-DEL07-MT;;;
736834;06/12/2025;s�bado;14:00:00;SC;101;216;PALHOCA;Ingest�o de �lcool pelo condutor;Colis�o lateral mesmo sentido;Com V�timas Feridas;Pleno dia;Crescente;C�u Claro;M�ltipla;"Declive;Reta";Sim;3;0;1;0;1;1;1;3;-27,6583717;-48,67813317;SPRF-SC;DEL01-SC;UOP02-DEL01-SC;;;
736835;06/12/2025;s�bado;14:00:00;PI;343;40,9;BURITI DOS LOPES;Ultrapassagem Indevida;Colis�o traseira;Com V�timas Feridas;Pleno dia;Crescente;Sol;Simples;Reta;N�o;3;0;3;0;0;0;3;2;-3,16098792;-41,81863189;SPRF-PI;DEL05-PI;UOP01-DEL05-PI;;;
736836;06/12/2025;s�bado;08:20:00;SC;280;91;RIO NEGRINHO;Aus�ncia de rea��o do condutor;Colis�o com objeto;Com V�timas Feridas;Pleno dia;Crescente;Sol;Simples;"Aclive;Reta";N�o;1;0;1;0;0;0;1;1;-26,2616979;-49,5485302;SPRF-SC;DEL06-SC;UOP03-DEL06-SC;;;
736837;06/12/2025;s�bado;12:15:00;SC;101;174,8;BIGUACU;Manobra de mudan�a de faixa;Capotamento;Com V�timas Feridas;Pleno dia;Crescente;C�u Claro;Dupla;Reta;N�o;4;0;2;0;2;0;2;1;-27,338864;-48,627313;SPRF-SC;DEL01-SC;UOP01-DEL01-SC;;;
736838;06/12/2025;s�bado;08:00:00;MT;163;539;DIAMANTINO;Pista Escorregadia;Sa�da de leito carro��vel;Com V�timas Feridas;Pleno dia;Crescente;Chuva;Dupla;Curva;N�o;1;0;1;0;0;0;1;1;-14,303205;-56,14025;SPRF-MT;DEL01-MT;UOP01-DEL01-MT;;;
736840;06/12/2025;s�bado;13:30:00;SC;101;98;BALNEARIO PICARRAS;Rea��o tardia ou ineficiente do condutor;Sa�da de leito carro��vel;Com V�timas Feridas;Pleno dia;Decrescente;C�u Claro;Dupla;Reta;N�o;1;0;1;0;0;0;1;1;-26,743;-48,697;SPRF-SC;DEL03-SC;UOP02-DEL03-SC;;;
736841;06/12/2025;s�bado;13:25:00;PB;230;103,8;MOGEIRO;Demais falhas mec�nicas ou el�tricas;Inc�ndio;Sem V�timas;Pleno dia;Crescente;Sol;Dupla;Reta;N�o;1;0;0;0;1;0;0;1;-7,20696819;-35,52177327;SPRF-PB;DEL01-PB;UOP02-DEL01-PB;;;
736842;06/12/2025;s�bado;10:45:00;MG;116;413,9;GOVERNADOR VALADARES;Condutor deixou de manter dist�ncia do ve�culo da frente;Colis�o traseira;Com V�timas Feridas;Pleno dia;Decrescente;C�u Claro;Simples;Ponte;N�o;3;0;2;0;1;0;2;3;-18,88363119;-41,95094973;SPRF-MG;DEL06-MG;UOP01-DEL06-MG;;;
736843;06/12/2025;s�bado;11:06:00;RJ;101;147,3;MACAE;Ultrapassagem Indevida;Colis�o frontal;Com V�timas Feridas;Pleno dia;Decrescente;Sol;Simples;Curva;N�o;4;0;0;4;0;0;4;2;-22,23064191;-41,77860207;SPRF-RJ;DEL08-RJ;UOP04-DEL08-RJ;;;
736844;06/12/2025;s�bado;13:40:00;SC;101;202;SAO JOSE;Aus�ncia de rea��o do condutor;Queda de ocupante de ve�culo;Com V�timas Feridas;Pleno dia;Decrescente;C�u Claro;M�ltipla;Reta;Sim;1;0;0;1;0;0;1;1;-27,55957;-48,617448;SPRF-SC;DEL01-SC;UOP01-DEL01-SC;;;
736845;06/12/2025;s�bado;14:15:00;RJ;116;185;NOVA IGUACU;Manobra de mudan�a de faixa;Colis�o lateral mesmo sentido;Com V�timas Feridas;Pleno dia;Decrescente;C�u Claro;M�ltipla;Reta;Sim;2;0;2;0;0;0;2;1;-22,74221967;-43,45262021;SPRF-RJ;DEL06-RJ;UOP01-DEL06-RJ;;;
736846;06/12/2025;s�bado;14:05:00;PR;376;34,9;NOVA LONDRINA;Acessar a via sem observar a presen�a dos outros ve�culos;Colis�o transversal;Com V�timas Feridas;Pleno dia;Decrescente;Sol;Simples;"Interse��o de Vias;Retorno Regulamentado;Reta";N�o;4;0;2;0;2;0;2;2;-22,80234306;-52,99958881;SPRF-PR;DEL09-PR;UOP02-DEL09-PR;;;
736847;06/12/2025;s�bado;15:15:00;GO;40;2;VALPARAISO DE GOIAS;Acessar a via sem observar a presen�a dos outros ve�culos;Colis�o transversal;Com V�timas Feridas;Pleno dia;Crescente;Nublado;Dupla;"Retorno Regulamentado;Reta";Sim;2;0;1;0;1;0;1;2;-16,07451;-47,98547;SPRF-DF;DEL01-DF;UOP01-DEL01-DF;;;
736849;06/12/2025;s�bado;15:00:00;RS;116;262;CANOAS;Rea��o tardia ou ineficiente do condutor;Tombamento;Com V�timas Feridas;Pleno dia;Crescente;C�u Claro;M�ltipla;Reta;Sim;2;0;2;0;0;0;2;1;-29,89947978;-51,17650509;SPRF-RS;DEL01-RS;UOP01-DEL01-RS;;;
736852;06/12/2025;s�bado;10:00:00;GO;364;202;JATAI;Aus�ncia de rea��o do condutor;Colis�o com objeto;Sem V�timas;Pleno dia;Crescente;C�u Claro;Simples;Reta;N�o;1;0;0;0;0;1;0;1;-17,9102671;-51,77478612;SPRF-GO;DEL05-GO;UOP01-DEL05-GO;;;
736853;06/12/2025;s�bado;14:00:00;PI;343;342;TERESINA;Acessar a via sem observar a presen�a dos outros ve�culos;Colis�o transversal;Com V�timas Feridas;Pleno dia;Decrescente;C�u Claro;Simples;Rotat�ria;Sim;2;0;1;0;1;0;1;2;-5,08282427;-42,75023651;SPRF-PI;DEL01-PI;UOP01-DEL01-PI;;;
736854;06/12/2025;s�bado;15:30:00;MG;365;82,1;JEQUITAI;Chuva;Sa�da de leito carro��vel;Com V�timas Feridas;Pleno dia;Decrescente;Chuva;Simples;Reta;N�o;2;0;0;1;1;0;1;1;-17,1622326;-44,3705235;SPRF-MG;DEL12-MG;UOP01-DEL12-MG;;;
736856;06/12/2025;s�bado;11:50:00;RJ;101;295;ITABORAI;Trafegar com motocicleta (ou similar) entre as faixas;Colis�o lateral mesmo sentido;Com V�timas Feridas;Pleno dia;Decrescente;C�u Claro;Dupla;Reta;Sim;3;0;2;0;1;0;2;2;-22,76721343;-42,91245667;SPRF-RJ;DEL02-RJ;UOP02-DEL02-RJ;;;
736857;06/12/2025;s�bado;14:25:00;MT;163;119,3;RONDONOPOLIS;Avarias e/ou desgaste excessivo no pneu;Colis�o com objeto;Com V�timas Feridas;Pleno dia;Crescente;Garoa/Chuvisco;Dupla;Curva;Sim;1;0;1;0;0;0;1;1;-16,49199968;-54,64686549;SPRF-MT;DEL02-MT;UOP01-DEL02-MT;;;
736858;06/12/2025;s�bado;12:40:00;PR;277;487,4;NOVA LARANJEIRAS;Velocidade Incompat�vel;Colis�o com objeto;Com V�timas Feridas;Pleno dia;Decrescente;C�u Claro;Simples;Curva;N�o;2;0;2;0;0;0;2;1;-25,257988;-52,628109;SPRF-PR;DEL04-PR;UOP02-DEL04-PR;;;