id;data_inversa;dia_semana;horario;uf;br;km;municipio;causa_acidente;tipo_acidente;classificacao_acidente;fase_dia;sentido_via;condicao_metereologica;tipo_pista;tracado_via;uso_solo;pessoas;mortos;feridos_leves;feridos_graves;ilesos;ignorados;feridos;veiculos;latitude;longitude;regional;delegacia;uop;;;
736859;06/12/2025;s�bado;15:55:00;GO;153;534,8;HIDROLANDIA;Aus�ncia de rea��o do condutor;Sa�da de leito carro��vel;Com V�timas Fatais;Pleno dia;Crescente;Nublado;Dupla;Reta;N�o;2;2;0;0;0;0;0;1;-17,00097557;-49,22364084;SPRF-GO;DEL01-GO;UOP03-DEL01-GO;;;
736861;06/12/2025;s�bado;14:50:00;RS;472;641,5;BARRA DO QUARAI;Acumulo de areia ou detritos sobre o pavimento;Sa�da de leito carro��vel;Com V�timas Feridas;Pleno dia;Crescente;C�u Claro;Simples;Reta;N�o;2;0;1;0;1;0;1;1;-30,193351;-57,483763;SPRF-RS;DEL13-RS;UOP01-DEL13-RS;;;
736862;06/12/2025;s�bado;15:50:00;MG;262;360;BETIM;Manobra de mudan�a de faixa;Colis�o lateral mesmo sentido;Com V�timas Feridas;Pleno dia;Crescente;C�u Claro;Dupla;Reta;N�o;2;0;1;0;1;0;1;2;-19,97477512;-44,2613825;SPRF-MG;DEL01-MG;UOP03-DEL01-MG;;;
736863;06/12/2025;s�bado;16:30:00;SP;381;82;SAO PAULO;Demais falhas na via;Tombamento;Com V�timas Fatais;Pleno dia;Decrescente;C�u Claro;Dupla;"Em Obras;Reta";Sim;1;1;0;0;0;0;0;1;-23,42402038;-46,57548124;SPRF-SP;DEL03-SP;UOP01-DEL03-SP;;;
736864;06/12/2025;s�bado;11:00:00;RN;406;166;SAO GONCALO DO AMARANTE;Ingest�o de �lcool pelo condutor;Sa�da de leito carro��vel;Com V�timas Feridas;Pleno dia;Crescente;C�u Claro;Dupla;"Viaduto;Curva";N�o;1;0;0;1;0;0;1;1;-5,74445584;-35,33478785;SPRF-RN;DEL02-RN;UOP01-DEL02-RN;;;
736865;06/12/2025;s�bado;16:15:00;SC;101;126;ITAJAI;Aus�ncia de rea��o do condutor;Colis�o traseira;Com V�timas Feridas;Pleno dia;Crescente;Sol;Dupla;Reta;N�o;2;0;1;0;1;0;1;2;-26,96155805;-48,68186681;SPRF-SC;DEL04-SC;UOP04-DEL04-SC;;;
736866;06/12/2025;s�bado;16:30:00;PI;343;589;FLORIANO;Aus�ncia de rea��o do condutor;Sa�da de leito carro��vel;Com V�timas Feridas;Pleno dia;Crescente;C�u Claro;Dupla;Reta;N�o;1;0;0;1;0;0;1;1;-6,78084368;-43,01267624;SPRF-PI;DEL03-PI;UOP01-DEL03-PI;;;
736868;06/12/2025;s�bado;15:30:00;MG;267;19,9;LEOPOLDINA;Transitar na contram�o;Colis�o frontal;Com V�timas Feridas;Pleno dia;Crescente;C�u Claro;Simples;Reta;N�o;7;0;3;0;4;0;3;2;-21,589229;-42,77651;SPRF-MG;DEL07-MG;UOP01-DEL07-MG;;;
736869;06/12/2025;s�bado;15:20:00;MG;356;266,9;MURIAE;Acessar a via sem observar a presen�a dos outros ve�culos;Colis�o transversal;Com V�timas Feridas;Pleno dia;Decrescente;C�u Claro;Simples;"Reta;Interse��o de Vias";Sim;2;0;1;0;1;0;1;2;-21,12766384;-42,35775808;SPRF-MG;DEL07-MG;UOP02-DEL07-MG;;;
736871;06/12/2025;s�bado;10:40:00;ES;101;65,9;SAO MATEUS;Demais falhas mec�nicas ou el�tricas;Colis�o traseira;Com V�timas Feridas;Pleno dia;Crescente;Garoa/Chuvisco;M�ltipla;Reta;Sim;2;0;1;0;1;0;1;2;-18,716065;-39,87591;SPRF-ES;DEL04-ES;UOP02-DEL04-ES;;;
736872;06/12/2025;s�bado;12:00:00;SC;282;0,4;FLORIANOPOLIS;Condutor deixou de manter dist�ncia do ve�culo da frente;Colis�o traseira;Com V�timas Feridas;Pleno dia;Decrescente;C�u Claro;M�ltipla;Reta;N�o;3;0;2;0;1;0;2;2;-27,599819;-48,575786;SPRF-SC;DEL01-SC;UOP01-DEL01-SC;;;
736873;06/12/2025;s�bado;14:30:00;RJ;40;73,8;PETROPOLIS;Acessar a via sem observar a presen�a dos outros ve�culos;Colis�o transversal;Com V�timas Feridas;Pleno dia;Crescente;C�u Claro;Dupla;Curva;Sim;5;0;3;0;2;0;3;2;-22,472118;-43,22292;SPRF-RJ;DEL01-RJ;UOP01-DEL01-RJ;;;
736874;06/12/2025;s�bado;16:25:00;PR;277;587,1;CASCAVEL;Aus�ncia de rea��o do condutor;Sa�da de leito carro��vel;Com V�timas Feridas;Pleno dia;Crescente;Sol;M�ltipla;Interse��o de Vias;Sim;1;0;1;0;0;0;1;1;-24,96420902;-53,40797994;SPRF-PR;DEL04-PR;UOP01-DEL04-PR;;;
736875;06/12/2025;s�bado;09:00:00;MT;163;533;DIAMANTINO;Aus�ncia de rea��o do condutor;Sa�da de leito carro��vel;Sem V�timas;Pleno dia;Decrescente;Chuva;Dupla;Curva;N�o;1;0;0;0;0;1;0;1;-14,354;-56,150879;SPRF-MT;DEL01-MT;UOP01-DEL01-MT;;;
736876;06/12/2025;s�bado;16:30:00;ES;101;145,9;LINHARES;Ingest�o de �lcool pelo condutor;Colis�o traseira;Sem V�timas;Pleno dia;Crescente;Chuva;M�ltipla;"Reta;Declive";Sim;4;0;0;0;4;0;0;3;-19,39664287;-40,06435848;SPRF-ES;DEL04-ES;UOP01-DEL04-ES;;;
736877;06/12/2025;s�bado;16:40:00;ES;101;148,1;LINHARES;Demais falhas mec�nicas ou el�tricas;Colis�o com objeto;Sem V�timas;Pleno dia;Decrescente;Nublado;Dupla;Reta;Sim;1;0;0;0;1;0;0;1;-19,37338;-40,0688415;SPRF-ES;DEL04-ES;UOP01-DEL04-ES;;;
736878;06/12/2025;s�bado;17:53:00;SP;116;181;GUARAREMA;Rea��o tardia ou ineficiente do condutor;Colis�o com objeto;Com V�timas Feridas;Anoitecer;Decrescente;C�u Claro;Dupla;Curva;N�o;2;0;2;0;0;0;2;1;-23,34182968;-46,15553546;SPRF-SP;DEL01-SP;UOP01-DEL01-SP;;;
736880;06/12/2025;s�bado;17:50:00;RS;116;144;CAXIAS DO SUL;Aus�ncia de rea��o do condutor;Colis�o traseira;Com V�timas Feridas;Pleno dia;Decrescente;C�u Claro;Dupla;Reta;Sim;2;0;1;0;1;0;1;2;-29,130408;-51,12807;SPRF-RS;DEL05-RS;UOP01-DEL05-RS;;;
736881;06/12/2025;s�bado;17:50:00;RJ;101;272;TANGUA;Rea��o tardia ou ineficiente do condutor;Colis�o traseira;Com V�timas Feridas;Anoitecer;Decrescente;C�u Claro;Dupla;Curva;Sim;2;0;1;0;1;0;1;2;-22,729779;-42,703085;SPRF-RJ;DEL02-RJ;UOP03-DEL02-RJ;;;
736882;06/12/2025;s�bado;17:05:00;RS;116;523;PELOTAS;Demais falhas mec�nicas ou el�tricas;Sa�da de leito carro��vel;Com V�timas Feridas;Pleno dia;Crescente;Sol;Dupla;Reta;N�o;1;0;1;0;0;0;1;1;-31,723903;-52,383268;SPRF-RS;DEL07-RS;UOP01-DEL07-RS;;;
736884;06/12/2025;s�bado;16:15:00;MG;116;217,1;CATUJI;Demais falhas mec�nicas ou el�tricas;Inc�ndio;Sem V�timas;Pleno dia;Crescente;Nublado;Simples;Reta;N�o;1;0;0;0;1;0;0;1;-17,384614;-41,524882;SPRF-MG;DEL11-MG;UOP01-DEL11-MG;;;
736885;06/12/2025;s�bado;12:45:00;RS;101;51;TERRA DE AREIA;Demais falhas mec�nicas ou el�tricas;Sa�da de leito carro��vel;Com V�timas Feridas;Pleno dia;Crescente;C�u Claro;Dupla;Reta;N�o;1;0;1;0;0;0;1;1;-29,61492962;-50,09175388;SPRF-RS;DEL03-RS;UOP02-DEL03-RS;;;
736888;06/12/2025;s�bado;17:25:00;AL;316;110;DOIS RIACHOS;Manobra de mudan�a de faixa;Colis�o frontal;Com V�timas Feridas;Pleno dia;Decrescente;C�u Claro;Simples;Reta;N�o;2;0;0;1;0;1;1;2;-9,392688;-37,030648;SPRF-AL;DEL03-AL;UOP01-DEL03-AL;;;
736891;06/12/2025;s�bado;18:00:00;RS;116;37,7;VACARIA;Ultrapassagem Indevida;Colis�o transversal;Com V�timas Feridas;Pleno dia;Crescente;Sol;Simples;"Retorno Regulamentado;Rotat�ria;Reta;Interse��o de Vias";Sim;2;0;0;1;1;0;1;2;-28,50366;-50,92322;SPRF-RS;DEL05-RS;UOP03-DEL05-RS;;;
736892;06/12/2025;s�bado;18:25:00;MG;153;23;CENTRALINA;Velocidade Incompat�vel;Capotamento;Com V�timas Feridas;Anoitecer;Decrescente;Chuva;Dupla;Curva;N�o;4;0;3;0;1;0;3;2;-18,61944278;-49,19068336;SPRF-MG;DEL15-MG;UOP03-DEL15-MG;;;
736894;06/12/2025;s�bado;18:00:00;MG;40;551;BELO HORIZONTE;Aus�ncia de rea��o do condutor;Colis�o traseira;Com V�timas Feridas;Plena Noite;Decrescente;Nublado;Dupla;Reta;Sim;2;0;0;1;1;0;1;2;-19,959;-43,958;SPRF-MG;DEL01-MG;UOP02-DEL01-MG;;;
736895;06/12/2025;s�bado;18:00:00;SC;153;100;CONCORDIA;Acessar a via sem observar a presen�a dos outros ve�culos;Colis�o transversal;Sem V�timas;Anoitecer;Decrescente;C�u Claro;Simples;Interse��o de Vias;N�o;4;0;0;0;4;0;0;2;-27,246213;-51,952638;SPRF-SC;DEL07-SC;UOP04-DEL07-SC;;;
736896;06/12/2025;s�bado;18:30:00;PE;101;64;RECIFE;Entrada inopinada do pedestre;Atropelamento de Pedestre;Sem V�timas;Plena Noite;Decrescente;C�u Claro;M�ltipla;Reta;Sim;2;0;0;0;1;1;0;2;-8,0205523;-34,942631;SPRF-PE;DEL01-PE;UOP01-DEL01-PE;;;
736898;12/11/2025;quarta-feira;16:00:00;PR;116;114;CURITIBA;Rea��o tardia ou ineficiente do condutor;Tombamento;Com V�timas Feridas;Pleno dia;Decrescente;Nublado;Dupla;Reta;N�o;3;0;1;0;2;0;1;3;-25,5495383;-49,283771;SPRF-PR;DEL01-PR;UOP03-DEL01-PR;;;
736899;06/12/2025;s�bado;19:45:00;MG;50;16,5;UBERLANDIA;Rea��o tardia ou ineficiente do condutor;Colis�o traseira;Com V�timas Feridas;Pleno dia;Decrescente;Nublado;Dupla;Reta;N�o;2;0;1;0;0;1;1;2;-18,919345;-48,180013;SPRF-MG;DEL15-MG;UOP01-DEL15-MG;;;
736900;06/12/2025;s�bado;15:40:00;SE;101;64;ROSARIO DO CATETE;Manobra de mudan�a de faixa;Colis�o lateral mesmo sentido;Sem V�timas;Pleno dia;Decrescente;C�u Claro;Dupla;Reta;N�o;1;0;0;0;1;0;0;1;-10,70289464;-37,05091652;SPRF-SE;DEL02-SE;UOP02-DEL02-SE;;;
736901;06/12/2025;s�bado;19:30:00;RN;406;165;SAO GONCALO DO AMARANTE;Acessar a via sem observar a presen�a dos outros ve�culos;Colis�o transversal;Com V�timas Feridas;Plena Noite;Decrescente;C�u Claro;Simples;Interse��o de Vias;N�o;2;0;0;1;0;1;1;2;-5,739763;-35,349097;SPRF-RN;DEL02-RN;UOP01-DEL02-RN;;;
736902;06/12/2025;s�bado;19:50:00;RS;392;351,6;SANTA MARIA;Acessar a via sem observar a presen�a dos outros ve�culos;Colis�o transversal;Com V�timas Feridas;Plena Noite;Crescente;Nublado;Simples;"Em Obras;Retorno Regulamentado;Aclive;Interse��o de Vias";Sim;2;0;1;0;1;0;1;2;-29,728244;-53,803199;SPRF-RS;DEL09-RS;UOP01-DEL09-RS;;;
736904;06/12/2025;s�bado;18:57:00;MA;226;300;BARRA DO CORDA;Acessar a via sem observar a presen�a dos outros ve�culos;Tombamento;Com V�timas Feridas;Plena Noite;Decrescente;Nublado;Simples;"Reta;Declive";Sim;2;0;1;0;1;0;1;1;-5,50196211;-45,2471602;SPRF-MA;DEL06-MA;UOP01-DEL06-MA;;;
736905;06/12/2025;s�bado;20:15:00;SC;101;209;SAO JOSE;Rea��o tardia ou ineficiente do condutor;Colis�o traseira;Com V�timas Feridas;Plena Noite;Crescente;C�u Claro;M�ltipla;Reta;Sim;4;0;1;0;3;0;1;2;-27,613612;-48,642906;SPRF-SC;DEL01-SC;UOP01-DEL01-SC;;;
736907;06/12/2025;s�bado;17:20:00;MA;135;69;SANTA RITA;Acessar a via sem observar a presen�a dos outros ve�culos;Colis�o transversal;Sem V�timas;Anoitecer;Crescente;C�u Claro;Dupla;Reta;N�o;2;0;0;0;2;0;0;2;-3,13476;-44,32495;SPRF-MA;DEL01-MA;UOP02-DEL01-MA;;;
736908;06/12/2025;s�bado;19:40:00;GO;153;182;CAMPINORTE;Ingest�o de �lcool pelo condutor;Queda de ocupante de ve�culo;Sem V�timas;Plena Noite;Decrescente;Garoa/Chuvisco;Simples;Reta;N�o;1;0;0;0;1;0;0;1;-14,37559397;-49,15815353;SPRF-GO;DEL07-GO;UOP02-DEL07-GO;;;
736909;06/12/2025;s�bado;14:17:00;SP;116;156;SAO JOSE DOS CAMPOS;Rea��o tardia ou ineficiente do condutor;Colis�o com objeto;Com V�timas Feridas;Pleno dia;Decrescente;C�u Claro;M�ltipla;Reta;N�o;1;0;1;0;0;0;1;1;-23,2492466;-45,93363404;SPRF-SP;DEL02-SP;UOP01-DEL02-SP;;;
736910;06/12/2025;s�bado;20:30:00;CE;230;41;LAVRAS DA MANGABEIRA;Transitar na contram�o;Colis�o frontal;Com V�timas Fatais;Plena Noite;Decrescente;C�u Claro;Simples;Reta;Sim;4;1;0;1;0;2;1;3;-6,74944;-38,97298;SPRF-CE;DEL05-CE;UOP01-DEL05-CE;;;
736912;06/12/2025;s�bado;20:10:00;PR;277;583,5;CASCAVEL;Pedestre andava na pista;Atropelamento de Pedestre;Com V�timas Fatais;Plena Noite;Crescente;C�u Claro;Dupla;Reta;Sim;2;1;0;0;1;0;0;2;-24,9801839;-53,3789272;SPRF-PR;DEL04-PR;UOP01-DEL04-PR;;;
736913;06/12/2025;s�bado;18:20:00;GO;60;236,7;INDIARA;Chuva;Sa�da de leito carro��vel;Sem V�timas;Plena Noite;Crescente;Chuva;Dupla;"Aclive;Retorno Regulamentado;Reta";N�o;1;0;0;0;1;0;0;1;-17,090308;-49,85543;SPRF-GO;DEL01-GO;UOP02-DEL01-GO;;;
736914;06/12/2025;s�bado;19:45:00;SP;116;138,9;SAO JOSE DOS CAMPOS;Rea��o tardia ou ineficiente do condutor;Colis�o com objeto;Sem V�timas;Pleno dia;Crescente;C�u Claro;Dupla;Reta;N�o;1;0;0;0;0;1;0;1;-23,1590269;-45,8017063;SPRF-SP;DEL02-SP;UOP01-DEL02-SP;;;
736915;06/12/2025;s�bado;15:00:00;BA;101;288;LAJE;Transitar na contram�o;Queda de ocupante de ve�culo;Com V�timas Feridas;Pleno dia;Decrescente;C�u Claro;Simples;"Interse��o de Vias;Rotat�ria";N�o;2;0;0;1;0;1;1;1;-13,17351061;-39,31752253;SPRF-BA;DEL01-BA;UOP02-DEL01-BA;;;
736916;06/12/2025;s�bado;19:45:00;RS;116;363,2;SENTINELA DO SUL;Aus�ncia de rea��o do condutor;Queda de ocupante de ve�culo;Com V�timas Feridas;Plena Noite;Decrescente;Nublado;Dupla;"Reta;Em Obras;Desvio Tempor�rio";N�o;1;0;0;1;0;0;1;1;-30,63989166;-51,55663697;SPRF-RS;DEL02-RS;UOP02-DEL02-RS;;;
736917;06/12/2025;s�bado;14:45:00;PA;163;119;ALTAMIRA;Aus�ncia de rea��o do condutor;Colis�o traseira;Sem V�timas;Pleno dia;Decrescente;C�u Claro;Simples;Reta;N�o;1;0;0;0;0;1;0;1;-8,63138;-55,040867;SPRF-MT;DEL06-MT;UOP03-DEL06-MT;;;
736919;06/12/2025;s�bado;17:30:00;RJ;40;105;DUQUE DE CAXIAS;Velocidade Incompat�vel;Colis�o transversal;Com V�timas Feridas;Pleno dia;Decrescente;C�u Claro;M�ltipla;Reta;Sim;2;0;1;0;0;1;1;2;-22,63578;-43,28453;SPRF-RJ;DEL01-RJ;UOP02-DEL01-RJ;;;
736920;06/12/2025;s�bado;19:40:00;GO;153;134;CAMPINORTE;Rea��o tardia ou ineficiente do condutor;Queda de ocupante de ve�culo;Sem V�timas;Plena Noite;Decrescente;C�u Claro;Simples;Reta;N�o;1;0;0;0;1;0;0;1;-14,01157749;-49,08523217;SPRF-GO;DEL07-GO;UOP01-DEL07-GO;;;
736921;06/12/2025;s�bado;20:55:00;PB;230;22;JOAO PESSOA;Manobra de mudan�a de faixa;Colis�o traseira;Com V�timas Feridas;Plena Noite;Crescente;C�u Claro;Dupla;Reta;Sim;3;0;2;0;1;0;2;2;-7,152059;-34,853905;SPRF-PB;DEL01-PB;UOP01-DEL01-PB;;;
736923;06/12/2025;s�bado;18:20:00;RJ;101;413;ITAGUAI;Ingest�o de �lcool pelo condutor;Colis�o traseira;Sem V�timas;Plena Noite;Decrescente;Ignorado;Dupla;Reta;Sim;3;0;0;0;3;0;0;2;-22,903078;-43,869858;SPRF-RJ;DEL03-RJ;UOP01-DEL03-RJ;;;
736926;06/12/2025;s�bado;21:00:00;PR;369;200;APUCARANA;Acessar a via sem observar a presen�a dos outros ve�culos;Colis�o transversal;Com V�timas Feridas;Plena Noite;Crescente;C�u Claro;Simples;Interse��o de Vias;N�o;4;0;1;0;2;1;1;2;-23,53977755;-51,45734159;SPRF-PR;DEL07-PR;UOP03-DEL07-PR;;;
736927;06/12/2025;s�bado;20:50:00;PB;101;91;JOAO PESSOA;Transitar no Acostamento;Atropelamento de Pedestre;Com V�timas Feridas;Plena Noite;Decrescente;C�u Claro;Dupla;Reta;Sim;2;0;0;1;0;1;1;2;-7,1883963;-34,9029928;SPRF-PB;DEL01-PB;UOP01-DEL01-PB;;;
736928;06/12/2025;s�bado;21:00:00;RS;290;58,2;GLORINHA;Rea��o tardia ou ineficiente do condutor;Tombamento;Com V�timas Feridas;Plena Noite;Crescente;C�u Claro;Dupla;Reta;N�o;1;0;1;0;0;0;1;1;-29,920297;-50,835361;SPRF-RS;DEL03-RS;UOP01-DEL03-RS;;;
736929;06/12/2025;s�bado;18:50:00;AL;423;34;CANAPI;Rea��o tardia ou ineficiente do condutor;Colis�o lateral sentido oposto;Com V�timas Feridas;Plena Noite;Decrescente;C�u Claro;Simples;Reta;N�o;4;0;0;1;3;0;1;2;-9,215285;-37,581693;SPRF-AL;DEL03-AL;UOP02-DEL03-AL;;;
736930;06/12/2025;s�bado;22:00:00;PR;369;202;APUCARANA;Acessar a via sem observar a presen�a dos outros ve�culos;Colis�o transversal;Com V�timas Feridas;Plena Noite;Crescente;C�u Claro;M�ltipla;Reta;Sim;3;0;1;0;2;0;1;2;-23,54484;-51,453627;SPRF-PR;DEL07-PR;UOP03-DEL07-PR;;;
736931;06/12/2025;s�bado;21:30:00;ES;393;0,3;CACHOEIRO DE ITAPEMIRIM;Ultrapassagem Indevida;Colis�o transversal;Com V�timas Feridas;Plena Noite;Crescente;Nublado;Simples;Reta;Sim;2;0;0;1;1;0;1;2;-20,78944784;-41,12659454;SPRF-ES;DEL03-ES;UOP02-DEL03-ES;;;
736933;06/12/2025;s�bado;21:40:00;PR;376;596;CURITIBA;Rea��o tardia ou ineficiente do condutor;Sa�da de leito carro��vel;Com V�timas Feridas;Plena Noite;Crescente;C�u Claro;Dupla;Reta;Sim;2;0;1;1;0;0;2;1;-25,48207664;-49,3488249;SPRF-PR;DEL01-PR;UOP03-DEL01-PR;;;
736934;06/12/2025;s�bado;22:00:00;SP;381;5;VARGEM;Aus�ncia de rea��o do condutor;Tombamento;Com V�timas Feridas;Plena Noite;Decrescente;C�u Claro;Dupla;"Reta;Ponte";N�o;1;0;1;0;0;0;1;1;-22,89311159;-46,41455261;SPRF-SP;DEL03-SP;UOP02-DEL03-SP;;;
736935;06/12/2025;s�bado;19:40:00;SC;101;308,5;LAGUNA;Aus�ncia de rea��o do condutor;Colis�o lateral mesmo sentido;Com V�timas Feridas;Plena Noite;Crescente;C�u Claro;Dupla;Reta;N�o;2;0;1;0;0;1;1;2;-28,421625;-48,798321;SPRF-SC;DEL02-SC;UOP01-DEL02-SC;;;
736936;06/12/2025;s�bado;21:20:00;RS;290;74;GRAVATAI;Condutor deixou de manter dist�ncia do ve�culo da frente;Colis�o traseira;Com V�timas Feridas;Plena Noite;Crescente;C�u Claro;Dupla;Reta;Sim;6;0;2;0;4;0;2;2;-29,954045;-51,00102;SPRF-RS;DEL03-RS;UOP01-DEL03-RS;;;
736937;06/12/2025;s�bado;21:35:00;MA;10;319;ACAILANDIA;Ultrapassagem Indevida;Colis�o com objeto;Com V�timas Feridas;Plena Noite;Crescente;C�u Claro;Simples;Reta;Sim;2;0;0;1;0;1;1;2;-4,95213;-47,50339;SPRF-MA;DEL04-MA;UOP03-DEL04-MA;;;
736938;06/12/2025;s�bado;16:35:00;MG;381;242,2;SANTANA DO PARAISO;Acessar a via sem observar a presen�a dos outros ve�culos;Colis�o transversal;Com V�timas Feridas;Pleno dia;Decrescente;C�u Claro;Simples;Interse��o de Vias;N�o;2;0;1;0;1;0;1;2;-19,44364964;-42,51297981;SPRF-MG;DEL06-MG;UOP01-DEL06-MG;;;
736939;06/12/2025;s�bado;20:42:00;SC;280;27,3;ARAQUARI;Desrespeitar a prefer�ncia no cruzamento;Colis�o transversal;Com V�timas Feridas;Plena Noite;Decrescente;C�u Claro;Simples;Reta;Sim;3;0;1;2;0;0;3;2;-26,40756185;-48,74886688;SPRF-SC;DEL03-SC;UOP03-DEL03-SC;;;
736940;06/12/2025;s�bado;19:30:00;RO;364;971;PORTO VELHO;Aus�ncia de rea��o do condutor;Tombamento;Com V�timas Feridas;Anoitecer;Crescente;Nublado;Simples;Reta;Sim;1;0;1;0;0;0;1;1;-9,65695623;-65,72563648;SPRF-RO;DEL01-RO;UOP03-DEL01-RO;;;
736941;06/12/2025;s�bado;21:30:00;MG;50;47;ARAGUARI;Avarias e/ou desgaste excessivo no pneu;Tombamento;Com V�timas Feridas;Plena Noite;Crescente;Nublado;Dupla;Reta;N�o;1;0;1;0;0;0;1;1;-18,731315;-48,213241;SPRF-MG;DEL15-MG;UOP02-DEL15-MG;;;
736942;06/12/2025;s�bado;22:20:00;SC;101;133;BALNEARIO CAMBORIU;Aus�ncia de rea��o do condutor;Sa�da de leito carro��vel;Com V�timas Feridas;Plena Noite;Crescente;Nublado;Dupla;Reta;N�o;2;0;2;0;0;0;2;1;-26,99952495;-48,64578992;SPRF-SC;DEL04-SC;UOP03-DEL04-SC;;;
736943;06/12/2025;s�bado;20:40:00;PR;272;427;GOIOERE;Ultrapassagem Indevida;Colis�o frontal;Com V�timas Fatais;Plena Noite;Decrescente;C�u Claro;Simples;Reta;N�o;4;2;0;2;0;0;2;2;-24,17809;-52,93024;SPRF-PR;DEL09-PR;UOP03-DEL09-PR;;;
736944;06/12/2025;s�bado;22:00:00;RJ;393;140;SAPUCAIA;Velocidade Incompat�vel;Sa�da de leito carro��vel;Com V�timas Feridas;Plena Noite;Decrescente;C�u Claro;Simples;Curva;N�o;1;0;1;0;0;0;1;1;-22,02378026;-42,97158158;SPRF-RJ;DEL05-RJ;UOP01-DEL05-RJ;;;
736945;06/12/2025;s�bado;23:10:00;SE;101;90;NOSSA SENHORA DO SOCORRO;Animais na Pista;Atropelamento de Animal;Com V�timas Feridas;Plena Noite;Crescente;C�u Claro;Dupla;"Declive;Reta";Sim;1;0;1;0;0;0;1;1;-10,9050377;-37,1230352;SPRF-SE;DEL01-SE;UOP01-DEL01-SE;;;
736948;06/12/2025;s�bado;20:50:00;MA;10;246,6;IMPERATRIZ;Aus�ncia de rea��o do condutor;Colis�o traseira;Com V�timas Feridas;Plena Noite;Decrescente;Nublado;M�ltipla;"Declive;Reta";Sim;4;0;2;0;1;1;2;2;-5,57637022;-47,44223279;SPRF-MA;DEL04-MA;UOP01-DEL04-MA;;;
736949;06/12/2025;s�bado;16:40:00;MG;116;413,6;GOVERNADOR VALADARES;Rea��o tardia ou ineficiente do condutor;Tombamento;Com V�timas Feridas;Pleno dia;Decrescente;Nublado;Simples;"Reta;Ponte";Sim;1;0;1;0;0;0;1;1;-18,88344186;-41,95227597;SPRF-MG;DEL06-MG;UOP01-DEL06-MG;;;
736950;06/12/2025;s�bado;21:45:00;RS;290;120,9;ELDORADO DO SUL;Demais falhas mec�nicas ou el�tricas;Inc�ndio;Sem V�timas;Plena Noite;Decrescente;C�u Claro;Simples;Reta;N�o;1;0;0;0;0;1;0;1;-30,0507382;-51,41169995;SPRF-RS;DEL02-RS;UOP01-DEL02-RS;;;
736951;06/12/2025;s�bado;22:50:00;MG;116;773,8;LEOPOLDINA;Aus�ncia de rea��o do condutor;Queda de ocupante de ve�culo;Com V�timas Fatais;Plena Noite;Decrescente;C�u Claro;Simples;Reta;N�o;1;1;0;0;0;0;0;1;-21,57874;-42,68449;SPRF-MG;DEL07-MG;UOP01-DEL07-MG;;;
736952;06/12/2025;s�bado;23:10:00;SC;280;178;MAFRA;Rea��o tardia ou ineficiente do condutor;Capotamento;Sem V�timas;Plena Noite;Crescente;Nublado;Simples;Curva;N�o;1;0;0;0;0;1;0;1;-26,1786027;-49,872255;SPRF-SC;DEL06-SC;UOP01-DEL06-SC;;;
736953;06/12/2025;s�bado;21:50:00;GO;153;210;URUACU;Transitar na contram�o;Colis�o frontal;Com V�timas Feridas;Plena Noite;Crescente;Chuva;Simples;Reta;N�o;3;0;0;1;2;0;1;2;-14,61978;-49,17091;SPRF-GO;DEL07-GO;UOP02-DEL07-GO;;;
736954;06/12/2025;s�bado;23:10:00;SC;282;485,3;FAXINAL DOS GUEDES;Aus�ncia de rea��o do condutor;Sa�da de leito carro��vel;Sem V�timas;Plena Noite;Crescente;C�u Claro;Simples;Reta;N�o;1;0;0;0;0;1;0;1;-26,86186027;-52,23602915;SPRF-SC;DEL07-SC;UOP01-DEL07-SC;;;
736955;06/12/2025;s�bado;19:00:00;BA;330;841,9;IPIAU;Transitar na contram�o;Colis�o frontal;Com V�timas Fatais;Plena Noite;Crescente;C�u Claro;Simples;Reta;Sim;2;1;0;0;1;0;0;2;-14,144223;-39,715453;SPRF-BA;DEL03-BA;UOP01-DEL03-BA;;;
736956;06/12/2025;s�bado;23:12:00;TO;153;141;ARAGUAINA;Aus�ncia de rea��o do condutor;Capotamento;Sem V�timas;Plena Noite;Crescente;Nublado;Dupla;Reta;Sim;1;0;0;0;0;1;0;1;-7,176489;-48,220305;SPRF-TO;DEL02-TO;UOP01-DEL02-TO;;;
736960;06/12/2025;s�bado;23:50:00;PR;376;615;SAO JOSE DOS PINHAIS;Rea��o tardia ou ineficiente do condutor;Tombamento;Com V�timas Feridas;Plena Noite;Crescente;C�u Claro;Dupla;Reta;N�o;1;0;1;0;0;0;1;1;-25,57495746;-49,179835;SPRF-PR;DEL01-PR;UOP04-DEL01-PR;;;
736961;06/12/2025;s�bado;23:30:00;BA;407;101,5;SENHOR DO BONFIM;Ingest�o de �lcool pelo condutor;Colis�o traseira;Com V�timas Feridas;Plena Noite;Decrescente;C�u Claro;Simples;Reta;Sim;2;0;1;0;1;0;1;2;-10,38497;-40,17466;SPRF-BA;DEL04-BA;UOP01-DEL04-BA;;;
736962;07/12/2025;domingo;00:15:00;MG;365;606;UBERLANDIA;Condutor Dormindo;Colis�o frontal;Com V�timas Feridas;Plena Noite;Crescente;Nublado;Simples;Reta;N�o;3;0;3;0;0;0;3;2;-18,903508;-48,162978;SPRF-MG;DEL15-MG;UOP01-DEL15-MG;;;
736963;06/12/2025;s�bado;21:15:00;RJ;101;201,3;CASIMIRO DE ABREU;Animais na Pista;Atropelamento de Animal;Com V�timas Fatais;Plena Noite;Crescente;Nublado;Dupla;Reta;N�o;1;1;0;0;0;0;0;1;-22,47843972;-42,15374671;SPRF-RJ;DEL08-RJ;UOP04-DEL08-RJ;;;