id;data_inversa;dia_semana;horario;uf;br;km;municipio;causa_acidente;tipo_acidente;classificacao_acidente;fase_dia;sentido_via;condicao_metereologica;tipo_pista;tracado_via;uso_solo;pessoas;mortos;feridos_leves;feridos_graves;ilesos;ignorados;feridos;veiculos;latitude;longitude;regional;delegacia;uop;;;
736964;07/12/2025;domingo;01:00:00;SC;282;17,7;PALHOCA;Condutor usando celular;Colis�o com objeto;Com V�timas Feridas;Plena Noite;Decrescente;C�u Claro;Simples;Reta;N�o;2;0;1;1;0;0;2;1;-27,67849736;-48,69650781;SPRF-SC;DEL01-SC;UOP02-DEL01-SC;;;
736969;06/12/2025;s�bado;19:55:00;PR;163;196;CASCAVEL;Velocidade Incompat�vel;Sa�da de leito carro��vel;Com V�timas Feridas;Plena Noite;Decrescente;C�u Claro;Dupla;Curva;N�o;1;0;0;1;0;0;1;1;-25,02915928;-53,54808982;SPRF-PR;DEL05-PR;UOP05-DEL05-PR;;;
736971;06/12/2025;s�bado;22:00:00;RJ;356;49;ITAPERUNA;Velocidade Incompat�vel;Queda de ocupante de ve�culo;Com V�timas Feridas;Plena Noite;Crescente;C�u Claro;Simples;Curva;N�o;2;0;1;1;0;0;2;1;-21,2584571;-41,7691533;SPRF-RJ;DEL08-RJ;UOP03-DEL08-RJ;;;
736972;07/12/2025;domingo;02:30:00;MG;381;480,5;CONTAGEM;Pedestre andava na pista;Atropelamento de Pedestre;Com V�timas Feridas;Plena Noite;Crescente;C�u Claro;Dupla;Reta;N�o;3;0;0;1;2;0;1;2;-19,95847;-44,05542;SPRF-MG;DEL01-MG;UOP03-DEL01-MG;;;
736973;07/12/2025;domingo;02:00:00;PA;230;120;MARABA;Ultrapassagem Indevida;Colis�o lateral mesmo sentido;Com V�timas Fatais;Plena Noite;Crescente;Ignorado;Dupla;"Reta;Desvio Tempor�rio;Ponte";Sim;4;1;1;1;1;0;2;3;-5,353823;-49,121645;SPRF-PA;DEL03-PA;UOP01-DEL03-PA;;;
736974;07/12/2025;domingo;02:00:00;RS;153;672;ACEGUA;Transitar na contram�o;Colis�o lateral sentido oposto;Com V�timas Feridas;Plena Noite;Crescente;C�u Claro;Simples;Reta;N�o;2;0;1;0;0;1;1;2;-31,6327746;-54,1508045;SPRF-RS;DEL11-RS;UOP03-DEL11-RS;;;
736975;07/12/2025;domingo;02:10:00;PR;158;507;CORONEL VIVIDA;Velocidade Incompat�vel;Sa�da de leito carro��vel;Com V�timas Feridas;Plena Noite;Decrescente;C�u Claro;Simples;Reta;N�o;2;0;1;0;1;0;1;1;-26,02677487;-52,58604884;SPRF-PR;DEL02-PR;UOP01-DEL02-PR;;;
736977;06/12/2025;s�bado;23:45:00;RS;290;34;SANTO ANTONIO DA PATRULHA;Ingest�o de �lcool pelo condutor;Colis�o traseira;Com V�timas Feridas;Plena Noite;Decrescente;C�u Claro;Dupla;Reta;N�o;3;0;1;0;1;1;1;3;-29,8864124;-50,65381765;SPRF-RS;DEL03-RS;UOP01-DEL03-RS;;;
736978;07/12/2025;domingo;02:45:00;SC;101;208,4;SAO JOSE;Objeto est�tico sobre o leito carro��vel;Colis�o com objeto;Com V�timas Feridas;Plena Noite;Decrescente;C�u Claro;Dupla;Reta;N�o;2;0;2;0;0;0;2;1;-27,606926;-48,635613;SPRF-SC;DEL01-SC;UOP01-DEL01-SC;;;
736979;07/12/2025;domingo;03:10:00;RS;153;51;ERECHIM;Ingest�o de �lcool pelo condutor;Colis�o frontal;Com V�timas Feridas;Plena Noite;Crescente;C�u Claro;Dupla;Reta;N�o;4;0;3;0;1;0;3;2;-27,65851944;-52,28174686;SPRF-RS;DEL08-RS;UOP04-DEL08-RS;;;
736980;06/12/2025;s�bado;07:05:00;SC;282;446,1;PONTE SERRADA;Condutor Dormindo;Sa�da de leito carro��vel;Com V�timas Feridas;Pleno dia;Decrescente;C�u Claro;Simples;"Aclive;Curva";N�o;1;0;1;0;0;0;1;1;-26,9131848;-51,9050497;SPRF-SC;DEL07-SC;UOP04-DEL07-SC;;;
736981;07/12/2025;domingo;01:30:00;PR;277;667;MEDIANEIRA;Rea��o tardia ou ineficiente do condutor;Sa�da de leito carro��vel;Com V�timas Feridas;Plena Noite;Decrescente;C�u Claro;Dupla;Reta;N�o;2;0;0;2;0;0;2;1;-25,25402919;-54,03341644;SPRF-PR;DEL05-PR;UOP02-DEL05-PR;;;
736982;07/12/2025;domingo;02:50:00;PR;277;367,2;GUARAPUAVA;Rea��o tardia ou ineficiente do condutor;Colis�o traseira;Com V�timas Feridas;Plena Noite;Decrescente;C�u Claro;Simples;"Aclive;Reta";N�o;5;0;0;1;4;0;1;2;-25,408289;-51,706981;SPRF-PR;DEL08-PR;UOP01-DEL08-PR;;;
736984;07/12/2025;domingo;04:30:00;ES;101;427,1;ATILIO VIVACQUA;Condutor Dormindo;Sa�da de leito carro��vel;Com V�timas Feridas;Pleno dia;Crescente;Nublado;Simples;Curva;N�o;2;0;1;1;0;0;2;1;-21,01260914;-41,14742982;SPRF-ES;DEL03-ES;UOP02-DEL03-ES;;;
736985;07/12/2025;domingo;04:30:00;PB;101;44;MAMANGUAPE;Ingest�o de �lcool pelo condutor;Sa�da de leito carro��vel;Com V�timas Feridas;Amanhecer;Crescente;C�u Claro;Dupla;Reta;N�o;1;0;1;0;0;0;1;1;-6,87677144;-35,13215303;SPRF-PB;DEL01-PB;UOP03-DEL01-PB;;;
736986;07/12/2025;domingo;04:40:00;RS;116;253;SAPUCAIA DO SUL;Velocidade Incompat�vel;Colis�o com objeto;Sem V�timas;Amanhecer;Decrescente;C�u Claro;Dupla;Reta;Sim;1;0;0;0;0;1;0;1;-29,8201806;-51,1711943;SPRF-RS;DEL01-RS;UOP02-DEL01-RS;;;
736988;07/12/2025;domingo;02:45:00;RO;364;397,2;OURO PRETO DO OESTE;Rea��o tardia ou ineficiente do condutor;Sa�da de leito carro��vel;Com V�timas Feridas;Plena Noite;Decrescente;Garoa/Chuvisco;Simples;"Aclive;Curva";N�o;1;0;1;0;0;0;1;1;-10,622487;-62,326992;SPRF-RO;DEL03-RO;UOP02-DEL03-RO;;;
736989;07/12/2025;domingo;04:00:00;DF;20;26;BRASILIA;Aus�ncia de rea��o do condutor;Sa�da de leito carro��vel;Sem V�timas;Amanhecer;Decrescente;C�u Claro;Dupla;Reta;Sim;1;0;0;0;1;0;0;1;-15,658386;-47,791534;SPRF-DF;DEL02-DF;UOP01-DEL02-DF;;;
736991;07/12/2025;domingo;04:50:00;MG;116;768;LEOPOLDINA;Rea��o tardia ou ineficiente do condutor;Colis�o frontal;Com V�timas Fatais;Pleno dia;Crescente;C�u Claro;Simples;Reta;Sim;2;1;0;0;1;0;0;2;-21,546073;-42,660359;SPRF-MG;DEL07-MG;UOP01-DEL07-MG;;;
736994;07/12/2025;domingo;04:50:00;PR;277;77;SAO JOSE DOS PINHAIS;Aus�ncia de rea��o do condutor;Colis�o traseira;Sem V�timas;Amanhecer;Crescente;Nublado;Dupla;Reta;N�o;2;0;0;0;2;0;0;2;-25,485;-49,189;SPRF-PR;DEL01-PR;UOP07-DEL01-PR;;;
736995;07/12/2025;domingo;06:30:00;CE;116;16,5;ITAITINGA;Manobra de mudan�a de faixa;Colis�o transversal;Com V�timas Feridas;Pleno dia;Decrescente;C�u Claro;M�ltipla;Reta;Sim;3;0;3;0;0;0;3;2;-3,891125;-38,502352;SPRF-CE;DEL01-CE;UOP02-DEL01-CE;;;
736996;07/12/2025;domingo;06:40:00;SC;282;51,9;AGUAS MORNAS;Ingest�o de �lcool pelo condutor;Sa�da de leito carro��vel;Sem V�timas;Pleno dia;Crescente;C�u Claro;Simples;Reta;N�o;1;0;0;0;1;0;0;1;-27,697135;-48,964342;SPRF-SC;DEL01-SC;UOP03-DEL01-SC;;;
736997;07/12/2025;domingo;05:20:00;RJ;465;20;NOVA IGUACU;Aus�ncia de rea��o do condutor;Queda de ocupante de ve�culo;Com V�timas Feridas;Pleno dia;Crescente;C�u Claro;Simples;Reta;N�o;1;0;1;0;0;0;1;1;-22,85071805;-43,60211547;SPRF-RJ;DEL06-RJ;UOP02-DEL06-RJ;;;
736998;07/12/2025;domingo;05:50:00;MG;365;766;ITUIUTABA;Rea��o tardia ou ineficiente do condutor;Sa�da de leito carro��vel;Com V�timas Feridas;Amanhecer;Crescente;C�u Claro;Simples;Reta;N�o;2;0;1;1;0;0;2;1;-18,96412775;-49,55759749;SPRF-MG;DEL15-MG;UOP03-DEL15-MG;;;
736999;07/12/2025;domingo;06:45:00;GO;60;388;RIO VERDE;Rea��o tardia ou ineficiente do condutor;Sa�da de leito carro��vel;Com V�timas Feridas;Pleno dia;Decrescente;Nublado;Dupla;Reta;Sim;1;0;1;0;0;0;1;1;-17,824545;-50,958238;SPRF-GO;DEL04-GO;UOP02-DEL04-GO;;;
737000;07/12/2025;domingo;06:40:00;SC;101;168;TIJUCAS;Demais falhas mec�nicas ou el�tricas;Sa�da de leito carro��vel;Com V�timas Feridas;Pleno dia;Crescente;Nublado;M�ltipla;Reta;N�o;2;0;2;0;0;0;2;1;-27,28619972;-48,63013387;SPRF-SC;DEL04-SC;UOP03-DEL04-SC;;;
737001;07/12/2025;domingo;06:40:00;SP;116;447;REGISTRO;Aus�ncia de rea��o do condutor;Sa�da de leito carro��vel;Com V�timas Feridas;Pleno dia;Crescente;C�u Claro;Dupla;Reta;N�o;1;0;1;0;0;0;1;1;-24,52019476;-47,85349488;SPRF-SP;DEL05-SP;UOP01-DEL05-SP;;;
737002;06/12/2025;s�bado;22:45:00;RS;386;34,6;FREDERICO WESTPHALEN;Acessar a via sem observar a presen�a dos outros ve�culos;Colis�o transversal;Com V�timas Feridas;Plena Noite;Decrescente;C�u Claro;Simples;Reta;Sim;3;0;0;1;2;0;1;2;-27,36450699;-53,39383364;SPRF-RS;DEL08-RS;UOP02-DEL08-RS;;;
737003;07/12/2025;domingo;05:54:00;PB;230;85;GURINHEM;Avarias e/ou desgaste excessivo no pneu;Sa�da de leito carro��vel;Com V�timas Feridas;Pleno dia;Decrescente;C�u Claro;M�ltipla;Reta;N�o;5;0;3;0;2;0;3;1;-7,16921711;-35,37520409;SPRF-PB;DEL01-PB;UOP02-DEL01-PB;;;
737006;07/12/2025;domingo;06:20:00;MG;50;77,3;UBERLANDIA;Ingest�o de �lcool pelo condutor;Sa�da de leito carro��vel;Sem V�timas;Pleno dia;Decrescente;Garoa/Chuvisco;Dupla;Rotat�ria;N�o;1;0;0;0;1;0;0;1;-18,92984207;-48,19212612;SPRF-MG;DEL15-MG;UOP01-DEL15-MG;;;
737008;07/12/2025;domingo;05:50:00;RS;158;175;PEJUCARA;Demais falhas na via;Capotamento;Sem V�timas;Amanhecer;Decrescente;C�u Claro;Simples;Aclive;N�o;1;0;0;0;0;1;0;1;-28,4787601;-53,54735121;SPRF-RS;DEL10-RS;UOP02-DEL10-RS;;;
737009;07/12/2025;domingo;06:20:00;BA;116;297;TUCANO;Condutor Dormindo;Sa�da de leito carro��vel;Com V�timas Fatais;Pleno dia;Decrescente;C�u Claro;Simples;Reta;N�o;1;1;0;0;0;0;0;1;-11,149503;-38,847694;SPRF-BA;DEL07-BA;UOP02-DEL07-BA;;;
737010;07/12/2025;domingo;06:30:00;MG;262;404,6;PARA DE MINAS;Velocidade Incompat�vel;Sa�da de leito carro��vel;Sem V�timas;Pleno dia;Crescente;C�u Claro;Dupla;Reta;N�o;1;0;0;0;1;0;0;1;-19,88257948;-44,61375475;SPRF-MG;DEL01-MG;UOP03-DEL01-MG;;;
737012;07/12/2025;domingo;07:20:00;SP;116;172;JACAREI;Avarias e/ou desgaste excessivo no pneu;Tombamento;Com V�timas Feridas;Pleno dia;Decrescente;C�u Claro;M�ltipla;Reta;N�o;2;0;2;0;0;0;2;1;-23,31078;-46,0617;SPRF-SP;DEL02-SP;UOP01-DEL02-SP;;;
737013;07/12/2025;domingo;06:15:00;SP;116;279;EMBU DAS ARTES;Objeto est�tico sobre o leito carro��vel;Colis�o traseira;Com V�timas Feridas;Pleno dia;Crescente;C�u Claro;Dupla;Reta;Sim;3;0;2;0;1;0;2;2;-23,64056674;-46,83660175;SPRF-SP;DEL04-SP;UOP01-DEL04-SP;;;
737014;07/12/2025;domingo;07:15:00;SP;116;287,5;ITAPECERICA DA SERRA;Transitar na contram�o;Colis�o lateral sentido oposto;Sem V�timas;Pleno dia;Crescente;C�u Claro;Dupla;"Reta;Declive";N�o;3;0;0;0;3;0;0;2;-23,7070297;-46,8745861;SPRF-SP;DEL04-SP;UOP01-DEL04-SP;;;
737015;07/12/2025;domingo;06:30:00;PB;101;51,7;CRUZ DO ESPIRITO SANTO;Ingest�o de �lcool pelo condutor;Tombamento;Sem V�timas;Pleno dia;Crescente;Sol;Dupla;Reta;N�o;1;0;0;0;1;0;0;1;-7,192625;-35,0655517;SPRF-PB;DEL01-PB;UOP03-DEL01-PB;;;
737017;07/12/2025;domingo;06:10:00;RJ;116;131;MAGE;Aus�ncia de rea��o do condutor;Colis�o traseira;Com V�timas Feridas;Amanhecer;Decrescente;C�u Claro;Dupla;Reta;Sim;4;0;0;1;3;0;1;2;-22,65715567;-43,13437343;SPRF-RJ;DEL04-RJ;UOP02-DEL04-RJ;;;
737018;07/12/2025;domingo;05:35:00;PR;369;493,2;CASCAVEL;Aus�ncia de rea��o do condutor;Sa�da de leito carro��vel;Com V�timas Fatais;Amanhecer;Decrescente;C�u Claro;Simples;"Declive;Curva";N�o;2;1;0;1;0;0;1;1;-24,856344;-53,33382;SPRF-PR;DEL04-PR;UOP01-DEL04-PR;;;
737020;07/12/2025;domingo;07:00:00;RJ;116;14;SEROPEDICA;Acessar a via sem observar a presen�a dos outros ve�culos;Colis�o transversal;Com V�timas Fatais;Pleno dia;Decrescente;C�u Claro;Simples;Reta;Sim;2;1;0;0;1;0;0;2;-22,806095;-43,637292;SPRF-RJ;DEL05-RJ;UOP01-DEL05-RJ;;;
737022;07/12/2025;domingo;05:45:00;MT;174;523;COMODORO;Ultrapassagem Indevida;Colis�o frontal;Com V�timas Feridas;Amanhecer;Crescente;Garoa/Chuvisco;Simples;Reta;N�o;3;0;3;0;0;0;3;2;-13,3442274;-59,87168313;SPRF-MT;DEL04-MT;UOP02-DEL04-MT;;;
737023;29/11/2025;s�bado;23:08:00;TO;242;307,8;PEIXE;Rea��o tardia ou ineficiente do condutor;Capotamento;Com V�timas Feridas;Plena Noite;Decrescente;Nublado;Simples;Reta;N�o;1;0;0;1;0;0;1;1;-12,07418;-48,53286;SPRF-TO;DEL01-TO;UOP02-DEL01-TO;;;
737025;06/12/2025;s�bado;11:04:00;AC;364;171;BUJARI;Problema na suspens�o;Sa�da de leito carro��vel;Com V�timas Feridas;Pleno dia;Decrescente;C�u Claro;Simples;Reta;N�o;1;0;0;1;0;0;1;1;-9,72665368;-68,12278748;SPRF-AC;DEL01-AC;UOP01-DEL01-AC;;;
737026;25/10/2025;s�bado;00:01:00;PR;369;139;IBIPORA;Pedestre - Ingest�o de �lcool/ subst�ncias psicoativas;Atropelamento de Pedestre;Com V�timas Feridas;Plena Noite;Decrescente;C�u Claro;Simples;Reta;Sim;2;0;0;1;0;1;1;2;-23,27541616;-51,05992405;SPRF-PR;DEL07-PR;UOP01-DEL07-PR;;;
737027;07/12/2025;domingo;08:10:00;RS;116;233,2;NOVO HAMBURGO;Acessar a via sem observar a presen�a dos outros ve�culos;Colis�o frontal;Com V�timas Feridas;Pleno dia;Crescente;C�u Claro;Simples;"Aclive;Reta";Sim;2;0;1;0;1;0;1;2;-29,64030765;-51,14232894;SPRF-RS;DEL01-RS;UOP02-DEL01-RS;;;
737028;07/12/2025;domingo;08:55:00;ES;259;59;COLATINA;Condutor deixou de manter dist�ncia do ve�culo da frente;Colis�o traseira;Com V�timas Feridas;Pleno dia;Crescente;Nublado;Simples;Reta;N�o;2;0;1;0;1;0;1;2;-19,524694;-40,67323;SPRF-ES;DEL02-ES;UOP01-DEL02-ES;;;
737030;07/12/2025;domingo;09:01:00;ES;101;210;IBIRACU;Transitar na contram�o;Colis�o frontal;Com V�timas Feridas;Pleno dia;Crescente;C�u Claro;Simples;Curva;N�o;6;0;3;2;1;0;5;3;-19,801623;-40,36817;SPRF-ES;DEL02-ES;UOP01-DEL02-ES;;;
737033;07/12/2025;domingo;07:00:00;SC;101;96,6;BARRA VELHA;Condutor deixou de manter dist�ncia do ve�culo da frente;Engavetamento;Com V�timas Feridas;Pleno dia;Decrescente;C�u Claro;Dupla;Reta;Sim;5;0;2;0;3;0;2;3;-26,72129308;-48,7022394;SPRF-SC;DEL03-SC;UOP02-DEL03-SC;;;
737034;06/12/2025;s�bado;17:00:00;RJ;40;109;DUQUE DE CAXIAS;Transitar no Acostamento;Colis�o traseira;Com V�timas Feridas;Anoitecer;Decrescente;C�u Claro;M�ltipla;Reta;Sim;2;0;1;0;1;0;1;2;-22,68181478;-43,28548412;SPRF-RJ;DEL01-RJ;UOP02-DEL01-RJ;;;
737035;07/12/2025;domingo;09:13:00;RJ;101;322;RIO DE JANEIRO;Demais falhas mec�nicas ou el�tricas;Inc�ndio;Sem V�timas;Pleno dia;Crescente;C�u Claro;Dupla;Reta;Sim;1;0;0;0;1;0;0;1;-22,87293288;-43,13363314;SPRF-RJ;DEL02-RJ;UOP01-DEL02-RJ;;;
737036;28/11/2025;sexta-feira;16:30:00;RJ;101;314;SAO GONCALO;Condutor deixou de manter dist�ncia do ve�culo da frente;Engavetamento;Com V�timas Feridas;Pleno dia;Decrescente;C�u Claro;Dupla;Reta;N�o;8;0;1;0;7;0;1;7;-22,84259794;-43,09666425;SPRF-RJ;DEL02-RJ;UOP02-DEL02-RJ;;;
737037;07/12/2025;domingo;09:10:00;MG;40;620;CONSELHEIRO LAFAIETE;Demais falhas mec�nicas ou el�tricas;Queda de ocupante de ve�culo;Com V�timas Feridas;Pleno dia;Crescente;Garoa/Chuvisco;Simples;Reta;N�o;2;0;2;0;0;0;2;1;-20,63709415;-43,81390572;SPRF-MG;DEL05-MG;UOP02-DEL05-MG;;;
737038;07/12/2025;domingo;00:00:00;MS;60;377,2;CAMPO GRANDE;Aus�ncia de rea��o do condutor;Sa�da de leito carro��vel;Sem V�timas;Plena Noite;Crescente;C�u Claro;Simples;Curva;N�o;1;0;0;0;0;1;0;1;-20,605214;-54,738341;SPRF-MS;DEL01-MS;UOP04-DEL01-MS;;;
737039;07/12/2025;domingo;09:40:00;CE;116;49,8;PACAJUS;Desrespeitar a prefer�ncia no cruzamento;Colis�o transversal;Com V�timas Feridas;Pleno dia;Decrescente;Sol;Dupla;Reta;N�o;5;0;1;1;3;0;2;2;-4,17205709;-38,49291801;SPRF-CE;DEL01-CE;UOP02-DEL01-CE;;;
737040;07/12/2025;domingo;06:00:00;PR;163;278;MARECHAL CANDIDO RONDON;Aus�ncia de rea��o do condutor;Sa�da de leito carro��vel;Sem V�timas;Pleno dia;Decrescente;C�u Claro;Dupla;"Curva;Declive";N�o;1;0;0;0;0;1;0;1;-24,56858174;-54,02236104;SPRF-PR;DEL06-PR;UOP02-DEL06-PR;;;
737041;07/12/2025;domingo;09:00:00;MG;381;531;ITATIAIUCU;Condutor Dormindo;Sa�da de leito carro��vel;Sem V�timas;Pleno dia;Crescente;Sol;Dupla;Curva;N�o;1;0;0;0;1;0;0;1;-20,163851;-44,360418;SPRF-MG;DEL04-MG;UOP03-DEL04-MG;;;
737043;07/12/2025;domingo;09:40:00;RS;386;417;MONTENEGRO;Rea��o tardia ou ineficiente do condutor;Sa�da de leito carro��vel;Com V�timas Feridas;Pleno dia;Crescente;C�u Claro;Dupla;Reta;N�o;1;0;1;0;0;0;1;1;-29,81970205;-51,45088753;SPRF-RS;DEL04-RS;UOP02-DEL04-RS;;;
737044;07/12/2025;domingo;07:00:00;MT;163;709;SORRISO;Pista Escorregadia;Sa�da de leito carro��vel;Sem V�timas;Pleno dia;Crescente;Chuva;Simples;Reta;N�o;1;0;0;0;0;1;0;1;-12,9041;-55,8494;SPRF-MT;DEL06-MT;UOP01-DEL06-MT;;;
737046;07/12/2025;domingo;10:15:00;GO;60;62,1;ABADIANIA;Acessar a via sem observar a presen�a dos outros ve�culos;Colis�o transversal;Com V�timas Feridas;Pleno dia;Decrescente;C�u Claro;Dupla;Reta;Sim;2;0;1;0;1;0;1;2;-16,189939;-48,712292;SPRF-GO;DEL02-GO;UOP01-DEL02-GO;;;
737049;07/12/2025;domingo;09:50:00;RN;101;129;NISIA FLORESTA;Manobra de mudan�a de faixa;Colis�o traseira;Com V�timas Feridas;Pleno dia;Crescente;C�u Claro;Dupla;"Aclive;Curva";N�o;5;0;1;0;4;0;1;2;-6,1163172;-35,2320375;SPRF-RN;DEL01-RN;UOP01-DEL01-RN;;;
737050;07/12/2025;domingo;09:26:00;PA;316;22;BENEVIDES;Aus�ncia de rea��o do condutor;Colis�o traseira;Com V�timas Feridas;Pleno dia;Decrescente;C�u Claro;Dupla;Reta;Sim;5;0;3;0;2;0;3;2;-1,35383268;-48,25758404;SPRF-PA;DEL01-PA;UOP01-DEL01-PA;;;
737051;07/12/2025;domingo;10:15:00;SC;101;139;BALNEARIO CAMBORIU;Trafegar com motocicleta (ou similar) entre as faixas;Colis�o traseira;Com V�timas Feridas;Pleno dia;Crescente;C�u Claro;Dupla;"Aclive;Curva";Sim;4;0;2;0;2;0;2;3;-27,03947493;-48,59998433;SPRF-SC;DEL04-SC;UOP03-DEL04-SC;;;
737052;07/12/2025;domingo;09:30:00;PR;476;145,5;CURITIBA;Rea��o tardia ou ineficiente do condutor;Sa�da de leito carro��vel;Com V�timas Feridas;Pleno dia;Crescente;C�u Claro;Dupla;Reta;Sim;6;0;5;1;0;0;6;1;-25,55023096;-49,32782857;SPRF-PR;DEL01-PR;UOP06-DEL01-PR;;;
737054;07/12/2025;domingo;10:40:00;SE;101;89;NOSSA SENHORA DO SOCORRO;Rea��o tardia ou ineficiente do condutor;Queda de ocupante de ve�culo;Com V�timas Feridas;Pleno dia;Decrescente;C�u Claro;Dupla;Reta;N�o;2;0;1;0;1;0;1;1;-10,88089013;-37,13366032;SPRF-SE;DEL01-SE;UOP01-DEL01-SE;;;
737055;07/12/2025;domingo;10:00:00;PE;232;4,6;RECIFE;Rea��o tardia ou ineficiente do condutor;Tombamento;Com V�timas Feridas;Pleno dia;Decrescente;C�u Claro;M�ltipla;Curva;Sim;1;0;1;0;0;0;1;1;-8,06636;-34,94015;SPRF-PE;DEL01-PE;UOP01-DEL01-PE;;;
737056;07/12/2025;domingo;11:00:00;SP;116;71;APARECIDA;Aus�ncia de rea��o do condutor;Colis�o traseira;Com V�timas Feridas;Pleno dia;Crescente;C�u Claro;Dupla;Reta;Sim;3;0;1;1;1;0;2;2;-22,85631481;-45,23119081;SPRF-SP;DEL08-SP;UOP01-DEL08-SP;;;
737057;07/12/2025;domingo;10:00:00;PR;376;301,3;MAUA DA SERRA;Aus�ncia de rea��o do condutor;Colis�o com objeto;Com V�timas Feridas;Pleno dia;Crescente;C�u Claro;Dupla;Curva;N�o;1;0;1;0;0;0;1;1;-23,93358374;-51,13607883;SPRF-PR;DEL07-PR;UOP02-DEL07-PR;;;
737058;07/12/2025;domingo;09:00:00;PR;376;335,6;ORTIGUEIRA;Rea��o tardia ou ineficiente do condutor;Sa�da de leito carro��vel;Com V�timas Feridas;Pleno dia;Decrescente;Sol;Simples;Curva;N�o;3;0;2;0;1;0;2;1;-24,139247;-51,005945;SPRF-PR;DEL07-PR;UOP02-DEL07-PR;;;
737059;07/12/2025;domingo;09:35:00;RN;304;24;MOSSORO;Ingest�o de �lcool pelo condutor;Sa�da de leito carro��vel;Com V�timas Feridas;Pleno dia;Crescente;C�u Claro;Simples;Rotat�ria;N�o;2;0;1;1;0;0;2;1;-5,06687169;-37,33113527;SPRF-RN;DEL04-RN;UOP02-DEL04-RN;;;
737060;07/12/2025;domingo;10:50:00;SP;116;74;APARECIDA;Aus�ncia de rea��o do condutor;Queda de ocupante de ve�culo;Com V�timas Feridas;Pleno dia;Crescente;C�u Claro;Dupla;"Reta;Retorno Regulamentado";Sim;1;0;1;0;0;0;1;1;-22,87249793;-45,24978638;SPRF-SP;DEL08-SP;UOP01-DEL08-SP;;;
737062;07/12/2025;domingo;11:50:00;RS;116;540,9;CAPAO DO LEAO;Rea��o tardia ou ineficiente do condutor;Tombamento;Com V�timas Feridas;Pleno dia;Crescente;C�u Claro;Simples;Reta;N�o;1;0;1;0;0;0;1;1;-31,82016474;-52,52729623;SPRF-RS;DEL07-RS;UOP01-DEL07-RS;;;
737063;07/12/2025;domingo;11:20:00;SC;101;1;FLORIANOPOLIS;Aus�ncia de rea��o do condutor;Colis�o traseira;Com V�timas Feridas;Pleno dia;Crescente;C�u Claro;Dupla;Reta;Sim;2;0;1;0;1;0;1;2;-27,60149;-48,57852;SPRF-SC;DEL03-SC;UOP01-DEL03-SC;;;
737064;07/12/2025;domingo;11:00:00;PE;101;44;IGARASSU;Aus�ncia de rea��o do condutor;Colis�o traseira;Com V�timas Feridas;Pleno dia;Decrescente;C�u Claro;M�ltipla;Reta;N�o;2;0;1;0;0;1;1;2;-7,8594491;-34,9083258;SPRF-PE;DEL01-PE;UOP02-DEL01-PE;;;
737065;07/12/2025;domingo;10:20:00;SC;101;35;JOINVILLE;Avarias e/ou desgaste excessivo no pneu;Tombamento;Com V�timas Feridas;Pleno dia;Decrescente;C�u Claro;Dupla;Curva;N�o;2;0;2;0;0;0;2;1;-26,26818124;-48,89613088;SPRF-SC;DEL03-SC;UOP01-DEL03-SC;;;
737066;07/12/2025;domingo;11:40:00;PR;153;41,9;SANTO ANTONIO DA PLATINA;Acessar a via sem observar a presen�a dos outros ve�culos;Colis�o transversal;Com V�timas Feridas;Pleno dia;Crescente;C�u Claro;Simples;Interse��o de Vias;Sim;2;0;1;0;1;0;1;2;-23,29705747;-50,06841866;SPRF-PR;DEL07-PR;UOP04-DEL07-PR;;;
737067;07/12/2025;domingo;10:05:00;RS;287;520;SAO BORJA;Aus�ncia de rea��o do condutor;Sa�da de leito carro��vel;Com V�timas Feridas;Pleno dia;Decrescente;C�u Claro;Simples;Curva;N�o;1;0;1;0;0;0;1;1;-28,72130262;-55,86238861;SPRF-RS;DEL12-RS;UOP01-DEL12-RS;;;
737068;07/12/2025;domingo;12:00:00;SC;101;214,2;PALHOCA;Rea��o tardia ou ineficiente do condutor;Colis�o lateral mesmo sentido;Com V�timas Feridas;Pleno dia;Crescente;C�u Claro;Dupla;Reta;Sim;2;0;1;0;1;0;1;2;-27,6467695;-48,6725214;SPRF-SC;DEL01-SC;UOP02-DEL01-SC;;;
737071;07/12/2025;domingo;11:32:00;PR;277;126;CAMPO LARGO;Rea��o tardia ou ineficiente do condutor;Colis�o traseira;Com V�timas Feridas;Pleno dia;Crescente;C�u Claro;Dupla;Reta;N�o;3;0;1;0;2;0;1;2;-25,43521;-49,53471;SPRF-PR;DEL03-PR;UOP03-DEL03-PR;;;
737073;07/12/2025;domingo;12:05:00;PE;232;171;BELO JARDIM;Velocidade Incompat�vel;Queda de ocupante de ve�culo;Com V�timas Feridas;Pleno dia;Decrescente;C�u Claro;Simples;Curva;N�o;1;0;0;1;0;0;1;1;-8,34187569;-36,34591866;SPRF-PE;DEL03-PE;UOP02-DEL03-PE;;;
737074;07/12/2025;domingo;12:27:00;RS;290;55,3;GLORINHA;Aus�ncia de rea��o do condutor;Colis�o com objeto;Sem V�timas;Pleno dia;Crescente;C�u Claro;Dupla;"Aclive;Reta";N�o;2;0;0;0;2;0;0;1;-29,9137974;-50,8108781;SPRF-RS;DEL03-RS;UOP01-DEL03-RS;;;
737075;07/12/2025;domingo;10:40:00;AC;364;134;RIO BRANCO;Desrespeitar a prefer�ncia no cruzamento;Colis�o traseira;Com V�timas Feridas;Pleno dia;Decrescente;Nublado;Dupla;Rotat�ria;Sim;2;0;1;0;1;0;1;2;-9,98683;-67,8454;SPRF-AC;DEL01-AC;UOP01-DEL01-AC;;;