id;data_inversa;dia_semana;horario;uf;br;km;municipio;causa_acidente;tipo_acidente;classificacao_acidente;fase_dia;sentido_via;condicao_metereologica;tipo_pista;tracado_via;uso_solo;pessoas;mortos;feridos_leves;feridos_graves;ilesos;ignorados;feridos;veiculos;latitude;longitude;regional;delegacia;uop;;;
737076;07/12/2025;domingo;11:30:00;GO;251;18;CRISTALINA;Acessar a via sem observar a presen�a dos outros ve�culos;Colis�o transversal;Com V�timas Feridas;Pleno dia;Decrescente;Nublado;Simples;Interse��o de Vias;N�o;2;0;1;0;1;0;1;2;-16,180747;-47,469282;SPRF-DF;DEL01-DF;UOP01-DEL01-DF;;;
737077;07/12/2025;domingo;10:00:00;AM;174;955;MANAUS;Aus�ncia de rea��o do condutor;Sa�da de leito carro��vel;Com V�timas Feridas;Pleno dia;Decrescente;C�u Claro;Simples;Reta;N�o;2;0;2;0;0;0;2;1;-2,34257;-60,04572;SPRF-AM;DEL01-AM;UOP01-DEL01-AM;;;
737079;07/12/2025;domingo;12:40:00;RS;116;152,4;CAXIAS DO SUL;Rea��o tardia ou ineficiente do condutor;Tombamento;Com V�timas Feridas;Pleno dia;Crescente;Sol;Dupla;Curva;Sim;2;0;1;0;0;1;1;2;-29,18416355;-51,17187023;SPRF-RS;DEL05-RS;UOP01-DEL05-RS;;;
737080;07/12/2025;domingo;09:40:00;MG;381;713;CARMO DA CACHOEIRA;Aus�ncia de rea��o do condutor;Sa�da de leito carro��vel;Com V�timas Feridas;Pleno dia;Crescente;Sol;Dupla;"Retorno Regulamentado;Curva";N�o;1;0;1;0;0;0;1;1;-21,37423793;-45,19190535;SPRF-MG;DEL04-MG;UOP02-DEL04-MG;;;
737081;07/12/2025;domingo;12:30:00;SP;116;118,9;TAUBATE;Trafegar com motocicleta (ou similar) entre as faixas;Colis�o lateral mesmo sentido;Com V�timas Feridas;Pleno dia;Decrescente;Sol;Dupla;Reta;N�o;4;0;0;2;2;0;2;3;-23,06204338;-45,62416077;SPRF-SP;DEL02-SP;UOP02-DEL02-SP;;;
737082;07/12/2025;domingo;11:55:00;SP;116;118;TAUBATE;Rea��o tardia ou ineficiente do condutor;Colis�o traseira;Sem V�timas;Pleno dia;Decrescente;C�u Claro;Dupla;Reta;N�o;2;0;0;0;1;1;0;2;-23,06344326;-45,62780254;SPRF-SP;DEL02-SP;UOP02-DEL02-SP;;;
737083;07/12/2025;domingo;13:50:00;RS;116;523,5;PELOTAS;Velocidade Incompat�vel;Tombamento;Com V�timas Feridas;Pleno dia;Decrescente;C�u Claro;M�ltipla;"Interse��o de Vias;Viaduto;Curva";Sim;1;0;1;0;0;0;1;1;-31,726253;-52,383183;SPRF-RS;DEL07-RS;UOP01-DEL07-RS;;;
737085;07/12/2025;domingo;12:20:00;PR;476;109;COLOMBO;Acessar a via sem observar a presen�a dos outros ve�culos;Colis�o transversal;Com V�timas Feridas;Pleno dia;Decrescente;Sol;Simples;Reta;Sim;3;0;1;0;2;0;1;2;-25,30797009;-49,143852;SPRF-PR;DEL01-PR;UOP01-DEL01-PR;;;
737088;07/12/2025;domingo;11:00:00;SP;459;6;PIQUETE;Curva acentuada;Tombamento;Com V�timas Feridas;Pleno dia;Crescente;Sol;Simples;"Declive;Curva";N�o;2;0;2;0;0;0;2;1;-22,59130169;-45,18609837;SPRF-SP;DEL08-SP;UOP02-DEL08-SP;;;
737090;07/12/2025;domingo;13:50:00;SC;101;357,9;SANGAO;Rea��o tardia ou ineficiente do condutor;Sa�da de leito carro��vel;Com V�timas Feridas;Pleno dia;Crescente;C�u Claro;Simples;Reta;N�o;1;0;1;0;0;0;1;1;-28,65405087;-49,10779333;SPRF-SC;DEL02-SC;UOP01-DEL02-SC;;;
737091;07/12/2025;domingo;13:50:00;SC;101;228,5;PALHOCA;Velocidade Incompat�vel;Colis�o traseira;Com V�timas Feridas;Pleno dia;Decrescente;Sol;Dupla;Reta;Sim;3;0;1;1;1;0;2;2;-27,76204785;-48,63054022;SPRF-SC;DEL01-SC;UOP02-DEL01-SC;;;
737092;07/12/2025;domingo;13:40:00;GO;60;1,2;SANTO ANTONIO DO DESCOBERTO;Rea��o tardia ou ineficiente do condutor;Sa�da de leito carro��vel;Com V�timas Feridas;Pleno dia;Crescente;Chuva;Dupla;Curva;N�o;1;0;1;0;0;0;1;1;-16,062577;-48,264547;SPRF-DF;DEL03-DF;UOP01-DEL03-DF;;;
737093;07/12/2025;domingo;14:55:00;SP;381;67;MAIRIPORA;Rea��o tardia ou ineficiente do condutor;Colis�o traseira;Com V�timas Feridas;Pleno dia;Crescente;C�u Claro;M�ltipla;Reta;N�o;3;0;1;0;2;0;1;2;-23,33169005;-46,57723395;SPRF-SP;DEL03-SP;UOP01-DEL03-SP;;;
737096;07/12/2025;domingo;13:30:00;PA;316;42;SANTA IZABEL DO PARA;Aus�ncia de rea��o do condutor;Colis�o traseira;Com V�timas Feridas;Pleno dia;Crescente;C�u Claro;Dupla;Reta;N�o;3;0;2;0;1;0;2;2;-1,27596082;-48,09732914;SPRF-PA;DEL01-PA;UOP01-DEL01-PA;;;
737097;07/12/2025;domingo;14:20:00;SP;116;496,2;CAJATI;Avarias e/ou desgaste excessivo no pneu;Tombamento;Com V�timas Feridas;Pleno dia;Crescente;C�u Claro;Dupla;Curva;N�o;2;0;2;0;0;0;2;1;-24,75084301;-48,15241623;SPRF-SP;DEL05-SP;UOP01-DEL05-SP;;;
737098;07/12/2025;domingo;14:40:00;RJ;101;521,5;ANGRA DOS REIS;Rea��o tardia ou ineficiente do condutor;Sa�da de leito carro��vel;Com V�timas Feridas;Pleno dia;Crescente;Sol;Simples;Retorno Regulamentado;N�o;2;0;2;0;0;0;2;1;-23,00331549;-44,46131587;SPRF-RJ;DEL03-RJ;UOP03-DEL03-RJ;;;
737099;07/12/2025;domingo;15:00:00;SP;116;81,6;ROSEIRA;Rea��o tardia ou ineficiente do condutor;Colis�o traseira;Com V�timas Feridas;Pleno dia;Crescente;Sol;Dupla;Reta;N�o;6;0;2;0;3;1;2;2;-22,90775898;-45,31630862;SPRF-SP;DEL08-SP;UOP01-DEL08-SP;;;
737102;07/12/2025;domingo;11:30:00;MG;365;173;BURITIZEIRO;Rea��o tardia ou ineficiente do condutor;Sa�da de leito carro��vel;Com V�timas Feridas;Pleno dia;Decrescente;Nublado;Simples;Curva;N�o;1;0;1;0;0;0;1;1;-17,40301;-45,01287;SPRF-MG;DEL10-MG;UOP02-DEL010-MG;;;
737103;07/12/2025;domingo;16:00:00;MG;267;67,6;BICAS;Condutor Dormindo;Sa�da de leito carro��vel;Com V�timas Feridas;Pleno dia;Decrescente;C�u Claro;Simples;Reta;N�o;1;0;1;0;0;0;1;1;-21,73153609;-43,0823593;SPRF-MG;DEL05-MG;UOP01-DEL05-MG;;;
737104;07/12/2025;domingo;10:40:00;GO;60;303;ACREUNA;Acumulo de areia ou detritos sobre o pavimento;Queda de ocupante de ve�culo;Com V�timas Feridas;Pleno dia;Decrescente;C�u Claro;Simples;Retorno Regulamentado;Sim;1;0;1;0;0;0;1;1;-17,389257;-50,378222;SPRF-GO;DEL04-GO;UOP02-DEL04-GO;;;
737105;07/12/2025;domingo;15:45:00;RS;287;248,7;SANTA MARIA;Ingest�o de �lcool pelo condutor;Colis�o transversal;Com V�timas Feridas;Pleno dia;Crescente;C�u Claro;Dupla;Rotat�ria;Sim;5;0;2;0;3;0;2;2;-29,694741;-53,858395;SPRF-RS;DEL09-RS;UOP01-DEL09-RS;;;
737108;07/12/2025;domingo;16:00:00;RS;116;293;ELDORADO DO SUL;Aus�ncia de rea��o do condutor;Tombamento;Com V�timas Feridas;Pleno dia;Decrescente;C�u Claro;Dupla;Reta;N�o;2;0;2;0;0;0;2;1;-30,05720849;-51,33705139;SPRF-RS;DEL02-RS;UOP01-DEL02-RS;;;
737109;07/12/2025;domingo;16:00:00;RJ;493;115;ITAGUAI;Condutor Dormindo;Colis�o com objeto;Com V�timas Feridas;Pleno dia;Decrescente;C�u Claro;Dupla;Reta;N�o;5;0;4;1;0;0;5;1;-22,8589104;-43,81168;SPRF-RJ;DEL03-RJ;UOP01-DEL03-RJ;;;
737110;07/12/2025;domingo;14:20:00;ES;262;102;VENDA NOVA DO IMIGRANTE;Rea��o tardia ou ineficiente do condutor;Tombamento;Com V�timas Feridas;Pleno dia;Crescente;Nublado;Simples;Curva;N�o;1;0;1;0;0;0;1;1;-20,34907732;-41,1030234;SPRF-ES;DEL01-ES;UOP02-DEL01-ES;;;
737111;07/12/2025;domingo;15:30:00;MG;381;485;BETIM;Manobra de mudan�a de faixa;Colis�o lateral mesmo sentido;Com V�timas Feridas;Pleno dia;Crescente;C�u Claro;Dupla;Reta;Sim;3;0;2;0;1;0;2;2;-19,95570622;-44,09612624;SPRF-MG;DEL01-MG;UOP03-DEL01-MG;;;
737112;07/12/2025;domingo;15:40:00;GO;153;427,8;ANAPOLIS;Acessar a via sem observar a presen�a dos outros ve�culos;Colis�o lateral mesmo sentido;Sem V�timas;Pleno dia;Crescente;Nublado;Dupla;Reta;Sim;2;0;0;0;1;1;0;2;-16,25178531;-48,99566585;SPRF-GO;DEL02-GO;UOP01-DEL02-GO;;;
737113;07/12/2025;domingo;15:54:00;SE;101;22;SAO FRANCISCO;Rea��o tardia ou ineficiente do condutor;Colis�o com objeto;Com V�timas Feridas;Pleno dia;Decrescente;C�u Claro;Dupla;Reta;N�o;1;0;1;0;0;0;1;1;-10,34650436;-36,89794628;SPRF-SE;DEL02-SE;UOP02-DEL02-SE;;;
737114;07/12/2025;domingo;16:00:00;BA;330;803;JEQUIE;Frear bruscamente;Colis�o traseira;Com V�timas Feridas;Pleno dia;Decrescente;Nublado;Simples;Declive;N�o;9;0;3;0;6;0;3;3;-13,97011;-39,957592;SPRF-BA;DEL03-BA;UOP01-DEL03-BA;;;
737115;07/12/2025;domingo;16:30:00;RS;386;344;LAJEADO;Ingest�o de �lcool pelo condutor;Sa�da de leito carro��vel;Com V�timas Fatais;Pleno dia;Crescente;Sol;M�ltipla;"Curva;Declive";Sim;2;1;0;1;0;0;1;1;-29,43994751;-51,99303238;SPRF-RS;DEL04-RS;UOP01-DEL04-RS;;;
737116;07/12/2025;domingo;16:10:00;SC;470;31,9;GASPAR;Ingest�o de �lcool pelo condutor;Colis�o traseira;Com V�timas Feridas;Pleno dia;Crescente;C�u Claro;Dupla;Reta;N�o;5;0;4;0;1;0;4;2;-26,90115653;-48,93107772;SPRF-SC;DEL04-SC;UOP01-DEL04-SC;;;
737117;07/12/2025;domingo;15:50:00;RN;226;48;BOM JESUS;Ingest�o de �lcool pelo condutor;Colis�o traseira;Sem V�timas;Pleno dia;Crescente;C�u Claro;Simples;Reta;Sim;2;0;0;0;2;0;0;2;-5,988292;-35,590673;SPRF-RN;DEL01-RN;UOP02-DEL01-RN;;;
737118;07/12/2025;domingo;17:00:00;SC;470;29,9;GASPAR;Condutor deixou de manter dist�ncia do ve�culo da frente;Colis�o traseira;Com V�timas Feridas;Pleno dia;Crescente;C�u Claro;Dupla;Curva;N�o;5;0;2;0;3;0;2;2;-26,89329148;-48,91426563;SPRF-SC;DEL04-SC;UOP01-DEL04-SC;;;
737119;07/12/2025;domingo;16:29:00;TO;10;429;PALMAS;Rea��o tardia ou ineficiente do condutor;Sa�da de leito carro��vel;Com V�timas Feridas;Pleno dia;Crescente;C�u Claro;Simples;Reta;N�o;1;0;1;0;0;0;1;1;-10,398464;-48,3035;SPRF-TO;DEL01-TO;UOP03-DEL01-TO;;;
737120;07/12/2025;domingo;16:45:00;SC;101;225;PALHOCA;Condutor deixou de manter dist�ncia do ve�culo da frente;Colis�o traseira;Com V�timas Feridas;Pleno dia;Decrescente;C�u Claro;Dupla;Reta;N�o;2;0;0;1;1;0;1;2;-27,7369866;-48,639662;SPRF-SC;DEL01-SC;UOP02-DEL01-SC;;;
737121;07/12/2025;domingo;16:30:00;RJ;101;422;MANGARATIBA;Aus�ncia de rea��o do condutor;Colis�o traseira;Com V�timas Feridas;Pleno dia;Decrescente;C�u Claro;Simples;Declive;N�o;2;0;1;0;1;0;1;2;-22,9349476;-43,9992076;SPRF-RJ;DEL03-RJ;UOP02-DEL03-RJ;;;
737122;07/12/2025;domingo;17:15:00;GO;60;79;ANAPOLIS;Ingest�o de �lcool pelo condutor;Colis�o traseira;Com V�timas Feridas;Pleno dia;Crescente;Nublado;Dupla;Reta;Sim;3;0;1;0;1;1;1;2;-16,300503;-48,812515;SPRF-GO;DEL02-GO;UOP01-DEL02-GO;;;
737123;07/12/2025;domingo;17:00:00;MG;40;550,8;NOVA LIMA;Ingest�o de �lcool pelo condutor;Colis�o traseira;Sem V�timas;Pleno dia;Crescente;Nublado;Dupla;Reta;Sim;2;0;0;0;2;0;0;2;-20,04974647;-43,96646976;SPRF-MG;DEL01-MG;UOP02-DEL01-MG;;;
737124;05/12/2025;sexta-feira;19:25:00;GO;40;12,3;LUZIANIA;Ingest�o de �lcool pelo condutor;Colis�o traseira;Sem V�timas;Plena Noite;Crescente;Chuva;Dupla;Reta;Sim;3;0;0;0;3;0;0;2;-16,147911;-47,942875;SPRF-DF;DEL01-DF;UOP01-DEL01-DF;;;
737125;07/12/2025;domingo;16:30:00;PE;232;407;SERRA TALHADA;Aus�ncia de rea��o do condutor;Tombamento;Com V�timas Feridas;Pleno dia;Crescente;C�u Claro;Simples;"Retorno Regulamentado;Reta;Interse��o de Vias";N�o;1;0;1;0;0;0;1;1;-7,984815;-38,275052;SPRF-PE;DEL04-PE;UOP01-DEL04-PE;;;
737126;07/12/2025;domingo;11:15:00;GO;153;584;PROFESSOR JAMIL;Acumulo de �gua sobre o pavimento;Sa�da de leito carro��vel;Com V�timas Feridas;Pleno dia;Crescente;Chuva;Dupla;Reta;N�o;2;0;1;0;1;0;1;2;-17,402915;-49,223675;SPRF-GO;DEL03-GO;UOP01-DEL03-GO;;;
737128;06/12/2025;s�bado;22:30:00;RJ;40;119;DUQUE DE CAXIAS;Acessar a via sem observar a presen�a dos outros ve�culos;Colis�o transversal;Com V�timas Feridas;Plena Noite;Decrescente;C�u Claro;M�ltipla;Reta;Sim;3;0;0;1;1;1;1;2;-22,77262473;-43,28592394;SPRF-RJ;DEL01-RJ;UOP02-DEL01-RJ;;;
737130;07/12/2025;domingo;17:20:00;MG;262;350;BETIM;Aus�ncia de rea��o do condutor;Sa�da de leito carro��vel;Com V�timas Feridas;Pleno dia;Decrescente;C�u Claro;Dupla;Reta;N�o;1;0;0;1;0;0;1;1;-19,97860678;-44,21984045;SPRF-MG;DEL01-MG;UOP03-DEL01-MG;;;
737131;07/12/2025;domingo;11:20:00;BA;101;745;ITABELA;Acessar a via sem observar a presen�a dos outros ve�culos;Colis�o transversal;Com V�timas Feridas;Pleno dia;Crescente;C�u Claro;Simples;Reta;Sim;2;0;0;2;0;0;2;2;-16,57477;-39,558292;SPRF-BA;DEL09-BA;UOP01-DEL09-BA;;;
737132;07/12/2025;domingo;16:10:00;GO;153;530;HIDROLANDIA;Pedestre - Ingest�o de �lcool/ subst�ncias psicoativas;Atropelamento de Pedestre;Com V�timas Feridas;Pleno dia;Decrescente;Chuva;Dupla;Reta;Sim;5;0;1;2;2;0;3;2;-16,97011405;-49,23248291;SPRF-GO;DEL01-GO;UOP03-DEL01-GO;;;
737133;07/12/2025;domingo;17:30:00;PE;101;65,6;RECIFE;�rea urbana sem a presen�a de local apropriado para a travessia de pedestres;Atropelamento de Pedestre;Com V�timas Feridas;Anoitecer;Crescente;C�u Claro;Dupla;Reta;Sim;3;0;3;0;0;0;3;2;-8,03;-34,94299;SPRF-PE;DEL01-PE;UOP01-DEL01-PE;;;
737136;17/10/2025;sexta-feira;06:10:00;PR;376;597;CURITIBA;Rea��o tardia ou ineficiente do condutor;Tombamento;Com V�timas Feridas;Pleno dia;Crescente;Ignorado;Dupla;Reta;Sim;1;0;1;0;0;0;1;1;-25,482468;-49,348362;SPRF-PR;DEL01-PR;UOP03-DEL01-PR;;;
737137;07/12/2025;domingo;18:15:00;RS;116;270;PORTO ALEGRE;Afundamento ou ondula��o no pavimento;Colis�o lateral mesmo sentido;Com V�timas Feridas;Pleno dia;Decrescente;C�u Claro;Simples;Curva;N�o;2;0;1;0;1;0;1;2;-29,96906147;-51,17645101;SPRF-RS;DEL01-RS;UOP01-DEL01-RS;;;
737138;07/12/2025;domingo;17:00:00;PI;316;64;MONSENHOR GIL;Aus�ncia de rea��o do condutor;Colis�o traseira;Com V�timas Fatais;Pleno dia;Decrescente;C�u Claro;Simples;Curva;N�o;2;1;0;0;0;1;0;2;-5,61415348;-42,60473848;SPRF-PI;DEL01-PI;UOP02-DEL01-PI;;;
737139;07/12/2025;domingo;17:50:00;PE;428;188,5;PETROLINA;Pedestre - Ingest�o de �lcool/ subst�ncias psicoativas;Atropelamento de Pedestre;Com V�timas Feridas;Anoitecer;Decrescente;C�u Claro;Dupla;"Viaduto;Reta";Sim;2;0;1;0;1;0;1;2;-9,376328;-40,494653;SPRF-PE;DEL06-PE;UOP01-DEL06-PE;;;
737140;07/12/2025;domingo;18:20:00;PR;277;14;PARANAGUA;Aus�ncia de rea��o do condutor;Colis�o com objeto;Com V�timas Feridas;Anoitecer;Crescente;C�u Claro;Dupla;Reta;N�o;2;0;2;0;0;0;2;1;-25,55708;-48,654698;SPRF-PR;DEL01-PR;UOP05-DEL01-PR;;;
737141;07/12/2025;domingo;18:30:00;SP;116;145,5;SAO JOSE DOS CAMPOS;Aus�ncia de rea��o do condutor;Colis�o traseira;Com V�timas Feridas;Anoitecer;Crescente;Chuva;M�ltipla;"Declive;Reta";N�o;2;0;1;0;1;0;1;2;-23,18799273;-45,85728765;SPRF-SP;DEL02-SP;UOP01-DEL02-SP;;;
737142;07/12/2025;domingo;18:20:00;BA;116;442;FEIRA DE SANTANA;Velocidade Incompat�vel;Capotamento;Sem V�timas;Plena Noite;Decrescente;C�u Claro;Dupla;Curva;N�o;1;0;0;0;0;1;0;1;-12,33972608;-39,08065033;SPRF-BA;DEL02-BA;UOP01-DEL02-BA;;;
737143;07/12/2025;domingo;18:00:00;PR;277;4,3;CURITIBA;Condutor deixou de manter dist�ncia do ve�culo da frente;Colis�o traseira;Sem V�timas;Anoitecer;Crescente;C�u Claro;Dupla;"Declive;Reta";Sim;2;0;0;0;2;0;0;2;-25,430094;-49,3222576;SPRF-PR;DEL01-PR;UOP06-DEL01-PR;;;
737144;07/12/2025;domingo;18:30:00;PR;376;654;TIJUCAS DO SUL;Rea��o tardia ou ineficiente do condutor;Sa�da de leito carro��vel;Com V�timas Feridas;Anoitecer;Decrescente;C�u Claro;Simples;"Retorno Regulamentado;Aclive;Reta";N�o;4;0;2;0;2;0;2;1;-25,84624714;-49,06700134;SPRF-PR;DEL01-PR;UOP04-DEL01-PR;;;
737145;07/12/2025;domingo;17:50:00;GO;20;31;FORMOSA;Acessar a via sem observar a presen�a dos outros ve�culos;Colis�o transversal;Sem V�timas;Pleno dia;Decrescente;Nublado;Dupla;Reta;Sim;2;0;0;0;2;0;0;2;-15,48934;-47,10434;SPRF-DF;DEL02-DF;UOP02-DEL02-DF;;;
737147;07/12/2025;domingo;19:20:00;ES;262;48,5;MARECHAL FLORIANO;Ultrapassagem Indevida;Colis�o frontal;Com V�timas Feridas;Plena Noite;Crescente;Nublado;Simples;"Reta;Aclive";N�o;4;0;2;1;1;0;3;2;-20,41173426;-40,69081513;SPRF-ES;DEL01-ES;UOP01-DEL01-ES;;;
737148;07/12/2025;domingo;17:10:00;SC;282;572;NOVA ERECHIM;Ingest�o de �lcool pelo condutor;Colis�o frontal;Com V�timas Feridas;Pleno dia;Decrescente;Sol;Simples;Reta;Sim;4;0;2;0;2;0;2;2;-26,88142066;-52,94365017;SPRF-SC;DEL07-SC;UOP02-DEL07-SC;;;
737149;07/12/2025;domingo;15:10:00;GO;364;22;PARANAIGUARA;Ingest�o de �lcool pelo condutor;Tombamento;Com V�timas Feridas;Pleno dia;Crescente;Nublado;Simples;Interse��o de Vias;N�o;1;0;1;0;0;0;1;1;-18,86752926;-50,58617593;SPRF-GO;DEL05-GO;UOP02-DEL05-GO;;;
737150;07/12/2025;domingo;19:40:00;MG;381;350;JOAO MONLEVADE;Acesso irregular;Atropelamento de Pedestre;Com V�timas Feridas;Anoitecer;Crescente;C�u Claro;Simples;Reta;N�o;2;0;0;1;1;0;1;2;-19,8499841;-43,1510453;SPRF-MG;DEL03-MG;UOP01-DEL03-MG;;;
737152;07/12/2025;domingo;19:12:00;PB;230;18;JOAO PESSOA;Suic�dio (presumido);Colis�o com objeto;Com V�timas Fatais;Plena Noite;Decrescente;C�u Claro;Dupla;Aclive;Sim;4;1;2;1;0;0;3;1;-7,1253;-34,845253;SPRF-PB;DEL01-PB;UOP01-DEL01-PB;;;
737154;07/12/2025;domingo;19:10:00;SC;101;444;SANTA ROSA DO SUL;Demais falhas mec�nicas ou el�tricas;Inc�ndio;Sem V�timas;Anoitecer;Crescente;C�u Claro;Simples;Reta;Sim;1;0;0;0;0;1;0;1;-29,13603693;-49,70933408;SPRF-SC;DEL02-SC;UOP02-DEL02-SC;;;
737155;07/12/2025;domingo;19:25:00;PR;153;23;JACAREZINHO;Rea��o tardia ou ineficiente do condutor;Sa�da de leito carro��vel;Sem V�timas;Plena Noite;Decrescente;C�u Claro;Simples;Rotat�ria;Sim;1;0;0;0;0;1;0;1;-23,18078146;-49,97963302;SPRF-PR;DEL07-PR;UOP04-DEL07-PR;;;
737156;07/12/2025;domingo;20:00:00;PR;163;15;BARRACAO;Chuva;Sa�da de leito carro��vel;Com V�timas Fatais;Plena Noite;Crescente;Garoa/Chuvisco;Simples;Reta;N�o;3;2;1;0;0;0;1;2;-26,206907;-53,641314;SPRF-PR;DEL02-PR;UOP02-DEL02-PR;;;
737157;07/12/2025;domingo;19:45:00;PR;277;4,5;PARANAGUA;Retorno proibido;Colis�o transversal;Com V�timas Feridas;Plena Noite;Decrescente;Nublado;Simples;Curva;Sim;2;0;1;1;0;0;2;2;-25,5535598;-48,5621676;SPRF-PR;DEL01-PR;UOP05-DEL01-PR;;;
737158;07/12/2025;domingo;19:30:00;SP;116;167;JACAREI;Demais falhas mec�nicas ou el�tricas;Tombamento;Com V�timas Feridas;Anoitecer;Decrescente;C�u Claro;Dupla;Reta;N�o;2;0;2;0;0;0;2;1;-23,30334469;-46,02832577;SPRF-SP;DEL02-SP;UOP01-DEL02-SP;;;
737159;07/12/2025;domingo;19:40:00;PR;116;126;FAZENDA RIO GRANDE;Aus�ncia de rea��o do condutor;Colis�o traseira;Com V�timas Feridas;Plena Noite;Decrescente;C�u Claro;Dupla;Reta;Sim;2;0;1;0;1;0;1;2;-25,63827116;-49,31300132;SPRF-PR;DEL01-PR;UOP03-DEL01-PR;;;
737160;07/12/2025;domingo;19:00:00;RS;285;213,7;CASEIROS;Rea��o tardia ou ineficiente do condutor;Sa�da de leito carro��vel;Com V�timas Feridas;Anoitecer;Decrescente;C�u Claro;Simples;Curva;N�o;2;0;1;0;1;0;1;1;-28,25141;-51,65048;SPRF-RS;DEL08-RS;UOP05-DEL08-RS;;;
737161;07/12/2025;domingo;17:35:00;AC;364;111;RIO BRANCO;Demais falhas mec�nicas ou el�tricas;Capotamento;Com V�timas Feridas;Pleno dia;Crescente;C�u Claro;Simples;"Reta;Declive";N�o;3;0;2;0;1;0;2;1;-10,01367;-67,68174;SPRF-AC;DEL01-AC;UOP01-DEL01-AC;;;
737162;07/12/2025;domingo;19:30:00;RS;285;451;IJUI;Desrespeitar a prefer�ncia no cruzamento;Colis�o transversal;Com V�timas Feridas;Plena Noite;Crescente;C�u Claro;Simples;"Reta;Interse��o de Vias";Sim;2;0;2;0;0;0;2;2;-28,373769;-53,851971;SPRF-RS;DEL10-RS;UOP01-DEL10-RS;;;
737164;07/12/2025;domingo;19:30:00;PR;272;366;CAMPO MOURAO;Transitar na contram�o;Colis�o frontal;Com V�timas Feridas;Plena Noite;Crescente;C�u Claro;Dupla;Reta;Sim;4;0;2;1;0;1;3;2;-24,04944297;-52,39942329;SPRF-PR;DEL09-PR;UOP03-DEL09-PR;;;
737165;07/12/2025;domingo;19:20:00;MG;40;532;BELO HORIZONTE;Trafegar com motocicleta (ou similar) entre as faixas;Colis�o lateral mesmo sentido;Com V�timas Feridas;Plena Noite;Crescente;C�u Claro;Dupla;"Reta;Declive";Sim;3;0;1;0;1;1;1;3;-19,923964;-44,016632;SPRF-MG;DEL01-MG;UOP02-DEL01-MG;;;
737166;07/12/2025;domingo;17:50:00;RS;153;47;ERECHIM;Acesso irregular;Colis�o transversal;Com V�timas Feridas;Pleno dia;Crescente;C�u Claro;Simples;Rotat�ria;Sim;2;0;1;0;1;0;1;2;-27,57722087;-52,22523808;SPRF-RS;DEL08-RS;UOP04-DEL08-RS;;;
737168;07/12/2025;domingo;18:50:00;RS;153;45,9;ERECHIM;Rea��o tardia ou ineficiente do condutor;Capotamento;Com V�timas Feridas;Pleno dia;Crescente;Nublado;Simples;Reta;Sim;4;0;4;0;0;0;4;1;-27,63913;-52,24188;SPRF-RS;DEL08-RS;UOP04-DEL08-RS;;;
737169;07/12/2025;domingo;20:00:00;RJ;116;189;NOVA IGUACU;Rea��o tardia ou ineficiente do condutor;Queda de ocupante de ve�culo;Com V�timas Feridas;Plena Noite;Crescente;Nublado;Dupla;Reta;N�o;1;0;1;0;0;0;1;1;-22,73792731;-43,49305836;SPRF-RJ;DEL06-RJ;UOP01-DEL06-RJ;;;
737170;07/12/2025;domingo;19:00:00;SC;280;297,6;PORTO UNIAO;Ultrapassagem Indevida;Colis�o frontal;Com V�timas Feridas;Plena Noite;Crescente;Nublado;Simples;Curva;N�o;3;0;0;1;2;0;1;3;-26,28064925;-50,99788137;SPRF-SC;DEL06-SC;UOP04-DEL06-SC;;;
737171;07/12/2025;domingo;19:30:00;SP;116;161;JACAREI;Condutor deixou de manter dist�ncia do ve�culo da frente;Engavetamento;Com V�timas Feridas;Plena Noite;Decrescente;Nublado;Dupla;Reta;N�o;7;0;3;0;3;1;3;5;-23,27479078;-45,97373843;SPRF-SP;DEL02-SP;UOP01-DEL02-SP;;;
737172;07/12/2025;domingo;19:50:00;MG;40;24;ALMENARA;Acessar a via sem observar a presen�a dos outros ve�culos;Colis�o transversal;Com V�timas Feridas;Plena Noite;Crescente;Nublado;Dupla;Reta;Sim;6;0;2;0;4;0;2;2;-16,24462;-40,790676;SPRF-MG;DEL14-MG;UOP01-DEL14-MG;;;
737173;07/12/2025;domingo;18:00:00;PR;153;353;REBOUCAS;Aus�ncia de rea��o do condutor;Sa�da de leito carro��vel;Sem V�timas;Pleno dia;Decrescente;C�u Claro;Simples;Curva;N�o;1;0;0;0;0;1;0;1;-25,62505609;-50,71352289;SPRF-PR;DEL08-PR;UOP02-DEL08-PR;;;
737174;07/12/2025;domingo;19:45:00;MG;381;337;JOAO MONLEVADE;Aus�ncia de rea��o do condutor;Queda de ocupante de ve�culo;Com V�timas Feridas;Plena Noite;Crescente;C�u Claro;Simples;Reta;N�o;1;0;0;1;0;0;1;1;-19,8269444;-43,1783391;SPRF-MG;DEL03-MG;UOP01-DEL03-MG;;;
737175;07/12/2025;domingo;19:20:00;RJ;393;256;BARRA DO PIRAI;Ingest�o de �lcool pelo condutor;Colis�o lateral sentido oposto;Com V�timas Feridas;Plena Noite;Decrescente;C�u Claro;Simples;Reta;N�o;5;0;2;1;2;0;3;4;-22,458397;-43,845357;SPRF-RJ;DEL05-RJ;UOP04-DEL05-RJ;;;
737176;07/12/2025;domingo;19:40:00;GO;60;170;GOIANIA;Aus�ncia de rea��o do condutor;Queda de ocupante de ve�culo;Com V�timas Feridas;Plena Noite;Decrescente;Garoa/Chuvisco;Dupla;"Declive;Reta";N�o;1;0;0;1;0;0;1;1;-16,737457;-49,405917;SPRF-GO;DEL01-GO;UOP02-DEL01-GO;;;