id;data_inversa;dia_semana;horario;uf;br;km;municipio;causa_acidente;tipo_acidente;classificacao_acidente;fase_dia;sentido_via;condicao_metereologica;tipo_pista;tracado_via;uso_solo;pessoas;mortos;feridos_leves;feridos_graves;ilesos;ignorados;feridos;veiculos;latitude;longitude;regional;delegacia;uop;;;
737177;07/12/2025;domingo;19:30:00;SC;101;147,9;ITAPEMA;Ingest�o de �lcool pelo condutor;Sa�da de leito carro��vel;Com V�timas Feridas;Plena Noite;Crescente;Nublado;Dupla;Reta;Sim;2;0;1;0;1;0;1;1;-27,092386;-48,617639;SPRF-SC;DEL04-SC;UOP03-DEL04-SC;;;
737178;07/12/2025;domingo;20:45:00;SP;116;110;TAUBATE;Rea��o tardia ou ineficiente do condutor;Queda de ocupante de ve�culo;Com V�timas Feridas;Plena Noite;Crescente;C�u Claro;Dupla;Reta;N�o;1;0;1;0;0;0;1;1;-23,0318119;-45,54896705;SPRF-SP;DEL02-SP;UOP02-DEL02-SP;;;
737179;07/12/2025;domingo;19:20:00;SP;116;420;JUQUIA;Rea��o tardia ou ineficiente do condutor;Colis�o com objeto;Com V�timas Feridas;Plena Noite;Decrescente;C�u Claro;Dupla;Reta;N�o;1;0;1;0;0;0;1;1;-24,35526799;-47,6765871;SPRF-SP;DEL05-SP;UOP01-DEL05-SP;;;
737180;07/12/2025;domingo;21:20:00;RJ;116;169;RIO DE JANEIRO;Ingest�o de �lcool pelo condutor;Colis�o com objeto;Sem V�timas;Plena Noite;Decrescente;C�u Claro;M�ltipla;Reta;Sim;1;0;0;0;1;0;0;1;-22,8183481;-43,32089961;SPRF-RJ;DEL06-RJ;UOP01-DEL06-RJ;;;
737182;07/12/2025;domingo;20:00:00;SC;158;111;CUNHA PORA;Ingest�o de �lcool pelo condutor;Colis�o lateral sentido oposto;Com V�timas Feridas;Plena Noite;Crescente;C�u Claro;Simples;Curva;N�o;1;0;1;0;0;0;1;1;-26,90111542;-53,19010947;SPRF-SC;DEL07-SC;UOP02-DEL07-SC;;;
737183;07/12/2025;domingo;18:15:00;SC;101;44,6;JOINVILLE;Ultrapassagem Indevida;Colis�o lateral mesmo sentido;Com V�timas Feridas;Anoitecer;Crescente;C�u Claro;Simples;"Aclive;Reta";Sim;5;0;4;0;1;0;4;3;-26,33624397;-48,8599333;SPRF-SC;DEL03-SC;UOP01-DEL03-SC;;;
737184;07/12/2025;domingo;21:30:00;RS;290;86;PORTO ALEGRE;Condutor deixou de manter dist�ncia do ve�culo da frente;Colis�o lateral mesmo sentido;Com V�timas Feridas;Plena Noite;Decrescente;C�u Claro;M�ltipla;Reta;N�o;3;0;1;0;2;0;1;3;-29,96817069;-51,12393379;SPRF-RS;DEL01-RS;UOP01-DEL01-RS;;;
737186;07/12/2025;domingo;18:50:00;RS;287;329,5;SAO VICENTE DO SUL;Ingest�o de �lcool pelo condutor;Colis�o transversal;Sem V�timas;Plena Noite;Decrescente;C�u Claro;Simples;"Curva;Interse��o de Vias";N�o;2;0;0;0;2;0;0;2;-29,68507014;-54,66123104;SPRF-RS;DEL09-RS;UOP01-DEL09-RS;;;
737187;07/12/2025;domingo;20:25:00;MS;267;481,6;JARDIM;Transitar na contram�o;Colis�o frontal;Com V�timas Feridas;Plena Noite;Crescente;C�u Claro;Dupla;Curva;Sim;3;0;0;1;2;0;1;2;-21,48288233;-56,14409566;SPRF-MS;DEL05-MS;UOP01-DEL05-MS;;;
737188;07/12/2025;domingo;21:20:00;PR;272;371,3;CAMPO MOURAO;Velocidade Incompat�vel;Colis�o traseira;Com V�timas Feridas;Plena Noite;Decrescente;C�u Claro;Simples;Reta;Sim;2;0;0;1;0;1;1;2;-24,063338;-52,429199;SPRF-PR;DEL09-PR;UOP03-DEL09-PR;;;
737191;07/12/2025;domingo;21:45:00;SP;116;283;EMBU DAS ARTES;Aus�ncia de rea��o do condutor;Colis�o com objeto;Sem V�timas;Plena Noite;Decrescente;Nublado;Dupla;Reta;Sim;3;0;0;0;3;0;0;1;-23,67094706;-46,85599971;SPRF-SP;DEL04-SP;UOP01-DEL04-SP;;;
737192;07/12/2025;domingo;19:00:00;RJ;101;279;TANGUA;Acessar a via sem observar a presen�a dos outros ve�culos;Colis�o traseira;Com V�timas Fatais;Plena Noite;Crescente;C�u Claro;Dupla;Retorno Regulamentado;Sim;5;2;0;2;1;0;2;2;-22,73850663;-42,7759552;SPRF-RJ;DEL02-RJ;UOP03-DEL02-RJ;;;
737193;07/12/2025;domingo;21:00:00;PR;376;174,6;MARINGA;Pedestre cruzava a pista fora da faixa;Atropelamento de Pedestre;Com V�timas Feridas;Plena Noite;Decrescente;C�u Claro;Dupla;Reta;Sim;2;0;1;0;1;0;1;2;-23,415285;-51,952575;SPRF-PR;DEL09-PR;UOP01-DEL09-PR;;;
737194;07/12/2025;domingo;20:45:00;PI;343;37;BURITI DOS LOPES;Avarias e/ou desgaste excessivo no pneu;Colis�o com objeto;Com V�timas Feridas;Plena Noite;Decrescente;C�u Claro;Simples;Reta;N�o;6;0;3;0;3;0;3;2;-3,12954622;-41,78375244;SPRF-PI;DEL05-PI;UOP01-DEL05-PI;;;
737195;07/12/2025;domingo;20:15:00;GO;153;594;PIRACANJUBA;Aus�ncia de rea��o do condutor;Queda de ocupante de ve�culo;Com V�timas Feridas;Plena Noite;Decrescente;Chuva;Dupla;"Reta;Declive";N�o;1;0;1;0;0;0;1;1;-17,491897;-49,212387;SPRF-GO;DEL03-GO;UOP01-DEL03-GO;;;
737196;07/12/2025;domingo;16:20:00;RJ;40;104;DUQUE DE CAXIAS;Rea��o tardia ou ineficiente do condutor;Colis�o traseira;Com V�timas Feridas;Pleno dia;Crescente;C�u Claro;Dupla;Reta;Sim;5;0;0;1;3;1;1;3;-22,63139;-43,285785;SPRF-RJ;DEL01-RJ;UOP02-DEL01-RJ;;;
737197;07/12/2025;domingo;18:40:00;RS;386;4,9;IRAI;Aus�ncia de rea��o do condutor;Tombamento;Com V�timas Feridas;Plena Noite;Decrescente;C�u Claro;Simples;Interse��o de Vias;Sim;1;0;1;0;0;0;1;1;-27,18966738;-53,26433357;SPRF-RS;DEL08-RS;UOP02-DEL08-RS;;;
737198;07/12/2025;domingo;19:40:00;RO;364;342,6;JI-PARANA;Ingest�o de �lcool pelo condutor;Colis�o lateral mesmo sentido;Com V�timas Feridas;Plena Noite;Crescente;C�u Claro;Dupla;"Aclive;Reta";Sim;3;0;0;1;2;0;1;2;-10,87941;-61,94402;SPRF-RO;DEL02-RO;UOP01-DEL02-RO;;;
737200;07/12/2025;domingo;21:00:00;RJ;101;406;ITAGUAI;Pedestre andava na pista;Atropelamento de Pedestre;Com V�timas Feridas;Plena Noite;Crescente;C�u Claro;Dupla;Reta;Sim;2;0;1;0;1;0;1;2;-22,8524032;-43,761664;SPRF-RJ;DEL03-RJ;UOP01-DEL03-RJ;;;
737201;07/12/2025;domingo;21:55:00;MA;10;247;IMPERATRIZ;Condutor deixou de manter dist�ncia do ve�culo da frente;Colis�o lateral mesmo sentido;Sem V�timas;Plena Noite;Crescente;C�u Claro;M�ltipla;Reta;N�o;2;0;0;0;2;0;0;2;-5,568265;-47,44726;SPRF-MA;DEL04-MA;UOP01-DEL04-MA;;;
737202;07/12/2025;domingo;20:20:00;PR;376;486;PONTA GROSSA;Rea��o tardia ou ineficiente do condutor;Colis�o com objeto;Sem V�timas;Plena Noite;Decrescente;Nublado;Dupla;Reta;N�o;3;0;0;0;2;1;0;2;-25,115527;-50,187043;SPRF-PR;DEL03-PR;UOP04-DEL03-PR;;;
737203;07/12/2025;domingo;22:15:00;SC;101;194,9;BIGUACU;Condutor deixou de manter dist�ncia do ve�culo da frente;Colis�o lateral mesmo sentido;Com V�timas Feridas;Plena Noite;Crescente;C�u Claro;Dupla;Reta;N�o;2;0;1;0;1;0;1;2;-27,504316;-48,650873;SPRF-SC;DEL01-SC;UOP01-DEL01-SC;;;
737204;07/12/2025;domingo;20:55:00;PR;116;86;PIRAQUARA;Aus�ncia de rea��o do condutor;Colis�o traseira;Sem V�timas;Plena Noite;Crescente;C�u Claro;Dupla;Reta;N�o;2;0;0;0;1;1;0;2;-25,463697;-49,089455;SPRF-PR;DEL01-PR;UOP02-DEL01-PR;;;
737206;07/12/2025;domingo;22:25:00;DF;60;9,2;BRASILIA;Rea��o tardia ou ineficiente do condutor;Sa�da de leito carro��vel;Com V�timas Feridas;Plena Noite;Crescente;Nublado;Dupla;Reta;N�o;1;0;1;0;0;0;1;1;-15,907763;-48,14383;SPRF-DF;DEL03-DF;UOP01-DEL03-DF;;;
737207;07/12/2025;domingo;20:00:00;RO;174;15;VILHENA;Ingest�o de �lcool pelo condutor;Colis�o traseira;Com V�timas Feridas;Plena Noite;Crescente;C�u Claro;Dupla;Reta;Sim;2;0;1;0;0;1;1;2;-12,72435613;-60,12817812;SPRF-RO;DEL04-RO;UOP01-DEL04-RO;;;
737208;07/12/2025;domingo;21:35:00;RJ;40;122;DUQUE DE CAXIAS;Rea��o tardia ou ineficiente do condutor;Colis�o traseira;Sem V�timas;Plena Noite;Decrescente;C�u Claro;M�ltipla;Reta;Sim;2;0;0;0;2;0;0;2;-22,79209421;-43,28649112;SPRF-RJ;DEL01-RJ;UOP02-DEL01-RJ;;;
737209;07/12/2025;domingo;19:40:00;RJ;116;224;PIRAI;Avarias e/ou desgaste excessivo no pneu;Sa�da de leito carro��vel;Com V�timas Feridas;Plena Noite;Crescente;C�u Claro;Dupla;Curva;N�o;1;0;1;0;0;0;1;1;-22,67473331;-43,83461837;SPRF-RJ;DEL06-RJ;UOP02-DEL06-RJ;;;
737211;07/12/2025;domingo;22:45:00;RJ;101;534;PARATY;Ingest�o de �lcool pelo condutor;Colis�o com objeto;Com V�timas Feridas;Plena Noite;Crescente;Nublado;M�ltipla;Rotat�ria;Sim;1;0;1;0;0;0;1;1;-23,0300643;-44,54463617;SPRF-RJ;DEL03-RJ;UOP04-DEL03-RJ;;;
737212;07/12/2025;domingo;22:30:00;MG;40;799;JUIZ DE FORA;Rea��o tardia ou ineficiente do condutor;Queda de ocupante de ve�culo;Com V�timas Feridas;Plena Noite;Crescente;C�u Claro;Dupla;"Aclive;Reta";N�o;1;0;0;1;0;0;1;1;-21,80508952;-43,39957952;SPRF-MG;DEL05-MG;UOP01-DEL05-MG;;;
737213;07/12/2025;domingo;22:00:00;SP;116;384;MIRACATU;Rea��o tardia ou ineficiente do condutor;Queda de ocupante de ve�culo;Com V�timas Feridas;Plena Noite;Decrescente;C�u Claro;Simples;"Reta;Retorno Regulamentado";N�o;1;0;1;0;0;0;1;1;-24,255941;-47,372363;SPRF-SP;DEL04-SP;UOP02-DEL04-SP;;;
737214;07/12/2025;domingo;22:30:00;SP;116;134;SAO JOSE DOS CAMPOS;Rea��o tardia ou ineficiente do condutor;Queda de ocupante de ve�culo;Com V�timas Feridas;Plena Noite;Crescente;C�u Claro;Dupla;Reta;N�o;1;0;0;1;0;0;1;1;-23,13865939;-45,75804457;SPRF-SP;DEL02-SP;UOP02-DEL02-SP;;;
737215;07/12/2025;domingo;22:40:00;MG;381;683,9;RIBEIRAO VERMELHO;Aus�ncia de rea��o do condutor;Sa�da de leito carro��vel;Com V�timas Feridas;Plena Noite;Crescente;Nublado;Dupla;Reta;N�o;3;0;1;0;2;0;1;1;-21,1567768;-45,11633746;SPRF-MG;DEL04-MG;UOP02-DEL04-MG;;;
737217;07/12/2025;domingo;19:50:00;SC;101;146;ITAPEMA;Aus�ncia de rea��o do condutor;Colis�o traseira;Com V�timas Feridas;Plena Noite;Crescente;C�u Claro;Dupla;Reta;Sim;2;0;0;1;1;0;1;2;-27,085499;-48,607555;SPRF-SC;DEL04-SC;UOP03-DEL04-SC;;;
737221;07/12/2025;domingo;20:30:00;MG;50;71;UBERLANDIA;Manobra de mudan�a de faixa;Colis�o lateral mesmo sentido;Com V�timas Feridas;Plena Noite;Crescente;C�u Claro;M�ltipla;Reta;Sim;3;0;1;0;0;2;1;3;-18,89821149;-48,24358312;SPRF-MG;DEL15-MG;UOP01-DEL15-MG;;;
737222;07/12/2025;domingo;23:00:00;PE;232;54,1;POMBOS;Rea��o tardia ou ineficiente do condutor;Sa�da de leito carro��vel;Com V�timas Feridas;Plena Noite;Decrescente;C�u Claro;Dupla;Retorno Regulamentado;N�o;2;0;0;2;0;0;2;1;-8,13033288;-35,35932541;SPRF-PE;DEL02-PE;UOP02-DEL02PE;;;
737224;07/12/2025;domingo;22:20:00;MA;226;2;TIMON;Acesso irregular;Colis�o lateral mesmo sentido;Com V�timas Feridas;Plena Noite;Crescente;C�u Claro;Dupla;Reta;Sim;2;0;1;0;1;0;1;2;-5,13625932;-42,83647567;SPRF-MA;DEL03-MA;UOP02-DEL03-MA;;;
737226;08/12/2025;segunda-feira;00:03:00;PR;476;277,8;SAO MATEUS DO SUL;Velocidade Incompat�vel;Colis�o lateral sentido oposto;Com V�timas Feridas;Plena Noite;Crescente;Nublado;Simples;"Interse��o de Vias;Rotat�ria;Curva";Sim;4;0;2;0;2;0;2;2;-25,86916188;-50,39514452;SPRF-PR;DEL02-PR;UOP03-DEL02-PR;;;
737227;07/12/2025;domingo;21:35:00;PI;230;180;SAO JOAO DA VARJOTA;Aus�ncia de rea��o do condutor;Atropelamento de Pedestre;Com V�timas Fatais;Plena Noite;Crescente;Nublado;Simples;Reta;N�o;2;1;0;0;0;1;0;2;-6,946692;-41,992163;SPRF-PI;DEL04-PI;UOP01-DEL04-PI;;;
737228;08/12/2025;segunda-feira;00:20:00;GO;153;438;ANAPOLIS;Ingest�o de �lcool pelo condutor;Sa�da de leito carro��vel;Sem V�timas;Plena Noite;Decrescente;Chuva;Dupla;Curva;Sim;2;0;0;0;0;2;0;2;-16,3061959;-48,9240907;SPRF-GO;DEL02-GO;UOP01-DEL02-GO;;;
737229;08/12/2025;segunda-feira;00:15:00;SC;101;215;PALHOCA;Velocidade Incompat�vel;Colis�o com objeto;Com V�timas Feridas;Plena Noite;Decrescente;Nublado;M�ltipla;"Aclive;Reta;Viaduto";Sim;2;0;1;0;1;0;1;1;-27,65549571;-48,67813937;SPRF-SC;DEL01-SC;UOP02-DEL01-SC;;;
737230;08/12/2025;segunda-feira;00:36:00;PE;101;68;RECIFE;Aus�ncia de rea��o do condutor;Colis�o com objeto;Com V�timas Feridas;Plena Noite;Decrescente;C�u Claro;Dupla;Reta;Sim;1;0;1;0;0;0;1;1;-8,05428838;-34,94623228;SPRF-PE;DEL01-PE;UOP01-DEL01-PE;;;
737231;08/12/2025;segunda-feira;01:35:00;SE;235;104;CARIRA;Ingest�o de �lcool pelo condutor;Tombamento;Com V�timas Feridas;Plena Noite;Decrescente;C�u Claro;Simples;Reta;N�o;1;0;0;1;0;0;1;1;-10,40862178;-37,67481744;SPRF-SE;DEL01-SE;UOP02-DEL01-SE;;;
737232;08/12/2025;segunda-feira;01:25:00;PB;230;22;JOAO PESSOA;Ingest�o de �lcool pelo condutor;Colis�o traseira;Com V�timas Feridas;Plena Noite;Decrescente;C�u Claro;Dupla;Reta;Sim;2;0;1;0;1;0;1;2;-7,1538479;-34,85529375;SPRF-PB;DEL01-PB;UOP01-DEL01-PB;;;
737233;08/12/2025;segunda-feira;02:00:00;DF;60;5;BRASILIA;Acessar a via sem observar a presen�a dos outros ve�culos;Colis�o lateral mesmo sentido;Com V�timas Feridas;Plena Noite;Decrescente;Chuva;Dupla;Reta;Sim;1;0;1;0;0;0;1;1;-15,89438;-48,102033;SPRF-DF;DEL03-DF;UOP01-DEL03-DF;;;
737235;08/12/2025;segunda-feira;02:20:00;PE;101;45;IGARASSU;Ingest�o de �lcool pelo condutor;Tombamento;Com V�timas Fatais;Plena Noite;Crescente;C�u Claro;M�ltipla;Reta;Sim;2;2;0;0;0;0;0;1;-7,858898;-34,908278;SPRF-PE;DEL01-PE;UOP02-DEL01-PE;;;
737236;07/12/2025;domingo;21:00:00;AP;156;134;MAZAGAO;Pista esburacada;Capotamento;Sem V�timas;Plena Noite;Crescente;Ignorado;Simples;Reta;N�o;1;0;0;0;1;0;0;1;-0,337013;-51,902752;SPRF-AP;DEL01-AP;UOP01-DEL01-AP;;;
737237;08/12/2025;segunda-feira;00:50:00;MG;262;25,7;REDUTO;Velocidade Incompat�vel;Capotamento;Com V�timas Feridas;Plena Noite;Crescente;Chuva;Simples;Reta;N�o;1;0;1;0;0;0;1;1;-20,24682025;-41,94929213;SPRF-MG;DEL06-MG;UOP03-DEL06-MG;;;
737239;08/12/2025;segunda-feira;02:00:00;SC;101;332,2;TUBARAO;Ingest�o de �lcool pelo condutor;Colis�o com objeto;Sem V�timas;Plena Noite;Crescente;C�u Claro;Dupla;Curva;Sim;1;0;0;0;0;1;0;1;-28,46756;-49,000577;SPRF-SC;DEL02-SC;UOP01-DEL02-SC;;;
737240;08/12/2025;segunda-feira;01:48:00;PR;277;704;SAO MIGUEL DO IGUACU;Mal s�bito do condutor;Sa�da de leito carro��vel;Com V�timas Feridas;Plena Noite;Crescente;C�u Claro;Dupla;Reta;N�o;4;0;4;0;0;0;4;1;-25,4154;-54,3445;SPRF-PR;DEL05-PR;UOP01-DEL05-PR;;;
737241;08/12/2025;segunda-feira;03:00:00;RS;116;243;SAO LEOPOLDO;Aus�ncia de rea��o do condutor;Colis�o com objeto;Sem V�timas;Pleno dia;Decrescente;C�u Claro;Dupla;Viaduto;Sim;2;0;0;0;2;0;0;1;-29,730481;-51,1488166;SPRF-RS;DEL01-RS;UOP02-DEL01-RS;;;
737245;08/12/2025;segunda-feira;02:30:00;PR;373;203,9;IPIRANGA;Ingest�o de �lcool pelo condutor;Sa�da de leito carro��vel;Sem V�timas;Plena Noite;Decrescente;C�u Claro;Dupla;Reta;N�o;2;0;0;0;2;0;0;1;-25,10125416;-50,4234454;SPRF-PR;DEL03-PR;UOP01-DEL03-PR;;;
737246;08/12/2025;segunda-feira;02:00:00;MT;364;447;VARZEA GRANDE;Ingest�o de �lcool pelo condutor;Sa�da de leito carro��vel;Sem V�timas;Plena Noite;Decrescente;Chuva;Simples;Reta;N�o;1;0;0;0;1;0;0;1;-15,57125833;-56,25097;SPRF-MT;DEL01-MT;UOP02-DEL01-MT;;;
737247;08/12/2025;segunda-feira;03:40:00;MA;316;266,6;SANTA INES;Ingest�o de �lcool pelo condutor;Colis�o com objeto;Com V�timas Feridas;Plena Noite;Decrescente;C�u Claro;Simples;Reta;N�o;1;0;1;0;0;0;1;1;-3,684197;-45,343186;SPRF-MA;DEL02-MA;UOP01-DEL02-MA;;;
737248;08/12/2025;segunda-feira;04:35:00;AL;104;68,8;MURICI;Condutor Dormindo;Sa�da de leito carro��vel;Sem V�timas;Amanhecer;Crescente;C�u Claro;Simples;Ponte;N�o;1;0;0;0;0;1;0;1;-9,354917;-35,872737;SPRF-AL;DEL01-AL;UOP02-DEL01-AL;;;
737249;07/12/2025;domingo;23:00:00;RN;110;45;MOSSORO;Acessar a via sem observar a presen�a dos outros ve�culos;Colis�o transversal;Com V�timas Feridas;Plena Noite;Decrescente;C�u Claro;Simples;Reta;Sim;2;0;1;0;0;1;1;2;-5,193;-37,311;SPRF-RN;DEL04-RN;UOP01-DEL04-RN;;;
737250;08/12/2025;segunda-feira;02:10:00;MA;10;149;PORTO FRANCO;Pedestre andava na pista;Atropelamento de Pedestre;Com V�timas Fatais;Plena Noite;Decrescente;Nublado;Simples;Reta;N�o;2;1;1;0;0;0;1;2;-6,411742;-47,393012;SPRF-MA;DEL04-MA;UOP02-DEL04-MA;;;
737251;08/12/2025;segunda-feira;05:00:00;PB;230;495;CAJAZEIRAS;Transitar no Acostamento;Sa�da de leito carro��vel;Com V�timas Feridas;Pleno dia;Decrescente;C�u Claro;Simples;Reta;N�o;1;0;1;0;0;0;1;1;-6,891029;-38,480699;SPRF-PB;DEL03-PB;UOP03-DEL03-PB;;;
737252;07/12/2025;domingo;18:34:00;BA;410;14;TUCANO;Defici�ncia do Sistema de Ilumina��o/Sinaliza��o;Colis�o traseira;Com V�timas Feridas;Plena Noite;Decrescente;C�u Claro;Simples;Reta;N�o;2;0;2;0;0;0;2;2;-10,8823385;-38,6453838;SPRF-BA;DEL07-BA;UOP02-DEL07-BA;;;
737254;08/12/2025;segunda-feira;06:10:00;RJ;116;178;NOVA IGUACU;Ultrapassagem Indevida;Colis�o lateral mesmo sentido;Com V�timas Feridas;Pleno dia;Decrescente;C�u Claro;Dupla;Reta;Sim;3;0;1;0;2;0;1;3;-22,76239596;-43,42375696;SPRF-RJ;DEL06-RJ;UOP01-DEL06-RJ;;;
737255;08/12/2025;segunda-feira;06:40:00;RS;392;72,4;PELOTAS;Aus�ncia de rea��o do condutor;Colis�o com objeto;Com V�timas Feridas;Pleno dia;Crescente;Nublado;Simples;"Retorno Regulamentado;Reta;Interse��o de Vias";Sim;1;0;1;0;0;0;1;1;-31,718242;-52,391693;SPRF-RS;DEL07-RS;UOP01-DEL07-RS;;;
737256;08/12/2025;segunda-feira;05:40:00;RJ;116;177;SAO JOAO DE MERITI;Aus�ncia de rea��o do condutor;Colis�o lateral mesmo sentido;Com V�timas Feridas;Amanhecer;Decrescente;C�u Claro;M�ltipla;Reta;Sim;2;0;1;0;1;0;1;2;-22,78212569;-43,38824686;SPRF-RJ;DEL06-RJ;UOP01-DEL06-RJ;;;
737257;08/12/2025;segunda-feira;06:50:00;PE;428;189,3;PETROLINA;Acessar a via sem observar a presen�a dos outros ve�culos;Colis�o lateral mesmo sentido;Com V�timas Feridas;Pleno dia;Crescente;C�u Claro;M�ltipla;Interse��o de Vias;Sim;2;0;1;0;1;0;1;2;-9,377465;-40,5022383;SPRF-PE;DEL06-PE;UOP01-DEL06-PE;;;
737258;08/12/2025;segunda-feira;07:00:00;RS;470;227;GARIBALDI;Condutor deixou de manter dist�ncia do ve�culo da frente;Colis�o lateral mesmo sentido;Com V�timas Feridas;Pleno dia;Crescente;C�u Claro;Simples;Reta;Sim;2;0;1;0;0;1;1;2;-29,25958282;-51,50842879;SPRF-RS;DEL06-RS;UOP01-DEL06-RS;;;
737260;08/12/2025;segunda-feira;06:30:00;MG;40;172;JOAO PINHEIRO;Acumulo de �gua sobre o pavimento;Sa�da de leito carro��vel;Com V�timas Feridas;Amanhecer;Crescente;Chuva;Simples;Reta;N�o;3;0;2;0;1;0;2;1;-17,966;-46,0049;SPRF-MG;DEL14-MG;UOP02-DEL14-MG;;;
737261;08/12/2025;segunda-feira;05:15:00;RS;290;308,6;CACHOEIRA DO SUL;Animais na Pista;Atropelamento de Animal;Com V�timas Feridas;Amanhecer;Decrescente;C�u Claro;Simples;Reta;N�o;1;0;0;1;0;0;1;1;-30,335816;-53,289324;SPRF-RS;DEL09-RS;UOP02-DEL09-RS;;;
737263;08/12/2025;segunda-feira;02:50:00;MA;316;5,4;BOA VISTA DO GURUPI;Transitar na contram�o;Colis�o frontal;Com V�timas Fatais;Plena Noite;Decrescente;C�u Claro;Simples;Reta;N�o;2;1;0;0;1;0;0;2;-1,781068;-46,278015;SPRF-MA;DEL02-MA;UOP02-DEL02-MA;;;
737264;08/12/2025;segunda-feira;07:15:00;ES;101;204,7;JOAO NEIVA;Acessar a via sem observar a presen�a dos outros ve�culos;Colis�o transversal;Com V�timas Feridas;Pleno dia;Decrescente;Sol;Simples;Rotat�ria;Sim;2;0;1;0;1;0;1;2;-19,75567866;-40,37995845;SPRF-ES;DEL02-ES;UOP01-DEL02-ES;;;
737265;08/12/2025;segunda-feira;07:00:00;RJ;116;190;NOVA IGUACU;Trafegar com motocicleta (ou similar) entre as faixas;Colis�o lateral mesmo sentido;Com V�timas Feridas;Pleno dia;Decrescente;C�u Claro;M�ltipla;Reta;Sim;2;0;1;0;0;1;1;2;-22,73945655;-43,53126526;SPRF-RJ;DEL06-RJ;UOP01-DEL06-RJ;;;
737266;08/12/2025;segunda-feira;08:00:00;SC;101;199,2;SAO JOSE;Rea��o tardia ou ineficiente do condutor;Colis�o lateral mesmo sentido;Com V�timas Feridas;Pleno dia;Crescente;Nublado;M�ltipla;Reta;Sim;3;0;1;0;1;1;1;3;-27,53784279;-48,62597108;SPRF-SC;DEL01-SC;UOP01-DEL01-SC;;;
737267;08/12/2025;segunda-feira;07:40:00;ES;101;289,7;CARIACICA;Manobra de mudan�a de faixa;Colis�o traseira;Com V�timas Feridas;Pleno dia;Crescente;C�u Claro;Dupla;"Reta;Aclive";N�o;2;0;1;0;1;0;1;2;-20,28418637;-40,39286321;SPRF-ES;DEL01-ES;UOP01-DEL01-ES;;;
737269;02/12/2025;ter�a-feira;20:40:00;SC;163;89,8;GUARACIABA;Velocidade Incompat�vel;Tombamento;Sem V�timas;Plena Noite;Crescente;C�u Claro;Simples;"Interse��o de Vias;Rotat�ria";N�o;1;0;0;0;0;1;0;1;-26,56580059;-53,509607;SPRF-SC;DEL07-SC;UOP03-DEL07-SC;;;
737271;08/12/2025;segunda-feira;08:10:00;SP;116;108,2;TAUBATE;Rea��o tardia ou ineficiente do condutor;Colis�o traseira;Com V�timas Feridas;Pleno dia;Crescente;C�u Claro;Dupla;Reta;Sim;3;0;1;0;1;1;1;2;-23,02918735;-45,54519653;SPRF-SP;DEL02-SP;UOP02-DEL02-SP;;;
737272;08/12/2025;segunda-feira;07:21:00;RO;364;695;PORTO VELHO;Velocidade Incompat�vel;Capotamento;Com V�timas Feridas;Pleno dia;Decrescente;C�u Claro;Dupla;Reta;N�o;1;0;1;0;0;0;1;1;-8,80052756;-63,72476625;SPRF-RO;DEL01-RO;UOP01-DEL01-RO;;;
737273;08/12/2025;segunda-feira;08:00:00;RJ;40;114;DUQUE DE CAXIAS;Trafegar com motocicleta (ou similar) entre as faixas;Tombamento;Com V�timas Feridas;Pleno dia;Crescente;C�u Claro;M�ltipla;Reta;N�o;2;0;1;0;0;1;1;2;-22,71993166;-43,28982105;SPRF-RJ;DEL01-RJ;UOP02-DEL01-RJ;;;
737274;08/12/2025;segunda-feira;08:20:00;SC;282;4,5;SAO JOSE;Aus�ncia de rea��o do condutor;Colis�o lateral mesmo sentido;Com V�timas Feridas;Pleno dia;Decrescente;C�u Claro;Dupla;Reta;Sim;2;0;0;1;1;0;1;2;-27,59051;-48,60882;SPRF-SC;DEL01-SC;UOP01-DEL01-SC;;;
737275;08/12/2025;segunda-feira;07:00:00;GO;60;98;ANAPOLIS;Demais falhas mec�nicas ou el�tricas;Inc�ndio;Sem V�timas;Pleno dia;Crescente;Chuva;Dupla;Curva;Sim;2;0;0;0;2;0;0;1;-16,380925;-48,952132;SPRF-GO;DEL02-GO;UOP01-DEL02-GO;;;
737276;08/12/2025;segunda-feira;01:40:00;MS;163;108;ITAQUIRAI;Avarias e/ou desgaste excessivo no pneu;Sa�da de leito carro��vel;Com V�timas Feridas;Plena Noite;Decrescente;C�u Claro;Dupla;Reta;N�o;2;0;1;0;0;1;1;2;-23,212022;-54,210344;SPRF-MS;DEL09-MS;UOP01-DEL09-MS;;;
737277;08/12/2025;segunda-feira;08:30:00;SP;116;230,3;SAO PAULO;Manobra de mudan�a de faixa;Colis�o traseira;Com V�timas Feridas;Pleno dia;Crescente;C�u Claro;M�ltipla;Reta;Sim;3;0;1;0;2;0;1;3;-23,51798897;-46,58157561;SPRF-SP;DEL01-SP;UOP01-DEL01-SP;;;
737278;08/12/2025;segunda-feira;05:50:00;GO;40;2;VALPARAISO DE GOIAS;Manobra de mudan�a de faixa;Colis�o traseira;Sem V�timas;Pleno dia;Decrescente;C�u Claro;Dupla;Reta;Sim;2;0;0;0;2;0;0;2;-16,072967;-47,984792;SPRF-DF;DEL01-DF;UOP01-DEL01-DF;;;