id;data_inversa;dia_semana;horario;uf;br;km;municipio;causa_acidente;tipo_acidente;classificacao_acidente;fase_dia;sentido_via;condicao_metereologica;tipo_pista;tracado_via;uso_solo;pessoas;mortos;feridos_leves;feridos_graves;ilesos;ignorados;feridos;veiculos;latitude;longitude;regional;delegacia;uop;;;
737280;08/12/2025;segunda-feira;08:30:00;SE;235;5;NOSSA SENHORA DO SOCORRO;Condutor deixou de manter dist�ncia do ve�culo da frente;Colis�o lateral mesmo sentido;Sem V�timas;Pleno dia;Crescente;C�u Claro;Dupla;Declive;N�o;2;0;0;0;2;0;0;2;-10,90504;-37,1230325;SPRF-SE;DEL01-SE;UOP01-DEL01-SE;;;
737281;08/12/2025;segunda-feira;08:10:00;MG;262;36,5;MANHUACU;Acessar a via sem observar a presen�a dos outros ve�culos;Colis�o transversal;Com V�timas Feridas;Pleno dia;Crescente;C�u Claro;Simples;Reta;N�o;2;0;0;1;1;0;1;2;-20,267425;-42,037726;SPRF-MG;DEL06-MG;UOP03-DEL06-MG;;;
737283;08/12/2025;segunda-feira;08:00:00;PE;424;95;GARANHUNS;Acessar a via sem observar a presen�a dos outros ve�culos;Colis�o transversal;Com V�timas Feridas;Pleno dia;Crescente;C�u Claro;Simples;Reta;N�o;2;0;1;0;1;0;1;2;-8,911395;-36,4877867;SPRF-PE;DEL03-PE;UOP01-DEL03-PE;;;
737285;08/12/2025;segunda-feira;08:50:00;SC;280;28;ARAQUARI;Acessar a via sem observar a presen�a dos outros ve�culos;Colis�o transversal;Com V�timas Feridas;Pleno dia;Crescente;Nublado;Simples;"Reta;Interse��o de Vias";Sim;2;0;0;1;1;0;1;2;-26,4096729;-48,7514001;SPRF-SC;DEL03-SC;UOP03-DEL03-SC;;;
737286;08/12/2025;segunda-feira;08:50:00;PI;343;340;TERESINA;Condutor Dormindo;Sa�da de leito carro��vel;Com V�timas Feridas;Pleno dia;Crescente;C�u Claro;M�ltipla;Reta;Sim;1;0;1;0;0;0;1;1;-5,075823;-42,738785;SPRF-PI;DEL01-PI;UOP01-DEL01-PI;;;
737287;08/12/2025;segunda-feira;09:25:00;SC;101;152,3;ITAPEMA;Condutor deixou de manter dist�ncia do ve�culo da frente;Colis�o traseira;Com V�timas Feridas;Pleno dia;Crescente;C�u Claro;Dupla;Reta;N�o;2;0;2;0;0;0;2;2;-27,13602809;-48,6097692;SPRF-SC;DEL04-SC;UOP03-DEL04-SC;;;
737289;08/12/2025;segunda-feira;04:40:00;BA;330;789,5;JEQUIE;Velocidade Incompat�vel;Colis�o frontal;Com V�timas Fatais;Amanhecer;Crescente;C�u Claro;Simples;Curva;Sim;3;1;2;0;0;0;2;2;-13,871557;-40,049667;SPRF-BA;DEL03-BA;UOP01-DEL03-BA;;;
737290;08/12/2025;segunda-feira;04:30:00;MS;267;179;NOVA ALVORADA DO SUL;Condutor Dormindo;Sa�da de leito carro��vel;Com V�timas Feridas;Amanhecer;Crescente;Garoa/Chuvisco;Simples;Reta;N�o;1;0;0;1;0;0;1;1;-21,611633;-53,743991;SPRF-MS;DEL02-MS;UOP03-DEL02-MS;;;
737291;08/12/2025;segunda-feira;08:59:00;TO;153;335;GUARAI;Acessar a via sem observar a presen�a dos outros ve�culos;Colis�o transversal;Com V�timas Feridas;Pleno dia;Crescente;Nublado;Simples;"Interse��o de Vias;Reta";Sim;3;0;2;0;1;0;2;2;-8,847619;-48,510205;SPRF-TO;DEL02-TO;UOP02-DEL02-TO;;;
737292;08/12/2025;segunda-feira;08:15:00;RJ;116;145;DUQUE DE CAXIAS;Acessar a via sem observar a presen�a dos outros ve�culos;Colis�o transversal;Com V�timas Feridas;Pleno dia;Crescente;C�u Claro;Dupla;Reta;N�o;3;0;0;1;2;0;1;3;-22,66082883;-43,25312018;SPRF-RJ;DEL01-RJ;UOP02-DEL01-RJ;;;
737295;08/12/2025;segunda-feira;09:10:00;RJ;101;297;ITABORAI;Aus�ncia de rea��o do condutor;Colis�o traseira;Com V�timas Feridas;Pleno dia;Crescente;C�u Claro;Dupla;Reta;Sim;3;0;1;0;2;0;1;2;-22,77410906;-42,93177545;SPRF-RJ;DEL02-RJ;UOP02-DEL02-RJ;;;
737299;08/12/2025;segunda-feira;09:40:00;ES;101;7,6;SERRA;Condutor Dormindo;Colis�o com objeto;Com V�timas Feridas;Pleno dia;Crescente;C�u Claro;Dupla;Reta;N�o;2;0;0;1;1;0;1;1;-20,12142;-40,34232;SPRF-ES;DEL02-ES;UOP01-DEL02-ES;;;
737302;08/12/2025;segunda-feira;10:30:00;RS;290;103;PORTO ALEGRE;Pedestre andava na pista;Atropelamento de Pedestre;Com V�timas Feridas;Pleno dia;Crescente;Nublado;Dupla;Reta;N�o;2;0;0;1;1;0;1;2;-29,98844428;-51,26109531;SPRF-RS;DEL01-RS;UOP01-DEL01-RS;;;
737303;08/12/2025;segunda-feira;09:00:00;RJ;101;297;ITABORAI;Aus�ncia de rea��o do condutor;Colis�o traseira;Com V�timas Feridas;Pleno dia;Crescente;Sol;Dupla;Declive;Sim;2;0;1;0;1;0;1;2;-22,77016689;-42,92289734;SPRF-RJ;DEL02-RJ;UOP02-DEL02-RJ;;;
737304;07/12/2025;domingo;22:15:00;RJ;0;0;RIO DE JANEIRO;Aus�ncia de sinaliza��o;Colis�o com objeto;Sem V�timas;Plena Noite;N�o Informado;C�u Claro;Simples;Curva;Sim;3;0;0;0;3;0;0;1;-22,95264;-43,39042;SPRF-RJ;DEL01-RJ;N/A;;;
737306;08/12/2025;segunda-feira;08:20:00;SC;101;44;JOINVILLE;Transitar na contram�o;Colis�o lateral sentido oposto;Com V�timas Feridas;Pleno dia;Crescente;C�u Claro;Simples;Reta;N�o;2;0;0;1;1;0;1;2;-26,34100868;-48,85889947;SPRF-SC;DEL03-SC;UOP01-DEL03-SC;;;
737307;08/12/2025;segunda-feira;10:54:00;MG;381;500;BETIM;Manobra de mudan�a de faixa;Colis�o traseira;Com V�timas Feridas;Pleno dia;Decrescente;Chuva;Dupla;"Reta;Declive";Sim;5;0;2;0;3;0;2;2;-20,008386;-44,216642;SPRF-MG;DEL01-MG;UOP03-DEL01-MG;;;
737309;08/12/2025;segunda-feira;11:10:00;ES;101;269;SERRA;Manobra de mudan�a de faixa;Colis�o lateral mesmo sentido;Com V�timas Feridas;Pleno dia;Crescente;C�u Claro;Dupla;Reta;Sim;3;0;0;1;1;1;1;3;-20,22393;-40,27055;SPRF-ES;DEL02-ES;UOP01-DEL02-ES;;;
737311;08/12/2025;segunda-feira;06:50:00;AC;317;116;CAPIXABA;Curva acentuada;Queda de ocupante de ve�culo;Com V�timas Feridas;Pleno dia;Decrescente;C�u Claro;Simples;Curva;N�o;1;0;0;1;0;0;1;1;-10,361332;-67,685158;SPRF-AC;DEL01-AC;UOP02-DEL01-AC;;;
737312;08/12/2025;segunda-feira;11:00:00;ES;101;290,5;CARIACICA;Manobra de mudan�a de faixa;Colis�o transversal;Com V�timas Feridas;Pleno dia;Decrescente;C�u Claro;Dupla;Retorno Regulamentado;N�o;4;0;1;0;1;2;1;3;-20,29504551;-40,39338112;SPRF-ES;DEL01-ES;UOP01-DEL01-ES;;;
737313;14/11/2025;sexta-feira;23:00:00;RJ;116;197;QUEIMADOS;Acesso irregular;Colis�o frontal;Com V�timas Feridas;Plena Noite;Crescente;C�u Claro;Dupla;Reta;Sim;2;0;1;0;1;0;1;2;-22,7295182;-43,5695179;SPRF-RJ;DEL06-RJ;UOP02-DEL06-RJ;;;
737315;08/12/2025;segunda-feira;11:30:00;SC;101;201,5;SAO JOSE;Acumulo de �leo sobre o pavimento;Tombamento;Com V�timas Feridas;Pleno dia;Crescente;C�u Claro;M�ltipla;Interse��o de Vias;Sim;2;0;2;0;0;0;2;1;-27,55348157;-48,61978054;SPRF-SC;DEL01-SC;UOP01-DEL01-SC;;;
737317;08/12/2025;segunda-feira;11:10:00;PR;116;117;CURITIBA;Rea��o tardia ou ineficiente do condutor;Colis�o traseira;Com V�timas Feridas;Pleno dia;Crescente;C�u Claro;Dupla;"Reta;Declive";Sim;4;0;1;0;3;0;1;2;-25,560193;-49,307612;SPRF-PR;DEL01-PR;UOP03-DEL01-PR;;;
737318;08/12/2025;segunda-feira;09:40:00;MS;158;36,5;PARANAIBA;Aus�ncia de rea��o do condutor;Tombamento;Com V�timas Feridas;Pleno dia;Decrescente;Garoa/Chuvisco;Simples;"Reta;Em Obras;Desvio Tempor�rio";N�o;1;0;1;0;0;0;1;1;-19,282812;-51,484128;SPRF-MS;DEL08-MS;UOP01-DEL08-MS;;;
737319;08/12/2025;segunda-feira;11:30:00;BA;324;513;FEIRA DE SANTANA;Condutor deixou de manter dist�ncia do ve�culo da frente;Colis�o traseira;Com V�timas Feridas;Pleno dia;Decrescente;C�u Claro;Simples;Reta;Sim;3;0;2;0;1;0;2;2;-12,2312;-38,95662;SPRF-BA;DEL02-BA;UOP01-DEL02-BA;;;
737321;08/12/2025;segunda-feira;11:40:00;DF;20;15;BRASILIA;Trafegar com motocicleta (ou similar) entre as faixas;Queda de ocupante de ve�culo;Com V�timas Feridas;Pleno dia;Crescente;Chuva;Dupla;"Reta;Declive";Sim;2;0;2;0;0;0;2;1;-15,6256033;-47,72444487;SPRF-DF;DEL02-DF;UOP01-DEL02-DF;;;
737323;08/12/2025;segunda-feira;11:35:00;SC;101;436,7;SOMBRIO;Desrespeitar a prefer�ncia no cruzamento;Colis�o transversal;Com V�timas Feridas;Pleno dia;Crescente;C�u Claro;Simples;Interse��o de Vias;N�o;2;0;1;0;1;0;1;2;-29,12121753;-49,64320421;SPRF-SC;DEL02-SC;UOP02-DEL02-SC;;;
737325;08/12/2025;segunda-feira;12:30:00;RJ;495;2;TERESOPOLIS;Convers�o proibida;Colis�o lateral mesmo sentido;Com V�timas Feridas;Pleno dia;Crescente;C�u Claro;Simples;Reta;Sim;2;0;1;0;0;1;1;2;-22,400148;-42,981874;SPRF-RJ;DEL04-RJ;UOP01-DEL04-RJ;;;
737326;08/12/2025;segunda-feira;11:40:00;RJ;465;20;NOVA IGUACU;Manobra de mudan�a de faixa;Colis�o lateral mesmo sentido;Com V�timas Feridas;Pleno dia;Decrescente;C�u Claro;Simples;Reta;Sim;3;0;1;0;1;1;1;3;-22,845005;-43,60688;SPRF-RJ;DEL06-RJ;UOP02-DEL06-RJ;;;
737329;08/12/2025;segunda-feira;11:30:00;GO;60;30;ALEXANIA;Acessar a via sem observar a presen�a dos outros ve�culos;Colis�o transversal;Com V�timas Feridas;Pleno dia;Decrescente;Chuva;Dupla;Reta;Sim;3;0;0;1;1;1;1;3;-16,092302;-48,493922;SPRF-DF;DEL03-DF;UOP01-DEL03-DF;;;
737330;08/12/2025;segunda-feira;14:50:00;SP;116;227;GUARULHOS;Aus�ncia de rea��o do condutor;Tombamento;Com V�timas Feridas;Pleno dia;Decrescente;Chuva;M�ltipla;"Reta;Aclive";Sim;1;0;1;0;0;0;1;1;-23,4947425;-46,55407166;SPRF-SP;DEL01-SP;UOP01-DEL01-SP;;;
737337;08/12/2025;segunda-feira;13:02:00;MG;40;334;FELIXLANDIA;Rea��o tardia ou ineficiente do condutor;Sa�da de leito carro��vel;Com V�timas Feridas;Pleno dia;Crescente;Nublado;Simples;Reta;N�o;3;0;1;0;2;0;1;1;-18,6153;-45,0078;SPRF-MG;DEL14-MG;UOP02-DEL14-MG;;;
737338;08/12/2025;segunda-feira;07:10:00;BA;116;803;VITORIA DA CONQUISTA;Condutor deixou de manter dist�ncia do ve�culo da frente;Colis�o traseira;Com V�timas Feridas;Pleno dia;Crescente;C�u Claro;Simples;Reta;N�o;2;0;1;0;1;0;1;2;-14,760769;-40,698294;SPRF-BA;DEL08-BA;UOP02-DEL08-BA;;;
737340;08/12/2025;segunda-feira;13:00:00;PE;104;19,1;TAQUARITINGA DO NORTE;Convers�o proibida;Colis�o lateral mesmo sentido;Com V�timas Feridas;Pleno dia;Decrescente;C�u Claro;Dupla;Reta;N�o;2;0;0;1;1;0;1;2;-7,94928;-36,12802;SPRF-PE;DEL02-PE;UOP01-DEL02-PE;;;
737341;08/12/2025;segunda-feira;14:10:00;MG;381;671,3;PERDOES;Velocidade Incompat�vel;Sa�da de leito carro��vel;Com V�timas Feridas;Pleno dia;Crescente;Chuva;Dupla;"Curva;Declive";N�o;2;0;1;0;1;0;1;1;-21,065731;-45,052555;SPRF-MG;DEL04-MG;UOP02-DEL04-MG;;;
737342;08/12/2025;segunda-feira;11:10:00;BA;324;410;NOVA FATIMA;Rea��o tardia ou ineficiente do condutor;Capotamento;Com V�timas Feridas;Pleno dia;Decrescente;Sol;Simples;Reta;N�o;1;0;0;1;0;0;1;1;-11,64977058;-39,58527375;SPRF-BA;DEL04-BA;UOP02-DEL04-BA;;;
737346;08/12/2025;segunda-feira;13:35:00;ES;101;46,8;SAO MATEUS;Rea��o tardia ou ineficiente do condutor;Colis�o com objeto;Com V�timas Feridas;Pleno dia;Crescente;C�u Claro;Simples;Reta;N�o;1;0;1;0;0;0;1;1;-18,66925107;-39,86730069;SPRF-ES;DEL04-ES;UOP02-DEL04-ES;;;
737347;08/12/2025;segunda-feira;13:30:00;MG;153;221;FRUTAL;Chuva;Sa�da de leito carro��vel;Com V�timas Feridas;Pleno dia;Decrescente;Chuva;Simples;Reta;N�o;1;0;1;0;0;0;1;1;-20,12186927;-49,10373688;SPRF-MG;DEL13-MG;UOP02-DEL13-MG;;;
737348;08/12/2025;segunda-feira;13:00:00;RN;226;145,4;CURRAIS NOVOS;Aus�ncia de rea��o do condutor;Colis�o traseira;Sem V�timas;Pleno dia;Decrescente;C�u Claro;Simples;Reta;N�o;3;0;0;0;3;0;0;3;-6,19755766;-36,26792908;SPRF-RN;DEL03-RN;UOP02-DEL03-RN;;;
737350;08/12/2025;segunda-feira;13:15:00;PE;232;27;MORENO;Condutor usando celular;Colis�o traseira;Com V�timas Feridas;Pleno dia;Crescente;C�u Claro;Dupla;Curva;N�o;2;0;0;1;1;0;1;2;-8,114124;-35,1276141;SPRF-PE;DEL02-PE;UOP02-DEL02PE;;;
737351;08/12/2025;segunda-feira;11:45:00;MG;381;557;ITAGUARA;Chuva;Sa�da de leito carro��vel;Com V�timas Feridas;Pleno dia;Crescente;Chuva;Dupla;"Declive;Reta";N�o;2;0;0;1;1;0;1;1;-20,30736642;-44,4482681;SPRF-MG;DEL04-MG;UOP03-DEL04-MG;;;
737353;08/12/2025;segunda-feira;13:45:00;PB;101;90;JOAO PESSOA;Acessar a via sem observar a presen�a dos outros ve�culos;Colis�o lateral mesmo sentido;Com V�timas Feridas;Pleno dia;Crescente;C�u Claro;Dupla;Reta;N�o;2;0;1;0;1;0;1;2;-7,181303;-34,900852;SPRF-PB;DEL01-PB;UOP01-DEL01-PB;;;
737354;08/12/2025;segunda-feira;14:20:00;SC;101;339,4;TUBARAO;Aus�ncia de rea��o do condutor;Colis�o traseira;Com V�timas Feridas;Pleno dia;Decrescente;C�u Claro;M�ltipla;Viaduto;Sim;2;0;1;0;1;0;1;2;-28,507431;-49,049758;SPRF-SC;DEL02-SC;UOP01-DEL02-SC;;;
737355;08/12/2025;segunda-feira;10:00:00;BA;101;697;EUNAPOLIS;Velocidade Incompat�vel;Colis�o traseira;Com V�timas Feridas;Pleno dia;Crescente;C�u Claro;Simples;"Declive;Reta";N�o;2;0;1;0;0;1;1;2;-16,225437;-39,59711;SPRF-BA;DEL09-BA;UOP01-DEL09-BA;;;
737360;08/12/2025;segunda-feira;11:58:00;RO;174;36;VILHENA;Mal s�bito do condutor;Sa�da de leito carro��vel;Sem V�timas;Pleno dia;Crescente;Chuva;Simples;Reta;N�o;1;0;0;0;1;0;0;1;-12,65005317;-60,0976181;SPRF-RO;DEL04-RO;UOP01-DEL04-RO;;;
737361;08/12/2025;segunda-feira;15:20:00;SP;381;17;BRAGANCA PAULISTA;Aus�ncia de rea��o do condutor;Colis�o traseira;Com V�timas Feridas;Pleno dia;Crescente;Chuva;Dupla;"Aclive;Reta";Sim;7;0;5;0;2;0;5;4;-22,970138;-46,48619123;SPRF-SP;DEL03-SP;UOP02-DEL03-SP;;;
737362;08/12/2025;segunda-feira;15:15:00;GO;60;172;ABADIA DE GOIAS;Acumulo de �gua sobre o pavimento;Sa�da de leito carro��vel;Com V�timas Feridas;Pleno dia;Crescente;Chuva;Dupla;Reta;N�o;2;0;1;0;1;0;1;1;-16,7452451;-49,4194267;SPRF-GO;DEL01-GO;UOP02-DEL01-GO;;;
737365;08/12/2025;segunda-feira;14:55:00;PE;101;48,8;ABREU E LIMA;Aus�ncia de rea��o do condutor;Colis�o traseira;Com V�timas Feridas;Pleno dia;Decrescente;C�u Claro;M�ltipla;Reta;Sim;2;0;0;1;1;0;1;2;-7,896841;-34,902774;SPRF-PE;DEL01-PE;UOP02-DEL01-PE;;;
737367;08/12/2025;segunda-feira;14:30:00;MT;163;1039;MATUPA;Convers�o proibida;Colis�o lateral mesmo sentido;Com V�timas Feridas;Pleno dia;Crescente;Nublado;Simples;Reta;N�o;3;0;3;0;0;0;3;2;-10,1729;-54,9399;SPRF-MT;DEL06-MT;UOP03-DEL06-MT;;;
737369;08/12/2025;segunda-feira;16:22:00;SP;381;75;SAO PAULO;Velocidade Incompat�vel;Sa�da de leito carro��vel;Com V�timas Feridas;Pleno dia;Crescente;Chuva;M�ltipla;"Curva;Declive";N�o;2;0;1;0;1;0;1;1;-23,38631924;-46,56870722;SPRF-SP;DEL03-SP;UOP01-DEL03-SP;;;
737370;08/12/2025;segunda-feira;07:30:00;RS;0;0;MACAMBARA;Velocidade Incompat�vel;Colis�o lateral sentido oposto;Sem V�timas;Pleno dia;N�o Informado;C�u Claro;Simples;Reta;N�o;5;0;0;0;5;0;0;2;-29,092193;-55,616902;SPRF-RS;DEL12-RS;UOP01-DEL12-RS;;;
737371;08/12/2025;segunda-feira;15:40:00;MG;116;705,3;MURIAE;Acessar a via sem observar a presen�a dos outros ve�culos;Colis�o transversal;Com V�timas Feridas;Pleno dia;Crescente;Nublado;Simples;Interse��o de Vias;Sim;2;0;1;0;1;0;1;2;-21,1360509;-42,3790734;SPRF-MG;DEL07-MG;UOP02-DEL07-MG;;;
737372;08/12/2025;segunda-feira;11:20:00;SP;116;60;GUARATINGUETA;Aus�ncia de rea��o do condutor;Colis�o com objeto;Com V�timas Feridas;Pleno dia;Crescente;Nublado;Dupla;Reta;N�o;1;0;1;0;0;0;1;1;-22,7912;-45,161601;SPRF-SP;DEL08-SP;UOP01-DEL08-SP;;;
737374;08/12/2025;segunda-feira;16:00:00;SC;116;209;PONTE ALTA;Ultrapassagem Indevida;Colis�o com objeto;Com V�timas Feridas;Pleno dia;Crescente;C�u Claro;Simples;"Reta;Aclive";N�o;2;0;0;1;0;1;1;2;-27,49586201;-50,37046909;SPRF-SC;DEL05-SC;UOP03-DEL05-SC;;;
737375;08/12/2025;segunda-feira;16:10:00;RS;116;10,2;VACARIA;Demais falhas mec�nicas ou el�tricas;Eventos at�picos;Com V�timas Feridas;Pleno dia;Decrescente;C�u Claro;Simples;Reta;N�o;1;0;1;0;0;0;1;1;-28,288622;-50,802735;SPRF-RS;DEL05-RS;UOP03-DEL05-RS;;;
737376;08/12/2025;segunda-feira;16:00:00;SP;116;141;SAO JOSE DOS CAMPOS;Aus�ncia de rea��o do condutor;Colis�o traseira;Com V�timas Feridas;Pleno dia;Decrescente;C�u Claro;Dupla;Reta;Sim;3;0;2;0;0;1;2;2;-23,16863642;-45,81791131;SPRF-SP;DEL02-SP;UOP01-DEL02-SP;;;
737378;08/12/2025;segunda-feira;16:20:00;SC;280;39,7;ARAQUARI;Convers�o proibida;Colis�o traseira;Com V�timas Feridas;Pleno dia;Crescente;C�u Claro;Dupla;Reta;Sim;2;0;1;0;1;0;1;2;-26,44925874;-48,8445681;SPRF-SC;DEL03-SC;UOP03-DEL03-SC;;;
737380;07/09/2025;domingo;10:00:00;BA;116;905;CANDIDO SALES;Aus�ncia de rea��o do condutor;Engavetamento;Com V�timas Feridas;Pleno dia;Crescente;Sol;Simples;Reta;N�o;2;0;2;0;0;0;2;1;-15,480088;-41,242952;SPRF-BA;DEL08-BA;UOP03-DEL08-BA;;;
737381;08/12/2025;segunda-feira;15:00:00;SP;116;49,1;LORENA;Rea��o tardia ou ineficiente do condutor;Tombamento;Com V�timas Feridas;Pleno dia;Crescente;C�u Claro;Dupla;Reta;N�o;2;0;2;0;0;0;2;1;-22,730992;-45,07779;SPRF-SP;DEL08-SP;UOP02-DEL08-SP;;;
737382;08/12/2025;segunda-feira;16:32:00;SC;280;127,8;RIO NEGRINHO;Rea��o tardia ou ineficiente do condutor;Atropelamento de Pedestre;Com V�timas Feridas;Pleno dia;Crescente;C�u Claro;Simples;Reta;N�o;2;0;1;0;1;0;1;2;-26,242722;-49,512468;SPRF-SC;DEL06-SC;UOP03-DEL06-SC;;;
737383;08/12/2025;segunda-feira;15:15:00;MG;381;497,6;BETIM;Pista Escorregadia;Tombamento;Com V�timas Feridas;Pleno dia;Crescente;Nublado;Simples;"Declive;Curva";Sim;2;0;1;0;1;0;1;2;-19,98385;-44,2030456;SPRF-MG;DEL01-MG;UOP03-DEL01-MG;;;
737385;08/12/2025;segunda-feira;16:55:00;RJ;101;298,1;ITABORAI;Mal s�bito do condutor;Capotamento;Com V�timas Feridas;Pleno dia;Decrescente;C�u Claro;Dupla;"Curva;Aclive";Sim;1;0;1;0;0;0;1;1;-22,7742473;-42,9369206;SPRF-RJ;DEL02-RJ;UOP02-DEL02-RJ;;;
737386;08/12/2025;segunda-feira;17:10:00;RN;101;109,5;PARNAMIRIM;Acessar a via sem observar a presen�a dos outros ve�culos;Colis�o transversal;Com V�timas Feridas;Anoitecer;Decrescente;C�u Claro;M�ltipla;"Retorno Regulamentado;Reta;Viaduto";Sim;2;0;1;0;1;0;1;2;-5,938245;-35,26445;SPRF-RN;DEL01-RN;UOP01-DEL01-RN;;;
737389;08/12/2025;segunda-feira;17:00:00;PE;423;94;GARANHUNS;Acessar a via sem observar a presen�a dos outros ve�culos;Colis�o transversal;Com V�timas Feridas;Pleno dia;Crescente;C�u Claro;Simples;Reta;N�o;3;0;1;1;0;1;2;2;-8,8785399;-36,4774925;SPRF-PE;DEL03-PE;UOP01-DEL03-PE;;;
737390;08/12/2025;segunda-feira;15:45:00;RJ;40;109;DUQUE DE CAXIAS;Rea��o tardia ou ineficiente do condutor;Queda de ocupante de ve�culo;Com V�timas Feridas;Pleno dia;Decrescente;C�u Claro;Dupla;Reta;N�o;1;0;1;0;0;0;1;1;-22,6306213;-43,2848776;SPRF-RJ;DEL01-RJ;UOP02-DEL01-RJ;;;
737391;08/12/2025;segunda-feira;16:17:00;PE;116;26;SALGUEIRO;Acesso irregular;Colis�o transversal;Com V�timas Feridas;Pleno dia;Decrescente;C�u Claro;Simples;"Interse��o de Vias;Reta";Sim;2;0;1;0;1;0;1;2;-8,07116091;-39,13369004;SPRF-PE;DEL05-PE;UOP01-DEL05-PE;;;
737392;08/12/2025;segunda-feira;17:20:00;GO;40;98,6;CRISTALINA;Acessar a via sem observar a presen�a dos outros ve�culos;Colis�o transversal;Com V�timas Feridas;Pleno dia;Crescente;C�u Claro;Simples;Aclive;Sim;6;0;2;1;3;0;3;2;-16,775966;-47,586743;SPRF-DF;DEL01-DF;UOP02-DEL01-DF;;;
737396;08/12/2025;segunda-feira;17:00:00;MT;163;837;SINOP;Convers�o proibida;Colis�o lateral mesmo sentido;Com V�timas Feridas;Anoitecer;Crescente;Nublado;Dupla;Reta;N�o;2;0;1;0;1;0;1;2;-11,8380793;-55,4892159;SPRF-MT;DEL06-MT;UOP02-DEL06-MT;;;
737397;08/12/2025;segunda-feira;16:20:00;GO;60;199;GUAPO;Condutor Dormindo;Sa�da de leito carro��vel;Com V�timas Feridas;Pleno dia;Crescente;Chuva;Dupla;Reta;N�o;4;0;3;1;0;0;4;1;-16,86861087;-49,60887815;SPRF-GO;DEL01-GO;UOP02-DEL01-GO;;;
737400;08/12/2025;segunda-feira;10:45:00;MA;135;2;SAO LUIS;Acessar a via sem observar a presen�a dos outros ve�culos;Colis�o transversal;Com V�timas Feridas;Pleno dia;Decrescente;C�u Claro;Dupla;"Reta;Retorno Regulamentado";Sim;2;0;0;1;1;0;1;2;-2,600843;-44,245842;SPRF-MA;DEL01-MA;UOP01-DEL01-MA;;;
737401;08/12/2025;segunda-feira;14:30:00;MG;116;238,5;SANTANA DO PARAISO;Aus�ncia de rea��o do condutor;Colis�o transversal;Com V�timas Feridas;Pleno dia;Decrescente;C�u Claro;Simples;"Reta;Aclive";N�o;2;0;0;1;1;0;1;2;-19,41730794;-42,49287915;SPRF-MG;DEL11-MG;UOP01-DEL11-MG;;;
737402;08/12/2025;segunda-feira;16:40:00;PI;316;360,5;CAMPO GRANDE DO PIAUI;Demais falhas mec�nicas ou el�tricas;Inc�ndio;Sem V�timas;Pleno dia;Decrescente;Sol;Simples;"Aclive;Reta";N�o;1;0;0;0;1;0;0;1;-7,135208;-41,011621;SPRF-PI;DEL04-PI;UOP03-DEL04-PI;;;
737403;08/12/2025;segunda-feira;16:30:00;RO;364;525,5;ARIQUEMES;Ultrapassagem Indevida;Colis�o frontal;Com V�timas Fatais;Pleno dia;Decrescente;C�u Claro;Simples;Reta;N�o;2;1;1;0;0;0;1;2;-9,832285;-63,068007;SPRF-RO;DEL03-RO;UOP01-DEL03-RO;;;
737404;08/12/2025;segunda-feira;17:15:00;BA;415;25;ILHEUS;Pedestre andava na pista;Atropelamento de Pedestre;Com V�timas Feridas;Anoitecer;Crescente;C�u Claro;Dupla;Reta;N�o;2;0;1;1;0;0;2;2;-14,795075;-39,191825;SPRF-BA;DEL05-BA;UOP01-DEL05-BA;;;
737406;08/12/2025;segunda-feira;18:15:00;PR;376;595;CURITIBA;Rea��o tardia ou ineficiente do condutor;Tombamento;Com V�timas Feridas;Anoitecer;Decrescente;Chuva;Dupla;Reta;Sim;1;0;1;0;0;0;1;1;-25,45484184;-49,36107874;SPRF-PR;DEL01-PR;UOP03-DEL01-PR;;;
737407;08/12/2025;segunda-feira;18:30:00;RN;101;107;PARNAMIRIM;Condutor deixou de manter dist�ncia do ve�culo da frente;Colis�o lateral mesmo sentido;Com V�timas Feridas;Plena Noite;Decrescente;C�u Claro;Dupla;Reta;N�o;3;0;2;0;1;0;2;2;-5,9178;-35,263897;SPRF-RN;DEL01-RN;UOP01-DEL01-RN;;;
737408;08/12/2025;segunda-feira;18:00:00;SC;470;29;GASPAR;Demais falhas mec�nicas ou el�tricas;Tombamento;Com V�timas Feridas;Pleno dia;Crescente;C�u Claro;Dupla;Reta;N�o;1;0;0;1;0;0;1;1;-26,89356807;-48,90711017;SPRF-SC;DEL04-SC;UOP01-DEL04-SC;;;
737410;08/12/2025;segunda-feira;18:20:00;PR;369;88;CORNELIO PROCOPIO;Aus�ncia de rea��o do condutor;Sa�da de leito carro��vel;Com V�timas Feridas;Pleno dia;Decrescente;C�u Claro;Dupla;Curva;Sim;1;0;1;0;0;0;1;1;-23,18089772;-50,62512017;SPRF-PR;DEL07-PR;UOP05-DEL07-PR;;;
737411;08/12/2025;segunda-feira;18:05:00;RN;110;47,1;MOSSORO;Condutor deixou de manter dist�ncia do ve�culo da frente;Colis�o traseira;Com V�timas Feridas;Plena Noite;Decrescente;C�u Claro;Simples;Reta;Sim;3;0;2;0;1;0;2;3;-5,20442;-37,32712;SPRF-RN;DEL04-RN;UOP01-DEL04-RN;;;
737412;08/12/2025;segunda-feira;18:00:00;TO;153;260;COLINAS DO TOCANTINS;Acumulo de �gua sobre o pavimento;Colis�o frontal;Com V�timas Feridas;Anoitecer;Crescente;Chuva;Simples;Reta;N�o;5;0;2;1;2;0;3;3;-8,181433;-48,462163;SPRF-TO;DEL02-TO;UOP02-DEL02-TO;;;