id;data_inversa;dia_semana;horario;uf;br;km;municipio;causa_acidente;tipo_acidente;classificacao_acidente;fase_dia;sentido_via;condicao_metereologica;tipo_pista;tracado_via;uso_solo;pessoas;mortos;feridos_leves;feridos_graves;ilesos;ignorados;feridos;veiculos;latitude;longitude;regional;delegacia;uop;;;
737413;08/12/2025;segunda-feira;15:50:00;RN;226;98,3;TANGARA;Desrespeitar a prefer�ncia no cruzamento;Colis�o transversal;Com V�timas Fatais;Pleno dia;Crescente;C�u Claro;Simples;Reta;Sim;2;1;0;0;1;0;0;2;-6,25760256;-35,88197127;SPRF-RN;DEL03-RN;UOP02-DEL03-RN;;;
737414;08/12/2025;segunda-feira;18:50:00;ES;262;106;VENDA NOVA DO IMIGRANTE;Acessar a via sem observar a presen�a dos outros ve�culos;Colis�o lateral mesmo sentido;Sem V�timas;Plena Noite;Decrescente;C�u Claro;Simples;Reta;Sim;2;0;0;0;2;0;0;2;-20,328453;-41,149685;SPRF-ES;DEL01-ES;UOP02-DEL01-ES;;;
737415;08/12/2025;segunda-feira;18:20:00;PR;163;132,7;CAPITAO LEONIDAS MARQUES;Chuva;Sa�da de leito carro��vel;Com V�timas Feridas;Anoitecer;Crescente;Chuva;Dupla;Curva;N�o;5;0;1;0;4;0;1;1;-25,53249292;-53,59807773;SPRF-PR;DEL05-PR;UOP05-DEL05-PR;;;
737416;08/12/2025;segunda-feira;16:00:00;RJ;493;24;MAGE;Retorno proibido;Colis�o transversal;Sem V�timas;Pleno dia;Crescente;C�u Claro;Simples;Reta;N�o;2;0;0;0;2;0;0;2;-22,6575;-43,074001;SPRF-RJ;DEL04-RJ;UOP02-DEL04-RJ;;;
737417;08/12/2025;segunda-feira;16:26:00;RO;364;236,8;CACOAL;Manobra de mudan�a de faixa;Colis�o lateral mesmo sentido;Com V�timas Feridas;Pleno dia;Crescente;C�u Claro;Simples;Reta;Sim;4;0;2;0;2;0;2;3;-11,443133;-61,446923;SPRF-RO;DEL02-RO;UOP02-DEL02-RO;;;
737418;08/12/2025;segunda-feira;20:00:00;SC;101;155,9;PORTO BELO;Desrespeitar a prefer�ncia no cruzamento;Colis�o transversal;Com V�timas Feridas;Plena Noite;Decrescente;Nublado;Simples;"Interse��o de Vias;Reta";N�o;2;0;1;1;0;0;2;2;-27,17066598;-48,61119747;SPRF-SC;DEL04-SC;UOP03-DEL04-SC;;;
737419;08/12/2025;segunda-feira;18:00:00;MG;50;186;UBERABA;Demais falhas mec�nicas ou el�tricas;Inc�ndio;Sem V�timas;Amanhecer;Decrescente;Chuva;Dupla;"Aclive;Reta";N�o;2;0;0;0;2;0;0;1;-19,8297;-47,8874;SPRF-MG;DEL13-MG;UOP01-DEL13-MG;;;
737420;08/12/2025;segunda-feira;19:00:00;PE;428;181;PETROLINA;Transitar na contram�o;Colis�o frontal;Com V�timas Feridas;Plena Noite;Crescente;C�u Claro;Dupla;Reta;N�o;2;0;1;1;0;0;2;2;-9,324252;-40,462368;SPRF-PE;DEL06-PE;UOP01-DEL06-PE;;;
737421;08/12/2025;segunda-feira;18:14:00;PI;316;6,8;TERESINA;Ingest�o de �lcool pelo condutor;Colis�o traseira;Com V�timas Feridas;Plena Noite;Crescente;C�u Claro;Dupla;Reta;Sim;2;0;0;1;1;0;1;2;-5,15403;-42,772438;SPRF-PI;DEL01-PI;UOP02-DEL01-PI;;;
737422;08/12/2025;segunda-feira;19:00:00;PR;116;113;CURITIBA;Trafegar com motocicleta (ou similar) entre as faixas;Colis�o lateral mesmo sentido;Com V�timas Feridas;Plena Noite;Crescente;Chuva;Dupla;Reta;Sim;2;0;1;0;1;0;1;2;-25,548272;-49,28607;SPRF-PR;DEL01-PR;UOP03-DEL01-PR;;;
737424;08/12/2025;segunda-feira;19:00:00;RS;101;2,8;TORRES;Suic�dio (presumido);Colis�o com objeto;Com V�timas Feridas;Anoitecer;Decrescente;Nublado;Dupla;Reta;Sim;1;0;1;0;0;0;1;1;-29,324113;-49,778563;SPRF-RS;DEL03-RS;UOP02-DEL03-RS;;;
737426;08/12/2025;segunda-feira;19:25:00;SP;116;121;CACAPAVA;Avarias e/ou desgaste excessivo no pneu;Tombamento;Com V�timas Feridas;Plena Noite;Decrescente;C�u Claro;Dupla;Reta;N�o;2;0;2;0;0;0;2;1;-23,07229488;-45,6463207;SPRF-SP;DEL02-SP;UOP02-DEL02-SP;;;
737427;08/12/2025;segunda-feira;15:40:00;MA;135;24;SAO LUIS;Acessar a via sem observar a presen�a dos outros ve�culos;Colis�o transversal;Com V�timas Feridas;Pleno dia;Decrescente;C�u Claro;Dupla;Reta;Sim;2;0;1;0;1;0;1;2;-2,55102;-44,3071;SPRF-MA;DEL01-MA;UOP01-DEL01-MA;;;
737428;08/12/2025;segunda-feira;14:20:00;SC;282;457,7;PONTE SERRADA;Acumulo de �gua sobre o pavimento;Capotamento;Com V�timas Feridas;Pleno dia;Crescente;Chuva;Simples;Reta;N�o;2;0;2;0;0;0;2;1;-26,88739712;-51,99863434;SPRF-SC;DEL07-SC;UOP04-DEL07-SC;;;
737429;08/12/2025;segunda-feira;12:45:00;RJ;101;332;RIO DE JANEIRO;Avarias e/ou desgaste excessivo no pneu;Tombamento;Com V�timas Feridas;Pleno dia;Decrescente;C�u Claro;Dupla;Ponte;N�o;2;0;2;0;0;0;2;1;-22,88601688;-43,21719501;SPRF-RJ;DEL02-RJ;UOP01-DEL02-RJ;;;
737430;08/12/2025;segunda-feira;20:30:00;PE;101;61;RECIFE;Acessar a via sem observar a presen�a dos outros ve�culos;Colis�o transversal;Com V�timas Feridas;Plena Noite;Crescente;C�u Claro;Dupla;Retorno Regulamentado;Sim;3;0;2;0;1;0;2;2;-7,9889302;-34,9350923;SPRF-PE;DEL01-PE;UOP02-DEL01-PE;;;
737431;08/12/2025;segunda-feira;20:00:00;PR;277;66;SAO JOSE DOS PINHAIS;Aus�ncia de rea��o do condutor;Capotamento;Sem V�timas;Plena Noite;Crescente;Nevoeiro/Neblina;Dupla;Reta;Sim;1;0;0;0;1;0;0;1;-25,52502944;-49,09832597;SPRF-PR;DEL01-PR;UOP01-DEL01-PR;;;
737432;08/12/2025;segunda-feira;20:40:00;SC;101;231,9;PALHOCA;Ingest�o de �lcool pelo condutor;Colis�o lateral mesmo sentido;Com V�timas Feridas;Plena Noite;Crescente;C�u Claro;Dupla;"Curva;Aclive";N�o;2;0;0;1;0;1;1;2;-27,7875152;-48,63614051;SPRF-SC;DEL01-SC;UOP02-DEL01-SC;;;
737433;08/12/2025;segunda-feira;20:50:00;SC;101;333;TUBARAO;Desrespeitar a prefer�ncia no cruzamento;Colis�o transversal;Com V�timas Feridas;Plena Noite;Decrescente;C�u Claro;M�ltipla;"Reta;Interse��o de Vias";Sim;2;0;1;0;1;0;1;2;-28,470044;-49,014574;SPRF-SC;DEL02-SC;UOP01-DEL02-SC;;;
737435;08/12/2025;segunda-feira;17:45:00;GO;80;110;VILA PROPICIO;Ingest�o de �lcool pelo condutor;Queda de ocupante de ve�culo;Com V�timas Feridas;Anoitecer;Crescente;Chuva;Simples;"Interse��o de Vias;Reta";N�o;1;0;1;0;0;0;1;1;-15,13943273;-48,82418454;SPRF-GO;DEL07-GO;UOP02-DEL07-GO;;;
737436;08/12/2025;segunda-feira;21:00:00;BA;324;611;SIMOES FILHO;Demais falhas mec�nicas ou el�tricas;Tombamento;Com V�timas Feridas;Plena Noite;Decrescente;C�u Claro;Dupla;Reta;N�o;2;0;2;0;0;0;2;1;-12,840583;-38,415007;SPRF-BA;DEL01-BA;UOP01-DEL01-BA;;;
737439;08/12/2025;segunda-feira;20:35:00;MG;40;580,5;ITABIRITO;Retorno proibido;Colis�o transversal;Com V�timas Feridas;Plena Noite;Decrescente;Nublado;Simples;Curva;N�o;4;0;2;0;2;0;2;2;-20,30241129;-43,93892884;SPRF-MG;DEL01-MG;UOP02-DEL01-MG;;;
737442;08/12/2025;segunda-feira;16:28:00;RO;364;350;JI-PARANA;Rea��o tardia ou ineficiente do condutor;Colis�o traseira;Sem V�timas;Pleno dia;Decrescente;Sol;Simples;Reta;N�o;4;0;0;0;4;0;0;2;-10,84414;-62,00084;SPRF-RO;DEL02-RO;UOP01-DEL02-RO;;;
737444;08/12/2025;segunda-feira;21:25:00;RS;386;36,5;FREDERICO WESTPHALEN;Transitar na contram�o;Colis�o lateral sentido oposto;Sem V�timas;Plena Noite;Decrescente;Chuva;Simples;Reta;Sim;2;0;0;0;2;0;0;2;-27,3789503;-53,3988394;SPRF-RS;DEL08-RS;UOP02-DEL08-RS;;;
737446;08/12/2025;segunda-feira;20:00:00;RJ;356;185;SAO JOAO DA BARRA;Ingest�o de �lcool pelo condutor;Colis�o transversal;Com V�timas Feridas;Plena Noite;Crescente;C�u Claro;Simples;Reta;Sim;2;0;1;0;1;0;1;2;-21,62719639;-41,02217601;SPRF-RJ;DEL08-RJ;UOP02-DEL08-RJ;;;
737447;08/12/2025;segunda-feira;17:51:00;RO;364;196,8;PIMENTA BUENO;Manobra de mudan�a de faixa;Colis�o lateral mesmo sentido;Com V�timas Feridas;Pleno dia;Crescente;Nublado;Simples;Reta;Sim;2;0;1;0;1;0;1;2;-11,679785;-61,187225;SPRF-RO;DEL02-RO;UOP02-DEL02-RO;;;
737449;08/12/2025;segunda-feira;19:20:00;PR;116;21;ANTONINA;Velocidade Incompat�vel;Sa�da de leito carro��vel;Com V�timas Feridas;Anoitecer;Crescente;Chuva;Dupla;Curva;N�o;2;0;1;0;1;0;1;1;-25,104845;-48,738968;SPRF-PR;DEL01-PR;UOP02-DEL01-PR;;;
737450;08/12/2025;segunda-feira;21:35:00;PB;230;36,5;SANTA RITA;Aus�ncia de rea��o do condutor;Colis�o lateral mesmo sentido;Com V�timas Feridas;Plena Noite;Crescente;C�u Claro;Dupla;Reta;Sim;2;0;1;0;0;1;1;2;-7,1278;-34,951758;SPRF-PB;DEL01-PB;UOP02-DEL01-PB;;;
737451;08/12/2025;segunda-feira;21:30:00;MA;135;4;SAO LUIS;Acessar a via sem observar a presen�a dos outros ve�culos;Colis�o transversal;Com V�timas Feridas;Plena Noite;Decrescente;C�u Claro;M�ltipla;Reta;Sim;2;0;1;0;1;0;1;2;-2,66767747;-44,28834711;SPRF-MA;DEL01-MA;UOP01-DEL01-MA;;;
737453;08/12/2025;segunda-feira;22:10:00;SC;101;210,5;SAO JOSE;Demais falhas mec�nicas ou el�tricas;Tombamento;Com V�timas Feridas;Plena Noite;Crescente;C�u Claro;Dupla;Reta;Sim;1;0;1;0;0;0;1;1;-27,62003517;-48,64923685;SPRF-SC;DEL01-SC;UOP01-DEL01-SC;;;
737454;08/12/2025;segunda-feira;18:30:00;BA;101;672;ITAPEBI;Animais na Pista;Colis�o lateral mesmo sentido;Com V�timas Feridas;Plena Noite;Decrescente;C�u Claro;Simples;"Aclive;Curva";N�o;2;0;0;1;1;0;1;2;-16,022037;-39,608572;SPRF-BA;DEL09-BA;UOP03-DEL09-BA;;;
737456;08/12/2025;segunda-feira;22:30:00;SC;470;59;BLUMENAU;Transitar na contram�o;Colis�o frontal;Com V�timas Feridas;Plena Noite;Crescente;Garoa/Chuvisco;Simples;"Reta;Em Obras";Sim;3;0;2;0;1;0;2;2;-26,8829;-49,15537;SPRF-SC;DEL04-SC;UOP01-DEL04-SC;;;
737458;08/12/2025;segunda-feira;23:00:00;RJ;101;380;RIO DE JANEIRO;Frear bruscamente;Colis�o traseira;Com V�timas Feridas;Plena Noite;Decrescente;C�u Claro;Dupla;Reta;N�o;2;0;1;0;1;0;1;2;-22,87122849;-43,60164642;SPRF-RJ;DEL06-RJ;UOP01-DEL06-RJ;;;
737459;08/12/2025;segunda-feira;23:20:00;SC;280;29,4;ARAQUARI;Acessar a via sem observar a presen�a dos outros ve�culos;Colis�o transversal;Com V�timas Feridas;Plena Noite;Crescente;Nublado;Simples;"Curva;Interse��o de Vias";Sim;2;0;0;1;1;0;1;2;-26,412712;-48,7568426;SPRF-SC;DEL03-SC;UOP03-DEL03-SC;;;
737460;08/12/2025;segunda-feira;22:50:00;RJ;101;408;ITAGUAI;Mal s�bito do condutor;Sa�da de leito carro��vel;Com V�timas Feridas;Plena Noite;Decrescente;C�u Claro;Dupla;Viaduto;N�o;1;0;1;0;0;0;1;1;-22,88258051;-43,82748842;SPRF-RJ;DEL03-RJ;UOP01-DEL03-RJ;;;
737461;08/12/2025;segunda-feira;23:40:00;SP;101;38;UBATUBA;Rea��o tardia ou ineficiente do condutor;Tombamento;Com V�timas Feridas;Plena Noite;Decrescente;Nublado;Simples;Declive;N�o;1;0;1;0;0;0;1;1;-23,4077993;-45,0189267;SPRF-SP;DEL06-SP;UOP01-DEL06-SP;;;
737465;08/12/2025;segunda-feira;19:15:00;MG;116;522;CARATINGA;Ingest�o de �lcool pelo condutor;Colis�o transversal;Com V�timas Feridas;Plena Noite;Decrescente;Nublado;Simples;Reta;Sim;2;0;1;0;0;1;1;2;-19,746078;-42,132575;SPRF-MG;DEL06-MG;UOP02-DEL06-MG;;;
737467;08/12/2025;segunda-feira;19:39:00;RN;304;24;MOSSORO;Aus�ncia de rea��o do condutor;Sa�da de leito carro��vel;Com V�timas Feridas;Plena Noite;Decrescente;C�u Claro;Simples;"Interse��o de Vias;Rotat�ria;Curva";N�o;1;0;0;1;0;0;1;1;-5,06651;-37,3311;SPRF-RN;DEL04-RN;UOP02-DEL04-RN;;;
737468;09/12/2025;ter�a-feira;00:30:00;RS;116;265,3;CANOAS;Aus�ncia de rea��o do condutor;Colis�o traseira;Sem V�timas;Plena Noite;Decrescente;Chuva;Dupla;"Reta;Em Obras";Sim;2;0;0;0;1;1;0;2;-29,92780571;-51,17748116;SPRF-RS;DEL01-RS;UOP01-DEL01-RS;;;
737469;09/12/2025;ter�a-feira;00:45:00;RJ;465;8;SEROPEDICA;Aus�ncia de rea��o do condutor;Colis�o traseira;Sem V�timas;Plena Noite;Crescente;C�u Claro;Simples;Reta;N�o;3;0;0;0;3;0;0;2;-22,79327643;-43,64960122;SPRF-RJ;DEL06-RJ;UOP02-DEL06-RJ;;;
737470;24/11/2025;segunda-feira;11:49:00;MA;10;255;IMPERATRIZ;Acessar a via sem observar a presen�a dos outros ve�culos;Colis�o transversal;Com V�timas Feridas;Pleno dia;Decrescente;Nublado;Simples;Reta;Sim;2;0;2;0;0;0;2;2;-5,50683;-47,4718;SPRF-MA;DEL04-MA;UOP01-DEL04-MA;;;
737471;09/12/2025;ter�a-feira;00:35:00;MG;381;778,5;CAMPANHA;Velocidade Incompat�vel;Sa�da de leito carro��vel;Com V�timas Feridas;Plena Noite;Decrescente;C�u Claro;Dupla;"Declive;Curva";N�o;2;0;1;0;1;0;1;1;-21,80540827;-45,47543764;SPRF-MG;DEL16-MG;UOP02-DEL16-MG;;;
737474;09/12/2025;ter�a-feira;00:20:00;MG;50;54;ARAGUARI;Chuva;Capotamento;Com V�timas Feridas;Plena Noite;Decrescente;Chuva;Dupla;Curva;N�o;1;0;1;0;0;0;1;1;-18,77079;-48,24491501;SPRF-MG;DEL15-MG;UOP02-DEL15-MG;;;
737476;09/12/2025;ter�a-feira;02:30:00;PE;101;23,9;GOIANA;Demais falhas mec�nicas ou el�tricas;Inc�ndio;Sem V�timas;Plena Noite;Crescente;C�u Claro;Dupla;"Declive;Reta";N�o;1;0;0;0;1;0;0;1;-7,69052972;-34,92234562;SPRF-PE;DEL01-PE;UOP02-DEL01-PE;;;
737479;09/12/2025;ter�a-feira;02:00:00;PR;376;332;ORTIGUEIRA;Demais falhas mec�nicas ou el�tricas;Inc�ndio;Sem V�timas;Plena Noite;Decrescente;Chuva;Simples;Curva;N�o;2;0;0;0;2;0;0;1;-24,11812101;-51,02004771;SPRF-PR;DEL07-PR;UOP02-DEL07-PR;;;
737481;08/12/2025;segunda-feira;22:48:00;MT;70;521,4;VARZEA GRANDE;Acessar a via sem observar a presen�a dos outros ve�culos;Colis�o transversal;Com V�timas Feridas;Plena Noite;Decrescente;Garoa/Chuvisco;Simples;Declive;N�o;3;0;1;0;2;0;1;2;-15,67088134;-56,17970145;SPRF-MT;DEL01-MT;UOP02-DEL01-MT;;;
737482;09/12/2025;ter�a-feira;03:20:00;TO;10;422,6;PORTO NACIONAL;Aus�ncia de rea��o do condutor;Sa�da de leito carro��vel;Sem V�timas;Plena Noite;Decrescente;Chuva;Simples;Reta;N�o;1;0;0;0;0;1;0;1;-10,563582;-48,376368;SPRF-TO;DEL01-TO;UOP03-DEL01-TO;;;
737486;09/12/2025;ter�a-feira;03:00:00;BA;242;609;MUQUEM DE SAO FRANCISCO;Acostamento em desn�vel;Sa�da de leito carro��vel;Com V�timas Feridas;Amanhecer;Decrescente;C�u Claro;Simples;Reta;N�o;4;0;3;0;0;1;3;2;-12,18124;-43,23566;SPRF-BA;DEL10-BA;UOP01-DEL10-BA;;;
737487;04/12/2025;quinta-feira;20:12:00;MT;163;641,6;NOVA MUTUM;Avarias e/ou desgaste excessivo no pneu;Sa�da de leito carro��vel;Sem V�timas;Plena Noite;Crescente;Chuva;Simples;Reta;N�o;1;0;0;0;1;0;0;1;-13,45797877;-56,07783437;SPRF-MT;DEL01-MT;UOP01-DEL01-MT;;;
737489;09/12/2025;ter�a-feira;06:00:00;SC;101;45;JOINVILLE;Chuva;Queda de ocupante de ve�culo;Com V�timas Feridas;Pleno dia;Crescente;Chuva;M�ltipla;Reta;Sim;1;0;1;0;0;0;1;1;-26,33993617;-48,85923592;SPRF-SC;DEL03-SC;UOP01-DEL03-SC;;;
737490;09/12/2025;ter�a-feira;06:15:00;SP;116;282;ITAPECERICA DA SERRA;Trafegar com motocicleta (ou similar) entre as faixas;Tombamento;Com V�timas Feridas;Amanhecer;Decrescente;Nublado;Simples;Aclive;N�o;1;0;0;1;0;0;1;1;-23,7002321;-46,868944;SPRF-SP;DEL04-SP;UOP01-DEL04-SP;;;
737491;09/12/2025;ter�a-feira;05:50:00;MG;40;39,8;PARACATU;Acessar a via sem observar a presen�a dos outros ve�culos;Colis�o transversal;Com V�timas Feridas;Amanhecer;Decrescente;Garoa/Chuvisco;Simples;"Interse��o de Vias;Declive;Reta;Rotat�ria";Sim;2;0;0;1;1;0;1;2;-17,210339;-46,882244;SPRF-MG;DEL14-MG;UOP01-DEL14-MG;;;
737492;08/12/2025;segunda-feira;18:40:00;BA;367;29;PORTO SEGURO;Acessar a via sem observar a presen�a dos outros ve�culos;Colis�o transversal;Com V�timas Feridas;Plena Noite;Crescente;C�u Claro;Simples;"Rotat�ria;Reta";Sim;2;0;1;0;1;0;1;2;-16,41486733;-39,1201812;SPRF-BA;DEL09-BA;UOP03-DEL09-BA;;;
737493;09/12/2025;ter�a-feira;06:00:00;PR;369;88,5;CORNELIO PROCOPIO;Chuva;Sa�da de leito carro��vel;Com V�timas Feridas;Amanhecer;Crescente;Chuva;Simples;Reta;N�o;2;0;2;0;0;0;2;1;-23,17332153;-50,6190512;SPRF-PR;DEL07-PR;UOP05-DEL07-PR;;;
737494;09/12/2025;ter�a-feira;07:00:00;SC;280;57,5;GUARAMIRIM;Condutor usando celular;Colis�o traseira;Com V�timas Feridas;Pleno dia;Decrescente;Nublado;Simples;"Em Obras;Reta";Sim;2;0;1;0;0;1;1;2;-26,47465378;-49,02629312;SPRF-SC;DEL03-SC;UOP03-DEL03-SC;;;
737497;09/12/2025;ter�a-feira;07:30:00;MG;381;654;SANTO ANTONIO DO AMPARO;Velocidade Incompat�vel;Sa�da de leito carro��vel;Com V�timas Feridas;Pleno dia;Decrescente;Chuva;Dupla;Reta;N�o;2;0;1;0;1;0;1;1;-20,97503;-44,93791;SPRF-MG;DEL04-MG;UOP02-DEL04-MG;;;
737498;09/12/2025;ter�a-feira;06:30:00;RS;470;210;BENTO GONCALVES;Pista Escorregadia;Colis�o com objeto;Com V�timas Feridas;Pleno dia;Crescente;Garoa/Chuvisco;Dupla;"Curva;Aclive";N�o;11;0;1;0;10;0;1;1;-29,13212419;-51,5450778;SPRF-RS;DEL06-RS;UOP01-DEL06-RS;;;
737499;09/12/2025;ter�a-feira;06:25:00;RJ;356;53;ITAPERUNA;Ultrapassagem Indevida;Colis�o lateral mesmo sentido;Com V�timas Feridas;Pleno dia;Decrescente;Nublado;Simples;"Em Obras;Reta";N�o;6;0;4;0;2;0;4;2;-21,271869;-41,748582;SPRF-RJ;DEL08-RJ;UOP03-DEL08-RJ;;;
737501;09/12/2025;ter�a-feira;07:26:00;PB;230;55;CRUZ DO ESPIRITO SANTO;Rea��o tardia ou ineficiente do condutor;Sa�da de leito carro��vel;Com V�timas Feridas;Pleno dia;Crescente;C�u Claro;Dupla;Reta;N�o;1;0;1;0;0;0;1;1;-7,201313;-35,09193;SPRF-PB;DEL01-PB;UOP02-DEL01-PB;;;
737502;09/12/2025;ter�a-feira;05:55:00;RJ;40;2,5;COMENDADOR LEVY GASPARIAN;Aus�ncia de rea��o do condutor;Colis�o com objeto;Sem V�timas;Amanhecer;Decrescente;C�u Claro;Dupla;Curva;N�o;3;0;0;0;3;0;0;1;-22,00842;-43,24824;SPRF-RJ;DEL05-RJ;UOP02-DEL05-RJ;;;
737503;09/12/2025;ter�a-feira;07:42:00;RJ;116;130;MAGE;Aus�ncia de rea��o do condutor;Sa�da de leito carro��vel;Com V�timas Feridas;Pleno dia;Decrescente;Chuva;Dupla;"Curva;Aclive";Sim;2;0;1;0;1;0;1;1;-22,66362077;-43,11587584;SPRF-RJ;DEL04-RJ;UOP02-DEL04-RJ;;;
737504;09/12/2025;ter�a-feira;07:45:00;RS;158;341;SANTA MARIA;Transitar na contram�o;Colis�o lateral sentido oposto;Com V�timas Feridas;Pleno dia;Crescente;Chuva;Simples;Reta;N�o;3;0;1;0;2;0;1;2;-29,74248843;-53,9360261;SPRF-RS;DEL09-RS;UOP01-DEL09-RS;;;
737506;09/12/2025;ter�a-feira;08:25:00;MG;40;610;CONGONHAS;Retorno proibido;Colis�o transversal;Com V�timas Feridas;Pleno dia;Crescente;Nublado;Simples;Curva;N�o;2;0;0;1;1;0;1;2;-20,50721764;-43,83843139;SPRF-MG;DEL05-MG;UOP02-DEL05-MG;;;
737507;09/12/2025;ter�a-feira;07:15:00;PR;116;110;CURITIBA;Chuva;Sa�da de leito carro��vel;Com V�timas Feridas;Amanhecer;Crescente;Garoa/Chuvisco;Dupla;Reta;Sim;6;0;6;0;0;0;6;1;-25,5660537;-49,24296347;SPRF-PR;DEL01-PR;UOP03-DEL01-PR;;;
737508;09/12/2025;ter�a-feira;08:00:00;RJ;493;93;JAPERI;Aus�ncia de rea��o do condutor;Queda de ocupante de ve�culo;Com V�timas Feridas;Pleno dia;Crescente;Nublado;Dupla;Reta;N�o;1;0;1;0;0;0;1;1;-22,6844698;-43,6190835;SPRF-RJ;DEL01-RJ;UOP03-DEL01-RJ;;;
737509;09/12/2025;ter�a-feira;07:00:00;RS;386;12,6;IRAI;Aus�ncia de rea��o do condutor;Sa�da de leito carro��vel;Com V�timas Fatais;Pleno dia;Crescente;Chuva;Simples;Curva;N�o;1;1;0;0;0;0;0;1;-27,22332237;-53,32404256;SPRF-RS;DEL08-RS;UOP02-DEL08-RS;;;
737510;08/12/2025;segunda-feira;20:12:00;AC;364;156;BUJARI;Acessar a via sem observar a presen�a dos outros ve�culos;Colis�o transversal;Com V�timas Feridas;Plena Noite;Crescente;Nublado;Simples;Reta;N�o;3;0;1;0;2;0;1;2;-9,83298681;-67,94977859;SPRF-AC;DEL01-AC;UOP01-DEL01-AC;;;
737511;09/12/2025;ter�a-feira;08:00:00;RJ;101;389;RIO DE JANEIRO;Rea��o tardia ou ineficiente do condutor;Queda de ocupante de ve�culo;Com V�timas Feridas;Pleno dia;Decrescente;Nublado;Dupla;Curva;Sim;2;0;2;0;0;0;2;1;-22,89658522;-43,68084367;SPRF-RJ;DEL03-RJ;UOP01-DEL03-RJ;;;
737512;09/12/2025;ter�a-feira;08:30:00;ES;101;219;IBIRACU;Aus�ncia de rea��o do condutor;Queda de ocupante de ve�culo;Com V�timas Feridas;Pleno dia;Crescente;C�u Claro;Dupla;Reta;N�o;1;0;1;0;0;0;1;1;-19,8634551;-40,38297325;SPRF-ES;DEL02-ES;UOP01-DEL02-ES;;;
737514;09/12/2025;ter�a-feira;08:30:00;RN;110;19,6;MOSSORO;Rea��o tardia ou ineficiente do condutor;Capotamento;Com V�timas Feridas;Pleno dia;Crescente;C�u Claro;Simples;Reta;N�o;1;0;0;1;0;0;1;1;-5,0551718;-37,1533226;SPRF-RN;DEL04-RN;UOP01-DEL04-RN;;;
737516;09/12/2025;ter�a-feira;09:18:00;PE;428;191;PETROLINA;Condutor deixou de manter dist�ncia do ve�culo da frente;Colis�o traseira;Com V�timas Feridas;Pleno dia;Crescente;C�u Claro;Dupla;Reta;Sim;2;0;1;0;1;0;1;2;-9,38471;-40,53048;SPRF-PE;DEL06-PE;UOP01-DEL06-PE;;;
737517;09/12/2025;ter�a-feira;07:00:00;PR;373;279,5;PRUDENTOPOLIS;Acumulo de �gua sobre o pavimento;Sa�da de leito carro��vel;Com V�timas Feridas;Pleno dia;Crescente;Chuva;Simples;Reta;N�o;1;0;1;0;0;0;1;1;-25,22176;-51,15406;SPRF-PR;DEL08-PR;UOP01-DEL08-PR;;;
737518;09/12/2025;ter�a-feira;09:00:00;RJ;465;12;SEROPEDICA;Acessar a via sem observar a presen�a dos outros ve�culos;Colis�o transversal;Com V�timas Feridas;Pleno dia;Crescente;C�u Claro;Simples;"Reta;Interse��o de Vias";N�o;2;0;0;1;1;0;1;2;-22,80932046;-43,63484574;SPRF-RJ;DEL06-RJ;UOP02-DEL06-RJ;;;
737520;09/12/2025;ter�a-feira;09:45:00;MG;40;661;CARANDAI;Aus�ncia de rea��o do condutor;Sa�da de leito carro��vel;Com V�timas Feridas;Pleno dia;Crescente;Chuva;Simples;Curva;N�o;1;0;1;0;0;0;1;1;-20,9092386;-43,8289828;SPRF-MG;DEL05-MG;UOP02-DEL05-MG;;;
737523;09/12/2025;ter�a-feira;08:26:00;RO;364;711;PORTO VELHO;Aus�ncia de rea��o do condutor;Colis�o traseira;Sem V�timas;Pleno dia;Decrescente;C�u Claro;Dupla;Interse��o de Vias;Sim;2;0;0;0;1;1;0;2;-8,78256363;-63,86453765;SPRF-RO;DEL01-RO;UOP01-DEL01-RO;;;
737524;09/12/2025;ter�a-feira;09:45:00;RS;290;215,6;PANTANO GRANDE;Desrespeitar a prefer�ncia no cruzamento;Colis�o transversal;Com V�timas Feridas;Pleno dia;Decrescente;Chuva;Simples;Rotat�ria;Sim;3;0;1;0;2;0;1;2;-30,19026696;-52,37333743;SPRF-RS;DEL02-RS;UOP03-DEL02-RS;;;
737526;09/12/2025;ter�a-feira;10:05:00;MG;381;613,6;OLIVEIRA;Aus�ncia de rea��o do condutor;Sa�da de leito carro��vel;Com V�timas Feridas;Pleno dia;Crescente;Chuva;Dupla;"Curva;Declive";N�o;2;0;1;1;0;0;2;1;-20,705395;-44,753308;SPRF-MG;DEL04-MG;UOP01-DEL04-MG;;;
737527;09/12/2025;ter�a-feira;10:20:00;SC;101;43;JOINVILLE;Aus�ncia de rea��o do condutor;Colis�o traseira;Com V�timas Feridas;Pleno dia;Crescente;Garoa/Chuvisco;Dupla;"Reta;Aclive";Sim;3;0;1;0;2;0;1;3;-26,331275;-48,861997;SPRF-SC;DEL03-SC;UOP01-DEL03-SC;;;
737530;09/12/2025;ter�a-feira;10:30:00;RS;116;149;CAXIAS DO SUL;Pedestre cruzava a pista fora da faixa;Atropelamento de Pedestre;Com V�timas Feridas;Pleno dia;Decrescente;Chuva;Dupla;Curva;Sim;2;0;0;1;1;0;1;2;-29,1536896;-51,1475712;SPRF-RS;DEL05-RS;UOP01-DEL05-RS;;;