id;data_inversa;dia_semana;horario;uf;br;km;municipio;causa_acidente;tipo_acidente;classificacao_acidente;fase_dia;sentido_via;condicao_metereologica;tipo_pista;tracado_via;uso_solo;pessoas;mortos;feridos_leves;feridos_graves;ilesos;ignorados;feridos;veiculos;latitude;longitude;regional;delegacia;uop;;;
737531;25/10/2025;s�bado;13:00:00;PA;0;0;BELEM;Aus�ncia de rea��o do condutor;Colis�o com objeto;Sem V�timas;Pleno dia;N�o Informado;Chuva;Simples;Reta;N�o;1;0;0;0;1;0;0;1;-1,37018356;-48,47841066;SPRF-PA;N/A;N/A;;;
737533;09/12/2025;ter�a-feira;10:50:00;RJ;116;146;DUQUE DE CAXIAS;Condutor deixou de manter dist�ncia do ve�culo da frente;Colis�o lateral mesmo sentido;Com V�timas Feridas;Pleno dia;Crescente;C�u Claro;M�ltipla;Reta;N�o;2;0;1;0;1;0;1;2;-22,64691615;-43,21070016;SPRF-RJ;DEL01-RJ;UOP02-DEL01-RJ;;;
737535;09/12/2025;ter�a-feira;10:40:00;RS;116;252;SAPUCAIA DO SUL;Avarias e/ou desgaste excessivo no pneu;Tombamento;Com V�timas Feridas;Pleno dia;Crescente;Chuva;Dupla;Reta;Sim;1;0;1;0;0;0;1;1;-29,80671905;-51,16720431;SPRF-RS;DEL01-RS;UOP02-DEL01-RS;;;
737536;09/12/2025;ter�a-feira;10:30:00;MG;381;481;CONTAGEM;Aus�ncia de rea��o do condutor;Tombamento;Com V�timas Feridas;Pleno dia;Crescente;C�u Claro;Dupla;Reta;Sim;2;0;2;0;0;0;2;1;-19,95899705;-44,06655598;SPRF-MG;DEL01-MG;UOP03-DEL01-MG;;;
737537;09/12/2025;ter�a-feira;10:40:00;MG;354;715,7;CAXAMBU;Avarias e/ou desgaste excessivo no pneu;Sa�da de leito carro��vel;Com V�timas Feridas;Pleno dia;Decrescente;Chuva;Simples;Curva;N�o;1;0;1;0;0;0;1;1;-22,069523;-44,942693;SPRF-MG;DEL17-MG;UOP01-DEL17-MG;;;
737538;09/12/2025;ter�a-feira;08:50:00;SC;101;338,5;TUBARAO;Acumulo de �gua sobre o pavimento;Colis�o com objeto;Com V�timas Feridas;Pleno dia;Crescente;Chuva;M�ltipla;Reta;N�o;1;0;1;0;0;0;1;1;-28,51028537;-49,0508008;SPRF-SC;DEL02-SC;UOP01-DEL02-SC;;;
737539;09/12/2025;ter�a-feira;08:50:00;SC;163;68;SAO MIGUEL DO OESTE;Ingest�o de �lcool pelo condutor;Colis�o lateral mesmo sentido;Com V�timas Feridas;Pleno dia;Decrescente;C�u Claro;Dupla;"Reta;Interse��o de Vias";Sim;3;0;1;0;2;0;1;2;-26,74756469;-53,50092798;SPRF-SC;DEL07-SC;UOP03-DEL07-SC;;;
737540;09/12/2025;ter�a-feira;11:10:00;BA;101;878;TEIXEIRA DE FREITAS;Pista esburacada;Queda de ocupante de ve�culo;Com V�timas Feridas;Pleno dia;Decrescente;C�u Claro;Simples;Reta;Sim;1;0;1;0;0;0;1;1;-17,553492;-39,722995;SPRF-BA;DEL09-BA;UOP02-DEL09-BA;;;
737541;09/12/2025;ter�a-feira;11:25:00;SC;101;215;PALHOCA;Rea��o tardia ou ineficiente do condutor;Colis�o traseira;Sem V�timas;Pleno dia;Crescente;Chuva;Dupla;Reta;Sim;2;0;0;0;2;0;0;2;-27,645723;-48,672265;SPRF-SC;DEL01-SC;UOP02-DEL01-SC;;;
737542;09/12/2025;ter�a-feira;09:10:00;MT;163;532;DIAMANTINO;Chuva;Sa�da de leito carro��vel;Com V�timas Feridas;Pleno dia;Crescente;Garoa/Chuvisco;Dupla;Reta;N�o;1;0;1;0;0;0;1;1;-14,31387239;-56,14069462;SPRF-MT;DEL01-MT;UOP01-DEL01-MT;;;
737543;09/12/2025;ter�a-feira;10:50:00;CE;222;210,5;FORQUILHA;Condutor deixou de manter dist�ncia do ve�culo da frente;Colis�o traseira;Sem V�timas;Pleno dia;Decrescente;C�u Claro;Simples;Reta;N�o;18;0;0;0;18;0;0;2;-3,79160531;-40,2781841;SPRF-CE;DEL04-CE;UOP01-DEL04-CE;;;
737545;09/12/2025;ter�a-feira;11:30:00;MG;381;518;IGARAPE;Acumulo de �gua sobre o pavimento;Colis�o com objeto;Com V�timas Feridas;Pleno dia;Decrescente;Garoa/Chuvisco;Dupla;Curva;N�o;2;0;1;0;1;0;1;1;-20,11084332;-44,32270927;SPRF-MG;DEL01-MG;UOP03-DEL01-MG;;;
737546;09/12/2025;ter�a-feira;11:30:00;MG;116;277;TEOFILO OTONI;Pedestre andava na pista;Atropelamento de Pedestre;Com V�timas Feridas;Pleno dia;Decrescente;C�u Claro;Dupla;"Interse��o de Vias;Curva";Sim;2;0;1;0;1;0;1;2;-17,860059;-41,515232;SPRF-MG;DEL11-MG;UOP01-DEL11-MG;;;
737547;09/12/2025;ter�a-feira;07:10:00;SC;282;640;DESCANSO;Avarias e/ou desgaste excessivo no pneu;Sa�da de leito carro��vel;Com V�timas Feridas;Pleno dia;Decrescente;Chuva;Simples;"Declive;Curva";N�o;1;0;1;0;0;0;1;1;-26,78605948;-53,45886593;SPRF-SC;DEL07-SC;UOP03-DEL07-SC;;;
737548;09/12/2025;ter�a-feira;11:30:00;SC;101;214,2;PALHOCA;Rea��o tardia ou ineficiente do condutor;Colis�o lateral mesmo sentido;Com V�timas Feridas;Pleno dia;Crescente;Chuva;Simples;Reta;Sim;2;0;0;1;1;0;1;2;-27,64605;-48,67205;SPRF-SC;DEL01-SC;UOP02-DEL01-SC;;;
737551;09/12/2025;ter�a-feira;11:00:00;RJ;40;123;DUQUE DE CAXIAS;Avarias e/ou desgaste excessivo no pneu;Colis�o lateral mesmo sentido;Com V�timas Feridas;Pleno dia;Decrescente;Nublado;Dupla;Reta;Sim;2;0;1;0;1;0;1;2;-22,8009425;-43,2901467;SPRF-RJ;DEL01-RJ;UOP02-DEL01-RJ;;;
737552;07/12/2025;domingo;17:00:00;RJ;101;420,5;MANGARATIBA;Aus�ncia de rea��o do condutor;Colis�o lateral mesmo sentido;Sem V�timas;Pleno dia;Crescente;C�u Claro;Dupla;Reta;N�o;8;0;0;0;7;1;0;3;-22,91682604;-43,93085003;SPRF-RJ;DEL03-RJ;UOP02-DEL03-RJ;;;
737554;09/12/2025;ter�a-feira;11:15:00;RS;116;144,9;CAXIAS DO SUL;Velocidade Incompat�vel;Colis�o com objeto;Com V�timas Feridas;Pleno dia;Crescente;Chuva;Dupla;Reta;N�o;1;0;0;1;0;0;1;1;-29,1499392;-51,1449549;SPRF-RS;DEL05-RS;UOP01-DEL05-RS;;;
737555;18/11/2025;ter�a-feira;19:45:00;RJ;493;16;GUAPIMIRIM;Convers�o proibida;Colis�o transversal;Com V�timas Feridas;Plena Noite;Crescente;Nublado;Simples;Reta;N�o;5;0;2;2;1;0;4;2;-22,66605625;-43,00441504;SPRF-RJ;DEL04-RJ;UOP02-DEL04-RJ;;;
737558;09/12/2025;ter�a-feira;12:10:00;SP;116;489;CAJATI;Acessar a via sem observar a presen�a dos outros ve�culos;Colis�o transversal;Com V�timas Feridas;Pleno dia;Decrescente;C�u Claro;Dupla;Reta;Sim;2;0;0;1;0;1;1;2;-24,73276128;-48,11216967;SPRF-SP;DEL05-SP;UOP01-DEL05-SP;;;
737559;09/12/2025;ter�a-feira;08:45:00;BA;407;3;JUAZEIRO;Problema com o freio;Atropelamento de Pedestre;Com V�timas Feridas;Pleno dia;Decrescente;Sol;Dupla;"Reta;Em Obras";Sim;2;0;1;0;1;0;1;2;-9,43138;-40,49804;SPRF-PE;DEL06-PE;UOP01-DEL06-PE;;;
737561;09/12/2025;ter�a-feira;13:15:00;SE;101;152,4;ESTANCIA;Rea��o tardia ou ineficiente do condutor;Colis�o traseira;Com V�timas Feridas;Pleno dia;Decrescente;C�u Claro;Simples;Reta;Sim;2;0;1;0;1;0;1;2;-11,27159;-37,44555;SPRF-SE;DEL02-SE;UOP01-DEL02-SE;;;
737564;09/12/2025;ter�a-feira;07:15:00;SC;280;99,1;SAO BENTO DO SUL;Velocidade Incompat�vel;Sa�da de leito carro��vel;Com V�timas Feridas;Amanhecer;Decrescente;Chuva;Simples;"Declive;Curva";N�o;5;0;5;0;0;0;5;1;-26,3714;-49,33055;SPRF-SC;DEL06-SC;UOP03-DEL06-SC;;;
737565;09/12/2025;ter�a-feira;11:10:00;RS;116;159;CAXIAS DO SUL;Acessar a via sem observar a presen�a dos outros ve�culos;Colis�o transversal;Sem V�timas;Pleno dia;Crescente;Chuva;Simples;Reta;N�o;2;0;0;0;2;0;0;2;-29,23080939;-51,15909219;SPRF-RS;DEL05-RS;UOP01-DEL05-RS;;;
737566;09/12/2025;ter�a-feira;07:50:00;PR;369;81;SANTA MARIANA;Velocidade Incompat�vel;Sa�da de leito carro��vel;Com V�timas Feridas;Pleno dia;Crescente;Chuva;Simples;Reta;N�o;1;0;1;0;0;0;1;1;-23,1447546;-50,58126776;SPRF-PR;DEL07-PR;UOP05-DEL07-PR;;;
737569;28/11/2025;sexta-feira;22:50:00;PR;277;694,5;SAO MIGUEL DO IGUACU;Aus�ncia de rea��o do condutor;Colis�o transversal;Com V�timas Feridas;Plena Noite;Crescente;Vento;Dupla;"Reta;Declive";N�o;3;0;1;1;1;0;2;2;-25,3731633;-54,2715433;SPRF-PR;DEL05-PR;UOP01-DEL05-PR;;;
737570;11/11/2025;ter�a-feira;23:23:00;PE;101;58;RECIFE;Manobra de mudan�a de faixa;Colis�o lateral mesmo sentido;Sem V�timas;Plena Noite;Decrescente;C�u Claro;Dupla;Reta;N�o;3;0;0;0;1;2;0;2;-7,978062;-34,927413;SPRF-PE;DEL01-PE;UOP02-DEL01-PE;;;
737572;09/12/2025;ter�a-feira;13:30:00;RS;470;210;BENTO GONCALVES;Rea��o tardia ou ineficiente do condutor;Colis�o lateral sentido oposto;Com V�timas Feridas;Pleno dia;Decrescente;Chuva;Simples;"Curva;Aclive";N�o;2;0;1;0;1;0;1;2;-29,12816085;-51,54090178;SPRF-RS;DEL06-RS;UOP01-DEL06-RS;;;
737573;09/12/2025;ter�a-feira;12:10:00;GO;40;96,1;CRISTALINA;Acessar a via sem observar a presen�a dos outros ve�culos;Colis�o transversal;Com V�timas Feridas;Pleno dia;Crescente;Chuva;Simples;"Declive;Reta;Interse��o de Vias";Sim;2;0;1;0;0;1;1;2;-16,75812125;-47,60128208;SPRF-DF;DEL01-DF;UOP02-DEL01-DF;;;
737574;09/12/2025;ter�a-feira;12:45:00;MG;262;170;SAO DOMINGOS DO PRATA;Trafegar com motocicleta (ou similar) entre as faixas;Colis�o lateral mesmo sentido;Com V�timas Feridas;Pleno dia;Decrescente;Nublado;Simples;"Declive;Curva";N�o;5;0;1;0;4;0;1;2;-19,962168;-42,915573;SPRF-MG;DEL03-MG;UOP01-DEL03-MG;;;
737576;09/12/2025;ter�a-feira;13:30:00;GO;40;15;LUZIANIA;Condutor Dormindo;Sa�da de leito carro��vel;Com V�timas Feridas;Pleno dia;Decrescente;C�u Claro;Dupla;Reta;N�o;1;0;1;0;0;0;1;1;-16,169929;-47,929811;SPRF-DF;DEL01-DF;UOP01-DEL01-DF;;;
737577;09/12/2025;ter�a-feira;11:25:00;MS;267;481,7;JARDIM;Convers�o proibida;Colis�o frontal;Com V�timas Feridas;Pleno dia;Crescente;C�u Claro;Simples;"Reta;Interse��o de Vias";N�o;3;0;0;1;2;0;1;2;-21,482478;-56,142727;SPRF-MS;DEL05-MS;UOP01-DEL05-MS;;;
737579;09/12/2025;ter�a-feira;14:40:00;RS;116;0;PORTO ALEGRE;Avarias e/ou desgaste excessivo no pneu;Sa�da de leito carro��vel;Com V�timas Feridas;Pleno dia;Decrescente;Chuva;M�ltipla;Reta;Sim;1;0;1;0;0;0;1;1;-29,9708484;-51,1766764;SPRF-RS;DEL01-RS;UOP01-DEL01-RS;;;
737580;09/12/2025;ter�a-feira;13:40:00;PI;343;187,9;PIRIPIRI;Acessar a via sem observar a presen�a dos outros ve�culos;Colis�o transversal;Com V�timas Feridas;Pleno dia;Decrescente;C�u Claro;Simples;"Aclive;Curva";Sim;2;0;0;1;0;1;1;2;-4,30713;-41,770407;SPRF-PI;DEL02-PI;UOP01-DEL02-PI;;;
737581;09/12/2025;ter�a-feira;12:20:00;PR;373;420,4;CANDOI;Rea��o tardia ou ineficiente do condutor;Sa�da de leito carro��vel;Com V�timas Feridas;Pleno dia;Crescente;Chuva;Simples;"Curva;Declive";N�o;4;0;3;0;1;0;3;1;-25,69715205;-52,16494846;SPRF-PR;DEL08-PR;UOP01-DEL08-PR;;;
737582;09/12/2025;ter�a-feira;08:30:00;RJ;101;309;SAO GONCALO;Trafegar com motocicleta (ou similar) entre as faixas;Colis�o lateral mesmo sentido;Sem V�timas;Pleno dia;Decrescente;C�u Claro;Dupla;Reta;N�o;3;0;0;0;2;1;0;3;-22,79541068;-43,03602219;SPRF-RJ;DEL02-RJ;UOP02-DEL02-RJ;;;
737583;09/12/2025;ter�a-feira;07:30:00;SP;116;54,7;LORENA;Demais falhas mec�nicas ou el�tricas;Queda de ocupante de ve�culo;Com V�timas Feridas;Pleno dia;Decrescente;Nublado;Dupla;Reta;N�o;2;0;1;0;1;0;1;1;-22,75883862;-45,11616598;SPRF-SP;DEL08-SP;UOP02-DEL08-SP;;;
737585;09/12/2025;ter�a-feira;13:45:00;SC;282;54,4;AGUAS MORNAS;Velocidade Incompat�vel;Sa�da de leito carro��vel;Com V�timas Feridas;Pleno dia;Crescente;Chuva;Simples;"Aclive;Curva";N�o;1;0;1;0;0;0;1;1;-27,68792978;-48,9773941;SPRF-SC;DEL01-SC;UOP03-DEL01-SC;;;
737586;09/12/2025;ter�a-feira;14:38:00;RJ;116;296;BARRA MANSA;Transitar na contram�o;Colis�o lateral sentido oposto;Com V�timas Feridas;Pleno dia;Decrescente;C�u Claro;Simples;Curva;N�o;2;0;1;0;1;0;1;2;-22,45228791;-44,30681912;SPRF-RJ;DEL07-RJ;UOP02-DEL07-RJ;;;
737587;09/12/2025;ter�a-feira;11:30:00;GO;80;110,9;VILA PROPICIO;Desrespeitar a prefer�ncia no cruzamento;Colis�o transversal;Com V�timas Feridas;Pleno dia;Crescente;C�u Claro;Simples;"Reta;Aclive";N�o;3;0;2;0;1;0;2;2;-15,138233;-48,825672;SPRF-GO;DEL07-GO;UOP02-DEL07-GO;;;
737588;09/12/2025;ter�a-feira;15:30:00;SC;101;129;CAMBORIU;Manobra de mudan�a de faixa;Colis�o lateral mesmo sentido;Sem V�timas;Pleno dia;Decrescente;Chuva;Dupla;Reta;Sim;2;0;0;0;1;1;0;2;-26,980685;-48,678499;SPRF-SC;DEL04-SC;UOP03-DEL04-SC;;;
737589;07/09/2025;domingo;18:40:00;DF;80;10;BRASILIA;Acessar a via sem observar a presen�a dos outros ve�culos;Colis�o traseira;Com V�timas Feridas;Plena Noite;Crescente;C�u Claro;Simples;Rotat�ria;N�o;2;0;1;0;1;0;1;2;-15,73109508;-48,16813644;SPRF-DF;DEL03-DF;UOP02-DEL03-DF;;;
737591;09/12/2025;ter�a-feira;14:00:00;BA;101;439;UBAITABA;Acessar a via sem observar a presen�a dos outros ve�culos;Colis�o transversal;Sem V�timas;Pleno dia;Crescente;C�u Claro;Simples;"Reta;Interse��o de Vias";N�o;2;0;0;0;1;1;0;2;-14,26649859;-39,32628606;SPRF-BA;DEL05-BA;UOP01-DEL05-BA;;;
737595;09/12/2025;ter�a-feira;11:50:00;MA;135;9,5;SAO LUIS;Acumulo de �leo sobre o pavimento;Colis�o traseira;Com V�timas Feridas;Pleno dia;Crescente;C�u Claro;Dupla;Reta;Sim;4;0;1;0;3;0;1;3;-2,6880794;-44,2998825;SPRF-MA;DEL01-MA;UOP01-DEL01-MA;;;
737596;09/12/2025;ter�a-feira;15:30:00;RJ;101;323;NITEROI;Avarias e/ou desgaste excessivo no pneu;Queda de ocupante de ve�culo;Com V�timas Feridas;Pleno dia;Crescente;Nublado;Dupla;Reta;Sim;2;0;2;0;0;0;2;1;-22,87565741;-43,1197373;SPRF-RJ;DEL02-RJ;UOP01-DEL02-RJ;;;
737598;09/12/2025;ter�a-feira;16:30:00;PR;369;163;CAMBE;Condutor deixou de manter dist�ncia do ve�culo da frente;Engavetamento;Com V�timas Feridas;Pleno dia;Crescente;Nublado;Dupla;"Aclive;Reta";Sim;4;0;2;0;2;0;2;3;-23,285133;-51,259144;SPRF-PR;DEL07-PR;UOP01-DEL07-PR;;;
737599;09/12/2025;ter�a-feira;10:20:00;RS;116;343;BARRA DO RIBEIRO;Velocidade Incompat�vel;Sa�da de leito carro��vel;Sem V�timas;Pleno dia;Decrescente;Chuva;Dupla;Reta;N�o;1;0;0;0;0;1;0;1;-30,48033763;-51,49051666;SPRF-RS;DEL02-RS;UOP02-DEL02-RS;;;
737600;06/12/2025;s�bado;13:00:00;BA;116;425;FEIRA DE SANTANA;Mal s�bito do condutor;Colis�o traseira;Com V�timas Feridas;Pleno dia;Decrescente;C�u Claro;Dupla;Reta;Sim;2;0;1;0;1;0;1;2;-12,24294959;-38,98497211;SPRF-BA;DEL02-BA;UOP01-DEL02-BA;;;
737604;09/12/2025;ter�a-feira;16:03:00;RN;406;161,2;CEARA-MIRIM;Acessar a via sem observar a presen�a dos outros ve�culos;Colis�o transversal;Com V�timas Feridas;Pleno dia;Crescente;C�u Claro;Simples;Reta;Sim;2;0;1;0;0;1;1;2;-5,721655;-35,366073;SPRF-RN;DEL02-RN;UOP01-DEL02-RN;;;
737605;09/12/2025;ter�a-feira;15:10:00;BA;324;355;CAPIM GROSSO;Acessar a via sem observar a presen�a dos outros ve�culos;Colis�o transversal;Com V�timas Feridas;Pleno dia;Crescente;C�u Claro;Simples;Reta;Sim;2;0;2;0;0;0;2;2;-11,38283;-40,00092;SPRF-BA;DEL04-BA;UOP02-DEL04-BA;;;
737609;09/12/2025;ter�a-feira;16:14:00;DF;20;7,4;BRASILIA;Acumulo de �leo sobre o pavimento;Queda de ocupante de ve�culo;Com V�timas Feridas;Pleno dia;Decrescente;Chuva;Dupla;"Reta;Declive";Sim;1;0;0;1;0;0;1;1;-15,66007;-47,79581;SPRF-DF;DEL02-DF;UOP01-DEL02-DF;;;
737610;09/12/2025;ter�a-feira;16:51:00;RN;304;241,3;RIACHUELO;Ultrapassagem Indevida;Colis�o transversal;Com V�timas Feridas;Pleno dia;Decrescente;C�u Claro;Simples;Reta;Sim;3;0;1;0;2;0;1;2;-5,807552;-35,826645;SPRF-RN;DEL01-RN;UOP02-DEL01-RN;;;
737611;09/12/2025;ter�a-feira;14:40:00;PI;407;497,5;PATOS DO PIAUI;Rea��o tardia ou ineficiente do condutor;Colis�o com objeto;Com V�timas Feridas;Pleno dia;Decrescente;Nublado;Simples;"Declive;Curva";N�o;4;0;1;0;3;0;1;1;-7,58485;-41,302895;SPRF-PI;DEL04-PI;UOP01-DEL04-PI;;;
737612;09/12/2025;ter�a-feira;12:30:00;MS;262;261;RIBAS DO RIO PARDO;Aus�ncia de rea��o do condutor;Sa�da de leito carro��vel;Com V�timas Feridas;Pleno dia;Crescente;Chuva;Simples;Reta;N�o;5;0;2;0;3;0;2;1;-20,41568951;-53,94059055;SPRF-MS;DEL01-MS;UOP05-DEL01-MS;;;
737613;09/12/2025;ter�a-feira;17:00:00;SP;381;2;VARGEM;Aus�ncia de rea��o do condutor;Colis�o com objeto;Com V�timas Feridas;Pleno dia;Decrescente;Chuva;Dupla;Curva;N�o;1;0;1;0;0;0;1;1;-22,87887092;-46,39654233;SPRF-SP;DEL03-SP;UOP02-DEL03-SP;;;
737614;09/12/2025;ter�a-feira;11:30:00;MG;381;744;TRES CORACOES;Chuva;Sa�da de leito carro��vel;Com V�timas Feridas;Pleno dia;Decrescente;Chuva;Dupla;"Declive;Curva";N�o;2;0;2;0;0;0;2;1;-21,61917263;-45,2455616;SPRF-MG;DEL16-MG;UOP02-DEL16-MG;;;
737615;09/12/2025;ter�a-feira;17:50:00;MG;381;444,6;SABARA;Condutor deixou de manter dist�ncia do ve�culo da frente;Colis�o traseira;Com V�timas Feridas;Pleno dia;Crescente;Nublado;Simples;Reta;Sim;2;0;0;1;1;0;1;2;-19,834275;-43,851928;SPRF-MG;DEL01-MG;UOP01-DEL01-MG;;;
737616;09/12/2025;ter�a-feira;15:30:00;PE;232;64,3;POMBOS;Rea��o tardia ou ineficiente do condutor;Colis�o traseira;Sem V�timas;Pleno dia;Crescente;Sol;Dupla;"Reta;Aclive";N�o;2;0;0;0;1;1;0;2;-8,162429;-35,442302;SPRF-PE;DEL02-PE;UOP02-DEL02PE;;;
737617;09/12/2025;ter�a-feira;17:18:00;PB;230;19,2;JOAO PESSOA;Condutor deixou de manter dist�ncia do ve�culo da frente;Colis�o traseira;Com V�timas Feridas;Anoitecer;Crescente;C�u Claro;Dupla;Reta;Sim;2;0;0;1;1;0;1;2;-7,13011651;-34,85117555;SPRF-PB;DEL01-PB;UOP01-DEL01-PB;;;
737618;09/12/2025;ter�a-feira;16:55:00;RS;116;38,1;VACARIA;Acessar a via sem observar a presen�a dos outros ve�culos;Colis�o transversal;Com V�timas Feridas;Pleno dia;Decrescente;C�u Claro;Simples;Reta;Sim;2;0;1;0;1;0;1;2;-28,50655191;-50,92646956;SPRF-RS;DEL05-RS;UOP03-DEL05-RS;;;
737619;09/12/2025;ter�a-feira;16:48:00;RS;285;121,7;VACARIA;Convers�o proibida;Atropelamento de Pedestre;Com V�timas Feridas;Pleno dia;Crescente;Nublado;Simples;"Reta;Interse��o de Vias";N�o;2;0;1;0;1;0;1;2;-28,50706965;-50,94134458;SPRF-RS;DEL05-RS;UOP03-DEL05-RS;;;
737622;09/12/2025;ter�a-feira;12:10:00;MG;381;778,2;CAMPANHA;Acumulo de �gua sobre o pavimento;Sa�da de leito carro��vel;Com V�timas Feridas;Pleno dia;Decrescente;Chuva;Dupla;Aclive;N�o;2;0;1;0;1;0;1;1;-21,80545227;-45,47544122;SPRF-MG;DEL16-MG;UOP02-DEL16-MG;;;
737624;09/12/2025;ter�a-feira;17:30:00;SP;381;75;SAO PAULO;Rea��o tardia ou ineficiente do condutor;Sa�da de leito carro��vel;Com V�timas Feridas;Pleno dia;Decrescente;Chuva;M�ltipla;Curva;N�o;1;0;1;0;0;0;1;1;-23,37939681;-46,56419691;SPRF-SP;DEL03-SP;UOP01-DEL03-SP;;;
737627;09/12/2025;ter�a-feira;17:30:00;BA;242;813;BARREIRAS;Transitar na contram�o;Colis�o frontal;Com V�timas Feridas;Anoitecer;Decrescente;Chuva;M�ltipla;"Curva;Interse��o de Vias";N�o;2;0;1;0;1;0;1;2;-12,11478;-44,95557;SPRF-BA;DEL10-BA;UOP01-DEL10-BA;;;
737628;09/12/2025;ter�a-feira;17:15:00;RS;101;12;DOM PEDRO DE ALCANTARA;Acumulo de �gua sobre o pavimento;Capotamento;Com V�timas Feridas;Pleno dia;Decrescente;Chuva;Dupla;Reta;N�o;6;0;1;2;3;0;3;1;-29,38455229;-49,83409947;SPRF-RS;DEL03-RS;UOP02-DEL03-RS;;;
737629;09/12/2025;ter�a-feira;12:00:00;MG;381;809;CAREACU;Chuva;Colis�o com objeto;Com V�timas Feridas;Pleno dia;Crescente;Chuva;Dupla;Reta;N�o;3;0;3;0;0;0;3;1;-22,00162844;-45,67462921;SPRF-MG;DEL16-MG;UOP02-DEL16-MG;;;
737630;09/12/2025;ter�a-feira;18:20:00;RJ;116;287,2;BARRA MANSA;Demais falhas mec�nicas ou el�tricas;Tombamento;Com V�timas Feridas;Plena Noite;Decrescente;C�u Claro;Dupla;Reta;N�o;2;0;1;0;1;0;1;1;-22,54471289;-44,18885369;SPRF-RJ;DEL07-RJ;UOP02-DEL07-RJ;;;
737635;28/11/2025;sexta-feira;17:10:00;SE;235;42;ITABAIANA;Aus�ncia de rea��o do condutor;Engavetamento;Com V�timas Feridas;Pleno dia;Crescente;C�u Claro;Dupla;Reta;N�o;6;0;1;0;5;0;1;4;-10,76750182;-37,38046646;SPRF-SE;DEL01-SE;UOP02-DEL01-SE;;;
737638;09/12/2025;ter�a-feira;18:10:00;PR;369;138;IBIPORA;Transitar na contram�o;Colis�o lateral mesmo sentido;Com V�timas Feridas;Anoitecer;Crescente;C�u Claro;Simples;Reta;Sim;3;0;1;0;0;2;1;3;-23,272348;-51,051285;SPRF-PR;DEL07-PR;UOP01-DEL07-PR;;;
737639;09/12/2025;ter�a-feira;17:15:00;RO;364;700;PORTO VELHO;Aus�ncia de rea��o do condutor;Tombamento;Com V�timas Feridas;Pleno dia;Crescente;Nublado;Dupla;Reta;N�o;2;0;1;1;0;0;2;1;-8,80047373;-63,76993454;SPRF-RO;DEL01-RO;UOP01-DEL01-RO;;;
737641;09/12/2025;ter�a-feira;15:25:00;MA;230;403,4;BALSAS;Retorno proibido;Colis�o transversal;Com V�timas Feridas;Pleno dia;Decrescente;Nublado;Simples;"Reta;Declive";Sim;4;0;3;0;1;0;3;2;-7,52127;-46,038442;SPRF-MA;DEL05-MA;UOP01-DEL05-MA;;;
737642;09/12/2025;ter�a-feira;12:55:00;MG;356;271,3;MURIAE;Transitar na contram�o;Colis�o lateral sentido oposto;Com V�timas Feridas;Pleno dia;Crescente;Nublado;Simples;"Reta;Declive";N�o;3;0;2;0;1;0;2;3;-21,12942064;-42,31978655;SPRF-MG;DEL07-MG;UOP02-DEL07-MG;;;
737645;09/12/2025;ter�a-feira;15:50:00;MG;116;620;ORIZANIA;Transitar no Acostamento;Atropelamento de Pedestre;Com V�timas Feridas;Pleno dia;Crescente;Nublado;Simples;Reta;N�o;2;0;2;0;0;0;2;2;-20,507;-42,193;SPRF-MG;DEL07-MG;UOP02-DEL07-MG;;;
737646;09/12/2025;ter�a-feira;18:59:00;SP;116;302;SAO LOURENCO DA SERRA;Aus�ncia de rea��o do condutor;Queda de ocupante de ve�culo;Com V�timas Feridas;Anoitecer;Crescente;Chuva;Dupla;"Curva;Declive";Sim;1;0;1;0;0;0;1;1;-23,81314445;-46,92344154;SPRF-SP;DEL04-SP;UOP01-DEL04-SP;;;
737647;09/12/2025;ter�a-feira;18:20:00;SP;153;52,1;SAO JOSE DO RIO PRETO;Pista esburacada;Tombamento;Com V�timas Feridas;Anoitecer;Decrescente;Chuva;Dupla;Reta;Sim;1;0;1;0;0;0;1;1;-20,731796;-49,338117;SPRF-SP;DEL09-SP;UOP01-DEL09-SP;;;
737648;09/12/2025;ter�a-feira;18:50:00;PE;232;409;SERRA TALHADA;Entrada inopinada do pedestre;Atropelamento de Pedestre;Com V�timas Feridas;Plena Noite;Crescente;C�u Claro;Simples;"Reta;Declive";N�o;2;0;2;0;0;0;2;2;-7,98239726;-38,28697491;SPRF-PE;DEL04-PE;UOP01-DEL04-PE;;;
737649;09/12/2025;ter�a-feira;13:00:00;MG;116;612,8;SAO JOAO DO MANHUACU;Demais falhas mec�nicas ou el�tricas;Tombamento;Com V�timas Feridas;Pleno dia;Decrescente;Nublado;Simples;"Reta;Declive";N�o;2;0;2;0;0;0;2;1;-20,44629552;-42,1677804;SPRF-MG;DEL07-MG;UOP02-DEL07-MG;;;
737650;10/11/2025;segunda-feira;10:20:00;PA;0;0;TOME-ACU;Aus�ncia de rea��o do condutor;Colis�o traseira;Sem V�timas;Pleno dia;N�o Informado;C�u Claro;Simples;Reta;Sim;2;0;0;0;2;0;0;2;-2,4195484;-48,239576;SPRF-PA;DEL02-PA;N/A;;;
737652;09/12/2025;ter�a-feira;19:01:00;ES;101;179,4;ARACRUZ;Acesso irregular;Colis�o traseira;Com V�timas Feridas;Plena Noite;Crescente;C�u Claro;Simples;Reta;N�o;3;0;1;1;1;0;2;2;-19,619935;-40,21807;SPRF-ES;DEL04-ES;UOP01-DEL04-ES;;;
737655;09/12/2025;ter�a-feira;19:00:00;GO;153;515;APARECIDA DE GOIANIA;Aus�ncia de rea��o do condutor;Colis�o traseira;Com V�timas Feridas;Plena Noite;Crescente;Garoa/Chuvisco;M�ltipla;Reta;Sim;2;0;1;0;1;0;1;2;-16,829909;-49,243068;SPRF-GO;DEL01-GO;UOP03-DEL01-GO;;;