id;data_inversa;dia_semana;horario;uf;br;km;municipio;causa_acidente;tipo_acidente;classificacao_acidente;fase_dia;sentido_via;condicao_metereologica;tipo_pista;tracado_via;uso_solo;pessoas;mortos;feridos_leves;feridos_graves;ilesos;ignorados;feridos;veiculos;latitude;longitude;regional;delegacia;uop;;;
737656;09/12/2025;ter�a-feira;15:30:00;MG;381;931;ITAPEVA;Velocidade Incompat�vel;Colis�o com objeto;Com V�timas Feridas;Pleno dia;Crescente;Chuva;Dupla;Curva;N�o;1;0;1;0;0;0;1;1;-22,78666886;-46,24182844;SPRF-MG;DEL16-MG;UOP03-DEL16-MG;;;
737658;09/12/2025;ter�a-feira;19:55:00;RS;158;326;SANTA MARIA;Acessar a via sem observar a presen�a dos outros ve�culos;Colis�o transversal;Com V�timas Feridas;Plena Noite;Decrescente;Garoa/Chuvisco;Dupla;"Interse��o de Vias;Rotat�ria;Em Obras";Sim;3;0;1;0;2;0;1;2;-29,71532087;-53,81027341;SPRF-RS;DEL09-RS;UOP01-DEL09-RS;;;
737659;09/12/2025;ter�a-feira;19:30:00;DF;20;9,9;BRASILIA;Entrada inopinada do pedestre;Atropelamento de Pedestre;Com V�timas Feridas;Plena Noite;Crescente;C�u Claro;Dupla;"Em Obras;Reta";Sim;3;0;0;1;2;0;1;2;-15,651137;-47,775929;SPRF-DF;DEL02-DF;UOP01-DEL02-DF;;;
737660;09/12/2025;ter�a-feira;20:00:00;PE;232;409;SERRA TALHADA;Pedestre cruzava a pista fora da faixa;Atropelamento de Pedestre;Com V�timas Feridas;Plena Noite;Decrescente;C�u Claro;Simples;Reta;Sim;2;0;0;1;1;0;1;2;-7,98234375;-38,28763639;SPRF-PE;DEL04-PE;UOP01-DEL04-PE;;;
737661;09/12/2025;ter�a-feira;15:00:00;MG;381;931,2;ITAPEVA;Velocidade Incompat�vel;Sa�da de leito carro��vel;Sem V�timas;Pleno dia;Decrescente;Chuva;Dupla;Curva;N�o;1;0;0;0;1;0;0;1;-22,787775;-46,24244884;SPRF-MG;DEL16-MG;UOP03-DEL16-MG;;;
737663;09/12/2025;ter�a-feira;17:30:00;MG;381;917;CAMANDUCAIA;Velocidade Incompat�vel;Colis�o com objeto;Com V�timas Feridas;Pleno dia;Decrescente;Chuva;Dupla;Curva;N�o;1;0;1;0;0;0;1;1;-22,74471229;-46,13598257;SPRF-MG;DEL16-MG;UOP03-DEL16-MG;;;
737664;09/12/2025;ter�a-feira;19:20:00;RJ;40;77;PETROPOLIS;Pista Escorregadia;Colis�o com objeto;Com V�timas Feridas;Plena Noite;Crescente;Chuva;Simples;Curva;N�o;2;0;2;0;0;0;2;1;-22,47171657;-43,23781013;SPRF-RJ;DEL01-RJ;UOP01-DEL01-RJ;;;
737665;09/12/2025;ter�a-feira;20:55:00;SC;101;203,8;SAO JOSE;Demais falhas mec�nicas ou el�tricas;Tombamento;Com V�timas Feridas;Plena Noite;Decrescente;Nublado;M�ltipla;Reta;Sim;2;0;2;0;0;0;2;1;-27,57407216;-48,61346897;SPRF-SC;DEL01-SC;UOP01-DEL01-SC;;;
737666;09/12/2025;ter�a-feira;19:30:00;RJ;493;5;ITABORAI;Chuva;Queda de ocupante de ve�culo;Com V�timas Feridas;Plena Noite;Crescente;Chuva;Dupla;Reta;N�o;1;0;1;0;0;0;1;1;-22,73249036;-42,95173645;SPRF-RJ;DEL02-RJ;UOP02-DEL02-RJ;;;
737667;09/12/2025;ter�a-feira;20:15:00;CE;116;45;HORIZONTE;Aus�ncia de rea��o do condutor;Colis�o traseira;Com V�timas Feridas;Plena Noite;Crescente;C�u Claro;Dupla;Reta;Sim;2;0;1;0;0;1;1;2;-4,135785;-38,481477;SPRF-CE;DEL01-CE;UOP02-DEL01-CE;;;
737668;09/12/2025;ter�a-feira;20:20:00;BA;116;655;JEQUIE;Rea��o tardia ou ineficiente do condutor;Sa�da de leito carro��vel;Com V�timas Feridas;Plena Noite;Decrescente;C�u Claro;Simples;Curva;N�o;1;0;1;0;0;0;1;1;-13,7085;-40,09578;SPRF-BA;DEL03-BA;UOP01-DEL03-BA;;;
737669;09/12/2025;ter�a-feira;20:50:00;PI;135;516;GILBUES;Animais na Pista;Atropelamento de Animal;Sem V�timas;Plena Noite;Decrescente;Nublado;Simples;Reta;N�o;2;0;0;0;2;0;0;1;-9,846222;-45,347178;SPRF-PI;DEL03-PI;UOP02-DEL03-PI;;;
737670;09/12/2025;ter�a-feira;20:45:00;RN;101;10,5;TOUROS;Rea��o tardia ou ineficiente do condutor;Sa�da de leito carro��vel;Com V�timas Feridas;Plena Noite;Decrescente;C�u Claro;Simples;Reta;N�o;5;0;5;0;0;0;5;1;-5,238201;-35,488206;SPRF-RN;DEL02-RN;UOP01-DEL02-RN;;;
737671;09/12/2025;ter�a-feira;21:10:00;SC;101;207,3;SAO JOSE;Rea��o tardia ou ineficiente do condutor;Tombamento;Com V�timas Feridas;Plena Noite;Crescente;Garoa/Chuvisco;M�ltipla;"Reta;Aclive";Sim;1;0;1;0;0;0;1;1;-27,60148;-48,625497;SPRF-SC;DEL01-SC;UOP01-DEL01-SC;;;
737674;09/12/2025;ter�a-feira;07:25:00;PR;376;186;MARIALVA;Frear bruscamente;Colis�o traseira;Com V�timas Feridas;Pleno dia;Crescente;Chuva;Dupla;"Aclive;Reta";Sim;2;0;0;1;1;0;1;2;-23,454222;-51,849222;SPRF-PR;DEL09-PR;UOP01-DEL09-PR;;;
737676;09/12/2025;ter�a-feira;19:00:00;MT;364;508;ROSARIO OESTE;Rea��o tardia ou ineficiente do condutor;Sa�da de leito carro��vel;Com V�timas Feridas;Plena Noite;Crescente;Garoa/Chuvisco;Simples;Reta;N�o;1;0;1;0;0;0;1;1;-15,11231565;-56,52072407;SPRF-MT;DEL01-MT;UOP01-DEL01-MT;;;
737677;09/12/2025;ter�a-feira;15:15:00;SC;282;5,5;SAO JOSE;Chuva;Colis�o com objeto;Com V�timas Feridas;Pleno dia;Crescente;Chuva;M�ltipla;"Curva;Declive";N�o;1;0;1;0;0;0;1;1;-27,58501919;-48,61779249;SPRF-SC;DEL01-SC;UOP01-DEL01-SC;;;
737678;09/12/2025;ter�a-feira;21:35:00;PE;101;73,5;SAO LOURENCO DA MATA;Velocidade Incompat�vel;Colis�o lateral mesmo sentido;Com V�timas Feridas;Plena Noite;Crescente;C�u Claro;Dupla;Reta;Sim;4;0;3;0;1;0;3;3;-8,05744;-35,03203;SPRF-PE;DEL01-PE;UOP01-DEL01-PE;;;
737679;09/12/2025;ter�a-feira;17:50:00;RJ;101;566;PARATY;Velocidade Incompat�vel;Colis�o com objeto;Com V�timas Feridas;Pleno dia;Decrescente;Chuva;Simples;Curva;N�o;1;0;1;0;0;0;1;1;-23,15419629;-44,69908541;SPRF-RJ;DEL03-RJ;UOP04-DEL03-RJ;;;
737683;09/12/2025;ter�a-feira;14:39:00;SC;101;204;SAO JOSE;Rea��o tardia ou ineficiente do condutor;Colis�o traseira;Com V�timas Feridas;Pleno dia;Crescente;Chuva;M�ltipla;"Aclive;Reta";Sim;3;0;0;1;2;0;1;3;-27,578334;-48,61373699;SPRF-SC;DEL01-SC;UOP01-DEL01-SC;;;
737684;09/12/2025;ter�a-feira;22:20:00;SC;101;282,6;IMBITUBA;Rea��o tardia ou ineficiente do condutor;Colis�o traseira;Com V�timas Feridas;Plena Noite;Crescente;Nublado;M�ltipla;"Reta;Declive";N�o;2;0;0;1;1;0;1;2;-28,21576642;-48,69993281;SPRF-SC;DEL02-SC;UOP03-DEL02-SC;;;
737686;09/12/2025;ter�a-feira;22:32:00;PE;101;68,9;RECIFE;Pedestre cruzava a pista fora da faixa;Atropelamento de Pedestre;Com V�timas Feridas;Plena Noite;Decrescente;C�u Claro;Dupla;Reta;Sim;4;0;0;2;1;1;2;2;-8,05879;-34,94605;SPRF-PE;DEL01-PE;UOP01-DEL01-PE;;;
737687;09/12/2025;ter�a-feira;15:00:00;SC;101;210,8;SAO JOSE;Objeto est�tico sobre o leito carro��vel;Colis�o com objeto;Com V�timas Feridas;Pleno dia;Crescente;Chuva;M�ltipla;Reta;Sim;1;0;1;0;0;0;1;1;-27,622018;-48,651042;SPRF-SC;DEL01-SC;UOP01-DEL01-SC;;;
737691;09/12/2025;ter�a-feira;19:30:00;MT;70;240;POXOREU;Demais falhas mec�nicas ou el�tricas;Colis�o com objeto;Com V�timas Feridas;Plena Noite;Crescente;C�u Claro;Simples;"Reta;Ponte";N�o;4;0;1;0;3;0;1;1;-15,62672012;-54,00727514;SPRF-MT;DEL05-MT;UOP01-DEL05-MT;;;
737692;10/12/2025;quarta-feira;00:02:00;SC;101;209;SAO JOSE;Condutor Dormindo;Colis�o traseira;Com V�timas Feridas;Plena Noite;Crescente;Garoa/Chuvisco;M�ltipla;Reta;Sim;2;0;1;0;1;0;1;2;-27,60584018;-48,63475196;SPRF-SC;DEL01-SC;UOP01-DEL01-SC;;;
737695;09/12/2025;ter�a-feira;22:35:00;MG;40;624,9;CONSELHEIRO LAFAIETE;Aus�ncia de rea��o do condutor;Sa�da de leito carro��vel;Com V�timas Feridas;Plena Noite;Crescente;Chuva;Simples;Curva;N�o;1;0;1;0;0;0;1;1;-20,61938292;-43,8062337;SPRF-MG;DEL05-MG;UOP02-DEL05-MG;;;
737696;10/12/2025;quarta-feira;00:45:00;PE;232;415;SERRA TALHADA;Ingest�o de �lcool pelo condutor;Colis�o com objeto;Sem V�timas;Plena Noite;Crescente;C�u Claro;Simples;"Reta;Ponte";N�o;1;0;0;0;1;0;0;1;-7,98265273;-38,31889629;SPRF-PE;DEL04-PE;UOP01-DEL04-PE;;;
737697;09/12/2025;ter�a-feira;22:50:00;MG;381;199,4;NAQUE;Chuva;Tombamento;Com V�timas Feridas;Plena Noite;Crescente;Chuva;Simples;Reta;N�o;1;0;0;1;0;0;1;1;-19,185322;-42,264784;SPRF-MG;DEL06-MG;UOP01-DEL06-MG;;;
737701;10/12/2025;quarta-feira;01:35:00;DF;40;7,4;BRASILIA;Chuva;Capotamento;Com V�timas Feridas;Plena Noite;Crescente;Chuva;Dupla;"Reta;Declive";N�o;4;0;4;0;0;0;4;1;-16,03657472;-47,97935486;SPRF-DF;DEL01-DF;UOP01-DEL01-DF;;;
737708;10/12/2025;quarta-feira;01:30:00;PR;153;393,9;MALLET;Condutor Dormindo;Sa�da de leito carro��vel;Com V�timas Feridas;Plena Noite;Crescente;C�u Claro;Simples;Reta;N�o;1;0;1;0;0;0;1;1;-25,90215915;-50,83374023;SPRF-PR;DEL08-PR;UOP02-DEL08-PR;;;
737710;10/12/2025;quarta-feira;03:38:00;PB;101;125,7;CAAPORA;Rea��o tardia ou ineficiente do condutor;Colis�o traseira;Com V�timas Feridas;Amanhecer;Decrescente;C�u Claro;Simples;Reta;N�o;3;0;1;0;2;0;1;2;-7,48570836;-34,98099938;SPRF-PB;DEL01-PB;UOP01-DEL01-PB;;;
737712;10/12/2025;quarta-feira;03:00:00;RO;364;237,4;CACOAL;Ingest�o de �lcool pelo condutor;Tombamento;Com V�timas Feridas;Plena Noite;Crescente;Nublado;Simples;"Retorno Regulamentado;Declive;Reta";Sim;1;0;1;0;0;0;1;1;-11,440455;-61,451458;SPRF-RO;DEL02-RO;UOP02-DEL02-RO;;;
737715;10/12/2025;quarta-feira;06:00:00;RS;116;525,8;PELOTAS;Aus�ncia de rea��o do condutor;Colis�o com objeto;Com V�timas Feridas;Amanhecer;Decrescente;Chuva;Simples;Reta;Sim;1;0;1;0;0;0;1;1;-31,74106191;-52,39755678;SPRF-RS;DEL07-RS;UOP01-DEL07-RS;;;
737719;10/12/2025;quarta-feira;06:40:00;SP;116;221,5;GUARULHOS;Rea��o tardia ou ineficiente do condutor;Colis�o traseira;Com V�timas Feridas;Pleno dia;Crescente;C�u Claro;M�ltipla;Reta;Sim;3;0;2;0;0;1;2;2;-23,469497;-46,512875;SPRF-SP;DEL01-SP;UOP01-DEL01-SP;;;
737720;10/12/2025;quarta-feira;06:50:00;SC;280;25;ARAQUARI;Rea��o tardia ou ineficiente do condutor;Colis�o lateral mesmo sentido;Com V�timas Feridas;Amanhecer;Decrescente;C�u Claro;Simples;Reta;N�o;3;0;2;0;1;0;2;2;-26,38435;-48,727657;SPRF-SC;DEL03-SC;UOP03-DEL03-SC;;;
737721;10/12/2025;quarta-feira;05:02:00;MT;163;1034;PEIXOTO DE AZEVEDO;Animais na Pista;Atropelamento de Animal;Com V�timas Feridas;Pleno dia;Decrescente;C�u Claro;Simples;Reta;N�o;1;0;0;1;0;0;1;1;-10,22284;-54,97214;SPRF-MT;DEL06-MT;UOP03-DEL06-MT;;;
737722;10/12/2025;quarta-feira;07:10:00;MG;381;501;BETIM;Trafegar com motocicleta (ou similar) entre as faixas;Colis�o lateral mesmo sentido;Com V�timas Feridas;Amanhecer;Decrescente;Nublado;Dupla;Reta;N�o;3;0;2;0;1;0;2;2;-20,01406075;-44,22125816;SPRF-MG;DEL01-MG;UOP03-DEL01-MG;;;
737723;10/12/2025;quarta-feira;07:05:00;SP;116;146,7;SAO JOSE DOS CAMPOS;Trafegar com motocicleta (ou similar) entre as faixas;Colis�o lateral mesmo sentido;Com V�timas Feridas;Pleno dia;Decrescente;Chuva;Dupla;"Em Obras;Declive";N�o;2;0;1;0;0;1;1;2;-23,19236;-45,86693;SPRF-SP;DEL02-SP;UOP01-DEL02-SP;;;
737724;10/12/2025;quarta-feira;05:15:00;RJ;101;314;SAO GONCALO;Rea��o tardia ou ineficiente do condutor;Colis�o com objeto;Com V�timas Feridas;Pleno dia;Crescente;C�u Claro;Dupla;Reta;N�o;3;0;2;0;0;1;2;2;-22,81997745;-43,08159682;SPRF-RJ;DEL02-RJ;UOP02-DEL02-RJ;;;
737727;10/12/2025;quarta-feira;07:20:00;SP;116;538;BARRA DO TURVO;Condutor Dormindo;Capotamento;Com V�timas Feridas;Pleno dia;Decrescente;C�u Claro;Simples;Reta;N�o;2;0;1;1;0;0;2;1;-24,96625169;-48,34433842;SPRF-SP;DEL05-SP;UOP02-DEL05-SP;;;
737728;10/12/2025;quarta-feira;06:40:00;ES;101;332,3;GUARAPARI;Velocidade Incompat�vel;Colis�o com objeto;Com V�timas Feridas;Pleno dia;Crescente;Chuva;Dupla;Curva;N�o;1;0;1;0;0;0;1;1;-20,61234008;-40,51075459;SPRF-ES;DEL03-ES;UOP01-DEL03-ES;;;
737730;10/12/2025;quarta-feira;07:50:00;SE;235;4;NOSSA SENHORA DO SOCORRO;Rea��o tardia ou ineficiente do condutor;Colis�o traseira;Com V�timas Feridas;Pleno dia;Decrescente;C�u Claro;Dupla;Declive;Sim;2;0;1;0;1;0;1;2;-10,90589566;-37,11171834;SPRF-SE;DEL01-SE;UOP01-DEL01-SE;;;
737731;10/12/2025;quarta-feira;06:40:00;ES;101;137;LINHARES;Desrespeitar a prefer�ncia no cruzamento;Colis�o transversal;Com V�timas Feridas;Pleno dia;Decrescente;C�u Claro;Simples;"Reta;Interse��o de Vias";N�o;2;0;1;1;0;0;2;2;-19,29395171;-40,08598486;SPRF-ES;DEL04-ES;UOP01-DEL04-ES;;;
737732;10/12/2025;quarta-feira;07:45:00;RS;116;533;CAPAO DO LEAO;Demais falhas mec�nicas ou el�tricas;Tombamento;Com V�timas Feridas;Pleno dia;Crescente;Garoa/Chuvisco;Simples;Reta;N�o;1;0;1;0;0;0;1;1;-31,76522767;-52,44552994;SPRF-RS;DEL07-RS;UOP01-DEL07-RS;;;
737733;10/12/2025;quarta-feira;08:20:00;RN;101;99;NATAL;Manobra de mudan�a de faixa;Colis�o lateral mesmo sentido;Com V�timas Feridas;Pleno dia;Crescente;C�u Claro;Dupla;Reta;Sim;2;0;1;0;1;0;1;2;-5,857588;-35,212813;SPRF-RN;DEL01-RN;UOP01-DEL01-RN;;;
737736;10/12/2025;quarta-feira;08:08:00;RN;304;304;MACAIBA;Acessar a via sem observar a presen�a dos outros ve�culos;Colis�o transversal;Com V�timas Feridas;Pleno dia;Crescente;Sol;Dupla;Reta;Sim;2;0;1;0;1;0;1;2;-5,880437;-35,297062;SPRF-RN;DEL01-RN;UOP02-DEL01-RN;;;
737737;10/12/2025;quarta-feira;08:10:00;ES;262;50,3;MARECHAL FLORIANO;Velocidade Incompat�vel;Tombamento;Com V�timas Feridas;Pleno dia;Decrescente;Garoa/Chuvisco;Simples;Curva;N�o;2;0;0;1;1;0;1;2;-20,415939;-40,706626;SPRF-ES;DEL01-ES;UOP01-DEL01-ES;;;
737738;10/12/2025;quarta-feira;07:30:00;ES;101;265;SERRA;Aus�ncia de rea��o do condutor;Queda de ocupante de ve�culo;Com V�timas Feridas;Pleno dia;Crescente;Nublado;M�ltipla;Interse��o de Vias;Sim;1;0;1;0;0;0;1;1;-20,18999587;-40,26842147;SPRF-ES;DEL02-ES;UOP01-DEL02-ES;;;
737740;10/12/2025;quarta-feira;08:45:00;BA;324;613;SALVADOR;Manobra de mudan�a de faixa;Colis�o lateral mesmo sentido;Com V�timas Feridas;Pleno dia;Decrescente;C�u Claro;Dupla;Reta;N�o;2;0;1;0;1;0;1;2;-12,8598411;-38,4217615;SPRF-BA;DEL01-BA;UOP01-DEL01-BA;;;
737741;10/12/2025;quarta-feira;08:20:00;SC;101;104;BALNEARIO PICARRAS;Avarias e/ou desgaste excessivo no pneu;Tombamento;Com V�timas Feridas;Pleno dia;Decrescente;Sol;Dupla;"Reta;Declive";N�o;1;0;1;0;0;0;1;1;-26,79607619;-48,6798176;SPRF-SC;DEL03-SC;UOP02-DEL03-SC;;;
737744;10/12/2025;quarta-feira;09:00:00;SC;101;131;CAMBORIU;Trafegar com motocicleta (ou similar) entre as faixas;Colis�o lateral mesmo sentido;Com V�timas Feridas;Pleno dia;Decrescente;C�u Claro;Dupla;Reta;Sim;2;0;1;0;1;0;1;2;-26,991032;-48,662858;SPRF-SC;DEL04-SC;UOP03-DEL04-SC;;;
737745;09/12/2025;ter�a-feira;19:50:00;RO;364;32;VILHENA;Rea��o tardia ou ineficiente do condutor;Sa�da de leito carro��vel;Com V�timas Feridas;Plena Noite;Crescente;Ignorado;Simples;Reta;N�o;1;0;0;1;0;0;1;1;-12,684575;-60,285639;SPRF-RO;DEL04-RO;UOP01-DEL04-RO;;;
737746;10/12/2025;quarta-feira;09:40:00;SP;101;39;UBATUBA;Pista Escorregadia;Colis�o com objeto;Com V�timas Feridas;Pleno dia;Decrescente;Chuva;Simples;Curva;N�o;2;0;2;0;0;0;2;1;-23,4113078;-45,01980336;SPRF-SP;DEL06-SP;UOP01-DEL06-SP;;;
737748;10/12/2025;quarta-feira;09:20:00;RS;386;51;SEBERI;Aus�ncia de rea��o do condutor;Colis�o transversal;Com V�timas Feridas;Pleno dia;Decrescente;Garoa/Chuvisco;Simples;"Reta;Interse��o de Vias";N�o;2;0;1;0;1;0;1;2;-27,49472822;-53,39077663;SPRF-RS;DEL08-RS;UOP02-DEL08-RS;;;
737749;10/12/2025;quarta-feira;06:40:00;MG;381;719,2;CARMO DA CACHOEIRA;Velocidade Incompat�vel;Colis�o com objeto;Com V�timas Feridas;Pleno dia;Crescente;Chuva;Dupla;Curva;N�o;4;0;2;0;2;0;2;1;-21,41895512;-45,21242452;SPRF-MG;DEL04-MG;UOP02-DEL04-MG;;;
737750;10/12/2025;quarta-feira;09:00:00;PR;376;594;CURITIBA;Aus�ncia de rea��o do condutor;Colis�o traseira;Com V�timas Feridas;Pleno dia;Decrescente;Garoa/Chuvisco;Dupla;Reta;Sim;4;0;0;1;3;0;1;2;-25,453106;-49,361981;SPRF-PR;DEL01-PR;UOP06-DEL01-PR;;;
737752;10/12/2025;quarta-feira;09:30:00;PR;376;176,4;MARINGA;Rea��o tardia ou ineficiente do condutor;Tombamento;Com V�timas Feridas;Pleno dia;Crescente;Nublado;Dupla;"Reta;Declive";Sim;1;0;0;1;0;0;1;1;-23,41131;-51,93569;SPRF-PR;DEL09-PR;UOP01-DEL09-PR;;;
737753;10/12/2025;quarta-feira;10:00:00;SP;116;229;SAO PAULO;Manobra de mudan�a de faixa;Colis�o lateral mesmo sentido;Com V�timas Feridas;Pleno dia;Crescente;C�u Claro;Dupla;Reta;Sim;2;0;1;0;1;0;1;2;-23,50617343;-46,57021377;SPRF-SP;DEL01-SP;UOP01-DEL01-SP;;;
737757;10/12/2025;quarta-feira;09:10:00;RJ;101;317;SAO GONCALO;Rea��o tardia ou ineficiente do condutor;Colis�o traseira;Com V�timas Feridas;Pleno dia;Crescente;Nublado;Dupla;Reta;Sim;3;0;2;0;1;0;2;2;-22,83909064;-43,09565004;SPRF-RJ;DEL02-RJ;UOP02-DEL02-RJ;;;
737758;10/12/2025;quarta-feira;09:45:00;GO;60;391;RIO VERDE;Avarias e/ou desgaste excessivo no pneu;Queda de ocupante de ve�culo;Com V�timas Feridas;Pleno dia;Crescente;C�u Claro;Dupla;"Reta;Aclive";N�o;2;0;2;0;0;0;2;1;-17,825312;-50,986378;SPRF-GO;DEL04-GO;UOP02-DEL04-GO;;;
737759;10/12/2025;quarta-feira;10:45:00;SC;101;125;ITAJAI;Trafegar com motocicleta (ou similar) entre as faixas;Colis�o lateral mesmo sentido;Com V�timas Feridas;Pleno dia;Decrescente;Sol;Dupla;Curva;N�o;2;0;1;0;1;0;1;2;-26,95063689;-48,68005363;SPRF-SC;DEL04-SC;UOP04-DEL04-SC;;;
737760;10/12/2025;quarta-feira;09:30:00;SC;101;162,8;TIJUCAS;Rea��o tardia ou ineficiente do condutor;Colis�o traseira;Sem V�timas;Pleno dia;Decrescente;Nublado;Simples;"Reta;Interse��o de Vias";Sim;2;0;0;0;2;0;0;2;-27,23107;-48,6297;SPRF-SC;DEL04-SC;UOP03-DEL04-SC;;;
737761;10/12/2025;quarta-feira;11:00:00;PA;155;337;MARABA;Aus�ncia de rea��o do condutor;Colis�o frontal;Com V�timas Feridas;Pleno dia;Decrescente;C�u Claro;Simples;Reta;N�o;3;0;1;0;2;0;1;2;-5,420767;-49,07643;SPRF-PA;DEL03-PA;UOP01-DEL03-PA;;;
737763;10/12/2025;quarta-feira;11:50:00;PA;316;150;CAPANEMA;Mal s�bito do condutor;Queda de ocupante de ve�culo;Com V�timas Feridas;Pleno dia;Decrescente;C�u Claro;Dupla;Curva;Sim;1;0;0;1;0;0;1;1;-1,21226215;-47,18478296;SPRF-PA;DEL01-PA;UOP03-DEL01-PA;;;
737765;10/12/2025;quarta-feira;11:25:00;MG;153;36;CENTRALINA;Pedestre andava na pista;Atropelamento de Pedestre;Com V�timas Feridas;Pleno dia;Crescente;C�u Claro;M�ltipla;Reta;Sim;3;0;1;0;0;2;1;2;-18,71315932;-49,1342175;SPRF-MG;DEL15-MG;UOP03-DEL15-MG;;;
737766;10/12/2025;quarta-feira;12:00:00;SC;101;209;SAO JOSE;Aus�ncia de rea��o do condutor;Colis�o traseira;Com V�timas Feridas;Pleno dia;Crescente;C�u Claro;M�ltipla;Reta;N�o;3;0;2;0;1;0;2;2;-27,60438211;-48,63270376;SPRF-SC;DEL01-SC;UOP01-DEL01-SC;;;
737767;10/12/2025;quarta-feira;11:37:00;PR;376;201,4;MARIALVA;Demais falhas na via;Queda de ocupante de ve�culo;Com V�timas Feridas;Pleno dia;Crescente;C�u Claro;Dupla;Reta;N�o;1;0;1;0;0;0;1;1;-23,506854;-51,734436;SPRF-PR;DEL09-PR;UOP01-DEL09-PR;;;
737768;10/12/2025;quarta-feira;10:30:00;RJ;101;293;ITABORAI;Aus�ncia de rea��o do condutor;Queda de ocupante de ve�culo;Com V�timas Feridas;Pleno dia;Decrescente;C�u Claro;Dupla;Reta;N�o;1;0;0;1;0;0;1;1;-22,75552876;-42,89122289;SPRF-RJ;DEL02-RJ;UOP02-DEL02-RJ;;;
737769;10/12/2025;quarta-feira;12:10:00;RS;290;722;URUGUAIANA;Condutor deixou de manter dist�ncia do ve�culo da frente;Colis�o traseira;Com V�timas Feridas;Pleno dia;Crescente;C�u Claro;Simples;Reta;N�o;3;0;2;0;1;0;2;2;-29,76796637;-57,05814531;SPRF-RS;DEL13-RS;UOP01-DEL13-RS;;;
737770;10/12/2025;quarta-feira;11:00:00;PR;277;725;FOZ DO IGUACU;Rea��o tardia ou ineficiente do condutor;Colis�o traseira;Sem V�timas;Pleno dia;Crescente;C�u Claro;Dupla;"Reta;Declive";Sim;4;0;0;0;4;0;0;4;-25,50755438;-54,54539274;SPRF-PR;DEL05-PR;UOP03-DEL05-PR;;;
737772;10/12/2025;quarta-feira;07:15:00;SC;101;101;BALNEARIO PICARRAS;Demais falhas mec�nicas ou el�tricas;Tombamento;Com V�timas Feridas;Pleno dia;Decrescente;C�u Claro;Dupla;Reta;Sim;2;0;0;1;1;0;1;1;-26,76261631;-48,68635148;SPRF-SC;DEL03-SC;UOP02-DEL03-SC;;;
737774;10/12/2025;quarta-feira;11:00:00;PR;277;44,4;MORRETES;Velocidade Incompat�vel;Tombamento;Com V�timas Feridas;Pleno dia;Decrescente;Vento;Dupla;"Curva;Declive";N�o;1;0;0;1;0;0;1;1;-25,591521;-48,894327;SPRF-PR;DEL01-PR;UOP05-DEL01-PR;;;
737775;10/12/2025;quarta-feira;12:00:00;SC;282;644;SAO MIGUEL DO OESTE;Rea��o tardia ou ineficiente do condutor;Colis�o frontal;Com V�timas Feridas;Pleno dia;Decrescente;Nublado;Simples;Curva;N�o;11;0;0;1;10;0;1;2;-26,76969445;-53,47849488;SPRF-SC;DEL07-SC;UOP03-DEL07-SC;;;
737776;10/12/2025;quarta-feira;11:55:00;BA;101;368;GANDU;Aus�ncia de rea��o do condutor;Colis�o traseira;Com V�timas Feridas;Pleno dia;Decrescente;C�u Claro;Simples;Reta;Sim;2;0;1;0;1;0;1;2;-13,76520378;-39,49124694;SPRF-BA;DEL05-BA;UOP03-DEL05-BA;;;
737779;24/11/2025;segunda-feira;22:00:00;BA;407;176;PONTO NOVO;Transitar na contram�o;Colis�o frontal;Com V�timas Fatais;Plena Noite;Decrescente;C�u Claro;Simples;Reta;N�o;3;1;0;0;2;0;0;2;-10,894802;-40,109105;SPRF-BA;DEL04-BA;UOP02-DEL04-BA;;;
737780;10/12/2025;quarta-feira;12:20:00;RJ;116;117;MAGE;Rea��o tardia ou ineficiente do condutor;Tombamento;Com V�timas Feridas;Pleno dia;Crescente;Nublado;Dupla;Reta;N�o;1;0;1;0;0;0;1;1;-22,60501787;-43,02672882;SPRF-RJ;DEL04-RJ;UOP02-DEL04-RJ;;;
737782;10/12/2025;quarta-feira;13:00:00;PR;153;335;IRATI;Acessar a via sem observar a presen�a dos outros ve�culos;Colis�o transversal;Com V�timas Feridas;Pleno dia;Crescente;C�u Claro;Simples;Reta;Sim;2;0;1;0;1;0;1;2;-25,497645;-50,64825;SPRF-PR;DEL08-PR;UOP02-DEL08-PR;;;
737783;09/12/2025;ter�a-feira;14:30:00;BA;349;1069;CORRENTINA;Afundamento ou ondula��o no pavimento;Sa�da de leito carro��vel;Com V�timas Feridas;Pleno dia;Decrescente;Nublado;Simples;Reta;N�o;5;0;3;2;0;0;5;1;-13,6621;-45,78286;SPRF-BA;DEL10-BA;UOP02-DEL10-BA;;;
737787;10/12/2025;quarta-feira;11:30:00;SC;101;377,8;ICARA;Condutor Dormindo;Sa�da de leito carro��vel;Com V�timas Feridas;Pleno dia;Crescente;Chuva;M�ltipla;Reta;N�o;1;0;0;1;0;0;1;1;-28,7493328;-49,2647071;SPRF-SC;DEL02-SC;UOP01-DEL02-SC;;;
737788;08/11/2025;s�bado;20:55:00;PR;376;347;ORTIGUEIRA;Pedestre andava na pista;Atropelamento de Pedestre;Com V�timas Feridas;Plena Noite;Crescente;C�u Claro;Dupla;Reta;Sim;2;0;0;1;1;0;1;2;-24,21409152;-50,93982697;SPRF-PR;DEL07-PR;UOP02-DEL07-PR;;;