id;data_inversa;dia_semana;horario;uf;br;km;municipio;causa_acidente;tipo_acidente;classificacao_acidente;fase_dia;sentido_via;condicao_metereologica;tipo_pista;tracado_via;uso_solo;pessoas;mortos;feridos_leves;feridos_graves;ilesos;ignorados;feridos;veiculos;latitude;longitude;regional;delegacia;uop;;;
737789;28/11/2025;sexta-feira;16:20:00;MS;267;28;BATAGUASSU;Transitar na contram�o;Colis�o frontal;Com V�timas Feridas;Pleno dia;Decrescente;C�u Claro;Simples;Aclive;Sim;4;0;3;0;1;0;3;2;-21,72203872;-52,40465641;SPRF-MS;DEL02-MS;UOP04-DEL02-MS;;;
737791;10/12/2025;quarta-feira;14:15:00;PB;230;18;JOAO PESSOA;Trafegar com motocicleta (ou similar) entre as faixas;Colis�o lateral mesmo sentido;Com V�timas Feridas;Pleno dia;Decrescente;Sol;Dupla;Reta;Sim;2;0;1;0;1;0;1;2;-7,12883;-34,8482;SPRF-PB;DEL01-PB;UOP01-DEL01-PB;;;
737793;10/12/2025;quarta-feira;13:30:00;MG;381;158,4;GOVERNADOR VALADARES;Transitar na contram�o;Colis�o frontal;Com V�timas Feridas;Pleno dia;Decrescente;C�u Claro;Simples;Reta;N�o;3;0;1;0;2;0;1;2;-18,9225851;-42,0281033;SPRF-MG;DEL06-MG;UOP01-DEL06-MG;;;
737794;10/12/2025;quarta-feira;12:00:00;MG;381;671,3;PERDOES;Velocidade Incompat�vel;Colis�o com objeto;Com V�timas Feridas;Pleno dia;Crescente;Garoa/Chuvisco;Dupla;"Curva;Declive";N�o;2;0;1;1;0;0;2;1;-21,065391;-45,052403;SPRF-MG;DEL04-MG;UOP02-DEL04-MG;;;
737798;10/12/2025;quarta-feira;14:50:00;SC;101;265;PAULO LOPES;Acessar a via sem observar a presen�a dos outros ve�culos;Colis�o lateral mesmo sentido;Com V�timas Feridas;Pleno dia;Crescente;Chuva;Dupla;Em Obras;N�o;2;0;1;0;1;0;1;2;-28,073628;-48,713205;SPRF-SC;DEL02-SC;UOP03-DEL02-SC;;;
737800;10/12/2025;quarta-feira;15:31:00;SP;116;295;ITAPECERICA DA SERRA;Manobra de mudan�a de faixa;Colis�o lateral mesmo sentido;Com V�timas Feridas;Pleno dia;Decrescente;C�u Claro;Dupla;Curva;N�o;2;0;1;0;1;0;1;2;-23,7584697;-46,90282052;SPRF-SP;DEL04-SP;UOP01-DEL04-SP;;;
737801;10/12/2025;quarta-feira;14:45:00;MG;116;588;MANHUACU;Rea��o tardia ou ineficiente do condutor;Colis�o traseira;Com V�timas Feridas;Pleno dia;Decrescente;Nublado;Simples;Reta;Sim;3;0;1;0;2;0;1;2;-20,249124;-42,142614;SPRF-MG;DEL06-MG;UOP03-DEL06-MG;;;
737803;10/12/2025;quarta-feira;15:13:00;SP;116;218;GUARULHOS;Demais falhas mec�nicas ou el�tricas;Tombamento;Com V�timas Feridas;Pleno dia;Crescente;Sol;M�ltipla;Reta;Sim;2;0;2;0;0;0;2;1;-23,45893383;-46,4835701;SPRF-SP;DEL01-SP;UOP01-DEL01-SP;;;
737804;10/12/2025;quarta-feira;13:30:00;GO;153;511,9;APARECIDA DE GOIANIA;Demais falhas mec�nicas ou el�tricas;Queda de ocupante de ve�culo;Com V�timas Feridas;Pleno dia;Decrescente;C�u Claro;Dupla;Reta;N�o;2;0;0;2;0;0;2;1;-16,800023;-49,238422;SPRF-GO;DEL01-GO;UOP03-DEL01-GO;;;
737805;10/12/2025;quarta-feira;14:32:00;PE;101;72;RECIFE;Rea��o tardia ou ineficiente do condutor;Colis�o traseira;Com V�timas Feridas;Pleno dia;Decrescente;Sol;Dupla;Reta;Sim;2;0;1;0;0;1;1;2;-8,084379;-34,944475;SPRF-PE;DEL01-PE;UOP01-DEL01-PE;;;
737806;10/12/2025;quarta-feira;15:00:00;PB;101;68;SANTA RITA;Aus�ncia de rea��o do condutor;Sa�da de leito carro��vel;Sem V�timas;Pleno dia;Crescente;C�u Claro;Dupla;Reta;N�o;1;0;0;0;0;1;0;1;-7,05575842;-35,03037035;SPRF-PB;DEL01-PB;UOP03-DEL01-PB;;;
737807;20/11/2025;quinta-feira;09:30:00;RJ;101;292;ITABORAI;Demais falhas mec�nicas ou el�tricas;Inc�ndio;Sem V�timas;Pleno dia;Decrescente;Nublado;Dupla;Reta;N�o;1;0;0;0;1;0;0;1;-22,7559245;-42,88796132;SPRF-RJ;DEL02-RJ;UOP02-DEL02-RJ;;;
737810;28/11/2025;sexta-feira;22:35:00;PR;476;116;COLOMBO;Aus�ncia de rea��o do condutor;Tombamento;Sem V�timas;Plena Noite;Decrescente;Nublado;Simples;Reta;Sim;2;0;0;0;1;1;0;2;-25,34997573;-49,16955695;SPRF-PR;DEL01-PR;UOP01-DEL01-PR;;;
737812;10/12/2025;quarta-feira;13:00:00;RJ;393;12;VOLTA REDONDA;Aus�ncia de rea��o do condutor;Colis�o traseira;Sem V�timas;Pleno dia;Crescente;C�u Claro;Simples;Curva;N�o;2;0;0;0;2;0;0;2;-22,49892738;-44,06151719;SPRF-RJ;DEL05-RJ;UOP04-DEL05-RJ;;;
737813;10/12/2025;quarta-feira;15:40:00;ES;101;57,9;SAO MATEUS;Acessar a via sem observar a presen�a dos outros ve�culos;Colis�o transversal;Com V�timas Feridas;Pleno dia;Decrescente;C�u Claro;Simples;Reta;N�o;3;0;1;0;2;0;1;2;-18,6531564;-39,8721867;SPRF-ES;DEL04-ES;UOP02-DEL04-ES;;;
737814;10/12/2025;quarta-feira;16:00:00;PR;116;160;QUITANDINHA;Condutor deixou de manter dist�ncia do ve�culo da frente;Sa�da de leito carro��vel;Com V�timas Feridas;Pleno dia;Crescente;C�u Claro;Simples;"Reta;Declive";N�o;1;0;1;0;0;0;1;1;-25,8694883;-49,45407361;SPRF-PR;DEL01-PR;UOP03-DEL01-PR;;;
737815;10/12/2025;quarta-feira;16:00:00;PE;101;82;JABOATAO DOS GUARARAPES;Manobra de mudan�a de faixa;Colis�o lateral mesmo sentido;Com V�timas Feridas;Pleno dia;Crescente;C�u Claro;M�ltipla;"Reta;Interse��o de Vias";Sim;3;0;0;1;0;2;1;3;-8,17237921;-34,94025707;SPRF-PE;DEL01-PE;UOP01-DEL01-PE;;;
737819;10/12/2025;quarta-feira;15:40:00;GO;153;426;ANAPOLIS;Aus�ncia de rea��o do condutor;Queda de ocupante de ve�culo;Com V�timas Feridas;Pleno dia;Crescente;C�u Claro;M�ltipla;"Retorno Regulamentado;Declive";Sim;1;0;1;0;0;0;1;1;-16,24047205;-49,00408533;SPRF-GO;DEL02-GO;UOP01-DEL02-GO;;;
737820;10/12/2025;quarta-feira;16:40:00;RS;293;2;PELOTAS;Condutor deixou de manter dist�ncia do ve�culo da frente;Engavetamento;Com V�timas Feridas;Pleno dia;Crescente;Garoa/Chuvisco;Simples;Reta;Sim;3;0;2;0;1;0;2;3;-31,742143;-52,363892;SPRF-RS;DEL07-RS;UOP01-DEL07-RS;;;
737821;10/12/2025;quarta-feira;17:00:00;PB;230;18;JOAO PESSOA;Condutor deixou de manter dist�ncia do ve�culo da frente;Tombamento;Com V�timas Feridas;Anoitecer;Crescente;C�u Claro;Dupla;Curva;Sim;1;0;0;1;0;0;1;1;-7,12762712;-34,84618538;SPRF-PB;DEL01-PB;UOP01-DEL01-PB;;;
737823;10/12/2025;quarta-feira;17:15:00;PB;230;18,3;JOAO PESSOA;Trafegar com motocicleta (ou similar) entre as faixas;Colis�o traseira;Com V�timas Feridas;Pleno dia;Decrescente;C�u Claro;Dupla;Aclive;Sim;2;0;0;1;1;0;1;2;-7,12580602;-34,8452881;SPRF-PB;DEL01-PB;UOP01-DEL01-PB;;;
737824;10/12/2025;quarta-feira;16:50:00;MG;40;517;NOVA LIMA;Transitar no Acostamento;Colis�o transversal;Com V�timas Feridas;Pleno dia;Crescente;Nublado;Dupla;"Reta;Interse��o de Vias";Sim;2;0;0;1;1;0;1;2;-20,015;-43,955;SPRF-MG;DEL01-MG;UOP02-DEL01-MG;;;
737825;10/12/2025;quarta-feira;17:30:00;RJ;465;4;SEROPEDICA;Rea��o tardia ou ineficiente do condutor;Colis�o transversal;Com V�timas Feridas;Pleno dia;Crescente;Nublado;Simples;Reta;Sim;3;0;2;0;1;0;2;2;-22,740894;-43,705675;SPRF-RJ;DEL06-RJ;UOP02-DEL06-RJ;;;
737826;10/12/2025;quarta-feira;13:00:00;RJ;40;86;PETROPOLIS;Afundamento ou ondula��o no pavimento;Capotamento;Com V�timas Fatais;Pleno dia;Crescente;Chuva;Dupla;"Declive;Curva";N�o;1;1;0;0;0;0;0;1;-22,543796;-43,233631;SPRF-RJ;DEL01-RJ;UOP01-DEL01-RJ;;;
737828;10/12/2025;quarta-feira;14:39:00;AC;364;141;RIO BRANCO;Rea��o tardia ou ineficiente do condutor;Sa�da de leito carro��vel;Sem V�timas;Pleno dia;Crescente;Garoa/Chuvisco;Dupla;Reta;Sim;1;0;0;0;0;1;0;1;-9,93811498;-67,87989233;SPRF-AC;DEL01-AC;UOP01-DEL01-AC;;;
737829;10/12/2025;quarta-feira;15:00:00;MG;381;637;OLIVEIRA;Rea��o tardia ou ineficiente do condutor;Sa�da de leito carro��vel;Com V�timas Feridas;Pleno dia;Crescente;Chuva;Dupla;Curva;N�o;1;0;1;0;0;0;1;1;-20,801761;-44,790227;SPRF-MG;DEL04-MG;UOP01-DEL04-MG;;;
737830;10/12/2025;quarta-feira;17:30:00;MG;116;413,1;GOVERNADOR VALADARES;Condutor deixou de manter dist�ncia do ve�culo da frente;Colis�o lateral mesmo sentido;Com V�timas Feridas;Anoitecer;Crescente;C�u Claro;Simples;"Reta;Interse��o de Vias";Sim;2;0;2;0;0;0;2;2;-18,8811147;-41,9607511;SPRF-MG;DEL06-MG;UOP01-DEL06-MG;;;
737833;10/12/2025;quarta-feira;17:50:00;RJ;393;245;VASSOURAS;Condutor deixou de manter dist�ncia do ve�culo da frente;Colis�o traseira;Com V�timas Feridas;Pleno dia;Decrescente;C�u Claro;Simples;"Interse��o de Vias;Curva";N�o;2;0;1;0;1;0;1;2;-22,42670984;-43,7567094;SPRF-RJ;DEL05-RJ;UOP04-DEL05-RJ;;;
737834;10/12/2025;quarta-feira;18:10:00;MG;40;471,4;SETE LAGOAS;Acumulo de �leo sobre o pavimento;Tombamento;Com V�timas Feridas;Anoitecer;Crescente;Chuva;Simples;"Reta;Declive";Sim;1;0;1;0;0;0;1;1;-19,47613;-44,29022;SPRF-MG;DEL02-MG;UOP01-DEL02-MG;;;
737835;10/12/2025;quarta-feira;18:33:00;BA;110;204;CIPO;Acessar a via sem observar a presen�a dos outros ve�culos;Colis�o transversal;Com V�timas Feridas;Plena Noite;Crescente;C�u Claro;Simples;Reta;Sim;3;0;2;0;1;0;2;2;-11,09512;-38,5106;SPRF-BA;DEL07-BA;UOP02-DEL07-BA;;;
737837;10/12/2025;quarta-feira;16:00:00;BA;116;799;VITORIA DA CONQUISTA;Demais falhas mec�nicas ou el�tricas;Inc�ndio;Sem V�timas;Pleno dia;Decrescente;C�u Claro;Simples;Reta;N�o;1;0;0;0;0;1;0;1;-14,741564;-40,661422;SPRF-BA;DEL08-BA;UOP02-DEL08-BA;;;
737838;10/12/2025;quarta-feira;13:20:00;RJ;101;297;ITABORAI;Acessar a via sem observar a presen�a dos outros ve�culos;Colis�o lateral mesmo sentido;Com V�timas Feridas;Pleno dia;Crescente;Nublado;Simples;Reta;Sim;2;0;1;0;1;0;1;2;-22,77078471;-42,92292802;SPRF-RJ;DEL02-RJ;UOP02-DEL02-RJ;;;
737839;10/12/2025;quarta-feira;17:05:00;MT;158;780;BARRA DO GARCAS;Aus�ncia de rea��o do condutor;Capotamento;Com V�timas Feridas;Pleno dia;Decrescente;Sol;Simples;Reta;N�o;2;0;2;0;0;0;2;1;-15,8725239;-52,3855315;SPRF-MT;DEL07-MT;UOP01-DEL07-MT;;;
737840;10/12/2025;quarta-feira;18:20:00;RJ;116;307;RESENDE;Avarias e/ou desgaste excessivo no pneu;Queda de ocupante de ve�culo;Com V�timas Feridas;Amanhecer;Crescente;Nublado;Dupla;Reta;Sim;1;0;0;1;0;0;1;1;-22,45686883;-44,4096587;SPRF-RJ;DEL07-RJ;UOP02-DEL07-RJ;;;
737841;10/12/2025;quarta-feira;18:51:00;SP;116;210;GUARULHOS;Demais falhas mec�nicas ou el�tricas;Inc�ndio;Sem V�timas;Anoitecer;Crescente;C�u Claro;Dupla;Reta;Sim;1;0;0;0;1;0;0;1;-23,43035227;-46,4153986;SPRF-SP;DEL01-SP;UOP01-DEL01-SP;;;
737843;10/12/2025;quarta-feira;18:00:00;RN;101;99;NATAL;Manobra de mudan�a de faixa;Colis�o lateral mesmo sentido;Com V�timas Feridas;Plena Noite;Decrescente;C�u Claro;M�ltipla;"Declive;Reta;Viaduto";N�o;4;0;0;2;2;0;2;3;-5,86983096;-35,21865813;SPRF-RN;DEL01-RN;UOP01-DEL01-RN;;;
737844;10/12/2025;quarta-feira;18:30:00;RN;405;3;MOSSORO;Transitar na contram�o;Colis�o frontal;Com V�timas Feridas;Plena Noite;Crescente;C�u Claro;Simples;Reta;N�o;2;0;0;2;0;0;2;2;-5,19405001;-37,38166809;SPRF-RN;DEL04-RN;UOP02-DEL04-RN;;;
737845;10/12/2025;quarta-feira;17:25:00;SC;101;45,5;JOINVILLE;Manobra de mudan�a de faixa;Colis�o lateral mesmo sentido;Com V�timas Feridas;Pleno dia;Decrescente;C�u Claro;Dupla;Aclive;Sim;3;0;2;0;1;0;2;2;-26,3534636;-48,85836689;SPRF-SC;DEL03-SC;UOP01-DEL03-SC;;;
737846;10/12/2025;quarta-feira;16:50:00;MS;163;268;DOURADOS;Avarias e/ou desgaste excessivo no pneu;Tombamento;Com V�timas Feridas;Anoitecer;Decrescente;C�u Claro;Dupla;Reta;N�o;1;0;1;0;0;0;1;1;-22,2005358;-54,69984882;SPRF-MS;DEL04-MS;UOP01-DEL04-MS;;;
737848;10/12/2025;quarta-feira;18:15:00;PE;423;95;GARANHUNS;Ingest�o de �lcool pelo condutor;Colis�o frontal;Sem V�timas;Plena Noite;Decrescente;C�u Claro;Simples;Curva;Sim;2;0;0;0;2;0;0;2;-8,879453;-36,479895;SPRF-PE;DEL03-PE;UOP01-DEL03-PE;;;
737849;10/12/2025;quarta-feira;15:20:00;MG;153;2,5;ARAPORA;Velocidade Incompat�vel;Colis�o traseira;Com V�timas Feridas;Pleno dia;Crescente;Nublado;Dupla;Reta;N�o;3;0;2;0;1;0;2;2;-18,438906;-49,189326;SPRF-MG;DEL15-MG;UOP03-DEL15-MG;;;
737851;10/12/2025;quarta-feira;18:40:00;MG;381;550;ITATIAIUCU;Velocidade Incompat�vel;Sa�da de leito carro��vel;Com V�timas Feridas;Plena Noite;Decrescente;Chuva;Dupla;"Aclive;Curva";N�o;2;0;2;0;0;0;2;1;-20,2120285;-44,3898323;SPRF-MG;DEL04-MG;UOP03-DEL04-MG;;;
737852;10/12/2025;quarta-feira;19:10:00;RS;392;351;SANTA MARIA;Acessar a via sem observar a presen�a dos outros ve�culos;Colis�o transversal;Com V�timas Feridas;Anoitecer;Decrescente;Nublado;Dupla;"Em Obras;Rotat�ria;Reta";Sim;3;0;2;0;0;1;2;3;-29,72905464;-53,80258083;SPRF-RS;DEL09-RS;UOP01-DEL09-RS;;;
737853;10/12/2025;quarta-feira;16:40:00;MG;116;416,4;GOVERNADOR VALADARES;Rea��o tardia ou ineficiente do condutor;Colis�o transversal;Com V�timas Feridas;Pleno dia;Decrescente;Nublado;Simples;Reta;Sim;2;0;1;0;0;1;1;2;-18,90147342;-41,94496527;SPRF-MG;DEL06-MG;UOP01-DEL06-MG;;;
737854;10/12/2025;quarta-feira;17:40:00;PR;116;70,2;QUATRO BARRAS;Demais falhas mec�nicas ou el�tricas;Tombamento;Com V�timas Feridas;Anoitecer;Decrescente;C�u Claro;Dupla;Reta;N�o;2;0;2;0;0;0;2;1;-25,33985476;-49,03897159;SPRF-PR;DEL01-PR;UOP02-DEL01-PR;;;
737855;10/12/2025;quarta-feira;08:40:00;RJ;40;123;DUQUE DE CAXIAS;Manobra de mudan�a de faixa;Colis�o lateral mesmo sentido;Com V�timas Feridas;Pleno dia;Crescente;C�u Claro;M�ltipla;"Interse��o de Vias;Reta;Retorno Regulamentado";Sim;3;0;1;0;2;0;1;3;-22,80562215;-43,28974416;SPRF-RJ;DEL01-RJ;UOP02-DEL01-RJ;;;
737856;10/12/2025;quarta-feira;19:15:00;RS;285;239,6;CASEIROS;Manobra de mudan�a de faixa;Sa�da de leito carro��vel;Com V�timas Feridas;Plena Noite;Crescente;Chuva;Simples;"Declive;Curva";N�o;1;0;0;1;0;0;1;1;-28,25936991;-51,8793726;SPRF-RS;DEL08-RS;UOP03-DEL08-RS;;;
737857;10/12/2025;quarta-feira;19:45:00;ES;101;147;LINHARES;Aus�ncia de rea��o do condutor;Queda de ocupante de ve�culo;Com V�timas Feridas;Plena Noite;Crescente;C�u Claro;Dupla;Reta;Sim;1;0;1;0;0;0;1;1;-19,3970634;-40,06396294;SPRF-ES;DEL04-ES;UOP01-DEL04-ES;;;
737858;10/12/2025;quarta-feira;18:20:00;PB;230;141;MASSARANDUBA;Condutor Dormindo;Sa�da de leito carro��vel;Sem V�timas;Plena Noite;Crescente;C�u Claro;Dupla;"Reta;Aclive";Sim;1;0;0;0;0;1;0;1;-7,25692361;-35,8151046;SPRF-PB;DEL02-PB;UOP01-DEL02-PB;;;
737859;10/12/2025;quarta-feira;20:00:00;SC;101;195,3;BIGUACU;Transitar na contram�o;Colis�o transversal;Com V�timas Feridas;Plena Noite;Decrescente;Nublado;M�ltipla;"Viaduto;Reta";Sim;2;0;1;0;1;0;1;2;-27,506635;-48,647547;SPRF-SC;DEL01-SC;UOP01-DEL01-SC;;;
737860;10/12/2025;quarta-feira;18:00:00;MG;40;710;BARBACENA;Chuva;Sa�da de leito carro��vel;Com V�timas Feridas;Anoitecer;Decrescente;Chuva;Dupla;Curva;Sim;3;0;2;1;0;0;3;1;-21,25406461;-43,66249965;SPRF-MG;DEL05-MG;UOP02-DEL05-MG;;;
737861;10/12/2025;quarta-feira;18:30:00;PR;369;17,7;CAMBARA;Acessar a via sem observar a presen�a dos outros ve�culos;Colis�o transversal;Com V�timas Feridas;Anoitecer;Crescente;C�u Claro;Simples;"Reta;Interse��o de Vias";N�o;2;0;1;0;1;0;1;2;-23,033582;-50,059907;SPRF-PR;DEL07-PR;UOP05-DEL07-PR;;;
737862;10/12/2025;quarta-feira;17:25:00;SP;381;3;VARGEM;Velocidade Incompat�vel;Colis�o com objeto;Com V�timas Feridas;Pleno dia;Decrescente;Nublado;Dupla;Viaduto;Sim;1;0;1;0;0;0;1;1;-22,88268383;-46,40741793;SPRF-SP;DEL03-SP;UOP02-DEL03-SP;;;
737863;10/12/2025;quarta-feira;18:30:00;RJ;40;105;DUQUE DE CAXIAS;Trafegar com motocicleta (ou similar) entre as faixas;Colis�o frontal;Com V�timas Feridas;Plena Noite;Decrescente;C�u Claro;Simples;Reta;Sim;3;0;1;0;2;0;1;2;-22,640838;-43,283253;SPRF-RJ;DEL01-RJ;UOP02-DEL01-RJ;;;
737866;10/12/2025;quarta-feira;20:03:00;RJ;116;203;SEROPEDICA;Ingest�o de �lcool pelo condutor;Colis�o traseira;Sem V�timas;Plena Noite;Crescente;C�u Claro;Dupla;Reta;N�o;2;0;0;0;2;0;0;2;-22,720744;-43,68703723;SPRF-RJ;DEL06-RJ;UOP02-DEL06-RJ;;;
737867;10/12/2025;quarta-feira;20:42:00;PR;376;614;SAO JOSE DOS PINHAIS;Rea��o tardia ou ineficiente do condutor;Queda de ocupante de ve�culo;Com V�timas Feridas;Plena Noite;Decrescente;C�u Claro;Dupla;Curva;N�o;1;0;1;0;0;0;1;1;-25,56820227;-49,18180911;SPRF-PR;DEL01-PR;UOP03-DEL01-PR;;;
737868;10/12/2025;quarta-feira;18:40:00;RS;470;218,8;BENTO GONCALVES;Acumulo de �gua sobre o pavimento;Colis�o frontal;Com V�timas Feridas;Anoitecer;Crescente;Chuva;Simples;Curva;N�o;4;0;3;0;0;1;3;3;-29,18781407;-51,52147436;SPRF-RS;DEL06-RS;UOP01-DEL06-RS;;;
737869;10/12/2025;quarta-feira;16:30:00;MG;40;619,5;CONGONHAS;Rea��o tardia ou ineficiente do condutor;Sa�da de leito carro��vel;Com V�timas Feridas;Pleno dia;Decrescente;Nublado;Simples;Curva;N�o;1;0;1;0;0;0;1;1;-20,57560637;-43,81292666;SPRF-MG;DEL05-MG;UOP02-DEL05-MG;;;
737871;10/12/2025;quarta-feira;19:40:00;RS;468;73,3;CAMPO NOVO;Velocidade Incompat�vel;Sa�da de leito carro��vel;Com V�timas Feridas;Anoitecer;Crescente;Garoa/Chuvisco;Simples;Interse��o de Vias;N�o;1;0;1;0;0;0;1;1;-27,6806896;-53,8470679;SPRF-RS;DEL08-RS;UOP02-DEL08-RS;;;
737872;10/12/2025;quarta-feira;18:30:00;MG;116;115,5;ITAOBIM;Aus�ncia de rea��o do condutor;Colis�o traseira;Com V�timas Feridas;Anoitecer;Crescente;Chuva;Simples;"Declive;Reta";Sim;2;0;1;1;0;0;2;2;-16,560636;-41,503234;SPRF-MG;DEL11-MG;UOP02-DEL11-MG;;;
737874;10/12/2025;quarta-feira;20:00:00;MG;116;660;SAO FRANCISCO DO GLORIA;Rea��o tardia ou ineficiente do condutor;Colis�o com objeto;Com V�timas Feridas;Plena Noite;Decrescente;Nublado;Simples;Curva;N�o;1;0;1;0;0;0;1;1;-20,79627869;-42,30650425;SPRF-MG;DEL07-MG;UOP02-DEL07-MG;;;
737878;10/12/2025;quarta-feira;22:15:00;SP;488;1,6;APARECIDA;Rea��o tardia ou ineficiente do condutor;Colis�o lateral mesmo sentido;Com V�timas Feridas;Plena Noite;Crescente;C�u Claro;Dupla;"Interse��o de Vias;Rotat�ria";Sim;2;0;1;0;1;0;1;2;-22,84728;-45,23496;SPRF-SP;DEL08-SP;UOP01-DEL08-SP;;;
737880;10/12/2025;quarta-feira;20:25:00;SC;280;56,6;GUARAMIRIM;Transitar na contram�o;Colis�o frontal;Com V�timas Feridas;Plena Noite;Crescente;C�u Claro;Simples;Reta;N�o;3;0;3;0;0;0;3;2;-26,4786445;-49,01175706;SPRF-SC;DEL03-SC;UOP03-DEL03-SC;;;
737881;10/12/2025;quarta-feira;20:30:00;MT;364;565;NOBRES;Aus�ncia de rea��o do condutor;Sa�da de leito carro��vel;Com V�timas Feridas;Plena Noite;Crescente;Chuva;Dupla;Reta;N�o;2;0;0;1;1;0;1;1;-14,698374;-56,315007;SPRF-MT;DEL01-MT;UOP01-DEL01-MT;;;
737882;10/12/2025;quarta-feira;18:55:00;MG;116;174,6;PADRE PARAISO;Acumulo de �gua sobre o pavimento;Colis�o frontal;Com V�timas Feridas;Plena Noite;Crescente;Chuva;Simples;"Curva;Declive";N�o;6;0;3;0;3;0;3;2;-17,051867;-41,458775;SPRF-MG;DEL11-MG;UOP02-DEL11-MG;;;
737883;10/12/2025;quarta-feira;22:30:00;SC;101;381;ICARA;Desrespeitar a prefer�ncia no cruzamento;Colis�o frontal;Com V�timas Feridas;Plena Noite;Crescente;Nublado;Simples;"Aclive;Reta";N�o;2;0;0;1;1;0;1;2;-28,7625317;-49,2907567;SPRF-SC;DEL02-SC;UOP02-DEL02-SC;;;
737884;10/12/2025;quarta-feira;23:10:00;MG;365;9,5;MONTES CLAROS;Velocidade Incompat�vel;Sa�da de leito carro��vel;Com V�timas Feridas;Plena Noite;Decrescente;Nublado;Simples;"Declive;Reta";N�o;2;0;1;1;0;0;2;1;-16,769421;-43,8591126;SPRF-MG;DEL12-MG;UOP01-DEL12-MG;;;
737885;10/12/2025;quarta-feira;22:00:00;RS;472;578;URUGUAIANA;Condutor deixou de manter dist�ncia do ve�culo da frente;Colis�o traseira;Com V�timas Feridas;Plena Noite;Crescente;C�u Claro;Simples;Reta;Sim;3;0;3;0;0;0;3;2;-29,78592726;-57,07701516;SPRF-RS;DEL13-RS;UOP01-DEL13-RS;;;
737886;22/09/2025;segunda-feira;09:00:00;MG;381;351;JOAO MONLEVADE;Acessar a via sem observar a presen�a dos outros ve�culos;Colis�o transversal;Com V�timas Feridas;Pleno dia;Crescente;C�u Claro;Simples;Reta;N�o;2;0;0;1;1;0;1;2;-19,8501671;-43,15085292;SPRF-MG;DEL03-MG;UOP01-DEL03-MG;;;
737887;10/12/2025;quarta-feira;20:45:00;AC;307;184;CRUZEIRO DO SUL;Animais na Pista;Atropelamento de Animal;Com V�timas Feridas;Plena Noite;Decrescente;Ignorado;Simples;Reta;N�o;4;0;1;0;3;0;1;1;-7,6729596;-72,6394575;SPRF-AC;DEL01-AC;UOP03-DEL01-AC;;;
737891;10/12/2025;quarta-feira;19:42:00;SP;381;66;MAIRIPORA;Entrada inopinada do pedestre;Atropelamento de Pedestre;Com V�timas Feridas;Plena Noite;Crescente;C�u Claro;Dupla;Reta;Sim;2;0;1;0;1;0;1;2;-23,32255387;-46,58163425;SPRF-SP;DEL03-SP;UOP01-DEL03-SP;;;
737892;10/12/2025;quarta-feira;18:40:00;AP;210;4;MACAPA;�rea urbana sem a presen�a de local apropriado para a travessia de pedestres;Colis�o transversal;Com V�timas Feridas;Anoitecer;Decrescente;C�u Claro;Dupla;Reta;Sim;2;0;0;1;1;0;1;2;0,0884659;-51,0976478;SPRF-AP;DEL01-AP;UOP01-DEL01-AP;;;
737893;10/12/2025;quarta-feira;21:30:00;RJ;493;18;GUAPIMIRIM;Condutor deixou de manter dist�ncia do ve�culo da frente;Colis�o traseira;Com V�timas Feridas;Plena Noite;Crescente;C�u Claro;Simples;Reta;Sim;4;0;2;0;2;0;2;2;-22,66789371;-43,02468634;SPRF-RJ;DEL04-RJ;UOP02-DEL04-RJ;;;
737894;10/12/2025;quarta-feira;20:50:00;MS;158;205,5;SELVIRIA;Rea��o tardia ou ineficiente do condutor;Colis�o traseira;Com V�timas Feridas;Plena Noite;Crescente;C�u Claro;Simples;"Aclive;Reta";N�o;4;0;1;1;2;0;2;2;-20,42014;-51,479909;SPRF-MS;DEL07-MS;UOP01-DEL07-MS;;;
737897;11/12/2025;quinta-feira;00:40:00;SP;116;197;ARUJA;Demais falhas mec�nicas ou el�tricas;Inc�ndio;Sem V�timas;Plena Noite;Decrescente;C�u Claro;Dupla;"Declive;Curva";N�o;56;0;0;0;56;0;0;1;-23,39935369;-46,3004322;SPRF-SP;DEL01-SP;UOP01-DEL01-SP;;;
737899;10/12/2025;quarta-feira;22:30:00;SP;381;83;SAO PAULO;Transitar no Acostamento;Atropelamento de Pedestre;Com V�timas Feridas;Plena Noite;Crescente;C�u Claro;Dupla;Reta;Sim;2;0;0;1;0;1;1;2;-23,459536;-46,57154915;SPRF-SP;DEL03-SP;UOP01-DEL03-SP;;;
737902;11/12/2025;quinta-feira;03:00:00;SP;381;58,2;MAIRIPORA;Condutor Dormindo;Colis�o traseira;Com V�timas Feridas;Plena Noite;Crescente;C�u Claro;Dupla;Reta;N�o;3;0;2;0;1;0;2;2;-23,26015422;-46,59537792;SPRF-SP;DEL03-SP;UOP01-DEL03-SP;;;
737904;11/12/2025;quinta-feira;03:15:00;PR;277;703;SAO MIGUEL DO IGUACU;Aus�ncia de rea��o do condutor;Tombamento;Com V�timas Feridas;Plena Noite;Decrescente;Nublado;Dupla;Reta;N�o;1;0;0;1;0;0;1;1;-25,42071294;-54,353151;SPRF-PR;DEL05-PR;UOP01-DEL05-PR;;;