id;data_inversa;dia_semana;horario;uf;br;km;municipio;causa_acidente;tipo_acidente;classificacao_acidente;fase_dia;sentido_via;condicao_metereologica;tipo_pista;tracado_via;uso_solo;pessoas;mortos;feridos_leves;feridos_graves;ilesos;ignorados;feridos;veiculos;latitude;longitude;regional;delegacia;uop;;;
737905;10/12/2025;quarta-feira;15:30:00;PR;376;518,7;PONTA GROSSA;Rea��o tardia ou ineficiente do condutor;Queda de ocupante de ve�culo;Com V�timas Feridas;Pleno dia;Crescente;Nublado;Dupla;Curva;N�o;1;0;0;1;0;0;1;1;-25,270163;-49,938253;SPRF-PR;DEL03-PR;UOP04-DEL03-PR;;;
737908;11/12/2025;quinta-feira;01:20:00;RJ;101;306;SAO GONCALO;Pedestre andava na pista;Atropelamento de Pedestre;Com V�timas Fatais;Plena Noite;Decrescente;Nublado;Dupla;Reta;Sim;2;1;0;0;1;0;0;2;-22,79158194;-43,01659998;SPRF-RJ;DEL02-RJ;UOP02-DEL02-RJ;;;
737911;11/12/2025;quinta-feira;04:30:00;RN;101;109;PARNAMIRIM;Rea��o tardia ou ineficiente do condutor;Colis�o com objeto;Com V�timas Feridas;Amanhecer;Crescente;C�u Claro;Simples;Reta;Sim;1;0;1;0;0;0;1;1;-5,938097;-35,265063;SPRF-RN;DEL01-RN;UOP01-DEL01-RN;;;
737913;11/12/2025;quinta-feira;06:10:00;DF;60;11;BRASILIA;Animais na Pista;Atropelamento de Animal;Com V�timas Feridas;Amanhecer;Decrescente;Nublado;Dupla;Reta;Sim;1;0;1;0;0;0;1;1;-15,91601;-48,164212;SPRF-DF;DEL03-DF;UOP01-DEL03-DF;;;
737914;11/12/2025;quinta-feira;06:51:00;RJ;101;117;CAMPOS DOS GOYTACAZES;Aus�ncia de rea��o do condutor;Colis�o traseira;Com V�timas Feridas;Pleno dia;Crescente;C�u Claro;Dupla;Reta;N�o;2;0;1;0;1;0;1;2;-22,012203;-41,672475;SPRF-RJ;DEL08-RJ;UOP02-DEL08-RJ;;;
737917;11/12/2025;quinta-feira;06:40:00;DF;40;0,7;BRASILIA;Rea��o tardia ou ineficiente do condutor;Colis�o lateral mesmo sentido;Com V�timas Feridas;Pleno dia;Decrescente;C�u Claro;Dupla;Reta;N�o;3;0;1;0;2;0;1;2;-15,97862093;-47,98033834;SPRF-DF;DEL01-DF;UOP01-DEL01-DF;;;
737919;11/12/2025;quinta-feira;06:45:00;RS;471;459,8;RIO GRANDE;Acumulo de �leo sobre o pavimento;Tombamento;Com V�timas Feridas;Pleno dia;Decrescente;C�u Claro;Simples;Rotat�ria;Sim;1;0;1;0;0;0;1;1;-32,07524689;-52,26511461;SPRF-RS;DEL07-RS;UOP02-DEL07-RS;;;
737920;11/12/2025;quinta-feira;07:00:00;PE;104;58,8;CARUARU;Acessar a via sem observar a presen�a dos outros ve�culos;Colis�o traseira;Com V�timas Feridas;Amanhecer;Crescente;C�u Claro;Dupla;Reta;N�o;3;0;2;0;0;1;2;2;-8,22401;-35,97722;SPRF-PE;DEL02-PE;UOP01-DEL02-PE;;;
737921;11/12/2025;quinta-feira;06:57:00;DF;60;5;BRASILIA;Acesso irregular;Colis�o transversal;Com V�timas Feridas;Pleno dia;Decrescente;C�u Claro;Dupla;Reta;Sim;3;0;3;0;0;0;3;2;-15,89745;-48,109841;SPRF-DF;DEL03-DF;UOP01-DEL03-DF;;;
737922;11/12/2025;quinta-feira;06:00:00;RJ;101;387;RIO DE JANEIRO;Trafegar com motocicleta (ou similar) entre as faixas;Colis�o lateral mesmo sentido;Com V�timas Feridas;Pleno dia;Decrescente;C�u Claro;M�ltipla;Reta;Sim;2;0;2;0;0;0;2;2;-22,886455;-43,651905;SPRF-RJ;DEL03-RJ;UOP01-DEL03-RJ;;;
737923;11/12/2025;quinta-feira;06:45:00;SC;101;218,2;PALHOCA;Retorno proibido;Colis�o transversal;Com V�timas Feridas;Pleno dia;Crescente;C�u Claro;Simples;Reta;Sim;2;0;0;1;1;0;1;2;-27,67785;-48,669347;SPRF-SC;DEL01-SC;UOP02-DEL01-SC;;;
737925;11/12/2025;quinta-feira;06:00:00;MG;50;145;UBERABA;Condutor Dormindo;Colis�o com objeto;Com V�timas Feridas;Pleno dia;Crescente;Nublado;Dupla;Reta;N�o;1;0;1;0;0;0;1;1;-19,57039;-48,03154;SPRF-MG;DEL13-MG;UOP01-DEL13-MG;;;
737927;11/12/2025;quinta-feira;06:30:00;PB;230;27;JOAO PESSOA;Aus�ncia de rea��o do condutor;Tombamento;Com V�timas Feridas;Pleno dia;Decrescente;C�u Claro;Dupla;Declive;Sim;1;0;1;0;0;0;1;1;-7,1674391;-34,8858684;SPRF-PB;DEL01-PB;UOP01-DEL01-PB;;;
737928;11/12/2025;quinta-feira;05:10:00;RJ;40;6;COMENDADOR LEVY GASPARIAN;Condutor Dormindo;Sa�da de leito carro��vel;Com V�timas Feridas;Amanhecer;Crescente;Nublado;Dupla;Curva;Sim;4;0;1;0;3;0;1;1;-22,03102022;-43,22727442;SPRF-RJ;DEL05-RJ;UOP02-DEL05-RJ;;;
737929;11/12/2025;quinta-feira;07:00:00;RJ;116;175;NOVA IGUACU;Rea��o tardia ou ineficiente do condutor;Colis�o traseira;Com V�timas Feridas;Pleno dia;Decrescente;C�u Claro;Dupla;Reta;N�o;1;0;1;0;0;0;1;1;-22,75460388;-43,43441673;SPRF-RJ;DEL06-RJ;UOP01-DEL06-RJ;;;
737931;10/12/2025;quarta-feira;18:30:00;RJ;116;62;TERESOPOLIS;Chuva;Capotamento;Com V�timas Feridas;Plena Noite;Crescente;Nublado;Simples;Reta;N�o;1;0;1;0;0;0;1;1;-22,23612909;-42,91103518;SPRF-RJ;DEL04-RJ;UOP01-DEL04-RJ;;;
737932;18/09/2025;quinta-feira;10:40:00;BA;101;879;TEIXEIRA DE FREITAS;Acessar a via sem observar a presen�a dos outros ve�culos;Colis�o transversal;Com V�timas Feridas;Pleno dia;Crescente;C�u Claro;Simples;"Rotat�ria;Reta";Sim;3;0;1;0;2;0;1;2;-17,56482898;-39,72896576;SPRF-BA;DEL09-BA;UOP02-DEL09-BA;;;
737933;11/12/2025;quinta-feira;07:20:00;RN;101;97;NATAL;Condutor deixou de manter dist�ncia do ve�culo da frente;Colis�o traseira;Com V�timas Feridas;Pleno dia;Decrescente;C�u Claro;M�ltipla;Reta;N�o;3;0;1;0;2;0;1;3;-5,8658295;-35,2166103;SPRF-RN;DEL01-RN;UOP01-DEL01-RN;;;
737934;11/12/2025;quinta-feira;06:15:00;PR;376;599;CURITIBA;Velocidade Incompat�vel;Sa�da de leito carro��vel;Com V�timas Feridas;Pleno dia;Decrescente;C�u Claro;Dupla;Reta;N�o;1;0;0;1;0;0;1;1;-25,5003719;-49,3421079;SPRF-PR;DEL01-PR;UOP03-DEL01-PR;;;
737935;11/12/2025;quinta-feira;06:20:00;GO;20;120;FLORES DE GOIAS;Condutor Dormindo;Sa�da de leito carro��vel;Com V�timas Feridas;Amanhecer;Crescente;Nublado;Simples;Reta;N�o;3;0;1;2;0;0;3;1;-14,857911;-46,792858;SPRF-DF;DEL02-DF;UOP03-DEL02-DF;;;
737936;11/12/2025;quinta-feira;07:20:00;SC;101;41,5;JOINVILLE;Aus�ncia de rea��o do condutor;Colis�o lateral mesmo sentido;Com V�timas Feridas;Pleno dia;Decrescente;C�u Claro;Dupla;Reta;Sim;2;0;1;0;1;0;1;2;-26,32091791;-48,86992201;SPRF-SC;DEL03-SC;UOP01-DEL03-SC;;;
737938;11/12/2025;quinta-feira;07:30:00;ES;101;256;SERRA;Acessar a via sem observar a presen�a dos outros ve�culos;Colis�o lateral mesmo sentido;Com V�timas Feridas;Pleno dia;Crescente;C�u Claro;Simples;Reta;Sim;2;0;1;0;1;0;1;2;-20,11769523;-40,31380177;SPRF-ES;DEL02-ES;UOP01-DEL02-ES;;;
737939;11/12/2025;quinta-feira;07:45:00;RS;290;96;PORTO ALEGRE;Trafegar com motocicleta (ou similar) entre as faixas;Colis�o lateral mesmo sentido;Com V�timas Feridas;Pleno dia;Crescente;Nublado;Dupla;Reta;Sim;4;0;2;0;2;0;2;3;-29,99597126;-51,20600939;SPRF-RS;DEL01-RS;UOP01-DEL01-RS;;;
737940;11/12/2025;quinta-feira;08:21:00;PB;230;23,6;JOAO PESSOA;Manobra de mudan�a de faixa;Tombamento;Com V�timas Feridas;Pleno dia;Crescente;C�u Claro;Simples;Reta;Sim;2;0;0;2;0;0;2;1;-7,16442907;-34,86238539;SPRF-PB;DEL01-PB;UOP01-DEL01-PB;;;
737941;11/12/2025;quinta-feira;07:55:00;RS;293;3,8;PELOTAS;Aus�ncia de rea��o do condutor;Engavetamento;Com V�timas Feridas;Pleno dia;Decrescente;C�u Claro;Simples;Reta;N�o;5;0;1;0;4;0;1;3;-31,73357;-52,372872;SPRF-RS;DEL07-RS;UOP01-DEL07-RS;;;
737944;11/12/2025;quinta-feira;08:15:00;GO;50;260;CATALAO;Velocidade Incompat�vel;Colis�o com objeto;Sem V�timas;Pleno dia;Crescente;Nublado;Dupla;Retorno Regulamentado;N�o;2;0;0;0;1;1;0;1;-18,03671;-47,844208;SPRF-GO;DEL06-GO;UOP01-DEL06-GO;;;
737946;11/12/2025;quinta-feira;08:00:00;SC;101;204,2;SAO JOSE;Trafegar com motocicleta (ou similar) entre as faixas;Colis�o lateral mesmo sentido;Com V�timas Feridas;Pleno dia;Crescente;C�u Claro;M�ltipla;Reta;Sim;2;0;1;0;1;0;1;2;-27,57074681;-48,61379117;SPRF-SC;DEL01-SC;UOP01-DEL01-SC;;;
737948;11/12/2025;quinta-feira;08:00:00;PE;101;57;RECIFE;Aus�ncia de rea��o do condutor;Colis�o lateral mesmo sentido;Sem V�timas;Pleno dia;Crescente;C�u Claro;Dupla;Retorno Regulamentado;N�o;1;0;0;0;1;0;0;1;-7,964744;-34,916729;SPRF-PE;DEL01-PE;UOP02-DEL01-PE;;;
737950;11/12/2025;quinta-feira;08:08:00;PR;277;111;CAMPO LARGO;Rea��o tardia ou ineficiente do condutor;Colis�o lateral mesmo sentido;Com V�timas Feridas;Pleno dia;Crescente;C�u Claro;Dupla;"Reta;Declive";N�o;3;0;0;1;2;0;1;2;-25,43387;-49,40839;SPRF-PR;DEL03-PR;UOP03-DEL03-PR;;;
737951;11/12/2025;quinta-feira;07:45:00;RS;472;517;URUGUAIANA;Demais falhas mec�nicas ou el�tricas;Inc�ndio;Sem V�timas;Pleno dia;Decrescente;C�u Claro;Simples;Reta;N�o;1;0;0;0;1;0;0;1;-29,432895;-56,68703;SPRF-RS;DEL13-RS;UOP01-DEL13-RS;;;
737952;30/11/2025;domingo;07:40:00;ES;262;58,7;MARECHAL FLORIANO;Condutor deixou de manter dist�ncia do ve�culo da frente;Colis�o traseira;Com V�timas Feridas;Pleno dia;Crescente;C�u Claro;Simples;"Reta;Rotat�ria";N�o;2;0;1;0;1;0;1;2;-20,42260556;-40,77545643;SPRF-ES;DEL01-ES;UOP01-DEL01-ES;;;
737953;11/12/2025;quinta-feira;08:40:00;RS;116;236,2;NOVO HAMBURGO;Aus�ncia de rea��o do condutor;Colis�o traseira;Sem V�timas;Pleno dia;Crescente;Sol;Simples;Reta;Sim;3;0;0;0;3;0;0;2;-29,671831;-51,143365;SPRF-RS;DEL01-RS;UOP02-DEL01-RS;;;
737955;11/12/2025;quinta-feira;07:50:00;PR;277;181,8;PALMEIRA;Ultrapassagem Indevida;Colis�o lateral sentido oposto;Com V�timas Fatais;Pleno dia;Crescente;C�u Claro;Simples;"Aclive;Reta";N�o;6;1;0;0;5;0;0;3;-25,433489;-50,049101;SPRF-PR;DEL08-PR;UOP02-DEL08-PR;;;
737956;11/12/2025;quinta-feira;08:05:00;MT;174;0;PONTES E LACERDA;Acesso irregular;Colis�o lateral mesmo sentido;Com V�timas Feridas;Pleno dia;Crescente;C�u Claro;Simples;"Reta;Interse��o de Vias";Sim;2;0;0;1;1;0;1;2;-15,2492442;-59,3232632;SPRF-MT;DEL04-MT;UOP01-DEL04-MT;;;
737958;11/12/2025;quinta-feira;09:20:00;RJ;101;268,2;RIO BONITO;Aus�ncia de rea��o do condutor;Sa�da de leito carro��vel;Com V�timas Feridas;Pleno dia;Crescente;C�u Claro;Dupla;Reta;N�o;1;0;1;0;0;0;1;1;-22,711996;-42,671244;SPRF-RJ;DEL02-RJ;UOP03-DEL02-RJ;;;
737959;11/12/2025;quinta-feira;09:10:00;RN;304;43,7;MOSSORO;Aus�ncia de rea��o do condutor;Engavetamento;Com V�timas Feridas;Pleno dia;Crescente;C�u Claro;Dupla;Retorno Regulamentado;Sim;4;0;2;0;2;0;2;3;-5,222078;-37,360126;SPRF-RN;DEL04-RN;UOP01-DEL04-RN;;;
737960;11/11/2025;ter�a-feira;09:00:00;TO;10;490;PALMAS;Demais falhas mec�nicas ou el�tricas;Tombamento;Com V�timas Feridas;Pleno dia;Decrescente;C�u Claro;Simples;Reta;N�o;16;0;3;1;12;0;4;1;-10,167065;-48,169571;SPRF-TO;DEL01-TO;UOP03-DEL01-TO;;;
737961;20/10/2025;segunda-feira;10:25:00;PR;376;179;MARINGA;Rea��o tardia ou ineficiente do condutor;Colis�o traseira;Com V�timas Feridas;Pleno dia;Crescente;Sol;Dupla;Reta;Sim;6;0;1;0;5;0;1;4;-23,42069814;-51,90887539;SPRF-PR;DEL09-PR;UOP01-DEL09-PR;;;
737962;11/12/2025;quinta-feira;10:00:00;SP;153;42,6;ONDA VERDE;Ultrapassagem Indevida;Colis�o frontal;Com V�timas Feridas;Pleno dia;Crescente;C�u Claro;Simples;Reta;N�o;4;0;0;2;2;0;2;3;-20,643131;-49,339857;SPRF-SP;DEL09-SP;UOP01-DEL09-SP;;;
737963;11/12/2025;quinta-feira;07:55:00;AC;364;128;RIO BRANCO;Ingest�o de �lcool pelo condutor;Colis�o traseira;Com V�timas Feridas;Pleno dia;Decrescente;Nublado;Simples;Reta;N�o;2;0;1;0;1;0;1;2;-10,02827316;-67,83181071;SPRF-AC;DEL01-AC;UOP01-DEL01-AC;;;
737964;11/12/2025;quinta-feira;09:00:00;MG;116;758;LEOPOLDINA;Aus�ncia de rea��o do condutor;Colis�o lateral mesmo sentido;Com V�timas Feridas;Pleno dia;Decrescente;C�u Claro;Simples;Reta;Sim;2;0;0;1;1;0;1;2;-21,51956;-42,64374;SPRF-MG;DEL07-MG;UOP01-DEL07-MG;;;
737965;11/12/2025;quinta-feira;10:15:00;BA;324;622;SALVADOR;Aus�ncia de rea��o do condutor;Queda de ocupante de ve�culo;Com V�timas Feridas;Pleno dia;Crescente;C�u Claro;M�ltipla;Reta;N�o;2;0;2;0;0;0;2;1;-12,93621797;-38,47195202;SPRF-BA;DEL01-BA;UOP01-DEL01-BA;;;
737966;11/12/2025;quinta-feira;09:10:00;DF;70;1;BRASILIA;Condutor deixou de manter dist�ncia do ve�culo da frente;Colis�o traseira;Com V�timas Feridas;Pleno dia;Decrescente;C�u Claro;Dupla;Reta;Sim;3;0;1;0;2;0;1;3;-15,79776451;-48,07134524;SPRF-DF;DEL03-DF;UOP02-DEL03-DF;;;
737967;11/12/2025;quinta-feira;07:45:00;SC;282;504,9;XANXERE;Acessar a via sem observar a presen�a dos outros ve�culos;Colis�o frontal;Com V�timas Feridas;Pleno dia;Decrescente;Nublado;M�ltipla;Reta;Sim;2;0;1;0;1;0;1;2;-26,88530149;-52,41451621;SPRF-SC;DEL07-SC;UOP01-DEL07-SC;;;
737968;11/12/2025;quinta-feira;10:50:00;RN;101;94;NATAL;Condutor deixou de manter dist�ncia do ve�culo da frente;Engavetamento;Com V�timas Feridas;Pleno dia;Decrescente;C�u Claro;Dupla;Reta;Sim;3;0;1;0;2;0;1;3;-5,82783494;-35,21052567;SPRF-RN;DEL01-RN;UOP01-DEL01-RN;;;
737971;11/12/2025;quinta-feira;09:14:00;MT;364;272;JACIARA;Acessar a via sem observar a presen�a dos outros ve�culos;Colis�o lateral mesmo sentido;Sem V�timas;Pleno dia;Decrescente;Nublado;Dupla;Curva;N�o;2;0;0;0;2;0;0;2;-15,958303;-54,972718;SPRF-MT;DEL05-MT;UOP02-DEL05-MT;;;
737972;11/12/2025;quinta-feira;09:45:00;DF;70;0,1;BRASILIA;Manobra de mudan�a de faixa;Colis�o traseira;Com V�timas Feridas;Pleno dia;Decrescente;C�u Claro;Dupla;Reta;Sim;2;0;1;0;1;0;1;2;-15,792702;-48,055168;SPRF-DF;DEL03-DF;UOP02-DEL03-DF;;;
737973;11/12/2025;quinta-feira;11:00:00;SP;153;328;SALTO GRANDE;Mal s�bito do condutor;Sa�da de leito carro��vel;Com V�timas Feridas;Pleno dia;Crescente;C�u Claro;Simples;"Declive;Reta";N�o;1;0;1;0;0;0;1;1;-22,83734143;-49,88960266;SPRF-SP;DEL07-SP;UOP03-DEL07-SP;;;
737975;29/11/2025;s�bado;19:30:00;PR;369;200;APUCARANA;Ultrapassagem Indevida;Colis�o frontal;Com V�timas Feridas;Plena Noite;Decrescente;Nublado;Simples;Curva;Sim;9;0;6;0;3;0;6;2;-23,52844486;-51,44744202;SPRF-PR;DEL07-PR;UOP03-DEL07-PR;;;
737977;11/12/2025;quinta-feira;11:00:00;SC;280;29,5;ARAQUARI;Aus�ncia de rea��o do condutor;Colis�o transversal;Com V�timas Feridas;Pleno dia;Crescente;Sol;Simples;Reta;N�o;2;0;1;0;1;0;1;2;-26,413115;-48,758337;SPRF-SC;DEL03-SC;UOP03-DEL03-SC;;;
737979;11/12/2025;quinta-feira;09:15:00;RO;364;694,1;CANDEIAS DO JAMARI;Aus�ncia de rea��o do condutor;Colis�o traseira;Sem V�timas;Pleno dia;Decrescente;C�u Claro;Simples;"Curva;Declive";N�o;2;0;0;0;2;0;0;2;-8,80029196;-63,71919807;SPRF-RO;DEL01-RO;UOP01-DEL01-RO;;;
737980;11/12/2025;quinta-feira;12:10:00;RS;290;96;PORTO ALEGRE;Aus�ncia de rea��o do condutor;Colis�o traseira;Com V�timas Feridas;Pleno dia;Crescente;C�u Claro;Dupla;Reta;Sim;2;0;1;0;1;0;1;2;-29,9871013;-51,2022754;SPRF-RS;DEL01-RS;UOP01-DEL01-RS;;;
737982;11/12/2025;quinta-feira;11:20:00;SP;116;425;JUQUIA;Rea��o tardia ou ineficiente do condutor;Tombamento;Com V�timas Feridas;Pleno dia;Decrescente;C�u Claro;Dupla;Reta;N�o;1;0;1;0;0;0;1;1;-24,38440598;-47,71506233;SPRF-SP;DEL05-SP;UOP01-DEL05-SP;;;
737985;11/12/2025;quinta-feira;12:10:00;SC;101;139;BALNEARIO CAMBORIU;Aus�ncia de rea��o do condutor;Tombamento;Com V�timas Feridas;Pleno dia;Crescente;C�u Claro;Dupla;Curva;N�o;1;0;0;1;0;0;1;1;-27,02928004;-48,60527515;SPRF-SC;DEL04-SC;UOP03-DEL04-SC;;;
737986;11/12/2025;quinta-feira;12:30:00;RJ;101;392;RIO DE JANEIRO;Avarias e/ou desgaste excessivo no pneu;Colis�o com objeto;Com V�timas Feridas;Pleno dia;Crescente;C�u Claro;Dupla;Reta;N�o;3;0;2;0;1;0;2;1;-22,890153;-43,701385;SPRF-RJ;DEL03-RJ;UOP01-DEL03-RJ;;;
737987;08/12/2025;segunda-feira;06:00:00;PR;163;267;TOLEDO;Velocidade Incompat�vel;Sa�da de leito carro��vel;Sem V�timas;Amanhecer;Crescente;C�u Claro;Dupla;Curva;N�o;1;0;0;0;0;1;0;1;-24,61560311;-53,93295463;SPRF-PR;DEL06-PR;UOP02-DEL06-PR;;;
737988;11/12/2025;quinta-feira;12:30:00;RS;116;260;CANOAS;Condutor deixou de manter dist�ncia do ve�culo da frente;Colis�o traseira;Sem V�timas;Pleno dia;Decrescente;C�u Claro;M�ltipla;Reta;N�o;2;0;0;0;2;0;0;2;-29,88651356;-51,17947698;SPRF-RS;DEL01-RS;UOP01-DEL01-RS;;;
737989;11/12/2025;quinta-feira;12:50:00;CE;116;171,6;RUSSAS;Demais falhas mec�nicas ou el�tricas;Inc�ndio;Sem V�timas;Pleno dia;Crescente;C�u Claro;Simples;Reta;N�o;1;0;0;0;1;0;0;1;-4,99579977;-38,04040862;SPRF-CE;DEL03-CE;UOP01-DEL03-CE;;;
737993;11/12/2025;quinta-feira;10:20:00;MS;267;56,8;BATAGUASSU;Demais falhas mec�nicas ou el�tricas;Inc�ndio;Sem V�timas;Pleno dia;Crescente;C�u Claro;Simples;Reta;N�o;2;0;0;0;2;0;0;1;-21,834782;-52,645851;SPRF-MS;DEL02-MS;UOP04-DEL02-MS;;;
737995;11/12/2025;quinta-feira;10:40:00;BA;110;288;INHAMBUPE;Aus�ncia de rea��o do condutor;Queda de ocupante de ve�culo;Com V�timas Feridas;Pleno dia;Crescente;C�u Claro;Simples;Curva;N�o;1;0;1;0;0;0;1;1;-11,757492;-38,328025;SPRF-BA;DEL01-BA;UOP04-DEL01-BA;;;
737997;11/12/2025;quinta-feira;14:20:00;PR;116;119;CURITIBA;Acessar a via sem observar a presen�a dos outros ve�culos;Colis�o traseira;Com V�timas Feridas;Pleno dia;Decrescente;Sol;Dupla;Declive;N�o;3;0;1;0;2;0;1;2;-25,57558169;-49,31211138;SPRF-PR;DEL01-PR;UOP03-DEL01-PR;;;
737998;11/12/2025;quinta-feira;13:10:00;GO;20;44,1;FORMOSA;Rea��o tardia ou ineficiente do condutor;Colis�o transversal;Com V�timas Fatais;Pleno dia;Decrescente;Chuva;Simples;"Curva;Declive";N�o;2;1;0;1;0;0;1;2;-15,375907;-47,100802;SPRF-DF;DEL02-DF;UOP02-DEL02-DF;;;
737999;11/12/2025;quinta-feira;14:23:00;PI;343;18;PARNAIBA;Avarias e/ou desgaste excessivo no pneu;Colis�o frontal;Com V�timas Feridas;Pleno dia;Crescente;Sol;Simples;Reta;N�o;3;0;1;2;0;0;3;2;-2,9663263;-41,76009369;SPRF-PI;DEL05-PI;UOP01-DEL05-PI;;;
738000;25/11/2025;ter�a-feira;16:30:00;BA;116;17,3;VITORIA DA CONQUISTA;Acessar a via sem observar a presen�a dos outros ve�culos;Colis�o transversal;Com V�timas Feridas;Pleno dia;Crescente;Chuva;Simples;Reta;Sim;2;0;0;1;0;1;1;2;-14,9019999;-40,84020334;SPRF-BA;DEL08-BA;UOP01-DEL08-BA;;;
738003;11/12/2025;quinta-feira;13:30:00;SC;101;98;BALNEARIO PICARRAS;Rea��o tardia ou ineficiente do condutor;Colis�o traseira;Com V�timas Feridas;Pleno dia;Crescente;Sol;Dupla;Reta;N�o;3;0;2;0;1;0;2;2;-26,74251957;-48,69803365;SPRF-SC;DEL03-SC;UOP02-DEL03-SC;;;
738004;11/12/2025;quinta-feira;09:30:00;AL;316;38,2;CANAPI;Pista esburacada;Colis�o lateral sentido oposto;Sem V�timas;Pleno dia;Crescente;C�u Claro;Simples;Reta;N�o;4;0;0;0;4;0;0;2;-9,12354742;-37,57519182;SPRF-AL;DEL03-AL;UOP02-DEL03-AL;;;
738006;21/11/2025;sexta-feira;10:30:00;RJ;101;305;SAO GONCALO;Rea��o tardia ou ineficiente do condutor;Colis�o traseira;Com V�timas Feridas;Pleno dia;Crescente;C�u Claro;Dupla;Reta;Sim;5;0;2;0;3;0;2;3;-22,78880893;-43,00473544;SPRF-RJ;DEL02-RJ;UOP02-DEL02-RJ;;;
738007;11/12/2025;quinta-feira;14:00:00;SC;163;71,5;SAO MIGUEL DO OESTE;Acessar a via sem observar a presen�a dos outros ve�culos;Colis�o transversal;Com V�timas Feridas;Pleno dia;Decrescente;C�u Claro;Dupla;"Interse��o de Vias;Retorno Regulamentado;Reta";Sim;2;0;1;0;1;0;1;2;-26,7244431;-53,51365026;SPRF-SC;DEL07-SC;UOP03-DEL07-SC;;;
738008;07/12/2025;domingo;17:50:00;BA;324;324;SALVADOR;Aus�ncia de rea��o do condutor;Colis�o lateral mesmo sentido;Com V�timas Feridas;Anoitecer;Crescente;C�u Claro;Dupla;Reta;Sim;1;0;1;0;0;0;1;1;-12,942286;-38,470359;SPRF-BA;DEL04-BA;UOP02-DEL04-BA;;;
738009;11/12/2025;quinta-feira;15:00:00;PE;101;68;RECIFE;Condutor deixou de manter dist�ncia do ve�culo da frente;Colis�o traseira;Com V�timas Feridas;Pleno dia;Decrescente;C�u Claro;Dupla;Reta;Sim;3;0;1;0;1;1;1;2;-8,0558515;-34,9461134;SPRF-PE;DEL01-PE;UOP01-DEL01-PE;;;
738013;11/12/2025;quinta-feira;15:00:00;SC;101;204,2;SAO JOSE;Acessar a via sem observar a presen�a dos outros ve�culos;Colis�o lateral mesmo sentido;Com V�timas Feridas;Pleno dia;Crescente;C�u Claro;M�ltipla;Reta;Sim;2;0;1;0;1;0;1;2;-27,57613154;-48,61376166;SPRF-SC;DEL01-SC;UOP01-DEL01-SC;;;
738015;11/12/2025;quinta-feira;15:15:00;BA;324;622;SALVADOR;Frear bruscamente;Queda de ocupante de ve�culo;Com V�timas Feridas;Pleno dia;Decrescente;C�u Claro;Dupla;Curva;N�o;2;0;2;0;0;0;2;1;-12,93293411;-38,47140167;SPRF-BA;DEL01-BA;UOP01-DEL01-BA;;;
738016;11/12/2025;quinta-feira;14:25:00;PI;316;45;LAGOA DO PIAUI;Condutor deixou de manter dist�ncia do ve�culo da frente;Colis�o traseira;Com V�timas Feridas;Pleno dia;Crescente;Sol;Simples;Reta;N�o;3;0;2;0;1;0;2;2;-5,463785;-42,635663;SPRF-PI;DEL01-PI;UOP02-DEL01-PI;;;
738018;11/12/2025;quinta-feira;14:40:00;MG;40;39;PARACATU;Acessar a via sem observar a presen�a dos outros ve�culos;Colis�o transversal;Sem V�timas;Pleno dia;Decrescente;Nublado;Simples;"Interse��o de Vias;Retorno Regulamentado;Rotat�ria";Sim;2;0;0;0;2;0;0;2;-17,210461;-46,874783;SPRF-MG;DEL14-MG;UOP01-DEL14-MG;;;
738019;11/12/2025;quinta-feira;15:40:00;SE;101;93,6;NOSSA SENHORA DO SOCORRO;Rea��o tardia ou ineficiente do condutor;Colis�o traseira;Com V�timas Feridas;Pleno dia;Crescente;C�u Claro;Dupla;Curva;Sim;3;0;1;0;1;1;1;3;-10,90458;-37,148757;SPRF-SE;DEL01-SE;UOP01-DEL01-SE;;;
738021;11/12/2025;quinta-feira;12:25:00;PR;476;341;PAULA FREITAS;Demais falhas mec�nicas ou el�tricas;Inc�ndio;Sem V�timas;Pleno dia;Crescente;Sol;Simples;Reta;N�o;1;0;0;0;1;0;0;1;-26,16068311;-50,88589669;SPRF-PR;DEL02-PR;UOP03-DEL02-PR;;;
738023;11/12/2025;quinta-feira;16:40:00;SC;101;214;PALHOCA;Demais falhas mec�nicas ou el�tricas;Queda de ocupante de ve�culo;Com V�timas Feridas;Pleno dia;Crescente;Sol;M�ltipla;Reta;Sim;2;0;0;2;0;0;2;1;-27,6446277;-48,6714221;SPRF-SC;DEL01-SC;UOP02-DEL01-SC;;;
738024;11/12/2025;quinta-feira;16:35:00;SC;101;211,8;PALHOCA;Trafegar com motocicleta (ou similar) entre as faixas;Colis�o lateral mesmo sentido;Com V�timas Feridas;Pleno dia;Decrescente;Sol;M�ltipla;Reta;Sim;4;0;2;0;2;0;2;3;-27,62897019;-48,65756448;SPRF-SC;DEL01-SC;UOP02-DEL01-SC;;;
738026;11/12/2025;quinta-feira;16:30:00;RJ;116;202;QUEIMADOS;Condutor deixou de manter dist�ncia do ve�culo da frente;Colis�o traseira;Com V�timas Feridas;Pleno dia;Decrescente;C�u Claro;Dupla;Reta;N�o;3;0;3;0;0;0;3;2;-22,73073345;-43,61464826;SPRF-RJ;DEL06-RJ;UOP02-DEL06-RJ;;;
738027;11/12/2025;quinta-feira;16:08:00;MS;163;823;SONORA;Demais falhas na via;Tombamento;Com V�timas Feridas;Pleno dia;Decrescente;Nublado;Dupla;Reta;N�o;1;0;1;0;0;0;1;1;-17,716;-54,754;SPRF-MS;DEL06-MS;UOP01-DEL06-MS;;;