id;data_inversa;dia_semana;horario;uf;br;km;municipio;causa_acidente;tipo_acidente;classificacao_acidente;fase_dia;sentido_via;condicao_metereologica;tipo_pista;tracado_via;uso_solo;pessoas;mortos;feridos_leves;feridos_graves;ilesos;ignorados;feridos;veiculos;latitude;longitude;regional;delegacia;uop;;;
738154;12/12/2025;sexta-feira;07:10:00;RS;448;22;CANOAS;Aus�ncia de rea��o do condutor;Colis�o traseira;Com V�timas Feridas;Pleno dia;Decrescente;C�u Claro;M�ltipla;Reta;N�o;3;0;1;0;1;1;1;2;-29,95207987;-51,20302375;SPRF-RS;DEL01-RS;UOP01-DEL01-RS;;;
738155;12/12/2025;sexta-feira;07:11:00;RO;364;716;PORTO VELHO;Condutor deixou de manter dist�ncia do ve�culo da frente;Colis�o traseira;Sem V�timas;Pleno dia;Crescente;C�u Claro;Simples;Curva;Sim;2;0;0;0;2;0;0;2;-8,79128931;-63,90347354;SPRF-RO;DEL01-RO;UOP01-DEL01-RO;;;
738156;12/12/2025;sexta-feira;07:30:00;PA;230;122;MARABA;Acessar a via sem observar a presen�a dos outros ve�culos;Colis�o transversal;Com V�timas Feridas;Pleno dia;Decrescente;C�u Claro;Dupla;Interse��o de Vias;Sim;4;0;2;0;2;0;2;3;-5,3673326;-49,1273694;SPRF-PA;DEL03-PA;UOP01-DEL03-PA;;;
738158;12/12/2025;sexta-feira;07:00:00;GO;60;384;RIO VERDE;Aus�ncia de rea��o do condutor;Colis�o traseira;Com V�timas Feridas;Pleno dia;Crescente;C�u Claro;Dupla;Reta;N�o;2;0;1;0;1;0;1;2;-17,80561325;-50,92291832;SPRF-GO;DEL04-GO;UOP02-DEL04-GO;;;
738160;12/12/2025;sexta-feira;07:16:00;RJ;40;111;DUQUE DE CAXIAS;Rea��o tardia ou ineficiente do condutor;Colis�o lateral mesmo sentido;Com V�timas Feridas;Pleno dia;Decrescente;C�u Claro;M�ltipla;Reta;N�o;2;0;1;0;1;0;1;2;-22,696527;-43,288627;SPRF-RJ;DEL01-RJ;UOP02-DEL01-RJ;;;
738161;12/12/2025;sexta-feira;08:20:00;PA;316;61;CASTANHAL;Rea��o tardia ou ineficiente do condutor;Tombamento;Com V�timas Feridas;Pleno dia;Decrescente;C�u Claro;Dupla;Curva;Sim;2;0;1;0;1;0;1;2;-1,296913;-47,945354;SPRF-PA;DEL01-PA;UOP01-DEL01-PA;;;
738162;12/12/2025;sexta-feira;08:20:00;MG;40;43;PARACATU;Acessar a via sem observar a presen�a dos outros ve�culos;Colis�o transversal;Com V�timas Feridas;Pleno dia;Decrescente;C�u Claro;Simples;"Reta;Aclive";Sim;2;0;1;0;1;0;1;2;-17,22794984;-46,8587908;SPRF-MG;DEL14-MG;UOP01-DEL14-MG;;;
738166;12/12/2025;sexta-feira;07:30:00;MS;262;240;RIBAS DO RIO PARDO;Acessar a via sem observar a presen�a dos outros ve�culos;Colis�o transversal;Com V�timas Feridas;Pleno dia;Decrescente;Sol;Simples;Interse��o de Vias;Sim;3;0;1;0;2;0;1;2;-20,45758454;-53,76985788;SPRF-MS;DEL01-MS;UOP05-DEL01-MS;;;
738169;27/11/2025;quinta-feira;07:40:00;RJ;116;170;SAO JOAO DE MERITI;Condutor deixou de manter dist�ncia do ve�culo da frente;Colis�o traseira;Com V�timas Feridas;Pleno dia;Decrescente;C�u Claro;M�ltipla;Reta;N�o;2;0;1;0;0;1;1;2;-22,80172584;-43,34994256;SPRF-RJ;DEL06-RJ;UOP01-DEL06-RJ;;;
738171;12/12/2025;sexta-feira;06:45:00;RJ;393;235;VASSOURAS;Pedestre cruzava a pista fora da faixa;Atropelamento de Pedestre;Com V�timas Feridas;Pleno dia;Crescente;C�u Claro;Simples;Reta;Sim;2;0;0;1;1;0;1;2;-22,4138379;-43,6761698;SPRF-RJ;DEL05-RJ;UOP03-DEL05-RJ;;;
738172;12/12/2025;sexta-feira;09:30:00;SP;381;56;MAIRIPORA;Manobra de mudan�a de faixa;Colis�o traseira;Com V�timas Feridas;Pleno dia;Crescente;Nublado;Dupla;"Reta;Aclive";N�o;4;0;1;0;3;0;1;4;-23,27505319;-46,58588156;SPRF-SP;DEL03-SP;UOP01-DEL03-SP;;;
738173;12/12/2025;sexta-feira;08:45:00;GO;40;12,7;LUZIANIA;Ingest�o de subst�ncias psicoativas pelo condutor;Colis�o transversal;Sem V�timas;Pleno dia;Decrescente;Sol;Dupla;"Reta;Retorno Regulamentado";Sim;2;0;0;0;2;0;0;2;-16,15003;-47,94033;SPRF-DF;DEL01-DF;UOP01-DEL01-DF;;;
738175;12/12/2025;sexta-feira;08:00:00;PR;277;594,9;CASCAVEL;Aus�ncia de rea��o do condutor;Colis�o traseira;Com V�timas Feridas;Pleno dia;Crescente;Chuva;Simples;"Aclive;Reta";Sim;2;0;0;1;0;1;1;2;-24,98098741;-53,48015652;SPRF-PR;DEL04-PR;UOP01-DEL04-PR;;;
738176;12/12/2025;sexta-feira;08:10:00;BA;101;535;SAO JOSE DA VITORIA;Aus�ncia de rea��o do condutor;Sa�da de leito carro��vel;Com V�timas Feridas;Pleno dia;Decrescente;C�u Claro;Simples;Curva;N�o;3;0;1;0;2;0;1;1;-15,03879684;-39,33096886;SPRF-BA;DEL05-BA;UOP01-DEL05-BA;;;
738177;12/12/2025;sexta-feira;10:10:00;ES;262;90;DOMINGOS MARTINS;Rea��o tardia ou ineficiente do condutor;Colis�o transversal;Com V�timas Feridas;Pleno dia;Crescente;C�u Claro;Simples;Reta;Sim;3;0;0;1;1;1;1;3;-20,3808;-41,026;SPRF-ES;DEL01-ES;UOP02-DEL01-ES;;;
738178;28/11/2025;sexta-feira;13:30:00;SC;101;207;SAO JOSE;Manobra de mudan�a de faixa;Colis�o traseira;Com V�timas Feridas;Pleno dia;Decrescente;C�u Claro;Dupla;Reta;Sim;2;0;1;0;0;1;1;2;-27,6022603;-48,6274365;SPRF-SC;DEL01-SC;UOP01-DEL01-SC;;;
738182;12/12/2025;sexta-feira;10:30:00;SP;116;302;SAO LOURENCO DA SERRA;Rea��o tardia ou ineficiente do condutor;Sa�da de leito carro��vel;Com V�timas Feridas;Pleno dia;Crescente;C�u Claro;Dupla;"Curva;Declive";N�o;2;0;1;0;0;1;1;2;-23,81174699;-46,92317295;SPRF-SP;DEL04-SP;UOP01-DEL04-SP;;;
738184;12/12/2025;sexta-feira;10:30:00;SP;116;91,8;PINDAMONHANGABA;Aus�ncia de rea��o do condutor;Colis�o traseira;Com V�timas Feridas;Pleno dia;Decrescente;Sol;M�ltipla;Reta;Sim;5;0;1;0;4;0;1;2;-22,950886;-45,401764;SPRF-SP;DEL08-SP;UOP01-DEL08-SP;;;
738185;12/12/2025;sexta-feira;10:15:00;PE;428;187;PETROLINA;Aus�ncia de rea��o do condutor;Colis�o com objeto;Sem V�timas;Pleno dia;Decrescente;C�u Claro;Dupla;Reta;Sim;1;0;0;0;0;1;0;1;-9,371155;-40,486077;SPRF-PE;DEL06-PE;UOP01-DEL06-PE;;;
738187;12/12/2025;sexta-feira;09:56:00;SC;163;72,3;SAO MIGUEL DO OESTE;Manobra de mudan�a de faixa;Colis�o traseira;Com V�timas Feridas;Pleno dia;Decrescente;Garoa/Chuvisco;Dupla;"Reta;Interse��o de Vias";Sim;2;0;1;0;1;0;1;2;-26,71810436;-53,51614086;SPRF-SC;DEL07-SC;UOP03-DEL07-SC;;;
738188;12/12/2025;sexta-feira;10:50:00;RN;226;3,9;NATAL;Acessar a via sem observar a presen�a dos outros ve�culos;Colis�o transversal;Com V�timas Feridas;Pleno dia;Crescente;C�u Claro;Simples;Reta;Sim;2;0;1;0;1;0;1;2;-5,82005766;-35,2570045;SPRF-RN;DEL01-RN;UOP02-DEL01-RN;;;
738189;12/12/2025;sexta-feira;11:35:00;PE;101;67;RECIFE;Condutor deixou de manter dist�ncia do ve�culo da frente;Colis�o traseira;Com V�timas Feridas;Pleno dia;Crescente;C�u Claro;Dupla;Reta;Sim;2;0;1;0;1;0;1;2;-8,0481438;-34,94524992;SPRF-PE;DEL01-PE;UOP01-DEL01-PE;;;
738190;12/12/2025;sexta-feira;11:01:00;TO;226;15;PALMEIRAS DO TOCANTINS;Aus�ncia de rea��o do condutor;Colis�o traseira;Com V�timas Feridas;Pleno dia;Crescente;Nublado;Simples;Reta;N�o;4;0;1;0;3;0;1;2;-6,6234507;-47,5758234;SPRF-TO;DEL02-TO;UOP03-DEL02-TO;;;
738192;12/12/2025;sexta-feira;11:40:00;RJ;101;320;NITEROI;Aus�ncia de rea��o do condutor;Capotamento;Com V�timas Feridas;Pleno dia;Crescente;C�u Claro;Dupla;Curva;N�o;2;0;1;1;0;0;2;1;-22,86808113;-43,11065221;SPRF-RJ;DEL02-RJ;UOP01-DEL02-RJ;;;
738194;12/12/2025;sexta-feira;10:05:00;RO;319;144;PORTO VELHO;Rea��o tardia ou ineficiente do condutor;Engavetamento;Sem V�timas;Pleno dia;Crescente;C�u Claro;Dupla;Reta;Sim;3;0;0;0;3;0;0;3;-8,7636464;-63,88504975;SPRF-RO;DEL01-RO;UOP01-DEL01-RO;;;
738195;12/12/2025;sexta-feira;11:55:00;PE;232;8;RECIFE;Rea��o tardia ou ineficiente do condutor;Colis�o lateral mesmo sentido;Com V�timas Feridas;Pleno dia;Decrescente;C�u Claro;Dupla;Reta;Sim;3;0;2;0;1;0;2;2;-8,07606;-34,97039;SPRF-PE;DEL01-PE;UOP01-DEL01-PE;;;
738196;05/12/2025;sexta-feira;15:39:00;RJ;116;175;RIO DE JANEIRO;Condutor deixou de manter dist�ncia do ve�culo da frente;Colis�o lateral mesmo sentido;Com V�timas Feridas;Pleno dia;Crescente;C�u Claro;Dupla;Reta;Sim;3;0;1;0;2;0;1;2;-22,81226365;-43,36784363;SPRF-RJ;DEL06-RJ;UOP01-DEL06-RJ;;;
738197;12/12/2025;sexta-feira;10:20:00;MG;262;430,6;NOVA SERRANA;Manobra de mudan�a de faixa;Colis�o lateral mesmo sentido;Com V�timas Feridas;Pleno dia;Decrescente;Sol;Dupla;Reta;N�o;2;0;1;0;0;1;1;2;-19,88208;-44,90726;SPRF-MG;DEL08-MG;UOP03-DEL08-MG;;;
738198;12/12/2025;sexta-feira;08:08:00;RJ;393;105;SAPUCAIA;Acessar a via sem observar a presen�a dos outros ve�culos;Colis�o transversal;Com V�timas Feridas;Pleno dia;Decrescente;C�u Claro;Simples;Reta;N�o;2;0;1;1;0;0;2;2;-21,877551;-42,672557;SPRF-RJ;DEL05-RJ;UOP01-DEL05-RJ;;;
738199;12/12/2025;sexta-feira;11:55:00;MG;381;518,5;IGARAPE;Velocidade Incompat�vel;Sa�da de leito carro��vel;Com V�timas Feridas;Pleno dia;Crescente;C�u Claro;Dupla;"Aclive;Reta";N�o;1;0;1;0;0;0;1;1;-20,111;-44,321;SPRF-MG;DEL01-MG;UOP03-DEL01-MG;;;
738201;12/12/2025;sexta-feira;12:30:00;PA;230;117;MARABA;Acessar a via sem observar a presen�a dos outros ve�culos;Colis�o lateral mesmo sentido;Com V�timas Feridas;Pleno dia;Decrescente;C�u Claro;Dupla;"Reta;Declive";Sim;3;0;1;1;1;0;2;2;-5,3532248;-49,0941423;SPRF-PA;DEL03-PA;UOP01-DEL03-PA;;;
738203;12/12/2025;sexta-feira;08:40:00;SC;470;6;NAVEGANTES;Manobra de mudan�a de faixa;Colis�o lateral mesmo sentido;Com V�timas Feridas;Pleno dia;Crescente;C�u Claro;Dupla;Reta;Sim;2;0;1;0;1;0;1;2;-26,85364994;-48,70732181;SPRF-SC;DEL04-SC;UOP04-DEL04-SC;;;
738207;12/12/2025;sexta-feira;12:00:00;SP;116;110,4;TAUBATE;Avarias e/ou desgaste excessivo no pneu;Tombamento;Com V�timas Feridas;Pleno dia;Crescente;Nublado;Dupla;Reta;Sim;2;0;2;0;0;0;2;1;-23,03642241;-45,5562765;SPRF-SP;DEL02-SP;UOP02-DEL02-SP;;;
738208;12/12/2025;sexta-feira;12:50:00;ES;101;148,5;LINHARES;Aus�ncia de rea��o do condutor;Colis�o traseira;Com V�timas Feridas;Pleno dia;Crescente;C�u Claro;Dupla;Reta;Sim;2;0;0;1;1;0;1;2;-19,39058308;-40,06761074;SPRF-ES;DEL04-ES;UOP01-DEL04-ES;;;
738209;12/12/2025;sexta-feira;10:09:00;MG;262;746;SACRAMENTO;Aus�ncia de rea��o do condutor;Sa�da de leito carro��vel;Com V�timas Feridas;Pleno dia;Crescente;C�u Claro;Simples;Reta;N�o;1;0;1;0;0;0;1;1;-19,658458;-47,571037;SPRF-MG;DEL13-MG;UOP01-DEL13-MG;;;
738211;12/12/2025;sexta-feira;13:40:00;ES;262;54,5;MARECHAL FLORIANO;Convers�o proibida;Colis�o transversal;Com V�timas Feridas;Pleno dia;Crescente;C�u Claro;Simples;Reta;N�o;3;0;0;1;2;0;1;2;-20,41142805;-40,74691772;SPRF-ES;DEL01-ES;UOP01-DEL01-ES;;;
738212;12/12/2025;sexta-feira;13:06:00;PB;101;82;BAYEUX;Rea��o tardia ou ineficiente do condutor;Colis�o traseira;Com V�timas Feridas;Pleno dia;Decrescente;C�u Claro;Dupla;Reta;Sim;3;0;1;0;1;1;1;2;-7,12993553;-34,93592262;SPRF-PB;DEL01-PB;UOP01-DEL01-PB;;;
738214;12/12/2025;sexta-feira;11:00:00;PR;376;432,5;TIBAGI;Chuva;Colis�o com objeto;Com V�timas Feridas;Pleno dia;Crescente;Chuva;Dupla;"Declive;Curva";N�o;2;0;1;0;1;0;1;1;-24,798066;-50,49449;SPRF-PR;DEL03-PR;UOP02-DEL03-PR;;;
738215;12/12/2025;sexta-feira;12:00:00;PR;373;258;PRUDENTOPOLIS;Pista Escorregadia;Sa�da de leito carro��vel;Com V�timas Feridas;Pleno dia;Decrescente;Chuva;Simples;Curva;N�o;1;0;0;1;0;0;1;1;-25,1885693;-50,8984952;SPRF-PR;DEL08-PR;UOP01-DEL08-PR;;;
738216;28/09/2025;domingo;04:30:00;PR;277;610,4;SANTA TEREZA DO OESTE;Rea��o tardia ou ineficiente do condutor;Colis�o traseira;Sem V�timas;Plena Noite;Decrescente;Nublado;Simples;Reta;Sim;6;0;0;0;6;0;0;3;-25,05136167;-53,62358093;SPRF-PR;DEL05-PR;UOP02-DEL05-PR;;;
738219;12/12/2025;sexta-feira;13:13:00;TO;10;445;PALMAS;Rea��o tardia ou ineficiente do condutor;Colis�o traseira;Com V�timas Feridas;Pleno dia;Crescente;C�u Claro;Simples;Reta;N�o;4;0;0;1;3;0;1;3;-10,382576;-48,304572;SPRF-TO;DEL01-TO;UOP03-DEL01-TO;;;
738220;12/12/2025;sexta-feira;12:50:00;PB;230;7,6;CABEDELO;Rea��o tardia ou ineficiente do condutor;Colis�o traseira;Sem V�timas;Pleno dia;Crescente;C�u Claro;M�ltipla;Reta;N�o;3;0;0;0;1;2;0;2;-7,030788;-34,840613;SPRF-PB;DEL01-PB;UOP01-DEL01-PB;;;
738221;12/12/2025;sexta-feira;13:50:00;RS;290;55,3;GLORINHA;Aus�ncia de rea��o do condutor;Sa�da de leito carro��vel;Com V�timas Feridas;Pleno dia;Crescente;C�u Claro;Dupla;Reta;N�o;4;0;4;0;0;0;4;1;-29,913964;-50,812181;SPRF-RS;DEL03-RS;UOP01-DEL03-RS;;;
738222;19/07/2025;s�bado;20:00:00;ES;259;70;COLATINA;Ingest�o de �lcool pelo condutor;Sa�da de leito carro��vel;Com V�timas Feridas;Plena Noite;Decrescente;C�u Claro;Simples;Reta;N�o;1;0;1;0;0;0;1;1;-19,49634034;-40,76209813;SPRF-ES;DEL02-ES;UOP01-DEL02-ES;;;
738223;12/12/2025;sexta-feira;12:20:00;GO;60;268;JANDAIA;Avarias e/ou desgaste excessivo no pneu;Sa�da de leito carro��vel;Com V�timas Feridas;Pleno dia;Crescente;C�u Claro;Dupla;Reta;N�o;3;0;3;0;0;0;3;1;-17,206355;-50,11406;SPRF-GO;DEL01-GO;UOP02-DEL01-GO;;;
738225;12/12/2025;sexta-feira;13:10:00;MG;262;40,4;MANHUACU;Desrespeitar a prefer�ncia no cruzamento;Colis�o transversal;Com V�timas Feridas;Pleno dia;Decrescente;C�u Claro;Simples;"Interse��o de Vias;Declive;Reta";N�o;2;0;1;0;1;0;1;2;-20,271326;-42,065644;SPRF-MG;DEL06-MG;UOP03-DEL06-MG;;;
738226;12/12/2025;sexta-feira;11:45:00;RS;116;116;SAO MARCOS;Rea��o tardia ou ineficiente do condutor;Colis�o traseira;Com V�timas Feridas;Pleno dia;Crescente;C�u Claro;Simples;Reta;N�o;2;0;1;0;1;0;1;2;-28,96512865;-51,07468542;SPRF-RS;DEL05-RS;UOP01-DEL05-RS;;;
738227;12/12/2025;sexta-feira;13:55:00;SP;116;144,2;SAO JOSE DOS CAMPOS;Aus�ncia de rea��o do condutor;Colis�o com objeto;Com V�timas Feridas;Pleno dia;Decrescente;Nublado;M�ltipla;"Em Obras;Reta";N�o;3;0;1;0;2;0;1;2;-23,18236;-45,84556;SPRF-SP;DEL02-SP;UOP01-DEL02-SP;;;
738228;12/12/2025;sexta-feira;13:00:00;PE;101;99,1;CABO DE SANTO AGOSTINHO;Acessar a via sem observar a presen�a dos outros ve�culos;Colis�o transversal;Com V�timas Fatais;Pleno dia;Decrescente;Nublado;Dupla;"Declive;Reta";N�o;2;1;0;0;0;1;0;2;-8,26025;-35,04632;SPRF-PE;DEL01-PE;UOP03-DEL01-PE;;;
738229;12/12/2025;sexta-feira;08:30:00;RJ;493;12;GUAPIMIRIM;Condutor deixou de manter dist�ncia do ve�culo da frente;Colis�o traseira;Com V�timas Feridas;Pleno dia;Decrescente;C�u Claro;Simples;Reta;N�o;2;0;1;0;0;1;1;2;-22,6815591;-42,96594143;SPRF-RJ;DEL04-RJ;UOP02-DEL04-RJ;;;
738230;12/12/2025;sexta-feira;14:30:00;DF;20;31;BRASILIA;Chuva;Sa�da de leito carro��vel;Com V�timas Feridas;Pleno dia;Decrescente;Chuva;Dupla;Reta;N�o;3;0;3;0;0;0;3;1;-15,58350106;-47,55360604;SPRF-DF;DEL02-DF;UOP01-DEL02-DF;;;
738234;12/12/2025;sexta-feira;15:04:00;RJ;465;2;SEROPEDICA;Convers�o proibida;Colis�o transversal;Com V�timas Feridas;Pleno dia;Crescente;C�u Claro;Simples;Reta;Sim;2;0;0;1;1;0;1;2;-22,729547;-43,717012;SPRF-RJ;DEL06-RJ;UOP02-DEL06-RJ;;;
738236;12/12/2025;sexta-feira;13:45:00;PR;376;486;PONTA GROSSA;Rea��o tardia ou ineficiente do condutor;Queda de ocupante de ve�culo;Com V�timas Feridas;Pleno dia;Decrescente;Chuva;Dupla;Reta;N�o;2;0;2;0;0;0;2;1;-25,1162133;-50,1893299;SPRF-PR;DEL03-PR;UOP04-DEL03-PR;;;
738237;12/12/2025;sexta-feira;09:00:00;PR;376;370;ORTIGUEIRA;Aus�ncia de rea��o do condutor;Colis�o com objeto;Com V�timas Feridas;Pleno dia;Crescente;Chuva;Dupla;Ponte;N�o;3;0;1;0;2;0;1;1;-24,362563;-50,808792;SPRF-PR;DEL07-PR;UOP02-DEL07-PR;;;
738239;12/12/2025;sexta-feira;15:00:00;SC;101;133;BALNEARIO CAMBORIU;Entrada inopinada do pedestre;Atropelamento de Pedestre;Com V�timas Feridas;Pleno dia;Crescente;Nublado;Dupla;Reta;Sim;2;0;1;0;1;0;1;2;-27,00435598;-48,63500476;SPRF-SC;DEL04-SC;UOP03-DEL04-SC;;;
738241;12/12/2025;sexta-feira;14:10:00;PR;376;441;TIBAGI;Velocidade Incompat�vel;Sa�da de leito carro��vel;Com V�timas Feridas;Pleno dia;Crescente;Garoa/Chuvisco;Dupla;Curva;N�o;2;0;1;0;1;0;1;1;-24,85665;-50,45887;SPRF-PR;DEL03-PR;UOP02-DEL03-PR;;;
738242;12/12/2025;sexta-feira;14:45:00;ES;259;53,6;COLATINA;Manobra de mudan�a de faixa;Colis�o lateral mesmo sentido;Com V�timas Feridas;Pleno dia;Crescente;Chuva;Simples;"Aclive;Reta";N�o;2;0;1;0;1;0;1;2;-19,49692;-40,63928;SPRF-ES;DEL02-ES;UOP01-DEL02-ES;;;
738243;12/12/2025;sexta-feira;14:50:00;PB;101;68;SANTA RITA;Demais falhas mec�nicas ou el�tricas;Colis�o com objeto;Com V�timas Feridas;Pleno dia;Decrescente;C�u Claro;Dupla;Curva;N�o;3;0;2;0;1;0;2;1;-7,05601;-35,02915;SPRF-PB;DEL01-PB;UOP03-DEL01-PB;;;
738244;12/12/2025;sexta-feira;11:22:00;AC;364;123;RIO BRANCO;Rea��o tardia ou ineficiente do condutor;Engavetamento;Com V�timas Feridas;Plena Noite;Decrescente;Nublado;Simples;Reta;N�o;3;0;1;0;2;0;1;3;-10,011723;-67,785574;SPRF-AC;DEL01-AC;UOP01-DEL01-AC;;;
738245;12/12/2025;sexta-feira;13:59:00;PE;101;57,5;RECIFE;Acessar a via sem observar a presen�a dos outros ve�culos;Colis�o lateral mesmo sentido;Com V�timas Feridas;Pleno dia;Decrescente;C�u Claro;Dupla;Aclive;N�o;2;0;1;0;0;1;1;2;-7,968138;-34,918788;SPRF-PE;DEL01-PE;UOP02-DEL01-PE;;;
738246;24/11/2025;segunda-feira;21:10:00;SC;116;63;PAPANDUVA;Rea��o tardia ou ineficiente do condutor;Capotamento;Com V�timas Feridas;Plena Noite;Decrescente;Nublado;Simples;Reta;N�o;1;0;1;0;0;0;1;1;-26,38781872;-50,22288859;SPRF-SC;DEL06-SC;UOP02-DEL06-SC;;;
738248;12/12/2025;sexta-feira;15:57:00;SP;116;210;GUARULHOS;Rea��o tardia ou ineficiente do condutor;Colis�o com objeto;Com V�timas Feridas;Pleno dia;Decrescente;C�u Claro;Dupla;Reta;Sim;1;0;1;0;0;0;1;1;-23,43107958;-46,41608782;SPRF-SP;DEL01-SP;UOP01-DEL01-SP;;;
738250;12/12/2025;sexta-feira;14:00:00;MG;50;36;ARAGUARI;Velocidade Incompat�vel;Colis�o com objeto;Com V�timas Feridas;Pleno dia;Decrescente;Nublado;M�ltipla;Reta;Sim;2;0;1;0;1;0;1;1;-18,65571231;-48,14908504;SPRF-MG;DEL15-MG;UOP02-DEL15-MG;;;
738251;12/12/2025;sexta-feira;11:45:00;RO;364;14;VILHENA;Desrespeitar a prefer�ncia no cruzamento;Colis�o transversal;Com V�timas Feridas;Pleno dia;Decrescente;Chuva;Dupla;Rotat�ria;Sim;2;0;1;0;1;0;1;2;-12,73918736;-60,1391995;SPRF-RO;DEL04-RO;UOP01-DEL04-RO;;;
738252;12/12/2025;sexta-feira;15:40:00;RJ;40;36,5;AREAL;Animais na Pista;Sa�da de leito carro��vel;Com V�timas Feridas;Pleno dia;Decrescente;C�u Claro;Dupla;Reta;N�o;2;0;1;0;1;0;1;1;-22,22114;-43,12721;SPRF-RJ;DEL05-RJ;UOP02-DEL05-RJ;;;
738253;12/12/2025;sexta-feira;14:10:00;PR;369;483;CORBELIA;Chuva;Colis�o com objeto;Com V�timas Feridas;Pleno dia;Crescente;Chuva;Dupla;Reta;Sim;2;0;2;0;0;0;2;1;-24,77837257;-53,29194427;SPRF-PR;DEL04-PR;UOP03-DEL04-PR;;;
738255;12/12/2025;sexta-feira;14:50:00;MA;316;598,8;TIMON;Rea��o tardia ou ineficiente do condutor;Colis�o traseira;Com V�timas Feridas;Pleno dia;Crescente;Nublado;Simples;Reta;N�o;6;0;3;0;3;0;3;3;-5,021692;-42,966038;SPRF-MA;DEL03-MA;UOP02-DEL03-MA;;;
738257;12/12/2025;sexta-feira;14:00:00;PI;316;13;TERESINA;Condutor deixou de manter dist�ncia do ve�culo da frente;Colis�o traseira;Com V�timas Feridas;Pleno dia;Crescente;Sol;M�ltipla;Reta;Sim;2;0;1;0;1;0;1;2;-5,20974631;-42,7553983;SPRF-PI;DEL01-PI;UOP02-DEL01-PI;;;
738259;12/12/2025;sexta-feira;13:50:00;MG;116;411;GOVERNADOR VALADARES;Condutor Dormindo;Colis�o frontal;Com V�timas Feridas;Pleno dia;Crescente;Nublado;Simples;Reta;Sim;2;0;0;1;1;0;1;2;-18,86920344;-41,97138973;SPRF-MG;DEL06-MG;UOP01-DEL06-MG;;;
738260;12/12/2025;sexta-feira;14:10:00;BA;367;28;PORTO SEGURO;Condutor Dormindo;Colis�o lateral sentido oposto;Com V�timas Feridas;Pleno dia;Crescente;C�u Claro;Simples;Curva;Sim;2;0;0;1;1;0;1;2;-16,4044346;-39,17539051;SPRF-BA;DEL09-BA;UOP03-DEL09-BA;;;
738262;12/12/2025;sexta-feira;12:30:00;RS;116;244;NOVO HAMBURGO;Animais na Pista;Atropelamento de Animal;Com V�timas Feridas;Pleno dia;Decrescente;C�u Claro;M�ltipla;Reta;N�o;1;0;1;0;0;0;1;1;-29,71349292;-51,14754486;SPRF-RS;DEL01-RS;UOP02-DEL01-RS;;;
738263;12/12/2025;sexta-feira;16:10:00;RJ;116;79;TERESOPOLIS;Aus�ncia de rea��o do condutor;Colis�o lateral mesmo sentido;Com V�timas Feridas;Pleno dia;Crescente;C�u Claro;Simples;Reta;N�o;3;0;0;1;2;0;1;3;-22,377268;-42,9521;SPRF-RJ;DEL04-RJ;UOP01-DEL04-RJ;;;
738265;12/12/2025;sexta-feira;16:27:00;ES;262;16,5;VIANA;Condutor deixou de manter dist�ncia do ve�culo da frente;Colis�o traseira;Com V�timas Feridas;Pleno dia;Crescente;Nublado;Simples;Reta;N�o;2;0;1;0;1;0;1;2;-20,384519;-40,468403;SPRF-ES;DEL01-ES;UOP01-DEL01-ES;;;
738268;12/12/2025;sexta-feira;15:00:00;SP;116;505;CAJATI;Chuva;Sa�da de leito carro��vel;Com V�timas Feridas;Pleno dia;Crescente;Chuva;M�ltipla;"Curva;Declive";N�o;2;0;1;0;0;1;1;1;-24,77885671;-48,21176022;SPRF-SP;DEL05-SP;UOP02-DEL05-SP;;;
738269;12/12/2025;sexta-feira;15:01:00;PR;376;366;ORTIGUEIRA;Rea��o tardia ou ineficiente do condutor;Colis�o frontal;Com V�timas Feridas;Pleno dia;Crescente;Chuva;Simples;Curva;N�o;3;0;1;2;0;0;3;2;-24,336548;-50,833803;SPRF-PR;DEL07-PR;UOP02-DEL07-PR;;;
738271;12/12/2025;sexta-feira;12:40:00;RJ;40;66;PETROPOLIS;Aus�ncia de rea��o do condutor;Colis�o traseira;Com V�timas Feridas;Pleno dia;Decrescente;C�u Claro;Simples;Reta;N�o;2;0;1;0;1;0;1;2;-22,28540731;-43,12068821;SPRF-RJ;DEL05-RJ;UOP02-DEL05-RJ;;;
738273;12/12/2025;sexta-feira;15:40:00;SP;116;564;BARRA DO TURVO;Chuva;Capotamento;Com V�timas Feridas;Pleno dia;Decrescente;Chuva;Dupla;Curva;N�o;2;0;2;0;0;0;2;1;-25,02889042;-48,52634177;SPRF-SP;DEL05-SP;UOP02-DEL05-SP;;;
738274;12/12/2025;sexta-feira;16:30:00;BA;101;663;ITAPEBI;Rea��o tardia ou ineficiente do condutor;Tombamento;Com V�timas Feridas;Pleno dia;Crescente;C�u Claro;Simples;Reta;N�o;1;0;1;0;0;0;1;1;-15,965874;-39,560201;SPRF-BA;DEL09-BA;UOP03-DEL09-BA;;;
738276;12/12/2025;sexta-feira;13:32:00;RO;364;346;JI-PARANA;Acessar a via sem observar a presen�a dos outros ve�culos;Colis�o lateral mesmo sentido;Com V�timas Feridas;Pleno dia;Decrescente;C�u Claro;Simples;"Interse��o de Vias;Reta";Sim;2;0;1;0;1;0;1;2;-10,86006312;-61,97735008;SPRF-RO;DEL02-RO;UOP01-DEL02-RO;;;
738277;12/12/2025;sexta-feira;14:00:00;MA;135;12;SAO LUIS;Rea��o tardia ou ineficiente do condutor;Colis�o traseira;Com V�timas Feridas;Pleno dia;Decrescente;C�u Claro;Dupla;"Reta;Declive";Sim;4;0;1;0;3;0;1;2;-2,68401743;-44,29659516;SPRF-MA;DEL01-MA;UOP01-DEL01-MA;;;