id;data_inversa;dia_semana;horario;uf;br;km;municipio;causa_acidente;tipo_acidente;classificacao_acidente;fase_dia;sentido_via;condicao_metereologica;tipo_pista;tracado_via;uso_solo;pessoas;mortos;feridos_leves;feridos_graves;ilesos;ignorados;feridos;veiculos;latitude;longitude;regional;delegacia;uop;;;
738393;13/12/2025;s�bado;00:30:00;PR;376;482;PONTA GROSSA;Ingest�o de �lcool pelo condutor;Sa�da de leito carro��vel;Com V�timas Feridas;Plena Noite;Crescente;Nevoeiro/Neblina;Dupla;Declive;Sim;1;0;1;0;0;0;1;1;-25,09873005;-50,19719688;SPRF-PR;DEL03-PR;UOP01-DEL03-PR;;;
738394;13/12/2025;s�bado;02:35:00;RS;386;247;SOLEDADE;Ingest�o de �lcool pelo condutor;Colis�o lateral sentido oposto;Sem V�timas;Plena Noite;Crescente;C�u Claro;Simples;"Reta;Em Obras";Sim;5;0;0;0;5;0;0;2;-28,812035;-52,49636;SPRF-RS;DEL04-RS;UOP03-DEL04-RS;;;
738396;13/12/2025;s�bado;01:50:00;DF;70;6,7;BRASILIA;Ingest�o de �lcool pelo condutor;Colis�o traseira;Com V�timas Feridas;Plena Noite;Crescente;C�u Claro;Dupla;Reta;Sim;4;0;1;1;1;1;2;3;-15,78629096;-48,1178234;SPRF-DF;DEL03-DF;UOP02-DEL03-DF;;;
738397;13/12/2025;s�bado;02:53:00;GO;60;96;ANAPOLIS;Aus�ncia de rea��o do condutor;Queda de ocupante de ve�culo;Com V�timas Feridas;Plena Noite;Crescente;Ignorado;Dupla;Reta;Sim;1;0;1;0;0;0;1;1;-16,36738;-48,93871;SPRF-GO;DEL02-GO;UOP01-DEL02-GO;;;
738400;13/12/2025;s�bado;03:15:00;RS;116;658;JAGUARAO;Aus�ncia de rea��o do condutor;Colis�o transversal;Com V�timas Feridas;Plena Noite;Crescente;C�u Claro;Simples;"Reta;Interse��o de Vias";Sim;3;0;2;0;0;1;2;2;-32,560133;-53,38471111;SPRF-RS;DEL07-RS;UOP03-DEL07-RS;;;
738401;13/12/2025;s�bado;03:15:00;SC;101;282,5;IMBITUBA;Aus�ncia de rea��o do condutor;Queda de ocupante de ve�culo;Com V�timas Feridas;Plena Noite;Crescente;C�u Claro;Dupla;Reta;N�o;1;0;0;1;0;0;1;1;-28,21818;-48,700508;SPRF-SC;DEL02-SC;UOP03-DEL02-SC;;;
738403;13/12/2025;s�bado;01:00:00;MS;163;83;ITAQUIRAI;Aus�ncia de rea��o do condutor;Sa�da de leito carro��vel;Com V�timas Feridas;Plena Noite;Crescente;Nublado;Simples;Reta;N�o;1;0;1;0;0;0;1;1;-23,4265;-54,2066;SPRF-MS;DEL09-MS;UOP01-DEL09-MS;;;
738407;13/12/2025;s�bado;03:20:00;MT;364;397;CUIABA;Acumulo de areia ou detritos sobre o pavimento;Queda de ocupante de ve�culo;Com V�timas Feridas;Plena Noite;Crescente;Garoa/Chuvisco;Dupla;"Reta;Retorno Regulamentado";Sim;1;0;0;1;0;0;1;1;-15,66602909;-55,96076489;SPRF-MT;DEL01-MT;UOP02-DEL01-MT;;;
738409;13/12/2025;s�bado;04:20:00;PI;343;47,6;BURITI DOS LOPES;Ingest�o de �lcool pelo condutor;Colis�o transversal;Com V�timas Feridas;Pleno dia;Decrescente;C�u Claro;Simples;Reta;Sim;2;0;0;1;1;0;1;2;-3,17289;-41,866688;SPRF-PI;DEL05-PI;UOP01-DEL05-PI;;;
738410;13/12/2025;s�bado;04:40:00;SC;101;209,6;SAO JOSE;Rea��o tardia ou ineficiente do condutor;Sa�da de leito carro��vel;Com V�timas Feridas;Amanhecer;Crescente;C�u Claro;Dupla;"Curva;Interse��o de Vias";Sim;3;0;2;0;0;1;2;1;-27,61417446;-48,64327518;SPRF-SC;DEL01-SC;UOP01-DEL01-SC;;;
738411;13/12/2025;s�bado;04:30:00;PR;467;108;CASCAVEL;Condutor Dormindo;Colis�o traseira;Com V�timas Feridas;Plena Noite;Crescente;Nublado;Simples;"Aclive;Reta";Sim;2;0;0;1;1;0;1;2;-24,92504493;-53,46114635;SPRF-PR;DEL04-PR;UOP01-DEL04-PR;;;
738413;13/12/2025;s�bado;03:40:00;PI;230;310;FLORIANO;Aus�ncia de rea��o do condutor;Tombamento;Com V�timas Fatais;Plena Noite;Crescente;C�u Claro;Simples;Reta;Sim;2;1;0;0;0;1;0;2;-6,764432;-43,00992;SPRF-PI;DEL03-PI;UOP01-DEL03-PI;;;
738415;13/12/2025;s�bado;04:50:00;PI;343;340;TERESINA;Condutor Dormindo;Sa�da de leito carro��vel;Sem V�timas;Amanhecer;Decrescente;C�u Claro;Dupla;Reta;Sim;3;0;0;0;2;1;0;2;-5,07476571;-42,73693353;SPRF-PI;DEL01-PI;UOP01-DEL01-PI;;;
738416;13/12/2025;s�bado;04:00:00;PR;376;604;CURITIBA;Condutor Dormindo;Sa�da de leito carro��vel;Com V�timas Fatais;Plena Noite;Crescente;Nublado;Dupla;Reta;N�o;1;1;0;0;0;0;0;1;-25,534972;-49,31631;SPRF-PR;DEL01-PR;UOP03-DEL01-PR;;;
738418;13/12/2025;s�bado;04:10:00;RS;287;363,5;JAGUARI;Rea��o tardia ou ineficiente do condutor;Sa�da de leito carro��vel;Com V�timas Feridas;Plena Noite;Decrescente;C�u Claro;Simples;Curva;N�o;1;0;1;0;0;0;1;1;-29,46014411;-54,72110331;SPRF-RS;DEL12-RS;UOP02-DEL12-RS;;;
738419;13/12/2025;s�bado;05:10:00;PR;153;470;PORTO VITORIA;Pista Escorregadia;Sa�da de leito carro��vel;Com V�timas Feridas;Amanhecer;Decrescente;Garoa/Chuvisco;Simples;Curva;N�o;2;0;2;0;0;0;2;1;-26,2962741;-51,2069308;SPRF-PR;DEL02-PR;UOP03-DEL02-PR;;;
738420;13/12/2025;s�bado;04:15:00;SP;116;447;REGISTRO;Aus�ncia de rea��o do condutor;Capotamento;Com V�timas Feridas;Amanhecer;Decrescente;Nublado;Dupla;Reta;N�o;3;0;2;0;0;1;2;1;-24,51388;-47,850802;SPRF-SP;DEL05-SP;UOP01-DEL05-SP;;;
738422;12/12/2025;sexta-feira;23:00:00;SC;470;0,2;GASPAR;Convers�o proibida;Colis�o lateral sentido oposto;Com V�timas Feridas;Plena Noite;Crescente;C�u Claro;Simples;Reta;Sim;2;0;1;0;1;0;1;2;-26,91393;-48,96011;SPRF-SC;DEL04-SC;UOP01-DEL04-SC;;;
738423;13/12/2025;s�bado;04:05:00;MS;262;297;CAMPO GRANDE;Aus�ncia de rea��o do condutor;Sa�da de leito carro��vel;Com V�timas Fatais;Plena Noite;Decrescente;Nublado;Simples;Curva;N�o;1;1;0;0;0;0;0;1;-20,507861;-54,276604;SPRF-MS;DEL01-MS;UOP05-DEL01-MS;;;
738424;13/12/2025;s�bado;05:00:00;RJ;101;484;ANGRA DOS REIS;Rea��o tardia ou ineficiente do condutor;Colis�o com objeto;Com V�timas Feridas;Amanhecer;Crescente;Chuva;Simples;Reta;Sim;2;0;2;0;0;0;2;1;-22,9896212;-44,30377431;SPRF-RJ;DEL03-RJ;UOP03-DEL03-RJ;;;
738425;12/12/2025;sexta-feira;19:00:00;MG;40;485;SETE LAGOAS;Ingest�o de �lcool pelo condutor;Queda de ocupante de ve�culo;Com V�timas Feridas;Plena Noite;Decrescente;Nublado;Dupla;"Reta;Declive;Retorno Regulamentado";N�o;1;0;1;0;0;0;1;1;-19,582;-44,229;SPRF-MG;DEL02-MG;UOP01-DEL02-MG;;;
738426;13/12/2025;s�bado;05:50:00;SP;116;161;JACAREI;Ingest�o de �lcool pelo condutor;Colis�o com objeto;Com V�timas Feridas;Pleno dia;Decrescente;Chuva;M�ltipla;Reta;Sim;2;0;1;1;0;0;2;1;-23,27253481;-45,97003308;SPRF-SP;DEL02-SP;UOP01-DEL02-SP;;;
738427;13/12/2025;s�bado;06:20:00;BA;101;264;SANTO ANTONIO DE JESUS;Rea��o tardia ou ineficiente do condutor;Queda de ocupante de ve�culo;Com V�timas Feridas;Pleno dia;Decrescente;C�u Claro;Simples;"Reta;Declive";Sim;1;0;1;0;0;0;1;1;-12,9830652;-39,2882354;SPRF-BA;DEL01-BA;UOP02-DEL01-BA;;;
738429;12/12/2025;sexta-feira;13:30:00;RJ;354;12;RESENDE;Rea��o tardia ou ineficiente do condutor;Sa�da de leito carro��vel;Com V�timas Feridas;Pleno dia;Crescente;C�u Claro;Simples;"Curva;Declive";N�o;4;0;0;3;1;0;3;1;-22,42451705;-44,7416389;SPRF-RJ;DEL07-RJ;UOP02-DEL07-RJ;;;
738431;13/12/2025;s�bado;05:50:00;PI;343;337,5;TERESINA;Transitar no Acostamento;Colis�o lateral mesmo sentido;Sem V�timas;Amanhecer;Crescente;C�u Claro;M�ltipla;Reta;N�o;2;0;0;0;2;0;0;2;-5,06263398;-42,72002645;SPRF-PI;DEL01-PI;UOP01-DEL01-PI;;;
738432;13/12/2025;s�bado;04:00:00;GO;60;381;RIO VERDE;Rea��o tardia ou ineficiente do condutor;Sa�da de leito carro��vel;Sem V�timas;Plena Noite;Decrescente;Nublado;Dupla;Reta;Sim;1;0;0;0;1;0;0;1;-17,78984072;-50,90593457;SPRF-GO;DEL04-GO;UOP02-DEL04-GO;;;
738433;13/12/2025;s�bado;05:40:00;CE;116;22,5;AQUIRAZ;Velocidade Incompat�vel;Queda de ocupante de ve�culo;Com V�timas Feridas;Pleno dia;Decrescente;C�u Claro;Dupla;Reta;Sim;2;0;1;0;1;0;1;1;-3,94701731;-38,51108193;SPRF-CE;DEL01-CE;UOP02-DEL01-CE;;;
738434;12/12/2025;sexta-feira;21:15:00;PR;116;26;CAMPINA GRANDE DO SUL;Chuva;Colis�o lateral mesmo sentido;Sem V�timas;Plena Noite;Decrescente;Chuva;Dupla;Curva;N�o;4;0;0;0;4;0;0;2;-25,11219748;-48,77876759;SPRF-PR;DEL01-PR;UOP02-DEL01-PR;;;
738435;28/09/2025;domingo;06:00:00;RS;116;302;GUAIBA;Aus�ncia de rea��o do condutor;Sa�da de leito carro��vel;Sem V�timas;Pleno dia;Crescente;C�u Claro;Simples;Reta;Sim;1;0;0;0;1;0;0;1;-30,17110353;-51,38780737;SPRF-RS;DEL02-RS;UOP01-DEL02-RS;;;
738436;13/12/2025;s�bado;02:45:00;RJ;493;62;NOVA IGUACU;Aus�ncia de rea��o do condutor;Queda de ocupante de ve�culo;Com V�timas Feridas;Plena Noite;Decrescente;Chuva;Dupla;Reta;N�o;1;0;1;0;0;0;1;1;-22,68429782;-43,44812392;SPRF-RJ;DEL01-RJ;UOP03-DEL01-RJ;;;
738438;13/12/2025;s�bado;06:20:00;MG;381;717;CARMO DA CACHOEIRA;Chuva;Sa�da de leito carro��vel;Com V�timas Feridas;Pleno dia;Crescente;Chuva;Dupla;Curva;N�o;3;0;1;0;2;0;1;1;-21,403928;-45,210931;SPRF-MG;DEL04-MG;UOP02-DEL04-MG;;;
738439;13/12/2025;s�bado;07:00:00;SP;116;217;GUARULHOS;Trafegar com motocicleta (ou similar) entre as faixas;Colis�o lateral mesmo sentido;Com V�timas Feridas;Pleno dia;Decrescente;Chuva;M�ltipla;"Aclive;Reta";Sim;2;0;1;0;1;0;1;2;-23,45339347;-46,46959003;SPRF-SP;DEL01-SP;UOP01-DEL01-SP;;;
738440;13/12/2025;s�bado;06:15:00;PB;230;333;PATOS;Acessar a via sem observar a presen�a dos outros ve�culos;Colis�o transversal;Com V�timas Feridas;Pleno dia;Crescente;Sol;Simples;"Interse��o de Vias;Reta";Sim;2;0;0;1;1;0;1;2;-7,0120824;-37,26766258;SPRF-PB;DEL03-PB;UOP01-DEL03-PB;;;
738442;13/12/2025;s�bado;05:40:00;MA;135;17;SAO LUIS;Ingest�o de �lcool pelo condutor;Colis�o frontal;Com V�timas Feridas;Amanhecer;Crescente;C�u Claro;Simples;Reta;N�o;2;0;0;1;1;0;1;2;-2,55383;-44,352387;SPRF-MA;DEL01-MA;UOP01-DEL01-MA;;;
738443;13/12/2025;s�bado;05:20:00;SC;101;126;ITAJAI;Condutor Dormindo;Sa�da de leito carro��vel;Sem V�timas;Amanhecer;Decrescente;C�u Claro;Simples;Retorno Regulamentado;Sim;1;0;0;0;0;1;0;1;-26,96566846;-48,68311822;SPRF-SC;DEL04-SC;UOP04-DEL04-SC;;;
738445;13/12/2025;s�bado;04:30:00;SC;470;139;RIO DO SUL;Aus�ncia de rea��o do condutor;Colis�o traseira;Com V�timas Feridas;Pleno dia;Decrescente;C�u Claro;Simples;Reta;Sim;2;0;1;0;1;0;1;2;-27,19667715;-49,62728111;SPRF-SC;DEL04-SC;UOP02-DEL04-SC;;;
738446;13/12/2025;s�bado;05:40:00;MG;50;182;UBERABA;Ingest�o de �lcool pelo condutor;Colis�o com objeto;Com V�timas Feridas;Amanhecer;Crescente;Nublado;Dupla;Reta;Sim;1;0;1;0;0;0;1;1;-19,79704935;-47,90959731;SPRF-MG;DEL13-MG;UOP01-DEL13-MG;;;
738447;13/12/2025;s�bado;06:40:00;MG;381;444,6;SABARA;Aus�ncia de rea��o do condutor;Colis�o traseira;Com V�timas Feridas;Pleno dia;Decrescente;C�u Claro;Simples;Reta;Sim;2;0;1;0;1;0;1;2;-19,83482;-43,85451;SPRF-MG;DEL01-MG;UOP01-DEL01-MG;;;
738448;13/12/2025;s�bado;06:11:00;TO;153;86;WANDERLANDIA;Aus�ncia de rea��o do condutor;Sa�da de leito carro��vel;Com V�timas Fatais;Pleno dia;Crescente;Nublado;Simples;Curva;N�o;1;1;0;0;0;0;0;1;-6,805562;-47,989527;SPRF-TO;DEL02-TO;UOP01-DEL02-TO;;;
738449;13/12/2025;s�bado;07:05:00;RJ;40;43;AREAL;Aus�ncia de rea��o do condutor;Sa�da de leito carro��vel;Com V�timas Feridas;Pleno dia;Decrescente;C�u Claro;Dupla;Curva;N�o;2;0;1;0;1;0;1;1;-22,26672086;-43,10937755;SPRF-RJ;DEL05-RJ;UOP02-DEL05-RJ;;;
738451;13/12/2025;s�bado;08:05:00;PE;101;65,4;RECIFE;Aus�ncia de rea��o do condutor;Colis�o traseira;Com V�timas Feridas;Pleno dia;Decrescente;C�u Claro;M�ltipla;Reta;Sim;2;0;1;0;1;0;1;2;-8,030456;-34,942907;SPRF-PE;DEL01-PE;UOP01-DEL01-PE;;;
738453;13/12/2025;s�bado;08:00:00;SP;116;225;GUARULHOS;Chuva;Tombamento;Com V�timas Feridas;Pleno dia;Crescente;Chuva;M�ltipla;"Reta;Aclive";Sim;2;0;1;1;0;0;2;1;-23,4902344;-46,54932079;SPRF-SP;DEL01-SP;UOP01-DEL01-SP;;;
738455;12/12/2025;sexta-feira;23:57:00;MG;381;544;ITATIAIUCU;Chuva;Sa�da de leito carro��vel;Sem V�timas;Plena Noite;Decrescente;Chuva;M�ltipla;"Declive;Curva";N�o;1;0;0;0;0;1;0;1;-20,24923298;-44,41167355;SPRF-MG;DEL04-MG;UOP03-DEL04-MG;;;
738456;12/12/2025;sexta-feira;10:55:00;MS;60;439;SIDROLANDIA;Animais na Pista;Atropelamento de Animal;Com V�timas Feridas;Pleno dia;Crescente;Nublado;Simples;Curva;N�o;2;0;0;2;0;0;2;2;-20,976066;-55,04413883;SPRF-MS;DEL01-MS;UOP04-DEL01-MS;;;
738458;13/12/2025;s�bado;07:35:00;MG;262;352;BETIM;Aus�ncia de rea��o do condutor;Sa�da de leito carro��vel;Com V�timas Feridas;Pleno dia;Decrescente;Nublado;Dupla;Curva;N�o;2;0;2;0;0;0;2;1;-19,98391595;-44,2428875;SPRF-MG;DEL01-MG;UOP03-DEL01-MG;;;
738460;13/12/2025;s�bado;08:25:00;PI;316;11,2;TERESINA;Acumulo de �leo sobre o pavimento;Tombamento;Com V�timas Feridas;Pleno dia;Decrescente;Nublado;M�ltipla;Rotat�ria;Sim;1;0;0;1;0;0;1;1;-5,190762;-42,760885;SPRF-PI;DEL01-PI;UOP02-DEL01-PI;;;
738461;13/12/2025;s�bado;06:54:00;MA;10;255,5;IMPERATRIZ;Condutor deixou de manter dist�ncia do ve�culo da frente;Engavetamento;Sem V�timas;Pleno dia;Decrescente;Nublado;Simples;Reta;Sim;4;0;0;0;4;0;0;3;-5,510176;-47,471776;SPRF-MA;DEL04-MA;UOP01-DEL04-MA;;;
738462;13/12/2025;s�bado;08:20:00;SE;101;56,5;ROSARIO DO CATETE;Acessar a via sem observar a presen�a dos outros ve�culos;Colis�o frontal;Com V�timas Feridas;Pleno dia;Decrescente;C�u Claro;Simples;Curva;N�o;7;0;6;0;1;0;6;2;-10,69097217;-37,03697205;SPRF-SE;DEL02-SE;UOP02-DEL02-SE;;;
738463;13/12/2025;s�bado;08:00:00;BA;324;540;AMELIA RODRIGUES;Condutor deixou de manter dist�ncia do ve�culo da frente;Engavetamento;Com V�timas Feridas;Pleno dia;Decrescente;Chuva;Dupla;Reta;N�o;4;0;1;0;3;0;1;3;-12,391107;-38,78234;SPRF-BA;DEL01-BA;UOP03-DEL01-BA;;;
738466;13/12/2025;s�bado;08:40:00;PA;230;621;ALTAMIRA;Avarias e/ou desgaste excessivo no pneu;Tombamento;Com V�timas Feridas;Pleno dia;Decrescente;Nublado;Simples;Reta;N�o;2;0;2;0;0;0;2;1;-3,17238;-52,14601;SPRF-PA;DEL04-PA;UOP01-DEL04-PA;;;
738471;13/12/2025;s�bado;08:40:00;RJ;40;106;DUQUE DE CAXIAS;Aus�ncia de rea��o do condutor;Colis�o transversal;Com V�timas Feridas;Pleno dia;Decrescente;C�u Claro;Dupla;Reta;N�o;2;0;1;0;1;0;1;2;-22,65718554;-43,28262024;SPRF-RJ;DEL01-RJ;UOP02-DEL01-RJ;;;
738472;13/12/2025;s�bado;08:40:00;RJ;116;232,7;PIRAI;Pista Escorregadia;Colis�o lateral mesmo sentido;Com V�timas Feridas;Pleno dia;Decrescente;Chuva;Dupla;"Curva;Declive";N�o;2;0;1;0;1;0;1;2;-22,6697483;-43,8373433;SPRF-RJ;DEL07-RJ;UOP01-DEL07-RJ;;;
738473;13/12/2025;s�bado;07:45:00;MG;381;921,3;CAMANDUCAIA;Velocidade Incompat�vel;Tombamento;Com V�timas Feridas;Pleno dia;Crescente;Chuva;Dupla;"Declive;Curva";N�o;27;0;7;0;20;0;7;1;-22,76317706;-46,17112605;SPRF-MG;DEL16-MG;UOP03-DEL16-MG;;;
738474;13/12/2025;s�bado;08:10:00;MT;174;289;PONTES E LACERDA;Aus�ncia de rea��o do condutor;Sa�da de leito carro��vel;Sem V�timas;Pleno dia;Decrescente;C�u Claro;Simples;"Retorno Regulamentado;Reta";Sim;2;0;0;0;2;0;0;1;-15,24197741;-59,31472236;SPRF-MT;DEL04-MT;UOP01-DEL04-MT;;;
738475;13/12/2025;s�bado;08:00:00;PR;376;238;APUCARANA;Rea��o tardia ou ineficiente do condutor;Colis�o lateral mesmo sentido;Com V�timas Feridas;Pleno dia;Crescente;Garoa/Chuvisco;Dupla;"Curva;Aclive";N�o;5;0;4;0;1;0;4;3;-23,58555511;-51,47520825;SPRF-PR;DEL07-PR;UOP03-DEL07-PR;;;
738476;13/12/2025;s�bado;10:00:00;SP;381;74;SAO PAULO;Demais falhas mec�nicas ou el�tricas;Colis�o com objeto;Com V�timas Feridas;Pleno dia;Crescente;Nublado;M�ltipla;Curva;N�o;1;0;1;0;0;0;1;1;-23,36727696;-46,55275536;SPRF-SP;DEL03-SP;UOP01-DEL03-SP;;;
738478;13/12/2025;s�bado;08:45:00;SC;101;197;BIGUACU;Rea��o tardia ou ineficiente do condutor;Queda de ocupante de ve�culo;Com V�timas Feridas;Pleno dia;Decrescente;C�u Claro;Dupla;Curva;N�o;1;0;1;0;0;0;1;1;-27,51524544;-48,63934692;SPRF-SC;DEL01-SC;UOP01-DEL01-SC;;;
738479;13/12/2025;s�bado;09:15:00;MG;381;411,9;CAETE;Avarias e/ou desgaste excessivo no pneu;Tombamento;Com V�timas Feridas;Pleno dia;Crescente;Nublado;Dupla;"Reta;Declive";N�o;2;0;2;0;0;0;2;1;-19,743567;-43,615085;SPRF-MG;DEL01-MG;UOP01-DEL01-MG;;;
738480;13/12/2025;s�bado;10:15:00;PR;277;663,5;MATELANDIA;Manobra de mudan�a de faixa;Colis�o traseira;Com V�timas Feridas;Pleno dia;Crescente;C�u Claro;Dupla;Reta;Sim;4;0;2;2;0;0;4;2;-25,251846;-54,005176;SPRF-PR;DEL05-PR;UOP02-DEL05-PR;;;
738483;10/11/2025;segunda-feira;11:00:00;MT;70;264;PRIMAVERA DO LESTE;Rea��o tardia ou ineficiente do condutor;Sa�da de leito carro��vel;Com V�timas Feridas;Pleno dia;Crescente;Nublado;Simples;Reta;N�o;1;0;1;0;0;0;1;1;-15,5713362;-54,19134736;SPRF-MT;DEL05-MT;UOP01-DEL05-MT;;;
738487;13/12/2025;s�bado;10:40:00;SC;101;118;ITAJAI;Aus�ncia de rea��o do condutor;Tombamento;Com V�timas Feridas;Plena Noite;Crescente;C�u Claro;M�ltipla;Reta;Sim;1;0;0;1;0;0;1;1;-26,89249969;-48,7200737;SPRF-SC;DEL04-SC;UOP04-DEL04-SC;;;
738489;13/12/2025;s�bado;09:20:00;GO;40;121,5;CRISTALINA;Acumulo de �gua sobre o pavimento;Sa�da de leito carro��vel;Com V�timas Feridas;Pleno dia;Crescente;Chuva;Dupla;Curva;N�o;4;0;1;1;2;0;2;1;-16,86578;-47,411326;SPRF-DF;DEL01-DF;UOP02-DEL01-DF;;;
738490;13/12/2025;s�bado;07:50:00;PR;376;616,9;SAO JOSE DOS PINHAIS;Rea��o tardia ou ineficiente do condutor;Sa�da de leito carro��vel;Sem V�timas;Pleno dia;Decrescente;Nublado;M�ltipla;Reta;N�o;1;0;0;0;1;0;0;1;-25,58853487;-49,17203397;SPRF-PR;DEL01-PR;UOP04-DEL01-PR;;;
738491;13/12/2025;s�bado;10:35:00;PB;101;69,6;SANTA RITA;Manobra de mudan�a de faixa;Colis�o traseira;Com V�timas Feridas;Pleno dia;Decrescente;C�u Claro;Dupla;Reta;N�o;5;0;0;2;3;0;2;4;-7,06215292;-35,01632363;SPRF-PB;DEL01-PB;UOP03-DEL01-PB;;;
738493;13/12/2025;s�bado;09:40:00;MA;135;12,7;SAO LUIS;Pedestre cruzava a pista fora da faixa;Atropelamento de Pedestre;Com V�timas Feridas;Pleno dia;Crescente;C�u Claro;Dupla;Reta;Sim;2;0;0;1;1;0;1;2;-2,6880698;-44,2998792;SPRF-MA;DEL01-MA;UOP01-DEL01-MA;;;
738495;13/12/2025;s�bado;10:00:00;MG;354;711,9;CAXAMBU;Aus�ncia de rea��o do condutor;Colis�o frontal;Com V�timas Feridas;Pleno dia;Decrescente;Chuva;Simples;"Curva;Declive";N�o;6;0;6;0;0;0;6;2;-22,044623;-44,926552;SPRF-MG;DEL17-MG;UOP01-DEL17-MG;;;
738496;13/12/2025;s�bado;11:20:00;PR;369;146,6;LONDRINA;Manobra de mudan�a de faixa;Colis�o lateral mesmo sentido;Com V�timas Feridas;Pleno dia;Decrescente;Nublado;Dupla;Reta;Sim;2;0;1;0;1;0;1;2;-23,29316505;-51,1267647;SPRF-PR;DEL07-PR;UOP01-DEL07-PR;;;
738497;13/12/2025;s�bado;11:40:00;SP;381;57;MAIRIPORA;Rea��o tardia ou ineficiente do condutor;Engavetamento;Sem V�timas;Pleno dia;Decrescente;C�u Claro;Dupla;Reta;N�o;3;0;0;0;2;1;0;3;-23,2688689;-46,5839459;SPRF-SP;DEL03-SP;UOP01-DEL03-SP;;;
738499;13/12/2025;s�bado;08:17:00;TO;153;773;ALVORADA;Condutor Dormindo;Capotamento;Com V�timas Feridas;Pleno dia;Decrescente;C�u Claro;Simples;Reta;N�o;3;0;1;0;2;0;1;1;-12,58635;-49,07452;SPRF-TO;DEL01-TO;UOP02-DEL01-TO;;;
738500;13/12/2025;s�bado;10:10:00;RS;116;209,4;MORRO REUTER;Rea��o tardia ou ineficiente do condutor;Colis�o lateral sentido oposto;Com V�timas Feridas;Pleno dia;Crescente;C�u Claro;Simples;Curva;N�o;2;0;1;0;1;0;1;2;-29,52155162;-51,08590476;SPRF-RS;DEL05-RS;UOP02-DEL05-RS;;;
738501;13/12/2025;s�bado;11:50:00;MG;153;45;CANAPOLIS;Aus�ncia de rea��o do condutor;Sa�da de leito carro��vel;Com V�timas Feridas;Pleno dia;Crescente;Chuva;Dupla;"Reta;Declive";N�o;1;0;1;0;0;0;1;1;-18,77992008;-49,0784537;SPRF-MG;DEL15-MG;UOP03-DEL15-MG;;;
738503;12/12/2025;sexta-feira;21:50:00;PR;376;443;TIBAGI;Velocidade Incompat�vel;Sa�da de leito carro��vel;Com V�timas Feridas;Plena Noite;Crescente;Garoa/Chuvisco;Dupla;"Declive;Curva";N�o;2;0;2;0;0;0;2;1;-24,87651079;-50,44298315;SPRF-PR;DEL03-PR;UOP02-DEL03-PR;;;
738504;13/12/2025;s�bado;07:00:00;PR;153;185;TIBAGI;Demais falhas mec�nicas ou el�tricas;Inc�ndio;Sem V�timas;Amanhecer;Crescente;Nublado;Simples;Reta;N�o;1;0;0;0;0;1;0;1;-24,47168172;-50,44475555;SPRF-PR;DEL03-PR;UOP02-DEL03-PR;;;
738506;13/12/2025;s�bado;12:10:00;SP;116;149;SAO JOSE DOS CAMPOS;Rea��o tardia ou ineficiente do condutor;Engavetamento;Com V�timas Feridas;Pleno dia;Decrescente;Nublado;M�ltipla;"Aclive;Reta";Sim;3;0;0;1;2;0;1;3;-23,2009191;-45,87959752;SPRF-SP;DEL02-SP;UOP01-DEL02-SP;;;
738507;13/12/2025;s�bado;09:40:00;MG;381;794,7;SAO GONCALO DO SAPUCAI;Avarias e/ou desgaste excessivo no pneu;Sa�da de leito carro��vel;Com V�timas Feridas;Pleno dia;Crescente;Chuva;Dupla;Reta;N�o;2;0;1;0;1;0;1;1;-21,91055982;-45,57283401;SPRF-MG;DEL16-MG;UOP02-DEL16-MG;;;
738508;13/12/2025;s�bado;08:30:00;MA;222;209,3;ITAPECURU MIRIM;Convers�o proibida;Tombamento;Com V�timas Feridas;Pleno dia;Decrescente;C�u Claro;Simples;Reta;Sim;5;0;1;0;4;0;1;2;-3,3822896;-44,3721965;SPRF-MA;DEL01-MA;UOP02-DEL01-MA;;;
738509;13/12/2025;s�bado;11:50:00;PR;376;653,6;TIJUCAS DO SUL;Rea��o tardia ou ineficiente do condutor;Tombamento;Com V�timas Feridas;Pleno dia;Decrescente;Nublado;Dupla;Curva;N�o;2;0;2;0;0;0;2;1;-25,84094911;-49,04772934;SPRF-PR;DEL01-PR;UOP04-DEL01-PR;;;
738511;13/12/2025;s�bado;10:30:00;SC;101;317;PESCARIA BRAVA;Demais falhas mec�nicas ou el�tricas;Tombamento;Com V�timas Feridas;Pleno dia;Decrescente;Sol;Dupla;Curva;Sim;2;0;2;0;0;0;2;1;-28,43007604;-48,87252895;SPRF-SC;DEL02-SC;UOP01-DEL02-SC;;;
738512;13/12/2025;s�bado;09:00:00;MG;381;924,4;CAMANDUCAIA;Velocidade Incompat�vel;Sa�da de leito carro��vel;Sem V�timas;Pleno dia;Crescente;Chuva;Dupla;Curva;N�o;1;0;0;0;0;1;0;1;-22,7700283;-46,1941004;SPRF-MG;DEL16-MG;UOP03-DEL16-MG;;;
738513;13/12/2025;s�bado;08:10:00;MG;365;333,6;JOAO PINHEIRO;Chuva;Sa�da de leito carro��vel;Com V�timas Feridas;Pleno dia;Crescente;Chuva;Simples;Reta;N�o;5;0;2;0;3;0;2;1;-18,31598;-45,97775;SPRF-MG;DEL10-MG;UOP01-DEL10-MG;;;
738516;13/12/2025;s�bado;11:50:00;RJ;393;279;BARRA DO PIRAI;Rea��o tardia ou ineficiente do condutor;Colis�o transversal;Com V�timas Feridas;Pleno dia;Decrescente;Chuva;Simples;Reta;N�o;2;0;1;0;1;0;1;2;-22,478877;-44,045684;SPRF-RJ;DEL05-RJ;UOP04-DEL05-RJ;;;