id;data_inversa;dia_semana;horario;uf;br;km;municipio;causa_acidente;tipo_acidente;classificacao_acidente;fase_dia;sentido_via;condicao_metereologica;tipo_pista;tracado_via;uso_solo;pessoas;mortos;feridos_leves;feridos_graves;ilesos;ignorados;feridos;veiculos;latitude;longitude;regional;delegacia;uop;;;
738517;13/12/2025;s�bado;10:50:00;AC;364;124;RIO BRANCO;Desrespeitar a prefer�ncia no cruzamento;Colis�o transversal;Com V�timas Feridas;Pleno dia;Decrescente;C�u Claro;Dupla;Rotat�ria;Sim;3;0;1;0;2;0;1;2;-10,0114745;-67,7984333;SPRF-AC;DEL01-AC;UOP01-DEL01-AC;;;
738518;13/12/2025;s�bado;12:20:00;RN;101;84,5;NATAL;Pedestre cruzava a pista fora da faixa;Atropelamento de Pedestre;Com V�timas Feridas;Pleno dia;Decrescente;Sol;Dupla;Interse��o de Vias;Sim;2;0;1;0;1;0;1;2;-5,77531;-35,25363;SPRF-RN;DEL02-RN;UOP01-DEL02-RN;;;
738522;13/12/2025;s�bado;13:35:00;RJ;101;65;CAMPOS DOS GOYTACAZES;Chuva;Tombamento;Com V�timas Feridas;Pleno dia;Decrescente;Garoa/Chuvisco;Dupla;"Reta;Interse��o de Vias";Sim;1;0;1;0;0;0;1;1;-21,756888;-41,348108;SPRF-RJ;DEL08-RJ;UOP02-DEL08-RJ;;;
738523;13/12/2025;s�bado;12:00:00;RJ;101;498;ANGRA DOS REIS;Acessar a via sem observar a presen�a dos outros ve�culos;Colis�o transversal;Com V�timas Feridas;Pleno dia;Crescente;Nublado;Simples;"Curva;Interse��o de Vias";Sim;3;0;2;0;1;0;2;2;-22,91349575;-44,33258057;SPRF-RJ;DEL03-RJ;UOP03-DEL03-RJ;;;
738524;13/12/2025;s�bado;12:25:00;RJ;116;201;SEROPEDICA;Demais falhas mec�nicas ou el�tricas;Inc�ndio;Sem V�timas;Pleno dia;Decrescente;Chuva;Dupla;Reta;N�o;1;0;0;0;1;0;0;1;-22,72251971;-43,67537713;SPRF-RJ;DEL06-RJ;UOP02-DEL06-RJ;;;
738526;13/12/2025;s�bado;13:05:00;RS;290;92;PORTO ALEGRE;Aus�ncia de rea��o do condutor;Colis�o com objeto;Com V�timas Feridas;Pleno dia;Decrescente;C�u Claro;Simples;Curva;Sim;3;0;1;0;2;0;1;1;-29,97138396;-51,16899631;SPRF-RS;DEL01-RS;UOP01-DEL01-RS;;;
738527;13/12/2025;s�bado;08:30:00;PA;222;38;DOM ELISEU;Curva acentuada;Sa�da de leito carro��vel;Com V�timas Feridas;Pleno dia;Crescente;Nublado;Simples;Curva;N�o;1;0;0;1;0;0;1;1;-4,321168;-47,730552;SPRF-PA;DEL02-PA;UOP02-DEL02-PA;;;
738528;13/12/2025;s�bado;13:25:00;BA;324;622;SALVADOR;Rea��o tardia ou ineficiente do condutor;Colis�o lateral mesmo sentido;Com V�timas Feridas;Pleno dia;Crescente;C�u Claro;Dupla;Reta;N�o;3;0;1;0;2;0;1;2;-12,9433111;-38,4702997;SPRF-BA;DEL01-BA;UOP01-DEL01-BA;;;
738530;13/12/2025;s�bado;13:20:00;DF;20;57;BRASILIA;Rea��o tardia ou ineficiente do condutor;Colis�o traseira;Com V�timas Feridas;Pleno dia;Crescente;C�u Claro;Dupla;Declive;N�o;4;0;3;0;1;0;3;2;-15,582005;-47,344597;SPRF-DF;DEL02-DF;UOP01-DEL02-DF;;;
738531;13/12/2025;s�bado;12:30:00;RJ;493;96;SEROPEDICA;Chuva;Sa�da de leito carro��vel;Com V�timas Feridas;Pleno dia;Decrescente;Chuva;Dupla;Reta;N�o;3;0;2;0;1;0;2;1;-22,7008293;-43,69412041;SPRF-RJ;DEL01-RJ;UOP03-DEL01-RJ;;;
738532;13/12/2025;s�bado;14:00:00;SC;282;3,9;FLORIANOPOLIS;Pedestre cruzava a pista fora da faixa;Atropelamento de Pedestre;Com V�timas Feridas;Pleno dia;Crescente;Sol;M�ltipla;Reta;Sim;4;0;2;0;1;1;2;3;-27,592813;-48,603267;SPRF-SC;DEL01-SC;UOP01-DEL01-SC;;;
738533;13/12/2025;s�bado;10:20:00;RJ;40;48;PETROPOLIS;Demais falhas mec�nicas ou el�tricas;Inc�ndio;Sem V�timas;Pleno dia;Crescente;C�u Claro;Dupla;Reta;Sim;2;0;0;0;2;0;0;1;-22,28496664;-43,12099457;SPRF-RJ;DEL05-RJ;UOP02-DEL05-RJ;;;
738534;13/12/2025;s�bado;11:20:00;RS;290;721;URUGUAIANA;Aus�ncia de rea��o do condutor;Colis�o lateral mesmo sentido;Com V�timas Feridas;Pleno dia;Crescente;C�u Claro;Simples;Rotat�ria;Sim;2;0;1;0;1;0;1;2;-29,76251467;-57,05758095;SPRF-RS;DEL13-RS;UOP01-DEL13-RS;;;
738535;13/12/2025;s�bado;13:30:00;SP;116;84;PINDAMONHANGABA;Aus�ncia de rea��o do condutor;Colis�o traseira;Com V�timas Feridas;Pleno dia;Decrescente;Sol;Dupla;Reta;Sim;2;0;1;0;1;0;1;2;-22,92045269;-45,33920288;SPRF-SP;DEL08-SP;UOP01-DEL08-SP;;;
738536;13/12/2025;s�bado;14:30:00;SC;282;3,3;FLORIANOPOLIS;Trafegar com motocicleta (ou similar) entre as faixas;Colis�o lateral mesmo sentido;Com V�timas Feridas;Pleno dia;Crescente;C�u Claro;M�ltipla;Reta;Sim;5;0;3;0;2;0;3;4;-27,59670154;-48,60082196;SPRF-SC;DEL01-SC;UOP01-DEL01-SC;;;
738538;13/12/2025;s�bado;14:10:00;ES;101;292;CARIACICA;Acessar a via sem observar a presen�a dos outros ve�culos;Colis�o transversal;Com V�timas Feridas;Pleno dia;Decrescente;Nublado;Dupla;"Retorno Regulamentado;Reta";Sim;5;0;2;0;3;0;2;3;-20,3063;-40,394986;SPRF-ES;DEL01-ES;UOP01-DEL01-ES;;;
738539;13/12/2025;s�bado;10:20:00;MG;262;585,3;CAMPOS ALTOS;Ultrapassagem Indevida;Colis�o frontal;Com V�timas Feridas;Pleno dia;Decrescente;Chuva;Simples;"Declive;Curva";N�o;3;0;3;0;0;0;3;2;-19,653241;-46,180774;SPRF-MG;DEL08-MG;UOP02-DEL08-MG;;;
738540;13/12/2025;s�bado;14:00:00;MG;267;27,3;ARGIRITA;Velocidade Incompat�vel;Sa�da de leito carro��vel;Com V�timas Feridas;Pleno dia;Decrescente;Nublado;Simples;Reta;N�o;4;0;1;0;3;0;1;1;-21,635003;-42,833568;SPRF-MG;DEL07-MG;UOP01-DEL07-MG;;;
738542;13/12/2025;s�bado;14:40:00;PB;101;81,4;BAYEUX;Aus�ncia de rea��o do condutor;Colis�o traseira;Com V�timas Feridas;Pleno dia;Decrescente;C�u Claro;Dupla;"Declive;Reta";Sim;2;0;1;0;1;0;1;2;-7,126765;-34,94139;SPRF-PB;DEL01-PB;UOP01-DEL01-PB;;;
738543;13/12/2025;s�bado;14:45:00;MG;459;20;CALDAS;Acumulo de areia ou detritos sobre o pavimento;Capotamento;Com V�timas Feridas;Pleno dia;Crescente;Chuva;Simples;Curva;N�o;2;0;1;0;1;0;1;1;-21,81433323;-46,46564484;SPRF-MG;DEL09-MG;UOP01-DEL09-MG;;;
738544;13/12/2025;s�bado;14:50:00;RJ;40;6;COMENDADOR LEVY GASPARIAN;Velocidade Incompat�vel;Colis�o com objeto;Com V�timas Feridas;Pleno dia;Decrescente;C�u Claro;Dupla;Curva;N�o;2;0;2;0;0;0;2;1;-22,04483374;-43,21969986;SPRF-RJ;DEL05-RJ;UOP02-DEL05-RJ;;;
738546;13/12/2025;s�bado;14:50:00;RJ;40;0,1;COMENDADOR LEVY GASPARIAN;Velocidade Incompat�vel;Colis�o com objeto;Com V�timas Feridas;Pleno dia;Crescente;Chuva;Dupla;"Ponte;Curva";N�o;2;0;2;0;0;0;2;1;-22,011164;-43,266396;SPRF-RJ;DEL05-RJ;UOP02-DEL05-RJ;;;
738547;13/12/2025;s�bado;14:50:00;PI;316;26;DEMERVAL LOBAO;Aus�ncia de rea��o do condutor;Sa�da de leito carro��vel;Com V�timas Feridas;Pleno dia;Decrescente;C�u Claro;Dupla;"Em Obras;Desvio Tempor�rio";N�o;1;0;1;0;0;0;1;1;-5,311156;-42,70392096;SPRF-PI;DEL01-PI;UOP02-DEL01-PI;;;
738548;13/12/2025;s�bado;15:36:00;CE;116;30,9;AQUIRAZ;Pista Escorregadia;Engavetamento;Sem V�timas;Pleno dia;Decrescente;C�u Claro;Dupla;Curva;N�o;3;0;0;0;2;1;0;3;-4,02107742;-38,51882681;SPRF-CE;DEL01-CE;UOP02-DEL01-CE;;;
738549;13/12/2025;s�bado;15:40:00;SP;381;62;MAIRIPORA;Rea��o tardia ou ineficiente do condutor;Queda de ocupante de ve�culo;Com V�timas Feridas;Pleno dia;Decrescente;C�u Claro;Dupla;Reta;N�o;2;0;1;0;0;1;1;2;-23,2971559;-46,5711174;SPRF-SP;DEL03-SP;UOP01-DEL03-SP;;;
738550;13/12/2025;s�bado;12:45:00;GO;60;245,1;INDIARA;Velocidade Incompat�vel;Colis�o com objeto;Com V�timas Feridas;Pleno dia;Decrescente;Nublado;Dupla;Curva;N�o;1;0;1;0;0;0;1;1;-17,1065138;-49,93018448;SPRF-GO;DEL01-GO;UOP02-DEL01-GO;;;
738553;13/12/2025;s�bado;12:30:00;MG;381;577,4;CARMOPOLIS DE MINAS;Objeto est�tico sobre o leito carro��vel;Colis�o com objeto;Com V�timas Feridas;Pleno dia;Crescente;Chuva;Dupla;Reta;N�o;4;0;3;1;0;0;4;1;-20,465967;-44,579013;SPRF-MG;DEL04-MG;UOP01-DEL04-MG;;;
738554;13/12/2025;s�bado;15:50:00;SC;101;209,5;SAO JOSE;Acessar a via sem observar a presen�a dos outros ve�culos;Colis�o lateral mesmo sentido;Com V�timas Feridas;Pleno dia;Decrescente;C�u Claro;Dupla;Reta;Sim;2;0;1;0;1;0;1;2;-27,60460079;-48,63309352;SPRF-SC;DEL01-SC;UOP01-DEL01-SC;;;
738555;13/12/2025;s�bado;15:35:00;AL;104;21,3;UNIAO DOS PALMARES;Mal s�bito do condutor;Sa�da de leito carro��vel;Com V�timas Feridas;Pleno dia;Decrescente;C�u Claro;Simples;Curva;N�o;1;0;1;0;0;0;1;1;-9,06868253;-36,03945851;SPRF-AL;DEL01-AL;UOP02-DEL01-AL;;;
738556;13/12/2025;s�bado;16:00:00;SC;101;163;TIJUCAS;Pedestre cruzava a pista fora da faixa;Atropelamento de Pedestre;Com V�timas Fatais;Pleno dia;Crescente;C�u Claro;M�ltipla;Reta;N�o;2;1;0;0;0;1;0;2;-27,2354771;-48,6304616;SPRF-SC;DEL04-SC;UOP03-DEL04-SC;;;
738557;13/12/2025;s�bado;14:10:00;MS;163;498;CAMPO GRANDE;Rea��o tardia ou ineficiente do condutor;Sa�da de leito carro��vel;Com V�timas Feridas;Pleno dia;Decrescente;Chuva;Simples;Reta;N�o;2;0;2;0;0;0;2;1;-20,33406405;-54,51849851;SPRF-MS;DEL01-MS;UOP02-DEL01-MS;;;
738558;13/12/2025;s�bado;14:00:00;RJ;101;237;SILVA JARDIM;Aus�ncia de rea��o do condutor;Capotamento;Com V�timas Feridas;Pleno dia;Decrescente;Sol;Dupla;Reta;N�o;1;0;1;0;0;0;1;1;-22,61970832;-42,41239748;SPRF-RJ;DEL02-RJ;UOP03-DEL02-RJ;;;
738559;13/12/2025;s�bado;16:15:00;MG;381;519;IGARAPE;Aus�ncia de rea��o do condutor;Queda de ocupante de ve�culo;Com V�timas Feridas;Pleno dia;Decrescente;Nublado;Dupla;"Declive;Curva";N�o;1;0;1;0;0;0;1;1;-20,10945513;-44,31369717;SPRF-MG;DEL01-MG;UOP03-DEL01-MG;;;
738561;13/12/2025;s�bado;08:25:00;RJ;116;182,4;NOVA IGUACU;Trafegar com motocicleta (ou similar) entre as faixas;Colis�o lateral mesmo sentido;Com V�timas Feridas;Pleno dia;Crescente;Nublado;Dupla;Reta;Sim;5;0;1;1;3;0;2;3;-22,75255876;-43,43713903;SPRF-RJ;DEL06-RJ;UOP01-DEL06-RJ;;;
738564;11/12/2025;quinta-feira;16:30:00;RJ;116;70;TERESOPOLIS;Aus�ncia de rea��o do condutor;Queda de ocupante de ve�culo;Com V�timas Feridas;Pleno dia;Crescente;C�u Claro;Simples;Reta;Sim;1;0;1;0;0;0;1;1;-22,31938518;-42,93817335;SPRF-RJ;DEL04-RJ;UOP01-DEL04-RJ;;;
738566;13/12/2025;s�bado;12:50:00;BA;367;29;PORTO SEGURO;Transitar na contram�o;Colis�o frontal;Com V�timas Feridas;Pleno dia;Decrescente;C�u Claro;Simples;Curva;Sim;2;0;1;0;1;0;1;2;-16,413987;-39,122526;SPRF-BA;DEL09-BA;UOP03-DEL09-BA;;;
738567;13/12/2025;s�bado;14:30:00;BA;101;755;ITABELA;Ultrapassagem Indevida;Queda de ocupante de ve�culo;Com V�timas Feridas;Pleno dia;Decrescente;Sol;Simples;Curva;N�o;1;0;0;1;0;0;1;1;-16,62632307;-39,52606201;SPRF-BA;DEL09-BA;UOP01-DEL09-BA;;;
738568;13/12/2025;s�bado;16:40:00;PR;116;129;FAZENDA RIO GRANDE;Acessar a via sem observar a presen�a dos outros ve�culos;Colis�o lateral mesmo sentido;Com V�timas Feridas;Pleno dia;Crescente;C�u Claro;Dupla;Reta;Sim;4;0;2;0;2;0;2;2;-25,666197;-49,314417;SPRF-PR;DEL01-PR;UOP03-DEL01-PR;;;
738569;13/12/2025;s�bado;16:40:00;BA;242;412;SEABRA;Aus�ncia de rea��o do condutor;Colis�o traseira;Com V�timas Feridas;Pleno dia;Decrescente;Sol;Simples;Reta;N�o;2;0;1;0;1;0;1;2;-12,42895959;-41,75982714;SPRF-BA;DEL06-BA;UOP01-DEL06-BA;;;
738570;13/12/2025;s�bado;16:00:00;MG;381;494;BETIM;Ingest�o de �lcool pelo condutor;Colis�o traseira;Sem V�timas;Pleno dia;Crescente;Nublado;M�ltipla;Declive;Sim;3;0;0;0;3;0;0;2;-19,97177575;-44,18362141;SPRF-MG;DEL01-MG;UOP03-DEL01-MG;;;
738573;13/12/2025;s�bado;12:00:00;MS;163;148;NAVIRAI;Rea��o tardia ou ineficiente do condutor;Colis�o traseira;Com V�timas Feridas;Pleno dia;Crescente;Nublado;Simples;Reta;N�o;10;0;1;0;9;0;1;3;-22,968382;-54,422822;SPRF-MS;DEL09-MS;UOP01-DEL09-MS;;;
738575;13/12/2025;s�bado;17:50:00;TO;153;695;CARIRI DO TOCANTINS;Ingest�o de �lcool pelo condutor;Tombamento;Com V�timas Feridas;Pleno dia;Crescente;Nublado;Simples;"Reta;Aclive";N�o;1;0;1;0;0;0;1;1;-11,9118308;-49,1760573;SPRF-TO;DEL01-TO;UOP02-DEL01-TO;;;
738576;13/12/2025;s�bado;16:35:00;MS;463;7;DOURADOS;Aus�ncia de rea��o do condutor;Colis�o traseira;Com V�timas Feridas;Pleno dia;Crescente;C�u Claro;Simples;Reta;N�o;4;0;2;0;1;1;2;2;-22,25610352;-54,86357387;SPRF-MS;DEL04-MS;UOP01-DEL04-MS;;;
738577;13/12/2025;s�bado;14:00:00;RO;364;315,9;PRESIDENTE MEDICI;Demais falhas mec�nicas ou el�tricas;Sa�da de leito carro��vel;Com V�timas Feridas;Pleno dia;Decrescente;Garoa/Chuvisco;Simples;Reta;N�o;2;0;2;0;0;0;2;1;-11,100485;-61,906912;SPRF-RO;DEL02-RO;UOP01-DEL02-RO;;;
738578;13/12/2025;s�bado;16:34:00;RJ;116;313;RESENDE;Ingest�o de �lcool pelo condutor;Sa�da de leito carro��vel;Com V�timas Feridas;Pleno dia;Crescente;Nublado;Dupla;Reta;N�o;1;0;1;0;0;0;1;1;-22,46001073;-44,46473241;SPRF-RJ;DEL07-RJ;UOP02-DEL07-RJ;;;
738579;13/12/2025;s�bado;17:15:00;PR;116;59,5;CAMPINA GRANDE DO SUL;Velocidade Incompat�vel;Sa�da de leito carro��vel;Com V�timas Feridas;Pleno dia;Crescente;Nublado;Dupla;Curva;N�o;1;0;1;0;0;0;1;1;-25,305114;-48,949325;SPRF-PR;DEL01-PR;UOP02-DEL01-PR;;;
738580;13/12/2025;s�bado;17:45:00;AP;156;800;OIAPOQUE;Acessar a via sem observar a presen�a dos outros ve�culos;Colis�o lateral sentido oposto;Com V�timas Feridas;Anoitecer;Decrescente;Chuva;Simples;Interse��o de Vias;Sim;2;0;1;0;1;0;1;2;3,84091376;-51,82277296;SPRF-AP;DEL01-AP;UOP03-DEL01-AP;;;
738581;13/12/2025;s�bado;15:30:00;BA;349;1008;CORRENTINA;Condutor Dormindo;Sa�da de leito carro��vel;Com V�timas Feridas;Pleno dia;Decrescente;Nublado;Simples;Reta;N�o;2;0;1;0;1;0;1;1;-13,62554;-45,23105;SPRF-BA;DEL10-BA;UOP02-DEL10-BA;;;
738583;13/12/2025;s�bado;18:10:00;SE;235;55;ITABAIANA;Acesso irregular;Colis�o lateral mesmo sentido;Com V�timas Feridas;Plena Noite;Crescente;C�u Claro;Simples;Reta;N�o;3;0;0;1;2;0;1;2;-10,670629;-37,445193;SPRF-SE;DEL01-SE;UOP02-DEL01-SE;;;
738584;13/12/2025;s�bado;16:50:00;RJ;116;91;TERESOPOLIS;Rea��o tardia ou ineficiente do condutor;Queda de ocupante de ve�culo;Com V�timas Feridas;Pleno dia;Decrescente;Nublado;Simples;Curva;N�o;1;0;0;1;0;0;1;1;-22,459432;-42,972609;SPRF-RJ;DEL04-RJ;UOP01-DEL04-RJ;;;
738585;13/12/2025;s�bado;17:33:00;RN;405;159;RAFAEL FERNANDES;Ultrapassagem Indevida;Colis�o transversal;Com V�timas Feridas;Anoitecer;Crescente;C�u Claro;Simples;"Declive;Reta";Sim;2;0;0;1;1;0;1;2;-6,18451;-38,220578;SPRF-RN;DEL04-RN;UOP02-DEL04-RN;;;
738586;13/12/2025;s�bado;12:00:00;MG;354;726,4;POUSO ALTO;Aus�ncia de rea��o do condutor;Colis�o frontal;Com V�timas Feridas;Pleno dia;Crescente;Chuva;Simples;Curva;N�o;6;0;6;0;0;0;6;2;-22,134102;-44,968963;SPRF-MG;DEL17-MG;UOP01-DEL17-MG;;;
738587;13/12/2025;s�bado;11:00:00;SC;470;332,5;CAMPOS NOVOS;Acessar a via sem observar a presen�a dos outros ve�culos;Colis�o transversal;Com V�timas Fatais;Pleno dia;Crescente;C�u Claro;Simples;"Aclive;Reta;Interse��o de Vias";N�o;2;1;0;0;1;0;0;2;-27,48714414;-51,3207221;SPRF-SC;DEL07-SC;UOP06-DEL07-SC;;;
738589;13/12/2025;s�bado;15:00:00;ES;393;3;CACHOEIRO DE ITAPEMIRIM;Ingest�o de �lcool pelo condutor;Colis�o transversal;Com V�timas Feridas;Pleno dia;Crescente;Chuva;Simples;Reta;Sim;2;0;1;0;1;0;1;2;-20,82828124;-41,18069609;SPRF-ES;DEL03-ES;UOP02-DEL03-ES;;;
738590;13/12/2025;s�bado;18:20:00;PB;101;84,6;BAYEUX;Ingest�o de �lcool pelo condutor;Tombamento;Com V�timas Feridas;Plena Noite;Decrescente;C�u Claro;Simples;Reta;Sim;1;0;1;0;0;0;1;1;-7,14363872;-34,91837195;SPRF-PB;DEL01-PB;UOP01-DEL01-PB;;;
738591;13/12/2025;s�bado;18:21:00;PE;101;74,1;RECIFE;Condutor deixou de manter dist�ncia do ve�culo da frente;Colis�o traseira;Com V�timas Feridas;Plena Noite;Decrescente;C�u Claro;Dupla;Reta;Sim;2;0;1;0;1;0;1;2;-8,1084;-34,94757;SPRF-PE;DEL01-PE;UOP01-DEL01-PE;;;
738593;13/12/2025;s�bado;17:40:00;ES;262;104;VENDA NOVA DO IMIGRANTE;Ingest�o de �lcool pelo condutor;Sa�da de leito carro��vel;Sem V�timas;Pleno dia;Crescente;C�u Claro;Simples;Reta;Sim;1;0;0;0;1;0;0;1;-20,33117383;-41,13031002;SPRF-ES;DEL01-ES;UOP02-DEL01-ES;;;
738594;13/12/2025;s�bado;18:30:00;PR;376;176;MARINGA;Manobra de mudan�a de faixa;Colis�o traseira;Com V�timas Feridas;Anoitecer;Decrescente;Nublado;M�ltipla;Reta;Sim;2;0;1;0;1;0;1;2;-23,411201;-51,935939;SPRF-PR;DEL09-PR;UOP01-DEL09-PR;;;
738595;13/12/2025;s�bado;11:40:00;PE;423;94;GARANHUNS;Velocidade Incompat�vel;Sa�da de leito carro��vel;Com V�timas Feridas;Pleno dia;Decrescente;C�u Claro;Simples;Curva;N�o;2;0;1;0;1;0;1;1;-8,87952678;-36,47926267;SPRF-PE;DEL03-PE;UOP01-DEL03-PE;;;
738597;13/12/2025;s�bado;18:40:00;RN;101;104;PARNAMIRIM;Transitar na contram�o;Colis�o frontal;Com V�timas Feridas;Plena Noite;Decrescente;C�u Claro;Dupla;"Viaduto;Declive";Sim;2;0;1;0;1;0;1;2;-5,89272802;-35,25735553;SPRF-RN;DEL01-RN;UOP01-DEL01-RN;;;
738599;13/12/2025;s�bado;19:20:00;RJ;101;66;CAMPOS DOS GOYTACAZES;Frear bruscamente;Colis�o lateral mesmo sentido;Com V�timas Feridas;Plena Noite;Crescente;C�u Claro;Simples;"Curva;Interse��o de Vias;Rotat�ria";Sim;3;0;2;0;1;0;2;2;-21,765439;-41,346475;SPRF-RJ;DEL08-RJ;UOP02-DEL08-RJ;;;
738600;13/12/2025;s�bado;19:19:00;RS;116;243;SAO LEOPOLDO;Acessar a via sem observar a presen�a dos outros ve�culos;Colis�o lateral mesmo sentido;Com V�timas Feridas;Plena Noite;Crescente;C�u Claro;Dupla;Curva;Sim;3;0;1;0;1;1;1;3;-29,73039624;-51,14951134;SPRF-RS;DEL01-RS;UOP02-DEL01-RS;;;
738601;13/12/2025;s�bado;19:00:00;RJ;116;139;MAGE;Aus�ncia de rea��o do condutor;Colis�o com objeto;Com V�timas Feridas;Plena Noite;Crescente;C�u Claro;Dupla;Reta;Sim;2;0;1;0;1;0;1;1;-22,64662619;-43,20095047;SPRF-RJ;DEL04-RJ;UOP02-DEL04-RJ;;;
738602;13/12/2025;s�bado;19:30:00;PR;376;239,3;APUCARANA;Velocidade Incompat�vel;Colis�o traseira;Com V�timas Feridas;Plena Noite;Crescente;Garoa/Chuvisco;Dupla;Reta;N�o;2;0;0;1;1;0;1;2;-23,58410686;-51,4651026;SPRF-PR;DEL07-PR;UOP03-DEL07-PR;;;
738605;13/12/2025;s�bado;18:10:00;RO;364;686;CANDEIAS DO JAMARI;Aus�ncia de rea��o do condutor;Sa�da de leito carro��vel;Com V�timas Feridas;Plena Noite;Decrescente;Chuva;Simples;Reta;N�o;2;0;2;0;0;0;2;1;-8,79239365;-63,64701217;SPRF-RO;DEL01-RO;UOP01-DEL01-RO;;;
738606;13/12/2025;s�bado;19:45:00;RS;116;260;CANOAS;Aus�ncia de rea��o do condutor;Sa�da de leito carro��vel;Com V�timas Fatais;Plena Noite;Crescente;Nublado;M�ltipla;Reta;Sim;1;1;0;0;0;0;0;1;-29,883846;-51,180595;SPRF-RS;DEL01-RS;UOP01-DEL01-RS;;;
738607;13/12/2025;s�bado;19:10:00;BA;367;33,4;PORTO SEGURO;Condutor deixou de manter dist�ncia do ve�culo da frente;Colis�o traseira;Com V�timas Feridas;Plena Noite;Decrescente;C�u Claro;Simples;Reta;N�o;3;0;0;1;2;0;1;2;-16,416693;-39,156665;SPRF-BA;DEL09-BA;UOP03-DEL09-BA;;;
738608;13/12/2025;s�bado;20:00:00;SC;282;2,5;FLORIANOPOLIS;Manobra de mudan�a de faixa;Colis�o lateral mesmo sentido;Com V�timas Feridas;Pleno dia;Crescente;C�u Claro;M�ltipla;Reta;Sim;2;0;1;0;0;1;1;2;-27,602277;-48,595362;SPRF-SC;DEL01-SC;UOP01-DEL01-SC;;;
738609;13/12/2025;s�bado;19:10:00;PR;277;17;PARANAGUA;Aus�ncia de rea��o do condutor;Sa�da de leito carro��vel;Com V�timas Feridas;Plena Noite;Decrescente;C�u Claro;Dupla;Reta;N�o;3;0;3;0;0;0;3;1;-25,545893;-48,679279;SPRF-PR;DEL01-PR;UOP05-DEL01-PR;;;
738611;13/12/2025;s�bado;19:00:00;PR;116;39;CAMPINA GRANDE DO SUL;Chuva;Sa�da de leito carro��vel;Sem V�timas;Plena Noite;Decrescente;Chuva;Dupla;"Declive;Curva";N�o;1;0;0;0;1;0;0;1;-25,163673;-48,861583;SPRF-PR;DEL01-PR;UOP02-DEL01-PR;;;
738612;13/12/2025;s�bado;20:15:00;RS;285;274,2;MATO CASTELHANO;Acesso irregular;Colis�o frontal;Com V�timas Feridas;Plena Noite;Decrescente;C�u Claro;Simples;Reta;Sim;2;0;1;0;1;0;1;2;-28,27143701;-52,20256805;SPRF-RS;DEL08-RS;UOP03-DEL08-RS;;;
738613;13/12/2025;s�bado;20:15:00;RN;226;4,2;NATAL;Acessar a via sem observar a presen�a dos outros ve�culos;Colis�o transversal;Com V�timas Feridas;Plena Noite;Crescente;C�u Claro;Simples;Curva;Sim;3;0;1;1;0;1;2;2;-5,8191273;-35,2625405;SPRF-RN;DEL01-RN;UOP02-DEL01-RN;;;
738614;13/12/2025;s�bado;20:20:00;RS;386;358,1;ESTRELA;Aus�ncia de rea��o do condutor;Colis�o traseira;Com V�timas Feridas;Plena Noite;Decrescente;C�u Claro;Dupla;Reta;N�o;2;0;1;1;0;0;2;2;-29,53561228;-51,91714883;SPRF-RS;DEL04-RS;UOP01-DEL04-RS;;;
738615;01/05/2025;quinta-feira;22:30:00;SC;101;158;PORTO BELO;Pedestre cruzava a pista fora da faixa;Colis�o transversal;Com V�timas Fatais;Plena Noite;Crescente;C�u Claro;Dupla;Reta;Sim;2;1;0;0;1;0;0;2;-27,1901883;-48,6126086;SPRF-SC;DEL04-SC;UOP03-DEL04-SC;;;
738616;13/12/2025;s�bado;20:40:00;SP;381;60;MAIRIPORA;Pista Escorregadia;Colis�o com objeto;Com V�timas Feridas;Pleno dia;Decrescente;Nublado;M�ltipla;Curva;N�o;1;0;1;0;0;0;1;1;-23,29401096;-46,57203675;SPRF-SP;DEL03-SP;UOP01-DEL03-SP;;;
738617;13/12/2025;s�bado;20:15:00;RJ;116;182;NOVA IGUACU;Condutor deixou de manter dist�ncia do ve�culo da frente;Colis�o traseira;Com V�timas Feridas;Plena Noite;Crescente;C�u Claro;Dupla;Reta;Sim;4;0;2;0;2;0;2;3;-22,75580196;-43,43244195;SPRF-RJ;DEL06-RJ;UOP01-DEL06-RJ;;;
738618;13/12/2025;s�bado;20:00:00;PR;369;179;ARAPONGAS;Aus�ncia de rea��o do condutor;Colis�o com objeto;Com V�timas Feridas;Plena Noite;Decrescente;Chuva;M�ltipla;Reta;N�o;1;0;1;0;0;0;1;1;-23,36110229;-51,39897987;SPRF-PR;DEL07-PR;UOP03-DEL07-PR;;;
738619;13/12/2025;s�bado;20:50:00;SC;101;150;ITAPEMA;Aus�ncia de rea��o do condutor;Queda de ocupante de ve�culo;Com V�timas Feridas;Plena Noite;Crescente;C�u Claro;Dupla;Reta;Sim;2;0;0;2;0;0;2;1;-27,12918474;-48,60969242;SPRF-SC;DEL04-SC;UOP03-DEL04-SC;;;
738620;13/12/2025;s�bado;20:40:00;SC;280;27,6;ARAQUARI;Transitar no Acostamento;Colis�o frontal;Com V�timas Feridas;Plena Noite;Decrescente;Nublado;Simples;Reta;N�o;2;0;1;1;0;0;2;2;-26,393134;-48,736737;SPRF-SC;DEL03-SC;UOP03-DEL03-SC;;;
738621;13/12/2025;s�bado;18:40:00;RJ;40;125;RIO DE JANEIRO;Rea��o tardia ou ineficiente do condutor;Colis�o com objeto;Sem V�timas;Plena Noite;Crescente;C�u Claro;Dupla;Reta;Sim;1;0;0;0;1;0;0;1;-22,81479537;-43,28784943;SPRF-RJ;DEL01-RJ;UOP02-DEL01-RJ;;;
738622;13/12/2025;s�bado;21:00:00;MG;381;495;BETIM;Aus�ncia de rea��o do condutor;Colis�o traseira;Com V�timas Feridas;Plena Noite;Crescente;Nublado;Dupla;"Aclive;Reta";N�o;4;0;2;0;2;0;2;3;-19,97148238;-44,18308932;SPRF-MG;DEL01-MG;UOP03-DEL01-MG;;;
738623;13/12/2025;s�bado;12:20:00;RJ;101;321;NITEROI;Chuva;Tombamento;Com V�timas Feridas;Pleno dia;Decrescente;Chuva;M�ltipla;Curva;Sim;1;0;1;0;0;0;1;1;-22,8671604;-43,11015774;SPRF-RJ;DEL02-RJ;UOP01-DEL02-RJ;;;