id;data_inversa;dia_semana;horario;uf;br;km;municipio;causa_acidente;tipo_acidente;classificacao_acidente;fase_dia;sentido_via;condicao_metereologica;tipo_pista;tracado_via;uso_solo;pessoas;mortos;feridos_leves;feridos_graves;ilesos;ignorados;feridos;veiculos;latitude;longitude;regional;delegacia;uop;;;
739185;15/12/2025;segunda-feira;22:20:00;BA;324;518;FEIRA DE SANTANA;Rea��o tardia ou ineficiente do condutor;Queda de ocupante de ve�culo;Com V�timas Feridas;Plena Noite;Crescente;C�u Claro;Dupla;Reta;Sim;1;0;1;0;0;0;1;1;-12,27763931;-38,92857104;SPRF-BA;DEL02-BA;UOP01-DEL02-BA;;;
739188;16/12/2025;ter�a-feira;04:30:00;RJ;40;113;DUQUE DE CAXIAS;Entrada inopinada do pedestre;Atropelamento de Pedestre;Com V�timas Feridas;Amanhecer;Crescente;C�u Claro;Simples;Retorno Regulamentado;N�o;2;0;0;1;1;0;1;2;-22,7164722;-43,29080735;SPRF-RJ;DEL01-RJ;UOP02-DEL01-RJ;;;
739189;16/12/2025;ter�a-feira;03:20:00;SP;116;153;SAO JOSE DOS CAMPOS;Mal s�bito do condutor;Colis�o com objeto;Sem V�timas;Plena Noite;Crescente;Nublado;Dupla;Reta;Sim;3;0;0;0;3;0;0;1;-23,23345931;-45,91495514;SPRF-SP;DEL02-SP;UOP01-DEL02-SP;;;
739190;16/12/2025;ter�a-feira;04:55:00;PE;101;59;RECIFE;Animais na Pista;Atropelamento de Animal;Com V�timas Feridas;Pleno dia;Decrescente;C�u Claro;Dupla;Reta;N�o;1;0;0;1;0;0;1;1;-7,9861702;-34,9325977;SPRF-PE;DEL01-PE;UOP02-DEL01-PE;;;
739191;16/12/2025;ter�a-feira;00:10:00;SP;381;24;BRAGANCA PAULISTA;Condutor Dormindo;Capotamento;Sem V�timas;Plena Noite;Decrescente;C�u Claro;Dupla;"Aclive;Reta";N�o;1;0;0;0;1;0;0;1;-23,01592024;-46,52524889;SPRF-SP;DEL03-SP;UOP02-DEL03-SP;;;
739192;16/12/2025;ter�a-feira;05:40:00;PE;408;58;PAUDALHO;Condutor deixou de manter dist�ncia do ve�culo da frente;Colis�o lateral mesmo sentido;Com V�timas Feridas;Pleno dia;Decrescente;C�u Claro;Dupla;Reta;Sim;2;0;0;1;1;0;1;2;-7,85796;-35,2162;SPRF-PE;DEL01-PE;UOP01-DEL01-PE;;;
739193;16/12/2025;ter�a-feira;06:30:00;RJ;116;177;SAO JOAO DE MERITI;Condutor deixou de manter dist�ncia do ve�culo da frente;Colis�o traseira;Com V�timas Feridas;Pleno dia;Decrescente;C�u Claro;M�ltipla;Reta;Sim;2;0;0;1;1;0;1;2;-22,78104469;-43,39160666;SPRF-RJ;DEL06-RJ;UOP01-DEL06-RJ;;;
739194;16/12/2025;ter�a-feira;06:30:00;PE;101;60;RECIFE;Pista Escorregadia;Queda de ocupante de ve�culo;Com V�timas Feridas;Pleno dia;Crescente;C�u Claro;Dupla;Curva;Sim;1;0;1;0;0;0;1;1;-7,98613767;-34,93241429;SPRF-PE;DEL01-PE;UOP02-DEL01-PE;;;
739196;17/09/2025;quarta-feira;12:00:00;RO;364;424,6;JARU;Desrespeitar a prefer�ncia no cruzamento;Tombamento;Com V�timas Feridas;Pleno dia;Decrescente;C�u Claro;Simples;Interse��o de Vias;N�o;2;0;1;0;0;1;1;2;-10,43986265;-62,46921583;SPRF-RO;DEL03-RO;UOP02-DEL03-RO;;;
739198;16/12/2025;ter�a-feira;06:30:00;RJ;116;177;SAO JOAO DE MERITI;Rea��o tardia ou ineficiente do condutor;Colis�o lateral sentido oposto;Com V�timas Feridas;Pleno dia;Decrescente;C�u Claro;M�ltipla;Reta;Sim;1;0;1;0;0;0;1;1;-22,778391;-43,395577;SPRF-RJ;DEL06-RJ;UOP01-DEL06-RJ;;;
739201;16/12/2025;ter�a-feira;07:15:00;ES;101;268;SERRA;Manobra de mudan�a de faixa;Tombamento;Com V�timas Feridas;Pleno dia;Crescente;C�u Claro;Dupla;Reta;Sim;5;0;4;0;1;0;4;3;-20,20917;-40,2697;SPRF-ES;DEL02-ES;UOP01-DEL02-ES;;;
739203;16/12/2025;ter�a-feira;07:10:00;CE;116;18;ITAITINGA;Chuva;Tombamento;Com V�timas Feridas;Pleno dia;Crescente;Garoa/Chuvisco;Dupla;Reta;Sim;2;0;1;0;1;0;1;1;-3,91197167;-38,50670256;SPRF-CE;DEL01-CE;UOP02-DEL01-CE;;;
739204;16/12/2025;ter�a-feira;07:28:00;PB;101;82;BAYEUX;Trafegar com motocicleta (ou similar) entre as faixas;Colis�o traseira;Com V�timas Feridas;Pleno dia;Crescente;C�u Claro;Dupla;"Aclive;Reta;Viaduto";Sim;3;0;0;1;2;0;1;2;-7,13129931;-34,93293911;SPRF-PB;DEL01-PB;UOP01-DEL01-PB;;;
739205;16/12/2025;ter�a-feira;07:00:00;SP;116;160;JACAREI;Demais falhas mec�nicas ou el�tricas;Tombamento;Sem V�timas;Pleno dia;Crescente;C�u Claro;Dupla;Reta;Sim;2;0;0;0;1;1;0;2;-23,27133627;-45,96868297;SPRF-SP;DEL02-SP;UOP01-DEL02-SP;;;
739206;23/11/2025;domingo;18:25:00;SE;235;41;ITABAIANA;Frear bruscamente;Colis�o traseira;Sem V�timas;Plena Noite;Crescente;Ignorado;Simples;Reta;N�o;2;0;0;0;1;1;0;2;-10,768271;-37,37797;SPRF-SE;DEL01-SE;UOP02-DEL01-SE;;;
739207;16/12/2025;ter�a-feira;07:30:00;ES;447;15;VILA VELHA;Rea��o tardia ou ineficiente do condutor;Colis�o traseira;Com V�timas Feridas;Pleno dia;Crescente;Nublado;Dupla;Reta;Sim;3;0;2;0;1;0;2;2;-20,342445;-40,328595;SPRF-ES;DEL01-ES;UOP01-DEL01-ES;;;
739208;16/12/2025;ter�a-feira;06:00:00;MS;267;177;NOVA ALVORADA DO SUL;Ultrapassagem Indevida;Colis�o frontal;Com V�timas Fatais;Pleno dia;Crescente;Chuva;Simples;"Declive;Reta";N�o;6;2;3;1;0;0;4;2;-21,612947;-53,73315;SPRF-MS;DEL02-MS;UOP03-DEL02-MS;;;
739209;16/12/2025;ter�a-feira;08:00:00;MG;381;478,9;CONTAGEM;Manobra de mudan�a de faixa;Colis�o lateral mesmo sentido;Com V�timas Feridas;Pleno dia;Decrescente;Garoa/Chuvisco;M�ltipla;"Declive;Reta";Sim;2;0;2;0;0;0;2;2;-19,9632204;-44,0416867;SPRF-MG;DEL01-MG;UOP03-DEL01-MG;;;
739210;16/12/2025;ter�a-feira;07:00:00;RJ;116;203;QUEIMADOS;Frear bruscamente;Sa�da de leito carro��vel;Com V�timas Feridas;Pleno dia;Crescente;C�u Claro;Dupla;Reta;N�o;1;0;1;0;0;0;1;1;-22,72950639;-43,62795923;SPRF-RJ;DEL06-RJ;UOP02-DEL06-RJ;;;
739211;16/12/2025;ter�a-feira;06:20:00;RJ;116;146;DUQUE DE CAXIAS;Rea��o tardia ou ineficiente do condutor;Tombamento;Com V�timas Feridas;Pleno dia;Crescente;C�u Claro;Dupla;Reta;N�o;1;0;0;1;0;0;1;1;-22,66835308;-43,26845169;SPRF-RJ;DEL01-RJ;UOP02-DEL01-RJ;;;
739213;16/12/2025;ter�a-feira;08:00:00;RJ;40;43;AREAL;Manobra de mudan�a de faixa;Tombamento;Com V�timas Feridas;Pleno dia;Decrescente;Nublado;Dupla;Curva;Sim;1;0;1;0;0;0;1;1;-22,26858325;-43,11009407;SPRF-RJ;DEL05-RJ;UOP02-DEL05-RJ;;;
739214;16/12/2025;ter�a-feira;08:20:00;SP;153;30;NOVA GRANADA;Transitar no Acostamento;Colis�o lateral mesmo sentido;Com V�timas Feridas;Pleno dia;Crescente;Nublado;Simples;Aclive;N�o;2;0;1;0;1;0;1;2;-20,54110547;-49,3306303;SPRF-SP;DEL09-SP;UOP01-DEL09-SP;;;
739216;06/08/2025;quarta-feira;17:50:00;SC;101;34;JOINVILLE;Velocidade Incompat�vel;Engavetamento;Com V�timas Feridas;Anoitecer;Crescente;Chuva;Dupla;Reta;N�o;6;0;1;0;5;0;1;5;-26,26431884;-48,90031664;SPRF-SC;DEL03-SC;UOP01-DEL03-SC;;;
739217;16/12/2025;ter�a-feira;08:45:00;RN;406;169;SAO GONCALO DO AMARANTE;Aus�ncia de rea��o do condutor;Colis�o traseira;Com V�timas Feridas;Pleno dia;Decrescente;C�u Claro;Simples;Reta;N�o;2;0;1;0;1;0;1;2;-5,742692;-35,34227;SPRF-RN;DEL02-RN;UOP01-DEL02-RN;;;
739218;25/10/2025;s�bado;13:00:00;MG;50;75;UBERLANDIA;Aus�ncia de rea��o do condutor;Queda de ocupante de ve�culo;Com V�timas Feridas;Pleno dia;Crescente;C�u Claro;Dupla;Reta;Sim;1;0;1;0;0;0;1;1;-18,93929479;-48,21950911;SPRF-MG;DEL15-MG;UOP01-DEL15-MG;;;
739219;16/12/2025;ter�a-feira;06:40:00;SP;116;151,7;SAO JOSE DOS CAMPOS;Aus�ncia de rea��o do condutor;Tombamento;Com V�timas Feridas;Pleno dia;Crescente;C�u Claro;M�ltipla;"Em Obras;Reta";N�o;1;0;1;0;0;0;1;1;-23,22340297;-45,90405464;SPRF-SP;DEL02-SP;UOP01-DEL02-SP;;;
739220;14/12/2025;domingo;07:20:00;MA;135;4;SAO LUIS;Demais falhas mec�nicas ou el�tricas;Queda de ocupante de ve�culo;Com V�timas Feridas;Pleno dia;Decrescente;C�u Claro;Dupla;Reta;Sim;1;0;1;0;0;0;1;1;-2,6785765;-44,29412484;SPRF-MA;DEL01-MA;UOP01-DEL01-MA;;;
739224;16/12/2025;ter�a-feira;08:14:00;RJ;116;171;RIO DE JANEIRO;Aus�ncia de rea��o do condutor;Colis�o traseira;Sem V�timas;Pleno dia;Crescente;C�u Claro;M�ltipla;Reta;Sim;2;0;0;0;2;0;0;2;-22,805313;-43,343955;SPRF-RJ;DEL06-RJ;UOP01-DEL06-RJ;;;
739227;23/11/2025;domingo;17:20:00;PR;277;392,1;CANDOI;Rea��o tardia ou ineficiente do condutor;Colis�o traseira;Com V�timas Feridas;Pleno dia;Crescente;Nublado;Simples;Reta;N�o;5;0;0;2;3;0;2;2;-25,441278;-51,840211;SPRF-PR;DEL08-PR;UOP01-DEL08-PR;;;
739228;22/11/2025;s�bado;16:30:00;BA;116;749;POCOES;Aus�ncia de rea��o do condutor;Queda de ocupante de ve�culo;Com V�timas Feridas;Pleno dia;Decrescente;Ignorado;Simples;Reta;N�o;3;0;0;1;1;1;1;2;-14,48283596;-40,33639491;SPRF-BA;DEL08-BA;UOP02-DEL08-BA;;;
739231;16/12/2025;ter�a-feira;09:30:00;GO;153;491;GOIANIA;Demais falhas mec�nicas ou el�tricas;Colis�o traseira;Com V�timas Feridas;Pleno dia;Crescente;Nublado;Dupla;Reta;N�o;2;0;1;0;1;0;1;2;-16,63135959;-49,20545697;SPRF-GO;DEL01-GO;UOP01-DEL01-GO;;;
739232;16/12/2025;ter�a-feira;08:50:00;RJ;40;100;PETROPOLIS;Pista Escorregadia;Tombamento;Com V�timas Feridas;Pleno dia;Decrescente;C�u Claro;Simples;Curva;Sim;2;0;2;0;0;0;2;1;-22,5347157;-43,2199791;SPRF-RJ;DEL01-RJ;UOP01-DEL01-RJ;;;
739233;16/12/2025;ter�a-feira;09:49:00;RJ;40;89;PETROPOLIS;Pista Escorregadia;Tombamento;Com V�timas Feridas;Pleno dia;Decrescente;C�u Claro;Simples;Curva;N�o;2;0;2;0;0;0;2;1;-22,55619921;-43,23650122;SPRF-RJ;DEL01-RJ;UOP01-DEL01-RJ;;;
739235;16/12/2025;ter�a-feira;08:20:00;SC;282;397,2;JOACABA;Chuva;Sa�da de leito carro��vel;Com V�timas Feridas;Pleno dia;Decrescente;Chuva;Simples;"Curva;Declive";N�o;2;0;1;0;1;0;1;1;-27,153007;-51,601935;SPRF-SC;DEL07-SC;UOP05-DEL07-SC;;;
739236;16/12/2025;ter�a-feira;08:50:00;SP;116;320;SAO LOURENCO DA SERRA;Demais falhas na via;Queda de ocupante de ve�culo;Com V�timas Feridas;Pleno dia;Decrescente;C�u Claro;Dupla;Reta;N�o;2;0;2;0;0;0;2;1;-23,86585941;-46,9501025;SPRF-SP;DEL04-SP;UOP03-DEL04-SP;;;
739239;16/12/2025;ter�a-feira;09:45:00;MG;116;414,9;GOVERNADOR VALADARES;Ultrapassagem Indevida;Colis�o transversal;Com V�timas Feridas;Pleno dia;Decrescente;C�u Claro;Simples;Retorno Regulamentado;Sim;2;0;1;0;1;0;1;2;-18,9174984;-41,9407909;SPRF-MG;DEL06-MG;UOP01-DEL06-MG;;;
739240;16/12/2025;ter�a-feira;08:45:00;CE;20;229,7;BOA VIAGEM;Velocidade Incompat�vel;Sa�da de leito carro��vel;Com V�timas Feridas;Pleno dia;Decrescente;Nublado;Simples;Interse��o de Vias;N�o;2;0;1;1;0;0;2;1;-4,919668;-39,620112;SPRF-CE;DEL02-CE;UOP02-DEL02-CE;;;
739241;16/12/2025;ter�a-feira;09:00:00;MA;135;71;SANTA RITA;Aus�ncia de rea��o do condutor;Colis�o traseira;Sem V�timas;Pleno dia;Decrescente;C�u Claro;Dupla;Reta;Sim;2;0;0;0;2;0;0;2;-3,13746654;-44,32385445;SPRF-MA;DEL01-MA;UOP02-DEL01-MA;;;
739242;16/12/2025;ter�a-feira;10:00:00;ES;101;258;SERRA;Rea��o tardia ou ineficiente do condutor;Tombamento;Com V�timas Feridas;Pleno dia;Decrescente;Nublado;Simples;"Aclive;Reta";Sim;2;0;2;0;0;0;2;1;-20,14391;-40,29106;SPRF-ES;DEL02-ES;UOP01-DEL02-ES;;;
739245;16/12/2025;ter�a-feira;09:50:00;PR;277;114,2;CAMPO LARGO;Avarias e/ou desgaste excessivo no pneu;Sa�da de leito carro��vel;Com V�timas Feridas;Pleno dia;Decrescente;Nublado;Dupla;"Aclive;Reta";Sim;2;0;1;0;1;0;1;1;-25,43212;-49,429786;SPRF-PR;DEL03-PR;UOP03-DEL03-PR;;;
739247;16/12/2025;ter�a-feira;10:50:00;MG;381;1,8;BETIM;Aus�ncia de rea��o do condutor;Colis�o lateral mesmo sentido;Com V�timas Feridas;Pleno dia;Decrescente;Chuva;Dupla;Reta;Sim;2;0;1;0;1;0;1;2;-19,97702;-44,16093;SPRF-MG;DEL01-MG;UOP03-DEL01-MG;;;
739249;16/12/2025;ter�a-feira;11:05:00;SC;101;206;SAO JOSE;Rea��o tardia ou ineficiente do condutor;Colis�o traseira;Com V�timas Feridas;Pleno dia;Decrescente;Nublado;M�ltipla;Reta;Sim;3;0;0;1;2;0;1;2;-27,59243;-48,61799;SPRF-SC;DEL01-SC;UOP01-DEL01-SC;;;
739250;16/12/2025;ter�a-feira;11:00:00;PR;376;175,1;MARINGA;Manobra de mudan�a de faixa;Colis�o lateral mesmo sentido;Com V�timas Feridas;Pleno dia;Decrescente;Nublado;Dupla;"Retorno Regulamentado;Reta";Sim;3;0;1;0;2;0;1;2;-23,41373315;-51,94789767;SPRF-PR;DEL09-PR;UOP01-DEL09-PR;;;
739251;20/09/2025;s�bado;00:10:00;PE;423;97;GARANHUNS;Condutor deixou de manter dist�ncia do ve�culo da frente;Colis�o traseira;Com V�timas Feridas;Plena Noite;Decrescente;C�u Claro;Simples;Reta;N�o;2;0;0;1;1;0;1;2;-8,8766287;-36,5022668;SPRF-PE;DEL03-PE;UOP01-DEL03-PE;;;
739252;16/12/2025;ter�a-feira;11:05:00;SC;280;26,9;ARAQUARI;Velocidade Incompat�vel;Colis�o com objeto;Com V�timas Feridas;Pleno dia;Crescente;Sol;Simples;"Em Obras;Reta";Sim;1;0;0;1;0;0;1;1;-26,396676;-48,740087;SPRF-SC;DEL03-SC;UOP03-DEL03-SC;;;
739254;16/12/2025;ter�a-feira;10:52:00;PE;316;76,7;OURICURI;Desrespeitar a prefer�ncia no cruzamento;Colis�o frontal;Com V�timas Feridas;Pleno dia;Decrescente;C�u Claro;Simples;"Reta;Declive";N�o;4;0;2;0;2;0;2;2;-7,8436103;-40,13140747;SPRF-PE;DEL05-PE;UOP02-DEL05-PE;;;
739256;16/12/2025;ter�a-feira;08:00:00;MG;262;784,2;UBERABA;Acesso irregular;Colis�o frontal;Com V�timas Feridas;Pleno dia;Crescente;Chuva;Simples;Viaduto;Sim;2;0;1;0;0;1;1;2;-19,76682471;-47,8877306;SPRF-MG;DEL13-MG;UOP01-DEL13-MG;;;
739257;16/12/2025;ter�a-feira;10:30:00;RJ;116;172;SAO JOAO DE MERITI;Aus�ncia de rea��o do condutor;Queda de ocupante de ve�culo;Com V�timas Feridas;Pleno dia;Decrescente;C�u Claro;M�ltipla;Reta;Sim;1;0;1;0;0;0;1;1;-22,80342018;-43,34831111;SPRF-RJ;DEL06-RJ;UOP01-DEL06-RJ;;;
739260;16/12/2025;ter�a-feira;12:10:00;MG;262;358;JUATUBA;Acumulo de �gua sobre o pavimento;Sa�da de leito carro��vel;Com V�timas Feridas;Pleno dia;Decrescente;Chuva;Dupla;"Declive;Curva";Sim;1;0;1;0;0;0;1;1;-19,973204;-44,301111;SPRF-MG;DEL01-MG;UOP03-DEL01-MG;;;
739261;12/12/2025;sexta-feira;19:20:00;RJ;101;313;SAO GONCALO;Manobra de mudan�a de faixa;Colis�o lateral mesmo sentido;Com V�timas Feridas;Plena Noite;Decrescente;C�u Claro;Dupla;Reta;N�o;3;0;2;0;0;1;2;2;-22,81004835;-43,06949615;SPRF-RJ;DEL02-RJ;UOP02-DEL02-RJ;;;
739262;16/12/2025;ter�a-feira;12:15:00;SC;280;28,1;ARAQUARI;Acessar a via sem observar a presen�a dos outros ve�culos;Colis�o transversal;Com V�timas Feridas;Pleno dia;Decrescente;Nublado;Simples;Curva;Sim;2;0;1;1;0;0;2;2;-26,40490965;-48,7458628;SPRF-SC;DEL03-SC;UOP03-DEL03-SC;;;
739263;16/12/2025;ter�a-feira;11:15:00;GO;20;45;FORMOSA;Avarias e/ou desgaste excessivo no pneu;Colis�o frontal;Com V�timas Fatais;Pleno dia;Crescente;Chuva;Simples;"Declive;Reta";N�o;9;2;1;1;5;0;2;2;-15,36557;-47,1052;SPRF-DF;DEL02-DF;UOP02-DEL02-DF;;;
739264;16/12/2025;ter�a-feira;11:33:00;GO;153;673;PANAMA;Rea��o tardia ou ineficiente do condutor;Sa�da de leito carro��vel;Com V�timas Feridas;Pleno dia;Decrescente;Chuva;Dupla;Reta;N�o;1;0;1;0;0;0;1;1;-18,16074959;-49,28768188;SPRF-GO;DEL03-GO;UOP02-DEL03-GO;;;
739265;16/12/2025;ter�a-feira;12:00:00;RS;392;351,1;SANTA MARIA;Acessar a via sem observar a presen�a dos outros ve�culos;Colis�o transversal;Com V�timas Feridas;Pleno dia;Crescente;Sol;Dupla;"Em Obras;Reta;Desvio Tempor�rio;Interse��o de Vias";Sim;2;0;0;1;1;0;1;2;-29,72464264;-53,80594466;SPRF-RS;DEL09-RS;UOP01-DEL09-RS;;;
739266;13/12/2025;s�bado;15:00:00;RO;435;26;VILHENA;Aus�ncia de rea��o do condutor;Sa�da de leito carro��vel;Com V�timas Fatais;Pleno dia;Crescente;Ignorado;Simples;Reta;N�o;1;1;0;0;0;0;0;1;-12,78468306;-60,34687042;SPRF-RO;DEL04-RO;UOP02-DEL04-RO;;;
739267;16/12/2025;ter�a-feira;12:30:00;PA;163;993,6;SANTAREM;Ingest�o de �lcool pelo condutor;Sa�da de leito carro��vel;Sem V�timas;Pleno dia;Decrescente;Sol;Simples;Reta;N�o;2;0;0;0;2;0;0;1;-2,51441473;-54,72374502;SPRF-PA;DEL05-PA;UOP01-DEL05-PA;;;
739268;16/12/2025;ter�a-feira;13:00:00;GO;153;663;GOIATUBA;Ultrapassagem Indevida;Sa�da de leito carro��vel;Com V�timas Fatais;Pleno dia;Crescente;Chuva;Dupla;"Declive;Reta";N�o;4;1;0;1;1;1;1;2;-18,071915;-49,269358;SPRF-GO;DEL03-GO;UOP02-DEL03-GO;;;
739269;23/10/2025;quinta-feira;08:00:00;GO;60;95;ANAPOLIS;Acessar a via sem observar a presen�a dos outros ve�culos;Queda de ocupante de ve�culo;Com V�timas Feridas;Amanhecer;Crescente;C�u Claro;Dupla;Interse��o de Vias;Sim;1;0;1;0;0;0;1;1;-16,357184;-48,93124;SPRF-GO;DEL02-GO;UOP01-DEL02-GO;;;
739270;16/12/2025;ter�a-feira;08:30:00;MG;262;4,6;MARTINS SOARES;Rea��o tardia ou ineficiente do condutor;Sa�da de leito carro��vel;Com V�timas Feridas;Pleno dia;Crescente;Chuva;Simples;"Aclive;Reta";N�o;2;0;1;0;1;0;1;1;-20,25589;-41,798428;SPRF-MG;DEL06-MG;UOP03-DEL06-MG;;;
739271;16/12/2025;ter�a-feira;11:00:00;MG;40;617;CONGONHAS;Velocidade Incompat�vel;Colis�o frontal;Com V�timas Feridas;Pleno dia;Decrescente;Chuva;Simples;Curva;N�o;3;0;3;0;0;0;3;2;-20,558;-43,814;SPRF-MG;DEL05-MG;UOP02-DEL05-MG;;;
739272;16/12/2025;ter�a-feira;08:00:00;PE;428;190;PETROLINA;Frear bruscamente;Tombamento;Com V�timas Feridas;Pleno dia;Crescente;C�u Claro;Simples;Reta;Sim;1;0;1;0;0;0;1;1;-9,377397;-40,502447;SPRF-PE;DEL06-PE;UOP01-DEL06-PE;;;
739273;16/12/2025;ter�a-feira;13:40:00;SP;381;84;SAO PAULO;Transtornos Mentais (exceto suicidio);Colis�o transversal;Com V�timas Feridas;Pleno dia;Decrescente;C�u Claro;M�ltipla;Reta;Sim;4;0;4;0;0;0;4;2;-23,4460497;-46,5694829;SPRF-SP;DEL03-SP;UOP01-DEL03-SP;;;
739274;15/12/2025;segunda-feira;08:00:00;GO;60;427;RIO VERDE;Rea��o tardia ou ineficiente do condutor;Sa�da de leito carro��vel;Sem V�timas;Pleno dia;Decrescente;Nublado;Dupla;"Curva;Declive";N�o;1;0;0;0;0;1;0;1;-17,82436199;-51,31104756;SPRF-GO;DEL04-GO;UOP02-DEL04-GO;;;
739275;16/12/2025;ter�a-feira;13:00:00;RJ;101;296;ITABORAI;Aus�ncia de rea��o do condutor;Capotamento;Com V�timas Feridas;Pleno dia;Decrescente;C�u Claro;Dupla;Reta;Sim;1;0;1;0;0;0;1;1;-22,76716844;-42,9120582;SPRF-RJ;DEL02-RJ;UOP02-DEL02-RJ;;;
739276;16/12/2025;ter�a-feira;12:50:00;PR;116;152;MANDIRITUBA;Desrespeitar a prefer�ncia no cruzamento;Colis�o transversal;Sem V�timas;Pleno dia;Decrescente;Nublado;Simples;"Reta;Interse��o de Vias";Sim;4;0;0;0;4;0;0;2;-25,862054;-49,361759;SPRF-PR;DEL01-PR;UOP03-DEL01-PR;;;
739279;16/12/2025;ter�a-feira;12:55:00;ES;101;298;VIANA;Acessar a via sem observar a presen�a dos outros ve�culos;Colis�o transversal;Com V�timas Feridas;Pleno dia;Decrescente;C�u Claro;Dupla;Reta;N�o;3;0;1;0;2;0;1;3;-20,3587336;-40,42193818;SPRF-ES;DEL01-ES;UOP01-DEL01-ES;;;
739280;16/12/2025;ter�a-feira;13:30:00;RJ;116;184;NOVA IGUACU;Aus�ncia de rea��o do condutor;Colis�o lateral mesmo sentido;Com V�timas Feridas;Pleno dia;Decrescente;C�u Claro;Dupla;"Aclive;Reta";Sim;2;0;1;0;1;0;1;2;-22,7439834;-43,4503927;SPRF-RJ;DEL06-RJ;UOP01-DEL06-RJ;;;
739282;16/12/2025;ter�a-feira;13:40:00;RJ;101;314;SAO GONCALO;Demais falhas mec�nicas ou el�tricas;Queda de ocupante de ve�culo;Com V�timas Feridas;Pleno dia;Crescente;C�u Claro;Dupla;Reta;Sim;2;0;1;0;1;0;1;1;-22,8400508;-43,0900373;SPRF-RJ;DEL02-RJ;UOP02-DEL02-RJ;;;
739283;16/12/2025;ter�a-feira;13:30:00;RJ;101;504;ANGRA DOS REIS;Acessar a via sem observar a presen�a dos outros ve�culos;Colis�o transversal;Com V�timas Feridas;Pleno dia;Crescente;C�u Claro;Simples;Reta;N�o;2;0;1;0;1;0;1;2;-22,93231879;-44,3906007;SPRF-RJ;DEL03-RJ;UOP03-DEL03-RJ;;;
739284;16/12/2025;ter�a-feira;08:20:00;MT;174;392;NOVA LACERDA;Manobra de mudan�a de faixa;Colis�o frontal;Com V�timas Feridas;Pleno dia;Decrescente;Chuva;Simples;Reta;N�o;2;0;0;1;1;0;1;2;-14,45650539;-59,59908486;SPRF-MT;DEL04-MT;UOP02-DEL04-MT;;;
739285;16/12/2025;ter�a-feira;12:30:00;RJ;40;122;DUQUE DE CAXIAS;Rea��o tardia ou ineficiente do condutor;Queda de ocupante de ve�culo;Com V�timas Feridas;Pleno dia;Crescente;C�u Claro;Dupla;Reta;Sim;1;0;1;0;0;0;1;1;-22,79425196;-43,28750288;SPRF-RJ;DEL01-RJ;UOP02-DEL01-RJ;;;
739286;16/12/2025;ter�a-feira;14:00:00;SC;101;130;CAMBORIU;Demais falhas mec�nicas ou el�tricas;Tombamento;Com V�timas Feridas;Pleno dia;Crescente;C�u Claro;Dupla;Reta;N�o;2;0;2;0;0;0;2;1;-26,98343776;-48,67117615;SPRF-SC;DEL04-SC;UOP03-DEL04-SC;;;
739287;16/12/2025;ter�a-feira;12:30:00;RS;468;34,8;CORONEL BICACO;Afundamento ou ondula��o no pavimento;Colis�o frontal;Com V�timas Fatais;Pleno dia;Crescente;C�u Claro;Simples;Reta;N�o;3;1;1;0;1;0;1;2;-27,761793;-53,57094;SPRF-RS;DEL08-RS;UOP01-DEL08-RS;;;
739288;16/12/2025;ter�a-feira;13:37:00;PR;116;18,4;CURITIBA;Condutor deixou de manter dist�ncia do ve�culo da frente;Colis�o traseira;Com V�timas Feridas;Pleno dia;Crescente;Nublado;Dupla;"Reta;Aclive";Sim;3;0;0;1;2;0;1;2;-25,388823;-49,19876;SPRF-PR;DEL01-PR;UOP02-DEL01-PR;;;
739289;16/12/2025;ter�a-feira;13:20:00;MG;262;810,2;UBERABA;Aus�ncia de rea��o do condutor;Colis�o traseira;Com V�timas Feridas;Pleno dia;Decrescente;C�u Claro;Dupla;Reta;Sim;2;0;1;0;1;0;1;2;-19,76826;-47,97398;SPRF-MG;DEL13-MG;UOP01-DEL13-MG;;;
739291;16/12/2025;ter�a-feira;12:40:00;MS;262;781,4;CORUMBA;Aus�ncia de rea��o do condutor;Sa�da de leito carro��vel;Sem V�timas;Pleno dia;Decrescente;Garoa/Chuvisco;Simples;Curva;N�o;1;0;0;0;1;0;0;1;-19,027435;-57,706955;SPRF-MS;DEL03-MS;UOP03-DEL03-MS;;;
739292;16/12/2025;ter�a-feira;14:30:00;RJ;393;171;TRES RIOS;Avarias e/ou desgaste excessivo no pneu;Tombamento;Com V�timas Feridas;Pleno dia;Decrescente;C�u Claro;Simples;Curva;N�o;2;0;2;0;0;0;2;1;-22,1240573;-43,1995223;SPRF-RJ;DEL05-RJ;UOP03-DEL05-RJ;;;
739295;16/12/2025;ter�a-feira;14:20:00;PR;277;584,5;CASCAVEL;Demais falhas mec�nicas ou el�tricas;Queda de ocupante de ve�culo;Com V�timas Feridas;Pleno dia;Decrescente;Sol;Dupla;Reta;Sim;1;0;0;1;0;0;1;1;-24,97802954;-53,38436577;SPRF-PR;DEL04-PR;UOP01-DEL04-PR;;;
739296;03/12/2025;quarta-feira;21:05:00;GO;153;347,6;JARAGUA;Velocidade Incompat�vel;Colis�o traseira;Com V�timas Feridas;Plena Noite;Decrescente;Nublado;Simples;Reta;N�o;2;0;1;0;1;0;1;2;-15,6615601;-49,35532557;SPRF-GO;DEL02-GO;UOP02-DEL02-GO;;;
739297;19/11/2025;quarta-feira;22:41:00;PB;230;12,1;CABEDELO;Aus�ncia de sinaliza��o;Tombamento;Com V�timas Feridas;Plena Noite;Decrescente;C�u Claro;Dupla;"Curva;Interse��o de Vias;Em Obras;Desvio Tempor�rio";Sim;1;0;0;1;0;0;1;1;-7,07282;-34,849392;SPRF-PB;DEL01-PB;UOP01-DEL01-PB;;;