id;data_inversa;dia_semana;horario;uf;br;km;municipio;causa_acidente;tipo_acidente;classificacao_acidente;fase_dia;sentido_via;condicao_metereologica;tipo_pista;tracado_via;uso_solo;pessoas;mortos;feridos_leves;feridos_graves;ilesos;ignorados;feridos;veiculos;latitude;longitude;regional;delegacia;uop;;;
739420;17/12/2025;quarta-feira;07:05:00;SC;101;216,3;PALHOCA;Demais falhas mec�nicas ou el�tricas;Tombamento;Com V�timas Feridas;Pleno dia;Decrescente;C�u Claro;Dupla;Reta;Sim;2;0;2;0;0;0;2;1;-27,66577225;-48,67468254;SPRF-SC;DEL01-SC;UOP02-DEL01-SC;;;
739423;17/12/2025;quarta-feira;06:45:00;RS;153;52,5;ERECHIM;Convers�o proibida;Colis�o transversal;Com V�timas Feridas;Pleno dia;Crescente;C�u Claro;Simples;Curva;N�o;2;0;1;0;1;0;1;2;-27,6680119;-52,2902935;SPRF-RS;DEL08-RS;UOP04-DEL08-RS;;;
739424;17/12/2025;quarta-feira;06:50:00;PB;101;90;JOAO PESSOA;Aus�ncia de rea��o do condutor;Tombamento;Com V�timas Feridas;Pleno dia;Crescente;C�u Claro;Dupla;Reta;Sim;1;0;1;0;0;0;1;1;-7,1792253;-34,9001736;SPRF-PB;DEL01-PB;UOP01-DEL01-PB;;;
739425;17/12/2025;quarta-feira;07:15:00;SC;101;112;ITAJAI;Manobra de mudan�a de faixa;Colis�o lateral mesmo sentido;Com V�timas Feridas;Pleno dia;Decrescente;C�u Claro;M�ltipla;Reta;Sim;2;0;1;0;1;0;1;2;-26,846332;-48,72146845;SPRF-SC;DEL04-SC;UOP04-DEL04-SC;;;
739426;17/12/2025;quarta-feira;07:00:00;SP;116;476;JACUPIRANGA;Condutor Dormindo;Sa�da de leito carro��vel;Com V�timas Feridas;Pleno dia;Decrescente;Nublado;Dupla;Reta;N�o;1;0;1;0;0;0;1;1;-24,70261931;-48,00851315;SPRF-SP;DEL05-SP;UOP01-DEL05-SP;;;
739428;17/12/2025;quarta-feira;06:50:00;RJ;101;95;CAMPOS DOS GOYTACAZES;Rea��o tardia ou ineficiente do condutor;Tombamento;Com V�timas Feridas;Pleno dia;Crescente;Chuva;Dupla;Curva;N�o;2;0;1;1;0;0;2;1;-21,874505;-41,571939;SPRF-RJ;DEL08-RJ;UOP02-DEL08-RJ;;;
739429;17/12/2025;quarta-feira;06:40:00;PR;116;8;CAMPINA GRANDE DO SUL;Aus�ncia de rea��o do condutor;Capotamento;Com V�timas Feridas;Pleno dia;Crescente;Garoa/Chuvisco;Dupla;Curva;N�o;3;0;0;1;2;0;1;1;-25,08787748;-48,60454559;SPRF-PR;DEL01-PR;UOP02-DEL01-PR;;;
739430;17/12/2025;quarta-feira;07:40:00;DF;60;7;BRASILIA;Manobra de mudan�a de faixa;Colis�o lateral mesmo sentido;Com V�timas Feridas;Pleno dia;Decrescente;Nublado;Dupla;Reta;Sim;3;0;1;0;2;0;1;2;-15,901596;-48,123457;SPRF-DF;DEL03-DF;UOP01-DEL03-DF;;;
739431;17/12/2025;quarta-feira;07:00:00;RJ;493;87;SEROPEDICA;Aus�ncia de rea��o do condutor;Sa�da de leito carro��vel;Com V�timas Feridas;Amanhecer;Decrescente;Chuva;Dupla;Reta;N�o;1;0;1;0;0;0;1;1;-22,66629385;-43,63735199;SPRF-RJ;DEL01-RJ;UOP03-DEL01-RJ;;;
739437;17/12/2025;quarta-feira;05:20:00;MG;267;15,4;LEOPOLDINA;Mal s�bito do condutor;Sa�da de leito carro��vel;Com V�timas Feridas;Amanhecer;Crescente;Chuva;Simples;Curva;Sim;2;0;2;0;0;0;2;1;-21,58593511;-42,74299622;SPRF-MG;DEL07-MG;UOP01-DEL07-MG;;;
739438;17/12/2025;quarta-feira;06:55:00;PR;277;589;CASCAVEL;Transitar no Acostamento;Colis�o traseira;Com V�timas Feridas;Pleno dia;Decrescente;C�u Claro;Simples;Reta;Sim;2;0;1;0;1;0;1;2;-24,971398;-53,43364;SPRF-PR;DEL04-PR;UOP01-DEL04-PR;;;
739440;17/12/2025;quarta-feira;07:50:00;MG;40;523;CONTAGEM;Trafegar com motocicleta (ou similar) entre as faixas;Colis�o traseira;Com V�timas Feridas;Pleno dia;Crescente;C�u Claro;Dupla;Reta;Sim;3;0;1;0;2;0;1;2;-19,87387387;-44,0467024;SPRF-MG;DEL01-MG;UOP02-DEL01-MG;;;
739441;17/12/2025;quarta-feira;07:30:00;SC;480;124,9;CHAPECO;Aus�ncia de rea��o do condutor;Colis�o traseira;Com V�timas Feridas;Pleno dia;Decrescente;C�u Claro;Dupla;"Reta;Aclive";N�o;2;0;1;0;1;0;1;2;-27,00240068;-52,64438722;SPRF-SC;DEL07-SC;UOP01-DEL07-SC;;;
739442;17/12/2025;quarta-feira;08:00:00;SC;101;118;ITAJAI;Mal s�bito do condutor;Colis�o traseira;Com V�timas Feridas;Pleno dia;Crescente;C�u Claro;M�ltipla;Reta;N�o;2;0;1;0;1;0;1;2;-26,89546785;-48,71932838;SPRF-SC;DEL04-SC;UOP04-DEL04-SC;;;
739443;17/12/2025;quarta-feira;07:30:00;PB;230;333,4;PATOS;Rea��o tardia ou ineficiente do condutor;Colis�o lateral mesmo sentido;Com V�timas Feridas;Pleno dia;Crescente;Nublado;Simples;Reta;Sim;3;0;1;1;1;0;2;2;-7,018815;-37,254439;SPRF-PB;DEL03-PB;UOP01-DEL03-PB;;;
739448;17/12/2025;quarta-feira;07:59:00;PE;101;74;RECIFE;Rea��o tardia ou ineficiente do condutor;Colis�o traseira;Sem V�timas;Pleno dia;Crescente;C�u Claro;Dupla;Reta;Sim;2;0;0;0;2;0;0;2;-8,10392821;-34,94847536;SPRF-PE;DEL01-PE;UOP01-DEL01-PE;;;
739449;17/12/2025;quarta-feira;07:00:00;RN;304;83,4;ACU;Condutor Dormindo;Capotamento;Com V�timas Feridas;Pleno dia;Decrescente;C�u Claro;Simples;Reta;N�o;1;0;1;0;0;0;1;1;-5,4965417;-37,149825;SPRF-RN;DEL04-RN;UOP01-DEL04-RN;;;
739451;17/12/2025;quarta-feira;07:15:00;RJ;101;529;ANGRA DOS REIS;Pista Escorregadia;Colis�o frontal;Com V�timas Feridas;Pleno dia;Crescente;Chuva;Simples;"Curva;Declive";N�o;2;0;1;1;0;0;2;2;-23,02619824;-44,50471791;SPRF-RJ;DEL03-RJ;UOP03-DEL03-RJ;;;
739452;17/12/2025;quarta-feira;08:15:00;GO;60;100,8;ANAPOLIS;Demais falhas mec�nicas ou el�tricas;Tombamento;Com V�timas Feridas;Pleno dia;Decrescente;C�u Claro;Dupla;"Reta;Declive";Sim;2;0;2;0;0;0;2;1;-16,40086208;-48,97131152;SPRF-GO;DEL02-GO;UOP01-DEL02-GO;;;
739453;12/12/2025;sexta-feira;20:40:00;MT;174;300;PONTES E LACERDA;Condutor deixou de manter dist�ncia do ve�culo da frente;Colis�o traseira;Sem V�timas;Plena Noite;Decrescente;C�u Claro;Simples;Reta;N�o;2;0;0;0;1;1;0;2;-15,17138824;-59,32085037;SPRF-MT;DEL04-MT;UOP01-DEL04-MT;;;
739454;17/12/2025;quarta-feira;08:40:00;RN;405;1;MOSSORO;Acessar a via sem observar a presen�a dos outros ve�culos;Colis�o transversal;Com V�timas Feridas;Pleno dia;Crescente;Sol;Dupla;Retorno Regulamentado;Sim;2;0;1;0;1;0;1;2;-5,19174061;-37,36273545;SPRF-RN;DEL04-RN;UOP02-DEL04-RN;;;
739459;17/12/2025;quarta-feira;08:45:00;RN;101;105,9;PARNAMIRIM;Acessar a via sem observar a presen�a dos outros ve�culos;Colis�o lateral mesmo sentido;Com V�timas Feridas;Pleno dia;Decrescente;C�u Claro;Dupla;"Reta;Viaduto";Sim;2;0;1;0;1;0;1;2;-5,90516;-35,26007;SPRF-RN;DEL01-RN;UOP01-DEL01-RN;;;
739460;17/12/2025;quarta-feira;07:00:00;RJ;116;179;MESQUITA;Convers�o proibida;Colis�o lateral mesmo sentido;Com V�timas Feridas;Pleno dia;Decrescente;Garoa/Chuvisco;M�ltipla;Reta;N�o;2;0;0;1;1;0;1;2;-22,77192592;-43,40581767;SPRF-RJ;DEL06-RJ;UOP01-DEL06-RJ;;;
739461;17/12/2025;quarta-feira;07:30:00;BA;324;522;FEIRA DE SANTANA;Trafegar com motocicleta (ou similar) entre as faixas;Colis�o lateral mesmo sentido;Com V�timas Feridas;Pleno dia;Crescente;C�u Claro;Dupla;Reta;Sim;3;0;1;0;1;1;1;3;-12,30622803;-38,89093772;SPRF-BA;DEL01-BA;UOP03-DEL01-BA;;;
739462;17/12/2025;quarta-feira;08:40:00;PE;232;9;JABOATAO DOS GUARARAPES;Manobra de mudan�a de faixa;Colis�o lateral mesmo sentido;Com V�timas Feridas;Pleno dia;Decrescente;C�u Claro;Dupla;Reta;N�o;2;0;1;0;1;0;1;2;-8,07919325;-34,98644932;SPRF-PE;DEL01-PE;UOP01-DEL01-PE;;;
739464;17/12/2025;quarta-feira;08:35:00;PB;230;22,9;JOAO PESSOA;Condutor deixou de manter dist�ncia do ve�culo da frente;Colis�o traseira;Com V�timas Feridas;Pleno dia;Decrescente;C�u Claro;Dupla;Reta;Sim;3;0;1;0;2;0;1;2;-7,1581162;-34,8581053;SPRF-PB;DEL01-PB;UOP01-DEL01-PB;;;
739466;17/12/2025;quarta-feira;08:50:00;RN;101;96;NATAL;Condutor deixou de manter dist�ncia do ve�culo da frente;Colis�o traseira;Sem V�timas;Pleno dia;Decrescente;C�u Claro;Dupla;Reta;N�o;2;0;0;0;2;0;0;2;-5,8488;-35,208599;SPRF-RN;DEL01-RN;UOP01-DEL01-RN;;;
739467;17/12/2025;quarta-feira;08:10:00;SC;101;41;JOINVILLE;Desrespeitar a prefer�ncia no cruzamento;Colis�o transversal;Com V�timas Feridas;Pleno dia;Crescente;C�u Claro;M�ltipla;Viaduto;Sim;2;0;1;0;1;0;1;2;-26,31694502;-48,90971124;SPRF-SC;DEL03-SC;UOP01-DEL03-SC;;;
739468;17/12/2025;quarta-feira;09:00:00;MG;381;628,6;OLIVEIRA;Aus�ncia de rea��o do condutor;Sa�da de leito carro��vel;Com V�timas Feridas;Pleno dia;Decrescente;Chuva;Dupla;"Aclive;Curva";N�o;3;0;3;0;0;0;3;1;-20,824062;-44,801149;SPRF-MG;DEL04-MG;UOP01-DEL04-MG;;;
739469;17/12/2025;quarta-feira;07:00:00;MG;365;599;UBERLANDIA;Aus�ncia de rea��o do condutor;Sa�da de leito carro��vel;Sem V�timas;Amanhecer;Crescente;Nublado;Simples;Aclive;N�o;1;0;0;0;1;0;0;1;-18,88215952;-48,09766693;SPRF-MG;DEL15-MG;UOP01-DEL15-MG;;;
739470;17/12/2025;quarta-feira;07:14:00;MG;365;624;UBERLANDIA;Aus�ncia de rea��o do condutor;Queda de ocupante de ve�culo;Com V�timas Feridas;Pleno dia;Decrescente;C�u Claro;Dupla;Reta;Sim;1;0;1;0;0;0;1;1;-18,88991453;-48,25737899;SPRF-MG;DEL15-MG;UOP01-DEL15-MG;;;
739472;17/12/2025;quarta-feira;10:10:00;ES;101;149;LINHARES;Acumulo de areia ou detritos sobre o pavimento;Sa�da de leito carro��vel;Com V�timas Feridas;Pleno dia;Crescente;C�u Claro;Dupla;Reta;Sim;1;0;1;0;0;0;1;1;-19,39654634;-40,06395992;SPRF-ES;DEL04-ES;UOP01-DEL04-ES;;;
739474;17/12/2025;quarta-feira;08:00:00;RJ;116;298;PORTO REAL;Rea��o tardia ou ineficiente do condutor;Colis�o com objeto;Com V�timas Feridas;Pleno dia;Crescente;Chuva;Dupla;Reta;N�o;1;0;1;0;0;0;1;1;-22,45027065;-44,31007927;SPRF-RJ;DEL07-RJ;UOP02-DEL07-RJ;;;
739478;17/12/2025;quarta-feira;10:20:00;RN;101;84;SAO GONCALO DO AMARANTE;Manobra de mudan�a de faixa;Colis�o lateral mesmo sentido;Com V�timas Feridas;Pleno dia;Crescente;C�u Claro;Simples;Reta;Sim;2;0;0;1;0;1;1;2;-5,77559058;-35,25447249;SPRF-RN;DEL02-RN;UOP01-DEL02-RN;;;
739480;17/12/2025;quarta-feira;07:30:00;MA;316;349;BACABAL;Desrespeitar a prefer�ncia no cruzamento;Colis�o transversal;Com V�timas Feridas;Pleno dia;Crescente;C�u Claro;Simples;Interse��o de Vias;N�o;3;0;0;2;0;1;2;2;-4,23240505;-44,88292694;SPRF-MA;DEL02-MA;UOP01-DEL02-MA;;;
739482;17/12/2025;quarta-feira;08:00:00;MT;364;440;VARZEA GRANDE;Demais falhas mec�nicas ou el�tricas;Inc�ndio;Sem V�timas;Pleno dia;Crescente;C�u Claro;Simples;Reta;N�o;1;0;0;0;1;0;0;1;-15,59924821;-56,21719256;SPRF-MT;DEL01-MT;UOP02-DEL01-MT;;;
739484;17/12/2025;quarta-feira;10:02:00;PI;343;11;PARNAIBA;Acessar a via sem observar a presen�a dos outros ve�culos;Colis�o transversal;Com V�timas Feridas;Pleno dia;Decrescente;C�u Claro;Simples;Reta;Sim;2;0;0;1;1;0;1;2;-2,903203;-41,750885;SPRF-PI;DEL05-PI;UOP01-DEL05-PI;;;
739486;17/12/2025;quarta-feira;10:25:00;RJ;40;75;PETROPOLIS;Pista Escorregadia;Sa�da de leito carro��vel;Com V�timas Feridas;Pleno dia;Crescente;Chuva;Simples;"Declive;Curva";N�o;2;0;1;0;1;0;1;2;-22,4693587;-43,2344662;SPRF-RJ;DEL01-RJ;UOP01-DEL01-RJ;;;
739487;17/12/2025;quarta-feira;08:45:00;PR;277;191;PALMEIRA;Acessar a via sem observar a presen�a dos outros ve�culos;Colis�o transversal;Com V�timas Feridas;Pleno dia;Decrescente;Sol;Simples;Reta;N�o;5;0;1;0;4;0;1;2;-25,430883;-50,137639;SPRF-PR;DEL08-PR;UOP02-DEL08-PR;;;
739488;17/12/2025;quarta-feira;10:05:00;MG;116;277,7;TEOFILO OTONI;Rea��o tardia ou ineficiente do condutor;Atropelamento de Pedestre;Com V�timas Feridas;Pleno dia;Decrescente;Nublado;Dupla;"Reta;Interse��o de Vias";Sim;2;0;1;0;1;0;1;2;-17,86569749;-41,51622891;SPRF-MG;DEL11-MG;UOP01-DEL11-MG;;;
739489;17/12/2025;quarta-feira;10:40:00;SC;101;212;PALHOCA;Aus�ncia de rea��o do condutor;Colis�o lateral mesmo sentido;Com V�timas Feridas;Pleno dia;Decrescente;C�u Claro;Dupla;Reta;N�o;2;0;1;0;1;0;1;2;-27,62497398;-48,64981592;SPRF-SC;DEL01-SC;UOP02-DEL01-SC;;;
739490;17/12/2025;quarta-feira;08:00:00;PR;373;228;IMBITUVA;Acessar a via sem observar a presen�a dos outros ve�culos;Colis�o transversal;Sem V�timas;Pleno dia;Crescente;C�u Claro;Simples;Reta;N�o;2;0;0;0;2;0;0;2;-25,17832707;-50,65246431;SPRF-PR;DEL03-PR;UOP01-DEL03-PR;;;
739491;01/12/2025;segunda-feira;11:40:00;SC;282;130,4;RIO NEGRINHO;Acessar a via sem observar a presen�a dos outros ve�culos;Colis�o transversal;Com V�timas Feridas;Pleno dia;Decrescente;Nublado;Simples;"Declive;Reta";N�o;2;0;0;1;1;0;1;2;-26,253958;-49,533787;SPRF-SC;DEL05-SC;UOP01-DEL05-SC;;;
739492;17/12/2025;quarta-feira;10:40:00;MG;116;601,3;MANHUACU;Acessar a via sem observar a presen�a dos outros ve�culos;Colis�o transversal;Com V�timas Feridas;Pleno dia;Decrescente;Chuva;Simples;Reta;N�o;2;0;0;1;1;0;1;2;-20,2503567;-42,1423986;SPRF-MG;DEL06-MG;UOP03-DEL06-MG;;;
739493;17/12/2025;quarta-feira;11:03:00;PA;316;52,8;CASTANHAL;Acessar a via sem observar a presen�a dos outros ve�culos;Colis�o transversal;Com V�timas Feridas;Pleno dia;Decrescente;C�u Claro;Dupla;Reta;N�o;2;0;1;0;1;0;1;2;-1,30615;-48,00347;SPRF-PA;DEL01-PA;UOP01-DEL01-PA;;;
739494;17/12/2025;quarta-feira;09:10:00;SC;101;96;BARRA VELHA;Trafegar com motocicleta (ou similar) entre as faixas;Colis�o lateral mesmo sentido;Com V�timas Feridas;Pleno dia;Crescente;C�u Claro;M�ltipla;Reta;N�o;4;0;1;0;3;0;1;2;-26,71906269;-48,7023267;SPRF-SC;DEL03-SC;UOP02-DEL03-SC;;;
739495;17/12/2025;quarta-feira;11:25:00;GO;50;288,7;CATALAO;Acesso irregular;Colis�o lateral mesmo sentido;Com V�timas Feridas;Pleno dia;Crescente;Nublado;Dupla;Rotat�ria;N�o;3;0;1;0;2;0;1;2;-18,23648446;-47,98540592;SPRF-GO;DEL06-GO;UOP01-DEL06-GO;;;
739500;17/12/2025;quarta-feira;11:00:00;GO;60;265;INDIARA;Condutor Dormindo;Sa�da de leito carro��vel;Com V�timas Feridas;Pleno dia;Crescente;C�u Claro;Dupla;Reta;N�o;2;0;2;0;0;0;2;1;-17,201392;-50,089014;SPRF-GO;DEL01-GO;UOP02-DEL01-GO;;;
739501;11/12/2025;quinta-feira;18:00:00;PI;316;291;PICOS;Acessar a via sem observar a presen�a dos outros ve�culos;Colis�o lateral mesmo sentido;Com V�timas Feridas;Plena Noite;Crescente;C�u Claro;Simples;Reta;N�o;2;0;1;0;1;0;1;2;-7,008253;-41,59831;SPRF-PI;DEL04-PI;UOP01-DEL04-PI;;;
739502;17/12/2025;quarta-feira;08:15:00;RJ;101;12,2;CAMPOS DOS GOYTACAZES;Chuva;Sa�da de leito carro��vel;Com V�timas Feridas;Pleno dia;Crescente;Chuva;Simples;Curva;N�o;3;0;2;0;1;0;2;1;-21,31876167;-41,3269186;SPRF-RJ;DEL08-RJ;UOP01-DEL08-RJ;;;
739503;17/12/2025;quarta-feira;11:00:00;RJ;116;89;TERESOPOLIS;Chuva;Sa�da de leito carro��vel;Com V�timas Feridas;Pleno dia;Decrescente;Chuva;Simples;Curva;N�o;1;0;1;0;0;0;1;1;-22,454445;-42,959697;SPRF-RJ;DEL04-RJ;UOP01-DEL04-RJ;;;
739504;07/12/2025;domingo;19:00:00;PI;407;424;PICOS;Transitar no Acostamento;Atropelamento de Pedestre;Com V�timas Feridas;Plena Noite;Crescente;Nublado;Simples;Reta;Sim;2;0;0;2;0;0;2;2;-7,08448605;-41,42985106;SPRF-PI;DEL04-PI;UOP01-DEL04-PI;;;
739505;17/12/2025;quarta-feira;10:40:00;PI;343;335,8;TERESINA;Demais falhas mec�nicas ou el�tricas;Sa�da de leito carro��vel;Com V�timas Fatais;Pleno dia;Crescente;C�u Claro;Dupla;Reta;Sim;1;1;0;0;0;0;0;1;-5,06297808;-42,7023223;SPRF-PI;DEL01-PI;UOP01-DEL01-PI;;;
739507;17/12/2025;quarta-feira;09:50:00;MG;116;120,5;ITAOBIM;Ultrapassagem Indevida;Colis�o frontal;Com V�timas Fatais;Pleno dia;Decrescente;Nublado;Simples;Reta;N�o;2;1;1;0;0;0;1;2;-16,603932;-41,499235;SPRF-MG;DEL11-MG;UOP02-DEL11-MG;;;
739509;08/12/2025;segunda-feira;08:30:00;PR;116;114;CURITIBA;Trafegar com motocicleta (ou similar) entre as faixas;Colis�o lateral mesmo sentido;Com V�timas Feridas;Pleno dia;Decrescente;C�u Claro;Dupla;Reta;Sim;3;0;1;0;2;0;1;3;-25,545771;-49,296439;SPRF-PR;DEL01-PR;UOP03-DEL01-PR;;;
739510;17/12/2025;quarta-feira;12:17:00;PI;343;447,3;AGUA BRANCA;Ultrapassagem Indevida;Colis�o frontal;Com V�timas Feridas;Pleno dia;Decrescente;Nublado;Simples;Reta;N�o;4;0;0;2;2;0;2;2;-5,9024712;-42,6670155;SPRF-PI;DEL01-PI;UOP02-DEL01-PI;;;
739511;17/12/2025;quarta-feira;12:00:00;MG;40;717,3;BARBACENA;Rea��o tardia ou ineficiente do condutor;Sa�da de leito carro��vel;Com V�timas Feridas;Pleno dia;Decrescente;Nublado;Dupla;Curva;N�o;1;0;1;0;0;0;1;1;-21,27935359;-43,6434339;SPRF-MG;DEL05-MG;UOP01-DEL05-MG;;;
739512;17/12/2025;quarta-feira;12:50:00;MA;226;297;BARRA DO CORDA;Acessar a via sem observar a presen�a dos outros ve�culos;Colis�o transversal;Com V�timas Feridas;Pleno dia;Crescente;C�u Claro;Simples;Reta;Sim;2;0;1;0;1;0;1;2;-5,5044553;-45,23329097;SPRF-MA;DEL06-MA;UOP01-DEL06-MA;;;
739515;17/12/2025;quarta-feira;11:30:00;GO;40;11;LUZIANIA;Condutor deixou de manter dist�ncia do ve�culo da frente;Colis�o traseira;Com V�timas Feridas;Pleno dia;Crescente;Nublado;Dupla;Reta;Sim;4;0;2;0;2;0;2;3;-16,14336;-47,94639;SPRF-DF;DEL01-DF;UOP01-DEL01-DF;;;
739516;17/12/2025;quarta-feira;10:35:00;MG;381;297;ANTONIO DIAS;Acumulo de �gua sobre o pavimento;Sa�da de leito carro��vel;Com V�timas Feridas;Pleno dia;Decrescente;Chuva;Dupla;"Curva;Declive";N�o;5;0;4;0;1;0;4;1;-19,6339;-42,88938;SPRF-MG;DEL03-MG;UOP02-DEL03-MG;;;
739517;22/11/2025;s�bado;07:30:00;PR;369;153;LONDRINA;Condutor desrespeitou a ilumina��o vermelha do sem�foro;Colis�o transversal;Com V�timas Feridas;Pleno dia;Crescente;C�u Claro;Dupla;"Reta;Declive";Sim;3;0;2;0;1;0;2;2;-23,29361835;-51,18730752;SPRF-PR;DEL07-PR;UOP01-DEL07-PR;;;
739518;17/12/2025;quarta-feira;10:20:00;MG;381;635,9;SANTO ANTONIO DO AMPARO;Velocidade Incompat�vel;Colis�o com objeto;Sem V�timas;Pleno dia;Crescente;Chuva;Dupla;"Declive;Curva;Viaduto";N�o;1;0;0;0;1;0;0;1;-20,86626932;-44,84135645;SPRF-MG;DEL04-MG;UOP01-DEL04-MG;;;
739521;17/12/2025;quarta-feira;13:40:00;RS;116;237;NOVO HAMBURGO;Objeto est�tico sobre o leito carro��vel;Colis�o com objeto;Com V�timas Feridas;Pleno dia;Crescente;C�u Claro;M�ltipla;"Reta;Em Obras";Sim;4;0;1;0;0;3;1;2;-29,68218288;-51,14206406;SPRF-RS;DEL01-RS;UOP02-DEL01-RS;;;
739522;17/12/2025;quarta-feira;10:35:00;MG;116;439;ENGENHEIRO CALDAS;Velocidade Incompat�vel;Sa�da de leito carro��vel;Com V�timas Feridas;Pleno dia;Decrescente;Nublado;Simples;Curva;N�o;1;0;1;0;0;0;1;1;-19,07600791;-41,99951068;SPRF-MG;DEL06-MG;UOP01-DEL06-MG;;;
739528;17/12/2025;quarta-feira;13:45:00;PB;230;106;MOGEIRO;Demais falhas mec�nicas ou el�tricas;Inc�ndio;Sem V�timas;Pleno dia;Decrescente;C�u Claro;Dupla;"Aclive;Reta";N�o;1;0;0;0;0;1;0;1;-7,204344;-35,53952507;SPRF-PB;DEL01-PB;UOP02-DEL01-PB;;;
739529;17/12/2025;quarta-feira;14:15:00;SC;101;205,1;SAO JOSE;Mal s�bito do condutor;Sa�da de leito carro��vel;Com V�timas Feridas;Pleno dia;Crescente;Sol;M�ltipla;Reta;Sim;1;0;1;0;0;0;1;1;-27,58762091;-48,61698451;SPRF-SC;DEL01-SC;UOP01-DEL01-SC;;;
739530;17/12/2025;quarta-feira;14:00:00;BA;101;259;SANTO ANTONIO DE JESUS;Acessar a via sem observar a presen�a dos outros ve�culos;Colis�o transversal;Com V�timas Feridas;Pleno dia;Crescente;C�u Claro;Simples;"Aclive;Retorno Regulamentado";Sim;2;0;1;0;1;0;1;2;-12,9558715;-39,259138;SPRF-BA;DEL01-BA;UOP02-DEL01-BA;;;
739533;14/12/2025;domingo;03:20:00;SC;282;530,5;CORDILHEIRA ALTA;Ingest�o de �lcool pelo condutor;Sa�da de leito carro��vel;Sem V�timas;Plena Noite;Decrescente;C�u Claro;Simples;Curva;N�o;1;0;0;0;1;0;0;1;-26,9868465;-52,61011219;SPRF-SC;DEL07-SC;UOP01-DEL07-SC;;;
739534;17/12/2025;quarta-feira;10:00:00;SC;280;28;ARAQUARI;Acessar a via sem observar a presen�a dos outros ve�culos;Colis�o transversal;Com V�timas Feridas;Pleno dia;Crescente;C�u Claro;Simples;"Reta;Interse��o de Vias";Sim;2;0;1;0;1;0;1;2;-26,404829;-48,745765;SPRF-SC;DEL03-SC;UOP03-DEL03-SC;;;
739536;17/12/2025;quarta-feira;10:00:00;MT;364;273;JACIARA;Acessar a via sem observar a presen�a dos outros ve�culos;Colis�o transversal;Com V�timas Feridas;Pleno dia;Decrescente;C�u Claro;Dupla;Retorno Regulamentado;Sim;2;0;1;0;1;0;1;2;-15,958;-54,973;SPRF-MT;DEL05-MT;UOP02-DEL05-MT;;;
739537;17/12/2025;quarta-feira;14:40:00;RJ;116;285;BARRA MANSA;Demais falhas mec�nicas ou el�tricas;Inc�ndio;Sem V�timas;Pleno dia;Decrescente;Chuva;Dupla;"Reta;Aclive";N�o;1;0;0;0;1;0;0;1;-22,506571;-44,222863;SPRF-RJ;DEL07-RJ;UOP02-DEL07-RJ;;;
739539;17/12/2025;quarta-feira;13:45:00;MA;135;66,6;SANTA RITA;Animais na Pista;Colis�o com objeto;Com V�timas Feridas;Pleno dia;Decrescente;C�u Claro;Dupla;Reta;Sim;2;0;2;0;0;0;2;1;-3,10904165;-44,32281733;SPRF-MA;DEL01-MA;UOP02-DEL01-MA;;;
739541;17/12/2025;quarta-feira;13:00:00;MS;267;30;BATAGUASSU;Desrespeitar a prefer�ncia no cruzamento;Colis�o lateral mesmo sentido;Com V�timas Feridas;Pleno dia;Crescente;C�u Claro;Dupla;Reta;Sim;4;0;1;0;2;1;1;3;-21,71969;-52,425913;SPRF-MS;DEL02-MS;UOP04-DEL02-MS;;;
739545;17/12/2025;quarta-feira;13:15:00;PE;104;102,2;PANELAS;Ultrapassagem Indevida;Colis�o lateral mesmo sentido;Com V�timas Feridas;Pleno dia;Crescente;C�u Claro;Simples;Aclive;N�o;3;0;0;2;1;0;2;2;-8,63026377;-36,01281881;SPRF-PE;DEL02-PE;UOP01-DEL02-PE;;;
739547;17/12/2025;quarta-feira;14:45:00;MG;40;676,4;RESSAQUINHA;Aus�ncia de rea��o do condutor;Colis�o com objeto;Com V�timas Feridas;Pleno dia;Decrescente;C�u Claro;Simples;Curva;N�o;2;0;2;0;0;0;2;1;-21,0489497;-43,7632051;SPRF-MG;DEL05-MG;UOP02-DEL05-MG;;;
739548;17/12/2025;quarta-feira;15:15:00;RS;116;0;PORTO ALEGRE;Manobra de mudan�a de faixa;Colis�o lateral mesmo sentido;Com V�timas Feridas;Pleno dia;Crescente;Sol;M�ltipla;Reta;Sim;3;0;1;0;0;2;1;3;-29,97343016;-51,17758465;SPRF-RS;DEL01-RS;UOP01-DEL01-RS;;;
739551;17/12/2025;quarta-feira;16:28:00;BA;324;616;SALVADOR;Avarias e/ou desgaste excessivo no pneu;Tombamento;Com V�timas Feridas;Pleno dia;Decrescente;C�u Claro;Dupla;Reta;Sim;2;0;1;0;1;0;1;1;-12,8901021;-38,441334;SPRF-BA;DEL01-BA;UOP01-DEL01-BA;;;
739552;17/12/2025;quarta-feira;14:45:00;PR;277;442,5;VIRMOND;Ingest�o de �lcool pelo condutor;Colis�o frontal;Com V�timas Feridas;Pleno dia;Crescente;C�u Claro;Simples;"Reta;Declive";N�o;4;0;1;3;0;0;4;2;-25,375518;-52,258832;SPRF-PR;DEL04-PR;UOP02-DEL04-PR;;;
739554;17/12/2025;quarta-feira;16:20:00;DF;70;10;BRASILIA;Manobra de mudan�a de faixa;Colis�o lateral mesmo sentido;Com V�timas Feridas;Pleno dia;Crescente;C�u Claro;Dupla;Reta;N�o;2;0;1;0;1;0;1;2;-15,788385;-48,144656;SPRF-DF;DEL03-DF;UOP02-DEL03-DF;;;