id;data_inversa;dia_semana;horario;uf;br;km;municipio;causa_acidente;tipo_acidente;classificacao_acidente;fase_dia;sentido_via;condicao_metereologica;tipo_pista;tracado_via;uso_solo;pessoas;mortos;feridos_leves;feridos_graves;ilesos;ignorados;feridos;veiculos;latitude;longitude;regional;delegacia;uop;;;
739555;17/12/2025;quarta-feira;16:15:00;RJ;40;93;DUQUE DE CAXIAS;Pista Escorregadia;Sa�da de leito carro��vel;Com V�timas Feridas;Pleno dia;Crescente;Chuva;Simples;"Curva;Declive";N�o;1;0;1;0;0;0;1;1;-22,57026803;-43,27789307;SPRF-RJ;DEL01-RJ;UOP01-DEL01-RJ;;;
739556;17/12/2025;quarta-feira;16:45:00;PB;230;10,3;CABEDELO;Aus�ncia de rea��o do condutor;Tombamento;Com V�timas Feridas;Anoitecer;Crescente;C�u Claro;Dupla;Reta;Sim;2;0;2;0;0;0;2;1;-7,060625;-34,850643;SPRF-PB;DEL01-PB;UOP01-DEL01-PB;;;
739557;17/12/2025;quarta-feira;14:40:00;RO;364;334;JI-PARANA;Ingest�o de �lcool pelo condutor;Sa�da de leito carro��vel;Sem V�timas;Pleno dia;Decrescente;C�u Claro;Simples;Reta;N�o;1;0;0;0;1;0;0;1;-10,95037;-61,923958;SPRF-RO;DEL02-RO;UOP01-DEL02-RO;;;
739558;17/12/2025;quarta-feira;16:35:00;MG;381;489;BETIM;Aus�ncia de rea��o do condutor;Tombamento;Com V�timas Feridas;Plena Noite;Decrescente;C�u Claro;Dupla;Reta;Sim;1;0;1;0;0;0;1;1;-20,004864;-44,2007552;SPRF-MG;DEL01-MG;UOP03-DEL01-MG;;;
739562;17/12/2025;quarta-feira;16:10:00;PE;232;413;SERRA TALHADA;Acessar a via sem observar a presen�a dos outros ve�culos;Colis�o lateral mesmo sentido;Com V�timas Feridas;Pleno dia;Crescente;C�u Claro;Simples;Reta;N�o;2;0;2;0;0;0;2;2;-7,98159024;-38,31672907;SPRF-PE;DEL04-PE;UOP01-DEL04-PE;;;
739563;17/12/2025;quarta-feira;17:40:00;GO;60;100,9;ANAPOLIS;Animais na Pista;Atropelamento de Animal;Com V�timas Feridas;Pleno dia;Decrescente;C�u Claro;Dupla;"Reta;Declive";Sim;1;0;1;0;0;0;1;1;-16,400298;-48,970071;SPRF-GO;DEL02-GO;UOP01-DEL02-GO;;;
739564;17/12/2025;quarta-feira;17:30:00;SC;101;119,8;ITAJAI;Manobra de mudan�a de faixa;Colis�o lateral mesmo sentido;Com V�timas Feridas;Pleno dia;Decrescente;C�u Claro;M�ltipla;Reta;Sim;2;0;1;0;1;0;1;2;-26,89762893;-48,7184;SPRF-SC;DEL04-SC;UOP04-DEL04-SC;;;
739565;17/12/2025;quarta-feira;16:55:00;SC;116;260,1;CAPAO ALTO;Manobra de mudan�a de faixa;Colis�o traseira;Com V�timas Feridas;Pleno dia;Decrescente;C�u Claro;Simples;Reta;N�o;3;0;1;0;2;0;1;2;-27,92920409;-50,45110703;SPRF-SC;DEL05-SC;UOP02-DEL05-SC;;;
739566;17/12/2025;quarta-feira;17:00:00;GO;60;93;ANAPOLIS;Manobra de mudan�a de faixa;Colis�o lateral mesmo sentido;Com V�timas Feridas;Pleno dia;Decrescente;C�u Claro;Dupla;Reta;Sim;3;0;1;1;1;0;2;2;-16,353412;-48,922482;SPRF-GO;DEL02-GO;UOP01-DEL02-GO;;;
739567;17/12/2025;quarta-feira;17:00:00;BA;101;745,9;ITABELA;Desrespeitar a prefer�ncia no cruzamento;Colis�o transversal;Sem V�timas;Pleno dia;Decrescente;Sol;Simples;Reta;N�o;3;0;0;0;3;0;0;2;-16,580835;-39,556702;SPRF-BA;DEL09-BA;UOP01-DEL09-BA;;;
739568;17/12/2025;quarta-feira;17:15:00;SC;101;151;ITAPEMA;Condutor deixou de manter dist�ncia do ve�culo da frente;Colis�o traseira;Com V�timas Feridas;Pleno dia;Crescente;C�u Claro;Dupla;Reta;N�o;2;0;1;0;1;0;1;2;-27,13465676;-48,61008167;SPRF-SC;DEL04-SC;UOP03-DEL04-SC;;;
739569;17/12/2025;quarta-feira;17:20:00;AP;156;783;OIAPOQUE;Problema com o freio;Colis�o com objeto;Com V�timas Feridas;Pleno dia;Crescente;Nublado;Simples;"Curva;Declive";N�o;7;0;2;0;5;0;2;2;3,65039618;-51,76920891;SPRF-AP;DEL01-AP;UOP03-DEL01-AP;;;
739570;17/12/2025;quarta-feira;16:30:00;RJ;40;72;PETROPOLIS;Pista Escorregadia;Colis�o com objeto;Com V�timas Feridas;Pleno dia;Decrescente;Chuva;Simples;Curva;N�o;1;0;1;0;0;0;1;1;-22,45037961;-43,20407867;SPRF-RJ;DEL01-RJ;UOP01-DEL01-RJ;;;
739574;17/12/2025;quarta-feira;17:50:00;PB;230;0,6;CABEDELO;Acessar a via sem observar a presen�a dos outros ve�culos;Colis�o transversal;Sem V�timas;Anoitecer;Decrescente;C�u Claro;Simples;Reta;Sim;2;0;0;0;2;0;0;2;-6,972076;-34,833295;SPRF-PB;DEL01-PB;UOP01-DEL01-PB;;;
739579;17/12/2025;quarta-feira;18:10:00;RJ;101;315;SAO GONCALO;Mal s�bito do condutor;Queda de ocupante de ve�culo;Com V�timas Feridas;Anoitecer;Decrescente;Chuva;Dupla;Reta;Sim;1;0;1;0;0;0;1;1;-22,81954222;-43,08082581;SPRF-RJ;DEL02-RJ;UOP02-DEL02-RJ;;;
739580;17/12/2025;quarta-feira;16:20:00;MT;70;2;BARRA DO GARCAS;Rea��o tardia ou ineficiente do condutor;Colis�o lateral mesmo sentido;Com V�timas Feridas;Pleno dia;Decrescente;Garoa/Chuvisco;Simples;Reta;Sim;2;0;1;0;1;0;1;2;-15,8725271;-52,3855385;SPRF-MT;DEL07-MT;UOP01-DEL07-MT;;;
739581;17/12/2025;quarta-feira;18:00:00;PR;116;116,5;CURITIBA;Trafegar com motocicleta (ou similar) entre as faixas;Colis�o lateral mesmo sentido;Com V�timas Feridas;Anoitecer;Decrescente;Nublado;Dupla;Reta;Sim;2;0;1;0;1;0;1;2;-25,5554162;-49,3058027;SPRF-PR;DEL01-PR;UOP03-DEL01-PR;;;
739582;17/12/2025;quarta-feira;17:18:00;PR;476;275,7;SAO MATEUS DO SUL;Rea��o tardia ou ineficiente do condutor;Engavetamento;Com V�timas Feridas;Pleno dia;Crescente;C�u Claro;Simples;Reta;N�o;3;0;1;0;2;0;1;2;-25,87621432;-50,38433075;SPRF-PR;DEL02-PR;UOP03-DEL02-PR;;;
739583;17/12/2025;quarta-feira;19:15:00;SC;101;201,7;SAO JOSE;Condutor deixou de manter dist�ncia do ve�culo da frente;Colis�o traseira;Com V�timas Feridas;Plena Noite;Crescente;Nublado;M�ltipla;Reta;Sim;3;0;2;0;1;0;2;2;-27,55480001;-48,61945398;SPRF-SC;DEL01-SC;UOP01-DEL01-SC;;;
739584;17/12/2025;quarta-feira;16:40:00;PR;476;175;CONTENDA;Condutor deixou de manter dist�ncia do ve�culo da frente;Queda de ocupante de ve�culo;Com V�timas Feridas;Pleno dia;Crescente;Nublado;Simples;Reta;N�o;1;0;1;0;0;0;1;1;-25,6933295;-49,5532319;SPRF-PR;DEL01-PR;UOP06-DEL01-PR;;;
739585;17/12/2025;quarta-feira;19:30:00;RJ;116;122;MAGE;Velocidade Incompat�vel;Colis�o lateral mesmo sentido;Com V�timas Feridas;Plena Noite;Crescente;Chuva;Dupla;Reta;Sim;2;0;0;1;1;0;1;2;-22,63738224;-43,05902481;SPRF-RJ;DEL04-RJ;UOP02-DEL04-RJ;;;
739587;17/12/2025;quarta-feira;19:30:00;PR;369;142;IBIPORA;Acessar a via sem observar a presen�a dos outros ve�culos;Atropelamento de Pedestre;Com V�timas Feridas;Plena Noite;Crescente;C�u Claro;Simples;"Aclive;Reta";Sim;2;0;0;1;1;0;1;2;-23,29015404;-51,08324596;SPRF-PR;DEL07-PR;UOP01-DEL07-PR;;;
739589;17/12/2025;quarta-feira;18:40:00;RN;304;293,3;MACAIBA;Manobra de mudan�a de faixa;Colis�o lateral mesmo sentido;Com V�timas Feridas;Plena Noite;Decrescente;C�u Claro;Dupla;Reta;N�o;2;0;1;0;1;0;1;2;-5,86834;-35,37445;SPRF-RN;DEL01-RN;UOP02-DEL01-RN;;;
739590;17/12/2025;quarta-feira;18:00:00;MG;153;38,8;CENTRALINA;Pista esburacada;Sa�da de leito carro��vel;Sem V�timas;Plena Noite;Decrescente;Nublado;Dupla;Reta;N�o;1;0;0;0;1;0;0;1;-18,73553028;-49,10302836;SPRF-MG;DEL15-MG;UOP03-DEL15-MG;;;
739591;17/12/2025;quarta-feira;19:30:00;MG;262;382;FLORESTAL;Rea��o tardia ou ineficiente do condutor;Sa�da de leito carro��vel;Sem V�timas;Plena Noite;Decrescente;Chuva;Dupla;Reta;N�o;1;0;0;0;1;0;0;1;-19,91823551;-44,49322148;SPRF-MG;DEL01-MG;UOP03-DEL01-MG;;;
739592;22/10/2025;quarta-feira;07:50:00;BA;101;264;SANTO ANTONIO DE JESUS;Desrespeitar a prefer�ncia no cruzamento;Colis�o transversal;Com V�timas Feridas;Pleno dia;Decrescente;Sol;Simples;"Interse��o de Vias;Declive;Rotat�ria;Curva";Sim;2;0;2;0;0;0;2;2;-12,98520576;-39,29110982;SPRF-BA;DEL01-BA;UOP02-DEL01-BA;;;
739593;17/12/2025;quarta-feira;18:10:00;SC;101;3,5;ARARANGUA;Rea��o tardia ou ineficiente do condutor;Colis�o traseira;Com V�timas Feridas;Anoitecer;Crescente;Nublado;Simples;"Rotat�ria;Reta";Sim;2;0;1;0;1;0;1;2;-28,948556;-49,506251;SPRF-SC;DEL02-SC;UOP02-DEL02-SC;;;
739594;17/12/2025;quarta-feira;17:40:00;PR;277;424,6;CANTAGALO;Aus�ncia de rea��o do condutor;Sa�da de leito carro��vel;Com V�timas Feridas;Pleno dia;Decrescente;C�u Claro;Simples;"Reta;Declive";Sim;1;0;1;0;0;0;1;1;-25,38315852;-52,11597097;SPRF-PR;DEL04-PR;UOP02-DEL04-PR;;;
739595;17/12/2025;quarta-feira;18:25:00;AL;316;147,5;PALMEIRA DOS INDIOS;Pedestre andava na pista;Atropelamento de Pedestre;Com V�timas Feridas;Plena Noite;Decrescente;C�u Claro;Simples;Reta;N�o;2;0;0;1;0;1;1;2;-9,404725;-36,693342;SPRF-AL;DEL03-AL;UOP01-DEL03-AL;;;
739596;17/12/2025;quarta-feira;18:15:00;RO;364;226,4;CACOAL;Condutor deixou de manter dist�ncia do ve�culo da frente;Colis�o traseira;Com V�timas Feridas;Anoitecer;Decrescente;C�u Claro;Simples;"Reta;Declive";Sim;3;0;1;0;0;2;1;3;-11,50061546;-61,37037842;SPRF-RO;DEL02-RO;UOP02-DEL02-RO;;;
739597;17/12/2025;quarta-feira;18:00:00;MG;153;37,6;CENTRALINA;Aus�ncia de rea��o do condutor;Capotamento;Sem V�timas;Anoitecer;Decrescente;Nublado;Dupla;Reta;N�o;1;0;0;0;0;1;0;1;-18,728197;-49,113233;SPRF-MG;DEL15-MG;UOP03-DEL15-MG;;;
739598;17/12/2025;quarta-feira;19:35:00;PI;316;33;DEMERVAL LOBAO;Acessar a via sem observar a presen�a dos outros ve�culos;Colis�o lateral sentido oposto;Com V�timas Feridas;Plena Noite;Decrescente;Nublado;Dupla;Reta;Sim;2;0;1;0;1;0;1;2;-5,35656601;-42,67672468;SPRF-PI;DEL01-PI;UOP02-DEL01-PI;;;
739599;17/12/2025;quarta-feira;20:20:00;PR;116;121;CURITIBA;Manobra de mudan�a de faixa;Colis�o lateral mesmo sentido;Com V�timas Feridas;Plena Noite;Crescente;C�u Claro;Dupla;Reta;N�o;2;0;1;0;1;0;1;2;-25,597537;-49,316923;SPRF-PR;DEL01-PR;UOP03-DEL01-PR;;;
739600;17/12/2025;quarta-feira;19:59:00;RS;386;355,6;ESTRELA;Aus�ncia de rea��o do condutor;Colis�o com objeto;Com V�timas Feridas;Plena Noite;Crescente;C�u Claro;Dupla;Curva;N�o;1;0;0;1;0;0;1;1;-29,520253;-51,936369;SPRF-RS;DEL04-RS;UOP01-DEL04-RS;;;
739601;17/12/2025;quarta-feira;20:45:00;PR;376;171;MARINGA;Condutor deixou de manter dist�ncia do ve�culo da frente;Engavetamento;Com V�timas Feridas;Plena Noite;Crescente;C�u Claro;Dupla;Reta;N�o;4;0;1;0;3;0;1;3;-23,41512581;-51,98082296;SPRF-PR;DEL09-PR;UOP01-DEL09-PR;;;
739603;17/12/2025;quarta-feira;21:40:00;GO;40;3;VALPARAISO DE GOIAS;Acessar a via sem observar a presen�a dos outros ve�culos;Colis�o traseira;Com V�timas Feridas;Plena Noite;Crescente;Chuva;Dupla;Reta;Sim;3;0;1;0;2;0;1;2;-16,07581792;-47,98561871;SPRF-DF;DEL01-DF;UOP01-DEL01-DF;;;
739605;17/12/2025;quarta-feira;21:19:00;PE;101;81,5;JABOATAO DOS GUARARAPES;Ingest�o de �lcool pelo condutor;Tombamento;Com V�timas Feridas;Plena Noite;Crescente;C�u Claro;Dupla;Reta;Sim;1;0;0;1;0;0;1;1;-8,16373;-34,93873;SPRF-PE;DEL01-PE;UOP01-DEL01-PE;;;
739606;17/12/2025;quarta-feira;21:40:00;PR;476;158;ARAUCARIA;Aus�ncia de rea��o do condutor;Colis�o transversal;Com V�timas Feridas;Plena Noite;Decrescente;C�u Claro;Dupla;Reta;Sim;2;0;0;1;1;0;1;2;-25,60627497;-49,42104198;SPRF-PR;DEL01-PR;UOP06-DEL01-PR;;;
739607;06/12/2025;s�bado;07:18:00;TO;153;495,9;PARAISO DO TOCANTINS;Acessar a via sem observar a presen�a dos outros ve�culos;Colis�o frontal;Com V�timas Feridas;Pleno dia;Crescente;Nublado;Simples;Reta;Sim;5;0;0;1;2;2;1;3;-10,164615;-48,881307;SPRF-TO;DEL01-TO;UOP01-DEL01-TO;;;
739608;17/12/2025;quarta-feira;17:30:00;SC;282;601,2;CUNHA PORA;Rea��o tardia ou ineficiente do condutor;Colis�o frontal;Com V�timas Feridas;Pleno dia;Decrescente;Sol;Dupla;Reta;N�o;4;0;4;0;0;0;4;2;-26,80898156;-53,16950597;SPRF-SC;DEL07-SC;UOP02-DEL07-SC;;;
739609;17/12/2025;quarta-feira;21:05:00;SC;470;67,5;INDAIAL;Desrespeitar a prefer�ncia no cruzamento;Colis�o transversal;Com V�timas Feridas;Plena Noite;Decrescente;Ignorado;Simples;"Interse��o de Vias;Reta;Viaduto";Sim;3;0;1;0;2;0;1;2;-26,87529167;-49,23602343;SPRF-SC;DEL04-SC;UOP01-DEL04-SC;;;
739614;17/12/2025;quarta-feira;21:30:00;RJ;0;0;RIO DE JANEIRO;Rea��o tardia ou ineficiente do condutor;Queda de ocupante de ve�culo;Com V�timas Feridas;Plena Noite;N�o Informado;Garoa/Chuvisco;Dupla;Reta;Sim;1;0;1;0;0;0;1;1;-22,81557663;-43,30055237;SPRF-RJ;DEL06-RJ;N/A;;;
739615;17/12/2025;quarta-feira;18:30:00;PR;476;93,7;BOCAIUVA DO SUL;Rea��o tardia ou ineficiente do condutor;Colis�o lateral sentido oposto;Sem V�timas;Anoitecer;Decrescente;C�u Claro;Simples;Reta;Sim;2;0;0;0;2;0;0;2;-25,21556;-49,11313;SPRF-PR;DEL01-PR;UOP01-DEL01-PR;;;
739619;17/12/2025;quarta-feira;22:30:00;ES;101;265;SERRA;Aus�ncia de rea��o do condutor;Colis�o traseira;Com V�timas Feridas;Plena Noite;Crescente;Nublado;Dupla;Reta;Sim;2;0;1;0;0;1;1;2;-20,182323;-40,265775;SPRF-ES;DEL02-ES;UOP01-DEL02-ES;;;
739620;17/12/2025;quarta-feira;22:00:00;RN;110;47,5;MOSSORO;Ingest�o de �lcool pelo condutor;Colis�o traseira;Com V�timas Feridas;Plena Noite;Decrescente;C�u Claro;Simples;Reta;Sim;4;0;2;0;2;0;2;2;-5,206609;-37,329917;SPRF-RN;DEL04-RN;UOP01-DEL04-RN;;;
739622;17/12/2025;quarta-feira;22:00:00;PR;158;522,4;PATO BRANCO;Condutor deixou de manter dist�ncia do ve�culo da frente;Colis�o traseira;Sem V�timas;Plena Noite;Decrescente;C�u Claro;Simples;Reta;N�o;3;0;0;0;3;0;0;2;-26,13248157;-52,65542623;SPRF-PR;DEL02-PR;UOP01-DEL02-PR;;;
739625;17/12/2025;quarta-feira;22:40:00;PA;163;623;TRAIRAO;Aus�ncia de rea��o do condutor;Tombamento;Com V�timas Feridas;Plena Noite;Decrescente;C�u Claro;Simples;Curva;N�o;1;0;1;0;0;0;1;1;-4,706019;-56,005528;SPRF-PA;DEL05-PA;UOP03-DEL05-PA;;;
739626;17/12/2025;quarta-feira;23:20:00;RJ;101;111;CAMPOS DOS GOYTACAZES;Demais falhas na via;Tombamento;Com V�timas Feridas;Plena Noite;Decrescente;Chuva;Dupla;Reta;Sim;1;0;1;0;0;0;1;1;-21,87145389;-41,54438782;SPRF-RJ;DEL08-RJ;UOP02-DEL08-RJ;;;
739627;17/12/2025;quarta-feira;21:40:00;PR;163;207,7;CASCAVEL;Velocidade Incompat�vel;Sa�da de leito carro��vel;Com V�timas Feridas;Plena Noite;Decrescente;C�u Claro;Dupla;Reta;N�o;1;0;1;0;0;0;1;1;-24,93765292;-53,53880737;SPRF-PR;DEL05-PR;UOP05-DEL05-PR;;;
739630;17/12/2025;quarta-feira;19:15:00;RO;364;714;PORTO VELHO;Ingest�o de �lcool pelo condutor;Colis�o com objeto;Sem V�timas;Plena Noite;Crescente;C�u Claro;Dupla;Reta;N�o;1;0;0;0;0;1;0;1;-8,77785591;-63,89016664;SPRF-RO;DEL01-RO;UOP01-DEL01-RO;;;
739631;17/12/2025;quarta-feira;21:00:00;SC;163;89,8;GUARACIABA;Velocidade Incompat�vel;Sa�da de leito carro��vel;Sem V�timas;Plena Noite;Crescente;C�u Claro;Dupla;Curva;Sim;1;0;0;0;0;1;0;1;-26,56744656;-53,51053029;SPRF-SC;DEL07-SC;UOP03-DEL07-SC;;;
739633;18/12/2025;quinta-feira;00:10:00;RN;101;101;PARNAMIRIM;Aus�ncia de rea��o do condutor;Colis�o com objeto;Com V�timas Fatais;Plena Noite;Crescente;C�u Claro;Simples;Reta;Sim;1;1;0;0;0;0;0;1;-5,88688634;-35,23370361;SPRF-RN;DEL01-RN;UOP01-DEL01-RN;;;
739635;18/12/2025;quinta-feira;00:55:00;RS;290;113;ELDORADO DO SUL;Aus�ncia de rea��o do condutor;Colis�o com objeto;Com V�timas Feridas;Plena Noite;Crescente;C�u Claro;Simples;Reta;N�o;1;0;1;0;0;0;1;1;-30,0441091;-51,34343731;SPRF-RS;DEL02-RS;UOP01-DEL02-RS;;;
739638;18/12/2025;quinta-feira;01:50:00;RN;101;118,7;SAO JOSE DE MIPIBU;Animais na Pista;Atropelamento de Animal;Com V�timas Feridas;Plena Noite;Crescente;C�u Claro;Dupla;Reta;N�o;1;0;1;0;0;0;1;1;-6,0187104;-35,2522484;SPRF-RN;DEL01-RN;UOP01-DEL01-RN;;;
739639;17/12/2025;quarta-feira;19:15:00;PE;110;235;PETROLANDIA;Ingest�o de �lcool pelo condutor;Colis�o frontal;Com V�timas Fatais;Plena Noite;Decrescente;C�u Claro;Simples;Reta;N�o;2;1;0;1;0;0;1;2;-9,111177;-38,275388;SPRF-BA;DEL07-BA;UOP01-DEL07-BA;;;
739641;18/12/2025;quinta-feira;02:30:00;SC;101;215;PALHOCA;Pedestre cruzava a pista fora da faixa;Atropelamento de Pedestre;Com V�timas Feridas;Plena Noite;Crescente;Nublado;Dupla;Reta;Sim;2;0;2;0;0;0;2;2;-27,653845;-48,678003;SPRF-SC;DEL01-SC;UOP02-DEL01-SC;;;
739645;18/12/2025;quinta-feira;02:40:00;RJ;101;322;NITEROI;Velocidade Incompat�vel;Colis�o com objeto;Sem V�timas;Plena Noite;Crescente;Chuva;Dupla;Reta;N�o;1;0;0;0;0;1;0;1;-22,877576;-43,110734;SPRF-RJ;DEL02-RJ;UOP01-DEL02-RJ;;;
739646;18/12/2025;quinta-feira;04:40:00;MG;40;503,9;ESMERALDAS;Acessar a via sem observar a presen�a dos outros ve�culos;Sa�da de leito carro��vel;Com V�timas Feridas;Pleno dia;Crescente;Chuva;Dupla;"Reta;Declive";N�o;3;0;1;0;2;0;1;1;-19,726375;-44,153826;SPRF-MG;DEL02-MG;UOP01-DEL02-MG;;;
739647;18/12/2025;quinta-feira;03:15:00;MT;163;559;DIAMANTINO;Rea��o tardia ou ineficiente do condutor;Colis�o com objeto;Com V�timas Feridas;Plena Noite;Decrescente;Garoa/Chuvisco;Dupla;"Desvio Tempor�rio;Reta";N�o;2;0;2;0;0;0;2;1;-14,15965039;-56,09312296;SPRF-MT;DEL01-MT;UOP01-DEL01-MT;;;
739648;08/12/2025;segunda-feira;17:10:00;PB;104;110;LAGOA SECA;Condutor Dormindo;Sa�da de leito carro��vel;Com V�timas Feridas;Anoitecer;Decrescente;C�u Claro;Simples;"Aclive;Reta";N�o;3;0;3;0;0;0;3;1;-7,123878;-35,862625;SPRF-PB;DEL02-PB;UOP04-DEL02-PB;;;
739649;18/12/2025;quinta-feira;03:35:00;RO;319;142;PORTO VELHO;Ingest�o de �lcool pelo condutor;Colis�o transversal;Com V�timas Feridas;Plena Noite;Decrescente;Garoa/Chuvisco;Dupla;Interse��o de Vias;Sim;2;0;2;0;0;0;2;2;-8,74926609;-63,88793819;SPRF-RO;DEL01-RO;UOP01-DEL01-RO;;;
739650;18/12/2025;quinta-feira;03:40:00;MA;316;434,9;PERITORO;Animais na Pista;Atropelamento de Animal;Com V�timas Feridas;Plena Noite;Decrescente;Nublado;Simples;Reta;N�o;1;0;1;0;0;0;1;1;-4,410843;-44,251195;SPRF-MA;DEL03-MA;UOP01-DEL03-MA;;;
739651;17/12/2025;quarta-feira;21:30:00;SC;163;71;SAO MIGUEL DO OESTE;Acesso irregular;Tombamento;Com V�timas Feridas;Plena Noite;Decrescente;C�u Claro;Dupla;Reta;Sim;1;0;1;0;0;0;1;1;-26,72762978;-53,51279346;SPRF-SC;DEL07-SC;UOP03-DEL07-SC;;;
739652;18/12/2025;quinta-feira;05:50:00;DF;20;7,7;BRASILIA;Condutor deixou de manter dist�ncia do ve�culo da frente;Colis�o traseira;Com V�timas Feridas;Amanhecer;Decrescente;Chuva;Dupla;Reta;Sim;2;0;1;0;1;0;1;2;-15,6584062;-47,7928784;SPRF-DF;DEL02-DF;UOP01-DEL02-DF;;;
739654;18/12/2025;quinta-feira;05:55:00;PR;163;147;SANTA LUCIA;Ingest�o de �lcool pelo condutor;Sa�da de leito carro��vel;Com V�timas Feridas;Pleno dia;Decrescente;C�u Claro;Dupla;Curva;N�o;1;0;1;0;0;0;1;1;-25,41593125;-53,57397079;SPRF-PR;DEL05-PR;UOP05-DEL05-PR;;;
739655;18/12/2025;quinta-feira;06:05:00;RS;392;41,2;RIO GRANDE;Velocidade Incompat�vel;Sa�da de leito carro��vel;Com V�timas Feridas;Amanhecer;Decrescente;C�u Claro;Dupla;Curva;Sim;3;0;2;1;0;0;3;1;-31,95239748;-52,30788219;SPRF-RS;DEL07-RS;UOP02-DEL07-RS;;;
739656;18/12/2025;quinta-feira;05:45:00;SC;101;105;PENHA;Ultrapassagem Indevida;Colis�o lateral mesmo sentido;Com V�timas Feridas;Pleno dia;Crescente;C�u Claro;M�ltipla;Reta;N�o;2;0;1;0;1;0;1;2;-26,80141172;-48,67928696;SPRF-SC;DEL03-SC;UOP02-DEL03-SC;;;
739657;18/12/2025;quinta-feira;06:00:00;PR;376;166;MARINGA;Aus�ncia de rea��o do condutor;Colis�o traseira;Com V�timas Feridas;Pleno dia;Crescente;C�u Claro;Dupla;Reta;N�o;2;0;1;1;0;0;2;2;-23,385946;-52,023978;SPRF-PR;DEL09-PR;UOP01-DEL09-PR;;;
739658;18/12/2025;quinta-feira;00:30:00;MG;50;117;UBERABA;Velocidade Incompat�vel;Queda de ocupante de ve�culo;Com V�timas Feridas;Plena Noite;Decrescente;Chuva;Dupla;Reta;N�o;1;0;1;0;0;0;1;1;-19,27875;-48,12239;SPRF-MG;DEL13-MG;UOP01-DEL13-MG;;;
739659;18/12/2025;quinta-feira;05:45:00;SP;116;93;PINDAMONHANGABA;Rea��o tardia ou ineficiente do condutor;Colis�o com objeto;Com V�timas Feridas;Pleno dia;Crescente;Nublado;Dupla;Reta;N�o;1;0;1;0;0;0;1;1;-22,96029007;-45,4209137;SPRF-SP;DEL08-SP;UOP01-DEL08-SP;;;
739660;18/12/2025;quinta-feira;07:00:00;ES;101;212,6;IBIRACU;Acesso irregular;Colis�o lateral mesmo sentido;Com V�timas Feridas;Pleno dia;Crescente;Sol;Simples;Reta;N�o;2;0;0;1;1;0;1;2;-19,8205687;-40,3686168;SPRF-ES;DEL02-ES;UOP01-DEL02-ES;;;
739663;17/12/2025;quarta-feira;20:10:00;MT;70;380;CAMPO VERDE;Condutor deixou de manter dist�ncia do ve�culo da frente;Engavetamento;Sem V�timas;Plena Noite;Crescente;C�u Claro;Simples;Reta;Sim;4;0;0;0;2;2;0;3;-15,532;-55,136;SPRF-MT;DEL05-MT;UOP02-DEL05-MT;;;
739664;18/12/2025;quinta-feira;07:28:00;SC;282;17;PALHOCA;Desrespeitar a prefer�ncia no cruzamento;Colis�o lateral mesmo sentido;Com V�timas Feridas;Pleno dia;Crescente;C�u Claro;Simples;Reta;Sim;2;0;0;1;1;0;1;2;-27,666196;-48,68897;SPRF-SC;DEL01-SC;UOP02-DEL01-SC;;;
739666;18/12/2025;quinta-feira;07:50:00;SP;116;228,5;GUARULHOS;Manobra de mudan�a de faixa;Colis�o traseira;Com V�timas Feridas;Pleno dia;Decrescente;Nublado;M�ltipla;"Reta;Aclive";Sim;2;0;0;1;1;0;1;2;-23,49955032;-46,56122971;SPRF-SP;DEL01-SP;UOP01-DEL01-SP;;;
739667;18/12/2025;quinta-feira;06:45:00;SC;101;112,2;ITAJAI;Trafegar com motocicleta (ou similar) entre as faixas;Colis�o lateral mesmo sentido;Com V�timas Feridas;Pleno dia;Crescente;Nublado;M�ltipla;Reta;Sim;2;0;1;0;1;0;1;2;-26,84564757;-48,7210118;SPRF-SC;DEL04-SC;UOP04-DEL04-SC;;;
739668;18/12/2025;quinta-feira;08:10:00;MA;135;3;SAO LUIS;Pista Escorregadia;Eventos at�picos;Com V�timas Feridas;Pleno dia;Decrescente;Garoa/Chuvisco;Dupla;"Declive;Reta";Sim;2;0;1;0;1;0;1;1;-2,6500978;-44,3062791;SPRF-MA;DEL01-MA;UOP01-DEL01-MA;;;
739674;25/09/2025;quinta-feira;11:45:00;PR;487;145,5;CIANORTE;Rea��o tardia ou ineficiente do condutor;Atropelamento de Pedestre;Com V�timas Feridas;Pleno dia;Decrescente;C�u Claro;Simples;"Em Obras;Reta;Declive";N�o;3;0;1;2;0;0;3;2;-23,9320971;-52,6910661;SPRF-PR;DEL09-PR;UOP03-DEL09-PR;;;
739675;18/12/2025;quinta-feira;04:39:00;RO;364;11;VILHENA;Aus�ncia de rea��o do condutor;Colis�o com objeto;Sem V�timas;Amanhecer;Crescente;Nublado;Simples;Curva;Sim;1;0;0;0;0;1;0;1;-12,747269;-60,111696;SPRF-RO;DEL04-RO;UOP01-DEL04-RO;;;
739676;10/10/2025;sexta-feira;17:54:00;PR;158;532;PATO BRANCO;Desrespeitar a prefer�ncia no cruzamento;Queda de ocupante de ve�culo;Com V�timas Feridas;Anoitecer;Crescente;C�u Claro;Simples;"Interse��o de Vias;Reta";Sim;3;0;1;0;2;0;1;2;-26,21815896;-52,68152779;SPRF-PR;DEL02-PR;UOP01-DEL02-PR;;;