id;data_inversa;dia_semana;horario;uf;br;km;municipio;causa_acidente;tipo_acidente;classificacao_acidente;fase_dia;sentido_via;condicao_metereologica;tipo_pista;tracado_via;uso_solo;pessoas;mortos;feridos_leves;feridos_graves;ilesos;ignorados;feridos;veiculos;latitude;longitude;regional;delegacia;uop;;;
739790;18/12/2025;quinta-feira;17:30:00;PR;369;136;IBIPORA;Condutor deixou de manter dist�ncia do ve�culo da frente;Colis�o lateral mesmo sentido;Com V�timas Feridas;Pleno dia;Decrescente;C�u Claro;Simples;Reta;Sim;2;0;1;0;1;0;1;2;-23,267449;-51,038445;SPRF-PR;DEL07-PR;UOP01-DEL07-PR;;;
739791;18/12/2025;quinta-feira;13:30:00;MG;262;37,1;MANHUACU;Acessar a via sem observar a presen�a dos outros ve�culos;Colis�o transversal;Com V�timas Feridas;Pleno dia;Crescente;Nublado;Simples;Curva;Sim;2;0;1;0;1;0;1;2;-20,272687;-42,039982;SPRF-MG;DEL06-MG;UOP03-DEL06-MG;;;
739792;18/12/2025;quinta-feira;17:35:00;MG;381;853;POUSO ALEGRE;Condutor deixou de manter dist�ncia do ve�culo da frente;Engavetamento;Com V�timas Feridas;Pleno dia;Decrescente;Nublado;Dupla;"Reta;Aclive";N�o;4;0;1;0;2;1;1;3;-22,26891;-45,89198;SPRF-MG;DEL16-MG;UOP01-DEL16-MG;;;
739793;18/12/2025;quinta-feira;17:40:00;RJ;116;171;RIO DE JANEIRO;Trafegar com motocicleta (ou similar) entre as faixas;Colis�o lateral mesmo sentido;Com V�timas Feridas;Anoitecer;Crescente;Chuva;Dupla;Aclive;Sim;1;0;1;0;0;0;1;1;-22,80570574;-43,34335741;SPRF-RJ;DEL06-RJ;UOP01-DEL06-RJ;;;
739794;18/12/2025;quinta-feira;17:30:00;RJ;40;114;DUQUE DE CAXIAS;Rea��o tardia ou ineficiente do condutor;Sa�da de leito carro��vel;Com V�timas Feridas;Anoitecer;Decrescente;Garoa/Chuvisco;Dupla;Reta;Sim;1;0;1;0;0;0;1;1;-22,718227;-43,28958;SPRF-RJ;DEL01-RJ;UOP02-DEL01-RJ;;;
739796;18/12/2025;quinta-feira;18:30:00;RS;116;240;NOVO HAMBURGO;Aus�ncia de rea��o do condutor;Tombamento;Com V�timas Feridas;Pleno dia;Decrescente;C�u Claro;Dupla;Reta;Sim;2;0;1;0;1;0;1;2;-29,709429;-51,1467364;SPRF-RS;DEL01-RS;UOP02-DEL01-RS;;;
739797;18/12/2025;quinta-feira;18:46:00;GO;60;75;ANAPOLIS;Demais falhas mec�nicas ou el�tricas;Tombamento;Com V�timas Feridas;Plena Noite;Decrescente;Nublado;Dupla;Declive;N�o;2;0;2;0;0;0;2;1;-16,277343;-48,785558;SPRF-GO;DEL02-GO;UOP01-DEL02-GO;;;
739801;18/12/2025;quinta-feira;17:10:00;MG;354;752,8;ITAMONTE;Acessar a via sem observar a presen�a dos outros ve�culos;Colis�o transversal;Com V�timas Feridas;Pleno dia;Decrescente;Garoa/Chuvisco;Simples;Reta;Sim;2;0;1;0;1;0;1;2;-22,27504873;-44,87585664;SPRF-MG;DEL17-MG;UOP01-DEL17-MG;;;
739803;18/12/2025;quinta-feira;19:00:00;SC;470;173;RIO DO SUL;Aus�ncia de rea��o do condutor;Atropelamento de Pedestre;Com V�timas Feridas;Anoitecer;Crescente;C�u Claro;Simples;"Interse��o de Vias;Reta";Sim;2;0;0;1;1;0;1;2;-27,1722434;-49,5811228;SPRF-SC;DEL04-SC;UOP02-DEL04-SC;;;
739804;18/12/2025;quinta-feira;18:45:00;PB;101;113;ALHANDRA;Rea��o tardia ou ineficiente do condutor;Queda de ocupante de ve�culo;Com V�timas Feridas;Plena Noite;Crescente;C�u Claro;Dupla;Declive;N�o;1;0;0;1;0;0;1;1;-7,3754055;-34,955658;SPRF-PB;DEL01-PB;UOP01-DEL01-PB;;;
739805;18/12/2025;quinta-feira;16:45:00;RJ;40;124;DUQUE DE CAXIAS;Rea��o tardia ou ineficiente do condutor;Colis�o lateral mesmo sentido;Com V�timas Feridas;Pleno dia;Decrescente;Chuva;Dupla;Reta;Sim;2;0;1;0;1;0;1;2;-22,80633102;-43,28915586;SPRF-RJ;DEL01-RJ;UOP02-DEL01-RJ;;;
739807;18/12/2025;quinta-feira;18:50:00;SE;235;60;ITABAIANA;Acesso irregular;Colis�o transversal;Sem V�timas;Plena Noite;Crescente;C�u Claro;Simples;Reta;N�o;2;0;0;0;2;0;0;2;-10,60422481;-37,47816022;SPRF-SE;DEL01-SE;UOP02-DEL01-SE;;;
739810;18/12/2025;quinta-feira;17:20:00;CE;222;310;TIANGUA;Acessar a via sem observar a presen�a dos outros ve�culos;Colis�o traseira;Com V�timas Feridas;Pleno dia;Decrescente;Nublado;Dupla;"Reta;Interse��o de Vias";Sim;3;0;1;0;1;1;1;2;-3,6922924;-40,9759976;SPRF-CE;DEL04-CE;UOP02-DEL04-CE;;;
739811;18/12/2025;quinta-feira;18:30:00;RJ;101;402,8;ITAGUAI;Condutor deixou de manter dist�ncia do ve�culo da frente;Colis�o traseira;Com V�timas Feridas;Plena Noite;Decrescente;Chuva;Dupla;Reta;N�o;2;0;1;0;0;1;1;2;-22,85578;-43,785886;SPRF-RJ;DEL03-RJ;UOP01-DEL03-RJ;;;
739812;18/12/2025;quinta-feira;20:10:00;SC;101;201;SAO JOSE;Acessar a via sem observar a presen�a dos outros ve�culos;Colis�o transversal;Com V�timas Feridas;Plena Noite;Crescente;C�u Claro;Simples;Interse��o de Vias;Sim;2;0;1;0;1;0;1;2;-27,551947;-48,619873;SPRF-SC;DEL01-SC;UOP01-DEL01-SC;;;
739813;18/12/2025;quinta-feira;19:05:00;AP;156;799;OIAPOQUE;Convers�o proibida;Colis�o lateral sentido oposto;Com V�timas Feridas;Plena Noite;Crescente;C�u Claro;Simples;Reta;Sim;2;0;0;1;1;0;1;2;3,83940447;-51,8193254;SPRF-AP;DEL01-AP;UOP03-DEL01-AP;;;
739814;15/12/2025;segunda-feira;10:05:00;MT;158;630;AGUA BOA;Rea��o tardia ou ineficiente do condutor;Sa�da de leito carro��vel;Sem V�timas;Pleno dia;Crescente;C�u Claro;Simples;Curva;N�o;1;0;0;0;0;1;0;1;-14,53164593;-52,31398702;SPRF-MT;DEL07-MT;UOP02-DEL07-MT;;;
739815;18/12/2025;quinta-feira;19:40:00;PB;101;88,2;JOAO PESSOA;Pista Escorregadia;Tombamento;Com V�timas Feridas;Plena Noite;Crescente;C�u Claro;Dupla;Curva;N�o;2;0;2;0;0;0;2;1;-7,16516;-34,898267;SPRF-PB;DEL01-PB;UOP01-DEL01-PB;;;
739817;18/12/2025;quinta-feira;19:25:00;MG;40;786,2;JUIZ DE FORA;Velocidade Incompat�vel;Sa�da de leito carro��vel;Com V�timas Feridas;Plena Noite;Decrescente;Chuva;Dupla;"Declive;Curva";N�o;3;0;3;0;0;0;3;1;-21,72170981;-43,44182968;SPRF-MG;DEL05-MG;UOP01-DEL05-MG;;;
739818;18/12/2025;quinta-feira;17:25:00;GO;60;388,4;RIO VERDE;Acesso irregular;Colis�o transversal;Com V�timas Feridas;Anoitecer;Crescente;Chuva;Dupla;Curva;Sim;2;0;0;1;1;0;1;2;-17,82420343;-50,95561981;SPRF-GO;DEL04-GO;UOP02-DEL04-GO;;;
739819;18/12/2025;quinta-feira;20:30:00;SC;470;149,1;AGRONOMICA;Manobra de mudan�a de faixa;Colis�o frontal;Com V�timas Fatais;Plena Noite;Decrescente;C�u Claro;Simples;Curva;Sim;4;1;3;0;0;0;3;2;-27,2536857;-49,7043075;SPRF-SC;DEL04-SC;UOP02-DEL04-SC;;;
739820;18/12/2025;quinta-feira;19:30:00;RS;285;563;SAO LUIZ GONZAGA;Ingest�o de �lcool pelo condutor;Colis�o traseira;Com V�timas Feridas;Plena Noite;Crescente;C�u Claro;Simples;Reta;Sim;3;0;2;0;1;0;2;2;-28,417463;-54,923883;SPRF-RS;DEL10-RS;UOP01-DEL10-RS;;;
739821;18/12/2025;quinta-feira;20:40:00;RJ;393;281;VOLTA REDONDA;Acessar a via sem observar a presen�a dos outros ve�culos;Colis�o lateral mesmo sentido;Sem V�timas;Plena Noite;Crescente;Chuva;Simples;Reta;Sim;2;0;0;0;2;0;0;2;-22,47360066;-44,05811369;SPRF-RJ;DEL05-RJ;UOP04-DEL05-RJ;;;
739822;18/12/2025;quinta-feira;19:40:00;RJ;116;185;NOVA IGUACU;Manobra de mudan�a de faixa;Colis�o traseira;Com V�timas Feridas;Plena Noite;Crescente;Chuva;Dupla;Reta;Sim;2;0;0;1;1;0;1;2;-22,74062229;-43,45551364;SPRF-RJ;DEL06-RJ;UOP01-DEL06-RJ;;;
739825;18/12/2025;quinta-feira;20:00:00;SP;116;282,9;EMBU DAS ARTES;Aus�ncia de rea��o do condutor;Tombamento;Com V�timas Feridas;Plena Noite;Decrescente;C�u Claro;Dupla;Reta;N�o;1;0;1;0;0;0;1;1;-23,66883701;-46,85595206;SPRF-SP;DEL04-SP;UOP01-DEL04-SP;;;
739827;18/12/2025;quinta-feira;19:15:00;MT;70;809;CACERES;Rea��o tardia ou ineficiente do condutor;Queda de ocupante de ve�culo;Com V�timas Feridas;Plena Noite;Crescente;C�u Claro;Simples;Reta;N�o;1;0;0;1;0;0;1;1;-16,32219;-58,22859;SPRF-MT;DEL03-MT;UOP01-DEL03-MT;;;
739828;18/12/2025;quinta-feira;20:30:00;MG;40;360,5;FELIXLANDIA;Aus�ncia de rea��o do condutor;Sa�da de leito carro��vel;Com V�timas Feridas;Plena Noite;Crescente;Garoa/Chuvisco;Simples;"Reta;Interse��o de Vias";N�o;4;0;1;0;3;0;1;3;-18,753825;-44,848033;SPRF-MG;DEL02-MG;UOP01-DEL02-MG;;;
739829;18/12/2025;quinta-feira;20:00:00;RJ;40;119;DUQUE DE CAXIAS;Ilumina��o deficiente;Colis�o com objeto;Com V�timas Feridas;Plena Noite;Crescente;Chuva;Simples;"Viaduto;Curva";Sim;3;0;2;0;1;0;2;1;-22,764317;-43,287531;SPRF-RJ;DEL01-RJ;UOP02-DEL01-RJ;;;
739830;18/12/2025;quinta-feira;17:50:00;RJ;101;484,7;ANGRA DOS REIS;Aus�ncia de rea��o do condutor;Colis�o traseira;Com V�timas Feridas;Pleno dia;Crescente;Chuva;Simples;Reta;N�o;2;0;1;0;1;0;1;2;-22,987718;-44,30171;SPRF-RJ;DEL03-RJ;UOP03-DEL03-RJ;;;
739831;18/12/2025;quinta-feira;17:25:00;MT;70;57,5;BARRA DO GARCAS;Chuva;Sa�da de leito carro��vel;Sem V�timas;Pleno dia;Crescente;Chuva;Simples;Curva;N�o;4;0;0;0;4;0;0;1;-15,86748685;-52,34204292;SPRF-MT;DEL07-MT;UOP01-DEL07-MT;;;
739832;18/12/2025;quinta-feira;19:30:00;SC;101;124;ITAJAI;Manobra de mudan�a de faixa;Colis�o lateral mesmo sentido;Com V�timas Feridas;Anoitecer;Crescente;Nublado;M�ltipla;Reta;N�o;2;0;1;0;1;0;1;2;-26,94542786;-48,68876696;SPRF-SC;DEL04-SC;UOP04-DEL04-SC;;;
739833;18/12/2025;quinta-feira;20:55:00;RS;392;78;PELOTAS;Objeto est�tico sobre o leito carro��vel;Tombamento;Com V�timas Feridas;Plena Noite;Crescente;C�u Claro;Simples;Reta;N�o;1;0;1;0;0;0;1;1;-31,687419;-52,43757;SPRF-RS;DEL07-RS;UOP01-DEL07-RS;;;
739834;18/12/2025;quinta-feira;20:40:00;PR;376;176;MARINGA;Aus�ncia de rea��o do condutor;Colis�o traseira;Com V�timas Feridas;Plena Noite;Crescente;C�u Claro;Dupla;"Interse��o de Vias;Reta";Sim;2;0;0;1;1;0;1;2;-23,411412;-51,940328;SPRF-PR;DEL09-PR;UOP01-DEL09-PR;;;
739835;18/12/2025;quinta-feira;21:40:00;MG;251;514;MONTES CLAROS;Ilumina��o deficiente;Colis�o com objeto;Sem V�timas;Plena Noite;Decrescente;C�u Claro;Simples;"Retorno Regulamentado;Reta";N�o;2;0;0;0;2;0;0;1;-16,653712;-43,71792;SPRF-MG;DEL12-MG;UOP01-DEL12-MG;;;
739836;18/12/2025;quinta-feira;20:00:00;RJ;116;147;DUQUE DE CAXIAS;Pedestre andava na pista;Atropelamento de Pedestre;Com V�timas Feridas;Plena Noite;Decrescente;Chuva;M�ltipla;Reta;Sim;2;0;1;0;1;0;1;2;-22,67092;-43,27655;SPRF-RJ;DEL01-RJ;UOP02-DEL01-RJ;;;
739837;18/12/2025;quinta-feira;20:25:00;SE;235;62,4;ITABAIANA;Velocidade Incompat�vel;Colis�o transversal;Com V�timas Feridas;Plena Noite;Decrescente;C�u Claro;Simples;Curva;N�o;4;0;3;0;1;0;3;2;-10,60733278;-37,47812971;SPRF-SE;DEL01-SE;UOP02-DEL01-SE;;;
739838;18/12/2025;quinta-feira;21:20:00;RS;470;217;BENTO GONCALVES;Desrespeitar a prefer�ncia no cruzamento;Colis�o transversal;Sem V�timas;Plena Noite;Crescente;C�u Claro;Simples;Retorno Regulamentado;Sim;6;0;0;0;6;0;0;2;-29,17607305;-51,52150865;SPRF-RS;DEL06-RS;UOP01-DEL06-RS;;;
739839;18/12/2025;quinta-feira;20:10:00;RJ;116;147;DUQUE DE CAXIAS;Rea��o tardia ou ineficiente do condutor;Colis�o com objeto;Com V�timas Feridas;Plena Noite;Decrescente;Chuva;M�ltipla;Reta;Sim;1;0;0;1;0;0;1;1;-22,67127356;-43,27722788;SPRF-RJ;DEL01-RJ;UOP02-DEL01-RJ;;;
739841;18/12/2025;quinta-feira;18:15:00;RJ;101;296;ITABORAI;Manobra de mudan�a de faixa;Colis�o lateral mesmo sentido;Com V�timas Feridas;Plena Noite;Decrescente;Garoa/Chuvisco;Simples;Reta;N�o;3;0;1;0;2;0;1;2;-22,76767841;-42,91447422;SPRF-RJ;DEL02-RJ;UOP02-DEL02-RJ;;;
739842;18/12/2025;quinta-feira;15:30:00;RO;364;5;JI-PARANA;Rea��o tardia ou ineficiente do condutor;Queda de ocupante de ve�culo;Com V�timas Feridas;Pleno dia;Decrescente;C�u Claro;Simples;Reta;N�o;1;0;1;0;0;0;1;1;-10,8363776;-62,0068864;SPRF-RO;DEL02-RO;UOP01-DEL02-RO;;;
739843;18/12/2025;quinta-feira;19:00:00;RO;364;483;ARIQUEMES;Aus�ncia de rea��o do condutor;Colis�o traseira;Com V�timas Feridas;Plena Noite;Crescente;Chuva;Simples;Reta;N�o;3;0;1;0;2;0;1;2;-10,12836687;-62,884271;SPRF-RO;DEL03-RO;UOP01-DEL03-RO;;;
739844;18/12/2025;quinta-feira;17:04:00;MT;364;364;SANTO ANTONIO DO LEVERGER;Pista Escorregadia;Sa�da de leito carro��vel;Com V�timas Feridas;Anoitecer;Decrescente;Chuva;Dupla;Curva;N�o;2;0;1;0;1;0;1;1;-15,7012683;-55,8736656;SPRF-MT;DEL01-MT;UOP02-DEL01-MT;;;
739846;18/12/2025;quinta-feira;22:30:00;ES;101;261;SERRA;Aus�ncia de rea��o do condutor;Colis�o com objeto;Sem V�timas;Plena Noite;Decrescente;C�u Claro;Dupla;Reta;Sim;1;0;0;0;0;1;0;1;-20,17060293;-40,26888145;SPRF-ES;DEL02-ES;UOP01-DEL02-ES;;;
739850;18/12/2025;quinta-feira;23:00:00;MG;365;780;ITUIUTABA;Transitar na contram�o;Colis�o lateral sentido oposto;Com V�timas Feridas;Plena Noite;Crescente;Garoa/Chuvisco;Simples;Reta;N�o;5;0;4;0;1;0;4;2;-18,95636;-49,731403;SPRF-MG;DEL15-MG;UOP03-DEL15-MG;;;
739852;18/12/2025;quinta-feira;22:00:00;GO;153;321;RIANAPOLIS;Acessar a via sem observar a presen�a dos outros ve�culos;Colis�o transversal;Com V�timas Feridas;Plena Noite;Crescente;Chuva;Simples;Interse��o de Vias;N�o;7;0;2;1;4;0;3;2;-15,47386477;-49,49615479;SPRF-GO;DEL02-GO;UOP02-DEL02-GO;;;
739853;18/12/2025;quinta-feira;18:20:00;PR;376;487;PONTA GROSSA;Demais falhas mec�nicas ou el�tricas;Inc�ndio;Sem V�timas;Pleno dia;Crescente;C�u Claro;Dupla;"Em Obras;Reta";N�o;1;0;0;0;1;0;0;1;-25,113188;-50,188329;SPRF-PR;DEL03-PR;UOP04-DEL03-PR;;;
739854;18/12/2025;quinta-feira;21:31:00;MG;381;635,8;SANTO ANTONIO DO AMPARO;Chuva;Sa�da de leito carro��vel;Com V�timas Feridas;Plena Noite;Decrescente;Chuva;Dupla;"Curva;Aclive";N�o;2;0;1;0;1;0;1;1;-20,86523009;-44,84092301;SPRF-MG;DEL04-MG;UOP01-DEL04-MG;;;
739856;18/12/2025;quinta-feira;22:45:00;PR;369;163,2;CAMBE;Rea��o tardia ou ineficiente do condutor;Colis�o lateral mesmo sentido;Com V�timas Feridas;Plena Noite;Crescente;Nublado;Dupla;Reta;N�o;7;0;3;0;4;0;3;3;-23,296637;-51,280245;SPRF-PR;DEL07-PR;UOP01-DEL07-PR;;;
739857;18/12/2025;quinta-feira;21:00:00;MT;70;509;CUIABA;Demais falhas mec�nicas ou el�tricas;Queda de ocupante de ve�culo;Com V�timas Feridas;Plena Noite;Crescente;C�u Claro;Simples;"Em Obras;Reta";N�o;2;0;0;1;1;0;1;1;-15,69474;-56,09128333;SPRF-MT;DEL01-MT;UOP02-DEL01-MT;;;
739858;18/12/2025;quinta-feira;23:25:00;RN;110;49,6;MOSSORO;Animais na Pista;Atropelamento de Animal;Com V�timas Feridas;Plena Noite;Crescente;C�u Claro;Dupla;Reta;Sim;1;0;1;0;0;0;1;1;-5,23028319;-37,32103041;SPRF-RN;DEL04-RN;UOP01-DEL04-RN;;;
739859;19/12/2025;sexta-feira;00:00:00;RS;470;206,2;BENTO GONCALVES;Aus�ncia de rea��o do condutor;Sa�da de leito carro��vel;Com V�timas Feridas;Plena Noite;Decrescente;C�u Claro;Simples;Reta;N�o;1;0;1;0;0;0;1;1;-29,09477593;-51,54934287;SPRF-RS;DEL06-RS;UOP01-DEL06-RS;;;
739863;18/12/2025;quinta-feira;21:45:00;MA;135;0;SAO LUIS;Manobra de mudan�a de faixa;Colis�o lateral mesmo sentido;Com V�timas Feridas;Plena Noite;Crescente;C�u Claro;Dupla;Reta;Sim;2;0;1;0;1;0;1;2;-2,58363277;-44,24288018;SPRF-MA;DEL01-MA;UOP01-DEL01-MA;;;
739864;19/12/2025;sexta-feira;01:45:00;GO;153;507,7;APARECIDA DE GOIANIA;Aus�ncia de rea��o do condutor;Colis�o traseira;Com V�timas Feridas;Plena Noite;Crescente;Chuva;Dupla;Reta;Sim;2;0;1;0;1;0;1;2;-16,762445;-49,239963;SPRF-GO;DEL01-GO;UOP03-DEL01-GO;;;
739865;18/12/2025;quinta-feira;23:50:00;MG;116;639,7;FERVEDOURO;Condutor Dormindo;Sa�da de leito carro��vel;Com V�timas Feridas;Plena Noite;Decrescente;C�u Claro;Simples;Reta;N�o;1;0;1;0;0;0;1;1;-20,65175993;-42,25324631;SPRF-MG;DEL07-MG;UOP02-DEL07-MG;;;
739866;19/12/2025;sexta-feira;01:15:00;MA;316;404;ALTO ALEGRE DO MARANHAO;Transitar na contram�o;Colis�o frontal;Sem V�timas;Plena Noite;Decrescente;Garoa/Chuvisco;Dupla;Reta;N�o;3;0;0;0;2;1;0;2;-4,21626992;-44,44899917;SPRF-MA;DEL03-MA;UOP01-DEL03-MA;;;
739868;19/12/2025;sexta-feira;02:48:00;PR;369;192;ARAPONGAS;Aus�ncia de rea��o do condutor;Tombamento;Com V�timas Feridas;Plena Noite;Crescente;C�u Claro;Dupla;Reta;N�o;1;0;1;0;0;0;1;1;-23,4638983;-51,4236067;SPRF-PR;DEL07-PR;UOP03-DEL07-PR;;;
739872;19/12/2025;sexta-feira;04:25:00;GO;40;92;CRISTALINA;Ingest�o de �lcool pelo condutor;Colis�o com objeto;Com V�timas Feridas;Plena Noite;Crescente;Chuva;Dupla;Desvio Tempor�rio;Sim;1;0;1;0;0;0;1;1;-16,8214664;-47,60078436;SPRF-DF;DEL01-DF;UOP02-DEL01-DF;;;
739874;18/12/2025;quinta-feira;20:40:00;MT;70;498;CUIABA;Acessar a via sem observar a presen�a dos outros ve�culos;Colis�o frontal;Sem V�timas;Plena Noite;Decrescente;Garoa/Chuvisco;Simples;"Em Obras;Reta";N�o;2;0;0;0;2;0;0;2;-15,66917688;-56,00978887;SPRF-MT;DEL01-MT;UOP02-DEL01-MT;;;
739875;19/12/2025;sexta-feira;04:30:00;PE;101;69;RECIFE;Aus�ncia de rea��o do condutor;Colis�o traseira;Com V�timas Feridas;Amanhecer;Crescente;C�u Claro;Dupla;Reta;Sim;2;0;1;0;1;0;1;2;-8,067883;-34,942848;SPRF-PE;DEL01-PE;UOP01-DEL01-PE;;;
739878;19/12/2025;sexta-feira;00:28:00;MT;364;257;JUSCIMEIRA;Estacionar ou parar em local proibido;Sa�da de leito carro��vel;Com V�timas Feridas;Plena Noite;Crescente;Nublado;Dupla;"Declive;Curva";N�o;3;0;2;0;1;0;2;1;-16,06088842;-54,87146169;SPRF-MT;DEL02-MT;UOP01-DEL02-MT;;;
739879;19/12/2025;sexta-feira;05:00:00;MG;381;704,5;LAVRAS;Velocidade Incompat�vel;Capotamento;Com V�timas Feridas;Amanhecer;Decrescente;Chuva;Dupla;Curva;N�o;3;0;1;0;2;0;1;1;-21,31177374;-45,16538249;SPRF-MG;DEL04-MG;UOP02-DEL04-MG;;;
739880;14/12/2025;domingo;23:00:00;RJ;116;81;TERESOPOLIS;Acessar a via sem observar a presen�a dos outros ve�culos;Colis�o transversal;Com V�timas Feridas;Plena Noite;Decrescente;Nublado;Simples;Reta;Sim;3;0;2;0;1;0;2;2;-22,39288505;-42,95296741;SPRF-RJ;DEL04-RJ;UOP01-DEL04-RJ;;;
739881;18/12/2025;quinta-feira;17:50:00;GO;60;232;CEZARINA;Chuva;Sa�da de leito carro��vel;Com V�timas Feridas;Pleno dia;Crescente;Chuva;Dupla;Reta;N�o;2;0;2;0;0;0;2;1;-17,077396;-49,82522;SPRF-GO;DEL01-GO;UOP02-DEL01-GO;;;
739882;19/12/2025;sexta-feira;02:50:00;MG;381;572;ITAGUARA;Aus�ncia de rea��o do condutor;Sa�da de leito carro��vel;Com V�timas Feridas;Plena Noite;Decrescente;Nublado;Dupla;"Curva;Aclive";N�o;5;0;5;0;0;0;5;1;-20,429251;-44,548637;SPRF-MG;DEL04-MG;UOP03-DEL04-MG;;;
739885;27/05/2025;ter�a-feira;19:05:00;SC;282;379;HERVAL DOESTE;Animais na Pista;Atropelamento de Animal;Com V�timas Feridas;Plena Noite;Decrescente;Ignorado;Simples;Reta;Sim;1;0;1;0;0;0;1;1;-27,214573;-51,480475;SPRF-SC;DEL07-SC;UOP05-DEL07-SC;;;
739887;19/12/2025;sexta-feira;00:50:00;MG;365;625,5;UBERLANDIA;Ingest�o de �lcool pelo condutor;Capotamento;Com V�timas Feridas;Plena Noite;Crescente;Garoa/Chuvisco;Dupla;"Reta;Aclive";Sim;3;0;0;1;2;0;1;2;-18,90945787;-48,30847112;SPRF-MG;DEL15-MG;UOP01-DEL15-MG;;;
739889;19/12/2025;sexta-feira;06:30:00;PB;230;12;CABEDELO;Acessar a via sem observar a presen�a dos outros ve�culos;Colis�o transversal;Com V�timas Feridas;Pleno dia;Decrescente;C�u Claro;Dupla;"Desvio Tempor�rio;Reta;Em Obras";Sim;2;0;1;0;0;1;1;2;-7,07903668;-34,84896231;SPRF-PB;DEL01-PB;UOP01-DEL01-PB;;;
739890;18/12/2025;quinta-feira;22:00:00;PR;277;117;CAMPO LARGO;Transitar na contram�o;Colis�o frontal;Com V�timas Feridas;Plena Noite;Decrescente;Nublado;Simples;Interse��o de Vias;Sim;3;0;1;0;1;1;1;3;-25,4433;-49,455;SPRF-PR;DEL03-PR;UOP03-DEL03-PR;;;
739891;19/12/2025;sexta-feira;07:09:00;RS;386;342,6;LAJEADO;Acessar a via sem observar a presen�a dos outros ve�culos;Colis�o traseira;Com V�timas Feridas;Pleno dia;Crescente;Sol;Dupla;Reta;Sim;1;0;1;0;0;0;1;1;-29,43468278;-52,00425625;SPRF-RS;DEL04-RS;UOP01-DEL04-RS;;;
739892;18/12/2025;quinta-feira;22:00:00;RJ;116;191;NOVA IGUACU;Rea��o tardia ou ineficiente do condutor;Colis�o traseira;Com V�timas Feridas;Plena Noite;Decrescente;Garoa/Chuvisco;Dupla;Reta;N�o;2;0;1;0;1;0;1;2;-22,7433287;-43,45075178;SPRF-RJ;DEL06-RJ;UOP01-DEL06-RJ;;;
739893;19/12/2025;sexta-feira;06:00:00;RJ;101;421;MANGARATIBA;Velocidade Incompat�vel;Colis�o com objeto;Com V�timas Feridas;Pleno dia;Crescente;Chuva;Simples;Curva;N�o;2;0;1;0;1;0;1;1;-22,98115259;-44,08538818;SPRF-RJ;DEL03-RJ;UOP02-DEL03-RJ;;;
739898;19/12/2025;sexta-feira;03:00:00;MS;163;667;RIO VERDE DE MATO GROSSO;Rea��o tardia ou ineficiente do condutor;Sa�da de leito carro��vel;Sem V�timas;Plena Noite;Decrescente;C�u Claro;Simples;Reta;N�o;1;0;0;0;0;1;0;1;-19,021616;-54,827191;SPRF-MS;DEL06-MS;UOP02-DEL06-MS;;;
739899;19/12/2025;sexta-feira;06:00:00;BA;415;53;ITABUNA;Aus�ncia de rea��o do condutor;Colis�o transversal;Com V�timas Feridas;Pleno dia;Decrescente;C�u Claro;Simples;Reta;N�o;2;0;1;0;1;0;1;2;-14,84478223;-39,33855414;SPRF-BA;DEL05-BA;UOP01-DEL05-BA;;;
739901;19/12/2025;sexta-feira;07:10:00;MG;40;660,3;CARANAIBA;Rea��o tardia ou ineficiente do condutor;Colis�o traseira;Com V�timas Feridas;Amanhecer;Decrescente;Garoa/Chuvisco;Dupla;Reta;Sim;4;0;0;2;2;0;2;2;-20,8950524;-43,8148401;SPRF-MG;DEL05-MG;UOP02-DEL05-MG;;;
739902;19/12/2025;sexta-feira;07:00:00;PR;277;5;PARANAGUA;Rea��o tardia ou ineficiente do condutor;Colis�o traseira;Com V�timas Feridas;Pleno dia;Crescente;Sol;Dupla;Reta;Sim;3;0;1;0;2;0;1;3;-25,55840558;-48,57193247;SPRF-PR;DEL01-PR;UOP05-DEL01-PR;;;
739903;09/11/2025;domingo;09:10:00;RN;110;48;MOSSORO;Rea��o tardia ou ineficiente do condutor;Colis�o traseira;Com V�timas Feridas;Pleno dia;Crescente;C�u Claro;Dupla;Rotat�ria;Sim;2;0;1;0;1;0;1;2;-5,21237898;-37,33192066;SPRF-RN;DEL04-RN;UOP01-DEL04-RN;;;
739904;19/12/2025;sexta-feira;08:10:00;SC;282;4,1;SAO JOSE;Acessar a via sem observar a presen�a dos outros ve�culos;Colis�o lateral mesmo sentido;Com V�timas Feridas;Pleno dia;Crescente;Sol;M�ltipla;Interse��o de Vias;Sim;3;0;2;0;1;0;2;2;-27,58944538;-48,61098289;SPRF-SC;DEL01-SC;UOP01-DEL01-SC;;;
739905;19/12/2025;sexta-feira;06:40:00;MG;381;729,5;CARMO DA CACHOEIRA;Chuva;Sa�da de leito carro��vel;Com V�timas Feridas;Pleno dia;Decrescente;Chuva;Dupla;Curva;N�o;4;0;4;0;0;0;4;1;-21,50799958;-45,21528992;SPRF-MG;DEL04-MG;UOP02-DEL04-MG;;;
739906;19/12/2025;sexta-feira;06:40:00;SC;101;106,4;PENHA;Condutor deixou de manter dist�ncia do ve�culo da frente;Colis�o traseira;Com V�timas Feridas;Pleno dia;Crescente;C�u Claro;Dupla;Reta;N�o;3;0;0;1;2;0;1;3;-26,81378744;-48,68329525;SPRF-SC;DEL03-SC;UOP02-DEL03-SC;;;