id;data_inversa;dia_semana;horario;uf;br;km;municipio;causa_acidente;tipo_acidente;classificacao_acidente;fase_dia;sentido_via;condicao_metereologica;tipo_pista;tracado_via;uso_solo;pessoas;mortos;feridos_leves;feridos_graves;ilesos;ignorados;feridos;veiculos;latitude;longitude;regional;delegacia;uop;;;
740026;19/12/2025;sexta-feira;16:20:00;PR;373;177;PONTA GROSSA;Ingest�o de �lcool pelo condutor;Colis�o transversal;Sem V�timas;Pleno dia;Decrescente;Sol;Dupla;Reta;Sim;6;0;0;0;6;0;0;2;-25,057153;-50,224887;SPRF-PR;DEL03-PR;UOP01-DEL03-PR;;;
740028;19/12/2025;sexta-feira;17:30:00;DF;70;8;BRASILIA;Manobra de mudan�a de faixa;Colis�o traseira;Com V�timas Feridas;Pleno dia;Crescente;Nublado;Dupla;Reta;Sim;3;0;2;0;1;0;2;2;-15,78500374;-48,13348181;SPRF-DF;DEL03-DF;UOP02-DEL03-DF;;;
740029;19/12/2025;sexta-feira;17:40:00;ES;101;268,9;SERRA;Manobra de mudan�a de faixa;Colis�o lateral mesmo sentido;Com V�timas Feridas;Pleno dia;Decrescente;Nublado;M�ltipla;Reta;Sim;2;0;1;0;0;1;1;2;-20,21673791;-40,27009606;SPRF-ES;DEL02-ES;UOP01-DEL02-ES;;;
740031;19/12/2025;sexta-feira;14:15:00;SC;280;131;RIO NEGRINHO;Pedestre andava na pista;Atropelamento de Pedestre;Com V�timas Feridas;Pleno dia;Crescente;C�u Claro;Simples;"Aclive;Reta;Interse��o de Vias";Sim;2;0;0;1;1;0;1;2;-26,2559;-49,53976;SPRF-SC;DEL06-SC;UOP03-DEL06-SC;;;
740032;19/12/2025;sexta-feira;13:10:00;SC;282;56,5;RANCHO QUEIMADO;Aus�ncia de rea��o do condutor;Sa�da de leito carro��vel;Com V�timas Feridas;Pleno dia;Crescente;C�u Claro;Simples;Curva;N�o;2;0;1;1;0;0;2;1;-27,68773591;-48,99379916;SPRF-SC;DEL01-SC;UOP03-DEL01-SC;;;
740033;19/12/2025;sexta-feira;17:20:00;SC;282;20;PALHOCA;Condutor deixou de manter dist�ncia do ve�culo da frente;Colis�o traseira;Com V�timas Feridas;Pleno dia;Crescente;Nublado;Simples;Reta;N�o;4;0;1;0;3;0;1;4;-27,68464738;-48,71088378;SPRF-SC;DEL01-SC;UOP02-DEL01-SC;;;
740035;19/12/2025;sexta-feira;17:30:00;MG;40;790,2;JUIZ DE FORA;Velocidade Incompat�vel;Colis�o com objeto;Com V�timas Feridas;Anoitecer;Crescente;Chuva;Dupla;Curva;N�o;5;0;5;0;0;0;5;1;-21,753997;-43,443606;SPRF-MG;DEL05-MG;UOP01-DEL05-MG;;;
740037;19/12/2025;sexta-feira;16:50:00;SC;101;136;BALNEARIO CAMBORIU;Aus�ncia de rea��o do condutor;Colis�o traseira;Com V�timas Feridas;Pleno dia;Crescente;C�u Claro;Dupla;"Ponte;Reta";Sim;2;0;1;0;1;0;1;2;-27,006593;-48,621254;SPRF-SC;DEL04-SC;UOP03-DEL04-SC;;;
740038;19/12/2025;sexta-feira;16:26:00;MT;364;207;RONDONOPOLIS;Acessar a via sem observar a presen�a dos outros ve�culos;Colis�o lateral mesmo sentido;Com V�timas Feridas;Pleno dia;Crescente;C�u Claro;Dupla;Retorno Regulamentado;Sim;2;0;1;0;0;1;1;2;-16,436805;-54,681842;SPRF-MT;DEL02-MT;UOP01-DEL02-MT;;;
740039;19/12/2025;sexta-feira;17:15:00;PR;116;138;MANDIRITUBA;Aus�ncia de rea��o do condutor;Colis�o traseira;Sem V�timas;Pleno dia;Crescente;Sol;Simples;Reta;Sim;2;0;0;0;2;0;0;2;-25,753158;-49,317655;SPRF-PR;DEL01-PR;UOP03-DEL01-PR;;;
740041;19/12/2025;sexta-feira;16:10:00;MG;153;23;CENTRALINA;Velocidade Incompat�vel;Sa�da de leito carro��vel;Com V�timas Feridas;Pleno dia;Crescente;C�u Claro;Dupla;Reta;N�o;1;0;1;0;0;0;1;1;-18,62818992;-49,1850361;SPRF-MG;DEL15-MG;UOP03-DEL15-MG;;;
740042;19/12/2025;sexta-feira;17:00:00;MG;262;15;MARTINS SOARES;Aus�ncia de rea��o do condutor;Colis�o lateral sentido oposto;Com V�timas Feridas;Pleno dia;Decrescente;Nublado;Simples;Reta;N�o;2;0;0;1;1;0;1;2;-20,250449;-41,85144;SPRF-MG;DEL06-MG;UOP03-DEL06-MG;;;
740043;19/12/2025;sexta-feira;17:40:00;MG;381;704;LAVRAS;Chuva;Colis�o com objeto;Com V�timas Feridas;Pleno dia;Decrescente;Chuva;Dupla;Curva;N�o;2;0;1;0;1;0;1;1;-21,311;-45,164;SPRF-MG;DEL04-MG;UOP02-DEL04-MG;;;
740046;19/12/2025;sexta-feira;17:00:00;AL;104;87,3;RIO LARGO;Ingest�o de �lcool pelo condutor;Colis�o com objeto;Sem V�timas;Pleno dia;Crescente;C�u Claro;Dupla;Reta;Sim;1;0;0;0;1;0;0;1;-9,474247;-35,822173;SPRF-AL;DEL01-AL;UOP01-DEL01-AL;;;
740047;19/12/2025;sexta-feira;17:50:00;SC;101;111;NAVEGANTES;Condutor deixou de manter dist�ncia do ve�culo da frente;Colis�o traseira;Com V�timas Feridas;Anoitecer;Crescente;C�u Claro;Dupla;Reta;N�o;2;0;1;0;1;0;1;2;-26,84210387;-48,71608526;SPRF-SC;DEL04-SC;UOP04-DEL04-SC;;;
740049;19/12/2025;sexta-feira;13:50:00;MG;116;409;GOVERNADOR VALADARES;Aus�ncia de rea��o do condutor;Colis�o transversal;Com V�timas Feridas;Pleno dia;Decrescente;C�u Claro;Dupla;Reta;Sim;2;0;1;0;1;0;1;2;-18,847484;-41,97993;SPRF-MG;DEL06-MG;UOP01-DEL06-MG;;;
740051;19/12/2025;sexta-feira;15:35:00;RJ;101;440;MANGARATIBA;Rea��o tardia ou ineficiente do condutor;Colis�o frontal;Com V�timas Fatais;Pleno dia;Crescente;Chuva;Dupla;"Curva;Declive";N�o;2;1;0;0;1;0;0;2;-22,964145;-44,084401;SPRF-RJ;DEL03-RJ;UOP02-DEL03-RJ;;;
740053;19/12/2025;sexta-feira;17:30:00;MG;116;414,5;GOVERNADOR VALADARES;Acessar a via sem observar a presen�a dos outros ve�culos;Colis�o transversal;Com V�timas Feridas;Pleno dia;Crescente;C�u Claro;Simples;Interse��o de Vias;Sim;2;0;1;0;1;0;1;2;-18,88498486;-41,9471905;SPRF-MG;DEL06-MG;UOP01-DEL06-MG;;;
740054;19/12/2025;sexta-feira;18:40:00;SC;280;28,4;ARAQUARI;Trafegar com motocicleta (ou similar) entre as faixas;Colis�o transversal;Com V�timas Feridas;Anoitecer;Crescente;C�u Claro;Simples;Reta;Sim;2;0;0;1;1;0;1;2;-26,407288;-48,74883;SPRF-SC;DEL03-SC;UOP03-DEL03-SC;;;
740055;19/12/2025;sexta-feira;16:20:00;SC;282;596;CUNHA PORA;Manobra de mudan�a de faixa;Colis�o lateral mesmo sentido;Sem V�timas;Pleno dia;Crescente;Sol;Simples;Reta;N�o;2;0;0;0;2;0;0;2;-26,82936439;-53,13176807;SPRF-SC;DEL07-SC;UOP02-DEL07-SC;;;
740056;19/12/2025;sexta-feira;18:30:00;ES;101;294;CARIACICA;Condutor deixou de manter dist�ncia do ve�culo da frente;Colis�o traseira;Com V�timas Feridas;Plena Noite;Crescente;C�u Claro;Dupla;"Reta;Declive";Sim;2;0;1;0;1;0;1;2;-20,328523;-40,398269;SPRF-ES;DEL01-ES;UOP01-DEL01-ES;;;
740057;19/12/2025;sexta-feira;18:00:00;PE;104;66,2;CARUARU;Condutor deixou de manter dist�ncia do ve�culo da frente;Colis�o traseira;Com V�timas Feridas;Plena Noite;Crescente;C�u Claro;M�ltipla;"Reta;Aclive";Sim;2;0;1;0;1;0;1;2;-8,28824877;-35,98428833;SPRF-PE;DEL02-PE;UOP01-DEL02-PE;;;
740058;19/12/2025;sexta-feira;18:15:00;SC;280;4,3;SAO FRANCISCO DO SUL;Trafegar com motocicleta (ou similar) entre as faixas;Colis�o lateral mesmo sentido;Com V�timas Feridas;Anoitecer;Decrescente;C�u Claro;Simples;Reta;Sim;2;0;1;0;1;0;1;2;-26,25563;-48,621245;SPRF-SC;DEL03-SC;UOP03-DEL03-SC;;;
740059;19/12/2025;sexta-feira;17:15:00;RO;364;626;ITAPUA DO OESTE;Rea��o tardia ou ineficiente do condutor;Sa�da de leito carro��vel;Com V�timas Feridas;Pleno dia;Crescente;C�u Claro;Simples;Reta;N�o;2;0;0;2;0;0;2;1;-9,08915096;-63,28884602;SPRF-RO;DEL01-RO;UOP04-DEL01-RO;;;
740060;19/12/2025;sexta-feira;18:40:00;PR;116;115;CURITIBA;Manobra de mudan�a de faixa;Colis�o lateral mesmo sentido;Com V�timas Feridas;Anoitecer;Decrescente;C�u Claro;Dupla;Reta;Sim;2;0;1;0;1;0;1;2;-25,54714069;-49,30387108;SPRF-PR;DEL01-PR;UOP03-DEL01-PR;;;
740062;19/12/2025;sexta-feira;17:35:00;PR;163;246;TOLEDO;Acessar a via sem observar a presen�a dos outros ve�culos;Colis�o traseira;Com V�timas Feridas;Pleno dia;Crescente;C�u Claro;Dupla;"Curva;Retorno Regulamentado";N�o;2;0;0;1;1;0;1;2;-24,68908193;-53,75034062;SPRF-PR;DEL06-PR;UOP02-DEL06-PR;;;
740063;19/12/2025;sexta-feira;19:00:00;SC;101;126;ITAJAI;Trafegar com motocicleta (ou similar) entre as faixas;Colis�o lateral mesmo sentido;Com V�timas Feridas;Anoitecer;Crescente;C�u Claro;Dupla;Reta;N�o;3;0;1;0;2;0;1;2;-26,96166653;-48,68183613;SPRF-SC;DEL04-SC;UOP04-DEL04-SC;;;
740064;19/12/2025;sexta-feira;16:50:00;RJ;101;476;ANGRA DOS REIS;Rea��o tardia ou ineficiente do condutor;Colis�o traseira;Com V�timas Feridas;Anoitecer;Crescente;Chuva;Simples;Curva;Sim;3;0;1;0;2;0;1;2;-23,00624998;-44,26100288;SPRF-RJ;DEL03-RJ;UOP03-DEL03-RJ;;;
740065;19/12/2025;sexta-feira;18:45:00;TO;153;353;FORTALEZA DO TABOCAO;Aus�ncia de rea��o do condutor;Sa�da de leito carro��vel;Com V�timas Feridas;Plena Noite;Crescente;Chuva;Simples;Reta;N�o;2;0;1;1;0;0;2;1;-9,008156;-48,501749;SPRF-TO;DEL02-TO;UOP02-DEL02-TO;;;
740066;19/12/2025;sexta-feira;17:40:00;RS;116;143;CAXIAS DO SUL;Trafegar com motocicleta (ou similar) entre as faixas;Colis�o transversal;Com V�timas Feridas;Pleno dia;Crescente;C�u Claro;Dupla;Reta;Sim;2;0;1;0;1;0;1;2;-29,1536896;-51,150848;SPRF-RS;DEL05-RS;UOP01-DEL05-RS;;;
740067;19/12/2025;sexta-feira;18:30:00;MG;381;791;SAO GONCALO DO SAPUCAI;Velocidade Incompat�vel;Capotamento;Com V�timas Feridas;Plena Noite;Decrescente;Nublado;Dupla;Curva;N�o;5;0;4;0;1;0;4;1;-21,91614866;-45,58280479;SPRF-MG;DEL16-MG;UOP02-DEL16-MG;;;
740068;19/12/2025;sexta-feira;16:50:00;RO;364;11;VILHENA;Acesso irregular;Colis�o transversal;Com V�timas Feridas;Anoitecer;Crescente;Chuva;Dupla;Reta;Sim;2;0;1;0;1;0;1;2;-12,74463283;-60,11825535;SPRF-RO;DEL04-RO;UOP01-DEL04-RO;;;
740070;19/12/2025;sexta-feira;11:31:00;PA;163;571;TRAIRAO;Rea��o tardia ou ineficiente do condutor;Sa�da de leito carro��vel;Com V�timas Feridas;Pleno dia;Crescente;Nublado;Simples;Aclive;N�o;4;0;3;0;1;0;3;1;-5,048225;-56,178114;SPRF-PA;DEL05-PA;UOP03-DEL05-PA;;;
740071;19/12/2025;sexta-feira;19:00:00;RJ;101;313;SAO GONCALO;Rea��o tardia ou ineficiente do condutor;Colis�o lateral mesmo sentido;Com V�timas Feridas;Plena Noite;Decrescente;Garoa/Chuvisco;Dupla;Reta;Sim;3;0;1;0;2;0;1;3;-22,81021209;-43,06958052;SPRF-RJ;DEL02-RJ;UOP02-DEL02-RJ;;;
740074;19/12/2025;sexta-feira;17:00:00;MS;262;355;CAMPO GRANDE;Aus�ncia de rea��o do condutor;Tombamento;Com V�timas Feridas;Pleno dia;Crescente;C�u Claro;Simples;Reta;Sim;1;0;0;1;0;0;1;1;-20,5504;-54,672675;SPRF-MS;DEL01-MS;UOP03-DEL01-MS;;;
740076;19/12/2025;sexta-feira;17:00:00;MG;116;771;LEOPOLDINA;Acumulo de �leo sobre o pavimento;Colis�o frontal;Com V�timas Feridas;Pleno dia;Crescente;Chuva;Simples;Curva;N�o;6;0;2;0;4;0;2;2;-21,56393225;-42,67830927;SPRF-MG;DEL07-MG;UOP01-DEL07-MG;;;
740077;19/12/2025;sexta-feira;19:25:00;MG;381;505;BETIM;Ingest�o de �lcool pelo condutor;Colis�o traseira;Sem V�timas;Plena Noite;Crescente;C�u Claro;Dupla;"Declive;Reta";N�o;3;0;0;0;2;1;0;3;-20,03435688;-44,24261777;SPRF-MG;DEL01-MG;UOP03-DEL01-MG;;;
740079;19/12/2025;sexta-feira;15:45:00;MG;116;408;GOVERNADOR VALADARES;Ingest�o de �lcool pelo condutor;Colis�o lateral sentido oposto;Com V�timas Feridas;Pleno dia;Decrescente;C�u Claro;Simples;Reta;N�o;5;0;1;0;3;1;1;5;-18,82528094;-41,98659666;SPRF-MG;DEL06-MG;UOP01-DEL06-MG;;;
740081;19/12/2025;sexta-feira;18:20:00;GO;60;25;ALEXANIA;Rea��o tardia ou ineficiente do condutor;Sa�da de leito carro��vel;Com V�timas Feridas;Anoitecer;Decrescente;C�u Claro;Dupla;Aclive;N�o;21;0;9;1;11;0;10;1;-16,111681;-48,44408;SPRF-DF;DEL03-DF;UOP01-DEL03-DF;;;
740082;19/12/2025;sexta-feira;19:42:00;PB;101;53;SANTA RITA;Velocidade Incompat�vel;Tombamento;Com V�timas Feridas;Plena Noite;Crescente;C�u Claro;Dupla;Declive;N�o;1;0;1;0;0;0;1;1;-6,941188;-35,097918;SPRF-PB;DEL01-PB;UOP03-DEL01-PB;;;
740083;19/12/2025;sexta-feira;19:40:00;ES;101;214,9;IBIRACU;Acessar a via sem observar a presen�a dos outros ve�culos;Colis�o transversal;Com V�timas Feridas;Plena Noite;Crescente;Nublado;Simples;Retorno Regulamentado;Sim;2;0;1;0;1;0;1;2;-19,82973688;-40,37657992;SPRF-ES;DEL02-ES;UOP01-DEL02-ES;;;
740084;19/12/2025;sexta-feira;20:12:00;ES;101;255;SERRA;Pedestre andava na pista;Atropelamento de Pedestre;Com V�timas Feridas;Plena Noite;Crescente;C�u Claro;Simples;Reta;Sim;2;0;1;0;1;0;1;2;-20,12091896;-40,3083086;SPRF-ES;DEL02-ES;UOP01-DEL02-ES;;;
740085;19/12/2025;sexta-feira;16:40:00;RJ;101;530;ANGRA DOS REIS;Avarias e/ou desgaste excessivo no pneu;Colis�o frontal;Com V�timas Feridas;Pleno dia;Crescente;Chuva;Simples;Curva;N�o;8;0;6;1;1;0;7;3;-23,025105;-44,520626;SPRF-RJ;DEL03-RJ;UOP03-DEL03-RJ;;;
740086;19/12/2025;sexta-feira;20:10:00;MG;459;87,9;CONGONHAL;Pedestre andava na pista;Atropelamento de Pedestre;Com V�timas Feridas;Plena Noite;Decrescente;Chuva;Simples;"Interse��o de Vias;Reta";Sim;2;0;0;1;1;0;1;2;-22,150363;-46,040148;SPRF-MG;DEL09-MG;UOP01-DEL09-MG;;;
740087;19/12/2025;sexta-feira;19:50:00;SP;116;284,8;EMBU DAS ARTES;Rea��o tardia ou ineficiente do condutor;Colis�o traseira;Com V�timas Feridas;Plena Noite;Crescente;Chuva;Simples;"Retorno Regulamentado;Reta";Sim;4;0;1;1;2;0;2;2;-23,68264821;-46,85928472;SPRF-SP;DEL04-SP;UOP01-DEL04-SP;;;
740088;19/12/2025;sexta-feira;10:30:00;MA;10;255;IMPERATRIZ;Frear bruscamente;Tombamento;Com V�timas Feridas;Pleno dia;Decrescente;Sol;Simples;Reta;Sim;1;0;1;0;0;0;1;1;-5,509247;-47,472193;SPRF-MA;DEL04-MA;UOP01-DEL04-MA;;;
740089;19/12/2025;sexta-feira;20:35:00;ES;262;94;DOMINGOS MARTINS;Desrespeitar a prefer�ncia no cruzamento;Colis�o transversal;Com V�timas Feridas;Plena Noite;Crescente;Nublado;Simples;Reta;N�o;6;0;2;1;3;0;3;2;-20,37409659;-41,05856385;SPRF-ES;DEL01-ES;UOP02-DEL01-ES;;;
740090;19/12/2025;sexta-feira;18:00:00;MT;174;312;PONTES E LACERDA;Rea��o tardia ou ineficiente do condutor;Sa�da de leito carro��vel;Sem V�timas;Plena Noite;Decrescente;Garoa/Chuvisco;Simples;Reta;N�o;1;0;0;0;0;1;0;1;-15,02968576;-59,29321289;SPRF-MT;DEL04-MT;UOP01-DEL04-MT;;;
740091;19/12/2025;sexta-feira;14:53:00;MS;163;497;CAMPO GRANDE;Demais falhas mec�nicas ou el�tricas;Inc�ndio;Sem V�timas;Pleno dia;Decrescente;C�u Claro;Simples;Curva;N�o;1;0;0;0;0;1;0;1;-20,34628;-54,518492;SPRF-MS;DEL01-MS;UOP02-DEL01-MS;;;
740094;19/12/2025;sexta-feira;18:45:00;SC;282;494,4;XANXERE;Transitar na contram�o;Colis�o lateral sentido oposto;Sem V�timas;Plena Noite;Decrescente;C�u Claro;Simples;"Declive;Curva";N�o;3;0;0;0;3;0;0;3;-26,869413;-52,315282;SPRF-SC;DEL07-SC;UOP01-DEL07-SC;;;
740095;19/12/2025;sexta-feira;20:25:00;PI;343;3,4;TERESINA;Demais falhas na via;Tombamento;Com V�timas Feridas;Plena Noite;Decrescente;C�u Claro;M�ltipla;Reta;Sim;2;0;2;0;0;0;2;1;-5,08059;-42,7807;SPRF-PI;DEL01-PI;UOP01-DEL01-PI;;;
740096;19/12/2025;sexta-feira;14:25:00;MA;135;84;ITAPECURU MIRIM;Rea��o tardia ou ineficiente do condutor;Engavetamento;Sem V�timas;Pleno dia;Decrescente;C�u Claro;Simples;Reta;N�o;3;0;0;0;3;0;0;3;-3,242985;-44,3765;SPRF-MA;DEL01-MA;UOP02-DEL01-MA;;;
740097;19/12/2025;sexta-feira;18:19:00;RS;116;249;SAO LEOPOLDO;Manobra de mudan�a de faixa;Colis�o traseira;Com V�timas Feridas;Anoitecer;Decrescente;C�u Claro;M�ltipla;Reta;Sim;2;0;1;0;1;0;1;2;-29,78359568;-51,16129009;SPRF-RS;DEL01-RS;UOP02-DEL01-RS;;;
740099;19/12/2025;sexta-feira;20:30:00;RJ;101;322;NITEROI;Manobra de mudan�a de faixa;Colis�o traseira;Com V�timas Feridas;Plena Noite;Decrescente;C�u Claro;Simples;Reta;Sim;3;0;1;0;2;0;1;3;-22,8781957;-43,1141145;SPRF-RJ;DEL02-RJ;UOP01-DEL02-RJ;;;
740100;19/12/2025;sexta-feira;18:50:00;PI;230;284;FLORIANO;Acessar a via sem observar a presen�a dos outros ve�culos;Colis�o lateral mesmo sentido;Com V�timas Feridas;Anoitecer;Decrescente;C�u Claro;Simples;Reta;N�o;2;0;0;1;1;0;1;2;-6,89962;-42,82162;SPRF-PI;DEL03-PI;UOP01-DEL03-PI;;;
740101;19/12/2025;sexta-feira;17:05:00;MA;316;216,6;GOVERNADOR NEWTON BELLO;Ultrapassagem Indevida;Colis�o frontal;Com V�timas Feridas;Anoitecer;Crescente;C�u Claro;Simples;Reta;N�o;2;0;0;1;0;1;1;2;-3,446225;-45,671298;SPRF-MA;DEL02-MA;UOP01-DEL02-MA;;;
740102;19/12/2025;sexta-feira;21:10:00;MG;50;12,7;UBERLANDIA;Rea��o tardia ou ineficiente do condutor;Colis�o com objeto;Com V�timas Feridas;Plena Noite;Decrescente;Nublado;Simples;Rotat�ria;N�o;1;0;0;1;0;0;1;1;-18,90135912;-48,18693525;SPRF-MG;DEL15-MG;UOP01-DEL15-MG;;;
740103;19/12/2025;sexta-feira;19:40:00;CE;116;506;BREJO SANTO;Acessar a via sem observar a presen�a dos outros ve�culos;Colis�o traseira;Com V�timas Fatais;Plena Noite;Crescente;C�u Claro;Simples;Reta;N�o;2;1;0;0;0;1;0;2;-7,521007;-38,994035;SPRF-CE;DEL05-CE;UOP03-DEL05-CE;;;
740104;19/12/2025;sexta-feira;20:50:00;SP;116;542;BARRA DO TURVO;Acessar a via sem observar a presen�a dos outros ve�culos;Atropelamento de Pedestre;Com V�timas Feridas;Plena Noite;Decrescente;Nublado;M�ltipla;Reta;N�o;2;0;1;0;1;0;1;2;-24,96378455;-48,41236465;SPRF-SP;DEL05-SP;UOP02-DEL05-SP;;;
740105;19/12/2025;sexta-feira;21:00:00;GO;40;3;VALPARAISO DE GOIAS;Aus�ncia de rea��o do condutor;Colis�o traseira;Sem V�timas;Plena Noite;Decrescente;Nublado;Dupla;Reta;Sim;2;0;0;0;2;0;0;2;-16,0756658;-47,98540089;SPRF-DF;DEL01-DF;UOP01-DEL01-DF;;;
740106;19/12/2025;sexta-feira;20:38:00;PB;361;10,7;PATOS;Animais na Pista;Atropelamento de Animal;Com V�timas Feridas;Plena Noite;Crescente;C�u Claro;Simples;"Declive;Reta";N�o;2;0;0;1;1;0;1;1;-7,041407;-37,352016;SPRF-PB;DEL03-PB;UOP01-DEL03-PB;;;
740107;19/12/2025;sexta-feira;19:00:00;SP;116;280,8;EMBU DAS ARTES;Rea��o tardia ou ineficiente do condutor;Tombamento;Com V�timas Feridas;Plena Noite;Decrescente;Chuva;Dupla;"Reta;Declive";Sim;1;0;1;0;0;0;1;1;-23,65110173;-46,84666488;SPRF-SP;DEL04-SP;UOP01-DEL04-SP;;;
740108;19/12/2025;sexta-feira;18:40:00;MG;262;69;MATIPO;Ultrapassagem Indevida;Colis�o frontal;Com V�timas Feridas;Plena Noite;Decrescente;Nublado;Simples;Reta;N�o;5;0;2;3;0;0;5;2;-20,30797162;-42,29242158;SPRF-MG;DEL06-MG;UOP03-DEL06-MG;;;
740109;19/12/2025;sexta-feira;19:15:00;MG;381;422;CAETE;Pista esburacada;Tombamento;Com V�timas Feridas;Plena Noite;Crescente;C�u Claro;Simples;"Aclive;Curva";N�o;1;0;0;1;0;0;1;1;-19,79448715;-43,67958069;SPRF-MG;DEL01-MG;UOP01-DEL01-MG;;;
740111;19/12/2025;sexta-feira;20:30:00;SC;153;13,4;AGUA DOCE;Aus�ncia de rea��o do condutor;Sa�da de leito carro��vel;Com V�timas Feridas;Plena Noite;Decrescente;C�u Claro;Simples;Interse��o de Vias;N�o;1;0;1;0;0;0;1;1;-26,6986127;-51,5746618;SPRF-SC;DEL07-SC;UOP07-DEL07-SC;;;
740114;19/12/2025;sexta-feira;21:30:00;PE;101;73;RECIFE;Manobra de mudan�a de faixa;Colis�o lateral mesmo sentido;Com V�timas Feridas;Plena Noite;Decrescente;C�u Claro;M�ltipla;"Aclive;Reta";Sim;4;0;3;0;0;1;3;3;-8,093778;-34,947613;SPRF-PE;DEL01-PE;UOP01-DEL01-PE;;;
740115;19/12/2025;sexta-feira;20:10:00;RJ;40;115,3;DUQUE DE CAXIAS;Rea��o tardia ou ineficiente do condutor;Tombamento;Com V�timas Feridas;Plena Noite;Decrescente;Chuva;Dupla;Reta;N�o;1;0;1;0;0;0;1;1;-22,744955;-43,2878;SPRF-RJ;DEL01-RJ;UOP02-DEL01-RJ;;;
740116;19/12/2025;sexta-feira;22:20:00;GO;60;97;ANAPOLIS;Rea��o tardia ou ineficiente do condutor;Tombamento;Com V�timas Feridas;Plena Noite;Decrescente;Chuva;Dupla;Retorno Regulamentado;Sim;2;0;1;0;1;0;1;1;-16,37814619;-48,94896839;SPRF-GO;DEL02-GO;UOP01-DEL02-GO;;;
740117;19/12/2025;sexta-feira;21:15:00;PR;369;159;CAMBE;Rea��o tardia ou ineficiente do condutor;Tombamento;Com V�timas Feridas;Plena Noite;Decrescente;C�u Claro;Simples;"Curva;Interse��o de Vias";Sim;1;0;0;1;0;0;1;1;-23,28574697;-51,2359306;SPRF-PR;DEL07-PR;UOP01-DEL07-PR;;;
740119;19/12/2025;sexta-feira;21:00:00;AL;101;27,5;JOAQUIM GOMES;Ingest�o de �lcool pelo condutor;Colis�o com objeto;Com V�timas Fatais;Plena Noite;Crescente;C�u Claro;Simples;Reta;N�o;2;1;0;1;0;0;1;1;-9,06836751;-35,74066067;SPRF-AL;DEL01-AL;UOP02-DEL01-AL;;;
740120;19/12/2025;sexta-feira;22:45:00;SC;101;194,7;BIGUACU;Pedestre cruzava a pista fora da faixa;Atropelamento de Pedestre;Com V�timas Fatais;Plena Noite;Crescente;C�u Claro;Dupla;Reta;Sim;3;1;0;0;2;0;0;2;-27,50304;-48,65186;SPRF-SC;DEL01-SC;UOP01-DEL01-SC;;;
740122;19/12/2025;sexta-feira;23:00:00;SP;116;192;SANTA ISABEL;Ingest�o de �lcool pelo condutor;Colis�o com objeto;Com V�timas Feridas;Plena Noite;Decrescente;C�u Claro;Dupla;"Reta;Aclive";Sim;1;0;1;0;0;0;1;1;-23,37719792;-46,23397574;SPRF-SP;DEL01-SP;UOP01-DEL01-SP;;;
740124;19/12/2025;sexta-feira;22:19:00;PR;476;116;COLOMBO;Velocidade Incompat�vel;Colis�o traseira;Com V�timas Fatais;Plena Noite;Crescente;C�u Claro;Dupla;Reta;Sim;4;1;1;1;0;1;2;3;-25,34784628;-49,16221976;SPRF-PR;DEL01-PR;UOP01-DEL01-PR;;;
740126;19/12/2025;sexta-feira;21:45:00;MG;116;550,7;SANTA BARBARA DO LESTE;Acessar a via sem observar a presen�a dos outros ve�culos;Colis�o transversal;Sem V�timas;Plena Noite;Decrescente;C�u Claro;Simples;Interse��o de Vias;Sim;2;0;0;0;2;0;0;2;-19,9802321;-42,14163333;SPRF-MG;DEL06-MG;UOP02-DEL06-MG;;;
740129;19/12/2025;sexta-feira;22:40:00;MG;40;513,5;RIBEIRAO DAS NEVES;Rea��o tardia ou ineficiente do condutor;Colis�o traseira;Com V�timas Feridas;Plena Noite;Decrescente;C�u Claro;Dupla;Curva;N�o;2;0;1;0;1;0;1;2;-19,799945;-44,101689;SPRF-MG;DEL01-MG;UOP02-DEL01-MG;;;
740131;19/12/2025;sexta-feira;21:25:00;SC;282;216;LAGES;Transitar na contram�o;Colis�o frontal;Com V�timas Feridas;Plena Noite;Decrescente;Nublado;Simples;Reta;Sim;3;0;0;1;1;1;1;3;-27,7959653;-50,2864106;SPRF-SC;DEL05-SC;UOP01-DEL05-SC;;;
740135;19/12/2025;sexta-feira;20:40:00;GO;40;65,1;CRISTALINA;Manobra de mudan�a de faixa;Colis�o frontal;Com V�timas Fatais;Plena Noite;Decrescente;Nublado;Simples;Curva;N�o;3;1;2;0;0;0;2;2;-16,565601;-47,791459;SPRF-DF;DEL01-DF;UOP02-DEL01-DF;;;
740136;19/12/2025;sexta-feira;23:30:00;RJ;116;182;NOVA IGUACU;Condutor deixou de manter dist�ncia do ve�culo da frente;Colis�o traseira;Sem V�timas;Plena Noite;Decrescente;Chuva;M�ltipla;Reta;Sim;2;0;0;0;1;1;0;2;-22,74186006;-43,45332798;SPRF-RJ;DEL06-RJ;UOP01-DEL06-RJ;;;
740138;19/12/2025;sexta-feira;23:15:00;SC;101;24,3;JOINVILLE;Ultrapassagem Indevida;Colis�o frontal;Sem V�timas;Plena Noite;Decrescente;C�u Claro;Simples;Reta;Sim;2;0;0;0;2;0;0;2;-26,17892807;-48,90866367;SPRF-SC;DEL03-SC;UOP01-DEL03-SC;;;
740139;19/12/2025;sexta-feira;23:30:00;SP;381;84;SAO PAULO;Aus�ncia de rea��o do condutor;Atropelamento de Pedestre;Com V�timas Feridas;Plena Noite;Crescente;C�u Claro;M�ltipla;Reta;Sim;2;0;0;1;0;1;1;2;-23,45150497;-46,57046058;SPRF-SP;DEL03-SP;UOP01-DEL03-SP;;;