id;data_inversa;dia_semana;horario;uf;br;km;municipio;causa_acidente;tipo_acidente;classificacao_acidente;fase_dia;sentido_via;condicao_metereologica;tipo_pista;tracado_via;uso_solo;pessoas;mortos;feridos_leves;feridos_graves;ilesos;ignorados;feridos;veiculos;latitude;longitude;regional;delegacia;uop;;;
740141;19/12/2025;sexta-feira;21:50:00;GO;60;169;GOIANIA;Desrespeitar a prefer�ncia no cruzamento;Colis�o transversal;Com V�timas Feridas;Plena Noite;Crescente;C�u Claro;Simples;"Retorno Regulamentado;Reta";Sim;4;0;4;0;0;0;4;2;-16,733124;-49,399541;SPRF-GO;DEL01-GO;UOP02-DEL01-GO;;;
740143;19/12/2025;sexta-feira;23:35:00;GO;153;191;URUACU;Ingest�o de �lcool pelo condutor;Tombamento;Sem V�timas;Plena Noite;Decrescente;Nublado;Simples;Reta;N�o;2;0;0;0;0;2;0;1;-14,4769024;-49,152;SPRF-GO;DEL07-GO;UOP02-DEL07-GO;;;
740145;19/12/2025;sexta-feira;23:55:00;PR;369;397,3;JURANDA;Mal s�bito do condutor;Sa�da de leito carro��vel;Com V�timas Fatais;Plena Noite;Crescente;C�u Claro;Simples;Reta;N�o;5;1;1;0;3;0;1;1;-24,357135;-52,745466;SPRF-PR;DEL04-PR;UOP03-DEL04-PR;;;
740146;20/12/2025;s�bado;00:10:00;SC;101;208,5;SAO JOSE;Velocidade Incompat�vel;Colis�o traseira;Com V�timas Feridas;Plena Noite;Decrescente;C�u Claro;M�ltipla;"Reta;Declive";Sim;3;0;0;2;1;0;2;2;-27,606607;-48,635245;SPRF-SC;DEL01-SC;UOP01-DEL01-SC;;;
740148;19/12/2025;sexta-feira;21:59:00;RJ;101;505;ANGRA DOS REIS;Rea��o tardia ou ineficiente do condutor;Atropelamento de Pedestre;Com V�timas Feridas;Plena Noite;Crescente;Garoa/Chuvisco;Simples;Reta;Sim;2;0;1;0;1;0;1;2;-22,93504475;-44,40480742;SPRF-RJ;DEL03-RJ;UOP03-DEL03-RJ;;;
740149;20/12/2025;s�bado;00:15:00;SC;282;410;CATANDUVAS;Ingest�o de �lcool pelo condutor;Colis�o transversal;Sem V�timas;Plena Noite;Decrescente;C�u Claro;Simples;Rotat�ria;N�o;5;0;0;0;5;0;0;2;-27,0702168;-51,6632349;SPRF-SC;DEL07-SC;UOP05-DEL07-SC;;;
740150;19/12/2025;sexta-feira;21:50:00;MT;163;84,1;RONDONOPOLIS;Acumulo de �gua sobre o pavimento;Colis�o traseira;Sem V�timas;Plena Noite;Crescente;Chuva;Dupla;"Reta;Aclive";N�o;2;0;0;0;2;0;0;2;-16,782132;-54,667492;SPRF-MT;DEL02-MT;UOP03-DEL02-MT;;;
740151;19/12/2025;sexta-feira;20:05:00;MT;70;743;CACERES;Velocidade Incompat�vel;Sa�da de leito carro��vel;Com V�timas Feridas;Plena Noite;Decrescente;Nublado;Simples;Rotat�ria;N�o;2;0;1;0;1;0;1;1;-16,0126206;-57,73951069;SPRF-MT;DEL03-MT;UOP01-DEL03-MT;;;
740152;20/12/2025;s�bado;00:05:00;RN;101;99;NATAL;Acessar a via sem observar a presen�a dos outros ve�culos;Colis�o traseira;Com V�timas Feridas;Plena Noite;Crescente;C�u Claro;M�ltipla;"Reta;Declive";N�o;2;0;1;0;1;0;1;2;-5,873317;-35,220556;SPRF-RN;DEL01-RN;UOP01-DEL01-RN;;;
740153;20/12/2025;s�bado;00:10:00;RN;101;99;NATAL;Aus�ncia de rea��o do condutor;Colis�o transversal;Com V�timas Feridas;Plena Noite;Crescente;C�u Claro;Dupla;"Viaduto;Reta";Sim;2;0;1;0;1;0;1;2;-5,87320095;-35,22052877;SPRF-RN;DEL01-RN;UOP01-DEL01-RN;;;
740154;20/12/2025;s�bado;01:00:00;GO;70;8;AGUAS LINDAS DE GOIAS;Aus�ncia de rea��o do condutor;Colis�o traseira;Sem V�timas;Plena Noite;Crescente;C�u Claro;Dupla;Reta;Sim;2;0;0;0;2;0;0;2;-15,735331;-48,27991;SPRF-DF;DEL03-DF;UOP02-DEL03-DF;;;
740157;19/12/2025;sexta-feira;21:40:00;MA;135;22,2;SAO LUIS;Trafegar com motocicleta (ou similar) entre as faixas;Atropelamento de Pedestre;Com V�timas Feridas;Plena Noite;Decrescente;C�u Claro;Dupla;Reta;Sim;5;0;1;3;1;0;4;2;-2,563137;-44,317245;SPRF-MA;DEL01-MA;UOP01-DEL01-MA;;;
740158;20/12/2025;s�bado;00:00:00;PE;232;19;JABOATAO DOS GUARARAPES;Animais na Pista;Atropelamento de Animal;Com V�timas Feridas;Plena Noite;Decrescente;C�u Claro;Dupla;Reta;N�o;1;0;1;0;0;0;1;1;-8,097228;-35,05817;SPRF-PE;DEL01-PE;UOP01-DEL01-PE;;;
740159;20/12/2025;s�bado;00:30:00;RS;386;404,5;MONTENEGRO;Rea��o tardia ou ineficiente do condutor;Colis�o traseira;Com V�timas Feridas;Plena Noite;Decrescente;C�u Claro;Simples;"Reta;Aclive";N�o;5;0;3;0;2;0;3;3;-29,775328;-51,565658;SPRF-RS;DEL04-RS;UOP02-DEL04-RS;;;
740161;20/12/2025;s�bado;00:20:00;RJ;393;286;VOLTA REDONDA;Aus�ncia de rea��o do condutor;Colis�o traseira;Com V�timas Feridas;Plena Noite;Decrescente;Chuva;Simples;Reta;Sim;3;0;2;0;0;1;2;3;-22,50678849;-44,07784581;SPRF-RJ;DEL05-RJ;UOP04-DEL05-RJ;;;
740162;20/12/2025;s�bado;01:00:00;RJ;116;127;MAGE;Chuva;Tombamento;Com V�timas Feridas;Plena Noite;Decrescente;Garoa/Chuvisco;Dupla;Reta;Sim;1;0;1;0;0;0;1;1;-22,659072;-43,0866432;SPRF-RJ;DEL04-RJ;UOP02-DEL04-RJ;;;
740163;20/12/2025;s�bado;00:30:00;SC;101;48,2;JOINVILLE;Aus�ncia de rea��o do condutor;Sa�da de leito carro��vel;Sem V�timas;Plena Noite;Decrescente;C�u Claro;Dupla;Reta;Sim;1;0;0;0;1;0;0;1;-26,39413415;-48,83876547;SPRF-SC;DEL03-SC;UOP01-DEL03-SC;;;
740165;20/12/2025;s�bado;00:50:00;PR;487;112,3;CRUZEIRO DO OESTE;Animais na Pista;Atropelamento de Animal;Com V�timas Feridas;Plena Noite;Crescente;C�u Claro;Simples;"Declive;Reta";N�o;4;0;3;0;1;0;3;1;-23,816816;-52,993783;SPRF-PR;DEL09-PR;UOP03-DEL09-PR;;;
740166;20/12/2025;s�bado;01:52:00;RS;290;64,3;GRAVATAI;Condutor deixou de manter dist�ncia do ve�culo da frente;Colis�o traseira;Sem V�timas;Plena Noite;Decrescente;C�u Claro;Dupla;Reta;N�o;6;0;0;0;6;0;0;2;-29,9419817;-50,898245;SPRF-RS;DEL03-RS;UOP01-DEL03-RS;;;
740167;20/12/2025;s�bado;01:30:00;RS;116;231,8;NOVO HAMBURGO;Acessar a via sem observar a presen�a dos outros ve�culos;Colis�o transversal;Com V�timas Feridas;Plena Noite;Decrescente;C�u Claro;Dupla;Reta;Sim;2;0;1;0;1;0;1;2;-29,64077838;-51,14225572;SPRF-RS;DEL01-RS;UOP02-DEL01-RS;;;
740168;20/12/2025;s�bado;02:00:00;SC;282;6;SAO JOSE;Aus�ncia de rea��o do condutor;Colis�o com objeto;Com V�timas Feridas;Plena Noite;Decrescente;C�u Claro;Dupla;Curva;Sim;1;0;1;0;0;0;1;1;-27,584246;-48,616691;SPRF-SC;DEL01-SC;UOP01-DEL01-SC;;;
740169;20/12/2025;s�bado;00:50:00;SC;282;507,3;XANXERE;Rea��o tardia ou ineficiente do condutor;Colis�o transversal;Com V�timas Feridas;Plena Noite;Crescente;Nublado;Simples;"Reta;Declive";N�o;9;0;2;1;5;1;3;5;-26,88805301;-52,45298887;SPRF-SC;DEL07-SC;UOP01-DEL07-SC;;;
740170;20/12/2025;s�bado;02:15:00;BA;242;815;BARREIRAS;Ingest�o de �lcool pelo condutor;Colis�o frontal;Com V�timas Feridas;Plena Noite;Decrescente;C�u Claro;Simples;Curva;N�o;45;0;1;0;44;0;1;2;-12,10391;-44,96525;SPRF-BA;DEL10-BA;UOP01-DEL10-BA;;;
740172;20/12/2025;s�bado;02:30:00;SP;116;139,3;SAO JOSE DOS CAMPOS;Rea��o tardia ou ineficiente do condutor;Colis�o com objeto;Com V�timas Feridas;Plena Noite;Decrescente;C�u Claro;Dupla;Reta;Sim;4;0;4;0;0;0;4;1;-23,1619486;-45,80465169;SPRF-SP;DEL02-SP;UOP01-DEL02-SP;;;
740173;20/12/2025;s�bado;01:55:00;MS;163;288;DOURADINA;Aus�ncia de rea��o do condutor;Colis�o traseira;Sem V�timas;Plena Noite;Decrescente;C�u Claro;Simples;Reta;Sim;4;0;0;0;4;0;0;2;-22,08300986;-54,56971256;SPRF-MS;DEL04-MS;UOP01-DEL04-MS;;;
740175;20/12/2025;s�bado;02:40:00;MG;381;778,4;CAMPANHA;Velocidade Incompat�vel;Sa�da de leito carro��vel;Com V�timas Feridas;Plena Noite;Decrescente;Chuva;Dupla;Curva;N�o;4;0;3;0;1;0;3;1;-21,8040765;-45,4735705;SPRF-MG;DEL16-MG;UOP02-DEL16-MG;;;
740177;20/12/2025;s�bado;02:59:00;PA;230;119;MARABA;Rea��o tardia ou ineficiente do condutor;Colis�o transversal;Sem V�timas;Plena Noite;Crescente;C�u Claro;Dupla;"Reta;Interse��o de Vias";Sim;2;0;0;0;1;1;0;2;-5,350205;-49,102382;SPRF-PA;DEL03-PA;UOP01-DEL03-PA;;;
740179;20/12/2025;s�bado;03:00:00;DF;251;11;BRASILIA;Ingest�o de �lcool pelo condutor;Colis�o transversal;Com V�timas Feridas;Plena Noite;Crescente;Nublado;Simples;Rotat�ria;N�o;2;0;0;1;1;0;1;2;-15,96999;-47,58691;SPRF-DF;DEL01-DF;UOP01-DEL01-DF;;;
740181;20/12/2025;s�bado;02:54:00;PE;428;188;PETROLINA;Condutor deixou de manter dist�ncia do ve�culo da frente;Colis�o traseira;Com V�timas Feridas;Plena Noite;Crescente;C�u Claro;Dupla;Rotat�ria;Sim;2;0;1;0;1;0;1;2;-9,37501538;-40,48878276;SPRF-PE;DEL06-PE;UOP01-DEL06-PE;;;
740184;20/12/2025;s�bado;03:00:00;DF;40;3;BRASILIA;Rea��o tardia ou ineficiente do condutor;Colis�o com objeto;Sem V�timas;Plena Noite;Crescente;Chuva;Dupla;Viaduto;N�o;1;0;0;0;0;1;0;1;-16,00423577;-47,98398972;SPRF-DF;DEL01-DF;UOP01-DEL01-DF;;;
740185;20/12/2025;s�bado;04:55:00;SC;101;156;PORTO BELO;Demais falhas mec�nicas ou el�tricas;Sa�da de leito carro��vel;Sem V�timas;Amanhecer;Crescente;C�u Claro;Dupla;Reta;Sim;1;0;0;0;1;0;0;1;-27,180003;-48,612051;SPRF-SC;DEL04-SC;UOP03-DEL04-SC;;;
740186;20/12/2025;s�bado;01:40:00;GO;20;93,8;VILA BOA;Pista Escorregadia;Sa�da de leito carro��vel;Com V�timas Feridas;Plena Noite;Crescente;C�u Claro;Simples;"Reta;Declive";N�o;5;0;1;1;3;0;2;1;-14,994945;-47,028642;SPRF-DF;DEL02-DF;UOP02-DEL02-DF;;;
740187;20/12/2025;s�bado;03:35:00;SC;116;49,2;PAPANDUVA;Demais falhas mec�nicas ou el�tricas;Inc�ndio;Sem V�timas;Plena Noite;Crescente;C�u Claro;Simples;Reta;N�o;2;0;0;0;1;1;0;2;-26,371618;-50,126332;SPRF-SC;DEL06-SC;UOP01-DEL06-SC;;;
740188;28/11/2025;sexta-feira;12:20:00;PR;376;182;MARINGA;Aus�ncia de rea��o do condutor;Colis�o transversal;Com V�timas Feridas;Pleno dia;Decrescente;C�u Claro;Dupla;"Rotat�ria;Interse��o de Vias";Sim;2;0;1;0;0;1;1;2;-23,43188101;-51,88805994;SPRF-PR;DEL09-PR;UOP01-DEL09-PR;;;
740189;20/12/2025;s�bado;03:00:00;SC;101;149;ITAPEMA;Ingest�o de �lcool pelo condutor;Colis�o com objeto;Sem V�timas;Plena Noite;Decrescente;C�u Claro;Dupla;Reta;N�o;1;0;0;0;0;1;0;1;-27,11410432;-48,60973684;SPRF-SC;DEL04-SC;UOP03-DEL04-SC;;;
740190;20/12/2025;s�bado;00:30:00;PE;316;343;PETROLANDIA;Pedestre andava na pista;Atropelamento de Pedestre;Com V�timas Fatais;Plena Noite;Crescente;Nublado;Simples;"Reta;Aclive";N�o;3;1;1;0;0;1;1;2;-8,817648;-38,311538;SPRF-PE;DEL04-PE;UOP03-DEL04-PE;;;
740191;20/12/2025;s�bado;05:00:00;MG;381;778,3;TRES CORACOES;Condutor Dormindo;Colis�o com objeto;Com V�timas Feridas;Anoitecer;Crescente;Nublado;Dupla;Curva;N�o;2;0;2;0;0;0;2;1;-21,69037705;-45,3495523;SPRF-MG;DEL16-MG;UOP02-DEL16-MG;;;
740192;20/12/2025;s�bado;05:35:00;PR;369;504,9;CASCAVEL;Condutor deixou de manter dist�ncia do ve�culo da frente;Colis�o traseira;Com V�timas Feridas;Amanhecer;Crescente;C�u Claro;Simples;"Declive;Reta";Sim;6;0;2;0;3;1;2;4;-24,93920507;-53,39714885;SPRF-PR;DEL04-PR;UOP01-DEL04-PR;;;
740194;20/12/2025;s�bado;05:40:00;GO;20;72,9;FORMOSA;Acumulo de �gua sobre o pavimento;Sa�da de leito carro��vel;Com V�timas Feridas;Plena Noite;Crescente;Chuva;Dupla;"Interse��o de Vias;Reta";N�o;2;0;0;1;1;0;1;1;-15,147243;-47,134785;SPRF-DF;DEL02-DF;UOP02-DEL02-DF;;;
740195;20/12/2025;s�bado;04:30:00;MG;116;546,8;SANTA BARBARA DO LESTE;Condutor Dormindo;Sa�da de leito carro��vel;Com V�timas Feridas;Amanhecer;Crescente;C�u Claro;Simples;"Reta;Aclive";N�o;2;0;2;0;0;0;2;1;-19,92381079;-42,13136673;SPRF-MG;DEL06-MG;UOP02-DEL06-MG;;;
740196;20/12/2025;s�bado;06:00:00;ES;101;398,9;ITAPEMIRIM;Pista Escorregadia;Queda de ocupante de ve�culo;Com V�timas Feridas;Pleno dia;Decrescente;Garoa/Chuvisco;M�ltipla;Reta;N�o;1;0;1;0;0;0;1;1;-20,878542;-40,966079;SPRF-ES;DEL03-ES;UOP02-DEL03-ES;;;
740197;20/12/2025;s�bado;06:51:00;SP;116;229;SAO PAULO;Rea��o tardia ou ineficiente do condutor;Colis�o lateral mesmo sentido;Com V�timas Feridas;Pleno dia;Crescente;C�u Claro;M�ltipla;Reta;N�o;2;0;0;1;1;0;1;2;-23,50422702;-46,56808206;SPRF-SP;DEL01-SP;UOP01-DEL01-SP;;;
740200;19/12/2025;sexta-feira;22:00:00;MS;158;4,5;CASSILANDIA;Ingest�o de �lcool pelo condutor;Tombamento;Com V�timas Feridas;Plena Noite;Crescente;C�u Claro;Simples;Reta;Sim;1;0;0;1;0;0;1;1;-19,121724;-51,723548;SPRF-MS;DEL08-MS;UOP01-DEL08-MS;;;
740201;20/12/2025;s�bado;01:05:00;RO;364;305,9;PRESIDENTE MEDICI;Ingest�o de �lcool pelo condutor;Colis�o traseira;Sem V�timas;Plena Noite;Crescente;C�u Claro;Simples;Reta;N�o;47;0;0;0;46;1;0;2;-11,190518;-61,901517;SPRF-RO;DEL02-RO;UOP01-DEL02-RO;;;
740202;20/12/2025;s�bado;00:15:00;SC;280;94;CORUPA;Demais falhas mec�nicas ou el�tricas;Inc�ndio;Sem V�timas;Plena Noite;Crescente;C�u Claro;Simples;"Reta;Aclive";N�o;1;0;0;0;1;0;0;1;-26,38574;-49,30344;SPRF-SC;DEL06-SC;UOP03-DEL06-SC;;;
740203;20/12/2025;s�bado;06:20:00;MG;381;522;BRUMADINHO;Velocidade Incompat�vel;Sa�da de leito carro��vel;Com V�timas Feridas;Amanhecer;Crescente;Chuva;Dupla;Curva;N�o;4;0;4;0;0;0;4;1;-20,12686589;-44,30305481;SPRF-MG;DEL04-MG;UOP03-DEL04-MG;;;
740204;20/12/2025;s�bado;05:15:00;MS;163;194;CAARAPO;Aus�ncia de rea��o do condutor;Capotamento;Com V�timas Feridas;Amanhecer;Crescente;C�u Claro;Dupla;Reta;N�o;1;0;1;0;0;0;1;1;-22,5186;-54,7679;SPRF-MS;DEL04-MS;UOP02-DEL04-MS;;;
740207;20/12/2025;s�bado;06:10:00;GO;153;437;ANAPOLIS;Ingest�o de �lcool pelo condutor;Sa�da de leito carro��vel;Com V�timas Feridas;Pleno dia;Crescente;C�u Claro;Dupla;"Curva;Em Obras;Desvio Tempor�rio";Sim;1;0;0;1;0;0;1;1;-16,30273561;-48,92506018;SPRF-GO;DEL02-GO;UOP01-DEL02-GO;;;
740208;20/12/2025;s�bado;07:00:00;PR;163;281;MARECHAL CANDIDO RONDON;Acessar a via sem observar a presen�a dos outros ve�culos;Colis�o transversal;Com V�timas Feridas;Pleno dia;Decrescente;C�u Claro;Simples;Reta;Sim;2;0;0;1;1;0;1;2;-24,56119047;-54,03634735;SPRF-PR;DEL06-PR;UOP02-DEL06-PR;;;
740209;19/12/2025;sexta-feira;19:00:00;PA;163;992;SANTAREM;Acessar a via sem observar a presen�a dos outros ve�culos;Colis�o transversal;Com V�timas Fatais;Plena Noite;Decrescente;C�u Claro;Simples;Reta;Sim;2;1;0;0;1;0;0;2;-2,53624064;-54,72281456;SPRF-PA;DEL05-PA;UOP01-DEL05-PA;;;
740211;20/12/2025;s�bado;05:30:00;PR;277;728;FOZ DO IGUACU;Velocidade Incompat�vel;Tombamento;Com V�timas Feridas;Amanhecer;Decrescente;C�u Claro;Dupla;Reta;N�o;1;0;0;1;0;0;1;1;-25,51016131;-54,54771392;SPRF-PR;DEL05-PR;UOP03-DEL05-PR;;;
740212;20/12/2025;s�bado;06:00:00;CE;116;60;CHOROZINHO;Condutor deixou de manter dist�ncia do ve�culo da frente;Colis�o traseira;Com V�timas Feridas;Pleno dia;Decrescente;C�u Claro;Simples;Reta;N�o;2;0;1;0;1;0;1;2;-4,2581;-38,48713;SPRF-CE;DEL01-CE;UOP04-DEL01-CE;;;
740213;20/12/2025;s�bado;05:58:00;RJ;116;280;BARRA MANSA;Aus�ncia de rea��o do condutor;Sa�da de leito carro��vel;Com V�timas Feridas;Pleno dia;Crescente;Garoa/Chuvisco;Simples;"Aclive;Reta";Sim;1;0;1;0;0;0;1;1;-22,5098016;-44,22399402;SPRF-RJ;DEL07-RJ;UOP02-DEL07-RJ;;;
740214;20/12/2025;s�bado;00:10:00;MG;365;455;PATROCINIO;Ingest�o de �lcool pelo condutor;Colis�o frontal;Sem V�timas;Plena Noite;Crescente;Garoa/Chuvisco;Simples;Reta;N�o;2;0;0;0;2;0;0;2;-18,84858302;-46,8708013;SPRF-MG;DEL10-MG;UOP01-DEL10-MG;;;
740215;20/12/2025;s�bado;07:15:00;RJ;493;25;MAGE;Aus�ncia de rea��o do condutor;Colis�o com objeto;Com V�timas Feridas;Pleno dia;Decrescente;Chuva;Simples;Reta;N�o;1;0;1;0;0;0;1;1;-22,657792;-43,082904;SPRF-RJ;DEL04-RJ;UOP02-DEL04-RJ;;;
740216;08/12/2025;segunda-feira;15:30:00;MG;40;526;CONTAGEM;Acessar a via sem observar a presen�a dos outros ve�culos;Colis�o transversal;Com V�timas Feridas;Pleno dia;Decrescente;Nublado;Dupla;Reta;Sim;2;0;0;1;1;0;1;2;-19,9004;-44,049386;SPRF-MG;DEL01-MG;UOP02-DEL01-MG;;;
740217;20/12/2025;s�bado;06:30:00;PE;101;56;PAULISTA;Aus�ncia de rea��o do condutor;Tombamento;Com V�timas Feridas;Pleno dia;Crescente;C�u Claro;Dupla;Reta;N�o;2;0;0;1;0;1;1;2;-7,952185;-34,909779;SPRF-PE;DEL01-PE;UOP02-DEL01-PE;;;
740218;20/12/2025;s�bado;02:26:00;RJ;40;118;DUQUE DE CAXIAS;Rea��o tardia ou ineficiente do condutor;Queda de ocupante de ve�culo;Com V�timas Feridas;Plena Noite;Crescente;Garoa/Chuvisco;M�ltipla;Reta;Sim;1;0;1;0;0;0;1;1;-22,759523;-43,28734;SPRF-RJ;DEL01-RJ;UOP02-DEL01-RJ;;;
740219;20/12/2025;s�bado;07:50:00;DF;70;3,2;BRASILIA;Acesso irregular;Sa�da de leito carro��vel;Com V�timas Feridas;Pleno dia;Crescente;Garoa/Chuvisco;Dupla;Curva;Sim;2;0;1;0;1;0;1;2;-15,801897;-48,083849;SPRF-DF;DEL03-DF;UOP02-DEL03-DF;;;
740220;20/12/2025;s�bado;07:30:00;GO;153;502;GOIANIA;Ingest�o de �lcool pelo condutor;Colis�o com objeto;Com V�timas Feridas;Pleno dia;Crescente;Nublado;Dupla;Reta;Sim;2;0;1;0;1;0;1;1;-16,7148325;-49,23458844;SPRF-GO;DEL01-GO;UOP01-DEL01-GO;;;
740221;20/12/2025;s�bado;08:08:00;RN;304;302;MACAIBA;Aus�ncia de rea��o do condutor;Colis�o com objeto;Com V�timas Feridas;Pleno dia;Decrescente;C�u Claro;Dupla;Reta;N�o;2;0;1;0;1;0;1;1;-5,880772;-35,293527;SPRF-RN;DEL01-RN;UOP02-DEL01-RN;;;
740222;18/12/2025;quinta-feira;06:50:00;BA;116;16;VITORIA DA CONQUISTA;Acessar a via sem observar a presen�a dos outros ve�culos;Colis�o transversal;Com V�timas Feridas;Pleno dia;Crescente;Sol;Simples;Interse��o de Vias;N�o;3;0;1;0;2;0;1;2;-14,90296;-40,84104;SPRF-BA;DEL08-BA;UOP01-DEL08-BA;;;
740223;20/12/2025;s�bado;04:40:00;PA;10;247;AURORA DO PARA;Rea��o tardia ou ineficiente do condutor;Colis�o traseira;Com V�timas Feridas;Plena Noite;Decrescente;Ignorado;Simples;"Reta;Declive";N�o;4;0;0;4;0;0;4;2;-2,281253;-47,562716;SPRF-PA;DEL02-PA;UOP01-DEL02-PA;;;
740224;20/12/2025;s�bado;07:50:00;MG;262;353;BETIM;Velocidade Incompat�vel;Colis�o com objeto;Com V�timas Feridas;Pleno dia;Decrescente;Chuva;Dupla;Curva;N�o;1;0;1;0;0;0;1;1;-19,98002;-44,25118;SPRF-MG;DEL01-MG;UOP03-DEL01-MG;;;
740225;20/12/2025;s�bado;08:00:00;TO;153;650;DUERE;Demais falhas mec�nicas ou el�tricas;Sa�da de leito carro��vel;Com V�timas Feridas;Pleno dia;Crescente;C�u Claro;Simples;Reta;N�o;4;0;2;0;2;0;2;1;-11,5533;-49,0246;SPRF-TO;DEL01-TO;UOP02-DEL01-TO;;;
740226;20/12/2025;s�bado;07:20:00;MS;158;12,7;CASSILANDIA;Aus�ncia de rea��o do condutor;Colis�o traseira;Com V�timas Feridas;Pleno dia;Crescente;C�u Claro;Simples;"Declive;Em Obras;Reta";N�o;5;0;1;0;4;0;1;2;-19,156094;-51,653939;SPRF-MS;DEL08-MS;UOP01-DEL08-MS;;;
740228;20/12/2025;s�bado;07:30:00;GO;40;20,1;LUZIANIA;Aus�ncia de rea��o do condutor;Sa�da de leito carro��vel;Com V�timas Feridas;Pleno dia;Crescente;Nublado;Dupla;Reta;Sim;4;0;0;1;3;0;1;3;-16,2172;-47,915917;SPRF-DF;DEL01-DF;UOP01-DEL01-DF;;;
740230;20/12/2025;s�bado;06:50:00;MG;381;383;BARAO DE COCAIS;Aus�ncia de rea��o do condutor;Colis�o traseira;Com V�timas Feridas;Amanhecer;Decrescente;Chuva;Dupla;"Curva;Declive";N�o;2;0;1;0;1;0;1;2;-19,80236489;-43,41161435;SPRF-MG;DEL01-MG;UOP01-DEL01-MG;;;
740231;12/11/2025;quarta-feira;07:17:00;SC;280;58,3;GUARAMIRIM;Trafegar com motocicleta (ou similar) entre as faixas;Atropelamento de Pedestre;Com V�timas Feridas;Pleno dia;Crescente;C�u Claro;Dupla;Reta;Sim;2;0;1;0;0;1;1;2;-26,474602;-49,026587;SPRF-SC;DEL03-SC;UOP03-DEL03-SC;;;
740232;20/12/2025;s�bado;08:36:00;BA;116;423;FEIRA DE SANTANA;Ultrapassagem Indevida;Colis�o lateral mesmo sentido;Com V�timas Feridas;Pleno dia;Decrescente;Sol;Dupla;Reta;Sim;2;0;0;1;0;1;1;2;-12,232427;-38,973011;SPRF-BA;DEL02-BA;UOP01-DEL02-BA;;;
740233;20/12/2025;s�bado;08:15:00;MG;153;89;PRATA;Aus�ncia de rea��o do condutor;Sa�da de leito carro��vel;Com V�timas Feridas;Amanhecer;Crescente;Nublado;Simples;Reta;N�o;3;0;2;0;1;0;2;1;-19,15998173;-48,95932943;SPRF-MG;DEL15-MG;UOP03-DEL15-MG;;;
740235;20/12/2025;s�bado;09:00:00;SC;101;119;ITAJAI;Trafegar com motocicleta (ou similar) entre as faixas;Colis�o lateral mesmo sentido;Com V�timas Feridas;Pleno dia;Crescente;Nublado;M�ltipla;Reta;Sim;2;0;1;0;1;0;1;2;-26,90953586;-48,71294372;SPRF-SC;DEL04-SC;UOP04-DEL04-SC;;;
740236;20/12/2025;s�bado;07:40:00;MT;70;58;BARRA DO GARCAS;Rea��o tardia ou ineficiente do condutor;Sa�da de leito carro��vel;Com V�timas Feridas;Amanhecer;Crescente;Nublado;Simples;Reta;N�o;4;0;1;0;3;0;1;1;-15,70813787;-52,67220498;SPRF-MT;DEL07-MT;UOP01-DEL07-MT;;;
740239;20/12/2025;s�bado;07:50:00;RJ;101;297;ITABORAI;Entrada inopinada do pedestre;Atropelamento de Pedestre;Com V�timas Feridas;Pleno dia;Crescente;Chuva;Dupla;Reta;N�o;2;0;0;1;1;0;1;2;-22,77111658;-42,92255402;SPRF-RJ;DEL02-RJ;UOP02-DEL02-RJ;;;
740240;20/12/2025;s�bado;08:15:00;BA;367;24;PORTO SEGURO;Ultrapassagem Indevida;Colis�o transversal;Com V�timas Feridas;Pleno dia;Decrescente;C�u Claro;Simples;Reta;Sim;2;0;1;0;1;0;1;2;-16,4349901;-39,0727482;SPRF-BA;DEL09-BA;UOP03-DEL09-BA;;;
740241;20/12/2025;s�bado;08:40:00;PE;101;13;GOIANA;Defici�ncia do Sistema de Ilumina��o/Sinaliza��o;Colis�o traseira;Sem V�timas;Pleno dia;Crescente;C�u Claro;Dupla;Reta;N�o;3;0;0;0;3;0;0;3;-7,609949;-34,975541;SPRF-PE;DEL01-PE;UOP02-DEL01-PE;;;
740242;20/12/2025;s�bado;09:30:00;ES;101;255,4;SERRA;Pedestre cruzava a pista fora da faixa;Atropelamento de Pedestre;Com V�timas Feridas;Pleno dia;Decrescente;Nublado;Dupla;Reta;Sim;3;0;1;0;1;1;1;2;-20,11788849;-40,31434232;SPRF-ES;DEL02-ES;UOP01-DEL02-ES;;;
740243;29/11/2025;s�bado;08:42:00;RJ;101;496;ANGRA DOS REIS;Condutor deixou de manter dist�ncia do ve�culo da frente;Colis�o traseira;Com V�timas Feridas;Pleno dia;Crescente;C�u Claro;Simples;"Interse��o de Vias;Reta";Sim;4;0;1;0;3;0;1;2;-22,98969271;-44,24058344;SPRF-RJ;DEL03-RJ;UOP03-DEL03-RJ;;;
740244;20/12/2025;s�bado;07:24:00;AC;364;123;RIO BRANCO;Aus�ncia de rea��o do condutor;Sa�da de leito carro��vel;Com V�timas Feridas;Pleno dia;Decrescente;C�u Claro;Dupla;Reta;Sim;2;0;2;0;0;0;2;1;-10,01181714;-67,79077751;SPRF-AC;DEL01-AC;UOP01-DEL01-AC;;;
740246;20/12/2025;s�bado;09:00:00;RJ;40;120,2;DUQUE DE CAXIAS;Manobra de mudan�a de faixa;Colis�o lateral mesmo sentido;Com V�timas Feridas;Pleno dia;Decrescente;C�u Claro;M�ltipla;Reta;N�o;3;0;1;0;2;0;1;2;-22,778573;-43,285496;SPRF-RJ;DEL01-RJ;UOP02-DEL01-RJ;;;