id;data_inversa;dia_semana;horario;uf;br;km;municipio;causa_acidente;tipo_acidente;classificacao_acidente;fase_dia;sentido_via;condicao_metereologica;tipo_pista;tracado_via;uso_solo;pessoas;mortos;feridos_leves;feridos_graves;ilesos;ignorados;feridos;veiculos;latitude;longitude;regional;delegacia;uop;;;
740247;20/12/2025;s�bado;09:40:00;BA;367;22;PORTO SEGURO;Acessar a via sem observar a presen�a dos outros ve�culos;Colis�o transversal;Sem V�timas;Pleno dia;Crescente;Nublado;Simples;"Declive;Curva";Sim;2;0;0;0;2;0;0;2;-16,4353052;-39,073718;SPRF-BA;DEL09-BA;UOP03-DEL09-BA;;;
740248;20/12/2025;s�bado;09:20:00;PR;116;115;CURITIBA;Manobra de mudan�a de faixa;Colis�o lateral mesmo sentido;Com V�timas Feridas;Pleno dia;Decrescente;C�u Claro;Dupla;Reta;Sim;2;0;1;0;1;0;1;2;-25,5467306;-49,3037833;SPRF-PR;DEL01-PR;UOP03-DEL01-PR;;;
740250;20/12/2025;s�bado;10:10:00;RS;290;88;PORTO ALEGRE;Demais falhas mec�nicas ou el�tricas;Tombamento;Com V�timas Feridas;Pleno dia;Decrescente;C�u Claro;Dupla;Reta;Sim;2;0;1;0;1;0;1;1;-29,96757076;-51,13937108;SPRF-RS;DEL01-RS;UOP01-DEL01-RS;;;
740251;20/12/2025;s�bado;09:40:00;RJ;101;72;CAMPOS DOS GOYTACAZES;Ultrapassagem Indevida;Colis�o frontal;Com V�timas Feridas;Pleno dia;Crescente;C�u Claro;Simples;Reta;N�o;4;0;2;1;0;1;3;3;-21,781936;-41,375103;SPRF-RJ;DEL08-RJ;UOP02-DEL08-RJ;;;
740252;20/12/2025;s�bado;10:35:00;MG;365;2,9;MONTES CLAROS;Acessar a via sem observar a presen�a dos outros ve�culos;Colis�o transversal;Com V�timas Feridas;Pleno dia;Crescente;C�u Claro;Simples;Reta;N�o;3;0;0;1;0;2;1;3;-16,788177;-43,893461;SPRF-MG;DEL12-MG;UOP01-DEL12-MG;;;
740253;20/12/2025;s�bado;10:00:00;MG;365;48,2;CLARO DOS POCOES;Aus�ncia de rea��o do condutor;Engavetamento;Com V�timas Feridas;Pleno dia;Decrescente;C�u Claro;Simples;"Aclive;Reta";N�o;5;0;2;0;3;0;2;3;-16,92285;-44,216915;SPRF-MG;DEL12-MG;UOP01-DEL12-MG;;;
740254;20/12/2025;s�bado;05:20:00;PR;116;122;CURITIBA;Velocidade Incompat�vel;Sa�da de leito carro��vel;Sem V�timas;Amanhecer;Crescente;C�u Claro;Dupla;Reta;Sim;1;0;0;0;0;1;0;1;-25,60994139;-49,31942638;SPRF-PR;DEL01-PR;UOP03-DEL01-PR;;;
740255;20/12/2025;s�bado;08:30:00;PI;316;183;VALENCA DO PIAUI;Rea��o tardia ou ineficiente do condutor;Sa�da de leito carro��vel;Com V�timas Feridas;Pleno dia;Crescente;Chuva;Simples;Reta;N�o;1;0;1;0;0;0;1;1;-6,34010868;-41,81628683;SPRF-PI;DEL04-PI;UOP02-DEL04-PI;;;
740256;20/12/2025;s�bado;09:20:00;BA;101;911;NOVA VICOSA;Velocidade Incompat�vel;Colis�o frontal;Com V�timas Feridas;Pleno dia;Crescente;C�u Claro;Simples;Curva;N�o;4;0;1;1;2;0;2;3;-17,8205642;-39,79609466;SPRF-BA;DEL09-BA;UOP02-DEL09-BA;;;
740257;20/12/2025;s�bado;09:30:00;BA;101;857;TEIXEIRA DE FREITAS;Rea��o tardia ou ineficiente do condutor;Sa�da de leito carro��vel;Com V�timas Feridas;Pleno dia;Crescente;Chuva;Simples;Curva;N�o;5;0;1;4;0;0;5;1;-17,370341;-39,65207;SPRF-BA;DEL09-BA;UOP02-DEL09-BA;;;
740258;20/12/2025;s�bado;10:15:00;SP;116;181;GUARAREMA;Manobra de mudan�a de faixa;Colis�o lateral mesmo sentido;Com V�timas Feridas;Pleno dia;Decrescente;Sol;Dupla;Curva;N�o;2;0;1;0;0;1;1;2;-23,33940802;-46,15018554;SPRF-SP;DEL01-SP;UOP01-DEL01-SP;;;
740260;20/12/2025;s�bado;09:00:00;BA;20;193;LUIS EDUARDO MAGALHAES;Rea��o tardia ou ineficiente do condutor;Sa�da de leito carro��vel;Com V�timas Feridas;Pleno dia;Crescente;C�u Claro;Simples;Reta;N�o;3;0;2;0;1;0;2;1;-12,241949;-45,836977;SPRF-BA;DEL10-BA;UOP01-DEL10-BA;;;
740261;20/12/2025;s�bado;10:30:00;SC;101;204,9;SAO JOSE;Condutor deixou de manter dist�ncia do ve�culo da frente;Engavetamento;Sem V�timas;Pleno dia;Crescente;Sol;Dupla;Reta;N�o;4;0;0;0;4;0;0;4;-27,57760127;-48,61342907;SPRF-SC;DEL01-SC;UOP01-DEL01-SC;;;
740263;20/12/2025;s�bado;11:25:00;GO;414;205;NIQUELANDIA;Acessar a via sem observar a presen�a dos outros ve�culos;Colis�o lateral mesmo sentido;Com V�timas Feridas;Pleno dia;Crescente;C�u Claro;Simples;Reta;N�o;6;0;0;4;2;0;4;3;-14,47308107;-48,48854363;SPRF-GO;DEL07-GO;UOP02-DEL07-GO;;;
740264;20/12/2025;s�bado;10:30:00;SC;101;205,5;SAO JOSE;Acumulo de areia ou detritos sobre o pavimento;Queda de ocupante de ve�culo;Com V�timas Feridas;Pleno dia;Crescente;C�u Claro;M�ltipla;Reta;Sim;1;0;1;0;0;0;1;1;-27,58227676;-48,6150798;SPRF-SC;DEL01-SC;UOP01-DEL01-SC;;;
740265;20/12/2025;s�bado;11:00:00;SC;101;124;ITAJAI;Manobra de mudan�a de faixa;Colis�o lateral mesmo sentido;Com V�timas Feridas;Pleno dia;Decrescente;C�u Claro;M�ltipla;Reta;Sim;2;0;1;0;1;0;1;2;-26,94602084;-48,68677139;SPRF-SC;DEL04-SC;UOP04-DEL04-SC;;;
740266;20/12/2025;s�bado;10:40:00;PR;277;641,7;CEU AZUL;Aus�ncia de rea��o do condutor;Colis�o traseira;Sem V�timas;Pleno dia;Crescente;C�u Claro;Simples;Reta;N�o;2;0;0;0;2;0;0;2;-25,17104718;-53,85911878;SPRF-PR;DEL05-PR;UOP02-DEL05-PR;;;
740267;20/12/2025;s�bado;11:30:00;MG;381;837;SAO SEBASTIAO DA BELA VISTA;Avarias e/ou desgaste excessivo no pneu;Sa�da de leito carro��vel;Com V�timas Feridas;Pleno dia;Decrescente;Nublado;Dupla;Curva;N�o;4;0;1;0;3;0;1;1;-22,14479981;-45,81933975;SPRF-MG;DEL16-MG;UOP01-DEL16-MG;;;
740268;20/12/2025;s�bado;11:40:00;MG;365;644;UBERLANDIA;Condutor Dormindo;Sa�da de leito carro��vel;Com V�timas Feridas;Pleno dia;Crescente;C�u Claro;Dupla;Reta;N�o;1;0;1;0;0;0;1;1;-18,875899;-48,523028;SPRF-MG;DEL15-MG;UOP01-DEL15-MG;;;
740269;20/12/2025;s�bado;11:30:00;RN;101;95;NATAL;Manobra de mudan�a de faixa;Colis�o traseira;Com V�timas Feridas;Pleno dia;Decrescente;C�u Claro;Dupla;Reta;N�o;2;0;1;0;1;0;1;2;-5,842928;-35,209608;SPRF-RN;DEL01-RN;UOP01-DEL01-RN;;;
740270;20/12/2025;s�bado;05:00:00;MT;70;149;GENERAL CARNEIRO;Aus�ncia de rea��o do condutor;Sa�da de leito carro��vel;Com V�timas Feridas;Pleno dia;Decrescente;C�u Claro;Simples;Reta;N�o;4;0;2;0;2;0;2;1;-15,5740965;-53,39492798;SPRF-MT;DEL07-MT;UOP01-DEL07-MT;;;
740271;20/12/2025;s�bado;11:45:00;SC;282;17,4;PALHOCA;Desrespeitar a prefer�ncia no cruzamento;Colis�o transversal;Com V�timas Feridas;Pleno dia;Decrescente;C�u Claro;Simples;Retorno Regulamentado;N�o;4;0;1;0;3;0;1;2;-27,66922343;-48,69105069;SPRF-SC;DEL01-SC;UOP02-DEL01-SC;;;
740272;20/12/2025;s�bado;09:25:00;RJ;356;148;CAMPOS DOS GOYTACAZES;Transitar na contram�o;Colis�o frontal;Com V�timas Feridas;Pleno dia;Crescente;C�u Claro;M�ltipla;"Interse��o de Vias;Reta";Sim;4;0;1;0;2;1;1;3;-21,77790277;-41,28904581;SPRF-RJ;DEL08-RJ;UOP02-DEL08-RJ;;;
740273;20/12/2025;s�bado;11:45:00;SP;116;220;GUARULHOS;Avarias e/ou desgaste excessivo no pneu;Colis�o com objeto;Com V�timas Feridas;Pleno dia;Decrescente;Sol;M�ltipla;Reta;Sim;1;0;1;0;0;0;1;1;-23,466396;-46,50312;SPRF-SP;DEL01-SP;UOP01-DEL01-SP;;;
740274;20/12/2025;s�bado;11:45:00;GO;20;20;FORMOSA;Velocidade Incompat�vel;Sa�da de leito carro��vel;Com V�timas Feridas;Pleno dia;Decrescente;C�u Claro;Simples;Reta;N�o;3;0;1;0;2;0;1;1;-15,549606;-47,17777;SPRF-DF;DEL02-DF;UOP02-DEL02-DF;;;
740275;19/12/2025;sexta-feira;16:40:00;SP;116;279,5;EMBU DAS ARTES;Pedestre cruzava a pista fora da faixa;Atropelamento de Pedestre;Com V�timas Feridas;Pleno dia;Decrescente;Garoa/Chuvisco;Dupla;Reta;Sim;2;0;0;1;1;0;1;2;-23,63908813;-46,83515373;SPRF-SP;DEL04-SP;UOP01-DEL04-SP;;;
740278;20/12/2025;s�bado;12:49:00;RN;101;77,5;NATAL;Aus�ncia de rea��o do condutor;Colis�o traseira;Com V�timas Feridas;Pleno dia;Decrescente;C�u Claro;Simples;Reta;N�o;2;0;1;0;1;0;1;2;-5,733778;-35,290912;SPRF-RN;DEL02-RN;UOP01-DEL02-RN;;;
740279;20/12/2025;s�bado;12:15:00;PR;369;186,6;ARAPONGAS;Transitar no Acostamento;Colis�o lateral mesmo sentido;Com V�timas Feridas;Pleno dia;Decrescente;C�u Claro;Simples;"Reta;Interse��o de Vias";Sim;2;0;1;0;1;0;1;2;-23,409248;-51,427812;SPRF-PR;DEL07-PR;UOP03-DEL07-PR;;;
740281;20/12/2025;s�bado;13:00:00;SC;470;18;ILHOTA;Rea��o tardia ou ineficiente do condutor;Sa�da de leito carro��vel;Com V�timas Feridas;Pleno dia;Crescente;Sol;Dupla;Reta;N�o;2;0;2;0;0;0;2;1;-26,85615236;-48,80948514;SPRF-SC;DEL04-SC;UOP04-DEL04-SC;;;
740282;20/12/2025;s�bado;12:30:00;PE;101;89;JABOATAO DOS GUARARAPES;Demais falhas mec�nicas ou el�tricas;Inc�ndio;Sem V�timas;Pleno dia;Decrescente;C�u Claro;Dupla;Reta;Sim;1;0;0;0;0;1;0;1;-8,2047703;-34,9801147;SPRF-PE;DEL01-PE;UOP01-DEL01-PE;;;
740283;20/12/2025;s�bado;10:50:00;MS;163;26,4;MUNDO NOVO;Ingest�o de �lcool pelo condutor;Sa�da de leito carro��vel;Sem V�timas;Pleno dia;Decrescente;C�u Claro;Simples;"Declive;Reta";N�o;1;0;0;0;1;0;0;1;-23,878678;-54,320889;SPRF-MS;DEL09-MS;UOP02-DEL09-MS;;;
740284;20/12/2025;s�bado;12:38:00;RN;101;66,4;EXTREMOZ;Mal s�bito do condutor;Colis�o traseira;Com V�timas Feridas;Pleno dia;Crescente;C�u Claro;Simples;"Aclive;Reta";N�o;3;0;1;0;2;0;1;2;-5,65112872;-35,24996487;SPRF-RN;DEL02-RN;UOP01-DEL02-RN;;;
740285;20/12/2025;s�bado;11:40:00;GO;60;35,7;ALEXANIA;Falta de elemento de conten��o que evite a sa�da do leito carro��vel;Sa�da de leito carro��vel;Com V�timas Feridas;Pleno dia;Decrescente;Nublado;Dupla;Reta;N�o;3;0;2;0;1;0;2;2;-16,110467;-48,528337;SPRF-DF;DEL03-DF;UOP01-DEL03-DF;;;
740286;20/12/2025;s�bado;13:00:00;GO;20;180,1;ALVORADA DO NORTE;Aus�ncia de rea��o do condutor;Engavetamento;Com V�timas Feridas;Pleno dia;Crescente;C�u Claro;Simples;"Reta;Ponte";Sim;8;0;4;0;4;0;4;3;-14,476629;-46,491129;SPRF-DF;DEL02-DF;UOP03-DEL02-DF;;;
740287;20/12/2025;s�bado;10:45:00;RJ;101;432,7;MANGARATIBA;Rea��o tardia ou ineficiente do condutor;Queda de ocupante de ve�culo;Com V�timas Feridas;Pleno dia;Decrescente;C�u Claro;Dupla;Curva;N�o;1;0;1;0;0;0;1;1;-22,938578;-44,0346545;SPRF-RJ;DEL03-RJ;UOP02-DEL03-RJ;;;
740289;20/12/2025;s�bado;13:25:00;PR;369;432,5;UBIRATA;Acessar a via sem observar a presen�a dos outros ve�culos;Colis�o transversal;Com V�timas Feridas;Pleno dia;Decrescente;Sol;Simples;"Interse��o de Vias;Reta";Sim;2;0;1;0;1;0;1;2;-24,55717914;-52,9895374;SPRF-PR;DEL04-PR;UOP03-DEL04-PR;;;
740290;20/12/2025;s�bado;12:45:00;SP;116;227;GUARULHOS;Aus�ncia de rea��o do condutor;Sa�da de leito carro��vel;Com V�timas Feridas;Pleno dia;Crescente;Nublado;Dupla;"Viaduto;Curva;Aclive";Sim;1;0;1;0;0;0;1;1;-23,49789965;-46,56006098;SPRF-SP;DEL01-SP;UOP01-DEL01-SP;;;
740291;20/12/2025;s�bado;13:40:00;RJ;40;116,8;DUQUE DE CAXIAS;Trafegar com motocicleta (ou similar) entre as faixas;Colis�o lateral mesmo sentido;Com V�timas Feridas;Pleno dia;Decrescente;C�u Claro;Dupla;Reta;Sim;3;0;1;0;2;0;1;3;-22,751299;-43,2874251;SPRF-RJ;DEL01-RJ;UOP02-DEL01-RJ;;;
740292;20/12/2025;s�bado;13:30:00;MG;146;474,4;BANDEIRA DO SUL;Desrespeitar a prefer�ncia no cruzamento;Colis�o transversal;Com V�timas Feridas;Pleno dia;Crescente;C�u Claro;Simples;"Rotat�ria;Interse��o de Vias;Declive;Curva";N�o;5;0;2;1;2;0;3;2;-21,7457747;-46,404475;SPRF-MG;DEL09-MG;UOP01-DEL09-MG;;;
740293;20/12/2025;s�bado;09:40:00;RJ;101;293;ITABORAI;Frear bruscamente;Colis�o traseira;Sem V�timas;Pleno dia;Decrescente;Garoa/Chuvisco;Dupla;Reta;Sim;3;0;0;0;2;1;0;3;-22,75627146;-42,89192807;SPRF-RJ;DEL02-RJ;UOP02-DEL02-RJ;;;
740294;20/12/2025;s�bado;11:50:00;MT;70;105;GENERAL CARNEIRO;Aus�ncia de rea��o do condutor;Sa�da de leito carro��vel;Com V�timas Feridas;Pleno dia;Decrescente;C�u Claro;Simples;Reta;N�o;4;0;4;0;0;0;4;1;-15,70501874;-52,77282715;SPRF-MT;DEL07-MT;UOP01-DEL07-MT;;;
740295;20/12/2025;s�bado;12:54:00;RN;427;75,5;JARDIM DO SERIDO;Mal s�bito do condutor;Colis�o traseira;Com V�timas Feridas;Pleno dia;Decrescente;C�u Claro;Simples;Reta;N�o;2;0;1;0;1;0;1;2;-6,536097;-36,93081933;SPRF-RN;DEL03-RN;UOP01-DEL03-RN;;;
740296;20/12/2025;s�bado;12:45:00;SC;282;4,5;SAO JOSE;Rea��o tardia ou ineficiente do condutor;Colis�o traseira;Com V�timas Feridas;Pleno dia;Decrescente;Sol;Dupla;Reta;Sim;4;0;2;0;2;0;2;2;-27,59081;-48,60851;SPRF-SC;DEL01-SC;UOP01-DEL01-SC;;;
740297;20/12/2025;s�bado;07:40:00;BA;324;4;FEIRA DE SANTANA;Aus�ncia de rea��o do condutor;Colis�o traseira;Com V�timas Feridas;Pleno dia;Crescente;C�u Claro;Dupla;Reta;Sim;2;0;0;1;1;0;1;2;-12,285859;-38,9673882;SPRF-BA;DEL02-BA;UOP01-DEL02-BA;;;
740301;20/12/2025;s�bado;13:30:00;SC;282;549,3;CHAPECO;Acessar a via sem observar a presen�a dos outros ve�culos;Colis�o transversal;Com V�timas Feridas;Pleno dia;Crescente;Sol;Simples;Reta;N�o;6;0;3;0;2;1;3;3;-26,964072;-52,760032;SPRF-SC;DEL07-SC;UOP01-DEL07-SC;;;
740304;20/12/2025;s�bado;13:15:00;SP;116;51,8;LORENA;Avarias e/ou desgaste excessivo no pneu;Tombamento;Com V�timas Feridas;Pleno dia;Crescente;C�u Claro;Dupla;Reta;Sim;2;0;1;1;0;0;2;1;-22,745951;-45,098377;SPRF-SP;DEL08-SP;UOP02-DEL08-SP;;;
740305;20/12/2025;s�bado;13:30:00;PE;101;64,2;RECIFE;Rea��o tardia ou ineficiente do condutor;Tombamento;Com V�timas Feridas;Pleno dia;Decrescente;C�u Claro;Dupla;Reta;N�o;1;0;0;1;0;0;1;1;-8,01708023;-34,9409556;SPRF-PE;DEL01-PE;UOP01-DEL01-PE;;;
740309;20/12/2025;s�bado;12:00:00;PE;104;141,2;QUIPAPA;Rea��o tardia ou ineficiente do condutor;Colis�o traseira;Com V�timas Feridas;Pleno dia;Crescente;Sol;Simples;"Curva;Declive";N�o;3;0;1;0;1;1;1;2;-8,85794;-36,02948;SPRF-PE;DEL02-PE;UOP01-DEL02-PE;;;
740310;20/12/2025;s�bado;13:20:00;PR;163;351;GUAIRA;Aus�ncia de rea��o do condutor;Colis�o com objeto;Com V�timas Fatais;Pleno dia;Decrescente;Sol;Simples;"Ponte;Reta";N�o;1;1;0;0;0;0;0;1;-24,064885;-54,25307667;SPRF-PR;DEL06-PR;UOP01-DEL06-PR;;;
740313;20/12/2025;s�bado;14:20:00;PE;423;96;GARANHUNS;Condutor deixou de manter dist�ncia do ve�culo da frente;Colis�o traseira;Com V�timas Feridas;Pleno dia;Decrescente;C�u Claro;Simples;Reta;Sim;2;0;1;0;1;0;1;2;-8,8817141;-36,4908219;SPRF-PE;DEL03-PE;UOP01-DEL03-PE;;;
740314;20/12/2025;s�bado;14:45:00;RS;116;269;CANOAS;Manobra de mudan�a de faixa;Colis�o traseira;Com V�timas Feridas;Pleno dia;Decrescente;C�u Claro;Dupla;Reta;Sim;3;0;1;0;2;0;1;2;-29,96138045;-51,17603151;SPRF-RS;DEL01-RS;UOP01-DEL01-RS;;;
740315;20/12/2025;s�bado;13:35:00;SC;101;211,5;PALHOCA;Manobra de mudan�a de faixa;Colis�o com objeto;Sem V�timas;Pleno dia;Crescente;C�u Claro;M�ltipla;Reta;Sim;1;0;0;0;1;0;0;1;-27,6262326;-48,65548309;SPRF-SC;DEL01-SC;UOP02-DEL01-SC;;;
740316;20/12/2025;s�bado;14:00:00;PB;230;507,6;CAJAZEIRAS;Acessar a via sem observar a presen�a dos outros ve�culos;Colis�o transversal;Com V�timas Feridas;Pleno dia;Decrescente;C�u Claro;Simples;"Interse��o de Vias;Curva";Sim;4;0;1;0;3;0;1;2;-6,891952;-38,581873;SPRF-PB;DEL03-PB;UOP03-DEL03-PB;;;
740317;20/12/2025;s�bado;15:25:00;PR;369;161,7;CAMBE;Condutor deixou de manter dist�ncia do ve�culo da frente;Colis�o traseira;Com V�timas Feridas;Pleno dia;Decrescente;Sol;Dupla;"Reta;Aclive";Sim;3;0;0;2;1;0;2;2;-23,29112531;-51,26495069;SPRF-PR;DEL07-PR;UOP01-DEL07-PR;;;
740318;20/12/2025;s�bado;15:15:00;PR;277;8,8;PARANAGUA;Condutor deixou de manter dist�ncia do ve�culo da frente;Colis�o traseira;Sem V�timas;Pleno dia;Decrescente;Sol;Dupla;"Reta;Aclive";N�o;2;0;0;0;2;0;0;2;-25,5654246;-48,6018726;SPRF-PR;DEL01-PR;UOP05-DEL01-PR;;;
740319;20/12/2025;s�bado;15:25:00;DF;60;13;BRASILIA;Rea��o tardia ou ineficiente do condutor;Colis�o traseira;Sem V�timas;Pleno dia;Decrescente;C�u Claro;Dupla;Reta;Sim;3;0;0;0;3;0;0;2;-15,929315;-48,167628;SPRF-DF;DEL03-DF;UOP01-DEL03-DF;;;
740320;20/12/2025;s�bado;11:35:00;RJ;40;62,5;PETROPOLIS;Acessar a via sem observar a presen�a dos outros ve�culos;Colis�o transversal;Com V�timas Feridas;Pleno dia;Crescente;Nublado;Simples;Interse��o de Vias;N�o;2;0;0;1;1;0;1;2;-22,4113;-43,14987;SPRF-RJ;DEL05-RJ;UOP02-DEL05-RJ;;;
740322;20/12/2025;s�bado;13:58:00;MA;10;249,6;IMPERATRIZ;Manobra de mudan�a de faixa;Colis�o lateral mesmo sentido;Com V�timas Feridas;Pleno dia;Decrescente;Nublado;M�ltipla;Reta;Sim;2;0;1;0;1;0;1;2;-5,55401;-47,45755;SPRF-MA;DEL04-MA;UOP01-DEL04-MA;;;
740323;20/12/2025;s�bado;14:45:00;PB;361;4,9;PATOS;Acessar a via sem observar a presen�a dos outros ve�culos;Colis�o lateral mesmo sentido;Com V�timas Feridas;Pleno dia;Crescente;C�u Claro;Simples;Reta;N�o;2;0;0;1;1;0;1;2;-7,03418;-37,301601;SPRF-PB;DEL03-PB;UOP01-DEL03-PB;;;
740324;20/12/2025;s�bado;14:50:00;RS;386;220,5;TIO HUGO;Transitar na contram�o;Colis�o frontal;Com V�timas Feridas;Pleno dia;Decrescente;Sol;Simples;"Interse��o de Vias;Reta";N�o;5;0;4;0;1;0;4;2;-28,623241;-52,613207;SPRF-RS;DEL04-RS;UOP03-DEL04-RS;;;
740325;20/12/2025;s�bado;15:15:00;ES;259;56;COLATINA;Acessar a via sem observar a presen�a dos outros ve�culos;Colis�o transversal;Com V�timas Feridas;Pleno dia;Crescente;C�u Claro;Simples;Aclive;N�o;3;0;3;0;0;0;3;2;-19,51172;-40,65628;SPRF-ES;DEL02-ES;UOP01-DEL02-ES;;;
740326;20/12/2025;s�bado;15:00:00;RN;304;90,3;ACU;Ingest�o de �lcool pelo condutor;Colis�o traseira;Sem V�timas;Pleno dia;Decrescente;C�u Claro;Simples;"Reta;Aclive";N�o;2;0;0;0;2;0;0;2;-5,52896972;-37,10176349;SPRF-RN;DEL04-RN;UOP01-DEL04-RN;;;
740327;20/12/2025;s�bado;15:25:00;MG;116;2,5;DIVISA ALEGRE;Acessar a via sem observar a presen�a dos outros ve�culos;Colis�o transversal;Com V�timas Feridas;Pleno dia;Decrescente;C�u Claro;Simples;Reta;Sim;2;0;1;0;1;0;1;2;-15,71963552;-41,34115267;SPRF-BA;DEL08-BA;UOP03-DEL08-BA;;;
740329;20/12/2025;s�bado;12:55:00;GO;60;383;RIO VERDE;Pedestre cruzava a pista fora da faixa;Atropelamento de Pedestre;Com V�timas Fatais;Pleno dia;Crescente;C�u Claro;Dupla;"Reta;Declive";Sim;2;1;0;0;1;0;0;2;-17,8015681;-50,91961384;SPRF-GO;DEL04-GO;UOP02-DEL04-GO;;;
740330;20/12/2025;s�bado;15:05:00;PE;232;527;SALGUEIRO;Ingest�o de �lcool pelo condutor;Colis�o transversal;Com V�timas Feridas;Pleno dia;Decrescente;Sol;Simples;"Reta;Interse��o de Vias";N�o;2;0;1;0;1;0;1;2;-8,0711793;-39,2864029;SPRF-PE;DEL05-PE;UOP01-DEL05-PE;;;
740332;20/12/2025;s�bado;10:20:00;BA;116;409;FEIRA DE SANTANA;Convers�o proibida;Colis�o transversal;Com V�timas Feridas;Pleno dia;Crescente;Sol;Dupla;Reta;N�o;2;0;0;1;1;0;1;2;-12,113197;-38,968768;SPRF-BA;DEL02-BA;UOP01-DEL02-BA;;;
740333;20/12/2025;s�bado;15:40:00;SP;116;97,7;PINDAMONHANGABA;Rea��o tardia ou ineficiente do condutor;Atropelamento de Pedestre;Com V�timas Feridas;Pleno dia;Decrescente;Sol;Dupla;Reta;N�o;3;0;2;0;1;0;2;2;-22,972381;-45,444405;SPRF-SP;DEL08-SP;UOP01-DEL08-SP;;;
740335;20/12/2025;s�bado;16:00:00;RJ;465;2;SEROPEDICA;Ingest�o de �lcool pelo condutor;Tombamento;Com V�timas Feridas;Pleno dia;Crescente;Nublado;Simples;"Declive;Curva;Interse��o de Vias";N�o;2;0;1;1;0;0;2;1;-22,718193;-43,72847;SPRF-RJ;DEL06-RJ;UOP02-DEL06-RJ;;;
740336;20/12/2025;s�bado;15:25:00;MS;163;337,7;RIO BRILHANTE;Rea��o tardia ou ineficiente do condutor;Colis�o com objeto;Com V�timas Feridas;Pleno dia;Crescente;Nublado;Simples;Reta;N�o;2;0;0;1;0;1;1;2;-21,67333;-54,46408;SPRF-MS;DEL02-MS;UOP02-DEL02-MS;;;
740337;20/12/2025;s�bado;16:00:00;PE;101;68,1;RECIFE;Condutor deixou de manter dist�ncia do ve�culo da frente;Engavetamento;Sem V�timas;Pleno dia;Decrescente;Nublado;Dupla;"Viaduto;Reta;Declive";Sim;6;0;0;0;5;1;0;5;-8,05149;-34,94609;SPRF-PE;DEL01-PE;UOP01-DEL01-PE;;;
740338;20/12/2025;s�bado;15:00:00;PR;277;145;BALSA NOVA;Manobra de mudan�a de faixa;Colis�o lateral mesmo sentido;Sem V�timas;Pleno dia;Crescente;C�u Claro;Dupla;Curva;N�o;2;0;0;0;2;0;0;2;-25,4759293;-49,71590046;SPRF-PR;DEL03-PR;UOP03-DEL03-PR;;;
740339;20/12/2025;s�bado;16:15:00;SP;116;100,8;PINDAMONHANGABA;Condutor deixou de manter dist�ncia do ve�culo da frente;Colis�o traseira;Com V�timas Feridas;Pleno dia;Crescente;Sol;Dupla;"Reta;Aclive";N�o;2;0;0;1;1;0;1;2;-22,98944974;-45,47912251;SPRF-SP;DEL08-SP;UOP01-DEL08-SP;;;
740340;20/12/2025;s�bado;15:00:00;GO;414;373;COCALZINHO DE GOIAS;Ingest�o de �lcool pelo condutor;Sa�da de leito carro��vel;Com V�timas Fatais;Pleno dia;Decrescente;C�u Claro;Dupla;Reta;N�o;2;1;0;1;0;0;1;1;-15,767189;-48,759286;SPRF-GO;DEL02-GO;UOP01-DEL02-GO;;;
740341;20/12/2025;s�bado;13:20:00;MG;251;514,1;MONTES CLAROS;Condutor Dormindo;Colis�o lateral sentido oposto;Com V�timas Feridas;Pleno dia;Decrescente;C�u Claro;Simples;Curva;N�o;5;0;2;0;3;0;2;3;-16,656958;-43,722378;SPRF-MG;DEL12-MG;UOP01-DEL12-MG;;;
740342;20/12/2025;s�bado;15:50:00;MS;163;256;DOURADOS;Aus�ncia de rea��o do condutor;Colis�o transversal;Sem V�timas;Pleno dia;Decrescente;C�u Claro;Dupla;Rotat�ria;Sim;2;0;0;0;1;1;0;2;-22,25882962;-54,80420921;SPRF-MS;DEL04-MS;UOP01-DEL04-MS;;;
740343;20/12/2025;s�bado;14:00:00;RS;116;184;NOVA PETROPOLIS;Transitar na contram�o;Colis�o frontal;Com V�timas Feridas;Pleno dia;Crescente;C�u Claro;Simples;"Curva;Aclive";Sim;5;0;2;0;2;1;2;3;-29,38368445;-51,11982314;SPRF-RS;DEL05-RS;UOP02-DEL05-RS;;;
740344;20/12/2025;s�bado;15:40:00;SC;282;174;BOCAINA DO SUL;Aus�ncia de rea��o do condutor;Sa�da de leito carro��vel;Com V�timas Feridas;Pleno dia;Crescente;C�u Claro;Simples;"Declive;Curva";N�o;2;0;2;0;0;0;2;1;-27,74085958;-49,89442742;SPRF-SC;DEL05-SC;UOP01-DEL05-SC;;;
740346;20/12/2025;s�bado;05:00:00;AM;319;34;CAREIRO DA VARZEA;Rea��o tardia ou ineficiente do condutor;Colis�o frontal;Com V�timas Feridas;Amanhecer;Decrescente;Nublado;Simples;Reta;N�o;6;0;3;0;3;0;3;2;-3,22138806;-59,8671757;SPRF-AM;DEL01-AM;UOP04-DEL01-AM;;;
740347;20/12/2025;s�bado;17:25:00;PB;230;18;JOAO PESSOA;Rea��o tardia ou ineficiente do condutor;Sa�da de leito carro��vel;Sem V�timas;Anoitecer;Decrescente;C�u Claro;Dupla;Curva;Sim;1;0;0;0;1;0;0;1;-7,127292;-34,845983;SPRF-PB;DEL01-PB;UOP01-DEL01-PB;;;
740348;20/12/2025;s�bado;16:00:00;PR;369;231,5;JANDAIA DO SUL;Desrespeitar a prefer�ncia no cruzamento;Colis�o transversal;Com V�timas Feridas;Pleno dia;Crescente;C�u Claro;Simples;"Interse��o de Vias;Declive;Reta";N�o;3;0;2;0;1;0;2;2;-23,60249756;-51,66604952;SPRF-PR;DEL09-PR;UOP01-DEL09-PR;;;