id;data_inversa;dia_semana;horario;uf;br;km;municipio;causa_acidente;tipo_acidente;classificacao_acidente;fase_dia;sentido_via;condicao_metereologica;tipo_pista;tracado_via;uso_solo;pessoas;mortos;feridos_leves;feridos_graves;ilesos;ignorados;feridos;veiculos;latitude;longitude;regional;delegacia;uop;;;
740349;20/12/2025;s�bado;12:50:00;BA;324;586;CANDEIAS;Mal s�bito do condutor;Capotamento;Com V�timas Feridas;Pleno dia;Crescente;Sol;Dupla;Reta;N�o;1;0;1;0;0;0;1;1;-12,645707;-38,475462;SPRF-BA;DEL01-BA;UOP01-DEL01-BA;;;
740350;20/12/2025;s�bado;17:25:00;MG;381;495,3;BETIM;Velocidade Incompat�vel;Sa�da de leito carro��vel;Com V�timas Feridas;Pleno dia;Crescente;Nublado;M�ltipla;"Aclive;Curva";Sim;1;0;0;1;0;0;1;1;-19,9747;-44,1873;SPRF-MG;DEL01-MG;UOP03-DEL01-MG;;;
740353;20/12/2025;s�bado;16:20:00;RO;364;714;PORTO VELHO;Acessar a via sem observar a presen�a dos outros ve�culos;Colis�o traseira;Com V�timas Feridas;Pleno dia;Decrescente;C�u Claro;M�ltipla;Reta;Sim;2;0;1;0;1;0;1;2;-8,77244966;-63,88181806;SPRF-RO;DEL01-RO;UOP01-DEL01-RO;;;
740354;20/12/2025;s�bado;14:00:00;RJ;40;119;DUQUE DE CAXIAS;Aus�ncia de rea��o do condutor;Colis�o traseira;Com V�timas Feridas;Pleno dia;Crescente;C�u Claro;Dupla;Reta;N�o;3;0;2;0;1;0;2;2;-22,77091052;-43,28637249;SPRF-RJ;DEL01-RJ;UOP02-DEL01-RJ;;;
740356;20/12/2025;s�bado;17:05:00;SC;101;95,5;BARRA VELHA;Condutor deixou de manter dist�ncia do ve�culo da frente;Colis�o traseira;Com V�timas Feridas;Pleno dia;Crescente;C�u Claro;Dupla;"Reta;Aclive";N�o;2;0;1;0;1;0;1;2;-26,71617376;-48,7027359;SPRF-SC;DEL03-SC;UOP02-DEL03-SC;;;
740357;20/12/2025;s�bado;18:00:00;RS;116;254;SAPUCAIA DO SUL;Manobra de mudan�a de faixa;Colis�o lateral mesmo sentido;Com V�timas Feridas;Pleno dia;Crescente;C�u Claro;M�ltipla;"Interse��o de Vias;Reta";Sim;3;0;2;0;1;0;2;2;-29,82457491;-51,17174929;SPRF-RS;DEL01-RS;UOP02-DEL01-RS;;;
740358;20/12/2025;s�bado;11:50:00;MT;174;357;CONQUISTA DOESTE;Rea��o tardia ou ineficiente do condutor;Sa�da de leito carro��vel;Sem V�timas;Pleno dia;Decrescente;Sol;Simples;"Declive;Curva";N�o;2;0;0;0;0;2;0;2;-14,7514066;-59,3568771;SPRF-MT;DEL04-MT;UOP01-DEL04-MT;;;
740360;20/12/2025;s�bado;18:30:00;GO;452;144;BOM JESUS DE GOIAS;Chuva;Tombamento;Com V�timas Feridas;Anoitecer;Crescente;Garoa/Chuvisco;Simples;Reta;N�o;2;0;1;0;1;0;1;1;-18,2909774;-49,6008259;SPRF-GO;DEL03-GO;UOP02-DEL03-GO;;;
740361;20/12/2025;s�bado;17:20:00;SC;280;79;CORUPA;Transitar na contram�o;Colis�o frontal;Com V�timas Feridas;Pleno dia;Crescente;C�u Claro;Simples;Reta;N�o;4;0;2;0;1;1;2;3;-26,440333;-49,219085;SPRF-SC;DEL06-SC;UOP03-DEL06-SC;;;
740364;20/12/2025;s�bado;17:30:00;RJ;101;326;NITEROI;Condutor deixou de manter dist�ncia do ve�culo da frente;Colis�o traseira;Com V�timas Feridas;Pleno dia;Decrescente;Nublado;Dupla;Reta;N�o;3;0;1;0;1;1;1;3;-22,87317013;-43,13884735;SPRF-RJ;DEL02-RJ;UOP01-DEL02-RJ;;;
740365;20/12/2025;s�bado;18:50:00;RS;158;331;SANTA MARIA;Acessar a via sem observar a presen�a dos outros ve�culos;Colis�o transversal;Com V�timas Feridas;Pleno dia;Crescente;C�u Claro;Simples;Rotat�ria;N�o;2;0;0;1;1;0;1;2;-29,706887;-53,852146;SPRF-RS;DEL09-RS;UOP01-DEL09-RS;;;
740368;20/12/2025;s�bado;17:00:00;MG;262;111;RIO CASCA;Velocidade Incompat�vel;Sa�da de leito carro��vel;Sem V�timas;Pleno dia;Crescente;C�u Claro;Simples;Reta;N�o;1;0;0;0;0;1;0;1;-20,26493685;-42,5920397;SPRF-MG;DEL03-MG;UOP03-DEL03-MG;;;
740370;20/12/2025;s�bado;18:45:00;PI;316;6,3;TERESINA;Velocidade Incompat�vel;Colis�o com objeto;Com V�timas Feridas;Plena Noite;Crescente;C�u Claro;M�ltipla;Reta;Sim;1;0;1;0;0;0;1;1;-5,150529;-42,773419;SPRF-PI;DEL01-PI;UOP02-DEL01-PI;;;
740372;20/12/2025;s�bado;18:00:00;ES;101;257;SERRA;Aus�ncia de rea��o do condutor;Colis�o com objeto;Com V�timas Feridas;Pleno dia;Crescente;C�u Claro;Dupla;Declive;N�o;1;0;0;1;0;0;1;1;-20,129959;-40,297025;SPRF-ES;DEL02-ES;UOP01-DEL02-ES;;;
740375;20/12/2025;s�bado;19:30:00;RJ;116;182;NOVA IGUACU;Ingest�o de �lcool pelo condutor;Colis�o traseira;Sem V�timas;Plena Noite;Decrescente;Nublado;M�ltipla;Reta;N�o;2;0;0;0;2;0;0;2;-22,7556095;-43,43353;SPRF-RJ;DEL06-RJ;UOP01-DEL06-RJ;;;
740376;20/12/2025;s�bado;19:29:00;BA;101;892;CARAVELAS;Acessar a via sem observar a presen�a dos outros ve�culos;Colis�o transversal;Com V�timas Feridas;Plena Noite;Decrescente;C�u Claro;Simples;Reta;N�o;3;0;0;2;1;0;2;2;-17,62508862;-39,76748222;SPRF-BA;DEL09-BA;UOP02-DEL09-BA;;;
740377;20/12/2025;s�bado;18:30:00;PE;232;333;CUSTODIA;Acessar a via sem observar a presen�a dos outros ve�culos;Colis�o transversal;Com V�timas Feridas;Plena Noite;Decrescente;C�u Claro;Simples;Reta;Sim;2;0;0;1;1;0;1;2;-8,088497;-37,629368;SPRF-PE;DEL04-PE;UOP02-DEL04-PE;;;
740378;20/12/2025;s�bado;17:35:00;PR;277;688,2;SAO MIGUEL DO IGUACU;Manobra de mudan�a de faixa;Colis�o lateral mesmo sentido;Com V�timas Feridas;Pleno dia;Decrescente;C�u Claro;Dupla;"Reta;Aclive";Sim;3;0;0;1;2;0;1;2;-25,34209556;-54,21919998;SPRF-PR;DEL05-PR;UOP01-DEL05-PR;;;
740380;20/12/2025;s�bado;19:40:00;SC;101;289;IMBITUBA;Avarias e/ou desgaste excessivo no pneu;Tombamento;Com V�timas Feridas;Plena Noite;Crescente;Vento;Dupla;Reta;N�o;2;0;2;0;0;0;2;1;-28,27980075;-48,70125961;SPRF-SC;DEL02-SC;UOP03-DEL02-SC;;;
740381;20/12/2025;s�bado;20:00:00;RN;101;114;SAO JOSE DE MIPIBU;Animais na Pista;Atropelamento de Animal;Com V�timas Feridas;Plena Noite;Decrescente;C�u Claro;Dupla;Reta;N�o;3;0;1;1;0;1;2;2;-5,9789563;-35,2644182;SPRF-RN;DEL01-RN;UOP01-DEL01-RN;;;
740382;20/12/2025;s�bado;17:40:00;MG;116;795,2;LEOPOLDINA;Chuva;Sa�da de leito carro��vel;Com V�timas Feridas;Anoitecer;Decrescente;Chuva;Simples;Curva;N�o;1;0;1;0;0;0;1;1;-21,54474673;-42,65785217;SPRF-MG;DEL07-MG;UOP01-DEL07-MG;;;
740384;20/12/2025;s�bado;19:35:00;MS;60;426;SIDROLANDIA;Acessar a via sem observar a presen�a dos outros ve�culos;Colis�o transversal;Com V�timas Feridas;Plena Noite;Crescente;C�u Claro;Dupla;"Reta;Interse��o de Vias";Sim;3;0;0;2;1;0;2;2;-20,90033013;-54,917035;SPRF-MS;DEL01-MS;UOP04-DEL01-MS;;;
740385;20/12/2025;s�bado;20:15:00;RJ;101;295;ITABORAI;Aus�ncia de rea��o do condutor;Colis�o traseira;Com V�timas Feridas;Plena Noite;Decrescente;Nublado;Dupla;Reta;Sim;4;0;1;0;3;0;1;2;-22,76591111;-42,90521018;SPRF-RJ;DEL02-RJ;UOP02-DEL02-RJ;;;
740388;20/12/2025;s�bado;19:10:00;BA;367;25,1;PORTO SEGURO;Acessar a via sem observar a presen�a dos outros ve�culos;Colis�o traseira;Com V�timas Feridas;Plena Noite;Decrescente;C�u Claro;M�ltipla;"Rotat�ria;Interse��o de Vias";Sim;3;0;1;0;1;1;1;2;-16,435163;-39,094993;SPRF-BA;DEL09-BA;UOP03-DEL09-BA;;;
740389;20/12/2025;s�bado;20:55:00;MG;40;456,6;CAETANOPOLIS;Velocidade Incompat�vel;Sa�da de leito carro��vel;Com V�timas Fatais;Plena Noite;Crescente;C�u Claro;Dupla;Reta;N�o;2;1;1;0;0;0;1;1;-19,367878;-44,33765;SPRF-MG;DEL02-MG;UOP01-DEL02-MG;;;
740390;20/12/2025;s�bado;20:58:00;RN;406;170,8;SAO GONCALO DO AMARANTE;Pedestre cruzava a pista fora da faixa;Atropelamento de Pedestre;Com V�timas Feridas;Pleno dia;Decrescente;C�u Claro;Dupla;"Reta;Declive";N�o;2;0;0;1;1;0;1;2;-5,76;-35,296;SPRF-RN;DEL02-RN;UOP01-DEL02-RN;;;
740392;20/12/2025;s�bado;12:30:00;PI;343;480,8;ANGICAL DO PIAUI;Chuva;Capotamento;Com V�timas Feridas;Pleno dia;Crescente;Chuva;Simples;Curva;N�o;2;0;1;1;0;0;2;1;-6,16240092;-42,71072388;SPRF-PI;DEL01-PI;UOP02-DEL01-PI;;;
740393;20/12/2025;s�bado;20:10:00;RS;392;347,4;SANTA MARIA;Acessar a via sem observar a presen�a dos outros ve�culos;Colis�o transversal;Com V�timas Feridas;Plena Noite;Decrescente;C�u Claro;Simples;Reta;Sim;4;0;2;1;1;0;3;3;-29,75804827;-53,78796665;SPRF-RS;DEL09-RS;UOP01-DEL09-RS;;;
740394;20/12/2025;s�bado;20:20:00;SC;280;25;ARAQUARI;Velocidade Incompat�vel;Sa�da de leito carro��vel;Com V�timas Feridas;Plena Noite;Crescente;Nublado;Simples;"Reta;Ponte";Sim;2;0;2;0;0;0;2;1;-26,38326519;-48,72661829;SPRF-SC;DEL03-SC;UOP03-DEL03-SC;;;
740395;20/12/2025;s�bado;20:20:00;BA;367;83;EUNAPOLIS;Aus�ncia de rea��o do condutor;Colis�o com objeto;Sem V�timas;Plena Noite;Crescente;C�u Claro;Simples;Reta;N�o;1;0;0;0;0;1;0;1;-16,37431746;-39,56503987;SPRF-BA;DEL09-BA;UOP03-DEL09-BA;;;
740396;20/12/2025;s�bado;19:45:00;PE;408;22;ALIANCA;Manobra de mudan�a de faixa;Colis�o frontal;Com V�timas Feridas;Plena Noite;Decrescente;C�u Claro;Simples;Curva;N�o;2;0;0;1;1;0;1;2;-7,57156;-35,25306;SPRF-PE;DEL01-PE;UOP01-DEL01-PE;;;
740397;20/12/2025;s�bado;20:35:00;RS;386;346,6;LAJEADO;Pedestre andava na pista;Atropelamento de Pedestre;Com V�timas Fatais;Plena Noite;Crescente;C�u Claro;Dupla;Reta;Sim;2;1;0;0;0;1;0;2;-29,44914103;-51,97084514;SPRF-RS;DEL04-RS;UOP01-DEL04-RS;;;
740398;20/12/2025;s�bado;20:10:00;MS;60;593;JARDIM;Ingest�o de �lcool pelo condutor;Sa�da de leito carro��vel;Com V�timas Feridas;Plena Noite;Crescente;C�u Claro;Simples;"Interse��o de Vias;Rotat�ria";Sim;1;0;1;0;0;0;1;1;-21,483585;-56,145317;SPRF-MS;DEL05-MS;UOP01-DEL05-MS;;;
740399;20/12/2025;s�bado;20:45:00;SC;101;53;JOINVILLE;Demais falhas mec�nicas ou el�tricas;Inc�ndio;Sem V�timas;Plena Noite;Decrescente;C�u Claro;Dupla;Reta;N�o;1;0;0;0;1;0;0;1;-26,4034577;-48,83898608;SPRF-SC;DEL03-SC;UOP01-DEL03-SC;;;
740402;20/12/2025;s�bado;20:00:00;MT;163;839;SINOP;Transitar na contram�o;Colis�o frontal;Sem V�timas;Plena Noite;Crescente;Chuva;Simples;Reta;Sim;4;0;0;0;4;0;0;2;-11,82008;-55,48447;SPRF-MT;DEL06-MT;UOP02-DEL06-MT;;;
740403;20/12/2025;s�bado;19:55:00;PE;232;18;JABOATAO DOS GUARARAPES;Transitar na contram�o;Colis�o traseira;Sem V�timas;Plena Noite;Crescente;Ignorado;Dupla;Reta;N�o;3;0;0;0;2;1;0;3;-8,096925;-35,05181;SPRF-PE;DEL01-PE;UOP01-DEL01-PE;;;
740404;20/12/2025;s�bado;20:10:00;GO;60;412;RIO VERDE;Aus�ncia de rea��o do condutor;Sa�da de leito carro��vel;Com V�timas Feridas;Plena Noite;Decrescente;Nublado;Dupla;Curva;N�o;1;0;1;0;0;0;1;1;-17,72367082;-50,86051941;SPRF-GO;DEL04-GO;UOP02-DEL04-GO;;;
740405;20/12/2025;s�bado;20:00:00;GO;70;386;MONTES CLAROS DE GOIAS;Ultrapassagem Indevida;Colis�o frontal;Com V�timas Fatais;Plena Noite;Crescente;Nublado;Simples;Reta;N�o;9;3;3;3;0;0;6;2;-15,8848888;-51,457708;SPRF-GO;DEL04-GO;UOP02-DEL04-GO;;;
740406;20/12/2025;s�bado;21:20:00;CE;20;304,8;CANINDE;Rea��o tardia ou ineficiente do condutor;Sa�da de leito carro��vel;Com V�timas Feridas;Plena Noite;Decrescente;C�u Claro;Simples;Retorno Regulamentado;Sim;1;0;0;1;0;0;1;1;-4,375943;-39,307383;SPRF-CE;DEL02-CE;UOP01-DEL02-CE;;;
740408;20/12/2025;s�bado;21:30:00;RJ;101;575;PARATY;Estacionar ou parar em local proibido;Colis�o lateral mesmo sentido;Com V�timas Feridas;Plena Noite;Crescente;Nublado;Simples;Curva;Sim;3;0;1;0;2;0;1;3;-23,22386098;-44,73215846;SPRF-RJ;DEL03-RJ;UOP04-DEL03-RJ;;;
740410;20/12/2025;s�bado;20:00:00;SP;116;289;ITAPECERICA DA SERRA;Transitar na contram�o;Colis�o frontal;Com V�timas Feridas;Plena Noite;Crescente;C�u Claro;Simples;"Declive;Curva";N�o;4;0;2;0;2;0;2;2;-23,70638912;-46,87508126;SPRF-SP;DEL04-SP;UOP01-DEL04-SP;;;
740412;20/12/2025;s�bado;07:30:00;MA;135;5;SAO LUIS;Pista Escorregadia;Tombamento;Com V�timas Feridas;Pleno dia;Crescente;C�u Claro;Dupla;"Reta;Declive";Sim;2;0;2;0;0;0;2;1;-2,63695406;-44,31143993;SPRF-MA;DEL01-MA;UOP01-DEL01-MA;;;
740413;20/12/2025;s�bado;21:25:00;ES;259;2,5;JOAO NEIVA;Rea��o tardia ou ineficiente do condutor;Sa�da de leito carro��vel;Com V�timas Feridas;Plena Noite;Decrescente;Nublado;Simples;Reta;N�o;1;0;1;0;0;0;1;1;-19,72554;-40,37396;SPRF-ES;DEL02-ES;UOP01-DEL02-ES;;;
740414;20/12/2025;s�bado;21:20:00;RS;153;544,2;CACAPAVA DO SUL;Rea��o tardia ou ineficiente do condutor;Sa�da de leito carro��vel;Com V�timas Feridas;Plena Noite;Crescente;C�u Claro;Simples;"Curva;Declive";N�o;1;0;1;0;0;0;1;1;-30,81623366;-53,58424634;SPRF-RS;DEL09-RS;UOP02-DEL09-RS;;;
740416;20/12/2025;s�bado;20:45:00;PR;277;694;SAO MIGUEL DO IGUACU;Ingest�o de �lcool pelo condutor;Colis�o traseira;Com V�timas Feridas;Plena Noite;Crescente;C�u Claro;Dupla;Aclive;N�o;2;0;0;1;1;0;1;2;-25,3673804;-54,2613763;SPRF-PR;DEL05-PR;UOP01-DEL05-PR;;;
740417;20/12/2025;s�bado;20:15:00;MT;163;753;SORRISO;Manobra de mudan�a de faixa;Colis�o lateral mesmo sentido;Sem V�timas;Plena Noite;Crescente;Nublado;Dupla;"Reta;Declive";Sim;2;0;0;0;1;1;0;2;-12,54652067;-55,71041465;SPRF-MT;DEL06-MT;UOP01-DEL06-MT;;;
740418;20/12/2025;s�bado;21:54:00;PI;135;501;MONTE ALEGRE DO PIAUI;Aus�ncia de rea��o do condutor;Colis�o frontal;Com V�timas Feridas;Plena Noite;Decrescente;C�u Claro;Simples;Reta;N�o;3;0;1;1;1;0;2;2;-9,74407924;-45,2847526;SPRF-PI;DEL03-PI;UOP02-DEL03-PI;;;
740419;20/12/2025;s�bado;18:40:00;PE;232;409;SERRA TALHADA;Entrada inopinada do pedestre;Atropelamento de Pedestre;Com V�timas Fatais;Plena Noite;Decrescente;C�u Claro;Simples;"Declive;Reta";Sim;2;1;0;0;1;0;0;2;-7,982893;-38,284077;SPRF-PE;DEL04-PE;UOP01-DEL04-PE;;;
740420;20/12/2025;s�bado;22:15:00;SC;470;126;LONTRAS;Pedestre - Ingest�o de �lcool/ subst�ncias psicoativas;Atropelamento de Pedestre;Com V�timas Feridas;Plena Noite;Decrescente;Nublado;Simples;Reta;N�o;3;0;0;1;2;0;1;2;-27,12146066;-49,53564763;SPRF-SC;DEL04-SC;UOP02-DEL04-SC;;;
740422;20/12/2025;s�bado;22:08:00;PE;428;189;PETROLINA;Condutor desrespeitou a ilumina��o vermelha do sem�foro;Colis�o transversal;Com V�timas Feridas;Plena Noite;Crescente;C�u Claro;Dupla;Reta;Sim;2;0;1;0;1;0;1;2;-9,3776247;-40,5043567;SPRF-PE;DEL06-PE;UOP01-DEL06-PE;;;
740423;20/12/2025;s�bado;22:00:00;PR;369;199;APUCARANA;Animais na Pista;Atropelamento de Animal;Com V�timas Feridas;Plena Noite;Decrescente;C�u Claro;Dupla;Curva;Sim;6;0;3;0;3;0;3;3;-23,51836818;-51,42835379;SPRF-PR;DEL07-PR;UOP03-DEL07-PR;;;
740424;20/12/2025;s�bado;20:30:00;GO;60;201;ABADIA DE GOIAS;Manobra de mudan�a de faixa;Sa�da de leito carro��vel;Sem V�timas;Plena Noite;Crescente;C�u Claro;Dupla;"Curva;Declive";N�o;1;0;0;0;0;1;0;1;-16,7906905;-49,5035447;SPRF-GO;DEL01-GO;UOP02-DEL01-GO;;;
740425;20/12/2025;s�bado;20:10:00;PR;277;351;GUARAPUAVA;Rea��o tardia ou ineficiente do condutor;Colis�o lateral mesmo sentido;Com V�timas Feridas;Plena Noite;Decrescente;C�u Claro;Dupla;Reta;Sim;4;0;1;0;3;0;1;3;-25,36586;-51,481;SPRF-PR;DEL08-PR;UOP01-DEL08-PR;;;
740426;20/12/2025;s�bado;21:30:00;MG;262;426,9;NOVA SERRANA;Velocidade Incompat�vel;Colis�o com objeto;Com V�timas Feridas;Plena Noite;Decrescente;C�u Claro;Dupla;"Declive;Curva";N�o;1;0;1;0;0;0;1;1;-19,89329055;-44,87724571;SPRF-MG;DEL08-MG;UOP03-DEL08-MG;;;
740427;20/12/2025;s�bado;22:00:00;PR;277;453,4;CASCAVEL;Ingest�o de �lcool pelo condutor;Colis�o lateral sentido oposto;Com V�timas Feridas;Plena Noite;Crescente;C�u Claro;Simples;Curva;N�o;2;0;1;0;1;0;1;2;-25,08512586;-53,1461904;SPRF-PR;DEL04-PR;UOP02-DEL04-PR;;;
740428;20/12/2025;s�bado;22:10:00;PE;101;65;RECIFE;Aus�ncia de rea��o do condutor;Colis�o com objeto;Sem V�timas;Plena Noite;Decrescente;C�u Claro;Dupla;Reta;N�o;1;0;0;0;0;1;0;1;-8,03352;-34,94182;SPRF-PE;DEL01-PE;UOP01-DEL01-PE;;;
740429;20/12/2025;s�bado;22:55:00;RJ;101;330;RIO DE JANEIRO;Rea��o tardia ou ineficiente do condutor;Colis�o traseira;Com V�timas Feridas;Plena Noite;Crescente;C�u Claro;Dupla;"Ponte;Reta";N�o;4;0;2;0;2;0;2;2;-22,87020083;-43,16884786;SPRF-RJ;DEL02-RJ;UOP01-DEL02-RJ;;;
740430;20/12/2025;s�bado;19:50:00;RS;386;101;SAO JOSE DAS MISSOES;Pedestre cruzava a pista fora da faixa;Atropelamento de Pedestre;Com V�timas Fatais;Plena Noite;Crescente;C�u Claro;Simples;Curva;N�o;2;1;0;0;0;1;0;2;-27,760788;-53,115492;SPRF-RS;DEL08-RS;UOP01-DEL08-RS;;;
740431;20/12/2025;s�bado;23:10:00;RN;304;24,3;MOSSORO;Rea��o tardia ou ineficiente do condutor;Sa�da de leito carro��vel;Com V�timas Feridas;Plena Noite;Crescente;C�u Claro;Dupla;"Rotat�ria;Curva";N�o;2;0;1;0;1;0;1;1;-5,06702583;-37,33119823;SPRF-RN;DEL04-RN;UOP02-DEL04-RN;;;
740432;20/12/2025;s�bado;23:40:00;ES;101;266;SERRA;Rea��o tardia ou ineficiente do condutor;Tombamento;Sem V�timas;Plena Noite;Crescente;Nublado;Dupla;Reta;Sim;1;0;0;0;0;1;0;1;-20,19358129;-40,26876729;SPRF-ES;DEL02-ES;UOP01-DEL02-ES;;;
740434;20/12/2025;s�bado;22:20:00;RJ;356;13;ITAPERUNA;Aus�ncia de rea��o do condutor;Colis�o com objeto;Com V�timas Feridas;Plena Noite;Decrescente;Nublado;Simples;Curva;N�o;1;0;1;0;0;0;1;1;-21,17768905;-42,06699371;SPRF-RJ;DEL08-RJ;UOP03-DEL08-RJ;;;
740435;21/12/2025;domingo;00:00:00;SC;116;5,5;MAFRA;Aus�ncia de rea��o do condutor;Colis�o transversal;Com V�timas Feridas;Plena Noite;Crescente;C�u Claro;Simples;Reta;Sim;2;0;0;1;1;0;1;2;-26,145223;-49,821637;SPRF-SC;DEL06-SC;UOP01-DEL06-SC;;;
740436;20/12/2025;s�bado;23:50:00;ES;101;145,6;LINHARES;Ingest�o de �lcool pelo condutor;Sa�da de leito carro��vel;Sem V�timas;Plena Noite;Crescente;C�u Claro;Dupla;Reta;N�o;1;0;0;0;1;0;0;1;-19,35540092;-40,06452352;SPRF-ES;DEL04-ES;UOP01-DEL04-ES;;;
740437;20/12/2025;s�bado;23:25:00;PB;230;36,1;SANTA RITA;Aus�ncia de rea��o do condutor;Colis�o traseira;Com V�timas Feridas;Plena Noite;Crescente;C�u Claro;Dupla;"Reta;Aclive";N�o;2;0;1;0;0;1;1;2;-7,126445;-34,949808;SPRF-PB;DEL01-PB;UOP02-DEL01-PB;;;
740438;20/12/2025;s�bado;22:00:00;PI;316;24;TERESINA;Acessar a via sem observar a presen�a dos outros ve�culos;Colis�o transversal;Sem V�timas;Plena Noite;Crescente;C�u Claro;M�ltipla;Reta;Sim;2;0;0;0;0;2;0;2;-5,28958;-42,717013;SPRF-PI;DEL01-PI;UOP02-DEL01-PI;;;
740439;20/12/2025;s�bado;22:43:00;RO;364;710;PORTO VELHO;Aus�ncia de rea��o do condutor;Sa�da de leito carro��vel;Sem V�timas;Plena Noite;Crescente;C�u Claro;Simples;Curva;Sim;1;0;0;0;0;1;0;1;-8,78713979;-63,8555309;SPRF-RO;DEL01-RO;UOP01-DEL01-RO;;;
740440;20/12/2025;s�bado;22:50:00;SP;116;150;SAO JOSE DOS CAMPOS;Aus�ncia de rea��o do condutor;Colis�o com objeto;Com V�timas Feridas;Plena Noite;Decrescente;C�u Claro;M�ltipla;Declive;Sim;1;0;1;0;0;0;1;1;-23,21494189;-45,89477322;SPRF-SP;DEL02-SP;UOP01-DEL02-SP;;;
740441;20/12/2025;s�bado;23:30:00;SP;116;277,9;EMBU DAS ARTES;Aus�ncia de rea��o do condutor;Colis�o traseira;Com V�timas Feridas;Plena Noite;Crescente;C�u Claro;Dupla;"Declive;Reta";Sim;2;0;1;0;1;0;1;2;-23,63464607;-46,82470936;SPRF-SP;DEL04-SP;UOP01-DEL04-SP;;;
740442;21/12/2025;domingo;00:05:00;ES;101;257,5;SERRA;Aus�ncia de rea��o do condutor;Colis�o traseira;Com V�timas Feridas;Pleno dia;Crescente;C�u Claro;Dupla;"Retorno Regulamentado;Rotat�ria;Curva";Sim;2;0;1;0;1;0;1;2;-20,12804;-40,29946;SPRF-ES;DEL02-ES;UOP01-DEL02-ES;;;
740443;20/12/2025;s�bado;23:50:00;PB;230;86;JOAO PESSOA;Aus�ncia de rea��o do condutor;Tombamento;Com V�timas Feridas;Plena Noite;Decrescente;C�u Claro;Dupla;"Declive;Curva";Sim;2;0;2;0;0;0;2;1;-7,15122843;-34,90954494;SPRF-PB;DEL01-PB;UOP02-DEL01-PB;;;
740444;20/12/2025;s�bado;22:30:00;SE;101;145,2;ESTANCIA;Velocidade Incompat�vel;Colis�o com objeto;Com V�timas Feridas;Plena Noite;Crescente;C�u Claro;Dupla;Reta;N�o;3;0;1;0;0;2;1;2;-11,21427;-37,41607;SPRF-SE;DEL02-SE;UOP01-DEL02-SE;;;
740445;21/12/2025;domingo;00:10:00;GO;40;2;VALPARAISO DE GOIAS;Acessar a via sem observar a presen�a dos outros ve�culos;Colis�o lateral mesmo sentido;Com V�timas Feridas;Plena Noite;Crescente;Garoa/Chuvisco;Dupla;Reta;N�o;2;0;1;0;1;0;1;2;-16,0582007;-47,98278451;SPRF-DF;DEL01-DF;UOP01-DEL01-DF;;;
740446;20/12/2025;s�bado;16:00:00;BA;242;571;OLIVEIRA DOS BREJINHOS;Ingest�o de �lcool pelo condutor;Colis�o frontal;Com V�timas Fatais;Pleno dia;Crescente;C�u Claro;Simples;Reta;N�o;2;1;1;0;0;0;1;2;-12,04199;-42,97435;SPRF-BA;DEL06-BA;UOP03-DEL06-BA;;;
740447;20/12/2025;s�bado;23:40:00;MS;60;370,6;CAMPO GRANDE;Aus�ncia de rea��o do condutor;Colis�o lateral sentido oposto;Com V�timas Feridas;Plena Noite;Crescente;C�u Claro;Simples;Reta;N�o;8;0;1;0;7;0;1;2;-20,56881993;-54,68972079;SPRF-MS;DEL01-MS;UOP04-DEL01-MS;;;
740448;21/12/2025;domingo;00:05:00;PR;277;676,3;MEDIANEIRA;Aus�ncia de rea��o do condutor;Sa�da de leito carro��vel;Sem V�timas;Plena Noite;Crescente;C�u Claro;Dupla;"Declive;Reta";N�o;2;0;0;0;2;0;0;1;-25,29949276;-54,12388802;SPRF-PR;DEL05-PR;UOP01-DEL05-PR;;;
740449;20/12/2025;s�bado;23:42:00;PB;104;97,2;ESPERANCA;Desrespeitar a prefer�ncia no cruzamento;Colis�o transversal;Com V�timas Fatais;Plena Noite;Decrescente;C�u Claro;Simples;Interse��o de Vias;Sim;2;1;0;0;1;0;0;2;-7,02103619;-35,85578847;SPRF-PB;DEL02-PB;UOP04-DEL02-PB;;;
740451;21/12/2025;domingo;00:55:00;RS;287;279;SAO PEDRO DO SUL;Pedestre andava na pista;Atropelamento de Pedestre;Com V�timas Fatais;Plena Noite;Crescente;C�u Claro;Simples;Reta;N�o;2;1;0;0;1;0;0;2;-29,642499;-54,167817;SPRF-RS;DEL09-RS;UOP01-DEL09-RS;;;
740452;20/12/2025;s�bado;23:50:00;PI;343;307,4;ALTOS;Acessar a via sem observar a presen�a dos outros ve�culos;Colis�o transversal;Com V�timas Fatais;Plena Noite;Decrescente;C�u Claro;Simples;Reta;Sim;2;1;1;0;0;0;1;2;-5,03914;-42,462195;SPRF-PI;DEL01-PI;UOP01-DEL01-PI;;;
740453;20/12/2025;s�bado;22:00:00;PA;308;229;AUGUSTO CORREA;Aus�ncia de rea��o do condutor;Colis�o frontal;Com V�timas Fatais;Plena Noite;Decrescente;Nublado;Simples;Reta;N�o;3;1;0;2;0;0;2;2;-1,147542;-46,603238;SPRF-PA;DEL01-PA;UOP03-DEL01-PA;;;
740454;21/12/2025;domingo;01:10:00;SP;101;40;UBATUBA;Aus�ncia de rea��o do condutor;Tombamento;Sem V�timas;Plena Noite;Crescente;C�u Claro;Simples;Reta;N�o;1;0;0;0;1;0;0;1;-23,41332291;-45,03317403;SPRF-SP;DEL06-SP;UOP01-DEL06-SP;;;
740457;21/12/2025;domingo;01:30:00;PR;277;2,3;CURITIBA;Rea��o tardia ou ineficiente do condutor;Sa�da de leito carro��vel;Com V�timas Feridas;Plena Noite;Decrescente;Nublado;Dupla;Reta;Sim;1;0;1;0;0;0;1;1;-25,43027908;-49,34458701;SPRF-PR;DEL01-PR;UOP06-DEL01-PR;;;