id;data_inversa;dia_semana;horario;uf;br;km;municipio;causa_acidente;tipo_acidente;classificacao_acidente;fase_dia;sentido_via;condicao_metereologica;tipo_pista;tracado_via;uso_solo;pessoas;mortos;feridos_leves;feridos_graves;ilesos;ignorados;feridos;veiculos;latitude;longitude;regional;delegacia;uop;;;
740458;21/12/2025;domingo;00:43:00;RS;470;177;VERANOPOLIS;Retorno proibido;Colis�o transversal;Com V�timas Feridas;Plena Noite;Decrescente;C�u Claro;Simples;Reta;Sim;3;0;2;1;0;0;3;2;-28,9407158;-51,54780714;SPRF-RS;DEL06-RS;UOP02-DEL06-RS;;;
740460;21/12/2025;domingo;02:45:00;ES;101;156,5;LINHARES;Acessar a via sem observar a presen�a dos outros ve�culos;Colis�o lateral sentido oposto;Com V�timas Feridas;Plena Noite;Crescente;C�u Claro;Simples;Reta;N�o;2;0;1;0;0;1;1;2;-19,41469584;-40,06721947;SPRF-ES;DEL04-ES;UOP01-DEL04-ES;;;
740461;21/12/2025;domingo;03:40:00;MG;381;516;IGARAPE;Velocidade Incompat�vel;Sa�da de leito carro��vel;Sem V�timas;Plena Noite;Crescente;Garoa/Chuvisco;Dupla;Curva;N�o;1;0;0;0;1;0;0;1;-20,10236483;-44,3195343;SPRF-MG;DEL01-MG;UOP03-DEL01-MG;;;
740462;21/12/2025;domingo;03:30:00;SP;116;302;SAO LOURENCO DA SERRA;Condutor Dormindo;Colis�o com objeto;Com V�timas Feridas;Plena Noite;Crescente;C�u Claro;Dupla;Reta;N�o;2;0;0;1;1;0;1;1;-23,80493442;-46,9223779;SPRF-SP;DEL04-SP;UOP01-DEL04-SP;;;
740465;21/12/2025;domingo;03:25:00;AL;104;73;MESSIAS;Transitar na contram�o;Colis�o transversal;Com V�timas Fatais;Plena Noite;Decrescente;C�u Claro;Simples;Curva;N�o;6;1;2;2;1;0;4;2;-9,36735893;-35,84834274;SPRF-AL;DEL01-AL;UOP02-DEL01-AL;;;
740466;21/12/2025;domingo;04:00:00;ES;262;136,3;BREJETUBA;Rea��o tardia ou ineficiente do condutor;Sa�da de leito carro��vel;Com V�timas Feridas;Amanhecer;Decrescente;Nevoeiro/Neblina;Simples;"Declive;Curva";N�o;8;0;7;1;0;0;8;1;-20,23546242;-41,34189606;SPRF-ES;DEL01-ES;UOP02-DEL01-ES;;;
740467;21/12/2025;domingo;04:00:00;SC;101;202,9;SAO JOSE;Aus�ncia de rea��o do condutor;Queda de ocupante de ve�culo;Com V�timas Fatais;Plena Noite;Decrescente;Nublado;M�ltipla;"Declive;Reta";Sim;4;1;0;1;0;2;1;2;-27,56429288;-48,61479012;SPRF-SC;DEL01-SC;UOP01-DEL01-SC;;;
740468;21/12/2025;domingo;04:30:00;ES;101;267;SERRA;Aus�ncia de rea��o do condutor;Colis�o com objeto;Com V�timas Fatais;Amanhecer;Crescente;C�u Claro;Dupla;Reta;Sim;1;1;0;0;0;0;0;1;-20,224243;-40,270428;SPRF-ES;DEL02-ES;UOP01-DEL02-ES;;;
740469;21/12/2025;domingo;04:15:00;MS;376;114;IVINHEMA;Condutor deixou de manter dist�ncia do ve�culo da frente;Colis�o traseira;Com V�timas Feridas;Amanhecer;Decrescente;C�u Claro;Simples;Reta;Sim;2;0;1;0;0;1;1;2;-22,30854542;-53,84349442;SPRF-MS;DEL04-MS;UOP04-DEL04-MS;;;
740470;21/12/2025;domingo;05:00:00;ES;101;239;SERRA;Demais falhas mec�nicas ou el�tricas;Inc�ndio;Sem V�timas;Amanhecer;Crescente;C�u Claro;Simples;Reta;N�o;1;0;0;0;1;0;0;1;-20,01669;-40,40384;SPRF-ES;DEL02-ES;UOP01-DEL02-ES;;;
740471;21/12/2025;domingo;02:41:00;MT;163;1016;TERRA NOVA DO NORTE;Animais na Pista;Tombamento;Com V�timas Feridas;Pleno dia;Decrescente;Ignorado;Simples;Reta;N�o;1;0;1;0;0;0;1;1;-10,345958;-55,041706;SPRF-MT;DEL06-MT;UOP03-DEL06-MT;;;
740472;21/12/2025;domingo;04:50:00;GO;153;435;ANAPOLIS;Ingest�o de �lcool pelo condutor;Colis�o traseira;Com V�timas Feridas;Amanhecer;Decrescente;C�u Claro;Dupla;"Interse��o de Vias;Reta";Sim;4;0;1;0;3;0;1;2;-16,287068;-48,94239;SPRF-GO;DEL02-GO;UOP01-DEL02-GO;;;
740473;21/12/2025;domingo;05:00:00;SP;116;110;TAUBATE;Aus�ncia de rea��o do condutor;Colis�o lateral mesmo sentido;Com V�timas Feridas;Amanhecer;Decrescente;C�u Claro;Dupla;Reta;Sim;2;0;1;0;1;0;1;2;-23,03076715;-45,54588318;SPRF-SP;DEL02-SP;UOP02-DEL02-SP;;;
740474;21/12/2025;domingo;03:50:00;RJ;116;275;BARRA MANSA;Pedestre andava na pista;Atropelamento de Pedestre;Com V�timas Feridas;Amanhecer;Decrescente;C�u Claro;Simples;"Reta;Aclive";Sim;2;0;1;0;1;0;1;2;-22,56082732;-44,15392559;SPRF-RJ;DEL07-RJ;UOP02-DEL07-RJ;;;
740475;21/12/2025;domingo;05:00:00;RJ;40;40;AREAL;Animais na Pista;Atropelamento de Animal;Com V�timas Feridas;Pleno dia;Decrescente;C�u Claro;Simples;Reta;N�o;1;0;1;0;0;0;1;1;-22,19382439;-43,15813633;SPRF-RJ;DEL05-RJ;UOP02-DEL05-RJ;;;
740476;21/12/2025;domingo;04:00:00;SC;101;134;BALNEARIO CAMBORIU;Aus�ncia de rea��o do condutor;Sa�da de leito carro��vel;Sem V�timas;Plena Noite;Decrescente;C�u Claro;Dupla;Reta;Sim;1;0;0;0;0;1;0;1;-27,00190882;-48,63225818;SPRF-SC;DEL04-SC;UOP03-DEL04-SC;;;
740477;21/12/2025;domingo;04:40:00;GO;40;95;CRISTALINA;Rea��o tardia ou ineficiente do condutor;Sa�da de leito carro��vel;Com V�timas Feridas;Amanhecer;Crescente;Ignorado;Simples;Reta;Sim;1;0;1;0;0;0;1;1;-16,755443;-47,603395;SPRF-DF;DEL01-DF;UOP02-DEL01-DF;;;
740478;21/12/2025;domingo;05:30:00;DF;20;14;BRASILIA;Rea��o tardia ou ineficiente do condutor;Capotamento;Com V�timas Feridas;Amanhecer;Crescente;C�u Claro;Dupla;Reta;N�o;1;0;0;1;0;0;1;1;-15,63337;-47,738416;SPRF-DF;DEL02-DF;UOP01-DEL02-DF;;;
740480;21/12/2025;domingo;05:45:00;GO;40;2;VALPARAISO DE GOIAS;Velocidade Incompat�vel;Colis�o com objeto;Sem V�timas;Amanhecer;Crescente;C�u Claro;Dupla;Reta;Sim;1;0;0;0;0;1;0;1;-16,0677093;-47,9846095;SPRF-DF;DEL01-DF;UOP01-DEL01-DF;;;
740481;21/12/2025;domingo;02:50:00;MG;365;256,3;JOAO PINHEIRO;Ultrapassagem Indevida;Colis�o frontal;Com V�timas Fatais;Plena Noite;Crescente;C�u Claro;Simples;Curva;N�o;3;1;0;0;2;0;0;2;-17,85230974;-45,49438477;SPRF-MG;DEL10-MG;UOP02-DEL010-MG;;;
740482;21/12/2025;domingo;04:50:00;GO;20;173,6;ALVORADA DO NORTE;Transitar na contram�o;Colis�o frontal;Com V�timas Fatais;Plena Noite;Crescente;C�u Claro;Simples;Reta;N�o;11;5;4;0;2;0;4;2;-14,551677;-46,556156;SPRF-DF;DEL02-DF;UOP03-DEL02-DF;;;
740483;21/12/2025;domingo;04:28:00;SC;101;190,1;BIGUACU;Aus�ncia de rea��o do condutor;Colis�o com objeto;Com V�timas Fatais;Plena Noite;Decrescente;Garoa/Chuvisco;Dupla;Reta;N�o;2;1;0;1;0;0;1;1;-27,469803;-48,64139;SPRF-SC;DEL01-SC;UOP01-DEL01-SC;;;
740484;21/12/2025;domingo;03:10:00;RS;287;256,6;SANTA MARIA;Aus�ncia de rea��o do condutor;Sa�da de leito carro��vel;Com V�timas Feridas;Plena Noite;Decrescente;C�u Claro;Simples;Reta;N�o;2;0;0;2;0;0;2;1;-29,682497;-53,936578;SPRF-RS;DEL09-RS;UOP01-DEL09-RS;;;
740485;21/12/2025;domingo;05:30:00;SP;116;465;PARIQUERA-ACU;Aus�ncia de rea��o do condutor;Sa�da de leito carro��vel;Com V�timas Feridas;Amanhecer;Decrescente;Nublado;Simples;Curva;N�o;2;0;1;0;1;0;1;1;-24,64531803;-47,91775751;SPRF-SP;DEL05-SP;UOP01-DEL05-SP;;;
740486;21/12/2025;domingo;05:00:00;PR;116;115;CURITIBA;Rea��o tardia ou ineficiente do condutor;Sa�da de leito carro��vel;Sem V�timas;Pleno dia;Decrescente;C�u Claro;Dupla;Reta;Sim;1;0;0;0;1;0;0;1;-25,544965;-49,301706;SPRF-PR;DEL01-PR;UOP03-DEL01-PR;;;
740487;21/12/2025;domingo;04:00:00;SC;282;187;BOCAINA DO SUL;Rea��o tardia ou ineficiente do condutor;Colis�o lateral mesmo sentido;Sem V�timas;Plena Noite;Decrescente;Nublado;Simples;"Reta;Aclive";N�o;4;0;0;0;4;0;0;2;-27,7376;-50,01088;SPRF-SC;DEL05-SC;UOP01-DEL05-SC;;;
740488;21/12/2025;domingo;07:00:00;PR;277;78;CURITIBA;Aus�ncia de rea��o do condutor;Queda de ocupante de ve�culo;Com V�timas Feridas;Pleno dia;Decrescente;C�u Claro;Dupla;Reta;N�o;2;0;2;0;0;0;2;1;-25,48202141;-49,19540405;SPRF-PR;DEL01-PR;UOP07-DEL01-PR;;;
740491;21/12/2025;domingo;03:30:00;SP;116;138,8;SAO JOSE DOS CAMPOS;Ingest�o de �lcool pelo condutor;Colis�o traseira;Com V�timas Feridas;Plena Noite;Crescente;C�u Claro;Dupla;"Reta;Aclive";N�o;13;0;6;0;7;0;6;5;-23,15779592;-45,79660032;SPRF-SP;DEL02-SP;UOP01-DEL02-SP;;;
740493;21/12/2025;domingo;05:21:00;PE;423;22,9;SAO CAITANO;Ingest�o de subst�ncias psicoativas pelo condutor;Colis�o traseira;Com V�timas Feridas;Pleno dia;Crescente;C�u Claro;Simples;Reta;N�o;3;0;1;0;2;0;1;2;-8,360508;-36,172171;SPRF-PE;DEL03-PE;UOP02-DEL03-PE;;;
740494;21/12/2025;domingo;00:20:00;MG;40;43;PARACATU;Aus�ncia de rea��o do condutor;Tombamento;Sem V�timas;Plena Noite;Decrescente;C�u Claro;Simples;Reta;Sim;1;0;0;0;0;1;0;1;-17,227825;-46,858831;SPRF-MG;DEL14-MG;UOP01-DEL14-MG;;;
740495;21/12/2025;domingo;04:20:00;PA;10;12;DOM ELISEU;Velocidade Incompat�vel;Colis�o traseira;Com V�timas Feridas;Plena Noite;Crescente;Chuva;Simples;"Curva;Aclive";N�o;4;0;2;0;0;2;2;2;-4,333545;-47,536892;SPRF-PA;DEL02-PA;UOP02-DEL02-PA;;;
740496;21/12/2025;domingo;03:20:00;PA;308;158,7;CAPANEMA;Ingest�o de �lcool pelo condutor;Sa�da de leito carro��vel;Sem V�timas;Plena Noite;Crescente;C�u Claro;Simples;Reta;N�o;1;0;0;0;1;0;0;1;-1,210932;-47,116193;SPRF-PA;DEL01-PA;UOP03-DEL01-PA;;;
740497;21/12/2025;domingo;02:23:00;PA;163;597;TRAIRAO;Ingest�o de �lcool pelo condutor;Sa�da de leito carro��vel;Sem V�timas;Plena Noite;Decrescente;Garoa/Chuvisco;Simples;Reta;N�o;1;0;0;0;1;0;0;1;-4,845752;-56,153592;SPRF-PA;DEL05-PA;UOP03-DEL05-PA;;;
740498;20/12/2025;s�bado;16:20:00;MT;163;639;NOVA MUTUM;Acessar a via sem observar a presen�a dos outros ve�culos;Colis�o lateral mesmo sentido;Com V�timas Feridas;Pleno dia;Decrescente;Chuva;Simples;Reta;N�o;8;0;2;0;5;1;2;3;-13,46477;-56,073547;SPRF-MT;DEL01-MT;UOP01-DEL01-MT;;;
740500;21/12/2025;domingo;07:50:00;SC;470;53,2;BLUMENAU;Manobra de mudan�a de faixa;Colis�o lateral mesmo sentido;Com V�timas Feridas;Pleno dia;Crescente;C�u Claro;Simples;"Em Obras;Reta";Sim;3;0;3;0;0;0;3;2;-26,86210009;-49,09445493;SPRF-SC;DEL04-SC;UOP01-DEL04-SC;;;
740501;21/12/2025;domingo;07:55:00;SC;470;55;BLUMENAU;Condutor Dormindo;Colis�o lateral sentido oposto;Sem V�timas;Pleno dia;Crescente;C�u Claro;Simples;"Em Obras;Reta";N�o;2;0;0;0;2;0;0;2;-26,8764444;-49,12353007;SPRF-SC;DEL04-SC;UOP01-DEL04-SC;;;
740502;21/12/2025;domingo;07:30:00;SC;470;85;RODEIO;Condutor deixou de manter dist�ncia do ve�culo da frente;Colis�o lateral mesmo sentido;Com V�timas Feridas;Pleno dia;Crescente;Nublado;Simples;Reta;Sim;3;0;2;0;1;0;2;2;-26,9587911;-49,34734281;SPRF-SC;DEL04-SC;UOP01-DEL04-SC;;;
740503;20/12/2025;s�bado;17:55:00;PE;407;129;PETROLINA;Avarias e/ou desgaste excessivo no pneu;Tombamento;Com V�timas Feridas;Pleno dia;Crescente;C�u Claro;Dupla;"Ponte;Reta";Sim;2;0;2;0;0;0;2;1;-9,403352;-40,503978;SPRF-PE;DEL06-PE;UOP01-DEL06-PE;;;
740504;21/12/2025;domingo;07:40:00;MG;262;375;JUATUBA;Trafegar com motocicleta (ou similar) entre as faixas;Colis�o traseira;Com V�timas Feridas;Pleno dia;Crescente;C�u Claro;Dupla;"Curva;Aclive";N�o;4;0;0;2;2;0;2;2;-19,9575;-44,3755;SPRF-MG;DEL01-MG;UOP03-DEL01-MG;;;
740505;21/12/2025;domingo;06:45:00;SC;101;233;PALHOCA;Manobra de mudan�a de faixa;Colis�o lateral mesmo sentido;Com V�timas Feridas;Pleno dia;Crescente;C�u Claro;Dupla;Reta;N�o;3;0;1;0;2;0;1;2;-27,80346561;-48,6382045;SPRF-SC;DEL01-SC;UOP02-DEL01-SC;;;
740506;21/12/2025;domingo;08:00:00;PA;316;125;SANTA MARIA DO PARA;Ingest�o de �lcool pelo condutor;Colis�o frontal;Com V�timas Feridas;Pleno dia;Crescente;C�u Claro;Simples;Reta;N�o;3;0;2;0;1;0;2;3;-1,343488;-47,579136;SPRF-PA;DEL01-PA;UOP02-DEL01-PA;;;
740508;21/12/2025;domingo;06:00:00;PI;316;96;BARRO DURO;Aus�ncia de rea��o do condutor;Sa�da de leito carro��vel;Com V�timas Fatais;Amanhecer;Decrescente;Chuva;Simples;Reta;Sim;1;1;0;0;0;0;0;1;-5,82614154;-42,50065327;SPRF-PI;DEL04-PI;UOP02-DEL04-PI;;;
740510;21/12/2025;domingo;07:35:00;CE;20;304,2;CANINDE;Aus�ncia de rea��o do condutor;Colis�o traseira;Com V�timas Feridas;Pleno dia;Decrescente;C�u Claro;Simples;Reta;Sim;2;0;2;0;0;0;2;2;-4,3803433;-39,30993;SPRF-CE;DEL02-CE;UOP01-DEL02-CE;;;
740512;20/12/2025;s�bado;21:55:00;PE;232;264;SERTANIA;Animais na Pista;Atropelamento de Animal;Sem V�timas;Plena Noite;Crescente;Ignorado;Simples;Reta;N�o;2;0;0;0;2;0;0;1;-8,408835;-37,168387;SPRF-PE;DEL04-PE;UOP02-DEL04-PE;;;
740513;09/12/2025;ter�a-feira;16:30:00;SC;470;193,6;POUSO REDONDO;Velocidade Incompat�vel;Colis�o frontal;Com V�timas Feridas;Pleno dia;Crescente;Nublado;Simples;"Aclive;Curva";N�o;5;0;3;2;0;0;5;2;-27,30155;-50,07969;SPRF-SC;DEL04-SC;UOP02-DEL04-SC;;;
740514;21/12/2025;domingo;08:10:00;PI;316;10,9;TERESINA;Desrespeitar a prefer�ncia no cruzamento;Colis�o transversal;Com V�timas Feridas;Pleno dia;Crescente;Nublado;M�ltipla;"Interse��o de Vias;Viaduto;Rotat�ria";Sim;2;0;1;0;1;0;1;2;-5,18280197;-42,76350291;SPRF-PI;DEL01-PI;UOP02-DEL01-PI;;;
740515;21/12/2025;domingo;08:25:00;RN;101;109;PARNAMIRIM;Rea��o tardia ou ineficiente do condutor;Colis�o com objeto;Sem V�timas;Pleno dia;Decrescente;C�u Claro;Dupla;Curva;Sim;1;0;0;0;1;0;0;1;-5,939043;-35,26466;SPRF-RN;DEL01-RN;UOP01-DEL01-RN;;;
740517;21/12/2025;domingo;08:50:00;PR;376;277;MARILANDIA DO SUL;Manobra de mudan�a de faixa;Queda de ocupante de ve�culo;Com V�timas Feridas;Pleno dia;Crescente;C�u Claro;Dupla;Reta;N�o;1;0;1;0;0;0;1;1;-23,79439526;-51,2629816;SPRF-PR;DEL07-PR;UOP02-DEL07-PR;;;
740519;21/12/2025;domingo;08:00:00;MG;262;375;JUATUBA;Velocidade Incompat�vel;Colis�o com objeto;Com V�timas Feridas;Pleno dia;Crescente;C�u Claro;Dupla;"Curva;Aclive";N�o;1;0;0;1;0;0;1;1;-19,936234;-44,433159;SPRF-MG;DEL01-MG;UOP03-DEL01-MG;;;
740521;21/12/2025;domingo;05:40:00;CE;20;403;CAUCAIA;Velocidade Incompat�vel;Sa�da de leito carro��vel;Sem V�timas;Pleno dia;Decrescente;Nublado;Simples;Reta;N�o;1;0;0;0;0;1;0;1;-3,7661278;-38,663181;SPRF-CE;DEL01-CE;UOP01-DEL01-CE;;;
740522;21/12/2025;domingo;08:30:00;RJ;40;105;DUQUE DE CAXIAS;Acessar a via sem observar a presen�a dos outros ve�culos;Colis�o transversal;Com V�timas Feridas;Pleno dia;Decrescente;C�u Claro;Simples;"Declive;Reta";Sim;2;0;1;0;1;0;1;2;-22,64282653;-43,28350894;SPRF-RJ;DEL01-RJ;UOP02-DEL01-RJ;;;
740523;21/12/2025;domingo;07:35:00;AL;316;205;MARIBONDO;Rea��o tardia ou ineficiente do condutor;Atropelamento de Pedestre;Com V�timas Fatais;Pleno dia;Crescente;C�u Claro;Simples;Reta;N�o;2;1;0;0;0;1;0;2;-9,566625;-36,284545;SPRF-AL;DEL03-AL;UOP01-DEL03-AL;;;
740525;21/12/2025;domingo;05:30:00;MS;267;460;GUIA LOPES DA LAGUNA;Ingest�o de �lcool pelo condutor;Sa�da de leito carro��vel;Com V�timas Feridas;Pleno dia;Decrescente;C�u Claro;Simples;Reta;N�o;5;0;1;3;1;0;4;1;-21,435513;-55,950611;SPRF-MS;DEL05-MS;UOP01-DEL05-MS;;;
740526;21/12/2025;domingo;09:15:00;MG;381;449,2;BELO HORIZONTE;Retorno proibido;Colis�o transversal;Com V�timas Feridas;Pleno dia;Decrescente;Nublado;Simples;Declive;Sim;3;0;3;0;0;0;3;2;-19,8411037;-43,8853412;SPRF-MG;DEL01-MG;UOP01-DEL01-MG;;;
740528;21/12/2025;domingo;09:50:00;PE;101;70;RECIFE;Mal s�bito do condutor;Tombamento;Com V�timas Feridas;Pleno dia;Crescente;C�u Claro;Dupla;Reta;Sim;2;0;1;0;0;1;1;2;-8,072554;-34,93837;SPRF-PE;DEL01-PE;UOP01-DEL01-PE;;;
740529;21/12/2025;domingo;10:00:00;ES;262;53;MARECHAL FLORIANO;Animais na Pista;Queda de ocupante de ve�culo;Com V�timas Feridas;Pleno dia;Decrescente;C�u Claro;Simples;Curva;N�o;1;0;1;0;0;0;1;1;-20,415115;-40,741681;SPRF-ES;DEL01-ES;UOP01-DEL01-ES;;;
740530;21/12/2025;domingo;10:15:00;PB;101;86;JOAO PESSOA;Condutor deixou de manter dist�ncia do ve�culo da frente;Colis�o traseira;Sem V�timas;Pleno dia;Decrescente;C�u Claro;Dupla;Reta;Sim;2;0;0;0;1;1;0;2;-7,16159;-34,903808;SPRF-PB;DEL01-PB;UOP01-DEL01-PB;;;
740531;21/12/2025;domingo;09:00:00;SC;163;106,2;SAO JOSE DO CEDRO;Acessar a via sem observar a presen�a dos outros ve�culos;Colis�o lateral mesmo sentido;Com V�timas Feridas;Pleno dia;Crescente;Nublado;M�ltipla;"Curva;Interse��o de Vias";Sim;3;0;1;1;1;0;2;2;-26,43305393;-53,5190417;SPRF-SC;DEL07-SC;UOP03-DEL07-SC;;;
740532;21/12/2025;domingo;09:25:00;GO;153;689,7;ITUMBIARA;Rea��o tardia ou ineficiente do condutor;Sa�da de leito carro��vel;Com V�timas Feridas;Pleno dia;Decrescente;Nublado;Dupla;"Declive;Reta";N�o;5;0;5;0;0;0;5;1;-18,29806905;-49,23597263;SPRF-GO;DEL03-GO;UOP02-DEL03-GO;;;
740533;21/12/2025;domingo;10:20:00;PE;428;141;PETROLINA;Condutor deixou de manter dist�ncia do ve�culo da frente;Colis�o traseira;Com V�timas Feridas;Pleno dia;Crescente;C�u Claro;Simples;Reta;Sim;2;0;1;0;0;1;1;2;-9,008506;-40,274977;SPRF-PE;DEL06-PE;UOP01-DEL06-PE;;;
740534;21/12/2025;domingo;08:15:00;RS;290;688,5;URUGUAIANA;Velocidade Incompat�vel;Sa�da de leito carro��vel;Com V�timas Feridas;Pleno dia;Decrescente;Chuva;Simples;Reta;N�o;2;0;2;0;0;0;2;1;-29,880029;-56,768974;SPRF-RS;DEL13-RS;UOP01-DEL13-RS;;;
740535;21/12/2025;domingo;11:00:00;ES;262;31,5;DOMINGOS MARTINS;Problema com o freio;Sa�da de leito carro��vel;Com V�timas Feridas;Pleno dia;Crescente;Sol;Simples;Curva;N�o;1;0;1;0;0;0;1;1;-20,37913365;-40,57418346;SPRF-ES;DEL01-ES;UOP01-DEL01-ES;;;
740536;21/12/2025;domingo;08:57:00;MS;163;178;JUTI;Aus�ncia de rea��o do condutor;Sa�da de leito carro��vel;Com V�timas Feridas;Pleno dia;Decrescente;C�u Claro;Simples;"Declive;Curva";N�o;1;0;1;0;0;0;1;1;-22,846179;-54,663912;SPRF-MS;DEL09-MS;UOP01-DEL09-MS;;;
740539;21/12/2025;domingo;11:15:00;SC;101;130;CAMBORIU;Trafegar com motocicleta (ou similar) entre as faixas;Queda de ocupante de ve�culo;Com V�timas Feridas;Pleno dia;Decrescente;C�u Claro;Dupla;Curva;N�o;1;0;1;0;0;0;1;1;-26,98615638;-48,66677284;SPRF-SC;DEL04-SC;UOP03-DEL04-SC;;;
740540;21/12/2025;domingo;11:00:00;DF;60;9;BRASILIA;Demais falhas mec�nicas ou el�tricas;Tombamento;Com V�timas Feridas;Pleno dia;Crescente;C�u Claro;Dupla;"Curva;Declive";Sim;2;0;1;0;0;1;1;2;-15,90626923;-48,13975096;SPRF-DF;DEL03-DF;UOP01-DEL03-DF;;;
740541;21/12/2025;domingo;11:20:00;RJ;116;184,5;NOVA IGUACU;Rea��o tardia ou ineficiente do condutor;Colis�o traseira;Com V�timas Feridas;Pleno dia;Decrescente;C�u Claro;Dupla;Reta;Sim;3;0;2;0;1;0;2;2;-22,74298721;-43,45145005;SPRF-RJ;DEL06-RJ;UOP01-DEL06-RJ;;;
740542;21/12/2025;domingo;11:20:00;SC;282;21,5;PALHOCA;Transitar na contram�o;Colis�o lateral sentido oposto;Com V�timas Feridas;Pleno dia;Decrescente;Nublado;Simples;Reta;Sim;5;0;1;0;4;0;1;2;-27,688627;-48,723482;SPRF-SC;DEL01-SC;UOP02-DEL01-SC;;;
740543;21/12/2025;domingo;09:25:00;RO;364;388,5;OURO PRETO DO OESTE;Velocidade Incompat�vel;Colis�o transversal;Com V�timas Feridas;Pleno dia;Crescente;C�u Claro;Simples;"Reta;Interse��o de Vias";N�o;5;0;1;0;4;0;1;2;-10,68715;-62,273814;SPRF-RO;DEL03-RO;UOP02-DEL03-RO;;;
740544;21/12/2025;domingo;11:05:00;MG;262;382;FLORESTAL;Rea��o tardia ou ineficiente do condutor;Colis�o com objeto;Com V�timas Feridas;Pleno dia;Crescente;C�u Claro;Dupla;Reta;Sim;1;0;0;1;0;0;1;1;-19,91823551;-44,49322148;SPRF-MG;DEL01-MG;UOP03-DEL01-MG;;;
740545;21/12/2025;domingo;11:18:00;PR;369;60,1;BANDEIRANTES;Velocidade Incompat�vel;Sa�da de leito carro��vel;Com V�timas Feridas;Pleno dia;Crescente;C�u Claro;Simples;"Reta;Declive";Sim;1;0;1;0;0;0;1;1;-23,13120436;-50,39364338;SPRF-PR;DEL07-PR;UOP05-DEL07-PR;;;
740546;21/12/2025;domingo;12:15:00;SP;101;16,5;UBATUBA;Acessar a via sem observar a presen�a dos outros ve�culos;Colis�o transversal;Com V�timas Feridas;Pleno dia;Decrescente;C�u Claro;Simples;Reta;Sim;3;0;2;0;1;0;2;2;-23,3236071;-44,88658547;SPRF-SP;DEL06-SP;UOP01-DEL06-SP;;;
740547;21/12/2025;domingo;11:50:00;BA;101;161;CONCEICAO DO JACUIPE;Manobra de mudan�a de faixa;Colis�o com objeto;Com V�timas Fatais;Pleno dia;Crescente;C�u Claro;Dupla;"Reta;Declive";N�o;1;1;0;0;0;0;0;1;-12,35512939;-38,783535;SPRF-BA;DEL01-BA;UOP03-DEL01-BA;;;
740548;21/12/2025;domingo;12:20:00;MG;50;60;UBERLANDIA;Velocidade Incompat�vel;Colis�o com objeto;Com V�timas Feridas;Pleno dia;Crescente;C�u Claro;Dupla;"Declive;Curva";Sim;1;0;1;0;0;0;1;1;-18,8973056;-48,152576;SPRF-MG;DEL15-MG;UOP02-DEL15-MG;;;
740549;21/12/2025;domingo;05:00:00;PI;316;105;PASSAGEM FRANCA DO PIAUI;Chuva;Queda de ocupante de ve�culo;Com V�timas Feridas;Amanhecer;Decrescente;Chuva;Simples;Reta;Sim;2;0;0;2;0;0;2;1;-5,85715121;-42,44126241;SPRF-PI;DEL04-PI;UOP02-DEL04-PI;;;
740550;21/12/2025;domingo;11:45:00;MS;262;313,5;CAMPO GRANDE;Ultrapassagem Indevida;Colis�o frontal;Com V�timas Fatais;Pleno dia;Decrescente;C�u Claro;Simples;Reta;N�o;5;2;0;1;1;1;1;3;-20,472542;-54,414658;SPRF-MS;DEL01-MS;UOP01-DEL01-MS;;;
740551;21/12/2025;domingo;07:20:00;PI;135;542;SAO GONCALO DO GURGUEIA;Rea��o tardia ou ineficiente do condutor;Engavetamento;Com V�timas Feridas;Pleno dia;Decrescente;Chuva;Simples;Reta;N�o;8;0;1;0;7;0;1;3;-10,058941;-45,276987;SPRF-PI;DEL03-PI;UOP02-DEL03-PI;;;
740553;21/12/2025;domingo;11:20:00;SC;101;415,8;ARARANGUA;Pedestre andava na pista;Atropelamento de Pedestre;Com V�timas Feridas;Pleno dia;Decrescente;Nublado;M�ltipla;Reta;Sim;2;0;0;1;1;0;1;2;-28,96994;-49,526187;SPRF-SC;DEL02-SC;UOP02-DEL02-SC;;;
740556;21/12/2025;domingo;08:15:00;MT;158;666,1;NOVA XAVANTINA;Rea��o tardia ou ineficiente do condutor;Capotamento;Com V�timas Feridas;Pleno dia;Decrescente;Nublado;Simples;Reta;N�o;4;0;1;0;3;0;1;1;-14,787;-52,318;SPRF-MT;DEL07-MT;UOP01-DEL07-MT;;;
740559;21/12/2025;domingo;12:20:00;MA;10;257,5;IMPERATRIZ;Aus�ncia de rea��o do condutor;Engavetamento;Sem V�timas;Pleno dia;Decrescente;Nublado;Simples;"Interse��o de Vias;Reta";Sim;5;0;0;0;3;2;0;5;-5,492401;-47,471991;SPRF-MA;DEL04-MA;UOP01-DEL04-MA;;;
740560;21/12/2025;domingo;14:00:00;BA;101;783,7;PORTO SEGURO;Rea��o tardia ou ineficiente do condutor;Sa�da de leito carro��vel;Sem V�timas;Pleno dia;Crescente;Chuva;Simples;Curva;N�o;1;0;0;0;0;1;0;1;-16,84167621;-39,48486328;SPRF-BA;DEL09-BA;UOP01-DEL09-BA;;;
740562;21/12/2025;domingo;13:47:00;MG;459;85;CONGONHAL;Mal s�bito do condutor;Queda de ocupante de ve�culo;Com V�timas Feridas;Pleno dia;Decrescente;C�u Claro;Simples;Reta;N�o;2;0;1;0;0;1;1;2;-22,154053;-46,067661;SPRF-MG;DEL09-MG;UOP01-DEL09-MG;;;