id;data_inversa;dia_semana;horario;uf;br;km;municipio;causa_acidente;tipo_acidente;classificacao_acidente;fase_dia;sentido_via;condicao_metereologica;tipo_pista;tracado_via;uso_solo;pessoas;mortos;feridos_leves;feridos_graves;ilesos;ignorados;feridos;veiculos;latitude;longitude;regional;delegacia;uop;;;
740563;21/12/2025;domingo;13:25:00;RS;158;160,9;PANAMBI;Aus�ncia de rea��o do condutor;Sa�da de leito carro��vel;Com V�timas Feridas;Pleno dia;Decrescente;Chuva;Simples;Reta;N�o;1;0;1;0;0;0;1;1;-28,36886859;-53,50514531;SPRF-RS;DEL10-RS;UOP02-DEL10-RS;;;
740564;21/12/2025;domingo;12:10:00;RJ;101;295;ITABORAI;Rea��o tardia ou ineficiente do condutor;Colis�o traseira;Com V�timas Feridas;Pleno dia;Crescente;C�u Claro;Simples;Reta;Sim;2;0;1;0;1;0;1;2;-22,76595702;-42,905955;SPRF-RJ;DEL02-RJ;UOP02-DEL02-RJ;;;
740566;21/12/2025;domingo;08:00:00;SC;280;216,3;TRES BARRAS;Rea��o tardia ou ineficiente do condutor;Capotamento;Com V�timas Feridas;Pleno dia;Crescente;C�u Claro;Simples;"Declive;Reta";N�o;7;0;2;0;5;0;2;5;-26,18012116;-50,22664515;SPRF-SC;DEL06-SC;UOP04-DEL06-SC;;;
740567;21/12/2025;domingo;11:49:00;PI;343;203;PIRIPIRI;Aus�ncia de rea��o do condutor;Sa�da de leito carro��vel;Sem V�timas;Pleno dia;Crescente;Nublado;Simples;Reta;N�o;1;0;0;0;0;1;0;1;-4,41803351;-41,88598216;SPRF-PI;DEL02-PI;UOP01-DEL02-PI;;;
740568;21/12/2025;domingo;12:40:00;PE;101;51;PAULISTA;Rea��o tardia ou ineficiente do condutor;Tombamento;Com V�timas Feridas;Pleno dia;Crescente;C�u Claro;M�ltipla;Interse��o de Vias;Sim;2;0;2;0;0;0;2;1;-7,9192725;-34,8947366;SPRF-PE;DEL01-PE;UOP02-DEL01-PE;;;
740569;21/12/2025;domingo;14:21:00;PE;232;72,2;GRAVATA;Demais falhas mec�nicas ou el�tricas;Sa�da de leito carro��vel;Com V�timas Feridas;Pleno dia;Decrescente;Sol;Dupla;Reta;N�o;2;0;1;0;1;0;1;1;-8,1883769;-35,50328884;SPRF-PE;DEL02-PE;UOP02-DEL02PE;;;
740570;21/12/2025;domingo;13:25:00;PR;163;352;GUAIRA;Condutor deixou de manter dist�ncia do ve�culo da frente;Engavetamento;Com V�timas Feridas;Pleno dia;Decrescente;C�u Claro;Simples;"Ponte;Reta";N�o;10;0;1;0;9;0;1;4;-24,06725128;-54,25138347;SPRF-PR;DEL06-PR;UOP01-DEL06-PR;;;
740572;21/12/2025;domingo;14:00:00;BA;116;11;VITORIA DA CONQUISTA;Acessar a via sem observar a presen�a dos outros ve�culos;Colis�o transversal;Sem V�timas;Pleno dia;Crescente;Nublado;Simples;Interse��o de Vias;Sim;2;0;0;0;2;0;0;2;-14,87274465;-40,87148169;SPRF-BA;DEL08-BA;UOP01-DEL08-BA;;;
740573;21/12/2025;domingo;14:00:00;PR;369;473,2;CORBELIA;Pedestre andava na pista;Atropelamento de Pedestre;Com V�timas Feridas;Pleno dia;Crescente;Nublado;Simples;Curva;Sim;4;0;0;1;3;0;1;2;-24,71702124;-53,24654516;SPRF-PR;DEL04-PR;UOP03-DEL04-PR;;;
740575;21/12/2025;domingo;14:30:00;PI;402;14;PARNAIBA;Rea��o tardia ou ineficiente do condutor;Tombamento;Com V�timas Feridas;Pleno dia;Decrescente;Nublado;Simples;Interse��o de Vias;N�o;1;0;1;0;0;0;1;1;-3,10055443;-41,7813161;SPRF-PI;DEL05-PI;UOP01-DEL05-PI;;;
740576;21/12/2025;domingo;14:00:00;SP;116;500;CAJATI;Acessar a via sem observar a presen�a dos outros ve�culos;Colis�o traseira;Com V�timas Feridas;Pleno dia;Decrescente;C�u Claro;Simples;Reta;N�o;4;0;2;0;1;1;2;3;-24,78627674;-48,18570203;SPRF-SP;DEL05-SP;UOP02-DEL05-SP;;;
740577;21/12/2025;domingo;11:20:00;MG;354;757,8;ITAMONTE;Aus�ncia de rea��o do condutor;Sa�da de leito carro��vel;Com V�timas Fatais;Pleno dia;Decrescente;C�u Claro;Simples;Curva;N�o;2;1;0;0;0;1;0;2;-22,312432;-44,854942;SPRF-MG;DEL17-MG;UOP01-DEL17-MG;;;
740578;21/12/2025;domingo;15:30:00;MG;381;501;BETIM;Trafegar com motocicleta (ou similar) entre as faixas;Colis�o traseira;Com V�timas Feridas;Pleno dia;Decrescente;C�u Claro;Dupla;Reta;N�o;3;0;1;0;2;0;1;3;-19,9575;-44,1878;SPRF-MG;DEL01-MG;UOP03-DEL01-MG;;;
740579;21/12/2025;domingo;14:50:00;RJ;116;277,5;BARRA MANSA;Acesso irregular;Colis�o lateral mesmo sentido;Com V�timas Feridas;Pleno dia;Crescente;C�u Claro;Dupla;"Retorno Regulamentado;Declive;Curva";N�o;4;0;1;0;3;0;1;4;-22,552017;-44,1737704;SPRF-RJ;DEL07-RJ;UOP02-DEL07-RJ;;;
740580;21/12/2025;domingo;15:15:00;SP;116;74;APARECIDA;Aus�ncia de rea��o do condutor;Colis�o traseira;Com V�timas Feridas;Pleno dia;Crescente;Sol;Dupla;Reta;N�o;2;0;1;0;1;0;1;2;-22,87301157;-45,2519036;SPRF-SP;DEL08-SP;UOP01-DEL08-SP;;;
740583;21/12/2025;domingo;13:33:00;BA;101;486;ITAJUIPE;Ingest�o de �lcool pelo condutor;Colis�o traseira;Com V�timas Feridas;Pleno dia;Decrescente;Chuva;Simples;Reta;N�o;6;0;0;1;5;0;1;2;-14,663;-39,352;SPRF-BA;DEL05-BA;UOP01-DEL05-BA;;;
740584;21/12/2025;domingo;15:25:00;ES;101;287,6;CARIACICA;Acessar a via sem observar a presen�a dos outros ve�culos;Colis�o transversal;Com V�timas Feridas;Pleno dia;Decrescente;C�u Claro;Dupla;"Retorno Regulamentado;Reta;Aclive";N�o;6;0;3;1;2;0;4;2;-20,27907821;-40,39268301;SPRF-ES;DEL01-ES;UOP01-DEL01-ES;;;
740585;21/12/2025;domingo;11:00:00;PA;222;37,8;DOM ELISEU;Aus�ncia de rea��o do condutor;Sa�da de leito carro��vel;Com V�timas Feridas;Pleno dia;Crescente;C�u Claro;Simples;Curva;N�o;2;0;0;1;0;1;1;2;-4,321173;-47,730502;SPRF-PA;DEL02-PA;UOP02-DEL02-PA;;;
740587;21/12/2025;domingo;15:32:00;PE;232;91,4;SAIRE;Demais falhas mec�nicas ou el�tricas;Inc�ndio;Sem V�timas;Pleno dia;Crescente;Sol;Dupla;Reta;Sim;1;0;0;0;1;0;0;1;-8,21921;-35,67339;SPRF-PE;DEL02-PE;UOP03-DEL02-PE;;;
740588;21/12/2025;domingo;14:00:00;RO;364;767;PORTO VELHO;Chuva;Sa�da de leito carro��vel;Com V�timas Feridas;Pleno dia;Decrescente;Chuva;Simples;Reta;N�o;4;0;3;0;1;0;3;1;-9,13319066;-64,14502591;SPRF-RO;DEL01-RO;UOP02-DEL01-RO;;;
740590;21/12/2025;domingo;15:48:00;MG;381;501;BETIM;Condutor deixou de manter dist�ncia do ve�culo da frente;Engavetamento;Com V�timas Feridas;Pleno dia;Decrescente;C�u Claro;Dupla;Reta;N�o;6;0;3;0;3;0;3;3;-20,00862154;-44,21672909;SPRF-MG;DEL01-MG;UOP03-DEL01-MG;;;
740591;13/12/2025;s�bado;09:30:00;CE;20;386,4;CAUCAIA;Manobra de mudan�a de faixa;Colis�o frontal;Com V�timas Feridas;Pleno dia;Decrescente;C�u Claro;Simples;Reta;N�o;2;0;0;2;0;0;2;2;-3,87099839;-38,80651116;SPRF-CE;DEL01-CE;UOP01-DEL01-CE;;;
740593;21/12/2025;domingo;15:50:00;ES;262;43,9;DOMINGOS MARTINS;Transitar na contram�o;Colis�o frontal;Com V�timas Fatais;Pleno dia;Crescente;Sol;Simples;Reta;N�o;4;1;1;1;1;0;2;2;-20,38773508;-40,66821882;SPRF-ES;DEL01-ES;UOP01-DEL01-ES;;;
740594;21/12/2025;domingo;15:20:00;RS;290;608,5;ALEGRETE;Rea��o tardia ou ineficiente do condutor;Sa�da de leito carro��vel;Sem V�timas;Pleno dia;Decrescente;Chuva;Simples;Reta;N�o;1;0;0;0;1;0;0;1;-29,9044452;-56,0301097;SPRF-RS;DEL13-RS;UOP02-DEL13-RS;;;
740596;19/12/2025;sexta-feira;13:15:00;RS;116;224,8;DOIS IRMAOS;Acumulo de areia ou detritos sobre o pavimento;Tombamento;Com V�timas Feridas;Pleno dia;Crescente;C�u Claro;Dupla;Curva;N�o;1;0;1;0;0;0;1;1;-29,59112357;-51,10987751;SPRF-RS;DEL01-RS;UOP02-DEL01-RS;;;
740597;20/12/2025;s�bado;22:00:00;MS;163;844;SONORA;Condutor Dormindo;Sa�da de leito carro��vel;Com V�timas Feridas;Plena Noite;Crescente;Ignorado;M�ltipla;Reta;N�o;1;0;1;0;0;0;1;1;-17,52487991;-54,74011816;SPRF-MS;DEL06-MS;UOP01-DEL06-MS;;;
740598;21/12/2025;domingo;16:00:00;SP;116;159;JACAREI;Condutor deixou de manter dist�ncia do ve�culo da frente;Colis�o traseira;Com V�timas Feridas;Pleno dia;Decrescente;Sol;Dupla;Reta;Sim;3;0;1;0;2;0;1;3;-23,26384005;-45,95661941;SPRF-SP;DEL02-SP;UOP01-DEL02-SP;;;
740599;21/12/2025;domingo;16:00:00;GO;60;87;ANAPOLIS;Velocidade Incompat�vel;Sa�da de leito carro��vel;Com V�timas Feridas;Pleno dia;Decrescente;C�u Claro;Dupla;"Declive;Reta";N�o;4;0;2;2;0;0;4;1;-16,33138761;-48,88817159;SPRF-GO;DEL02-GO;UOP01-DEL02-GO;;;
740601;21/12/2025;domingo;16:10:00;RN;101;105;PARNAMIRIM;Acessar a via sem observar a presen�a dos outros ve�culos;Colis�o lateral mesmo sentido;Com V�timas Feridas;Pleno dia;Crescente;C�u Claro;Dupla;Interse��o de Vias;Sim;3;0;2;0;0;1;2;2;-5,90259483;-35,25978176;SPRF-RN;DEL01-RN;UOP01-DEL01-RN;;;
740602;21/12/2025;domingo;14:40:00;MG;116;519,6;CARATINGA;Aus�ncia de rea��o do condutor;Sa�da de leito carro��vel;Com V�timas Feridas;Pleno dia;Decrescente;C�u Claro;Simples;Curva;N�o;2;0;2;0;0;0;2;1;-19,72403859;-42,13144183;SPRF-MG;DEL06-MG;UOP02-DEL06-MG;;;
740603;21/12/2025;domingo;16:50:00;MG;381;353;BETIM;Manobra de mudan�a de faixa;Colis�o lateral mesmo sentido;Com V�timas Feridas;Pleno dia;Decrescente;C�u Claro;Dupla;Reta;Sim;2;0;1;0;1;0;1;2;-19,9802688;-44,2505744;SPRF-MG;DEL03-MG;UOP01-DEL03-MG;;;
740605;21/12/2025;domingo;15:45:00;SP;116;92;PINDAMONHANGABA;Ultrapassagem Indevida;Colis�o lateral mesmo sentido;Sem V�timas;Pleno dia;Crescente;C�u Claro;Dupla;Reta;N�o;4;0;0;0;3;1;0;4;-22,953139;-45,406565;SPRF-SP;DEL08-SP;UOP01-DEL08-SP;;;
740606;21/12/2025;domingo;16:00:00;GO;60;264;INDIARA;Acumulo de �gua sobre o pavimento;Sa�da de leito carro��vel;Com V�timas Feridas;Pleno dia;Crescente;Chuva;Dupla;Retorno Regulamentado;N�o;3;0;2;0;1;0;2;1;-17,193695;-50,08062;SPRF-GO;DEL01-GO;UOP02-DEL01-GO;;;
740609;21/12/2025;domingo;16:45:00;SC;282;42,5;AGUAS MORNAS;Acessar a via sem observar a presen�a dos outros ve�culos;Colis�o transversal;Com V�timas Feridas;Pleno dia;Decrescente;C�u Claro;Simples;Reta;Sim;5;0;1;0;4;0;1;2;-27,719882;-48,89309;SPRF-SC;DEL01-SC;UOP03-DEL01-SC;;;
740611;21/12/2025;domingo;16:50:00;PE;232;79;GRAVATA;Aus�ncia de rea��o do condutor;Colis�o traseira;Com V�timas Feridas;Pleno dia;Crescente;C�u Claro;Simples;"Declive;Reta";Sim;4;0;1;0;2;1;1;2;-8,194575;-35,561694;SPRF-PE;DEL02-PE;UOP02-DEL02PE;;;
740612;21/12/2025;domingo;11:00:00;MA;135;6;SAO LUIS;Rea��o tardia ou ineficiente do condutor;Sa�da de leito carro��vel;Sem V�timas;Pleno dia;Decrescente;Chuva;Dupla;"Reta;Aclive";Sim;1;0;0;0;0;1;0;1;-2,6303766;-44,2641933;SPRF-MA;DEL01-MA;UOP01-DEL01-MA;;;
740613;21/12/2025;domingo;17:00:00;PR;116;121,3;CURITIBA;Trafegar com motocicleta (ou similar) entre as faixas;Colis�o traseira;Com V�timas Feridas;Pleno dia;Decrescente;Nublado;Dupla;"Reta;Aclive";N�o;4;0;1;0;3;0;1;2;-25,597048;-49,31662;SPRF-PR;DEL01-PR;UOP03-DEL01-PR;;;
740614;21/12/2025;domingo;11:30:00;MA;222;644;ACAILANDIA;Aus�ncia de rea��o do condutor;Colis�o com objeto;Sem V�timas;Pleno dia;Crescente;Nublado;Simples;"Aclive;Curva";N�o;1;0;0;0;0;1;0;1;-4,77605;-47,09533;SPRF-MA;DEL04-MA;UOP03-DEL04-MA;;;
740615;21/12/2025;domingo;17:05:00;RS;386;183,5;CARAZINHO;Velocidade Incompat�vel;Colis�o frontal;Com V�timas Feridas;Pleno dia;Decrescente;Chuva;Simples;Curva;N�o;6;0;1;2;3;0;3;2;-28,326283;-52,723648;SPRF-RS;DEL08-RS;UOP01-DEL08-RS;;;
740616;21/12/2025;domingo;17:20:00;BA;116;778,4;PLANALTO;Convers�o proibida;Colis�o transversal;Com V�timas Feridas;Pleno dia;Crescente;Nublado;Simples;Reta;Sim;2;0;0;1;1;0;1;2;-14,67343;-40,48983;SPRF-BA;DEL08-BA;UOP02-DEL08-BA;;;
740618;21/12/2025;domingo;17:40:00;GO;40;7;VALPARAISO DE GOIAS;Velocidade Incompat�vel;Colis�o lateral mesmo sentido;Com V�timas Feridas;Pleno dia;Crescente;C�u Claro;Dupla;Reta;Sim;2;0;1;0;1;0;1;2;-16,11266916;-47,9694489;SPRF-DF;DEL01-DF;UOP01-DEL01-DF;;;
740619;21/12/2025;domingo;17:15:00;ES;101;166;LINHARES;Rea��o tardia ou ineficiente do condutor;Engavetamento;Com V�timas Feridas;Anoitecer;Crescente;C�u Claro;Simples;Reta;N�o;6;0;3;0;3;0;3;3;-19,51857772;-40,14348976;SPRF-ES;DEL04-ES;UOP01-DEL04-ES;;;
740620;21/12/2025;domingo;18:05:00;SC;101;210,8;SAO JOSE;Condutor usando celular;Colis�o com objeto;Com V�timas Feridas;Pleno dia;Crescente;Nublado;Dupla;Reta;Sim;1;0;0;1;0;0;1;1;-27,622273;-48,651428;SPRF-SC;DEL01-SC;UOP01-DEL01-SC;;;
740621;21/12/2025;domingo;18:00:00;BA;116;492;RAFAEL JAMBEIRO;Manobra de mudan�a de faixa;Colis�o lateral mesmo sentido;Com V�timas Feridas;Plena Noite;Decrescente;C�u Claro;Dupla;Reta;N�o;2;0;0;1;1;0;1;2;-12,571948;-39,496529;SPRF-BA;DEL02-BA;UOP01-DEL02-BA;;;
740622;21/12/2025;domingo;18:00:00;PR;376;410,6;TIBAGI;Demais falhas mec�nicas ou el�tricas;Inc�ndio;Sem V�timas;Pleno dia;Decrescente;C�u Claro;Dupla;"Reta;Declive";N�o;4;0;0;0;4;0;0;1;-24,65602;-50,61215;SPRF-PR;DEL03-PR;UOP02-DEL03-PR;;;
740624;21/12/2025;domingo;17:00:00;PR;373;244;GUAMIRANGA;Rea��o tardia ou ineficiente do condutor;Colis�o lateral sentido oposto;Com V�timas Feridas;Pleno dia;Crescente;Ignorado;Simples;Reta;Sim;2;0;1;0;1;0;1;2;-25,190012;-50,797625;SPRF-PR;DEL03-PR;UOP01-DEL03-PR;;;
740625;21/12/2025;domingo;17:29:00;PE;101;106;CABO DE SANTO AGOSTINHO;Rea��o tardia ou ineficiente do condutor;Queda de ocupante de ve�culo;Com V�timas Feridas;Anoitecer;Decrescente;Garoa/Chuvisco;Dupla;Curva;N�o;1;0;1;0;0;0;1;1;-8,31008;-35,08232;SPRF-PE;DEL01-PE;UOP03-DEL01-PE;;;
740626;21/12/2025;domingo;16:30:00;RS;470;244;BARAO;Velocidade Incompat�vel;Colis�o com objeto;Sem V�timas;Pleno dia;Decrescente;C�u Claro;Simples;Reta;Sim;1;0;0;0;0;1;0;1;-29,37653251;-51,4980468;SPRF-RS;DEL06-RS;UOP01-DEL06-RS;;;
740627;21/12/2025;domingo;18:40:00;SC;101;139;BALNEARIO CAMBORIU;Aus�ncia de rea��o do condutor;Tombamento;Com V�timas Feridas;Anoitecer;Decrescente;Nublado;Dupla;"T�nel;Reta";N�o;1;0;0;1;0;0;1;1;-27,03385744;-48,60459119;SPRF-SC;DEL04-SC;UOP03-DEL04-SC;;;
740628;21/12/2025;domingo;17:50:00;PB;104;113,9;LAGOA SECA;Acessar a via sem observar a presen�a dos outros ve�culos;Colis�o transversal;Sem V�timas;Plena Noite;Crescente;C�u Claro;Simples;Reta;Sim;5;0;0;0;5;0;0;2;-7,156845;-35,853465;SPRF-PB;DEL02-PB;UOP04-DEL02-PB;;;
740629;21/12/2025;domingo;19:00:00;ES;101;271;SERRA;Acessar a via sem observar a presen�a dos outros ve�culos;Colis�o traseira;Com V�timas Feridas;Plena Noite;Crescente;C�u Claro;M�ltipla;"Viaduto;Reta;Aclive";Sim;2;0;1;0;1;0;1;2;-20,231946;-40,277744;SPRF-ES;DEL02-ES;UOP01-DEL02-ES;;;
740631;21/12/2025;domingo;18:30:00;RJ;116;142;DUQUE DE CAXIAS;Rea��o tardia ou ineficiente do condutor;Queda de ocupante de ve�culo;Com V�timas Feridas;Anoitecer;Crescente;C�u Claro;Dupla;Reta;Sim;1;0;1;0;0;0;1;1;-22,64934282;-43,23232522;SPRF-RJ;DEL01-RJ;UOP02-DEL01-RJ;;;
740632;21/12/2025;domingo;18:30:00;MG;262;783;UBERABA;Velocidade Incompat�vel;Queda de ocupante de ve�culo;Com V�timas Feridas;Anoitecer;Crescente;C�u Claro;Dupla;Reta;Sim;1;0;1;0;0;0;1;1;-19,77032872;-47,90421264;SPRF-MG;DEL13-MG;UOP01-DEL13-MG;;;
740633;21/12/2025;domingo;17:48:00;SP;381;84;SAO PAULO;Rea��o tardia ou ineficiente do condutor;Capotamento;Com V�timas Feridas;Anoitecer;Crescente;C�u Claro;M�ltipla;Reta;Sim;1;0;1;0;0;0;1;1;-23,44916606;-46,56966861;SPRF-SP;DEL03-SP;UOP01-DEL03-SP;;;
740636;21/12/2025;domingo;19:00:00;RS;392;4,6;RIO GRANDE;Pista Escorregadia;Tombamento;Com V�timas Feridas;Anoitecer;Decrescente;Chuva;Simples;Reta;Sim;1;0;1;0;0;0;1;1;-32,074045;-52,09931;SPRF-RS;DEL07-RS;UOP02-DEL07-RS;;;
740638;21/12/2025;domingo;18:30:00;BA;324;617;SALVADOR;Entrada inopinada do pedestre;Atropelamento de Pedestre;Com V�timas Feridas;Plena Noite;Decrescente;C�u Claro;Dupla;Reta;N�o;2;0;1;0;1;0;1;2;-12,90013498;-38,45113413;SPRF-BA;DEL01-BA;UOP01-DEL01-BA;;;
740639;21/12/2025;domingo;19:10:00;AL;423;27,4;CANAPI;Rea��o tardia ou ineficiente do condutor;Queda de ocupante de ve�culo;Com V�timas Fatais;Plena Noite;Decrescente;C�u Claro;Simples;Reta;Sim;1;1;0;0;0;0;0;1;-9,197623;-37,527065;SPRF-AL;DEL03-AL;UOP02-DEL03-AL;;;
740640;21/12/2025;domingo;16:15:00;SP;101;50,9;UBATUBA;Transitar na contram�o;Colis�o frontal;Com V�timas Feridas;Pleno dia;Crescente;C�u Claro;Simples;Reta;Sim;2;0;1;0;0;1;1;2;-23,45509175;-45,07248972;SPRF-SP;DEL06-SP;UOP01-DEL06-SP;;;
740641;21/12/2025;domingo;20:00:00;PB;230;458,6;SOUSA;Animais na Pista;Atropelamento de Animal;Com V�timas Feridas;Plena Noite;Crescente;C�u Claro;Simples;Reta;Sim;1;0;1;0;0;0;1;1;-6,777393;-38,220547;SPRF-PB;DEL03-PB;UOP03-DEL03-PB;;;
740643;21/12/2025;domingo;17:20:00;RN;304;47;MOSSORO;Rea��o tardia ou ineficiente do condutor;Atropelamento de Pedestre;Com V�timas Feridas;Anoitecer;Crescente;C�u Claro;Dupla;Reta;N�o;2;0;2;0;0;0;2;2;-5,2264;-37,329045;SPRF-RN;DEL04-RN;UOP01-DEL04-RN;;;
740644;21/12/2025;domingo;20:20:00;PR;116;98;SAO JOSE DOS PINHAIS;Ingest�o de �lcool pelo condutor;Colis�o lateral mesmo sentido;Sem V�timas;Plena Noite;Crescente;C�u Claro;Dupla;Reta;Sim;3;0;0;0;3;0;0;2;-25,54708984;-49,15056771;SPRF-PR;DEL01-PR;UOP07-DEL01-PR;;;
740645;21/12/2025;domingo;20:20:00;RS;116;266;CANOAS;Manobra de mudan�a de faixa;Colis�o transversal;Com V�timas Feridas;Plena Noite;Decrescente;Chuva;M�ltipla;Reta;Sim;6;0;3;0;3;0;3;3;-29,93130043;-51,17744319;SPRF-RS;DEL01-RS;UOP01-DEL01-RS;;;
740646;21/12/2025;domingo;21:00:00;BA;324;4;FEIRA DE SANTANA;Rea��o tardia ou ineficiente do condutor;Colis�o com objeto;Com V�timas Feridas;Plena Noite;Decrescente;C�u Claro;Dupla;Reta;Sim;1;0;0;1;0;0;1;1;-12,286234;-38,965488;SPRF-BA;DEL02-BA;UOP01-DEL02-BA;;;
740647;21/12/2025;domingo;20:10:00;PR;369;373,5;MAMBORE;Ingest�o de �lcool pelo condutor;Colis�o lateral sentido oposto;Com V�timas Feridas;Plena Noite;Decrescente;C�u Claro;Simples;Reta;N�o;6;0;4;0;2;0;4;2;-24,2792485;-52,5315072;SPRF-PR;DEL04-PR;UOP03-DEL04-PR;;;
740648;21/12/2025;domingo;06:57:00;MG;365;748,8;ITUIUTABA;Aus�ncia de rea��o do condutor;Queda de ocupante de ve�culo;Com V�timas Feridas;Pleno dia;Crescente;Garoa/Chuvisco;Simples;Reta;N�o;1;0;1;0;0;0;1;1;-18,93910842;-49,44311142;SPRF-MG;DEL15-MG;UOP03-DEL15-MG;;;
740649;21/12/2025;domingo;19:30:00;PR;373;243;GUAMIRANGA;Transitar na contram�o;Colis�o frontal;Com V�timas Feridas;Plena Noite;Decrescente;C�u Claro;Simples;"Declive;Curva";N�o;4;0;2;0;2;0;2;2;-25,19400837;-50,7870423;SPRF-PR;DEL03-PR;UOP01-DEL03-PR;;;
740650;21/12/2025;domingo;20:30:00;SC;101;206;SAO JOSE;Ultrapassagem Indevida;Colis�o lateral mesmo sentido;Com V�timas Feridas;Pleno dia;Crescente;C�u Claro;M�ltipla;"Retorno Regulamentado;Reta;Interse��o de Vias";Sim;3;0;1;0;0;2;1;3;-27,593575;-48,619072;SPRF-SC;DEL01-SC;UOP01-DEL01-SC;;;
740652;21/12/2025;domingo;20:50:00;RN;304;281,4;MACAIBA;Pedestre cruzava a pista fora da faixa;Atropelamento de Pedestre;Com V�timas Feridas;Plena Noite;Crescente;C�u Claro;Dupla;Reta;N�o;2;0;1;0;1;0;1;2;-5,88648;-35,479046;SPRF-RN;DEL01-RN;UOP02-DEL01-RN;;;
740654;21/12/2025;domingo;19:30:00;MG;381;150,1;GOVERNADOR VALADARES;Ingest�o de �lcool pelo condutor;Colis�o lateral mesmo sentido;Com V�timas Feridas;Plena Noite;Crescente;C�u Claro;Simples;Reta;N�o;2;0;0;1;1;0;1;2;-18,871835;-41,991762;SPRF-MG;DEL06-MG;UOP01-DEL06-MG;;;
740656;21/12/2025;domingo;18:00:00;PE;232;100;BEZERROS;Acesso irregular;Colis�o transversal;Com V�timas Feridas;Plena Noite;Crescente;Nublado;M�ltipla;Rotat�ria;Sim;2;0;1;0;1;0;1;2;-8,23768;-35,74208;SPRF-PE;DEL02-PE;UOP03-DEL02-PE;;;
740657;21/12/2025;domingo;20:37:00;PE;116;24;SALGUEIRO;Acessar a via sem observar a presen�a dos outros ve�culos;Eventos at�picos;Com V�timas Feridas;Plena Noite;Decrescente;C�u Claro;Simples;Reta;Sim;2;0;2;0;0;0;2;2;-8,05270878;-39,13759852;SPRF-PE;DEL05-PE;UOP01-DEL05-PE;;;
740658;21/12/2025;domingo;20:30:00;MG;262;817;UBERABA;Aus�ncia de rea��o do condutor;Sa�da de leito carro��vel;Com V�timas Feridas;Plena Noite;Crescente;C�u Claro;Dupla;Reta;N�o;1;0;1;0;0;0;1;1;-19,7655606;-48,0095437;SPRF-MG;DEL13-MG;UOP01-DEL13-MG;;;
740659;21/12/2025;domingo;19:30:00;GO;153;543;HIDROLANDIA;Ingest�o de �lcool pelo condutor;Sa�da de leito carro��vel;Sem V�timas;Plena Noite;Crescente;Nublado;Dupla;Reta;N�o;1;0;0;0;1;0;0;1;-17,074193;-49,223574;SPRF-GO;DEL01-GO;UOP03-DEL01-GO;;;
740660;21/12/2025;domingo;19:35:00;TO;153;144;ARAGUAINA;Ingest�o de �lcool pelo condutor;Sa�da de leito carro��vel;Com V�timas Feridas;Plena Noite;Crescente;Nublado;Dupla;"Reta;Interse��o de Vias";N�o;1;0;1;0;0;0;1;1;-7,202652;-48,2393;SPRF-TO;DEL02-TO;UOP01-DEL02-TO;;;
740662;21/12/2025;domingo;21:15:00;TO;153;149;ARAGUAINA;Animais na Pista;Atropelamento de Animal;Com V�timas Feridas;Plena Noite;Crescente;Garoa/Chuvisco;Simples;Reta;N�o;2;0;0;1;0;1;1;2;-7,23997661;-48,25430989;SPRF-TO;DEL02-TO;UOP01-DEL02-TO;;;
740663;21/12/2025;domingo;21:45:00;CE;222;32;CAUCAIA;Rea��o tardia ou ineficiente do condutor;Sa�da de leito carro��vel;Com V�timas Feridas;Plena Noite;Crescente;C�u Claro;Dupla;"Retorno Regulamentado;Curva";N�o;5;0;4;1;0;0;5;1;-3,7064829;-38,84259073;SPRF-CE;DEL01-CE;UOP01-DEL01-CE;;;
740664;21/12/2025;domingo;20:35:00;SC;116;38;ITAIOPOLIS;Ingest�o de �lcool pelo condutor;Sa�da de leito carro��vel;Com V�timas Feridas;Plena Noite;Crescente;C�u Claro;Simples;"Declive;Reta";N�o;2;0;2;0;0;0;2;1;-26,343009;-50,034738;SPRF-SC;DEL06-SC;UOP01-DEL06-SC;;;
740665;21/12/2025;domingo;21:35:00;PE;428;181,4;PETROLINA;Aus�ncia de rea��o do condutor;Colis�o traseira;Com V�timas Feridas;Plena Noite;Crescente;C�u Claro;Simples;Reta;N�o;2;0;1;0;1;0;1;2;-9,310648;-40,455348;SPRF-PE;DEL06-PE;UOP01-DEL06-PE;;;
740666;21/12/2025;domingo;19:30:00;BA;101;327;PRESIDENTE TANCREDO NEVES;Ingest�o de �lcool pelo condutor;Colis�o traseira;Sem V�timas;Plena Noite;Decrescente;C�u Claro;Simples;"Reta;Aclive";Sim;6;0;0;0;6;0;0;2;-13,4585;-39,4173;SPRF-BA;DEL05-BA;UOP03-DEL05-BA;;;
740667;21/12/2025;domingo;20:30:00;MG;262;429,8;NOVA SERRANA;Rea��o tardia ou ineficiente do condutor;Sa�da de leito carro��vel;Com V�timas Feridas;Plena Noite;Crescente;C�u Claro;Dupla;Reta;N�o;1;0;1;0;0;0;1;1;-19,883607;-44,901182;SPRF-MG;DEL08-MG;UOP03-DEL08-MG;;;
740668;21/12/2025;domingo;20:20:00;MS;60;425;SIDROLANDIA;Aus�ncia de rea��o do condutor;Colis�o transversal;Com V�timas Feridas;Plena Noite;Crescente;Chuva;Dupla;"Reta;Interse��o de Vias";Sim;2;0;1;0;1;0;1;2;-20,93137466;-54,95884744;SPRF-MS;DEL01-MS;UOP04-DEL01-MS;;;