id;data_inversa;dia_semana;horario;uf;br;km;municipio;causa_acidente;tipo_acidente;classificacao_acidente;fase_dia;sentido_via;condicao_metereologica;tipo_pista;tracado_via;uso_solo;pessoas;mortos;feridos_leves;feridos_graves;ilesos;ignorados;feridos;veiculos;latitude;longitude;regional;delegacia;uop;;;
740669;21/12/2025;domingo;21:50:00;SC;101;160;PORTO BELO;Rea��o tardia ou ineficiente do condutor;Colis�o traseira;Com V�timas Feridas;Plena Noite;Decrescente;C�u Claro;Dupla;Reta;N�o;2;0;0;1;1;0;1;2;-27,20713351;-48,61887932;SPRF-SC;DEL04-SC;UOP03-DEL04-SC;;;
740670;21/12/2025;domingo;20:30:00;PR;277;201;PALMEIRA;Acessar a via sem observar a presen�a dos outros ve�culos;Colis�o transversal;Com V�timas Feridas;Plena Noite;Crescente;C�u Claro;Simples;Reta;N�o;9;0;2;1;6;0;3;3;-25,46279776;-50,22445619;SPRF-PR;DEL08-PR;UOP02-DEL08-PR;;;
740671;21/12/2025;domingo;22:00:00;RN;226;3;MACAIBA;Pedestre - Ingest�o de �lcool/ subst�ncias psicoativas;Atropelamento de Pedestre;Com V�timas Feridas;Plena Noite;Crescente;C�u Claro;Simples;Reta;Sim;2;0;2;0;0;0;2;2;-5,83885821;-35,29299974;SPRF-RN;DEL01-RN;UOP02-DEL01-RN;;;
740672;21/12/2025;domingo;20:25:00;PE;232;334,3;CUSTODIA;Transitar na contram�o;Colis�o frontal;Com V�timas Fatais;Plena Noite;Crescente;C�u Claro;Simples;"Interse��o de Vias;Reta";Sim;2;1;0;1;0;0;1;2;-8,08633;-37,639527;SPRF-PE;DEL04-PE;UOP02-DEL04-PE;;;
740674;21/12/2025;domingo;20:10:00;RS;116;187;PICADA CAFE;Transitar na contram�o;Colis�o lateral sentido oposto;Com V�timas Feridas;Plena Noite;Crescente;Garoa/Chuvisco;Simples;Curva;N�o;5;0;0;1;3;1;1;3;-29,40350048;-51,12438779;SPRF-RS;DEL05-RS;UOP02-DEL05-RS;;;
740675;21/12/2025;domingo;18:50:00;RO;364;439,6;JARU;Ingest�o de �lcool pelo condutor;Tombamento;Com V�timas Feridas;Plena Noite;Decrescente;Chuva;Simples;Reta;N�o;1;0;1;0;0;0;1;1;-10,357035;-62,578337;SPRF-RO;DEL03-RO;UOP02-DEL03-RO;;;
740677;21/12/2025;domingo;19:20:00;BA;110;348;ALAGOINHAS;Transitar na contram�o;Colis�o frontal;Com V�timas Fatais;Plena Noite;Decrescente;C�u Claro;Simples;"Curva;Declive";N�o;5;1;0;1;3;0;1;2;-12,22656499;-38,41244321;SPRF-BA;DEL01-BA;UOP04-DEL01-BA;;;
740678;21/12/2025;domingo;21:05:00;MG;381;422;CAETE;Demais falhas na via;Tombamento;Com V�timas Feridas;Plena Noite;Crescente;Nublado;Dupla;"Reta;Declive";N�o;2;0;0;2;0;0;2;2;-19,7927874;-43,680248;SPRF-MG;DEL01-MG;UOP01-DEL01-MG;;;
740679;21/12/2025;domingo;19:30:00;MA;222;333,6;IGARAPE DO MEIO;Rea��o tardia ou ineficiente do condutor;Colis�o traseira;Com V�timas Fatais;Plena Noite;Crescente;Chuva;Simples;Reta;N�o;2;1;0;0;0;1;0;2;-3,614993;-45,138748;SPRF-MA;DEL02-MA;UOP01-DEL02-MA;;;
740680;21/12/2025;domingo;22:00:00;RJ;116;176;SAO JOAO DE MERITI;Avarias e/ou desgaste excessivo no pneu;Queda de ocupante de ve�culo;Com V�timas Feridas;Plena Noite;Crescente;C�u Claro;Dupla;Reta;Sim;2;0;1;1;0;0;2;1;-22,78618467;-43,37785041;SPRF-RJ;DEL06-RJ;UOP01-DEL06-RJ;;;
740681;21/12/2025;domingo;21:30:00;PR;376;177,6;MARINGA;Ingest�o de �lcool pelo condutor;Tombamento;Com V�timas Feridas;Plena Noite;Decrescente;C�u Claro;M�ltipla;Reta;Sim;1;0;0;1;0;0;1;1;-23,41539;-51,923916;SPRF-PR;DEL09-PR;UOP01-DEL09-PR;;;
740682;21/12/2025;domingo;22:30:00;PR;376;361;ORTIGUEIRA;Rea��o tardia ou ineficiente do condutor;Sa�da de leito carro��vel;Sem V�timas;Plena Noite;Crescente;C�u Claro;Simples;Reta;N�o;1;0;0;0;0;1;0;1;-24,279991;-50,884837;SPRF-PR;DEL07-PR;UOP02-DEL07-PR;;;
740683;21/12/2025;domingo;20:45:00;PE;423;114;PARANATAMA;Velocidade Incompat�vel;Colis�o traseira;Sem V�timas;Plena Noite;Crescente;C�u Claro;Simples;Reta;N�o;2;0;0;0;2;0;0;2;-8,90099;-36,64753;SPRF-PE;DEL03-PE;UOP01-DEL03-PE;;;
740684;17/12/2025;quarta-feira;22:25:00;RJ;101;216;SILVA JARDIM;Acumulo de �gua sobre o pavimento;Queda de ocupante de ve�culo;Com V�timas Feridas;Plena Noite;Crescente;Chuva;Dupla;Reta;N�o;1;0;1;0;0;0;1;1;-22,50448716;-42,27426702;SPRF-RJ;DEL02-RJ;UOP03-DEL02-RJ;;;
740685;21/12/2025;domingo;22:00:00;MG;40;503,7;ESMERALDAS;Ingest�o de �lcool pelo condutor;Sa�da de leito carro��vel;Com V�timas Feridas;Plena Noite;Decrescente;C�u Claro;Dupla;Declive;Sim;6;0;5;0;1;0;5;1;-19,7254533;-44,154455;SPRF-MG;DEL02-MG;UOP01-DEL02-MG;;;
740686;21/12/2025;domingo;22:00:00;SE;101;93,8;NOSSA SENHORA DO SOCORRO;Aus�ncia de rea��o do condutor;Colis�o com objeto;Sem V�timas;Plena Noite;Decrescente;C�u Claro;Dupla;Retorno Regulamentado;N�o;1;0;0;0;0;1;0;1;-10,90502174;-37,14878261;SPRF-SE;DEL01-SE;UOP01-DEL01-SE;;;
740689;21/12/2025;domingo;21:00:00;MG;116;261,9;TEOFILO OTONI;Rea��o tardia ou ineficiente do condutor;Tombamento;Com V�timas Feridas;Plena Noite;Crescente;C�u Claro;Dupla;Reta;Sim;1;0;1;0;0;0;1;1;-17,739232;-41,501003;SPRF-MG;DEL11-MG;UOP01-DEL11-MG;;;
740692;21/12/2025;domingo;22:30:00;MG;50;172,5;UBERABA;Aus�ncia de rea��o do condutor;Capotamento;Com V�timas Feridas;Plena Noite;Decrescente;C�u Claro;Dupla;Reta;N�o;1;0;1;0;0;0;1;1;-19,7533961;-47,98077361;SPRF-MG;DEL13-MG;UOP01-DEL13-MG;;;
740694;21/12/2025;domingo;23:08:00;PE;408;96;RECIFE;Velocidade Incompat�vel;Capotamento;Sem V�timas;Plena Noite;Decrescente;C�u Claro;Dupla;Reta;N�o;1;0;0;0;0;1;0;1;-8,0654;-34,98997;SPRF-PE;DEL01-PE;UOP01-DEL01-PE;;;
740695;21/12/2025;domingo;23:30:00;DF;20;22;BRASILIA;Velocidade Incompat�vel;Colis�o traseira;Com V�timas Feridas;Plena Noite;Decrescente;C�u Claro;Dupla;Reta;Sim;3;0;1;0;2;0;1;2;-15,59708;-47,673756;SPRF-DF;DEL02-DF;UOP01-DEL02-DF;;;
740696;21/12/2025;domingo;22:20:00;MS;163;9;MUNDO NOVO;Animais na Pista;Atropelamento de Animal;Com V�timas Feridas;Plena Noite;Crescente;C�u Claro;Simples;"Reta;Declive;Em Obras";N�o;1;0;1;0;0;0;1;1;-23,98823082;-54,33129184;SPRF-MS;DEL09-MS;UOP02-DEL09-MS;;;
740697;21/12/2025;domingo;23:10:00;GO;60;385;RIO VERDE;Rea��o tardia ou ineficiente do condutor;Queda de ocupante de ve�culo;Com V�timas Feridas;Plena Noite;Decrescente;C�u Claro;Dupla;Reta;Sim;1;0;1;0;0;0;1;1;-17,812667;-50,929303;SPRF-GO;DEL04-GO;UOP02-DEL04-GO;;;
740698;21/12/2025;domingo;23:01:00;RJ;101;409;ITAGUAI;Avarias e/ou desgaste excessivo no pneu;Tombamento;Com V�timas Feridas;Plena Noite;Crescente;C�u Claro;M�ltipla;Reta;N�o;2;0;2;0;0;0;2;1;-22,88688;-43,836393;SPRF-RJ;DEL03-RJ;UOP01-DEL03-RJ;;;
740699;21/12/2025;domingo;22:45:00;PR;277;692;SAO MIGUEL DO IGUACU;Rea��o tardia ou ineficiente do condutor;Sa�da de leito carro��vel;Sem V�timas;Plena Noite;Crescente;Chuva;Dupla;"Retorno Regulamentado;Aclive;Reta";Sim;1;0;0;0;1;0;0;1;-25,36012948;-54,24838241;SPRF-PR;DEL05-PR;UOP01-DEL05-PR;;;
740700;21/12/2025;domingo;22:45:00;PB;230;3;CABEDELO;Rea��o tardia ou ineficiente do condutor;Colis�o com objeto;Sem V�timas;Plena Noite;Crescente;C�u Claro;Dupla;Reta;Sim;1;0;0;0;0;1;0;1;-7,00082;-34,828519;SPRF-PB;DEL01-PB;UOP01-DEL01-PB;;;
740701;21/12/2025;domingo;23:00:00;DF;20;2,7;BRASILIA;Aus�ncia de rea��o do condutor;Atropelamento de Pedestre;Com V�timas Feridas;Plena Noite;Crescente;C�u Claro;Dupla;Reta;Sim;2;0;1;1;0;0;2;2;-15,68101412;-47,83507258;SPRF-DF;DEL02-DF;UOP01-DEL02-DF;;;
740703;21/12/2025;domingo;22:40:00;SC;116;106,2;MONTE CASTELO;Ingest�o de �lcool pelo condutor;Sa�da de leito carro��vel;Com V�timas Feridas;Plena Noite;Decrescente;C�u Claro;Simples;"Curva;Declive";N�o;1;0;1;0;0;0;1;1;-26,75467364;-50,32060146;SPRF-SC;DEL06-SC;UOP02-DEL06-SC;;;
740705;21/12/2025;domingo;22:50:00;MT;364;292;JACIARA;Aus�ncia de rea��o do condutor;Sa�da de leito carro��vel;Sem V�timas;Plena Noite;Decrescente;Ignorado;Dupla;Reta;N�o;1;0;0;0;1;0;0;1;-15,88819443;-55,10710001;SPRF-MT;DEL05-MT;UOP02-DEL05-MT;;;
740706;22/12/2025;segunda-feira;00:15:00;RS;116;304;GUAIBA;Transitar na contram�o;Sa�da de leito carro��vel;Com V�timas Feridas;Plena Noite;Decrescente;C�u Claro;Simples;Reta;N�o;6;0;1;0;5;0;1;2;-30,157498;-51,372278;SPRF-RS;DEL02-RS;UOP01-DEL02-RS;;;
740707;21/12/2025;domingo;23:00:00;PR;373;264,2;PRUDENTOPOLIS;Aus�ncia de rea��o do condutor;Colis�o traseira;Com V�timas Feridas;Plena Noite;Crescente;Nublado;Simples;"Reta;Aclive";Sim;2;0;1;0;1;0;1;2;-25,20199008;-50,98077893;SPRF-PR;DEL08-PR;UOP01-DEL08-PR;;;
740708;22/12/2025;segunda-feira;00:20:00;PR;277;728;FOZ DO IGUACU;Manobra de mudan�a de faixa;Colis�o com objeto;Com V�timas Feridas;Plena Noite;Decrescente;C�u Claro;Dupla;"Viaduto;Curva";Sim;1;0;1;0;0;0;1;1;-25,51111204;-54,55074549;SPRF-PR;DEL05-PR;UOP03-DEL05-PR;;;
740709;22/12/2025;segunda-feira;00:10:00;GO;60;392;RIO VERDE;Aus�ncia de rea��o do condutor;Colis�o com objeto;Sem V�timas;Plena Noite;Decrescente;C�u Claro;Dupla;Reta;N�o;1;0;0;0;1;0;0;1;-17,82253503;-50,9998866;SPRF-GO;DEL04-GO;UOP02-DEL04-GO;;;
740710;21/12/2025;domingo;22:20:00;MT;163;751;SORRISO;Pedestre cruzava a pista fora da faixa;Atropelamento de Pedestre;Com V�timas Feridas;Plena Noite;Crescente;Nublado;Dupla;Reta;Sim;2;0;0;2;0;0;2;2;-12,563149;-55,721102;SPRF-MT;DEL06-MT;UOP01-DEL06-MT;;;
740711;21/12/2025;domingo;20:16:00;PI;316;80,4;MIGUEL LEAO;Transitar na contram�o;Colis�o frontal;Com V�timas Fatais;Plena Noite;Crescente;Nublado;Simples;Reta;N�o;6;2;0;4;0;0;4;2;-5,74692233;-42,61832357;SPRF-PI;DEL01-PI;UOP02-DEL01-PI;;;
740712;22/12/2025;segunda-feira;00:10:00;RS;285;57,6;BOM JESUS;Aus�ncia de rea��o do condutor;Sa�da de leito carro��vel;Com V�timas Fatais;Plena Noite;Decrescente;C�u Claro;Simples;Curva;N�o;1;1;0;0;0;0;0;1;-28,65501159;-50,39611404;SPRF-RS;DEL05-RS;UOP03-DEL05-RS;;;
740713;21/12/2025;domingo;22:10:00;MA;226;16,1;TIMON;Acessar a via sem observar a presen�a dos outros ve�culos;Colis�o transversal;Com V�timas Fatais;Plena Noite;Decrescente;Nublado;Simples;Reta;N�o;2;1;0;0;0;1;0;2;-5,100977;-42,948988;SPRF-MA;DEL03-MA;UOP02-DEL03-MA;;;
740715;22/12/2025;segunda-feira;00:30:00;RJ;101;62;CAMPOS DOS GOYTACAZES;Aus�ncia de rea��o do condutor;Sa�da de leito carro��vel;Com V�timas Feridas;Plena Noite;Decrescente;Nublado;Dupla;Reta;Sim;2;0;2;0;0;0;2;1;-21,738814;-41,32724;SPRF-RJ;DEL08-RJ;UOP01-DEL08-RJ;;;
740716;22/12/2025;segunda-feira;00:50:00;RN;304;303;PARNAMIRIM;Animais na Pista;Colis�o com objeto;Sem V�timas;Plena Noite;Decrescente;C�u Claro;Dupla;Reta;N�o;1;0;0;0;0;1;0;1;-5,89101855;-35,26045843;SPRF-RN;DEL01-RN;UOP02-DEL01-RN;;;
740717;22/12/2025;segunda-feira;00:30:00;MG;40;544;NOVA LIMA;Velocidade Incompat�vel;Sa�da de leito carro��vel;Com V�timas Feridas;Plena Noite;Decrescente;C�u Claro;M�ltipla;Curva;Sim;5;0;3;1;0;1;4;1;-20,0058029;-43,9640061;SPRF-MG;DEL01-MG;UOP02-DEL01-MG;;;
740721;21/12/2025;domingo;19:56:00;PI;316;49,8;LAGOA DO PIAUI;Aus�ncia de rea��o do condutor;Tombamento;Com V�timas Feridas;Plena Noite;Crescente;Nublado;Simples;Reta;N�o;1;0;0;1;0;0;1;1;-5,49874137;-42,64081121;SPRF-PI;DEL01-PI;UOP02-DEL01-PI;;;
740722;22/12/2025;segunda-feira;02:00:00;SC;101;205,2;SAO JOSE;Ingest�o de �lcool pelo condutor;Tombamento;Sem V�timas;Pleno dia;Crescente;C�u Claro;Dupla;Reta;Sim;1;0;0;0;1;0;0;1;-27,58501;-48,61589;SPRF-SC;DEL01-SC;UOP01-DEL01-SC;;;
740724;22/12/2025;segunda-feira;02:10:00;SC;101;382;ICARA;Aus�ncia de rea��o do condutor;Tombamento;Com V�timas Feridas;Plena Noite;Crescente;C�u Claro;Dupla;Reta;Sim;1;0;0;1;0;0;1;1;-28,76043607;-49,28466797;SPRF-SC;DEL02-SC;UOP02-DEL02-SC;;;
740725;22/12/2025;segunda-feira;00:20:00;PB;230;399,6;POMBAL;Rea��o tardia ou ineficiente do condutor;Sa�da de leito carro��vel;Sem V�timas;Plena Noite;Decrescente;C�u Claro;Simples;Reta;N�o;1;0;0;0;0;1;0;1;-6,824902;-37,76012;SPRF-PB;DEL03-PB;UOP02-DEL03-PB;;;
740726;22/12/2025;segunda-feira;02:25:00;MA;135;14;SAO LUIS;Aus�ncia de rea��o do condutor;Sa�da de leito carro��vel;Sem V�timas;Amanhecer;Decrescente;Chuva;Dupla;"Aclive;Reta";Sim;1;0;0;0;1;0;0;1;-2,687812;-44,299291;SPRF-MA;DEL01-MA;UOP01-DEL01-MA;;;
740728;22/12/2025;segunda-feira;01:00:00;PR;277;518,9;GUARANIACU;Condutor Dormindo;Colis�o frontal;Com V�timas Feridas;Plena Noite;Decrescente;C�u Claro;Simples;Reta;N�o;4;0;0;1;3;0;1;2;-25,11233;-52,83331;SPRF-PR;DEL04-PR;UOP04-DEL04-PR;;;
740729;22/12/2025;segunda-feira;00:15:00;RO;364;631,9;CANDEIAS DO JAMARI;Defici�ncia do Sistema de Ilumina��o/Sinaliza��o;Colis�o com objeto;Com V�timas Feridas;Plena Noite;Decrescente;Nublado;Dupla;Retorno Regulamentado;N�o;1;0;1;0;0;0;1;1;-9,08124;-63,37991;SPRF-RO;DEL01-RO;UOP04-DEL01-RO;;;
740730;22/12/2025;segunda-feira;03:30:00;RJ;101;312;SAO GONCALO;Aus�ncia de rea��o do condutor;Capotamento;Com V�timas Feridas;Plena Noite;Decrescente;C�u Claro;Dupla;Reta;Sim;1;0;1;0;0;0;1;1;-22,80720006;-43,06434631;SPRF-RJ;DEL02-RJ;UOP02-DEL02-RJ;;;
740732;22/12/2025;segunda-feira;04:35:00;SC;101;112;NAVEGANTES;Demais falhas mec�nicas ou el�tricas;Queda de ocupante de ve�culo;Com V�timas Feridas;Plena Noite;Crescente;Nublado;Dupla;Reta;N�o;1;0;1;0;0;0;1;1;-26,84270098;-48,71726274;SPRF-SC;DEL04-SC;UOP04-DEL04-SC;;;
740733;22/12/2025;segunda-feira;02:10:00;TO;153;149;ARAGUAINA;Animais na Pista;Atropelamento de Animal;Com V�timas Fatais;Plena Noite;Decrescente;Chuva;Simples;Reta;Sim;1;1;0;0;0;0;0;1;-7,24060101;-48,25430989;SPRF-TO;DEL02-TO;UOP01-DEL02-TO;;;
740737;22/12/2025;segunda-feira;03:50:00;MS;163;149;NAVIRAI;Rea��o tardia ou ineficiente do condutor;Colis�o traseira;Com V�timas Feridas;Amanhecer;Crescente;C�u Claro;Simples;Reta;N�o;3;0;1;0;2;0;1;2;-22,968232;-54,422828;SPRF-MS;DEL09-MS;UOP01-DEL09-MS;;;
740739;22/12/2025;segunda-feira;02:30:00;AL;423;70;AGUA BRANCA;Transitar no Acostamento;Colis�o com objeto;Com V�timas Feridas;Plena Noite;Decrescente;Nublado;Simples;"Reta;Ponte";N�o;1;0;0;1;0;0;1;1;-9,3067571;-37,8997277;SPRF-AL;DEL03-AL;UOP02-DEL03-AL;;;
740740;22/12/2025;segunda-feira;05:20:00;PR;277;639,3;CEU AZUL;Condutor Dormindo;Sa�da de leito carro��vel;Com V�timas Feridas;Amanhecer;Crescente;C�u Claro;Simples;Reta;Sim;4;0;3;0;1;0;3;1;-25,1535444;-53,8472081;SPRF-PR;DEL05-PR;UOP02-DEL05-PR;;;
740742;22/12/2025;segunda-feira;03:00:00;PR;376;643;TIJUCAS DO SUL;Aus�ncia de rea��o do condutor;Atropelamento de Pedestre;Com V�timas Feridas;Plena Noite;Crescente;C�u Claro;Dupla;Reta;N�o;2;0;0;1;0;1;1;2;-25,8190626;-49,12931141;SPRF-PR;DEL01-PR;UOP04-DEL01-PR;;;
740744;22/12/2025;segunda-feira;05:58:00;PR;376;678;GUARATUBA;Aus�ncia de rea��o do condutor;Sa�da de leito carro��vel;Com V�timas Feridas;Amanhecer;Decrescente;C�u Claro;Dupla;Curva;N�o;2;0;1;1;0;0;2;1;-25,8695236;-48,93376764;SPRF-PR;DEL01-PR;UOP04-DEL01-PR;;;
740745;21/12/2025;domingo;21:05:00;PR;277;69,7;SAO JOSE DOS PINHAIS;Rea��o tardia ou ineficiente do condutor;Queda de ocupante de ve�culo;Com V�timas Feridas;Plena Noite;Crescente;C�u Claro;Dupla;Reta;Sim;1;0;1;0;0;0;1;1;-25,51463653;-49,12055969;SPRF-PR;DEL01-PR;UOP01-DEL01-PR;;;
740746;22/12/2025;segunda-feira;03:30:00;GO;452;47;RIO VERDE;Rea��o tardia ou ineficiente do condutor;Sa�da de leito carro��vel;Com V�timas Feridas;Plena Noite;Decrescente;Nublado;Simples;Reta;N�o;1;0;1;0;0;0;1;1;-17,95668828;-50,50287845;SPRF-GO;DEL04-GO;UOP01-DEL04-GO;;;
740749;22/12/2025;segunda-feira;00:41:00;PA;155;289;ELDORADO DO CARAJAS;Pista esburacada;Sa�da de leito carro��vel;Com V�timas Feridas;Plena Noite;Decrescente;Ignorado;Simples;Reta;N�o;3;0;3;0;0;0;3;1;-5,8196;-49,192;SPRF-PA;DEL03-PA;UOP01-DEL03-PA;;;
740751;21/12/2025;domingo;21:30:00;MS;60;596,5;JARDIM;Aus�ncia de rea��o do condutor;Sa�da de leito carro��vel;Com V�timas Feridas;Plena Noite;Crescente;Nublado;Simples;Reta;N�o;1;0;1;0;0;0;1;1;-21,51090051;-56,16510564;SPRF-MS;DEL05-MS;UOP01-DEL05-MS;;;
740753;22/12/2025;segunda-feira;07:30:00;DF;40;8;BRASILIA;Acessar a via sem observar a presen�a dos outros ve�culos;Colis�o lateral mesmo sentido;Com V�timas Feridas;Pleno dia;Decrescente;C�u Claro;Dupla;"Reta;Interse��o de Vias";Sim;2;0;2;0;0;0;2;2;-16,04684454;-47,98072815;SPRF-DF;DEL01-DF;UOP01-DEL01-DF;;;
740755;21/12/2025;domingo;22:30:00;RS;101;24;TRES CACHOEIRAS;Ingest�o de �lcool pelo condutor;Sa�da de leito carro��vel;Com V�timas Feridas;Plena Noite;Decrescente;C�u Claro;Simples;"Retorno Regulamentado;Reta";Sim;1;0;1;0;0;0;1;1;-29,45265379;-49,92037866;SPRF-RS;DEL03-RS;UOP02-DEL03-RS;;;
740756;22/12/2025;segunda-feira;06:49:00;PE;408;97;RECIFE;Manobra de mudan�a de faixa;Colis�o lateral mesmo sentido;Com V�timas Feridas;Pleno dia;Crescente;Sol;Dupla;Reta;N�o;4;0;3;0;0;1;3;3;-8,06438;-34,99009;SPRF-PE;DEL01-PE;UOP01-DEL01-PE;;;
740757;22/12/2025;segunda-feira;06:45:00;PR;163;164,7;LINDOESTE;Aus�ncia de rea��o do condutor;Atropelamento de Pedestre;Com V�timas Feridas;Pleno dia;Crescente;C�u Claro;Dupla;Reta;N�o;2;0;1;0;1;0;1;2;-25,27993473;-53,56710895;SPRF-PR;DEL05-PR;UOP05-DEL05-PR;;;
740759;22/12/2025;segunda-feira;07:20:00;RS;285;469,9;CORONEL BARROS;Condutor deixou de manter dist�ncia do ve�culo da frente;Sa�da de leito carro��vel;Com V�timas Feridas;Pleno dia;Crescente;C�u Claro;Simples;Aclive;N�o;1;0;1;0;0;0;1;1;-28,383333;-54,00445;SPRF-RS;DEL10-RS;UOP01-DEL10-RS;;;
740760;07/12/2025;domingo;05:00:00;BA;324;622;SALVADOR;Aus�ncia de rea��o do condutor;Queda de ocupante de ve�culo;Com V�timas Feridas;Amanhecer;Crescente;C�u Claro;Dupla;Curva;Sim;2;0;2;0;0;0;2;1;-12,93194202;-38,47078706;SPRF-BA;DEL01-BA;UOP01-DEL01-BA;;;
740761;22/12/2025;segunda-feira;06:00:00;MA;316;566;CAXIAS;Aus�ncia de rea��o do condutor;Sa�da de leito carro��vel;Com V�timas Fatais;Amanhecer;Decrescente;Nublado;Simples;Reta;N�o;3;1;1;0;0;1;1;1;-4,904491;-43,241294;SPRF-MA;DEL03-MA;UOP02-DEL03-MA;;;
740763;22/12/2025;segunda-feira;07:40:00;PE;408;93;RECIFE;Aus�ncia de rea��o do condutor;Colis�o traseira;Com V�timas Feridas;Pleno dia;Crescente;C�u Claro;Dupla;Reta;N�o;3;0;2;0;1;0;2;2;-8,05126721;-35,00508992;SPRF-PE;DEL01-PE;UOP01-DEL01-PE;;;
740764;22/12/2025;segunda-feira;07:30:00;PE;232;170,9;BELO JARDIM;Manobra de mudan�a de faixa;Colis�o lateral sentido oposto;Com V�timas Feridas;Pleno dia;Crescente;C�u Claro;Simples;Curva;N�o;3;0;1;1;1;0;2;2;-8,342198;-36,352605;SPRF-PE;DEL03-PE;UOP02-DEL03-PE;;;
740767;22/12/2025;segunda-feira;07:15:00;MG;116;415;GOVERNADOR VALADARES;Ultrapassagem Indevida;Colis�o lateral mesmo sentido;Com V�timas Feridas;Pleno dia;Crescente;C�u Claro;Simples;"Retorno Regulamentado;Reta";Sim;3;0;1;0;2;0;1;2;-18,88888847;-41,94615483;SPRF-MG;DEL06-MG;UOP01-DEL06-MG;;;
740770;22/12/2025;segunda-feira;08:06:00;GO;153;416;ANAPOLIS;Transitar na contram�o;Colis�o lateral sentido oposto;Com V�timas Feridas;Pleno dia;Decrescente;C�u Claro;Simples;Reta;N�o;2;0;1;0;1;0;1;2;-16,167768;-49,043283;SPRF-GO;DEL02-GO;UOP01-DEL02-GO;;;
740771;21/12/2025;domingo;22:45:00;SC;470;64,5;INDAIAL;Condutor Dormindo;Colis�o transversal;Com V�timas Feridas;Plena Noite;Decrescente;Nublado;Simples;Em Obras;Sim;7;0;6;1;0;0;7;2;-26,86983571;-49,20462783;SPRF-SC;DEL04-SC;UOP01-DEL04-SC;;;
740772;22/12/2025;segunda-feira;08:31:00;GO;60;94;ANAPOLIS;Aus�ncia de rea��o do condutor;Queda de ocupante de ve�culo;Com V�timas Feridas;Pleno dia;Crescente;C�u Claro;Dupla;"Reta;Declive";Sim;1;0;1;0;0;0;1;1;-16,35844687;-48,93173146;SPRF-GO;DEL02-GO;UOP01-DEL02-GO;;;
740773;22/12/2025;segunda-feira;07:06:00;PR;369;187;ARAPONGAS;Aus�ncia de rea��o do condutor;Tombamento;Com V�timas Feridas;Pleno dia;Crescente;C�u Claro;Simples;"Curva;Aclive";Sim;1;0;1;0;0;0;1;1;-23,40475383;-51,42843962;SPRF-PR;DEL07-PR;UOP03-DEL07-PR;;;
740777;22/12/2025;segunda-feira;06:40:00;MT;163;671;LUCAS DO RIO VERDE;Chuva;Queda de ocupante de ve�culo;Com V�timas Feridas;Pleno dia;Decrescente;Chuva;Simples;Reta;N�o;3;0;1;0;1;1;1;2;-13,213648;-55,999542;SPRF-MT;DEL06-MT;UOP01-DEL06-MT;;;
740778;22/12/2025;segunda-feira;07:45:00;PR;277;13,2;PARANAGUA;Rea��o tardia ou ineficiente do condutor;Sa�da de leito carro��vel;Com V�timas Feridas;Pleno dia;Decrescente;Sol;Dupla;Reta;N�o;3;0;2;1;0;0;3;1;-25,55823862;-48,65238547;SPRF-PR;DEL01-PR;UOP05-DEL01-PR;;;
740779;22/12/2025;segunda-feira;06:30:00;RN;304;304,7;PARNAMIRIM;Avarias e/ou desgaste excessivo no pneu;Tombamento;Com V�timas Feridas;Pleno dia;Decrescente;Sol;Dupla;Aclive;Sim;1;0;1;0;0;0;1;1;-5,88741426;-35,27334452;SPRF-RN;DEL01-RN;UOP02-DEL01-RN;;;
740783;22/12/2025;segunda-feira;09:00:00;SC;101;209,2;SAO JOSE;Manobra de mudan�a de faixa;Colis�o lateral mesmo sentido;Com V�timas Feridas;Pleno dia;Decrescente;Nublado;Dupla;Reta;Sim;2;0;1;0;1;0;1;2;-27,61064934;-48,63915531;SPRF-SC;DEL01-SC;UOP01-DEL01-SC;;;
740784;22/12/2025;segunda-feira;05:27:00;PI;343;592;FLORIANO;Pista Escorregadia;Tombamento;Com V�timas Feridas;Amanhecer;Crescente;Chuva;Simples;Reta;Sim;1;0;0;1;0;0;1;1;-6,778727;-43,034848;SPRF-PI;DEL03-PI;UOP01-DEL03-PI;;;
740785;08/11/2025;s�bado;18:00:00;ES;101;79,2;SAO MATEUS;Ingest�o de �lcool pelo condutor;Colis�o com objeto;Com V�timas Feridas;Plena Noite;Crescente;Nublado;Simples;"Reta;Ponte";N�o;2;0;2;0;0;0;2;1;-18,81578944;-39,90239589;SPRF-ES;DEL04-ES;UOP02-DEL04-ES;;;
740786;22/12/2025;segunda-feira;02:15:00;RJ;116;192;NOVA IGUACU;Aus�ncia de rea��o do condutor;Queda de ocupante de ve�culo;Com V�timas Feridas;Plena Noite;Crescente;C�u Claro;Dupla;Reta;Sim;2;0;2;0;0;0;2;1;-22,7423864;-43,51801944;SPRF-RJ;DEL06-RJ;UOP01-DEL06-RJ;;;
740787;04/12/2025;quinta-feira;08:15:00;BA;101;506;ITABUNA;Problema com o freio;Sa�da de leito carro��vel;Com V�timas Feridas;Pleno dia;Crescente;Nublado;Simples;Reta;N�o;3;0;1;0;2;0;1;1;-14,800088;-39,291202;SPRF-BA;DEL05-BA;UOP01-DEL05-BA;;;