id;data_inversa;dia_semana;horario;uf;br;km;municipio;causa_acidente;tipo_acidente;classificacao_acidente;fase_dia;sentido_via;condicao_metereologica;tipo_pista;tracado_via;uso_solo;pessoas;mortos;feridos_leves;feridos_graves;ilesos;ignorados;feridos;veiculos;latitude;longitude;regional;delegacia;uop;;;
740788;22/12/2025;segunda-feira;08:15:00;MG;381;0,5;BETIM;Rea��o tardia ou ineficiente do condutor;Colis�o traseira;Com V�timas Feridas;Pleno dia;Decrescente;C�u Claro;Dupla;"Reta;Aclive";N�o;2;0;1;0;0;1;1;2;-19,96334562;-44,15748596;SPRF-MG;DEL01-MG;UOP03-DEL01-MG;;;
740790;22/12/2025;segunda-feira;08:50:00;SC;101;148,7;ITAPEMA;Acessar a via sem observar a presen�a dos outros ve�culos;Colis�o traseira;Com V�timas Feridas;Pleno dia;Decrescente;C�u Claro;Simples;Reta;Sim;2;0;1;0;0;1;1;2;-27,10694984;-48,61548364;SPRF-SC;DEL04-SC;UOP03-DEL04-SC;;;
740791;22/12/2025;segunda-feira;10:15:00;BA;410;13,2;TUCANO;Condutor Dormindo;Sa�da de leito carro��vel;Com V�timas Feridas;Pleno dia;Decrescente;Sol;Simples;Reta;N�o;5;0;4;1;0;0;5;1;-10,876202;-38,633937;SPRF-BA;DEL07-BA;UOP02-DEL07-BA;;;
740793;22/12/2025;segunda-feira;10:30:00;SP;116;464,2;PARIQUERA-ACU;Rea��o tardia ou ineficiente do condutor;Capotamento;Com V�timas Feridas;Pleno dia;Decrescente;C�u Claro;Dupla;Reta;N�o;5;0;3;0;2;0;3;1;-24,60874;-47,88127;SPRF-SP;DEL05-SP;UOP01-DEL05-SP;;;
740794;22/12/2025;segunda-feira;10:00:00;ES;101;261;SERRA;Retorno proibido;Colis�o transversal;Com V�timas Feridas;Pleno dia;Decrescente;C�u Claro;Dupla;"Reta;Declive";Sim;3;0;2;0;1;0;2;2;-20,15442604;-40,27776629;SPRF-ES;DEL02-ES;UOP01-DEL02-ES;;;
740796;22/12/2025;segunda-feira;10:20:00;SP;101;50;UBATUBA;Acessar a via sem observar a presen�a dos outros ve�culos;Colis�o transversal;Com V�timas Feridas;Pleno dia;Crescente;C�u Claro;Simples;Reta;Sim;2;0;1;0;1;0;1;2;-23,4488614;-45,07885192;SPRF-SP;DEL06-SP;UOP01-DEL06-SP;;;
740797;22/12/2025;segunda-feira;10:29:00;RS;386;366,7;FAZENDA VILANOVA;Demais falhas mec�nicas ou el�tricas;Inc�ndio;Sem V�timas;Pleno dia;Decrescente;Nublado;Dupla;Reta;N�o;1;0;0;0;1;0;0;1;-29,575047;-51,847028;SPRF-RS;DEL04-RS;UOP01-DEL04-RS;;;
740798;22/12/2025;segunda-feira;10:10:00;SP;101;50;UBATUBA;Acessar a via sem observar a presen�a dos outros ve�culos;Colis�o transversal;Com V�timas Feridas;Pleno dia;Crescente;C�u Claro;Simples;Reta;Sim;3;0;1;0;2;0;1;3;-23,44889093;-45,078809;SPRF-SP;DEL06-SP;UOP01-DEL06-SP;;;
740799;22/12/2025;segunda-feira;09:40:00;MT;70;771;PORTO ESPERIDIAO;Demais falhas mec�nicas ou el�tricas;Sa�da de leito carro��vel;Com V�timas Feridas;Pleno dia;Crescente;Chuva;Simples;Reta;N�o;3;0;2;1;0;0;3;1;-16,11751336;-58,89190793;SPRF-MT;DEL03-MT;UOP01-DEL03-MT;;;
740800;22/12/2025;segunda-feira;10:45:00;ES;101;264;SERRA;Condutor desrespeitou a ilumina��o vermelha do sem�foro;Colis�o transversal;Com V�timas Feridas;Pleno dia;Crescente;Sol;M�ltipla;Retorno Regulamentado;N�o;3;0;1;0;2;0;1;3;-20,17292791;-40,26736384;SPRF-ES;DEL02-ES;UOP01-DEL02-ES;;;
740802;22/12/2025;segunda-feira;06:50:00;RN;304;293,2;MACAIBA;Manobra de mudan�a de faixa;Colis�o traseira;Com V�timas Feridas;Pleno dia;Crescente;Sol;Dupla;Reta;N�o;2;0;1;0;0;1;1;2;-5,86835331;-35,37448525;SPRF-RN;DEL01-RN;UOP02-DEL01-RN;;;
740803;14/12/2025;domingo;10:00:00;RJ;40;84;PETROPOLIS;Aus�ncia de rea��o do condutor;Colis�o com objeto;Com V�timas Feridas;Pleno dia;Crescente;C�u Claro;Dupla;"T�nel;Curva";N�o;3;0;1;0;0;2;1;2;-22,5284509;-43,2228442;SPRF-RJ;DEL01-RJ;UOP01-DEL01-RJ;;;
740804;22/12/2025;segunda-feira;10:50:00;PR;277;114,3;CAMPO LARGO;Rea��o tardia ou ineficiente do condutor;Colis�o traseira;Com V�timas Feridas;Pleno dia;Crescente;C�u Claro;Dupla;Reta;N�o;6;0;2;0;3;1;2;4;-25,432696;-49,433504;SPRF-PR;DEL03-PR;UOP03-DEL03-PR;;;
740805;22/12/2025;segunda-feira;10:10:00;PB;230;364;MALTA;Ingest�o de �lcool pelo condutor;Colis�o frontal;Com V�timas Feridas;Pleno dia;Crescente;C�u Claro;Simples;Reta;Sim;4;0;1;1;2;0;2;2;-6,90464356;-37,51755863;SPRF-PB;DEL03-PB;UOP02-DEL03-PB;;;
740807;22/12/2025;segunda-feira;09:00:00;PI;316;72,5;MONSENHOR GIL;Rea��o tardia ou ineficiente do condutor;Tombamento;Com V�timas Feridas;Pleno dia;Decrescente;Chuva;Simples;"Declive;Curva";N�o;2;0;1;0;1;0;1;1;-5,67750423;-42,59672515;SPRF-PI;DEL01-PI;UOP02-DEL01-PI;;;
740808;22/12/2025;segunda-feira;09:25:00;PR;277;562,8;CASCAVEL;Ultrapassagem Indevida;Sa�da de leito carro��vel;Com V�timas Feridas;Pleno dia;Crescente;C�u Claro;Simples;Reta;N�o;2;0;1;0;1;0;1;1;-25,0667209;-53,2175632;SPRF-PR;DEL04-PR;UOP04-DEL04-PR;;;
740809;22/12/2025;segunda-feira;11:12:00;SC;470;34,7;GASPAR;Condutor deixou de manter dist�ncia do ve�culo da frente;Colis�o traseira;Com V�timas Feridas;Pleno dia;Crescente;C�u Claro;Dupla;"Reta;Em Obras;Desvio Tempor�rio";Sim;2;0;1;0;1;0;1;2;-26,91201851;-48,95580769;SPRF-SC;DEL04-SC;UOP01-DEL04-SC;;;
740810;22/12/2025;segunda-feira;07:52:00;PE;101;49,5;ABREU E LIMA;Condutor desrespeitou a ilumina��o vermelha do sem�foro;Colis�o transversal;Com V�timas Feridas;Pleno dia;Crescente;Sol;Dupla;"Reta;Interse��o de Vias";Sim;3;0;2;0;1;0;2;2;-7,90872781;-34,90215965;SPRF-PE;DEL01-PE;UOP02-DEL01-PE;;;
740812;22/12/2025;segunda-feira;10:12:00;RN;405;111;ITAU;Transitar na contram�o;Colis�o frontal;Com V�timas Fatais;Pleno dia;Decrescente;C�u Claro;Simples;"Reta;Aclive";N�o;2;1;0;0;0;1;0;2;-5,853147;-37,999503;SPRF-RN;DEL04-RN;UOP02-DEL04-RN;;;
740813;22/12/2025;segunda-feira;11:41:00;GO;40;12;LUZIANIA;Acessar a via sem observar a presen�a dos outros ve�culos;Colis�o transversal;Com V�timas Fatais;Pleno dia;Crescente;C�u Claro;Dupla;"Reta;Retorno Regulamentado";Sim;2;1;0;0;1;0;0;2;-16,1491;-47,941608;SPRF-DF;DEL01-DF;UOP01-DEL01-DF;;;
740814;22/12/2025;segunda-feira;10:25:00;RO;319;141;PORTO VELHO;Condutor deixou de manter dist�ncia do ve�culo da frente;Colis�o traseira;Sem V�timas;Pleno dia;Crescente;Sol;Dupla;"Interse��o de Vias;Reta";Sim;2;0;0;0;2;0;0;2;-8,7401;-63,89033;SPRF-RO;DEL01-RO;UOP01-DEL01-RO;;;
740815;22/12/2025;segunda-feira;10:50:00;RS;285;124,5;VACARIA;Convers�o proibida;Colis�o transversal;Com V�timas Feridas;Pleno dia;Crescente;C�u Claro;Simples;Reta;Sim;2;0;1;0;1;0;1;2;-28,50834323;-50,93977332;SPRF-RS;DEL05-RS;UOP03-DEL05-RS;;;
740816;22/12/2025;segunda-feira;11:19:00;PE;101;77,4;RECIFE;Rea��o tardia ou ineficiente do condutor;Colis�o traseira;Com V�timas Feridas;Pleno dia;Decrescente;Chuva;Dupla;Reta;Sim;4;0;2;0;2;0;2;2;-8,13071;-34,94464;SPRF-PE;DEL01-PE;UOP01-DEL01-PE;;;
740818;22/12/2025;segunda-feira;09:00:00;MS;163;116,6;ITAQUIRAI;Falta de acostamento;Colis�o com objeto;Sem V�timas;Pleno dia;Decrescente;C�u Claro;Simples;Ponte;N�o;1;0;0;0;0;1;0;1;-23,13921916;-54,19566844;SPRF-MS;DEL09-MS;UOP01-DEL09-MS;;;
740819;22/12/2025;segunda-feira;12:15:00;PE;232;15;MORENO;Acumulo de �gua sobre o pavimento;Sa�da de leito carro��vel;Com V�timas Feridas;Pleno dia;Crescente;Nublado;Dupla;Curva;N�o;1;0;1;0;0;0;1;1;-8,10907341;-35,19256991;SPRF-PE;DEL01-PE;UOP01-DEL01-PE;;;
740820;22/12/2025;segunda-feira;04:00:00;MA;316;85,8;NOVA OLINDA DO MARANHAO;Aus�ncia de rea��o do condutor;Sa�da de leito carro��vel;Sem V�timas;Plena Noite;Crescente;Nublado;Simples;Reta;N�o;1;0;0;0;0;1;0;1;-2,9328967;-45,6706065;SPRF-MA;DEL02-MA;UOP02-DEL02-MA;;;
740821;22/12/2025;segunda-feira;12:35:00;DF;70;11;BRASILIA;Acessar a via sem observar a presen�a dos outros ve�culos;Colis�o lateral mesmo sentido;Com V�timas Feridas;Pleno dia;Decrescente;C�u Claro;Dupla;Reta;Sim;2;0;1;0;1;0;1;2;-15,78955805;-48,14760145;SPRF-DF;DEL03-DF;UOP02-DEL03-DF;;;
740822;22/12/2025;segunda-feira;12:20:00;SP;116;139;SAO JOSE DOS CAMPOS;Rea��o tardia ou ineficiente do condutor;Colis�o traseira;Com V�timas Feridas;Pleno dia;Crescente;C�u Claro;M�ltipla;Reta;Sim;2;0;1;0;1;0;1;2;-23,16195;-45,80525;SPRF-SP;DEL02-SP;UOP01-DEL02-SP;;;
740823;22/12/2025;segunda-feira;10:40:00;RS;470;236,5;CARLOS BARBOSA;Transitar na contram�o;Colis�o frontal;Com V�timas Feridas;Pleno dia;Decrescente;C�u Claro;Simples;"Reta;Aclive";N�o;3;0;0;2;0;1;2;3;-29,32468698;-51,4986047;SPRF-RS;DEL06-RS;UOP01-DEL06-RS;;;
740825;22/12/2025;segunda-feira;12:15:00;AP;156;797;OIAPOQUE;Convers�o proibida;Colis�o frontal;Com V�timas Feridas;Pleno dia;Crescente;Chuva;Simples;Reta;Sim;2;0;2;0;0;0;2;2;3,83637765;-51,81151056;SPRF-AP;DEL01-AP;UOP03-DEL01-AP;;;
740826;22/12/2025;segunda-feira;12:00:00;MG;262;542,5;LUZ;Rea��o tardia ou ineficiente do condutor;Colis�o frontal;Com V�timas Feridas;Pleno dia;Decrescente;C�u Claro;Simples;"Reta;Declive";N�o;6;0;5;1;0;0;6;2;-19,718316;-45,902537;SPRF-MG;DEL08-MG;UOP02-DEL08-MG;;;
740827;22/12/2025;segunda-feira;12:00:00;SP;116;306,1;SAO LOURENCO DA SERRA;Manobra de mudan�a de faixa;Colis�o lateral mesmo sentido;Com V�timas Feridas;Pleno dia;Crescente;C�u Claro;Dupla;Reta;N�o;3;0;1;0;2;0;1;2;-23,84698649;-46,93778895;SPRF-SP;DEL04-SP;UOP01-DEL04-SP;;;
740828;22/12/2025;segunda-feira;12:35:00;GO;60;69;ABADIANIA;Ingest�o de �lcool pelo condutor;Colis�o traseira;Com V�timas Feridas;Pleno dia;Decrescente;C�u Claro;Dupla;"Reta;Retorno Regulamentado";N�o;2;0;1;0;1;0;1;2;-16,25857628;-48,7630267;SPRF-GO;DEL02-GO;UOP01-DEL02-GO;;;
740829;22/12/2025;segunda-feira;11:45:00;PE;316;65;OURICURI;Aus�ncia de rea��o do condutor;Colis�o traseira;Com V�timas Feridas;Pleno dia;Decrescente;Nublado;Simples;"Aclive;Reta";N�o;65;0;1;0;64;0;1;2;-7,787595;-40,215647;SPRF-PE;DEL05-PE;UOP02-DEL05-PE;;;
740830;22/12/2025;segunda-feira;12:35:00;RJ;101;428;MANGARATIBA;Rea��o tardia ou ineficiente do condutor;Colis�o traseira;Sem V�timas;Pleno dia;Crescente;C�u Claro;Dupla;Reta;N�o;2;0;0;0;2;0;0;2;-22,93668;-44,002545;SPRF-RJ;DEL03-RJ;UOP02-DEL03-RJ;;;
740831;22/12/2025;segunda-feira;13:20:00;SC;101;80;BARRA VELHA;Avarias e/ou desgaste excessivo no pneu;Tombamento;Com V�timas Feridas;Pleno dia;Crescente;Sol;Dupla;"Reta;Aclive";N�o;2;0;2;0;0;0;2;1;-26,60608753;-48,72427789;SPRF-SC;DEL03-SC;UOP02-DEL03-SC;;;
740833;22/12/2025;segunda-feira;10:30:00;BA;116;505;SANTA TERESINHA;Entrada inopinada do pedestre;Atropelamento de Pedestre;Com V�timas Feridas;Pleno dia;Decrescente;C�u Claro;Simples;Reta;N�o;2;0;1;0;0;1;1;2;-12,630865;-39,59748;SPRF-BA;DEL02-BA;UOP01-DEL02-BA;;;
740834;22/12/2025;segunda-feira;13:00:00;MG;381;423;SABARA;Acumulo de �leo sobre o pavimento;Queda de ocupante de ve�culo;Com V�timas Feridas;Pleno dia;Crescente;C�u Claro;Simples;Reta;N�o;1;0;1;0;0;0;1;1;-19,79132925;-43,69260354;SPRF-MG;DEL01-MG;UOP01-DEL01-MG;;;
740835;22/12/2025;segunda-feira;14:00:00;CE;116;454;BARRO;Acessar a via sem observar a presen�a dos outros ve�culos;Colis�o transversal;Sem V�timas;Pleno dia;Crescente;C�u Claro;Simples;"Interse��o de Vias;Reta";Sim;2;0;0;0;2;0;0;2;-7,17184541;-38,78091987;SPRF-CE;DEL05-CE;UOP03-DEL05-CE;;;
740836;22/12/2025;segunda-feira;13:25:00;PR;277;646;MATELANDIA;Condutor deixou de manter dist�ncia do ve�culo da frente;Colis�o traseira;Com V�timas Feridas;Pleno dia;Crescente;Nublado;Simples;"Declive;Reta";Sim;2;0;1;0;1;0;1;2;-25,23272526;-53,95586908;SPRF-PR;DEL05-PR;UOP02-DEL05-PR;;;
740837;22/12/2025;segunda-feira;11:45:00;MS;163;41,4;ELDORADO;Transitar na contram�o;Colis�o frontal;Com V�timas Feridas;Pleno dia;Decrescente;C�u Claro;Simples;Reta;Sim;3;0;1;1;1;0;2;2;-23,7761977;-54,2765845;SPRF-MS;DEL09-MS;UOP02-DEL09-MS;;;
740842;22/12/2025;segunda-feira;10:30:00;RO;364;424;JARU;Condutor deixou de manter dist�ncia do ve�culo da frente;Colis�o lateral mesmo sentido;Sem V�timas;Pleno dia;Decrescente;C�u Claro;Simples;Interse��o de Vias;Sim;5;0;0;0;5;0;0;2;-10,43982283;-62,46913997;SPRF-RO;DEL03-RO;UOP02-DEL03-RO;;;
740843;22/12/2025;segunda-feira;14:51:00;RN;101;84;NATAL;Rea��o tardia ou ineficiente do condutor;Colis�o lateral mesmo sentido;Com V�timas Feridas;Pleno dia;Decrescente;Nublado;Dupla;"Viaduto;Interse��o de Vias";Sim;2;0;0;1;1;0;1;2;-5,776;-35,253;SPRF-RN;DEL02-RN;UOP01-DEL02-RN;;;
740845;22/12/2025;segunda-feira;13:40:00;RJ;493;97;SEROPEDICA;Avarias e/ou desgaste excessivo no pneu;Queda de ocupante de ve�culo;Com V�timas Feridas;Pleno dia;Decrescente;Sol;Dupla;Reta;Sim;2;0;2;0;0;0;2;1;-22,72900713;-43,71477127;SPRF-RJ;DEL01-RJ;UOP03-DEL01-RJ;;;
740846;15/12/2025;segunda-feira;07:30:00;RS;116;149,1;CAXIAS DO SUL;Manobra de mudan�a de faixa;Colis�o lateral mesmo sentido;Com V�timas Feridas;Pleno dia;Crescente;C�u Claro;Dupla;Curva;Sim;2;0;0;1;1;0;1;2;-29,16207269;-51,15676871;SPRF-RS;DEL05-RS;UOP01-DEL05-RS;;;
740850;22/12/2025;segunda-feira;15:00:00;PR;476;92;BOCAIUVA DO SUL;Transitar na contram�o;Colis�o lateral sentido oposto;Com V�timas Feridas;Pleno dia;Decrescente;C�u Claro;Simples;"Declive;Curva";N�o;3;0;1;1;1;0;2;3;-25,1971767;-49,11243512;SPRF-PR;DEL01-PR;UOP01-DEL01-PR;;;
740851;22/12/2025;segunda-feira;12:10:00;MG;40;43;PARACATU;Rea��o tardia ou ineficiente do condutor;Tombamento;Com V�timas Feridas;Pleno dia;Decrescente;C�u Claro;Simples;Reta;Sim;1;0;1;0;0;0;1;1;-17,2258234;-46,86190987;SPRF-MG;DEL14-MG;UOP01-DEL14-MG;;;
740852;22/12/2025;segunda-feira;14:54:00;RN;101;109,9;PARNAMIRIM;Aus�ncia de rea��o do condutor;Colis�o traseira;Com V�timas Feridas;Pleno dia;Decrescente;Chuva;Dupla;Reta;Sim;2;0;1;0;1;0;1;2;-5,935013;-35,264777;SPRF-RN;DEL01-RN;UOP01-DEL01-RN;;;
740854;22/12/2025;segunda-feira;13:36:00;MT;163;106;RONDONOPOLIS;Velocidade Incompat�vel;Colis�o frontal;Com V�timas Feridas;Pleno dia;Crescente;Nublado;Dupla;Reta;N�o;6;0;1;3;2;0;4;2;-16,5851508;-54,68968609;SPRF-MT;DEL02-MT;UOP01-DEL02-MT;;;
740855;22/12/2025;segunda-feira;12:40:00;RO;364;491,6;ARIQUEMES;Rea��o tardia ou ineficiente do condutor;Colis�o traseira;Com V�timas Feridas;Pleno dia;Crescente;C�u Claro;Simples;Reta;N�o;6;0;2;0;4;0;2;2;-10,097026;-62,959948;SPRF-RO;DEL03-RO;UOP01-DEL03-RO;;;
740857;22/12/2025;segunda-feira;13:10:00;RO;364;423;JARU;Rea��o tardia ou ineficiente do condutor;Colis�o traseira;Com V�timas Feridas;Pleno dia;Decrescente;Chuva;M�ltipla;Reta;Sim;2;0;1;0;1;0;1;2;-10,451753;-62,46131;SPRF-RO;DEL03-RO;UOP02-DEL03-RO;;;
740858;22/12/2025;segunda-feira;13:00:00;MG;365;814;SANTA VITORIA;Velocidade Incompat�vel;Sa�da de leito carro��vel;Com V�timas Feridas;Pleno dia;Crescente;C�u Claro;Simples;Reta;N�o;1;0;1;0;0;0;1;1;-18,885192;-50,03796;SPRF-MG;DEL15-MG;UOP03-DEL15-MG;;;
740859;22/12/2025;segunda-feira;15:10:00;PB;230;13,1;CABEDELO;Rea��o tardia ou ineficiente do condutor;Colis�o lateral mesmo sentido;Com V�timas Feridas;Pleno dia;Decrescente;C�u Claro;Dupla;Desvio Tempor�rio;Sim;2;0;1;0;1;0;1;2;-7,082315;-34,84855;SPRF-PB;DEL01-PB;UOP01-DEL01-PB;;;
740860;22/12/2025;segunda-feira;16:08:00;GO;40;0,8;VALPARAISO DE GOIAS;Acessar a via sem observar a presen�a dos outros ve�culos;Atropelamento de Pedestre;Com V�timas Feridas;Pleno dia;Crescente;C�u Claro;Dupla;Reta;Sim;2;0;1;0;1;0;1;2;-16,059097;-47,983105;SPRF-DF;DEL01-DF;UOP01-DEL01-DF;;;
740862;22/12/2025;segunda-feira;15:10:00;SC;282;641;DESCANSO;Convers�o proibida;Colis�o transversal;Com V�timas Feridas;Pleno dia;Crescente;Nublado;Dupla;Reta;N�o;4;0;2;2;0;0;4;2;-26,77816628;-53,45961783;SPRF-SC;DEL07-SC;UOP03-DEL07-SC;;;
740864;22/12/2025;segunda-feira;14:30:00;GO;153;380;SAO FRANCISCO DE GOIAS;Ultrapassagem Indevida;Colis�o lateral sentido oposto;Com V�timas Feridas;Pleno dia;Crescente;C�u Claro;Simples;"Reta;Em Obras";N�o;4;0;2;0;2;0;2;3;-15,921422;-49,215676;SPRF-GO;DEL02-GO;UOP02-DEL02-GO;;;
740866;10/10/2025;sexta-feira;19:20:00;AM;319;643;HUMAITA;Ilumina��o deficiente;Colis�o lateral sentido oposto;Com V�timas Feridas;Plena Noite;Decrescente;C�u Claro;Dupla;Reta;N�o;2;0;0;1;1;0;1;2;-7,447036;-63,226736;SPRF-AM;DEL01-AM;UOP04-DEL01-AM;;;
740868;22/12/2025;segunda-feira;15:30:00;RJ;116;304;RESENDE;Aus�ncia de rea��o do condutor;Colis�o traseira;Com V�timas Feridas;Pleno dia;Decrescente;Sol;Dupla;Reta;N�o;3;0;1;0;1;1;1;3;-22,45817934;-44,42184448;SPRF-RJ;DEL07-RJ;UOP02-DEL07-RJ;;;
740870;22/12/2025;segunda-feira;16:14:00;SC;282;19,7;PALHOCA;Rea��o tardia ou ineficiente do condutor;Colis�o traseira;Com V�timas Feridas;Pleno dia;Crescente;Nublado;Simples;"Reta;Declive;Interse��o de Vias";Sim;2;0;0;1;1;0;1;2;-27,6824;-48,7076;SPRF-SC;DEL01-SC;UOP02-DEL01-SC;;;
740871;22/12/2025;segunda-feira;15:25:00;RJ;40;102;DUQUE DE CAXIAS;Rea��o tardia ou ineficiente do condutor;Atropelamento de Pedestre;Com V�timas Feridas;Pleno dia;Decrescente;C�u Claro;M�ltipla;Reta;N�o;2;0;0;1;0;1;1;2;-22,61450654;-43,28656946;SPRF-RJ;DEL01-RJ;UOP02-DEL01-RJ;;;
740872;22/12/2025;segunda-feira;16:40:00;PE;232;72;GRAVATA;Acessar a via sem observar a presen�a dos outros ve�culos;Colis�o lateral mesmo sentido;Com V�timas Feridas;Pleno dia;Crescente;C�u Claro;Dupla;"Reta;Declive";N�o;2;0;1;0;1;0;1;2;-8,19417925;-35,51587455;SPRF-PE;DEL02-PE;UOP02-DEL02PE;;;
740874;15/10/2025;quarta-feira;20:00:00;PR;277;65;SAO JOSE DOS PINHAIS;Aus�ncia de rea��o do condutor;Colis�o traseira;Com V�timas Feridas;Plena Noite;Crescente;Nublado;Dupla;Reta;Sim;3;0;2;1;0;0;3;2;-25,532;-49,083;SPRF-PR;DEL01-PR;UOP01-DEL01-PR;;;
740875;22/12/2025;segunda-feira;14:30:00;SC;101;91,1;BARRA VELHA;Acessar a via sem observar a presen�a dos outros ve�culos;Colis�o transversal;Com V�timas Feridas;Pleno dia;Decrescente;C�u Claro;Dupla;Viaduto;Sim;3;0;2;0;1;0;2;2;-26,6804388;-48,69265311;SPRF-SC;DEL03-SC;UOP02-DEL03-SC;;;
740877;22/12/2025;segunda-feira;16:10:00;GO;153;179;URUACU;Acessar a via sem observar a presen�a dos outros ve�culos;Colis�o transversal;Com V�timas Feridas;Pleno dia;Decrescente;C�u Claro;Simples;Rotat�ria;N�o;5;0;0;1;4;0;1;2;-14,53280392;-49,16094303;SPRF-GO;DEL07-GO;UOP02-DEL07-GO;;;
740878;22/12/2025;segunda-feira;15:45:00;RJ;116;169;RIO DE JANEIRO;Manobra de mudan�a de faixa;Colis�o lateral mesmo sentido;Com V�timas Feridas;Pleno dia;Decrescente;C�u Claro;Dupla;Reta;Sim;3;0;1;0;2;0;1;2;-22,81065338;-43,33493519;SPRF-RJ;DEL06-RJ;UOP01-DEL06-RJ;;;
740879;22/12/2025;segunda-feira;16:00:00;PR;277;29;MORRETES;Manobra de mudan�a de faixa;Colis�o traseira;Com V�timas Feridas;Pleno dia;Crescente;C�u Claro;Dupla;Interse��o de Vias;Sim;2;0;1;0;1;0;1;2;-25,54917875;-48,79388809;SPRF-PR;DEL01-PR;UOP05-DEL01-PR;;;
740880;22/12/2025;segunda-feira;07:00:00;MT;364;484,6;JANGADA;Acumulo de �gua sobre o pavimento;Sa�da de leito carro��vel;Com V�timas Feridas;Pleno dia;Decrescente;Chuva;Simples;"Declive;Reta";N�o;3;0;2;0;1;0;2;1;-15,305031;-56,435481;SPRF-MT;DEL01-MT;UOP02-DEL01-MT;;;
740881;22/12/2025;segunda-feira;17:00:00;SC;282;15,8;PALHOCA;Aus�ncia de rea��o do condutor;Colis�o lateral mesmo sentido;Com V�timas Feridas;Pleno dia;Crescente;C�u Claro;Simples;Reta;N�o;3;0;1;0;2;0;1;3;-27,65927254;-48,68039578;SPRF-SC;DEL01-SC;UOP02-DEL01-SC;;;
740882;22/12/2025;segunda-feira;16:53:00;RN;101;97,3;NATAL;Chuva;Queda de ocupante de ve�culo;Com V�timas Feridas;Anoitecer;Decrescente;Chuva;Dupla;Reta;Sim;2;0;2;0;0;0;2;1;-5,86069056;-35,21414008;SPRF-RN;DEL01-RN;UOP01-DEL01-RN;;;
740883;22/12/2025;segunda-feira;14:10:00;SC;280;25,4;ARAQUARI;Aus�ncia de rea��o do condutor;Colis�o traseira;Com V�timas Feridas;Pleno dia;Crescente;C�u Claro;Simples;Reta;Sim;3;0;1;0;2;0;1;2;-26,38603588;-48,72977257;SPRF-SC;DEL03-SC;UOP03-DEL03-SC;;;
740884;22/12/2025;segunda-feira;17:00:00;PR;469;11;FOZ DO IGUACU;Convers�o proibida;Colis�o frontal;Com V�timas Feridas;Pleno dia;Decrescente;Nublado;Simples;"Em Obras;Reta";Sim;2;0;0;1;1;0;1;2;-25,5758918;-54,54814911;SPRF-PR;DEL05-PR;UOP04-DEL05-PR;;;
740885;22/12/2025;segunda-feira;16:30:00;RN;427;101;CAICO;Aus�ncia de rea��o do condutor;Sa�da de leito carro��vel;Com V�timas Feridas;Pleno dia;Crescente;C�u Claro;Simples;Curva;N�o;2;0;1;0;1;0;1;1;-6,434133;-37,062458;SPRF-RN;DEL03-RN;UOP01-DEL03-RN;;;
740886;22/12/2025;segunda-feira;16:35:00;PE;101;72,5;RECIFE;Trafegar com motocicleta (ou similar) entre as faixas;Colis�o traseira;Com V�timas Feridas;Pleno dia;Crescente;Sol;Dupla;Viaduto;Sim;2;0;1;0;1;0;1;2;-8,08962;-34,94686;SPRF-PE;DEL01-PE;UOP01-DEL01-PE;;;
740887;22/12/2025;segunda-feira;11:15:00;PR;369;129;JATAIZINHO;Entrada inopinada do pedestre;Atropelamento de Pedestre;Com V�timas Feridas;Pleno dia;Crescente;C�u Claro;Dupla;Reta;Sim;2;0;0;1;1;0;1;2;-23,25764518;-50,98182885;SPRF-PR;DEL07-PR;UOP01-DEL07-PR;;;
740888;22/12/2025;segunda-feira;16:50:00;MG;381;753,9;TRES CORACOES;Ingest�o de �lcool pelo condutor;Capotamento;Com V�timas Feridas;Pleno dia;Crescente;C�u Claro;Dupla;Reta;N�o;2;0;2;0;0;0;2;1;-21,666306;-45,313054;SPRF-MG;DEL16-MG;UOP02-DEL16-MG;;;
740889;22/12/2025;segunda-feira;17:00:00;PB;101;50,4;CAPIM;Aus�ncia de rea��o do condutor;Sa�da de leito carro��vel;Com V�timas Feridas;Pleno dia;Crescente;C�u Claro;Dupla;Reta;N�o;1;0;0;1;0;0;1;1;-6,9245597;-35,1072665;SPRF-PB;DEL01-PB;UOP03-DEL01-PB;;;
740890;22/12/2025;segunda-feira;16:20:00;RJ;101;150,9;MACAE;Retorno proibido;Colis�o transversal;Com V�timas Feridas;Pleno dia;Crescente;C�u Claro;Simples;Curva;N�o;4;0;1;0;3;0;1;2;-22,2447213;-41,8068551;SPRF-RJ;DEL08-RJ;UOP04-DEL08-RJ;;;
740891;22/12/2025;segunda-feira;17:30:00;RN;101;103,9;PARNAMIRIM;Manobra de mudan�a de faixa;Colis�o lateral mesmo sentido;Com V�timas Feridas;Anoitecer;Crescente;C�u Claro;Dupla;"Aclive;Reta;Viaduto";N�o;3;0;1;0;1;1;1;3;-5,891655;-35,255891;SPRF-RN;DEL01-RN;UOP01-DEL01-RN;;;
740892;22/12/2025;segunda-feira;16:45:00;MG;40;586,5;ITABIRITO;Mal s�bito do condutor;Capotamento;Com V�timas Feridas;Pleno dia;Decrescente;C�u Claro;Simples;Curva;N�o;1;0;0;1;0;0;1;1;-20,2117;-43,8967;SPRF-MG;DEL01-MG;UOP02-DEL01-MG;;;