id;data_inversa;dia_semana;horario;uf;br;km;municipio;causa_acidente;tipo_acidente;classificacao_acidente;fase_dia;sentido_via;condicao_metereologica;tipo_pista;tracado_via;uso_solo;pessoas;mortos;feridos_leves;feridos_graves;ilesos;ignorados;feridos;veiculos;latitude;longitude;regional;delegacia;uop;;;
740894;22/12/2025;segunda-feira;17:45:00;SP;153;49;SAO JOSE DO RIO PRETO;Acessar a via sem observar a presen�a dos outros ve�culos;Colis�o transversal;Com V�timas Feridas;Pleno dia;Crescente;C�u Claro;Simples;"Retorno Regulamentado;Reta";N�o;2;0;1;0;1;0;1;2;-20,70185847;-49,33940178;SPRF-SP;DEL09-SP;UOP01-DEL09-SP;;;
740895;22/12/2025;segunda-feira;17:30:00;MG;459;56;SANTA RITA DE CALDAS;Velocidade Incompat�vel;Sa�da de leito carro��vel;Com V�timas Feridas;Pleno dia;Decrescente;C�u Claro;Simples;Curva;N�o;2;0;2;0;0;0;2;1;-22,07621496;-46,25261307;SPRF-MG;DEL09-MG;UOP01-DEL09-MG;;;
740897;22/12/2025;segunda-feira;16:30:00;MG;116;276,1;TEOFILO OTONI;Desrespeitar a prefer�ncia no cruzamento;Colis�o transversal;Com V�timas Feridas;Pleno dia;Decrescente;C�u Claro;Simples;Rotat�ria;Sim;3;0;1;0;2;0;1;2;-17,851985;-41,51419;SPRF-MG;DEL11-MG;UOP01-DEL11-MG;;;
740899;22/12/2025;segunda-feira;13:30:00;SC;282;177;BOCAINA DO SUL;Acessar a via sem observar a presen�a dos outros ve�culos;Colis�o lateral mesmo sentido;Sem V�timas;Pleno dia;Crescente;C�u Claro;Simples;"Aclive;Reta";N�o;4;0;0;0;4;0;0;2;-27,73994;-49,912;SPRF-SC;DEL05-SC;UOP01-DEL05-SC;;;
740900;22/12/2025;segunda-feira;18:33:00;DF;70;7;BRASILIA;Transitar no Acostamento;Colis�o lateral mesmo sentido;Sem V�timas;Pleno dia;Crescente;Nublado;Dupla;Reta;Sim;2;0;0;0;2;0;0;2;-15,78773166;-48,11404467;SPRF-DF;DEL03-DF;UOP02-DEL03-DF;;;
740901;22/12/2025;segunda-feira;18:00:00;SC;282;3,5;SAO JOSE;Manobra de mudan�a de faixa;Colis�o lateral mesmo sentido;Com V�timas Feridas;Anoitecer;Crescente;Nublado;Dupla;Reta;N�o;3;0;0;1;2;0;1;3;-27,590437;-48,608443;SPRF-SC;DEL01-SC;UOP01-DEL01-SC;;;
740902;22/12/2025;segunda-feira;17:40:00;PR;476;118;COLOMBO;Aus�ncia de rea��o do condutor;Tombamento;Com V�timas Feridas;Anoitecer;Crescente;C�u Claro;Dupla;"Reta;Aclive";Sim;1;0;1;0;0;0;1;1;-25,36056181;-49,18301787;SPRF-PR;DEL01-PR;UOP01-DEL01-PR;;;
740905;22/12/2025;segunda-feira;18:10:00;MG;381;351;JOAO MONLEVADE;Condutor deixou de manter dist�ncia do ve�culo da frente;Colis�o traseira;Com V�timas Feridas;Anoitecer;Decrescente;C�u Claro;Simples;Rotat�ria;Sim;3;0;1;0;2;0;1;2;-19,838764;-43,183344;SPRF-MG;DEL03-MG;UOP01-DEL03-MG;;;
740906;22/12/2025;segunda-feira;17:50:00;TO;153;335;GUARAI;Acessar a via sem observar a presen�a dos outros ve�culos;Colis�o transversal;Com V�timas Feridas;Pleno dia;Decrescente;Nublado;M�ltipla;"Reta;Interse��o de Vias";Sim;2;0;1;0;1;0;1;2;-8,84169;-48,51146;SPRF-TO;DEL02-TO;UOP02-DEL02-TO;;;
740907;22/12/2025;segunda-feira;15:30:00;RJ;40;62;PETROPOLIS;Avarias e/ou desgaste excessivo no pneu;Tombamento;Com V�timas Feridas;Pleno dia;Decrescente;Sol;Dupla;"Ponte;Viaduto";N�o;2;0;2;0;0;0;2;1;-22,40769609;-43,14846027;SPRF-RJ;DEL05-RJ;UOP02-DEL05-RJ;;;
740908;22/12/2025;segunda-feira;18:10:00;RS;471;174;RIO PARDO;Acessar a via sem observar a presen�a dos outros ve�culos;Colis�o transversal;Com V�timas Feridas;Pleno dia;Decrescente;C�u Claro;Dupla;Reta;N�o;2;0;1;0;1;0;1;2;-29,98705516;-52,36701965;SPRF-RS;DEL02-RS;UOP03-DEL02-RS;;;
740909;22/12/2025;segunda-feira;18:30:00;ES;101;292,8;CARIACICA;Acessar a via sem observar a presen�a dos outros ve�culos;Colis�o transversal;Com V�timas Feridas;Plena Noite;Decrescente;Ignorado;Dupla;Retorno Regulamentado;N�o;2;0;0;1;1;0;1;2;-20,29633958;-40,39400029;SPRF-ES;DEL01-ES;UOP01-DEL01-ES;;;
740910;22/12/2025;segunda-feira;18:30:00;SP;116;215;GUARULHOS;Aus�ncia de rea��o do condutor;Colis�o lateral mesmo sentido;Com V�timas Feridas;Plena Noite;Decrescente;C�u Claro;M�ltipla;Reta;Sim;2;0;1;0;1;0;1;2;-23,45211627;-46,46423068;SPRF-SP;DEL01-SP;UOP01-DEL01-SP;;;
740911;22/12/2025;segunda-feira;17:00:00;MG;153;1;ARAPORA;Rea��o tardia ou ineficiente do condutor;Colis�o traseira;Com V�timas Feridas;Pleno dia;Crescente;C�u Claro;M�ltipla;Aclive;Sim;2;0;0;1;1;0;1;2;-18,42732384;-49,19444382;SPRF-MG;DEL15-MG;UOP03-DEL15-MG;;;
740912;22/12/2025;segunda-feira;18:30:00;RJ;101;442;MANGARATIBA;Velocidade Incompat�vel;Queda de ocupante de ve�culo;Com V�timas Feridas;Anoitecer;Decrescente;C�u Claro;Simples;Curva;N�o;1;0;1;0;0;0;1;1;-22,98095134;-44,08331618;SPRF-RJ;DEL03-RJ;UOP02-DEL03-RJ;;;
740914;22/12/2025;segunda-feira;16:35:00;RS;116;49,7;VACARIA;Chuva;Sa�da de leito carro��vel;Com V�timas Feridas;Pleno dia;Decrescente;Chuva;Simples;"Aclive;Curva";N�o;3;0;2;0;1;0;2;1;-28,57070429;-51,01300685;SPRF-RS;DEL05-RS;UOP03-DEL05-RS;;;
740916;12/12/2025;sexta-feira;22:30:00;RJ;465;20;NOVA IGUACU;Trafegar com motocicleta (ou similar) entre as faixas;Colis�o frontal;Com V�timas Feridas;Plena Noite;Crescente;C�u Claro;Simples;Reta;Sim;1;0;1;0;0;0;1;1;-22,84714438;-43,60514972;SPRF-RJ;DEL06-RJ;UOP02-DEL06-RJ;;;
740917;22/12/2025;segunda-feira;17:00:00;BA;101;439;UBAITABA;Velocidade Incompat�vel;Sa�da de leito carro��vel;Com V�timas Feridas;Plena Noite;Crescente;C�u Claro;Simples;Interse��o de Vias;N�o;3;0;3;0;0;0;3;1;-14,267333;-39,326425;SPRF-BA;DEL05-BA;UOP01-DEL05-BA;;;
740918;22/12/2025;segunda-feira;19:35:00;MG;381;497;BETIM;Aus�ncia de rea��o do condutor;Colis�o traseira;Com V�timas Feridas;Plena Noite;Decrescente;C�u Claro;Dupla;Aclive;N�o;2;0;1;0;1;0;1;2;-19,9888363;-44,20520782;SPRF-MG;DEL01-MG;UOP03-DEL01-MG;;;
740919;22/12/2025;segunda-feira;19:20:00;SC;101;204;SAO JOSE;Aus�ncia de rea��o do condutor;Queda de ocupante de ve�culo;Com V�timas Feridas;Plena Noite;Crescente;C�u Claro;M�ltipla;Reta;Sim;2;0;1;0;1;0;1;2;-27,57252719;-48,61386392;SPRF-SC;DEL01-SC;UOP01-DEL01-SC;;;
740920;22/12/2025;segunda-feira;19:00:00;SC;101;116,3;ITAJAI;Trafegar com motocicleta (ou similar) entre as faixas;Colis�o traseira;Com V�timas Feridas;Plena Noite;Crescente;Nublado;Dupla;Reta;Sim;2;0;1;0;1;0;1;2;-26,88404987;-48,72390981;SPRF-SC;DEL04-SC;UOP04-DEL04-SC;;;
740921;22/12/2025;segunda-feira;15:00:00;PR;163;139,2;CAPITAO LEONIDAS MARQUES;Velocidade Incompat�vel;Sa�da de leito carro��vel;Com V�timas Feridas;Pleno dia;Decrescente;C�u Claro;Simples;Curva;N�o;1;0;1;0;0;0;1;1;-25,47955954;-53,59151714;SPRF-PR;DEL05-PR;UOP05-DEL05-PR;;;
740922;22/12/2025;segunda-feira;19:00:00;SP;116;113,8;TAUBATE;Rea��o tardia ou ineficiente do condutor;Colis�o traseira;Com V�timas Feridas;Plena Noite;Crescente;C�u Claro;Dupla;Reta;Sim;2;0;1;0;1;0;1;2;-23,04568007;-45,58735583;SPRF-SP;DEL02-SP;UOP02-DEL02-SP;;;
740923;22/12/2025;segunda-feira;20:00:00;SP;116;206;GUARULHOS;Manobra de mudan�a de faixa;Colis�o lateral mesmo sentido;Com V�timas Feridas;Plena Noite;Crescente;Ignorado;Dupla;Reta;Sim;2;0;1;0;0;1;1;2;-23,41728153;-46,37575969;SPRF-SP;DEL01-SP;UOP01-DEL01-SP;;;
740925;22/12/2025;segunda-feira;19:50:00;SC;101;91;BARRA VELHA;Pedestre cruzava a pista fora da faixa;Atropelamento de Pedestre;Com V�timas Feridas;Plena Noite;Crescente;Nublado;M�ltipla;Reta;N�o;2;0;2;0;0;0;2;2;-26,67741594;-48,69209139;SPRF-SC;DEL03-SC;UOP02-DEL03-SC;;;
740929;22/12/2025;segunda-feira;19:40:00;MS;163;5,5;MUNDO NOVO;Aus�ncia de rea��o do condutor;Colis�o traseira;Com V�timas Feridas;Plena Noite;Decrescente;C�u Claro;Simples;"Declive;Reta";N�o;5;0;0;1;4;0;1;2;-24,008024;-54,309181;SPRF-MS;DEL09-MS;UOP02-DEL09-MS;;;
740930;22/12/2025;segunda-feira;19:56:00;RN;101;107;PARNAMIRIM;Acessar a via sem observar a presen�a dos outros ve�culos;Atropelamento de Pedestre;Com V�timas Feridas;Plena Noite;Crescente;C�u Claro;Dupla;Reta;Sim;2;0;0;1;0;1;1;2;-5,91724714;-35,26344406;SPRF-RN;DEL01-RN;UOP01-DEL01-RN;;;
740931;22/12/2025;segunda-feira;19:29:00;MS;262;290;CAMPO GRANDE;Aus�ncia de rea��o do condutor;Colis�o frontal;Com V�timas Fatais;Plena Noite;Crescente;Chuva;Simples;Curva;N�o;5;2;1;2;0;0;3;2;-20,4934536;-54,20182077;SPRF-MS;DEL01-MS;UOP05-DEL01-MS;;;
740932;22/12/2025;segunda-feira;17:45:00;BA;415;48;ITABUNA;Acessar a via sem observar a presen�a dos outros ve�culos;Colis�o lateral mesmo sentido;Com V�timas Feridas;Plena Noite;Decrescente;C�u Claro;Simples;Reta;Sim;2;0;0;1;1;0;1;2;-14,820738;-39,307375;SPRF-BA;DEL05-BA;UOP01-DEL05-BA;;;
740933;22/12/2025;segunda-feira;18:00:00;MT;163;849,3;SINOP;Chuva;Sa�da de leito carro��vel;Sem V�timas;Plena Noite;Decrescente;Chuva;Simples;Reta;Sim;1;0;0;0;0;1;0;1;-11,735438;-55,462486;SPRF-MT;DEL06-MT;UOP02-DEL06-MT;;;
740934;22/12/2025;segunda-feira;20:40:00;SP;116;217;GUARULHOS;Rea��o tardia ou ineficiente do condutor;Colis�o traseira;Com V�timas Feridas;Plena Noite;Decrescente;C�u Claro;M�ltipla;Reta;Sim;4;0;1;0;3;0;1;3;-23,45421558;-46,47157109;SPRF-SP;DEL01-SP;UOP01-DEL01-SP;;;
740935;22/12/2025;segunda-feira;14:40:00;BA;101;877;TEIXEIRA DE FREITAS;Desrespeitar a prefer�ncia no cruzamento;Colis�o transversal;Com V�timas Feridas;Pleno dia;Crescente;Nublado;Simples;Interse��o de Vias;Sim;2;0;1;0;1;0;1;2;-17,53924;-39,715092;SPRF-BA;DEL09-BA;UOP02-DEL09-BA;;;
740937;22/12/2025;segunda-feira;17:40:00;MG;153;177;COMENDADOR GOMES;Ingest�o de �lcool pelo condutor;Sa�da de leito carro��vel;Com V�timas Feridas;Pleno dia;Crescente;C�u Claro;Simples;Reta;N�o;1;0;0;1;0;0;1;1;-19,766783;-48,965155;SPRF-MG;DEL13-MG;UOP02-DEL13-MG;;;
740938;08/12/2025;segunda-feira;17:30:00;PR;369;163;CAMBE;Condutor deixou de manter dist�ncia do ve�culo da frente;Engavetamento;Com V�timas Feridas;Anoitecer;Decrescente;Chuva;Dupla;Declive;Sim;4;0;1;0;3;0;1;3;-23,296422;-51,27254;SPRF-PR;DEL07-PR;UOP01-DEL07-PR;;;
740939;22/12/2025;segunda-feira;13:50:00;MT;163;773;SORRISO;Chuva;Sa�da de leito carro��vel;Com V�timas Feridas;Pleno dia;Decrescente;Chuva;Dupla;Reta;N�o;1;0;1;0;0;0;1;1;-12,40589783;-55,6268692;SPRF-MT;DEL06-MT;UOP01-DEL06-MT;;;
740940;22/12/2025;segunda-feira;20:55:00;SC;101;211,9;PALHOCA;Condutor deixou de manter dist�ncia do ve�culo da frente;Colis�o traseira;Com V�timas Feridas;Plena Noite;Decrescente;Nublado;Dupla;Reta;Sim;2;0;1;1;0;0;2;2;-27,6295;-48,6582;SPRF-SC;DEL01-SC;UOP02-DEL01-SC;;;
740943;21/09/2025;domingo;00:20:00;RJ;101;542;PARATY;Avarias e/ou desgaste excessivo no pneu;Colis�o frontal;Sem V�timas;Plena Noite;Decrescente;Chuva;Simples;"Rotat�ria;Curva";N�o;1;0;0;0;1;0;0;1;-23,04206392;-44,59423923;SPRF-RJ;DEL03-RJ;UOP04-DEL03-RJ;;;
740944;22/12/2025;segunda-feira;14:15:00;RN;427;7,2;CURRAIS NOVOS;Rea��o tardia ou ineficiente do condutor;Sa�da de leito carro��vel;Com V�timas Feridas;Pleno dia;Crescente;C�u Claro;Simples;Reta;N�o;2;0;2;0;0;0;2;1;-6,32595;-36,539698;SPRF-RN;DEL03-RN;UOP02-DEL03-RN;;;
740945;05/12/2025;sexta-feira;08:30:00;BA;116;811;VITORIA DA CONQUISTA;Aus�ncia de rea��o do condutor;Sa�da de leito carro��vel;Com V�timas Feridas;Pleno dia;Decrescente;Chuva;Simples;Reta;N�o;1;0;1;0;0;0;1;1;-14,79114847;-40,75670242;SPRF-BA;DEL08-BA;UOP01-DEL08-BA;;;
740946;22/12/2025;segunda-feira;19:10:00;SP;116;50,5;LORENA;Frear bruscamente;Colis�o traseira;Sem V�timas;Anoitecer;Decrescente;C�u Claro;Dupla;Reta;N�o;2;0;0;0;2;0;0;2;-22,736652;-45,085316;SPRF-SP;DEL08-SP;UOP02-DEL08-SP;;;
740947;22/12/2025;segunda-feira;21:00:00;PR;116;119;CURITIBA;Condutor deixou de manter dist�ncia do ve�culo da frente;Colis�o traseira;Com V�timas Feridas;Plena Noite;Crescente;C�u Claro;Dupla;Reta;Sim;4;0;3;0;0;1;3;4;-25,57924019;-49,31279898;SPRF-PR;DEL01-PR;UOP03-DEL01-PR;;;
740948;22/12/2025;segunda-feira;17:45:00;MT;163;827;SINOP;Acessar a via sem observar a presen�a dos outros ve�culos;Colis�o traseira;Sem V�timas;Anoitecer;Crescente;C�u Claro;Dupla;Reta;Sim;3;0;0;0;2;1;0;2;-11,929525;-55,512934;SPRF-MT;DEL06-MT;UOP02-DEL06-MT;;;
740951;22/12/2025;segunda-feira;20:30:00;RN;101;65;EXTREMOZ;Acessar a via sem observar a presen�a dos outros ve�culos;Colis�o transversal;Com V�timas Feridas;Plena Noite;Crescente;C�u Claro;Simples;Reta;N�o;3;0;2;0;1;0;2;2;-5,643817;-35,250377;SPRF-RN;DEL02-RN;UOP01-DEL02-RN;;;
740952;22/12/2025;segunda-feira;19:05:00;PR;373;174;PONTA GROSSA;Demais falhas mec�nicas ou el�tricas;Inc�ndio;Sem V�timas;Plena Noite;Crescente;C�u Claro;Dupla;Reta;Sim;1;0;0;0;1;0;0;1;-25,07305821;-50,21110145;SPRF-PR;DEL03-PR;UOP01-DEL03-PR;;;
740953;22/12/2025;segunda-feira;20:00:00;AL;101;188;JUNQUEIRO;Aus�ncia de rea��o do condutor;Sa�da de leito carro��vel;Com V�timas Feridas;Plena Noite;Decrescente;C�u Claro;Simples;Interse��o de Vias;Sim;2;0;1;0;1;0;1;1;-9,8976183;-36,4586328;SPRF-AL;DEL02-AL;UOP02-DEL02-AL;;;
740954;22/12/2025;segunda-feira;22:19:00;SC;282;16,4;PALHOCA;Condutor deixou de manter dist�ncia do ve�culo da frente;Colis�o transversal;Com V�timas Feridas;Plena Noite;Crescente;C�u Claro;Simples;Reta;N�o;2;0;1;0;1;0;1;2;-27,66967997;-48,68861139;SPRF-SC;DEL01-SC;UOP02-DEL01-SC;;;
740955;22/12/2025;segunda-feira;22:00:00;GO;153;515,2;APARECIDA DE GOIANIA;Manobra de mudan�a de faixa;Colis�o lateral mesmo sentido;Com V�timas Feridas;Plena Noite;Decrescente;Nublado;Dupla;Retorno Regulamentado;Sim;3;0;1;0;2;0;1;2;-16,832305;-49,243296;SPRF-GO;DEL01-GO;UOP03-DEL01-GO;;;
740956;22/12/2025;segunda-feira;22:00:00;SC;101;106;PENHA;Velocidade Incompat�vel;Atropelamento de Pedestre;Com V�timas Feridas;Pleno dia;Decrescente;Nublado;Dupla;Reta;N�o;2;0;0;1;0;1;1;2;-26,80788461;-48,68108973;SPRF-SC;DEL03-SC;UOP02-DEL03-SC;;;
740957;22/12/2025;segunda-feira;22:20:00;GO;153;351;JARAGUA;Condutor deixou de manter dist�ncia do ve�culo da frente;Colis�o traseira;Com V�timas Feridas;Plena Noite;Decrescente;C�u Claro;Simples;"Curva;Aclive";N�o;3;0;1;1;1;0;2;2;-15,69586765;-49,33614492;SPRF-GO;DEL02-GO;UOP02-DEL02-GO;;;
740958;22/12/2025;segunda-feira;20:30:00;SC;480;129,6;CHAPECO;Desrespeitar a prefer�ncia no cruzamento;Colis�o transversal;Com V�timas Feridas;Plena Noite;Crescente;Chuva;Simples;Interse��o de Vias;N�o;8;0;3;0;5;0;3;2;-27,042745;-52,635637;SPRF-SC;DEL07-SC;UOP01-DEL07-SC;;;
740960;22/12/2025;segunda-feira;23:00:00;MG;50;107;UBERLANDIA;Velocidade Incompat�vel;Sa�da de leito carro��vel;Com V�timas Feridas;Plena Noite;Crescente;C�u Claro;Dupla;"Reta;Declive";N�o;2;0;2;0;0;0;2;1;-19,03273312;-48,20246637;SPRF-MG;DEL13-MG;UOP01-DEL13-MG;;;
740964;22/12/2025;segunda-feira;22:30:00;RO;364;18;VILHENA;Manobra de mudan�a de faixa;Colis�o lateral sentido oposto;Com V�timas Feridas;Plena Noite;Decrescente;C�u Claro;Simples;Reta;N�o;1;0;0;1;0;0;1;1;-12,72767816;-60,1824732;SPRF-RO;DEL04-RO;UOP01-DEL04-RO;;;
740965;22/12/2025;segunda-feira;21:40:00;MA;316;480;CODO;Ingest�o de �lcool pelo condutor;Colis�o transversal;Sem V�timas;Plena Noite;Crescente;Chuva;Simples;Reta;N�o;2;0;0;0;2;0;0;2;-4,622723;-43,919;SPRF-MA;DEL03-MA;UOP02-DEL03-MA;;;
740966;22/12/2025;segunda-feira;22:50:00;PR;376;230,5;APUCARANA;Velocidade Incompat�vel;Capotamento;Com V�timas Feridas;Plena Noite;Decrescente;C�u Claro;Dupla;"Declive;Retorno Regulamentado";N�o;1;0;1;0;0;0;1;1;-23,56256516;-51,53297838;SPRF-PR;DEL07-PR;UOP03-DEL07-PR;;;
740967;22/12/2025;segunda-feira;20:00:00;PI;135;311;CRISTINO CASTRO;Aus�ncia de rea��o do condutor;Colis�o traseira;Com V�timas Feridas;Plena Noite;Decrescente;Chuva;Simples;"Reta;Interse��o de Vias";N�o;6;0;2;3;1;0;5;2;-8,78108531;-44,19459611;SPRF-PI;DEL03-PI;UOP02-DEL03-PI;;;
740968;22/12/2025;segunda-feira;21:40:00;AP;156;471;TARTARUGALZINHO;Convers�o proibida;Colis�o transversal;Com V�timas Feridas;Plena Noite;Decrescente;Nublado;Simples;Reta;Sim;3;0;1;0;2;0;1;2;1,50112382;-50,91131459;SPRF-AP;DEL01-AP;UOP02-DEL01-AP;;;
740970;22/12/2025;segunda-feira;23:20:00;RS;158;308,4;ITAARA;Rea��o tardia ou ineficiente do condutor;Colis�o com objeto;Com V�timas Feridas;Plena Noite;Crescente;Garoa/Chuvisco;Simples;Reta;N�o;1;0;1;0;0;0;1;1;-29,597092;-53,767297;SPRF-RS;DEL09-RS;UOP01-DEL09-RS;;;
740971;22/12/2025;segunda-feira;21:33:00;MT;364;261;JUSCIMEIRA;Rea��o tardia ou ineficiente do condutor;Tombamento;Com V�timas Feridas;Plena Noite;Crescente;Chuva;Dupla;"Declive;Reta";N�o;1;0;1;0;0;0;1;1;-16,02849477;-54,8912108;SPRF-MT;DEL02-MT;UOP01-DEL02-MT;;;
740973;23/12/2025;ter�a-feira;00:15:00;RS;158;158;PANAMBI;Velocidade Incompat�vel;Sa�da de leito carro��vel;Com V�timas Feridas;Plena Noite;Crescente;C�u Claro;Simples;Reta;N�o;1;0;1;0;0;0;1;1;-28,347985;-53,502329;SPRF-RS;DEL10-RS;UOP02-DEL10-RS;;;
740975;23/12/2025;ter�a-feira;00:30:00;SC;101;105;PENHA;Aus�ncia de rea��o do condutor;Capotamento;Com V�timas Feridas;Plena Noite;Decrescente;Nublado;Simples;"Viaduto;Curva";N�o;1;0;1;0;0;0;1;1;-26,806315;-48,678694;SPRF-SC;DEL03-SC;UOP02-DEL03-SC;;;
740977;23/12/2025;ter�a-feira;00:00:00;PE;408;68;PAUDALHO;Animais na Pista;Atropelamento de Animal;Com V�timas Fatais;Plena Noite;Crescente;C�u Claro;Dupla;Reta;N�o;1;1;0;0;0;0;0;1;-7,86508;-35,20613;SPRF-PE;DEL01-PE;UOP01-DEL01-PE;;;
740978;23/12/2025;ter�a-feira;00:00:00;RO;364;308;PRESIDENTE MEDICI;Aus�ncia de rea��o do condutor;Queda de ocupante de ve�culo;Sem V�timas;Plena Noite;Crescente;Garoa/Chuvisco;Dupla;"Interse��o de Vias;Reta";Sim;1;0;0;0;0;1;0;1;-11,16992;-61,901652;SPRF-RO;DEL02-RO;UOP01-DEL02-RO;;;
740979;23/12/2025;ter�a-feira;02:00:00;SC;101;207,3;SAO JOSE;Ingest�o de �lcool pelo condutor;Sa�da de leito carro��vel;Com V�timas Feridas;Plena Noite;Decrescente;Nublado;M�ltipla;Curva;Sim;1;0;1;0;0;0;1;1;-27,60132227;-48,62483852;SPRF-SC;DEL01-SC;UOP01-DEL01-SC;;;
740980;22/12/2025;segunda-feira;19:00:00;MT;163;1036;MATUPA;Acessar a via sem observar a presen�a dos outros ve�culos;Colis�o transversal;Com V�timas Feridas;Plena Noite;Crescente;C�u Claro;Simples;Rotat�ria;Sim;2;0;0;1;1;0;1;2;-10,18473826;-54,94543498;SPRF-MT;DEL06-MT;UOP03-DEL06-MT;;;
740982;23/12/2025;ter�a-feira;02:41:00;TO;153;506;PARAISO DO TOCANTINS;Transitar na contram�o;Colis�o frontal;Com V�timas Fatais;Plena Noite;Decrescente;Garoa/Chuvisco;Simples;Reta;N�o;2;1;0;0;1;0;0;2;-10,248;-48,878;SPRF-TO;DEL01-TO;UOP01-DEL01-TO;;;
740983;22/12/2025;segunda-feira;21:00:00;AL;316;99;DOIS RIACHOS;Participar de racha;Queda de ocupante de ve�culo;Com V�timas Fatais;Plena Noite;Crescente;Ignorado;Simples;Reta;N�o;2;1;0;0;0;1;0;1;-9,38906669;-37,10742697;SPRF-AL;DEL03-AL;UOP02-DEL03-AL;;;
740984;23/12/2025;ter�a-feira;03:30:00;MG;40;562,7;NOVA LIMA;Avarias e/ou desgaste excessivo no pneu;Tombamento;Com V�timas Feridas;Amanhecer;Decrescente;C�u Claro;Simples;"Declive;Curva";N�o;1;0;1;0;0;0;1;1;-20;-43,95;SPRF-MG;DEL01-MG;UOP02-DEL01-MG;;;
740985;23/12/2025;ter�a-feira;03:00:00;RJ;40;114;DUQUE DE CAXIAS;Aus�ncia de rea��o do condutor;Sa�da de leito carro��vel;Com V�timas Feridas;Pleno dia;Crescente;C�u Claro;M�ltipla;Reta;N�o;1;0;1;0;0;0;1;1;-22,72040279;-43,28940735;SPRF-RJ;DEL01-RJ;UOP02-DEL01-RJ;;;
740986;23/12/2025;ter�a-feira;03:45:00;SP;116;278,3;EMBU DAS ARTES;Estacionar ou parar em local proibido;Colis�o transversal;Com V�timas Feridas;Plena Noite;Decrescente;C�u Claro;Dupla;"Reta;Aclive";Sim;4;0;1;0;0;3;1;2;-23,64118172;-46,83665967;SPRF-SP;DEL04-SP;UOP01-DEL04-SP;;;
740987;23/12/2025;ter�a-feira;03:30:00;RJ;101;101;CAMPOS DOS GOYTACAZES;Condutor Dormindo;Colis�o com objeto;Com V�timas Feridas;Plena Noite;Decrescente;C�u Claro;Dupla;Reta;N�o;2;0;1;0;1;0;1;1;-21,8861105;-41,5955792;SPRF-RJ;DEL08-RJ;UOP02-DEL08-RJ;;;
740988;23/12/2025;ter�a-feira;04:35:00;MG;40;624,6;CONSELHEIRO LAFAIETE;Rea��o tardia ou ineficiente do condutor;Colis�o frontal;Com V�timas Fatais;Amanhecer;Decrescente;C�u Claro;Simples;Reta;N�o;6;1;5;0;0;0;5;3;-20,620684;-43,806569;SPRF-MG;DEL05-MG;UOP02-DEL05-MG;;;
740989;23/12/2025;ter�a-feira;05:35:00;GO;153;522;HIDROLANDIA;Aus�ncia de rea��o do condutor;Sa�da de leito carro��vel;Com V�timas Feridas;Amanhecer;Crescente;C�u Claro;Dupla;Reta;N�o;2;0;2;0;0;0;2;1;-16,91448371;-49,25329953;SPRF-GO;DEL01-GO;UOP03-DEL01-GO;;;
740991;03/12/2025;quarta-feira;07:30:00;RS;290;103;ELDORADO DO SUL;Aus�ncia de rea��o do condutor;Colis�o traseira;Sem V�timas;Pleno dia;Decrescente;C�u Claro;Dupla;"Ponte;Aclive;Reta";N�o;5;0;0;0;5;0;0;3;-29,99175914;-51,27103917;SPRF-RS;DEL01-RS;UOP01-DEL01-RS;;;
740993;23/12/2025;ter�a-feira;06:40:00;SC;101;117;ITAJAI;Desrespeitar a prefer�ncia no cruzamento;Colis�o transversal;Com V�timas Feridas;Pleno dia;Crescente;Nublado;M�ltipla;Interse��o de Vias;Sim;2;0;1;0;1;0;1;2;-26,88967454;-48,72188588;SPRF-SC;DEL04-SC;UOP04-DEL04-SC;;;
740996;23/12/2025;ter�a-feira;07:00:00;RS;386;349,5;ESTRELA;Condutor deixou de manter dist�ncia do ve�culo da frente;Colis�o traseira;Com V�timas Feridas;Pleno dia;Crescente;Sol;Dupla;"Em Obras;Reta";Sim;4;0;0;3;1;0;3;3;-29,47067575;-51,95344297;SPRF-RS;DEL04-RS;UOP01-DEL04-RS;;;
740997;23/12/2025;ter�a-feira;06:50:00;RJ;40;114;DUQUE DE CAXIAS;Objeto est�tico sobre o leito carro��vel;Tombamento;Com V�timas Feridas;Pleno dia;Crescente;Sol;Dupla;Reta;N�o;1;0;0;1;0;0;1;1;-22,714552;-43,2900682;SPRF-RJ;DEL01-RJ;UOP02-DEL01-RJ;;;
740999;23/12/2025;ter�a-feira;07:00:00;DF;80;4;BRASILIA;Acessar a via sem observar a presen�a dos outros ve�culos;Colis�o transversal;Com V�timas Feridas;Pleno dia;Decrescente;C�u Claro;Simples;Reta;Sim;4;0;2;1;1;0;3;2;-15,7298;-48,11812;SPRF-DF;DEL03-DF;UOP02-DEL03-DF;;;
741000;23/12/2025;ter�a-feira;07:05:00;CE;116;42;HORIZONTE;Rea��o tardia ou ineficiente do condutor;Colis�o com objeto;Com V�timas Feridas;Pleno dia;Crescente;C�u Claro;M�ltipla;Reta;Sim;2;0;1;0;1;0;1;1;-4,107865;-38,494993;SPRF-CE;DEL01-CE;UOP02-DEL01-CE;;;