id;data_inversa;dia_semana;horario;uf;br;km;municipio;causa_acidente;tipo_acidente;classificacao_acidente;fase_dia;sentido_via;condicao_metereologica;tipo_pista;tracado_via;uso_solo;pessoas;mortos;feridos_leves;feridos_graves;ilesos;ignorados;feridos;veiculos;latitude;longitude;regional;delegacia;uop;;;
741001;05/12/2025;sexta-feira;21:07:00;MT;364;434;VARZEA GRANDE;Desrespeitar a prefer�ncia no cruzamento;Colis�o transversal;Com V�timas Feridas;Plena Noite;Decrescente;C�u Claro;Simples;Rotat�ria;Sim;3;0;2;0;1;0;2;2;-15,64929443;-56,19517475;SPRF-MT;DEL01-MT;UOP02-DEL01-MT;;;
741003;23/12/2025;ter�a-feira;06:30:00;BA;101;569;ARATACA;Aus�ncia de rea��o do condutor;Sa�da de leito carro��vel;Com V�timas Feridas;Amanhecer;Decrescente;Chuva;Simples;Curva;N�o;4;0;2;0;2;0;2;1;-15,25543004;-39,45263028;SPRF-BA;DEL05-BA;UOP02-DEL05-BA;;;
741004;23/12/2025;ter�a-feira;07:50:00;SP;153;61,7;SAO JOSE DO RIO PRETO;Aus�ncia de rea��o do condutor;Colis�o lateral mesmo sentido;Com V�timas Feridas;Pleno dia;Crescente;Sol;Dupla;Reta;N�o;2;0;1;0;1;0;1;2;-20,85502886;-49,40444766;SPRF-SP;DEL09-SP;UOP01-DEL09-SP;;;
741005;23/12/2025;ter�a-feira;07:15:00;MG;381;858,1;POUSO ALEGRE;Rea��o tardia ou ineficiente do condutor;Colis�o com objeto;Com V�timas Feridas;Pleno dia;Decrescente;C�u Claro;Dupla;"Reta;Interse��o de Vias";Sim;3;0;1;0;2;0;1;1;-22,30230588;-45,90069457;SPRF-MG;DEL16-MG;UOP01-DEL16-MG;;;
741007;23/12/2025;ter�a-feira;08:10:00;MG;40;531;BELO HORIZONTE;Pista Escorregadia;Tombamento;Com V�timas Feridas;Pleno dia;Crescente;C�u Claro;Dupla;"Reta;Declive";Sim;3;0;0;1;1;1;1;2;-19,923539;-44,018212;SPRF-MG;DEL01-MG;UOP02-DEL01-MG;;;
741008;23/12/2025;ter�a-feira;07:50:00;SC;470;55,7;BLUMENAU;Manobra de mudan�a de faixa;Colis�o transversal;Com V�timas Feridas;Pleno dia;Decrescente;C�u Claro;Dupla;Reta;Sim;3;0;1;0;2;0;1;2;-26,87656448;-49,12467957;SPRF-SC;DEL04-SC;UOP01-DEL04-SC;;;
741009;23/12/2025;ter�a-feira;08:20:00;MG;381;352;JOAO MONLEVADE;Transitar no Acostamento;Colis�o transversal;Com V�timas Feridas;Pleno dia;Decrescente;Garoa/Chuvisco;Simples;Reta;N�o;2;0;1;0;1;0;1;2;-19,84118123;-43,19979622;SPRF-MG;DEL03-MG;UOP01-DEL03-MG;;;
741012;23/12/2025;ter�a-feira;07:30:00;RS;290;262,3;CACHOEIRA DO SUL;Rea��o tardia ou ineficiente do condutor;Colis�o frontal;Com V�timas Fatais;Pleno dia;Decrescente;C�u Claro;Simples;"Reta;Rotat�ria";N�o;5;1;1;1;2;0;2;2;-30,2641867;-52,84806697;SPRF-RS;DEL02-RS;UOP03-DEL02-RS;;;
741013;20/12/2025;s�bado;03:50:00;RS;116;253,7;SAPUCAIA DO SUL;Rea��o tardia ou ineficiente do condutor;Sa�da de leito carro��vel;Com V�timas Feridas;Plena Noite;Decrescente;C�u Claro;M�ltipla;"Interse��o de Vias;Reta";Sim;2;0;2;0;0;0;2;1;-29,82445379;-51,17172925;SPRF-RS;DEL01-RS;UOP02-DEL01-RS;;;
741014;23/12/2025;ter�a-feira;08:30:00;RJ;101;77,5;CAMPOS DOS GOYTACAZES;Aus�ncia de rea��o do condutor;Colis�o traseira;Com V�timas Feridas;Pleno dia;Decrescente;C�u Claro;Simples;Reta;Sim;4;0;3;0;1;0;3;2;-21,832868;-41,414407;SPRF-RJ;DEL08-RJ;UOP02-DEL08-RJ;;;
741015;23/12/2025;ter�a-feira;07:40:00;RJ;40;58,4;PETROPOLIS;Desrespeitar a prefer�ncia no cruzamento;Colis�o lateral mesmo sentido;Sem V�timas;Pleno dia;Crescente;Sol;Dupla;"Reta;Interse��o de Vias";Sim;3;0;0;0;3;0;0;3;-22,38028048;-43,13310669;SPRF-RJ;DEL05-RJ;UOP02-DEL05-RJ;;;
741016;23/12/2025;ter�a-feira;08:30:00;ES;101;276;SERRA;Manobra de mudan�a de faixa;Colis�o lateral mesmo sentido;Com V�timas Feridas;Pleno dia;Decrescente;Chuva;Dupla;Reta;N�o;2;0;1;0;1;0;1;2;-20,21770595;-40,333727;SPRF-ES;DEL02-ES;UOP01-DEL02-ES;;;
741017;23/12/2025;ter�a-feira;08:40:00;GO;153;438,6;ANAPOLIS;Avarias e/ou desgaste excessivo no pneu;Tombamento;Com V�timas Feridas;Pleno dia;Crescente;C�u Claro;Dupla;Reta;Sim;2;0;0;1;1;0;1;1;-16,316474;-48,921929;SPRF-GO;DEL02-GO;UOP01-DEL02-GO;;;
741018;23/12/2025;ter�a-feira;08:50:00;RS;386;343;LAJEADO;Manobra de mudan�a de faixa;Colis�o lateral mesmo sentido;Com V�timas Feridas;Pleno dia;Crescente;Nublado;Dupla;Reta;Sim;4;0;1;0;3;0;1;2;-29,43463329;-52,00432984;SPRF-RS;DEL04-RS;UOP01-DEL04-RS;;;
741020;08/11/2025;s�bado;13:20:00;PR;476;115;COLOMBO;Desrespeitar a prefer�ncia no cruzamento;Colis�o transversal;Com V�timas Feridas;Pleno dia;Decrescente;Sol;Simples;Reta;N�o;2;0;1;0;1;0;1;2;-25,34532;-49,16056;SPRF-PR;DEL01-PR;UOP01-DEL01-PR;;;
741022;23/12/2025;ter�a-feira;06:36:00;RJ;40;121;DUQUE DE CAXIAS;Rea��o tardia ou ineficiente do condutor;Colis�o lateral mesmo sentido;Com V�timas Feridas;Pleno dia;Crescente;C�u Claro;M�ltipla;Reta;Sim;2;0;1;0;1;0;1;2;-22,78785423;-43,28551904;SPRF-RJ;DEL01-RJ;UOP02-DEL01-RJ;;;
741023;11/12/2025;quinta-feira;18:35:00;RN;101;104;PARNAMIRIM;Manobra de mudan�a de faixa;Colis�o traseira;Com V�timas Feridas;Plena Noite;Crescente;C�u Claro;M�ltipla;"Curva;Aclive";Sim;3;0;2;0;0;1;2;2;-5,89230914;-35,25856018;SPRF-RN;DEL01-RN;UOP01-DEL01-RN;;;
741024;23/12/2025;ter�a-feira;08:40:00;PR;277;671;MEDIANEIRA;Condutor deixou de manter dist�ncia do ve�culo da frente;Colis�o traseira;Com V�timas Feridas;Pleno dia;Decrescente;C�u Claro;Dupla;Aclive;N�o;2;0;1;0;1;0;1;2;-25,28102295;-54,07985687;SPRF-PR;DEL05-PR;UOP02-DEL05-PR;;;
741026;07/11/2025;sexta-feira;20:30:00;MG;40;62;PARACATU;Animais na Pista;Atropelamento de Animal;Sem V�timas;Plena Noite;Decrescente;Ignorado;Simples;Reta;N�o;1;0;0;0;0;1;0;1;-17,33582003;-46,75816707;SPRF-MG;DEL14-MG;UOP01-DEL14-MG;;;
741029;23/12/2025;ter�a-feira;07:50:00;PB;230;164;CAMPINA GRANDE;Acessar a via sem observar a presen�a dos outros ve�culos;Colis�o lateral mesmo sentido;Com V�timas Feridas;Pleno dia;Decrescente;Nublado;Simples;Interse��o de Vias;N�o;4;0;4;0;0;0;4;2;-7,21354277;-35,94919503;SPRF-PB;DEL02-PB;UOP01-DEL02-PB;;;
741030;23/12/2025;ter�a-feira;09:10:00;RS;285;271;MATO CASTELHANO;Condutor deixou de manter dist�ncia do ve�culo da frente;Colis�o lateral mesmo sentido;Com V�timas Feridas;Pleno dia;Crescente;Nublado;Simples;Reta;Sim;3;0;1;0;2;0;1;2;-28,28181065;-52,17994865;SPRF-RS;DEL08-RS;UOP03-DEL08-RS;;;
741031;23/12/2025;ter�a-feira;09:45:00;SC;101;423,6;ARARANGUA;Desrespeitar a prefer�ncia no cruzamento;Colis�o transversal;Com V�timas Feridas;Pleno dia;Decrescente;C�u Claro;Simples;Viaduto;N�o;2;0;0;1;1;0;1;2;-29,01794929;-49,58631841;SPRF-SC;DEL02-SC;UOP02-DEL02-SC;;;
741032;23/12/2025;ter�a-feira;10:00:00;SC;101;117;ITAJAI;Rea��o tardia ou ineficiente do condutor;Colis�o transversal;Com V�timas Feridas;Pleno dia;Decrescente;C�u Claro;Simples;Reta;N�o;2;0;0;1;1;0;1;2;-26,88921956;-48,72121666;SPRF-SC;DEL04-SC;UOP04-DEL04-SC;;;
741034;23/12/2025;ter�a-feira;09:25:00;PE;101;42;IGARASSU;Rea��o tardia ou ineficiente do condutor;Colis�o traseira;Sem V�timas;Pleno dia;Decrescente;Nublado;Dupla;"Retorno Regulamentado;Reta";Sim;2;0;0;0;2;0;0;2;-7,84475905;-34,91056699;SPRF-PE;DEL01-PE;UOP02-DEL01-PE;;;
741036;23/12/2025;ter�a-feira;10:34:00;SP;116;99;PINDAMONHANGABA;Avarias e/ou desgaste excessivo no pneu;Queda de ocupante de ve�culo;Com V�timas Feridas;Pleno dia;Decrescente;C�u Claro;Dupla;Reta;N�o;2;0;2;0;0;0;2;1;-22,9889752;-45,47754049;SPRF-SP;DEL08-SP;UOP01-DEL08-SP;;;
741038;23/12/2025;ter�a-feira;09:40:00;PI;343;42;BURITI DOS LOPES;Chuva;Capotamento;Com V�timas Feridas;Pleno dia;Decrescente;Chuva;Simples;Curva;N�o;1;0;1;0;0;0;1;1;-3,162495;-41,821302;SPRF-PI;DEL05-PI;UOP01-DEL05-PI;;;
741039;23/12/2025;ter�a-feira;08:50:00;RS;285;558,6;SAO LUIZ GONZAGA;Chuva;Sa�da de leito carro��vel;Com V�timas Feridas;Pleno dia;Crescente;Chuva;Simples;Reta;N�o;5;0;5;0;0;0;5;1;-28,41986268;-54,86254692;SPRF-RS;DEL10-RS;UOP01-DEL10-RS;;;
741040;23/12/2025;ter�a-feira;10:05:00;BA;116;817,2;VITORIA DA CONQUISTA;Convers�o proibida;Colis�o traseira;Com V�timas Feridas;Pleno dia;Decrescente;Garoa/Chuvisco;Simples;Reta;N�o;2;0;1;0;1;0;1;2;-14,82091665;-40,81337869;SPRF-BA;DEL08-BA;UOP01-DEL08-BA;;;
741044;23/12/2025;ter�a-feira;09:50:00;MG;262;787;UBERABA;Aus�ncia de rea��o do condutor;Colis�o traseira;Com V�timas Feridas;Pleno dia;Crescente;C�u Claro;Dupla;Reta;Sim;3;0;1;0;2;0;1;2;-19,775237;-47,91894;SPRF-MG;DEL13-MG;UOP01-DEL13-MG;;;
741045;23/12/2025;ter�a-feira;08:20:00;PR;280;285,4;FLOR DA SERRA DO SUL;Rea��o tardia ou ineficiente do condutor;Engavetamento;Com V�timas Feridas;Pleno dia;Decrescente;Nublado;Simples;Curva;N�o;6;0;2;0;4;0;2;3;-26,24687863;-53,27274498;SPRF-PR;DEL02-PR;UOP01-DEL02-PR;;;
741046;23/12/2025;ter�a-feira;11:10:00;SC;101;207,5;SAO JOSE;Condutor deixou de manter dist�ncia do ve�culo da frente;Colis�o lateral mesmo sentido;Com V�timas Feridas;Pleno dia;Decrescente;C�u Claro;M�ltipla;Reta;Sim;2;0;1;0;1;0;1;2;-27,6076341;-48,63436639;SPRF-SC;DEL01-SC;UOP01-DEL01-SC;;;
741047;23/12/2025;ter�a-feira;11:00:00;BA;116;812;VITORIA DA CONQUISTA;Desrespeitar a prefer�ncia no cruzamento;Colis�o transversal;Com V�timas Feridas;Pleno dia;Crescente;C�u Claro;Simples;Reta;N�o;4;0;3;0;1;0;3;2;-14,80267822;-40,77832794;SPRF-BA;DEL08-BA;UOP01-DEL08-BA;;;
741050;23/12/2025;ter�a-feira;10:25:00;SC;101;99,5;BALNEARIO PICARRAS;Rea��o tardia ou ineficiente do condutor;Sa�da de leito carro��vel;Com V�timas Feridas;Pleno dia;Crescente;C�u Claro;Dupla;Curva;N�o;1;0;1;0;0;0;1;1;-26,74918314;-48,69470771;SPRF-SC;DEL03-SC;UOP02-DEL03-SC;;;
741054;23/12/2025;ter�a-feira;11:30:00;BA;101;900;CARAVELAS;Ultrapassagem Indevida;Queda de ocupante de ve�culo;Com V�timas Feridas;Pleno dia;Crescente;Nublado;Simples;Reta;N�o;1;0;1;0;0;0;1;1;-17,72197;-39,767168;SPRF-BA;DEL09-BA;UOP02-DEL09-BA;;;
741056;23/12/2025;ter�a-feira;11:45:00;PE;101;71;RECIFE;Chuva;Queda de ocupante de ve�culo;Com V�timas Feridas;Pleno dia;Crescente;Chuva;Dupla;Reta;Sim;1;0;1;0;0;0;1;1;-8,0835704;-34,9439967;SPRF-PE;DEL01-PE;UOP01-DEL01-PE;;;
741057;23/12/2025;ter�a-feira;08:40:00;MG;116;94;MEDINA;Rea��o tardia ou ineficiente do condutor;Sa�da de leito carro��vel;Com V�timas Feridas;Pleno dia;Crescente;Chuva;Simples;Curva;N�o;3;0;2;1;0;0;3;1;-16,390245;-41,472877;SPRF-MG;DEL11-MG;UOP02-DEL11-MG;;;
741059;23/12/2025;ter�a-feira;11:40:00;PI;343;1,7;TERESINA;Aus�ncia de rea��o do condutor;Colis�o transversal;Com V�timas Feridas;Pleno dia;Crescente;C�u Claro;Dupla;Reta;Sim;2;0;1;0;0;1;1;2;-5,0814688;-42,7639452;SPRF-PI;DEL01-PI;UOP01-DEL01-PI;;;
741060;23/12/2025;ter�a-feira;11:55:00;TO;10;459;PALMAS;Condutor deixou de manter dist�ncia do ve�culo da frente;Colis�o traseira;Com V�timas Feridas;Pleno dia;Crescente;C�u Claro;M�ltipla;Reta;Sim;3;0;2;0;1;0;2;2;-10,26674057;-48,30731392;SPRF-TO;DEL01-TO;UOP03-DEL01-TO;;;
741061;23/12/2025;ter�a-feira;12:15:00;ES;262;94;DOMINGOS MARTINS;Acessar a via sem observar a presen�a dos outros ve�culos;Colis�o transversal;Com V�timas Feridas;Pleno dia;Crescente;Sol;Simples;Reta;N�o;3;0;0;2;1;0;2;2;-20,37373655;-41,05867624;SPRF-ES;DEL01-ES;UOP02-DEL01-ES;;;
741063;23/12/2025;ter�a-feira;11:30:00;RS;470;53,2;LAGOA VERMELHA;Velocidade Incompat�vel;Capotamento;Com V�timas Feridas;Pleno dia;Crescente;Nublado;Simples;"Declive;Reta";N�o;1;0;1;0;0;0;1;1;-28,0370511;-51,447217;SPRF-RS;DEL08-RS;UOP05-DEL08-RS;;;
741064;23/12/2025;ter�a-feira;11:30:00;PE;423;61,2;LAJEDO;Acessar a via sem observar a presen�a dos outros ve�culos;Colis�o lateral mesmo sentido;Com V�timas Feridas;Pleno dia;Crescente;Sol;Simples;Reta;Sim;2;0;0;1;1;0;1;2;-8,658467;-36,33097;SPRF-PE;DEL03-PE;UOP01-DEL03-PE;;;
741066;23/12/2025;ter�a-feira;12:30:00;RS;386;352;ESTRELA;Acumulo de �gua sobre o pavimento;Colis�o com objeto;Sem V�timas;Pleno dia;Decrescente;Chuva;Dupla;Reta;Sim;1;0;0;0;1;0;0;1;-29,48981051;-51,95257394;SPRF-RS;DEL04-RS;UOP01-DEL04-RS;;;
741067;23/12/2025;ter�a-feira;11:00:00;BA;101;816;ITAMARAJU;Condutor deixou de manter dist�ncia do ve�culo da frente;Colis�o traseira;Sem V�timas;Pleno dia;Crescente;Chuva;Simples;Reta;N�o;2;0;0;0;2;0;0;2;-17,08892;-39,56984;SPRF-BA;DEL09-BA;UOP01-DEL09-BA;;;
741068;23/12/2025;ter�a-feira;10:35:00;GO;153;494,8;GOIANIA;Manobra de mudan�a de faixa;Colis�o lateral mesmo sentido;Com V�timas Feridas;Pleno dia;Decrescente;Sol;Dupla;"Declive;Reta";Sim;1;0;1;0;0;0;1;1;-16,66001992;-49,22077686;SPRF-GO;DEL01-GO;UOP01-DEL01-GO;;;
741070;23/12/2025;ter�a-feira;08:00:00;MA;316;252;PINDARE-MIRIM;Aus�ncia de rea��o do condutor;Sa�da de leito carro��vel;Com V�timas Fatais;Pleno dia;Crescente;C�u Claro;Simples;Reta;N�o;4;1;2;1;0;0;3;1;-3,65946591;-45,45567155;SPRF-MA;DEL02-MA;UOP01-DEL02-MA;;;
741071;23/12/2025;ter�a-feira;12:30:00;SC;101;206,5;SAO JOSE;Condutor deixou de manter dist�ncia do ve�culo da frente;Colis�o traseira;Com V�timas Feridas;Pleno dia;Crescente;C�u Claro;Dupla;Reta;Sim;2;0;0;1;1;0;1;2;-27,596631;-48,61972;SPRF-SC;DEL01-SC;UOP01-DEL01-SC;;;
741073;23/12/2025;ter�a-feira;07:15:00;MG;365;307,9;SAO GONCALO DO ABAETE;Demais falhas mec�nicas ou el�tricas;Colis�o lateral sentido oposto;Com V�timas Feridas;Pleno dia;Crescente;C�u Claro;Simples;Reta;N�o;2;0;1;0;1;0;1;2;-18,1784;-45,8003;SPRF-MG;DEL10-MG;UOP02-DEL010-MG;;;
741074;23/12/2025;ter�a-feira;12:31:00;RS;290;30;SANTO ANTONIO DA PATRULHA;Rea��o tardia ou ineficiente do condutor;Sa�da de leito carro��vel;Com V�timas Fatais;Pleno dia;Decrescente;C�u Claro;Dupla;Reta;N�o;2;1;0;1;0;0;1;1;-29,8829229;-50,52749634;SPRF-RS;DEL03-RS;UOP01-DEL03-RS;;;
741076;23/12/2025;ter�a-feira;12:01:00;SC;470;98;APIUNA;Condutor deixou de manter dist�ncia do ve�culo da frente;Colis�o traseira;Com V�timas Feridas;Pleno dia;Crescente;C�u Claro;Simples;Reta;Sim;2;0;1;0;1;0;1;2;-27,03413;-49,38788;SPRF-SC;DEL04-SC;UOP02-DEL04-SC;;;
741082;23/12/2025;ter�a-feira;12:40:00;MS;163;448,9;CAMPO GRANDE;Demais falhas mec�nicas ou el�tricas;Inc�ndio;Sem V�timas;Pleno dia;Decrescente;C�u Claro;Simples;Reta;N�o;1;0;0;0;1;0;0;1;-20,735658;-54,53812;SPRF-MS;DEL01-MS;UOP01-DEL01-MS;;;
741083;23/12/2025;ter�a-feira;11:40:00;PA;155;320;MARABA;Animais na Pista;Atropelamento de Animal;Com V�timas Feridas;Pleno dia;Decrescente;Nublado;Simples;Aclive;N�o;5;0;0;1;4;0;1;2;-5,60723034;-49,08519745;SPRF-PA;DEL03-PA;UOP01-DEL03-PA;;;
741084;23/12/2025;ter�a-feira;12:00:00;SC;101;82;BARRA VELHA;Transtornos Mentais (exceto suicidio);Queda de ocupante de ve�culo;Com V�timas Feridas;Pleno dia;Decrescente;Sol;Dupla;Reta;N�o;2;0;1;0;1;0;1;1;-26,61545309;-48,7195956;SPRF-SC;DEL03-SC;UOP02-DEL03-SC;;;
741086;23/12/2025;ter�a-feira;08:30:00;MG;40;104;LAGOA GRANDE;Rea��o tardia ou ineficiente do condutor;Sa�da de leito carro��vel;Com V�timas Feridas;Pleno dia;Crescente;C�u Claro;Simples;Reta;N�o;6;0;5;1;0;0;6;1;-17,58975;-46,484917;SPRF-MG;DEL14-MG;UOP01-DEL14-MG;;;
741089;23/12/2025;ter�a-feira;14:00:00;MG;381;752,5;TRES CORACOES;Rea��o tardia ou ineficiente do condutor;Colis�o com objeto;Com V�timas Feridas;Pleno dia;Crescente;Sol;Dupla;Reta;N�o;2;0;2;0;0;0;2;1;-21,6599259;-45,3035164;SPRF-MG;DEL16-MG;UOP02-DEL16-MG;;;
741090;23/12/2025;ter�a-feira;13:29:00;TO;153;243;COLINAS DO TOCANTINS;Condutor deixou de manter dist�ncia do ve�culo da frente;Colis�o traseira;Com V�timas Feridas;Pleno dia;Decrescente;Chuva;Simples;Reta;N�o;3;0;0;1;1;1;1;3;-8,030807;-48,465782;SPRF-TO;DEL02-TO;UOP01-DEL02-TO;;;
741091;23/12/2025;ter�a-feira;14:00:00;MG;381;753;TRES CORACOES;Condutor Dormindo;Colis�o com objeto;Com V�timas Feridas;Pleno dia;Decrescente;Sol;Dupla;Reta;Sim;1;0;1;0;0;0;1;1;-21,6727552;-45,3410816;SPRF-MG;DEL16-MG;UOP02-DEL16-MG;;;
741094;23/12/2025;ter�a-feira;13:45:00;PB;230;133,9;CAMPINA GRANDE;Rea��o tardia ou ineficiente do condutor;Tombamento;Com V�timas Feridas;Pleno dia;Crescente;Nublado;Dupla;"Reta;Declive";N�o;1;0;1;0;0;0;1;1;-7,278677;-35,758739;SPRF-PB;DEL02-PB;UOP01-DEL02-PB;;;
741095;23/12/2025;ter�a-feira;13:40:00;SC;282;32,5;SANTO AMARO DA IMPERATRIZ;Acessar a via sem observar a presen�a dos outros ve�culos;Colis�o transversal;Sem V�timas;Pleno dia;Crescente;C�u Claro;Simples;Rotat�ria;Sim;2;0;0;0;2;0;0;2;-27,7042842;-48,80518623;SPRF-SC;DEL01-SC;UOP03-DEL01-SC;;;
741096;06/12/2025;s�bado;18:40:00;MT;174;3;PONTES E LACERDA;Rea��o tardia ou ineficiente do condutor;Colis�o frontal;Com V�timas Feridas;Plena Noite;Decrescente;Chuva;Simples;Reta;Sim;3;0;1;0;2;0;1;2;-15,2410284;-59,3351757;SPRF-MT;DEL03-MT;UOP01-DEL03-MT;;;
741097;23/12/2025;ter�a-feira;14:10:00;RJ;393;279,5;BARRA DO PIRAI;Rea��o tardia ou ineficiente do condutor;Colis�o traseira;Com V�timas Feridas;Pleno dia;Crescente;C�u Claro;Simples;Reta;N�o;3;0;0;1;2;0;1;2;-22,478309;-44,046023;SPRF-RJ;DEL05-RJ;UOP04-DEL05-RJ;;;
741098;23/12/2025;ter�a-feira;13:50:00;SP;116;389;MIRACATU;Mal s�bito do condutor;Tombamento;Com V�timas Feridas;Pleno dia;Decrescente;C�u Claro;Dupla;Reta;N�o;2;0;0;2;0;0;2;1;-24,27628874;-47,41453528;SPRF-SP;DEL04-SP;UOP02-DEL04-SP;;;
741099;23/12/2025;ter�a-feira;14:30:00;BA;101;194;CONCEICAO DA FEIRA;Carga excessiva e/ou mal acondicionada;Queda de ocupante de ve�culo;Com V�timas Feridas;Pleno dia;Crescente;C�u Claro;Simples;"Ponte;Curva";N�o;2;0;2;0;0;0;2;1;-12,53993;-38,97904;SPRF-BA;DEL01-BA;UOP03-DEL01-BA;;;
741101;23/12/2025;ter�a-feira;14:30:00;GO;0;0;FAZENDA NOVA;Aus�ncia de sinaliza��o;Colis�o com objeto;Sem V�timas;Pleno dia;N�o Informado;C�u Claro;Simples;"Aclive;Rotat�ria;Interse��o de Vias";N�o;1;0;0;0;1;0;0;1;-16,11475124;-50,81791431;SPRF-GO;DEL04-GO;UOP02-DEL04-GO;;;
741102;23/12/2025;ter�a-feira;15:00:00;RJ;101;104;CAMPOS DOS GOYTACAZES;Acessar a via sem observar a presen�a dos outros ve�culos;Colis�o lateral mesmo sentido;Com V�timas Feridas;Pleno dia;Decrescente;C�u Claro;Dupla;Reta;N�o;3;0;2;0;1;0;2;2;-21,91109508;-41,61123507;SPRF-RJ;DEL08-RJ;UOP02-DEL08-RJ;;;
741106;23/12/2025;ter�a-feira;14:00:00;PE;101;51;ABREU E LIMA;Trafegar com motocicleta (ou similar) entre as faixas;Colis�o lateral mesmo sentido;Com V�timas Feridas;Pleno dia;Decrescente;C�u Claro;M�ltipla;Reta;N�o;2;0;1;0;1;0;1;2;-7,9125055;-34,9003547;SPRF-PE;DEL01-PE;UOP02-DEL01-PE;;;
741112;23/12/2025;ter�a-feira;16:00:00;MG;50;154;UBERABA;Velocidade Incompat�vel;Sa�da de leito carro��vel;Com V�timas Feridas;Pleno dia;Crescente;C�u Claro;Dupla;Reta;Sim;1;0;1;0;0;0;1;1;-19,603739;-48,023929;SPRF-MG;DEL13-MG;UOP01-DEL13-MG;;;
741113;29/11/2025;s�bado;16:32:00;PR;376;182,1;MARINGA;Manobra de mudan�a de faixa;Colis�o lateral mesmo sentido;Com V�timas Feridas;Pleno dia;Decrescente;C�u Claro;Dupla;Viaduto;Sim;2;0;1;0;1;0;1;2;-23,43219245;-51,88650564;SPRF-PR;DEL09-PR;UOP01-DEL09-PR;;;
741115;23/12/2025;ter�a-feira;14:30:00;SP;116;141,2;SAO JOSE DOS CAMPOS;Rea��o tardia ou ineficiente do condutor;Colis�o lateral mesmo sentido;Com V�timas Feridas;Pleno dia;Decrescente;C�u Claro;Dupla;Reta;Sim;4;0;0;1;1;2;1;3;-23,1690266;-45,81874333;SPRF-SP;DEL02-SP;UOP01-DEL02-SP;;;
741117;23/12/2025;ter�a-feira;10:05:00;BA;116;785;PLANALTO;Aus�ncia de rea��o do condutor;Capotamento;Com V�timas Feridas;Pleno dia;Decrescente;C�u Claro;Simples;Reta;N�o;1;0;0;1;0;0;1;1;-14,69011617;-40,56319714;SPRF-BA;DEL08-BA;UOP02-DEL08-BA;;;
741119;23/12/2025;ter�a-feira;16:20:00;TO;153;401;RIO DOS BOIS;Aus�ncia de rea��o do condutor;Queda de ocupante de ve�culo;Com V�timas Feridas;Pleno dia;Crescente;C�u Claro;Simples;Aclive;N�o;1;0;0;1;0;0;1;1;-9,416915;-48,571426;SPRF-TO;DEL02-TO;UOP02-DEL02-TO;;;
741121;23/12/2025;ter�a-feira;11:00:00;RJ;101;297;ITABORAI;Rea��o tardia ou ineficiente do condutor;Colis�o traseira;Com V�timas Feridas;Pleno dia;Crescente;C�u Claro;Dupla;Reta;Sim;3;0;1;0;2;0;1;2;-22,7668276;-42,90761797;SPRF-RJ;DEL02-RJ;UOP02-DEL02-RJ;;;
741122;23/12/2025;ter�a-feira;15:45:00;SC;101;367;ICARA;Rea��o tardia ou ineficiente do condutor;Sa�da de leito carro��vel;Com V�timas Feridas;Pleno dia;Crescente;Chuva;Simples;"Curva;Rotat�ria";Sim;5;0;1;0;3;1;1;2;-28,69759392;-49,18376176;SPRF-SC;DEL02-SC;UOP01-DEL02-SC;;;
741123;23/12/2025;ter�a-feira;13:00:00;PR;277;202;PALMEIRA;Aus�ncia de rea��o do condutor;Capotamento;Com V�timas Feridas;Pleno dia;Crescente;C�u Claro;Simples;"Declive;Curva";N�o;2;0;2;0;0;0;2;1;-25,466124;-50,235369;SPRF-PR;DEL08-PR;UOP02-DEL08-PR;;;
741124;23/12/2025;ter�a-feira;15:45:00;RN;101;83;NATAL;Aus�ncia de rea��o do condutor;Engavetamento;Com V�timas Feridas;Pleno dia;Decrescente;C�u Claro;Dupla;Reta;Sim;4;0;1;0;3;0;1;3;-5,77226439;-35,26287166;SPRF-RN;DEL02-RN;UOP01-DEL02-RN;;;
741125;23/12/2025;ter�a-feira;16:06:00;RS;287;247;SANTA MARIA;Acessar a via sem observar a presen�a dos outros ve�culos;Colis�o transversal;Com V�timas Feridas;Pleno dia;Decrescente;Nublado;Dupla;"Interse��o de Vias;Curva";Sim;3;0;0;1;1;1;1;3;-29,699196;-53,843466;SPRF-RS;DEL09-RS;UOP01-DEL09-RS;;;
741126;23/12/2025;ter�a-feira;15:40:00;MG;40;813;MATIAS BARBOSA;Acessar a via sem observar a presen�a dos outros ve�culos;Colis�o transversal;Com V�timas Feridas;Pleno dia;Decrescente;C�u Claro;Dupla;Interse��o de Vias;N�o;2;0;0;1;1;0;1;2;-21,88188531;-43,32916007;SPRF-MG;DEL05-MG;UOP01-DEL05-MG;;;
741127;23/12/2025;ter�a-feira;16:45:00;PB;101;87;JOAO PESSOA;Ingest�o de �lcool pelo condutor;Engavetamento;Com V�timas Feridas;Pleno dia;Decrescente;C�u Claro;Dupla;Reta;Sim;3;0;1;0;2;0;1;3;-7,16205039;-34,90348625;SPRF-PB;DEL01-PB;UOP01-DEL01-PB;;;
741128;23/12/2025;ter�a-feira;15:30:00;SC;116;173,8;SAO CRISTOVAO DO SUL;Velocidade Incompat�vel;Sa�da de leito carro��vel;Com V�timas Feridas;Pleno dia;Decrescente;Chuva;Simples;"Curva;Declive";N�o;2;0;1;0;1;0;1;1;-27,2225487;-50,46216913;SPRF-SC;DEL05-SC;UOP03-DEL05-SC;;;