id;data_inversa;dia_semana;horario;uf;br;km;municipio;causa_acidente;tipo_acidente;classificacao_acidente;fase_dia;sentido_via;condicao_metereologica;tipo_pista;tracado_via;uso_solo;pessoas;mortos;feridos_leves;feridos_graves;ilesos;ignorados;feridos;veiculos;latitude;longitude;regional;delegacia;uop;;;
741129;23/12/2025;ter�a-feira;13:25:00;BA;116;750;POCOES;Aus�ncia de rea��o do condutor;Colis�o lateral sentido oposto;Com V�timas Feridas;Pleno dia;Crescente;C�u Claro;Simples;Curva;N�o;6;0;1;0;4;1;1;3;-14,471942;-40,336691;SPRF-BA;DEL08-BA;UOP02-DEL08-BA;;;
741130;23/12/2025;ter�a-feira;17:00:00;PR;277;664;MATELANDIA;Condutor Dormindo;Sa�da de leito carro��vel;Com V�timas Feridas;Pleno dia;Decrescente;Garoa/Chuvisco;Dupla;"Declive;Reta";N�o;2;0;1;0;1;0;1;1;-25,23087642;-53,95282745;SPRF-PR;DEL05-PR;UOP02-DEL05-PR;;;
741131;23/12/2025;ter�a-feira;17:00:00;PE;232;49;VITORIA DE SANTO ANTAO;Aus�ncia de rea��o do condutor;Colis�o traseira;Com V�timas Feridas;Pleno dia;Decrescente;Nublado;Dupla;"Declive;Curva";Sim;2;0;0;1;1;0;1;2;-8,14301416;-35,31780481;SPRF-PE;DEL02-PE;UOP02-DEL02PE;;;
741132;23/12/2025;ter�a-feira;17:40:00;RJ;101;68;CAMPOS DOS GOYTACAZES;Condutor deixou de manter dist�ncia do ve�culo da frente;Colis�o traseira;Com V�timas Feridas;Pleno dia;Decrescente;C�u Claro;Simples;Reta;N�o;2;0;2;0;0;0;2;1;-21,78095966;-41,37315915;SPRF-RJ;DEL08-RJ;UOP02-DEL08-RJ;;;
741133;23/12/2025;ter�a-feira;17:10:00;SP;116;172;JACAREI;Aus�ncia de rea��o do condutor;Tombamento;Com V�timas Feridas;Pleno dia;Crescente;C�u Claro;Dupla;Reta;N�o;1;0;1;0;0;0;1;1;-23,29685592;-46,00662231;SPRF-SP;DEL02-SP;UOP01-DEL02-SP;;;
741134;23/12/2025;ter�a-feira;14:41:00;SC;101;443,7;SANTA ROSA DO SUL;Transitar na contram�o;Colis�o frontal;Com V�timas Fatais;Pleno dia;Crescente;Nublado;M�ltipla;"Viaduto;Reta";Sim;4;1;1;1;1;0;2;3;-29,1373337;-49,7121833;SPRF-SC;DEL02-SC;UOP02-DEL02-SC;;;
741135;23/12/2025;ter�a-feira;16:00:00;MT;364;335,2;SANTO ANTONIO DO LEVERGER;Rea��o tardia ou ineficiente do condutor;Sa�da de leito carro��vel;Com V�timas Feridas;Pleno dia;Decrescente;Chuva;Dupla;Curva;N�o;3;0;1;0;1;1;1;1;-15,8343812;-55,4710517;SPRF-MT;DEL05-MT;UOP02-DEL05-MT;;;
741136;23/12/2025;ter�a-feira;15:40:00;RS;392;640,9;GUARANI DAS MISSOES;Condutor deixou de manter dist�ncia do ve�culo da frente;Colis�o traseira;Sem V�timas;Pleno dia;Crescente;Nublado;Simples;Reta;N�o;4;0;0;0;4;0;0;3;-28,151758;-54,541;SPRF-RS;DEL10-RS;UOP01-DEL10-RS;;;
741137;23/12/2025;ter�a-feira;17:40:00;RJ;101;64;CAMPOS DOS GOYTACAZES;Ultrapassagem Indevida;Colis�o transversal;Com V�timas Feridas;Pleno dia;Decrescente;C�u Claro;Simples;Reta;Sim;3;0;1;0;2;0;1;2;-21,75086806;-41,33804672;SPRF-RJ;DEL08-RJ;UOP02-DEL08-RJ;;;
741138;23/12/2025;ter�a-feira;14:20:00;SC;101;305;LAGUNA;Rea��o tardia ou ineficiente do condutor;Colis�o com objeto;Com V�timas Feridas;Pleno dia;Crescente;Sol;Dupla;Reta;N�o;1;0;1;0;0;0;1;1;-28,350722;-48,739429;SPRF-SC;DEL02-SC;UOP03-DEL02-SC;;;
741139;23/12/2025;ter�a-feira;17:00:00;PR;272;402;JANIOPOLIS;Acessar a via sem observar a presen�a dos outros ve�culos;Colis�o transversal;Com V�timas Fatais;Pleno dia;Crescente;C�u Claro;Simples;"Retorno Regulamentado;Rotat�ria;Interse��o de Vias";N�o;4;1;0;0;3;0;0;2;-24,12358284;-52,7606055;SPRF-PR;DEL09-PR;UOP03-DEL09-PR;;;
741142;23/12/2025;ter�a-feira;18:00:00;ES;101;143,5;LINHARES;Rea��o tardia ou ineficiente do condutor;Colis�o traseira;Com V�timas Feridas;Pleno dia;Decrescente;C�u Claro;Dupla;Reta;N�o;3;0;0;1;2;0;1;2;-19,34643436;-40,0634238;SPRF-ES;DEL04-ES;UOP01-DEL04-ES;;;
741143;23/12/2025;ter�a-feira;15:20:00;BA;367;76;EUNAPOLIS;Rea��o tardia ou ineficiente do condutor;Engavetamento;Sem V�timas;Pleno dia;Crescente;Sol;Simples;Reta;N�o;3;0;0;0;3;0;0;3;-16,366935;-39,518303;SPRF-BA;DEL09-BA;UOP03-DEL09-BA;;;
741144;23/12/2025;ter�a-feira;17:50:00;BA;110;341;ALAGOINHAS;Rea��o tardia ou ineficiente do condutor;Sa�da de leito carro��vel;Com V�timas Feridas;Plena Noite;Crescente;C�u Claro;Simples;"Retorno Regulamentado;Reta";N�o;2;0;1;0;1;0;1;1;-12,164568;-38,41361;SPRF-BA;DEL01-BA;UOP04-DEL01-BA;;;
741145;23/12/2025;ter�a-feira;18:00:00;SC;282;2,4;FLORIANOPOLIS;Condutor deixou de manter dist�ncia do ve�culo da frente;Colis�o traseira;Com V�timas Feridas;Pleno dia;Crescente;C�u Claro;M�ltipla;Reta;Sim;3;0;1;0;2;0;1;3;-27,60261;-48,59458;SPRF-SC;DEL01-SC;UOP01-DEL01-SC;;;
741146;23/12/2025;ter�a-feira;13:05:00;PR;163;212,4;CASCAVEL;Aus�ncia de rea��o do condutor;Sa�da de leito carro��vel;Com V�timas Feridas;Pleno dia;Decrescente;Sol;Dupla;Reta;N�o;1;0;1;0;0;0;1;1;-24,89605165;-53,53492269;SPRF-PR;DEL04-PR;UOP01-DEL04-PR;;;
741147;23/12/2025;ter�a-feira;18:00:00;ES;101;204;JOAO NEIVA;Acessar a via sem observar a presen�a dos outros ve�culos;Colis�o transversal;Com V�timas Feridas;Plena Noite;Decrescente;Nublado;Simples;Reta;Sim;2;0;0;1;1;0;1;2;-19,749552;-40,379058;SPRF-ES;DEL02-ES;UOP01-DEL02-ES;;;
741148;23/12/2025;ter�a-feira;17:16:00;RJ;101;503,6;ANGRA DOS REIS;Acessar a via sem observar a presen�a dos outros ve�culos;Colis�o traseira;Com V�timas Feridas;Pleno dia;Crescente;C�u Claro;Simples;"Reta;Interse��o de Vias";Sim;2;0;1;0;0;1;1;2;-22,92952;-44,38054;SPRF-RJ;DEL03-RJ;UOP03-DEL03-RJ;;;
741149;23/12/2025;ter�a-feira;16:30:00;ES;101;362;ANCHIETA;Condutor Dormindo;Sa�da de leito carro��vel;Com V�timas Feridas;Anoitecer;Crescente;C�u Claro;Simples;Reta;N�o;1;0;1;0;0;0;1;1;-20,718367;-40,734663;SPRF-ES;DEL03-ES;UOP01-DEL03-ES;;;
741150;23/12/2025;ter�a-feira;18:15:00;PE;101;73,5;RECIFE;Acessar a via sem observar a presen�a dos outros ve�culos;Colis�o transversal;Com V�timas Feridas;Plena Noite;Crescente;Nublado;Dupla;Retorno Regulamentado;Sim;2;0;1;0;0;1;1;2;-8,09911;-34,94987;SPRF-PE;DEL01-PE;UOP01-DEL01-PE;;;
741152;23/12/2025;ter�a-feira;18:00:00;RJ;101;307;SAO GONCALO;Animais na Pista;Colis�o lateral mesmo sentido;Com V�timas Feridas;Anoitecer;Decrescente;C�u Claro;Simples;Reta;Sim;2;0;1;0;1;0;1;2;-22,78973189;-43,00816775;SPRF-RJ;DEL02-RJ;UOP02-DEL02-RJ;;;
741153;03/12/2025;quarta-feira;17:45:00;PB;230;23;JOAO PESSOA;Condutor deixou de manter dist�ncia do ve�culo da frente;Colis�o lateral mesmo sentido;Com V�timas Feridas;Plena Noite;Decrescente;C�u Claro;Dupla;Reta;Sim;2;0;0;1;1;0;1;2;-7,1624138;-34,8601076;SPRF-PB;DEL01-PB;UOP01-DEL01-PB;;;
741154;23/12/2025;ter�a-feira;18:30:00;SC;101;195;BIGUACU;Condutor deixou de manter dist�ncia do ve�culo da frente;Colis�o traseira;Com V�timas Feridas;Anoitecer;Crescente;C�u Claro;Dupla;Reta;Sim;3;0;2;0;1;0;2;2;-27,503199;-48,652004;SPRF-SC;DEL01-SC;UOP01-DEL01-SC;;;
741155;23/12/2025;ter�a-feira;17:30:00;GO;50;278,8;CATALAO;Ingest�o de �lcool pelo condutor;Sa�da de leito carro��vel;Com V�timas Feridas;Pleno dia;Decrescente;Sol;Dupla;Reta;Sim;1;0;0;1;0;0;1;1;-18,172707;-47,926308;SPRF-GO;DEL06-GO;UOP01-DEL06-GO;;;
741156;23/12/2025;ter�a-feira;17:00:00;RJ;101;300;SAO GONCALO;Acesso irregular;Atropelamento de Pedestre;Com V�timas Feridas;Pleno dia;Decrescente;C�u Claro;Dupla;Reta;Sim;2;0;1;0;1;0;1;2;-22,77788744;-42,95388071;SPRF-RJ;DEL02-RJ;UOP02-DEL02-RJ;;;
741157;23/12/2025;ter�a-feira;18:10:00;ES;101;373;ICONHA;Acessar a via sem observar a presen�a dos outros ve�culos;Colis�o transversal;Com V�timas Feridas;Anoitecer;Crescente;C�u Claro;Simples;Reta;N�o;4;0;0;1;3;0;1;2;-20,775843;-40,778341;SPRF-ES;DEL03-ES;UOP01-DEL03-ES;;;
741160;23/12/2025;ter�a-feira;19:00:00;SP;116;140;SAO JOSE DOS CAMPOS;Rea��o tardia ou ineficiente do condutor;Tombamento;Com V�timas Feridas;Plena Noite;Decrescente;C�u Claro;Dupla;Reta;N�o;1;0;1;0;0;0;1;1;-23,16989263;-45,82049243;SPRF-SP;DEL02-SP;UOP01-DEL02-SP;;;
741162;23/12/2025;ter�a-feira;13:10:00;MG;116;572,5;MANHUACU;Aus�ncia de rea��o do condutor;Sa�da de leito carro��vel;Com V�timas Feridas;Pleno dia;Crescente;C�u Claro;Simples;"Aclive;Reta";N�o;1;0;1;0;0;0;1;1;-20,1283185;-42,17770243;SPRF-MG;DEL06-MG;UOP03-DEL06-MG;;;
741163;23/12/2025;ter�a-feira;18:40:00;RJ;40;44;AREAL;Condutor deixou de manter dist�ncia do ve�culo da frente;Colis�o traseira;Com V�timas Feridas;Plena Noite;Crescente;C�u Claro;Dupla;Reta;N�o;2;0;1;0;1;0;1;2;-22,27276;-43,10869;SPRF-RJ;DEL05-RJ;UOP02-DEL05-RJ;;;
741164;23/12/2025;ter�a-feira;19:00:00;PE;101;51;ABREU E LIMA;Pedestre cruzava a pista fora da faixa;Atropelamento de Pedestre;Com V�timas Feridas;Plena Noite;Crescente;C�u Claro;M�ltipla;Reta;Sim;2;0;1;0;1;0;1;2;-7,9160699;-34,8981131;SPRF-PE;DEL01-PE;UOP02-DEL01-PE;;;
741165;23/12/2025;ter�a-feira;18:40:00;PI;343;176,1;PIRIPIRI;Ingest�o de �lcool pelo condutor;Colis�o traseira;Com V�timas Fatais;Plena Noite;Crescente;C�u Claro;Simples;Reta;N�o;3;1;2;0;0;0;2;2;-4,2141509;-41,7766901;SPRF-PI;DEL02-PI;UOP01-DEL02-PI;;;
741166;23/12/2025;ter�a-feira;18:45:00;TO;10;442;PALMAS;Transitar na contram�o;Colis�o frontal;Com V�timas Feridas;Plena Noite;Crescente;Nublado;Simples;"Reta;Ponte";N�o;7;0;7;0;0;0;7;2;-10,41126512;-48,31062913;SPRF-TO;DEL01-TO;UOP03-DEL01-TO;;;
741170;23/12/2025;ter�a-feira;20:10:00;BA;101;171;FEIRA DE SANTANA;Animais na Pista;Atropelamento de Animal;Com V�timas Feridas;Plena Noite;Crescente;C�u Claro;Simples;"Reta;Aclive";N�o;1;0;1;0;0;0;1;1;-12,3610545;-38,8640601;SPRF-BA;DEL01-BA;UOP03-DEL01-BA;;;
741171;23/12/2025;ter�a-feira;19:20:00;SC;101;145;ITAPEMA;Condutor deixou de manter dist�ncia do ve�culo da frente;Colis�o traseira;Sem V�timas;Plena Noite;Decrescente;Nublado;Dupla;Reta;Sim;2;0;0;0;0;2;0;2;-27,08502396;-48,60632356;SPRF-SC;DEL04-SC;UOP03-DEL04-SC;;;
741172;23/12/2025;ter�a-feira;20:10:00;ES;101;266;SERRA;Acesso irregular;Colis�o transversal;Com V�timas Feridas;Plena Noite;Crescente;Nublado;M�ltipla;Reta;Sim;2;0;2;0;0;0;2;2;-20,19125073;-40,26869059;SPRF-ES;DEL02-ES;UOP01-DEL02-ES;;;
741173;23/12/2025;ter�a-feira;20:00:00;BA;330;842,3;IPIAU;Ingest�o de subst�ncias psicoativas pelo condutor;Sa�da de leito carro��vel;Com V�timas Fatais;Plena Noite;Crescente;Nublado;Simples;Reta;N�o;1;1;0;0;0;0;0;1;-14,14549482;-39,71128364;SPRF-BA;DEL03-BA;UOP01-DEL03-BA;;;
741174;23/12/2025;ter�a-feira;20:06:00;RN;101;97;NATAL;Ultrapassagem Indevida;Colis�o transversal;Com V�timas Feridas;Plena Noite;Crescente;C�u Claro;M�ltipla;Reta;Sim;2;0;1;0;1;0;1;2;-5,85964072;-35,21404624;SPRF-RN;DEL01-RN;UOP01-DEL01-RN;;;
741176;23/12/2025;ter�a-feira;17:30:00;RJ;101;313;SAO GONCALO;Trafegar com motocicleta (ou similar) entre as faixas;Colis�o traseira;Com V�timas Fatais;Anoitecer;Decrescente;C�u Claro;Dupla;Reta;Sim;4;1;0;1;2;0;1;3;-22,8123999;-43,07237531;SPRF-RJ;DEL02-RJ;UOP02-DEL02-RJ;;;
741177;23/12/2025;ter�a-feira;09:30:00;MG;116;473,2;TARUMIRIM;Aus�ncia de rea��o do condutor;Sa�da de leito carro��vel;Sem V�timas;Pleno dia;Decrescente;Sol;Simples;Reta;N�o;1;0;0;0;0;1;0;1;-19,35606942;-42,09290028;SPRF-MG;DEL06-MG;UOP02-DEL06-MG;;;
741178;23/12/2025;ter�a-feira;20:45:00;SC;101;191;BIGUACU;Velocidade Incompat�vel;Tombamento;Com V�timas Feridas;Plena Noite;Decrescente;Chuva;Dupla;Curva;N�o;1;0;1;0;0;0;1;1;-27,47736813;-48,64106353;SPRF-SC;DEL01-SC;UOP01-DEL01-SC;;;
741179;23/12/2025;ter�a-feira;20:50:00;GO;414;437;ANAPOLIS;Entrada inopinada do pedestre;Atropelamento de Pedestre;Com V�timas Feridas;Plena Noite;Crescente;Ignorado;Simples;"Declive;Reta";Sim;4;0;1;0;3;0;1;2;-16,26776428;-48,93928528;SPRF-GO;DEL02-GO;UOP01-DEL02-GO;;;
741181;23/12/2025;ter�a-feira;15:00:00;MG;50;73;UBERLANDIA;Rea��o tardia ou ineficiente do condutor;Tombamento;Com V�timas Feridas;Pleno dia;Crescente;C�u Claro;Dupla;Reta;Sim;1;0;1;0;0;0;1;1;-18,91000643;-48,22512567;SPRF-MG;DEL15-MG;UOP01-DEL15-MG;;;
741183;23/12/2025;ter�a-feira;18:30:00;GO;364;247;JATAI;Aus�ncia de rea��o do condutor;Sa�da de leito carro��vel;Com V�timas Fatais;Anoitecer;Decrescente;C�u Claro;Simples;Reta;N�o;4;1;0;3;0;0;3;1;-17,73660333;-52,13567833;SPRF-GO;DEL05-GO;UOP01-DEL05-GO;;;
741185;23/12/2025;ter�a-feira;17:00:00;GO;452;39;SANTA HELENA DE GOIAS;Acessar a via sem observar a presen�a dos outros ve�culos;Colis�o transversal;Com V�timas Feridas;Pleno dia;Decrescente;C�u Claro;Simples;"Reta;Interse��o de Vias";N�o;3;0;1;0;2;0;1;2;-17,92468399;-50,56617597;SPRF-GO;DEL04-GO;UOP01-DEL04-GO;;;
741186;23/12/2025;ter�a-feira;17:10:00;RN;101;148,7;CAMPO REDONDO;Acessar a via sem observar a presen�a dos outros ve�culos;Colis�o transversal;Com V�timas Feridas;Pleno dia;Decrescente;C�u Claro;Simples;"Reta;Em Obras;Interse��o de Vias";N�o;2;0;0;2;0;0;2;2;-6,28166759;-36,21986389;SPRF-RN;DEL01-RN;UOP01-DEL01-RN;;;
741187;23/12/2025;ter�a-feira;11:15:00;RN;101;103;PARNAMIRIM;Manobra de mudan�a de faixa;Colis�o lateral mesmo sentido;Com V�timas Feridas;Pleno dia;Decrescente;C�u Claro;Dupla;Viaduto;Sim;2;0;0;1;1;0;1;2;-5,89196546;-35,25615541;SPRF-RN;DEL01-RN;UOP01-DEL01-RN;;;
741189;23/12/2025;ter�a-feira;21:00:00;RJ;116;180;NOVA IGUACU;Rea��o tardia ou ineficiente do condutor;Queda de ocupante de ve�culo;Com V�timas Feridas;Plena Noite;Decrescente;C�u Claro;Dupla;Reta;Sim;1;0;1;0;0;0;1;1;-22,75655388;-43,43444824;SPRF-RJ;DEL06-RJ;UOP01-DEL06-RJ;;;
741190;23/12/2025;ter�a-feira;17:40:00;RJ;493;109;SEROPEDICA;Aus�ncia de rea��o do condutor;Colis�o lateral mesmo sentido;Com V�timas Feridas;Anoitecer;Crescente;C�u Claro;Dupla;Reta;N�o;3;0;2;0;1;0;2;2;-22,794462;-43,784063;SPRF-RJ;DEL01-RJ;UOP03-DEL01-RJ;;;
741191;23/12/2025;ter�a-feira;20:20:00;MG;381;505;BETIM;Aus�ncia de rea��o do condutor;Colis�o com objeto;Com V�timas Fatais;Plena Noite;Decrescente;C�u Claro;Dupla;Reta;Sim;1;1;0;0;0;0;0;1;-20,03597969;-44,24487082;SPRF-MG;DEL01-MG;UOP03-DEL01-MG;;;
741193;23/12/2025;ter�a-feira;14:35:00;SC;101;446;SANTA ROSA DO SUL;Transitar na contram�o;Colis�o lateral sentido oposto;Com V�timas Feridas;Pleno dia;Crescente;Nublado;Dupla;Reta;Sim;2;0;0;1;1;0;1;2;-29,16442797;-49,75792632;SPRF-SC;DEL02-SC;UOP02-DEL02-SC;;;
741194;23/12/2025;ter�a-feira;20:54:00;PR;376;117,3;ALTO PARANA;Rea��o tardia ou ineficiente do condutor;Colis�o lateral mesmo sentido;Com V�timas Feridas;Plena Noite;Decrescente;C�u Claro;Dupla;"Reta;Declive";N�o;2;0;1;0;1;0;1;2;-23,107947;-52,342687;SPRF-PR;DEL09-PR;UOP02-DEL09-PR;;;
741195;23/12/2025;ter�a-feira;21:45:00;RS;116;0;PORTO ALEGRE;Avarias e/ou desgaste excessivo no pneu;Tombamento;Com V�timas Feridas;Plena Noite;Decrescente;C�u Claro;M�ltipla;Reta;N�o;1;0;1;0;0;0;1;1;-29,96872835;-51,17629051;SPRF-RS;DEL01-RS;UOP01-DEL01-RS;;;
741196;23/12/2025;ter�a-feira;19:50:00;MS;163;4,1;MUNDO NOVO;Aus�ncia de rea��o do condutor;Colis�o traseira;Com V�timas Feridas;Plena Noite;Decrescente;C�u Claro;Simples;Reta;N�o;5;0;1;0;4;0;1;2;-24,016807;-54,297735;SPRF-MS;DEL09-MS;UOP02-DEL09-MS;;;
741197;23/12/2025;ter�a-feira;21:20:00;PR;376;187;MARIALVA;Aus�ncia de rea��o do condutor;Sa�da de leito carro��vel;Com V�timas Feridas;Plena Noite;Crescente;Nublado;Dupla;Reta;Sim;3;0;2;0;1;0;2;2;-23,45779098;-51,84321491;SPRF-PR;DEL09-PR;UOP01-DEL09-PR;;;
741198;23/12/2025;ter�a-feira;20:05:00;RJ;493;15;GUAPIMIRIM;Ultrapassagem Indevida;Colis�o lateral mesmo sentido;Com V�timas Fatais;Plena Noite;Crescente;C�u Claro;Simples;"Desvio Tempor�rio;Interse��o de Vias;Curva";Sim;2;1;0;0;1;0;0;2;-22,66363067;-42,99590707;SPRF-RJ;DEL04-RJ;UOP02-DEL04-RJ;;;
741199;23/12/2025;ter�a-feira;20:55:00;SC;101;10;GARUVA;Ingest�o de �lcool pelo condutor;Queda de ocupante de ve�culo;Com V�timas Feridas;Plena Noite;Decrescente;C�u Claro;Dupla;Reta;N�o;1;0;1;0;0;0;1;1;-26,06895067;-48,85992944;SPRF-SC;DEL03-SC;UOP01-DEL03-SC;;;
741200;23/12/2025;ter�a-feira;21:30:00;SE;101;201;CRISTINAPOLIS;Acessar a via sem observar a presen�a dos outros ve�culos;Colis�o transversal;Com V�timas Fatais;Plena Noite;Decrescente;C�u Claro;Simples;Curva;N�o;5;1;1;0;3;0;1;2;-11,486002;-37,772628;SPRF-SE;DEL02-SE;UOP03-DEL02-SE;;;
741201;23/12/2025;ter�a-feira;21:05:00;PR;277;5;CURITIBA;Rea��o tardia ou ineficiente do condutor;Colis�o lateral mesmo sentido;Com V�timas Feridas;Plena Noite;Decrescente;C�u Claro;Dupla;Curva;Sim;2;0;0;1;1;0;1;2;-25,42986002;-49,3198785;SPRF-PR;DEL01-PR;UOP05-DEL01-PR;;;
741203;23/12/2025;ter�a-feira;22:30:00;SC;101;197,8;BIGUACU;Manobra de mudan�a de faixa;Queda de ocupante de ve�culo;Com V�timas Feridas;Plena Noite;Crescente;Garoa/Chuvisco;M�ltipla;Reta;Sim;1;0;1;0;0;0;1;1;-27,52240753;-48,63723502;SPRF-SC;DEL01-SC;UOP01-DEL01-SC;;;
741204;23/12/2025;ter�a-feira;22:20:00;SP;116;3;GUARULHOS;Manobra de mudan�a de faixa;Colis�o lateral mesmo sentido;Com V�timas Feridas;Plena Noite;Crescente;Nublado;Dupla;Reta;N�o;4;0;2;0;2;0;2;3;-23,428041;-46,492662;SPRF-SP;DEL01-SP;UOP01-DEL01-SP;;;
741205;23/12/2025;ter�a-feira;14:30:00;SP;116;280;EMBU DAS ARTES;Aus�ncia de rea��o do condutor;Colis�o traseira;Com V�timas Feridas;Pleno dia;Crescente;C�u Claro;Dupla;Reta;Sim;2;0;1;0;1;0;1;2;-23,649703;-46,845387;SPRF-SP;DEL04-SP;UOP01-DEL04-SP;;;
741206;23/12/2025;ter�a-feira;21:40:00;SC;101;190,9;BIGUACU;Aus�ncia de rea��o do condutor;Sa�da de leito carro��vel;Com V�timas Feridas;Plena Noite;Decrescente;Chuva;Dupla;Curva;Sim;3;0;3;0;0;0;3;1;-27,476715;-48,640662;SPRF-SC;DEL01-SC;UOP01-DEL01-SC;;;
741207;23/12/2025;ter�a-feira;20:50:00;PE;232;233;PESQUEIRA;Avarias e/ou desgaste excessivo no pneu;Capotamento;Com V�timas Feridas;Plena Noite;Decrescente;C�u Claro;Simples;Reta;N�o;10;0;9;0;1;0;9;1;-8,406817;-36,907352;SPRF-PE;DEL03-PE;UOP02-DEL03-PE;;;
741208;22/12/2025;segunda-feira;23:30:00;MS;163;690;RIO VERDE DE MATO GROSSO;Demais falhas mec�nicas ou el�tricas;Queda de ocupante de ve�culo;Sem V�timas;Plena Noite;Decrescente;Nublado;Simples;Reta;N�o;1;0;0;0;1;0;0;1;-18,90333282;-54,83747363;SPRF-MS;DEL06-MS;UOP01-DEL06-MS;;;
741209;23/12/2025;ter�a-feira;22:40:00;PE;101;74,6;RECIFE;Manobra de mudan�a de faixa;Colis�o transversal;Com V�timas Feridas;Plena Noite;Decrescente;Nublado;Dupla;Reta;N�o;2;0;0;1;1;0;1;2;-8,10629;-34,94861;SPRF-PE;DEL01-PE;UOP01-DEL01-PE;;;
741212;23/12/2025;ter�a-feira;20:15:00;MA;226;2,5;TIMON;Transitar na contram�o;Colis�o frontal;Com V�timas Feridas;Plena Noite;Decrescente;Garoa/Chuvisco;Dupla;Reta;Sim;2;0;0;1;1;0;1;2;-5,136487;-42,83706;SPRF-MA;DEL03-MA;UOP02-DEL03-MA;;;
741213;23/12/2025;ter�a-feira;21:05:00;CE;122;10,5;CHOROZINHO;Animais na Pista;Atropelamento de Animal;Sem V�timas;Plena Noite;Decrescente;C�u Claro;Dupla;Reta;N�o;1;0;0;0;1;0;0;1;-4,384126;-38,49263;SPRF-CE;DEL01-CE;UOP04-DEL01-CE;;;
741215;23/12/2025;ter�a-feira;22:15:00;PI;343;1,8;TERESINA;Condutor desrespeitou a ilumina��o vermelha do sem�foro;Colis�o transversal;Com V�timas Feridas;Plena Noite;Crescente;C�u Claro;M�ltipla;Interse��o de Vias;Sim;2;0;1;0;1;0;1;2;-5,081445;-42,765973;SPRF-PI;DEL01-PI;UOP01-DEL01-PI;;;
741216;23/12/2025;ter�a-feira;23:40:00;GO;60;65;ABADIANIA;Pedestre andava na pista;Atropelamento de Pedestre;Com V�timas Fatais;Plena Noite;Crescente;C�u Claro;Dupla;Reta;N�o;2;1;0;0;1;0;0;2;-16,201625;-48,738093;SPRF-GO;DEL02-GO;UOP01-DEL02-GO;;;
741217;23/12/2025;ter�a-feira;21:50:00;MS;163;626;SAO GABRIEL DO OESTE;Aus�ncia de rea��o do condutor;Colis�o com objeto;Com V�timas Feridas;Plena Noite;Crescente;Nublado;Simples;"Interse��o de Vias;Reta";N�o;1;0;1;0;0;0;1;1;-19,3044;-54,62628;SPRF-MS;DEL06-MS;UOP02-DEL06-MS;;;
741219;24/12/2025;quarta-feira;00:15:00;PR;277;351;GUARAPUAVA;Condutor deixou de manter dist�ncia do ve�culo da frente;Colis�o traseira;Sem V�timas;Plena Noite;Decrescente;C�u Claro;Simples;"Viaduto;Reta";N�o;4;0;0;0;4;0;0;2;-25,3677581;-51,4930816;SPRF-PR;DEL08-PR;UOP01-DEL08-PR;;;
741221;23/12/2025;ter�a-feira;22:30:00;SC;282;109,7;ALFREDO WAGNER;Velocidade Incompat�vel;Sa�da de leito carro��vel;Com V�timas Feridas;Plena Noite;Decrescente;Garoa/Chuvisco;Simples;Curva;Sim;2;0;1;1;0;0;2;1;-27,725743;-49,359597;SPRF-SC;DEL01-SC;UOP03-DEL01-SC;;;
741223;24/12/2025;quarta-feira;00:00:00;MG;50;199;DELTA;Velocidade Incompat�vel;Capotamento;Com V�timas Feridas;Plena Noite;Decrescente;C�u Claro;Simples;Viaduto;N�o;1;0;1;0;0;0;1;1;-19,928157;-47,820393;SPRF-MG;DEL13-MG;UOP01-DEL13-MG;;;
741224;23/12/2025;ter�a-feira;23:55:00;PB;104;139;QUEIMADAS;Desrespeitar a prefer�ncia no cruzamento;Colis�o transversal;Sem V�timas;Plena Noite;Crescente;C�u Claro;Simples;"Interse��o de Vias;Reta";Sim;2;0;0;0;2;0;0;2;-7,363685;-35,90229;SPRF-PB;DEL02-PB;UOP03-DEL02-PB;;;
741225;23/12/2025;ter�a-feira;22:00:00;PR;369;43,2;ANDIRA;Transitar no Acostamento;Colis�o com objeto;Com V�timas Feridas;Plena Noite;Crescente;C�u Claro;Simples;Reta;N�o;2;0;1;0;1;0;1;1;-23,06702834;-50,2609979;SPRF-PR;DEL07-PR;UOP05-DEL07-PR;;;
741226;24/12/2025;quarta-feira;01:40:00;SP;116;137,7;SAO JOSE DOS CAMPOS;Rea��o tardia ou ineficiente do condutor;Atropelamento de Pedestre;Com V�timas Feridas;Plena Noite;Crescente;C�u Claro;Dupla;Reta;Sim;2;0;0;1;1;0;1;2;-23,15071768;-45,78297119;SPRF-SP;DEL02-SP;UOP01-DEL02-SP;;;
741227;23/12/2025;ter�a-feira;12:45:00;RO;364;342;JI-PARANA;Acessar a via sem observar a presen�a dos outros ve�culos;Colis�o lateral mesmo sentido;Com V�timas Feridas;Pleno dia;Crescente;C�u Claro;Simples;Reta;Sim;2;0;1;0;1;0;1;2;-10,885774;-61,934047;SPRF-RO;DEL02-RO;UOP01-DEL02-RO;;;
741228;24/12/2025;quarta-feira;00:40:00;SC;280;74;JARAGUA DO SUL;Ingest�o de �lcool pelo condutor;Colis�o frontal;Com V�timas Feridas;Plena Noite;Crescente;Garoa/Chuvisco;Simples;Reta;Sim;6;0;3;0;3;0;3;2;-26,458663;-49,1723;SPRF-SC;DEL03-SC;UOP03-DEL03-SC;;;