id;data_inversa;dia_semana;horario;uf;br;km;municipio;causa_acidente;tipo_acidente;classificacao_acidente;fase_dia;sentido_via;condicao_metereologica;tipo_pista;tracado_via;uso_solo;pessoas;mortos;feridos_leves;feridos_graves;ilesos;ignorados;feridos;veiculos;latitude;longitude;regional;delegacia;uop;;;
741347;24/12/2025;quarta-feira;16:30:00;RS;290;73;GRAVATAI;Condutor deixou de manter dist�ncia do ve�culo da frente;Colis�o traseira;Com V�timas Feridas;Pleno dia;Crescente;Nublado;M�ltipla;Reta;N�o;5;0;1;0;4;0;1;2;-29,95305913;-50,99369323;SPRF-RS;DEL03-RS;UOP01-DEL03-RS;;;
741349;24/12/2025;quarta-feira;14:50:00;MG;381;279,5;JAGUARACU;Acessar a via sem observar a presen�a dos outros ve�culos;Colis�o transversal;Com V�timas Feridas;Pleno dia;Decrescente;C�u Claro;Simples;Interse��o de Vias;N�o;6;0;5;0;1;0;5;2;-19,60687088;-42,76094914;SPRF-MG;DEL03-MG;UOP02-DEL03-MG;;;
741350;03/11/2025;segunda-feira;10:55:00;BA;101;784;ITAMARAJU;Acessar a via sem observar a presen�a dos outros ve�culos;Tombamento;Com V�timas Feridas;Pleno dia;Crescente;C�u Claro;Simples;Curva;N�o;2;0;1;0;1;0;1;2;-16,8306741;-39,4795574;SPRF-BA;DEL09-BA;UOP01-DEL09-BA;;;
741351;24/12/2025;quarta-feira;16:30:00;MG;381;491;BETIM;Demais falhas mec�nicas ou el�tricas;Colis�o traseira;Com V�timas Feridas;Pleno dia;Decrescente;Nublado;Dupla;Reta;Sim;5;0;4;0;1;0;4;2;-19,958474;-44,151014;SPRF-MG;DEL01-MG;UOP03-DEL01-MG;;;
741352;24/12/2025;quarta-feira;10:30:00;SP;116;153;SAO JOSE DOS CAMPOS;Aus�ncia de rea��o do condutor;Queda de ocupante de ve�culo;Com V�timas Feridas;Pleno dia;Decrescente;C�u Claro;Dupla;Reta;Sim;1;0;1;0;0;0;1;1;-23,23109278;-45,91173582;SPRF-SP;DEL02-SP;UOP01-DEL02-SP;;;
741353;24/12/2025;quarta-feira;10:35:00;SC;282;484,2;FAXINAL DOS GUEDES;Velocidade Incompat�vel;Sa�da de leito carro��vel;Com V�timas Feridas;Pleno dia;Decrescente;Nublado;Simples;Reta;N�o;4;0;2;0;2;0;2;1;-26,8626976;-52,22465515;SPRF-SC;DEL07-SC;UOP01-DEL07-SC;;;
741355;24/12/2025;quarta-feira;09:20:00;MA;230;165;PASTOS BONS;Aus�ncia de rea��o do condutor;Capotamento;Com V�timas Feridas;Pleno dia;Decrescente;C�u Claro;Simples;Reta;N�o;4;0;0;2;2;0;2;1;-6,69650863;-44,23930169;SPRF-MA;DEL05-MA;UOP01-DEL05-MA;;;
741356;24/12/2025;quarta-feira;17:00:00;SP;381;83;SAO PAULO;Velocidade Incompat�vel;Capotamento;Com V�timas Feridas;Pleno dia;Crescente;Sol;M�ltipla;Reta;N�o;1;0;1;0;0;0;1;1;-23,45299577;-46,56985402;SPRF-SP;DEL03-SP;UOP01-DEL03-SP;;;
741357;24/12/2025;quarta-feira;11:55:00;SC;282;512;XANXERE;Acessar a via sem observar a presen�a dos outros ve�culos;Colis�o transversal;Com V�timas Feridas;Pleno dia;Crescente;Nublado;Simples;"Reta;Declive";N�o;3;0;2;0;1;0;2;2;-26,91325398;-52,47576563;SPRF-SC;DEL07-SC;UOP01-DEL07-SC;;;
741358;24/12/2025;quarta-feira;16:45:00;RJ;116;180;NOVA IGUACU;Aus�ncia de rea��o do condutor;Colis�o com objeto;Com V�timas Feridas;Pleno dia;Crescente;C�u Claro;M�ltipla;"Reta;Aclive";Sim;3;0;1;1;1;0;2;1;-22,7633477;-43,4193531;SPRF-RJ;DEL06-RJ;UOP01-DEL06-RJ;;;
741359;24/12/2025;quarta-feira;17:00:00;SP;116;91,8;PINDAMONHANGABA;Aus�ncia de rea��o do condutor;Colis�o com objeto;Com V�timas Feridas;Pleno dia;Crescente;Sol;Dupla;Reta;N�o;1;0;1;0;0;0;1;1;-22,95121695;-45,40315845;SPRF-SP;DEL08-SP;UOP01-DEL08-SP;;;
741360;24/12/2025;quarta-feira;16:40:00;SP;101;47,9;UBATUBA;Ingest�o de �lcool pelo condutor;Colis�o lateral mesmo sentido;Com V�timas Feridas;Pleno dia;Crescente;Sol;Simples;Reta;Sim;5;0;4;0;0;1;4;3;-23,43352542;-45,08646218;SPRF-SP;DEL06-SP;UOP01-DEL06-SP;;;
741361;24/12/2025;quarta-feira;16:00:00;RJ;116;282;BARRA MANSA;Rea��o tardia ou ineficiente do condutor;Colis�o com objeto;Com V�timas Feridas;Pleno dia;Crescente;Nublado;Dupla;Curva;Sim;2;0;2;0;0;0;2;1;-22,52942488;-44,19576645;SPRF-RJ;DEL07-RJ;UOP02-DEL07-RJ;;;
741362;24/12/2025;quarta-feira;16:30:00;PR;153;38,3;SANTO ANTONIO DA PLATINA;Ingest�o de �lcool pelo condutor;Colis�o com objeto;Sem V�timas;Pleno dia;Decrescente;C�u Claro;Simples;"Curva;Aclive";N�o;1;0;0;0;0;1;0;1;-23,26645126;-50,06397557;SPRF-PR;DEL07-PR;UOP04-DEL07-PR;;;
741363;24/12/2025;quarta-feira;17:05:00;SC;101;191;BIGUACU;Pista Escorregadia;Sa�da de leito carro��vel;Com V�timas Feridas;Pleno dia;Crescente;Chuva;Dupla;Curva;N�o;2;0;0;1;1;0;1;1;-27,47768;-48,64173;SPRF-SC;DEL01-SC;UOP01-DEL01-SC;;;
741364;24/12/2025;quarta-feira;16:30:00;MG;381;336,6;BELA VISTA DE MINAS;Acesso irregular;Colis�o transversal;Com V�timas Feridas;Pleno dia;Decrescente;Sol;Simples;"Aclive;Reta";N�o;4;0;2;0;1;1;2;2;-19,826157;-43,085051;SPRF-MG;DEL03-MG;UOP01-DEL03-MG;;;
741366;24/12/2025;quarta-feira;16:00:00;GO;414;440;ANAPOLIS;Demais falhas na via;Queda de ocupante de ve�culo;Com V�timas Feridas;Pleno dia;Crescente;Chuva;Simples;Declive;Sim;1;0;1;0;0;0;1;1;-16,27320884;-48,94058344;SPRF-GO;DEL02-GO;UOP01-DEL02-GO;;;
741367;24/12/2025;quarta-feira;15:50:00;SC;101;193;BIGUACU;Ingest�o de �lcool pelo condutor;Sa�da de leito carro��vel;Com V�timas Feridas;Pleno dia;Decrescente;C�u Claro;M�ltipla;Reta;Sim;1;0;1;0;0;0;1;1;-27,492765;-48,656913;SPRF-SC;DEL01-SC;UOP01-DEL01-SC;;;
741368;24/12/2025;quarta-feira;16:30:00;MG;40;786,7;JUIZ DE FORA;Mal s�bito do condutor;Colis�o com objeto;Com V�timas Feridas;Pleno dia;Crescente;Nublado;Dupla;Curva;N�o;1;0;1;0;0;0;1;1;-21,725361;-43,438686;SPRF-MG;DEL05-MG;UOP01-DEL05-MG;;;
741369;24/12/2025;quarta-feira;17:00:00;RS;116;628,9;ARROIO GRANDE;Rea��o tardia ou ineficiente do condutor;Sa�da de leito carro��vel;Sem V�timas;Pleno dia;Crescente;Nublado;Simples;Reta;N�o;1;0;0;0;1;0;0;1;-32,36865305;-53,18721771;SPRF-RS;DEL07-RS;UOP03-DEL07-RS;;;
741370;24/12/2025;quarta-feira;16:30:00;PE;232;83;GRAVATA;Rea��o tardia ou ineficiente do condutor;Queda de ocupante de ve�culo;Com V�timas Feridas;Pleno dia;Crescente;Nublado;Dupla;"Retorno Regulamentado;Declive";Sim;1;0;0;1;0;0;1;1;-8,20285131;-35,59694616;SPRF-PE;DEL02-PE;UOP02-DEL02PE;;;
741371;24/12/2025;quarta-feira;17:00:00;SP;381;46;ATIBAIA;Demais falhas mec�nicas ou el�tricas;Sa�da de leito carro��vel;Sem V�timas;Pleno dia;Crescente;C�u Claro;Dupla;Reta;N�o;1;0;0;0;1;0;0;1;-23,180574;-46,580604;SPRF-SP;DEL03-SP;UOP01-DEL03-SP;;;
741372;24/12/2025;quarta-feira;10:30:00;RJ;101;321;NITEROI;Aus�ncia de rea��o do condutor;Colis�o traseira;Com V�timas Feridas;Pleno dia;Decrescente;C�u Claro;Dupla;"Reta;Aclive";N�o;2;0;1;0;1;0;1;2;-22,87620392;-43,11023422;SPRF-RJ;DEL02-RJ;UOP01-DEL02-RJ;;;
741373;24/12/2025;quarta-feira;09:49:00;BA;116;201;EUCLIDES DA CUNHA;Condutor deixou de manter dist�ncia do ve�culo da frente;Colis�o traseira;Com V�timas Feridas;Pleno dia;Decrescente;C�u Claro;Simples;Reta;N�o;2;0;1;0;1;0;1;2;-10,42319;-39,037477;SPRF-BA;DEL07-BA;UOP03-DEL07-BA;;;
741374;24/12/2025;quarta-feira;17:45:00;PE;101;80;JABOATAO DOS GUARARAPES;Acessar a via sem observar a presen�a dos outros ve�culos;Atropelamento de Pedestre;Com V�timas Feridas;Pleno dia;Decrescente;C�u Claro;Dupla;Reta;Sim;2;0;1;0;1;0;1;2;-8,15455;-34,94175;SPRF-PE;DEL01-PE;UOP01-DEL01-PE;;;
741375;24/12/2025;quarta-feira;18:15:00;RJ;116;69;TERESOPOLIS;Aus�ncia de rea��o do condutor;Queda de ocupante de ve�culo;Com V�timas Feridas;Anoitecer;Crescente;C�u Claro;Simples;Curva;Sim;1;0;1;0;0;0;1;1;-22,305322;-42,936448;SPRF-RJ;DEL04-RJ;UOP01-DEL04-RJ;;;
741376;24/12/2025;quarta-feira;05:15:00;BA;101;634;MASCOTE;Velocidade Incompat�vel;Sa�da de leito carro��vel;Sem V�timas;Pleno dia;Decrescente;C�u Claro;Simples;Reta;N�o;2;0;0;0;2;0;0;1;-15,755502;-39,482483;SPRF-BA;DEL05-BA;UOP02-DEL05-BA;;;
741377;24/12/2025;quarta-feira;17:30:00;PE;101;48;ABREU E LIMA;Aus�ncia de rea��o do condutor;Colis�o traseira;Com V�timas Feridas;Anoitecer;Crescente;C�u Claro;Dupla;Reta;Sim;2;0;1;0;1;0;1;2;-7,89759;-34,90265;SPRF-PE;DEL01-PE;UOP02-DEL01-PE;;;
741379;24/12/2025;quarta-feira;08:40:00;BA;407;135;SENHOR DO BONFIM;Manobra de mudan�a de faixa;Colis�o lateral mesmo sentido;Com V�timas Feridas;Pleno dia;Decrescente;C�u Claro;Simples;Reta;N�o;2;0;0;1;0;1;1;2;-10,53103759;-40,1385355;SPRF-BA;DEL04-BA;UOP01-DEL04-BA;;;
741381;24/12/2025;quarta-feira;18:40:00;SP;381;3;VARGEM;Aus�ncia de rea��o do condutor;Colis�o com objeto;Com V�timas Feridas;Plena Noite;Decrescente;C�u Claro;Dupla;Reta;N�o;1;0;0;1;0;0;1;1;-22,87972144;-46,40124726;SPRF-SP;DEL03-SP;UOP02-DEL03-SP;;;
741382;24/12/2025;quarta-feira;16:45:00;RS;472;184,4;SANTO CRISTO;Aus�ncia de rea��o do condutor;Sa�da de leito carro��vel;Com V�timas Feridas;Pleno dia;Crescente;Nublado;Simples;Curva;N�o;1;0;1;0;0;0;1;1;-27,83747187;-54,60329231;SPRF-RS;DEL10-RS;UOP01-DEL10-RS;;;
741384;24/12/2025;quarta-feira;16:00:00;GO;153;499;GOIANIA;Rea��o tardia ou ineficiente do condutor;Colis�o com objeto;Sem V�timas;Pleno dia;Crescente;C�u Claro;Dupla;"Reta;Viaduto";Sim;1;0;0;0;1;0;0;1;-16,694491;-49,231887;SPRF-GO;DEL01-GO;UOP01-DEL01-GO;;;
741385;24/12/2025;quarta-feira;11:00:00;AC;317;249;EPITACIOLANDIA;Aus�ncia de rea��o do condutor;Sa�da de leito carro��vel;Com V�timas Feridas;Pleno dia;Crescente;C�u Claro;Simples;Reta;N�o;5;0;5;0;0;0;5;1;-10,825685;-68,467502;SPRF-AC;DEL01-AC;UOP02-DEL01-AC;;;
741386;24/12/2025;quarta-feira;16:00:00;PR;277;341;GUARAPUAVA;Aus�ncia de rea��o do condutor;Sa�da de leito carro��vel;Com V�timas Fatais;Pleno dia;Crescente;C�u Claro;Dupla;Reta;N�o;1;1;0;0;0;0;0;1;-25,34182;-51,41235;SPRF-PR;DEL08-PR;UOP01-DEL08-PR;;;
741388;24/12/2025;quarta-feira;14:30:00;RJ;116;142;DUQUE DE CAXIAS;Trafegar com motocicleta (ou similar) entre as faixas;Colis�o traseira;Com V�timas Feridas;Pleno dia;Decrescente;C�u Claro;Dupla;Reta;Sim;2;0;1;0;1;0;1;2;-22,64911509;-43,23089828;SPRF-RJ;DEL01-RJ;UOP02-DEL01-RJ;;;
741389;24/12/2025;quarta-feira;17:41:00;SC;101;191;BIGUACU;Rea��o tardia ou ineficiente do condutor;Sa�da de leito carro��vel;Com V�timas Feridas;Pleno dia;Crescente;Chuva;Dupla;Curva;N�o;5;0;0;4;1;0;4;4;-27,47768;-48,64173;SPRF-SC;DEL01-SC;UOP01-DEL01-SC;;;
741390;24/12/2025;quarta-feira;18:45:00;PR;277;4;CURITIBA;Aus�ncia de rea��o do condutor;Sa�da de leito carro��vel;Sem V�timas;Anoitecer;Crescente;C�u Claro;Dupla;"Reta;Declive";Sim;1;0;0;0;0;1;0;1;-25,43065023;-49,32235577;SPRF-PR;DEL01-PR;UOP05-DEL01-PR;;;
741391;24/12/2025;quarta-feira;19:05:00;PB;230;22,3;JOAO PESSOA;Manobra de mudan�a de faixa;Colis�o lateral mesmo sentido;Com V�timas Feridas;Plena Noite;Decrescente;C�u Claro;Dupla;Reta;Sim;4;0;0;2;2;0;2;2;-7,15401;-34,855532;SPRF-PB;DEL01-PB;UOP01-DEL01-PB;;;
741392;24/12/2025;quarta-feira;19:35:00;RS;116;243;SAO LEOPOLDO;Rea��o tardia ou ineficiente do condutor;Colis�o traseira;Com V�timas Feridas;Anoitecer;Crescente;Nublado;M�ltipla;Reta;Sim;3;0;2;0;1;0;2;2;-29,73468701;-51,15021283;SPRF-RS;DEL01-RS;UOP02-DEL01-RS;;;
741393;24/12/2025;quarta-feira;18:20:00;PE;423;83;JUCATI;Aus�ncia de rea��o do condutor;Queda de ocupante de ve�culo;Com V�timas Feridas;Plena Noite;Decrescente;C�u Claro;Simples;Aclive;N�o;1;0;1;0;0;0;1;1;-8,79657145;-36,43731594;SPRF-PE;DEL03-PE;UOP01-DEL03-PE;;;
741394;24/12/2025;quarta-feira;09:55:00;RJ;101;226;SILVA JARDIM;Avarias e/ou desgaste excessivo no pneu;Queda de ocupante de ve�culo;Com V�timas Feridas;Pleno dia;Decrescente;C�u Claro;Dupla;Curva;N�o;2;0;1;0;1;0;1;1;-22,60561549;-42,38965638;SPRF-RJ;DEL02-RJ;UOP03-DEL02-RJ;;;
741395;24/12/2025;quarta-feira;19:45:00;MG;381;489,1;BETIM;Pedestre andava na pista;Atropelamento de Pedestre;Com V�timas Fatais;Plena Noite;Decrescente;Sol;M�ltipla;Reta;Sim;3;1;0;0;2;0;0;3;-19,95640206;-44,13511483;SPRF-MG;DEL01-MG;UOP03-DEL01-MG;;;
741396;24/12/2025;quarta-feira;19:15:00;RN;406;170;SAO GONCALO DO AMARANTE;Manobra de mudan�a de faixa;Colis�o lateral mesmo sentido;Com V�timas Feridas;Plena Noite;Crescente;C�u Claro;Dupla;Reta;Sim;3;0;2;0;1;0;2;2;-5,758978;-35,297937;SPRF-RN;DEL02-RN;UOP01-DEL02-RN;;;
741398;24/12/2025;quarta-feira;19:30:00;PE;104;73,4;CARUARU;Condutor deixou de manter dist�ncia do ve�culo da frente;Colis�o traseira;Com V�timas Feridas;Plena Noite;Crescente;C�u Claro;Simples;"Declive;Reta";Sim;2;0;1;0;1;0;1;2;-8,34725;-35,98469;SPRF-PE;DEL02-PE;UOP01-DEL02-PE;;;
741399;24/12/2025;quarta-feira;19:15:00;RJ;101;116,6;CAMPOS DOS GOYTACAZES;Rea��o tardia ou ineficiente do condutor;Tombamento;Com V�timas Feridas;Plena Noite;Crescente;C�u Claro;Dupla;Reta;N�o;1;0;1;0;0;0;1;1;-22,006307;-41,665303;SPRF-RJ;DEL08-RJ;UOP02-DEL08-RJ;;;
741400;24/12/2025;quarta-feira;20:08:00;RN;304;46,4;MOSSORO;Rea��o tardia ou ineficiente do condutor;Colis�o com objeto;Sem V�timas;Plena Noite;Crescente;C�u Claro;Dupla;Reta;Sim;1;0;0;0;0;1;0;1;-5,2264061;-37,3353806;SPRF-RN;DEL04-RN;UOP01-DEL04-RN;;;
741401;24/12/2025;quarta-feira;19:56:00;PR;376;299;MAUA DA SERRA;Pedestre andava na pista;Atropelamento de Pedestre;Com V�timas Fatais;Plena Noite;Decrescente;C�u Claro;Dupla;Reta;N�o;2;1;0;0;0;1;0;2;-23,932175;-51,167747;SPRF-PR;DEL07-PR;UOP02-DEL07-PR;;;
741402;24/12/2025;quarta-feira;19:30:00;MG;381;503,2;BETIM;Aus�ncia de rea��o do condutor;Colis�o traseira;Com V�timas Feridas;Plena Noite;Crescente;C�u Claro;Dupla;Curva;N�o;3;0;1;0;2;0;1;2;-20,026155;-44,231979;SPRF-MG;DEL01-MG;UOP03-DEL01-MG;;;
741403;19/12/2025;sexta-feira;20:45:00;PB;361;10,7;PATOS;Objeto est�tico sobre o leito carro��vel;Colis�o com objeto;Com V�timas Feridas;Plena Noite;Crescente;C�u Claro;Simples;"Declive;Reta";N�o;3;0;1;1;0;1;2;1;-7,041407;-37,352016;SPRF-PB;DEL03-PB;UOP01-DEL03-PB;;;
741404;24/12/2025;quarta-feira;20:00:00;SP;153;174;GUAICARA;Ingest�o de �lcool pelo condutor;Colis�o traseira;Sem V�timas;Plena Noite;Crescente;C�u Claro;Simples;Rotat�ria;N�o;2;0;0;0;2;0;0;2;-21,6335128;-49,78775851;SPRF-SP;DEL07-SP;UOP01-DEL07-SP;;;
741405;24/12/2025;quarta-feira;19:40:00;CE;116;42;HORIZONTE;Ultrapassagem Indevida;Tombamento;Com V�timas Feridas;Plena Noite;Crescente;C�u Claro;Dupla;Reta;Sim;3;0;2;0;1;0;2;2;-4,10857572;-38,49488005;SPRF-CE;DEL01-CE;UOP02-DEL01-CE;;;
741406;24/12/2025;quarta-feira;20:00:00;MG;365;746;ITUIUTABA;Aus�ncia de rea��o do condutor;Colis�o traseira;Com V�timas Fatais;Plena Noite;Crescente;C�u Claro;Simples;Reta;N�o;4;1;0;1;2;0;1;2;-18,929853;-49,42558;SPRF-MG;DEL15-MG;UOP03-DEL15-MG;;;
741407;24/12/2025;quarta-feira;20:10:00;RN;304;47,1;MOSSORO;Pedestre cruzava a pista fora da faixa;Atropelamento de Pedestre;Com V�timas Feridas;Plena Noite;Decrescente;C�u Claro;Dupla;Reta;Sim;2;0;0;1;0;1;1;2;-5,225858;-37,330032;SPRF-RN;DEL04-RN;UOP01-DEL04-RN;;;
741409;24/12/2025;quarta-feira;19:50:00;RO;364;435;CACAULANDIA;Condutor deixou de manter dist�ncia do ve�culo da frente;Colis�o traseira;Sem V�timas;Plena Noite;Decrescente;Garoa/Chuvisco;Simples;Curva;N�o;2;0;0;0;2;0;0;2;-10,24668153;-62,72781372;SPRF-RO;DEL03-RO;UOP02-DEL03-RO;;;
741410;24/12/2025;quarta-feira;21:00:00;PE;232;7,2;RECIFE;Aus�ncia de rea��o do condutor;Tombamento;Com V�timas Feridas;Plena Noite;Decrescente;C�u Claro;M�ltipla;Reta;N�o;1;0;0;1;0;0;1;1;-8,07134016;-34,95443016;SPRF-PE;DEL01-PE;UOP01-DEL01-PE;;;
741411;24/12/2025;quarta-feira;21:10:00;GO;153;439;ANAPOLIS;Condutor deixou de manter dist�ncia do ve�culo da frente;Colis�o com objeto;Com V�timas Feridas;Plena Noite;Crescente;C�u Claro;Dupla;"Reta;Aclive";Sim;5;0;1;0;4;0;1;1;-16,32335195;-48,92219424;SPRF-GO;DEL02-GO;UOP01-DEL02-GO;;;
741412;24/12/2025;quarta-feira;19:40:00;PA;163;996,4;SANTAREM;Condutor deixou de manter dist�ncia do ve�culo da frente;Colis�o traseira;Com V�timas Feridas;Plena Noite;Crescente;Garoa/Chuvisco;Simples;"Declive;Reta";N�o;3;0;1;0;2;0;1;2;-2,500255;-54,7302487;SPRF-PA;DEL05-PA;UOP01-DEL05-PA;;;
741413;24/12/2025;quarta-feira;19:40:00;RS;468;100,1;TRES PASSOS;Acessar a via sem observar a presen�a dos outros ve�culos;Colis�o transversal;Com V�timas Feridas;Plena Noite;Crescente;Chuva;Simples;Interse��o de Vias;Sim;7;0;5;2;0;0;7;2;-27,47384531;-53,91917579;SPRF-RS;DEL08-RS;UOP02-DEL08-RS;;;
741414;24/12/2025;quarta-feira;20:40:00;SP;116;392;MIRACATU;Entrada inopinada do pedestre;Atropelamento de Pedestre;Com V�timas Fatais;Plena Noite;Decrescente;C�u Claro;Dupla;Reta;N�o;2;1;0;0;1;0;0;2;-24,27696888;-47,41637587;SPRF-SP;DEL04-SP;UOP02-DEL04-SP;;;
741416;24/12/2025;quarta-feira;21:30:00;RS;290;107;ELDORADO DO SUL;Pedestre cruzava a pista fora da faixa;Queda de ocupante de ve�culo;Com V�timas Feridas;Plena Noite;Decrescente;C�u Claro;Dupla;Reta;Sim;1;0;1;0;0;0;1;1;-30,00533634;-51,3119838;SPRF-RS;DEL02-RS;UOP01-DEL02-RS;;;
741417;24/12/2025;quarta-feira;21:50:00;SP;116;284;EMBU DAS ARTES;Animais na Pista;Atropelamento de Animal;Sem V�timas;Plena Noite;Crescente;C�u Claro;Dupla;Reta;Sim;4;0;0;0;4;0;0;3;-23,67734353;-46,85768127;SPRF-SP;DEL04-SP;UOP01-DEL04-SP;;;
741419;24/12/2025;quarta-feira;20:30:00;PR;116;128;FAZENDA RIO GRANDE;Ingest�o de �lcool pelo condutor;Colis�o traseira;Com V�timas Feridas;Plena Noite;Crescente;C�u Claro;Dupla;Reta;Sim;2;0;1;0;1;0;1;2;-25,6587848;-49,31243269;SPRF-PR;DEL01-PR;UOP03-DEL01-PR;;;
741420;24/12/2025;quarta-feira;22:30:00;MG;381;442,5;SABARA;Afundamento ou ondula��o no pavimento;Sa�da de leito carro��vel;Com V�timas Feridas;Plena Noite;Decrescente;C�u Claro;Simples;Reta;Sim;1;0;1;0;0;0;1;1;-19,82764;-43,83802;SPRF-MG;DEL01-MG;UOP01-DEL01-MG;;;
741422;24/12/2025;quarta-feira;22:00:00;PR;376;620,2;SAO JOSE DOS PINHAIS;Chuva;Colis�o com objeto;Com V�timas Feridas;Plena Noite;Crescente;Chuva;M�ltipla;Reta;Sim;2;0;1;0;1;0;1;1;-25,618165;-49,168932;SPRF-PR;DEL01-PR;UOP04-DEL01-PR;;;
741424;24/12/2025;quarta-feira;22:25:00;PR;376;426;TIBAGI;Rea��o tardia ou ineficiente do condutor;Queda de ocupante de ve�culo;Com V�timas Feridas;Plena Noite;Crescente;C�u Claro;Dupla;Reta;N�o;1;0;1;0;0;0;1;1;-24,7605;-50,53151;SPRF-PR;DEL03-PR;UOP02-DEL03-PR;;;
741425;24/12/2025;quarta-feira;13:50:00;RJ;101;333;RIO DE JANEIRO;Rea��o tardia ou ineficiente do condutor;Atropelamento de Pedestre;Com V�timas Feridas;Pleno dia;Crescente;C�u Claro;Dupla;Ponte;N�o;2;0;0;1;1;0;1;2;-22,88412697;-43,21620796;SPRF-RJ;DEL02-RJ;UOP01-DEL02-RJ;;;
741426;24/12/2025;quarta-feira;18:00:00;AC;364;120;CAPIXABA;Ingest�o de �lcool pelo condutor;Colis�o lateral sentido oposto;Sem V�timas;Plena Noite;Decrescente;Chuva;Simples;Reta;N�o;3;0;0;0;3;0;0;2;-10,39000832;-67,71633625;SPRF-AC;DEL01-AC;UOP01-DEL01-AC;;;
741427;24/12/2025;quarta-feira;21:50:00;PB;230;15;JOAO PESSOA;Rea��o tardia ou ineficiente do condutor;Colis�o lateral mesmo sentido;Sem V�timas;Plena Noite;Decrescente;Nublado;Dupla;Reta;Sim;6;0;0;0;5;1;0;3;-7,10081637;-34,84759569;SPRF-PB;DEL01-PB;UOP01-DEL01-PB;;;
741428;24/12/2025;quarta-feira;21:35:00;PR;163;169,6;LINDOESTE;Aus�ncia de rea��o do condutor;Colis�o com objeto;Com V�timas Feridas;Plena Noite;Crescente;C�u Claro;Dupla;"Curva;Declive";N�o;1;0;1;0;0;0;1;1;-25,242063;-53,585964;SPRF-PR;DEL05-PR;UOP05-DEL05-PR;;;
741429;24/12/2025;quarta-feira;13:25:00;MT;70;6;BARRA DO GARCAS;Rea��o tardia ou ineficiente do condutor;Colis�o transversal;Com V�timas Feridas;Pleno dia;Crescente;C�u Claro;Dupla;Reta;Sim;1;0;1;0;0;0;1;1;-15,87751;-52,29868;SPRF-MT;DEL07-MT;UOP01-DEL07-MT;;;
741430;24/12/2025;quarta-feira;23:15:00;PE;232;239;ARCOVERDE;Rea��o tardia ou ineficiente do condutor;Colis�o traseira;Sem V�timas;Plena Noite;Crescente;C�u Claro;Simples;Reta;N�o;4;0;0;0;4;0;0;2;-8,416235;-36,955035;SPRF-PE;DEL04-PE;UOP02-DEL04-PE;;;
741432;24/12/2025;quarta-feira;23:05:00;PE;101;49,3;ABREU E LIMA;Pedestre cruzava a pista fora da faixa;Atropelamento de Pedestre;Com V�timas Feridas;Plena Noite;Crescente;C�u Claro;M�ltipla;Reta;Sim;2;0;0;1;1;0;1;2;-7,907;-34,902;SPRF-PE;DEL01-PE;UOP02-DEL01-PE;;;
741433;24/12/2025;quarta-feira;23:00:00;SP;116;174,6;JACAREI;Pedestre cruzava a pista fora da faixa;Atropelamento de Pedestre;Com V�timas Fatais;Plena Noite;Crescente;C�u Claro;Dupla;"Declive;Reta";Sim;2;1;0;0;1;0;0;2;-23,31966483;-46,0897314;SPRF-SP;DEL02-SP;UOP01-DEL02-SP;;;
741434;24/12/2025;quarta-feira;21:40:00;RJ;40;4;COMENDADOR LEVY GASPARIAN;Animais na Pista;Atropelamento de Animal;Com V�timas Feridas;Plena Noite;Decrescente;Ignorado;Dupla;Reta;N�o;1;0;1;0;0;0;1;1;-22,02800215;-43,2301926;SPRF-RJ;DEL05-RJ;UOP02-DEL05-RJ;;;
741435;24/12/2025;quarta-feira;20:00:00;RO;435;126;CEREJEIRAS;Rea��o tardia ou ineficiente do condutor;Sa�da de leito carro��vel;Com V�timas Feridas;Plena Noite;Crescente;C�u Claro;Simples;Reta;N�o;1;0;1;0;0;0;1;1;-13,18909656;-60,83669409;SPRF-RO;DEL04-RO;UOP02-DEL04-RO;;;
741436;24/12/2025;quarta-feira;23:20:00;MG;381;239,8;SANTANA DO PARAISO;Ingest�o de �lcool pelo condutor;Colis�o lateral mesmo sentido;Com V�timas Feridas;Plena Noite;Decrescente;C�u Claro;Simples;Reta;N�o;2;0;0;1;0;1;1;2;-19,427298;-42,501288;SPRF-MG;DEL06-MG;UOP01-DEL06-MG;;;
741437;25/12/2025;quinta-feira;01:00:00;MG;40;462;SETE LAGOAS;Rea��o tardia ou ineficiente do condutor;Queda de ocupante de ve�culo;Com V�timas Feridas;Plena Noite;Crescente;C�u Claro;Dupla;"Curva;Declive";Sim;1;0;0;1;0;0;1;1;-19,411359;-44,335924;SPRF-MG;DEL02-MG;UOP01-DEL02-MG;;;
741439;24/12/2025;quarta-feira;23:21:00;MT;163;891;CLAUDIA;Demais falhas mec�nicas ou el�tricas;Sa�da de leito carro��vel;Sem V�timas;Plena Noite;Crescente;Nublado;Simples;Reta;N�o;2;0;0;0;2;0;0;1;-11,3866;-55,3432;SPRF-MT;DEL06-MT;UOP02-DEL06-MT;;;
741441;25/12/2025;quinta-feira;00:57:00;SC;101;211,9;PALHOCA;Rea��o tardia ou ineficiente do condutor;Colis�o traseira;Sem V�timas;Plena Noite;Decrescente;C�u Claro;M�ltipla;"Reta;Aclive";Sim;4;0;0;0;4;0;0;2;-27,62903184;-48,65790104;SPRF-SC;DEL01-SC;UOP02-DEL01-SC;;;