id;data_inversa;dia_semana;horario;uf;br;km;municipio;causa_acidente;tipo_acidente;classificacao_acidente;fase_dia;sentido_via;condicao_metereologica;tipo_pista;tracado_via;uso_solo;pessoas;mortos;feridos_leves;feridos_graves;ilesos;ignorados;feridos;veiculos;latitude;longitude;regional;delegacia;uop;;;
741442;25/12/2025;quinta-feira;01:00:00;PR;277;3,5;PARANAGUA;Ingest�o de �lcool pelo condutor;Colis�o frontal;Com V�timas Feridas;Plena Noite;Crescente;Garoa/Chuvisco;M�ltipla;Rotat�ria;Sim;6;0;5;0;1;0;5;2;-25,54630293;-48,56018957;SPRF-PR;DEL01-PR;UOP05-DEL01-PR;;;
741444;25/12/2025;quinta-feira;01:05:00;PB;230;21;JOAO PESSOA;Aus�ncia de rea��o do condutor;Tombamento;Com V�timas Feridas;Plena Noite;Crescente;C�u Claro;Dupla;Reta;Sim;2;0;1;1;0;0;2;1;-7,144397;-34,851402;SPRF-PB;DEL01-PB;UOP01-DEL01-PB;;;
741445;25/12/2025;quinta-feira;00:50:00;SC;480;130,3;CHAPECO;Rea��o tardia ou ineficiente do condutor;Sa�da de leito carro��vel;Sem V�timas;Plena Noite;Crescente;Nublado;Simples;Reta;Sim;1;0;0;0;1;0;0;1;-27,04101778;-52,63547357;SPRF-SC;DEL07-SC;UOP01-DEL07-SC;;;
741446;25/12/2025;quinta-feira;00:56:00;PR;376;314;ORTIGUEIRA;Demais falhas mec�nicas ou el�tricas;Inc�ndio;Sem V�timas;Plena Noite;Crescente;C�u Claro;Simples;Reta;N�o;3;0;0;0;3;0;0;1;-24,005325;-51,088403;SPRF-PR;DEL07-PR;UOP02-DEL07-PR;;;
741447;25/12/2025;quinta-feira;01:45:00;MG;116;276;TEOFILO OTONI;Desrespeitar a prefer�ncia no cruzamento;Colis�o transversal;Com V�timas Feridas;Plena Noite;Crescente;Nublado;Simples;"Reta;Interse��o de Vias";Sim;2;0;1;0;1;0;1;2;-17,8513377;-41,514693;SPRF-MG;DEL11-MG;UOP01-DEL11-MG;;;
741449;25/12/2025;quinta-feira;01:00:00;SP;381;85;SAO PAULO;Pedestre andava na pista;Atropelamento de Pedestre;Com V�timas Fatais;Plena Noite;Decrescente;C�u Claro;M�ltipla;"Viaduto;Declive;Reta";Sim;2;1;0;0;1;0;0;2;-23,47001088;-46,56748039;SPRF-SP;DEL03-SP;UOP01-DEL03-SP;;;
741450;25/12/2025;quinta-feira;01:30:00;MG;40;525;CONTAGEM;Demais falhas mec�nicas ou el�tricas;Inc�ndio;Sem V�timas;Plena Noite;Crescente;C�u Claro;Dupla;Reta;N�o;1;0;0;0;0;1;0;1;-19,88841921;-44,05025417;SPRF-MG;DEL01-MG;UOP02-DEL01-MG;;;
741451;25/12/2025;quinta-feira;00:30:00;MG;262;752;SACRAMENTO;Aus�ncia de rea��o do condutor;Capotamento;Com V�timas Feridas;Plena Noite;Decrescente;C�u Claro;Dupla;"Rotat�ria;Curva;Interse��o de Vias";N�o;1;0;1;0;0;0;1;1;-19,64277504;-47,51015994;SPRF-MG;DEL13-MG;UOP01-DEL13-MG;;;
741452;25/12/2025;quinta-feira;03:15:00;RN;226;8;MACAIBA;Animais na Pista;Atropelamento de Animal;Com V�timas Fatais;Plena Noite;Crescente;C�u Claro;Simples;Reta;N�o;1;1;0;0;0;0;0;1;-5,8359469;-35,2824691;SPRF-RN;DEL01-RN;UOP02-DEL01-RN;;;
741453;25/12/2025;quinta-feira;02:40:00;RS;116;268;CANOAS;Aus�ncia de rea��o do condutor;Colis�o com objeto;Sem V�timas;Plena Noite;Decrescente;Nublado;M�ltipla;Reta;Sim;1;0;0;0;1;0;0;1;-29,93724333;-51,17707372;SPRF-RS;DEL01-RS;UOP01-DEL01-RS;;;
741454;25/12/2025;quinta-feira;02:50:00;SC;282;362;ERVAL VELHO;Avarias e/ou desgaste excessivo no pneu;Sa�da de leito carro��vel;Sem V�timas;Plena Noite;Decrescente;Nublado;Simples;"Reta;Declive";N�o;1;0;0;0;1;0;0;1;-27,30535;-51,38055;SPRF-SC;DEL07-SC;UOP05-DEL07-SC;;;
741455;25/12/2025;quinta-feira;04:00:00;PR;116;96;SAO JOSE DOS PINHAIS;Aus�ncia de rea��o do condutor;Sa�da de leito carro��vel;Sem V�timas;Amanhecer;Crescente;C�u Claro;Dupla;Reta;N�o;1;0;0;0;1;0;0;1;-25,54452513;-49,15040463;SPRF-PR;DEL01-PR;UOP07-DEL01-PR;;;
741456;25/12/2025;quinta-feira;02:40:00;MG;116;413;GOVERNADOR VALADARES;Ingest�o de �lcool pelo condutor;Colis�o com objeto;Sem V�timas;Plena Noite;Crescente;Ignorado;Dupla;Reta;Sim;1;0;0;0;1;0;0;1;-18,88257439;-41,95661545;SPRF-MG;DEL06-MG;UOP01-DEL06-MG;;;
741457;25/12/2025;quinta-feira;01:50:00;MG;262;439,6;NOVA SERRANA;Ingest�o de �lcool pelo condutor;Colis�o com objeto;Sem V�timas;Plena Noite;Decrescente;C�u Claro;Dupla;Reta;Sim;1;0;0;0;0;1;0;1;-19,86752;-44,98979;SPRF-MG;DEL08-MG;UOP03-DEL08-MG;;;
741458;25/12/2025;quinta-feira;04:00:00;RS;392;126,3;CANGUCU;Aus�ncia de rea��o do condutor;Sa�da de leito carro��vel;Com V�timas Feridas;Plena Noite;Decrescente;C�u Claro;Simples;"Reta;Aclive";N�o;2;0;1;0;1;0;1;1;-31,35411;-52,730657;SPRF-RS;DEL07-RS;UOP01-DEL07-RS;;;
741459;25/12/2025;quinta-feira;03:30:00;GO;50;280;CATALAO;Condutor desrespeitou a ilumina��o vermelha do sem�foro;Colis�o transversal;Com V�timas Feridas;Plena Noite;Crescente;C�u Claro;Dupla;"Interse��o de Vias;Reta";Sim;2;0;1;0;1;0;1;2;-18,18144441;-47,94121234;SPRF-GO;DEL06-GO;UOP01-DEL06-GO;;;
741460;25/12/2025;quinta-feira;04:30:00;RJ;116;193;NOVA IGUACU;Rea��o tardia ou ineficiente do condutor;Atropelamento de Animal;Com V�timas Feridas;Pleno dia;Decrescente;C�u Claro;Dupla;Reta;N�o;2;0;1;0;1;0;1;1;-22,7387205;-43,5193993;SPRF-RJ;DEL06-RJ;UOP01-DEL06-RJ;;;
741463;25/12/2025;quinta-feira;02:24:00;RO;364;235,5;CACOAL;Condutor deixou de manter dist�ncia do ve�culo da frente;Colis�o traseira;Sem V�timas;Plena Noite;Crescente;Chuva;Simples;Reta;Sim;3;0;0;0;3;0;0;2;-11,44614;-61,435937;SPRF-RO;DEL02-RO;UOP02-DEL02-RO;;;
741464;24/12/2025;quarta-feira;21:30:00;RJ;116;188;NOVA IGUACU;Aus�ncia de rea��o do condutor;Queda de ocupante de ve�culo;Com V�timas Feridas;Plena Noite;Crescente;C�u Claro;Dupla;Reta;Sim;2;0;2;0;0;0;2;1;-22,7385408;-43,4755489;SPRF-RJ;DEL06-RJ;UOP01-DEL06-RJ;;;
741465;25/12/2025;quinta-feira;00:20:00;SC;470;61,2;BLUMENAU;Animais na Pista;Colis�o traseira;Com V�timas Feridas;Plena Noite;Crescente;Nublado;Simples;Reta;Sim;6;0;3;0;3;0;3;2;-26,8795833;-49,17133776;SPRF-SC;DEL04-SC;UOP01-DEL04-SC;;;
741466;25/12/2025;quinta-feira;04:20:00;PR;277;587,3;CASCAVEL;Velocidade Incompat�vel;Sa�da de leito carro��vel;Sem V�timas;Plena Noite;Decrescente;C�u Claro;M�ltipla;Interse��o de Vias;Sim;1;0;0;0;0;1;0;1;-24,96435239;-53,40823167;SPRF-PR;DEL04-PR;UOP01-DEL04-PR;;;
741468;25/12/2025;quinta-feira;01:00:00;MS;163;396,1;NOVA ALVORADA DO SUL;Aus�ncia de rea��o do condutor;Sa�da de leito carro��vel;Com V�timas Feridas;Plena Noite;Decrescente;Chuva;Simples;Reta;N�o;1;0;0;1;0;0;1;1;-21,200249;-54,463137;SPRF-MS;DEL02-MS;UOP01-DEL02-MS;;;
741469;25/12/2025;quinta-feira;03:00:00;SC;101;125;ITAJAI;Rea��o tardia ou ineficiente do condutor;Capotamento;Com V�timas Feridas;Plena Noite;Decrescente;Nublado;M�ltipla;Reta;Sim;1;0;1;0;0;0;1;1;-26,94558941;-48,68763423;SPRF-SC;DEL04-SC;UOP04-DEL04-SC;;;
741470;25/12/2025;quinta-feira;06:30:00;PE;232;9;RECIFE;Condutor Dormindo;Colis�o traseira;Com V�timas Feridas;Pleno dia;Crescente;C�u Claro;M�ltipla;Reta;Sim;3;0;2;0;1;0;2;2;-8,07756;-34,9777;SPRF-PE;DEL01-PE;UOP01-DEL01-PE;;;
741471;25/12/2025;quinta-feira;01:30:00;MG;262;751,6;UBERABA;Ingest�o de �lcool pelo condutor;Sa�da de leito carro��vel;Sem V�timas;Plena Noite;Decrescente;C�u Claro;Simples;Reta;N�o;1;0;0;0;1;0;0;1;-19,66964;-47,6165;SPRF-MG;DEL13-MG;UOP01-DEL13-MG;;;
741472;25/12/2025;quinta-feira;06:10:00;BA;367;37;PORTO SEGURO;Rea��o tardia ou ineficiente do condutor;Sa�da de leito carro��vel;Com V�timas Feridas;Pleno dia;Decrescente;C�u Claro;Simples;Curva;N�o;1;0;1;0;0;0;1;1;-16,39624798;-39,18317825;SPRF-BA;DEL09-BA;UOP03-DEL09-BA;;;
741474;25/12/2025;quinta-feira;05:35:00;MS;163;10,3;MUNDO NOVO;Aus�ncia de rea��o do condutor;Colis�o com objeto;Sem V�timas;Pleno dia;Crescente;Sol;Simples;Reta;N�o;1;0;0;0;0;1;0;1;-23,97628;-54,330742;SPRF-MS;DEL09-MS;UOP02-DEL09-MS;;;
741476;25/12/2025;quinta-feira;05:30:00;MG;381;876,8;ESTIVA;Ingest�o de �lcool pelo condutor;Colis�o com objeto;Com V�timas Feridas;Amanhecer;Decrescente;C�u Claro;Dupla;Curva;N�o;3;0;3;0;0;0;3;1;-22,43902026;-45,98434498;SPRF-MG;DEL16-MG;UOP01-DEL16-MG;;;
741478;25/12/2025;quinta-feira;07:30:00;TO;230;66,5;LUZINOPOLIS;Objeto est�tico sobre o leito carro��vel;Colis�o com objeto;Com V�timas Fatais;Amanhecer;Decrescente;Chuva;Simples;Reta;N�o;2;1;0;0;0;1;0;2;-6,20622;-47,84101;SPRF-TO;DEL02-TO;UOP03-DEL02-TO;;;
741479;25/12/2025;quinta-feira;06:50:00;SP;116;212,8;GUARULHOS;Ingest�o de �lcool pelo condutor;Colis�o com objeto;Com V�timas Feridas;Pleno dia;Decrescente;Sol;M�ltipla;Reta;Sim;6;0;3;0;3;0;3;1;-23,439108;-46,435265;SPRF-SP;DEL01-SP;UOP01-DEL01-SP;;;
741481;24/12/2025;quarta-feira;21:20:00;RJ;465;1;SEROPEDICA;Convers�o proibida;Colis�o frontal;Com V�timas Feridas;Plena Noite;Crescente;C�u Claro;Simples;Reta;Sim;2;0;0;1;1;0;1;2;-22,72122706;-43,72453585;SPRF-RJ;DEL06-RJ;UOP02-DEL06-RJ;;;
741483;25/12/2025;quinta-feira;05:55:00;MS;163;488,2;CAMPO GRANDE;Aus�ncia de rea��o do condutor;Colis�o com objeto;Com V�timas Feridas;Amanhecer;Crescente;C�u Claro;Simples;Reta;N�o;1;0;1;0;0;0;1;1;-20,40875334;-54,55124974;SPRF-MS;DEL01-MS;UOP02-DEL01-MS;;;
741484;25/12/2025;quinta-feira;07:00:00;GO;414;323;COCALZINHO DE GOIAS;Ingest�o de �lcool pelo condutor;Sa�da de leito carro��vel;Sem V�timas;Pleno dia;Decrescente;Sol;Simples;Curva;N�o;1;0;0;0;0;1;0;1;-15,41575;-48,62486;SPRF-GO;DEL02-GO;UOP01-DEL02-GO;;;
741485;25/12/2025;quinta-feira;07:30:00;RJ;101;419;MANGARATIBA;Ultrapassagem Indevida;Colis�o lateral mesmo sentido;Com V�timas Feridas;Pleno dia;Crescente;C�u Claro;Simples;Reta;N�o;2;0;1;0;1;0;1;2;-22,9408768;-43,9975936;SPRF-RJ;DEL03-RJ;UOP02-DEL03-RJ;;;
741486;25/12/2025;quinta-feira;07:40:00;SP;381;87,5;GUARULHOS;Rea��o tardia ou ineficiente do condutor;Colis�o com objeto;Com V�timas Fatais;Pleno dia;Decrescente;Nublado;Dupla;Curva;Sim;1;1;0;0;0;0;0;1;-23,47427507;-46,56114791;SPRF-SP;DEL03-SP;UOP01-DEL03-SP;;;
741487;24/12/2025;quarta-feira;23:30:00;SP;381;27;ATIBAIA;Rea��o tardia ou ineficiente do condutor;Colis�o traseira;Com V�timas Fatais;Plena Noite;Crescente;C�u Claro;Dupla;Reta;N�o;3;1;0;1;0;1;1;2;-23,05882877;-46,57155228;SPRF-SP;DEL03-SP;UOP02-DEL03-SP;;;
741488;25/12/2025;quinta-feira;07:45:00;SC;470;63;BLUMENAU;Ultrapassagem Indevida;Colis�o traseira;Com V�timas Feridas;Pleno dia;Crescente;C�u Claro;M�ltipla;"Reta;Em Obras";Sim;2;0;1;0;1;0;1;2;-26,8779216;-49,17681567;SPRF-SC;DEL04-SC;UOP01-DEL04-SC;;;
741489;24/12/2025;quarta-feira;23:00:00;MG;381;241;SANTANA DO PARAISO;Desrespeitar a prefer�ncia no cruzamento;Colis�o lateral mesmo sentido;Com V�timas Feridas;Plena Noite;Crescente;Ignorado;Simples;Reta;N�o;2;0;0;1;1;0;1;2;-19,438573;-42,510964;SPRF-MG;DEL06-MG;UOP01-DEL06-MG;;;
741490;23/12/2025;ter�a-feira;22:00:00;SC;280;272;IRINEOPOLIS;Aus�ncia de rea��o do condutor;Sa�da de leito carro��vel;Com V�timas Feridas;Plena Noite;Crescente;C�u Claro;Simples;Reta;N�o;1;0;1;0;0;0;1;1;-26,280412;-50,76511;SPRF-SC;DEL06-SC;UOP04-DEL06-SC;;;
741492;25/12/2025;quinta-feira;07:20:00;RS;285;128;VACARIA;Ingest�o de �lcool pelo condutor;Sa�da de leito carro��vel;Com V�timas Feridas;Pleno dia;Decrescente;C�u Claro;Simples;Reta;Sim;1;0;1;0;0;0;1;1;-28,4668693;-50,9759873;SPRF-RS;DEL05-RS;UOP03-DEL05-RS;;;
741493;25/12/2025;quinta-feira;07:35:00;SC;470;57,6;BLUMENAU;Aus�ncia de rea��o do condutor;Tombamento;Com V�timas Feridas;Pleno dia;Decrescente;C�u Claro;Simples;"Viaduto;Curva";Sim;1;0;1;0;0;0;1;1;-26,88306227;-49,14198518;SPRF-SC;DEL04-SC;UOP01-DEL04-SC;;;
741494;25/12/2025;quinta-feira;08:40:00;PE;101;66,5;RECIFE;Aus�ncia de rea��o do condutor;Colis�o traseira;Com V�timas Feridas;Pleno dia;Crescente;C�u Claro;M�ltipla;Reta;Sim;2;0;1;0;1;0;1;2;-8,03963;-34,94242;SPRF-PE;DEL01-PE;UOP01-DEL01-PE;;;
741495;25/12/2025;quinta-feira;05:30:00;CE;116;55,3;PACAJUS;Ingest�o de �lcool pelo condutor;Sa�da de leito carro��vel;Sem V�timas;Amanhecer;Crescente;C�u Claro;Simples;Reta;N�o;1;0;0;0;0;1;0;1;-4,20191493;-38,47028923;SPRF-CE;DEL01-CE;UOP04-DEL01-CE;;;
741498;25/12/2025;quinta-feira;07:20:00;MG;40;31;PARACATU;Rea��o tardia ou ineficiente do condutor;Sa�da de leito carro��vel;Com V�timas Feridas;Pleno dia;Decrescente;C�u Claro;Simples;Curva;N�o;1;0;1;0;0;0;1;1;-17,14403938;-46,96101364;SPRF-MG;DEL14-MG;UOP01-DEL14-MG;;;
741500;25/12/2025;quinta-feira;07:50:00;MA;135;0;SAO LUIS;Aus�ncia de rea��o do condutor;Tombamento;Com V�timas Fatais;Pleno dia;Crescente;C�u Claro;Dupla;"Retorno Regulamentado;Reta";Sim;2;2;0;0;0;0;0;1;-2,582708;-44,242521;SPRF-MA;DEL01-MA;UOP01-DEL01-MA;;;
741501;25/12/2025;quinta-feira;09:00:00;PR;163;57;PEROLA DOESTE;Aus�ncia de rea��o do condutor;Sa�da de leito carro��vel;Com V�timas Feridas;Pleno dia;Crescente;C�u Claro;Simples;Curva;N�o;1;0;0;1;0;0;1;1;-25,89312565;-53,75464536;SPRF-PR;DEL02-PR;UOP02-DEL02-PR;;;
741503;25/12/2025;quinta-feira;09:15:00;SC;153;110;CONCORDIA;Acessar a via sem observar a presen�a dos outros ve�culos;Colis�o transversal;Com V�timas Feridas;Pleno dia;Crescente;C�u Claro;Simples;Reta;N�o;3;0;1;1;1;0;2;2;-27,315813;-51,986196;SPRF-SC;DEL07-SC;UOP04-DEL07-SC;;;
741504;25/12/2025;quinta-feira;10:00:00;TO;242;361;GURUPI;Condutor Dormindo;Sa�da de leito carro��vel;Com V�timas Feridas;Pleno dia;Decrescente;C�u Claro;Simples;Reta;N�o;1;0;1;0;0;0;1;1;-11,8206;-48,9163;SPRF-TO;DEL01-TO;UOP02-DEL01-TO;;;
741505;25/12/2025;quinta-feira;06:30:00;RO;364;491;ARIQUEMES;Velocidade Incompat�vel;Sa�da de leito carro��vel;Com V�timas Feridas;Amanhecer;Crescente;Nublado;Simples;Reta;N�o;1;0;0;1;0;0;1;1;-10,09668913;-62,96054933;SPRF-RO;DEL03-RO;UOP01-DEL03-RO;;;
741506;25/12/2025;quinta-feira;09:20:00;RJ;101;43;CAMPOS DOS GOYTACAZES;Transitar na contram�o;Colis�o lateral sentido oposto;Com V�timas Feridas;Pleno dia;Decrescente;C�u Claro;Simples;Reta;N�o;5;0;2;0;3;0;2;2;-21,573673;-41,323328;SPRF-RJ;DEL08-RJ;UOP01-DEL08-RJ;;;
741507;25/12/2025;quinta-feira;06:10:00;PR;163;142,9;CAPITAO LEONIDAS MARQUES;Ingest�o de �lcool pelo condutor;Sa�da de leito carro��vel;Com V�timas Feridas;Pleno dia;Decrescente;Sol;Dupla;Curva;N�o;1;0;1;0;0;0;1;1;-25,454999;-53,582024;SPRF-PR;DEL05-PR;UOP05-DEL05-PR;;;
741508;25/12/2025;quinta-feira;08:50:00;AL;424;105;MARECHAL DEODORO;Transitar na contram�o;Colis�o frontal;Sem V�timas;Pleno dia;Crescente;C�u Claro;Simples;"Declive;Reta";N�o;3;0;0;0;0;3;0;2;-9,68608;-35,823278;SPRF-AL;DEL02-AL;UOP01-DEL02-AL;;;
741509;25/12/2025;quinta-feira;09:35:00;RJ;101;316;SAO GONCALO;Demais falhas mec�nicas ou el�tricas;Eventos at�picos;Com V�timas Feridas;Pleno dia;Crescente;C�u Claro;Dupla;Reta;Sim;1;0;1;0;0;0;1;1;-22,82287388;-43,08536477;SPRF-RJ;DEL02-RJ;UOP02-DEL02-RJ;;;
741510;25/12/2025;quinta-feira;06:03:00;SP;116;225;GUARULHOS;Rea��o tardia ou ineficiente do condutor;Atropelamento de Pedestre;Com V�timas Feridas;Pleno dia;Crescente;C�u Claro;M�ltipla;Reta;Sim;2;0;0;1;0;1;1;2;-23,487845;-46,544823;SPRF-SP;DEL01-SP;UOP01-DEL01-SP;;;
741511;25/12/2025;quinta-feira;08:20:00;RS;290;631;URUGUAIANA;Avarias e/ou desgaste excessivo no pneu;Sa�da de leito carro��vel;Com V�timas Feridas;Pleno dia;Crescente;Nublado;Simples;Reta;N�o;1;0;1;0;0;0;1;1;-30,016093;-56,224525;SPRF-RS;DEL13-RS;UOP02-DEL13-RS;;;
741512;24/12/2025;quarta-feira;22:30:00;RS;293;43,9;CERRITO;Rea��o tardia ou ineficiente do condutor;Sa�da de leito carro��vel;Sem V�timas;Plena Noite;Crescente;Ignorado;Simples;Reta;N�o;1;0;0;0;1;0;0;1;-31,7420526;-52,7730318;SPRF-RS;DEL07-RS;UOP01-DEL07-RS;;;
741513;25/12/2025;quinta-feira;09:30:00;SC;101;120;ITAJAI;Velocidade Incompat�vel;Sa�da de leito carro��vel;Com V�timas Feridas;Pleno dia;Crescente;C�u Claro;M�ltipla;"Declive;Rotat�ria;Curva";Sim;1;0;1;0;0;0;1;1;-26,91932875;-48,71088831;SPRF-SC;DEL04-SC;UOP04-DEL04-SC;;;
741514;25/12/2025;quinta-feira;10:00:00;BA;101;842;PRADO;Ultrapassagem Indevida;Colis�o frontal;Com V�timas Fatais;Pleno dia;Crescente;C�u Claro;Simples;"Declive;Curva";N�o;2;1;0;1;0;0;1;2;-17,25697402;-39,63111877;SPRF-BA;DEL09-BA;UOP02-DEL09-BA;;;
741517;25/12/2025;quinta-feira;07:00:00;SC;116;124;SANTA CECILIA;Acesso irregular;Colis�o traseira;Sem V�timas;Pleno dia;Decrescente;C�u Claro;Simples;Reta;N�o;1;0;0;0;1;0;0;1;-26,8490953;-50,405571;SPRF-SC;DEL06-SC;UOP02-DEL06-SC;;;
741518;25/12/2025;quinta-feira;10:55:00;RS;386;351,7;ESTRELA;Acumulo de �gua sobre o pavimento;Capotamento;Com V�timas Feridas;Pleno dia;Decrescente;Chuva;Dupla;"Curva;Aclive";Sim;6;0;6;0;0;0;6;1;-29,48976382;-51,95232717;SPRF-RS;DEL04-RS;UOP01-DEL04-RS;;;
741519;25/12/2025;quinta-feira;10:35:00;ES;101;339,7;GUARAPARI;Avarias e/ou desgaste excessivo no pneu;Tombamento;Com V�timas Feridas;Pleno dia;Crescente;C�u Claro;Dupla;Curva;N�o;1;0;1;0;0;0;1;1;-20,64571608;-40,56469917;SPRF-ES;DEL03-ES;UOP01-DEL03-ES;;;
741520;25/12/2025;quinta-feira;08:50:00;PI;135;357;BOM JESUS;Aus�ncia de rea��o do condutor;Colis�o traseira;Com V�timas Feridas;Pleno dia;Crescente;C�u Claro;Simples;Reta;N�o;3;0;1;2;0;0;3;2;-9,117817;-44,375713;SPRF-PI;DEL03-PI;UOP02-DEL03-PI;;;
741521;25/12/2025;quinta-feira;10:00:00;BA;110;304;INHAMBUPE;Acessar a via sem observar a presen�a dos outros ve�culos;Colis�o lateral mesmo sentido;Com V�timas Feridas;Pleno dia;Crescente;C�u Claro;Simples;Reta;N�o;2;0;1;1;0;0;2;2;-11,888687;-38,375429;SPRF-BA;DEL01-BA;UOP04-DEL01-BA;;;
741522;25/12/2025;quinta-feira;11:15:00;GO;40;41;LUZIANIA;Ultrapassagem Indevida;Colis�o traseira;Com V�timas Feridas;Pleno dia;Crescente;C�u Claro;Simples;"Aclive;Curva";N�o;2;0;2;0;0;0;2;2;-16,365325;-47,827821;SPRF-DF;DEL01-DF;UOP02-DEL01-DF;;;
741523;25/12/2025;quinta-feira;11:30:00;CE;116;22;ITAITINGA;Rea��o tardia ou ineficiente do condutor;Colis�o traseira;Com V�timas Feridas;Pleno dia;Crescente;C�u Claro;Dupla;Reta;Sim;8;0;1;0;7;0;1;2;-3,941457;-38,509235;SPRF-CE;DEL01-CE;UOP02-DEL01-CE;;;
741524;25/12/2025;quinta-feira;12:18:00;ES;101;145,9;LINHARES;Ingest�o de �lcool pelo condutor;Colis�o lateral mesmo sentido;Com V�timas Feridas;Pleno dia;Crescente;C�u Claro;Dupla;Reta;Sim;3;0;1;0;2;0;1;2;-19,36573824;-40,06544632;SPRF-ES;DEL04-ES;UOP01-DEL04-ES;;;
741525;25/12/2025;quinta-feira;11:45:00;PE;101;77,3;RECIFE;Acessar a via sem observar a presen�a dos outros ve�culos;Colis�o transversal;Com V�timas Feridas;Pleno dia;Crescente;C�u Claro;Dupla;Retorno Regulamentado;Sim;2;0;1;0;1;0;1;2;-8,131181;-34,945472;SPRF-PE;DEL01-PE;UOP01-DEL01-PE;;;
741527;25/12/2025;quinta-feira;12:00:00;ES;101;278;SERRA;Aus�ncia de rea��o do condutor;Colis�o traseira;Com V�timas Feridas;Pleno dia;Crescente;Sol;Dupla;Reta;Sim;2;0;0;2;0;0;2;1;-20,217288;-40,3315;SPRF-ES;DEL02-ES;UOP01-DEL02-ES;;;
741528;25/12/2025;quinta-feira;10:53:00;PI;343;601;FLORIANO;Aus�ncia de rea��o do condutor;Tombamento;Com V�timas Feridas;Pleno dia;Crescente;C�u Claro;Simples;Interse��o de Vias;N�o;1;0;1;0;0;0;1;1;-6,83745457;-43,08190942;SPRF-PI;DEL03-PI;UOP01-DEL03-PI;;;
741529;25/12/2025;quinta-feira;11:20:00;RS;116;520,7;PELOTAS;Ingest�o de �lcool pelo condutor;Colis�o com objeto;Com V�timas Feridas;Pleno dia;Crescente;Nublado;Simples;Reta;N�o;1;0;1;0;0;0;1;1;-31,7082533;-52,3684144;SPRF-RS;DEL07-RS;UOP01-DEL07-RS;;;
741530;25/12/2025;quinta-feira;03:30:00;SC;282;503,8;XANXERE;Velocidade Incompat�vel;Capotamento;Sem V�timas;Plena Noite;Decrescente;Nublado;Dupla;Curva;Sim;1;0;0;0;0;1;0;1;-26,8824092;-52,4046134;SPRF-SC;DEL07-SC;UOP01-DEL07-SC;;;
741531;25/12/2025;quinta-feira;04:45:00;MG;116;79,9;MEDINA;Transitar na contram�o;Colis�o frontal;Com V�timas Fatais;Plena Noite;Decrescente;C�u Claro;Simples;Curva;N�o;5;1;0;0;4;0;0;2;-16,281217;-41,479272;SPRF-MG;DEL11-MG;UOP02-DEL11-MG;;;
741533;25/12/2025;quinta-feira;12:00:00;BA;242;187,4;IPIRA;Acessar a via sem observar a presen�a dos outros ve�culos;Colis�o transversal;Com V�timas Feridas;Pleno dia;Crescente;C�u Claro;Simples;Reta;N�o;2;0;0;1;1;0;1;2;-12,50855721;-39,91279095;SPRF-BA;DEL02-BA;UOP02-DEL02-BA;;;
741535;25/12/2025;quinta-feira;10:20:00;SC;282;18,4;PALHOCA;Manobra de mudan�a de faixa;Colis�o frontal;Com V�timas Feridas;Pleno dia;Crescente;Sol;Simples;Reta;Sim;2;0;2;0;0;0;2;2;-27,67565;-48,69784;SPRF-SC;DEL01-SC;UOP02-DEL01-SC;;;
741536;25/12/2025;quinta-feira;12:10:00;ES;262;77;DOMINGOS MARTINS;Rea��o tardia ou ineficiente do condutor;Queda de ocupante de ve�culo;Com V�timas Feridas;Pleno dia;Crescente;C�u Claro;Simples;Curva;N�o;1;0;0;1;0;0;1;1;-20,41105;-40,918202;SPRF-ES;DEL01-ES;UOP02-DEL01-ES;;;
741537;25/12/2025;quinta-feira;13:30:00;SC;101;54;JOINVILLE;Demais falhas mec�nicas ou el�tricas;Inc�ndio;Sem V�timas;Pleno dia;Decrescente;C�u Claro;Dupla;Reta;N�o;1;0;0;0;1;0;0;1;-26,41917803;-48,83169048;SPRF-SC;DEL03-SC;UOP01-DEL03-SC;;;
741538;25/12/2025;quinta-feira;11:40:00;MT;163;80;RONDONOPOLIS;Rea��o tardia ou ineficiente do condutor;Sa�da de leito carro��vel;Com V�timas Feridas;Pleno dia;Crescente;C�u Claro;Dupla;Reta;N�o;2;0;1;1;0;0;2;1;-16,81411;-54,68785;SPRF-MT;DEL02-MT;UOP03-DEL02-MT;;;
741539;25/12/2025;quinta-feira;13:52:00;PB;101;99,7;CONDE;Rea��o tardia ou ineficiente do condutor;Queda de ocupante de ve�culo;Com V�timas Feridas;Pleno dia;Decrescente;C�u Claro;Dupla;Reta;Sim;1;0;1;0;0;0;1;1;-7,25826408;-34,93583679;SPRF-PB;DEL01-PB;UOP01-DEL01-PB;;;
741541;25/12/2025;quinta-feira;14:50:00;ES;101;132,9;LINHARES;Avarias e/ou desgaste excessivo no pneu;Tombamento;Com V�timas Feridas;Pleno dia;Decrescente;Sol;Simples;Reta;N�o;2;0;2;0;0;0;2;1;-19,25600315;-40,09021665;SPRF-ES;DEL04-ES;UOP01-DEL04-ES;;;
741542;25/12/2025;quinta-feira;07:34:00;PA;230;1127;ITAITUBA;Ingest�o de �lcool pelo condutor;Sa�da de leito carro��vel;Sem V�timas;Pleno dia;Decrescente;Nublado;Simples;Curva;N�o;1;0;0;0;0;1;0;1;-4,29497054;-55,96025169;SPRF-PA;DEL05-PA;UOP02-DEL05-PA;;;