id;data_inversa;dia_semana;horario;uf;br;km;municipio;causa_acidente;tipo_acidente;classificacao_acidente;fase_dia;sentido_via;condicao_metereologica;tipo_pista;tracado_via;uso_solo;pessoas;mortos;feridos_leves;feridos_graves;ilesos;ignorados;feridos;veiculos;latitude;longitude;regional;delegacia;uop;;;
741543;25/12/2025;quinta-feira;14:30:00;SC;280;57,5;GUARAMIRIM;Aus�ncia de rea��o do condutor;Sa�da de leito carro��vel;Com V�timas Feridas;Pleno dia;Decrescente;C�u Claro;M�ltipla;Rotat�ria;N�o;1;0;1;0;0;0;1;1;-26,474269;-49,020061;SPRF-SC;DEL03-SC;UOP03-DEL03-SC;;;
741544;25/12/2025;quinta-feira;15:15:00;RJ;101;170;MACAE;Transitar na contram�o;Sa�da de leito carro��vel;Com V�timas Feridas;Pleno dia;Decrescente;C�u Claro;Simples;Reta;N�o;2;0;2;0;0;0;2;1;-22,35546122;-41,92953392;SPRF-RJ;DEL08-RJ;UOP04-DEL08-RJ;;;
741546;25/12/2025;quinta-feira;14:30:00;PR;116;105,6;SAO JOSE DOS PINHAIS;Aus�ncia de rea��o do condutor;Sa�da de leito carro��vel;Com V�timas Feridas;Pleno dia;Crescente;Sol;Dupla;"Declive;Reta";N�o;1;0;1;0;0;0;1;1;-25,5707212;-49,2130883;SPRF-PR;DEL01-PR;UOP07-DEL01-PR;;;
741547;25/12/2025;quinta-feira;12:40:00;MG;381;813;CAREACU;Velocidade Incompat�vel;Queda de ocupante de ve�culo;Com V�timas Feridas;Pleno dia;Decrescente;C�u Claro;Dupla;Curva;N�o;1;0;1;0;0;0;1;1;-21,99558024;-45,67462921;SPRF-MG;DEL16-MG;UOP02-DEL16-MG;;;
741548;25/12/2025;quinta-feira;15:34:00;ES;259;61;COLATINA;Condutor deixou de manter dist�ncia do ve�culo da frente;Colis�o traseira;Com V�timas Feridas;Pleno dia;Decrescente;Sol;Simples;Reta;N�o;3;0;1;1;1;0;2;2;-19,532004;-40,682904;SPRF-ES;DEL02-ES;UOP01-DEL02-ES;;;
741549;25/12/2025;quinta-feira;16:05:00;RS;472;577;URUGUAIANA;Convers�o proibida;Colis�o frontal;Com V�timas Feridas;Pleno dia;Crescente;Nublado;Simples;"Rotat�ria;Interse��o de Vias;Reta";Sim;5;0;4;0;1;0;4;2;-29,77835839;-57,06124594;SPRF-RS;DEL13-RS;UOP01-DEL13-RS;;;
741550;25/12/2025;quinta-feira;15:10:00;PB;101;82;BAYEUX;Aus�ncia de rea��o do condutor;Sa�da de leito carro��vel;Sem V�timas;Pleno dia;Decrescente;Sol;Dupla;Reta;Sim;1;0;0;0;0;1;0;1;-7,129588;-34,93555;SPRF-PB;DEL01-PB;UOP01-DEL01-PB;;;
741551;25/12/2025;quinta-feira;15:00:00;RJ;101;387;RIO DE JANEIRO;Rea��o tardia ou ineficiente do condutor;Colis�o com objeto;Com V�timas Feridas;Pleno dia;Decrescente;C�u Claro;Dupla;Reta;Sim;1;0;1;0;0;0;1;1;-22,887757;-43,65535;SPRF-RJ;DEL03-RJ;UOP01-DEL03-RJ;;;
741552;25/12/2025;quinta-feira;16:12:00;ES;101;186,4;ARACRUZ;Manobra de mudan�a de faixa;Colis�o com objeto;Com V�timas Feridas;Pleno dia;Crescente;C�u Claro;Dupla;Aclive;N�o;2;0;2;0;0;0;2;1;-19,66727795;-40,25327585;SPRF-ES;DEL04-ES;UOP01-DEL04-ES;;;
741553;25/12/2025;quinta-feira;15:15:00;MG;381;482;BETIM;Demais falhas mec�nicas ou el�tricas;Inc�ndio;Sem V�timas;Pleno dia;Decrescente;C�u Claro;Dupla;"Curva;Aclive";N�o;1;0;0;0;1;0;0;1;-19,959625;-44,081529;SPRF-MG;DEL01-MG;UOP03-DEL01-MG;;;
741554;25/12/2025;quinta-feira;16:05:00;PB;101;88,4;JOAO PESSOA;Rea��o tardia ou ineficiente do condutor;Tombamento;Com V�timas Feridas;Pleno dia;Decrescente;C�u Claro;Dupla;Curva;Sim;1;0;0;1;0;0;1;1;-7,1623406;-34,8954129;SPRF-PB;DEL01-PB;UOP01-DEL01-PB;;;
741555;25/12/2025;quinta-feira;13:00:00;PR;153;138;VENTANIA;Condutor Dormindo;Tombamento;Com V�timas Feridas;Pleno dia;Decrescente;C�u Claro;Simples;Curva;N�o;1;0;1;0;0;0;1;1;-24,06027;-50,25164;SPRF-PR;DEL07-PR;UOP04-DEL07-PR;;;
741556;25/12/2025;quinta-feira;12:10:00;SP;116;158;SAO JOSE DOS CAMPOS;Rea��o tardia ou ineficiente do condutor;Tombamento;Com V�timas Feridas;Pleno dia;Crescente;Sol;M�ltipla;Reta;Sim;2;0;1;0;0;1;1;1;-23,25769883;-45,94762802;SPRF-SP;DEL02-SP;UOP01-DEL02-SP;;;
741557;25/12/2025;quinta-feira;16:50:00;SE;101;72,8;MARUIM;Velocidade Incompat�vel;Queda de ocupante de ve�culo;Com V�timas Feridas;Pleno dia;Decrescente;C�u Claro;Dupla;Reta;N�o;2;0;1;0;0;1;1;1;-10,75911191;-37,10735321;SPRF-SE;DEL01-SE;UOP01-DEL01-SE;;;
741558;25/12/2025;quinta-feira;16:15:00;PR;376;261;CALIFORNIA;Mal s�bito do condutor;Colis�o com objeto;Com V�timas Feridas;Pleno dia;Crescente;C�u Claro;Dupla;"Declive;Reta";N�o;2;0;2;0;0;0;2;1;-23,70258618;-51,33180626;SPRF-PR;DEL07-PR;UOP03-DEL07-PR;;;
741560;25/12/2025;quinta-feira;15:00:00;MS;376;19;FATIMA DO SUL;Ingest�o de �lcool pelo condutor;Colis�o com objeto;Sem V�timas;Pleno dia;Decrescente;C�u Claro;Simples;Reta;N�o;1;0;0;0;1;0;0;1;-22,32856138;-54,57338333;SPRF-MS;DEL04-MS;UOP01-DEL04-MS;;;
741561;25/12/2025;quinta-feira;17:00:00;RN;304;294;MACAIBA;Manobra de mudan�a de faixa;Colis�o lateral mesmo sentido;Com V�timas Feridas;Anoitecer;Decrescente;C�u Claro;Dupla;Reta;N�o;2;0;1;0;1;0;1;2;-5,86753;-35,369538;SPRF-RN;DEL01-RN;UOP02-DEL01-RN;;;
741562;25/12/2025;quinta-feira;15:30:00;RJ;40;110;DUQUE DE CAXIAS;Acessar a via sem observar a presen�a dos outros ve�culos;Colis�o lateral mesmo sentido;Com V�timas Feridas;Pleno dia;Crescente;C�u Claro;Dupla;Reta;Sim;2;0;1;0;0;1;1;2;-22,68341;-43,285443;SPRF-RJ;DEL01-RJ;UOP02-DEL01-RJ;;;
741563;25/12/2025;quinta-feira;16:40:00;RJ;493;93;JAPERI;Aus�ncia de rea��o do condutor;Queda de ocupante de ve�culo;Com V�timas Feridas;Pleno dia;Decrescente;C�u Claro;Dupla;"Reta;Retorno Regulamentado";N�o;1;0;1;0;0;0;1;1;-22,66283913;-43,57689178;SPRF-RJ;DEL01-RJ;UOP03-DEL01-RJ;;;
741564;25/12/2025;quinta-feira;13:30:00;MG;262;444;NOVA SERRANA;Ultrapassagem Indevida;Colis�o lateral mesmo sentido;Com V�timas Feridas;Pleno dia;Crescente;Sol;Simples;Reta;N�o;2;0;0;1;0;1;1;2;-19,84683489;-45,03451819;SPRF-MG;DEL08-MG;UOP03-DEL08-MG;;;
741565;25/12/2025;quinta-feira;15:00:00;SC;282;599;CUNHA PORA;Rea��o tardia ou ineficiente do condutor;Sa�da de leito carro��vel;Com V�timas Feridas;Pleno dia;Decrescente;C�u Claro;Simples;Curva;N�o;1;0;1;0;0;0;1;1;-26,818664;-53,15798593;SPRF-SC;DEL07-SC;UOP02-DEL07-SC;;;
741568;25/12/2025;quinta-feira;17:20:00;SC;470;16;ILHOTA;Aus�ncia de rea��o do condutor;Queda de ocupante de ve�culo;Com V�timas Feridas;Pleno dia;Decrescente;C�u Claro;Dupla;Reta;N�o;2;0;2;0;0;0;2;1;-26,83957425;-48,77966562;SPRF-SC;DEL04-SC;UOP04-DEL04-SC;;;
741570;25/12/2025;quinta-feira;16:00:00;MG;262;74,5;MATIPO;Velocidade Incompat�vel;Sa�da de leito carro��vel;Com V�timas Feridas;Pleno dia;Decrescente;C�u Claro;Simples;Curva;N�o;2;0;2;0;0;0;2;1;-20,32168946;-42,33512878;SPRF-MG;DEL03-MG;UOP03-DEL03-MG;;;
741571;25/12/2025;quinta-feira;17:10:00;PE;232;71,4;GRAVATA;Manobra de mudan�a de faixa;Colis�o lateral mesmo sentido;Com V�timas Feridas;Pleno dia;Decrescente;C�u Claro;Dupla;"Reta;Aclive";N�o;2;0;1;0;1;0;1;2;-8,184734;-35,494865;SPRF-PE;DEL02-PE;UOP02-DEL02PE;;;
741572;25/12/2025;quinta-feira;16:15:00;MG;381;369;SAO GONCALO DO RIO ABAIXO;Rea��o tardia ou ineficiente do condutor;Queda de ocupante de ve�culo;Com V�timas Feridas;Pleno dia;Crescente;C�u Claro;Simples;Reta;N�o;1;0;1;0;0;0;1;1;-19,84436824;-43,30939;SPRF-MG;DEL03-MG;UOP01-DEL03-MG;;;
741573;25/12/2025;quinta-feira;15:20:00;RS;285;362,5;SALDANHA MARINHO;Velocidade Incompat�vel;Sa�da de leito carro��vel;Com V�timas Feridas;Pleno dia;Crescente;Chuva;Simples;Reta;N�o;1;0;1;0;0;0;1;1;-28,37529552;-53,00022952;SPRF-RS;DEL08-RS;UOP03-DEL08-RS;;;
741574;25/12/2025;quinta-feira;16:45:00;PR;163;134;CAPITAO LEONIDAS MARQUES;Chuva;Sa�da de leito carro��vel;Com V�timas Feridas;Pleno dia;Decrescente;Chuva;Dupla;Curva;N�o;1;0;1;0;0;0;1;1;-25,4886846;-53,59319687;SPRF-PR;DEL05-PR;UOP05-DEL05-PR;;;
741575;25/12/2025;quinta-feira;17:00:00;MG;365;594,5;ARAGUARI;Condutor Dormindo;Colis�o com objeto;Com V�timas Feridas;Pleno dia;Crescente;C�u Claro;Simples;"Aclive;Reta";N�o;1;0;1;0;0;0;1;1;-18,8786422;-48,0636906;SPRF-MG;DEL15-MG;UOP02-DEL15-MG;;;
741576;25/12/2025;quinta-feira;16:30:00;MG;381;686,5;LAVRAS;Aus�ncia de rea��o do condutor;Colis�o com objeto;Com V�timas Feridas;Pleno dia;Decrescente;C�u Claro;Dupla;"Aclive;Curva";N�o;1;0;1;0;0;0;1;1;-21,17768905;-45,12405753;SPRF-MG;DEL04-MG;UOP02-DEL04-MG;;;
741577;25/12/2025;quinta-feira;13:40:00;RJ;101;274;TANGUA;Aus�ncia de rea��o do condutor;Colis�o transversal;Com V�timas Feridas;Pleno dia;Decrescente;Sol;Simples;Reta;N�o;2;0;0;1;1;0;1;2;-22,73581518;-42,72634506;SPRF-RJ;DEL02-RJ;UOP03-DEL02-RJ;;;
741578;25/12/2025;quinta-feira;16:45:00;MG;116;287,2;TEOFILO OTONI;Rea��o tardia ou ineficiente do condutor;Colis�o com objeto;Com V�timas Feridas;Pleno dia;Crescente;C�u Claro;Simples;Reta;N�o;1;0;0;1;0;0;1;1;-17,945864;-41,531175;SPRF-MG;DEL11-MG;UOP01-DEL11-MG;;;
741579;25/12/2025;quinta-feira;16:50:00;SC;470;61,1;BLUMENAU;Trafegar com motocicleta (ou similar) entre as faixas;Colis�o lateral sentido oposto;Com V�timas Feridas;Pleno dia;Crescente;Nublado;Simples;"Declive;Reta;Em Obras";N�o;3;0;1;0;2;0;1;3;-26,87832533;-49,17566299;SPRF-SC;DEL04-SC;UOP01-DEL04-SC;;;
741581;25/12/2025;quinta-feira;18:30:00;MG;262;664,9;IBIA;Aus�ncia de rea��o do condutor;Sa�da de leito carro��vel;Com V�timas Feridas;Pleno dia;Crescente;C�u Claro;Simples;Reta;N�o;1;0;1;0;0;0;1;1;-19,54796;-46,8467;SPRF-MG;DEL08-MG;UOP01-DEL08-MG;;;
741582;25/12/2025;quinta-feira;18:00:00;MA;316;293;PIO XII;Acessar a via sem observar a presen�a dos outros ve�culos;Colis�o transversal;Sem V�timas;Anoitecer;Crescente;Nublado;Simples;Reta;Sim;2;0;0;0;1;1;0;2;-3,844403;-45,184922;SPRF-MA;DEL02-MA;UOP01-DEL02-MA;;;
741584;25/12/2025;quinta-feira;18:40:00;GO;153;507;APARECIDA DE GOIANIA;Velocidade Incompat�vel;Colis�o com objeto;Com V�timas Feridas;Anoitecer;Decrescente;Chuva;Dupla;Reta;Sim;1;0;1;0;0;0;1;1;-16,76397222;-49,23978422;SPRF-GO;DEL01-GO;UOP03-DEL01-GO;;;
741585;25/12/2025;quinta-feira;19:00:00;PE;424;86;GARANHUNS;Condutor deixou de manter dist�ncia do ve�culo da frente;Colis�o traseira;Com V�timas Feridas;Plena Noite;Decrescente;C�u Claro;Simples;Aclive;N�o;3;0;0;2;0;1;2;2;-8,8703476;-36,5085655;SPRF-PE;DEL03-PE;UOP01-DEL03-PE;;;
741586;25/12/2025;quinta-feira;18:00:00;RS;101;70;OSORIO;Chuva;Sa�da de leito carro��vel;Sem V�timas;Pleno dia;Decrescente;Chuva;Dupla;Reta;N�o;2;0;0;0;2;0;0;1;-29,75338;-50,213542;SPRF-RS;DEL03-RS;UOP01-DEL03-RS;;;
741588;25/12/2025;quinta-feira;10:45:00;MG;50;56;UBERLANDIA;Demais falhas mec�nicas ou el�tricas;Colis�o com objeto;Sem V�timas;Pleno dia;Crescente;Sol;Dupla;"Reta;Aclive";N�o;1;0;0;0;1;0;0;1;-18,79159272;-48,23221207;SPRF-MG;DEL15-MG;UOP02-DEL15-MG;;;
741589;25/12/2025;quinta-feira;18:40:00;ES;101;105;VENDA NOVA DO IMIGRANTE;Ultrapassagem Indevida;Colis�o lateral sentido oposto;Com V�timas Feridas;Anoitecer;Crescente;C�u Claro;Simples;Curva;N�o;2;0;1;0;1;0;1;2;-20,33548;-41,16777;SPRF-ES;DEL04-ES;UOP01-DEL04-ES;;;
741590;25/12/2025;quinta-feira;16:30:00;MA;402;20;ROSARIO;Transitar na contram�o;Colis�o frontal;Com V�timas Fatais;Pleno dia;Decrescente;Nublado;Simples;Reta;N�o;3;1;0;0;2;0;0;2;-2,92565;-44,15923;SPRF-MA;DEL01-MA;UOP01-DEL01-MA;;;
741591;25/12/2025;quinta-feira;17:00:00;GO;364;387;SANTA RITA DO ARAGUAIA;Aus�ncia de rea��o do condutor;Colis�o traseira;Com V�timas Feridas;Pleno dia;Crescente;C�u Claro;Dupla;Reta;Sim;3;0;1;0;1;1;1;2;-17,31932208;-53,21157026;SPRF-GO;DEL05-GO;UOP01-DEL05-GO;;;
741592;25/12/2025;quinta-feira;16:45:00;RR;174;396;IRACEMA;Acumulo de �gua sobre o pavimento;Capotamento;Com V�timas Feridas;Pleno dia;Crescente;Chuva;Simples;Declive;N�o;2;0;1;0;1;0;1;1;2,105922;-61,081975;SPRF-RR;DEL01-RR;UOP01-DEL01-RR;;;
741593;25/12/2025;quinta-feira;19:20:00;PR;277;688;SAO MIGUEL DO IGUACU;Aus�ncia de rea��o do condutor;Sa�da de leito carro��vel;Sem V�timas;Plena Noite;Decrescente;C�u Claro;Dupla;Reta;N�o;1;0;0;0;0;1;0;1;-25,34259098;-54,2206192;SPRF-PR;DEL05-PR;UOP01-DEL05-PR;;;
741594;25/12/2025;quinta-feira;19:50:00;BA;116;417;FEIRA DE SANTANA;Animais na Pista;Atropelamento de Animal;Com V�timas Feridas;Plena Noite;Crescente;C�u Claro;Dupla;Reta;N�o;2;0;0;2;0;0;2;1;-12,17443;-38,96542;SPRF-BA;DEL02-BA;UOP01-DEL02-BA;;;
741595;25/12/2025;quinta-feira;19:15:00;PB;230;290,8;SANTA LUZIA;Transitar na contram�o;Colis�o frontal;Com V�timas Feridas;Plena Noite;Crescente;C�u Claro;Simples;Reta;Sim;2;0;1;0;1;0;1;2;-6,872262;-36,926742;SPRF-PB;DEL03-PB;UOP01-DEL03-PB;;;
741596;25/12/2025;quinta-feira;13:30:00;SC;282;566,2;NOVA ERECHIM;Velocidade Incompat�vel;Colis�o frontal;Com V�timas Fatais;Pleno dia;Crescente;Chuva;Simples;Curva;N�o;6;1;0;5;0;0;5;2;-26,90036339;-52,88863577;SPRF-SC;DEL07-SC;UOP02-DEL07-SC;;;
741597;25/12/2025;quinta-feira;16:55:00;RJ;101;569;PARATY;Rea��o tardia ou ineficiente do condutor;Colis�o lateral sentido oposto;Com V�timas Feridas;Pleno dia;Decrescente;Nublado;Simples;Curva;N�o;4;0;1;0;3;0;1;2;-23,181911;-44,71308;SPRF-RJ;DEL03-RJ;UOP04-DEL03-RJ;;;
741598;25/12/2025;quinta-feira;18:30:00;RJ;101;403;ITAGUAI;Ultrapassagem Indevida;Colis�o frontal;Com V�timas Feridas;Plena Noite;Crescente;C�u Claro;M�ltipla;Reta;Sim;2;0;1;0;1;0;1;2;-22,86099101;-43,75888824;SPRF-RJ;DEL03-RJ;UOP01-DEL03-RJ;;;
741599;25/12/2025;quinta-feira;18:45:00;PE;232;517;PARNAMIRIM;Ultrapassagem Indevida;Colis�o frontal;Com V�timas Feridas;Plena Noite;Decrescente;Nublado;Simples;Reta;N�o;2;0;0;1;1;0;1;2;-8,093739;-39,561361;SPRF-PE;DEL05-PE;UOP01-DEL05-PE;;;
741600;25/12/2025;quinta-feira;18:40:00;BA;101;810;ITAMARAJU;Velocidade Incompat�vel;Colis�o frontal;Com V�timas Feridas;Plena Noite;Crescente;C�u Claro;Simples;Curva;Sim;5;0;3;2;0;0;5;2;-17,037757;-39,546428;SPRF-BA;DEL09-BA;UOP01-DEL09-BA;;;
741601;25/12/2025;quinta-feira;20:30:00;MG;381;487;BETIM;Ingest�o de �lcool pelo condutor;Queda de ocupante de ve�culo;Com V�timas Feridas;Plena Noite;Decrescente;C�u Claro;Dupla;"Aclive;Curva";Sim;1;0;0;1;0;0;1;1;-19,95592808;-44,11798088;SPRF-MG;DEL01-MG;UOP03-DEL01-MG;;;
741602;25/12/2025;quinta-feira;20:30:00;GO;40;96;CRISTALINA;Desrespeitar a prefer�ncia no cruzamento;Colis�o transversal;Com V�timas Feridas;Plena Noite;Crescente;C�u Claro;Dupla;"Reta;Interse��o de Vias";Sim;2;0;1;0;1;0;1;2;-16,7588516;-47,60101318;SPRF-DF;DEL01-DF;UOP02-DEL01-DF;;;
741603;25/12/2025;quinta-feira;17:30:00;BA;110;300;INHAMBUPE;Avarias e/ou desgaste excessivo no pneu;Sa�da de leito carro��vel;Com V�timas Feridas;Pleno dia;Decrescente;C�u Claro;Simples;Reta;N�o;7;0;7;0;0;0;7;1;-11,84053802;-38,36701965;SPRF-BA;DEL01-BA;UOP04-DEL01-BA;;;
741604;25/12/2025;quinta-feira;21:10:00;RN;101;116;SAO JOSE DE MIPIBU;Condutor deixou de manter dist�ncia do ve�culo da frente;Colis�o traseira;Com V�timas Feridas;Plena Noite;Crescente;C�u Claro;Dupla;Reta;N�o;2;0;2;0;0;0;2;2;-5,99799967;-35,26092052;SPRF-RN;DEL01-RN;UOP01-DEL01-RN;;;
741605;25/12/2025;quinta-feira;19:30:00;PR;369;507,9;CASCAVEL;Aus�ncia de rea��o do condutor;Colis�o com objeto;Sem V�timas;Plena Noite;Crescente;C�u Claro;Simples;Curva;Sim;2;0;0;0;0;2;0;2;-24,96416;-53,40061;SPRF-PR;DEL04-PR;UOP01-DEL04-PR;;;
741606;25/12/2025;quinta-feira;20:30:00;PB;104;138,9;QUEIMADAS;Demais falhas mec�nicas ou el�tricas;Queda de ocupante de ve�culo;Com V�timas Feridas;Plena Noite;Crescente;C�u Claro;Simples;Declive;Sim;2;0;1;1;0;0;2;1;-7,35415;-35,90127;SPRF-PB;DEL02-PB;UOP03-DEL02-PB;;;
741609;25/12/2025;quinta-feira;21:10:00;MG;40;423,6;CURVELO;Transitar na contram�o;Colis�o frontal;Com V�timas Fatais;Plena Noite;Crescente;C�u Claro;Dupla;"Curva;Aclive";Sim;2;1;0;0;1;0;0;2;-19,15592436;-44,53098305;SPRF-MG;DEL02-MG;UOP01-DEL02-MG;;;
741610;25/12/2025;quinta-feira;20:20:00;SP;116;126;CACAPAVA;Rea��o tardia ou ineficiente do condutor;Colis�o traseira;Com V�timas Feridas;Plena Noite;Crescente;C�u Claro;Dupla;Reta;Sim;3;0;1;1;1;0;2;2;-23,10055422;-45,68882816;SPRF-SP;DEL02-SP;UOP02-DEL02-SP;;;
741611;25/12/2025;quinta-feira;20:20:00;SC;280;23;ARAQUARI;Transitar na contram�o;Colis�o lateral sentido oposto;Com V�timas Feridas;Plena Noite;Decrescente;Chuva;Simples;Reta;Sim;3;0;1;0;2;0;1;3;-26,37109;-48,7053;SPRF-SC;DEL03-SC;UOP03-DEL03-SC;;;
741612;25/12/2025;quinta-feira;20:09:00;MT;163;754,8;SORRISO;Aus�ncia de rea��o do condutor;Colis�o traseira;Com V�timas Feridas;Plena Noite;Crescente;C�u Claro;Dupla;"Declive;Ponte;Reta";Sim;3;0;1;1;1;0;2;2;-12,5334505;-55,7055974;SPRF-MT;DEL06-MT;UOP01-DEL06-MT;;;
741613;25/12/2025;quinta-feira;20:30:00;MG;262;424;SAO GONCALO DO PARA;Aus�ncia de rea��o do condutor;Tombamento;Com V�timas Feridas;Plena Noite;Crescente;C�u Claro;M�ltipla;Reta;N�o;2;0;1;1;0;0;2;1;-19,89830051;-44,85768139;SPRF-MG;DEL08-MG;UOP03-DEL08-MG;;;
741614;25/12/2025;quinta-feira;20:40:00;PR;153;20,5;JACAREZINHO;Transitar na contram�o;Colis�o frontal;Com V�timas Feridas;Plena Noite;Crescente;C�u Claro;Simples;"Interse��o de Vias;Rotat�ria";Sim;5;0;1;1;3;0;2;2;-23,16407937;-49,9603471;SPRF-PR;DEL07-PR;UOP04-DEL07-PR;;;
741615;25/12/2025;quinta-feira;19:35:00;MT;70;621;POCONE;Demais falhas mec�nicas ou el�tricas;Eventos at�picos;Sem V�timas;Plena Noite;Crescente;Nublado;Simples;Reta;N�o;2;0;0;0;2;0;0;1;-15,929;-56,955721;SPRF-MT;DEL03-MT;UOP02-DEL03-MT;;;
741616;25/12/2025;quinta-feira;20:40:00;GO;364;96;CACHOEIRA ALTA;Ingest�o de �lcool pelo condutor;Sa�da de leito carro��vel;Com V�timas Feridas;Plena Noite;Crescente;C�u Claro;Simples;Reta;N�o;1;0;1;0;0;0;1;1;-18,459167;-51,087471;SPRF-GO;DEL05-GO;UOP02-DEL05-GO;;;
741621;25/12/2025;quinta-feira;21:50:00;RJ;116;174;SAO JOAO DE MERITI;Aus�ncia de rea��o do condutor;Colis�o com objeto;Com V�timas Feridas;Plena Noite;Decrescente;C�u Claro;Dupla;Reta;Sim;4;0;1;0;2;1;1;1;-22,78873;-43,37412;SPRF-RJ;DEL06-RJ;UOP01-DEL06-RJ;;;
741622;25/12/2025;quinta-feira;22:00:00;RJ;493;2;ITABORAI;Acessar a via sem observar a presen�a dos outros ve�culos;Colis�o frontal;Com V�timas Feridas;Pleno dia;Crescente;C�u Claro;Simples;Reta;Sim;3;0;1;0;2;0;1;2;-22,76826748;-42,92289734;SPRF-RJ;DEL02-RJ;UOP02-DEL02-RJ;;;
741623;25/12/2025;quinta-feira;17:15:00;MT;70;526;VARZEA GRANDE;Acessar a via sem observar a presen�a dos outros ve�culos;Colis�o transversal;Sem V�timas;Pleno dia;Crescente;C�u Claro;Simples;Reta;N�o;3;0;0;0;3;0;0;2;-15,65456324;-56,20679408;SPRF-MT;DEL01-MT;UOP02-DEL01-MT;;;
741624;25/12/2025;quinta-feira;22:30:00;SP;381;35;ATIBAIA;Aus�ncia de rea��o do condutor;Colis�o com objeto;Sem V�timas;Plena Noite;Decrescente;C�u Claro;Dupla;Curva;N�o;1;0;0;0;1;0;0;1;-23,08392557;-46,56996902;SPRF-SP;DEL03-SP;UOP02-DEL03-SP;;;
741625;25/12/2025;quinta-feira;18:50:00;SC;280;27,1;ARAQUARI;Rea��o tardia ou ineficiente do condutor;Colis�o transversal;Com V�timas Feridas;Plena Noite;Crescente;Chuva;Simples;Reta;N�o;3;0;1;0;2;0;1;3;-26,398283;-48,740973;SPRF-SC;DEL03-SC;UOP03-DEL03-SC;;;
741626;25/12/2025;quinta-feira;19:00:00;PE;232;133,3;CARUARU;Rea��o tardia ou ineficiente do condutor;Colis�o com objeto;Com V�timas Fatais;Plena Noite;Decrescente;C�u Claro;M�ltipla;Reta;Sim;2;1;1;0;0;0;1;1;-8,30784349;-36,02047277;SPRF-PE;DEL02-PE;UOP03-DEL02-PE;;;
741627;25/12/2025;quinta-feira;22:40:00;PR;376;3;APUCARANA;Rea��o tardia ou ineficiente do condutor;Colis�o traseira;Com V�timas Feridas;Plena Noite;Crescente;C�u Claro;Simples;Reta;Sim;3;0;1;0;2;0;1;2;-23,55674247;-51,4426355;SPRF-PR;DEL07-PR;UOP03-DEL07-PR;;;
741628;25/12/2025;quinta-feira;22:30:00;PA;230;117;MARABA;Acessar a via sem observar a presen�a dos outros ve�culos;Colis�o transversal;Com V�timas Feridas;Plena Noite;Crescente;Nublado;Dupla;"Retorno Regulamentado;Declive";Sim;2;0;1;1;0;0;2;2;-5,354252;-49,092478;SPRF-PA;DEL03-PA;UOP01-DEL03-PA;;;
741629;25/12/2025;quinta-feira;21:55:00;RJ;101;48;CAMPOS DOS GOYTACAZES;Pedestre andava na pista;Atropelamento de Pedestre;Com V�timas Fatais;Plena Noite;Crescente;C�u Claro;Simples;Reta;Sim;2;1;0;0;0;1;0;2;-21,61577;-41,315462;SPRF-RJ;DEL08-RJ;UOP01-DEL08-RJ;;;
741630;25/12/2025;quinta-feira;21:20:00;MT;364;58,1;ALTO GARCAS;Pedestre andava na pista;Atropelamento de Pedestre;Com V�timas Feridas;Plena Noite;Crescente;Nublado;Simples;Reta;Sim;2;0;2;0;0;0;2;2;-16,9440796;-53,5299861;SPRF-MT;DEL02-MT;UOP02-DEL02-MT;;;
741631;25/12/2025;quinta-feira;18:22:00;PB;230;347;PATOS;Condutor Dormindo;Sa�da de leito carro��vel;Com V�timas Feridas;Plena Noite;Crescente;C�u Claro;Simples;Declive;N�o;1;0;1;0;0;0;1;1;-6,96316;-37,361597;SPRF-PB;DEL03-PB;UOP01-DEL03-PB;;;
741632;25/12/2025;quinta-feira;23:05:00;SP;153;18,5;NOVA GRANADA;Acessar a via sem observar a presen�a dos outros ve�culos;Colis�o frontal;Sem V�timas;Plena Noite;Crescente;C�u Claro;Simples;Reta;Sim;2;0;0;0;2;0;0;2;-20,448559;-49,28317;SPRF-SP;DEL09-SP;UOP01-DEL09-SP;;;
741633;25/12/2025;quinta-feira;22:55:00;GO;153;595;PIRACANJUBA;Aus�ncia de rea��o do condutor;Sa�da de leito carro��vel;Sem V�timas;Plena Noite;Crescente;C�u Claro;Dupla;Reta;N�o;2;0;0;0;2;0;0;1;-17,500709;-49,214924;SPRF-GO;DEL03-GO;UOP01-DEL03-GO;;;
741635;25/12/2025;quinta-feira;21:50:00;MS;60;404;SIDROLANDIA;Aus�ncia de rea��o do condutor;Colis�o traseira;Com V�timas Feridas;Plena Noite;Crescente;C�u Claro;Simples;Reta;N�o;3;0;1;0;2;0;1;2;-20,840996;-54,809402;SPRF-MS;DEL01-MS;UOP04-DEL01-MS;;;
741637;25/12/2025;quinta-feira;16:20:00;PI;135;499;MONTE ALEGRE DO PIAUI;Transitar na contram�o;Colis�o lateral sentido oposto;Com V�timas Feridas;Pleno dia;Decrescente;C�u Claro;Simples;Reta;N�o;2;0;1;0;1;0;1;2;-9,73816;-45,265405;SPRF-PI;DEL03-PI;UOP02-DEL03-PI;;;
741638;25/12/2025;quinta-feira;23:20:00;MG;116;272;TEOFILO OTONI;Demais falhas mec�nicas ou el�tricas;Inc�ndio;Sem V�timas;Plena Noite;Crescente;C�u Claro;Simples;"Reta;Declive";N�o;2;0;0;0;2;0;0;1;-17,820009;-41,500552;SPRF-MG;DEL11-MG;UOP01-DEL11-MG;;;