id;data_inversa;dia_semana;horario;uf;br;km;municipio;causa_acidente;tipo_acidente;classificacao_acidente;fase_dia;sentido_via;condicao_metereologica;tipo_pista;tracado_via;uso_solo;pessoas;mortos;feridos_leves;feridos_graves;ilesos;ignorados;feridos;veiculos;latitude;longitude;regional;delegacia;uop;;;
741639;26/12/2025;sexta-feira;00:00:00;RJ;465;1;SEROPEDICA;Velocidade Incompat�vel;Atropelamento de Pedestre;Com V�timas Feridas;Plena Noite;Crescente;Ignorado;Simples;Reta;Sim;2;0;1;0;0;1;1;2;-22,7165219;-43,7156752;SPRF-RJ;DEL06-RJ;UOP02-DEL06-RJ;;;
741640;25/12/2025;quinta-feira;18:25:00;RS;293;45,9;CERRITO;Convers�o proibida;Colis�o transversal;Com V�timas Feridas;Pleno dia;Decrescente;C�u Claro;Simples;"Declive;Reta";N�o;4;0;0;1;1;2;1;3;-31,74115288;-52,78318115;SPRF-RS;DEL07-RS;UOP01-DEL07-RS;;;
741641;26/12/2025;sexta-feira;01:15:00;RS;116;300;GUAIBA;Transitar na contram�o;Colis�o frontal;Com V�timas Feridas;Plena Noite;Crescente;C�u Claro;Dupla;"Reta;Viaduto";Sim;3;0;3;0;0;0;3;2;-30,11869202;-51,34710282;SPRF-RS;DEL02-RS;UOP01-DEL02-RS;;;
741642;26/12/2025;sexta-feira;00:00:00;BA;324;372;SAO JOSE DO JACUIPE;Acessar a via sem observar a presen�a dos outros ve�culos;Colis�o transversal;Sem V�timas;Plena Noite;Decrescente;Nublado;Simples;"Reta;Interse��o de Vias";N�o;3;0;0;0;1;2;0;3;-11,4369;-39,85516;SPRF-BA;DEL04-BA;UOP02-DEL04-BA;;;
741643;26/12/2025;sexta-feira;01:30:00;SC;101;378,8;ICARA;Aus�ncia de rea��o do condutor;Colis�o com objeto;Sem V�timas;Plena Noite;Decrescente;Nublado;M�ltipla;Reta;N�o;1;0;0;0;0;1;0;1;-28,75105302;-49,26979755;SPRF-SC;DEL02-SC;UOP02-DEL02-SC;;;
741644;26/12/2025;sexta-feira;01:40:00;PR;376;158,5;MANDAGUACU;Acessar a via sem observar a presen�a dos outros ve�culos;Colis�o transversal;Com V�timas Feridas;Plena Noite;Crescente;C�u Claro;Dupla;"Retorno Regulamentado;Reta";N�o;4;0;1;1;2;0;2;2;-23,3580548;-52,0878823;SPRF-PR;DEL09-PR;UOP02-DEL09-PR;;;
741645;25/12/2025;quinta-feira;23:30:00;MT;70;535;VARZEA GRANDE;Rea��o tardia ou ineficiente do condutor;Sa�da de leito carro��vel;Com V�timas Feridas;Plena Noite;Decrescente;C�u Claro;Simples;Curva;N�o;2;0;2;0;0;0;2;1;-15,679404;-56,26482636;SPRF-MT;DEL01-MT;UOP02-DEL01-MT;;;
741647;26/12/2025;sexta-feira;03:00:00;SP;116;336;JUQUITIBA;Pedestre andava na pista;Atropelamento de Pedestre;Com V�timas Feridas;Plena Noite;Crescente;C�u Claro;Dupla;Curva;Sim;2;0;0;1;0;1;1;2;-23,977066;-47,144234;SPRF-SP;DEL04-SP;UOP03-DEL04-SP;;;
741648;26/12/2025;sexta-feira;03:20:00;PA;316;60;CASTANHAL;Transitar na contram�o;Colis�o frontal;Sem V�timas;Plena Noite;Decrescente;C�u Claro;Dupla;Reta;Sim;2;0;0;0;1;1;0;2;-1,297023;-47,950632;SPRF-PA;DEL01-PA;UOP01-DEL01-PA;;;
741652;26/12/2025;sexta-feira;04:00:00;BA;101;178;SAO GONCALO DOS CAMPOS;Animais na Pista;Atropelamento de Animal;Com V�timas Fatais;Amanhecer;Crescente;Nevoeiro/Neblina;Simples;Reta;N�o;1;1;0;0;0;0;0;1;-12,4169674;-38,9052897;SPRF-BA;DEL01-BA;UOP03-DEL01-BA;;;
741653;26/12/2025;sexta-feira;02:45:00;BA;110;81;JEREMOABO;Condutor Dormindo;Sa�da de leito carro��vel;Com V�timas Feridas;Plena Noite;Decrescente;C�u Claro;Simples;Reta;N�o;4;0;2;0;2;0;2;1;-10,10029;-38,310777;SPRF-BA;DEL07-BA;UOP01-DEL07-BA;;;
741655;26/12/2025;sexta-feira;03:20:00;SC;101;34,9;JOINVILLE;Velocidade Incompat�vel;Colis�o com objeto;Com V�timas Feridas;Plena Noite;Crescente;C�u Claro;Dupla;Curva;N�o;3;0;3;0;0;0;3;1;-26,26895091;-48,89563736;SPRF-SC;DEL03-SC;UOP01-DEL03-SC;;;
741656;26/12/2025;sexta-feira;05:00:00;RJ;116;169;RIO DE JANEIRO;Animais na Pista;Queda de ocupante de ve�culo;Com V�timas Feridas;Amanhecer;Decrescente;C�u Claro;Dupla;Reta;Sim;1;0;1;0;0;0;1;1;-22,8044734;-43,345185;SPRF-RJ;DEL06-RJ;UOP01-DEL06-RJ;;;
741657;26/12/2025;sexta-feira;04:30:00;RN;304;121,8;ITAJA;Condutor Dormindo;Colis�o com objeto;Com V�timas Feridas;Plena Noite;Decrescente;C�u Claro;Simples;"Declive;Reta";N�o;2;0;0;1;0;1;1;2;-5,63971572;-36,84375107;SPRF-RN;DEL04-RN;UOP01-DEL04-RN;;;
741658;26/12/2025;sexta-feira;01:40:00;GO;153;510;APARECIDA DE GOIANIA;Velocidade Incompat�vel;Sa�da de leito carro��vel;Com V�timas Feridas;Plena Noite;Crescente;C�u Claro;Dupla;Reta;Sim;1;0;1;0;0;0;1;1;-16,79107895;-49,23837371;SPRF-GO;DEL01-GO;UOP03-DEL01-GO;;;
741660;26/12/2025;sexta-feira;03:15:00;MG;381;484;BETIM;Rea��o tardia ou ineficiente do condutor;Colis�o com objeto;Sem V�timas;Plena Noite;Decrescente;C�u Claro;M�ltipla;Reta;Sim;1;0;0;0;0;1;0;1;-19,95891055;-44,09116888;SPRF-MG;DEL01-MG;UOP03-DEL01-MG;;;
741661;26/12/2025;sexta-feira;06:20:00;GO;60;56;ABADIANIA;Velocidade Incompat�vel;Colis�o com objeto;Com V�timas Feridas;Pleno dia;Decrescente;C�u Claro;Dupla;"Curva;Declive";N�o;2;0;1;0;1;0;1;1;-16,187168;-48,663055;SPRF-GO;DEL02-GO;UOP01-DEL02-GO;;;
741662;26/12/2025;sexta-feira;04:30:00;PA;230;12;ALTAMIRA;Rea��o tardia ou ineficiente do condutor;Colis�o com objeto;Com V�timas Feridas;Plena Noite;Crescente;Ignorado;Simples;Reta;Sim;1;0;1;0;0;0;1;1;-3,20204;-52,23789;SPRF-PA;DEL03-PA;UOP01-DEL03-PA;;;
741664;25/12/2025;quinta-feira;22:15:00;RO;364;341;JI-PARANA;Rea��o tardia ou ineficiente do condutor;Colis�o com objeto;Com V�timas Feridas;Plena Noite;Decrescente;C�u Claro;Dupla;Interse��o de Vias;Sim;3;0;3;0;0;0;3;1;-10,88499336;-61,93612067;SPRF-RO;DEL02-RO;UOP01-DEL02-RO;;;
741665;26/12/2025;sexta-feira;06:15:00;PR;277;129,7;CAMPO LARGO;Rea��o tardia ou ineficiente do condutor;Colis�o traseira;Com V�timas Fatais;Amanhecer;Crescente;C�u Claro;Dupla;Reta;N�o;2;1;0;0;1;0;0;2;-25,44644944;-49,57251761;SPRF-PR;DEL03-PR;UOP03-DEL03-PR;;;
741667;26/12/2025;sexta-feira;06:35:00;GO;414;410;ABADIANIA;Condutor deixou de manter dist�ncia do ve�culo da frente;Colis�o traseira;Com V�timas Feridas;Pleno dia;Decrescente;C�u Claro;Simples;Reta;Sim;2;0;0;1;0;1;1;2;-16,05493271;-48,85367487;SPRF-GO;DEL02-GO;UOP01-DEL02-GO;;;
741668;26/12/2025;sexta-feira;06:30:00;GO;60;416;RIO VERDE;Aus�ncia de rea��o do condutor;Sa�da de leito carro��vel;Com V�timas Fatais;Pleno dia;Crescente;C�u Claro;Dupla;Reta;N�o;1;1;0;0;0;0;0;1;-17,820163;-51,213163;SPRF-GO;DEL04-GO;UOP02-DEL04-GO;;;
741669;26/12/2025;sexta-feira;07:20:00;RJ;465;13,8;SEROPEDICA;Aus�ncia de rea��o do condutor;Queda de ocupante de ve�culo;Com V�timas Feridas;Pleno dia;Decrescente;C�u Claro;Simples;Reta;Sim;1;0;1;0;0;0;1;1;-22,79851451;-43,64545695;SPRF-RJ;DEL06-RJ;UOP02-DEL06-RJ;;;
741672;25/12/2025;quinta-feira;07:40:00;PR;277;441,5;VIRMOND;Demais falhas mec�nicas ou el�tricas;Sa�da de leito carro��vel;Com V�timas Feridas;Pleno dia;Decrescente;C�u Claro;Simples;"Reta;Aclive";N�o;1;0;0;1;0;0;1;1;-25,3769;-52,2605;SPRF-PR;DEL04-PR;UOP02-DEL04-PR;;;
741673;26/12/2025;sexta-feira;07:50:00;RJ;356;11;ITAPERUNA;Acessar a via sem observar a presen�a dos outros ve�culos;Colis�o frontal;Com V�timas Feridas;Pleno dia;Crescente;C�u Claro;Simples;"Interse��o de Vias;Curva";N�o;4;0;1;0;3;0;1;2;-21,1727744;-42,0941406;SPRF-RJ;DEL08-RJ;UOP03-DEL08-RJ;;;
741674;26/12/2025;sexta-feira;07:30:00;MA;135;89;ITAPECURU MIRIM;Acessar a via sem observar a presen�a dos outros ve�culos;Colis�o transversal;Com V�timas Feridas;Pleno dia;Crescente;C�u Claro;Simples;Reta;N�o;5;0;1;0;4;0;1;2;-3,282314;-44,409992;SPRF-MA;DEL01-MA;UOP02-DEL01-MA;;;
741675;26/12/2025;sexta-feira;09:15:00;RS;101;8;TORRES;Aus�ncia de rea��o do condutor;Colis�o com objeto;Com V�timas Feridas;Pleno dia;Crescente;C�u Claro;Dupla;Reta;N�o;2;0;0;1;1;0;1;2;-29,35928355;-49,80669944;SPRF-RS;DEL03-RS;UOP02-DEL03-RS;;;
741676;13/11/2025;quinta-feira;20:40:00;PE;101;48;ABREU E LIMA;Pedestre cruzava a pista fora da faixa;Atropelamento de Pedestre;Com V�timas Feridas;Plena Noite;Crescente;C�u Claro;Simples;Reta;Sim;2;0;1;0;1;0;1;2;-7,892042;-34,903308;SPRF-PE;DEL01-PE;UOP02-DEL01-PE;;;
741677;09/12/2025;ter�a-feira;09:55:00;SC;101;346;JAGUARUNA;Acumulo de �gua sobre o pavimento;Sa�da de leito carro��vel;Com V�timas Feridas;Pleno dia;Crescente;Chuva;M�ltipla;Reta;Sim;1;0;1;0;0;0;1;1;-28,5701667;-49,0534917;SPRF-SC;DEL02-SC;UOP01-DEL02-SC;;;
741678;26/12/2025;sexta-feira;08:50:00;SC;101;136,5;BALNEARIO CAMBORIU;Manobra de mudan�a de faixa;Colis�o lateral mesmo sentido;Com V�timas Feridas;Pleno dia;Crescente;C�u Claro;Dupla;Reta;Sim;2;0;1;0;0;1;1;2;-27,00667359;-48,62119524;SPRF-SC;DEL04-SC;UOP03-DEL04-SC;;;
741679;26/12/2025;sexta-feira;09:20:00;PR;277;54;MORRETES;Rea��o tardia ou ineficiente do condutor;Engavetamento;Sem V�timas;Pleno dia;Decrescente;C�u Claro;Dupla;"Reta;Aclive";N�o;17;0;0;0;17;0;0;7;-25,5803821;-48,86341095;SPRF-PR;DEL01-PR;UOP05-DEL01-PR;;;
741680;24/11/2025;segunda-feira;12:50:00;SC;101;107;PENHA;Trafegar com motocicleta (ou similar) entre as faixas;Colis�o lateral mesmo sentido;Com V�timas Feridas;Pleno dia;Crescente;Chuva;Dupla;Reta;Sim;5;0;0;1;4;0;1;2;-26,819843;-48,684232;SPRF-SC;DEL03-SC;UOP02-DEL03-SC;;;
741682;26/12/2025;sexta-feira;08:55:00;CE;304;40;ARACATI;Acessar a via sem observar a presen�a dos outros ve�culos;Colis�o transversal;Com V�timas Feridas;Pleno dia;Crescente;C�u Claro;Simples;Reta;N�o;2;0;1;0;1;0;1;2;-4,57983067;-37,84987299;SPRF-CE;DEL03-CE;UOP02-DEL03-CE;;;
741683;26/12/2025;sexta-feira;09:40:00;MG;40;349,1;FELIXLANDIA;Condutor Dormindo;Sa�da de leito carro��vel;Com V�timas Feridas;Pleno dia;Decrescente;C�u Claro;Simples;Reta;N�o;1;0;1;0;0;0;1;1;-18,72151;-44,94335;SPRF-MG;DEL02-MG;UOP01-DEL02-MG;;;
741684;26/12/2025;sexta-feira;09:50:00;PR;277;64;SAO JOSE DOS PINHAIS;Condutor deixou de manter dist�ncia do ve�culo da frente;Engavetamento;Sem V�timas;Pleno dia;Decrescente;C�u Claro;Dupla;Reta;Sim;5;0;0;0;3;2;0;4;-25,53392253;-49,07824516;SPRF-PR;DEL01-PR;UOP01-DEL01-PR;;;
741685;26/12/2025;sexta-feira;10:00:00;RJ;101;485;ANGRA DOS REIS;Pedestre cruzava a pista fora da faixa;Atropelamento de Pedestre;Com V�timas Feridas;Pleno dia;Crescente;Sol;Dupla;Reta;Sim;2;0;0;1;1;0;1;2;-22,954043;-44,319388;SPRF-RJ;DEL03-RJ;UOP03-DEL03-RJ;;;
741686;26/12/2025;sexta-feira;08:55:00;MS;60;368;CAMPO GRANDE;Acessar a via sem observar a presen�a dos outros ve�culos;Colis�o lateral mesmo sentido;Com V�timas Feridas;Pleno dia;Crescente;C�u Claro;Simples;Rotat�ria;Sim;3;0;1;0;2;0;1;2;-20,55224592;-54,66890987;SPRF-MS;DEL01-MS;UOP04-DEL01-MS;;;
741687;26/12/2025;sexta-feira;09:00:00;PR;277;332,2;GUARAPUAVA;Rea��o tardia ou ineficiente do condutor;Sa�da de leito carro��vel;Com V�timas Feridas;Pleno dia;Crescente;C�u Claro;Simples;Reta;N�o;2;0;1;0;1;0;1;1;-25,36826465;-51,33268154;SPRF-PR;DEL08-PR;UOP01-DEL08-PR;;;
741688;26/12/2025;sexta-feira;07:30:00;MG;116;148;PONTO DOS VOLANTES;Ultrapassagem Indevida;Sa�da de leito carro��vel;Com V�timas Feridas;Pleno dia;Decrescente;C�u Claro;Simples;Reta;N�o;4;0;3;1;0;0;4;1;-16,837684;-41,479865;SPRF-MG;DEL11-MG;UOP02-DEL11-MG;;;
741690;26/12/2025;sexta-feira;10:40:00;MA;135;77;SANTA RITA;Aus�ncia de rea��o do condutor;Sa�da de leito carro��vel;Com V�timas Fatais;Pleno dia;Decrescente;C�u Claro;Simples;Reta;N�o;1;1;0;0;0;0;0;1;-3,197665;-44,358167;SPRF-MA;DEL01-MA;UOP02-DEL01-MA;;;
741692;26/12/2025;sexta-feira;11:20:00;PE;232;76;GRAVATA;Aus�ncia de rea��o do condutor;Capotamento;Com V�timas Feridas;Pleno dia;Crescente;C�u Claro;Dupla;Reta;Sim;3;0;3;0;0;0;3;1;-8,19517945;-35,53905487;SPRF-PE;DEL02-PE;UOP02-DEL02PE;;;
741693;26/12/2025;sexta-feira;10:30:00;RN;226;110,6;SANTA CRUZ;Manobra de mudan�a de faixa;Colis�o transversal;Com V�timas Feridas;Pleno dia;Decrescente;C�u Claro;Simples;Reta;Sim;2;0;1;0;0;1;1;2;-6,2320828;-36,01540446;SPRF-RN;DEL03-RN;UOP02-DEL03-RN;;;
741694;26/12/2025;sexta-feira;10:40:00;RS;470;183;VERANOPOLIS;Aus�ncia de rea��o do condutor;Colis�o lateral sentido oposto;Com V�timas Feridas;Pleno dia;Decrescente;Nublado;Simples;Curva;N�o;3;0;1;0;2;0;1;2;-28,982973;-51,565742;SPRF-RS;DEL06-RS;UOP02-DEL06-RS;;;
741695;26/12/2025;sexta-feira;11:40:00;PE;101;65;RECIFE;�rea urbana sem a presen�a de local apropriado para a travessia de pedestres;Atropelamento de Pedestre;Com V�timas Feridas;Pleno dia;Crescente;C�u Claro;Dupla;Reta;Sim;3;0;0;3;0;0;3;2;-8,029867;-34,94206;SPRF-PE;DEL01-PE;UOP01-DEL01-PE;;;
741697;26/12/2025;sexta-feira;11:15:00;RS;386;269,9;FONTOURA XAVIER;Desrespeitar a prefer�ncia no cruzamento;Colis�o transversal;Sem V�timas;Pleno dia;Decrescente;C�u Claro;Simples;Interse��o de Vias;N�o;2;0;0;0;2;0;0;2;-28,97165741;-52,36938922;SPRF-RS;DEL04-RS;UOP03-DEL04-RS;;;
741698;10/09/2025;quarta-feira;18:00:00;PB;412;144;MONTEIRO;Aus�ncia de rea��o do condutor;Atropelamento de Pedestre;Com V�timas Feridas;Plena Noite;Crescente;C�u Claro;Simples;Reta;N�o;2;0;1;1;0;0;2;2;-7,88720899;-37,10698414;SPRF-PB;DEL02-PB;UOP02-DEL02-PB;;;
741699;26/12/2025;sexta-feira;11:40:00;RJ;101;433;MANGARATIBA;Rea��o tardia ou ineficiente do condutor;Colis�o traseira;Com V�timas Feridas;Pleno dia;Crescente;C�u Claro;Dupla;Retorno Regulamentado;N�o;2;0;0;1;1;0;1;2;-22,937739;-44,038782;SPRF-RJ;DEL03-RJ;UOP02-DEL03-RJ;;;
741701;12/11/2025;quarta-feira;18:00:00;PE;101;119,2;IPOJUCA;Demais falhas na via;Tombamento;Com V�timas Feridas;Plena Noite;Decrescente;Ignorado;Dupla;Reta;N�o;2;0;1;0;0;1;1;2;-8,35303;-35,16889;SPRF-PE;DEL01-PE;UOP03-DEL01-PE;;;
741702;26/12/2025;sexta-feira;11:30:00;SP;101;14,5;UBATUBA;Aus�ncia de rea��o do condutor;Sa�da de leito carro��vel;Com V�timas Feridas;Pleno dia;Decrescente;C�u Claro;Simples;Reta;N�o;1;0;1;0;0;0;1;1;-23,34300701;-44,87432191;SPRF-SP;DEL06-SP;UOP01-DEL06-SP;;;
741704;24/11/2025;segunda-feira;20:20:00;RJ;393;134;SAPUCAIA;Convers�o proibida;Colis�o transversal;Com V�timas Feridas;Plena Noite;Crescente;C�u Claro;Dupla;Reta;Sim;2;0;1;0;1;0;1;2;-21,99929076;-42,92452812;SPRF-RJ;DEL05-RJ;UOP01-DEL05-RJ;;;
741705;26/12/2025;sexta-feira;12:25:00;SC;101;209;SAO JOSE;Rea��o tardia ou ineficiente do condutor;Colis�o traseira;Sem V�timas;Pleno dia;Decrescente;C�u Claro;Dupla;Reta;Sim;10;0;0;0;10;0;0;3;-27,61114698;-48,63973618;SPRF-SC;DEL01-SC;UOP01-DEL01-SC;;;
741710;26/12/2025;sexta-feira;13:00:00;SP;153;51,6;SAO JOSE DO RIO PRETO;Convers�o proibida;Colis�o frontal;Com V�timas Feridas;Pleno dia;Decrescente;C�u Claro;Simples;Reta;N�o;5;0;3;0;2;0;3;2;-20,72283;-49,338534;SPRF-SP;DEL09-SP;UOP01-DEL09-SP;;;
741711;26/12/2025;sexta-feira;10:30:00;MG;365;469;PATROCINIO;Condutor deixou de manter dist�ncia do ve�culo da frente;Colis�o traseira;Com V�timas Feridas;Pleno dia;Decrescente;C�u Claro;Simples;"Reta;Declive";N�o;3;0;1;0;2;0;1;2;-18,913053;-46,971716;SPRF-MG;DEL10-MG;UOP01-DEL10-MG;;;
741712;26/12/2025;sexta-feira;13:30:00;PR;277;7;PARANAGUA;Velocidade Incompat�vel;Tombamento;Com V�timas Feridas;Pleno dia;Decrescente;C�u Claro;M�ltipla;"Aclive;Curva";Sim;1;0;1;0;0;0;1;1;-25,5604498;-48,58308641;SPRF-PR;DEL01-PR;UOP05-DEL01-PR;;;
741715;26/12/2025;sexta-feira;13:20:00;SC;282;4,7;SAO JOSE;Demais falhas mec�nicas ou el�tricas;Queda de ocupante de ve�culo;Com V�timas Feridas;Pleno dia;Crescente;C�u Claro;M�ltipla;Reta;Sim;2;0;2;0;0;0;2;1;-27,589295;-48,61081;SPRF-SC;DEL01-SC;UOP01-DEL01-SC;;;
741716;26/12/2025;sexta-feira;11:45:00;MA;135;16;SAO LUIS;Acessar a via sem observar a presen�a dos outros ve�culos;Colis�o transversal;Com V�timas Feridas;Pleno dia;Crescente;C�u Claro;Dupla;"Retorno Regulamentado;Reta";N�o;3;0;2;0;1;0;2;3;-2,7068;-44,31307;SPRF-MA;DEL01-MA;UOP01-DEL01-MA;;;
741717;26/12/2025;sexta-feira;09:52:00;RS;158;515,9;SANTANA DO LIVRAMENTO;Demais falhas mec�nicas ou el�tricas;Sa�da de leito carro��vel;Com V�timas Feridas;Pleno dia;Decrescente;Sol;Simples;"Declive;Reta";N�o;1;0;1;0;0;0;1;1;-30,65808;-55,118517;SPRF-RS;DEL11-RS;UOP01-DEL11-RS;;;
741718;26/12/2025;sexta-feira;07:15:00;AL;316;270;SATUBA;Transitar no Acostamento;Colis�o transversal;Com V�timas Feridas;Pleno dia;Crescente;C�u Claro;Simples;Reta;Sim;2;0;0;1;1;0;1;2;-9,571732;-35,823616;SPRF-AL;DEL02-AL;UOP01-DEL02-AL;;;
741719;26/12/2025;sexta-feira;14:05:00;SC;280;28;ARAQUARI;Trafegar com motocicleta (ou similar) entre as faixas;Colis�o lateral mesmo sentido;Com V�timas Feridas;Pleno dia;Decrescente;C�u Claro;Simples;Reta;N�o;5;0;2;0;3;0;2;2;-26,404005;-48,745305;SPRF-SC;DEL03-SC;UOP03-DEL03-SC;;;
741722;22/12/2025;segunda-feira;20:00:00;MG;262;159;SAO DOMINGOS DO PRATA;Acostamento em desn�vel;Queda de ocupante de ve�culo;Com V�timas Feridas;Plena Noite;Crescente;Nublado;Dupla;Aclive;N�o;2;0;1;0;1;0;1;1;-19,962183;-42,824633;SPRF-MG;DEL03-MG;UOP03-DEL03-MG;;;
741723;26/12/2025;sexta-feira;13:15:00;RS;116;397;CAMAQUA;Frear bruscamente;Capotamento;Com V�timas Feridas;Pleno dia;Crescente;C�u Claro;Dupla;Reta;N�o;1;0;1;0;0;0;1;1;-30,845758;-51,7582;SPRF-RS;DEL02-RS;UOP02-DEL02-RS;;;
741724;26/12/2025;sexta-feira;14:30:00;PE;101;80,6;JABOATAO DOS GUARARAPES;Manobra de mudan�a de faixa;Colis�o lateral mesmo sentido;Com V�timas Feridas;Pleno dia;Crescente;Sol;M�ltipla;Reta;Sim;2;0;1;0;1;0;1;2;-8,15621;-34,94128;SPRF-PE;DEL01-PE;UOP01-DEL01-PE;;;
741725;26/12/2025;sexta-feira;12:50:00;SC;101;108,8;PENHA;Avarias e/ou desgaste excessivo no pneu;Queda de ocupante de ve�culo;Com V�timas Feridas;Pleno dia;Decrescente;C�u Claro;Dupla;Reta;Sim;1;0;1;0;0;0;1;1;-26,831241;-48,693352;SPRF-SC;DEL03-SC;UOP02-DEL03-SC;;;
741726;26/12/2025;sexta-feira;11:00:00;MG;116;307;ITAMBACURI;Rea��o tardia ou ineficiente do condutor;Colis�o traseira;Com V�timas Feridas;Pleno dia;Decrescente;C�u Claro;Simples;Reta;N�o;5;0;1;0;4;0;1;2;-18,04768281;-41,66311137;SPRF-MG;DEL11-MG;UOP01-DEL11-MG;;;
741727;26/12/2025;sexta-feira;12:30:00;SP;153;48,5;SAO JOSE DO RIO PRETO;Rea��o tardia ou ineficiente do condutor;Colis�o traseira;Com V�timas Feridas;Pleno dia;Crescente;C�u Claro;Simples;"Reta;Aclive";Sim;5;0;3;0;2;0;3;2;-20,671608;-49,340597;SPRF-SP;DEL09-SP;UOP01-DEL09-SP;;;
741728;26/12/2025;sexta-feira;11:50:00;PI;343;181,6;PIRIPIRI;Desrespeitar a prefer�ncia no cruzamento;Colis�o transversal;Com V�timas Feridas;Pleno dia;Decrescente;C�u Claro;Dupla;"Retorno Regulamentado;Interse��o de Vias;Curva";Sim;2;0;1;0;1;0;1;2;-4,25436;-41,761905;SPRF-PI;DEL02-PI;UOP01-DEL02-PI;;;
741729;26/12/2025;sexta-feira;12:00:00;MT;158;578;AGUA BOA;Condutor Dormindo;Sa�da de leito carro��vel;Com V�timas Feridas;Pleno dia;Decrescente;C�u Claro;Simples;Reta;N�o;4;0;4;0;0;0;4;1;-14,1505581;-52,19947815;SPRF-MT;DEL07-MT;UOP02-DEL07-MT;;;
741730;26/12/2025;sexta-feira;15:00:00;SP;116;105;TAUBATE;Rea��o tardia ou ineficiente do condutor;Colis�o traseira;Com V�timas Feridas;Pleno dia;Crescente;C�u Claro;M�ltipla;Reta;N�o;2;0;1;0;0;1;1;2;-23,0052437;-45,50820887;SPRF-SP;DEL02-SP;UOP02-DEL02-SP;;;
741731;26/12/2025;sexta-feira;10:15:00;RS;0;0;SAO BORJA;Aus�ncia de rea��o do condutor;Colis�o traseira;Com V�timas Feridas;Pleno dia;N�o Informado;Nublado;Simples;Reta;Sim;3;0;1;0;2;0;1;2;-28,66293698;-56,00852106;SPRF-RS;DEL12-RS;UOP01-DEL12-RS;;;
741732;26/12/2025;sexta-feira;14:00:00;MT;364;305;JACIARA;Acumulo de �gua sobre o pavimento;Sa�da de leito carro��vel;Sem V�timas;Pleno dia;Crescente;Chuva;Simples;Reta;N�o;1;0;0;0;1;0;0;1;-15,821003;-55,210407;SPRF-MT;DEL05-MT;UOP02-DEL05-MT;;;
741733;26/12/2025;sexta-feira;14:20:00;MG;381;786;SAO GONCALO DO SAPUCAI;Fuma�a;Colis�o traseira;Com V�timas Feridas;Pleno dia;Crescente;C�u Claro;Dupla;Reta;N�o;3;0;1;0;2;0;1;2;-21,851693;-45,520418;SPRF-MG;DEL16-MG;UOP02-DEL16-MG;;;
741737;26/12/2025;sexta-feira;15:15:00;SC;282;406;CATANDUVAS;Avarias e/ou desgaste excessivo no pneu;Sa�da de leito carro��vel;Sem V�timas;Pleno dia;Decrescente;Garoa/Chuvisco;Simples;Rotat�ria;N�o;3;0;0;0;3;0;0;1;-27,097519;-51,652811;SPRF-SC;DEL07-SC;UOP05-DEL07-SC;;;
741740;26/12/2025;sexta-feira;11:30:00;RJ;101;455;MANGARATIBA;Acessar a via sem observar a presen�a dos outros ve�culos;Colis�o transversal;Com V�timas Feridas;Pleno dia;Crescente;C�u Claro;Dupla;Reta;N�o;2;0;1;0;1;0;1;2;-23,03068816;-44,16310787;SPRF-RJ;DEL03-RJ;UOP02-DEL03-RJ;;;
741742;26/12/2025;sexta-feira;12:30:00;PR;272;367,9;CAMPO MOURAO;Rea��o tardia ou ineficiente do condutor;Colis�o lateral mesmo sentido;Com V�timas Feridas;Pleno dia;Crescente;C�u Claro;Dupla;Reta;Sim;2;0;1;0;1;0;1;2;-24,05338102;-52,40802526;SPRF-PR;DEL09-PR;UOP03-DEL09-PR;;;
741743;26/12/2025;sexta-feira;15:20:00;RS;386;242;SOLEDADE;Demais falhas mec�nicas ou el�tricas;Inc�ndio;Sem V�timas;Pleno dia;Decrescente;C�u Claro;Simples;Declive;N�o;3;0;0;0;3;0;0;1;-28,78525;-52,529027;SPRF-RS;DEL04-RS;UOP03-DEL04-RS;;;
741744;26/12/2025;sexta-feira;15:30:00;SC;101;205,4;SAO JOSE;Pista Escorregadia;Tombamento;Com V�timas Feridas;Pleno dia;Decrescente;Garoa/Chuvisco;M�ltipla;"Declive;Curva";Sim;2;0;2;0;0;0;2;1;-27,58736;-48,616381;SPRF-SC;DEL01-SC;UOP01-DEL01-SC;;;
741745;26/12/2025;sexta-feira;15:20:00;MG;40;517,7;RIBEIRAO DAS NEVES;Acessar a via sem observar a presen�a dos outros ve�culos;Colis�o transversal;Com V�timas Feridas;Pleno dia;Decrescente;Nublado;Dupla;Reta;Sim;2;0;0;1;0;1;1;2;-19,8291738;-44,0831325;SPRF-MG;DEL01-MG;UOP02-DEL01-MG;;;
741747;26/12/2025;sexta-feira;16:00:00;SP;116;81,6;ROSEIRA;Condutor Dormindo;Sa�da de leito carro��vel;Com V�timas Feridas;Pleno dia;Crescente;Sol;Dupla;Reta;N�o;2;0;2;0;0;0;2;1;-22,90858325;-45,31797118;SPRF-SP;DEL08-SP;UOP01-DEL08-SP;;;
741748;26/12/2025;sexta-feira;16:30:00;PE;101;69;RECIFE;Manobra de mudan�a de faixa;Colis�o lateral mesmo sentido;Com V�timas Feridas;Pleno dia;Crescente;C�u Claro;Dupla;Reta;N�o;2;0;1;0;1;0;1;2;-8,06437366;-34,94408894;SPRF-PE;DEL01-PE;UOP01-DEL01-PE;;;