id;data_inversa;dia_semana;horario;uf;br;km;municipio;causa_acidente;tipo_acidente;classificacao_acidente;fase_dia;sentido_via;condicao_metereologica;tipo_pista;tracado_via;uso_solo;pessoas;mortos;feridos_leves;feridos_graves;ilesos;ignorados;feridos;veiculos;latitude;longitude;regional;delegacia;uop;;;
741862;27/12/2025;s�bado;04:50:00;RS;290;26;SANTO ANTONIO DA PATRULHA;Rea��o tardia ou ineficiente do condutor;Colis�o traseira;Sem V�timas;Plena Noite;Crescente;C�u Claro;Dupla;Reta;N�o;6;0;0;0;5;1;0;2;-29,880739;-50,51894;SPRF-RS;DEL03-RS;UOP01-DEL03-RS;;;
741863;15/12/2025;segunda-feira;09:30:00;RS;101;22;TRES CACHOEIRAS;Manobra de mudan�a de faixa;Colis�o lateral mesmo sentido;Com V�timas Feridas;Pleno dia;Decrescente;C�u Claro;Dupla;Reta;Sim;3;0;1;0;2;0;1;2;-29,44189092;-49,9036452;SPRF-RS;DEL03-RS;UOP02-DEL03-RS;;;
741866;27/12/2025;s�bado;05:50:00;ES;101;399,1;ITAPEMIRIM;Condutor Dormindo;Colis�o com objeto;Com V�timas Feridas;Amanhecer;Decrescente;C�u Claro;Simples;Reta;N�o;6;0;2;4;0;0;6;1;-20,87918937;-40,96684232;SPRF-ES;DEL03-ES;UOP02-DEL03-ES;;;
741867;27/12/2025;s�bado;05:10:00;RS;470;205;BENTO GONCALVES;Fuma�a;Inc�ndio;Sem V�timas;Amanhecer;Decrescente;Nublado;Simples;Reta;N�o;1;0;0;0;1;0;0;1;-29,08355992;-51,56076606;SPRF-RS;DEL06-RS;UOP01-DEL06-RS;;;
741868;27/12/2025;s�bado;03:20:00;ES;101;14,6;PEDRO CANARIO;Condutor Dormindo;Colis�o com objeto;Sem V�timas;Plena Noite;Decrescente;C�u Claro;Simples;Aclive;N�o;1;0;0;0;0;1;0;1;-18,26854142;-39,95863698;SPRF-ES;DEL04-ES;UOP02-DEL04-ES;;;
741869;26/12/2025;sexta-feira;20:00:00;SC;116;132;SANTA CECILIA;Rea��o tardia ou ineficiente do condutor;Colis�o com objeto;Com V�timas Feridas;Plena Noite;Decrescente;Garoa/Chuvisco;Simples;Rotat�ria;N�o;3;0;1;0;1;1;1;2;-26,91339081;-50,44390488;SPRF-SC;DEL06-SC;UOP02-DEL06-SC;;;
741871;27/12/2025;s�bado;05:40:00;MS;163;485;CAMPO GRANDE;Avarias e/ou desgaste excessivo no pneu;Sa�da de leito carro��vel;Com V�timas Feridas;Pleno dia;Crescente;C�u Claro;Simples;Reta;N�o;1;0;1;0;0;0;1;1;-20,441759;-54,542103;SPRF-MS;DEL01-MS;UOP02-DEL01-MS;;;
741872;27/12/2025;s�bado;06:15:00;PR;376;175,7;MARINGA;Condutor desrespeitou a ilumina��o vermelha do sem�foro;Colis�o transversal;Sem V�timas;Pleno dia;Decrescente;C�u Claro;Dupla;"Reta;Interse��o de Vias";Sim;2;0;0;0;2;0;0;2;-23,41224698;-51,94317377;SPRF-PR;DEL09-PR;UOP01-DEL09-PR;;;
741873;27/12/2025;s�bado;06:10:00;SC;101;123,8;ITAJAI;Aus�ncia de rea��o do condutor;Colis�o traseira;Com V�timas Feridas;Amanhecer;Crescente;C�u Claro;Dupla;Reta;N�o;4;0;1;0;3;0;1;2;-26,942368;-48,693065;SPRF-SC;DEL04-SC;UOP04-DEL04-SC;;;
741874;26/12/2025;sexta-feira;15:30:00;SP;116;214;GUARULHOS;Aus�ncia de rea��o do condutor;Queda de ocupante de ve�culo;Com V�timas Feridas;Pleno dia;Crescente;C�u Claro;Dupla;Reta;N�o;1;0;1;0;0;0;1;1;-23,44826299;-46,45832777;SPRF-SP;DEL01-SP;UOP01-DEL01-SP;;;
741875;26/12/2025;sexta-feira;18:30:00;MG;116;522;CARATINGA;Transitar no Acostamento;Colis�o frontal;Com V�timas Feridas;Anoitecer;Decrescente;C�u Claro;Simples;Reta;N�o;2;0;1;1;0;0;2;2;-19,750983;-42,132505;SPRF-MG;DEL06-MG;UOP02-DEL06-MG;;;
741876;27/12/2025;s�bado;06:00:00;RS;392;131,4;CANGUCU;Aus�ncia de rea��o do condutor;Sa�da de leito carro��vel;Sem V�timas;Amanhecer;Crescente;C�u Claro;Simples;"Declive;Reta";N�o;1;0;0;0;0;1;0;1;-31,317658;-52,763503;SPRF-RS;DEL07-RS;UOP01-DEL07-RS;;;
741877;27/12/2025;s�bado;06:10:00;CE;222;23,4;CAUCAIA;Condutor Dormindo;Colis�o com objeto;Com V�timas Feridas;Pleno dia;Decrescente;C�u Claro;Dupla;Reta;Sim;1;0;1;0;0;0;1;1;-3,7305555;-38,76702952;SPRF-CE;DEL01-CE;UOP01-DEL01-CE;;;
741878;27/12/2025;s�bado;05:30:00;PR;153;46;SANTO ANTONIO DA PLATINA;Velocidade Incompat�vel;Sa�da de leito carro��vel;Com V�timas Feridas;Amanhecer;Crescente;C�u Claro;Simples;Reta;N�o;1;0;1;0;0;0;1;1;-23,33167031;-50,06648576;SPRF-PR;DEL07-PR;UOP04-DEL07-PR;;;
741879;27/12/2025;s�bado;01:35:00;MG;262;361;JUATUBA;Condutor deixou de manter dist�ncia do ve�culo da frente;Colis�o traseira;Sem V�timas;Plena Noite;Decrescente;C�u Claro;Dupla;Reta;Sim;2;0;0;0;2;0;0;2;-19,95915056;-44,34013367;SPRF-MG;DEL01-MG;UOP03-DEL01-MG;;;
741880;26/12/2025;sexta-feira;21:02:00;RJ;465;20;SEROPEDICA;Acessar a via sem observar a presen�a dos outros ve�culos;Colis�o lateral sentido oposto;Com V�timas Feridas;Plena Noite;Decrescente;C�u Claro;Simples;Reta;N�o;2;0;1;0;1;0;1;2;-22,74037677;-43,71175647;SPRF-RJ;DEL06-RJ;UOP02-DEL06-RJ;;;
741881;27/12/2025;s�bado;04:40:00;PE;423;92,7;GARANHUNS;Demais falhas mec�nicas ou el�tricas;Inc�ndio;Sem V�timas;Plena Noite;Crescente;C�u Claro;Simples;Curva;Sim;2;0;0;0;2;0;0;1;-8,86811112;-36,46199226;SPRF-PE;DEL03-PE;UOP01-DEL03-PE;;;
741882;27/12/2025;s�bado;05:55:00;MA;316;548;CAXIAS;Acessar a via sem observar a presen�a dos outros ve�culos;Atropelamento de Pedestre;Com V�timas Feridas;Amanhecer;Crescente;C�u Claro;Simples;Reta;N�o;2;0;0;1;1;0;1;2;-4,8604692;-43,4282142;SPRF-MA;DEL03-MA;UOP02-DEL03-MA;;;
741883;27/12/2025;s�bado;07:10:00;SC;101;122;ITAJAI;Manobra de mudan�a de faixa;Colis�o lateral mesmo sentido;Com V�timas Feridas;Pleno dia;Crescente;C�u Claro;Dupla;Reta;Sim;2;0;1;0;1;0;1;2;-26,93520637;-48,69988918;SPRF-SC;DEL04-SC;UOP04-DEL04-SC;;;
741884;27/12/2025;s�bado;06:10:00;SP;153;266;VERA CRUZ;Pista esburacada;Tombamento;Com V�timas Feridas;Amanhecer;Decrescente;C�u Claro;Simples;Declive;N�o;1;0;1;0;0;0;1;1;-22,32033832;-49,89824507;SPRF-SP;DEL07-SP;UOP02-DEL07-SP;;;
741885;27/12/2025;s�bado;07:00:00;RS;290;142;ELDORADO DO SUL;Acessar a via sem observar a presen�a dos outros ve�culos;Colis�o transversal;Com V�timas Feridas;Pleno dia;Decrescente;C�u Claro;Simples;Reta;Sim;4;0;1;0;3;0;1;2;-30,09653653;-51,64617062;SPRF-RS;DEL02-RS;UOP01-DEL02-RS;;;
741886;27/12/2025;s�bado;07:10:00;SP;116;161,6;JACAREI;Rea��o tardia ou ineficiente do condutor;Colis�o traseira;Com V�timas Feridas;Pleno dia;Decrescente;C�u Claro;M�ltipla;Reta;N�o;17;0;1;0;16;0;1;4;-23,2783186;-45,9769605;SPRF-SP;DEL02-SP;UOP01-DEL02-SP;;;
741888;27/12/2025;s�bado;06:40:00;GO;60;387;RIO VERDE;Convers�o proibida;Colis�o transversal;Com V�timas Feridas;Amanhecer;Crescente;C�u Claro;Dupla;"Retorno Regulamentado;Declive;Reta";Sim;3;0;0;1;2;0;1;2;-17,81937;-50,943393;SPRF-GO;DEL04-GO;UOP02-DEL04-GO;;;
741889;27/12/2025;s�bado;07:00:00;SC;101;123;ITAJAI;Condutor deixou de manter dist�ncia do ve�culo da frente;Colis�o traseira;Com V�timas Feridas;Pleno dia;Crescente;C�u Claro;Dupla;Reta;N�o;2;0;1;0;1;0;1;2;-26,92805633;-48,70516196;SPRF-SC;DEL04-SC;UOP04-DEL04-SC;;;
741890;27/12/2025;s�bado;05:00:00;PI;135;437,6;MONTE ALEGRE DO PIAUI;Aus�ncia de rea��o do condutor;Sa�da de leito carro��vel;Com V�timas Fatais;Amanhecer;Decrescente;C�u Claro;Simples;"Curva;Declive";Sim;5;1;2;2;0;0;4;1;-9,583887;-44,802245;SPRF-PI;DEL03-PI;UOP02-DEL03-PI;;;
741891;27/12/2025;s�bado;06:00:00;SP;116;462;PARIQUERA-ACU;Problema com o freio;Inc�ndio;Sem V�timas;Pleno dia;Crescente;C�u Claro;Dupla;Reta;N�o;1;0;0;0;1;0;0;1;-24,6237499;-47,8979219;SPRF-SP;DEL05-SP;UOP01-DEL05-SP;;;
741892;27/12/2025;s�bado;06:00:00;PR;277;168;PALMEIRA;Curva acentuada;Colis�o frontal;Com V�timas Feridas;Amanhecer;Crescente;C�u Claro;Simples;Reta;N�o;8;0;4;4;0;0;8;2;-25,4635;-49,9267;SPRF-PR;DEL03-PR;UOP03-DEL03-PR;;;
741893;26/12/2025;sexta-feira;20:00:00;BA;101;444;UBAITABA;Pedestre - Ingest�o de �lcool/ subst�ncias psicoativas;Atropelamento de Pedestre;Com V�timas Feridas;Plena Noite;Decrescente;C�u Claro;Simples;Reta;Sim;2;0;1;0;0;1;1;2;-14,31164;-39,31588;SPRF-BA;DEL05-BA;UOP01-DEL05-BA;;;
741894;27/12/2025;s�bado;07:15:00;RS;116;293;ELDORADO DO SUL;Demais falhas mec�nicas ou el�tricas;Tombamento;Com V�timas Feridas;Pleno dia;Decrescente;C�u Claro;Dupla;Reta;N�o;2;0;2;0;0;0;2;1;-30,054638;-51,336043;SPRF-RS;DEL02-RS;UOP01-DEL02-RS;;;
741895;27/12/2025;s�bado;08:00:00;RJ;101;322;NITEROI;Condutor deixou de manter dist�ncia do ve�culo da frente;Colis�o lateral mesmo sentido;Com V�timas Feridas;Pleno dia;Decrescente;C�u Claro;Dupla;Reta;Sim;2;0;1;0;1;0;1;2;-22,87905169;-43,11425686;SPRF-RJ;DEL02-RJ;UOP01-DEL02-RJ;;;
741896;26/12/2025;sexta-feira;15:00:00;PI;222;92;PIRIPIRI;Rea��o tardia ou ineficiente do condutor;Queda de ocupante de ve�culo;Com V�timas Feridas;Pleno dia;Crescente;C�u Claro;Simples;Reta;N�o;3;0;0;3;0;0;3;3;-4,22268;-41,9048;SPRF-PI;DEL02-PI;UOP01-DEL02-PI;;;
741898;27/12/2025;s�bado;07:35:00;PR;277;587,2;CASCAVEL;Manobra de mudan�a de faixa;Colis�o lateral mesmo sentido;Sem V�timas;Pleno dia;Crescente;C�u Claro;Dupla;Retorno Regulamentado;Sim;2;0;0;0;2;0;0;2;-24,9641657;-53,40821028;SPRF-PR;DEL04-PR;UOP01-DEL04-PR;;;
741899;27/12/2025;s�bado;07:30:00;ES;101;13;SERRA;Velocidade Incompat�vel;Queda de ocupante de ve�culo;Com V�timas Feridas;Pleno dia;Crescente;Sol;Dupla;Rotat�ria;N�o;2;0;2;0;0;0;2;2;-20,16451613;-40,35058056;SPRF-ES;DEL02-ES;UOP01-DEL02-ES;;;
741900;27/12/2025;s�bado;06:30:00;MG;262;372;JUATUBA;Condutor Dormindo;Sa�da de leito carro��vel;Com V�timas Feridas;Pleno dia;Decrescente;C�u Claro;Dupla;Reta;N�o;2;0;1;1;0;0;2;1;-19,93779219;-44,3913824;SPRF-MG;DEL01-MG;UOP03-DEL01-MG;;;
741902;19/12/2025;sexta-feira;07:40:00;PR;277;80,9;CURITIBA;Trafegar com motocicleta (ou similar) entre as faixas;Colis�o lateral mesmo sentido;Com V�timas Feridas;Pleno dia;Crescente;C�u Claro;Dupla;Reta;Sim;3;0;1;0;2;0;1;3;-25,46434473;-49,21694756;SPRF-PR;DEL01-PR;UOP03-DEL01-PR;;;
741904;27/12/2025;s�bado;07:50:00;MG;116;524,4;CARATINGA;Acessar a via sem observar a presen�a dos outros ve�culos;Colis�o transversal;Com V�timas Feridas;Pleno dia;Crescente;C�u Claro;Simples;"Interse��o de Vias;Reta";Sim;2;0;0;1;1;0;1;2;-19,7661831;-42,13132951;SPRF-MG;DEL06-MG;UOP02-DEL06-MG;;;
741905;27/12/2025;s�bado;08:27:00;ES;101;425;ATILIO VIVACQUA;Rea��o tardia ou ineficiente do condutor;Colis�o traseira;Com V�timas Feridas;Pleno dia;Crescente;Sol;Simples;Reta;N�o;6;0;1;0;5;0;1;2;-21,001944;-41,132574;SPRF-ES;DEL03-ES;UOP02-DEL03-ES;;;
741906;27/12/2025;s�bado;08:30:00;MG;40;482,2;SETE LAGOAS;Aus�ncia de rea��o do condutor;Sa�da de leito carro��vel;Com V�timas Feridas;Pleno dia;Decrescente;C�u Claro;Dupla;"Declive;Reta";N�o;1;0;1;0;0;0;1;1;-19,560658;-44,239583;SPRF-MG;DEL02-MG;UOP01-DEL02-MG;;;
741908;27/12/2025;s�bado;08:30:00;RS;290;44,2;OSORIO;Condutor deixou de manter dist�ncia do ve�culo da frente;Colis�o traseira;Com V�timas Feridas;Pleno dia;Decrescente;C�u Claro;M�ltipla;Reta;N�o;5;0;1;0;4;0;1;2;-29,8647552;-50,2530048;SPRF-RS;DEL03-RS;UOP01-DEL03-RS;;;
741909;25/12/2025;quinta-feira;16:25:00;SC;101;332,8;TUBARAO;Ingest�o de �lcool pelo condutor;Colis�o com objeto;Sem V�timas;Pleno dia;Decrescente;Nublado;Dupla;Curva;Sim;1;0;0;0;1;0;0;1;-28,46753122;-49,00896907;SPRF-SC;DEL02-SC;UOP01-DEL02-SC;;;
741910;27/12/2025;s�bado;09:20:00;PR;476;115,5;COLOMBO;Convers�o proibida;Colis�o traseira;Com V�timas Feridas;Pleno dia;Crescente;Sol;Simples;"Reta;Declive";Sim;3;0;2;0;1;0;2;2;-25,345437;-49,160517;SPRF-PR;DEL01-PR;UOP01-DEL01-PR;;;
741911;27/12/2025;s�bado;09:20:00;RS;386;435;NOVA SANTA RITA;Acessar a via sem observar a presen�a dos outros ve�culos;Colis�o lateral mesmo sentido;Com V�timas Feridas;Pleno dia;Crescente;C�u Claro;Dupla;Interse��o de Vias;Sim;6;0;3;0;3;0;3;2;-29,84826699;-51,27049405;SPRF-RS;DEL04-RS;UOP02-DEL04-RS;;;
741912;27/12/2025;s�bado;07:50:00;PR;277;33,8;MORRETES;Rea��o tardia ou ineficiente do condutor;Colis�o com objeto;Com V�timas Feridas;Pleno dia;Crescente;C�u Claro;Dupla;Curva;N�o;1;0;1;0;0;0;1;1;-25,570541;-48,814804;SPRF-PR;DEL01-PR;UOP05-DEL01-PR;;;
741913;12/10/2025;domingo;16:50:00;RJ;493;82;JAPERI;Rea��o tardia ou ineficiente do condutor;Sa�da de leito carro��vel;Com V�timas Feridas;Pleno dia;Decrescente;C�u Claro;Dupla;Curva;N�o;5;0;4;1;0;0;5;1;-22,66530831;-43,59317986;SPRF-RJ;DEL01-RJ;UOP03-DEL01-RJ;;;
741914;27/12/2025;s�bado;10:20:00;ES;262;17,4;VIANA;Rea��o tardia ou ineficiente do condutor;Sa�da de leito carro��vel;Sem V�timas;Pleno dia;Crescente;C�u Claro;Simples;Reta;Sim;1;0;0;0;0;1;0;1;-20,387947;-40,47644;SPRF-ES;DEL01-ES;UOP01-DEL01-ES;;;
741915;27/12/2025;s�bado;10:10:00;PB;230;7,7;CABEDELO;Rea��o tardia ou ineficiente do condutor;Colis�o transversal;Com V�timas Feridas;Pleno dia;Crescente;Sol;M�ltipla;Reta;Sim;3;0;1;0;2;0;1;2;-7,034338;-34,842525;SPRF-PB;DEL01-PB;UOP01-DEL01-PB;;;
741916;27/12/2025;s�bado;09:20:00;SC;101;70,5;ARAQUARI;Condutor deixou de manter dist�ncia do ve�culo da frente;Colis�o traseira;Com V�timas Feridas;Pleno dia;Crescente;C�u Claro;Dupla;Reta;N�o;4;0;1;0;2;1;1;3;-26,52721778;-48,71549098;SPRF-SC;DEL03-SC;UOP02-DEL03-SC;;;
741917;27/12/2025;s�bado;09:00:00;SP;381;10;VARGEM;Aus�ncia de rea��o do condutor;Sa�da de leito carro��vel;Com V�timas Feridas;Pleno dia;Decrescente;C�u Claro;Dupla;Reta;N�o;2;0;1;0;1;0;1;1;-22,92832822;-46,44781351;SPRF-SP;DEL03-SP;UOP02-DEL03-SP;;;
741918;27/12/2025;s�bado;10:30:00;PR;369;137;IBIPORA;Acessar a via sem observar a presen�a dos outros ve�culos;Colis�o transversal;Com V�timas Feridas;Pleno dia;Decrescente;C�u Claro;Simples;"Interse��o de Vias;Reta;Rotat�ria";Sim;4;0;1;0;3;0;1;2;-23,27047098;-51,0388848;SPRF-PR;DEL07-PR;UOP01-DEL07-PR;;;
741919;27/12/2025;s�bado;09:50:00;SE;235;6;NOSSA SENHORA DO SOCORRO;Pista Escorregadia;Queda de ocupante de ve�culo;Com V�timas Feridas;Pleno dia;Decrescente;C�u Claro;Dupla;Curva;Sim;1;0;1;0;0;0;1;1;-10,9047847;-37,13018417;SPRF-SE;DEL01-SE;UOP01-DEL01-SE;;;
741920;27/12/2025;s�bado;11:00:00;RS;101;35;TRES CACHOEIRAS;Rea��o tardia ou ineficiente do condutor;Sa�da de leito carro��vel;Com V�timas Feridas;Pleno dia;Crescente;Nublado;M�ltipla;Reta;N�o;2;0;2;0;0;0;2;1;-29,5199093;-49,9958306;SPRF-RS;DEL03-RS;UOP02-DEL03-RS;;;
741921;27/12/2025;s�bado;10:10:00;RJ;101;296;ITABORAI;Manobra de mudan�a de faixa;Colis�o lateral mesmo sentido;Com V�timas Feridas;Pleno dia;Decrescente;C�u Claro;Dupla;Reta;N�o;2;0;1;0;1;0;1;2;-22,76729382;-42,91118345;SPRF-RJ;DEL02-RJ;UOP02-DEL02-RJ;;;
741922;27/12/2025;s�bado;09:40:00;PB;230;189;POCINHOS;Aus�ncia de rea��o do condutor;Colis�o lateral mesmo sentido;Sem V�timas;Pleno dia;Crescente;C�u Claro;Simples;"Declive;Reta";N�o;2;0;0;0;2;0;0;2;-7,14093;-36,1452266;SPRF-PB;DEL02-PB;UOP02-DEL02-PB;;;
741923;27/12/2025;s�bado;10:50:00;SC;282;4,7;SAO JOSE;Condutor deixou de manter dist�ncia do ve�culo da frente;Colis�o traseira;Com V�timas Feridas;Pleno dia;Crescente;C�u Claro;M�ltipla;Reta;Sim;1;0;0;1;0;0;1;1;-27,59055117;-48,60827319;SPRF-SC;DEL01-SC;UOP01-DEL01-SC;;;
741924;27/12/2025;s�bado;10:38:00;PE;101;51;PAULISTA;Rea��o tardia ou ineficiente do condutor;Colis�o traseira;Sem V�timas;Pleno dia;Crescente;C�u Claro;M�ltipla;Reta;N�o;4;0;0;0;2;2;0;3;-7,919311;-34,895581;SPRF-PE;DEL01-PE;UOP02-DEL01-PE;;;
741925;27/12/2025;s�bado;11:35:00;RN;101;82;SAO GONCALO DO AMARANTE;Aus�ncia de rea��o do condutor;Colis�o traseira;Com V�timas Feridas;Pleno dia;Crescente;C�u Claro;Dupla;Reta;Sim;3;0;1;0;0;2;1;2;-5,76787234;-35,27528644;SPRF-RN;DEL02-RN;UOP01-DEL02-RN;;;
741926;27/12/2025;s�bado;08:16:00;PE;407;129,5;PETROLINA;Retorno proibido;Colis�o transversal;Com V�timas Feridas;Pleno dia;Decrescente;C�u Claro;Dupla;Reta;Sim;2;0;1;1;0;0;2;2;-9,40523373;-40,50429583;SPRF-PE;DEL06-PE;UOP01-DEL06-PE;;;
741928;27/12/2025;s�bado;09:45:00;SP;116;114,2;TAUBATE;Trafegar com motocicleta (ou similar) entre as faixas;Colis�o lateral mesmo sentido;Com V�timas Feridas;Pleno dia;Decrescente;C�u Claro;Dupla;Reta;Sim;3;0;0;1;2;0;1;3;-23,04751189;-45,59326172;SPRF-SP;DEL02-SP;UOP02-DEL02-SP;;;
741929;27/12/2025;s�bado;11:30:00;SC;101;192;BIGUACU;Condutor deixou de manter dist�ncia do ve�culo da frente;Colis�o traseira;Com V�timas Feridas;Pleno dia;Decrescente;C�u Claro;Dupla;Reta;Sim;2;0;1;0;1;0;1;2;-27,48762;-48,6517;SPRF-SC;DEL01-SC;UOP01-DEL01-SC;;;
741930;27/12/2025;s�bado;12:05:00;RN;101;121;SAO JOSE DE MIPIBU;Rea��o tardia ou ineficiente do condutor;Queda de ocupante de ve�culo;Com V�timas Feridas;Pleno dia;Decrescente;C�u Claro;Dupla;Reta;N�o;2;0;1;0;1;0;1;1;-6,0442;-35,245897;SPRF-RN;DEL01-RN;UOP01-DEL01-RN;;;
741931;27/12/2025;s�bado;11:50:00;PR;277;24;MORRETES;Manobra de mudan�a de faixa;Colis�o lateral mesmo sentido;Com V�timas Feridas;Pleno dia;Crescente;C�u Claro;Dupla;Reta;N�o;3;0;2;0;1;0;2;2;-25,52839171;-48,74251692;SPRF-PR;DEL01-PR;UOP05-DEL01-PR;;;
741932;27/12/2025;s�bado;11:56:00;MG;381;500;BETIM;Aus�ncia de rea��o do condutor;Engavetamento;Com V�timas Feridas;Pleno dia;Decrescente;C�u Claro;Dupla;Reta;N�o;5;0;1;0;4;0;1;3;-20,01096034;-44,21887314;SPRF-MG;DEL01-MG;UOP03-DEL01-MG;;;
741933;27/12/2025;s�bado;11:45:00;SC;101;46,1;JOINVILLE;Trafegar com motocicleta (ou similar) entre as faixas;Colis�o traseira;Com V�timas Feridas;Pleno dia;Crescente;Sol;Dupla;Reta;Sim;2;0;0;1;1;0;1;2;-26,35736674;-48,85892479;SPRF-SC;DEL03-SC;UOP01-DEL03-SC;;;
741934;27/12/2025;s�bado;12:15:00;MG;381;447,6;BELO HORIZONTE;Transitar no Acostamento;Colis�o transversal;Com V�timas Feridas;Pleno dia;Decrescente;Sol;Simples;Reta;Sim;2;0;1;0;1;0;1;2;-19,84018401;-43,87641777;SPRF-MG;DEL01-MG;UOP01-DEL01-MG;;;
741938;27/12/2025;s�bado;11:00:00;SP;116;114,2;TAUBATE;Rea��o tardia ou ineficiente do condutor;Tombamento;Com V�timas Feridas;Pleno dia;Decrescente;C�u Claro;Dupla;Reta;Sim;2;0;1;0;1;0;1;2;-23,04694963;-45,59093574;SPRF-SP;DEL02-SP;UOP02-DEL02-SP;;;
741941;27/12/2025;s�bado;13:00:00;SC;101;218;PALHOCA;Condutor deixou de manter dist�ncia do ve�culo da frente;Colis�o traseira;Com V�timas Feridas;Pleno dia;Crescente;C�u Claro;Dupla;Reta;N�o;4;0;1;0;2;1;1;3;-27,6950612;-48,6618213;SPRF-SC;DEL01-SC;UOP02-DEL01-SC;;;
741942;27/12/2025;s�bado;13:07:00;ES;101;233;FUNDAO;Transitar na contram�o;Colis�o lateral sentido oposto;Com V�timas Feridas;Pleno dia;Crescente;C�u Claro;Simples;Reta;N�o;3;0;1;0;2;0;1;2;-19,96677868;-40,40611824;SPRF-ES;DEL02-ES;UOP01-DEL02-ES;;;
741943;27/12/2025;s�bado;11:10:00;RO;364;425;JARU;Frear bruscamente;Tombamento;Com V�timas Feridas;Pleno dia;Decrescente;C�u Claro;M�ltipla;Reta;Sim;1;0;1;0;0;0;1;1;-10,43814997;-62,47128423;SPRF-RO;DEL03-RO;UOP02-DEL03-RO;;;
741944;27/12/2025;s�bado;13:00:00;RS;392;18;RIO GRANDE;Acessar a via sem observar a presen�a dos outros ve�culos;Colis�o transversal;Com V�timas Feridas;Pleno dia;Decrescente;Chuva;Dupla;Reta;Sim;2;0;1;0;1;0;1;2;-32,090063;-52,177008;SPRF-RS;DEL07-RS;UOP02-DEL07-RS;;;
741946;27/12/2025;s�bado;11:30:00;RJ;101;425;MANGARATIBA;Aus�ncia de rea��o do condutor;Colis�o transversal;Com V�timas Feridas;Pleno dia;Crescente;Sol;Simples;Reta;N�o;3;0;2;0;1;0;2;2;-22,9295;-43,9755;SPRF-RJ;DEL03-RJ;UOP02-DEL03-RJ;;;
741949;27/12/2025;s�bado;11:30:00;SC;101;88;BARRA VELHA;Condutor deixou de manter dist�ncia do ve�culo da frente;Colis�o traseira;Com V�timas Feridas;Pleno dia;Crescente;Sol;M�ltipla;"Viaduto;Declive";N�o;3;0;1;0;2;0;1;2;-26,65040856;-48,68667349;SPRF-SC;DEL03-SC;UOP02-DEL03-SC;;;
741950;27/12/2025;s�bado;06:50:00;MG;381;416;CAETE;Demais falhas mec�nicas ou el�tricas;Tombamento;Com V�timas Feridas;Pleno dia;Decrescente;C�u Claro;Dupla;Reta;N�o;2;0;2;0;0;0;2;1;-19,76061067;-43,63895985;SPRF-MG;DEL01-MG;UOP01-DEL01-MG;;;
741951;27/12/2025;s�bado;13:30:00;RS;392;266;CACAPAVA DO SUL;Ingest�o de �lcool pelo condutor;Colis�o traseira;Sem V�timas;Pleno dia;Crescente;Chuva;Simples;Reta;N�o;2;0;0;0;2;0;0;2;-30,42163466;-53,49856317;SPRF-RS;DEL09-RS;UOP02-DEL09-RS;;;
741953;27/12/2025;s�bado;11:45:00;MG;40;729,9;OLIVEIRA FORTES;Aus�ncia de rea��o do condutor;Colis�o com objeto;Sem V�timas;Pleno dia;Crescente;C�u Claro;Dupla;"Aclive;Reta";N�o;2;0;0;0;1;1;0;1;-21,353122;-43,580745;SPRF-MG;DEL05-MG;UOP01-DEL05-MG;;;
741955;27/12/2025;s�bado;14:29:00;ES;101;96;JAGUARE;Transitar na contram�o;Colis�o lateral sentido oposto;Com V�timas Feridas;Pleno dia;Decrescente;Sol;Simples;Reta;N�o;8;0;3;0;4;1;3;5;-18,95408411;-39,98319626;SPRF-ES;DEL04-ES;UOP02-DEL04-ES;;;
741957;27/12/2025;s�bado;13:50:00;PR;116;126;FAZENDA RIO GRANDE;Demais falhas mec�nicas ou el�tricas;Engavetamento;Com V�timas Feridas;Pleno dia;Crescente;Sol;Dupla;Reta;Sim;3;0;1;0;2;0;1;3;-25,63966929;-49,31350708;SPRF-PR;DEL01-PR;UOP03-DEL01-PR;;;
741959;27/12/2025;s�bado;14:30:00;GO;60;101;ANAPOLIS;Condutor deixou de manter dist�ncia do ve�culo da frente;Colis�o traseira;Com V�timas Feridas;Pleno dia;Crescente;C�u Claro;Dupla;Reta;Sim;3;0;1;0;2;0;1;2;-16,4033141;-48,9792665;SPRF-GO;DEL02-GO;UOP01-DEL02-GO;;;
741960;27/12/2025;s�bado;15:00:00;PR;116;122;CURITIBA;Acessar a via sem observar a presen�a dos outros ve�culos;Colis�o lateral mesmo sentido;Com V�timas Feridas;Pleno dia;Crescente;C�u Claro;Dupla;Curva;N�o;2;0;2;0;0;0;2;2;-25,60990798;-49,3193957;SPRF-PR;DEL01-PR;UOP03-DEL01-PR;;;
741961;27/12/2025;s�bado;14:30:00;SC;470;45;GASPAR;Rea��o tardia ou ineficiente do condutor;Tombamento;Com V�timas Feridas;Pleno dia;Crescente;C�u Claro;Dupla;Curva;N�o;2;0;2;0;0;0;2;1;-26,86602403;-49,03213053;SPRF-SC;DEL04-SC;UOP01-DEL04-SC;;;
741962;27/12/2025;s�bado;14:40:00;SC;101;47,4;JOINVILLE;Demais falhas mec�nicas ou el�tricas;Inc�ndio;Sem V�timas;Pleno dia;Crescente;C�u Claro;M�ltipla;"Declive;Reta";Sim;1;0;0;0;1;0;0;1;-26,3685117;-48,85782592;SPRF-SC;DEL03-SC;UOP01-DEL03-SC;;;
741963;27/12/2025;s�bado;12:00:00;PA;153;50;SAO DOMINGOS DO ARAGUAIA;Pedestre andava na pista;Colis�o transversal;Com V�timas Fatais;Pleno dia;Decrescente;C�u Claro;Simples;Reta;Sim;2;1;0;0;0;1;0;2;-5,5641;-48,730702;SPRF-PA;DEL03-PA;UOP01-DEL03-PA;;;