id;data_inversa;dia_semana;horario;uf;br;km;municipio;causa_acidente;tipo_acidente;classificacao_acidente;fase_dia;sentido_via;condicao_metereologica;tipo_pista;tracado_via;uso_solo;pessoas;mortos;feridos_leves;feridos_graves;ilesos;ignorados;feridos;veiculos;latitude;longitude;regional;delegacia;uop;;;
741965;27/12/2025;s�bado;10:40:00;RN;304;43,1;MOSSORO;Condutor deixou de manter dist�ncia do ve�culo da frente;Colis�o traseira;Com V�timas Feridas;Pleno dia;Crescente;C�u Claro;Dupla;Reta;N�o;3;0;3;0;0;0;3;2;-5,216135;-37,36786;SPRF-RN;DEL04-RN;UOP01-DEL04-RN;;;
741966;27/12/2025;s�bado;09:50:00;RO;364;352,8;JI-PARANA;Aus�ncia de rea��o do condutor;Colis�o traseira;Com V�timas Feridas;Pleno dia;Decrescente;C�u Claro;Simples;Reta;N�o;2;0;1;0;1;0;1;2;-10,82603599;-62,01432976;SPRF-RO;DEL02-RO;UOP01-DEL02-RO;;;
741968;27/12/2025;s�bado;10:30:00;BA;367;129;ITAGIMIRIM;Rea��o tardia ou ineficiente do condutor;Tombamento;Sem V�timas;Pleno dia;Crescente;Sol;Simples;"Curva;Declive";N�o;2;0;0;0;2;0;0;2;-16,091062;-39,858647;SPRF-BA;DEL09-BA;UOP03-DEL09-BA;;;
741970;27/12/2025;s�bado;15:30:00;PR;116;114;CURITIBA;Trafegar com motocicleta (ou similar) entre as faixas;Colis�o lateral mesmo sentido;Com V�timas Feridas;Pleno dia;Decrescente;Sol;Dupla;Reta;Sim;2;0;1;0;1;0;1;2;-25,546432;-49,293988;SPRF-PR;DEL01-PR;UOP03-DEL01-PR;;;
741971;27/12/2025;s�bado;15:33:00;SP;153;64;SAO JOSE DO RIO PRETO;Rea��o tardia ou ineficiente do condutor;Sa�da de leito carro��vel;Sem V�timas;Pleno dia;Crescente;C�u Claro;Dupla;"Reta;Aclive";Sim;2;0;0;0;1;1;0;2;-20,82909275;-49,36063886;SPRF-SP;DEL09-SP;UOP01-DEL09-SP;;;
741972;27/12/2025;s�bado;14:00:00;SC;116;35,2;ITAIOPOLIS;Acessar a via sem observar a presen�a dos outros ve�culos;Colis�o lateral mesmo sentido;Com V�timas Feridas;Pleno dia;Crescente;Sol;Simples;"Curva;Aclive";Sim;4;0;1;2;1;0;3;2;-26,3368305;-50,0071213;SPRF-SC;DEL06-SC;UOP01-DEL06-SC;;;
741973;27/12/2025;s�bado;15:40:00;ES;262;110;VENDA NOVA DO IMIGRANTE;Ultrapassagem Indevida;Colis�o lateral mesmo sentido;Com V�timas Feridas;Pleno dia;Decrescente;C�u Claro;Simples;Reta;Sim;2;0;1;0;1;0;1;2;-20,33626628;-41,18020244;SPRF-ES;DEL01-ES;UOP02-DEL01-ES;;;
741974;27/12/2025;s�bado;13:35:00;SC;280;180;MAFRA;Condutor deixou de manter dist�ncia do ve�culo da frente;Colis�o lateral mesmo sentido;Com V�timas Feridas;Pleno dia;Crescente;C�u Claro;Simples;Reta;N�o;2;0;1;0;1;0;1;2;-26,176279;-49,8873;SPRF-SC;DEL06-SC;UOP01-DEL06-SC;;;
741977;27/12/2025;s�bado;15:00:00;SC;101;205;SAO JOSE;Rea��o tardia ou ineficiente do condutor;Tombamento;Com V�timas Feridas;Pleno dia;Decrescente;C�u Claro;Dupla;Reta;Sim;2;0;2;0;0;0;2;1;-27,57953;-48,614005;SPRF-SC;DEL01-SC;UOP01-DEL01-SC;;;
741978;27/12/2025;s�bado;13:15:00;MG;262;752;UBERABA;Aus�ncia de rea��o do condutor;Sa�da de leito carro��vel;Com V�timas Feridas;Pleno dia;Crescente;Nublado;Simples;Interse��o de Vias;N�o;1;0;1;0;0;0;1;1;-19,67068569;-47,62102246;SPRF-MG;DEL13-MG;UOP01-DEL13-MG;;;
741980;27/12/2025;s�bado;15:45:00;MG;40;516;RIBEIRAO DAS NEVES;Acessar a via sem observar a presen�a dos outros ve�culos;Colis�o transversal;Com V�timas Feridas;Pleno dia;Decrescente;Sol;Dupla;Reta;Sim;6;0;1;0;5;0;1;2;-19,829622;-44,083736;SPRF-MG;DEL01-MG;UOP02-DEL01-MG;;;
741981;27/12/2025;s�bado;08:50:00;BA;101;807;ITAMARAJU;Desrespeitar a prefer�ncia no cruzamento;Colis�o transversal;Com V�timas Feridas;Pleno dia;Crescente;C�u Claro;Simples;Reta;Sim;2;0;1;0;0;1;1;2;-17,020068;-39,541522;SPRF-BA;DEL09-BA;UOP01-DEL09-BA;;;
741982;27/12/2025;s�bado;16:25:00;SC;101;187,9;BIGUACU;Aus�ncia de rea��o do condutor;Queda de ocupante de ve�culo;Com V�timas Feridas;Pleno dia;Crescente;C�u Claro;Dupla;Reta;Sim;2;0;2;0;0;0;2;1;-27,44914727;-48,632431;SPRF-SC;DEL01-SC;UOP01-DEL01-SC;;;
741983;27/12/2025;s�bado;16:00:00;SC;101;47,4;JOINVILLE;Condutor deixou de manter dist�ncia do ve�culo da frente;Colis�o lateral mesmo sentido;Com V�timas Feridas;Pleno dia;Crescente;C�u Claro;Dupla;"Reta;Aclive";N�o;3;0;1;0;1;1;1;2;-26,36734947;-48,85810789;SPRF-SC;DEL03-SC;UOP01-DEL03-SC;;;
741984;27/12/2025;s�bado;16:10:00;RS;116;267;CANOAS;Acesso irregular;Colis�o traseira;Com V�timas Feridas;Pleno dia;Decrescente;Chuva;Dupla;Reta;Sim;2;0;1;0;1;0;1;2;-29,89902837;-51,17616749;SPRF-RS;DEL01-RS;UOP01-DEL01-RS;;;
741985;27/12/2025;s�bado;16:40:00;PB;230;23;JOAO PESSOA;Aus�ncia de rea��o do condutor;Colis�o traseira;Com V�timas Feridas;Pleno dia;Decrescente;Sol;Dupla;Viaduto;Sim;3;0;1;0;2;0;1;2;-7,1654;-34,86272;SPRF-PB;DEL01-PB;UOP01-DEL01-PB;;;
741986;27/12/2025;s�bado;15:50:00;SC;470;62,2;INDAIAL;Velocidade Incompat�vel;Sa�da de leito carro��vel;Com V�timas Feridas;Pleno dia;Crescente;Sol;Simples;"Declive;Reta";Sim;3;0;2;0;1;0;2;2;-26,8743683;-49,1860733;SPRF-SC;DEL04-SC;UOP01-DEL04-SC;;;
741987;27/12/2025;s�bado;14:50:00;RO;364;220,8;PIMENTA BUENO;Manobra de mudan�a de faixa;Sa�da de leito carro��vel;Com V�timas Feridas;Pleno dia;Crescente;C�u Claro;Simples;Reta;N�o;1;0;1;0;0;0;1;1;-11,529193;-61,33052;SPRF-RO;DEL02-RO;UOP02-DEL02-RO;;;
741988;27/12/2025;s�bado;07:50:00;MA;135;7;SAO LUIS;Acessar a via sem observar a presen�a dos outros ve�culos;Colis�o transversal;Com V�timas Feridas;Pleno dia;Decrescente;C�u Claro;Dupla;Retorno Regulamentado;Sim;2;0;1;0;1;0;1;2;-2,64010453;-44,27115295;SPRF-MA;DEL01-MA;UOP01-DEL01-MA;;;
741989;27/12/2025;s�bado;15:15:00;RJ;101;425;MANGARATIBA;Ultrapassagem Indevida;Colis�o transversal;Com V�timas Feridas;Pleno dia;Crescente;Sol;Simples;"Interse��o de Vias;Reta";Sim;7;0;2;1;3;1;3;3;-22,92958312;-43,97565365;SPRF-RJ;DEL03-RJ;UOP02-DEL03-RJ;;;
741990;27/12/2025;s�bado;16:40:00;RJ;116;234;PIRAI;Rea��o tardia ou ineficiente do condutor;Queda de ocupante de ve�culo;Com V�timas Feridas;Pleno dia;Crescente;Sol;Dupla;Curva;N�o;1;0;1;0;0;0;1;1;-22,66540283;-43,8490212;SPRF-RJ;DEL07-RJ;UOP01-DEL07-RJ;;;
741992;27/12/2025;s�bado;16:50:00;PR;376;464;PONTA GROSSA;Chuva;Sa�da de leito carro��vel;Com V�timas Feridas;Pleno dia;Crescente;Chuva;Dupla;Reta;N�o;4;0;1;1;2;0;2;1;-25,016239;-50,337761;SPRF-PR;DEL03-PR;UOP01-DEL03-PR;;;
741993;27/12/2025;s�bado;16:30:00;GO;153;593,4;PIRACANJUBA;Rea��o tardia ou ineficiente do condutor;Sa�da de leito carro��vel;Com V�timas Feridas;Pleno dia;Crescente;Garoa/Chuvisco;Dupla;Reta;N�o;1;0;1;0;0;0;1;1;-17,48683333;-49,21057034;SPRF-GO;DEL03-GO;UOP01-DEL03-GO;;;
741995;27/12/2025;s�bado;12:10:00;RO;364;658;CANDEIAS DO JAMARI;Rea��o tardia ou ineficiente do condutor;Capotamento;Com V�timas Feridas;Pleno dia;Crescente;C�u Claro;Simples;Reta;N�o;1;0;1;0;0;0;1;1;-8,87640599;-63,44119012;SPRF-RO;DEL01-RO;UOP01-DEL01-RO;;;
741996;27/12/2025;s�bado;09:00:00;BA;324;556;AMELIA RODRIGUES;Aus�ncia de rea��o do condutor;Queda de ocupante de ve�culo;Com V�timas Feridas;Pleno dia;Decrescente;C�u Claro;Dupla;Reta;N�o;1;0;1;0;0;0;1;1;-12,476448;-38,674738;SPRF-BA;DEL01-BA;UOP03-DEL01-BA;;;
741997;27/12/2025;s�bado;17:30:00;SP;101;34;UBATUBA;Aus�ncia de rea��o do condutor;Colis�o lateral mesmo sentido;Com V�timas Feridas;Pleno dia;Crescente;C�u Claro;Simples;"Declive;Reta";N�o;2;0;0;1;1;0;1;2;-23,39058363;-44,99624189;SPRF-SP;DEL06-SP;UOP01-DEL06-SP;;;
741998;27/12/2025;s�bado;15:20:00;PR;277;381;GUARAPUAVA;Mal s�bito do condutor;Sa�da de leito carro��vel;Com V�timas Feridas;Pleno dia;Crescente;C�u Claro;Simples;Reta;N�o;2;0;1;0;1;0;1;1;-25,40368576;-51,73167515;SPRF-PR;DEL08-PR;UOP01-DEL08-PR;;;
742000;27/12/2025;s�bado;15:10:00;SP;101;44;UBATUBA;Acessar a via sem observar a presen�a dos outros ve�culos;Atropelamento de Pedestre;Com V�timas Feridas;Pleno dia;Crescente;C�u Claro;Simples;Curva;Sim;2;0;1;0;0;1;1;2;-23,40830827;-45,06094979;SPRF-SP;DEL06-SP;UOP01-DEL06-SP;;;
742002;27/12/2025;s�bado;18:15:00;SC;101;222,6;PALHOCA;Manobra de mudan�a de faixa;Colis�o lateral mesmo sentido;Com V�timas Feridas;Anoitecer;Decrescente;Nublado;Dupla;"Declive;Reta";N�o;3;0;2;0;1;0;2;2;-27,711842;-48,651122;SPRF-SC;DEL01-SC;UOP02-DEL01-SC;;;
742004;27/12/2025;s�bado;17:10:00;SP;116;45,1;CANAS;Avarias e/ou desgaste excessivo no pneu;Tombamento;Com V�timas Feridas;Pleno dia;Decrescente;Sol;Dupla;Reta;N�o;2;0;2;0;0;0;2;1;-22,71032284;-45,04737854;SPRF-SP;DEL08-SP;UOP02-DEL08-SP;;;
742005;27/12/2025;s�bado;18:00:00;CE;116;88,1;CASCAVEL;Avarias e/ou desgaste excessivo no pneu;Tombamento;Com V�timas Feridas;Plena Noite;Crescente;C�u Claro;Simples;Reta;N�o;2;0;2;0;0;0;2;1;-4,45421;-38,3763;SPRF-CE;DEL01-CE;UOP04-DEL01-CE;;;
742006;27/12/2025;s�bado;16:00:00;SC;101;360;SANGAO;Transitar na contram�o;Colis�o transversal;Com V�timas Feridas;Pleno dia;Crescente;Chuva;M�ltipla;Reta;Sim;5;0;1;0;3;1;1;2;-28,66734;-49,117798;SPRF-SC;DEL02-SC;UOP01-DEL02-SC;;;
742007;27/12/2025;s�bado;18:10:00;SC;101;419,7;ARARANGUA;Desrespeitar a prefer�ncia no cruzamento;Colis�o lateral mesmo sentido;Com V�timas Feridas;Anoitecer;Crescente;Chuva;Simples;Interse��o de Vias;Sim;2;0;0;1;1;0;1;2;-28,99693377;-49,55426065;SPRF-SC;DEL02-SC;UOP02-DEL02-SC;;;
742008;27/12/2025;s�bado;18:50:00;RN;101;116;SAO JOSE DE MIPIBU;Aus�ncia de rea��o do condutor;Tombamento;Com V�timas Feridas;Plena Noite;Decrescente;C�u Claro;Dupla;Rotat�ria;Sim;1;0;1;0;0;0;1;1;-6,00146578;-35,2591064;SPRF-RN;DEL01-RN;UOP01-DEL01-RN;;;
742009;27/12/2025;s�bado;16:00:00;SC;101;410,5;ARARANGUA;Transitar no Acostamento;Colis�o traseira;Sem V�timas;Pleno dia;Crescente;C�u Claro;Dupla;Reta;N�o;3;0;0;0;3;0;0;2;-28,93231741;-49,51561689;SPRF-SC;DEL02-SC;UOP02-DEL02-SC;;;
742010;27/12/2025;s�bado;11:30:00;SC;101;2;BIGUACU;Aus�ncia de rea��o do condutor;Sa�da de leito carro��vel;Com V�timas Feridas;Pleno dia;Crescente;C�u Claro;Dupla;"Curva;Retorno Regulamentado";Sim;1;0;1;0;0;0;1;1;-27,363248;-48,649465;SPRF-SC;DEL01-SC;UOP01-DEL01-SC;;;
742013;27/12/2025;s�bado;18:30:00;RS;116;77,1;CAMPESTRE DA SERRA;Rea��o tardia ou ineficiente do condutor;Sa�da de leito carro��vel;Sem V�timas;Anoitecer;Decrescente;Chuva;Simples;"Declive;Curva";N�o;1;0;0;0;0;1;0;1;-28,777478;-51,092852;SPRF-RS;DEL05-RS;UOP03-DEL05-RS;;;
742014;27/12/2025;s�bado;19:40:00;ES;101;290;CARIACICA;Acessar a via sem observar a presen�a dos outros ve�culos;Colis�o transversal;Com V�timas Feridas;Plena Noite;Crescente;C�u Claro;Dupla;"Reta;Aclive";Sim;3;0;1;1;1;0;2;2;-20,295508;-40,393688;SPRF-ES;DEL01-ES;UOP01-DEL01-ES;;;
742015;27/12/2025;s�bado;19:40:00;PB;230;141,6;CAMPINA GRANDE;Retorno proibido;Colis�o transversal;Com V�timas Feridas;Plena Noite;Decrescente;Nublado;Dupla;"Aclive;Reta";N�o;3;0;2;0;1;0;2;2;-7,24863218;-35,84717274;SPRF-PB;DEL02-PB;UOP01-DEL02-PB;;;
742016;27/12/2025;s�bado;20:00:00;MG;50;14,2;ARAGUARI;Aus�ncia de rea��o do condutor;Colis�o traseira;Com V�timas Feridas;Plena Noite;Decrescente;Nublado;Dupla;"Declive;Reta";N�o;6;0;1;0;5;0;1;3;-18,54332739;-48,04883022;SPRF-MG;DEL15-MG;UOP02-DEL15-MG;;;
742017;27/12/2025;s�bado;18:50:00;PE;423;94,6;GARANHUNS;Acessar a via sem observar a presen�a dos outros ve�culos;Colis�o transversal;Com V�timas Feridas;Plena Noite;Crescente;C�u Claro;Simples;Reta;Sim;3;0;1;0;2;0;1;2;-8,878605;-36,477396;SPRF-PE;DEL03-PE;UOP01-DEL03-PE;;;
742018;27/12/2025;s�bado;19:20:00;PR;277;584,4;CASCAVEL;Aus�ncia de rea��o do condutor;Tombamento;Com V�timas Feridas;Plena Noite;Crescente;C�u Claro;Dupla;Reta;Sim;1;0;1;0;0;0;1;1;-24,97462;-53,38983;SPRF-PR;DEL04-PR;UOP01-DEL04-PR;;;
742020;27/12/2025;s�bado;18:45:00;SP;116;105;TAUBATE;Rea��o tardia ou ineficiente do condutor;Colis�o traseira;Com V�timas Feridas;Plena Noite;Crescente;C�u Claro;Dupla;Reta;Sim;2;0;1;0;1;0;1;2;-23,00603375;-45,51026881;SPRF-SP;DEL02-SP;UOP02-DEL02-SP;;;
742021;27/12/2025;s�bado;17:10:00;SP;101;43;UBATUBA;Aus�ncia de rea��o do condutor;Colis�o traseira;Com V�timas Feridas;Pleno dia;Decrescente;C�u Claro;Simples;Reta;N�o;2;0;0;1;1;0;1;2;-23,41399904;-45,05327352;SPRF-SP;DEL06-SP;UOP01-DEL06-SP;;;
742022;27/12/2025;s�bado;18:30:00;BA;101;926;NOVA VICOSA;Velocidade Incompat�vel;Sa�da de leito carro��vel;Com V�timas Fatais;Anoitecer;Crescente;Nublado;Simples;Reta;N�o;4;1;1;2;0;0;3;1;-17,93201074;-39,84067261;SPRF-BA;DEL09-BA;UOP02-DEL09-BA;;;
742023;27/12/2025;s�bado;19:40:00;RN;304;36;MOSSORO;Ingest�o de �lcool pelo condutor;Colis�o com objeto;Com V�timas Feridas;Plena Noite;Crescente;C�u Claro;Dupla;"Viaduto;Reta";Sim;1;0;1;0;0;0;1;1;-5,1689307;-37,35627204;SPRF-RN;DEL04-RN;UOP02-DEL04-RN;;;
742024;27/12/2025;s�bado;19:25:00;RJ;101;270;RIO BONITO;Aus�ncia de rea��o do condutor;Colis�o traseira;Sem V�timas;Plena Noite;Decrescente;C�u Claro;Dupla;Reta;Sim;2;0;0;0;2;0;0;2;-22,72774048;-42,69390106;SPRF-RJ;DEL02-RJ;UOP03-DEL02-RJ;;;
742025;27/12/2025;s�bado;20:48:00;SP;116;205;ARUJA;Avarias e/ou desgaste excessivo no pneu;Tombamento;Com V�timas Feridas;Plena Noite;Crescente;C�u Claro;M�ltipla;Reta;Sim;2;0;2;0;0;0;2;1;-23,414559;-46,366079;SPRF-SP;DEL01-SP;UOP01-DEL01-SP;;;
742027;27/12/2025;s�bado;18:15:00;PE;407;126;PETROLINA;Acessar a via sem observar a presen�a dos outros ve�culos;Colis�o transversal;Com V�timas Feridas;Anoitecer;Crescente;C�u Claro;M�ltipla;Reta;Sim;2;0;0;1;1;0;1;2;-9,384373;-40,529164;SPRF-PE;DEL06-PE;UOP01-DEL06-PE;;;
742028;27/12/2025;s�bado;20:35:00;GO;60;172;ABADIA DE GOIAS;Aus�ncia de rea��o do condutor;Colis�o lateral mesmo sentido;Com V�timas Fatais;Plena Noite;Decrescente;Nublado;Dupla;Reta;Sim;2;1;1;0;0;0;1;2;-16,74673918;-49,42214727;SPRF-GO;DEL01-GO;UOP02-DEL01-GO;;;
742029;27/12/2025;s�bado;20:00:00;RS;290;76;GRAVATAI;Condutor Dormindo;Sa�da de leito carro��vel;Com V�timas Feridas;Plena Noite;Crescente;Garoa/Chuvisco;M�ltipla;Reta;N�o;3;0;1;0;2;0;1;1;-29,95640747;-51,02005569;SPRF-RS;DEL01-RS;UOP01-DEL01-RS;;;
742030;27/12/2025;s�bado;21:00:00;MG;40;400,1;CURVELO;Avarias e/ou desgaste excessivo no pneu;Sa�da de leito carro��vel;Com V�timas Feridas;Plena Noite;Crescente;C�u Claro;Simples;"Reta;Ponte";N�o;4;0;4;0;0;0;4;1;-19,024526;-44,655202;SPRF-MG;DEL02-MG;UOP01-DEL02-MG;;;
742031;27/12/2025;s�bado;18:30:00;BA;110;303;INHAMBUPE;Transitar na contram�o;Colis�o frontal;Com V�timas Fatais;Plena Noite;Crescente;C�u Claro;Simples;Reta;N�o;3;1;0;1;0;1;1;2;-11,878942;-38,375675;SPRF-BA;DEL01-BA;UOP04-DEL01-BA;;;
742032;27/12/2025;s�bado;21:20:00;ES;101;260,6;SERRA;Rea��o tardia ou ineficiente do condutor;Colis�o traseira;Com V�timas Feridas;Plena Noite;Decrescente;C�u Claro;Simples;Curva;Sim;4;0;3;0;0;1;3;2;-20,147885;-40,280023;SPRF-ES;DEL02-ES;UOP01-DEL02-ES;;;
742033;27/12/2025;s�bado;20:30:00;BA;116;300;TUCANO;Ultrapassagem Indevida;Colis�o lateral sentido oposto;Com V�timas Feridas;Plena Noite;Decrescente;C�u Claro;Simples;Reta;N�o;11;0;1;0;10;0;1;3;-11,170998;-38,858172;SPRF-BA;DEL07-BA;UOP02-DEL07-BA;;;
742035;27/12/2025;s�bado;17:30:00;AP;210;7;MACAPA;Acessar a via sem observar a presen�a dos outros ve�culos;Colis�o lateral mesmo sentido;Com V�timas Feridas;Pleno dia;Decrescente;C�u Claro;Dupla;Reta;N�o;2;0;0;1;1;0;1;2;0,099;-51,12;SPRF-AP;DEL01-AP;UOP01-DEL01-AP;;;
742037;27/12/2025;s�bado;22:10:00;SC;101;157;PORTO BELO;Ingest�o de �lcool pelo condutor;Colis�o traseira;Sem V�timas;Plena Noite;Crescente;Chuva;M�ltipla;Reta;Sim;2;0;0;0;2;0;0;2;-27,184233;-48,612405;SPRF-SC;DEL04-SC;UOP03-DEL04-SC;;;
742038;27/12/2025;s�bado;22:10:00;RJ;116;310;RESENDE;Ultrapassagem Indevida;Colis�o lateral mesmo sentido;Com V�timas Feridas;Plena Noite;Decrescente;C�u Claro;Simples;"Retorno Regulamentado;Rotat�ria";N�o;3;0;1;0;2;0;1;2;-22,46073572;-44,4407222;SPRF-RJ;DEL07-RJ;UOP02-DEL07-RJ;;;
742040;27/12/2025;s�bado;20:30:00;PR;277;341,8;GUARAPUAVA;Animais na Pista;Atropelamento de Animal;Com V�timas Feridas;Plena Noite;Decrescente;Nublado;Dupla;"Aclive;Reta";N�o;2;0;1;0;0;1;1;2;-25,342191;-51,41213;SPRF-PR;DEL08-PR;UOP01-DEL08-PR;;;
742041;27/12/2025;s�bado;22:45:00;GO;153;512;HIDROLANDIA;Rea��o tardia ou ineficiente do condutor;Queda de ocupante de ve�culo;Com V�timas Feridas;Plena Noite;Decrescente;Vento;Dupla;Reta;N�o;1;0;1;0;0;0;1;1;-16,87632465;-49,25189137;SPRF-GO;DEL01-GO;UOP03-DEL01-GO;;;
742042;27/12/2025;s�bado;20:30:00;MG;40;781;JUIZ DE FORA;Ingest�o de �lcool pelo condutor;Colis�o com objeto;Sem V�timas;Plena Noite;Decrescente;C�u Claro;Dupla;"Curva;Declive";N�o;1;0;0;0;1;0;0;1;-21,68339153;-43,45225811;SPRF-MG;DEL05-MG;UOP01-DEL05-MG;;;
742043;27/12/2025;s�bado;19:40:00;BA;101;226;CRUZ DAS ALMAS;Aus�ncia de rea��o do condutor;Sa�da de leito carro��vel;Com V�timas Feridas;Plena Noite;Decrescente;C�u Claro;Simples;Reta;N�o;2;0;0;1;1;0;1;1;-12,698041;-39,152546;SPRF-BA;DEL01-BA;UOP02-DEL01-BA;;;
742044;27/12/2025;s�bado;22:00:00;MG;50;102,1;UBERLANDIA;Condutor Dormindo;Sa�da de leito carro��vel;Com V�timas Feridas;Plena Noite;Decrescente;C�u Claro;Dupla;Reta;N�o;1;0;1;0;0;0;1;1;-19,15636616;-48,16462136;SPRF-MG;DEL13-MG;UOP01-DEL13-MG;;;
742045;27/12/2025;s�bado;22:25:00;RS;158;377;DILERMANDO DE AGUIAR;Demais falhas mec�nicas ou el�tricas;Inc�ndio;Sem V�timas;Plena Noite;Crescente;Chuva;Simples;Reta;N�o;1;0;0;0;1;0;0;1;-29,864174;-54,237907;SPRF-RS;DEL09-RS;UOP01-DEL09-RS;;;
742046;27/12/2025;s�bado;22:15:00;RJ;101;191;CASIMIRO DE ABREU;Entrada inopinada do pedestre;Atropelamento de Pedestre;Com V�timas Fatais;Plena Noite;Decrescente;C�u Claro;Dupla;Reta;N�o;2;1;0;0;1;0;0;2;-22,46886126;-42,07587719;SPRF-RJ;DEL08-RJ;UOP04-DEL08-RJ;;;
742047;27/12/2025;s�bado;20:00:00;MT;163;655;LUCAS DO RIO VERDE;Aus�ncia de rea��o do condutor;Sa�da de leito carro��vel;Com V�timas Feridas;Plena Noite;Decrescente;Nublado;Simples;"Reta;Em Obras;Desvio Tempor�rio";N�o;1;0;1;0;0;0;1;1;-13,338475;-56,05486167;SPRF-MT;DEL06-MT;UOP01-DEL06-MT;;;
742048;27/12/2025;s�bado;22:30:00;PR;376;180;MARINGA;Condutor deixou de manter dist�ncia do ve�culo da frente;Colis�o traseira;Com V�timas Feridas;Plena Noite;Decrescente;C�u Claro;Dupla;Reta;Sim;2;0;1;0;1;0;1;2;-23,42330702;-51,90218059;SPRF-PR;DEL09-PR;UOP01-DEL09-PR;;;
742049;27/12/2025;s�bado;22:40:00;PR;376;111;PARANAVAI;Rea��o tardia ou ineficiente do condutor;Colis�o com objeto;Com V�timas Feridas;Plena Noite;Decrescente;C�u Claro;Dupla;Reta;N�o;2;0;2;0;0;0;2;1;-23,087;-52,398795;SPRF-PR;DEL09-PR;UOP02-DEL09-PR;;;
742051;27/12/2025;s�bado;23:40:00;SC;101;211;PALHOCA;Condutor deixou de manter dist�ncia do ve�culo da frente;Colis�o traseira;Sem V�timas;Plena Noite;Decrescente;Chuva;M�ltipla;"Reta;Ponte";Sim;2;0;0;0;2;0;0;2;-27,62372694;-48,65271505;SPRF-SC;DEL01-SC;UOP02-DEL01-SC;;;
742052;27/12/2025;s�bado;22:09:00;AM;319;114;CANUTAMA;Defici�ncia do Sistema de Ilumina��o/Sinaliza��o;Colis�o traseira;Com V�timas Feridas;Plena Noite;Decrescente;C�u Claro;Simples;Reta;N�o;3;0;2;0;1;0;2;2;-8,59337;-63,99528;SPRF-AM;DEL01-AM;UOP04-DEL01-AM;;;
742053;27/12/2025;s�bado;23:00:00;PI;343;185,6;PIRIPIRI;Animais na Pista;Atropelamento de Animal;Com V�timas Feridas;Plena Noite;Crescente;C�u Claro;Simples;Reta;N�o;2;0;2;0;0;0;2;1;-4,28661;-41,765272;SPRF-PI;DEL02-PI;UOP01-DEL02-PI;;;
742054;27/12/2025;s�bado;23:20:00;GO;153;598;MORRINHOS;Aus�ncia de rea��o do condutor;Colis�o com objeto;Sem V�timas;Plena Noite;Decrescente;C�u Claro;Simples;"Reta;Interse��o de Vias;Viaduto";N�o;1;0;0;0;1;0;0;1;-17,524792;-49,215017;SPRF-GO;DEL03-GO;UOP01-DEL03-GO;;;
742055;27/12/2025;s�bado;23:45:00;SC;101;211;SAO JOSE;Ingest�o de �lcool pelo condutor;Colis�o traseira;Sem V�timas;Plena Noite;Crescente;Nublado;Simples;Reta;Sim;2;0;0;0;2;0;0;2;-27,62314;-48,65245;SPRF-SC;DEL01-SC;UOP02-DEL01-SC;;;
742057;27/12/2025;s�bado;22:20:00;SE;235;28,6;AREIA BRANCA;Rea��o tardia ou ineficiente do condutor;Colis�o com objeto;Sem V�timas;Plena Noite;Decrescente;C�u Claro;Dupla;Curva;N�o;1;0;0;0;0;1;0;1;-10,791143;-37,281166;SPRF-SE;DEL01-SE;UOP02-DEL01-SE;;;
742058;28/12/2025;domingo;00:15:00;PE;101;69,2;RECIFE;Aus�ncia de rea��o do condutor;Sa�da de leito carro��vel;Sem V�timas;Plena Noite;Crescente;C�u Claro;Dupla;Reta;Sim;1;0;0;0;0;1;0;1;-8,06195;-34,94528;SPRF-PE;DEL01-PE;UOP01-DEL01-PE;;;
742059;27/12/2025;s�bado;23:15:00;PR;277;220;TEIXEIRA SOARES;Demais falhas mec�nicas ou el�tricas;Inc�ndio;Sem V�timas;Plena Noite;Crescente;C�u Claro;Simples;Reta;N�o;49;0;0;0;49;0;0;1;-25,465944;-50,390401;SPRF-PR;DEL08-PR;UOP02-DEL08-PR;;;
742061;27/12/2025;s�bado;23:38:00;RJ;493;52;DUQUE DE CAXIAS;Rea��o tardia ou ineficiente do condutor;Colis�o com objeto;Com V�timas Feridas;Plena Noite;Crescente;C�u Claro;Dupla;"Retorno Regulamentado;Reta";N�o;1;0;1;0;0;0;1;1;-22,665596;-43,326574;SPRF-RJ;DEL01-RJ;UOP03-DEL01-RJ;;;
742062;27/12/2025;s�bado;11:00:00;BA;324;579;AMELIA RODRIGUES;Mal s�bito do condutor;Sa�da de leito carro��vel;Com V�timas Feridas;Pleno dia;Crescente;C�u Claro;M�ltipla;Reta;N�o;4;0;4;0;0;0;4;1;-12,476447;-38,67474;SPRF-BA;DEL01-BA;UOP01-DEL01-BA;;;
742063;28/12/2025;domingo;00:30:00;RJ;116;177;BELFORD ROXO;Acessar a via sem observar a presen�a dos outros ve�culos;Colis�o transversal;Com V�timas Feridas;Plena Noite;Crescente;C�u Claro;Dupla;Reta;Sim;6;0;0;1;5;0;1;2;-22,77531472;-43,40017724;SPRF-RJ;DEL06-RJ;UOP01-DEL06-RJ;;;
742064;27/12/2025;s�bado;23:55:00;SC;470;248;CURITIBANOS;Velocidade Incompat�vel;Sa�da de leito carro��vel;Sem V�timas;Plena Noite;Crescente;C�u Claro;Simples;Curva;Sim;1;0;0;0;1;0;0;1;-27,3127013;-50,5763994;SPRF-SC;DEL05-SC;UOP03-DEL05-SC;;;