id;data_inversa;dia_semana;horario;uf;br;km;municipio;causa_acidente;tipo_acidente;classificacao_acidente;fase_dia;sentido_via;condicao_metereologica;tipo_pista;tracado_via;uso_solo;pessoas;mortos;feridos_leves;feridos_graves;ilesos;ignorados;feridos;veiculos;latitude;longitude;regional;delegacia;uop;;;
742065;28/12/2025;domingo;00:30:00;RJ;101;490;ANGRA DOS REIS;Mal s�bito do condutor;Queda de ocupante de ve�culo;Com V�timas Feridas;Plena Noite;Decrescente;C�u Claro;Simples;Reta;N�o;1;0;1;0;0;0;1;1;-22,9563878;-44,3139246;SPRF-RJ;DEL03-RJ;UOP03-DEL03-RJ;;;
742066;27/12/2025;s�bado;23:55:00;SC;470;248,8;CURITIBANOS;Velocidade Incompat�vel;Sa�da de leito carro��vel;Com V�timas Fatais;Plena Noite;Crescente;Nublado;Simples;Rotat�ria;Sim;1;1;0;0;0;0;0;1;-27,31309167;-50,57644892;SPRF-SC;DEL05-SC;UOP03-DEL05-SC;;;
742067;28/12/2025;domingo;01:10:00;MG;116;579,4;MANHUACU;Aus�ncia de rea��o do condutor;Sa�da de leito carro��vel;Com V�timas Feridas;Plena Noite;Decrescente;C�u Claro;Simples;Curva;N�o;2;0;2;0;0;0;2;1;-20,2503729;-42,1423927;SPRF-MG;DEL06-MG;UOP03-DEL06-MG;;;
742068;28/12/2025;domingo;01:40:00;MG;153;209,8;FRUTAL;Aus�ncia de rea��o do condutor;Colis�o com objeto;Com V�timas Feridas;Plena Noite;Decrescente;C�u Claro;Simples;Interse��o de Vias;N�o;3;0;3;0;0;0;3;1;-20,01977;-49,04659;SPRF-MG;DEL13-MG;UOP02-DEL13-MG;;;
742069;28/12/2025;domingo;01:50:00;RS;116;264;CANOAS;Ingest�o de �lcool pelo condutor;Colis�o traseira;Sem V�timas;Plena Noite;Crescente;C�u Claro;Dupla;"Em Obras;Reta";Sim;6;0;0;0;6;0;0;2;-29,91495009;-51,17776606;SPRF-RS;DEL01-RS;UOP01-DEL01-RS;;;
742070;28/12/2025;domingo;01:10:00;BA;415;61;ITAPE;Ingest�o de �lcool pelo condutor;Sa�da de leito carro��vel;Com V�timas Feridas;Plena Noite;Crescente;C�u Claro;Simples;Curva;N�o;1;0;1;0;0;0;1;1;-14,856777;-39,409433;SPRF-BA;DEL05-BA;UOP01-DEL05-BA;;;
742071;28/12/2025;domingo;01:15:00;RJ;40;105;DUQUE DE CAXIAS;Aus�ncia de rea��o do condutor;Colis�o com objeto;Com V�timas Feridas;Plena Noite;Decrescente;C�u Claro;Dupla;"Reta;Ponte";Sim;1;0;1;0;0;0;1;1;-22,64403987;-43,28380142;SPRF-RJ;DEL01-RJ;UOP02-DEL01-RJ;;;
742072;28/12/2025;domingo;01:35:00;PR;277;680;MEDIANEIRA;Aus�ncia de rea��o do condutor;Sa�da de leito carro��vel;Com V�timas Feridas;Plena Noite;Crescente;Nublado;Dupla;"Aclive;Reta";N�o;1;0;1;0;0;0;1;1;-25,315463;-54,153541;SPRF-PR;DEL05-PR;UOP01-DEL05-PR;;;
742073;28/12/2025;domingo;00:13:00;MT;163;796,8;VERA;Velocidade Incompat�vel;Sa�da de leito carro��vel;Sem V�timas;Plena Noite;Crescente;C�u Claro;Simples;"Em Obras;Curva;Desvio Tempor�rio";N�o;2;0;0;0;1;1;0;1;-12,1955543;-55,53457635;SPRF-MT;DEL06-MT;UOP02-DEL06-MT;;;
742074;28/12/2025;domingo;02:00:00;RJ;101;409;ITAGUAI;Ingest�o de �lcool pelo condutor;Colis�o traseira;Com V�timas Feridas;Plena Noite;Decrescente;C�u Claro;Dupla;Reta;Sim;2;0;1;0;1;0;1;2;-22,89201434;-43,84260535;SPRF-RJ;DEL03-RJ;UOP01-DEL03-RJ;;;
742076;28/12/2025;domingo;03:50:00;SC;101;208;SAO JOSE;Rea��o tardia ou ineficiente do condutor;Colis�o traseira;Com V�timas Feridas;Plena Noite;Crescente;C�u Claro;M�ltipla;Reta;Sim;3;0;2;0;1;0;2;2;-27,60763;-48,63649;SPRF-SC;DEL01-SC;UOP01-DEL01-SC;;;
742077;28/12/2025;domingo;03:45:00;SC;282;535,6;CHAPECO;Acessar a via sem observar a presen�a dos outros ve�culos;Colis�o transversal;Com V�timas Feridas;Plena Noite;Decrescente;C�u Claro;Dupla;"Interse��o de Vias;Reta;Rotat�ria";N�o;4;0;2;0;2;0;2;2;-26,999488;-52,646107;SPRF-SC;DEL07-SC;UOP01-DEL07-SC;;;
742078;28/12/2025;domingo;04:10:00;RJ;40;104;DUQUE DE CAXIAS;Ingest�o de �lcool pelo condutor;Tombamento;Com V�timas Feridas;Plena Noite;Crescente;C�u Claro;Dupla;Reta;Sim;1;0;1;0;0;0;1;1;-22,6306221;-43,2848577;SPRF-RJ;DEL01-RJ;UOP02-DEL01-RJ;;;
742079;28/12/2025;domingo;02:30:00;PE;408;17,3;TIMBAUBA;Ultrapassagem Indevida;Colis�o frontal;Sem V�timas;Plena Noite;Crescente;C�u Claro;Simples;Reta;N�o;3;0;0;0;0;3;0;2;-7,54029;-35,27836;SPRF-PE;DEL01-PE;UOP01-DEL01-PE;;;
742080;28/12/2025;domingo;04:30:00;MG;40;15,3;PARACATU;Manobra de mudan�a de faixa;Colis�o frontal;Com V�timas Fatais;Amanhecer;Crescente;C�u Claro;Simples;Reta;N�o;9;4;1;4;0;0;5;2;-17,079418;-47,035393;SPRF-MG;DEL14-MG;UOP01-DEL14-MG;;;
742082;28/12/2025;domingo;04:45:00;SC;470;64,4;INDAIAL;Transitar na contram�o;Colis�o frontal;Com V�timas Feridas;Amanhecer;Decrescente;C�u Claro;Simples;Aclive;N�o;3;0;2;0;1;0;2;3;-26,8695818;-49,2070509;SPRF-SC;DEL04-SC;UOP01-DEL04-SC;;;
742083;28/12/2025;domingo;04:30:00;GO;20;119,3;FLORES DE GOIAS;Ultrapassagem Indevida;Colis�o frontal;Com V�timas Feridas;Plena Noite;Decrescente;Nublado;Simples;Reta;N�o;6;0;2;1;3;0;3;2;-14,8;-46,8;SPRF-DF;DEL02-DF;UOP03-DEL02-DF;;;
742084;27/12/2025;s�bado;23:50:00;MG;262;437,3;NOVA SERRANA;Condutor deixou de manter dist�ncia do ve�culo da frente;Colis�o traseira;Com V�timas Feridas;Plena Noite;Decrescente;C�u Claro;M�ltipla;"Interse��o de Vias;Reta";Sim;3;0;1;1;1;0;2;2;-19,87162;-44,97237;SPRF-MG;DEL08-MG;UOP03-DEL08-MG;;;
742086;28/12/2025;domingo;05:30:00;DF;40;7,9;BRASILIA;Aus�ncia de rea��o do condutor;Sa�da de leito carro��vel;Com V�timas Feridas;Pleno dia;Crescente;C�u Claro;Dupla;Reta;N�o;1;0;1;0;0;0;1;1;-16,046585;-47,980993;SPRF-DF;DEL01-DF;UOP01-DEL01-DF;;;
742087;28/12/2025;domingo;03:55:00;MG;262;458,6;ARAUJOS;Condutor deixou de manter dist�ncia do ve�culo da frente;Colis�o traseira;Com V�timas Feridas;Plena Noite;Decrescente;C�u Claro;Simples;Reta;N�o;3;0;1;1;1;0;2;2;-19,79365;-45,15231;SPRF-MG;DEL08-MG;UOP03-DEL08-MG;;;
742088;28/12/2025;domingo;06:30:00;SC;101;117;ITAJAI;Acessar a via sem observar a presen�a dos outros ve�culos;Colis�o transversal;Com V�timas Feridas;Pleno dia;Crescente;C�u Claro;M�ltipla;"Rotat�ria;Interse��o de Vias";Sim;2;0;0;1;1;0;1;2;-26,8904635;-48,72066949;SPRF-SC;DEL04-SC;UOP04-DEL04-SC;;;
742089;27/12/2025;s�bado;20:00:00;SC;101;285;IMBITUBA;Acumulo de �gua sobre o pavimento;Sa�da de leito carro��vel;Com V�timas Feridas;Plena Noite;Crescente;Chuva;Dupla;Reta;N�o;1;0;1;0;0;0;1;1;-28,298203;-48,716157;SPRF-SC;DEL02-SC;UOP03-DEL02-SC;;;
742090;28/12/2025;domingo;05:30:00;GO;153;395,5;PIRENOPOLIS;Condutor deixou de manter dist�ncia do ve�culo da frente;Colis�o traseira;Com V�timas Feridas;Pleno dia;Crescente;Sol;Simples;Reta;N�o;4;0;2;1;0;1;3;2;-16,01760097;-49,11334991;SPRF-GO;DEL02-GO;UOP02-DEL02-GO;;;
742091;28/12/2025;domingo;04:00:00;SC;101;142;ITAPEMA;Ingest�o de �lcool pelo condutor;Sa�da de leito carro��vel;Sem V�timas;Plena Noite;Crescente;Garoa/Chuvisco;Dupla;Reta;Sim;1;0;0;0;0;1;0;1;-27,059016;-48,597039;SPRF-SC;DEL04-SC;UOP03-DEL04-SC;;;
742092;28/12/2025;domingo;06:20:00;SP;116;206;GUARULHOS;Aus�ncia de rea��o do condutor;Colis�o lateral mesmo sentido;Com V�timas Feridas;Pleno dia;Crescente;Nublado;M�ltipla;Reta;N�o;2;0;1;0;1;0;1;2;-23,417951;-46,378347;SPRF-SP;DEL01-SP;UOP01-DEL01-SP;;;
742094;28/12/2025;domingo;06:00:00;RS;158;566;SANTANA DO LIVRAMENTO;Ingest�o de �lcool pelo condutor;Sa�da de leito carro��vel;Sem V�timas;Amanhecer;Decrescente;Nublado;Simples;Interse��o de Vias;Sim;1;0;0;0;1;0;0;1;-30,88044125;-55,50949574;SPRF-RS;DEL11-RS;UOP01-DEL11-RS;;;
742096;28/12/2025;domingo;06:18:00;PB;104;133;QUEIMADAS;Acessar a via sem observar a presen�a dos outros ve�culos;Colis�o com objeto;Sem V�timas;Pleno dia;Crescente;C�u Claro;Simples;Reta;N�o;1;0;0;0;0;1;0;1;-7,312467;-35,894315;SPRF-PB;DEL02-PB;UOP03-DEL02-PB;;;
742097;28/12/2025;domingo;07:10:00;RJ;101;305;SAO GONCALO;Rea��o tardia ou ineficiente do condutor;Colis�o traseira;Com V�timas Feridas;Pleno dia;Decrescente;C�u Claro;Dupla;Reta;Sim;4;0;1;0;3;0;1;2;-22,79001511;-42,99391687;SPRF-RJ;DEL02-RJ;UOP02-DEL02-RJ;;;
742098;28/12/2025;domingo;07:13:00;TO;153;457;PALMAS;Rea��o tardia ou ineficiente do condutor;Colis�o traseira;Com V�timas Feridas;Pleno dia;Decrescente;C�u Claro;Dupla;Curva;N�o;4;0;0;2;1;1;2;3;-10,28314;-48,29781;SPRF-TO;DEL01-TO;UOP01-DEL01-TO;;;
742099;28/12/2025;domingo;03:30:00;MA;10;166;PORTO FRANCO;Transitar na contram�o;Colis�o frontal;Com V�timas Fatais;Plena Noite;Crescente;C�u Claro;Simples;Reta;N�o;6;2;0;1;3;0;1;2;-6,265133;-47,356003;SPRF-MA;DEL04-MA;UOP02-DEL04-MA;;;
742100;04/12/2025;quinta-feira;08:50:00;MG;381;484;BETIM;Manobra de mudan�a de faixa;Colis�o lateral mesmo sentido;Com V�timas Feridas;Pleno dia;Decrescente;Nublado;Dupla;Reta;Sim;2;0;1;0;1;0;1;2;-19,959383;-44,088752;SPRF-MG;DEL01-MG;UOP03-DEL01-MG;;;
742101;28/12/2025;domingo;07:50:00;CE;116;478,9;MILAGRES;Frear bruscamente;Colis�o com objeto;Sem V�timas;Pleno dia;Crescente;C�u Claro;Simples;Reta;N�o;4;0;0;0;4;0;0;1;-7,304599;-38,919508;SPRF-CE;DEL05-CE;UOP03-DEL05-CE;;;
742102;28/12/2025;domingo;03:25:00;DF;60;19,7;BRASILIA;Condutor Dormindo;Colis�o com objeto;Com V�timas Feridas;Pleno dia;Decrescente;Nublado;Dupla;"Reta;Declive";N�o;1;0;1;0;0;0;1;1;-15,976461;-48,198636;SPRF-DF;DEL03-DF;UOP01-DEL03-DF;;;
742103;28/12/2025;domingo;06:00:00;BA;101;0;RIO REAL;Condutor Dormindo;Sa�da de leito carro��vel;Com V�timas Feridas;Pleno dia;Decrescente;Sol;Simples;"Ponte;Curva;Declive";N�o;3;0;2;1;0;0;3;1;-11,520928;-37,801462;SPRF-SE;DEL02-SE;UOP03-DEL02-SE;;;
742104;28/12/2025;domingo;06:20:00;RS;386;246,5;SOLEDADE;Condutor Dormindo;Sa�da de leito carro��vel;Com V�timas Feridas;Pleno dia;Crescente;Nublado;Simples;"Em Obras;Desvio Tempor�rio";N�o;5;0;5;0;0;0;5;1;-28,81207;-52,49639;SPRF-RS;DEL04-RS;UOP03-DEL04-RS;;;
742105;28/12/2025;domingo;07:20:00;PE;101;63;RECIFE;Rea��o tardia ou ineficiente do condutor;Sa�da de leito carro��vel;Com V�timas Feridas;Pleno dia;Decrescente;C�u Claro;Dupla;Curva;Sim;1;0;0;1;0;0;1;1;-8,00940361;-34,93740201;SPRF-PE;DEL01-PE;UOP01-DEL01-PE;;;
742106;01/11/2025;s�bado;12:00:00;DF;251;16;BRASILIA;Velocidade Incompat�vel;Sa�da de leito carro��vel;Com V�timas Feridas;Pleno dia;Crescente;C�u Claro;Simples;Reta;N�o;4;0;3;0;1;0;3;1;-15,939628;-47,619023;SPRF-DF;DEL01-DF;UOP01-DEL01-DF;;;
742107;28/12/2025;domingo;08:15:00;ES;101;267,8;SERRA;Rea��o tardia ou ineficiente do condutor;Colis�o transversal;Com V�timas Feridas;Pleno dia;Crescente;C�u Claro;Dupla;"Interse��o de Vias;Reta";Sim;4;0;0;1;3;0;1;2;-20,20705;-40,26941;SPRF-ES;DEL02-ES;UOP01-DEL02-ES;;;
742108;28/12/2025;domingo;07:36:00;MS;163;703;RIO VERDE DE MATO GROSSO;Aus�ncia de rea��o do condutor;Colis�o traseira;Com V�timas Feridas;Pleno dia;Crescente;C�u Claro;Simples;Aclive;N�o;8;0;1;0;7;0;1;2;-18,754699;-54,823495;SPRF-MS;DEL06-MS;UOP01-DEL06-MS;;;
742109;28/12/2025;domingo;08:25:00;SC;101;338;TUBARAO;Aus�ncia de rea��o do condutor;Colis�o com objeto;Com V�timas Feridas;Pleno dia;Decrescente;C�u Claro;M�ltipla;Interse��o de Vias;Sim;1;0;1;0;0;0;1;1;-28,50722912;-49,04929876;SPRF-SC;DEL02-SC;UOP01-DEL02-SC;;;
742110;28/12/2025;domingo;07:30:00;MG;40;523;CONTAGEM;Avarias e/ou desgaste excessivo no pneu;Tombamento;Com V�timas Feridas;Pleno dia;Crescente;C�u Claro;Dupla;Reta;Sim;2;0;2;0;0;0;2;1;-19,871132;-44,057107;SPRF-MG;DEL01-MG;UOP02-DEL01-MG;;;
742111;23/12/2025;ter�a-feira;19:00:00;MG;381;230;BELO ORIENTE;Ultrapassagem Indevida;Colis�o frontal;Com V�timas Feridas;Plena Noite;Decrescente;C�u Claro;Simples;Reta;N�o;3;0;0;1;1;1;1;3;-19,35131519;-42,43400574;SPRF-MG;DEL06-MG;UOP01-DEL06-MG;;;
742112;28/12/2025;domingo;08:35:00;MG;40;686,6;ALFREDO VASCONCELOS;Condutor Dormindo;Sa�da de leito carro��vel;Com V�timas Feridas;Pleno dia;Decrescente;C�u Claro;Simples;"Reta;Aclive";N�o;1;0;1;0;0;0;1;1;-21,1237544;-43,75831023;SPRF-MG;DEL05-MG;UOP02-DEL05-MG;;;
742113;28/12/2025;domingo;08:00:00;PR;116;124;FAZENDA RIO GRANDE;Rea��o tardia ou ineficiente do condutor;Tombamento;Com V�timas Feridas;Pleno dia;Crescente;C�u Claro;Dupla;Reta;Sim;1;0;0;1;0;0;1;1;-25,630142;-49,313845;SPRF-PR;DEL01-PR;UOP03-DEL01-PR;;;
742114;28/12/2025;domingo;08:30:00;MG;262;376;JUATUBA;Velocidade Incompat�vel;Tombamento;Com V�timas Feridas;Pleno dia;Crescente;Sol;Dupla;Curva;N�o;1;0;0;1;0;0;1;1;-19,93498644;-44,43553448;SPRF-MG;DEL01-MG;UOP03-DEL01-MG;;;
742116;28/12/2025;domingo;08:20:00;RN;101;176;BAIA FORMOSA;Aus�ncia de rea��o do condutor;Sa�da de leito carro��vel;Com V�timas Fatais;Pleno dia;Decrescente;C�u Claro;Dupla;"Curva;Aclive";N�o;1;1;0;0;0;0;0;1;-6,501655;-35,111933;SPRF-RN;DEL01-RN;UOP01-DEL01-RN;;;
742118;28/12/2025;domingo;08:30:00;ES;259;100,4;BAIXO GUANDU;Condutor deixou de manter dist�ncia do ve�culo da frente;Colis�o traseira;Com V�timas Feridas;Pleno dia;Crescente;Sol;M�ltipla;Reta;Sim;3;0;1;0;2;0;1;2;-19,521463;-41,015331;SPRF-ES;DEL02-ES;UOP01-DEL02-ES;;;
742119;28/12/2025;domingo;08:56:00;DF;20;53;BRASILIA;Chuva;Sa�da de leito carro��vel;Sem V�timas;Pleno dia;Crescente;Chuva;M�ltipla;Reta;N�o;1;0;0;0;1;0;0;1;-15,57923117;-47,38325358;SPRF-DF;DEL02-DF;UOP01-DEL02-DF;;;
742120;28/12/2025;domingo;09:30:00;PE;101;57,5;RECIFE;Demais falhas mec�nicas ou el�tricas;Tombamento;Com V�timas Feridas;Pleno dia;Crescente;C�u Claro;Dupla;Reta;N�o;2;0;2;0;0;0;2;1;-7,967;-34,918;SPRF-PE;DEL01-PE;UOP02-DEL01-PE;;;
742121;28/12/2025;domingo;08:50:00;PR;369;87,1;CORNELIO PROCOPIO;Chuva;Colis�o com objeto;Com V�timas Feridas;Pleno dia;Crescente;Chuva;Simples;"Aclive;Curva";N�o;2;0;2;0;0;0;2;1;-23,17890399;-50,62333552;SPRF-PR;DEL07-PR;UOP05-DEL07-PR;;;
742122;28/12/2025;domingo;09:00:00;ES;262;170,9;IRUPI;Acessar a via sem observar a presen�a dos outros ve�culos;Colis�o transversal;Com V�timas Feridas;Pleno dia;Crescente;C�u Claro;Simples;"Declive;Reta";N�o;6;0;1;2;3;0;3;2;-20,29640304;-41,70220323;SPRF-ES;DEL01-ES;UOP02-DEL01-ES;;;
742124;28/12/2025;domingo;08:45:00;MS;60;372;CAMPO GRANDE;Acostamento em desn�vel;Tombamento;Com V�timas Feridas;Pleno dia;Decrescente;C�u Claro;Simples;Reta;N�o;1;0;1;0;0;0;1;1;-20,58099413;-54,71350545;SPRF-MS;DEL01-MS;UOP04-DEL01-MS;;;
742125;28/12/2025;domingo;09:50:00;PE;101;57,5;RECIFE;Rea��o tardia ou ineficiente do condutor;Colis�o traseira;Sem V�timas;Pleno dia;Decrescente;Sol;Dupla;"Reta;Aclive";Sim;3;0;0;0;3;0;0;3;-7,967;-34,918;SPRF-PE;DEL01-PE;UOP02-DEL01-PE;;;
742126;28/12/2025;domingo;08:25:00;PR;376;488;PONTA GROSSA;Condutor deixou de manter dist�ncia do ve�culo da frente;Colis�o traseira;Sem V�timas;Pleno dia;Crescente;C�u Claro;Dupla;"Reta;Aclive";Sim;3;0;0;0;3;0;0;2;-25,126467;-50,178682;SPRF-PR;DEL03-PR;UOP04-DEL03-PR;;;
742127;28/12/2025;domingo;09:45:00;RS;116;302;GUAIBA;Acesso irregular;Colis�o frontal;Com V�timas Feridas;Pleno dia;Decrescente;C�u Claro;Simples;"Em Obras;Reta";N�o;3;0;1;0;2;0;1;2;-30,1422732;-51,3609442;SPRF-RS;DEL02-RS;UOP01-DEL02-RS;;;
742129;28/12/2025;domingo;10:10:00;RS;116;265;CANOAS;Velocidade Incompat�vel;Colis�o lateral mesmo sentido;Com V�timas Feridas;Pleno dia;Crescente;Nublado;M�ltipla;"Aclive;Reta;Viaduto";Sim;7;0;3;0;4;0;3;2;-29,91562124;-51,1775659;SPRF-RS;DEL01-RS;UOP01-DEL01-RS;;;
742130;26/12/2025;sexta-feira;20:00:00;PR;158;347;PALMITAL;Animais na Pista;Atropelamento de Animal;Com V�timas Feridas;Plena Noite;Crescente;C�u Claro;Simples;"Declive;Reta";N�o;2;0;0;1;1;0;1;2;-24,9729961;-52,30006166;SPRF-PR;DEL04-PR;UOP02-DEL04-PR;;;
742132;28/12/2025;domingo;08:50:00;SC;101;72;ARAQUARI;Condutor deixou de manter dist�ncia do ve�culo da frente;Colis�o traseira;Com V�timas Feridas;Pleno dia;Crescente;C�u Claro;Dupla;"Declive;Reta";N�o;3;0;1;0;2;0;1;2;-26,524155;-48,716203;SPRF-SC;DEL03-SC;UOP02-DEL03-SC;;;
742133;28/12/2025;domingo;08:30:00;SC;280;286;IRINEOPOLIS;Rea��o tardia ou ineficiente do condutor;Sa�da de leito carro��vel;Com V�timas Feridas;Pleno dia;Crescente;C�u Claro;Simples;"Declive;Curva";N�o;1;0;1;0;0;0;1;1;-26,29040153;-50,88787079;SPRF-SC;DEL06-SC;UOP04-DEL06-SC;;;
742134;28/12/2025;domingo;10:10:00;MG;381;742,7;TRES CORACOES;Frear bruscamente;Colis�o traseira;Com V�timas Feridas;Pleno dia;Decrescente;Sol;Dupla;Reta;N�o;2;0;1;0;1;0;1;2;-21,60521819;-45,24062634;SPRF-MG;DEL16-MG;UOP02-DEL16-MG;;;
742135;28/12/2025;domingo;10:40:00;GO;414;428,8;ABADIANIA;Transitar na contram�o;Colis�o frontal;Com V�timas Fatais;Pleno dia;Crescente;C�u Claro;Simples;"Reta;Interse��o de Vias";N�o;4;2;0;1;0;1;1;3;-16,18442;-48,903215;SPRF-GO;DEL02-GO;UOP01-DEL02-GO;;;
742136;28/12/2025;domingo;10:35:00;RN;304;258;SANTA MARIA;Acessar a via sem observar a presen�a dos outros ve�culos;Colis�o transversal;Sem V�timas;Plena Noite;Decrescente;C�u Claro;Simples;Reta;N�o;2;0;0;0;2;0;0;2;-5,84294658;-35,68698943;SPRF-RN;DEL01-RN;UOP02-DEL01-RN;;;
742137;28/12/2025;domingo;11:16:00;SE;235;65,1;ITABAIANA;Condutor deixou de manter dist�ncia do ve�culo da frente;Colis�o lateral mesmo sentido;Com V�timas Feridas;Pleno dia;Decrescente;C�u Claro;Simples;"Aclive;Curva";N�o;3;0;1;1;1;0;2;2;-10,593137;-37,488712;SPRF-SE;DEL01-SE;UOP02-DEL01-SE;;;
742138;28/12/2025;domingo;11:10:00;GO;60;10,4;SANTO ANTONIO DO DESCOBERTO;Aus�ncia de rea��o do condutor;Sa�da de leito carro��vel;Com V�timas Fatais;Pleno dia;Decrescente;C�u Claro;Dupla;"Declive;Curva";N�o;1;1;0;0;0;0;0;1;-16,117157;-48,318992;SPRF-DF;DEL03-DF;UOP01-DEL03-DF;;;
742139;28/12/2025;domingo;11:41:00;MG;262;375;JUATUBA;Velocidade Incompat�vel;Tombamento;Com V�timas Feridas;Pleno dia;Crescente;C�u Claro;Dupla;Reta;N�o;1;0;1;0;0;0;1;1;-19,935877;-44,43357;SPRF-MG;DEL01-MG;UOP03-DEL01-MG;;;
742140;28/12/2025;domingo;10:15:00;MT;70;630;POCONE;Acesso irregular;Sa�da de leito carro��vel;Com V�timas Feridas;Pleno dia;Decrescente;C�u Claro;Simples;Reta;N�o;2;0;2;0;0;0;2;1;-15,93937711;-57,04496384;SPRF-MT;DEL03-MT;UOP02-DEL03-MT;;;
742141;28/12/2025;domingo;10:30:00;PR;376;622;SAO JOSE DOS PINHAIS;Rea��o tardia ou ineficiente do condutor;Colis�o com objeto;Sem V�timas;Pleno dia;Crescente;C�u Claro;Dupla;Reta;N�o;2;0;0;0;2;0;0;1;-25,6347861;-49,1617917;SPRF-PR;DEL01-PR;UOP04-DEL01-PR;;;
742142;28/12/2025;domingo;08:00:00;SC;470;267;CURITIBANOS;Rea��o tardia ou ineficiente do condutor;Sa�da de leito carro��vel;Sem V�timas;Pleno dia;Crescente;Sol;Simples;"Curva;Aclive";N�o;1;0;0;0;0;1;0;1;-27,3119;-50,747;SPRF-SC;DEL05-SC;UOP03-DEL05-SC;;;
742143;28/12/2025;domingo;10:35:00;MG;116;229,5;TEOFILO OTONI;Rea��o tardia ou ineficiente do condutor;Sa�da de leito carro��vel;Com V�timas Feridas;Pleno dia;Crescente;C�u Claro;Simples;Curva;N�o;6;0;5;0;0;1;5;2;-17,483225;-41,49301;SPRF-MG;DEL11-MG;UOP01-DEL11-MG;;;
742146;28/12/2025;domingo;11:20:00;PI;343;589,6;FLORIANO;Aus�ncia de rea��o do condutor;Colis�o traseira;Com V�timas Feridas;Pleno dia;Crescente;Sol;Simples;Reta;N�o;2;0;0;1;1;0;1;2;-6,781443;-43,013178;SPRF-PI;DEL03-PI;UOP01-DEL03-PI;;;
742147;28/12/2025;domingo;09:40:00;MG;381;741;TRES CORACOES;Velocidade Incompat�vel;Colis�o lateral mesmo sentido;Com V�timas Feridas;Pleno dia;Decrescente;C�u Claro;Dupla;Reta;N�o;2;0;1;0;1;0;1;2;-21,61131763;-45,24094174;SPRF-MG;DEL16-MG;UOP02-DEL16-MG;;;
742148;28/12/2025;domingo;12:30:00;MG;40;510,4;RIBEIRAO DAS NEVES;Rea��o tardia ou ineficiente do condutor;Colis�o com objeto;Com V�timas Feridas;Pleno dia;Crescente;C�u Claro;Dupla;Reta;N�o;1;0;0;1;0;0;1;1;-19,77927446;-44,11961228;SPRF-MG;DEL01-MG;UOP02-DEL01-MG;;;
742149;28/12/2025;domingo;13:00:00;PR;277;38;MORRETES;Velocidade Incompat�vel;Tombamento;Com V�timas Feridas;Pleno dia;Crescente;Sol;Dupla;"Aclive;Curva";N�o;2;0;2;0;0;0;2;1;-25,57458971;-48,84843199;SPRF-PR;DEL01-PR;UOP05-DEL01-PR;;;
742150;28/12/2025;domingo;13:20:00;BA;324;512;FEIRA DE SANTANA;Desrespeitar a prefer�ncia no cruzamento;Colis�o transversal;Com V�timas Feridas;Pleno dia;Decrescente;Sol;Dupla;Rotat�ria;Sim;3;0;0;1;1;1;1;2;-12,2301;-38,96357;SPRF-BA;DEL02-BA;UOP01-DEL02-BA;;;
742151;28/12/2025;domingo;13:00:00;PB;230;7,6;CABEDELO;Acesso irregular;Colis�o lateral mesmo sentido;Com V�timas Feridas;Pleno dia;Crescente;Sol;Dupla;"Interse��o de Vias;Reta";Sim;2;0;0;1;1;0;1;2;-7,03356;-34,841805;SPRF-PB;DEL01-PB;UOP01-DEL01-PB;;;
742152;28/12/2025;domingo;12:30:00;PR;369;148,4;LONDRINA;Rea��o tardia ou ineficiente do condutor;Colis�o traseira;Com V�timas Feridas;Pleno dia;Decrescente;Nublado;Dupla;"Interse��o de Vias;Curva";Sim;3;0;1;0;2;0;1;2;-23,293013;-51,145448;SPRF-PR;DEL07-PR;UOP01-DEL07-PR;;;
742154;28/12/2025;domingo;12:55:00;PR;469;13,5;FOZ DO IGUACU;Ingest�o de �lcool pelo condutor;Queda de ocupante de ve�culo;Com V�timas Feridas;Pleno dia;Decrescente;Sol;Dupla;"Declive;Curva;Em Obras";Sim;2;0;2;0;0;0;2;1;-25,5131648;-54,5619968;SPRF-PR;DEL05-PR;UOP04-DEL05-PR;;;
742155;28/12/2025;domingo;11:20:00;BA;242;594;IBOTIRAMA;Transitar na contram�o;Colis�o frontal;Com V�timas Feridas;Pleno dia;Crescente;C�u Claro;Simples;Curva;N�o;5;0;3;0;2;0;3;2;-12,10243813;-43,16940308;SPRF-BA;DEL06-BA;UOP03-DEL06-BA;;;
742156;28/12/2025;domingo;11:30:00;RJ;101;518;ANGRA DOS REIS;Convers�o proibida;Colis�o lateral mesmo sentido;Com V�timas Feridas;Pleno dia;Crescente;C�u Claro;Simples;"Curva;Aclive";N�o;3;0;1;1;1;0;2;2;-23,00956008;-44,4520247;SPRF-RJ;DEL03-RJ;UOP03-DEL03-RJ;;;
742157;28/12/2025;domingo;13:53:00;PI;343;7;PARNAIBA;Aus�ncia de rea��o do condutor;Colis�o traseira;Com V�timas Feridas;Pleno dia;Crescente;Sol;Simples;Reta;Sim;3;0;2;1;0;0;3;2;-2,89873731;-41,71927142;SPRF-PI;DEL05-PI;UOP01-DEL05-PI;;;
742159;28/12/2025;domingo;13:20:00;BA;407;1;JUAZEIRO;Ingest�o de �lcool pelo condutor;Colis�o com objeto;Com V�timas Feridas;Pleno dia;Crescente;C�u Claro;Simples;"Em Obras;Declive";Sim;2;0;1;0;1;0;1;1;-9,42343879;-40,50646305;SPRF-PE;DEL06-PE;UOP01-DEL06-PE;;;
742161;28/12/2025;domingo;13:10:00;RJ;101;302;SAO GONCALO;Rea��o tardia ou ineficiente do condutor;Colis�o traseira;Sem V�timas;Pleno dia;Decrescente;C�u Claro;Dupla;"Reta;Viaduto";Sim;2;0;0;0;2;0;0;2;-22,78209509;-42,97301643;SPRF-RJ;DEL02-RJ;UOP02-DEL02-RJ;;;