id;data_inversa;dia_semana;horario;uf;br;km;municipio;causa_acidente;tipo_acidente;classificacao_acidente;fase_dia;sentido_via;condicao_metereologica;tipo_pista;tracado_via;uso_solo;pessoas;mortos;feridos_leves;feridos_graves;ilesos;ignorados;feridos;veiculos;latitude;longitude;regional;delegacia;uop;;;
742266;28/12/2025;domingo;17:50:00;SC;101;40;JOINVILLE;Acessar a via sem observar a presen�a dos outros ve�culos;Colis�o traseira;Com V�timas Feridas;Pleno dia;Decrescente;C�u Claro;Simples;Curva;N�o;2;0;1;0;0;1;1;2;-26,30923685;-48,87821674;SPRF-SC;DEL03-SC;UOP01-DEL03-SC;;;
742269;29/12/2025;segunda-feira;02:20:00;MG;40;499,7;ESMERALDAS;Ingest�o de �lcool pelo condutor;Colis�o com objeto;Sem V�timas;Plena Noite;Decrescente;Nublado;Dupla;Reta;N�o;1;0;0;0;1;0;0;1;-19,697858;-44,176284;SPRF-MG;DEL02-MG;UOP01-DEL02-MG;;;
742270;29/12/2025;segunda-feira;02:20:00;SP;116;325;JUQUITIBA;Rea��o tardia ou ineficiente do condutor;Colis�o traseira;Com V�timas Feridas;Plena Noite;Crescente;C�u Claro;Dupla;Curva;N�o;2;0;1;0;1;0;1;2;-23,9393012;-47,06170356;SPRF-SP;DEL04-SP;UOP03-DEL04-SP;;;
742272;29/12/2025;segunda-feira;02:20:00;SC;470;113;IBIRAMA;Aus�ncia de rea��o do condutor;Colis�o com objeto;Com V�timas Feridas;Plena Noite;Decrescente;Chuva;Simples;Curva;N�o;2;0;1;1;0;0;2;1;-27,0936866;-49,46782462;SPRF-SC;DEL04-SC;UOP02-DEL04-SC;;;
742273;29/12/2025;segunda-feira;01:00:00;MG;262;544,9;LUZ;Aus�ncia de rea��o do condutor;Sa�da de leito carro��vel;Com V�timas Feridas;Plena Noite;Decrescente;Nublado;Simples;"Curva;Declive";N�o;1;0;1;0;0;0;1;1;-19,70782;-45,92122;SPRF-MG;DEL08-MG;UOP02-DEL08-MG;;;
742274;29/12/2025;segunda-feira;02:20:00;SC;282;275;SAO JOSE DO CERRITO;Velocidade Incompat�vel;Colis�o com objeto;Sem V�timas;Plena Noite;Crescente;Chuva;Simples;"Declive;Curva";N�o;1;0;0;0;0;1;0;1;-27,60294127;-50,72539743;SPRF-SC;DEL05-SC;UOP02-DEL05-SC;;;
742275;29/12/2025;segunda-feira;01:52:00;MG;381;878;ESTIVA;Aus�ncia de rea��o do condutor;Sa�da de leito carro��vel;Sem V�timas;Plena Noite;Decrescente;Chuva;Dupla;Reta;N�o;4;0;0;0;4;0;0;1;-22,44577865;-45,99306107;SPRF-MG;DEL16-MG;UOP01-DEL16-MG;;;
742276;29/12/2025;segunda-feira;02:30:00;PR;469;12;FOZ DO IGUACU;Rea��o tardia ou ineficiente do condutor;Colis�o com objeto;Sem V�timas;Plena Noite;Decrescente;Chuva;Simples;"Reta;Em Obras";Sim;2;0;0;0;2;0;0;1;-25,57802084;-54,54143286;SPRF-PR;DEL05-PR;UOP04-DEL05-PR;;;
742277;29/12/2025;segunda-feira;04:00:00;MG;40;645,8;CRISTIANO OTONI;Convers�o proibida;Colis�o frontal;Com V�timas Fatais;Plena Noite;Crescente;C�u Claro;Simples;Reta;N�o;5;1;0;0;4;0;0;2;-20,78881853;-43,81144009;SPRF-MG;DEL05-MG;UOP02-DEL05-MG;;;
742278;29/12/2025;segunda-feira;01:00:00;PE;101;156;RIBEIRAO;Ingest�o de �lcool pelo condutor;Sa�da de leito carro��vel;Sem V�timas;Plena Noite;Decrescente;Nublado;Dupla;Curva;N�o;1;0;0;0;0;1;0;1;-8,5437183;-35,39036;SPRF-PE;DEL01-PE;UOP03-DEL01-PE;;;
742279;29/12/2025;segunda-feira;03:00:00;ES;262;148,2;IBATIBA;Pista esburacada;Tombamento;Com V�timas Feridas;Plena Noite;Crescente;Nublado;Simples;"Declive;Curva";N�o;1;0;1;0;0;0;1;1;-20,214575;-41,426832;SPRF-ES;DEL01-ES;UOP02-DEL01-ES;;;
742280;29/12/2025;segunda-feira;04:27:00;BA;116;430;FEIRA DE SANTANA;Pedestre andava na pista;Atropelamento de Pedestre;Com V�timas Fatais;Plena Noite;Decrescente;C�u Claro;Dupla;Reta;Sim;2;1;0;0;1;0;0;2;-12,2912193;-39,02061067;SPRF-BA;DEL02-BA;UOP01-DEL02-BA;;;
742281;29/12/2025;segunda-feira;01:45:00;PE;316;48,6;TRINDADE;Pedestre andava na pista;Atropelamento de Pedestre;Com V�timas Fatais;Plena Noite;Decrescente;Garoa/Chuvisco;Simples;Reta;N�o;2;1;0;0;0;1;0;2;-7,7221242;-40,31746865;SPRF-PE;DEL05-PE;UOP02-DEL05-PE;;;
742283;28/12/2025;domingo;19:20:00;PR;163;217,5;CASCAVEL;Aus�ncia de rea��o do condutor;Sa�da de leito carro��vel;Sem V�timas;Pleno dia;Decrescente;C�u Claro;Dupla;"Declive;Curva";N�o;1;0;0;0;0;1;0;1;-24,86892919;-53,5682572;SPRF-PR;DEL04-PR;UOP01-DEL04-PR;;;
742284;29/12/2025;segunda-feira;05:00:00;RJ;101;297;ITABORAI;Demais falhas mec�nicas ou el�tricas;Inc�ndio;Sem V�timas;Amanhecer;Decrescente;C�u Claro;Dupla;Reta;Sim;2;0;0;0;2;0;0;1;-22,77052751;-42,92085383;SPRF-RJ;DEL02-RJ;UOP02-DEL02-RJ;;;
742286;29/12/2025;segunda-feira;06:30:00;ES;101;161,2;LINHARES;Acessar a via sem observar a presen�a dos outros ve�culos;Colis�o transversal;Com V�timas Feridas;Pleno dia;Crescente;C�u Claro;Simples;Reta;N�o;2;0;0;2;0;0;2;2;-19,48686451;-40,12342483;SPRF-ES;DEL04-ES;UOP01-DEL04-ES;;;
742287;28/12/2025;domingo;22:10:00;MT;163;549;DIAMANTINO;Rea��o tardia ou ineficiente do condutor;Sa�da de leito carro��vel;Com V�timas Feridas;Plena Noite;Crescente;Nublado;Dupla;Reta;N�o;1;0;1;0;0;0;1;1;-14,22426902;-56,09740376;SPRF-MT;DEL01-MT;UOP01-DEL01-MT;;;
742291;29/12/2025;segunda-feira;06:50:00;ES;262;22,5;VIANA;Animais na Pista;Atropelamento de Animal;Com V�timas Feridas;Pleno dia;Decrescente;C�u Claro;Simples;"Reta;Aclive";N�o;1;0;1;0;0;0;1;1;-20,37496802;-40,51571285;SPRF-ES;DEL01-ES;UOP01-DEL01-ES;;;
742292;29/12/2025;segunda-feira;03:30:00;SC;470;157,2;TROMBUDO CENTRAL;Velocidade Incompat�vel;Colis�o frontal;Com V�timas Feridas;Plena Noite;Crescente;Garoa/Chuvisco;Simples;Curva;N�o;5;0;1;4;0;0;5;2;-27,2837275;-49,8132983;SPRF-SC;DEL04-SC;UOP02-DEL04-SC;;;
742293;29/12/2025;segunda-feira;07:25:00;PB;101;83;BAYEUX;Acessar a via sem observar a presen�a dos outros ve�culos;Tombamento;Com V�timas Feridas;Pleno dia;Crescente;C�u Claro;Dupla;Reta;N�o;1;0;1;0;0;0;1;1;-7,1350961;-34,928294;SPRF-PB;DEL01-PB;UOP01-DEL01-PB;;;
742295;29/12/2025;segunda-feira;07:10:00;GO;50;248,7;CATALAO;Ingest�o de �lcool pelo condutor;Tombamento;Com V�timas Feridas;Pleno dia;Crescente;C�u Claro;Dupla;Reta;Sim;1;0;1;0;0;0;1;1;-17,958764;-47,793647;SPRF-GO;DEL06-GO;UOP01-DEL06-GO;;;
742298;28/12/2025;domingo;22:00:00;SC;470;62,8;INDAIAL;Suic�dio (presumido);Atropelamento de Pedestre;Com V�timas Feridas;Plena Noite;Crescente;C�u Claro;Simples;Curva;N�o;2;0;0;1;1;0;1;2;-26,87449077;-49,18791231;SPRF-SC;DEL04-SC;UOP01-DEL04-SC;;;
742299;29/12/2025;segunda-feira;07:20:00;PR;376;653;TIJUCAS DO SUL;Pista Escorregadia;Colis�o com objeto;Com V�timas Feridas;Pleno dia;Decrescente;Garoa/Chuvisco;Dupla;"Curva;Declive";N�o;2;0;1;0;1;0;1;1;-25,8414436;-49,04852843;SPRF-PR;DEL01-PR;UOP04-DEL01-PR;;;
742300;29/12/2025;segunda-feira;06:53:00;PR;116;38,6;CAMPINA GRANDE DO SUL;Chuva;Capotamento;Com V�timas Feridas;Pleno dia;Crescente;Chuva;Dupla;Curva;N�o;3;0;1;0;2;0;1;1;-25,155525;-48,861363;SPRF-PR;DEL01-PR;UOP02-DEL01-PR;;;
742301;29/12/2025;segunda-feira;07:30:00;GO;60;187;GUAPO;Avarias e/ou desgaste excessivo no pneu;Queda de ocupante de ve�culo;Com V�timas Feridas;Pleno dia;Decrescente;C�u Claro;Dupla;Reta;N�o;2;0;2;0;0;0;2;1;-16,81927;-49,532173;SPRF-GO;DEL01-GO;UOP02-DEL01-GO;;;
742303;29/12/2025;segunda-feira;07:40:00;PR;163;167,5;LINDOESTE;Acessar a via sem observar a presen�a dos outros ve�culos;Colis�o transversal;Com V�timas Feridas;Pleno dia;Crescente;C�u Claro;Dupla;Interse��o de Vias;Sim;4;0;2;0;2;0;2;2;-25,25520421;-53,57703622;SPRF-PR;DEL05-PR;UOP05-DEL05-PR;;;
742304;29/12/2025;segunda-feira;07:16:00;RJ;101;264;RIO BONITO;Condutor deixou de manter dist�ncia do ve�culo da frente;Colis�o traseira;Com V�timas Feridas;Pleno dia;Decrescente;C�u Claro;Dupla;Reta;Sim;3;0;1;0;2;0;1;2;-22,71487442;-42,64265422;SPRF-RJ;DEL02-RJ;UOP03-DEL02-RJ;;;
742305;29/12/2025;segunda-feira;07:55:00;SC;101;119,8;ITAJAI;Manobra de mudan�a de faixa;Colis�o lateral mesmo sentido;Com V�timas Feridas;Pleno dia;Crescente;Nublado;Dupla;Reta;Sim;2;0;1;0;1;0;1;2;-26,91099;-48,71279;SPRF-SC;DEL04-SC;UOP04-DEL04-SC;;;
742306;29/12/2025;segunda-feira;07:30:00;SP;101;48,4;UBATUBA;Frear bruscamente;Colis�o traseira;Com V�timas Feridas;Pleno dia;Decrescente;C�u Claro;Simples;Reta;Sim;3;0;1;0;2;0;1;2;-23,44091559;-45,08699977;SPRF-SP;DEL06-SP;UOP01-DEL06-SP;;;
742309;29/12/2025;segunda-feira;07:00:00;MA;135;3;SAO LUIS;Aus�ncia de rea��o do condutor;Atropelamento de Pedestre;Com V�timas Feridas;Pleno dia;Crescente;C�u Claro;Dupla;Reta;Sim;3;0;3;0;0;0;3;2;-2,61335;-44,25166;SPRF-MA;DEL01-MA;UOP01-DEL01-MA;;;
742310;29/12/2025;segunda-feira;07:45:00;ES;101;259;SERRA;Frear bruscamente;Colis�o frontal;Com V�timas Feridas;Pleno dia;Crescente;C�u Claro;Simples;"Reta;Declive";Sim;3;0;2;0;1;0;2;2;-20,14082788;-40,29217556;SPRF-ES;DEL02-ES;UOP01-DEL02-ES;;;
742311;29/12/2025;segunda-feira;07:30:00;MG;381;488;BETIM;Avarias e/ou desgaste excessivo no pneu;Queda de ocupante de ve�culo;Com V�timas Feridas;Pleno dia;Crescente;C�u Claro;Dupla;Reta;N�o;2;0;2;0;0;0;2;1;-19,956278;-44,127338;SPRF-MG;DEL01-MG;UOP03-DEL01-MG;;;
742313;29/12/2025;segunda-feira;07:50:00;SC;470;115,2;IBIRAMA;Rea��o tardia ou ineficiente do condutor;Colis�o traseira;Com V�timas Feridas;Pleno dia;Decrescente;Nublado;Simples;Reta;Sim;2;0;2;0;0;0;2;2;-27,07827;-49,49052;SPRF-SC;DEL04-SC;UOP02-DEL04-SC;;;
742314;29/12/2025;segunda-feira;07:25:00;RS;392;9,1;RIO GRANDE;Condutor deixou de manter dist�ncia do ve�culo da frente;Colis�o traseira;Com V�timas Feridas;Pleno dia;Decrescente;C�u Claro;Simples;"Rotat�ria;Reta;Interse��o de Vias";N�o;3;0;1;0;2;0;1;2;-32,1115933;-52,1133567;SPRF-RS;DEL07-RS;UOP02-DEL07-RS;;;
742315;29/12/2025;segunda-feira;08:04:00;PE;101;58,3;RECIFE;Condutor deixou de manter dist�ncia do ve�culo da frente;Sa�da de leito carro��vel;Com V�timas Feridas;Pleno dia;Crescente;C�u Claro;Dupla;Reta;N�o;1;0;0;1;0;0;1;1;-7,97314;-34,92158;SPRF-PE;DEL01-PE;UOP02-DEL01-PE;;;
742317;29/12/2025;segunda-feira;09:13:00;PE;101;54;PAULISTA;Avarias e/ou desgaste excessivo no pneu;Queda de ocupante de ve�culo;Com V�timas Feridas;Pleno dia;Decrescente;C�u Claro;Dupla;Reta;Sim;2;0;1;0;1;0;1;1;-7,94220097;-34,90392708;SPRF-PE;DEL01-PE;UOP02-DEL01-PE;;;
742318;29/12/2025;segunda-feira;05:00:00;BA;116;877;VITORIA DA CONQUISTA;Aus�ncia de rea��o do condutor;Colis�o traseira;Com V�timas Feridas;Amanhecer;Decrescente;Nevoeiro/Neblina;Simples;Reta;N�o;3;0;3;0;0;0;3;2;-15,259822;-41,11768;SPRF-BA;DEL08-BA;UOP03-DEL08-BA;;;
742319;29/12/2025;segunda-feira;08:25:00;SC;470;11,2;NAVEGANTES;Avarias e/ou desgaste excessivo no pneu;Tombamento;Com V�timas Feridas;Pleno dia;Crescente;C�u Claro;Dupla;Reta;N�o;1;0;1;0;0;0;1;1;-26,83419;-48,74972;SPRF-SC;DEL04-SC;UOP04-DEL04-SC;;;
742320;29/12/2025;segunda-feira;08:15:00;PR;116;29;CAMPINA GRANDE DO SUL;Chuva;Colis�o traseira;Sem V�timas;Pleno dia;Decrescente;Chuva;Dupla;"Declive;Curva";N�o;2;0;0;0;2;0;0;2;-25,111449;-48,811878;SPRF-PR;DEL01-PR;UOP02-DEL01-PR;;;
742321;29/12/2025;segunda-feira;08:50:00;GO;414;392,9;CORUMBA DE GOIAS;Desrespeitar a prefer�ncia no cruzamento;Colis�o transversal;Com V�timas Feridas;Pleno dia;Decrescente;C�u Claro;Simples;Interse��o de Vias;Sim;2;0;0;1;0;1;1;2;-15,91919346;-48,80879581;SPRF-GO;DEL02-GO;UOP01-DEL02-GO;;;
742322;29/12/2025;segunda-feira;08:02:00;RJ;40;121;DUQUE DE CAXIAS;Trafegar com motocicleta (ou similar) entre as faixas;Colis�o traseira;Com V�timas Feridas;Pleno dia;Crescente;C�u Claro;Dupla;Reta;Sim;2;0;1;0;1;0;1;2;-22,7878236;-43,2853768;SPRF-RJ;DEL01-RJ;UOP02-DEL01-RJ;;;
742323;29/12/2025;segunda-feira;09:15:00;BA;349;930;CORRENTINA;Manobra de mudan�a de faixa;Colis�o transversal;Sem V�timas;Pleno dia;Crescente;C�u Claro;Simples;Reta;Sim;4;0;0;0;2;2;0;3;-13,34778365;-44,63745117;SPRF-BA;DEL10-BA;UOP02-DEL10-BA;;;
742324;29/12/2025;segunda-feira;08:40:00;RJ;101;261;RIO BONITO;Aus�ncia de rea��o do condutor;Colis�o traseira;Com V�timas Feridas;Pleno dia;Crescente;C�u Claro;Dupla;Reta;N�o;2;0;1;0;1;0;1;2;-22,71148079;-42,61374593;SPRF-RJ;DEL02-RJ;UOP03-DEL02-RJ;;;
742325;29/12/2025;segunda-feira;06:30:00;MT;364;528;VARZEA GRANDE;Acessar a via sem observar a presen�a dos outros ve�culos;Colis�o com objeto;Com V�timas Feridas;Pleno dia;Crescente;C�u Claro;Simples;Reta;Sim;1;0;1;0;0;0;1;1;-15,6515677;-56,202029;SPRF-MT;DEL01-MT;UOP01-DEL01-MT;;;
742326;29/12/2025;segunda-feira;05:45:00;RJ;101;294,5;ITABORAI;Rea��o tardia ou ineficiente do condutor;Tombamento;Com V�timas Feridas;Amanhecer;Crescente;C�u Claro;Dupla;Reta;Sim;2;0;1;1;0;0;2;1;-22,7600364;-42,89701939;SPRF-RJ;DEL02-RJ;UOP02-DEL02-RJ;;;
742327;28/12/2025;domingo;19:00:00;BA;324;354;CAPIM GROSSO;Convers�o proibida;Colis�o frontal;Com V�timas Feridas;Plena Noite;Crescente;C�u Claro;Simples;Reta;N�o;2;0;0;1;1;0;1;2;-11,388265;-39,986585;SPRF-BA;DEL04-BA;UOP02-DEL04-BA;;;
742328;29/12/2025;segunda-feira;10:00:00;ES;101;304,4;VIANA;Condutor deixou de manter dist�ncia do ve�culo da frente;Colis�o traseira;Com V�timas Feridas;Pleno dia;Decrescente;C�u Claro;Dupla;Reta;Sim;3;0;1;0;2;0;1;2;-20,38221948;-40,45836417;SPRF-ES;DEL01-ES;UOP01-DEL01-ES;;;
742329;29/12/2025;segunda-feira;08:30:00;RO;319;139;PORTO VELHO;Condutor deixou de manter dist�ncia do ve�culo da frente;Colis�o traseira;Com V�timas Feridas;Pleno dia;Decrescente;Nublado;Dupla;"Retorno Regulamentado;Reta";Sim;2;0;1;0;1;0;1;2;-8,74159;-63,898027;SPRF-RO;DEL01-RO;UOP01-DEL01-RO;;;
742330;29/12/2025;segunda-feira;08:30:00;PR;277;135;BALSA NOVA;Rea��o tardia ou ineficiente do condutor;Sa�da de leito carro��vel;Sem V�timas;Pleno dia;Decrescente;Chuva;Simples;Reta;N�o;1;0;0;0;1;0;0;1;-25,4687;-49,6298;SPRF-PR;DEL03-PR;UOP03-DEL03-PR;;;
742332;29/12/2025;segunda-feira;09:40:00;MG;116;524,4;CARATINGA;Acessar a via sem observar a presen�a dos outros ve�culos;Colis�o transversal;Com V�timas Feridas;Pleno dia;Decrescente;C�u Claro;Simples;"Interse��o de Vias;Reta";Sim;2;0;1;0;1;0;1;2;-19,76408;-42,1320932;SPRF-MG;DEL06-MG;UOP02-DEL06-MG;;;
742333;29/12/2025;segunda-feira;08:20:00;PR;476;172;CONTENDA;Pista Escorregadia;Colis�o com objeto;Com V�timas Feridas;Pleno dia;Crescente;Garoa/Chuvisco;Dupla;Curva;Sim;2;0;2;0;0;0;2;1;-25,68155023;-49,52586142;SPRF-PR;DEL01-PR;UOP06-DEL01-PR;;;
742334;29/12/2025;segunda-feira;09:00:00;RJ;101;329;RIO DE JANEIRO;Aus�ncia de rea��o do condutor;Queda de ocupante de ve�culo;Com V�timas Feridas;Pleno dia;Decrescente;C�u Claro;Dupla;Reta;Sim;2;0;2;0;0;0;2;1;-22,87099372;-43,16314645;SPRF-RJ;DEL02-RJ;UOP01-DEL02-RJ;;;
742335;29/12/2025;segunda-feira;08:30:00;RJ;101;483;ANGRA DOS REIS;Condutor deixou de manter dist�ncia do ve�culo da frente;Colis�o traseira;Com V�timas Feridas;Pleno dia;Decrescente;Sol;Simples;"Reta;Aclive";Sim;3;0;1;0;2;0;1;3;-22,98462936;-44,29653168;SPRF-RJ;DEL03-RJ;UOP03-DEL03-RJ;;;
742337;29/12/2025;segunda-feira;09:20:00;PR;116;40;CAMPINA GRANDE DO SUL;Rea��o tardia ou ineficiente do condutor;Sa�da de leito carro��vel;Com V�timas Feridas;Pleno dia;Decrescente;Garoa/Chuvisco;Dupla;Curva;N�o;2;0;2;0;0;0;2;1;-25,22054107;-48,90498921;SPRF-PR;DEL01-PR;UOP02-DEL01-PR;;;
742338;29/12/2025;segunda-feira;10:00:00;BA;110;172;RIBEIRA DO POMBAL;Acessar a via sem observar a presen�a dos outros ve�culos;Colis�o traseira;Com V�timas Feridas;Pleno dia;Crescente;C�u Claro;Simples;Reta;Sim;2;0;1;0;1;0;1;2;-10,82959672;-38,53248596;SPRF-BA;DEL07-BA;UOP02-DEL07-BA;;;
742339;29/12/2025;segunda-feira;09:30:00;MG;365;238;BURITIZEIRO;Rea��o tardia ou ineficiente do condutor;Sa�da de leito carro��vel;Com V�timas Feridas;Pleno dia;Crescente;C�u Claro;Simples;"Declive;Reta";N�o;4;0;4;0;0;0;4;1;-17,7420054;-45,4144201;SPRF-MG;DEL10-MG;UOP02-DEL010-MG;;;
742340;01/12/2025;segunda-feira;08:17:00;PR;369;138,3;IBIPORA;Desrespeitar a prefer�ncia no cruzamento;Colis�o transversal;Com V�timas Feridas;Pleno dia;Crescente;C�u Claro;Simples;Interse��o de Vias;Sim;3;0;2;0;1;0;2;2;-23,273;-51,054;SPRF-PR;DEL07-PR;UOP01-DEL07-PR;;;
742342;29/12/2025;segunda-feira;10:45:00;SP;101;48;UBATUBA;Rea��o tardia ou ineficiente do condutor;Colis�o transversal;Sem V�timas;Pleno dia;Decrescente;Nublado;Simples;Interse��o de Vias;Sim;2;0;0;0;2;0;0;2;-23,43758419;-45,08783698;SPRF-SP;DEL06-SP;UOP01-DEL06-SP;;;
742343;23/12/2025;ter�a-feira;11:35:00;SC;282;1,9;FLORIANOPOLIS;Aus�ncia de rea��o do condutor;Colis�o traseira;Sem V�timas;Pleno dia;Crescente;C�u Claro;Dupla;Reta;Sim;3;0;0;0;2;1;0;2;-27,60143307;-48,5783665;SPRF-SC;DEL01-SC;UOP01-DEL01-SC;;;
742344;29/12/2025;segunda-feira;11:16:00;ES;101;259;SERRA;Rea��o tardia ou ineficiente do condutor;Colis�o com objeto;Com V�timas Feridas;Pleno dia;Crescente;C�u Claro;Dupla;Reta;N�o;1;0;0;1;0;0;1;1;-20,1458838;-40,28926849;SPRF-ES;DEL02-ES;UOP01-DEL02-ES;;;
742347;29/12/2025;segunda-feira;11:30:00;SC;101;209;SAO JOSE;Velocidade Incompat�vel;Colis�o traseira;Com V�timas Feridas;Pleno dia;Decrescente;C�u Claro;M�ltipla;Reta;Sim;4;0;2;0;1;1;2;2;-27,60492404;-48,63364069;SPRF-SC;DEL01-SC;UOP01-DEL01-SC;;;
742348;29/12/2025;segunda-feira;11:00:00;CE;116;508,4;BREJO SANTO;Acessar a via sem observar a presen�a dos outros ve�culos;Colis�o transversal;Com V�timas Fatais;Pleno dia;Crescente;C�u Claro;Simples;Curva;Sim;5;1;0;0;4;0;0;2;-7,53786167;-39,007955;SPRF-CE;DEL05-CE;UOP03-DEL05-CE;;;
742349;29/12/2025;segunda-feira;09:25:00;MT;364;442;VARZEA GRANDE;Rea��o tardia ou ineficiente do condutor;Sa�da de leito carro��vel;Com V�timas Feridas;Pleno dia;Decrescente;C�u Claro;Simples;Curva;N�o;1;0;1;0;0;0;1;1;-15,59897165;-56,21966636;SPRF-MT;DEL01-MT;UOP02-DEL01-MT;;;
742350;29/12/2025;segunda-feira;09:40:00;RJ;40;113;DUQUE DE CAXIAS;Aus�ncia de rea��o do condutor;Colis�o lateral mesmo sentido;Com V�timas Feridas;Pleno dia;Crescente;C�u Claro;Dupla;Reta;Sim;2;0;1;0;1;0;1;2;-22,70541305;-43,29041069;SPRF-RJ;DEL01-RJ;UOP02-DEL01-RJ;;;
742351;29/12/2025;segunda-feira;10:15:00;PR;277;421,5;CANTAGALO;Velocidade Incompat�vel;Colis�o lateral mesmo sentido;Com V�timas Feridas;Pleno dia;Crescente;C�u Claro;Simples;"Curva;Aclive";N�o;5;0;5;0;0;0;5;2;-25,40407924;-52,10097671;SPRF-PR;DEL04-PR;UOP02-DEL04-PR;;;
742352;27/12/2025;s�bado;08:55:00;MG;40;521,3;CONTAGEM;Aus�ncia de rea��o do condutor;Sa�da de leito carro��vel;Com V�timas Feridas;Pleno dia;Decrescente;Sol;Dupla;Curva;Sim;3;0;0;1;0;2;1;2;-19,860547;-44,071172;SPRF-MG;DEL01-MG;UOP02-DEL01-MG;;;
742353;29/12/2025;segunda-feira;07:40:00;PR;277;83,8;CURITIBA;Chuva;Tombamento;Com V�timas Feridas;Pleno dia;Decrescente;Chuva;Dupla;"Viaduto;Curva";N�o;1;0;1;0;0;0;1;1;-25,443769;-49,2338699;SPRF-PR;DEL01-PR;UOP03-DEL01-PR;;;
742354;29/12/2025;segunda-feira;08:45:00;SP;153;170,9;GUAICARA;Desrespeitar a prefer�ncia no cruzamento;Colis�o transversal;Com V�timas Fatais;Pleno dia;Decrescente;C�u Claro;Simples;Reta;N�o;2;1;0;0;1;0;0;2;-21,591985;-49,784679;SPRF-SP;DEL07-SP;UOP01-DEL07-SP;;;
742355;29/12/2025;segunda-feira;12:10:00;SC;280;25,2;ARAQUARI;Retorno proibido;Colis�o transversal;Com V�timas Feridas;Pleno dia;Crescente;C�u Claro;Simples;Reta;Sim;2;0;1;0;1;0;1;2;-26,385302;-48,72874;SPRF-SC;DEL03-SC;UOP03-DEL03-SC;;;
742357;29/12/2025;segunda-feira;12:05:00;PR;369;129;JATAIZINHO;Convers�o proibida;Colis�o transversal;Com V�timas Feridas;Plena Noite;Decrescente;C�u Claro;Simples;Reta;Sim;3;0;1;0;2;0;1;2;-23,26314921;-50,97674271;SPRF-PR;DEL07-PR;UOP01-DEL07-PR;;;
742359;29/12/2025;segunda-feira;12:30:00;RS;386;418,9;MONTENEGRO;Manobra de mudan�a de faixa;Colis�o lateral mesmo sentido;Com V�timas Feridas;Pleno dia;Decrescente;C�u Claro;Simples;Reta;N�o;2;0;1;0;1;0;1;2;-29,81733115;-51,46113843;SPRF-RS;DEL04-RS;UOP02-DEL04-RS;;;
742360;29/12/2025;segunda-feira;09:30:00;RS;116;144,5;CAXIAS DO SUL;Rea��o tardia ou ineficiente do condutor;Colis�o com objeto;Com V�timas Feridas;Pleno dia;Crescente;C�u Claro;Dupla;Interse��o de Vias;N�o;20;0;13;0;7;0;13;1;-29,13433661;-51,13002174;SPRF-RS;DEL05-RS;UOP01-DEL05-RS;;;
742361;29/12/2025;segunda-feira;13:00:00;RJ;356;148;CAMPOS DOS GOYTACAZES;Aus�ncia de rea��o do condutor;Colis�o lateral mesmo sentido;Com V�timas Feridas;Pleno dia;Crescente;C�u Claro;Simples;Reta;N�o;2;0;2;0;0;0;2;2;-21,775265;-41,285311;SPRF-RJ;DEL08-RJ;UOP02-DEL08-RJ;;;
742362;29/12/2025;segunda-feira;11:30:00;MT;163;995;TERRA NOVA DO NORTE;Avarias e/ou desgaste excessivo no pneu;Tombamento;Com V�timas Feridas;Pleno dia;Crescente;Nublado;Simples;"Aclive;Reta";N�o;2;0;1;1;0;0;2;1;-10,53383;-55,081657;SPRF-MT;DEL06-MT;UOP03-DEL06-MT;;;
742363;29/12/2025;segunda-feira;13:00:00;GO;60;59;SAO MIGUEL DO PASSA QUATRO;Rea��o tardia ou ineficiente do condutor;Colis�o traseira;Com V�timas Feridas;Pleno dia;Crescente;C�u Claro;Dupla;Reta;N�o;2;0;1;0;0;1;1;2;-16,88082;-48,700471;SPRF-GO;DEL02-GO;UOP01-DEL02-GO;;;
742364;29/12/2025;segunda-feira;12:45:00;SC;101;306,5;LAGUNA;Condutor usando celular;Colis�o com objeto;Com V�timas Feridas;Pleno dia;Decrescente;Nublado;M�ltipla;Curva;N�o;1;0;1;0;0;0;1;1;-28,40739544;-48,79130714;SPRF-SC;DEL02-SC;UOP03-DEL02-SC;;;
742366;29/12/2025;segunda-feira;07:40:00;RJ;116;184;NOVA IGUACU;Aus�ncia de rea��o do condutor;Colis�o lateral mesmo sentido;Com V�timas Feridas;Pleno dia;Crescente;C�u Claro;Dupla;Reta;Sim;2;0;1;0;0;1;1;2;-22,74819254;-43,44322074;SPRF-RJ;DEL06-RJ;UOP01-DEL06-RJ;;;
742367;29/12/2025;segunda-feira;13:30:00;TO;153;141;ARAGUAINA;Acessar a via sem observar a presen�a dos outros ve�culos;Colis�o transversal;Com V�timas Feridas;Pleno dia;Decrescente;Nublado;M�ltipla;Interse��o de Vias;Sim;2;0;1;0;1;0;1;2;-7,17824;-48,221383;SPRF-TO;DEL02-TO;UOP01-DEL02-TO;;;