id;data_inversa;dia_semana;horario;uf;br;km;municipio;causa_acidente;tipo_acidente;classificacao_acidente;fase_dia;sentido_via;condicao_metereologica;tipo_pista;tracado_via;uso_solo;pessoas;mortos;feridos_leves;feridos_graves;ilesos;ignorados;feridos;veiculos;latitude;longitude;regional;delegacia;uop;;;
742368;17/12/2025;quarta-feira;09:01:00;SC;470;35,1;GASPAR;Transitar na contram�o;Colis�o frontal;Com V�timas Feridas;Pleno dia;Decrescente;Nublado;Simples;Reta;Sim;3;0;1;2;0;0;3;2;-26,91800859;-48,95989386;SPRF-SC;DEL04-SC;UOP01-DEL04-SC;;;
742369;29/12/2025;segunda-feira;13:43:00;PE;104;87;AGRESTINA;Aus�ncia de rea��o do condutor;Colis�o lateral mesmo sentido;Com V�timas Feridas;Pleno dia;Crescente;C�u Claro;Simples;Reta;Sim;2;0;1;0;0;1;1;2;-8,45811;-35,94254;SPRF-PE;DEL02-PE;UOP01-DEL02-PE;;;
742370;29/12/2025;segunda-feira;12:29:00;MG;146;488;POCOS DE CALDAS;Aus�ncia de rea��o do condutor;Colis�o lateral mesmo sentido;Com V�timas Feridas;Pleno dia;Decrescente;C�u Claro;Simples;"Reta;Aclive";Sim;2;0;1;0;0;1;1;2;-21,80658473;-46,49045974;SPRF-MG;DEL09-MG;UOP01-DEL09-MG;;;
742371;29/12/2025;segunda-feira;13:50:00;PR;277;64;PIRAQUARA;Manobra de mudan�a de faixa;Sa�da de leito carro��vel;Com V�timas Feridas;Pleno dia;Decrescente;C�u Claro;Dupla;Reta;N�o;3;0;3;0;0;0;3;1;-25,53733018;-49,07077789;SPRF-PR;DEL01-PR;UOP01-DEL01-PR;;;
742372;29/12/2025;segunda-feira;11:30:00;BA;116;814;VITORIA DA CONQUISTA;Manobra de mudan�a de faixa;Colis�o transversal;Com V�timas Feridas;Pleno dia;Crescente;C�u Claro;Simples;Reta;N�o;2;0;1;0;1;0;1;2;-14,80604047;-40,78498363;SPRF-BA;DEL08-BA;UOP01-DEL08-BA;;;
742373;29/12/2025;segunda-feira;13:30:00;PR;376;260,9;CALIFORNIA;Velocidade Incompat�vel;Sa�da de leito carro��vel;Com V�timas Feridas;Pleno dia;Decrescente;Garoa/Chuvisco;Dupla;Curva;N�o;2;0;1;0;1;0;1;1;-23,69691748;-51,33663783;SPRF-PR;DEL07-PR;UOP03-DEL07-PR;;;
742374;29/12/2025;segunda-feira;12:30:00;RJ;40;119;DUQUE DE CAXIAS;Aus�ncia de rea��o do condutor;Queda de ocupante de ve�culo;Com V�timas Feridas;Pleno dia;Decrescente;C�u Claro;Dupla;Reta;Sim;1;0;1;0;0;0;1;1;-22,78282893;-43,28578949;SPRF-RJ;DEL01-RJ;UOP02-DEL01-RJ;;;
742376;29/12/2025;segunda-feira;12:00:00;PE;101;43;IGARASSU;Aus�ncia de rea��o do condutor;Queda de ocupante de ve�culo;Com V�timas Feridas;Pleno dia;Decrescente;C�u Claro;Dupla;Reta;Sim;1;0;1;0;0;0;1;1;-7,84812249;-34,90960794;SPRF-PE;DEL01-PE;UOP02-DEL01-PE;;;
742377;29/12/2025;segunda-feira;14:00:00;AL;104;74,2;MESSIAS;Acessar a via sem observar a presen�a dos outros ve�culos;Colis�o transversal;Com V�timas Feridas;Pleno dia;Crescente;C�u Claro;Dupla;Curva;N�o;2;0;1;0;1;0;1;2;-9,39398211;-35,8383894;SPRF-AL;DEL01-AL;UOP02-DEL01-AL;;;
742378;29/12/2025;segunda-feira;14:21:00;PE;101;43;IGARASSU;Aus�ncia de rea��o do condutor;Engavetamento;Com V�timas Feridas;Pleno dia;Crescente;C�u Claro;M�ltipla;Reta;Sim;4;0;2;0;2;0;2;3;-7,8497401;-34,90960328;SPRF-PE;DEL01-PE;UOP02-DEL01-PE;;;
742379;29/12/2025;segunda-feira;14:38:00;ES;101;262;SERRA;Condutor desrespeitou a ilumina��o vermelha do sem�foro;Colis�o transversal;Com V�timas Feridas;Pleno dia;Crescente;C�u Claro;Dupla;"Retorno Regulamentado;Reta";N�o;2;0;1;0;1;0;1;2;-20,159438;-40,276222;SPRF-ES;DEL02-ES;UOP01-DEL02-ES;;;
742380;29/12/2025;segunda-feira;14:30:00;PR;376;4,7;MANDAGUARI;Condutor deixou de manter dist�ncia do ve�culo da frente;Colis�o traseira;Com V�timas Feridas;Pleno dia;Decrescente;C�u Claro;Simples;Interse��o de Vias;Sim;2;0;1;0;0;1;1;2;-23,52137308;-51,67956797;SPRF-PR;DEL09-PR;UOP01-DEL09-PR;;;
742381;29/12/2025;segunda-feira;14:30:00;DF;20;15;BRASILIA;Condutor deixou de manter dist�ncia do ve�culo da frente;Sa�da de leito carro��vel;Com V�timas Feridas;Pleno dia;Crescente;Chuva;Dupla;"Declive;Em Obras;Reta";Sim;3;0;2;0;1;0;2;1;-15,62344087;-47,72046357;SPRF-DF;DEL02-DF;UOP01-DEL02-DF;;;
742383;29/12/2025;segunda-feira;14:30:00;SC;470;149,8;AGRONOMICA;Retorno proibido;Colis�o transversal;Com V�timas Feridas;Pleno dia;Crescente;Nublado;Simples;Reta;N�o;5;0;1;0;4;0;1;2;-27,2566;-49,71186;SPRF-SC;DEL04-SC;UOP02-DEL04-SC;;;
742384;29/12/2025;segunda-feira;13:30:00;GO;70;2;AGUAS LINDAS DE GOIAS;Chuva;Tombamento;Com V�timas Feridas;Pleno dia;Decrescente;Garoa/Chuvisco;Dupla;Reta;Sim;1;0;1;0;0;0;1;1;-15,770013;-48,230217;SPRF-DF;DEL03-DF;UOP02-DEL03-DF;;;
742386;29/12/2025;segunda-feira;12:00:00;PI;343;440;SAO PEDRO DO PIAUI;Rea��o tardia ou ineficiente do condutor;Sa�da de leito carro��vel;Com V�timas Feridas;Pleno dia;Decrescente;C�u Claro;Simples;"Reta;Interse��o de Vias";N�o;4;0;3;0;1;0;3;1;-5,95892106;-42,72689017;SPRF-PI;DEL01-PI;UOP02-DEL01-PI;;;
742387;29/12/2025;segunda-feira;15:20:00;PR;277;357;GUARAPUAVA;Acessar a via sem observar a presen�a dos outros ve�culos;Colis�o transversal;Com V�timas Feridas;Pleno dia;Crescente;C�u Claro;Simples;Reta;N�o;7;0;2;0;5;0;2;2;-25,399595;-51,538539;SPRF-PR;DEL08-PR;UOP01-DEL08-PR;;;
742388;29/12/2025;segunda-feira;15:15:00;CE;230;57,8;LAVRAS DA MANGABEIRA;Acessar a via sem observar a presen�a dos outros ve�culos;Colis�o transversal;Com V�timas Feridas;Pleno dia;Decrescente;C�u Claro;Simples;Interse��o de Vias;Sim;3;0;0;1;2;0;1;2;-6,75824646;-39,12031889;SPRF-CE;DEL05-CE;UOP01-DEL05-CE;;;
742389;29/12/2025;segunda-feira;14:35:00;BA;324;561;SAO SEBASTIAO DO PASSE;Aus�ncia de rea��o do condutor;Sa�da de leito carro��vel;Com V�timas Feridas;Pleno dia;Decrescente;C�u Claro;Dupla;Reta;N�o;1;0;1;0;0;0;1;1;-12,5044983;-38,6366867;SPRF-BA;DEL01-BA;UOP01-DEL01-BA;;;
742390;29/12/2025;segunda-feira;12:40:00;MG;381;161,5;GOVERNADOR VALADARES;Aus�ncia de rea��o do condutor;Atropelamento de Pedestre;Com V�timas Feridas;Pleno dia;Decrescente;C�u Claro;Simples;Reta;N�o;2;0;0;2;0;0;2;2;-18,92778496;-42,04072774;SPRF-MG;DEL06-MG;UOP01-DEL06-MG;;;
742392;29/12/2025;segunda-feira;15:45:00;PR;376;178;MARINGA;Condutor deixou de manter dist�ncia do ve�culo da frente;Colis�o traseira;Com V�timas Feridas;Pleno dia;Crescente;C�u Claro;M�ltipla;Reta;Sim;3;0;1;1;1;0;2;2;-23,41794;-51,91749;SPRF-PR;DEL09-PR;UOP01-DEL09-PR;;;
742393;29/12/2025;segunda-feira;15:00:00;BA;324;456;AMELIA RODRIGUES;Manobra de mudan�a de faixa;Colis�o lateral mesmo sentido;Com V�timas Feridas;Pleno dia;Decrescente;Sol;Dupla;"Reta;Aclive";N�o;3;0;2;0;1;0;2;2;-12,44212737;-38,72047797;SPRF-BA;DEL04-BA;UOP02-DEL04-BA;;;
742394;29/12/2025;segunda-feira;14:05:00;SC;101;134,7;BALNEARIO CAMBORIU;Aus�ncia de rea��o do condutor;Colis�o traseira;Com V�timas Feridas;Pleno dia;Crescente;C�u Claro;M�ltipla;Reta;Sim;3;0;1;0;2;0;1;2;-27,00418108;-48,62962458;SPRF-SC;DEL04-SC;UOP03-DEL04-SC;;;
742395;29/12/2025;segunda-feira;14:50:00;RJ;40;22;TRES RIOS;Demais falhas mec�nicas ou el�tricas;Tombamento;Com V�timas Feridas;Pleno dia;Crescente;C�u Claro;Dupla;Reta;Sim;2;0;1;1;0;0;2;1;-22,1358956;-43,15944672;SPRF-RJ;DEL05-RJ;UOP02-DEL05-RJ;;;
742396;29/12/2025;segunda-feira;14:45:00;MS;267;1,7;BATAGUASSU;Rea��o tardia ou ineficiente do condutor;Colis�o traseira;Com V�timas Feridas;Pleno dia;Decrescente;C�u Claro;Simples;"Reta;Ponte";N�o;5;0;2;0;3;0;2;2;-21,767193;-52,167138;SPRF-MS;DEL02-MS;UOP04-DEL02-MS;;;
742398;06/12/2025;s�bado;04:00:00;SC;163;98;SAO JOSE DO CEDRO;Condutor Dormindo;Sa�da de leito carro��vel;Com V�timas Feridas;Plena Noite;Decrescente;C�u Claro;Simples;"Declive;Reta";N�o;1;0;0;1;0;0;1;1;-26,50266092;-53,50897372;SPRF-SC;DEL07-SC;UOP03-DEL07-SC;;;
742399;29/12/2025;segunda-feira;15:30:00;SC;280;209,9;TRES BARRAS;Acessar a via sem observar a presen�a dos outros ve�culos;Colis�o transversal;Com V�timas Feridas;Pleno dia;Decrescente;Garoa/Chuvisco;Simples;Reta;N�o;3;0;3;0;0;0;3;2;-26,1739469;-50,1668691;SPRF-SC;DEL06-SC;UOP04-DEL06-SC;;;
742403;29/12/2025;segunda-feira;12:10:00;PR;277;432,2;VIRMOND;Aus�ncia de rea��o do condutor;Sa�da de leito carro��vel;Com V�timas Feridas;Pleno dia;Decrescente;Chuva;Simples;Curva;N�o;2;0;2;0;0;0;2;1;-25,38289;-52,17954;SPRF-PR;DEL04-PR;UOP02-DEL04-PR;;;
742404;29/12/2025;segunda-feira;16:20:00;PB;230;64;SAO MIGUEL DE TAIPU;Acessar a via sem observar a presen�a dos outros ve�culos;Queda de ocupante de ve�culo;Com V�timas Feridas;Pleno dia;Crescente;C�u Claro;Dupla;Reta;N�o;2;0;1;0;0;1;1;2;-7,194127;-35,17573;SPRF-PB;DEL01-PB;UOP02-DEL01-PB;;;
742405;29/12/2025;segunda-feira;16:30:00;ES;101;147,5;LINHARES;Acessar a via sem observar a presen�a dos outros ve�culos;Colis�o traseira;Com V�timas Feridas;Pleno dia;Crescente;C�u Claro;Dupla;Reta;Sim;2;0;1;0;1;0;1;2;-19,38399161;-40,06749916;SPRF-ES;DEL04-ES;UOP01-DEL04-ES;;;
742406;29/12/2025;segunda-feira;16:55:00;RS;290;110;ELDORADO DO SUL;Aus�ncia de rea��o do condutor;Sa�da de leito carro��vel;Com V�timas Feridas;Pleno dia;Decrescente;Nublado;Dupla;Reta;N�o;1;0;1;0;0;0;1;1;-30,035492;-51,3098337;SPRF-RS;DEL02-RS;UOP01-DEL02-RS;;;
742407;29/12/2025;segunda-feira;16:20:00;SP;116;106;TAUBATE;Rea��o tardia ou ineficiente do condutor;Colis�o lateral mesmo sentido;Com V�timas Feridas;Pleno dia;Crescente;C�u Claro;Dupla;Reta;Sim;2;0;1;0;1;0;1;2;-23,00966788;-45,51765025;SPRF-SP;DEL02-SP;UOP02-DEL02-SP;;;
742408;29/12/2025;segunda-feira;13:30:00;PR;376;513;PONTA GROSSA;Condutor Dormindo;Sa�da de leito carro��vel;Com V�timas Feridas;Pleno dia;Crescente;C�u Claro;Dupla;Reta;N�o;8;0;1;0;7;0;1;3;-25,25940295;-49,98203024;SPRF-PR;DEL03-PR;UOP04-DEL03-PR;;;
742409;29/12/2025;segunda-feira;16:00:00;RJ;116;181;NOVA IGUACU;Manobra de mudan�a de faixa;Colis�o lateral mesmo sentido;Com V�timas Feridas;Pleno dia;Decrescente;C�u Claro;Dupla;Reta;N�o;3;0;2;0;0;1;2;2;-22,76211215;-43,42251174;SPRF-RJ;DEL06-RJ;UOP01-DEL06-RJ;;;
742410;29/12/2025;segunda-feira;13:10:00;GO;60;297;ACREUNA;Rea��o tardia ou ineficiente do condutor;Sa�da de leito carro��vel;Com V�timas Feridas;Pleno dia;Decrescente;Sol;Dupla;Reta;N�o;2;0;1;0;1;0;1;1;-17,359837;-50,332625;SPRF-GO;DEL04-GO;UOP02-DEL04-GO;;;
742411;29/12/2025;segunda-feira;17:00:00;PR;277;722,2;FOZ DO IGUACU;Acessar a via sem observar a presen�a dos outros ve�culos;Colis�o frontal;Com V�timas Feridas;Pleno dia;Crescente;Garoa/Chuvisco;Dupla;"Retorno Regulamentado;Reta";Sim;4;0;3;0;0;1;3;3;-25,49154152;-54,51274395;SPRF-PR;DEL05-PR;UOP03-DEL05-PR;;;
742412;29/12/2025;segunda-feira;16:00:00;PR;153;513,1;GENERAL CARNEIRO;Rea��o tardia ou ineficiente do condutor;Colis�o lateral mesmo sentido;Com V�timas Feridas;Pleno dia;Crescente;Nublado;Simples;Reta;N�o;6;0;2;0;4;0;2;2;-26,59251826;-51,4548111;SPRF-PR;DEL02-PR;UOP03-DEL02-PR;;;
742413;29/12/2025;segunda-feira;17:40:00;PE;423;93;GARANHUNS;Acessar a via sem observar a presen�a dos outros ve�culos;Colis�o transversal;Com V�timas Feridas;Anoitecer;Crescente;C�u Claro;Simples;"Reta;Declive";Sim;3;0;2;0;1;0;2;2;-8,871832;-36,466482;SPRF-PE;DEL03-PE;UOP01-DEL03-PE;;;
742414;29/12/2025;segunda-feira;16:00:00;PR;376;370;ORTIGUEIRA;Rea��o tardia ou ineficiente do condutor;Colis�o frontal;Com V�timas Feridas;Pleno dia;Crescente;Garoa/Chuvisco;Simples;Reta;N�o;5;0;0;1;4;0;1;2;-24,363384;-50,807198;SPRF-PR;DEL07-PR;UOP02-DEL07-PR;;;
742415;29/12/2025;segunda-feira;16:30:00;MA;10;253;IMPERATRIZ;Condutor deixou de manter dist�ncia do ve�culo da frente;Colis�o traseira;Com V�timas Feridas;Pleno dia;Crescente;C�u Claro;Simples;Reta;Sim;3;0;1;0;2;0;1;2;-5,518513;-47,471577;SPRF-MA;DEL04-MA;UOP01-DEL04-MA;;;
742416;29/12/2025;segunda-feira;16:00:00;RJ;101;415;MANGARATIBA;Acessar a via sem observar a presen�a dos outros ve�culos;Colis�o transversal;Sem V�timas;Pleno dia;Crescente;C�u Claro;Simples;Reta;N�o;6;0;0;0;6;0;0;2;-22,9408768;-43,9975936;SPRF-RJ;DEL03-RJ;UOP01-DEL03-RJ;;;
742417;29/12/2025;segunda-feira;17:15:00;RN;226;1,3;NATAL;Convers�o proibida;Colis�o lateral sentido oposto;Com V�timas Feridas;Anoitecer;Decrescente;C�u Claro;Simples;Reta;Sim;2;0;0;1;1;0;1;2;-5,809142;-35,243923;SPRF-RN;DEL01-RN;UOP02-DEL01-RN;;;
742421;29/12/2025;segunda-feira;18:10:00;SC;280;57,5;GUARAMIRIM;Chuva;Colis�o com objeto;Com V�timas Feridas;Anoitecer;Decrescente;Chuva;Dupla;Rotat�ria;N�o;1;0;1;0;0;0;1;1;-26,474037;-49,020393;SPRF-SC;DEL03-SC;UOP03-DEL03-SC;;;
742422;29/12/2025;segunda-feira;16:00:00;PR;116;20;CAMPINA GRANDE DO SUL;Rea��o tardia ou ineficiente do condutor;Sa�da de leito carro��vel;Com V�timas Feridas;Pleno dia;Crescente;C�u Claro;Dupla;Curva;N�o;1;0;1;0;0;0;1;1;-25,1274692;-48,85745477;SPRF-PR;DEL01-PR;UOP02-DEL01-PR;;;
742423;29/12/2025;segunda-feira;17:25:00;RS;285;116,4;VACARIA;Acumulo de �gua sobre o pavimento;Sa�da de leito carro��vel;Com V�timas Feridas;Pleno dia;Crescente;Chuva;Simples;Curva;N�o;1;0;1;0;0;0;1;1;-28,51045227;-50,87902514;SPRF-RS;DEL05-RS;UOP03-DEL05-RS;;;
742424;29/12/2025;segunda-feira;16:00:00;PR;116;29;CAMPINA GRANDE DO SUL;Chuva;Colis�o com objeto;Com V�timas Feridas;Pleno dia;Decrescente;Chuva;Dupla;"Declive;Curva";N�o;4;0;4;0;0;0;4;1;-25,112188;-48,814941;SPRF-PR;DEL01-PR;UOP02-DEL01-PR;;;
742425;29/12/2025;segunda-feira;18:50:00;ES;101;57;SAO MATEUS;Condutor deixou de manter dist�ncia do ve�culo da frente;Colis�o traseira;Sem V�timas;Anoitecer;Decrescente;C�u Claro;Simples;Reta;N�o;6;0;0;0;6;0;0;2;-18,64902496;-39,8734173;SPRF-ES;DEL04-ES;UOP02-DEL04-ES;;;
742426;29/12/2025;segunda-feira;16:50:00;RJ;40;15;TRES RIOS;Chuva;Tombamento;Com V�timas Feridas;Pleno dia;Crescente;Chuva;Dupla;"Declive;Curva";N�o;1;0;0;1;0;0;1;1;-22,07409181;-43,18298796;SPRF-RJ;DEL05-RJ;UOP02-DEL05-RJ;;;
742428;29/12/2025;segunda-feira;16:00:00;PR;116;22;ANTONINA;Chuva;Sa�da de leito carro��vel;Com V�timas Feridas;Pleno dia;Crescente;Chuva;Dupla;"Declive;Curva";N�o;2;0;2;0;0;0;2;1;-25,11112;-48,750844;SPRF-PR;DEL01-PR;UOP02-DEL01-PR;;;
742429;29/12/2025;segunda-feira;18:30:00;CE;20;326,1;CARIDADE;Acessar a via sem observar a presen�a dos outros ve�culos;Colis�o lateral mesmo sentido;Com V�timas Feridas;Plena Noite;Decrescente;C�u Claro;Simples;"Interse��o de Vias;Reta";Sim;2;0;1;0;1;0;1;2;-4,228893;-39,19808;SPRF-CE;DEL02-CE;UOP01-DEL02-CE;;;
742432;29/12/2025;segunda-feira;17:30:00;MT;364;307;JACIARA;Chuva;Sa�da de leito carro��vel;Com V�timas Feridas;Pleno dia;Decrescente;Chuva;Dupla;Reta;N�o;5;0;0;1;4;0;1;1;-15,817752;-55,224352;SPRF-MT;DEL05-MT;UOP02-DEL05-MT;;;
742434;29/12/2025;segunda-feira;19:40:00;RN;101;104;PARNAMIRIM;Manobra de mudan�a de faixa;Queda de ocupante de ve�culo;Com V�timas Feridas;Plena Noite;Crescente;C�u Claro;M�ltipla;Aclive;Sim;1;0;1;0;0;0;1;1;-5,89170082;-35,25602818;SPRF-RN;DEL01-RN;UOP01-DEL01-RN;;;
742436;29/12/2025;segunda-feira;19:20:00;SE;101;148,8;ESTANCIA;Acessar a via sem observar a presen�a dos outros ve�culos;Colis�o transversal;Com V�timas Feridas;Plena Noite;Decrescente;C�u Claro;Simples;"Reta;Declive";Sim;2;0;2;0;0;0;2;2;-11,24458688;-37,43328519;SPRF-SE;DEL02-SE;UOP01-DEL02-SE;;;
742438;29/12/2025;segunda-feira;19:00:00;MA;222;337;IGARAPE DO MEIO;Animais na Pista;Atropelamento de Animal;Com V�timas Feridas;Plena Noite;Crescente;Garoa/Chuvisco;Simples;Reta;N�o;2;0;1;0;1;0;1;1;-3,648432;-45,200177;SPRF-MA;DEL02-MA;UOP01-DEL02-MA;;;
742439;29/12/2025;segunda-feira;19:30:00;DF;20;12,6;BRASILIA;Demais falhas mec�nicas ou el�tricas;Queda de ocupante de ve�culo;Com V�timas Feridas;Plena Noite;Crescente;C�u Claro;Dupla;"Retorno Regulamentado;Reta";Sim;2;0;2;0;0;0;2;1;-15,64082428;-47,75364286;SPRF-DF;DEL02-DF;UOP01-DEL02-DF;;;
742441;29/12/2025;segunda-feira;17:30:00;DF;70;2;BRASILIA;Manobra de mudan�a de faixa;Colis�o lateral mesmo sentido;Com V�timas Feridas;Anoitecer;Decrescente;C�u Claro;Dupla;Reta;Sim;3;0;1;0;2;0;1;2;-15,798644;-48,073944;SPRF-DF;DEL03-DF;UOP02-DEL03-DF;;;
742442;29/12/2025;segunda-feira;19:00:00;MS;163;486;CAMPO GRANDE;Pedestre - Ingest�o de �lcool/ subst�ncias psicoativas;Atropelamento de Pedestre;Com V�timas Feridas;Plena Noite;Crescente;C�u Claro;Simples;"Reta;Declive";Sim;2;0;1;1;0;0;2;2;-20,43286235;-54,54376571;SPRF-MS;DEL01-MS;UOP02-DEL01-MS;;;
742444;29/12/2025;segunda-feira;19:10:00;PR;158;519;PATO BRANCO;Chuva;Sa�da de leito carro��vel;Com V�timas Feridas;Plena Noite;Decrescente;Chuva;Simples;Reta;N�o;2;0;1;0;1;0;1;1;-26,10096;-52,64349444;SPRF-PR;DEL02-PR;UOP01-DEL02-PR;;;
742446;29/12/2025;segunda-feira;20:15:00;ES;101;298;VIANA;Aus�ncia de rea��o do condutor;Colis�o traseira;Com V�timas Feridas;Plena Noite;Decrescente;C�u Claro;Simples;Reta;Sim;3;0;1;0;2;0;1;2;-20,352752;-40,41464;SPRF-ES;DEL01-ES;UOP01-DEL01-ES;;;
742447;29/12/2025;segunda-feira;20:00:00;MG;381;743,5;TRES CORACOES;Aus�ncia de rea��o do condutor;Sa�da de leito carro��vel;Com V�timas Feridas;Plena Noite;Decrescente;C�u Claro;Dupla;Reta;N�o;2;0;1;0;1;0;1;1;-21,6038;-45,23973;SPRF-MG;DEL16-MG;UOP02-DEL16-MG;;;
742448;29/12/2025;segunda-feira;17:15:00;MG;267;64,5;BICAS;Rea��o tardia ou ineficiente do condutor;Sa�da de leito carro��vel;Com V�timas Feridas;Pleno dia;Decrescente;Chuva;Simples;Curva;N�o;7;0;7;0;0;0;7;1;-21,741503;-43,106136;SPRF-MG;DEL05-MG;UOP01-DEL05-MG;;;
742451;29/12/2025;segunda-feira;19:10:00;RJ;101;327;RIO DE JANEIRO;Aus�ncia de rea��o do condutor;Colis�o lateral mesmo sentido;Com V�timas Feridas;Plena Noite;Decrescente;C�u Claro;Dupla;Reta;Sim;2;0;0;1;1;0;1;2;-22,87038935;-43,16577917;SPRF-RJ;DEL02-RJ;UOP01-DEL02-RJ;;;
742452;29/12/2025;segunda-feira;20:00:00;CE;116;25,5;AQUIRAZ;Pedestre - Ingest�o de �lcool/ subst�ncias psicoativas;Atropelamento de Pedestre;Com V�timas Feridas;Plena Noite;Decrescente;C�u Claro;Dupla;Reta;Sim;4;0;1;0;3;0;1;2;-3,97424652;-38,51431489;SPRF-CE;DEL01-CE;UOP02-DEL01-CE;;;
742456;29/12/2025;segunda-feira;20:30:00;GO;70;5,7;AGUAS LINDAS DE GOIAS;Aus�ncia de rea��o do condutor;Colis�o traseira;Sem V�timas;Plena Noite;Decrescente;C�u Claro;Dupla;Reta;Sim;2;0;0;0;0;2;0;2;-15,752115;-48,260014;SPRF-DF;DEL03-DF;UOP02-DEL03-DF;;;
742457;29/12/2025;segunda-feira;21:10:00;RS;116;267;CANOAS;Aus�ncia de rea��o do condutor;Queda de ocupante de ve�culo;Com V�timas Feridas;Plena Noite;Crescente;C�u Claro;M�ltipla;Reta;N�o;1;0;1;0;0;0;1;1;-29,93900472;-51,17722241;SPRF-RS;DEL01-RS;UOP01-DEL01-RS;;;
742458;29/12/2025;segunda-feira;18:30:00;PR;277;32,8;MORRETES;Rea��o tardia ou ineficiente do condutor;Colis�o com objeto;Sem V�timas;Anoitecer;Decrescente;C�u Claro;Dupla;"Declive;Reta";N�o;1;0;0;0;0;1;0;1;-25,567758;-48,811273;SPRF-PR;DEL01-PR;UOP05-DEL01-PR;;;
742460;29/12/2025;segunda-feira;21:30:00;SP;116;195;ARUJA;Transitar na contram�o;Atropelamento de Pedestre;Com V�timas Feridas;Plena Noite;Crescente;C�u Claro;Dupla;Reta;N�o;2;0;2;0;0;0;2;2;-23,388582;-46,275562;SPRF-SP;DEL01-SP;UOP01-DEL01-SP;;;
742461;29/12/2025;segunda-feira;19:50:00;AL;423;67;AGUA BRANCA;Animais na Pista;Atropelamento de Animal;Com V�timas Feridas;Plena Noite;Crescente;C�u Claro;Simples;Reta;N�o;4;0;1;3;0;0;4;1;-9,30259;-37,879052;SPRF-AL;DEL03-AL;UOP02-DEL03-AL;;;
742462;29/12/2025;segunda-feira;21:30:00;MG;40;450,6;CAETANOPOLIS;Entrada inopinada do pedestre;Atropelamento de Pedestre;Com V�timas Feridas;Plena Noite;Decrescente;Nublado;Dupla;Curva;N�o;2;0;0;1;1;0;1;2;-19,32031463;-44,36564818;SPRF-MG;DEL02-MG;UOP01-DEL02-MG;;;
742463;29/12/2025;segunda-feira;19:30:00;SC;282;183;BOCAINA DO SUL;Chuva;Colis�o traseira;Com V�timas Feridas;Plena Noite;Decrescente;Chuva;Simples;"Reta;Declive";N�o;3;0;1;0;2;0;1;2;-27,733428;-49,970278;SPRF-SC;DEL05-SC;UOP01-DEL05-SC;;;
742464;29/12/2025;segunda-feira;18:10:00;RJ;116;275;BARRA MANSA;Pedestre andava na pista;Atropelamento de Pedestre;Com V�timas Feridas;Plena Noite;Decrescente;Nublado;Dupla;Reta;Sim;2;0;1;0;0;1;1;2;-22,56273842;-44,15835265;SPRF-RJ;DEL07-RJ;UOP02-DEL07-RJ;;;
742465;29/12/2025;segunda-feira;22:13:00;TO;153;138;ARAGUAINA;Ingest�o de �lcool pelo condutor;Queda de ocupante de ve�culo;Com V�timas Feridas;Plena Noite;Decrescente;C�u Claro;Dupla;Reta;Sim;1;0;1;0;0;0;1;1;-7,15571;-48,204268;SPRF-TO;DEL02-TO;UOP01-DEL02-TO;;;
742466;29/12/2025;segunda-feira;19:00:00;RO;364;224;CACOAL;Desrespeitar a prefer�ncia no cruzamento;Colis�o transversal;Com V�timas Feridas;Plena Noite;Crescente;Nublado;Simples;Interse��o de Vias;Sim;2;0;1;0;0;1;1;2;-11,509918;-61,360753;SPRF-RO;DEL02-RO;UOP02-DEL02-RO;;;
742467;29/12/2025;segunda-feira;23:20:00;SC;101;197,2;BIGUACU;Rea��o tardia ou ineficiente do condutor;Colis�o frontal;Com V�timas Feridas;Plena Noite;Crescente;Chuva;M�ltipla;"Reta;Declive";Sim;3;0;0;2;1;0;2;2;-27,5209235;-48,63787355;SPRF-SC;DEL01-SC;UOP01-DEL01-SC;;;
742468;25/11/2025;ter�a-feira;18:56:00;PA;163;310;NOVO PROGRESSO;Manobra de mudan�a de faixa;Colis�o traseira;Com V�timas Feridas;Plena Noite;Crescente;C�u Claro;Simples;Reta;Sim;2;0;1;0;0;1;1;2;-7,045306;-55,412611;SPRF-PA;DEL05-PA;UOP03-DEL05-PA;;;
742470;29/12/2025;segunda-feira;23:00:00;SC;101;106,4;PENHA;Aus�ncia de rea��o do condutor;Tombamento;Com V�timas Feridas;Plena Noite;Crescente;Chuva;Dupla;Reta;N�o;2;0;2;0;0;0;2;1;-26,81023944;-48,68285466;SPRF-SC;DEL03-SC;UOP02-DEL03-SC;;;
742473;30/12/2025;ter�a-feira;00:07:00;GO;153;436,7;ANAPOLIS;Ingest�o de �lcool pelo condutor;Colis�o com objeto;Com V�timas Feridas;Plena Noite;Decrescente;C�u Claro;Dupla;Desvio Tempor�rio;N�o;1;0;0;1;0;0;1;1;-16,298707;-48,928337;SPRF-GO;DEL02-GO;UOP01-DEL02-GO;;;
742475;30/12/2025;ter�a-feira;00:05:00;BA;116;342;TEOFILANDIA;Acessar a via sem observar a presen�a dos outros ve�culos;Colis�o transversal;Com V�timas Fatais;Plena Noite;Decrescente;C�u Claro;Simples;Reta;N�o;2;1;0;0;1;0;0;2;-11,520137;-38,993788;SPRF-BA;DEL02-BA;UOP01-DEL02-BA;;;