id;data_inversa;dia_semana;horario;uf;br;km;municipio;causa_acidente;tipo_acidente;classificacao_acidente;fase_dia;sentido_via;condicao_metereologica;tipo_pista;tracado_via;uso_solo;pessoas;mortos;feridos_leves;feridos_graves;ilesos;ignorados;feridos;veiculos;latitude;longitude;regional;delegacia;uop;;;
742479;30/12/2025;ter�a-feira;01:00:00;SC;101;112;ITAJAI;Rea��o tardia ou ineficiente do condutor;Tombamento;Com V�timas Feridas;Plena Noite;Crescente;Chuva;M�ltipla;Reta;N�o;2;0;1;1;0;0;2;1;-26,84628983;-48,72156568;SPRF-SC;DEL04-SC;UOP04-DEL04-SC;;;
742480;30/12/2025;ter�a-feira;00:50:00;PR;376;321;ORTIGUEIRA;Aus�ncia de rea��o do condutor;Colis�o frontal;Sem V�timas;Plena Noite;Decrescente;Nublado;Simples;Reta;N�o;4;0;0;0;3;1;0;2;-24,05621;-51,06298;SPRF-PR;DEL07-PR;UOP02-DEL07-PR;;;
742481;30/12/2025;ter�a-feira;01:20:00;MG;365;623,9;UBERLANDIA;Aus�ncia de rea��o do condutor;Tombamento;Com V�timas Feridas;Plena Noite;Decrescente;C�u Claro;Dupla;Reta;Sim;1;0;0;1;0;0;1;1;-18,905296;-48,292123;SPRF-MG;DEL15-MG;UOP01-DEL15-MG;;;
742483;30/12/2025;ter�a-feira;02:10:00;MG;381;925,5;ITAPEVA;Ingest�o de �lcool pelo condutor;Sa�da de leito carro��vel;Sem V�timas;Plena Noite;Crescente;Chuva;Dupla;"Aclive;Curva";N�o;1;0;0;0;1;0;0;1;-22,77034;-46,20437;SPRF-MG;DEL16-MG;UOP03-DEL16-MG;;;
742484;30/12/2025;ter�a-feira;02:40:00;MG;381;824;CAREACU;Condutor Dormindo;Capotamento;Com V�timas Feridas;Plena Noite;Decrescente;Nublado;Dupla;Reta;N�o;5;0;1;0;4;0;1;1;-21,99486398;-45,67325592;SPRF-MG;DEL16-MG;UOP02-DEL16-MG;;;
742485;30/12/2025;ter�a-feira;02:35:00;SP;381;61;MAIRIPORA;Aus�ncia de rea��o do condutor;Colis�o com objeto;Com V�timas Feridas;Plena Noite;Crescente;Chuva;Dupla;"Declive;Curva";Sim;1;0;0;1;0;0;1;1;-23,290972;-46,579986;SPRF-SP;DEL03-SP;UOP01-DEL03-SP;;;
742487;30/12/2025;ter�a-feira;02:40:00;RO;421;17;MONTE NEGRO;Ingest�o de �lcool pelo condutor;Colis�o transversal;Sem V�timas;Plena Noite;Decrescente;C�u Claro;Simples;Reta;N�o;4;0;0;0;4;0;0;2;-10,0143209;-63,1644287;SPRF-RO;DEL03-RO;UOP01-DEL03-RO;;;
742488;30/12/2025;ter�a-feira;01:10:00;SP;116;7;QUELUZ;Condutor Dormindo;Queda de ocupante de ve�culo;Com V�timas Feridas;Plena Noite;Decrescente;Nublado;Dupla;Reta;N�o;1;0;0;1;0;0;1;1;-22,53661566;-44,76363972;SPRF-SP;DEL08-SP;UOP02-DEL08-SP;;;
742490;30/12/2025;ter�a-feira;05:40:00;PB;230;41,8;SANTA RITA;Animais na Pista;Atropelamento de Animal;Com V�timas Feridas;Amanhecer;Decrescente;Sol;Dupla;Curva;N�o;1;0;0;1;0;0;1;1;-7,14210999;-34,99324369;SPRF-PB;DEL01-PB;UOP02-DEL01-PB;;;
742491;29/12/2025;segunda-feira;16:13:00;BA;116;574;BREJOES;Condutor deixou de manter dist�ncia do ve�culo da frente;Colis�o traseira;Com V�timas Feridas;Pleno dia;Decrescente;C�u Claro;Simples;Reta;Sim;2;0;1;0;1;0;1;2;-12,93771456;-39,9061203;SPRF-BA;DEL03-BA;UOP02-DEL03-BA;;;
742493;30/12/2025;ter�a-feira;05:30:00;MG;381;832,8;ITAPEVA;Rea��o tardia ou ineficiente do condutor;Sa�da de leito carro��vel;Com V�timas Feridas;Amanhecer;Decrescente;Chuva;Dupla;Curva;N�o;3;0;2;0;1;0;2;1;-22,7672064;-46,219264;SPRF-MG;DEL16-MG;UOP01-DEL16-MG;;;
742494;30/12/2025;ter�a-feira;05:40:00;SC;470;155,2;TROMBUDO CENTRAL;Rea��o tardia ou ineficiente do condutor;Colis�o frontal;Com V�timas Fatais;Amanhecer;Decrescente;Garoa/Chuvisco;Simples;Curva;N�o;9;1;3;3;1;1;6;4;-27,2792;-49,7558;SPRF-SC;DEL04-SC;UOP02-DEL04-SC;;;
742496;30/12/2025;ter�a-feira;05:40:00;SP;116;161;JACAREI;Aus�ncia de rea��o do condutor;Colis�o com objeto;Com V�timas Feridas;Amanhecer;Crescente;Garoa/Chuvisco;Dupla;Reta;Sim;2;0;1;0;1;0;1;2;-23,273665;-45,971631;SPRF-SP;DEL02-SP;UOP01-DEL02-SP;;;
742497;29/12/2025;segunda-feira;18:50:00;SP;488;2,4;APARECIDA;Acessar a via sem observar a presen�a dos outros ve�culos;Colis�o transversal;Com V�timas Feridas;Plena Noite;Crescente;C�u Claro;Dupla;Reta;Sim;3;0;2;0;1;0;2;2;-22,85803886;-45,23319008;SPRF-SP;DEL08-SP;UOP01-DEL08-SP;;;
742498;30/12/2025;ter�a-feira;05:20:00;MG;381;559;ITAGUARA;Chuva;Sa�da de leito carro��vel;Com V�timas Feridas;Amanhecer;Crescente;Chuva;Dupla;"Declive;Curva";N�o;2;0;0;1;1;0;1;1;-20,33137995;-44,45229721;SPRF-MG;DEL04-MG;UOP03-DEL04-MG;;;
742502;30/12/2025;ter�a-feira;06:00:00;SP;116;137;SAO JOSE DOS CAMPOS;Rea��o tardia ou ineficiente do condutor;Colis�o traseira;Com V�timas Feridas;Pleno dia;Decrescente;C�u Claro;Dupla;Reta;N�o;2;0;1;0;1;0;1;2;-23,15677542;-45,79307556;SPRF-SP;DEL02-SP;UOP01-DEL02-SP;;;
742503;30/12/2025;ter�a-feira;06:10:00;ES;101;297,5;VIANA;Manobra de mudan�a de faixa;Colis�o traseira;Com V�timas Feridas;Pleno dia;Crescente;C�u Claro;Dupla;Reta;N�o;2;0;1;0;1;0;1;2;-20,35135114;-40,4134318;SPRF-ES;DEL01-ES;UOP01-DEL01-ES;;;
742504;30/12/2025;ter�a-feira;06:20:00;RS;386;432;NOVA SANTA RITA;Aus�ncia de rea��o do condutor;Tombamento;Com V�timas Feridas;Pleno dia;Crescente;Sol;Simples;Reta;N�o;2;0;2;0;0;0;2;1;-29,83940528;-51,30061325;SPRF-RS;DEL04-RS;UOP02-DEL04-RS;;;
742505;30/12/2025;ter�a-feira;05:00:00;SP;153;215,6;GUAIMBE;Rea��o tardia ou ineficiente do condutor;Eventos at�picos;Sem V�timas;Amanhecer;Decrescente;Ignorado;Simples;Reta;N�o;1;0;0;0;0;1;0;1;-21,9550796;-49,9226659;SPRF-SP;DEL07-SP;UOP02-DEL07-SP;;;
742506;30/12/2025;ter�a-feira;07:00:00;RJ;40;108;DUQUE DE CAXIAS;Pista Escorregadia;Queda de ocupante de ve�culo;Com V�timas Feridas;Pleno dia;Decrescente;C�u Claro;Dupla;Curva;Sim;1;0;1;0;0;0;1;1;-22,6719828;-43,2845762;SPRF-RJ;DEL01-RJ;UOP02-DEL01-RJ;;;
742507;30/12/2025;ter�a-feira;08:00:00;PR;116;106;SAO JOSE DOS PINHAIS;Demais falhas mec�nicas ou el�tricas;Tombamento;Com V�timas Feridas;Pleno dia;Decrescente;C�u Claro;Dupla;Reta;N�o;2;0;1;0;1;0;1;1;-25,569851;-49,221354;SPRF-PR;DEL01-PR;UOP03-DEL01-PR;;;
742508;30/12/2025;ter�a-feira;07:15:00;RN;226;15,9;MACAIBA;Condutor deixou de manter dist�ncia do ve�culo da frente;Colis�o lateral mesmo sentido;Com V�timas Feridas;Pleno dia;Decrescente;Sol;Simples;Reta;Sim;3;0;2;0;1;0;2;2;-5,862647;-35,342733;SPRF-RN;DEL01-RN;UOP02-DEL01-RN;;;
742509;30/12/2025;ter�a-feira;06:35:00;GO;60;293;ACREUNA;Avarias e/ou desgaste excessivo no pneu;Tombamento;Com V�timas Feridas;Amanhecer;Decrescente;C�u Claro;Dupla;Reta;N�o;2;0;1;0;1;0;1;1;-17,333082;-50,303087;SPRF-GO;DEL04-GO;UOP02-DEL04-GO;;;
742511;27/12/2025;s�bado;02:35:00;SC;101;236;PALHOCA;Aus�ncia de rea��o do condutor;Tombamento;Sem V�timas;Plena Noite;Crescente;Chuva;Simples;Curva;N�o;1;0;0;0;0;1;0;1;-27,82678959;-48,63113165;SPRF-SC;DEL01-SC;UOP02-DEL01-SC;;;
742513;30/12/2025;ter�a-feira;08:30:00;SC;101;208,9;SAO JOSE;Acessar a via sem observar a presen�a dos outros ve�culos;Colis�o lateral mesmo sentido;Com V�timas Feridas;Pleno dia;Crescente;Garoa/Chuvisco;Simples;"Interse��o de Vias;Reta";N�o;2;0;1;0;1;0;1;2;-27,60483417;-48,63335252;SPRF-SC;DEL01-SC;UOP01-DEL01-SC;;;
742514;30/12/2025;ter�a-feira;08:30:00;SC;101;206;SAO JOSE;Rea��o tardia ou ineficiente do condutor;Colis�o traseira;Com V�timas Feridas;Pleno dia;Crescente;Garoa/Chuvisco;Dupla;Reta;N�o;2;0;1;0;1;0;1;2;-27,59921;-48,621861;SPRF-SC;DEL01-SC;UOP01-DEL01-SC;;;
742516;30/12/2025;ter�a-feira;08:54:00;MT;70;134,6;BARRA DO GARCAS;Ultrapassagem Indevida;Colis�o frontal;Com V�timas Feridas;Pleno dia;Crescente;C�u Claro;Simples;Aclive;N�o;7;0;5;0;2;0;5;2;-15,85230895;-52,34188199;SPRF-MT;DEL07-MT;UOP01-DEL07-MT;;;
742518;30/12/2025;ter�a-feira;07:30:00;SP;381;90;GUARULHOS;Manobra de mudan�a de faixa;Colis�o lateral mesmo sentido;Com V�timas Feridas;Pleno dia;Crescente;C�u Claro;Dupla;Reta;Sim;3;0;2;0;1;0;2;2;-23,48995854;-46,55943481;SPRF-SP;DEL03-SP;UOP01-DEL03-SP;;;
742520;30/12/2025;ter�a-feira;09:01:00;ES;101;204,8;JOAO NEIVA;Aus�ncia de rea��o do condutor;Colis�o transversal;Com V�timas Feridas;Pleno dia;Crescente;C�u Claro;Simples;Interse��o de Vias;Sim;4;0;3;0;1;0;3;2;-19,75569886;-40,38003355;SPRF-ES;DEL02-ES;UOP01-DEL02-ES;;;
742521;30/12/2025;ter�a-feira;08:20:00;BA;101;192;CONCEICAO DA FEIRA;Acessar a via sem observar a presen�a dos outros ve�culos;Colis�o transversal;Com V�timas Feridas;Pleno dia;Decrescente;C�u Claro;Dupla;"Reta;Interse��o de Vias";N�o;5;0;0;1;4;0;1;2;-12,51926259;-38,97063147;SPRF-BA;DEL01-BA;UOP03-DEL01-BA;;;
742522;30/12/2025;ter�a-feira;08:50:00;SC;101;119;ITAJAI;Aus�ncia de rea��o do condutor;Engavetamento;Com V�timas Feridas;Pleno dia;Decrescente;Nublado;M�ltipla;Reta;N�o;4;0;2;0;2;0;2;3;-26,91127886;-48,71226311;SPRF-SC;DEL04-SC;UOP04-DEL04-SC;;;
742526;30/12/2025;ter�a-feira;06:45:00;RJ;40;122;DUQUE DE CAXIAS;Trafegar com motocicleta (ou similar) entre as faixas;Colis�o traseira;Com V�timas Feridas;Pleno dia;Crescente;C�u Claro;Dupla;Reta;N�o;2;0;1;0;1;0;1;2;-22,79068142;-43,28569196;SPRF-RJ;DEL01-RJ;UOP02-DEL01-RJ;;;
742527;30/12/2025;ter�a-feira;05:30:00;MG;381;926;POUSO ALEGRE;Rea��o tardia ou ineficiente do condutor;Sa�da de leito carro��vel;Com V�timas Feridas;Amanhecer;Decrescente;Chuva;Dupla;Curva;N�o;1;0;1;0;0;0;1;1;-22,2546085;-45,9289404;SPRF-MG;DEL16-MG;UOP03-DEL16-MG;;;
742528;30/12/2025;ter�a-feira;08:10:00;SC;282;469;PONTE SERRADA;Rea��o tardia ou ineficiente do condutor;Sa�da de leito carro��vel;Com V�timas Feridas;Pleno dia;Decrescente;C�u Claro;Simples;Reta;N�o;3;0;2;0;1;0;2;1;-26,854591;-52,094107;SPRF-SC;DEL07-SC;UOP04-DEL07-SC;;;
742529;30/12/2025;ter�a-feira;09:00:00;PA;316;111;SANTA MARIA DO PARA;Acessar a via sem observar a presen�a dos outros ve�culos;Colis�o transversal;Com V�timas Feridas;Pleno dia;Crescente;C�u Claro;Simples;Reta;N�o;4;0;2;0;2;0;2;2;-1,316565;-47,511173;SPRF-PA;DEL01-PA;UOP02-DEL01-PA;;;
742530;30/12/2025;ter�a-feira;09:00:00;RS;386;215,2;TIO HUGO;Acessar a via sem observar a presen�a dos outros ve�culos;Colis�o transversal;Com V�timas Feridas;Pleno dia;Crescente;Nublado;Simples;"Interse��o de Vias;Reta";Sim;7;0;2;1;4;0;3;2;-28,57839266;-52,59714095;SPRF-RS;DEL04-RS;UOP03-DEL04-RS;;;
742531;30/12/2025;ter�a-feira;09:30:00;PR;277;495,1;NOVA LARANJEIRAS;Condutor Dormindo;Colis�o lateral sentido oposto;Com V�timas Feridas;Pleno dia;Crescente;C�u Claro;Simples;"Reta;Declive";Sim;4;0;0;1;3;0;1;2;-25,2147508;-52,6536437;SPRF-PR;DEL04-PR;UOP04-DEL04-PR;;;
742532;30/12/2025;ter�a-feira;09:50:00;ES;262;66;MARECHAL FLORIANO;Condutor deixou de manter dist�ncia do ve�culo da frente;Colis�o traseira;Com V�timas Feridas;Pleno dia;Decrescente;Sol;Simples;Reta;N�o;3;0;1;0;2;0;1;2;-20,414075;-40,839181;SPRF-ES;DEL01-ES;UOP02-DEL01-ES;;;
742534;30/12/2025;ter�a-feira;10:10:00;RJ;116;297;PORTO REAL;Aus�ncia de rea��o do condutor;Queda de ocupante de ve�culo;Com V�timas Feridas;Pleno dia;Crescente;C�u Claro;Dupla;Curva;N�o;1;0;1;0;0;0;1;1;-22,45097084;-44,30962354;SPRF-RJ;DEL07-RJ;UOP02-DEL07-RJ;;;
742535;20/12/2025;s�bado;10:30:00;SC;280;58;GUARAMIRIM;Manobra de mudan�a de faixa;Colis�o lateral mesmo sentido;Com V�timas Feridas;Pleno dia;Decrescente;C�u Claro;Dupla;Curva;Sim;2;0;0;1;1;0;1;2;-26,47422251;-49,02096391;SPRF-SC;DEL03-SC;UOP03-DEL03-SC;;;
742536;30/12/2025;ter�a-feira;08:05:00;RJ;101;326;NITEROI;Trafegar com motocicleta (ou similar) entre as faixas;Colis�o traseira;Com V�timas Feridas;Pleno dia;Decrescente;C�u Claro;M�ltipla;"Reta;Declive";N�o;3;0;1;0;1;1;1;2;-22,8725177;-43,14086437;SPRF-RJ;DEL02-RJ;UOP01-DEL02-RJ;;;
742537;30/12/2025;ter�a-feira;09:55:00;PE;101;75,2;RECIFE;Condutor deixou de manter dist�ncia do ve�culo da frente;Tombamento;Com V�timas Feridas;Pleno dia;Crescente;Sol;Dupla;Reta;Sim;1;0;1;0;0;0;1;1;-8,11185;-34,94575;SPRF-PE;DEL01-PE;UOP01-DEL01-PE;;;
742538;29/12/2025;segunda-feira;16:00:00;PR;376;653,4;TIJUCAS DO SUL;Condutor deixou de manter dist�ncia do ve�culo da frente;Colis�o traseira;Sem V�timas;Pleno dia;Decrescente;C�u Claro;Dupla;"Declive;Curva";N�o;7;0;0;0;7;0;0;2;-25,84269383;-49,0508008;SPRF-PR;DEL01-PR;UOP04-DEL01-PR;;;
742539;30/12/2025;ter�a-feira;10:00:00;MG;116;115,2;ITAOBIM;Convers�o proibida;Colis�o transversal;Com V�timas Feridas;Pleno dia;Decrescente;C�u Claro;Simples;"Interse��o de Vias;Declive;Reta";Sim;2;0;1;0;1;0;1;2;-16,558633;-41,502512;SPRF-MG;DEL11-MG;UOP02-DEL11-MG;;;
742540;30/12/2025;ter�a-feira;10:25:00;RJ;101;503,5;ANGRA DOS REIS;Acessar a via sem observar a presen�a dos outros ve�culos;Colis�o transversal;Com V�timas Feridas;Pleno dia;Decrescente;Sol;Simples;Reta;N�o;2;0;1;0;1;0;1;2;-22,93078;-44,38445;SPRF-RJ;DEL03-RJ;UOP03-DEL03-RJ;;;
742541;30/12/2025;ter�a-feira;10:00:00;PR;277;180;PALMEIRA;Rea��o tardia ou ineficiente do condutor;Colis�o lateral mesmo sentido;Sem V�timas;Pleno dia;Decrescente;C�u Claro;Simples;"Reta;Declive";N�o;1;0;0;0;1;0;0;1;-25,42920666;-50,03177827;SPRF-PR;DEL08-PR;UOP02-DEL08-PR;;;
742542;30/12/2025;ter�a-feira;10:30:00;BA;324;554;AMELIA RODRIGUES;Aus�ncia de rea��o do condutor;Colis�o traseira;Com V�timas Feridas;Pleno dia;Crescente;Sol;Dupla;"Reta;Aclive";N�o;2;0;1;0;1;0;1;2;-12,4682661;-38,6862081;SPRF-BA;DEL01-BA;UOP03-DEL01-BA;;;
742543;30/12/2025;ter�a-feira;10:30:00;MS;163;25,9;MUNDO NOVO;Acessar a via sem observar a presen�a dos outros ve�culos;Colis�o transversal;Com V�timas Feridas;Pleno dia;Crescente;C�u Claro;Simples;Reta;N�o;4;0;1;0;3;0;1;2;-23,88330671;-54,31777954;SPRF-MS;DEL09-MS;UOP02-DEL09-MS;;;
742544;30/12/2025;ter�a-feira;08:45:00;RO;364;98;PIMENTA BUENO;Ultrapassagem Indevida;Colis�o frontal;Com V�timas Feridas;Pleno dia;Crescente;Chuva;Simples;"Reta;Aclive";N�o;6;0;1;0;5;0;1;2;-12,2360606;-60,6813179;SPRF-RO;DEL04-RO;UOP01-DEL04-RO;;;
742545;26/11/2025;quarta-feira;16:10:00;RO;425;60;NOVA MAMORE;Rea��o tardia ou ineficiente do condutor;Colis�o traseira;Com V�timas Feridas;Pleno dia;Decrescente;C�u Claro;Simples;Reta;N�o;4;0;1;0;3;0;1;2;-10,24782397;-65,28799117;SPRF-RO;DEL01-RO;UOP03-DEL01-RO;;;
742547;30/12/2025;ter�a-feira;11:30:00;RN;101;105;PARNAMIRIM;Manobra de mudan�a de faixa;Colis�o lateral mesmo sentido;Com V�timas Feridas;Pleno dia;Decrescente;C�u Claro;Dupla;Reta;Sim;2;0;1;0;1;0;1;2;-5,899647;-35,259055;SPRF-RN;DEL01-RN;UOP01-DEL01-RN;;;
742548;30/12/2025;ter�a-feira;11:50:00;ES;101;64,5;SAO MATEUS;Manobra de mudan�a de faixa;Colis�o traseira;Com V�timas Feridas;Pleno dia;Decrescente;C�u Claro;M�ltipla;Reta;Sim;3;0;1;1;1;0;2;2;-18,71551015;-39,87595081;SPRF-ES;DEL04-ES;UOP02-DEL04-ES;;;
742549;30/12/2025;ter�a-feira;08:45:00;RJ;116;110;GUAPIMIRIM;Rea��o tardia ou ineficiente do condutor;Tombamento;Com V�timas Feridas;Pleno dia;Decrescente;C�u Claro;Simples;Reta;N�o;1;0;1;0;0;0;1;1;-22,55148023;-42,98996544;SPRF-RJ;DEL04-RJ;UOP02-DEL04-RJ;;;
742550;30/12/2025;ter�a-feira;11:00:00;MA;316;141;NOVA OLINDA DO MARANHAO;Pista esburacada;Sa�da de leito carro��vel;Com V�timas Feridas;Pleno dia;Decrescente;C�u Claro;Simples;Reta;N�o;4;0;2;0;2;0;2;1;-2,77006415;-45,71382523;SPRF-MA;DEL02-MA;UOP02-DEL02-MA;;;
742551;30/12/2025;ter�a-feira;08:55:00;MG;116;640;FERVEDOURO;Demais falhas mec�nicas ou el�tricas;Inc�ndio;Sem V�timas;Pleno dia;Decrescente;Sol;Simples;"Reta;Aclive";N�o;1;0;0;0;1;0;0;1;-20,656945;-42,261885;SPRF-MG;DEL07-MG;UOP02-DEL07-MG;;;
742552;30/12/2025;ter�a-feira;10:00:00;MA;10;316;ACAILANDIA;Ingest�o de �lcool pelo condutor;Atropelamento de Pedestre;Com V�timas Fatais;Pleno dia;Crescente;Sol;Simples;Reta;N�o;3;1;0;0;1;1;0;2;-4,981375;-47,521472;SPRF-MA;DEL04-MA;UOP03-DEL04-MA;;;
742553;30/12/2025;ter�a-feira;12:45:00;SC;101;151,7;ITAPEMA;Rea��o tardia ou ineficiente do condutor;Colis�o traseira;Com V�timas Feridas;Pleno dia;Crescente;C�u Claro;Dupla;Reta;Sim;2;0;1;0;1;0;1;2;-27,13431304;-48,61021042;SPRF-SC;DEL04-SC;UOP03-DEL04-SC;;;
742555;30/12/2025;ter�a-feira;12:12:00;GO;50;164,8;CAMPO ALEGRE DE GOIAS;Aus�ncia de rea��o do condutor;Sa�da de leito carro��vel;Com V�timas Fatais;Pleno dia;Decrescente;C�u Claro;Dupla;Reta;N�o;4;4;0;0;0;0;0;1;-17,29533055;-47,75688171;SPRF-GO;DEL06-GO;UOP01-DEL06-GO;;;
742556;30/12/2025;ter�a-feira;12:00:00;SC;101;96,5;BALNEARIO PICARRAS;Manobra de mudan�a de faixa;Colis�o traseira;Com V�timas Feridas;Pleno dia;Decrescente;C�u Claro;Dupla;Reta;Sim;3;0;1;0;1;1;1;3;-26,72604431;-48,70207071;SPRF-SC;DEL03-SC;UOP02-DEL03-SC;;;
742557;30/12/2025;ter�a-feira;12:35:00;RJ;0;0;DUQUE DE CAXIAS;Rea��o tardia ou ineficiente do condutor;Colis�o traseira;Sem V�timas;Pleno dia;N�o Informado;C�u Claro;Simples;Reta;Sim;6;0;0;0;6;0;0;2;-22,600233;-43,29443;SPRF-RJ;DEL01-RJ;UOP02-DEL01-RJ;;;
742558;30/12/2025;ter�a-feira;12:00:00;RS;386;270;FONTOURA XAVIER;Acessar a via sem observar a presen�a dos outros ve�culos;Colis�o frontal;Com V�timas Feridas;Pleno dia;Crescente;Chuva;Simples;"Interse��o de Vias;Reta";Sim;4;0;1;0;3;0;1;2;-28,979611;-52,367439;SPRF-RS;DEL04-RS;UOP03-DEL04-RS;;;
742559;30/12/2025;ter�a-feira;11:00:00;MG;381;943,5;EXTREMA;Aus�ncia de rea��o do condutor;Queda de ocupante de ve�culo;Com V�timas Feridas;Pleno dia;Crescente;C�u Claro;Dupla;Reta;N�o;1;0;1;0;0;0;1;1;-22,83796436;-46,32778645;SPRF-MG;DEL16-MG;UOP03-DEL16-MG;;;
742560;29/12/2025;segunda-feira;09:00:00;PI;316;313,6;PICOS;Acessar a via sem observar a presen�a dos outros ve�culos;Colis�o transversal;Com V�timas Feridas;Pleno dia;Crescente;C�u Claro;Simples;Reta;Sim;2;0;1;0;1;0;1;2;-7,077665;-41,444465;SPRF-PI;DEL04-PI;UOP01-DEL04-PI;;;
742561;30/12/2025;ter�a-feira;08:50:00;BA;349;1021;CORRENTINA;Demais falhas mec�nicas ou el�tricas;Sa�da de leito carro��vel;Com V�timas Feridas;Pleno dia;Decrescente;C�u Claro;Simples;Reta;N�o;4;0;3;0;1;0;3;1;-13,62261;-45,34614;SPRF-BA;DEL10-BA;UOP02-DEL10-BA;;;
742563;30/12/2025;ter�a-feira;12:26:00;ES;101;267;SERRA;Pedestre andava na pista;Atropelamento de Pedestre;Com V�timas Feridas;Pleno dia;Decrescente;C�u Claro;M�ltipla;Reta;Sim;2;0;1;0;1;0;1;2;-20,19712602;-40,26845276;SPRF-ES;DEL02-ES;UOP01-DEL02-ES;;;
742564;30/12/2025;ter�a-feira;13:45:00;RS;392;351;SANTA MARIA;Acessar a via sem observar a presen�a dos outros ve�culos;Colis�o traseira;Com V�timas Feridas;Pleno dia;Crescente;C�u Claro;Dupla;"Retorno Regulamentado;Em Obras";Sim;3;0;1;0;2;0;1;2;-29,72890979;-53,80259005;SPRF-RS;DEL09-RS;UOP01-DEL09-RS;;;
742566;30/12/2025;ter�a-feira;13:50:00;MG;40;735;JUIZ DE FORA;Rea��o tardia ou ineficiente do condutor;Sa�da de leito carro��vel;Com V�timas Feridas;Pleno dia;Decrescente;Chuva;Simples;Curva;N�o;1;0;1;0;0;0;1;1;-21,5995787;-43,458052;SPRF-MG;DEL05-MG;UOP01-DEL05-MG;;;
742568;30/12/2025;ter�a-feira;11:40:00;PR;376;637;TIJUCAS DO SUL;Demais falhas mec�nicas ou el�tricas;Queda de ocupante de ve�culo;Com V�timas Feridas;Pleno dia;Crescente;C�u Claro;Dupla;Reta;N�o;2;0;1;0;1;0;1;1;-25,75804374;-49,12574021;SPRF-PR;DEL01-PR;UOP04-DEL01-PR;;;
742570;30/12/2025;ter�a-feira;12:30:00;RS;285;528,8;SAO LUIZ GONZAGA;Aus�ncia de rea��o do condutor;Sa�da de leito carro��vel;Com V�timas Feridas;Pleno dia;Crescente;Sol;Simples;"Reta;Aclive";N�o;1;0;0;1;0;0;1;1;-28,410815;-54,560652;SPRF-RS;DEL10-RS;UOP01-DEL10-RS;;;
742571;30/12/2025;ter�a-feira;13:46:00;MG;153;31,2;MONTE ALEGRE DE MINAS;Avarias e/ou desgaste excessivo no pneu;Sa�da de leito carro��vel;Com V�timas Feridas;Pleno dia;Crescente;C�u Claro;Dupla;Reta;N�o;5;0;5;0;0;0;5;1;-18,85918381;-49,0769577;SPRF-MG;DEL15-MG;UOP03-DEL15-MG;;;
742572;30/12/2025;ter�a-feira;13:23:00;MS;163;466;CAMPO GRANDE;Rea��o tardia ou ineficiente do condutor;Tombamento;Com V�timas Feridas;Pleno dia;Crescente;Sol;Simples;Rotat�ria;Sim;1;0;1;0;0;0;1;1;-20,5845201;-54,5828748;SPRF-MS;DEL01-MS;UOP01-DEL01-MS;;;
742573;30/12/2025;ter�a-feira;10:00:00;MS;163;4,9;MUNDO NOVO;Aus�ncia de rea��o do condutor;Engavetamento;Com V�timas Feridas;Pleno dia;Decrescente;C�u Claro;Simples;Reta;N�o;8;0;3;0;5;0;3;3;-24,012;-54,303;SPRF-MS;DEL09-MS;UOP02-DEL09-MS;;;
742574;30/12/2025;ter�a-feira;14:00:00;SC;101;404,9;ARARANGUA;Condutor deixou de manter dist�ncia do ve�culo da frente;Colis�o traseira;Com V�timas Feridas;Pleno dia;Decrescente;Chuva;Dupla;Reta;N�o;2;0;1;0;1;0;1;2;-28,89692889;-49,47190158;SPRF-SC;DEL02-SC;UOP02-DEL02-SC;;;
742576;30/12/2025;ter�a-feira;12:20:00;RS;290;19;SANTO ANTONIO DA PATRULHA;Demais falhas mec�nicas ou el�tricas;Queda de ocupante de ve�culo;Com V�timas Feridas;Pleno dia;Decrescente;C�u Claro;Dupla;Reta;N�o;2;0;2;0;0;0;2;1;-29,88424805;-50,44346659;SPRF-RS;DEL03-RS;UOP01-DEL03-RS;;;
742577;09/10/2025;quinta-feira;09:00:00;PE;232;157;TACAIMBO;Ultrapassagem Indevida;Colis�o frontal;Com V�timas Feridas;Pleno dia;Decrescente;C�u Claro;Simples;Reta;N�o;3;0;2;0;0;1;2;2;-8,33020174;-36,22975588;SPRF-PE;DEL03-PE;UOP02-DEL03-PE;;;
742578;30/12/2025;ter�a-feira;14:00:00;RN;226;9,2;MACAIBA;Condutor deixou de manter dist�ncia do ve�culo da frente;Colis�o traseira;Com V�timas Feridas;Pleno dia;Decrescente;Nublado;Simples;Curva;N�o;2;0;1;0;1;0;1;2;-5,83903764;-35,29312621;SPRF-RN;DEL01-RN;UOP02-DEL01-RN;;;
742579;30/12/2025;ter�a-feira;14:00:00;GO;40;92;CRISTALINA;Acessar a via sem observar a presen�a dos outros ve�culos;Colis�o transversal;Com V�timas Feridas;Pleno dia;Decrescente;Chuva;Simples;"Interse��o de Vias;Reta";N�o;4;0;2;0;2;0;2;2;-16,73412719;-47,62154315;SPRF-DF;DEL01-DF;UOP02-DEL01-DF;;;
742581;30/12/2025;ter�a-feira;14:30:00;MG;262;740;SACRAMENTO;Acessar a via sem observar a presen�a dos outros ve�culos;Colis�o transversal;Com V�timas Feridas;Pleno dia;Crescente;C�u Claro;Simples;"Reta;Interse��o de Vias";N�o;4;0;2;1;1;0;3;2;-19,642915;-47,510869;SPRF-MG;DEL08-MG;UOP01-DEL08-MG;;;
742582;30/12/2025;ter�a-feira;14:15:00;PR;376;468;PONTA GROSSA;Velocidade Incompat�vel;Colis�o com objeto;Com V�timas Feridas;Pleno dia;Crescente;Chuva;Dupla;"Viaduto;Curva";N�o;4;0;2;0;2;0;2;2;-25,03624501;-50,29802196;SPRF-PR;DEL03-PR;UOP01-DEL03-PR;;;