id;data_inversa;dia_semana;horario;uf;br;km;municipio;causa_acidente;tipo_acidente;classificacao_acidente;fase_dia;sentido_via;condicao_metereologica;tipo_pista;tracado_via;uso_solo;pessoas;mortos;feridos_leves;feridos_graves;ilesos;ignorados;feridos;veiculos;latitude;longitude;regional;delegacia;uop;;;
742584;30/12/2025;ter�a-feira;12:47:00;RO;364;531;ARIQUEMES;Condutor deixou de manter dist�ncia do ve�culo da frente;Colis�o traseira;Com V�timas Feridas;Pleno dia;Crescente;Sol;Simples;"Em Obras;Reta";N�o;3;0;1;0;2;0;1;2;-9,785492;-63,08918;SPRF-RO;DEL03-RO;UOP01-DEL03-RO;;;
742586;30/12/2025;ter�a-feira;11:52:00;PI;343;139;PIRACURUCA;Acessar a via sem observar a presen�a dos outros ve�culos;Colis�o transversal;Com V�timas Feridas;Pleno dia;Crescente;C�u Claro;Simples;Reta;Sim;6;0;0;1;5;0;1;2;-3,916797;-41,712023;SPRF-PI;DEL02-PI;UOP01-DEL02-PI;;;
742587;30/12/2025;ter�a-feira;15:00:00;RJ;101;467,9;ANGRA DOS REIS;Convers�o proibida;Colis�o lateral mesmo sentido;Com V�timas Feridas;Pleno dia;Crescente;Sol;Simples;Reta;N�o;4;0;1;1;2;0;2;2;-23,00696;-44,22225;SPRF-RJ;DEL03-RJ;UOP03-DEL03-RJ;;;
742588;30/12/2025;ter�a-feira;14:49:00;PE;232;9;RECIFE;Condutor Dormindo;Colis�o com objeto;Com V�timas Feridas;Pleno dia;Crescente;C�u Claro;Dupla;Reta;Sim;5;0;2;1;2;0;3;3;-8,076858;-34,973686;SPRF-PE;DEL01-PE;UOP01-DEL01-PE;;;
742589;30/12/2025;ter�a-feira;15:20:00;SC;101;211,6;PALHOCA;Rea��o tardia ou ineficiente do condutor;Colis�o traseira;Com V�timas Feridas;Pleno dia;Crescente;C�u Claro;M�ltipla;Reta;Sim;2;0;2;0;0;0;2;2;-27,62663576;-48,65573465;SPRF-SC;DEL01-SC;UOP02-DEL01-SC;;;
742590;30/12/2025;ter�a-feira;14:00:00;MG;40;629;CONSELHEIRO LAFAIETE;Ultrapassagem Indevida;Colis�o lateral mesmo sentido;Com V�timas Feridas;Pleno dia;Decrescente;C�u Claro;Simples;Curva;Sim;2;0;1;0;1;0;1;2;-20,68450497;-43,79356384;SPRF-MG;DEL05-MG;UOP02-DEL05-MG;;;
742591;30/12/2025;ter�a-feira;14:50:00;GO;70;321;JUSSARA;Retorno proibido;Colis�o transversal;Com V�timas Fatais;Pleno dia;Decrescente;C�u Claro;Dupla;Reta;Sim;3;1;1;1;0;0;2;2;-15,8763159;-50,8949743;SPRF-GO;DEL04-GO;UOP02-DEL04-GO;;;
742592;30/12/2025;ter�a-feira;15:30:00;MG;381;850,1;POUSO ALEGRE;Pedestre cruzava a pista fora da faixa;Atropelamento de Pedestre;Com V�timas Feridas;Pleno dia;Decrescente;C�u Claro;Dupla;Viaduto;N�o;2;0;1;0;1;0;1;2;-22,239905;-45,880882;SPRF-MG;DEL16-MG;UOP01-DEL16-MG;;;
742596;30/12/2025;ter�a-feira;14:58:00;PE;101;67,9;RECIFE;Trafegar com motocicleta (ou similar) entre as faixas;Colis�o lateral mesmo sentido;Com V�timas Feridas;Pleno dia;Decrescente;C�u Claro;Dupla;Declive;Sim;2;0;1;0;1;0;1;2;-8,050467;-34,945718;SPRF-PE;DEL01-PE;UOP01-DEL01-PE;;;
742597;30/12/2025;ter�a-feira;15:30:00;RJ;101;544,9;PARATY;Acessar a via sem observar a presen�a dos outros ve�culos;Colis�o lateral mesmo sentido;Com V�timas Feridas;Pleno dia;Crescente;C�u Claro;Simples;Reta;N�o;3;0;3;0;0;0;3;2;-23,04289597;-44,61656062;SPRF-RJ;DEL03-RJ;UOP04-DEL03-RJ;;;
742598;30/12/2025;ter�a-feira;15:00:00;RJ;101;506,4;ANGRA DOS REIS;Animais na Pista;Atropelamento de Animal;Com V�timas Feridas;Pleno dia;Crescente;Garoa/Chuvisco;Simples;Curva;N�o;1;0;1;0;0;0;1;1;-22,934738;-44,405493;SPRF-RJ;DEL03-RJ;UOP03-DEL03-RJ;;;
742601;30/12/2025;ter�a-feira;15:30:00;ES;101;392,5;RIO NOVO DO SUL;Desrespeitar a prefer�ncia no cruzamento;Colis�o transversal;Com V�timas Feridas;Pleno dia;Decrescente;Sol;Simples;Interse��o de Vias;N�o;4;0;3;1;0;0;4;2;-20,866372;-40,9077499;SPRF-ES;DEL03-ES;UOP02-DEL03-ES;;;
742603;30/12/2025;ter�a-feira;15:17:00;RO;364;179;PIMENTA BUENO;Transitar na contram�o;Colis�o frontal;Com V�timas Fatais;Pleno dia;Crescente;C�u Claro;Simples;Reta;N�o;6;1;0;0;5;0;0;2;-11,784614;-61,068089;SPRF-RO;DEL02-RO;UOP02-DEL02-RO;;;
742604;30/12/2025;ter�a-feira;15:40:00;MS;376;89;IVINHEMA;Rea��o tardia ou ineficiente do condutor;Capotamento;Com V�timas Feridas;Pleno dia;Crescente;Chuva;Simples;Reta;N�o;2;0;2;0;0;0;2;1;-22,30671112;-54,01766717;SPRF-MS;DEL04-MS;UOP04-DEL04-MS;;;
742605;30/12/2025;ter�a-feira;13:50:00;PI;343;140,1;PIRACURUCA;Aus�ncia de rea��o do condutor;Colis�o com objeto;Com V�timas Feridas;Pleno dia;Crescente;C�u Claro;Simples;Reta;Sim;1;0;0;1;0;0;1;1;-3,921753;-41,712513;SPRF-PI;DEL02-PI;UOP01-DEL02-PI;;;
742606;30/12/2025;ter�a-feira;16:10:00;DF;70;10;BRASILIA;Rea��o tardia ou ineficiente do condutor;Colis�o lateral mesmo sentido;Com V�timas Feridas;Pleno dia;Crescente;Garoa/Chuvisco;Dupla;Reta;Sim;3;0;1;0;2;0;1;2;-15,787618;-48,142617;SPRF-DF;DEL03-DF;UOP02-DEL03-DF;;;
742607;30/12/2025;ter�a-feira;15:30:00;RS;470;211;BENTO GONCALVES;Aus�ncia de rea��o do condutor;Sa�da de leito carro��vel;Com V�timas Feridas;Pleno dia;Decrescente;Garoa/Chuvisco;Simples;Curva;N�o;2;0;2;0;0;0;2;1;-29,131903;-51,545012;SPRF-RS;DEL06-RS;UOP01-DEL06-RS;;;
742608;21/12/2025;domingo;16:00:00;SE;101;108;SAO CRISTOVAO;Rea��o tardia ou ineficiente do condutor;Colis�o com objeto;Sem V�timas;Pleno dia;Decrescente;C�u Claro;Dupla;Reta;N�o;1;0;0;0;1;0;0;1;-10,92677395;-37,18019899;SPRF-SE;DEL02-SE;UOP01-DEL02-SE;;;
742610;30/12/2025;ter�a-feira;16:30:00;SC;101;108;PENHA;Condutor deixou de manter dist�ncia do ve�culo da frente;Engavetamento;Com V�timas Feridas;Pleno dia;Crescente;Nublado;Dupla;Reta;N�o;4;0;1;0;3;0;1;3;-26,82850797;-48,69224159;SPRF-SC;DEL03-SC;UOP02-DEL03-SC;;;
742613;30/12/2025;ter�a-feira;17:05:00;RS;386;359;ESTRELA;Aus�ncia de rea��o do condutor;Queda de ocupante de ve�culo;Com V�timas Feridas;Pleno dia;Crescente;Nublado;Dupla;Reta;N�o;2;0;1;0;0;1;1;2;-29,5443485;-51,9114356;SPRF-RS;DEL04-RS;UOP01-DEL04-RS;;;
742615;30/12/2025;ter�a-feira;16:50:00;MG;116;578,6;MANHUACU;Aus�ncia de rea��o do condutor;Capotamento;Com V�timas Feridas;Pleno dia;Decrescente;C�u Claro;Simples;Reta;N�o;1;0;1;0;0;0;1;1;-20,181298;-42,186365;SPRF-MG;DEL06-MG;UOP03-DEL06-MG;;;
742616;30/12/2025;ter�a-feira;16:00:00;BA;101;808;ITAMARAJU;Acessar a via sem observar a presen�a dos outros ve�culos;Colis�o frontal;Com V�timas Feridas;Pleno dia;Decrescente;Sol;Simples;"Rotat�ria;Interse��o de Vias;Curva";Sim;3;0;1;0;2;0;1;2;-17,0264832;-39,54024553;SPRF-BA;DEL09-BA;UOP01-DEL09-BA;;;
742618;02/12/2025;ter�a-feira;18:50:00;PR;376;3;SAO JOSE DOS PINHAIS;Rea��o tardia ou ineficiente do condutor;Queda de ocupante de ve�culo;Com V�timas Feridas;Anoitecer;Crescente;C�u Claro;Dupla;Reta;Sim;2;0;1;0;0;1;1;2;-25,53744272;-49,19243686;SPRF-PR;DEL01-PR;UOP04-DEL01-PR;;;
742622;14/12/2025;domingo;06:53:00;GO;364;59;CACHOEIRA ALTA;Ingest�o de �lcool pelo condutor;Sa�da de leito carro��vel;Com V�timas Feridas;Amanhecer;Crescente;C�u Claro;Dupla;Reta;Sim;1;0;0;1;0;0;1;1;-18,73868701;-50,94364643;SPRF-GO;DEL05-GO;UOP02-DEL05-GO;;;
742623;30/12/2025;ter�a-feira;16:20:00;BA;101;865;TEIXEIRA DE FREITAS;Manobra de mudan�a de faixa;Colis�o lateral mesmo sentido;Com V�timas Feridas;Pleno dia;Decrescente;C�u Claro;Simples;Reta;N�o;3;0;2;0;1;0;2;2;-17,44710247;-39,69441712;SPRF-BA;DEL09-BA;UOP02-DEL09-BA;;;
742626;30/12/2025;ter�a-feira;16:50:00;SC;116;10,4;MAFRA;Aus�ncia de rea��o do condutor;Colis�o com objeto;Com V�timas Feridas;Pleno dia;Crescente;Chuva;Simples;"Declive;Curva";N�o;3;0;2;0;1;0;2;1;-26,178518;-49,861778;SPRF-SC;DEL06-SC;UOP01-DEL06-SC;;;
742627;30/12/2025;ter�a-feira;10:40:00;MT;163;873;SINOP;Ultrapassagem Indevida;Colis�o frontal;Com V�timas Feridas;Pleno dia;Crescente;C�u Claro;Simples;"Reta;Aclive";N�o;5;0;2;1;0;2;3;2;-11,536;-55,391;SPRF-MT;DEL06-MT;UOP02-DEL06-MT;;;
742628;30/12/2025;ter�a-feira;17:54:00;MG;381;592,4;CARMOPOLIS DE MINAS;Aus�ncia de rea��o do condutor;Sa�da de leito carro��vel;Com V�timas Feridas;Anoitecer;Decrescente;Nublado;Dupla;"Declive;Curva";N�o;2;0;1;1;0;0;2;1;-20,560794;-44,663887;SPRF-MG;DEL04-MG;UOP01-DEL04-MG;;;
742629;30/12/2025;ter�a-feira;17:30:00;MG;381;379;SAO GONCALO DO RIO ABAIXO;Velocidade Incompat�vel;Colis�o frontal;Com V�timas Feridas;Anoitecer;Decrescente;Chuva;Simples;Curva;N�o;6;0;4;0;2;0;4;2;-19,821714;-43,387856;SPRF-MG;DEL01-MG;UOP01-DEL01-MG;;;
742630;30/12/2025;ter�a-feira;17:35:00;PR;277;116;CAMPO LARGO;Rea��o tardia ou ineficiente do condutor;Tombamento;Com V�timas Feridas;Pleno dia;Crescente;Chuva;Dupla;"Declive;Curva";Sim;1;0;1;0;0;0;1;1;-25,437515;-49,445518;SPRF-PR;DEL03-PR;UOP03-DEL03-PR;;;
742631;30/12/2025;ter�a-feira;14:04:00;RJ;40;4,2;COMENDADOR LEVY GASPARIAN;Aus�ncia de rea��o do condutor;Sa�da de leito carro��vel;Com V�timas Fatais;Pleno dia;Decrescente;C�u Claro;Dupla;Curva;N�o;4;1;0;0;3;0;0;2;-22,01375817;-43,23568218;SPRF-RJ;DEL05-RJ;UOP02-DEL05-RJ;;;
742632;30/12/2025;ter�a-feira;18:30:00;ES;101;285;CARIACICA;Transitar no Acostamento;Colis�o lateral mesmo sentido;Com V�timas Feridas;Anoitecer;Crescente;C�u Claro;Dupla;"Retorno Regulamentado;Aclive;Reta";Sim;2;0;0;1;1;0;1;2;-20,2519082;-40,3732453;SPRF-ES;DEL01-ES;UOP01-DEL01-ES;;;
742634;30/12/2025;ter�a-feira;16:00:00;GO;40;46;LUZIANIA;Demais Fen�menos da natureza;Eventos at�picos;Com V�timas Fatais;Pleno dia;Crescente;Chuva;Simples;Reta;N�o;2;1;0;1;0;0;1;1;-16,412732;-47,823844;SPRF-DF;DEL01-DF;UOP02-DEL01-DF;;;
742635;30/12/2025;ter�a-feira;18:10:00;SC;101;135,5;BALNEARIO CAMBORIU;Acessar a via sem observar a presen�a dos outros ve�culos;Colis�o lateral mesmo sentido;Com V�timas Feridas;Pleno dia;Crescente;Garoa/Chuvisco;Dupla;Reta;Sim;2;0;1;0;1;0;1;2;-27,00621999;-48,62377167;SPRF-SC;DEL04-SC;UOP03-DEL04-SC;;;
742636;30/12/2025;ter�a-feira;17:30:00;RN;304;304;PARNAMIRIM;Manobra de mudan�a de faixa;Colis�o lateral mesmo sentido;Com V�timas Feridas;Anoitecer;Crescente;Nublado;Dupla;Reta;Sim;2;0;1;0;1;0;1;2;-5,886213;-35,277883;SPRF-RN;DEL01-RN;UOP02-DEL01-RN;;;
742637;30/12/2025;ter�a-feira;17:30:00;RJ;356;148,5;CAMPOS DOS GOYTACAZES;Condutor deixou de manter dist�ncia do ve�culo da frente;Colis�o traseira;Com V�timas Feridas;Pleno dia;Decrescente;C�u Claro;Simples;Reta;Sim;3;0;0;2;1;0;2;2;-21,772246;-41,281203;SPRF-RJ;DEL08-RJ;UOP02-DEL08-RJ;;;
742638;30/12/2025;ter�a-feira;17:20:00;RO;364;711;PORTO VELHO;Demais falhas mec�nicas ou el�tricas;Tombamento;Com V�timas Feridas;Pleno dia;Crescente;C�u Claro;Dupla;"Aclive;Reta";Sim;2;0;2;0;0;0;2;1;-8,778906;-63,86991;SPRF-RO;DEL01-RO;UOP01-DEL01-RO;;;
742640;30/12/2025;ter�a-feira;18:15:00;PR;277;653;MATELANDIA;Condutor deixou de manter dist�ncia do ve�culo da frente;Colis�o traseira;Com V�timas Feridas;Anoitecer;Decrescente;Chuva;Simples;Reta;Sim;2;0;1;0;1;0;1;2;-25,20076;-53,946426;SPRF-PR;DEL05-PR;UOP02-DEL05-PR;;;
742641;30/12/2025;ter�a-feira;10:56:00;MA;230;202;SAO DOMINGOS DO AZEITAO;Transitar na contram�o;Sa�da de leito carro��vel;Com V�timas Feridas;Pleno dia;Decrescente;C�u Claro;Simples;Reta;N�o;5;0;4;0;1;0;4;1;-6,824;-44,539;SPRF-MA;DEL05-MA;UOP01-DEL05-MA;;;
742642;30/12/2025;ter�a-feira;18:33:00;MG;381;167,9;GOVERNADOR VALADARES;Condutor deixou de manter dist�ncia do ve�culo da frente;Colis�o traseira;Com V�timas Feridas;Plena Noite;Crescente;C�u Claro;Simples;Reta;N�o;3;0;1;0;2;0;1;2;-19,00481912;-42,13034749;SPRF-MG;DEL06-MG;UOP01-DEL06-MG;;;
742643;30/12/2025;ter�a-feira;17:55:00;GO;20;129,8;FLORES DE GOIAS;Pista Escorregadia;Sa�da de leito carro��vel;Com V�timas Feridas;Anoitecer;Decrescente;Chuva;Simples;Reta;N�o;1;0;0;1;0;0;1;1;-14,844255;-46,740206;SPRF-DF;DEL02-DF;UOP03-DEL02-DF;;;
742644;30/12/2025;ter�a-feira;18:00:00;RO;364;222,7;PIMENTA BUENO;Rea��o tardia ou ineficiente do condutor;Sa�da de leito carro��vel;Com V�timas Feridas;Anoitecer;Decrescente;C�u Claro;Simples;Reta;N�o;1;0;1;0;0;0;1;1;-11,520873;-61,34542;SPRF-RO;DEL02-RO;UOP02-DEL02-RO;;;
742645;30/12/2025;ter�a-feira;19:05:00;PE;101;70;RECIFE;Aus�ncia de rea��o do condutor;Inc�ndio;Sem V�timas;Plena Noite;Crescente;C�u Claro;Dupla;Reta;N�o;2;0;0;0;1;1;0;2;-8,07538;-34,94004;SPRF-PE;DEL01-PE;UOP01-DEL01-PE;;;
742646;30/12/2025;ter�a-feira;19:30:00;RS;470;223,7;GARIBALDI;Rea��o tardia ou ineficiente do condutor;Colis�o traseira;Com V�timas Feridas;Plena Noite;Decrescente;Nublado;Simples;"Declive;Reta";Sim;3;0;1;0;2;0;1;2;-29,22948925;-51,51638389;SPRF-RS;DEL06-RS;UOP01-DEL06-RS;;;
742647;30/12/2025;ter�a-feira;20:05:00;PE;101;53;PAULISTA;Aus�ncia de rea��o do condutor;Queda de ocupante de ve�culo;Com V�timas Feridas;Plena Noite;Crescente;C�u Claro;Dupla;"Ponte;Declive";Sim;1;0;1;0;0;0;1;1;-7,94381381;-34,90441773;SPRF-PE;DEL01-PE;UOP02-DEL01-PE;;;
742648;30/12/2025;ter�a-feira;17:00:00;MG;116;638,2;ORIZANIA;Chuva;Colis�o com objeto;Com V�timas Feridas;Pleno dia;Decrescente;Chuva;Simples;Curva;N�o;4;0;1;0;3;0;1;1;-20,52911426;-42,19969869;SPRF-MG;DEL07-MG;UOP02-DEL07-MG;;;
742649;30/12/2025;ter�a-feira;18:40:00;MG;381;448;BELO HORIZONTE;Acesso irregular;Queda de ocupante de ve�culo;Com V�timas Feridas;Plena Noite;Decrescente;C�u Claro;Dupla;Reta;Sim;1;0;1;0;0;0;1;1;-19,844966;-43,886502;SPRF-MG;DEL01-MG;UOP01-DEL01-MG;;;
742650;30/12/2025;ter�a-feira;19:55:00;CE;304;56;ARACATI;Animais na Pista;Atropelamento de Animal;Com V�timas Feridas;Plena Noite;Crescente;C�u Claro;Simples;Reta;N�o;2;0;2;0;0;0;2;1;-4,581321;-37,717391;SPRF-CE;DEL03-CE;UOP02-DEL03-CE;;;
742651;30/12/2025;ter�a-feira;20:10:00;PB;230;12,1;CABEDELO;Acumulo de areia ou detritos sobre o pavimento;Tombamento;Com V�timas Feridas;Pleno dia;Decrescente;C�u Claro;Dupla;Interse��o de Vias;Sim;2;0;0;1;1;0;1;1;-7,07202;-34,849642;SPRF-PB;DEL01-PB;UOP01-DEL01-PB;;;
742652;30/12/2025;ter�a-feira;19:50:00;RJ;101;115;CAMPOS DOS GOYTACAZES;Suic�dio (presumido);Atropelamento de Pedestre;Com V�timas Fatais;Plena Noite;Crescente;Ignorado;Dupla;Reta;N�o;5;1;1;0;3;0;1;2;-21,994073;-41,6633722;SPRF-RJ;DEL08-RJ;UOP02-DEL08-RJ;;;
742653;30/12/2025;ter�a-feira;19:00:00;RJ;101;49;CAMPOS DOS GOYTACAZES;Pedestre cruzava a pista fora da faixa;Atropelamento de Pedestre;Com V�timas Feridas;Plena Noite;Crescente;C�u Claro;Simples;Reta;Sim;2;0;0;1;1;0;1;2;-21,63185144;-41,31338114;SPRF-RJ;DEL08-RJ;UOP01-DEL08-RJ;;;
742654;30/12/2025;ter�a-feira;20:45:00;PE;101;76;JABOATAO DOS GUARARAPES;Acostamento em desn�vel;Queda de ocupante de ve�culo;Com V�timas Feridas;Plena Noite;Decrescente;C�u Claro;Dupla;Curva;Sim;2;0;2;0;0;0;2;1;-8,21051625;-34,97557068;SPRF-PE;DEL01-PE;UOP01-DEL01-PE;;;
742655;30/12/2025;ter�a-feira;18:40:00;SC;282;5;SAO JOSE;Pista Escorregadia;Tombamento;Com V�timas Feridas;Anoitecer;Crescente;Garoa/Chuvisco;Dupla;Curva;Sim;1;0;1;0;0;0;1;1;-27,58473003;-48,61749222;SPRF-SC;DEL01-SC;UOP01-DEL01-SC;;;
742657;30/12/2025;ter�a-feira;19:10:00;SC;101;122;ITAJAI;Animais na Pista;Atropelamento de Animal;Com V�timas Feridas;Anoitecer;Crescente;Chuva;M�ltipla;Reta;N�o;1;0;0;1;0;0;1;1;-26,93477295;-48,70136261;SPRF-SC;DEL04-SC;UOP04-DEL04-SC;;;
742661;30/12/2025;ter�a-feira;17:00:00;MG;365;157;PIRAPORA;Aus�ncia de rea��o do condutor;Sa�da de leito carro��vel;Com V�timas Feridas;Pleno dia;Crescente;Nublado;Simples;Reta;Sim;1;0;1;0;0;0;1;1;-17,313467;-44,895432;SPRF-MG;DEL10-MG;UOP02-DEL010-MG;;;
742662;30/12/2025;ter�a-feira;20:30:00;MG;40;46,5;PARACATU;Ingest�o de �lcool pelo condutor;Colis�o com objeto;Sem V�timas;Plena Noite;Decrescente;C�u Claro;Simples;"Declive;Reta";N�o;1;0;0;0;1;0;0;1;-17,2396372;-46,83456659;SPRF-MG;DEL14-MG;UOP01-DEL14-MG;;;
742663;30/12/2025;ter�a-feira;19:30:00;PI;343;592;FLORIANO;Aus�ncia de rea��o do condutor;Colis�o traseira;Com V�timas Feridas;Plena Noite;Decrescente;C�u Claro;Dupla;Reta;Sim;2;0;0;1;0;1;1;2;-6,777703;-43,032607;SPRF-PI;DEL03-PI;UOP01-DEL03-PI;;;
742665;30/12/2025;ter�a-feira;20:15:00;GO;153;690;ITUMBIARA;Aus�ncia de rea��o do condutor;Sa�da de leito carro��vel;Sem V�timas;Plena Noite;Decrescente;Nublado;Dupla;Reta;N�o;1;0;0;0;1;0;0;1;-18,301485;-49,235078;SPRF-GO;DEL03-GO;UOP02-DEL03-GO;;;
742666;30/12/2025;ter�a-feira;20:30:00;RJ;101;328;RIO DE JANEIRO;Aus�ncia de rea��o do condutor;Queda de ocupante de ve�culo;Com V�timas Feridas;Plena Noite;Decrescente;C�u Claro;Dupla;Reta;N�o;1;0;1;0;0;0;1;1;-22,8693299;-43,145638;SPRF-RJ;DEL02-RJ;UOP01-DEL02-RJ;;;
742667;30/12/2025;ter�a-feira;19:55:00;RS;116;115;SAO MARCOS;Ultrapassagem Indevida;Colis�o lateral mesmo sentido;Com V�timas Feridas;Plena Noite;Crescente;Nublado;Simples;Reta;Sim;2;0;1;0;1;0;1;2;-28,96980318;-51,07153114;SPRF-RS;DEL05-RS;UOP01-DEL05-RS;;;
742668;30/12/2025;ter�a-feira;17:40:00;SC;101;150,9;ITAPEMA;Rea��o tardia ou ineficiente do condutor;Colis�o lateral mesmo sentido;Com V�timas Feridas;Anoitecer;Decrescente;Chuva;Simples;Reta;Sim;3;0;0;1;2;0;1;3;-27,12496;-48,60957;SPRF-SC;DEL04-SC;UOP03-DEL04-SC;;;
742672;30/12/2025;ter�a-feira;19:40:00;MT;174;5;PONTES E LACERDA;Acessar a via sem observar a presen�a dos outros ve�culos;Colis�o transversal;Com V�timas Feridas;Plena Noite;Decrescente;C�u Claro;Simples;"Interse��o de Vias;Reta";Sim;2;0;0;1;0;1;1;2;-15,232927;-59,345622;SPRF-MT;DEL04-MT;UOP01-DEL04-MT;;;
742674;30/12/2025;ter�a-feira;20:00:00;RO;364;646;CANDEIAS DO JAMARI;Aus�ncia de rea��o do condutor;Colis�o traseira;Com V�timas Feridas;Plena Noite;Crescente;Ignorado;Simples;Reta;N�o;2;0;1;0;1;0;1;2;-8,95898128;-63,42809424;SPRF-RO;DEL01-RO;UOP04-DEL01-RO;;;
742676;30/12/2025;ter�a-feira;19:00:00;SP;116;552;BARRA DO TURVO;Rea��o tardia ou ineficiente do condutor;Queda de ocupante de ve�culo;Sem V�timas;Plena Noite;Decrescente;Chuva;Dupla;Curva;N�o;1;0;0;0;1;0;0;1;-24,96752972;-48,47836089;SPRF-SP;DEL05-SP;UOP02-DEL05-SP;;;
742677;30/12/2025;ter�a-feira;22:20:00;MG;262;349;BETIM;Aus�ncia de rea��o do condutor;Colis�o com objeto;Com V�timas Feridas;Plena Noite;Crescente;C�u Claro;Dupla;Reta;N�o;1;0;1;0;0;0;1;1;-19,98851366;-44,19765472;SPRF-MG;DEL01-MG;UOP03-DEL01-MG;;;
742679;30/12/2025;ter�a-feira;17:50:00;BA;101;808;ITAMARAJU;Condutor deixou de manter dist�ncia do ve�culo da frente;Colis�o traseira;Sem V�timas;Anoitecer;Crescente;C�u Claro;Dupla;Reta;Sim;4;0;0;0;4;0;0;2;-17,025165;-39,540475;SPRF-BA;DEL09-BA;UOP01-DEL09-BA;;;
742680;30/12/2025;ter�a-feira;22:03:00;SP;153;25,7;NOVA GRANADA;Acessar a via sem observar a presen�a dos outros ve�culos;Colis�o transversal;Com V�timas Feridas;Plena Noite;Crescente;C�u Claro;Simples;"Interse��o de Vias;Reta";N�o;3;0;0;2;1;0;2;2;-20,50168;-49,32048;SPRF-SP;DEL09-SP;UOP01-DEL09-SP;;;
742682;30/12/2025;ter�a-feira;21:00:00;RJ;116;18;SAPUCAIA;Aus�ncia de rea��o do condutor;Capotamento;Com V�timas Feridas;Plena Noite;Crescente;C�u Claro;Simples;Reta;N�o;1;0;1;0;0;0;1;1;-21,92043372;-42,695961;SPRF-RJ;DEL05-RJ;UOP01-DEL05-RJ;;;
742683;30/12/2025;ter�a-feira;23:00:00;SC;101;204;SAO JOSE;Aus�ncia de rea��o do condutor;Queda de ocupante de ve�culo;Com V�timas Feridas;Plena Noite;Crescente;Garoa/Chuvisco;M�ltipla;Reta;N�o;2;0;1;0;1;0;1;2;-27,57688713;-48,61348338;SPRF-SC;DEL01-SC;UOP01-DEL01-SC;;;
742684;30/12/2025;ter�a-feira;23:25:00;SP;381;82;SAO PAULO;Estacionar ou parar em local proibido;Colis�o traseira;Com V�timas Feridas;Plena Noite;Decrescente;Nublado;M�ltipla;Reta;Sim;4;0;3;0;1;0;3;2;-23,43101519;-46,5698096;SPRF-SP;DEL03-SP;UOP01-DEL03-SP;;;
742685;30/12/2025;ter�a-feira;23:05:00;PB;230;36,9;SANTA RITA;Animais na Pista;Colis�o traseira;Com V�timas Feridas;Plena Noite;Decrescente;C�u Claro;Dupla;Curva;Sim;3;0;2;0;0;1;2;2;-7,130167;-34,954336;SPRF-PB;DEL01-PB;UOP02-DEL01-PB;;;
742686;30/12/2025;ter�a-feira;23:00:00;RS;116;266;CANOAS;Rea��o tardia ou ineficiente do condutor;Colis�o com objeto;Sem V�timas;Plena Noite;Decrescente;C�u Claro;M�ltipla;Reta;Sim;1;0;0;0;1;0;0;1;-29,9390578;-51,1771385;SPRF-RS;DEL01-RS;UOP01-DEL01-RS;;;
742688;30/12/2025;ter�a-feira;23:30:00;SP;116;128,9;CACAPAVA;Rea��o tardia ou ineficiente do condutor;Colis�o traseira;Com V�timas Feridas;Plena Noite;Crescente;Nublado;Dupla;Reta;Sim;2;0;1;0;1;0;1;2;-23,1164169;-45,71487248;SPRF-SP;DEL02-SP;UOP02-DEL02-SP;;;
742689;30/12/2025;ter�a-feira;23:30:00;RS;285;672;SAO BORJA;Aus�ncia de rea��o do condutor;Colis�o com objeto;Com V�timas Fatais;Plena Noite;Decrescente;C�u Claro;Simples;Reta;Sim;1;1;0;0;0;0;0;1;-28,67244051;-55,96924782;SPRF-RS;DEL12-RS;UOP01-DEL12-RS;;;
742690;30/12/2025;ter�a-feira;21:20:00;RS;290;32;SANTO ANTONIO DA PATRULHA;Rea��o tardia ou ineficiente do condutor;Colis�o traseira;Com V�timas Feridas;Plena Noite;Crescente;C�u Claro;Dupla;Reta;N�o;4;0;2;1;0;1;3;2;-29,88485778;-50,57599068;SPRF-RS;DEL03-RS;UOP01-DEL03-RS;;;
742694;30/12/2025;ter�a-feira;23:00:00;GO;153;566;PROFESSOR JAMIL;Condutor Dormindo;Sa�da de leito carro��vel;Com V�timas Feridas;Plena Noite;Decrescente;Nublado;Dupla;"Reta;Aclive";N�o;1;0;1;0;0;0;1;1;-17,256535;-49,241668;SPRF-GO;DEL03-GO;UOP01-DEL03-GO;;;
742695;31/12/2025;quarta-feira;00:55:00;SP;381;60;MAIRIPORA;Acumulo de �gua sobre o pavimento;Colis�o transversal;Sem V�timas;Plena Noite;Crescente;Chuva;Dupla;Curva;N�o;2;0;0;0;2;0;0;2;-23,29128732;-46,58565458;SPRF-SP;DEL03-SP;UOP01-DEL03-SP;;;
742696;31/12/2025;quarta-feira;00:30:00;RN;406;169;SAO GONCALO DO AMARANTE;Rea��o tardia ou ineficiente do condutor;Colis�o traseira;Com V�timas Feridas;Plena Noite;Crescente;C�u Claro;Dupla;"Aclive;Reta";N�o;2;0;1;0;1;0;1;2;-5,759;-35,298;SPRF-RN;DEL02-RN;UOP01-DEL02-RN;;;
742698;30/12/2025;ter�a-feira;23:45:00;MG;262;786;UBERABA;Estacionar ou parar em local proibido;Colis�o com objeto;Com V�timas Feridas;Plena Noite;Decrescente;Nublado;Dupla;"Declive;Reta";N�o;3;0;0;1;2;0;1;2;-19,77182153;-47,91145977;SPRF-MG;DEL13-MG;UOP01-DEL13-MG;;;