id;data_inversa;dia_semana;horario;uf;br;km;municipio;causa_acidente;tipo_acidente;classificacao_acidente;fase_dia;sentido_via;condicao_metereologica;tipo_pista;tracado_via;uso_solo;pessoas;mortos;feridos_leves;feridos_graves;ilesos;ignorados;feridos;veiculos;latitude;longitude;regional;delegacia;uop;;;
742700;31/12/2025;quarta-feira;01:20:00;MG;40;360,5;FELIXLANDIA;Aus�ncia de rea��o do condutor;Sa�da de leito carro��vel;Com V�timas Feridas;Plena Noite;Decrescente;Nublado;Simples;"Interse��o de Vias;Rotat�ria";N�o;1;0;1;0;0;0;1;1;-18,75385;-44,84738;SPRF-MG;DEL02-MG;UOP01-DEL02-MG;;;
742705;31/12/2025;quarta-feira;02:20:00;SC;282;75;RANCHO QUEIMADO;Rea��o tardia ou ineficiente do condutor;Capotamento;Com V�timas Feridas;Plena Noite;Decrescente;Chuva;Simples;Reta;N�o;1;0;0;1;0;0;1;1;-27,6911;-49,1296;SPRF-SC;DEL01-SC;UOP03-DEL01-SC;;;
742707;31/12/2025;quarta-feira;03:03:00;ES;101;297;CARIACICA;Condutor Dormindo;Colis�o com objeto;Com V�timas Feridas;Plena Noite;Decrescente;C�u Claro;Dupla;Reta;N�o;1;0;0;1;0;0;1;1;-20,34646381;-40,41082311;SPRF-ES;DEL01-ES;UOP01-DEL01-ES;;;
742708;31/12/2025;quarta-feira;03:55:00;MG;40;754,5;EWBANK DA CAMARA;Demais falhas mec�nicas ou el�tricas;Tombamento;Com V�timas Feridas;Plena Noite;Crescente;Chuva;Simples;"Declive;Curva";N�o;5;0;3;0;1;1;3;3;-21,523922;-43,520636;SPRF-MG;DEL05-MG;UOP01-DEL05-MG;;;
742709;31/12/2025;quarta-feira;04:10:00;RS;158;350;DILERMANDO DE AGUIAR;Aus�ncia de rea��o do condutor;Tombamento;Com V�timas Feridas;Plena Noite;Crescente;C�u Claro;Simples;Reta;N�o;1;0;0;1;0;0;1;1;-29,78430488;-54,11148441;SPRF-RS;DEL09-RS;UOP01-DEL09-RS;;;
742711;31/12/2025;quarta-feira;04:00:00;PR;277;30;MORRETES;Avarias e/ou desgaste excessivo no pneu;Queda de ocupante de ve�culo;Com V�timas Feridas;Plena Noite;Decrescente;Garoa/Chuvisco;Dupla;Reta;N�o;1;0;1;0;0;0;1;1;-25,551398;-48,797224;SPRF-PR;DEL01-PR;UOP05-DEL01-PR;;;
742712;31/12/2025;quarta-feira;04:40:00;SC;470;54;BLUMENAU;Ingest�o de �lcool pelo condutor;Colis�o com objeto;Com V�timas Feridas;Amanhecer;Crescente;C�u Claro;Simples;"Reta;Em Obras";Sim;4;0;1;0;2;1;1;1;-26,8749272;-49,117425;SPRF-SC;DEL04-SC;UOP01-DEL04-SC;;;
742713;31/12/2025;quarta-feira;03:20:00;BA;116;469;SANTO ESTEVAO;Aus�ncia de rea��o do condutor;Colis�o traseira;Com V�timas Fatais;Plena Noite;Decrescente;C�u Claro;Dupla;Reta;N�o;2;1;0;0;0;1;0;2;-12,479697;-39,309307;SPRF-BA;DEL02-BA;UOP01-DEL02-BA;;;
742714;31/12/2025;quarta-feira;05:03:00;RS;101;9,3;TORRES;Rea��o tardia ou ineficiente do condutor;Colis�o traseira;Com V�timas Fatais;Amanhecer;Crescente;Nublado;M�ltipla;Curva;Sim;4;1;0;0;3;0;0;2;-29,368462;-49,817192;SPRF-RS;DEL03-RS;UOP02-DEL03-RS;;;
742715;31/12/2025;quarta-feira;03:50:00;MG;262;691,4;ARAXA;Aus�ncia de rea��o do condutor;Colis�o com objeto;Com V�timas Fatais;Plena Noite;Decrescente;C�u Claro;Simples;"Ponte;Reta;Declive";N�o;1;1;0;0;0;0;0;1;-19,584226;-47,06765;SPRF-MG;DEL08-MG;UOP01-DEL08-MG;;;
742716;31/12/2025;quarta-feira;04:30:00;RJ;101;225;SILVA JARDIM;Condutor Dormindo;Sa�da de leito carro��vel;Com V�timas Feridas;Plena Noite;Decrescente;C�u Claro;Dupla;Reta;N�o;5;0;3;0;2;0;3;1;-22,543214;-42,348182;SPRF-RJ;DEL02-RJ;UOP03-DEL02-RJ;;;
742717;30/12/2025;ter�a-feira;23:30:00;SC;280;120;RIO NEGRINHO;Condutor Dormindo;Colis�o com objeto;Com V�timas Feridas;Plena Noite;Crescente;Nublado;Dupla;Reta;Sim;1;0;0;1;0;0;1;1;-26,2390989;-49,5018932;SPRF-SC;DEL06-SC;UOP03-DEL06-SC;;;
742718;31/12/2025;quarta-feira;00:25:00;SC;101;394;MARACAJA;Aus�ncia de rea��o do condutor;Colis�o com objeto;Sem V�timas;Plena Noite;Crescente;Chuva;M�ltipla;Reta;Sim;2;0;0;0;2;0;0;1;-28,828276;-49,409484;SPRF-SC;DEL02-SC;UOP02-DEL02-SC;;;
742723;31/12/2025;quarta-feira;07:00:00;ES;101;143,2;LINHARES;Condutor deixou de manter dist�ncia do ve�culo da frente;Queda de ocupante de ve�culo;Com V�timas Feridas;Pleno dia;Crescente;C�u Claro;M�ltipla;Reta;Sim;2;0;2;0;0;0;2;1;-19,34920966;-40,06353378;SPRF-ES;DEL04-ES;UOP01-DEL04-ES;;;
742727;30/12/2025;ter�a-feira;17:50:00;RJ;495;1;TERESOPOLIS;Acessar a via sem observar a presen�a dos outros ve�culos;Colis�o lateral mesmo sentido;Com V�timas Feridas;Pleno dia;Crescente;C�u Claro;Simples;Reta;Sim;2;0;1;0;1;0;1;2;-22,40328244;-42,96892083;SPRF-RJ;DEL04-RJ;UOP01-DEL04-RJ;;;
742728;31/12/2025;quarta-feira;07:45:00;SP;101;44;UBATUBA;Acessar a via sem observar a presen�a dos outros ve�culos;Atropelamento de Pedestre;Com V�timas Feridas;Pleno dia;Crescente;C�u Claro;Simples;Curva;Sim;2;0;2;0;0;0;2;2;-23,40845154;-45,06193682;SPRF-SP;DEL06-SP;UOP01-DEL06-SP;;;
742730;31/12/2025;quarta-feira;05:00:00;RJ;40;114,8;DUQUE DE CAXIAS;Rea��o tardia ou ineficiente do condutor;Colis�o com objeto;Com V�timas Feridas;Amanhecer;Crescente;Nublado;M�ltipla;Reta;N�o;4;0;2;0;2;0;2;3;-22,72954149;-43,28907251;SPRF-RJ;DEL01-RJ;UOP02-DEL01-RJ;;;
742731;31/12/2025;quarta-feira;07:40:00;PE;101;65,6;RECIFE;Rea��o tardia ou ineficiente do condutor;Colis�o com objeto;Sem V�timas;Pleno dia;Decrescente;C�u Claro;Dupla;Reta;Sim;1;0;0;0;1;0;0;1;-8,03008422;-34,94289637;SPRF-PE;DEL01-PE;UOP01-DEL01-PE;;;
742732;31/12/2025;quarta-feira;07:10:00;MG;381;697,4;LAVRAS;Chuva;Sa�da de leito carro��vel;Sem V�timas;Pleno dia;Crescente;Chuva;Dupla;"Curva;Aclive";N�o;1;0;0;0;1;0;0;1;-21,2604621;-45,13999495;SPRF-MG;DEL04-MG;UOP02-DEL04-MG;;;
742734;31/12/2025;quarta-feira;08:05:00;SC;282;565,1;NOVA ERECHIM;Convers�o proibida;Colis�o transversal;Com V�timas Feridas;Pleno dia;Crescente;Sol;Simples;"Curva;Aclive";N�o;4;0;1;0;3;0;1;2;-26,898589;-52,876605;SPRF-SC;DEL07-SC;UOP02-DEL07-SC;;;
742737;31/12/2025;quarta-feira;08:03:00;CE;116;42;HORIZONTE;Condutor deixou de manter dist�ncia do ve�culo da frente;Colis�o traseira;Com V�timas Feridas;Pleno dia;Decrescente;C�u Claro;Dupla;Reta;Sim;2;0;1;0;1;0;1;2;-4,11336;-38,489882;SPRF-CE;DEL01-CE;UOP02-DEL01-CE;;;
742738;31/12/2025;quarta-feira;07:04:00;MT;364;327;CAMPO VERDE;Rea��o tardia ou ineficiente do condutor;Sa�da de leito carro��vel;Com V�timas Feridas;Pleno dia;Crescente;C�u Claro;Dupla;Curva;N�o;3;0;2;0;1;0;2;1;-15,81744;-55,40392;SPRF-MT;DEL05-MT;UOP02-DEL05-MT;;;
742740;31/12/2025;quarta-feira;08:40:00;ES;101;92;JAGUARE;Condutor deixou de manter dist�ncia do ve�culo da frente;Colis�o traseira;Com V�timas Feridas;Pleno dia;Crescente;Sol;Simples;Reta;N�o;2;0;0;1;0;1;1;2;-18,97831576;-39,99004126;SPRF-ES;DEL04-ES;UOP02-DEL04-ES;;;
742742;31/12/2025;quarta-feira;09:11:00;TO;153;148;ARAGUAINA;Acessar a via sem observar a presen�a dos outros ve�culos;Colis�o transversal;Com V�timas Feridas;Pleno dia;Crescente;C�u Claro;Dupla;Rotat�ria;Sim;3;0;1;0;2;0;1;2;-7,23169;-48,253032;SPRF-TO;DEL02-TO;UOP01-DEL02-TO;;;
742743;28/12/2025;domingo;00:40:00;BA;116;682;JEQUIE;Aus�ncia de rea��o do condutor;Colis�o lateral mesmo sentido;Sem V�timas;Plena Noite;Decrescente;C�u Claro;Simples;Reta;N�o;5;0;0;0;5;0;0;1;-13,923474;-40,158001;SPRF-BA;DEL03-BA;UOP01-DEL03-BA;;;
742744;31/12/2025;quarta-feira;08:50:00;MG;381;652;SANTO ANTONIO DO AMPARO;Aus�ncia de rea��o do condutor;Colis�o com objeto;Com V�timas Feridas;Pleno dia;Decrescente;Chuva;Dupla;Curva;N�o;2;0;1;0;1;0;1;1;-20,959364;-44,922101;SPRF-MG;DEL04-MG;UOP02-DEL04-MG;;;
742745;31/12/2025;quarta-feira;09:00:00;BA;324;1;FEIRA DE SANTANA;Rea��o tardia ou ineficiente do condutor;Colis�o traseira;Com V�timas Feridas;Pleno dia;Crescente;C�u Claro;Dupla;Reta;Sim;3;0;0;2;1;0;2;2;-12,281971;-38,945695;SPRF-BA;DEL02-BA;UOP01-DEL02-BA;;;
742747;31/12/2025;quarta-feira;09:50:00;MG;459;65,9;IPUIUNA;Avarias e/ou desgaste excessivo no pneu;Sa�da de leito carro��vel;Com V�timas Feridas;Pleno dia;Decrescente;Chuva;Simples;"Declive;Curva";N�o;4;0;1;0;3;0;1;1;-22,098637;-46,183423;SPRF-MG;DEL09-MG;UOP01-DEL09-MG;;;
742748;31/12/2025;quarta-feira;07:20:00;MG;116;528,3;CARATINGA;Aus�ncia de rea��o do condutor;Sa�da de leito carro��vel;Com V�timas Feridas;Pleno dia;Crescente;Nublado;Simples;"Curva;Aclive";Sim;1;0;1;0;0;0;1;1;-19,79997869;-42,13861942;SPRF-MG;DEL06-MG;UOP02-DEL06-MG;;;
742749;03/09/2025;quarta-feira;00:25:00;RJ;101;300;SAO GONCALO;Animais na Pista;Atropelamento de Animal;Com V�timas Feridas;Plena Noite;Decrescente;C�u Claro;Dupla;Reta;Sim;1;0;1;0;0;0;1;1;-22,77588968;-42,94529622;SPRF-RJ;DEL02-RJ;UOP02-DEL02-RJ;;;
742751;31/12/2025;quarta-feira;06:55:00;RS;287;345,5;JAGUARI;Ingest�o de �lcool pelo condutor;Colis�o frontal;Com V�timas Fatais;Amanhecer;Decrescente;C�u Claro;Simples;Reta;N�o;2;1;1;0;0;0;1;2;-29,55022177;-54,679528;SPRF-RS;DEL12-RS;UOP02-DEL12-RS;;;
742752;31/12/2025;quarta-feira;07:15:00;RS;290;53;GLORINHA;Aus�ncia de rea��o do condutor;Colis�o traseira;Com V�timas Feridas;Pleno dia;Crescente;C�u Claro;Dupla;"Declive;Reta";N�o;3;0;1;1;1;0;2;2;-29,91251967;-50,79594523;SPRF-RS;DEL03-RS;UOP01-DEL03-RS;;;
742753;31/12/2025;quarta-feira;07:50:00;SC;282;642,6;SAO MIGUEL DO OESTE;Rea��o tardia ou ineficiente do condutor;Sa�da de leito carro��vel;Com V�timas Feridas;Pleno dia;Crescente;Nublado;Simples;Curva;N�o;1;0;1;0;0;0;1;1;-26,76835339;-53,46704721;SPRF-SC;DEL07-SC;UOP03-DEL07-SC;;;
742754;31/12/2025;quarta-feira;10:00:00;SC;282;541,5;CHAPECO;Velocidade Incompat�vel;Tombamento;Com V�timas Feridas;Pleno dia;Decrescente;Nublado;Simples;"Curva;Retorno Regulamentado;Interse��o de Vias";N�o;1;0;1;0;0;0;1;1;-26,99754309;-52,70172857;SPRF-SC;DEL07-SC;UOP01-DEL07-SC;;;
742755;31/12/2025;quarta-feira;10:30:00;PE;101;57;RECIFE;Acesso irregular;Colis�o transversal;Com V�timas Feridas;Pleno dia;Crescente;C�u Claro;Dupla;Reta;Sim;3;0;2;0;1;0;2;2;-7,96279;-34,91523;SPRF-PE;DEL01-PE;UOP02-DEL01-PE;;;
742757;31/12/2025;quarta-feira;10:30:00;RJ;101;299;ITABORAI;Acesso irregular;Atropelamento de Pedestre;Com V�timas Feridas;Pleno dia;Decrescente;C�u Claro;Dupla;Reta;Sim;4;0;2;1;1;0;3;3;-22,77386889;-42,93723678;SPRF-RJ;DEL02-RJ;UOP02-DEL02-RJ;;;
742758;31/12/2025;quarta-feira;10:25:00;RS;116;362;SENTINELA DO SUL;Ultrapassagem Indevida;Colis�o lateral mesmo sentido;Com V�timas Feridas;Pleno dia;Crescente;C�u Claro;Simples;Rotat�ria;N�o;4;0;1;1;2;0;2;2;-30,63721;-51,553529;SPRF-RS;DEL02-RS;UOP02-DEL02-RS;;;
742759;30/11/2025;domingo;15:00:00;PB;104;86,2;REMIGIO;Acessar a via sem observar a presen�a dos outros ve�culos;Colis�o transversal;Sem V�timas;Pleno dia;Crescente;Sol;Simples;"Declive;Curva";Sim;2;0;0;0;2;0;0;2;-6,963011;-35,800416;SPRF-PB;DEL02-PB;UOP04-DEL02-PB;;;
742760;31/12/2025;quarta-feira;10:30:00;DF;20;10;BRASILIA;Rea��o tardia ou ineficiente do condutor;Tombamento;Com V�timas Feridas;Pleno dia;Decrescente;C�u Claro;Dupla;Declive;Sim;2;0;0;1;0;1;1;2;-15,9711232;-47,9789056;SPRF-DF;DEL02-DF;UOP01-DEL02-DF;;;
742761;31/12/2025;quarta-feira;10:20:00;PB;104;116,8;LAGOA SECA;Aus�ncia de rea��o do condutor;Queda de ocupante de ve�culo;Com V�timas Feridas;Pleno dia;Crescente;C�u Claro;Simples;"Reta;Declive";Sim;2;0;1;0;0;1;1;2;-7,181258;-35,865115;SPRF-PB;DEL02-PB;UOP04-DEL02-PB;;;
742762;31/12/2025;quarta-feira;11:00:00;BA;324;592;CANDEIAS;Aus�ncia de rea��o do condutor;Queda de ocupante de ve�culo;Com V�timas Feridas;Pleno dia;Decrescente;C�u Claro;M�ltipla;Reta;N�o;1;0;1;0;0;0;1;1;-12,66417703;-38,47054111;SPRF-BA;DEL01-BA;UOP01-DEL01-BA;;;
742765;31/12/2025;quarta-feira;05:50:00;MG;251;201,5;AGUAS VERMELHAS;Aus�ncia de rea��o do condutor;Sa�da de leito carro��vel;Com V�timas Feridas;Amanhecer;Decrescente;Nublado;Simples;Reta;N�o;2;0;1;1;0;0;2;1;-15,870808;-41,473634;SPRF-MG;DEL12-MG;UOP02-DEL12-MG;;;
742767;31/12/2025;quarta-feira;11:25:00;ES;0;0;SERRA;Rea��o tardia ou ineficiente do condutor;Colis�o com objeto;Com V�timas Feridas;Pleno dia;N�o Informado;C�u Claro;Dupla;Reta;Sim;3;0;1;0;2;0;1;2;-20,19367;-40,266663;SPRF-ES;DEL02-ES;UOP01-DEL02-ES;;;
742768;31/12/2025;quarta-feira;07:40:00;MA;135;13;SAO LUIS;Manobra de mudan�a de faixa;Colis�o lateral mesmo sentido;Com V�timas Feridas;Pleno dia;Decrescente;C�u Claro;Dupla;Declive;Sim;2;0;1;0;0;1;1;2;-2,68682;-44,29879;SPRF-MA;DEL01-MA;UOP01-DEL01-MA;;;
742769;31/12/2025;quarta-feira;11:30:00;PE;232;51;VITORIA DE SANTO ANTAO;Trafegar com motocicleta (ou similar) entre as faixas;Colis�o lateral mesmo sentido;Com V�timas Feridas;Pleno dia;Crescente;C�u Claro;Dupla;Reta;N�o;4;0;1;0;3;0;1;3;-8,137602;-35,333387;SPRF-PE;DEL02-PE;UOP02-DEL02PE;;;
742770;31/12/2025;quarta-feira;11:30:00;GO;452;3,4;RIO VERDE;Acessar a via sem observar a presen�a dos outros ve�culos;Colis�o traseira;Com V�timas Feridas;Pleno dia;Decrescente;Nublado;M�ltipla;"Curva;Retorno Regulamentado;Declive";Sim;4;0;1;0;3;0;1;2;-17,802723;-50,873578;SPRF-GO;DEL04-GO;UOP01-DEL04-GO;;;
742771;31/12/2025;quarta-feira;08:45:00;RS;101;60;MAQUINE;Velocidade Incompat�vel;Sa�da de leito carro��vel;Com V�timas Feridas;Pleno dia;Crescente;C�u Claro;Dupla;Curva;N�o;1;0;1;0;0;0;1;1;-29,67568789;-50,1416537;SPRF-RS;DEL03-RS;UOP02-DEL03-RS;;;
742773;31/12/2025;quarta-feira;10:40:00;MT;364;204;RONDONOPOLIS;Transitar na contram�o;Colis�o frontal;Com V�timas Feridas;Pleno dia;Decrescente;Sol;Simples;Curva;Sim;2;0;1;0;1;0;1;2;-16,47117906;-54,65566847;SPRF-MT;DEL02-MT;UOP01-DEL02-MT;;;
742774;31/12/2025;quarta-feira;11:40:00;SP;381;35;ATIBAIA;Demais falhas mec�nicas ou el�tricas;Capotamento;Com V�timas Feridas;Pleno dia;Crescente;C�u Claro;Dupla;Reta;Sim;4;0;3;0;1;0;3;1;-23,08210583;-46,56994772;SPRF-SP;DEL03-SP;UOP02-DEL03-SP;;;
742776;31/12/2025;quarta-feira;11:23:00;SP;116;469;JACUPIRANGA;Aus�ncia de rea��o do condutor;Tombamento;Com V�timas Feridas;Pleno dia;Crescente;C�u Claro;Dupla;Reta;N�o;2;0;0;2;0;0;2;1;-24,66346178;-47,97278345;SPRF-SP;DEL05-SP;UOP01-DEL05-SP;;;
742777;31/12/2025;quarta-feira;12:51:00;PE;101;65,6;RECIFE;Rea��o tardia ou ineficiente do condutor;Colis�o traseira;Com V�timas Feridas;Pleno dia;Crescente;Sol;M�ltipla;Reta;Sim;2;0;0;1;1;0;1;2;-8,02993068;-34,94304657;SPRF-PE;DEL01-PE;UOP01-DEL01-PE;;;
742778;31/12/2025;quarta-feira;12:10:00;RJ;40;51;PETROPOLIS;Acessar a via sem observar a presen�a dos outros ve�culos;Colis�o frontal;Com V�timas Feridas;Pleno dia;Decrescente;C�u Claro;Simples;Viaduto;N�o;3;0;1;0;2;0;1;2;-22,33336657;-43,13353655;SPRF-RJ;DEL05-RJ;UOP02-DEL05-RJ;;;
742779;31/12/2025;quarta-feira;13:40:00;ES;101;144;LINHARES;Aus�ncia de rea��o do condutor;Tombamento;Sem V�timas;Pleno dia;Crescente;C�u Claro;Simples;Reta;Sim;1;0;0;0;0;1;0;1;-19,35685855;-40,0640367;SPRF-ES;DEL04-ES;UOP01-DEL04-ES;;;
742780;31/12/2025;quarta-feira;11:30:00;MG;116;702;MURIAE;Acesso irregular;Colis�o traseira;Com V�timas Feridas;Pleno dia;Decrescente;C�u Claro;Simples;Curva;Sim;2;0;1;0;1;0;1;2;-21,1464635;-42,3813569;SPRF-MG;DEL07-MG;UOP02-DEL07-MG;;;
742781;31/12/2025;quarta-feira;11:40:00;RS;470;185;VERANOPOLIS;Avarias e/ou desgaste excessivo no pneu;Queda de ocupante de ve�culo;Com V�timas Feridas;Pleno dia;Decrescente;C�u Claro;Simples;"Aclive;Curva";N�o;1;0;1;0;0;0;1;1;-29,0062774;-51,55023186;SPRF-RS;DEL06-RS;UOP02-DEL06-RS;;;
742782;31/12/2025;quarta-feira;13:30:00;MG;40;645,6;CRISTIANO OTONI;Mal s�bito do condutor;Tombamento;Com V�timas Feridas;Pleno dia;Decrescente;C�u Claro;Simples;Reta;N�o;2;0;1;0;1;0;1;1;-20,79161;-43,810451;SPRF-MG;DEL05-MG;UOP02-DEL05-MG;;;
742783;25/11/2025;ter�a-feira;06:40:00;RJ;101;481,6;ANGRA DOS REIS;Aus�ncia de rea��o do condutor;Tombamento;Com V�timas Feridas;Pleno dia;Crescente;C�u Claro;Simples;Curva;N�o;3;0;0;1;2;0;1;2;-23,01394;-44,285597;SPRF-RJ;DEL03-RJ;UOP03-DEL03-RJ;;;
742786;31/12/2025;quarta-feira;13:05:00;SC;282;343;CAMPOS NOVOS;Acessar a via sem observar a presen�a dos outros ve�culos;Colis�o transversal;Com V�timas Feridas;Pleno dia;Crescente;Nublado;Simples;"Reta;Declive";N�o;4;0;2;0;2;0;2;2;-27,39008747;-51,22418404;SPRF-SC;DEL07-SC;UOP06-DEL07-SC;;;
742787;31/12/2025;quarta-feira;14:00:00;ES;101;268;SERRA;Acessar a via sem observar a presen�a dos outros ve�culos;Colis�o lateral mesmo sentido;Com V�timas Feridas;Pleno dia;Decrescente;C�u Claro;Dupla;Reta;Sim;4;0;0;2;2;0;2;3;-20,2042113;-40,26990892;SPRF-ES;DEL02-ES;UOP01-DEL02-ES;;;
742788;31/12/2025;quarta-feira;14:10:00;PR;116;41,7;CAMPINA GRANDE DO SUL;Velocidade Incompat�vel;Tombamento;Com V�timas Feridas;Pleno dia;Decrescente;Chuva;Dupla;Curva;N�o;2;0;2;0;0;0;2;1;-25,17651861;-48,87416017;SPRF-PR;DEL01-PR;UOP02-DEL01-PR;;;
742790;31/12/2025;quarta-feira;11:30:00;PB;101;19;RIO TINTO;Suic�dio (presumido);Sa�da de leito carro��vel;Com V�timas Fatais;Pleno dia;Decrescente;C�u Claro;Dupla;"Reta;Declive";N�o;1;1;0;0;0;0;0;1;-6,66263454;-35,11434706;SPRF-PB;DEL01-PB;UOP03-DEL01-PB;;;
742791;31/12/2025;quarta-feira;12:40:00;PR;373;446,2;CHOPINZINHO;Velocidade Incompat�vel;Sa�da de leito carro��vel;Com V�timas Feridas;Pleno dia;Decrescente;Nublado;Simples;"Curva;Aclive";N�o;3;0;3;0;0;0;3;1;-25,79618192;-52,27226257;SPRF-PR;DEL02-PR;UOP01-DEL02-PR;;;
742792;31/12/2025;quarta-feira;06:20:00;ES;101;257;SERRA;Acesso irregular;Colis�o lateral mesmo sentido;Com V�timas Feridas;Amanhecer;Crescente;C�u Claro;Dupla;Reta;N�o;3;0;2;0;0;1;2;2;-20,12374993;-40,30476843;SPRF-ES;DEL02-ES;UOP01-DEL02-ES;;;
742793;31/12/2025;quarta-feira;11:00:00;MT;70;700;CACERES;Rea��o tardia ou ineficiente do condutor;Sa�da de leito carro��vel;Com V�timas Feridas;Pleno dia;Decrescente;Nublado;Simples;Curva;N�o;2;0;1;0;1;0;1;1;-16,24919;-57,515277;SPRF-MT;DEL03-MT;UOP01-DEL03-MT;;;
742794;31/12/2025;quarta-feira;14:45:00;DF;70;13;BRASILIA;Acumulo de �gua sobre o pavimento;Colis�o traseira;Sem V�timas;Pleno dia;Crescente;Chuva;Dupla;Reta;Sim;3;0;0;0;2;1;0;3;-15,79721112;-48,17642033;SPRF-DF;DEL03-DF;UOP02-DEL03-DF;;;
742796;31/12/2025;quarta-feira;15:30:00;PR;116;17;CAMPINA GRANDE DO SUL;Rea��o tardia ou ineficiente do condutor;Sa�da de leito carro��vel;Com V�timas Feridas;Pleno dia;Decrescente;Chuva;Dupla;Reta;N�o;2;0;2;0;0;0;2;1;-25,1115304;-48,81009936;SPRF-PR;DEL01-PR;UOP02-DEL01-PR;;;
742798;31/12/2025;quarta-feira;11:50:00;GO;364;100;CACHOEIRA ALTA;Demais falhas mec�nicas ou el�tricas;Inc�ndio;Sem V�timas;Pleno dia;Decrescente;C�u Claro;Simples;"Aclive;Reta";N�o;3;0;0;0;3;0;0;1;-18,41595167;-51,09539833;SPRF-GO;DEL05-GO;UOP02-DEL05-GO;;;
742799;31/12/2025;quarta-feira;14:00:00;PR;369;152,7;LONDRINA;Velocidade Incompat�vel;Colis�o traseira;Com V�timas Feridas;Pleno dia;Crescente;C�u Claro;Dupla;Reta;Sim;6;0;3;0;3;0;3;4;-23,29329316;-51,18693922;SPRF-PR;DEL07-PR;UOP01-DEL07-PR;;;
742800;31/12/2025;quarta-feira;15:29:00;RS;116;454,6;SAO LOURENCO DO SUL;Aus�ncia de rea��o do condutor;Tombamento;Com V�timas Feridas;Pleno dia;Crescente;C�u Claro;Dupla;Reta;N�o;1;0;1;0;0;0;1;1;-31,260593;-52,001099;SPRF-RS;DEL02-RS;UOP02-DEL02-RS;;;
742803;31/12/2025;quarta-feira;16:00:00;RJ;101;314;SAO GONCALO;Condutor deixou de manter dist�ncia do ve�culo da frente;Colis�o traseira;Com V�timas Feridas;Pleno dia;Decrescente;C�u Claro;Dupla;Reta;Sim;2;0;0;1;1;0;1;2;-22,81534377;-43,07597486;SPRF-RJ;DEL02-RJ;UOP02-DEL02-RJ;;;
742804;31/12/2025;quarta-feira;15:45:00;DF;70;11;BRASILIA;Pista Escorregadia;Sa�da de leito carro��vel;Com V�timas Fatais;Pleno dia;Decrescente;Garoa/Chuvisco;Dupla;Reta;Sim;1;1;0;0;0;0;0;1;-15,789325;-48,147852;SPRF-DF;DEL03-DF;UOP02-DEL03-DF;;;
742807;31/12/2025;quarta-feira;16:30:00;SE;235;44;ITABAIANA;Demais falhas mec�nicas ou el�tricas;Queda de ocupante de ve�culo;Com V�timas Feridas;Pleno dia;Crescente;C�u Claro;Simples;Reta;N�o;1;0;0;1;0;0;1;1;-10,751279;-37,397224;SPRF-SE;DEL01-SE;UOP02-DEL01-SE;;;
742808;31/12/2025;quarta-feira;12:00:00;MG;116;324;ITAMBACURI;Condutor Dormindo;Capotamento;Com V�timas Feridas;Pleno dia;Decrescente;C�u Claro;Simples;Reta;N�o;5;0;1;1;3;0;2;1;-18,1789358;-41,7083069;SPRF-MG;DEL11-MG;UOP01-DEL11-MG;;;
742811;31/12/2025;quarta-feira;16:40:00;ES;262;36;DOMINGOS MARTINS;Aus�ncia de rea��o do condutor;Colis�o com objeto;Com V�timas Feridas;Pleno dia;Crescente;C�u Claro;Simples;"Curva;Declive";N�o;2;0;0;2;0;0;2;1;-20,382492;-40,603608;SPRF-ES;DEL01-ES;UOP01-DEL01-ES;;;
742812;31/12/2025;quarta-feira;14:10:00;RJ;116;148;DUQUE DE CAXIAS;Rea��o tardia ou ineficiente do condutor;Colis�o com objeto;Com V�timas Feridas;Pleno dia;Decrescente;C�u Claro;M�ltipla;Reta;N�o;2;0;1;0;1;0;1;1;-22,67201604;-43,28583241;SPRF-RJ;DEL01-RJ;UOP02-DEL01-RJ;;;
742815;31/12/2025;quarta-feira;17:20:00;RN;101;104;PARNAMIRIM;Aus�ncia de rea��o do condutor;Colis�o traseira;Com V�timas Feridas;Anoitecer;Decrescente;C�u Claro;M�ltipla;Reta;Sim;2;0;1;0;1;0;1;2;-5,90205106;-35,25885522;SPRF-RN;DEL01-RN;UOP01-DEL01-RN;;;
742816;31/12/2025;quarta-feira;17:00:00;SP;381;90;GUARULHOS;Condutor deixou de manter dist�ncia do ve�culo da frente;Colis�o lateral mesmo sentido;Com V�timas Feridas;Pleno dia;Crescente;C�u Claro;M�ltipla;Curva;Sim;2;0;1;0;1;0;1;2;-23,49708232;-46,55982826;SPRF-SP;DEL03-SP;UOP01-DEL03-SP;;;
742817;31/12/2025;quarta-feira;16:48:00;MG;116;526,3;CARATINGA;Acessar a via sem observar a presen�a dos outros ve�culos;Colis�o transversal;Com V�timas Feridas;Pleno dia;Decrescente;Nublado;Simples;"Interse��o de Vias;Reta";Sim;3;0;0;1;2;0;1;2;-19,78137333;-42,13270783;SPRF-MG;DEL06-MG;UOP02-DEL06-MG;;;
742819;31/12/2025;quarta-feira;17:30:00;SP;381;88;GUARULHOS;Aus�ncia de rea��o do condutor;Colis�o traseira;Sem V�timas;Pleno dia;Decrescente;Nublado;Dupla;Reta;Sim;3;0;0;0;2;1;0;2;-23,48649045;-46,55849218;SPRF-SP;DEL03-SP;UOP01-DEL03-SP;;;