id;data_inversa;dia_semana;horario;uf;br;km;municipio;causa_acidente;tipo_acidente;classificacao_acidente;fase_dia;sentido_via;condicao_metereologica;tipo_pista;tracado_via;uso_solo;pessoas;mortos;feridos_leves;feridos_graves;ilesos;ignorados;feridos;veiculos;latitude;longitude;regional;delegacia;uop;;;
742820;31/12/2025;quarta-feira;16:45:00;PR;376;645,5;TIJUCAS DO SUL;Avarias e/ou desgaste excessivo no pneu;Sa�da de leito carro��vel;Sem V�timas;Pleno dia;Crescente;Nublado;Dupla;Reta;N�o;1;0;0;0;1;0;0;1;-25,829749;-49,116659;SPRF-PR;DEL01-PR;UOP04-DEL01-PR;;;
742821;31/12/2025;quarta-feira;16:50:00;MA;135;6,6;SAO LUIS;Falta de elemento de conten��o que evite a sa�da do leito carro��vel;Sa�da de leito carro��vel;Com V�timas Feridas;Pleno dia;Decrescente;C�u Claro;Dupla;Reta;Sim;5;0;3;0;2;0;3;1;-2,633668;-44,266687;SPRF-MA;DEL01-MA;UOP01-DEL01-MA;;;
742822;31/12/2025;quarta-feira;18:20:00;SP;116;129;CACAPAVA;Avarias e/ou desgaste excessivo no pneu;Tombamento;Com V�timas Feridas;Anoitecer;Decrescente;C�u Claro;Dupla;Reta;N�o;2;0;1;0;1;0;1;1;-23,11822756;-45,71840104;SPRF-SP;DEL02-SP;UOP02-DEL02-SP;;;
742826;31/12/2025;quarta-feira;15:10:00;RJ;101;455;MANGARATIBA;Retorno proibido;Colis�o transversal;Sem V�timas;Pleno dia;Crescente;Sol;Simples;Curva;N�o;2;0;0;0;2;0;0;2;-23,0309;-44,1597;SPRF-RJ;DEL03-RJ;UOP02-DEL03-RJ;;;
742827;31/12/2025;quarta-feira;17:25:00;RO;364;178,2;PIMENTA BUENO;Avarias e/ou desgaste excessivo no pneu;Tombamento;Com V�timas Feridas;Pleno dia;Crescente;C�u Claro;Simples;Reta;N�o;2;0;2;0;0;0;2;1;-11,790178;-61,063813;SPRF-RO;DEL02-RO;UOP02-DEL02-RO;;;
742828;31/12/2025;quarta-feira;13:30:00;PB;230;253;JUAZEIRINHO;Aus�ncia de rea��o do condutor;Sa�da de leito carro��vel;Sem V�timas;Pleno dia;Crescente;C�u Claro;Simples;Reta;N�o;1;0;0;0;0;1;0;1;-7,040498;-36,661038;SPRF-PB;DEL03-PB;UOP01-DEL03-PB;;;
742829;31/12/2025;quarta-feira;18:45:00;RS;285;418,9;PANAMBI;Chuva;Sa�da de leito carro��vel;Com V�timas Feridas;Anoitecer;Decrescente;Chuva;Simples;Reta;N�o;3;0;2;0;1;0;2;1;-28,34226611;-53,54542907;SPRF-RS;DEL10-RS;UOP01-DEL10-RS;;;
742830;31/12/2025;quarta-feira;16:30:00;MG;381;497,1;BETIM;Ultrapassagem Indevida;Colis�o com objeto;Com V�timas Feridas;Pleno dia;Decrescente;C�u Claro;Dupla;"Aclive;Reta";Sim;3;0;0;1;1;1;1;2;-19,97977622;-44,20027649;SPRF-MG;DEL01-MG;UOP03-DEL01-MG;;;
742831;31/12/2025;quarta-feira;12:00:00;PR;153;68;CONSELHEIRO MAIRINCK;Aus�ncia de rea��o do condutor;Sa�da de leito carro��vel;Sem V�timas;Pleno dia;Crescente;C�u Claro;Simples;Reta;N�o;1;0;0;0;1;0;0;1;-23,52297702;-50,13194025;SPRF-PR;DEL07-PR;UOP04-DEL07-PR;;;
742833;31/12/2025;quarta-feira;18:24:00;RN;101;96;NATAL;Pedestre cruzava a pista fora da faixa;Atropelamento de Pedestre;Com V�timas Feridas;Plena Noite;Crescente;C�u Claro;Dupla;Reta;Sim;3;0;0;1;1;1;1;2;-5,856467;-35,212467;SPRF-RN;DEL01-RN;UOP01-DEL01-RN;;;
742834;31/12/2025;quarta-feira;17:30:00;SC;470;55,2;BLUMENAU;Transitar na contram�o;Colis�o frontal;Com V�timas Feridas;Pleno dia;Decrescente;Nublado;Simples;"Declive;Reta";Sim;2;0;0;2;0;0;2;2;-26,8763755;-49,1209349;SPRF-SC;DEL04-SC;UOP01-DEL04-SC;;;
742835;31/12/2025;quarta-feira;18:40:00;RN;101;84,5;NATAL;Rea��o tardia ou ineficiente do condutor;Colis�o com objeto;Com V�timas Fatais;Plena Noite;Decrescente;C�u Claro;Simples;T�nel;Sim;1;1;0;0;0;0;0;1;-5,77596357;-35,25313139;SPRF-RN;DEL02-RN;UOP01-DEL02-RN;;;
742836;31/12/2025;quarta-feira;19:12:00;PE;116;23;SALGUEIRO;Animais na Pista;Atropelamento de Animal;Com V�timas Feridas;Plena Noite;Crescente;C�u Claro;Simples;Curva;N�o;1;0;0;1;0;0;1;1;-8,046616;-39,1384016;SPRF-PE;DEL05-PE;UOP01-DEL05-PE;;;
742837;31/12/2025;quarta-feira;18:00:00;SC;101;103,8;BALNEARIO PICARRAS;Acumulo de �gua sobre o pavimento;Sa�da de leito carro��vel;Com V�timas Feridas;Plena Noite;Decrescente;Chuva;M�ltipla;"Declive;Reta";N�o;1;0;1;0;0;0;1;1;-26,79108;-48,680969;SPRF-SC;DEL03-SC;UOP02-DEL03-SC;;;
742838;31/12/2025;quarta-feira;19:00:00;SC;101;87,9;BARRA VELHA;Velocidade Incompat�vel;Colis�o com objeto;Sem V�timas;Anoitecer;Decrescente;Chuva;M�ltipla;"Declive;Curva";Sim;1;0;0;0;1;0;0;1;-26,64779148;-48,6867377;SPRF-SC;DEL03-SC;UOP02-DEL03-SC;;;
742839;31/12/2025;quarta-feira;19:30:00;GO;414;440;ANAPOLIS;Ingest�o de �lcool pelo condutor;Colis�o lateral sentido oposto;Com V�timas Feridas;Plena Noite;Crescente;C�u Claro;Simples;"Reta;Declive";Sim;2;0;0;1;1;0;1;2;-16,28106072;-48,9424578;SPRF-GO;DEL02-GO;UOP01-DEL02-GO;;;
742842;31/12/2025;quarta-feira;19:50:00;PR;376;203,5;MANDAGUARI;Acumulo de �gua sobre o pavimento;Capotamento;Com V�timas Feridas;Plena Noite;Crescente;Chuva;Dupla;"Reta;Declive";N�o;2;0;1;0;1;0;1;1;-23,52036629;-51,71845531;SPRF-PR;DEL09-PR;UOP01-DEL09-PR;;;
742843;31/12/2025;quarta-feira;16:00:00;MG;365;54;CLARO DOS POCOES;Chuva;Tombamento;Com V�timas Feridas;Pleno dia;Crescente;Chuva;Simples;"Declive;Curva";N�o;2;0;1;0;1;0;1;1;-16,957812;-44,249823;SPRF-MG;DEL12-MG;UOP01-DEL12-MG;;;
742844;31/12/2025;quarta-feira;09:55:00;PR;277;416,5;CANDOI;Velocidade Incompat�vel;Sa�da de leito carro��vel;Com V�timas Feridas;Pleno dia;Decrescente;C�u Claro;Simples;Curva;N�o;3;0;2;0;1;0;2;1;-25,4171389;-52,0580472;SPRF-PR;DEL04-PR;UOP02-DEL04-PR;;;
742845;31/12/2025;quarta-feira;20:00:00;SP;488;0;APARECIDA;Aus�ncia de rea��o do condutor;Colis�o traseira;Com V�timas Feridas;Plena Noite;Crescente;C�u Claro;Dupla;"Retorno Regulamentado;Reta";Sim;2;0;1;0;1;0;1;2;-22,85505923;-45,23277283;SPRF-SP;DEL08-SP;UOP01-DEL08-SP;;;
742846;31/12/2025;quarta-feira;19:30:00;PR;369;187;ARAPONGAS;Rea��o tardia ou ineficiente do condutor;Colis�o transversal;Com V�timas Feridas;Plena Noite;Crescente;Chuva;Simples;Reta;Sim;2;0;2;0;0;0;2;2;-23,41249597;-51,42725035;SPRF-PR;DEL07-PR;UOP03-DEL07-PR;;;
742847;31/12/2025;quarta-feira;17:50:00;AP;156;785;OIAPOQUE;Demais falhas na via;Colis�o frontal;Sem V�timas;Pleno dia;Crescente;Sol;Simples;"Reta;Declive";N�o;4;0;0;0;4;0;0;1;3,73086329;-51,77419136;SPRF-AP;DEL01-AP;UOP03-DEL01-AP;;;
742848;31/12/2025;quarta-feira;20:45:00;PR;376;650;TIJUCAS DO SUL;Rea��o tardia ou ineficiente do condutor;Capotamento;Com V�timas Feridas;Plena Noite;Crescente;Chuva;Dupla;"Curva;Declive";N�o;3;0;2;0;1;0;2;1;-25,84526;-49,079892;SPRF-PR;DEL01-PR;UOP04-DEL01-PR;;;
742849;31/12/2025;quarta-feira;20:15:00;RJ;101;288;ITABORAI;Aus�ncia de rea��o do condutor;Sa�da de leito carro��vel;Sem V�timas;Plena Noite;Decrescente;C�u Claro;Dupla;Reta;Sim;1;0;0;0;1;0;0;1;-22,76278134;-42,84911362;SPRF-RJ;DEL02-RJ;UOP02-DEL02-RJ;;;
742850;31/12/2025;quarta-feira;18:30:00;ES;101;306,8;VIANA;Acessar a via sem observar a presen�a dos outros ve�culos;Colis�o traseira;Com V�timas Feridas;Plena Noite;Crescente;C�u Claro;Dupla;Reta;N�o;2;0;1;0;0;1;1;2;-20,39886917;-40,45636296;SPRF-ES;DEL01-ES;UOP01-DEL01-ES;;;
742851;31/12/2025;quarta-feira;16:48:00;MT;174;250;JAURU;Rea��o tardia ou ineficiente do condutor;Tombamento;Com V�timas Feridas;Pleno dia;Decrescente;Nublado;Simples;Curva;N�o;2;0;1;1;0;0;2;1;-15,518955;-59,016013;SPRF-MT;DEL04-MT;UOP01-DEL04-MT;;;
742853;31/12/2025;quarta-feira;11:00:00;PE;423;182;ITAIBA;Rea��o tardia ou ineficiente do condutor;Tombamento;Com V�timas Feridas;Pleno dia;Crescente;C�u Claro;Simples;"Reta;Aclive";N�o;1;0;0;1;0;0;1;1;-9,133955;-37,165875;SPRF-AL;DEL03-AL;UOP02-DEL03-AL;;;
742854;31/12/2025;quarta-feira;10:30:00;MG;381;375;SAO GONCALO DO RIO ABAIXO;Acessar a via sem observar a presen�a dos outros ve�culos;Colis�o lateral sentido oposto;Com V�timas Feridas;Pleno dia;Crescente;C�u Claro;Simples;Curva;Sim;2;0;1;0;0;1;1;2;-19,83841412;-43,33900452;SPRF-MG;DEL01-MG;UOP01-DEL01-MG;;;
742855;29/12/2025;segunda-feira;19:05:00;MA;222;674;ACAILANDIA;Condutor deixou de manter dist�ncia do ve�culo da frente;Colis�o traseira;Com V�timas Feridas;Plena Noite;Decrescente;Nublado;Simples;Reta;Sim;3;0;2;0;1;0;2;2;-4,954792;-47,489866;SPRF-MA;DEL04-MA;UOP03-DEL04-MA;;;
742856;31/12/2025;quarta-feira;20:25:00;AL;316;130,9;MINADOR DO NEGRAO;Aus�ncia de rea��o do condutor;Colis�o traseira;Com V�timas Feridas;Plena Noite;Decrescente;C�u Claro;Simples;"Reta;Aclive";N�o;2;0;1;0;1;0;1;2;-9,39142275;-36,84402287;SPRF-AL;DEL03-AL;UOP01-DEL03-AL;;;
742857;31/12/2025;quarta-feira;20:00:00;RS;101;62;MAQUINE;Entrada inopinada do pedestre;Atropelamento de Pedestre;Com V�timas Feridas;Plena Noite;Decrescente;C�u Claro;Dupla;Reta;N�o;5;0;0;1;4;0;1;2;-29,6955976;-50,1661616;SPRF-RS;DEL03-RS;UOP02-DEL03-RS;;;
742858;31/12/2025;quarta-feira;18:30:00;MA;10;250;IMPERATRIZ;Manobra de mudan�a de faixa;Colis�o lateral mesmo sentido;Com V�timas Feridas;Anoitecer;Decrescente;C�u Claro;M�ltipla;Reta;Sim;3;0;2;0;1;0;2;2;-5,55791;-47,45496;SPRF-MA;DEL04-MA;UOP01-DEL04-MA;;;
742859;31/12/2025;quarta-feira;21:15:00;RS;116;240;NOVO HAMBURGO;Entrada inopinada do pedestre;Atropelamento de Pedestre;Com V�timas Feridas;Plena Noite;Crescente;C�u Claro;M�ltipla;Reta;N�o;2;0;1;0;1;0;1;2;-29,7081656;-51,1467028;SPRF-RS;DEL01-RS;UOP02-DEL01-RS;;;
742860;31/12/2025;quarta-feira;20:45:00;SC;101;25;JOINVILLE;Ingest�o de �lcool pelo condutor;Colis�o com objeto;Sem V�timas;Plena Noite;Crescente;Garoa/Chuvisco;Dupla;Reta;N�o;1;0;0;0;1;0;0;1;-26,18717485;-48,91181946;SPRF-SC;DEL03-SC;UOP01-DEL03-SC;;;
742861;31/12/2025;quarta-feira;19:10:00;MG;116;446,2;ENGENHEIRO CALDAS;Rea��o tardia ou ineficiente do condutor;Sa�da de leito carro��vel;Com V�timas Feridas;Plena Noite;Decrescente;C�u Claro;Simples;Reta;N�o;1;0;1;0;0;0;1;1;-19,122375;-42,010122;SPRF-MG;DEL06-MG;UOP02-DEL06-MG;;;
742862;31/12/2025;quarta-feira;20:45:00;MG;262;38;MANHUACU;Convers�o proibida;Colis�o transversal;Com V�timas Feridas;Plena Noite;Decrescente;C�u Claro;Simples;Reta;Sim;3;0;0;1;0;2;1;3;-20,25959197;-42,03231096;SPRF-MG;DEL06-MG;UOP03-DEL06-MG;;;
742863;31/12/2025;quarta-feira;20:39:00;CE;222;328,7;TIANGUA;Acessar a via sem observar a presen�a dos outros ve�culos;Colis�o transversal;Com V�timas Feridas;Plena Noite;Decrescente;C�u Claro;Simples;Reta;N�o;6;0;0;2;4;0;2;2;-3,82364584;-41,1046478;SPRF-CE;DEL04-CE;UOP02-DEL04-CE;;;
742865;31/12/2025;quarta-feira;20:40:00;SC;101;30;JOINVILLE;Rea��o tardia ou ineficiente do condutor;Tombamento;Com V�timas Feridas;Plena Noite;Crescente;Nublado;M�ltipla;Reta;Sim;1;0;1;0;0;0;1;1;-26,22680733;-48,91618475;SPRF-SC;DEL03-SC;UOP01-DEL03-SC;;;
742866;31/12/2025;quarta-feira;21:10:00;PR;277;46;MORRETES;Aus�ncia de rea��o do condutor;Colis�o traseira;Sem V�timas;Plena Noite;Crescente;Nublado;Dupla;Reta;N�o;1;0;0;0;1;0;0;1;-25,593416;-48,908625;SPRF-PR;DEL01-PR;UOP05-DEL01-PR;;;
742868;31/12/2025;quarta-feira;20:04:00;RS;386;412,5;MONTENEGRO;Acessar a via sem observar a presen�a dos outros ve�culos;Colis�o traseira;Com V�timas Feridas;Plena Noite;Decrescente;C�u Claro;Dupla;Reta;Sim;3;0;1;0;1;1;1;2;-29,81065437;-51,4966857;SPRF-RS;DEL04-RS;UOP02-DEL04-RS;;;
742869;31/12/2025;quarta-feira;18:14:00;PR;116;3;CAMPINA GRANDE DO SUL;Chuva;Sa�da de leito carro��vel;Com V�timas Feridas;Plena Noite;Decrescente;Chuva;Dupla;Curva;N�o;1;0;1;0;0;0;1;1;-25,07336387;-48,5862821;SPRF-PR;DEL01-PR;UOP02-DEL01-PR;;;
742870;31/12/2025;quarta-feira;19:00:00;BA;110;369;CATU;Rea��o tardia ou ineficiente do condutor;Colis�o traseira;Com V�timas Feridas;Plena Noite;Crescente;C�u Claro;Simples;"Reta;Aclive";N�o;3;0;2;0;1;0;2;2;-12,36444;-38,388184;SPRF-BA;DEL01-BA;UOP04-DEL01-BA;;;
742871;31/12/2025;quarta-feira;19:00:00;RJ;101;429;MANGARATIBA;Transitar na contram�o;Colis�o frontal;Com V�timas Feridas;Plena Noite;Crescente;C�u Claro;Simples;"Declive;Reta";N�o;9;0;2;0;7;0;2;2;-22,93746801;-44,00929928;SPRF-RJ;DEL03-RJ;UOP02-DEL03-RJ;;;
742872;31/12/2025;quarta-feira;21:20:00;RN;110;16,6;AREIA BRANCA;Animais na Pista;Atropelamento de Animal;Com V�timas Feridas;Plena Noite;Crescente;Nublado;Simples;Reta;Sim;1;0;1;0;0;0;1;1;-5,036298;-37,132845;SPRF-RN;DEL04-RN;UOP01-DEL04-RN;;;
742873;31/12/2025;quarta-feira;19:45:00;PI;343;23;PARNAIBA;Ingest�o de �lcool pelo condutor;Tombamento;Com V�timas Feridas;Plena Noite;Decrescente;C�u Claro;Simples;"Aclive;Reta";Sim;1;0;0;1;0;0;1;1;-3,02395525;-41,77070618;SPRF-PI;DEL05-PI;UOP01-DEL05-PI;;;
742874;31/12/2025;quarta-feira;21:10:00;SC;101;272,9;PAULO LOPES;Condutor deixou de manter dist�ncia do ve�culo da frente;Colis�o traseira;Com V�timas Feridas;Plena Noite;Crescente;C�u Claro;Dupla;Reta;Sim;2;0;0;1;1;0;1;2;-28,0771043;-48,71253;SPRF-SC;DEL02-SC;UOP03-DEL02-SC;;;
742875;31/12/2025;quarta-feira;21:00:00;GO;60;32,8;ALEXANIA;Entrada inopinada do pedestre;Atropelamento de Pedestre;Com V�timas Feridas;Plena Noite;Crescente;Nublado;Dupla;"Reta;Declive";Sim;3;0;1;0;2;0;1;2;-16,095563;-48,519348;SPRF-DF;DEL03-DF;UOP01-DEL03-DF;;;
742876;31/12/2025;quarta-feira;18:00:00;MS;158;135;APARECIDA DO TABOADO;Chuva;Colis�o lateral sentido oposto;Com V�timas Feridas;Pleno dia;Decrescente;Chuva;Simples;"Declive;Reta";N�o;2;0;1;0;1;0;1;2;-19,984454;-51,113275;SPRF-MS;DEL08-MS;UOP01-DEL08-MS;;;
742877;31/12/2025;quarta-feira;20:55:00;PR;277;687;SAO MIGUEL DO IGUACU;Mal s�bito do condutor;Colis�o com objeto;Com V�timas Feridas;Plena Noite;Decrescente;C�u Claro;Dupla;"Reta;Aclive";N�o;2;0;2;0;0;0;2;1;-25,32797154;-54,17618475;SPRF-PR;DEL05-PR;UOP01-DEL05-PR;;;
742878;31/12/2025;quarta-feira;22:00:00;RS;285;417,3;PANAMBI;Objeto est�tico sobre o leito carro��vel;Colis�o com objeto;Sem V�timas;Plena Noite;Decrescente;Nublado;Simples;Reta;N�o;4;0;0;0;3;1;0;3;-28,35168049;-53,48905294;SPRF-RS;DEL10-RS;UOP01-DEL10-RS;;;
742879;31/12/2025;quarta-feira;20:30:00;RS;290;271,6;CACHOEIRA DO SUL;Animais na Pista;Capotamento;Com V�timas Feridas;Plena Noite;Crescente;C�u Claro;Simples;Reta;N�o;2;0;2;0;0;0;2;1;-30,27473574;-52,94532236;SPRF-RS;DEL02-RS;UOP03-DEL02-RS;;;
742881;31/12/2025;quarta-feira;22:00:00;MA;316;242,1;BOM JARDIM;Ingest�o de �lcool pelo condutor;Colis�o frontal;Com V�timas Feridas;Plena Noite;Crescente;C�u Claro;Simples;Reta;N�o;3;0;0;2;0;1;2;2;-3,608232;-45,530578;SPRF-MA;DEL02-MA;UOP01-DEL02-MA;;;
742883;31/12/2025;quarta-feira;23:30:00;RS;290;84;CACHOEIRINHA;Rea��o tardia ou ineficiente do condutor;Colis�o com objeto;Sem V�timas;Plena Noite;Crescente;C�u Claro;Dupla;Reta;N�o;2;0;0;0;1;1;0;1;-29,96448654;-51,09877333;SPRF-RS;DEL01-RS;UOP01-DEL01-RS;;;
742887;31/12/2025;quarta-feira;22:25:00;PE;101;66,6;RECIFE;Acessar a via sem observar a presen�a dos outros ve�culos;Colis�o transversal;Com V�timas Feridas;Plena Noite;Crescente;C�u Claro;Dupla;"Interse��o de Vias;Reta";Sim;6;0;1;0;5;0;1;3;-8,03806;-34,94182;SPRF-PE;DEL01-PE;UOP01-DEL01-PE;;;
742895;31/12/2025;quarta-feira;20:10:00;SC;101;273;IMBITUBA;Ingest�o de �lcool pelo condutor;Colis�o lateral sentido oposto;Sem V�timas;Plena Noite;Crescente;C�u Claro;Simples;"Rotat�ria;Curva";N�o;9;0;0;0;9;0;0;2;-28,12895879;-48,69285313;SPRF-SC;DEL02-SC;UOP03-DEL02-SC;;;
742904;31/12/2025;quarta-feira;23:55:00;SP;116;458;PARIQUERA-ACU;Rea��o tardia ou ineficiente do condutor;Colis�o com objeto;Com V�timas Fatais;Plena Noite;Decrescente;C�u Claro;Simples;Interse��o de Vias;N�o;1;1;0;0;0;0;0;1;-24,60248769;-47,87618279;SPRF-SP;DEL05-SP;UOP01-DEL05-SP;;;
742913;31/12/2025;quarta-feira;22:44:00;RO;319;64;PORTO VELHO;Acessar a via sem observar a presen�a dos outros ve�culos;Colis�o transversal;Com V�timas Feridas;Plena Noite;Crescente;Nublado;Dupla;Reta;Sim;2;0;1;0;1;0;1;2;-8,76747087;-63,88424126;SPRF-RO;DEL01-RO;UOP01-DEL01-RO;;;
742932;31/01/2025;sexta-feira;20:20:00;BA;324;525;FEIRA DE SANTANA;Condutor Dormindo;Queda de ocupante de ve�culo;Com V�timas Feridas;Pleno dia;Crescente;C�u Claro;Dupla;Reta;N�o;1;0;1;0;0;0;1;1;-12,3289337;-38,86207581;SPRF-BA;DEL01-BA;UOP03-DEL01-BA;;;
742934;31/12/2025;quarta-feira;22:45:00;RN;304;24,3;MOSSORO;Velocidade Incompat�vel;Sa�da de leito carro��vel;Com V�timas Feridas;Plena Noite;Crescente;C�u Claro;Simples;Rotat�ria;N�o;1;0;1;0;0;0;1;1;-5,066408;-37,330782;SPRF-RN;DEL04-RN;UOP02-DEL04-RN;;;
742945;31/12/2025;quarta-feira;18:00:00;MG;365;860;SANTA VITORIA;Aus�ncia de rea��o do condutor;Sa�da de leito carro��vel;Com V�timas Feridas;Anoitecer;Decrescente;C�u Claro;Simples;"Interse��o de Vias;Reta";N�o;1;0;0;1;0;0;1;1;-19,04116244;-50,41149884;SPRF-MG;DEL15-MG;UOP03-DEL15-MG;;;
742958;28/12/2025;domingo;15:20:00;MA;135;1;SAO LUIS;Acessar a via sem observar a presen�a dos outros ve�culos;Colis�o lateral mesmo sentido;Com V�timas Feridas;Pleno dia;Crescente;C�u Claro;Dupla;Reta;Sim;3;0;2;0;0;1;2;2;-2,594725;-44,255505;SPRF-MA;DEL01-MA;UOP01-DEL01-MA;;;
742969;22/11/2025;s�bado;21:40:00;RJ;101;473;ANGRA DOS REIS;Aus�ncia de rea��o do condutor;Tombamento;Com V�timas Feridas;Plena Noite;Crescente;Nublado;Simples;Reta;N�o;2;0;1;1;0;0;2;1;-22,98964785;-44,24183518;SPRF-RJ;DEL03-RJ;UOP03-DEL03-RJ;;;
743044;31/12/2025;quarta-feira;16:00:00;MG;251;502;FRANCISCO SA;Pista Escorregadia;Colis�o lateral sentido oposto;Sem V�timas;Pleno dia;Decrescente;Chuva;Simples;Reta;N�o;3;0;0;0;3;0;0;1;-16,49499141;-43,52508545;SPRF-MG;DEL12-MG;UOP01-DEL12-MG;;;
743079;11/11/2025;ter�a-feira;07:20:00;PE;101;51;ABREU E LIMA;Condutor deixou de manter dist�ncia do ve�culo da frente;Engavetamento;Com V�timas Feridas;Pleno dia;Crescente;C�u Claro;M�ltipla;Reta;Sim;4;0;0;1;3;0;1;4;-7,91584288;-34,89813415;SPRF-PE;DEL01-PE;UOP02-DEL01-PE;;;
743081;20/12/2025;s�bado;21:45:00;SC;280;259,4;CANOINHAS;Transitar na contram�o;Colis�o frontal;Sem V�timas;Plena Noite;Crescente;C�u Claro;Simples;Reta;N�o;5;0;0;0;4;1;0;2;-26,262643;-50,632103;SPRF-SC;DEL06-SC;UOP04-DEL06-SC;;;
743098;24/02/2025;segunda-feira;16:30:00;BA;116;462,4;SANTO ESTEVAO;Aus�ncia de rea��o do condutor;Queda de ocupante de ve�culo;Com V�timas Feridas;Pleno dia;Crescente;C�u Claro;Dupla;Reta;Sim;1;0;0;1;0;0;1;1;-12,45231718;-39,25444222;SPRF-BA;DEL02-BA;UOP01-DEL02-BA;;;
743130;23/11/2025;domingo;17:35:00;RN;304;217;CAICARA DO RIO DO VENTO;Transitar na contram�o;Colis�o frontal;Com V�timas Feridas;Anoitecer;Crescente;C�u Claro;Simples;Reta;Sim;4;0;2;1;0;1;3;3;-5,757437;-36,010972;SPRF-RN;DEL01-RN;UOP03-DEL01-RN;;;
743131;29/12/2025;segunda-feira;23:15:00;RJ;493;1,5;ITABORAI;Objeto est�tico sobre o leito carro��vel;Queda de ocupante de ve�culo;Com V�timas Feridas;Plena Noite;Decrescente;C�u Claro;M�ltipla;Reta;Sim;1;0;1;0;0;0;1;1;-22,76364204;-42,92821733;SPRF-RJ;DEL02-RJ;UOP02-DEL02-RJ;;;
743146;01/12/2025;segunda-feira;16:00:00;MG;40;606,8;CONGONHAS;Acessar a via sem observar a presen�a dos outros ve�culos;Colis�o transversal;Com V�timas Feridas;Pleno dia;Decrescente;C�u Claro;Simples;Reta;N�o;2;0;1;0;1;0;1;2;-20,4779397;-43,8417937;SPRF-MG;DEL05-MG;UOP02-DEL05-MG;;;
743162;14/12/2025;domingo;09:30:00;GO;452;192;ITUMBIARA;Rea��o tardia ou ineficiente do condutor;Capotamento;Com V�timas Feridas;Pleno dia;Decrescente;C�u Claro;Simples;Reta;N�o;3;0;1;0;2;0;1;1;-18,2910677;-49,238611;SPRF-GO;DEL03-GO;UOP02-DEL03-GO;;;
743168;14/12/2025;domingo;05:54:00;MG;40;548;NOVA LIMA;Velocidade Incompat�vel;Sa�da de leito carro��vel;Sem V�timas;Pleno dia;Decrescente;C�u Claro;Dupla;"Aclive;Curva";N�o;1;0;0;0;0;1;0;1;-20,0374532;-43,9695639;SPRF-MG;DEL01-MG;UOP02-DEL01-MG;;;
743175;23/12/2025;ter�a-feira;07:00:00;SC;153;100;CONCORDIA;Animais na Pista;Colis�o lateral sentido oposto;Com V�timas Feridas;Pleno dia;Crescente;C�u Claro;Simples;Reta;N�o;2;0;1;0;1;0;1;2;-27,244349;-51,9513317;SPRF-SC;DEL07-SC;UOP04-DEL07-SC;;;
743184;31/12/2025;quarta-feira;21:55:00;AC;364;703;CRUZEIRO DO SUL;Rea��o tardia ou ineficiente do condutor;Colis�o traseira;Com V�timas Feridas;Plena Noite;Decrescente;C�u Claro;Simples;Reta;N�o;6;0;4;2;0;0;6;2;-7,772997;-72,207315;SPRF-AC;DEL01-AC;UOP03-DEL01-AC;;;
743221;15/08/2025;sexta-feira;08:30:00;PE;407;129;PETROLINA;Acessar a via sem observar a presen�a dos outros ve�culos;Queda de ocupante de ve�culo;Com V�timas Feridas;Pleno dia;Decrescente;Ignorado;Dupla;Viaduto;N�o;1;0;1;0;0;0;1;1;-9,3168226;-40,4579886;SPRF-PE;DEL06-PE;UOP01-DEL06-PE;;;
743255;12/10/2025;domingo;20:20:00;ES;101;71,8;SAO MATEUS;Frear bruscamente;Queda de ocupante de ve�culo;Com V�timas Feridas;Plena Noite;Crescente;C�u Claro;Simples;"Reta;Aclive";N�o;1;0;0;1;0;0;1;1;-18,76157071;-39,86353657;SPRF-ES;DEL04-ES;UOP02-DEL04-ES;;;
743257;12/12/2025;sexta-feira;10:10:00;MG;40;531;CONTAGEM;Transitar no Acostamento;Colis�o lateral mesmo sentido;Com V�timas Feridas;Pleno dia;Crescente;C�u Claro;Dupla;Reta;Sim;2;0;2;0;0;0;2;2;-19,921178;-44,02361;SPRF-MG;DEL01-MG;UOP02-DEL01-MG;;;
743282;28/09/2025;domingo;05:16:00;SP;116;148;SAO JOSE DOS CAMPOS;Rea��o tardia ou ineficiente do condutor;Colis�o traseira;Com V�timas Fatais;Amanhecer;Crescente;Sol;Dupla;Reta;Sim;5;1;1;0;1;2;1;4;-23,20083557;-45,87980425;SPRF-SP;DEL02-SP;UOP01-DEL02-SP;;;
743375;27/11/2025;quinta-feira;17:30:00;RJ;101;460,9;ANGRA DOS REIS;Aus�ncia de rea��o do condutor;Tombamento;Com V�timas Feridas;Pleno dia;Crescente;C�u Claro;Simples;Curva;N�o;1;0;0;1;0;0;1;1;-23,00120701;-44,22781885;SPRF-RJ;DEL03-RJ;UOP03-DEL03-RJ;;;
743495;13/09/2025;s�bado;19:50:00;MG;267;124,5;JUIZ DE FORA;Curva acentuada;Colis�o com objeto;Com V�timas Feridas;Plena Noite;Decrescente;C�u Claro;Simples;Curva;N�o;1;0;1;0;0;0;1;1;-21,705081;-43,503136;SPRF-MG;DEL05-MG;UOP01-DEL05-MG;;;
743560;31/12/2025;quarta-feira;23:30:00;RJ;116;82;TERESOPOLIS;Rea��o tardia ou ineficiente do condutor;Colis�o transversal;Com V�timas Feridas;Plena Noite;Decrescente;Nublado;Simples;Reta;Sim;3;0;2;0;1;0;2;2;-22,39198367;-42,95310974;SPRF-RJ;DEL04-RJ;UOP01-DEL04-RJ;;;