id;data_inversa;dia_semana;horario;uf;br;km;municipio;causa_acidente;tipo_acidente;classificacao_acidente;fase_dia;sentido_via;condicao_metereologica;tipo_pista;tracado_via;uso_solo;pessoas;mortos;feridos_leves;feridos_graves;ilesos;ignorados;feridos;veiculos;latitude;longitude;regional;delegacia;uop;;;
743569;08/12/2025;segunda-feira;08:30:00;RJ;465;16,3;NOVA IGUACU;Aus�ncia de rea��o do condutor;Colis�o transversal;Com V�timas Feridas;Pleno dia;Decrescente;C�u Claro;Simples;Reta;N�o;2;0;1;0;1;0;1;2;-22,82112895;-43,62114642;SPRF-RJ;DEL06-RJ;UOP02-DEL06-RJ;;;
743570;22/12/2025;segunda-feira;04:40:00;MT;364;568;NOBRES;Condutor Dormindo;Sa�da de leito carro��vel;Com V�timas Feridas;Amanhecer;Crescente;Chuva;Dupla;Reta;N�o;27;0;26;0;1;0;26;1;-14,6752;-56,299536;SPRF-MT;DEL01-MT;UOP01-DEL01-MT;;;
743706;09/11/2025;domingo;18:09:00;PA;163;311;NOVO PROGRESSO;Acessar a via sem observar a presen�a dos outros ve�culos;Colis�o frontal;Com V�timas Feridas;Anoitecer;Crescente;Ignorado;Simples;Reta;N�o;2;0;1;0;1;0;1;2;-7,036998;-55,41607;SPRF-PA;DEL05-PA;UOP03-DEL05-PA;;;
743787;10/11/2025;segunda-feira;15:00:00;PB;230;138,3;CAMPINA GRANDE;Demais falhas mec�nicas ou el�tricas;Inc�ndio;Sem V�timas;Pleno dia;Crescente;Sol;Dupla;Reta;N�o;3;0;0;0;3;0;0;1;-7,26999044;-35,788463;SPRF-PB;DEL02-PB;UOP01-DEL02-PB;;;
743808;01/12/2025;segunda-feira;07:10:00;RJ;116;111;GUAPIMIRIM;Rea��o tardia ou ineficiente do condutor;Atropelamento de Pedestre;Com V�timas Feridas;Pleno dia;Crescente;Sol;Dupla;Reta;Sim;2;0;0;1;1;0;1;2;-22,55733864;-42,99452305;SPRF-RJ;DEL04-RJ;UOP02-DEL04-RJ;;;
743846;31/12/2025;quarta-feira;06:45:00;MT;163;119;RONDONOPOLIS;Acessar a via sem observar a presen�a dos outros ve�culos;Colis�o transversal;Com V�timas Feridas;Amanhecer;Decrescente;C�u Claro;Dupla;"Rotat�ria;Reta";Sim;2;0;1;0;1;0;1;2;-16,48977778;-54,64714978;SPRF-MT;DEL02-MT;UOP01-DEL02-MT;;;
743851;18/11/2025;ter�a-feira;18:00:00;SP;116;485;CAJATI;Chuva;Sa�da de leito carro��vel;Com V�timas Feridas;Anoitecer;Decrescente;Chuva;Dupla;Reta;N�o;1;0;0;1;0;0;1;1;-24,72169129;-48,07613896;SPRF-SP;DEL05-SP;UOP01-DEL05-SP;;;
743872;02/12/2025;ter�a-feira;17:00:00;PB;230;166,1;CAMPINA GRANDE;Transitar na contram�o;Colis�o frontal;Com V�timas Feridas;Anoitecer;Decrescente;Vento;Simples;Reta;Sim;2;0;0;1;1;0;1;2;-7,197732;-35,954942;SPRF-PB;DEL02-PB;UOP02-DEL02-PB;;;
743884;31/12/2025;quarta-feira;09:32:00;PB;230;249,8;JUAZEIRINHO;Aus�ncia de rea��o do condutor;Atropelamento de Pedestre;Com V�timas Feridas;Pleno dia;Decrescente;C�u Claro;Simples;Reta;N�o;2;0;0;1;1;0;1;2;-7,065756;-36,645447;SPRF-PB;DEL02-PB;UOP02-DEL02-PB;;;
743920;09/11/2025;domingo;20:30:00;RN;110;100;UPANEMA;Manobra de mudan�a de faixa;Colis�o lateral mesmo sentido;Com V�timas Feridas;Plena Noite;Decrescente;C�u Claro;Dupla;Reta;N�o;2;0;1;0;1;0;1;2;-5,63561528;-37,26255873;SPRF-RN;DEL04-RN;UOP01-DEL04-RN;;;
743999;25/06/2025;quarta-feira;06:50:00;AL;101;144,2;SAO MIGUEL DOS CAMPOS;Acumulo de �gua sobre o pavimento;Colis�o com objeto;Com V�timas Feridas;Pleno dia;Decrescente;Chuva;Dupla;"Reta;Declive";N�o;1;0;1;0;0;0;1;1;-9,82812175;-36,12793621;SPRF-AL;DEL02-AL;UOP01-DEL02-AL;;;
744002;23/12/2025;ter�a-feira;11:30:00;PR;376;615;SAO JOSE DOS PINHAIS;Rea��o tardia ou ineficiente do condutor;Queda de ocupante de ve�culo;Com V�timas Feridas;Pleno dia;Crescente;C�u Claro;Dupla;"Reta;Aclive";N�o;4;0;1;1;2;0;2;2;-25,57835;-49,178748;SPRF-PR;DEL01-PR;UOP04-DEL01-PR;;;
744013;10/12/2025;quarta-feira;00:20:00;PA;316;62;CASTANHAL;Objeto est�tico sobre o leito carro��vel;Colis�o com objeto;Sem V�timas;Plena Noite;Decrescente;Ignorado;Dupla;Reta;Sim;2;0;0;0;2;0;0;1;-1,29678728;-47,93017957;SPRF-PA;DEL01-PA;UOP01-DEL01-PA;;;
744038;28/10/2025;ter�a-feira;07:10:00;PI;343;3;TERESINA;Acessar a via sem observar a presen�a dos outros ve�culos;Colis�o transversal;Com V�timas Feridas;Pleno dia;Crescente;Ignorado;Dupla;Reta;Sim;3;0;0;1;1;1;1;2;-5,08116594;-42,77433944;SPRF-PI;DEL01-PI;UOP01-DEL01-PI;;;
744042;26/12/2025;sexta-feira;05:45:00;TO;153;301;PRESIDENTE KENNEDY;Rea��o tardia ou ineficiente do condutor;Colis�o frontal;Com V�timas Feridas;Amanhecer;Crescente;C�u Claro;Simples;"Declive;Reta";N�o;3;0;0;1;2;0;1;2;-8,54214;-48,483127;SPRF-TO;DEL02-TO;UOP02-DEL02-TO;;;
744052;29/12/2025;segunda-feira;19:20:00;RJ;493;2;ITABORAI;Aus�ncia de sinaliza��o;Atropelamento de Pedestre;Com V�timas Feridas;Plena Noite;Crescente;C�u Claro;Dupla;Reta;N�o;2;0;1;1;0;0;2;2;-22,7787139;-42,89611816;SPRF-RJ;DEL02-RJ;UOP02-DEL02-RJ;;;
744057;20/12/2025;s�bado;07:50:00;MG;381;537;ITATIAIUCU;Pista Escorregadia;Sa�da de leito carro��vel;Com V�timas Feridas;Pleno dia;Decrescente;Chuva;Dupla;Curva;N�o;2;0;2;0;0;0;2;1;-20,20936749;-44,39060211;SPRF-MG;DEL04-MG;UOP03-DEL04-MG;;;
744120;09/12/2025;ter�a-feira;16:30:00;PR;476;29;ADRIANOPOLIS;Curva acentuada;Queda de ocupante de ve�culo;Com V�timas Feridas;Pleno dia;Crescente;Chuva;Simples;Curva;N�o;2;0;0;1;1;0;1;2;-24,806119;-49,041187;SPRF-PR;DEL01-PR;UOP01-DEL01-PR;;;
744138;26/12/2025;sexta-feira;06:30:00;BA;101;776;ITABELA;Objeto est�tico sobre o leito carro��vel;Tombamento;Com V�timas Feridas;Pleno dia;Decrescente;C�u Claro;Simples;Reta;N�o;1;0;1;0;0;0;1;1;-16,73024901;-39,45602417;SPRF-BA;DEL09-BA;UOP01-DEL09-BA;;;
744145;13/12/2025;s�bado;16:40:00;RJ;116;212;SEROPEDICA;Ingest�o de �lcool pelo condutor;Colis�o traseira;Sem V�timas;Pleno dia;Crescente;C�u Claro;Dupla;Reta;N�o;3;0;0;0;3;0;0;2;-22,71633669;-43,7167546;SPRF-RJ;DEL06-RJ;UOP02-DEL06-RJ;;;
744180;21/12/2025;domingo;22:50:00;BA;420;234,9;LAJE;Ultrapassagem Indevida;Capotamento;Com V�timas Feridas;Plena Noite;Crescente;C�u Claro;Simples;Reta;N�o;1;0;1;0;0;0;1;1;-13,16874743;-39,31874847;SPRF-BA;DEL01-BA;UOP02-DEL01-BA;;;
744194;07/09/2025;domingo;05:20:00;MG;40;361;FELIXLANDIA;Aus�ncia de rea��o do condutor;Colis�o lateral sentido oposto;Com V�timas Feridas;Amanhecer;Decrescente;C�u Claro;Simples;Reta;N�o;2;0;1;0;1;0;1;2;-18,757803;-44,8442551;SPRF-MG;DEL02-MG;UOP01-DEL02-MG;;;
744197;13/11/2025;quinta-feira;07:30:00;SP;381;41;ATIBAIA;Trafegar com motocicleta (ou similar) entre as faixas;Colis�o traseira;Com V�timas Feridas;Amanhecer;Decrescente;Nublado;Dupla;"Declive;Reta";Sim;2;0;1;0;1;0;1;2;-23,13663766;-46,5758392;SPRF-SP;DEL03-SP;UOP01-DEL03-SP;;;
744204;18/12/2025;quinta-feira;19:24:00;TO;153;496;PARAISO DO TOCANTINS;Rea��o tardia ou ineficiente do condutor;Colis�o traseira;Com V�timas Feridas;Plena Noite;Crescente;Chuva;Simples;Reta;Sim;4;0;2;0;2;0;2;3;-10,166;-48,881;SPRF-TO;DEL01-TO;UOP01-DEL01-TO;;;
744282;30/12/2025;ter�a-feira;19:00:00;SC;282;3;FLORIANOPOLIS;Aus�ncia de rea��o do condutor;Queda de ocupante de ve�culo;Com V�timas Feridas;Anoitecer;Crescente;Garoa/Chuvisco;M�ltipla;Reta;Sim;2;0;1;0;1;0;1;2;-27,59938534;-48,60022254;SPRF-SC;DEL01-SC;UOP01-DEL01-SC;;;
744340;07/12/2025;domingo;09:45:00;PB;101;101;ALHANDRA;Rea��o tardia ou ineficiente do condutor;Colis�o lateral mesmo sentido;Com V�timas Feridas;Pleno dia;Crescente;C�u Claro;Dupla;Reta;Sim;4;0;2;1;0;1;3;3;-7,27716541;-34,93871212;SPRF-PB;DEL01-PB;UOP01-DEL01-PB;;;
744400;28/11/2025;sexta-feira;19:14:00;PE;428;190;PETROLINA;Rea��o tardia ou ineficiente do condutor;Queda de ocupante de ve�culo;Com V�timas Feridas;Plena Noite;Crescente;Ignorado;M�ltipla;Reta;Sim;1;0;1;0;0;0;1;1;-9,37786515;-40,50503679;SPRF-PE;DEL06-PE;UOP01-DEL06-PE;;;
744426;10/12/2025;quarta-feira;20:00:00;PR;153;484;GENERAL CARNEIRO;Demais falhas mec�nicas ou el�tricas;Inc�ndio;Sem V�timas;Plena Noite;Crescente;Ignorado;Simples;Reta;N�o;1;0;0;0;1;0;0;1;-26,42029079;-51,29996046;SPRF-PR;DEL02-PR;UOP03-DEL02-PR;;;
744428;15/12/2025;segunda-feira;11:27:00;BA;349;1002;CORRENTINA;Demais falhas na via;Sa�da de leito carro��vel;Com V�timas Feridas;Pleno dia;Crescente;C�u Claro;Simples;Reta;N�o;3;0;2;0;1;0;2;1;-13,60394;-45,18914;SPRF-BA;DEL10-BA;UOP02-DEL10-BA;;;
744436;10/12/2025;quarta-feira;13:20:00;RN;101;122;SAO JOSE DE MIPIBU;Acessar a via sem observar a presen�a dos outros ve�culos;Colis�o lateral mesmo sentido;Com V�timas Feridas;Pleno dia;Decrescente;C�u Claro;Dupla;Reta;Sim;2;0;1;0;0;1;1;2;-6,0525261;-35,24358535;SPRF-RN;DEL01-RN;UOP01-DEL01-RN;;;
744439;15/12/2025;segunda-feira;14:00:00;MG;365;314;JOAO PINHEIRO;Demais falhas mec�nicas ou el�tricas;Sa�da de leito carro��vel;Com V�timas Feridas;Pleno dia;Decrescente;C�u Claro;Simples;Reta;N�o;1;0;1;0;0;0;1;1;-18,218847;-45,846565;SPRF-MG;DEL10-MG;UOP02-DEL010-MG;;;
744459;12/12/2025;sexta-feira;05:20:00;RJ;116;174;RIO DE JANEIRO;Aus�ncia de rea��o do condutor;Colis�o lateral mesmo sentido;Com V�timas Feridas;Pleno dia;Decrescente;C�u Claro;Dupla;Reta;N�o;3;0;2;0;1;0;2;2;-22,80481119;-43,34530002;SPRF-RJ;DEL06-RJ;UOP01-DEL06-RJ;;;
744530;29/11/2025;s�bado;04:37:00;ES;101;32,4;CONCEICAO DA BARRA;Entrada inopinada do pedestre;Atropelamento de Pedestre;Com V�timas Fatais;Amanhecer;Crescente;Nevoeiro/Neblina;Simples;Reta;Sim;2;1;0;0;1;0;0;2;-18,433644;-39,933722;SPRF-ES;DEL04-ES;UOP02-DEL04-ES;;;
744548;04/12/2025;quinta-feira;10:30:00;GO;153;438;ANAPOLIS;Rea��o tardia ou ineficiente do condutor;Colis�o lateral mesmo sentido;Com V�timas Feridas;Pleno dia;Crescente;C�u Claro;Dupla;Reta;Sim;2;0;1;0;0;1;1;2;-16,31574;-48,92182;SPRF-GO;DEL02-GO;UOP01-DEL02-GO;;;
744574;12/12/2025;sexta-feira;17:32:00;PR;277;586;CASCAVEL;Manobra de mudan�a de faixa;Colis�o lateral mesmo sentido;Sem V�timas;Anoitecer;Crescente;Nublado;M�ltipla;Interse��o de Vias;Sim;3;0;0;0;2;1;0;3;-24,9646255;-53,4089159;SPRF-PR;DEL04-PR;UOP01-DEL04-PR;;;
744581;26/12/2025;sexta-feira;17:20:00;PR;277;242,7;IRATI;Convers�o proibida;Colis�o transversal;Com V�timas Feridas;Pleno dia;Decrescente;C�u Claro;Simples;"Reta;Aclive";N�o;6;0;0;2;3;1;2;3;-25,46269894;-50,59538768;SPRF-PR;DEL08-PR;UOP02-DEL08-PR;;;
744596;10/11/2025;segunda-feira;16:30:00;MG;381;482,7;BETIM;Velocidade Incompat�vel;Tombamento;Com V�timas Feridas;Pleno dia;Crescente;C�u Claro;M�ltipla;"Declive;Reta";Sim;1;0;0;1;0;0;1;1;-19,9581296;-44,076519;SPRF-MG;DEL01-MG;UOP03-DEL01-MG;;;
744598;05/10/2025;domingo;12:10:00;PB;230;87,5;GURINHEM;Manobra de mudan�a de faixa;Colis�o traseira;Com V�timas Feridas;Pleno dia;Decrescente;Sol;Dupla;Reta;N�o;2;0;1;0;1;0;1;2;-7,17077609;-35,38172571;SPRF-PB;DEL01-PB;UOP02-DEL01-PB;;;
744620;15/12/2025;segunda-feira;10:00:00;MG;251;513;MONTES CLAROS;Ingest�o de �lcool pelo condutor;Colis�o frontal;Com V�timas Feridas;Pleno dia;Decrescente;Nublado;Simples;"Reta;Ponte";N�o;3;0;3;0;0;0;3;2;-16,653678;-43,7179786;SPRF-MG;DEL12-MG;UOP01-DEL12-MG;;;
744760;15/11/2025;s�bado;22:20:00;GO;153;650;MORRINHOS;Aus�ncia de rea��o do condutor;Queda de ocupante de ve�culo;Sem V�timas;Plena Noite;Decrescente;C�u Claro;Dupla;Reta;N�o;2;0;0;0;0;2;0;1;-17,7354025;-49,1114407;SPRF-GO;DEL03-GO;UOP01-DEL03-GO;;;
744800;23/11/2025;domingo;20:00:00;GO;153;428;ANAPOLIS;Manobra de mudan�a de faixa;Colis�o lateral mesmo sentido;Com V�timas Feridas;Plena Noite;Crescente;C�u Claro;Dupla;"Reta;Retorno Regulamentado";N�o;3;0;1;0;2;0;1;2;-16,25072208;-48,99629795;SPRF-GO;DEL02-GO;UOP01-DEL02-GO;;;
744819;19/11/2025;quarta-feira;19:05:00;SC;280;236;CANOINHAS;Acessar a via sem observar a presen�a dos outros ve�culos;Colis�o frontal;Com V�timas Fatais;Pleno dia;Crescente;C�u Claro;Simples;"Reta;Aclive";Sim;3;1;0;2;0;0;2;2;-26,19432794;-50,42206407;SPRF-SC;DEL06-SC;UOP04-DEL06-SC;;;
744837;18/10/2025;s�bado;15:25:00;RN;101;81,6;NATAL;Trafegar com motocicleta (ou similar) entre as faixas;Colis�o lateral mesmo sentido;Com V�timas Feridas;Pleno dia;Decrescente;Sol;Dupla;Reta;Sim;3;0;0;2;0;1;2;2;-5,7658795;-35,2796305;SPRF-RN;DEL02-RN;UOP01-DEL02-RN;;;
744953;27/11/2025;quinta-feira;10:10:00;RJ;116;181;NOVA IGUACU;Aus�ncia de rea��o do condutor;Colis�o lateral mesmo sentido;Com V�timas Feridas;Pleno dia;Crescente;C�u Claro;Dupla;Reta;N�o;2;0;1;0;1;0;1;2;-22,7585969;-43,42822015;SPRF-RJ;DEL06-RJ;UOP01-DEL06-RJ;;;
744955;27/10/2025;segunda-feira;18:00:00;MG;381;486,5;BETIM;Rea��o tardia ou ineficiente do condutor;Engavetamento;Com V�timas Feridas;Plena Noite;Crescente;C�u Claro;M�ltipla;Reta;Sim;3;0;1;0;2;0;1;3;-19,95580707;-44,1105458;SPRF-MG;DEL01-MG;UOP03-DEL01-MG;;;
744962;24/11/2025;segunda-feira;16:30:00;RJ;101;442;MANGARATIBA;Rea��o tardia ou ineficiente do condutor;Capotamento;Com V�timas Feridas;Pleno dia;Decrescente;Chuva;Simples;"Declive;Curva";N�o;3;0;1;1;1;0;2;1;-22,97995195;-44,08308014;SPRF-RJ;DEL03-RJ;UOP02-DEL03-RJ;;;
744978;28/10/2025;ter�a-feira;15:00:00;MA;226;547,9;PORTO FRANCO;Acumulo de areia ou detritos sobre o pavimento;Sa�da de leito carro��vel;Com V�timas Feridas;Pleno dia;Crescente;C�u Claro;Simples;Reta;N�o;1;0;1;0;0;0;1;1;-6,263718;-47,19904;SPRF-MA;DEL04-MA;UOP02-DEL04-MA;;;
744989;22/12/2025;segunda-feira;17:30:00;RJ;116;180;NOVA IGUACU;Rea��o tardia ou ineficiente do condutor;Colis�o com objeto;Com V�timas Feridas;Anoitecer;Crescente;Ignorado;Dupla;Reta;Sim;1;0;1;0;0;0;1;1;-22,74325614;-43,45779419;SPRF-RJ;DEL06-RJ;UOP01-DEL06-RJ;;;
745088;07/09/2025;domingo;17:00:00;MG;40;508,8;RIBEIRAO DAS NEVES;Acessar a via sem observar a presen�a dos outros ve�culos;Colis�o lateral mesmo sentido;Com V�timas Feridas;Pleno dia;Crescente;C�u Claro;Dupla;"Reta;Retorno Regulamentado";Sim;3;0;0;2;0;1;2;2;-19,76557945;-44,13020754;SPRF-MG;DEL01-MG;UOP02-DEL01-MG;;;
745144;27/12/2025;s�bado;10:25:00;MG;40;513;RIBEIRAO DAS NEVES;Condutor deixou de manter dist�ncia do ve�culo da frente;Colis�o lateral mesmo sentido;Com V�timas Feridas;Pleno dia;Decrescente;C�u Claro;Dupla;"Reta;Declive";N�o;3;0;0;1;2;0;1;3;-19,7909372;-44,1121063;SPRF-MG;DEL01-MG;UOP02-DEL01-MG;;;
745227;07/12/2025;domingo;20:30:00;SC;101;79;ARAQUARI;Acessar a via sem observar a presen�a dos outros ve�culos;Colis�o traseira;Com V�timas Feridas;Plena Noite;Decrescente;C�u Claro;M�ltipla;Retorno Regulamentado;N�o;3;0;2;0;1;0;2;2;-26,59555423;-48,7227544;SPRF-SC;DEL03-SC;UOP02-DEL03-SC;;;
745236;24/12/2025;quarta-feira;19:56:00;MA;135;5;SAO LUIS;Acessar a via sem observar a presen�a dos outros ve�culos;Colis�o traseira;Com V�timas Feridas;Plena Noite;Crescente;C�u Claro;Dupla;Reta;Sim;3;0;1;0;2;0;1;2;-2,624065;-44,249837;SPRF-MA;DEL01-MA;UOP01-DEL01-MA;;;
745239;21/09/2025;domingo;18:00:00;MG;262;35;MANHUACU;Ultrapassagem Indevida;Colis�o transversal;Com V�timas Feridas;Anoitecer;Decrescente;C�u Claro;Simples;Reta;Sim;2;0;0;1;1;0;1;2;-20,259394;-42,031821;SPRF-MG;DEL06-MG;UOP03-DEL06-MG;;;
745254;23/12/2025;ter�a-feira;21:20:00;MG;40;359,1;FELIXLANDIA;Manobra de mudan�a de faixa;Colis�o frontal;Com V�timas Fatais;Plena Noite;Decrescente;C�u Claro;Simples;"Declive;Reta";N�o;3;2;0;1;0;0;1;2;-18,73421649;-44,86936569;SPRF-MG;DEL02-MG;UOP01-DEL02-MG;;;
745274;21/11/2025;sexta-feira;20:00:00;SC;101;206,9;SAO JOSE;Acessar a via sem observar a presen�a dos outros ve�culos;Colis�o transversal;Com V�timas Feridas;Plena Noite;Crescente;Garoa/Chuvisco;M�ltipla;Reta;N�o;3;0;1;1;1;0;2;2;-27,60193107;-48,62814752;SPRF-SC;DEL01-SC;UOP01-DEL01-SC;;;
745365;07/04/2025;segunda-feira;16:20:00;PI;343;0,9;TERESINA;Acessar a via sem observar a presen�a dos outros ve�culos;Colis�o transversal;Com V�timas Feridas;Pleno dia;Crescente;C�u Claro;Dupla;Reta;Sim;2;0;1;0;1;0;1;2;-5,080055;-42,757618;SPRF-PI;DEL01-PI;UOP01-DEL01-PI;;;
745373;10/12/2025;quarta-feira;12:11:00;RS;448;22,1;PORTO ALEGRE;Pista Escorregadia;Colis�o com objeto;Com V�timas Feridas;Pleno dia;Decrescente;Chuva;Simples;"Curva;Aclive";Sim;1;0;1;0;0;0;1;1;-29,97455672;-51,19775802;SPRF-RS;DEL01-RS;UOP01-DEL01-RS;;;
745374;16/03/2025;domingo;10:15:00;PI;343;0,2;TERESINA;Desrespeitar a prefer�ncia no cruzamento;Colis�o transversal;Com V�timas Feridas;Pleno dia;Crescente;C�u Claro;Dupla;"Viaduto;Interse��o de Vias;Rotat�ria";Sim;2;0;1;0;1;0;1;2;-5,0687245;-42,7210412;SPRF-PI;DEL01-PI;UOP01-DEL01-PI;;;
745378;19/08/2025;ter�a-feira;19:45:00;MG;116;412;GOVERNADOR VALADARES;Falta de acostamento;Colis�o lateral sentido oposto;Com V�timas Feridas;Plena Noite;Crescente;C�u Claro;Dupla;Reta;N�o;3;0;1;2;0;0;3;2;-18,872619;-41,967856;SPRF-MG;DEL06-MG;UOP01-DEL06-MG;;;
745385;05/12/2025;sexta-feira;06:55:00;RJ;116;184;NOVA IGUACU;Manobra de mudan�a de faixa;Queda de ocupante de ve�culo;Com V�timas Feridas;Pleno dia;Decrescente;Sol;Dupla;Reta;Sim;3;0;2;0;1;0;2;2;-22,74689618;-43,44574273;SPRF-RJ;DEL06-RJ;UOP01-DEL06-RJ;;;
745401;31/12/2025;quarta-feira;08:43:00;RN;101;102;PARNAMIRIM;Manobra de mudan�a de faixa;Colis�o lateral mesmo sentido;Com V�timas Feridas;Pleno dia;Decrescente;C�u Claro;Dupla;Reta;N�o;3;0;1;0;2;0;1;2;-5,889772;-35,246082;SPRF-RN;DEL01-RN;UOP01-DEL01-RN;;;
745403;02/12/2025;ter�a-feira;16:10:00;SC;282;404,7;JOACABA;Acessar a via sem observar a presen�a dos outros ve�culos;Colis�o transversal;Com V�timas Feridas;Pleno dia;Crescente;C�u Claro;Simples;Reta;N�o;2;0;1;1;0;0;2;2;-27,10503931;-51,64416282;SPRF-SC;DEL07-SC;UOP05-DEL07-SC;;;
745406;29/11/2025;s�bado;13:20:00;RJ;101;489;ANGRA DOS REIS;Rea��o tardia ou ineficiente do condutor;Tombamento;Com V�timas Feridas;Pleno dia;Crescente;C�u Claro;Simples;Curva;Sim;2;0;2;0;0;0;2;2;-22,9900288;-44,2400768;SPRF-RJ;DEL03-RJ;UOP03-DEL03-RJ;;;
745425;01/12/2025;segunda-feira;15:16:00;MA;316;6,2;BOA VISTA DO GURUPI;Rea��o tardia ou ineficiente do condutor;Sa�da de leito carro��vel;Com V�timas Fatais;Pleno dia;Decrescente;Sol;Simples;Curva;N�o;1;1;0;0;0;0;0;1;-1,780943;-46,27046;SPRF-MA;DEL02-MA;UOP02-DEL02-MA;;;
745430;28/12/2025;domingo;06:30:00;RJ;101;476;ANGRA DOS REIS;Aus�ncia de rea��o do condutor;Capotamento;Com V�timas Feridas;Amanhecer;Crescente;C�u Claro;Simples;Curva;N�o;2;0;0;1;1;0;1;1;-23,004233;-44,26157411;SPRF-RJ;DEL03-RJ;UOP03-DEL03-RJ;;;
745437;31/12/2025;quarta-feira;10:28:00;MT;70;2,5;BARRA DO GARCAS;Aus�ncia de rea��o do condutor;Tombamento;Com V�timas Feridas;Pleno dia;Decrescente;C�u Claro;Simples;Reta;N�o;1;0;1;0;0;0;1;1;-15,884922;-52,271973;SPRF-MT;DEL07-MT;UOP01-DEL07-MT;;;
745454;22/05/2025;quinta-feira;13:00:00;PI;343;1,9;TERESINA;Condutor desrespeitou a ilumina��o vermelha do sem�foro;Colis�o transversal;Com V�timas Feridas;Pleno dia;Decrescente;C�u Claro;Dupla;Reta;Sim;3;0;2;0;1;0;2;2;-5,081615;-42,767407;SPRF-PI;DEL01-PI;UOP01-DEL01-PI;;;
745460;28/12/2025;domingo;21:30:00;RJ;101;486;ANGRA DOS REIS;Acessar a via sem observar a presen�a dos outros ve�culos;Atropelamento de Pedestre;Com V�timas Feridas;Plena Noite;Decrescente;C�u Claro;Simples;Reta;Sim;2;0;1;1;0;0;2;2;-23,0059658;-44,3080629;SPRF-RJ;DEL03-RJ;UOP03-DEL03-RJ;;;
745461;10/11/2025;segunda-feira;13:05:00;MG;381;705;NEPOMUCENO;Demais falhas mec�nicas ou el�tricas;Capotamento;Com V�timas Feridas;Pleno dia;Crescente;C�u Claro;Dupla;Curva;N�o;5;0;4;0;1;0;4;1;-21,34965018;-45,17946289;SPRF-MG;DEL04-MG;UOP02-DEL04-MG;;;
745504;04/05/2025;domingo;20:24:00;PI;343;4;TERESINA;Aus�ncia de rea��o do condutor;Colis�o lateral mesmo sentido;Com V�timas Feridas;Plena Noite;Crescente;C�u Claro;M�ltipla;Reta;Sim;2;0;1;0;1;0;1;2;-5,08136899;-42,77183533;SPRF-PI;DEL01-PI;UOP01-DEL01-PI;;;
745506;31/12/2025;quarta-feira;19:20:00;RJ;101;416;MANGARATIBA;Rea��o tardia ou ineficiente do condutor;Tombamento;Com V�timas Feridas;Plena Noite;Decrescente;C�u Claro;Simples;Curva;N�o;1;0;0;1;0;0;1;1;-22,9146;-43,9015;SPRF-RJ;DEL03-RJ;UOP02-DEL03-RJ;;;
745516;17/10/2025;sexta-feira;14:40:00;ES;259;57;COLATINA;Convers�o proibida;Colis�o transversal;Com V�timas Feridas;Pleno dia;Decrescente;Sol;Simples;"Interse��o de Vias;Curva";Sim;2;0;1;0;0;1;1;2;-19,5114768;-40,6562701;SPRF-ES;DEL02-ES;UOP01-DEL02-ES;;;
745522;06/10/2025;segunda-feira;19:00:00;PI;343;2;TERESINA;Aus�ncia de rea��o do condutor;Colis�o traseira;Com V�timas Feridas;Plena Noite;Crescente;C�u Claro;Dupla;Reta;Sim;4;0;1;0;1;2;1;4;-5,081165;-42,773455;SPRF-PI;DEL01-PI;UOP01-DEL01-PI;;;
745523;18/10/2025;s�bado;13:32:00;PI;343;2;TERESINA;Transitar no Acostamento;Colis�o lateral mesmo sentido;Com V�timas Feridas;Pleno dia;Decrescente;C�u Claro;Dupla;Reta;Sim;2;0;0;1;1;0;1;2;-5,081787;-42,770028;SPRF-PI;DEL01-PI;UOP01-DEL01-PI;;;
745525;20/11/2025;quinta-feira;22:40:00;RJ;101;500,8;ANGRA DOS REIS;Velocidade Incompat�vel;Colis�o frontal;Com V�timas Feridas;Plena Noite;Decrescente;C�u Claro;Simples;Curva;N�o;11;0;8;1;2;0;9;3;-22,922122;-44,356765;SPRF-RJ;DEL03-RJ;UOP03-DEL03-RJ;;;
745531;21/12/2025;domingo;09:30:00;PI;343;0;TERESINA;Transitar na contram�o;Colis�o transversal;Sem V�timas;Pleno dia;Crescente;Nublado;Dupla;"Interse��o de Vias;Viaduto;Rotat�ria";Sim;2;0;0;0;2;0;0;2;-5,07807749;-42,74965882;SPRF-PI;DEL01-PI;UOP01-DEL01-PI;;;
745534;01/11/2025;s�bado;13:18:00;PA;163;298;NOVO PROGRESSO;Demais falhas mec�nicas ou el�tricas;Queda de ocupante de ve�culo;Com V�timas Feridas;Pleno dia;Crescente;C�u Claro;Simples;Reta;N�o;2;0;1;0;1;0;1;1;-7,105004;-55,39771;SPRF-PA;DEL05-PA;UOP03-DEL05-PA;;;
745538;23/04/2025;quarta-feira;16:40:00;PI;343;3;TERESINA;Acessar a via sem observar a presen�a dos outros ve�culos;Colis�o transversal;Com V�timas Feridas;Pleno dia;Crescente;Nublado;Dupla;"Interse��o de Vias;Reta";Sim;2;0;1;0;1;0;1;2;-5,080883;-42,778103;SPRF-PI;DEL01-PI;UOP01-DEL01-PI;;;
745549;28/06/2025;s�bado;20:30:00;PI;343;1,8;TERESINA;Condutor desrespeitou a ilumina��o vermelha do sem�foro;Colis�o lateral mesmo sentido;Com V�timas Feridas;Plena Noite;Decrescente;C�u Claro;M�ltipla;Reta;Sim;3;0;0;1;2;0;1;2;-5,081683;-42,767567;SPRF-PI;DEL01-PI;UOP01-DEL01-PI;;;