id;data_inversa;dia_semana;horario;uf;br;km;municipio;causa_acidente;tipo_acidente;classificacao_acidente;fase_dia;sentido_via;condicao_metereologica;tipo_pista;tracado_via;uso_solo;pessoas;mortos;feridos_leves;feridos_graves;ilesos;ignorados;feridos;veiculos;latitude;longitude;regional;delegacia;uop;;;
745551;11/03/2025;ter�a-feira;18:31:00;PI;343;4,5;TERESINA;Ingest�o de �lcool pelo condutor;Colis�o traseira;Com V�timas Feridas;Plena Noite;Crescente;C�u Claro;Dupla;Interse��o de Vias;Sim;4;0;0;1;3;0;1;4;-5,08023209;-42,78949874;SPRF-PI;DEL01-PI;UOP01-DEL01-PI;;;
745552;21/02/2025;sexta-feira;12:20:00;MA;226;285;BARRA DO CORDA;Transitar na contram�o;Sa�da de leito carro��vel;Com V�timas Feridas;Pleno dia;Decrescente;Chuva;Simples;Curva;N�o;2;0;2;0;0;0;2;1;-5,450408;-45,13533;SPRF-MA;DEL06-MA;UOP01-DEL06-MA;;;
745554;20/12/2025;s�bado;20:20:00;MA;222;598;BOM JESUS DAS SELVAS;Chuva;Sa�da de leito carro��vel;Com V�timas Feridas;Plena Noite;Decrescente;Chuva;Simples;Reta;N�o;3;0;3;0;0;0;3;1;-4,31117;-46,576911;SPRF-MA;DEL04-MA;UOP03-DEL04-MA;;;
745555;19/11/2025;quarta-feira;16:44:00;RJ;116;183;NOVA IGUACU;Manobra de mudan�a de faixa;Colis�o traseira;Com V�timas Feridas;Pleno dia;Decrescente;C�u Claro;Dupla;Reta;N�o;2;0;1;0;0;1;1;2;-22,74037383;-43,49801509;SPRF-RJ;DEL06-RJ;UOP01-DEL06-RJ;;;
745557;28/11/2025;sexta-feira;23:00:00;MG;40;517,8;RIBEIRAO DAS NEVES;Acessar a via sem observar a presen�a dos outros ve�culos;Colis�o transversal;Com V�timas Feridas;Plena Noite;Crescente;C�u Claro;Dupla;Retorno Regulamentado;Sim;3;0;1;0;2;0;1;2;-19,83163207;-44,0826416;SPRF-MG;DEL01-MG;UOP02-DEL01-MG;;;
745558;29/12/2025;segunda-feira;08:00:00;MG;381;481;CONTAGEM;Acessar a via sem observar a presen�a dos outros ve�culos;Colis�o transversal;Com V�timas Feridas;Amanhecer;Decrescente;C�u Claro;Dupla;Reta;Sim;2;0;0;1;0;1;1;2;-19,95933917;-44,05444471;SPRF-MG;DEL01-MG;UOP03-DEL01-MG;;;
745565;27/11/2025;quinta-feira;18:43:00;RJ;101;383;RIO DE JANEIRO;Manobra de mudan�a de faixa;Colis�o lateral mesmo sentido;Com V�timas Feridas;Plena Noite;Crescente;Nublado;Dupla;Reta;Sim;3;0;2;0;1;0;2;2;-22,879677;-43,626307;SPRF-RJ;DEL03-RJ;UOP01-DEL03-RJ;;;
745566;19/12/2025;sexta-feira;07:10:00;MT;364;308;JACIARA;Rea��o tardia ou ineficiente do condutor;Sa�da de leito carro��vel;Com V�timas Feridas;Pleno dia;Crescente;C�u Claro;Dupla;Reta;N�o;3;0;2;0;1;0;2;1;-15,81721588;-55,22557293;SPRF-MT;DEL05-MT;UOP02-DEL05-MT;;;
745689;30/12/2025;ter�a-feira;11:15:00;PE;101;86;JABOATAO DOS GUARARAPES;Rea��o tardia ou ineficiente do condutor;Engavetamento;Sem V�timas;Pleno dia;Decrescente;C�u Claro;Dupla;Reta;N�o;4;0;0;0;4;0;0;4;-8,184915;-34,968653;SPRF-PE;DEL01-PE;UOP01-DEL01-PE;;;
745701;24/11/2025;segunda-feira;01:30:00;PI;343;1;TERESINA;Condutor Dormindo;Colis�o com objeto;Sem V�timas;Plena Noite;Crescente;C�u Claro;M�ltipla;Reta;Sim;1;0;0;0;0;1;0;1;-5,0633183;-42,7223833;SPRF-PI;DEL01-PI;UOP01-DEL01-PI;;;
745705;08/03/2025;s�bado;13:25:00;PI;343;2,7;TERESINA;Acessar a via sem observar a presen�a dos outros ve�culos;Colis�o transversal;Com V�timas Feridas;Pleno dia;Decrescente;C�u Claro;M�ltipla;"Rotat�ria;Reta";Sim;2;0;0;1;1;0;1;2;-5,08145412;-42,77526526;SPRF-PI;DEL05-PI;UOP01-DEL05-PI;;;
745714;14/09/2025;domingo;07:30:00;PI;343;3,4;TERESINA;Condutor desrespeitou a ilumina��o vermelha do sem�foro;Colis�o transversal;Com V�timas Feridas;Pleno dia;Crescente;C�u Claro;Dupla;Reta;N�o;3;0;0;2;1;0;2;2;-5,08088224;-42,78020952;SPRF-PI;DEL01-PI;UOP01-DEL01-PI;;;
745715;22/12/2025;segunda-feira;07:58:00;PB;230;22,7;JOAO PESSOA;Manobra de mudan�a de faixa;Colis�o traseira;Com V�timas Feridas;Pleno dia;Crescente;C�u Claro;Dupla;Reta;Sim;5;0;0;1;4;0;1;3;-7,15664;-34,85745;SPRF-PB;DEL01-PB;UOP01-DEL01-PB;;;
745768;08/12/2025;segunda-feira;12:30:00;PI;343;326,4;TERESINA;Ingest�o de �lcool pelo condutor;Colis�o lateral sentido oposto;Com V�timas Feridas;Pleno dia;Decrescente;C�u Claro;Simples;Reta;N�o;3;0;1;2;0;0;3;2;-5,070503;-42,62022;SPRF-PI;DEL01-PI;UOP01-DEL01-PI;;;
745784;26/12/2025;sexta-feira;13:10:00;MG;267;59;GUARARA;Ultrapassagem Indevida;Colis�o transversal;Com V�timas Feridas;Pleno dia;Decrescente;C�u Claro;Simples;Reta;N�o;5;0;1;0;4;0;1;2;-21,71875954;-43,02876949;SPRF-MG;DEL07-MG;UOP01-DEL07-MG;;;
745812;24/11/2025;segunda-feira;17:00:00;RJ;101;475;ANGRA DOS REIS;Avarias e/ou desgaste excessivo no pneu;Sa�da de leito carro��vel;Com V�timas Feridas;Pleno dia;Crescente;Chuva;Simples;Curva;N�o;2;0;0;1;1;0;1;1;-23,004639;-44,259339;SPRF-RJ;DEL03-RJ;UOP03-DEL03-RJ;;;
745892;15/01/2025;quarta-feira;23:17:00;PI;316;297;PICOS;Ingest�o de �lcool pelo condutor;Sa�da de leito carro��vel;Com V�timas Feridas;Plena Noite;Crescente;C�u Claro;Dupla;"Aclive;Curva";N�o;1;0;1;0;0;0;1;1;-7,024585;-41,560837;SPRF-PI;DEL04-PI;UOP01-DEL04-PI;;;
745911;09/11/2025;domingo;08:15:00;RJ;101;419;MANGARATIBA;Ultrapassagem Indevida;Colis�o frontal;Com V�timas Feridas;Pleno dia;Decrescente;Garoa/Chuvisco;Simples;T�nel;N�o;2;0;0;1;1;0;1;2;-22,91982026;-43,91887665;SPRF-RJ;DEL03-RJ;UOP02-DEL03-RJ;;;
745966;21/11/2025;sexta-feira;17:06:00;RJ;101;475,4;ANGRA DOS REIS;Falta de elemento de conten��o que evite a sa�da do leito carro��vel;Tombamento;Com V�timas Feridas;Pleno dia;Crescente;C�u Claro;Simples;Curva;Sim;1;0;0;1;0;0;1;1;-23,00492;-44,25952;SPRF-RJ;DEL03-RJ;UOP03-DEL03-RJ;;;
745976;29/08/2025;sexta-feira;17:45:00;MG;40;510;RIBEIRAO DAS NEVES;Trafegar com motocicleta (ou similar) entre as faixas;Colis�o lateral mesmo sentido;Com V�timas Feridas;Anoitecer;Crescente;Chuva;Dupla;"Reta;Aclive";N�o;4;0;1;0;3;0;1;3;-19,77639606;-44,12246704;SPRF-MG;DEL01-MG;UOP02-DEL01-MG;;;
745983;06/12/2025;s�bado;19:20:00;PR;373;411,8;CANDOI;Afundamento ou ondula��o no pavimento;Queda de ocupante de ve�culo;Com V�timas Feridas;Anoitecer;Decrescente;C�u Claro;Simples;"Reta;Aclive";N�o;1;0;0;1;0;0;1;1;-25,647595;-52,107689;SPRF-PR;DEL08-PR;UOP01-DEL08-PR;;;
745992;18/12/2025;quinta-feira;06:35:00;RN;226;195,2;SAO VICENTE;Transitar na contram�o;Colis�o frontal;Com V�timas Feridas;Pleno dia;Decrescente;C�u Claro;Simples;Reta;N�o;2;0;1;1;0;0;2;2;-6,23987917;-36,66069031;SPRF-RN;DEL03-RN;UOP02-DEL03-RN;;;
746082;13/12/2025;s�bado;21:15:00;BA;418;89;NOVA VICOSA;Acessar a via sem observar a presen�a dos outros ve�culos;Colis�o transversal;Com V�timas Feridas;Plena Noite;Decrescente;C�u Claro;Simples;Reta;Sim;2;0;0;1;1;0;1;2;-17,886135;-39,835;SPRF-BA;DEL09-BA;UOP02-DEL09-BA;;;
746091;23/12/2025;ter�a-feira;19:30:00;RJ;101;559;PARATY;Rea��o tardia ou ineficiente do condutor;Colis�o traseira;Com V�timas Feridas;Plena Noite;Decrescente;C�u Claro;Simples;Reta;N�o;3;0;0;1;1;1;1;3;-23,1042612;-44,70798103;SPRF-RJ;DEL03-RJ;UOP04-DEL03-RJ;;;
746135;24/12/2025;quarta-feira;15:24:00;RJ;101;446;ANGRA DOS REIS;Rea��o tardia ou ineficiente do condutor;Queda de ocupante de ve�culo;Com V�timas Feridas;Pleno dia;Decrescente;C�u Claro;Simples;Reta;N�o;1;0;1;0;0;0;1;1;-23,0310831;-44,1746521;SPRF-RJ;DEL03-RJ;UOP02-DEL03-RJ;;;
746144;10/11/2025;segunda-feira;07:50:00;PR;116;18;CURITIBA;Aus�ncia de rea��o do condutor;Colis�o lateral mesmo sentido;Com V�timas Feridas;Pleno dia;Crescente;Nublado;Dupla;Reta;N�o;2;0;1;0;1;0;1;2;-25,388852;-49,199898;SPRF-PR;DEL01-PR;UOP02-DEL01-PR;;;
746159;27/12/2025;s�bado;11:40:00;RJ;101;489;ANGRA DOS REIS;Acessar a via sem observar a presen�a dos outros ve�culos;Colis�o frontal;Com V�timas Feridas;Pleno dia;Crescente;C�u Claro;Simples;Reta;Sim;2;0;0;1;1;0;1;2;-22,9569809;-44,3000588;SPRF-RJ;DEL03-RJ;UOP03-DEL03-RJ;;;
746214;05/12/2025;sexta-feira;18:15:00;BA;116;336;TEOFILANDIA;Convers�o proibida;Colis�o transversal;Com V�timas Feridas;Anoitecer;Crescente;Nublado;Simples;Reta;Sim;2;0;0;1;1;0;1;2;-11,47911;-38,99505;SPRF-BA;DEL02-BA;UOP01-DEL02-BA;;;
746284;08/12/2025;segunda-feira;14:00:00;RS;392;67;PELOTAS;Manobra de mudan�a de faixa;Colis�o lateral mesmo sentido;Com V�timas Feridas;Pleno dia;Crescente;Vento;Dupla;Viaduto;Sim;2;0;1;0;1;0;1;2;-31,75599272;-52,39998293;SPRF-RS;DEL07-RS;UOP01-DEL07-RS;;;
746409;10/09/2025;quarta-feira;01:30:00;RO;319;144;PORTO VELHO;Acessar a via sem observar a presen�a dos outros ve�culos;Colis�o transversal;Sem V�timas;Plena Noite;Decrescente;Chuva;Dupla;"Interse��o de Vias;Reta";Sim;2;0;0;0;0;2;0;2;-8,8002905;-63,7617861;SPRF-RO;DEL01-RO;UOP01-DEL01-RO;;;
746429;05/12/2025;sexta-feira;14:00:00;PR;376;624;SAO JOSE DOS PINHAIS;Aus�ncia de rea��o do condutor;Colis�o traseira;Com V�timas Feridas;Pleno dia;Crescente;C�u Claro;Dupla;Reta;N�o;2;0;2;0;0;0;2;2;-25,56570482;-49,18292709;SPRF-PR;DEL01-PR;UOP04-DEL01-PR;;;
746495;28/11/2025;sexta-feira;16:19:00;ES;101;145,5;LINHARES;Condutor deixou de manter dist�ncia do ve�culo da frente;Colis�o traseira;Com V�timas Feridas;Pleno dia;Decrescente;C�u Claro;M�ltipla;Reta;Sim;2;0;1;0;1;0;1;2;-19,3664476;-40,0651644;SPRF-ES;DEL04-ES;UOP01-DEL04-ES;;;
746497;01/12/2025;segunda-feira;07:50:00;SP;116;230,5;SAO PAULO;Aus�ncia de rea��o do condutor;Queda de ocupante de ve�culo;Com V�timas Feridas;Pleno dia;Crescente;C�u Claro;M�ltipla;Reta;Sim;2;0;1;0;1;0;1;2;-23,5177729;-46,58112002;SPRF-SP;DEL01-SP;UOP01-DEL01-SP;;;
746504;26/12/2025;sexta-feira;20:23:00;ES;101;15,2;PEDRO CANARIO;Desrespeitar a prefer�ncia no cruzamento;Colis�o transversal;Com V�timas Feridas;Pleno dia;Decrescente;C�u Claro;Simples;"Interse��o de Vias;Reta";N�o;4;0;1;1;2;0;2;2;-18,29541929;-39,9568646;SPRF-ES;DEL04-ES;UOP02-DEL04-ES;;;
746520;18/11/2025;ter�a-feira;12:00:00;BA;324;516;FEIRA DE SANTANA;Acessar a via sem observar a presen�a dos outros ve�culos;Colis�o transversal;Com V�timas Feridas;Pleno dia;Crescente;Ignorado;Simples;Reta;Sim;2;0;1;0;0;1;1;2;-12,24251078;-38,93875122;SPRF-BA;DEL02-BA;UOP01-DEL02-BA;;;
746541;05/12/2025;sexta-feira;23:10:00;BA;110;28,3;PAULO AFONSO;Ultrapassagem Indevida;Colis�o frontal;Com V�timas Fatais;Plena Noite;Crescente;C�u Claro;Simples;Reta;N�o;4;2;0;2;0;0;2;2;-9,6651217;-38,225261;SPRF-BA;DEL07-BA;UOP01-DEL07-BA;;;
746645;28/11/2025;sexta-feira;18:00:00;PE;424;64;CAETES;Acessar a via sem observar a presen�a dos outros ve�culos;Colis�o transversal;Com V�timas Feridas;Pleno dia;Crescente;C�u Claro;Simples;Reta;Sim;2;0;0;1;0;1;1;2;-8,75683063;-36,66103363;SPRF-PE;DEL03-PE;UOP01-DEL03-PE;;;
746681;14/11/2025;sexta-feira;17:50:00;GO;60;109;GOIANAPOLIS;Condutor deixou de manter dist�ncia do ve�culo da frente;Colis�o lateral mesmo sentido;Com V�timas Feridas;Anoitecer;Crescente;Ignorado;Dupla;Retorno Regulamentado;N�o;2;0;1;0;1;0;1;2;-16,4478107;-49,0232223;SPRF-GO;DEL01-GO;UOP01-DEL01-GO;;;
746694;20/10/2025;segunda-feira;18:50:00;MG;116;701,8;MURIAE;Acessar a via sem observar a presen�a dos outros ve�culos;Colis�o transversal;Com V�timas Feridas;Plena Noite;Decrescente;C�u Claro;Simples;Reta;N�o;3;0;1;1;0;1;2;3;-21,1216216;-42,38016341;SPRF-MG;DEL07-MG;UOP02-DEL07-MG;;;
746701;25/10/2025;s�bado;16:00:00;MG;116;411;GOVERNADOR VALADARES;Manobra de mudan�a de faixa;Colis�o lateral mesmo sentido;Com V�timas Feridas;Pleno dia;Crescente;Ignorado;Dupla;"Reta;Aclive";Sim;3;0;1;1;1;0;2;2;-18,87417591;-41,96623418;SPRF-MG;DEL06-MG;UOP01-DEL06-MG;;;
746702;19/10/2025;domingo;16:35:00;SC;101;153;PORTO BELO;Trafegar com motocicleta (ou similar) entre as faixas;Colis�o lateral mesmo sentido;Com V�timas Feridas;Pleno dia;Decrescente;C�u Claro;Dupla;Reta;N�o;5;0;1;2;2;0;3;4;-27,14183791;-48,61017426;SPRF-SC;DEL04-SC;UOP03-DEL04-SC;;;
746708;19/11/2025;quarta-feira;07:50:00;SC;101;148;ITAPEMA;Acessar a via sem observar a presen�a dos outros ve�culos;Colis�o transversal;Com V�timas Feridas;Pleno dia;Crescente;C�u Claro;Dupla;"Interse��o de Vias;Reta";Sim;2;0;1;0;1;0;1;2;-27,1042584;-48,6166929;SPRF-SC;DEL04-SC;UOP03-DEL04-SC;;;
746720;08/08/2025;sexta-feira;09:55:00;PI;343;0,5;TERESINA;Rea��o tardia ou ineficiente do condutor;Colis�o traseira;Com V�timas Feridas;Pleno dia;Crescente;C�u Claro;M�ltipla;Reta;Sim;2;0;1;0;1;0;1;2;-5,07879439;-42,75217652;SPRF-PI;DEL01-PI;UOP01-DEL01-PI;;;
746721;16/05/2025;sexta-feira;09:00:00;GO;153;506,4;APARECIDA DE GOIANIA;Frear bruscamente;Colis�o traseira;Com V�timas Feridas;Pleno dia;Crescente;C�u Claro;Dupla;Reta;N�o;3;0;1;0;2;0;1;2;-16,758616;-49,240351;SPRF-GO;DEL01-GO;UOP01-DEL01-GO;;;
746734;31/07/2025;quinta-feira;18:04:00;PI;343;2,2;TERESINA;Transitar no Acostamento;Colis�o lateral mesmo sentido;Com V�timas Feridas;Plena Noite;Decrescente;C�u Claro;Dupla;Reta;Sim;2;0;1;0;1;0;1;2;-5,08147586;-42,77083755;SPRF-PI;DEL01-PI;UOP01-DEL01-PI;;;
746818;19/02/2025;quarta-feira;17:00:00;PI;343;3;TERESINA;Manobra de mudan�a de faixa;Colis�o lateral mesmo sentido;Com V�timas Feridas;Anoitecer;Decrescente;Nublado;M�ltipla;Rotat�ria;Sim;2;0;1;0;1;0;1;2;-5,080906;-42,775267;SPRF-PI;DEL01-PI;UOP01-DEL01-PI;;;
746854;25/11/2025;ter�a-feira;23:25:00;PA;0;0;SANTAREM;Pista esburacada;Queda de ocupante de ve�culo;Com V�timas Feridas;Plena Noite;N�o Informado;C�u Claro;Simples;Reta;N�o;4;0;1;0;3;0;1;2;-2,559735;-54,72373724;SPRF-PA;DEL05-PA;UOP01-DEL05-PA;;;
746866;29/12/2025;segunda-feira;10:40:00;RS;0;0;SAO LEOPOLDO;Rea��o tardia ou ineficiente do condutor;Colis�o lateral sentido oposto;Sem V�timas;Pleno dia;N�o Informado;Nublado;Simples;Interse��o de Vias;Sim;3;0;0;0;2;1;0;2;-29,75127253;-51,14474773;SPRF-RS;DEL01-RS;UOP02-DEL01-RS;;;
746880;30/07/2025;quarta-feira;18:20:00;PI;343;3,2;TERESINA;Acessar a via sem observar a presen�a dos outros ve�culos;Colis�o transversal;Com V�timas Feridas;Plena Noite;Crescente;Chuva;Dupla;Reta;Sim;2;0;0;1;1;0;1;2;-5,08117663;-42,77801514;SPRF-PI;DEL01-PI;UOP01-DEL01-PI;;;
746909;06/12/2025;s�bado;06:20:00;AL;424;105;MARECHAL DEODORO;Transitar na contram�o;Colis�o frontal;Com V�timas Feridas;Pleno dia;Crescente;Ignorado;Simples;Declive;N�o;2;0;0;1;1;0;1;2;-9,685658;-35,821572;SPRF-AL;DEL02-AL;UOP01-DEL02-AL;;;
746934;17/12/2025;quarta-feira;08:50:00;PI;343;4,8;TERESINA;Aus�ncia de rea��o do condutor;Colis�o traseira;Com V�timas Feridas;Pleno dia;Crescente;Nublado;M�ltipla;"Ponte;Reta";Sim;2;0;1;0;1;0;1;2;-5,08264397;-42,7953996;SPRF-PI;DEL01-PI;UOP01-DEL01-PI;;;
747017;29/11/2025;s�bado;21:40:00;BA;101;943;MUCURI;Aus�ncia de rea��o do condutor;Tombamento;Com V�timas Feridas;Plena Noite;Decrescente;Nublado;Simples;Reta;N�o;2;0;2;0;0;0;2;1;-18,06996;-39,88168;SPRF-BA;DEL09-BA;UOP02-DEL09-BA;;;
747054;21/12/2025;domingo;08:00:00;SC;282;55,8;AGUAS MORNAS;Velocidade Incompat�vel;Sa�da de leito carro��vel;Com V�timas Fatais;Pleno dia;Decrescente;Nublado;Simples;"Curva;Aclive";N�o;1;1;0;0;0;0;0;1;-27,69195872;-48,98895677;SPRF-SC;DEL01-SC;UOP03-DEL01-SC;;;
747063;08/09/2025;segunda-feira;06:50:00;PR;476;42,7;TUNAS DO PARANA;Mal s�bito do condutor;Tombamento;Com V�timas Feridas;Amanhecer;Crescente;C�u Claro;Simples;Reta;N�o;1;0;1;0;0;0;1;1;-24,97796678;-49,08382416;SPRF-PR;DEL01-PR;UOP01-DEL01-PR;;;
747078;12/12/2025;sexta-feira;15:50:00;SC;280;3;SAO FRANCISCO DO SUL;Acesso irregular;Colis�o transversal;Com V�timas Feridas;Pleno dia;Crescente;Nublado;Simples;"Interse��o de Vias;Reta";Sim;3;0;0;2;1;0;2;2;-26,24077153;-48,61784414;SPRF-SC;DEL03-SC;UOP03-DEL03-SC;;;
747104;12/04/2025;s�bado;18:25:00;PI;343;2;TERESINA;Ingest�o de �lcool pelo condutor;Colis�o traseira;Sem V�timas;Plena Noite;Decrescente;C�u Claro;Simples;Reta;Sim;2;0;0;0;2;0;0;2;-5,056647;-42,6841512;SPRF-PI;DEL01-PI;UOP01-DEL01-PI;;;
747129;14/11/2025;sexta-feira;21:30:00;ES;262;65,5;MARECHAL FLORIANO;Pedestre - Ingest�o de �lcool/ subst�ncias psicoativas;Atropelamento de Pedestre;Com V�timas Fatais;Plena Noite;Crescente;C�u Claro;Simples;Reta;N�o;5;1;0;0;4;0;0;2;-20,41461771;-40,82680366;SPRF-ES;DEL01-ES;UOP02-DEL01-ES;;;
747145;19/12/2025;sexta-feira;18:56:00;SE;235;23,9;LARANJEIRAS;Ultrapassagem Indevida;Colis�o lateral mesmo sentido;Com V�timas Fatais;Plena Noite;Crescente;C�u Claro;Simples;"Declive;Reta";N�o;14;1;7;1;4;1;8;5;-10,814491;-37,249336;SPRF-SE;DEL01-SE;UOP02-DEL01-SE;;;
747150;10/12/2025;quarta-feira;12:40:00;RJ;116;182;RIO DE JANEIRO;Condutor deixou de manter dist�ncia do ve�culo da frente;Colis�o traseira;Com V�timas Feridas;Pleno dia;Decrescente;Chuva;M�ltipla;Reta;Sim;1;0;1;0;0;0;1;1;-22,96229624;-43,39875195;SPRF-RJ;DEL06-RJ;UOP01-DEL06-RJ;;;
747182;24/12/2025;quarta-feira;21:45:00;PR;277;431,8;VIRMOND;Rea��o tardia ou ineficiente do condutor;Queda de ocupante de ve�culo;Com V�timas Feridas;Plena Noite;Decrescente;C�u Claro;Simples;Curva;N�o;1;0;0;1;0;0;1;1;-25,3843132;-52,17912421;SPRF-PR;DEL04-PR;UOP02-DEL04-PR;;;
747189;21/12/2025;domingo;01:10:00;PR;277;464,4;LARANJEIRAS DO SUL;Aus�ncia de rea��o do condutor;Sa�da de leito carro��vel;Com V�timas Feridas;Plena Noite;Crescente;C�u Claro;Simples;Curva;N�o;2;0;2;0;0;0;2;1;-25,38480633;-52,42636621;SPRF-PR;DEL04-PR;UOP02-DEL04-PR;;;
747257;13/12/2025;s�bado;22:04:00;PE;104;26,3;TAQUARITINGA DO NORTE;Transitar na contram�o;Colis�o frontal;Com V�timas Feridas;Plena Noite;Crescente;C�u Claro;Dupla;"Reta;Declive";N�o;4;0;0;3;1;0;3;2;-7,99722;-36,0936;SPRF-PE;DEL02-PE;UOP01-DEL02-PE;;;
747298;05/12/2025;sexta-feira;17:30:00;SC;101;151;ITAPEMA;Rea��o tardia ou ineficiente do condutor;Tombamento;Com V�timas Feridas;Pleno dia;Decrescente;Ignorado;M�ltipla;Reta;Sim;1;0;0;1;0;0;1;1;-27,126536;-48,609642;SPRF-SC;DEL04-SC;UOP03-DEL04-SC;;;
747315;29/06/2025;domingo;04:10:00;PI;343;2,3;TERESINA;Condutor deixou de manter dist�ncia do ve�culo da frente;Colis�o traseira;Com V�timas Feridas;Plena Noite;Decrescente;C�u Claro;Dupla;Reta;Sim;2;0;1;0;1;0;1;2;-5,08168664;-42,7726078;SPRF-PI;DEL01-PI;UOP01-DEL01-PI;;;
747317;16/07/2025;quarta-feira;18:40:00;PI;343;1,9;TERESINA;Aus�ncia de rea��o do condutor;Colis�o traseira;Com V�timas Feridas;Plena Noite;Decrescente;C�u Claro;Dupla;"Reta;Retorno Regulamentado";Sim;4;0;0;2;2;0;2;3;-5,081578;-42,767142;SPRF-PI;DEL01-PI;UOP01-DEL01-PI;;;
747318;11/12/2025;quinta-feira;18:20:00;PR;369;99;CORNELIO PROCOPIO;Suic�dio (presumido);Colis�o frontal;Com V�timas Feridas;Pleno dia;Crescente;C�u Claro;Dupla;"Declive;Reta";N�o;3;0;0;1;2;0;1;2;-23,24205589;-50,70739746;SPRF-PR;DEL07-PR;UOP05-DEL07-PR;;;
747342;21/12/2025;domingo;23:30:00;RJ;101;262;RIO BONITO;Aus�ncia de rea��o do condutor;Capotamento;Sem V�timas;Plena Noite;Decrescente;C�u Claro;Dupla;"Aclive;Curva";Sim;4;0;0;0;4;0;0;4;-22,71412324;-42,62042999;SPRF-RJ;DEL02-RJ;UOP03-DEL02-RJ;;;
747359;24/12/2025;quarta-feira;07:00:00;RJ;101;133,2;CARAPEBUS;Aus�ncia de rea��o do condutor;Colis�o com objeto;Com V�timas Feridas;Pleno dia;Crescente;C�u Claro;Dupla;Reta;N�o;1;0;0;1;0;0;1;1;-22,12495635;-41,70823242;SPRF-RJ;DEL08-RJ;UOP04-DEL08-RJ;;;
747386;26/12/2025;sexta-feira;19:45:00;RJ;116;146;DUQUE DE CAXIAS;Manobra de mudan�a de faixa;Colis�o lateral mesmo sentido;Com V�timas Feridas;Plena Noite;Crescente;C�u Claro;Simples;Reta;Sim;2;0;1;0;1;0;1;2;-22,64742093;-43,22695389;SPRF-RJ;DEL01-RJ;UOP02-DEL01-RJ;;;
747490;25/12/2025;quinta-feira;17:20:00;SC;116;210;PONTE ALTA;Rea��o tardia ou ineficiente do condutor;Colis�o frontal;Com V�timas Feridas;Pleno dia;Crescente;Nublado;Simples;Curva;N�o;6;0;3;1;2;0;4;2;-27,5047917;-50,365815;SPRF-SC;DEL05-SC;UOP03-DEL05-SC;;;
747494;18/12/2025;quinta-feira;10:15:00;PR;376;179;MARINGA;Condutor deixou de manter dist�ncia do ve�culo da frente;Engavetamento;Com V�timas Feridas;Pleno dia;Decrescente;Nublado;Dupla;Reta;Sim;1;0;1;0;0;0;1;1;-23,42376925;-51,90091308;SPRF-PR;DEL09-PR;UOP01-DEL09-PR;;;
747506;17/12/2025;quarta-feira;17:30:00;RJ;101;506;ANGRA DOS REIS;Acumulo de areia ou detritos sobre o pavimento;Queda de ocupante de ve�culo;Com V�timas Feridas;Pleno dia;Decrescente;Chuva;Simples;Reta;Sim;1;0;0;1;0;0;1;1;-22,93310075;-44,39300537;SPRF-RJ;DEL03-RJ;UOP03-DEL03-RJ;;;
747514;19/12/2025;sexta-feira;03:32:00;PA;163;312;NOVO PROGRESSO;Aus�ncia de rea��o do condutor;Tombamento;Sem V�timas;Plena Noite;Crescente;Ignorado;Simples;Reta;Sim;1;0;0;0;0;1;0;1;-7,07125173;-55,40817261;SPRF-PA;DEL05-PA;UOP03-DEL05-PA;;;
747519;25/12/2025;quinta-feira;21:15:00;GO;70;1;AGUAS LINDAS DE GOIAS;Velocidade Incompat�vel;Capotamento;Com V�timas Fatais;Plena Noite;Crescente;Nublado;M�ltipla;Reta;Sim;2;1;0;1;0;0;1;1;-15,77771703;-48,23324203;SPRF-DF;DEL03-DF;UOP02-DEL03-DF;;;
747525;30/12/2025;ter�a-feira;20:10:00;SC;101;1,3;FLORIANOPOLIS;Rea��o tardia ou ineficiente do condutor;Colis�o traseira;Com V�timas Feridas;Plena Noite;Decrescente;Chuva;Dupla;Reta;Sim;3;0;1;0;2;0;1;2;-27,603835;-48,583453;SPRF-SC;DEL03-SC;UOP01-DEL03-SC;;;
747542;24/12/2025;quarta-feira;14:55:00;PE;101;208,6;XEXEU;Velocidade Incompat�vel;Sa�da de leito carro��vel;Com V�timas Feridas;Pleno dia;Crescente;Nublado;Dupla;Curva;N�o;1;0;1;0;0;0;1;1;-8,83409;-35,64431;SPRF-PE;DEL01-PE;UOP03-DEL01-PE;;;
747576;27/07/2025;domingo;13:32:00;PI;343;2,7;TERESINA;Manobra de mudan�a de faixa;Colis�o lateral mesmo sentido;Sem V�timas;Pleno dia;Decrescente;C�u Claro;Dupla;Reta;Sim;2;0;0;0;2;0;0;2;-5,081149;-42,774318;SPRF-PI;DEL01-PI;UOP01-DEL01-PI;;;
747627;17/11/2025;segunda-feira;17:04:00;MA;230;400,2;BALSAS;Acesso irregular;Colis�o lateral mesmo sentido;Com V�timas Feridas;Pleno dia;Decrescente;C�u Claro;Simples;Reta;N�o;3;0;0;2;1;0;2;2;-7,497057;-46,026572;SPRF-MA;DEL05-MA;UOP01-DEL05-MA;;;