id;data_inversa;dia_semana;horario;uf;br;km;municipio;causa_acidente;tipo_acidente;classificacao_acidente;fase_dia;sentido_via;condicao_metereologica;tipo_pista;tracado_via;uso_solo;pessoas;mortos;feridos_leves;feridos_graves;ilesos;ignorados;feridos;veiculos;latitude;longitude;regional;delegacia;uop;;;
747703;23/11/2025;domingo;21:20:00;MT;70;591;POCONE;Transitar na contram�o;Colis�o frontal;Com V�timas Fatais;Plena Noite;Crescente;C�u Claro;Simples;Curva;N�o;12;3;2;2;5;0;4;4;-15,8201713;-56,7304584;SPRF-MT;DEL03-MT;UOP02-DEL03-MT;;;
747934;17/12/2025;quarta-feira;07:00:00;MG;365;599;UBERLANDIA;Acumulo de �gua sobre o pavimento;Inc�ndio;Sem V�timas;Amanhecer;Crescente;Chuva;Dupla;Reta;N�o;1;0;0;0;1;0;0;1;-18,87640219;-48,52661133;SPRF-MG;DEL15-MG;UOP01-DEL15-MG;;;
748108;09/12/2025;ter�a-feira;14:45:00;RJ;101;445;MANGARATIBA;Velocidade Incompat�vel;Sa�da de leito carro��vel;Com V�timas Feridas;Pleno dia;Crescente;Garoa/Chuvisco;Simples;"Curva;Aclive";N�o;1;0;0;1;0;0;1;1;-22,96357876;-44,08607181;SPRF-RJ;DEL03-RJ;UOP02-DEL03-RJ;;;
748129;04/12/2025;quinta-feira;19:30:00;PB;361;1;PATOS;Acessar a via sem observar a presen�a dos outros ve�culos;Colis�o transversal;Com V�timas Feridas;Plena Noite;Crescente;C�u Claro;Simples;"Interse��o de Vias;Reta";Sim;2;0;1;0;1;0;1;2;-7,019333;-37,262618;SPRF-PB;DEL03-PB;UOP01-DEL03-PB;;;
748171;14/12/2025;domingo;02:00:00;RJ;101;541;PARATY;Chuva;Colis�o com objeto;Com V�timas Feridas;Plena Noite;Crescente;Chuva;Dupla;Curva;N�o;1;0;0;1;0;0;1;1;-23,04877556;-44,58869934;SPRF-RJ;DEL03-RJ;UOP04-DEL03-RJ;;;
748198;05/12/2025;sexta-feira;07:40:00;PR;277;108;CURITIBA;Aus�ncia de rea��o do condutor;Queda de ocupante de ve�culo;Com V�timas Feridas;Pleno dia;Decrescente;C�u Claro;Dupla;Reta;Sim;1;0;1;0;0;0;1;1;-25,43272364;-49,37119603;SPRF-PR;DEL01-PR;UOP06-DEL01-PR;;;
748208;12/12/2025;sexta-feira;16:00:00;MG;365;623;UBERLANDIA;Chuva;Tombamento;Com V�timas Feridas;Pleno dia;Decrescente;Chuva;Dupla;Reta;Sim;1;0;1;0;0;0;1;1;-18,90317755;-48,27858059;SPRF-MG;DEL15-MG;UOP01-DEL15-MG;;;
748209;24/12/2025;quarta-feira;11:30:00;AL;101;33;JOAQUIM GOMES;Chuva;Capotamento;Sem V�timas;Pleno dia;Crescente;Nublado;Dupla;Curva;N�o;1;0;0;0;0;1;0;1;-9,09525841;-35,75446576;SPRF-AL;DEL01-AL;UOP02-DEL01-AL;;;
748224;04/12/2025;quinta-feira;23:50:00;MG;381;851,5;POUSO ALEGRE;Animais na Pista;Atropelamento de Animal;Com V�timas Feridas;Plena Noite;Crescente;C�u Claro;Dupla;Curva;N�o;2;0;2;0;0;0;2;1;-22,25007761;-45,88705972;SPRF-MG;DEL16-MG;UOP01-DEL16-MG;;;
748293;22/12/2025;segunda-feira;13:51:00;RN;304;276;MACAIBA;Demais falhas mec�nicas ou el�tricas;Inc�ndio;Sem V�timas;Pleno dia;Crescente;C�u Claro;Simples;Reta;N�o;1;0;0;0;1;0;0;1;-5,884594;-35,513891;SPRF-RN;DEL01-RN;UOP02-DEL01-RN;;;
748309;15/12/2025;segunda-feira;06:30:00;PR;116;119;CURITIBA;Rea��o tardia ou ineficiente do condutor;Tombamento;Com V�timas Feridas;Pleno dia;Decrescente;C�u Claro;Dupla;Reta;N�o;1;0;1;0;0;0;1;1;-25,578091;-49,312363;SPRF-PR;DEL01-PR;UOP03-DEL01-PR;;;
748322;06/12/2025;s�bado;17:50:00;RJ;101;554,5;PARATY;Acessar a via sem observar a presen�a dos outros ve�culos;Colis�o lateral mesmo sentido;Com V�timas Feridas;Plena Noite;Decrescente;C�u Claro;Simples;Reta;N�o;2;0;0;1;1;0;1;2;-23,0308816;-44,5460194;SPRF-RJ;DEL03-RJ;UOP04-DEL03-RJ;;;
748443;16/11/2025;domingo;21:30:00;MG;40;510;RIBEIRAO DAS NEVES;Condutor deixou de manter dist�ncia do ve�culo da frente;Colis�o traseira;Sem V�timas;Plena Noite;Decrescente;Chuva;Dupla;Reta;Sim;3;0;0;0;3;0;0;2;-19,77607298;-44,1226387;SPRF-MG;DEL01-MG;UOP02-DEL01-MG;;;
748444;28/12/2025;domingo;00:10:00;AL;101;71;MESSIAS;Transitar na contram�o;Colis�o frontal;Com V�timas Feridas;Plena Noite;Decrescente;C�u Claro;Dupla;Curva;N�o;3;0;1;0;2;0;1;3;-9,36751292;-35,83300201;SPRF-AL;DEL01-AL;UOP01-DEL01-AL;;;
748463;05/11/2025;quarta-feira;04:00:00;ES;101;295,1;VILA VELHA;Ingest�o de �lcool pelo condutor;Colis�o com objeto;Com V�timas Feridas;Plena Noite;Crescente;Nublado;M�ltipla;Reta;N�o;1;0;0;1;0;0;1;1;-20,46478424;-40,46530724;SPRF-ES;DEL01-ES;UOP01-DEL01-ES;;;
748468;09/12/2025;ter�a-feira;16:15:00;MA;316;395,9;BACABAL;Demais falhas mec�nicas ou el�tricas;Colis�o frontal;Com V�timas Fatais;Pleno dia;Decrescente;C�u Claro;Simples;Reta;N�o;2;1;0;0;1;0;0;2;-4,188197;-44,492202;SPRF-MA;DEL03-MA;UOP01-DEL03-MA;;;
748472;06/12/2025;s�bado;18:00:00;PB;230;262;JUNCO DO SERIDO;Ingest�o de �lcool pelo condutor;Colis�o lateral sentido oposto;Sem V�timas;Plena Noite;Crescente;C�u Claro;Simples;Reta;Sim;2;0;0;0;2;0;0;2;-6,991677;-36,714802;SPRF-PB;DEL03-PB;UOP01-DEL03-PB;;;
748489;08/12/2025;segunda-feira;20:00:00;MG;381;185;GOVERNADOR VALADARES;Animais na Pista;Atropelamento de Animal;Com V�timas Feridas;Plena Noite;Crescente;C�u Claro;Simples;Curva;N�o;2;0;1;0;1;0;1;1;-18,85820913;-41,96159363;SPRF-MG;DEL06-MG;UOP01-DEL06-MG;;;
748531;28/11/2025;sexta-feira;20:00:00;PE;423;107;CAETES;Acessar a via sem observar a presen�a dos outros ve�culos;Colis�o transversal;Sem V�timas;Plena Noite;Crescente;C�u Claro;Simples;"Reta;Declive";N�o;2;0;0;0;1;1;0;2;-8,8848195;-36,58431996;SPRF-PE;DEL03-PE;UOP01-DEL03-PE;;;
748536;07/12/2025;domingo;13:00:00;PB;230;287,1;SANTA LUZIA;Convers�o proibida;Colis�o transversal;Com V�timas Feridas;Pleno dia;Crescente;C�u Claro;Simples;Reta;N�o;4;0;4;0;0;0;4;2;-6,89430373;-36,88427238;SPRF-PB;DEL03-PB;UOP01-DEL03-PB;;;
748537;26/12/2025;sexta-feira;23:59:00;TO;153;701;CARIRI DO TOCANTINS;Demais falhas mec�nicas ou el�tricas;Colis�o traseira;Com V�timas Feridas;Plena Noite;Crescente;C�u Claro;Simples;Reta;N�o;3;0;0;2;1;0;2;2;-11,9598;-49,199;SPRF-TO;DEL01-TO;UOP02-DEL01-TO;;;
748675;28/12/2025;domingo;20:20:00;RJ;101;531;PARATY;Declive acentuado;Queda de ocupante de ve�culo;Com V�timas Feridas;Plena Noite;Decrescente;C�u Claro;Dupla;Curva;Sim;2;0;1;0;1;0;1;1;-23,02729156;-44,53891754;SPRF-RJ;DEL03-RJ;UOP03-DEL03-RJ;;;
748681;21/12/2025;domingo;03:43:00;PA;163;323;NOVO PROGRESSO;Aus�ncia de rea��o do condutor;Tombamento;Sem V�timas;Plena Noite;Decrescente;Ignorado;Simples;Reta;N�o;2;0;0;0;0;2;0;2;-6,94905043;-55,45240171;SPRF-PA;DEL05-PA;UOP03-DEL05-PA;;;
748683;30/12/2025;ter�a-feira;21:00:00;SC;158;138;PALMITOS;Velocidade Incompat�vel;Sa�da de leito carro��vel;Sem V�timas;Plena Noite;Crescente;C�u Claro;Simples;Reta;N�o;2;0;0;0;1;1;0;1;-27,094918;-53,218904;SPRF-SC;DEL07-SC;UOP02-DEL07-SC;;;
748689;19/09/2025;sexta-feira;13:20:00;SC;101;58;ARAQUARI;Rea��o tardia ou ineficiente do condutor;Colis�o traseira;Com V�timas Feridas;Pleno dia;Crescente;C�u Claro;Dupla;"Aclive;Reta";N�o;3;0;1;0;2;0;1;2;-26,44291;-48,79886627;SPRF-SC;DEL03-SC;UOP02-DEL03-SC;;;
748690;25/05/2025;domingo;17:55:00;PR;376;161;MARINGA;Manobra de mudan�a de faixa;Colis�o lateral mesmo sentido;Com V�timas Feridas;Pleno dia;Crescente;Ignorado;Dupla;"Reta;Interse��o de Vias";Sim;2;0;1;0;0;1;1;2;-23,36825921;-52,06651568;SPRF-PR;DEL09-PR;UOP02-DEL09-PR;;;
748692;08/12/2025;segunda-feira;14:15:00;MA;222;300;VITORIA DO MEARIM;Ultrapassagem Indevida;Colis�o frontal;Com V�timas Feridas;Pleno dia;Decrescente;C�u Claro;Simples;Aclive;Sim;2;0;0;1;0;1;1;2;-3,54314;-44,898279;SPRF-MA;DEL02-MA;UOP01-DEL02-MA;;;
748703;19/12/2025;sexta-feira;17:40:00;PR;116;106;SAO JOSE DOS PINHAIS;Trafegar com motocicleta (ou similar) entre as faixas;Colis�o lateral mesmo sentido;Com V�timas Feridas;Pleno dia;Crescente;Sol;Dupla;Reta;N�o;2;0;1;0;0;1;1;2;-25,569184;-49,226769;SPRF-PR;DEL01-PR;UOP03-DEL01-PR;;;
748709;02/11/2025;domingo;23:58:00;ES;101;270,3;SERRA;Aus�ncia de rea��o do condutor;Colis�o transversal;Com V�timas Feridas;Plena Noite;Decrescente;C�u Claro;Dupla;"Reta;Interse��o de Vias";Sim;2;0;0;1;1;0;1;2;-20,22987;-40,2726;SPRF-ES;DEL02-ES;UOP01-DEL02-ES;;;
748715;10/11/2025;segunda-feira;12:47:00;PR;469;13;FOZ DO IGUACU;Acumulo de areia ou detritos sobre o pavimento;Tombamento;Com V�timas Feridas;Pleno dia;Crescente;C�u Claro;Dupla;Reta;Sim;1;0;1;0;0;0;1;1;-25,58524676;-54,52361075;SPRF-PR;DEL05-PR;UOP04-DEL05-PR;;;
748739;08/10/2025;quarta-feira;19:15:00;MT;70;249;PRIMAVERA DO LESTE;Problema na suspens�o;Sa�da de leito carro��vel;Com V�timas Feridas;Plena Noite;Decrescente;Chuva;Simples;Reta;N�o;36;0;1;0;29;6;1;1;-15,623935;-54,090175;SPRF-MT;DEL05-MT;UOP01-DEL05-MT;;;
748761;28/12/2025;domingo;19:00:00;RJ;101;398;ITAGUAI;Rea��o tardia ou ineficiente do condutor;Colis�o traseira;Com V�timas Feridas;Plena Noite;Decrescente;C�u Claro;Dupla;"Reta;Viaduto";Sim;4;0;2;0;2;0;2;2;-22,86510356;-43,75167847;SPRF-RJ;DEL03-RJ;UOP01-DEL03-RJ;;;
748763;30/12/2025;ter�a-feira;17:00:00;RJ;101;578;PARATY;Velocidade Incompat�vel;Colis�o transversal;Com V�timas Feridas;Pleno dia;Crescente;C�u Claro;Simples;Reta;N�o;2;0;1;0;1;0;1;2;-23,23535218;-44,7102356;SPRF-RJ;DEL03-RJ;UOP04-DEL03-RJ;;;
748812;13/12/2025;s�bado;05:12:00;PA;163;313;NOVO PROGRESSO;Aus�ncia de rea��o do condutor;Sa�da de leito carro��vel;Sem V�timas;Amanhecer;Crescente;Ignorado;Simples;Reta;Sim;2;0;0;0;0;2;0;2;-7,02022739;-55,42119741;SPRF-PA;DEL05-PA;UOP03-DEL05-PA;;;
748879;02/12/2025;ter�a-feira;08:30:00;AL;101;141;SAO MIGUEL DOS CAMPOS;Avarias e/ou desgaste excessivo no pneu;Sa�da de leito carro��vel;Sem V�timas;Pleno dia;Crescente;C�u Claro;Dupla;Reta;N�o;1;0;0;0;1;0;0;1;-9,819968;-36,123326;SPRF-AL;DEL02-AL;UOP01-DEL02-AL;;;
748938;13/07/2025;domingo;08:30:00;RO;425;127;GUAJARA-MIRIM;Aus�ncia de rea��o do condutor;Sa�da de leito carro��vel;Com V�timas Feridas;Pleno dia;Crescente;C�u Claro;Dupla;Reta;Sim;1;0;0;1;0;0;1;1;-10,5808494;-65,324998;SPRF-RO;DEL01-RO;UOP03-DEL01-RO;;;
748948;29/12/2025;segunda-feira;23:25:00;MG;116;575,1;MANHUACU;Condutor Dormindo;Sa�da de leito carro��vel;Com V�timas Feridas;Plena Noite;Decrescente;C�u Claro;Simples;"Curva;Declive";N�o;3;0;2;0;1;0;2;1;-20,146386;-42,185456;SPRF-MG;DEL06-MG;UOP03-DEL06-MG;;;
749160;20/12/2025;s�bado;13:00:00;PR;158;222;CAMPO MOURAO;Acessar a via sem observar a presen�a dos outros ve�culos;Tombamento;Com V�timas Feridas;Pleno dia;Crescente;C�u Claro;Simples;Interse��o de Vias;N�o;2;0;1;0;1;0;1;2;-24,069586;-52,352411;SPRF-PR;DEL09-PR;UOP03-DEL09-PR;;;
749326;31/12/2025;quarta-feira;23:00:00;RJ;101;435;MANGARATIBA;Aus�ncia de rea��o do condutor;Sa�da de leito carro��vel;Com V�timas Feridas;Plena Noite;Crescente;Garoa/Chuvisco;Simples;Curva;N�o;2;0;1;0;1;0;1;1;-22,93517086;-43,99874365;SPRF-RJ;DEL03-RJ;UOP02-DEL03-RJ;;;
749344;13/11/2025;quinta-feira;17:30:00;RJ;101;506;ANGRA DOS REIS;Acessar a via sem observar a presen�a dos outros ve�culos;Colis�o transversal;Com V�timas Feridas;Anoitecer;Crescente;C�u Claro;Simples;Reta;Sim;2;0;1;0;1;0;1;2;-23,010591;-44,208184;SPRF-RJ;DEL03-RJ;UOP03-DEL03-RJ;;;
749360;28/12/2025;domingo;04:03:00;RJ;101;409;ITAGUAI;Condutor deixou de manter dist�ncia do ve�culo da frente;Colis�o traseira;Com V�timas Feridas;Amanhecer;Crescente;C�u Claro;Dupla;Reta;N�o;3;0;2;0;0;1;2;2;-22,8589081;-43,7591294;SPRF-RJ;DEL03-RJ;UOP01-DEL03-RJ;;;
749417;07/12/2025;domingo;18:11:00;PE;104;76,7;CARUARU;Manobra de mudan�a de faixa;Colis�o frontal;Com V�timas Feridas;Plena Noite;Decrescente;C�u Claro;Simples;"Curva;Interse��o de Vias";N�o;6;0;6;0;0;0;6;2;-8,374212;-35,983883;SPRF-PE;DEL02-PE;UOP01-DEL02-PE;;;
749452;23/12/2025;ter�a-feira;06:50:00;RJ;101;222;SILVA JARDIM;Demais falhas mec�nicas ou el�tricas;Capotamento;Com V�timas Feridas;Amanhecer;Decrescente;C�u Claro;Dupla;Curva;N�o;3;0;3;0;0;0;3;1;-22,50653078;-42,29393005;SPRF-RJ;DEL02-RJ;UOP03-DEL02-RJ;;;
749539;13/12/2025;s�bado;19:05:00;TO;153;497;PARAISO DO TOCANTINS;Ultrapassagem Indevida;Colis�o lateral mesmo sentido;Com V�timas Feridas;Plena Noite;Decrescente;C�u Claro;Simples;"Reta;Declive";Sim;2;0;0;1;1;0;1;2;-10,178608;-48,880103;SPRF-TO;DEL01-TO;UOP01-DEL01-TO;;;
749557;28/12/2025;domingo;21:30:00;RJ;493;18,8;GUAPIMIRIM;Rea��o tardia ou ineficiente do condutor;Queda de ocupante de ve�culo;Com V�timas Feridas;Plena Noite;Decrescente;Nublado;Simples;Reta;Sim;3;0;2;0;1;0;2;2;-22,667426;-43,025716;SPRF-RJ;DEL04-RJ;UOP02-DEL04-RJ;;;
749589;06/12/2025;s�bado;09:00:00;RJ;116;175;SAO JOAO DE MERITI;Demais falhas mec�nicas ou el�tricas;Colis�o lateral mesmo sentido;Com V�timas Feridas;Pleno dia;Decrescente;C�u Claro;Dupla;Reta;N�o;4;0;2;0;2;0;2;2;-22,79581079;-43,36189834;SPRF-RJ;DEL06-RJ;UOP01-DEL06-RJ;;;
749662;12/12/2025;sexta-feira;19:30:00;PA;230;122;MARABA;Acessar a via sem observar a presen�a dos outros ve�culos;Colis�o transversal;Com V�timas Feridas;Pleno dia;Crescente;C�u Claro;Dupla;Reta;Sim;2;0;1;0;0;1;1;2;-5,37014238;-49,1312027;SPRF-PA;DEL03-PA;UOP01-DEL03-PA;;;
749893;17/12/2025;quarta-feira;13:23:00;PR;476;277,9;SAO MATEUS DO SUL;Acessar a via sem observar a presen�a dos outros ve�culos;Colis�o transversal;Com V�timas Feridas;Pleno dia;Crescente;C�u Claro;Simples;"Reta;Interse��o de Vias";N�o;2;0;1;0;1;0;1;2;-25,86869057;-50,39671449;SPRF-PR;DEL02-PR;UOP03-DEL02-PR;;;
749966;14/12/2025;domingo;00:40:00;GO;40;25;LUZIANIA;Pedestre andava na pista;Atropelamento de Pedestre;Com V�timas Fatais;Plena Noite;Crescente;Chuva;Dupla;Reta;N�o;2;1;0;0;1;0;0;2;-16,254007;-47,899264;SPRF-DF;DEL01-DF;UOP01-DEL01-DF;;;
749984;21/03/2025;sexta-feira;06:57:00;PI;343;305,9;ALTOS;Acessar a via sem observar a presen�a dos outros ve�culos;Colis�o transversal;Com V�timas Feridas;Pleno dia;Decrescente;Ignorado;Simples;Reta;N�o;2;0;0;1;1;0;1;2;-5,038498;-42,449939;SPRF-PI;DEL01-PI;UOP01-DEL01-PI;;;
750000;02/05/2025;sexta-feira;19:30:00;MG;40;272;SAO GONCALO DO ABAETE;Ingest�o de �lcool pelo condutor;Colis�o transversal;Sem V�timas;Plena Noite;Decrescente;C�u Claro;Simples;Reta;Sim;3;0;0;0;3;0;0;2;-18,1868874;-45,25570798;SPRF-MG;DEL14-MG;UOP02-DEL14-MG;;;
750035;02/11/2025;domingo;13:53:00;RO;364;692;CANDEIAS DO JAMARI;Acessar a via sem observar a presen�a dos outros ve�culos;Colis�o lateral mesmo sentido;Com V�timas Feridas;Pleno dia;Crescente;C�u Claro;Dupla;Reta;Sim;5;0;1;0;4;0;1;2;-8,797233;-63,69765;SPRF-RO;DEL01-RO;UOP01-DEL01-RO;;;
750039;26/12/2025;sexta-feira;23:45:00;GO;364;16;SAO SIMAO;Animais na Pista;Atropelamento de Animal;Com V�timas Feridas;Plena Noite;Decrescente;C�u Claro;Simples;Reta;N�o;1;0;1;0;0;0;1;1;-18,952928;-50,625744;SPRF-GO;DEL05-GO;UOP02-DEL05-GO;;;
750067;06/12/2025;s�bado;15:25:00;RJ;116;172;SAO JOAO DE MERITI;Rea��o tardia ou ineficiente do condutor;Engavetamento;Com V�timas Feridas;Pleno dia;Decrescente;C�u Claro;Dupla;Reta;N�o;2;0;1;0;1;0;1;2;-22,79944021;-43,35530933;SPRF-RJ;DEL06-RJ;UOP01-DEL06-RJ;;;
750127;19/09/2025;sexta-feira;23:38:00;PI;316;1;TERESINA;Acesso irregular;Colis�o transversal;Sem V�timas;Plena Noite;Crescente;C�u Claro;Simples;Reta;N�o;3;0;0;0;3;0;0;3;-5,125632;-42,800377;SPRF-PI;DEL01-PI;UOP02-DEL01-PI;;;
750154;31/12/2025;quarta-feira;07:20:00;SC;470;80,1;RODEIO;Velocidade Incompat�vel;Colis�o com objeto;Com V�timas Feridas;Pleno dia;Crescente;Nublado;Simples;"Curva;Ponte";N�o;2;0;0;2;0;0;2;1;-26,9482588;-49,31890368;SPRF-SC;DEL04-SC;UOP01-DEL04-SC;;;
750166;06/12/2025;s�bado;18:30:00;BA;101;610;MASCOTE;Pista Escorregadia;Colis�o frontal;Com V�timas Feridas;Anoitecer;Decrescente;Chuva;Simples;Curva;N�o;2;0;1;0;1;0;1;2;-15,58156506;-39,41491127;SPRF-BA;DEL05-BA;UOP02-DEL05-BA;;;
750200;30/10/2025;quinta-feira;14:14:00;PA;316;9;ANANINDEUA;Acessar a via sem observar a presen�a dos outros ve�culos;Colis�o transversal;Com V�timas Feridas;Pleno dia;Crescente;C�u Claro;Dupla;Reta;N�o;2;0;0;2;0;0;2;2;-1,366572;-48,370371;SPRF-PA;DEL01-PA;UOP01-DEL01-PA;;;
750220;26/12/2025;sexta-feira;15:00:00;SC;282;45;AGUAS MORNAS;Mal s�bito do condutor;Sa�da de leito carro��vel;Com V�timas Feridas;Pleno dia;Crescente;Garoa/Chuvisco;Simples;Curva;N�o;1;0;1;0;0;0;1;1;-27,70475528;-48,82304639;SPRF-SC;DEL01-SC;UOP03-DEL01-SC;;;
750347;10/11/2025;segunda-feira;01:00:00;PR;277;1,9;PARANAGUA;Acessar a via sem observar a presen�a dos outros ve�culos;Colis�o transversal;Com V�timas Feridas;Plena Noite;Crescente;C�u Claro;Simples;Reta;Sim;3;0;0;1;2;0;1;3;-25,50815784;-48,52830347;SPRF-PR;DEL01-PR;UOP05-DEL01-PR;;;
750377;28/12/2025;domingo;17:23:00;PR;116;44,4;CAMPINA GRANDE DO SUL;Chuva;Colis�o com objeto;Com V�timas Feridas;Pleno dia;Crescente;Chuva;Dupla;Curva;N�o;3;0;1;0;2;0;1;2;-25,193571;-48,88873;SPRF-PR;DEL01-PR;UOP02-DEL01-PR;;;
750387;30/12/2025;ter�a-feira;00:20:00;RJ;101;411;MANGARATIBA;Ingest�o de �lcool pelo condutor;Colis�o traseira;Sem V�timas;Plena Noite;Decrescente;C�u Claro;Dupla;Reta;Sim;2;0;0;0;2;0;0;2;-22,90738178;-43,88978006;SPRF-RJ;DEL03-RJ;UOP01-DEL03-RJ;;;
750410;14/12/2025;domingo;13:50:00;PA;10;352;SANTA MARIA DO PARA;Ingest�o de �lcool pelo condutor;Colis�o com objeto;Com V�timas Feridas;Pleno dia;Decrescente;C�u Claro;Simples;Reta;Sim;1;0;0;1;0;0;1;1;-1,349963;-47,576638;SPRF-PA;DEL01-PA;UOP02-DEL01-PA;;;
750422;11/11/2025;ter�a-feira;07:50:00;RJ;101;487;ANGRA DOS REIS;Acessar a via sem observar a presen�a dos outros ve�culos;Tombamento;Com V�timas Feridas;Pleno dia;Decrescente;Ignorado;Simples;Reta;N�o;1;0;1;0;0;0;1;1;-22,9713422;-44,29798476;SPRF-RJ;DEL03-RJ;UOP03-DEL03-RJ;;;
750457;09/12/2025;ter�a-feira;07:25:00;MG;364;28,5;FRUTAL;Aus�ncia de rea��o do condutor;Tombamento;Com V�timas Feridas;Pleno dia;Crescente;Ignorado;Simples;Reta;N�o;1;0;1;0;0;0;1;1;-20,021094;-48,9008;SPRF-MG;DEL13-MG;UOP02-DEL13-MG;;;
750492;07/08/2025;quinta-feira;07:15:00;MS;163;6;MUNDO NOVO;Frear bruscamente;Colis�o traseira;Sem V�timas;Pleno dia;Crescente;C�u Claro;Simples;"Reta;Aclive";N�o;3;0;0;0;1;2;0;3;-24,00597781;-54,31223122;SPRF-MS;DEL09-MS;UOP02-DEL09-MS;;;
750722;20/12/2025;s�bado;15:26:00;SC;101;210,6;SAO JOSE;Ingest�o de �lcool pelo condutor;Colis�o traseira;Com V�timas Feridas;Pleno dia;Decrescente;C�u Claro;M�ltipla;Reta;N�o;2;0;1;0;1;0;1;2;-27,621929;-48,650638;SPRF-SC;DEL01-SC;UOP01-DEL01-SC;;;
750881;24/11/2025;segunda-feira;20:19:00;PR;469;18;FOZ DO IGUACU;Aus�ncia de rea��o do condutor;Tombamento;Com V�timas Feridas;Anoitecer;Decrescente;Ignorado;Simples;Em Obras;N�o;1;0;1;0;0;0;1;1;-25,57705941;-54,54457868;SPRF-PR;DEL05-PR;UOP04-DEL05-PR;;;
751045;23/12/2025;ter�a-feira;08:10:00;AM;174;1004;PRESIDENTE FIGUEIREDO;Ultrapassagem Indevida;Colis�o lateral sentido oposto;Com V�timas Feridas;Pleno dia;Decrescente;C�u Claro;Simples;"Reta;Declive";N�o;4;0;2;0;2;0;2;3;-1,932239;-60,04937;SPRF-AM;DEL01-AM;UOP02-DEL01-AM;;;
751050;21/12/2025;domingo;16:30:00;AM;174;970;MANAUS;Rea��o tardia ou ineficiente do condutor;Colis�o traseira;Com V�timas Fatais;Pleno dia;Decrescente;C�u Claro;Simples;Reta;N�o;4;1;0;0;3;0;0;2;-2,230458;-60,02501;SPRF-AM;DEL01-AM;UOP02-DEL01-AM;;;
751124;07/12/2025;domingo;18:45:00;RS;293;122;PINHEIRO MACHADO;Rea��o tardia ou ineficiente do condutor;Colis�o frontal;Com V�timas Fatais;Pleno dia;Crescente;C�u Claro;Dupla;Declive;N�o;3;1;0;2;0;0;2;2;-31,565475;-53,3931024;SPRF-RS;DEL11-RS;UOP03-DEL11-RS;;;
751141;02/05/2025;sexta-feira;14:35:00;BA;324;518;FEIRA DE SANTANA;Acessar a via sem observar a presen�a dos outros ve�culos;Colis�o lateral sentido oposto;Com V�timas Feridas;Pleno dia;Decrescente;Nublado;Simples;Reta;Sim;2;0;1;0;1;0;1;2;-12,1975697;-38,9304831;SPRF-BA;DEL02-BA;UOP01-DEL02-BA;;;
751167;24/12/2025;quarta-feira;06:50:00;CE;304;98,2;ARACATI;Condutor Dormindo;Colis�o frontal;Com V�timas Feridas;Pleno dia;Decrescente;C�u Claro;Simples;Reta;Sim;6;0;4;0;2;0;4;3;-4,85753387;-37,46169901;SPRF-CE;DEL03-CE;UOP02-DEL03-CE;;;
751172;28/07/2025;segunda-feira;13:40:00;BA;420;275;UBAIRA;Aus�ncia de rea��o do condutor;Colis�o frontal;Com V�timas Fatais;Pleno dia;Decrescente;C�u Claro;Simples;Curva;N�o;3;1;0;1;1;0;1;2;-13,27006;-39,626247;SPRF-BA;DEL01-BA;UOP02-DEL01-BA;;;
751235;27/12/2025;s�bado;17:00:00;RJ;101;392;RIO DE JANEIRO;Manobra de mudan�a de faixa;Colis�o traseira;Com V�timas Feridas;Pleno dia;Decrescente;Sol;Dupla;Reta;N�o;4;0;2;0;1;1;2;3;-22,88846785;-43,7060903;SPRF-RJ;DEL03-RJ;UOP01-DEL03-RJ;;;
751249;29/08/2025;sexta-feira;12:55:00;RJ;101;224;SILVA JARDIM;Aus�ncia de rea��o do condutor;Tombamento;Com V�timas Feridas;Pleno dia;Decrescente;Nublado;Dupla;Reta;N�o;1;0;1;0;0;0;1;1;-22,53301104;-42,34321;SPRF-RJ;DEL02-RJ;UOP03-DEL02-RJ;;;
751355;16/12/2025;ter�a-feira;14:00:00;PR;116;120;CURITIBA;Aus�ncia de rea��o do condutor;Colis�o traseira;Sem V�timas;Pleno dia;Decrescente;C�u Claro;Dupla;"Declive;Reta";Sim;2;0;0;0;2;0;0;2;-25,584292;-49,3143679;SPRF-PR;DEL01-PR;UOP03-DEL01-PR;;;
751356;02/11/2025;domingo;10:25:00;SP;153;48,8;SAO JOSE DO RIO PRETO;Ultrapassagem Indevida;Colis�o frontal;Com V�timas Feridas;Pleno dia;Crescente;Sol;Simples;Aclive;N�o;4;0;0;1;1;2;1;3;-20,69650905;-49,3397069;SPRF-SP;DEL09-SP;UOP01-DEL09-SP;;;
751419;22/12/2025;segunda-feira;17:02:00;PR;277;2;FOZ DO IGUACU;Aus�ncia de rea��o do condutor;Colis�o lateral sentido oposto;Com V�timas Feridas;Pleno dia;Decrescente;C�u Claro;Simples;Reta;Sim;2;0;0;1;0;1;1;2;-25,53013985;-54,52866697;SPRF-PR;DEL05-PR;UOP04-DEL05-PR;;;
751535;22/12/2025;segunda-feira;15:45:00;RJ;116;177,7;NOVA IGUACU;Trafegar com motocicleta (ou similar) entre as faixas;Colis�o lateral mesmo sentido;Sem V�timas;Pleno dia;Crescente;Ignorado;Dupla;Reta;Sim;1;0;0;0;1;0;0;1;-22,75275466;-43,4413147;SPRF-RJ;DEL06-RJ;UOP01-DEL06-RJ;;;
751542;01/12/2025;segunda-feira;08:57:00;DF;60;26;BRASILIA;Manobra de mudan�a de faixa;Colis�o traseira;Com V�timas Feridas;Pleno dia;Decrescente;C�u Claro;Dupla;"Aclive;Curva";N�o;2;0;1;0;0;1;1;2;-15,99862756;-48,24263871;SPRF-DF;DEL03-DF;UOP01-DEL03-DF;;;